variables=E1,E2,W12
zone i= 101 j= 101
  0.00000000E+00  0.00000000E+00  0.00000000E+00
  0.00000000E+00  0.20000000E-01  0.88808322E-03
  0.00000000E+00  0.39999999E-01  0.16684356E-02
  0.00000000E+00  0.59999999E-01  0.23443840E-02
  0.00000000E+00  0.79999998E-01  0.29197572E-02
  0.00000000E+00  0.99999998E-01  0.33988718E-02
  0.00000000E+00  0.12000000E+00  0.37865197E-02
  0.00000000E+00  0.14000000E+00  0.40879574E-02
  0.00000000E+00  0.16000000E+00  0.43089010E-02
  0.00000000E+00  0.18000000E+00  0.44555279E-02
  0.00000000E+00  0.20000000E+00  0.45344894E-02
  0.00000000E+00  0.22000000E+00  0.45529380E-02
  0.00000000E+00  0.23999999E+00  0.45185750E-02
  0.00000000E+00  0.25999999E+00  0.44397292E-02
  0.00000000E+00  0.27999999E+00  0.43254784E-02
  0.00000000E+00  0.29999999E+00  0.41858412E-02
  0.00000000E+00  0.31999999E+00  0.40320820E-02
  0.00000000E+00  0.33999999E+00  0.38772228E-02
  0.00000000E+00  0.35999999E+00  0.37369680E-02
  0.00000000E+00  0.37999999E+00  0.36316134E-02
  0.00000000E+00  0.39999999E+00  0.35910167E-02
  0.00000000E+00  0.41999999E+00  0.36787333E-02
  0.00000000E+00  0.43999999E+00  0.39753376E-02
  0.00000000E+00  0.45999999E+00  0.42819815E-02
  0.00000000E+00  0.47999999E+00  0.45940041E-02
  0.00000000E+00  0.49999999E+00  0.49107514E-02
  0.00000000E+00  0.51999999E+00  0.52315810E-02
  0.00000000E+00  0.53999999E+00  0.55558634E-02
  0.00000000E+00  0.55999999E+00  0.58829826E-02
  0.00000000E+00  0.57999999E+00  0.62123378E-02
  0.00000000E+00  0.59999999E+00  0.65433436E-02
  0.00000000E+00  0.61999999E+00  0.68754315E-02
  0.00000000E+00  0.63999999E+00  0.72080507E-02
  0.00000000E+00  0.65999999E+00  0.75406688E-02
  0.00000000E+00  0.67999998E+00  0.78727732E-02
  0.00000000E+00  0.69999998E+00  0.82038711E-02
  0.00000000E+00  0.71999998E+00  0.85334911E-02
  0.00000000E+00  0.73999998E+00  0.88611831E-02
  0.00000000E+00  0.75999998E+00  0.91865197E-02
  0.00000000E+00  0.77999998E+00  0.95090961E-02
  0.00000000E+00  0.79999998E+00  0.98285310E-02
  0.00000000E+00  0.81999998E+00  0.10144467E-01
  0.00000000E+00  0.83999998E+00  0.10456570E-01
  0.00000000E+00  0.85999998E+00  0.10764532E-01
  0.00000000E+00  0.87999998E+00  0.11068068E-01
  0.00000000E+00  0.89999998E+00  0.11366918E-01
  0.00000000E+00  0.91999998E+00  0.11660847E-01
  0.00000000E+00  0.93999998E+00  0.11949646E-01
  0.00000000E+00  0.95999998E+00  0.12233128E-01
  0.00000000E+00  0.97999998E+00  0.12511133E-01
  0.00000000E+00  0.99999998E+00  0.12783523E-01
  0.00000000E+00  0.10200000E+01  0.13050186E-01
  0.00000000E+00  0.10400000E+01  0.13311032E-01
  0.00000000E+00  0.10600000E+01  0.13565996E-01
  0.00000000E+00  0.10800000E+01  0.13815034E-01
  0.00000000E+00  0.11000000E+01  0.14058126E-01
  0.00000000E+00  0.11200000E+01  0.14295271E-01
  0.00000000E+00  0.11400000E+01  0.14526493E-01
  0.00000000E+00  0.11600000E+01  0.14751834E-01
  0.00000000E+00  0.11800000E+01  0.14971357E-01
  0.00000000E+00  0.12000000E+01  0.15185144E-01
  0.00000000E+00  0.12200000E+01  0.15393296E-01
  0.00000000E+00  0.12400000E+01  0.15595934E-01
  0.00000000E+00  0.12600000E+01  0.15793193E-01
  0.00000000E+00  0.12800000E+01  0.15985228E-01
  0.00000000E+00  0.13000000E+01  0.16172209E-01
  0.00000000E+00  0.13200000E+01  0.16354321E-01
  0.00000000E+00  0.13400000E+01  0.16531766E-01
  0.00000000E+00  0.13600000E+01  0.16704758E-01
  0.00000000E+00  0.13800000E+01  0.16873527E-01
  0.00000000E+00  0.14000000E+01  0.17038314E-01
  0.00000000E+00  0.14200000E+01  0.17199375E-01
  0.00000000E+00  0.14400000E+01  0.17356976E-01
  0.00000000E+00  0.14600000E+01  0.17511396E-01
  0.00000000E+00  0.14800000E+01  0.17662923E-01
  0.00000000E+00  0.15000000E+01  0.17811858E-01
  0.00000000E+00  0.15200000E+01  0.17958509E-01
  0.00000000E+00  0.15400000E+01  0.18103195E-01
  0.00000000E+00  0.15600000E+01  0.18246244E-01
  0.00000000E+00  0.15800000E+01  0.18387992E-01
  0.00000000E+00  0.16000000E+01  0.18528781E-01
  0.00000000E+00  0.16200000E+01  0.18668964E-01
  0.00000000E+00  0.16400000E+01  0.18808896E-01
  0.00000000E+00  0.16600000E+01  0.18948942E-01
  0.00000000E+00  0.16800000E+01  0.19089471E-01
  0.00000000E+00  0.17000000E+01  0.19230856E-01
  0.00000000E+00  0.17200000E+01  0.19373476E-01
  0.00000000E+00  0.17400000E+01  0.19517712E-01
  0.00000000E+00  0.17600000E+01  0.19663948E-01
  0.00000000E+00  0.17800000E+01  0.19812573E-01
  0.00000000E+00  0.18000000E+01  0.19963973E-01
  0.00000000E+00  0.18200000E+01  0.20118537E-01
  0.00000000E+00  0.18400000E+01  0.20276652E-01
  0.00000000E+00  0.18600000E+01  0.20438704E-01
  0.00000000E+00  0.18800000E+01  0.20605075E-01
  0.00000000E+00  0.19000000E+01  0.20776145E-01
  0.00000000E+00  0.19200000E+01  0.20952286E-01
  0.00000000E+00  0.19400000E+01  0.21133862E-01
  0.00000000E+00  0.19600000E+01  0.21321231E-01
  0.00000000E+00  0.19800000E+01  0.21514737E-01
  0.00000000E+00  0.20000000E+01  0.21714711E-01
  0.20000000E-01  0.00000000E+00  0.74016271E-05
  0.20000000E-01  0.20000000E-01  0.83110946E-03
  0.20000000E-01  0.39999999E-01  0.15572275E-02
  0.20000000E-01  0.59999999E-01  0.21890450E-02
  0.20000000E-01  0.79999998E-01  0.27302703E-02
  0.20000000E-01  0.99999998E-01  0.31850258E-02
  0.20000000E-01  0.12000000E+00  0.35578465E-02
  0.20000000E-01  0.14000000E+00  0.38536828E-02
  0.20000000E-01  0.16000000E+00  0.40779100E-02
  0.20000000E-01  0.18000000E+00  0.42363471E-02
  0.20000000E-01  0.20000000E+00  0.43352883E-02
  0.20000000E-01  0.22000000E+00  0.43815532E-02
  0.20000000E-01  0.23999999E+00  0.43825631E-02
  0.20000000E-01  0.25999999E+00  0.43464564E-02
  0.20000000E-01  0.27999999E+00  0.42822659E-02
  0.20000000E-01  0.29999999E+00  0.42001985E-02
  0.20000000E-01  0.31999999E+00  0.41120996E-02
  0.20000000E-01  0.33999999E+00  0.40322906E-02
  0.20000000E-01  0.35999999E+00  0.39792883E-02
  0.20000000E-01  0.37999999E+00  0.39802694E-02
  0.20000000E-01  0.39999999E+00  0.40926018E-02
  0.20000000E-01  0.41999999E+00  0.43901441E-02
  0.20000000E-01  0.43999999E+00  0.46959512E-02
  0.20000000E-01  0.45999999E+00  0.50057204E-02
  0.20000000E-01  0.47999999E+00  0.53188932E-02
  0.20000000E-01  0.49999999E+00  0.56349262E-02
  0.20000000E-01  0.51999999E+00  0.59532910E-02
  0.20000000E-01  0.53999999E+00  0.62734753E-02
  0.20000000E-01  0.55999999E+00  0.65949829E-02
  0.20000000E-01  0.57999999E+00  0.69173346E-02
  0.20000000E-01  0.59999999E+00  0.72400686E-02
  0.20000000E-01  0.61999999E+00  0.75627407E-02
  0.20000000E-01  0.63999999E+00  0.78849249E-02
  0.20000000E-01  0.65999999E+00  0.82062138E-02
  0.20000000E-01  0.67999998E+00  0.85262190E-02
  0.20000000E-01  0.69999998E+00  0.88445713E-02
  0.20000000E-01  0.71999998E+00  0.91609208E-02
  0.20000000E-01  0.73999998E+00  0.94749374E-02
  0.20000000E-01  0.75999998E+00  0.97863110E-02
  0.20000000E-01  0.77999998E+00  0.10094751E-01
  0.20000000E-01  0.79999998E+00  0.10399988E-01
  0.20000000E-01  0.81999998E+00  0.10701770E-01
  0.20000000E-01  0.83999998E+00  0.10999868E-01
  0.20000000E-01  0.85999998E+00  0.11294072E-01
  0.20000000E-01  0.87999998E+00  0.11584188E-01
  0.20000000E-01  0.89999998E+00  0.11870047E-01
  0.20000000E-01  0.91999998E+00  0.12151494E-01
  0.20000000E-01  0.93999998E+00  0.12428395E-01
  0.20000000E-01  0.95999998E+00  0.12700632E-01
  0.20000000E-01  0.97999998E+00  0.12968107E-01
  0.20000000E-01  0.99999998E+00  0.13230736E-01
  0.20000000E-01  0.10200000E+01  0.13488450E-01
  0.20000000E-01  0.10400000E+01  0.13741198E-01
  0.20000000E-01  0.10600000E+01  0.13988938E-01
  0.20000000E-01  0.10800000E+01  0.14231645E-01
  0.20000000E-01  0.11000000E+01  0.14469301E-01
  0.20000000E-01  0.11200000E+01  0.14701899E-01
  0.20000000E-01  0.11400000E+01  0.14929439E-01
  0.20000000E-01  0.11600000E+01  0.15151927E-01
  0.20000000E-01  0.11800000E+01  0.15369373E-01
  0.20000000E-01  0.12000000E+01  0.15581784E-01
  0.20000000E-01  0.12200000E+01  0.15789167E-01
  0.20000000E-01  0.12400000E+01  0.15991523E-01
  0.20000000E-01  0.12600000E+01  0.16188841E-01
  0.20000000E-01  0.12800000E+01  0.16381093E-01
  0.20000000E-01  0.13000000E+01  0.16568230E-01
  0.20000000E-01  0.13200000E+01  0.16750172E-01
  0.20000000E-01  0.13400000E+01  0.16926801E-01
  0.20000000E-01  0.13600000E+01  0.17097944E-01
  0.20000000E-01  0.13800000E+01  0.17263360E-01
  0.20000000E-01  0.14000000E+01  0.17422716E-01
  0.20000000E-01  0.14200000E+01  0.17575558E-01
  0.20000000E-01  0.14400000E+01  0.17721268E-01
  0.20000000E-01  0.14600000E+01  0.17858996E-01
  0.20000000E-01  0.14800000E+01  0.17987561E-01
  0.20000000E-01  0.15000000E+01  0.18105283E-01
  0.20000000E-01  0.15200000E+01  0.18209675E-01
  0.20000000E-01  0.15400000E+01  0.18296839E-01
  0.20000000E-01  0.15600000E+01  0.18360044E-01
  0.20000000E-01  0.15800000E+01  0.18385502E-01
  0.20000000E-01  0.16000000E+01  0.18331572E-01
  0.20000000E-01  0.16200000E+01  0.18112586E-01
  0.20000000E-01  0.16400000E+01  0.18264849E-01
  0.20000000E-01  0.16600000E+01  0.18416847E-01
  0.20000000E-01  0.16800000E+01  0.18568896E-01
  0.20000000E-01  0.17000000E+01  0.18721316E-01
  0.20000000E-01  0.17200000E+01  0.18874431E-01
  0.20000000E-01  0.17400000E+01  0.19028571E-01
  0.20000000E-01  0.17600000E+01  0.19184067E-01
  0.20000000E-01  0.17800000E+01  0.19341253E-01
  0.20000000E-01  0.18000000E+01  0.19500466E-01
  0.20000000E-01  0.18200000E+01  0.19662042E-01
  0.20000000E-01  0.18400000E+01  0.19826317E-01
  0.20000000E-01  0.18600000E+01  0.19993627E-01
  0.20000000E-01  0.18800000E+01  0.20164304E-01
  0.20000000E-01  0.19000000E+01  0.20338677E-01
  0.20000000E-01  0.19200000E+01  0.20517070E-01
  0.20000000E-01  0.19400000E+01  0.20699800E-01
  0.20000000E-01  0.19600000E+01  0.20887175E-01
  0.20000000E-01  0.19800000E+01  0.21079493E-01
  0.20000000E-01  0.20000000E+01  0.21277041E-01
  0.39999999E-01  0.00000000E+00  0.29423142E-04
  0.39999999E-01  0.20000000E-01  0.79407002E-03
  0.39999999E-01  0.39999999E-01  0.14708961E-02
  0.39999999E-01  0.59999999E-01  0.20630827E-02
  0.39999999E-01  0.79999998E-01  0.25741656E-02
  0.39999999E-01  0.99999998E-01  0.30080395E-02
  0.39999999E-01  0.12000000E+00  0.33689672E-02
  0.39999999E-01  0.14000000E+00  0.36615951E-02
  0.39999999E-01  0.16000000E+00  0.38909766E-02
  0.39999999E-01  0.18000000E+00  0.40626066E-02
  0.39999999E-01  0.20000000E+00  0.41824732E-02
  0.39999999E-01  0.22000000E+00  0.42571309E-02
  0.39999999E-01  0.23999999E+00  0.42938105E-02
  0.39999999E-01  0.25999999E+00  0.43005825E-02
  0.39999999E-01  0.27999999E+00  0.42866118E-02
  0.39999999E-01  0.29999999E+00  0.42625772E-02
  0.39999999E-01  0.31999999E+00  0.42414230E-02
  0.39999999E-01  0.33999999E+00  0.42398930E-02
  0.39999999E-01  0.35999999E+00  0.42824892E-02
  0.39999999E-01  0.37999999E+00  0.44202309E-02
  0.39999999E-01  0.39999999E+00  0.47217876E-02
  0.39999999E-01  0.41999999E+00  0.50304243E-02
  0.39999999E-01  0.43999999E+00  0.53417445E-02
  0.39999999E-01  0.45999999E+00  0.56552653E-02
  0.39999999E-01  0.47999999E+00  0.59705220E-02
  0.39999999E-01  0.49999999E+00  0.62870675E-02
  0.39999999E-01  0.51999999E+00  0.66044725E-02
  0.39999999E-01  0.53999999E+00  0.69223261E-02
  0.39999999E-01  0.55999999E+00  0.72402354E-02
  0.39999999E-01  0.57999999E+00  0.75578255E-02
  0.39999999E-01  0.59999999E+00  0.78747401E-02
  0.39999999E-01  0.61999999E+00  0.81906408E-02
  0.39999999E-01  0.63999999E+00  0.85052074E-02
  0.39999999E-01  0.65999999E+00  0.88181379E-02
  0.39999999E-01  0.67999998E+00  0.91291480E-02
  0.39999999E-01  0.69999998E+00  0.94379715E-02
  0.39999999E-01  0.71999998E+00  0.97443596E-02
  0.39999999E-01  0.73999998E+00  0.10048081E-01
  0.39999999E-01  0.75999998E+00  0.10348922E-01
  0.39999999E-01  0.77999998E+00  0.10646685E-01
  0.39999999E-01  0.79999998E+00  0.10941189E-01
  0.39999999E-01  0.81999998E+00  0.11232269E-01
  0.39999999E-01  0.83999998E+00  0.11519776E-01
  0.39999999E-01  0.85999998E+00  0.11803576E-01
  0.39999999E-01  0.87999998E+00  0.12083550E-01
  0.39999999E-01  0.89999998E+00  0.12359590E-01
  0.39999999E-01  0.91999998E+00  0.12631604E-01
  0.39999999E-01  0.93999998E+00  0.12899511E-01
  0.39999999E-01  0.95999998E+00  0.13163240E-01
  0.39999999E-01  0.97999998E+00  0.13422732E-01
  0.39999999E-01  0.99999998E+00  0.13677933E-01
  0.39999999E-01  0.10200000E+01  0.13928799E-01
  0.39999999E-01  0.10400000E+01  0.14175292E-01
  0.39999999E-01  0.10600000E+01  0.14417374E-01
  0.39999999E-01  0.10800000E+01  0.14655011E-01
  0.39999999E-01  0.11000000E+01  0.14888168E-01
  0.39999999E-01  0.11200000E+01  0.15116804E-01
  0.39999999E-01  0.11400000E+01  0.15340872E-01
  0.39999999E-01  0.11600000E+01  0.15560314E-01
  0.39999999E-01  0.11800000E+01  0.15775056E-01
  0.39999999E-01  0.12000000E+01  0.15985002E-01
  0.39999999E-01  0.12200000E+01  0.16190030E-01
  0.39999999E-01  0.12400000E+01  0.16389982E-01
  0.39999999E-01  0.12600000E+01  0.16584658E-01
  0.39999999E-01  0.12800000E+01  0.16773800E-01
  0.39999999E-01  0.13000000E+01  0.16957081E-01
  0.39999999E-01  0.13200000E+01  0.17134089E-01
  0.39999999E-01  0.13400000E+01  0.17304298E-01
  0.39999999E-01  0.13600000E+01  0.17467044E-01
  0.39999999E-01  0.13800000E+01  0.17621481E-01
  0.39999999E-01  0.14000000E+01  0.17766522E-01
  0.39999999E-01  0.14200000E+01  0.17900762E-01
  0.39999999E-01  0.14400000E+01  0.18022356E-01
  0.39999999E-01  0.14600000E+01  0.18128822E-01
  0.39999999E-01  0.14800000E+01  0.18216729E-01
  0.39999999E-01  0.15000000E+01  0.18281121E-01
  0.39999999E-01  0.15200000E+01  0.18314364E-01
  0.39999999E-01  0.15400000E+01  0.18303462E-01
  0.39999999E-01  0.15600000E+01  0.18222051E-01
  0.39999999E-01  0.15800000E+01  0.17990957E-01
  0.39999999E-01  0.16000000E+01  0.17447823E-01
  0.39999999E-01  0.16200000E+01  0.17610278E-01
  0.39999999E-01  0.16400000E+01  0.17771964E-01
  0.39999999E-01  0.16600000E+01  0.17933144E-01
  0.39999999E-01  0.16800000E+01  0.18094085E-01
  0.39999999E-01  0.17000000E+01  0.18255064E-01
  0.39999999E-01  0.17200000E+01  0.18416357E-01
  0.39999999E-01  0.17400000E+01  0.18578248E-01
  0.39999999E-01  0.17600000E+01  0.18741022E-01
  0.39999999E-01  0.17800000E+01  0.18904967E-01
  0.39999999E-01  0.18000000E+01  0.19070374E-01
  0.39999999E-01  0.18200000E+01  0.19237533E-01
  0.39999999E-01  0.18400000E+01  0.19406734E-01
  0.39999999E-01  0.18600000E+01  0.19578267E-01
  0.39999999E-01  0.18800000E+01  0.19752418E-01
  0.39999999E-01  0.19000000E+01  0.19929470E-01
  0.39999999E-01  0.19200000E+01  0.20109702E-01
  0.39999999E-01  0.19400000E+01  0.20293385E-01
  0.39999999E-01  0.19600000E+01  0.20480783E-01
  0.39999999E-01  0.19800000E+01  0.20672150E-01
  0.39999999E-01  0.20000000E+01  0.20867729E-01
  0.59999999E-01  0.00000000E+00  0.66019268E-04
  0.59999999E-01  0.20000000E-01  0.77675398E-03
  0.59999999E-01  0.39999999E-01  0.14090084E-02
  0.59999999E-01  0.59999999E-01  0.19658052E-02
  0.59999999E-01  0.79999998E-01  0.24504735E-02
  0.59999999E-01  0.99999998E-01  0.28666623E-02
  0.59999999E-01  0.12000000E+00  0.32183604E-02
  0.59999999E-01  0.14000000E+00  0.35099222E-02
  0.59999999E-01  0.16000000E+00  0.37461052E-02
  0.59999999E-01  0.18000000E+00  0.39321204E-02
  0.59999999E-01  0.20000000E+00  0.40737040E-02
  0.59999999E-01  0.22000000E+00  0.41772192E-02
  0.59999999E-01  0.23999999E+00  0.42498065E-02
  0.59999999E-01  0.25999999E+00  0.42996143E-02
  0.59999999E-01  0.27999999E+00  0.43361741E-02
  0.59999999E-01  0.29999999E+00  0.43710672E-02
  0.59999999E-01  0.31999999E+00  0.44192748E-02
  0.59999999E-01  0.33999999E+00  0.45026217E-02
  0.59999999E-01  0.35999999E+00  0.46655001E-02
  0.59999999E-01  0.37999999E+00  0.49733651E-02
  0.59999999E-01  0.39999999E+00  0.52878614E-02
  0.59999999E-01  0.41999999E+00  0.56039109E-02
  0.59999999E-01  0.43999999E+00  0.59210892E-02
  0.59999999E-01  0.45999999E+00  0.62389921E-02
  0.59999999E-01  0.47999999E+00  0.65572357E-02
  0.59999999E-01  0.49999999E+00  0.68754562E-02
  0.59999999E-01  0.51999999E+00  0.71933094E-02
  0.59999999E-01  0.53999999E+00  0.75104708E-02
  0.59999999E-01  0.55999999E+00  0.78266351E-02
  0.59999999E-01  0.57999999E+00  0.81415159E-02
  0.59999999E-01  0.59999999E+00  0.84548452E-02
  0.59999999E-01  0.61999999E+00  0.87663731E-02
  0.59999999E-01  0.63999999E+00  0.90758675E-02
  0.59999999E-01  0.65999999E+00  0.93831133E-02
  0.59999999E-01  0.67999998E+00  0.96879118E-02
  0.59999999E-01  0.69999998E+00  0.99900807E-02
  0.59999999E-01  0.71999998E+00  0.10289453E-01
  0.59999999E-01  0.73999998E+00  0.10585877E-01
  0.59999999E-01  0.75999998E+00  0.10879214E-01
  0.59999999E-01  0.77999998E+00  0.11169340E-01
  0.59999999E-01  0.79999998E+00  0.11456144E-01
  0.59999999E-01  0.81999998E+00  0.11739526E-01
  0.59999999E-01  0.83999998E+00  0.12019397E-01
  0.59999999E-01  0.85999998E+00  0.12295680E-01
  0.59999999E-01  0.87999998E+00  0.12568304E-01
  0.59999999E-01  0.89999998E+00  0.12837211E-01
  0.59999999E-01  0.91999998E+00  0.13102345E-01
  0.59999999E-01  0.93999998E+00  0.13363658E-01
  0.59999999E-01  0.95999998E+00  0.13621105E-01
  0.59999999E-01  0.97999998E+00  0.13874645E-01
  0.59999999E-01  0.99999998E+00  0.14124236E-01
  0.59999999E-01  0.10200000E+01  0.14369834E-01
  0.59999999E-01  0.10400000E+01  0.14611392E-01
  0.59999999E-01  0.10600000E+01  0.14848855E-01
  0.59999999E-01  0.10800000E+01  0.15082158E-01
  0.59999999E-01  0.11000000E+01  0.15311221E-01
  0.59999999E-01  0.11200000E+01  0.15535948E-01
  0.59999999E-01  0.11400000E+01  0.15756217E-01
  0.59999999E-01  0.11600000E+01  0.15971877E-01
  0.59999999E-01  0.11800000E+01  0.16182742E-01
  0.59999999E-01  0.12000000E+01  0.16388577E-01
  0.59999999E-01  0.12200000E+01  0.16589095E-01
  0.59999999E-01  0.12400000E+01  0.16783938E-01
  0.59999999E-01  0.12600000E+01  0.16972667E-01
  0.59999999E-01  0.12800000E+01  0.17154736E-01
  0.59999999E-01  0.13000000E+01  0.17329474E-01
  0.59999999E-01  0.13200000E+01  0.17496048E-01
  0.59999999E-01  0.13400000E+01  0.17653422E-01
  0.59999999E-01  0.13600000E+01  0.17800300E-01
  0.59999999E-01  0.13800000E+01  0.17935047E-01
  0.59999999E-01  0.14000000E+01  0.18055571E-01
  0.59999999E-01  0.14200000E+01  0.18159156E-01
  0.59999999E-01  0.14400000E+01  0.18242187E-01
  0.59999999E-01  0.14600000E+01  0.18299702E-01
  0.59999999E-01  0.14800000E+01  0.18324577E-01
  0.59999999E-01  0.15000000E+01  0.18305896E-01
  0.59999999E-01  0.15200000E+01  0.18225133E-01
  0.59999999E-01  0.15400000E+01  0.18044779E-01
  0.59999999E-01  0.15600000E+01  0.17652242E-01
  0.59999999E-01  0.15800000E+01  0.16817068E-01
  0.59999999E-01  0.16000000E+01  0.16987758E-01
  0.59999999E-01  0.16200000E+01  0.17157376E-01
  0.59999999E-01  0.16400000E+01  0.17326139E-01
  0.59999999E-01  0.16600000E+01  0.17494271E-01
  0.59999999E-01  0.16800000E+01  0.17662003E-01
  0.59999999E-01  0.17000000E+01  0.17829568E-01
  0.59999999E-01  0.17200000E+01  0.17997206E-01
  0.59999999E-01  0.17400000E+01  0.18165158E-01
  0.59999999E-01  0.17600000E+01  0.18333671E-01
  0.59999999E-01  0.17800000E+01  0.18502991E-01
  0.59999999E-01  0.18000000E+01  0.18673367E-01
  0.59999999E-01  0.18200000E+01  0.18845048E-01
  0.59999999E-01  0.18400000E+01  0.19018282E-01
  0.59999999E-01  0.18600000E+01  0.19193318E-01
  0.59999999E-01  0.18800000E+01  0.19370399E-01
  0.59999999E-01  0.19000000E+01  0.19549766E-01
  0.59999999E-01  0.19200000E+01  0.19731655E-01
  0.59999999E-01  0.19400000E+01  0.19916296E-01
  0.59999999E-01  0.19600000E+01  0.20103908E-01
  0.59999999E-01  0.19800000E+01  0.20294705E-01
  0.59999999E-01  0.20000000E+01  0.20488886E-01
  0.79999998E-01  0.00000000E+00  0.11740463E-03
  0.79999998E-01  0.20000000E-01  0.77913841E-03
  0.79999998E-01  0.39999999E-01  0.13712622E-02
  0.79999998E-01  0.59999999E-01  0.18966068E-02
  0.79999998E-01  0.79999998E-01  0.23582756E-02
  0.79999998E-01  0.99999998E-01  0.27596668E-02
  0.79999998E-01  0.12000000E+00  0.31045018E-02
  0.79999998E-01  0.14000000E+00  0.33968621E-02
  0.79999998E-01  0.16000000E+00  0.36412398E-02
  0.79999998E-01  0.18000000E+00  0.38426045E-02
  0.79999998E-01  0.20000000E+00  0.40064980E-02
  0.79999998E-01  0.22000000E+00  0.41391706E-02
  0.79999998E-01  0.23999999E+00  0.42477874E-02
  0.79999998E-01  0.25999999E+00  0.43407598E-02
  0.79999998E-01  0.27999999E+00  0.44283268E-02
  0.79999998E-01  0.29999999E+00  0.45237193E-02
  0.79999998E-01  0.31999999E+00  0.46460707E-02
  0.79999998E-01  0.33999999E+00  0.48327231E-02
  0.79999998E-01  0.35999999E+00  0.51484267E-02
  0.79999998E-01  0.37999999E+00  0.54712181E-02
  0.79999998E-01  0.39999999E+00  0.57945883E-02
  0.79999998E-01  0.41999999E+00  0.61181555E-02
  0.79999998E-01  0.43999999E+00  0.64415610E-02
  0.79999998E-01  0.45999999E+00  0.67644680E-02
  0.79999998E-01  0.47999999E+00  0.70865618E-02
  0.79999998E-01  0.49999999E+00  0.74075491E-02
  0.79999998E-01  0.51999999E+00  0.77271576E-02
  0.79999998E-01  0.53999999E+00  0.80451351E-02
  0.79999998E-01  0.55999999E+00  0.83612495E-02
  0.79999998E-01  0.57999999E+00  0.86752872E-02
  0.79999998E-01  0.59999999E+00  0.89870532E-02
  0.79999998E-01  0.61999999E+00  0.92963699E-02
  0.79999998E-01  0.63999999E+00  0.96030763E-02
  0.79999998E-01  0.65999999E+00  0.99070270E-02
  0.79999998E-01  0.67999998E+00  0.10208092E-01
  0.79999998E-01  0.69999998E+00  0.10506154E-01
  0.79999998E-01  0.71999998E+00  0.10801111E-01
  0.79999998E-01  0.73999998E+00  0.11092871E-01
  0.79999998E-01  0.75999998E+00  0.11381354E-01
  0.79999998E-01  0.77999998E+00  0.11666489E-01
  0.79999998E-01  0.79999998E+00  0.11948216E-01
  0.79999998E-01  0.81999998E+00  0.12226481E-01
  0.79999998E-01  0.83999998E+00  0.12501237E-01
  0.79999998E-01  0.85999998E+00  0.12772442E-01
  0.79999998E-01  0.87999998E+00  0.13040060E-01
  0.79999998E-01  0.89999998E+00  0.13304054E-01
  0.79999998E-01  0.91999998E+00  0.13564390E-01
  0.79999998E-01  0.93999998E+00  0.13821033E-01
  0.79999998E-01  0.95999998E+00  0.14073944E-01
  0.79999998E-01  0.97999998E+00  0.14323079E-01
  0.79999998E-01  0.99999998E+00  0.14568385E-01
  0.79999998E-01  0.10200000E+01  0.14809800E-01
  0.79999998E-01  0.10400000E+01  0.15047245E-01
  0.79999998E-01  0.10600000E+01  0.15280626E-01
  0.79999998E-01  0.10800000E+01  0.15509824E-01
  0.79999998E-01  0.11000000E+01  0.15734691E-01
  0.79999998E-01  0.11200000E+01  0.15955048E-01
  0.79999998E-01  0.11400000E+01  0.16170672E-01
  0.79999998E-01  0.11600000E+01  0.16381290E-01
  0.79999998E-01  0.11800000E+01  0.16586569E-01
  0.79999998E-01  0.12000000E+01  0.16786102E-01
  0.79999998E-01  0.12200000E+01  0.16979393E-01
  0.79999998E-01  0.12400000E+01  0.17165837E-01
  0.79999998E-01  0.12600000E+01  0.17344699E-01
  0.79999998E-01  0.12800000E+01  0.17515078E-01
  0.79999998E-01  0.13000000E+01  0.17675872E-01
  0.79999998E-01  0.13200000E+01  0.17825722E-01
  0.79999998E-01  0.13400000E+01  0.17962941E-01
  0.79999998E-01  0.13600000E+01  0.18085416E-01
  0.79999998E-01  0.13800000E+01  0.18190460E-01
  0.79999998E-01  0.14000000E+01  0.18274602E-01
  0.79999998E-01  0.14200000E+01  0.18333241E-01
  0.79999998E-01  0.14400000E+01  0.18360085E-01
  0.79999998E-01  0.14600000E+01  0.18346123E-01
  0.79999998E-01  0.14800000E+01  0.18277567E-01
  0.79999998E-01  0.15000000E+01  0.18131039E-01
  0.79999998E-01  0.15200000E+01  0.17859199E-01
  0.79999998E-01  0.15400000E+01  0.17319829E-01
  0.79999998E-01  0.15600000E+01  0.16222291E-01
  0.79999998E-01  0.15800000E+01  0.16399350E-01
  0.79999998E-01  0.16000000E+01  0.16575200E-01
  0.79999998E-01  0.16200000E+01  0.16750020E-01
  0.79999998E-01  0.16400000E+01  0.16923996E-01
  0.79999998E-01  0.16600000E+01  0.17097321E-01
  0.79999998E-01  0.16800000E+01  0.17270189E-01
  0.79999998E-01  0.17000000E+01  0.17442802E-01
  0.79999998E-01  0.17200000E+01  0.17615364E-01
  0.79999998E-01  0.17400000E+01  0.17788082E-01
  0.79999998E-01  0.17600000E+01  0.17961166E-01
  0.79999998E-01  0.17800000E+01  0.18134826E-01
  0.79999998E-01  0.18000000E+01  0.18309275E-01
  0.79999998E-01  0.18200000E+01  0.18484724E-01
  0.79999998E-01  0.18400000E+01  0.18661383E-01
  0.79999998E-01  0.18600000E+01  0.18839462E-01
  0.79999998E-01  0.18800000E+01  0.19019164E-01
  0.79999998E-01  0.19000000E+01  0.19200692E-01
  0.79999998E-01  0.19200000E+01  0.19384242E-01
  0.79999998E-01  0.19400000E+01  0.19570001E-01
  0.79999998E-01  0.19600000E+01  0.19758150E-01
  0.79999998E-01  0.19800000E+01  0.19948861E-01
  0.79999998E-01  0.20000000E+01  0.20142293E-01
  0.99999998E-01  0.00000000E+00  0.18398630E-03
  0.99999998E-01  0.20000000E-01  0.80132501E-03
  0.99999998E-01  0.39999999E-01  0.13574255E-02
  0.99999998E-01  0.59999999E-01  0.18549076E-02
  0.99999998E-01  0.79999998E-01  0.22966419E-02
  0.99999998E-01  0.99999998E-01  0.26857785E-02
  0.99999998E-01  0.12000000E+00  0.30257842E-02
  0.99999998E-01  0.14000000E+00  0.33204898E-02
  0.99999998E-01  0.16000000E+00  0.35741527E-02
  0.99999998E-01  0.18000000E+00  0.37915432E-02
  0.99999998E-01  0.20000000E+00  0.39780661E-02
  0.99999998E-01  0.22000000E+00  0.41399424E-02
  0.99999998E-01  0.23999999E+00  0.42844956E-02
  0.99999998E-01  0.25999999E+00  0.44206483E-02
  0.99999998E-01  0.27999999E+00  0.45598928E-02
  0.99999998E-01  0.29999999E+00  0.47186400E-02
  0.99999998E-01  0.31999999E+00  0.49265863E-02
  0.99999998E-01  0.33999999E+00  0.52509114E-02
  0.99999998E-01  0.35999999E+00  0.55838817E-02
  0.99999998E-01  0.37999999E+00  0.59166157E-02
  0.99999998E-01  0.39999999E+00  0.62487618E-02
  0.99999998E-01  0.41999999E+00  0.65799928E-02
  0.99999998E-01  0.43999999E+00  0.69100054E-02
  0.99999998E-01  0.45999999E+00  0.72385199E-02
  0.99999998E-01  0.47999999E+00  0.75652794E-02
  0.99999998E-01  0.49999999E+00  0.78900493E-02
  0.99999998E-01  0.51999999E+00  0.82126163E-02
  0.99999998E-01  0.53999999E+00  0.85327877E-02
  0.99999998E-01  0.55999999E+00  0.88503904E-02
  0.99999998E-01  0.57999999E+00  0.91652697E-02
  0.99999998E-01  0.59999999E+00  0.94772887E-02
  0.99999998E-01  0.61999999E+00  0.97863266E-02
  0.99999998E-01  0.63999999E+00  0.10092278E-01
  0.99999998E-01  0.65999999E+00  0.10395051E-01
  0.99999998E-01  0.67999998E+00  0.10694568E-01
  0.99999998E-01  0.69999998E+00  0.10990761E-01
  0.99999998E-01  0.71999998E+00  0.11283574E-01
  0.99999998E-01  0.73999998E+00  0.11572960E-01
  0.99999998E-01  0.75999998E+00  0.11858877E-01
  0.99999998E-01  0.77999998E+00  0.12141293E-01
  0.99999998E-01  0.79999998E+00  0.12420178E-01
  0.99999998E-01  0.81999998E+00  0.12695508E-01
  0.99999998E-01  0.83999998E+00  0.12967258E-01
  0.99999998E-01  0.85999998E+00  0.13235407E-01
  0.99999998E-01  0.87999998E+00  0.13499928E-01
  0.99999998E-01  0.89999998E+00  0.13760794E-01
  0.99999998E-01  0.91999998E+00  0.14017971E-01
  0.99999998E-01  0.93999998E+00  0.14271416E-01
  0.99999998E-01  0.95999998E+00  0.14521078E-01
  0.99999998E-01  0.97999998E+00  0.14766890E-01
  0.99999998E-01  0.99999998E+00  0.15008771E-01
  0.99999998E-01  0.10200000E+01  0.15246615E-01
  0.99999998E-01  0.10400000E+01  0.15480295E-01
  0.99999998E-01  0.10600000E+01  0.15709651E-01
  0.99999998E-01  0.10800000E+01  0.15934488E-01
  0.99999998E-01  0.11000000E+01  0.16154567E-01
  0.99999998E-01  0.11200000E+01  0.16369598E-01
  0.99999998E-01  0.11400000E+01  0.16579227E-01
  0.99999998E-01  0.11600000E+01  0.16783030E-01
  0.99999998E-01  0.11800000E+01  0.16980490E-01
  0.99999998E-01  0.12000000E+01  0.17170986E-01
  0.99999998E-01  0.12200000E+01  0.17353769E-01
  0.99999998E-01  0.12400000E+01  0.17527931E-01
  0.99999998E-01  0.12600000E+01  0.17692373E-01
  0.99999998E-01  0.12800000E+01  0.17845755E-01
  0.99999998E-01  0.13000000E+01  0.17986437E-01
  0.99999998E-01  0.13200000E+01  0.18112394E-01
  0.99999998E-01  0.13400000E+01  0.18221098E-01
  0.99999998E-01  0.13600000E+01  0.18309351E-01
  0.99999998E-01  0.13800000E+01  0.18373028E-01
  0.99999998E-01  0.14000000E+01  0.18406682E-01
  0.99999998E-01  0.14200000E+01  0.18402870E-01
  0.99999998E-01  0.14400000E+01  0.18350948E-01
  0.99999998E-01  0.14600000E+01  0.18234634E-01
  0.99999998E-01  0.14800000E+01  0.18026318E-01
  0.99999998E-01  0.15000000E+01  0.17670040E-01
  0.99999998E-01  0.15200000E+01  0.16997446E-01
  0.99999998E-01  0.15400000E+01  0.15664995E-01
  0.99999998E-01  0.15600000E+01  0.15846670E-01
  0.99999998E-01  0.15800000E+01  0.16027133E-01
  0.99999998E-01  0.16000000E+01  0.16206532E-01
  0.99999998E-01  0.16200000E+01  0.16385022E-01
  0.99999998E-01  0.16400000E+01  0.16562761E-01
  0.99999998E-01  0.16600000E+01  0.16739914E-01
  0.99999998E-01  0.16800000E+01  0.16916649E-01
  0.99999998E-01  0.17000000E+01  0.17093137E-01
  0.99999998E-01  0.17200000E+01  0.17269552E-01
  0.99999998E-01  0.17400000E+01  0.17446071E-01
  0.99999998E-01  0.17600000E+01  0.17622873E-01
  0.99999998E-01  0.17800000E+01  0.17800134E-01
  0.99999998E-01  0.18000000E+01  0.17978034E-01
  0.99999998E-01  0.18200000E+01  0.18156750E-01
  0.99999998E-01  0.18400000E+01  0.18336457E-01
  0.99999998E-01  0.18600000E+01  0.18517328E-01
  0.99999998E-01  0.18800000E+01  0.18699532E-01
  0.99999998E-01  0.19000000E+01  0.18883233E-01
  0.99999998E-01  0.19200000E+01  0.19068588E-01
  0.99999998E-01  0.19400000E+01  0.19255747E-01
  0.99999998E-01  0.19600000E+01  0.19444853E-01
  0.99999998E-01  0.19800000E+01  0.19636036E-01
  0.99999998E-01  0.20000000E+01  0.19829416E-01
  0.12000000E+00  0.00000000E+00  0.26628350E-03
  0.12000000E+00  0.20000000E-01  0.84346332E-03
  0.12000000E+00  0.39999999E-01  0.13672605E-02
  0.12000000E+00  0.59999999E-01  0.18400754E-02
  0.12000000E+00  0.79999998E-01  0.22645455E-02
  0.12000000E+00  0.99999998E-01  0.26435807E-02
  0.12000000E+00  0.12000000E+00  0.29804072E-02
  0.12000000E+00  0.14000000E+00  0.32786249E-02
  0.12000000E+00  0.16000000E+00  0.35422839E-02
  0.12000000E+00  0.18000000E+00  0.37759911E-02
  0.12000000E+00  0.20000000E+00  0.39850654E-02
  0.12000000E+00  0.22000000E+00  0.41757795E-02
  0.12000000E+00  0.23999999E+00  0.43557658E-02
  0.12000000E+00  0.25999999E+00  0.45347875E-02
  0.12000000E+00  0.27999999E+00  0.47264792E-02
  0.12000000E+00  0.29999999E+00  0.49520912E-02
  0.12000000E+00  0.31999999E+00  0.52850875E-02
  0.12000000E+00  0.33999999E+00  0.56296102E-02
  0.12000000E+00  0.35999999E+00  0.59732426E-02
  0.12000000E+00  0.37999999E+00  0.63156521E-02
  0.12000000E+00  0.39999999E+00  0.66565317E-02
  0.12000000E+00  0.41999999E+00  0.69955997E-02
  0.12000000E+00  0.43999999E+00  0.73325989E-02
  0.12000000E+00  0.45999999E+00  0.76672965E-02
  0.12000000E+00  0.47999999E+00  0.79994827E-02
  0.12000000E+00  0.49999999E+00  0.83289703E-02
  0.12000000E+00  0.51999999E+00  0.86555931E-02
  0.12000000E+00  0.53999999E+00  0.89792054E-02
  0.12000000E+00  0.55999999E+00  0.92996801E-02
  0.12000000E+00  0.57999999E+00  0.96169080E-02
  0.12000000E+00  0.59999999E+00  0.99307962E-02
  0.12000000E+00  0.61999999E+00  0.10241267E-01
  0.12000000E+00  0.63999999E+00  0.10548255E-01
  0.12000000E+00  0.65999999E+00  0.10851707E-01
  0.12000000E+00  0.67999998E+00  0.11151583E-01
  0.12000000E+00  0.69999998E+00  0.11447848E-01
  0.12000000E+00  0.71999998E+00  0.11740476E-01
  0.12000000E+00  0.73999998E+00  0.12029448E-01
  0.12000000E+00  0.75999998E+00  0.12314746E-01
  0.12000000E+00  0.77999998E+00  0.12596358E-01
  0.12000000E+00  0.79999998E+00  0.12874269E-01
  0.12000000E+00  0.81999998E+00  0.13148467E-01
  0.12000000E+00  0.83999998E+00  0.13418932E-01
  0.12000000E+00  0.85999998E+00  0.13685644E-01
  0.12000000E+00  0.87999998E+00  0.13948572E-01
  0.12000000E+00  0.89999998E+00  0.14207678E-01
  0.12000000E+00  0.91999998E+00  0.14462910E-01
  0.12000000E+00  0.93999998E+00  0.14714201E-01
  0.12000000E+00  0.95999998E+00  0.14961466E-01
  0.12000000E+00  0.97999998E+00  0.15204599E-01
  0.12000000E+00  0.99999998E+00  0.15443466E-01
  0.12000000E+00  0.10200000E+01  0.15677902E-01
  0.12000000E+00  0.10400000E+01  0.15907706E-01
  0.12000000E+00  0.10600000E+01  0.16132633E-01
  0.12000000E+00  0.10800000E+01  0.16352387E-01
  0.12000000E+00  0.11000000E+01  0.16566611E-01
  0.12000000E+00  0.11200000E+01  0.16774878E-01
  0.12000000E+00  0.11400000E+01  0.16976673E-01
  0.12000000E+00  0.11600000E+01  0.17171382E-01
  0.12000000E+00  0.11800000E+01  0.17358271E-01
  0.12000000E+00  0.12000000E+01  0.17536456E-01
  0.12000000E+00  0.12200000E+01  0.17704880E-01
  0.12000000E+00  0.12400000E+01  0.17862267E-01
  0.12000000E+00  0.12600000E+01  0.18007069E-01
  0.12000000E+00  0.12800000E+01  0.18137404E-01
  0.12000000E+00  0.13000000E+01  0.18250952E-01
  0.12000000E+00  0.13200000E+01  0.18344831E-01
  0.12000000E+00  0.13400000E+01  0.18415402E-01
  0.12000000E+00  0.13600000E+01  0.18457983E-01
  0.12000000E+00  0.13800000E+01  0.18466400E-01
  0.12000000E+00  0.14000000E+01  0.18432228E-01
  0.12000000E+00  0.14200000E+01  0.18343419E-01
  0.12000000E+00  0.14400000E+01  0.18181544E-01
  0.12000000E+00  0.14600000E+01  0.17915325E-01
  0.12000000E+00  0.14800000E+01  0.17481295E-01
  0.12000000E+00  0.15000000E+01  0.16688184E-01
  0.12000000E+00  0.15200000E+01  0.15146241E-01
  0.12000000E+00  0.15400000E+01  0.15330908E-01
  0.12000000E+00  0.15600000E+01  0.15514466E-01
  0.12000000E+00  0.15800000E+01  0.15697038E-01
  0.12000000E+00  0.16000000E+01  0.15878752E-01
  0.12000000E+00  0.16200000E+01  0.16059742E-01
  0.12000000E+00  0.16400000E+01  0.16240145E-01
  0.12000000E+00  0.16600000E+01  0.16420102E-01
  0.12000000E+00  0.16800000E+01  0.16599758E-01
  0.12000000E+00  0.17000000E+01  0.16779257E-01
  0.12000000E+00  0.17200000E+01  0.16958749E-01
  0.12000000E+00  0.17400000E+01  0.17138383E-01
  0.12000000E+00  0.17600000E+01  0.17318309E-01
  0.12000000E+00  0.17800000E+01  0.17498675E-01
  0.12000000E+00  0.18000000E+01  0.17679629E-01
  0.12000000E+00  0.18200000E+01  0.17861318E-01
  0.12000000E+00  0.18400000E+01  0.18043884E-01
  0.12000000E+00  0.18600000E+01  0.18227467E-01
  0.12000000E+00  0.18800000E+01  0.18412201E-01
  0.12000000E+00  0.19000000E+01  0.18598214E-01
  0.12000000E+00  0.19200000E+01  0.18785629E-01
  0.12000000E+00  0.19400000E+01  0.18974557E-01
  0.12000000E+00  0.19600000E+01  0.19165103E-01
  0.12000000E+00  0.19800000E+01  0.19357361E-01
  0.12000000E+00  0.20000000E+01  0.19551410E-01
  0.14000000E+00  0.00000000E+00  0.36483238E-03
  0.14000000E+00  0.20000000E-01  0.90565706E-03
  0.14000000E+00  0.39999999E-01  0.14004276E-02
  0.14000000E+00  0.59999999E-01  0.18513226E-02
  0.14000000E+00  0.79999998E-01  0.22607492E-02
  0.14000000E+00  0.99999998E-01  0.26313834E-02
  0.14000000E+00  0.12000000E+00  0.29662207E-02
  0.14000000E+00  0.14000000E+00  0.32686422E-02
  0.14000000E+00  0.16000000E+00  0.35425048E-02
  0.14000000E+00  0.18000000E+00  0.37922692E-02
  0.14000000E+00  0.20000000E+00  0.40231943E-02
  0.14000000E+00  0.22000000E+00  0.42416492E-02
  0.14000000E+00  0.23999999E+00  0.44556694E-02
  0.14000000E+00  0.25999999E+00  0.46760306E-02
  0.14000000E+00  0.27999999E+00  0.49144990E-02
  0.14000000E+00  0.29999999E+00  0.52554953E-02
  0.14000000E+00  0.31999999E+00  0.56124751E-02
  0.14000000E+00  0.33999999E+00  0.59680706E-02
  0.14000000E+00  0.35999999E+00  0.63219591E-02
  0.14000000E+00  0.37999999E+00  0.66738443E-02
  0.14000000E+00  0.39999999E+00  0.70234559E-02
  0.14000000E+00  0.41999999E+00  0.73705491E-02
  0.14000000E+00  0.43999999E+00  0.77149039E-02
  0.14000000E+00  0.45999999E+00  0.80563247E-02
  0.14000000E+00  0.47999999E+00  0.83946385E-02
  0.14000000E+00  0.49999999E+00  0.87296947E-02
  0.14000000E+00  0.51999999E+00  0.90613630E-02
  0.14000000E+00  0.53999999E+00  0.93895326E-02
  0.14000000E+00  0.55999999E+00  0.97141106E-02
  0.14000000E+00  0.57999999E+00  0.10035020E-01
  0.14000000E+00  0.59999999E+00  0.10352200E-01
  0.14000000E+00  0.61999999E+00  0.10665601E-01
  0.14000000E+00  0.63999999E+00  0.10975184E-01
  0.14000000E+00  0.65999999E+00  0.11280923E-01
  0.14000000E+00  0.67999998E+00  0.11582797E-01
  0.14000000E+00  0.69999998E+00  0.11880791E-01
  0.14000000E+00  0.71999998E+00  0.12174896E-01
  0.14000000E+00  0.73999998E+00  0.12465102E-01
  0.14000000E+00  0.75999998E+00  0.12751402E-01
  0.14000000E+00  0.77999998E+00  0.13033786E-01
  0.14000000E+00  0.79999998E+00  0.13312241E-01
  0.14000000E+00  0.81999998E+00  0.13586748E-01
  0.14000000E+00  0.83999998E+00  0.13857278E-01
  0.14000000E+00  0.85999998E+00  0.14123795E-01
  0.14000000E+00  0.87999998E+00  0.14386245E-01
  0.14000000E+00  0.89999998E+00  0.14644563E-01
  0.14000000E+00  0.91999998E+00  0.14898662E-01
  0.14000000E+00  0.93999998E+00  0.15148432E-01
  0.14000000E+00  0.95999998E+00  0.15393737E-01
  0.14000000E+00  0.97999998E+00  0.15634411E-01
  0.14000000E+00  0.99999998E+00  0.15870250E-01
  0.14000000E+00  0.10200000E+01  0.16101007E-01
  0.14000000E+00  0.10400000E+01  0.16326388E-01
  0.14000000E+00  0.10600000E+01  0.16546037E-01
  0.14000000E+00  0.10800000E+01  0.16759535E-01
  0.14000000E+00  0.11000000E+01  0.16966378E-01
  0.14000000E+00  0.11200000E+01  0.17165973E-01
  0.14000000E+00  0.11400000E+01  0.17357611E-01
  0.14000000E+00  0.11600000E+01  0.17540453E-01
  0.14000000E+00  0.11800000E+01  0.17713497E-01
  0.14000000E+00  0.12000000E+01  0.17875549E-01
  0.14000000E+00  0.12200000E+01  0.18025176E-01
  0.14000000E+00  0.12400000E+01  0.18160653E-01
  0.14000000E+00  0.12600000E+01  0.18279882E-01
  0.14000000E+00  0.12800000E+01  0.18380292E-01
  0.14000000E+00  0.13000000E+01  0.18458698E-01
  0.14000000E+00  0.13200000E+01  0.18511085E-01
  0.14000000E+00  0.13400000E+01  0.18532300E-01
  0.14000000E+00  0.13600000E+01  0.18515553E-01
  0.14000000E+00  0.13800000E+01  0.18451582E-01
  0.14000000E+00  0.14000000E+01  0.18327150E-01
  0.14000000E+00  0.14200000E+01  0.18121993E-01
  0.14000000E+00  0.14400000E+01  0.17801689E-01
  0.14000000E+00  0.14600000E+01  0.17296282E-01
  0.14000000E+00  0.14800000E+01  0.16394544E-01
  0.14000000E+00  0.15000000E+01  0.14666671E-01
  0.14000000E+00  0.15200000E+01  0.14852848E-01
  0.14000000E+00  0.15400000E+01  0.15038099E-01
  0.14000000E+00  0.15600000E+01  0.15222528E-01
  0.14000000E+00  0.15800000E+01  0.15406243E-01
  0.14000000E+00  0.16000000E+01  0.15589358E-01
  0.14000000E+00  0.16200000E+01  0.15771989E-01
  0.14000000E+00  0.16400000E+01  0.15954254E-01
  0.14000000E+00  0.16600000E+01  0.16136276E-01
  0.14000000E+00  0.16800000E+01  0.16318179E-01
  0.14000000E+00  0.17000000E+01  0.16500086E-01
  0.14000000E+00  0.17200000E+01  0.16682124E-01
  0.14000000E+00  0.17400000E+01  0.16864416E-01
  0.14000000E+00  0.17600000E+01  0.17047088E-01
  0.14000000E+00  0.17800000E+01  0.17230262E-01
  0.14000000E+00  0.18000000E+01  0.17414058E-01
  0.14000000E+00  0.18200000E+01  0.17598593E-01
  0.14000000E+00  0.18400000E+01  0.17783979E-01
  0.14000000E+00  0.18600000E+01  0.17970325E-01
  0.14000000E+00  0.18800000E+01  0.18157732E-01
  0.14000000E+00  0.19000000E+01  0.18346295E-01
  0.14000000E+00  0.19200000E+01  0.18536101E-01
  0.14000000E+00  0.19400000E+01  0.18727228E-01
  0.14000000E+00  0.19600000E+01  0.18919742E-01
  0.14000000E+00  0.19800000E+01  0.19113699E-01
  0.14000000E+00  0.20000000E+01  0.19309142E-01
  0.16000000E+00  0.00000000E+00  0.48007199E-03
  0.16000000E+00  0.20000000E-01  0.98784849E-03
  0.16000000E+00  0.39999999E-01  0.14563634E-02
  0.16000000E+00  0.59999999E-01  0.18875716E-02
  0.16000000E+00  0.79999998E-01  0.22836498E-02
  0.16000000E+00  0.99999998E-01  0.26470393E-02
  0.16000000E+00  0.12000000E+00  0.29805013E-02
  0.16000000E+00  0.14000000E+00  0.32871894E-02
  0.16000000E+00  0.16000000E+00  0.35707493E-02
  0.16000000E+00  0.18000000E+00  0.38354615E-02
  0.16000000E+00  0.20000000E+00  0.40864545E-02
  0.16000000E+00  0.22000000E+00  0.43300277E-02
  0.16000000E+00  0.23999999E+00  0.45739790E-02
  0.16000000E+00  0.25999999E+00  0.48192795E-02
  0.16000000E+00  0.27999999E+00  0.51668937E-02
  0.16000000E+00  0.29999999E+00  0.55368069E-02
  0.16000000E+00  0.31999999E+00  0.59049987E-02
  0.16000000E+00  0.33999999E+00  0.62711492E-02
  0.16000000E+00  0.35999999E+00  0.66349648E-02
  0.16000000E+00  0.37999999E+00  0.69961785E-02
  0.16000000E+00  0.39999999E+00  0.73545489E-02
  0.16000000E+00  0.41999999E+00  0.77098600E-02
  0.16000000E+00  0.43999999E+00  0.80619203E-02
  0.16000000E+00  0.45999999E+00  0.84105618E-02
  0.16000000E+00  0.47999999E+00  0.87556390E-02
  0.16000000E+00  0.49999999E+00  0.90970274E-02
  0.16000000E+00  0.51999999E+00  0.94346218E-02
  0.16000000E+00  0.53999999E+00  0.97683356E-02
  0.16000000E+00  0.55999999E+00  0.10098098E-01
  0.16000000E+00  0.57999999E+00  0.10423853E-01
  0.16000000E+00  0.59999999E+00  0.10745558E-01
  0.16000000E+00  0.61999999E+00  0.11063179E-01
  0.16000000E+00  0.63999999E+00  0.11376694E-01
  0.16000000E+00  0.65999999E+00  0.11686085E-01
  0.16000000E+00  0.67999998E+00  0.11991340E-01
  0.16000000E+00  0.69999998E+00  0.12292450E-01
  0.16000000E+00  0.71999998E+00  0.12589406E-01
  0.16000000E+00  0.73999998E+00  0.12882196E-01
  0.16000000E+00  0.75999998E+00  0.13170807E-01
  0.16000000E+00  0.77999998E+00  0.13455219E-01
  0.16000000E+00  0.79999998E+00  0.13735401E-01
  0.16000000E+00  0.81999998E+00  0.14011315E-01
  0.16000000E+00  0.83999998E+00  0.14282907E-01
  0.16000000E+00  0.85999998E+00  0.14550106E-01
  0.16000000E+00  0.87999998E+00  0.14812825E-01
  0.16000000E+00  0.89999998E+00  0.15070949E-01
  0.16000000E+00  0.91999998E+00  0.15324342E-01
  0.16000000E+00  0.93999998E+00  0.15572833E-01
  0.16000000E+00  0.95999998E+00  0.15816218E-01
  0.16000000E+00  0.97999998E+00  0.16054250E-01
  0.16000000E+00  0.99999998E+00  0.16286636E-01
  0.16000000E+00  0.10200000E+01  0.16513028E-01
  0.16000000E+00  0.10400000E+01  0.16733014E-01
  0.16000000E+00  0.10600000E+01  0.16946108E-01
  0.16000000E+00  0.10800000E+01  0.17151736E-01
  0.16000000E+00  0.11000000E+01  0.17349225E-01
  0.16000000E+00  0.11200000E+01  0.17537780E-01
  0.16000000E+00  0.11400000E+01  0.17716463E-01
  0.16000000E+00  0.11600000E+01  0.17884165E-01
  0.16000000E+00  0.11800000E+01  0.18039568E-01
  0.16000000E+00  0.12000000E+01  0.18181101E-01
  0.16000000E+00  0.12200000E+01  0.18306880E-01
  0.16000000E+00  0.12400000E+01  0.18414624E-01
  0.16000000E+00  0.12600000E+01  0.18501547E-01
  0.16000000E+00  0.12800000E+01  0.18564202E-01
  0.16000000E+00  0.13000000E+01  0.18598261E-01
  0.16000000E+00  0.13200000E+01  0.18598173E-01
  0.16000000E+00  0.13400000E+01  0.18556631E-01
  0.16000000E+00  0.13600000E+01  0.18463676E-01
  0.16000000E+00  0.13800000E+01  0.18305069E-01
  0.16000000E+00  0.14000000E+01  0.18058999E-01
  0.16000000E+00  0.14200000E+01  0.17688373E-01
  0.16000000E+00  0.14400000E+01  0.17117684E-01
  0.16000000E+00  0.14600000E+01  0.16118474E-01
  0.16000000E+00  0.14800000E+01  0.14226536E-01
  0.16000000E+00  0.15000000E+01  0.14412892E-01
  0.16000000E+00  0.15200000E+01  0.14598563E-01
  0.16000000E+00  0.15400000E+01  0.14783639E-01
  0.16000000E+00  0.15600000E+01  0.14968214E-01
  0.16000000E+00  0.15800000E+01  0.15152387E-01
  0.16000000E+00  0.16000000E+01  0.15336258E-01
  0.16000000E+00  0.16200000E+01  0.15519930E-01
  0.16000000E+00  0.16400000E+01  0.15703507E-01
  0.16000000E+00  0.16600000E+01  0.15887094E-01
  0.16000000E+00  0.16800000E+01  0.16070798E-01
  0.16000000E+00  0.17000000E+01  0.16254725E-01
  0.16000000E+00  0.17200000E+01  0.16438978E-01
  0.16000000E+00  0.17400000E+01  0.16623663E-01
  0.16000000E+00  0.17600000E+01  0.16808879E-01
  0.16000000E+00  0.17800000E+01  0.16994726E-01
  0.16000000E+00  0.18000000E+01  0.17181298E-01
  0.16000000E+00  0.18200000E+01  0.17368684E-01
  0.16000000E+00  0.18400000E+01  0.17556969E-01
  0.16000000E+00  0.18600000E+01  0.17746231E-01
  0.16000000E+00  0.18800000E+01  0.17936541E-01
  0.16000000E+00  0.19000000E+01  0.18127962E-01
  0.16000000E+00  0.19200000E+01  0.18320546E-01
  0.16000000E+00  0.19400000E+01  0.18514337E-01
  0.16000000E+00  0.19600000E+01  0.18709367E-01
  0.16000000E+00  0.19800000E+01  0.18905655E-01
  0.16000000E+00  0.20000000E+01  0.19103207E-01
  0.18000000E+00  0.00000000E+00  0.61220668E-03
  0.18000000E+00  0.20000000E-01  0.10896735E-02
  0.18000000E+00  0.39999999E-01  0.15341211E-02
  0.18000000E+00  0.59999999E-01  0.19472733E-02
  0.18000000E+00  0.79999998E-01  0.23310643E-02
  0.18000000E+00  0.99999998E-01  0.26876812E-02
  0.18000000E+00  0.12000000E+00  0.30196184E-02
  0.18000000E+00  0.14000000E+00  0.33297460E-02
  0.18000000E+00  0.16000000E+00  0.36213982E-02
  0.18000000E+00  0.18000000E+00  0.38984791E-02
  0.18000000E+00  0.20000000E+00  0.41655280E-02
  0.18000000E+00  0.22000000E+00  0.44272034E-02
  0.18000000E+00  0.23999999E+00  0.46720618E-02
  0.18000000E+00  0.25999999E+00  0.50242103E-02
  0.18000000E+00  0.27999999E+00  0.54071442E-02
  0.18000000E+00  0.29999999E+00  0.57881715E-02
  0.18000000E+00  0.31999999E+00  0.61669698E-02
  0.18000000E+00  0.33999999E+00  0.65432423E-02
  0.18000000E+00  0.35999999E+00  0.69167183E-02
  0.18000000E+00  0.37999999E+00  0.72871527E-02
  0.18000000E+00  0.39999999E+00  0.76543258E-02
  0.18000000E+00  0.41999999E+00  0.80180425E-02
  0.18000000E+00  0.43999999E+00  0.83781312E-02
  0.18000000E+00  0.45999999E+00  0.87344429E-02
  0.18000000E+00  0.47999999E+00  0.90868498E-02
  0.18000000E+00  0.49999999E+00  0.94352441E-02
  0.18000000E+00  0.51999999E+00  0.97795358E-02
  0.18000000E+00  0.53999999E+00  0.10119651E-01
  0.18000000E+00  0.55999999E+00  0.10455531E-01
  0.18000000E+00  0.57999999E+00  0.10787130E-01
  0.18000000E+00  0.59999999E+00  0.11114409E-01
  0.18000000E+00  0.61999999E+00  0.11437343E-01
  0.18000000E+00  0.63999999E+00  0.11755907E-01
  0.18000000E+00  0.65999999E+00  0.12070084E-01
  0.18000000E+00  0.67999998E+00  0.12379858E-01
  0.18000000E+00  0.69999998E+00  0.12685209E-01
  0.18000000E+00  0.71999998E+00  0.12986118E-01
  0.18000000E+00  0.73999998E+00  0.13282556E-01
  0.18000000E+00  0.75999998E+00  0.13574491E-01
  0.18000000E+00  0.77999998E+00  0.13861875E-01
  0.18000000E+00  0.79999998E+00  0.14144650E-01
  0.18000000E+00  0.81999998E+00  0.14422741E-01
  0.18000000E+00  0.83999998E+00  0.14696052E-01
  0.18000000E+00  0.85999998E+00  0.14964468E-01
  0.18000000E+00  0.87999998E+00  0.15227845E-01
  0.18000000E+00  0.89999998E+00  0.15486010E-01
  0.18000000E+00  0.91999998E+00  0.15738755E-01
  0.18000000E+00  0.93999998E+00  0.15985835E-01
  0.18000000E+00  0.95999998E+00  0.16226956E-01
  0.18000000E+00  0.97999998E+00  0.16461775E-01
  0.18000000E+00  0.99999998E+00  0.16689890E-01
  0.18000000E+00  0.10200000E+01  0.16910828E-01
  0.18000000E+00  0.10400000E+01  0.17124040E-01
  0.18000000E+00  0.10600000E+01  0.17328882E-01
  0.18000000E+00  0.10800000E+01  0.17524603E-01
  0.18000000E+00  0.11000000E+01  0.17710325E-01
  0.18000000E+00  0.11200000E+01  0.17885018E-01
  0.18000000E+00  0.11400000E+01  0.18047473E-01
  0.18000000E+00  0.11600000E+01  0.18196262E-01
  0.18000000E+00  0.11800000E+01  0.18329691E-01
  0.18000000E+00  0.12000000E+01  0.18445734E-01
  0.18000000E+00  0.12200000E+01  0.18541951E-01
  0.18000000E+00  0.12400000E+01  0.18615373E-01
  0.18000000E+00  0.12600000E+01  0.18662336E-01
  0.18000000E+00  0.12800000E+01  0.18678245E-01
  0.18000000E+00  0.13000000E+01  0.18657221E-01
  0.18000000E+00  0.13200000E+01  0.18591532E-01
  0.18000000E+00  0.13400000E+01  0.18470640E-01
  0.18000000E+00  0.13600000E+01  0.18279478E-01
  0.18000000E+00  0.13800000E+01  0.17994952E-01
  0.18000000E+00  0.14000000E+01  0.17577729E-01
  0.18000000E+00  0.14200000E+01  0.16947611E-01
  0.18000000E+00  0.14400000E+01  0.15861415E-01
  0.18000000E+00  0.14600000E+01  0.13825724E-01
  0.18000000E+00  0.14800000E+01  0.14011085E-01
  0.18000000E+00  0.15000000E+01  0.14196040E-01
  0.18000000E+00  0.15200000E+01  0.14380670E-01
  0.18000000E+00  0.15400000E+01  0.14565061E-01
  0.18000000E+00  0.15600000E+01  0.14749302E-01
  0.18000000E+00  0.15800000E+01  0.14933481E-01
  0.18000000E+00  0.16000000E+01  0.15117690E-01
  0.18000000E+00  0.16200000E+01  0.15302022E-01
  0.18000000E+00  0.16400000E+01  0.15486567E-01
  0.18000000E+00  0.16600000E+01  0.15671418E-01
  0.18000000E+00  0.16800000E+01  0.15856665E-01
  0.18000000E+00  0.17000000E+01  0.16042399E-01
  0.18000000E+00  0.17200000E+01  0.16228705E-01
  0.18000000E+00  0.17400000E+01  0.16415669E-01
  0.18000000E+00  0.17600000E+01  0.16603370E-01
  0.18000000E+00  0.17800000E+01  0.16791884E-01
  0.18000000E+00  0.18000000E+01  0.16981282E-01
  0.18000000E+00  0.18200000E+01  0.17171628E-01
  0.18000000E+00  0.18400000E+01  0.17362980E-01
  0.18000000E+00  0.18600000E+01  0.17555388E-01
  0.18000000E+00  0.18800000E+01  0.17748893E-01
  0.18000000E+00  0.19000000E+01  0.17943527E-01
  0.18000000E+00  0.19200000E+01  0.18139310E-01
  0.18000000E+00  0.19400000E+01  0.18336254E-01
  0.18000000E+00  0.19600000E+01  0.18534354E-01
  0.18000000E+00  0.19800000E+01  0.18733594E-01
  0.18000000E+00  0.20000000E+01  0.18933945E-01
  0.20000000E+00  0.00000000E+00  0.76103669E-03
  0.20000000E+00  0.20000000E-01  0.12102765E-02
  0.20000000E+00  0.39999999E-01  0.16321603E-02
  0.20000000E+00  0.59999999E-01  0.20281575E-02
  0.20000000E+00  0.79999998E-01  0.23999232E-02
  0.20000000E+00  0.99999998E-01  0.27493316E-02
  0.20000000E+00  0.12000000E+00  0.30785123E-02
  0.20000000E+00  0.14000000E+00  0.33898794E-02
  0.20000000E+00  0.16000000E+00  0.36861189E-02
  0.20000000E+00  0.18000000E+00  0.39699676E-02
  0.20000000E+00  0.20000000E+00  0.42427312E-02
  0.20000000E+00  0.22000000E+00  0.44785892E-02
  0.20000000E+00  0.23999999E+00  0.48324948E-02
  0.20000000E+00  0.25999999E+00  0.52281854E-02
  0.20000000E+00  0.27999999E+00  0.56219303E-02
  0.20000000E+00  0.29999999E+00  0.60134004E-02
  0.20000000E+00  0.31999999E+00  0.64022911E-02
  0.20000000E+00  0.33999999E+00  0.67883228E-02
  0.20000000E+00  0.35999999E+00  0.71712412E-02
  0.20000000E+00  0.37999999E+00  0.75508166E-02
  0.20000000E+00  0.39999999E+00  0.79268434E-02
  0.20000000E+00  0.41999999E+00  0.82991397E-02
  0.20000000E+00  0.43999999E+00  0.86675459E-02
  0.20000000E+00  0.45999999E+00  0.90319235E-02
  0.20000000E+00  0.47999999E+00  0.93921537E-02
  0.20000000E+00  0.49999999E+00  0.97481359E-02
  0.20000000E+00  0.51999999E+00  0.10099785E-01
  0.20000000E+00  0.53999999E+00  0.10447032E-01
  0.20000000E+00  0.55999999E+00  0.10789817E-01
  0.20000000E+00  0.57999999E+00  0.11128094E-01
  0.20000000E+00  0.59999999E+00  0.11461820E-01
  0.20000000E+00  0.61999999E+00  0.11790961E-01
  0.20000000E+00  0.63999999E+00  0.12115485E-01
  0.20000000E+00  0.65999999E+00  0.12435359E-01
  0.20000000E+00  0.67999998E+00  0.12750550E-01
  0.20000000E+00  0.69999998E+00  0.13061019E-01
  0.20000000E+00  0.71999998E+00  0.13366720E-01
  0.20000000E+00  0.73999998E+00  0.13667597E-01
  0.20000000E+00  0.75999998E+00  0.13963582E-01
  0.20000000E+00  0.77999998E+00  0.14254589E-01
  0.20000000E+00  0.79999998E+00  0.14540516E-01
  0.20000000E+00  0.81999998E+00  0.14821238E-01
  0.20000000E+00  0.83999998E+00  0.15096606E-01
  0.20000000E+00  0.85999998E+00  0.15366439E-01
  0.20000000E+00  0.87999998E+00  0.15630526E-01
  0.20000000E+00  0.89999998E+00  0.15888618E-01
  0.20000000E+00  0.91999998E+00  0.16140421E-01
  0.20000000E+00  0.93999998E+00  0.16385595E-01
  0.20000000E+00  0.95999998E+00  0.16623743E-01
  0.20000000E+00  0.97999998E+00  0.16854405E-01
  0.20000000E+00  0.99999998E+00  0.17077049E-01
  0.20000000E+00  0.10200000E+01  0.17291058E-01
  0.20000000E+00  0.10400000E+01  0.17495720E-01
  0.20000000E+00  0.10600000E+01  0.17690209E-01
  0.20000000E+00  0.10800000E+01  0.17873566E-01
  0.20000000E+00  0.11000000E+01  0.18044675E-01
  0.20000000E+00  0.11200000E+01  0.18202234E-01
  0.20000000E+00  0.11400000E+01  0.18344712E-01
  0.20000000E+00  0.11600000E+01  0.18470305E-01
  0.20000000E+00  0.11800000E+01  0.18576864E-01
  0.20000000E+00  0.12000000E+01  0.18661812E-01
  0.20000000E+00  0.12200000E+01  0.18722021E-01
  0.20000000E+00  0.12400000E+01  0.18753647E-01
  0.20000000E+00  0.12600000E+01  0.18751877E-01
  0.20000000E+00  0.12800000E+01  0.18710561E-01
  0.20000000E+00  0.13000000E+01  0.18621620E-01
  0.20000000E+00  0.13200000E+01  0.18474053E-01
  0.20000000E+00  0.13400000E+01  0.18252120E-01
  0.20000000E+00  0.13600000E+01  0.17931677E-01
  0.20000000E+00  0.13800000E+01  0.17471553E-01
  0.20000000E+00  0.14000000E+01  0.16787641E-01
  0.20000000E+00  0.14200000E+01  0.15624340E-01
  0.20000000E+00  0.14400000E+01  0.13463788E-01
  0.20000000E+00  0.14600000E+01  0.13647140E-01
  0.20000000E+00  0.14800000E+01  0.13830385E-01
  0.20000000E+00  0.15000000E+01  0.14013602E-01
  0.20000000E+00  0.15200000E+01  0.14196873E-01
  0.20000000E+00  0.15400000E+01  0.14380280E-01
  0.20000000E+00  0.15600000E+01  0.14563907E-01
  0.20000000E+00  0.15800000E+01  0.14747837E-01
  0.20000000E+00  0.16000000E+01  0.14932155E-01
  0.20000000E+00  0.16200000E+01  0.15116944E-01
  0.20000000E+00  0.16400000E+01  0.15302286E-01
  0.20000000E+00  0.16600000E+01  0.15488262E-01
  0.20000000E+00  0.16800000E+01  0.15674948E-01
  0.20000000E+00  0.17000000E+01  0.15862421E-01
  0.20000000E+00  0.17200000E+01  0.16050751E-01
  0.20000000E+00  0.17400000E+01  0.16240003E-01
  0.20000000E+00  0.17600000E+01  0.16430241E-01
  0.20000000E+00  0.17800000E+01  0.16621518E-01
  0.20000000E+00  0.18000000E+01  0.16813882E-01
  0.20000000E+00  0.18200000E+01  0.17007376E-01
  0.20000000E+00  0.18400000E+01  0.17202030E-01
  0.20000000E+00  0.18600000E+01  0.17397868E-01
  0.20000000E+00  0.18800000E+01  0.17594903E-01
  0.20000000E+00  0.19000000E+01  0.17793136E-01
  0.20000000E+00  0.19200000E+01  0.17992558E-01
  0.20000000E+00  0.19400000E+01  0.18193146E-01
  0.20000000E+00  0.19600000E+01  0.18394863E-01
  0.20000000E+00  0.19800000E+01  0.18597659E-01
  0.20000000E+00  0.20000000E+01  0.18801466E-01
  0.22000000E+00  0.00000000E+00  0.92574496E-03
  0.22000000E+00  0.20000000E-01  0.13480676E-02
  0.22000000E+00  0.39999999E-01  0.17480592E-02
  0.22000000E+00  0.59999999E-01  0.21268791E-02
  0.22000000E+00  0.79999998E-01  0.24858159E-02
  0.22000000E+00  0.99999998E-01  0.28262871E-02
  0.22000000E+00  0.12000000E+00  0.31498045E-02
  0.22000000E+00  0.14000000E+00  0.34578302E-02
  0.22000000E+00  0.16000000E+00  0.37512331E-02
  0.22000000E+00  0.18000000E+00  0.40276949E-02
  0.22000000E+00  0.20000000E+00  0.42446764E-02
  0.22000000E+00  0.22000000E+00  0.45968757E-02
  0.22000000E+00  0.23999999E+00  0.50047444E-02
  0.22000000E+00  0.25999999E+00  0.54107672E-02
  0.22000000E+00  0.27999999E+00  0.58146054E-02
  0.22000000E+00  0.29999999E+00  0.62159433E-02
  0.22000000E+00  0.31999999E+00  0.66144887E-02
  0.22000000E+00  0.33999999E+00  0.70099735E-02
  0.22000000E+00  0.35999999E+00  0.74021533E-02
  0.22000000E+00  0.37999999E+00  0.77908069E-02
  0.22000000E+00  0.39999999E+00  0.81757363E-02
  0.22000000E+00  0.41999999E+00  0.85567653E-02
  0.22000000E+00  0.43999999E+00  0.89337383E-02
  0.22000000E+00  0.45999999E+00  0.93065195E-02
  0.22000000E+00  0.47999999E+00  0.96749904E-02
  0.22000000E+00  0.49999999E+00  0.10039049E-01
  0.22000000E+00  0.51999999E+00  0.10398606E-01
  0.22000000E+00  0.53999999E+00  0.10753585E-01
  0.22000000E+00  0.55999999E+00  0.11103920E-01
  0.22000000E+00  0.57999999E+00  0.11449550E-01
  0.22000000E+00  0.59999999E+00  0.11790420E-01
  0.22000000E+00  0.61999999E+00  0.12126477E-01
  0.22000000E+00  0.63999999E+00  0.12457667E-01
  0.22000000E+00  0.65999999E+00  0.12783934E-01
  0.22000000E+00  0.67999998E+00  0.13105214E-01
  0.22000000E+00  0.69999998E+00  0.13421435E-01
  0.22000000E+00  0.71999998E+00  0.13732516E-01
  0.22000000E+00  0.73999998E+00  0.14038357E-01
  0.22000000E+00  0.75999998E+00  0.14338844E-01
  0.22000000E+00  0.77999998E+00  0.14633840E-01
  0.22000000E+00  0.79999998E+00  0.14923186E-01
  0.22000000E+00  0.81999998E+00  0.15206693E-01
  0.22000000E+00  0.83999998E+00  0.15484141E-01
  0.22000000E+00  0.85999998E+00  0.15755275E-01
  0.22000000E+00  0.87999998E+00  0.16019799E-01
  0.22000000E+00  0.89999998E+00  0.16277371E-01
  0.22000000E+00  0.91999998E+00  0.16527597E-01
  0.22000000E+00  0.93999998E+00  0.16770025E-01
  0.22000000E+00  0.95999998E+00  0.17004137E-01
  0.22000000E+00  0.97999998E+00  0.17229336E-01
  0.22000000E+00  0.99999998E+00  0.17444942E-01
  0.22000000E+00  0.10200000E+01  0.17650170E-01
  0.22000000E+00  0.10400000E+01  0.17844122E-01
  0.22000000E+00  0.10600000E+01  0.18025760E-01
  0.22000000E+00  0.10800000E+01  0.18193887E-01
  0.22000000E+00  0.11000000E+01  0.18347110E-01
  0.22000000E+00  0.11200000E+01  0.18483808E-01
  0.22000000E+00  0.11400000E+01  0.18602074E-01
  0.22000000E+00  0.11600000E+01  0.18699652E-01
  0.22000000E+00  0.11800000E+01  0.18773846E-01
  0.22000000E+00  0.12000000E+01  0.18821396E-01
  0.22000000E+00  0.12200000E+01  0.18838303E-01
  0.22000000E+00  0.12400000E+01  0.18819580E-01
  0.22000000E+00  0.12600000E+01  0.18758861E-01
  0.22000000E+00  0.12800000E+01  0.18647794E-01
  0.22000000E+00  0.13000000E+01  0.18475007E-01
  0.22000000E+00  0.13200000E+01  0.18224232E-01
  0.22000000E+00  0.13400000E+01  0.17870492E-01
  0.22000000E+00  0.13600000E+01  0.17371136E-01
  0.22000000E+00  0.13800000E+01  0.16638870E-01
  0.22000000E+00  0.14000000E+01  0.15407795E-01
  0.22000000E+00  0.14200000E+01  0.13139971E-01
  0.22000000E+00  0.14400000E+01  0.13320462E-01
  0.22000000E+00  0.14600000E+01  0.13501151E-01
  0.22000000E+00  0.14800000E+01  0.13682120E-01
  0.22000000E+00  0.15000000E+01  0.13863449E-01
  0.22000000E+00  0.15200000E+01  0.14045221E-01
  0.22000000E+00  0.15400000E+01  0.14227517E-01
  0.22000000E+00  0.15600000E+01  0.14410419E-01
  0.22000000E+00  0.15800000E+01  0.14594006E-01
  0.22000000E+00  0.16000000E+01  0.14778358E-01
  0.22000000E+00  0.16200000E+01  0.14963550E-01
  0.22000000E+00  0.16400000E+01  0.15149658E-01
  0.22000000E+00  0.16600000E+01  0.15336751E-01
  0.22000000E+00  0.16800000E+01  0.15524896E-01
  0.22000000E+00  0.17000000E+01  0.15714154E-01
  0.22000000E+00  0.17200000E+01  0.15904583E-01
  0.22000000E+00  0.17400000E+01  0.16096233E-01
  0.22000000E+00  0.17600000E+01  0.16289146E-01
  0.22000000E+00  0.17800000E+01  0.16483359E-01
  0.22000000E+00  0.18000000E+01  0.16678899E-01
  0.22000000E+00  0.18200000E+01  0.16875784E-01
  0.22000000E+00  0.18400000E+01  0.17074023E-01
  0.22000000E+00  0.18600000E+01  0.17273613E-01
  0.22000000E+00  0.18800000E+01  0.17474539E-01
  0.22000000E+00  0.19000000E+01  0.17676774E-01
  0.22000000E+00  0.19200000E+01  0.17880278E-01
  0.22000000E+00  0.19400000E+01  0.18084998E-01
  0.22000000E+00  0.19600000E+01  0.18290863E-01
  0.22000000E+00  0.19800000E+01  0.18497789E-01
  0.22000000E+00  0.20000000E+01  0.18705673E-01
  0.23999999E+00  0.00000000E+00  0.11046207E-02
  0.23999999E+00  0.20000000E-01  0.15003948E-02
  0.23999999E+00  0.39999999E-01  0.18781087E-02
  0.23999999E+00  0.59999999E-01  0.22384926E-02
  0.23999999E+00  0.79999998E-01  0.25822733E-02
  0.23999999E+00  0.99999998E-01  0.29100681E-02
  0.23999999E+00  0.12000000E+00  0.32220946E-02
  0.23999999E+00  0.14000000E+00  0.35172618E-02
  0.23999999E+00  0.16000000E+00  0.37892903E-02
  0.23999999E+00  0.18000000E+00  0.39761694E-02
  0.23999999E+00  0.20000000E+00  0.43225203E-02
  0.23999999E+00  0.22000000E+00  0.47417093E-02
  0.23999999E+00  0.23999999E+00  0.51592826E-02
  0.23999999E+00  0.25999999E+00  0.55748905E-02
  0.23999999E+00  0.27999999E+00  0.59882042E-02
  0.23999999E+00  0.29999999E+00  0.63989163E-02
  0.23999999E+00  0.31999999E+00  0.68067418E-02
  0.23999999E+00  0.33999999E+00  0.72114178E-02
  0.23999999E+00  0.35999999E+00  0.76127037E-02
  0.23999999E+00  0.37999999E+00  0.80103808E-02
  0.23999999E+00  0.39999999E+00  0.84042516E-02
  0.23999999E+00  0.41999999E+00  0.87941385E-02
  0.23999999E+00  0.43999999E+00  0.91798827E-02
  0.23999999E+00  0.45999999E+00  0.95613428E-02
  0.23999999E+00  0.47999999E+00  0.99383929E-02
  0.23999999E+00  0.49999999E+00  0.10310920E-01
  0.23999999E+00  0.51999999E+00  0.10678824E-01
  0.23999999E+00  0.53999999E+00  0.11042012E-01
  0.23999999E+00  0.55999999E+00  0.11400399E-01
  0.23999999E+00  0.57999999E+00  0.11753903E-01
  0.23999999E+00  0.59999999E+00  0.12102444E-01
  0.23999999E+00  0.61999999E+00  0.12445940E-01
  0.23999999E+00  0.63999999E+00  0.12784307E-01
  0.23999999E+00  0.65999999E+00  0.13117451E-01
  0.23999999E+00  0.67999998E+00  0.13445269E-01
  0.23999999E+00  0.69999998E+00  0.13767646E-01
  0.23999999E+00  0.71999998E+00  0.14084449E-01
  0.23999999E+00  0.73999998E+00  0.14395527E-01
  0.23999999E+00  0.75999998E+00  0.14700705E-01
  0.23999999E+00  0.77999998E+00  0.14999784E-01
  0.23999999E+00  0.79999998E+00  0.15292533E-01
  0.23999999E+00  0.81999998E+00  0.15578686E-01
  0.23999999E+00  0.83999998E+00  0.15857942E-01
  0.23999999E+00  0.85999998E+00  0.16129953E-01
  0.23999999E+00  0.87999998E+00  0.16394326E-01
  0.23999999E+00  0.89999998E+00  0.16650612E-01
  0.23999999E+00  0.91999998E+00  0.16898299E-01
  0.23999999E+00  0.93999998E+00  0.17136808E-01
  0.23999999E+00  0.95999998E+00  0.17365479E-01
  0.23999999E+00  0.97999998E+00  0.17583563E-01
  0.23999999E+00  0.99999998E+00  0.17790207E-01
  0.23999999E+00  0.10200000E+01  0.17984438E-01
  0.23999999E+00  0.10400000E+01  0.18165143E-01
  0.23999999E+00  0.10600000E+01  0.18331044E-01
  0.23999999E+00  0.10800000E+01  0.18480668E-01
  0.23999999E+00  0.11000000E+01  0.18612303E-01
  0.23999999E+00  0.11200000E+01  0.18723954E-01
  0.23999999E+00  0.11400000E+01  0.18813267E-01
  0.23999999E+00  0.11600000E+01  0.18877443E-01
  0.23999999E+00  0.11800000E+01  0.18913111E-01
  0.23999999E+00  0.12000000E+01  0.18916149E-01
  0.23999999E+00  0.12200000E+01  0.18881426E-01
  0.23999999E+00  0.12400000E+01  0.18802410E-01
  0.23999999E+00  0.12600000E+01  0.18670538E-01
  0.23999999E+00  0.12800000E+01  0.18474160E-01
  0.23999999E+00  0.13000000E+01  0.18196606E-01
  0.23999999E+00  0.13200000E+01  0.17812260E-01
  0.23999999E+00  0.13400000E+01  0.17277320E-01
  0.23999999E+00  0.13600000E+01  0.16501962E-01
  0.23999999E+00  0.13800000E+01  0.15211941E-01
  0.23999999E+00  0.14000000E+01  0.12853243E-01
  0.23999999E+00  0.14200000E+01  0.13030178E-01
  0.23999999E+00  0.14400000E+01  0.13207612E-01
  0.23999999E+00  0.14600000E+01  0.13385631E-01
  0.23999999E+00  0.14800000E+01  0.13564319E-01
  0.23999999E+00  0.15000000E+01  0.13743761E-01
  0.23999999E+00  0.15200000E+01  0.13924041E-01
  0.23999999E+00  0.15400000E+01  0.14105242E-01
  0.23999999E+00  0.15600000E+01  0.14287445E-01
  0.23999999E+00  0.15800000E+01  0.14470726E-01
  0.23999999E+00  0.16000000E+01  0.14655161E-01
  0.23999999E+00  0.16200000E+01  0.14840823E-01
  0.23999999E+00  0.16400000E+01  0.15027776E-01
  0.23999999E+00  0.16600000E+01  0.15216085E-01
  0.23999999E+00  0.16800000E+01  0.15405805E-01
  0.23999999E+00  0.17000000E+01  0.15596987E-01
  0.23999999E+00  0.17200000E+01  0.15789675E-01
  0.23999999E+00  0.17400000E+01  0.15983902E-01
  0.23999999E+00  0.17600000E+01  0.16179697E-01
  0.23999999E+00  0.17800000E+01  0.16377078E-01
  0.23999999E+00  0.18000000E+01  0.16576051E-01
  0.23999999E+00  0.18200000E+01  0.16776615E-01
  0.23999999E+00  0.18400000E+01  0.16978753E-01
  0.23999999E+00  0.18600000E+01  0.17182438E-01
  0.23999999E+00  0.18800000E+01  0.17387630E-01
  0.23999999E+00  0.19000000E+01  0.17594274E-01
  0.23999999E+00  0.19200000E+01  0.17802300E-01
  0.23999999E+00  0.19400000E+01  0.18011624E-01
  0.23999999E+00  0.19600000E+01  0.18222144E-01
  0.23999999E+00  0.19800000E+01  0.18433742E-01
  0.23999999E+00  0.20000000E+01  0.18646282E-01
  0.25999999E+00  0.00000000E+00  0.12946877E-02
  0.25999999E+00  0.20000000E-01  0.16630812E-02
  0.25999999E+00  0.39999999E-01  0.20167096E-02
  0.25999999E+00  0.59999999E-01  0.23556213E-02
  0.25999999E+00  0.79999998E-01  0.26795356E-02
  0.25999999E+00  0.99999998E-01  0.29873882E-02
  0.25999999E+00  0.12000000E+00  0.32760058E-02
  0.25999999E+00  0.14000000E+00  0.35347389E-02
  0.25999999E+00  0.16000000E+00  0.36789095E-02
  0.25999999E+00  0.18000000E+00  0.40145980E-02
  0.25999999E+00  0.20000000E+00  0.44440035E-02
  0.25999999E+00  0.22000000E+00  0.48721450E-02
  0.25999999E+00  0.23999999E+00  0.52986618E-02
  0.25999999E+00  0.25999999E+00  0.57232106E-02
  0.25999999E+00  0.27999999E+00  0.61454675E-02
  0.25999999E+00  0.29999999E+00  0.65651284E-02
  0.25999999E+00  0.31999999E+00  0.69819095E-02
  0.25999999E+00  0.33999999E+00  0.73955479E-02
  0.25999999E+00  0.35999999E+00  0.78058010E-02
  0.25999999E+00  0.37999999E+00  0.82124460E-02
  0.25999999E+00  0.39999999E+00  0.86152795E-02
  0.25999999E+00  0.41999999E+00  0.90141156E-02
  0.25999999E+00  0.43999999E+00  0.94087852E-02
  0.25999999E+00  0.45999999E+00  0.97991339E-02
  0.25999999E+00  0.47999999E+00  0.10185020E-01
  0.25999999E+00  0.49999999E+00  0.10566313E-01
  0.25999999E+00  0.51999999E+00  0.10942891E-01
  0.25999999E+00  0.53999999E+00  0.11314637E-01
  0.25999999E+00  0.55999999E+00  0.11681438E-01
  0.25999999E+00  0.57999999E+00  0.12043182E-01
  0.25999999E+00  0.59999999E+00  0.12399755E-01
  0.25999999E+00  0.61999999E+00  0.12751036E-01
  0.25999999E+00  0.63999999E+00  0.13096898E-01
  0.25999999E+00  0.65999999E+00  0.13437202E-01
  0.25999999E+00  0.67999998E+00  0.13771794E-01
  0.25999999E+00  0.69999998E+00  0.14100504E-01
  0.25999999E+00  0.71999998E+00  0.14423138E-01
  0.25999999E+00  0.73999998E+00  0.14739480E-01
  0.25999999E+00  0.75999998E+00  0.15049284E-01
  0.25999999E+00  0.77999998E+00  0.15352275E-01
  0.25999999E+00  0.79999998E+00  0.15648139E-01
  0.25999999E+00  0.81999998E+00  0.15936522E-01
  0.25999999E+00  0.83999998E+00  0.16217024E-01
  0.25999999E+00  0.85999998E+00  0.16489195E-01
  0.25999999E+00  0.87999998E+00  0.16752528E-01
  0.25999999E+00  0.89999998E+00  0.17006452E-01
  0.25999999E+00  0.91999998E+00  0.17250323E-01
  0.25999999E+00  0.93999998E+00  0.17483416E-01
  0.25999999E+00  0.95999998E+00  0.17704914E-01
  0.25999999E+00  0.97999998E+00  0.17913893E-01
  0.25999999E+00  0.99999998E+00  0.18109307E-01
  0.25999999E+00  0.10200000E+01  0.18289969E-01
  0.25999999E+00  0.10400000E+01  0.18454524E-01
  0.25999999E+00  0.10600000E+01  0.18601418E-01
  0.25999999E+00  0.10800000E+01  0.18728861E-01
  0.25999999E+00  0.11000000E+01  0.18834772E-01
  0.25999999E+00  0.11200000E+01  0.18916712E-01
  0.25999999E+00  0.11400000E+01  0.18971792E-01
  0.25999999E+00  0.11600000E+01  0.18996548E-01
  0.25999999E+00  0.11800000E+01  0.18986759E-01
  0.25999999E+00  0.12000000E+01  0.18937184E-01
  0.25999999E+00  0.12200000E+01  0.18841164E-01
  0.25999999E+00  0.12400000E+01  0.18689985E-01
  0.25999999E+00  0.12600000E+01  0.18471797E-01
  0.25999999E+00  0.12800000E+01  0.18169640E-01
  0.25999999E+00  0.13000000E+01  0.17757441E-01
  0.25999999E+00  0.13200000E+01  0.17190542E-01
  0.25999999E+00  0.13400000E+01  0.16377192E-01
  0.25999999E+00  0.13600000E+01  0.15036589E-01
  0.25999999E+00  0.13800000E+01  0.12602321E-01
  0.25999999E+00  0.14000000E+01  0.12775163E-01
  0.25999999E+00  0.14200000E+01  0.12948788E-01
  0.25999999E+00  0.14400000E+01  0.13123289E-01
  0.25999999E+00  0.14600000E+01  0.13298759E-01
  0.25999999E+00  0.14800000E+01  0.13475289E-01
  0.25999999E+00  0.15000000E+01  0.13652968E-01
  0.25999999E+00  0.15200000E+01  0.13831884E-01
  0.25999999E+00  0.15400000E+01  0.14012121E-01
  0.25999999E+00  0.15600000E+01  0.14193760E-01
  0.25999999E+00  0.15800000E+01  0.14376878E-01
  0.25999999E+00  0.16000000E+01  0.14561548E-01
  0.25999999E+00  0.16200000E+01  0.14747837E-01
  0.25999999E+00  0.16400000E+01  0.14935806E-01
  0.25999999E+00  0.16600000E+01  0.15125512E-01
  0.25999999E+00  0.16800000E+01  0.15317001E-01
  0.25999999E+00  0.17000000E+01  0.15510313E-01
  0.25999999E+00  0.17200000E+01  0.15705480E-01
  0.25999999E+00  0.17400000E+01  0.15902524E-01
  0.25999999E+00  0.17600000E+01  0.16101456E-01
  0.25999999E+00  0.17800000E+01  0.16302277E-01
  0.25999999E+00  0.18000000E+01  0.16504976E-01
  0.25999999E+00  0.18200000E+01  0.16709529E-01
  0.25999999E+00  0.18400000E+01  0.16915900E-01
  0.25999999E+00  0.18600000E+01  0.17124037E-01
  0.25999999E+00  0.18800000E+01  0.17333874E-01
  0.25999999E+00  0.19000000E+01  0.17545329E-01
  0.25999999E+00  0.19200000E+01  0.17758305E-01
  0.25999999E+00  0.19400000E+01  0.17972686E-01
  0.25999999E+00  0.19600000E+01  0.18188340E-01
  0.25999999E+00  0.19800000E+01  0.18405116E-01
  0.25999999E+00  0.20000000E+01  0.18622843E-01
  0.27999999E+00  0.00000000E+00  0.14911816E-02
  0.27999999E+00  0.20000000E-01  0.18297378E-02
  0.27999999E+00  0.39999999E-01  0.21554165E-02
  0.27999999E+00  0.59999999E-01  0.24670228E-02
  0.27999999E+00  0.79999998E-01  0.27621542E-02
  0.27999999E+00  0.99999998E-01  0.30353995E-02
  0.27999999E+00  0.12000000E+00  0.32712520E-02
  0.27999999E+00  0.14000000E+00  0.33586990E-02
  0.27999999E+00  0.16000000E+00  0.36782467E-02
  0.27999999E+00  0.18000000E+00  0.41165506E-02
  0.27999999E+00  0.20000000E+00  0.45540549E-02
  0.27999999E+00  0.22000000E+00  0.49903877E-02
  0.27999999E+00  0.23999999E+00  0.54251917E-02
  0.27999999E+00  0.25999999E+00  0.58581255E-02
  0.27999999E+00  0.27999999E+00  0.62888650E-02
  0.27999999E+00  0.29999999E+00  0.67171043E-02
  0.27999999E+00  0.31999999E+00  0.71425560E-02
  0.27999999E+00  0.33999999E+00  0.75649512E-02
  0.27999999E+00  0.35999999E+00  0.79840395E-02
  0.27999999E+00  0.37999999E+00  0.83995884E-02
  0.27999999E+00  0.39999999E+00  0.88113817E-02
  0.27999999E+00  0.41999999E+00  0.92192191E-02
  0.27999999E+00  0.43999999E+00  0.96229138E-02
  0.27999999E+00  0.45999999E+00  0.10022291E-01
  0.27999999E+00  0.47999999E+00  0.10417187E-01
  0.27999999E+00  0.49999999E+00  0.10807445E-01
  0.27999999E+00  0.51999999E+00  0.11192912E-01
  0.27999999E+00  0.53999999E+00  0.11573441E-01
  0.27999999E+00  0.55999999E+00  0.11948881E-01
  0.27999999E+00  0.57999999E+00  0.12319082E-01
  0.27999999E+00  0.59999999E+00  0.12683883E-01
  0.27999999E+00  0.61999999E+00  0.13043119E-01
  0.27999999E+00  0.63999999E+00  0.13396610E-01
  0.27999999E+00  0.65999999E+00  0.13744159E-01
  0.27999999E+00  0.67999998E+00  0.14085552E-01
  0.27999999E+00  0.69999998E+00  0.14420553E-01
  0.27999999E+00  0.71999998E+00  0.14748898E-01
  0.27999999E+00  0.73999998E+00  0.15070294E-01
  0.27999999E+00  0.75999998E+00  0.15384414E-01
  0.27999999E+00  0.77999998E+00  0.15690893E-01
  0.27999999E+00  0.79999998E+00  0.15989322E-01
  0.27999999E+00  0.81999998E+00  0.16279246E-01
  0.27999999E+00  0.83999998E+00  0.16560157E-01
  0.27999999E+00  0.85999998E+00  0.16831486E-01
  0.27999999E+00  0.87999998E+00  0.17092599E-01
  0.27999999E+00  0.89999998E+00  0.17342788E-01
  0.27999999E+00  0.91999998E+00  0.17581261E-01
  0.27999999E+00  0.93999998E+00  0.17807132E-01
  0.27999999E+00  0.95999998E+00  0.18019406E-01
  0.27999999E+00  0.97999998E+00  0.18216964E-01
  0.27999999E+00  0.99999998E+00  0.18398546E-01
  0.27999999E+00  0.10200000E+01  0.18562721E-01
  0.27999999E+00  0.10400000E+01  0.18707861E-01
  0.27999999E+00  0.10600000E+01  0.18832098E-01
  0.27999999E+00  0.10800000E+01  0.18933274E-01
  0.27999999E+00  0.11000000E+01  0.19008874E-01
  0.27999999E+00  0.11200000E+01  0.19055932E-01
  0.27999999E+00  0.11400000E+01  0.19070906E-01
  0.27999999E+00  0.11600000E+01  0.19049495E-01
  0.27999999E+00  0.11800000E+01  0.18986378E-01
  0.27999999E+00  0.12000000E+01  0.18874807E-01
  0.27999999E+00  0.12200000E+01  0.18705965E-01
  0.27999999E+00  0.12400000E+01  0.18467874E-01
  0.27999999E+00  0.12600000E+01  0.18143392E-01
  0.27999999E+00  0.12800000E+01  0.17706141E-01
  0.27999999E+00  0.13000000E+01  0.17110883E-01
  0.27999999E+00  0.13200000E+01  0.16264490E-01
  0.27999999E+00  0.13400000E+01  0.14881245E-01
  0.27999999E+00  0.13600000E+01  0.12385701E-01
  0.27999999E+00  0.13800000E+01  0.12554065E-01
  0.27999999E+00  0.14000000E+01  0.12723469E-01
  0.27999999E+00  0.14200000E+01  0.12894019E-01
  0.27999999E+00  0.14400000E+01  0.13065818E-01
  0.27999999E+00  0.14600000E+01  0.13238966E-01
  0.27999999E+00  0.14800000E+01  0.13413562E-01
  0.27999999E+00  0.15000000E+01  0.13589701E-01
  0.27999999E+00  0.15200000E+01  0.13767475E-01
  0.27999999E+00  0.15400000E+01  0.13946970E-01
  0.27999999E+00  0.15600000E+01  0.14128270E-01
  0.27999999E+00  0.15800000E+01  0.14311450E-01
  0.27999999E+00  0.16000000E+01  0.14496583E-01
  0.27999999E+00  0.16200000E+01  0.14683733E-01
  0.27999999E+00  0.16400000E+01  0.14872956E-01
  0.27999999E+00  0.16600000E+01  0.15064302E-01
  0.27999999E+00  0.16800000E+01  0.15257811E-01
  0.27999999E+00  0.17000000E+01  0.15453513E-01
  0.27999999E+00  0.17200000E+01  0.15651428E-01
  0.27999999E+00  0.17400000E+01  0.15851566E-01
  0.27999999E+00  0.17600000E+01  0.16053924E-01
  0.27999999E+00  0.17800000E+01  0.16258487E-01
  0.27999999E+00  0.18000000E+01  0.16465226E-01
  0.27999999E+00  0.18200000E+01  0.16674098E-01
  0.27999999E+00  0.18400000E+01  0.16885044E-01
  0.27999999E+00  0.18600000E+01  0.17097990E-01
  0.27999999E+00  0.18800000E+01  0.17312847E-01
  0.27999999E+00  0.19000000E+01  0.17529506E-01
  0.27999999E+00  0.19200000E+01  0.17747842E-01
  0.27999999E+00  0.19400000E+01  0.17967709E-01
  0.27999999E+00  0.19600000E+01  0.18188944E-01
  0.27999999E+00  0.19800000E+01  0.18411364E-01
  0.27999999E+00  0.20000000E+01  0.18634764E-01
  0.29999999E+00  0.00000000E+00  0.16867722E-02
  0.29999999E+00  0.20000000E-01  0.19906714E-02
  0.29999999E+00  0.39999999E-01  0.22812799E-02
  0.29999999E+00  0.59999999E-01  0.25547798E-02
  0.29999999E+00  0.79999998E-01  0.28033310E-02
  0.29999999E+00  0.99999998E-01  0.30059985E-02
  0.29999999E+00  0.12000000E+00  0.30212704E-02
  0.29999999E+00  0.14000000E+00  0.33185423E-02
  0.29999999E+00  0.16000000E+00  0.37642423E-02
  0.29999999E+00  0.18000000E+00  0.42097100E-02
  0.29999999E+00  0.20000000E+00  0.46545637E-02
  0.29999999E+00  0.22000000E+00  0.50984324E-02
  0.29999999E+00  0.23999999E+00  0.55409576E-02
  0.29999999E+00  0.25999999E+00  0.59817951E-02
  0.29999999E+00  0.27999999E+00  0.64206160E-02
  0.29999999E+00  0.29999999E+00  0.68571075E-02
  0.29999999E+00  0.31999999E+00  0.72909733E-02
  0.29999999E+00  0.33999999E+00  0.77219335E-02
  0.29999999E+00  0.35999999E+00  0.81497243E-02
  0.29999999E+00  0.37999999E+00  0.85740970E-02
  0.29999999E+00  0.39999999E+00  0.89948173E-02
  0.29999999E+00  0.41999999E+00  0.94116634E-02
  0.29999999E+00  0.43999999E+00  0.98244246E-02
  0.29999999E+00  0.45999999E+00  0.10232899E-01
  0.29999999E+00  0.47999999E+00  0.10636893E-01
  0.29999999E+00  0.49999999E+00  0.11036214E-01
  0.29999999E+00  0.51999999E+00  0.11430676E-01
  0.29999999E+00  0.53999999E+00  0.11820087E-01
  0.29999999E+00  0.55999999E+00  0.12204255E-01
  0.29999999E+00  0.57999999E+00  0.12582978E-01
  0.29999999E+00  0.59999999E+00  0.12956047E-01
  0.29999999E+00  0.61999999E+00  0.13323236E-01
  0.29999999E+00  0.63999999E+00  0.13684305E-01
  0.29999999E+00  0.65999999E+00  0.14038992E-01
  0.29999999E+00  0.67999998E+00  0.14387012E-01
  0.29999999E+00  0.69999998E+00  0.14728053E-01
  0.29999999E+00  0.71999998E+00  0.15061768E-01
  0.29999999E+00  0.73999998E+00  0.15387779E-01
  0.29999999E+00  0.75999998E+00  0.15705664E-01
  0.29999999E+00  0.77999998E+00  0.16014960E-01
  0.29999999E+00  0.79999998E+00  0.16315152E-01
  0.29999999E+00  0.81999998E+00  0.16605670E-01
  0.29999999E+00  0.83999998E+00  0.16885883E-01
  0.29999999E+00  0.85999998E+00  0.17155094E-01
  0.29999999E+00  0.87999998E+00  0.17412527E-01
  0.29999999E+00  0.89999998E+00  0.17657322E-01
  0.29999999E+00  0.91999998E+00  0.17888524E-01
  0.29999999E+00  0.93999998E+00  0.18105066E-01
  0.29999999E+00  0.95999998E+00  0.18305758E-01
  0.29999999E+00  0.97999998E+00  0.18489266E-01
  0.29999999E+00  0.99999998E+00  0.18654086E-01
  0.29999999E+00  0.10200000E+01  0.18798517E-01
  0.29999999E+00  0.10400000E+01  0.18920620E-01
  0.29999999E+00  0.10600000E+01  0.19018165E-01
  0.29999999E+00  0.10800000E+01  0.19088567E-01
  0.29999999E+00  0.11000000E+01  0.19128795E-01
  0.29999999E+00  0.11200000E+01  0.19135242E-01
  0.29999999E+00  0.11400000E+01  0.19103547E-01
  0.29999999E+00  0.11600000E+01  0.19028332E-01
  0.29999999E+00  0.11800000E+01  0.18902792E-01
  0.29999999E+00  0.12000000E+01  0.18718056E-01
  0.29999999E+00  0.12200000E+01  0.18462078E-01
  0.29999999E+00  0.12400000E+01  0.18117625E-01
  0.29999999E+00  0.12600000E+01  0.17658162E-01
  0.29999999E+00  0.12800000E+01  0.17038116E-01
  0.29999999E+00  0.13000000E+01  0.16163483E-01
  0.29999999E+00  0.13200000E+01  0.14745142E-01
  0.29999999E+00  0.13400000E+01  0.12201689E-01
  0.29999999E+00  0.13600000E+01  0.12365332E-01
  0.29999999E+00  0.13800000E+01  0.12530242E-01
  0.29999999E+00  0.14000000E+01  0.12696537E-01
  0.29999999E+00  0.14200000E+01  0.12864335E-01
  0.29999999E+00  0.14400000E+01  0.13033747E-01
  0.29999999E+00  0.14600000E+01  0.13204884E-01
  0.29999999E+00  0.14800000E+01  0.13377852E-01
  0.29999999E+00  0.15000000E+01  0.13552751E-01
  0.29999999E+00  0.15200000E+01  0.13729679E-01
  0.29999999E+00  0.15400000E+01  0.13908726E-01
  0.29999999E+00  0.15600000E+01  0.14089977E-01
  0.29999999E+00  0.15800000E+01  0.14273510E-01
  0.29999999E+00  0.16000000E+01  0.14459394E-01
  0.29999999E+00  0.16200000E+01  0.14647693E-01
  0.29999999E+00  0.16400000E+01  0.14838460E-01
  0.29999999E+00  0.16600000E+01  0.15031737E-01
  0.29999999E+00  0.16800000E+01  0.15227558E-01
  0.29999999E+00  0.17000000E+01  0.15425947E-01
  0.29999999E+00  0.17200000E+01  0.15626911E-01
  0.29999999E+00  0.17400000E+01  0.15830450E-01
  0.29999999E+00  0.17600000E+01  0.16036546E-01
  0.29999999E+00  0.17800000E+01  0.16245170E-01
  0.29999999E+00  0.18000000E+01  0.16456275E-01
  0.29999999E+00  0.18200000E+01  0.16669800E-01
  0.29999999E+00  0.18400000E+01  0.16885666E-01
  0.29999999E+00  0.18600000E+01  0.17103777E-01
  0.29999999E+00  0.18800000E+01  0.17324020E-01
  0.29999999E+00  0.19000000E+01  0.17546259E-01
  0.29999999E+00  0.19200000E+01  0.17770342E-01
  0.29999999E+00  0.19400000E+01  0.17996096E-01
  0.29999999E+00  0.19600000E+01  0.18223326E-01
  0.29999999E+00  0.19800000E+01  0.18451816E-01
  0.29999999E+00  0.20000000E+01  0.18681328E-01
  0.31999999E+00  0.00000000E+00  0.18703215E-02
  0.31999999E+00  0.20000000E-01  0.21309789E-02
  0.31999999E+00  0.39999999E-01  0.23735769E-02
  0.31999999E+00  0.59999999E-01  0.25876167E-02
  0.31999999E+00  0.79999998E-01  0.27460760E-02
  0.31999999E+00  0.99999998E-01  0.26722584E-02
  0.31999999E+00  0.12000000E+00  0.29404702E-02
  0.31999999E+00  0.14000000E+00  0.33919084E-02
  0.31999999E+00  0.16000000E+00  0.38437748E-02
  0.31999999E+00  0.18000000E+00  0.42956797E-02
  0.31999999E+00  0.20000000E+00  0.47472398E-02
  0.31999999E+00  0.22000000E+00  0.51980804E-02
  0.31999999E+00  0.23999999E+00  0.56478376E-02
  0.31999999E+00  0.25999999E+00  0.60961599E-02
  0.31999999E+00  0.27999999E+00  0.65427088E-02
  0.31999999E+00  0.29999999E+00  0.69871598E-02
  0.31999999E+00  0.31999999E+00  0.74292027E-02
  0.31999999E+00  0.33999999E+00  0.78685414E-02
  0.31999999E+00  0.35999999E+00  0.83048931E-02
  0.31999999E+00  0.37999999E+00  0.87379876E-02
  0.31999999E+00  0.39999999E+00  0.91675660E-02
  0.31999999E+00  0.41999999E+00  0.95933792E-02
  0.31999999E+00  0.43999999E+00  0.10015186E-01
  0.31999999E+00  0.45999999E+00  0.10432751E-01
  0.31999999E+00  0.47999999E+00  0.10845842E-01
  0.31999999E+00  0.49999999E+00  0.11254227E-01
  0.31999999E+00  0.51999999E+00  0.11657674E-01
  0.31999999E+00  0.53999999E+00  0.12055944E-01
  0.31999999E+00  0.55999999E+00  0.12448792E-01
  0.31999999E+00  0.57999999E+00  0.12835959E-01
  0.31999999E+00  0.59999999E+00  0.13217174E-01
  0.31999999E+00  0.61999999E+00  0.13592148E-01
  0.31999999E+00  0.63999999E+00  0.13960569E-01
  0.31999999E+00  0.65999999E+00  0.14322099E-01
  0.31999999E+00  0.67999998E+00  0.14676375E-01
  0.31999999E+00  0.69999998E+00  0.15022996E-01
  0.31999999E+00  0.71999998E+00  0.15361527E-01
  0.31999999E+00  0.73999998E+00  0.15691490E-01
  0.31999999E+00  0.75999998E+00  0.16012361E-01
  0.31999999E+00  0.77999998E+00  0.16323566E-01
  0.31999999E+00  0.79999998E+00  0.16624472E-01
  0.31999999E+00  0.81999998E+00  0.16914384E-01
  0.31999999E+00  0.83999998E+00  0.17192538E-01
  0.31999999E+00  0.85999998E+00  0.17458091E-01
  0.31999999E+00  0.87999998E+00  0.17710114E-01
  0.31999999E+00  0.89999998E+00  0.17947580E-01
  0.31999999E+00  0.91999998E+00  0.18169354E-01
  0.31999999E+00  0.93999998E+00  0.18374172E-01
  0.31999999E+00  0.95999998E+00  0.18560629E-01
  0.31999999E+00  0.97999998E+00  0.18727150E-01
  0.31999999E+00  0.99999998E+00  0.18871963E-01
  0.31999999E+00  0.10200000E+01  0.18993060E-01
  0.31999999E+00  0.10400000E+01  0.19088145E-01
  0.31999999E+00  0.10600000E+01  0.19154571E-01
  0.31999999E+00  0.10800000E+01  0.19189250E-01
  0.31999999E+00  0.11000000E+01  0.19188522E-01
  0.31999999E+00  0.11200000E+01  0.19147983E-01
  0.31999999E+00  0.11400000E+01  0.19062218E-01
  0.31999999E+00  0.11600000E+01  0.18924397E-01
  0.31999999E+00  0.11800000E+01  0.18725630E-01
  0.31999999E+00  0.12000000E+01  0.18453865E-01
  0.31999999E+00  0.12200000E+01  0.18091858E-01
  0.31999999E+00  0.12400000E+01  0.17613046E-01
  0.31999999E+00  0.12600000E+01  0.16971747E-01
  0.31999999E+00  0.12800000E+01  0.16073536E-01
  0.31999999E+00  0.13000000E+01  0.14627276E-01
  0.31999999E+00  0.13200000E+01  0.12048423E-01
  0.31999999E+00  0.13400000E+01  0.12207240E-01
  0.31999999E+00  0.13600000E+01  0.12367513E-01
  0.31999999E+00  0.13800000E+01  0.12529377E-01
  0.31999999E+00  0.14000000E+01  0.12692963E-01
  0.31999999E+00  0.14200000E+01  0.12858398E-01
  0.31999999E+00  0.14400000E+01  0.13025806E-01
  0.31999999E+00  0.14600000E+01  0.13195306E-01
  0.31999999E+00  0.14800000E+01  0.13367011E-01
  0.31999999E+00  0.15000000E+01  0.13541031E-01
  0.31999999E+00  0.15200000E+01  0.13717466E-01
  0.31999999E+00  0.15400000E+01  0.13896412E-01
  0.31999999E+00  0.15600000E+01  0.14077956E-01
  0.31999999E+00  0.15800000E+01  0.14262177E-01
  0.31999999E+00  0.16000000E+01  0.14449146E-01
  0.31999999E+00  0.16200000E+01  0.14638923E-01
  0.31999999E+00  0.16400000E+01  0.14831558E-01
  0.31999999E+00  0.16600000E+01  0.15027091E-01
  0.31999999E+00  0.16800000E+01  0.15225549E-01
  0.31999999E+00  0.17000000E+01  0.15426946E-01
  0.31999999E+00  0.17200000E+01  0.15631282E-01
  0.31999999E+00  0.17400000E+01  0.15838545E-01
  0.31999999E+00  0.17600000E+01  0.16048705E-01
  0.31999999E+00  0.17800000E+01  0.16261717E-01
  0.31999999E+00  0.18000000E+01  0.16477521E-01
  0.31999999E+00  0.18200000E+01  0.16696035E-01
  0.31999999E+00  0.18400000E+01  0.16917162E-01
  0.31999999E+00  0.18600000E+01  0.17140784E-01
  0.31999999E+00  0.18800000E+01  0.17366763E-01
  0.31999999E+00  0.19000000E+01  0.17594941E-01
  0.31999999E+00  0.19200000E+01  0.17825138E-01
  0.31999999E+00  0.19400000E+01  0.18057150E-01
  0.31999999E+00  0.19600000E+01  0.18290753E-01
  0.31999999E+00  0.19800000E+01  0.18525697E-01
  0.31999999E+00  0.20000000E+01  0.18761711E-01
  0.33999999E+00  0.00000000E+00  0.20247062E-02
  0.33999999E+00  0.20000000E-01  0.22267671E-02
  0.33999999E+00  0.39999999E-01  0.23959806E-02
  0.33999999E+00  0.59999999E-01  0.24984854E-02
  0.33999999E+00  0.79999998E-01  0.23171751E-02
  0.33999999E+00  0.99999998E-01  0.25489008E-02
  0.33999999E+00  0.12000000E+00  0.30042899E-02
  0.33999999E+00  0.14000000E+00  0.34608516E-02
  0.33999999E+00  0.16000000E+00  0.39181902E-02
  0.33999999E+00  0.18000000E+00  0.43759119E-02
  0.33999999E+00  0.20000000E+00  0.48336273E-02
  0.33999999E+00  0.22000000E+00  0.52909542E-02
  0.33999999E+00  0.23999999E+00  0.57475187E-02
  0.33999999E+00  0.25999999E+00  0.62029575E-02
  0.33999999E+00  0.27999999E+00  0.66569181E-02
  0.33999999E+00  0.29999999E+00  0.71090598E-02
  0.33999999E+00  0.31999999E+00  0.75590535E-02
  0.33999999E+00  0.33999999E+00  0.80065816E-02
  0.33999999E+00  0.35999999E+00  0.84513372E-02
  0.33999999E+00  0.37999999E+00  0.88930229E-02
  0.33999999E+00  0.39999999E+00  0.93313498E-02
  0.33999999E+00  0.41999999E+00  0.97660351E-02
  0.33999999E+00  0.43999999E+00  0.10196801E-01
  0.33999999E+00  0.45999999E+00  0.10623371E-01
  0.33999999E+00  0.47999999E+00  0.11045470E-01
  0.33999999E+00  0.49999999E+00  0.11462818E-01
  0.33999999E+00  0.51999999E+00  0.11875130E-01
  0.33999999E+00  0.53999999E+00  0.12282112E-01
  0.33999999E+00  0.55999999E+00  0.12683457E-01
  0.33999999E+00  0.57999999E+00  0.13078844E-01
  0.33999999E+00  0.59999999E+00  0.13467932E-01
  0.33999999E+00  0.61999999E+00  0.13850356E-01
  0.33999999E+00  0.63999999E+00  0.14225726E-01
  0.33999999E+00  0.65999999E+00  0.14593622E-01
  0.33999999E+00  0.67999998E+00  0.14953589E-01
  0.33999999E+00  0.69999998E+00  0.15305132E-01
  0.33999999E+00  0.71999998E+00  0.15647715E-01
  0.33999999E+00  0.73999998E+00  0.15980752E-01
  0.33999999E+00  0.75999998E+00  0.16303607E-01
  0.33999999E+00  0.77999998E+00  0.16615582E-01
  0.33999999E+00  0.79999998E+00  0.16915918E-01
  0.33999999E+00  0.81999998E+00  0.17203783E-01
  0.33999999E+00  0.83999998E+00  0.17478265E-01
  0.33999999E+00  0.85999998E+00  0.17738367E-01
  0.33999999E+00  0.87999998E+00  0.17982990E-01
  0.33999999E+00  0.89999998E+00  0.18210928E-01
  0.33999999E+00  0.91999998E+00  0.18420848E-01
  0.33999999E+00  0.93999998E+00  0.18611271E-01
  0.33999999E+00  0.95999998E+00  0.18780554E-01
  0.33999999E+00  0.97999998E+00  0.18926856E-01
  0.33999999E+00  0.99999998E+00  0.19048104E-01
  0.33999999E+00  0.10200000E+01  0.19141942E-01
  0.33999999E+00  0.10400000E+01  0.19205665E-01
  0.33999999E+00  0.10600000E+01  0.19236135E-01
  0.33999999E+00  0.10800000E+01  0.19229653E-01
  0.33999999E+00  0.11000000E+01  0.19181783E-01
  0.33999999E+00  0.11200000E+01  0.19087094E-01
  0.33999999E+00  0.11400000E+01  0.18938756E-01
  0.33999999E+00  0.11600000E+01  0.18727896E-01
  0.33999999E+00  0.11800000E+01  0.18442504E-01
  0.33999999E+00  0.12000000E+01  0.18065403E-01
  0.33999999E+00  0.12200000E+01  0.17570117E-01
  0.33999999E+00  0.12400000E+01  0.16911055E-01
  0.33999999E+00  0.12600000E+01  0.15993792E-01
  0.33999999E+00  0.12800000E+01  0.14526443E-01
  0.33999999E+00  0.13000000E+01  0.11923903E-01
  0.33999999E+00  0.13200000E+01  0.12077916E-01
  0.33999999E+00  0.13400000E+01  0.12233535E-01
  0.33999999E+00  0.13600000E+01  0.12390909E-01
  0.33999999E+00  0.13800000E+01  0.12550188E-01
  0.33999999E+00  0.14000000E+01  0.12711515E-01
  0.33999999E+00  0.14200000E+01  0.12875028E-01
  0.33999999E+00  0.14400000E+01  0.13040863E-01
  0.33999999E+00  0.14600000E+01  0.13209147E-01
  0.33999999E+00  0.14800000E+01  0.13380003E-01
  0.33999999E+00  0.15000000E+01  0.13553545E-01
  0.33999999E+00  0.15200000E+01  0.13729881E-01
  0.33999999E+00  0.15400000E+01  0.13909112E-01
  0.33999999E+00  0.15600000E+01  0.14091327E-01
  0.33999999E+00  0.15800000E+01  0.14276607E-01
  0.33999999E+00  0.16000000E+01  0.14465024E-01
  0.33999999E+00  0.16200000E+01  0.14656636E-01
  0.33999999E+00  0.16400000E+01  0.14851493E-01
  0.33999999E+00  0.16600000E+01  0.15049628E-01
  0.33999999E+00  0.16800000E+01  0.15251064E-01
  0.33999999E+00  0.17000000E+01  0.15455808E-01
  0.33999999E+00  0.17200000E+01  0.15663852E-01
  0.33999999E+00  0.17400000E+01  0.15875172E-01
  0.33999999E+00  0.17600000E+01  0.16089728E-01
  0.33999999E+00  0.17800000E+01  0.16307461E-01
  0.33999999E+00  0.18000000E+01  0.16528293E-01
  0.33999999E+00  0.18200000E+01  0.16752128E-01
  0.33999999E+00  0.18400000E+01  0.16978849E-01
  0.33999999E+00  0.18600000E+01  0.17208316E-01
  0.33999999E+00  0.18800000E+01  0.17440368E-01
  0.33999999E+00  0.19000000E+01  0.17674823E-01
  0.33999999E+00  0.19200000E+01  0.17911472E-01
  0.33999999E+00  0.19400000E+01  0.18150084E-01
  0.33999999E+00  0.19600000E+01  0.18390402E-01
  0.33999999E+00  0.19800000E+01  0.18632142E-01
  0.33999999E+00  0.20000000E+01  0.18874996E-01
  0.35999999E+00  0.00000000E+00  0.21224709E-02
  0.35999999E+00  0.20000000E-01  0.22360375E-02
  0.35999999E+00  0.39999999E-01  0.22701104E-02
  0.35999999E+00  0.59999999E-01  0.19613874E-02
  0.35999999E+00  0.79999998E-01  0.21485666E-02
  0.35999999E+00  0.99999998E-01  0.26060148E-02
  0.35999999E+00  0.12000000E+00  0.30654546E-02
  0.35999999E+00  0.14000000E+00  0.35264867E-02
  0.35999999E+00  0.16000000E+00  0.39887089E-02
  0.35999999E+00  0.18000000E+00  0.44517191E-02
  0.35999999E+00  0.20000000E+00  0.49151180E-02
  0.35999999E+00  0.22000000E+00  0.53785111E-02
  0.35999999E+00  0.23999999E+00  0.58415111E-02
  0.35999999E+00  0.25999999E+00  0.63037383E-02
  0.35999999E+00  0.27999999E+00  0.67648218E-02
  0.35999999E+00  0.29999999E+00  0.72244002E-02
  0.35999999E+00  0.31999999E+00  0.76821207E-02
  0.35999999E+00  0.33999999E+00  0.81376393E-02
  0.35999999E+00  0.35999999E+00  0.85906199E-02
  0.35999999E+00  0.37999999E+00  0.90407325E-02
  0.35999999E+00  0.39999999E+00  0.94876523E-02
  0.35999999E+00  0.41999999E+00  0.99310572E-02
  0.35999999E+00  0.43999999E+00  0.10370626E-01
  0.35999999E+00  0.45999999E+00  0.10806037E-01
  0.35999999E+00  0.47999999E+00  0.11236963E-01
  0.35999999E+00  0.49999999E+00  0.11663069E-01
  0.35999999E+00  0.51999999E+00  0.12084013E-01
  0.35999999E+00  0.53999999E+00  0.12499435E-01
  0.35999999E+00  0.55999999E+00  0.12908964E-01
  0.35999999E+00  0.57999999E+00  0.13312203E-01
  0.35999999E+00  0.59999999E+00  0.13708735E-01
  0.35999999E+00  0.61999999E+00  0.14098114E-01
  0.35999999E+00  0.63999999E+00  0.14479863E-01
  0.35999999E+00  0.65999999E+00  0.14853467E-01
  0.35999999E+00  0.67999998E+00  0.15218373E-01
  0.35999999E+00  0.69999998E+00  0.15573984E-01
  0.35999999E+00  0.71999998E+00  0.15919653E-01
  0.35999999E+00  0.73999998E+00  0.16254677E-01
  0.35999999E+00  0.75999998E+00  0.16578296E-01
  0.35999999E+00  0.77999998E+00  0.16889682E-01
  0.35999999E+00  0.79999998E+00  0.17187936E-01
  0.35999999E+00  0.81999998E+00  0.17472078E-01
  0.35999999E+00  0.83999998E+00  0.17741039E-01
  0.35999999E+00  0.85999998E+00  0.17993652E-01
  0.35999999E+00  0.87999998E+00  0.18228639E-01
  0.35999999E+00  0.89999998E+00  0.18444596E-01
  0.35999999E+00  0.91999998E+00  0.18639975E-01
  0.35999999E+00  0.93999998E+00  0.18813065E-01
  0.35999999E+00  0.95999998E+00  0.18961960E-01
  0.35999999E+00  0.97999998E+00  0.19084522E-01
  0.35999999E+00  0.99999998E+00  0.19178340E-01
  0.35999999E+00  0.10200000E+01  0.19240658E-01
  0.35999999E+00  0.10400000E+01  0.19268295E-01
  0.35999999E+00  0.10600000E+01  0.19257521E-01
  0.35999999E+00  0.10800000E+01  0.19203882E-01
  0.35999999E+00  0.11000000E+01  0.19101947E-01
  0.35999999E+00  0.11200000E+01  0.18944907E-01
  0.35999999E+00  0.11400000E+01  0.18723942E-01
  0.35999999E+00  0.11600000E+01  0.18427124E-01
  0.35999999E+00  0.11800000E+01  0.18037411E-01
  0.35999999E+00  0.12000000E+01  0.17528520E-01
  0.35999999E+00  0.12200000E+01  0.16855134E-01
  0.35999999E+00  0.12400000E+01  0.15923206E-01
  0.35999999E+00  0.12600000E+01  0.14441271E-01
  0.35999999E+00  0.12800000E+01  0.11826017E-01
  0.35999999E+00  0.13000000E+01  0.11975368E-01
  0.35999999E+00  0.13200000E+01  0.12126429E-01
  0.35999999E+00  0.13400000E+01  0.12279369E-01
  0.35999999E+00  0.13600000E+01  0.12434355E-01
  0.35999999E+00  0.13800000E+01  0.12591548E-01
  0.35999999E+00  0.14000000E+01  0.12751104E-01
  0.35999999E+00  0.14200000E+01  0.12913172E-01
  0.35999999E+00  0.14400000E+01  0.13077899E-01
  0.35999999E+00  0.14600000E+01  0.13245422E-01
  0.35999999E+00  0.14800000E+01  0.13415871E-01
  0.35999999E+00  0.15000000E+01  0.13589369E-01
  0.35999999E+00  0.15200000E+01  0.13766029E-01
  0.35999999E+00  0.15400000E+01  0.13945956E-01
  0.35999999E+00  0.15600000E+01  0.14129244E-01
  0.35999999E+00  0.15800000E+01  0.14315977E-01
  0.35999999E+00  0.16000000E+01  0.14506225E-01
  0.35999999E+00  0.16200000E+01  0.14700048E-01
  0.35999999E+00  0.16400000E+01  0.14897493E-01
  0.35999999E+00  0.16600000E+01  0.15098591E-01
  0.35999999E+00  0.16800000E+01  0.15303359E-01
  0.35999999E+00  0.17000000E+01  0.15511797E-01
  0.35999999E+00  0.17200000E+01  0.15723891E-01
  0.35999999E+00  0.17400000E+01  0.15939607E-01
  0.35999999E+00  0.17600000E+01  0.16158891E-01
  0.35999999E+00  0.17800000E+01  0.16381674E-01
  0.35999999E+00  0.18000000E+01  0.16607862E-01
  0.35999999E+00  0.18200000E+01  0.16837343E-01
  0.35999999E+00  0.18400000E+01  0.17069978E-01
  0.35999999E+00  0.18600000E+01  0.17305610E-01
  0.35999999E+00  0.18800000E+01  0.17544054E-01
  0.35999999E+00  0.19000000E+01  0.17785101E-01
  0.35999999E+00  0.19200000E+01  0.18028516E-01
  0.35999999E+00  0.19400000E+01  0.18274036E-01
  0.35999999E+00  0.19600000E+01  0.18521372E-01
  0.35999999E+00  0.19800000E+01  0.18770204E-01
  0.35999999E+00  0.20000000E+01  0.19020185E-01
  0.37999999E+00  0.00000000E+00  0.21152803E-02
  0.37999999E+00  0.20000000E-01  0.20676991E-02
  0.37999999E+00  0.39999999E-01  0.16100983E-02
  0.37999999E+00  0.59999999E-01  0.17440415E-02
  0.37999999E+00  0.79999998E-01  0.22015763E-02
  0.37999999E+00  0.99999998E-01  0.26619870E-02
  0.37999999E+00  0.12000000E+00  0.31248734E-02
  0.37999999E+00  0.14000000E+00  0.35898274E-02
  0.37999999E+00  0.16000000E+00  0.40564362E-02
  0.37999999E+00  0.18000000E+00  0.45242855E-02
  0.37999999E+00  0.20000000E+00  0.49929622E-02
  0.37999999E+00  0.22000000E+00  0.54620561E-02
  0.37999999E+00  0.23999999E+00  0.59311618E-02
  0.37999999E+00  0.25999999E+00  0.63998794E-02
  0.37999999E+00  0.27999999E+00  0.68678154E-02
  0.37999999E+00  0.29999999E+00  0.73345830E-02
  0.37999999E+00  0.31999999E+00  0.77998013E-02
  0.37999999E+00  0.33999999E+00  0.82630951E-02
  0.37999999E+00  0.35999999E+00  0.87240937E-02
  0.37999999E+00  0.37999999E+00  0.91824295E-02
  0.37999999E+00  0.39999999E+00  0.96377363E-02
  0.37999999E+00  0.41999999E+00  0.10089647E-01
  0.37999999E+00  0.43999999E+00  0.10537792E-01
  0.37999999E+00  0.45999999E+00  0.10981795E-01
  0.37999999E+00  0.47999999E+00  0.11421274E-01
  0.37999999E+00  0.49999999E+00  0.11855832E-01
  0.37999999E+00  0.51999999E+00  0.12285059E-01
  0.37999999E+00  0.53999999E+00  0.12708530E-01
  0.37999999E+00  0.55999999E+00  0.13125793E-01
  0.37999999E+00  0.57999999E+00  0.13536376E-01
  0.37999999E+00  0.59999999E+00  0.13939774E-01
  0.37999999E+00  0.61999999E+00  0.14335453E-01
  0.37999999E+00  0.63999999E+00  0.14722840E-01
  0.37999999E+00  0.65999999E+00  0.15101319E-01
  0.37999999E+00  0.67999998E+00  0.15470232E-01
  0.37999999E+00  0.69999998E+00  0.15828867E-01
  0.37999999E+00  0.71999998E+00  0.16176458E-01
  0.37999999E+00  0.73999998E+00  0.16512179E-01
  0.37999999E+00  0.75999998E+00  0.16835134E-01
  0.37999999E+00  0.77999998E+00  0.17144356E-01
  0.37999999E+00  0.79999998E+00  0.17438796E-01
  0.37999999E+00  0.81999998E+00  0.17717316E-01
  0.37999999E+00  0.83999998E+00  0.17978679E-01
  0.37999999E+00  0.85999998E+00  0.18221534E-01
  0.37999999E+00  0.87999998E+00  0.18444410E-01
  0.37999999E+00  0.89999998E+00  0.18645691E-01
  0.37999999E+00  0.91999998E+00  0.18823598E-01
  0.37999999E+00  0.93999998E+00  0.18976161E-01
  0.37999999E+00  0.95999998E+00  0.19101186E-01
  0.37999999E+00  0.97999998E+00  0.19196205E-01
  0.37999999E+00  0.99999998E+00  0.19258418E-01
  0.37999999E+00  0.10200000E+01  0.19284608E-01
  0.37999999E+00  0.10400000E+01  0.19271021E-01
  0.37999999E+00  0.10600000E+01  0.19213199E-01
  0.37999999E+00  0.10800000E+01  0.19105722E-01
  0.37999999E+00  0.11000000E+01  0.18941827E-01
  0.37999999E+00  0.11200000E+01  0.18712768E-01
  0.37999999E+00  0.11400000E+01  0.18406746E-01
  0.37999999E+00  0.11600000E+01  0.18006908E-01
  0.37999999E+00  0.11800000E+01  0.17487261E-01
  0.37999999E+00  0.12000000E+01  0.16802927E-01
  0.37999999E+00  0.12200000E+01  0.15860583E-01
  0.37999999E+00  0.12400000E+01  0.14370250E-01
  0.37999999E+00  0.12600000E+01  0.11752564E-01
  0.37999999E+00  0.12800000E+01  0.11897501E-01
  0.37999999E+00  0.13000000E+01  0.12044209E-01
  0.37999999E+00  0.13200000E+01  0.12192876E-01
  0.37999999E+00  0.13400000E+01  0.12343687E-01
  0.37999999E+00  0.13600000E+01  0.12496820E-01
  0.37999999E+00  0.13800000E+01  0.12652451E-01
  0.37999999E+00  0.14000000E+01  0.12810748E-01
  0.37999999E+00  0.14200000E+01  0.12971872E-01
  0.37999999E+00  0.14400000E+01  0.13135979E-01
  0.37999999E+00  0.14600000E+01  0.13303217E-01
  0.37999999E+00  0.14800000E+01  0.13473723E-01
  0.37999999E+00  0.15000000E+01  0.13647628E-01
  0.37999999E+00  0.15200000E+01  0.13825052E-01
  0.37999999E+00  0.15400000E+01  0.14006104E-01
  0.37999999E+00  0.15600000E+01  0.14190882E-01
  0.37999999E+00  0.15800000E+01  0.14379472E-01
  0.37999999E+00  0.16000000E+01  0.14571947E-01
  0.37999999E+00  0.16200000E+01  0.14768367E-01
  0.37999999E+00  0.16400000E+01  0.14968776E-01
  0.37999999E+00  0.16600000E+01  0.15173204E-01
  0.37999999E+00  0.16800000E+01  0.15381662E-01
  0.37999999E+00  0.17000000E+01  0.15594146E-01
  0.37999999E+00  0.17200000E+01  0.15810633E-01
  0.37999999E+00  0.17400000E+01  0.16031080E-01
  0.37999999E+00  0.17600000E+01  0.16255425E-01
  0.37999999E+00  0.17800000E+01  0.16483582E-01
  0.37999999E+00  0.18000000E+01  0.16715446E-01
  0.37999999E+00  0.18200000E+01  0.16950886E-01
  0.37999999E+00  0.18400000E+01  0.17189747E-01
  0.37999999E+00  0.18600000E+01  0.17431848E-01
  0.37999999E+00  0.18800000E+01  0.17676982E-01
  0.37999999E+00  0.19000000E+01  0.17924913E-01
  0.37999999E+00  0.19200000E+01  0.18175378E-01
  0.37999999E+00  0.19400000E+01  0.18428082E-01
  0.37999999E+00  0.19600000E+01  0.18682698E-01
  0.37999999E+00  0.19800000E+01  0.18938869E-01
  0.37999999E+00  0.20000000E+01  0.19196203E-01
  0.39999999E+00  0.00000000E+00  0.18978521E-02
  0.39999999E+00  0.20000000E-01  0.12683295E-02
  0.39999999E+00  0.39999999E-01  0.13397233E-02
  0.39999999E+00  0.59999999E-01  0.17953127E-02
  0.39999999E+00  0.79999998E-01  0.22547190E-02
  0.39999999E+00  0.99999998E-01  0.27175439E-02
  0.39999999E+00  0.12000000E+00  0.31833758E-02
  0.39999999E+00  0.14000000E+00  0.36517936E-02
  0.39999999E+00  0.16000000E+00  0.41223706E-02
  0.39999999E+00  0.18000000E+00  0.45946765E-02
  0.39999999E+00  0.20000000E+00  0.50682806E-02
  0.39999999E+00  0.22000000E+00  0.55427531E-02
  0.39999999E+00  0.23999999E+00  0.60176669E-02
  0.39999999E+00  0.25999999E+00  0.64925978E-02
  0.39999999E+00  0.27999999E+00  0.69671257E-02
  0.39999999E+00  0.29999999E+00  0.74408338E-02
  0.39999999E+00  0.31999999E+00  0.79133088E-02
  0.39999999E+00  0.33999999E+00  0.83841393E-02
  0.39999999E+00  0.35999999E+00  0.88529155E-02
  0.39999999E+00  0.37999999E+00  0.93192266E-02
  0.39999999E+00  0.39999999E+00  0.97826599E-02
  0.39999999E+00  0.41999999E+00  0.10242798E-01
  0.39999999E+00  0.43999999E+00  0.10699215E-01
  0.39999999E+00  0.45999999E+00  0.11151479E-01
  0.39999999E+00  0.47999999E+00  0.11599141E-01
  0.39999999E+00  0.49999999E+00  0.12041739E-01
  0.39999999E+00  0.51999999E+00  0.12478790E-01
  0.39999999E+00  0.53999999E+00  0.12909791E-01
  0.39999999E+00  0.55999999E+00  0.13334210E-01
  0.39999999E+00  0.57999999E+00  0.13751486E-01
  0.39999999E+00  0.59999999E+00  0.14161024E-01
  0.39999999E+00  0.61999999E+00  0.14562192E-01
  0.39999999E+00  0.63999999E+00  0.14954312E-01
  0.39999999E+00  0.65999999E+00  0.15336662E-01
  0.39999999E+00  0.67999998E+00  0.15708469E-01
  0.39999999E+00  0.69999998E+00  0.16068899E-01
  0.39999999E+00  0.71999998E+00  0.16417060E-01
  0.39999999E+00  0.73999998E+00  0.16751990E-01
  0.39999999E+00  0.75999998E+00  0.17072653E-01
  0.39999999E+00  0.77999998E+00  0.17377931E-01
  0.39999999E+00  0.79999998E+00  0.17666616E-01
  0.39999999E+00  0.81999998E+00  0.17937402E-01
  0.39999999E+00  0.83999998E+00  0.18188869E-01
  0.39999999E+00  0.85999998E+00  0.18419478E-01
  0.39999999E+00  0.87999998E+00  0.18627544E-01
  0.39999999E+00  0.89999998E+00  0.18811226E-01
  0.39999999E+00  0.91999998E+00  0.18968491E-01
  0.39999999E+00  0.93999998E+00  0.19097089E-01
  0.39999999E+00  0.95999998E+00  0.19194504E-01
  0.39999999E+00  0.97999998E+00  0.19257894E-01
  0.39999999E+00  0.99999998E+00  0.19284011E-01
  0.39999999E+00  0.10200000E+01  0.19269087E-01
  0.39999999E+00  0.10400000E+01  0.19208666E-01
  0.39999999E+00  0.10600000E+01  0.19097358E-01
  0.39999999E+00  0.10800000E+01  0.18928458E-01
  0.39999999E+00  0.11000000E+01  0.18693324E-01
  0.39999999E+00  0.11200000E+01  0.18380317E-01
  0.39999999E+00  0.11400000E+01  0.17972830E-01
  0.39999999E+00  0.11600000E+01  0.17445240E-01
  0.39999999E+00  0.11800000E+01  0.16753261E-01
  0.39999999E+00  0.12000000E+01  0.15804607E-01
  0.39999999E+00  0.12200000E+01  0.14311765E-01
  0.39999999E+00  0.12400000E+01  0.11701280E-01
  0.39999999E+00  0.12600000E+01  0.11842149E-01
  0.39999999E+00  0.12800000E+01  0.11984806E-01
  0.39999999E+00  0.13000000E+01  0.12129456E-01
  0.39999999E+00  0.13200000E+01  0.12276304E-01
  0.39999999E+00  0.13400000E+01  0.12425547E-01
  0.39999999E+00  0.13600000E+01  0.12577379E-01
  0.39999999E+00  0.13800000E+01  0.12731986E-01
  0.39999999E+00  0.14000000E+01  0.12889550E-01
  0.39999999E+00  0.14200000E+01  0.13050243E-01
  0.39999999E+00  0.14400000E+01  0.13214230E-01
  0.39999999E+00  0.14600000E+01  0.13381669E-01
  0.39999999E+00  0.14800000E+01  0.13552707E-01
  0.39999999E+00  0.15000000E+01  0.13727481E-01
  0.39999999E+00  0.15200000E+01  0.13906117E-01
  0.39999999E+00  0.15400000E+01  0.14088729E-01
  0.39999999E+00  0.15600000E+01  0.14275421E-01
  0.39999999E+00  0.15800000E+01  0.14466281E-01
  0.39999999E+00  0.16000000E+01  0.14661384E-01
  0.39999999E+00  0.16200000E+01  0.14860790E-01
  0.39999999E+00  0.16400000E+01  0.15064542E-01
  0.39999999E+00  0.16600000E+01  0.15272667E-01
  0.39999999E+00  0.16800000E+01  0.15485175E-01
  0.39999999E+00  0.17000000E+01  0.15702054E-01
  0.39999999E+00  0.17200000E+01  0.15923276E-01
  0.39999999E+00  0.17400000E+01  0.16148789E-01
  0.39999999E+00  0.17600000E+01  0.16378519E-01
  0.39999999E+00  0.17800000E+01  0.16612370E-01
  0.39999999E+00  0.18000000E+01  0.16850220E-01
  0.39999999E+00  0.18200000E+01  0.17091923E-01
  0.39999999E+00  0.18400000E+01  0.17337305E-01
  0.39999999E+00  0.18600000E+01  0.17586163E-01
  0.39999999E+00  0.18800000E+01  0.17838265E-01
  0.39999999E+00  0.19000000E+01  0.18093348E-01
  0.39999999E+00  0.19200000E+01  0.18351117E-01
  0.39999999E+00  0.19400000E+01  0.18611241E-01
  0.39999999E+00  0.19600000E+01  0.18873355E-01
  0.39999999E+00  0.19800000E+01  0.19137056E-01
  0.39999999E+00  0.20000000E+01  0.19401902E-01
  0.41999999E+00  0.00000000E+00  0.94090827E-03
  0.41999999E+00  0.20000000E-01  0.93981741E-03
  0.41999999E+00  0.39999999E-01  0.13913903E-02
  0.41999999E+00  0.59999999E-01  0.18477696E-02
  0.41999999E+00  0.79999998E-01  0.23085615E-02
  0.41999999E+00  0.99999998E-01  0.27733534E-02
  0.41999999E+00  0.12000000E+00  0.32417188E-02
  0.41999999E+00  0.14000000E+00  0.37132202E-02
  0.41999999E+00  0.16000000E+00  0.41874130E-02
  0.41999999E+00  0.18000000E+00  0.46638480E-02
  0.41999999E+00  0.20000000E+00  0.51420732E-02
  0.41999999E+00  0.22000000E+00  0.56216357E-02
  0.41999999E+00  0.23999999E+00  0.61020828E-02
  0.41999999E+00  0.25999999E+00  0.65829624E-02
  0.41999999E+00  0.27999999E+00  0.70638232E-02
  0.41999999E+00  0.29999999E+00  0.75442148E-02
  0.41999999E+00  0.31999999E+00  0.80236864E-02
  0.41999999E+00  0.33999999E+00  0.85017864E-02
  0.41999999E+00  0.35999999E+00  0.89780605E-02
  0.41999999E+00  0.37999999E+00  0.94520503E-02
  0.41999999E+00  0.39999999E+00  0.99232907E-02
  0.41999999E+00  0.41999999E+00  0.10391308E-01
  0.41999999E+00  0.43999999E+00  0.10855618E-01
  0.41999999E+00  0.45999999E+00  0.11315721E-01
  0.41999999E+00  0.47999999E+00  0.11771101E-01
  0.41999999E+00  0.49999999E+00  0.12221222E-01
  0.41999999E+00  0.51999999E+00  0.12665522E-01
  0.41999999E+00  0.53999999E+00  0.13103413E-01
  0.41999999E+00  0.55999999E+00  0.13534277E-01
  0.41999999E+00  0.57999999E+00  0.13957458E-01
  0.41999999E+00  0.59999999E+00  0.14372263E-01
  0.41999999E+00  0.61999999E+00  0.14777953E-01
  0.41999999E+00  0.63999999E+00  0.15173742E-01
  0.41999999E+00  0.65999999E+00  0.15558792E-01
  0.41999999E+00  0.67999998E+00  0.15932205E-01
  0.41999999E+00  0.69999998E+00  0.16293023E-01
  0.41999999E+00  0.71999998E+00  0.16640216E-01
  0.41999999E+00  0.73999998E+00  0.16972679E-01
  0.41999999E+00  0.75999998E+00  0.17289228E-01
  0.41999999E+00  0.77999998E+00  0.17588585E-01
  0.41999999E+00  0.79999998E+00  0.17869374E-01
  0.41999999E+00  0.81999998E+00  0.18130109E-01
  0.41999999E+00  0.83999998E+00  0.18369182E-01
  0.41999999E+00  0.85999998E+00  0.18584845E-01
  0.41999999E+00  0.87999998E+00  0.18775192E-01
  0.41999999E+00  0.89999998E+00  0.18938134E-01
  0.41999999E+00  0.91999998E+00  0.19071366E-01
  0.41999999E+00  0.93999998E+00  0.19172326E-01
  0.41999999E+00  0.95999998E+00  0.19238136E-01
  0.41999999E+00  0.97999998E+00  0.19265524E-01
  0.41999999E+00  0.99999998E+00  0.19250713E-01
  0.41999999E+00  0.10200000E+01  0.19189259E-01
  0.41999999E+00  0.10400000E+01  0.19075813E-01
  0.41999999E+00  0.10600000E+01  0.18903745E-01
  0.41999999E+00  0.10800000E+01  0.18664539E-01
  0.41999999E+00  0.11000000E+01  0.18346747E-01
  0.41999999E+00  0.11200000E+01  0.17934054E-01
  0.41999999E+00  0.11400000E+01  0.17401286E-01
  0.41999999E+00  0.11600000E+01  0.16704881E-01
  0.41999999E+00  0.11800000E+01  0.15753877E-01
  0.41999999E+00  0.12000000E+01  0.14264120E-01
  0.41999999E+00  0.12200000E+01  0.11669857E-01
  0.41999999E+00  0.12400000E+01  0.11807092E-01
  0.41999999E+00  0.12600000E+01  0.11946086E-01
  0.41999999E+00  0.12800000E+01  0.12087064E-01
  0.41999999E+00  0.13000000E+01  0.12230248E-01
  0.41999999E+00  0.13200000E+01  0.12375856E-01
  0.41999999E+00  0.13400000E+01  0.12524100E-01
  0.41999999E+00  0.13600000E+01  0.12675186E-01
  0.41999999E+00  0.13800000E+01  0.12829314E-01
  0.41999999E+00  0.14000000E+01  0.12986675E-01
  0.41999999E+00  0.14200000E+01  0.13147454E-01
  0.41999999E+00  0.14400000E+01  0.13311826E-01
  0.41999999E+00  0.14600000E+01  0.13479957E-01
  0.41999999E+00  0.14800000E+01  0.13652004E-01
  0.41999999E+00  0.15000000E+01  0.13828110E-01
  0.41999999E+00  0.15200000E+01  0.14008408E-01
  0.41999999E+00  0.15400000E+01  0.14193019E-01
  0.41999999E+00  0.15600000E+01  0.14382049E-01
  0.41999999E+00  0.15800000E+01  0.14575591E-01
  0.41999999E+00  0.16000000E+01  0.14773722E-01
  0.41999999E+00  0.16200000E+01  0.14976502E-01
  0.41999999E+00  0.16400000E+01  0.15183974E-01
  0.41999999E+00  0.16600000E+01  0.15396164E-01
  0.41999999E+00  0.16800000E+01  0.15613077E-01
  0.41999999E+00  0.17000000E+01  0.15834699E-01
  0.41999999E+00  0.17200000E+01  0.16060993E-01
  0.41999999E+00  0.17400000E+01  0.16291899E-01
  0.41999999E+00  0.17600000E+01  0.16527334E-01
  0.41999999E+00  0.17800000E+01  0.16767188E-01
  0.41999999E+00  0.18000000E+01  0.17011327E-01
  0.41999999E+00  0.18200000E+01  0.17259585E-01
  0.41999999E+00  0.18400000E+01  0.17511769E-01
  0.41999999E+00  0.18600000E+01  0.17767654E-01
  0.41999999E+00  0.18800000E+01  0.18026980E-01
  0.41999999E+00  0.19000000E+01  0.18289453E-01
  0.41999999E+00  0.19200000E+01  0.18554745E-01
  0.41999999E+00  0.19400000E+01  0.18822484E-01
  0.41999999E+00  0.19600000E+01  0.19092259E-01
  0.41999999E+00  0.19800000E+01  0.19363616E-01
  0.41999999E+00  0.20000000E+01  0.19636053E-01
  0.43999999E+00  0.00000000E+00  0.54832268E-03
  0.43999999E+00  0.20000000E-01  0.99378766E-03
  0.43999999E+00  0.39999999E-01  0.14450894E-02
  0.43999999E+00  0.59999999E-01  0.19018409E-02
  0.43999999E+00  0.79999998E-01  0.23636313E-02
  0.43999999E+00  0.99999998E-01  0.28300304E-02
  0.43999999E+00  0.12000000E+00  0.33005932E-02
  0.43999999E+00  0.14000000E+00  0.37748630E-02
  0.43999999E+00  0.16000000E+00  0.42523742E-02
  0.43999999E+00  0.18000000E+00  0.47326551E-02
  0.43999999E+00  0.20000000E+00  0.52152292E-02
  0.43999999E+00  0.22000000E+00  0.56996171E-02
  0.43999999E+00  0.23999999E+00  0.61853368E-02
  0.43999999E+00  0.25999999E+00  0.66719042E-02
  0.43999999E+00  0.27999999E+00  0.71588334E-02
  0.43999999E+00  0.29999999E+00  0.76456358E-02
  0.43999999E+00  0.31999999E+00  0.81318192E-02
  0.43999999E+00  0.33999999E+00  0.86168867E-02
  0.43999999E+00  0.35999999E+00  0.91003352E-02
  0.43999999E+00  0.37999999E+00  0.95816533E-02
  0.43999999E+00  0.39999999E+00  0.10060319E-01
  0.43999999E+00  0.41999999E+00  0.10535797E-01
  0.43999999E+00  0.43999999E+00  0.11007538E-01
  0.43999999E+00  0.45999999E+00  0.11474971E-01
  0.43999999E+00  0.47999999E+00  0.11937505E-01
  0.43999999E+00  0.49999999E+00  0.12394524E-01
  0.43999999E+00  0.51999999E+00  0.12845383E-01
  0.43999999E+00  0.53999999E+00  0.13289403E-01
  0.43999999E+00  0.55999999E+00  0.13725871E-01
  0.43999999E+00  0.57999999E+00  0.14154030E-01
  0.43999999E+00  0.59999999E+00  0.14573082E-01
  0.43999999E+00  0.61999999E+00  0.14982178E-01
  0.43999999E+00  0.63999999E+00  0.15380413E-01
  0.43999999E+00  0.65999999E+00  0.15766827E-01
  0.43999999E+00  0.67999998E+00  0.16140394E-01
  0.43999999E+00  0.69999998E+00  0.16500017E-01
  0.43999999E+00  0.71999998E+00  0.16844526E-01
  0.43999999E+00  0.73999998E+00  0.17172667E-01
  0.43999999E+00  0.75999998E+00  0.17483095E-01
  0.43999999E+00  0.77999998E+00  0.17774367E-01
  0.43999999E+00  0.79999998E+00  0.18044930E-01
  0.43999999E+00  0.81999998E+00  0.18293109E-01
  0.43999999E+00  0.83999998E+00  0.18517095E-01
  0.43999999E+00  0.85999998E+00  0.18714920E-01
  0.43999999E+00  0.87999998E+00  0.18884439E-01
  0.43999999E+00  0.89999998E+00  0.19023299E-01
  0.43999999E+00  0.91999998E+00  0.19128894E-01
  0.43999999E+00  0.93999998E+00  0.19198313E-01
  0.43999999E+00  0.95999998E+00  0.19228267E-01
  0.43999999E+00  0.97999998E+00  0.19214975E-01
  0.43999999E+00  0.99999998E+00  0.19154016E-01
  0.43999999E+00  0.10200000E+01  0.19040091E-01
  0.43999999E+00  0.10400000E+01  0.18866659E-01
  0.43999999E+00  0.10600000E+01  0.18625347E-01
  0.43999999E+00  0.10800000E+01  0.18304932E-01
  0.43999999E+00  0.11000000E+01  0.17889430E-01
  0.43999999E+00  0.11200000E+01  0.17354184E-01
  0.43999999E+00  0.11400000E+01  0.16656477E-01
  0.43999999E+00  0.11600000E+01  0.15706930E-01
  0.43999999E+00  0.11800000E+01  0.14225567E-01
  0.43999999E+00  0.12000000E+01  0.11655968E-01
  0.43999999E+00  0.12200000E+01  0.11790078E-01
  0.43999999E+00  0.12400000E+01  0.11925874E-01
  0.43999999E+00  0.12600000E+01  0.12063602E-01
  0.43999999E+00  0.12800000E+01  0.12203501E-01
  0.43999999E+00  0.13000000E+01  0.12345809E-01
  0.43999999E+00  0.13200000E+01  0.12490755E-01
  0.43999999E+00  0.13400000E+01  0.12638566E-01
  0.43999999E+00  0.13600000E+01  0.12789460E-01
  0.43999999E+00  0.13800000E+01  0.12943648E-01
  0.43999999E+00  0.14000000E+01  0.13101335E-01
  0.43999999E+00  0.14200000E+01  0.13262714E-01
  0.43999999E+00  0.14400000E+01  0.13427972E-01
  0.43999999E+00  0.14600000E+01  0.13597283E-01
  0.43999999E+00  0.14800000E+01  0.13770811E-01
  0.43999999E+00  0.15000000E+01  0.13948709E-01
  0.43999999E+00  0.15200000E+01  0.14131117E-01
  0.43999999E+00  0.15400000E+01  0.14318160E-01
  0.43999999E+00  0.15600000E+01  0.14509950E-01
  0.43999999E+00  0.15800000E+01  0.14706582E-01
  0.43999999E+00  0.16000000E+01  0.14908137E-01
  0.43999999E+00  0.16200000E+01  0.15114675E-01
  0.43999999E+00  0.16400000E+01  0.15326241E-01
  0.43999999E+00  0.16600000E+01  0.15542859E-01
  0.43999999E+00  0.16800000E+01  0.15764530E-01
  0.43999999E+00  0.17000000E+01  0.15991236E-01
  0.43999999E+00  0.17200000E+01  0.16222933E-01
  0.43999999E+00  0.17400000E+01  0.16459555E-01
  0.43999999E+00  0.17600000E+01  0.16701007E-01
  0.43999999E+00  0.17800000E+01  0.16947168E-01
  0.43999999E+00  0.18000000E+01  0.17197885E-01
  0.43999999E+00  0.18200000E+01  0.17452977E-01
  0.43999999E+00  0.18400000E+01  0.17712229E-01
  0.43999999E+00  0.18600000E+01  0.17975388E-01
  0.43999999E+00  0.18800000E+01  0.18242168E-01
  0.43999999E+00  0.19000000E+01  0.18512240E-01
  0.43999999E+00  0.19200000E+01  0.18785232E-01
  0.43999999E+00  0.19400000E+01  0.19060730E-01
  0.43999999E+00  0.19600000E+01  0.19338268E-01
  0.43999999E+00  0.19800000E+01  0.19617326E-01
  0.43999999E+00  0.20000000E+01  0.19897331E-01
  0.45999999E+00  0.00000000E+00  0.60628249E-03
  0.45999999E+00  0.20000000E-01  0.10504462E-02
  0.45999999E+00  0.39999999E-01  0.15011325E-02
  0.45999999E+00  0.59999999E-01  0.19579343E-02
  0.45999999E+00  0.79999998E-01  0.24204207E-02
  0.45999999E+00  0.99999998E-01  0.28881412E-02
  0.45999999E+00  0.12000000E+00  0.33606293E-02
  0.45999999E+00  0.14000000E+00  0.38374060E-02
  0.45999999E+00  0.16000000E+00  0.43179818E-02
  0.45999999E+00  0.18000000E+00  0.48018595E-02
  0.45999999E+00  0.20000000E+00  0.52885349E-02
  0.45999999E+00  0.22000000E+00  0.57774984E-02
  0.45999999E+00  0.23999999E+00  0.62682356E-02
  0.45999999E+00  0.25999999E+00  0.67602267E-02
  0.45999999E+00  0.27999999E+00  0.72529470E-02
  0.45999999E+00  0.29999999E+00  0.77458656E-02
  0.45999999E+00  0.31999999E+00  0.82384448E-02
  0.45999999E+00  0.33999999E+00  0.87301380E-02
  0.45999999E+00  0.35999999E+00  0.92203884E-02
  0.45999999E+00  0.37999999E+00  0.97086269E-02
  0.45999999E+00  0.39999999E+00  0.10194269E-01
  0.45999999E+00  0.41999999E+00  0.10676714E-01
  0.45999999E+00  0.43999999E+00  0.11155340E-01
  0.45999999E+00  0.45999999E+00  0.11629502E-01
  0.45999999E+00  0.47999999E+00  0.12098527E-01
  0.45999999E+00  0.49999999E+00  0.12561714E-01
  0.45999999E+00  0.51999999E+00  0.13018326E-01
  0.45999999E+00  0.53999999E+00  0.13467590E-01
  0.45999999E+00  0.55999999E+00  0.13908690E-01
  0.45999999E+00  0.57999999E+00  0.14340766E-01
  0.45999999E+00  0.59999999E+00  0.14762904E-01
  0.45999999E+00  0.61999999E+00  0.15174140E-01
  0.45999999E+00  0.63999999E+00  0.15573445E-01
  0.45999999E+00  0.65999999E+00  0.15959729E-01
  0.45999999E+00  0.67999998E+00  0.16331831E-01
  0.45999999E+00  0.69999998E+00  0.16688513E-01
  0.45999999E+00  0.71999998E+00  0.17028453E-01
  0.45999999E+00  0.73999998E+00  0.17350241E-01
  0.45999999E+00  0.75999998E+00  0.17652368E-01
  0.45999999E+00  0.77999998E+00  0.17933215E-01
  0.45999999E+00  0.79999998E+00  0.18191046E-01
  0.45999999E+00  0.81999998E+00  0.18423986E-01
  0.45999999E+00  0.83999998E+00  0.18630013E-01
  0.45999999E+00  0.85999998E+00  0.18806929E-01
  0.45999999E+00  0.87999998E+00  0.18952331E-01
  0.45999999E+00  0.89999998E+00  0.19063576E-01
  0.45999999E+00  0.91999998E+00  0.19137727E-01
  0.45999999E+00  0.93999998E+00  0.19171477E-01
  0.45999999E+00  0.95999998E+00  0.19161053E-01
  0.45999999E+00  0.97999998E+00  0.19102061E-01
  0.45999999E+00  0.99999998E+00  0.18989261E-01
  0.45999999E+00  0.10200000E+01  0.18816216E-01
  0.45999999E+00  0.10400000E+01  0.18574717E-01
  0.45999999E+00  0.10600000E+01  0.18253784E-01
  0.45999999E+00  0.10800000E+01  0.17837805E-01
  0.45999999E+00  0.11000000E+01  0.17302702E-01
  0.45999999E+00  0.11200000E+01  0.16606711E-01
  0.45999999E+00  0.11400000E+01  0.15662272E-01
  0.45999999E+00  0.11600000E+01  0.14194333E-01
  0.45999999E+00  0.11800000E+01  0.11657287E-01
  0.45999999E+00  0.12000000E+01  0.11788843E-01
  0.45999999E+00  0.12200000E+01  0.11921974E-01
  0.45999999E+00  0.12400000E+01  0.12056942E-01
  0.45999999E+00  0.12600000E+01  0.12194004E-01
  0.45999999E+00  0.12800000E+01  0.12333416E-01
  0.45999999E+00  0.13000000E+01  0.12475427E-01
  0.45999999E+00  0.13200000E+01  0.12620281E-01
  0.45999999E+00  0.13400000E+01  0.12768215E-01
  0.45999999E+00  0.13600000E+01  0.12919462E-01
  0.45999999E+00  0.13800000E+01  0.13074243E-01
  0.45999999E+00  0.14000000E+01  0.13232774E-01
  0.45999999E+00  0.14200000E+01  0.13395259E-01
  0.45999999E+00  0.14400000E+01  0.13561895E-01
  0.45999999E+00  0.14600000E+01  0.13732864E-01
  0.45999999E+00  0.14800000E+01  0.13908341E-01
  0.45999999E+00  0.15000000E+01  0.14088484E-01
  0.45999999E+00  0.15200000E+01  0.14273440E-01
  0.45999999E+00  0.15400000E+01  0.14463342E-01
  0.45999999E+00  0.15600000E+01  0.14658305E-01
  0.45999999E+00  0.15800000E+01  0.14858430E-01
  0.45999999E+00  0.16000000E+01  0.15063799E-01
  0.45999999E+00  0.16200000E+01  0.15274475E-01
  0.45999999E+00  0.16400000E+01  0.15490502E-01
  0.45999999E+00  0.16600000E+01  0.15711904E-01
  0.45999999E+00  0.16800000E+01  0.15938680E-01
  0.45999999E+00  0.17000000E+01  0.16170806E-01
  0.45999999E+00  0.17200000E+01  0.16408234E-01
  0.45999999E+00  0.17400000E+01  0.16650887E-01
  0.45999999E+00  0.17600000E+01  0.16898661E-01
  0.45999999E+00  0.17800000E+01  0.17151420E-01
  0.45999999E+00  0.18000000E+01  0.17408996E-01
  0.45999999E+00  0.18200000E+01  0.17671187E-01
  0.45999999E+00  0.18400000E+01  0.17937752E-01
  0.45999999E+00  0.18600000E+01  0.18208413E-01
  0.45999999E+00  0.18800000E+01  0.18482846E-01
  0.45999999E+00  0.19000000E+01  0.18760684E-01
  0.45999999E+00  0.19200000E+01  0.19041508E-01
  0.45999999E+00  0.19400000E+01  0.19324845E-01
  0.45999999E+00  0.19600000E+01  0.19610165E-01
  0.45999999E+00  0.19800000E+01  0.19896870E-01
  0.45999999E+00  0.20000000E+01  0.20184295E-01
  0.47999999E+00  0.00000000E+00  0.66741193E-03
  0.47999999E+00  0.20000000E-01  0.11100081E-02
  0.47999999E+00  0.39999999E-01  0.15598270E-02
  0.47999999E+00  0.59999999E-01  0.20164391E-02
  0.47999999E+00  0.79999998E-01  0.24793908E-02
  0.47999999E+00  0.99999998E-01  0.29482085E-02
  0.47999999E+00  0.12000000E+00  0.34224018E-02
  0.47999999E+00  0.14000000E+00  0.39014665E-02
  0.47999999E+00  0.16000000E+00  0.43848866E-02
  0.47999999E+00  0.18000000E+00  0.48721363E-02
  0.47999999E+00  0.20000000E+00  0.53626808E-02
  0.47999999E+00  0.22000000E+00  0.58559771E-02
  0.47999999E+00  0.23999999E+00  0.63514744E-02
  0.47999999E+00  0.25999999E+00  0.68486141E-02
  0.47999999E+00  0.27999999E+00  0.73468286E-02
  0.47999999E+00  0.29999999E+00  0.78455410E-02
  0.47999999E+00  0.31999999E+00  0.83441633E-02
  0.47999999E+00  0.33999999E+00  0.88420951E-02
  0.47999999E+00  0.35999999E+00  0.93387214E-02
  0.47999999E+00  0.37999999E+00  0.98334106E-02
  0.47999999E+00  0.39999999E+00  0.10325512E-01
  0.47999999E+00  0.41999999E+00  0.10814351E-01
  0.47999999E+00  0.43999999E+00  0.11299232E-01
  0.47999999E+00  0.45999999E+00  0.11779427E-01
  0.47999999E+00  0.47999999E+00  0.12254178E-01
  0.47999999E+00  0.49999999E+00  0.12722692E-01
  0.47999999E+00  0.51999999E+00  0.13184137E-01
  0.47999999E+00  0.53999999E+00  0.13637638E-01
  0.47999999E+00  0.55999999E+00  0.14082273E-01
  0.47999999E+00  0.57999999E+00  0.14517067E-01
  0.47999999E+00  0.59999999E+00  0.14940991E-01
  0.47999999E+00  0.61999999E+00  0.15352956E-01
  0.47999999E+00  0.63999999E+00  0.15751805E-01
  0.47999999E+00  0.65999999E+00  0.16136313E-01
  0.47999999E+00  0.67999998E+00  0.16505175E-01
  0.47999999E+00  0.69999998E+00  0.16857007E-01
  0.47999999E+00  0.71999998E+00  0.17190332E-01
  0.47999999E+00  0.73999998E+00  0.17503576E-01
  0.47999999E+00  0.75999998E+00  0.17795058E-01
  0.47999999E+00  0.77999998E+00  0.18062979E-01
  0.47999999E+00  0.79999998E+00  0.18305407E-01
  0.47999999E+00  0.81999998E+00  0.18520264E-01
  0.47999999E+00  0.83999998E+00  0.18705301E-01
  0.47999999E+00  0.85999998E+00  0.18858072E-01
  0.47999999E+00  0.87999998E+00  0.18975899E-01
  0.47999999E+00  0.89999998E+00  0.19055820E-01
  0.47999999E+00  0.91999998E+00  0.19094522E-01
  0.47999999E+00  0.93999998E+00  0.19088239E-01
  0.47999999E+00  0.95999998E+00  0.19032615E-01
  0.47999999E+00  0.97999998E+00  0.18922478E-01
  0.47999999E+00  0.99999998E+00  0.18751507E-01
  0.47999999E+00  0.10200000E+01  0.18511669E-01
  0.47999999E+00  0.10400000E+01  0.18192252E-01
  0.47999999E+00  0.10600000E+01  0.17778052E-01
  0.47999999E+00  0.10800000E+01  0.17245620E-01
  0.47999999E+00  0.11000000E+01  0.16554247E-01
  0.47999999E+00  0.11200000E+01  0.15618401E-01
  0.47999999E+00  0.11400000E+01  0.14168634E-01
  0.47999999E+00  0.11600000E+01  0.11671504E-01
  0.47999999E+00  0.11800000E+01  0.11801132E-01
  0.47999999E+00  0.12000000E+01  0.11932185E-01
  0.47999999E+00  0.12200000E+01  0.12064941E-01
  0.47999999E+00  0.12400000E+01  0.12199674E-01
  0.47999999E+00  0.12600000E+01  0.12336658E-01
  0.47999999E+00  0.12800000E+01  0.12476158E-01
  0.47999999E+00  0.13000000E+01  0.12618438E-01
  0.47999999E+00  0.13200000E+01  0.12763754E-01
  0.47999999E+00  0.13400000E+01  0.12912355E-01
  0.47999999E+00  0.13600000E+01  0.13064485E-01
  0.47999999E+00  0.13800000E+01  0.13220378E-01
  0.47999999E+00  0.14000000E+01  0.13380258E-01
  0.47999999E+00  0.14200000E+01  0.13544343E-01
  0.47999999E+00  0.14400000E+01  0.13712836E-01
  0.47999999E+00  0.14600000E+01  0.13885931E-01
  0.47999999E+00  0.14800000E+01  0.14063810E-01
  0.47999999E+00  0.15000000E+01  0.14246640E-01
  0.47999999E+00  0.15200000E+01  0.14434575E-01
  0.47999999E+00  0.15400000E+01  0.14627753E-01
  0.47999999E+00  0.15600000E+01  0.14826295E-01
  0.47999999E+00  0.15800000E+01  0.15030306E-01
  0.47999999E+00  0.16000000E+01  0.15239872E-01
  0.47999999E+00  0.16200000E+01  0.15455058E-01
  0.47999999E+00  0.16400000E+01  0.15675909E-01
  0.47999999E+00  0.16600000E+01  0.15902446E-01
  0.47999999E+00  0.16800000E+01  0.16134668E-01
  0.47999999E+00  0.17000000E+01  0.16372546E-01
  0.47999999E+00  0.17200000E+01  0.16616024E-01
  0.47999999E+00  0.17400000E+01  0.16865017E-01
  0.47999999E+00  0.17600000E+01  0.17119409E-01
  0.47999999E+00  0.17800000E+01  0.17379049E-01
  0.47999999E+00  0.18000000E+01  0.17643751E-01
  0.47999999E+00  0.18200000E+01  0.17913288E-01
  0.47999999E+00  0.18400000E+01  0.18187393E-01
  0.47999999E+00  0.18600000E+01  0.18465752E-01
  0.47999999E+00  0.18800000E+01  0.18748002E-01
  0.47999999E+00  0.19000000E+01  0.19033726E-01
  0.47999999E+00  0.19200000E+01  0.19322448E-01
  0.47999999E+00  0.19400000E+01  0.19613626E-01
  0.47999999E+00  0.19600000E+01  0.19906646E-01
  0.47999999E+00  0.19800000E+01  0.20200815E-01
  0.47999999E+00  0.20000000E+01  0.20495347E-01
  0.49999999E+00  0.00000000E+00  0.73184933E-03
  0.49999999E+00  0.20000000E-01  0.11727002E-02
  0.49999999E+00  0.39999999E-01  0.16214783E-02
  0.49999999E+00  0.59999999E-01  0.20777292E-02
  0.49999999E+00  0.79999998E-01  0.25409744E-02
  0.49999999E+00  0.99999998E-01  0.30107149E-02
  0.49999999E+00  0.12000000E+00  0.34864341E-02
  0.49999999E+00  0.14000000E+00  0.39676003E-02
  0.49999999E+00  0.16000000E+00  0.44536682E-02
  0.49999999E+00  0.18000000E+00  0.49440806E-02
  0.49999999E+00  0.20000000E+00  0.54382688E-02
  0.49999999E+00  0.22000000E+00  0.59356535E-02
  0.49999999E+00  0.23999999E+00  0.64356443E-02
  0.49999999E+00  0.25999999E+00  0.69376396E-02
  0.49999999E+00  0.27999999E+00  0.74410256E-02
  0.49999999E+00  0.29999999E+00  0.79451750E-02
  0.49999999E+00  0.31999999E+00  0.84494457E-02
  0.49999999E+00  0.33999999E+00  0.89531791E-02
  0.49999999E+00  0.35999999E+00  0.94556974E-02
  0.49999999E+00  0.37999999E+00  0.99563018E-02
  0.49999999E+00  0.39999999E+00  0.10454270E-01
  0.49999999E+00  0.41999999E+00  0.10948851E-01
  0.49999999E+00  0.43999999E+00  0.11439267E-01
  0.49999999E+00  0.45999999E+00  0.11924705E-01
  0.49999999E+00  0.47999999E+00  0.12404315E-01
  0.49999999E+00  0.49999999E+00  0.12877208E-01
  0.49999999E+00  0.51999999E+00  0.13342450E-01
  0.49999999E+00  0.53999999E+00  0.13799059E-01
  0.49999999E+00  0.55999999E+00  0.14246001E-01
  0.49999999E+00  0.57999999E+00  0.14682184E-01
  0.49999999E+00  0.59999999E+00  0.15106457E-01
  0.49999999E+00  0.61999999E+00  0.15517599E-01
  0.49999999E+00  0.63999999E+00  0.15914322E-01
  0.49999999E+00  0.65999999E+00  0.16295258E-01
  0.49999999E+00  0.67999998E+00  0.16658958E-01
  0.49999999E+00  0.69999998E+00  0.17003882E-01
  0.49999999E+00  0.71999998E+00  0.17328394E-01
  0.49999999E+00  0.73999998E+00  0.17630751E-01
  0.49999999E+00  0.75999998E+00  0.17909095E-01
  0.49999999E+00  0.77999998E+00  0.18161438E-01
  0.49999999E+00  0.79999998E+00  0.18385649E-01
  0.49999999E+00  0.81999998E+00  0.18579433E-01
  0.49999999E+00  0.83999998E+00  0.18740302E-01
  0.49999999E+00  0.85999998E+00  0.18865549E-01
  0.49999999E+00  0.87999998E+00  0.18952190E-01
  0.49999999E+00  0.89999998E+00  0.18996909E-01
  0.49999999E+00  0.91999998E+00  0.18995956E-01
  0.49999999E+00  0.93999998E+00  0.18945017E-01
  0.49999999E+00  0.95999998E+00  0.18838999E-01
  0.49999999E+00  0.97999998E+00  0.18671706E-01
  0.49999999E+00  0.99999998E+00  0.18435296E-01
  0.49999999E+00  0.10200000E+01  0.18119345E-01
  0.49999999E+00  0.10400000E+01  0.17709086E-01
  0.49999999E+00  0.10600000E+01  0.17181749E-01
  0.49999999E+00  0.10800000E+01  0.16497766E-01
  0.49999999E+00  0.11000000E+01  0.15573827E-01
  0.49999999E+00  0.11200000E+01  0.14146708E-01
  0.49999999E+00  0.11400000E+01  0.11696345E-01
  0.49999999E+00  0.11600000E+01  0.11824713E-01
  0.49999999E+00  0.11800000E+01  0.11954321E-01
  0.49999999E+00  0.12000000E+01  0.12085461E-01
  0.49999999E+00  0.12200000E+01  0.12218425E-01
  0.49999999E+00  0.12400000E+01  0.12353500E-01
  0.49999999E+00  0.12600000E+01  0.12490971E-01
  0.49999999E+00  0.12800000E+01  0.12631116E-01
  0.49999999E+00  0.13000000E+01  0.12774212E-01
  0.49999999E+00  0.13200000E+01  0.12920525E-01
  0.49999999E+00  0.13400000E+01  0.13070318E-01
  0.49999999E+00  0.13600000E+01  0.13223844E-01
  0.49999999E+00  0.13800000E+01  0.13381349E-01
  0.49999999E+00  0.14000000E+01  0.13543069E-01
  0.49999999E+00  0.14200000E+01  0.13709230E-01
  0.49999999E+00  0.14400000E+01  0.13880046E-01
  0.49999999E+00  0.14600000E+01  0.14055720E-01
  0.49999999E+00  0.14800000E+01  0.14236442E-01
  0.49999999E+00  0.15000000E+01  0.14422388E-01
  0.49999999E+00  0.15200000E+01  0.14613719E-01
  0.49999999E+00  0.15400000E+01  0.14810580E-01
  0.49999999E+00  0.15600000E+01  0.15013097E-01
  0.49999999E+00  0.15800000E+01  0.15221380E-01
  0.49999999E+00  0.16000000E+01  0.15435518E-01
  0.49999999E+00  0.16200000E+01  0.15655580E-01
  0.49999999E+00  0.16400000E+01  0.15881610E-01
  0.49999999E+00  0.16600000E+01  0.16113629E-01
  0.49999999E+00  0.16800000E+01  0.16351633E-01
  0.49999999E+00  0.17000000E+01  0.16595587E-01
  0.49999999E+00  0.17200000E+01  0.16845431E-01
  0.49999999E+00  0.17400000E+01  0.17101067E-01
  0.49999999E+00  0.17600000E+01  0.17362365E-01
  0.49999999E+00  0.17800000E+01  0.17629158E-01
  0.49999999E+00  0.18000000E+01  0.17901237E-01
  0.49999999E+00  0.18200000E+01  0.18178348E-01
  0.49999999E+00  0.18400000E+01  0.18460190E-01
  0.49999999E+00  0.18600000E+01  0.18746408E-01
  0.49999999E+00  0.18800000E+01  0.19036590E-01
  0.49999999E+00  0.19000000E+01  0.19330258E-01
  0.49999999E+00  0.19200000E+01  0.19626864E-01
  0.49999999E+00  0.19400000E+01  0.19925780E-01
  0.49999999E+00  0.19600000E+01  0.20226288E-01
  0.49999999E+00  0.19800000E+01  0.20527568E-01
  0.49999999E+00  0.20000000E+01  0.20828685E-01
  0.51999999E+00  0.00000000E+00  0.79976030E-03
  0.51999999E+00  0.20000000E-01  0.12387625E-02
  0.51999999E+00  0.39999999E-01  0.16863910E-02
  0.51999999E+00  0.59999999E-01  0.21421647E-02
  0.51999999E+00  0.79999998E-01  0.26055786E-02
  0.51999999E+00  0.99999998E-01  0.30761063E-02
  0.51999999E+00  0.12000000E+00  0.35532028E-02
  0.51999999E+00  0.14000000E+00  0.40363064E-02
  0.51999999E+00  0.16000000E+00  0.45248400E-02
  0.51999999E+00  0.18000000E+00  0.50182122E-02
  0.51999999E+00  0.20000000E+00  0.55158178E-02
  0.51999999E+00  0.22000000E+00  0.60170377E-02
  0.51999999E+00  0.23999999E+00  0.65212385E-02
  0.51999999E+00  0.25999999E+00  0.70277722E-02
  0.51999999E+00  0.27999999E+00  0.75359747E-02
  0.51999999E+00  0.29999999E+00  0.80451648E-02
  0.51999999E+00  0.31999999E+00  0.85546421E-02
  0.51999999E+00  0.33999999E+00  0.90636853E-02
  0.51999999E+00  0.35999999E+00  0.95715495E-02
  0.51999999E+00  0.37999999E+00  0.10077464E-01
  0.51999999E+00  0.39999999E+00  0.10580630E-01
  0.51999999E+00  0.41999999E+00  0.11080217E-01
  0.51999999E+00  0.43999999E+00  0.11575359E-01
  0.51999999E+00  0.45999999E+00  0.12065152E-01
  0.51999999E+00  0.47999999E+00  0.12548650E-01
  0.51999999E+00  0.49999999E+00  0.13024864E-01
  0.51999999E+00  0.51999999E+00  0.13492752E-01
  0.51999999E+00  0.53999999E+00  0.13951220E-01
  0.51999999E+00  0.55999999E+00  0.14399118E-01
  0.51999999E+00  0.57999999E+00  0.14835232E-01
  0.51999999E+00  0.59999999E+00  0.15258281E-01
  0.51999999E+00  0.61999999E+00  0.15666913E-01
  0.51999999E+00  0.63999999E+00  0.16059701E-01
  0.51999999E+00  0.65999999E+00  0.16435131E-01
  0.51999999E+00  0.67999998E+00  0.16791603E-01
  0.51999999E+00  0.69999998E+00  0.17127420E-01
  0.51999999E+00  0.71999998E+00  0.17440781E-01
  0.51999999E+00  0.73999998E+00  0.17729770E-01
  0.51999999E+00  0.75999998E+00  0.17992347E-01
  0.51999999E+00  0.77999998E+00  0.18226331E-01
  0.51999999E+00  0.79999998E+00  0.18429381E-01
  0.51999999E+00  0.81999998E+00  0.18598975E-01
  0.51999999E+00  0.83999998E+00  0.18732376E-01
  0.51999999E+00  0.85999998E+00  0.18826588E-01
  0.51999999E+00  0.87999998E+00  0.18878292E-01
  0.51999999E+00  0.89999998E+00  0.18883763E-01
  0.51999999E+00  0.91999998E+00  0.18838733E-01
  0.51999999E+00  0.93999998E+00  0.18738196E-01
  0.51999999E+00  0.95999998E+00  0.18576090E-01
  0.51999999E+00  0.97999998E+00  0.18344780E-01
  0.51999999E+00  0.99999998E+00  0.18034147E-01
  0.51999999E+00  0.10200000E+01  0.17629886E-01
  0.51999999E+00  0.10400000E+01  0.17109950E-01
  0.51999999E+00  0.10600000E+01  0.16435993E-01
  0.51999999E+00  0.10800000E+01  0.15527099E-01
  0.51999999E+00  0.11000000E+01  0.14126822E-01
  0.51999999E+00  0.11200000E+01  0.11729586E-01
  0.51999999E+00  0.11400000E+01  0.11857394E-01
  0.51999999E+00  0.11600000E+01  0.11986225E-01
  0.51999999E+00  0.11800000E+01  0.12116386E-01
  0.51999999E+00  0.12000000E+01  0.12248180E-01
  0.51999999E+00  0.12200000E+01  0.12381912E-01
  0.51999999E+00  0.12400000E+01  0.12517880E-01
  0.51999999E+00  0.12600000E+01  0.12656380E-01
  0.51999999E+00  0.12800000E+01  0.12797705E-01
  0.51999999E+00  0.13000000E+01  0.12942140E-01
  0.51999999E+00  0.13200000E+01  0.13089965E-01
  0.51999999E+00  0.13400000E+01  0.13241452E-01
  0.51999999E+00  0.13600000E+01  0.13396867E-01
  0.51999999E+00  0.13800000E+01  0.13556466E-01
  0.51999999E+00  0.14000000E+01  0.13720496E-01
  0.51999999E+00  0.14200000E+01  0.13889192E-01
  0.51999999E+00  0.14400000E+01  0.14062779E-01
  0.51999999E+00  0.14600000E+01  0.14241469E-01
  0.51999999E+00  0.14800000E+01  0.14425462E-01
  0.51999999E+00  0.15000000E+01  0.14614940E-01
  0.51999999E+00  0.15200000E+01  0.14810073E-01
  0.51999999E+00  0.15400000E+01  0.15011013E-01
  0.51999999E+00  0.15600000E+01  0.15217892E-01
  0.51999999E+00  0.15800000E+01  0.15430825E-01
  0.51999999E+00  0.16000000E+01  0.15649904E-01
  0.51999999E+00  0.16200000E+01  0.15875200E-01
  0.51999999E+00  0.16400000E+01  0.16106759E-01
  0.51999999E+00  0.16600000E+01  0.16344602E-01
  0.51999999E+00  0.16800000E+01  0.16588719E-01
  0.51999999E+00  0.17000000E+01  0.16839072E-01
  0.51999999E+00  0.17200000E+01  0.17095588E-01
  0.51999999E+00  0.17400000E+01  0.17358161E-01
  0.51999999E+00  0.17600000E+01  0.17626644E-01
  0.51999999E+00  0.17800000E+01  0.17900847E-01
  0.51999999E+00  0.18000000E+01  0.18180535E-01
  0.51999999E+00  0.18200000E+01  0.18465422E-01
  0.51999999E+00  0.18400000E+01  0.18755163E-01
  0.51999999E+00  0.18600000E+01  0.19049354E-01
  0.51999999E+00  0.18800000E+01  0.19347521E-01
  0.51999999E+00  0.19000000E+01  0.19649110E-01
  0.51999999E+00  0.19200000E+01  0.19953482E-01
  0.51999999E+00  0.19400000E+01  0.20259899E-01
  0.51999999E+00  0.19600000E+01  0.20567508E-01
  0.51999999E+00  0.19800000E+01  0.20875329E-01
  0.51999999E+00  0.20000000E+01  0.21182228E-01
  0.53999999E+00  0.00000000E+00  0.87133729E-03
  0.53999999E+00  0.20000000E-01  0.13084475E-02
  0.53999999E+00  0.39999999E-01  0.17548693E-02
  0.53999999E+00  0.59999999E-01  0.22100938E-02
  0.53999999E+00  0.79999998E-01  0.26735874E-02
  0.53999999E+00  0.99999998E-01  0.31447947E-02
  0.53999999E+00  0.12000000E+00  0.36231403E-02
  0.53999999E+00  0.14000000E+00  0.41080303E-02
  0.53999999E+00  0.16000000E+00  0.45988533E-02
  0.53999999E+00  0.18000000E+00  0.50949812E-02
  0.53999999E+00  0.20000000E+00  0.55957688E-02
  0.53999999E+00  0.22000000E+00  0.61005544E-02
  0.53999999E+00  0.23999999E+00  0.66086583E-02
  0.53999999E+00  0.25999999E+00  0.71193824E-02
  0.53999999E+00  0.27999999E+00  0.76320089E-02
  0.53999999E+00  0.29999999E+00  0.81457983E-02
  0.53999999E+00  0.31999999E+00  0.86599881E-02
  0.53999999E+00  0.33999999E+00  0.91737899E-02
  0.53999999E+00  0.35999999E+00  0.96863877E-02
  0.53999999E+00  0.37999999E+00  0.10196935E-01
  0.53999999E+00  0.39999999E+00  0.10704551E-01
  0.53999999E+00  0.41999999E+00  0.11208320E-01
  0.53999999E+00  0.43999999E+00  0.11707286E-01
  0.53999999E+00  0.45999999E+00  0.12200448E-01
  0.53999999E+00  0.47999999E+00  0.12686760E-01
  0.53999999E+00  0.49999999E+00  0.13165126E-01
  0.53999999E+00  0.51999999E+00  0.13634394E-01
  0.53999999E+00  0.53999999E+00  0.14093354E-01
  0.53999999E+00  0.55999999E+00  0.14540734E-01
  0.53999999E+00  0.57999999E+00  0.14975193E-01
  0.53999999E+00  0.59999999E+00  0.15395319E-01
  0.53999999E+00  0.61999999E+00  0.15799623E-01
  0.53999999E+00  0.63999999E+00  0.16186534E-01
  0.53999999E+00  0.65999999E+00  0.16554391E-01
  0.53999999E+00  0.67999998E+00  0.16901440E-01
  0.53999999E+00  0.69999998E+00  0.17225822E-01
  0.53999999E+00  0.71999998E+00  0.17525569E-01
  0.53999999E+00  0.73999998E+00  0.17798588E-01
  0.53999999E+00  0.75999998E+00  0.18042652E-01
  0.53999999E+00  0.77999998E+00  0.18255380E-01
  0.53999999E+00  0.79999998E+00  0.18434217E-01
  0.53999999E+00  0.81999998E+00  0.18576401E-01
  0.53999999E+00  0.83999998E+00  0.18678926E-01
  0.53999999E+00  0.85999998E+00  0.18738480E-01
  0.53999999E+00  0.87999998E+00  0.18751362E-01
  0.53999999E+00  0.89999998E+00  0.18713362E-01
  0.53999999E+00  0.91999998E+00  0.18619564E-01
  0.53999999E+00  0.93999998E+00  0.18464052E-01
  0.53999999E+00  0.95999998E+00  0.18239407E-01
  0.53999999E+00  0.97999998E+00  0.17935833E-01
  0.53999999E+00  0.99999998E+00  0.17539510E-01
  0.53999999E+00  0.10200000E+01  0.17029155E-01
  0.53999999E+00  0.10400000E+01  0.16367712E-01
  0.53999999E+00  0.10600000E+01  0.15476813E-01
  0.53999999E+00  0.10800000E+01  0.14107300E-01
  0.53999999E+00  0.11000000E+01  0.11769070E-01
  0.53999999E+00  0.11200000E+01  0.11897039E-01
  0.53999999E+00  0.11400000E+01  0.12025787E-01
  0.53999999E+00  0.11600000E+01  0.12155632E-01
  0.53999999E+00  0.11800000E+01  0.12286890E-01
  0.53999999E+00  0.12000000E+01  0.12419878E-01
  0.53999999E+00  0.12200000E+01  0.12554910E-01
  0.53999999E+00  0.12400000E+01  0.12692296E-01
  0.53999999E+00  0.12600000E+01  0.12832344E-01
  0.53999999E+00  0.12800000E+01  0.12975356E-01
  0.53999999E+00  0.13000000E+01  0.13121629E-01
  0.53999999E+00  0.13200000E+01  0.13271455E-01
  0.53999999E+00  0.13400000E+01  0.13425117E-01
  0.53999999E+00  0.13600000E+01  0.13582892E-01
  0.53999999E+00  0.13800000E+01  0.13745045E-01
  0.53999999E+00  0.14000000E+01  0.13911834E-01
  0.53999999E+00  0.14200000E+01  0.14083506E-01
  0.53999999E+00  0.14400000E+01  0.14260295E-01
  0.53999999E+00  0.14600000E+01  0.14442423E-01
  0.53999999E+00  0.14800000E+01  0.14630097E-01
  0.53999999E+00  0.15000000E+01  0.14823511E-01
  0.53999999E+00  0.15200000E+01  0.15022841E-01
  0.53999999E+00  0.15400000E+01  0.15228246E-01
  0.53999999E+00  0.15600000E+01  0.15439865E-01
  0.53999999E+00  0.15800000E+01  0.15657818E-01
  0.53999999E+00  0.16000000E+01  0.15882200E-01
  0.53999999E+00  0.16200000E+01  0.16113086E-01
  0.53999999E+00  0.16400000E+01  0.16350521E-01
  0.53999999E+00  0.16600000E+01  0.16594524E-01
  0.53999999E+00  0.16800000E+01  0.16845082E-01
  0.53999999E+00  0.17000000E+01  0.17102148E-01
  0.53999999E+00  0.17200000E+01  0.17365641E-01
  0.53999999E+00  0.17400000E+01  0.17635437E-01
  0.53999999E+00  0.17600000E+01  0.17911369E-01
  0.53999999E+00  0.17800000E+01  0.18193221E-01
  0.53999999E+00  0.18000000E+01  0.18480726E-01
  0.53999999E+00  0.18200000E+01  0.18773554E-01
  0.53999999E+00  0.18400000E+01  0.19071310E-01
  0.53999999E+00  0.18600000E+01  0.19373525E-01
  0.53999999E+00  0.18800000E+01  0.19679646E-01
  0.53999999E+00  0.19000000E+01  0.19989025E-01
  0.53999999E+00  0.19200000E+01  0.20300906E-01
  0.53999999E+00  0.19400000E+01  0.20614407E-01
  0.53999999E+00  0.19600000E+01  0.20928506E-01
  0.53999999E+00  0.19800000E+01  0.21242008E-01
  0.53999999E+00  0.20000000E+01  0.21553524E-01
  0.55999999E+00  0.00000000E+00  0.94679839E-03
  0.55999999E+00  0.20000000E-01  0.13820204E-02
  0.55999999E+00  0.39999999E-01  0.18272180E-02
  0.55999999E+00  0.59999999E-01  0.22818532E-02
  0.55999999E+00  0.79999998E-01  0.27453627E-02
  0.55999999E+00  0.99999998E-01  0.32171602E-02
  0.55999999E+00  0.12000000E+00  0.36966379E-02
  0.55999999E+00  0.14000000E+00  0.41831677E-02
  0.55999999E+00  0.16000000E+00  0.46761013E-02
  0.55999999E+00  0.18000000E+00  0.51747710E-02
  0.55999999E+00  0.20000000E+00  0.56784892E-02
  0.55999999E+00  0.22000000E+00  0.61865480E-02
  0.55999999E+00  0.23999999E+00  0.66982182E-02
  0.55999999E+00  0.25999999E+00  0.72127482E-02
  0.55999999E+00  0.27999999E+00  0.77293624E-02
  0.55999999E+00  0.29999999E+00  0.82472595E-02
  0.55999999E+00  0.31999999E+00  0.87656107E-02
  0.55999999E+00  0.33999999E+00  0.92835567E-02
  0.55999999E+00  0.35999999E+00  0.98002059E-02
  0.55999999E+00  0.37999999E+00  0.10314631E-01
  0.55999999E+00  0.39999999E+00  0.10825867E-01
  0.55999999E+00  0.41999999E+00  0.11332908E-01
  0.55999999E+00  0.43999999E+00  0.11834700E-01
  0.55999999E+00  0.45999999E+00  0.12330146E-01
  0.55999999E+00  0.47999999E+00  0.12818093E-01
  0.55999999E+00  0.49999999E+00  0.13297335E-01
  0.55999999E+00  0.51999999E+00  0.13766604E-01
  0.55999999E+00  0.53999999E+00  0.14224572E-01
  0.55999999E+00  0.55999999E+00  0.14669839E-01
  0.55999999E+00  0.57999999E+00  0.15100936E-01
  0.55999999E+00  0.59999999E+00  0.15516317E-01
  0.55999999E+00  0.61999999E+00  0.15914350E-01
  0.55999999E+00  0.63999999E+00  0.16293321E-01
  0.55999999E+00  0.65999999E+00  0.16651417E-01
  0.55999999E+00  0.67999998E+00  0.16986727E-01
  0.55999999E+00  0.69999998E+00  0.17297232E-01
  0.55999999E+00  0.71999998E+00  0.17580790E-01
  0.55999999E+00  0.73999998E+00  0.17835131E-01
  0.55999999E+00  0.75999998E+00  0.18057837E-01
  0.55999999E+00  0.77999998E+00  0.18246323E-01
  0.55999999E+00  0.79999998E+00  0.18397809E-01
  0.55999999E+00  0.81999998E+00  0.18509280E-01
  0.55999999E+00  0.83999998E+00  0.18577435E-01
  0.55999999E+00  0.85999998E+00  0.18598607E-01
  0.55999999E+00  0.87999998E+00  0.18568644E-01
  0.55999999E+00  0.89999998E+00  0.18482732E-01
  0.55999999E+00  0.91999998E+00  0.18335106E-01
  0.55999999E+00  0.93999998E+00  0.18118576E-01
  0.55999999E+00  0.95999998E+00  0.17823682E-01
  0.55999999E+00  0.97999998E+00  0.17437112E-01
  0.55999999E+00  0.99999998E+00  0.16938380E-01
  0.55999999E+00  0.10200000E+01  0.16291783E-01
  0.55999999E+00  0.10400000E+01  0.15421637E-01
  0.55999999E+00  0.10600000E+01  0.14086529E-01
  0.55999999E+00  0.10800000E+01  0.11812718E-01
  0.55999999E+00  0.11000000E+01  0.11941581E-01
  0.55999999E+00  0.11200000E+01  0.12070955E-01
  0.55999999E+00  0.11400000E+01  0.12201168E-01
  0.55999999E+00  0.11600000E+01  0.12332546E-01
  0.55999999E+00  0.11800000E+01  0.12465418E-01
  0.55999999E+00  0.12000000E+01  0.12600110E-01
  0.55999999E+00  0.12200000E+01  0.12736945E-01
  0.55999999E+00  0.12400000E+01  0.12876245E-01
  0.55999999E+00  0.12600000E+01  0.13018329E-01
  0.55999999E+00  0.12800000E+01  0.13163509E-01
  0.55999999E+00  0.13000000E+01  0.13312094E-01
  0.55999999E+00  0.13200000E+01  0.13464385E-01
  0.55999999E+00  0.13400000E+01  0.13620678E-01
  0.55999999E+00  0.13600000E+01  0.13781258E-01
  0.55999999E+00  0.13800000E+01  0.13946404E-01
  0.55999999E+00  0.14000000E+01  0.14116383E-01
  0.55999999E+00  0.14200000E+01  0.14291453E-01
  0.55999999E+00  0.14400000E+01  0.14471857E-01
  0.55999999E+00  0.14600000E+01  0.14657828E-01
  0.55999999E+00  0.14800000E+01  0.14849583E-01
  0.55999999E+00  0.15000000E+01  0.15047324E-01
  0.55999999E+00  0.15200000E+01  0.15251235E-01
  0.55999999E+00  0.15400000E+01  0.15461482E-01
  0.55999999E+00  0.15600000E+01  0.15678212E-01
  0.55999999E+00  0.15800000E+01  0.15901549E-01
  0.55999999E+00  0.16000000E+01  0.16131593E-01
  0.55999999E+00  0.16200000E+01  0.16368419E-01
  0.55999999E+00  0.16400000E+01  0.16612074E-01
  0.55999999E+00  0.16600000E+01  0.16862571E-01
  0.55999999E+00  0.16800000E+01  0.17119893E-01
  0.55999999E+00  0.17000000E+01  0.17383984E-01
  0.55999999E+00  0.17200000E+01  0.17654746E-01
  0.55999999E+00  0.17400000E+01  0.17932038E-01
  0.55999999E+00  0.17600000E+01  0.18215667E-01
  0.55999999E+00  0.17800000E+01  0.18505384E-01
  0.55999999E+00  0.18000000E+01  0.18800877E-01
  0.55999999E+00  0.18200000E+01  0.19101765E-01
  0.55999999E+00  0.18400000E+01  0.19407588E-01
  0.55999999E+00  0.18600000E+01  0.19717794E-01
  0.55999999E+00  0.18800000E+01  0.20031730E-01
  0.55999999E+00  0.19000000E+01  0.20348625E-01
  0.55999999E+00  0.19200000E+01  0.20667573E-01
  0.55999999E+00  0.19400000E+01  0.20987510E-01
  0.55999999E+00  0.19600000E+01  0.21307187E-01
  0.55999999E+00  0.19800000E+01  0.21625135E-01
  0.55999999E+00  0.20000000E+01  0.21939625E-01
  0.57999999E+00  0.00000000E+00  0.10263857E-02
  0.57999999E+00  0.20000000E-01  0.14597580E-02
  0.57999999E+00  0.39999999E-01  0.19037419E-02
  0.57999999E+00  0.59999999E-01  0.23577693E-02
  0.57999999E+00  0.79999998E-01  0.28212457E-02
  0.57999999E+00  0.99999998E-01  0.32935526E-02
  0.57999999E+00  0.12000000E+00  0.37740478E-02
  0.57999999E+00  0.14000000E+00  0.42620665E-02
  0.57999999E+00  0.16000000E+00  0.47569214E-02
  0.57999999E+00  0.18000000E+00  0.52579025E-02
  0.57999999E+00  0.20000000E+00  0.57642765E-02
  0.57999999E+00  0.22000000E+00  0.62752865E-02
  0.57999999E+00  0.23999999E+00  0.67901501E-02
  0.57999999E+00  0.25999999E+00  0.73080588E-02
  0.57999999E+00  0.27999999E+00  0.78281757E-02
  0.57999999E+00  0.29999999E+00  0.83496339E-02
  0.57999999E+00  0.31999999E+00  0.88715340E-02
  0.57999999E+00  0.33999999E+00  0.93929422E-02
  0.57999999E+00  0.35999999E+00  0.99128869E-02
  0.57999999E+00  0.37999999E+00  0.10430357E-01
  0.57999999E+00  0.39999999E+00  0.10944297E-01
  0.57999999E+00  0.41999999E+00  0.11453607E-01
  0.57999999E+00  0.43999999E+00  0.11957135E-01
  0.57999999E+00  0.45999999E+00  0.12453679E-01
  0.57999999E+00  0.47999999E+00  0.12941977E-01
  0.57999999E+00  0.49999999E+00  0.13420709E-01
  0.57999999E+00  0.51999999E+00  0.13888491E-01
  0.57999999E+00  0.53999999E+00  0.14343867E-01
  0.57999999E+00  0.55999999E+00  0.14785313E-01
  0.57999999E+00  0.57999999E+00  0.15211226E-01
  0.57999999E+00  0.59999999E+00  0.15619921E-01
  0.57999999E+00  0.61999999E+00  0.16009627E-01
  0.57999999E+00  0.63999999E+00  0.16378480E-01
  0.57999999E+00  0.65999999E+00  0.16724517E-01
  0.57999999E+00  0.67999998E+00  0.17045670E-01
  0.57999999E+00  0.69999998E+00  0.17339754E-01
  0.57999999E+00  0.71999998E+00  0.17604457E-01
  0.57999999E+00  0.73999998E+00  0.17837330E-01
  0.57999999E+00  0.75999998E+00  0.18035759E-01
  0.57999999E+00  0.77999998E+00  0.18196950E-01
  0.57999999E+00  0.79999998E+00  0.18317886E-01
  0.57999999E+00  0.81999998E+00  0.18395280E-01
  0.57999999E+00  0.83999998E+00  0.18425501E-01
  0.57999999E+00  0.85999998E+00  0.18404467E-01
  0.57999999E+00  0.87999998E+00  0.18327468E-01
  0.57999999E+00  0.89999998E+00  0.18188900E-01
  0.57999999E+00  0.91999998E+00  0.17981810E-01
  0.57999999E+00  0.93999998E+00  0.17697089E-01
  0.57999999E+00  0.95999998E+00  0.17321952E-01
  0.57999999E+00  0.97999998E+00  0.16836738E-01
  0.57999999E+00  0.99999998E+00  0.16207153E-01
  0.57999999E+00  0.10200000E+01  0.15360322E-01
  0.57999999E+00  0.10400000E+01  0.14062980E-01
  0.57999999E+00  0.10600000E+01  0.11858538E-01
  0.57999999E+00  0.10800000E+01  0.11989031E-01
  0.57999999E+00  0.11000000E+01  0.12119748E-01
  0.57999999E+00  0.11200000E+01  0.12251023E-01
  0.57999999E+00  0.11400000E+01  0.12383193E-01
  0.57999999E+00  0.11600000E+01  0.12516594E-01
  0.57999999E+00  0.11800000E+01  0.12651563E-01
  0.57999999E+00  0.12000000E+01  0.12788436E-01
  0.57999999E+00  0.12200000E+01  0.12927547E-01
  0.57999999E+00  0.12400000E+01  0.13069228E-01
  0.57999999E+00  0.12600000E+01  0.13213808E-01
  0.57999999E+00  0.12800000E+01  0.13361609E-01
  0.57999999E+00  0.13000000E+01  0.13512951E-01
  0.57999999E+00  0.13200000E+01  0.13668147E-01
  0.57999999E+00  0.13400000E+01  0.13827501E-01
  0.57999999E+00  0.13600000E+01  0.13991312E-01
  0.57999999E+00  0.13800000E+01  0.14159867E-01
  0.57999999E+00  0.14000000E+01  0.14333447E-01
  0.57999999E+00  0.14200000E+01  0.14512317E-01
  0.57999999E+00  0.14400000E+01  0.14696735E-01
  0.57999999E+00  0.14600000E+01  0.14886941E-01
  0.57999999E+00  0.14800000E+01  0.15083162E-01
  0.57999999E+00  0.15000000E+01  0.15285610E-01
  0.57999999E+00  0.15200000E+01  0.15494477E-01
  0.57999999E+00  0.15400000E+01  0.15709938E-01
  0.57999999E+00  0.15600000E+01  0.15932145E-01
  0.57999999E+00  0.15800000E+01  0.16161226E-01
  0.57999999E+00  0.16000000E+01  0.16397287E-01
  0.57999999E+00  0.16200000E+01  0.16640402E-01
  0.57999999E+00  0.16400000E+01  0.16890615E-01
  0.57999999E+00  0.16600000E+01  0.17147938E-01
  0.57999999E+00  0.16800000E+01  0.17412344E-01
  0.57999999E+00  0.17000000E+01  0.17683762E-01
  0.57999999E+00  0.17200000E+01  0.17962077E-01
  0.57999999E+00  0.17400000E+01  0.18247123E-01
  0.57999999E+00  0.17600000E+01  0.18538671E-01
  0.57999999E+00  0.17800000E+01  0.18836432E-01
  0.57999999E+00  0.18000000E+01  0.19140039E-01
  0.57999999E+00  0.18200000E+01  0.19449042E-01
  0.57999999E+00  0.18400000E+01  0.19762897E-01
  0.57999999E+00  0.18600000E+01  0.20080947E-01
  0.57999999E+00  0.18800000E+01  0.20402411E-01
  0.57999999E+00  0.19000000E+01  0.20726361E-01
  0.57999999E+00  0.19200000E+01  0.21051694E-01
  0.57999999E+00  0.19400000E+01  0.21377109E-01
  0.57999999E+00  0.19600000E+01  0.21701064E-01
  0.57999999E+00  0.19800000E+01  0.22021727E-01
  0.57999999E+00  0.20000000E+01  0.22336920E-01
  0.59999999E+00  0.00000000E+00  0.11103631E-02
  0.59999999E+00  0.20000000E-01  0.15419472E-02
  0.59999999E+00  0.39999999E-01  0.19847450E-02
  0.59999999E+00  0.59999999E-01  0.24381572E-02
  0.59999999E+00  0.79999998E-01  0.29015572E-02
  0.59999999E+00  0.99999998E-01  0.33742923E-02
  0.59999999E+00  0.12000000E+00  0.38556842E-02
  0.59999999E+00  0.14000000E+00  0.43450291E-02
  0.59999999E+00  0.16000000E+00  0.48415981E-02
  0.59999999E+00  0.18000000E+00  0.53446360E-02
  0.59999999E+00  0.20000000E+00  0.58533612E-02
  0.59999999E+00  0.22000000E+00  0.63669642E-02
  0.59999999E+00  0.23999999E+00  0.68846065E-02
  0.59999999E+00  0.25999999E+00  0.74054189E-02
  0.59999999E+00  0.27999999E+00  0.79284996E-02
  0.59999999E+00  0.29999999E+00  0.84529121E-02
  0.59999999E+00  0.31999999E+00  0.89776832E-02
  0.59999999E+00  0.33999999E+00  0.95018001E-02
  0.59999999E+00  0.35999999E+00  0.10024208E-01
  0.59999999E+00  0.37999999E+00  0.10543806E-01
  0.59999999E+00  0.39999999E+00  0.11059448E-01
  0.59999999E+00  0.41999999E+00  0.11569934E-01
  0.59999999E+00  0.43999999E+00  0.12074011E-01
  0.59999999E+00  0.45999999E+00  0.12570366E-01
  0.59999999E+00  0.47999999E+00  0.13057629E-01
  0.59999999E+00  0.49999999E+00  0.13534361E-01
  0.59999999E+00  0.51999999E+00  0.13999055E-01
  0.59999999E+00  0.53999999E+00  0.14450132E-01
  0.59999999E+00  0.55999999E+00  0.14885938E-01
  0.59999999E+00  0.57999999E+00  0.15304733E-01
  0.59999999E+00  0.59999999E+00  0.15704695E-01
  0.59999999E+00  0.61999999E+00  0.16083911E-01
  0.59999999E+00  0.63999999E+00  0.16440369E-01
  0.59999999E+00  0.65999999E+00  0.16771955E-01
  0.59999999E+00  0.67999998E+00  0.17076442E-01
  0.59999999E+00  0.69999998E+00  0.17351484E-01
  0.59999999E+00  0.71999998E+00  0.17594598E-01
  0.59999999E+00  0.73999998E+00  0.17803151E-01
  0.59999999E+00  0.75999998E+00  0.17974336E-01
  0.59999999E+00  0.77999998E+00  0.18105138E-01
  0.59999999E+00  0.79999998E+00  0.18192289E-01
  0.59999999E+00  0.81999998E+00  0.18232202E-01
  0.59999999E+00  0.83999998E+00  0.18220865E-01
  0.59999999E+00  0.85999998E+00  0.18153682E-01
  0.59999999E+00  0.87999998E+00  0.18025217E-01
  0.59999999E+00  0.89999998E+00  0.17828762E-01
  0.59999999E+00  0.91999998E+00  0.17555571E-01
  0.59999999E+00  0.93999998E+00  0.17193401E-01
  0.59999999E+00  0.95999998E+00  0.16723447E-01
  0.59999999E+00  0.97999998E+00  0.16112870E-01
  0.59999999E+00  0.99999998E+00  0.15291713E-01
  0.59999999E+00  0.10200000E+01  0.14035215E-01
  0.59999999E+00  0.10400000E+01  0.11904641E-01
  0.59999999E+00  0.10600000E+01  0.12037493E-01
  0.59999999E+00  0.10800000E+01  0.12170267E-01
  0.59999999E+00  0.11000000E+01  0.12303301E-01
  0.59999999E+00  0.11200000E+01  0.12436939E-01
  0.59999999E+00  0.11400000E+01  0.12571525E-01
  0.59999999E+00  0.11600000E+01  0.12707403E-01
  0.59999999E+00  0.11800000E+01  0.12844921E-01
  0.59999999E+00  0.12000000E+01  0.12984422E-01
  0.59999999E+00  0.12200000E+01  0.13126251E-01
  0.59999999E+00  0.12400000E+01  0.13270749E-01
  0.59999999E+00  0.12600000E+01  0.13418255E-01
  0.59999999E+00  0.12800000E+01  0.13569102E-01
  0.59999999E+00  0.13000000E+01  0.13723620E-01
  0.59999999E+00  0.13200000E+01  0.13882132E-01
  0.59999999E+00  0.13400000E+01  0.14044956E-01
  0.59999999E+00  0.13600000E+01  0.14212399E-01
  0.59999999E+00  0.13800000E+01  0.14384761E-01
  0.59999999E+00  0.14000000E+01  0.14562332E-01
  0.59999999E+00  0.14200000E+01  0.14745391E-01
  0.59999999E+00  0.14400000E+01  0.14934204E-01
  0.59999999E+00  0.14600000E+01  0.15129024E-01
  0.59999999E+00  0.14800000E+01  0.15330087E-01
  0.59999999E+00  0.15000000E+01  0.15537614E-01
  0.59999999E+00  0.15200000E+01  0.15751807E-01
  0.59999999E+00  0.15400000E+01  0.15972847E-01
  0.59999999E+00  0.15600000E+01  0.16200892E-01
  0.59999999E+00  0.15800000E+01  0.16436077E-01
  0.59999999E+00  0.16000000E+01  0.16678507E-01
  0.59999999E+00  0.16200000E+01  0.16928258E-01
  0.59999999E+00  0.16400000E+01  0.17185370E-01
  0.59999999E+00  0.16600000E+01  0.17449846E-01
  0.59999999E+00  0.16800000E+01  0.17721647E-01
  0.59999999E+00  0.17000000E+01  0.18000686E-01
  0.59999999E+00  0.17200000E+01  0.18286821E-01
  0.59999999E+00  0.17400000E+01  0.18579852E-01
  0.59999999E+00  0.17600000E+01  0.18879510E-01
  0.59999999E+00  0.17800000E+01  0.19185446E-01
  0.59999999E+00  0.18000000E+01  0.19497226E-01
  0.59999999E+00  0.18200000E+01  0.19814312E-01
  0.59999999E+00  0.18400000E+01  0.20136049E-01
  0.59999999E+00  0.18600000E+01  0.20461647E-01
  0.59999999E+00  0.18800000E+01  0.20790159E-01
  0.59999999E+00  0.19000000E+01  0.21120451E-01
  0.59999999E+00  0.19200000E+01  0.21451169E-01
  0.59999999E+00  0.19400000E+01  0.21780702E-01
  0.59999999E+00  0.19600000E+01  0.22107122E-01
  0.59999999E+00  0.19800000E+01  0.22428119E-01
  0.59999999E+00  0.20000000E+01  0.22740917E-01
  0.61999999E+00  0.00000000E+00  0.11990133E-02
  0.61999999E+00  0.20000000E-01  0.16288828E-02
  0.61999999E+00  0.39999999E-01  0.20705291E-02
  0.61999999E+00  0.59999999E-01  0.25233207E-02
  0.61999999E+00  0.79999998E-01  0.29865975E-02
  0.61999999E+00  0.99999998E-01  0.34596709E-02
  0.61999999E+00  0.12000000E+00  0.39418244E-02
  0.61999999E+00  0.14000000E+00  0.44323132E-02
  0.61999999E+00  0.16000000E+00  0.49303639E-02
  0.61999999E+00  0.18000000E+00  0.54351735E-02
  0.61999999E+00  0.20000000E+00  0.59459089E-02
  0.61999999E+00  0.22000000E+00  0.64617050E-02
  0.61999999E+00  0.23999999E+00  0.69816636E-02
  0.61999999E+00  0.25999999E+00  0.75048513E-02
  0.61999999E+00  0.27999999E+00  0.80302980E-02
  0.61999999E+00  0.29999999E+00  0.85569941E-02
  0.61999999E+00  0.31999999E+00  0.90838885E-02
  0.61999999E+00  0.33999999E+00  0.96098858E-02
  0.61999999E+00  0.35999999E+00  0.10133844E-01
  0.61999999E+00  0.37999999E+00  0.10654571E-01
  0.61999999E+00  0.39999999E+00  0.11170823E-01
  0.61999999E+00  0.41999999E+00  0.11681298E-01
  0.61999999E+00  0.43999999E+00  0.12184639E-01
  0.61999999E+00  0.45999999E+00  0.12679421E-01
  0.61999999E+00  0.47999999E+00  0.13164159E-01
  0.61999999E+00  0.49999999E+00  0.13637295E-01
  0.61999999E+00  0.51999999E+00  0.14097200E-01
  0.61999999E+00  0.53999999E+00  0.14542166E-01
  0.61999999E+00  0.55999999E+00  0.14970408E-01
  0.61999999E+00  0.57999999E+00  0.15380052E-01
  0.61999999E+00  0.59999999E+00  0.15769137E-01
  0.61999999E+00  0.61999999E+00  0.16135608E-01
  0.61999999E+00  0.63999999E+00  0.16477307E-01
  0.61999999E+00  0.65999999E+00  0.16791970E-01
  0.61999999E+00  0.67999998E+00  0.17077216E-01
  0.61999999E+00  0.69999998E+00  0.17330537E-01
  0.61999999E+00  0.71999998E+00  0.17549282E-01
  0.61999999E+00  0.73999998E+00  0.17730634E-01
  0.61999999E+00  0.75999998E+00  0.17871586E-01
  0.61999999E+00  0.77999998E+00  0.17968894E-01
  0.61999999E+00  0.79999998E+00  0.18019018E-01
  0.61999999E+00  0.81999998E+00  0.18018022E-01
  0.61999999E+00  0.83999998E+00  0.17961430E-01
  0.61999999E+00  0.85999998E+00  0.17843981E-01
  0.61999999E+00  0.87999998E+00  0.17659220E-01
  0.61999999E+00  0.89999998E+00  0.17398774E-01
  0.61999999E+00  0.91999998E+00  0.17050959E-01
  0.61999999E+00  0.93999998E+00  0.16597845E-01
  0.61999999E+00  0.95999998E+00  0.16008095E-01
  0.61999999E+00  0.97999998E+00  0.15214759E-01
  0.61999999E+00  0.99999998E+00  0.14001900E-01
  0.61999999E+00  0.10200000E+01  0.11949244E-01
  0.61999999E+00  0.10400000E+01  0.12085170E-01
  0.61999999E+00  0.10600000E+01  0.12220705E-01
  0.61999999E+00  0.10800000E+01  0.12356190E-01
  0.61999999E+00  0.11000000E+01  0.12491972E-01
  0.61999999E+00  0.11200000E+01  0.12628400E-01
  0.61999999E+00  0.11400000E+01  0.12765826E-01
  0.61999999E+00  0.11600000E+01  0.12904603E-01
  0.61999999E+00  0.11800000E+01  0.13045087E-01
  0.61999999E+00  0.12000000E+01  0.13187631E-01
  0.61999999E+00  0.12200000E+01  0.13332587E-01
  0.61999999E+00  0.12400000E+01  0.13480308E-01
  0.61999999E+00  0.12600000E+01  0.13631141E-01
  0.61999999E+00  0.12800000E+01  0.13785431E-01
  0.61999999E+00  0.13000000E+01  0.13943518E-01
  0.61999999E+00  0.13200000E+01  0.14105736E-01
  0.61999999E+00  0.13400000E+01  0.14272413E-01
  0.61999999E+00  0.13600000E+01  0.14443870E-01
  0.61999999E+00  0.13800000E+01  0.14620416E-01
  0.61999999E+00  0.14000000E+01  0.14802355E-01
  0.61999999E+00  0.14200000E+01  0.14989975E-01
  0.61999999E+00  0.14400000E+01  0.15183555E-01
  0.61999999E+00  0.14600000E+01  0.15383357E-01
  0.61999999E+00  0.14800000E+01  0.15589629E-01
  0.61999999E+00  0.15000000E+01  0.15802601E-01
  0.61999999E+00  0.15200000E+01  0.16022484E-01
  0.61999999E+00  0.15400000E+01  0.16249466E-01
  0.61999999E+00  0.15600000E+01  0.16483711E-01
  0.61999999E+00  0.15800000E+01  0.16725356E-01
  0.61999999E+00  0.16000000E+01  0.16974509E-01
  0.61999999E+00  0.16200000E+01  0.17231241E-01
  0.61999999E+00  0.16400000E+01  0.17495587E-01
  0.61999999E+00  0.16600000E+01  0.17767539E-01
  0.61999999E+00  0.16800000E+01  0.18047039E-01
  0.61999999E+00  0.17000000E+01  0.18333975E-01
  0.61999999E+00  0.17200000E+01  0.18628174E-01
  0.61999999E+00  0.17400000E+01  0.18929389E-01
  0.61999999E+00  0.17600000E+01  0.19237296E-01
  0.61999999E+00  0.17800000E+01  0.19551473E-01
  0.61999999E+00  0.18000000E+01  0.19871396E-01
  0.61999999E+00  0.18200000E+01  0.20196412E-01
  0.61999999E+00  0.18400000E+01  0.20525728E-01
  0.61999999E+00  0.18600000E+01  0.20858378E-01
  0.61999999E+00  0.18800000E+01  0.21193201E-01
  0.61999999E+00  0.19000000E+01  0.21528796E-01
  0.61999999E+00  0.19200000E+01  0.21863484E-01
  0.61999999E+00  0.19400000E+01  0.22195245E-01
  0.61999999E+00  0.19600000E+01  0.22521645E-01
  0.61999999E+00  0.19800000E+01  0.22839741E-01
  0.61999999E+00  0.20000000E+01  0.23145952E-01
  0.63999999E+00  0.00000000E+00  0.12926349E-02
  0.63999999E+00  0.20000000E-01  0.17208655E-02
  0.63999999E+00  0.39999999E-01  0.21613922E-02
  0.63999999E+00  0.59999999E-01  0.26135507E-02
  0.63999999E+00  0.79999998E-01  0.30766455E-02
  0.63999999E+00  0.99999998E-01  0.35499507E-02
  0.63999999E+00  0.12000000E+00  0.40327091E-02
  0.63999999E+00  0.14000000E+00  0.45241326E-02
  0.63999999E+00  0.16000000E+00  0.50234006E-02
  0.63999999E+00  0.18000000E+00  0.55296597E-02
  0.63999999E+00  0.20000000E+00  0.60420218E-02
  0.63999999E+00  0.22000000E+00  0.65595632E-02
  0.63999999E+00  0.23999999E+00  0.70813227E-02
  0.63999999E+00  0.25999999E+00  0.76062994E-02
  0.63999999E+00  0.27999999E+00  0.81334510E-02
  0.63999999E+00  0.29999999E+00  0.86616913E-02
  0.63999999E+00  0.31999999E+00  0.91898880E-02
  0.63999999E+00  0.33999999E+00  0.97168597E-02
  0.63999999E+00  0.35999999E+00  0.10241374E-01
  0.63999999E+00  0.37999999E+00  0.10762143E-01
  0.63999999E+00  0.39999999E+00  0.11277822E-01
  0.63999999E+00  0.41999999E+00  0.11787008E-01
  0.63999999E+00  0.43999999E+00  0.12288231E-01
  0.63999999E+00  0.45999999E+00  0.12779958E-01
  0.63999999E+00  0.47999999E+00  0.13260582E-01
  0.63999999E+00  0.49999999E+00  0.13728428E-01
  0.63999999E+00  0.51999999E+00  0.14181741E-01
  0.63999999E+00  0.53999999E+00  0.14618686E-01
  0.63999999E+00  0.55999999E+00  0.15037346E-01
  0.63999999E+00  0.57999999E+00  0.15435714E-01
  0.63999999E+00  0.59999999E+00  0.15811692E-01
  0.63999999E+00  0.61999999E+00  0.16163085E-01
  0.63999999E+00  0.63999999E+00  0.16487593E-01
  0.63999999E+00  0.65999999E+00  0.16782806E-01
  0.63999999E+00  0.67999998E+00  0.17046191E-01
  0.63999999E+00  0.69999998E+00  0.17275082E-01
  0.63999999E+00  0.71999998E+00  0.17466662E-01
  0.63999999E+00  0.73999998E+00  0.17617931E-01
  0.63999999E+00  0.75999998E+00  0.17725675E-01
  0.63999999E+00  0.77999998E+00  0.17786405E-01
  0.63999999E+00  0.79999998E+00  0.17796268E-01
  0.63999999E+00  0.81999998E+00  0.17750912E-01
  0.63999999E+00  0.83999998E+00  0.17645256E-01
  0.63999999E+00  0.85999998E+00  0.17473108E-01
  0.63999999E+00  0.87999998E+00  0.17226477E-01
  0.63999999E+00  0.89999998E+00  0.16894249E-01
  0.63999999E+00  0.91999998E+00  0.16459392E-01
  0.63999999E+00  0.93999998E+00  0.15892103E-01
  0.63999999E+00  0.95999998E+00  0.15128523E-01
  0.63999999E+00  0.97999998E+00  0.13961811E-01
  0.63999999E+00  0.99999998E+00  0.11990678E-01
  0.63999999E+00  0.10200000E+01  0.12130374E-01
  0.63999999E+00  0.10400000E+01  0.12269357E-01
  0.63999999E+00  0.10600000E+01  0.12407970E-01
  0.63999999E+00  0.10800000E+01  0.12546562E-01
  0.63999999E+00  0.11000000E+01  0.12685484E-01
  0.63999999E+00  0.11200000E+01  0.12825094E-01
  0.63999999E+00  0.11400000E+01  0.12965751E-01
  0.63999999E+00  0.11600000E+01  0.13107816E-01
  0.63999999E+00  0.11800000E+01  0.13251651E-01
  0.63999999E+00  0.12000000E+01  0.13397619E-01
  0.63999999E+00  0.12200000E+01  0.13546083E-01
  0.63999999E+00  0.12400000E+01  0.13697402E-01
  0.63999999E+00  0.12600000E+01  0.13851936E-01
  0.63999999E+00  0.12800000E+01  0.14010039E-01
  0.63999999E+00  0.13000000E+01  0.14172063E-01
  0.63999999E+00  0.13200000E+01  0.14338353E-01
  0.63999999E+00  0.13400000E+01  0.14509249E-01
  0.63999999E+00  0.13600000E+01  0.14685081E-01
  0.63999999E+00  0.13800000E+01  0.14866174E-01
  0.63999999E+00  0.14000000E+01  0.15052840E-01
  0.63999999E+00  0.14200000E+01  0.15245382E-01
  0.63999999E+00  0.14400000E+01  0.15444089E-01
  0.63999999E+00  0.14600000E+01  0.15649235E-01
  0.63999999E+00  0.14800000E+01  0.15861078E-01
  0.63999999E+00  0.15000000E+01  0.16079859E-01
  0.63999999E+00  0.15200000E+01  0.16305794E-01
  0.63999999E+00  0.15400000E+01  0.16539081E-01
  0.63999999E+00  0.15600000E+01  0.16779886E-01
  0.63999999E+00  0.15800000E+01  0.17028350E-01
  0.63999999E+00  0.16000000E+01  0.17284578E-01
  0.63999999E+00  0.16200000E+01  0.17548636E-01
  0.63999999E+00  0.16400000E+01  0.17820547E-01
  0.63999999E+00  0.16600000E+01  0.18100287E-01
  0.63999999E+00  0.16800000E+01  0.18387774E-01
  0.63999999E+00  0.17000000E+01  0.18682862E-01
  0.63999999E+00  0.17200000E+01  0.18985333E-01
  0.63999999E+00  0.17400000E+01  0.19294882E-01
  0.63999999E+00  0.17600000E+01  0.19611109E-01
  0.63999999E+00  0.17800000E+01  0.19933502E-01
  0.63999999E+00  0.18000000E+01  0.20261416E-01
  0.63999999E+00  0.18200000E+01  0.20594053E-01
  0.63999999E+00  0.18400000E+01  0.20930438E-01
  0.63999999E+00  0.18600000E+01  0.21269381E-01
  0.63999999E+00  0.18800000E+01  0.21609440E-01
  0.63999999E+00  0.19000000E+01  0.21948873E-01
  0.63999999E+00  0.19200000E+01  0.22285570E-01
  0.63999999E+00  0.19400000E+01  0.22616977E-01
  0.63999999E+00  0.19600000E+01  0.22939991E-01
  0.63999999E+00  0.19800000E+01  0.23250819E-01
  0.63999999E+00  0.20000000E+01  0.23544791E-01
  0.65999999E+00  0.00000000E+00  0.13915380E-02
  0.65999999E+00  0.20000000E-01  0.18181980E-02
  0.65999999E+00  0.39999999E-01  0.22576260E-02
  0.65999999E+00  0.59999999E-01  0.27091233E-02
  0.65999999E+00  0.79999998E-01  0.31719576E-02
  0.65999999E+00  0.99999998E-01  0.36453635E-02
  0.65999999E+00  0.12000000E+00  0.41285414E-02
  0.65999999E+00  0.14000000E+00  0.46206567E-02
  0.65999999E+00  0.16000000E+00  0.51208394E-02
  0.65999999E+00  0.18000000E+00  0.56281822E-02
  0.65999999E+00  0.20000000E+00  0.61417394E-02
  0.65999999E+00  0.22000000E+00  0.66605253E-02
  0.65999999E+00  0.23999999E+00  0.71835123E-02
  0.65999999E+00  0.25999999E+00  0.77096285E-02
  0.65999999E+00  0.27999999E+00  0.82377562E-02
  0.65999999E+00  0.29999999E+00  0.87667294E-02
  0.65999999E+00  0.31999999E+00  0.92953307E-02
  0.65999999E+00  0.33999999E+00  0.98222899E-02
  0.65999999E+00  0.35999999E+00  0.10346280E-01
  0.65999999E+00  0.37999999E+00  0.10865917E-01
  0.65999999E+00  0.39999999E+00  0.11379752E-01
  0.65999999E+00  0.41999999E+00  0.11886274E-01
  0.65999999E+00  0.43999999E+00  0.12383906E-01
  0.65999999E+00  0.45999999E+00  0.12870996E-01
  0.65999999E+00  0.47999999E+00  0.13345824E-01
  0.65999999E+00  0.49999999E+00  0.13806590E-01
  0.65999999E+00  0.51999999E+00  0.14251416E-01
  0.65999999E+00  0.53999999E+00  0.14678340E-01
  0.65999999E+00  0.55999999E+00  0.15085316E-01
  0.65999999E+00  0.57999999E+00  0.15470205E-01
  0.65999999E+00  0.59999999E+00  0.15830778E-01
  0.65999999E+00  0.61999999E+00  0.16164701E-01
  0.65999999E+00  0.63999999E+00  0.16469538E-01
  0.65999999E+00  0.65999999E+00  0.16742739E-01
  0.65999999E+00  0.67999998E+00  0.16981625E-01
  0.65999999E+00  0.69999998E+00  0.17183379E-01
  0.65999999E+00  0.71999998E+00  0.17345017E-01
  0.65999999E+00  0.73999998E+00  0.17463357E-01
  0.65999999E+00  0.75999998E+00  0.17534965E-01
  0.65999999E+00  0.77999998E+00  0.17556077E-01
  0.65999999E+00  0.79999998E+00  0.17522469E-01
  0.65999999E+00  0.81999998E+00  0.17429248E-01
  0.65999999E+00  0.83999998E+00  0.17270490E-01
  0.65999999E+00  0.85999998E+00  0.17038593E-01
  0.65999999E+00  0.87999998E+00  0.16723027E-01
  0.65999999E+00  0.89999998E+00  0.16307673E-01
  0.65999999E+00  0.91999998E+00  0.15764293E-01
  0.65999999E+00  0.93999998E+00  0.15032188E-01
  0.65999999E+00  0.95999998E+00  0.13913843E-01
  0.65999999E+00  0.97999998E+00  0.12027399E-01
  0.65999999E+00  0.99999998E+00  0.12171529E-01
  0.65999999E+00  0.10200000E+01  0.12314623E-01
  0.65999999E+00  0.10400000E+01  0.12457022E-01
  0.65999999E+00  0.10600000E+01  0.12599073E-01
  0.65999999E+00  0.10800000E+01  0.12741131E-01
  0.65999999E+00  0.11000000E+01  0.12883553E-01
  0.65999999E+00  0.11200000E+01  0.13026703E-01
  0.65999999E+00  0.11400000E+01  0.13170947E-01
  0.65999999E+00  0.11600000E+01  0.13316654E-01
  0.65999999E+00  0.11800000E+01  0.13464193E-01
  0.65999999E+00  0.12000000E+01  0.13613937E-01
  0.65999999E+00  0.12200000E+01  0.13766258E-01
  0.65999999E+00  0.12400000E+01  0.13921524E-01
  0.65999999E+00  0.12600000E+01  0.14080106E-01
  0.65999999E+00  0.12800000E+01  0.14242369E-01
  0.65999999E+00  0.13000000E+01  0.14408676E-01
  0.65999999E+00  0.13200000E+01  0.14579383E-01
  0.65999999E+00  0.13400000E+01  0.14754842E-01
  0.65999999E+00  0.13600000E+01  0.14935397E-01
  0.65999999E+00  0.13800000E+01  0.15121384E-01
  0.65999999E+00  0.14000000E+01  0.15313128E-01
  0.65999999E+00  0.14200000E+01  0.15510944E-01
  0.65999999E+00  0.14400000E+01  0.15715132E-01
  0.65999999E+00  0.14600000E+01  0.15925979E-01
  0.65999999E+00  0.14800000E+01  0.16143752E-01
  0.65999999E+00  0.15000000E+01  0.16368702E-01
  0.65999999E+00  0.15200000E+01  0.16601054E-01
  0.65999999E+00  0.15400000E+01  0.16841008E-01
  0.65999999E+00  0.15600000E+01  0.17088737E-01
  0.65999999E+00  0.15800000E+01  0.17344378E-01
  0.65999999E+00  0.16000000E+01  0.17608033E-01
  0.65999999E+00  0.16200000E+01  0.17879756E-01
  0.65999999E+00  0.16400000E+01  0.18159557E-01
  0.65999999E+00  0.16600000E+01  0.18447384E-01
  0.65999999E+00  0.16800000E+01  0.18743122E-01
  0.65999999E+00  0.17000000E+01  0.19046581E-01
  0.65999999E+00  0.17200000E+01  0.19357482E-01
  0.65999999E+00  0.17400000E+01  0.19675445E-01
  0.65999999E+00  0.17600000E+01  0.19999973E-01
  0.65999999E+00  0.17800000E+01  0.20330431E-01
  0.65999999E+00  0.18000000E+01  0.20666022E-01
  0.65999999E+00  0.18200000E+01  0.21005761E-01
  0.65999999E+00  0.18400000E+01  0.21348435E-01
  0.65999999E+00  0.18600000E+01  0.21692564E-01
  0.65999999E+00  0.18800000E+01  0.22036346E-01
  0.65999999E+00  0.19000000E+01  0.22377588E-01
  0.65999999E+00  0.19200000E+01  0.22713621E-01
  0.65999999E+00  0.19400000E+01  0.23041186E-01
  0.65999999E+00  0.19600000E+01  0.23356283E-01
  0.65999999E+00  0.19800000E+01  0.23653975E-01
  0.65999999E+00  0.20000000E+01  0.23928095E-01
  0.67999998E+00  0.00000000E+00  0.14960403E-02
  0.67999998E+00  0.20000000E-01  0.19211821E-02
  0.67999998E+00  0.39999999E-01  0.23595126E-02
  0.67999998E+00  0.59999999E-01  0.28102973E-02
  0.67999998E+00  0.79999998E-01  0.32727654E-02
  0.67999998E+00  0.99999998E-01  0.37461098E-02
  0.67999998E+00  0.12000000E+00  0.42294857E-02
  0.67999998E+00  0.14000000E+00  0.47220101E-02
  0.67999998E+00  0.16000000E+00  0.52227600E-02
  0.67999998E+00  0.18000000E+00  0.57307718E-02
  0.67999998E+00  0.20000000E+00  0.62450387E-02
  0.67999998E+00  0.22000000E+00  0.67645099E-02
  0.67999998E+00  0.23999999E+00  0.72880880E-02
  0.67999998E+00  0.25999999E+00  0.78146270E-02
  0.67999998E+00  0.27999999E+00  0.83429306E-02
  0.67999998E+00  0.29999999E+00  0.88717494E-02
  0.67999998E+00  0.31999999E+00  0.93997785E-02
  0.67999998E+00  0.33999999E+00  0.99256553E-02
  0.67999998E+00  0.35999999E+00  0.10447957E-01
  0.67999998E+00  0.37999999E+00  0.10965197E-01
  0.67999998E+00  0.39999999E+00  0.11475825E-01
  0.67999998E+00  0.41999999E+00  0.11978219E-01
  0.67999998E+00  0.43999999E+00  0.12470691E-01
  0.67999998E+00  0.45999999E+00  0.12951475E-01
  0.67999998E+00  0.47999999E+00  0.13418730E-01
  0.67999998E+00  0.49999999E+00  0.13870538E-01
  0.67999998E+00  0.51999999E+00  0.14304898E-01
  0.67999998E+00  0.53999999E+00  0.14719723E-01
  0.67999998E+00  0.55999999E+00  0.15112841E-01
  0.67999998E+00  0.57999999E+00  0.15481987E-01
  0.67999998E+00  0.59999999E+00  0.15824802E-01
  0.67999998E+00  0.61999999E+00  0.16138826E-01
  0.67999998E+00  0.63999999E+00  0.16421492E-01
  0.67999998E+00  0.65999999E+00  0.16670115E-01
  0.67999998E+00  0.67999998E+00  0.16881881E-01
  0.67999998E+00  0.69999998E+00  0.17053825E-01
  0.67999998E+00  0.71999998E+00  0.17182802E-01
  0.67999998E+00  0.73999998E+00  0.17265438E-01
  0.67999998E+00  0.75999998E+00  0.17298062E-01
  0.67999998E+00  0.77999998E+00  0.17276584E-01
  0.67999998E+00  0.79999998E+00  0.17196302E-01
  0.67999998E+00  0.81999998E+00  0.17051567E-01
  0.67999998E+00  0.83999998E+00  0.16835173E-01
  0.67999998E+00  0.85999998E+00  0.16537184E-01
  0.67999998E+00  0.87999998E+00  0.16142406E-01
  0.67999998E+00  0.89999998E+00  0.15624194E-01
  0.67999998E+00  0.91999998E+00  0.14925061E-01
  0.67999998E+00  0.93999998E+00  0.13857012E-01
  0.67999998E+00  0.95999998E+00  0.12057985E-01
  0.67999998E+00  0.97999998E+00  0.12207180E-01
  0.67999998E+00  0.99999998E+00  0.12355018E-01
  0.67999998E+00  0.10200000E+01  0.12501833E-01
  0.67999998E+00  0.10400000E+01  0.12647972E-01
  0.67999998E+00  0.10600000E+01  0.12793787E-01
  0.67999998E+00  0.10800000E+01  0.12939635E-01
  0.67999998E+00  0.11000000E+01  0.13085881E-01
  0.67999998E+00  0.11200000E+01  0.13232895E-01
  0.67999998E+00  0.11400000E+01  0.13381049E-01
  0.67999998E+00  0.11600000E+01  0.13530720E-01
  0.67999998E+00  0.11800000E+01  0.13682286E-01
  0.67999998E+00  0.12000000E+01  0.13836129E-01
  0.67999998E+00  0.12200000E+01  0.13992628E-01
  0.67999998E+00  0.12400000E+01  0.14152164E-01
  0.67999998E+00  0.12600000E+01  0.14315117E-01
  0.67999998E+00  0.12800000E+01  0.14481864E-01
  0.67999998E+00  0.13000000E+01  0.14652778E-01
  0.67999998E+00  0.13200000E+01  0.14828230E-01
  0.67999998E+00  0.13400000E+01  0.15008583E-01
  0.67999998E+00  0.13600000E+01  0.15194194E-01
  0.67999998E+00  0.13800000E+01  0.15385412E-01
  0.67999998E+00  0.14000000E+01  0.15582575E-01
  0.67999998E+00  0.14200000E+01  0.15786011E-01
  0.67999998E+00  0.14400000E+01  0.15996031E-01
  0.67999998E+00  0.14600000E+01  0.16212934E-01
  0.67999998E+00  0.14800000E+01  0.16436998E-01
  0.67999998E+00  0.15000000E+01  0.16668480E-01
  0.67999998E+00  0.15200000E+01  0.16907614E-01
  0.67999998E+00  0.15400000E+01  0.17154602E-01
  0.67999998E+00  0.15600000E+01  0.17409619E-01
  0.67999998E+00  0.15800000E+01  0.17672796E-01
  0.67999998E+00  0.16000000E+01  0.17944226E-01
  0.67999998E+00  0.16200000E+01  0.18223948E-01
  0.67999998E+00  0.16400000E+01  0.18511946E-01
  0.67999998E+00  0.16600000E+01  0.18808136E-01
  0.67999998E+00  0.16800000E+01  0.19112356E-01
  0.67999998E+00  0.17000000E+01  0.19424354E-01
  0.67999998E+00  0.17200000E+01  0.19743774E-01
  0.67999998E+00  0.17400000E+01  0.20070136E-01
  0.67999998E+00  0.17600000E+01  0.20402817E-01
  0.67999998E+00  0.17800000E+01  0.20741024E-01
  0.67999998E+00  0.18000000E+01  0.21083764E-01
  0.67999998E+00  0.18200000E+01  0.21429806E-01
  0.67999998E+00  0.18400000E+01  0.21777634E-01
  0.67999998E+00  0.18600000E+01  0.22125393E-01
  0.67999998E+00  0.18800000E+01  0.22470808E-01
  0.67999998E+00  0.19000000E+01  0.22811102E-01
  0.67999998E+00  0.19200000E+01  0.23142865E-01
  0.67999998E+00  0.19400000E+01  0.23461901E-01
  0.67999998E+00  0.19600000E+01  0.23763006E-01
  0.67999998E+00  0.19800000E+01  0.24039672E-01
  0.67999998E+00  0.20000000E+01  0.24283640E-01
  0.69999998E+00  0.00000000E+00  0.16064620E-02
  0.69999998E+00  0.20000000E-01  0.20301140E-02
  0.69999998E+00  0.39999999E-01  0.24673211E-02
  0.69999998E+00  0.59999999E-01  0.29173113E-02
  0.69999998E+00  0.79999998E-01  0.33792733E-02
  0.69999998E+00  0.99999998E-01  0.38523558E-02
  0.69999998E+00  0.12000000E+00  0.43356664E-02
  0.69999998E+00  0.14000000E+00  0.48282707E-02
  0.69999998E+00  0.16000000E+00  0.53291901E-02
  0.69999998E+00  0.18000000E+00  0.58374013E-02
  0.69999998E+00  0.20000000E+00  0.63518335E-02
  0.69999998E+00  0.22000000E+00  0.68713675E-02
  0.69999998E+00  0.23999999E+00  0.73948330E-02
  0.69999998E+00  0.25999999E+00  0.79210069E-02
  0.69999998E+00  0.27999999E+00  0.84486109E-02
  0.69999998E+00  0.29999999E+00  0.89763095E-02
  0.69999998E+00  0.31999999E+00  0.95027074E-02
  0.69999998E+00  0.33999999E+00  0.10026347E-01
  0.69999998E+00  0.35999999E+00  0.10545708E-01
  0.69999998E+00  0.37999999E+00  0.11059200E-01
  0.69999998E+00  0.39999999E+00  0.11565167E-01
  0.69999998E+00  0.41999999E+00  0.12061879E-01
  0.69999998E+00  0.43999999E+00  0.12547534E-01
  0.69999998E+00  0.45999999E+00  0.13020252E-01
  0.69999998E+00  0.47999999E+00  0.13478076E-01
  0.69999998E+00  0.49999999E+00  0.13918969E-01
  0.69999998E+00  0.51999999E+00  0.14340809E-01
  0.69999998E+00  0.53999999E+00  0.14741391E-01
  0.69999998E+00  0.55999999E+00  0.15118422E-01
  0.69999998E+00  0.57999999E+00  0.15469516E-01
  0.69999998E+00  0.59999999E+00  0.15792195E-01
  0.69999998E+00  0.61999999E+00  0.16083878E-01
  0.69999998E+00  0.63999999E+00  0.16341878E-01
  0.69999998E+00  0.65999999E+00  0.16563388E-01
  0.69999998E+00  0.67999998E+00  0.16745465E-01
  0.69999998E+00  0.69999998E+00  0.16885005E-01
  0.69999998E+00  0.71999998E+00  0.16978700E-01
  0.69999998E+00  0.73999998E+00  0.17022974E-01
  0.69999998E+00  0.75999998E+00  0.17013875E-01
  0.69999998E+00  0.77999998E+00  0.16946898E-01
  0.69999998E+00  0.79999998E+00  0.16816674E-01
  0.69999998E+00  0.81999998E+00  0.16616401E-01
  0.69999998E+00  0.83999998E+00  0.16336741E-01
  0.69999998E+00  0.85999998E+00  0.15963440E-01
  0.69999998E+00  0.87999998E+00  0.15471461E-01
  0.69999998E+00  0.89999998E+00  0.14806576E-01
  0.69999998E+00  0.91999998E+00  0.13790462E-01
  0.69999998E+00  0.93999998E+00  0.12081147E-01
  0.69999998E+00  0.95999998E+00  0.12235998E-01
  0.69999998E+00  0.97999998E+00  0.12389175E-01
  0.69999998E+00  0.99999998E+00  0.12541006E-01
  0.69999998E+00  0.10200000E+01  0.12691831E-01
  0.69999998E+00  0.10400000E+01  0.12841999E-01
  0.69999998E+00  0.10600000E+01  0.12991865E-01
  0.69999998E+00  0.10800000E+01  0.13141794E-01
  0.69999998E+00  0.11000000E+01  0.13292155E-01
  0.69999998E+00  0.11200000E+01  0.13443323E-01
  0.69999998E+00  0.11400000E+01  0.13595680E-01
  0.69999998E+00  0.11600000E+01  0.13749607E-01
  0.69999998E+00  0.11800000E+01  0.13905494E-01
  0.69999998E+00  0.12000000E+01  0.14063729E-01
  0.69999998E+00  0.12200000E+01  0.14224703E-01
  0.69999998E+00  0.12400000E+01  0.14388808E-01
  0.69999998E+00  0.12600000E+01  0.14556433E-01
  0.69999998E+00  0.12800000E+01  0.14727968E-01
  0.69999998E+00  0.13000000E+01  0.14903800E-01
  0.69999998E+00  0.13200000E+01  0.15084309E-01
  0.69999998E+00  0.13400000E+01  0.15269875E-01
  0.69999998E+00  0.13600000E+01  0.15460866E-01
  0.69999998E+00  0.13800000E+01  0.15657645E-01
  0.69999998E+00  0.14000000E+01  0.15860564E-01
  0.69999998E+00  0.14200000E+01  0.16069962E-01
  0.69999998E+00  0.14400000E+01  0.16286165E-01
  0.69999998E+00  0.14600000E+01  0.16509480E-01
  0.69999998E+00  0.14800000E+01  0.16740197E-01
  0.69999998E+00  0.15000000E+01  0.16978578E-01
  0.69999998E+00  0.15200000E+01  0.17224863E-01
  0.69999998E+00  0.15400000E+01  0.17479255E-01
  0.69999998E+00  0.15600000E+01  0.17741924E-01
  0.69999998E+00  0.15800000E+01  0.18012994E-01
  0.69999998E+00  0.16000000E+01  0.18292541E-01
  0.69999998E+00  0.16200000E+01  0.18580581E-01
  0.69999998E+00  0.16400000E+01  0.18877063E-01
  0.69999998E+00  0.16600000E+01  0.19181856E-01
  0.69999998E+00  0.16800000E+01  0.19494736E-01
  0.69999998E+00  0.17000000E+01  0.19815371E-01
  0.69999998E+00  0.17200000E+01  0.20143302E-01
  0.69999998E+00  0.17400000E+01  0.20477919E-01
  0.69999998E+00  0.17600000E+01  0.20818436E-01
  0.69999998E+00  0.17800000E+01  0.21163855E-01
  0.69999998E+00  0.18000000E+01  0.21512930E-01
  0.69999998E+00  0.18200000E+01  0.21864115E-01
  0.69999998E+00  0.18400000E+01  0.22215500E-01
  0.69999998E+00  0.18600000E+01  0.22564741E-01
  0.69999998E+00  0.18800000E+01  0.22908952E-01
  0.69999998E+00  0.19000000E+01  0.23244581E-01
  0.69999998E+00  0.19200000E+01  0.23567242E-01
  0.69999998E+00  0.19400000E+01  0.23871477E-01
  0.69999998E+00  0.19600000E+01  0.24150440E-01
  0.69999998E+00  0.19800000E+01  0.24395428E-01
  0.69999998E+00  0.20000000E+01  0.24595187E-01
  0.71999998E+00  0.00000000E+00  0.17231205E-02
  0.71999998E+00  0.20000000E-01  0.21452799E-02
  0.71999998E+00  0.39999999E-01  0.25813037E-02
  0.71999998E+00  0.59999999E-01  0.30303801E-02
  0.71999998E+00  0.79999998E-01  0.34916552E-02
  0.71999998E+00  0.99999998E-01  0.39642309E-02
  0.71999998E+00  0.12000000E+00  0.44471648E-02
  0.71999998E+00  0.14000000E+00  0.49394677E-02
  0.71999998E+00  0.16000000E+00  0.54401028E-02
  0.71999998E+00  0.18000000E+00  0.59479839E-02
  0.71999998E+00  0.20000000E+00  0.64619732E-02
  0.71999998E+00  0.22000000E+00  0.69808798E-02
  0.71999998E+00  0.23999999E+00  0.75034576E-02
  0.71999998E+00  0.25999999E+00  0.80284033E-02
  0.71999998E+00  0.27999999E+00  0.85543540E-02
  0.71999998E+00  0.29999999E+00  0.90798855E-02
  0.71999998E+00  0.31999999E+00  0.96035097E-02
  0.71999998E+00  0.33999999E+00  0.10123673E-01
  0.71999998E+00  0.35999999E+00  0.10638753E-01
  0.71999998E+00  0.37999999E+00  0.11147058E-01
  0.71999998E+00  0.39999999E+00  0.11646823E-01
  0.71999998E+00  0.41999999E+00  0.12136212E-01
  0.71999998E+00  0.43999999E+00  0.12613308E-01
  0.71999998E+00  0.45999999E+00  0.13076121E-01
  0.71999998E+00  0.47999999E+00  0.13522579E-01
  0.71999998E+00  0.49999999E+00  0.13950530E-01
  0.71999998E+00  0.51999999E+00  0.14357738E-01
  0.71999998E+00  0.53999999E+00  0.14741883E-01
  0.71999998E+00  0.55999999E+00  0.15100561E-01
  0.71999998E+00  0.57999999E+00  0.15431273E-01
  0.71999998E+00  0.59999999E+00  0.15731433E-01
  0.71999998E+00  0.61999999E+00  0.15998353E-01
  0.71999998E+00  0.63999999E+00  0.16229236E-01
  0.71999998E+00  0.65999999E+00  0.16421167E-01
  0.71999998E+00  0.67999998E+00  0.16571084E-01
  0.71999998E+00  0.69999998E+00  0.16675750E-01
  0.71999998E+00  0.71999998E+00  0.16731687E-01
  0.71999998E+00  0.73999998E+00  0.16735088E-01
  0.71999998E+00  0.75999998E+00  0.16681647E-01
  0.71999998E+00  0.77999998E+00  0.16566280E-01
  0.71999998E+00  0.79999998E+00  0.16382594E-01
  0.71999998E+00  0.81999998E+00  0.16121853E-01
  0.71999998E+00  0.83999998E+00  0.15770753E-01
  0.71999998E+00  0.85999998E+00  0.15305880E-01
  0.71999998E+00  0.87999998E+00  0.14676297E-01
  0.71999998E+00  0.89999998E+00  0.13713467E-01
  0.71999998E+00  0.91999998E+00  0.12095723E-01
  0.71999998E+00  0.93999998E+00  0.12256779E-01
  0.71999998E+00  0.95999998E+00  0.12415849E-01
  0.71999998E+00  0.97999998E+00  0.12573257E-01
  0.71999998E+00  0.99999998E+00  0.12729333E-01
  0.71999998E+00  0.10200000E+01  0.12884420E-01
  0.71999998E+00  0.10400000E+01  0.13038871E-01
  0.71999998E+00  0.10600000E+01  0.13193046E-01
  0.71999998E+00  0.10800000E+01  0.13347312E-01
  0.71999998E+00  0.11000000E+01  0.13502046E-01
  0.71999998E+00  0.11200000E+01  0.13657630E-01
  0.71999998E+00  0.11400000E+01  0.13814450E-01
  0.71999998E+00  0.11600000E+01  0.13972899E-01
  0.71999998E+00  0.11800000E+01  0.14133373E-01
  0.71999998E+00  0.12000000E+01  0.14296271E-01
  0.71999998E+00  0.12200000E+01  0.14461994E-01
  0.71999998E+00  0.12400000E+01  0.14630944E-01
  0.71999998E+00  0.12600000E+01  0.14803525E-01
  0.71999998E+00  0.12800000E+01  0.14980137E-01
  0.71999998E+00  0.13000000E+01  0.15161180E-01
  0.71999998E+00  0.13200000E+01  0.15347049E-01
  0.71999998E+00  0.13400000E+01  0.15538137E-01
  0.71999998E+00  0.13600000E+01  0.15734826E-01
  0.71999998E+00  0.13800000E+01  0.15937493E-01
  0.71999998E+00  0.14000000E+01  0.16146503E-01
  0.71999998E+00  0.14200000E+01  0.16362208E-01
  0.71999998E+00  0.14400000E+01  0.16584946E-01
  0.71999998E+00  0.14600000E+01  0.16815034E-01
  0.71999998E+00  0.14800000E+01  0.17052770E-01
  0.71999998E+00  0.15000000E+01  0.17298422E-01
  0.71999998E+00  0.15200000E+01  0.17552231E-01
  0.71999998E+00  0.15400000E+01  0.17814398E-01
  0.71999998E+00  0.15600000E+01  0.18085084E-01
  0.71999998E+00  0.15800000E+01  0.18364397E-01
  0.71999998E+00  0.16000000E+01  0.18652391E-01
  0.71999998E+00  0.16200000E+01  0.18949045E-01
  0.71999998E+00  0.16400000E+01  0.19254261E-01
  0.71999998E+00  0.16600000E+01  0.19567846E-01
  0.71999998E+00  0.16800000E+01  0.19889493E-01
  0.71999998E+00  0.17000000E+01  0.20218764E-01
  0.71999998E+00  0.17200000E+01  0.20555066E-01
  0.71999998E+00  0.17400000E+01  0.20897620E-01
  0.71999998E+00  0.17600000E+01  0.21245430E-01
  0.71999998E+00  0.17800000E+01  0.21597234E-01
  0.71999998E+00  0.18000000E+01  0.21951460E-01
  0.71999998E+00  0.18200000E+01  0.22306152E-01
  0.71999998E+00  0.18400000E+01  0.22658895E-01
  0.71999998E+00  0.18600000E+01  0.23006704E-01
  0.71999998E+00  0.18800000E+01  0.23345893E-01
  0.71999998E+00  0.19000000E+01  0.23671889E-01
  0.71999998E+00  0.19200000E+01  0.23978990E-01
  0.71999998E+00  0.19400000E+01  0.24260026E-01
  0.71999998E+00  0.19600000E+01  0.24505862E-01
  0.71999998E+00  0.19800000E+01  0.24704663E-01
  0.71999998E+00  0.20000000E+01  0.24840720E-01
  0.73999998E+00  0.00000000E+00  0.18463247E-02
  0.73999998E+00  0.20000000E-01  0.22669508E-02
  0.73999998E+00  0.39999999E-01  0.27016904E-02
  0.73999998E+00  0.59999999E-01  0.31496901E-02
  0.73999998E+00  0.79999998E-01  0.36100504E-02
  0.73999998E+00  0.99999998E-01  0.40818243E-02
  0.73999998E+00  0.12000000E+00  0.45640159E-02
  0.73999998E+00  0.14000000E+00  0.50555787E-02
  0.73999998E+00  0.16000000E+00  0.55554146E-02
  0.73999998E+00  0.18000000E+00  0.60623712E-02
  0.73999998E+00  0.20000000E+00  0.65752407E-02
  0.73999998E+00  0.22000000E+00  0.70927579E-02
  0.73999998E+00  0.23999999E+00  0.76135978E-02
  0.73999998E+00  0.25999999E+00  0.81363740E-02
  0.73999998E+00  0.27999999E+00  0.86596369E-02
  0.73999998E+00  0.29999999E+00  0.91818712E-02
  0.73999998E+00  0.31999999E+00  0.97014944E-02
  0.73999998E+00  0.33999999E+00  0.10216854E-01
  0.73999998E+00  0.35999999E+00  0.10726228E-01
  0.73999998E+00  0.37999999E+00  0.11227820E-01
  0.73999998E+00  0.39999999E+00  0.11719760E-01
  0.73999998E+00  0.41999999E+00  0.12200101E-01
  0.73999998E+00  0.43999999E+00  0.12666821E-01
  0.73999998E+00  0.45999999E+00  0.13117817E-01
  0.73999998E+00  0.47999999E+00  0.13550909E-01
  0.73999998E+00  0.49999999E+00  0.13963836E-01
  0.73999998E+00  0.51999999E+00  0.14354254E-01
  0.73999998E+00  0.53999999E+00  0.14719739E-01
  0.73999998E+00  0.55999999E+00  0.15057783E-01
  0.73999998E+00  0.57999999E+00  0.15365792E-01
  0.73999998E+00  0.59999999E+00  0.15641080E-01
  0.73999998E+00  0.61999999E+00  0.15880869E-01
  0.73999998E+00  0.63999999E+00  0.16082269E-01
  0.73999998E+00  0.65999999E+00  0.16242270E-01
  0.73999998E+00  0.67999998E+00  0.16357704E-01
  0.73999998E+00  0.69999998E+00  0.16425200E-01
  0.73999998E+00  0.71999998E+00  0.16441093E-01
  0.73999998E+00  0.73999998E+00  0.16401286E-01
  0.73999998E+00  0.75999998E+00  0.16300980E-01
  0.73999998E+00  0.77999998E+00  0.16134194E-01
  0.73999998E+00  0.79999998E+00  0.15892803E-01
  0.73999998E+00  0.81999998E+00  0.15564454E-01
  0.73999998E+00  0.83999998E+00  0.15127368E-01
  0.73999998E+00  0.85999998E+00  0.14533917E-01
  0.73999998E+00  0.87999998E+00  0.13625430E-01
  0.73999998E+00  0.89999998E+00  0.12100689E-01
  0.73999998E+00  0.91999998E+00  0.12268446E-01
  0.73999998E+00  0.93999998E+00  0.12433921E-01
  0.73999998E+00  0.95999998E+00  0.12597423E-01
  0.73999998E+00  0.97999998E+00  0.12759277E-01
  0.73999998E+00  0.99999998E+00  0.12919816E-01
  0.73999998E+00  0.10200000E+01  0.13079385E-01
  0.73999998E+00  0.10400000E+01  0.13238341E-01
  0.73999998E+00  0.10600000E+01  0.13397046E-01
  0.73999998E+00  0.10800000E+01  0.13555876E-01
  0.73999998E+00  0.11000000E+01  0.13715212E-01
  0.73999998E+00  0.11200000E+01  0.13875441E-01
  0.73999998E+00  0.11400000E+01  0.14036960E-01
  0.73999998E+00  0.11600000E+01  0.14200169E-01
  0.73999998E+00  0.11800000E+01  0.14365473E-01
  0.73999998E+00  0.12000000E+01  0.14533282E-01
  0.73999998E+00  0.12200000E+01  0.14704008E-01
  0.73999998E+00  0.12400000E+01  0.14878065E-01
  0.73999998E+00  0.12600000E+01  0.15055869E-01
  0.73999998E+00  0.12800000E+01  0.15237834E-01
  0.73999998E+00  0.13000000E+01  0.15424373E-01
  0.73999998E+00  0.13200000E+01  0.15615897E-01
  0.73999998E+00  0.13400000E+01  0.15812811E-01
  0.73999998E+00  0.13600000E+01  0.16015514E-01
  0.73999998E+00  0.13800000E+01  0.16224395E-01
  0.73999998E+00  0.14000000E+01  0.16439833E-01
  0.73999998E+00  0.14200000E+01  0.16662194E-01
  0.73999998E+00  0.14400000E+01  0.16891825E-01
  0.73999998E+00  0.14600000E+01  0.17129053E-01
  0.73999998E+00  0.14800000E+01  0.17374181E-01
  0.73999998E+00  0.15000000E+01  0.17627480E-01
  0.73999998E+00  0.15200000E+01  0.17889189E-01
  0.73999998E+00  0.15400000E+01  0.18159502E-01
  0.73999998E+00  0.15600000E+01  0.18438563E-01
  0.73999998E+00  0.15800000E+01  0.18726459E-01
  0.73999998E+00  0.16000000E+01  0.19023205E-01
  0.73999998E+00  0.16200000E+01  0.19328734E-01
  0.73999998E+00  0.16400000E+01  0.19642885E-01
  0.73999998E+00  0.16600000E+01  0.19965377E-01
  0.73999998E+00  0.16800000E+01  0.20295796E-01
  0.73999998E+00  0.17000000E+01  0.20633568E-01
  0.73999998E+00  0.17200000E+01  0.20977923E-01
  0.73999998E+00  0.17400000E+01  0.21327867E-01
  0.73999998E+00  0.17600000E+01  0.21682130E-01
  0.73999998E+00  0.17800000E+01  0.22039114E-01
  0.73999998E+00  0.18000000E+01  0.22396822E-01
  0.73999998E+00  0.18200000E+01  0.22752773E-01
  0.73999998E+00  0.18400000E+01  0.23103890E-01
  0.73999998E+00  0.18600000E+01  0.23446355E-01
  0.73999998E+00  0.18800000E+01  0.23775422E-01
  0.73999998E+00  0.19000000E+01  0.24085152E-01
  0.73999998E+00  0.19200000E+01  0.24368062E-01
  0.73999998E+00  0.19400000E+01  0.24614600E-01
  0.73999998E+00  0.19600000E+01  0.24812371E-01
  0.73999998E+00  0.19800000E+01  0.24944898E-01
  0.73999998E+00  0.20000000E+01  0.24989541E-01
  0.75999998E+00  0.00000000E+00  0.19763686E-02
  0.75999998E+00  0.20000000E-01  0.23953763E-02
  0.75999998E+00  0.39999999E-01  0.28286842E-02
  0.75999998E+00  0.59999999E-01  0.32753946E-02
  0.75999998E+00  0.79999998E-01  0.37345598E-02
  0.75999998E+00  0.99999998E-01  0.42051806E-02
  0.75999998E+00  0.12000000E+00  0.46862050E-02
  0.75999998E+00  0.14000000E+00  0.51765264E-02
  0.75999998E+00  0.16000000E+00  0.56749817E-02
  0.75999998E+00  0.18000000E+00  0.61803501E-02
  0.75999998E+00  0.20000000E+00  0.66913505E-02
  0.75999998E+00  0.22000000E+00  0.72066405E-02
  0.75999998E+00  0.23999999E+00  0.77248137E-02
  0.75999998E+00  0.25999999E+00  0.82443986E-02
  0.75999998E+00  0.27999999E+00  0.87638564E-02
  0.75999998E+00  0.29999999E+00  0.92815792E-02
  0.75999998E+00  0.31999999E+00  0.97958888E-02
  0.75999998E+00  0.33999999E+00  0.10305034E-01
  0.75999998E+00  0.35999999E+00  0.10807192E-01
  0.75999998E+00  0.37999999E+00  0.11300463E-01
  0.75999998E+00  0.39999999E+00  0.11782873E-01
  0.75999998E+00  0.41999999E+00  0.12252369E-01
  0.75999998E+00  0.43999999E+00  0.12706824E-01
  0.75999998E+00  0.45999999E+00  0.13144031E-01
  0.75999998E+00  0.47999999E+00  0.13561705E-01
  0.75999998E+00  0.49999999E+00  0.13957486E-01
  0.75999998E+00  0.51999999E+00  0.14328933E-01
  0.75999998E+00  0.53999999E+00  0.14673528E-01
  0.75999998E+00  0.55999999E+00  0.14988674E-01
  0.75999998E+00  0.57999999E+00  0.15271694E-01
  0.75999998E+00  0.59999999E+00  0.15519826E-01
  0.75999998E+00  0.61999999E+00  0.15730215E-01
  0.75999998E+00  0.63999999E+00  0.15899900E-01
  0.75999998E+00  0.65999999E+00  0.16025791E-01
  0.75999998E+00  0.67999998E+00  0.16104621E-01
  0.75999998E+00  0.69999998E+00  0.16132878E-01
  0.75999998E+00  0.71999998E+00  0.16106670E-01
  0.75999998E+00  0.73999998E+00  0.16021490E-01
  0.75999998E+00  0.75999998E+00  0.15871771E-01
  0.75999998E+00  0.77999998E+00  0.15650000E-01
  0.75999998E+00  0.79999998E+00  0.15344779E-01
  0.75999998E+00  0.81999998E+00  0.14935966E-01
  0.75999998E+00  0.83999998E+00  0.14379255E-01
  0.75999998E+00  0.85999998E+00  0.13525882E-01
  0.75999998E+00  0.87999998E+00  0.12095150E-01
  0.75999998E+00  0.89999998E+00  0.12270055E-01
  0.75999998E+00  0.91999998E+00  0.12442394E-01
  0.75999998E+00  0.93999998E+00  0.12612466E-01
  0.75999998E+00  0.95999998E+00  0.12780581E-01
  0.75999998E+00  0.97999998E+00  0.12947063E-01
  0.75999998E+00  0.99999998E+00  0.13112249E-01
  0.75999998E+00  0.10200000E+01  0.13276488E-01
  0.75999998E+00  0.10400000E+01  0.13440137E-01
  0.75999998E+00  0.10600000E+01  0.13603567E-01
  0.75999998E+00  0.10800000E+01  0.13767157E-01
  0.75999998E+00  0.11000000E+01  0.13931294E-01
  0.75999998E+00  0.11200000E+01  0.14096375E-01
  0.75999998E+00  0.11400000E+01  0.14262803E-01
  0.75999998E+00  0.11600000E+01  0.14430987E-01
  0.75999998E+00  0.11800000E+01  0.14601343E-01
  0.75999998E+00  0.12000000E+01  0.14774293E-01
  0.75999998E+00  0.12200000E+01  0.14950259E-01
  0.75999998E+00  0.12400000E+01  0.15129670E-01
  0.75999998E+00  0.12600000E+01  0.15312953E-01
  0.75999998E+00  0.12800000E+01  0.15500539E-01
  0.75999998E+00  0.13000000E+01  0.15692854E-01
  0.75999998E+00  0.13200000E+01  0.15890323E-01
  0.75999998E+00  0.13400000E+01  0.16093368E-01
  0.75999998E+00  0.13600000E+01  0.16302400E-01
  0.75999998E+00  0.13800000E+01  0.16517826E-01
  0.75999998E+00  0.14000000E+01  0.16740035E-01
  0.75999998E+00  0.14200000E+01  0.16969405E-01
  0.75999998E+00  0.14400000E+01  0.17206294E-01
  0.75999998E+00  0.14600000E+01  0.17451036E-01
  0.75999998E+00  0.14800000E+01  0.17703935E-01
  0.75999998E+00  0.15000000E+01  0.17965263E-01
  0.75999998E+00  0.15200000E+01  0.18235250E-01
  0.75999998E+00  0.15400000E+01  0.18514075E-01
  0.75999998E+00  0.15600000E+01  0.18801858E-01
  0.75999998E+00  0.15800000E+01  0.19098651E-01
  0.75999998E+00  0.16000000E+01  0.19404421E-01
  0.75999998E+00  0.16200000E+01  0.19719035E-01
  0.75999998E+00  0.16400000E+01  0.20042243E-01
  0.75999998E+00  0.16600000E+01  0.20373656E-01
  0.75999998E+00  0.16800000E+01  0.20712718E-01
  0.75999998E+00  0.17000000E+01  0.21058674E-01
  0.75999998E+00  0.17200000E+01  0.21410532E-01
  0.75999998E+00  0.17400000E+01  0.21767016E-01
  0.75999998E+00  0.17600000E+01  0.22126508E-01
  0.75999998E+00  0.17800000E+01  0.22486972E-01
  0.75999998E+00  0.18000000E+01  0.22845868E-01
  0.75999998E+00  0.18200000E+01  0.23200030E-01
  0.75999998E+00  0.18400000E+01  0.23545518E-01
  0.75999998E+00  0.18600000E+01  0.23877418E-01
  0.75999998E+00  0.18800000E+01  0.24189567E-01
  0.75999998E+00  0.19000000E+01  0.24474181E-01
  0.75999998E+00  0.19200000E+01  0.24721305E-01
  0.75999998E+00  0.19400000E+01  0.24918003E-01
  0.75999998E+00  0.19600000E+01  0.25047060E-01
  0.75999998E+00  0.19800000E+01  0.25084795E-01
  0.75999998E+00  0.20000000E+01  0.24997013E-01
  0.77999998E+00  0.00000000E+00  0.21135244E-02
  0.77999998E+00  0.20000000E-01  0.25307790E-02
  0.77999998E+00  0.39999999E-01  0.29624552E-02
  0.77999998E+00  0.59999999E-01  0.34076083E-02
  0.77999998E+00  0.79999998E-01  0.38652397E-02
  0.77999998E+00  0.99999998E-01  0.43342950E-02
  0.77999998E+00  0.12000000E+00  0.48136631E-02
  0.77999998E+00  0.14000000E+00  0.53021740E-02
  0.77999998E+00  0.16000000E+00  0.57985971E-02
  0.77999998E+00  0.18000000E+00  0.63016398E-02
  0.77999998E+00  0.20000000E+00  0.68099453E-02
  0.77999998E+00  0.22000000E+00  0.73220914E-02
  0.77999998E+00  0.23999999E+00  0.78365881E-02
  0.77999998E+00  0.25999999E+00  0.83518768E-02
  0.77999998E+00  0.27999999E+00  0.88663280E-02
  0.77999998E+00  0.29999999E+00  0.93782404E-02
  0.77999998E+00  0.31999999E+00  0.98858395E-02
  0.77999998E+00  0.33999999E+00  0.10387276E-01
  0.77999998E+00  0.35999999E+00  0.10880627E-01
  0.77999998E+00  0.37999999E+00  0.11363891E-01
  0.77999998E+00  0.39999999E+00  0.11834993E-01
  0.77999998E+00  0.41999999E+00  0.12291779E-01
  0.77999998E+00  0.43999999E+00  0.12732023E-01
  0.77999998E+00  0.45999999E+00  0.13153420E-01
  0.77999998E+00  0.47999999E+00  0.13553591E-01
  0.77999998E+00  0.49999999E+00  0.13930086E-01
  0.77999998E+00  0.51999999E+00  0.14280379E-01
  0.77999998E+00  0.53999999E+00  0.14601875E-01
  0.77999998E+00  0.55999999E+00  0.14891906E-01
  0.77999998E+00  0.57999999E+00  0.15147732E-01
  0.77999998E+00  0.59999999E+00  0.15366534E-01
  0.77999998E+00  0.61999999E+00  0.15545406E-01
  0.77999998E+00  0.63999999E+00  0.15681334E-01
  0.77999998E+00  0.65999999E+00  0.15771164E-01
  0.77999998E+00  0.67999998E+00  0.15811535E-01
  0.77999998E+00  0.69999998E+00  0.15798766E-01
  0.77999998E+00  0.71999998E+00  0.15728640E-01
  0.77999998E+00  0.73999998E+00  0.15596008E-01
  0.77999998E+00  0.75999998E+00  0.15393970E-01
  0.77999998E+00  0.77999998E+00  0.15112083E-01
  0.77999998E+00  0.79999998E+00  0.14731842E-01
  0.77999998E+00  0.81999998E+00  0.14212258E-01
  0.77999998E+00  0.83999998E+00  0.13414483E-01
  0.77999998E+00  0.85999998E+00  0.12078346E-01
  0.77999998E+00  0.87999998E+00  0.12260790E-01
  0.77999998E+00  0.89999998E+00  0.12440402E-01
  0.77999998E+00  0.91999998E+00  0.12617467E-01
  0.77999998E+00  0.93999998E+00  0.12792280E-01
  0.77999998E+00  0.95999998E+00  0.12965155E-01
  0.77999998E+00  0.97999998E+00  0.13136416E-01
  0.77999998E+00  0.99999998E+00  0.13306404E-01
  0.77999998E+00  0.10200000E+01  0.13475468E-01
  0.77999998E+00  0.10400000E+01  0.13643973E-01
  0.77999998E+00  0.10600000E+01  0.13812292E-01
  0.77999998E+00  0.10800000E+01  0.13980811E-01
  0.77999998E+00  0.11000000E+01  0.14149926E-01
  0.77999998E+00  0.11200000E+01  0.14320039E-01
  0.77999998E+00  0.11400000E+01  0.14491563E-01
  0.77999998E+00  0.11600000E+01  0.14664919E-01
  0.77999998E+00  0.11800000E+01  0.14840533E-01
  0.77999998E+00  0.12000000E+01  0.15018837E-01
  0.77999998E+00  0.12200000E+01  0.15200269E-01
  0.77999998E+00  0.12400000E+01  0.15385270E-01
  0.77999998E+00  0.12600000E+01  0.15574283E-01
  0.77999998E+00  0.12800000E+01  0.15767752E-01
  0.77999998E+00  0.13000000E+01  0.15966119E-01
  0.77999998E+00  0.13200000E+01  0.16169826E-01
  0.77999998E+00  0.13400000E+01  0.16379307E-01
  0.77999998E+00  0.13600000E+01  0.16594992E-01
  0.77999998E+00  0.13800000E+01  0.16817298E-01
  0.77999998E+00  0.14000000E+01  0.17046629E-01
  0.77999998E+00  0.14200000E+01  0.17283372E-01
  0.77999998E+00  0.14400000E+01  0.17527893E-01
  0.77999998E+00  0.14600000E+01  0.17780529E-01
  0.77999998E+00  0.14800000E+01  0.18041585E-01
  0.77999998E+00  0.15000000E+01  0.18311324E-01
  0.77999998E+00  0.15200000E+01  0.18589962E-01
  0.77999998E+00  0.15400000E+01  0.18877654E-01
  0.77999998E+00  0.15600000E+01  0.19174485E-01
  0.77999998E+00  0.15800000E+01  0.19480456E-01
  0.77999998E+00  0.16000000E+01  0.19795467E-01
  0.77999998E+00  0.16200000E+01  0.20119299E-01
  0.77999998E+00  0.16400000E+01  0.20451586E-01
  0.77999998E+00  0.16600000E+01  0.20791795E-01
  0.77999998E+00  0.16800000E+01  0.21139185E-01
  0.77999998E+00  0.17000000E+01  0.21492771E-01
  0.77999998E+00  0.17200000E+01  0.21851274E-01
  0.77999998E+00  0.17400000E+01  0.22213056E-01
  0.77999998E+00  0.17600000E+01  0.22576050E-01
  0.77999998E+00  0.17800000E+01  0.22937658E-01
  0.77999998E+00  0.18000000E+01  0.23294634E-01
  0.77999998E+00  0.18200000E+01  0.23642921E-01
  0.77999998E+00  0.18400000E+01  0.23977447E-01
  0.77999998E+00  0.18600000E+01  0.24291834E-01
  0.77999998E+00  0.18800000E+01  0.24578009E-01
  0.77999998E+00  0.19000000E+01  0.24825633E-01
  0.77999998E+00  0.19200000E+01  0.25021250E-01
  0.77999998E+00  0.19400000E+01  0.25146931E-01
  0.77999998E+00  0.19600000E+01  0.25177996E-01
  0.77999998E+00  0.19800000E+01  0.25078781E-01
  0.77999998E+00  0.20000000E+01  0.24793793E-01
  0.79999998E+00  0.00000000E+00  0.22580356E-02
  0.79999998E+00  0.20000000E-01  0.26733469E-02
  0.79999998E+00  0.39999999E-01  0.31031338E-02
  0.79999998E+00  0.59999999E-01  0.35464014E-02
  0.79999998E+00  0.79999998E-01  0.40020969E-02
  0.79999998E+00  0.99999998E-01  0.44691081E-02
  0.79999998E+00  0.12000000E+00  0.49462616E-02
  0.79999998E+00  0.14000000E+00  0.54323209E-02
  0.79999998E+00  0.16000000E+00  0.59259852E-02
  0.79999998E+00  0.18000000E+00  0.64258875E-02
  0.79999998E+00  0.20000000E+00  0.69305926E-02
  0.79999998E+00  0.22000000E+00  0.74385965E-02
  0.79999998E+00  0.23999999E+00  0.79483237E-02
  0.79999998E+00  0.25999999E+00  0.84581271E-02
  0.79999998E+00  0.27999999E+00  0.89662859E-02
  0.79999998E+00  0.29999999E+00  0.94710049E-02
  0.79999998E+00  0.31999999E+00  0.99704139E-02
  0.79999998E+00  0.33999999E+00  0.10462567E-01
  0.79999998E+00  0.35999999E+00  0.10945442E-01
  0.79999998E+00  0.37999999E+00  0.11416943E-01
  0.79999998E+00  0.39999999E+00  0.11874895E-01
  0.79999998E+00  0.41999999E+00  0.12317052E-01
  0.79999998E+00  0.43999999E+00  0.12741093E-01
  0.79999998E+00  0.45999999E+00  0.13144629E-01
  0.79999998E+00  0.47999999E+00  0.13525196E-01
  0.79999998E+00  0.49999999E+00  0.13880270E-01
  0.79999998E+00  0.51999999E+00  0.14207256E-01
  0.79999998E+00  0.53999999E+00  0.14503501E-01
  0.79999998E+00  0.55999999E+00  0.14766289E-01
  0.79999998E+00  0.57999999E+00  0.14992840E-01
  0.79999998E+00  0.59999999E+00  0.15180304E-01
  0.79999998E+00  0.61999999E+00  0.15325751E-01
  0.79999998E+00  0.63999999E+00  0.15426138E-01
  0.79999998E+00  0.65999999E+00  0.15478258E-01
  0.79999998E+00  0.67999998E+00  0.15478641E-01
  0.79999998E+00  0.69999998E+00  0.15423366E-01
  0.79999998E+00  0.71999998E+00  0.15307700E-01
  0.79999998E+00  0.73999998E+00  0.15125354E-01
  0.79999998E+00  0.75999998E+00  0.14866839E-01
  0.79999998E+00  0.77999998E+00  0.14515279E-01
  0.79999998E+00  0.79999998E+00  0.14032995E-01
  0.79999998E+00  0.81999998E+00  0.13291020E-01
  0.79999998E+00  0.83999998E+00  0.12049646E-01
  0.79999998E+00  0.85999998E+00  0.12239963E-01
  0.79999998E+00  0.87999998E+00  0.12427204E-01
  0.79999998E+00  0.89999998E+00  0.12611633E-01
  0.79999998E+00  0.91999998E+00  0.12793534E-01
  0.79999998E+00  0.93999998E+00  0.12973203E-01
  0.79999998E+00  0.95999998E+00  0.13150955E-01
  0.79999998E+00  0.97999998E+00  0.13327116E-01
  0.79999998E+00  0.99999998E+00  0.13502028E-01
  0.79999998E+00  0.10200000E+01  0.13676047E-01
  0.79999998E+00  0.10400000E+01  0.13849540E-01
  0.79999998E+00  0.10600000E+01  0.14022888E-01
  0.79999998E+00  0.10800000E+01  0.14196483E-01
  0.79999998E+00  0.11000000E+01  0.14370727E-01
  0.79999998E+00  0.11200000E+01  0.14546034E-01
  0.79999998E+00  0.11400000E+01  0.14722825E-01
  0.79999998E+00  0.11600000E+01  0.14901533E-01
  0.79999998E+00  0.11800000E+01  0.15082595E-01
  0.79999998E+00  0.12000000E+01  0.15266458E-01
  0.79999998E+00  0.12200000E+01  0.15453573E-01
  0.79999998E+00  0.12400000E+01  0.15644396E-01
  0.79999998E+00  0.12600000E+01  0.15839384E-01
  0.79999998E+00  0.12800000E+01  0.16038998E-01
  0.79999998E+00  0.13000000E+01  0.16243696E-01
  0.79999998E+00  0.13200000E+01  0.16453936E-01
  0.79999998E+00  0.13400000E+01  0.16670168E-01
  0.79999998E+00  0.13600000E+01  0.16892834E-01
  0.79999998E+00  0.13800000E+01  0.17122367E-01
  0.79999998E+00  0.14000000E+01  0.17359180E-01
  0.79999998E+00  0.14200000E+01  0.17603670E-01
  0.79999998E+00  0.14400000E+01  0.17856206E-01
  0.79999998E+00  0.14600000E+01  0.18117125E-01
  0.79999998E+00  0.14800000E+01  0.18386725E-01
  0.79999998E+00  0.15000000E+01  0.18665255E-01
  0.79999998E+00  0.15200000E+01  0.18952906E-01
  0.79999998E+00  0.15400000E+01  0.19249798E-01
  0.79999998E+00  0.15600000E+01  0.19555966E-01
  0.79999998E+00  0.15800000E+01  0.19871343E-01
  0.79999998E+00  0.16000000E+01  0.20195738E-01
  0.79999998E+00  0.16200000E+01  0.20528816E-01
  0.79999998E+00  0.16400000E+01  0.20870063E-01
  0.79999998E+00  0.16600000E+01  0.21218756E-01
  0.79999998E+00  0.16800000E+01  0.21573919E-01
  0.79999998E+00  0.17000000E+01  0.21934270E-01
  0.79999998E+00  0.17200000E+01  0.22298159E-01
  0.79999998E+00  0.17400000E+01  0.22663488E-01
  0.79999998E+00  0.17600000E+01  0.23027608E-01
  0.79999998E+00  0.17800000E+01  0.23387197E-01
  0.79999998E+00  0.18000000E+01  0.23738091E-01
  0.79999998E+00  0.18200000E+01  0.24075065E-01
  0.79999998E+00  0.18400000E+01  0.24391538E-01
  0.79999998E+00  0.18600000E+01  0.24679164E-01
  0.79999998E+00  0.18800000E+01  0.24927234E-01
  0.79999998E+00  0.19000000E+01  0.25121792E-01
  0.79999998E+00  0.19200000E+01  0.25244229E-01
  0.79999998E+00  0.19400000E+01  0.25268901E-01
  0.79999998E+00  0.19600000E+01  0.25158738E-01
  0.79999998E+00  0.19800000E+01  0.24856036E-01
  0.79999998E+00  0.20000000E+01  0.24259256E-01
  0.81999998E+00  0.00000000E+00  0.24101091E-02
  0.81999998E+00  0.20000000E-01  0.28232270E-02
  0.81999998E+00  0.39999999E-01  0.32508041E-02
  0.81999998E+00  0.59999999E-01  0.36917925E-02
  0.81999998E+00  0.79999998E-01  0.41450822E-02
  0.81999998E+00  0.99999998E-01  0.46094999E-02
  0.81999998E+00  0.12000000E+00  0.50838069E-02
  0.81999998E+00  0.14000000E+00  0.55666976E-02
  0.81999998E+00  0.16000000E+00  0.60567980E-02
  0.81999998E+00  0.18000000E+00  0.65526643E-02
  0.81999998E+00  0.20000000E+00  0.70527812E-02
  0.81999998E+00  0.22000000E+00  0.75555607E-02
  0.81999998E+00  0.23999999E+00  0.80593410E-02
  0.81999998E+00  0.25999999E+00  0.85623854E-02
  0.81999998E+00  0.27999999E+00  0.90628818E-02
  0.81999998E+00  0.29999999E+00  0.95589420E-02
  0.81999998E+00  0.31999999E+00  0.10048602E-01
  0.81999998E+00  0.33999999E+00  0.10529821E-01
  0.81999998E+00  0.35999999E+00  0.11000483E-01
  0.81999998E+00  0.37999999E+00  0.11458400E-01
  0.81999998E+00  0.39999999E+00  0.11901307E-01
  0.81999998E+00  0.41999999E+00  0.12326872E-01
  0.81999998E+00  0.43999999E+00  0.12732694E-01
  0.81999998E+00  0.45999999E+00  0.13116305E-01
  0.81999998E+00  0.47999999E+00  0.13475180E-01
  0.81999998E+00  0.49999999E+00  0.13806731E-01
  0.81999998E+00  0.51999999E+00  0.14108321E-01
  0.81999998E+00  0.53999999E+00  0.14377261E-01
  0.81999998E+00  0.55999999E+00  0.14610813E-01
  0.81999998E+00  0.57999999E+00  0.14806188E-01
  0.81999998E+00  0.59999999E+00  0.14960537E-01
  0.81999998E+00  0.61999999E+00  0.15070933E-01
  0.81999998E+00  0.63999999E+00  0.15134326E-01
  0.81999998E+00  0.65999999E+00  0.15147458E-01
  0.81999998E+00  0.67999998E+00  0.15106704E-01
  0.81999998E+00  0.69999998E+00  0.15007744E-01
  0.81999998E+00  0.71999998E+00  0.14844900E-01
  0.81999998E+00  0.73999998E+00  0.14609631E-01
  0.81999998E+00  0.75999998E+00  0.14286678E-01
  0.81999998E+00  0.77999998E+00  0.13841650E-01
  0.81999998E+00  0.79999998E+00  0.13155401E-01
  0.81999998E+00  0.81999998E+00  0.12008549E-01
  0.81999998E+00  0.83999998E+00  0.12207016E-01
  0.81999998E+00  0.85999998E+00  0.12402182E-01
  0.81999998E+00  0.87999998E+00  0.12594295E-01
  0.81999998E+00  0.89999998E+00  0.12783619E-01
  0.81999998E+00  0.91999998E+00  0.12970437E-01
  0.81999998E+00  0.93999998E+00  0.13155047E-01
  0.81999998E+00  0.95999998E+00  0.13337764E-01
  0.81999998E+00  0.97999998E+00  0.13518917E-01
  0.81999998E+00  0.99999998E+00  0.13698852E-01
  0.81999998E+00  0.10200000E+01  0.13877928E-01
  0.81999998E+00  0.10400000E+01  0.14056520E-01
  0.81999998E+00  0.10600000E+01  0.14235013E-01
  0.81999998E+00  0.10800000E+01  0.14413808E-01
  0.81999998E+00  0.11000000E+01  0.14593316E-01
  0.81999998E+00  0.11200000E+01  0.14773960E-01
  0.81999998E+00  0.11400000E+01  0.14956174E-01
  0.81999998E+00  0.11600000E+01  0.15140402E-01
  0.81999998E+00  0.11800000E+01  0.15327095E-01
  0.81999998E+00  0.12000000E+01  0.15516713E-01
  0.81999998E+00  0.12200000E+01  0.15709723E-01
  0.81999998E+00  0.12400000E+01  0.15906597E-01
  0.81999998E+00  0.12600000E+01  0.16107808E-01
  0.81999998E+00  0.12800000E+01  0.16313833E-01
  0.81999998E+00  0.13000000E+01  0.16525147E-01
  0.81999998E+00  0.13200000E+01  0.16742224E-01
  0.81999998E+00  0.13400000E+01  0.16965529E-01
  0.81999998E+00  0.13600000E+01  0.17195519E-01
  0.81999998E+00  0.13800000E+01  0.17432635E-01
  0.81999998E+00  0.14000000E+01  0.17677304E-01
  0.81999998E+00  0.14200000E+01  0.17929924E-01
  0.81999998E+00  0.14400000E+01  0.18190865E-01
  0.81999998E+00  0.14600000E+01  0.18460458E-01
  0.81999998E+00  0.14800000E+01  0.18738987E-01
  0.81999998E+00  0.15000000E+01  0.19026678E-01
  0.81999998E+00  0.15200000E+01  0.19323684E-01
  0.81999998E+00  0.15400000E+01  0.19630075E-01
  0.81999998E+00  0.15600000E+01  0.19945817E-01
  0.81999998E+00  0.15800000E+01  0.20270750E-01
  0.81999998E+00  0.16000000E+01  0.20604565E-01
  0.81999998E+00  0.16200000E+01  0.20946775E-01
  0.81999998E+00  0.16400000E+01  0.21296673E-01
  0.81999998E+00  0.16600000E+01  0.21653294E-01
  0.81999998E+00  0.16800000E+01  0.22015358E-01
  0.81999998E+00  0.17000000E+01  0.22381203E-01
  0.81999998E+00  0.17200000E+01  0.22748705E-01
  0.81999998E+00  0.17400000E+01  0.23115169E-01
  0.81999998E+00  0.17600000E+01  0.23477203E-01
  0.81999998E+00  0.17800000E+01  0.23830541E-01
  0.81999998E+00  0.18000000E+01  0.24169817E-01
  0.81999998E+00  0.18200000E+01  0.24488257E-01
  0.81999998E+00  0.18400000E+01  0.24777252E-01
  0.81999998E+00  0.18600000E+01  0.25025744E-01
  0.81999998E+00  0.18800000E+01  0.25219301E-01
  0.81999998E+00  0.19000000E+01  0.25338659E-01
  0.81999998E+00  0.19200000E+01  0.25357257E-01
  0.81999998E+00  0.19400000E+01  0.25236675E-01
  0.81999998E+00  0.19600000E+01  0.24917095E-01
  0.81999998E+00  0.19800000E+01  0.24293256E-01
  0.81999998E+00  0.20000000E+01  0.23130582E-01
  0.83999998E+00  0.00000000E+00  0.25699073E-02
  0.83999998E+00  0.20000000E-01  0.29805166E-02
  0.83999998E+00  0.39999999E-01  0.34054963E-02
  0.83999998E+00  0.59999999E-01  0.38437419E-02
  0.83999998E+00  0.79999998E-01  0.42940834E-02
  0.83999998E+00  0.99999998E-01  0.47552831E-02
  0.83999998E+00  0.12000000E+00  0.52260342E-02
  0.83999998E+00  0.14000000E+00  0.57049593E-02
  0.83999998E+00  0.16000000E+00  0.61906090E-02
  0.83999998E+00  0.18000000E+00  0.66814606E-02
  0.83999998E+00  0.20000000E+00  0.71759168E-02
  0.83999998E+00  0.22000000E+00  0.76723047E-02
  0.83999998E+00  0.23999999E+00  0.81688753E-02
  0.83999998E+00  0.25999999E+00  0.86638028E-02
  0.83999998E+00  0.27999999E+00  0.91551846E-02
  0.83999998E+00  0.29999999E+00  0.96410414E-02
  0.83999998E+00  0.31999999E+00  0.10119318E-01
  0.83999998E+00  0.33999999E+00  0.10587883E-01
  0.83999998E+00  0.35999999E+00  0.11044534E-01
  0.83999998E+00  0.37999999E+00  0.11486995E-01
  0.83999998E+00  0.39999999E+00  0.11912923E-01
  0.83999998E+00  0.41999999E+00  0.12319910E-01
  0.83999998E+00  0.43999999E+00  0.12705486E-01
  0.83999998E+00  0.45999999E+00  0.13067127E-01
  0.83999998E+00  0.47999999E+00  0.13402258E-01
  0.83999998E+00  0.49999999E+00  0.13708258E-01
  0.83999998E+00  0.51999999E+00  0.13982468E-01
  0.83999998E+00  0.53999999E+00  0.14222195E-01
  0.83999998E+00  0.55999999E+00  0.14424712E-01
  0.83999998E+00  0.57999999E+00  0.14587257E-01
  0.83999998E+00  0.59999999E+00  0.14707018E-01
  0.83999998E+00  0.61999999E+00  0.14781102E-01
  0.83999998E+00  0.63999999E+00  0.14806466E-01
  0.83999998E+00  0.65999999E+00  0.14779777E-01
  0.83999998E+00  0.67999998E+00  0.14697130E-01
  0.83999998E+00  0.69999998E+00  0.14553453E-01
  0.83999998E+00  0.71999998E+00  0.14341142E-01
  0.83999998E+00  0.73999998E+00  0.14046545E-01
  0.83999998E+00  0.75999998E+00  0.13638521E-01
  0.83999998E+00  0.77999998E+00  0.13007649E-01
  0.83999998E+00  0.79999998E+00  0.11954679E-01
  0.83999998E+00  0.81999998E+00  0.12161511E-01
  0.83999998E+00  0.83999998E+00  0.12364843E-01
  0.83999998E+00  0.85999998E+00  0.12564903E-01
  0.83999998E+00  0.87999998E+00  0.12761935E-01
  0.83999998E+00  0.89999998E+00  0.12956204E-01
  0.83999998E+00  0.91999998E+00  0.13147992E-01
  0.83999998E+00  0.93999998E+00  0.13337599E-01
  0.83999998E+00  0.95999998E+00  0.13525343E-01
  0.83999998E+00  0.97999998E+00  0.13711555E-01
  0.83999998E+00  0.99999998E+00  0.13896586E-01
  0.83999998E+00  0.10200000E+01  0.14080800E-01
  0.83999998E+00  0.10400000E+01  0.14264577E-01
  0.83999998E+00  0.10600000E+01  0.14448313E-01
  0.83999998E+00  0.10800000E+01  0.14632415E-01
  0.83999998E+00  0.11000000E+01  0.14817306E-01
  0.83999998E+00  0.11200000E+01  0.15003419E-01
  0.83999998E+00  0.11400000E+01  0.15191201E-01
  0.83999998E+00  0.11600000E+01  0.15381109E-01
  0.83999998E+00  0.11800000E+01  0.15573609E-01
  0.83999998E+00  0.12000000E+01  0.15769177E-01
  0.83999998E+00  0.12200000E+01  0.15968295E-01
  0.83999998E+00  0.12400000E+01  0.16171451E-01
  0.83999998E+00  0.12600000E+01  0.16379138E-01
  0.83999998E+00  0.12800000E+01  0.16591847E-01
  0.83999998E+00  0.13000000E+01  0.16810073E-01
  0.83999998E+00  0.13200000E+01  0.17034302E-01
  0.83999998E+00  0.13400000E+01  0.17265015E-01
  0.83999998E+00  0.13600000E+01  0.17502682E-01
  0.83999998E+00  0.13800000E+01  0.17747754E-01
  0.83999998E+00  0.14000000E+01  0.18000661E-01
  0.83999998E+00  0.14200000E+01  0.18261804E-01
  0.83999998E+00  0.14400000E+01  0.18531546E-01
  0.83999998E+00  0.14600000E+01  0.18810204E-01
  0.83999998E+00  0.14800000E+01  0.19098039E-01
  0.83999998E+00  0.15000000E+01  0.19395239E-01
  0.83999998E+00  0.15200000E+01  0.19701907E-01
  0.83999998E+00  0.15400000E+01  0.20018042E-01
  0.83999998E+00  0.15600000E+01  0.20343517E-01
  0.83999998E+00  0.15800000E+01  0.20678049E-01
  0.83999998E+00  0.16000000E+01  0.21021177E-01
  0.83999998E+00  0.16200000E+01  0.21372214E-01
  0.83999998E+00  0.16400000E+01  0.21730207E-01
  0.83999998E+00  0.16600000E+01  0.22093879E-01
  0.83999998E+00  0.16800000E+01  0.22461562E-01
  0.83999998E+00  0.17000000E+01  0.22831106E-01
  0.83999998E+00  0.17200000E+01  0.23199778E-01
  0.83999998E+00  0.17400000E+01  0.23564120E-01
  0.83999998E+00  0.17600000E+01  0.23919772E-01
  0.83999998E+00  0.17800000E+01  0.24261233E-01
  0.83999998E+00  0.18000000E+01  0.24581550E-01
  0.83999998E+00  0.18200000E+01  0.24871865E-01
  0.83999998E+00  0.18400000E+01  0.25120787E-01
  0.83999998E+00  0.18600000E+01  0.25313432E-01
  0.83999998E+00  0.18800000E+01  0.25429913E-01
  0.83999998E+00  0.19000000E+01  0.25442793E-01
  0.83999998E+00  0.19200000E+01  0.25312365E-01
  0.83999998E+00  0.19400000E+01  0.24976797E-01
  0.83999998E+00  0.19600000E+01  0.24327279E-01
  0.83999998E+00  0.19800000E+01  0.23121380E-01
  0.83999998E+00  0.20000000E+01  0.20219607E-01
  0.85999998E+00  0.00000000E+00  0.27375392E-02
  0.85999998E+00  0.20000000E-01  0.31452559E-02
  0.85999998E+00  0.39999999E-01  0.35671787E-02
  0.85999998E+00  0.59999999E-01  0.40021439E-02
  0.85999998E+00  0.79999998E-01  0.44489180E-02
  0.85999998E+00  0.99999998E-01  0.49061961E-02
  0.85999998E+00  0.12000000E+00  0.53726007E-02
  0.85999998E+00  0.14000000E+00  0.58466804E-02
  0.85999998E+00  0.16000000E+00  0.63269081E-02
  0.85999998E+00  0.18000000E+00  0.68116807E-02
  0.85999998E+00  0.20000000E+00  0.72993176E-02
  0.85999998E+00  0.22000000E+00  0.77880610E-02
  0.85999998E+00  0.23999999E+00  0.82760746E-02
  0.85999998E+00  0.25999999E+00  0.87614449E-02
  0.85999998E+00  0.27999999E+00  0.92421807E-02
  0.85999998E+00  0.29999999E+00  0.97162147E-02
  0.85999998E+00  0.31999999E+00  0.10181405E-01
  0.85999998E+00  0.33999999E+00  0.10635537E-01
  0.85999998E+00  0.35999999E+00  0.11076327E-01
  0.85999998E+00  0.37999999E+00  0.11501423E-01
  0.85999998E+00  0.39999999E+00  0.11908415E-01
  0.85999998E+00  0.41999999E+00  0.12294832E-01
  0.85999998E+00  0.43999999E+00  0.12658157E-01
  0.85999998E+00  0.45999999E+00  0.12995825E-01
  0.85999998E+00  0.47999999E+00  0.13305240E-01
  0.85999998E+00  0.49999999E+00  0.13583772E-01
  0.85999998E+00  0.51999999E+00  0.13828776E-01
  0.85999998E+00  0.53999999E+00  0.14037589E-01
  0.85999998E+00  0.55999999E+00  0.14207536E-01
  0.85999998E+00  0.57999999E+00  0.14335923E-01
  0.85999998E+00  0.59999999E+00  0.14420016E-01
  0.85999998E+00  0.61999999E+00  0.14456984E-01
  0.85999998E+00  0.63999999E+00  0.14443788E-01
  0.85999998E+00  0.65999999E+00  0.14376934E-01
  0.85999998E+00  0.67999998E+00  0.14251948E-01
  0.85999998E+00  0.69999998E+00  0.14062155E-01
  0.85999998E+00  0.71999998E+00  0.13795487E-01
  0.85999998E+00  0.73999998E+00  0.13424011E-01
  0.85999998E+00  0.75999998E+00  0.12847903E-01
  0.85999998E+00  0.77999998E+00  0.11887780E-01
  0.85999998E+00  0.79999998E+00  0.12103135E-01
  0.85999998E+00  0.81999998E+00  0.12314816E-01
  0.85999998E+00  0.83999998E+00  0.12523027E-01
  0.85999998E+00  0.85999998E+00  0.12727996E-01
  0.85999998E+00  0.87999998E+00  0.12929966E-01
  0.85999998E+00  0.89999998E+00  0.13129203E-01
  0.85999998E+00  0.91999998E+00  0.13325988E-01
  0.85999998E+00  0.93999998E+00  0.13520625E-01
  0.85999998E+00  0.95999998E+00  0.13713432E-01
  0.85999998E+00  0.97999998E+00  0.13904747E-01
  0.85999998E+00  0.99999998E+00  0.14094925E-01
  0.85999998E+00  0.10200000E+01  0.14284337E-01
  0.85999998E+00  0.10400000E+01  0.14473371E-01
  0.85999998E+00  0.10600000E+01  0.14662431E-01
  0.85999998E+00  0.10800000E+01  0.14851934E-01
  0.85999998E+00  0.11000000E+01  0.15042314E-01
  0.85999998E+00  0.11200000E+01  0.15234019E-01
  0.85999998E+00  0.11400000E+01  0.15427508E-01
  0.85999998E+00  0.11600000E+01  0.15623252E-01
  0.85999998E+00  0.11800000E+01  0.15821735E-01
  0.85999998E+00  0.12000000E+01  0.16023448E-01
  0.85999998E+00  0.12200000E+01  0.16228891E-01
  0.85999998E+00  0.12400000E+01  0.16438570E-01
  0.85999998E+00  0.12600000E+01  0.16652994E-01
  0.85999998E+00  0.12800000E+01  0.16872673E-01
  0.85999998E+00  0.13000000E+01  0.17098117E-01
  0.85999998E+00  0.13200000E+01  0.17329828E-01
  0.85999998E+00  0.13400000E+01  0.17568300E-01
  0.85999998E+00  0.13600000E+01  0.17814013E-01
  0.85999998E+00  0.13800000E+01  0.18067423E-01
  0.85999998E+00  0.14000000E+01  0.18328963E-01
  0.85999998E+00  0.14200000E+01  0.18599028E-01
  0.85999998E+00  0.14400000E+01  0.18877966E-01
  0.85999998E+00  0.14600000E+01  0.19166073E-01
  0.85999998E+00  0.14800000E+01  0.19463569E-01
  0.85999998E+00  0.15000000E+01  0.19770593E-01
  0.85999998E+00  0.15200000E+01  0.20087177E-01
  0.85999998E+00  0.15400000E+01  0.20413223E-01
  0.85999998E+00  0.15600000E+01  0.20748480E-01
  0.85999998E+00  0.15800000E+01  0.21092511E-01
  0.85999998E+00  0.16000000E+01  0.21444651E-01
  0.85999998E+00  0.16200000E+01  0.21803959E-01
  0.85999998E+00  0.16400000E+01  0.22169166E-01
  0.85999998E+00  0.16600000E+01  0.22538597E-01
  0.85999998E+00  0.16800000E+01  0.22910085E-01
  0.85999998E+00  0.17000000E+01  0.23280860E-01
  0.85999998E+00  0.17200000E+01  0.23647403E-01
  0.85999998E+00  0.17400000E+01  0.24005268E-01
  0.85999998E+00  0.17600000E+01  0.24348830E-01
  0.85999998E+00  0.17800000E+01  0.24670964E-01
  0.85999998E+00  0.18000000E+01  0.24962580E-01
  0.85999998E+00  0.18200000E+01  0.25211971E-01
  0.85999998E+00  0.18400000E+01  0.25403825E-01
  0.85999998E+00  0.18600000E+01  0.25517664E-01
  0.85999998E+00  0.18800000E+01  0.25525218E-01
  0.85999998E+00  0.19000000E+01  0.25385561E-01
  0.85999998E+00  0.19200000E+01  0.25034943E-01
  0.85999998E+00  0.19400000E+01  0.24361186E-01
  0.85999998E+00  0.19600000E+01  0.23114410E-01
  0.85999998E+00  0.19800000E+01  0.20120683E-01
  0.85999998E+00  0.20000000E+01  0.18271005E-01
  0.87999998E+00  0.00000000E+00  0.29130521E-02
  0.87999998E+00  0.20000000E-01  0.33174185E-02
  0.87999998E+00  0.39999999E-01  0.37357494E-02
  0.87999998E+00  0.59999999E-01  0.41668182E-02
  0.87999998E+00  0.79999998E-01  0.46093251E-02
  0.87999998E+00  0.99999998E-01  0.50618956E-02
  0.87999998E+00  0.12000000E+00  0.55230791E-02
  0.87999998E+00  0.14000000E+00  0.59913477E-02
  0.87999998E+00  0.16000000E+00  0.64650954E-02
  0.87999998E+00  0.18000000E+00  0.69426376E-02
  0.87999998E+00  0.20000000E+00  0.74222104E-02
  0.87999998E+00  0.22000000E+00  0.79019710E-02
  0.87999998E+00  0.23999999E+00  0.83799975E-02
  0.87999998E+00  0.25999999E+00  0.88542905E-02
  0.87999998E+00  0.27999999E+00  0.93227741E-02
  0.87999998E+00  0.29999999E+00  0.97832979E-02
  0.87999998E+00  0.31999999E+00  0.10233640E-01
  0.87999998E+00  0.33999999E+00  0.10671509E-01
  0.87999998E+00  0.35999999E+00  0.11094552E-01
  0.87999998E+00  0.37999999E+00  0.11500354E-01
  0.87999998E+00  0.39999999E+00  0.11886451E-01
  0.87999998E+00  0.41999999E+00  0.12250331E-01
  0.87999998E+00  0.43999999E+00  0.12589447E-01
  0.87999998E+00  0.45999999E+00  0.12901223E-01
  0.87999998E+00  0.47999999E+00  0.13183068E-01
  0.87999998E+00  0.49999999E+00  0.13432383E-01
  0.87999998E+00  0.51999999E+00  0.13646571E-01
  0.87999998E+00  0.53999999E+00  0.13823047E-01
  0.87999998E+00  0.55999999E+00  0.13959235E-01
  0.87999998E+00  0.57999999E+00  0.14052559E-01
  0.87999998E+00  0.59999999E+00  0.14100401E-01
  0.87999998E+00  0.61999999E+00  0.14100013E-01
  0.87999998E+00  0.63999999E+00  0.14048307E-01
  0.87999998E+00  0.65999999E+00  0.13941402E-01
  0.87999998E+00  0.67999998E+00  0.13773536E-01
  0.87999998E+00  0.69999998E+00  0.13534202E-01
  0.87999998E+00  0.71999998E+00  0.13198622E-01
  0.87999998E+00  0.73999998E+00  0.12676406E-01
  0.87999998E+00  0.75999998E+00  0.11807715E-01
  0.87999998E+00  0.77999998E+00  0.12031690E-01
  0.87999998E+00  0.79999998E+00  0.12251843E-01
  0.87999998E+00  0.81999998E+00  0.12468357E-01
  0.87999998E+00  0.83999998E+00  0.12681435E-01
  0.87999998E+00  0.85999998E+00  0.12891304E-01
  0.87999998E+00  0.87999998E+00  0.13098206E-01
  0.87999998E+00  0.89999998E+00  0.13302407E-01
  0.87999998E+00  0.91999998E+00  0.13504193E-01
  0.87999998E+00  0.93999998E+00  0.13703868E-01
  0.87999998E+00  0.95999998E+00  0.13901755E-01
  0.87999998E+00  0.97999998E+00  0.14098197E-01
  0.87999998E+00  0.99999998E+00  0.14293555E-01
  0.87999998E+00  0.10200000E+01  0.14488209E-01
  0.87999998E+00  0.10400000E+01  0.14682555E-01
  0.87999998E+00  0.10600000E+01  0.14877007E-01
  0.87999998E+00  0.10800000E+01  0.15071995E-01
  0.87999998E+00  0.11000000E+01  0.15267966E-01
  0.87999998E+00  0.11200000E+01  0.15465380E-01
  0.87999998E+00  0.11400000E+01  0.15664712E-01
  0.87999998E+00  0.11600000E+01  0.15866451E-01
  0.87999998E+00  0.11800000E+01  0.16071095E-01
  0.87999998E+00  0.12000000E+01  0.16279156E-01
  0.87999998E+00  0.12200000E+01  0.16491150E-01
  0.87999998E+00  0.12400000E+01  0.16707601E-01
  0.87999998E+00  0.12600000E+01  0.16929037E-01
  0.87999998E+00  0.12800000E+01  0.17155986E-01
  0.87999998E+00  0.13000000E+01  0.17388971E-01
  0.87999998E+00  0.13200000E+01  0.17628511E-01
  0.87999998E+00  0.13400000E+01  0.17875108E-01
  0.87999998E+00  0.13600000E+01  0.18129249E-01
  0.87999998E+00  0.13800000E+01  0.18391394E-01
  0.87999998E+00  0.14000000E+01  0.18661968E-01
  0.87999998E+00  0.14200000E+01  0.18941354E-01
  0.87999998E+00  0.14400000E+01  0.19229877E-01
  0.87999998E+00  0.14600000E+01  0.19527794E-01
  0.87999998E+00  0.14800000E+01  0.19835275E-01
  0.87999998E+00  0.15000000E+01  0.20152384E-01
  0.87999998E+00  0.15200000E+01  0.20479058E-01
  0.87999998E+00  0.15400000E+01  0.20815073E-01
  0.87999998E+00  0.15600000E+01  0.21160019E-01
  0.87999998E+00  0.15800000E+01  0.21513251E-01
  0.87999998E+00  0.16000000E+01  0.21873848E-01
  0.87999998E+00  0.16200000E+01  0.22240545E-01
  0.87999998E+00  0.16400000E+01  0.22611665E-01
  0.87999998E+00  0.16600000E+01  0.22985027E-01
  0.87999998E+00  0.16800000E+01  0.23357828E-01
  0.87999998E+00  0.17000000E+01  0.23726496E-01
  0.87999998E+00  0.17200000E+01  0.24086502E-01
  0.87999998E+00  0.17400000E+01  0.24432110E-01
  0.87999998E+00  0.17600000E+01  0.24756031E-01
  0.87999998E+00  0.17800000E+01  0.25048959E-01
  0.87999998E+00  0.18000000E+01  0.25298890E-01
  0.87999998E+00  0.18200000E+01  0.25490104E-01
  0.87999998E+00  0.18400000E+01  0.25601569E-01
  0.87999998E+00  0.18600000E+01  0.25604226E-01
  0.87999998E+00  0.18800000E+01  0.25455993E-01
  0.87999998E+00  0.19000000E+01  0.25091308E-01
  0.87999998E+00  0.19200000E+01  0.24394808E-01
  0.87999998E+00  0.19400000E+01  0.23109577E-01
  0.87999998E+00  0.19600000E+01  0.20029212E-01
  0.87999998E+00  0.19800000E+01  0.18122294E-01
  0.87999998E+00  0.20000000E+01  0.18236986E-01
  0.89999998E+00  0.00000000E+00  0.30964214E-02
  0.89999998E+00  0.20000000E-01  0.34969029E-02
  0.89999998E+00  0.39999999E-01  0.39110270E-02
  0.89999998E+00  0.59999999E-01  0.43375016E-02
  0.89999998E+00  0.79999998E-01  0.47749578E-02
  0.89999998E+00  0.99999998E-01  0.52219490E-02
  0.89999998E+00  0.12000000E+00  0.56769494E-02
  0.89999998E+00  0.14000000E+00  0.61383535E-02
  0.89999998E+00  0.16000000E+00  0.66044753E-02
  0.89999998E+00  0.18000000E+00  0.70735484E-02
  0.89999998E+00  0.20000000E+00  0.75437260E-02
  0.89999998E+00  0.22000000E+00  0.80130817E-02
  0.89999998E+00  0.23999999E+00  0.84796108E-02
  0.89999998E+00  0.25999999E+00  0.89412317E-02
  0.89999998E+00  0.27999999E+00  0.93957887E-02
  0.89999998E+00  0.29999999E+00  0.98410550E-02
  0.89999998E+00  0.31999999E+00  0.10274737E-01
  0.89999998E+00  0.33999999E+00  0.10694479E-01
  0.89999998E+00  0.35999999E+00  0.11097870E-01
  0.89999998E+00  0.37999999E+00  0.11482450E-01
  0.89999998E+00  0.39999999E+00  0.11845718E-01
  0.89999998E+00  0.41999999E+00  0.12185146E-01
  0.89999998E+00  0.43999999E+00  0.12498183E-01
  0.89999998E+00  0.45999999E+00  0.12782274E-01
  0.89999998E+00  0.47999999E+00  0.13034871E-01
  0.89999998E+00  0.49999999E+00  0.13253445E-01
  0.89999998E+00  0.51999999E+00  0.13435501E-01
  0.89999998E+00  0.53999999E+00  0.13578581E-01
  0.89999998E+00  0.55999999E+00  0.13680269E-01
  0.89999998E+00  0.57999999E+00  0.13738157E-01
  0.89999998E+00  0.59999999E+00  0.13749785E-01
  0.89999998E+00  0.61999999E+00  0.13712467E-01
  0.89999998E+00  0.63999999E+00  0.13622902E-01
  0.89999998E+00  0.65999999E+00  0.13476231E-01
  0.89999998E+00  0.67999998E+00  0.13263473E-01
  0.89999998E+00  0.69999998E+00  0.12962948E-01
  0.89999998E+00  0.71999998E+00  0.12493502E-01
  0.89999998E+00  0.73999998E+00  0.11714459E-01
  0.89999998E+00  0.75999998E+00  0.11947091E-01
  0.89999998E+00  0.77999998E+00  0.12175782E-01
  0.89999998E+00  0.79999998E+00  0.12400691E-01
  0.89999998E+00  0.81999998E+00  0.12621999E-01
  0.89999998E+00  0.83999998E+00  0.12839907E-01
  0.89999998E+00  0.85999998E+00  0.13054640E-01
  0.89999998E+00  0.87999998E+00  0.13266444E-01
  0.89999998E+00  0.89999998E+00  0.13475586E-01
  0.89999998E+00  0.91999998E+00  0.13682353E-01
  0.89999998E+00  0.93999998E+00  0.13887054E-01
  0.89999998E+00  0.95999998E+00  0.14090019E-01
  0.89999998E+00  0.97999998E+00  0.14291595E-01
  0.89999998E+00  0.99999998E+00  0.14492152E-01
  0.89999998E+00  0.10200000E+01  0.14692079E-01
  0.89999998E+00  0.10400000E+01  0.14891782E-01
  0.89999998E+00  0.10600000E+01  0.15091688E-01
  0.89999998E+00  0.10800000E+01  0.15292239E-01
  0.89999998E+00  0.11000000E+01  0.15493897E-01
  0.89999998E+00  0.11200000E+01  0.15697137E-01
  0.89999998E+00  0.11400000E+01  0.15902453E-01
  0.89999998E+00  0.11600000E+01  0.16110348E-01
  0.89999998E+00  0.11800000E+01  0.16321342E-01
  0.89999998E+00  0.12000000E+01  0.16535962E-01
  0.89999998E+00  0.12200000E+01  0.16754745E-01
  0.89999998E+00  0.12400000E+01  0.16978234E-01
  0.89999998E+00  0.12600000E+01  0.17206974E-01
  0.89999998E+00  0.12800000E+01  0.17441509E-01
  0.89999998E+00  0.13000000E+01  0.17682378E-01
  0.89999998E+00  0.13200000E+01  0.17930109E-01
  0.89999998E+00  0.13400000E+01  0.18185214E-01
  0.89999998E+00  0.13600000E+01  0.18448180E-01
  0.89999998E+00  0.13800000E+01  0.18719463E-01
  0.89999998E+00  0.14000000E+01  0.18999476E-01
  0.89999998E+00  0.14200000E+01  0.19288576E-01
  0.89999998E+00  0.14400000E+01  0.19587053E-01
  0.89999998E+00  0.14600000E+01  0.19895110E-01
  0.89999998E+00  0.14800000E+01  0.20212843E-01
  0.89999998E+00  0.15000000E+01  0.20540221E-01
  0.89999998E+00  0.15200000E+01  0.20877050E-01
  0.89999998E+00  0.15400000E+01  0.21222946E-01
  0.89999998E+00  0.15600000E+01  0.21577288E-01
  0.89999998E+00  0.15800000E+01  0.21939170E-01
  0.89999998E+00  0.16000000E+01  0.22307338E-01
  0.89999998E+00  0.16200000E+01  0.22680117E-01
  0.89999998E+00  0.16400000E+01  0.23055311E-01
  0.89999998E+00  0.16600000E+01  0.23430089E-01
  0.89999998E+00  0.16800000E+01  0.23800832E-01
  0.89999998E+00  0.17000000E+01  0.24162939E-01
  0.89999998E+00  0.17200000E+01  0.24510564E-01
  0.89999998E+00  0.17400000E+01  0.24836272E-01
  0.89999998E+00  0.17600000E+01  0.25130552E-01
  0.89999998E+00  0.17800000E+01  0.25381119E-01
  0.89999998E+00  0.18000000E+01  0.25571877E-01
  0.89999998E+00  0.18200000E+01  0.25681266E-01
  0.89999998E+00  0.18400000E+01  0.25679487E-01
  0.89999998E+00  0.18600000E+01  0.25523367E-01
  0.89999998E+00  0.18800000E+01  0.25145640E-01
  0.89999998E+00  0.19000000E+01  0.24427943E-01
  0.89999998E+00  0.19200000E+01  0.23106745E-01
  0.89999998E+00  0.19400000E+01  0.19945173E-01
  0.89999998E+00  0.19600000E+01  0.17984393E-01
  0.89999998E+00  0.19800000E+01  0.18095463E-01
  0.89999998E+00  0.20000000E+01  0.18204015E-01
  0.91999998E+00  0.00000000E+00  0.32875418E-02
  0.91999998E+00  0.20000000E-01  0.36835226E-02
  0.91999998E+00  0.39999999E-01  0.40927418E-02
  0.91999998E+00  0.59999999E-01  0.45138389E-02
  0.91999998E+00  0.79999998E-01  0.49453739E-02
  0.91999998E+00  0.99999998E-01  0.53858257E-02
  0.91999998E+00  0.12000000E+00  0.58335922E-02
  0.91999998E+00  0.14000000E+00  0.62869891E-02
  0.91999998E+00  0.16000000E+00  0.67442503E-02
  0.91999998E+00  0.18000000E+00  0.72035283E-02
  0.91999998E+00  0.20000000E+00  0.76628950E-02
  0.91999998E+00  0.22000000E+00  0.81203433E-02
  0.91999998E+00  0.23999999E+00  0.85737891E-02
  0.91999998E+00  0.25999999E+00  0.90210743E-02
  0.91999998E+00  0.27999999E+00  0.94599706E-02
  0.91999998E+00  0.29999999E+00  0.98881840E-02
  0.91999998E+00  0.31999999E+00  0.10303360E-01
  0.91999998E+00  0.33999999E+00  0.10703093E-01
  0.91999998E+00  0.35999999E+00  0.11084930E-01
  0.91999998E+00  0.37999999E+00  0.11446386E-01
  0.91999998E+00  0.39999999E+00  0.11784949E-01
  0.91999998E+00  0.41999999E+00  0.12098099E-01
  0.91999998E+00  0.43999999E+00  0.12383319E-01
  0.91999998E+00  0.45999999E+00  0.12638113E-01
  0.91999998E+00  0.47999999E+00  0.12860021E-01
  0.91999998E+00  0.49999999E+00  0.13046637E-01
  0.91999998E+00  0.51999999E+00  0.13195625E-01
  0.91999998E+00  0.53999999E+00  0.13304724E-01
  0.91999998E+00  0.55999999E+00  0.13371737E-01
  0.91999998E+00  0.57999999E+00  0.13394488E-01
  0.91999998E+00  0.59999999E+00  0.13370685E-01
  0.91999998E+00  0.61999999E+00  0.13297600E-01
  0.91999998E+00  0.63999999E+00  0.13171253E-01
  0.91999998E+00  0.65999999E+00  0.12984161E-01
  0.91999998E+00  0.67999998E+00  0.12717664E-01
  0.91999998E+00  0.69999998E+00  0.12299628E-01
  0.91999998E+00  0.71999998E+00  0.11608093E-01
  0.91999998E+00  0.73999998E+00  0.11849363E-01
  0.91999998E+00  0.75999998E+00  0.12086601E-01
  0.91999998E+00  0.77999998E+00  0.12319941E-01
  0.91999998E+00  0.79999998E+00  0.12549540E-01
  0.91999998E+00  0.81999998E+00  0.12775577E-01
  0.91999998E+00  0.83999998E+00  0.12998254E-01
  0.91999998E+00  0.85999998E+00  0.13217796E-01
  0.91999998E+00  0.87999998E+00  0.13434451E-01
  0.91999998E+00  0.89999998E+00  0.13648488E-01
  0.91999998E+00  0.91999998E+00  0.13860199E-01
  0.91999998E+00  0.93999998E+00  0.14069898E-01
  0.91999998E+00  0.95999998E+00  0.14277922E-01
  0.91999998E+00  0.97999998E+00  0.14484626E-01
  0.91999998E+00  0.99999998E+00  0.14690389E-01
  0.91999998E+00  0.10200000E+01  0.14895611E-01
  0.91999998E+00  0.10400000E+01  0.15100710E-01
  0.91999998E+00  0.10600000E+01  0.15306126E-01
  0.91999998E+00  0.10800000E+01  0.15512318E-01
  0.91999998E+00  0.11000000E+01  0.15719761E-01
  0.91999998E+00  0.11200000E+01  0.15928951E-01
  0.91999998E+00  0.11400000E+01  0.16140395E-01
  0.91999998E+00  0.11600000E+01  0.16354620E-01
  0.91999998E+00  0.11800000E+01  0.16572161E-01
  0.91999998E+00  0.12000000E+01  0.16793568E-01
  0.91999998E+00  0.12200000E+01  0.17019396E-01
  0.91999998E+00  0.12400000E+01  0.17250207E-01
  0.91999998E+00  0.12600000E+01  0.17486561E-01
  0.91999998E+00  0.12800000E+01  0.17729020E-01
  0.91999998E+00  0.13000000E+01  0.17978132E-01
  0.91999998E+00  0.13200000E+01  0.18234436E-01
  0.91999998E+00  0.13400000E+01  0.18498444E-01
  0.91999998E+00  0.13600000E+01  0.18770642E-01
  0.91999998E+00  0.13800000E+01  0.19051470E-01
  0.91999998E+00  0.14000000E+01  0.19341319E-01
  0.91999998E+00  0.14200000E+01  0.19640509E-01
  0.91999998E+00  0.14400000E+01  0.19949276E-01
  0.91999998E+00  0.14600000E+01  0.20267749E-01
  0.91999998E+00  0.14800000E+01  0.20595926E-01
  0.91999998E+00  0.15000000E+01  0.20933644E-01
  0.91999998E+00  0.15200000E+01  0.21280547E-01
  0.91999998E+00  0.15400000E+01  0.21636037E-01
  0.91999998E+00  0.15600000E+01  0.21999226E-01
  0.91999998E+00  0.15800000E+01  0.22368872E-01
  0.91999998E+00  0.16000000E+01  0.22743301E-01
  0.91999998E+00  0.16200000E+01  0.23120310E-01
  0.91999998E+00  0.16400000E+01  0.23497043E-01
  0.91999998E+00  0.16600000E+01  0.23869840E-01
  0.91999998E+00  0.16800000E+01  0.24234031E-01
  0.91999998E+00  0.17000000E+01  0.24583673E-01
  0.91999998E+00  0.17200000E+01  0.24911194E-01
  0.91999998E+00  0.17400000E+01  0.25206892E-01
  0.91999998E+00  0.17600000E+01  0.25458224E-01
  0.91999998E+00  0.17800000E+01  0.25648736E-01
  0.91999998E+00  0.18000000E+01  0.25756377E-01
  0.91999998E+00  0.18200000E+01  0.25750652E-01
  0.91999998E+00  0.18400000E+01  0.25587368E-01
  0.91999998E+00  0.18600000E+01  0.25197659E-01
  0.91999998E+00  0.18800000E+01  0.24460353E-01
  0.91999998E+00  0.19000000E+01  0.23105732E-01
  0.91999998E+00  0.19200000E+01  0.19868478E-01
  0.91999998E+00  0.19400000E+01  0.17857288E-01
  0.91999998E+00  0.19600000E+01  0.17964738E-01
  0.91999998E+00  0.19800000E+01  0.18069836E-01
  0.91999998E+00  0.20000000E+01  0.18172592E-01
  0.93999998E+00  0.00000000E+00  0.34862164E-02
  0.93999998E+00  0.20000000E-01  0.38769961E-02
  0.93999998E+00  0.39999999E-01  0.42805257E-02
  0.93999998E+00  0.59999999E-01  0.46953739E-02
  0.93999998E+00  0.79999998E-01  0.51200273E-02
  0.93999998E+00  0.99999998E-01  0.55528893E-02
  0.93999998E+00  0.12000000E+00  0.59922804E-02
  0.93999998E+00  0.14000000E+00  0.64364375E-02
  0.93999998E+00  0.16000000E+00  0.68835152E-02
  0.93999998E+00  0.18000000E+00  0.73315865E-02
  0.93999998E+00  0.20000000E+00  0.77786450E-02
  0.93999998E+00  0.22000000E+00  0.82226068E-02
  0.93999998E+00  0.23999999E+00  0.86613144E-02
  0.93999998E+00  0.25999999E+00  0.90925405E-02
  0.93999998E+00  0.27999999E+00  0.95139936E-02
  0.93999998E+00  0.29999999E+00  0.99233239E-02
  0.93999998E+00  0.31999999E+00  0.10318132E-01
  0.93999998E+00  0.33999999E+00  0.10695976E-01
  0.93999998E+00  0.35999999E+00  0.11054387E-01
  0.93999998E+00  0.37999999E+00  0.11390875E-01
  0.93999998E+00  0.39999999E+00  0.11702950E-01
  0.93999998E+00  0.41999999E+00  0.11988135E-01
  0.93999998E+00  0.43999999E+00  0.12243988E-01
  0.93999998E+00  0.45999999E+00  0.12468118E-01
  0.93999998E+00  0.47999999E+00  0.12658212E-01
  0.93999998E+00  0.49999999E+00  0.12812051E-01
  0.93999998E+00  0.51999999E+00  0.12927530E-01
  0.93999998E+00  0.53999999E+00  0.13002661E-01
  0.93999998E+00  0.55999999E+00  0.13035546E-01
  0.93999998E+00  0.57999999E+00  0.13024281E-01
  0.93999998E+00  0.59999999E+00  0.12966698E-01
  0.93999998E+00  0.61999999E+00  0.12859676E-01
  0.93999998E+00  0.63999999E+00  0.12697190E-01
  0.93999998E+00  0.65999999E+00  0.12463522E-01
  0.93999998E+00  0.67999998E+00  0.12095307E-01
  0.93999998E+00  0.69999998E+00  0.11488801E-01
  0.93999998E+00  0.71999998E+00  0.11738631E-01
  0.93999998E+00  0.73999998E+00  0.11984368E-01
  0.93999998E+00  0.75999998E+00  0.12226121E-01
  0.93999998E+00  0.77999998E+00  0.12464020E-01
  0.93999998E+00  0.79999998E+00  0.12698220E-01
  0.93999998E+00  0.81999998E+00  0.12928900E-01
  0.93999998E+00  0.83999998E+00  0.13156265E-01
  0.93999998E+00  0.85999998E+00  0.13380539E-01
  0.93999998E+00  0.87999998E+00  0.13601975E-01
  0.93999998E+00  0.89999998E+00  0.13820845E-01
  0.93999998E+00  0.91999998E+00  0.14037447E-01
  0.93999998E+00  0.93999998E+00  0.14252103E-01
  0.93999998E+00  0.95999998E+00  0.14465155E-01
  0.93999998E+00  0.97999998E+00  0.14676971E-01
  0.93999998E+00  0.99999998E+00  0.14887940E-01
  0.93999998E+00  0.10200000E+01  0.15098474E-01
  0.93999998E+00  0.10400000E+01  0.15309006E-01
  0.93999998E+00  0.10600000E+01  0.15519991E-01
  0.93999998E+00  0.10800000E+01  0.15731903E-01
  0.93999998E+00  0.11000000E+01  0.15945237E-01
  0.93999998E+00  0.11200000E+01  0.16160505E-01
  0.93999998E+00  0.11400000E+01  0.16378236E-01
  0.93999998E+00  0.11600000E+01  0.16598976E-01
  0.93999998E+00  0.11800000E+01  0.16823282E-01
  0.93999998E+00  0.12000000E+01  0.17051721E-01
  0.93999998E+00  0.12200000E+01  0.17284869E-01
  0.93999998E+00  0.12400000E+01  0.17523305E-01
  0.93999998E+00  0.12600000E+01  0.17767606E-01
  0.93999998E+00  0.12800000E+01  0.18018345E-01
  0.93999998E+00  0.13000000E+01  0.18276082E-01
  0.93999998E+00  0.13200000E+01  0.18541355E-01
  0.93999998E+00  0.13400000E+01  0.18814675E-01
  0.93999998E+00  0.13600000E+01  0.19096514E-01
  0.93999998E+00  0.13800000E+01  0.19387291E-01
  0.93999998E+00  0.14000000E+01  0.19687357E-01
  0.93999998E+00  0.14200000E+01  0.19996979E-01
  0.93999998E+00  0.14400000E+01  0.20316319E-01
  0.93999998E+00  0.14600000E+01  0.20645406E-01
  0.93999998E+00  0.14800000E+01  0.20984107E-01
  0.93999998E+00  0.15000000E+01  0.21332091E-01
  0.93999998E+00  0.15200000E+01  0.21688786E-01
  0.93999998E+00  0.15400000E+01  0.22053324E-01
  0.93999998E+00  0.15600000E+01  0.22424475E-01
  0.93999998E+00  0.15800000E+01  0.22800571E-01
  0.93999998E+00  0.16000000E+01  0.23179401E-01
  0.93999998E+00  0.16200000E+01  0.23558092E-01
  0.93999998E+00  0.16400000E+01  0.23932944E-01
  0.93999998E+00  0.16600000E+01  0.24299228E-01
  0.93999998E+00  0.16800000E+01  0.24650912E-01
  0.93999998E+00  0.17000000E+01  0.24980298E-01
  0.93999998E+00  0.17200000E+01  0.25277507E-01
  0.93999998E+00  0.17400000E+01  0.25529756E-01
  0.93999998E+00  0.17600000E+01  0.25720258E-01
  0.93999998E+00  0.17800000E+01  0.25826505E-01
  0.93999998E+00  0.18000000E+01  0.25817354E-01
  0.93999998E+00  0.18200000E+01  0.25647658E-01
  0.93999998E+00  0.18400000E+01  0.25247059E-01
  0.93999998E+00  0.18600000E+01  0.24491770E-01
  0.93999998E+00  0.18800000E+01  0.23106314E-01
  0.93999998E+00  0.19000000E+01  0.19798979E-01
  0.93999998E+00  0.19200000E+01  0.17740889E-01
  0.93999998E+00  0.19400000E+01  0.17844749E-01
  0.93999998E+00  0.19600000E+01  0.17946408E-01
  0.93999998E+00  0.19800000E+01  0.18045892E-01
  0.93999998E+00  0.20000000E+01  0.18143238E-01
  0.95999998E+00  0.00000000E+00  0.36921466E-02
  0.95999998E+00  0.20000000E-01  0.40769371E-02
  0.95999998E+00  0.39999999E-01  0.44739027E-02
  0.95999998E+00  0.59999999E-01  0.48815394E-02
  0.95999998E+00  0.79999998E-01  0.52982591E-02
  0.95999998E+00  0.99999998E-01  0.57223889E-02
  0.95999998E+00  0.12000000E+00  0.61521719E-02
  0.95999998E+00  0.14000000E+00  0.65857671E-02
  0.95999998E+00  0.16000000E+00  0.70212514E-02
  0.95999998E+00  0.18000000E+00  0.74566218E-02
  0.95999998E+00  0.20000000E+00  0.78897973E-02
  0.95999998E+00  0.22000000E+00  0.83186238E-02
  0.95999998E+00  0.23999999E+00  0.87408776E-02
  0.95999998E+00  0.25999999E+00  0.91542723E-02
  0.95999998E+00  0.27999999E+00  0.95564651E-02
  0.95999998E+00  0.29999999E+00  0.99450657E-02
  0.95999998E+00  0.31999999E+00  0.10317647E-01
  0.95999998E+00  0.33999999E+00  0.10671755E-01
  0.95999998E+00  0.35999999E+00  0.11004926E-01
  0.95999998E+00  0.37999999E+00  0.11314702E-01
  0.95999998E+00  0.39999999E+00  0.11598647E-01
  0.95999998E+00  0.41999999E+00  0.11854373E-01
  0.95999998E+00  0.43999999E+00  0.12079561E-01
  0.95999998E+00  0.45999999E+00  0.12271988E-01
  0.95999998E+00  0.47999999E+00  0.12429555E-01
  0.95999998E+00  0.49999999E+00  0.12550311E-01
  0.95999998E+00  0.51999999E+00  0.12632472E-01
  0.95999998E+00  0.53999999E+00  0.12674413E-01
  0.95999998E+00  0.55999999E+00  0.12674610E-01
  0.95999998E+00  0.57999999E+00  0.12631440E-01
  0.95999998E+00  0.59999999E+00  0.12542621E-01
  0.95999998E+00  0.61999999E+00  0.12403543E-01
  0.95999998E+00  0.63999999E+00  0.12201341E-01
  0.95999998E+00  0.65999999E+00  0.11881139E-01
  0.95999998E+00  0.67999998E+00  0.11356862E-01
  0.95999998E+00  0.69999998E+00  0.11615120E-01
  0.95999998E+00  0.71999998E+00  0.11869255E-01
  0.95999998E+00  0.73999998E+00  0.12119346E-01
  0.95999998E+00  0.75999998E+00  0.12365499E-01
  0.95999998E+00  0.77999998E+00  0.12607844E-01
  0.95999998E+00  0.79999998E+00  0.12846537E-01
  0.95999998E+00  0.81999998E+00  0.13081756E-01
  0.95999998E+00  0.83999998E+00  0.13313707E-01
  0.95999998E+00  0.85999998E+00  0.13542620E-01
  0.95999998E+00  0.87999998E+00  0.13768750E-01
  0.95999998E+00  0.89999998E+00  0.13992377E-01
  0.95999998E+00  0.91999998E+00  0.14213805E-01
  0.95999998E+00  0.93999998E+00  0.14433364E-01
  0.95999998E+00  0.95999998E+00  0.14651407E-01
  0.95999998E+00  0.97999998E+00  0.14868314E-01
  0.95999998E+00  0.99999998E+00  0.15084485E-01
  0.95999998E+00  0.10200000E+01  0.15300348E-01
  0.95999998E+00  0.10400000E+01  0.15516351E-01
  0.95999998E+00  0.10600000E+01  0.15732967E-01
  0.95999998E+00  0.10800000E+01  0.15950688E-01
  0.95999998E+00  0.11000000E+01  0.16170027E-01
  0.95999998E+00  0.11200000E+01  0.16391518E-01
  0.95999998E+00  0.11400000E+01  0.16615711E-01
  0.95999998E+00  0.11600000E+01  0.16843171E-01
  0.95999998E+00  0.11800000E+01  0.17074476E-01
  0.95999998E+00  0.12000000E+01  0.17310215E-01
  0.95999998E+00  0.12200000E+01  0.17550981E-01
  0.95999998E+00  0.12400000E+01  0.17797369E-01
  0.95999998E+00  0.12600000E+01  0.18049972E-01
  0.95999998E+00  0.12800000E+01  0.18309370E-01
  0.95999998E+00  0.13000000E+01  0.18576127E-01
  0.95999998E+00  0.13200000E+01  0.18850779E-01
  0.95999998E+00  0.13400000E+01  0.19133824E-01
  0.95999998E+00  0.13600000E+01  0.19425712E-01
  0.95999998E+00  0.13800000E+01  0.19726823E-01
  0.95999998E+00  0.14000000E+01  0.20037455E-01
  0.95999998E+00  0.14200000E+01  0.20357801E-01
  0.95999998E+00  0.14400000E+01  0.20687919E-01
  0.95999998E+00  0.14600000E+01  0.21027708E-01
  0.95999998E+00  0.14800000E+01  0.21376864E-01
  0.95999998E+00  0.15000000E+01  0.21734839E-01
  0.95999998E+00  0.15200000E+01  0.22100785E-01
  0.95999998E+00  0.15400000E+01  0.22473487E-01
  0.95999998E+00  0.15600000E+01  0.22851285E-01
  0.95999998E+00  0.15800000E+01  0.23231964E-01
  0.95999998E+00  0.16000000E+01  0.23612636E-01
  0.95999998E+00  0.16200000E+01  0.23989567E-01
  0.95999998E+00  0.16400000E+01  0.24357976E-01
  0.95999998E+00  0.16600000E+01  0.24711751E-01
  0.95999998E+00  0.16800000E+01  0.25043076E-01
  0.95999998E+00  0.17000000E+01  0.25341913E-01
  0.95999998E+00  0.17200000E+01  0.25595254E-01
  0.95999998E+00  0.17400000E+01  0.25786008E-01
  0.95999998E+00  0.17600000E+01  0.25891241E-01
  0.95999998E+00  0.17800000E+01  0.25879208E-01
  0.95999998E+00  0.18000000E+01  0.25703879E-01
  0.95999998E+00  0.18200000E+01  0.25293511E-01
  0.95999998E+00  0.18400000E+01  0.24521894E-01
  0.95999998E+00  0.18600000E+01  0.23108229E-01
  0.95999998E+00  0.18800000E+01  0.19736467E-01
  0.95999998E+00  0.19000000E+01  0.17635034E-01
  0.95999998E+00  0.19200000E+01  0.17735364E-01
  0.95999998E+00  0.19400000E+01  0.17833627E-01
  0.95999998E+00  0.19600000E+01  0.17929866E-01
  0.95999998E+00  0.19800000E+01  0.18024137E-01
  0.95999998E+00  0.20000000E+01  0.18116502E-01
  0.97999998E+00  0.00000000E+00  0.39049216E-02
  0.97999998E+00  0.20000000E-01  0.42828437E-02
  0.97999998E+00  0.39999999E-01  0.46722784E-02
  0.97999998E+00  0.59999999E-01  0.50716478E-02
  0.97999998E+00  0.79999998E-01  0.54792884E-02
  0.97999998E+00  0.99999998E-01  0.58934511E-02
  0.97999998E+00  0.12000000E+00  0.63123022E-02
  0.97999998E+00  0.14000000E+00  0.67339251E-02
  0.97999998E+00  0.16000000E+00  0.71563224E-02
  0.97999998E+00  0.18000000E+00  0.75774189E-02
  0.97999998E+00  0.20000000E+00  0.79950660E-02
  0.97999998E+00  0.22000000E+00  0.84070467E-02
  0.97999998E+00  0.23999999E+00  0.88110819E-02
  0.97999998E+00  0.25999999E+00  0.92048381E-02
  0.97999998E+00  0.27999999E+00  0.95859369E-02
  0.97999998E+00  0.29999999E+00  0.99519661E-02
  0.97999998E+00  0.31999999E+00  0.10300493E-01
  0.97999998E+00  0.33999999E+00  0.10629079E-01
  0.97999998E+00  0.35999999E+00  0.10935299E-01
  0.97999998E+00  0.37999999E+00  0.11216761E-01
  0.97999998E+00  0.39999999E+00  0.11471133E-01
  0.97999998E+00  0.41999999E+00  0.11696165E-01
  0.97999998E+00  0.43999999E+00  0.11889728E-01
  0.97999998E+00  0.45999999E+00  0.12049839E-01
  0.97999998E+00  0.47999999E+00  0.12174699E-01
  0.97999998E+00  0.49999999E+00  0.12262725E-01
  0.97999998E+00  0.51999999E+00  0.12312560E-01
  0.97999998E+00  0.53999999E+00  0.12323051E-01
  0.97999998E+00  0.55999999E+00  0.12293106E-01
  0.97999998E+00  0.57999999E+00  0.12221252E-01
  0.97999998E+00  0.59999999E+00  0.12104252E-01
  0.97999998E+00  0.61999999E+00  0.11931995E-01
  0.97999998E+00  0.63999999E+00  0.11657796E-01
  0.97999998E+00  0.65999999E+00  0.11212642E-01
  0.97999998E+00  0.67999998E+00  0.11479145E-01
  0.97999998E+00  0.69999998E+00  0.11741522E-01
  0.97999998E+00  0.71999998E+00  0.11999826E-01
  0.97999998E+00  0.73999998E+00  0.12254137E-01
  0.97999998E+00  0.75999998E+00  0.12504557E-01
  0.97999998E+00  0.77999998E+00  0.12751217E-01
  0.97999998E+00  0.79999998E+00  0.12994273E-01
  0.97999998E+00  0.81999998E+00  0.13233908E-01
  0.97999998E+00  0.83999998E+00  0.13470330E-01
  0.97999998E+00  0.85999998E+00  0.13703773E-01
  0.97999998E+00  0.87999998E+00  0.13934500E-01
  0.97999998E+00  0.89999998E+00  0.14162796E-01
  0.97999998E+00  0.91999998E+00  0.14388976E-01
  0.97999998E+00  0.93999998E+00  0.14613379E-01
  0.97999998E+00  0.95999998E+00  0.14836371E-01
  0.97999998E+00  0.97999998E+00  0.15058345E-01
  0.97999998E+00  0.99999998E+00  0.15279716E-01
  0.97999998E+00  0.10200000E+01  0.15500929E-01
  0.97999998E+00  0.10400000E+01  0.15722449E-01
  0.97999998E+00  0.10600000E+01  0.15944767E-01
  0.97999998E+00  0.10800000E+01  0.16168397E-01
  0.97999998E+00  0.11000000E+01  0.16393872E-01
  0.97999998E+00  0.11200000E+01  0.16621748E-01
  0.97999998E+00  0.11400000E+01  0.16852595E-01
  0.97999998E+00  0.11600000E+01  0.17087002E-01
  0.97999998E+00  0.11800000E+01  0.17325566E-01
  0.97999998E+00  0.12000000E+01  0.17568896E-01
  0.97999998E+00  0.12200000E+01  0.17817602E-01
  0.97999998E+00  0.12400000E+01  0.18072295E-01
  0.97999998E+00  0.12600000E+01  0.18333575E-01
  0.97999998E+00  0.12800000E+01  0.18602029E-01
  0.97999998E+00  0.13000000E+01  0.18878217E-01
  0.97999998E+00  0.13200000E+01  0.19162664E-01
  0.97999998E+00  0.13400000E+01  0.19455846E-01
  0.97999998E+00  0.13600000E+01  0.19758174E-01
  0.97999998E+00  0.13800000E+01  0.20069975E-01
  0.97999998E+00  0.14000000E+01  0.20391471E-01
  0.97999998E+00  0.14200000E+01  0.20722752E-01
  0.97999998E+00  0.14400000E+01  0.21063745E-01
  0.97999998E+00  0.14600000E+01  0.21414174E-01
  0.97999998E+00  0.14800000E+01  0.21773516E-01
  0.97999998E+00  0.15000000E+01  0.22140944E-01
  0.97999998E+00  0.15200000E+01  0.22515261E-01
  0.97999998E+00  0.15400000E+01  0.22894813E-01
  0.97999998E+00  0.15600000E+01  0.23277388E-01
  0.97999998E+00  0.15800000E+01  0.23660082E-01
  0.97999998E+00  0.16000000E+01  0.24039137E-01
  0.97999998E+00  0.16200000E+01  0.24409723E-01
  0.97999998E+00  0.16400000E+01  0.24765657E-01
  0.97999998E+00  0.16600000E+01  0.25099018E-01
  0.97999998E+00  0.16800000E+01  0.25399620E-01
  0.97999998E+00  0.17000000E+01  0.25654252E-01
  0.97999998E+00  0.17200000E+01  0.25845541E-01
  0.97999998E+00  0.17400000E+01  0.25950162E-01
  0.97999998E+00  0.17600000E+01  0.25935814E-01
  0.97999998E+00  0.17800000E+01  0.25755653E-01
  0.97999998E+00  0.18000000E+01  0.25336660E-01
  0.97999998E+00  0.18200000E+01  0.24550396E-01
  0.97999998E+00  0.18400000E+01  0.23111175E-01
  0.97999998E+00  0.18600000E+01  0.19680675E-01
  0.97999998E+00  0.18800000E+01  0.17539495E-01
  0.97999998E+00  0.19000000E+01  0.17636382E-01
  0.97999998E+00  0.19200000E+01  0.17731320E-01
  0.97999998E+00  0.19400000E+01  0.17824369E-01
  0.97999998E+00  0.19600000E+01  0.17915601E-01
  0.97999998E+00  0.19800000E+01  0.18005100E-01
  0.97999998E+00  0.20000000E+01  0.18092956E-01
  0.99999998E+00  0.00000000E+00  0.41240071E-02
  0.99999998E+00  0.20000000E-01  0.44940879E-02
  0.99999998E+00  0.39999999E-01  0.48749302E-02
  0.99999998E+00  0.59999999E-01  0.52648818E-02
  0.99999998E+00  0.79999998E-01  0.56622036E-02
  0.99999998E+00  0.99999998E-01  0.60650716E-02
  0.99999998E+00  0.12000000E+00  0.64715775E-02
  0.99999998E+00  0.14000000E+00  0.68797323E-02
  0.99999998E+00  0.16000000E+00  0.72874689E-02
  0.99999998E+00  0.18000000E+00  0.76926466E-02
  0.99999998E+00  0.20000000E+00  0.80930573E-02
  0.99999998E+00  0.22000000E+00  0.84864317E-02
  0.99999998E+00  0.23999999E+00  0.88704478E-02
  0.99999998E+00  0.25999999E+00  0.92427414E-02
  0.99999998E+00  0.27999999E+00  0.96009177E-02
  0.99999998E+00  0.29999999E+00  0.99425656E-02
  0.99999998E+00  0.31999999E+00  0.10265275E-01
  0.99999998E+00  0.33999999E+00  0.10566654E-01
  0.99999998E+00  0.35999999E+00  0.10844358E-01
  0.99999998E+00  0.37999999E+00  0.11096108E-01
  0.99999998E+00  0.39999999E+00  0.11319729E-01
  0.99999998E+00  0.41999999E+00  0.11513179E-01
  0.99999998E+00  0.43999999E+00  0.11674593E-01
  0.99999998E+00  0.45999999E+00  0.11802322E-01
  0.99999998E+00  0.47999999E+00  0.11894980E-01
  0.99999998E+00  0.49999999E+00  0.11951472E-01
  0.99999998E+00  0.51999999E+00  0.11971002E-01
  0.99999998E+00  0.53999999E+00  0.11952994E-01
  0.99999998E+00  0.55999999E+00  0.11896761E-01
  0.99999998E+00  0.57999999E+00  0.11800386E-01
  0.99999998E+00  0.59999999E+00  0.11656412E-01
  0.99999998E+00  0.61999999E+00  0.11426012E-01
  0.99999998E+00  0.63999999E+00  0.11056593E-01
  0.99999998E+00  0.65999999E+00  0.11331106E-01
  0.99999998E+00  0.67999998E+00  0.11601520E-01
  0.99999998E+00  0.69999998E+00  0.11867862E-01
  0.99999998E+00  0.71999998E+00  0.12130181E-01
  0.99999998E+00  0.73999998E+00  0.12388555E-01
  0.99999998E+00  0.75999998E+00  0.12643090E-01
  0.99999998E+00  0.77999998E+00  0.12893916E-01
  0.99999998E+00  0.79999998E+00  0.13141193E-01
  0.99999998E+00  0.81999998E+00  0.13385106E-01
  0.99999998E+00  0.83999998E+00  0.13625869E-01
  0.99999998E+00  0.85999998E+00  0.13863723E-01
  0.99999998E+00  0.87999998E+00  0.14098938E-01
  0.99999998E+00  0.89999998E+00  0.14331809E-01
  0.99999998E+00  0.91999998E+00  0.14562661E-01
  0.99999998E+00  0.93999998E+00  0.14791847E-01
  0.99999998E+00  0.95999998E+00  0.15019746E-01
  0.99999998E+00  0.97999998E+00  0.15246766E-01
  0.99999998E+00  0.99999998E+00  0.15473341E-01
  0.99999998E+00  0.10200000E+01  0.15699932E-01
  0.99999998E+00  0.10400000E+01  0.15927026E-01
  0.99999998E+00  0.10600000E+01  0.16155133E-01
  0.99999998E+00  0.10800000E+01  0.16384788E-01
  0.99999998E+00  0.11000000E+01  0.16616549E-01
  0.99999998E+00  0.11200000E+01  0.16850993E-01
  0.99999998E+00  0.11400000E+01  0.17088712E-01
  0.99999998E+00  0.11600000E+01  0.17330317E-01
  0.99999998E+00  0.11800000E+01  0.17576426E-01
  0.99999998E+00  0.12000000E+01  0.17827665E-01
  0.99999998E+00  0.12200000E+01  0.18084660E-01
  0.99999998E+00  0.12400000E+01  0.18348031E-01
  0.99999998E+00  0.12600000E+01  0.18618386E-01
  0.99999998E+00  0.12800000E+01  0.18896308E-01
  0.99999998E+00  0.13000000E+01  0.19182347E-01
  0.99999998E+00  0.13200000E+01  0.19477004E-01
  0.99999998E+00  0.13400000E+01  0.19780720E-01
  0.99999998E+00  0.13600000E+01  0.20093849E-01
  0.99999998E+00  0.13800000E+01  0.20416644E-01
  0.99999998E+00  0.14000000E+01  0.20749223E-01
  0.99999998E+00  0.14200000E+01  0.21091543E-01
  0.99999998E+00  0.14400000E+01  0.21443356E-01
  0.99999998E+00  0.14600000E+01  0.21804163E-01
  0.99999998E+00  0.14800000E+01  0.22173161E-01
  0.99999998E+00  0.15000000E+01  0.22549168E-01
  0.99999998E+00  0.15200000E+01  0.22930542E-01
  0.99999998E+00  0.15400000E+01  0.23315072E-01
  0.99999998E+00  0.15600000E+01  0.23699847E-01
  0.99999998E+00  0.15800000E+01  0.24081087E-01
  0.99999998E+00  0.16000000E+01  0.24453921E-01
  0.99999998E+00  0.16200000E+01  0.24812101E-01
  0.99999998E+00  0.16400000E+01  0.25147613E-01
  0.99999998E+00  0.16600000E+01  0.25450138E-01
  0.99999998E+00  0.16800000E+01  0.25706279E-01
  0.99999998E+00  0.17000000E+01  0.25898405E-01
  0.99999998E+00  0.17200000E+01  0.26002834E-01
  0.99999998E+00  0.17400000E+01  0.25986757E-01
  0.99999998E+00  0.17600000E+01  0.25802584E-01
  0.99999998E+00  0.17800000E+01  0.25376131E-01
  0.99999998E+00  0.18000000E+01  0.24576920E-01
  0.99999998E+00  0.18200000E+01  0.23114815E-01
  0.99999998E+00  0.18400000E+01  0.19631285E-01
  0.99999998E+00  0.18600000E+01  0.17453977E-01
  0.99999998E+00  0.18800000E+01  0.17547539E-01
  0.99999998E+00  0.19000000E+01  0.17639250E-01
  0.99999998E+00  0.19200000E+01  0.17729189E-01
  0.99999998E+00  0.19400000E+01  0.17817448E-01
  0.99999998E+00  0.19600000E+01  0.17904127E-01
  0.99999998E+00  0.19800000E+01  0.17989336E-01
  0.99999998E+00  0.20000000E+01  0.18073198E-01
  0.10200000E+01  0.00000000E+00  0.43487344E-02
  0.10200000E+01  0.20000000E-01  0.47099047E-02
  0.10200000E+01  0.39999999E-01  0.50809968E-02
  0.10200000E+01  0.59999999E-01  0.54602841E-02
  0.10200000E+01  0.79999998E-01  0.58459535E-02
  0.10200000E+01  0.99999998E-01  0.62361079E-02
  0.10200000E+01  0.12000000E+00  0.66287683E-02
  0.10200000E+01  0.14000000E+00  0.70218780E-02
  0.10200000E+01  0.16000000E+00  0.74133066E-02
  0.10200000E+01  0.18000000E+00  0.78008570E-02
  0.10200000E+01  0.20000000E+00  0.81822719E-02
  0.10200000E+01  0.22000000E+00  0.85552431E-02
  0.10200000E+01  0.23999999E+00  0.89174224E-02
  0.10200000E+01  0.25999999E+00  0.92664343E-02
  0.10200000E+01  0.27999999E+00  0.95998916E-02
  0.10200000E+01  0.29999999E+00  0.99154129E-02
  0.10200000E+01  0.31999999E+00  0.10210644E-01
  0.10200000E+01  0.33999999E+00  0.10483284E-01
  0.10200000E+01  0.35999999E+00  0.10731112E-01
  0.10200000E+01  0.37999999E+00  0.10952023E-01
  0.10200000E+01  0.39999999E+00  0.11144067E-01
  0.10200000E+01  0.41999999E+00  0.11305492E-01
  0.10200000E+01  0.43999999E+00  0.11434799E-01
  0.10200000E+01  0.45999999E+00  0.11530791E-01
  0.10200000E+01  0.47999999E+00  0.11592628E-01
  0.10200000E+01  0.49999999E+00  0.11619864E-01
  0.10200000E+01  0.51999999E+00  0.11612419E-01
  0.10200000E+01  0.53999999E+00  0.11570363E-01
  0.10200000E+01  0.55999999E+00  0.11493046E-01
  0.10200000E+01  0.57999999E+00  0.11375554E-01
  0.10200000E+01  0.59999999E+00  0.11186574E-01
  0.10200000E+01  0.61999999E+00  0.10889242E-01
  0.10200000E+01  0.63999999E+00  0.11171482E-01
  0.10200000E+01  0.65999999E+00  0.11449681E-01
  0.10200000E+01  0.67999998E+00  0.11723834E-01
  0.10200000E+01  0.69999998E+00  0.11993966E-01
  0.10200000E+01  0.71999998E+00  0.12260127E-01
  0.10200000E+01  0.73999998E+00  0.12522394E-01
  0.10200000E+01  0.75999998E+00  0.12780875E-01
  0.10200000E+01  0.77999998E+00  0.13035704E-01
  0.10200000E+01  0.79999998E+00  0.13287043E-01
  0.10200000E+01  0.81999998E+00  0.13535085E-01
  0.10200000E+01  0.83999998E+00  0.13780050E-01
  0.10200000E+01  0.85999998E+00  0.14022187E-01
  0.10200000E+01  0.87999998E+00  0.14261775E-01
  0.10200000E+01  0.89999998E+00  0.14499123E-01
  0.10200000E+01  0.91999998E+00  0.14734567E-01
  0.10200000E+01  0.93999998E+00  0.14968476E-01
  0.10200000E+01  0.95999998E+00  0.15201244E-01
  0.10200000E+01  0.97999998E+00  0.15433298E-01
  0.10200000E+01  0.99999998E+00  0.15665090E-01
  0.10200000E+01  0.10200000E+01  0.15897101E-01
  0.10200000E+01  0.10400000E+01  0.16129840E-01
  0.10200000E+01  0.10600000E+01  0.16363841E-01
  0.10200000E+01  0.10800000E+01  0.16599661E-01
  0.10200000E+01  0.11000000E+01  0.16837881E-01
  0.10200000E+01  0.11200000E+01  0.17079100E-01
  0.10200000E+01  0.11400000E+01  0.17323936E-01
  0.10200000E+01  0.11600000E+01  0.17573019E-01
  0.10200000E+01  0.11800000E+01  0.17826986E-01
  0.10200000E+01  0.12000000E+01  0.18086479E-01
  0.10200000E+01  0.12200000E+01  0.18352136E-01
  0.10200000E+01  0.12400000E+01  0.18624583E-01
  0.10200000E+01  0.12600000E+01  0.18904426E-01
  0.10200000E+01  0.12800000E+01  0.19192238E-01
  0.10200000E+01  0.13000000E+01  0.19488546E-01
  0.10200000E+01  0.13200000E+01  0.19793816E-01
  0.10200000E+01  0.13400000E+01  0.20108432E-01
  0.10200000E+01  0.13600000E+01  0.20432674E-01
  0.10200000E+01  0.13800000E+01  0.20766691E-01
  0.10200000E+01  0.14000000E+01  0.21110465E-01
  0.10200000E+01  0.14200000E+01  0.21463777E-01
  0.10200000E+01  0.14400000E+01  0.21826155E-01
  0.10200000E+01  0.14600000E+01  0.22196817E-01
  0.10200000E+01  0.14800000E+01  0.22574600E-01
  0.10200000E+01  0.15000000E+01  0.22957873E-01
  0.10200000E+01  0.15200000E+01  0.23344433E-01
  0.10200000E+01  0.15400000E+01  0.23731363E-01
  0.10200000E+01  0.15600000E+01  0.24114864E-01
  0.10200000E+01  0.15800000E+01  0.24490031E-01
  0.10200000E+01  0.16000000E+01  0.24850560E-01
  0.10200000E+01  0.16200000E+01  0.25188355E-01
  0.10200000E+01  0.16400000E+01  0.25492976E-01
  0.10200000E+01  0.16600000E+01  0.25750860E-01
  0.10200000E+01  0.16800000E+01  0.25944143E-01
  0.10200000E+01  0.17000000E+01  0.26048818E-01
  0.10200000E+01  0.17200000E+01  0.26031615E-01
  0.10200000E+01  0.17400000E+01  0.25844266E-01
  0.10200000E+01  0.17600000E+01  0.25411529E-01
  0.10200000E+01  0.17800000E+01  0.24601084E-01
  0.10200000E+01  0.18000000E+01  0.23118779E-01
  0.10200000E+01  0.18200000E+01  0.19587929E-01
  0.10200000E+01  0.18400000E+01  0.17378127E-01
  0.10200000E+01  0.18600000E+01  0.17468508E-01
  0.10200000E+01  0.18800000E+01  0.17557118E-01
  0.10200000E+01  0.19000000E+01  0.17644057E-01
  0.10200000E+01  0.19200000E+01  0.17729432E-01
  0.10200000E+01  0.19400000E+01  0.17813363E-01
  0.10200000E+01  0.19600000E+01  0.17895980E-01
  0.10200000E+01  0.19800000E+01  0.17977423E-01
  0.10200000E+01  0.20000000E+01  0.18057843E-01
  0.10400000E+01  0.00000000E+00  0.45782891E-02
  0.10400000E+01  0.20000000E-01  0.49293817E-02
  0.10400000E+01  0.39999999E-01  0.52894683E-02
  0.10400000E+01  0.59999999E-01  0.56567491E-02
  0.10400000E+01  0.79999998E-01  0.60293394E-02
  0.10400000E+01  0.99999998E-01  0.64052727E-02
  0.10400000E+01  0.12000000E+00  0.67825043E-02
  0.10400000E+01  0.14000000E+00  0.71589165E-02
  0.10400000E+01  0.16000000E+00  0.75323251E-02
  0.10400000E+01  0.18000000E+00  0.79004868E-02
  0.10400000E+01  0.20000000E+00  0.82611091E-02
  0.10400000E+01  0.22000000E+00  0.86118620E-02
  0.10400000E+01  0.23999999E+00  0.89503911E-02
  0.10400000E+01  0.25999999E+00  0.92743342E-02
  0.10400000E+01  0.27999999E+00  0.95813409E-02
  0.10400000E+01  0.29999999E+00  0.98690948E-02
  0.10400000E+01  0.31999999E+00  0.10135340E-01
  0.10400000E+01  0.33999999E+00  0.10377914E-01
  0.10400000E+01  0.35999999E+00  0.10594784E-01
  0.10400000E+01  0.37999999E+00  0.10784087E-01
  0.10400000E+01  0.39999999E+00  0.10944186E-01
  0.10400000E+01  0.41999999E+00  0.11073725E-01
  0.10400000E+01  0.43999999E+00  0.11171694E-01
  0.10400000E+01  0.45999999E+00  0.11237501E-01
  0.10400000E+01  0.47999999E+00  0.11271036E-01
  0.10400000E+01  0.49999999E+00  0.11272697E-01
  0.10400000E+01  0.51999999E+00  0.11243280E-01
  0.10400000E+01  0.53999999E+00  0.11183351E-01
  0.10400000E+01  0.55999999E+00  0.11090419E-01
  0.10400000E+01  0.57999999E+00  0.10940318E-01
  0.10400000E+01  0.59999999E+00  0.10711186E-01
  0.10400000E+01  0.61999999E+00  0.11000826E-01
  0.10400000E+01  0.63999999E+00  0.11286510E-01
  0.10400000E+01  0.65999999E+00  0.11568206E-01
  0.10400000E+01  0.67999998E+00  0.11845908E-01
  0.10400000E+01  0.69999998E+00  0.12119639E-01
  0.10400000E+01  0.71999998E+00  0.12389452E-01
  0.10400000E+01  0.73999998E+00  0.12655425E-01
  0.10400000E+01  0.75999998E+00  0.12917670E-01
  0.10400000E+01  0.77999998E+00  0.13176325E-01
  0.10400000E+01  0.79999998E+00  0.13431559E-01
  0.10400000E+01  0.81999998E+00  0.13683572E-01
  0.10400000E+01  0.83999998E+00  0.13932592E-01
  0.10400000E+01  0.85999998E+00  0.14178879E-01
  0.10400000E+01  0.87999998E+00  0.14422725E-01
  0.10400000E+01  0.89999998E+00  0.14664452E-01
  0.10400000E+01  0.91999998E+00  0.14904412E-01
  0.10400000E+01  0.93999998E+00  0.15142989E-01
  0.10400000E+01  0.95999998E+00  0.15380597E-01
  0.10400000E+01  0.97999998E+00  0.15617682E-01
  0.10400000E+01  0.99999998E+00  0.15854719E-01
  0.10400000E+01  0.10200000E+01  0.16092210E-01
  0.10400000E+01  0.10400000E+01  0.16330688E-01
  0.10400000E+01  0.10600000E+01  0.16570709E-01
  0.10400000E+01  0.10800000E+01  0.16812857E-01
  0.10400000E+01  0.11000000E+01  0.17057736E-01
  0.10400000E+01  0.11200000E+01  0.17305970E-01
  0.10400000E+01  0.11400000E+01  0.17558196E-01
  0.10400000E+01  0.11600000E+01  0.17815066E-01
  0.10400000E+01  0.11800000E+01  0.18077233E-01
  0.10400000E+01  0.12000000E+01  0.18345352E-01
  0.10400000E+01  0.12200000E+01  0.18620068E-01
  0.10400000E+01  0.12400000E+01  0.18902006E-01
  0.10400000E+01  0.12600000E+01  0.19191762E-01
  0.10400000E+01  0.12800000E+01  0.19489887E-01
  0.10400000E+01  0.13000000E+01  0.19796872E-01
  0.10400000E+01  0.13200000E+01  0.20113127E-01
  0.10400000E+01  0.13400000E+01  0.20438962E-01
  0.10400000E+01  0.13600000E+01  0.20774552E-01
  0.10400000E+01  0.13800000E+01  0.21119908E-01
  0.10400000E+01  0.14000000E+01  0.21474839E-01
  0.10400000E+01  0.14200000E+01  0.21838897E-01
  0.10400000E+01  0.14400000E+01  0.22211323E-01
  0.10400000E+01  0.14600000E+01  0.22590975E-01
  0.10400000E+01  0.14800000E+01  0.22976237E-01
  0.10400000E+01  0.15000000E+01  0.23364910E-01
  0.10400000E+01  0.15200000E+01  0.23754077E-01
  0.10400000E+01  0.15400000E+01  0.24139927E-01
  0.10400000E+01  0.15600000E+01  0.24517525E-01
  0.10400000E+01  0.15800000E+01  0.24880520E-01
  0.10400000E+01  0.16000000E+01  0.25220743E-01
  0.10400000E+01  0.16200000E+01  0.25527648E-01
  0.10400000E+01  0.16400000E+01  0.25787523E-01
  0.10400000E+01  0.16600000E+01  0.25982296E-01
  0.10400000E+01  0.16800000E+01  0.26087668E-01
  0.10400000E+01  0.17000000E+01  0.26069954E-01
  0.10400000E+01  0.17200000E+01  0.25880277E-01
  0.10400000E+01  0.17400000E+01  0.25442446E-01
  0.10400000E+01  0.17600000E+01  0.24622488E-01
  0.10400000E+01  0.17800000E+01  0.23122667E-01
  0.10400000E+01  0.18000000E+01  0.19550192E-01
  0.10400000E+01  0.18200000E+01  0.17311535E-01
  0.10400000E+01  0.18400000E+01  0.17398906E-01
  0.10400000E+01  0.18600000E+01  0.17484570E-01
  0.10400000E+01  0.18800000E+01  0.17568642E-01
  0.10400000E+01  0.19000000E+01  0.17651251E-01
  0.10400000E+01  0.19200000E+01  0.17732533E-01
  0.10400000E+01  0.19400000E+01  0.17812637E-01
  0.10400000E+01  0.19600000E+01  0.17891722E-01
  0.10400000E+01  0.19800000E+01  0.17969960E-01
  0.10400000E+01  0.20000000E+01  0.18047530E-01
  0.10600000E+01  0.00000000E+00  0.48117002E-02
  0.10600000E+01  0.20000000E-01  0.51514486E-02
  0.10600000E+01  0.39999999E-01  0.54991766E-02
  0.10600000E+01  0.59999999E-01  0.58530138E-02
  0.10600000E+01  0.79999998E-01  0.62110077E-02
  0.10600000E+01  0.99999998E-01  0.65711276E-02
  0.10600000E+01  0.12000000E+00  0.69312702E-02
  0.10600000E+01  0.14000000E+00  0.72892661E-02
  0.10600000E+01  0.16000000E+00  0.76428881E-02
  0.10600000E+01  0.18000000E+00  0.79898612E-02
  0.10600000E+01  0.20000000E+00  0.83278750E-02
  0.10600000E+01  0.22000000E+00  0.86545981E-02
  0.10600000E+01  0.23999999E+00  0.89676952E-02
  0.10600000E+01  0.25999999E+00  0.92648475E-02
  0.10600000E+01  0.27999999E+00  0.95437774E-02
  0.10600000E+01  0.29999999E+00  0.98022762E-02
  0.10600000E+01  0.31999999E+00  0.10038239E-01
  0.10600000E+01  0.33999999E+00  0.10249702E-01
  0.10600000E+01  0.35999999E+00  0.10434893E-01
  0.10600000E+01  0.37999999E+00  0.10592286E-01
  0.10600000E+01  0.39999999E+00  0.10720664E-01
  0.10600000E+01  0.41999999E+00  0.10819201E-01
  0.10600000E+01  0.43999999E+00  0.10887542E-01
  0.10600000E+01  0.45999999E+00  0.10925902E-01
  0.10600000E+01  0.47999999E+00  0.10935139E-01
  0.10600000E+01  0.49999999E+00  0.10916741E-01
  0.10600000E+01  0.51999999E+00  0.10872434E-01
  0.10600000E+01  0.53999999E+00  0.10802025E-01
  0.10600000E+01  0.55999999E+00  0.10688116E-01
  0.10600000E+01  0.57999999E+00  0.10523085E-01
  0.10600000E+01  0.59999999E+00  0.10819756E-01
  0.10600000E+01  0.61999999E+00  0.11112585E-01
  0.10600000E+01  0.63999999E+00  0.11401510E-01
  0.10600000E+01  0.65999999E+00  0.11686496E-01
  0.10600000E+01  0.67999998E+00  0.11967539E-01
  0.10600000E+01  0.69999998E+00  0.12244664E-01
  0.10600000E+01  0.71999998E+00  0.12517924E-01
  0.10600000E+01  0.73999998E+00  0.12787405E-01
  0.10600000E+01  0.75999998E+00  0.13053220E-01
  0.10600000E+01  0.77999998E+00  0.13315515E-01
  0.10600000E+01  0.79999998E+00  0.13574468E-01
  0.10600000E+01  0.81999998E+00  0.13830287E-01
  0.10600000E+01  0.83999998E+00  0.14083213E-01
  0.10600000E+01  0.85999998E+00  0.14333518E-01
  0.10600000E+01  0.87999998E+00  0.14581507E-01
  0.10600000E+01  0.89999998E+00  0.14827519E-01
  0.10600000E+01  0.91999998E+00  0.15071925E-01
  0.10600000E+01  0.93999998E+00  0.15315126E-01
  0.10600000E+01  0.95999998E+00  0.15557559E-01
  0.10600000E+01  0.97999998E+00  0.15799691E-01
  0.10600000E+01  0.99999998E+00  0.16042019E-01
  0.10600000E+01  0.10200000E+01  0.16285071E-01
  0.10600000E+01  0.10400000E+01  0.16529404E-01
  0.10600000E+01  0.10600000E+01  0.16775602E-01
  0.10600000E+01  0.10800000E+01  0.17024270E-01
  0.10600000E+01  0.11000000E+01  0.17276039E-01
  0.10600000E+01  0.11200000E+01  0.17531555E-01
  0.10600000E+01  0.11400000E+01  0.17791477E-01
  0.10600000E+01  0.11600000E+01  0.18056473E-01
  0.10600000E+01  0.11800000E+01  0.18327212E-01
  0.10600000E+01  0.12000000E+01  0.18604355E-01
  0.10600000E+01  0.12200000E+01  0.18888546E-01
  0.10600000E+01  0.12400000E+01  0.19180402E-01
  0.10600000E+01  0.12600000E+01  0.19480497E-01
  0.10600000E+01  0.12800000E+01  0.19789347E-01
  0.10600000E+01  0.13000000E+01  0.20107388E-01
  0.10600000E+01  0.13200000E+01  0.20434954E-01
  0.10600000E+01  0.13400000E+01  0.20772250E-01
  0.10600000E+01  0.13600000E+01  0.21119315E-01
  0.10600000E+01  0.13800000E+01  0.21475982E-01
  0.10600000E+01  0.14000000E+01  0.21841831E-01
  0.10600000E+01  0.14200000E+01  0.22216126E-01
  0.10600000E+01  0.14400000E+01  0.22597744E-01
  0.10600000E+01  0.14600000E+01  0.22985086E-01
  0.10600000E+01  0.14800000E+01  0.23375963E-01
  0.10600000E+01  0.15000000E+01  0.23767460E-01
  0.10600000E+01  0.15200000E+01  0.24155755E-01
  0.10600000E+01  0.15400000E+01  0.24535892E-01
  0.10600000E+01  0.15600000E+01  0.24901481E-01
  0.10600000E+01  0.15800000E+01  0.25244287E-01
  0.10600000E+01  0.16000000E+01  0.25553676E-01
  0.10600000E+01  0.16200000E+01  0.25815802E-01
  0.10600000E+01  0.16400000E+01  0.26012410E-01
  0.10600000E+01  0.16600000E+01  0.26118939E-01
  0.10600000E+01  0.16800000E+01  0.26101339E-01
  0.10600000E+01  0.17000000E+01  0.25910190E-01
  0.10600000E+01  0.17200000E+01  0.25468459E-01
  0.10600000E+01  0.17400000E+01  0.24640711E-01
  0.10600000E+01  0.17600000E+01  0.23126055E-01
  0.10600000E+01  0.17800000E+01  0.19517620E-01
  0.10600000E+01  0.18000000E+01  0.17253739E-01
  0.10600000E+01  0.18200000E+01  0.17338300E-01
  0.10600000E+01  0.18400000E+01  0.17421196E-01
  0.10600000E+01  0.18600000E+01  0.17502563E-01
  0.10600000E+01  0.18800000E+01  0.17582546E-01
  0.10600000E+01  0.19000000E+01  0.17661303E-01
  0.10600000E+01  0.19200000E+01  0.17738999E-01
  0.10600000E+01  0.19400000E+01  0.17815814E-01
  0.10600000E+01  0.19600000E+01  0.17891936E-01
  0.10600000E+01  0.19800000E+01  0.17967566E-01
  0.10600000E+01  0.20000000E+01  0.18042914E-01
  0.10800000E+01  0.00000000E+00  0.50478290E-02
  0.10800000E+01  0.20000000E-01  0.53748670E-02
  0.10800000E+01  0.39999999E-01  0.57087864E-02
  0.10800000E+01  0.59999999E-01  0.60476502E-02
  0.10800000E+01  0.79999998E-01  0.63894436E-02
  0.10800000E+01  0.99999998E-01  0.67320791E-02
  0.10800000E+01  0.12000000E+00  0.70734040E-02
  0.10800000E+01  0.14000000E+00  0.74112087E-02
  0.10800000E+01  0.16000000E+00  0.77432376E-02
  0.10800000E+01  0.18000000E+00  0.80672016E-02
  0.10800000E+01  0.20000000E+00  0.83807936E-02
  0.10800000E+01  0.22000000E+00  0.86817065E-02
  0.10800000E+01  0.23999999E+00  0.89676547E-02
  0.10800000E+01  0.25999999E+00  0.92363999E-02
  0.10800000E+01  0.27999999E+00  0.94857810E-02
  0.10800000E+01  0.29999999E+00  0.97137503E-02
  0.10800000E+01  0.31999999E+00  0.99184159E-02
  0.10800000E+01  0.33999999E+00  0.10098092E-01
  0.10800000E+01  0.35999999E+00  0.10251361E-01
  0.10800000E+01  0.37999999E+00  0.10377144E-01
  0.10800000E+01  0.39999999E+00  0.10474789E-01
  0.10800000E+01  0.41999999E+00  0.10544174E-01
  0.10800000E+01  0.43999999E+00  0.10585825E-01
  0.10800000E+01  0.45999999E+00  0.10601040E-01
  0.10800000E+01  0.47999999E+00  0.10591966E-01
  0.10800000E+01  0.49999999E+00  0.10561427E-01
  0.10800000E+01  0.51999999E+00  0.10511407E-01
  0.10800000E+01  0.53999999E+00  0.10430872E-01
  0.10800000E+01  0.55999999E+00  0.10325655E-01
  0.10800000E+01  0.57999999E+00  0.10628951E-01
  0.10800000E+01  0.59999999E+00  0.10928544E-01
  0.10800000E+01  0.61999999E+00  0.11224344E-01
  0.10800000E+01  0.63999999E+00  0.11516288E-01
  0.10800000E+01  0.65999999E+00  0.11804342E-01
  0.10800000E+01  0.67999998E+00  0.12088505E-01
  0.10800000E+01  0.69999998E+00  0.12368804E-01
  0.10800000E+01  0.71999998E+00  0.12645296E-01
  0.10800000E+01  0.73999998E+00  0.12918074E-01
  0.10800000E+01  0.75999998E+00  0.13187257E-01
  0.10800000E+01  0.77999998E+00  0.13453001E-01
  0.10800000E+01  0.79999998E+00  0.13715493E-01
  0.10800000E+01  0.81999998E+00  0.13974953E-01
  0.10800000E+01  0.83999998E+00  0.14231635E-01
  0.10800000E+01  0.85999998E+00  0.14485827E-01
  0.10800000E+01  0.87999998E+00  0.14737852E-01
  0.10800000E+01  0.89999998E+00  0.14988065E-01
  0.10800000E+01  0.91999998E+00  0.15236858E-01
  0.10800000E+01  0.93999998E+00  0.15484655E-01
  0.10800000E+01  0.95999998E+00  0.15731914E-01
  0.10800000E+01  0.97999998E+00  0.15979128E-01
  0.10800000E+01  0.99999998E+00  0.16226818E-01
  0.10800000E+01  0.10200000E+01  0.16475539E-01
  0.10800000E+01  0.10400000E+01  0.16725874E-01
  0.10800000E+01  0.10600000E+01  0.16978432E-01
  0.10800000E+01  0.10800000E+01  0.17233845E-01
  0.10800000E+01  0.11000000E+01  0.17492768E-01
  0.10800000E+01  0.11200000E+01  0.17755867E-01
  0.10800000E+01  0.11400000E+01  0.18023823E-01
  0.10800000E+01  0.11600000E+01  0.18297316E-01
  0.10800000E+01  0.11800000E+01  0.18577023E-01
  0.10800000E+01  0.12000000E+01  0.18863607E-01
  0.10800000E+01  0.12200000E+01  0.19157704E-01
  0.10800000E+01  0.12400000E+01  0.19459909E-01
  0.10800000E+01  0.12600000E+01  0.19770761E-01
  0.10800000E+01  0.12800000E+01  0.20090722E-01
  0.10800000E+01  0.13000000E+01  0.20420151E-01
  0.10800000E+01  0.13200000E+01  0.20759279E-01
  0.10800000E+01  0.13400000E+01  0.21108171E-01
  0.10800000E+01  0.13600000E+01  0.21466690E-01
  0.10800000E+01  0.13800000E+01  0.21834438E-01
  0.10800000E+01  0.14000000E+01  0.22210705E-01
  0.10800000E+01  0.14200000E+01  0.22594389E-01
  0.10800000E+01  0.14400000E+01  0.22983907E-01
  0.10800000E+01  0.14600000E+01  0.23377083E-01
  0.10800000E+01  0.14800000E+01  0.23771006E-01
  0.10800000E+01  0.15000000E+01  0.24161850E-01
  0.10800000E+01  0.15200000E+01  0.24544642E-01
  0.10800000E+01  0.15400000E+01  0.24912958E-01
  0.10800000E+01  0.15600000E+01  0.25258514E-01
  0.10800000E+01  0.15800000E+01  0.25570594E-01
  0.10800000E+01  0.16000000E+01  0.25835239E-01
  0.10800000E+01  0.16200000E+01  0.26034033E-01
  0.10800000E+01  0.16400000E+01  0.26142190E-01
  0.10800000E+01  0.16600000E+01  0.26125334E-01
  0.10800000E+01  0.16800000E+01  0.25933573E-01
  0.10800000E+01  0.17000000E+01  0.25489136E-01
  0.10800000E+01  0.17200000E+01  0.24655318E-01
  0.10800000E+01  0.17400000E+01  0.23128494E-01
  0.10800000E+01  0.17600000E+01  0.19489720E-01
  0.10800000E+01  0.17800000E+01  0.17204233E-01
  0.10800000E+01  0.18000000E+01  0.17286205E-01
  0.10800000E+01  0.18200000E+01  0.17366538E-01
  0.10800000E+01  0.18400000E+01  0.17445386E-01
  0.10800000E+01  0.18600000E+01  0.17522911E-01
  0.10800000E+01  0.18800000E+01  0.17599290E-01
  0.10800000E+01  0.19000000E+01  0.17674708E-01
  0.10800000E+01  0.19200000E+01  0.17749362E-01
  0.10800000E+01  0.19400000E+01  0.17823461E-01
  0.10800000E+01  0.19600000E+01  0.17897223E-01
  0.10800000E+01  0.19800000E+01  0.17970877E-01
  0.10800000E+01  0.20000000E+01  0.18044664E-01
  0.11000000E+01  0.00000000E+00  0.52853585E-02
  0.11000000E+01  0.20000000E-01  0.55982208E-02
  0.11000000E+01  0.39999999E-01  0.59167868E-02
  0.11000000E+01  0.59999999E-01  0.62390586E-02
  0.11000000E+01  0.79999998E-01  0.65629666E-02
  0.11000000E+01  0.99999998E-01  0.68863760E-02
  0.11000000E+01  0.12000000E+00  0.72070967E-02
  0.11000000E+01  0.14000000E+00  0.75228937E-02
  0.11000000E+01  0.16000000E+00  0.78315010E-02
  0.11000000E+01  0.18000000E+00  0.81306370E-02
  0.11000000E+01  0.20000000E+00  0.84180240E-02
  0.11000000E+01  0.22000000E+00  0.86914107E-02
  0.11000000E+01  0.23999999E+00  0.89485991E-02
  0.11000000E+01  0.25999999E+00  0.91874760E-02
  0.11000000E+01  0.27999999E+00  0.94060513E-02
  0.11000000E+01  0.29999999E+00  0.96025032E-02
  0.11000000E+01  0.31999999E+00  0.97752321E-02
  0.11000000E+01  0.33999999E+00  0.99229261E-02
  0.11000000E+01  0.35999999E+00  0.10044640E-01
  0.11000000E+01  0.37999999E+00  0.10139893E-01
  0.11000000E+01  0.39999999E+00  0.10208784E-01
  0.11000000E+01  0.41999999E+00  0.10252138E-01
  0.11000000E+01  0.43999999E+00  0.10271671E-01
  0.11000000E+01  0.45999999E+00  0.10270158E-01
  0.11000000E+01  0.47999999E+00  0.10251459E-01
  0.11000000E+01  0.49999999E+00  0.10219604E-01
  0.11000000E+01  0.51999999E+00  0.10169514E-01
  0.11000000E+01  0.53999999E+00  0.10119664E-01
  0.11000000E+01  0.55999999E+00  0.10429142E-01
  0.11000000E+01  0.57999999E+00  0.10735083E-01
  0.11000000E+01  0.59999999E+00  0.11037368E-01
  0.11000000E+01  0.61999999E+00  0.11335904E-01
  0.11000000E+01  0.63999999E+00  0.11630631E-01
  0.11000000E+01  0.65999999E+00  0.11921519E-01
  0.11000000E+01  0.67999998E+00  0.12208567E-01
  0.11000000E+01  0.69999998E+00  0.12491809E-01
  0.11000000E+01  0.71999998E+00  0.12771309E-01
  0.11000000E+01  0.73999998E+00  0.13047166E-01
  0.11000000E+01  0.75999998E+00  0.13319510E-01
  0.11000000E+01  0.77999998E+00  0.13588507E-01
  0.11000000E+01  0.79999998E+00  0.13854357E-01
  0.11000000E+01  0.81999998E+00  0.14117293E-01
  0.11000000E+01  0.83999998E+00  0.14377587E-01
  0.11000000E+01  0.85999998E+00  0.14635544E-01
  0.11000000E+01  0.87999998E+00  0.14891506E-01
  0.11000000E+01  0.89999998E+00  0.15145849E-01
  0.11000000E+01  0.91999998E+00  0.15398988E-01
  0.11000000E+01  0.93999998E+00  0.15651371E-01
  0.11000000E+01  0.95999998E+00  0.15903481E-01
  0.11000000E+01  0.97999998E+00  0.16155837E-01
  0.11000000E+01  0.99999998E+00  0.16408988E-01
  0.11000000E+01  0.10200000E+01  0.16663515E-01
  0.11000000E+01  0.10400000E+01  0.16920030E-01
  0.11000000E+01  0.10600000E+01  0.17179167E-01
  0.11000000E+01  0.10800000E+01  0.17441585E-01
  0.11000000E+01  0.11000000E+01  0.17707959E-01
  0.11000000E+01  0.11200000E+01  0.17978979E-01
  0.11000000E+01  0.11400000E+01  0.18255336E-01
  0.11000000E+01  0.11600000E+01  0.18537724E-01
  0.11000000E+01  0.11800000E+01  0.18826820E-01
  0.11000000E+01  0.12000000E+01  0.19123278E-01
  0.11000000E+01  0.12200000E+01  0.19427715E-01
  0.11000000E+01  0.12400000E+01  0.19740692E-01
  0.11000000E+01  0.12600000E+01  0.20062693E-01
  0.11000000E+01  0.12800000E+01  0.20394104E-01
  0.11000000E+01  0.13000000E+01  0.20735180E-01
  0.11000000E+01  0.13200000E+01  0.21086013E-01
  0.11000000E+01  0.13400000E+01  0.21446491E-01
  0.11000000E+01  0.13600000E+01  0.21816244E-01
  0.11000000E+01  0.13800000E+01  0.22194583E-01
  0.11000000E+01  0.14000000E+01  0.22580430E-01
  0.11000000E+01  0.14200000E+01  0.22972220E-01
  0.11000000E+01  0.14400000E+01  0.23367792E-01
  0.11000000E+01  0.14600000E+01  0.23764240E-01
  0.11000000E+01  0.14800000E+01  0.24157739E-01
  0.11000000E+01  0.15000000E+01  0.24543306E-01
  0.11000000E+01  0.15200000E+01  0.24914490E-01
  0.11000000E+01  0.15400000E+01  0.25262966E-01
  0.11000000E+01  0.15600000E+01  0.25577950E-01
  0.11000000E+01  0.15800000E+01  0.25845388E-01
  0.11000000E+01  0.16000000E+01  0.26046726E-01
  0.11000000E+01  0.16200000E+01  0.26156983E-01
  0.11000000E+01  0.16400000E+01  0.26141505E-01
  0.11000000E+01  0.16600000E+01  0.25949992E-01
  0.11000000E+01  0.16800000E+01  0.25504041E-01
  0.11000000E+01  0.17000000E+01  0.24665862E-01
  0.11000000E+01  0.17200000E+01  0.23129517E-01
  0.11000000E+01  0.17400000E+01  0.19465967E-01
  0.11000000E+01  0.17600000E+01  0.17162468E-01
  0.11000000E+01  0.17800000E+01  0.17242096E-01
  0.11000000E+01  0.18000000E+01  0.17320094E-01
  0.11000000E+01  0.18200000E+01  0.17396631E-01
  0.11000000E+01  0.18400000E+01  0.17471890E-01
  0.11000000E+01  0.18600000E+01  0.17546063E-01
  0.11000000E+01  0.18800000E+01  0.17619356E-01
  0.11000000E+01  0.19000000E+01  0.17691985E-01
  0.11000000E+01  0.19200000E+01  0.17764175E-01
  0.11000000E+01  0.19400000E+01  0.17836165E-01
  0.11000000E+01  0.19600000E+01  0.17908202E-01
  0.11000000E+01  0.19800000E+01  0.17980545E-01
  0.11000000E+01  0.20000000E+01  0.18053460E-01
  0.11200000E+01  0.00000000E+00  0.55227840E-02
  0.11200000E+01  0.20000000E-01  0.58199079E-02
  0.11200000E+01  0.39999999E-01  0.61214843E-02
  0.11200000E+01  0.59999999E-01  0.64254624E-02
  0.11200000E+01  0.79999998E-01  0.67297273E-02
  0.11200000E+01  0.99999998E-01  0.70321093E-02
  0.11200000E+01  0.12000000E+00  0.73303958E-02
  0.11200000E+01  0.14000000E+00  0.76223448E-02
  0.11200000E+01  0.16000000E+00  0.79057020E-02
  0.11200000E+01  0.18000000E+00  0.81782201E-02
  0.11200000E+01  0.20000000E+00  0.84376831E-02
  0.11200000E+01  0.22000000E+00  0.86819335E-02
  0.11200000E+01  0.23999999E+00  0.89089069E-02
  0.11200000E+01  0.25999999E+00  0.91166706E-02
  0.11200000E+01  0.27999999E+00  0.93034722E-02
  0.11200000E+01  0.29999999E+00  0.94677965E-02
  0.11200000E+01  0.31999999E+00  0.96084358E-02
  0.11200000E+01  0.33999999E+00  0.97245744E-02
  0.11200000E+01  0.35999999E+00  0.98158954E-02
  0.11200000E+01  0.37999999E+00  0.98827114E-02
  0.11200000E+01  0.39999999E+00  0.99261319E-02
  0.11200000E+01  0.41999999E+00  0.99482712E-02
  0.11200000E+01  0.43999999E+00  0.99524968E-02
  0.11200000E+01  0.45999999E+00  0.99436438E-02
  0.11200000E+01  0.47999999E+00  0.99276535E-02
  0.11200000E+01  0.49999999E+00  0.99049828E-02
  0.11200000E+01  0.51999999E+00  0.99059234E-02
  0.11200000E+01  0.53999999E+00  0.10221109E-01
  0.11200000E+01  0.55999999E+00  0.10532949E-01
  0.11200000E+01  0.57999999E+00  0.10841294E-01
  0.11200000E+01  0.59999999E+00  0.11146023E-01
  0.11200000E+01  0.61999999E+00  0.11447048E-01
  0.11200000E+01  0.63999999E+00  0.11744309E-01
  0.11200000E+01  0.65999999E+00  0.12037782E-01
  0.11200000E+01  0.67999998E+00  0.12327472E-01
  0.11200000E+01  0.69999998E+00  0.12613418E-01
  0.11200000E+01  0.71999998E+00  0.12895694E-01
  0.11200000E+01  0.73999998E+00  0.13174409E-01
  0.11200000E+01  0.75999998E+00  0.13449704E-01
  0.11200000E+01  0.77999998E+00  0.13721759E-01
  0.11200000E+01  0.79999998E+00  0.13990789E-01
  0.11200000E+01  0.81999998E+00  0.14257044E-01
  0.11200000E+01  0.83999998E+00  0.14520814E-01
  0.11200000E+01  0.85999998E+00  0.14782425E-01
  0.11200000E+01  0.87999998E+00  0.15042239E-01
  0.11200000E+01  0.89999998E+00  0.15300660E-01
  0.11200000E+01  0.91999998E+00  0.15558123E-01
  0.11200000E+01  0.93999998E+00  0.15815106E-01
  0.11200000E+01  0.95999998E+00  0.16072118E-01
  0.11200000E+01  0.97999998E+00  0.16329706E-01
  0.11200000E+01  0.99999998E+00  0.16588448E-01
  0.11200000E+01  0.10200000E+01  0.16848954E-01
  0.11200000E+01  0.10400000E+01  0.17111862E-01
  0.11200000E+01  0.10600000E+01  0.17377833E-01
  0.11200000E+01  0.10800000E+01  0.17647551E-01
  0.11200000E+01  0.11000000E+01  0.17921711E-01
  0.11200000E+01  0.11200000E+01  0.18201018E-01
  0.11200000E+01  0.11400000E+01  0.18486177E-01
  0.11200000E+01  0.11600000E+01  0.18777881E-01
  0.11200000E+01  0.11800000E+01  0.19076801E-01
  0.11200000E+01  0.12000000E+01  0.19383574E-01
  0.11200000E+01  0.12200000E+01  0.19698780E-01
  0.11200000E+01  0.12400000E+01  0.20022927E-01
  0.11200000E+01  0.12600000E+01  0.20356423E-01
  0.11200000E+01  0.12800000E+01  0.20699551E-01
  0.11200000E+01  0.13000000E+01  0.21052427E-01
  0.11200000E+01  0.13200000E+01  0.21414965E-01
  0.11200000E+01  0.13400000E+01  0.21786818E-01
  0.11200000E+01  0.13600000E+01  0.22167326E-01
  0.11200000E+01  0.13800000E+01  0.22555429E-01
  0.11200000E+01  0.14000000E+01  0.22949585E-01
  0.11200000E+01  0.14200000E+01  0.23347646E-01
  0.11200000E+01  0.14400000E+01  0.23746719E-01
  0.11200000E+01  0.14600000E+01  0.24142982E-01
  0.11200000E+01  0.14800000E+01  0.24531444E-01
  0.11200000E+01  0.15000000E+01  0.24905639E-01
  0.11200000E+01  0.15200000E+01  0.25257206E-01
  0.11200000E+01  0.15400000E+01  0.25575311E-01
  0.11200000E+01  0.15600000E+01  0.25845818E-01
  0.11200000E+01  0.15800000E+01  0.26050060E-01
  0.11200000E+01  0.16000000E+01  0.26162891E-01
  0.11200000E+01  0.16200000E+01  0.26149424E-01
  0.11200000E+01  0.16400000E+01  0.25959016E-01
  0.11200000E+01  0.16600000E+01  0.25512735E-01
  0.11200000E+01  0.16800000E+01  0.24671889E-01
  0.11200000E+01  0.17000000E+01  0.23128643E-01
  0.11200000E+01  0.17200000E+01  0.19445809E-01
  0.11200000E+01  0.17400000E+01  0.17127856E-01
  0.11200000E+01  0.17600000E+01  0.17205408E-01
  0.11200000E+01  0.17800000E+01  0.17281320E-01
  0.11200000E+01  0.18000000E+01  0.17355778E-01
  0.11200000E+01  0.18200000E+01  0.17428984E-01
  0.11200000E+01  0.18400000E+01  0.17501147E-01
  0.11200000E+01  0.18600000E+01  0.17572492E-01
  0.11200000E+01  0.18800000E+01  0.17643251E-01
  0.11200000E+01  0.19000000E+01  0.17713671E-01
  0.11200000E+01  0.19200000E+01  0.17784007E-01
  0.11200000E+01  0.19400000E+01  0.17854527E-01
  0.11200000E+01  0.19600000E+01  0.17925506E-01
  0.11200000E+01  0.19800000E+01  0.17997230E-01
  0.11200000E+01  0.20000000E+01  0.18069992E-01
  0.11400000E+01  0.00000000E+00  0.57584034E-02
  0.11400000E+01  0.20000000E-01  0.60381324E-02
  0.11400000E+01  0.39999999E-01  0.63209977E-02
  0.11400000E+01  0.59999999E-01  0.66049052E-02
  0.11400000E+01  0.79999998E-01  0.68877073E-02
  0.11400000E+01  0.99999998E-01  0.71672150E-02
  0.11400000E+01  0.12000000E+00  0.74412117E-02
  0.11400000E+01  0.14000000E+00  0.77074712E-02
  0.11400000E+01  0.16000000E+00  0.79637779E-02
  0.11400000E+01  0.18000000E+00  0.82079517E-02
  0.11400000E+01  0.20000000E+00  0.84378769E-02
  0.11400000E+01  0.22000000E+00  0.86515373E-02
  0.11400000E+01  0.23999999E+00  0.88470580E-02
  0.11400000E+01  0.25999999E+00  0.90227551E-02
  0.11400000E+01  0.27999999E+00  0.91771964E-02
  0.11400000E+01  0.29999999E+00  0.93092756E-02
  0.11400000E+01  0.31999999E+00  0.94183028E-02
  0.11400000E+01  0.33999999E+00  0.95041191E-02
  0.11400000E+01  0.35999999E+00  0.95672418E-02
  0.11400000E+01  0.37999999E+00  0.96090516E-02
  0.11400000E+01  0.39999999E+00  0.96320395E-02
  0.11400000E+01  0.41999999E+00  0.96401307E-02
  0.11400000E+01  0.43999999E+00  0.96390724E-02
  0.11400000E+01  0.45999999E+00  0.96365830E-02
  0.11400000E+01  0.47999999E+00  0.96382301E-02
  0.11400000E+01  0.49999999E+00  0.96852811E-02
  0.11400000E+01  0.51999999E+00  0.10005671E-01
  0.11400000E+01  0.53999999E+00  0.10322931E-01
  0.11400000E+01  0.55999999E+00  0.10636882E-01
  0.11400000E+01  0.57999999E+00  0.10947373E-01
  0.11400000E+01  0.59999999E+00  0.11254288E-01
  0.11400000E+01  0.61999999E+00  0.11557540E-01
  0.11400000E+01  0.63999999E+00  0.11857076E-01
  0.11400000E+01  0.65999999E+00  0.12152877E-01
  0.11400000E+01  0.67999998E+00  0.12444956E-01
  0.11400000E+01  0.69999998E+00  0.12733362E-01
  0.11400000E+01  0.71999998E+00  0.13018180E-01
  0.11400000E+01  0.73999998E+00  0.13299529E-01
  0.11400000E+01  0.75999998E+00  0.13577568E-01
  0.11400000E+01  0.77999998E+00  0.13852490E-01
  0.11400000E+01  0.79999998E+00  0.14124528E-01
  0.11400000E+01  0.81999998E+00  0.14393953E-01
  0.11400000E+01  0.83999998E+00  0.14661076E-01
  0.11400000E+01  0.85999998E+00  0.14926245E-01
  0.11400000E+01  0.87999998E+00  0.15189849E-01
  0.11400000E+01  0.89999998E+00  0.15452314E-01
  0.11400000E+01  0.91999998E+00  0.15714108E-01
  0.11400000E+01  0.93999998E+00  0.15975733E-01
  0.11400000E+01  0.95999998E+00  0.16237729E-01
  0.11400000E+01  0.97999998E+00  0.16500673E-01
  0.11400000E+01  0.99999998E+00  0.16765171E-01
  0.11400000E+01  0.10200000E+01  0.17031864E-01
  0.11400000E+01  0.10400000E+01  0.17301416E-01
  0.11400000E+01  0.10600000E+01  0.17574515E-01
  0.11400000E+01  0.10800000E+01  0.17851864E-01
  0.11400000E+01  0.11000000E+01  0.18134178E-01
  0.11400000E+01  0.11200000E+01  0.18422174E-01
  0.11400000E+01  0.11400000E+01  0.18716557E-01
  0.11400000E+01  0.11600000E+01  0.19018017E-01
  0.11400000E+01  0.11800000E+01  0.19327207E-01
  0.11400000E+01  0.12000000E+01  0.19644727E-01
  0.11400000E+01  0.12200000E+01  0.19971107E-01
  0.11400000E+01  0.12400000E+01  0.20306779E-01
  0.11400000E+01  0.12600000E+01  0.20652047E-01
  0.11400000E+01  0.12800000E+01  0.21007055E-01
  0.11400000E+01  0.13000000E+01  0.21371740E-01
  0.11400000E+01  0.13200000E+01  0.21745782E-01
  0.11400000E+01  0.13400000E+01  0.22128544E-01
  0.11400000E+01  0.13600000E+01  0.22518991E-01
  0.11400000E+01  0.13800000E+01  0.22915600E-01
  0.11400000E+01  0.14000000E+01  0.23316242E-01
  0.11400000E+01  0.14200000E+01  0.23718036E-01
  0.11400000E+01  0.14400000E+01  0.24117168E-01
  0.11400000E+01  0.14600000E+01  0.24508646E-01
  0.11400000E+01  0.14800000E+01  0.24885994E-01
  0.11400000E+01  0.15000000E+01  0.25240827E-01
  0.11400000E+01  0.15200000E+01  0.25562268E-01
  0.11400000E+01  0.15400000E+01  0.25836121E-01
  0.11400000E+01  0.15600000E+01  0.26043625E-01
  0.11400000E+01  0.15800000E+01  0.26159502E-01
  0.11400000E+01  0.16000000E+01  0.26148674E-01
  0.11400000E+01  0.16200000E+01  0.25960221E-01
  0.11400000E+01  0.16400000E+01  0.25514781E-01
  0.11400000E+01  0.16600000E+01  0.24672944E-01
  0.11400000E+01  0.16800000E+01  0.23125379E-01
  0.11400000E+01  0.17000000E+01  0.19428669E-01
  0.11400000E+01  0.17200000E+01  0.17099779E-01
  0.11400000E+01  0.17400000E+01  0.17175542E-01
  0.11400000E+01  0.17600000E+01  0.17249637E-01
  0.11400000E+01  0.17800000E+01  0.17322270E-01
  0.11400000E+01  0.18000000E+01  0.17393657E-01
  0.11400000E+01  0.18200000E+01  0.17464027E-01
  0.11400000E+01  0.18400000E+01  0.17533620E-01
  0.11400000E+01  0.18600000E+01  0.17602690E-01
  0.11400000E+01  0.18800000E+01  0.17671500E-01
  0.11400000E+01  0.19000000E+01  0.17740324E-01
  0.11400000E+01  0.19200000E+01  0.17809447E-01
  0.11400000E+01  0.19400000E+01  0.17879164E-01
  0.11400000E+01  0.19600000E+01  0.17949779E-01
  0.11400000E+01  0.19800000E+01  0.18021602E-01
  0.11400000E+01  0.20000000E+01  0.18094950E-01
  0.11600000E+01  0.00000000E+00  0.59903098E-02
  0.11600000E+01  0.20000000E-01  0.62508994E-02
  0.11600000E+01  0.39999999E-01  0.65132541E-02
  0.11600000E+01  0.59999999E-01  0.67752498E-02
  0.11600000E+01  0.79999998E-01  0.70347220E-02
  0.11600000E+01  0.99999998E-01  0.72894808E-02
  0.11600000E+01  0.12000000E+00  0.75373294E-02
  0.11600000E+01  0.14000000E+00  0.77760846E-02
  0.11600000E+01  0.16000000E+00  0.80036030E-02
  0.11600000E+01  0.18000000E+00  0.82178112E-02
  0.11600000E+01  0.20000000E+00  0.84167417E-02
  0.11600000E+01  0.22000000E+00  0.85985769E-02
  0.11600000E+01  0.23999999E+00  0.87617007E-02
  0.11600000E+01  0.25999999E+00  0.89047627E-02
  0.11600000E+01  0.27999999E+00  0.90267550E-02
  0.11600000E+01  0.29999999E+00  0.91271097E-02
  0.11600000E+01  0.31999999E+00  0.92058204E-02
  0.11600000E+01  0.33999999E+00  0.92635995E-02
  0.11600000E+01  0.35999999E+00  0.93020856E-02
  0.11600000E+01  0.37999999E+00  0.93241255E-02
  0.11600000E+01  0.39999999E+00  0.93341668E-02
  0.11600000E+01  0.41999999E+00  0.93388060E-02
  0.11600000E+01  0.43999999E+00  0.93474033E-02
  0.11600000E+01  0.45999999E+00  0.93702080E-02
  0.11600000E+01  0.47999999E+00  0.94586184E-02
  0.11600000E+01  0.49999999E+00  0.97836861E-02
  0.11600000E+01  0.51999999E+00  0.10105861E-01
  0.11600000E+01  0.53999999E+00  0.10424934E-01
  0.11600000E+01  0.55999999E+00  0.10740727E-01
  0.11600000E+01  0.57999999E+00  0.11053095E-01
  0.11600000E+01  0.59999999E+00  0.11361923E-01
  0.11600000E+01  0.61999999E+00  0.11667132E-01
  0.11600000E+01  0.63999999E+00  0.11968674E-01
  0.11600000E+01  0.65999999E+00  0.12266539E-01
  0.11600000E+01  0.67999998E+00  0.12560751E-01
  0.11600000E+01  0.69999998E+00  0.12851370E-01
  0.11600000E+01  0.71999998E+00  0.13138494E-01
  0.11600000E+01  0.73999998E+00  0.13422258E-01
  0.11600000E+01  0.75999998E+00  0.13702836E-01
  0.11600000E+01  0.77999998E+00  0.13980441E-01
  0.11600000E+01  0.79999998E+00  0.14255328E-01
  0.11600000E+01  0.81999998E+00  0.14527789E-01
  0.11600000E+01  0.83999998E+00  0.14798158E-01
  0.11600000E+01  0.85999998E+00  0.15066811E-01
  0.11600000E+01  0.87999998E+00  0.15334163E-01
  0.11600000E+01  0.89999998E+00  0.15600670E-01
  0.11600000E+01  0.91999998E+00  0.15866827E-01
  0.11600000E+01  0.93999998E+00  0.16133169E-01
  0.11600000E+01  0.95999998E+00  0.16400267E-01
  0.11600000E+01  0.97999998E+00  0.16668726E-01
  0.11600000E+01  0.99999998E+00  0.16939186E-01
  0.11600000E+01  0.10200000E+01  0.17212314E-01
  0.11600000E+01  0.10400000E+01  0.17488801E-01
  0.11600000E+01  0.10600000E+01  0.17769358E-01
  0.11600000E+01  0.10800000E+01  0.18054708E-01
  0.11600000E+01  0.11000000E+01  0.18345577E-01
  0.11600000E+01  0.11200000E+01  0.18642687E-01
  0.11600000E+01  0.11400000E+01  0.18946739E-01
  0.11600000E+01  0.11600000E+01  0.19258404E-01
  0.11600000E+01  0.11800000E+01  0.19578302E-01
  0.11600000E+01  0.12000000E+01  0.19906982E-01
  0.11600000E+01  0.12200000E+01  0.20244899E-01
  0.11600000E+01  0.12400000E+01  0.20592381E-01
  0.11600000E+01  0.12600000E+01  0.20949594E-01
  0.11600000E+01  0.12800000E+01  0.21316501E-01
  0.11600000E+01  0.13000000E+01  0.21692807E-01
  0.11600000E+01  0.13200000E+01  0.22077900E-01
  0.11600000E+01  0.13400000E+01  0.22470768E-01
  0.11600000E+01  0.13600000E+01  0.22869910E-01
  0.11600000E+01  0.13800000E+01  0.23273217E-01
  0.11600000E+01  0.14000000E+01  0.23677823E-01
  0.11600000E+01  0.14200000E+01  0.24079925E-01
  0.11600000E+01  0.14400000E+01  0.24474537E-01
  0.11600000E+01  0.14600000E+01  0.24855176E-01
  0.11600000E+01  0.14800000E+01  0.25213444E-01
  0.11600000E+01  0.15000000E+01  0.25538436E-01
  0.11600000E+01  0.15200000E+01  0.25815908E-01
  0.11600000E+01  0.15400000E+01  0.26027029E-01
  0.11600000E+01  0.15600000E+01  0.26146418E-01
  0.11600000E+01  0.15800000E+01  0.26138851E-01
  0.11600000E+01  0.16000000E+01  0.25953189E-01
  0.11600000E+01  0.16200000E+01  0.25509746E-01
  0.11600000E+01  0.16400000E+01  0.24668567E-01
  0.11600000E+01  0.16600000E+01  0.23119226E-01
  0.11600000E+01  0.16800000E+01  0.19413951E-01
  0.11600000E+01  0.17000000E+01  0.17077593E-01
  0.11600000E+01  0.17200000E+01  0.17151869E-01
  0.11600000E+01  0.17400000E+01  0.17224436E-01
  0.11600000E+01  0.17600000E+01  0.17295514E-01
  0.11600000E+01  0.17800000E+01  0.17365337E-01
  0.11600000E+01  0.18000000E+01  0.17434150E-01
  0.11600000E+01  0.18200000E+01  0.17502212E-01
  0.11600000E+01  0.18400000E+01  0.17569793E-01
  0.11600000E+01  0.18600000E+01  0.17637173E-01
  0.11600000E+01  0.18800000E+01  0.17704646E-01
  0.11600000E+01  0.19000000E+01  0.17772516E-01
  0.11600000E+01  0.19200000E+01  0.17841094E-01
  0.11600000E+01  0.19400000E+01  0.17910703E-01
  0.11600000E+01  0.19600000E+01  0.17981670E-01
  0.11600000E+01  0.19800000E+01  0.18054329E-01
  0.11600000E+01  0.20000000E+01  0.18129021E-01
  0.11800000E+01  0.00000000E+00  0.62163857E-02
  0.11800000E+01  0.20000000E-01  0.64560106E-02
  0.11800000E+01  0.39999999E-01  0.66959888E-02
  0.11800000E+01  0.59999999E-01  0.69341815E-02
  0.11800000E+01  0.79999998E-01  0.71684269E-02
  0.11800000E+01  0.99999998E-01  0.73965581E-02
  0.11800000E+01  0.12000000E+00  0.76164255E-02
  0.11800000E+01  0.14000000E+00  0.78259233E-02
  0.11800000E+01  0.16000000E+00  0.80230205E-02
  0.11800000E+01  0.18000000E+00  0.82057988E-02
  0.11800000E+01  0.20000000E+00  0.83724975E-02
  0.11800000E+01  0.22000000E+00  0.85215679E-02
  0.11800000E+01  0.23999999E+00  0.86517392E-02
  0.11800000E+01  0.25999999E+00  0.87621001E-02
  0.11800000E+01  0.27999999E+00  0.88522006E-02
  0.11800000E+01  0.29999999E+00  0.89221807E-02
  0.11800000E+01  0.31999999E+00  0.89729393E-02
  0.11800000E+01  0.33999999E+00  0.90063595E-02
  0.11800000E+01  0.35999999E+00  0.90256227E-02
  0.11800000E+01  0.37999999E+00  0.90356648E-02
  0.11800000E+01  0.39999999E+00  0.90438684E-02
  0.11800000E+01  0.41999999E+00  0.90611007E-02
  0.11800000E+01  0.43999999E+00  0.91018633E-02
  0.11800000E+01  0.45999999E+00  0.92268424E-02
  0.11800000E+01  0.47999999E+00  0.95560385E-02
  0.11800000E+01  0.49999999E+00  0.98826003E-02
  0.11800000E+01  0.51999999E+00  0.10206289E-01
  0.11800000E+01  0.53999999E+00  0.10526899E-01
  0.11800000E+01  0.55999999E+00  0.10844256E-01
  0.11800000E+01  0.57999999E+00  0.11158218E-01
  0.11800000E+01  0.59999999E+00  0.11468678E-01
  0.11800000E+01  0.61999999E+00  0.11775564E-01
  0.11800000E+01  0.63999999E+00  0.12078838E-01
  0.11800000E+01  0.65999999E+00  0.12378499E-01
  0.11800000E+01  0.67999998E+00  0.12674585E-01
  0.11800000E+01  0.69999998E+00  0.12967170E-01
  0.11800000E+01  0.71999998E+00  0.13256368E-01
  0.11800000E+01  0.73999998E+00  0.13542331E-01
  0.11800000E+01  0.75999998E+00  0.13825255E-01
  0.11800000E+01  0.77999998E+00  0.14105373E-01
  0.11800000E+01  0.79999998E+00  0.14382963E-01
  0.11800000E+01  0.81999998E+00  0.14658344E-01
  0.11800000E+01  0.83999998E+00  0.14931876E-01
  0.11800000E+01  0.85999998E+00  0.15203963E-01
  0.11800000E+01  0.87999998E+00  0.15475050E-01
  0.11800000E+01  0.89999998E+00  0.15745625E-01
  0.11800000E+01  0.91999998E+00  0.16016214E-01
  0.11800000E+01  0.93999998E+00  0.16287384E-01
  0.11800000E+01  0.95999998E+00  0.16559738E-01
  0.11800000E+01  0.97999998E+00  0.16833914E-01
  0.11800000E+01  0.99999998E+00  0.17110580E-01
  0.11800000E+01  0.10200000E+01  0.17390432E-01
  0.11800000E+01  0.10400000E+01  0.17674185E-01
  0.11800000E+01  0.10600000E+01  0.17962570E-01
  0.11800000E+01  0.10800000E+01  0.18256323E-01
  0.11800000E+01  0.11000000E+01  0.18556177E-01
  0.11800000E+01  0.11200000E+01  0.18862848E-01
  0.11800000E+01  0.11400000E+01  0.19177023E-01
  0.11800000E+01  0.11600000E+01  0.19499339E-01
  0.11800000E+01  0.11800000E+01  0.19830365E-01
  0.11800000E+01  0.12000000E+01  0.20170577E-01
  0.11800000E+01  0.12200000E+01  0.20520324E-01
  0.11800000E+01  0.12400000E+01  0.20879799E-01
  0.11800000E+01  0.12600000E+01  0.21248987E-01
  0.11800000E+01  0.12800000E+01  0.21627618E-01
  0.11800000E+01  0.13000000E+01  0.22015105E-01
  0.11800000E+01  0.13200000E+01  0.22410460E-01
  0.11800000E+01  0.13400000E+01  0.22812205E-01
  0.11800000E+01  0.13600000E+01  0.23218252E-01
  0.11800000E+01  0.13800000E+01  0.23625754E-01
  0.11800000E+01  0.14000000E+01  0.24030921E-01
  0.11800000E+01  0.14200000E+01  0.24428776E-01
  0.11800000E+01  0.14400000E+01  0.24812841E-01
  0.11800000E+01  0.14600000E+01  0.25174709E-01
  0.11800000E+01  0.14800000E+01  0.25503460E-01
  0.11800000E+01  0.15000000E+01  0.25784819E-01
  0.11800000E+01  0.15200000E+01  0.25999905E-01
  0.11800000E+01  0.15400000E+01  0.26123265E-01
  0.11800000E+01  0.15600000E+01  0.26119567E-01
  0.11800000E+01  0.15800000E+01  0.25937521E-01
  0.11800000E+01  0.16000000E+01  0.25497208E-01
  0.11800000E+01  0.16200000E+01  0.24658306E-01
  0.11800000E+01  0.16400000E+01  0.23109683E-01
  0.11800000E+01  0.16600000E+01  0.19401045E-01
  0.11800000E+01  0.16800000E+01  0.17060627E-01
  0.11800000E+01  0.17000000E+01  0.17133737E-01
  0.11800000E+01  0.17200000E+01  0.17205080E-01
  0.11800000E+01  0.17400000E+01  0.17274892E-01
  0.11800000E+01  0.17600000E+01  0.17343423E-01
  0.11800000E+01  0.17800000E+01  0.17410935E-01
  0.11800000E+01  0.18000000E+01  0.17477703E-01
  0.11800000E+01  0.18200000E+01  0.17544014E-01
  0.11800000E+01  0.18400000E+01  0.17610167E-01
  0.11800000E+01  0.18600000E+01  0.17676472E-01
  0.11800000E+01  0.18800000E+01  0.17743251E-01
  0.11800000E+01  0.19000000E+01  0.17810834E-01
  0.11800000E+01  0.19200000E+01  0.17879560E-01
  0.11800000E+01  0.19400000E+01  0.17949774E-01
  0.11800000E+01  0.19600000E+01  0.18021829E-01
  0.11800000E+01  0.19800000E+01  0.18096080E-01
  0.11800000E+01  0.20000000E+01  0.18172883E-01
  0.12000000E+01  0.00000000E+00  0.64342985E-02
  0.12000000E+01  0.20000000E-01  0.66510644E-02
  0.12000000E+01  0.39999999E-01  0.68667476E-02
  0.12000000E+01  0.59999999E-01  0.70792148E-02
  0.12000000E+01  0.79999998E-01  0.72863303E-02
  0.12000000E+01  0.99999998E-01  0.74859791E-02
  0.12000000E+01  0.12000000E+00  0.76760934E-02
  0.12000000E+01  0.14000000E+00  0.78546853E-02
  0.12000000E+01  0.16000000E+00  0.80198858E-02
  0.12000000E+01  0.18000000E+00  0.81699909E-02
  0.12000000E+01  0.20000000E+00  0.83035185E-02
  0.12000000E+01  0.22000000E+00  0.84192763E-02
  0.12000000E+01  0.23999999E+00  0.85164469E-02
  0.12000000E+01  0.25999999E+00  0.85946944E-02
  0.12000000E+01  0.27999999E+00  0.86542997E-02
  0.12000000E+01  0.29999999E+00  0.86963394E-02
  0.12000000E+01  0.31999999E+00  0.87229282E-02
  0.12000000E+01  0.33999999E+00  0.87375616E-02
  0.12000000E+01  0.35999999E+00  0.87456296E-02
  0.12000000E+01  0.37999999E+00  0.87552389E-02
  0.12000000E+01  0.39999999E+00  0.87786301E-02
  0.12000000E+01  0.41999999E+00  0.88341314E-02
  0.12000000E+01  0.43999999E+00  0.89908811E-02
  0.12000000E+01  0.45999999E+00  0.93236384E-02
  0.12000000E+01  0.47999999E+00  0.96540395E-02
  0.12000000E+01  0.49999999E+00  0.99818174E-02
  0.12000000E+01  0.51999999E+00  0.10306737E-01
  0.12000000E+01  0.53999999E+00  0.10628595E-01
  0.12000000E+01  0.55999999E+00  0.10947224E-01
  0.12000000E+01  0.57999999E+00  0.11262490E-01
  0.12000000E+01  0.59999999E+00  0.11574292E-01
  0.12000000E+01  0.61999999E+00  0.11882570E-01
  0.12000000E+01  0.63999999E+00  0.12187296E-01
  0.12000000E+01  0.65999999E+00  0.12488485E-01
  0.12000000E+01  0.67999998E+00  0.12786188E-01
  0.12000000E+01  0.69999998E+00  0.13080496E-01
  0.12000000E+01  0.71999998E+00  0.13371542E-01
  0.12000000E+01  0.73999998E+00  0.13659501E-01
  0.12000000E+01  0.75999998E+00  0.13944588E-01
  0.12000000E+01  0.77999998E+00  0.14227065E-01
  0.12000000E+01  0.79999998E+00  0.14507233E-01
  0.12000000E+01  0.81999998E+00  0.14785440E-01
  0.12000000E+01  0.83999998E+00  0.15062076E-01
  0.12000000E+01  0.85999998E+00  0.15337577E-01
  0.12000000E+01  0.87999998E+00  0.15612420E-01
  0.12000000E+01  0.89999998E+00  0.15887124E-01
  0.12000000E+01  0.91999998E+00  0.16162251E-01
  0.12000000E+01  0.93999998E+00  0.16438400E-01
  0.12000000E+01  0.95999998E+00  0.16716208E-01
  0.12000000E+01  0.97999998E+00  0.16996343E-01
  0.12000000E+01  0.99999998E+00  0.17279503E-01
  0.12000000E+01  0.10200000E+01  0.17566410E-01
  0.12000000E+01  0.10400000E+01  0.17857798E-01
  0.12000000E+01  0.10600000E+01  0.18154416E-01
  0.12000000E+01  0.10800000E+01  0.18457004E-01
  0.12000000E+01  0.11000000E+01  0.18766295E-01
  0.12000000E+01  0.11200000E+01  0.19082987E-01
  0.12000000E+01  0.11400000E+01  0.19407737E-01
  0.12000000E+01  0.11600000E+01  0.19741131E-01
  0.12000000E+01  0.11800000E+01  0.20083665E-01
  0.12000000E+01  0.12000000E+01  0.20435712E-01
  0.12000000E+01  0.12200000E+01  0.20797485E-01
  0.12000000E+01  0.12400000E+01  0.21168995E-01
  0.12000000E+01  0.12600000E+01  0.21549996E-01
  0.12000000E+01  0.12800000E+01  0.21939925E-01
  0.12000000E+01  0.13000000E+01  0.22337819E-01
  0.12000000E+01  0.13200000E+01  0.22742225E-01
  0.12000000E+01  0.13400000E+01  0.23151076E-01
  0.12000000E+01  0.13600000E+01  0.23561547E-01
  0.12000000E+01  0.13800000E+01  0.23969864E-01
  0.12000000E+01  0.14000000E+01  0.24371065E-01
  0.12000000E+01  0.14200000E+01  0.24758680E-01
  0.12000000E+01  0.14400000E+01  0.25124306E-01
  0.12000000E+01  0.14600000E+01  0.25457017E-01
  0.12000000E+01  0.14800000E+01  0.25742521E-01
  0.12000000E+01  0.15000000E+01  0.25961910E-01
  0.12000000E+01  0.15200000E+01  0.26089688E-01
  0.12000000E+01  0.15400000E+01  0.26090456E-01
  0.12000000E+01  0.15600000E+01  0.25912830E-01
  0.12000000E+01  0.15800000E+01  0.25476757E-01
  0.12000000E+01  0.16000000E+01  0.24641715E-01
  0.12000000E+01  0.16200000E+01  0.23096248E-01
  0.12000000E+01  0.16400000E+01  0.19389333E-01
  0.12000000E+01  0.16600000E+01  0.17048197E-01
  0.12000000E+01  0.16800000E+01  0.17120473E-01
  0.12000000E+01  0.17000000E+01  0.17190910E-01
  0.12000000E+01  0.17200000E+01  0.17259761E-01
  0.12000000E+01  0.17400000E+01  0.17327288E-01
  0.12000000E+01  0.17600000E+01  0.17393771E-01
  0.12000000E+01  0.17800000E+01  0.17459500E-01
  0.12000000E+01  0.18000000E+01  0.17524780E-01
  0.12000000E+01  0.18200000E+01  0.17589925E-01
  0.12000000E+01  0.18400000E+01  0.17655264E-01
  0.12000000E+01  0.18600000E+01  0.17721135E-01
  0.12000000E+01  0.18800000E+01  0.17787886E-01
  0.12000000E+01  0.19000000E+01  0.17855872E-01
  0.12000000E+01  0.19200000E+01  0.17925458E-01
  0.12000000E+01  0.19400000E+01  0.17997012E-01
  0.12000000E+01  0.19600000E+01  0.18070905E-01
  0.12000000E+01  0.19800000E+01  0.18147511E-01
  0.12000000E+01  0.20000000E+01  0.18227201E-01
  0.12200000E+01  0.00000000E+00  0.66415003E-02
  0.12200000E+01  0.20000000E-01  0.68334581E-02
  0.12200000E+01  0.39999999E-01  0.70228942E-02
  0.12200000E+01  0.59999999E-01  0.72077052E-02
  0.12200000E+01  0.79999998E-01  0.73858109E-02
  0.12200000E+01  0.99999998E-01  0.75551827E-02
  0.12200000E+01  0.12000000E+00  0.77138763E-02
  0.12200000E+01  0.14000000E+00  0.78600719E-02
  0.12200000E+01  0.16000000E+00  0.79921226E-02
  0.12200000E+01  0.18000000E+00  0.81086117E-02
  0.12200000E+01  0.20000000E+00  0.82084242E-02
  0.12200000E+01  0.22000000E+00  0.82908346E-02
  0.12200000E+01  0.23999999E+00  0.83556173E-02
  0.12200000E+01  0.25999999E+00  0.84031887E-02
  0.12200000E+01  0.27999999E+00  0.84347950E-02
  0.12200000E+01  0.29999999E+00  0.84527697E-02
  0.12200000E+01  0.31999999E+00  0.84609024E-02
  0.12200000E+01  0.33999999E+00  0.84650041E-02
  0.12200000E+01  0.35999999E+00  0.84738455E-02
  0.12200000E+01  0.37999999E+00  0.85009090E-02
  0.12200000E+01  0.39999999E+00  0.85679299E-02
  0.12200000E+01  0.41999999E+00  0.87516783E-02
  0.12200000E+01  0.43999999E+00  0.90874145E-02
  0.12200000E+01  0.45999999E+00  0.94210914E-02
  0.12200000E+01  0.47999999E+00  0.97524128E-02
  0.12200000E+01  0.49999999E+00  0.10081115E-01
  0.12200000E+01  0.51999999E+00  0.10406968E-01
  0.12200000E+01  0.53999999E+00  0.10729776E-01
  0.12200000E+01  0.55999999E+00  0.11049377E-01
  0.12200000E+01  0.57999999E+00  0.11365647E-01
  0.12200000E+01  0.59999999E+00  0.11678497E-01
  0.12200000E+01  0.61999999E+00  0.11987878E-01
  0.12200000E+01  0.63999999E+00  0.12293779E-01
  0.12200000E+01  0.65999999E+00  0.12596227E-01
  0.12200000E+01  0.67999998E+00  0.12895294E-01
  0.12200000E+01  0.69999998E+00  0.13191090E-01
  0.12200000E+01  0.71999998E+00  0.13483771E-01
  0.12200000E+01  0.73999998E+00  0.13773534E-01
  0.12200000E+01  0.75999998E+00  0.14060622E-01
  0.12200000E+01  0.77999998E+00  0.14345323E-01
  0.12200000E+01  0.79999998E+00  0.14627967E-01
  0.12200000E+01  0.81999998E+00  0.14908935E-01
  0.12200000E+01  0.83999998E+00  0.15188648E-01
  0.12200000E+01  0.85999998E+00  0.15467576E-01
  0.12200000E+01  0.87999998E+00  0.15746230E-01
  0.12200000E+01  0.89999998E+00  0.16025165E-01
  0.12200000E+01  0.91999998E+00  0.16304977E-01
  0.12200000E+01  0.93999998E+00  0.16586300E-01
  0.12200000E+01  0.95999998E+00  0.16869802E-01
  0.12200000E+01  0.97999998E+00  0.17156183E-01
  0.12200000E+01  0.99999998E+00  0.17446168E-01
  0.12200000E+01  0.10200000E+01  0.17740500E-01
  0.12200000E+01  0.10400000E+01  0.18039932E-01
  0.12200000E+01  0.10600000E+01  0.18345217E-01
  0.12200000E+01  0.10800000E+01  0.18657098E-01
  0.12200000E+01  0.11000000E+01  0.18976290E-01
  0.12200000E+01  0.11200000E+01  0.19303463E-01
  0.12200000E+01  0.11400000E+01  0.19639223E-01
  0.12200000E+01  0.11600000E+01  0.19984084E-01
  0.12200000E+01  0.11800000E+01  0.20338441E-01
  0.12200000E+01  0.12000000E+01  0.20702529E-01
  0.12200000E+01  0.12200000E+01  0.21076381E-01
  0.12200000E+01  0.12400000E+01  0.21459779E-01
  0.12200000E+01  0.12600000E+01  0.21852181E-01
  0.12200000E+01  0.12800000E+01  0.22252651E-01
  0.12200000E+01  0.13000000E+01  0.22659761E-01
  0.12200000E+01  0.13200000E+01  0.23071466E-01
  0.12200000E+01  0.13400000E+01  0.23484966E-01
  0.12200000E+01  0.13600000E+01  0.23896507E-01
  0.12200000E+01  0.13800000E+01  0.24301146E-01
  0.12200000E+01  0.14000000E+01  0.24692427E-01
  0.12200000E+01  0.14200000E+01  0.25061957E-01
  0.12200000E+01  0.14400000E+01  0.25398817E-01
  0.12200000E+01  0.14600000E+01  0.25688715E-01
  0.12200000E+01  0.14800000E+01  0.25912734E-01
  0.12200000E+01  0.15000000E+01  0.26045362E-01
  0.12200000E+01  0.15200000E+01  0.26051174E-01
  0.12200000E+01  0.15400000E+01  0.25878750E-01
  0.12200000E+01  0.15600000E+01  0.25447999E-01
  0.12200000E+01  0.15800000E+01  0.24618361E-01
  0.12200000E+01  0.16000000E+01  0.23078428E-01
  0.12200000E+01  0.16200000E+01  0.19378188E-01
  0.12200000E+01  0.16400000E+01  0.17039604E-01
  0.12200000E+01  0.16600000E+01  0.17111389E-01
  0.12200000E+01  0.16800000E+01  0.17181251E-01
  0.12200000E+01  0.17000000E+01  0.17249456E-01
  0.12200000E+01  0.17200000E+01  0.17316283E-01
  0.12200000E+01  0.17400000E+01  0.17382024E-01
  0.12200000E+01  0.17600000E+01  0.17446986E-01
  0.12200000E+01  0.17800000E+01  0.17511488E-01
  0.12200000E+01  0.18000000E+01  0.17575863E-01
  0.12200000E+01  0.18200000E+01  0.17640455E-01
  0.12200000E+01  0.18400000E+01  0.17705619E-01
  0.12200000E+01  0.18600000E+01  0.17771720E-01
  0.12200000E+01  0.18800000E+01  0.17839130E-01
  0.12200000E+01  0.19000000E+01  0.17908230E-01
  0.12200000E+01  0.19200000E+01  0.17979405E-01
  0.12200000E+01  0.19400000E+01  0.18053044E-01
  0.12200000E+01  0.19600000E+01  0.18129534E-01
  0.12200000E+01  0.19800000E+01  0.18209263E-01
  0.12200000E+01  0.20000000E+01  0.18292615E-01
  0.12400000E+01  0.00000000E+00  0.68352306E-02
  0.12400000E+01  0.20000000E-01  0.70003953E-02
  0.12400000E+01  0.39999999E-01  0.71616227E-02
  0.12400000E+01  0.59999999E-01  0.73168687E-02
  0.12400000E+01  0.79999998E-01  0.74641442E-02
  0.12400000E+01  0.99999998E-01  0.76015490E-02
  0.12400000E+01  0.12000000E+00  0.77273133E-02
  0.12400000E+01  0.14000000E+00  0.78398465E-02
  0.12400000E+01  0.16000000E+00  0.79377974E-02
  0.12400000E+01  0.18000000E+00  0.80201270E-02
  0.12400000E+01  0.20000000E+00  0.80861994E-02
  0.12400000E+01  0.22000000E+00  0.81358962E-02
  0.12400000E+01  0.23999999E+00  0.81697641E-02
  0.12400000E+01  0.25999999E+00  0.81892111E-02
  0.12400000E+01  0.27999999E+00  0.81967775E-02
  0.12400000E+01  0.29999999E+00  0.81965282E-02
  0.12400000E+01  0.31999999E+00  0.81946631E-02
  0.12400000E+01  0.33999999E+00  0.82005582E-02
  0.12400000E+01  0.35999999E+00  0.82288106E-02
  0.12400000E+01  0.37999999E+00  0.83041530E-02
  0.12400000E+01  0.39999999E+00  0.85101886E-02
  0.12400000E+01  0.41999999E+00  0.88483099E-02
  0.12400000E+01  0.43999999E+00  0.91846856E-02
  0.12400000E+01  0.45999999E+00  0.95189911E-02
  0.12400000E+01  0.47999999E+00  0.98509343E-02
  0.12400000E+01  0.49999999E+00  0.10180257E-01
  0.12400000E+01  0.51999999E+00  0.10506737E-01
  0.12400000E+01  0.53999999E+00  0.10830185E-01
  0.12400000E+01  0.55999999E+00  0.11150452E-01
  0.12400000E+01  0.57999999E+00  0.11467423E-01
  0.12400000E+01  0.59999999E+00  0.11781024E-01
  0.12400000E+01  0.61999999E+00  0.12091220E-01
  0.12400000E+01  0.63999999E+00  0.12398017E-01
  0.12400000E+01  0.65999999E+00  0.12701464E-01
  0.12400000E+01  0.67999998E+00  0.13001650E-01
  0.12400000E+01  0.69999998E+00  0.13298711E-01
  0.12400000E+01  0.71999998E+00  0.13592827E-01
  0.12400000E+01  0.73999998E+00  0.13884222E-01
  0.12400000E+01  0.75999998E+00  0.14173168E-01
  0.12400000E+01  0.77999998E+00  0.14459983E-01
  0.12400000E+01  0.79999998E+00  0.14745032E-01
  0.12400000E+01  0.81999998E+00  0.15028726E-01
  0.12400000E+01  0.83999998E+00  0.15311524E-01
  0.12400000E+01  0.85999998E+00  0.15593930E-01
  0.12400000E+01  0.87999998E+00  0.15876492E-01
  0.12400000E+01  0.89999998E+00  0.16159801E-01
  0.12400000E+01  0.91999998E+00  0.16444490E-01
  0.12400000E+01  0.93999998E+00  0.16731225E-01
  0.12400000E+01  0.95999998E+00  0.17020708E-01
  0.12400000E+01  0.97999998E+00  0.17313666E-01
  0.12400000E+01  0.99999998E+00  0.17610849E-01
  0.12400000E+01  0.10200000E+01  0.17913016E-01
  0.12400000E+01  0.10400000E+01  0.18220930E-01
  0.12400000E+01  0.10600000E+01  0.18535345E-01
  0.12400000E+01  0.10800000E+01  0.18856990E-01
  0.12400000E+01  0.11000000E+01  0.19186549E-01
  0.12400000E+01  0.11200000E+01  0.19524647E-01
  0.12400000E+01  0.11400000E+01  0.19871815E-01
  0.12400000E+01  0.11600000E+01  0.20228469E-01
  0.12400000E+01  0.11800000E+01  0.20594865E-01
  0.12400000E+01  0.12000000E+01  0.20971061E-01
  0.12400000E+01  0.12200000E+01  0.21356861E-01
  0.12400000E+01  0.12400000E+01  0.21751749E-01
  0.12400000E+01  0.12600000E+01  0.22154815E-01
  0.12400000E+01  0.12800000E+01  0.22564654E-01
  0.12400000E+01  0.13000000E+01  0.22979250E-01
  0.12400000E+01  0.13200000E+01  0.23395825E-01
  0.12400000E+01  0.13400000E+01  0.23810650E-01
  0.12400000E+01  0.13600000E+01  0.24218804E-01
  0.12400000E+01  0.13800000E+01  0.24613853E-01
  0.12400000E+01  0.14000000E+01  0.24987423E-01
  0.12400000E+01  0.14200000E+01  0.25328610E-01
  0.12400000E+01  0.14400000E+01  0.25623137E-01
  0.12400000E+01  0.14600000E+01  0.25852097E-01
  0.12400000E+01  0.14800000E+01  0.25989990E-01
  0.12400000E+01  0.15000000E+01  0.26001404E-01
  0.12400000E+01  0.15200000E+01  0.25834941E-01
  0.12400000E+01  0.15400000E+01  0.25410558E-01
  0.12400000E+01  0.15600000E+01  0.24587823E-01
  0.12400000E+01  0.15800000E+01  0.23055735E-01
  0.12400000E+01  0.16000000E+01  0.19366985E-01
  0.12400000E+01  0.16200000E+01  0.17034141E-01
  0.12400000E+01  0.16400000E+01  0.17105786E-01
  0.12400000E+01  0.16600000E+01  0.17175414E-01
  0.12400000E+01  0.16800000E+01  0.17243302E-01
  0.12400000E+01  0.17000000E+01  0.17309742E-01
  0.12400000E+01  0.17200000E+01  0.17375041E-01
  0.12400000E+01  0.17400000E+01  0.17439520E-01
  0.12400000E+01  0.17600000E+01  0.17503515E-01
  0.12400000E+01  0.17800000E+01  0.17567373E-01
  0.12400000E+01  0.18000000E+01  0.17631454E-01
  0.12400000E+01  0.18200000E+01  0.17696129E-01
  0.12400000E+01  0.18400000E+01  0.17761779E-01
  0.12400000E+01  0.18600000E+01  0.17828794E-01
  0.12400000E+01  0.18800000E+01  0.17897570E-01
  0.12400000E+01  0.19000000E+01  0.17968508E-01
  0.12400000E+01  0.19200000E+01  0.18042012E-01
  0.12400000E+01  0.19400000E+01  0.18118488E-01
  0.12400000E+01  0.19600000E+01  0.18198337E-01
  0.12400000E+01  0.19800000E+01  0.18281956E-01
  0.12400000E+01  0.20000000E+01  0.18369734E-01
  0.12600000E+01  0.00000000E+00  0.70125237E-02
  0.12600000E+01  0.20000000E-01  0.71488994E-02
  0.12600000E+01  0.39999999E-01  0.72799774E-02
  0.12600000E+01  0.59999999E-01  0.74038089E-02
  0.12600000E+01  0.79999998E-01  0.75185387E-02
  0.12600000E+01  0.99999998E-01  0.76224468E-02
  0.12600000E+01  0.12000000E+00  0.77139997E-02
  0.12600000E+01  0.14000000E+00  0.77919107E-02
  0.12600000E+01  0.16000000E+00  0.78552162E-02
  0.12600000E+01  0.18000000E+00  0.79033680E-02
  0.12600000E+01  0.20000000E+00  0.79363520E-02
  0.12600000E+01  0.22000000E+00  0.79548406E-02
  0.12600000E+01  0.23999999E+00  0.79603963E-02
  0.12600000E+01  0.25999999E+00  0.79557550E-02
  0.12600000E+01  0.27999999E+00  0.79452388E-02
  0.12600000E+01  0.29999999E+00  0.79354065E-02
  0.12600000E+01  0.31999999E+00  0.79361831E-02
  0.12600000E+01  0.33999999E+00  0.79631581E-02
  0.12600000E+01  0.35999999E+00  0.80436658E-02
  0.12600000E+01  0.37999999E+00  0.82673734E-02
  0.12600000E+01  0.39999999E+00  0.86072771E-02
  0.12600000E+01  0.41999999E+00  0.89457649E-02
  0.12600000E+01  0.43999999E+00  0.92824833E-02
  0.12600000E+01  0.45999999E+00  0.96171126E-02
  0.12600000E+01  0.47999999E+00  0.99493670E-02
  0.12600000E+01  0.49999999E+00  0.10278996E-01
  0.12600000E+01  0.51999999E+00  0.10605786E-01
  0.12600000E+01  0.53999999E+00  0.10929561E-01
  0.12600000E+01  0.55999999E+00  0.11250180E-01
  0.12600000E+01  0.57999999E+00  0.11567546E-01
  0.12600000E+01  0.59999999E+00  0.11881601E-01
  0.12600000E+01  0.61999999E+00  0.12192327E-01
  0.12600000E+01  0.63999999E+00  0.12499751E-01
  0.12600000E+01  0.65999999E+00  0.12803942E-01
  0.12600000E+01  0.67999998E+00  0.13105017E-01
  0.12600000E+01  0.69999998E+00  0.13403135E-01
  0.12600000E+01  0.71999998E+00  0.13698505E-01
  0.12600000E+01  0.73999998E+00  0.13991382E-01
  0.12600000E+01  0.75999998E+00  0.14282070E-01
  0.12600000E+01  0.77999998E+00  0.14570920E-01
  0.12600000E+01  0.79999998E+00  0.14858332E-01
  0.12600000E+01  0.81999998E+00  0.15144754E-01
  0.12600000E+01  0.83999998E+00  0.15430683E-01
  0.12600000E+01  0.85999998E+00  0.15716660E-01
  0.12600000E+01  0.87999998E+00  0.16003271E-01
  0.12600000E+01  0.89999998E+00  0.16291145E-01
  0.12600000E+01  0.91999998E+00  0.16580948E-01
  0.12600000E+01  0.93999998E+00  0.16873382E-01
  0.12600000E+01  0.95999998E+00  0.17169178E-01
  0.12600000E+01  0.97999998E+00  0.17469088E-01
  0.12600000E+01  0.99999998E+00  0.17773880E-01
  0.12600000E+01  0.10200000E+01  0.18084327E-01
  0.12600000E+01  0.10400000E+01  0.18401191E-01
  0.12600000E+01  0.10600000E+01  0.18725213E-01
  0.12600000E+01  0.10800000E+01  0.19057095E-01
  0.12600000E+01  0.11000000E+01  0.19397475E-01
  0.12600000E+01  0.11200000E+01  0.19746905E-01
  0.12600000E+01  0.11400000E+01  0.20105818E-01
  0.12600000E+01  0.11600000E+01  0.20474493E-01
  0.12600000E+01  0.11800000E+01  0.20853010E-01
  0.12600000E+01  0.12000000E+01  0.21241197E-01
  0.12600000E+01  0.12200000E+01  0.21638564E-01
  0.12600000E+01  0.12400000E+01  0.22044225E-01
  0.12600000E+01  0.12600000E+01  0.22456803E-01
  0.12600000E+01  0.12800000E+01  0.22874307E-01
  0.12600000E+01  0.13000000E+01  0.23293986E-01
  0.12600000E+01  0.13200000E+01  0.23712140E-01
  0.12600000E+01  0.13400000E+01  0.24123874E-01
  0.12600000E+01  0.13600000E+01  0.24522779E-01
  0.12600000E+01  0.13800000E+01  0.24900508E-01
  0.12600000E+01  0.14000000E+01  0.25246184E-01
  0.12600000E+01  0.14200000E+01  0.25545558E-01
  0.12600000E+01  0.14400000E+01  0.25779754E-01
  0.12600000E+01  0.14600000E+01  0.25923307E-01
  0.12600000E+01  0.14800000E+01  0.25940858E-01
  0.12600000E+01  0.15000000E+01  0.25781086E-01
  0.12600000E+01  0.15200000E+01  0.25364082E-01
  0.12600000E+01  0.15400000E+01  0.24549701E-01
  0.12600000E+01  0.15600000E+01  0.23027695E-01
  0.12600000E+01  0.15800000E+01  0.19355101E-01
  0.12600000E+01  0.16000000E+01  0.17031096E-01
  0.12600000E+01  0.16200000E+01  0.17102961E-01
  0.12600000E+01  0.16400000E+01  0.17172702E-01
  0.12600000E+01  0.16600000E+01  0.17240609E-01
  0.12600000E+01  0.16800000E+01  0.17306986E-01
  0.12600000E+01  0.17000000E+01  0.17372154E-01
  0.12600000E+01  0.17200000E+01  0.17436449E-01
  0.12600000E+01  0.17400000E+01  0.17500218E-01
  0.12600000E+01  0.17600000E+01  0.17563825E-01
  0.12600000E+01  0.17800000E+01  0.17627646E-01
  0.12600000E+01  0.18000000E+01  0.17692065E-01
  0.12600000E+01  0.18200000E+01  0.17757481E-01
  0.12600000E+01  0.18400000E+01  0.17824297E-01
  0.12600000E+01  0.18600000E+01  0.17892927E-01
  0.12600000E+01  0.18800000E+01  0.17963788E-01
  0.12600000E+01  0.19000000E+01  0.18037298E-01
  0.12600000E+01  0.19200000E+01  0.18113878E-01
  0.12600000E+01  0.19400000E+01  0.18193945E-01
  0.12600000E+01  0.19600000E+01  0.18277909E-01
  0.12600000E+01  0.19800000E+01  0.18366174E-01
  0.12600000E+01  0.20000000E+01  0.18459127E-01
  0.12800000E+01  0.00000000E+00  0.71702230E-02
  0.12800000E+01  0.20000000E-01  0.72758339E-02
  0.12800000E+01  0.39999999E-01  0.73748809E-02
  0.12800000E+01  0.59999999E-01  0.74655545E-02
  0.12800000E+01  0.79999998E-01  0.75461852E-02
  0.12800000E+01  0.99999998E-01  0.76152963E-02
  0.12800000E+01  0.12000000E+00  0.76716662E-02
  0.12800000E+01  0.14000000E+00  0.77144054E-02
  0.12800000E+01  0.16000000E+00  0.77430522E-02
  0.12800000E+01  0.18000000E+00  0.77576943E-02
  0.12800000E+01  0.20000000E+00  0.77591254E-02
  0.12800000E+01  0.22000000E+00  0.77490565E-02
  0.12800000E+01  0.23999999E+00  0.77304085E-02
  0.12800000E+01  0.25999999E+00  0.77077442E-02
  0.12800000E+01  0.27999999E+00  0.76879528E-02
  0.12800000E+01  0.29999999E+00  0.76814561E-02
  0.12800000E+01  0.31999999E+00  0.77047189E-02
  0.12800000E+01  0.33999999E+00  0.77872992E-02
  0.12800000E+01  0.35999999E+00  0.80241964E-02
  0.12800000E+01  0.37999999E+00  0.83652741E-02
  0.12800000E+01  0.39999999E+00  0.87052799E-02
  0.12800000E+01  0.41999999E+00  0.90438320E-02
  0.12800000E+01  0.43999999E+00  0.93805826E-02
  0.12800000E+01  0.45999999E+00  0.97152187E-02
  0.12800000E+01  0.47999999E+00  0.10047463E-01
  0.12800000E+01  0.49999999E+00  0.10377075E-01
  0.12800000E+01  0.51999999E+00  0.10703853E-01
  0.12800000E+01  0.53999999E+00  0.11027634E-01
  0.12800000E+01  0.55999999E+00  0.11348293E-01
  0.12800000E+01  0.57999999E+00  0.11665749E-01
  0.12800000E+01  0.59999999E+00  0.11979963E-01
  0.12800000E+01  0.61999999E+00  0.12290940E-01
  0.12800000E+01  0.63999999E+00  0.12598729E-01
  0.12800000E+01  0.65999999E+00  0.12903426E-01
  0.12800000E+01  0.67999998E+00  0.13205173E-01
  0.12800000E+01  0.69999998E+00  0.13504160E-01
  0.12800000E+01  0.71999998E+00  0.13800627E-01
  0.12800000E+01  0.73999998E+00  0.14094863E-01
  0.12800000E+01  0.75999998E+00  0.14387207E-01
  0.12800000E+01  0.77999998E+00  0.14678046E-01
  0.12800000E+01  0.79999998E+00  0.14967819E-01
  0.12800000E+01  0.81999998E+00  0.15257012E-01
  0.12800000E+01  0.83999998E+00  0.15546161E-01
  0.12800000E+01  0.85999998E+00  0.15835848E-01
  0.12800000E+01  0.87999998E+00  0.16126695E-01
  0.12800000E+01  0.89999998E+00  0.16419370E-01
  0.12800000E+01  0.91999998E+00  0.16714574E-01
  0.12800000E+01  0.93999998E+00  0.17013040E-01
  0.12800000E+01  0.95999998E+00  0.17315526E-01
  0.12800000E+01  0.97999998E+00  0.17622804E-01
  0.12800000E+01  0.99999998E+00  0.17935655E-01
  0.12800000E+01  0.10200000E+01  0.18254853E-01
  0.12800000E+01  0.10400000E+01  0.18581151E-01
  0.12800000E+01  0.10600000E+01  0.18915263E-01
  0.12800000E+01  0.10800000E+01  0.19257843E-01
  0.12800000E+01  0.11000000E+01  0.19609462E-01
  0.12800000E+01  0.11200000E+01  0.19970572E-01
  0.12800000E+01  0.11400000E+01  0.20341472E-01
  0.12800000E+01  0.11600000E+01  0.20722265E-01
  0.12800000E+01  0.11800000E+01  0.21112801E-01
  0.12800000E+01  0.12000000E+01  0.21512617E-01
  0.12800000E+01  0.12200000E+01  0.21920853E-01
  0.12800000E+01  0.12400000E+01  0.22336157E-01
  0.12800000E+01  0.12600000E+01  0.22756569E-01
  0.12800000E+01  0.12800000E+01  0.23179365E-01
  0.12800000E+01  0.13000000E+01  0.23600875E-01
  0.12800000E+01  0.13200000E+01  0.24016234E-01
  0.12800000E+01  0.13400000E+01  0.24419067E-01
  0.12800000E+01  0.13600000E+01  0.24801059E-01
  0.12800000E+01  0.13800000E+01  0.25151369E-01
  0.12800000E+01  0.14000000E+01  0.25455790E-01
  0.12800000E+01  0.14200000E+01  0.25695496E-01
  0.12800000E+01  0.14400000E+01  0.25845085E-01
  0.12800000E+01  0.14600000E+01  0.25869282E-01
  0.12800000E+01  0.14800000E+01  0.25716897E-01
  0.12800000E+01  0.15000000E+01  0.25308246E-01
  0.12800000E+01  0.15200000E+01  0.24503614E-01
  0.12800000E+01  0.15400000E+01  0.22993852E-01
  0.12800000E+01  0.15600000E+01  0.19341919E-01
  0.12800000E+01  0.15800000E+01  0.17029761E-01
  0.12800000E+01  0.16000000E+01  0.17102207E-01
  0.12800000E+01  0.16200000E+01  0.17172414E-01
  0.12800000E+01  0.16400000E+01  0.17240683E-01
  0.12800000E+01  0.16600000E+01  0.17307329E-01
  0.12800000E+01  0.16800000E+01  0.17372687E-01
  0.12800000E+01  0.17000000E+01  0.17437103E-01
  0.12800000E+01  0.17200000E+01  0.17500941E-01
  0.12800000E+01  0.17400000E+01  0.17564576E-01
  0.12800000E+01  0.17600000E+01  0.17628399E-01
  0.12800000E+01  0.17800000E+01  0.17692810E-01
  0.12800000E+01  0.18000000E+01  0.17758221E-01
  0.12800000E+01  0.18200000E+01  0.17825053E-01
  0.12800000E+01  0.18400000E+01  0.17893731E-01
  0.12800000E+01  0.18600000E+01  0.17964690E-01
  0.12800000E+01  0.18800000E+01  0.18038362E-01
  0.12800000E+01  0.19000000E+01  0.18115183E-01
  0.12800000E+01  0.19200000E+01  0.18195584E-01
  0.12800000E+01  0.19400000E+01  0.18279990E-01
  0.12800000E+01  0.19600000E+01  0.18368816E-01
  0.12800000E+01  0.19800000E+01  0.18462464E-01
  0.12800000E+01  0.20000000E+01  0.18561316E-01
  0.13000000E+01  0.00000000E+00  0.73050024E-02
  0.13000000E+01  0.20000000E-01  0.73779323E-02
  0.13000000E+01  0.39999999E-01  0.74431745E-02
  0.13000000E+01  0.59999999E-01  0.74991110E-02
  0.13000000E+01  0.79999998E-01  0.75443223E-02
  0.13000000E+01  0.99999998E-01  0.75776518E-02
  0.13000000E+01  0.12000000E+00  0.75982838E-02
  0.13000000E+01  0.14000000E+00  0.76058423E-02
  0.13000000E+01  0.16000000E+00  0.76005144E-02
  0.13000000E+01  0.18000000E+00  0.75832121E-02
  0.13000000E+01  0.20000000E+00  0.75557887E-02
  0.13000000E+01  0.22000000E+00  0.75213413E-02
  0.13000000E+01  0.23999999E+00  0.74846585E-02
  0.13000000E+01  0.25999999E+00  0.74529339E-02
  0.13000000E+01  0.27999999E+00  0.74370368E-02
  0.13000000E+01  0.29999999E+00  0.74541992E-02
  0.13000000E+01  0.31999999E+00  0.75358451E-02
  0.13000000E+01  0.33999999E+00  0.77816199E-02
  0.13000000E+01  0.35999999E+00  0.81232602E-02
  0.13000000E+01  0.37999999E+00  0.84641857E-02
  0.13000000E+01  0.39999999E+00  0.88039865E-02
  0.13000000E+01  0.41999999E+00  0.91422869E-02
  0.13000000E+01  0.43999999E+00  0.94787466E-02
  0.13000000E+01  0.45999999E+00  0.98130619E-02
  0.13000000E+01  0.47999999E+00  0.10144966E-01
  0.13000000E+01  0.49999999E+00  0.10474232E-01
  0.13000000E+01  0.51999999E+00  0.10800671E-01
  0.13000000E+01  0.53999999E+00  0.11124135E-01
  0.13000000E+01  0.55999999E+00  0.11444521E-01
  0.13000000E+01  0.57999999E+00  0.11761766E-01
  0.13000000E+01  0.59999999E+00  0.12075854E-01
  0.13000000E+01  0.61999999E+00  0.12386813E-01
  0.13000000E+01  0.63999999E+00  0.12694720E-01
  0.13000000E+01  0.65999999E+00  0.12999698E-01
  0.13000000E+01  0.67999998E+00  0.13301922E-01
  0.13000000E+01  0.69999998E+00  0.13601614E-01
  0.13000000E+01  0.71999998E+00  0.13899049E-01
  0.13000000E+01  0.73999998E+00  0.14194553E-01
  0.13000000E+01  0.75999998E+00  0.14488501E-01
  0.13000000E+01  0.77999998E+00  0.14781322E-01
  0.13000000E+01  0.79999998E+00  0.15073494E-01
  0.13000000E+01  0.81999998E+00  0.15365544E-01
  0.13000000E+01  0.83999998E+00  0.15658050E-01
  0.13000000E+01  0.85999998E+00  0.15951632E-01
  0.13000000E+01  0.87999998E+00  0.16246953E-01
  0.13000000E+01  0.89999998E+00  0.16544716E-01
  0.13000000E+01  0.91999998E+00  0.16845656E-01
  0.13000000E+01  0.93999998E+00  0.17150534E-01
  0.13000000E+01  0.95999998E+00  0.17460129E-01
  0.13000000E+01  0.97999998E+00  0.17775229E-01
  0.13000000E+01  0.99999998E+00  0.18096617E-01
  0.13000000E+01  0.10200000E+01  0.18425057E-01
  0.13000000E+01  0.10400000E+01  0.18761279E-01
  0.13000000E+01  0.10600000E+01  0.19105951E-01
  0.13000000E+01  0.10800000E+01  0.19459659E-01
  0.13000000E+01  0.11000000E+01  0.19822876E-01
  0.13000000E+01  0.11200000E+01  0.20195922E-01
  0.13000000E+01  0.11400000E+01  0.20578920E-01
  0.13000000E+01  0.11600000E+01  0.20971745E-01
  0.13000000E+01  0.11800000E+01  0.21373957E-01
  0.13000000E+01  0.12000000E+01  0.21784725E-01
  0.13000000E+01  0.12200000E+01  0.22202724E-01
  0.13000000E+01  0.12400000E+01  0.22626022E-01
  0.13000000E+01  0.12600000E+01  0.23051928E-01
  0.13000000E+01  0.12800000E+01  0.23476802E-01
  0.13000000E+01  0.13000000E+01  0.23895815E-01
  0.13000000E+01  0.13200000E+01  0.24302627E-01
  0.13000000E+01  0.13400000E+01  0.24688967E-01
  0.13000000E+01  0.13600000E+01  0.25044039E-01
  0.13000000E+01  0.13800000E+01  0.25353688E-01
  0.13000000E+01  0.14000000E+01  0.25599157E-01
  0.13000000E+01  0.14200000E+01  0.25755129E-01
  0.13000000E+01  0.14400000E+01  0.25786452E-01
  0.13000000E+01  0.14600000E+01  0.25642120E-01
  0.13000000E+01  0.14800000E+01  0.25242749E-01
  0.13000000E+01  0.15000000E+01  0.24449208E-01
  0.13000000E+01  0.15200000E+01  0.22953766E-01
  0.13000000E+01  0.15400000E+01  0.19326836E-01
  0.13000000E+01  0.15600000E+01  0.17029430E-01
  0.13000000E+01  0.15800000E+01  0.17102821E-01
  0.13000000E+01  0.16000000E+01  0.17173850E-01
  0.13000000E+01  0.16200000E+01  0.17242827E-01
  0.13000000E+01  0.16400000E+01  0.17310080E-01
  0.13000000E+01  0.16600000E+01  0.17375953E-01
  0.13000000E+01  0.16800000E+01  0.17440807E-01
  0.13000000E+01  0.17000000E+01  0.17505015E-01
  0.13000000E+01  0.17200000E+01  0.17568967E-01
  0.13000000E+01  0.17400000E+01  0.17633067E-01
  0.13000000E+01  0.17600000E+01  0.17697730E-01
  0.13000000E+01  0.17800000E+01  0.17763380E-01
  0.13000000E+01  0.18000000E+01  0.17830452E-01
  0.13000000E+01  0.18200000E+01  0.17899389E-01
  0.13000000E+01  0.18400000E+01  0.17970636E-01
  0.13000000E+01  0.18600000E+01  0.18044643E-01
  0.13000000E+01  0.18800000E+01  0.18121858E-01
  0.13000000E+01  0.19000000E+01  0.18202726E-01
  0.13000000E+01  0.19200000E+01  0.18287686E-01
  0.13000000E+01  0.19400000E+01  0.18377167E-01
  0.13000000E+01  0.19600000E+01  0.18471581E-01
  0.13000000E+01  0.19800000E+01  0.18571323E-01
  0.13000000E+01  0.20000000E+01  0.18676764E-01
  0.13200000E+01  0.00000000E+00  0.74133977E-02
  0.13200000E+01  0.20000000E-01  0.74518403E-02
  0.13200000E+01  0.39999999E-01  0.74816714E-02
  0.13200000E+01  0.59999999E-01  0.75015295E-02
  0.13200000E+01  0.79999998E-01  0.75103231E-02
  0.13200000E+01  0.99999998E-01  0.75073108E-02
  0.13200000E+01  0.12000000E+00  0.74922011E-02
  0.13200000E+01  0.14000000E+00  0.74652796E-02
  0.13200000E+01  0.16000000E+00  0.74275737E-02
  0.13200000E+01  0.18000000E+00  0.73810745E-02
  0.13200000E+01  0.20000000E+00  0.73290475E-02
  0.13200000E+01  0.22000000E+00  0.72764937E-02
  0.13200000E+01  0.23999999E+00  0.72308880E-02
  0.13200000E+01  0.25999999E+00  0.72035031E-02
  0.13200000E+01  0.27999999E+00  0.72122381E-02
  0.13200000E+01  0.29999999E+00  0.72900513E-02
  0.13200000E+01  0.31999999E+00  0.75406018E-02
  0.13200000E+01  0.33999999E+00  0.78821925E-02
  0.13200000E+01  0.35999999E+00  0.82234378E-02
  0.13200000E+01  0.37999999E+00  0.85638993E-02
  0.13200000E+01  0.39999999E+00  0.89031736E-02
  0.13200000E+01  0.41999999E+00  0.92408935E-02
  0.13200000E+01  0.43999999E+00  0.95767286E-02
  0.13200000E+01  0.45999999E+00  0.99103865E-02
  0.13200000E+01  0.47999999E+00  0.10241614E-01
  0.13200000E+01  0.49999999E+00  0.10570199E-01
  0.13200000E+01  0.51999999E+00  0.10895970E-01
  0.13200000E+01  0.53999999E+00  0.11218799E-01
  0.13200000E+01  0.55999999E+00  0.11538602E-01
  0.13200000E+01  0.57999999E+00  0.11855342E-01
  0.13200000E+01  0.59999999E+00  0.12169026E-01
  0.13200000E+01  0.61999999E+00  0.12479713E-01
  0.13200000E+01  0.63999999E+00  0.12787507E-01
  0.13200000E+01  0.65999999E+00  0.13092565E-01
  0.13200000E+01  0.67999998E+00  0.13395096E-01
  0.13200000E+01  0.69999998E+00  0.13695358E-01
  0.13200000E+01  0.71999998E+00  0.13993664E-01
  0.13200000E+01  0.73999998E+00  0.14290379E-01
  0.13200000E+01  0.75999998E+00  0.14585920E-01
  0.13200000E+01  0.77999998E+00  0.14880757E-01
  0.13200000E+01  0.79999998E+00  0.15175412E-01
  0.13200000E+01  0.81999998E+00  0.15470454E-01
  0.13200000E+01  0.83999998E+00  0.15766501E-01
  0.13200000E+01  0.85999998E+00  0.16064215E-01
  0.13200000E+01  0.87999998E+00  0.16364297E-01
  0.13200000E+01  0.89999998E+00  0.16667486E-01
  0.13200000E+01  0.91999998E+00  0.16974544E-01
  0.13200000E+01  0.93999998E+00  0.17286257E-01
  0.13200000E+01  0.95999998E+00  0.17603420E-01
  0.13200000E+01  0.97999998E+00  0.17926826E-01
  0.13200000E+01  0.99999998E+00  0.18257249E-01
  0.13200000E+01  0.10200000E+01  0.18595432E-01
  0.13200000E+01  0.10400000E+01  0.18942058E-01
  0.13200000E+01  0.10600000E+01  0.19297730E-01
  0.13200000E+01  0.10800000E+01  0.19662939E-01
  0.13200000E+01  0.11000000E+01  0.20038023E-01
  0.13200000E+01  0.11200000E+01  0.20423131E-01
  0.13200000E+01  0.11400000E+01  0.20818159E-01
  0.13200000E+01  0.11600000E+01  0.21222693E-01
  0.13200000E+01  0.11800000E+01  0.21635926E-01
  0.13200000E+01  0.12000000E+01  0.22056565E-01
  0.13200000E+01  0.12200000E+01  0.22482708E-01
  0.13200000E+01  0.12400000E+01  0.22911694E-01
  0.13200000E+01  0.12600000E+01  0.23339920E-01
  0.13200000E+01  0.12800000E+01  0.23762595E-01
  0.13200000E+01  0.13000000E+01  0.24173421E-01
  0.13200000E+01  0.13200000E+01  0.24564172E-01
  0.13200000E+01  0.13400000E+01  0.24924110E-01
  0.13200000E+01  0.13600000E+01  0.25239146E-01
  0.13200000E+01  0.13800000E+01  0.25490607E-01
  0.13200000E+01  0.14000000E+01  0.25653285E-01
  0.13200000E+01  0.14200000E+01  0.25692185E-01
  0.13200000E+01  0.14400000E+01  0.25556531E-01
  0.13200000E+01  0.14600000E+01  0.25167325E-01
  0.13200000E+01  0.14800000E+01  0.24386154E-01
  0.13200000E+01  0.15000000E+01  0.22907023E-01
  0.13200000E+01  0.15200000E+01  0.19309262E-01
  0.13200000E+01  0.15400000E+01  0.17029407E-01
  0.13200000E+01  0.15600000E+01  0.17104105E-01
  0.13200000E+01  0.15800000E+01  0.17176312E-01
  0.13200000E+01  0.16000000E+01  0.17246347E-01
  0.13200000E+01  0.16200000E+01  0.17314547E-01
  0.13200000E+01  0.16400000E+01  0.17381268E-01
  0.13200000E+01  0.16600000E+01  0.17446879E-01
  0.13200000E+01  0.16800000E+01  0.17511767E-01
  0.13200000E+01  0.17000000E+01  0.17576333E-01
  0.13200000E+01  0.17200000E+01  0.17640995E-01
  0.13200000E+01  0.17400000E+01  0.17706178E-01
  0.13200000E+01  0.17600000E+01  0.17772321E-01
  0.13200000E+01  0.17800000E+01  0.17839874E-01
  0.13200000E+01  0.18000000E+01  0.17909291E-01
  0.13200000E+01  0.18200000E+01  0.17981032E-01
  0.13200000E+01  0.18400000E+01  0.18055559E-01
  0.13200000E+01  0.18600000E+01  0.18133336E-01
  0.13200000E+01  0.18800000E+01  0.18214821E-01
  0.13200000E+01  0.19000000E+01  0.18300465E-01
  0.13200000E+01  0.19200000E+01  0.18390708E-01
  0.13200000E+01  0.19400000E+01  0.18485977E-01
  0.13200000E+01  0.19600000E+01  0.18586677E-01
  0.13200000E+01  0.19800000E+01  0.18693188E-01
  0.13200000E+01  0.20000000E+01  0.18805862E-01
  0.13400000E+01  0.00000000E+00  0.74918513E-02
  0.13400000E+01  0.20000000E-01  0.74941724E-02
  0.13400000E+01  0.39999999E-01  0.74872296E-02
  0.13400000E+01  0.59999999E-01  0.74699976E-02
  0.13400000E+01  0.79999998E-01  0.74418093E-02
  0.13400000E+01  0.99999998E-01  0.74024581E-02
  0.13400000E+01  0.12000000E+00  0.73523272E-02
  0.13400000E+01  0.14000000E+00  0.72925574E-02
  0.13400000E+01  0.16000000E+00  0.72252743E-02
  0.13400000E+01  0.18000000E+00  0.71539056E-02
  0.13400000E+01  0.20000000E+00  0.70836535E-02
  0.13400000E+01  0.22000000E+00  0.70222544E-02
  0.13400000E+01  0.23999999E+00  0.69813454E-02
  0.13400000E+01  0.25999999E+00  0.69794026E-02
  0.13400000E+01  0.27999999E+00  0.70506172E-02
  0.13400000E+01  0.29999999E+00  0.73020919E-02
  0.13400000E+01  0.31999999E+00  0.76430230E-02
  0.13400000E+01  0.33999999E+00  0.79839887E-02
  0.13400000E+01  0.35999999E+00  0.83245224E-02
  0.13400000E+01  0.37999999E+00  0.86641933E-02
  0.13400000E+01  0.39999999E+00  0.90026069E-02
  0.13400000E+01  0.41999999E+00  0.93394065E-02
  0.13400000E+01  0.43999999E+00  0.96742741E-02
  0.13400000E+01  0.45999999E+00  0.10006931E-01
  0.13400000E+01  0.47999999E+00  0.10337141E-01
  0.13400000E+01  0.49999999E+00  0.10664710E-01
  0.13400000E+01  0.51999999E+00  0.10989485E-01
  0.13400000E+01  0.53999999E+00  0.11311362E-01
  0.13400000E+01  0.55999999E+00  0.11630282E-01
  0.13400000E+01  0.57999999E+00  0.11946232E-01
  0.13400000E+01  0.59999999E+00  0.12259252E-01
  0.13400000E+01  0.61999999E+00  0.12569428E-01
  0.13400000E+01  0.63999999E+00  0.12876902E-01
  0.13400000E+01  0.65999999E+00  0.13181864E-01
  0.13400000E+01  0.67999998E+00  0.13484560E-01
  0.13400000E+01  0.69999998E+00  0.13785289E-01
  0.13400000E+01  0.71999998E+00  0.14084406E-01
  0.13400000E+01  0.73999998E+00  0.14382316E-01
  0.13400000E+01  0.75999998E+00  0.14679482E-01
  0.13400000E+01  0.77999998E+00  0.14976417E-01
  0.13400000E+01  0.79999998E+00  0.15273686E-01
  0.13400000E+01  0.81999998E+00  0.15571903E-01
  0.13400000E+01  0.83999998E+00  0.15871729E-01
  0.13400000E+01  0.85999998E+00  0.16173864E-01
  0.13400000E+01  0.87999998E+00  0.16479047E-01
  0.13400000E+01  0.89999998E+00  0.16788046E-01
  0.13400000E+01  0.91999998E+00  0.17101651E-01
  0.13400000E+01  0.93999998E+00  0.17420663E-01
  0.13400000E+01  0.95999998E+00  0.17745885E-01
  0.13400000E+01  0.97999998E+00  0.18078103E-01
  0.13400000E+01  0.99999998E+00  0.18418070E-01
  0.13400000E+01  0.10200000E+01  0.18766485E-01
  0.13400000E+01  0.10400000E+01  0.19123967E-01
  0.13400000E+01  0.10600000E+01  0.19491025E-01
  0.13400000E+01  0.10800000E+01  0.19868017E-01
  0.13400000E+01  0.11000000E+01  0.20255113E-01
  0.13400000E+01  0.11200000E+01  0.20652232E-01
  0.13400000E+01  0.11400000E+01  0.21058987E-01
  0.13400000E+01  0.11600000E+01  0.21474598E-01
  0.13400000E+01  0.11800000E+01  0.21897799E-01
  0.13400000E+01  0.12000000E+01  0.22326720E-01
  0.13400000E+01  0.12200000E+01  0.22758737E-01
  0.13400000E+01  0.12400000E+01  0.23190281E-01
  0.13400000E+01  0.12600000E+01  0.23616604E-01
  0.13400000E+01  0.12800000E+01  0.24031454E-01
  0.13400000E+01  0.13000000E+01  0.24426661E-01
  0.13400000E+01  0.13200000E+01  0.24791548E-01
  0.13400000E+01  0.13400000E+01  0.25112106E-01
  0.13400000E+01  0.13600000E+01  0.25369761E-01
  0.13400000E+01  0.13800000E+01  0.25539440E-01
  0.13400000E+01  0.14000000E+01  0.25586333E-01
  0.13400000E+01  0.14200000E+01  0.25459946E-01
  0.13400000E+01  0.14400000E+01  0.25081738E-01
  0.13400000E+01  0.14600000E+01  0.24314153E-01
  0.13400000E+01  0.14800000E+01  0.22853232E-01
  0.13400000E+01  0.15000000E+01  0.19288624E-01
  0.13400000E+01  0.15200000E+01  0.17029009E-01
  0.13400000E+01  0.15400000E+01  0.17105374E-01
  0.13400000E+01  0.15600000E+01  0.17179113E-01
  0.13400000E+01  0.15800000E+01  0.17250554E-01
  0.13400000E+01  0.16000000E+01  0.17320044E-01
  0.13400000E+01  0.16200000E+01  0.17387944E-01
  0.13400000E+01  0.16400000E+01  0.17454637E-01
  0.13400000E+01  0.16600000E+01  0.17520520E-01
  0.13400000E+01  0.16800000E+01  0.17586004E-01
  0.13400000E+01  0.17000000E+01  0.17651517E-01
  0.13400000E+01  0.17200000E+01  0.17717499E-01
  0.13400000E+01  0.17400000E+01  0.17784401E-01
  0.13400000E+01  0.17600000E+01  0.17852683E-01
  0.13400000E+01  0.17800000E+01  0.17922813E-01
  0.13400000E+01  0.18000000E+01  0.17995265E-01
  0.13400000E+01  0.18200000E+01  0.18070514E-01
  0.13400000E+01  0.18400000E+01  0.18149035E-01
  0.13400000E+01  0.18600000E+01  0.18231299E-01
  0.13400000E+01  0.18800000E+01  0.18317771E-01
  0.13400000E+01  0.19000000E+01  0.18408902E-01
  0.13400000E+01  0.19200000E+01  0.18505131E-01
  0.13400000E+01  0.19400000E+01  0.18606872E-01
  0.13400000E+01  0.19600000E+01  0.18714518E-01
  0.13400000E+01  0.19800000E+01  0.18828428E-01
  0.13400000E+01  0.20000000E+01  0.18948925E-01
  0.13600000E+01  0.00000000E+00  0.75367723E-02
  0.13600000E+01  0.20000000E-01  0.75015883E-02
  0.13600000E+01  0.39999999E-01  0.74568479E-02
  0.13600000E+01  0.59999999E-01  0.74019597E-02
  0.13600000E+01  0.79999998E-01  0.73368026E-02
  0.13600000E+01  0.99999998E-01  0.72618571E-02
  0.13600000E+01  0.12000000E+00  0.71783771E-02
  0.13600000E+01  0.14000000E+00  0.70886203E-02
  0.13600000E+01  0.16000000E+00  0.69961718E-02
  0.13600000E+01  0.18000000E+00  0.69064269E-02
  0.13600000E+01  0.20000000E+00  0.68273670E-02
  0.13600000E+01  0.22000000E+00  0.67709603E-02
  0.13600000E+01  0.23999999E+00  0.67561824E-02
  0.13600000E+01  0.25999999E+00  0.68181896E-02
  0.13600000E+01  0.27999999E+00  0.70670301E-02
  0.13600000E+01  0.29999999E+00  0.74066953E-02
  0.13600000E+01  0.31999999E+00  0.77467849E-02
  0.13600000E+01  0.33999999E+00  0.80868043E-02
  0.13600000E+01  0.35999999E+00  0.84262948E-02
  0.13600000E+01  0.37999999E+00  0.87648352E-02
  0.13600000E+01  0.39999999E+00  0.91020425E-02
  0.13600000E+01  0.41999999E+00  0.94375727E-02
  0.13600000E+01  0.43999999E+00  0.97711230E-02
  0.13600000E+01  0.45999999E+00  0.10102432E-01
  0.13600000E+01  0.47999999E+00  0.10431282E-01
  0.13600000E+01  0.49999999E+00  0.10757498E-01
  0.13600000E+01  0.51999999E+00  0.11080955E-01
  0.13600000E+01  0.53999999E+00  0.11401572E-01
  0.13600000E+01  0.55999999E+00  0.11719317E-01
  0.13600000E+01  0.57999999E+00  0.12034210E-01
  0.13600000E+01  0.59999999E+00  0.12346321E-01
  0.13600000E+01  0.61999999E+00  0.12655773E-01
  0.13600000E+01  0.63999999E+00  0.12962743E-01
  0.13600000E+01  0.65999999E+00  0.13267462E-01
  0.13600000E+01  0.67999998E+00  0.13570216E-01
  0.13600000E+01  0.69999998E+00  0.13871348E-01
  0.13600000E+01  0.71999998E+00  0.14171255E-01
  0.13600000E+01  0.73999998E+00  0.14470390E-01
  0.13600000E+01  0.75999998E+00  0.14769259E-01
  0.13600000E+01  0.77999998E+00  0.15068422E-01
  0.13600000E+01  0.79999998E+00  0.15368490E-01
  0.13600000E+01  0.81999998E+00  0.15670121E-01
  0.13600000E+01  0.83999998E+00  0.15974015E-01
  0.13600000E+01  0.85999998E+00  0.16280912E-01
  0.13600000E+01  0.87999998E+00  0.16591585E-01
  0.13600000E+01  0.89999998E+00  0.16906827E-01
  0.13600000E+01  0.91999998E+00  0.17227448E-01
  0.13600000E+01  0.93999998E+00  0.17554258E-01
  0.13600000E+01  0.95999998E+00  0.17888053E-01
  0.13600000E+01  0.97999998E+00  0.18229600E-01
  0.13600000E+01  0.99999998E+00  0.18579612E-01
  0.13600000E+01  0.10200000E+01  0.18938723E-01
  0.13600000E+01  0.10400000E+01  0.19307459E-01
  0.13600000E+01  0.10600000E+01  0.19686201E-01
  0.13600000E+01  0.10800000E+01  0.20075137E-01
  0.13600000E+01  0.11000000E+01  0.20474212E-01
  0.13600000E+01  0.11200000E+01  0.20883062E-01
  0.13600000E+01  0.11400000E+01  0.21300935E-01
  0.13600000E+01  0.11600000E+01  0.21726597E-01
  0.13600000E+01  0.11800000E+01  0.22158208E-01
  0.13600000E+01  0.12000000E+01  0.22593181E-01
  0.13600000E+01  0.12200000E+01  0.23027987E-01
  0.13600000E+01  0.12400000E+01  0.23457922E-01
  0.13600000E+01  0.12600000E+01  0.23876785E-01
  0.13600000E+01  0.12800000E+01  0.24276467E-01
  0.13600000E+01  0.13000000E+01  0.24646362E-01
  0.13600000E+01  0.13200000E+01  0.24972552E-01
  0.13600000E+01  0.13400000E+01  0.25236577E-01
  0.13600000E+01  0.13600000E+01  0.25413520E-01
  0.13600000E+01  0.13800000E+01  0.25468789E-01
  0.13600000E+01  0.14000000E+01  0.25352215E-01
  0.13600000E+01  0.14200000E+01  0.24985788E-01
  0.13600000E+01  0.14400000E+01  0.24232938E-01
  0.13600000E+01  0.14600000E+01  0.22792031E-01
  0.13600000E+01  0.14800000E+01  0.19264373E-01
  0.13600000E+01  0.15000000E+01  0.17027569E-01
  0.13600000E+01  0.15200000E+01  0.17105954E-01
  0.13600000E+01  0.15400000E+01  0.17181577E-01
  0.13600000E+01  0.15600000E+01  0.17254771E-01
  0.13600000E+01  0.15800000E+01  0.17325889E-01
  0.13600000E+01  0.16000000E+01  0.17395304E-01
  0.13600000E+01  0.16200000E+01  0.17463405E-01
  0.13600000E+01  0.16400000E+01  0.17530599E-01
  0.13600000E+01  0.16600000E+01  0.17597308E-01
  0.13600000E+01  0.16800000E+01  0.17663970E-01
  0.13600000E+01  0.17000000E+01  0.17731036E-01
  0.13600000E+01  0.17200000E+01  0.17798967E-01
  0.13600000E+01  0.17400000E+01  0.17868237E-01
  0.13600000E+01  0.17600000E+01  0.17939324E-01
  0.13600000E+01  0.17800000E+01  0.18012715E-01
  0.13600000E+01  0.18000000E+01  0.18088896E-01
  0.13600000E+01  0.18200000E+01  0.18168356E-01
  0.13600000E+01  0.18400000E+01  0.18251577E-01
  0.13600000E+01  0.18600000E+01  0.18339034E-01
  0.13600000E+01  0.18800000E+01  0.18431193E-01
  0.13600000E+01  0.19000000E+01  0.18528500E-01
  0.13600000E+01  0.19200000E+01  0.18631384E-01
  0.13600000E+01  0.19400000E+01  0.18740244E-01
  0.13600000E+01  0.19600000E+01  0.18855449E-01
  0.13600000E+01  0.19800000E+01  0.18977331E-01
  0.13600000E+01  0.20000000E+01  0.19106175E-01
  0.13800000E+01  0.00000000E+00  0.75446180E-02
  0.13800000E+01  0.20000000E-01  0.74708953E-02
  0.13800000E+01  0.39999999E-01  0.73877930E-02
  0.13800000E+01  0.59999999E-01  0.72952768E-02
  0.13800000E+01  0.79999998E-01  0.71939259E-02
  0.13800000E+01  0.99999998E-01  0.70851072E-02
  0.13800000E+01  0.12000000E+00  0.69712098E-02
  0.13800000E+01  0.14000000E+00  0.68559740E-02
  0.13800000E+01  0.16000000E+00  0.67449820E-02
  0.13800000E+01  0.18000000E+00  0.66464481E-02
  0.13800000E+01  0.20000000E+00  0.65726453E-02
  0.13800000E+01  0.22000000E+00  0.65429844E-02
  0.13800000E+01  0.23999999E+00  0.65933579E-02
  0.13800000E+01  0.25999999E+00  0.68363432E-02
  0.13800000E+01  0.27999999E+00  0.71741422E-02
  0.13800000E+01  0.29999999E+00  0.75127643E-02
  0.13800000E+01  0.31999999E+00  0.78516865E-02
  0.13800000E+01  0.33999999E+00  0.81904228E-02
  0.13800000E+01  0.35999999E+00  0.85285248E-02
  0.13800000E+01  0.37999999E+00  0.88655832E-02
  0.13800000E+01  0.39999999E+00  0.92012288E-02
  0.13800000E+01  0.41999999E+00  0.95351334E-02
  0.13800000E+01  0.43999999E+00  0.98670119E-02
  0.13800000E+01  0.45999999E+00  0.10196623E-01
  0.13800000E+01  0.47999999E+00  0.10523771E-01
  0.13800000E+01  0.49999999E+00  0.10848306E-01
  0.13800000E+01  0.51999999E+00  0.11170129E-01
  0.13800000E+01  0.53999999E+00  0.11489188E-01
  0.13800000E+01  0.55999999E+00  0.11805483E-01
  0.13800000E+01  0.57999999E+00  0.12119068E-01
  0.13800000E+01  0.59999999E+00  0.12430050E-01
  0.13800000E+01  0.61999999E+00  0.12738589E-01
  0.13800000E+01  0.63999999E+00  0.13044904E-01
  0.13800000E+01  0.65999999E+00  0.13349267E-01
  0.13800000E+01  0.67999998E+00  0.13652010E-01
  0.13800000E+01  0.69999998E+00  0.13953521E-01
  0.13800000E+01  0.71999998E+00  0.14254244E-01
  0.13800000E+01  0.73999998E+00  0.14554680E-01
  0.13800000E+01  0.75999998E+00  0.14855381E-01
  0.13800000E+01  0.77999998E+00  0.15156957E-01
  0.13800000E+01  0.79999998E+00  0.15460062E-01
  0.13800000E+01  0.81999998E+00  0.15765397E-01
  0.13800000E+01  0.83999998E+00  0.16073703E-01
  0.13800000E+01  0.85999998E+00  0.16385756E-01
  0.13800000E+01  0.87999998E+00  0.16702356E-01
  0.13800000E+01  0.89999998E+00  0.17024317E-01
  0.13800000E+01  0.91999998E+00  0.17352458E-01
  0.13800000E+01  0.93999998E+00  0.17687588E-01
  0.13800000E+01  0.95999998E+00  0.18030483E-01
  0.13800000E+01  0.97999998E+00  0.18381872E-01
  0.13800000E+01  0.99999998E+00  0.18742404E-01
  0.13800000E+01  0.10200000E+01  0.19112623E-01
  0.13800000E+01  0.10400000E+01  0.19492929E-01
  0.13800000E+01  0.10600000E+01  0.19883531E-01
  0.13800000E+01  0.10800000E+01  0.20284399E-01
  0.13800000E+01  0.11000000E+01  0.20695193E-01
  0.13800000E+01  0.11200000E+01  0.21115190E-01
  0.13800000E+01  0.11400000E+01  0.21543185E-01
  0.13800000E+01  0.11600000E+01  0.21977374E-01
  0.13800000E+01  0.11800000E+01  0.22415206E-01
  0.13800000E+01  0.12000000E+01  0.22853194E-01
  0.13800000E+01  0.12200000E+01  0.23286680E-01
  0.13800000E+01  0.12400000E+01  0.23709522E-01
  0.13800000E+01  0.12600000E+01  0.24113673E-01
  0.13800000E+01  0.12800000E+01  0.24488611E-01
  0.13800000E+01  0.13000000E+01  0.24820515E-01
  0.13800000E+01  0.13200000E+01  0.25091058E-01
  0.13800000E+01  0.13400000E+01  0.25275497E-01
  0.13800000E+01  0.13600000E+01  0.25339486E-01
  0.13800000E+01  0.13800000E+01  0.25233228E-01
  0.13800000E+01  0.14000000E+01  0.24879312E-01
  0.13800000E+01  0.14200000E+01  0.24142278E-01
  0.13800000E+01  0.14400000E+01  0.22723088E-01
  0.13800000E+01  0.14600000E+01  0.19235984E-01
  0.13800000E+01  0.14800000E+01  0.17024440E-01
  0.13800000E+01  0.15000000E+01  0.17105193E-01
  0.13800000E+01  0.15200000E+01  0.17183043E-01
  0.13800000E+01  0.15400000E+01  0.17258331E-01
  0.13800000E+01  0.15600000E+01  0.17331416E-01
  0.13800000E+01  0.15800000E+01  0.17402677E-01
  0.13800000E+01  0.16000000E+01  0.17472511E-01
  0.13800000E+01  0.16200000E+01  0.17541335E-01
  0.13800000E+01  0.16400000E+01  0.17609578E-01
  0.13800000E+01  0.16600000E+01  0.17677688E-01
  0.13800000E+01  0.16800000E+01  0.17746127E-01
  0.13800000E+01  0.17000000E+01  0.17815365E-01
  0.13800000E+01  0.17200000E+01  0.17885887E-01
  0.13800000E+01  0.17400000E+01  0.17958183E-01
  0.13800000E+01  0.17600000E+01  0.18032750E-01
  0.13800000E+01  0.17800000E+01  0.18110086E-01
  0.13800000E+01  0.18000000E+01  0.18190690E-01
  0.13800000E+01  0.18200000E+01  0.18275055E-01
  0.13800000E+01  0.18400000E+01  0.18363670E-01
  0.13800000E+01  0.18600000E+01  0.18457009E-01
  0.13800000E+01  0.18800000E+01  0.18555529E-01
  0.13800000E+01  0.19000000E+01  0.18659669E-01
  0.13800000E+01  0.19200000E+01  0.18769838E-01
  0.13800000E+01  0.19400000E+01  0.18886414E-01
  0.13800000E+01  0.19600000E+01  0.19009735E-01
  0.13800000E+01  0.19800000E+01  0.19140095E-01
  0.13800000E+01  0.20000000E+01  0.19277733E-01
  0.14000000E+01  0.00000000E+00  0.75120018E-02
  0.14000000E+01  0.20000000E-01  0.73991830E-02
  0.14000000E+01  0.39999999E-01  0.72777686E-02
  0.14000000E+01  0.59999999E-01  0.71484386E-02
  0.14000000E+01  0.79999998E-01  0.70126747E-02
  0.14000000E+01  0.99999998E-01  0.68729981E-02
  0.14000000E+01  0.12000000E+00  0.67333039E-02
  0.14000000E+01  0.14000000E+00  0.65993586E-02
  0.14000000E+01  0.16000000E+00  0.64796017E-02
  0.14000000E+01  0.18000000E+00  0.63865926E-02
  0.14000000E+01  0.20000000E+00  0.63401272E-02
  0.14000000E+01  0.22000000E+00  0.63766504E-02
  0.14000000E+01  0.23999999E+00  0.66109434E-02
  0.14000000E+01  0.25999999E+00  0.69462834E-02
  0.14000000E+01  0.27999999E+00  0.72828532E-02
  0.14000000E+01  0.29999999E+00  0.76201015E-02
  0.14000000E+01  0.31999999E+00  0.79575144E-02
  0.14000000E+01  0.33999999E+00  0.82946166E-02
  0.14000000E+01  0.35999999E+00  0.86309726E-02
  0.14000000E+01  0.37999999E+00  0.89661875E-02
  0.14000000E+01  0.39999999E+00  0.92999086E-02
  0.14000000E+01  0.41999999E+00  0.96318265E-02
  0.14000000E+01  0.43999999E+00  0.99616768E-02
  0.14000000E+01  0.45999999E+00  0.10289241E-01
  0.14000000E+01  0.47999999E+00  0.10614350E-01
  0.14000000E+01  0.49999999E+00  0.10936882E-01
  0.14000000E+01  0.51999999E+00  0.11256766E-01
  0.14000000E+01  0.53999999E+00  0.11573985E-01
  0.14000000E+01  0.55999999E+00  0.11888574E-01
  0.14000000E+01  0.57999999E+00  0.12200624E-01
  0.14000000E+01  0.59999999E+00  0.12510282E-01
  0.14000000E+01  0.61999999E+00  0.12817751E-01
  0.14000000E+01  0.63999999E+00  0.13123293E-01
  0.14000000E+01  0.65999999E+00  0.13427228E-01
  0.14000000E+01  0.67999998E+00  0.13729933E-01
  0.14000000E+01  0.69999998E+00  0.14031846E-01
  0.14000000E+01  0.71999998E+00  0.14333460E-01
  0.14000000E+01  0.73999998E+00  0.14635324E-01
  0.14000000E+01  0.75999998E+00  0.14938042E-01
  0.14000000E+01  0.77999998E+00  0.15242268E-01
  0.14000000E+01  0.79999998E+00  0.15548702E-01
  0.14000000E+01  0.81999998E+00  0.15858089E-01
  0.14000000E+01  0.83999998E+00  0.16171205E-01
  0.14000000E+01  0.85999998E+00  0.16488855E-01
  0.14000000E+01  0.87999998E+00  0.16811863E-01
  0.14000000E+01  0.89999998E+00  0.17141055E-01
  0.14000000E+01  0.91999998E+00  0.17477249E-01
  0.14000000E+01  0.93999998E+00  0.17821235E-01
  0.14000000E+01  0.95999998E+00  0.18173754E-01
  0.14000000E+01  0.97999998E+00  0.18535473E-01
  0.14000000E+01  0.99999998E+00  0.18906951E-01
  0.14000000E+01  0.10200000E+01  0.19288609E-01
  0.14000000E+01  0.10400000E+01  0.19680678E-01
  0.14000000E+01  0.10600000E+01  0.20083149E-01
  0.14000000E+01  0.10800000E+01  0.20495711E-01
  0.14000000E+01  0.11000000E+01  0.20917667E-01
  0.14000000E+01  0.11200000E+01  0.21347845E-01
  0.14000000E+01  0.11400000E+01  0.21784474E-01
  0.14000000E+01  0.11600000E+01  0.22225041E-01
  0.14000000E+01  0.11800000E+01  0.22666106E-01
  0.14000000E+01  0.12000000E+01  0.23103060E-01
  0.14000000E+01  0.12200000E+01  0.23529820E-01
  0.14000000E+01  0.12400000E+01  0.23938412E-01
  0.14000000E+01  0.12600000E+01  0.24318399E-01
  0.14000000E+01  0.12800000E+01  0.24656074E-01
  0.14000000E+01  0.13000000E+01  0.24933251E-01
  0.14000000E+01  0.13200000E+01  0.25125383E-01
  0.14000000E+01  0.13400000E+01  0.25198400E-01
  0.14000000E+01  0.13600000E+01  0.25102915E-01
  0.14000000E+01  0.13800000E+01  0.24762185E-01
  0.14000000E+01  0.14000000E+01  0.24041973E-01
  0.14000000E+01  0.14200000E+01  0.22646103E-01
  0.14000000E+01  0.14400000E+01  0.19202958E-01
  0.14000000E+01  0.14600000E+01  0.17018999E-01
  0.14000000E+01  0.14800000E+01  0.17102456E-01
  0.14000000E+01  0.15000000E+01  0.17182870E-01
  0.14000000E+01  0.15200000E+01  0.17260586E-01
  0.14000000E+01  0.15400000E+01  0.17335969E-01
  0.14000000E+01  0.15600000E+01  0.17409404E-01
  0.14000000E+01  0.15800000E+01  0.17481295E-01
  0.14000000E+01  0.16000000E+01  0.17552064E-01
  0.14000000E+01  0.16200000E+01  0.17622151E-01
  0.14000000E+01  0.16400000E+01  0.17692011E-01
  0.14000000E+01  0.16600000E+01  0.17762114E-01
  0.14000000E+01  0.16800000E+01  0.17832942E-01
  0.14000000E+01  0.17000000E+01  0.17904986E-01
  0.14000000E+01  0.17200000E+01  0.17978749E-01
  0.14000000E+01  0.17400000E+01  0.18054736E-01
  0.14000000E+01  0.17600000E+01  0.18133456E-01
  0.14000000E+01  0.17800000E+01  0.18215419E-01
  0.14000000E+01  0.18000000E+01  0.18301129E-01
  0.14000000E+01  0.18200000E+01  0.18391083E-01
  0.14000000E+01  0.18400000E+01  0.18485766E-01
  0.14000000E+01  0.18600000E+01  0.18585647E-01
  0.14000000E+01  0.18800000E+01  0.18691171E-01
  0.14000000E+01  0.19000000E+01  0.18802758E-01
  0.14000000E+01  0.19200000E+01  0.18920793E-01
  0.14000000E+01  0.19400000E+01  0.19045623E-01
  0.14000000E+01  0.19600000E+01  0.19177548E-01
  0.14000000E+01  0.19800000E+01  0.19316815E-01
  0.14000000E+01  0.20000000E+01  0.19463608E-01
  0.14200000E+01  0.00000000E+00  0.74358383E-02
  0.14200000E+01  0.20000000E-01  0.72840033E-02
  0.14200000E+01  0.39999999E-01  0.71251413E-02
  0.14200000E+01  0.59999999E-01  0.69608515E-02
  0.14200000E+01  0.79999998E-01  0.67937904E-02
  0.14200000E+01  0.99999998E-01  0.66280098E-02
  0.14200000E+01  0.12000000E+00  0.64694613E-02
  0.14200000E+01  0.14000000E+00  0.63268070E-02
  0.14200000E+01  0.16000000E+00  0.62128822E-02
  0.14200000E+01  0.18000000E+00  0.61478360E-02
  0.14200000E+01  0.20000000E+00  0.61685298E-02
  0.14200000E+01  0.22000000E+00  0.63917267E-02
  0.14200000E+01  0.23999999E+00  0.67240239E-02
  0.14200000E+01  0.25999999E+00  0.70579649E-02
  0.14200000E+01  0.27999999E+00  0.73929697E-02
  0.14200000E+01  0.29999999E+00  0.77284968E-02
  0.14200000E+01  0.31999999E+00  0.80640436E-02
  0.14200000E+01  0.33999999E+00  0.83991482E-02
  0.14200000E+01  0.35999999E+00  0.87333902E-02
  0.14200000E+01  0.37999999E+00  0.90663922E-02
  0.14200000E+01  0.39999999E+00  0.93978208E-02
  0.14200000E+01  0.41999999E+00  0.97273885E-02
  0.14200000E+01  0.43999999E+00  0.10054855E-01
  0.14200000E+01  0.45999999E+00  0.10380029E-01
  0.14200000E+01  0.47999999E+00  0.10702769E-01
  0.14200000E+01  0.49999999E+00  0.11022985E-01
  0.14200000E+01  0.51999999E+00  0.11340642E-01
  0.14200000E+01  0.53999999E+00  0.11655758E-01
  0.14200000E+01  0.55999999E+00  0.11968408E-01
  0.14200000E+01  0.57999999E+00  0.12278723E-01
  0.14200000E+01  0.59999999E+00  0.12586894E-01
  0.14200000E+01  0.61999999E+00  0.12893171E-01
  0.14200000E+01  0.63999999E+00  0.13197863E-01
  0.14200000E+01  0.65999999E+00  0.13501339E-01
  0.14200000E+01  0.67999998E+00  0.13804026E-01
  0.14200000E+01  0.69999998E+00  0.14106414E-01
  0.14200000E+01  0.71999998E+00  0.14409045E-01
  0.14200000E+01  0.73999998E+00  0.14712521E-01
  0.14200000E+01  0.75999998E+00  0.15017495E-01
  0.14200000E+01  0.77999998E+00  0.15324666E-01
  0.14200000E+01  0.79999998E+00  0.15634781E-01
  0.14200000E+01  0.81999998E+00  0.15948619E-01
  0.14200000E+01  0.83999998E+00  0.16266992E-01
  0.14200000E+01  0.85999998E+00  0.16590728E-01
  0.14200000E+01  0.87999998E+00  0.16920664E-01
  0.14200000E+01  0.89999998E+00  0.17257627E-01
  0.14200000E+01  0.91999998E+00  0.17602420E-01
  0.14200000E+01  0.93999998E+00  0.17955797E-01
  0.14200000E+01  0.95999998E+00  0.18318441E-01
  0.14200000E+01  0.97999998E+00  0.18690930E-01
  0.14200000E+01  0.99999998E+00  0.19073702E-01
  0.14200000E+01  0.10200000E+01  0.19467011E-01
  0.14200000E+01  0.10400000E+01  0.19870872E-01
  0.14200000E+01  0.10600000E+01  0.20284999E-01
  0.14200000E+01  0.10800000E+01  0.20708724E-01
  0.14200000E+01  0.11000000E+01  0.21140907E-01
  0.14200000E+01  0.11200000E+01  0.21579813E-01
  0.14200000E+01  0.11400000E+01  0.22022969E-01
  0.14200000E+01  0.11600000E+01  0.22466981E-01
  0.14200000E+01  0.11800000E+01  0.22907293E-01
  0.14200000E+01  0.12000000E+01  0.23337886E-01
  0.14200000E+01  0.12200000E+01  0.23750862E-01
  0.14200000E+01  0.12400000E+01  0.24135879E-01
  0.14200000E+01  0.12600000E+01  0.24479350E-01
  0.14200000E+01  0.12800000E+01  0.24763247E-01
  0.14200000E+01  0.13000000E+01  0.24963236E-01
  0.14200000E+01  0.13200000E+01  0.25045548E-01
  0.14200000E+01  0.13400000E+01  0.24961248E-01
  0.14200000E+01  0.13600000E+01  0.24634320E-01
  0.14200000E+01  0.13800000E+01  0.23931865E-01
  0.14200000E+01  0.14000000E+01  0.22560812E-01
  0.14200000E+01  0.14200000E+01  0.19164827E-01
  0.14200000E+01  0.14400000E+01  0.17010650E-01
  0.14200000E+01  0.14600000E+01  0.17097136E-01
  0.14200000E+01  0.14800000E+01  0.17180440E-01
  0.14200000E+01  0.15000000E+01  0.17260910E-01
  0.14200000E+01  0.15200000E+01  0.17338915E-01
  0.14200000E+01  0.15400000E+01  0.17414845E-01
  0.14200000E+01  0.15600000E+01  0.17489110E-01
  0.14200000E+01  0.15800000E+01  0.17562138E-01
  0.14200000E+01  0.16000000E+01  0.17634377E-01
  0.14200000E+01  0.16200000E+01  0.17706287E-01
  0.14200000E+01  0.16400000E+01  0.17778347E-01
  0.14200000E+01  0.16600000E+01  0.17851046E-01
  0.14200000E+01  0.16800000E+01  0.17924887E-01
  0.14200000E+01  0.17000000E+01  0.18000378E-01
  0.14200000E+01  0.17200000E+01  0.18078035E-01
  0.14200000E+01  0.17400000E+01  0.18158377E-01
  0.14200000E+01  0.17600000E+01  0.18241922E-01
  0.14200000E+01  0.17800000E+01  0.18329184E-01
  0.14200000E+01  0.18000000E+01  0.18420670E-01
  0.14200000E+01  0.18200000E+01  0.18516873E-01
  0.14200000E+01  0.18400000E+01  0.18618272E-01
  0.14200000E+01  0.18600000E+01  0.18725321E-01
  0.14200000E+01  0.18800000E+01  0.18838447E-01
  0.14200000E+01  0.19000000E+01  0.18958046E-01
  0.14200000E+01  0.19200000E+01  0.19084469E-01
  0.14200000E+01  0.19400000E+01  0.19218024E-01
  0.14200000E+01  0.19600000E+01  0.19358963E-01
  0.14200000E+01  0.19800000E+01  0.19507475E-01
  0.14200000E+01  0.20000000E+01  0.19663682E-01
  0.14400000E+01  0.00000000E+00  0.73135344E-02
  0.14400000E+01  0.20000000E-01  0.71236113E-02
  0.14400000E+01  0.39999999E-01  0.69292456E-02
  0.14400000E+01  0.59999999E-01  0.67332335E-02
  0.14400000E+01  0.79999998E-01  0.65397884E-02
  0.14400000E+01  0.99999998E-01  0.63550513E-02
  0.14400000E+01  0.12000000E+00  0.61879103E-02
  0.14400000E+01  0.14000000E+00  0.60514760E-02
  0.14400000E+01  0.16000000E+00  0.59662363E-02
  0.14400000E+01  0.18000000E+00  0.59693892E-02
  0.14400000E+01  0.20000000E+00  0.61795709E-02
  0.14400000E+01  0.22000000E+00  0.65082518E-02
  0.14400000E+01  0.23999999E+00  0.68389971E-02
  0.14400000E+01  0.25999999E+00  0.71711980E-02
  0.14400000E+01  0.27999999E+00  0.75042849E-02
  0.14400000E+01  0.29999999E+00  0.78377280E-02
  0.14400000E+01  0.31999999E+00  0.81710388E-02
  0.14400000E+01  0.33999999E+00  0.85037712E-02
  0.14400000E+01  0.35999999E+00  0.88355231E-02
  0.14400000E+01  0.37999999E+00  0.91659371E-02
  0.14400000E+01  0.39999999E+00  0.94947027E-02
  0.14400000E+01  0.41999999E+00  0.98215575E-02
  0.14400000E+01  0.43999999E+00  0.10146289E-01
  0.14400000E+01  0.45999999E+00  0.10468735E-01
  0.14400000E+01  0.47999999E+00  0.10788788E-01
  0.14400000E+01  0.49999999E+00  0.11106394E-01
  0.14400000E+01  0.51999999E+00  0.11421554E-01
  0.14400000E+01  0.53999999E+00  0.11734327E-01
  0.14400000E+01  0.55999999E+00  0.12044831E-01
  0.14400000E+01  0.57999999E+00  0.12353243E-01
  0.14400000E+01  0.59999999E+00  0.12659801E-01
  0.14400000E+01  0.61999999E+00  0.12964804E-01
  0.14400000E+01  0.63999999E+00  0.13268612E-01
  0.14400000E+01  0.65999999E+00  0.13571645E-01
  0.14400000E+01  0.67999998E+00  0.13874386E-01
  0.14400000E+01  0.69999998E+00  0.14177374E-01
  0.14400000E+01  0.71999998E+00  0.14481206E-01
  0.14400000E+01  0.73999998E+00  0.14786535E-01
  0.14400000E+01  0.75999998E+00  0.15094060E-01
  0.14400000E+01  0.77999998E+00  0.15404530E-01
  0.14400000E+01  0.79999998E+00  0.15718729E-01
  0.14400000E+01  0.81999998E+00  0.16037472E-01
  0.14400000E+01  0.83999998E+00  0.16361596E-01
  0.14400000E+01  0.85999998E+00  0.16691945E-01
  0.14400000E+01  0.87999998E+00  0.17029358E-01
  0.14400000E+01  0.89999998E+00  0.17374649E-01
  0.14400000E+01  0.91999998E+00  0.17728588E-01
  0.14400000E+01  0.93999998E+00  0.18091871E-01
  0.14400000E+01  0.95999998E+00  0.18465096E-01
  0.14400000E+01  0.97999998E+00  0.18848719E-01
  0.14400000E+01  0.99999998E+00  0.19243016E-01
  0.14400000E+01  0.10200000E+01  0.19648026E-01
  0.14400000E+01  0.10400000E+01  0.20063489E-01
  0.14400000E+01  0.10600000E+01  0.20488768E-01
  0.14400000E+01  0.10800000E+01  0.20922754E-01
  0.14400000E+01  0.11000000E+01  0.21363749E-01
  0.14400000E+01  0.11200000E+01  0.21809321E-01
  0.14400000E+01  0.11400000E+01  0.22256124E-01
  0.14400000E+01  0.11600000E+01  0.22699659E-01
  0.14400000E+01  0.11800000E+01  0.23133974E-01
  0.14400000E+01  0.12000000E+01  0.23551251E-01
  0.14400000E+01  0.12200000E+01  0.23941250E-01
  0.14400000E+01  0.12400000E+01  0.24290514E-01
  0.14400000E+01  0.12600000E+01  0.24581184E-01
  0.14400000E+01  0.12800000E+01  0.24789157E-01
  0.14400000E+01  0.13000000E+01  0.24880991E-01
  0.14400000E+01  0.13200000E+01  0.24808238E-01
  0.14400000E+01  0.13400000E+01  0.24495671E-01
  0.14400000E+01  0.13600000E+01  0.23811831E-01
  0.14400000E+01  0.13800000E+01  0.22466986E-01
  0.14400000E+01  0.14000000E+01  0.19121155E-01
  0.14400000E+01  0.14200000E+01  0.16998822E-01
  0.14400000E+01  0.14400000E+01  0.17088650E-01
  0.14400000E+01  0.14600000E+01  0.17175157E-01
  0.14400000E+01  0.14800000E+01  0.17258696E-01
  0.14400000E+01  0.15000000E+01  0.17339638E-01
  0.14400000E+01  0.15200000E+01  0.17418377E-01
  0.14400000E+01  0.15400000E+01  0.17495327E-01
  0.14400000E+01  0.15600000E+01  0.17570923E-01
  0.14400000E+01  0.15800000E+01  0.17645616E-01
  0.14400000E+01  0.16000000E+01  0.17719874E-01
  0.14400000E+01  0.16200000E+01  0.17794182E-01
  0.14400000E+01  0.16400000E+01  0.17869038E-01
  0.14400000E+01  0.16600000E+01  0.17944949E-01
  0.14400000E+01  0.16800000E+01  0.18022433E-01
  0.14400000E+01  0.17000000E+01  0.18102015E-01
  0.14400000E+01  0.17200000E+01  0.18184220E-01
  0.14400000E+01  0.17400000E+01  0.18269576E-01
  0.14400000E+01  0.17600000E+01  0.18358605E-01
  0.14400000E+01  0.17800000E+01  0.18451822E-01
  0.14400000E+01  0.18000000E+01  0.18549731E-01
  0.14400000E+01  0.18200000E+01  0.18652816E-01
  0.14400000E+01  0.18400000E+01  0.18761541E-01
  0.14400000E+01  0.18600000E+01  0.18876342E-01
  0.14400000E+01  0.18800000E+01  0.18997618E-01
  0.14400000E+01  0.19000000E+01  0.19125731E-01
  0.14400000E+01  0.19200000E+01  0.19260994E-01
  0.14400000E+01  0.19400000E+01  0.19403665E-01
  0.14400000E+01  0.19600000E+01  0.19553938E-01
  0.14400000E+01  0.19800000E+01  0.19711936E-01
  0.14400000E+01  0.20000000E+01  0.19877704E-01
  0.14600000E+01  0.00000000E+00  0.71432481E-02
  0.14600000E+01  0.20000000E-01  0.69172913E-02
  0.14600000E+01  0.39999999E-01  0.66908061E-02
  0.14600000E+01  0.59999999E-01  0.64681754E-02
  0.14600000E+01  0.79999998E-01  0.62557380E-02
  0.14600000E+01  0.99999998E-01  0.60626176E-02
  0.14600000E+01  0.12000000E+00  0.59022097E-02
  0.14600000E+01  0.14000000E+00  0.57953478E-02
  0.14600000E+01  0.16000000E+00  0.57795472E-02
  0.14600000E+01  0.18000000E+00  0.59753350E-02
  0.14600000E+01  0.20000000E+00  0.62998371E-02
  0.14600000E+01  0.22000000E+00  0.66268307E-02
  0.14600000E+01  0.23999999E+00  0.69556775E-02
  0.14600000E+01  0.25999999E+00  0.72857794E-02
  0.14600000E+01  0.27999999E+00  0.76165793E-02
  0.14600000E+01  0.29999999E+00  0.79475619E-02
  0.14600000E+01  0.31999999E+00  0.82782553E-02
  0.14600000E+01  0.33999999E+00  0.86082322E-02
  0.14600000E+01  0.35999999E+00  0.89371116E-02
  0.14600000E+01  0.37999999E+00  0.92645598E-02
  0.14600000E+01  0.39999999E+00  0.95902922E-02
  0.14600000E+01  0.41999999E+00  0.99140750E-02
  0.14600000E+01  0.43999999E+00  0.10235727E-01
  0.14600000E+01  0.45999999E+00  0.10555121E-01
  0.14600000E+01  0.47999999E+00  0.10872184E-01
  0.14600000E+01  0.49999999E+00  0.11186902E-01
  0.14600000E+01  0.51999999E+00  0.11499318E-01
  0.14600000E+01  0.53999999E+00  0.11809537E-01
  0.14600000E+01  0.55999999E+00  0.12117722E-01
  0.14600000E+01  0.57999999E+00  0.12424099E-01
  0.14600000E+01  0.59999999E+00  0.12728958E-01
  0.14600000E+01  0.61999999E+00  0.13032649E-01
  0.14600000E+01  0.63999999E+00  0.13335587E-01
  0.14600000E+01  0.65999999E+00  0.13638247E-01
  0.14600000E+01  0.67999998E+00  0.13941165E-01
  0.14600000E+01  0.69999998E+00  0.14244936E-01
  0.14600000E+01  0.71999998E+00  0.14550210E-01
  0.14600000E+01  0.73999998E+00  0.14857690E-01
  0.14600000E+01  0.75999998E+00  0.15168124E-01
  0.14600000E+01  0.77999998E+00  0.15482300E-01
  0.14600000E+01  0.79999998E+00  0.15801041E-01
  0.14600000E+01  0.81999998E+00  0.16125190E-01
  0.14600000E+01  0.83999998E+00  0.16455600E-01
  0.14600000E+01  0.85999998E+00  0.16793121E-01
  0.14600000E+01  0.87999998E+00  0.17138579E-01
  0.14600000E+01  0.89999998E+00  0.17492757E-01
  0.14600000E+01  0.91999998E+00  0.17856370E-01
  0.14600000E+01  0.93999998E+00  0.18230030E-01
  0.14600000E+01  0.95999998E+00  0.18614216E-01
  0.14600000E+01  0.97999998E+00  0.19009224E-01
  0.14600000E+01  0.99999998E+00  0.19415118E-01
  0.14600000E+01  0.10200000E+01  0.19831665E-01
  0.14600000E+01  0.10400000E+01  0.20258256E-01
  0.14600000E+01  0.10600000E+01  0.20693817E-01
  0.14600000E+01  0.10800000E+01  0.21136686E-01
  0.14600000E+01  0.11000000E+01  0.21584476E-01
  0.14600000E+01  0.11200000E+01  0.22033890E-01
  0.14600000E+01  0.11400000E+01  0.22480487E-01
  0.14600000E+01  0.11600000E+01  0.22918385E-01
  0.14600000E+01  0.11800000E+01  0.23339853E-01
  0.14600000E+01  0.12000000E+01  0.23734758E-01
  0.14600000E+01  0.12200000E+01  0.24089781E-01
  0.14600000E+01  0.12400000E+01  0.24387244E-01
  0.14600000E+01  0.12600000E+01  0.24603292E-01
  0.14600000E+01  0.12800000E+01  0.24704834E-01
  0.14600000E+01  0.13000000E+01  0.24643941E-01
  0.14600000E+01  0.13200000E+01  0.24346233E-01
  0.14600000E+01  0.13400000E+01  0.23681788E-01
  0.14600000E+01  0.13600000E+01  0.22364431E-01
  0.14600000E+01  0.13800000E+01  0.19071541E-01
  0.14600000E+01  0.14000000E+01  0.16982981E-01
  0.14600000E+01  0.14200000E+01  0.17076445E-01
  0.14600000E+01  0.14400000E+01  0.17166456E-01
  0.14600000E+01  0.14600000E+01  0.17253366E-01
  0.14600000E+01  0.14800000E+01  0.17337548E-01
  0.14600000E+01  0.15000000E+01  0.17419399E-01
  0.14600000E+01  0.15200000E+01  0.17499338E-01
  0.14600000E+01  0.15400000E+01  0.17577802E-01
  0.14600000E+01  0.15600000E+01  0.17655247E-01
  0.14600000E+01  0.15800000E+01  0.17732146E-01
  0.14600000E+01  0.16000000E+01  0.17808991E-01
  0.14600000E+01  0.16200000E+01  0.17886284E-01
  0.14600000E+01  0.16400000E+01  0.17964539E-01
  0.14600000E+01  0.16600000E+01  0.18044282E-01
  0.14600000E+01  0.16800000E+01  0.18126044E-01
  0.14600000E+01  0.17000000E+01  0.18210357E-01
  0.14600000E+01  0.17200000E+01  0.18297758E-01
  0.14600000E+01  0.17400000E+01  0.18388775E-01
  0.14600000E+01  0.17600000E+01  0.18483931E-01
  0.14600000E+01  0.17800000E+01  0.18583737E-01
  0.14600000E+01  0.18000000E+01  0.18688686E-01
  0.14600000E+01  0.18200000E+01  0.18799249E-01
  0.14600000E+01  0.18400000E+01  0.18915867E-01
  0.14600000E+01  0.18600000E+01  0.19038949E-01
  0.14600000E+01  0.18800000E+01  0.19168862E-01
  0.14600000E+01  0.19000000E+01  0.19305924E-01
  0.14600000E+01  0.19200000E+01  0.19450398E-01
  0.14600000E+01  0.19400000E+01  0.19602485E-01
  0.14600000E+01  0.19600000E+01  0.19762312E-01
  0.14600000E+01  0.19800000E+01  0.19929925E-01
  0.14600000E+01  0.20000000E+01  0.20105280E-01
  0.14800000E+01  0.00000000E+00  0.69242382E-02
  0.14800000E+01  0.20000000E-01  0.66658085E-02
  0.14800000E+01  0.39999999E-01  0.64125354E-02
  0.14800000E+01  0.59999999E-01  0.61709692E-02
  0.14800000E+01  0.79999998E-01  0.59504854E-02
  0.14800000E+01  0.99999998E-01  0.57647853E-02
  0.14800000E+01  0.12000000E+00  0.56350780E-02
  0.14800000E+01  0.14000000E+00  0.55992438E-02
  0.14800000E+01  0.16000000E+00  0.57798577E-02
  0.14800000E+01  0.18000000E+00  0.60996309E-02
  0.14800000E+01  0.20000000E+00  0.64223282E-02
  0.14800000E+01  0.22000000E+00  0.67472818E-02
  0.14800000E+01  0.23999999E+00  0.70738648E-02
  0.14800000E+01  0.25999999E+00  0.74014921E-02
  0.14800000E+01  0.27999999E+00  0.77296214E-02
  0.14800000E+01  0.29999999E+00  0.80577549E-02
  0.14800000E+01  0.31999999E+00  0.83854402E-02
  0.14800000E+01  0.33999999E+00  0.87122719E-02
  0.14800000E+01  0.35999999E+00  0.90378932E-02
  0.14800000E+01  0.37999999E+00  0.93619976E-02
  0.14800000E+01  0.39999999E+00  0.96843300E-02
  0.14800000E+01  0.41999999E+00  0.10004689E-01
  0.14800000E+01  0.43999999E+00  0.10322929E-01
  0.14800000E+01  0.45999999E+00  0.10638959E-01
  0.14800000E+01  0.47999999E+00  0.10952749E-01
  0.14800000E+01  0.49999999E+00  0.11264327E-01
  0.14800000E+01  0.51999999E+00  0.11573782E-01
  0.14800000E+01  0.53999999E+00  0.11881266E-01
  0.14800000E+01  0.55999999E+00  0.12186995E-01
  0.14800000E+01  0.57999999E+00  0.12491247E-01
  0.14800000E+01  0.59999999E+00  0.12794365E-01
  0.14800000E+01  0.61999999E+00  0.13096756E-01
  0.14800000E+01  0.63999999E+00  0.13398890E-01
  0.14800000E+01  0.65999999E+00  0.13701300E-01
  0.14800000E+01  0.67999998E+00  0.14004578E-01
  0.14800000E+01  0.69999998E+00  0.14309374E-01
  0.14800000E+01  0.71999998E+00  0.14616390E-01
  0.14800000E+01  0.73999998E+00  0.14926380E-01
  0.14800000E+01  0.75999998E+00  0.15240134E-01
  0.14800000E+01  0.77999998E+00  0.15558482E-01
  0.14800000E+01  0.79999998E+00  0.15882273E-01
  0.14800000E+01  0.81999998E+00  0.16212370E-01
  0.14800000E+01  0.83999998E+00  0.16549635E-01
  0.14800000E+01  0.85999998E+00  0.16894905E-01
  0.14800000E+01  0.87999998E+00  0.17248979E-01
  0.14800000E+01  0.89999998E+00  0.17612587E-01
  0.14800000E+01  0.91999998E+00  0.17986360E-01
  0.14800000E+01  0.93999998E+00  0.18370796E-01
  0.14800000E+01  0.95999998E+00  0.18766213E-01
  0.14800000E+01  0.97999998E+00  0.19172701E-01
  0.14800000E+01  0.99999998E+00  0.19590053E-01
  0.14800000E+01  0.10200000E+01  0.20017690E-01
  0.14800000E+01  0.10400000E+01  0.20454573E-01
  0.14800000E+01  0.10600000E+01  0.20899078E-01
  0.14800000E+01  0.10800000E+01  0.21348862E-01
  0.14800000E+01  0.11000000E+01  0.21800679E-01
  0.14800000E+01  0.11200000E+01  0.22250150E-01
  0.14800000E+01  0.11400000E+01  0.22691467E-01
  0.14800000E+01  0.11600000E+01  0.23116987E-01
  0.14800000E+01  0.11800000E+01  0.23516693E-01
  0.14800000E+01  0.12000000E+01  0.23877410E-01
  0.14800000E+01  0.12200000E+01  0.24181653E-01
  0.14800000E+01  0.12400000E+01  0.24405831E-01
  0.14800000E+01  0.12600000E+01  0.24517221E-01
  0.14800000E+01  0.12800000E+01  0.24468454E-01
  0.14800000E+01  0.13000000E+01  0.24186040E-01
  0.14800000E+01  0.13200000E+01  0.23541693E-01
  0.14800000E+01  0.13400000E+01  0.22252996E-01
  0.14800000E+01  0.13600000E+01  0.19015619E-01
  0.14800000E+01  0.13800000E+01  0.16962621E-01
  0.14800000E+01  0.14000000E+01  0.17060003E-01
  0.14800000E+01  0.14200000E+01  0.17153801E-01
  0.14800000E+01  0.14400000E+01  0.17244369E-01
  0.14800000E+01  0.14600000E+01  0.17332082E-01
  0.14800000E+01  0.14800000E+01  0.17417338E-01
  0.14800000E+01  0.15000000E+01  0.17500557E-01
  0.14800000E+01  0.15200000E+01  0.17582180E-01
  0.14800000E+01  0.15400000E+01  0.17662667E-01
  0.14800000E+01  0.15600000E+01  0.17742495E-01
  0.14800000E+01  0.15800000E+01  0.17822159E-01
  0.14800000E+01  0.16000000E+01  0.17902167E-01
  0.14800000E+01  0.16200000E+01  0.17983039E-01
  0.14800000E+01  0.16400000E+01  0.18065305E-01
  0.14800000E+01  0.16600000E+01  0.18149502E-01
  0.14800000E+01  0.16800000E+01  0.18236171E-01
  0.14800000E+01  0.17000000E+01  0.18325851E-01
  0.14800000E+01  0.17200000E+01  0.18419080E-01
  0.14800000E+01  0.17400000E+01  0.18516388E-01
  0.14800000E+01  0.17600000E+01  0.18618290E-01
  0.14800000E+01  0.17800000E+01  0.18725288E-01
  0.14800000E+01  0.18000000E+01  0.18837857E-01
  0.14800000E+01  0.18200000E+01  0.18956447E-01
  0.14800000E+01  0.18400000E+01  0.19081472E-01
  0.14800000E+01  0.18600000E+01  0.19213304E-01
  0.14800000E+01  0.18800000E+01  0.19352267E-01
  0.14800000E+01  0.19000000E+01  0.19498631E-01
  0.14800000E+01  0.19200000E+01  0.19652598E-01
  0.14800000E+01  0.19400000E+01  0.19814302E-01
  0.14800000E+01  0.19600000E+01  0.19983790E-01
  0.14800000E+01  0.19800000E+01  0.20161024E-01
  0.14800000E+01  0.20000000E+01  0.20345859E-01
  0.15000000E+01  0.00000000E+00  0.66573503E-02
  0.15000000E+01  0.20000000E-01  0.63720510E-02
  0.15000000E+01  0.39999999E-01  0.61000209E-02
  0.15000000E+01  0.59999999E-01  0.58509109E-02
  0.15000000E+01  0.79999998E-01  0.56387626E-02
  0.15000000E+01  0.99999998E-01  0.54852147E-02
  0.15000000E+01  0.12000000E+00  0.54286352E-02
  0.15000000E+01  0.14000000E+00  0.55939572E-02
  0.15000000E+01  0.16000000E+00  0.59084636E-02
  0.15000000E+01  0.18000000E+00  0.62263325E-02
  0.15000000E+01  0.20000000E+00  0.65468660E-02
  0.15000000E+01  0.22000000E+00  0.68694076E-02
  0.15000000E+01  0.23999999E+00  0.71933441E-02
  0.15000000E+01  0.25999999E+00  0.75181059E-02
  0.15000000E+01  0.27999999E+00  0.78431686E-02
  0.15000000E+01  0.29999999E+00  0.81680545E-02
  0.15000000E+01  0.31999999E+00  0.84923340E-02
  0.15000000E+01  0.33999999E+00  0.88156268E-02
  0.15000000E+01  0.35999999E+00  0.91376040E-02
  0.15000000E+01  0.37999999E+00  0.94579898E-02
  0.15000000E+01  0.39999999E+00  0.97765626E-02
  0.15000000E+01  0.41999999E+00  0.10093157E-01
  0.15000000E+01  0.43999999E+00  0.10407667E-01
  0.15000000E+01  0.45999999E+00  0.10720043E-01
  0.15000000E+01  0.47999999E+00  0.11030300E-01
  0.15000000E+01  0.49999999E+00  0.11338512E-01
  0.15000000E+01  0.51999999E+00  0.11644821E-01
  0.15000000E+01  0.53999999E+00  0.11949428E-01
  0.15000000E+01  0.55999999E+00  0.12252605E-01
  0.15000000E+01  0.57999999E+00  0.12554686E-01
  0.15000000E+01  0.59999999E+00  0.12856071E-01
  0.15000000E+01  0.61999999E+00  0.13157225E-01
  0.15000000E+01  0.63999999E+00  0.13458678E-01
  0.15000000E+01  0.65999999E+00  0.13761020E-01
  0.15000000E+01  0.67999998E+00  0.14064900E-01
  0.15000000E+01  0.69999998E+00  0.14371023E-01
  0.15000000E+01  0.71999998E+00  0.14680144E-01
  0.15000000E+01  0.73999998E+00  0.14993060E-01
  0.15000000E+01  0.75999998E+00  0.15310604E-01
  0.15000000E+01  0.77999998E+00  0.15633637E-01
  0.15000000E+01  0.79999998E+00  0.15963029E-01
  0.15000000E+01  0.81999998E+00  0.16299653E-01
  0.15000000E+01  0.83999998E+00  0.16644361E-01
  0.15000000E+01  0.85999998E+00  0.16997965E-01
  0.15000000E+01  0.87999998E+00  0.17361211E-01
  0.15000000E+01  0.89999998E+00  0.17734751E-01
  0.15000000E+01  0.91999998E+00  0.18119101E-01
  0.15000000E+01  0.93999998E+00  0.18514603E-01
  0.15000000E+01  0.95999998E+00  0.18921370E-01
  0.15000000E+01  0.97999998E+00  0.19339223E-01
  0.15000000E+01  0.99999998E+00  0.19767617E-01
  0.15000000E+01  0.10200000E+01  0.20205543E-01
  0.15000000E+01  0.10400000E+01  0.20651420E-01
  0.15000000E+01  0.10600000E+01  0.21102949E-01
  0.15000000E+01  0.10800000E+01  0.21556937E-01
  0.15000000E+01  0.11000000E+01  0.22009069E-01
  0.15000000E+01  0.11200000E+01  0.22453612E-01
  0.15000000E+01  0.11400000E+01  0.22883019E-01
  0.15000000E+01  0.11600000E+01  0.23287391E-01
  0.15000000E+01  0.11800000E+01  0.23653705E-01
  0.15000000E+01  0.12000000E+01  0.23964682E-01
  0.15000000E+01  0.12200000E+01  0.24197004E-01
  0.15000000E+01  0.12400000E+01  0.24318343E-01
  0.15000000E+01  0.12600000E+01  0.24281913E-01
  0.15000000E+01  0.12800000E+01  0.24015171E-01
  0.15000000E+01  0.13000000E+01  0.23391543E-01
  0.15000000E+01  0.13200000E+01  0.22132566E-01
  0.15000000E+01  0.13400000E+01  0.18953060E-01
  0.15000000E+01  0.13600000E+01  0.16937277E-01
  0.15000000E+01  0.13800000E+01  0.17038837E-01
  0.15000000E+01  0.14000000E+01  0.17136690E-01
  0.15000000E+01  0.14200000E+01  0.17231187E-01
  0.15000000E+01  0.14400000E+01  0.17322706E-01
  0.15000000E+01  0.14600000E+01  0.17411645E-01
  0.15000000E+01  0.14800000E+01  0.17498425E-01
  0.15000000E+01  0.15000000E+01  0.17583488E-01
  0.15000000E+01  0.15200000E+01  0.17667297E-01
  0.15000000E+01  0.15400000E+01  0.17750332E-01
  0.15000000E+01  0.15600000E+01  0.17833091E-01
  0.15000000E+01  0.15800000E+01  0.17916086E-01
  0.15000000E+01  0.16000000E+01  0.17999841E-01
  0.15000000E+01  0.16200000E+01  0.18084892E-01
  0.15000000E+01  0.16400000E+01  0.18171780E-01
  0.15000000E+01  0.16600000E+01  0.18261049E-01
  0.15000000E+01  0.16800000E+01  0.18353247E-01
  0.15000000E+01  0.17000000E+01  0.18448915E-01
  0.15000000E+01  0.17200000E+01  0.18548589E-01
  0.15000000E+01  0.17400000E+01  0.18652791E-01
  0.15000000E+01  0.17600000E+01  0.18762027E-01
  0.15000000E+01  0.17800000E+01  0.18876780E-01
  0.15000000E+01  0.18000000E+01  0.18997502E-01
  0.15000000E+01  0.18200000E+01  0.19124615E-01
  0.15000000E+01  0.18400000E+01  0.19258496E-01
  0.15000000E+01  0.18600000E+01  0.19399475E-01
  0.15000000E+01  0.18800000E+01  0.19547823E-01
  0.15000000E+01  0.19000000E+01  0.19703750E-01
  0.15000000E+01  0.19200000E+01  0.19867391E-01
  0.15000000E+01  0.19400000E+01  0.20038800E-01
  0.15000000E+01  0.19600000E+01  0.20217937E-01
  0.15000000E+01  0.19800000E+01  0.20404664E-01
  0.15000000E+01  0.20000000E+01  0.20598728E-01
  0.15200000E+01  0.00000000E+00  0.63457100E-02
  0.15200000E+01  0.20000000E-01  0.60419849E-02
  0.15200000E+01  0.39999999E-01  0.57631216E-02
  0.15200000E+01  0.59999999E-01  0.55235491E-02
  0.15200000E+01  0.79999998E-01  0.53454181E-02
  0.15200000E+01  0.99999998E-01  0.52677885E-02
  0.15200000E+01  0.12000000E+00  0.54184299E-02
  0.15200000E+01  0.14000000E+00  0.57271447E-02
  0.15200000E+01  0.16000000E+00  0.60396660E-02
  0.15200000E+01  0.18000000E+00  0.63552649E-02
  0.15200000E+01  0.20000000E+00  0.66732552E-02
  0.15200000E+01  0.22000000E+00  0.69929948E-02
  0.15200000E+01  0.23999999E+00  0.73138862E-02
  0.15200000E+01  0.25999999E+00  0.76353784E-02
  0.15200000E+01  0.27999999E+00  0.79569678E-02
  0.15200000E+01  0.29999999E+00  0.82782001E-02
  0.15200000E+01  0.31999999E+00  0.85986716E-02
  0.15200000E+01  0.33999999E+00  0.89180310E-02
  0.15200000E+01  0.35999999E+00  0.92359809E-02
  0.15200000E+01  0.37999999E+00  0.95522800E-02
  0.15200000E+01  0.39999999E+00  0.98667440E-02
  0.15200000E+01  0.41999999E+00  0.10179248E-01
  0.15200000E+01  0.43999999E+00  0.10489729E-01
  0.15200000E+01  0.45999999E+00  0.10798184E-01
  0.15200000E+01  0.47999999E+00  0.11104676E-01
  0.15200000E+01  0.49999999E+00  0.11409331E-01
  0.15200000E+01  0.51999999E+00  0.11712345E-01
  0.15200000E+01  0.53999999E+00  0.12013975E-01
  0.15200000E+01  0.55999999E+00  0.12314550E-01
  0.15200000E+01  0.57999999E+00  0.12614464E-01
  0.15200000E+01  0.59999999E+00  0.12914177E-01
  0.15200000E+01  0.61999999E+00  0.13214215E-01
  0.15200000E+01  0.63999999E+00  0.13515168E-01
  0.15200000E+01  0.65999999E+00  0.13817685E-01
  0.15200000E+01  0.67999998E+00  0.14122471E-01
  0.15200000E+01  0.69999998E+00  0.14430286E-01
  0.15200000E+01  0.71999998E+00  0.14741932E-01
  0.15200000E+01  0.73999998E+00  0.15058249E-01
  0.15200000E+01  0.75999998E+00  0.15380105E-01
  0.15200000E+01  0.77999998E+00  0.15708381E-01
  0.15200000E+01  0.79999998E+00  0.16043962E-01
  0.15200000E+01  0.81999998E+00  0.16387712E-01
  0.15200000E+01  0.83999998E+00  0.16740460E-01
  0.15200000E+01  0.85999998E+00  0.17102968E-01
  0.15200000E+01  0.87999998E+00  0.17475906E-01
  0.15200000E+01  0.89999998E+00  0.17859812E-01
  0.15200000E+01  0.91999998E+00  0.18255050E-01
  0.15200000E+01  0.93999998E+00  0.18661759E-01
  0.15200000E+01  0.95999998E+00  0.19079788E-01
  0.15200000E+01  0.97999998E+00  0.19508623E-01
  0.15200000E+01  0.99999998E+00  0.19947291E-01
  0.15200000E+01  0.10200000E+01  0.20394250E-01
  0.15200000E+01  0.10400000E+01  0.20847250E-01
  0.15200000E+01  0.10600000E+01  0.21303151E-01
  0.15200000E+01  0.10800000E+01  0.21757704E-01
  0.15200000E+01  0.11000000E+01  0.22205255E-01
  0.15200000E+01  0.11200000E+01  0.22638355E-01
  0.15200000E+01  0.11400000E+01  0.23047228E-01
  0.15200000E+01  0.11600000E+01  0.23419013E-01
  0.15200000E+01  0.11800000E+01  0.23736642E-01
  0.15200000E+01  0.12000000E+01  0.23977086E-01
  0.15200000E+01  0.12200000E+01  0.24108429E-01
  0.15200000E+01  0.12400000E+01  0.24084500E-01
  0.15200000E+01  0.12600000E+01  0.23833741E-01
  0.15200000E+01  0.12800000E+01  0.23231376E-01
  0.15200000E+01  0.13000000E+01  0.22003065E-01
  0.15200000E+01  0.13200000E+01  0.18883575E-01
  0.15200000E+01  0.13400000E+01  0.16906518E-01
  0.15200000E+01  0.13600000E+01  0.17012497E-01
  0.15200000E+01  0.13800000E+01  0.17114652E-01
  0.15200000E+01  0.14000000E+01  0.17213334E-01
  0.15200000E+01  0.14200000E+01  0.17308918E-01
  0.15200000E+01  0.14400000E+01  0.17401803E-01
  0.15200000E+01  0.14600000E+01  0.17492409E-01
  0.15200000E+01  0.14800000E+01  0.17581180E-01
  0.15200000E+01  0.15000000E+01  0.17668580E-01
  0.15200000E+01  0.15200000E+01  0.17755091E-01
  0.15200000E+01  0.15400000E+01  0.17841213E-01
  0.15200000E+01  0.15600000E+01  0.17927460E-01
  0.15200000E+01  0.15800000E+01  0.18014361E-01
  0.15200000E+01  0.16000000E+01  0.18102452E-01
  0.15200000E+01  0.16200000E+01  0.18192281E-01
  0.15200000E+01  0.16400000E+01  0.18284396E-01
  0.15200000E+01  0.16600000E+01  0.18379347E-01
  0.15200000E+01  0.16800000E+01  0.18477682E-01
  0.15200000E+01  0.17000000E+01  0.18579939E-01
  0.15200000E+01  0.17200000E+01  0.18686647E-01
  0.15200000E+01  0.17400000E+01  0.18798316E-01
  0.15200000E+01  0.17600000E+01  0.18915432E-01
  0.15200000E+01  0.17800000E+01  0.19038455E-01
  0.15200000E+01  0.18000000E+01  0.19167810E-01
  0.15200000E+01  0.18200000E+01  0.19303878E-01
  0.15200000E+01  0.18400000E+01  0.19446994E-01
  0.15200000E+01  0.18600000E+01  0.19597433E-01
  0.15200000E+01  0.18800000E+01  0.19755409E-01
  0.15200000E+01  0.19000000E+01  0.19921061E-01
  0.15200000E+01  0.19200000E+01  0.20094444E-01
  0.15200000E+01  0.19400000E+01  0.20275525E-01
  0.15200000E+01  0.19600000E+01  0.20464165E-01
  0.15200000E+01  0.19800000E+01  0.20660115E-01
  0.15200000E+01  0.20000000E+01  0.20863003E-01
  0.15400000E+01  0.00000000E+00  0.59957564E-02
  0.15400000E+01  0.20000000E-01  0.56861629E-02
  0.15400000E+01  0.39999999E-01  0.54183897E-02
  0.15400000E+01  0.59999999E-01  0.52152124E-02
  0.15400000E+01  0.79999998E-01  0.51166761E-02
  0.15400000E+01  0.99999998E-01  0.52540501E-02
  0.15400000E+01  0.12000000E+00  0.55564616E-02
  0.15400000E+01  0.14000000E+00  0.58631292E-02
  0.15400000E+01  0.16000000E+00  0.61732923E-02
  0.15400000E+01  0.18000000E+00  0.64862343E-02
  0.15400000E+01  0.20000000E+00  0.68012836E-02
  0.15400000E+01  0.22000000E+00  0.71178143E-02
  0.15400000E+01  0.23999999E+00  0.74352481E-02
  0.15400000E+01  0.25999999E+00  0.77530554E-02
  0.15400000E+01  0.27999999E+00  0.80707567E-02
  0.15400000E+01  0.29999999E+00  0.83879244E-02
  0.15400000E+01  0.31999999E+00  0.87041845E-02
  0.15400000E+01  0.33999999E+00  0.90192183E-02
  0.15400000E+01  0.35999999E+00  0.93327640E-02
  0.15400000E+01  0.37999999E+00  0.96446186E-02
  0.15400000E+01  0.39999999E+00  0.99546395E-02
  0.15400000E+01  0.41999999E+00  0.10262747E-01
  0.15400000E+01  0.43999999E+00  0.10568923E-01
  0.15400000E+01  0.45999999E+00  0.10873218E-01
  0.15400000E+01  0.47999999E+00  0.11175746E-01
  0.15400000E+01  0.49999999E+00  0.11476691E-01
  0.15400000E+01  0.51999999E+00  0.11776303E-01
  0.15400000E+01  0.53999999E+00  0.12074901E-01
  0.15400000E+01  0.55999999E+00  0.12372875E-01
  0.15400000E+01  0.57999999E+00  0.12670680E-01
  0.15400000E+01  0.59999999E+00  0.12968840E-01
  0.15400000E+01  0.61999999E+00  0.13267943E-01
  0.15400000E+01  0.63999999E+00  0.13568638E-01
  0.15400000E+01  0.65999999E+00  0.13871636E-01
  0.15400000E+01  0.67999998E+00  0.14177696E-01
  0.15400000E+01  0.69999998E+00  0.14487627E-01
  0.15400000E+01  0.71999998E+00  0.14802278E-01
  0.15400000E+01  0.73999998E+00  0.15122524E-01
  0.15400000E+01  0.75999998E+00  0.15449258E-01
  0.15400000E+01  0.77999998E+00  0.15783375E-01
  0.15400000E+01  0.79999998E+00  0.16125756E-01
  0.15400000E+01  0.81999998E+00  0.16477242E-01
  0.15400000E+01  0.83999998E+00  0.16838615E-01
  0.15400000E+01  0.85999998E+00  0.17210563E-01
  0.15400000E+01  0.87999998E+00  0.17593645E-01
  0.15400000E+01  0.89999998E+00  0.17988250E-01
  0.15400000E+01  0.91999998E+00  0.18394541E-01
  0.15400000E+01  0.93999998E+00  0.18812397E-01
  0.15400000E+01  0.95999998E+00  0.19241334E-01
  0.15400000E+01  0.97999998E+00  0.19680418E-01
  0.15400000E+01  0.99999998E+00  0.20128148E-01
  0.15400000E+01  0.10200000E+01  0.20582319E-01
  0.15400000E+01  0.10400000E+01  0.21039850E-01
  0.15400000E+01  0.10600000E+01  0.21496559E-01
  0.15400000E+01  0.10800000E+01  0.21946872E-01
  0.15400000E+01  0.11000000E+01  0.22383443E-01
  0.15400000E+01  0.11200000E+01  0.22796624E-01
  0.15400000E+01  0.11400000E+01  0.23173721E-01
  0.15400000E+01  0.11600000E+01  0.23497886E-01
  0.15400000E+01  0.11800000E+01  0.23746392E-01
  0.15400000E+01  0.12000000E+01  0.23887752E-01
  0.15400000E+01  0.12200000E+01  0.23876433E-01
  0.15400000E+01  0.12400000E+01  0.23641909E-01
  0.15400000E+01  0.12600000E+01  0.23061270E-01
  0.15400000E+01  0.12800000E+01  0.21864458E-01
  0.15400000E+01  0.13000000E+01  0.18806914E-01
  0.15400000E+01  0.13200000E+01  0.16869953E-01
  0.15400000E+01  0.13400000E+01  0.16980570E-01
  0.15400000E+01  0.13600000E+01  0.17087256E-01
  0.15400000E+01  0.13800000E+01  0.17190358E-01
  0.15400000E+01  0.14000000E+01  0.17290249E-01
  0.15400000E+01  0.14200000E+01  0.17387326E-01
  0.15400000E+01  0.14400000E+01  0.17482009E-01
  0.15400000E+01  0.14600000E+01  0.17574743E-01
  0.15400000E+01  0.14800000E+01  0.17665990E-01
  0.15400000E+01  0.15000000E+01  0.17756233E-01
  0.15400000E+01  0.15200000E+01  0.17845975E-01
  0.15400000E+01  0.15400000E+01  0.17935730E-01
  0.15400000E+01  0.15600000E+01  0.18026029E-01
  0.15400000E+01  0.15800000E+01  0.18117413E-01
  0.15400000E+01  0.16000000E+01  0.18210428E-01
  0.15400000E+01  0.16200000E+01  0.18305628E-01
  0.15400000E+01  0.16400000E+01  0.18403566E-01
  0.15400000E+01  0.16600000E+01  0.18504793E-01
  0.15400000E+01  0.16800000E+01  0.18609852E-01
  0.15400000E+01  0.17000000E+01  0.18719273E-01
  0.15400000E+01  0.17200000E+01  0.18833570E-01
  0.15400000E+01  0.17400000E+01  0.18953236E-01
  0.15400000E+01  0.17600000E+01  0.19078733E-01
  0.15400000E+01  0.17800000E+01  0.19210488E-01
  0.15400000E+01  0.18000000E+01  0.19348888E-01
  0.15400000E+01  0.18200000E+01  0.19494270E-01
  0.15400000E+01  0.18400000E+01  0.19646916E-01
  0.15400000E+01  0.18600000E+01  0.19807040E-01
  0.15400000E+01  0.18800000E+01  0.19974785E-01
  0.15400000E+01  0.19000000E+01  0.20150211E-01
  0.15400000E+01  0.19200000E+01  0.20333285E-01
  0.15400000E+01  0.19400000E+01  0.20523873E-01
  0.15400000E+01  0.19600000E+01  0.20721728E-01
  0.15400000E+01  0.19800000E+01  0.20926480E-01
  0.15400000E+01  0.20000000E+01  0.21137624E-01
  0.15600000E+01  0.00000000E+00  0.56188847E-02
  0.15600000E+01  0.20000000E-01  0.53223550E-02
  0.15600000E+01  0.39999999E-01  0.50939756E-02
  0.15600000E+01  0.59999999E-01  0.49751692E-02
  0.15600000E+01  0.79999998E-01  0.51015694E-02
  0.15600000E+01  0.99999998E-01  0.53971792E-02
  0.15600000E+01  0.12000000E+00  0.56975003E-02
  0.15600000E+01  0.14000000E+00  0.60017398E-02
  0.15600000E+01  0.16000000E+00  0.63091499E-02
  0.15600000E+01  0.18000000E+00  0.66190286E-02
  0.15600000E+01  0.20000000E+00  0.69307213E-02
  0.15600000E+01  0.22000000E+00  0.72436218E-02
  0.15600000E+01  0.23999999E+00  0.75571735E-02
  0.15600000E+01  0.25999999E+00  0.78708717E-02
  0.15600000E+01  0.27999999E+00  0.81842645E-02
  0.15600000E+01  0.29999999E+00  0.84969548E-02
  0.15600000E+01  0.31999999E+00  0.88086021E-02
  0.15600000E+01  0.33999999E+00  0.91189240E-02
  0.15600000E+01  0.35999999E+00  0.94276985E-02
  0.15600000E+01  0.37999999E+00  0.97347653E-02
  0.15600000E+01  0.39999999E+00  0.10040028E-01
  0.15600000E+01  0.41999999E+00  0.10343454E-01
  0.15600000E+01  0.43999999E+00  0.10645081E-01
  0.15600000E+01  0.45999999E+00  0.10945009E-01
  0.15600000E+01  0.47999999E+00  0.11243413E-01
  0.15600000E+01  0.49999999E+00  0.11540534E-01
  0.15600000E+01  0.51999999E+00  0.11836685E-01
  0.15600000E+01  0.53999999E+00  0.12132248E-01
  0.15600000E+01  0.55999999E+00  0.12427675E-01
  0.15600000E+01  0.57999999E+00  0.12723489E-01
  0.15600000E+01  0.59999999E+00  0.13020275E-01
  0.15600000E+01  0.61999999E+00  0.13318685E-01
  0.15600000E+01  0.63999999E+00  0.13619430E-01
  0.15600000E+01  0.65999999E+00  0.13923277E-01
  0.15600000E+01  0.67999998E+00  0.14231040E-01
  0.15600000E+01  0.69999998E+00  0.14543573E-01
  0.15600000E+01  0.71999998E+00  0.14861763E-01
  0.15600000E+01  0.73999998E+00  0.15186513E-01
  0.15600000E+01  0.75999998E+00  0.15518732E-01
  0.15600000E+01  0.77999998E+00  0.15859313E-01
  0.15600000E+01  0.79999998E+00  0.16209115E-01
  0.15600000E+01  0.81999998E+00  0.16568938E-01
  0.15600000E+01  0.83999998E+00  0.16939488E-01
  0.15600000E+01  0.85999998E+00  0.17321348E-01
  0.15600000E+01  0.87999998E+00  0.17714929E-01
  0.15600000E+01  0.89999998E+00  0.18120421E-01
  0.15600000E+01  0.91999998E+00  0.18537733E-01
  0.15600000E+01  0.93999998E+00  0.18966413E-01
  0.15600000E+01  0.95999998E+00  0.19405564E-01
  0.15600000E+01  0.97999998E+00  0.19853727E-01
  0.15600000E+01  0.99999998E+00  0.20308748E-01
  0.15600000E+01  0.10200000E+01  0.20767601E-01
  0.15600000E+01  0.10400000E+01  0.21226174E-01
  0.15600000E+01  0.10600000E+01  0.21678977E-01
  0.15600000E+01  0.10800000E+01  0.22118770E-01
  0.15600000E+01  0.11000000E+01  0.22536038E-01
  0.15600000E+01  0.11200000E+01  0.22918256E-01
  0.15600000E+01  0.11400000E+01  0.23248807E-01
  0.15600000E+01  0.11600000E+01  0.23505277E-01
  0.15600000E+01  0.11800000E+01  0.23656622E-01
  0.15600000E+01  0.12000000E+01  0.23657975E-01
  0.15600000E+01  0.12200000E+01  0.23439872E-01
  0.15600000E+01  0.12400000E+01  0.22881341E-01
  0.15600000E+01  0.12600000E+01  0.21716751E-01
  0.15600000E+01  0.12800000E+01  0.18722867E-01
  0.15600000E+01  0.13000000E+01  0.16827230E-01
  0.15600000E+01  0.13200000E+01  0.16942685E-01
  0.15600000E+01  0.13400000E+01  0.17054108E-01
  0.15600000E+01  0.13600000E+01  0.17161845E-01
  0.15600000E+01  0.13800000E+01  0.17266264E-01
  0.15600000E+01  0.14000000E+01  0.17367762E-01
  0.15600000E+01  0.14200000E+01  0.17466757E-01
  0.15600000E+01  0.14400000E+01  0.17563691E-01
  0.15600000E+01  0.14600000E+01  0.17659026E-01
  0.15600000E+01  0.14800000E+01  0.17753247E-01
  0.15600000E+01  0.15000000E+01  0.17846853E-01
  0.15600000E+01  0.15200000E+01  0.17940361E-01
  0.15600000E+01  0.15400000E+01  0.18034304E-01
  0.15600000E+01  0.15600000E+01  0.18129221E-01
  0.15600000E+01  0.15800000E+01  0.18225662E-01
  0.15600000E+01  0.16000000E+01  0.18324183E-01
  0.15600000E+01  0.16200000E+01  0.18425337E-01
  0.15600000E+01  0.16400000E+01  0.18529679E-01
  0.15600000E+01  0.16600000E+01  0.18637754E-01
  0.15600000E+01  0.16800000E+01  0.18750095E-01
  0.15600000E+01  0.17000000E+01  0.18867220E-01
  0.15600000E+01  0.17200000E+01  0.18989622E-01
  0.15600000E+01  0.17400000E+01  0.19117767E-01
  0.15600000E+01  0.17600000E+01  0.19252086E-01
  0.15600000E+01  0.17800000E+01  0.19392969E-01
  0.15600000E+01  0.18000000E+01  0.19540755E-01
  0.15600000E+01  0.18200000E+01  0.19695728E-01
  0.15600000E+01  0.18400000E+01  0.19858108E-01
  0.15600000E+01  0.18600000E+01  0.20028039E-01
  0.15600000E+01  0.18800000E+01  0.20205583E-01
  0.15600000E+01  0.19000000E+01  0.20390713E-01
  0.15600000E+01  0.19200000E+01  0.20583295E-01
  0.15600000E+01  0.19400000E+01  0.20783086E-01
  0.15600000E+01  0.19600000E+01  0.20989718E-01
  0.15600000E+01  0.19800000E+01  0.21202689E-01
  0.15600000E+01  0.20000000E+01  0.21421350E-01
  0.15800000E+01  0.00000000E+00  0.52343281E-02
  0.15800000E+01  0.20000000E-01  0.49809296E-02
  0.15800000E+01  0.39999999E-01  0.48430309E-02
  0.15800000E+01  0.59999999E-01  0.49617163E-02
  0.15800000E+01  0.79999998E-01  0.52500389E-02
  0.15800000E+01  0.99999998E-01  0.55435341E-02
  0.15800000E+01  0.12000000E+00  0.58413757E-02
  0.15800000E+01  0.14000000E+00  0.61427838E-02
  0.15800000E+01  0.16000000E+00  0.64470255E-02
  0.15800000E+01  0.18000000E+00  0.67534164E-02
  0.15800000E+01  0.20000000E+00  0.70613217E-02
  0.15800000E+01  0.22000000E+00  0.73701577E-02
  0.15800000E+01  0.23999999E+00  0.76793936E-02
  0.15800000E+01  0.25999999E+00  0.79885525E-02
  0.15800000E+01  0.27999999E+00  0.82972140E-02
  0.15800000E+01  0.29999999E+00  0.86050154E-02
  0.15800000E+01  0.31999999E+00  0.89116536E-02
  0.15800000E+01  0.33999999E+00  0.92168872E-02
  0.15800000E+01  0.35999999E+00  0.95205378E-02
  0.15800000E+01  0.37999999E+00  0.98224924E-02
  0.15800000E+01  0.39999999E+00  0.10122704E-01
  0.15800000E+01  0.41999999E+00  0.10421196E-01
  0.15800000E+01  0.43999999E+00  0.10718058E-01
  0.15800000E+01  0.45999999E+00  0.11013452E-01
  0.15800000E+01  0.47999999E+00  0.11307613E-01
  0.15800000E+01  0.49999999E+00  0.11600846E-01
  0.15800000E+01  0.51999999E+00  0.11893527E-01
  0.15800000E+01  0.53999999E+00  0.12186106E-01
  0.15800000E+01  0.55999999E+00  0.12479101E-01
  0.15800000E+01  0.57999999E+00  0.12773100E-01
  0.15800000E+01  0.59999999E+00  0.13068755E-01
  0.15800000E+01  0.61999999E+00  0.13366780E-01
  0.15800000E+01  0.63999999E+00  0.13667947E-01
  0.15800000E+01  0.65999999E+00  0.13973076E-01
  0.15800000E+01  0.67999998E+00  0.14283031E-01
  0.15800000E+01  0.69999998E+00  0.14598707E-01
  0.15800000E+01  0.71999998E+00  0.14921020E-01
  0.15800000E+01  0.73999998E+00  0.15250891E-01
  0.15800000E+01  0.75999998E+00  0.15589228E-01
  0.15800000E+01  0.77999998E+00  0.15936908E-01
  0.15800000E+01  0.79999998E+00  0.16294748E-01
  0.15800000E+01  0.81999998E+00  0.16663476E-01
  0.15800000E+01  0.83999998E+00  0.17043695E-01
  0.15800000E+01  0.85999998E+00  0.17435842E-01
  0.15800000E+01  0.87999998E+00  0.17840135E-01
  0.15800000E+01  0.89999998E+00  0.18256511E-01
  0.15800000E+01  0.91999998E+00  0.18684552E-01
  0.15800000E+01  0.93999998E+00  0.19123400E-01
  0.15800000E+01  0.95999998E+00  0.19571638E-01
  0.15800000E+01  0.97999998E+00  0.20027161E-01
  0.15800000E+01  0.99999998E+00  0.20487005E-01
  0.15800000E+01  0.10200000E+01  0.20947126E-01
  0.15800000E+01  0.10400000E+01  0.21402123E-01
  0.15800000E+01  0.10600000E+01  0.21844862E-01
  0.15800000E+01  0.10800000E+01  0.22265963E-01
  0.15800000E+01  0.11000000E+01  0.22653082E-01
  0.15800000E+01  0.11200000E+01  0.22989835E-01
  0.15800000E+01  0.11400000E+01  0.23254133E-01
  0.15800000E+01  0.11600000E+01  0.23415390E-01
  0.15800000E+01  0.11800000E+01  0.23429422E-01
  0.15800000E+01  0.12000000E+01  0.23227867E-01
  0.15800000E+01  0.12200000E+01  0.22691746E-01
  0.15800000E+01  0.12400000E+01  0.21559989E-01
  0.15800000E+01  0.12600000E+01  0.18631267E-01
  0.15800000E+01  0.12800000E+01  0.16778041E-01
  0.15800000E+01  0.13000000E+01  0.16898508E-01
  0.15800000E+01  0.13200000E+01  0.17014853E-01
  0.15800000E+01  0.13400000E+01  0.17127418E-01
  0.15800000E+01  0.13600000E+01  0.17236568E-01
  0.15800000E+01  0.13800000E+01  0.17342696E-01
  0.15800000E+01  0.14000000E+01  0.17446218E-01
  0.15800000E+01  0.14200000E+01  0.17547574E-01
  0.15800000E+01  0.14400000E+01  0.17647223E-01
  0.15800000E+01  0.14600000E+01  0.17745650E-01
  0.15800000E+01  0.14800000E+01  0.17843352E-01
  0.15800000E+01  0.15000000E+01  0.17940847E-01
  0.15800000E+01  0.15200000E+01  0.18038665E-01
  0.15800000E+01  0.15400000E+01  0.18137349E-01
  0.15800000E+01  0.15600000E+01  0.18237447E-01
  0.15800000E+01  0.15800000E+01  0.18339515E-01
  0.15800000E+01  0.16000000E+01  0.18444110E-01
  0.15800000E+01  0.16200000E+01  0.18551786E-01
  0.15800000E+01  0.16400000E+01  0.18663089E-01
  0.15800000E+01  0.16600000E+01  0.18778556E-01
  0.15800000E+01  0.16800000E+01  0.18898704E-01
  0.15800000E+01  0.17000000E+01  0.19024030E-01
  0.15800000E+01  0.17200000E+01  0.19155001E-01
  0.15800000E+01  0.17400000E+01  0.19292050E-01
  0.15800000E+01  0.17600000E+01  0.19435569E-01
  0.15800000E+01  0.17800000E+01  0.19585901E-01
  0.15800000E+01  0.18000000E+01  0.19743331E-01
  0.15800000E+01  0.18200000E+01  0.19908080E-01
  0.15800000E+01  0.18400000E+01  0.20080297E-01
  0.15800000E+01  0.18600000E+01  0.20260046E-01
  0.15800000E+01  0.18800000E+01  0.20447302E-01
  0.15800000E+01  0.19000000E+01  0.20641934E-01
  0.15800000E+01  0.19200000E+01  0.20843702E-01
  0.15800000E+01  0.19400000E+01  0.21052242E-01
  0.15800000E+01  0.19600000E+01  0.21267054E-01
  0.15800000E+01  0.19800000E+01  0.21487493E-01
  0.15800000E+01  0.20000000E+01  0.21712756E-01
  0.16000000E+01  0.00000000E+00  0.48751275E-02
  0.16000000E+01  0.20000000E-01  0.47199086E-02
  0.16000000E+01  0.39999999E-01  0.48351953E-02
  0.16000000E+01  0.59999999E-01  0.51157583E-02
  0.16000000E+01  0.79999998E-01  0.54019614E-02
  0.16000000E+01  0.99999998E-01  0.56929443E-02
  0.16000000E+01  0.12000000E+00  0.59878940E-02
  0.16000000E+01  0.14000000E+00  0.62860460E-02
  0.16000000E+01  0.16000000E+00  0.65866851E-02
  0.16000000E+01  0.18000000E+00  0.68891473E-02
  0.16000000E+01  0.20000000E+00  0.71928210E-02
  0.16000000E+01  0.22000000E+00  0.74971484E-02
  0.16000000E+01  0.23999999E+00  0.78016276E-02
  0.16000000E+01  0.25999999E+00  0.81058141E-02
  0.16000000E+01  0.27999999E+00  0.84093224E-02
  0.16000000E+01  0.29999999E+00  0.87118284E-02
  0.16000000E+01  0.31999999E+00  0.90130708E-02
  0.16000000E+01  0.33999999E+00  0.93128532E-02
  0.16000000E+01  0.35999999E+00  0.96110457E-02
  0.16000000E+01  0.37999999E+00  0.99075868E-02
  0.16000000E+01  0.39999999E+00  0.10202485E-01
  0.16000000E+01  0.41999999E+00  0.10495819E-01
  0.16000000E+01  0.43999999E+00  0.10787741E-01
  0.16000000E+01  0.45999999E+00  0.11078476E-01
  0.16000000E+01  0.47999999E+00  0.11368323E-01
  0.16000000E+01  0.49999999E+00  0.11657653E-01
  0.16000000E+01  0.51999999E+00  0.11946913E-01
  0.16000000E+01  0.53999999E+00  0.12236618E-01
  0.16000000E+01  0.55999999E+00  0.12527357E-01
  0.16000000E+01  0.57999999E+00  0.12819784E-01
  0.16000000E+01  0.59999999E+00  0.13114616E-01
  0.16000000E+01  0.61999999E+00  0.13412631E-01
  0.16000000E+01  0.63999999E+00  0.13714655E-01
  0.16000000E+01  0.65999999E+00  0.14021561E-01
  0.16000000E+01  0.67999998E+00  0.14334256E-01
  0.16000000E+01  0.69999998E+00  0.14653666E-01
  0.16000000E+01  0.71999998E+00  0.14980728E-01
  0.16000000E+01  0.73999998E+00  0.15316364E-01
  0.16000000E+01  0.75999998E+00  0.15661469E-01
  0.16000000E+01  0.77999998E+00  0.16016879E-01
  0.16000000E+01  0.79999998E+00  0.16383342E-01
  0.16000000E+01  0.81999998E+00  0.16761486E-01
  0.16000000E+01  0.83999998E+00  0.17151772E-01
  0.16000000E+01  0.85999998E+00  0.17554445E-01
  0.16000000E+01  0.87999998E+00  0.17969474E-01
  0.16000000E+01  0.89999998E+00  0.18396475E-01
  0.16000000E+01  0.91999998E+00  0.18834627E-01
  0.16000000E+01  0.93999998E+00  0.19282559E-01
  0.16000000E+01  0.95999998E+00  0.19738217E-01
  0.16000000E+01  0.97999998E+00  0.20198697E-01
  0.16000000E+01  0.99999998E+00  0.20660027E-01
  0.16000000E+01  0.10200000E+01  0.21116894E-01
  0.16000000E+01  0.10400000E+01  0.21562275E-01
  0.16000000E+01  0.10600000E+01  0.21986932E-01
  0.16000000E+01  0.10800000E+01  0.22378700E-01
  0.16000000E+01  0.11000000E+01  0.22721438E-01
  0.16000000E+01  0.11200000E+01  0.22993390E-01
  0.16000000E+01  0.11400000E+01  0.23164441E-01
  0.16000000E+01  0.11600000E+01  0.23191111E-01
  0.16000000E+01  0.11800000E+01  0.23006169E-01
  0.16000000E+01  0.12000000E+01  0.22492682E-01
  0.16000000E+01  0.12200000E+01  0.21394255E-01
  0.16000000E+01  0.12400000E+01  0.18531985E-01
  0.16000000E+01  0.12600000E+01  0.16722117E-01
  0.16000000E+01  0.12800000E+01  0.16847746E-01
  0.16000000E+01  0.13000000E+01  0.16969175E-01
  0.16000000E+01  0.13200000E+01  0.17086740E-01
  0.16000000E+01  0.13400000E+01  0.17200802E-01
  0.16000000E+01  0.13600000E+01  0.17311749E-01
  0.16000000E+01  0.13800000E+01  0.17419995E-01
  0.16000000E+01  0.14000000E+01  0.17525975E-01
  0.16000000E+01  0.14200000E+01  0.17630147E-01
  0.16000000E+01  0.14400000E+01  0.17732992E-01
  0.16000000E+01  0.14600000E+01  0.17835008E-01
  0.16000000E+01  0.14800000E+01  0.17936709E-01
  0.16000000E+01  0.15000000E+01  0.18038624E-01
  0.16000000E+01  0.15200000E+01  0.18141295E-01
  0.16000000E+01  0.15400000E+01  0.18245270E-01
  0.16000000E+01  0.15600000E+01  0.18351106E-01
  0.16000000E+01  0.15800000E+01  0.18459357E-01
  0.16000000E+01  0.16000000E+01  0.18570579E-01
  0.16000000E+01  0.16200000E+01  0.18685319E-01
  0.16000000E+01  0.16400000E+01  0.18804112E-01
  0.16000000E+01  0.16600000E+01  0.18927478E-01
  0.16000000E+01  0.16800000E+01  0.19055914E-01
  0.16000000E+01  0.17000000E+01  0.19189888E-01
  0.16000000E+01  0.17200000E+01  0.19329835E-01
  0.16000000E+01  0.17400000E+01  0.19476148E-01
  0.16000000E+01  0.17600000E+01  0.19629170E-01
  0.16000000E+01  0.17800000E+01  0.19789190E-01
  0.16000000E+01  0.18000000E+01  0.19956429E-01
  0.16000000E+01  0.18200000E+01  0.20131039E-01
  0.16000000E+01  0.18400000E+01  0.20313086E-01
  0.16000000E+01  0.18600000E+01  0.20502546E-01
  0.16000000E+01  0.18800000E+01  0.20699294E-01
  0.16000000E+01  0.19000000E+01  0.20903091E-01
  0.16000000E+01  0.19200000E+01  0.21113576E-01
  0.16000000E+01  0.19400000E+01  0.21330254E-01
  0.16000000E+01  0.19600000E+01  0.21552484E-01
  0.16000000E+01  0.19800000E+01  0.21779467E-01
  0.16000000E+01  0.20000000E+01  0.22010233E-01
  0.16200000E+01  0.00000000E+00  0.46053253E-02
  0.16200000E+01  0.20000000E-01  0.47226870E-02
  0.16200000E+01  0.39999999E-01  0.49950303E-02
  0.16200000E+01  0.59999999E-01  0.52734882E-02
  0.16200000E+01  0.79999998E-01  0.55571650E-02
  0.16200000E+01  0.99999998E-01  0.58452138E-02
  0.16200000E+01  0.12000000E+00  0.61368370E-02
  0.16200000E+01  0.14000000E+00  0.64312884E-02
  0.16200000E+01  0.16000000E+00  0.67278736E-02
  0.16200000E+01  0.18000000E+00  0.70259522E-02
  0.16200000E+01  0.20000000E+00  0.73249391E-02
  0.16200000E+01  0.22000000E+00  0.76243063E-02
  0.16200000E+01  0.23999999E+00  0.79235846E-02
  0.16200000E+01  0.25999999E+00  0.82223655E-02
  0.16200000E+01  0.27999999E+00  0.85203031E-02
  0.16200000E+01  0.29999999E+00  0.88171160E-02
  0.16200000E+01  0.31999999E+00  0.91125893E-02
  0.16200000E+01  0.33999999E+00  0.94065760E-02
  0.16200000E+01  0.35999999E+00  0.96989994E-02
  0.16200000E+01  0.37999999E+00  0.99898539E-02
  0.16200000E+01  0.39999999E+00  0.10279207E-01
  0.16200000E+01  0.41999999E+00  0.10567200E-01
  0.16200000E+01  0.43999999E+00  0.10854050E-01
  0.16200000E+01  0.45999999E+00  0.11140048E-01
  0.16200000E+01  0.47999999E+00  0.11425562E-01
  0.16200000E+01  0.49999999E+00  0.11711033E-01
  0.16200000E+01  0.51999999E+00  0.11996978E-01
  0.16200000E+01  0.53999999E+00  0.12283983E-01
  0.16200000E+01  0.55999999E+00  0.12572707E-01
  0.16200000E+01  0.57999999E+00  0.12863870E-01
  0.16200000E+01  0.59999999E+00  0.13158256E-01
  0.16200000E+01  0.61999999E+00  0.13456698E-01
  0.16200000E+01  0.63999999E+00  0.13760080E-01
  0.16200000E+01  0.65999999E+00  0.14069317E-01
  0.16200000E+01  0.67999998E+00  0.14385351E-01
  0.16200000E+01  0.69999998E+00  0.14709131E-01
  0.16200000E+01  0.71999998E+00  0.15041598E-01
  0.16200000E+01  0.73999998E+00  0.15383663E-01
  0.16200000E+01  0.75999998E+00  0.15736181E-01
  0.16200000E+01  0.77999998E+00  0.16099924E-01
  0.16200000E+01  0.79999998E+00  0.16475542E-01
  0.16200000E+01  0.81999998E+00  0.16863522E-01
  0.16200000E+01  0.83999998E+00  0.17264138E-01
  0.16200000E+01  0.85999998E+00  0.17677389E-01
  0.16200000E+01  0.87999998E+00  0.18102929E-01
  0.16200000E+01  0.89999998E+00  0.18539974E-01
  0.16200000E+01  0.91999998E+00  0.18987199E-01
  0.16200000E+01  0.93999998E+00  0.19442602E-01
  0.16200000E+01  0.95999998E+00  0.19903340E-01
  0.16200000E+01  0.97999998E+00  0.20365516E-01
  0.16200000E+01  0.99999998E+00  0.20823907E-01
  0.16200000E+01  0.10200000E+01  0.21271602E-01
  0.16200000E+01  0.10400000E+01  0.21699506E-01
  0.16200000E+01  0.10600000E+01  0.22095642E-01
  0.16200000E+01  0.10800000E+01  0.22444117E-01
  0.16200000E+01  0.11000000E+01  0.22723512E-01
  0.16200000E+01  0.11200000E+01  0.22904198E-01
  0.16200000E+01  0.11400000E+01  0.22943415E-01
  0.16200000E+01  0.11600000E+01  0.22775088E-01
  0.16200000E+01  0.11800000E+01  0.22284380E-01
  0.16200000E+01  0.12000000E+01  0.21219673E-01
  0.16200000E+01  0.12200000E+01  0.18424937E-01
  0.16200000E+01  0.12400000E+01  0.16659233E-01
  0.16200000E+01  0.12600000E+01  0.16790151E-01
  0.16200000E+01  0.12800000E+01  0.16916801E-01
  0.16200000E+01  0.13000000E+01  0.17039514E-01
  0.16200000E+01  0.13200000E+01  0.17158646E-01
  0.16200000E+01  0.13400000E+01  0.17274580E-01
  0.16200000E+01  0.13600000E+01  0.17387725E-01
  0.16200000E+01  0.13800000E+01  0.17498513E-01
  0.16200000E+01  0.14000000E+01  0.17607399E-01
  0.16200000E+01  0.14200000E+01  0.17714859E-01
  0.16200000E+01  0.14400000E+01  0.17821388E-01
  0.16200000E+01  0.14600000E+01  0.17927499E-01
  0.16200000E+01  0.14800000E+01  0.18033718E-01
  0.16200000E+01  0.15000000E+01  0.18140585E-01
  0.16200000E+01  0.15200000E+01  0.18248647E-01
  0.16200000E+01  0.15400000E+01  0.18358459E-01
  0.16200000E+01  0.15600000E+01  0.18470574E-01
  0.16200000E+01  0.15800000E+01  0.18585547E-01
  0.16200000E+01  0.16000000E+01  0.18703924E-01
  0.16200000E+01  0.16200000E+01  0.18826240E-01
  0.16200000E+01  0.16400000E+01  0.18953015E-01
  0.16200000E+01  0.16600000E+01  0.19084745E-01
  0.16200000E+01  0.16800000E+01  0.19221899E-01
  0.16200000E+01  0.17000000E+01  0.19364911E-01
  0.16200000E+01  0.17200000E+01  0.19514175E-01
  0.16200000E+01  0.17400000E+01  0.19670035E-01
  0.16200000E+01  0.17600000E+01  0.19832781E-01
  0.16200000E+01  0.17800000E+01  0.20002635E-01
  0.16200000E+01  0.18000000E+01  0.20179749E-01
  0.16200000E+01  0.18200000E+01  0.20364194E-01
  0.16200000E+01  0.18400000E+01  0.20555945E-01
  0.16200000E+01  0.18600000E+01  0.20754881E-01
  0.16200000E+01  0.18800000E+01  0.20960766E-01
  0.16200000E+01  0.19000000E+01  0.21173244E-01
  0.16200000E+01  0.19200000E+01  0.21391822E-01
  0.16200000E+01  0.19400000E+01  0.21615865E-01
  0.16200000E+01  0.19600000E+01  0.21844580E-01
  0.16200000E+01  0.19800000E+01  0.22077003E-01
  0.16200000E+01  0.20000000E+01  0.22311986E-01
  0.16400000E+01  0.00000000E+00  0.46248464E-02
  0.16400000E+01  0.20000000E-01  0.48885225E-02
  0.16400000E+01  0.39999999E-01  0.51587948E-02
  0.16400000E+01  0.59999999E-01  0.54347314E-02
  0.16400000E+01  0.79999998E-01  0.57154500E-02
  0.16400000E+01  0.99999998E-01  0.60001196E-02
  0.16400000E+01  0.12000000E+00  0.62879613E-02
  0.16400000E+01  0.14000000E+00  0.65782498E-02
  0.16400000E+01  0.16000000E+00  0.68703149E-02
  0.16400000E+01  0.18000000E+00  0.71635434E-02
  0.16400000E+01  0.20000000E+00  0.74573803E-02
  0.16400000E+01  0.22000000E+00  0.77513312E-02
  0.16400000E+01  0.23999999E+00  0.80449639E-02
  0.16400000E+01  0.25999999E+00  0.83379101E-02
  0.16400000E+01  0.27999999E+00  0.86298679E-02
  0.16400000E+01  0.29999999E+00  0.89206033E-02
  0.16400000E+01  0.31999999E+00  0.92099520E-02
  0.16400000E+01  0.33999999E+00  0.94978216E-02
  0.16400000E+01  0.35999999E+00  0.97841926E-02
  0.16400000E+01  0.37999999E+00  0.10069120E-01
  0.16400000E+01  0.39999999E+00  0.10352736E-01
  0.16400000E+01  0.41999999E+00  0.10635248E-01
  0.16400000E+01  0.43999999E+00  0.10916940E-01
  0.16400000E+01  0.45999999E+00  0.11198176E-01
  0.16400000E+01  0.47999999E+00  0.11479395E-01
  0.16400000E+01  0.49999999E+00  0.11761110E-01
  0.16400000E+01  0.51999999E+00  0.12043911E-01
  0.16400000E+01  0.53999999E+00  0.12328457E-01
  0.16400000E+01  0.55999999E+00  0.12615474E-01
  0.16400000E+01  0.57999999E+00  0.12905751E-01
  0.16400000E+01  0.59999999E+00  0.13200131E-01
  0.16400000E+01  0.61999999E+00  0.13499506E-01
  0.16400000E+01  0.63999999E+00  0.13804804E-01
  0.16400000E+01  0.65999999E+00  0.14116980E-01
  0.16400000E+01  0.67999998E+00  0.14436999E-01
  0.16400000E+01  0.69999998E+00  0.14765817E-01
  0.16400000E+01  0.71999998E+00  0.15104364E-01
  0.16400000E+01  0.73999998E+00  0.15453518E-01
  0.16400000E+01  0.75999998E+00  0.15814071E-01
  0.16400000E+01  0.77999998E+00  0.16186698E-01
  0.16400000E+01  0.79999998E+00  0.16571912E-01
  0.16400000E+01  0.81999998E+00  0.16970018E-01
  0.16400000E+01  0.83999998E+00  0.17381047E-01
  0.16400000E+01  0.85999998E+00  0.17804686E-01
  0.16400000E+01  0.87999998E+00  0.18240194E-01
  0.16400000E+01  0.89999998E+00  0.18686292E-01
  0.16400000E+01  0.91999998E+00  0.19141029E-01
  0.16400000E+01  0.93999998E+00  0.19601627E-01
  0.16400000E+01  0.95999998E+00  0.20064263E-01
  0.16400000E+01  0.97999998E+00  0.20523807E-01
  0.16400000E+01  0.99999998E+00  0.20973463E-01
  0.16400000E+01  0.10200000E+01  0.21404281E-01
  0.16400000E+01  0.10400000E+01  0.21804474E-01
  0.16400000E+01  0.10600000E+01  0.22158403E-01
  0.16400000E+01  0.10800000E+01  0.22444996E-01
  0.16400000E+01  0.11000000E+01  0.22635116E-01
  0.16400000E+01  0.11200000E+01  0.22686739E-01
  0.16400000E+01  0.11400000E+01  0.22534972E-01
  0.16400000E+01  0.11600000E+01  0.22067111E-01
  0.16400000E+01  0.11800000E+01  0.21036405E-01
  0.16400000E+01  0.12000000E+01  0.18310077E-01
  0.16400000E+01  0.12200000E+01  0.16589206E-01
  0.16400000E+01  0.12400000E+01  0.16725513E-01
  0.16400000E+01  0.12600000E+01  0.16857498E-01
  0.16400000E+01  0.12800000E+01  0.16985483E-01
  0.16400000E+01  0.13000000E+01  0.17109821E-01
  0.16400000E+01  0.13200000E+01  0.17230888E-01
  0.16400000E+01  0.13400000E+01  0.17349087E-01
  0.16400000E+01  0.13600000E+01  0.17464847E-01
  0.16400000E+01  0.13800000E+01  0.17578616E-01
  0.16400000E+01  0.14000000E+01  0.17690868E-01
  0.16400000E+01  0.14200000E+01  0.17802094E-01
  0.16400000E+01  0.14400000E+01  0.17912803E-01
  0.16400000E+01  0.14600000E+01  0.18023519E-01
  0.16400000E+01  0.14800000E+01  0.18134776E-01
  0.16400000E+01  0.15000000E+01  0.18247122E-01
  0.16400000E+01  0.15200000E+01  0.18361106E-01
  0.16400000E+01  0.15400000E+01  0.18477283E-01
  0.16400000E+01  0.15600000E+01  0.18596202E-01
  0.16400000E+01  0.15800000E+01  0.18718409E-01
  0.16400000E+01  0.16000000E+01  0.18844439E-01
  0.16400000E+01  0.16200000E+01  0.18974807E-01
  0.16400000E+01  0.16400000E+01  0.19110011E-01
  0.16400000E+01  0.16600000E+01  0.19250518E-01
  0.16400000E+01  0.16800000E+01  0.19396761E-01
  0.16400000E+01  0.17000000E+01  0.19549134E-01
  0.16400000E+01  0.17200000E+01  0.19707981E-01
  0.16400000E+01  0.17400000E+01  0.19873590E-01
  0.16400000E+01  0.17600000E+01  0.20046186E-01
  0.16400000E+01  0.17800000E+01  0.20225922E-01
  0.16400000E+01  0.18000000E+01  0.20412867E-01
  0.16400000E+01  0.18200000E+01  0.20607003E-01
  0.16400000E+01  0.18400000E+01  0.20808207E-01
  0.16400000E+01  0.18600000E+01  0.21016248E-01
  0.16400000E+01  0.18800000E+01  0.21230772E-01
  0.16400000E+01  0.19000000E+01  0.21451294E-01
  0.16400000E+01  0.19200000E+01  0.21677183E-01
  0.16400000E+01  0.19400000E+01  0.21907650E-01
  0.16400000E+01  0.19600000E+01  0.22141741E-01
  0.16400000E+01  0.19800000E+01  0.22378315E-01
  0.16400000E+01  0.20000000E+01  0.22616039E-01
  0.16600000E+01  0.00000000E+00  0.47968764E-02
  0.16600000E+01  0.20000000E-01  0.50585352E-02
  0.16600000E+01  0.39999999E-01  0.53263101E-02
  0.16600000E+01  0.59999999E-01  0.55992829E-02
  0.16600000E+01  0.79999998E-01  0.58765876E-02
  0.16600000E+01  0.99999998E-01  0.61574117E-02
  0.16600000E+01  0.12000000E+00  0.64409979E-02
  0.16600000E+01  0.14000000E+00  0.67266455E-02
  0.16600000E+01  0.16000000E+00  0.70137120E-02
  0.16600000E+01  0.18000000E+00  0.73016149E-02
  0.16600000E+01  0.20000000E+00  0.75898336E-02
  0.16600000E+01  0.22000000E+00  0.78779113E-02
  0.16600000E+01  0.23999999E+00  0.81654570E-02
  0.16600000E+01  0.25999999E+00  0.84521474E-02
  0.16600000E+01  0.27999999E+00  0.87377290E-02
  0.16600000E+01  0.29999999E+00  0.90220199E-02
  0.16600000E+01  0.31999999E+00  0.93049113E-02
  0.16600000E+01  0.33999999E+00  0.95863699E-02
  0.16600000E+01  0.35999999E+00  0.98664385E-02
  0.16600000E+01  0.37999999E+00  0.10145238E-01
  0.16600000E+01  0.39999999E+00  0.10422967E-01
  0.16600000E+01  0.41999999E+00  0.10699905E-01
  0.16600000E+01  0.43999999E+00  0.10976408E-01
  0.16600000E+01  0.45999999E+00  0.11252914E-01
  0.16600000E+01  0.47999999E+00  0.11529936E-01
  0.16600000E+01  0.49999999E+00  0.11808064E-01
  0.16600000E+01  0.51999999E+00  0.12087959E-01
  0.16600000E+01  0.53999999E+00  0.12370353E-01
  0.16600000E+01  0.55999999E+00  0.12656042E-01
  0.16600000E+01  0.57999999E+00  0.12945877E-01
  0.16600000E+01  0.59999999E+00  0.13240761E-01
  0.16600000E+01  0.61999999E+00  0.13541633E-01
  0.16600000E+01  0.63999999E+00  0.13849464E-01
  0.16600000E+01  0.65999999E+00  0.14165233E-01
  0.16600000E+01  0.67999998E+00  0.14489915E-01
  0.16600000E+01  0.69999998E+00  0.14824460E-01
  0.16600000E+01  0.71999998E+00  0.15169765E-01
  0.16600000E+01  0.73999998E+00  0.15526647E-01
  0.16600000E+01  0.75999998E+00  0.15895805E-01
  0.16600000E+01  0.77999998E+00  0.16277781E-01
  0.16600000E+01  0.79999998E+00  0.16672909E-01
  0.16600000E+01  0.81999998E+00  0.17081252E-01
  0.16600000E+01  0.83999998E+00  0.17502536E-01
  0.16600000E+01  0.85999998E+00  0.17936059E-01
  0.16600000E+01  0.87999998E+00  0.18380590E-01
  0.16600000E+01  0.89999998E+00  0.18834233E-01
  0.16600000E+01  0.91999998E+00  0.19294272E-01
  0.16600000E+01  0.93999998E+00  0.19756962E-01
  0.16600000E+01  0.95999998E+00  0.20217266E-01
  0.16600000E+01  0.97999998E+00  0.20668504E-01
  0.16600000E+01  0.99999998E+00  0.21101876E-01
  0.16600000E+01  0.10200000E+01  0.21505789E-01
  0.16600000E+01  0.10400000E+01  0.21864859E-01
  0.16600000E+01  0.10600000E+01  0.22158369E-01
  0.16600000E+01  0.10800000E+01  0.22357682E-01
  0.16600000E+01  0.11000000E+01  0.22421523E-01
  0.16600000E+01  0.11200000E+01  0.22286200E-01
  0.16600000E+01  0.11400000E+01  0.21841179E-01
  0.16600000E+01  0.11600000E+01  0.20844648E-01
  0.16600000E+01  0.11800000E+01  0.18187403E-01
  0.16600000E+01  0.12000000E+01  0.16511896E-01
  0.16600000E+01  0.12200000E+01  0.16653668E-01
  0.16600000E+01  0.12400000E+01  0.16791075E-01
  0.16600000E+01  0.12600000E+01  0.16924434E-01
  0.16600000E+01  0.12800000E+01  0.17054089E-01
  0.16600000E+01  0.13000000E+01  0.17180411E-01
  0.16600000E+01  0.13200000E+01  0.17303797E-01
  0.16600000E+01  0.13400000E+01  0.17424670E-01
  0.16600000E+01  0.13600000E+01  0.17543474E-01
  0.16600000E+01  0.13800000E+01  0.17660676E-01
  0.16600000E+01  0.14000000E+01  0.17776764E-01
  0.16600000E+01  0.14200000E+01  0.17892241E-01
  0.16600000E+01  0.14400000E+01  0.18007628E-01
  0.16600000E+01  0.14600000E+01  0.18123456E-01
  0.16600000E+01  0.14800000E+01  0.18240268E-01
  0.16600000E+01  0.15000000E+01  0.18358610E-01
  0.16600000E+01  0.15200000E+01  0.18479032E-01
  0.16600000E+01  0.15400000E+01  0.18602083E-01
  0.16600000E+01  0.15600000E+01  0.18728305E-01
  0.16600000E+01  0.15800000E+01  0.18858229E-01
  0.16600000E+01  0.16000000E+01  0.18992370E-01
  0.16600000E+01  0.16200000E+01  0.19131222E-01
  0.16600000E+01  0.16400000E+01  0.19275250E-01
  0.16600000E+01  0.16600000E+01  0.19424887E-01
  0.16600000E+01  0.16800000E+01  0.19580524E-01
  0.16600000E+01  0.17000000E+01  0.19742505E-01
  0.16600000E+01  0.17200000E+01  0.19911117E-01
  0.16600000E+01  0.17400000E+01  0.20086584E-01
  0.16600000E+01  0.17600000E+01  0.20269060E-01
  0.16600000E+01  0.17800000E+01  0.20458614E-01
  0.16600000E+01  0.18000000E+01  0.20655230E-01
  0.16600000E+01  0.18200000E+01  0.20858788E-01
  0.16600000E+01  0.18400000E+01  0.21069058E-01
  0.16600000E+01  0.18600000E+01  0.21285693E-01
  0.16600000E+01  0.18800000E+01  0.21508209E-01
  0.16600000E+01  0.19000000E+01  0.21735982E-01
  0.16600000E+01  0.19200000E+01  0.21968233E-01
  0.16600000E+01  0.19400000E+01  0.22204012E-01
  0.16600000E+01  0.19600000E+01  0.22442190E-01
  0.16600000E+01  0.19800000E+01  0.22681443E-01
  0.16600000E+01  0.20000000E+01  0.22920234E-01
  0.16800000E+01  0.00000000E+00  0.49733357E-02
  0.16800000E+01  0.20000000E-01  0.52325404E-02
  0.16800000E+01  0.39999999E-01  0.54973647E-02
  0.16800000E+01  0.59999999E-01  0.57669066E-02
  0.16800000E+01  0.79999998E-01  0.60403192E-02
  0.16800000E+01  0.99999998E-01  0.63168119E-02
  0.16800000E+01  0.12000000E+00  0.65956524E-02
  0.16800000E+01  0.14000000E+00  0.68761680E-02
  0.16800000E+01  0.16000000E+00  0.71577476E-02
  0.16800000E+01  0.18000000E+00  0.74398437E-02
  0.16800000E+01  0.20000000E+00  0.77219743E-02
  0.16800000E+01  0.22000000E+00  0.80037245E-02
  0.16800000E+01  0.23999999E+00  0.82847493E-02
  0.16800000E+01  0.25999999E+00  0.85647750E-02
  0.16800000E+01  0.27999999E+00  0.88436013E-02
  0.16800000E+01  0.29999999E+00  0.91211030E-02
  0.16800000E+01  0.31999999E+00  0.93972321E-02
  0.16800000E+01  0.33999999E+00  0.96720189E-02
  0.16800000E+01  0.35999999E+00  0.99455732E-02
  0.16800000E+01  0.37999999E+00  0.10218086E-01
  0.16800000E+01  0.39999999E+00  0.10489828E-01
  0.16800000E+01  0.41999999E+00  0.10761152E-01
  0.16800000E+01  0.43999999E+00  0.11032493E-01
  0.16800000E+01  0.45999999E+00  0.11304363E-01
  0.16800000E+01  0.47999999E+00  0.11577353E-01
  0.16800000E+01  0.49999999E+00  0.11852128E-01
  0.16800000E+01  0.51999999E+00  0.12129425E-01
  0.16800000E+01  0.53999999E+00  0.12410046E-01
  0.16800000E+01  0.55999999E+00  0.12694853E-01
  0.16800000E+01  0.57999999E+00  0.12984759E-01
  0.16800000E+01  0.59999999E+00  0.13280717E-01
  0.16800000E+01  0.61999999E+00  0.13583711E-01
  0.16800000E+01  0.63999999E+00  0.13894738E-01
  0.16800000E+01  0.65999999E+00  0.14214790E-01
  0.16800000E+01  0.67999998E+00  0.14544839E-01
  0.16800000E+01  0.69999998E+00  0.14885803E-01
  0.16800000E+01  0.71999998E+00  0.15238522E-01
  0.16800000E+01  0.73999998E+00  0.15603723E-01
  0.16800000E+01  0.75999998E+00  0.15981976E-01
  0.16800000E+01  0.77999998E+00  0.16373644E-01
  0.16800000E+01  0.79999998E+00  0.16778825E-01
  0.16800000E+01  0.81999998E+00  0.17197283E-01
  0.16800000E+01  0.83999998E+00  0.17628359E-01
  0.16800000E+01  0.85999998E+00  0.18070866E-01
  0.16800000E+01  0.87999998E+00  0.18522967E-01
  0.16800000E+01  0.89999998E+00  0.18982010E-01
  0.16800000E+01  0.91999998E+00  0.19444327E-01
  0.16800000E+01  0.93999998E+00  0.19904977E-01
  0.16800000E+01  0.95999998E+00  0.20357397E-01
  0.16800000E+01  0.97999998E+00  0.20792940E-01
  0.16800000E+01  0.99999998E+00  0.21200206E-01
  0.16800000E+01  0.10200000E+01  0.21564074E-01
  0.16800000E+01  0.10400000E+01  0.21864186E-01
  0.16800000E+01  0.10600000E+01  0.22072412E-01
  0.16800000E+01  0.10800000E+01  0.22148237E-01
  0.16800000E+01  0.11000000E+01  0.22029185E-01
  0.16800000E+01  0.11200000E+01  0.21606923E-01
  0.16800000E+01  0.11400000E+01  0.20644637E-01
  0.16800000E+01  0.11600000E+01  0.18056950E-01
  0.16800000E+01  0.11800000E+01  0.16427206E-01
  0.16800000E+01  0.12000000E+01  0.16574493E-01
  0.16800000E+01  0.12200000E+01  0.16717386E-01
  0.16800000E+01  0.12400000E+01  0.16856193E-01
  0.16800000E+01  0.12600000E+01  0.16991253E-01
  0.16800000E+01  0.12800000E+01  0.17122929E-01
  0.16800000E+01  0.13000000E+01  0.17251612E-01
  0.16800000E+01  0.13200000E+01  0.17377717E-01
  0.16800000E+01  0.13400000E+01  0.17501685E-01
  0.16800000E+01  0.13600000E+01  0.17623975E-01
  0.16800000E+01  0.13800000E+01  0.17745070E-01
  0.16800000E+01  0.14000000E+01  0.17865468E-01
  0.16800000E+01  0.14200000E+01  0.17985685E-01
  0.16800000E+01  0.14400000E+01  0.18106247E-01
  0.16800000E+01  0.14600000E+01  0.18227691E-01
  0.16800000E+01  0.14800000E+01  0.18350561E-01
  0.16800000E+01  0.15000000E+01  0.18475401E-01
  0.16800000E+01  0.15200000E+01  0.18602758E-01
  0.16800000E+01  0.15400000E+01  0.18733167E-01
  0.16800000E+01  0.15600000E+01  0.18867158E-01
  0.16800000E+01  0.15800000E+01  0.19005242E-01
  0.16800000E+01  0.16000000E+01  0.19147909E-01
  0.16800000E+01  0.16200000E+01  0.19295623E-01
  0.16800000E+01  0.16400000E+01  0.19448812E-01
  0.16800000E+01  0.16600000E+01  0.19607865E-01
  0.16800000E+01  0.16800000E+01  0.19773125E-01
  0.16800000E+01  0.17000000E+01  0.19944877E-01
  0.16800000E+01  0.17200000E+01  0.20123344E-01
  0.16800000E+01  0.17400000E+01  0.20308680E-01
  0.16800000E+01  0.17600000E+01  0.20500954E-01
  0.16800000E+01  0.17800000E+01  0.20700151E-01
  0.16800000E+01  0.18000000E+01  0.20906151E-01
  0.16800000E+01  0.18200000E+01  0.21118730E-01
  0.16800000E+01  0.18400000E+01  0.21337542E-01
  0.16800000E+01  0.18600000E+01  0.21562111E-01
  0.16800000E+01  0.18800000E+01  0.21791817E-01
  0.16800000E+01  0.19000000E+01  0.22025888E-01
  0.16800000E+01  0.19200000E+01  0.22263385E-01
  0.16800000E+01  0.19400000E+01  0.22503188E-01
  0.16800000E+01  0.19600000E+01  0.22743985E-01
  0.16800000E+01  0.19800000E+01  0.22984253E-01
  0.16800000E+01  0.20000000E+01  0.23222243E-01
  0.17000000E+01  0.00000000E+00  0.51540328E-02
  0.17000000E+01  0.20000000E-01  0.54103187E-02
  0.17000000E+01  0.39999999E-01  0.56717133E-02
  0.17000000E+01  0.59999999E-01  0.59373340E-02
  0.17000000E+01  0.79999998E-01  0.62063559E-02
  0.17000000E+01  0.99999998E-01  0.64780140E-02
  0.17000000E+01  0.12000000E+00  0.67516043E-02
  0.17000000E+01  0.14000000E+00  0.70264863E-02
  0.17000000E+01  0.16000000E+00  0.73020844E-02
  0.17000000E+01  0.18000000E+00  0.75778903E-02
  0.17000000E+01  0.20000000E+00  0.78534649E-02
  0.17000000E+01  0.22000000E+00  0.81284404E-02
  0.17000000E+01  0.23999999E+00  0.84025222E-02
  0.17000000E+01  0.25999999E+00  0.86754910E-02
  0.17000000E+01  0.27999999E+00  0.89472048E-02
  0.17000000E+01  0.29999999E+00  0.92176004E-02
  0.17000000E+01  0.31999999E+00  0.94866950E-02
  0.17000000E+01  0.33999999E+00  0.97545874E-02
  0.17000000E+01  0.35999999E+00  0.10021459E-01
  0.17000000E+01  0.37999999E+00  0.10287575E-01
  0.17000000E+01  0.39999999E+00  0.10553283E-01
  0.17000000E+01  0.41999999E+00  0.10819014E-01
  0.17000000E+01  0.43999999E+00  0.11085280E-01
  0.17000000E+01  0.45999999E+00  0.11352674E-01
  0.17000000E+01  0.47999999E+00  0.11621864E-01
  0.17000000E+01  0.49999999E+00  0.11893593E-01
  0.17000000E+01  0.51999999E+00  0.12168671E-01
  0.17000000E+01  0.53999999E+00  0.12447968E-01
  0.17000000E+01  0.55999999E+00  0.12732410E-01
  0.17000000E+01  0.57999999E+00  0.13022963E-01
  0.17000000E+01  0.59999999E+00  0.13320626E-01
  0.17000000E+01  0.61999999E+00  0.13626414E-01
  0.17000000E+01  0.63999999E+00  0.13941339E-01
  0.17000000E+01  0.65999999E+00  0.14266392E-01
  0.17000000E+01  0.67999998E+00  0.14602514E-01
  0.17000000E+01  0.69999998E+00  0.14950572E-01
  0.17000000E+01  0.71999998E+00  0.15311318E-01
  0.17000000E+01  0.73999998E+00  0.15685351E-01
  0.17000000E+01  0.75999998E+00  0.16073067E-01
  0.17000000E+01  0.77999998E+00  0.16474598E-01
  0.17000000E+01  0.79999998E+00  0.16889746E-01
  0.17000000E+01  0.81999998E+00  0.17317895E-01
  0.17000000E+01  0.83999998E+00  0.17757909E-01
  0.17000000E+01  0.85999998E+00  0.18208004E-01
  0.17000000E+01  0.87999998E+00  0.18665595E-01
  0.17000000E+01  0.89999998E+00  0.19127093E-01
  0.17000000E+01  0.91999998E+00  0.19587654E-01
  0.17000000E+01  0.93999998E+00  0.20040835E-01
  0.17000000E+01  0.95999998E+00  0.20478140E-01
  0.17000000E+01  0.97999998E+00  0.20888368E-01
  0.17000000E+01  0.99999998E+00  0.21256664E-01
  0.17000000E+01  0.10200000E+01  0.21563029E-01
  0.17000000E+01  0.10400000E+01  0.21779850E-01
  0.17000000E+01  0.10600000E+01  0.21867379E-01
  0.17000000E+01  0.10800000E+01  0.21764371E-01
  0.17000000E+01  0.11000000E+01  0.21364713E-01
  0.17000000E+01  0.11200000E+01  0.20436642E-01
  0.17000000E+01  0.11400000E+01  0.17918795E-01
  0.17000000E+01  0.11600000E+01  0.16335082E-01
  0.17000000E+01  0.11800000E+01  0.16487907E-01
  0.17000000E+01  0.12000000E+01  0.16636322E-01
  0.17000000E+01  0.12200000E+01  0.16780629E-01
  0.17000000E+01  0.12400000E+01  0.16921156E-01
  0.17000000E+01  0.12600000E+01  0.17058262E-01
  0.17000000E+01  0.12800000E+01  0.17192328E-01
  0.17000000E+01  0.13000000E+01  0.17323764E-01
  0.17000000E+01  0.13200000E+01  0.17453002E-01
  0.17000000E+01  0.13400000E+01  0.17580497E-01
  0.17000000E+01  0.13600000E+01  0.17706724E-01
  0.17000000E+01  0.13800000E+01  0.17832176E-01
  0.17000000E+01  0.14000000E+01  0.17957362E-01
  0.17000000E+01  0.14200000E+01  0.18082803E-01
  0.17000000E+01  0.14400000E+01  0.18209031E-01
  0.17000000E+01  0.14600000E+01  0.18336584E-01
  0.17000000E+01  0.14800000E+01  0.18466001E-01
  0.17000000E+01  0.15000000E+01  0.18597823E-01
  0.17000000E+01  0.15200000E+01  0.18732582E-01
  0.17000000E+01  0.15400000E+01  0.18870801E-01
  0.17000000E+01  0.15600000E+01  0.19012989E-01
  0.17000000E+01  0.15800000E+01  0.19159630E-01
  0.17000000E+01  0.16000000E+01  0.19311184E-01
  0.17000000E+01  0.16200000E+01  0.19468078E-01
  0.17000000E+01  0.16400000E+01  0.19630695E-01
  0.17000000E+01  0.16600000E+01  0.19799376E-01
  0.17000000E+01  0.16800000E+01  0.19974403E-01
  0.17000000E+01  0.17000000E+01  0.20155999E-01
  0.17000000E+01  0.17200000E+01  0.20344314E-01
  0.17000000E+01  0.17400000E+01  0.20539420E-01
  0.17000000E+01  0.17600000E+01  0.20741299E-01
  0.17000000E+01  0.17800000E+01  0.20949835E-01
  0.17000000E+01  0.18000000E+01  0.21164806E-01
  0.17000000E+01  0.18200000E+01  0.21385868E-01
  0.17000000E+01  0.18400000E+01  0.21612551E-01
  0.17000000E+01  0.18600000E+01  0.21844243E-01
  0.17000000E+01  0.18800000E+01  0.22080179E-01
  0.17000000E+01  0.19000000E+01  0.22319430E-01
  0.17000000E+01  0.19200000E+01  0.22560888E-01
  0.17000000E+01  0.19400000E+01  0.22803252E-01
  0.17000000E+01  0.19600000E+01  0.23045015E-01
  0.17000000E+01  0.19800000E+01  0.23284444E-01
  0.17000000E+01  0.20000000E+01  0.23519562E-01
  0.17200000E+01  0.00000000E+00  0.53387381E-02
  0.17200000E+01  0.20000000E-01  0.55916139E-02
  0.17200000E+01  0.39999999E-01  0.58490758E-02
  0.17200000E+01  0.59999999E-01  0.61102636E-02
  0.17200000E+01  0.79999998E-01  0.63743782E-02
  0.17200000E+01  0.99999998E-01  0.66406834E-02
  0.17200000E+01  0.12000000E+00  0.69085080E-02
  0.17200000E+01  0.14000000E+00  0.71772475E-02
  0.17200000E+01  0.16000000E+00  0.74463663E-02
  0.17200000E+01  0.18000000E+00  0.77154001E-02
  0.17200000E+01  0.20000000E+00  0.79839573E-02
  0.17200000E+01  0.22000000E+00  0.82517219E-02
  0.17200000E+01  0.23999999E+00  0.85184549E-02
  0.17200000E+01  0.25999999E+00  0.87839967E-02
  0.17200000E+01  0.27999999E+00  0.90482682E-02
  0.17200000E+01  0.29999999E+00  0.93112733E-02
  0.17200000E+01  0.31999999E+00  0.95730993E-02
  0.17200000E+01  0.33999999E+00  0.98339186E-02
  0.17200000E+01  0.35999999E+00  0.10093989E-01
  0.17200000E+01  0.37999999E+00  0.10353652E-01
  0.17200000E+01  0.39999999E+00  0.10613338E-01
  0.17200000E+01  0.41999999E+00  0.10873557E-01
  0.17200000E+01  0.43999999E+00  0.11134904E-01
  0.17200000E+01  0.45999999E+00  0.11398051E-01
  0.17200000E+01  0.47999999E+00  0.11663747E-01
  0.17200000E+01  0.49999999E+00  0.11932808E-01
  0.17200000E+01  0.51999999E+00  0.12206117E-01
  0.17200000E+01  0.53999999E+00  0.12484610E-01
  0.17200000E+01  0.55999999E+00  0.12769268E-01
  0.17200000E+01  0.57999999E+00  0.13061107E-01
  0.17200000E+01  0.59999999E+00  0.13361157E-01
  0.17200000E+01  0.61999999E+00  0.13670453E-01
  0.17200000E+01  0.63999999E+00  0.13990006E-01
  0.17200000E+01  0.65999999E+00  0.14320782E-01
  0.17200000E+01  0.67999998E+00  0.14663672E-01
  0.17200000E+01  0.69999998E+00  0.15019457E-01
  0.17200000E+01  0.71999998E+00  0.15388766E-01
  0.17200000E+01  0.73999998E+00  0.15772026E-01
  0.17200000E+01  0.75999998E+00  0.16169408E-01
  0.17200000E+01  0.77999998E+00  0.16580751E-01
  0.17200000E+01  0.79999998E+00  0.17005482E-01
  0.17200000E+01  0.81999998E+00  0.17442516E-01
  0.17200000E+01  0.83999998E+00  0.17890126E-01
  0.17200000E+01  0.85999998E+00  0.18345794E-01
  0.17200000E+01  0.87999998E+00  0.18806011E-01
  0.17200000E+01  0.89999998E+00  0.19266029E-01
  0.17200000E+01  0.91999998E+00  0.19719528E-01
  0.17200000E+01  0.93999998E+00  0.20158165E-01
  0.17200000E+01  0.95999998E+00  0.20570940E-01
  0.17200000E+01  0.97999998E+00  0.20943264E-01
  0.17200000E+01  0.99999998E+00  0.21255503E-01
  0.17200000E+01  0.10200000E+01  0.21480564E-01
  0.17200000E+01  0.10400000E+01  0.21579474E-01
  0.17200000E+01  0.10600000E+01  0.21492227E-01
  0.17200000E+01  0.10800000E+01  0.21114952E-01
  0.17200000E+01  0.11000000E+01  0.20220966E-01
  0.17200000E+01  0.11200000E+01  0.17773053E-01
  0.17200000E+01  0.11400000E+01  0.16235510E-01
  0.17200000E+01  0.11600000E+01  0.16393871E-01
  0.17200000E+01  0.11800000E+01  0.16547821E-01
  0.17200000E+01  0.12000000E+01  0.16697652E-01
  0.17200000E+01  0.12200000E+01  0.16843686E-01
  0.17200000E+01  0.12400000E+01  0.16986271E-01
  0.17200000E+01  0.12600000E+01  0.17125783E-01
  0.17200000E+01  0.12800000E+01  0.17262623E-01
  0.17200000E+01  0.13000000E+01  0.17397217E-01
  0.17200000E+01  0.13200000E+01  0.17530012E-01
  0.17200000E+01  0.13400000E+01  0.17661475E-01
  0.17200000E+01  0.13600000E+01  0.17792094E-01
  0.17200000E+01  0.13800000E+01  0.17922370E-01
  0.17200000E+01  0.14000000E+01  0.18052818E-01
  0.17200000E+01  0.14200000E+01  0.18183963E-01
  0.17200000E+01  0.14400000E+01  0.18316337E-01
  0.17200000E+01  0.14600000E+01  0.18450473E-01
  0.17200000E+01  0.14800000E+01  0.18586906E-01
  0.17200000E+01  0.15000000E+01  0.18726163E-01
  0.17200000E+01  0.15200000E+01  0.18868761E-01
  0.17200000E+01  0.15400000E+01  0.19015202E-01
  0.17200000E+01  0.15600000E+01  0.19165967E-01
  0.17200000E+01  0.15800000E+01  0.19321510E-01
  0.17200000E+01  0.16000000E+01  0.19482253E-01
  0.17200000E+01  0.16200000E+01  0.19648576E-01
  0.17200000E+01  0.16400000E+01  0.19820814E-01
  0.17200000E+01  0.16600000E+01  0.19999249E-01
  0.17200000E+01  0.16800000E+01  0.20184099E-01
  0.17200000E+01  0.17000000E+01  0.20375512E-01
  0.17200000E+01  0.17200000E+01  0.20573560E-01
  0.17200000E+01  0.17400000E+01  0.20778224E-01
  0.17200000E+01  0.17600000E+01  0.20989391E-01
  0.17200000E+01  0.17800000E+01  0.21206838E-01
  0.17200000E+01  0.18000000E+01  0.21430227E-01
  0.17200000E+01  0.18200000E+01  0.21659092E-01
  0.17200000E+01  0.18400000E+01  0.21892828E-01
  0.17200000E+01  0.18600000E+01  0.22130679E-01
  0.17200000E+01  0.18800000E+01  0.22371726E-01
  0.17200000E+01  0.19000000E+01  0.22614874E-01
  0.17200000E+01  0.19200000E+01  0.22858836E-01
  0.17200000E+01  0.19400000E+01  0.23102120E-01
  0.17200000E+01  0.19600000E+01  0.23343012E-01
  0.17200000E+01  0.19800000E+01  0.23579553E-01
  0.17200000E+01  0.20000000E+01  0.23809521E-01
  0.17400000E+01  0.00000000E+00  0.55271834E-02
  0.17400000E+01  0.20000000E-01  0.57761327E-02
  0.17400000E+01  0.39999999E-01  0.60291365E-02
  0.17400000E+01  0.59999999E-01  0.62853605E-02
  0.17400000E+01  0.79999998E-01  0.65440352E-02
  0.17400000E+01  0.99999998E-01  0.68044573E-02
  0.17400000E+01  0.12000000E+00  0.70659925E-02
  0.17400000E+01  0.14000000E+00  0.73280769E-02
  0.17400000E+01  0.16000000E+00  0.75902196E-02
  0.17400000E+01  0.18000000E+00  0.78520049E-02
  0.17400000E+01  0.20000000E+00  0.81130941E-02
  0.17400000E+01  0.22000000E+00  0.83732278E-02
  0.17400000E+01  0.23999999E+00  0.86322278E-02
  0.17400000E+01  0.25999999E+00  0.88899991E-02
  0.17400000E+01  0.27999999E+00  0.91465312E-02
  0.17400000E+01  0.29999999E+00  0.94018997E-02
  0.17400000E+01  0.31999999E+00  0.96562672E-02
  0.17400000E+01  0.33999999E+00  0.99098837E-02
  0.17400000E+01  0.35999999E+00  0.10163087E-01
  0.17400000E+01  0.37999999E+00  0.10416303E-01
  0.17400000E+01  0.39999999E+00  0.10670042E-01
  0.17400000E+01  0.41999999E+00  0.10924899E-01
  0.17400000E+01  0.43999999E+00  0.11181553E-01
  0.17400000E+01  0.45999999E+00  0.11440755E-01
  0.17400000E+01  0.47999999E+00  0.11703334E-01
  0.17400000E+01  0.49999999E+00  0.11970180E-01
  0.17400000E+01  0.51999999E+00  0.12242243E-01
  0.17400000E+01  0.53999999E+00  0.12520518E-01
  0.17400000E+01  0.55999999E+00  0.12806038E-01
  0.17400000E+01  0.57999999E+00  0.13099853E-01
  0.17400000E+01  0.59999999E+00  0.13403017E-01
  0.17400000E+01  0.61999999E+00  0.13716563E-01
  0.17400000E+01  0.63999999E+00  0.14041484E-01
  0.17400000E+01  0.65999999E+00  0.14378695E-01
  0.17400000E+01  0.67999998E+00  0.14729007E-01
  0.17400000E+01  0.69999998E+00  0.15093079E-01
  0.17400000E+01  0.71999998E+00  0.15471374E-01
  0.17400000E+01  0.73999998E+00  0.15864096E-01
  0.17400000E+01  0.75999998E+00  0.16271127E-01
  0.17400000E+01  0.77999998E+00  0.16691938E-01
  0.17400000E+01  0.79999998E+00  0.17125494E-01
  0.17400000E+01  0.81999998E+00  0.17570126E-01
  0.17400000E+01  0.83999998E+00  0.18023385E-01
  0.17400000E+01  0.85999998E+00  0.18481842E-01
  0.17400000E+01  0.87999998E+00  0.18940847E-01
  0.17400000E+01  0.89999998E+00  0.19394203E-01
  0.17400000E+01  0.91999998E+00  0.19833721E-01
  0.17400000E+01  0.93999998E+00  0.20248604E-01
  0.17400000E+01  0.95999998E+00  0.20624530E-01
  0.17400000E+01  0.97999998E+00  0.20942235E-01
  0.17400000E+01  0.99999998E+00  0.21175147E-01
  0.17400000E+01  0.10200000E+01  0.21285072E-01
  0.17400000E+01  0.10400000E+01  0.21213253E-01
  0.17400000E+01  0.10600000E+01  0.20858070E-01
  0.17400000E+01  0.10800000E+01  0.19997943E-01
  0.17400000E+01  0.11000000E+01  0.17619877E-01
  0.17400000E+01  0.11200000E+01  0.16128518E-01
  0.17400000E+01  0.11400000E+01  0.16292388E-01
  0.17400000E+01  0.11600000E+01  0.16451859E-01
  0.17400000E+01  0.11800000E+01  0.16607214E-01
  0.17400000E+01  0.12000000E+01  0.16758768E-01
  0.17400000E+01  0.12200000E+01  0.16906859E-01
  0.17400000E+01  0.12400000E+01  0.17051856E-01
  0.17400000E+01  0.12600000E+01  0.17194151E-01
  0.17400000E+01  0.12800000E+01  0.17334163E-01
  0.17400000E+01  0.13000000E+01  0.17472329E-01
  0.17400000E+01  0.13200000E+01  0.17609112E-01
  0.17400000E+01  0.13400000E+01  0.17744989E-01
  0.17400000E+01  0.13600000E+01  0.17880456E-01
  0.17400000E+01  0.13800000E+01  0.18016019E-01
  0.17400000E+01  0.14000000E+01  0.18152196E-01
  0.17400000E+01  0.14200000E+01  0.18289513E-01
  0.17400000E+01  0.14400000E+01  0.18428496E-01
  0.17400000E+01  0.14600000E+01  0.18569671E-01
  0.17400000E+01  0.14800000E+01  0.18713560E-01
  0.17400000E+01  0.15000000E+01  0.18860673E-01
  0.17400000E+01  0.15200000E+01  0.19011505E-01
  0.17400000E+01  0.15400000E+01  0.19166533E-01
  0.17400000E+01  0.15600000E+01  0.19326203E-01
  0.17400000E+01  0.15800000E+01  0.19490931E-01
  0.17400000E+01  0.16000000E+01  0.19661093E-01
  0.17400000E+01  0.16200000E+01  0.19837021E-01
  0.17400000E+01  0.16400000E+01  0.20018989E-01
  0.17400000E+01  0.16600000E+01  0.20207215E-01
  0.17400000E+01  0.16800000E+01  0.20401843E-01
  0.17400000E+01  0.17000000E+01  0.20602942E-01
  0.17400000E+01  0.17200000E+01  0.20810494E-01
  0.17400000E+01  0.17400000E+01  0.21024385E-01
  0.17400000E+01  0.17600000E+01  0.21244395E-01
  0.17400000E+01  0.17800000E+01  0.21470189E-01
  0.17400000E+01  0.18000000E+01  0.21701307E-01
  0.17400000E+01  0.18200000E+01  0.21937150E-01
  0.17400000E+01  0.18400000E+01  0.22176970E-01
  0.17400000E+01  0.18600000E+01  0.22419861E-01
  0.17400000E+01  0.18800000E+01  0.22664739E-01
  0.17400000E+01  0.19000000E+01  0.22910334E-01
  0.17400000E+01  0.19200000E+01  0.23155171E-01
  0.17400000E+01  0.19400000E+01  0.23397556E-01
  0.17400000E+01  0.19600000E+01  0.23635550E-01
  0.17400000E+01  0.19800000E+01  0.23866954E-01
  0.17400000E+01  0.20000000E+01  0.24089275E-01
  0.17600000E+01  0.00000000E+00  0.57190598E-02
  0.17600000E+01  0.20000000E-01  0.59635431E-02
  0.17600000E+01  0.39999999E-01  0.62115433E-02
  0.17600000E+01  0.59999999E-01  0.64622560E-02
  0.17600000E+01  0.79999998E-01  0.67149453E-02
  0.17600000E+01  0.99999998E-01  0.69689452E-02
  0.17600000E+01  0.12000000E+00  0.72236628E-02
  0.17600000E+01  0.14000000E+00  0.74785796E-02
  0.17600000E+01  0.16000000E+00  0.77332545E-02
  0.17600000E+01  0.18000000E+00  0.79873252E-02
  0.17600000E+01  0.20000000E+00  0.82405111E-02
  0.17600000E+01  0.22000000E+00  0.84926149E-02
  0.17600000E+01  0.23999999E+00  0.87435245E-02
  0.17600000E+01  0.25999999E+00  0.89932147E-02
  0.17600000E+01  0.27999999E+00  0.92417485E-02
  0.17600000E+01  0.29999999E+00  0.94892784E-02
  0.17600000E+01  0.31999999E+00  0.97360468E-02
  0.17600000E+01  0.33999999E+00  0.99823860E-02
  0.17600000E+01  0.35999999E+00  0.10228718E-01
  0.17600000E+01  0.37999999E+00  0.10475554E-01
  0.17600000E+01  0.39999999E+00  0.10723490E-01
  0.17600000E+01  0.41999999E+00  0.10973207E-01
  0.17600000E+01  0.43999999E+00  0.11225466E-01
  0.17600000E+01  0.45999999E+00  0.11481102E-01
  0.17600000E+01  0.47999999E+00  0.11741016E-01
  0.17600000E+01  0.49999999E+00  0.12006173E-01
  0.17600000E+01  0.51999999E+00  0.12277581E-01
  0.17600000E+01  0.53999999E+00  0.12556292E-01
  0.17600000E+01  0.55999999E+00  0.12843373E-01
  0.17600000E+01  0.57999999E+00  0.13139902E-01
  0.17600000E+01  0.59999999E+00  0.13446934E-01
  0.17600000E+01  0.61999999E+00  0.13765487E-01
  0.17600000E+01  0.63999999E+00  0.14096506E-01
  0.17600000E+01  0.65999999E+00  0.14440828E-01
  0.17600000E+01  0.67999998E+00  0.14799147E-01
  0.17600000E+01  0.69999998E+00  0.15171958E-01
  0.17600000E+01  0.71999998E+00  0.15559504E-01
  0.17600000E+01  0.73999998E+00  0.15961707E-01
  0.17600000E+01  0.75999998E+00  0.16378085E-01
  0.17600000E+01  0.77999998E+00  0.16807654E-01
  0.17600000E+01  0.79999998E+00  0.17248805E-01
  0.17600000E+01  0.81999998E+00  0.17699155E-01
  0.17600000E+01  0.83999998E+00  0.18155358E-01
  0.17600000E+01  0.85999998E+00  0.18612864E-01
  0.17600000E+01  0.87999998E+00  0.19065597E-01
  0.17600000E+01  0.89999998E+00  0.19505527E-01
  0.17600000E+01  0.91999998E+00  0.19922058E-01
  0.17600000E+01  0.93999998E+00  0.20301137E-01
  0.17600000E+01  0.95999998E+00  0.20623870E-01
  0.17600000E+01  0.97999998E+00  0.20864211E-01
  0.17600000E+01  0.99999998E+00  0.20984745E-01
  0.17600000E+01  0.10200000E+01  0.20927972E-01
  0.17600000E+01  0.10400000E+01  0.20594524E-01
  0.17600000E+01  0.10600000E+01  0.19767941E-01
  0.17600000E+01  0.10800000E+01  0.17459456E-01
  0.17600000E+01  0.11000000E+01  0.16014176E-01
  0.17600000E+01  0.11200000E+01  0.16183501E-01
  0.17600000E+01  0.11400000E+01  0.16348454E-01
  0.17600000E+01  0.11600000E+01  0.16509309E-01
  0.17600000E+01  0.11800000E+01  0.16666370E-01
  0.17600000E+01  0.12000000E+01  0.16819969E-01
  0.17600000E+01  0.12200000E+01  0.16970465E-01
  0.17600000E+01  0.12400000E+01  0.17118243E-01
  0.17600000E+01  0.12600000E+01  0.17263710E-01
  0.17600000E+01  0.12800000E+01  0.17407299E-01
  0.17600000E+01  0.13000000E+01  0.17549462E-01
  0.17600000E+01  0.13200000E+01  0.17690668E-01
  0.17600000E+01  0.13400000E+01  0.17831405E-01
  0.17600000E+01  0.13600000E+01  0.17972172E-01
  0.17600000E+01  0.13800000E+01  0.18113478E-01
  0.17600000E+01  0.14000000E+01  0.18255840E-01
  0.17600000E+01  0.14200000E+01  0.18399779E-01
  0.17600000E+01  0.14400000E+01  0.18545811E-01
  0.17600000E+01  0.14600000E+01  0.18694451E-01
  0.17600000E+01  0.14800000E+01  0.18846202E-01
  0.17600000E+01  0.15000000E+01  0.19001551E-01
  0.17600000E+01  0.15200000E+01  0.19160967E-01
  0.17600000E+01  0.15400000E+01  0.19324891E-01
  0.17600000E+01  0.15600000E+01  0.19493732E-01
  0.17600000E+01  0.15800000E+01  0.19667860E-01
  0.17600000E+01  0.16000000E+01  0.19847600E-01
  0.17600000E+01  0.16200000E+01  0.20033223E-01
  0.17600000E+01  0.16400000E+01  0.20224940E-01
  0.17600000E+01  0.16600000E+01  0.20422894E-01
  0.17600000E+01  0.16800000E+01  0.20627151E-01
  0.17600000E+01  0.17000000E+01  0.20837691E-01
  0.17600000E+01  0.17200000E+01  0.21054401E-01
  0.17600000E+01  0.17400000E+01  0.21277061E-01
  0.17600000E+01  0.17600000E+01  0.21505341E-01
  0.17600000E+01  0.17800000E+01  0.21738783E-01
  0.17600000E+01  0.18000000E+01  0.21976797E-01
  0.17600000E+01  0.18200000E+01  0.22218645E-01
  0.17600000E+01  0.18400000E+01  0.22463430E-01
  0.17600000E+01  0.18600000E+01  0.22710084E-01
  0.17600000E+01  0.18800000E+01  0.22957353E-01
  0.17600000E+01  0.19000000E+01  0.23203781E-01
  0.17600000E+01  0.19200000E+01  0.23447693E-01
  0.17600000E+01  0.19400000E+01  0.23687176E-01
  0.17600000E+01  0.19600000E+01  0.23920054E-01
  0.17600000E+01  0.19800000E+01  0.24143859E-01
  0.17600000E+01  0.20000000E+01  0.24355799E-01
  0.17800000E+01  0.00000000E+00  0.59140176E-02
  0.17800000E+01  0.20000000E-01  0.61534741E-02
  0.17800000E+01  0.39999999E-01  0.63959075E-02
  0.17800000E+01  0.59999999E-01  0.66405476E-02
  0.17800000E+01  0.79999998E-01  0.68866961E-02
  0.17800000E+01  0.99999998E-01  0.71337295E-02
  0.17800000E+01  0.12000000E+00  0.73811007E-02
  0.17800000E+01  0.14000000E+00  0.76283420E-02
  0.17800000E+01  0.16000000E+00  0.78750667E-02
  0.17800000E+01  0.18000000E+00  0.81209719E-02
  0.17800000E+01  0.20000000E+00  0.83658403E-02
  0.17800000E+01  0.22000000E+00  0.86095418E-02
  0.17800000E+01  0.23999999E+00  0.88520358E-02
  0.17800000E+01  0.25999999E+00  0.90933724E-02
  0.17800000E+01  0.27999999E+00  0.93336932E-02
  0.17800000E+01  0.29999999E+00  0.95732323E-02
  0.17800000E+01  0.31999999E+00  0.98123164E-02
  0.17800000E+01  0.33999999E+00  0.10051364E-01
  0.17800000E+01  0.35999999E+00  0.10290885E-01
  0.17800000E+01  0.37999999E+00  0.10531478E-01
  0.17800000E+01  0.39999999E+00  0.10773828E-01
  0.17800000E+01  0.41999999E+00  0.11018701E-01
  0.17800000E+01  0.43999999E+00  0.11266942E-01
  0.17800000E+01  0.45999999E+00  0.11519464E-01
  0.17800000E+01  0.47999999E+00  0.11777243E-01
  0.17800000E+01  0.49999999E+00  0.12041306E-01
  0.17800000E+01  0.51999999E+00  0.12312719E-01
  0.17800000E+01  0.53999999E+00  0.12592573E-01
  0.17800000E+01  0.55999999E+00  0.12881965E-01
  0.17800000E+01  0.57999999E+00  0.13181977E-01
  0.17800000E+01  0.59999999E+00  0.13493651E-01
  0.17800000E+01  0.61999999E+00  0.13817960E-01
  0.17800000E+01  0.63999999E+00  0.14155774E-01
  0.17800000E+01  0.65999999E+00  0.14507817E-01
  0.17800000E+01  0.67999998E+00  0.14874622E-01
  0.17800000E+01  0.69999998E+00  0.15256469E-01
  0.17800000E+01  0.71999998E+00  0.15653322E-01
  0.17800000E+01  0.73999998E+00  0.16064747E-01
  0.17800000E+01  0.75999998E+00  0.16489810E-01
  0.17800000E+01  0.77999998E+00  0.16926964E-01
  0.17800000E+01  0.79999998E+00  0.17373894E-01
  0.17800000E+01  0.81999998E+00  0.17827338E-01
  0.17800000E+01  0.83999998E+00  0.18282843E-01
  0.17800000E+01  0.85999998E+00  0.18734460E-01
  0.17800000E+01  0.87999998E+00  0.19174314E-01
  0.17800000E+01  0.89999998E+00  0.19592012E-01
  0.17800000E+01  0.91999998E+00  0.19973772E-01
  0.17800000E+01  0.93999998E+00  0.20301070E-01
  0.17800000E+01  0.95999998E+00  0.20548386E-01
  0.17800000E+01  0.97999998E+00  0.20679087E-01
  0.17800000E+01  0.99999998E+00  0.20636927E-01
  0.17800000E+01  0.10200000E+01  0.20324798E-01
  0.17800000E+01  0.10400000E+01  0.19531353E-01
  0.17800000E+01  0.10600000E+01  0.17292015E-01
  0.17800000E+01  0.10800000E+01  0.15892590E-01
  0.17800000E+01  0.11000000E+01  0.16067293E-01
  0.17800000E+01  0.11200000E+01  0.16237664E-01
  0.17800000E+01  0.11400000E+01  0.16403968E-01
  0.17800000E+01  0.11600000E+01  0.16566501E-01
  0.17800000E+01  0.11800000E+01  0.16725586E-01
  0.17800000E+01  0.12000000E+01  0.16881572E-01
  0.17800000E+01  0.12200000E+01  0.17034834E-01
  0.17800000E+01  0.12400000E+01  0.17185773E-01
  0.17800000E+01  0.12600000E+01  0.17334811E-01
  0.17800000E+01  0.12800000E+01  0.17482392E-01
  0.17800000E+01  0.13000000E+01  0.17628976E-01
  0.17800000E+01  0.13200000E+01  0.17775042E-01
  0.17800000E+01  0.13400000E+01  0.17921080E-01
  0.17800000E+01  0.13600000E+01  0.18067592E-01
  0.17800000E+01  0.13800000E+01  0.18215085E-01
  0.17800000E+01  0.14000000E+01  0.18364070E-01
  0.17800000E+01  0.14200000E+01  0.18515057E-01
  0.17800000E+01  0.14400000E+01  0.18668551E-01
  0.17800000E+01  0.14600000E+01  0.18825047E-01
  0.17800000E+01  0.14800000E+01  0.18985024E-01
  0.17800000E+01  0.15000000E+01  0.19148943E-01
  0.17800000E+01  0.15200000E+01  0.19317236E-01
  0.17800000E+01  0.15400000E+01  0.19490306E-01
  0.17800000E+01  0.15600000E+01  0.19668515E-01
  0.17800000E+01  0.15800000E+01  0.19852183E-01
  0.17800000E+01  0.16000000E+01  0.20041573E-01
  0.17800000E+01  0.16200000E+01  0.20236892E-01
  0.17800000E+01  0.16400000E+01  0.20438280E-01
  0.17800000E+01  0.16600000E+01  0.20645797E-01
  0.17800000E+01  0.16800000E+01  0.20859423E-01
  0.17800000E+01  0.17000000E+01  0.21079043E-01
  0.17800000E+01  0.17200000E+01  0.21304439E-01
  0.17800000E+01  0.17400000E+01  0.21535283E-01
  0.17800000E+01  0.17600000E+01  0.21771124E-01
  0.17800000E+01  0.17800000E+01  0.22011376E-01
  0.17800000E+01  0.18000000E+01  0.22255311E-01
  0.17800000E+01  0.18200000E+01  0.22502045E-01
  0.17800000E+01  0.18400000E+01  0.22750523E-01
  0.17800000E+01  0.18600000E+01  0.22999510E-01
  0.17800000E+01  0.18800000E+01  0.23247569E-01
  0.17800000E+01  0.19000000E+01  0.23493048E-01
  0.17800000E+01  0.19200000E+01  0.23734060E-01
  0.17800000E+01  0.19400000E+01  0.23968454E-01
  0.17800000E+01  0.19600000E+01  0.24193792E-01
  0.17800000E+01  0.19800000E+01  0.24407307E-01
  0.17800000E+01  0.20000000E+01  0.24605863E-01
  0.18000000E+01  0.00000000E+00  0.61116648E-02
  0.18000000E+01  0.20000000E-01  0.63455151E-02
  0.18000000E+01  0.39999999E-01  0.65818039E-02
  0.18000000E+01  0.59999999E-01  0.68197992E-02
  0.18000000E+01  0.79999998E-01  0.70588457E-02
  0.18000000E+01  0.99999998E-01  0.72983667E-02
  0.18000000E+01  0.12000000E+00  0.75378666E-02
  0.18000000E+01  0.14000000E+00  0.77769332E-02
  0.18000000E+01  0.16000000E+00  0.80152403E-02
  0.18000000E+01  0.18000000E+00  0.82525495E-02
  0.18000000E+01  0.20000000E+00  0.84887121E-02
  0.18000000E+01  0.22000000E+00  0.87236712E-02
  0.18000000E+01  0.23999999E+00  0.89574629E-02
  0.18000000E+01  0.25999999E+00  0.91902177E-02
  0.18000000E+01  0.27999999E+00  0.94221609E-02
  0.18000000E+01  0.29999999E+00  0.96536127E-02
  0.18000000E+01  0.31999999E+00  0.98849883E-02
  0.18000000E+01  0.33999999E+00  0.10116796E-01
  0.18000000E+01  0.35999999E+00  0.10349637E-01
  0.18000000E+01  0.37999999E+00  0.10584198E-01
  0.18000000E+01  0.39999999E+00  0.10821254E-01
  0.18000000E+01  0.41999999E+00  0.11061658E-01
  0.18000000E+01  0.43999999E+00  0.11306334E-01
  0.18000000E+01  0.45999999E+00  0.11556273E-01
  0.18000000E+01  0.47999999E+00  0.11812517E-01
  0.18000000E+01  0.49999999E+00  0.12076152E-01
  0.18000000E+01  0.51999999E+00  0.12348288E-01
  0.18000000E+01  0.53999999E+00  0.12630046E-01
  0.18000000E+01  0.55999999E+00  0.12922532E-01
  0.18000000E+01  0.57999999E+00  0.13226815E-01
  0.18000000E+01  0.59999999E+00  0.13543899E-01
  0.18000000E+01  0.61999999E+00  0.13874684E-01
  0.18000000E+01  0.63999999E+00  0.14219929E-01
  0.18000000E+01  0.65999999E+00  0.14580201E-01
  0.18000000E+01  0.67999998E+00  0.14955821E-01
  0.18000000E+01  0.69999998E+00  0.15346797E-01
  0.18000000E+01  0.71999998E+00  0.15752741E-01
  0.18000000E+01  0.73999998E+00  0.16172773E-01
  0.18000000E+01  0.75999998E+00  0.16605406E-01
  0.18000000E+01  0.77999998E+00  0.17048395E-01
  0.18000000E+01  0.79999998E+00  0.17498562E-01
  0.18000000E+01  0.81999998E+00  0.17951555E-01
  0.18000000E+01  0.83999998E+00  0.18401547E-01
  0.18000000E+01  0.85999998E+00  0.18840820E-01
  0.18000000E+01  0.87999998E+00  0.19259187E-01
  0.18000000E+01  0.89999998E+00  0.19643135E-01
  0.18000000E+01  0.91999998E+00  0.19974511E-01
  0.18000000E+01  0.93999998E+00  0.20228318E-01
  0.18000000E+01  0.95999998E+00  0.20368708E-01
  0.18000000E+01  0.97999998E+00  0.20340686E-01
  0.18000000E+01  0.99999998E+00  0.20049399E-01
  0.18000000E+01  0.10200000E+01  0.19288601E-01
  0.18000000E+01  0.10400000E+01  0.17117813E-01
  0.18000000E+01  0.10600000E+01  0.15763908E-01
  0.18000000E+01  0.10800000E+01  0.15943886E-01
  0.18000000E+01  0.11000000E+01  0.16119586E-01
  0.18000000E+01  0.11200000E+01  0.16291266E-01
  0.18000000E+01  0.11400000E+01  0.16459210E-01
  0.18000000E+01  0.11600000E+01  0.16623733E-01
  0.18000000E+01  0.11800000E+01  0.16785174E-01
  0.18000000E+01  0.12000000E+01  0.16943901E-01
  0.18000000E+01  0.12200000E+01  0.17100303E-01
  0.18000000E+01  0.12400000E+01  0.17254794E-01
  0.18000000E+01  0.12600000E+01  0.17407808E-01
  0.18000000E+01  0.12800000E+01  0.17559797E-01
  0.18000000E+01  0.13000000E+01  0.17711229E-01
  0.18000000E+01  0.13200000E+01  0.17862587E-01
  0.18000000E+01  0.13400000E+01  0.18014360E-01
  0.18000000E+01  0.13600000E+01  0.18167049E-01
  0.18000000E+01  0.13800000E+01  0.18321154E-01
  0.18000000E+01  0.14000000E+01  0.18477176E-01
  0.18000000E+01  0.14200000E+01  0.18635610E-01
  0.18000000E+01  0.14400000E+01  0.18796942E-01
  0.18000000E+01  0.14600000E+01  0.18961643E-01
  0.18000000E+01  0.14800000E+01  0.19130164E-01
  0.18000000E+01  0.15000000E+01  0.19302930E-01
  0.18000000E+01  0.15200000E+01  0.19480333E-01
  0.18000000E+01  0.15400000E+01  0.19662729E-01
  0.18000000E+01  0.15600000E+01  0.19850429E-01
  0.18000000E+01  0.15800000E+01  0.20043691E-01
  0.18000000E+01  0.16000000E+01  0.20242715E-01
  0.18000000E+01  0.16200000E+01  0.20447636E-01
  0.18000000E+01  0.16400000E+01  0.20658511E-01
  0.18000000E+01  0.16600000E+01  0.20875315E-01
  0.18000000E+01  0.16800000E+01  0.21097934E-01
  0.18000000E+01  0.17000000E+01  0.21326151E-01
  0.18000000E+01  0.17200000E+01  0.21559638E-01
  0.18000000E+01  0.17400000E+01  0.21797948E-01
  0.18000000E+01  0.17600000E+01  0.22040505E-01
  0.18000000E+01  0.17800000E+01  0.22286589E-01
  0.18000000E+01  0.18000000E+01  0.22535327E-01
  0.18000000E+01  0.18200000E+01  0.22785682E-01
  0.18000000E+01  0.18400000E+01  0.23036433E-01
  0.18000000E+01  0.18600000E+01  0.23286168E-01
  0.18000000E+01  0.18800000E+01  0.23533257E-01
  0.18000000E+01  0.19000000E+01  0.23775840E-01
  0.18000000E+01  0.19200000E+01  0.24011796E-01
  0.18000000E+01  0.19400000E+01  0.24238717E-01
  0.18000000E+01  0.19600000E+01  0.24453867E-01
  0.18000000E+01  0.19800000E+01  0.24654139E-01
  0.18000000E+01  0.20000000E+01  0.24835985E-01
  0.18200000E+01  0.00000000E+00  0.63115668E-02
  0.18200000E+01  0.20000000E-01  0.65392159E-02
  0.18200000E+01  0.39999999E-01  0.67687705E-02
  0.18200000E+01  0.59999999E-01  0.69995422E-02
  0.18200000E+01  0.79999998E-01  0.72309232E-02
  0.18200000E+01  0.99999998E-01  0.74623890E-02
  0.18200000E+01  0.12000000E+00  0.76935009E-02
  0.18200000E+01  0.14000000E+00  0.79239081E-02
  0.18200000E+01  0.16000000E+00  0.81533501E-02
  0.18200000E+01  0.18000000E+00  0.83816585E-02
  0.18200000E+01  0.20000000E+00  0.86087595E-02
  0.18200000E+01  0.22000000E+00  0.88346743E-02
  0.18200000E+01  0.23999999E+00  0.90595215E-02
  0.18200000E+01  0.25999999E+00  0.92835168E-02
  0.18200000E+01  0.27999999E+00  0.95069738E-02
  0.18200000E+01  0.29999999E+00  0.97303036E-02
  0.18200000E+01  0.31999999E+00  0.99540132E-02
  0.18200000E+01  0.33999999E+00  0.10178704E-01
  0.18200000E+01  0.35999999E+00  0.10405069E-01
  0.18200000E+01  0.37999999E+00  0.10633888E-01
  0.18200000E+01  0.39999999E+00  0.10866022E-01
  0.18200000E+01  0.41999999E+00  0.11102410E-01
  0.18200000E+01  0.43999999E+00  0.11344054E-01
  0.18200000E+01  0.45999999E+00  0.11592015E-01
  0.18200000E+01  0.47999999E+00  0.11847396E-01
  0.18200000E+01  0.49999999E+00  0.12111330E-01
  0.18200000E+01  0.51999999E+00  0.12384960E-01
  0.18200000E+01  0.53999999E+00  0.12669419E-01
  0.18200000E+01  0.55999999E+00  0.12965804E-01
  0.18200000E+01  0.57999999E+00  0.13275148E-01
  0.18200000E+01  0.59999999E+00  0.13598385E-01
  0.18200000E+01  0.61999999E+00  0.13936306E-01
  0.18200000E+01  0.63999999E+00  0.14289517E-01
  0.18200000E+01  0.65999999E+00  0.14658381E-01
  0.18200000E+01  0.67999998E+00  0.15042948E-01
  0.18200000E+01  0.69999998E+00  0.15442879E-01
  0.18200000E+01  0.71999998E+00  0.15857348E-01
  0.18200000E+01  0.73999998E+00  0.16284929E-01
  0.18200000E+01  0.75999998E+00  0.16723450E-01
  0.18200000E+01  0.77999998E+00  0.17169812E-01
  0.18200000E+01  0.79999998E+00  0.17619768E-01
  0.18200000E+01  0.81999998E+00  0.18067615E-01
  0.18200000E+01  0.83999998E+00  0.18505791E-01
  0.18200000E+01  0.85999998E+00  0.18924312E-01
  0.18200000E+01  0.87999998E+00  0.19309936E-01
  0.18200000E+01  0.89999998E+00  0.19644879E-01
  0.18200000E+01  0.91999998E+00  0.19904667E-01
  0.18200000E+01  0.93999998E+00  0.20054234E-01
  0.18200000E+01  0.95999998E+00  0.20039832E-01
  0.18200000E+01  0.97999998E+00  0.19768855E-01
  0.18200000E+01  0.99999998E+00  0.19040134E-01
  0.18200000E+01  0.10200000E+01  0.16937142E-01
  0.18200000E+01  0.10400000E+01  0.15628313E-01
  0.18200000E+01  0.10600000E+01  0.15813438E-01
  0.18200000E+01  0.10800000E+01  0.15994356E-01
  0.18200000E+01  0.11000000E+01  0.16171312E-01
  0.18200000E+01  0.11200000E+01  0.16344582E-01
  0.18200000E+01  0.11400000E+01  0.16514472E-01
  0.18200000E+01  0.11600000E+01  0.16681312E-01
  0.18200000E+01  0.11800000E+01  0.16845458E-01
  0.18200000E+01  0.12000000E+01  0.17007292E-01
  0.18200000E+01  0.12200000E+01  0.17167217E-01
  0.18200000E+01  0.12400000E+01  0.17325657E-01
  0.18200000E+01  0.12600000E+01  0.17483055E-01
  0.18200000E+01  0.12800000E+01  0.17639869E-01
  0.18200000E+01  0.13000000E+01  0.17796571E-01
  0.18200000E+01  0.13200000E+01  0.17953642E-01
  0.18200000E+01  0.13400000E+01  0.18111572E-01
  0.18200000E+01  0.13600000E+01  0.18270850E-01
  0.18200000E+01  0.13800000E+01  0.18431968E-01
  0.18200000E+01  0.14000000E+01  0.18595411E-01
  0.18200000E+01  0.14200000E+01  0.18761655E-01
  0.18200000E+01  0.14400000E+01  0.18931161E-01
  0.18200000E+01  0.14600000E+01  0.19104369E-01
  0.18200000E+01  0.14800000E+01  0.19281695E-01
  0.18200000E+01  0.15000000E+01  0.19463523E-01
  0.18200000E+01  0.15200000E+01  0.19650199E-01
  0.18200000E+01  0.15400000E+01  0.19842026E-01
  0.18200000E+01  0.15600000E+01  0.20039255E-01
  0.18200000E+01  0.15800000E+01  0.20242079E-01
  0.18200000E+01  0.16000000E+01  0.20450626E-01
  0.18200000E+01  0.16200000E+01  0.20664949E-01
  0.18200000E+01  0.16400000E+01  0.20885020E-01
  0.18200000E+01  0.16600000E+01  0.21110723E-01
  0.18200000E+01  0.16800000E+01  0.21341839E-01
  0.18200000E+01  0.17000000E+01  0.21578045E-01
  0.18200000E+01  0.17200000E+01  0.21818897E-01
  0.18200000E+01  0.17400000E+01  0.22063825E-01
  0.18200000E+01  0.17600000E+01  0.22312118E-01
  0.18200000E+01  0.17800000E+01  0.22562918E-01
  0.18200000E+01  0.18000000E+01  0.22815200E-01
  0.18200000E+01  0.18200000E+01  0.23067766E-01
  0.18200000E+01  0.18400000E+01  0.23319222E-01
  0.18200000E+01  0.18600000E+01  0.23567966E-01
  0.18200000E+01  0.18800000E+01  0.23812166E-01
  0.18200000E+01  0.19000000E+01  0.24049732E-01
  0.18200000E+01  0.19200000E+01  0.24278289E-01
  0.18200000E+01  0.19400000E+01  0.24495136E-01
  0.18200000E+01  0.19600000E+01  0.24697197E-01
  0.18200000E+01  0.19800000E+01  0.24880955E-01
  0.18200000E+01  0.20000000E+01  0.25042364E-01
  0.18400000E+01  0.00000000E+00  0.65132465E-02
  0.18400000E+01  0.20000000E-01  0.67340867E-02
  0.18400000E+01  0.39999999E-01  0.69563099E-02
  0.18400000E+01  0.59999999E-01  0.71792760E-02
  0.18400000E+01  0.79999998E-01  0.74024303E-02
  0.18400000E+01  0.99999998E-01  0.76253062E-02
  0.18400000E+01  0.12000000E+00  0.78475272E-02
  0.18400000E+01  0.14000000E+00  0.80688096E-02
  0.18400000E+01  0.16000000E+00  0.82889646E-02
  0.18400000E+01  0.18000000E+00  0.85078999E-02
  0.18400000E+01  0.20000000E+00  0.87256214E-02
  0.18400000E+01  0.22000000E+00  0.89422348E-02
  0.18400000E+01  0.23999999E+00  0.91579457E-02
  0.18400000E+01  0.25999999E+00  0.93730604E-02
  0.18400000E+01  0.27999999E+00  0.95879853E-02
  0.18400000E+01  0.29999999E+00  0.98032256E-02
  0.18400000E+01  0.31999999E+00  0.10019384E-01
  0.18400000E+01  0.33999999E+00  0.10237156E-01
  0.18400000E+01  0.35999999E+00  0.10457330E-01
  0.18400000E+01  0.37999999E+00  0.10680775E-01
  0.18400000E+01  0.39999999E+00  0.10908441E-01
  0.18400000E+01  0.41999999E+00  0.11141347E-01
  0.18400000E+01  0.43999999E+00  0.11380568E-01
  0.18400000E+01  0.45999999E+00  0.11627229E-01
  0.18400000E+01  0.47999999E+00  0.11882484E-01
  0.18400000E+01  0.49999999E+00  0.12147499E-01
  0.18400000E+01  0.51999999E+00  0.12423436E-01
  0.18400000E+01  0.53999999E+00  0.12711419E-01
  0.18400000E+01  0.55999999E+00  0.13012511E-01
  0.18400000E+01  0.57999999E+00  0.13327681E-01
  0.18400000E+01  0.59999999E+00  0.13657756E-01
  0.18400000E+01  0.61999999E+00  0.14003380E-01
  0.18400000E+01  0.63999999E+00  0.14364956E-01
  0.18400000E+01  0.65999999E+00  0.14742581E-01
  0.18400000E+01  0.67999998E+00  0.15135963E-01
  0.18400000E+01  0.69999998E+00  0.15544334E-01
  0.18400000E+01  0.71999998E+00  0.15966327E-01
  0.18400000E+01  0.73999998E+00  0.16399843E-01
  0.18400000E+01  0.75999998E+00  0.16841868E-01
  0.18400000E+01  0.77999998E+00  0.17288255E-01
  0.18400000E+01  0.79999998E+00  0.17733424E-01
  0.18400000E+01  0.81999998E+00  0.18169973E-01
  0.18400000E+01  0.83999998E+00  0.18588119E-01
  0.18400000E+01  0.85999998E+00  0.18974891E-01
  0.18400000E+01  0.87999998E+00  0.19312869E-01
  0.18400000E+01  0.89999998E+00  0.19578105E-01
  0.18400000E+01  0.91999998E+00  0.19736306E-01
  0.18400000E+01  0.93999998E+00  0.19734966E-01
  0.18400000E+01  0.95999998E+00  0.19483714E-01
  0.18400000E+01  0.97999998E+00  0.18786421E-01
  0.18400000E+01  0.99999998E+00  0.16750324E-01
  0.18400000E+01  0.10200000E+01  0.15486022E-01
  0.18400000E+01  0.10400000E+01  0.15676147E-01
  0.18400000E+01  0.10600000E+01  0.15862145E-01
  0.18400000E+01  0.10800000E+01  0.16044255E-01
  0.18400000E+01  0.11000000E+01  0.16222744E-01
  0.18400000E+01  0.11200000E+01  0.16397906E-01
  0.18400000E+01  0.11400000E+01  0.16570062E-01
  0.18400000E+01  0.11600000E+01  0.16739560E-01
  0.18400000E+01  0.11800000E+01  0.16906770E-01
  0.18400000E+01  0.12000000E+01  0.17072086E-01
  0.18400000E+01  0.12200000E+01  0.17235923E-01
  0.18400000E+01  0.12400000E+01  0.17398712E-01
  0.18400000E+01  0.12600000E+01  0.17560901E-01
  0.18400000E+01  0.12800000E+01  0.17722953E-01
  0.18400000E+01  0.13000000E+01  0.17885337E-01
  0.18400000E+01  0.13200000E+01  0.18048531E-01
  0.18400000E+01  0.13400000E+01  0.18213017E-01
  0.18400000E+01  0.13600000E+01  0.18379275E-01
  0.18400000E+01  0.13800000E+01  0.18547777E-01
  0.18400000E+01  0.14000000E+01  0.18718990E-01
  0.18400000E+01  0.14200000E+01  0.18893364E-01
  0.18400000E+01  0.14400000E+01  0.19071329E-01
  0.18400000E+01  0.14600000E+01  0.19253289E-01
  0.18400000E+01  0.14800000E+01  0.19439620E-01
  0.18400000E+01  0.15000000E+01  0.19630658E-01
  0.18400000E+01  0.15200000E+01  0.19826695E-01
  0.18400000E+01  0.15400000E+01  0.20027975E-01
  0.18400000E+01  0.15600000E+01  0.20234683E-01
  0.18400000E+01  0.15800000E+01  0.20446940E-01
  0.18400000E+01  0.16000000E+01  0.20664794E-01
  0.18400000E+01  0.16200000E+01  0.20888214E-01
  0.18400000E+01  0.16400000E+01  0.21117079E-01
  0.18400000E+01  0.16600000E+01  0.21351171E-01
  0.18400000E+01  0.16800000E+01  0.21590167E-01
  0.18400000E+01  0.17000000E+01  0.21833629E-01
  0.18400000E+01  0.17200000E+01  0.22080992E-01
  0.18400000E+01  0.17400000E+01  0.22331556E-01
  0.18400000E+01  0.17600000E+01  0.22584473E-01
  0.18400000E+01  0.17800000E+01  0.22838736E-01
  0.18400000E+01  0.18000000E+01  0.23093164E-01
  0.18400000E+01  0.18200000E+01  0.23346390E-01
  0.18400000E+01  0.18400000E+01  0.23596836E-01
  0.18400000E+01  0.18600000E+01  0.23842700E-01
  0.18400000E+01  0.18800000E+01  0.24081925E-01
  0.18400000E+01  0.19000000E+01  0.24312173E-01
  0.18400000E+01  0.19200000E+01  0.24530779E-01
  0.18400000E+01  0.19400000E+01  0.24734703E-01
  0.18400000E+01  0.19600000E+01  0.24920464E-01
  0.18400000E+01  0.19800000E+01  0.25084042E-01
  0.18400000E+01  0.20000000E+01  0.25220752E-01
  0.18600000E+01  0.00000000E+00  0.67161842E-02
  0.18600000E+01  0.20000000E-01  0.69295993E-02
  0.18600000E+01  0.39999999E-01  0.71438899E-02
  0.18600000E+01  0.59999999E-01  0.73584701E-02
  0.18600000E+01  0.79999998E-01  0.75728438E-02
  0.18600000E+01  0.99999998E-01  0.77866078E-02
  0.18600000E+01  0.12000000E+00  0.79994542E-02
  0.18600000E+01  0.14000000E+00  0.82111721E-02
  0.18600000E+01  0.16000000E+00  0.84216502E-02
  0.18600000E+01  0.18000000E+00  0.86308780E-02
  0.18600000E+01  0.20000000E+00  0.88389473E-02
  0.18600000E+01  0.22000000E+00  0.90460530E-02
  0.18600000E+01  0.23999999E+00  0.92524933E-02
  0.18600000E+01  0.25999999E+00  0.94586693E-02
  0.18600000E+01  0.27999999E+00  0.96650843E-02
  0.18600000E+01  0.29999999E+00  0.98723411E-02
  0.18600000E+01  0.31999999E+00  0.10081140E-01
  0.18600000E+01  0.33999999E+00  0.10292273E-01
  0.18600000E+01  0.35999999E+00  0.10506622E-01
  0.18600000E+01  0.37999999E+00  0.10725146E-01
  0.18600000E+01  0.39999999E+00  0.10948879E-01
  0.18600000E+01  0.41999999E+00  0.11178916E-01
  0.18600000E+01  0.43999999E+00  0.11416399E-01
  0.18600000E+01  0.45999999E+00  0.11662506E-01
  0.18600000E+01  0.47999999E+00  0.11918428E-01
  0.18600000E+01  0.49999999E+00  0.12185352E-01
  0.18600000E+01  0.51999999E+00  0.12464434E-01
  0.18600000E+01  0.53999999E+00  0.12756769E-01
  0.18600000E+01  0.55999999E+00  0.13063358E-01
  0.18600000E+01  0.57999999E+00  0.13385067E-01
  0.18600000E+01  0.59999999E+00  0.13722577E-01
  0.18600000E+01  0.61999999E+00  0.14076336E-01
  0.18600000E+01  0.63999999E+00  0.14446484E-01
  0.18600000E+01  0.65999999E+00  0.14832782E-01
  0.18600000E+01  0.67999998E+00  0.15234516E-01
  0.18600000E+01  0.69999998E+00  0.15650383E-01
  0.18600000E+01  0.71999998E+00  0.16078354E-01
  0.18600000E+01  0.73999998E+00  0.16515502E-01
  0.18600000E+01  0.75999998E+00  0.16957780E-01
  0.18600000E+01  0.77999998E+00  0.17399733E-01
  0.18600000E+01  0.79999998E+00  0.17834115E-01
  0.18600000E+01  0.81999998E+00  0.18251345E-01
  0.18600000E+01  0.83999998E+00  0.18638719E-01
  0.18600000E+01  0.85999998E+00  0.18979186E-01
  0.18600000E+01  0.87999998E+00  0.19249311E-01
  0.18600000E+01  0.89999998E+00  0.19415575E-01
  0.18600000E+01  0.91999998E+00  0.19426704E-01
  0.18600000E+01  0.93999998E+00  0.19194541E-01
  0.18600000E+01  0.95999998E+00  0.18527958E-01
  0.18600000E+01  0.97999998E+00  0.16557709E-01
  0.18600000E+01  0.99999998E+00  0.15337290E-01
  0.18600000E+01  0.10200000E+01  0.15532240E-01
  0.18600000E+01  0.10400000E+01  0.15723161E-01
  0.18600000E+01  0.10600000E+01  0.15910281E-01
  0.18600000E+01  0.10800000E+01  0.16093856E-01
  0.18600000E+01  0.11000000E+01  0.16274172E-01
  0.18600000E+01  0.11200000E+01  0.16451541E-01
  0.18600000E+01  0.11400000E+01  0.16626299E-01
  0.18600000E+01  0.11600000E+01  0.16798807E-01
  0.18600000E+01  0.11800000E+01  0.16969449E-01
  0.18600000E+01  0.12000000E+01  0.17138629E-01
  0.18600000E+01  0.12200000E+01  0.17306769E-01
  0.18600000E+01  0.12400000E+01  0.17474305E-01
  0.18600000E+01  0.12600000E+01  0.17641689E-01
  0.18600000E+01  0.12800000E+01  0.17809379E-01
  0.18600000E+01  0.13000000E+01  0.17977844E-01
  0.18600000E+01  0.13200000E+01  0.18147551E-01
  0.18600000E+01  0.13400000E+01  0.18318971E-01
  0.18600000E+01  0.13600000E+01  0.18492564E-01
  0.18600000E+01  0.13800000E+01  0.18668786E-01
  0.18600000E+01  0.14000000E+01  0.18848075E-01
  0.18600000E+01  0.14200000E+01  0.19030849E-01
  0.18600000E+01  0.14400000E+01  0.19217504E-01
  0.18600000E+01  0.14600000E+01  0.19408401E-01
  0.18600000E+01  0.14800000E+01  0.19603867E-01
  0.18600000E+01  0.15000000E+01  0.19804185E-01
  0.18600000E+01  0.15200000E+01  0.20009589E-01
  0.18600000E+01  0.15400000E+01  0.20220255E-01
  0.18600000E+01  0.15600000E+01  0.20436298E-01
  0.18600000E+01  0.15800000E+01  0.20657758E-01
  0.18600000E+01  0.16000000E+01  0.20884599E-01
  0.18600000E+01  0.16200000E+01  0.21116699E-01
  0.18600000E+01  0.16400000E+01  0.21353837E-01
  0.18600000E+01  0.16600000E+01  0.21595692E-01
  0.18600000E+01  0.16800000E+01  0.21841828E-01
  0.18600000E+01  0.17000000E+01  0.22091688E-01
  0.18600000E+01  0.17200000E+01  0.22344579E-01
  0.18600000E+01  0.17400000E+01  0.22599668E-01
  0.18600000E+01  0.17600000E+01  0.22855963E-01
  0.18600000E+01  0.17800000E+01  0.23112305E-01
  0.18600000E+01  0.18000000E+01  0.23367347E-01
  0.18600000E+01  0.18200000E+01  0.23619541E-01
  0.18600000E+01  0.18400000E+01  0.23867117E-01
  0.18600000E+01  0.18600000E+01  0.24108052E-01
  0.18600000E+01  0.18800000E+01  0.24340046E-01
  0.18600000E+01  0.19000000E+01  0.24560473E-01
  0.18600000E+01  0.19200000E+01  0.24766335E-01
  0.18600000E+01  0.19400000E+01  0.24954187E-01
  0.18600000E+01  0.19600000E+01  0.25120044E-01
  0.18600000E+01  0.19800000E+01  0.25259243E-01
  0.18600000E+01  0.20000000E+01  0.25366257E-01
  0.18800000E+01  0.00000000E+00  0.69198184E-02
  0.18800000E+01  0.20000000E-01  0.71251873E-02
  0.18800000E+01  0.39999999E-01  0.73309452E-02
  0.18800000E+01  0.59999999E-01  0.75365656E-02
  0.18800000E+01  0.79999998E-01  0.77416173E-02
  0.18800000E+01  0.99999998E-01  0.79457665E-02
  0.18800000E+01  0.12000000E+00  0.81487797E-02
  0.18800000E+01  0.14000000E+00  0.83505250E-02
  0.18800000E+01  0.16000000E+00  0.85509747E-02
  0.18800000E+01  0.18000000E+00  0.87502058E-02
  0.18800000E+01  0.20000000E+00  0.89484015E-02
  0.18800000E+01  0.22000000E+00  0.91458511E-02
  0.18800000E+01  0.23999999E+00  0.93429501E-02
  0.18800000E+01  0.25999999E+00  0.95401987E-02
  0.18800000E+01  0.27999999E+00  0.97382003E-02
  0.18800000E+01  0.29999999E+00  0.99376579E-02
  0.18800000E+01  0.31999999E+00  0.10139371E-01
  0.18800000E+01  0.33999999E+00  0.10344228E-01
  0.18800000E+01  0.35999999E+00  0.10553203E-01
  0.18800000E+01  0.37999999E+00  0.10767344E-01
  0.18800000E+01  0.39999999E+00  0.10987761E-01
  0.18800000E+01  0.41999999E+00  0.11215620E-01
  0.18800000E+01  0.43999999E+00  0.11452120E-01
  0.18800000E+01  0.45999999E+00  0.11698478E-01
  0.18800000E+01  0.47999999E+00  0.11955909E-01
  0.18800000E+01  0.49999999E+00  0.12225600E-01
  0.18800000E+01  0.51999999E+00  0.12508677E-01
  0.18800000E+01  0.53999999E+00  0.12806177E-01
  0.18800000E+01  0.55999999E+00  0.13119002E-01
  0.18800000E+01  0.57999999E+00  0.13447877E-01
  0.18800000E+01  0.59999999E+00  0.13793291E-01
  0.18800000E+01  0.61999999E+00  0.14155431E-01
  0.18800000E+01  0.63999999E+00  0.14534109E-01
  0.18800000E+01  0.65999999E+00  0.14928667E-01
  0.18800000E+01  0.67999998E+00  0.15337867E-01
  0.18800000E+01  0.69999998E+00  0.15759752E-01
  0.18800000E+01  0.71999998E+00  0.16191479E-01
  0.18800000E+01  0.73999998E+00  0.16629103E-01
  0.18800000E+01  0.75999998E+00  0.17067293E-01
  0.18800000E+01  0.77999998E+00  0.17498960E-01
  0.18800000E+01  0.79999998E+00  0.17914724E-01
  0.18800000E+01  0.81999998E+00  0.18302145E-01
  0.18800000E+01  0.83999998E+00  0.18644534E-01
  0.18800000E+01  0.85999998E+00  0.18918972E-01
  0.18800000E+01  0.87999998E+00  0.19092702E-01
  0.18800000E+01  0.89999998E+00  0.19115672E-01
  0.18800000E+01  0.91999998E+00  0.18901917E-01
  0.18800000E+01  0.93999998E+00  0.18265257E-01
  0.18800000E+01  0.95999998E+00  0.16359679E-01
  0.18800000E+01  0.97999998E+00  0.15182400E-01
  0.18800000E+01  0.99999998E+00  0.15381984E-01
  0.18800000E+01  0.10200000E+01  0.15577647E-01
  0.18800000E+01  0.10400000E+01  0.15769609E-01
  0.18800000E+01  0.10600000E+01  0.15958117E-01
  0.18800000E+01  0.10800000E+01  0.16143446E-01
  0.18800000E+01  0.11000000E+01  0.16325900E-01
  0.18800000E+01  0.11200000E+01  0.16505804E-01
  0.18800000E+01  0.11400000E+01  0.16683509E-01
  0.18800000E+01  0.11600000E+01  0.16859390E-01
  0.18800000E+01  0.11800000E+01  0.17033838E-01
  0.18800000E+01  0.12000000E+01  0.17207265E-01
  0.18800000E+01  0.12200000E+01  0.17380098E-01
  0.18800000E+01  0.12400000E+01  0.17552775E-01
  0.18800000E+01  0.12600000E+01  0.17725744E-01
  0.18800000E+01  0.12800000E+01  0.17899462E-01
  0.18800000E+01  0.13000000E+01  0.18074385E-01
  0.18800000E+01  0.13200000E+01  0.18250970E-01
  0.18800000E+01  0.13400000E+01  0.18429668E-01
  0.18800000E+01  0.13600000E+01  0.18610920E-01
  0.18800000E+01  0.13800000E+01  0.18795153E-01
  0.18800000E+01  0.14000000E+01  0.18982773E-01
  0.18800000E+01  0.14200000E+01  0.19174164E-01
  0.18800000E+01  0.14400000E+01  0.19369675E-01
  0.18800000E+01  0.14600000E+01  0.19569623E-01
  0.18800000E+01  0.14800000E+01  0.19774279E-01
  0.18800000E+01  0.15000000E+01  0.19983868E-01
  0.18800000E+01  0.15200000E+01  0.20198555E-01
  0.18800000E+01  0.15400000E+01  0.20418447E-01
  0.18800000E+01  0.15600000E+01  0.20643579E-01
  0.18800000E+01  0.15800000E+01  0.20873907E-01
  0.18800000E+01  0.16000000E+01  0.21109306E-01
  0.18800000E+01  0.16200000E+01  0.21349554E-01
  0.18800000E+01  0.16400000E+01  0.21594329E-01
  0.18800000E+01  0.16600000E+01  0.21843200E-01
  0.18800000E+01  0.16800000E+01  0.22095613E-01
  0.18800000E+01  0.17000000E+01  0.22350887E-01
  0.18800000E+01  0.17200000E+01  0.22608201E-01
  0.18800000E+01  0.17400000E+01  0.22866578E-01
  0.18800000E+01  0.17600000E+01  0.23124880E-01
  0.18800000E+01  0.17800000E+01  0.23381785E-01
  0.18800000E+01  0.18000000E+01  0.23635774E-01
  0.18800000E+01  0.18200000E+01  0.23885109E-01
  0.18800000E+01  0.18400000E+01  0.24127804E-01
  0.18800000E+01  0.18600000E+01  0.24361599E-01
  0.18800000E+01  0.18800000E+01  0.24583910E-01
  0.18800000E+01  0.19000000E+01  0.24791783E-01
  0.18800000E+01  0.19200000E+01  0.24981814E-01
  0.18800000E+01  0.19400000E+01  0.25150055E-01
  0.18800000E+01  0.19600000E+01  0.25291875E-01
  0.18800000E+01  0.19800000E+01  0.25401760E-01
  0.18800000E+01  0.20000000E+01  0.25473025E-01
  0.19000000E+01  0.00000000E+00  0.71235466E-02
  0.19000000E+01  0.20000000E-01  0.73202485E-02
  0.19000000E+01  0.39999999E-01  0.75168793E-02
  0.19000000E+01  0.59999999E-01  0.77129783E-02
  0.19000000E+01  0.79999998E-01  0.79081849E-02
  0.19000000E+01  0.99999998E-01  0.81022412E-02
  0.19000000E+01  0.12000000E+00  0.82949943E-02
  0.19000000E+01  0.14000000E+00  0.84863975E-02
  0.19000000E+01  0.16000000E+00  0.86765124E-02
  0.19000000E+01  0.18000000E+00  0.88655094E-02
  0.19000000E+01  0.20000000E+00  0.90536683E-02
  0.19000000E+01  0.22000000E+00  0.92413780E-02
  0.19000000E+01  0.23999999E+00  0.94291355E-02
  0.19000000E+01  0.25999999E+00  0.96175435E-02
  0.19000000E+01  0.27999999E+00  0.98073082E-02
  0.19000000E+01  0.29999999E+00  0.99992346E-02
  0.19000000E+01  0.31999999E+00  0.10194221E-01
  0.19000000E+01  0.33999999E+00  0.10393253E-01
  0.19000000E+01  0.35999999E+00  0.10597393E-01
  0.19000000E+01  0.37999999E+00  0.10807770E-01
  0.19000000E+01  0.39999999E+00  0.11025570E-01
  0.19000000E+01  0.41999999E+00  0.11252015E-01
  0.19000000E+01  0.43999999E+00  0.11488350E-01
  0.19000000E+01  0.45999999E+00  0.11735816E-01
  0.19000000E+01  0.47999999E+00  0.11995632E-01
  0.19000000E+01  0.49999999E+00  0.12268959E-01
  0.19000000E+01  0.51999999E+00  0.12556868E-01
  0.19000000E+01  0.53999999E+00  0.12860301E-01
  0.19000000E+01  0.55999999E+00  0.13180024E-01
  0.19000000E+01  0.57999999E+00  0.13516568E-01
  0.19000000E+01  0.59999999E+00  0.13870171E-01
  0.19000000E+01  0.61999999E+00  0.14240696E-01
  0.19000000E+01  0.63999999E+00  0.14627542E-01
  0.19000000E+01  0.65999999E+00  0.15029534E-01
  0.19000000E+01  0.67999998E+00  0.15444790E-01
  0.19000000E+01  0.69999998E+00  0.15870551E-01
  0.19000000E+01  0.71999998E+00  0.16302974E-01
  0.19000000E+01  0.73999998E+00  0.16736853E-01
  0.19000000E+01  0.75999998E+00  0.17165251E-01
  0.19000000E+01  0.77999998E+00  0.17578988E-01
  0.19000000E+01  0.79999998E+00  0.17965889E-01
  0.19000000E+01  0.81999998E+00  0.18309624E-01
  0.19000000E+01  0.83999998E+00  0.18587780E-01
  0.19000000E+01  0.85999998E+00  0.18768357E-01
  0.19000000E+01  0.87999998E+00  0.18802509E-01
  0.19000000E+01  0.89999998E+00  0.18606439E-01
  0.19000000E+01  0.91999998E+00  0.17998849E-01
  0.19000000E+01  0.93999998E+00  0.16156639E-01
  0.19000000E+01  0.95999998E+00  0.15021670E-01
  0.19000000E+01  0.97999998E+00  0.15225673E-01
  0.19000000E+01  0.99999998E+00  0.15425876E-01
  0.19000000E+01  0.10200000E+01  0.15622492E-01
  0.19000000E+01  0.10400000E+01  0.15815757E-01
  0.19000000E+01  0.10600000E+01  0.16005938E-01
  0.19000000E+01  0.10800000E+01  0.16193326E-01
  0.19000000E+01  0.11000000E+01  0.16378240E-01
  0.19000000E+01  0.11200000E+01  0.16561020E-01
  0.19000000E+01  0.11400000E+01  0.16742028E-01
  0.19000000E+01  0.11600000E+01  0.16921648E-01
  0.19000000E+01  0.11800000E+01  0.17100278E-01
  0.19000000E+01  0.12000000E+01  0.17278334E-01
  0.19000000E+01  0.12200000E+01  0.17456243E-01
  0.19000000E+01  0.12400000E+01  0.17634443E-01
  0.19000000E+01  0.12600000E+01  0.17813376E-01
  0.19000000E+01  0.12800000E+01  0.17993488E-01
  0.19000000E+01  0.13000000E+01  0.18175222E-01
  0.19000000E+01  0.13200000E+01  0.18359018E-01
  0.19000000E+01  0.13400000E+01  0.18545303E-01
  0.19000000E+01  0.13600000E+01  0.18734491E-01
  0.19000000E+01  0.13800000E+01  0.18926977E-01
  0.19000000E+01  0.14000000E+01  0.19123129E-01
  0.19000000E+01  0.14200000E+01  0.19323288E-01
  0.19000000E+01  0.14400000E+01  0.19527756E-01
  0.19000000E+01  0.14600000E+01  0.19736794E-01
  0.19000000E+01  0.14800000E+01  0.19950614E-01
  0.19000000E+01  0.15000000E+01  0.20169373E-01
  0.19000000E+01  0.15200000E+01  0.20393168E-01
  0.19000000E+01  0.15400000E+01  0.20622026E-01
  0.19000000E+01  0.15600000E+01  0.20855898E-01
  0.19000000E+01  0.15800000E+01  0.21094652E-01
  0.19000000E+01  0.16000000E+01  0.21338066E-01
  0.19000000E+01  0.16200000E+01  0.21585817E-01
  0.19000000E+01  0.16400000E+01  0.21837475E-01
  0.19000000E+01  0.16600000E+01  0.22092495E-01
  0.19000000E+01  0.16800000E+01  0.22350203E-01
  0.19000000E+01  0.17000000E+01  0.22609789E-01
  0.19000000E+01  0.17200000E+01  0.22870295E-01
  0.19000000E+01  0.17400000E+01  0.23130603E-01
  0.19000000E+01  0.17600000E+01  0.23389416E-01
  0.19000000E+01  0.17800000E+01  0.23645244E-01
  0.19000000E+01  0.18000000E+01  0.23896384E-01
  0.19000000E+01  0.18200000E+01  0.24140889E-01
  0.19000000E+01  0.18400000E+01  0.24376538E-01
  0.19000000E+01  0.18600000E+01  0.24600795E-01
  0.19000000E+01  0.18800000E+01  0.24810749E-01
  0.19000000E+01  0.19000000E+01  0.25003044E-01
  0.19000000E+01  0.19200000E+01  0.25173775E-01
  0.19000000E+01  0.19400000E+01  0.25318343E-01
  0.19000000E+01  0.19600000E+01  0.25431258E-01
  0.19000000E+01  0.19800000E+01  0.25505833E-01
  0.19000000E+01  0.20000000E+01  0.25533730E-01
  0.19200000E+01  0.00000000E+00  0.73267273E-02
  0.19200000E+01  0.20000000E-01  0.75141466E-02
  0.19200000E+01  0.39999999E-01  0.77010674E-02
  0.19200000E+01  0.59999999E-01  0.78871011E-02
  0.19200000E+01  0.79999998E-01  0.80719644E-02
  0.19200000E+01  0.99999998E-01  0.82554814E-02
  0.19200000E+01  0.12000000E+00  0.84375860E-02
  0.19200000E+01  0.14000000E+00  0.86183230E-02
  0.19200000E+01  0.16000000E+00  0.87978491E-02
  0.19200000E+01  0.18000000E+00  0.89764336E-02
  0.19200000E+01  0.20000000E+00  0.91544582E-02
  0.19200000E+01  0.22000000E+00  0.93324155E-02
  0.19200000E+01  0.23999999E+00  0.95109078E-02
  0.19200000E+01  0.25999999E+00  0.96906435E-02
  0.19200000E+01  0.27999999E+00  0.98724331E-02
  0.19200000E+01  0.29999999E+00  0.10057184E-01
  0.19200000E+01  0.31999999E+00  0.10245893E-01
  0.19200000E+01  0.33999999E+00  0.10439639E-01
  0.19200000E+01  0.35999999E+00  0.10639568E-01
  0.19200000E+01  0.37999999E+00  0.10846887E-01
  0.19200000E+01  0.39999999E+00  0.11062842E-01
  0.19200000E+01  0.41999999E+00  0.11288705E-01
  0.19200000E+01  0.43999999E+00  0.11525746E-01
  0.19200000E+01  0.45999999E+00  0.11775215E-01
  0.19200000E+01  0.47999999E+00  0.12038308E-01
  0.19200000E+01  0.49999999E+00  0.12316133E-01
  0.19200000E+01  0.51999999E+00  0.12609672E-01
  0.19200000E+01  0.53999999E+00  0.12919732E-01
  0.19200000E+01  0.55999999E+00  0.13246890E-01
  0.19200000E+01  0.57999999E+00  0.13591432E-01
  0.19200000E+01  0.59999999E+00  0.13953275E-01
  0.19200000E+01  0.61999999E+00  0.14331875E-01
  0.19200000E+01  0.63999999E+00  0.14726122E-01
  0.19200000E+01  0.65999999E+00  0.15134208E-01
  0.19200000E+01  0.67999998E+00  0.15553459E-01
  0.19200000E+01  0.69999998E+00  0.15980133E-01
  0.19200000E+01  0.71999998E+00  0.16409147E-01
  0.19200000E+01  0.73999998E+00  0.16833719E-01
  0.19200000E+01  0.75999998E+00  0.17244865E-01
  0.19200000E+01  0.77999998E+00  0.17630672E-01
  0.19200000E+01  0.79999998E+00  0.17975162E-01
  0.19200000E+01  0.81999998E+00  0.18256427E-01
  0.19200000E+01  0.83999998E+00  0.18443211E-01
  0.19200000E+01  0.85999998E+00  0.18487860E-01
  0.19200000E+01  0.87999998E+00  0.18308713E-01
  0.19200000E+01  0.89999998E+00  0.17729284E-01
  0.19200000E+01  0.91999998E+00  0.15949017E-01
  0.19200000E+01  0.93999998E+00  0.14855444E-01
  0.19200000E+01  0.95999998E+00  0.15063632E-01
  0.19200000E+01  0.97999998E+00  0.15268156E-01
  0.19200000E+01  0.99999998E+00  0.15469215E-01
  0.19200000E+01  0.10200000E+01  0.15667041E-01
  0.19200000E+01  0.10400000E+01  0.15861889E-01
  0.19200000E+01  0.10600000E+01  0.16054043E-01
  0.19200000E+01  0.10800000E+01  0.16243809E-01
  0.19200000E+01  0.11000000E+01  0.16431517E-01
  0.19200000E+01  0.11200000E+01  0.16617521E-01
  0.19200000E+01  0.11400000E+01  0.16802192E-01
  0.19200000E+01  0.11600000E+01  0.16985918E-01
  0.19200000E+01  0.11800000E+01  0.17169104E-01
  0.19200000E+01  0.12000000E+01  0.17352164E-01
  0.19200000E+01  0.12200000E+01  0.17535525E-01
  0.19200000E+01  0.12400000E+01  0.17719615E-01
  0.19200000E+01  0.12600000E+01  0.17904869E-01
  0.19200000E+01  0.12800000E+01  0.18091716E-01
  0.19200000E+01  0.13000000E+01  0.18280583E-01
  0.19200000E+01  0.13200000E+01  0.18471884E-01
  0.19200000E+01  0.13400000E+01  0.18666020E-01
  0.19200000E+01  0.13600000E+01  0.18863373E-01
  0.19200000E+01  0.13800000E+01  0.19064297E-01
  0.19200000E+01  0.14000000E+01  0.19269120E-01
  0.19200000E+01  0.14200000E+01  0.19478130E-01
  0.19200000E+01  0.14400000E+01  0.19691578E-01
  0.19200000E+01  0.14600000E+01  0.19909663E-01
  0.19200000E+01  0.14800000E+01  0.20132532E-01
  0.19200000E+01  0.15000000E+01  0.20360270E-01
  0.19200000E+01  0.15200000E+01  0.20592898E-01
  0.19200000E+01  0.15400000E+01  0.20830359E-01
  0.19200000E+01  0.15600000E+01  0.21072516E-01
  0.19200000E+01  0.15800000E+01  0.21319144E-01
  0.19200000E+01  0.16000000E+01  0.21569918E-01
  0.19200000E+01  0.16200000E+01  0.21824412E-01
  0.19200000E+01  0.16400000E+01  0.22082085E-01
  0.19200000E+01  0.16600000E+01  0.22342271E-01
  0.19200000E+01  0.16800000E+01  0.22604174E-01
  0.19200000E+01  0.17000000E+01  0.22866853E-01
  0.19200000E+01  0.17200000E+01  0.23129208E-01
  0.19200000E+01  0.17400000E+01  0.23389971E-01
  0.19200000E+01  0.17600000E+01  0.23647682E-01
  0.19200000E+01  0.17800000E+01  0.23900670E-01
  0.19200000E+01  0.18000000E+01  0.24147031E-01
  0.19200000E+01  0.18200000E+01  0.24384586E-01
  0.19200000E+01  0.18400000E+01  0.24610847E-01
  0.19200000E+01  0.18600000E+01  0.24822952E-01
  0.19200000E+01  0.18800000E+01  0.25017594E-01
  0.19200000E+01  0.19000000E+01  0.25190914E-01
  0.19200000E+01  0.19200000E+01  0.25338356E-01
  0.19200000E+01  0.19400000E+01  0.25454454E-01
  0.19200000E+01  0.19600000E+01  0.25532530E-01
  0.19200000E+01  0.19800000E+01  0.25564220E-01
  0.19200000E+01  0.20000000E+01  0.25538736E-01
  0.19400000E+01  0.00000000E+00  0.75286818E-02
  0.19400000E+01  0.20000000E-01  0.77062139E-02
  0.19400000E+01  0.39999999E-01  0.78828595E-02
  0.19400000E+01  0.59999999E-01  0.80583087E-02
  0.19400000E+01  0.79999998E-01  0.82323618E-02
  0.19400000E+01  0.99999998E-01  0.84049317E-02
  0.19400000E+01  0.12000000E+00  0.85760452E-02
  0.19400000E+01  0.14000000E+00  0.87458446E-02
  0.19400000E+01  0.16000000E+00  0.89145876E-02
  0.19400000E+01  0.18000000E+00  0.90826477E-02
  0.19400000E+01  0.20000000E+00  0.92505129E-02
  0.19400000E+01  0.22000000E+00  0.94187837E-02
  0.19400000E+01  0.23999999E+00  0.95881705E-02
  0.19400000E+01  0.25999999E+00  0.97594891E-02
  0.19400000E+01  0.27999999E+00  0.99336554E-02
  0.19400000E+01  0.29999999E+00  0.10111678E-01
  0.19400000E+01  0.31999999E+00  0.10294651E-01
  0.19400000E+01  0.33999999E+00  0.10483739E-01
  0.19400000E+01  0.35999999E+00  0.10680169E-01
  0.19400000E+01  0.37999999E+00  0.10885212E-01
  0.19400000E+01  0.39999999E+00  0.11100167E-01
  0.19400000E+01  0.41999999E+00  0.11326334E-01
  0.19400000E+01  0.43999999E+00  0.11564996E-01
  0.19400000E+01  0.45999999E+00  0.11817383E-01
  0.19400000E+01  0.47999999E+00  0.12084641E-01
  0.19400000E+01  0.49999999E+00  0.12367793E-01
  0.19400000E+01  0.51999999E+00  0.12667688E-01
  0.19400000E+01  0.53999999E+00  0.12984951E-01
  0.19400000E+01  0.55999999E+00  0.13319916E-01
  0.19400000E+01  0.57999999E+00  0.13672553E-01
  0.19400000E+01  0.59999999E+00  0.14042379E-01
  0.19400000E+01  0.61999999E+00  0.14428349E-01
  0.19400000E+01  0.63999999E+00  0.14828727E-01
  0.19400000E+01  0.65999999E+00  0.15240925E-01
  0.19400000E+01  0.67999998E+00  0.15661303E-01
  0.19400000E+01  0.69999998E+00  0.16084900E-01
  0.19400000E+01  0.71999998E+00  0.16505086E-01
  0.19400000E+01  0.73999998E+00  0.16913074E-01
  0.19400000E+01  0.75999998E+00  0.17297206E-01
  0.19400000E+01  0.77999998E+00  0.17641855E-01
  0.19400000E+01  0.79999998E+00  0.17925608E-01
  0.19400000E+01  0.81999998E+00  0.18117943E-01
  0.19400000E+01  0.83999998E+00  0.18172378E-01
  0.19400000E+01  0.85999998E+00  0.18009356E-01
  0.19400000E+01  0.87999998E+00  0.17457125E-01
  0.19400000E+01  0.89999998E+00  0.15737266E-01
  0.19400000E+01  0.91999998E+00  0.14684096E-01
  0.19400000E+01  0.93999998E+00  0.14896217E-01
  0.19400000E+01  0.95999998E+00  0.15104820E-01
  0.19400000E+01  0.97999998E+00  0.15310095E-01
  0.19400000E+01  0.99999998E+00  0.15512265E-01
  0.19400000E+01  0.10200000E+01  0.15711577E-01
  0.19400000E+01  0.10400000E+01  0.15908303E-01
  0.19400000E+01  0.10600000E+01  0.16102742E-01
  0.19400000E+01  0.10800000E+01  0.16295214E-01
  0.19400000E+01  0.11000000E+01  0.16486060E-01
  0.19400000E+01  0.11200000E+01  0.16675642E-01
  0.19400000E+01  0.11400000E+01  0.16864336E-01
  0.19400000E+01  0.11600000E+01  0.17052536E-01
  0.19400000E+01  0.11800000E+01  0.17240644E-01
  0.19400000E+01  0.12000000E+01  0.17429074E-01
  0.19400000E+01  0.12200000E+01  0.17618243E-01
  0.19400000E+01  0.12400000E+01  0.17808570E-01
  0.19400000E+01  0.12600000E+01  0.18000474E-01
  0.19400000E+01  0.12800000E+01  0.18194366E-01
  0.19400000E+01  0.13000000E+01  0.18390649E-01
  0.19400000E+01  0.13200000E+01  0.18589707E-01
  0.19400000E+01  0.13400000E+01  0.18791910E-01
  0.19400000E+01  0.13600000E+01  0.18997598E-01
  0.19400000E+01  0.13800000E+01  0.19207084E-01
  0.19400000E+01  0.14000000E+01  0.19420644E-01
  0.19400000E+01  0.14200000E+01  0.19638515E-01
  0.19400000E+01  0.14400000E+01  0.19860884E-01
  0.19400000E+01  0.14600000E+01  0.20087886E-01
  0.19400000E+01  0.14800000E+01  0.20319598E-01
  0.19400000E+01  0.15000000E+01  0.20556028E-01
  0.19400000E+01  0.15200000E+01  0.20797112E-01
  0.19400000E+01  0.15400000E+01  0.21042709E-01
  0.19400000E+01  0.15600000E+01  0.21292589E-01
  0.19400000E+01  0.15800000E+01  0.21546426E-01
  0.19400000E+01  0.16000000E+01  0.21803795E-01
  0.19400000E+01  0.16200000E+01  0.22064160E-01
  0.19400000E+01  0.16400000E+01  0.22326864E-01
  0.19400000E+01  0.16600000E+01  0.22591123E-01
  0.19400000E+01  0.16800000E+01  0.22856012E-01
  0.19400000E+01  0.17000000E+01  0.23120454E-01
  0.19400000E+01  0.17200000E+01  0.23383205E-01
  0.19400000E+01  0.17400000E+01  0.23642836E-01
  0.19400000E+01  0.17600000E+01  0.23897714E-01
  0.19400000E+01  0.17800000E+01  0.24145974E-01
  0.19400000E+01  0.18000000E+01  0.24385484E-01
  0.19400000E+01  0.18200000E+01  0.24613804E-01
  0.19400000E+01  0.18400000E+01  0.24828126E-01
  0.19400000E+01  0.18600000E+01  0.25025194E-01
  0.19400000E+01  0.18800000E+01  0.25201200E-01
  0.19400000E+01  0.19000000E+01  0.25351634E-01
  0.19400000E+01  0.19200000E+01  0.25471063E-01
  0.19400000E+01  0.19400000E+01  0.25552825E-01
  0.19400000E+01  0.19600000E+01  0.25588539E-01
  0.19400000E+01  0.19800000E+01  0.25567355E-01
  0.19400000E+01  0.20000000E+01  0.25474674E-01
  0.19600000E+01  0.00000000E+00  0.77286974E-02
  0.19600000E+01  0.20000000E-01  0.78957547E-02
  0.19600000E+01  0.39999999E-01  0.80615843E-02
  0.19600000E+01  0.59999999E-01  0.82259612E-02
  0.19600000E+01  0.79999998E-01  0.83887762E-02
  0.19600000E+01  0.99999998E-01  0.85500372E-02
  0.19600000E+01  0.12000000E+00  0.87098705E-02
  0.19600000E+01  0.14000000E+00  0.88685216E-02
  0.19600000E+01  0.16000000E+00  0.90263547E-02
  0.19600000E+01  0.18000000E+00  0.91838522E-02
  0.19600000E+01  0.20000000E+00  0.93416126E-02
  0.19600000E+01  0.22000000E+00  0.95003474E-02
  0.19600000E+01  0.23999999E+00  0.96608773E-02
  0.19600000E+01  0.25999999E+00  0.98241264E-02
  0.19600000E+01  0.27999999E+00  0.99911153E-02
  0.19600000E+01  0.29999999E+00  0.10162952E-01
  0.19600000E+01  0.31999999E+00  0.10340820E-01
  0.19600000E+01  0.33999999E+00  0.10525969E-01
  0.19600000E+01  0.35999999E+00  0.10719693E-01
  0.19600000E+01  0.37999999E+00  0.10923318E-01
  0.19600000E+01  0.39999999E+00  0.11138177E-01
  0.19600000E+01  0.41999999E+00  0.11365583E-01
  0.19600000E+01  0.43999999E+00  0.11606804E-01
  0.19600000E+01  0.45999999E+00  0.11863025E-01
  0.19600000E+01  0.47999999E+00  0.12135307E-01
  0.19600000E+01  0.49999999E+00  0.12424547E-01
  0.19600000E+01  0.51999999E+00  0.12731414E-01
  0.19600000E+01  0.53999999E+00  0.13056294E-01
  0.19600000E+01  0.55999999E+00  0.13399211E-01
  0.19600000E+01  0.57999999E+00  0.13759742E-01
  0.19600000E+01  0.59999999E+00  0.14136907E-01
  0.19600000E+01  0.61999999E+00  0.14529045E-01
  0.19600000E+01  0.63999999E+00  0.14933654E-01
  0.19600000E+01  0.65999999E+00  0.15347192E-01
  0.19600000E+01  0.67999998E+00  0.15764822E-01
  0.19600000E+01  0.69999998E+00  0.16180065E-01
  0.19600000E+01  0.71999998E+00  0.16584326E-01
  0.19600000E+01  0.73999998E+00  0.16966199E-01
  0.19600000E+01  0.75999998E+00  0.17310405E-01
  0.19600000E+01  0.77999998E+00  0.17596014E-01
  0.19600000E+01  0.79999998E+00  0.17793229E-01
  0.19600000E+01  0.81999998E+00  0.17856720E-01
  0.19600000E+01  0.83999998E+00  0.17708995E-01
  0.19600000E+01  0.85999998E+00  0.17182948E-01
  0.19600000E+01  0.87999998E+00  0.15521859E-01
  0.19600000E+01  0.89999998E+00  0.14508022E-01
  0.19600000E+01  0.91999998E+00  0.14723808E-01
  0.19600000E+01  0.93999998E+00  0.14936231E-01
  0.19600000E+01  0.95999998E+00  0.15145476E-01
  0.19600000E+01  0.97999998E+00  0.15351755E-01
  0.19600000E+01  0.99999998E+00  0.15555306E-01
  0.19600000E+01  0.10200000E+01  0.15756394E-01
  0.19600000E+01  0.10400000E+01  0.15955307E-01
  0.19600000E+01  0.10600000E+01  0.16152355E-01
  0.19600000E+01  0.10800000E+01  0.16347870E-01
  0.19600000E+01  0.11000000E+01  0.16542201E-01
  0.19600000E+01  0.11200000E+01  0.16735715E-01
  0.19600000E+01  0.11400000E+01  0.16928792E-01
  0.19600000E+01  0.11600000E+01  0.17121824E-01
  0.19600000E+01  0.11800000E+01  0.17315211E-01
  0.19600000E+01  0.12000000E+01  0.17509358E-01
  0.19600000E+01  0.12200000E+01  0.17704672E-01
  0.19600000E+01  0.12400000E+01  0.17901556E-01
  0.19600000E+01  0.12600000E+01  0.18100409E-01
  0.19600000E+01  0.12800000E+01  0.18301618E-01
  0.19600000E+01  0.13000000E+01  0.18505554E-01
  0.19600000E+01  0.13200000E+01  0.18712572E-01
  0.19600000E+01  0.13400000E+01  0.18922997E-01
  0.19600000E+01  0.13600000E+01  0.19137129E-01
  0.19600000E+01  0.13800000E+01  0.19355230E-01
  0.19600000E+01  0.14000000E+01  0.19577522E-01
  0.19600000E+01  0.14200000E+01  0.19804180E-01
  0.19600000E+01  0.14400000E+01  0.20035326E-01
  0.19600000E+01  0.14600000E+01  0.20271025E-01
  0.19600000E+01  0.14800000E+01  0.20511276E-01
  0.19600000E+01  0.15000000E+01  0.20756008E-01
  0.19600000E+01  0.15200000E+01  0.21005071E-01
  0.19600000E+01  0.15400000E+01  0.21258230E-01
  0.19600000E+01  0.15600000E+01  0.21515161E-01
  0.19600000E+01  0.15800000E+01  0.21775436E-01
  0.19600000E+01  0.16000000E+01  0.22038526E-01
  0.19600000E+01  0.16200000E+01  0.22303781E-01
  0.19600000E+01  0.16400000E+01  0.22570428E-01
  0.19600000E+01  0.16600000E+01  0.22837560E-01
  0.19600000E+01  0.16800000E+01  0.23104121E-01
  0.19600000E+01  0.17000000E+01  0.23368892E-01
  0.19600000E+01  0.17200000E+01  0.23630479E-01
  0.19600000E+01  0.17400000E+01  0.23887283E-01
  0.19600000E+01  0.17600000E+01  0.24137482E-01
  0.19600000E+01  0.17800000E+01  0.24378992E-01
  0.19600000E+01  0.18000000E+01  0.24609423E-01
  0.19600000E+01  0.18200000E+01  0.24826023E-01
  0.19600000E+01  0.18400000E+01  0.25025591E-01
  0.19600000E+01  0.18600000E+01  0.25204375E-01
  0.19600000E+01  0.18800000E+01  0.25357914E-01
  0.19600000E+01  0.19000000E+01  0.25480816E-01
  0.19600000E+01  0.19200000E+01  0.25566440E-01
  0.19600000E+01  0.19400000E+01  0.25606401E-01
  0.19600000E+01  0.19600000E+01  0.25589796E-01
  0.19600000E+01  0.19800000E+01  0.25501904E-01
  0.19600000E+01  0.20000000E+01  0.25321866E-01
  0.19800000E+01  0.00000000E+00  0.79260305E-02
  0.19800000E+01  0.20000000E-01  0.80820499E-02
  0.19800000E+01  0.39999999E-01  0.82365539E-02
  0.19800000E+01  0.59999999E-01  0.83894097E-02
  0.19800000E+01  0.79999998E-01  0.85406052E-02
  0.19800000E+01  0.99999998E-01  0.86902497E-02
  0.19800000E+01  0.12000000E+00  0.88385751E-02
  0.19800000E+01  0.14000000E+00  0.89859357E-02
  0.19800000E+01  0.16000000E+00  0.91328072E-02
  0.19800000E+01  0.18000000E+00  0.92797853E-02
  0.19800000E+01  0.20000000E+00  0.94275822E-02
  0.19800000E+01  0.22000000E+00  0.95770228E-02
  0.19800000E+01  0.23999999E+00  0.97290391E-02
  0.19800000E+01  0.25999999E+00  0.98846630E-02
  0.19800000E+01  0.27999999E+00  0.10045017E-01
  0.19800000E+01  0.29999999E+00  0.10211305E-01
  0.19800000E+01  0.31999999E+00  0.10384795E-01
  0.19800000E+01  0.33999999E+00  0.10566808E-01
  0.19800000E+01  0.35999999E+00  0.10758698E-01
  0.19800000E+01  0.37999999E+00  0.10961827E-01
  0.19800000E+01  0.39999999E+00  0.11177544E-01
  0.19800000E+01  0.41999999E+00  0.11407152E-01
  0.19800000E+01  0.43999999E+00  0.11651877E-01
  0.19800000E+01  0.45999999E+00  0.11912821E-01
  0.19800000E+01  0.47999999E+00  0.12190925E-01
  0.19800000E+01  0.49999999E+00  0.12486908E-01
  0.19800000E+01  0.51999999E+00  0.12801206E-01
  0.19800000E+01  0.53999999E+00  0.13133899E-01
  0.19800000E+01  0.55999999E+00  0.13484623E-01
  0.19800000E+01  0.57999999E+00  0.13852465E-01
  0.19800000E+01  0.59999999E+00  0.14235838E-01
  0.19800000E+01  0.61999999E+00  0.14632327E-01
  0.19800000E+01  0.63999999E+00  0.15038489E-01
  0.19800000E+01  0.65999999E+00  0.15449607E-01
  0.19800000E+01  0.67999998E+00  0.15859351E-01
  0.19800000E+01  0.69999998E+00  0.16259317E-01
  0.19800000E+01  0.71999998E+00  0.16638350E-01
  0.19800000E+01  0.73999998E+00  0.16981506E-01
  0.19800000E+01  0.75999998E+00  0.17268335E-01
  0.19800000E+01  0.77999998E+00  0.17469748E-01
  0.19800000E+01  0.79999998E+00  0.17541546E-01
  0.19800000E+01  0.81999998E+00  0.17408262E-01
  0.19800000E+01  0.83999998E+00  0.16907339E-01
  0.19800000E+01  0.85999998E+00  0.15303287E-01
  0.19800000E+01  0.87999998E+00  0.14327646E-01
  0.19800000E+01  0.89999998E+00  0.14546811E-01
  0.19800000E+01  0.91999998E+00  0.14762780E-01
  0.19800000E+01  0.93999998E+00  0.14975729E-01
  0.19800000E+01  0.95999998E+00  0.15185863E-01
  0.19800000E+01  0.97999998E+00  0.15393412E-01
  0.19800000E+01  0.99999998E+00  0.15598632E-01
  0.19800000E+01  0.10200000E+01  0.15801800E-01
  0.19800000E+01  0.10400000E+01  0.16003218E-01
  0.19800000E+01  0.10600000E+01  0.16203207E-01
  0.19800000E+01  0.10800000E+01  0.16402106E-01
  0.19800000E+01  0.11000000E+01  0.16600270E-01
  0.19800000E+01  0.11200000E+01  0.16798068E-01
  0.19800000E+01  0.11400000E+01  0.16995879E-01
  0.19800000E+01  0.11600000E+01  0.17194092E-01
  0.19800000E+01  0.11800000E+01  0.17393098E-01
  0.19800000E+01  0.12000000E+01  0.17593290E-01
  0.19800000E+01  0.12200000E+01  0.17795058E-01
  0.19800000E+01  0.12400000E+01  0.17998786E-01
  0.19800000E+01  0.12600000E+01  0.18204847E-01
  0.19800000E+01  0.12800000E+01  0.18413598E-01
  0.19800000E+01  0.13000000E+01  0.18625378E-01
  0.19800000E+01  0.13200000E+01  0.18840498E-01
  0.19800000E+01  0.13400000E+01  0.19059241E-01
  0.19800000E+01  0.13600000E+01  0.19281857E-01
  0.19800000E+01  0.13800000E+01  0.19508551E-01
  0.19800000E+01  0.14000000E+01  0.19739486E-01
  0.19800000E+01  0.14200000E+01  0.19974772E-01
  0.19800000E+01  0.14400000E+01  0.20214460E-01
  0.19800000E+01  0.14600000E+01  0.20458539E-01
  0.19800000E+01  0.14800000E+01  0.20706929E-01
  0.19800000E+01  0.15000000E+01  0.20959472E-01
  0.19800000E+01  0.15200000E+01  0.21215930E-01
  0.19800000E+01  0.15400000E+01  0.21475973E-01
  0.19800000E+01  0.15600000E+01  0.21739178E-01
  0.19800000E+01  0.15800000E+01  0.22005015E-01
  0.19800000E+01  0.16000000E+01  0.22272845E-01
  0.19800000E+01  0.16200000E+01  0.22541906E-01
  0.19800000E+01  0.16400000E+01  0.22811307E-01
  0.19800000E+01  0.16600000E+01  0.23080014E-01
  0.19800000E+01  0.16800000E+01  0.23346835E-01
  0.19800000E+01  0.17000000E+01  0.23610405E-01
  0.19800000E+01  0.17200000E+01  0.23869167E-01
  0.19800000E+01  0.17400000E+01  0.24121341E-01
  0.19800000E+01  0.17600000E+01  0.24364891E-01
  0.19800000E+01  0.17800000E+01  0.24597481E-01
  0.19800000E+01  0.18000000E+01  0.24816414E-01
  0.19800000E+01  0.18200000E+01  0.25018551E-01
  0.19800000E+01  0.18400000E+01  0.25200198E-01
  0.19800000E+01  0.18600000E+01  0.25356949E-01
  0.19800000E+01  0.18800000E+01  0.25483458E-01
  0.19800000E+01  0.19000000E+01  0.25573113E-01
  0.19800000E+01  0.19200000E+01  0.25617534E-01
  0.19800000E+01  0.19400000E+01  0.25605777E-01
  0.19800000E+01  0.19600000E+01  0.25523016E-01
  0.19800000E+01  0.19800000E+01  0.25348178E-01
  0.19800000E+01  0.20000000E+01  0.25049261E-01
  0.20000000E+01  0.00000000E+00  0.81199114E-02
  0.20000000E+01  0.20000000E-01  0.82643611E-02
  0.20000000E+01  0.39999999E-01  0.84070694E-02
  0.20000000E+01  0.59999999E-01  0.85480025E-02
  0.20000000E+01  0.79999998E-01  0.86872519E-02
  0.20000000E+01  0.99999998E-01  0.88250347E-02
  0.20000000E+01  0.12000000E+00  0.89616941E-02
  0.20000000E+01  0.14000000E+00  0.90976987E-02
  0.20000000E+01  0.16000000E+00  0.92336400E-02
  0.20000000E+01  0.18000000E+00  0.93702305E-02
  0.20000000E+01  0.20000000E+00  0.95082988E-02
  0.20000000E+01  0.22000000E+00  0.96487841E-02
  0.20000000E+01  0.23999999E+00  0.97927296E-02
  0.20000000E+01  0.25999999E+00  0.99412726E-02
  0.20000000E+01  0.27999999E+00  0.10095634E-01
  0.20000000E+01  0.29999999E+00  0.10257106E-01
  0.20000000E+01  0.31999999E+00  0.10427033E-01
  0.20000000E+01  0.33999999E+00  0.10606797E-01
  0.20000000E+01  0.35999999E+00  0.10797792E-01
  0.20000000E+01  0.37999999E+00  0.11001402E-01
  0.20000000E+01  0.39999999E+00  0.11218967E-01
  0.20000000E+01  0.41999999E+00  0.11451751E-01
  0.20000000E+01  0.43999999E+00  0.11700902E-01
  0.20000000E+01  0.45999999E+00  0.11967405E-01
  0.20000000E+01  0.47999999E+00  0.12252028E-01
  0.20000000E+01  0.49999999E+00  0.12555259E-01
  0.20000000E+01  0.51999999E+00  0.12877235E-01
  0.20000000E+01  0.53999999E+00  0.13217651E-01
  0.20000000E+01  0.55999999E+00  0.13575663E-01
  0.20000000E+01  0.57999999E+00  0.13949757E-01
  0.20000000E+01  0.59999999E+00  0.14337604E-01
  0.20000000E+01  0.61999999E+00  0.14735860E-01
  0.20000000E+01  0.63999999E+00  0.15139928E-01
  0.20000000E+01  0.65999999E+00  0.15543626E-01
  0.20000000E+01  0.67999998E+00  0.15938734E-01
  0.20000000E+01  0.69999998E+00  0.16314345E-01
  0.20000000E+01  0.71999998E+00  0.16655846E-01
  0.20000000E+01  0.73999998E+00  0.16943254E-01
  0.20000000E+01  0.75999998E+00  0.17148176E-01
  0.20000000E+01  0.77999998E+00  0.17227517E-01
  0.20000000E+01  0.79999998E+00  0.17107793E-01
  0.20000000E+01  0.81999998E+00  0.16630898E-01
  0.20000000E+01  0.83999998E+00  0.15082058E-01
  0.20000000E+01  0.85999998E+00  0.14143411E-01
  0.20000000E+01  0.87999998E+00  0.14365654E-01
  0.20000000E+01  0.89999998E+00  0.14584878E-01
  0.20000000E+01  0.91999998E+00  0.14801251E-01
  0.20000000E+01  0.93999998E+00  0.15014970E-01
  0.20000000E+01  0.95999998E+00  0.15226258E-01
  0.20000000E+01  0.97999998E+00  0.15435360E-01
  0.20000000E+01  0.99999998E+00  0.15642547E-01
  0.20000000E+01  0.10200000E+01  0.15848110E-01
  0.20000000E+01  0.10400000E+01  0.16052360E-01
  0.20000000E+01  0.10600000E+01  0.16255625E-01
  0.20000000E+01  0.10800000E+01  0.16458250E-01
  0.20000000E+01  0.11000000E+01  0.16660592E-01
  0.20000000E+01  0.11200000E+01  0.16863019E-01
  0.20000000E+01  0.11400000E+01  0.17065905E-01
  0.20000000E+01  0.11600000E+01  0.17269630E-01
  0.20000000E+01  0.11800000E+01  0.17474572E-01
  0.20000000E+01  0.12000000E+01  0.17681109E-01
  0.20000000E+01  0.12200000E+01  0.17889608E-01
  0.20000000E+01  0.12400000E+01  0.18100428E-01
  0.20000000E+01  0.12600000E+01  0.18313912E-01
  0.20000000E+01  0.12800000E+01  0.18530382E-01
  0.20000000E+01  0.13000000E+01  0.18750135E-01
  0.20000000E+01  0.13200000E+01  0.18973438E-01
  0.20000000E+01  0.13400000E+01  0.19200525E-01
  0.20000000E+01  0.13600000E+01  0.19431588E-01
  0.20000000E+01  0.13800000E+01  0.19666774E-01
  0.20000000E+01  0.14000000E+01  0.19906179E-01
  0.20000000E+01  0.14200000E+01  0.20149844E-01
  0.20000000E+01  0.14400000E+01  0.20397744E-01
  0.20000000E+01  0.14600000E+01  0.20649790E-01
  0.20000000E+01  0.14800000E+01  0.20905816E-01
  0.20000000E+01  0.15000000E+01  0.21165578E-01
  0.20000000E+01  0.15200000E+01  0.21428744E-01
  0.20000000E+01  0.15400000E+01  0.21694889E-01
  0.20000000E+01  0.15600000E+01  0.21963489E-01
  0.20000000E+01  0.15800000E+01  0.22233910E-01
  0.20000000E+01  0.16000000E+01  0.22505403E-01
  0.20000000E+01  0.16200000E+01  0.22777092E-01
  0.20000000E+01  0.16400000E+01  0.23047965E-01
  0.20000000E+01  0.16600000E+01  0.23316856E-01
  0.20000000E+01  0.16800000E+01  0.23582435E-01
  0.20000000E+01  0.17000000E+01  0.23843181E-01
  0.20000000E+01  0.17200000E+01  0.24097358E-01
  0.20000000E+01  0.17400000E+01  0.24342982E-01
  0.20000000E+01  0.17600000E+01  0.24577772E-01
  0.20000000E+01  0.17800000E+01  0.24799090E-01
  0.20000000E+01  0.18000000E+01  0.25003859E-01
  0.20000000E+01  0.18200000E+01  0.25188448E-01
  0.20000000E+01  0.18400000E+01  0.25348509E-01
  0.20000000E+01  0.18600000E+01  0.25478751E-01
  0.20000000E+01  0.18800000E+01  0.25572598E-01
  0.20000000E+01  0.19000000E+01  0.25621682E-01
  0.20000000E+01  0.19200000E+01  0.25615031E-01
  0.20000000E+01  0.19400000E+01  0.25537730E-01
  0.20000000E+01  0.19600000E+01  0.25368514E-01
  0.20000000E+01  0.19800000E+01  0.25075025E-01
  0.20000000E+01  0.20000000E+01  0.24602979E-01
