450.0000000000003	2.1053991205325997	0.0
450.0983366681641	2.1052848839620624	0.0
450.1966948254388	2.1051706224278735	0.0
450.29507447652213	2.105056335924575	0.0
450.3934756261101	2.104942024446713	0.0
450.49189827890075	2.1048276879888284	0.0
450.5903424395921	2.1047133265454647	0.0
450.68880811288614	2.1045989401111593	0.0
450.7872953034829	2.1044845286804517	0.0
450.88580401608357	2.104370092247881	0.0
450.98433425539315	2.1042556308079816	0.0
451.08288602611486	2.1041411443552898	0.0
451.18145933295375	2.104026632884339	0.0
451.2800541806153	2.1039120963896636	0.0
451.3786705738084	2.103797534865794	0.0
451.4773085172405	2.1036829483072608	0.0
451.57596801561994	2.103568336708594	0.0
451.6746490736588	2.10345370006432	0.0
451.77335169606766	2.103339038368967	0.0
451.8720758875587	2.103224351617061	0.0
451.97082165284456	2.1031096398031264	0.0
452.06958899664147	2.1029949029216852	0.0
452.16837792366397	2.10288014096726	0.0
452.26718843862756	2.1027653539343736	0.0
452.3660205462517	2.102650541817543	0.0
452.46487425125406	2.1025357046112876	0.0
452.5637495583541	2.1024208423101256	0.0
452.6626464722716	2.102305954908573	0.0
452.76156499773003	2.1021910424011434	0.0
452.86050513945116	2.102076104782351	0.0
452.9594669021578	2.10196114204671	0.0
453.05845029057656	2.1018461541887294	0.0
453.1574553094322	2.10173114120292	0.0
453.25648196345156	2.1016161030837917	0.0
453.3555302573616	2.101501039825852	0.0
453.454600195893	2.1013859514236057	0.0
453.55369178377487	2.101270837871559	0.0
453.6528050257371	2.1011556991642184	0.0
453.75193992651356	2.1010405352960833	0.0
453.85109649083626	2.100925346261657	0.0
453.9502747234394	2.1008101320554395	0.0
454.04947462905704	2.100694892671932	0.0
454.1486962124271	2.1005796281056304	0.0
454.24793947828596	2.1004643383510317	0.0
454.34720443137076	2.1003490234026336	0.0
454.4464910764226	2.100233683254928	0.0
454.5457994181808	2.1001183179024094	0.0
454.6451294613867	2.1000029273395704	0.0
454.7444812107816	2.0998875115609024	0.0
454.8438546711108	2.0997720705608924	0.0
454.9432498471178	2.0996566043340312	0.0
455.0426667435471	2.0995411128748063	0.0
455.14210536514696	2.099425596177702	0.0
455.241565716664	2.099310054237204	0.0
455.3410478028468	2.0991944870477965	0.0
455.440551628444	2.099078894603962	0.0
455.54007719820805	2.0989632769001805	0.0
455.63962451688974	2.0988476339309328	0.0
455.7391935892408	2.098731965690699	0.0
455.83878442001685	2.0986162721739543	0.0
455.9383970139718	2.098500553375177	0.0
456.03803137586135	2.0983848092888406	0.0
456.13768751044154	2.0982690399094217	0.0
456.237365422472	2.0981532452313907	0.0
456.3370651167109	2.0980374252492195	0.0
456.43678659791715	2.0979215799573807	0.0
456.5365298708536	2.097805709350341	0.0
456.6362949402816	2.0976898134225683	0.0
456.73608181096404	2.097573892168531	0.0
456.83589048766413	2.097457945582695	0.0
456.9357209751491	2.0973419736595225	0.0
457.035573278184	2.0972259763934775	0.0
457.1354474015353	2.0971099537790234	0.0
457.23534334997316	2.0969939058106184	0.0
457.33526112826604	2.0968778324827233	0.0
457.43520074118425	2.0967617337897964	0.0
457.53516219349825	2.0966456097262958	0.0
457.6351454899825	2.0965294602866753	0.0
457.73515063540947	2.0964132854653905	0.0
457.8351776345529	2.096297085256896	0.0
457.9352264921901	2.096180859655642	0.0
458.035297213097	2.0960646086560804	0.0
458.1353898020511	2.0959483322526613	0.0
458.2355042638303	2.095832030439834	0.0
458.3356406032163	2.095715703212044	0.0
458.4357988249888	2.095599350563738	0.0
458.53597893392987	2.095482972489362	0.0
458.63618093482137	2.09536656898336	0.0
458.7364048324491	2.0952501400401724	0.0
458.8366506315973	2.095133685654242	0.0
458.93691833705094	2.09501720582001	0.0
459.037207953599	2.0949007005319125	0.0
459.13751948602874	2.094784169784389	0.0
459.2378529391293	2.0946676135718754	0.0
459.33820831769003	2.094551031888808	0.0
459.438585626504	2.094434424729619	0.0
459.5389848703627	2.0943177920887424	0.0
459.6394060540585	2.0942011339606106	0.0
459.73984918238773	2.094084450339652	0.0
459.8403142601449	2.0939677412202964	0.0
459.94080129212654	2.093851006596972	0.0
460.0413102831293	2.0937342464641073	0.0
460.14184123795366	2.0936174608161244	0.0
460.2423941613983	2.0935006496474493	0.0
460.3429690582631	2.0933838129525064	0.0
460.44356593335164	2.0932669507257144	0.0
460.54418479146574	2.0931500629614965	0.0
460.6448256374093	2.093033149654271	0.0
460.74548847598635	2.092916210798457	0.0
460.8461733120046	2.092799246388471	0.0
460.9468801502703	2.092682256418727	0.0
461.04760899559045	2.0925652408836437	0.0
461.148359852776	2.09244819977763	0.0
461.24913272663633	2.0923311330951	0.0
461.34992762198254	2.0922140408304646	0.0
461.45074454362594	2.092096922978134	0.0
461.5515834963818	2.091979779532515	0.0
461.6524444850635	2.0918626104880156	0.0
461.75332751448553	2.0917454158390427	0.0
461.8542325894663	2.0916281955799993	0.0
461.9551597148223	2.0915109497052904	0.0
462.0561088953722	2.091393678209317	0.0
462.15708013593456	2.0912763810864825	0.0
462.2580734413321	2.0911590583311845	0.0
462.35908881638557	2.091041709937822	0.0
462.4601262659167	2.0909243359007936	0.0
462.5611857947514	2.090806936214494	0.0
462.66226740771356	2.090689510873319	0.0
462.7633711096291	2.0905720598716617	0.0
462.8644969053241	2.0904545832039165	0.0
462.9656447996285	2.090337080864472	0.0
463.0668147973705	2.09021955284772	0.0
463.1680069033793	2.0901019991480494	0.0
463.26922112248815	2.0899844197598467	0.0
463.3704574595282	2.0898668146774986	0.0
463.4717159193329	2.0897491838953908	0.0
463.5729965067357	2.0896315274079083	0.0
463.67429922657385	2.0895138452094315	0.0
463.77562408368306	2.089396137294343	0.0
463.87697108289984	2.0892784036570236	0.0
463.97834022906477	2.0891606442918507	0.0
464.0797315270166	2.0890428591932033	0.0
464.18114498159593	2.0889250483554576	0.0
464.2825805976438	2.08880721177299	0.0
464.3840383800048	2.0886893494401733	0.0
464.48551833352207	2.08857146135138	0.0
464.58702046303944	2.088453547500984	0.0
464.688544773405	2.0883356078833533	0.0
464.79009126946477	2.0882176424928582	0.0
464.89165995606703	2.088099651323866	0.0
464.99325083805985	2.0879816343707454	0.0
465.0948639202956	2.087863591627859	0.0
465.1964992076246	2.087745523089573	0.0
465.2981567048982	2.0876274287502508	0.0
465.39983641697177	2.087509308604252	0.0
465.50153834869894	2.087391162645939	0.0
465.60326250493523	2.0872729908696708	0.0
465.7050088905364	2.0871547932698062	0.0
465.80677751036194	2.0870365698407003	0.0
465.9085683692697	2.0869183205767095	0.0
466.0103814721186	2.0868000454721893	0.0
466.11221682377123	2.0866817445214916	0.0
466.2140744290888	2.0865634177189682	0.0
466.31595429293424	2.08644506505897	0.0
466.4178564201706	2.0863266865358487	0.0
466.51978081566494	2.086208282143949	0.0
466.6217274842826	2.0860898518776194	0.0
466.72369643088973	2.085971395731207	0.0
466.82568766035666	2.0858529136990542	0.0
466.92770117755174	2.085734405775505	0.0
467.02973698734553	2.0856158719549023	0.0
467.1317950946085	2.085497312231587	0.0
467.2338755042151	2.085378726599896	0.0
467.33597822103815	2.0852601150541714	0.0
467.4381032499512	2.0851414775887487	0.0
467.54025059583216	2.0850228141979628	0.0
467.64242026355674	2.0849041248761484	0.0
467.7446122580029	2.0847854096176404	0.0
467.8468265840487	2.084666668416771	0.0
467.94906324657603	2.0845479012678694	0.0
468.05132225046503	2.084429108165266	0.0
468.1536036005969	2.084310289103291	0.0
468.25590730185684	2.0841914440762688	0.0
468.3582333591281	2.084072573078527	0.0
468.46058177729617	2.0839536761043886	0.0
468.5629525612465	2.0838347531481807	0.0
468.66534571586845	2.083715804204222	0.0
468.76776124604964	2.0835968292668348	0.0
468.8701991566788	2.0834778283303397	0.0
468.9726594526485	2.0833588013890534	0.0
469.0751421388496	2.083239748437294	0.0
469.17764722017495	2.0831206694693782	0.0
469.28017470151747	2.0830015644796207	0.0
469.38272458777413	2.082882433462334	0.0
469.4852968838399	2.082763276411831	0.0
469.58789159461105	2.0826440933224237	0.0
469.69050872498775	2.0825248841884205	0.0
469.7931482798681	2.08240564900413	0.0
469.89581026415266	2.08228638776386	0.0
469.9984946827417	2.082167100461918	0.0
470.1012015405397	2.0820477870926064	0.0
470.2039308424493	2.0819284476502298	0.0
470.3066825933741	2.0818090821290918	0.0
470.40945679822164	2.0816896905234907	0.0
470.51225346189784	2.081570272827729	0.0
470.6150725893105	2.081450829036104	0.0
470.71791418536753	2.0813313591429146	0.0
470.8207782549809	2.081211863142454	0.0
470.92366480306066	2.081092341029019	0.0
471.02657383451793	2.0809727927969055	0.0
471.12950535426796	2.080853218440401	0.0
471.23245936722395	2.0807336179537996	0.0
471.3354358783013	2.080613991331391	0.0
471.4384348924155	2.080494338567464	0.0
471.54145641448594	2.080374659656305	0.0
471.6445004494302	2.080254954592201	0.0
471.747567002167	2.080135223369437	0.0
471.8506560776189	2.080015465982296	0.0
471.9537676807069	2.07989568242506	0.0
472.05690181635373	2.0797758726920113	0.0
472.1600584894825	2.07965603677743	0.0
472.26323770501995	2.079536174675593	0.0
472.36643946789144	2.0794162863807792	0.0
472.46966378302307	2.0792963718872652	0.0
472.57291065534514	2.079176431189324	0.0
472.6761800897858	2.079056464281231	0.0
472.77947209127564	2.078936471157257	0.0
472.88278666474514	2.0788164518116754	0.0
472.9861238151288	2.0786964062387536	0.0
473.08948354735924	2.0785763344327615	0.0
473.1928658663702	2.078456236387968	0.0
473.29627077709955	2.0783361120986363	0.0
473.39969828448307	2.0782159615590325	0.0
473.5031483934587	2.0780957847634207	0.0
473.6066211089646	2.0779755817060632	0.0
473.7101164359428	2.0778553523812207	0.0
473.81363437933345	2.0777350967831527	0.0
473.91717494407794	2.07761481490612	0.0
474.0207381351215	2.077494506744377	0.0
474.1243239574077	2.0773741722921812	0.0
474.22793241588187	2.0772538115437875	0.0
474.33156351548973	2.07713342449345	0.0
474.435217261181	2.0770130111354197	0.0
474.53889365790326	2.0768925714639486	0.0
474.6425927106056	2.076772105473287	0.0
474.7463144242407	2.0766516131576824	0.0
474.8500588037596	2.076531094511382	0.0
474.9538258541155	2.076410549528633	0.0
475.05761558026154	2.0762899782036803	0.0
475.1614279871549	2.076169380530766	0.0
475.265263079751	2.076048756504133	0.0
475.3691208630071	2.075928106118022	0.0
475.47300134188083	2.075807429366675	0.0
475.57690452133374	2.075686726244327	0.0
475.6808304063255	2.075565996745218	0.0
475.7847790018169	2.0754452408635835	0.0
475.8887503127727	2.0753244585936566	0.0
475.99274434415577	2.0752036499296724	0.0
476.0967611009312	2.075082814865862	0.0
476.20080058806417	2.0749619533964587	0.0
476.3048628105237	2.074841065515689	0.0
476.40894777327696	2.0747201512177833	0.0
476.51305548129255	2.074599210496969	0.0
476.6171859395428	2.0744782433474698	0.0
476.7213391529981	2.074357249763512	0.0
476.8255151266313	2.0742362297393195	0.0
476.9297138654149	2.0741151832691145	0.0
477.03393537432555	2.073994110347116	0.0
477.1381796583384	2.0738730109675445	0.0
477.2424467224294	2.07375188512462	0.0
477.34673657157833	2.073630732812557	0.0
477.4510492107635	2.0735095540255717	0.0
477.555384644965	2.0733883487578804	0.0
477.65974287916333	2.073267117003696	0.0
477.7641239183427	2.0731458587572287	0.0
477.8685277674857	2.0730245740126905	0.0
477.97295443157583	2.072903262764292	0.0
478.0774039156008	2.0727819250062387	0.0
478.1818762245463	2.0726605607327393	0.0
478.2863713634002	2.0725391699379996	0.0
478.3908893371504	2.072417752616224	0.0
478.49543015078893	2.072296308761615	0.0
478.59999380930583	2.0721748383683747	0.0
478.7045803176925	2.0720533414307045	0.0
478.80918968094403	2.071931817942802	0.0
478.91382190405386	2.071810267898867	0.0
479.01847699201755	2.071688691293095	0.0
479.12315494983056	2.071567088119684	0.0
479.22785578249255	2.0714454583728252	0.0
479.3325794950013	2.071323802046713	0.0
479.4373260923557	2.0712021191355396	0.0
479.54209557955863	2.0710804096334945	0.0
479.64688796161096	2.070958673534767	0.0
479.75170324351615	2.070836910833546	0.0
479.85654143027705	2.070715121524018	0.0
479.9614025269012	2.070593305600367	0.0
480.0662865383939	2.070471463056778	0.0
480.1711934697618	2.0703495938874354	0.0
480.27612332601524	2.070227698086518	0.0
480.381076112163	2.0701057756482077	0.0
480.4860518332159	2.0699838265666832	0.0
480.5910504941849	2.069861850836123	0.0
480.69607210008485	2.0697398484507024	0.0
480.8011166559287	2.0696178194045967	0.0
480.90618416673084	2.069495763691982	0.0
481.01127463750936	2.0693736813070274	0.0
481.11638807328063	2.0692515722439064	0.0
481.2215244790631	2.069129436496789	0.0
481.3266838598754	2.0690072740598455	0.0
481.4318662207401	2.0688850849272407	0.0
481.53707156667804	2.0687628690931414	0.0
481.6422999027109	2.068640626551715	0.0
481.7475512338646	2.0685183572971226	0.0
481.8528255651633	2.068396061323528	0.0
481.95812290163315	2.068273738625092	0.0
482.06344324830013	2.068151389195975	0.0
482.1687866101949	2.0680290130303347	0.0
482.27415299234565	2.0679066101223293	0.0
482.379542399782	2.0677841804661155	0.0
482.4849548375375	2.0676617240558466	0.0
482.59039031064395	2.0675392408856763	0.0
482.69584882413506	2.067416730949758	0.0
482.80133038304496	2.067294194242243	0.0
482.9068349924114	2.067171630757279	0.0
483.0123626572707	2.067049040489015	0.0
483.1179133826601	2.0669264234316005	0.0
483.22348717362075	2.0668037795791787	0.0
483.32908403519224	2.0666811089258945	0.0
483.43470397241595	2.066558411465892	0.0
483.5403469903336	2.066435687193314	0.0
483.646013093991	2.0663129361022996	0.0
483.75170228843183	2.066190158186988	0.0
483.8574145787011	2.0660673534415204	0.0
483.96314996984785	2.0659445218600307	0.0
484.0689084669192	2.065821663436655	0.0
484.17469007496436	2.0656987781655283	0.0
484.2804947990327	2.065575866040785	0.0
484.38632264417777	2.065452927056554	0.0
484.492173615451	2.0653299612069667	0.0
484.5980477179051	2.0652069684861543	0.0
484.7039449565968	2.0650839488882426	0.0
484.809865336581	2.0649609024073583	0.0
484.9158088629147	2.064837829037628	0.0
485.0217755406549	2.064714728773176	0.0
485.12776537486275	2.064591601608124	0.0
485.23377837059775	2.064468447536593	0.0
485.33981453292006	2.064345266552705	0.0
485.4458738668943	2.0642220586505777	0.0
485.5519563775831	2.06411856053934	0.0
485.6580620700511	2.0640356052461377	0.0
485.76419094936307	2.063952631825053	0.0
485.87034302058817	2.063869640272124	0.0
485.97651828879316	2.0637866305833894	0.0
486.0827167590463	2.0637036027548854	0.0
486.18893843641985	2.0636205567826478	0.0
486.2951833259841	2.0635374926627112	0.0
486.4014514328117	2.0634544103911114	0.0
486.507742761975	2.0633713099638813	0.0
486.61405731855086	2.0632881913770524	0.0
486.72039510761385	2.0632050546266574	0.0
486.8267561342401	2.0631218997087273	0.0
486.9331404035095	2.0630387266192907	0.0
487.0395479205003	2.0629555353543774	0.0
487.14597869029257	2.0628723259100155	0.0
487.2524327179666	2.0627890982822334	0.0
487.35891000860715	2.062705852467056	0.0
487.4654105672965	2.062622588460509	0.0
487.5719343991184	2.0625393062586186	0.0
487.67848150916046	2.062456005857407	0.0
487.78505190250894	2.0623726872528976	0.0
487.89164558425165	2.062289350441113	0.0
487.99826255947664	2.0622059954180747	0.0
488.1049028332763	2.062122622179802	0.0
488.21156641074083	2.0620392307223145	0.0
488.3182532969618	2.0619558210416327	0.0
488.4249634970347	2.0618723931337715	0.0
488.5316970160532	2.0617889469947497	0.0
488.63845385911316	2.0617054826205825	0.0
488.7452340313104	2.0616220000072865	0.0
488.8520375377451	2.0615384991508736	0.0
488.9588643835152	2.0614549800473587	0.0
489.06571457372	2.061371442692755	0.0
489.172588113463	2.061287887083072	0.0
489.27948500784555	2.061204313214322	0.0
489.3864052619713	2.061120721082515	0.0
489.493348880944	2.0610371106836602	0.0
489.6003158698712	2.060953482013765	0.0
489.7073062338592	2.0608698350688366	0.0
489.81431997801496	2.0607861698448824	0.0
489.9213571074496	2.060702486337907	0.0
490.0284176272723	2.060618784543915	0.0
490.13550154259457	2.060535064458911	0.0
490.2426088585281	2.060451326078898	0.0
490.3497395801882	2.0603675693998778	0.0
490.456893712689	2.0602837944178507	0.0
490.56407126114505	2.060200001128819	0.0
490.6712722306754	2.06011618952878	0.0
490.7784966263973	2.060032359613733	0.0
490.88574445342994	2.0599485113796767	0.0
490.99301571689267	2.059864644822607	0.0
491.10031042190894	2.0597807599385196	0.0
491.20762857360035	2.0596968567234097	0.0
491.31497017708944	2.059612935173273	0.0
491.42233523750326	2.0595289952841003	0.0
491.52972375996666	2.0594450370518858	0.0
491.6371357496068	2.0593610604726202	0.0
491.7445712115507	2.0592770655422954	0.0
491.8520301509298	2.0591930522568997	0.0
491.95951257287345	2.0591090206124227	0.0
492.0670184825133	2.059024970604853	0.0
492.1745478849809	2.0589409022301774	0.0
492.28210078541207	2.058856815484382	0.0
492.3896771889407	2.058772710363452	0.0
492.4972771007021	2.0586885868633726	0.0
492.60490052583503	2.058604444980127	0.0
492.71254746947693	2.0585202847096977	0.0
492.82021793676734	2.0584361060480676	0.0
492.9279119328455	2.0583519089912174	0.0
493.0356294628554	2.058267693535127	0.0
493.14337053193856	2.0581834596757753	0.0
493.251135145238	2.058099207409142	0.0
493.35892330790057	2.0580149367312037	0.0
493.46673502507167	2.057930647637937	0.0
493.5745703018984	2.0578463401253173	0.0
493.6824291435283	2.057762014189321	0.0
493.79031155511274	2.057677669825921	0.0
493.8982175418014	2.0575933070310897	0.0
494.00614710874504	2.0575089258008017	0.0
494.1141002610986	2.057424526131026	0.0
494.22207700401515	2.057340108017734	0.0
494.3300773426498	2.0572556714568955	0.0
494.4381012821578	2.0571712164444795	0.0
494.54614882769846	2.0570867429764528	0.0
494.65421998442946	2.0570022510487833	0.0
494.7623147575095	2.0569177406574375	0.0
494.8704331521012	2.056833211798379	0.0
494.9785751733655	2.0567486644675728	0.0
495.0867408264656	2.0566640986609825	0.0
495.19493011656454	2.056579514374572	0.0
495.30314304882955	2.0564949116043008	0.0
495.4113796284262	2.0564102903461303	0.0
495.51963986052095	2.056325650596022	0.0
495.62792375028454	2.0562409923499323	0.0
495.73623130288576	2.0561563156038214	0.0
495.84456252349565	2.056071620353645	0.0
495.95291741728505	2.0559869065953618	0.0
496.06129598942937	2.055902174324925	0.0
496.16969824510187	2.05581742353829	0.0
496.278124189477	2.055732654231411	0.0
496.38657382773346	2.05564786640024	0.0
496.4950471650478	2.0555630600407295	0.0
496.60354420659905	2.05547823514883	0.0
496.71206495756604	2.0553933917204934	0.0
496.820609423132	2.055308529751667	0.0
496.9291776084782	2.0552236492383	0.0
497.037769518787	2.0551387501763405	0.0
497.14638515924486	2.0550538325617342	0.0
497.2550245350365	2.054968896390427	0.0
497.36368765134876	2.054883941658364	0.0
497.47237451336844	2.05479896836149	0.0
497.5810851262866	2.054713976495747	0.0
497.6898194952925	2.0546289660570767	0.0
497.79857762557646	2.054543937041423	0.0
497.90735952233274	2.054458889444723	0.0
498.0161651907543	2.0543738232629183	0.0
498.1249946360355	2.0542887384919473	0.0
498.23384786337147	2.054203635127748	0.0
498.34272487796113	2.054118513166257	0.0
498.4516256850015	2.05403337260341	0.0
498.5605502896909	2.0539482134351426	0.0
498.66949869723186	2.0538630356573884	0.0
498.7784709128248	2.053777839266081	0.0
498.8874669416723	2.0536926242571534	0.0
498.9964867889774	2.0536073906265373	0.0
499.1055304599469	2.0535221383701616	0.0
499.21459795978586	2.053436867483958	0.0
499.32368929370074	2.0533515779638556	0.0
499.43280446690153	2.0532662698057806	0.0
499.54194348459714	2.0531809430056613	0.0
499.65110635199795	2.053095597559423	0.0
499.7602930743147	2.0530102334629934	0.0
499.86950365676245	2.052924850712294	0.0
499.9787381045543	2.0528394493032502	0.0
500.0879964229042	2.052754029231784	0.0
500.19727861703075	2.052668590493817	0.0
500.3065846921504	2.0525831330852706	0.0
500.4159146534816	2.0524976570020645	0.0
500.5252685062432	2.0524121622401186	0.0
500.6346462556581	2.0523266487953493	0.0
500.74404790694723	2.0522411166636756	0.0
500.85347346533297	2.0521555658410136	0.0
500.96292293604154	2.0520699963232785	0.0
501.0723963242975	2.0519844081063843	0.0
501.1818936353271	2.051898801186246	0.0
501.29141487435754	2.051813175558776	0.0
501.4009600466195	2.051727531219886	0.0
501.5105291573419	2.051641868165487	0.0
501.6201222117552	2.0515561863914904	0.0
501.7297392150935	2.0514704858938035	0.0
501.83938017258924	2.051384766668336	0.0
501.94904508947724	2.0512990287109947	0.0
502.0587339709919	2.051213272017688	0.0
502.1684468223726	2.0511274965843187	0.0
502.27818364885593	2.0510417024067937	0.0
502.38794445568016	2.050955889481017	0.0
502.49772924808786	2.05087005780289	0.0
502.6075380313192	2.050784207368316	0.0
502.71737081061707	2.050698338173196	0.0
502.8272275912241	2.0506124502134306	0.0
502.9371083783871	2.0505265434849185	0.0
503.0470131773513	2.050440617983559	0.0
503.15694199336275	2.0503546737052503	0.0
503.2668948316719	2.050268710645887	0.0
503.3768716975272	2.0501827288013668	0.0
503.4868725961793	2.050096728167584	0.0
503.59689753287904	2.0500107087404333	0.0
503.70694651288125	2.0499246705158067	0.0
503.8170195414392	2.049838613489597	0.0
503.9271166238069	2.049752537657697	0.0
504.0372377652429	2.0496664430159943	0.0
504.14738297100354	2.0495803295603805	0.0
504.25755224634776	2.0494941972867435	0.0
504.3677455965342	2.0494080461909725	0.0
504.4779630268259	2.049321876268952	0.0
504.58820454248394	2.04923568751657	0.0
504.69847014877064	2.049149479929711	0.0
504.8087598509523	2.049063253504258	0.0
504.91907365429387	2.048977008236095	0.0
505.02941156406166	2.0488907441211057	0.0
505.1397735855227	2.048804461155171	0.0
505.25015972394806	2.0487181593341695	0.0
505.36056998460697	2.048631838653983	0.0
505.4710043727696	2.04854549911049	0.0
505.5814628937106	2.048459140699568	0.0
505.6919455527024	2.048372763417093	0.0
505.8024523550201	2.048286367258943	0.0
505.9129833059383	2.0481999522209926	0.0
506.02353841073636	2.0481135182991146	0.0
506.1341176746915	2.048027065489184	0.0
506.2447211030818	2.0479405937870734	0.0
506.35534870119034	2.0478541031886532	0.0
506.4660004742974	2.047767593689794	0.0
506.57667642768615	2.0476810652863664	0.0
506.68737656663933	2.04759451797424	0.0
506.7981008964442	2.047507951749281	0.0
506.9088494223862	2.0474213666073577	0.0
507.01962214975174	2.0473347625443363	0.0
507.1304190838315	2.04724813955608	0.0
507.24124022991424	2.047161497638456	0.0
507.35208559329084	2.0470748367873255	0.0
507.4629551792525	2.046988156998553	0.0
507.5738489930945	2.0469014582679983	0.0
507.6847670401102	2.0468147405915227	0.0
507.7957093255942	2.0467280039649873	0.0
507.90667585484516	2.0466412483842493	0.0
508.01766663316016	2.046554473845167	0.0
508.12868166583803	2.0464676803435986	0.0
508.2397209581781	2.0463808678754	0.0
508.3507845154838	2.0462940364364255	0.0
508.4618723430564	2.04620718602253	0.0
508.57298444619886	2.0461203166295676	0.0
508.68412083021786	2.04603342825339	0.0
508.7952815004185	2.0459465208898493	0.0
508.9064664621079	2.0458595945347957	0.0
509.01767572059333	2.0457726491840806	0.0
509.12890928118634	2.0456856848335514	0.0
509.24016714919657	2.045598701479056	0.0
509.35144932993467	2.045511699116444	0.0
509.4627558287158	2.0454246777415586	0.0
509.574086650853	2.0453376373502468	0.0
509.6854418016616	2.0452505779383516	0.0
509.796821286457	2.0451634995017196	0.0
509.9082251105588	2.045076402036189	0.0
510.0196532792848	2.044989285537605	0.0
510.1311057979549	2.044902150001807	0.0
510.2425826718892	2.0448149954246357	0.0
510.354083906412	2.0447278218019287	0.0
510.4656095068457	2.0446406291295247	0.0
510.57715947851375	2.044553417403262	0.0
510.6887338267441	2.0444661866189744	0.0
510.80033255686266	2.044378936772499	0.0
510.91195567419726	2.04429166785967	0.0
511.02360318407636	2.044204379876321	0.0
511.1352750918324	2.044117072818284	0.0
511.24697140279574	2.0440297466813906	0.0
511.3586921222982	2.0439424014614733	0.0
511.47043725567585	2.04385503715436	0.0
511.58220680826247	2.0437676537558795	0.0
511.6940007853945	2.0436802512618613	0.0
511.80581919240825	2.0435928296681323	0.0
511.9176620346443	2.0435053889705177	0.0
512.0295293174415	2.043417929164843	0.0
512.1414210461394	2.043330450246934	0.0
512.2533372260825	2.043242952212613	0.0
512.3652778626127	2.0431554350577024	0.0
512.4772429610746	2.0430678987780237	0.0
512.5892325268126	2.042980343369399	0.0
512.7012465651754	2.042892768827647	0.0
512.8132850815103	2.0428051751485863	0.0
512.925348081165	2.042717562328037	0.0
513.0374355694918	2.042629930361813	0.0
513.1495475518411	2.042542279245733	0.0
513.2616840335656	2.042454608975611	0.0
513.3738450200179	2.0423669195472627	0.0
513.486030516555	2.0422792109564996	0.0
513.5982405285321	2.0421914831991352	0.0
513.7104750613053	2.042103736270982	0.0
513.8227341202349	2.042015970167849	0.0
513.9350177106799	2.041928184885547	0.0
514.0473258380007	2.041840380419884	0.0
514.1596585075583	2.04175255676667	0.0
514.2720157247181	2.0416647139217092	0.0
514.3843974948431	2.041576851880809	0.0
514.4968038232979	2.041488970639776	0.0
514.609234715451	2.041401070194412	0.0
514.7216901766693	2.0413131505405215	0.0
514.8341702123219	2.041225211673907	0.0
514.9466748277775	2.0411372535903713	0.0
515.05920402841	2.041049276285712	0.0
515.1717578195905	2.040961279755731	0.0
515.2843362066919	2.040873263996227	0.0
515.3969391950909	2.040785229002997	0.0
515.5095667901627	2.040697174771838	0.0
515.6222189972843	2.0406091012985463	0.0
515.734895821833	2.0405210085789176	0.0
515.8475972691906	2.040432896608745	0.0
515.9603233447368	2.0403447653838223	0.0
516.0730740538523	2.0402566148999424	0.0
516.1858494019224	2.040168445152895	0.0
516.29864939433	2.040080256138472	0.0
516.411474036461	2.0399920478524627	0.0
516.5243233337006	2.0399038202906565	0.0
516.637197291439	2.0398155734488395	0.0
516.7500959150636	2.0397273073227997	0.0
516.863019209964	2.0396390219083234	0.0
516.9759671815333	2.0395507172011937	0.0
517.088939835163	2.039462393197196	0.0
517.2019371762469	2.0393740498921136	0.0
517.3149592101788	2.039285687281729	0.0
517.4280059423567	2.0391973053618218	0.0
517.5410773781766	2.0391089041281734	0.0
517.6541735230362	2.039020483576564	0.0
517.767294382337	2.0389320437027707	0.0
517.8804399614787	2.038843584502572	0.0
517.9936102658631	2.0387551059717444	0.0
518.1068053008926	2.0386666081060643	0.0
518.220025071973	2.038578090901305	0.0
518.3332695845095	2.0384895543532413	0.0
518.4465388439071	2.038400998457647	0.0
518.5598328555759	2.038312423210293	0.0
518.6731516249239	2.03822382860695	0.0
518.7864951573613	2.0381352146433893	0.0
518.8998634582983	2.0380465813153803	0.0
519.0132565331498	2.037957928618691	0.0
519.1266743873283	2.037869256549088	0.0
519.2401170262477	2.0377805651023397	0.0
519.3535844553263	2.0376918542742093	0.0
519.4670766799802	2.0376031240604635	0.0
519.580593705628	2.037514374456865	0.0
519.6941355376882	2.0374256054591777	0.0
519.807702181584	2.0373368170631614	0.0
519.9212936427359	2.0372480092645793	0.0
520.0349099265666	2.0371591820591908	0.0
520.1485510385022	2.0370703354427535	0.0
520.2622169839674	2.0369814694110273	0.0
520.3759077683891	2.0368925839597685	0.0
520.4896233971939	2.036803679084735	0.0
520.6033638758133	2.0367147547816806	0.0
520.7171292096765	2.0366258110463598	0.0
520.8309194042139	2.036536847874528	0.0
520.9447344648604	2.036447865261935	0.0
521.0585743970487	2.0363719176847654	0.0
521.172439206214	2.036308273236793	0.0
521.2863288977915	2.0362446148808595	0.0
521.4002434772207	2.0361809426139232	0.0
521.5141829499393	2.0361172564329464	0.0
521.628147321386	2.0360535563348874	0.0
521.7421365970039	2.0359898423167055	0.0
521.8561507822341	2.035926114375358	0.0
521.9701898825201	2.0358623725078036	0.0
522.0842539033055	2.0357986167109985	0.0
522.198342850038	2.0357348469818977	0.0
522.3124567281636	2.035671063317458	0.0
522.4265955431295	2.0356072657146345	0.0
522.540759300387	2.03554345417038	0.0
522.6549480053857	2.035479628681648	0.0
522.7691616635772	2.035415789245392	0.0
522.8834002804134	2.0353519358585648	0.0
522.9976638613506	2.035288068518116	0.0
523.111952411843	2.0352241872209973	0.0
523.226265937346	2.0351602919641594	0.0
523.3406044433195	2.0350963827445505	0.0
523.4549679352214	2.0350324595591203	0.0
523.5693564185115	2.0349685224048164	0.0
523.68376989865	2.0349045712785867	0.0
523.7982083811019	2.0348406061773776	0.0
523.9126718713293	2.034776627098135	0.0
524.0271603747964	2.0347126340378052	0.0
524.141673896971	2.034648626993332	0.0
524.2562124433196	2.03458460596166	0.0
524.3707760193104	2.0345205709397325	0.0
524.4853646304119	2.034456521924493	0.0
524.5999782820974	2.0343924589128823	0.0
524.7146169798375	2.0343283819018425	0.0
524.8292807291045	2.0342642908883146	0.0
524.943969535375	2.034200185869238	0.0
525.0586834041235	2.0341360668415525	0.0
525.1734223408267	2.0340719338021973	0.0
525.2881863509615	2.03400778674811	0.0
525.4029754400094	2.033943625676228	0.0
525.5177896134497	2.033879450583488	0.0
525.632628876763	2.0338152614668266	0.0
525.7474932354339	2.0337510583231784	0.0
525.8623826949456	2.033686841149479	0.0
525.9772972607831	2.0336226099426615	0.0
526.0922369384318	2.0335583646996604	0.0
526.2072017333816	2.0334941054174074	0.0
526.32219165112	2.0334298320928355	0.0
526.4372066971359	2.0333655447228756	0.0
526.5522468769227	2.033301243304458	0.0
526.6673121959717	2.0332369278345133	0.0
526.7824026597765	2.033172598309971	0.0
526.8975182738307	2.0331082547277597	0.0
527.0126590436325	2.0330438970848066	0.0
527.1278249746781	2.0329795253780403	0.0
527.2430160724658	2.0329151396043867	0.0
527.358232342494	2.032850739760773	0.0
527.4734737902659	2.032786325844122	0.0
527.5887404212822	2.0327218978513613	0.0
527.704032241045	2.0326574557794137	0.0
527.8193492550611	2.0325929996252015	0.0
527.9346914688347	2.0325285293856488	0.0
528.0500588878728	2.0324640450576767	0.0
528.1654515176822	2.032399546638208	0.0
528.2808693637744	2.032335034124161	0.0
528.3963124316587	2.0322705075124574	0.0
528.5117807268455	2.0322059668000167	0.0
528.6272742548499	2.0321414119837558	0.0
528.742793021185	2.032076843060594	0.0
528.8583370313657	2.0320122600274484	0.0
528.9739062909076	2.031947662881236	0.0
529.0895008053303	2.031883051618871	0.0
529.2051205801519	2.0318184262372703	0.0
529.3207656208908	2.031753786733349	0.0
529.436435933071	2.031689133104019	0.0
529.5521315222137	2.0316244653461943	0.0
529.6678523938424	2.0315597834567884	0.0
529.783598553481	2.0314950874327127	0.0
529.8993700066579	2.031430377270878	0.0
530.0151667588992	2.0313656529681943	0.0
530.1309888157323	2.031300914521573	0.0
530.246836182689	2.0312361619279224	0.0
530.3627088652993	2.0311713951841512	0.0
530.4786068690952	2.0311066142871668	0.0
530.5945301996089	2.0310418192338773	0.0
530.7104788623773	2.030977010021188	0.0
530.826452862935	2.030912186646005	0.0
530.9424522068178	2.0308473491052346	0.0
531.058476899566	2.0307824973957795	0.0
531.1745269467183	2.0307176315145448	0.0
531.2906023538147	2.0306527514584323	0.0
531.4067031263963	2.030587857224347	0.0
531.5228292700083	2.030522948809187	0.0
531.6389807901937	2.0304580262098564	0.0
531.7551576924968	2.0303930894232547	0.0
531.8713599824666	2.0303281384462806	0.0
531.9875876656498	2.030263173275834	0.0
532.1038407475955	2.030198193908813	0.0
532.2201192338528	2.030133200342116	0.0
532.3364231299755	2.030068192572639	0.0
532.4527524415151	2.0300031705972787	0.0
532.5691071740246	2.0299381344129315	0.0
532.6854873330611	2.0298730840164914	0.0
532.8018929241803	2.0298080194048524	0.0
532.9183239529392	2.0297429405749092	0.0
533.0347804248959	2.029677847523554	0.0
533.1512623456123	2.0296127402476793	0.0
533.2677697206487	2.0295476187441763	0.0
533.3843025555666	2.029482483009937	0.0
533.5008608559314	2.0294173330418506	0.0
533.6174446273071	2.029352168836807	0.0
533.73405387526	2.029286990391694	0.0
533.8506886053558	2.0292217977034017	0.0
533.9673488231656	2.0291565907688165	0.0
534.084034534258	2.0290913695848247	0.0
534.2007457442025	2.0290261341483142	0.0
534.317482458574	2.0289608844561684	0.0
534.4342446829443	2.0288956205052733	0.0
534.5510324228883	2.028830342292512	0.0
534.6678456839804	2.02876504981477	0.0
534.7846844718002	2.0286997430689273	0.0
534.9015487919246	2.028634422051868	0.0
535.0184386499321	2.0285690867604727	0.0
535.1353540514056	2.028503737191622	0.0
535.2522950019257	2.028438373342196	0.0
535.3692615070759	2.0283729952090734	0.0
535.486253572439	2.028307602789135	0.0
535.6032712036031	2.028242196079256	0.0
535.7203144061538	2.0281767750763153	0.0
535.8373831856778	2.0281113397771895	0.0
535.954477547767	2.028045890178754	0.0
536.0715974980104	2.027980426277884	0.0
536.1887430419998	2.027914948071454	0.0
536.3059141853269	2.0278494555563387	0.0
536.4231109335881	2.0277839487294105	0.0
536.5403332923776	2.0277184275875415	0.0
536.6575812672909	2.027652892127605	0.0
536.7748548639279	2.0275873423464708	0.0
536.8921540878866	2.0275217782410095	0.0
537.0094789447674	2.027456199808091	0.0
537.1268294401702	2.0273906070445857	0.0
537.2442055797004	2.0273249999473597	0.0
537.3616073689604	2.027259378513282	0.0
537.4790348135546	2.0271937427392195	0.0
537.5964879190911	2.0271280926220383	0.0
537.7139666911767	2.0270624281586045	0.0
537.8314711354201	2.0269967493457823	0.0
537.9490012574304	2.0269310561804375	0.0
538.0665570628208	2.026865348659432	0.0
538.184138557203	2.0267996267796295	0.0
538.3017457461892	2.0267338905378924	0.0
538.4193786353969	2.0266681399310817	0.0
538.5370372304409	2.0266023749560587	0.0
538.6547215369388	2.026536595609683	0.0
538.7724315605082	2.026470801888815	0.0
538.8901673067708	2.026404993790313	0.0
539.0079287813467	2.026339171311035	0.0
539.1257159898572	2.0262733344478385	0.0
539.2435289379281	2.0262074831975805	0.0
539.3613676311828	2.0261416175571165	0.0
539.4792320752475	2.026075737523302	0.0
539.5971222757485	2.026009843092993	0.0
539.715038238316	2.0259439342630414	0.0
539.8329799685787	2.0258780110303016	0.0
539.9509474721666	2.0258120733916263	0.0
540.0689407547139	2.0257461213438672	0.0
540.1869598218531	2.0256801548838754	0.0
540.3050046792184	2.0256141740085014	0.0
540.4230753324449	2.0255481787145966	0.0
540.5411717871715	2.0254821689990075	0.0
540.6592940490358	2.0254161448585846	0.0
540.777442123676	2.0253501062901753	0.0
540.8956160167351	2.0252840532906258	0.0
541.013815733854	2.0252179858567834	0.0
541.1320412806759	2.0251519039854933	0.0
541.2502926628442	2.0250858076736016	0.0
541.3685698860068	2.0250196969179513	0.0
541.4868729558095	2.024953571715387	0.0
541.6052018778993	2.024887432062752	0.0
541.7235566579278	2.024821277956887	0.0
541.8419373015447	2.0247551093946345	0.0
541.9603438144018	2.0246889263728356	0.0
542.078776202151	2.024622728888331	0.0
542.1972344704487	2.0245565169379587	0.0
542.3157186249498	2.0244902905185587	0.0
542.4342286713097	2.02442404962697	0.0
542.5527646151887	2.0243577942600273	0.0
542.6713264622449	2.0242915244145694	0.0
542.789914218139	2.0242252400874317	0.0
542.9085278885316	2.024158941275451	0.0
543.0271674790878	2.0240926279754596	0.0
543.1458329954706	2.024026300184293	0.0
543.2645244433447	2.023959957898785	0.0
543.3832418283789	2.023893601115766	0.0
543.5019851562399	2.02382722983207	0.0
543.620754432597	2.023760844044528	0.0
543.7395496631194	2.02369444374997	0.0
543.8583708534811	2.0236280289452253	0.0
543.9772180093538	2.023561599627124	0.0
544.0960911364107	2.023495155792495	0.0
544.2149902403291	2.0234286974381637	0.0
544.3339153267848	2.0233622245609597	0.0
544.4528664014555	2.0232957371577083	0.0
544.5718434700191	2.023229235225236	0.0
544.6908465381584	2.023162718760366	0.0
544.8098756115537	2.023096187759924	0.0
544.9289306958868	2.023029642220734	0.0
545.0480117968439	2.022963082139617	0.0
545.1671189201093	2.0228965075133973	0.0
545.2862520713694	2.0228299183388954	0.0
545.405411256311	2.0227633146129325	0.0
545.5245964806254	2.022696696332328	0.0
545.6438077500017	2.022630063493902	0.0
545.7630450701303	2.0225634160944734	0.0
545.882308446706	2.0224967541308594	0.0
546.001597885422	2.0224300775998776	0.0
546.1209133919735	2.0223633864983457	0.0
546.2402549720559	2.0222966808230787	0.0
546.3596226313691	2.0222299605708915	0.0
546.4790163756109	2.0221632257385997	0.0
546.5984362104804	2.022096476323017	0.0
546.7178821416816	2.0220297123209554	0.0
546.8373541749157	2.0219629337292284	0.0
546.9568523158871	2.021896140544648	0.0
547.0763765702995	2.0218293327640247	0.0
547.1959269438618	2.0217625103841685	0.0
547.3155034422806	2.02169567340189	0.0
547.4351060712637	2.021628821813999	0.0
547.5547348365237	2.021561955617301	0.0
547.6743897437707	2.021495074808606	0.0
547.7940707987175	2.0214281793847193	0.0
547.913778007077	2.0213612693424494	0.0
548.0335113745663	2.021294344678599	0.0
548.1532709069012	2.0212274053899746	0.0
548.2730566097993	2.0211604514733796	0.0
548.3928684889781	2.021093482925619	0.0
548.5127065501604	2.0210264997434937	0.0
548.6325707990662	2.020959501923806	0.0
548.7524612414173	2.0208924894633578	0.0
548.87237788294	2.020825462358949	0.0
548.9923207293581	2.02075842060738	0.0
549.1122897863983	2.02069136420545	0.0
549.2322850597868	2.020624293149958	0.0
549.3523065552553	2.020557207437701	0.0
549.4723542785324	2.0204901070654757	0.0
549.5924282353488	2.0204229920300802	0.0
549.7125284314394	2.020355862328308	0.0
549.8326548725369	2.0202887179569564	0.0
549.9528075643765	2.020221558912818	0.0
550.0729865126935	2.020154385192688	0.0
550.1931917232282	2.020087196793358	0.0
550.3134232017181	2.02001999371162	0.0
550.4336809539026	2.0199527759442666	0.0
550.5539649855251	2.0198855434880882	0.0
550.6742753023275	2.0198182963398743	0.0
550.7946119100536	2.0197510344964154	0.0
550.9149748144475	2.0196837579544997	0.0
551.0353640212583	2.019616466710915	0.0
551.1557795362322	2.0195491607624483	0.0
551.2762213651174	2.019481840105888	0.0
551.3966895136663	2.0194145047380174	0.0
551.5171839876292	2.0193471546556228	0.0
551.6377047927591	2.019279789855489	0.0
551.7582519348088	2.0192124103344007	0.0
551.8788254195357	2.019145016089139	0.0
551.9994252526956	2.0190776071164875	0.0
552.1200514400449	2.019010183413228	0.0
552.240703987345	2.0189427449761403	0.0
552.3613829003551	2.018875291802006	0.0
552.4820881848368	2.0188078238876037	0.0
552.6028198465519	2.0187403412297136	0.0
552.7235778912667	2.018672843825112	0.0
552.8443623247454	2.0186053316705777	0.0
552.9651731527534	2.0185378047628872	0.0
553.0860103810612	2.0184702630988163	0.0
553.2068740154365	2.01840270667514	0.0
553.3277640616498	2.0183351354886345	0.0
553.4486805254717	2.0182675495360725	0.0
553.5696234126773	2.018199948814227	0.0
553.6905927290398	2.018132333319871	0.0
553.8115884803333	2.0180647030497765	0.0
553.9326106723371	2.017997058000714	0.0
554.0536593108278	2.017929398169454	0.0
554.1747344015846	2.017861723552767	0.0
554.2958359503871	2.017794034147422	0.0
554.4169639630192	2.017726329950186	0.0
554.5381184452629	2.0176586109578274	0.0
554.6592994029011	2.017590877167114	0.0
554.7805068417218	2.01752312857481	0.0
554.9017407675109	2.0174553651776823	0.0
555.0230011860561	2.017387586972495	0.0
555.144288103146	2.017319793956013	0.0
555.2656015245732	2.0172519861249985	0.0
555.3869414561285	2.017184163476215	0.0
555.5083079036041	2.017116326006424	0.0
555.6297008727964	2.017048473712387	0.0
555.7511203695001	2.0169806065908644	0.0
555.8725663995122	2.016912724638616	0.0
555.9940389686298	2.016844827852401	0.0
556.1155380826544	2.0167769162289777	0.0
556.237063747386	2.0167089897651036	0.0
556.358615968625	2.0166410484575366	0.0
556.4801947521775	2.016573092303031	0.0
556.6018001038466	2.016519527578178	0.0
556.7234320294381	2.0164687545075815	0.0
556.8450905347581	2.016417970341753	0.0
556.9667756256172	2.0163671750782672	0.0
557.0884873078237	2.016316368714699	0.0
557.2102255871877	2.016265551248624	0.0
557.3319904695234	2.0162147226776135	0.0
557.453781960643	2.0161638829992428	0.0
557.5756000663615	2.0161130322110847	0.0
557.6974447924937	2.0160621703107107	0.0
557.8193161448589	2.0160112972956923	0.0
557.9412141292747	2.0159604131636013	0.0
558.0631387515597	2.015909517912008	0.0
558.1850900175372	2.0158586115384827	0.0
558.3070679330284	2.0158076940405945	0.0
558.4290725038569	2.0157567654159125	0.0
558.5511037358466	2.0157058256620064	0.0
558.6731616348256	2.0156548747764425	0.0
558.7952462066206	2.015603912756789	0.0
558.9173574570589	2.0155529396006133	0.0
559.0394953919728	2.015501955305481	0.0
559.1616600171924	2.015450959868958	0.0
559.2838513385502	2.01539995328861	0.0
559.4060693618791	2.015348935562002	0.0
559.528314093016	2.015297906686697	0.0
559.6505855377965	2.0152468666602603	0.0
559.7728837020569	2.0151958154802547	0.0
559.8952085916385	2.015144753144242	0.0
560.0175602123803	2.0150936796497847	0.0
560.1399385701236	2.015042594994445	0.0
560.2623436707103	2.0149914991757836	0.0
560.3847755199863	2.0149403921913605	0.0
560.507234123796	2.0148892740387363	0.0
560.6297194879847	2.014838144715471	0.0
560.7522316184027	2.0147870042191216	0.0
560.8747705208976	2.0147358525472483	0.0
560.9973362013203	2.014684689697408	0.0
561.119928665521	2.014633515667159	0.0
561.2425479193549	2.0145823304540573	0.0
561.3651939686754	2.0145311340556593	0.0
561.4878668193364	2.014479926469521	0.0
561.6105664771974	2.014428707693197	0.0
561.733292948115	2.014377477724242	0.0
561.8560462379488	2.014326236560211	0.0
561.9788263525583	2.014274984198657	0.0
562.1016332978073	2.014223720637133	0.0
562.2244670795583	2.014172445873191	0.0
562.3473277036745	2.0141211599043847	0.0
562.4702151760239	2.0140698627282636	0.0
562.5931295024723	2.014018554342379	0.0
562.7160706888881	2.0139672347442827	0.0
562.8390387411398	2.0139159039315233	0.0
562.9620336651005	2.01386456190165	0.0
563.0850554666413	2.013813208652212	0.0
563.2081041516345	2.013761844180758	0.0
563.331179725957	2.0137104684848346	0.0
563.4542821954838	2.0136590815619893	0.0
563.577411566092	2.013607683409769	0.0
563.7005678436593	2.0135562740257202	0.0
563.8237510340678	2.0135048534073876	0.0
563.9469611431974	2.0134534215523168	0.0
564.0701981769294	2.0134019784580524	0.0
564.1934621411499	2.0133505241221377	0.0
564.3167530417427	2.013299058542116	0.0
564.4400708845941	2.0132475817155306	0.0
564.5634156755906	2.0131960936399245	0.0
564.6867874206233	2.0131445943128385	0.0
564.8101861255813	2.013093083731814	0.0
564.9336117963547	2.0130415618943927	0.0
565.0570644388388	2.012990028798113	0.0
565.1805440589261	2.0129384844405163	0.0
565.3040506625123	2.0128869288191398	0.0
565.4275842554925	2.0128353619315247	0.0
565.5511448437672	2.0127837837752067	0.0
565.6747324332343	2.0127321943477243	0.0
565.7983470297931	2.0126805936466146	0.0
565.9219886393475	2.0126289816694136	0.0
566.0456572677996	2.012577358413657	0.0
566.1693529210537	2.012525723876881	0.0
566.2930756050141	2.0124740780566195	0.0
566.4168253255901	2.012422420950407	0.0
566.540602088689	2.0123707525557775	0.0
566.6644059002198	2.0123190728702642	0.0
566.7882367660926	2.0122673818914	0.0
566.9120946922216	2.0122156796167157	0.0
567.0359796845189	2.0121639660437443	0.0
567.1598917488981	2.0121122411700165	0.0
567.2838308912776	2.0120605049930624	0.0
567.4077971175732	2.0120087575104115	0.0
567.5317904337037	2.0119569987195947	0.0
567.6558108455876	2.01190522861814	0.0
567.7798583591485	2.0118534472035754	0.0
567.9039329803076	2.0118016544734294	0.0
568.0280347149873	2.011749850425229	0.0
568.152163569115	2.0116980350565004	0.0
568.276319548616	2.01164620836477	0.0
568.4005026594178	2.0115943703475643	0.0
568.5247129074482	2.0115425210024074	0.0
568.6489502986395	2.0114906603268246	0.0
568.7732148389223	2.0114387883183387	0.0
568.8975065342279	2.011386904974475	0.0
569.021825390493	2.011335010292754	0.0
569.1461714136517	2.0112831042707002	0.0
569.2705446096405	2.0112311869058344	0.0
569.3949449843965	2.011179258195679	0.0
569.5193725438612	2.011127318137753	0.0
569.6438272939739	2.011075366729578	0.0
569.7683092406753	2.0110234039686734	0.0
569.892818389911	2.010971429852558	0.0
570.0173547476242	2.01091944437875	0.0
570.1419183197607	2.010867447544769	0.0
570.2665091122664	2.0108154393481317	0.0
570.3911271310919	2.010763419786354	0.0
570.5157723821859	2.0107113888569534	0.0
570.6404448714981	2.0106593465574463	0.0
570.7651446049829	2.0106072928853465	0.0
570.8898715885929	2.01055522783817	0.0
571.0146258282829	2.0105031514134306	0.0
571.1394073300078	2.0104510636086426	0.0
571.2642160997276	2.010398964421318	0.0
571.3890521433998	2.01034685384897	0.0
571.5139154669831	2.010294731889111	0.0
571.6388060764416	2.0102425985392527	0.0
571.7637239777365	2.010190453796905	0.0
571.8886691768317	2.010138297659579	0.0
572.0136416796917	2.0100861301247854	0.0
572.138641492285	2.010033951190032	0.0
572.2636686205788	2.009981760852829	0.0
572.3887230705405	2.0099295591106836	0.0
572.5138048481434	2.009877345961104	0.0
572.6389139593581	2.009825121401598	0.0
572.7640504101573	2.009772885429671	0.0
572.8892142065147	2.00972063804283	0.0
573.0144053544082	2.00966837923858	0.0
573.1396238598136	2.009616109014426	0.0
573.264869728708	2.0095638273678738	0.0
573.3901429670735	2.0095115342964247	0.0
573.51544358089	2.009459229797584	0.0
573.6407715761393	2.0094069138688546	0.0
573.7661269588042	2.0093545865077385	0.0
573.8915097348718	2.0093022477117364	0.0
574.0169199103268	2.0092498974783504	0.0
574.1423574911561	2.0091975358050815	0.0
574.2678224833503	2.0091451626894288	0.0
574.3933148928985	2.0090927781288928	0.0
574.5188347257921	2.0090403821209715	0.0
574.6443819880227	2.0089879746631643	0.0
574.7699566855866	2.0089355557529687	0.0
574.895558824478	2.0088831253878814	0.0
575.0211884106923	2.0088306835654004	0.0
575.1468454502299	2.0087782302830215	0.0
575.2725299490887	2.00872576553824	0.0
575.3982419132695	2.0086732893285513	0.0
575.523981348773	2.0086208016514506	0.0
575.6497482616046	2.008568302504431	0.0
575.7755426577677	2.008515791884987	0.0
575.9013645432668	2.008463269790611	0.0
576.0272139241117	2.0084107362187953	0.0
576.1530908063095	2.008358191167032	0.0
576.2789951958698	2.008305634632812	0.0
576.4049270988028	2.0082530666136273	0.0
576.5308865211231	2.008200487106967	0.0
576.6568734688431	2.008147896110321	0.0
576.7828879479767	2.0080952936211793	0.0
576.9089299645428	2.008042679637029	0.0
577.0349995245576	2.0079900541553592	0.0
577.1610966340402	2.007937417173657	0.0
577.2872212990096	2.00788476868941	0.0
577.4133735254898	2.0078321087001036	0.0
577.5395533195025	2.0077794372032236	0.0
577.6657606870707	2.0077267541962573	0.0
577.7919956342224	2.0076740596766864	0.0
577.9182581669834	2.0076213536419973	0.0
578.0445482913816	2.0075686360896725	0.0
578.1708660134453	2.0075159070171966	0.0
578.2972113392078	2.007463166422051	0.0
578.4235842747001	2.0074104143017166	0.0
578.5499848259544	2.007357650653677	0.0
578.6764129990078	2.007304875475412	0.0
578.8028687998951	2.0072520887644023	0.0
578.929352234654	2.0071992905181273	0.0
579.0558633093216	2.0071464807340664	0.0
579.1824020299406	2.0070936594096986	0.0
579.3089684025512	2.007040826542502	0.0
579.4355624331946	2.006987982129954	0.0
579.5621841279176	2.006935126169531	0.0
579.6888334927639	2.0068822586587105	0.0
579.8155105337805	2.0068293795949677	0.0
579.942215257014	2.0067764889757793	0.0
580.0689476685161	2.0067235867986186	0.0
580.1957077743361	2.0066706730609605	0.0
580.3224955805249	2.006617747760279	0.0
580.449311093138	2.0065648108940466	0.0
580.5761543182288	2.0065118624597362	0.0
580.7030252618532	2.00645890245482	0.0
580.8299239300674	2.0064059308767703	0.0
580.9568503289321	2.006352947723056	0.0
581.0838044645061	2.00629995299115	0.0
581.2107863428494	2.006246946678521	0.0
581.3377959700267	2.006193928782637	0.0
581.464833352101	2.006140899300969	0.0
581.5918984951371	2.006087858230984	0.0
581.7189914052005	2.0060348055701502	0.0
581.8461120883615	2.005981741315934	0.0
581.9732605506878	2.0059286654658024	0.0
582.1004367982487	2.0058755780172217	0.0
582.2276408371187	2.0058224789676564	0.0
582.3548726733693	2.0057693683145716	0.0
582.4821323130752	2.005716246055433	0.0
582.609419762311	2.0056631121877033	0.0
582.736735027156	2.005609966708845	0.0
582.8640781136877	2.005556809616322	0.0
582.9914490279845	2.0055036409075964	0.0
583.1188477761298	2.0054504605801284	0.0
583.246274364205	2.0053972686313806	0.0
583.3737287982937	2.005344065058812	0.0
583.5012110844798	2.0052908498598843	0.0
583.6287212288523	2.0052376230320554	0.0
583.7562592374975	2.005184384572784	0.0
583.8838251165034	2.0051311344795297	0.0
584.0114188719627	2.0050778727497485	0.0
584.1390405099661	2.0050245993808984	0.0
584.2666900366065	2.004971314370436	0.0
584.3943674579771	2.0049180177158177	0.0
584.522072780176	2.004864709414498	0.0
584.649806009299	2.004811389463932	0.0
584.7775671514436	2.004758057861575	0.0
584.9053562127116	2.004704714604879	0.0
585.033173199203	2.0046513596912985	0.0
585.1610181170203	2.0045979931182862	0.0
585.2888909722656	2.004544614883294	0.0
585.4167917710467	2.004491224983773	0.0
585.5447205194688	2.004437823417175	0.0
585.6726772236383	2.0043844101809505	0.0
585.8006618896666	2.0043309852725484	0.0
585.928674523663	2.004277548689418	0.0
586.0567151317392	2.004224100429009	0.0
586.1847837200071	2.00417064048877	0.0
586.3128802945835	2.0041171688661468	0.0
586.4410048615828	2.004063685558588	0.0
586.569157427121	2.00401019056354	0.0
586.6973379973189	2.003956683878448	0.0
586.8255465782948	2.003903165500758	0.0
586.9537831761703	2.003849635427915	0.0
587.0820477970663	2.003796093657363	0.0
587.2103404471088	2.003742540186546	0.0
587.3386611324219	2.0036889750129068	0.0
587.4670098591308	2.0036353981338886	0.0
587.5953866333657	2.0035818095469327	0.0
587.7237914612545	2.003528209249481	0.0
587.8522243489276	2.0034745972389745	0.0
587.9806853025157	2.0034209735128545	0.0
588.1091743281542	2.003367338068559	0.0
588.2376914319764	2.003313690903528	0.0
588.3662366201169	2.003260032015201	0.0
588.4948098987154	2.0032063614010154	0.0
588.623411273909	2.0031526790584087	0.0
588.7520407518377	2.003098984984818	0.0
588.8806983386414	2.003045279177681	0.0
589.009384040465	2.002991561634432	0.0
589.1380978634511	2.0029378323525067	0.0
589.2668398137449	2.00288409132934	0.0
589.395609897492	2.0028303385623674	0.0
589.5244081208424	2.00277657404902	0.0
589.6532344899443	2.0027227977867335	0.0
589.7820890109471	2.002669009772939	0.0
589.910971690005	2.0026152100050685	0.0
590.03988253327	2.0025613984805535	0.0
590.1688215468969	2.0025075751968258	0.0
590.2977887370403	2.002453740151315	0.0
590.4267841098599	2.00239989334145	0.0
590.5558076715134	2.0023460347646616	0.0
590.6848594281594	2.0022921644183778	0.0
590.8139393859615	2.002238282300026	0.0
590.9430475510813	2.0021843884070343	0.0
591.0721839296831	2.0021304827368294	0.0
591.2013485279306	2.0020765652868384	0.0
591.3305413519932	2.002022636054486	0.0
591.4597624080378	2.0019686950371978	0.0
591.5890117022326	2.0019147422323997	0.0
591.7182892407507	2.0018607776375137	0.0
591.8475950297629	2.0018068012499652	0.0
591.9769290754429	2.001752813067176	0.0
592.1062913839642	2.0017089304406612	0.0
592.2356819615054	2.0016672347123836	0.0
592.3651008142427	2.0016255298725083	0.0
592.4945479483539	2.0015838159190444	0.0
592.6240233700216	2.0015420928499994	0.0
592.7535270854262	2.0015003606633823	0.0
592.8830591007504	2.0014586193572	0.0
593.0126194221776	2.0014168689294607	0.0
593.1422080558956	2.00137510937817	0.0
593.2718250080901	2.0013333407013345	0.0
593.4014702849483	2.0012915628969603	0.0
593.5311438926624	2.0012497759630525	0.0
593.660845837422	2.001207979897616	0.0
593.7905761254198	2.001166174698655	0.0
593.920334762848	2.0011243603641753	0.0
594.0501217559043	2.001082536892178	0.0
594.1799371107838	2.001040704280668	0.0
594.3097808336831	2.0009988625276485	0.0
594.439652930804	2.00095701163112	0.0
594.5695534083454	2.000915151589086	0.0
594.6994822725095	2.000873282399547	0.0
594.8294395294981	2.0008314040605053	0.0
594.9594251855183	2.00078951656996	0.0
595.0894392467748	2.0007476199259115	0.0
595.2194817194736	2.000705714126361	0.0
595.3495526098258	2.000663799169306	0.0
595.4796519240401	2.000621875052746	0.0
595.609779668328	2.0005799417746797	0.0
595.7399358489009	2.000537999333105	0.0
595.8701204719755	2.0004960477260187	0.0
596.0003335437657	2.000454086951419	0.0
596.1305750704871	2.0004121170073024	0.0
596.2608450583605	2.000370137891664	0.0
596.391143513604	2.0003281496025007	0.0
596.5214704424385	2.000286152137807	0.0
596.651825851085	2.000244145495579	0.0
596.7822097457696	2.00020212967381	0.0
596.9126221327159	2.0001601046704947	0.0
597.043063018149	2.0001180704836266	0.0
597.1735324082991	2.0000760271111986	0.0
597.3040303093939	2.0000339745512035	0.0
597.4345567276638	1.9999919128016337	0.0
597.5651116693393	1.9999498418604813	0.0
597.695695140656	1.999907761725737	0.0
597.826307147847	1.999865672395392	0.0
597.9569476971471	1.9998235738674375	0.0
598.0876167947958	1.9997814661398627	0.0
598.2183144470306	1.9997393492106577	0.0
598.3490406600913	1.9996972230778114	0.0
598.4797954402179	1.9996550877393133	0.0
598.6105787936556	1.999612943193151	0.0
598.7413907266471	1.9995707894373123	0.0
598.8722312454365	1.9995286264697854	0.0
599.0031003562733	1.9994864542885562	0.0
599.133998065404	1.9994442728916124	0.0
599.2649243790783	1.9994020822769394	0.0
599.3958793035456	1.9993598824425236	0.0
599.5268628450608	1.999317673386349	0.0
599.6578750098761	1.9992754551064014	0.0
599.7889158042452	1.9992332276006657	0.0
599.919985234427	1.9991909908671242	0.0
600.0510833066778	1.9991487449037615	0.0
600.1822100272566	1.9991064897085602	0.0
600.3133654024226	1.9990642252795037	0.0
600.4445494384402	1.9990219516145729	0.0
600.5757621415711	1.9989796687117507	0.0
600.7070035180786	1.9989373765690177	0.0
600.8382735742312	1.9988950751843548	0.0
600.9695723162946	1.9988527645557423	0.0
601.1008997505378	1.9988104446811608	0.0
601.2322558832293	1.9987681155585895	0.0
601.363640720643	1.998725777186007	0.0
601.4950542690505	1.998683429561392	0.0
601.6264965347243	1.998641072682724	0.0
601.7579675239429	1.9985987065479787	0.0
601.8894672429814	1.9985563311551349	0.0
602.0209956981181	1.9985139465021688	0.0
602.1525528956316	1.9984715525870573	0.0
602.2841388418052	1.998429149407776	0.0
602.4157535429199	1.9983867369623	0.0
602.5473970052582	1.9983443152486058	0.0
602.6790692351077	1.998301884264667	0.0
602.8107702387535	1.9982594440084576	0.0
602.9425000224837	1.9982169944779518	0.0
603.0742585925859	1.9981745356711236	0.0
603.2060459553535	1.9981320675859444	0.0
603.3378621170768	1.9980895902203875	0.0
603.4697070840482	1.9980471035724254	0.0
603.6015808625647	1.9980046076400289	0.0
603.7334834589212	1.9979621024211687	0.0
603.8654148794152	1.9979195879138163	0.0
603.9973751303442	1.9978770641159422	0.0
604.1293642180109	1.9978345310255152	0.0
604.2613821487156	1.997791988640505	0.0
604.39342892876	1.9977494369588809	0.0
604.5255045644511	1.9977068759786107	0.0
604.6576090620931	1.9976643056976628	0.0
604.7897424279932	1.997621726114005	0.0
604.9219046684588	1.997579137225604	0.0
605.0540957898019	1.9975365390304265	0.0
605.1863157983327	1.9974939315264386	0.0
605.3185647003623	1.9974513147116069	0.0
605.4508425022076	1.9974086885838955	0.0
605.5831492101823	1.99736605314127	0.0
605.7154848306034	1.9973234083816949	0.0
605.8478493697876	1.9972807543031346	0.0
605.9802428340571	1.9972380909035514	0.0
606.1126652297313	1.9971954181809095	0.0
606.2451165631313	1.9971527361331716	0.0
606.3775968405834	1.9971100447582988	0.0
606.5101060684111	1.997067344054254	0.0
606.6426442529411	1.9970246340189979	0.0
606.7752114004995	1.9969819146504921	0.0
606.9078075174185	1.9969391859466965	0.0
607.0404326100271	1.9968964479055709	0.0
607.1730866846574	1.9968537005250753	0.0
607.3057697476412	1.996810943803169	0.0
607.438481805316	1.9967681777378097	0.0
607.5712228640165	1.9967254023269567	0.0
607.7039929300789	1.9966826175685672	0.0
607.8367920098448	1.9966398234605989	0.0
607.9696201096527	1.9965970200010077	0.0
608.1024772358447	1.996554207187751	0.0
608.2353633947624	1.9965113850187848	0.0
608.3682785927527	1.9964685534920639	0.0
608.5012228361603	1.996425712605544	0.0
608.6341961313309	1.99638286235718	0.0
608.7671984846155	1.9963400027449247	0.0
608.9002299023631	1.9962971337667335	0.0
609.0332903909249	1.9962542554205587	0.0
609.1663799566522	1.996211367704354	0.0
609.2994986059019	1.9961684706160705	0.0
609.4326463450282	1.9961255641536615	0.0
609.5658231803866	1.9960826483150775	0.0
609.6990291183379	1.9960397230982703	0.0
609.8322641652404	1.9959967885011902	0.0
609.9655283274556	1.9959538445217873	0.0
610.0988216113444	1.9959108911580117	0.0
610.2321440232731	1.995867928407812	0.0
610.3654955696059	1.995824956269137	0.0
610.4988762567078	1.9957819747399363	0.0
610.6322860909497	1.9957389838181565	0.0
610.7657250786996	1.9956959835017454	0.0
610.8991932263283	1.9956529737886506	0.0
611.0326905402067	1.9956099546768185	0.0
611.1662170267108	1.9955669261641944	0.0
611.2997726922146	1.9955238882487247	0.0
611.433357543093	1.9954808409283549	0.0
611.5669715857263	1.9954377842010294	0.0
611.7006148264925	1.995394718064692	0.0
611.834287271772	1.9953516425172872	0.0
611.9679889279457	1.995308557556759	0.0
612.1017198013992	1.9952654631810494	0.0
612.2354798985161	1.9952223593881016	0.0
612.3692692256813	1.995179246175857	0.0
612.5030877892847	1.9951361235422578	0.0
612.6369355957141	1.9950929914852449	0.0
612.77081265136	1.9950498500027591	0.0
612.9047189626124	1.995006699092741	0.0
613.0386545358672	1.9949635387531304	0.0
613.1726193775177	1.9949203689818655	0.0
613.3066134939583	1.9948771897768873	0.0
613.4406368915891	1.9948340011361327	0.0
613.5746895768073	1.9947908030575403	0.0
613.7087715560131	1.9947475955390477	0.0
613.8428828356068	1.994704378578592	0.0
613.9770234219937	1.9946611521741096	0.0
614.1111933215769	1.9946179163235371	0.0
614.2453925407609	1.9945746710248107	0.0
614.3796210859551	1.9945314162758647	0.0
614.5138789635671	1.9944881520746345	0.0
614.6481661800063	1.9944448784190543	0.0
614.7824827416832	1.994401595307059	0.0
614.9168286550128	1.9943583027365808	0.0
615.051203926408	1.9943150007055532	0.0
615.1856085622827	1.9942716892119101	0.0
615.3200425690569	1.9942283682535817	0.0
615.4545059531472	1.9941850378285009	0.0
615.5889987209736	1.9941416979345985	0.0
615.7235208789557	1.994098348569806	0.0
615.8580724335186	1.994054989732053	0.0
615.9926533910851	1.9940116214192694	0.0
616.127263758079	1.9939682436293853	0.0
616.2619035409299	1.9939248563603291	0.0
616.3965727460644	1.99388145961003	0.0
616.5312713799119	1.9938380533764153	0.0
616.6659994489025	1.9937946376574134	0.0
616.8007569594708	1.9937512124509509	0.0
616.9355439180493	1.9937077777549548	0.0
617.0703603310719	1.9936643335673518	0.0
617.2052062049777	1.993620879886067	0.0
617.3400815462032	1.993577416709026	0.0
617.4749863611883	1.993533944034154	0.0
617.609920656372	1.9934904618593756	0.0
617.7448844381993	1.993446970182614	0.0
617.8798777131124	1.9934034690017937	0.0
618.014900487555	1.9933599583148376	0.0
618.1499527679763	1.9933164381196677	0.0
618.2850345608225	1.993272908414207	0.0
618.4201458725431	1.993229369196377	0.0
618.5552867095873	1.9931858204640989	0.0
618.6904570784098	1.9931422622152934	0.0
618.825656985463	1.9930986944478812	0.0
618.9608864371999	1.9930551171597828	0.0
619.0961454400798	1.9930115303489162	0.0
619.2314340005589	1.9929679340132012	0.0
619.3667521250967	1.9929243281505569	0.0
619.5020998201519	1.992880712758901	0.0
619.6374770921891	1.9928370878361508	0.0
619.7728839476707	1.9927934533802238	0.0
619.9083203930599	1.9927498093890372	0.0
620.0437864348253	1.9927061558605066	0.0
620.1792820794335	1.9926624927925478	0.0
620.3148073333533	1.9926188201830766	0.0
620.4503622030539	1.9925751380300083	0.0
620.5859466950097	1.9925314463312567	0.0
620.7215608156926	1.9924877450847354	0.0
620.8572045715758	1.9924440342883596	0.0
620.9928779691382	1.9924003139400408	0.0
621.1285810148559	1.9923565840376922	0.0
621.2643137152077	1.9923128445792262	0.0
621.4000760766727	1.9922690955625548	0.0
621.5358681057352	1.9922253369855885	0.0
621.671689808877	1.9921815688462383	0.0
621.8075411925814	1.9921377911424152	0.0
621.9434222633371	1.9920940038720287	0.0
622.0793330276299	1.9920502070329877	0.0
622.2152734919488	1.992006400623202	0.0
622.3512436627827	1.9919625846405804	0.0
622.4872435466258	1.9919187590830298	0.0
622.6232731499699	1.9918749239484588	0.0
622.7593324793082	1.9918310792347744	0.0
622.8954215411393	1.9917872249398831	0.0
623.0315403419589	1.9917433610616908	0.0
623.167688888266	1.9916994875981042	0.0
623.3038671865595	1.9916556045470286	0.0
623.4400752433434	1.9916117119063679	0.0
623.5763130651195	1.9915678096740272	0.0
623.7125806583908	1.9915238978479108	0.0
623.848878029666	1.9914799764259212	0.0
623.9852051854508	1.9914360454059623	0.0
624.121562132254	1.9913921047859362	0.0
624.2579488765845	1.9913481545637457	0.0
624.3943654249562	1.991304194737292	0.0
624.530811783881	1.991260225304476	0.0
624.6672879598718	1.9912162462631993	0.0
624.8037939594471	1.9911722576113615	0.0
624.940329789123	1.9911282593468624	0.0
625.0768954554178	1.9910842514676022	0.0
625.2134909648504	1.9910402339714792	0.0
625.3501163239449	1.9909962068563916	0.0
625.486771539223	1.990952170120238	0.0
625.6234566172079	1.9909081237609156	0.0
625.7601715644275	1.9908640677763216	0.0
625.8969163874082	1.9908200021643527	0.0
626.0336910926782	1.9907759269229048	0.0
626.1704956867667	1.9907318420498745	0.0
626.3073301762073	1.9906877475431557	0.0
626.4441945675319	1.990643643400644	0.0
626.5810888672737	1.990599529620234	0.0
626.7180130819708	1.9905554061998183	0.0
626.8549672181589	1.9905112731372916	0.0
626.9919512823772	1.9904671304305463	0.0
627.1289652811639	1.9904229780774751	0.0
627.2660092210634	1.99037881607597	0.0
627.4030831086172	1.990334644423922	0.0
627.5401869503685	1.9902931514405307	0.0
627.6773207528653	1.9902581340988692	0.0
627.8144845226539	1.9902231091050109	0.0
627.9516782662826	1.9901880764572828	0.0
628.0889019903003	1.9901530361540134	0.0
628.2261557012612	1.990117988193529	0.0
628.3634394057168	1.9900829325741562	0.0
628.5007531102202	1.9900478692942223	0.0
628.6380968213299	1.9900127983520517	0.0
628.7754705456015	1.9899777197459714	0.0
628.9128742895939	1.9899426334743058	0.0
629.050308059866	1.9899075395353805	0.0
629.1877718629815	1.9898724379275192	0.0
629.3252657055025	1.9898373286490465	0.0
629.4627895939918	1.9898022116982863	0.0
629.600343535018	1.9897670870735615	0.0
629.7379275351469	1.9897319547731955	0.0
629.8755416009474	1.989696814795511	0.0
630.0131857389881	1.9896616671388303	0.0
630.1508599558433	1.989626511801475	0.0
630.2885642580848	1.9895913487817674	0.0
630.4262986522854	1.989556178078028	0.0
630.564063145024	1.9895209996885779	0.0
630.7018577428762	1.9894858136117375	0.0
630.8396824524209	1.9894506198458268	0.0
630.9775372802371	1.989415418389166	0.0
631.115422232909	1.9893802092400739	0.0
631.2533373170185	1.9893449923968698	0.0
631.3912825391483	1.9893097678578728	0.0
631.5292579058873	1.9892745356214003	0.0
631.6672634238217	1.9892392956857703	0.0
631.80529909954	1.9892040480493007	0.0
631.9433649396314	1.989168792710309	0.0
632.08146095069	1.9891335296671115	0.0
632.2195871393078	1.9890982589180244	0.0
632.357743512078	1.9890629804613646	0.0
632.4959300755993	1.989027694295447	0.0
632.6341468364677	1.988992400418587	0.0
632.7723938012823	1.9889570988290999	0.0
632.9106709766421	1.9889217895253002	0.0
633.0489783691513	1.988886472505502	0.0
633.187315985412	1.9888511477680193	0.0
633.325683832029	1.9888158153111655	0.0
633.4640819156068	1.9887804751332536	0.0
633.6025102427558	1.9887451272325967	0.0
633.7409688200836	1.9887097716075068	0.0
633.8794576541993	1.9886744082562964	0.0
634.0179767517175	1.9886390371772766	0.0
634.1565261192502	1.9886036583687585	0.0
634.2951057634122	1.9885682718290538	0.0
634.4337156908185	1.988532877556473	0.0
634.5723559080892	1.9884974755493252	0.0
634.7110264218422	1.988462065805921	0.0
634.8497272386969	1.98842664832457	0.0
634.9884583652777	1.988391223103581	0.0
635.1272198082067	1.9883557901412625	0.0
635.2660115741093	1.9883203494359227	0.0
635.40483366961	1.9882849009858705	0.0
635.5436861013394	1.9882494447894121	0.0
635.6825688759255	1.9882139808448558	0.0
635.8214819999977	1.9881785091505082	0.0
635.9604254801908	1.9881430297046754	0.0
636.0993993231369	1.9881075425056638	0.0
636.2384035354713	1.9880720475517788	0.0
636.3774381238288	1.9880365448413269	0.0
636.5165030948506	1.988001034372611	0.0
636.6555984551742	1.9879655161439378	0.0
636.7947242114393	1.9879299901536105	0.0
636.933880370291	1.9878944563999328	0.0
637.0730669383717	1.9878589148812087	0.0
637.2122839223264	1.9878233655957414	0.0
637.3515313288004	1.9877878085418332	0.0
637.490809164445	1.9877522437177872	0.0
637.6301174359078	1.9877166711219045	0.0
637.7694561498388	1.9876810907524876	0.0
637.908825312893	1.987645502607837	0.0
638.0482249317232	1.9876099066862543	0.0
638.1876550129846	1.9875743029860393	0.0
638.3271155633327	1.9875386915054931	0.0
638.4666065894285	1.987503072242915	0.0
638.6061280979304	1.9874674451966046	0.0
638.7456800954984	1.9874318103648607	0.0
638.8852625887976	1.987396167745982	0.0
639.0248755844908	1.9873605173382667	0.0
639.1645190892436	1.9873248591400126	0.0
639.3041931097217	1.9872891931495182	0.0
639.4438976525964	1.98725351936508	0.0
639.583632724536	1.987217837784995	0.0
639.7233983322109	1.9871821484075598	0.0
639.8631944822962	1.9871464512310697	0.0
640.0030211814651	1.9871107462538207	0.0
640.1428784363935	1.987075033474109	0.0
640.2827662537572	1.9870393128902286	0.0
640.4226846402374	1.9870035845004745	0.0
640.5626336025131	1.9869678483031405	0.0
640.7026131472644	1.9869321042965213	0.0
640.8426232811772	1.9868963524789098	0.0
640.9826640109346	1.9868605928485987	0.0
641.1227353432226	1.9868248254038814	0.0
641.2628372847273	1.98678905014305	0.0
641.4029698421404	1.9867532670643966	0.0
641.5431330221508	1.9867174761662123	0.0
641.6833268314489	1.9866816774467895	0.0
641.8235512767309	1.9866458709044177	0.0
641.96380636469	1.9866100565373876	0.0
642.1040921020227	1.9865742343439905	0.0
642.244408495425	1.986538404322515	0.0
642.3847555515989	1.9865025664712506	0.0
642.5251332772439	1.9864667207884863	0.0
642.6655416790602	1.9864308672725113	0.0
642.8059807637545	1.9863950059216129	0.0
642.9464505380301	1.9863591367340798	0.0
643.0869510085939	1.986323259708199	0.0
643.2274821821522	1.986287374842258	0.0
643.368044065417	1.9862514821345432	0.0
643.508636665098	1.9862155815833407	0.0
643.6492599879064	1.986179673186938	0.0
643.7899140405581	1.9861437569436187	0.0
643.9305988297675	1.986107832851669	0.0
644.0713143622511	1.9860719009093737	0.0
644.2120606447261	1.9860359611150176	0.0
644.3528376839143	1.9860000134668847	0.0
644.493645486536	1.9859640579632583	0.0
644.6344840593122	1.9859280946024223	0.0
644.7753534089697	1.985892123382659	0.0
644.9162535422329	1.9858561443022515	0.0
645.0571844658285	1.9858201573594823	0.0
645.1981461864838	1.9857841625526333	0.0
645.3391387109315	1.985748159879985	0.0
645.4801620459016	1.9857121493398195	0.0
645.6212161981257	1.9856761309304174	0.0
645.7623011743407	1.9856401046500585	0.0
645.9034169812813	1.9856040704970237	0.0
646.0445636256849	1.9855680284695914	0.0
646.1857411142887	1.9855319785660424	0.0
646.3269494538356	1.9854959207846543	0.0
646.4681886510663	1.9854598551237062	0.0
646.6094587127224	1.9854237815814764	0.0
646.7507596455512	1.9853877001562417	0.0
646.8920914562979	1.9853516108462799	0.0
647.0334541517096	1.9853155136498681	0.0
647.1748477385346	1.9852794085652834	0.0
647.3162722235259	1.9852432955908013	0.0
647.457727613434	1.9852071747246978	0.0
647.5992139150114	1.9851710459652485	0.0
647.7407311350156	1.9851349093107284	0.0
647.8822792802018	1.9850987647594125	0.0
648.0238583573281	1.9850626123095745	0.0
648.1654683731523	1.9850264519594896	0.0
648.3071093344382	1.9849902837074302	0.0
648.4487812479468	1.9849541075516695	0.0
648.5904841204407	1.9849179234904815	0.0
648.7322179586877	1.9848817315221372	0.0
648.8739827694534	1.9848455316449098	0.0
649.0157785595061	1.9848093238570703	0.0
649.1576053356143	1.9847731081568907	0.0
649.2994631045519	1.9847368845426412	0.0
649.4413518730903	1.9847006530125928	0.0
649.5832716480023	1.984664413565016	0.0
649.7252224360664	1.98462816619818	0.0
649.8672042440583	1.9845919109103543	0.0
650.0092170787567	1.9845556476998083	0.0
650.1512609469404	1.9845193765648106	0.0
650.2933358553938	1.9844830975036292	0.0
650.4354418108986	1.9844468105145323	0.0
650.577578820238	1.9844105155957878	0.0
650.7197468902009	1.9843742127456618	0.0
650.8619460275733	1.984337901962422	0.0
651.0041762391443	1.9843015832443343	0.0
651.1464375317031	1.9842652565896657	0.0
651.2887299120446	1.9842289219966807	0.0
651.4310533869605	1.9841925794636448	0.0
651.5734079632462	1.984156228988823	0.0
651.7157936476964	1.9841198705704808	0.0
651.858210447112	1.9840835042068807	0.0
652.0006583682912	1.9840471298962872	0.0
652.1431374180332	1.984010747636964	0.0
652.2856476031435	1.9839743574271735	0.0
652.4281889304243	1.9839379592651785	0.0
652.5707614066812	1.9839015531492414	0.0
652.7133650387194	1.9838651390776243	0.0
652.8559998333503	1.9838287170485882	0.0
652.9986657973823	1.9837922870603946	0.0
653.1413629376253	1.9837558491113034	0.0
653.2840912608948	1.983719403199576	0.0
653.4268507740037	1.9836829493234716	0.0
653.5696414837679	1.9836464874812503	0.0
653.7124633970033	1.9836100176711708	0.0
653.8553165205313	1.9835735398914922	0.0
653.998200861171	1.9835370541404729	0.0
654.1411164257426	1.9835005604163713	0.0
654.2840632210721	1.9834640587174444	0.0
654.4270412539828	1.9834275490419495	0.0
654.570050531301	1.9833910313881444	0.0
654.7130910598531	1.983354505754285	0.0
654.8561628464711	1.9833179721386274	0.0
654.9992658979842	1.9832814305394273	0.0
655.1424002212232	1.9832448809549406	0.0
655.2855658230245	1.9832083233834217	0.0
655.428762710222	1.9831717578231258	0.0
655.5719908896523	1.9831351842723064	0.0
655.7152503681524	1.9830986027292183	0.0
655.8585411525644	1.9830620131921144	0.0
656.0018632497282	1.983025415659248	0.0
656.1452166664852	1.9829888101288717	0.0
656.288601409682	1.9829521965992374	0.0
656.4320174861632	1.9829155750685976	0.0
656.5754649027758	1.982878945535204	0.0
656.718943666367	1.9828423079973079	0.0
656.8624537837896	1.9828056624531594	0.0
657.0059952618941	1.982769008901009	0.0
657.1495681075321	1.982732347339108	0.0
657.2931723275609	1.9826956777657045	0.0
657.4368079288354	1.9826590001790485	0.0
657.5804749182132	1.9826223145773887	0.0
657.7241733025519	1.9825856209589738	0.0
657.8679030887149	1.9825489193220516	0.0
658.011664283563	1.9825122096648702	0.0
658.1554568939586	1.9824754919856773	0.0
658.2992809267691	1.982438766282719	0.0
658.4431363888602	1.9824020325542422	0.0
658.5870232870999	1.9823652907984934	0.0
658.7309416283562	1.9823285410137186	0.0
658.8748914195032	1.9822917831981626	0.0
659.0188726674121	1.9822550173500706	0.0
659.1628853789556	1.982218243467688	0.0
659.3069295610121	1.9821814615492586	0.0
659.4510052204573	1.9821446715930255	0.0
659.59511236417	1.9821078735972335	0.0
659.7392509990285	1.9820710675601259	0.0
659.8834211319178	1.9820342534799438	0.0
660.0276227697192	1.9819974313549311	0.0
660.1718559193163	1.9819606011833295	0.0
660.3161205875977	1.9819237629633804	0.0
660.4604167814498	1.9818869166933246	0.0
660.6047445077617	1.9818500623714035	0.0
660.7491037734227	1.981813199995858	0.0
660.893494585328	1.9817763295649273	0.0
661.0379169503694	1.9817394510768511	0.0
661.1823708754409	1.9817025645298696	0.0
661.3268563674421	1.9816656699222208	0.0
661.4713734332698	1.9816287672521435	0.0
661.6159220798236	1.981591856517876	0.0
661.7605023140032	1.9815549377176562	0.0
661.9051141427142	1.9815180108497212	0.0
662.0497575728596	1.9814810759123076	0.0
662.1944326113435	1.9814441329036532	0.0
662.339139265076	1.9814071818219932	0.0
662.4838775409645	1.9813702226655636	0.0
662.6286474459192	1.9813332554326002	0.0
662.7734489868507	1.9812962801213378	0.0
662.9182821706746	1.981259296730011	0.0
663.0631470043047	1.9812253784986074	0.0
663.2080434946558	1.981195430771929	0.0
663.3529716486485	1.9811654765008957	0.0
663.4979314732008	1.981135515684077	0.0
663.6429229752333	1.9811055483200433	0.0
663.7879461616673	1.9810755744073636	0.0
663.9330010394291	1.9810455939446068	0.0
664.078087615443	1.981015606930341	0.0
664.2232058966342	1.980985613363136	0.0
664.3683558899342	1.980955613241558	0.0
664.5135376022713	1.9809256065641758	0.0
664.6587510405769	1.9808955933295567	0.0
664.8039962117828	1.9808655735362677	0.0
664.9492731228261	1.9808355471828751	0.0
665.0945817806413	1.980805514267946	0.0
665.2399221921646	1.9807754747900463	0.0
665.3852943643378	1.9807454287477415	0.0
665.5306983040999	1.9807153761395977	0.0
665.6761340183932	1.9806853169641792	0.0
665.8216015141597	1.9806552512200521	0.0
665.9671007983474	1.98062517890578	0.0
666.1126318779011	1.9805951000199278	0.0
666.258194759768	1.9805650145610592	0.0
666.4037894509003	1.9805349225277369	0.0
666.5494159582477	1.980504823918526	0.0
666.695074288763	1.9804747187319878	0.0
666.8407644493989	1.9804446069666863	0.0
666.9864864471139	1.980414488621183	0.0
667.132240288864	1.9803843636940404	0.0
667.2780259816062	1.9803542321838203	0.0
667.423843532304	1.9803240940890834	0.0
667.5696929479174	1.9802939494083918	0.0
667.71557423541	1.9802637981403053	0.0
667.861487401745	1.9802336402833856	0.0
668.0074324538917	1.9802034758361917	0.0
668.1534093988165	1.980173304797284	0.0
668.2994182434876	1.9801431271652223	0.0
668.4454589948784	1.9801129429385653	0.0
668.5915316599602	1.9800827521158721	0.0
668.7376362457068	1.9800525546957013	0.0
668.8837727590925	1.9800223506766115	0.0
669.0299412070968	1.9799921400571603	0.0
669.1761415966972	1.9799619228359049	0.0
669.3223739348721	1.9799316990114035	0.0
669.468638228606	1.979901468582213	0.0
669.6149344848806	1.9798712315468894	0.0
669.7612627106805	1.9798409879039895	0.0
669.9076229129906	1.9798107376520702	0.0
670.0540150988013	1.9797804807896857	0.0
670.2004392751004	1.9797502173153925	0.0
670.3468954488773	1.9797199472277458	0.0
670.4933836271271	1.9796896705252998	0.0
670.6399038168421	1.9796593872066088	0.0
670.7864560250179	1.979629097270228	0.0
670.9330402586496	1.9795988007147107	0.0
671.0796565247387	1.97956849753861	0.0
671.2263048302834	1.97953818774048	0.0
671.3729851822841	1.9795078713188732	0.0
671.5196975877464	1.9794775482723423	0.0
671.6664420536734	1.979447218599439	0.0
671.8132185870712	1.979416882298716	0.0
671.960027194946	1.9793865393687249	0.0
672.1068678843095	1.9793561898080165	0.0
672.2537406621713	1.979325833615142	0.0
672.4006455355418	1.979295470788653	0.0
672.5475825114377	1.9792651013270983	0.0
672.6945515968729	1.9792347252290292	0.0
672.8415527988639	1.979204342492995	0.0
672.9885861244279	1.9791739531175452	0.0
673.1356515805874	1.9791435571012288	0.0
673.2827491743623	1.9791131544425948	0.0
673.4298789127741	1.9790827451401918	0.0
673.5770408028502	1.9790523291925672	0.0
673.7242348516152	1.9790219065982697	0.0
673.8714610660963	1.9789914773558461	0.0
674.0187194533215	1.9789610414638446	0.0
674.1660100203239	1.9789305989208112	0.0
674.3133327741342	1.978900149725293	0.0
674.460687721785	1.9788696938758359	0.0
674.608074870314	1.9788392313709862	0.0
674.7554942267566	1.978808762209289	0.0
674.902945798151	1.97877828638929	0.0
675.0504295915357	1.9787478039095345	0.0
675.1979456139547	1.9787173147685664	0.0
675.3454938724498	1.9786868189649303	0.0
675.4930743740636	1.9786563164971707	0.0
675.6406871258451	1.9786258073638308	0.0
675.7883321348403	1.9785952915634542	0.0
675.9360094080984	1.978564769094584	0.0
676.0837189526684	1.978534239955763	0.0
676.2314607756053	1.9785037041455333	0.0
676.3792348839614	1.9784731616624376	0.0
676.5270412847905	1.9784426125050176	0.0
676.6748799851518	1.9784120566718144	0.0
676.8227509921028	1.9783814941613689	0.0
676.9706543127029	1.9783509249722226	0.0
677.1185899540121	1.9783203491029164	0.0
677.2665579230961	1.9782897665519892	0.0
677.4145582270183	1.978259177317982	0.0
677.5625908728429	1.9782285813994345	0.0
677.7106558676404	1.978197978794885	0.0
677.8587532184785	1.9781673695028723	0.0
678.0068829324279	1.9781367535219365	0.0
678.155045016559	1.9781061308506145	0.0
678.303239477949	1.978075501487445	0.0
678.4514663236711	1.9780448654309657	0.0
678.5997255608012	1.9780142226797133	0.0
678.74801719642	1.9779835732322253	0.0
678.8963412376064	1.9779529170870385	0.0
679.0446976914418	1.9779222542426889	0.0
679.1930865650078	1.9778915846977128	0.0
679.3415078653916	1.9778609084506455	0.0
679.4899615996778	1.977830225500023	0.0
679.6384477749532	1.9777995358443812	0.0
679.7869663983092	1.9777688394822528	0.0
679.9355174768353	1.9777381364121736	0.0
680.0841010176241	1.9777074266326773	0.0
680.2327170277676	1.9776767101422983	0.0
680.3813655143643	1.977645986939569	0.0
680.5300464845099	1.9776152570230239	0.0
680.6787599453023	1.977584520391195	0.0
680.8275059038407	1.9775537770426155	0.0
680.9762843672294	1.9775230269758166	0.0
681.1250953425699	1.9774922701893307	0.0
681.2739388369657	1.9774615066816903	0.0
681.4228148575259	1.9774307364514252	0.0
681.5717234113567	1.9773999594970668	0.0
681.7206645055678	1.977369175817146	0.0
681.8696381472683	1.9773383854101931	0.0
682.0186443435739	1.977307588274738	0.0
682.1676831015968	1.9772767844093098	0.0
682.3167544284515	1.9772459738124386	0.0
682.4658583312579	1.9772151564826532	0.0
682.6149948171332	1.9771843324184817	0.0
682.7641638931975	1.9771535016184532	0.0
682.9133655665715	1.977122664081096	0.0
683.0625998443811	1.9770918198049365	0.0
683.2118667337501	1.977060968788503	0.0
683.3611662418033	1.9770301110303228	0.0
683.5104983756715	1.9769992465289223	0.0
683.6598631424833	1.9769683752828273	0.0
683.8092605493695	1.9769374972905651	0.0
683.9586906034614	1.9769066125506614	0.0
684.108153311896	1.9768757210616408	0.0
684.2576486818081	1.9768448228220286	0.0
684.4071767203333	1.97681391783035	0.0
684.5567374346134	1.9767830060851295	0.0
684.7063308317877	1.976752087584891	0.0
684.855956918998	1.9767211623281586	0.0
685.0056157033868	1.9766902303134561	0.0
685.1553071921019	1.9766592915393058	0.0
685.3050313922886	1.9766283460042313	0.0
685.4547883110938	1.9765973937067551	0.0
685.6045779556705	1.9765664346453993	0.0
685.7544003331683	1.9765354688186856	0.0
685.9042554507404	1.976504496225136	0.0
686.0541433155398	1.9764735168632719	0.0
686.2040639347257	1.9764425307316136	0.0
686.3540173154541	1.976411537828682	0.0
686.5040034648831	1.976380538152998	0.0
686.6540223901761	1.9763495317030806	0.0
686.8040740984942	1.9763185184774499	0.0
686.9541585970013	1.9762874984746253	0.0
687.1042758928614	1.9762564716931261	0.0
687.2544259932446	1.9762254381314701	0.0
687.404608905318	1.9761943977881766	0.0
687.5548246362503	1.9761633506617633	0.0
687.7050731932162	1.9761322967507475	0.0
687.8553545833878	1.9761012360536472	0.0
688.0056688139397	1.9760701685689792	0.0
688.1560158920472	1.9760390942952601	0.0
688.306395824891	1.9760080132310067	0.0
688.4568086196493	1.9759769253747343	0.0
688.607254283502	1.9759458307249602	0.0
688.7577328236347	1.975914729280198	0.0
688.9082442472301	1.9758836210389639	0.0
689.0587885614742	1.9758525059997725	0.0
689.209365773553	1.9758213841611385	0.0
689.3599758906586	1.9757902555215754	0.0
689.5106189199798	1.9757591200795974	0.0
689.6612948687077	1.9757279778337185	0.0
689.8120037440386	1.975696828782451	0.0
689.9627455531667	1.9756656729243083	0.0
690.1135203032885	1.9756345102578021	0.0
690.2643280016014	1.9756033407814464	0.0
690.4151686553081	1.975572164493751	0.0
690.5660422716088	1.9755409813932285	0.0
690.7169488577053	1.9755097914783906	0.0
690.8678884208052	1.975478594747747	0.0
691.0188609681134	1.975447391199809	0.0
691.1698665068377	1.9754161808330863	0.0
691.3209050441862	1.97538496364609	0.0
691.4719765873731	1.9753537396373284	0.0
691.6230811436092	1.9753225088053112	0.0
691.7742187201075	1.9752912711485477	0.0
691.9253893240864	1.9752600266655462	0.0
692.0765929627622	1.9752287753548148	0.0
692.2278296433535	1.9751975172148617	0.0
692.3790993730797	1.9751662522441948	0.0
692.5304021591655	1.975134980441321	0.0
692.6817380088332	1.975103701804747	0.0
692.8331069293067	1.9750724163329803	0.0
692.9845089278157	1.9750411240245267	0.0
693.1359440115871	1.9750098248778925	0.0
693.2874121878508	1.9749785188915827	0.0
693.438913463837	1.974947206064104	0.0
693.5904478467819	1.9749158863939598	0.0
693.7420153439185	1.9748845598796558	0.0
693.8936159624819	1.9748532265196963	0.0
694.0452497097128	1.9748218863125853	0.0
694.1969165928492	1.974790539256826	0.0
694.3486166191321	1.9747591853509223	0.0
694.5003497958029	1.974727824593378	0.0
694.6521161301085	1.974696456982694	0.0
694.8039156292934	1.9746650825173737	0.0
694.9557483006034	1.9746337011959199	0.0
695.1076141512905	1.9746023130168333	0.0
695.2595131886037	1.9745709179786157	0.0
695.4114454197952	1.9745395160797683	0.0
695.5634108521173	1.9745081073187916	0.0
695.7154094928279	1.9744766916941863	0.0
695.867441349183	1.9744452692044525	0.0
696.0195064284393	1.9744138398480902	0.0
696.1716047378598	1.9743824036235982	0.0
696.3237362847045	1.9743509605294762	0.0
696.475901076237	1.9743195105642224	0.0
696.6280991197206	1.9742880537263365	0.0
696.7803304224244	1.9742565900143152	0.0
696.9325949916151	1.9742251194266571	0.0
697.084892834561	1.97419364196186	0.0
697.2372239585358	1.97416215761842	0.0
697.389588370811	1.9741306663948353	0.0
697.541986078661	1.9740991682896012	0.0
697.6944170893604	1.9740676633012149	0.0
697.8468814101894	1.9740361514281712	0.0
697.9993790484258	1.9740046326689662	0.0
698.151910011349	1.9739731070220956	0.0
698.304474306244	1.9739415744860531	0.0
698.4570719403931	1.9739100350593342	0.0
698.6097029210822	1.9738824831831094	0.0
698.7623672555967	1.973856488700652	0.0
698.9150649512281	1.973830488537726	0.0
699.0677960152656	1.9738044826930903	0.0
699.2205604550005	1.973778471165503	0.0
699.3733582777253	1.9737524539537228	0.0
699.5261894907377	1.9737264310565072	0.0
699.6790541013329	1.9737004024726132	0.0
699.8319521168078	1.9736743682007993	0.0
699.984883544465	1.973648328239822	0.0
700.1378483916045	1.9736222825884377	0.0
700.2908466655294	1.9735962312454034	0.0
700.4438783735429	1.9735701742094753	0.0
700.596943522954	1.973544111479409	0.0
700.7500421210691	1.9735180430539603	0.0
700.9031741751962	1.9734919689318853	0.0
701.0563396926492	1.9734658891119379	0.0
701.2095386807392	1.973439803592874	0.0
701.3627711467805	1.9734137123734472	0.0
701.5160370980873	1.973387615452413	0.0
701.6693365419799	1.9733615128285251	0.0
701.822669485776	1.9733354045005365	0.0
701.9760359367947	1.9733092904672016	0.0
702.1294359023611	1.9732831707272729	0.0
702.2828693897975	1.973257045279504	0.0
702.4363364064293	1.9732309141226472	0.0
702.5898369595822	1.9732047772554553	0.0
702.7433710565873	1.9731786346766804	0.0
702.8969387047739	1.9731524863850738	0.0
703.050539911472	1.9731263323793877	0.0
703.2041746840179	1.9731001726583732	0.0
703.3578430297453	1.9730740072207809	0.0
703.5115449559905	1.9730478360653625	0.0
703.6652804700909	1.9730216591908678	0.0
703.8190495793887	1.9729954765960476	0.0
703.9728522912238	1.9729692882796512	0.0
704.1266886129381	1.9729430942404291	0.0
704.280558551879	1.9729168944771298	0.0
704.4344621153915	1.972890688988503	0.0
704.588399310823	1.9728644777732973	0.0
704.7423701455218	1.9728382608302617	0.0
704.8963746268417	1.9728120381581442	0.0
705.050412762134	1.9727858097556927	0.0
705.2044845587517	1.9727595756216556	0.0
705.3585900240532	1.9727333357547796	0.0
705.5127291653947	1.9727070901538122	0.0
705.6669019901353	1.9726808388175006	0.0
705.8211085056344	1.9726545817445915	0.0
705.9753487192568	1.9726283189338312	0.0
706.1296226383654	1.9726020503839654	0.0
706.2839302703239	1.9725757760937406	0.0
706.4382716225027	1.972549496061902	0.0
706.5926467022689	1.972523210287195	0.0
706.7470555169928	1.972496918768365	0.0
706.901498074045	1.9724706215041563	0.0
707.0559743808018	1.9724443184933134	0.0
707.2104844446372	1.9724180097345803	0.0
707.3650282729265	1.9723916952267018	0.0
707.5196058730508	1.9723653749684207	0.0
707.6742172523889	1.9723390489584807	0.0
707.8288624183224	1.9723127171956247	0.0
707.9835413782329	1.9722863796785963	0.0
708.1382541395084	1.9722600364061371	0.0
708.2930007095338	1.9722336873769897	0.0
708.4477810956956	1.972207332589897	0.0
708.6025953053868	1.9721809720435992	0.0
708.757443345997	1.9721546057368387	0.0
708.9123252249191	1.9721282336683563	0.0
709.0672409495462	1.9721018558368937	0.0
709.2221905272776	1.9720754722411906	0.0
709.3771739655093	1.972049082879988	0.0
709.5321912716395	1.9720226877520253	0.0
709.6872424530719	1.9719962868560428	0.0
709.8423275172079	1.9719698801907803	0.0
709.9974464714517	1.9719434677549763	0.0
710.1525993232076	1.9719170495473708	0.0
710.3077860798861	1.9718906255667017	0.0
710.4630067488948	1.9718641958117074	0.0
710.6182613376429	1.9718377602811266	0.0
710.7735498535459	1.9718113189736968	0.0
710.9288723040161	1.9717848718881554	0.0
711.084228696469	1.9717584190232404	0.0
711.2396190383206	1.971731960377689	0.0
711.3950433369923	1.971705495950237	0.0
711.5505015999036	1.971679025739621	0.0
711.7059938344745	1.9716525497445785	0.0
711.8615200481322	1.9716260679638438	0.0
712.0170802483001	1.9715995803961537	0.0
712.1726744424053	1.9715730870402433	0.0
712.3283026378749	1.9715465878948477	0.0
712.483964842142	1.9715200829587014	0.0
712.639661062637	1.9714935722305396	0.0
712.7953913067918	1.9714670557090963	0.0
712.9511555820443	1.971440533393105	0.0
713.1069538958297	1.9714140052813005	0.0
713.2627862555865	1.9713874713724158	0.0
713.4186526687531	1.971360931665184	0.0
713.5745531427739	1.9713343861583377	0.0
713.7304876850907	1.97130783485061	0.0
713.8864563031468	1.9712812777407334	0.0
714.0424590043915	1.971254714827439	0.0
714.1984957962715	1.9712281461094596	0.0
714.3545666862364	1.9712015715855264	0.0
714.5106716817361	1.971174991254371	0.0
714.6668107902265	1.971148405114724	0.0
714.8229840191606	1.9711218131653152	0.0
714.9791913759933	1.9710952154048773	0.0
715.1354328681851	1.971068611832138	0.0
715.2917085031945	1.9710420024458286	0.0
715.448018288482	1.9710153872446787	0.0
715.6043622315093	1.9709887662274168	0.0
715.7607403397433	1.9709621393927725	0.0
715.9171526206488	1.9709355067394743	0.0
716.0735990816919	1.9709088682662512	0.0
716.2300797303448	1.9708822239718304	0.0
716.3865945740766	1.9708555738549407	0.0
716.5431436203603	1.9708289179143095	0.0
716.6997268766684	1.9708022561486644	0.0
716.8563443504794	1.9707755885567315	0.0
717.0129960492694	1.9707489151372388	0.0
717.1696819805161	1.9707222358889123	0.0
717.3264021517028	1.9706955508104778	0.0
717.4831565703107	1.9706688599006619	0.0
717.6399452438235	1.9706421631581903	0.0
717.7967681797255	1.9706154605817883	0.0
717.9536253855067	1.970588752170181	0.0
718.1105168686546	1.9705620379220927	0.0
718.2674426366582	1.9705353178362492	0.0
718.4244026970124	1.970508591911374	0.0
718.5813970572098	1.970481860146191	0.0
718.7384257247455	1.9704551225394242	0.0
718.8954887071153	1.9704283790897974	0.0
719.0525860118208	1.970401629796033	0.0
719.2097176463608	1.9703748746568543	0.0
719.3668836182356	1.9703481136709844	0.0
719.5240839349522	1.9703213468371445	0.0
719.681318604014	1.9702945741540578	0.0
719.8385876329279	1.9702677956204457	0.0
719.995891029201	1.9702410112350295	0.0
720.1532288003465	1.9702142209965308	0.0
720.3106009538745	1.9701874249036702	0.0
720.4680074972972	1.9701606229551687	0.0
720.6254484381326	1.970133815149746	0.0
720.7829237838957	1.970107001486123	0.0
720.9404335421053	1.970080181963019	0.0
721.0979777202796	1.9700533565791543	0.0
721.2555563259434	1.9700265253332474	0.0
721.4131693666183	1.9699996882240172	0.0
721.5708168498279	1.9699728452501835	0.0
721.7284987831019	1.9699459964104635	0.0
721.8862151739668	1.969919141703576	0.0
722.0439660299526	1.9698922811282387	0.0
722.2017513585893	1.9698654146831691	0.0
722.3595711674129	1.9698385423670848	0.0
722.5174254639571	1.9698116641787025	0.0
722.6753142557566	1.9697847801167392	0.0
722.8332375503525	1.969757890179911	0.0
722.991195355283	1.9697309943669348	0.0
723.1491876780897	1.9697040926765257	0.0
723.3072145263142	1.9696771851074002	0.0
723.4652759075037	1.9696502716582727	0.0
723.6233718292036	1.969623352327859	0.0
723.7815022989604	1.9695964271148734	0.0
723.9396673243264	1.969569496018031	0.0
724.0978669128514	1.9695425590360451	0.0
724.2561010720887	1.9695156161676306	0.0
724.414369809591	1.9694886674115004	0.0
724.5726731329178	1.969461712766368	0.0
724.7310110496254	1.9694347522309474	0.0
724.889383567272	1.9694077858039507	0.0
725.0477906934216	1.9693808134840902	0.0
725.2062324356357	1.9693538352700783	0.0
725.3647088014787	1.9693268511606272	0.0
725.5232197985154	1.969299861154449	0.0
725.6817654343164	1.969272865250254	0.0
725.8403457164499	1.969245863446754	0.0
725.9989606524853	1.9692188557426602	0.0
726.1576102499985	1.9691918421366825	0.0
726.3162945165625	1.9691648226275311	0.0
726.4750134597532	1.9691377972139168	0.0
726.6337670871471	1.969110765894549	0.0
726.7925554063263	1.9690837286681369	0.0
726.9513784248707	1.9690566855333898	0.0
727.1102361503612	1.9690296364890165	0.0
727.2691285903852	1.9690025815337253	0.0
727.4280557525274	1.9689755206662252	0.0
727.5870176443754	1.9689484538852238	0.0
727.746014273517	1.9689213811894288	0.0
727.9050456475462	1.9688943025775483	0.0
728.0641117740541	1.9688672180482885	0.0
728.223212660634	1.968840127600357	0.0
728.3823483148841	1.96881303123246	0.0
728.5415187444011	1.9687859289433038	0.0
728.7007239567839	1.9687588207315951	0.0
728.8599639596325	1.9687317065960395	0.0
729.019238760552	1.9687045865353419	0.0
729.1785483671454	1.9686774605482076	0.0
729.3378927870172	1.968650328633342	0.0
729.4972720277777	1.9686231907894496	0.0
729.6566860970352	1.9685960470152344	0.0
729.8161350024001	1.9685688973094007	0.0
729.9756187514838	1.9685417416706525	0.0
730.1351373519034	1.968514580097693	0.0
730.2946908112734	1.9684874125892258	0.0
730.4542791372115	1.968460239143953	0.0
730.6139023373352	1.9684330597605784	0.0
730.7735604192686	1.9684058744378035	0.0
730.9332533906327	1.9683786831743306	0.0
731.0929812590502	1.9683514859688618	0.0
731.2527440321502	1.9683242828200982	0.0
731.4125417175585	1.9682970737267413	0.0
731.5723743229046	1.968269858687492	0.0
731.7322418558178	1.9682426377010511	0.0
731.8921443239337	1.9682154107661187	0.0
732.052081734885	1.968188177881395	0.0
732.2120540963061	1.96816093904558	0.0
732.3720614158376	1.968133694257373	0.0
732.5321037011175	1.9681064435154736	0.0
732.6921809597864	1.96807918681858	0.0
732.8522931994854	1.9680519241653918	0.0
733.012440427862	1.9680246555546068	0.0
733.1726226525604	1.9679973809849234	0.0
733.3328398812268	1.9679701004550394	0.0
733.4930921215137	1.967942813963652	0.0
733.6533793810701	1.9679155215094586	0.0
733.8137016675489	1.9678882230911565	0.0
733.9740589886029	1.9678609187074423	0.0
734.1344513518909	1.9678373565622438	0.0
734.2948787650691	1.9678145126039512	0.0
734.4553412357955	1.967791663653662	0.0
734.6158387717337	1.9677688097102843	0.0
734.7763713805452	1.9677459507727277	0.0
734.9369390698943	1.9677230868399005	0.0
735.0975418474453	1.967700217910711	0.0
735.2581797208691	1.9676773439840676	0.0
735.4188526978334	1.9676544650588779	0.0
735.5795607860077	1.96763158113405	0.0
735.740303993068	1.9676086922084912	0.0
735.901082326687	1.9675857982811085	0.0
736.0618957945406	1.9675628993508092	0.0
736.2227444043053	1.9675399954164998	0.0
736.3836281636634	1.9675170864770868	0.0
736.5445470802945	1.9674941725314767	0.0
736.7055011618799	1.9674712535785754	0.0
736.866490416107	1.9674483296172884	0.0
737.0275148506605	1.9674254006465215	0.0
737.1885744732283	1.96740246666518	0.0
737.3496692914981	1.9673795276721688	0.0
737.5107993131644	1.967356583666393	0.0
737.6719645459183	1.967333634646757	0.0
737.8331649974531	1.9673106806121652	0.0
737.9944006754678	1.9672877215615214	0.0
738.1556715876588	1.96726475749373	0.0
738.3169777417259	1.9672417884076943	0.0
738.4783191453686	1.9672188143023177	0.0
738.6396958062929	1.9671958351765033	0.0
738.8011077322021	1.9671728510291544	0.0
738.9625549308008	1.967149861859173	0.0
739.1240374098003	1.9671268676654619	0.0
739.2855551769084	1.967103868446923	0.0
739.4471082398367	1.967080864202459	0.0
739.6086966062966	1.9670578549309712	0.0
739.7703202840062	1.9670348406313605	0.0
739.9319792806799	1.9670118213025285	0.0
740.0936736040347	1.9669887969433768	0.0
740.2554032617932	1.9669657675528054	0.0
740.4171682616754	1.966942733129715	0.0
740.5789686114047	1.9669196936730056	0.0
740.7408043187041	1.966896649181578	0.0
740.9026753913034	1.9668735996543312	0.0
741.0645818369293	1.966850545090165	0.0
741.2265236633102	1.9668274854879788	0.0
741.3885008781806	1.966804420846672	0.0
741.5505134892725	1.9667813511651424	0.0
741.7125615043207	1.9667582764422895	0.0
741.8746449310604	1.9667351966770115	0.0
742.0367637772332	1.966712111868206	0.0
742.1989180505775	1.9666890220147715	0.0
742.3611077588334	1.9666659271156053	0.0
742.5233329097476	1.9666428271696046	0.0
742.6855935110638	1.9666197221756667	0.0
742.8478895705285	1.9665966121326888	0.0
743.0102210958889	1.9665734970395674	0.0
743.1725880948983	1.9665503768951984	0.0
743.3349905753071	1.9665272516984784	0.0
743.4974285448673	1.9665041214483034	0.0
743.6599020113372	1.9664809861435693	0.0
743.8224109824723	1.9664578457831707	0.0
743.9849554660315	1.9664347003660034	0.0
744.1475354697733	1.966411549890963	0.0
744.3101510014632	1.966388394356943	0.0
744.4728020688631	1.9663652337628381	0.0
744.6354886797371	1.9663420681075434	0.0
744.7982108418557	1.966318897389952	0.0
744.9609685629857	1.966295721608958	0.0
745.1237618508982	1.966272540763455	0.0
745.2865907133636	1.9662493548523365	0.0
745.449455158159	1.966226163874495	0.0
745.6123551930584	1.9662029678288233	0.0
745.775290825838	1.9661797667142147	0.0
745.9382620642796	1.9661565605295603	0.0
746.1012689161624	1.9661333492737532	0.0
746.2643113892691	1.9661101329456847	0.0
746.4273894913822	1.966086911544247	0.0
746.5905032302908	1.9660636850683306	0.0
746.7536526137806	1.9660404535168268	0.0
746.9168376496394	1.966017216888627	0.0
747.0800583456614	1.9659939751826214	0.0
747.2433147096377	1.9659707283977	0.0
747.4066067493627	1.9659474765327534	0.0
747.5699344726308	1.9659242195866717	0.0
747.7332978872431	1.9659009575583442	0.0
747.8966970009973	1.9658776904466602	0.0
748.0601318216931	1.965854418250509	0.0
748.2236023571364	1.9658311409687799	0.0
748.3871086151305	1.9658078586003604	0.0
748.5506506034816	1.9657845711441402	0.0
748.7142283299961	1.965761278599007	0.0
748.8778418024867	1.9657379809638487	0.0
749.0414910287635	1.965714678237553	0.0
749.205176016638	1.9656913704190075	0.0
749.3688967739282	1.965668057507099	0.0
749.532653308449	1.965644739500715	0.0
749.6964456280186	1.9656214163987418	0.0
749.8602737404556	1.9655980882000663	0.0
750.0241376535845	1.9655747549035745	0.0
750.1880373752274	1.9655514165081522	0.0
750.3519729132078	1.9655280730126856	0.0
750.5159442753553	1.9655047244160597	0.0
750.6799514694972	1.9654813707171601	0.0
750.8439945034637	1.9654580119148717	0.0
751.0080733850849	1.9654346480080798	0.0
751.1721881221979	1.965411278995668	0.0
751.3363387226362	1.965387904876521	0.0
751.5005251942371	1.9653645256495227	0.0
751.6647475448377	1.9653411413135577	0.0
751.8290057822817	1.9653177518675085	0.0
751.9932999144095	1.9652943573102593	0.0
752.1576299490637	1.9652709576406924	0.0
752.321995894093	1.965247552857691	0.0
752.4863977573432	1.9652241429601376	0.0
752.6508355466633	1.9652007279469146	0.0
752.8153092699025	1.9651773078169044	0.0
752.9798189349166	1.965153882568988	0.0
753.1443645495581	1.9651304522020476	0.0
753.3089461216814	1.9651070167149651	0.0
753.4735636591472	1.9650835761066205	0.0
753.6382171698133	1.9650601303758952	0.0
753.8029066615409	1.9650366795216696	0.0
753.967632142191	1.965013223542825	0.0
754.1323936196314	1.9649897624382402	0.0
754.297191101727	1.964966296206796	0.0
754.4620245963438	1.964942824847372	0.0
754.6268941113548	1.9649193483588467	0.0
754.7917996546297	1.9648958667401004	0.0
754.9567412340417	1.9648723799900112	0.0
755.1217188574641	1.9648488881074582	0.0
755.2867325327765	1.96482539109132	0.0
755.4517822678556	1.9648018889404746	0.0
755.6168680705799	1.9647783816537996	0.0
755.7819899488343	1.9647548692301728	0.0
755.9471479105005	1.9647313516684721	0.0
756.1123419634637	1.9647078289675741	0.0
756.2775721156094	1.9646843011263564	0.0
756.4428383748291	1.9646607681436947	0.0
756.6081407490116	1.9646372300184667	0.0
756.7734792460476	1.9646136867495478	0.0
756.9388538738338	1.964590138335814	0.0
757.1042646402642	1.9645665847761413	0.0
757.269711553236	1.964543026069405	0.0
757.4351946206468	1.964519462214481	0.0
757.6007138504001	1.964495893210243	0.0
757.7662692503969	1.9644723190555669	0.0
757.9318608285399	1.9644487397493267	0.0
758.0974885927378	1.9644251552903964	0.0
758.2631525508968	1.9644015656776506	0.0
758.4288527109263	1.9643779709099625	0.0
758.5945890807357	1.964354370986206	0.0
758.7603616682408	1.9643307659052542	0.0
758.9261704813546	1.9643071556659801	0.0
759.0920155279919	1.9642835402672567	0.0
759.2578968160736	1.9642599197079562	0.0
759.423814353518	1.964236293986951	0.0
759.5897681482463	1.9642126631031134	0.0
759.7557582081804	1.9641890270553146	0.0
759.921784541248	1.9641653858424268	0.0
760.0878471553746	1.9641417394633207	0.0
760.2539460584865	1.964118087916868	0.0
760.420081258517	1.9640944312019388	0.0
760.5862527633967	1.964070769317404	0.0
760.7524605810588	1.964047102262134	0.0
760.9187047194372	1.9640234300349992	0.0
761.084985186472	1.963999752634868	0.0
761.2513019901003	1.9639760700606115	0.0
761.4176551382611	1.9639523823110987	0.0
761.5840446388997	1.963928689385198	0.0
761.7504704999586	1.9639049912817788	0.0
761.9169327293836	1.9638812879997096	0.0
762.0834313351202	1.9638575795378586	0.0
762.249966325121	1.9638338658950938	0.0
762.4165377073351	1.9638101470702833	0.0
762.5831454897138	1.9637864230622948	0.0
762.7497896802147	1.9637626938699952	0.0
762.916470286792	1.9637389594922514	0.0
763.0831873174037	1.9637152199279313	0.0
763.249940780008	1.9636914751759005	0.0
763.4167306825692	1.9636677252350256	0.0
763.5835570330488	1.963643970104173	0.0
763.7504198394103	1.9636202097822086	0.0
763.9173191096229	1.9635964442679974	0.0
764.0842548516538	1.963572673560405	0.0
764.2512270734727	1.9635488976582969	0.0
764.4182357830501	1.9635251165605379	0.0
764.5852809883625	1.9635013302659923	0.0
764.7523626973835	1.9634775387735242	0.0
764.9194809180888	1.9634537420819984	0.0
765.0866356584601	1.9634299401902782	0.0
765.2538269264763	1.963406133097228	0.0
765.4210547301197	1.96338232080171	0.0
765.5883190773728	1.9633585033025884	0.0
765.7556199762245	1.963334680598726	0.0
765.9229574346605	1.9633108526889844	0.0
766.0903314606684	1.9632870195722272	0.0
766.2577420622425	1.9632631812473158	0.0
766.425189247374	1.9632393377131123	0.0
766.5926730240571	1.9632154889684783	0.0
766.7601934002867	1.9631916350122753	0.0
766.9277503840635	1.9631677758433643	0.0
767.0953439833861	1.9631439114606062	0.0
767.2629742062541	1.963120041862862	0.0
767.4306410606739	1.9630961670489915	0.0
767.5983445546489	1.9630722870178552	0.0
767.7660846961855	1.9630484017683127	0.0
767.9338614932911	1.9630245112992242	0.0
768.1016749539788	1.9630006156094484	0.0
768.2695250862588	1.962976714697845	0.0
768.4374118981434	1.9629528085632728	0.0
768.6053353976512	1.9629288972045902	0.0
768.7732955927977	1.9629049806206553	0.0
768.941292491602	1.9628810588103272	0.0
769.1093261020831	1.962857131772463	0.0
769.2773964322665	1.9628331995059207	0.0
769.4455034901752	1.9628092620095576	0.0
769.6136472838333	1.9627877924487533	0.0
769.7818278212718	1.9627675043961899	0.0
769.9500451105184	1.9627472119101612	0.0
770.1182991596046	1.962726914989698	0.0
770.2865899765615	1.9627066136338314	0.0
770.4549175694272	1.962686307841592	0.0
770.6232819462365	1.9626659976120104	0.0
770.7916831150262	1.9626456829441175	0.0
770.9601210838393	1.9626253638369424	0.0
771.1285958607161	1.962605040289516	0.0
771.2971074537	1.962584712300867	0.0
771.4656558708349	1.9625643798700259	0.0
771.6342411201708	1.962544042996021	0.0
771.802863209755	1.962523701677882	0.0
771.9715221476364	1.9625033559146376	0.0
772.1402179418704	1.9624830057053164	0.0
772.3089506005098	1.962462651048947	0.0
772.4777201316101	1.9624422919445572	0.0
772.6465265432274	1.962421928391175	0.0
772.8153698434244	1.9624015603878284	0.0
772.9842500402603	1.962381187933545	0.0
773.1531671417968	1.9623608110273525	0.0
773.3221211561013	1.9623404296682772	0.0
773.4911120912387	1.9623200438553463	0.0
773.6601399552774	1.962299653587587	0.0
773.8292047562854	1.9622792588640254	0.0
773.9983065023378	1.9622588596836883	0.0
774.1674452015064	1.962238456045601	0.0
774.3366208618648	1.9622180479487898	0.0
774.5058334914933	1.96219763539228	0.0
774.6750830984688	1.9621772183750974	0.0
774.844369690872	1.9621567968962674	0.0
775.0136932767834	1.9621363709548147	0.0
775.1830538642905	1.9621159405497641	0.0
775.3524514614774	1.9620955056801401	0.0
775.52188607643	1.9620750663449675	0.0
775.6913577172407	1.96205462254327	0.0
775.8608663919994	1.962034174274072	0.0
776.0304121087987	1.9620137215363966	0.0
776.1999948757317	1.961993264329268	0.0
776.3696147008981	1.9619728026517091	0.0
776.5392715923942	1.961952336502743	0.0
776.7089655583188	1.9619318658813927	0.0
776.8786966067765	1.961911390786681	0.0
777.0484647458693	1.9618909112176302	0.0
777.2182699837025	1.9618704271732623	0.0
777.3881123283813	1.9618499386525996	0.0
777.5579917880182	1.961829445654664	0.0
777.7279083707216	1.9618089481784768	0.0
777.8978620846027	1.96178844622306	0.0
778.0678529377786	1.961767939787434	0.0
778.2378809383637	1.9617474288706203	0.0
778.4079460944756	1.9617269134716393	0.0
778.5780484142321	1.9617063935895116	0.0
778.7481879057578	1.9616858692232577	0.0
778.918364577174	1.9616653403718975	0.0
779.0885784366037	1.9616448070344514	0.0
779.2588294921769	1.961624269209938	0.0
779.4291177520203	1.9616037268973778	0.0
779.5994432242638	1.9615831800957895	0.0
779.7698059170378	1.9615626288041925	0.0
779.9402058384793	1.9615420730216053	0.0
780.1106429967218	1.9615215127470464	0.0
780.2811173999012	1.9615009479795344	0.0
780.4516290561595	1.961480378718088	0.0
780.622177973636	1.961459804961724	0.0
780.7927641604731	1.9614392267094614	0.0
780.9633876248137	1.9614186439603167	0.0
781.1340483748069	1.9613980567133074	0.0
781.304746418599	1.9613774649674514	0.0
781.4754817643384	1.9613568687217648	0.0
781.6462544201792	1.961336267975264	0.0
781.8170643942734	1.9613156627269666	0.0
781.987911694776	1.9612950529758877	0.0
782.1587963298421	1.9612744387210443	0.0
782.3297183076334	1.9612538199614509	0.0
782.5006776363088	1.9612331966961245	0.0
782.6716743240287	1.96121256892408	0.0
782.8427083789603	1.961191936644332	0.0
783.0137798092676	1.9611712998558959	0.0
783.1848886231184	1.9611506585577865	0.0
783.3560348286799	1.9611300127490188	0.0
783.5272184341268	1.9611093624286058	0.0
783.6984394476301	1.9610887075955628	0.0
783.8696978773644	1.9610680482489027	0.0
784.0409937315046	1.9610473843876404	0.0
784.2123270182323	1.9610267160107882	0.0
784.3836977457255	1.96100604311736	0.0
784.5551059221647	1.9609853657063683	0.0
784.7265515557364	1.9609646837768264	0.0
784.8980346546246	1.960943997327746	0.0
785.0695552270163	1.9609233063581404	0.0
785.2411132810987	1.9609026108670218	0.0
785.4127088250661	1.9608819108534012	0.0
785.5843418671092	1.9608612063162916	0.0
785.7560124154207	1.9608404972547033	0.0
785.9277204781998	1.9608197836676482	0.0
786.0994660636429	1.9607990655541374	0.0
786.2712491799497	1.9607783429131813	0.0
786.44306983532	1.9607576157437911	0.0
786.6149280379602	1.9607368840449766	0.0
786.786823796074	1.9607161478157487	0.0
786.9587571178664	1.960695407055117	0.0
787.1307280115493	1.9606746617620912	0.0
787.3027364853316	1.9606539119356805	0.0
787.4747825474254	1.9606331575748954	0.0
787.6468662060432	1.960612398678744	0.0
787.818987469404	1.9605916352462356	0.0
787.9911463457239	1.9605708672763789	0.0
788.1633428432206	1.9605500947681822	0.0
788.3355769701185	1.960529317720654	0.0
788.507848734639	1.9605085361328018	0.0
788.6801581450069	1.960487750003634	0.0
788.8525052094473	1.9604669593321584	0.0
789.0248899361917	1.9604461641173816	0.0
789.1973123334687	1.960425364358311	0.0
789.3697724095088	1.960404560053954	0.0
789.5422701725486	1.9603837512033169	0.0
789.7148056308225	1.9603629378054066	0.0
789.8873787925678	1.9603421198592292	0.0
790.059989666022	1.9603212973637905	0.0
790.2326382594293	1.9603004703180968	0.0
790.405324581031	1.9602796387211534	0.0
790.5780486390698	1.9602588025719663	0.0
790.7508104417957	1.9602379618695398	0.0
790.923609997455	1.96021711661288	0.0
791.0964473142977	1.9601962668009905	0.0
791.2693224005742	1.9601754124328772	0.0
791.4422352645412	1.9601545535075433	0.0
791.6151859144524	1.9601336900239934	0.0
791.7881743585634	1.9601128219812316	0.0
791.9612006051366	1.9600919493782611	0.0
792.134264662431	1.9600710722140855	0.0
792.3073665387095	1.9600501904877083	0.0
792.4805062422346	1.9600293041981327	0.0
792.6536837812761	1.9600084133443612	0.0
792.8268991641002	1.9599875179253963	0.0
793.000152398975	1.9599666179402406	0.0
793.1734434941758	1.9599457133878961	0.0
793.3467724579741	1.9599248042673652	0.0
793.5201392986453	1.959903890577649	0.0
793.6935440244648	1.9598829723177498	0.0
793.8669866437148	1.9598620494866679	0.0
794.0404671646743	1.959841122083405	0.0
794.2139855956243	1.9598201901069618	0.0
794.3875419448522	1.9597992535563393	0.0
794.5611362206427	1.9597783124305372	0.0
794.7347684312836	1.9597573667285562	0.0
794.908438585063	1.9597364164493967	0.0
795.0821466902757	1.9597154615920576	0.0
795.2558927552137	1.9596945021555385	0.0
795.4296767881704	1.9596735381388397	0.0
795.6034987974458	1.9596525695409595	0.0
795.7773587913374	1.9596315963608966	0.0
795.9512567781456	1.9596106185976503	0.0
796.1251927661715	1.959589636250219	0.0
796.2991667637224	1.9595686493176006	0.0
796.4731787791027	1.959547657798793	0.0
796.6472288206189	1.9595266616927944	0.0
796.8213168965837	1.9595056609986021	0.0
796.9954430153069	1.959484655715214	0.0
797.1696071851022	1.9594636458416264	0.0
797.343809414283	1.9594426313768367	0.0
797.5180497111693	1.9594216123198418	0.0
797.6923280840784	1.9594005886696377	0.0
797.8666445413293	1.959379560425221	0.0
798.0409990912476	1.9593585275855878	0.0
798.2153917421559	1.9593374901497336	0.0
798.3898225023804	1.9593164481166538	0.0
798.5642913802473	1.9592954014853448	0.0
798.7387983840893	1.9592743502548011	0.0
798.9133435222365	1.9592532944240175	0.0
799.0879268030207	1.959232233991989	0.0
799.2625482347801	1.9592111689577096	0.0
799.4372078258501	1.9591900993201743	0.0
799.6119055845696	1.9591690250783769	0.0
799.7866415192775	1.9591479462313115	0.0
799.9614156383196	1.9591268627779712	0.0
800.1362279500385	1.9591057747173495	0.0
800.3110784627785	1.95908468204844	0.0
800.485967184891	1.9590635847702351	0.0
800.660894124724	1.9590424828817283	0.0
800.8358592906292	1.9590213763819113	0.0
801.0108626909581	1.9590002652697773	0.0
801.1859043340692	1.9589791495443176	0.0
801.3609842283182	1.9589580292045246	0.0
801.5361023820622	1.9589369042493896	0.0
801.7112588036649	1.958915774677904	0.0
801.8864535014875	1.958894640489059	0.0
802.0616864838943	1.9588735016818462	0.0
802.2369577592497	1.9588523582552557	0.0
802.4122673359251	1.958831210208278	0.0
802.5876152222886	1.9588100575399041	0.0
802.7630014267119	1.9587889002491234	0.0
802.938425957567	1.9587677383349262	0.0
803.1138888232323	1.9587465717963022	0.0
803.2893900320832	1.9587254006322403	0.0
803.4649295924974	1.9587042248417303	0.0
803.6405075128587	1.9586830444237613	0.0
803.8161238015482	1.958661859377321	0.0
803.9917784669504	1.9586406697013994	0.0
804.16747151745	1.9586194753949842	0.0
804.3432029614382	1.9585982764570633	0.0
804.5189728073038	1.9585770728866247	0.0
804.6947810634364	1.9585558646826564	0.0
804.8706277382333	1.9585346518441453	0.0
805.0465128400882	1.958514237648192	0.0
805.2224363773984	1.9584960537422094	0.0
805.3983983585614	1.9584778658625719	0.0
805.5743987919816	1.9584596740084106	0.0
805.75043768606	1.9584414781788577	0.0
805.9265150491996	1.9584232783730442	0.0
806.1026308898103	1.9584050745901014	0.0
806.2787852162987	1.9583868668291595	0.0
806.4549780370751	1.9583686550893504	0.0
806.6312093605496	1.9583504393698037	0.0
806.8074791951395	1.9583322196696495	0.0
806.9837875492589	1.958313995988019	0.0
807.1601344313234	1.9582957683240416	0.0
807.336519849756	1.9582775366768466	0.0
807.5129438129759	1.9582593010455638	0.0
807.6894063294063	1.958241061429323	0.0
807.8659074074707	1.9582228178272534	0.0
808.0424470555986	1.9582045702384832	0.0
808.2190252822172	1.9581863186621418	0.0
808.3956420957553	1.9581680630973581	0.0
808.5722975046483	1.9581498035432596	0.0
808.7489915173287	1.9581315399989754	0.0
808.9257241422323	1.958113272463633	0.0
809.1024953877954	1.958095000936361	0.0
809.2793052624609	1.958076725416286	0.0
809.4561537746686	1.9580584459025363	0.0
809.63304093286	1.9580401623942387	0.0
809.8099667454837	1.9580218748905203	0.0
809.9869312209851	1.9580035833905085	0.0
810.1639343678129	1.9579852878933293	0.0
810.3409761944162	1.9579669883981101	0.0
810.5180567092507	1.957948684903976	0.0
810.6951759207694	1.9579303774100545	0.0
810.8723338374267	1.9579120659154705	0.0
811.049530467684	1.95789375041935	0.0
811.2267658199996	1.9578754309208188	0.0
811.4040399028353	1.9578571074190023	0.0
811.581352724653	1.9578387799130257	0.0
811.7587042939215	1.9578204484020134	0.0
811.9360946191065	1.957802112885091	0.0
812.1135237086754	1.9577837733613828	0.0
812.2909915711027	1.9577654298300127	0.0
812.4684982148596	1.9577470822901057	0.0
812.6460436484208	1.9577287307407851	0.0
812.823627880261	1.9577103751811755	0.0
813.0012509188623	1.9576920156104	0.0
813.1789127727031	1.9576736520275826	0.0
813.356613450264	1.957655284431846	0.0
813.5343529600323	1.9576369128223132	0.0
813.7121313104919	1.9576185371981074	0.0
813.889948510131	1.9576001575583515	0.0
814.0678045674372	1.9575817739021677	0.0
814.2456994909052	1.957563386228678	0.0
814.4236332890265	1.9575449945370056	0.0
814.6016059702949	1.9575265988262711	0.0
814.7796175432105	1.957508199095597	0.0
814.9576680162705	1.9574897953441044	0.0
815.1357573979756	1.9574713875709153	0.0
815.3138856968266	1.95745297577515	0.0
815.4920529213314	1.9574345599559302	0.0
815.6702590799943	1.9574161401123762	0.0
815.848504181322	1.9573977162436096	0.0
816.0267882338279	1.957379288348749	0.0
816.205111246022	1.957360856426916	0.0
816.383473226418	1.9573424204772296	0.0
816.5618741835299	1.957323980498811	0.0
816.7403141258783	1.9573055364907783	0.0
816.9187930619811	1.957287088452252	0.0
817.0973110003574	1.9572686363823508	0.0
817.2758679495338	1.957250180280194	0.0
817.4544639180334	1.9572317201449	0.0
817.6330989143831	1.9572132559755882	0.0
817.8117729471096	1.9571947877713765	0.0
817.9904860247468	1.9571763155313833	0.0
818.1692381558255	1.9571578392547264	0.0
818.348029348878	1.9571393589405242	0.0
818.5268596124438	1.9571208745878943	0.0
818.705728955059	1.957102386195954	0.0
818.8846373852637	1.9570838937638204	0.0
819.0635849115976	1.9570653972906111	0.0
819.2425715426076	1.9570468967754429	0.0
819.4215972868375	1.9570283922174325	0.0
819.6006621528328	1.9570098836156962	0.0
819.779766149146	1.95699137096935	0.0
819.9589092843265	1.9569728542775113	0.0
820.1380915669271	1.956954333539295	0.0
820.3173130055009	1.9569358087538173	0.0
820.4965736086076	1.9569172799201935	0.0
820.6758733848043	1.9568987470375392	0.0
820.8552123426495	1.9568802101049694	0.0
821.0345904907088	1.9568616691215994	0.0
821.2140078375445	1.9568431240865434	0.0
821.3934643917228	1.956824574998917	0.0
821.5729601618096	1.9568060218578336	0.0
821.752495156378	1.9567874646624075	0.0
821.9320693839979	1.9567689034117532	0.0
822.1116828532412	1.9567503381049849	0.0
822.2913355726863	1.9567317687412153	0.0
822.4710275509091	1.9567131953195582	0.0
822.6507587964883	1.9566946178391267	0.0
822.8305293180032	1.9566760362990343	0.0
823.01033912404	1.9566574506983936	0.0
823.1901882231818	1.9566388610363172	0.0
823.3700766240137	1.9566202673119175	0.0
823.5500043351268	1.9566016695243067	0.0
823.7299713651105	1.956583067672598	0.0
823.9099777225565	1.9565644617559013	0.0
824.0900234160574	1.9565458517733298	0.0
824.2701084542125	1.9565272377239946	0.0
824.4502328456178	1.956508619607007	0.0
824.6303965988715	1.9564899974214778	0.0
824.8105997225786	1.9564713711665185	0.0
824.9908422253405	1.9564527408412393	0.0
825.171124115763	1.9564341064447515	0.0
825.3514454024514	1.9564154679761643	0.0
825.5318060940182	1.9563968254345885	0.0
825.7122061990727	1.956378178819134	0.0
825.8926457262262	1.9563595281289108	0.0
826.0731246840967	1.9563408733630279	0.0
826.2536430812991	1.9563222145205952	0.0
826.434200926452	1.9563035516007212	0.0
826.6147982281742	1.9562848846025158	0.0
826.7954349950912	1.956266213525087	0.0
826.9761112358257	1.9562475383675433	0.0
827.1568269590018	1.956228859128994	0.0
827.3375821732508	1.9562101758085468	0.0
827.5183768872012	1.9561914884053093	0.0
827.6992111094843	1.95617279691839	0.0
827.8800848487322	1.956154101346896	0.0
828.0609981135838	1.9561354016899346	0.0
828.2419509126746	1.9561166979466136	0.0
828.4229432546424	1.9560979901160391	0.0
828.6039751481316	1.9560792781973193	0.0
828.7850466017834	1.9560605621895597	0.0
828.966157624243	1.9560418420918673	0.0
829.1473082241554	1.956023117903348	0.0
829.3284984101726	1.956004389623108	0.0
829.5097281909436	1.9559856572502534	0.0
829.6909975751192	1.9559669207838892	0.0
829.8723065713572	1.9559481802231216	0.0
830.053655188312	1.9559294355670556	0.0
830.2350434346417	1.9559106868147957	0.0
830.4164713190049	1.955891933965448	0.0
830.5979388500668	1.9558731770181161	0.0
830.7794460364896	1.9558544159719045	0.0
830.9609928869373	1.9558356508259185	0.0
831.1425794100808	1.9558168815792611	0.0
831.3242056145881	1.955798108231037	0.0
831.5058715091304	1.955779330780349	0.0
831.6875771023796	1.955760549226302	0.0
831.8693224030139	1.9557417635679977	0.0
832.0511074197091	1.9557229738045399	0.0
832.2329321611421	1.955704179935032	0.0
832.4147966359976	1.9556853819585762	0.0
832.5967008529565	1.9556665798742752	0.0
832.7786448207032	1.9556477736812308	0.0
832.960628547923	1.9556289633785462	0.0
833.1426520433074	1.9556101489653224	0.0
833.3247153155455	1.9555913304406616	0.0
833.5068183733275	1.9555725078036652	0.0
833.6889612253512	1.9555536810534342	0.0
833.8711438803109	1.9555348501890704	0.0
834.0533663469045	1.9555160152096747	0.0
834.2356286338303	1.9554971761143474	0.0
834.4179307497934	1.9554783329021892	0.0
834.6002727034959	1.9554594855723006	0.0
834.7826545036413	1.9554406341237818	0.0
834.965076158941	1.9554217785557328	0.0
835.1475376781024	1.955402918867253	0.0
835.3300390698367	1.9553840550574424	0.0
835.5125803428557	1.9553651871254	0.0
835.6951615058776	1.9553463150702255	0.0
835.8777825676178	1.9553274388910178	0.0
836.0604435367936	1.955308558586875	0.0
836.243144422129	1.9552896741568966	0.0
836.4258852323453	1.9552707856001803	0.0
836.608665976167	1.9552518929158245	0.0
836.7914866623187	1.9552329961029278	0.0
836.9743472995326	1.9552140951605872	0.0
837.1572478965371	1.9551951900879003	0.0
837.3401884620628	1.9551762808839652	0.0
837.5231690048472	1.9551573675478786	0.0
837.7061895336249	1.9551384500787377	0.0
837.8892500571337	1.9551195284756395	0.0
838.0723505841117	1.95510060273768	0.0
838.2554911233043	1.9550816728639562	0.0
838.4386716834534	1.9550627388535644	0.0
838.6218922733028	1.9550438007056004	0.0
838.8051529016037	1.9550248584191596	0.0
838.9884535771038	1.9550059119933383	0.0
839.1717943085541	1.9549869614272315	0.0
839.3551751047065	1.9549680067199349	0.0
839.5385959743196	1.954949047870543	0.0
839.7220569261485	1.954930084878151	0.0
839.9055579689508	1.9549111177418537	0.0
840.0890991114906	1.954892146460745	0.0
840.2726803625292	1.9548731710339196	0.0
840.4563017308312	1.9548541914604711	0.0
840.6399632251618	1.9548371534250197	0.0
840.8236648542927	1.954820719266415	0.0
841.0074066269927	1.9548042815165207	0.0
841.1911885520328	1.954787840174552	0.0
841.3750106381906	1.9547713952397234	0.0
841.5588728942404	1.9547549467112504	0.0
841.7427753289606	1.954738494588347	0.0
841.9267179511297	1.9547220388702287	0.0
842.1107007695329	1.9547055795561088	0.0
842.2947237929524	1.9546891166452023	0.0
842.4787870301723	1.954672650136723	0.0
842.662890489984	1.9546561800298845	0.0
842.8470341811752	1.9546397063239005	0.0
843.0312181125378	1.9546232290179846	0.0
843.2154422928633	1.9546067481113505	0.0
843.3997067309507	1.9545902636032104	0.0
843.5840114355958	1.954573775492778	0.0
843.7683564155959	1.9545572837792662	0.0
843.9527416797558	1.9545407884618873	0.0
844.137167236877	1.9545242895398538	0.0
844.3216330957644	1.9545077870123777	0.0
844.5061392652233	1.954491280878672	0.0
844.690685754066	1.9544747711379478	0.0
844.8752725711016	1.9544582577894172	0.0
845.059899725143	1.9544417408322916	0.0
845.2445672250032	1.954425220265783	0.0
845.429275079502	1.954408696089102	0.0
845.6140232974564	1.9543921683014598	0.0
845.7988118876849	1.9543756369020677	0.0
845.9836408590138	1.954359101890136	0.0
846.1685102202653	1.9543425632648757	0.0
846.3534199802657	1.9543260210254967	0.0
846.5383701478415	1.9543094751712096	0.0
846.7233607318265	1.9542929257012243	0.0
846.9083917410504	1.9542763726147505	0.0
847.0934631843461	1.9542598159109985	0.0
847.2785750705525	1.954243255589177	0.0
847.4637274085059	1.954226691648496	0.0
847.6489202070459	1.9542101240881644	0.0
847.8341534750127	1.9541935529073915	0.0
848.0194272212532	1.9541769781053855	0.0
848.2047414546113	1.9541603996813557	0.0
848.3900961839327	1.9541438176345105	0.0
848.5754914180702	1.9541272319640581	0.0
848.7609271658736	1.9541106426692065	0.0
848.9464034361961	1.954094049749164	0.0
849.1319202378912	1.9540774532031382	0.0
849.3174775798195	1.9540608530303367	0.0
849.5030754708384	1.954044249229967	0.0
849.6887139198071	1.9540276418012363	0.0
849.8743929355921	1.9540110307433518	0.0
850.0601125270567	1.9539944160555207	0.0
850.2458727030676	1.9539777977369495	0.0
850.4316734724916	1.9539611757868443	0.0
850.6175148442034	1.9539445502044126	0.0
850.8033968270735	1.9539279209888596	0.0
850.989319429975	1.953911288139392	0.0
851.1752826617877	1.9538946516552156	0.0
851.3612865313885	1.953878011535536	0.0
851.5473310476577	1.9538613677795587	0.0
851.733416219476	1.9538447203864893	0.0
851.9195420557312	1.9538280693555328	0.0
852.1057085653076	1.953811414685894	0.0
852.2919157570918	1.9537947563767786	0.0
852.4781636399774	1.9537780944273904	0.0
852.6644522228546	1.953761428836934	0.0
852.8507815146177	1.9537447596046142	0.0
853.0371515241604	1.953728086729635	0.0
853.2235622603845	1.9537114102112	0.0
853.410013732188	1.9536947300485137	0.0
853.5965059484707	1.9536780462407792	0.0
853.7830389181402	1.9536613587872003	0.0
853.9696126501002	1.9536446676869796	0.0
854.1562271532582	1.9536279729393211	0.0
854.3428824365224	1.953611274543427	0.0
854.5295785088075	1.9535945724985009	0.0
854.7163153790251	1.9535778668037447	0.0
854.9030930560893	1.9535611574583611	0.0
855.0899115489206	1.953544444461552	0.0
855.2767708664366	1.9535277278125198	0.0
855.4636710175586	1.9535110075104667	0.0
855.6506120112081	1.953494283554594	0.0
855.8375938563137	1.953477555944103	0.0
856.0246165618007	1.9534608246781957	0.0
856.2116801365966	1.9534440897560725	0.0
856.3987845896356	1.9534273511769351	0.0
856.5859299298492	1.9534106089399843	0.0
856.7731161661719	1.9533938630444205	0.0
856.9603433075393	1.9533771134894446	0.0
857.1476113628936	1.9533603602742562	0.0
857.3349203411736	1.9533436033980562	0.0
857.5222702513204	1.953326842860044	0.0
857.7096611022821	1.9533100786594195	0.0
857.8970929030037	1.9532933107953827	0.0
858.0845656624336	1.9532765392671332	0.0
858.272079389521	1.9532597640738696	0.0
858.4596340932214	1.9532429852147912	0.0
858.6472297824877	1.953226202689097	0.0
858.8348664662745	1.9532094164959861	0.0
859.022544153544	1.9531926266346562	0.0
859.2102628532543	1.9531758331043068	0.0
859.3980225743679	1.953159035904135	0.0
859.5858233258475	1.95314223503334	0.0
859.7736651166624	1.9531254304911192	0.0
859.9615479557791	1.9531086222766696	0.0
860.1494718521662	1.9530918103891899	0.0
860.3374368147992	1.9530749948278763	0.0
860.5254428526501	1.953058175591927	0.0
860.7134899746953	1.9530413526805381	0.0
860.9015781899108	1.953024526092907	0.0
861.0897075072801	1.9530076958282303	0.0
861.2778779357833	1.9529908618857044	0.0
861.4660894844025	1.9529740242645257	0.0
861.6543421621269	1.9529571829638899	0.0
861.8426359779427	1.9529403379829935	0.0
862.0309709408394	1.9529234893210317	0.0
862.2193470598073	1.9529066369772003	0.0
862.4077643438435	1.952889780950695	0.0
862.5962228019416	1.952872921240711	0.0
862.7847224430996	1.9528560578464433	0.0
862.9732632763149	1.9528391907670863	0.0
863.1618453105928	1.9528223200018355	0.0
863.350468554935	1.9528054455498849	0.0
863.5391330183451	1.9527885674104288	0.0
863.7278387098343	1.952771685582662	0.0
863.9165856384099	1.9527548000657775	0.0
864.1053738130835	1.95273791085897	0.0
864.2942032428666	1.9527210179614332	0.0
864.4830739367783	1.95270412137236	0.0
864.6719859038337	1.9526872210909438	0.0
864.8609391530505	1.9526703171163784	0.0
865.0499336934536	1.9526534094478558	0.0
865.2389695340642	1.9526364980845692	0.0
865.4280466839073	1.9526195830257114	0.0
865.6171651520087	1.9526026642704748	0.0
865.8063249474009	1.9525857418180514	0.0
865.995526079113	1.9525688156676333	0.0
866.1847685561767	1.9525518858184125	0.0
866.3740523876301	1.9525349522695803	0.0
866.5633775825087	1.952518015020329	0.0
866.7527441498514	1.9525010740698496	0.0
866.9421520986975	1.952484129417333	0.0
867.1316014380935	1.9524671810619707	0.0
867.3210921770823	1.9524502290029533	0.0
867.5106243247092	1.9524332732394711	0.0
867.7001978900265	1.9524163137707151	0.0
867.8898128820833	1.9523993505958757	0.0
868.0794693099326	1.9523823837141423	0.0
868.2691671826271	1.952365413124706	0.0
868.4589065092274	1.9523484388267554	0.0
868.6486872987903	1.9523314608194804	0.0
868.8385095603749	1.9523144791020708	0.0
869.0283733030471	1.9522974936737156	0.0
869.2182785358705	1.9522805045336038	0.0
869.4082252679111	1.9522635116809246	0.0
869.5982135082362	1.9522465151148662	0.0
869.7882432659197	1.9522295148346176	0.0
869.9783145500327	1.952212510839367	0.0
870.1684273696478	1.9521955031283027	0.0
870.3585817338454	1.9521784917006122	0.0
870.5487776517019	1.9521614765554833	0.0
870.7390151322984	1.9521444576921048	0.0
870.9292941847151	1.952127435109663	0.0
871.1196148180404	1.9521104088073455	0.0
871.3099770413589	1.9520933787843395	0.0
871.5003808637575	1.9520763450398317	0.0
871.69082629433	1.9520593075730093	0.0
871.8813133421672	1.9520422663830588	0.0
872.0718420163636	1.952025221469166	0.0
872.2624123260138	1.952008172830518	0.0
872.4530242802198	1.9519911204663003	0.0
872.64367788808	1.9519740643756984	0.0
872.8343731586955	1.9519570045578991	0.0
873.0251101011738	1.9519399410120868	0.0
873.2158887246198	1.9519228737374474	0.0
873.4067090381418	1.9519058027331662	0.0
873.5975710508483	1.9518887279984278	0.0
873.7884747718552	1.9518716495324169	0.0
873.9794202102753	1.9518545673343184	0.0
874.1704073752229	1.951837481403317	0.0
874.36143627582	1.9518203917385963	0.0
874.5525069211851	1.9518032983393407	0.0
874.7436193204405	1.9517862012047342	0.0
874.9347734827088	1.951769100333961	0.0
875.1259694171199	1.9517519957262035	0.0
875.3172071328001	1.951734887380646	0.0
875.5084866388781	1.9517177752964712	0.0
875.6998079444896	1.9517006594728625	0.0
875.8911710587672	1.9516835399090025	0.0
876.0825759908473	1.9516673520947514	0.0
876.2740227498663	1.9516523939187729	0.0
876.4655113449678	1.9516374324740446	0.0
876.6570417852927	1.951622467759853	0.0
876.8486140799831	1.9516074997754835	0.0
877.0402282381891	1.9515925285202211	0.0
877.231884269057	1.9515775539933513	0.0
877.4235821817372	1.9515625761941588	0.0
877.6153219853802	1.9515475951219294	0.0
877.8071036891436	1.951532610775947	0.0
877.9989273021821	1.9515176231554963	0.0
878.190792833652	1.9515026322598623	0.0
878.3827002927173	1.9514876380883284	0.0
878.5746496885386	1.9514726406401794	0.0
878.7666410302799	1.9514576399146994	0.0
878.9586743271055	1.9514426359111716	0.0
879.1507495881879	1.95142762862888	0.0
879.342866822695	1.9514126180671083	0.0
879.5350260397977	1.9513976042251397	0.0
879.7272272486734	1.9513825871022572	0.0
879.919470458497	1.9513675666977437	0.0
880.1117556784467	1.9513525430108825	0.0
880.304082917701	1.9513375160409563	0.0
880.4964521854457	1.9513224857872475	0.0
880.6888634908635	1.9513074522490386	0.0
880.8813168431387	1.9512924154256117	0.0
881.0738122514634	1.951277375316249	0.0
881.2663497250261	1.9512623319202325	0.0
881.4589292730191	1.9512472852368437	0.0
881.651550904635	1.9512322352653646	0.0
881.8442146290737	1.9512171820050765	0.0
882.0369204555318	1.9512021254552605	0.0
882.2296683932079	1.9511870656151984	0.0
882.422458451308	1.9511720024841703	0.0
882.6152906390348	1.9511569360614578	0.0
882.8081649655945	1.9511418663463411	0.0
883.0010814401938	1.951126793338101	0.0
883.194040072047	1.9511117170360177	0.0
883.3870408703643	1.9510966374393715	0.0
883.5800838443587	1.9510815545474425	0.0
883.7731690032501	1.9510664683595103	0.0
883.9662963562555	1.951051378874855	0.0
884.159465912595	1.9510362860927561	0.0
884.3526776814894	1.951021190012493	0.0
884.5459316721671	1.9510060906333448	0.0
884.7392278938527	1.9509909879545908	0.0
884.9325663557729	1.9509758819755099	0.0
885.1259470671619	1.9509607726953808	0.0
885.3193700372507	1.9509456601134825	0.0
885.5128352752737	1.950930544229093	0.0
885.7063427904658	1.9509154250414908	0.0
885.8998925920692	1.950900302549954	0.0
886.093484689323	1.950885176753761	0.0
886.2871190914678	1.950870047652189	0.0
886.4807958077522	1.9508549152445158	0.0
886.674514847421	1.9508397795300196	0.0
886.8682762197229	1.9508246405079772	0.0
887.0620799339071	1.9508094981776658	0.0
887.2559259992296	1.950794352538363	0.0
887.4498144249437	1.9507792035893448	0.0
887.6437452203045	1.9507640513298887	0.0
887.8377183945743	1.9507488957592711	0.0
888.0317339570123	1.9507337368767685	0.0
888.2257919168812	1.9507185746816562	0.0
888.4198922834445	1.950703409173212	0.0
888.6140350659725	1.9506882403507104	0.0
888.8082202737324	1.9506730682134281	0.0
889.0024479159937	1.9506578927606408	0.0
889.1967180020326	1.950642713991623	0.0
889.3910305411226	1.9506275319056505	0.0
889.5853855425408	1.9506123465019989	0.0
889.7797830155646	1.9505971577799428	0.0
889.9742229694784	1.950581965738757	0.0
890.1687054135641	1.950566770377716	0.0
890.3632303571046	1.9505515716960948	0.0
890.557797809391	1.9505363696931677	0.0
890.7524077797108	1.950521164368209	0.0
890.9470602773551	1.9505059557204922	0.0
891.1417553116156	1.9504907437492918	0.0
891.3364928917911	1.950475528453881	0.0
891.5312730271773	1.9504603098335336	0.0
891.7260957270719	1.9504450878875235	0.0
891.9209610007797	1.9504298626151229	0.0
892.1158688576025	1.9504146340156059	0.0
892.3108193068459	1.950399402088245	0.0
892.5058123578156	1.9503841668323125	0.0
892.7008480198247	1.950368928247082	0.0
892.8959263021832	1.9503536863318254	0.0
893.0910472142026	1.9503384410858156	0.0
893.2862107652026	1.9503231925083235	0.0
893.4814169644989	1.9503079405986221	0.0
893.6766658214112	1.9502926853559832	0.0
893.8719573452597	1.950277426779678	0.0
894.0672915453716	1.9502621648689782	0.0
894.2626684310713	1.9502468996231554	0.0
894.4580880116846	1.9502316310414805	0.0
894.6535502965451	1.9502163591232242	0.0
894.8490552949831	1.950201083867658	0.0
895.0446030163325	1.9501858052740526	0.0
895.2401934699277	1.9501705233416784	0.0
895.4358266651103	1.9501552380698055	0.0
895.6315026112186	1.9501399494577043	0.0
895.8272213175932	1.9501246575046451	0.0
896.0229827935816	1.9501093622098975	0.0
896.2187870485285	1.9500940635727315	0.0
896.4146340917822	1.9500787615924167	0.0
896.6105239326912	1.9500634562682222	0.0
896.8064565806116	1.9500481475994178	0.0
897.002432044896	1.9500328355852719	0.0
897.1984503348988	1.9500175202250543	0.0
897.3945114599825	1.9500022015180332	0.0
897.5906154295058	1.9499868794634774	0.0
897.7867622528312	1.9499715540606553	0.0
897.9829519393217	1.9499562253088354	0.0
898.1791844983475	1.949940893207286	0.0
898.3754599392755	1.9499255577552743	0.0
898.571778271475	1.9499102189520692	0.0
898.7681395043222	1.9498948767969377	0.0
898.9645436471903	1.9498795312891475	0.0
899.1609907094563	1.9498641824279659	0.0
899.3574807004973	1.9498488302126602	0.0
899.5540136296978	1.9498334746424975	0.0
899.7505895064395	1.9498181157167445	0.0
899.9472083401055	1.9498027534346676	0.0
900.1438701400865	1.9497873877955343	0.0
900.3405749157702	1.94977201879861	0.0
900.5373226765478	1.9497566464431617	0.0
900.7341134318107	1.949741270728455	0.0
900.9309471909582	1.949725891653756	0.0
901.1278239633859	1.9497105092183302	0.0
901.3247437584913	1.949695123421444	0.0
901.5217065856798	1.9496797342623613	0.0
901.7187124543531	1.949664341740349	0.0
901.915761373917	1.9496489458546713	0.0
902.1128533537773	1.9496335466045935	0.0
902.3099884033472	1.94961814398938	0.0
902.5071665320373	1.9496027380082959	0.0
902.7043877492594	1.9495873286606056	0.0
902.9016520644329	1.949571915945573	0.0
903.0989594869743	1.9495564998624628	0.0
903.2963100263036	1.9495410804105384	0.0
903.493703691841	1.9495256575890645	0.0
903.6911404930145	1.9495102313973036	0.0
903.8886204392483	1.9494948018345197	0.0
904.086143539969	1.949479368899977	0.0
904.2837098046108	1.9494639325929373	0.0
904.4813192426042	1.9494484929126643	0.0
904.6789718633836	1.949433049858421	0.0
904.8766676763837	1.9494176034294701	0.0
905.074406691047	1.9494021536250739	0.0
905.2721889168122	1.9493867004444945	0.0
905.4700143631202	1.9493712438869948	0.0
905.6678830394196	1.9493557839518363	0.0
905.8657949551554	1.949340320638281	0.0
906.0637501197763	1.949324853945591	0.0
906.2617485427318	1.9493093838730278	0.0
906.4597902334784	1.9492939104198521	0.0
906.6578752014697	1.949278433585326	0.0
906.8560034561625	1.9492629533687098	0.0
907.0541750070146	1.9492474697692654	0.0
907.2523898634906	1.949231982786253	0.0
907.4506480350526	1.949216492418933	0.0
907.6489495311637	1.9492009986665664	0.0
907.8472943612954	1.949185501528413	0.0
908.0456825349155	1.949170001003733	0.0
908.2441140614956	1.9491544970917865	0.0
908.4425889505076	1.9491389897918332	0.0
908.6411072114308	1.9491234791031329	0.0
908.8396688537416	1.9491079650249445	0.0
909.038273886918	1.9490924475565283	0.0
909.2369223204456	1.9490769266971426	0.0
909.4356141638067	1.9490614024460469	0.0
909.6343494264876	1.9490458748024995	0.0
909.8331281179745	1.9490303437657597	0.0
910.0319502477615	1.9490148093350856	0.0
910.2308158253393	1.9489992715097353	0.0
910.4297248602003	1.9489837302889674	0.0
910.6286773618449	1.94896818567204	0.0
910.8276733397697	1.9489526376582105	0.0
911.0267128034756	1.948937086246737	0.0
911.2257957624633	1.9489215314368769	0.0
911.4249222262416	1.9489059732278873	0.0
911.6240922043154	1.9488915697470832	0.0
911.8233057061917	1.9488778639579118	0.0
912.0225627413857	1.9488641551736703	0.0
912.2218633194084	1.9488504433937035	0.0
912.4212074497751	1.9488367286173574	0.0
912.6205951420013	1.9488230108439772	0.0
912.8200264056101	1.9488092900729077	0.0
913.019501250121	1.948795566303494	0.0
913.2190196850559	1.9487818395350807	0.0
913.418581719944	1.9487681097670126	0.0
913.6181873643112	1.9487543769986344	0.0
913.8178366276874	1.9487406412292898	0.0
914.0175295196025	1.9487269024583238	0.0
914.2172660495942	1.94871316068508	0.0
914.4170462271968	1.9486994159089026	0.0
914.6168700619464	1.9486856681291351	0.0
914.816737563387	1.948671917345121	0.0
915.0166487410593	1.9486581635562044	0.0
915.2166036045073	1.948644406761728	0.0
915.4166021632758	1.9486306469610355	0.0
915.6166444269171	1.94861688415347	0.0
915.8167304049799	1.9486031183383736	0.0
916.0168601070152	1.9485893495150903	0.0
916.2170335425815	1.9485755776829616	0.0
916.4172507212337	1.9485618028413305	0.0
916.6175116525309	1.9485480249895395	0.0
916.8178163460325	1.9485342441269309	0.0
917.018164811305	1.948520460252846	0.0
917.2185570579123	1.9485066733666274	0.0
917.4189930954195	1.948492883467617	0.0
917.6194729334	1.9484790905551557	0.0
917.8199965814233	1.9484652946285856	0.0
918.0205640490632	1.9484514956872474	0.0
918.2211753458935	1.9484376937304833	0.0
918.4218304814956	1.9484238887576335	0.0
918.6225294654478	1.948410080768039	0.0
918.8232723073301	1.9483962697610413	0.0
919.0240590167302	1.9483824557359801	0.0
919.2248896032327	1.948368638692196	0.0
919.4257640764256	1.9483548186290296	0.0
919.6266824458976	1.9483409955458215	0.0
919.8276447212448	1.948327169441911	0.0
920.0286509120601	1.9483133403166384	0.0
920.2297010279381	1.9482995081693435	0.0
920.4307950784813	1.9482856729993654	0.0
920.6319330732889	1.9482718348060442	0.0
920.8331150219636	1.9482579935887188	0.0
921.0343409341087	1.9482441493467286	0.0
921.2356108193353	1.9482303020794123	0.0
921.4369246872504	1.9482164517861094	0.0
921.6382825474639	1.948202598466158	0.0
921.8396844095926	1.9481887421188973	0.0
922.0411302832504	1.9481748827436651	0.0
922.242620178055	1.9481610203398	0.0
922.4441541036241	1.948147154906641	0.0
922.6457320695836	1.9481332864435246	0.0
922.8473540855554	1.9481194149497894	0.0
923.0490201611635	1.9481055404247734	0.0
923.2507303060403	1.9480916628678138	0.0
923.4524845298139	1.948077782278248	0.0
923.6542828421167	1.9480638986554135	0.0
923.8561252525813	1.9480500119986481	0.0
924.0580117708481	1.9480361223072875	0.0
924.2599424065539	1.9480222295806693	0.0
924.4619171693377	1.9480083338181302	0.0
924.663936068846	1.9479944350190066	0.0
924.8659991147222	1.947980533182635	0.0
925.0681063166131	1.9479666283083514	0.0
925.2702576841664	1.9479527203954925	0.0
925.4724532270369	1.947938809443394	0.0
925.6746929548763	1.9479248954513917	0.0
925.8769768773402	1.9479109784188218	0.0
926.0793050040843	1.9478970583450192	0.0
926.2816773447722	1.9478831352293193	0.0
926.484093909064	1.9478692090710577	0.0
926.6865547066216	1.9478552798695694	0.0
926.889059747115	1.9478413476241894	0.0
927.0916090402106	1.9478274123342527	0.0
927.2942025955788	1.9478134739990938	0.0
927.4968404228898	1.947799532618047	0.0
927.6995225318225	1.9477855881904471	0.0
927.9022489320513	1.9477716407156282	0.0
928.1050196332532	1.9477576901929243	0.0
928.3078346451128	1.9477437366216697	0.0
928.5106939773113	1.9477297800011981	0.0
928.713597639534	1.9477158203308425	0.0
928.9165456414661	1.9477018576099372	0.0
929.1195379928008	1.9476878918378155	0.0
929.3225747032278	1.9476739230138103	0.0
929.5256557824385	1.947659951137255	0.0
929.7287812401329	1.9476459762074825	0.0
929.9319510860066	1.9476319982238253	0.0
930.1351653297596	1.9476180171856163	0.0
930.3384239810923	1.9476040330921875	0.0
930.5417270497124	1.947590045942872	0.0
930.7450745453245	1.9475760557370019	0.0
930.9484664776353	1.9475620624739092	0.0
931.1519028563589	1.9475480661529252	0.0
931.3553836912063	1.9475340667733825	0.0
931.558908991892	1.9475200643346118	0.0
931.7624787681315	1.9475060588359456	0.0
931.9660930296473	1.9474920502767148	0.0
932.1697517861588	1.9474780386562507	0.0
932.3734550473873	1.9474640239738843	0.0
932.5772028230624	1.9474500062289462	0.0
932.7809951229094	1.9474359854207672	0.0
932.9848319566581	1.9474219615486783	0.0
933.1887133340384	1.9474079346120095	0.0
933.392639264788	1.9473939046100914	0.0
933.5966097586413	1.947379871542254	0.0
933.8006248253342	1.9473658354078278	0.0
934.0046844746112	1.9473517962061417	0.0
934.2087887162126	1.9473377539365266	0.0
934.412937559883	1.947323708598311	0.0
934.6171310153672	1.9473096601908253	0.0
934.8213690924181	1.947295608713398	0.0
935.0256518007845	1.9472815541653583	0.0
935.2299791502178	1.9472674965460361	0.0
935.4343511504767	1.9472534358547589	0.0
935.6387678113169	1.9472393720908563	0.0
935.8432291424981	1.9472253052536568	0.0
936.0477351537795	1.9472112353424884	0.0
936.2522858549291	1.9471971623566797	0.0
936.4568812557106	1.9471830862955588	0.0
936.6615213658905	1.9471690071584535	0.0
936.8662061952425	1.9471549249446918	0.0
937.0709357535369	1.947140839653601	0.0
937.2757100505484	1.9471267512845087	0.0
937.4805290960514	1.9471126598367428	0.0
937.6853928998287	1.9470985653096302	0.0
937.890301471659	1.9470844677024979	0.0
938.0952548213235	1.947070367014673	0.0
938.300252958611	1.9470562632454818	0.0
938.5052958933071	1.9470421563942515	0.0
938.710383635201	1.9470280464603087	0.0
938.9155161940823	1.9470139334429795	0.0
939.1206935797487	1.9469998173415897	0.0
939.3259158019938	1.9469856981554658	0.0
939.5311828706139	1.9469715758839337	0.0
939.7364947954128	1.9469574505263192	0.0
939.9418515861909	1.9469433220819474	0.0
940.1472532527524	1.9469291905501447	0.0
940.3526998049022	1.9469150559302357	0.0
940.5581912524525	1.9469009182215458	0.0
940.7637276052125	1.9468867774233998	0.0
940.9693088729929	1.946872633535123	0.0
941.1749350656128	1.9468584865560397	0.0
941.3806061928875	1.9468443364854744	0.0
941.5863222646366	1.946830183322752	0.0
941.7920832906793	1.9468160270671968	0.0
941.9978892808435	1.9468018677181322	0.0
942.2037402449529	1.946787705274883	0.0
942.4096361928335	1.946773539736773	0.0
942.6155771343196	1.9467593711031252	0.0
942.8215630792411	1.9467451993732636	0.0
943.0275940374327	1.9467310245465115	0.0
943.233670018729	1.9467168466221927	0.0
943.4397910329724	1.9467026655996291	0.0
943.6459570900022	1.9466884814781449	0.0
943.852168199659	1.9466742942570623	0.0
944.0584243717923	1.9466601039357039	0.0
944.2647256162471	1.9466459105133924	0.0
944.4710719428731	1.94663171398945	0.0
944.67746336152	1.9466175143631994	0.0
944.8838998820455	1.9466033116339618	0.0
945.0903815143033	1.9465891058010596	0.0
945.2969082681498	1.9465748968638148	0.0
945.503480153449	1.9465606848215489	0.0
945.7100971800614	1.946546469673583	0.0
945.9167593578516	1.9465322514192387	0.0
946.1234666966842	1.9465180300578373	0.0
946.330219206432	1.9465038055886996	0.0
946.5370168969642	1.9464895780111466	0.0
946.7438597781521	1.9464753473244991	0.0
946.9507478598746	1.9464611135280774	0.0
947.1576811520074	1.9464481005784406	0.0
947.3646596644302	1.9464354671750803	0.0
947.5716834070229	1.9464228310109937	0.0
947.7787523896732	1.9464101920855779	0.0
947.9858666222651	1.9463975503982287	0.0
948.1930261146856	1.9463849059483433	0.0
948.4002308768283	1.946372258735318	0.0
948.6074809185845	1.9463596087585482	0.0
948.8147762498485	1.946346956017431	0.0
949.0221168805155	1.9463343005113614	0.0
949.2295028204884	1.9463216422397354	0.0
949.4369340796665	1.9463089812019492	0.0
949.6444106679513	1.946296317397398	0.0
949.8519325952524	1.946283650825477	0.0
950.0594998714754	1.9462709814855814	0.0
950.2671125065305	1.9462583093771066	0.0
950.4747705103275	1.9462456344994479	0.0
950.6824738927847	1.9462329568519996	0.0
950.8902226638166	1.9462202764341563	0.0
951.0980168333398	1.9462075932453133	0.0
951.3058564112789	1.9461949072848646	0.0
951.513741407555	1.9461822185522044	0.0
951.721671832093	1.9461695270467274	0.0
951.9296476948183	1.946156832767827	0.0
952.1376690056642	1.9461441357148974	0.0
952.3457357745604	1.9461314358873332	0.0
952.5538480114386	1.946118733284527	0.0
952.7620057262387	1.9461060279058724	0.0
952.9702089288969	1.9460933197507637	0.0
953.1784576293535	1.9460806088185933	0.0
953.3867518375489	1.9460678951087547	0.0
953.5950915634317	1.9460551786206408	0.0
953.8034768169465	1.9460424593536443	0.0
954.0119076080407	1.9460297373071587	0.0
954.220383946669	1.9460170124805756	0.0
954.428905842783	1.9460042848732881	0.0
954.6374733063382	1.9459915544846884	0.0
954.8460863472903	1.9459788213141687	0.0
955.0547449756027	1.9459660853611211	0.0
955.2634492012361	1.9459533466249375	0.0
955.472199034152	1.9459406051050097	0.0
955.6809944843214	1.9459278608007295	0.0
955.8898355617105	1.9459151137114883	0.0
956.0987222762899	1.9459023638366775	0.0
956.3076546380311	1.9458896111756885	0.0
956.5166326569124	1.9458768557279127	0.0
956.7256563429096	1.9458640974927404	0.0
956.9347257060002	1.945851336469563	0.0
957.1438407561695	1.9458385726577716	0.0
957.3530015033994	1.9458258060567557	0.0
957.5622079576759	1.9458130366659065	0.0
957.7714601289855	1.9458002644846148	0.0
957.9807580273222	1.9457874895122702	0.0
958.1901016626764	1.9457747117482627	0.0
958.3994910450414	1.9457619311919827	0.0
958.6089261844174	1.9457491478428195	0.0
958.8184070908019	1.945736361700163	0.0
959.0279337741964	1.945723572763403	0.0
959.237506244602	1.9457107810319285	0.0
959.4471245120284	1.9456979865051292	0.0
959.6567885864812	1.945685189182394	0.0
959.8664984779692	1.945672389063112	0.0
960.0762541965078	1.945659586146672	0.0
960.2860557521096	1.9456467804324626	0.0
960.4959031547914	1.9456339719198725	0.0
960.7057964145702	1.9456211606082907	0.0
960.9157355414702	1.945608346497105	0.0
961.1257205455132	1.9455955295857037	0.0
961.3357514367224	1.945582709873475	0.0
961.5458282251291	1.9455698873598066	0.0
961.7559509207614	1.9455570620440867	0.0
961.9661195336507	1.9455442339257027	0.0
962.1763340738297	1.945531403004042	0.0
962.3865945513384	1.9455185692784926	0.0
962.5969009762134	1.9455057327484409	0.0
962.8072533584932	1.9454928934132751	0.0
963.0176517082247	1.9454800512723813	0.0
963.2280960354512	1.9454672063251466	0.0
963.4385863502199	1.945454358570958	0.0
963.6491226625783	1.9454415080092025	0.0
963.8597049825819	1.9454286546392656	0.0
964.0703333202827	1.9454157984605338	0.0
964.2810076857346	1.9454029394723942	0.0
964.4917280890002	1.9453900776742317	0.0
964.7024945401376	1.945377213065433	0.0
964.9133070492096	1.9453643456453837	0.0
965.124165626279	1.9453514754134698	0.0
965.335070281417	1.945338602369076	0.0
965.5460210246906	1.9453257265115886	0.0
965.7570178661695	1.9453128478403925	0.0
965.9680608159313	1.9452999663548727	0.0
966.1791498840498	1.945287082054414	0.0
966.390285080603	1.9452741949384018	0.0
966.6014664156692	1.945261305006221	0.0
966.8126938993349	1.9452484122572553	0.0
967.0239675416829	1.9452355166908895	0.0
967.2352873527977	1.9452226183065084	0.0
967.4466533427728	1.9452097171034959	0.0
967.658065521697	1.945196813081236	0.0
967.8695238996644	1.9451839062391123	0.0
968.0810284867681	1.9451709965765096	0.0
968.2925792931102	1.9451580840928107	0.0
968.504176328789	1.9451451687873988	0.0
968.7158196039047	1.9451322506596584	0.0
968.9275091285655	1.9451193297089717	0.0
969.1392449128766	1.9451064059347223	0.0
969.3510269669467	1.9450934793362928	0.0
969.562855300885	1.945080549913067	0.0
969.7747299248088	1.9450676176644268	0.0
969.9866508488315	1.9450546825897548	0.0
970.1986180830693	1.9450417446884338	0.0
970.4106316376458	1.9450288039598456	0.0
970.6226915226813	1.9450158604033727	0.0
970.8347977483003	1.945002914018397	0.0
971.0469503246272	1.944989964804301	0.0
971.2591492617951	1.9449770127604658	0.0
971.4713945699331	1.9449640578862728	0.0
971.6836862591721	1.9449511001811044	0.0
971.8960243396517	1.944938139644341	0.0
972.1084088215079	1.9449251762753645	0.0
972.32083971488	1.9449122100735554	0.0
972.5333170299087	1.9448992410382955	0.0
972.7458407767422	1.944886269168965	0.0
972.9584109655248	1.9448732944649443	0.0
973.1710276064035	1.944860316925615	0.0
973.3836907095332	1.9448473365503562	0.0
973.5964002850651	1.9448343533385493	0.0
973.8091563431548	1.9448213672895736	0.0
974.0219588939576	1.9448083784028098	0.0
974.2348079476377	1.9447953866776373	0.0
974.4477035143551	1.9447823921134357	0.0
974.660645604274	1.9447693947095854	0.0
974.8736342275588	1.944756394465465	0.0
975.0866693943826	1.9447433913804546	0.0
975.2997511149141	1.9447303854539326	0.0
975.5128793993247	1.9447173766852786	0.0
975.7260542577935	1.9447043650738711	0.0
975.9392757004965	1.9446913506190895	0.0
976.1525437376134	1.9446783333203117	0.0
976.3658583793243	1.9446653131769167	0.0
976.5792196358175	1.944652290188283	0.0
976.7926275172774	1.9446392643537882	0.0
977.0060820338912	1.9446262356728112	0.0
977.2195831958534	1.9446132041447293	0.0
977.4331310133554	1.9446001697689208	0.0
977.6467254965927	1.944587132544763	0.0
977.8603666557608	1.9445740924716337	0.0
978.074054501064	1.9445610495489105	0.0
978.287789042702	1.9445480037759704	0.0
978.5015702908772	1.9445349551521909	0.0
978.7153982558006	1.9445219036769485	0.0
978.9292729476787	1.94450884934962	0.0
979.1431943767224	1.944495792169583	0.0
979.3571625531431	1.9444827321362135	0.0
979.5711774871606	1.9444696692488879	0.0
979.7852391889904	1.944456603506983	0.0
979.9993476688504	1.9444435349098743	0.0
980.2135029369671	1.9444304634569385	0.0
980.4277050035626	1.9444173891475511	0.0
980.6419538788638	1.9444043119810885	0.0
980.8562495730977	1.9443912319569256	0.0
981.0705920964991	1.9443781490744387	0.0
981.2849814592996	1.9443650633330023	0.0
981.4994176717331	1.9443519747319924	0.0
981.713900744041	1.9443388832707837	0.0
981.9284306864616	1.944325788948751	0.0
982.1430075092372	1.9443126917652696	0.0
982.3576312226105	1.9442995917197143	0.0
982.572301836832	1.9442869595641634	0.0
982.7870193621491	1.9442752518048612	0.0
983.001783808811	1.9442635414871101	0.0
983.216595187075	1.944251828610351	0.0
983.4314535071951	1.9442401131740246	0.0
983.6463587794293	1.9442283951775716	0.0
983.8613110140359	1.9442166746204324	0.0
984.0763102212812	1.9442049515020476	0.0
984.2913564114281	1.9441932258218575	0.0
984.5064495947415	1.9441814975793026	0.0
984.7215897814948	1.9441697667738225	0.0
984.9367769819571	1.9441580334048567	0.0
985.1520112064027	1.9441462974718458	0.0
985.3672924651048	1.9441345589742292	0.0
985.5826207683461	1.944122817911447	0.0
985.7979961264051	1.9441110742829375	0.0
986.0134185495623	1.9440993280881411	0.0
986.2288880481068	1.9440875793264965	0.0
986.4444046323235	1.9440758279974424	0.0
986.6599683125021	1.9440640741004187	0.0
986.8755790989322	1.9440523176348634	0.0
987.0912370019118	1.9440405586002156	0.0
987.3069420317352	1.944028796995914	0.0
987.5226941986984	1.9440170328213968	0.0
987.7384935131066	1.9440052660761027	0.0
987.9543399852604	1.943993496759469	0.0
988.170233625465	1.9439817248709348	0.0
988.3861744440263	1.9439699504099381	0.0
988.6021624512574	1.943958173375916	0.0
988.8181976574684	1.9439463937683064	0.0
989.0342800729717	1.9439346115865475	0.0
989.2504097080875	1.9439228268300763	0.0
989.4665865731329	1.9439110394983299	0.0
989.6828106784286	1.943899249590746	0.0
989.8990820342956	1.943887457106762	0.0
990.1154006510639	1.943875662045814	0.0
990.3317665390589	1.9438638644073396	0.0
990.5481797086084	1.9438520641907753	0.0
990.764640170049	1.9438402613955574	0.0
990.981147933713	1.9438284560211232	0.0
991.1977030099373	1.9438166480669083	0.0
991.4143054090589	1.9438048375323491	0.0
991.6309551414233	1.9437930244168822	0.0
991.8476522173713	1.943781208719943	0.0
992.0643966472476	1.9437693904409679	0.0
992.2811884414036	1.9437575695793923	0.0
992.4980276101879	1.9437457461346517	0.0
992.7149141639532	1.9437339201061818	0.0
992.931848113052	1.9437220914934186	0.0
993.1488294678458	1.9437102602957965	0.0
993.3658582386917	1.9436984265127508	0.0
993.5829344359514	1.9436865901437168	0.0
993.8000580699869	1.9436747511881292	0.0
994.0172291511683	1.9436629096454228	0.0
994.2344476898618	1.943651065515032	0.0
994.4517136964366	1.9436392187963922	0.0
994.6690271812693	1.943627369488937	0.0
994.8863881547331	1.943615517592101	0.0
995.1037966272057	1.9436036631053177	0.0
995.3212526090648	1.9435918060280222	0.0
995.5387561106965	1.9435799463596477	0.0
995.7563071424829	1.9435680840996281	0.0
995.9739057148086	1.9435562192473972	0.0
996.1915518380665	1.9435443518023883	0.0
996.4092455226458	1.9435324817640347	0.0
996.6269867789399	1.9435206091317705	0.0
996.8447756173422	1.9435087339050283	0.0
997.0626120482549	1.9434968560832409	0.0
997.2804960820762	1.9434849756658412	0.0
997.4984277292064	1.9434730926522628	0.0
997.7164070000541	1.9434612070419375	0.0
997.9344339050247	1.9434493188342978	0.0
998.1525084545274	1.9434374280287767	0.0
998.3706306589713	1.9434255346248068	0.0
998.588800528775	1.9434136386218195	0.0
998.8070180743521	1.9434017400192467	0.0
999.025283306119	1.9433898388165212	0.0
999.2435962345007	1.943377935013074	0.0
999.4619568699178	1.9433660286083372	0.0
999.6803652227959	1.943354119601742	0.0
999.8988213035601	1.9433422079927207	0.0
1000.1173251226443	1.9433302937807033	0.0
1000.3358766904787	1.9433183769651219	0.0
1000.5544760174955	1.9433064575454075	0.0
1000.7731231141354	1.9432945355209905	0.0
1000.9918179908351	1.9432826108913024	0.0
1001.2105606580362	1.9432706836557732	0.0
1001.4293511261799	1.9432587538138337	0.0
1001.6481894057157	1.9432468213649148	0.0
1001.8670755070902	1.943234886308446	0.0
1002.0860094407514	1.9432229486438584	0.0
1002.3049912171557	1.9432110083705811	0.0
1002.5240208467562	1.9431990654880442	0.0
1002.7430983400101	1.9431871199956787	0.0
1002.9622237073748	1.943175171892913	0.0
1003.1813969593161	1.9431632211791765	0.0
1003.4006181062957	1.9431512678538998	0.0
1003.6198871587785	1.9431393119165117	0.0
1003.8392041272366	1.943127353366441	0.0
1004.058569022139	1.9431153922031168	0.0
1004.2779818539589	1.9431034284259683	0.0
1004.4974426331697	1.9430914620344244	0.0
1004.7169513702532	1.9430794930279136	0.0
1004.9365080756877	1.9430675214058648	0.0
1005.1561127599531	1.9430555471677062	0.0
1005.3757654335382	1.9430435703128661	0.0
1005.5954661069278	1.943031590840772	0.0
1005.8152147906113	1.9430196087508533	0.0
1006.0350114950783	1.9430076240425374	0.0
1006.2548562308261	1.9429956367152514	0.0
1006.4747490083492	1.9429836467684238	0.0
1006.6946898381439	1.9429716542014819	0.0
1006.9146787307147	1.9429596590138534	0.0
1007.1347156965627	1.9429476612049648	0.0
1007.3548007461933	1.9429356607742443	0.0
1007.5749338901117	1.9429236577211186	0.0
1007.795115138832	1.9429116520450145	0.0
1008.0153445028641	1.9428996437453585	0.0
1008.2356219927208	1.942887632821578	0.0
1008.4559476189227	1.9428756192730994	0.0
1008.6763213919867	1.9428636030993487	0.0
1008.8967433224342	1.9428515842997522	0.0
1009.117213420787	1.942839562873737	0.0
1009.337731697575	1.942827538820728	0.0
1009.5582981633243	1.9428155121401518	0.0
1009.7789128285634	1.942803482831434	0.0
1009.9995757038292	1.9427914508940005	0.0
1010.220286799655	1.9427794163272767	0.0
1010.4410461265779	1.9427673791306876	0.0
1010.661853695136	1.9427553393036596	0.0
1010.8827095158753	1.9427432968456166	0.0
1011.1036135993379	1.9427312517559847	0.0
1011.3245659560686	1.9427192040341883	0.0
1011.5455665966205	1.942707153679652	0.0
1011.7666155315427	1.9426951006918012	0.0
1011.9877127713888	1.9426830450700596	0.0
1012.2088583267126	1.9426709868138525	0.0
1012.4300522080766	1.9426589259226033	0.0
1012.6512944260389	1.942646862395737	0.0
1012.8725849911605	1.9426347962326769	0.0
1013.0939239140104	1.9426227274328478	0.0
1013.3153112051542	1.9426106559956726	0.0
1013.5367468751616	1.9425985819205753	0.0
1013.7582309346025	1.94258650520698	0.0
1013.9797633940551	1.9425744258543094	0.0
1014.2013442640945	1.942562343861987	0.0
1014.4229735552972	1.942550259229436	0.0
1014.644651278249	1.9425381719560795	0.0
1014.8663774435312	1.9425260820413401	0.0
1015.0881520617295	1.942513989484641	0.0
1015.3099751434303	1.9425018942854049	0.0
1015.5318466992283	1.942489796443054	0.0
1015.7537667397141	1.942477695957011	0.0
1015.975735275481	1.9424655928266978	0.0
1016.1977523171306	1.9424534870515373	0.0
1016.4198178752605	1.9424413786309502	0.0
1016.6419319604728	1.9424292675643597	0.0
1016.8640945833697	1.9424171538511874	0.0
1017.0863057545625	1.9424050374908541	0.0
1017.3085654846578	1.9423929184827822	0.0
1017.5308737842654	1.942380796826393	0.0
1017.7532306640027	1.9423686725211071	0.0
1017.9756361344836	1.9423565455663465	0.0
1018.1980902063267	1.9423455128891893	0.0
1018.4205928901505	1.9423346127458807	0.0
1018.6431441965823	1.9423237102206081	0.0
1018.865744136245	1.9423128053128509	0.0
1019.0883927197641	1.942301898022089	0.0
1019.311089957774	1.9422909883478006	0.0
1019.533835860905	1.9422800762894656	0.0
1019.7566304397914	1.942269161846563	0.0
1019.9794737050678	1.942258245018572	0.0
1020.2023656673781	1.9422473258049706	0.0
1020.4253063373617	1.942236404205238	0.0
1020.6482957256601	1.9422254802188528	0.0
1020.871333842924	1.942214553845293	0.0
1021.0944206997997	1.9422036250840375	0.0
1021.3175563069381	1.9421926939345644	0.0
1021.5407406749903	1.9421817603963516	0.0
1021.7639738146161	1.9421708244688771	0.0
1021.987255736471	1.942159886151619	0.0
1022.2105864512134	1.942148945444055	0.0
1022.4339659695099	1.9421380023456627	0.0
1022.6573943020231	1.9421270568559195	0.0
1022.8808714594203	1.9421161089743029	0.0
1023.104397452369	1.9421051587002904	0.0
1023.3279722915449	1.9420942060333592	0.0
1023.5515959876204	1.9420832509729864	0.0
1023.77526855127	1.9420722935186487	0.0
1023.9989899931763	1.9420613336698231	0.0
1024.2227603240185	1.9420503714259865	0.0
1024.4465795544804	1.942039406786615	0.0
1024.6704476952455	1.9420284397511858	0.0
1024.894364757006	1.942017470319175	0.0
1025.1183307504507	1.9420064984900587	0.0
1025.34234568627	1.9419955242633136	0.0
1025.5664095751633	1.941984547638415	0.0
1025.7905224278265	1.9419735686148394	0.0
1026.0146842549586	1.9419625871920623	0.0
1026.2388950672607	1.9419516033695599	0.0
1026.4631548754408	1.9419406171468072	0.0
1026.6874636902037	1.94192962852328	0.0
1026.9118215222568	1.9419186374984538	0.0
1027.136228382316	1.9419076440718037	0.0
1027.3606842810925	1.9418966482428048	0.0
1027.5851892293028	1.941885650010932	0.0
1027.8097432376637	1.9418746493756605	0.0
1028.0343463169	1.941863646336465	0.0
1028.2589984777328	1.9418526408928198	0.0
1028.4836997308857	1.9418416330442	0.0
1028.7084500870908	1.94183062279008	0.0
1028.9332495570764	1.9418196101299339	0.0
1029.1580981515751	1.941808595063236	0.0
1029.3829958813199	1.9417975775894605	0.0
1029.607942757052	1.941786557708081	0.0
1029.8329387895092	1.9417755354185717	0.0
1030.0579839894312	1.941764510720407	0.0
1030.283078367567	1.9417534836130592	0.0
1030.508221934661	1.9417424540960027	0.0
1030.733414701462	1.941731422168711	0.0
1030.9586566787193	1.9417203878306566	0.0
1031.1839478771915	1.9417093510813137	0.0
1031.409288307632	1.9416983119201547	0.0
1031.6346779807973	1.941687270346653	0.0
1031.8601169074527	1.941676226360281	0.0
1032.0856050983589	1.9416651799605114	0.0
1032.3111425642817	1.9416541311468172	0.0
1032.5367293159866	1.9416430799186708	0.0
1032.7623653642481	1.9416320262755442	0.0
1032.9880507198368	1.94162097021691	0.0
1033.2137853935253	1.9416099117422407	0.0
1033.4395693960955	1.9415988508510078	0.0
1033.6654027383242	1.9415877875426832	0.0
1033.8912854309945	1.9415767218167388	0.0
1034.1172174848878	1.9415656536726467	0.0
1034.343198910795	1.9415545831098782	0.0
1034.5692297195033	1.9415435101279042	0.0
1034.7953099218023	1.9415324347261969	0.0
1035.0214395284895	1.941521356904227	0.0
1035.247618550359	1.9415102766614658	0.0
1035.4738469982099	1.941499193997384	0.0
1035.7001248828399	1.941488108911453	0.0
1035.9264522150575	1.9414770214031434	0.0
1036.1528290056654	1.9414659314719258	0.0
1036.3792552654695	1.9414548391172703	0.0
1036.6057310052852	1.9414437443386479	0.0
1036.832256235922	1.9414326471355288	0.0
1037.0588309681953	1.9414215475073826	0.0
1037.2854552129204	1.9414104454536805	0.0
1037.5121289809213	1.9413993409738914	0.0
1037.738852283018	1.9413882340674857	0.0
1037.965625130033	1.9413771247339329	0.0
1038.1924475327971	1.9413660129727024	0.0
1038.4193195021376	1.9413548987832643	0.0
1038.646241048886	1.9413437821650876	0.0
1038.873212183874	1.9413326631176417	0.0
1039.1002329179425	1.9413215416403953	0.0
1039.327303261928	1.9413104177328175	0.0
1039.554423226669	1.941299291394378	0.0
1039.7815928230136	1.941288162624545	0.0
1040.0088120618054	1.941277031422787	0.0
1040.2360809538923	1.9412658977885728	0.0
1040.4633995101233	1.9412547617213711	0.0
1040.6907677413546	1.9412436232206498	0.0
1040.9181856584403	1.9412324822858773	0.0
1041.1456532722354	1.941221338916522	0.0
1041.3731705936045	1.9412101931120511	0.0
1041.6007376334076	1.941199044871933	0.0
1041.8283544025096	1.941187894195635	0.0
1042.056020911775	1.941176741082626	0.0
1042.2837371720784	1.9411655855323717	0.0
1042.5115031942892	1.941154427544341	0.0
1042.7393189892796	1.9411432671180004	0.0
1042.96718456793	1.9411321042528176	0.0
1043.195099941118	1.9411209389482589	0.0
1043.423065119725	1.9411097712037917	0.0
1043.651080114632	1.9410986010188829	0.0
1043.87914493673	1.9410874283929989	0.0
1044.107259596905	1.9410762533256065	0.0
1044.3354241060458	1.9410650758161723	0.0
1044.5636384750505	1.9410538958641623	0.0
1044.7919027148118	1.941042713469043	0.0
1045.0202168362287	1.9410315286302802	0.0
1045.2485808501988	1.9410203413473404	0.0
1045.4769947676293	1.9410091516196888	0.0
1045.7054585994235	1.9409979594467919	0.0
1045.9339723564888	1.940986764828115	0.0
1046.1625360497333	1.9409755677631235	0.0
1046.391149690073	1.940964368251283	0.0
1046.619813288421	1.9409531662920587	0.0
1046.8485268556924	1.9409419618849162	0.0
1047.0772904028104	1.9409307550293198	0.0
1047.3061039406955	1.9409195457247352	0.0
1047.5349674802712	1.9409083339706266	0.0
1047.7638810324627	1.940897119766459	0.0
1047.9928446082029	1.9408859031116974	0.0
1048.2218582184212	1.9408746840058055	0.0
1048.4509218740498	1.9408634624482486	0.0
1048.6800355860282	1.9408522384384899	0.0
1048.9091993652935	1.940841011975994	0.0
1049.138413222787	1.940829783060225	0.0
1049.3676771694493	1.940818551690647	0.0
1049.5969912162307	1.9408073178667236	0.0
1049.8263553740774	1.940796081587918	0.0
1050.0557696539374	1.9407848428536945	0.0
1050.2852340667685	1.940773601663516	0.0
1050.5147486235235	1.9407623580168458	0.0
1050.7443133351605	1.9407511119131473	0.0
1050.973928212637	1.940739863351884	0.0
1051.2035932669203	1.9407286123325178	0.0
1051.433308508973	1.9407173588545124	0.0
1051.6630739497602	1.9407061029173303	0.0
1051.892889600256	1.9406948445204342	0.0
1052.1227554714305	1.940683583663286	0.0
1052.352671574258	1.9406723203453489	0.0
1052.5826379197135	1.9406610545660845	0.0
1052.8126545187804	1.9406497863249557	0.0
1053.0427213824382	1.9406385156214236	0.0
1053.2728385216692	1.9406272424549507	0.0
1053.503005947464	1.9406159668249985	0.0
1053.7332236708096	1.940604688731029	0.0
1053.963491702697	1.9405934081725034	0.0
1054.1938100541179	1.9405830319786566	0.0
1054.4241787360725	1.9405728243755869	0.0
1054.6545977595574	1.9405626145418913	0.0
1054.8850671355717	1.9405524024770822	0.0
1055.1155868751225	1.9405421881806724	0.0
1055.3461569892136	1.9405319716521736	0.0
1055.5767774888532	1.9405217528910985	0.0
1055.8074483850496	1.9405115318969595	0.0
1056.03816968882	1.940501308669268	0.0
1056.268941411178	1.9404910832075364	0.0
1056.4997635631387	1.940480855511276	0.0
1056.7306361557266	1.9404706255799988	0.0
1056.9615591999627	1.9404603934132165	0.0
1057.1925327068714	1.9404501590104402	0.0
1057.4235566874784	1.9404399223711817	0.0
1057.6546311528173	1.9404296834949522	0.0
1057.885756113919	1.9404194423812626	0.0
1058.116931581815	1.9404091990296242	0.0
1058.348157567547	1.9403989534395476	0.0
1058.5794340821526	1.9403887056105442	0.0
1058.8107611366734	1.9403784555421244	0.0
1059.0421387421516	1.9403682032337988	0.0
1059.2735669096382	1.940357948685078	0.0
1059.5050456501804	1.9403476918954725	0.0
1059.7365749748271	1.9403374328644922	0.0
1059.9681548946367	1.9403271715916481	0.0
1060.1997854206634	1.9403169080764497	0.0
1060.4314665639663	1.940306642318407	0.0
1060.663198335604	1.9402963743170298	0.0
1060.8949807466447	1.9402861040718284	0.0
1061.126813808152	1.940275831582312	0.0
1061.3586975311928	1.94026555684799	0.0
1061.5906319268413	1.9402552798683725	0.0
1061.8226170061694	1.9402450006429683	0.0
1062.0546527802524	1.940234719171287	0.0
1062.2867392601665	1.9402244354528375	0.0
1062.5188764569962	1.9402141494871286	0.0
1062.7510643818227	1.9402038612736698	0.0
1062.9833030457291	1.9401935708119695	0.0
1063.2155924598076	1.9401832781015367	0.0
1063.4479326351461	1.9401729831418795	0.0
1063.6803235828372	1.9401626859325067	0.0
1063.912765313974	1.9401523864729269	0.0
1064.1452578396584	1.9401420847626478	0.0
1064.377801170988	1.9401317808011778	0.0
1064.6103953190627	1.9401214745880253	0.0
1064.843040294992	1.940111166122698	0.0
1065.0757361098813	1.9401008554047037	0.0
1065.3084827748394	1.94009054243355	0.0
1065.5412803009765	1.9400802272087452	0.0
1065.7741286994117	1.9400699097297958	0.0
1066.0070279812596	1.9400595899962099	0.0
1066.239978157637	1.9400492680074946	0.0
1066.4729792396706	1.9400389437631569	0.0
1066.706031238482	1.9400286172627044	0.0
1066.939134165198	1.9400182885056436	0.0
1067.1722880309458	1.9400079574914817	0.0
1067.4054928468606	1.9399976242197254	0.0
1067.6387486240747	1.9399872886898812	0.0
1067.8720553737242	1.9399769509014557	0.0
1068.105413106946	1.9399666108539555	0.0
1068.338821834885	1.939956268546887	0.0
1068.5722815686834	1.9399459239797556	0.0
1068.8057923194851	1.9399355771520685	0.0
1069.0393540984426	1.9399252280633315	0.0
1069.272966916705	1.9399148767130496	0.0
1069.5066307854254	1.9399045231007297	0.0
1069.7403457157577	1.9398941672258774	0.0
1069.9741117188646	1.939883809087997	0.0
1070.2079288059044	1.9398734486865956	0.0
1070.4417969880385	1.9398630860211779	0.0
1070.6757162764363	1.9398527210912486	0.0
1070.9096866822642	1.9398423538963137	0.0
1071.1437082166926	1.9398319844358778	0.0
1071.3777808908917	1.939821612709446	0.0
1071.6119047160419	1.9398112387165227	0.0
1071.8460797033185	1.9398008624566134	0.0
1072.0803058638996	1.939790483929222	0.0
1072.3145832089722	1.9397801031338537	0.0
1072.5489117497193	1.9397697200700117	0.0
1072.7832914973287	1.9397593347372015	0.0
1073.017722462988	1.939748947134927	0.0
1073.252204657894	1.9397385572626915	0.0
1073.4867380932399	1.93972816512	0.0
1073.7213227802201	1.9397177707063555	0.0
1073.9559587300391	1.9397073740212625	0.0
1074.1906459538975	1.9396969750642237	0.0
1074.4253844629995	1.9396865738347437	0.0
1074.66017426855	1.939676170332325	0.0
1074.895015381763	1.9396657645564712	0.0
1075.1299078138486	1.9396553565066856	0.0
1075.364851576019	1.9396449461824719	0.0
1075.5998466794958	1.9396345335833318	0.0
1075.8348931354956	1.9396241187087688	0.0
1076.0699909552407	1.9396137015582857	0.0
1076.305140149953	1.9396032821313853	0.0
1076.5403407308643	1.9395928604275698	0.0
1076.7755927092007	1.9395824364463414	0.0
1077.0108960961923	1.9395720101872034	0.0
1077.246250903077	1.9395615816496574	0.0
1077.48165714109	1.9395511508332053	0.0
1077.7171148214695	1.9395407177373496	0.0
1077.9526239554555	1.9395302823615916	0.0
1078.188184554296	1.9395198447054338	0.0
1078.4237966292353	1.9395094047683772	0.0
1078.6594601915199	1.9394989625499237	0.0
1078.8951752524058	1.9394885180495747	0.0
1079.1309418231444	1.9394780712668316	0.0
1079.366759914992	1.9394676222011957	0.0
1079.6026295392048	1.939457170852168	0.0
1079.8385507070489	1.9394467172192495	0.0
1080.0745234297851	1.939436261301941	0.0
1080.310547718678	1.9394258030997436	0.0
1080.546623585	1.9394153426121579	0.0
1080.7827510400198	1.9394048798386843	0.0
1081.0189300950115	1.9393944147788231	0.0
1081.2551607612481	1.9393839474320758	0.0
1081.491443050013	1.9393734777979412	0.0
1081.7277769725845	1.9393630058759201	0.0
1081.964162540244	1.9393525316655127	0.0
1082.2005997642816	1.9393420551662186	0.0
1082.437088655983	1.9393315763775378	0.0
1082.6736292266396	1.9393210952989701	0.0
1082.9102214875415	1.939310611930015	0.0
1083.1468654499897	1.9393001262701715	0.0
1083.3835611252796	1.9392896383189397	0.0
1083.6203085247093	1.9392791480758187	0.0
1083.8571076595872	1.9392686555403076	0.0
1084.093958541216	1.9392581607119053	0.0
1084.3308611809039	1.939247663590111	0.0
1084.5678155899586	1.9392371641744233	0.0
1084.8048217796982	1.939226662464341	0.0
1085.041879761436	1.9392161584593628	0.0
1085.2789895464866	1.9392056521589873	0.0
1085.5161511461758	1.9391951435627126	0.0
1085.7533645718242	1.9391846326700373	0.0
1085.9906298347566	1.939174119480459	0.0
1086.2279469462992	1.9391636039934763	0.0
1086.4653159177863	1.9391530862085873	0.0
1086.7027367605483	1.9391425661252892	0.0
1086.9402094859183	1.9391320437430806	0.0
1087.1777341052386	1.9391215190614586	0.0
1087.415310629847	1.9391109920799203	0.0
1087.6529390710862	1.9391004627979638	0.0
1087.8906194402991	1.9390899312150862	0.0
1088.128351748838	1.939079397330785	0.0
1088.3661360080503	1.9390688611445566	0.0
1088.6039722292867	1.9390583226558982	0.0
1088.8418604239064	1.939047781864307	0.0
1089.079800603265	1.939037558206627	0.0
1089.3177927787226	1.9390279654770142	0.0
1089.555836961639	1.9390183706511417	0.0
1089.793933163384	1.9390087737285504	0.0
1090.0320813953226	1.938999174708783	0.0
1090.2702816688227	1.938989573591381	0.0
1090.5085339952614	1.9389799703758852	0.0
1090.746838386011	1.9389703650618386	0.0
1090.985194852449	1.9389607576487813	0.0
1091.223603405953	1.9389511481362556	0.0
1091.46206405791	1.9389415365238019	0.0
1091.7005768197025	1.9389319228109616	0.0
1091.9391417027157	1.9389223069972763	0.0
1092.1777587183442	1.9389126890822856	0.0
1092.4164278779774	1.9389030690655318	0.0
1092.6551491930106	1.9388934469465544	0.0
1092.8939226748387	1.938883822724895	0.0
1093.1327483348662	1.9388741964000933	0.0
1093.371626184493	1.9388645679716898	0.0
1093.6105562351213	1.9388549374392254	0.0
1093.8495384981636	1.9388453048022396	0.0
1094.0885729850265	1.9388356700602734	0.0
1094.327659707123	1.938826033212866	0.0
1094.5667986758658	1.9388163942595575	0.0
1094.8059899026757	1.9388067531998876	0.0
1095.0452333989708	1.9387971100333963	0.0
1095.284529176171	1.9387874647596235	0.0
1095.5238772457058	1.9387778173781076	0.0
1095.7632776189994	1.9387681678883892	0.0
1096.0027303074824	1.9387585162900067	0.0
1096.2422353225845	1.9387488625825002	0.0
1096.4817926757444	1.938739206765408	0.0
1096.721402378398	1.9387295488382692	0.0
1096.961064441982	1.9387198888006232	0.0
1097.2007788779433	1.9387102266520084	0.0
1097.440545697725	1.9387005623919635	0.0
1097.6803649127733	1.9386908960200275	0.0
1097.9202365345363	1.9386812275357381	0.0
1098.1601605744704	1.9386715569386348	0.0
1098.4001370440287	1.9386618842282548	0.0
1098.6401659546655	1.938652209404137	0.0
1098.8802473178453	1.938642532465819	0.0
1099.120381145028	1.9386328534128392	0.0
1099.3605674476787	1.9386231722447351	0.0
1099.6008062372618	1.9386134889610454	0.0
1099.8410975252523	1.938603803561307	0.0
1100.0814413231196	1.9385941160450573	0.0
1100.3218376423363	1.9385844264118341	0.0
1100.5622864943844	1.938574734661175	0.0
1100.8027878907412	1.938565040792617	0.0
1101.0433418428893	1.9385553448056971	0.0
1101.283948362311	1.938545646699953	0.0
1101.5246074604981	1.938535946474921	0.0
1101.7653191489385	1.9385262441301387	0.0
1102.006083439122	1.9385165396651423	0.0
1102.2469003425479	1.9385068330794688	0.0
1102.4877698707114	1.9384971243726548	0.0
1102.7286920351123	1.938487413544236	0.0
1102.969666847251	1.93847770059375	0.0
1103.2106943186363	1.9384679855207323	0.0
1103.4517744607742	1.9384582683247187	0.0
1103.6929072851717	1.9384485490052465	0.0
1103.9340928033462	1.9384388275618507	0.0
1104.17533102681	1.9384291039940678	0.0
1104.4166219670808	1.9384193783014327	0.0
1104.6579656356762	1.9384096504834818	0.0
1104.8993620441233	1.9383999205397506	0.0
1105.140811203945	1.938390188469774	0.0
1105.3823131266665	1.9383804542730885	0.0
1105.6238678238224	1.938370717949228	0.0
1105.8654753069427	1.9383609794977283	0.0
1106.1071355875629	1.9383512389181243	0.0
1106.3488486772183	1.9383414962099514	0.0
1106.5906145874533	1.9383317513727443	0.0
1106.8324333298085	1.9383220044060372	0.0
1107.074304915827	1.9383122553093655	0.0
1107.3162293570606	1.9383025040822632	0.0
1107.558206665058	1.9382927507242649	0.0
1107.800236851371	1.938282995234905	0.0
1108.0423199275533	1.9382732376137177	0.0
1108.284455905167	1.9382634778602372	0.0
1108.5266447957702	1.9382537159739974	0.0
1108.7688866109236	1.938243951954533	0.0
1109.0111813621968	1.9382341858013765	0.0
1109.253529061156	1.9382244175140624	0.0
1109.4959297193711	1.9382146470921242	0.0
1109.7383833484132	1.9382048745350955	0.0
1109.980889959862	1.93819509984251	0.0
1110.2234495652935	1.9381853230139001	0.0
1110.466062176286	1.9381755440488	0.0
1110.7087278044269	1.9381657629467424	0.0
1110.9514464612996	1.9381559797072607	0.0
1111.1942181584925	1.938146194329887	0.0
1111.4370429075936	1.938136406814155	0.0
1111.6799207202014	1.938126617159597	0.0
1111.9228516079083	1.9381168253657455	0.0
1112.1658355823115	1.9381070314321334	0.0
1112.4088726550153	1.9380972353582924	0.0
1112.6519628376216	1.9380874371437553	0.0
1112.8951061417358	1.9380776367880546	0.0
1113.138302578964	1.938067834290722	0.0
1113.3815521609222	1.9380580296512895	0.0
1113.6248548992212	1.938048222869289	0.0
1113.868210805475	1.9380384139442526	0.0
1114.1116198913064	1.9380286028757112	0.0
1114.3550821683345	1.9380187896631975	0.0
1114.5985976481832	1.938008974306242	0.0
1114.8421663424758	1.9379991568043768	0.0
1115.0857882628463	1.9379893371571328	0.0
1115.3294634209233	1.9379795153640413	0.0
1115.5731918283382	1.9379696914246334	0.0
1115.816973496732	1.9379598653384398	0.0
1116.0608084377416	1.9379500371049918	0.0
1116.3046966630084	1.9379402067238196	0.0
1116.5486381841736	1.9379303741944547	0.0
1116.792633012889	1.9379205395164267	0.0
1117.036681160801	1.9379107026892668	0.0
1117.2807826395588	1.937900863712505	0.0
1117.5249374608218	1.9378910225856716	0.0
1117.7691456362436	1.937881179308297	0.0
1118.0134071774842	1.937871333879911	0.0
1118.2577220962025	1.9378614863000438	0.0
1118.5020904040678	1.9378516365682248	0.0
1118.7465121127448	1.937841784683984	0.0
1118.9909872339003	1.9378319306468512	0.0
1119.2355157792113	1.937822074456356	0.0
1119.4800977603497	1.937812216112027	0.0
1119.724733188993	1.9378023556133945	0.0
1119.969422076818	1.9377924929599875	0.0
1120.2141644355124	1.9377826281513348	0.0
1120.458960276758	1.9377727611869653	0.0
1120.7038096122399	1.9377628920664087	0.0
1120.948712453653	1.9377530207891933	0.0
1121.1936688126866	1.9377431473548477	0.0
1121.4386787010362	1.937733271762901	0.0
1121.6837421303974	1.9377233940128813	0.0
1121.9288591124744	1.937713514104317	0.0
1122.1740296589676	1.9377036320367362	0.0
1122.4192537815825	1.9376937478096679	0.0
1122.6645314920238	1.9376838614226397	0.0
1122.9098628020074	1.937673972875179	0.0
1123.1552477232435	1.9376640821668147	0.0
1123.4006862674455	1.9376541892970744	0.0
1123.6461784463354	1.9376442942654852	0.0
1123.8917242716318	1.937634397071575	0.0
1124.137323755058	1.9376244977148713	0.0
1124.3829769083372	1.9376145961949018	0.0
1124.6286837432021	1.9376046925111932	0.0
1124.874444271382	1.9375947866632728	0.0
1125.1202585046067	1.937585293346783	0.0
1125.3661264546176	1.937576231013287	0.0
1125.612048133151	1.9375671666994358	0.0
1125.8580235519476	1.9375581004047975	0.0
1126.1040527227487	1.9375490321289386	0.0
1126.3501356573056	1.9375399618714264	0.0
1126.596272367364	1.9375308896318277	0.0
1126.842462864674	1.9375218154097091	0.0
1127.088707160993	1.937512739204638	0.0
1127.3350052680757	1.9375036610161809	0.0
1127.5813571976814	1.937494580843904	0.0
1127.8277629615689	1.9374854986873742	0.0
1128.0742225715076	1.9374764145461576	0.0
1128.3207360392612	1.9374673284198205	0.0
1128.5673033765972	1.9374582403079292	0.0
1128.813924595292	1.9374491502100497	0.0
1129.0605997071177	1.9374400581257485	0.0
1129.3073287238517	1.9374309640545908	0.0
1129.5541116572708	1.9374218679961428	0.0
1129.8009485191621	1.9374127699499704	0.0
1130.0478393213082	1.9374036699156387	0.0
1130.294784075494	1.9373945678927136	0.0
1130.5417827935137	1.9373854638807608	0.0
1130.788835487158	1.937376357879345	0.0
1131.0359421682215	1.9373672498880317	0.0
1131.2831028485	1.9373581399063864	0.0
1131.530317539798	1.937349027933974	0.0
1131.7775862539163	1.9373399139703589	0.0
1132.0249090026578	1.9373307980151069	0.0
1132.2722857978351	1.937321680067782	0.0
1132.5197166512564	1.9373125601279493	0.0
1132.7672015747348	1.9373034381951733	0.0
1133.0147405800838	1.9372943142690184	0.0
1133.2623336791264	1.937285188349049	0.0
1133.509980883681	1.9372760604348296	0.0
1133.757682205569	1.9372669305259242	0.0
1134.0054376566204	1.9372577986218968	0.0
1134.253247248662	1.937248664722312	0.0
1134.5011109935253	1.937239528826733	0.0
1134.7490289030413	1.9372303909347242	0.0
1134.9970009890512	1.9372212510458486	0.0
1135.2450272633916	1.9372121091596703	0.0
1135.4931077379017	1.9372029652757534	0.0
1135.7412424244305	1.9371938193936604	0.0
1135.9894313348223	1.9371846715129553	0.0
1136.2376744809262	1.9371755216332005	0.0
1136.485971874592	1.9371663697539603	0.0
1136.7343235276787	1.9371572158747967	0.0
1136.9827294520414	1.9371480599952735	0.0
1137.231189659537	1.937138902114953	0.0
1137.4797041620327	1.9371297422333984	0.0
1137.728272971391	1.9371205803501719	0.0
1137.9768960994795	1.9371114164648364	0.0
1138.2255735581657	1.937102250576955	0.0
1138.474305359327	1.9370930826860886	0.0
1138.7230915148361	1.9370839127918007	0.0
1138.971932036569	1.9370747408936528	0.0
1139.22082693641	1.9370655669912078	0.0
1139.4697762262408	1.937056391084027	0.0
1139.7187799179462	1.9370472131716725	0.0
1139.9678380234125	1.9370380332537063	0.0
1140.2169505545348	1.93702885132969	0.0
1140.4661175232047	1.937019667399185	0.0
1140.7153389413156	1.9370104814617535	0.0
1140.964614820771	1.937001293516956	0.0
1141.2139451734695	1.9369921035643547	0.0
1141.4633300113148	1.9369829116035104	0.0
1141.7127693462112	1.9369737176339843	0.0
1141.9622631900725	1.9369645216553373	0.0
1142.211811554808	1.9369553236671306	0.0
1142.4614144523293	1.936946123668925	0.0
1142.7110718945582	1.9369369216602812	0.0
1142.9607838934114	1.93692771764076	0.0
1143.2105504608114	1.936918511609922	0.0
1143.4603716086804	1.9369093035673273	0.0
1143.71024734895	1.9369000935125364	0.0
1143.960177693548	1.9368908814451102	0.0
1144.2101626544045	1.936881667364608	0.0
1144.4602022434592	1.9368724512705906	0.0
1144.7102964726475	1.9368632331626172	0.0
1144.9604453539096	1.9368540130402487	0.0
1145.210648899186	1.9368447909030442	0.0
1145.460907120427	1.9368355667505637	0.0
1145.7112200295785	1.9368263405823665	0.0
1145.9615876385908	1.9368171123980122	0.0
1146.2120099594156	1.9368078821970611	0.0
1146.4624870040127	1.9367986499790708	0.0
1146.7130187843388	1.9367894157436019	0.0
1146.9636053123527	1.9367801794902133	0.0
1147.214246600023	1.9367709412184637	0.0
1147.4649426593135	1.9367617009279123	0.0
1147.7156935021933	1.9367524586181175	0.0
1147.9664991406316	1.9367432142886387	0.0
1148.2173595866077	1.936733967939034	0.0
1148.4682748520954	1.936724719568862	0.0
1148.7192449490726	1.9367154691776818	0.0
1148.970269889526	1.9367062167650508	0.0
1149.2213496854374	1.9366969623305281	0.0
1149.472484348795	1.9366877058736711	0.0
1149.7236738915856	1.9366784473940386	0.0
1149.9749183258068	1.9366691868911883	0.0
1150.2262176634515	1.9366599243646778	0.0
1150.4775719165152	1.9366506598140654	0.0
1150.7289810970028	1.936641393238908	0.0
1150.9804452169153	1.9366321246387637	0.0
1151.2319642882583	1.9366228540131902	0.0
1151.4835383230377	1.9366135813617444	0.0
1151.7351673332691	1.936604306683984	0.0
1151.9868513309639	1.936595029979466	0.0
1152.2385903281358	1.9365857512477476	0.0
1152.4903843368083	1.9365764704883854	0.0
1152.7422333690006	1.936567187700937	0.0
1152.9941374367365	1.9365579028849587	0.0
1153.2460965520409	1.9365486160400072	0.0
1153.498110726947	1.9365393271656395	0.0
1153.7501799734853	1.9365300362614117	0.0
1154.0023043036874	1.9365207433268807	0.0
1154.2544837295952	1.9365114483616024	0.0
1154.5067182632467	1.9365021513651333	0.0
1154.7590079166841	1.9364928523370293	0.0
1155.0113527019498	1.9364835512768466	0.0
1155.2637526310966	1.9364742481841408	0.0
1155.5162077161724	1.9364649430584684	0.0
1155.7687179692282	1.9364556358993845	0.0
1156.021283402324	1.9364463267064451	0.0
1156.2739040275155	1.9364370154792057	0.0
1156.5265798568641	1.9364277022172218	0.0
1156.7793109024306	1.9364183869200484	0.0
1157.0320971762862	1.9364090695872411	0.0
1157.284938690497	1.9363997502183552	0.0
1157.5378354571326	1.9363904288129454	0.0
1157.7907874882712	1.9363811053705668	0.0
1158.0437947959874	1.9363717798907745	0.0
1158.2968573923608	1.9363624523731229	0.0
1158.549975289471	1.9363531228171669	0.0
1158.8031484994071	1.9363437912224608	0.0
1159.0563770342542	1.9363344575885595	0.0
1159.3096609060995	1.936325121915017	0.0
1159.5630001270408	1.936315784201388	0.0
1159.816394709171	1.9363064444472264	0.0
1160.0698446645877	1.936297310874322	0.0
1160.3233500053889	1.9362887227926762	0.0
1160.5769107436827	1.936280132834312	0.0
1160.8305268915724	1.936271540998819	0.0
1161.084198461164	1.9362629472857873	0.0
1161.3379254645738	1.9362543516948065	0.0
1161.5917079139126	1.9362457542254659	0.0
1161.845545821297	1.9362371548773556	0.0
1162.0994391988436	1.9362285536500647	0.0
1162.3533880586788	1.9362199505431827	0.0
1162.6073924129246	1.9362113455562988	0.0
1162.8614522737057	1.936202738689002	0.0
1163.1155676531562	1.9361941299408816	0.0
1163.3697385634061	1.9361855193115263	0.0
1163.6239650165903	1.9361769068005255	0.0
1163.8782470248443	1.9361682924074677	0.0
1164.1325846003126	1.9361596761319415	0.0
1164.3869777551358	1.936151057973536	0.0
1164.6414265014575	1.936142437931839	0.0
1164.8959308514302	1.9361338160064396	0.0
1165.1504908172024	1.9361251921969258	0.0
1165.4051064109278	1.9361165665028863	0.0
1165.65977764476	1.9361079389239089	0.0
1165.9145045308626	1.9360993094595818	0.0
1166.1692870813945	1.9360906781094926	0.0
1166.424125308518	1.9360820448732299	0.0
1166.679019224404	1.9360734097503813	0.0
1166.93396884122	1.9360647727405342	0.0
1167.1889741711377	1.9360561338432767	0.0
1167.44403522633	1.9360474930581963	0.0
1167.6991520189786	1.9360388503848802	0.0
1167.9543245612613	1.9360302058229157	0.0
1168.2095528653588	1.9360215593718906	0.0
1168.4648369434608	1.9360129110313915	0.0
1168.7201768077532	1.9360042608010057	0.0
1168.9755724704266	1.93599560868032	0.0
1169.2310239436724	1.9359869546689223	0.0
1169.486531239691	1.9359782987663983	0.0
1169.742094370679	1.9359696409723353	0.0
1169.997713348835	1.9359609812863199	0.0
1170.2533881863685	1.9359523197079382	0.0
1170.5091188954834	1.9359436562367773	0.0
1170.7649054883889	1.9359349908724233	0.0
1171.0207479772953	1.9359263236144626	0.0
1171.2766463744213	1.935917654462481	0.0
1171.5326006919825	1.935908983416065	0.0
1171.7886109421966	1.9359003104748005	0.0
1172.0446771372906	1.9358916356382736	0.0
1172.300799289488	1.93588295890607	0.0
1172.5569774110168	1.9358742802777753	0.0
1172.813211514105	1.9358655997529755	0.0
1173.0695016109912	1.9358569173312556	0.0
1173.325847713909	1.9358482330122015	0.0
1173.582249835095	1.9358395467953986	0.0
1173.8387079867948	1.9358308586804323	0.0
1174.0952221812506	1.9358221686668875	0.0
1174.3517924307093	1.9358134767543491	0.0
1174.6084187474175	1.9358047829424028	0.0
1174.8651011436327	1.935796087230633	0.0
1175.121839631607	1.9357873896186248	0.0
1175.3786342235953	1.9357786901059628	0.0
1175.6354849318632	1.9357699886922317	0.0
1175.8923917686707	1.935761285377016	0.0
1176.1493547462835	1.9357525801599005	0.0
1176.406373876967	1.9357438730404692	0.0
1176.6634491729976	1.9357351640183067	0.0
1176.9205806466462	1.9357264530929967	0.0
1177.1777683101864	1.9357177402641241	0.0
1177.435012175902	1.9357090255312719	0.0
1177.692312256073	1.9357003088940248	0.0
1177.9496685629827	1.9356915903519667	0.0
1178.207081108916	1.9356828699046809	0.0
1178.4645499061678	1.9356741475517512	0.0
1178.7220749670278	1.9356654232927613	0.0
1178.9796563037885	1.9356566971272946	0.0
1179.2372939287525	1.9356479690549346	0.0
1179.494987854218	1.9356392390752646	0.0
1179.752738092488	1.935630507187867	0.0
1180.010544655866	1.9356217733923264	0.0
1180.2684075566651	1.9356130376882243	0.0
1180.5263268071944	1.9356043000751448	0.0
1180.784302419765	1.9355955605526705	0.0
1181.0423344066985	1.935586819120383	0.0
1181.300422780312	1.9355780757778667	0.0
1181.558567552927	1.9355693305247033	0.0
1181.8167687368657	1.9355605833604752	0.0
1182.0750263444604	1.935551834284765	0.0
1182.333340388039	1.9355430832971545	0.0
1182.5917108799317	1.9355343303972266	0.0
1182.8501378324786	1.9355255755845633	0.0
1183.1086212580153	1.9355168188587462	0.0
1183.3671611688828	1.9355080602193575	0.0
1183.6257575774223	1.9354992996659788	0.0
1183.8844104959846	1.9354905371981923	0.0
1184.1431199369163	1.9354817728155793	0.0
1184.4018859125665	1.9354730065177215	0.0
1184.6607084352945	1.9354642383042002	0.0
1184.9195875174546	1.9354554681745968	0.0
1185.1785231714068	1.9354466961284928	0.0
1185.4375154095112	1.9354379221654696	0.0
1185.6965642441373	1.9354291462851074	0.0
1185.9556696876507	1.9354203684869882	0.0
1186.2148317524197	1.9354115887706922	0.0
1186.474050450822	1.9354028071358005	0.0
1186.7333257952312	1.9353940235818943	0.0
1186.992657798026	1.9353852381085535	0.0
1187.2520464715853	1.9353764507153592	0.0
1187.511491828298	1.9353676614018915	0.0
1187.770993880548	1.935358870167731	0.0
1188.0305526407233	1.9353500770124576	0.0
1188.29016812122	1.935341281935652	0.0
1188.5498403344307	1.935332484936894	0.0
1188.8095692927532	1.9353236860157639	0.0
1189.0693550085853	1.9353148851718411	0.0
1189.3291974943347	1.9353060824047057	0.0
1189.5890967624048	1.9352972777139374	0.0
1189.8490528252014	1.9352884710991163	0.0
1190.109065695141	1.9352796625598212	0.0
1190.369135384634	1.9352708520956319	0.0
1190.629261906098	1.9352620397061275	0.0
1190.8894452719494	1.9352532253908876	0.0
1191.149685494615	1.9352444091494914	0.0
1191.4099825865171	1.935235590981518	0.0
1191.6703365600806	1.935226770886546	0.0
1191.9307474277405	1.9352179488641545	0.0
1192.1912152019272	1.9352091249139225	0.0
1192.4517398950763	1.9352002990354287	0.0
1192.7123215196236	1.9351914712282514	0.0
1192.9729600880153	1.9351826414919693	0.0
1193.233655612692	1.935173809826161	0.0
1193.4944081060985	1.9351649762304046	0.0
1193.755217580688	1.9351561407042788	0.0
1194.0160840489102	1.9351473032473612	0.0
1194.27700752322	1.93513846385923	0.0
1194.537988016072	1.9351296225394634	0.0
1194.799025539931	1.9351207792876395	0.0
1195.0601201072577	1.9351119341033352	0.0
1195.3212717305146	1.9351030869861292	0.0
1195.5824804221754	1.9350942379355984	0.0
1195.8437461947083	1.935085386951321	0.0
1196.1050690605866	1.935076806410324	0.0
1196.366449032285	1.935068629149811	0.0
1196.6278861222866	1.9350604501023547	0.0
1196.8893803430715	1.9350522692675645	0.0
1197.1509317071216	1.9350440866450498	0.0
1197.4125402269287	1.9350359022344197	0.0
1197.674205914981	1.9350277160352838	0.0
1197.9359287837708	1.935019528047251	0.0
1198.1977088457913	1.9350113382699305	0.0
1198.4595461135457	1.9350031467029314	0.0
1198.7214405995321	1.9349949533458626	0.0
1198.983392316252	1.9349867581983329	0.0
1199.2454012762169	1.9349785612599508	0.0
1199.507467491933	1.9349703625303252	0.0
1199.7695909759125	1.9349621620090645	0.0
1200.0317717406676	1.9349539596957772	0.0
1200.29400979872	1.9349457555900718	0.0
1200.5563051625882	1.9349375496915566	0.0
1200.8186578447917	1.93492934199984	0.0
1201.0810678578614	1.93492113251453	0.0
1201.343535214323	1.934912921235234	0.0
1201.606059926708	1.934904708161561	0.0
1201.868642007547	1.9348964932931185	0.0
1202.1312814693815	1.9348882766295141	0.0
1202.3939783247488	1.9348800581703558	0.0
1202.6567325861877	1.9348718379152507	0.0
1202.9195442662485	1.934863615863807	0.0
1203.1824133774758	1.934855392015632	0.0
1203.4453399324198	1.9348471663703326	0.0
1203.708323943631	1.934838938927517	0.0
1203.9713654236705	1.934830709686791	0.0
1204.2344643850936	1.934822478647763	0.0
1204.4976208404591	1.9348142458100395	0.0
1204.7608348023364	1.9348060111732277	0.0
1205.024106283289	1.9347977747369338	0.0
1205.2874352958868	1.934789536500765	0.0
1205.5508218526993	1.9347812964643283	0.0
1205.8142659663063	1.9347730546272297	0.0
1206.077767649283	1.9347648109890763	0.0
1206.3413269142097	1.934756565549474	0.0
1206.6049437736674	1.9347483183080294	0.0
1206.8686182402469	1.934740069264349	0.0
1207.132350326534	1.934731818418038	0.0
1207.3961400451178	1.9347235657687039	0.0
1207.6599874085975	1.9347153113159514	0.0
1207.9238924295676	1.9347070550593872	0.0
1208.1878551206278	1.934698796998617	0.0
1208.4518754943774	1.934690537133246	0.0
1208.7159535634273	1.93468227546288	0.0
1208.9800893403826	1.9346740119871253	0.0
1209.2442828378514	1.934665746705587	0.0
1209.5085340684525	1.9346574796178702	0.0
1209.772843044799	1.9346492107235802	0.0
1210.0372097795105	1.9346409400223226	0.0
1210.3016342852056	1.9346326675137022	0.0
1210.5661165745141	1.9346243931973244	0.0
1210.8306566600606	1.9346161170727936	0.0
1211.0952545544728	1.9346078391397152	0.0
1211.3599102703881	1.934599559397694	0.0
1211.6246238204396	1.9345912778463337	0.0
1211.8893952172657	1.9345829944852402	0.0
1212.1542244735049	1.9345747093140178	0.0
1212.419111601806	1.9345664223322703	0.0
1212.6840566148126	1.9345581335396023	0.0
1212.949059525172	1.9345498429356183	0.0
1213.2141203455412	1.9345415505199224	0.0
1213.4792390885725	1.934533256292119	0.0
1213.7444157669236	1.9345249602518113	0.0
1214.009650393252	1.9345166623986039	0.0
1214.2749429802263	1.9345083627321	0.0
1214.5402935405095	1.9345000612519043	0.0
1214.8057020867682	1.93449175795762	0.0
1215.0711686316786	1.9344834528488501	0.0
1215.3366931879123	1.9344751459251988	0.0
1215.6022757681462	1.9344668371862692	0.0
1215.867916385058	1.9344585266316652	0.0
1216.1336150513348	1.934450214260989	0.0
1216.3993717796595	1.9344419000738444	0.0
1216.6651865827178	1.9344335840698341	0.0
1216.9310594732056	1.934425266248562	0.0
1217.1969904638138	1.9344169466096295	0.0
1217.4629795672388	1.9344086251526407	0.0
1217.729026796177	1.9344003018771976	0.0
1217.9951321633362	1.9343919767829028	0.0
1218.2612956814176	1.9343836498693592	0.0
1218.5275173631267	1.9343753211361692	0.0
1218.793797221179	1.9343669905829348	0.0
1219.060135268284	1.9343586582092587	0.0
1219.3265315171589	1.9343503240147428	0.0
1219.592985980519	1.9343419879989896	0.0
1219.8594986710907	1.9343336501616002	0.0
1220.1260696015959	1.9343253105021776	0.0
1220.3926987847587	1.934316969020323	0.0
1220.6593862333143	1.9343086257156386	0.0
1220.926131959992	1.9343002805877254	0.0
1221.192935977528	1.9342919336361857	0.0
1221.459798298657	1.9342835848606201	0.0
1221.7267189361253	1.9342752342606313	0.0
1221.9936979026738	1.9342668818358195	0.0
1222.260735211047	1.9342585275857864	0.0
1222.527830873998	1.9342501715101332	0.0
1222.7949849042775	1.9342418136084603	0.0
1223.0621973146394	1.9342334538803696	0.0
1223.3294681178393	1.9342250923254616	0.0
1223.5967973266422	1.9342167289433365	0.0
1223.864184953809	1.934208363733596	0.0
1224.1316310121028	1.93419999669584	0.0
1224.3991355142978	1.9341916278296698	0.0
1224.6666984731623	1.934183257134685	0.0
1224.9343199014713	1.9341748846104863	0.0
1225.201999811999	1.934166510256674	0.0
1225.4697382175307	1.9341581340728484	0.0
1225.7375351308458	1.9341497560586092	0.0
1226.005390564728	1.9341413762135566	0.0
1226.2733045319703	1.9341329945372907	0.0
1226.541277045361	1.9341246110294112	0.0
1226.8093081176946	1.934116225689518	0.0
1227.0773977617646	1.9341078385172106	0.0
1227.3455459903757	1.9340994495120885	0.0
1227.6137528163279	1.934091058673751	0.0
1227.8820182524232	1.9340826660017982	0.0
1228.1503423114748	1.9340742714958286	0.0
1228.4187250062907	1.9340658751554418	0.0
1228.6871663496843	1.934057476980237	0.0
1228.9556663544695	1.9340490769698133	0.0
1229.2242250334702	1.9340406751237695	0.0
1229.492842399506	1.9340322714417044	0.0
1229.761518465401	1.9340238659232167	0.0
1230.0302532439807	1.9340154585679055	0.0
1230.29904674808	1.9340070493753692	0.0
1230.5678989905296	1.9339986383452061	0.0
1230.8368099841628	1.933990225477015	0.0
1231.1057797418234	1.9339820498742892	0.0
1231.37480827635	1.933974241439326	0.0
1231.6438956005873	1.9339664312980176	0.0
1231.9130417273796	1.9339586194499903	0.0
1232.182246669582	1.933950805894872	0.0
1232.4515104400443	1.9339429906322891	0.0
1232.7208330516198	1.9339351736618688	0.0
1232.990214517172	1.9339273549832379	0.0
1233.2596548495592	1.933919534596023	0.0
1233.5291540616452	1.9339117124998504	0.0
1233.7987121662945	1.9339038886943474	0.0
1234.068329176382	1.9338960631791398	0.0
1234.3380051047766	1.9338882359538538	0.0
1234.6077399643518	1.9338804070181168	0.0
1234.8775337679904	1.933872576371554	0.0
1235.1473865285707	1.933864744013792	0.0
1235.417298258976	1.9338569099444567	0.0
1235.6872689720908	1.933849074163174	0.0
1235.957298680809	1.9338412366695703	0.0
1236.22738739802	1.9338333974632707	0.0
1236.4975351366168	1.9338255565439013	0.0
1236.7677419095014	1.9338177139110877	0.0
1237.038007729572	1.9338098695644554	0.0
1237.3083326097324	1.9338020235036302	0.0
1237.5787165628856	1.933794175728237	0.0
1237.8491596019462	1.9337863262379016	0.0
1238.1196617398232	1.9337784750322489	0.0
1238.3902229894286	1.9337706221109043	0.0
1238.6608433636852	1.9337627674734927	0.0
1238.9315228755106	1.9337549111196393	0.0
1239.2022615378276	1.9337470530489687	0.0
1239.47305936356	1.9337391932611059	0.0
1239.7439163656416	1.9337313317556757	0.0
1240.0148325570008	1.9337234685323028	0.0
1240.2858079505704	1.9337156035906116	0.0
1240.556842559292	1.9337077369302267	0.0
1240.8279363961033	1.9336998685507727	0.0
1241.099089473947	1.9336919984518732	0.0
1241.3703018057668	1.9336841266331537	0.0
1241.6415734045158	1.9336762530942375	0.0
1241.9129042831435	1.9336683778347492	0.0
1242.1842944546004	1.933660500854312	0.0
1242.4557439318494	1.9336526221525503	0.0
1242.7272527278478	1.933644741729088	0.0
1242.998820855558	1.9336368595835491	0.0
1243.2704483279433	1.933628975715557	0.0
1243.5421351579769	1.9336210901247353	0.0
1243.8138813586274	1.9336132028107074	0.0
1244.0856869428665	1.9336053137730969	0.0
1244.3575519236758	1.9335974230115274	0.0
1244.629476314033	1.9335895305256217	0.0
1244.90146012692	1.9335816363150031	0.0
1245.17350337532	1.9335737403792947	0.0
1245.4456060722264	1.93356584271812	0.0
1245.7177682306271	1.9335579433311012	0.0
1245.9899898635142	1.9335500422178615	0.0
1246.2622709838888	1.9335421393780239	0.0
1246.5346116047483	1.9335342348112108	0.0
1246.8070117390953	1.9335263285170448	0.0
1247.0794713999321	1.9335184204951488	0.0
1247.351990600272	1.9335105107451445	0.0
1247.6245693531234	1.9335025992666548	0.0
1247.8972076714974	1.9334946860593025	0.0
1248.169905568416	1.9334867711227086	0.0
1248.4426630568962	1.9334788544564963	0.0
1248.7154801499596	1.9334709360602866	0.0
1248.9883568606292	1.9334630159337025	0.0
1249.2612932019383	1.9334550940763653	0.0
1249.534289186915	1.9334471704878968	0.0
1249.8073448285904	1.9334392451679188	0.0
1250.0804601400062	1.9334313181160527	0.0
1250.3536351341993	1.93342338933192	0.0
1250.6268698242116	1.9334154588151429	0.0
1250.9001642230862	1.9334075265653423	0.0
1251.1735183438755	1.9333995925821392	0.0
1251.4469321996282	1.933391656865155	0.0
1251.7204058033956	1.9333837194140109	0.0
1251.9939391682385	1.933375780228328	0.0
1252.2675323072142	1.9333678393077267	0.0
1252.541185233385	1.933359896651829	0.0
1252.8148979598132	1.9333519522602547	0.0
1253.0886704995717	1.933344006132625	0.0
1253.3625028657289	1.9333360582685604	0.0
1253.636395071356	1.9333281086676815	0.0
1253.910347129534	1.9333201573296082	0.0
1254.1843590533404	1.9333122042539617	0.0
1254.4584308558572	1.9333042494403623	0.0
1254.7325625501662	1.9332962928884292	0.0
1255.0067541493615	1.9332883345977836	0.0
1255.2810056665307	1.933280374568045	0.0
1255.555317114765	1.9332724127988337	0.0
1255.829688507166	1.9332644492897693	0.0
1256.1041198568305	1.9332564840404713	0.0
1256.3786111768607	1.93324851705056	0.0
1256.6531624803588	1.933240548319655	0.0
1256.9277737804387	1.933232577847376	0.0
1257.202445090208	1.9332246056333413	0.0
1257.4771764227776	1.9332166316771717	0.0
1257.7519677912699	1.933208655978486	0.0
1258.0268192088008	1.933200678536903	0.0
1258.3017306884935	1.933192699352042	0.0
1258.5767022434704	1.9331847184235227	0.0
1258.8517338868644	1.9331767357509635	0.0
1259.1268256318035	1.933168751333983	0.0
1259.4019774914193	1.933160765172201	0.0
1259.6771894788537	1.9331527772652348	0.0
1259.9524616072433	1.9331447876127044	0.0
1260.2277938897305	1.9331367962142274	0.0
1260.503186339458	1.933128803069423	0.0
1260.778638969579	1.9331208081779088	0.0
1261.0541517932422	1.9331128115393037	0.0
1261.3297248235986	1.9331048131532256	0.0
1261.6053580738098	1.933096813019293	0.0
1261.8810515570335	1.9330888111371234	0.0
1262.1568052864318	1.933080807506335	0.0
1262.432619275167	1.933072802126546	0.0
1262.7084935364135	1.9330647949973738	0.0
1262.984428083339	1.9330567861184367	0.0
1263.2604229291153	1.9330487754893513	0.0
1263.5364780869245	1.9330407631097362	0.0
1263.8125935699434	1.9330327489792078	0.0
1264.0887693913548	1.9330247330973844	0.0
1264.3650055643416	1.933016715463883	0.0
1264.6413021020974	1.9330086960783208	0.0
1264.917659017811	1.933000674940315	0.0
1265.1940763246735	1.9329926520494827	0.0
1265.4705540358877	1.9329846274054403	0.0
1265.7470921646507	1.9329766010078053	0.0
1266.0236907241651	1.9329685728561943	0.0
1266.3003497276343	1.9329605429502243	0.0
1266.5770691882717	1.932952511289511	0.0
1266.8538491192867	1.9329444778736722	0.0
1267.1306895338905	1.9329367015490468	0.0
1267.4075904453057	1.9329292130581754	0.0
1267.68455186675	1.9329217229308744	0.0
1267.9615738114464	1.9329142311667864	0.0
1268.2386562926179	1.9329067377655536	0.0
1268.5157993234986	1.9328992427268181	0.0
1268.7930029173178	1.932891746050223	0.0
1269.0702670873075	1.9328842477354091	0.0
1269.3475918467097	1.9328767477820192	0.0
1269.624977208763	1.932869246189695	0.0
1269.9024231867104	1.9328617429580783	0.0
1270.1799297937953	1.932854238086811	0.0
1270.4574970432718	1.9328467315755347	0.0
1270.7351249483897	1.932839223423891	0.0
1271.0128135224006	1.9328317136315216	0.0
1271.290562778568	1.932824202198068	0.0
1271.5683727301496	1.9328166891231708	0.0
1271.8462433904092	1.9328091744064724	0.0
1272.12417477261	1.9328016580476137	0.0
1272.4021668900275	1.9327941400462354	0.0
1272.6802197559305	1.932786620401979	0.0
1272.9583333835922	1.9327790991144853	0.0
1273.2365077862949	1.9327715761833952	0.0
1273.5147429773176	1.9327640516083497	0.0
1273.793038969944	1.9327565253889893	0.0
1274.0713957774585	1.9327489975249548	0.0
1274.349813413155	1.932741468015887	0.0
1274.6282918903246	1.9327339368614262	0.0
1274.9068312222594	1.9327264040612129	0.0
1275.1854314222633	1.9327188696148876	0.0
1275.4640925036344	1.9327113335220902	0.0
1275.7428144796775	1.9327037957824609	0.0
1276.0215973636969	1.9326962563956402	0.0
1276.3004411690076	1.9326887153612682	0.0
1276.5793459089198	1.9326811726789845	0.0
1276.8583115967472	1.9326736283484292	0.0
1277.1373382458132	1.9326660823692419	0.0
1277.416425869437	1.9326585347410625	0.0
1277.6955744809432	1.9326509854635305	0.0
1277.9747840936561	1.9326434345362862	0.0
1278.2540547209119	1.932635881958968	0.0
1278.5333863760413	1.9326283277312162	0.0
1278.8127790723772	1.9326207718526693	0.0
1279.0922328232648	1.9326132143229673	0.0
1279.3717476420427	1.932605655141749	0.0
1279.651323542056	1.9325980943086538	0.0
1279.93096053665	1.9325905318233203	0.0
1280.210658639181	1.9325829676853878	0.0
1280.4904178629997	1.9325754018944947	0.0
1280.77023822146	1.9325678344502806	0.0
1281.0501197279268	1.9325602653523835	0.0
1281.33006239576	1.932552694600442	0.0
1281.6100662383246	1.9325451221940952	0.0
1281.8901312689866	1.9325375481329812	0.0
1282.1702575011225	1.9325299724167384	0.0
1282.4504449481033	1.9325223950450054	0.0
1282.7306936233038	1.9325148160174201	0.0
1283.0110035401092	1.9325072353336206	0.0
1283.2913747118994	1.9324996529932452	0.0
1283.5718071520605	1.932492068995932	0.0
1283.8523008739787	1.9324844833413186	0.0
1284.1328558910507	1.9324768960290428	0.0
1284.4134722166687	1.9324693070587426	0.0
1284.694149864227	1.932461716430056	0.0
1284.9748888471318	1.9324541241426196	0.0
1285.255689178784	1.932446530196072	0.0
1285.5365508725893	1.9324389345900501	0.0
1285.8174739419546	1.932431337324191	0.0
1286.0984584002977	1.9324237383981329	0.0
1286.3795042610302	1.932416137811512	0.0
1286.660611537568	1.932408535563966	0.0
1286.9417802433375	1.9324009316551316	0.0
1287.2230103917595	1.9323933260846462	0.0
1287.5043019962611	1.9323857188521463	0.0
1287.7856550702693	1.932378109957269	0.0
1288.0670696272223	1.9323704993996507	0.0
1288.3485456805527	1.932362887178928	0.0
1288.6300832436964	1.9323552732947382	0.0
1288.9116823301006	1.932347657746717	0.0
1289.1933429532066	1.932340040534501	0.0
1289.4750651264621	1.932332421657727	0.0
1289.7568488633149	1.9323248011160308	0.0
1290.038694177223	1.9323171789090483	0.0
1290.3206010816402	1.932309555036416	0.0
1290.6025695900232	1.9323019294977701	0.0
1290.8845997158392	1.9322943022927461	0.0
1291.1666914725504	1.9322866734209803	0.0
1291.448844873625	1.932279042882108	0.0
1291.7310599325308	1.932271410675765	0.0
1292.0133366627474	1.932263776801587	0.0
1292.2956750777487	1.9322561412592096	0.0
1292.578075191012	1.9322485040482684	0.0
1292.860537016025	1.9322408651683984	0.0
1293.143060566271	1.932233224619235	0.0
1293.4256458552384	1.932225582400414	0.0
1293.7082928964155	1.9322179385115694	0.0
1293.991001703303	1.932210292952337	0.0
1294.273772289395	1.9322026457223518	0.0
1294.5566046681924	1.9321949968212486	0.0
1294.8394988531952	1.9321873462486623	0.0
1295.1224548579157	1.9321796940042275	0.0
1295.4054726958598	1.9321720400875786	0.0
1295.6885523805372	1.9321643844983507	0.0
1295.9716939254688	1.932156727236178	0.0
1296.2548973441694	1.9321490683006948	0.0
1296.53816265016	1.9321414076915358	0.0
1296.8214898569624	1.932133745408335	0.0
1297.1048789781084	1.9321260814507264	0.0
1297.3883300271257	1.9321184158183446	0.0
1297.671843017544	1.9321107485108235	0.0
1297.955417962905	1.9321030795277967	0.0
1298.2390548767441	1.9320954088688982	0.0
1298.5227537726034	1.9320877365337619	0.0
1298.8065146640251	1.9320800625220218	0.0
1299.0903375645619	1.9320723868333105	0.0
1299.3742224877617	1.9320647094672627	0.0
1299.6581694471754	1.9320570304235112	0.0
1299.942178456365	1.932049349701689	0.0
1300.2262495288874	1.9320416673014307	0.0
1300.5103826783047	1.9320339832223685	0.0
1300.7945779181798	1.9320262974641356	0.0
1301.0788352620866	1.9320186100263654	0.0
1301.3631547235934	1.9320109209086909	0.0
1301.6475363162724	1.9320032301107446	0.0
1301.9319800537057	1.9319955376321591	0.0
1302.216485949471	1.9319882199471434	0.0
1302.5010540171515	1.9319810189772908	0.0
1302.7856842703309	1.9319738164338391	0.0
1303.0703767226034	1.9319666123164447	0.0
1303.3551313875587	1.9319594066247643	0.0
1303.639948278789	1.9319521993584534	0.0
1303.924827409898	1.931944990517168	0.0
1304.2097687944836	1.9319377801005637	0.0
1304.4947724461504	1.9319305681082963	0.0
1304.7798383785018	1.9319233545400216	0.0
1305.064966605154	1.9319161393953954	0.0
1305.3501571397169	1.9319089226740729	0.0
1305.6354099958035	1.9319017043757096	0.0
1305.9207251870384	1.9318944844999608	0.0
1306.2061027270406	1.9318872630464823	0.0
1306.491542629435	1.9318800400149287	0.0
1306.7770449078464	1.9318728154049558	0.0
1307.0626095759112	1.9318655892162178	0.0
1307.3482366472606	1.9318583614483706	0.0
1307.6339261355286	1.9318511321010687	0.0
1307.9196780543598	1.9318439011739665	0.0
1308.205492417395	1.9318366686667199	0.0
1308.4913692382793	1.9318294345789824	0.0
1308.7773085306587	1.9318221989104094	0.0
1309.0633103081907	1.931814961660655	0.0
1309.3493745845265	1.9318077228293737	0.0
1309.6355013733219	1.9318004824162207	0.0
1309.9216906882418	1.9317932404208493	0.0
1310.207942542948	1.931785996842914	0.0
1310.494256951107	1.9317787516820695	0.0
1310.780633926385	1.9317715049379691	0.0
1311.0670734824605	1.9317642566102675	0.0
1311.3535756330064	1.9317570066986183	0.0
1311.640140391698	1.9317497552026752	0.0
1311.9267677722225	1.9317425021220926	0.0
1312.2134577882616	1.9317352474565235	0.0
1312.500210453503	1.931727991205622	0.0
1312.7870257816344	1.9317207333690414	0.0
1313.0739037863545	1.9317134739464352	0.0
1313.3608444813572	1.9317062129374571	0.0
1313.6478478803392	1.9316989503417605	0.0
1313.9349139970084	1.9316916861589983	0.0
1314.2220428450673	1.931684420388824	0.0
1314.5092344382247	1.9316771530308898	0.0
1314.7964887901892	1.9316698840848503	0.0
1315.0838059146806	1.9316626135503572	0.0
1315.3711858254137	1.9316553414270636	0.0
1315.658628536106	1.9316480677146228	0.0
1315.9461340604864	1.931640792412687	0.0
1316.2337024122787	1.9316335155209092	0.0
1316.5213336052125	1.9316262370389419	0.0
1316.8090276530172	1.9316189569664377	0.0
1317.0967845694336	1.9316116753030488	0.0
1317.3846043681976	1.9316043920484276	0.0
1317.672487063048	1.9315971072022264	0.0
1317.9604326677345	1.9315898207640974	0.0
1318.248441196002	1.9315825327336928	0.0
1318.5365126616002	1.9315752431106645	0.0
1318.824647078281	1.9315679518946647	0.0
1319.1128444598055	1.9315606590853451	0.0
1319.4011048199304	1.9315533646823575	0.0
1319.689428172416	1.9315460686853538	0.0
1319.9778145310324	1.9315387710939853	0.0
1320.266263909546	1.931531471907904	0.0
1320.5547763217282	1.9315241711267614	0.0
1320.8433517813507	1.931516868750209	0.0
1321.1319903021963	1.9315095647778975	0.0
1321.4206918980428	1.9315022592094788	0.0
1321.709456582674	1.9314949520446043	0.0
1321.9982843698733	1.9314876432829244	0.0
1322.2871752734359	1.931480332924091	0.0
1322.5761293071519	1.9314730209677542	0.0
1322.8651464848137	1.9314657074135655	0.0
1323.1542268202256	1.9314583922611757	0.0
1323.4433703271866	1.9314510755102354	0.0
1323.732577019501	1.931443757160395	0.0
1324.0218469109739	1.9314364372113058	0.0
1324.311180015421	1.9314291156626178	0.0
1324.600576346654	1.9314217925139816	0.0
1324.8900359184863	1.9314144677650473	0.0
1325.1795587447434	1.9314071414154659	0.0
1325.469144839245	1.9313998134648867	0.0
1325.758794215817	1.9313924839129601	0.0
1326.0485068882856	1.931385152759337	0.0
1326.338282870488	1.9313778200036664	0.0
1326.628122176256	1.9313704856455987	0.0
1326.9180248194248	1.9313631496847834	0.0
1327.2079908138408	1.9313558121208705	0.0
1327.4980201733456	1.9313484729535098	0.0
1327.7881129117852	1.9313411321823504	0.0
1328.0782690430076	1.9313337898070424	0.0
1328.3684885808707	1.931326445827235	0.0
1328.6587715392284	1.9313191002425776	0.0
1328.9491179319361	1.9313117530527193	0.0
1329.2395277728622	1.9313044042573095	0.0
1329.5300010758683	1.9312970538559977	0.0
1329.8205378548232	1.9312897018484323	0.0
1330.1111381235949	1.9312823482342627	0.0
1330.4018018960628	1.9312749930131379	0.0
1330.6925291861019	1.931267636184706	0.0
1330.9833200075896	1.931260277748617	0.0
1331.2741743744143	1.9312529177045188	0.0
1331.56509230046	1.93124555605206	0.0
1331.8560737996158	1.931238192790889	0.0
1332.147118885771	1.931230827920655	0.0
1332.4382275728271	1.9312234614410058	0.0
1332.72939987468	1.9312160933515896	0.0
1333.0206358052274	1.9312087236520548	0.0
1333.31193537838	1.9312013523420497	0.0
1333.6032986080425	1.931193979421222	0.0
1333.8947255081257	1.93118660488922	0.0
1334.1862160925402	1.931179228745692	0.0
1334.4777703752081	1.9311718509902849	0.0
1334.769388370047	1.931164471622647	0.0
1335.0610700909763	1.9311570906424258	0.0
1335.352815551927	1.9311497080492694	0.0
1335.6446247668262	1.9311423238428247	0.0
1335.936497749605	1.9311349380227394	0.0
1336.228434514196	1.931127550588661	0.0
1336.5204350745423	1.931120161540237	0.0
1336.8124994445823	1.9311127708771139	0.0
1337.1046276382579	1.9311053785989394	0.0
1337.3968196695207	1.9310979847053604	0.0
1337.689075552319	1.931090589196024	0.0
1337.9813953006055	1.9310831920705769	0.0
1338.273778928334	1.9310762130964718	0.0
1338.5662264494692	1.9310692611289144	0.0
1338.8587378779705	1.9310623076421718	0.0
1339.151313227801	1.9310553526359124	0.0
1339.4439525129344	1.9310483961098033	0.0
1339.7366557473395	1.9310414380635132	0.0
1340.029422944991	1.9310344784967095	0.0
1340.3222541198636	1.93102751740906	0.0
1340.6151492859435	1.9310205548002326	0.0
1340.9081084572115	1.9310135906698942	0.0
1341.2011316476523	1.9310066250177131	0.0
1341.4942188712605	1.9309996578433561	0.0
1341.787370142027	1.9309926891464908	0.0
1342.0805854739472	1.9309857189267847	0.0
1342.3738648810172	1.930978747183905	0.0
1342.6672083772453	1.9309717739175187	0.0
1342.9606159766333	1.9309647991272927	0.0
1343.254087693187	1.9309578228128943	0.0
1343.5476235409228	1.9309508449739903	0.0
1343.8412235338528	1.9309438656102473	0.0
1344.134887685994	1.9309368847213326	0.0
1344.428616011364	1.9309299023069126	0.0
1344.722408523992	1.930922918366654	0.0
1345.016265237902	1.9309159329002237	0.0
1345.3101861671207	1.9309089459072877	0.0
1345.6041713256864	1.9309019573875121	0.0
1345.8982207276317	1.930894967340564	0.0
1346.1923343869962	1.9308879757661095	0.0
1346.4865123178186	1.930880982663815	0.0
1346.7807545341493	1.9308739880333459	0.0
1347.0750610500338	1.9308669918743686	0.0
1347.3694318795203	1.9308599941865494	0.0
1347.663867036669	1.9308529949695536	0.0
1347.9583665355337	1.930845994223048	0.0
1348.2529303901752	1.9308389919466973	0.0
1348.547558614654	1.9308319881401679	0.0
1348.842251223042	1.930824982803125	0.0
1349.137008229406	1.9308179759352342	0.0
1349.4318296478161	1.9308109675361615	0.0
1349.7267154923534	1.9308039576055718	0.0
1350.021665777094	1.93079694614313	0.0
1350.3166805161193	1.9307899331485023	0.0
1350.6117597235123	1.9307829186213534	0.0
1350.9069034133656	1.9307759025613485	0.0
1351.2021115997684	1.9307688849681524	0.0
1351.4973842968113	1.93076186584143	0.0
1351.7927215185978	1.930754845180847	0.0
1352.088123279225	1.930747822986067	0.0
1352.3835895927962	1.9307407992567556	0.0
1352.6791204734159	1.9307337739925774	0.0
1352.9747159351982	1.9307267471931968	0.0
1353.2703759922535	1.930719718858278	0.0
1353.5661006586952	1.9307126889874864	0.0
1353.8618899486469	1.9307056575804853	0.0
1354.1577438762279	1.930698624636939	0.0
1354.4536624555635	1.9306915901565134	0.0
1354.749645700779	1.9306845541388706	0.0
1355.0456936260107	1.9306775165836756	0.0
1355.3418062453904	1.930670477490592	0.0
1355.637983573053	1.9306634368592848	0.0
1355.9342256231437	1.9306563946894166	0.0
1356.2305324098038	1.9306493509806517	0.0
1356.5269039471798	1.9306423057326538	0.0
1356.8233402494188	1.9306352589450866	0.0
1357.1198413306788	1.9306282106176136	0.0
1357.4164072051133	1.9306211607498982	0.0
1357.713037886878	1.9306141093416043	0.0
1358.0097333901413	1.9306070563923945	0.0
1358.3064937290646	1.9306000019019325	0.0
1358.6033189178172	1.9305929458698812	0.0
1358.900208970567	1.9305858882959042	0.0
1359.1971639014942	1.9305788291796642	0.0
1359.4941837247736	1.9305717685208243	0.0
1359.7912684545836	1.9305647063190472	0.0
1360.0884181051126	1.9305576425739963	0.0
1360.385632690545	1.9305505772853335	0.0
1360.682912225071	1.9305435104527222	0.0
1360.980256722881	1.9305364420758246	0.0
1361.2776661981761	1.9305293721543033	0.0
1361.5751406651534	1.9305223006878212	0.0
1361.872680138012	1.93051522767604	0.0
1362.1702846309634	1.9305081531186223	0.0
1362.4679541582132	1.9305010770152307	0.0
1362.7656887339729	1.9304939993655266	0.0
1363.0634883724547	1.930486920169173	0.0
1363.361353087882	1.9304798394258311	0.0
1363.659282894473	1.930472757135163	0.0
1363.9572778064492	1.930465673296831	0.0
1364.255337838043	1.9304585879104967	0.0
1364.5534630034824	1.9304515009758216	0.0
1364.8516533170005	1.9304444124924678	0.0
1365.1499087928314	1.9304373224600964	0.0
1365.4482294452198	1.930430230878369	0.0
1365.746615288406	1.930423137746947	0.0
1366.0450663366332	1.9304160430654922	0.0
1366.343582604156	1.9304089468336652	0.0
1366.6421641052232	1.9304018490511279	0.0
1366.9408108540904	1.930394749717541	0.0
1367.2395228650134	1.9303876488325655	0.0
1367.5383001522587	1.9303805463958623	0.0
1367.8371427300885	1.930373442407093	0.0
1368.1360506127673	1.9303663368659179	0.0
1368.4350238145719	1.9303592297719976	0.0
1368.7340623497735	1.930352121124993	0.0
1369.0331662326485	1.9303450109245648	0.0
1369.3323354774745	1.9303378991703735	0.0
1369.631570098541	1.9303307858620793	0.0
1369.930870110131	1.9303236709993428	0.0
1370.2302355265313	1.9303165545818244	0.0
1370.52966636204	1.9303094366091844	0.0
1370.8291626309506	1.9303023170810825	0.0
1371.1287243475615	1.9302951959971795	0.0
1371.428351526172	1.9302880733571346	0.0
1371.728044181093	1.9302809491606083	0.0
1372.02780232663	1.9302738234072607	0.0
1372.3276259770917	1.930266696096751	0.0
1372.6275151467978	1.930259567228739	0.0
1372.9274698500633	1.9302524368028846	0.0
1373.2274901012092	1.930245612784466	0.0
1373.5275759145563	1.930238885484255	0.0
1373.8277273044375	1.9302321567139542	0.0
1374.12794428518	1.9302254264732428	0.0
1374.4282268711147	1.9302186947617992	0.0
1374.7285750765832	1.9302119615793023	0.0
1375.0289889159224	1.9302052269254302	0.0
1375.329468403475	1.930198490799862	0.0
1375.630013553584	1.9301917532022754	0.0
1375.930624380604	1.9301850141323489	0.0
1376.2313008988845	1.9301782735897612	0.0
1376.5320431227774	1.9301715315741899	0.0
1376.8328510666472	1.9301647880853134	0.0
1377.1337247448525	1.93015804312281	0.0
1377.4346641717577	1.930151296686357	0.0
1377.7356693617285	1.930144548775633	0.0
1378.0367403291405	1.9301377993903155	0.0
1378.3378770883658	1.9301310485300822	0.0
1378.6390796537783	1.9301242961946112	0.0
1378.9403480397639	1.9301175423835792	0.0
1379.2416822607036	1.930110787096665	0.0
1379.543082330984	1.9301040303335453	0.0
1379.8445482649918	1.9300972720938976	0.0
1380.1460800771263	1.930090512377399	0.0
1380.44767778178	1.9300837511837274	0.0
1380.7493413933494	1.9300769885125597	0.0
1381.0510709262426	1.9300702243635728	0.0
1381.3528663948625	1.930063458736444	0.0
1381.6547278136177	1.9300566916308501	0.0
1381.956655196917	1.9300499230464685	0.0
1382.258648559181	1.9300431529829758	0.0
1382.5607079148253	1.9300363814400483	0.0
1382.8628332782682	1.9300296084173634	0.0
1383.1650246639397	1.9300228339145973	0.0
1383.4672820862647	1.9300160579314265	0.0
1383.7696055596737	1.9300092804675275	0.0
1384.0719950985977	1.9300025015225772	0.0
1384.3744507174792	1.929995721096252	0.0
1384.6769724307565	1.9299889391882274	0.0
1384.9795602528693	1.9299821557981804	0.0
1385.28221419827	1.9299753709257865	0.0
1385.584934281405	1.9299685845707217	0.0
1385.8877205167275	1.929961796732663	0.0
1386.190572918691	1.9299550074112855	0.0
1386.4934915017595	1.9299482166062654	0.0
1386.7964762803933	1.9299414243172779	0.0
1387.0995272690543	1.9299346305439995	0.0
1387.402644482217	1.9299278352861053	0.0
1387.7058279343505	1.929921038543271	0.0
1388.0090776399295	1.9299142403151721	0.0
1388.3123936134293	1.9299074406014844	0.0
1388.615775869337	1.9299006394018827	0.0
1388.9192244221344	1.9298938367160425	0.0
1389.2227392863083	1.9298870325436392	0.0
1389.5263204763473	1.9298802268843476	0.0
1389.829968006751	1.9298734197378433	0.0
1390.133681892013	1.929866611103801	0.0
1390.4374621466316	1.9298598009818955	0.0
1390.7413087851153	1.9298529893718015	0.0
1391.045221821968	1.9298461762731944	0.0
1391.3492012716993	1.9298393616857483	0.0
1391.6532471488197	1.9298325456091385	0.0
1391.957359467851	1.9298257280430389	0.0
1392.261538243309	1.9298189089871247	0.0
1392.5657834897138	1.92981208844107	0.0
1392.8700952215968	1.9298052664045486	0.0
1393.1744734534836	1.9297984428772357	0.0
1393.4789181999065	1.929791617858805	0.0
1393.7834294753977	1.9297847913489312	0.0
1394.0880072945013	1.9297779633472876	0.0
1394.3926516717554	1.9297711338535484	0.0
1394.6973626217027	1.9297643028673883	0.0
1395.002140158896	1.9297574703884801	0.0
1395.3069842978844	1.9297506364164985	0.0
1395.6118950532211	1.9297438009511165	0.0
1395.916872439461	1.9297369639920083	0.0
1396.2219164711707	1.9297301255388473	0.0
1396.5270271629108	1.9297232855913067	0.0
1396.8322045292457	1.9297164441490602	0.0
1397.137448584751	1.9297096012117814	0.0
1397.442759343997	1.9297027567791432	0.0
1397.7481368215601	1.9296959108508194	0.0
1398.053581032018	1.9296890634264823	0.0
1398.3590919899582	1.9296822145058055	0.0
1398.6646697099648	1.929675364088462	0.0
1398.9703142066235	1.9296685121741248	0.0
1399.2760254945326	1.9296616587624666	0.0
1399.5818035882853	1.9296548038531602	0.0
1399.8876485024798	1.9296479474458783	0.0
1400.1935602517156	1.9296410895402938	0.0
1400.4995388506036	1.9296342301360792	0.0
1400.8055843137493	1.9296273692329065	0.0
1401.1116966557613	1.929620506830449	0.0
1401.41787589126	1.9296136429283783	0.0
1401.7241220348608	1.929606777526367	0.0
1402.0304351011848	1.9295999106240875	0.0
1402.3368151048533	1.929593042221212	0.0
1402.6432620604996	1.929586172317412	0.0
1402.9497759827518	1.92957930091236	0.0
1403.2563568862406	1.929572428005728	0.0
1403.5630047856093	1.9295655535971874	0.0
1403.8697196954952	1.9295586776864107	0.0
1404.1765016305417	1.9295518002730692	0.0
1404.4833506053926	1.929544921356834	0.0
1404.7902666347043	1.9295380409373775	0.0
1405.0972497331259	1.929531159014371	0.0
1405.4042999153116	1.9295242755874862	0.0
1405.7114171959267	1.9295173906563934	0.0
1406.0186015896309	1.9295105042207652	0.0
1406.32585311109	1.9295036162802721	0.0
1406.6331717749708	1.9294967268345855	0.0
1406.9405575959508	1.9294898358833763	0.0
1407.2480105887032	1.9294829434263157	0.0
1407.5555307679035	1.9294760494630743	0.0
1407.86311814824	1.9294691539933233	0.0
1408.1707727443938	1.9294622570167332	0.0
1408.4784945710549	1.929455358532975	0.0
1408.7862836429108	1.9294484585417193	0.0
1409.0941399746625	1.9294416699586567	0.0
1409.4020635810055	1.9294351362898232	0.0
1409.7100544766377	1.9294286011932134	0.0
1410.0181126762693	1.9294220646685156	0.0
1410.3262381946054	1.9294155267154176	0.0
1410.6344310463567	1.9294089873336076	0.0
1410.9426912462343	1.9294024465227728	0.0
1411.2510188089616	1.9293959042826012	0.0
1411.559413749256	1.9293893606127808	0.0
1411.8678760818384	1.9293828155129988	0.0
1412.1764058214414	1.9293762689829426	0.0
1412.4850029827924	1.9293697210222998	0.0
1412.7936675806252	1.929363171630758	0.0
1413.102399629673	1.9293566208080042	0.0
1413.4111991446816	1.929350068553726	0.0
1413.720066140391	1.9293435148676101	0.0
1414.0290006315452	1.9293369597493442	0.0
1414.3380026328987	1.9293304031986145	0.0
1414.6470721592018	1.9293238452151087	0.0
1414.9562092252102	1.9293172857985135	0.0
1415.2654138456808	1.9293107249485155	0.0
1415.5746860353806	1.9293041626648018	0.0
1415.8840258090736	1.9292975989470589	0.0
1416.193433181525	1.9292910337949736	0.0
1416.502908167513	1.929284467208232	0.0
1416.8124507818097	1.9292778991865214	0.0
1417.1220610391938	1.9292713297295276	0.0
1417.4317389544442	1.929264758836937	0.0
1417.7414845423518	1.9292581865084362	0.0
1418.0512978177019	1.9292516127437112	0.0
1418.361178795286	1.9292450375424477	0.0
1418.6711274898955	1.9292384609043327	0.0
1418.9811439163345	1.9292318828290513	0.0
1419.291228089401	1.9292253033162905	0.0
1419.6013800238973	1.929218722365735	0.0
1419.9115997346355	1.9292121399770716	0.0
1420.2218872364244	1.9292055561499852	0.0
1420.5322425440784	1.929198970884162	0.0
1420.8426656724112	1.9291923841792875	0.0
1421.1531566362494	1.9291857960350471	0.0
1421.4637154504142	1.9291792064511266	0.0
1421.7743421297291	1.9291726154272113	0.0
1422.085036689031	1.9291660229629861	0.0
1422.39579914315	1.9291594290581364	0.0
1422.7066295069233	1.9291528337123478	0.0
1423.0175277951878	1.929146236925305	0.0
1423.3284940227925	1.929139638696693	0.0
1423.639528204581	1.9291330390261971	0.0
1423.9506303554	1.9291264379135025	0.0
1424.261800490109	1.9291198353582928	0.0
1424.5730386235603	1.9291132313602541	0.0
1424.8843447706142	1.9291066259190708	0.0
1425.1957189461305	1.9291000190344267	0.0
1425.5071611649803	1.9290934107060074	0.0
1425.8186714420306	1.9290868009334967	0.0
1426.1302497921506	1.9290801897165797	0.0
1426.4418962302223	1.92907357705494	0.0
1426.7536107711212	1.9290669629482626	0.0
1427.06539342973	1.9290603473962313	0.0
1427.3772442209308	1.9290537303985305	0.0
1427.6891631596188	1.9290471119548438	0.0
1428.0011502606826	1.9290404920648556	0.0
1428.3132055390147	1.92903387072825	0.0
1428.6253290095192	1.9290272479447106	0.0
1428.9375206870952	1.9290206237139211	0.0
1429.2497805866478	1.9290139980355654	0.0
1429.5621087230822	1.9290073709093276	0.0
1429.8745051113156	1.9290007423348905	0.0
1430.1869697662603	1.928994112311938	0.0
1430.4995027028308	1.9289874808401537	0.0
1430.8121039359548	1.928980847919221	0.0
1431.1247734805536	1.9289742135488228	0.0
1431.4375113515555	1.9289675777286428	0.0
1431.750317563888	1.928960940458364	0.0
1432.0631921324918	1.9289543017376696	0.0
1432.3761350723016	1.9289476615662422	0.0
1432.6891463982552	1.9289410199437658	0.0
1433.0022261253023	1.9289343768699223	0.0
1433.3153742683878	1.9289277323443952	0.0
1433.6285908424625	1.9289210863668667	0.0
1433.9418758624768	1.9289144389370196	0.0
1434.2552293433944	1.9289077900545373	0.0
1434.5686513001724	1.9289011397191014	0.0
1434.882141747772	1.9288944879303949	0.0
1435.1957007011658	1.9288878346881	0.0
1435.5093281753213	1.928881179991899	0.0
1435.8230241852123	1.9288745238414746	0.0
1436.136788745812	1.9288678662365086	0.0
1436.4506218721071	1.9288612071766833	0.0
1436.7645235790776	1.9288545466616807	0.0
1437.0784938817076	1.9288478846911832	0.0
1437.3925327949923	1.928841221264872	0.0
1437.7066403339227	1.9288345563824296	0.0
1438.0208165134945	1.9288278900435376	0.0
1438.3350613487053	1.9288212222478776	0.0
1438.6493748545638	1.928814552995131	0.0
1438.963757046073	1.9288078822849803	0.0
1439.2782079382398	1.9288012101171064	0.0
1439.5927275460829	1.928794536491191	0.0
1439.9073158846156	1.9287878614069145	0.0
1440.2219729688575	1.9287811848639596	0.0
1440.536698813828	1.928774506862007	0.0
1440.8514934345592	1.9287678274007376	0.0
1441.1663568460774	1.9287611464798327	0.0
1441.4812890634123	1.9287544640989736	0.0
1441.7962901016056	1.9287477802578408	0.0
1442.1113599756936	1.9287410949561155	0.0
1442.4264987007184	1.9287344081934783	0.0
1442.7417062917232	1.92872771996961	0.0
1443.0569827637623	1.9287210302841915	0.0
1443.3723281318858	1.9287143391369035	0.0
1443.6877424111458	1.928707646527426	0.0
1444.0032256166073	1.9287009558865085	0.0
1444.3187777633295	1.9286945960025705	0.0
1444.6343988663778	1.9286882347288332	0.0
1444.9500889408175	1.9286818720649925	0.0
1445.2658480017274	1.9286755080107447	0.0
1445.5816760641796	1.928669142565786	0.0
1445.8975731432495	1.9286627757298127	0.0
1446.2135392540254	1.9286564075025205	0.0
1446.529574411589	1.9286500378836056	0.0
1446.8456786310292	1.9286436668727636	0.0
1447.1618519274346	1.928637294469691	0.0
1447.4780943159062	1.9286309206740826	0.0
1447.79440581154	1.928624545485635	0.0
1448.1107864294343	1.9286181689040431	0.0
1448.4272361847	1.928611790929003	0.0
1448.7437550924424	1.9286054115602096	0.0
1449.0603431677735	1.9285990307973593	0.0
1449.3770004258047	1.9285926486401466	0.0
1449.6937268816605	1.928586265088267	0.0
1450.0105225504594	1.9285798801414158	0.0
1450.3273874473234	1.9285734937992882	0.0
1450.6443215873862	1.9285671060615792	0.0
1450.9613249857766	1.928560716927984	0.0
1451.2783976576293	1.9285543263981972	0.0
1451.595539618079	1.928547934471914	0.0
1451.9127508822735	1.9285415411488294	0.0
1452.2300314653542	1.9285351464286378	0.0
1452.5473813824663	1.9285287503110342	0.0
1452.8648006487667	1.9285223527957127	0.0
1453.1822892794073	1.9285159538823684	0.0
1453.499847289546	1.9285095535706955	0.0
1453.8174746943412	1.9285031518603888	0.0
1454.135171508963	1.9284967487511424	0.0
1454.452937748576	1.9284903442426504	0.0
1454.7707734283492	1.9284839383346073	0.0
1455.0886785634627	1.928477531026707	0.0
1455.4066531690912	1.9284711223186441	0.0
1455.724697260416	1.9284647122101122	0.0
1456.042810852618	1.9284583007008056	0.0
1456.3609939608918	1.9284518877904173	0.0
1456.6792466004247	1.9284454734786423	0.0
1456.9975687864085	1.928439057765174	0.0
1457.315960534047	1.9284326406497057	0.0
1457.6344218585375	1.9284262221319315	0.0
1457.9529527750854	1.9284198022115444	0.0
1458.2715532988946	1.9284133808882382	0.0
1458.5902234451823	1.9284069581617067	0.0
1458.90896322916	1.9284005340316428	0.0
1459.227772666042	1.9283941084977398	0.0
1459.5466517710556	1.9283876815596912	0.0
1459.8656005594219	1.9283812532171898	0.0
1460.1846190463684	1.9283748234699294	0.0
1460.5037072471234	1.9283683923176018	0.0
1460.8228651769268	1.9283619597599009	0.0
1461.1420928510136	1.9283555257965193	0.0
1461.4613902846215	1.92834909042715	0.0
1461.780757493001	1.9283426536514856	0.0
1462.100194491396	1.928336215469219	0.0
1462.4197012950578	1.9283297758800422	0.0
1462.7392779192382	1.9283233348836486	0.0
1463.0589243792003	1.9283168924797298	0.0
1463.378640690202	1.9283104486679794	0.0
1463.6984268675048	1.9283040034480887	0.0
1464.018282926382	1.92829755681975	0.0
1464.3382088821018	1.9282911087826564	0.0
1464.6582047499382	1.9282846593364993	0.0
1464.9782705451664	1.9282782084809709	0.0
1465.2984062830726	1.9282717562157634	0.0
1465.6186119789386	1.9282653025405687	0.0
1465.9388876480486	1.9282588474550781	0.0
1466.2592333056998	1.9282523909589846	0.0
1466.5796489671836	1.928245933051979	0.0
1466.9001346477976	1.9282394737337534	0.0
1467.2206903628396	1.9282330130039993	0.0
1467.5413161276203	1.9282265508624081	0.0
1467.8620119574443	1.9282200873086714	0.0
1468.1827778676193	1.9282136223424806	0.0
1468.503613873466	1.9282071559635272	0.0
1468.824519990299	1.9282006881715024	0.0
1469.1454962334392	1.928194218966097	0.0
1469.4665426182085	1.928187748347003	0.0
1469.78765915994	1.9281812763139103	0.0
1470.1088458739625	1.928174802866511	0.0
1470.430102775607	1.9281683280044954	0.0
1470.7514298802175	1.9281618517275545	0.0
1471.0728272031322	1.9281553740353794	0.0
1471.3942947596956	1.9281488949276602	0.0
1471.7158325652522	1.9281424144040884	0.0
1472.0374406351598	1.928135932464354	0.0
1472.3591189847698	1.9281294491081478	0.0
1472.680867629437	1.9281229643351603	0.0
1473.0026865845286	1.9281164781450812	0.0
1473.3245758654066	1.928109990537602	0.0
1473.6465354874388	1.928103501512412	0.0
1473.9685654659934	1.9280970110692017	0.0
1474.2906658164516	1.9280905192076614	0.0
1474.612836554188	1.9280840259274812	0.0
1474.9350776945814	1.9280775312283507	0.0
1475.2573892530222	1.92807103510996	0.0
1475.579771244896	1.928064537571999	0.0
1475.9022236855942	1.9280580386141573	0.0
1476.2247465905086	1.9280515382361252	0.0
1476.5473399750433	1.9280450364375916	0.0
1476.8700038545974	1.9280385332182466	0.0
1477.1927382445724	1.9280320285777794	0.0
1477.515543160383	1.9280255225158798	0.0
1477.8384186174378	1.9280190150322372	0.0
1478.1613646311516	1.92801250612654	0.0
1478.4843812169404	1.9280059957984788	0.0
1478.807468390232	1.927999484047742	0.0
1479.1306261664479	1.9279929708740184	0.0
1479.4538545610146	1.9279864562769977	0.0
1479.7771535893694	1.9279799402563687	0.0
1480.1005232669447	1.9279735179094182	0.0
1480.4239636091793	1.9279673050235282	0.0
1480.7474746315122	1.9279610907799614	0.0
1481.0710563493951	1.9279548751784215	0.0
1481.3947087782733	1.9279486582186112	0.0
1481.7184319335965	1.9279424399002345	0.0
1482.042225830826	1.9279362202229933	0.0
1482.3660904854175	1.9279299991865917	0.0
1482.690025912834	1.9279237767907325	0.0
1483.0140321285378	1.9279175530351182	0.0
1483.3381091480037	1.927911327919452	0.0
1483.6622569867015	1.9279051014434367	0.0
1483.9864756601041	1.9278988736067748	0.0
1484.3107651836963	1.9278926444091693	0.0
1484.6351255729583	1.9278864138503222	0.0
1484.9595568433756	1.927880181929937	0.0
1485.284059010435	1.9278739486477152	0.0
1485.6086320896347	1.9278677140033598	0.0
1485.9332760964683	1.9278614779965728	0.0
1486.2579910464322	1.9278552406270568	0.0
1486.5827769550351	1.9278490018945138	0.0
1486.9076338377806	1.927842761798646	0.0
1487.2325617101783	1.9278365203391552	0.0
1487.5575605877382	1.9278302775157439	0.0
1487.8826304859826	1.9278240333281138	0.0
1488.207771420429	1.9278177877759668	0.0
1488.532983406597	1.9278115408590044	0.0
1488.8582664600196	1.9278052925769291	0.0
1489.1836205962236	1.927799042929442	0.0
1489.5090458307425	1.9277927919162448	0.0
1489.8345421791105	1.9277865395370393	0.0
1490.1601096568731	1.9277802857915267	0.0
1490.4857482795717	1.9277740306794084	0.0
1490.8114580627496	1.9277677742003863	0.0
1491.1372390219638	1.927761516354161	0.0
1491.4630911727645	1.927755257140434	0.0
1491.7890145307097	1.9277489965589065	0.0
1492.1150091113561	1.92774273460928	0.0
1492.4410749302745	1.9277364712912546	0.0
1492.7672120030288	1.9277302066045323	0.0
1493.093420345187	1.9277239405488131	0.0
1493.4196999723295	1.9277176731237986	0.0
1493.7460509000305	1.9277114043291892	0.0
1494.0724731438713	1.9277051341646851	0.0
1494.3989667194332	1.927698862629988	0.0
1494.7255316423102	1.9276925897247978	0.0
1495.0521679280903	1.9276863154488153	0.0
1495.3788755923654	1.9276800398017406	0.0
1495.7056546507392	1.9276737627832743	0.0
1496.0325051188108	1.9276674843931167	0.0
1496.3594270121844	1.9276612046309682	0.0
1496.6864203464656	1.927654923496529	0.0
1497.013485137272	1.9276486409894988	0.0
1497.3406214002157	1.927642357109578	0.0
1497.6678291509124	1.9276360718564667	0.0
1497.9951084049899	1.9276297852298643	0.0
1498.3224591780704	1.927623497229471	0.0
1498.6498814857828	1.9276172078549865	0.0
1498.9773753437562	1.9276109171061107	0.0
1499.3049407676324	1.9276046249825434	0.0
1499.6325777730472	1.9275983314839835	0.0
1499.9602863756397	1.9275920366101316	0.0
1500.2880665910625	1.9275857403606858	0.0
1500.6159184349615	1.9275794427353468	0.0
1500.9438419229891	1.927573143733813	0.0
1501.2718370707987	1.9275668433557844	0.0
1501.5999038940558	1.9275605416009594	0.0
1501.9280424084204	1.927554238469038	0.0
1502.2562526295558	1.9275479339597186	0.0
1502.5845345731377	1.9275416280727007	0.0
1502.9128882548362	1.9275353208076826	0.0
1503.2413136903283	1.9275290121643636	0.0
1503.5698108952909	1.9275227021424426	0.0
1503.8983798854133	1.9275163907416184	0.0
1504.2270206763799	1.927510077961589	0.0
1504.5557332838805	1.9275037638020538	0.0
1504.884517723606	1.9274974482627107	0.0
1505.2133740112602	1.9274911313432592	0.0
1505.5423021625397	1.9274848130433964	0.0
1505.8713021931462	1.9274784933628215	0.0
1506.2003741187934	1.9274721723012322	0.0
1506.5295179551888	1.9274658498583273	0.0
1506.8587337180468	1.9274595260338045	0.0
1507.1880214230823	1.9274532008273626	0.0
1507.5173810860229	1.9274468742386985	0.0
1507.8468127225897	1.927440546267511	0.0
1508.1763163485077	1.9274342169134977	0.0
1508.505891979515	1.9274278861763565	0.0
1508.8355396313434	1.927421554055785	0.0
1509.1652593197311	1.927415220551481	0.0
1509.4950510604172	1.9274088856631422	0.0
1509.824914869153	1.9274025493904654	0.0
1510.154850761684	1.9273962117331493	0.0
1510.4848587537622	1.9273898726908907	0.0
1510.814938861141	1.927383532263387	0.0
1511.1450910995845	1.9273771904503354	0.0
1511.4753154848534	1.927370847251433	0.0
1511.8056120327094	1.9273645026663777	0.0
1512.1359807589286	1.9273581566948659	0.0
1512.4664216792805	1.9273518093365944	0.0
1512.796934809542	1.927345460591261	0.0
1513.1275201654892	1.927339110458562	0.0
1513.4581777629116	1.927332758938194	0.0
1513.7889076175925	1.9273264060298545	0.0
1514.1197097453194	1.9273200517332396	0.0
1514.4505841618916	1.9273136960480464	0.0
1514.7815308831032	1.9273073389739708	0.0
1515.1125499247546	1.9273010752447648	0.0
1515.4436413026467	1.927294994073932	0.0
1515.7748050325927	1.9272889115742056	0.0
1516.1060411304006	1.9272828277452954	0.0
1516.4373496118817	1.9272767425869106	0.0
1516.7687304928593	1.9272706560987614	0.0
1517.100183789152	1.9272645682805563	0.0
1517.4317095165845	1.9272584791320049	0.0
1517.7633076909813	1.927252388652817	0.0
1518.0949783281803	1.9272462968427013	0.0
1518.4267214440138	1.9272402037013674	0.0
1518.7585370543165	1.927234109228524	0.0
1519.090425174937	1.92722801342388	0.0
1519.4223858217179	1.927221916287145	0.0
1519.7544190105073	1.9272158178180274	0.0
1520.0865247571546	1.927209718016236	0.0
1520.418703077522	1.9272036168814801	0.0
1520.7509539874657	1.9271975144134674	0.0
1521.0832775028448	1.9271914106119081	0.0
1521.4156736395323	1.9271853054765091	0.0
1521.7481424133944	1.9271791990069802	0.0
1522.0806838403041	1.9271730912030294	0.0
1522.4132979361352	1.9271669820643649	0.0
1522.7459847167736	1.927160871590695	0.0
1523.0787441981001	1.927154759781728	0.0
1523.4115763959983	1.927148646637173	0.0
1523.7444813263648	1.927142532156737	0.0
1524.0774590050908	1.9271364163401286	0.0
1524.410509448073	1.9271302991870551	0.0
1524.7436326712102	1.927124180697226	0.0
1525.0768286904122	1.9271180608703475	0.0
1525.4100975215838	1.9271119397061285	0.0
1525.7434391806335	1.9271058172042763	0.0
1526.0768536834819	1.9270996933644988	0.0
1526.4103410460443	1.9270935681865033	0.0
1526.7439012842426	1.9270874416699977	0.0
1527.077534413999	1.9270813138146894	0.0
1527.411240451248	1.9270751846202856	0.0
1527.745019411919	1.9270690540864943	0.0
1528.0788713119443	1.9270629222130222	0.0
1528.4127961672696	1.927056788999577	0.0
1528.7467939938342	1.9270506544458652	0.0
1529.080864807584	1.9270445185515945	0.0
1529.4150086244658	1.9270383813164722	0.0
1529.749225460439	1.9270322427402045	0.0
1530.0835153314567	1.9270261028224986	0.0
1530.417878253476	1.9270199615630617	0.0
1530.7523142424664	1.9270138189616004	0.0
1531.0868233143924	1.9270076750178213	0.0
1531.421405485224	1.9270015297314311	0.0
1531.7560607709324	1.926995383102137	0.0
1532.0907891875013	1.9269892351296445	0.0
1532.4255907509082	1.9269830858136605	0.0
1532.7604654771349	1.926976935153892	0.0
1533.0954133821756	1.9269707831500442	0.0
1533.4304344820182	1.9269646298018244	0.0
1533.765528792658	1.9269584751089386	0.0
1534.1006963300904	1.9269523190710927	0.0
1534.4359371103235	1.9269461616879928	0.0
1534.7712511493598	1.926940002959345	0.0
1535.1066384632047	1.9269338428848555	0.0
1535.442099067877	1.92692768146423	0.0
1535.77763297939	1.9269215186971742	0.0
1536.1132402137628	1.926915354583394	0.0
1536.448920787015	1.9269091891225953	0.0
1536.7846747151798	1.9269030223144834	0.0
1537.1205020142834	1.926896854158764	0.0
1537.4564027003566	1.926890684655143	0.0
1537.7923767894426	1.926884513803325	0.0
1538.1284242975787	1.926878341603016	0.0
1538.4645452408085	1.9268721680539214	0.0
1538.8007396351768	1.9268659931557461	0.0
1539.1370074967406	1.9268598169081956	0.0
1539.4733488415516	1.9268536393109748	0.0
1539.8097636856642	1.9268474603637888	0.0
1540.1462520451462	1.9268412800663421	0.0
1540.4828139360598	1.9268350984183407	0.0
1540.8194493744734	1.9268289154194889	0.0
1541.1561583764558	1.9268227310694914	0.0
1541.4929409580886	1.926816545368053	0.0
1541.8297971354484	1.9268103583148788	0.0
1542.1667269246143	1.9268041699096727	0.0
1542.5037303416782	1.9267979801521395	0.0
1542.8408074027273	1.9267917890419841	0.0
1543.1779581238545	1.9267855965789107	0.0
1543.5151825211528	1.9267794027626235	0.0
1543.8524806107293	1.9267732075928268	0.0
1544.1898524086844	1.9267670110692245	0.0
1544.5272979311214	1.9267608131915215	0.0
1544.8648171941586	1.9267546139594214	0.0
1545.202410213906	1.9267484133726283	0.0
1545.5400770064819	1.9267422114308466	0.0
1545.877817588004	1.9267360081337794	0.0
1546.215631974604	1.9267298034811309	0.0
1546.5535201824068	1.926723597472605	0.0
1546.8914822275408	1.9267173901079053	0.0
1547.2295181261482	1.9267111813867355	0.0
1547.567627894364	1.9267049713087991	0.0
1547.9058115483315	1.9266987598738	0.0
1548.244069104193	1.9266925470814409	0.0
1548.5824005781042	1.9266863329314257	0.0
1548.920805986215	1.9266801174234576	0.0
1549.2592853446795	1.9266739005572395	0.0
1549.5978386696631	1.9266676823324755	0.0
1549.9364659773266	1.9266614627488678	0.0
1550.2751672838374	1.9266552418061198	0.0
1550.6139426053626	1.9266490195039347	0.0
1550.952791958083	1.9266427958420151	0.0
1551.2917153581732	1.926636789790155	0.0
1551.630712821811	1.9266308178692995	0.0
1551.9697843651877	1.9266248446434242	0.0
1552.3089300044885	1.9266188701122442	0.0
1552.6481497559053	1.926612894275474	0.0
1552.9874436356306	1.9266069171328288	0.0
1553.3268116598692	1.9266009386840228	0.0
1553.6662538448206	1.9265949589287708	0.0
1554.0057702066877	1.926588977866787	0.0
1554.3453607616864	1.9265829954977864	0.0
1554.685025526027	1.9265770118214829	0.0
1555.0247645159257	1.9265710268375908	0.0
1555.3645777475997	1.926565040545825	0.0
1555.704465237279	1.9265590529458987	0.0
1556.0444270011878	1.9265530640375268	0.0
1556.384463055554	1.9265470738204233	0.0
1556.724573416618	1.9265410822943019	0.0
1557.0647581006147	1.9265350894588766	0.0
1557.4050171237857	1.9265290953138614	0.0
1557.7453505023725	1.92652309985897	0.0
1558.0857582526305	1.9265171030939165	0.0
1558.4262403908083	1.9265111050184143	0.0
1558.766796933159	1.926505105632177	0.0
1559.1074278959472	1.926499104934918	0.0
1559.4481332954333	1.9264931029263515	0.0
1559.7889131478835	1.9264870996061902	0.0
1560.1297674695643	1.926481094974148	0.0
1560.4706962767557	1.9264750890299376	0.0
1560.8116995857317	1.926469081773273	0.0
1561.1527774127692	1.9264630732038672	0.0
1561.4939297741591	1.9264570633214328	0.0
1561.8351566861859	1.9264510521256837	0.0
1562.1764581651405	1.9264450396163322	0.0
1562.517834227315	1.9264390257930915	0.0
1562.859284889014	1.9264330106556744	0.0
1563.2008101665356	1.9264269942037942	0.0
1563.542410076183	1.9264209764371625	0.0
1563.8840846342712	1.9264149573554934	0.0
1564.2258338571098	1.9264089369584987	0.0
1564.567657761015	1.926402915245891	0.0
1564.909556362303	1.9263968922173833	0.0
1565.251529677304	1.9263908678726875	0.0
1565.5935777223413	1.9263848422115162	0.0
1565.9357005137422	1.9263788152335817	0.0
1566.2778980678474	1.9263727869385963	0.0
1566.6201704009907	1.926366757326272	0.0
1566.9625175295141	1.9263607263963212	0.0
1567.3049394697587	1.9263546941484555	0.0
1567.6474362380789	1.9263486605823876	0.0
1567.9900078508238	1.926342625697829	0.0
1568.3326543243454	1.9263365894944917	0.0
1568.6753756750093	1.9263305519720872	0.0
1569.018171919175	1.9263245131303277	0.0
1569.3610430732085	1.9263184729689247	0.0
1569.703989153476	1.92631243148759	0.0
1570.0470101763578	1.9263063886860345	0.0
1570.3901061582274	1.9263003445639706	0.0
1570.733277115462	1.9262942991211092	0.0
1571.0765230644522	1.9262882523571614	0.0
1571.4198440215823	1.9262822042718393	0.0
1571.7632400032435	1.9262761548648537	0.0
1572.1067110258275	1.9262701041359156	0.0
1572.4502571057394	1.9262640520847367	0.0
1572.7938782593774	1.9262579987110273	0.0
1573.1375745031442	1.9262519440144992	0.0
1573.481345853455	1.9262458879948625	0.0
1573.8251923267198	1.926239830651829	0.0
1574.1691139393547	1.9262337719851086	0.0
1574.5131107077764	1.9262277119944122	0.0
1574.8571826484147	1.9262216506794512	0.0
1575.2013297776937	1.9262155880399354	0.0
1575.5455521120405	1.9262095240755759	0.0
1575.889849667896	1.9262034587860828	0.0
1576.2342224616948	1.9261973921711664	0.0
1576.5786705098787	1.9261913242305377	0.0
1576.923193828889	1.9261852549639067	0.0
1577.267792435181	1.9261791843709832	0.0
1577.6124663452035	1.9261731124514778	0.0
1577.9572155754092	1.9261670392051011	0.0
1578.3020401422643	1.926160964631562	0.0
1578.6469400622282	1.9261548887305715	0.0
1578.9919153517676	1.926148811501839	0.0
1579.3369660273495	1.9261427329450742	0.0
1579.682092105454	1.926136653059987	0.0
1580.0272936025556	1.9261305718462878	0.0
1580.372570535132	1.9261244893036853	0.0
1580.7179229196738	1.92611840543189	0.0
1581.0633507726666	1.9261123202306103	0.0
1581.408854110602	1.926106233699557	0.0
1581.7544329499722	1.9261001458384384	0.0
1582.1000873072824	1.9260940566469644	0.0
1582.4458171990323	1.9260879661248442	0.0
1582.791622641725	1.926081874271787	0.0
1583.1375036518764	1.9260757810875018	0.0
1583.4834602459973	1.926069686571698	0.0
1583.829492440604	1.9260635907240844	0.0
1584.1756002522147	1.9260574935443702	0.0
1584.5217836973598	1.926051395032264	0.0
1584.8680427925635	1.9260452951874745	0.0
1585.2143775543548	1.9260391940097112	0.0
1585.560787999275	1.9260330914986823	0.0
1585.9072741438595	1.926026987654096	0.0
1586.2538360046508	1.92602105237589	0.0
1586.6004735981915	1.9260151778784955	0.0
1586.9471869410377	1.926009302097371	0.0
1587.2939760497393	1.9260034250322358	0.0
1587.6408409408498	1.9259975466828094	0.0
1587.9877816309363	1.9259916670488115	0.0
1588.3347981365594	1.925985786129961	0.0
1588.681890474287	1.9259799039259773	0.0
1589.029058660687	1.9259740204365794	0.0
1589.3763027123407	1.9259681356614866	0.0
1589.7236226458235	1.9259622496004178	0.0
1590.0710184777142	1.9259563622530922	0.0
1590.4184902246052	1.9259504736192283	0.0
1590.7660379030826	1.9259445836985454	0.0
1591.1136615297396	1.9259386924907622	0.0
1591.461361121169	1.925932799995597	0.0
1591.8091366939782	1.925926906212769	0.0
1592.1569882647675	1.9259210111419964	0.0
1592.5049158501413	1.9259151147829985	0.0
1592.8529194667174	1.925909217135493	0.0
1593.200999131107	1.9259033181991985	0.0
1593.5491548599289	1.9258974179738335	0.0
1593.8973866698013	1.9258915164591166	0.0
1594.2456945773574	1.9258856136547653	0.0
1594.5940785992223	1.925879709560498	0.0
1594.9425387520262	1.9258738041760335	0.0
1595.291075052412	1.9258678975010894	0.0
1595.6396875170167	1.9258619895353837	0.0
1595.9883761624842	1.9258560802786338	0.0
1596.3371410054588	1.9258501697305586	0.0
1596.685982062598	1.925844257890875	0.0
1597.0348993505534	1.9258383447593013	0.0
1597.38389288598	1.925832430335555	0.0
1597.7329626855465	1.9258265146193536	0.0
1598.0821087659156	1.925820597610415	0.0
1598.4313311437559	1.9258146793084565	0.0
1598.7806298357377	1.9258087597131957	0.0
1599.1300048585442	1.9258028388243498	0.0
1599.479456228852	1.925796916641636	0.0
1599.8289839633424	1.9257909931647719	0.0
1600.1785880787086	1.9257850683934747	0.0
1600.5282685916393	1.9257791423274608	0.0
1600.8780255188287	1.9257732149664482	0.0
1601.2278588769727	1.9257672863101534	0.0
1601.5777686827794	1.9257613563582936	0.0
1601.9277549529515	1.9257554251105855	0.0
1602.2778177041955	1.9257494925667455	0.0
1602.6279569532308	1.9257435587264915	0.0
1602.9781727167704	1.9257376235895391	0.0
1603.3284650115356	1.9257316871556056	0.0
1603.6788338542467	1.9257257494244076	0.0
1604.0292792616378	1.9257198103956612	0.0
1604.3798012504376	1.9257138700690826	0.0
1604.730399837377	1.9257079284443892	0.0
1605.081075039202	1.9257019855212962	0.0
1605.4318268726513	1.925696041299521	0.0
1605.7826553544705	1.9256900957787788	0.0
1606.133560501407	1.9256841489587864	0.0
1606.48454233022	1.9256782008392594	0.0
1606.835600857663	1.9256722514199143	0.0
1607.1867361004938	1.9256663007004668	0.0
1607.5379480754832	1.9256603486806325	0.0
1607.8892367993956	1.925654395360128	0.0
1608.240602289003	1.925648440738668	0.0
1608.5920445610773	1.9256424848159694	0.0
1608.9435636324038	1.925636527591747	0.0
1609.2951595197621	1.9256305690657165	0.0
1609.646832239935	1.9256246092375937	0.0
1609.9985818097193	1.925618648107094	0.0
1610.3504082459053	1.9256126856739326	0.0
1610.70231156529	1.925606721937825	0.0
1611.0542917846715	1.9256007568984865	0.0
1611.4063489208604	1.925594790555632	0.0
1611.7584829906625	1.925588822908977	0.0
1612.1106940108862	1.9255828539582365	0.0
1612.4629819983534	1.9255768837031257	0.0
1612.8153469698805	1.925570912143359	0.0
1613.1677889422904	1.9255649392786518	0.0
1613.5203079324067	1.9255589651087188	0.0
1613.872903957066	1.925552989633275	0.0
1614.2255770330994	1.9255470128520344	0.0
1614.5783271773444	1.9255410347647124	0.0
1614.931154406639	1.9255350553710233	0.0
1615.2840587378353	1.9255290746706817	0.0
1615.6370401877784	1.9255230926634017	0.0
1615.9900987733176	1.9255171093488983	0.0
1616.3432345113156	1.9255111247268855	0.0
1616.6964474186288	1.9255051387970776	0.0
1617.049737512121	1.925499151559189	0.0
1617.4031048086556	1.9254931630129333	0.0
1617.7565493251107	1.9254871731580252	0.0
1618.1100710783567	1.9254811819941784	0.0
1618.4636700852695	1.925475189521107	0.0
1618.8173463627368	1.9254691957385248	0.0
1619.1710999276418	1.9254632006461456	0.0
1619.5249307968727	1.9254572042436835	0.0
1619.87883898732	1.925451206530852	0.0
1620.232824515887	1.9254452075073645	0.0
1620.5868873994705	1.925439207172935	0.0
1620.9410276549745	1.9254332055272765	0.0
1621.2952452993036	1.9254272025701031	0.0
1621.6495403493761	1.9254211983011278	0.0
1622.0039128221033	1.9254151950595033	0.0
1622.3583627344015	1.9254094000882862	0.0
1622.7128901031992	1.9254036038507178	0.0
1623.0674949454196	1.9253978063465211	0.0
1623.422177277993	1.9253920075754192	0.0
1623.776937117849	1.925386207537136	0.0
1624.131774481932	1.9253804062313935	0.0
1624.48668938718	1.9253746036579156	0.0
1624.841681850534	1.9253687998164248	0.0
1625.1967518889494	1.9253629947066444	0.0
1625.5518995193747	1.9253571883282967	0.0
1625.9071247587663	1.925351380681105	0.0
1626.2624276240797	1.9253455717647916	0.0
1626.6178081322853	1.9253397615790793	0.0
1626.9732663003467	1.925333950123691	0.0
1627.3288021452313	1.9253281373983488	0.0
1627.6844156839202	1.9253223234027754	0.0
1628.0401069333882	1.9253165081366934	0.0
1628.3958759106167	1.925310691599825	0.0
1628.7517226325883	1.9253048737918923	0.0
1629.107647116299	1.9252990547126179	0.0
1629.463649378738	1.9252932343617237	0.0
1629.819729436899	1.9252874127389317	0.0
1630.175887307789	1.9252815898439644	0.0
1630.5321230084087	1.9252757656765438	0.0
1630.8884365557658	1.925269940236391	0.0
1631.2448279668686	1.925264113523229	0.0
1631.6012972587394	1.9252582855367788	0.0
1631.957844448393	1.9252524562767626	0.0
1632.3144695528492	1.925246625742902	0.0
1632.6711725891414	1.9252407939349183	0.0
1633.027953574296	1.9252349608525332	0.0
1633.3848125253467	1.925229126495469	0.0
1633.741749459328	1.9252232908634461	0.0
1634.0987643932879	1.9252174539561864	0.0
1634.4558573442682	1.925211615773411	0.0
1634.8130283293137	1.9252057763148414	0.0
1635.1702773654843	1.9251999355801983	0.0
1635.5276044698323	1.9251940935692038	0.0
1635.8850096594178	1.925188250281578	0.0
1636.2424929513013	1.9251824057170426	0.0
1636.6000543625564	1.925176559875318	0.0
1636.9576939102517	1.9251707127561257	0.0
1637.3154116114576	1.9251648643591865	0.0
1637.67320748326	1.9251590146842203	0.0
1638.031081542738	1.9251531637309491	0.0
1638.3890338069773	1.9251473114990925	0.0
1638.7470642930643	1.9251414579883717	0.0
1639.1051730180995	1.9251356031985065	0.0
1639.4633599991766	1.9251297471292184	0.0
1639.8216252533932	1.9251238897802272	0.0
1640.1799687978607	1.9251180311512532	0.0
1640.5383906496843	1.925112171242017	0.0
1640.896890825976	1.925106310052239	0.0
1641.2554693438487	1.925100447581639	0.0
1641.6141262204285	1.9250945838299365	0.0
1641.9728614728356	1.9250887187968526	0.0
1642.331675118194	1.925082852482107	0.0
1642.6905671736404	1.9250769848854195	0.0
1643.0495376563072	1.9250711160065097	0.0
1643.4085865833322	1.925065245845098	0.0
1643.767713971854	1.9250593744009037	0.0
1644.1269198390257	1.9250535016736467	0.0
1644.4862042019931	1.9250476276630466	0.0
1644.845567077907	1.9250417523688228	0.0
1645.20500848393	1.9250358757906945	0.0
1645.5645284372204	1.925029997928382	0.0
1645.924126954943	1.9250241187816037	0.0
1646.2838040542622	1.92501823835008	0.0
1646.6435597523573	1.925012356633529	0.0
1647.0033940664005	1.9250064736316705	0.0
1647.3633070135681	1.925000589344224	0.0
1647.7232986110505	1.9249947037709076	0.0
1648.083368876031	1.924988816911441	0.0
1648.443517825701	1.924982928765543	0.0
1648.8037454772516	1.9249770393329326	0.0
1649.1640518478875	1.9249711486133283	0.0
1649.5244369548082	1.9249652566064492	0.0
1649.8849008152158	1.9249593633120134	0.0
1650.2454434463268	1.92495346872974	0.0
1650.6060648653513	1.924947572859348	0.0
1650.9667650895067	1.924941675700555	0.0
1651.3275441360101	1.9249357772530804	0.0
1651.6884020220932	1.9249298775166415	0.0
1652.0493387649815	1.9249239764909576	0.0
1652.4103543819033	1.9249180741757463	0.0
1652.771448890102	1.9249121705707264	0.0
1653.1326223068131	1.9249062656756155	0.0
1653.4938746492812	1.9249003594901317	0.0
1653.8552059347496	1.924894452013994	0.0
1654.2166161804762	1.924888543246919	0.0
1654.5781054037127	1.924882633188625	0.0
1654.9396736217143	1.9248767218388303	0.0
1655.3013208517498	1.9248708091972524	0.0
1655.6630471110827	1.924864895263609	0.0
1656.0248524169824	1.9248589800376177	0.0
1656.3867367867192	1.9248530635189964	0.0
1656.7487002375779	1.924847145707462	0.0
1657.1107427868358	1.924841285709351	0.0
1657.472864451775	1.9248355585859194	0.0
1657.8350652496908	1.9248298302109623	0.0
1658.1973451978724	1.924824100584207	0.0
1658.5597043136167	1.9248183697053796	0.0
1658.9221426142199	1.9248126375742067	0.0
1659.2846601169929	1.9248069041904141	0.0
1659.64725683924	1.9248011695537288	0.0
1660.0099327982696	1.9247954336638766	0.0
1660.3726880114034	1.9247896965205837	0.0
1660.7355224959572	1.9247839581235764	0.0
1661.098436269254	1.9247782184725803	0.0
1661.461429348617	1.9247724775673218	0.0
1661.8245017513832	1.9247667354075269	0.0
1662.1876534948838	1.924760991992921	0.0
1662.550884596453	1.92475524732323	0.0
1662.9141950734397	1.9247495013981797	0.0
1663.277584943186	1.9247437542174959	0.0
1663.6410542230412	1.9247380057809038	0.0
1664.0046029303553	1.9247322560881297	0.0
1664.3682310824918	1.9247265051388984	0.0
1664.7319386968081	1.9247207529329355	0.0
1665.0957257906655	1.9247149994699666	0.0
1665.459592381439	1.9247092447497165	0.0
1665.8235384864975	1.9247034887719114	0.0
1666.1875641232164	1.9246977315362757	0.0
1666.5516693089728	1.9246919730425347	0.0
1666.9158540611566	1.9246862132904135	0.0
1667.2801183971517	1.9246804522796368	0.0
1667.644462334346	1.9246746900099303	0.0
1668.008885890141	1.9246689264810182	0.0
1668.3733890819324	1.9246631616926257	0.0
1668.7379719271223	1.9246573956444775	0.0
1669.1026344431139	1.9246516283362984	0.0
1669.467376647324	1.9246458597678124	0.0
1669.8321985571633	1.924640089938745	0.0
1670.1971001900463	1.9246343188488204	0.0
1670.5620815634006	1.9246285464977626	0.0
1670.927142694649	1.924622772885297	0.0
1671.2922836012203	1.924616998011147	0.0
1671.6575043005441	1.9246112218750375	0.0
1672.022804810064	1.9246054444766922	0.0
1672.3881851472172	1.9245996658158355	0.0
1672.7536453294447	1.9245938858921918	0.0
1673.1191853742016	1.9245881047054851	0.0
1673.4848052989364	1.9245823222554386	0.0
1673.8505051211048	1.9245765385417775	0.0
1674.2162848581636	1.9245707535642247	0.0
1674.5821445275826	1.924564967322504	0.0
1674.948084146826	1.92455917981634	0.0
1675.314103733361	1.9245533910454555	0.0
1675.68020330467	1.9245476010095746	0.0
1676.0463828782276	1.9245418097084208	0.0
1676.4126424715173	1.9245360171417172	0.0
1676.7789821020212	1.9245302233091879	0.0
1677.145401787237	1.924524428210556	0.0
1677.5119015446548	1.9245186318455447	0.0
1677.8784813917691	1.9245128342138775	0.0
1678.2451413460888	1.9245070353152771	0.0
1678.6118814251156	1.9245012351494668	0.0
1678.978701646359	1.9244954337161704	0.0
1679.3456020273286	1.9244896310151105	0.0
1679.7125825855487	1.9244838270460094	0.0
1680.079643338536	1.9244780218085908	0.0
1680.446784303812	1.9244722153025773	0.0
1680.8140054989121	1.9244664075276918	0.0
1681.181306941365	1.924460598483657	0.0
1681.5486886487072	1.9244547881701952	0.0
1681.9161506384746	1.9244489765870294	0.0
1682.2836929282184	1.9244431637338817	0.0
1682.6513155354826	1.9244373496104752	0.0
1683.019018477815	1.9244315342165321	0.0
1683.3868017727784	1.9244257175517738	0.0
1683.754665437928	1.9244198996159243	0.0
1684.1226094908266	1.9244140804087044	0.0
1684.490633949038	1.9244082599298373	0.0
1684.8587388301396	1.9244024381790445	0.0
1685.2269241517024	1.924396615156048	0.0
1685.5951899313013	1.9243907908605702	0.0
1685.9635361865253	1.9243849652923328	0.0
1686.3319629349571	1.9243791384510578	0.0
1686.7004701941862	1.9243733103364664	0.0
1687.0690579818033	1.9243674809482814	0.0
1687.4377263154126	1.9243616502862237	0.0
1687.806475212612	1.9243558183500153	0.0
1688.1753046910035	1.9243499851393775	0.0
1688.5442147682031	1.924344150654032	0.0
1688.9132054618199	1.9243383148936999	0.0
1689.282276789471	1.9243324778581032	0.0
1689.6514287687735	1.9243266395469627	0.0
1690.0206614173587	1.9243207999599998	0.0
1690.3899747528515	1.9243149590969357	0.0
1690.7593687928809	1.9243091169574915	0.0
1691.1288435550894	1.9243032735413885	0.0
1691.4983990571138	1.9242974288483476	0.0
1691.8680353165973	1.9242915828780898	0.0
1692.237752351185	1.9242857356303358	0.0
1692.6075501785344	1.9242798871048066	0.0
1692.9774288162976	1.9242740373012228	0.0
1693.3473882821304	1.924268351929874	0.0
1693.7174285937028	1.9242626760853443	0.0
1694.0875497686782	1.9242569990004958	0.0
1694.4577518247272	1.924251320675057	0.0
1694.828034779521	1.9242456411087567	0.0
1695.198398650745	1.9242399603013238	0.0
1695.5688434560784	1.9242342782524875	0.0
1695.9393692132035	1.9242285949619762	0.0
1696.3099759398174	1.924222910429518	0.0
1696.6806636536107	1.9242172246548428	0.0
1697.051432372281	1.924211537637678	0.0
1697.4222821135268	1.9242058493777525	0.0
1697.7932128950602	1.9242001598747949	0.0
1698.1642247345874	1.924194469128533	0.0
1698.5353176498181	1.924188777138696	0.0
1698.9064916584764	1.9241830839050111	0.0
1699.2777467782798	1.9241773894272076	0.0
1699.6490830269536	1.9241716937050124	0.0
1700.0205004222223	1.9241659967381548	0.0
1700.391998981826	1.924160298526362	0.0
1700.7635787234979	1.924154599069362	0.0
1701.1352396649743	1.924148898366883	0.0
1701.5069818240072	1.9241431964186528	0.0
1701.8788052183406	1.9241374932243989	0.0
1702.2507098657268	1.924131788783849	0.0
1702.622695783918	1.9241260830967313	0.0
1702.9947629906815	1.9241203761627728	0.0
1703.366911503777	1.9241146679817014	0.0
1703.7391413409684	1.9241089585532445	0.0
1704.1114525200346	1.9241032478771292	0.0
1704.483845058747	1.924097535953083	0.0
1704.856318974885	1.9240918227808337	0.0
1705.2288742862281	1.924086108360108	0.0
1705.6015110105707	1.9240803926906331	0.0
1705.9742291656994	1.924074675772136	0.0
1706.347028769406	1.9240689576043444	0.0
1706.7199098394956	1.9240632381869847	0.0
1707.0928723937677	1.9240575175197843	0.0
1707.4659164500288	1.9240517956024692	0.0
1707.839042026085	1.9240460724347668	0.0
1708.2122491397583	1.9240403480164043	0.0
1708.585537808863	1.9240346223471079	0.0
1708.9589080512171	1.9240288954266043	0.0
1709.3323598846541	1.92402316725462	0.0
1709.705893327	1.9240174378308814	0.0
1710.0795083960884	1.924011707155115	0.0
1710.4532051097535	1.924005975227048	0.0
1710.8269834858438	1.9240002420464057	0.0
1711.200843542201	1.9239945076129148	0.0
1711.574785296671	1.9239887719263016	0.0
1711.9488087671139	1.9239830349862919	0.0
1712.3229139713833	1.9239772967926125	0.0
1712.6971009273398	1.9239715573449887	0.0
1713.0713696528453	1.9239658166431464	0.0
1713.4457201657751	1.9239600746868124	0.0
1713.820152483999	1.923954331475712	0.0
1714.1946666253893	1.923948587009571	0.0
1714.569262607834	1.9239428412881152	0.0
1714.943940449214	1.92393709431107	0.0
1715.3187001674173	1.923931346078162	0.0
1715.693541780333	1.9239255965891155	0.0
1716.0684653058636	1.9239198458436566	0.0
1716.4434707619062	1.9239140938415111	0.0
1716.818558166361	1.9239083405824036	0.0
1717.193727537143	1.92390258606606	0.0
1717.5689788921602	1.923896830292205	0.0
1717.9443122493287	1.9238910732605645	0.0
1718.3197276265644	1.9238853149708635	0.0
1718.6952250417976	1.9238795554228263	0.0
1719.0708045129522	1.923873794616179	0.0
1719.4464660579565	1.923868032550646	0.0
1719.8222096947525	1.9238622692259524	0.0
1720.198035441276	1.9238565046418223	0.0
1720.5739433154697	1.9238507387979817	0.0
1720.9499333352778	1.9238449716941544	0.0
1721.3260055186574	1.9238392033300658	0.0
1721.7021598835606	1.9238334337054395	0.0
1722.0783964479426	1.923827662820001	0.0
1722.4547152297728	1.9238218906734743	0.0
1722.8311162470143	1.923816117265584	0.0
1723.207599517638	1.9238103425960542	0.0
1723.5841650596149	1.9238045666646095	0.0
1723.9608128909301	1.9237987894709738	0.0
1724.3375430295628	1.9237930110148718	0.0
1724.7143554934955	1.9237872312960274	0.0
1725.0912503007255	1.9237814503141641	0.0
1725.4682274692436	1.9237756680690068	0.0
1725.8452870170477	1.9237698845602789	0.0
1726.2224289621363	1.9237640997877041	0.0
1726.5996533225227	1.9237583137510068	0.0
1726.9769601162127	1.9237525264499105	0.0
1727.354349361217	1.9237467378841386	0.0
1727.7318210755602	1.9237409480534151	0.0
1728.1093752772606	1.9237352035297985	0.0
1728.4870119843436	1.9237295719672327	0.0
1728.8647312148357	1.9237239391740242	0.0
1729.242532986777	1.9237183051499043	0.0
1729.6204173182016	1.9237126698946037	0.0
1729.9983842271474	1.9237070334078543	0.0
1730.3764337316666	1.9237013956893863	0.0
1730.7545658498052	1.9236957567389306	0.0
1731.1327805996164	1.9236901165562177	0.0
1731.5110779991535	1.923684475140979	0.0
1731.889458066485	1.9236788324929446	0.0
1732.2679208196723	1.9236731886118454	0.0
1732.6464662767844	1.9236675434974115	0.0
1733.025094455891	1.9236618971493744	0.0
1733.4038053750755	1.9236562495674632	0.0
1733.7825990524157	1.9236506007514094	0.0
1734.1614755059925	1.9236449507009428	0.0
1734.540434753902	1.9236392994157931	0.0
1734.9194768142336	1.9236336468956916	0.0
1735.2986017050835	1.9236279931403675	0.0
1735.6778094445485	1.9236223381495514	0.0
1736.0571000507414	1.9236166819229736	0.0
1736.436473541766	1.9236110244603633	0.0
1736.815929935732	1.9236053657614505	0.0
1737.1954692507622	1.9235997058259655	0.0
1737.5750915049741	1.923594044653638	0.0
1737.9547967164922	1.9235883822441973	0.0
1738.3345849034406	1.9235827185973733	0.0
1738.714456083959	1.9235770537128958	0.0
1739.0944102761805	1.9235713875904938	0.0
1739.474447498241	1.9235657202298977	0.0
1739.8545677682923	1.9235600516308362	0.0
1740.2347711044786	1.9235543817930383	0.0
1740.6150575249526	1.9235487107162341	0.0
1740.9954270478665	1.923543038400153	0.0
1741.3758796913871	1.9235373648445235	0.0
1741.7564154736751	1.9235316900490749	0.0
1742.1370344128989	1.9235260140135364	0.0
1742.5177365272264	1.9235203367376368	0.0
1742.8985218348407	1.9235146582211053	0.0
1743.2793903539182	1.9235089784636707	0.0
1743.660342102639	1.923503297465062	0.0
1744.0413770991986	1.9234976152250076	0.0
1744.422495361785	1.9234919317432366	0.0
1744.8036969085936	1.9234862470194773	0.0
1745.1849817578209	1.9234805610534584	0.0
1745.5663499276775	1.9234748738449086	0.0
1745.9478014363683	1.9234691853935564	0.0
1746.3293363021007	1.9234634956991299	0.0
1746.7109545430976	1.9234578047613575	0.0
1747.0926561775755	1.923452112579968	0.0
1747.4744412237576	1.923446419154689	0.0
1747.8563096998682	1.923440724485249	0.0
1748.238261624146	1.9234350285713764	0.0
1748.6202970148229	1.9234293314127986	0.0
1749.002415890135	1.923423633009244	0.0
1749.384618268333	1.9234179333604402	0.0
1749.7669041676609	1.9234122324661156	0.0
1750.1492736063701	1.9234065303259977	0.0
1750.5317266027128	1.9234008269398148	0.0
1750.9142631749553	1.9233951223072934	0.0
1751.2968833413577	1.9233894164281622	0.0
1751.6795871201841	1.9233837093021484	0.0
1752.062374529713	1.9233780009289798	0.0
1752.4452455882163	1.9233722913083835	0.0
1752.8282003139732	1.9233665804400868	0.0
1753.2112387252641	1.9233608683238175	0.0
1753.594360840383	1.9233551549593029	0.0
1753.9775666776184	1.92334944034627	0.0
1754.3608562552618	1.9233437244844453	0.0
1754.74422959162	1.9233380073735575	0.0
1755.1276867049928	1.9233322890133322	0.0
1755.5112276136874	1.923326569403497	0.0
1755.894852336012	1.923320848543779	0.0
1756.278560890289	1.9233151264339043	0.0
1756.6623532948347	1.9233094030736007	0.0
1757.0462295679686	1.9233036784625943	0.0
1757.4301897280252	1.923297952600612	0.0
1757.8142337933327	1.9232922254873803	0.0
1758.1983617822264	1.9232864971226258	0.0
1758.5825737130422	1.9232807675060752	0.0
1758.9668696041308	1.923275036637455	0.0
1759.3512494738363	1.923269304516491	0.0
1759.7357133405062	1.9232635711429102	0.0
1760.1202612225036	1.9232578365164386	0.0
1760.5048931381841	1.9232521006368022	0.0
1760.8896091059114	1.9232463635037278	0.0
1761.2744091440493	1.9232406251169407	0.0
1761.659293270977	1.9232348854761674	0.0
1762.0442615050663	1.9232291445811338	0.0
1762.4293138646926	1.9232234024315658	0.0
1762.8144503682477	1.923217659027189	0.0
1763.1996710341148	1.9232119143677295	0.0
1763.584975880686	1.9232061684529134	0.0
1763.970364926353	1.9232004212824656	0.0
1764.3558381895234	1.9231948081800758	0.0
1764.7413956885966	1.9231892051236512	0.0
1765.1270374419769	1.9231836008428134	0.0
1765.5127634680834	1.923177995337295	0.0
1765.8985737853282	1.9231723886068282	0.0
1766.284468412131	1.9231667806511454	0.0
1766.6704473669122	1.9231611714699788	0.0
1767.0565106681067	1.923155561063061	0.0
1767.4426583341428	1.9231499494301234	0.0
1767.828890383453	1.9231443365708984	0.0
1768.2152068344842	1.9231387224851186	0.0
1768.6016077056768	1.9231331071725153	0.0
1768.9880930154789	1.9231274906328206	0.0
1769.3746627823389	1.9231218728657664	0.0
1769.76131702472	1.9231162538710844	0.0
1770.1480557610787	1.9231106336485062	0.0
1770.5348790098756	1.9231050121977638	0.0
1770.921786789586	1.9230993895185888	0.0
1771.3087791186783	1.923093765610712	0.0
1771.6958560156293	1.9230881404738662	0.0
1772.0830174989148	1.9230825141077819	0.0
1772.4702635870271	1.9230768865121908	0.0
1772.8575942984507	1.923071257686824	0.0
1773.2450096516743	1.923065627631413	0.0
1773.6325096652013	1.923059996345689	0.0
1774.0200943575292	1.9230543638293827	0.0
1774.407763747162	1.9230487300822257	0.0
1774.795517852605	1.923043095103949	0.0
1775.1833566923776	1.9230374588942833	0.0
1775.5712802849932	1.9230318214529598	0.0
1775.9592886489686	1.923026182779709	0.0
1776.3473818028358	1.923020542874262	0.0
1776.7355597651203	1.9230149017363496	0.0
1777.1238225543548	1.923009259365702	0.0
1777.5121701890723	1.9230036157620503	0.0
1777.9006026878212	1.9229979709251248	0.0
1778.2891200691429	1.9229923248546559	0.0
1778.6777223515828	1.9229866775503743	0.0
1779.0664095537013	1.9229810290120106	0.0
1779.4551816940516	1.9229753792392943	0.0
1779.8440387911953	1.9229697282319567	0.0
1780.2329808636937	1.922964075989727	0.0
1780.6220079301236	1.922958422512336	0.0
1781.0111200090548	1.9229527677995135	0.0
1781.400317119061	1.9229471118509898	0.0
1781.7895992787307	1.9229414546664947	0.0
1782.1789665066465	1.9229357962457578	0.0
1782.5684188213972	1.9229301365885096	0.0
1782.9579562415734	1.9229244756944797	0.0
1783.3475787857801	1.9229188135633972	0.0
1783.7372864726153	1.9229131501949923	0.0
1784.127079320681	1.9229074855889947	0.0
1784.516957348595	1.9229018197451337	0.0
1784.9069205749672	1.922896152663139	0.0
1785.2969690184157	1.92289048434274	0.0
1785.6871026975593	1.9228848147836661	0.0
1786.0773216310313	1.9228791439856463	0.0
1786.4676258374582	1.9228734719484102	0.0
1786.858015335471	1.9228677986716867	0.0
1787.2484901437151	1.9228621241552055	0.0
1787.6390502808297	1.922856448398695	0.0
1788.0296957654612	1.9228507714018848	0.0
1788.4204266162565	1.9228450931645034	0.0
1788.8112428518775	1.9228394136862796	0.0
1789.20214449098	1.922833732966943	0.0
1789.5931315522225	1.922828051006222	0.0
1789.9842040542796	1.922822367803845	0.0
1790.3753620158186	1.922816683359541	0.0
1790.7666054555148	1.9228109976730385	0.0
1791.1579343920432	1.9228053107440661	0.0
1791.549348844095	1.9227996225723523	0.0
1791.9408488303536	1.9227939331576254	0.0
1792.332434369507	1.922788242499614	0.0
1792.7241054802578	1.922782550598046	0.0
1793.115862181302	1.9227768574526505	0.0
1793.5077044913432	1.9227711630631545	0.0
1793.8996324290858	1.922765467429287	0.0
1794.291646013249	1.9227597705507757	0.0
1794.6837452625446	1.9227540724273489	0.0
1795.0759301956898	1.9227483730587343	0.0
1795.4682008314153	1.9227426724446597	0.0
1795.860557188446	1.9227369705848534	0.0
1796.2529992855143	1.9227312674790427	0.0
1796.6455271413529	1.9227255631269558	0.0
1797.0381407747095	1.9227198575283195	0.0
1797.4308402043252	1.9227141506828622	0.0
1797.823625448945	1.9227084425903116	0.0
1798.2164965273291	1.9227027332503943	0.0
1798.6094534582307	1.9226970226628382	0.0
1799.0024962604107	1.922691311673584	0.0
1799.3956249526307	1.9226857318575576	0.0
1799.788839553667	1.922680150822197	0.0
1800.1821400822896	1.922674568567235	0.0
1800.575526557272	1.9226689850924057	0.0
1800.968998997403	1.9226634003974428	0.0
1801.3625574214645	1.9226578144820785	0.0
1801.7562018482465	1.9226522273460473	0.0
1802.149932296539	1.9226466389890822	0.0
1802.5437487851473	1.9226410494109158	0.0
1802.9376513328696	1.9226354586112817	0.0
1803.3316399585085	1.922629866589913	0.0
1803.7257146808815	1.9226242733465426	0.0
1804.1198755187997	1.9226186788809037	0.0
1804.514122491081	1.9226130831927288	0.0
1804.9084556165446	1.9226074862817508	0.0
1805.3028749140246	1.922601888147703	0.0
1805.6973804023485	1.9225962887903174	0.0
1806.0919721003465	1.9225906882093269	0.0
1806.486650026866	1.9225850864044647	0.0
1806.8814142007463	1.9225794833754628	0.0
1807.2762646408344	1.9225738791220537	0.0
1807.671201365978	1.9225682736439698	0.0
1808.0662243950403	1.9225626669409437	0.0
1808.461333746877	1.9225570590127077	0.0
1808.8565294403484	1.922551449858994	0.0
1809.2518114943296	1.9225458394795343	0.0
1809.6471799276887	1.9225402278740615	0.0
1810.0426347593025	1.9225346150423075	0.0
1810.4381760080469	1.9225290009840044	0.0
1810.8338036928142	1.9225233856988837	0.0
1811.2295178324887	1.9225177691866777	0.0
1811.6253184459595	1.9225121514471182	0.0
1812.021205552131	1.9225065324799366	0.0
1812.4171791699005	1.9225009122848653	0.0
1812.8132393181725	1.9224952908616357	0.0
1813.209386015853	1.9224896682099792	0.0
1813.6056192818621	1.9224840443296274	0.0
1814.0019391351138	1.9224784192203126	0.0
1814.3983455945265	1.9224727928817646	0.0
1814.7948386790324	1.9224671653137164	0.0
1815.191418407558	1.9224615365158984	0.0
1815.5880847990375	1.9224559064880422	0.0
1815.9848378724053	1.9224502752298789	0.0
1816.3816776466103	1.9224446427411395	0.0
1816.7786041405961	1.9224390090215557	0.0
1817.175617373309	1.922433374070858	0.0
1817.5727173637113	1.922427737888777	0.0
1817.969904130758	1.9224221004750444	0.0
1818.367177693412	1.9224164618293909	0.0
1818.7645380706367	1.922410821951547	0.0
1819.161985281411	1.9224051808412432	0.0
1819.5595193447061	1.9223995384982109	0.0
1819.9571402794984	1.9223938949221804	0.0
1820.3548481047783	1.9223882501128822	0.0
1820.7526428395306	1.9223826040700467	0.0
1821.1505245027467	1.9223769567934041	0.0
1821.5484931134192	1.9223713082826854	0.0
1821.9465486905563	1.922365658537621	0.0
1822.3446912531579	1.9223600075579403	0.0
1822.7429208202295	1.9223543553433742	0.0
1823.141237410791	1.9223487018936527	0.0
1823.5396410438555	1.9223430472085057	0.0
1823.938131738444	1.9223373912876633	0.0
1824.3367095135784	1.922331734130856	0.0
1824.735374388295	1.922326075737813	0.0
1825.134126381624	1.9223204161082643	0.0
1825.5329655125988	1.92231475524194	0.0
1825.9318918002693	1.9223090931385696	0.0
1826.3309052636778	1.9223034297978825	0.0
1826.7300059218737	1.9222977652196087	0.0
1827.1291937939084	1.922292099403478	0.0
1827.5284688988472	1.9222864323492193	0.0
1827.9278312557494	1.9222807640565622	0.0
1828.3272808836784	1.9222750945252365	0.0
1828.7268178017118	1.922269423754971	0.0
1829.1264420289217	1.922263751745495	0.0
1829.5261535843872	1.922258078496538	0.0
1829.925952487188	1.9222524040078293	0.0
1830.3258387564192	1.9222467282790974	0.0
1830.7258124111693	1.9222410513100718	0.0
1831.1258734705298	1.922235373100481	0.0
1831.5260219536092	1.922229693650054	0.0
1831.9262578795074	1.9222240129585202	0.0
1832.3265812673333	1.922218331025608	0.0
1832.726992136196	1.922212647851046	0.0
1833.1274905052194	1.922206963434563	0.0
1833.5280763935211	1.9222012777758877	0.0
1833.9287498202225	1.9221955908747483	0.0
1834.3295108044608	1.9221899027308738	0.0
1834.7303593653655	1.9221842133439921	0.0
1835.1312955220742	1.9221785623802554	0.0
1835.5323192937255	1.9221729916620758	0.0
1835.933430699473	1.9221674197265501	0.0
1836.3346297584633	1.9221618465734116	0.0
1836.7359164898467	1.9221562722023948	0.0
1837.13729091279	1.9221506966132333	0.0
1837.5387530464518	1.9221451198056612	0.0
1837.9403029099997	1.9221395417794118	0.0
1838.3419405226007	1.9221339625342193	0.0
1838.7436659034379	1.9221283820698167	0.0
1839.1454790716873	1.9221228003859383	0.0
1839.547380046529	1.9221172174823171	0.0
1839.9493688471584	1.9221116333586865	0.0
1840.351445492764	1.9221060480147805	0.0
1840.7536100025425	1.9221004614503316	0.0
1841.1558623956903	1.9220948736650736	0.0
1841.5582026914194	1.9220892846587398	0.0
1841.960630908936	1.9220836944310635	0.0
1842.363147067449	1.9220781029817768	0.0
1842.7657511861833	1.922072510310614	0.0
1843.1684432843567	1.9220669164173074	0.0
1843.571223381195	1.92206132130159	0.0
1843.9740914959245	1.9220557249631947	0.0
1844.377047647787	1.9220501274018542	0.0
1844.7800918560172	1.9220445286173016	0.0
1845.1832241398536	1.9220389286092696	0.0
1845.5864445185505	1.9220333273774903	0.0
1845.9897530113556	1.9220277249216968	0.0
1846.393149637524	1.9220221212416213	0.0
1846.7966344163108	1.9220165163369969	0.0
1847.2002073669878	1.9220109102075547	0.0
1847.6038685088188	1.9220053028530284	0.0
1848.0076178610723	1.9219996942731499	0.0
1848.4114554430319	1.9219940844676506	0.0
1848.8153812739743	1.9219884734362638	0.0
1849.2193953731842	1.921982861178721	0.0
1849.623497759947	1.9219772476947545	0.0
1850.027688453563	1.9219716329840963	0.0
1850.431967473326	1.9219660170464778	0.0
1850.8363348385337	1.9219603998816321	0.0
1851.2407905684993	1.9219547814892897	0.0
1851.645334682529	1.9219491618691829	0.0
1852.0499671999373	1.9219435410210433	0.0
1852.4546881400388	1.9219379189446029	0.0
1852.8594975221636	1.921932295639593	0.0
1853.2643953656348	1.921926671105745	0.0
1853.6693816897796	1.9219210453427906	0.0
1854.0744565139412	1.9219154183504612	0.0
1854.479619857455	1.9219097901284878	0.0
1854.8848717396647	1.921904160676602	0.0
1855.2902121799152	1.9218985299945353	0.0
1855.6956411975657	1.9218928980820185	0.0
1856.1011588119688	1.9218872649387826	0.0
1856.506765042482	1.9218816305645587	0.0
1856.9124599084773	1.9218759949590782	0.0
1857.31824342932	1.9218703581220717	0.0
1857.724115624384	1.9218647200532704	0.0
1858.1300765130425	1.9218590807524047	0.0
1858.5361261146854	1.9218534402192056	0.0
1858.9422644486947	1.9218477984534037	0.0
1859.348491534457	1.9218421554547294	0.0
1859.7548073913745	1.9218365112229137	0.0
1860.1612120388422	1.9218308657576872	0.0
1860.5677054962634	1.9218252190587801	0.0
1860.974287783041	1.921819571125923	0.0
1861.3809589185948	1.9218139219588455	0.0
1861.7877189223361	1.921808271557279	0.0
1862.1945678136854	1.9218026199209537	0.0
1862.6015056120627	1.9217969670495987	0.0
1863.0085323369044	1.9217913129429447	0.0
1863.4156480076397	1.921785657600722	0.0
1863.8228526437013	1.9217800010226604	0.0
1864.2301462645378	1.9217743432084897	0.0
1864.6375288895915	1.92176868415794	0.0
1865.0450005383123	1.9217630238707408	0.0
1865.4525612301493	1.9217573623466224	0.0
1865.8602109845697	1.9217516995853143	0.0
1866.2679498210312	1.9217460355865457	0.0
1866.6757777589967	1.9217403703500466	0.0
1867.0836948179453	1.9217347038755463	0.0
1867.4917010173485	1.9217290361627744	0.0
1867.8997963766856	1.9217233672114604	0.0
1868.3079809154362	1.9217176970213337	0.0
1868.7162546530965	1.9217120255921234	0.0
1869.1246176091547	1.9217063529235587	0.0
1869.533069803107	1.9217006790153686	0.0
1869.9416112544511	1.9216950038672826	0.0
1870.3502419826991	1.9216894215157883	0.0
1870.7589620073568	1.921683853624674	0.0
1871.167771347934	1.9216782845168312	0.0
1871.5766700239558	1.9216727141919936	0.0
1871.985658054941	1.9216671426498957	0.0
1872.3947354604154	1.9216615698902715	0.0
1872.8039022599066	1.9216559959128547	0.0
1873.2131584729564	1.9216504207173795	0.0
1873.6225041191005	1.9216448443035794	0.0
1874.0319392178783	1.9216392666711886	0.0
1874.4414637888458	1.9216336878199398	0.0
1874.8510778515504	1.9216281077495678	0.0
1875.2607814255487	1.9216225264598057	0.0
1875.6705745303975	1.921616943950387	0.0
1876.080457185669	1.9216113602210454	0.0
1876.4904294109288	1.921605775271514	0.0
1876.9004912257462	1.9216001891015262	0.0
1877.3106426497068	1.9215946017108156	0.0
1877.720883702388	1.9215890130991153	0.0
1878.1312144033768	1.9215834232661582	0.0
1878.5416347722594	1.9215778322116779	0.0
1878.9521448286384	1.9215722399354074	0.0
1879.3627445921088	1.921566646437079	0.0
1879.7734340822701	1.9215610517164265	0.0
1880.1842133187379	1.9215554557731824	0.0
1880.5950823211201	1.9215498586070796	0.0
1881.0060411090328	1.921544260217851	0.0
1881.4170897020927	1.9215386606052292	0.0
1881.8282281199322	1.9215330597689464	0.0
1882.2394563821765	1.921527457708736	0.0
1882.6507745084552	1.9215218544243302	0.0
1883.0621825184132	1.9215162499154617	0.0
1883.4736804316892	1.9215106441818621	0.0
1883.885268267929	1.921505037223265	0.0
1884.296946046779	1.9214994290394016	0.0
1884.7087137879025	1.9214938196300049	0.0
1885.120571510954	1.9214882089948064	0.0
1885.5325192355933	1.9214825971335388	0.0
1885.9445569814961	1.9214769840459345	0.0
1886.3566847683298	1.9214713697317243	0.0
1886.7689026157716	1.921465754190641	0.0
1887.1812105434972	1.921460137422417	0.0
1887.5936085711999	1.921454519426783	0.0
1888.0060967185648	1.9214489002034711	0.0
1888.4186750052816	1.9214432797522136	0.0
1888.8313434510555	1.9214376580727417	0.0
1889.2441020755853	1.9214320351647869	0.0
1889.656950898577	1.9214264110280808	0.0
1890.0698899397375	1.9214207856623553	0.0
1890.4829192187897	1.9214151590673412	0.0
1890.8960387554487	1.9214095312427704	0.0
1891.3092485694344	1.921403902188374	0.0
1891.7225486804825	1.9213982719038833	0.0
1892.1359391083217	1.9213926403890293	0.0
1892.5494198726883	1.9213870076435438	0.0
1892.9629909933192	1.9213813736671568	0.0
1893.3766524899675	1.9213757384596	0.0
1893.7904043823787	1.9213701020206042	0.0
1894.2042466903026	1.9213644643499004	0.0
1894.6181794335055	1.9213588254472191	0.0
1895.0322026317458	1.921353185312292	0.0
1895.44631630479	1.9213475439448486	0.0
1895.8605204724056	1.9213419013446207	0.0
1896.274815154376	1.9213362575113377	0.0
1896.6892003704763	1.921330612444731	0.0
1897.1036761404873	1.921324966144531	0.0
1897.5182424842053	1.921319318610468	0.0
1897.9328994214184	1.9213136698422721	0.0
1898.3476469719242	1.9213080198396741	0.0
1898.76248515552	1.9213023686024042	0.0
1899.1774139920192	1.9212967161301924	0.0
1899.5924335012278	1.9212910624227686	0.0
1900.0075437029568	1.921285407479863	0.0
1900.4227446170319	1.9212797513012063	0.0
1900.838036263273	1.9212740938865271	0.0
1901.2534186615067	1.921268435235557	0.0
1901.6688918315608	1.9212627753480245	0.0
1902.0844557932799	1.9212571142236599	0.0
1902.5001105664996	1.9212514518621926	0.0
1902.915856171061	1.9212457882633527	0.0
1903.331692626821	1.9212401234268695	0.0
1903.7476199536288	1.921234457352473	0.0
1904.1636381713422	1.9212287900398919	0.0
1904.5797472998192	1.9212231214888562	0.0
1904.9959473589345	1.921217451699095	0.0
1905.412238368554	1.9212117806703377	0.0
1905.8286203485495	1.9212061084023138	0.0
1906.245093318808	1.921200493309829	0.0
1906.6616572992093	1.921194917845528	0.0
1907.0783123096417	1.9211893411628433	0.0
1907.4950583699933	1.9211837632615092	0.0
1907.9118955001688	1.9211781841412585	0.0
1908.3288237200657	1.9211726038018258	0.0
1908.7458430495853	1.921167022242944	0.0
1909.1629535086454	1.921161439464347	0.0
1909.5801551171562	1.9211558554657682	0.0
1909.997447895036	1.9211502702469407	0.0
1910.4148318622042	1.9211446838075985	0.0
1910.8323070385954	1.9211390961474741	0.0
1911.2498734441374	1.9211335072663012	0.0
1911.6675310987628	1.9211279171638127	0.0
1912.0852800224186	1.9211223258397416	0.0
1912.5031202350463	1.9211167332938215	0.0
1912.921051756595	1.9211111395257852	0.0
1913.3390746070136	1.9211055445353655	0.0
1913.7571888062682	1.9210999483222952	0.0
1914.1753943743163	1.9210943508863076	0.0
1914.5936913311211	1.9210887522271345	0.0
1915.012079696661	1.9210831523445095	0.0
1915.4305594909072	1.921077551238165	0.0
1915.8491307338393	1.9210719489078336	0.0
1916.2677934454373	1.9210663453532477	0.0
1916.6865476456976	1.9210607405741396	0.0
1917.1053933546084	1.9210551345702425	0.0
1917.524330592163	1.9210495273412875	0.0
1917.943359378371	1.9210439188870079	0.0
1918.3624797332336	1.9210383092071357	0.0
1918.7816916767615	1.9210326983014028	0.0
1919.2009952289645	1.9210270861695418	0.0
1919.6203904098702	1.921021472811284	0.0
1920.0398772394972	1.9210158582263621	0.0
1920.45945573787	1.9210102424145084	0.0
1920.8791259250274	1.9210046253754531	0.0
1921.2988878210028	1.92099900710893	0.0
1921.7187414458365	1.9209933876146696	0.0
1922.1386868195698	1.9209877668924042	0.0
1922.5587239622598	1.9209821449418651	0.0
1922.9788528939573	1.9209765217627839	0.0
1923.3990736347157	1.9209708973548927	0.0
1923.8193862046057	1.9209652717179222	0.0
1924.2397906236909	1.920959644851604	0.0
1924.6602869120425	1.9209540167556698	0.0
1925.0808750897322	1.920948387429851	0.0
1925.5015551768481	1.920942756873878	0.0
1925.9223271934711	1.9209371250874827	0.0
1926.3431911596863	1.9209314920703964	0.0
1926.7641470955944	1.9209258578223496	0.0
1927.18519502129	1.9209202223430732	0.0
1927.6063349568744	1.9209145856322989	0.0
1928.0275669224504	1.9209089476897567	0.0
1928.4488909381373	1.920903308515178	0.0
1928.8703070240467	1.9208976681082937	0.0
1929.2918152002935	1.9208920264688343	0.0
1929.71341548701	1.92088638359653	0.0
1930.135107904321	1.9208807394911123	0.0
1930.5568924723598	1.9208750941523105	0.0
1930.978769211259	1.9208694475798564	0.0
1931.4007381411684	1.9208637997734797	0.0
1931.8227992822306	1.9208581507329106	0.0
1932.2449526545915	1.9208525004578798	0.0
1932.667198278415	1.9208468489481176	0.0
1933.0895361738555	1.9208411962033538	0.0
1933.5119663610767	1.9208355422233185	0.0
1933.9344888602436	1.920829887007742	0.0
1934.357103691536	1.9208242305563543	0.0
1934.7798108751272	1.9208185728688858	0.0
1935.2026104311944	1.9208129139450654	0.0
1935.6255023799317	1.9208072537846235	0.0
1936.0484867415248	1.9208015923872899	0.0
1936.4715635361688	1.920795929752794	0.0
1936.8947327840585	1.9207902658808655	0.0
1937.3179945054055	1.9207846007712344	0.0
1937.741348720413	1.92077893442363	0.0
1938.1647954492898	1.9207732668377815	0.0
1938.5883347122608	1.9207675980134187	0.0
1939.0119665295426	1.9207619279502706	0.0
1939.4356909213611	1.920756256648067	0.0
1939.8595079079419	1.9207505841065367	0.0
1940.2834175095277	1.9207449103254088	0.0
1940.7074197463533	1.9207392353044128	0.0
1941.131514638657	1.9207335867571798	0.0
1941.5557022066957	1.9207279986441073	0.0
1941.9799824707168	1.9207224093098874	0.0
1942.404355450977	1.9207168187542532	0.0
1942.8288211677325	1.920711226976937	0.0
1943.2533796412579	1.9207056339776731	0.0
1943.6780308918176	1.9207000397561937	0.0
1944.102774939683	1.9206944443122318	0.0
1944.5276118051397	1.9206888476455206	0.0
1944.9525415084672	1.9206832497557922	0.0
1945.3775640699535	1.9206776506427798	0.0
1945.8026795098856	1.9206720503062162	0.0
1946.2278878485683	1.9206664487458336	0.0
1946.6531891062982	1.9206608459613652	0.0
1947.078583303377	1.920655241952543	0.0
1947.504070460122	1.920649636719099	0.0
1947.929650596843	1.9206440302607668	0.0
1948.3553237338588	1.920638422577278	0.0
1948.7810898914888	1.9206328136683648	0.0
1949.206949090068	1.9206272035337595	0.0
1949.632901349924	1.9206215921731944	0.0
1950.0589466913896	1.9206159795864017	0.0
1950.4850851348135	1.920610365773113	0.0
1950.9113167005362	1.9206047507330606	0.0
1951.3376414089084	1.9205991344659763	0.0
1951.7640592802798	1.9205935169715922	0.0
1952.1905703350164	1.9205878982496398	0.0
1952.6171745934773	1.9205822782998512	0.0
1953.043872076027	1.9205766571219574	0.0
1953.470662803044	1.9205710347156906	0.0
1953.8975467949012	1.9205654110807826	0.0
1954.3245240719798	1.9205597862169643	0.0
1954.7515946546603	1.9205541601239675	0.0
1955.1787585633406	1.9205485328015235	0.0
1955.6060158184116	1.9205429042493636	0.0
1956.0333664402667	1.9205372744672187	0.0
1956.4608104493177	1.920531643454821	0.0
1956.8883478659684	1.9205260112119007	0.0
1957.3159787106297	1.9205203777381898	0.0
1957.7437030037152	1.9205147430334182	0.0
1958.1715207656532	1.920509107097318	0.0
1958.5994320168652	1.9205034699296193	0.0
1959.0274367777768	1.9204978315300534	0.0
1959.4555350688306	1.9204921918983509	0.0
1959.8837269104615	1.920486551034243	0.0
1960.3120123231122	1.9204809089374595	0.0
1960.740391327227	1.920475265607732	0.0
1961.1688639432655	1.9204696210447905	0.0
1961.5974301916804	1.9204639752483654	0.0
1962.0260900929293	1.9204583282181877	0.0
1962.4548436674852	1.9204526799539874	0.0
1962.8836909358145	1.9204470304554948	0.0
1963.3126319183918	1.9204413797224404	0.0
1963.7416666356914	1.9204357277545543	0.0
1964.1707951082058	1.9204300745515668	0.0
1964.6000173564184	1.9204244201132075	0.0
1965.0293334008174	1.9204187644392068	0.0
1965.458743261908	1.9204131075292952	0.0
1965.8882469601876	1.9204074493832017	0.0
1966.317844516162	1.9204017900006565	0.0
1966.7475359503374	1.9203961293813898	0.0
1967.177321283237	1.9203904675251309	0.0
1967.6072005353756	1.9203848044316094	0.0
1968.0371737272735	1.9203791401005554	0.0
1968.4672408794663	1.920373474531698	0.0
1968.8974020124836	1.920367807724767	0.0
1969.327657146862	1.9203621396794917	0.0
1969.7580063031396	1.9203564703956018	0.0
1970.1884495018705	1.920350799872826	0.0
1970.618986763601	1.920345128110894	0.0
1971.0496181088831	1.920339455109535	0.0
1971.4803435582842	1.9203337808684782	0.0
1971.9111631323638	1.9203281053874524	0.0
1972.3420768516914	1.920322428666187	0.0
1972.7730847368362	1.920316750704411	0.0
1973.2041868083834	1.920311071501853	0.0
1973.6353830869116	1.9203053910582415	0.0
1974.066673593003	1.9202997093733065	0.0
1974.498058347257	1.9202940264467756	0.0
1974.9295373702655	1.920288342278378	0.0
1975.3611106826284	1.9202826568678422	0.0
1975.7927783049463	1.9202769702148967	0.0
1976.2245402578367	1.9202712823192705	0.0
1976.6563965619093	1.920265593180691	0.0
1977.0883472377773	1.92025991921999	0.0
1977.5203923060728	1.9202543078989147	0.0
1977.9525317874181	1.92024869535162	0.0
1978.3847657024448	1.9202430815778382	0.0
1978.817094071786	1.9202374665773012	0.0
1979.2495169160895	1.9202318503497413	0.0
1979.6820342559972	1.9202262328948898	0.0
1980.1146461121543	1.9202206142124787	0.0
1980.5473525052232	1.92021499430224	0.0
1980.9801534558587	1.9202093731639052	0.0
1981.4130489847241	1.9202037507972058	0.0
1981.8460391124836	1.9201981272018736	0.0
1982.2791238598165	1.9201925023776398	0.0
1982.7123032473971	1.9201868763242365	0.0
1983.145577295901	1.9201812490413939	0.0
1983.5789460260235	1.9201756205288445	0.0
1984.0124094584507	1.9201699907863192	0.0
1984.4459676138765	1.9201643598135492	0.0
1984.879620512998	1.9201587276102656	0.0
1985.3133681765255	1.9201530941761995	0.0
1985.7472106251644	1.9201474595110821	0.0
1986.181147879624	1.9201418236146441	0.0
1986.615179960629	1.920136186486617	0.0
1987.0493068888977	1.920130548126731	0.0
1987.483528685157	1.920124908534717	0.0
1987.9178453701338	1.920119267710306	0.0
1988.3522569645718	1.9201136256532285	0.0
1988.786763489207	1.9201079823632154	0.0
1989.2213649647802	1.920102337839997	0.0
1989.6560614120488	1.9200966920833045	0.0
1990.0908528517627	1.920091045092867	0.0
1990.52573930468	1.9200853968684162	0.0
1990.9607207915594	1.9200797474096816	0.0
1991.3957973331762	1.9200740967163936	0.0
1991.8309689502987	1.9200684447882828	0.0
1992.2662356636995	1.9200627916250792	0.0
1992.7015974941673	1.9200571372265127	0.0
1993.1370544624833	1.920051481592314	0.0
1993.5726065894382	1.920045824722212	0.0
1994.008253895822	1.9200401666159377	0.0
1994.443996402443	1.92003450727322	0.0
1994.8798341300997	1.9200288466937894	0.0
1995.3157670995965	1.9200231848773752	0.0
1995.751795331755	1.9200175218237077	0.0
1996.1879188473883	1.9200118575325158	0.0
1996.6241376673179	1.9200061920035294	0.0
1997.0604518123662	1.9200005252364782	0.0
1997.4968613033727	1.9199948572310916	0.0
1997.9333661611688	1.9199891879870985	0.0
1998.3699664065948	1.9199835175042288	0.0
1998.806662060491	1.9199778457822114	0.0
1999.2434531437145	1.9199721728207761	0.0
1999.6803396771156	1.9199664986196512	0.0
2000.1173216815482	1.9199608231785663	0.0
2000.5543991778834	1.9199551464972504	0.0
2000.991572186985	1.9199494685754326	0.0
2001.4288407297245	1.9199437894128413	0.0
2001.8662048269744	1.919938109009206	0.0
2002.3036644996241	1.9199324273642553	0.0
2002.7412197685553	1.9199267444777175	0.0
2003.1788706546542	1.919921060349322	0.0
2003.616617178824	1.919915374978797	0.0
2004.0544593619597	1.9199096883658708	0.0
2004.4923972249655	1.9199040005102725	0.0
2004.9304307887453	1.91989831141173	0.0
2005.3685600742206	1.9198926210699723	0.0
2005.8067851023059	1.9198869294847274	0.0
2006.2451058939216	1.9198812366557236	0.0
2006.6835224699923	1.9198755425826888	0.0
2007.1220348514564	1.9198698472653515	0.0
2007.5606430592468	1.9198641507034395	0.0
2007.9993471142986	1.9198584528966813	0.0
2008.438147037566	1.9198527538448042	0.0
2008.8770428499945	1.919847053547537	0.0
2009.3160345725382	1.9198413520046065	0.0
2009.7551222261518	1.9198356492157413	0.0
2010.194305831807	1.9198299451806689	0.0
2010.633585410468	1.919824239899117	0.0
2011.0729609831028	1.9198185333708129	0.0
2011.5124325706968	1.9198128255954847	0.0
2011.9520001942283	1.9198071165728594	0.0
2012.391663874683	1.9198014701516422	0.0
2012.831423633048	1.9197958303231655	0.0
2013.271279490327	1.91979018926224	0.0
2013.7112314675157	1.9197845469685964	0.0
2014.151279585615	1.9197789034419654	0.0
2014.5914238656428	1.9197732586820775	0.0
2015.0316643286076	1.9197676126886631	0.0
2015.4720009955292	1.9197619654614528	0.0
2015.912433887426	1.9197563170001772	0.0
2016.3529630253336	1.9197506673045663	0.0
2016.7935884302808	1.9197450163743501	0.0
2017.2343101232998	1.9197393642092595	0.0
2017.6751281254403	1.9197337108090238	0.0
2018.1160424577445	1.9197280561733738	0.0
2018.5570531412627	1.9197224003020392	0.0
2018.9981601970462	1.9197167431947504	0.0
2019.4393636461632	1.9197110848512366	0.0
2019.880663509674	1.9197054252712282	0.0
2020.3220598086434	1.9196997644544547	0.0
2020.7635525641533	1.919694102400646	0.0
2021.2051417972775	1.9196884391095317	0.0
2021.6468275291	1.9196827745808416	0.0
2022.0886097807029	1.919677108814305	0.0
2022.5304885731866	1.9196714418096514	0.0
2022.9724639276449	1.9196657735666107	0.0
2023.4145358651733	1.9196601040849113	0.0
2023.856704406887	1.9196544333642838	0.0
2024.2989695738925	1.9196487614044564	0.0
2024.7413313873042	1.919643088205159	0.0
2025.1837898682386	1.9196374137661203	0.0
2025.6263450378272	1.919631738087069	0.0
2026.0689969171958	1.9196260611677354	0.0
2026.5117455274733	1.9196203830078478	0.0
2026.954590889807	1.919614703607135	0.0
2027.3975330253345	1.919609022965325	0.0
2027.8405719552038	1.9196033410821483	0.0
2028.2837077005631	1.9195976579573326	0.0
2028.726940282577	1.9195919735906066	0.0
2029.1702697224027	1.9195862879816992	0.0
2029.613696041202	1.9195806011303391	0.0
2030.0572192601542	1.9195749130362543	0.0
2030.5008394004294	1.9195692236991735	0.0
2030.9445564832083	1.9195635331188248	0.0
2031.3883705296705	1.919557841294937	0.0
2031.8322815610143	1.919552148227238	0.0
2032.2762895984285	1.919546453915456	0.0
2032.7203946631075	1.9195407583593194	0.0
2033.1645967762627	1.9195350615585562	0.0
2033.6088959590973	1.919529363512894	0.0
2034.0532922328237	1.9195236642220612	0.0
2034.4977856186547	1.9195179636857858	0.0
2034.94237613782	1.9195122619037948	0.0
2035.3870638115416	1.9195065588758171	0.0
2035.8318486610465	1.91950085460158	0.0
2036.2767307075778	1.9194951490808108	0.0
2036.7217099723716	1.9194894423132376	0.0
2037.166786476673	1.9194837342985873	0.0
2037.611960241727	1.9194780250365882	0.0
2038.0572312887955	1.919472314526967	0.0
2038.5025996391337	1.9194666027694516	0.0
2038.9480653140001	1.919460889763769	0.0
2039.3936283346713	1.919455175509647	0.0
2039.8392887224154	1.9194494600068117	0.0
2040.2850464985102	1.919443743254991	0.0
2040.7309016842332	1.9194380252539118	0.0
2041.1768543008789	1.9194323060033012	0.0
2041.6229043697347	1.9194265855028858	0.0
2042.0690519120917	1.919420863752393	0.0
2042.5152969492597	1.919415140751549	0.0
2042.9616395025387	1.9194094165000812	0.0
2043.4080795932389	1.9194036909977161	0.0
2043.8546172426707	1.91939796424418	0.0
2044.3012524721619	1.9193922362392002	0.0
2044.747985303031	1.9193865069825022	0.0
2045.1948157566035	1.9193807764738136	0.0
2045.6417438542198	1.9193750447128601	0.0
2046.0887696172142	1.919369311699368	0.0
2046.5358930669286	1.919363577433064	0.0
2046.9831142247065	1.9193578419136739	0.0
2047.4304331119072	1.9193521051409244	0.0
2047.877849749884	1.919346367114541	0.0
2048.3253641599927	1.9193406741561907	0.0
2048.7729763636084	1.9193349973480545	0.0
2049.220686382096	1.9193293192993885	0.0
2049.6684942368324	1.9193236400099214	0.0
2050.116399949192	1.919317959479383	0.0
2050.564403540567	1.919312277707501	0.0
2051.0125050323436	1.9193065946940044	0.0
2051.4607044459112	1.9193009104386218	0.0
2051.909001802676	1.9192952249410826	0.0
2052.3573971240376	1.9192895382011141	0.0
2052.8058904314034	1.919283850218446	0.0
2053.254481746181	1.919278160992806	0.0
2053.7031710897977	1.9192724705239228	0.0
2054.15195848367	1.9192667788115243	0.0
2054.60084394922	1.9192610858553394	0.0
2055.049827507888	1.9192553916550956	0.0
2055.4989091811053	1.9192496962105219	0.0
2055.9480889903125	1.9192439995213455	0.0
2056.3973669569505	1.919238301587295	0.0
2056.8467431024783	1.9192326024080977	0.0
2057.2962174483455	1.9192269019834822	0.0
2057.7457900160075	1.9192212003131766	0.0
2058.195460826937	1.9192154973969076	0.0
2058.6452299025987	1.9192097932344039	0.0
2059.095097264465	1.9192040878253924	0.0
2059.5450629340107	1.9191983811696014	0.0
2059.9951269327266	1.9191926732667581	0.0
2060.445289282096	1.91918696411659	0.0
2060.895550003607	1.9191812537188246	0.0
2061.3459091187647	1.9191755420731893	0.0
2061.7963666490664	1.9191698291794113	0.0
2062.2469226160188	1.9191641150372178	0.0
2062.697577041128	1.919158399646336	0.0
2063.148329945919	1.919152683006493	0.0
2063.5991813519067	1.9191469651174162	0.0
2064.0501312806136	1.9191412459788322	0.0
2064.501179753576	1.9191355255904683	0.0
2064.9523267923255	1.9191298039520512	0.0
2065.403572418401	1.9191240810633077	0.0
2065.854916653341	1.9191183569239645	0.0
2066.306359518705	1.9191126315337486	0.0
2066.75790103604	1.9191069048923866	0.0
2067.209541226901	1.9191011769996047	0.0
2067.6612801128576	1.9190954478551296	0.0
2068.1131177154743	1.919089717458688	0.0
2068.5650540563233	1.9190839858100066	0.0
2069.0170891569774	1.9190782529088108	0.0
2069.4692230390256	1.9190725187548279	0.0
2069.9214557240502	1.9190667833477835	0.0
2070.3737872336387	1.9190610466874038	0.0
2070.8262175893947	1.919055308773415	0.0
2071.2787468129145	1.9190495696055434	0.0
2071.731374925804	1.9190438291835146	0.0
2072.184101949668	1.919038087507055	0.0
2072.6369279061296	1.9190323445758901	0.0
2073.089852816804	1.919026600389746	0.0
2073.542876703312	1.9190208549483483	0.0
2073.995999587289	1.9190151082514222	0.0
2074.4492214903657	1.9190093602986942	0.0
2074.90254243418	1.9190036110898894	0.0
2075.35596244037	1.9189978606247335	0.0
2075.809481530593	1.9189921089029518	0.0
2076.2630997264964	1.9189863559242697	0.0
2076.7168170497334	1.9189806016884128	0.0
2077.1706335219747	1.918974846195106	0.0
2077.624549164882	1.9189690894440745	0.0
2078.078564000127	1.9189633314350436	0.0
2078.5326780493815	1.9189575721677388	0.0
2078.9868913343344	1.9189518116418847	0.0
2079.441203876668	1.9189460498572057	0.0
2079.895615698068	1.9189402868134282	0.0
2080.350126820237	1.9189345225102759	0.0
2080.804737264872	1.9189287569474738	0.0
2081.259447053677	1.9189229901247469	0.0
2081.7142562083563	1.9189172220418196	0.0
2082.1691647506336	1.9189114526984166	0.0
2082.6241727022225	1.9189056820942625	0.0
2083.0792800848426	1.918899920005866	0.0
2083.5344869202304	1.918894203015286	0.0
2083.989793230115	1.918888484775395	0.0
2084.4451990362345	1.9188827652859206	0.0
2084.9007043603265	1.918877044546589	0.0
2085.3563092241466	1.9188713225571281	0.0
2085.812013649443	1.9188655993172639	0.0
2086.267817657969	1.9188598748267232	0.0
2086.723721271493	1.918854149085233	0.0
2087.179724511778	1.91884842209252	0.0
2087.6358274005947	1.9188426938483105	0.0
2088.0920299597146	1.918836964352331	0.0
2088.548332210927	1.918831233604308	0.0
2089.0047341760137	1.9188255016039684	0.0
2089.461235876759	1.9188197683510377	0.0
2089.917837334967	1.9188140338452426	0.0
2090.374538572433	1.9188082980863093	0.0
2090.831339610961	1.918802561073964	0.0
2091.2882404723564	1.9187968228079328	0.0
2091.745241178441	1.9187910832879418	0.0
2092.2023417510304	1.918785342513717	0.0
2092.6595422119417	1.9187796004849837	0.0
2093.1168425830137	1.9187738572014683	0.0
2093.5742428860744	1.9187681126628966	0.0
2094.0317431429607	1.9187623668689944	0.0
2094.4893433755124	1.9187566198194874	0.0
2094.947043605584	1.9187508715141006	0.0
2095.404843855023	1.9187451219525604	0.0
2095.8627441456833	1.918739371134592	0.0
2096.3207444994346	1.9187336190599202	0.0
2096.7788449381383	1.9187278657282714	0.0
2097.2370454836664	1.9187221111393704	0.0
2097.69534615789	1.9187163552929425	0.0
2098.1537469826985	1.9187105981887127	0.0
2098.6122479799737	1.9187048398264064	0.0
2099.070849171601	1.9186990802057484	0.0
2099.529550579484	1.9186933193264646	0.0
2099.988352225518	1.9186875571882789	0.0
2100.4472541316086	1.9186817937909169	0.0
2100.90625631966	1.918676029134103	0.0
2101.3653588115953	1.918670263217562	0.0
2101.8245616293298	1.9186644960410186	0.0
2102.283864794782	1.918658727604198	0.0
2102.74326832989	1.9186529579068239	0.0
2103.2027722565817	1.9186471869486215	0.0
2103.6623765967965	1.9186414147293152	0.0
2104.1220813724726	1.9186356412486294	0.0
2104.581886605566	1.9186298665062882	0.0
2105.0417923180253	1.918624090502016	0.0
2105.5017985318036	1.9186183132355372	0.0
2105.9619052688718	1.9186125347065757	0.0
2106.4221125511917	1.918606754914856	0.0
2106.882420400736	1.918600973860102	0.0
2107.342828839476	1.9185951915420376	0.0
2107.803337889403	1.9185894079603867	0.0
2108.2639475724977	1.9185836231148734	0.0
2108.724657910747	1.918577837005221	0.0
2109.1854689261554	1.918572049631154	0.0
2109.646380640719	1.9185662609923955	0.0
2110.1073930764437	1.9185604710886692	0.0
2110.5685062553353	1.918554679919699	0.0
2111.0297201994167	1.9185488874852081	0.0
2111.491034930704	1.9185430937849202	0.0
2111.9524504712167	1.9185372988185585	0.0
2112.413966842994	1.9185315025858465	0.0
2112.875584068065	1.918525705086507	0.0
2113.3373021684697	1.9185199063202643	0.0
2113.7991211662466	1.91851410628684	0.0
2114.261041083453	1.9185083049859584	0.0
2114.7230619421393	1.918502502417342	0.0
2115.1851837643585	1.9184966985807141	0.0
2115.6474065721827	1.9184908934757974	0.0
2116.1097303876754	1.9184850871023147	0.0
2116.5721552329096	1.9184792794599888	0.0
2117.0346811299582	1.9184734705485424	0.0
2117.497308100913	1.9184676603676982	0.0
2117.9600361678563	1.918461848917179	0.0
2118.422865352876	1.9184560361967071	0.0
2118.885795678078	1.9184502222060051	0.0
2119.348827165559	1.9184444439358543	0.0
2119.8119598374265	1.918438676516341	0.0
2120.2751937157873	1.9184329078364974	0.0
2120.738528822766	1.9184271378960476	0.0
2121.2019651804794	1.918421366694716	0.0
2121.6655028110495	1.9184155942322274	0.0
2122.129141736615	1.918409820508306	0.0
2122.592881979308	1.918404045522676	0.0
2123.056723561268	1.9183982692750625	0.0
2123.520666504636	1.9183924917651887	0.0
2123.984710831572	1.9183867129927792	0.0
2124.448856564226	1.9183809329575578	0.0
2124.913103724752	1.9183751516592493	0.0
2125.3774523353254	1.9183693690975772	0.0
2125.8419024181103	1.9183635852722654	0.0
2126.306453995281	1.9183578001830377	0.0
2126.7711070890127	1.918352013829618	0.0
2127.2358617214973	1.9183462262117301	0.0
2127.70071791492	1.9183404373290975	0.0
2128.1656756914704	1.9183346471814442	0.0
2128.6307350733546	1.9183288557684932	0.0
2129.0958960827734	1.9183230630899684	0.0
2129.5611587419335	1.9183172691455934	0.0
2130.026523073044	1.9183114739350906	0.0
2130.491989098332	1.9183056774581846	0.0
2130.9575568400155	1.9182998797145983	0.0
2131.423226320318	1.9182940807040545	0.0
2131.8889975614807	1.9182882804262764	0.0
2132.3548705857374	1.9182824788809874	0.0
2132.8208454153287	1.91827667606791	0.0
2133.286922072499	1.9182708719867678	0.0
2133.753100579508	1.9182650666372831	0.0
2134.219380958609	1.918259260019179	0.0
2134.6857632320575	1.9182534521321783	0.0
2135.152247422131	1.918247642976004	0.0
2135.618833551095	1.9182418325503783	0.0
2136.0855216412274	1.918236020855024	0.0
2136.552311714803	1.9182302078896636	0.0
2137.0192037941183	1.9182243936540193	0.0
2137.4861979014586	1.918218578147814	0.0
2137.953294059116	1.9182127613707696	0.0
2138.420492289399	1.9182069433226085	0.0
2138.8877926146106	1.9182011240030534	0.0
2139.3551950570595	1.918195303411826	0.0
2139.8226996390567	1.9181894815486484	0.0
2140.290306382932	1.9181836584132428	0.0
2140.7580153110052	1.9181778340053308	0.0
2141.2258264456027	1.918172008324635	0.0
2141.6937398090668	1.9181661813708768	0.0
2142.161755423734	1.918160353143778	0.0
2142.6298733119484	1.9181545236430608	0.0
2143.0980934960544	1.9181486928684464	0.0
2143.5664159984153	1.9181428608196565	0.0
2144.034840841387	1.9181370274964125	0.0
2144.5033680473325	1.9181311928984361	0.0
2144.971997638617	1.918125357025449	0.0
2145.440729637622	1.9181195198771726	0.0
2145.9095640667233	1.9181136814533275	0.0
2146.3785009482995	1.9181078417536357	0.0
2146.847540304748	1.918102000777818	0.0
2147.316682158457	1.9180961585255953	0.0
2147.785926531826	1.9180903149966892	0.0
2148.2552734472533	1.9180844701908208	0.0
2148.7247229271557	1.9180786241077106	0.0
2149.194274993942	1.9180727767470795	0.0
2149.663929670026	1.9180669281086489	0.0
2150.1336869778384	1.9180610781921386	0.0
2150.6035469398034	1.9180552269972702	0.0
2151.0735095783534	1.918049374523764	0.0
2151.543574915921	1.9180435207713407	0.0
2152.0137429749575	1.9180376657397205	0.0
2152.4840137779056	1.9180318094286237	0.0
2152.9543873472144	1.9180259518377718	0.0
2153.4248637053483	1.9180200929668838	0.0
2153.895442874766	1.918014232815681	0.0
2154.366124877934	1.918008404355011	0.0
2154.8369097373197	1.9180025840385502	0.0
2155.3077974754083	1.9179967624501988	0.0
2155.778788114678	1.9179909395896797	0.0
2156.249881677614	1.9179851154567145	0.0
2156.721078186705	1.9179792900510253	0.0
2157.192377664455	1.9179734633723338	0.0
2157.6637801333613	1.9179676354203619	0.0
2158.1352856159265	1.9179618061948314	0.0
2158.6068941346693	1.917955975695464	0.0
2159.0786057121013	1.9179501439219813	0.0
2159.5504203707446	1.917944310874105	0.0
2160.0223381331207	1.9179384765515564	0.0
2160.494359021768	1.9179326409540571	0.0
2160.966483059219	1.9179268040813284	0.0
2161.4387102680093	1.9179209659330916	0.0
2161.911040670694	1.9179151265090681	0.0
2162.383474289819	1.917909285808979	0.0
2162.856011147939	1.9179034438325457	0.0
2163.3286512676113	1.9178976005794885	0.0
2163.8013946714086	1.9178917560495294	0.0
2164.2742413818983	1.917885910242389	0.0
2164.74719142165	1.9178800631577881	0.0
2165.220244813253	1.917874214795448	0.0
2165.6934015792885	1.9178683651550883	0.0
2166.1666617423452	1.917862514236431	0.0
2166.6400253250144	1.9178566620391961	0.0
2167.1134923499053	1.9178508085631045	0.0
2167.587062839618	1.9178449538078763	0.0
2168.060736816757	1.9178390977732327	0.0
2168.5345143039463	1.9178332404588936	0.0
2169.0083953238022	1.917827381864579	0.0
2169.4823798989473	1.9178215219900099	0.0
2169.9564680520084	1.9178156608349066	0.0
2170.430659805628	1.9178097983989884	0.0
2170.904955182441	1.9178039346819764	0.0
2171.3793542050876	1.91779806968359	0.0
2171.853856896226	1.9177922034035493	0.0
2172.3284632785058	1.9177863358415743	0.0
2172.803173374586	1.9177804669973848	0.0
2173.277987207127	1.917774596870701	0.0
2173.7529047988064	1.9177687254612419	0.0
2174.227926172294	1.917762852768728	0.0
2174.7030513502636	1.9177569787928783	0.0
2175.1782803554092	1.9177511035334125	0.0
2175.6536132104147	1.9177452269900503	0.0
2176.129049937974	1.917739349162511	0.0
2176.6045905607816	1.917733470050514	0.0
2177.08023510155	1.9177275896537784	0.0
2177.5559835829836	1.9177217079720237	0.0
2178.031836027792	1.9177158250049693	0.0
2178.5077924587026	1.9177099407523337	0.0
2178.983852898434	1.9177040552138362	0.0
2179.4600173697163	1.9176981683891965	0.0
2179.936285895277	1.9176922802781327	0.0
2180.4126584978644	1.9176863908803639	0.0
2180.8891352002174	1.9176805001956088	0.0
2181.36571602508	1.9176746082235865	0.0
2181.842400995215	1.9176687149640157	0.0
2182.3191901333757	1.9176628204166148	0.0
2182.7960834623264	1.9176569245811024	0.0
2183.27308100483	1.9176510274571972	0.0
2183.7501827836695	1.917645129044617	0.0
2184.2273888216187	1.9176392293430813	0.0
2184.704699141456	1.9176333283523077	0.0
2185.182113765979	1.9176274260720145	0.0
2185.659632717977	1.91762152250192	0.0
2186.137256020247	1.9176156176417425	0.0
2186.6149836955888	1.9176097114911999	0.0
2187.0928157668195	1.9176038040500103	0.0
2187.5707522567473	1.9175978953178914	0.0
2188.048793188186	1.9175919852945615	0.0
2188.5269385839683	1.9175860739797383	0.0
2189.0051884669174	1.9175801613731396	0.0
2189.4835428598667	1.9175742474744828	0.0
2189.9620017856496	1.917568332283486	0.0
2190.4405652671185	1.9175624490657892	0.0
2190.9192333271167	1.9175565674322292	0.0
2191.398005988493	1.9175506845133794	0.0
2191.876883274115	1.9175448003089597	0.0
2192.35586520684	1.9175389148186883	0.0
2192.8349518095374	1.9175330280422849	0.0
2193.314143105076	1.9175271399794682	0.0
2193.7934391163412	1.917521250629957	0.0
2194.2728398662134	1.9175153599934704	0.0
2194.7523453775752	1.9175094680697269	0.0
2195.2319556733287	1.9175035748584457	0.0
2195.7116707763676	1.9174976803593442	0.0
2196.1914907095957	1.9174917845721424	0.0
2196.671415495916	1.917485887496558	0.0
2197.1514451582507	1.91747998913231	0.0
2197.6315797195134	1.917474089479116	0.0
2198.1118192026224	1.917468188536695	0.0
2198.592163630515	1.9174622863047652	0.0
2199.072613026121	1.9174563827830446	0.0
2199.553167412377	1.9174504779712516	0.0
2200.0338268122227	1.9174445718691038	0.0
2200.5145912486146	1.9174386644763195	0.0
2200.995460744502	1.917432755792617	0.0
2201.476435322838	1.9174268458177137	0.0
2201.9575150065953	1.9174209345513278	0.0
2202.4386998187374	1.9174150219931767	0.0
2202.919989782238	1.9174091081429783	0.0
2203.401384920071	1.9174031930004505	0.0
2203.8828852552274	1.917397276565311	0.0
2204.3644908106926	1.9173913588372764	0.0
2204.8462016094545	1.9173854398160652	0.0
2205.328017674521	1.9173795195013943	0.0
2205.8099390288908	1.917373597892981	0.0
2206.2919656955723	1.9173676749905426	0.0
2206.774097697575	1.9173617507937968	0.0
2207.2563350579258	1.9173558253024603	0.0
2207.7386777996435	1.91734989851625	0.0
2208.2211259457526	1.9173439704348834	0.0
2208.703679519296	1.9173380410580776	0.0
2209.1863385433076	1.9173321103855492	0.0
2209.6691030408306	1.9173261784170148	0.0
2210.1519730349096	1.9173202451521913	0.0
2210.634948548607	1.917314310590796	0.0
2211.1180296049774	1.9173083747325448	0.0
2211.6012162270804	1.917302437577155	0.0
2212.084508437993	1.9172964991243426	0.0
2212.567906260786	1.9172905593738243	0.0
2213.0514097185364	1.9172846183253165	0.0
2213.535018834325	1.9172786759785359	0.0
2214.01873363125	1.917272732333198	0.0
2214.5025541324	1.9172667873890195	0.0
2214.9864803608702	1.9172608411457164	0.0
2215.470512339774	1.9172548936030054	0.0
2215.954650092215	1.9172489447606016	0.0
2216.438893641309	1.917242994618222	0.0
2216.92324301017	1.9172370431755819	0.0
2217.407698221931	1.917231090432397	0.0
2217.8922592997174	1.9172251363883834	0.0
2218.376926266659	1.917219181043257	0.0
2218.861699145905	1.9172132243967335	0.0
2219.3465779605945	1.917207266448528	0.0
2219.8315627338775	1.917201307198356	0.0
2220.3166534889046	1.9171953466459337	0.0
2220.801850248844	1.9171893847909762	0.0
2221.287153036856	1.9171834216331987	0.0
2221.772561876107	1.9171774571723166	0.0
2222.2580767897794	1.9171714914080453	0.0
2222.7436978010496	1.9171655243400996	0.0
2223.2294249331026	1.9171595559681949	0.0
2223.715258209124	1.9171535862920464	0.0
2224.201197652318	1.9171476153113685	0.0
2224.6872432858804	1.9171416430258765	0.0
2225.173395133012	1.9171356801859982	0.0
2225.6596532169324	1.9171297354386254	0.0
2226.146017560852	1.9171237893921709	0.0
2226.6324881879927	1.917117842046351	0.0
2227.119065121574	1.9171118934008822	0.0
2227.6057483848367	1.91710594345548	0.0
2228.092538001012	1.9170999922098604	0.0
2228.5794339933354	1.9170940396637393	0.0
2229.066436385063	1.9170880858168327	0.0
2229.5535451994406	1.9170821306688561	0.0
2230.040760459724	1.9170761742195253	0.0
2230.528082189171	1.9170702164685558	0.0
2231.0155104110563	1.9170642574156629	0.0
2231.5030451486464	1.9170582970605627	0.0
2231.990686425214	1.9170523354029707	0.0
2232.4784342640487	1.9170463724426012	0.0
2232.9662886884335	1.917040408179171	0.0
2233.4542497216594	1.9170344426123944	0.0
2233.942317387019	1.9170284757419866	0.0
2234.4304917078234	1.9170225075676628	0.0
2234.918772707375	1.9170165380891384	0.0
2235.4071604089813	1.9170105673061282	0.0
2235.8956548359683	1.9170045952183465	0.0
2236.3842560116536	1.9169986218255095	0.0
2236.8729639593653	1.9169926471273309	0.0
2237.361778702431	1.9169866711235257	0.0
2237.8507002641963	1.9169806938138092	0.0
2238.339728668001	1.9169747151978953	0.0
2238.8288639371876	1.916968735275499	0.0
2239.318106095118	1.9169627540463343	0.0
2239.807455165145	1.916956771510116	0.0
2240.2969111706325	1.9169507876665584	0.0
2240.786474134944	1.9169448025153757	0.0
2241.2761440814616	1.9169388160562826	0.0
2241.7659210335596	1.9169328282889928	0.0
2242.2558050146163	1.9169268392132206	0.0
2242.74579604803	1.91692084882868	0.0
2243.2358941571893	1.9169148571350851	0.0
2243.7260993654936	1.9169088641321497	0.0
2244.2164116963418	1.9169028698195878	0.0
2244.7068311731523	1.9168968741971133	0.0
2245.197357819335	1.9168908772644397	0.0
2245.687991658304	1.916884879021281	0.0
2246.1787327134934	1.9168788794673506	0.0
2246.669581008328	1.9168728786023617	0.0
2247.1605365662417	1.9168668764260286	0.0
2247.6515994106708	1.9168608729380643	0.0
2248.142769565069	1.916854868138182	0.0
2248.634047052881	1.9168488620260957	0.0
2249.125431897559	1.916842854601518	0.0
2249.6169241225707	1.916836845864162	0.0
2250.1085237513776	1.9168308358137414	0.0
2250.6002308074508	1.9168248244499686	0.0
2251.09204531426	1.9168188117725573	0.0
2251.583967295296	1.9168127977812197	0.0
2252.07599677404	1.9168067824756692	0.0
2252.568133773979	1.9168007658556185	0.0
2253.060378318617	1.9167947479207803	0.0
2253.5527304314523	1.9167887286708676	0.0
2254.0451901359907	1.9167827081055921	0.0
2254.5377574557383	1.9167766862246673	0.0
2255.030432414222	1.9167706630278056	0.0
2255.523215034959	1.916764638514719	0.0
2256.0161053414718	1.9167586126851202	0.0
2256.509103357301	1.916752585538721	0.0
2257.0022091059795	1.9167465570752344	0.0
2257.4954226110503	1.916740527294372	0.0
2257.988743896056	1.9167344961958463	0.0
2258.4821729845585	1.9167284637793691	0.0
2258.9757099001113	1.9167224300446526	0.0
2259.4693546662725	1.9167163949914086	0.0
2259.9631073066193	1.916710358619349	0.0
2260.4569678447206	1.9167043209281853	0.0
2260.9509363041557	1.9166982819176297	0.0
2261.445012708502	1.9166922636942496	0.0
2261.9391970813585	1.916686246593597	0.0
2262.4334894463145	1.9166802281780517	0.0
2262.9278898269636	1.9166742084473267	0.0
2263.4223982469207	1.9166681874011344	0.0
2263.917014729789	1.9166621650391875	0.0
2264.4117392991843	1.9166561413611982	0.0
2264.9065719787213	1.9166501163668792	0.0
2265.4015127920343	1.9166440900559427	0.0
2265.896561762748	1.9166380624281008	0.0
2266.391718914494	1.916632033483066	0.0
2266.8869842709205	1.9166260032205504	0.0
2267.38235785567	1.9166199716402663	0.0
2267.8778396923917	1.9166139387419254	0.0
2268.3734298047384	1.9166079045252398	0.0
2268.869128216379	1.9166018689899214	0.0
2269.3649349509756	1.9165958321356815	0.0
2269.8608500321952	1.9165897939622332	0.0
2270.356873483723	1.9165837544692867	0.0
2270.8530053292375	1.9165777136565552	0.0
2271.3492455924234	1.9165716715237489	0.0
2271.84559429697	1.9165656280705803	0.0
2272.3420514665827	1.9165595832967601	0.0
2272.83861712496	1.9165535372020006	0.0
2273.3352912958044	1.9165474897860122	0.0
2273.8320740028385	1.9165414410485067	0.0
2274.328965269775	1.916535390989195	0.0
2274.8259651203375	1.9165293396077887	0.0
2275.3230735782495	1.916523286903999	0.0
2275.8202906672536	1.9165172328775362	0.0
2276.317616411084	1.9165111775281114	0.0
2276.815050833481	1.916505120855436	0.0
2277.3125939582014	1.9164990628592207	0.0
2277.8102458089957	1.9164930035391758	0.0
2278.3080064096225	1.9164869428950126	0.0
2278.805875783843	1.9164808809264415	0.0
2279.3038539554354	1.9164748176331732	0.0
2279.801940948171	1.9164687530149176	0.0
2280.3001367858246	1.9164626870713861	0.0
2280.798441492191	1.9164566198022888	0.0
2281.2968550910573	1.9164505512073358	0.0
2281.7953776062177	1.9164444812862371	0.0
2282.2940090614693	1.9164384100387037	0.0
2282.792749480628	1.9164323374644447	0.0
2283.2915988875	1.9164262635631713	0.0
2283.7905573058974	1.9164201883345928	0.0
2284.2896247596523	1.9164141117784195	0.0
2284.7888012725853	1.9164080338943608	0.0
2285.28808686853	1.916401954682127	0.0
2285.787481571319	1.9163958741414278	0.0
2286.286985404804	1.9163897922719726	0.0
2286.7865983928286	1.9163837090734712	0.0
2287.2863205592407	1.9163776245456334	0.0
2287.7861519279086	1.9163715386881686	0.0
2288.2860925226905	1.9163654515007857	0.0
2288.7861423674553	1.9163593629831945	0.0
2289.2863014860727	1.9163532731351047	0.0
2289.7865699024314	1.9163471819562252	0.0
2290.28694764041	1.9163410894462651	0.0
2290.7874347238944	1.9163349956049336	0.0
2291.2880311767885	1.9163289004319397	0.0
2291.7887370229873	1.9163228039269922	0.0
2292.2895522863964	1.9163167060898008	0.0
2292.7904769909223	1.9163106069200737	0.0
2293.291511160489	1.9163045064175197	0.0
2293.792654819013	1.9162984045818479	0.0
2294.2939079904163	1.9162923014127666	0.0
2294.7952706986393	1.9162861969099847	0.0
2295.2967429676137	1.9162800910732107	0.0
2295.7983248212818	1.916273983902153	0.0
2296.300016283586	1.916267886857485	0.0
2296.801817378488	1.9162617961863613	0.0
2297.3037281299403	1.9162557041842676	0.0
2297.8057485619015	1.916249610850914	0.0
2298.3078786983488	1.9162435161860085	0.0
2298.810118563251	1.916237420189261	0.0
2299.3124681805857	1.91623132286038	0.0
2299.8149275743326	1.9162252241990747	0.0
2300.3174967684913	1.9162191242050535	0.0
2300.8201757870493	1.9162130228780254	0.0
2301.322964654002	1.9162069202176994	0.0
2301.825863393364	1.9162008162237838	0.0
2302.3288720291407	1.9161947108959874	0.0
2302.831990585347	1.9161886042340184	0.0
2303.335219085998	1.9161824962375855	0.0
2303.8385575551297	1.916176386906397	0.0
2304.342006016768	1.9161702762401613	0.0
2304.8455644949495	1.9161641642385865	0.0
2305.3492330137105	1.916158050901381	0.0
2305.8530115971075	1.9161519362282524	0.0
2306.3569002691875	1.9161458202189094	0.0
2306.8608990540024	1.91613970287306	0.0
2307.365007975626	1.9161335841904115	0.0
2307.8692270581196	1.9161274641706725	0.0
2308.373556325557	1.9161213428135504	0.0
2308.8779958020104	1.9161152201187532	0.0
2309.382545511575	1.9161090960859881	0.0
2309.8872054783333	1.916102970714963	0.0
2310.391975726375	1.916096844005386	0.0
2310.8968562798095	1.9160907159569636	0.0
2311.4018471627355	1.9160845865694043	0.0
2311.906948399264	1.9160784558424144	0.0
2312.4121600135045	1.916072323775702	0.0
2312.917482029587	1.916066190368974	0.0
2313.422914471633	1.9160600556219372	0.0
2313.928457363773	1.9160539195342992	0.0
2314.4341107301384	1.916047782105767	0.0
2314.93987459488	1.9160416433360479	0.0
2315.4457489821402	1.9160355032248482	0.0
2315.951733916067	1.916029361771875	0.0
2316.457829420826	1.916023218976835	0.0
2316.964035520575	1.9160170748394352	0.0
2317.470352239483	1.9160109293593814	0.0
2317.9767796017177	1.9160047825363817	0.0
2318.483317631467	1.9159986343701414	0.0
2318.9899663529095	1.9159924848603676	0.0
2319.4967257902304	1.9159863340067664	0.0
2320.003595967633	1.9159801818090438	0.0
2320.5105769093116	1.9159740282669069	0.0
2321.017668639472	1.9159678733800611	0.0
2321.524871182319	1.9159617171482135	0.0
2322.0321845620783	1.9159555595710693	0.0
2322.5396088029647	1.9159494006483349	0.0
2323.0471439292005	1.915943240379716	0.0
2323.554789965026	1.9159370787649186	0.0
2324.0625469346733	1.915930915803649	0.0
2324.570414862384	1.9159247514956126	0.0
2325.078393772401	1.9159185858405148	0.0
2325.586483688986	1.9159124188380614	0.0
2326.094684636392	1.915906250487958	0.0
2326.602996638878	1.9159000807899105	0.0
2327.1114197207207	1.9158939097436236	0.0
2327.6199539061904	1.9158877373488035	0.0
2328.1285992195653	1.915881563605155	0.0
2328.6373556851254	1.9158753885123831	0.0
2329.1462233271695	1.9158692120701937	0.0
2329.655202169988	1.9158630342782914	0.0
2330.1642922378765	1.9158568551363813	0.0
2330.6734935551494	1.9158506746441684	0.0
2331.1828061461138	1.9158444928013578	0.0
2331.6922300350852	1.9158383096076543	0.0
2332.201765246381	1.9158321306516697	0.0
2332.711411804337	1.9158259588725284	0.0
2333.22116973328	1.9158197857446935	0.0
2333.731039057544	1.91581361126787	0.0
2334.2410198014804	1.9158074354417634	0.0
2334.7511119894325	1.9158012582660782	0.0
2335.2613156457546	1.91579507974052	0.0
2335.7716307948	1.9157888998647943	0.0
2336.282057460942	1.9157827186386052	0.0
2336.7925956685453	1.9157765360616579	0.0
2337.3032454419804	1.9157703521336573	0.0
2337.8140068056364	1.9157641668543082	0.0
2338.324879783894	1.915757980223315	0.0
2338.835864401144	1.9157517922403824	0.0
2339.3469606817775	1.9157456029052151	0.0
2339.8581686502057	1.9157394122175178	0.0
2340.3694883308303	1.9157332201769945	0.0
2340.8809197480577	1.91572702678335	0.0
2341.392462926316	1.9157208320362884	0.0
2341.9041178900234	1.9157146359355137	0.0
2342.415884663606	1.9157084384807306	0.0
2342.9277632714943	1.9157022396716425	0.0
2343.439753738136	1.9156960395079543	0.0
2343.9518560879696	1.9156898379893694	0.0
2344.4640703454406	1.9156836351155921	0.0
2344.976396535013	1.9156774308863258	0.0
2345.488834681142	1.9156712253012746	0.0
2346.001384808293	1.915665018360142	0.0
2346.514046940932	1.9156588100626322	0.0
2347.026821103545	1.9156526004084484	0.0
2347.539707320608	1.9156463893972937	0.0
2348.052705616604	1.9156401770288722	0.0
2348.5658160160333	1.9156339633028874	0.0
2349.0790385433897	1.915627748219042	0.0
2349.5923732231763	1.91562153177704	0.0
2350.1058200798957	1.915615313976584	0.0
2350.619379138071	1.9156090948173772	0.0
2351.1330504222174	1.9156028742991231	0.0
2351.6468339568532	1.9155966524215247	0.0
2352.1607297665187	1.9155904291842842	0.0
2352.6747378757427	1.9155842045871052	0.0
2353.1888583090667	1.9155779786296905	0.0
2353.7030910910316	1.9155717513117425	0.0
2354.2174362461983	1.915565522632964	0.0
2354.731893799117	1.9155592925930578	0.0
2355.246463774346	1.9155530611917264	0.0
2355.7611461964625	1.9155468284286719	0.0
2356.275941090033	1.9155405943035975	0.0
2356.7908484796358	1.9155343588162046	0.0
2357.30586838985	1.9155281219661966	0.0
2357.821000845273	1.915521883753275	0.0
2358.336245870495	1.915515644177142	0.0
2358.8516034901095	1.9155094032374997	0.0
2359.367073728732	1.9155031609340503	0.0
2359.882656610968	1.915496917266496	0.0
2360.3983521614314	1.9154906722345384	0.0
2360.9141604047395	1.915484425837879	0.0
2361.430081365528	1.9154781780762205	0.0
2361.9461150684247	1.9154719289492639	0.0
2362.4622615380604	1.9154656784567108	0.0
2362.978520799088	1.915459426598263	0.0
2363.49489287615	1.9154531733736224	0.0
2364.0113777939005	1.9154469187824896	0.0
2364.527975576993	1.915440662824567	0.0
2365.0446862501003	1.915434405499555	0.0
2365.561509837888	1.9154281468071555	0.0
2366.0784463650252	1.9154218867470691	0.0
2366.5954958562024	1.9154156253189976	0.0
2367.1126583361	1.9154093645386985	0.0
2367.6299338294093	1.9154031096305688	0.0
2368.147322360822	1.9153968533555799	0.0
2368.6648239550486	1.9153905957134325	0.0
2369.182438636792	1.915384336703828	0.0
2369.70016643076	1.9153780763264676	0.0
2370.21800736168	1.9153718145810528	0.0
2370.7359614542706	1.9153655514672838	0.0
2371.254028733261	1.9153592869848621	0.0
2371.77220922338	1.9153530211334888	0.0
2372.2905029493763	1.9153467539128644	0.0
2372.8089099359913	1.9153404853226896	0.0
2373.32743020797	1.9153342153626656	0.0
2373.8460637900776	1.9153279440324926	0.0
2374.364810707071	1.9153216713318715	0.0
2374.883670983716	1.9153153972605024	0.0
2375.40264464478	1.9153091218180862	0.0
2375.921731715051	1.915302845004323	0.0
2376.4409322193064	1.9152965668189135	0.0
2376.9602461823297	1.9152902872615576	0.0
2377.4796736289236	1.9152840063319556	0.0
2377.9992145838833	1.9152777240298076	0.0
2378.518869072013	1.9152714403548134	0.0
2379.0386371181175	1.9152651553066737	0.0
2379.558518747023	1.9152588688850878	0.0
2380.0785139835434	1.9152525810897556	0.0
2380.5986228525016	1.9152462919203777	0.0
2381.118845378739	1.9152400013766524	0.0
2381.639181587087	1.9152337094582808	0.0
2382.1596315023885	1.9152274161649614	0.0
2382.6801951494863	1.9152211214963948	0.0
2383.2008725532437	1.9152148254522796	0.0
2383.721663738515	1.9152085280323154	0.0
2384.2425687301593	1.9152022292362019	0.0
2384.763587553055	1.9151959290636382	0.0
2385.2847202320736	1.915189627514323	0.0
2385.805966792095	1.9151833245879564	0.0
2386.327327258001	1.9151770202842364	0.0
2386.848801654691	1.915170714602863	0.0
2387.3703900070595	1.9151644075435343	0.0
2387.892092340002	1.91515809910595	0.0
2388.413908678436	1.9151517892898084	0.0
2388.9358390472707	1.9151454780948085	0.0
2389.457883471424	1.9151391655206484	0.0
2389.9800419758153	1.9151328515670276	0.0
2390.502314585384	1.915126536233644	0.0
2391.02470132506	1.9151202195201966	0.0
2391.547202219779	1.9151139014263832	0.0
2392.0698172944963	1.9151075819519028	0.0
2392.5925465741584	1.9151012610964528	0.0
2393.115390083722	1.9150949388597325	0.0
2393.638347848145	1.9150886152414395	0.0
2394.1614198924035	1.9150822902412719	0.0
2394.6846062414675	1.9150759638589276	0.0
2395.207906920309	1.9150696360941046	0.0
2395.731321953923	1.9150633069465013	0.0
2396.254851367293	1.915056976415815	0.0
2396.7784951854146	1.9150506445017432	0.0
2397.302253433284	1.9150443112039846	0.0
2397.8261261359157	1.915037976522236	0.0
2398.3501133183163	1.9150316404561951	0.0
2398.8742150054977	1.9150253030055595	0.0
2399.398431222493	1.9150189641700268	0.0
2399.922761994324	1.915012623949294	0.0
2400.4472073460242	1.9150062823430585	0.0
2400.9717673026266	1.9149999393510178	0.0
2401.496441889187	1.9149935949728687	0.0
2402.021231130748	1.9149872492083084	0.0
2402.5461350523615	1.9149809020570343	0.0
2403.0711536790964	1.9149745541519811	0.0
2403.5962870360154	1.9149682088998392	0.0
2404.1215351481887	1.9149618622610955	0.0
2404.6468980406894	1.9149555142354462	0.0
2405.1723757386085	1.914949164822589	0.0
2405.6979682670303	1.9149428140222204	0.0
2406.223675651043	1.9149364618340372	0.0
2406.749497915755	1.9149301082577364	0.0
2407.2754350862656	1.914923753293014	0.0
2407.8014871876862	1.9149173969395674	0.0
2408.3276542451254	1.9149110391970923	0.0
2408.8539362837146	1.914904680065286	0.0
2409.380333328576	1.9148983195438445	0.0
2409.9068454048347	1.9148919576324643	0.0
2410.4334725376402	1.9148855943308412	0.0
2410.960214752129	1.9148792296386714	0.0
2411.4870720734493	1.914872863555652	0.0
2412.0140445267507	1.914866496081478	0.0
2412.5411321372017	1.9148601272158459	0.0
2413.0683349299634	1.9148537569584514	0.0
2413.5956529302	1.914847385308991	0.0
2414.123086163097	1.9148410122671593	0.0
2414.6506346538317	1.9148346378326528	0.0
2415.1782984275906	1.9148282620051673	0.0
2415.706077509561	1.9148218847843983	0.0
2416.233971924951	1.914815506170041	0.0
2416.7619816989586	1.9148091261617912	0.0
2417.290106856787	1.914802744759344	0.0
2417.818347423662	1.914796361962395	0.0
2418.3467034247974	1.9147899777706394	0.0
2418.875174885419	1.9147835921837721	0.0
2419.403761830753	1.9147772052014886	0.0
2419.932464286045	1.9147708168234843	0.0
2420.4612822765325	1.9147644270494535	0.0
2420.9902158274576	1.9147580358790912	0.0
2421.5192649640835	1.9147516433120926	0.0
2422.0484297116636	1.9147452493481523	0.0
2422.577710095462	1.914738853986965	0.0
2423.1071061407433	1.9147324572282256	0.0
2423.6366178727917	1.9147260590716288	0.0
2424.1662453168838	1.9147196595168685	0.0
2424.6959884983003	1.9147132585636397	0.0
2425.225847442343	1.9147068562116365	0.0
2425.7558221743034	1.9147004524605535	0.0
2426.2859127194847	1.9146940473100846	0.0
2426.81611910319	1.9146876407599245	0.0
2427.346441350743	1.9146812328097673	0.0
2427.8768794874577	1.9146748234593063	0.0
2428.4074335386545	1.9146684127082365	0.0
2428.9381035296733	1.9146620005562514	0.0
2429.4688894858455	1.9146555870030446	0.0
2429.9997914325113	1.9146491720483099	0.0
2430.5308093950134	1.9146427556917418	0.0
2431.061943398714	1.914636337933033	0.0
2431.593193468967	1.9146299187718774	0.0
2432.12455963113	1.914623498207969	0.0
2432.656041910582	1.9146170762410009	0.0
2433.1876403326933	1.9146106528706661	0.0
2433.7193549228436	1.9146042280966586	0.0
2434.251185706414	1.9145978019186716	0.0
2434.7831327088056	1.9145913743363976	0.0
2435.31519595541	1.9145849453495307	0.0
2435.847375471625	1.9145785149577634	0.0
2436.3796712828685	1.9145720831607886	0.0
2436.9120834145483	1.9145656499582993	0.0
2437.4446118920846	1.9145592153499886	0.0
2437.9772567408954	1.9145527793355492	0.0
2438.510017986422	1.914546342158884	0.0
2439.0428956540954	1.9145399035864215	0.0
2439.5758897693513	1.914533463606964	0.0
2440.109000357646	1.9145270222202038	0.0
2440.6422274444276	1.9145205794258338	0.0
2441.175571055154	1.914514135223546	0.0
2441.7090312152827	1.9145076896130329	0.0
2442.2426079502943	1.9145012425939871	0.0
2442.776301285658	1.9144947941661001	0.0
2443.3101112468485	1.9144883443290646	0.0
2443.844037859362	1.9144818930825722	0.0
2444.378081148684	1.9144754404263153	0.0
2444.9122411403127	1.914468986359986	0.0
2445.4465178597447	1.9144625308832757	0.0
2445.980911332498	1.9144560739958763	0.0
2446.515421584082	1.9144496156974793	0.0
2447.0500486400106	1.914443155987777	0.0
2447.584792525818	1.9144366948664604	0.0
2448.11965326703	1.9144302323332214	0.0
2448.6546308891825	1.9144237683877516	0.0
2449.189725417812	1.9144173030297418	0.0
2449.7249368784755	1.9144108362588836	0.0
2450.260265296721	1.9144043680748684	0.0
2450.7957106981016	1.914397898477387	0.0
2451.331273108191	1.9143914274661311	0.0
2451.866952552554	1.9143849550407914	0.0
2452.402749056765	1.914378481201059	0.0
2452.9386626463997	1.9143720059466247	0.0
2453.474693347055	1.914365529277179	0.0
2454.010841184317	1.9143590511924136	0.0
2454.547106183779	1.9143525716920187	0.0
2455.0834883710527	1.9143460907756848	0.0
2455.619987771742	1.9143396084431026	0.0
2456.1566044114625	1.9143331246939628	0.0
2456.693338315827	1.9143266395279557	0.0
2457.230189510472	1.9143201529447715	0.0
2457.767158021023	1.914313664944101	0.0
2458.304243873112	1.914307175525634	0.0
2458.841447092391	1.9143006846890604	0.0
2459.378767704502	1.9142941924340708	0.0
2459.9162057351	1.9142876987603556	0.0
2460.4537612098375	1.914281203667604	0.0
2460.9914341543895	1.9142747071555064	0.0
2461.5292245944215	1.914268209223752	0.0
2462.0671325556045	1.9142617098720316	0.0
2462.605158063629	1.914255209100034	0.0
2463.143301144178	1.9142487069074492	0.0
2463.6815618229434	1.9142422032939668	0.0
2464.2199401256194	1.9142356982592763	0.0
2464.7584360779188	1.914229191803067	0.0
2465.2970497055467	1.9142226839250283	0.0
2465.835781034213	1.9142161746248494	0.0
2466.3746300896487	1.9142096639022195	0.0
2466.9135968975747	1.914203151756828	0.0
2467.4526814837236	1.914196638188364	0.0
2467.991883873827	1.9141901231965164	0.0
2468.5312040936396	1.914183606780974	0.0
2469.070642168904	1.914177088941426	0.0
2469.61019812537	1.914170569677561	0.0
2470.149871988808	1.9141640489890677	0.0
2470.689663784978	1.914157526875635	0.0
2471.2295735396524	1.9141510033369513	0.0
2471.7696012786027	1.9141444783727053	0.0
2472.3097470276207	1.9141379519825854	0.0
2472.8500108124913	1.9141314241662803	0.0
2473.390392659007	1.9141248949234777	0.0
2473.930892592963	1.9141183642538664	0.0
2474.471510640175	1.9141118287309369	0.0
2475.012246826447	1.9141052912775522	0.0
2475.553101177592	1.9140987523955648	0.0
2476.0940737194423	1.914092212084662	0.0
2476.635164477819	1.9140856703445313	0.0
2477.176373478557	1.914079127174861	0.0
2477.7177007474897	1.9140725825753382	0.0
2478.2591463104723	1.914066036545651	0.0
2478.8007101933495	1.9140594890854867	0.0
2479.342392421972	1.9140529401945325	0.0
2479.884193022212	1.9140463898724756	0.0
2480.4261120199317	1.9140398381190036	0.0
2480.9681494410042	1.9140332849338035	0.0
2481.5103053113025	1.9140267303165628	0.0
2482.0525796567217	1.9140201742669678	0.0
2482.594972503146	1.9140136167847066	0.0
2483.1374838764705	1.914007057869465	0.0
2483.680113802592	1.9140004975209306	0.0
2484.222862307428	1.91399393573879	0.0
2484.7657294168853	1.9139873725227297	0.0
2485.308715156877	1.9139808078724365	0.0
2485.851819553337	1.9139742417875967	0.0
2486.39504263219	1.913967674267898	0.0
2486.938384419371	1.913961105313025	0.0
2487.481844940816	1.9139545349226657	0.0
2488.0254242224814	1.9139479630965053	0.0
2488.569122290314	1.9139413898342306	0.0
2489.112939170268	1.9139348151355278	0.0
2489.6568748883155	1.9139282390000827	0.0
2490.2009294704217	1.9139216614275814	0.0
2490.7451029425606	1.9139150824177102	0.0
2491.2893953307084	1.9139085019701545	0.0
2491.833806660861	1.9139019200846006	0.0
2492.378336959005	1.9138953367607339	0.0
2492.922986251134	1.9138887519982406	0.0
2493.4677545632603	1.9138821657968057	0.0
2494.012641921389	1.913875578156115	0.0
2494.557648351533	1.9138689890758536	0.0
2495.102773879709	1.9138623985557077	0.0
2495.6480185319524	1.9138558065953624	0.0
2496.19338233429	1.9138492131945026	0.0
2496.738865312755	1.9138426183528139	0.0
2497.284467493399	1.9138360220699813	0.0
2497.830188902267	1.9138294243456897	0.0
2498.376029565413	1.9138228251796243	0.0
2498.921989508892	1.91381622457147	0.0
2499.4680687587797	1.9138096225209118	0.0
2500.0142673411433	1.9138030190276343	0.0
2500.5605852820545	1.9137964140913224	0.0
2501.1070226076067	1.9137898077116604	0.0
2501.653579343883	1.9137831998883335	0.0
2502.200255516978	1.9137765906210258	0.0
2502.747051152987	1.9137699799094214	0.0
2503.2939662780245	1.9137633677532055	0.0
2503.841000918199	1.9137567541520617	0.0
2504.388155099621	1.9137501391056748	0.0
2504.935428848424	1.9137435226137287	0.0
2505.482822190732	1.9137369046759076	0.0
2506.030335152678	1.9137302852918956	0.0
2506.5779677603987	1.9137236644613764	0.0
2507.1257200400482	1.9137170421840342	0.0
2507.673592017774	1.9137104184595524	0.0
2508.2215837197277	1.913703793287615	0.0
2508.7696951720823	1.9136971666679061	0.0
2509.3179264010014	1.913690533979294	0.0
2509.866277432659	1.9136838964932332	0.0
2510.4147482932303	1.9136772575567091	0.0
2510.9633390089116	1.9136706171694056	0.0
2511.5120496058885	1.9136639753310052	0.0
2512.060880110353	1.913657332041191	0.0
2512.6098305485193	1.9136506872996455	0.0
2513.15890094659	1.9136440411060518	0.0
2513.7080913307796	1.9136373934600923	0.0
2514.257401727303	1.91363074436145	0.0
2514.806832162397	1.913624093809807	0.0
2515.3563826622867	1.9136174418048464	0.0
2515.906053253205	1.91361078834625	0.0
2516.455843961405	1.9136041334337008	0.0
2517.0057548131304	1.91359747706688	0.0
2517.5557858346365	1.9135908192454707	0.0
2518.1059370521766	1.913584159969155	0.0
2518.6562084920283	1.9135774992376144	0.0
2519.2066001804574	1.9135708370505315	0.0
2519.7571121437372	1.9135641734075879	0.0
2520.30774440816	1.9135575083084655	0.0
2520.85849700001	1.9135508417528462	0.0
2521.409369945582	1.9135441737404115	0.0
2521.9603632711714	1.9135375042708436	0.0
2522.511477003094	1.913530833343823	0.0
2523.0627111676577	1.9135241609590325	0.0
2523.6140657911737	1.9135174871161524	0.0
2524.165540899977	1.9135108118148652	0.0
2524.71713652039	1.913504135054851	0.0
2525.2688526787488	1.9134974568357919	0.0
2525.820689401389	1.9134907771573686	0.0
2526.3726467146666	1.9134840960192623	0.0
2526.924724644929	1.9134774134211543	0.0
2527.4769232185286	1.9134707293627253	0.0
2528.0292424618406	1.9134640438436563	0.0
2528.581682401228	1.9134573568636277	0.0
2529.134243063067	1.913450668422321	0.0
2529.6869244737327	1.9134439785194162	0.0
2530.239726659622	1.9134372871545944	0.0
2530.7926496471227	1.9134305943275354	0.0
2531.3456934626283	1.9134239000379207	0.0
2531.898858132553	1.9134172042854298	0.0
2532.4521436833006	1.9134105070697434	0.0
2533.0055501412876	1.9134038083905418	0.0
2533.5590775329297	1.913397108247505	0.0
2534.112725884665	1.9133904066403131	0.0
2534.6664952229203	1.9133837035686465	0.0
2535.22038557413	1.913376999032185	0.0
2535.7743969647486	1.9133702930306082	0.0
2536.3285294212214	1.9133635855635964	0.0
2536.8827829700035	1.913356876630829	0.0
2537.437157637553	1.913350166231986	0.0
2537.9916534503463	1.9133434543667467	0.0
2538.5462704348524	1.9133367410347906	0.0
2539.1010086175456	1.913330026235798	0.0
2539.655868024921	1.913323309969447	0.0
2540.210848683464	1.9133165922354183	0.0
2540.765950619671	1.9133098730333902	0.0
2541.321173860039	1.9133031523630422	0.0
2541.876518431087	1.9132964302240534	0.0
2542.431984359323	1.913289706616103	0.0
2542.9875716712627	1.9132829815388703	0.0
2543.5432803934405	1.9132762549920335	0.0
2544.0991105523835	1.9132695269752715	0.0
2544.6550621746283	1.9132627974882639	0.0
2545.211135286713	1.9132560620472707	0.0
2545.7673299151966	1.9132493178081185	0.0
2546.3236460866283	1.9132425720951751	0.0
2546.8800838275624	1.9132358249081187	0.0
2547.4366431645767	1.9132290762466269	0.0
2547.993324124237	1.9132223261103776	0.0
2548.550126733122	1.9132155744990484	0.0
2549.1070510178088	1.913208821412317	0.0
2549.6640970048975	1.9132020668498613	0.0
2550.221264720978	1.9131953108113584	0.0
2550.778554192647	1.913188553296486	0.0
2551.3359654465203	1.9131817943049212	0.0
2551.8934985092055	1.9131750338363416	0.0
2552.4511534073217	1.9131682718904244	0.0
2553.008930167488	1.9131615084668467	0.0
2553.566828816344	1.9131547435652854	0.0
2554.12484938052	1.9131479771854178	0.0
2554.682991886654	1.9131412093269207	0.0
2555.2412563614025	1.9131344399894714	0.0
2555.7996428314145	1.913127669172746	0.0
2556.358151323348	1.9131208968764215	0.0
2556.9167818638643	1.9131141231001747	0.0
2557.4755344796436	1.9131073478436824	0.0
2558.0344091973575	1.9131005711066207	0.0
2558.5934060436825	1.913093792888666	0.0
2559.1525250453187	1.9130870131894953	0.0
2559.7117662289547	1.913080232008784	0.0
2560.271129621289	1.9130734493462094	0.0
2560.830615249024	1.9130666652014474	0.0
2561.3902231388806	1.9130598795741733	0.0
2561.9499533175717	1.9130530924640639	0.0
2562.5098058118147	1.913046303870795	0.0
2563.069780648349	1.9130395137940424	0.0
2563.6298778539053	1.9130327222334818	0.0
2564.190097455224	1.9130259291887892	0.0
2564.7504394790462	1.9130191346596406	0.0
2565.3109039521355	1.9130123386457107	0.0
2565.871490901244	1.913005541146676	0.0
2566.432200353132	1.9129987421622112	0.0
2566.9930323345784	1.9129919416919918	0.0
2567.5539868723554	1.9129851397356936	0.0
2568.115063993244	1.9129783362929915	0.0
2568.676263724026	1.912971531363561	0.0
2569.237586091506	1.9129647249470767	0.0
2569.7990311224785	1.912957917043214	0.0
2570.360598843742	1.9129511076516477	0.0
2570.9222892821194	1.912944296772053	0.0
2571.4841024644224	1.9129374844041043	0.0
2572.0460384174726	1.9129306705474765	0.0
2572.6080971680935	1.9129238552018446	0.0
2573.170278743131	1.9129170383668828	0.0
2573.732583169419	1.9129102200422659	0.0
2574.2950104737997	1.9129034002276681	0.0
2574.8575606831346	1.9128965789227639	0.0
2575.4202338242767	1.9128897561272278	0.0
2575.98302992409	1.9128829318407343	0.0
2576.5459490094386	1.912876106062957	0.0
2577.108991107209	1.9128692787935702	0.0
2577.6721562442763	1.9128624500322482	0.0
2578.235444447524	1.9128556197786646	0.0
2578.7988557438543	1.9128487880324936	0.0
2579.3623901601622	1.9128419547934088	0.0
2579.9260477233524	1.9128351200610842	0.0
2580.4898284603296	1.912828270346872	0.0
2581.0537323980216	1.912821417098963	0.0
2581.6177595633458	1.912814562353442	0.0
2582.1819099832246	1.9128077061099813	0.0
2582.746183684604	1.9128008483682535	0.0
2583.310580694418	1.9127939891279313	0.0
2583.875101039613	1.9127871283886873	0.0
2584.439744747136	1.912780266150194	0.0
2585.0045118439552	1.9127734024121237	0.0
2585.5694023570286	1.9127665371741485	0.0
2586.1344163133217	1.9127596704359409	0.0
2586.6995537398193	1.9127528021971727	0.0
2587.2648146634983	1.9127459324575165	0.0
2587.8301991113462	1.912739061216644	0.0
2588.3957071103505	1.9127321884742272	0.0
2588.961338687521	1.9127253142299379	0.0
2589.5270938698577	1.9127184384834481	0.0
2590.092972684366	1.9127115612344294	0.0
2590.658975158073	1.9127046824825533	0.0
2591.225101317997	1.9126978022274916	0.0
2591.791351191166	1.9126909204689158	0.0
2592.3577248046095	1.9126840372064975	0.0
2592.9242221853783	1.9126771524399078	0.0
2593.4908433605137	1.912670266168818	0.0
2594.057588357063	1.9126633783928992	0.0
2594.624457202094	1.9126564891118232	0.0
2595.1914499226664	1.9126495983252605	0.0
2595.7585665458505	1.912642706032882	0.0
2596.325807098716	1.9126358122343592	0.0
2596.8931716083553	1.9126289169293624	0.0
2597.4606601018518	1.912622020117563	0.0
2598.0282726062933	1.9126151217986314	0.0
2598.5960091487896	1.9126082219722378	0.0
2599.1638697564417	1.9126013206380537	0.0
2599.731854456361	1.9125944177957488	0.0
2600.299963275659	1.9125875134449941	0.0
2600.8681962414703	1.9125806075854597	0.0
2601.4365533809187	1.9125737002168157	0.0
2602.005034721133	1.9125667913387328	0.0
2602.573640289266	1.912559880950881	0.0
2603.1423701124595	1.9125529690529302	0.0
2603.7112242178664	1.9125460556445502	0.0
2604.2802026326394	1.9125391407254113	0.0
2604.8493053839547	1.9125322242951832	0.0
2605.418532498977	1.912525306353536	0.0
2605.9878840048796	1.9125183869001394	0.0
2606.5573599288537	1.9125114659346623	0.0
2607.126960298083	1.9125045434567751	0.0
2607.6966851397624	1.9124976194661465	0.0
2608.2665344810866	1.912490693962447	0.0
2608.836508349274	1.9124837669453454	0.0
2609.40660677153	1.9124768384145105	0.0
2609.976829775068	1.9124699083696122	0.0
2610.547177387123	1.9124629768103194	0.0
2611.11764963492	1.9124560437363012	0.0
2611.688246545695	1.9124491091472264	0.0
2612.2589681466857	1.9124421730427643	0.0
2612.8298144651485	1.912435235422583	0.0
2613.400785528335	1.9124282962863521	0.0
2613.9718813634972	1.9124213556337404	0.0
2614.5431019979133	1.9124144134644159	0.0
2615.114447458849	1.9124074697780473	0.0
2615.685917773583	1.9124005245743032	0.0
2616.257512969393	1.9123935692622112	0.0
2616.8292330735794	1.9123866019501197	0.0
2617.401078113433	1.9123796331154899	0.0
2617.97304811625	1.9123726627579891	0.0
2618.5451431093484	1.9123656908772844	0.0
2619.117363120037	1.912358717473043	0.0
2619.6897081756356	1.9123517425449321	0.0
2620.2621783034633	1.9123447660926185	0.0
2620.834773530864	1.912337788115769	0.0
2621.407493885168	1.9123308086140507	0.0
2621.9803393937145	1.9123238275871306	0.0
2622.5533100838634	1.9123168450346748	0.0
2623.1264059829646	1.9123098609563502	0.0
2623.6996271183802	1.9123028753518232	0.0
2624.272973517471	1.912295888220761	0.0
2624.8464452076228	1.9122888995628293	0.0
2625.4200422162075	1.9122819093776942	0.0
2625.993764570607	1.912274917665023	0.0
2626.5676122982222	1.912267924424481	0.0
2627.141585426445	1.912260929655735	0.0
2627.7156839826794	1.9122539333584503	0.0
2628.289907994329	1.9122469355322933	0.0
2628.8642574888195	1.9122399361769296	0.0
2629.438732493567	1.9122329352920255	0.0
2630.0133330359936	1.9122259328772464	0.0
2630.5880591435425	1.9122189289322584	0.0
2631.1629108436487	1.9122119234567265	0.0
2631.737888163757	1.9122049164503168	0.0
2632.3129911313126	1.9121979079126943	0.0
2632.888219773784	1.9121908978435247	0.0
2633.4635741186294	1.912183886242473	0.0
2634.0390541933116	1.912176873109205	0.0
2634.614660025318	1.9121698584433857	0.0
2635.1903916421234	1.9121628422446793	0.0
2635.766249071215	1.9121558245127521	0.0
2636.3422323400814	1.9121488052472686	0.0
2636.9183414762324	1.9121417844478934	0.0
2637.4945765071675	1.9121347621142912	0.0
2638.070937460393	1.9121277382461273	0.0
2638.6474243634366	1.9121207128430664	0.0
2639.224037243817	1.9121136859047723	0.0
2639.800776129062	1.9121066574309102	0.0
2640.3776410467026	1.9120996274211444	0.0
2640.954632024291	1.912092595875139	0.0
2641.531749089369	1.9120855627925581	0.0
2642.1089922694846	1.912078528173067	0.0
2642.6863615922075	1.9120714920163289	0.0
2643.2638570850986	1.912064454322008	0.0
2643.841478775729	1.9120574150897682	0.0
2644.4192266916702	1.912050374319274	0.0
2644.9971008605175	1.912043332010189	0.0
2645.5751013098543	1.9120362881621766	0.0
2646.153228067271	1.9120292427749008	0.0
2646.73148116038	1.9120221958480252	0.0
2647.309860616783	1.9120151473812135	0.0
2647.8883664640953	1.912008097374129	0.0
2648.4669987299294	1.9120010458264347	0.0
2649.045757441923	1.911993992737795	0.0
2649.624642627701	1.9119869381078722	0.0
2650.203654314897	1.91197988193633	0.0
2650.782792531166	1.911972824222831	0.0
2651.362057304151	1.91196575090153	0.0
2651.9414486615096	1.9119586675944211	0.0
2652.520966630898	1.9119515827394256	0.0
2653.1006112399937	1.9119444963362056	0.0
2653.680382516466	1.911937408384423	0.0
2654.2602804879957	1.9119303188837389	0.0
2654.8403051822634	1.9119232278338152	0.0
2655.4204566269714	1.9119161352343133	0.0
2656.000734849813	1.911909041084894	0.0
2656.581139878487	1.9119019453852195	0.0
2657.1616717407146	1.9118948481349507	0.0
2657.742330464207	1.9118877493337487	0.0
2658.323116076687	1.9118806489812743	0.0
2658.904028605876	1.9118735470771893	0.0
2659.4850680795216	1.9118664436211534	0.0
2660.066234525358	1.9118593386128284	0.0
2660.6475279711267	1.9118522320518754	0.0
2661.228948444591	1.9118451239379541	0.0
2661.8104959735047	1.9118380142707256	0.0
2662.3921705856324	1.9118309030498506	0.0
2662.97397230874	1.9118237902749895	0.0
2663.555901170615	1.9118166759458024	0.0
2664.1379571990356	1.91180956006195	0.0
2664.720140421785	1.9118024426230926	0.0
2665.3024508666695	1.91179532362889	0.0
2665.8848885614852	1.9117882030790028	0.0
2666.4674535340396	1.9117810809730904	0.0
2667.0501458121403	1.911773957310814	0.0
2667.6329654236183	1.911766832091832	0.0
2668.215912396293	1.9117597053158053	0.0
2668.7989867579968	1.911752576982393	0.0
2669.382188536562	1.911745447091255	0.0
2669.9655177598434	1.911738315642051	0.0
2670.548974455685	1.9117311826344405	0.0
2671.132558651938	1.911724048068083	0.0
2671.7162703764748	1.9117169119426376	0.0
2672.3001096571593	1.9117097742577636	0.0
2672.8840765218647	1.9117026350131205	0.0
2673.4681709984666	1.9116954942083673	0.0
2674.0523931148623	1.9116883518431633	0.0
2674.6367428989383	1.9116812079171672	0.0
2675.2212203785894	1.9116740624300381	0.0
2675.805825581729	1.9116669153814345	0.0
2676.3905585362654	1.9116597667710153	0.0
2676.975419270113	1.91165261659844	0.0
2677.560407811191	1.9116454648633663	0.0
2678.1455241874382	1.911638311565453	0.0
2678.730768426786	1.9116311567043587	0.0
2679.3161405571695	1.9116240002797418	0.0
2679.901640606547	1.9116168422912603	0.0
2680.487268602867	1.911609682738573	0.0
2681.0730245740892	1.9116025216213375	0.0
2681.6589085481737	1.9115953589392125	0.0
2682.2449205531034	1.9115881946918556	0.0
2682.831060616851	1.911581028878925	0.0
2683.417328767396	1.9115738615000784	0.0
2684.003725032738	1.9115666925549737	0.0
2684.590249440869	1.9115595220432684	0.0
2685.1769020197917	1.9115523499646208	0.0
2685.7636827975084	1.9115451763186875	0.0
2686.3505918020455	1.9115380011051268	0.0
2686.9376290614186	1.911530824323596	0.0
2687.5247946036484	1.9115236229187347	0.0
2688.112088456779	1.9115164171995316	0.0
2688.699510648845	1.911509209905692	0.0
2689.287061207892	1.911502001036872	0.0
2689.8747401619644	1.911494790592727	0.0
2690.462547539132	1.9114875785729128	0.0
2691.0504833674536	1.9114803649770857	0.0
2691.6385476749924	1.911473149804901	0.0
2692.226740489836	1.9114659330560135	0.0
2692.8150618400614	1.9114587147300799	0.0
2693.403511753756	1.9114514948267542	0.0
2693.9920902590093	1.9114442733456931	0.0
2694.5807973839333	1.9114370502865508	0.0
2695.169633156629	1.9114298256489828	0.0
2695.7585976052032	1.9114225994326441	0.0
2696.3476907577865	1.9114153716371898	0.0
2696.936912642498	1.9114081422622748	0.0
2697.52626328747	1.9114009113075539	0.0
2698.115742720833	1.911393678772682	0.0
2698.7053509707434	1.9113864446573137	0.0
2699.295088065344	1.9113792089611037	0.0
2699.884954032786	1.911371971683706	0.0
2700.474948901242	1.9113647328247758	0.0
2701.0650726988747	1.9113574923839673	0.0
2701.6553254538594	1.9113502503609348	0.0
2702.2457071943695	1.9113430067553328	0.0
2702.836217948604	1.9113357615668145	0.0
2703.4268577447497	1.9113285147950347	0.0
2704.017626611	1.911321266439648	0.0
2704.6085245755717	1.911314016500307	0.0
2705.19955166667	1.9113067649766666	0.0
2705.790707912512	1.9112995118683802	0.0
2706.3819933413174	1.9112922571751016	0.0
2706.9734079813256	1.9112850008964843	0.0
2707.564951860768	1.9112777430321821	0.0
2708.1566250078804	1.9112704835818484	0.0
2708.7484274509225	1.9112632225451367	0.0
2709.3403592181435	1.9112559599217	0.0
2709.932420337804	1.9112486957111916	0.0
2710.5246108381657	1.911241429913265	0.0
2711.116930747512	1.9112341625275733	0.0
2711.7093800941166	1.911226893553769	0.0
2712.30195890626	1.9112196229915057	0.0
2712.8946672122447	1.9112123508404362	0.0
2713.4875050403625	1.9112050771002131	0.0
2714.080472418918	1.911197801770489	0.0
2714.6735693762143	1.9111905248509167	0.0
2715.266795940581	1.9111832463411487	0.0
2715.8601521403334	1.9111759662408379	0.0
2716.4536380037953	1.911168684549636	0.0
2717.0472535593126	1.911161401267196	0.0
2717.640998835221	1.91115411639317	0.0
2718.234873859867	1.9111468299272099	0.0
2718.8288786616	1.9111395418689683	0.0
2719.4230132687885	1.9111322522180967	0.0
2720.017277709795	1.9111249609742478	0.0
2720.6116720129853	1.9111176681370727	0.0
2721.206196206748	1.9111103737062238	0.0
2721.800850319463	1.9111030776813525	0.0
2722.3956343795203	1.9110957607819388	0.0
2722.990548415312	1.911088432576451	0.0
2723.585592455251	1.9110811027695602	0.0
2724.180766527742	1.9110737713609163	0.0
2724.7760706611953	1.9110664383501699	0.0
2725.3715048840427	1.9110591037369704	0.0
2725.967069224707	1.9110517675209675	0.0
2726.562763711622	1.9110444297018114	0.0
2727.158588373223	1.9110370902791516	0.0
2727.7545432379675	1.9110297492526374	0.0
2728.350628334302	1.9110224066219186	0.0
2728.9468436906814	1.9110150623866449	0.0
2729.543189335581	1.9110077165464654	0.0
2730.1396652974663	1.9110003691010289	0.0
2730.7362716048156	1.9109930200499854	0.0
2731.333008286107	1.9109856693929834	0.0
2731.9298753698417	1.9109783171296726	0.0
2732.526872884511	1.9109709632597012	0.0
2733.124000858611	1.910963607782719	0.0
2733.721259320662	1.9109562506983742	0.0
2734.3186482991737	1.9109488920063153	0.0
2734.916167822667	1.9109415317061922	0.0
2735.5138179196633	1.9109341697976518	0.0
2736.1115986187087	1.9109268062803442	0.0
2736.7095099483363	1.9109194411539168	0.0
2737.3075519370877	1.9109120744180184	0.0
2737.9057246135258	1.910904706072297	0.0
2738.504028006204	1.910897336116401	0.0
2739.102462143687	1.910889964549979	0.0
2739.70102705454	1.9108825913726781	0.0
2740.2997227673523	1.910875216584147	0.0
2740.898549310702	1.9108678401840336	0.0
2741.4975067131722	1.9108604621719847	0.0
2742.096595003371	1.9108530825476495	0.0
2742.6958142098956	1.910845701310675	0.0
2743.2951643613537	1.910838318460709	0.0
2743.8946454863553	1.9108309339973983	0.0
2744.4942576135327	1.9108235479203914	0.0
2745.0940007715067	1.9108161602293348	0.0
2745.6938749889064	1.9108087709238766	0.0
2746.2938802943827	1.910801380003663	0.0
2746.894016716575	1.910793987468342	0.0
2747.4942842841374	1.9107865933175605	0.0
2748.0946830257226	1.9107791975509651	0.0
2748.6952129700057	1.910771800168203	0.0
2749.2958741456528	1.9107644011689209	0.0
2749.8966665813364	1.9107570005527656	0.0
2750.4975903057507	1.910749598319384	0.0
2751.09864534758	1.9107421944684224	0.0
2751.699831735521	1.910734788999527	0.0
2752.3011494982707	1.910727381912345	0.0
2752.9025986645483	1.9107199732065223	0.0
2753.504179263064	1.9107125628817052	0.0
2754.105891322534	1.9107051509375403	0.0
2754.707734871696	1.910697737373673	0.0
2755.3097099392794	1.91069032218975	0.0
2755.9118165540235	1.910682905385417	0.0
2756.5140547446695	1.91067548696032	0.0
2757.116424539981	1.9106680669141047	0.0
2757.7189259687125	1.9106606452464168	0.0
2758.3215590596224	1.9106532048541622	0.0
2758.9243238414942	1.9106457478832568	0.0
2759.5272203431	1.9106382892828095	0.0
2760.130248593224	1.9106308290524652	0.0
2760.7334086206515	1.9106233671918664	0.0
2761.3367004541906	1.9106159037006583	0.0
2761.9401241226374	1.9106084385784834	0.0
2762.543679654796	1.910600971824986	0.0
2763.147367079495	1.910593503439809	0.0
2763.7511864255484	1.9105860334225964	0.0
2764.355137721786	1.9105785617729913	0.0
2764.959220997036	1.910571088490637	0.0
2765.5634362801507	1.9105636135751767	0.0
2766.167783599972	1.910556137026254	0.0
2766.772262985347	1.910548658843511	0.0
2767.376874465147	1.9105411790265912	0.0
2767.981618068233	1.9105336975751377	0.0
2768.5864938234763	1.910526214488793	0.0
2769.1915017597503	1.9105187297671997	0.0
2769.796641905951	1.9105112434100007	0.0
2770.4019142909656	1.9105037554168387	0.0
2771.0073189436844	1.9104962657873559	0.0
2771.6128558930236	1.9104887745211951	0.0
2772.2185251678866	1.910481281617998	0.0
2772.824326797191	1.9104737870774078	0.0
2773.430260809854	1.9104662908990657	0.0
2774.0363272348154	1.9104587930826145	0.0
2774.6425261010063	1.9104512936276956	0.0
2775.2488574373615	1.9104437925339517	0.0
2775.8553212728407	1.9104362898010243	0.0
2776.461917636394	1.910428785428555	0.0
2777.0686465569806	1.9104212794161861	0.0
2777.675508063563	1.910413771763559	0.0
2778.282502185126	1.9104062624703146	0.0
2778.889628950643	1.910398751536095	0.0
2779.4968883890947	1.910391238960542	0.0
2780.1042805294855	1.910383724743296	0.0
2780.7118054008083	1.9103762088839986	0.0
2781.319463032068	1.910368691382291	0.0
2781.9272534522706	1.9103611722378149	0.0
2782.5351766904455	1.9103536514502106	0.0
2783.143232775611	1.910346129019119	0.0
2783.7514217367916	1.9103386049441813	0.0
2784.3597436030354	1.9103310792250379	0.0
2784.968198403381	1.91032355186133	0.0
2785.576786166877	1.9103160228526979	0.0
2786.1855069225735	1.9103084921987823	0.0
2786.794360699545	1.910300959899223	0.0
2787.4033475268534	1.9102934259536615	0.0
2788.012467433569	1.9102858903617375	0.0
2788.6217204487834	1.910278353123091	0.0
2789.2311066015795	1.9102708142373626	0.0
2789.8406259210506	1.9102632737041922	0.0
2790.4502784362917	1.9102557315232198	0.0
2791.0600641764217	1.910248187694085	0.0
2791.6699831705464	1.9102406422164284	0.0
2792.2800354477804	1.9102330950898887	0.0
2792.8902210372607	1.910225546314107	0.0
2793.5005399681145	1.9102179671562458	0.0
2794.11099226948	1.910210380039128	0.0
2794.7215779704957	1.9102027912640285	0.0
2795.3322971003245	1.910195200830585	0.0
2795.9431496881193	1.9101876087384344	0.0
2796.5541357630377	1.9101800149872155	0.0
2797.1652553542613	1.9101724195765644	0.0
2797.7765084909615	1.9101648225061196	0.0
2798.3878952023215	1.9101572237755178	0.0
2798.999415517525	1.9101496233843962	0.0
2799.611069465779	1.9101420213323923	0.0
2800.222857076281	1.9101344176191426	0.0
2800.8347783782333	1.9101268122442847	0.0
2801.446833400862	1.9101192052074552	0.0
2802.0590221733837	1.9101115965082909	0.0
2802.671344725026	1.9101039861464282	0.0
2803.2838010850164	1.9100963741215047	0.0
2803.8963912826084	1.910088760433156	0.0
2804.509115347042	1.910081145081019	0.0
2805.1219733075663	1.9100735280647299	0.0
2805.734965193451	1.9100659093839256	0.0
2806.348091033957	1.9100582890382416	0.0
2806.9613508583575	1.910050667027315	0.0
2807.5747446959253	1.9100430433507811	0.0
2808.188272575957	1.9100354180082761	0.0
2808.801934527739	1.910027790999436	0.0
2809.4157305805634	1.9100201623238968	0.0
2810.029660763746	1.9100125319812944	0.0
2810.6437251065927	1.910004899971264	0.0
2811.257923638421	1.9099972662934417	0.0
2811.8722563885476	1.9099896309474629	0.0
2812.4867233863156	1.9099819939329628	0.0
2813.101324661055	1.9099743552495774	0.0
2813.716060242103	1.9099667148969415	0.0
2814.3309301588215	1.90995907287469	0.0
2814.94593444056	1.9099514291824589	0.0
2815.5610731166803	1.9099437838198825	0.0
2816.176346216546	1.9099361367865966	0.0
2816.791753769543	1.9099284880822354	0.0
2817.4072958050474	1.909920837706434	0.0
2818.0229723524412	1.9099131856588274	0.0
2818.6387834411307	1.9099055319390494	0.0
2819.2547291005103	1.9098978765467356	0.0
2819.870809359988	1.9098902194815197	0.0
2820.487024248971	1.909882560743037	0.0
2821.1033737968905	1.909874900330921	0.0
2821.719858033168	1.9098672382448065	0.0
2822.33647698723	1.9098595744843274	0.0
2822.9532306885285	1.9098519090491182	0.0
2823.570119166502	1.9098442419388122	0.0
2824.187142450604	1.9098365731530442	0.0
2824.804300570286	1.9098289026914474	0.0
2825.421593555026	1.909821230553656	0.0
2826.0390214342888	1.9098135567393033	0.0
2826.656584237547	1.9098058812480234	0.0
2827.2742819942964	1.90979820407945	0.0
2827.8921147340225	1.9097905252332152	0.0
2828.5100824862216	1.9097828447089542	0.0
2829.1281852803922	1.909775154645637	0.0
2829.7464231460563	1.9097674328522307	0.0
2830.3647961127244	1.9097597093714125	0.0
2830.983304209914	1.9097519842028132	0.0
2831.6019474671657	1.9097442573460648	0.0
2832.2207259140105	1.909736528800797	0.0
2832.83963957999	1.9097287985666425	0.0
2833.4586884946484	1.909721066643231	0.0
2834.0778726875515	1.9097133330301936	0.0
2834.697192188256	1.9097055977271613	0.0
2835.316647026323	1.9096978607337651	0.0
2835.9362372313412	1.909690122049635	0.0
2836.5559628328842	1.9096823816744013	0.0
2837.17582386054	1.9096746396076953	0.0
2837.7958203438975	1.9096668958491474	0.0
2838.4159523125677	1.9096591503983869	0.0
2839.0362197961535	1.909651403255045	0.0
2839.6566228242614	1.909643654418751	0.0
2840.2771614265234	1.9096359038891353	0.0
2840.89783563256	1.909628151665828	0.0
2841.518645472004	1.909620397748459	0.0
2842.1395909744897	1.9096126421366582	0.0
2842.7606721696734	1.9096048848300546	0.0
2843.3818890872035	1.9095971258282791	0.0
2844.0032417567313	1.90958936513096	0.0
2844.624730207934	1.9095816027377275	0.0
2845.246354470479	1.9095738386482104	0.0
2845.868114574043	1.909566072862039	0.0
2846.4900105483057	1.9095583053788416	0.0
2847.1120424229703	1.9095505361982479	0.0
2847.734210227728	1.9095427653198866	0.0
2848.356513992277	1.9095349927433871	0.0
2848.978953746341	1.9095272184683778	0.0
2849.6015295196307	1.9095194424944881	0.0
2850.2242413418694	1.9095116648213464	0.0
2850.847089242782	1.9095038854485815	0.0
2851.470073252117	1.909496104375822	0.0
2852.093193399611	1.909488321602696	0.0
2852.7164497150147	1.9094805371288324	0.0
2853.339842228078	1.9094727509538598	0.0
2853.9633709685754	1.909464963077406	0.0
2854.58703596627	1.9094571734990988	0.0
2855.210837250932	1.9094493822185672	0.0
2855.834774852355	1.9094415892354384	0.0
2856.458848800323	1.909433794549341	0.0
2857.0830591246295	1.9094259981599027	0.0
2857.7074058550716	1.9094182000667508	0.0
2858.331889021469	1.9094104002695134	0.0
2858.956508653631	1.9094025987678183	0.0
2859.5812647813723	1.9093947955612927	0.0
2860.206157434533	1.9093869906495642	0.0
2860.8311866429412	1.9093791840322598	0.0
2861.456352436438	1.9093713757090072	0.0
2862.081654844865	1.9093635656794337	0.0
2862.707093898088	1.909355753943166	0.0
2863.3326696259605	1.9093479404998317	0.0
2863.9583820583507	1.9093401253490572	0.0
2864.584231225126	1.90933227049234	0.0
2865.210217156178	1.9093244112117296	0.0
2865.8363398813867	1.9093165502136626	0.0
2866.4625994306402	1.9093086874977638	0.0
2867.08899583385	1.9093008230636577	0.0
2867.715529120915	1.909292956910969	0.0
2868.3421993217494	1.9092850890393214	0.0
2868.969006466266	1.9092772194483403	0.0
2869.5959505844016	1.9092693481376493	0.0
2870.2230317060835	1.9092614751068728	0.0
2870.8502498612443	1.909253600355635	0.0
2871.4776050798414	1.90924572388356	0.0
2872.1050973918204	1.9092378456902717	0.0
2872.7327268271397	1.9092299657753935	0.0
2873.3604934157593	1.9092220841385499	0.0
2873.9883971876616	1.9092142007793642	0.0
2874.616438172819	1.90920631569746	0.0
2875.244616401211	1.909198428892461	0.0
2875.8729319028394	1.9091905403639906	0.0
2876.5013847076966	1.9091826501116724	0.0
2877.1299748457873	1.909174758135129	0.0
2877.758702347116	1.9091668644339848	0.0
2878.387567241712	1.9091589690078616	0.0
2879.016569559594	1.9091510718563836	0.0
2879.6457093307854	1.9091431729791728	0.0
2880.274986585336	1.9091352723758526	0.0
2880.9044013532834	1.9091273700460456	0.0
2881.5339536646784	1.909119465989375	0.0
2882.1636435495707	1.9091115602054627	0.0
2882.7934710380364	1.9091036526939318	0.0
2883.4234361601393	1.9090957434544045	0.0
2884.0535389459496	1.9090878324865035	0.0
2884.683779425563	1.9090799197898507	0.0
2885.314157629063	1.9090720053640684	0.0
2885.944673586546	1.9090640892087791	0.0
2886.5753273281075	1.9090561713236047	0.0
2887.2061188838707	1.9090482517081668	0.0
2887.837048283944	1.9090403303620875	0.0
2888.468115558446	1.9090324072849894	0.0
2889.0993207375154	1.9090244824764926	0.0
2889.7306638512837	1.9090165559362202	0.0
2890.3621449298926	1.909008627663793	0.0
2890.993764003485	1.9090006976588327	0.0
2891.625521102228	1.908992765920961	0.0
2892.2574162562787	1.9089848324497987	0.0
2892.889449495799	1.9089768972449672	0.0
2893.521620850976	1.9089689603060878	0.0
2894.1539303519853	1.9089610216327813	0.0
2894.7863780290168	1.908953081224669	0.0
2895.4189639122583	1.9089451390813714	0.0
2896.051688031924	1.9089371952025096	0.0
2896.6845504182156	1.9089292495877044	0.0
2897.3175511013424	1.9089213022365765	0.0
2897.9506901115374	1.9089133531487459	0.0
2898.5839674790236	1.9089054023238339	0.0
2899.2173832340345	1.9088974497614604	0.0
2899.8509374068058	1.9088894954612456	0.0
2900.4846300275976	1.9088815062248305	0.0
2901.118461126658	1.9088735050292878	0.0
2901.752430734243	1.9088655020852763	0.0
2902.386538880631	1.9088574973924144	0.0
2903.0207855960907	1.9088494909503193	0.0
2903.655170910904	1.908841482758609	0.0
2904.2896948553516	1.9088334728169012	0.0
2904.9243574597394	1.9088254611248137	0.0
2905.559158754363	1.9088174476819633	0.0
2906.194098769523	1.9088094324879683	0.0
2906.829177535546	1.9088014155424453	0.0
2907.4643950827463	1.9087933968450117	0.0
2908.0997514414516	1.908785376395285	0.0
2908.7352466419893	1.908777354192882	0.0
2909.3708807147127	1.90876933023742	0.0
2910.0066536899626	1.9087613045285154	0.0
2910.6425655980865	1.9087532770657853	0.0
2911.2786164694567	1.908745247848847	0.0
2911.914806334435	1.9087372168773156	0.0
2912.5511352233943	1.9087291841508094	0.0
2913.18760316671	1.9087211496689442	0.0
2913.82421019478	1.908713113431336	0.0
2914.4609563379922	1.9087050754376018	0.0
2915.0978416267417	1.9086970356873576	0.0
2915.7348660914463	1.9086889941802192	0.0
2916.372029762514	1.908680950915803	0.0
2917.0093326703654	1.908672905893725	0.0
2917.6467748454206	1.9086648591136013	0.0
2918.2843563181254	1.9086568105750474	0.0
2918.9220771189143	1.908648760277679	0.0
2919.559937278227	1.908640708221112	0.0
2920.1979368265306	1.908632654404962	0.0
2920.8360757942783	1.9086245988288444	0.0
2921.4743542119363	1.908616541492374	0.0
2922.1127721099733	1.908608482395167	0.0
2922.7513295188805	1.9086004215368382	0.0
2923.390026469139	1.908592358917003	0.0
2924.0288629912357	1.9085842945352764	0.0
2924.6678391156834	1.908576228391273	0.0
2925.306954872982	1.908568160484608	0.0
2925.946210293646	1.9085600908148965	0.0
2926.5856054081883	1.908552019381753	0.0
2927.2251402471484	1.9085439461847915	0.0
2927.8648148410534	1.9085358712236276	0.0
2928.5046292204374	1.9085277944978751	0.0
2929.1445834158594	1.9085197160071488	0.0
2929.7846774578666	1.9085116357510623	0.0
2930.4249113770193	1.9085035537292308	0.0
2931.065285203878	1.908495469941268	0.0
2931.7057989690275	1.9084873843867878	0.0
2932.3464527030437	1.908479297065404	0.0
2932.9872464365058	1.9084712079767312	0.0
2933.628180200021	1.9084631171203825	0.0
2934.2692540241815	1.9084550244959722	0.0
2934.9104679395955	1.9084469301031135	0.0
2935.55182197687	1.9084387943256884	0.0
2936.1933161666375	1.9084306503414037	0.0
2936.8349505395195	1.9084225045774472	0.0
2937.4767251261424	1.9084143570334304	0.0
2938.1186399571593	1.9084062077089636	0.0
2938.760695063211	1.9083980566036582	0.0
2939.402890474952	1.908389903717125	0.0
2940.045226223036	1.9083817490489745	0.0
2940.6877023381417	1.908373592598818	0.0
2941.330318850938	1.9083654343662653	0.0
2941.9730757920984	1.9083572743509272	0.0
2942.615973192323	1.9083491125524141	0.0
2943.2590110822994	1.908340948970337	0.0
2943.902189492728	1.9083327836043047	0.0
2944.5455084543105	1.9083246164539287	0.0
2945.188967997773	1.9083164475188183	0.0
2945.8325681538304	1.908308276798584	0.0
2946.476308953204	1.9083001042928358	0.0
2947.1201904266395	1.9082919300011825	0.0
2947.7642126048727	1.908283753923235	0.0
2948.4083755186507	1.908275576058602	0.0
2949.0526791987218	1.9082673964068944	0.0
2949.6971236758595	1.9082592149677198	0.0
2950.341708980826	1.9082510317406887	0.0
2950.986435144388	1.9082428467254111	0.0
2951.631302197341	1.9082346599214948	0.0
2952.276310170466	1.90822647132855	0.0
2952.921459094557	1.908218280946185	0.0
2953.5667490004103	1.908210088774009	0.0
2954.2121799188462	1.908201894811631	0.0
2954.8577518806733	1.9081936990586599	0.0
2955.5034649167073	1.9081855015147045	0.0
2956.1493190577885	1.9081773021793729	0.0
2956.7953143347463	1.9081691010522739	0.0
2957.4414507784218	1.9081608981330158	0.0
2958.087728419658	1.9081526934212074	0.0
2958.7341472893227	1.9081444869164566	0.0
2959.3807074182714	1.908136278618372	0.0
2960.027408837367	1.9081280685265611	0.0
2960.6742515774977	1.9081198566406328	0.0
2961.321235669539	1.9081116429601939	0.0
2961.9683611443797	1.908103427484853	0.0
2962.6156280329105	1.908095210214218	0.0
2963.2630363660455	1.908086991147896	0.0
2963.9105861746884	1.9080787702854949	0.0
2964.5582774897484	1.9080705476266222	0.0
2965.206110342162	1.9080623231708853	0.0
2965.8540847628506	1.9080540969178919	0.0
2966.502200782752	1.9080458688672484	0.0
2967.1504584328027	1.908037639018563	0.0
2967.7988577439655	1.9080294073714419	0.0
2968.4473987471893	1.9080211739254926	0.0
2969.096081473433	1.908012938680322	0.0
2969.744905953678	1.9080047016355366	0.0
2970.393872218896	1.9079964627907433	0.0
2971.0429803000698	1.9079882189280415	0.0
2971.692230228184	1.9079799278791674	0.0
2972.3416220342483	1.9079716350184843	0.0
2972.9911557492605	1.9079633403455958	0.0
2973.6408314042255	1.9079550438601067	0.0
2974.2906490301725	1.90794674556162	0.0
2974.9406086581203	1.9079384454497401	0.0
2975.5907103190993	1.9079301435240703	0.0
2976.2409540441417	1.907921839784215	0.0
2976.891339864305	1.9079135342297766	0.0
2977.541867810634	1.9079052268603596	0.0
2978.192537914181	1.9078969176755671	0.0
2978.8433502060225	1.9078886066750018	0.0
2979.494304717225	1.9078802938582677	0.0
2980.1454014788674	1.9078719792249674	0.0
2980.796640522028	1.9078636627747043	0.0
2981.4480218778126	1.9078553445070812	0.0
2982.0995455773123	1.9078470244217005	0.0
2982.751211651628	1.9078387025181662	0.0
2983.4030201318847	1.9078303787960795	0.0
2984.054971049195	1.907822053255044	0.0
2984.7070644346854	1.9078137258946621	0.0
2985.359300319483	1.907805396714536	0.0
2986.011678734739	1.9077970657142678	0.0
2986.6641997115944	1.9077887328934597	0.0
2987.3168632811967	1.907780398251715	0.0
2987.9696694747186	1.9077720617886342	0.0
2988.62261832332	1.9077637235038207	0.0
2989.275709858175	1.9077553833968754	0.0
2989.928944110459	1.907747041467401	0.0
2990.5823211113707	1.907738697714998	0.0
2991.235840892099	1.9077303521392688	0.0
2991.889503483839	1.9077220047398153	0.0
2992.5433089178096	1.9077136555162384	0.0
2993.1972572252203	1.9077053044681396	0.0
2993.851348437293	1.9076969515951203	0.0
2994.505582585249	1.9076885968967818	0.0
2995.159959700337	1.9076802403727249	0.0
2995.8144798137914	1.9076718820225507	0.0
2996.469142956856	1.9076635218458606	0.0
2997.123949160798	1.907655159842255	0.0
2997.778898456875	1.9076467960113348	0.0
2998.433990876355	1.9076384303527005	0.0
2999.0892264505087	1.907630062865953	0.0
2999.744605210631	1.907621693550693	0.0
3000.4001271880065	1.9076133224065204	0.0
3001.0557924139243	1.9076049494330354	0.0
3001.7116009197016	1.907596574629839	0.0
3002.3675527366418	1.9075881979965308	0.0
3003.0236478960624	1.9075798195327107	0.0
3003.6798864292814	1.9075714392379797	0.0
3004.3362683676414	1.9075630571119366	0.0
3004.992793742475	1.9075546731541815	0.0
3005.6494625851196	1.9075462873643148	0.0
3006.3062749269393	1.9075378759195296	0.0
3006.963230799287	1.9075294353654766	0.0
3007.6203302335266	1.9075209929669439	0.0
3008.277573261025	1.907512548723528	0.0
3008.9349599131724	1.9075041026348263	0.0
3009.592490221349	1.907495654700435	0.0
3010.250164216941	1.907487204919951	0.0
3010.9079819313606	1.9074787532929707	0.0
3011.565943396007	1.9074702998190909	0.0
3012.2240486422943	1.9074618444979077	0.0
3012.8822977016357	1.907453387329018	0.0
3013.5406906054704	1.9074449283120172	0.0
3014.1992273852265	1.907436467446502	0.0
3014.8579080723384	1.9074280047320682	0.0
3015.516732698265	1.9074195401683123	0.0
3016.175701294456	1.907411073754829	0.0
3016.834813892371	1.9074026054912157	0.0
3017.4940705234735	1.9073941353770665	0.0
3018.1534712192497	1.9073856634119783	0.0
3018.8130160111764	1.9073771895955454	0.0
3019.4727049307344	1.9073687139273645	0.0
3020.132538009433	1.9073602364070301	0.0
3020.792515278769	1.9073517570341376	0.0
3021.45263677025	1.9073432758082824	0.0
3022.112902515388	1.9073347927290594	0.0
3022.7733125457175	1.9073263077960636	0.0
3023.4338668927626	1.9073178210088897	0.0
3024.094565588054	1.9073093323671333	0.0
3024.755408663148	1.9073008418703883	0.0
3025.4163961495888	1.9072923495182494	0.0
3026.077528078934	1.9072838553103117	0.0
3026.738804482743	1.907275359246169	0.0
3027.4002253925983	1.9072668613254162	0.0
3028.0617908400727	1.907258361547647	0.0
3028.723500856745	1.9072498599124565	0.0
3029.38535547422	1.9072413564194381	0.0
3030.0473547240904	1.907232851068186	0.0
3030.709498637962	1.907224343858294	0.0
3031.3717872474413	1.907215834789356	0.0
3032.0342205841603	1.907207323860966	0.0
3032.6967986797404	1.9071988110727172	0.0
3033.359521565808	1.9071902964242038	0.0
3034.0223892740164	1.9071817799150184	0.0
3034.6854018360063	1.9071732615447554	0.0
3035.348559283433	1.9071647413130073	0.0
3036.011861647951	1.9071562192193678	0.0
3036.6753089612403	1.9071476952634299	0.0
3037.3389012549706	1.9071391694447868	0.0
3038.002638560817	1.907130641763031	0.0
3038.6665209104817	1.9071221122177555	0.0
3039.330548335653	1.9071135808085535	0.0
3039.994720868035	1.9071050475350173	0.0
3040.6590385393306	1.9070965123967394	0.0
3041.3235013812687	1.9070879753933125	0.0
3041.9881094255666	1.907079436524329	0.0
3042.6528627039493	1.9070708432262604	0.0
3043.3177612481654	1.9070622470927925	0.0
3043.982805089954	1.9070536490808472	0.0
3044.6479942610663	1.907045049190013	0.0
3045.313328793254	1.90703644741988	0.0
3045.9788087182947	1.9070278437700368	0.0
3046.6444340679545	1.907019238240073	0.0
3047.3102048740066	1.907010630829578	0.0
3047.9761211682485	1.9070020215381407	0.0
3048.642182982468	1.9069934103653499	0.0
3049.308390348464	1.9069847973107943	0.0
3049.974743298037	1.9069761823740632	0.0
3050.641241863014	1.9069675655547451	0.0
3051.30788607521	1.9069589468524284	0.0
3051.9746759664445	1.9069503262667018	0.0
3052.6416115685665	1.9069417037971537	0.0
3053.308692913411	1.9069330794433725	0.0
3053.975920032826	1.906924453204946	0.0
3054.643292958661	1.9069158250814635	0.0
3055.3108117227907	1.9069071950725118	0.0
3055.9784763570788	1.9068985631776794	0.0
3056.6462868933954	1.906889929396554	0.0
3057.3142433636363	1.9068812937287238	0.0
3057.9823457996854	1.906872656173776	0.0
3058.6505942334406	1.9068640167312987	0.0
3059.3189886967994	1.9068553754008795	0.0
3059.9875292216852	1.9068467321821052	0.0
3060.656215840011	1.9068380870745634	0.0
3061.325048583701	1.9068294400778416	0.0
3061.9940274846817	1.9068207911915267	0.0
3062.6631525749044	1.906812140415206	0.0
3063.3324238863097	1.9068034877484663	0.0
3064.001841450844	1.9067948331908946	0.0
3064.67140530048	1.9067861767420777	0.0
3065.341115467178	1.906777518401602	0.0
3066.0109719829125	1.9067688581690545	0.0
3066.6809748796586	1.906760196044022	0.0
3067.351124189416	1.9067515320260902	0.0
3068.021419944175	1.906742866114846	0.0
3068.69186217593	1.9067341983098758	0.0
3069.362450916703	1.906725528610765	0.0
3070.0331861985032	1.9067168570171	0.0
3070.7040680533546	1.9067081835284674	0.0
3071.3750965132804	1.9066995081444524	0.0
3072.04627161033	1.906690830864641	0.0
3072.7175933765416	1.906682151688619	0.0
3073.3890618439664	1.906673470615972	0.0
3074.060677044655	1.9066647876462857	0.0
3074.732439010686	1.906656102779145	0.0
3075.404347774125	1.9066474160141362	0.0
3076.076403367045	1.9066387273508434	0.0
3076.7486058215436	1.906630036788853	0.0
3077.4209551697086	1.9066213093400382	0.0
3078.0934514436394	1.9066125590848433	0.0
3078.7660946754368	1.9066038069174909	0.0
3079.438884897228	1.906595052837563	0.0
3080.1118221411284	1.9065862968446414	0.0
3080.784906439258	1.906577538938309	0.0
3081.458137823766	1.9065687791181465	0.0
3082.1315163267877	1.906560017383736	0.0
3082.805041980473	1.9065512537346594	0.0
3083.478714816971	1.9065424881704984	0.0
3084.152534868458	1.9065337206908344	0.0
3084.8265021670977	1.9065249512952487	0.0
3085.500616745062	1.9065161799833228	0.0
3086.1748786345465	1.9065074067546375	0.0
3086.8492878677375	1.9064986316087744	0.0
3087.5238444768324	1.9064898545453142	0.0
3088.198548494031	1.9064810755638386	0.0
3088.873399951558	1.9064722946639274	0.0
3089.548398881627	1.9064635118451623	0.0
3090.223545316458	1.9064547271071233	0.0
3090.898839288298	1.906445940449391	0.0
3091.57428082938	1.9064371518715464	0.0
3092.2498699719526	1.90642836137317	0.0
3092.9256067482643	1.9064195689538415	0.0
3093.601491190589	1.9064107746131413	0.0
3094.27752333119	1.9064019783506496	0.0
3094.953703202336	1.9063931801659468	0.0
3095.630030836323	1.9063843800586122	0.0
3096.3065062654346	1.906375578028226	0.0
3096.9831295219683	1.906366774074368	0.0
3097.659900638221	1.9063579681966178	0.0
3098.3368196465176	1.906349160394555	0.0
3099.0138865791696	1.906340350667759	0.0
3099.6911014684956	1.906331539015809	0.0
3100.368464346841	1.9063227254382848	0.0
3101.0459752465385	1.9063139099347657	0.0
3101.7236341999355	1.9063050925048302	0.0
3102.401441239379	1.9062962731480577	0.0
3103.0793963972415	1.9062874518640274	0.0
3103.7574997058846	1.9062786286523172	0.0
3104.4357511976773	1.9062698035125067	0.0
3105.1141509050135	1.9062609764441742	0.0
3105.7926988602762	1.9062521474468985	0.0
3106.471395095862	1.9062433165202581	0.0
3107.1502396441665	1.9062344836638312	0.0
3107.829232537613	1.9062256488771963	0.0
3108.5083738086128	1.906216812159931	0.0
3109.1876634895834	1.9062079735116142	0.0
3109.8671016129692	1.9061991329318235	0.0
3110.5466882112023	1.9061902904201367	0.0
3111.2264233167284	1.9061814459761317	0.0
3111.9063069619933	1.906172599599387	0.0
3112.5863391794705	1.906163751289479	0.0
3113.2665200016195	1.9061548782444486	0.0
3113.9468494609087	1.9061459678628445	0.0
3114.627327589831	1.906137055534091	0.0
3115.3079544208695	1.9061281412577629	0.0
3115.988729986518	1.9061192250334336	0.0
3116.669654319274	1.9061103068606788	0.0
3117.3507274516583	1.9061013867390717	0.0
3118.0319494161818	1.9060924646681867	0.0
3118.713320245362	1.906083540647598	0.0
3119.3948399717424	1.9060746146768792	0.0
3120.076508627854	1.9060656867556047	0.0
3120.7583262462417	1.9060567568833475	0.0
3121.4402928594523	1.9060478250596817	0.0
3122.122408500057	1.9060388912841812	0.0
3122.804673200616	1.9060299555564186	0.0
3123.4870869936963	1.9060210178759684	0.0
3124.1696499118907	1.9060120782424028	0.0
3124.8523619877815	1.9060031366552956	0.0
3125.5352232539635	1.9059941931142201	0.0
3126.218233743031	1.9059852476187484	0.0
3126.901393487607	1.9059763001684544	0.0
3127.584702520301	1.9059673507629105	0.0
3128.2681608737303	1.9059583994016895	0.0
3128.9517685805376	1.9059494460843633	0.0
3129.6355256733546	1.9059404908105058	0.0
3130.319432184825	1.9059315335796883	0.0
3131.0034881475954	1.905922574391484	0.0
3131.687693594337	1.9059136132454648	0.0
3132.3720485577096	1.9059046501412027	0.0
3133.05655307038	1.9058956850782698	0.0
3133.7412071650415	1.9058867180562382	0.0
3134.4260108743756	1.9058777490746799	0.0
3135.1109642310767	1.9058687781331665	0.0
3135.7960672678396	1.9058598052312699	0.0
3136.481320017387	1.9058508303685613	0.0
3137.1667225124284	1.9058418535446127	0.0
3137.85227478568	1.9058328747589954	0.0
3138.5379768698867	1.9058238940112804	0.0
3139.2238287977775	1.9058149113010394	0.0
3139.9098306020983	1.9058059266278429	0.0
3140.595982315595	1.9057969399912627	0.0
3141.2822839710384	1.9057879513908693	0.0
3141.9687356011887	1.9057789608262334	0.0
3142.655337238813	1.9057699682969265	0.0
3143.342088916705	1.9057609738025185	0.0
3144.0289906676453	1.9057519773425802	0.0
3144.716042524429	1.9057429789166822	0.0
3145.403244519852	1.905733978524395	0.0
3146.090596686736	1.9057249761652884	0.0
3146.7780990578904	1.905715971838933	0.0
3147.4657516661337	1.905706965544899	0.0
3148.153554544308	1.9056979437882564	0.0
3148.8415077252457	1.9056888730996833	0.0
3149.5296112417914	1.9056798004289297	0.0
3150.2178651267914	1.9056707257755623	0.0
3150.9062694131176	1.9056616491391478	0.0
3151.59482413363	1.9056525705192529	0.0
3152.283529321196	1.9056434899154442	0.0
3152.9723850087094	1.905634407327288	0.0
3153.6613912290522	1.905625322754351	0.0
3154.3505480151193	1.9056162361961992	0.0
3155.039855399808	1.9056071476523986	0.0
3155.729313416039	1.9055980571225155	0.0
3156.418922096724	1.9055889646061162	0.0
3157.10868147478	1.9055798701027662	0.0
3157.798591583152	1.9055707736120313	0.0
3158.4886524547715	1.9055616751334774	0.0
3159.1788641225835	1.9055525746666702	0.0
3159.8692266195358	1.9055434722111748	0.0
3160.5597399786006	1.905534367766557	0.0
3161.250404232739	1.9055252613323816	0.0
3161.9412194149186	1.905516152908215	0.0
3162.6321855581346	1.9055070424936207	0.0
3163.3233026953685	1.9054979300881651	0.0
3164.0145708596174	1.9054888156914123	0.0
3164.705990083878	1.9054796993029277	0.0
3165.3975604011735	1.9054705809222756	0.0
3166.089281844515	1.905461460549021	0.0
3166.7811544469214	1.9054523381827286	0.0
3167.4731782414374	1.9054432138229624	0.0
3168.1653532610962	1.905434087469287	0.0
3168.857679538945	1.9054249591212669	0.0
3169.55015710803	1.905415828778466	0.0
3170.2427860014254	1.9054066964404484	0.0
3170.935566252194	1.9053975621067778	0.0
3171.628497893404	1.905388425777019	0.0
3172.321580958151	1.905379287450735	0.0
3173.014815479519	1.9053701471274898	0.0
3173.708201490605	1.9053610048068468	0.0
3174.4017390245067	1.90535186048837	0.0
3175.0954281143495	1.9053427141716222	0.0
3175.7892687932444	1.9053335658561672	0.0
3176.4832610943126	1.905324415541568	0.0
3177.1774050506997	1.9053152632273878	0.0
3177.87170069554	1.9053061089131895	0.0
3178.5661480619806	1.9052969525985366	0.0
3179.2607471831716	1.905287794282991	0.0
3179.955498092287	1.9052786339661165	0.0
3180.6504008224906	1.905269471647475	0.0
3181.3454554069526	1.9052603073266292	0.0
3182.0406618788697	1.9052511410031419	0.0
3182.7360202714276	1.905241972676575	0.0
3183.431530617824	1.9052328023464913	0.0
3184.1271929512586	1.9052236185568918	0.0
3184.823007304958	1.9052143815503355	0.0
3185.518973712136	1.9052051425252539	0.0
3186.2150922060123	1.9051959014812057	0.0
3186.911362819836	1.90518665841775	0.0
3187.607785586843	1.905177413334445	0.0
3188.3043605402822	1.9051681662308497	0.0
3189.001087713404	1.9051589171065224	0.0
3189.697967139485	1.9051496659610216	0.0
3190.3949988517907	1.9051404127939056	0.0
3191.092182883592	1.9051311576047327	0.0
3191.789519268188	1.9051219003930613	0.0
3192.4870080388664	1.905112641158449	0.0
3193.184649228926	1.9051033799004533	0.0
3193.882442871668	1.905094116618633	0.0
3194.5803890004213	1.9050848513125456	0.0
3195.2784876485007	1.9050755839817484	0.0
3195.9767388492296	1.905066314625799	0.0
3196.6751426359574	1.9050570432442555	0.0
3197.3736990420216	1.905047769836674	0.0
3198.0724081007734	1.9050384944026129	0.0
3198.7712698455657	1.905029216941629	0.0
3199.4702843097757	1.9050199374532792	0.0
3200.169451526772	1.9050106559371205	0.0
3200.868771529927	1.90500137239271	0.0
3201.568244352642	1.904992086819604	0.0
3202.267870028306	1.90498279921736	0.0
3202.967648590321	1.9049735095855338	0.0
3203.6675800720895	1.9049642179236823	0.0
3204.3676645070423	1.9049549242313615	0.0
3205.0679019285967	1.9049456285081283	0.0
3205.768292370178	1.9049363307535385	0.0
3206.4688358652375	1.9049270309671482	0.0
3207.1695324472157	1.9049177291485133	0.0
3207.8703821495656	1.9049084252971897	0.0
3208.571385005741	1.9048991194127338	0.0
3209.272541049224	1.9048898114947006	0.0
3209.973850313482	1.904880501542646	0.0
3210.6753128319933	1.9048711895561254	0.0
3211.3769286382594	1.904861875534694	0.0
3212.0786977657713	1.9048525594779082	0.0
3212.780620248034	1.9048432413853218	0.0
3213.482696118553	1.9048339212564909	0.0
3214.1849254108606	1.9048245990909698	0.0
3214.8873081584766	1.904815274888314	0.0
3215.589844394929	1.9048059486480784	0.0
3216.2925341537716	1.9047966203698172	0.0
3216.995377468547	1.9047872900530853	0.0
3217.6983743728106	1.9047779576974375	0.0
3218.401524900119	1.904768623302428	0.0
3219.1048290840567	1.9047592772072788	0.0
3219.8082869581954	1.9047498739063373	0.0
3220.5118985561126	1.9047404685505305	0.0
3221.2156639114146	1.9047310611394097	0.0
3221.919583057695	1.9047216516725254	0.0
3222.6236560285606	1.9047122401494287	0.0
3223.3278828576204	1.9047028265696704	0.0
3224.0322635785083	1.9046934109328009	0.0
3224.7367982248484	1.9046839932383701	0.0
3225.44148683027	1.9046745734859292	0.0
3226.146329428431	1.9046651516750281	0.0
3226.851326052975	1.904655727805217	0.0
3227.5564767375613	1.9046463018760462	0.0
3228.2617815158505	1.9046368738870652	0.0
3228.9672404215275	1.9046274438378241	0.0
3229.672853488268	1.904618011727873	0.0
3230.378620749753	1.9046085775567614	0.0
3231.084542239691	1.9045991413240386	0.0
3231.790617991779	1.9045897030292542	0.0
3232.496848039726	1.9045802626719572	0.0
3233.2032324172446	1.9045708202516982	0.0
3233.9097711580725	1.904561375768025	0.0
3234.6164642959347	1.9045519292204875	0.0
3235.3233118645653	1.9045424806086344	0.0
3236.030313897724	1.9045330299320145	0.0
3236.737470429159	1.9045235771901767	0.0
3237.4447814926325	1.9045141223826698	0.0
3238.1522471219064	1.9045046655090425	0.0
3238.8598673507713	1.9044952065688427	0.0
3239.567642213004	1.9044857455616193	0.0
3240.2755717423897	1.9044762824869208	0.0
3240.9836559727405	1.9044668173442947	0.0
3241.6918949378555	1.9044573501332898	0.0
3242.4002886715484	1.9044478808534537	0.0
3243.1088372076338	1.9044384095043347	0.0
3243.817540579953	1.90442893608548	0.0
3244.526398822335	1.9044194605964377	0.0
3245.2354119686165	1.9044099830367553	0.0
3245.944580052662	1.9044005034059803	0.0
3246.653903108321	1.9043910217036606	0.0
3247.3633811694604	1.9043815379293427	0.0
3248.073014269946	1.9043720520825744	0.0
3248.782802443671	1.9043625641629025	0.0
3249.4927457245153	1.9043530741698742	0.0
3250.202844146369	1.9043435821030363	0.0
3250.9130977431464	1.9043340879619357	0.0
3251.6235065487513	1.904324591746119	0.0
3252.3340705971004	1.904315093455133	0.0
3253.044789922112	1.9043055930885242	0.0
3253.755664557731	1.9042960906458388	0.0
3254.4666945378904	1.9042865861266236	0.0
3255.1778798965306	1.904277062789162	0.0
3255.8892206676187	1.9042674871673058	0.0
3256.6007168851097	1.904257909452928	0.0
3257.312368582973	1.9042483296455708	0.0
3258.0241757951776	1.9042387477447775	0.0
3258.7361385557215	1.9042291637500905	0.0
3259.4482568985895	1.9042195776610524	0.0
3260.1605308577737	1.9042099894772049	0.0
3260.872960467293	1.904200399198091	0.0
3261.5855457611547	1.9041908068232523	0.0
3262.29828677338	1.9041812123522308	0.0
3263.0111835379907	1.9041716157845685	0.0
3263.7242360890364	1.9041620171198077	0.0
3264.437444460553	1.9041524163574897	0.0
3265.150808686585	1.904142813497156	0.0
3265.864328801204	1.9041332085383484	0.0
3266.5780048384695	1.9041236014806082	0.0
3267.291836832454	1.904113992323477	0.0
3268.0058248172318	1.9041043810664957	0.0
3268.719968826904	1.9040947677092053	0.0
3269.4342688955594	1.9040851522511473	0.0
3270.1487250572945	1.9040755346918625	0.0
3270.8633373462326	1.9040659150308916	0.0
3271.5781057964855	1.904056293267775	0.0
3272.2930304421784	1.904046669402054	0.0
3273.008111317437	1.9040370434332687	0.0
3273.723348456415	1.9040274153609595	0.0
3274.4387418932533	1.9040177851846671	0.0
3275.1542916621006	1.9040081529039314	0.0
3275.869997797133	1.9039985185182924	0.0
3276.585860332513	1.9039888820272903	0.0
3277.3018793024194	1.9039792434304652	0.0
3278.0180547410296	1.903969602727357	0.0
3278.73438668255	1.903959959917505	0.0
3279.450875161173	1.9039503150004489	0.0
3280.1675202111005	1.9039406679757287	0.0
3280.8843218665597	1.903931018842883	0.0
3281.6012801617667	1.9039213676014517	0.0
3282.318395130952	1.903911714250974	0.0
3283.035666808345	1.903902058790989	0.0
3283.7530952282045	1.9038924012210356	0.0
3284.4706804247767	1.9038827415406527	0.0
3285.1884224323207	1.903873079749379	0.0
3285.9063212850965	1.9038634158467536	0.0
3286.6243770173937	1.9038537498323147	0.0
3287.3425896634867	1.9038440817056013	0.0
3288.060959257659	1.9038344114661514	0.0
3288.779485834221	1.9038247391135033	0.0
3289.498169427471	1.9038150646471956	0.0
3290.217010071721	1.9038053672347361	0.0
3290.9360078012837	1.9037956195190457	0.0
3291.6551626505006	1.9037858696732266	0.0
3292.374474653699	1.9037761176968133	0.0
3293.093943845214	1.9037663635893405	0.0
3293.8135702594104	1.9037566073503422	0.0
3294.5333539306375	1.9037468489793525	0.0
3295.2532948932594	1.903737088475906	0.0
3295.973393181643	1.9037273258395362	0.0
3296.6936488301812	1.9037175610697776	0.0
3297.414061873254	1.903707794166163	0.0
3298.13463234525	1.9036980251282274	0.0
3298.855360280584	1.9036882539555031	0.0
3299.5762457136607	1.9036784806475247	0.0
3300.297288678896	1.9036687052038246	0.0
3301.0184892107086	1.9036589276239368	0.0
3301.7398473435446	1.9036491479073945	0.0
3302.4613631118364	1.90363936605373	0.0
3303.1830365500327	1.9036295820624773	0.0
3303.9048676925804	1.9036197959331689	0.0
3304.6268565739565	1.9036100076653373	0.0
3305.3490032286236	1.9036002172585156	0.0
3306.0713076910524	1.9035904247122355	0.0
3306.793769995742	1.9035806300260307	0.0
3307.516390177178	1.903570833199433	0.0
3308.239168269861	1.9035610342319744	0.0
3308.962104308291	1.9035512331231872	0.0
3309.6851983269976	1.9035414298726043	0.0
3310.4084503604968	1.903531624479756	0.0
3311.131860443312	1.9035218169441759	0.0
3311.8554286099943	1.9035120072653946	0.0
3312.5791548950824	1.9035021954429443	0.0
3313.3030393331296	1.9034923814763562	0.0
3314.02708195869	1.9034825653651621	0.0
3314.751282806344	1.9034727471088932	0.0
3315.475641910662	1.9034629267070806	0.0
3316.2001593062187	1.9034531041592557	0.0
3316.92483502762	1.9034432794649494	0.0
3317.649669109456	1.9034334526236925	0.0
3318.3746615863347	1.903423623635016	0.0
3319.09981249286	1.9034137924984507	0.0
3319.8251218636683	1.9034039592135268	0.0
3320.550589733381	1.9033941237797758	0.0
3321.2762161366268	1.9033842861967272	0.0
3322.0020011080637	1.9033744464639113	0.0
3322.727944682336	1.903364604580859	0.0
3323.4540468941027	1.9033547605471002	0.0
3324.1803077780223	1.9033449143621646	0.0
3324.906727368784	1.9033350660255821	0.0
3325.6333057010615	1.903325215536883	0.0
3326.3600428095374	1.9033153276960486	0.0
3327.086938728922	1.9033054018368012	0.0
3327.813993493913	1.9032954738084957	0.0
3328.541207139222	1.903285543610659	0.0
3329.2685796995625	1.9032756112428166	0.0
3329.996111209674	1.903265676704494	0.0
3330.7238017042846	1.9032557399952175	0.0
3331.45165121813	1.9032458011145121	0.0
3332.179659785974	1.9032358600619037	0.0
3332.907827442566	1.9032259168369174	0.0
3333.636154222672	1.9032159714390788	0.0
3334.364640161058	1.9032060238679127	0.0
3335.0932852925175	1.9031960741229446	0.0
3335.822089651831	1.903186122203699	0.0
3336.551053273788	1.9031761681097015	0.0
3337.280176193204	1.9031662118404757	0.0
3338.0094584448843	1.903156253395547	0.0
3338.738900063646	1.9031462927744403	0.0
3339.4685010843086	1.9031363299766795	0.0
3340.1982615417187	1.9031263650017889	0.0
3340.928181470711	1.9031163978492929	0.0
3341.658260906128	1.9031064285187154	0.0
3342.3884998828376	1.9030964570095812	0.0
3343.118898435699	1.9030864833214136	0.0
3343.849456599583	1.9030765074537361	0.0
3344.5801744093615	1.9030665294060731	0.0
3345.3110518999347	1.903056549177948	0.0
3346.0420891061917	1.9030465667688843	0.0
3346.773286063026	1.9030365821784052	0.0
3347.5046428053615	1.9030265954060344	0.0
3348.236159368109	1.903016606451295	0.0
3348.9678357861935	1.9030066153137097	0.0
3349.69967209454	1.9029966219928018	0.0
3350.4316683281027	1.9029866264880944	0.0
3351.1638245218223	1.90297662879911	0.0
3351.896140710648	1.9029666289253708	0.0
3352.628616929556	1.9029566268664004	0.0
3353.3612532135107	1.9029466226217207	0.0
3354.0940495974896	1.902936616190854	0.0
3354.827006116473	1.902926607573323	0.0
3355.5601228054675	1.9029165967686492	0.0
3356.2933996994675	1.9029065837763552	0.0
3357.0268368334755	1.902896568595963	0.0
3357.760434242521	1.9028865512269937	0.0
3358.494191961623	1.9028765316689698	0.0
3359.228110025812	1.9028665099214126	0.0
3359.962188470121	1.9028564859838437	0.0
3360.696427329611	1.9028464598557846	0.0
3361.43082663933	1.9028363886855928	0.0
3362.1653864343343	1.9028262851138458	0.0
3362.900106749707	1.9028161793342062	0.0
3363.6349876205186	1.9028060713461918	0.0
3364.3700290818565	1.90279596114932	0.0
3365.1052311688054	1.902785848743108	0.0
3365.8405939164804	1.9027757341270735	0.0
3366.576117359983	1.9027656173007323	0.0
3367.311801534423	1.9027554982636028	0.0
3368.0476464749377	1.9027453770152012	0.0
3368.7836522166517	1.9027352535550441	0.0
3369.519818794705	1.9027251278826487	0.0
3370.256146244236	1.9027149999975315	0.0
3370.9926346004145	1.9027048698992086	0.0
3371.7292838983954	1.9026947375871965	0.0
3372.4660941733414	1.9026846030610116	0.0
3373.2030654604446	1.9026744663201698	0.0
3373.9401977948833	1.9026643273641874	0.0
3374.67749121185	1.90265418619258	0.0
3375.414945746539	1.902644042804864	0.0
3376.1525614341726	1.902633897200555	0.0
3376.8903383099596	1.9026237493791678	0.0
3377.628276409117	1.902613599340219	0.0
3378.36637576689	1.9026034470832232	0.0
3379.1046364185117	1.9025932926076958	0.0
3379.843058399228	1.9025831359131526	0.0
3380.5816417442866	1.9025729769991084	0.0
3381.3203864889642	1.9025628158650776	0.0
3382.0592926685235	1.9025526525105756	0.0
3382.7983603182356	1.9025424869351175	0.0
3383.5375894733997	1.9025323191382173	0.0
3384.2769801693016	1.9025221491193898	0.0
3385.0165324412424	1.9025119768781495	0.0
3385.7562463245235	1.9025018024140108	0.0
3386.4961218544754	1.902491625726488	0.0
3387.2361590664154	1.9024814468150946	0.0
3387.9763579956675	1.9024712656793459	0.0
3388.7167186775855	1.9024610823187544	0.0
3389.457241147509	1.9024508967328349	0.0
3390.197925440794	1.9024407089211006	0.0
3390.938771592795	1.9024305188830652	0.0
3391.6797796388973	1.9024203266182425	0.0
3392.4209496144717	1.9024101321261455	0.0
3393.1622815548963	1.902399935406288	0.0
3393.903775495579	1.9023897364581825	0.0
3394.645431471914	1.9023795352813424	0.0
3395.387249519311	1.9023693318752803	0.0
3396.1292296731785	1.9023591262395103	0.0
3396.871371968956	1.9023489183735436	0.0
3397.613676442068	1.902338646257057	0.0
3398.3561431279477	1.9023283588935016	0.0
3399.0987720620574	1.9023180692818906	0.0
3399.8415632798446	1.9023077774217327	0.0
3400.584516816773	1.9022974833125366	0.0
3401.3276327083067	1.9022871869538103	0.0
3402.0709109899376	1.902276888345063	0.0
3402.8143516971463	1.9022665874858022	0.0
3403.557954865419	1.9022562843755373	0.0
3404.301720530272	1.9022459790137751	0.0
3405.0456487272086	1.9022356714000244	0.0
3405.7897394917454	1.9022253615337925	0.0
3406.5339928594008	1.902215049414588	0.0
3407.278408865722	1.9022047350419178	0.0
3408.022987546243	1.9021944184152897	0.0
3408.7677289365047	1.9021840995342112	0.0
3409.512633072078	1.9021737783981896	0.0
3410.25769998852	1.9021634550067321	0.0
3411.002929721402	1.9021531293593457	0.0
3411.7483223062964	1.902142801455538	0.0
3412.4938777788057	1.9021324712948156	0.0
3413.239596174517	1.902122138876685	0.0
3413.9854775290273	1.902111804200653	0.0
3414.7315218779604	1.9021014672662266	0.0
3415.477729256928	1.9020911280729118	0.0
3416.224099701556	1.902080786620215	0.0
3416.9706332474725	1.9020704429076432	0.0
3417.717329930333	1.9020600969347017	0.0
3418.46418978578	1.9020497487008967	0.0
3419.2112128494637	1.9020393982057344	0.0
3419.958399157064	1.9020290454487205	0.0
3420.7057487442457	1.9020186904293608	0.0
3421.453261646691	1.902008333147161	0.0
3422.200937900081	1.9019979736016261	0.0
3422.948777540126	1.9019876117922625	0.0
3423.696780602523	1.9019772477185741	0.0
3424.4449471229773	1.9019668813800674	0.0
3425.1932771372226	1.9019565127762472	0.0
3425.94177068098	1.9019461419066177	0.0
3426.690427789985	1.9019357687706842	0.0
3427.439248499972	1.901925393367952	0.0
3428.1882328467086	1.901915015697925	0.0
3428.9373808659457	1.9019046357601082	0.0
3429.6866925934423	1.9018942535540055	0.0
3430.4361680649877	1.9018838690791218	0.0
3431.185807316357	1.901873482334961	0.0
3431.93561038334	1.9018630933210272	0.0
3432.6855773017287	1.9018526316961586	0.0
3433.4357081073413	1.9018421611772942	0.0
3434.186002835986	1.90183168837035	0.0
3434.936461523476	1.9018212132748264	0.0
3435.687084205655	1.9018107358902223	0.0
3436.4378709183534	1.901800256216038	0.0
3437.1888216974157	1.9017897742517735	0.0
3437.939936578688	1.901779289996928	0.0
3438.6912155980444	1.9017688034510005	0.0
3439.4426587913467	1.9017583146134913	0.0
3440.1942661944645	1.901747823483899	0.0
3440.9460378432955	1.9017373300617229	0.0
3441.6979737737242	1.9017268343464617	0.0
3442.450074021651	1.9017163363376146	0.0
3443.202338622976	1.9017058360346804	0.0
3443.9547676136294	1.901695333437158	0.0
3444.7073610295274	1.9016848285445458	0.0
3445.4601189065934	1.9016743213563418	0.0
3446.2130412807815	1.9016638118720448	0.0
3446.9661281880312	1.9016533000911529	0.0
3447.719379664297	1.9016427860131646	0.0
3448.472795745534	1.9016322696375776	0.0
3449.226376467728	1.9016217509638897	0.0
3449.980121866849	1.9016112299915988	0.0
3450.7340319788773	1.901600706720203	0.0
3451.4881068398204	1.9015901811491993	0.0
3452.242346485673	1.9015796532780853	0.0
3452.996750952445	1.9015691231063587	0.0
3453.751320276147	1.9015585906335164	0.0
3454.5060544928187	1.9015480558590556	0.0
3455.2609536384866	1.9015375187824737	0.0
3456.016017749185	1.9015269794032672	0.0
3456.7712468609766	1.9015164377209328	0.0
3457.5266410099116	1.9015058937349678	0.0
3458.282200232055	1.9014953474448686	0.0
3459.037924563472	1.9014847988501313	0.0
3459.793814040259	1.9014742479502527	0.0
3460.549868698495	1.9014636947447285	0.0
3461.306088574272	1.9014531392330556	0.0
3462.0624737037065	1.90144258141473	0.0
3462.819024122904	1.9014320212892466	0.0
3463.5757398679857	1.9014214588561025	0.0
3464.3326209750708	1.9014108941147927	0.0
3465.0896674803103	1.901400327064813	0.0
3465.8468794198416	1.9013897577056589	0.0
3466.604256829808	1.9013791860368259	0.0
3467.361799746384	1.901368612057809	0.0
3468.1195082057293	1.9013580233330007	0.0
3468.8773822440203	1.9013473658735693	0.0
3469.6354218974325	1.9013367060852069	0.0
3470.3936272021715	1.9013260439674042	0.0
3471.1519981944293	1.9013153795196522	0.0
3471.9105349104057	1.9013047127414417	0.0
3472.6692373863298	1.901294043632264	0.0
3473.428105658418	1.901283372191609	0.0
3474.1871397629	1.9012726984189674	0.0
3474.9463397360087	1.9012620223138301	0.0
3475.7057056140034	1.901251343875687	0.0
3476.465237433132	1.9012406631040282	0.0
3477.224935229651	1.9012299799983436	0.0
3477.984799039843	1.9012192945581234	0.0
3478.744828899981	1.9012086067828577	0.0
3479.5050248463504	1.9011979166720359	0.0
3480.2653869152377	1.9011872242251477	0.0
3481.0259151429605	1.9011765294416825	0.0
3481.7866095658205	1.90116583232113	0.0
3482.547470220129	1.901155132862979	0.0
3483.3084971422263	1.9011444310667192	0.0
3484.069690368439	1.9011337269318398	0.0
3484.8310499351087	1.9011230204578289	0.0
3485.592575878578	1.9011123116441757	0.0
3486.354268235219	1.9011016004903694	0.0
3487.11612704139	1.9010908869958978	0.0
3487.8781523334574	1.9010801711602503	0.0
3488.6403441478174	1.9010694529829146	0.0
3489.4027025208516	1.9010587324633794	0.0
3490.165227488957	1.9010480096011326	0.0
3490.927919088533	1.9010372843956624	0.0
3491.6907773560074	1.9010265568464568	0.0
3492.453802327793	1.9010158269530035	0.0
3493.2169940403123	1.9010050947147903	0.0
3493.980352530017	1.9009943601313046	0.0
3494.743877833345	1.9009836232020343	0.0
3495.5075699867493	1.9009728839264666	0.0
3496.2714290266845	1.9009621423040886	0.0
3497.035454989633	1.9009513983343873	0.0
3497.799647912065	1.9009406520168501	0.0
3498.5640078304586	1.9009299033509643	0.0
3499.3285347813203	1.900919152336216	0.0
3500.0932288011445	1.9009083989720923	0.0
3500.8580899264402	1.9008976432580795	0.0
3501.6231181937173	1.9008868851936647	0.0
3502.388313639514	1.9008761247783337	0.0
3503.1536763003564	1.9008653458064646	0.0
3503.9192062127786	1.9008544999629176	0.0
3504.6849034133434	1.9008436517492726	0.0
3505.4507679386006	1.9008328011650117	0.0
3506.216799825115	1.9008219482096171	0.0
3506.982999109451	1.90081109288257	0.0
3507.749365828206	1.9008002351833526	0.0
3508.51590001796	1.9007893751114462	0.0
3509.282601715303	1.9007785126663326	0.0
3510.0494709568543	1.900767647847493	0.0
3510.816507779218	1.900756780654409	0.0
3511.5837122190173	1.9007459110865614	0.0
3512.3510843128724	1.9007350391434314	0.0
3513.1186240974343	1.9007241648245001	0.0
3513.886331609341	1.9007132881292477	0.0
3514.654206885238	1.900702409057156	0.0
3515.4222499618004	1.9006915276077043	0.0
3516.19046087569	1.9006806437803738	0.0
3516.9588396635827	1.9006697575746454	0.0
3517.727386362157	1.9006588689899984	0.0
3518.4961010081206	1.9006479780259133	0.0
3519.264983638166	1.90063708468187	0.0
3520.034034288996	1.9006261889573492	0.0
3520.8032529973407	1.9006152908518295	0.0
3521.5726397999188	1.9006043903647916	0.0
3522.3421947334623	1.9005934874957142	0.0
3523.111917834706	1.9005825822440772	0.0
3523.881809140413	1.9005716746093602	0.0
3524.6518686873333	1.900560764591042	0.0
3525.422096512224	1.9005498521886022	0.0
3526.1924926518727	1.9005389374015191	0.0
3526.9630571430544	1.9005280202292723	0.0
3527.7337900225575	1.9005171006713402	0.0
3528.5046913271717	1.900506178727202	0.0
3529.2757610937174	1.9004952543963352	0.0
3530.046999359	1.9004843276782188	0.0
3530.8184061598417	1.9004733985723314	0.0
3531.589981533064	1.9004624670781511	0.0
3532.3617255155186	1.9004515331951555	0.0
3533.133638144044	1.9004405969228233	0.0
3533.905719455487	1.9004296582606321	0.0
3534.6779694867237	1.9004187172080593	0.0
3535.4503882746158	1.900407773764583	0.0
3536.2229758560406	1.9003968279296806	0.0
3536.995732267878	1.9003858797028292	0.0
3537.768657547035	1.9003749290835068	0.0
3538.541751730408	1.9003639760711897	0.0
3539.315014854898	1.9003529870310178	0.0
3540.0884469574376	1.9003419466513023	0.0
3540.8620480749464	1.9003309038589777	0.0
3541.6358182443587	1.9003198586535168	0.0
3542.409757502609	1.900308811034392	0.0
3543.183865886662	1.900297761001076	0.0
3543.9581434334686	1.9002867085530413	0.0
3544.732590179996	1.90027565368976	0.0
3545.507206163211	1.9002645964107043	0.0
3546.2819914201104	1.9002535367153468	0.0
3547.0569459876783	1.900242474603159	0.0
3547.832069902906	1.9002314100736126	0.0
3548.607363202815	1.90022034312618	0.0
3549.382825924413	1.900209273760332	0.0
3550.1584581047223	1.9001982019755403	0.0
3550.9342597807677	1.9001871277712774	0.0
3551.710230989602	1.900176051147013	0.0
3552.486371768266	1.9001649721022194	0.0
3553.262682153808	1.9001538906363669	0.0
3554.0391621833055	1.9001428067489272	0.0
3554.8158118938227	1.9001317204393704	0.0
3555.59263132244	1.9001206317071675	0.0
3556.369620506237	1.9001095405517892	0.0
3557.146779482325	1.9000984469727058	0.0
3557.9241082878007	1.9000873509693879	0.0
3558.7016069597685	1.9000762525413053	0.0
3559.4792755353633	1.9000651516879286	0.0
3560.257114051706	1.9000540484087272	0.0
3561.0351225459335	1.9000429427031715	0.0
3561.813301055183	1.9000318345707317	0.0
3562.5916496166215	1.9000207240108766	0.0
3563.3701682674027	1.900009611023076	0.0
3564.148857044688	1.8999984956067997	0.0
3564.9277159856697	1.8999873777615164	0.0
3565.7067451275248	1.8999762574866959	0.0
3566.485944507447	1.8999651347818065	0.0
3567.2653141626306	1.8999540096463183	0.0
3568.0448541303	1.899942882079699	0.0
3568.8245644476647	1.8999317520814185	0.0
3569.604445151944	1.8999206196509444	0.0
3570.3844962803864	1.8999094847877456	0.0
3571.1647178702265	1.8998983474912903	0.0
3571.9451099587145	1.8998872077610471	0.0
3572.7256725831007	1.8998760655964841	0.0
3573.506405780668	1.8998649209970693	0.0
3574.2873095886825	1.8998537429201505	0.0
3575.06838404442	1.899842509058911	0.0
3575.849629185186	1.8998312727427815	0.0
3576.6310450482724	1.8998200339712257	0.0
3577.4126316709867	1.8998087927437066	0.0
3578.194389090636	1.8997975490596881	0.0
3578.97631734456	1.899786302918633	0.0
3579.758416470082	1.8997750543200045	0.0
3580.5406865045347	1.8997638032632655	0.0
3581.323127485281	1.899752549747879	0.0
3582.1057394496697	1.8997412937733076	0.0
3582.888522435065	1.8997300353390134	0.0
3583.6714764788326	1.8997187744444601	0.0
3584.454601618367	1.8997075110891086	0.0
3585.237897891051	1.8996962452724224	0.0
3586.021365334273	1.8996849769938633	0.0
3586.8050039854534	1.899673706252893	0.0
3587.5888138819987	1.8996624330489733	0.0
3588.3727950613293	1.8996511573815664	0.0
3589.156947560869	1.8996398792501337	0.0
3589.9412714180694	1.8996285986541375	0.0
3590.7257666703695	1.8996173155930376	0.0
3591.510433355216	1.899606030066297	0.0
3592.2952715100864	1.8995947420733759	0.0
3593.080281172444	1.8995834516137355	0.0
3593.8654623797675	1.899572158686837	0.0
3594.6508151695366	1.8995608632921415	0.0
3595.4363395792616	1.899549565429109	0.0
3596.2220356464377	1.8995382650972004	0.0
3597.0079034085697	1.8995269622958768	0.0
3597.7939429031926	1.899515657024598	0.0
3598.580154167826	1.8995043492828234	0.0
3599.3665372400064	1.8994930390700149	0.0
3600.1530921572717	1.8994817263856314	0.0
3600.939818957188	1.8994704112291327	0.0
3601.7267176773094	1.8994590935999796	0.0
3602.5137883551974	1.8994477734976307	0.0
3603.301031028444	1.8994364509215458	0.0
3604.088445734628	1.8994251258711845	0.0
3604.8760325113417	1.899413798346006	0.0
3605.6637913961804	1.8994024683454698	0.0
3606.451722426769	1.8993911358690343	0.0
3607.239825640718	1.8993798009161593	0.0
3608.028101075647	1.8993684634863028	0.0
3608.8165487692054	1.8993571235789242	0.0
3609.605168759028	1.8993457811934815	0.0
3610.3939610827674	1.8993343932892135	0.0
3611.1829257780746	1.899322959751682	0.0
3611.972062882633	1.899311523715626	0.0
3612.76137243411	1.8993000851804998	0.0
3613.550854470183	1.899288644145757	0.0
3614.3405090285587	1.8992772006108516	0.0
3615.1303361469304	1.8992657545752367	0.0
3615.9203358630075	1.8992543060383664	0.0
3616.7105082144994	1.899242854999694	0.0
3617.5008532391453	1.8992314014586729	0.0
3618.2913709746726	1.899219945414756	0.0
3619.0820614588156	1.8992084868673964	0.0
3619.8729247293386	1.899197025816047	0.0
3620.6639608239925	1.8991855622601608	0.0
3621.455169780544	1.8991740961991903	0.0
3622.2465516367606	1.8991626276325881	0.0
3623.03810643044	1.8991511565598072	0.0
3623.829834199367	1.8991396829802993	0.0
3624.6217349813323	1.8991282068935165	0.0
3625.4138088141594	1.8991167282989112	0.0
3626.2060557356567	1.8991052471959353	0.0
3626.998475783649	1.899093763584041	0.0
3627.7910689959613	1.8990822774626797	0.0
3628.583835410449	1.899070788831303	0.0
3629.3767750649545	1.8990592976893623	0.0
3630.169887997327	1.8990478040363092	0.0
3630.963174245447	1.8990363078715948	0.0
3631.756633847183	1.8990248091946706	0.0
3632.5502668404147	1.8990133080049874	0.0
3633.344073263026	1.8990018043019956	0.0
3634.1380531529317	1.8989902980851465	0.0
3634.9322065480305	1.8989787893538908	0.0
3635.7265334862304	1.898967278107679	0.0
3636.52103400547	1.8989557643459614	0.0
3637.315708143674	1.8989442480681882	0.0
3638.110555938782	1.8989327292738096	0.0
3638.9055774287363	1.8989212079622761	0.0
3639.7007726515076	1.898909684133037	0.0
3640.4961416450537	1.8988981577855426	0.0
3641.291684447341	1.8988866289192423	0.0
3642.0874010963657	1.8988750975335857	0.0
3642.8832916301108	1.8988635636280222	0.0
3643.679356086574	1.8988520272020017	0.0
3644.4755945037555	1.8988404882549728	0.0
3645.272006919684	1.8988289167529904	0.0
3646.0685933723757	1.8988172848079297	0.0
3646.8653538998547	1.8988056503209878	0.0
3647.662288540176	1.8987940132916086	0.0
3648.45939733138	1.898782373719237	0.0
3649.2566803115233	1.8987707316033164	0.0
3650.0541375186635	1.8987590869432924	0.0
3650.8517689908886	1.8987474397386077	0.0
3651.6495747662716	1.898735789988707	0.0
3652.4475548828964	1.898724137693034	0.0
3653.2457093788744	1.8987124828510318	0.0
3654.0440382923057	1.898700825462145	0.0
3654.8425416613045	1.8986891655258158	0.0
3655.641219523987	1.8986775030414886	0.0
3656.4400719184982	1.8986658380086059	0.0
3657.239098882972	1.8986541704266116	0.0
3658.0383004555483	1.8986425002949479	0.0
3658.837676674398	1.8986308276130575	0.0
3659.637227577679	1.898619152380384	0.0
3660.436953203564	1.8986074745963686	0.0
3661.236853590227	1.8985957942604554	0.0
3662.0369287758726	1.8985841113720856	0.0
3662.837178798692	1.8985724259307015	0.0
3663.6376036968836	1.8985607379357459	0.0
3664.438203508678	1.8985490473866602	0.0
3665.238978272289	1.8985373542828863	0.0
3666.0399280259503	1.8985256586238664	0.0
3666.841052807893	1.8985139604090413	0.0
3667.642352656381	1.8985022596378531	0.0
3668.443827609662	1.898490556309743	0.0
3669.245477705995	1.898478850424152	0.0
3670.047302983668	1.8984671419805217	0.0
3670.849303480955	1.8984554309782928	0.0
3671.6514792361454	1.8984437174169067	0.0
3672.4538302875308	1.8984320012958031	0.0
3673.256356673433	1.8984202826144236	0.0
3674.0590584321594	1.8984085613722084	0.0
3674.8619356020254	1.8983968375685976	0.0
3675.6649882213796	1.8983851112030319	0.0
3676.468216328553	1.8983733822749511	0.0
3677.271619961895	1.8983616507837955	0.0
3678.075199159755	1.898349916729005	0.0
3678.8789539605136	1.8983381801100192	0.0
3679.6828844025367	1.8983264409262777	0.0
3680.4869905241994	1.8983146991772204	0.0
3681.291272363907	1.8983029223801822	0.0
3682.095729960051	1.8982910857873287	0.0
3682.900363351039	1.898279246607873	0.0
3683.705172575278	1.89826740484125	0.0
3684.510157671209	1.8982555604868934	0.0
3685.315318677256	1.8982437135442385	0.0
3686.1206556318525	1.8982318640127194	0.0
3686.9261685734627	1.89822001189177	0.0
3687.7318575405375	1.8982081571808256	0.0
3688.537722571542	1.8981962998793191	0.0
3689.343763704944	1.898184439986685	0.0
3690.149980979241	1.8981725775023564	0.0
3690.956374432917	1.8981607124257676	0.0
3691.7629441044646	1.898148844756352	0.0
3692.5696900324065	1.8981369744935428	0.0
3693.376612255252	1.8981251016367735	0.0
3694.1837108115265	1.898113226185477	0.0
3694.9909857397547	1.8981013481390865	0.0
3695.7984370784943	1.898089467497035	0.0
3696.6060648662888	1.898077584258755	0.0
3697.413869141688	1.8980656984236792	0.0
3698.2218499432747	1.8980538099912407	0.0
3699.0300073096173	1.898041918960871	0.0
3699.838341279299	1.898030025332003	0.0
3700.646851890905	1.8980181291040692	0.0
3701.4555391830518	1.8980062302765004	0.0
3702.2644031943396	1.8979943288487293	0.0
3703.07344396338	1.8979824248201882	0.0
3703.8826615288144	1.8979705181903077	0.0
3704.692055929269	1.89795860895852	0.0
3705.5016272033868	1.8979466971242562	0.0
3706.311375389812	1.8979347826869482	0.0
3707.12130052722	1.8979228656460263	0.0
3707.9314026542706	1.8979109460009218	0.0
3708.741681809634	1.8978990237510664	0.0
3709.5521380320106	1.8978870988958898	0.0
3710.3627713600863	1.8978751714348232	0.0
3711.173581832563	1.8978632413672971	0.0
3711.9845694881446	1.897851308692742	0.0
3712.7957343655644	1.897839373410588	0.0
3713.607076503543	1.8978274355202656	0.0
3714.4185959408087	1.8978154950212043	0.0
3715.230292716121	1.8978035519128345	0.0
3716.042166868225	1.8977916014472136	0.0
3716.8542184358835	1.8977795616933941	0.0
3717.666447457857	1.8977675193085766	0.0
3718.47885397294	1.8977554742921856	0.0
3719.2914380199118	1.8977434266436461	0.0
3720.1041996375598	1.897731376362383	0.0
3720.9171388647037	1.8977193234478211	0.0
3721.730255740147	1.8977072678993847	0.0
3722.5435503027115	1.8976952097164985	0.0
3723.3570225912185	1.8976831488985868	0.0
3724.1706726445204	1.8976710854450733	0.0
3724.9845005014568	1.8976590193553826	0.0
3725.798506200874	1.8976469506289386	0.0
3726.6126897816503	1.8976348792651647	0.0
3727.4270512826506	1.897622805263485	0.0
3728.241590742755	1.8976107286233228	0.0
3729.056308200844	1.8975986493441015	0.0
3729.8712036958295	1.8975865674252443	0.0
3730.686277266611	1.897574482866175	0.0
3731.501528952094	1.8975623956663161	0.0
3732.316958791217	1.8975503058250904	0.0
3733.1325668229038	1.897538213341921	0.0
3733.9483530860925	1.8975261182162304	0.0
3734.7643176197257	1.8975140204474417	0.0
3735.580460462774	1.8975019200349763	0.0
3736.396781654196	1.897489816978257	0.0
3737.213281232957	1.8974777112767063	0.0
3738.0299592380547	1.8974656029297459	0.0
3738.8468157084726	1.8974534919367976	0.0
3739.6638506832096	1.897441378297283	0.0
3740.481064201266	1.8974292620106246	0.0
3741.2984563016735	1.8974171430762432	0.0
3742.116027023449	1.8974050214935603	0.0
3742.9337764056195	1.8973928972619973	0.0
3743.7517044872407	1.8973807703809753	0.0
3744.5698113073554	1.8973686408499157	0.0
3745.3880969050238	1.8973565086682387	0.0
3746.2065613193054	1.8973443738353655	0.0
3747.025204589291	1.8973322363507168	0.0
3747.844026754058	1.897320096213713	0.0
3748.663027852692	1.8973079534237745	0.0
3749.4822079243095	1.897295807980321	0.0
3750.3015670080135	1.8972836598827736	0.0
3751.1211051429227	1.897271509130552	0.0
3751.9408223681567	1.8972593557230761	0.0
3752.760718722867	1.8972471132428865	0.0
3753.5807942461893	1.8972348613634096	0.0
3754.40104897727	1.8972226068065792	0.0
3755.2214829552863	1.8972103495718102	0.0
3756.0420962194	1.8971980896585177	0.0
3756.862888808789	1.8971858270661164	0.0
3757.683860762634	1.8971735617940206	0.0
3758.505012120146	1.897161293841645	0.0
3759.3263429205213	1.8971490232084034	0.0
3760.147853202965	1.8971367498937104	0.0
3760.969543006715	1.89712447389698	0.0
3761.7914123709925	1.897112195217626	0.0
3762.6134613350364	1.8970999138550617	0.0
3763.4356899380864	1.897087629808702	0.0
3764.258098219414	1.8970753430779592	0.0
3765.080686218275	1.8970630536622473	0.0
3765.9034539739355	1.8970507615609795	0.0
3766.7264015256924	1.8970384667735685	0.0
3767.549528912827	1.8970261692994281	0.0
3768.372836174639	1.8970138691379703	0.0
3769.196323350428	1.8970015662886084	0.0
3770.0199904795245	1.8969892607507548	0.0
3770.8438376012464	1.8969769525238225	0.0
3771.6678647549184	1.8969646416072234	0.0
3772.4920719798974	1.8969523280003697	0.0
3773.3164593155257	1.8969400117026733	0.0
3774.141026801163	1.8969276927135468	0.0
3774.965774476169	1.896915371032402	0.0
3775.790702379934	1.8969030466586498	0.0
3776.6158105518366	1.896890719591703	0.0
3777.441099031261	1.896878389830972	0.0
3778.2665678576245	1.8968660573758689	0.0
3779.0922170703307	1.8968537222258042	0.0
3779.918046708799	1.8968413843801897	0.0
3780.744056812448	1.8968290438384359	0.0
3781.57024742073	1.8968167005999539	0.0
3782.3966185730833	1.896804354664154	0.0
3783.2231703089524	1.896792006030447	0.0
3784.0499026678153	1.8967796546982436	0.0
3784.876815689135	1.8967673006669534	0.0
3785.7039094123916	1.8967549439359874	0.0
3786.5311838770644	1.8967425845047554	0.0
3787.3586391226663	1.8967301812795971	0.0
3788.1862751886947	1.896717721615063	0.0
3789.0140921146635	1.8967052592277693	0.0
3789.8420899400876	1.8966927941171208	0.0
3790.6702687045135	1.8966803262825227	0.0
3791.4986284474735	1.8966678557233787	0.0
3792.3271692085086	1.8966553824390948	0.0
3793.155891027191	1.8966429064290744	0.0
3793.9847939430792	1.8966304276927226	0.0
3794.8138779957467	1.8966179462294432	0.0
3795.64314322477	1.8966054620386406	0.0
3796.4725896697555	1.8965929751197186	0.0
3797.3022173702966	1.896580485472081	0.0
3798.1320263659936	1.8965679930951316	0.0
3798.9620166964805	1.8965554979882737	0.0
3799.792188401376	1.8965430001509112	0.0
3800.622541520314	1.8965304995824468	0.0
3801.453076092932	1.8965179962822847	0.0
3802.2837921588966	1.8965054902498268	0.0
3803.1146897578615	1.8964929814844764	0.0
3803.945768929496	1.8964804699856366	0.0
3804.7770297134716	1.8964679557527102	0.0
3805.60847214949	1.8964554387850994	0.0
3806.440096277239	1.8964429190822063	0.0
3807.271902136416	1.8964303966434335	0.0
3808.1038897667486	1.8964178714681834	0.0
3808.936059207952	1.8964053435558577	0.0
3809.7684104997547	1.8963928129058583	0.0
3810.60094368189	1.8963802795175868	0.0
3811.4336587941207	1.896367743390445	0.0
3812.266555876194	1.8963552045238345	0.0
3813.099634967869	1.896342662917156	0.0
3813.932896108934	1.896330118569812	0.0
3814.766339339165	1.8963175714812026	0.0
3815.5999646983514	1.8963050216507287	0.0
3816.433772226287	1.8962924690777918	0.0
3817.2677619627952	1.8962799137617923	0.0
3818.101933947685	1.8962673557021303	0.0
3818.936288220776	1.8962547948982071	0.0
3819.770824821917	1.8962422313494223	0.0
3820.605543790945	1.8962296650551762	0.0
3821.4404451677105	1.8962170960148688	0.0
3822.275528992067	1.8962045242279006	0.0
3823.1107953039013	1.8961919368952551	0.0
3823.946244143082	1.8961792631070715	0.0
3824.7818755494886	1.8961665865493365	0.0
3825.6176895630324	1.8961539072214453	0.0
3826.4536862236114	1.8961412251227918	0.0
3827.2898655711365	1.896128540252771	0.0
3828.1262276455222	1.8961158526107773	0.0
3828.9627724867164	1.8961031621962046	0.0
3829.799500134649	1.8960904690084477	0.0
3830.63641062926	1.8960777730468998	0.0
3831.473504010523	1.896065074310955	0.0
3832.310780318395	1.8960523728000076	0.0
3833.14823959285	1.8960396685134504	0.0
3833.9858818738635	1.896026961450677	0.0
3834.823707201443	1.896014251611081	0.0
3835.66171561558	1.8960015389940557	0.0
3836.499907156277	1.895988823598994	0.0
3837.338281863567	1.8959761054252884	0.0
3838.176839777469	1.8959633844723323	0.0
3839.015580938018	1.8959506607395182	0.0
3839.8545053852517	1.8959379342262388	0.0
3840.693613159237	1.8959252049318858	0.0
3841.532904300028	1.8959124728558518	0.0
3842.3723788476877	1.8958997379975298	0.0
3843.2120368423116	1.8958870003563104	0.0
3844.0518783239786	1.8958742599315863	0.0
3844.8919033327857	1.895861516722749	0.0
3845.732111908831	1.8958487707291902	0.0
3846.5725040922434	1.8958360219503012	0.0
3847.4130799231393	1.8958232703854736	0.0
3848.2538394416415	1.8958105160340986	0.0
3849.094782687906	1.8957977588955668	0.0
3849.935909702076	1.8957849989692694	0.0
3850.7772205243077	1.8957722362545977	0.0
3851.6187151947606	1.8957594707509415	0.0
3852.460393753627	1.895746702457692	0.0
3853.3022562410824	1.895733931374239	0.0
3854.1443026973116	1.8957211574999735	0.0
3854.9865331625333	1.8957083808342852	0.0
3855.82894767695	1.8956956013765638	0.0
3856.671546280782	1.8956828191261998	0.0
3857.514329014248	1.895670034082583	0.0
3858.3572959176026	1.8956572046489355	0.0
3859.2004470310826	1.8956443158578566	0.0
3860.043782394935	1.8956314242502426	0.0
3860.88730204944	1.895618529825478	0.0
3861.7310060348614	1.8956056325829473	0.0
3862.57489439148	1.8955927325220348	0.0
3863.4189671595777	1.8955798296421242	0.0
3864.26322437947	1.8955669239426003	0.0
3865.107666091455	1.895554015422846	0.0
3865.9522923358427	1.8955411040822456	0.0
3866.797103152973	1.8955281899201826	0.0
3867.642098583172	1.89551527293604	0.0
3868.487278666783	1.8955023531292015	0.0
3869.332643444148	1.8954894304990506	0.0
3870.178192955646	1.8954765050449696	0.0
3871.0239272416356	1.8954635767663417	0.0
3871.8698463424885	1.89545064566255	0.0
3872.715950298607	1.8954377117329764	0.0
3873.5622391503784	1.8954247749770041	0.0
3874.4087129382083	1.8954118353940148	0.0
3875.2553717025003	1.8953988929833918	0.0
3876.102215483694	1.895385947744516	0.0
3876.9492443222116	1.8953729996767699	0.0
3877.7964582584855	1.8953600487795355	0.0
3878.643857332981	1.8953470950521938	0.0
3879.491441586146	1.8953341384941274	0.0
3880.339211058447	1.8953211791047169	0.0
3881.187165790352	1.8953082168833433	0.0
3882.0353058223614	1.8952952518293884	0.0
3882.8836311949585	1.8952822839422334	0.0
3883.732141948638	1.895269313221259	0.0
3884.580838123927	1.8952563396658453	0.0
3885.429719761336	1.8952433632753731	0.0
3886.278786901394	1.8952303840492235	0.0
3887.1280395846297	1.8952174019867765	0.0
3887.977477851605	1.895204417087412	0.0
3888.8271017428674	1.8951914293505105	0.0
3889.6769112989714	1.8951784387754516	0.0
3890.5269065605066	1.8951654453616154	0.0
3891.3770875680466	1.895152449108381	0.0
3892.2274543621807	1.8951394500151286	0.0
3893.078006983501	1.8951264480812373	0.0
3893.9287454726314	1.8951134433060863	0.0
3894.77966987018	1.8951003442480971	0.0
3895.6307802167657	1.8950872339689506	0.0
3896.4820765530394	1.8950741208248683	0.0
3897.3335589196354	1.8950610048152237	0.0
3898.1852273572067	1.8950478859393909	0.0
3899.037081906407	1.8950347641967438	0.0
3899.889122607922	1.8950216395866555	0.0
3900.7413495024234	1.8950085121084996	0.0
3901.593762630591	1.8949953817616496	0.0
3902.446362033137	1.8949822485454781	0.0
3903.29914775076	1.894969112459358	0.0
3904.1521198241744	1.8949559735026629	0.0
3905.0052782940957	1.8949428316747654	0.0
3905.8586232012726	1.8949296869750372	0.0
3906.7121545864384	1.8949165394028515	0.0
3907.565872490335	1.8949033889575804	0.0
3908.419776953738	1.894890235638596	0.0
3909.273868017407	1.8948770794452703	0.0
3910.1281457221203	1.894863920376975	0.0
3910.9826101086537	1.8948507584330825	0.0
3911.8372612178205	1.8948375936129638	0.0
3912.692099090414	1.8948244259159905	0.0
3913.5471237672396	1.894811255341534	0.0
3914.4023352891363	1.8947980818889654	0.0
3915.2577336969257	1.894784905557656	0.0
3916.1133190314463	1.8947717263469763	0.0
3916.9690913335394	1.8947585442562977	0.0
3917.825050644078	1.8947453592849903	0.0
3918.6811970039207	1.894732171432425	0.0
3919.5375304539334	1.8947189806979718	0.0
3920.3940510350176	1.894705787081001	0.0
3921.2507587880577	1.894692590580883	0.0
3922.1076537539557	1.8946793911969873	0.0
3922.9647359736146	1.8946661889286842	0.0
3923.8220054879694	1.8946529837753427	0.0
3924.679462337942	1.8946397757363331	0.0
3925.537106564461	1.8946265648110248	0.0
3926.3949382084897	1.8946133509987866	0.0
3927.2529573109755	1.8946001342989873	0.0
3928.1111639128835	1.8945869147109968	0.0
3928.9695580551784	1.8945736922341836	0.0
3929.8281397788583	1.894560369048818	0.0
3930.6869091249077	1.8945470393554307	0.0
3931.5458661343187	1.89453370674916	0.0
3932.4050108481165	1.8945203712293692	0.0
3933.2643433073113	1.8945070327954214	0.0
3934.1238635529294	1.8944936914466801	0.0
3934.983571626001	1.894480347182508	0.0
3935.843467567585	1.8944670000022683	0.0
3936.7035514187296	1.8944536499053235	0.0
3937.5638232204888	1.8944402968910365	0.0
3938.42428301395	1.8944269409587697	0.0
3939.284930840188	1.8944135821078851	0.0
3940.1457667402924	1.8944002203377455	0.0
3941.006790755353	1.8943868556477126	0.0
3941.8680029264947	1.8943734880371483	0.0
3942.729403294826	1.894360117505414	0.0
3943.5909919014666	1.8943467440518726	0.0
3944.452768787565	1.8943333676758847	0.0
3945.3147339942584	1.8943199883768118	0.0
3946.1768875627004	1.8943066061540148	0.0
3947.039229534043	1.8942932210068553	0.0
3947.901759949475	1.8942798329346942	0.0
3948.7644788501675	1.8942664419368922	0.0
3949.6273862773	1.89425304801281	0.0
3950.4904822720896	1.8942396511618078	0.0
3951.353766875733	1.8942262513832464	0.0
3952.217240129447	1.894212848676486	0.0
3953.0809020744473	1.8941994430408868	0.0
3953.944752751985	1.8941860344758084	0.0
3954.808792203295	1.8941726229806108	0.0
3955.6730204696205	1.894159208554654	0.0
3956.5374375922397	1.894145791197297	0.0
3957.4020436124138	1.8941323709078999	0.0
3958.266838571421	1.8941189476858211	0.0
3959.131822510543	1.8941055215304208	0.0
3959.9969954710923	1.894092092441057	0.0
3960.862357494366	1.894078660417089	0.0
3961.7279086216718	1.8940652254578756	0.0
3962.593648894351	1.8940517875627754	0.0
3963.4595783537275	1.8940383467311461	0.0
3964.3256970411435	1.8940249029623468	0.0
3965.192004997943	1.8940114334229128	0.0
3966.0585022655014	1.8939978807358484	0.0
3966.9251888851804	1.8939843250871704	0.0
3967.79206489835	1.8939707664762315	0.0
3968.659130346414	1.8939572049023847	0.0
3969.5263852707612	1.8939436403649823	0.0
3970.3938297127966	1.893930072863377	0.0
3971.261463713927	1.8939165023969209	0.0
3972.1292873155912	1.8939029289649654	0.0
3972.997300559214	1.8938893525668634	0.0
3973.86550348623	1.8938757732019664	0.0
3974.7338961381056	1.893862190869626	0.0
3975.6024785562927	1.8938486055691937	0.0
3976.471250782259	1.8938350173000214	0.0
3977.3402128574758	1.8938214260614599	0.0
3978.2093648234454	1.8938078318528602	0.0
3979.078706721656	1.8937942346735732	0.0
3979.9482385936053	1.8937806345229502	0.0
3980.8179604808224	1.8937670314003414	0.0
3981.687872424823	1.893753425305098	0.0
3982.5579744671395	1.89373981623657	0.0
3983.4282666493054	1.8937262041941074	0.0
3984.298749012887	1.8937125891770605	0.0
3985.169421599437	1.8936989711847794	0.0
3986.0402844505143	1.893685350216614	0.0
3986.911337607713	1.893671726271914	0.0
3987.7825811126136	1.893658099350029	0.0
3988.6540150068095	1.8936444694503076	0.0
3989.5256393318987	1.8936308365721	0.0
3990.3974541295124	1.893617200714755	0.0
3991.2694594412646	1.8936035618776215	0.0
3992.1416553087793	1.8935899200600486	0.0
3993.0140417737157	1.8935762752613847	0.0
3993.8866188777138	1.8935626274809787	0.0
3994.7593866624347	1.8935489767181788	0.0
3995.632345169539	1.8935353229723333	0.0
3996.50549444072	1.89352166624279	0.0
3997.3788345176577	1.8935080065288974	0.0
3998.252365442038	1.8934943438300031	0.0
3999.1260872555836	1.8934806781454547	0.0
4000.0000000000005	1.8934670094746	0.0
