38.83815188166862	0.493424650534816	0.2500412167618175
38.84625126465651	0.4928301659253736	0.2503428331509281
38.85435233670534	0.49223567651050143	0.2506451805253654
38.86245509816735	0.4916411843977324	0.25094826046995633
38.870559549394805	0.491046691709404	0.25125207456445475
38.87866569074013	0.49045220058268746	0.25155662438341825
38.8867735225558	0.4898577131696242	0.25186191149607995
38.89488304519434	0.4892632316371599	0.2521679374662199
38.902994259008324	0.48866875816717315	0.2524747038520376
38.911107164350454	0.4880742949565005	0.2527822122060247
38.91922176157351	0.48747984421696927	0.2530904640748329
38.9273380510303	0.4868854081754289	0.25339946099914007
38.935456033073706	0.48629098907377255	0.25370920451352064
38.943575708056734	0.4856965891689603	0.2540196961463132
38.951697076332415	0.4851022107330517	0.2543309374194817
38.95982013825387	0.4845078560532244	0.25464292984848275
38.96794489417429	0.4839135274317954	0.2549556749421293
38.976071344446986	0.48331922718624254	0.25526917420245315
38.984199489425265	0.48272495764923035	0.25558342912456355
38.99232932946253	0.48213072116862415	0.25589844119650973
39.0004608649123	0.48153652010750586	0.25621421189914206
39.008594096128164	0.480942356844192	0.25653074270596954
39.016729023463704	0.48034823377225866	0.2568480350830121
39.024865647272634	0.47975415330053967	0.2571660904886662
39.0330039679088	0.47916011785314755	0.25748491037355553
39.04114398572601	0.4785661298694888	0.2578044961803844
39.049285701078205	0.47797219180426986	0.25812484934379365
39.0574291143194	0.47737830612750437	0.258445971290214
39.06557422580369	0.4767844753245224	0.2587678634377179
39.0737210358852	0.4761907018959815	0.25909052719586745
39.08186954491818	0.4755969883578667	0.2594139639655674
39.09001975325691	0.4750033372414937	0.2597381751389146
39.098171661255826	0.4744097510935099	0.260063162099047
39.10632526926929	0.47381623247590776	0.26038892621998416
39.114480577651875	0.47322278396600526	0.26071546886648417
39.1226375867582	0.4726294081564533	0.2610427913938842
39.13079629694291	0.472036107655236	0.26137089514794337
39.13895670856074	0.4714428850856604	0.26169978146468936
39.147118821966515	0.47084974308634747	0.26202945167026337
39.15528263751516	0.4702566843112271	0.26235990708076035
39.16344815556162	0.469663711429531	0.2626911490020697
39.17161537646092	0.46907082712577874	0.26302317872971726
39.17978430056822	0.4686877288772852	0.2637288384137134
39.187954928238675	0.46842130444755825	0.26463945357642465
39.19612725982755	0.46815660520717656	0.26554996794094593
39.20430129569019	0.4678936285067114	0.2664603728065483
39.21247703618203	0.46763237162834953	0.26737065951501227
39.220654481658535	0.46737283178662553	0.2682808194513031
39.22883363247525	0.4671150061291608	0.269190844044235
39.23701448898782	0.4668588917374074	0.2701007247671283
39.24519705155199	0.4666044856274023	0.27101045313844024
39.253381320523516	0.46635178475052813	0.27192002072237875
39.26156729625823	0.4661007859942763	0.2728294191295165
39.26975497911211	0.4658514861830168	0.27373864001738835
39.277944369441144	0.46560388207877773	0.274647675091056
39.286135467601376	0.46535797038202537	0.27555651610367804
39.294328273949006	0.4651137477324489	0.27646515485706474
39.30252278884026	0.46487121070975307	0.2773735832022064
39.31071901263143	0.464630355834454	0.2782817930397902
39.318916945678886	0.4643911795686778	0.2791897763207114
39.32711658833908	0.464153678316962	0.2800975250465666
39.335317940968565	0.4639178484270632	0.2810050312701291
39.34352100392392	0.4636836861907675	0.2819122870958055
39.35172577756181	0.46345118784470213	0.28281928468008843
39.359932262239	0.4632203495711482	0.2837260162319988
39.36814045831231	0.46299116749886143	0.28463247401349084
39.37635036613863	0.46276363770388995	0.28553865033986514
39.38456198607493	0.46253775621039395	0.28644453758016375
39.39277531847829	0.4623135189914694	0.28735012815754407
39.4009903637058	0.4626449080755847	0.2879102481126128
39.40920712211465	0.4629883918415968	0.28846187092936215
39.41742559406212	0.4633317262212067	0.2890126096265062
39.42564577990557	0.4636749103231272	0.28956246729015156
39.433867680002415	0.46401794326901696	0.2901114469916839
39.442091294710124	0.4643608241933291	0.29065955178783975
39.45031662438629	0.46470355224316046	0.291206784720775
39.458543669388554	0.4650461265780978	0.291753148818127
39.4667724300746	0.46538854637007054	0.29229864709308406
39.47500290680225	0.46569836076908555	0.29279167205201273
39.48323509992938	0.4655336407957057	0.2925296065571913
39.49146900981393	0.4653689356390612	0.2922674225051993
39.499704636813874	0.46520424540165495	0.2920051197149173
39.507941981287345	0.46503957018645037	0.29174269800493463
39.51618104359251	0.46487491009687537	0.2914801571935523
39.52442182408759	0.4647102652368241	0.29121749709878253
39.532664323130895	0.46454563571065904	0.29095471753834884
39.54090854108084	0.46438102162321115	0.2906918183296828
39.54915447829586	0.4642164230797847	0.2904287992899287
39.5574021351345	0.46405184018615797	0.2901656602359409
39.56565151195538	0.46388727304858424	0.2899024009842826
39.573902609117205	0.4637227217737951	0.28963902135122715
39.58215542697872	0.4635581864690029	0.28937552115275894
39.59040996589876	0.4633936672419021	0.28911190020457256
39.598666226236226	0.4632291642006708	0.2888481583220708
39.606924208350144	0.4630646774539734	0.2885842953203664
39.61518391259956	0.4629002071109632	0.28832031101428257
39.62344533934358	0.4627357532812843	0.28805620521835257
39.63170848894148	0.4625713160750721	0.2877919777468168
39.639973361752496	0.4624068956029579	0.2875276284136271
39.64823995813599	0.46224249197606987	0.2872631570324448
39.656508278451405	0.4620781053060344	0.28699856341663904
39.66477832305829	0.4619137357049786	0.28673384737928803
39.6730500923162	0.46174938328553417	0.2864690087331806
39.68132358658479	0.4615850481608379	0.28620404729081494
39.6895988062238	0.46142073044453347	0.28593896286439674
39.697875751593095	0.46125643025077384	0.28567375526584
39.70615442305247	0.4610921476942263	0.28540842430677166
39.714434820961934	0.46092788289006986	0.285142969798524
39.722716945681555	0.46076363595400033	0.28487739155213876
39.731000797571404	0.46059940700223295	0.28461168937836806
39.739286376991664	0.46043519615150347	0.28434586308767257
39.7475736843026	0.4602710035190699	0.2840799124902211
39.75586271986461	0.46010682922271573	0.2838138373958911
39.76415348403803	0.45994267338075245	0.2835476376142702
39.772445977183374	0.4597785361120215	0.28328131295465553
39.780740199661196	0.4596144175358954	0.28301486322605096
39.7890361518322	0.45945031777228046	0.2827482882371695
39.797333834057	0.45954223419098933	0.28289762283420855
39.80563324669643	0.4597104313590105	0.28317076243900513
39.81393439011138	0.4598785772061381	0.2834436553764116
39.82223726466276	0.4600466716240861	0.2837163020913668
39.83054187071156	0.46021471450546925	0.28398870302769197
39.83884820861891	0.46038270574379914	0.2842608586280945
39.847156278745985	0.46055064523347644	0.2845327693341691
39.855466081454004	0.4607185328697856	0.2848044355863998
39.86377761710426	0.46088636854888954	0.2850758578241638
39.87209088605818	0.4610541521678251	0.28534703648573617
39.880405888677224	0.46122188362449584	0.2856179720082895
39.888722625322906	0.46138956281766685	0.2858886648278972
39.897041096356865	0.46155718964696074	0.2861591153795393
39.90536130214082	0.4617247640128511	0.28642932409710264
39.913683243036495	0.4618922858166564	0.28669929141338296
39.92200691940574	0.46205975496053564	0.28696901776008904
39.93033233161049	0.4622271713474835	0.28723850356784664
39.938659480012745	0.4623945348813242	0.28750774926620004
39.946988364974565	0.46256184546670603	0.2877767552836137
39.95531898685808	0.46272910300909625	0.28804552204747574
39.96365134602554	0.46289630741477755	0.2883140499841037
39.97198544283924	0.4630634585908402	0.2885823395187425
39.98032127766152	0.4632305564451783	0.2888503910755697
39.98865885085483	0.4633976008864858	0.2891182050776996
39.996998162781736	0.4635645918242497	0.28938578194718423
40.00533921380482	0.46373152916874544	0.2896531221050155
40.013682004286714	0.4638984128310316	0.2899202259711286
40.02202653459021	0.46406524272294675	0.2901870939644069
40.030372805078144	0.46423201875710285	0.29045372650268253
40.038720816113404	0.46439874084688004	0.2907201240027385
40.04707056805893	0.4645654089064224	0.29098628688031236
40.05542206127783	0.46473202285063464	0.29125221555010156
40.063775296133215	0.4648985825951742	0.2915179104257611
40.07213027298826	0.4650650880564485	0.29178337191990944
40.08048699220627	0.4652315391516104	0.2920486004441324
40.08884545415062	0.465397935798553	0.29231359640898347
40.097205659184716	0.46556427791590393	0.2925783602239869
40.10556760767205	0.465689877960882	0.2927781795749492
40.11393129997623	0.465543826445678	0.29254581579930955
40.122296736460925	0.4653977900254871	0.2923133643209072
40.13066391748986	0.4652517687714465	0.2920808250210197
40.13903284342681	0.46510576275496845	0.29184819778076576
40.14740351463573	0.4649597720477399	0.2916154824811027
40.15577593148052	0.46481379672172657	0.2913826790028306
40.164150094325244	0.46466783684917157	0.2911497872265895
40.172526003534	0.46452189250259673	0.29091680703285955
40.18090365947102	0.46437596375480406	0.29068373830196126
40.18928306250055	0.46423005067887735	0.2904505809140568
40.19766421298689	0.4640841533481825	0.2902173347491486
40.2060471112945	0.4639382718363681	0.28998399968707894
40.214431757787885	0.46379240621736717	0.2897505756075307
40.2228181528316	0.46364655656539844	0.28951706239002767
40.23120629679026	0.46350072295496725	0.28928345991393506
40.23959619002865	0.4633549054608653	0.28904976805845617
40.24798783291152	0.4632091041581738	0.2888159867026372
40.25638122580374	0.4630633191222637	0.288582115725364
40.26477636907028	0.4629175504287955	0.2883481550053624
40.27317326307619	0.46277179815372216	0.2881141044211987
40.281571908186535	0.4626260623732894	0.2878799638512807
40.28997230476649	0.46248034316403713	0.2876457331738567
40.29837445318133	0.46233464060279944	0.2874114122670144
40.306778353796396	0.4621889547667066	0.2871770010086824
40.315184006977084	0.46204328573318654	0.28694249927663035
40.323591413088856	0.4618976335799655	0.28670790694846915
40.3320005724973	0.46175199838506803	0.28647322390164814
40.34041148556805	0.46160638022682016	0.2862384500134594
40.34882415266678	0.4614607791838494	0.286003585161035
40.35723857415932	0.46131519533508525	0.28576862922134727
40.36565475041153	0.46116962875976103	0.2855335820712089
40.37407268178935	0.46102407953741553	0.2852984435872746
40.382492368658774	0.4608785477478937	0.2850632136460395
40.39091381138591	0.46073303347134675	0.28482789212383886
40.399337010336964	0.46058753678823405	0.2845924788968479
40.407761965878116	0.4604420577793262	0.28435697384108644
40.41618867837572	0.4602965965257023	0.2841213768324116
40.424617148196205	0.4601511531087538	0.28388568774652195
40.433047375706	0.4600057276101853	0.2836499064589587
40.44147936127166	0.45986032011201566	0.2834140328451037
40.44991310525983	0.4597149306965779	0.28317806678017887
40.458348608037234	0.45956955944652156	0.2829420081392474
40.46678586997064	0.4594242064448143	0.2827058567972149
40.47522489142687	0.45957083704325663	0.2829440832755468
40.483665672772915	0.459742680791952	0.2832231144200111
40.49210821437575	0.45991447172126904	0.2835018894093194
40.50055251660244	0.4600862097153391	0.28378040871460275
40.50899857982019	0.4602578946592715	0.2840586728057869
40.51744640439624	0.4604295264391473	0.28433668215159547
40.525895990697904	0.4606011049420113	0.2846144372195509
40.534347339092555	0.4607726300558668	0.2848919384759785
40.54280044994766	0.4609441016696709	0.28516918638601174
40.55125532363081	0.46111551967332687	0.2854461814135938
40.559711960509595	0.46128688395767736	0.2857229240214788
40.568170360951704	0.4614581944144995	0.2859994146712368
40.57663052532495	0.46162945093649954	0.2862756538232583
40.58509245399717	0.4618006534173048	0.28655164193675403
40.59355614733627	0.46197180175145913	0.28682737946975967
40.60202160571028	0.4621428958344173	0.2871028668791399
40.6104888294873	0.4623139355625386	0.28737810462059055
40.618957819035465	0.46248492083308024	0.28765309314864057
40.62742857472301	0.46265585154419225	0.2879278329166558
40.63590109691825	0.4628267275949126	0.2882023243768437
40.64437538598962	0.4629975488851608	0.2884765679802554
40.65285144230554	0.4631683153157312	0.2887505641767867
40.66132926623455	0.4633390267882881	0.289024313415183
40.66980885814531	0.4635096832053616	0.28929781614304434
40.6782902184065	0.46368028447033977	0.2895710728068244
40.68677334738686	0.4638508304874634	0.2898440838518349
40.69525824545529	0.4640213211618226	0.29011684972225127
40.70374491298072	0.4641917563993496	0.29038937086111327
40.712233350332134	0.464362136106813	0.29066164771032715
40.7207235578786	0.46453246019181255	0.29093368071066966
40.7292155359893	0.4647027285627755	0.2912054703017933
40.73770928503349	0.4648729411289498	0.2914770169222268
40.746204805380465	0.46504309780039843	0.2917483210093778
40.754702097399594	0.4652131984879946	0.29201938299953706
40.76320116146038	0.46538324310341767	0.29229020332788225
40.77170199793236	0.46555323155914613	0.2925607824284792
40.78020460718512	0.46572316376845296	0.29283112073428486
40.78870898958838	0.465893039645402	0.29310121867715283
40.797215145511956	0.46606285910484146	0.2933710766878346
40.80572307532568	0.46623262206239835	0.2936406951959812
40.81423277939944	0.466402328434474	0.2939100746301477
40.82274425810328	0.46657197813824053	0.2941792154177973
40.83125751180729	0.46674157109163417	0.29444811798530324
40.83977254088163	0.4669111072133506	0.29471678275795055
40.848289345696514	0.4670805864228397	0.2949852101599397
40.85680792662229	0.46725000864030275	0.2952534006143926
40.86532828402934	0.46741937378668474	0.2955213545433503
40.87385041828811	0.46758868178367125	0.29578907236777935
40.88237432976917	0.467757932553684	0.2960565545075751
40.890900018843176	0.46792712601987535	0.2963238013815635
40.899427485880786	0.468096262106123	0.296590813407503
40.90795673125278	0.46826534073702636	0.2968575910020887
40.91648775533003	0.468434361837902	0.2971241345809568
40.92502055848349	0.4686033253347789	0.2973904445586855
40.93355514108415	0.46877223115439254	0.2976565213487978
40.94209150350308	0.4689410792241816	0.2979223653637642
40.950629646111494	0.46910986947228456	0.2981879770150095
40.959169569280604	0.4692786018275321	0.29845335671290985
40.96771127338173	0.4694472762194451	0.2987185048667993
40.97625475878627	0.4696158925782299	0.2989834218849726
40.98480002586573	0.4697844508347735	0.299248108174688
40.99334707499164	0.46995295092063866	0.2995125641421679
41.00189590653562	0.47012139276805975	0.29977679019260367
41.01044652086939	0.47028977630993957	0.3000407867301594
41.01899891836478	0.4704581014798448	0.30030455415797475
41.02755309939357	0.4706263682119986	0.3005680928781625
41.03610906432775	0.47079457644128136	0.3008314032918198
41.04466681353936	0.47096272610322354	0.30109448579902615
41.05322634740047	0.4711308171340013	0.30135734079884596
41.06178766628322	0.4712988494704329	0.30161996868933216
41.07035077055992	0.4714668230499755	0.30188236986753125
41.07891566060288	0.4716347378107203	0.3021445447294836
41.08748233678451	0.47180259369138755	0.30240649367022615
41.09605079947727	0.4719703906313232	0.3026682170837959
41.10462104905373	0.472138128570496	0.3029297153632344
41.1131930858866	0.47230580744949285	0.3031909889005895
41.12176691034849	0.47247342720951185	0.303452038086914
41.13034252281224	0.47264098779236363	0.303712863312276
41.13891992365075	0.4728084891404643	0.30397346496575745
41.147499113236954	0.47297593119683107	0.30423384343545584
41.15608009194385	0.4731433139050794	0.304493999108489
41.16466286014457	0.47331063720941974	0.3047539323709982
41.17324741821233	0.4734779010546533	0.30501364360815086
41.181833766520356	0.47364510538616694	0.3052731332041409
41.190421905441966	0.47381225014993017	0.3055324015421933
41.19901183535064	0.4739793352924935	0.30579144900456906
41.20760355661983	0.47414636076098104	0.3060502759725636
41.2161970696231	0.47431332650308883	0.30630888282651175
41.22479237473413	0.47448023246708165	0.30656726994579164
41.23338947232664	0.47464707860178884	0.3068254377088261
41.24198836277446	0.4748138648565994	0.3070833864930844
41.250589046451424	0.4749805911814595	0.30734111667508596
41.259191523731516	0.4751472575268699	0.30759862863040477
41.26779579498882	0.47531386384388097	0.30785592273367013
41.276401860597424	0.4754804100840889	0.3081129993585687
41.2850097209315	0.4756468961996326	0.3083698588778483
41.29361937636536	0.47581332214319155	0.3086265016633222
41.302230827273355	0.47597968786798023	0.3088829280858686
41.31084407402987	0.47614599332774526	0.3091391385154349
41.31945911700947	0.4763122384767633	0.3093951333210415
41.328075956586744	0.4764784232698365	0.3096509128707835
41.33669459313632	0.47664454766228864	0.3099064775318318
41.34531502703295	0.47681061160996197	0.31016182767043726
41.35393725865147	0.47697661506921546	0.3104169636519348
41.3625612883668	0.47714255799692	0.31067188584074384
41.371187116553884	0.4773084403504547	0.31092659460037125
41.37981474358777	0.4774742620877044	0.3111810902934139
41.38844416984364	0.4776400231670571	0.3114353732815636
41.397075395696675	0.4778057235473991	0.31168944392560616
41.40570842152216	0.4779713631881124	0.3119433025854257
41.414343247695456	0.4781369420490724	0.31219694962000843
41.422979874592066	0.47821124007741433	0.3123107268993148
41.43161830258748	0.47821124007741433	0.3123107268993148
41.440258532057285	0.4782112400774143	0.3123107268993148
41.44890056337717	0.47821124007741433	0.3123107268993148
41.457544396922955	0.47821124007741433	0.3123107268993148
41.466190033070404	0.47821124007741433	0.3123107268993148
41.47483747219547	0.47821124007741433	0.3123107268993148
41.48348671467416	0.47821124007741433	0.3123107268993148
41.492137760882514	0.47821124007741433	0.3123107268993148
41.500790611196706	0.47821124007741433	0.3123107268993148
41.50944526599295	0.47821124007741433	0.3123107268993148
41.51810172564761	0.47821124007741433	0.3123107268993148
41.52675999053702	0.47821124007741433	0.3123107268993148
41.53542006103766	0.47821124007741433	0.3123107268993148
41.54408193752607	0.47821124007741433	0.3123107268993148
41.55274562037891	0.47821124007741433	0.3123107268993148
41.561411109972845	0.47821124007741433	0.3123107268993148
41.57007840668466	0.47821124007741433	0.3123107268993148
41.57874751089124	0.47821124007741433	0.3123107268993148
41.587418422969506	0.47821124007741433	0.3123107268993148
41.59609114329645	0.47821124007741433	0.3123107268993148
41.60476567224919	0.47821124007741433	0.3123107268993148
41.613442010204935	0.4782112400774143	0.3123107268993148
41.62212015754089	0.47821124007741433	0.3123107268993148
41.630800114634404	0.47821124007741433	0.3123107268993148
41.639481881862864	0.47821124007741433	0.3123107268993148
41.64816545960382	0.47821124007741433	0.3123107268993148
41.6568508482348	0.47821124007741433	0.3123107268993148
41.66553804813342	0.47821124007741433	0.3123107268993148
41.674227059677456	0.47821124007741433	0.3123107268993148
41.682917883244706	0.47821124007741433	0.3123107268993148
41.69161051921301	0.47821124007741433	0.3123107268993148
41.700304967960356	0.47821124007741433	0.3123107268993148
41.70900122986481	0.47821124007741433	0.3123107268993148
41.71769930530448	0.47821124007741433	0.3123107268993148
41.72639919465752	0.47821124007741433	0.3123107268993148
41.73510089830224	0.47821124007741433	0.3123107268993148
41.743804416617046	0.47821124007741433	0.3123107268993148
41.75250974998028	0.47821124007741433	0.3123107268993148
41.76121689877049	0.47821124007741433	0.3123107268993148
41.7699258633663	0.47821124007741433	0.3123107268993148
41.77863664414637	0.47821124007741433	0.3123107268993148
41.7873492414894	0.4782112400774143	0.3123107268993148
41.79606365577427	0.47821124007741433	0.3123107268993148
41.804779887379894	0.47821124007741433	0.3123107268993148
41.813497936685245	0.47821124007741433	0.3123107268993148
41.82221780406937	0.47821124007741433	0.3123107268993148
41.83093948991142	0.47821124007741433	0.3123107268993148
41.83966299459069	0.4782112400774143	0.3123107268993148
41.84838831848638	0.47821124007741433	0.31231072689931483
41.857115461977905	0.47821124007741433	0.3123107268993148
41.86584442544477	0.47821124007741433	0.3123107268993148
41.87457520926648	0.47821124007741433	0.3123107268993148
41.883307813822654	0.47821124007741433	0.3123107268993148
41.89204223949299	0.47821124007741433	0.3123107268993148
41.9007784866573	0.47821124007741433	0.3123107268993148
41.90951655569542	0.47821124007741433	0.3123107268993148
41.918256446987264	0.47821124007741433	0.3123107268993148
41.92699816091289	0.47821124007741433	0.3123107268993148
41.93574169785237	0.47821124007741433	0.3123107268993148
41.94448705818586	0.47821124007741433	0.3123107268993148
41.95323424229363	0.47821124007741433	0.3123107268993148
41.961983250556045	0.47821124007741433	0.3123107268993148
41.9707340833535	0.47821124007741433	0.3123107268993148
41.97948674106645	0.47821124007741433	0.3123107268993148
41.9882412240755	0.47821124007741433	0.3123107268993148
41.99699753276131	0.47821124007741433	0.3123107268993148
42.00575566750461	0.47821124007741433	0.3123107268993148
42.01451562868616	0.47821124007741433	0.3123107268993148
42.023277416686916	0.47821124007741433	0.3123107268993148
42.032041031887815	0.47839069984053245	0.31219356908440055
42.04080647466988	0.478840126117971	0.31190055271851796
42.04957374541426	0.47928953948456876	0.31160809426513364
42.058342844502185	0.47973893854065536	0.3113161930409852
42.067113772314926	0.4801883218924418	0.31102484835825156
42.07588652923382	0.48063768815202995	0.31073405952460204
42.08466111564034	0.48108703593742613	0.31044382584324237
42.09343753191603	0.4815363638725461	0.31015414661296553
42.10221577844246	0.4819856705872212	0.3098650211282022
42.110995855601324	0.48243495471721004	0.3095764486790662
42.119777763774394	0.48288421490420746	0.3092884285514024
42.128561503343505	0.48333344979584636	0.30900096002683786
42.13734707469057	0.483782658045707	0.30871404238282885
42.1461344781976	0.4842318383133259	0.3084276748927063
42.1549237142467	0.48468098926419956	0.30814185682572554
42.163714783220016	0.4851301095697877	0.30785658744711536
42.17250768549976	0.4855791979075213	0.3075718660181235
42.181302421468274	0.48602825296080815	0.30728769179606347
42.19009899150799	0.48647727341903696	0.3070040640343623
42.19889739600136	0.48704810367587575	0.3069143779209373
42.20769763533094	0.4876325356797284	0.3068475510410798
42.216499709879386	0.48821642303065793	0.30678116371299835
42.2253036200294	0.48879976621685484	0.30671521384631667
42.234109366163786	0.48938256573110356	0.30664969936093245
42.242916948665425	0.4899648220707087	0.3065846181869771
42.25172636791729	0.49054653573742374	0.3065199682647756
42.26053762430243	0.49112770723737625	0.3064557475448067
42.26935071820391	0.49170833708099954	0.30639195398766156
42.27816565000497	0.4922884257829679	0.3063285855640035
42.28698242008891	0.49286797386212383	0.30626564025452707
42.29580102883905	0.49344698184140745	0.30620311604991796
42.30462147663883	0.49402545024779276	0.3061410109508117
42.3134437638718	0.4946033796122258	0.3060793229677523
42.32226789092154	0.4951807704695481	0.3060180501211526
42.331093858171705	0.49575762335843926	0.3059571904412521
42.33992166600608	0.49633393882135296	0.30589674196807637
42.348751314808524	0.496909717404452	0.3058367027513959
42.357582804962924	0.4974849596575417	0.30577707085068534
42.366416136853275	0.4980596661340115	0.30571784433508187
42.37525131086367	0.49863383739077516	0.3056590212833441
42.384088327378315	0.4992074739882098	0.30560059978381077
42.39292718678135	0.4997805764900848	0.3055425779343605
42.40176788945715	0.5003531454635198	0.3054849538423691
42.41061043579013	0.5009251814789166	0.305427725624669
42.41945482616476	0.5014966851098986	0.30537089140750856
42.42830106096556	0.5020676569332562	0.3053144493265099
42.437149140577205	0.5026380975288939	0.3052583975266282
42.44599906538443	0.5032080074797707	0.30520273416210997
42.45485083577203	0.5037773873718404	0.3051474573964527
42.46370445212484	0.5043462377940024	0.3050925654023632
42.472559914827855	0.5049145593380472	0.30503805636171577
42.48141722426616	0.5054823525986031	0.3049839284655119
42.49027638082479	0.5060496181730733	0.30493017991383947
42.499137384888996	0.5066163566615994	0.30487680891583024
42.50800023684407	0.5069054815619036	0.30499043794438113
42.516864937075354	0.5070324661523452	0.3052014445125204
42.52573148596829	0.5071594186644467	0.3054123048275225
42.53459988390839	0.507286339053807	0.3056230190784294
42.54347013128131	0.5074132272762996	0.30583358745394484
42.55234222847268	0.5075400832880705	0.3060440101424328
42.56121617586828	0.5076669070455374	0.30625428733192006
42.57009197385398	0.5077936985053896	0.30646441921009765
42.578969622815684	0.5079204576245849	0.3066744059643186
42.58784912313938	0.5079882285264404	0.3067866364779128
42.59673047521116	0.5079882285264404	0.3067866364779129
42.60561367941724	0.5079882285264404	0.3067866364779129
42.61449873614383	0.5079882285264404	0.3067866364779129
42.62338564577723	0.5079882285264404	0.3067866364779129
42.63227440870389	0.5079882285264404	0.3067866364779129
42.64116502531031	0.5079882285264404	0.3067866364779129
42.65005749598303	0.5079882285264404	0.3067866364779129
42.658951821108694	0.5079882285264404	0.3067866364779129
42.66784800107406	0.5079882285264404	0.3067866364779129
42.67674603626594	0.5079882285264404	0.3067866364779129
42.685645927071185	0.5079882285264404	0.3067866364779129
42.694547673876805	0.5079882285264404	0.3067866364779129
42.703451277069874	0.5079882285264404	0.3067866364779129
42.71235673703749	0.5079882285264404	0.3067866364779129
42.72126405416685	0.5079882285264404	0.3067866364779129
42.730173228845295	0.5079882285264404	0.3067866364779129
42.73908426146019	0.5079882285264404	0.3067866364779129
42.747997152398995	0.5079882285264404	0.3067866364779129
42.756911902049225	0.5079882285264404	0.3067866364779129
42.76582851079853	0.5079882285264404	0.3067866364779129
42.77474697903459	0.5079882285264404	0.3067866364779128
42.78366730714518	0.5079882285264404	0.3067866364779128
42.792589495518165	0.5079882285264404	0.3067866364779129
42.80151354454152	0.5079882285264404	0.3067866364779128
42.81043945460324	0.5079882285264404	0.3067866364779128
42.81936722609142	0.5079882285264404	0.3067866364779129
42.82829685939426	0.5079882285264404	0.3067866364779129
42.83722835490004	0.5079882285264404	0.3067866364779129
42.846161712997095	0.5079882285264404	0.3067866364779129
42.855096934073835	0.5079882285264404	0.3067866364779129
42.8640340185188	0.5079882285264404	0.3067866364779129
42.87297296672057	0.5079882285264404	0.3067866364779129
42.88191377906779	0.5079882285264404	0.3067866364779129
42.89085645594924	0.5079882285264404	0.3067866364779129
42.89980099775376	0.5079882285264404	0.3067866364779129
42.90874740487026	0.5079882285264404	0.3067866364779129
42.91769567768772	0.5079882285264404	0.3067866364779129
42.926645816595205	0.5079882285264404	0.3067866364779129
42.935597821981915	0.5079882285264404	0.3067866364779129
42.944551694237084	0.5079882285264404	0.3067866364779129
42.953507433749984	0.5079882285264404	0.3067866364779128
42.962465040910075	0.5079882285264404	0.3067866364779129
42.971424516106815	0.5079882285264404	0.3067866364779129
42.980385859729736	0.5079882285264404	0.3067866364779129
42.98934907216852	0.5079882285264404	0.3067866364779128
42.99831415381292	0.5079882285264404	0.3067866364779129
43.00728110505269	0.5079882285264404	0.3067866364779129
43.01624992627772	0.5079882285264404	0.3067866364779129
43.02522061787803	0.5079882285264404	0.3067866364779129
43.03419318024364	0.5079882285264404	0.3067866364779129
43.04316761376469	0.5079882285264404	0.3067866364779129
43.05214391883136	0.5079882285264404	0.3067866364779128
43.061122095834	0.5079882285264404	0.3067866364779129
43.07010214516296	0.5079882285264404	0.3067866364779129
43.0790840672087	0.5079882285264404	0.3067866364779129
43.08806786236174	0.5079882285264404	0.3067866364779129
43.09705353101275	0.5079882285264404	0.3067866364779129
43.1060410735524	0.5079882285264404	0.3067866364779129
43.11503049037145	0.5079882285264404	0.3067866364779129
43.12402178186081	0.5079882285264404	0.3067866364779129
43.13301494841146	0.5079882285264404	0.3067866364779129
43.14200999041433	0.5079882285264404	0.3067866364779129
43.151006908260584	0.5079882285264404	0.3067866364779128
43.16000570234143	0.5079882285264404	0.3067866364779128
43.16900637304813	0.5079882285264404	0.3067866364779129
43.17800892077201	0.5079882285264404	0.3067866364779128
43.18701334590452	0.5079882285264404	0.3067866364779129
43.196019648837215	0.5079882285264404	0.3067866364779129
43.205027829961665	0.5079882285264404	0.3067866364779129
43.21403788966954	0.5079882285264404	0.3067866364779128
43.223049828352615	0.5079882285264404	0.3067866364779129
43.232063646402786	0.5079882285264404	0.3067866364779128
43.24107934421188	0.5079882285264404	0.3067866364779129
43.25009692217197	0.5079882285264404	0.3067866364779129
43.259116380675145	0.5079882285264404	0.3067866364779129
43.268137720113565	0.5079882285264404	0.3067866364779129
43.27716094087946	0.5079882285264404	0.3067866364779129
43.286186043365205	0.5079882285264404	0.3067866364779129
43.295213027963214	0.5079882285264404	0.3067866364779129
43.30424189506598	0.5079882285264404	0.3067866364779129
43.31327264506605	0.5079882285264404	0.3067866364779128
43.32230527835615	0.5079882285264404	0.3067866364779129
43.33133979532897	0.5079882285264404	0.3067866364779128
43.340376196377356	0.5079882285264404	0.3067866364779129
43.34941448189422	0.5079882285264404	0.3067866364779128
43.35845465227256	0.5079882285264404	0.3067866364779129
43.36749670790546	0.5079882285264404	0.3067866364779129
43.37654064918602	0.5079882285264404	0.3067866364779129
43.385586476507505	0.5079882285264404	0.3067866364779129
43.39463419026327	0.5079882285264404	0.3067866364779129
43.403683790846685	0.5079882285264404	0.3067866364779128
43.41273527865121	0.5079882285264404	0.3067866364779129
43.42178865407046	0.5079882285264404	0.3067866364779129
43.430843917498045	0.5079882285264404	0.3067866364779128
43.439901069327696	0.5079882285264404	0.3067866364779129
43.44896010995322	0.5079882285264404	0.3067866364779129
43.458021039768546	0.5079882285264404	0.3067866364779129
43.46708385916763	0.5079882285264404	0.3067866364779129
43.476148568544495	0.5079882285264404	0.3067866364779129
43.485215168293315	0.5079882285264404	0.3067866364779129
43.494283658808335	0.5079882285264404	0.3067866364779129
43.50335404048382	0.5079882285264404	0.3067866364779128
43.51242631371415	0.5079882285264404	0.3067866364779128
43.521500478893834	0.5079882285264404	0.3067866364779128
43.5305765364174	0.5079882285264404	0.3067866364779129
43.53965448667945	0.5079882285264404	0.3067866364779129
43.548734330074744	0.5079882285264404	0.3067866364779129
43.557816066998086	0.5079882285264404	0.3067866364779129
43.566899697844335	0.5079882285264404	0.3067866364779129
43.57598522300842	0.5079882285264404	0.3067866364779129
43.585072642885436	0.5079882285264404	0.3067866364779129
43.594161957870504	0.5079882285264404	0.3067866364779129
43.603253168358826	0.5079882285264404	0.3067866364779128
43.61234627474566	0.5079882285264404	0.3067866364779129
43.62144127742645	0.5079882285264404	0.3067866364779128
43.630538176796605	0.5079882285264404	0.3067866364779128
43.639636973251655	0.5079882285264404	0.3067866364779128
43.648737667187234	0.5079882285264404	0.3067866364779129
43.65784025899908	0.5079882285264404	0.3067866364779129
43.66694474908296	0.5079882285264404	0.3067866364779128
43.6760511378347	0.5079882285264404	0.3067866364779129
43.68515942565029	0.5079882285264404	0.3067866364779128
43.69426961292578	0.5079882285264404	0.3067866364779128
43.70338170005728	0.5079882285264404	0.3067866364779129
43.71249568744095	0.5079882285264404	0.3067866364779128
43.72161157547313	0.5079882285264404	0.3067866364779129
43.73072936455015	0.5079882285264404	0.3067866364779128
43.73984905506844	0.5079882285264404	0.3067866364779129
43.74897064742455	0.5079882285264404	0.3067866364779129
43.758094142015125	0.5079882285264404	0.3067866364779129
43.76721953923683	0.5079882285264404	0.3067866364779128
43.77634683948642	0.5079882285264404	0.3067866364779128
43.78547604316078	0.5079882285264404	0.3067866364779128
43.79460715065689	0.5079882285264404	0.3067866364779129
43.803740162371724	0.5079882285264404	0.3067866364779128
43.8128750787024	0.5079882285264404	0.3067866364779128
43.82201190004614	0.5079816119566308	0.3067756804019136
43.83115062680019	0.5078612311586527	0.3065763039016265
43.84029125936191	0.5077408701113024	0.3063768776872406
43.849433798128736	0.5076205288572654	0.30617740170909047
43.85857824349823	0.5075002074393381	0.3059778759174775
43.86772459586796	0.5073799059004291	0.30577830026267117
43.87687285563562	0.5072596242835583	0.30557867469490857
43.886023023198995	0.5071393626318571	0.3053789991643928
43.89517509895597	0.5070191209885686	0.3051792736212944
43.9043290833044	0.5068988993970505	0.3049794980157537
43.91348497664235	0.506778697900771	0.30477967229787634
43.92264277936796	0.5066585165433117	0.30457979641773575
43.93180249187939	0.5065383553683684	0.3043798703253741
43.94096411457488	0.5064182144197503	0.30417989397080164
43.95012764785281	0.5062980937413795	0.3039798673039955
43.959293092111636	0.5061779933772925	0.3037797902749003
43.96846044774986	0.5060579133716411	0.30357966283343063
43.97762971516607	0.5059378537686913	0.30337948492946853
43.98680089475895	0.5058178146128236	0.30317925651286354
43.995973986927346	0.5059440179233059	0.30283153022796044
44.00514899206999	0.5062505056200151	0.3023763144010377
44.01432591058588	0.5065573365638206	0.30192150149020114
44.02350474287405	0.5068645095909073	0.3014670923681228
44.03268548933359	0.5071720235339503	0.3010130879016415
44.04186815036365	0.5074798772221576	0.3005594889517424
44.05105272636353	0.5077880694813127	0.30010629637353503
44.060239217732594	0.5080965991338131	0.29965351101623955
44.06942762487025	0.5084054649987101	0.2992011337231698
44.07861794817602	0.5087146658917511	0.2987491653317148
44.087810188049524	0.5090242006254228	0.29829760667331906
44.09700434489043	0.5093340680089882	0.2978464585734714
44.1062004190985	0.5096442668485295	0.29739572185168706
44.11539841107359	0.5099547959469914	0.2969453973214893
44.12459832121566	0.510265654104221	0.2964954857903953
44.1338001499247	0.5105768401170075	0.2960459880599053
44.14300389760081	0.5108883527791258	0.2955969049254835
44.15220956464418	0.5112001908813787	0.2951482371765442
44.16141715145511	0.5115123532116381	0.2946999855964376
44.17062665843392	0.5118248385548849	0.2942521509624401
44.17983808598103	0.512137645693252	0.29380473404573876
44.189051434497	0.5124507734060695	0.293357735611414
44.19826670438242	0.512764220469901	0.292911156418435
44.20748389603794	0.5130779856585881	0.29246499721964453
44.21670300986436	0.5133920677432945	0.2920192587617441
44.225924046262556	0.5137064654925463	0.29157394178528495
44.23514700563344	0.5140211776722728	0.29112904702465947
44.244371888378005	0.5143362030458494	0.29068457520808927
44.2535986948974	0.5146515403741428	0.2902405270576104
44.262827425592796	0.5150623047688695	0.28996589076154583
44.27205808086548	0.5154914515118363	0.28972449409584583
44.281290661116756	0.515920494571005	0.28948355719845364
44.290525166748125	0.516349433121324	0.28924307924030956
44.29976159816108	0.5167782663426368	0.2890030593913888
44.30899995575721	0.5172069934196722	0.2887634968207283
44.31824023993823	0.5176356135420369	0.2885243906964514
44.327482451105915	0.5180641259041985	0.2882857401857974
44.336726589662135	0.518492529705474	0.28804754445514863
44.34597265600877	0.5189208241500174	0.2878098026700573
44.3552206505479	0.5193490084468119	0.28757251399526923
44.36447057368164	0.5197770818096532	0.28733567759475287
44.37372242581216	0.5202050434571356	0.2870992926317262
44.38297620734173	0.5206328926126422	0.2868633582686808
44.392231918672735	0.5210606285043345	0.28662787366740683
44.4014895602076	0.5214882503651334	0.28639283798902165
44.41074913234884	0.5219157574327087	0.28615825039399384
44.4200106354991	0.5223431489494703	0.2859241100421663
44.42927407006107	0.52277042416255	0.2856904160927838
44.43853943643752	0.5231975823237888	0.28545716770451773
44.4478067350313	0.5236246226897239	0.28522436403549023
44.457075966245384	0.5240515445215773	0.28499200424329757
44.466347130482816	0.5244783470852423	0.2847600874850347
44.47562022814668	0.5249050296512651	0.28452861291732157
44.48489525964018	0.5253315914948347	0.28429757969632496
44.49417222536663	0.5257580318957716	0.28406698697778116
44.50345112572938	0.5261843501385083	0.28383683391702214
44.51273196113185	0.5263681849506111	0.2837377035126344
44.522014731977606	0.5259421885577513	0.28396752199999736
44.5312994386703	0.5255162474760015	0.2841976831683407
44.540586081613604	0.5250903624580859	0.28442818737112424
44.5498746612113	0.5246645342594418	0.2846590349599417
44.55916517786727	0.5242387636382152	0.2848902262845045
44.5684576319855	0.5238130513552609	0.2851217616926223
44.577752023969985	0.523387398174147	0.2853536415301816
44.58704835422487	0.5229618048611422	0.285585866141134
44.59634662315439	0.5225362721852203	0.2858184358674734
44.60564683116282	0.5221108009180593	0.2860513510492177
44.61494897865451	0.5216853918340372	0.28628461202439154
44.62425306603396	0.5212600457102279	0.28651821912900843
44.63355909370572	0.5208347633264	0.2867521726970519
44.642867062074416	0.5204095454650185	0.28698647306045466
44.65217697154475	0.5199843929112369	0.2872211205490828
44.66148882252152	0.5195593064528956	0.2874561154907163
44.670802615409684	0.5191342868805179	0.2876914582110312
44.6801183506141	0.5187093349873149	0.2879271490335766
44.68943602853988	0.51828445156917	0.2881631882797621
44.69875564959217	0.517692328336855	0.2880990425830929
44.70807721417619	0.5170232380538983	0.28789769223145556
44.71740072269722	0.5163534639670895	0.2876963209272421
44.726726175560664	0.5156830036579199	0.28749492911104696
44.73605357317204	0.5150118546949675	0.2872935172290199
44.74538291593688	0.5143400146338095	0.28709208573293316
44.75471420426079	0.5136674810169282	0.28689063508024787
44.76404743854956	0.5129942513736134	0.2866891657341815
44.773382619208995	0.5123203232198796	0.28648767816377907
44.78271974664495	0.5116456940583677	0.2862861728439823
44.79205882126345	0.5109703613782455	0.2860846502556992
44.80139984347058	0.5102943226551193	0.2858831108858779
44.810742813672455	0.5096175753509381	0.2856815552275795
44.82008773227532	0.5089401169138943	0.28547998378005157
44.82943459968549	0.5082619447783238	0.2852783970488019
44.838783416309425	0.5075830563646087	0.2850767955456753
44.848134182553586	0.5069034490790839	0.2848751797889314
44.857486898824526	0.5062231203139328	0.28467355030332214
44.866841565528944	0.5055420674470793	0.28447190762016816
44.87619818307357	0.5048602878420997	0.2842702522774432
44.885556751865224	0.5041777788481121	0.2840685848198522
44.89491727231083	0.503494537799671	0.28386690579891405
44.90427974481742	0.5028105620166652	0.28366521577304415
44.91364416979205	0.5021258488042178	0.28346351530764174
44.92301054764188	0.5014403954525752	0.28326180497517306
44.93237887877419	0.5007541992369964	0.28306008535525756
44.941749163596334	0.5000672574176499	0.282858357034757
44.95112140251572	0.49937956723950666	0.28265662060786517
44.96049559593985	0.4986911259322296	0.28245487667619784
44.96987174427633	0.4980019307100543	0.282253125848882
44.97924984793285	0.4973119787716901	0.28205136874265235
44.98862990731715	0.4966212673002024	0.2818496059819437
44.998011922837094	0.49592979346289406	0.28164783819898503
45.00739589490064	0.49523755441119716	0.2814460660338978
45.01678182391579	0.49454454728055797	0.2812442901347945
45.02616971029064	0.493850769190319	0.28104251115787704
45.03555955443339	0.4931562172435987	0.28084072976753666
45.04495135675234	0.49259462103917206	0.280562757109217
45.054345117655835	0.4923374419595535	0.28011097221507886
45.0637408375523	0.49208032556553266	0.2796588042752822
45.073138516850314	0.49182327253557534	0.27920625245076935
45.08253815595845	0.4915662835526701	0.2787533159009666
45.091939755285416	0.4913093593043555	0.2782999937837878
45.10134331524	0.49105250048274734	0.27784628525564015
45.110748836231124	0.49098824975024413	0.2777327157408866
45.1201563186677	0.49098824975024413	0.2777327157408866
45.12956576295876	0.49098824975024413	0.2777327157408866
45.138977169513446	0.49098824975024413	0.27773271574088654
45.14839053874101	0.49098824975024413	0.2777327157408866
45.15780587105073	0.49098824975024413	0.2777327157408866
45.16722316685194	0.49098824975024413	0.2777327157408866
45.17664242655419	0.49098824975024413	0.2777327157408866
45.18606365056699	0.49098824975024413	0.2777327157408866
45.19548683929997	0.49098824975024413	0.2777327157408866
45.20491199316287	0.49098824975024413	0.2777327157408866
45.21433911256554	0.49098824975024413	0.27773271574088654
45.22376819791784	0.49098824975024413	0.27773271574088654
45.23319924962974	0.49098824975024413	0.2777327157408866
45.24263226811131	0.49098824975024413	0.2777327157408866
45.25206725377275	0.49098824975024413	0.2777327157408866
45.26150420702428	0.49098824975024413	0.2777327157408866
45.27094312827619	0.49098824975024413	0.2777327157408866
45.28038401793892	0.49098824975024413	0.27773271574088665
45.28982687642298	0.49098824975024413	0.2777327157408866
45.29927170413891	0.49098824975024413	0.2777327157408866
45.308718501497395	0.49098824975024413	0.2777327157408866
45.318167268909214	0.49098824975024413	0.2777327157408866
45.327618006785194	0.49098824975024413	0.2777327157408866
45.33707071553622	0.49098824975024413	0.27773271574088654
45.34652539557334	0.49098824975024413	0.27773271574088654
45.355982047307684	0.49098824975024413	0.27773271574088654
45.365440671150346	0.49098824975024413	0.2777327157408866
45.37490126751265	0.49098824975024413	0.2777327157408866
45.38436383680594	0.49098824975024413	0.2777327157408866
45.393828379441665	0.49098824975024413	0.2777327157408866
45.403294895831316	0.49098824975024413	0.2777327157408866
45.41276338638653	0.49098824975024413	0.2777327157408866
45.42223385151902	0.49098824975024413	0.2777327157408866
45.43170629164055	0.49098824975024413	0.2777327157408866
45.44118070716296	0.49098824975024413	0.2777327157408866
45.45065709849821	0.49098824975024413	0.2777327157408866
45.46013546605842	0.49098824975024413	0.2777327157408866
45.46961581025561	0.49098824975024413	0.2777327157408866
45.479098131502035	0.49098824975024413	0.2777327157408866
45.488582430210016	0.49098824975024413	0.2777327157408866
45.49806870679192	0.49098824975024413	0.2777327157408866
45.507556961660185	0.49098824975024413	0.2777327157408866
45.51704719522738	0.49098824975024413	0.2777327157408866
45.52653940790619	0.49098824975024413	0.27773271574088654
45.53603360010932	0.49098824975024413	0.2777327157408866
45.54552977224955	0.49098824975024413	0.2777327157408866
45.55502792473982	0.49098824975024413	0.2777327157408866
45.56452805799311	0.49098824975024413	0.2777327157408866
45.57403017242246	0.49098824975024413	0.2777327157408866
45.583534268441056	0.49098824975024413	0.2777327157408866
45.59304034646215	0.49066938804596083	0.2779132004608098
45.602548406899075	0.49018502719847906	0.2781878116093202
45.61205845016521	0.4897007551158288	0.2784629155161216
45.62157047667407	0.4892165731685273	0.2787385127139283
45.631084486839285	0.4887324827325311	0.27901460373082615
45.6406004810745	0.4882484851892276	0.279291189090224
45.65011845979347	0.48776458192542305	0.2795682693108073
45.659638423410065	0.48728077433332656	0.27984584490649317
45.669160372338204	0.486797063810547	0.280123916386378
45.67868430699188	0.48631345176007573	0.28040248425469294
45.68821022778524	0.48582993959027326	0.2806815490107562
45.69773813513249	0.4853465287148584	0.28096111114892447
45.70726802944788	0.4848632205528968	0.28124117115854375
45.71679991114577	0.4843800165287858	0.281521729523902
45.726333780640616	0.4838969180722371	0.2818027867241828
45.735869638347	0.48341392661826493	0.2820843432334159
45.745407484679504	0.48293104360717426	0.28236639952042675
45.75494732005283	0.48244827048454103	0.2826489560487904
45.76448914488183	0.48196560870119426	0.28293201327678486
45.77403295958135	0.4814830597132074	0.28321557165733746
45.78357876456633	0.48100062498187574	0.28349963163798014
45.793126560251885	0.48051830597369866	0.28378419366080065
45.80267634705315	0.48003610416036474	0.28406925816239287
45.812228125385346	0.4795540210187336	0.2843548255738075
45.82178189566377	0.4790720580308176	0.2846408963205031
45.831337658303845	0.478590216683759	0.28492747082229997
45.8408954137211	0.47810849846981274	0.2852145494933298
45.85045516233106	0.4776269048863303	0.2855021327419839
45.860016904549376	0.47714543743573484	0.2857902209708677
45.86958064079186	0.476664097625498	0.2860788145767527
45.87914637147433	0.47618288696812533	0.2863679139505236
45.88871409701266	0.4757018069811315	0.28665751947713075
45.8982838178229	0.4752208591870147	0.28694763153554376
45.90785553432117	0.474740045113236	0.2872382504987004
45.917429246923646	0.4742593662921995	0.2875293767334561
45.927004956046545	0.4737788242612257	0.28782101060053655
45.93658266210628	0.47329842056252447	0.28811315245449015
45.94616236551929	0.47281815674317357	0.28840580264363713
45.95574406670211	0.4723380343550945	0.2886989615100201
45.96532776607132	0.4718580549550257	0.28899262938935577
45.97491346404368	0.4713782201044914	0.28928680661098854
45.98450116103594	0.4708985313697838	0.2895814934978369
45.99409085746498	0.47041899032193074	0.2898766903663472
46.00368255374779	0.46993959853666556	0.2901723975264465
46.01327625030143	0.46946035759440286	0.2904686152814914
46.022871947543024	0.468936805916869	0.2906936229522868
46.032469645889776	0.4681482416632713	0.2904922827289708
46.04206934575903	0.46735864015004414	0.2902910516602567
46.0516710475682	0.46656799708957597	0.2900899315939107
46.06127475173476	0.46577630816898696	0.28988892440005587
46.07088045867626	0.4649835690499519	0.2896880319714658
46.0804881688104	0.46418977536852085	0.2894872562238626
46.09009788255492	0.463472472891952	0.2892381944498014
46.09970960032763	0.4631594105430455	0.28873628032268717
46.109323322546466	0.46284634842271816	0.2882338325877866
46.118939049629475	0.462533287285838	0.2877308496623946
46.128556781994725	0.46222022789461387	0.28722732995825584
46.138176520060384	0.46190717101866086	0.28672327188155206
46.14779826424474	0.46159411743506634	0.28621867383288924
46.15742201496622	0.4612810679284575	0.28571353420728646
46.167047772643144	0.46096802329107617	0.2852078513941756
46.17667553769412	0.46065498432283764	0.2847016237773747
46.18630531053778	0.4603419518314063	0.2841948497350873
46.195937091592825	0.460028926632266	0.2836875276398925
46.205570881278	0.4597159095487901	0.28317965585873467
46.21520668001224	0.459402901412311	0.2826712327529095
46.22484448821453	0.4590899030621933	0.2821622566780576
46.23448430630389	0.45877691534590986	0.28165272598415964
46.24412613469947	0.4584639391191119	0.281142639015523
46.253769973820525	0.45815097524570125	0.2806319941107699
46.263415824086366	0.45783802459791073	0.28012078960283754
46.27306368591637	0.45752508805637637	0.2796090238189658
46.28271355973007	0.45721216651021224	0.2790966950806871
46.292365445947055	0.4568992608570886	0.278583801703821
46.302019344986974	0.45658637200331137	0.27807034199847036
46.31167525726958	0.4562735008638989	0.2775563142690117
46.32133318321471	0.455960648362659	0.2770417168140862
46.33099312324236	0.4556478154322697	0.2765265479265955
46.340655077772496	0.4553350030143622	0.2760108058936991
46.35031904722522	0.45502221205959953	0.2754944889968058
46.35998503202075	0.45470944352775644	0.27497759551156514
46.36965303257939	0.45439669838780616	0.2744601237078693
46.37932304932145	0.45408397761800184	0.2739420718498457
46.38899508266742	0.4537712822059588	0.2734234381958503
46.39866913303788	0.45345861314874003	0.27290422099846434
46.40834520085343	0.45314597145294483	0.2723844185044972
46.418023286534776	0.45298798763114617	0.2721215113476247
46.42770339050275	0.45286090267689366	0.2719099063537976
46.437385513178256	0.45273383829256103	0.2716982302760083
46.447069654982286	0.45260679454503056	0.2714864830306061
46.456755816335864	0.45247977150140156	0.27127466453386423
46.46644399766022	0.45235276922898915	0.27106277470197776
46.47613419937656	0.4522257877953277	0.27085081345106715
46.4858264219062	0.45209882726816986	0.27063878069717673
46.4955206656706	0.451971887715487	0.27042667635627365
46.50521693109128	0.45184496920547046	0.27021450034424976
46.51491521858982	0.45171807180653273	0.27000225257692184
46.524615528587894	0.45159119558730765	0.2697899329700312
46.534317861507304	0.45146434061665025	0.26957754143924306
46.544022217769914	0.45133750696363845	0.26936507790014724
46.55372859779769	0.4512106946975739	0.2691525422682595
46.563437002012606	0.4510839038879825	0.26893993445902126
46.57314743083686	0.45095713460461356	0.2687272543877967
46.58285988469265	0.45083038691744326	0.26851450196987803
46.59257436400224	0.4507036608966735	0.26830167712048264
46.602290869188046	0.4505769566127324	0.2680887797547524
46.6120094006726	0.4504502741362755	0.26787580978775555
46.62172995887842	0.4503236135381875	0.26766276713448744
46.63145254422813	0.45019697488958166	0.26744965170986973
46.64117715714452	0.4500703582618003	0.2672364634287494
46.65090379805044	0.4499437637264162	0.2670232022059002
46.660632467368785	0.4497416470069306	0.2668546847474631
46.67036316552255	0.4491608336113297	0.2669109244177831
46.68009589293485	0.4485796553440429	0.266967587172854
46.689830650028895	0.4479981120354863	0.26702467488618914
46.69956743722789	0.4474162035216091	0.26708218943990647
46.70930625495524	0.4468339296439606	0.2671401327247552
46.71904710363442	0.4462512902497687	0.2671985066401403
46.72878998368895	0.44566828519201734	0.26725731309414746
46.73853489554241	0.4450849143295201	0.2673165540035681
46.74828183961856	0.44450117752699086	0.2673762312939243
46.758030816341225	0.4439170746551272	0.2674363468994924
46.767781826134275	0.44333260559068827	0.26749690276332716
46.77753486942166	0.442747770216572	0.2675579008372852
46.7872899466275	0.44216256842188884	0.2676193430820493
46.79704705817592	0.4415770001020515	0.2676812314671501
46.80680620449115	0.44099106515885056	0.2677435679709894
46.81656738599755	0.4404047635005338	0.26780635458086305
46.826330603119565	0.4398180950418905	0.2678695932929824
46.83609585628167	0.43923105970433846	0.2679332861124959
46.84586314590846	0.43864365741600314	0.26799743505351076
46.85563247242463	0.43805588811180224	0.26806204213911417
46.86540383625503	0.4374677517335295	0.2681271094013936
46.8751772378244	0.43687924822995367	0.26819263888145617
46.88495267755776	0.43629037755688616	0.2682586326294504
46.894730155880175	0.4357011396772805	0.26832509270458405
46.904509673216744	0.4353366777563304	0.2687568650696959
46.91429122999266	0.43503109408624874	0.2692833546048525
46.92407482663327	0.4347262108088671	0.269810079160394
46.933860463564	0.43442202866935214	0.2703370362345141
46.94364814121029	0.4341185483976738	0.27086422332199167
46.9534378599977	0.43381577070858324	0.27139163791432563
46.96322962035192	0.433513696301595	0.27191927749986455
46.973023422698745	0.4332123258609721	0.2724471395639334
46.98281926746393	0.4329116600557159	0.27297522158895565
46.992617155073454	0.43261169953954476	0.27350352105459563
47.00241708595334	0.4323124449508878	0.2740320354378786
47.012219060529695	0.43201389691287395	0.2745607622133201
47.02202307922867	0.43171605603332325	0.27508969885305495
47.03182914247659	0.4314189229047364	0.275618842826971
47.04163725069986	0.43112249810429065	0.27614819160283405
47.05144740432489	0.4308267821938372	0.2766777426464133
47.06125960377823	0.43053177571989426	0.2772074934216151
47.07107384948656	0.4302374792136454	0.2777374413906122
47.080890141876594	0.42994389319094095	0.2782675840139673
47.09070848137513	0.4296510181522977	0.27879791875076326
47.10052886840908	0.42935885458289996	0.27932844305873356
47.1103513034055	0.4290674029526026	0.2798591543943899
47.12017578679141	0.42877666371593925	0.2803900502131446
47.13000231899398	0.4284866373121256	0.2809211279694426
47.139830900440515	0.42819732416506606	0.2814523851168902
47.14966153155837	0.42790872468336366	0.28198381910838033
47.15949421277497	0.4276208392603321	0.2825154273962154
47.16932894451783	0.4273336682740047	0.28304720743223855
47.179165727214595	0.4270472120871464	0.2835791566679611
47.18900456129298	0.4267614710472711	0.28411127255468266
47.19884544718074	0.42647644548665514	0.28464355254361956
47.208688385305805	0.42619213572235276	0.2851759940860329
47.21853337609615	0.42590854205621564	0.2857085946333503
47.22838041997985	0.42562566477491276	0.286241351637289
47.238229517385015	0.4253435041499509	0.2867742625499803
47.24808066873992	0.4250620066079417	0.2873073612086299
47.25793387447292	0.42478115173644465	0.287840659336821
47.267789135012414	0.42450101450892785	0.28837410399190405
47.27764645078691	0.42422159513762636	0.2889076926273237
47.287505822225036	0.4239428938197186	0.2894414226975496
47.297367249755474	0.4236649107373571	0.2899752916581929
47.307230733806975	0.4233876460576974	0.29050929696612776
47.31709627480843	0.42311109993292595	0.29104343607961647
47.32696387318883	0.4228352725002937	0.29157770645842596
47.33683352937721	0.4225536232481051	0.29210264400890484
47.34670524380267	0.42226290601629346	0.29261363138237095
47.35657901689445	0.42197286138996115	0.2931247909613664
47.366454849081926	0.4216834897325539	0.2936361204156691
47.37633274079446	0.4213947913939615	0.2941476174147145
47.386212692461534	0.42110676671052827	0.2946592796277081
47.396094704512784	0.4208194160050636	0.2951711047237377
47.40597877737785	0.4205327395868615	0.2956830903718726
47.41586491148649	0.4202467377517133	0.29619523424127614
47.42575310726856	0.4199614107819236	0.296707534001314
47.43564336515407	0.41967675894632855	0.2972199873216603
47.445535685572985	0.4193927825003171	0.2977325918723992
47.45543006895542	0.41910948168584805	0.29824534532413605
47.46532651573164	0.41882685673147035	0.29875824534810447
47.475225026331955	0.41854490785234666	0.2992712896162687
47.485125601186716	0.41826363525027704	0.2997844758014269
47.495028240726405	0.41798303911372137	0.3002978015773186
47.50493294538165	0.4177031196178229	0.3008112646187316
47.51483971558307	0.4174238769244383	0.3013248626015987
47.5247485517614	0.41714531118216225	0.3018385932031042
47.53465945434751	0.4168674225263543	0.30235245410179024
47.54457242377236	0.4165902110791687	0.3028664429776563
47.55448746046693	0.416313676949587	0.30338055751225756
47.56440456486234	0.41603782023344615	0.30389479538881026
47.5743237373898	0.41576264101347005	0.3044091542922943
47.58424497848061	0.41548813935930357	0.3049236319095504
47.59416828856615	0.4152143153275471	0.3054382259293799
47.604093668077866	0.4149411689617913	0.30595293404264295
47.614021117447365	0.4146687002926491	0.30646775394236475
47.623950637106276	0.41439690933779777	0.3069826833238234
47.633882227486296	0.4141257961020139	0.3074977198846526
47.643815889019315	0.4138553605772098	0.3080128613249418
47.653751622137264	0.41358560274247597	0.308528105347328
47.663689427272125	0.41331652256412044	0.3090434496570919
47.67362930485599	0.41304811999571	0.30955889196225417
47.68357125532106	0.41278039497811075	0.31007442997367196
47.693515279099685	0.4125133474395308	0.3105900614051338
47.703461376624126	0.4122469772955694	0.3111057839734418
47.7134095483269	0.4119812844492529	0.3116215953985221
47.72335979464058	0.4117162687910851	0.31213749340350605
47.7333121159978	0.4114519301990936	0.31265347571482177
47.74326651283124	0.4111882685388764	0.31316954006228614
47.75322298557377	0.41092528366364683	0.31368568417919984
47.76318153465833	0.41066297541428476	0.314201905802432
47.77314216051789	0.41040134361938674	0.31471820267250694
47.78310486358553	0.4101403880953144	0.31523457253369636
47.79306964429445	0.40988010864624447	0.31575101313410725
47.80303650307798	0.409620505064221	0.31626752222576837
47.81300544036939	0.4093615771292118	0.31678409756470743
47.82297645660218	0.4091033246091543	0.317300736911051
47.83294955220991	0.4087647842763611	0.3177132791170103
47.84292472762621	0.4083540819794023	0.3180328193867565
47.85290198328479	0.40762967885655366	0.3185979989590055
47.86288131961946	0.406884710168263	0.3191813227542849
47.87286273706418	0.4061406103174854	0.31976610243058173
47.88284623605291	0.40539738816623594	0.32035233524184903
47.89283181701973	0.40465505256886725	0.3209400183577289
47.90281948039886	0.4039136123709899	0.3215291488634356
47.91280922662453	0.40317307640840433	0.32211972375964143
47.92280105613112	0.40243345350600923	0.32271173996239544
47.93279496935306	0.4016947524767104	0.32330519430305393
47.942790966724935	0.40095698212032904	0.323900083528226
47.952789048681346	0.4002201512225085	0.32449640429973453
47.96278921565701	0.3994842685536055	0.3250941531946036
47.97279146808674	0.3987493428675869	0.32569332670505763
47.98279580640549	0.39801538290091765	0.3262939212385416
47.99280223104822	0.39728239737145976	0.32689593311774984
48.00281074244999	0.3965503949773493	0.32749935858068707
48.01282134104603	0.3958193843958797	0.32810419378074274
48.022834027271564	0.39508937428239094	0.32871043478677603
48.032848801561954	0.3943603732691477	0.3293180775832281
48.042865664352654	0.39363238996421485	0.3299271180702546
48.05288461607924	0.3929054329503411	0.33053755206386803
48.06290565717731	0.39217951078383995	0.33114937529610333
48.072928788082564	0.3914546319934677	0.33176258341520204
48.082954009230846	0.3907308050792968	0.33237717198582173
48.09298132105807	0.39000803851160265	0.33299313648925327
48.10301072400023	0.38928634072974705	0.33361047232365965
48.11304221849334	0.38856572014106017	0.33422917480433834
48.12307580497367	0.3878461851197173	0.33484923916400716
48.13311148387746	0.38712774400564076	0.33547066055309044
48.14314925564101	0.3864104051033839	0.3360934340400418
48.15318912070083	0.3856941766810209	0.3367175546116836
48.163231079493464	0.3849790669690488	0.3373430171735576
48.17327513245552	0.3842650841592917	0.33796981655029634
48.1833212800237	0.38355223640380365	0.3385979474860184
48.19336952263483	0.38284053181377437	0.33922740464474344
48.20341986072587	0.38212997845845026	0.3398581826108182
48.21347229473376	0.381420584364058	0.3404902758893626
48.22352682509558	0.38071235751272825	0.3411236789067403
48.233583452248546	0.38000530584142417	0.3417583860110485
48.2436421766299	0.37929943724089177	0.3423943914726138
48.253702998676985	0.3785947595546016	0.34303168948451834
48.26376591882727	0.3778912805777005	0.3436702741631443
48.27383093751834	0.3771890080559774	0.3443101395487284
48.28389805518779	0.37648794968483723	0.3449512796059364
48.293967272273306	0.3757881131082774	0.3455936882244597
48.30403858921275	0.37508950591787193	0.34623735921963067
48.31411200644406	0.3743921356517725	0.3468822863330494
48.32418752440518	0.3736960097937203	0.3475284632332255
48.33426514353421	0.3730011357720577	0.3481758835162476
48.34434486426936	0.37240191279699164	0.3489252852567169
48.354426687048885	0.371881743936522	0.34975787470984576
48.36451061231113	0.3713634490022257	0.35059095554077807
48.37459664049456	0.3708470285793556	0.3514245166412618
48.384684772037744	0.3703324831475202	0.3522585469216036
48.39477500737932	0.3698198130812598	0.3530930353119935
48.40486734695799	0.36930901865063803	0.3539279707638202
48.41496179121258	0.3688001000218517	0.35476334225097617
48.42505834058206	0.3682930572578643	0.3555991387711367
48.43515699550536	0.3677878903190662	0.3564353493470123
48.44525775642159	0.36728459906392924	0.3572719630276224
48.455360623769984	0.3667831832497024	0.35810896888951477
48.465465597989784	0.36628364253311757	0.3589463560379814
48.475572679520354	0.3657859764711104	0.35978411360825846
48.48568186880116	0.36529018452155415	0.3606222307667159
48.495793166271795	0.3647962660440187	0.3614606967120148
48.50590657237188	0.36430422030054305	0.3622995006762493
48.516022087541124	0.36381404645641663	0.3631386319260825
48.52613971221937	0.3636517653984082	0.3636517653984106
48.53625944684662	0.3638272271694376	0.36382722716944005
48.54638129186275	0.3640025678048043	0.3640025678048067
48.55650524770795	0.3641777874870971	0.36417778748709956
48.56663131482241	0.364352886398431	0.3643528863984335
48.57675949364641	0.3645278647204485	0.3645278647204509
48.586889784620304	0.36470272263432196	0.36470272263432435
48.59702218818458	0.36487746032075674	0.3648774603207592
48.60715670477986	0.36505207795999167	0.36505207795999406
48.617293334846714	0.36522657573179945	0.3652265757318019
48.62743207882591	0.3654009538154905	0.3654009538154929
48.63757293715834	0.3655752123899146	0.365575212389917
48.64771591028487	0.3657493516334606	0.36574935163346306
48.65786099864654	0.3659233717240597	0.36592337172406214
48.668008202684476	0.36609727283918714	0.36609727283918964
48.6781575228399	0.36627105515586383	0.3662710551558663
48.68830895955411	0.36644471885065655	0.366444718850659
48.69846251326844	0.3666182640996809	0.36661826409968334
48.70861818442442	0.36679169107860343	0.3667916910786058
48.71877597346364	0.3669649999626426	0.36696499996264503
48.728935880827756	0.36713819092656963	0.36713819092657207
48.7390979069585	0.36731126414471094	0.3673112641447133
48.74926205229776	0.3674842197909504	0.36748421979095286
48.759428317287465	0.36765705803872983	0.3676570580387322
48.76959670236962	0.36782977906105	0.36782977906105246
48.77976720798639	0.368002383030475	0.36800238303047744
48.789939834580004	0.3681748701191312	0.36817487011913363
48.80011458259276	0.3683472404987093	0.3683472404987117
48.81029145246704	0.3685194943404659	0.36851949434046827
48.820470444645366	0.3686916318152264	0.3686916318152288
48.83065155957034	0.3688636530933855	0.36886365309338787
48.84083479768464	0.3690355583449078	0.3690355583449102
48.85102015943098	0.3692073477393305	0.36920734773933295
48.86120764525232	0.36927428830071435	0.3692742883007168
48.87139725559157	0.36927428830071435	0.3692742883007168
48.88158899089175	0.36927428830071435	0.36927428830071674
48.891782851596034	0.36927428830071435	0.3692742883007168
48.9019788381477	0.36927428830071435	0.3692742883007168
48.91217695099003	0.36927428830071435	0.3692742883007168
48.92237719056642	0.36927428830071435	0.3692742883007168
48.93257955732042	0.36927428830071435	0.3692742883007168
48.94278405169565	0.36927428830071435	0.3692742883007168
48.95299067413579	0.36927428830071435	0.3692742883007168
48.96319942508461	0.36927428830071435	0.36927428830071674
48.97341030498603	0.36927428830071435	0.3692742883007168
48.983623314284024	0.36927428830071435	0.3692742883007168
48.99383845342261	0.36927428830071435	0.3692742883007168
49.00405572284599	0.36927428830071435	0.36927428830071674
49.01427512299844	0.36927428830071435	0.3692742883007168
49.02449665432426	0.36927428830071435	0.3692742883007168
49.0347203172679	0.36927428830071435	0.36927428830071674
49.0449461122739	0.36927428830071435	0.3692742883007168
49.05517403978689	0.3692742883007144	0.3692742883007168
49.0654041002516	0.36927428830071435	0.3692742883007168
49.07563629411278	0.36927428830071435	0.3692742883007168
49.085870621815396	0.36927428830071435	0.3692742883007168
49.096107083804434	0.36927428830071435	0.3692742883007168
49.10634568052494	0.36927428830071435	0.3692742883007168
49.116586412422116	0.36927428830071435	0.3692742883007168
49.12682927994128	0.36927428830071435	0.3692742883007168
49.13707428352775	0.36927428830071435	0.3692742883007168
49.14732142362699	0.36927428830071435	0.3692742883007168
49.157570700684545	0.36927428830071435	0.36927428830071674
49.16782211514611	0.36927428830071435	0.3692742883007168
49.17807566745738	0.36927428830071435	0.3692742883007168
49.188331358064175	0.36927428830071435	0.3692742883007168
49.198589187412466	0.36927428830071435	0.3692742883007168
49.208849155948236	0.36927428830071435	0.36927428830071674
49.219111264117586	0.36927428830071435	0.3692742883007168
49.22937551236674	0.36927428830071435	0.3692742883007168
49.239641901142015	0.36927428830071435	0.3692742883007168
49.24991043088976	0.36927428830071435	0.36927428830071674
49.26018110205646	0.36927428830071435	0.3692742883007168
49.2704539150887	0.36927428830071435	0.3692742883007168
49.28072887043321	0.36927428830071435	0.3692742883007168
49.291005968536645	0.36927428830071435	0.3692742883007168
49.30128520984591	0.36927428830071435	0.3692742883007168
49.31156659480798	0.36927428830071435	0.3692742883007168
49.321850123869865	0.36927428830071435	0.3692742883007168
49.33213579747868	0.36927428830071435	0.3692742883007168
49.34242361608167	0.36927428830071435	0.3692742883007168
49.3527135801262	0.36927428830071435	0.36927428830071674
49.363005690059644	0.36927428830071435	0.3692742883007168
49.37329994632949	0.36927428830071435	0.3692742883007168
49.38359634938337	0.36927428830071435	0.3692742883007168
49.393894899669014	0.3695037981640724	0.3695037981640748
49.404195597634114	0.3699351373935956	0.369935137393598
49.4144984437266	0.37036588449638064	0.3703658844963831
49.42480343839449	0.3707960415547144	0.3707960415547168
49.43511058208581	0.3712256106384058	0.3712256106384082
49.4454198752487	0.3716545938048937	0.37165459380489607
49.45573131833143	0.37208299309935156	0.37208299309935394
49.46604491178239	0.37251081055479046	0.3725108105547929
49.47636065605	0.3729380481921561	0.3729380481921585
49.486678551582756	0.3733647080204331	0.3733647080204354
49.49699859882934	0.37379079203674614	0.3737907920367485
49.50732079823845	0.3742163022264545	0.37421630222645685
49.51764515025888	0.37464124056324966	0.3746412405632521
49.527971655339556	0.3750656090092558	0.3750656090092581
49.53830031392951	0.37548940951512216	0.37548940951512455
49.54863112647783	0.37591264402011526	0.37591264402011765
49.55896409343367	0.37633531445221496	0.3763353144522173
49.56929921524633	0.3767574227282074	0.3767574227282098
49.57963649236522	0.3771789707537757	0.3771789707537781
49.58997592523979	0.3775999604235882	0.3775999604235905
49.600317514319585	0.3780203936213888	0.37802039362139117
49.61066126005429	0.37844027222008947	0.3784402722200918
49.62100716289367	0.37885959808185177	0.37885959808185415
49.63135522328752	0.37927837305817547	0.37927837305817785
49.64170544168581	0.37969659898998864	0.379696598989991
49.65205781853861	0.3801142777077279	0.3801142777077302
49.662412354296	0.38053141103142174	0.38053141103142407
49.67276904940821	0.380948000770776	0.3809480007707783
49.68312790432556	0.3813640487252573	0.38136404872525964
49.693488919498485	0.38177955668417285	0.3817795566841752
49.70385209537747	0.3821945264267498	0.38219452642675206
49.71421743241308	0.382608959722215	0.3826089597222173
49.724584931056064	0.38302285832988	0.3830228583298823
49.73495459175718	0.38343622399921024	0.3834362239992125
49.74532641496728	0.3838490584699074	0.3838490584699097
49.755700401137375	0.3842613634719872	0.3842613634719895
49.766076550718545	0.38467314072585346	0.38467314072585573
49.77645486416194	0.38508439194237126	0.3850843919423736
49.78683534191877	0.38549511882294263	0.3854951188229449
49.797217984440415	0.38590532305958325	0.38590532305958547
49.80760279217837	0.3861811630446466	0.38644889601296356
49.81798976558412	0.3861068795263555	0.3870436169060236
49.82837890510928	0.3859521412371379	0.38755717881833474
49.83877021120564	0.385797949990363	0.3880705276780459
49.84916368432498	0.38564430446274583	0.38858366239398595
49.85955932491918	0.38549120332966785	0.3890965818834506
49.8699571334403	0.3853386452652315	0.3896092850721815
49.88035711034047	0.3851866289423166	0.3901217708943417
49.89075925607184	0.3850351530326355	0.3906340382924887
49.9011635710867	0.3848842162067869	0.39114608621755526
49.91157005583743	0.3847338171343095	0.39165791362882507
49.92197871077657	0.38458395448373467	0.39216951949391027
49.93238953635665	0.38443462692264213	0.3926809027887208
49.942802533030324	0.38428583311771086	0.39319206249744365
49.953217701250395	0.38413757173477	0.3937029976125222
49.963635041469715	0.38398984143885295	0.39421370713462295
49.9740545541412	0.38384264089424824	0.3947241900726127
49.984476239717914	0.38369596876454876	0.3952344454435369
49.994900098653034	0.38354982371270313	0.39574447227259
50.005326131399784	0.3834042044010666	0.39625426959308785
50.01575433841144	0.38325910949145	0.39676383644644103
50.02618472014148	0.38311453764516795	0.39727317188213396
50.036617277043426	0.38297048752308804	0.3977822749576924
50.04705200957089	0.38282695778568004	0.39829114473865596
50.05748891817754	0.38268394709306325	0.3987997802985509
50.067928003317235	0.38254145410505247	0.399308180718868
50.07836926544386	0.3823994774812068	0.3998163450890265
50.08881270501137	0.38225801588087593	0.40032427250634856
50.099258322473865	0.38211706796324474	0.4008319620760353
50.10970611828557	0.38197663238738	0.4013394129111345
50.12015609290075	0.38183670781227613	0.40184662413250993
50.13060824677372	0.3816972928968995	0.4023535948688139
50.141062580359	0.3815583863002321	0.402860324256462
50.15151909411118	0.38141998668131555	0.4033668114396011
50.16197778848482	0.38128209269929725	0.40387305557007214
50.172438663934734	0.381144703013469	0.4043790558073959
50.18290172091577	0.38100781628331265	0.4048848113187321
50.19336695988289	0.3808714311685423	0.40539032127885066
50.203834381291045	0.38073554632914514	0.4058955848701031
50.21430398559542	0.3806001604254227	0.40640060128239414
50.22477577325128	0.38046527211803244	0.4069053697131496
50.2352497447139	0.38033088006802834	0.4074098893672828
50.245725900438664	0.38019698293690124	0.40791415945716636
50.256204240881125	0.38006357938661733	0.408418179202604
50.266684766496944	0.37993066807965753	0.4089219478307985
50.27716747774168	0.37979824767905956	0.4094254645763108
50.28765237507122	0.3796663168484517	0.409928728681045
50.29813945894148	0.37953487425209337	0.4104317393942077
50.3086287298084	0.37947505531082104	0.41100017538720707
50.319120188128025	0.37949186950672276	0.411638352686502
50.32961383435658	0.3795091437723799	0.41227583679434426
50.340109668950355	0.37952687537230634	0.4129126284917256
50.35060769236569	0.3795450615861932	0.4135487285663224
50.361107905059036	0.37956369970884773	0.41418413781237645
50.371610307486954	0.3795827870501315	0.4148188570305802
50.38211490010611	0.37960232093489876	0.41545288702795063
50.39262168337323	0.3796222987029343	0.41608622861771444
50.40313065774515	0.3796427177088908	0.41671888261919726
50.41364182367885	0.37966357532222655	0.4173508498577065
50.424155181631335	0.3796848689271421	0.41798213116441335
50.43467073205973	0.37970659592251765	0.41861272737624755
50.44518847542123	0.37972875372184933	0.4192426393357868
50.45570841217324	0.3797513397531859	0.4198718678911472
50.46623054277311	0.37977435145906513	0.4205004138958715
50.47675486767832	0.37998429948835893	0.4209215697225064
50.48728138734656	0.3803091374843544	0.4212148383593503
50.49781010223547	0.38063363582710574	0.42150784657342
50.50834101280284	0.3809577953715326	0.42180059489566696
50.51887411950658	0.38128161696891766	0.42209308385524685
50.52940942280469	0.3816051014669266	0.42238531397952667
50.53994692315525	0.3819282497096287	0.422677285794092
50.5504866210164	0.38225106253751806	0.42296899982275477
50.56102851684643	0.3825735407875379	0.42326045658756495
50.571572611103754	0.38289568529309903	0.42355165660881555
50.5821189042468	0.383217496884099	0.42384260040504945
50.59266739673411	0.38353897638694484	0.42413328849306964
50.603218089024374	0.38386012462457564	0.42442372138794826
50.613770981576316	0.3841809424164776	0.4247138996030303
50.624326074848774	0.38450143057870784	0.4250038236499443
50.634883369300724	0.3848215899239145	0.42529349403861033
50.645442865391196	0.38514142126135587	0.4255829112772471
50.65600456357934	0.385460925396919	0.4258720758723788
50.666568464324314	0.3857801031331391	0.4261609883288421
50.67713456808551	0.3860989552692227	0.4264496491497973
50.68770287532235	0.3864174826010638	0.4267380588367335
50.69827338649434	0.3867356859212621	0.42702621788947465
50.70884610206106	0.3870535660191432	0.4273141268061884
50.719421022482265	0.3873711236807804	0.4276017860833962
50.72999814821774	0.38768835968900844	0.427889196215976
50.74057747972737	0.38800527482344405	0.42817635769717177
50.75115901747115	0.38832186986050593	0.42846327101860165
50.76174276190923	0.38863814557343257	0.4287499366702654
50.77232871350176	0.388954102732298	0.4290363551405487
50.782916872708974	0.3892697421040309	0.429322526916232
50.793507239991314	0.38958506445243546	0.4296084524824998
50.80409981580928	0.38990007053820647	0.42989413232294577
50.81469460062338	0.3902147611189458	0.4301795669195783
50.8252915948943	0.3905291369491815	0.4304647567528294
50.83589079908284	0.3908431987803879	0.43074970230156373
50.84649221364983	0.3911569473609971	0.4310344040430808
50.85709583905621	0.39145909364934994	0.43130861572749796
50.867701675763044	0.39161390001866225	0.43144912410135544
50.878309724231514	0.3917686139986395	0.43158955839363744
50.888919984922836	0.39192323570254567	0.4317299186801317
50.89953245829834	0.39207776524340926	0.4318702050364969
50.910147144819476	0.39223220273402387	0.4320104175382631
50.92076404494783	0.3923865482869495	0.4321505562608321
50.93138315914494	0.39254080201450997	0.43229062127947526
50.942004487872566	0.39269496402879794	0.43243061266933785
50.95262803159257	0.3928490344416735	0.4325705305054369
50.963253790766835	0.39300301336476423	0.4327103748626615
50.973881765857364	0.39315690090946653	0.4328501458157732
50.98451195732628	0.39331069718694744	0.43298984343940755
50.99514436563583	0.3934644023081437	0.4331294678080733
51.00577899124827	0.3936180163837629	0.43326901899615233
51.016415834626	0.3937715395242839	0.4334084970779007
51.027054896231526	0.3939249718399584	0.43354790212744887
51.03769617652751	0.39407831344081184	0.4336872342188029
51.04833967597651	0.3942315644366407	0.4338264934258409
51.058985395041404	0.3943847249370181	0.43396567982231893
51.06963333418507	0.3945377950512918	0.43410479348186776
51.08028349387047	0.39469077488858384	0.43424383447799325
51.09093587456065	0.3948436645577932	0.43438280288407727
51.10159047671882	0.3949964641675959	0.4345216987733787
51.11224730080827	0.3951491738264458	0.43466052221903323
51.122906347292336	0.3953017936425742	0.43479927329405266
51.13356761663445	0.3954543237239907	0.4349379520713258
51.14423110929824	0.3956067641784861	0.4350765586236201
51.15489682574732	0.3957591151136296	0.4352150930235797
51.16556476644542	0.3956051100386708	0.4356905940952059
51.17623493185643	0.39543800467202994	0.4361808512500988
51.186907322444306	0.3952713822781565	0.4366709255132099
51.19758193867307	0.3951052418094584	0.4371608160283857
51.20825878100682	0.39493958221750586	0.4376505219455001
51.218937849909835	0.39477440245306633	0.43814004242044
51.22961914584647	0.39460970146614	0.4386293766150869
51.24030266928114	0.3944454782059948	0.43911852369729987
51.250988420678325	0.39428173162120056	0.43960748284089957
51.26167640050272	0.39411846065966105	0.44009625322565893
51.27236660921901	0.39395566426865086	0.4405848340372761
51.28305904729198	0.3937933413948475	0.44107322446736336
51.293753715186575	0.3936314909843636	0.441561423713433
51.30445061336785	0.39347011198278137	0.4420494309788768
51.31514974230086	0.39330920333518526	0.44253724547294726
51.3258511024508	0.3931487639861945	0.44302486641074346
51.33655469428299	0.3929887928799942	0.44351229301319434
51.347260518262864	0.392829288960368	0.44399952450704083
51.35796857485589	0.39267025117073084	0.44448656012481447
51.36867886452763	0.39251167845415924	0.44497339910482303
51.379391387743816	0.392353569753422	0.44546004069113515
51.39010614497025	0.39219592401101294	0.4459464841335561
51.40082313667275	0.3920387401691806	0.4464327286876127
51.41154236331734	0.3918820171699581	0.44691877361453725
51.42226382537013	0.3917257539551933	0.44740461818124827
51.43298752329725	0.39165863575526993	0.447967798091084
51.44371345756497	0.39169445587847096	0.44862002511961363
51.45444162863967	0.3917306769274595	0.44927152853356433
51.46517203698786	0.39176729640789015	0.449922309428185
51.47590468307608	0.3918043118403408	0.4505723689021348
51.48663956737094	0.3918417207602336	0.4512217080573961
51.49737669033928	0.3918795207177563	0.4518703279991904
51.50811605244791	0.3919177092777831	0.45251822983587775
51.51885765416379	0.39195628401979615	0.4531654146788751
51.52960149595396	0.39199524253780726	0.45381188364257186
51.54034757828563	0.3920345824402795	0.4544576378442428
51.551095901626006	0.39207430135004817	0.45510267840395846
51.56184646644238	0.3921143969042436	0.455747006444507
51.572599273202265	0.39215486675421296	0.45639062309131595
51.583354322373204	0.39219570856544234	0.45703352947236486
51.59411161442279	0.39223692001747884	0.4576757267181065
51.60487114981878	0.39227849880385357	0.45831721596138814
51.615632929029005	0.39232044263200416	0.45895799833738077
51.626396952521404	0.3923627492231977	0.4595980749834914
51.637163220763966	0.39240541631245357	0.4602374470392947
51.64793173422483	0.39244844164846704	0.4608761156464587
51.65870249337227	0.3924918229935327	0.46151408194867066
51.66947549867455	0.3925355581234679	0.4621513470915613
51.68025075060008	0.3925796448275367	0.4627879122226348
51.69102824961739	0.39262408090837414	0.4634237784912042
51.70180799619515	0.3926688641819106	0.46405894704831707
51.71258999080201	0.39271399247729577	0.4646934190466847
51.72337423390676	0.39275946363682396	0.4653271956406176
51.734160725978356	0.39280527551585925	0.46596027798596346
51.74494946748579	0.39285142598276007	0.4665926672400338
51.75574045889813	0.3928979129188051	0.4672243645615423
51.76653370068458	0.39294473421811893	0.4678553711105442
51.777329193314515	0.3929918877875982	0.46848568804837315
51.78812693725725	0.3930474689002084	0.4691056520751592
51.7989269329823	0.39338506823664965	0.4693885511083046
51.80972918095923	0.39372232284365855	0.4696712334233448
51.820533681657814	0.39405923354795996	0.46995369936240067
51.83134043554774	0.39439580117298406	0.4702359492668335
51.842149443098926	0.3947320265388941	0.47051798347725476
51.85296070478138	0.3950679104625988	0.47079980233352264
51.863774221065185	0.3954034537577695	0.47108140617474237
51.87458999242047	0.39573865723485835	0.47136279533926806
51.885408019317545	0.39607352170111865	0.4716439701647065
51.89622830222679	0.39640804796061924	0.4719249309879153
51.90705084161868	0.3967422368142617	0.4722056781450046
51.917875637963746	0.3970760890597971	0.4724862119713377
51.9287026917327	0.3974096054918467	0.4727665328015354
51.939532003396344	0.397742786901916	0.4730466409694745
51.950363573425456	0.3980010582034668	0.47326381895416364
51.96119740229102	0.39814854652923326	0.4733878590578143
51.97203349046416	0.3982959522433589	0.47351184311846317
51.98287183841599	0.3984432754371965	0.4736357711798399
51.99371244661775	0.39859051620193037	0.47375964328562364
52.00455531554083	0.3987376746285779	0.4738834594794438
52.015400445656695	0.39888475080798863	0.47400721980487937
52.02624783743688	0.3990317448308448	0.4741309243054585
52.03709749135301	0.39917865678766135	0.4742545730246589
52.047949407876885	0.3993254867687887	0.4743781660059093
52.058803587480334	0.3994722348644102	0.47450170329258723
52.069660030635276	0.3996189011645437	0.47462518492802014
52.08051873781378	0.399765485759043	0.47474861095548626
52.09137970948802	0.39991198873759753	0.47487198141821374
52.1022429461302	0.4000584101897314	0.4749952963593801
52.11310844821264	0.40020475020480556	0.47511855582211354
52.12397621620782	0.40035100887201824	0.47524175984949263
52.13484625058828	0.40049718628040476	0.47536490848454654
52.14571855182666	0.4006432825188374	0.47548800177025385
52.156593120395655	0.40078929767602633	0.47561103974954416
52.16746995676813	0.40093523184052116	0.47573402246529783
52.178349061417016	0.40108108510070933	0.4758569499603451
52.18923043481532	0.4012268575448175	0.47597982227746727
52.20011407743617	0.40137254926091254	0.47610263945939607
52.21099998975285	0.4015181603369014	0.4762254015488146
52.22188817223864	0.40166369086053094	0.476348108588356
52.23277862536696	0.4018091409193887	0.47647076062060423
52.24367134961135	0.4019545106009039	0.4765933576880947
52.25456634544544	0.4020997999923478	0.47671589983331386
52.26546361334295	0.4022450091808329	0.47683838709869864
52.27636315377767	0.40239013825331393	0.47696081952663694
52.28726496722357	0.40253518729658977	0.47708319715946884
52.29816905415464	0.4026801563973014	0.47720552003948485
52.309075415044965	0.4028250456419333	0.47732778820892635
52.3199840503688	0.40296985511681477	0.47745000170998714
52.33089496060048	0.40311458490811947	0.477572160584812
52.34180814621439	0.4032592351018653	0.477694264875497
52.352723607685014	0.40340380578391505	0.47781631462408924
52.363641345487004	0.40354829703997813	0.4779383098725885
52.37456136009508	0.40369270895560977	0.4780602506629459
52.38548365198404	0.40383704161621076	0.4781821370370637
52.39640822162875	0.4039812951070286	0.47830396903679584
52.40733506950427	0.40412546951315936	0.4784257467039494
52.418264196085715	0.40426956491954524	0.47854747008028203
52.42919560184822	0.4044135814109761	0.47866913920750337
52.44012928726713	0.4045575190720911	0.47879075412727573
52.451065252817884	0.404701377987378	0.47891231488121355
52.46200349897596	0.4048451582411729	0.47903382151088286
52.47294402621692	0.40498885991766115	0.4791552740578017
52.48388683501651	0.4051324831008787	0.4792766725634409
52.49483192585055	0.4052760278747114	0.47939801706922386
52.50577929919489	0.4054194943228953	0.47951930761652567
52.51672895552554	0.40556288252901707	0.4796405442466737
52.52768089531864	0.40570619257651586	0.4797617270009489
52.53863511905034	0.40584942454868117	0.47988285592058366
52.549591627196925	0.40662335468534616	0.4805375662480144
52.560550420234826	0.4077815755501969	0.4815180301486134
52.57151149864057	0.4089364279059143	0.48249642700070744
52.58247486289069	0.41008793802764115	0.4834727675017099
52.59344051346191	0.41123613185655544	0.4844470622723831
52.60440845083099	0.4123810350056395	0.4854193218572191
52.61537867547488	0.4135226727653224	0.48638955672482925
52.626351187870554	0.41466107010899933	0.4873577772683437
52.63732598849506	0.415796251698439	0.48832399380582525
52.648303077825645	0.41692824188908345	0.4892882165807001
52.6592824563396	0.41805706473521426	0.4902504557621779
52.67026412451425	0.4191827439950204	0.4912107214456896
52.68124808282713	0.42030530313557485	0.4921690236533457
52.692234331755856	0.42142476533768153	0.49312537233437903
52.703222871778095	0.4225411535006302	0.4940797773656024
52.71421370337161	0.42365449024685625	0.4950322485518733
52.72520682701429	0.4247647979265098	0.49598279562657077
52.736202243184216	0.42587209862192094	0.4969314282520669
52.74719995235936	0.42697641415195514	0.4978781560201873
52.758199955017936	0.42807776607633097	0.4988229884527195
52.76920225163829	0.4289720233978443	0.4995906292736491
52.78020684269877	0.42910719624338656	0.4997066998428781
52.791213728677825	0.4292423000401213	0.4998227207157889
52.802222910054084	0.4293773348553404	0.4999386919287955
52.81323438730626	0.42951230075622576	0.5000546135182701
52.8242481609131	0.42964719780984967	0.5001704855205433
52.83526423135347	0.42978202608317545	0.5002863079719044
52.8462825991064	0.42991678564305835	0.5004020809086023
52.857303264651	0.43005147655624537	0.5005178043668445
52.868326228466366	0.43018609888937326	0.500633478382796
52.87935149103185	0.43032065270897296	0.500749102992583
52.89037905282683	0.4304551380814672	0.5008646782322895
52.90140891433077	0.4305895550731705	0.5009802041379589
52.91244107602327	0.4307239037502902	0.501095680745593
52.923475538384004	0.43085818417892735	0.5012111080911541
52.9345123018928	0.43099239642507614	0.5013264862105632
52.94555136702951	0.4311265405546235	0.5014418151397004
52.956592734274096	0.4312606166333503	0.5015570949144051
52.96763640410669	0.43139462472693224	0.5016723255704769
52.97868237700747	0.43152856490093794	0.5017875071436744
52.989730653456675	0.431662437220831	0.501902639669715
53.000781233934745	0.43179624175196996	0.5020177231842772
53.01183411892215	0.43192997855960813	0.5021327577229986
53.022889308899494	0.432063647708894	0.502247743321476
53.033946804347416	0.4321972492648707	0.5023626800152663
53.04500660574673	0.43233078329247815	0.5024775678398864
53.056068713578355	0.43246424985655174	0.5025924068308136
53.067133128323256	0.43259764902182246	0.5027071970234839
53.078199850462475	0.43273098085291767	0.502821938453294
53.089268880477285	0.4328642454143623	0.5029366311556012
53.10034021884891	0.43299744277057683	0.503051275165722
53.111413866058754	0.43313057298587926	0.5031658705189334
53.1224898225883	0.43326363612448476	0.5032804172504728
53.13356808891918	0.43339663225050673	0.5033949153955382
53.14464866553307	0.43352956142795523	0.5035093649892872
53.1557315529117	0.4336624237207382	0.503623766066838
53.16681675153701	0.43379521919266273	0.5037381186632697
53.17790426189102	0.43392794790743405	0.503852422813622
53.1889940844558	0.4340606099286554	0.5039666785528942
53.20008621971349	0.4341932053198288	0.5040808859160472
53.211180668146476	0.43432573414435655	0.5041950449380024
53.222277430237085	0.43445819646553896	0.5043091556536416
53.23337650646782	0.4345905923465765	0.5044232180978074
53.24447789732126	0.43472292185056904	0.5045372323053037
53.255581603280184	0.4349490891003192	0.504542245797848
53.26668762482732	0.43531837316157945	0.5043813216373888
53.277795962445545	0.4356876067835631	0.5042206730061167
53.28890661661789	0.43605678953292315	0.5040602996608861
53.30001958782749	0.43642592097749383	0.5039002013575623
53.311134876557496	0.4367950006862907	0.5037403778510302
53.3222524832912	0.4371640282295152	0.5035808288951983
53.33337240851204	0.43753300317855826	0.5034215542430053
53.344494652703524	0.4379019251059978	0.5032625536464275
53.3556192163492	0.4382707935856024	0.5031038268564852
53.36674609993277	0.4386396081923357	0.5029453736232478
53.37787530393813	0.4390083685023577	0.5027871936958398
53.389006828849105	0.4393771010532935	0.5026293103899696
53.400140675149714	0.4397457997145591	0.5024717185379765
53.41127684332406	0.4401144427385756	0.5023143992640187
53.422415333856385	0.44048302970629893	0.5021573523132835
53.43355614723099	0.44085156019988847	0.5020005774300473
53.44469928393224	0.4412200338027096	0.5018440743576809
53.45584474444469	0.44158845009933817	0.5016878428386543
53.46699252925297	0.4419568086755583	0.5015318826145457
53.4781426388417	0.44232510911836376	0.501376193426047
53.48929507369577	0.4426933510159639	0.5012207750129686
53.50044983430012	0.44306153395778236	0.5010656271142464
53.511606921139716	0.44342965753445585	0.50091074946795
53.52276633469967	0.4437977213378394	0.5007561418112867
53.533928075465205	0.44416572496100704	0.5006018038806083
53.54509214392173	0.4445336679982548	0.5004477354114164
53.55625854055451	0.444901550045093	0.5002939361383733
53.56742726584916	0.4452693706982612	0.5001404057953011
53.578598320291334	0.44563712955572127	0.49998714411519285
53.58977170436669	0.4460048262166575	0.4998341508302182
53.60094741856106	0.446372460281481	0.4996814256717285
53.61212546336039	0.4467400313518316	0.4995289683702632
53.62330583925075	0.44710753903057737	0.4993767786555562
53.63448854671822	0.4474749829218138	0.4992248562565427
53.64567358624901	0.44784236263086724	0.49907320090136514
53.65686095832948	0.44820967776429654	0.4989218123173783
53.66805066344613	0.44857692792989434	0.4987706902311559
53.67924270208538	0.4489441127366813	0.49861983436849927
53.69043707473393	0.4493112317949169	0.49846924445443946
53.70163378187851	0.4496782847160954	0.49831892021324553
53.712832824005986	0.4500452711129451	0.4981688613684312
53.72403420160324	0.4504121905994308	0.49801906764276044
53.735237915157356	0.4507790427907571	0.4978695387582523
53.74644396515549	0.451145827303366	0.4977202744361886
53.75765235208487	0.4515125437549371	0.4975712743971201
53.76886307643282	0.45187919176438995	0.4974225383608719
53.78007613868686	0.4522457709518862	0.497274066046549
53.791291539334466	0.4526122809388263	0.49712585717254376
53.802509278863305	0.4529787213478518	0.4969779114565414
53.81372935776116	0.4533450918028486	0.4968302286155251
53.824951776515896	0.4537113919289442	0.4966828083657829
53.83617653561546	0.45407762135250807	0.49653565042291437
53.84740363554786	0.45444377970115274	0.4963887545018359
53.85863307680131	0.45480986660373646	0.49624212031678594
53.869864859864094	0.4551758816903618	0.4960957475813319
53.881098985224526	0.45554182459237397	0.49594963600837655
53.892335453371096	0.4559076949423637	0.4958037853101634
53.9035742647924	0.45627349237416914	0.49565819519828175
53.91481541997707	0.4566392165228712	0.49551286538367456
53.926058919413855	0.45700486702479676	0.4953677955766435
53.93730476359168	0.457370443517521	0.4952229854868537
53.94855295299952	0.45773594563986436	0.495078434823341
53.959803488126454	0.4581013730318923	0.4949341432945183
53.97105636946162	0.45846672533491695	0.49479011060818023
53.98231159749432	0.4588320021914982	0.4946463364715093
53.993569172714	0.4591972032454433	0.4945028205910816
54.004829095610084	0.45956232814180337	0.49435956267287373
54.016091366672136	0.45989584320421606	0.4942581173805008
54.02735598638992	0.4600342142344867	0.4943868710497292
54.038622955253196	0.4601725152213267	0.49451556473494557
54.04989227375183	0.46031074623295914	0.49464419848770463
54.06116394237584	0.4604489073374956	0.4947727723594879
54.072437961615364	0.4605869986029349	0.4949012864017025
54.083714331960564	0.46072502009716326	0.49502974066568106
54.094993053901725	0.460862971887955	0.4951581352026825
54.10627412792928	0.4610008540429734	0.4952864700638923
54.11755755453379	0.46113866662977077	0.4954147453004229
54.12884333420578	0.46127640971578715	0.4955429609633122
54.14013146743598	0.46141408336835205	0.4956711171035252
54.15142195471526	0.4615516876546856	0.4957992137719548
54.162714796534495	0.46168922264189644	0.49592725101941976
54.17400999338468	0.46182668839698293	0.49605522889666626
54.18530754575697	0.4619640849868347	0.49618314745436837
54.196607454142615	0.4621014124782317	0.49631100674312756
54.20790971903291	0.4622386709378439	0.4964388068134726
54.21921434091927	0.46237586043223233	0.49656654771585973
54.230521320293256	0.46251298102784993	0.49669422950067404
54.24183065764652	0.46265003279104105	0.49682185221822855
54.25314235347077	0.46278701578804116	0.49694941591876396
54.26445640825783	0.4629239300849777	0.49707692065244924
54.275772822499675	0.46306077574787136	0.4972043664693829
54.28709159668835	0.4631975528426344	0.4973317534195912
54.29841273131598	0.4633342614350717	0.49745908155302926
54.309736226874804	0.4634709015908819	0.4975863509195815
54.321062083857235	0.4636074733756567	0.4977135615690618
54.33239030275569	0.46374397685488106	0.49784071355121257
54.34372088406271	0.46388041209393316	0.49796780691570536
54.355053828270975	0.4640167791580859	0.49809484171214213
54.36638913587328	0.46415307811250683	0.4982218179900544
54.37772680736244	0.46428930902225685	0.4983487357989028
54.38906684323144	0.4644254719522916	0.4984755951880782
54.40040924397338	0.46456156696746304	0.49860239620690217
54.41175401008142	0.46469759413251704	0.4987291389046258
54.42310114204879	0.4648335535120948	0.4988558233304303
54.43445064036893	0.46496944517073413	0.49898244953342835
54.445802505535326	0.4651052691728687	0.499109017562663
54.457156738041554	0.4652410255828274	0.49923552746710753
54.46851333838125	0.46537671446483586	0.4993619792956663
54.47987230704825	0.4655123358830169	0.49948837309717503
54.49123364453652	0.46564788990139044	0.49961470892040144
54.502597351339936	0.46578337658387164	0.49974098681404233
54.51396342795264	0.4659187959942748	0.49986720682672786
54.5253318748689	0.4660541481963119	0.4999933690070198
54.53670269258295	0.46618943325359136	0.5001194734034106
54.5480758815892	0.4663246512296203	0.5002455200643251
54.5594514423822	0.4664598021878044	0.5003715090381202
54.57082937545656	0.46659488619144807	0.5004974403730855
54.582209681307006	0.4667299033037537	0.5006233141174422
54.59359236042833	0.4668475786760045	0.5007330243908906
54.60497741331548	0.4668475786760045	0.5007330243908906
54.61636484046354	0.4668475786760045	0.5007330243908906
54.62775464236752	0.46684757867600457	0.5007330243908906
54.63914681952273	0.4668475786760045	0.5007330243908906
54.650541372424534	0.4668475786760045	0.5007330243908906
54.661938301568334	0.46684757867600457	0.5007330243908906
54.673337607449675	0.4668475786760045	0.5007330243908906
54.6847392905642	0.4668475786760045	0.5007330243908906
54.69614335140772	0.4668475786760045	0.5007330243908906
54.707549790476044	0.4668475786760045	0.5007330243908906
54.718958608265105	0.46684757867600457	0.5007330243908906
54.73036980527104	0.4668475786760045	0.5007330243908906
54.741783381989954	0.46684757867600457	0.5007330243908906
54.75319933891813	0.46684757867600457	0.5007330243908906
54.764617676551936	0.46684757867600457	0.5007330243908906
54.77603839538789	0.46684757867600457	0.5007330243908906
54.78746149592255	0.4668475786760045	0.5007330243908906
54.79888697865257	0.46684757867600457	0.5007330243908906
54.81031484407475	0.46684757867600457	0.5007330243908906
54.82174509268603	0.4668475786760045	0.5007330243908906
54.83317772498336	0.46684757867600457	0.5007330243908906
54.84461274146382	0.4668475786760045	0.5007330243908906
54.85605014262467	0.4668475786760045	0.5007330243908906
54.86748992896318	0.46684757867600457	0.5007330243908906
54.87893210097674	0.4668475786760045	0.5007330243908906
54.89037665916288	0.4668475786760045	0.5007330243908906
54.90182360401926	0.4668475786760045	0.5007330243908906
54.91327293604357	0.46684757867600457	0.5007330243908906
54.924724655733606	0.46684757867600457	0.5007330243908906
54.93617876358729	0.4668475786760045	0.5007330243908906
54.947635260102736	0.46684757867600457	0.5007330243908906
54.95909414577802	0.46684757867600457	0.5007330243908906
54.970555421111364	0.46684757867600457	0.5007330243908906
54.98201908660117	0.4668475786760045	0.5007330243908906
54.99348514274585	0.4668475786760045	0.5007330243908906
55.004953590043925	0.46684757867600457	0.5007330243908906
55.01642442899409	0.46684757867600457	0.5007330243908905
55.027897660095135	0.46684757867600457	0.5007330243908905
55.03937328384588	0.4668475786760045	0.5007330243908906
55.05085130074528	0.46684757867600457	0.5007330243908906
55.06233171129243	0.4668475786760045	0.5007330243908906
55.07381451598654	0.46684757867600457	0.5007330243908906
55.08529971532684	0.4668475786760045	0.5007330243908906
55.09678730981271	0.4668475786760045	0.5007330243908906
55.10827729994367	0.46684757867600457	0.5007330243908906
55.119769686219314	0.4668475786760045	0.5007330243908906
55.13126446913929	0.46684757867600457	0.5007330243908906
55.14276164920343	0.46684757867600457	0.5007330243908906
55.154261226911686	0.4668475786760045	0.5007330243908906
55.165763202764	0.46684757867600457	0.5007330243908906
55.1772675772605	0.4668475786760045	0.5007330243908906
55.1887743509014	0.4668475786760045	0.5007330243908906
55.20028352418706	0.4668475786760045	0.5007330243908906
55.21179509761789	0.4668475786760045	0.5007330243908906
55.22330907169439	0.46684757867600457	0.5007330243908906
55.23482544691724	0.4668475786760045	0.5007330243908906
55.246344223787155	0.46684757867600457	0.5007330243908906
55.25786540280495	0.4668475786760045	0.5007330243908906
55.26938898447162	0.4668475786760045	0.5007330243908906
55.28091496928821	0.4668475786760045	0.5007330243908906
55.29244335775588	0.4668475786760045	0.5007330243908906
55.30397415037585	0.46684757867600457	0.5007330243908905
55.315507347649515	0.4668475786760045	0.5007330243908906
55.32704295007839	0.4668475786760045	0.5007330243908906
55.338580958164016	0.4668475786760045	0.5007330243908906
55.350121372408026	0.4668475786760045	0.5007330243908906
55.361664193312286	0.46684757867600457	0.5007330243908905
55.373209421378625	0.4668475786760045	0.5007330243908906
55.384757057109056	0.46684757867600457	0.5007330243908905
55.396307101005675	0.4668475786760045	0.5007330243908906
55.40785955357071	0.4668475786760045	0.5007330243908906
55.419414415306456	0.4668475786760045	0.5007330243908906
55.430971686715296	0.4668475786760045	0.5007330243908906
55.44253136829977	0.4668475786760045	0.5007330243908906
55.45409346056257	0.4668475786760045	0.5007330243908906
55.46565796400627	0.46684757867600457	0.5007330243908905
55.477224879133814	0.4668475786760045	0.5007330243908906
55.48879420644814	0.46684757867600457	0.5007330243908905
55.500365946452256	0.46684757867600457	0.5007330243908905
55.511940099649294	0.46684757867600457	0.5007330243908905
55.523516666542534	0.46684757867600457	0.5007330243908905
55.535095647635345	0.4668475786760045	0.5007330243908906
55.54667704343118	0.46684757867600457	0.5007330243908905
55.55826085443357	0.4668475786760045	0.5007330243908906
55.56984708114624	0.46684757867600457	0.5007330243908906
55.58143572407294	0.46684757867600457	0.5007330243908905
55.59302678371753	0.4668475786760045	0.5007330243908906
55.604620260584014	0.46684757867600457	0.5007330243908905
55.616216155176524	0.4668475786760045	0.5007330243908906
55.62781446799922	0.4668475786760045	0.5007330243908906
55.63941519955639	0.4668475786760045	0.5007330243908906
55.65101835035244	0.46684757867600457	0.5007330243908905
55.662623920891946	0.4668475786760045	0.5007330243908906
55.67423191167948	0.46684757867600457	0.5007330243908905
55.68584232321974	0.46684757867600457	0.5007330243908906
55.697455156017604	0.46684757867600457	0.5007330243908905
55.709070410577986	0.46684757867600457	0.5007330243908905
55.7206880874059	0.46684757867600457	0.5007330243908906
55.7323081870065	0.46684757867600457	0.5007330243908905
55.7439307098851	0.4668475786760045	0.5007330243908906
55.75555565654698	0.46684757867600457	0.5007330243908905
55.76718302749761	0.4668475786760045	0.5007330243908906
55.77881282324256	0.46684757867600457	0.5007330243908905
55.790445044287544	0.46684757867600457	0.5007330243908905
55.8020796911383	0.4668475786760045	0.5007330243908906
55.8137167643007	0.4668475786760045	0.5007330243908906
55.825356264280785	0.4668475786760045	0.5007330243908906
55.8369981915846	0.4668475786760045	0.5007330243908906
55.84864254671832	0.46684757867600457	0.5007330243908905
55.86028933018828	0.4668475786760045	0.5007330243908906
55.871938542500935	0.4668475786760045	0.5007330243908906
55.883590184162756	0.4668475786760045	0.5007330243908906
55.89524425568033	0.4668475786760045	0.5007330243908906
55.906900757560436	0.4668475786760045	0.5007330243908906
55.91855969030992	0.46684757867600457	0.5007330243908905
55.93022105443569	0.4668475786760045	0.5007330243908906
55.941884850444765	0.46684757867600457	0.5007330243908905
55.95355107884434	0.46684757867600457	0.5007330243908905
55.96521974014166	0.46684757867600457	0.5007330243908905
55.97689083484405	0.4668475786760045	0.5007330243908906
55.98856436345899	0.4668475786760045	0.5007330243908906
56.00024032649413	0.4668475786760045	0.5007330243908906
56.01191872445707	0.46684757867600457	0.5007330243908905
56.02359955785557	0.4668475786760045	0.5007330243908906
56.03528282719758	0.4668475786760045	0.5007330243908906
56.046968532991094	0.46684757867600457	0.5007330243908905
56.0586566757442	0.4668475786760045	0.5007330243908906
56.07034725596508	0.46684757867600457	0.5007330243908906
56.0820402741621	0.46684757867600457	0.5007330243908905
56.09373573084367	0.4668475786760045	0.5007330243908906
56.10543362651825	0.4668475786760045	0.5007330243908906
56.117133961694535	0.4668475786760045	0.5007330243908906
56.128836736881254	0.46684757867600457	0.5007330243908905
56.14054195258728	0.46684757867600457	0.5007330243908905
56.15224960932148	0.46684757867600457	0.5007330243908905
56.163959707592966	0.46684757867600457	0.5007330243908905
56.17567224791093	0.4668475786760045	0.5007330243908906
56.18738723078461	0.46684757867600457	0.5007330243908905
56.19910465672335	0.4668475786760045	0.5007330243908906
56.210824526236685	0.46684757867600457	0.5007330243908905
56.22254683983417	0.46684757867600457	0.5007330243908905
56.2342715980255	0.4668475786760045	0.5007330243908906
56.245998801320475	0.4668475786760045	0.5007330243908906
56.257728450229024	0.4668475786760045	0.5007330243908906
56.26946054526117	0.46684757867600457	0.5007330243908905
56.281195086926964	0.46684757867600457	0.5007330243908905
56.292932075736665	0.4668475786760045	0.5007330243908906
56.30467151220069	0.46684757867600457	0.5007330243908905
56.31641339682934	0.4668475786760045	0.5007330243908906
56.32815773013322	0.46684757867600457	0.5007330243908905
56.33990451262302	0.46684757867600457	0.5007330243908905
56.35165374480946	0.4668475786760045	0.5007330243908906
56.36340542720338	0.46684757867600457	0.5007330243908905
56.37515956031578	0.4668475786760045	0.5007330243908906
56.38691614465775	0.46684757867600457	0.5007330243908905
56.39867518074047	0.4668475786760045	0.5007330243908906
56.41043666907519	0.4668475786760045	0.5007330243908906
56.42220061017333	0.4668475786760045	0.5007330243908906
56.43396700454647	0.4668475786760045	0.5007330243908906
56.44573585270609	0.46675334277817215	0.5008341206698094
56.45750715516398	0.4665260831396701	0.5010780928405548
56.46928091243197	0.46629899727239305	0.5013221159972672
56.481057125021984	0.46607208522233734	0.5015661898920274
56.49283579344601	0.46584534703487446	0.5018103142768959
56.504616918216236	0.4656187827547502	0.5020544889039168
56.51640049984495	0.4653923924260859	0.5022987135251185
56.52818653884446	0.4651661760923799	0.5025429878925142
56.539975035727196	0.4649401337965073	0.5027873117581059
56.55176599100583	0.4647142655807174	0.5030316848738886
56.563559405192976	0.46448857148663847	0.5032761069918478
56.57535527880139	0.4642630515552766	0.5035205778639636
56.58715361234402	0.46403770582701354	0.5037650972422153
56.59895440633385	0.46381253434161	0.5040096648785806
56.610757661284005	0.4635875371382055	0.5042542805250376
56.62256337770765	0.4633627142553186	0.5044989439335682
56.63437155611814	0.4631380657308461	0.5047436548561606
56.6461821970289	0.46291359160206463	0.5049884130448101
56.65799530095348	0.46268929190563124	0.5052332182515221
56.669810868405456	0.4624651666775842	0.5054780702283121
56.68162889989866	0.46224121595334045	0.5057229687272128
56.69344939594692	0.46201743976770027	0.50596791350027
56.70527235706415	0.46179383815484565	0.5062129042995483
56.717097783764466	0.4615704111483398	0.5064579408771334
56.72892567656208	0.4613471587811281	0.5067030229851336
56.74075603597122	0.4611240810855411	0.5069481503756796
56.75258886250627	0.4609011780932922	0.5071933228009299
56.76442415668175	0.46067844983547845	0.5074385400130711
56.77626191901229	0.46045589634258133	0.5076838017643214
56.7881021500126	0.46023351764446835	0.5079291078069305
56.79994485019745	0.4600113137703931	0.508174457893182
56.81179002008183	0.4597892847489936	0.5084198517753988
56.82363766018076	0.45956743060829636	0.5086652892059405
56.83548777100933	0.45934575137571504	0.5089107699372071
56.847340353082835	0.45912424707804994	0.5091562937216435
56.85919540691666	0.4589029177414902	0.5094018603117388
56.87105293302625	0.4586817633916144	0.5096474694600288
56.88291293192714	0.4584607840533917	0.5098931209190969
56.89477540413503	0.4582399797511791	0.5101388144415798
56.90664035016576	0.45801935050872494	0.5103845497801668
56.91850777053517	0.4577988963491704	0.5106303266876008
56.93037766575927	0.45757861729504773	0.5108761449166824
56.942250036354196	0.4573585133682811	0.5111220042202722
56.954124882836155	0.45713858459018836	0.5113679043512911
56.96600220572142	0.4569188309814821	0.5116138450627219
56.977882005526496	0.456699252562268	0.5118598261076145
56.98976428276792	0.45647984935204683	0.5121058472390854
57.00164903796232	0.45626062136971623	0.5123519082103191
57.01353627162644	0.45604156863357065	0.5125980087745706
57.02542598427715	0.4558226911612998	0.51284414868517
57.03731817643147	0.4556039889699919	0.5130903276955218
57.049212848606444	0.4553854620761344	0.5133365455591058
57.061110001319214	0.45516711049561426	0.513582802029481
57.07300963508716	0.45494893424371624	0.5138290968602895
57.08491175042766	0.4547309333351278	0.5140754298052537
57.096816347858166	0.4545131077839376	0.5143218006181806
57.108723427896365	0.4542954576036349	0.5145682090529659
57.12063299105998	0.4540779828071125	0.5148146548635927
57.132545037866834	0.45386068340666696	0.5150611378041346
57.144459568834854	0.45364355941399986	0.5153076576287567
57.156376584482096	0.45342661084021646	0.5155542140917201
57.16829608532675	0.45320983769582796	0.5158008069473818
57.1802180718871	0.45299323999075275	0.5160474359501965
57.19214254468142	0.4527768177343174	0.5162941008547182
57.20406950422831	0.4525605709352543	0.5165408014156049
57.21599895104631	0.45234449960170703	0.5167875373876168
57.22793088565409	0.4521286037412285	0.5170343085256197
57.239865308570494	0.45191288336078095	0.5172811145845887
57.25180222031446	0.45169733846673876	0.5175279553196075
57.26374162140498	0.45148196906488897	0.5177748304858707
57.2756835123612	0.4512667751604316	0.5180217398386862
57.28762789370233	0.45105175675798015	0.5182686831334775
57.29957476594782	0.45085160436811644	0.5184987648599606
57.311524129616984	0.45085160436811644	0.5184987648599606
57.32347598522947	0.45085160436811644	0.5184987648599606
57.33543033330496	0.4508516043681165	0.5184987648599605
57.34738717436323	0.45085160436811644	0.5184987648599606
57.359346508924126	0.45085160436811644	0.5184987648599606
57.37130833750769	0.45104660131389973	0.5186683300114052
57.38327266063405	0.45128633211355584	0.5188768192476
57.395239478823385	0.4515258899832452	0.5190851850372553
57.40720879259601	0.45176527519403553	0.5192934275254624
57.41918060247238	0.45200448801627974	0.5195015468570416
57.43115490897309	0.45224352871961815	0.519709543176544
57.443131712618694	0.45248239757297704	0.5199174166282465
57.45511101392998	0.45272109484457795	0.5201251673561599
57.46709281342787	0.4529596208019368	0.5203327955040258
57.479077111633295	0.4531979757118654	0.5205403012153165
57.49106390906732	0.45343615984047503	0.5207476846332366
57.50305320625117	0.45367417345318106	0.5209549459007248
57.51504500370617	0.45391201681470317	0.5211620851604531
57.5270393019537	0.4541496901890673	0.5213691025548273
57.53903610151526	0.45438719383960996	0.5215759982259873
57.55103540291254	0.454624528028981	0.5217827723158112
57.563037206667225	0.45486169301914364	0.5219894249659103
57.57504151330116	0.4550986890713792	0.5221959563176336
57.587048323336326	0.45533551644628956	0.5224023665120682
57.599057637294806	0.4555721754037987	0.5226086556900388
57.611069455698726	0.45580866620315447	0.5228148239921079
57.62308377907038	0.4560449891029326	0.5230208715585775
57.63510060793216	0.45628114436103895	0.5232267985294897
57.6471199428066	0.45651713223471163	0.5234326050446277
57.65914178421628	0.4567529529805224	0.5236382912435141
57.6711661326839	0.4569886068543795	0.5238438572654133
57.68319298873232	0.4572240941115328	0.5240493032493333
57.69522235288447	0.45745941500657167	0.5242546293340239
57.70725422566337	0.4576945697934299	0.5244598356579776
57.719288607592176	0.45792955872538854	0.5246649223594323
57.7313254991942	0.4581643820550777	0.5248698895763704
57.74336490099278	0.4583990400344771	0.5250747374465183
57.755406813511364	0.45863353291492015	0.5252794661073485
57.76745123727357	0.45886786094709703	0.5254840756960808
57.77949817280314	0.45910202438105613	0.5256885663496819
57.79154762062384	0.459336023466205	0.525892938204865
57.80359958125957	0.45956985845131343	0.5260971913980916
57.8156540552344	0.45980352958451814	0.5263013260655733
57.827711043072455	0.46003703711332156	0.5265053423432697
57.83977054529794	0.4602703812845948	0.52670924036689
57.85183256243524	0.4605035623445825	0.5269130202718952
57.863897095008866	0.4607365805389025	0.5271166821934975
57.875964143543335	0.4609694361125482	0.5273202262666592
57.88803370856332	0.4612021293098907	0.5275236526260951
57.90010579059364	0.4614346603746833	0.5277269614062743
57.91218039015922	0.46166702955006156	0.5279301527414184
57.92425750778506	0.4618992370785453	0.5281332267655029
57.93633714399622	0.4621312832020406	0.5283361836122571
57.94841929931802	0.46236316816184525	0.5285390234151673
57.960503974275746	0.462594892198646	0.5287417463074738
57.97259116939483	0.46282645555252383	0.5289443524221734
57.98468088520088	0.46305785846295594	0.5291468418920205
57.996773122219565	0.4632891011688176	0.5293492148495272
58.008867880976645	0.46352018390838234	0.529551471426962
58.020965161997985	0.46375110691932614	0.5297536117563525
58.033064965809594	0.46398187043872996	0.529955635969486
58.04516729293763	0.4642124747030812	0.53015754419791
58.057272143908264	0.46444291994827397	0.5303593365729304
58.06937951924781	0.46467320640961307	0.5305610132256146
58.08148941948276	0.4649028380450064	0.5307621395901382
58.09360184513962	0.4647642755616114	0.5306407747603924
58.10571679674502	0.4646257019267079	0.5305194085901911
58.11783427482575	0.46448711712546475	0.5303980410743664
58.129954279908745	0.4643485211430352	0.5302766722077483
58.14207681252093	0.4642099139645582	0.530155301985166
58.154201873189386	0.46407129557515714	0.530033930401446
58.16632946244133	0.46393266595993976	0.5299125574514129
58.17845958080417	0.4637940251039977	0.529791183129889
58.19059222880519	0.46365537299240933	0.5296698074316962
58.20272740697199	0.46351670961023594	0.5295484303516533
58.21486511583223	0.46337803494252344	0.5294270518845768
58.227005355913654	0.46323934897430297	0.5293056720252827
58.23914812774411	0.46310065169059017	0.5291842907685841
58.25129343185158	0.4629619430763846	0.5290629081092925
58.26344126876418	0.46282322311667046	0.5289415240422171
58.2755916390101	0.4626844917964167	0.5288201385621659
58.28774454311759	0.46254574910057705	0.5286987516639451
58.29989998161511	0.4624069950140887	0.5285773633423583
58.312057955031236	0.46226822952187313	0.5284559735922069
58.3242184638945	0.46212945260883825	0.5283345824082921
58.3363815087337	0.461990664259874	0.5282131897854119
58.348547090077716	0.4618518644598552	0.5280917957183623
58.3607152084555	0.4617130531936415	0.5279704002019379
58.372885864396096	0.46157423044607704	0.5278490032309318
58.38505905842872	0.4614353962019893	0.5277276048001344
58.3972347910827	0.46129655044619	0.5276062049043342
58.409413062887424	0.46115769316347593	0.5274848035383186
58.42159387437236	0.46101882433862806	0.5273634006968732
58.43377722606721	0.46087994395641024	0.5272419963747803
58.44596311850169	0.46074105200157167	0.5271205905668218
58.45815155220563	0.46060214845884556	0.5269991832677774
58.47034252770898	0.4604632333129486	0.5268777744724245
58.48253604554189	0.4603243065485816	0.5267563641755384
58.49473210623448	0.4601853681504298	0.5266349523718935
58.50693071031702	0.4600464181031628	0.5265135390562622
58.519131858319966	0.4599074563914334	0.5263921242234141
58.531335550773825	0.4597684829998782	0.5262707078681174
58.54354178820921	0.45962949791311863	0.5261492899851385
58.55575057115684	0.4594905011157597	0.5260278705692428
58.56796190014761	0.45935149259238994	0.525906449615192
58.580175775712426	0.4592124723275822	0.5257850271177474
58.592392198382356	0.4590734403058932	0.5256636030716683
58.60461116868859	0.4589343965118631	0.5255421774717115
58.61683268716246	0.4587953409300155	0.525420750312632
58.629056754335316	0.45865627354485894	0.5252993215891835
58.64128337073867	0.45851719434088506	0.5251778912961178
58.65351253690415	0.4583781033025691	0.5250564594281845
58.66574425336352	0.4582390004143698	0.5249350259801311
58.67797852064859	0.4580998856607304	0.5248135909467039
58.69021533929129	0.4579607590260771	0.5246921543226473
58.70245470982375	0.4580179709709643	0.5247420906810878
58.714696632778114	0.4581320888336743	0.5248417007242332
58.726941108686624	0.45824615540642843	0.5249412719007456
58.739188138081744	0.4583601707307267	0.5250408042355383
58.75143772149598	0.45847413484801325	0.5251402977534996
58.76368985946192	0.4585880477996759	0.5252397524794918
58.775944552512286	0.4587019096270473	0.5253391684383527
58.78820180117994	0.458815720371405	0.5254385456548951
58.80046160599785	0.4589294800739713	0.5255378841539072
58.81272396749909	0.45904318877591255	0.5256371839601515
58.82498888621677	0.4591568465183402	0.5257364450983655
58.83725636268426	0.45927045334231154	0.5258356675932628
58.8495263974349	0.4593840092888281	0.5259348514695313
58.8617989910022	0.45949751439883635	0.5260339967518343
58.8740741439198	0.459610968713229	0.5261331034648101
58.886351856721454	0.45972437227284385	0.5262321716330733
58.89863212994097	0.459837725118464	0.5263312012812124
58.910914964112294	0.45995102729081777	0.5264301924337914
58.92320035976952	0.4600642788305803	0.5265291451153506
58.935488317446826	0.460177479778372	0.5266280593504051
58.94777883767849	0.46029063017475863	0.5267269351634454
58.96007192099889	0.4604037300602526	0.5268257725789371
58.97236756794259	0.4605167794753127	0.526924571621322
58.984665779044185	0.4606297784603432	0.5270233323150171
58.996966554838366	0.46074272705569513	0.5271220546844143
59.009269895860044	0.4608556253016659	0.5272207387538823
59.02157580264416	0.46096847323849965	0.5273193845477647
59.03388427572578	0.46108127090638695	0.5274179920903809
59.046195315640055	0.4611940183454646	0.5275165614060253
59.0585089229223	0.46130671559581726	0.5276150925189689
59.070825098107946	0.46141936269747597	0.5277135854534586
59.083143841732486	0.4615319596904186	0.5278120402337163
59.09546515433153	0.46164450661457024	0.5279104568839397
59.107789036440835	0.46175700350980364	0.5280088354283031
59.12011548859627	0.46186945041593863	0.5281071758909561
59.13244451133372	0.46198184737274195	0.5282054782960239
59.14477610518935	0.4620941944199287	0.5283037426676086
59.15711027069932	0.46220649159716126	0.5284019690297878
59.16944700839992	0.4623187389440497	0.5285001574066146
59.181786318827534	0.4624309365001515	0.5285983078221186
59.194128202518705	0.46254308430497276	0.5286964203003054
59.20647266001012	0.4626551823979678	0.5287944948651573
59.218819691838426	0.4627672308185375	0.5288925315406312
59.23116929854052	0.4628792296060324	0.5289905303506616
59.24352148065341	0.46299117879975143	0.5290884913191587
59.255876238714144	0.4631030784389409	0.5291864144700088
59.2682335732599	0.4632149285627961	0.5292842998270743
59.28059348482799	0.46332672921046086	0.5293821474141943
59.29295597395587	0.4634384804210285	0.5294799572551844
59.30532104118104	0.46355018223353966	0.529577729373836
59.317688687041105	0.4636618346869845	0.5296754637939165
59.330058912073866	0.46377343782030267	0.5297731605391709
59.34243171681723	0.4638849916723827	0.5298708196333203
59.35480710180908	0.46399649628206124	0.5299684411000611
59.36718506758753	0.4641079516881253	0.5300660249630674
59.37956561469083	0.46421935792931124	0.5301635712459901
59.391948743657274	0.46433071504430434	0.5302610799724556
59.40433445502525	0.4644420230717394	0.5303585511660673
59.41672274933333	0.46455328205020113	0.5304559848504056
59.42911362712018	0.4646644920182242	0.5305533810490273
59.44150708892457	0.4647756530142927	0.5306507397854658
59.453903135285294	0.4648867650768402	0.530748061083231
59.466301766741445	0.4649978355434186	0.5308453513595689
59.47870298383207	0.46510885839946	0.5309426053366304
59.49110678709636	0.46521983243125015	0.531039821941218
59.50351317707368	0.46533075767703097	0.5311370011967531
59.51592215430348	0.4654416341749944	0.5312341431266342
59.52833371932528	0.4655524619632825	0.5313312477542361
59.540747872678736	0.46566324107998774	0.5314283151029109
59.553164614903636	0.46577397156315387	0.5315253451959875
59.565583946539896	0.4658846534507753	0.5316223380567722
59.57800586812749	0.4659952867807967	0.5317192937085478
59.59043038020651	0.46610587159111366	0.5318162121745742
59.602857483317244	0.4662164079195737	0.531913093478089
59.615287177999996	0.46632689580397424	0.5320099376423063
59.62771946479516	0.46643733528206416	0.5321067446904172
59.64015434424338	0.46654772639154435	0.5322035146455905
59.65259181688532	0.4666580691700664	0.5323002475309724
59.665031883261754	0.4667683636552332	0.5323969433696855
59.677474543913576	0.46687860988459945	0.53249360218483
59.6899197993818	0.4669888078956714	0.5325902239994837
59.702367650207606	0.46709895772590737	0.5326868088367018
59.71481809693216	0.4672090594127167	0.5327833567195164
59.72727114009686	0.46731911299346096	0.5328798676709369
59.739726780243174	0.46742911850545416	0.5329763417139507
59.75218501791268	0.4675390759859617	0.5330727788715224
59.764645853647046	0.4676489854722013	0.5331691791665936
59.77710928798807	0.46775884700134285	0.533265542622084
59.78957532147774	0.4678686606105092	0.5333618692608911
59.80204395465803	0.46797842633677467	0.5334581591058891
59.81451518807106	0.46808814421716627	0.53355441217993
59.826989022259134	0.46819781428866414	0.5336506285058441
59.83946545776464	0.4683074365882009	0.5337468081064389
59.851944495130034	0.4684170111526614	0.5338429510044995
59.86442613489788	0.46852653801888344	0.5339390572227886
59.87691037761095	0.46863601722365855	0.5340351267840471
59.88939722381203	0.4687454488037303	0.5341311597109932
59.90188667404406	0.4688548327957956	0.5342271560263231
59.91437872885007	0.4689641692365046	0.5343231157527111
59.92687338877328	0.4690734581624614	0.534419038912809
59.93937065435693	0.4691826996102223	0.5345149255292466
59.95187052614439	0.4692918936162972	0.5346107756246314
59.96437300467918	0.4694010402171501	0.5347065892215493
59.97687809050495	0.46951013944919884	0.5348023663425642
59.98938578416541	0.469619191348814	0.5348981070102173
60.00189608620435	0.4697281959523199	0.5349938112470284
60.014408997165816	0.4698371532959959	0.5350894790754955
60.02692451759382	0.46994606341607403	0.5351851105180941
60.03944264803253	0.4698994666087431	0.5354577958159976
60.051963389026255	0.46921474228151966	0.5364590777000754
60.06448674111946	0.4685321016143845	0.5374608500682638
60.077012704856635	0.4678515442928716	0.538463102054354
60.08954128078238	0.4671730699140751	0.53946582282071
60.10207246944146	0.46649667798727434	0.5404690015591934
60.114606271378804	0.4658223679345796	0.5414726274920596
60.127142687139326	0.4651501390915886	0.5424766898728391
60.1396817172681	0.46447999070804136	0.5434811779872237
60.15222336231041	0.4638119219484901	0.54448608115393
60.16476762281153	0.46314593189298986	0.5454913887255334
60.17731449931686	0.4624820195377806	0.5464970900893136
60.189863992371976	0.4618201837959863	0.5475031746680747
60.20241610252258	0.461160423498325	0.548509631920948
60.21497083031439	0.46050273739382624	0.5495164513441803
60.2275281762933	0.45984712415055334	0.5505236224719142
60.240088141005316	0.45919357636112673	0.5515311298854749
60.25265072499661	0.4585420553852629	0.5525389324166421
60.265215928813305	0.4578926027265653	0.5535470556957177
60.27778375300182	0.4572452167382529	0.5545554894159259
60.29035419810861	0.4565998956963016	0.5555642233120409
60.30292726468024	0.45595663780020934	0.5565732471610794
60.31550295326335	0.45531544117376677	0.5575825507829782
60.32808126440477	0.4546763038658256	0.5585921240412701
60.340662198651465	0.45403922385108963	0.5596019568437185
60.3532457565504	0.4534041990309014	0.5606120391429528
60.36583193864871	0.4527712272340312	0.561622360937091
60.37842074549367	0.45214030621747064	0.5626329122703504
60.39101217763272	0.45151143366723506	0.5636436832336357
60.4036062356132	0.45088460719917833	0.5646546639650981
60.41620291998281	0.45025982435978207	0.5656658446507284
60.42880223128924	0.44963708262697993	0.5666772155248844
60.44140417008034	0.44901637941096983	0.5676887668708276
60.45400873690398	0.4483977120550337	0.5687004890212404
60.46661593230826	0.44778107783634913	0.5697123723587433
60.47922575684137	0.4471664739668194	0.5707244073163751
60.49183821105159	0.4465538975938976	0.5717365843780704
60.50445329548726	0.44594334580141365	0.572748894079121
60.517071010696974	0.4453348156103935	0.5737613270066397
60.5296913572293	0.4453325616966738	0.5739939812465996
60.542314335632966	0.44544379816267166	0.5740802882189799
60.55493994645687	0.4455549864171793	0.5741665663561514
60.56756819024999	0.4456661264963139	0.5742528156711366
60.580199067561395	0.4457772184361491	0.574339036176952
60.592832578940246	0.4458882622727154	0.5744252278866083
60.605468724935896	0.4459992580420002	0.5745113908131105
60.61810750609779	0.44611020577994764	0.5745975249694584
60.63074892297546	0.4462211055224587	0.5746836303686447
60.643392976118506	0.4463319573053905	0.5747697070236575
60.65603966607678	0.44644276116455905	0.5748557549474785
60.668688993400124	0.44655351713573543	0.5749417741530838
60.68134095863853	0.44666422525464894	0.5750277646534432
60.693995562342124	0.44677488555698586	0.5751137264615215
60.70665280506119	0.44688549807839023	0.5751996595902772
60.71931268734602	0.44699606285446264	0.5752855640526631
60.73197520974703	0.44710657992076136	0.5753714398616255
60.744640372814864	0.44721704931280265	0.5754572870301059
60.75730817710024	0.4473274710660601	0.5755431055710396
60.769978623153904	0.4474378452159648	0.5756288954973557
60.782651711526746	0.44754817179790507	0.5757146568219773
60.795327442769896	0.44765845084722816	0.5758003895578226
60.80800581743443	0.44776868239923867	0.5758860937178031
60.82068683607161	0.4478788664891983	0.5759717693148242
60.83337049923285	0.4479890031523279	0.5760574163617863
60.84605680746966	0.44809909242380647	0.5761430348715837
60.8587457613336	0.4482091343387698	0.5762286248571042
60.8714373613764	0.4483191289323128	0.57631418633123
60.884131608149914	0.44842907623948886	0.5763997193068378
60.89682850220613	0.44853897629530953	0.5764852237967979
60.909528044097065	0.4486488291347443	0.576570699813975
60.922230234374915	0.4487586347927213	0.5766561473712277
60.93493507359201	0.44886839330412787	0.5767415664814086
60.94764256230074	0.4489781047038091	0.576826957157365
60.960352701053615	0.44908776902656905	0.5769123194119371
60.973065490403286	0.4491973863071707	0.5769976532579603
60.98578093090257	0.4493069565803357	0.5770829587082639
60.998499023104316	0.4494164798807449	0.5771682357756704
61.011219767561464	0.4495259562430371	0.5772534844729972
61.02394316482715	0.4496353857018112	0.5773387048130556
61.036669215454644	0.4497447682916251	0.5774238968086509
61.049397919997226	0.44979556037308455	0.5774634586978966
61.06212927900835	0.44979556037308455	0.5774634586978966
61.07486329304164	0.44979556037308455	0.5774634586978965
61.08759996265072	0.44979556037308455	0.5774634586978966
61.1003392883894	0.44979556037308455	0.5774634586978965
61.11308127081159	0.44979556037308455	0.5774634586978966
61.12582591047136	0.44979556037308455	0.5774634586978965
61.13857320792282	0.44979556037308455	0.5774634586978966
61.15132316372023	0.44979556037308455	0.5774634586978966
61.16407577841797	0.44979556037308455	0.5774634586978966
61.176831052570584	0.44979556037308455	0.5774634586978966
61.18958898673259	0.44979556037308455	0.5774634586978965
61.202349581458755	0.44979556037308455	0.5774634586978966
61.21511283730395	0.44979556037308455	0.5774634586978966
61.22787875482308	0.44979556037308455	0.5774634586978966
61.24064733457123	0.44979556037308455	0.5774634586978966
61.25341857710357	0.44979556037308455	0.5774634586978966
61.26619248297544	0.44979556037308455	0.5774634586978966
61.278969052742276	0.44979556037308455	0.5774634586978966
61.29174828695953	0.44979556037308455	0.5774634586978966
61.304530186182895	0.44979556037308455	0.5774634586978966
61.31731475096821	0.44979556037308455	0.5774634586978966
61.33010198187121	0.44979556037308455	0.5774634586978966
61.34289187944798	0.44979556037308455	0.5774634586978966
61.35568444425465	0.44979556037308455	0.5774634586978966
61.36847967684741	0.44979556037308455	0.5774634586978966
61.3812775777826	0.44979556037308455	0.5774634586978966
61.394078147616696	0.44979556037308455	0.5774634586978966
61.4068813869063	0.44979556037308455	0.5774634586978966
61.41968729620809	0.44979556037308455	0.5774634586978966
61.43249587607883	0.44979556037308455	0.5774634586978966
61.445307127075516	0.44979556037308466	0.5774634586978966
61.45812104975515	0.44979556037308455	0.5774634586978966
61.470937644674876	0.44979556037308466	0.5774634586978966
61.48375691239198	0.44979556037308455	0.5774634586978966
61.4965788534639	0.44979556037308466	0.5774634586978966
61.50940346844809	0.44975582671891184	0.5775144746759056
61.52223075790217	0.4495801010730119	0.5777402055386303
61.5350607223839	0.4494045144083283	0.5779659341917518
61.547893362451155	0.4492290666745656	0.5781916604879075
61.56072867866187	0.44905375782118095	0.5784173842799285
61.57356667157411	0.4488785877973835	0.5786431054208419
61.586407341746174	0.4487035565521345	0.5788688237638717
61.59925068973631	0.4485286640341503	0.5790945391624374
61.61209671610295	0.44835391019190207	0.579320251470155
61.62494542140466	0.44817929497361586	0.5795459605408386
61.637796806200136	0.4480048183272732	0.579771666228501
61.65065087104816	0.44783048020061406	0.5799973683873513
61.663507616507594	0.44765628054113615	0.5802230668717979
61.67636704313748	0.44748221929609494	0.580448761536449
61.68922915149698	0.4473082964125052	0.5806744522361124
61.702093942145346	0.447134511837142	0.5809001388257953
61.71496141564188	0.4469608655165424	0.5811258211607047
61.727831572546165	0.44678735739700326	0.5813514990962504
61.740704413417745	0.4466139874245849	0.581577172488042
61.75357993881633	0.4464407555451116	0.5818028411918902
61.76645814930176	0.44626766170417	0.5820285050638097
61.77933904543405	0.4460947058471121	0.5822541639600172
61.79222262777323	0.44592188791905596	0.5824798177369312
61.805108896879446	0.44585012066441027	0.5827826646214643
61.817997853313045	0.4457860831851572	0.5830911980706479
61.83088949763444	0.44572217711396883	0.5833996012958158
61.8437838304042	0.445658402210727	0.5837078742924109
61.856680852182905	0.44559475823568834	0.5840160170562746
61.8695805635314	0.44553124494948426	0.5843240295836467
61.88248296501054	0.44546786211312156	0.584631911871161
61.89538805718131	0.44540460948798205	0.5849396639158436
61.90829584060485	0.4453414868358219	0.5852472857151148
61.92120631584243	0.4452784939187729	0.5855547772667835
61.93411948345538	0.44521563049934204	0.5858621385690463
61.947035344005144	0.445152896340411	0.586169369620486
61.959953898053335	0.4450902912052369	0.5864764704200714
61.972875146161705	0.4450278148574515	0.5867834409671545
61.98579908889204	0.44496546706106227	0.5870902812614667
61.99872572680625	0.4449032475804518	0.5873969913031187
62.011655060466445	0.44484115618037723	0.5877035710926022
62.02458709043478	0.4447791926259713	0.588010020630782
62.03752181727353	0.4447173566827419	0.5883163399188975
62.05045924154512	0.4446556481165715	0.5886225289585626
62.063399363812124	0.4445940666937177	0.5889285877517622
62.076342184637134	0.4445326121808138	0.5892345163008482
62.08928770458288	0.44447128434486755	0.589540314608541
62.1022359242123	0.44441008295326145	0.5898459826779288
62.11518684408842	0.44434900777375314	0.5901515205124631
62.12814046477429	0.4442880585744752	0.5904569281159575
62.141096786833145	0.44422723512393486	0.5907622054925861
62.15405581082838	0.44416653719101407	0.5910673526468847
62.16701753732344	0.4441059645449696	0.5913723695837448
62.17998196688186	0.4440455169554328	0.5916772563084135
62.19294910006742	0.4439851941924092	0.5919820128264944
62.20591893744391	0.4439249960262793	0.5922866391439434
62.218891479575255	0.4438649222277973	0.5925911352670662
62.23186672702552	0.44380497256809265	0.5928955012025184
62.244844680358845	0.4437451468186683	0.5931997369573044
62.25782534013963	0.443685444751401	0.5935038425387761
62.27080870693213	0.44362586613854277	0.5938078179546256
62.28379478130096	0.443566410752718	0.5941116632128927
62.29678356381078	0.44350707836692604	0.5944153783219572
62.309775055026314	0.4434478687545393	0.5947189632905384
62.322769255512405	0.44338878168930396	0.5950224181276932
62.33576616583409	0.4433298169453399	0.595325742842817
62.34876578655652	0.4432709742971396	0.5956289374456404
62.361768118244875	0.44321225351956955	0.5959320019462258
62.37477316146452	0.443153654387869	0.5962349363549679
62.3877809167809	0.4430951766776501	0.5965377406825938
62.400791384759685	0.4430368201648974	0.596840414940159
62.41380456596647	0.4429785846259693	0.5971429591390433
62.42682046096712	0.4429204698375954	0.5974453732909556
62.4398390703276	0.44286247557687836	0.5977476574079289
62.45286039461396	0.4428046016212927	0.5980498115023177
62.46588443439232	0.44274684774868556	0.5983518355867972
62.47891119022902	0.44268921373727527	0.5986537296743639
62.49194066269052	0.4426316993656523	0.5989554937783325
62.50497285234328	0.44257430441277834	0.5992571279123328
62.518007759753935	0.44251702865798714	0.5995586320903096
62.53104538548931	0.44245421964729725	0.5998676693768097
62.54408573011629	0.44237890545869235	0.600193713531453
62.5571287942018	0.4423037399681819	0.6005196201386043
62.57017457831302	0.4422287229018648	0.6008453891812519
62.583223083017195	0.44215385398626256	0.6011710206428807
62.596274308881696	0.44207913294831924	0.6014965145074691
62.60932825647393	0.4420045595154024	0.6018218707594861
62.62238492636153	0.4419301334153014	0.6021470893838943
62.63544431911225	0.44185585437622954	0.6024721703661416
62.64850643529389	0.44178172212682315	0.6027971136921624
62.661571275474344	0.4417077363961423	0.603121919348373
62.674638840221775	0.4416338969136704	0.6034465873216737
62.68770913010433	0.44156020340931457	0.6037711175994419
62.700782145690255	0.4414866556134061	0.6040955101695321
62.71385788754805	0.4414132532567	0.6044197650202751
62.72693635624625	0.4413399960703751	0.6047438821404744
62.74001755235349	0.4412668837860352	0.6050678615194027
62.75310147643855	0.4411939161357077	0.6053917031468021
62.76618812907033	0.4411210928518451	0.6057154070128812
62.77927751081786	0.4410484136673232	0.6060389731083142
62.792369622250305	0.4409758783154439	0.6063624014242359
62.80546446393682	0.4409034865299328	0.6066856919522405
62.81856203644688	0.4408312380449402	0.6070088446843838
62.83166234034994	0.4407591325950416	0.6073318596131744
62.84476537621557	0.4406871699152374	0.6076547367315753
62.857871144613526	0.4406153497409523	0.6079774760330031
62.870979646113696	0.44054367180803616	0.6083000775113242
62.88409088128603	0.4404721358527642	0.6086225411608511
62.89720485070053	0.44040074161183657	0.6089448669763419
62.91032155492749	0.44032948882237777	0.6092670549530009
62.923440994537245	0.4402583772219379	0.6095891050864733
62.93656317010019	0.44018740654849203	0.6099110173728427
62.94968808218686	0.4401165765404407	0.6102327918086301
62.962815731368025	0.4400458869366086	0.6105544283907953
62.97594611821443	0.4399753374762462	0.6108759271167287
62.989079243296956	0.43990492789902885	0.6111972879842527
63.00221510718667	0.4398346579450569	0.6115185109916207
63.01535371045477	0.43976452735485544	0.6118395961375139
63.0284950536725	0.43969453586937496	0.6121605434210379
63.04163913741123	0.43962468322999093	0.6124813528417218
63.0547859622425	0.4395549691785035	0.6128020243995177
63.06793552873795	0.43948539345713716	0.6131225580947985
63.081087837469326	0.4394159558085422	0.6134429539283526
63.09424288900847	0.43934665597579337	0.6137632119013843
63.10740068392743	0.4392774937023896	0.6140833320155143
63.12056122279827	0.43920846873225494	0.6144033142727736
63.13372450619321	0.43913958080973803	0.6147231586756022
63.146890534684616	0.43907082967961164	0.615042865226851
63.16005930884497	0.43900221508707293	0.6153624339297759
63.173230829246876	0.4389337367777437	0.6156818647880368
63.18640509646296	0.43886539449767004	0.616001157805695
63.199582111066114	0.4387971879933216	0.6163203129872146
63.2127618736293	0.4387291170115921	0.6166393303374582
63.22594438472555	0.4386611812997997	0.6169582098616836
63.239129644928006	0.43859338060568615	0.6172769515655429
63.252317654810085	0.43852571467741613	0.6175955554550846
63.2655084149451	0.43845818326357905	0.6179140215367447
63.278701925906624	0.43839078611318694	0.6182323498173495
63.29189818826834	0.4383235229756753	0.618550540304114
63.30509720260404	0.4382563936009023	0.6188685930046386
63.31829896948762	0.43818939773914994	0.6191865079269058
63.331503489493045	0.43812253514112276	0.6195042850792798
63.34471076319452	0.4380558055579477	0.619821924470507
63.357920791166336	0.43798920874117414	0.6201394261097121
63.37113357398275	0.4379227444427745	0.620456790006392
63.384349112218366	0.43785641241514295	0.6207740161704225
63.39756740644779	0.4377902124110953	0.6210911046120519
63.41078845724576	0.43772414418386973	0.6214080553418972
63.42401226518708	0.43765820748712636	0.6217248683709449
63.43723883084679	0.43759240207494604	0.6220415437105503
63.45046815479999	0.4375267277018312	0.6223580813724343
63.463700237621886	0.43746118412270524	0.6226744813686808
63.47693507988779	0.4373988530011447	0.6229863541247743
63.49017268217322	0.43735063376339134	0.623278157439253
63.50341304505372	0.4373025172405379	0.6235698321145708
63.51665616910496	0.43726159985360946	0.62386635211053
63.529902054902784	0.43722547666317707	0.6241660244683692
63.5431507030232	0.4371894508252352	0.624465555554047
63.55640211404219	0.437153522140283	0.6247649454284303
63.569656288535924	0.4371176904092321	0.6250641941525495
63.582913227080745	0.43708195543340445	0.6253633017876002
63.59617293025307	0.4370463170145327	0.6256622683949392
63.60943539862946	0.4370107749547597	0.6259610940360822
63.62270063278648	0.43697532905663694	0.6262597787727042
63.63596863330103	0.4369399791231243	0.626558322666641
63.649239400749956	0.4369047249575898	0.6268567257798826
63.662512935710254	0.43686956636380836	0.6271549881745755
63.67578923875907	0.436834503145961	0.6274531099130226
63.68906831047375	0.4367995351086346	0.6277510910576802
63.70235015143161	0.43676466205682124	0.6280489316711559
63.71563476221012	0.4367298837959172	0.6283466318162086
63.72892214338697	0.4366952001317223	0.6286441915557497
63.742212295539886	0.43666061087043956	0.6289416109528387
63.75550521924674	0.4366261158186742	0.6292388900706831
63.768800915085464	0.43659171478343317	0.6295360289726373
63.78209938363424	0.43655740757212363	0.6298330277222036
63.795400625471245	0.43652319399255407	0.630129886383027
63.80870464117482	0.43648907385293195	0.630426605018897
63.82201143132346	0.4364550469618635	0.6307231836937474
63.83532099649576	0.4364211131283532	0.631019622471653
63.84863333727043	0.4363872721618032	0.6313159214168288
63.86194845422622	0.43635352387201237	0.6316120805936289
63.875266347942166	0.43631986806917566	0.6319081000665481
63.88858701899734	0.43628630456388345	0.6322039799002183
63.90191046797091	0.4362528331671209	0.6324997201594068
63.915236695442154	0.4362194536902673	0.6327953209090165
63.92856570199057	0.436186165945095	0.6330907822140865
63.9418974881957	0.43615296974376944	0.6333861041397884
63.95523205463714	0.43611986489884796	0.6336812867514248
63.96856940189475	0.4360868512232789	0.6339763301144322
63.98190953054848	0.4360539285304014	0.6342712342943778
63.995252441178316	0.4360210966339448	0.6345659993569556
64.00859813436442	0.4359883553480274	0.6348606253679896
64.02194661068707	0.43595570448715576	0.6351551123934318
64.03529787072671	0.43592314386622505	0.6354494604993604
64.04865191506384	0.4358906733005168	0.635743669751979
64.06200874427904	0.43585829260569975	0.6360377402176144
64.0753683589532	0.4358260015978277	0.6363316719627199
64.0887307596671	0.4357938000933401	0.6366254650538689
64.10209594700174	0.4357616879090608	0.6369191195577564
64.1154639215383	0.43572966486219705	0.6372126355411997
64.12883468385806	0.43569773077033913	0.6375060130711356
64.14220823454232	0.43566588545146007	0.6377992522146184
64.15558457417256	0.43563412872391416	0.6380923530388205
64.16896370333045	0.4356024604064369	0.6383853156110318
64.18234562259772	0.4355708803181436	0.638678139998659
64.1957303325562	0.4355393882785298	0.6389708262692215
64.20911783378786	0.43550798410746955	0.6392633744903535
64.22250812687481	0.43547666762521503	0.6395557847298042
64.23590121239928	0.4354454386523961	0.6398480570554329
64.24929709094357	0.4354142970100194	0.6401401915352102
64.26269576309016	0.4353832425194676	0.6404321882372184
64.27609722942168	0.43535227500249907	0.6407240472296494
64.28950149052079	0.4353213942812464	0.6410157685808024
64.30290854697031	0.43529060017821697	0.6413073523590842
64.31631839935318	0.43551982152219565	0.6417751625863634
64.32973104825257	0.4361640474367046	0.6425242936319396
64.34314649425153	0.43680721796593835	0.6432724158871909
64.35656473793341	0.4374493375583957	0.6440195327408609
64.36998577988173	0.43809041063134396	0.6447656475629236
64.38340962067998	0.43873044157111535	0.6455107637047178
64.39683626091178	0.439369434733413	0.6462548844990907
64.41026570116102	0.4400073944436058	0.6469980132605375
64.42369794201161	0.44064432499702016	0.6477401532853354
64.4371329840476	0.4412802306592236	0.6484813078516737
64.45057082785307	0.4419151156663107	0.649221480219789
64.46401147401238	0.44254898422519195	0.6499606736321062
64.47745492310997	0.443181840513864	0.6506988913133611
64.49090117573027	0.44381368868167975	0.6514361364707248
64.504350232458	0.4444445328496316	0.6521724122939478
64.51780209387793	0.44507437711061354	0.6529077219554795
64.53125676057496	0.4457032255296821	0.653642068610591
64.54471423313406	0.44633108214432154	0.6543754553975052
64.5581745121404	0.446957950964704	0.6551078854375231
64.57163759817928	0.4475838051095017	0.6558394070604526
64.58510349183605	0.4482086672801147	0.6565699958566477
64.59857219369619	0.4488325536212197	0.657299636994306
64.61204370434538	0.44945546803582975	0.6580283335292806
64.62551802436934	0.4500774144008899	0.6587560885010918
64.63899515435392	0.45069839656752025	0.6594829049330495
64.65247509488513	0.45131841836125747	0.6602087858323735
64.66595784654915	0.4519374835822881	0.6609337341903077
64.67944340993215	0.4525555960056759	0.6616577529822293
64.69293178562049	0.45317275938159635	0.6623808451677684
64.70642297420066	0.4537889774355635	0.663103013690921
64.71991697625933	0.4544042538686564	0.6638242614801628
64.73341379238315	0.45501859235773257	0.6645445914485509
64.74691342315899	0.45563199655565306	0.6652640064938417
64.76041586917384	0.4562444700915026	0.6659825094986013
64.77392113101479	0.45685601657079566	0.6667001033303075
64.78742920926902	0.45746663957569245	0.6674167908414589
64.80094010452392	0.4580763426652098	0.668132574869685
64.81445381736694	0.45868512937542755	0.6688474582378497
64.82797034838569	0.45929300321968813	0.6695614437541506
64.84148969816779	0.4598999676888021	0.6702745342122256
64.85501186730114	0.4605060262512525	0.6709867323912609
64.86853685637372	0.46111118235338827	0.6716980410560878
64.88206466597356	0.4617154394196178	0.6724084629572803
64.89559529668884	0.4623188008526036	0.6731180008312587
64.90912874910794	0.4627501175581004	0.6737090865307009
64.92266502381925	0.46282960181491134	0.6740582408439794
64.93620412141134	0.4629090935169931	0.6744071675018521
64.94974604247292	0.4629885925486667	0.6747558667935388
64.96329078759283	0.4630680987947435	0.6751043390077104
64.97683835735995	0.4631476121405227	0.6754525844324896
64.99038875236334	0.4632271324717901	0.6758006033554539
65.00394197319223	0.46330665967481593	0.6761483960636379
65.01749802043588	0.4633861936363521	0.6764959628435333
65.03105689468376	0.46346573424363025	0.6768433039810876
65.04461859652532	0.4635452813843597	0.6771904197617075
65.05818312655036	0.46362483494672585	0.6775373104702634
65.0717504853486	0.46370439481938724	0.6778839763910839
65.08532067350995	0.4637839608914737	0.6782304178079602
65.09889369162445	0.4638635330525848	0.6785766350041492
65.11246954028235	0.4639431111927874	0.6789226282623729
65.12604822007387	0.46402269520261347	0.6792683978648176
65.13962973158938	0.46410228497305756	0.6796139440931365
65.15321407541946	0.46418188039557645	0.6799592672284538
65.16680125215478	0.46426148136208567	0.6803043675513624
65.18039126238614	0.4643410877649577	0.6806492453419244
65.19398410670433	0.46442069949702	0.6809939008796748
65.2075797857005	0.46450031645155354	0.6813383344436224
65.22117829996576	0.46457993852229046	0.6816825463122491
65.23477965009134	0.4646595656034112	0.6820265367635118
65.24838383666865	0.4647391975895446	0.6823703060748448
65.26199086028927	0.464818834375764	0.6827138545231608
65.2756007215448	0.46489847585758626	0.6830571823848492
65.28921342102699	0.4649781219309692	0.6834002899357797
65.30282895932773	0.46505777249231073	0.6837431774513039
65.31644733703908	0.46513742743844577	0.6840858452062557
65.33006855475315	0.465217086666645	0.6844282934749517
65.34369261306216	0.4652967500746124	0.6847705225311913
65.35731951255855	0.46537641756048437	0.6851125326482627
65.37094925383481	0.4654560890228269	0.6854543240989385
65.38458183748354	0.4655357643606337	0.6857958971554786
65.39821726409751	0.46561544347332506	0.6861372520896333
65.41185553426962	0.4656951262607458	0.6864783891726436
65.42549664859288	0.46577481262316267	0.6868193086752394
65.43914060766035	0.4658545024612629	0.6871600108676428
65.45278741206532	0.4659341956761531	0.6875004960195713
65.46643706240124	0.4660138921693572	0.6878407644002372
65.48008955926146	0.46609359184281257	0.688180816278344
65.49374490323964	0.4661732945988715	0.6885206519220958
65.5074030949296	0.4662530003402978	0.6888602715991947
65.52106413492518	0.46633270897026435	0.68919967557684
65.53472802382029	0.4664124203923519	0.6895388641217302
65.5483947622091	0.46649213451054833	0.6898778375000666
65.5620643506859	0.4665718512292455	0.6902165959775537
65.575736789845	0.4666515704532376	0.6905551398193966
65.58941208028087	0.4667312920877204	0.6908934692903053
65.60309022258814	0.46681101603828845	0.6912315846544964
65.6167712173616	0.46689074221093446	0.691569486175694
65.630455065196	0.4669704705120459	0.6919071741171258
65.64414176668637	0.467050200848405	0.6922446487415315
65.65783132242787	0.4671299331271864	0.6925819103111611
65.67152373301569	0.46720966725595525	0.6929189590877736
65.68521899904515	0.4672894031426655	0.6932557953326395
65.69891712111176	0.46736914069565855	0.6935924193065443
65.71261809981115	0.4674488798236616	0.6939288312697872
65.72632193573904	0.4675286204357859	0.6942650314821819
65.74002862949122	0.46759557465058843	0.6945924114721514
65.75373818166373	0.46765372412794	0.694913659540085
65.76745059285268	0.4677118909717831	0.6952347169367638
65.78116586365422	0.46777007507674306	0.6955555838719604
65.79488399466476	0.46782827633781765	0.6958762605551188
65.80860498648079	0.46788649465037513	0.696196747195354
65.82232883969886	0.4679447299101525	0.6965170440014501
65.83605555491567	0.4680029820132546	0.6968371511818637
65.84978513272813	0.46806125085615274	0.6971570689447247
65.8635175737332	0.4681195363356831	0.6974767974978355
65.877252878528	0.46817783834904525	0.6977963370486702
65.89099104770965	0.4682361567938011	0.698115687804377
65.9047320818756	0.46829449156787345	0.6984348499717804
65.91847598162325	0.46835284256954435	0.698753823757377
65.93222274755023	0.468411209697454	0.6990726093673402
65.94597238025423	0.4684695928505994	0.6993912070075186
65.95972488033316	0.4685279919283332	0.6997096168834387
65.9734802483849	0.46858640683036196	0.7000278392003015
65.98723848500758	0.4686448374567444	0.700345874162986
66.00099959079942	0.46870328370789155	0.7006637219760505
66.01476356635881	0.4687617454845644	0.7009813828437313
66.02853041228416	0.46882022268787227	0.7012988569699421
66.04230012917402	0.4688787152192719	0.7016161445582766
66.05607271762722	0.4689372229805669	0.7019332458120103
66.06984817824251	0.4689957458739051	0.7022501609340971
66.08362651161887	0.4690542838017781	0.7025668901271717
66.0974077183554	0.4691128366670197	0.7028834335935519
66.11119179905137	0.46917140437280525	0.703199791535238
66.12497875430606	0.46922998682264916	0.7035159641539104
66.13876858471892	0.4692885839204041	0.7038319516509333
66.15256129088957	0.46934719557026083	0.7041477542273562
66.16635687341777	0.46940582167674544	0.7044633720839117
66.18015533290331	0.4694644621447187	0.7047788054210166
66.19395666994612	0.46952311687937487	0.7050940544387719
66.20776088514639	0.4695817857862405	0.7054091193369676
66.22156797910425	0.4696404687711727	0.7057240003150763
66.23537795242007	0.4696991657403586	0.7060386975722586
66.24919080569431	0.4697578766003137	0.706353211307363
66.26300653952761	0.4698166012578809	0.706667541718926
66.27682515452065	0.4698753396202287	0.7069816890051706
66.29064665127423	0.4699340915948506	0.7072956533640088
66.30447103038937	0.46999285708956384	0.7076094349930433
66.31829829246718	0.47005163601250805	0.7079230340895667
66.33212843810885	0.47011042827214355	0.7082364508505601
66.34596146791571	0.4701692337772509	0.7085496854726959
66.35979738248925	0.47022805243693	0.7088627381523395
66.3736361824311	0.4702868841605975	0.7091756090855466
66.38747786834287	0.47034572885798676	0.7094882984680642
66.40132244082649	0.47040458643914645	0.709800806495335
66.41516990048396	0.4704634568144397	0.7101131333624942
66.42902024791732	0.47052233989454173	0.7104252792643694
66.44287348372879	0.4705812355904401	0.7107372443954832
66.45672960852072	0.47064014381343244	0.7110490289500541
66.47058862289568	0.4706990644751268	0.711360633121997
66.4844505274561	0.4707579974874381	0.7116720571049182
66.49831532280481	0.4708169427625894	0.7119833010921252
66.51218300954466	0.4708759002131097	0.7122943652766208
66.52605358827863	0.47093486975183235	0.7126052498511055
66.53992705960975	0.47099385129189475	0.7129159550079763
66.55380342414131	0.47105284474673687	0.7132264809393307
66.56768268247667	0.47111185003010053	0.7135368278369654
66.5815648352193	0.4711708670560273	0.7138469958923747
66.59544988297277	0.4712298957388582	0.7141569852967535
66.60933782634083	0.4712889359932324	0.7144667962409983
66.62322866592744	0.47134798773408676	0.714776428915708
66.63712240233639	0.47140705087665274	0.7150858835111775
66.65101903617189	0.47146612533645776	0.7153951602174095
66.6649185680382	0.471525211029323	0.7157042592241076
66.67882099853968	0.4715843078713618	0.7160131807206774
66.69272632828073	0.4717688898856902	0.7164045462609454
66.70663455786605	0.47195466306086636	0.716796473728363
66.72054568790037	0.47214033213826867	0.7171881104418154
66.73445971898853	0.47232589722083246	0.7175794568760148
66.7483766517355	0.4725113584113842	0.7179705135043633
66.76229648674646	0.4726967158126418	0.7183612807989609
66.77621922462663	0.47288196952721223	0.7187517592306041
66.79014486598133	0.47306711965759213	0.7191419492687943
66.80407341141608	0.47325216630616873	0.719531851381744
66.81800486153656	0.47343710957521906	0.7199214660363815
66.8319392169485	0.47362194956690823	0.7203107936983523
66.8458764782577	0.4738066863832907	0.7206998348320258
66.85981664607023	0.4739913413104313	0.7210885576728524
66.87375972099221	0.4741759093326527	0.721476970454725
66.8877057036299	0.4743603744328491	0.7218650981563948
66.90165459458964	0.4745447367127726	0.7222529412370443
66.91560639447799	0.4747289962740644	0.7226405001546095
66.92956110390155	0.47491315321825184	0.7230277753657762
66.94351872346707	0.47509720764674973	0.7234147673259897
66.95747925378141	0.4752811596608603	0.7238014764894596
66.97144269545171	0.47546500936177327	0.7241879033091639
66.985409049085	0.4756487568505639	0.724574048236851
66.99937831528855	0.4758324022281939	0.7249599117230469
67.01335049466978	0.4760159455955126	0.7253454942170605
67.02732558783624	0.4761993870532557	0.7257307961669885
67.04130359539553	0.47638272670204385	0.7261158180197157
67.05528451795541	0.47656596464238377	0.7265005602209226
67.06926835612384	0.47674910097466955	0.7268850232150929
67.0832551105088	0.47693213579917965	0.7272692074455122
67.09724478171844	0.4771150692160777	0.7276531133542744
67.11123737036105	0.47729790132541466	0.7280367413822898
67.12523287704506	0.47748063222712545	0.7284200919692861
67.139231302379	0.47766326202103077	0.7288031655538121
67.15323264697149	0.4778457908068354	0.7291859625732431
67.16723691143133	0.4780282186841303	0.7295684834637868
67.18124409636751	0.47821054575239147	0.7299507286604882
67.19525420238898	0.4783927721109786	0.7303326985972282
67.20926723010491	0.4785748978591359	0.7307143937067339
67.22328318012467	0.47875692309599394	0.7310958144205825
67.23730205305765	0.478938847920566	0.7314769611692017
67.25132384951334	0.4791206724317496	0.7318578343818765
67.26534857010148	0.479302396728328	0.7322384344867542
67.27937621543187	0.4794840209089677	0.7326187619108481
67.29340678611445	0.4796655450722197	0.7329988170800403
67.30744028275922	0.4798469693165176	0.733378600419085
67.3214767059764	0.480028293740181	0.7337581123516183
67.33551605637635	0.48020951844141196	0.7341373533001563
67.34955833456948	0.4803906435182971	0.734516323686102
67.36360354116628	0.48057166906880516	0.7348950239297468
67.37765167677757	0.4807525951907906	0.7352734544502803
67.39170274201413	0.48093342198199013	0.7356516156657882
67.40575673748683	0.4811141495400235	0.7360295079932578
67.41981366380683	0.4812947779623953	0.7364071318485863
67.43387352158535	0.4814753073464929	0.7367844876465802
67.44793631143368	0.48165573778958626	0.7371615758009593
67.46200203396324	0.4818360693888288	0.7375383967243626
67.47607068978569	0.48201630224125774	0.7379149508283525
67.49014227951274	0.48219643644379334	0.7382912385234185
67.50421680375622	0.4823764720932385	0.7386672602189785
67.51829426312804	0.4825564092862786	0.7390430163233849
67.53237465824039	0.48273624811948346	0.7394185072439304
67.54645798970544	0.48287129381198	0.7397645586362851
67.56054425813555	0.48292917411876896	0.7400600622420235
67.57463346414318	0.4829870618442341	0.7403554035621844
67.588725608341	0.4830449569217368	0.7406505827603785
67.60282069134172	0.48310285928486085	0.7409455999999698
67.61691871375815	0.4831607688674112	0.7412404554440769
67.63101967620334	0.4832186856034142	0.7415351492555767
67.64512357929044	0.48327660942711614	0.7418296815971016
67.65923042363261	0.4833345402729818	0.7421240526310373
67.67334020984325	0.4833924780756951	0.7424182625195297
67.68745293853591	0.4834504227701577	0.7427123114244821
67.70156861032419	0.48350837429148796	0.7430061995075539
67.71568722582182	0.48356633257502013	0.7432999269301622
67.72980878564272	0.4836242975563046	0.7435934938534844
67.74393329040095	0.48368226917110574	0.7438869004384574
67.75806074071056	0.48374024735540244	0.7441801468457748
67.77219113718587	0.4837982320453859	0.7444732332358911
67.78632448044125	0.4838562231774607	0.7447661597690223
67.80046077109132	0.4839142206882428	0.7450589266051448
67.8146000097506	0.48397222451455857	0.7453515339039931
67.82874219703395	0.4840302345934452	0.7456439818250669
67.84288733355629	0.4840882508621492	0.7459362705276262
67.85703541993264	0.4841462732581258	0.746228400170693
67.87118645677815	0.48420430171903817	0.7465203709130513
67.88534044470813	0.48426233618275666	0.7468121829132504
67.89949738433805	0.48432037658735894	0.7471038363296016
67.91365727628342	0.4843784228711273	0.7473953313201801
67.92782012115988	0.48443647497254994	0.7476866680428249
67.94198591958333	0.48449453283031974	0.7479778466551417
67.95615467216966	0.4845525963833326	0.7482688673144988
67.97032637953492	0.4846106655706878	0.7485597301780313
67.98450104229529	0.4846687403316867	0.7488504354026403
67.9986786610672	0.4847268206058327	0.7491409831449942
68.01285923646702	0.48478490633282967	0.7494313735615262
68.02704276911132	0.4848429974525817	0.7497216068084365
68.04122925961681	0.48490109390519237	0.7500116830416942
68.0554187086004	0.4849591956309646	0.7503016024170372
68.069611116679	0.4850079383826935	0.750605856973249
68.08380648446968	0.4850532499445033	0.7509152830490505
68.09800481258974	0.48509858254280547	0.7512245396156024
68.11220610165647	0.4851439360858088	0.7515336268388815
68.12641035228735	0.48518931048200564	0.7518425448846375
68.14061756510002	0.48523470564017157	0.7521512939183949
68.15482774071221	0.4852801214693637	0.7524598741054503
68.16904087974181	0.48532555787891996	0.7527682856108744
68.18325698280677	0.4853710147784582	0.7530765285995096
68.19747605052524	0.48541649207787535	0.7533846032359758
68.2116980835155	0.4854619896873465	0.7536925096846657
68.2259230823959	0.4855075075173237	0.7540002481097466
68.24015104778493	0.4855530454785351	0.75430781867516
68.25438198030132	0.48559860348198436	0.7546152215446249
68.26861588056376	0.4856441814389493	0.7549224568816348
68.28285274919115	0.48568977926098106	0.7552295248494574
68.29709258680252	0.4857353968599037	0.7555364256111395
68.31133539401712	0.4857810341478129	0.7558431593295036
68.32558117145413	0.4858266910370744	0.7561497261671476
68.33982991973298	0.48587236744032425	0.7564561262864464
68.35408163947325	0.4859180632704674	0.7567623598495541
68.36833633129461	0.48596377844067673	0.7570684270184018
68.38259399581686	0.4860095128643921	0.7573743279546976
68.39685463365991	0.48605526645531966	0.7576800628199282
68.41111824544386	0.4861010391274311	0.7579856317753593
68.42538483178888	0.48614683079496224	0.7582910349820351
68.43965439331527	0.4861926413724126	0.7585962726007783
68.45392693064348	0.48623847077454446	0.7589013447921916
68.46820244439415	0.48628431891638185	0.7592062517166585
68.48248093518795	0.4863301857132098	0.7595109935343404
68.49676240364569	0.48637607108057324	0.7598155704051793
68.51104685038837	0.4864219749342765	0.7601199824888987
68.52533427603711	0.4864678971903824	0.7604242299450037
68.53962468121311	0.4865138377652109	0.7607283129327781
68.55391806653769	0.48674917893658665	0.7611533256205768
68.5682144326324	0.4870145361451041	0.7615973105042677
68.58251378011883	0.48727969406785043	0.7620409445418116
68.5968161096187	0.4875446530394727	0.7624842283635808
68.6111214217539	0.487809413393656	0.7629271625980037
68.62542971714647	0.48807397546312686	0.7633697478715726
68.63974099641852	0.4883383395796546	0.7638119848088484
68.65405526019228	0.4886025060740579	0.7642538740324726
68.66837250909016	0.48886647527620797	0.7646954161631754
68.68269274373475	0.4891302475150335	0.7651366118197854
68.69701596474864	0.48939382311852136	0.7655774616192329
68.7113421727546	0.48965720241372224	0.7660179661765607
68.7256713683756	0.48992038572675656	0.7664581261049367
68.74000355223464	0.4901833733828145	0.7668979420156543
68.75433872495486	0.4904461657061606	0.7673374145181443
68.76867688715963	0.49070876302014027	0.7677765442199853
68.78301803947238	0.49097116564718124	0.7682153317269089
68.79736218251664	0.49123337390879596	0.7686537776428055
68.81170931691612	0.4914953881255871	0.7690918825697357
68.8260594432946	0.4917572086172513	0.7695296471079374
68.84041256227616	0.4920188357025842	0.7699670718558363
68.85476867448469	0.4922802696994771	0.7704041574100429
68.86912778054453	0.49254151092493054	0.770840904365375
68.88348988108005	0.4928025596950515	0.7712773133148577
68.89785497671566	0.4930634163250573	0.7717133848497281
68.91222306807595	0.4933240811292803	0.7721491195594482
68.92659415578566	0.4935845544211724	0.7725845180317114
68.94096824046974	0.49384483651330763	0.7730195808524506
68.9553453227531	0.49410492771738423	0.7734543086058416
68.96972540326087	0.494364828344229	0.7738887018743136
68.9841084826183	0.49462453870380224	0.7743227612385577
68.9984945614509	0.4948840591052012	0.7747564872775357
69.01288364038399	0.4951433898566581	0.7751898805684764
69.0272757200433	0.49540253126555117	0.7756229416868986
69.04167080105469	0.49566148363840445	0.7760556712066092
69.05606888404398	0.49592024728088957	0.7764880696997102
69.07046996963719	0.4961788224978307	0.7769201377366072
69.08487405846051	0.49643720959320964	0.7773518758860196
69.09928115114032	0.49669540887016667	0.7777832847149849
69.11369124830293	0.4969534206310038	0.7782143647888632
69.12810435057494	0.4972112451771887	0.7786451166713478
69.1425204585831	0.49746888280935986	0.7790755409244742
69.1569395729542	0.49772633382732623	0.7795056381086203
69.17136169431512	0.49798359853007185	0.7799354087825169
69.18578682329303	0.49824270408499055	0.7803616789509839
69.20021496051513	0.4985116537220025	0.7807719144786782
69.21464610660874	0.49878040237735133	0.7811818491509862
69.22908026220132	0.4990489503871453	0.7815914834589314
69.24351742792054	0.4993172980865277	0.7820008178921614
69.2579576043941	0.49958544580967984	0.7824098529389514
69.27240079224988	0.49985339388982214	0.7828185890862064
69.28684699211584	0.5001211426592214	0.7832270268194704
69.30129620462017	0.5003886924491947	0.7836351666229336
69.3157484303911	0.5006560435901106	0.7840430089794317
69.33020367005699	0.5009231964113946	0.784450554370455
69.3446619242464	0.5011901512415341	0.7848578032761552
69.35912319358802	0.501456908408081	0.7852647561753493
69.37358747871059	0.5017234682376539	0.7856714135455213
69.38805478024302	0.5019898310559442	0.786077775862832
69.40252509881435	0.5022559971877191	0.7864838436021229
69.41699843505381	0.5025219669568263	0.7868896172369227
69.43147478959071	0.5027877406861951	0.787295097239449
69.44595416305441	0.5030533186978416	0.7877002840806143
69.4604365560746	0.5033187013128742	0.7881051782300358
69.47492196928089	0.5035838888514931	0.7885097801560338
69.48941040330311	0.5038488816329976	0.7889140903256404
69.50390185877127	0.5041136799757883	0.7893181092046047
69.5183963363155	0.5043782841973713	0.7897218372573985
69.53289383656599	0.50464269461436	0.790125274947217
69.54739436015305	0.5049069115424795	0.7905284227359864
69.56189790770725	0.5051709352965722	0.790931281084372
69.5764044798592	0.5054347661905992	0.791333850451779
69.59091407723966	0.5056984045376433	0.7917361312963571
69.60542670047947	0.5059618506499128	0.7921381240750069
69.61994235020971	0.5062251048387482	0.7925398292433874
69.63446102706149	0.50648816741462	0.7929412472559143
69.64898273166607	0.5067510386871361	0.7933423785657698
69.66350746465488	0.5070137189650449	0.7937432236249068
69.67803522665953	0.5072762085562382	0.7941437828840539
69.69256601831164	0.5075385077677528	0.7945440567927159
69.707099840243	0.5078006169057758	0.7949440457991833
69.72163669308559	0.5080625362756483	0.7953437503505356
69.73617657747145	0.5083242661818682	0.7957431708926461
69.75071949403284	0.5085858069280925	0.7961423078701858
69.76526544340201	0.5088471588171402	0.7965411617266257
69.7798144262115	0.5091083221509991	0.796939732904248
69.7943664430939	0.5093692972308256	0.7973380218441449
69.8089214946819	0.5096300843569476	0.7977360289862226
69.82347958160835	0.5098906838288711	0.7981337547692113
69.83804070450634	0.5101510959452815	0.7985311996306667
69.85260486400895	0.5104113210040454	0.7989283640069712
69.86717206074938	0.5106713593022149	0.7993252483333421
69.88174229536108	0.510931211136032	0.799721853043837
69.89631556847763	0.5111908768009318	0.800118178571357
69.91089188073256	0.5114503565915401	0.800514225347645
69.92547123275972	0.5117096508016855	0.800909993803302
69.94005362519306	0.5119687597243964	0.8013054843677828
69.9546390586666	0.5122276836519049	0.8017006974694012
69.96922753381449	0.51248642287565	0.802095633535336
69.98381905127107	0.5127449776862835	0.8024902929916359
69.99841361167084	0.5130033483736695	0.8028846762632235
70.01301121564836	0.5132615352268877	0.8032787837738963
70.02761186383829	0.5135195385342377	0.8036726159463335
70.04221555687549	0.5137773585832427	0.8040661732021024
70.05682229539504	0.5140349956606521	0.8044594559616604
70.0714320800319	0.5142924500524396	0.8048524646443534
70.08604491142138	0.5145497220438148	0.8052451996684319
70.1006607901989	0.51480681191922	0.8056376614510466
70.11527971699992	0.5150637199623345	0.8060298504082538
70.12990169246005	0.5153204464560769	0.8064217669550197
70.14452671721511	0.5155769916826106	0.8068134115052262
70.15915479190105	0.5158333559233444	0.8072047844716749
70.17378591715384	0.5160895394589359	0.8075958862660876
70.18842009360962	0.5163455425692921	0.8079867172991121
70.20305732190478	0.5166013655335786	0.8083772779803307
70.21769760267573	0.5168570086302146	0.8087675687182558
70.23234093655898	0.5171124721368806	0.8091575899203395
70.24698732419128	0.5173677563305198	0.8095473419929768
70.2616367662095	0.5176228614873429	0.8099368253415105
70.27628926325058	0.5178777878828262	0.8103260403702304
70.29094481595156	0.5181325357917175	0.8107149874823796
70.30560342494972	0.5183871054880401	0.8111036670801629
70.32026509088247	0.5186414972450931	0.8114920795647446
70.33492981438728	0.518895711335455	0.8118802253362541
70.34959759610173	0.5191497480309842	0.8122681047937886
70.36426843666366	0.5194156259788946	0.8126633998547469
70.37894233671095	0.5199365327939647	0.8132215728217992
70.39361929688157	0.520456846437568	0.813779270105771
70.40829931781371	0.5209765685165487	0.8143364925847301
70.42298240014574	0.5214957006305895	0.8148932411343158
70.43766854451603	0.5220142443722532	0.8154495166277446
70.45235775156311	0.5225322013270287	0.8160053199358194
70.46705002192573	0.5230495730733764	0.8165606519269388
70.48174535624273	0.5235977801878275	0.817066481638808
70.49644375515305	0.524215539477194	0.8174624956714317
70.51114521929574	0.5248326214514568	0.817858349923511
70.52584974931013	0.5254490276806555	0.8182540441027751
70.54055734583551	0.5260647597296058	0.8186495779204725
70.55526800951138	0.5266798191579227	0.819044951091344
70.56998174097737	0.5272942075200427	0.8194401633335956
70.58469854087328	0.5279079263652402	0.819835214368868
70.59941840983899	0.5285209772376427	0.820230103922206
70.6141413485145	0.5291333616762534	0.8206248317220315
70.62886735753997	0.5297450812149715	0.8210193975001179
70.64359643755576	0.5303561373826081	0.8214138009915587
70.65832858920228	0.5309665317029045	0.82180804193474
70.67306381312002	0.5315762656945499	0.8222021200713135
70.68780210994979	0.5321853408712071	0.8225960351461724
70.70254348033235	0.5327937587415209	0.8229897869074184
70.71728792490865	0.5334015208091424	0.8233833751063387
70.73203544431982	0.534008628572748	0.8237767994973801
70.7467860392071	0.534615083526056	0.824170059838121
70.76153971021188	0.5352208871578449	0.8245631558892444
70.77629645797556	0.5358260409519676	0.8249560874145119
70.79105628313985	0.5364305463873814	0.8253488541807426
70.80581918634653	0.5370344049381549	0.8257414559577821
70.82058516823749	0.5376376180734886	0.8261338925184795
70.8353542294547	0.5382401872577355	0.8265261636386606
70.85012637064042	0.5388421139504194	0.8269182690971079
70.86490159243692	0.5394433996062499	0.8273102086755295
70.87967989548657	0.5400440456751399	0.827701982158538
70.89446128043203	0.5406440536022293	0.8280935893336273
70.90924574791597	0.5412434248278984	0.8284850299911477
70.92403329858126	0.5418421607877844	0.8288763039242798
70.93882393307081	0.5424402629127986	0.8292674109290116
70.95361765202775	0.5430377326291516	0.8296583508041185
70.96841445609536	0.5436345713583651	0.8300491233511385
70.98321434591699	0.5442307805172869	0.8304397283743447
70.99801732213609	0.5448263615181114	0.8308301656807268
71.01282338539643	0.5454213157684026	0.8312204350799705
71.02763253634171	0.5460156446711008	0.831610536384429
71.04244477561579	0.546609349624546	0.8320004694091039
71.0572601038628	0.5472024320224979	0.8323902339716248
71.07207852172691	0.5477948932541477	0.8327798298922249
71.08690002985243	0.5483867347041375	0.8331692569937191
71.10172462888376	0.548977957752575	0.8335585151014823
71.1165523194655	0.5495685637750567	0.8339476040434306
71.1313831022425	0.5501585541426836	0.8343365236500007
71.1462169778594	0.5507479302220655	0.8347252737541192
71.16105394696129	0.5513366933753578	0.8351138541911955
71.17589401019335	0.5519374282462329	0.8355105772514585
71.19073716820076	0.5526178611758283	0.8359602266199913
71.20558342162887	0.5532975000595981	0.8364096625291945
71.22043277112327	0.5539763469103506	0.8368588847207976
71.23528521732966	0.5546544037334052	0.8373078929407386
71.25014076089379	0.5553316725266166	0.8377566869391192
71.26499940246151	0.5560081552804134	0.8382052664701697
71.27986114267901	0.5566838539778329	0.8386536312922118
71.29472598219249	0.5573587705945495	0.8391017811676171
71.30959392164813	0.5580329070988973	0.8395497158627633
71.32446496169251	0.5587062654519201	0.8399974351480077
71.33933910297226	0.5593788476073915	0.8404449387976426
71.3542163461341	0.5600506555118454	0.8408922265898572
71.36909669182481	0.5607216911046082	0.8413392983067007
71.38398014069148	0.5613919563178364	0.8417861537340512
71.39886669338127	0.562061453076543	0.8422327926615746
71.41375635054142	0.5627301832986237	0.8426792148826875
71.42864911281933	0.5633981488948937	0.8431254201945241
71.44354498086261	0.5640653517691204	0.843571408397903
71.45844395531888	0.5647317938180462	0.8440171792972867
71.47334603683593	0.5653974769314231	0.8444627327007503
71.48825122606178	0.5660624029920466	0.8449080684199496
71.50315952364453	0.5667265738757823	0.8453531862700835
71.51807093023235	0.5673899914515919	0.8457980860698595
71.53298544647359	0.5680526575815678	0.8462427676414623
71.54790307301676	0.5687145741209658	0.8466872308105228
71.56282381051055	0.5693757429182313	0.8471314754060836
71.57774765960367	0.5700361658150257	0.8475755012605635
71.59267462094498	0.5706958446462584	0.8480193082097285
71.60760469518358	0.5713547812401238	0.8484628960926633
71.62253788296863	0.572012977418116	0.8489062647517323
71.63747418494937	0.5726704349950671	0.8493494140325519
71.6524136017753	0.573327155779178	0.8497923437839634
71.66735613409601	0.5739831415720429	0.8502350538579975
71.68230178256121	0.5746383941686776	0.8506775441098446
71.69725054782066	0.5752929153575468	0.8511198143978235
71.71220243052441	0.5759467069206015	0.8515618645833579
71.72715743132262	0.5765997706332991	0.8520036945309412
71.74211555086549	0.5772521082646317	0.8524453041081064
71.75707678980339	0.5779037215771561	0.8528866931854003
71.77204114878688	0.5785546123270278	0.8533278616363568
71.78700862846664	0.5792047822640171	0.8537688093374619
71.8019792294934	0.5798542331315446	0.8542095361681299
71.81695295251812	0.5805029666667089	0.854650042010676
71.8319297981919	0.580994889661551	0.8553200624580636
71.84690976716594	0.581447461572112	0.8560465903663146
71.86189286009152	0.5818995892085439	0.856772352238267
71.87687907762015	0.5823512736143497	0.8574973500430827
71.89186842040345	0.58278359243453	0.8582087353241696
71.9068608890932	0.5831463528941893	0.8588724326343601
71.92185648434118	0.5835088213063091	0.8595354853832707
71.93685520679954	0.5838709981857351	0.8601978950597954
71.95185705712034	0.5842328840458695	0.8608596631469776
71.96686203595586	0.5845944793986799	0.8615207911220496
71.98187014395857	0.5849557847547059	0.8621812804564667
71.99688138178107	0.5853168006230616	0.8628411326159362
72.011895750076	0.5856775275114379	0.8635003490604429
72.02691324949618	0.5860379659261123	0.86415893124429
72.0419338806946	0.586398116371951	0.8648168806161237
72.05695764432443	0.5867579793524161	0.865474198618971
72.07198454103884	0.587117555369566	0.8661308866902588
72.0870145714912	0.5874768449240623	0.866786946261852
72.10204773633511	0.5878358485151786	0.8674423787600873
72.11708403622414	0.5881945666407983	0.8680971856057927
72.1321234718121	0.5885529997974234	0.8687513682143241
72.14716604375289	0.588911148480179	0.869404927995594
72.16221175270067	0.5892690131828192	0.8700578663541036
72.17726059930955	0.5896265943977268	0.8707101846889626
72.19231258423383	0.5899838926159224	0.871361884393925
72.20736770812805	0.5903409083270691	0.8720129668574199
72.22242597164684	0.5906976420194768	0.8726634334625779
72.2374873754449	0.5910540941801035	0.8733132855872537
72.25255192017708	0.5914102652945628	0.8739625246040605
72.26761960649846	0.5917661558471301	0.8746111518803991
72.28269043506417	0.5921217663207442	0.8752591687784802
72.29776440652945	0.592477097197012	0.875906576655354
72.31284152154977	0.5928321489562155	0.876553376862941
72.32792178078073	0.5931869220773152	0.8771995707480565
72.34300518487798	0.5935414170379528	0.8778451596524351
72.35809173449736	0.5938956343144574	0.8784901449127592
72.37318143029482	0.5942495743818503	0.8791345278606892
72.3882742729266	0.5946032377138515	0.8797783098228898
72.40337026304876	0.5949566247828758	0.8804214921210438
72.41846940131776	0.595309736060048	0.8810640760718957
72.43357168839019	0.595662572015202	0.8817060629872708
72.44867712492264	0.5960151331168844	0.8823474541740959
72.46378571157189	0.5963674198323597	0.8829882509344288
72.47889744899489	0.5967194326276173	0.8836284545654868
72.49401233784874	0.5970711719673732	0.8842680663596695
72.50913037879063	0.5974226383150745	0.8849070876045809
72.52425157247785	0.5977738321329032	0.8855455195830553
72.53937591956797	0.5981247538817852	0.88618336357319
72.55450342071856	0.5984754040213873	0.8868206208483572
72.56963407658733	0.5988257830101259	0.8874572926772353
72.5847678878322	0.5991758913051726	0.8880933803238351
72.59990485511126	0.5995257293624566	0.8887288850475232
72.61504497908263	0.5998752976366668	0.8893638081030385
72.63018826040457	0.6002245965812584	0.8899981507405227
72.64533469973557	0.6005736266484585	0.8906319142055452
72.66048429773421	0.6009223882892686	0.8912650997391239
72.6756370550592	0.6012708819534682	0.8918977085777471
72.69079297236935	0.6016191080896187	0.892529741953396
72.70595205032372	0.6019670671450719	0.8931612010935768
72.7211142895814	0.6023147595659678	0.8937920872213297
72.73627969080162	0.6026621857972427	0.8944224015552604
72.75144825464382	0.6030093462826334	0.8950521453095632
72.76661998176756	0.6033562414646806	0.8956813196940404
72.78179487283252	0.6037028717847316	0.8963099259141235
72.7969729284984	0.6040492376829453	0.8969379651708955
72.81215414942528	0.6043953395982983	0.8975654386611183
72.82733853627325	0.604741177968588	0.8981923475772513
72.84252608970246	0.6050867532304327	0.8988186931074671
72.85771681037329	0.6054320658192809	0.8994444764356808
72.8729106989463	0.6057771161694143	0.9000696987415724
72.88810775608209	0.6061219047139496	0.9006943612006
72.9033079824414	0.6064664318848422	0.9013184649840258
72.91851137868521	0.6068106981128945	0.9019420112589395
72.93371794547457	0.607154703827757	0.9025650011882773
72.94892768347067	0.6074984494579303	0.9031874359308385
72.96414059333479	0.6078419354307716	0.9038093166413097
72.9793566757284	0.6081851621724986	0.9044306444702866
72.9945759313132	0.6085281301081948	0.9050514205642962
73.00979836075085	0.6088708396618082	0.9056716460658067
73.0250239647032	0.6092132912561588	0.9062913221132565
73.04025274383237	0.6095554853129457	0.9069104498410772
73.05548469880047	0.6098974222527437	0.9075290303797025
73.07071983026978	0.6102391024950118	0.9081470648555953
73.08595813890271	0.6105805264580965	0.9087645543912664
73.10119962536193	0.610921694559237	0.9093815001052964
73.11644429031007	0.6112626072145637	0.9099979031123461
73.13169213440996	0.6116032648391068	0.9106137645231835
73.14694315832463	0.6119436678468	0.9112290854447038
73.16219736271725	0.6122838166504827	0.9118438669799444
73.177454748251	0.6126237116619028	0.9124581102281027
73.1927153155893	0.6129633532917218	0.9130718162845571
73.20797906539573	0.6133027419495206	0.9136849862408903
73.22324599833392	0.6136832256827556	0.9142360192926523
73.2385161150677	0.6141011425537153	0.9147303749435965
73.25378941626101	0.614518696455427	0.9152243661474642
73.26906590257802	0.6149358881113033	0.9157179934926197
73.2843455746829	0.6153527182423206	0.9162112575658342
73.29962843323999	0.6157691875670347	0.9167041589522953
73.31491447891383	0.6161852968015912	0.9171966982356133
73.3302037123691	0.6166010466597367	0.9176888759978259
73.34549613427058	0.6170164378528281	0.9181806928194018
73.36079174528311	0.6174314710898443	0.918672149279248
73.37609054607188	0.6178461470774016	0.9191632459547197
73.39139253730201	0.6182604665197579	0.9196539834216187
73.40669771963884	0.6186744301188274	0.9201443622542027
73.42200609374785	0.6190880385741923	0.9206343830251935
73.43731766029472	0.619501292583113	0.9211240463057798
73.45263241994518	0.6199141928405362	0.9216133526656213
73.46795037336506	0.6203267400391068	0.9221023026728558
73.48327152122044	0.6207389348691819	0.922590896894107
73.49859586417759	0.6211507780188389	0.9230791358944901
73.51392340290265	0.6215622701738812	0.9235670202376085
73.52925413806214	0.6219734120178574	0.9240545504855716
73.5445880703227	0.6223842042320683	0.9245417271989963
73.55992520035106	0.6227946474955732	0.9250285509370063
73.57526552881399	0.6232047424852036	0.9255150222572434
73.59060905637857	0.6236144898755753	0.9260011417158734
73.60595578371195	0.6240882125373189	0.9265302345148174
73.62130571148143	0.6246878652283757	0.9271440676860675
73.63665884035434	0.6252868560143705	0.9277573924884963
73.65201517099835	0.62588518662659	0.9283702098247639
73.66737470408118	0.6264828587888576	0.9289825205951526
73.68273744027054	0.627079874217568	0.9295943256975617
73.6981033802345	0.627676234621746	0.930205626027531
73.71347252464119	0.6282719417030831	0.9308164224782383
73.72884487415888	0.6288669971559754	0.9314267159405017
73.74422042945591	0.6294614026675706	0.9320365073027902
73.75959919120082	0.6300551599178134	0.9326457974512323
73.77498116006238	0.630648270579485	0.93325458726962
73.79036633670935	0.6312407363182408	0.9338628776394107
73.80575472181063	0.6318325587926558	0.9344706694397379
73.82114631603542	0.6324237396542693	0.9350779635474206
73.83654112005293	0.6330142805476181	0.935684760836962
73.85193913453246	0.6336041831102782	0.9362910621805567
73.86734036014359	0.6341934489729135	0.9368968684481054
73.88274479755599	0.6347820797593069	0.9375021805072138
73.89815244743946	0.635370077086402	0.9381069992231975
73.91356331046384	0.6359574425643406	0.9387113254590898
73.9289773872993	0.6365441777965096	0.9393151600756541
73.94439467861606	0.6371302843795735	0.9399185039313839
73.95981518508444	0.6377157639035103	0.9405213578825063
73.97523890737489	0.6383006179516542	0.9411237227829938
73.99066584615812	0.6388848481007366	0.9417255994845727
74.0060960021049	0.6394684559209168	0.942326988836721
74.02152937588608	0.6400514429758207	0.942927891686679
74.03696596817274	0.6406338108225832	0.9435283088794584
74.05240577963612	0.6412155610118825	0.9441282412578468
74.0678488109475	0.6417966950879718	0.9447276896624082
74.08329506277833	0.642377214588721	0.9453266549314964
74.0987445358003	0.6429571210456544	0.9459251379012602
74.11419723068514	0.6435364159839816	0.9465231394056473
74.12965314810474	0.6441151009226354	0.9471206602764106
74.14511228873106	0.6446931773743049	0.9477177013431138
74.1605746532364	0.6452706468454773	0.948314263433144
74.17604024229301	0.6458475108364646	0.948910347371708
74.1915090565733	0.6464237708414414	0.9495059539818446
74.20698109674991	0.6469994283484826	0.950101084084432
74.22245636349561	0.6475744848395938	0.9506957384981911
74.23793485748325	0.6481489417907437	0.95128991803969
74.25341657938579	0.6487228006718997	0.9518836235233521
74.26890152987643	0.6492960629470654	0.9524768557614665
74.28438970962851	0.6498687300743085	0.9530696155641891
74.2998811193154	0.6504408035057928	0.9536619037395477
74.31537575961069	0.6510122846878144	0.9542537210934507
74.33087363118813	0.6515831750608357	0.9548450684296967
74.34637473472155	0.6521534760595126	0.9554359465499738
74.36187907088494	0.6526590561036131	0.9559825708456282
74.37738664035244	0.6531359558812677	0.9565095239638189
74.39289744379836	0.6536124226524094	0.9570360869118915
74.40841148189713	0.6540884573231893	0.9575622603148496
74.42392875532322	0.6545640607965801	0.9580880447960611
74.4394492647514	0.6550392339723938	0.9586134409772664
74.45497301085656	0.6555139777472956	0.9591384494785825
74.47049999431361	0.6559882930148141	0.9596630709185034
74.48603021579765	0.6564621806653629	0.9601873059139114
74.50156367598404	0.6569356415862554	0.960711155080084
74.51710037554814	0.6574086766617154	0.9612346190306934
74.53264031516544	0.6578902069524982	0.9617446581298902
74.54818349551165	0.6583717200317684	0.9622537234560528
74.56372991726269	0.6588527992377408	0.9627624260921214
74.57927958109445	0.6593334454646034	0.9632707665824938
74.59483248768301	0.6598136596034719	0.9637787454702733
74.61038863770467	0.6602934425424084	0.9642863632972778
74.62594803183585	0.6607727951664303	0.9647936206040364
74.64151067075304	0.6612517183575264	0.9653005179297954
74.65707655513287	0.66173021299467	0.9658070558125212
74.67264568565227	0.6622082799538385	0.9663132347889095
74.68821806298811	0.6626859201080199	0.9668190553943806
74.7037936878175	0.6631631343272308	0.9673245181630878
74.71937256081766	0.6636399234785315	0.9678296236279222
74.73495468266606	0.6641162884260392	0.9683343723205151
74.75054005404014	0.6645922300309377	0.9688387647712386
74.76612867561755	0.6650677491514951	0.9693428015092117
74.78172054807611	0.6655428466430786	0.9698464830623071
74.79731567209386	0.666017523358167	0.9703498099571527
74.81291404834874	0.6664917801463573	0.9708527827191278
74.82851567751905	0.6669656178543891	0.9713554018723786
74.84412056028319	0.6674390373261533	0.9718576679398175
74.8597286973196	0.6679120394027013	0.9723595814431218
74.87534008930696	0.6683846249222632	0.9728611429027431
74.89095473692406	0.6688567947202599	0.9733623528379086
74.90657264084987	0.6693285496293163	0.9738632117666273
74.92219380176346	0.6697998904792712	0.974363720205688
74.937818220344	0.6702708180971926	0.9748638786706664
74.95344589727085	0.6707413333073912	0.9753636876759298
74.96907683322365	0.6712114369314353	0.9758631477346427
74.98471102888185	0.6716811297881519	0.9763622593587572
75.00034848492531	0.6721504126936544	0.976861023059034
75.015989202034	0.6726192864613483	0.9773594393450382
75.03163318088798	0.6730877519019397	0.9778575087251385
75.04728042216738	0.6735558098234536	0.9783552317065166
75.06293092655262	0.6740234610312437	0.978852608795169
75.07858469472423	0.6744907063280066	0.979349640495912
75.09424172736279	0.6749575465137899	0.9798463273123813
75.10990202514904	0.6754239823860061	0.9803426697470364
75.125565588764	0.6758900147394489	0.9808386683011702
75.14123241888868	0.6763556443662974	0.9813343234749027
75.15690251620424	0.6768208720561318	0.9818296357671901
75.17257588139209	0.6772856985959482	0.9823246056758297
75.18825251513371	0.6777501247701666	0.9828192336974608
75.20393241811074	0.6782141513606412	0.9833135203275652
75.2196155910049	0.6786777791466739	0.9838074660604745
75.23530203449813	0.6791410089050282	0.9843010713893743
75.25099174927253	0.6795969903062891	0.9847896088911552
75.26668473601026	0.6800471277927649	0.9852740454095191
75.28238099539364	0.6804968870833705	0.9857581521256821
75.29808052810522	0.6809462688951718	0.9862419295105345
75.31378333482759	0.6813952739429543	0.9867253780338763
75.32948941624345	0.6818439029392359	0.9872084981644225
75.34519877303579	0.6822921565942818	0.9876912903698116
75.36091140588768	0.6827400356161076	0.9881737551166014
75.3766273154823	0.6831875407104913	0.9886558928702753
75.39234650250292	0.6836346725809814	0.9891377040952428
75.40806896763308	0.6840814319289132	0.9896191892548498
75.42379471155644	0.6845278194534119	0.9901003488113758
75.43952373495671	0.6849738358514031	0.9905811832260363
75.45525603851777	0.685419481817623	0.9910616929589878
75.47099162292378	0.6858647580446317	0.9915418784693348
75.48673048885884	0.6863096652228164	0.9920217402151266
75.50247263700726	0.6867542040404034	0.9925012786533615
75.5182180680536	0.6871983751834708	0.9929804942399955
75.53396678268248	0.6876421793359532	0.99345938742994
75.54971878157863	0.6880856171796527	0.9939379586770649
75.56547406542694	0.6885286893942459	0.9944162084342031
75.58123263491248	0.6889713966572986	0.9948941371531547
75.59699449072049	0.689413739644271	0.9953717452846903
75.61275963353626	0.6898557190285248	0.9958490332785491
75.62852806404524	0.6902973354813362	0.9963260015834472
75.6442997829331	0.6907385896719037	0.9968026506470802
75.66007479088562	0.6911794822673567	0.9972789809161235
75.67585308858862	0.6916200139327617	0.9977549928362355
75.69163467672823	0.6920601853311372	0.9982306868520644
75.70741955599064	0.6924999971234583	0.998706063407249
75.7232077270622	0.692939449968665	0.9991811229444189
75.73899919062929	0.6933785445236698	0.9996558659051991
75.75479394737862	0.693817281443373	1.0001302927302171
75.77059199799697	0.6942556613806653	1.0006044038591022
75.78639334317123	0.6946936849864364	1.0010781997304863
75.80219798358839	0.6951313529095843	1.0015516807820088
75.81800591993574	0.6955686657970281	1.002024847450325
75.8338171529006	0.6960056242937096	1.0024977001710995
75.84963168317037	0.6964422290426032	1.0029702393790132
75.86544951143273	0.6968784806847296	1.0034424655077692
75.88127063837551	0.6973143798591593	1.0039143789900944
75.8970950646866	0.6977499272030198	1.0043859802577368
75.91292279105394	0.6981851233515047	1.0048572697414742
75.92875381816583	0.6986199689378866	1.0053282478711167
75.9445881467107	0.699054464593521	1.0057989150755107
75.96042577737684	0.699488610947849	1.0062692717825314
75.97626671085298	0.6999224086284174	1.0067393184191014
75.99211094782795	0.7003558582608783	1.0072090554111837
76.00795848899061	0.7007889604689987	1.0076784831837848
76.02380933502998	0.7012078297051881	1.0081675667247736
76.03966348663529	0.701561457164697	1.0087496390105244
76.05552094449595	0.7018535453048753	1.009288634436451
76.07138170930143	0.7021372735783687	1.0098215439847356
76.0872457817413	0.7024208353472298	1.0103540664491848
76.10311316250538	0.702704230799779	1.0108862024468936
76.1189838522837	0.7029874601240227	1.0114179525932885
76.13485785176614	0.7032705235076485	1.0119493175021226
76.150735161643	0.7035534211380355	1.012480297785499
76.16661578260468	0.7038361532022489	1.0130108940538693
76.18249971534163	0.7041187198870402	1.0135411069160354
76.19838696054448	0.704401121378849	1.0140709369791614
76.21427751890404	0.7046833578638046	1.0146003848487795
76.23017139111127	0.7049654295277258	1.0151294511287967
76.24606857785722	0.705247336556119	1.0156581364214956
76.26196907983307	0.7055290791341815	1.0161864413275443
76.27787289773025	0.7058106574468022	1.0167143664460068
76.29378003224026	0.7060920716785601	1.0172419123743397
76.30969048405468	0.7063733220137249	1.0177690797084045
76.32560425386538	0.7066544086362601	1.0182958690424733
76.34152134236432	0.7069353317298219	1.0188222809692347
76.35744175024352	0.7072160914777579	1.0193483160797947
76.37336547819525	0.7074966880631096	1.0198739749636887
76.38929252691183	0.7077771216686137	1.0203992582088852
76.40522289708586	0.7080573924767016	1.020924166401794
76.42115658941	0.7083375006694987	1.021448700127266
76.43709360457696	0.7086174464288254	1.0219728599686015
76.4530339432798	0.7088972299362009	1.0224966465075633
76.46897760621157	0.7091768513728381	1.0230200603243704
76.48492459406548	0.7094563109196484	1.0235431019977106
76.50087490753494	0.709735608757241	1.024065772104747
76.51682854731351	0.7100147450659233	1.0245880712211222
76.53278551409485	0.7102937200257011	1.0251099999209603
76.54874580857275	0.7105725338162782	1.0256315587768767
76.56470943144122	0.7108511866170601	1.0261527483599846
76.58067638339433	0.7111296786071517	1.0266735692398974
76.59664666512637	0.7114080099653584	1.0271940219847342
76.61262027733169	0.7116861808701859	1.027714107161127
76.62859722070489	0.7119641914998437	1.0282338253342282
76.64457749594064	0.7122420420322422	1.0287531770677099
76.66056110373371	0.7125197326449937	1.0292721629237724
76.67654804477914	0.7127972635154156	1.0297907834631537
76.69253831977207	0.7130746348205288	1.0303090392451304
76.70853192940776	0.7133518467370578	1.0308269308275229
76.72452887438153	0.7136288994414305	1.0313444587666982
76.74052915538905	0.713905793109783	1.0318616236175853
76.75653277312601	0.7141825279179563	1.032378425933671
76.77253972828822	0.7144591040414965	1.0328948662670063
76.78855002157168	0.7147355216556568	1.033410945168214
76.80456365367255	0.7150117809353993	1.0339266631864954
76.82058062528709	0.7152878820553928	1.0344420208696303
76.83660093711171	0.7155638251900137	1.0349570187639863
76.852624589843	0.7158396105133487	1.035471657414522
76.86865158417774	0.7161152381991941	1.0359859373647962
76.88468192081274	0.7163907084210551	1.036499859156965
76.90071560044497	0.7166660213521469	1.0370134233317923
76.91675262377163	0.7169411771653968	1.0375266304286554
76.93279299149005	0.7172161760334441	1.03803948098555
76.94883670429766	0.7174910181286388	1.0385519755390904
76.96488376289199	0.7177657036230427	1.0390641146245172
76.98093416797086	0.7180402326884331	1.039575898775707
76.99698792023212	0.7184533440683541	1.0401831502636085
77.01304502037374	0.7189823873943345	1.0408702211203391
77.02910546909396	0.7195109343261182	1.0415566975578336
77.04516926709111	0.7200389859666736	1.0422425807713909
77.06123641506366	0.7205665434147847	1.0429278719521975
77.07730691371012	0.7210936077650717	1.0436125722873466
77.09338076372933	0.7216201801080199	1.044296682959865
77.1094579658202	0.7221462615299961	1.0449802051487271
77.12553852068179	0.7226718531132704	1.0456631400288725
77.14162242901318	0.7231969559360366	1.046345488771226
77.15770969151386	0.7237215710724435	1.0470272525427267
77.17380030888322	0.7242456995926023	1.0477084325063324
77.18989428182088	0.7247693425626162	1.048389029821046
77.20599161102666	0.7252925010446014	1.0490690456419374
77.22209229720052	0.7258151760967086	1.0497484811201598
77.23819634104245	0.726337368773136	1.0504273374029613
77.25430374325268	0.7268590801241597	1.0511056156337146
77.2704145045316	0.7273803111961495	1.051783316951929
77.28652862557975	0.7279010630315934	1.0524604424932744
77.30264610709767	0.7284213366691065	1.0531369933895853
77.31876694978621	0.7289411331434665	1.0538129707688986
77.33489115434638	0.7294604534856264	1.0544883757554613
77.35101872147922	0.7299792987227307	1.055163209469745
77.36714965188595	0.7304976698781395	1.0558374730284685
77.38328394626797	0.7310155679714497	1.0565111675446173
77.39942160532682	0.731532994018512	1.0571842941274596
77.41556262976418	0.73204994903145	1.0578568538825603
77.43170702028183	0.7325664340186766	1.058528847911799
77.44785477758177	0.7330824499849222	1.0592002773133955
77.4640059023662	0.7335979979312476	1.0598711431819205
77.4801603953372	0.7341130788550551	1.0605414466083027
77.49631825719727	0.7346276937501235	1.0612111886798674
77.51247948864902	0.7351418436066178	1.0618803704803395
77.52864409039512	0.7356555294111049	1.0625489930898602
77.54481206313831	0.7361687521465757	1.0632170575850048
77.56098340758172	0.7366815127924653	1.0638845650388051
77.57715812442846	0.7371938123246697	1.0645515165207617
77.59333621438181	0.7377364784451387	1.0651734023731627
77.60951767814514	0.7383126925270531	1.0657456529996447
77.62570251642214	0.738888366766633	1.0663174977536956
77.64189072991647	0.7394635023226332	1.0668889372247323
77.65808231933198	0.7400381003496943	1.0674599720009077
77.67427728537272	0.7406121619983675	1.0680306026691189
77.69047562874294	0.7411856884151302	1.0686008298150027
77.70667735014685	0.7417586807424035	1.0691706540229386
77.72288245028892	0.7423311401185749	1.0697400758760531
77.73909092987378	0.7429030676780193	1.070309095956225
77.75530278960622	0.7434744645511172	1.070877714844085
77.7715180301911	0.7440453318642704	1.0714459331190154
77.78773665233345	0.7446156707399236	1.072013751359157
77.80395865673853	0.7453616409250555	1.0727035654265433
77.82018404411166	0.7462488245484007	1.0734915800592544
77.83641281515827	0.7471348737646135	1.0742789246786342
77.85264497058405	0.7480197920326224	1.075065600366027
77.86888051109483	0.7489035827943454	1.0758516082014773
77.88511943739648	0.7497862494748007	1.0766369492637105
77.90136175019506	0.7506677954822194	1.07742162463012
77.91760745019684	0.7515482242081603	1.0782056353767542
77.9338565381082	0.752427539027617	1.0789889825782983
77.95010901463569	0.753305743299118	1.079771667308053
77.96636488048586	0.7541828403648416	1.0805536906379265
77.98262413636564	0.7550588335507272	1.0813350536384232
77.99888678298197	0.7559337261665693	1.082115757378618
78.01515282104188	0.7568075215061278	1.0828958029261497
78.0314222512527	0.7576802228472357	1.0836751913472085
78.04769507432188	0.7585518334518998	1.0844539237065212
78.0639712909569	0.7594223565663981	1.0852320010673322
78.08025090186547	0.7602917954213849	1.0860094244913971
78.09653390775544	0.7611601532319968	1.0867861950389708
78.11282030933485	0.7620274331979475	1.087562313768793
78.1291101073118	0.7628936385036231	1.0883377817380737
78.14540330239457	0.7637587723181851	1.0891126000024822
78.16169989529166	0.7646228377956747	1.0898867696161447
78.1779998867116	0.7654858380750947	1.0906602916316188
78.19430327736312	0.7663477762805153	1.09143316709989
78.21061006795512	0.7672086555211707	1.0922053970703651
78.22692025919665	0.7680684788915513	1.0929769825908562
78.24323385179689	0.768927249471493	1.093747924707569
78.25955084646512	0.7697849703262729	1.094518224465094
78.27587124391081	0.7706416445067084	1.0952878829064037
78.2921950448437	0.7714972750492433	1.0960569010728372
78.30852224997342	0.7723518649760344	1.0968252800040872
78.32485286000993	0.7732054172950468	1.0975930207381963
78.34118687566335	0.7740579350001491	1.0983601243115533
78.35752429764383	0.7753163991737315	1.099413558527595
78.37386512666173	0.7767451868801315	1.1005875889327958
78.39020936342756	0.7781713622496244	1.1017603415248325
78.40655700865207	0.7795949370616408	1.1029318185793207
78.422908063046	0.7810159230117164	1.1041020223776272
78.43926252732024	0.7824343317122847	1.105270955206614
78.45562040218596	0.7838501746934576	1.106438619358382
78.47198168835445	0.7852634634037834	1.1076050171300142
78.48834638653706	0.7866742092109964	1.108770150823319
78.50471449744532	0.7880824234027763	1.1099340227445984
78.52108602179098	0.7894881171874963	1.1110966352044163
78.53746096028584	0.7908913016949346	1.1122579905173486
78.5538393136419	0.7922919879770122	1.1134180910017695
78.5702210825713	0.7936901870085119	1.1145769389796294
78.58660626778635	0.7950859096877836	1.1157345367762364
78.60299486999952	0.7964791668374355	1.1168908867200371
78.6193868899233	0.7978699692050356	1.1180459911424137
78.63578232827048	0.7992583274638038	1.1191998523774884
78.65218118575403	0.8006442522132856	1.120352472761921
78.66858346308683	0.802027753979998	1.1215038546346934
78.68498916098213	0.8034088432181357	1.122654000336956
78.70139828015328	0.8047875303102013	1.1238029122118218
78.71781082131376	0.8061638255676518	1.1249505926041798
78.73422678517714	0.8075377392315461	1.126097043860526
78.75064617245725	0.808909281473187	1.1272422683287922
78.76706898386803	0.8102784623947415	1.1283862683581731
78.78349522012353	0.8116452920298565	1.129529046298953
78.79992488193793	0.8130097803442781	1.13067060450235
78.81635797002565	0.8143719372364672	1.1318109453203624
78.83279448510129	0.8157317725381976	1.1329500711056115
78.84923442787934	0.8170892960151249	1.1340879842111684
78.86567779907473	0.8184445173674162	1.1352246869904408
78.88212459940246	0.8197974462303098	1.136360181797009
78.8985748295776	0.8211480921746863	1.13749447098448
78.91502849031536	0.8224964647076428	1.1386275569063544
78.93148558233123	0.8238425732730665	1.139759441915899
78.94794610634082	0.8251864272521834	1.1408901283660058
78.96441006305979	0.8265280359641025	1.1420196186090594
78.98087745320393	0.8278674086663707	1.143147914996816
78.9973482774894	0.829204554555518	1.1442750198802873
79.01382253663225	0.8305394827675746	1.1454009356096033
79.0303002313488	0.8318722023786115	1.146525664533905
79.04678136235555	0.8332027224052636	1.1476492090012316
79.06326593036913	0.8346951359611046	1.1485457461373854
79.07975393610626	0.8362309429104126	1.1493788231180706
79.09624538028383	0.8377642879805791	1.1502116133388673
79.11274026361895	0.8392951798624879	1.151044113908269
79.1292385868288	0.8408236272048765	1.1518763219740622
79.14574035063076	0.8423496386145217	1.1527082347228512
79.1622455557423	0.8438732226564465	1.153539849379599
79.17875420288112	0.845394387854124	1.1543711632071743
79.19526629276503	0.8469131426896531	1.1552021735058877
79.21178182611192	0.8484294956039665	1.1560328776130508
79.22830080363993	0.8499434549970318	1.156863272902538
79.24482322606735	0.8514550292280417	1.1576933567843468
79.26134909411259	0.8525819723566612	1.158241720371878
79.27787840849412	0.853283862922438	1.1584778682507024
79.29441116993071	0.8539852417961836	1.1587140745514215
79.31094737914124	0.8546861096031491	1.158950338758215
79.3274870368447	0.8553864669679099	1.1591866603573684
79.34403014376018	0.8560863145143668	1.159423038837267
79.36057670060708	0.8567856528657516	1.1596594736883887
79.37712670810481	0.8574844826446117	1.1598959644032918
79.39368016697291	0.8581828044728149	1.1601325104766098
79.41023707793123	0.858880618971551	1.1603691114050432
79.42679744169968	0.8595779267613243	1.160605766687351
79.4433612589983	0.8602747284619511	1.1608424758243416
79.4599285305472	0.8609710246925585	1.1610792383188653
79.47649925706683	0.8616668160715876	1.1613160536758071
79.49307343927772	0.8623621032167885	1.161552921402079
79.5096510779005	0.8630568867452131	1.1617898410066092
79.52623217365591	0.8637511672732183	1.1620268120003365
79.54281672726502	0.864444945416469	1.1622638338962037
79.55940473944887	0.8651382217899254	1.1625009062091458
79.57599621092866	0.8658309970078475	1.1627380284560849
79.59259114242589	0.8665232716837958	1.1629752001559224
79.60918953466214	0.8672150464306274	1.1632124208295307
79.62579138835905	0.8679063218604888	1.1634496899997442
79.64239670423848	0.8685970985848204	1.163687007191353
79.65900548302244	0.8692873772143553	1.163924371931095
79.67561772543317	0.8699771583591182	1.164161783747649
79.69223343219292	0.8706664426284154	1.1643992421716243
79.7088526040241	0.8713552306308424	1.1646367467355552
79.72547524164945	0.8720435229742819	1.1648742969738946
79.74210134579164	0.8727313202658963	1.1651118924230026
79.75873091717357	0.8734186231121293	1.1653495326211423
79.77536395651835	0.8741054321187084	1.1655872171084716
79.79200046454923	0.8747917478906402	1.1658249454270344
79.80864044198952	0.8754775710322052	1.1660627171207552
79.82528388956271	0.8761629021469605	1.1663005317354278
79.84193080799251	0.8768477418377412	1.1665383888187133
79.85858119800284	0.8775320907066578	1.16677628792013
79.87523506031746	0.8782159493550832	1.1670142285910428
79.89189239566059	0.8788993183836709	1.1672522103846616
79.90855320475659	0.8795821983923432	1.1674902328560328
79.92521748832978	0.8802645899802877	1.1677282955620276
79.94188524710472	0.880946493745958	1.1679663980613386
79.95855648180618	0.8816279102870795	1.1682045399144727
79.97523119315906	0.8823088402006409	1.168442720683743
79.99190938188838	0.8829892840828921	1.1686809399332612
80.00859104871924	0.8836692425293472	1.16891919722893
80.02527619437703	0.8843487161347827	1.1691574921384378
80.0419648195873	0.8850277054932402	1.1693958242312523
80.05865692507552	0.8857062111980096	1.1696341930786074
80.07535251156759	0.8863842338416497	1.1698725982535048
80.09205157978944	0.8870617740159756	1.1701110393307015
80.10875413046716	0.8877370389037766	1.17034815554309
80.1254601643269	0.8880318048663745	1.1702969183341467
80.14216968209512	0.8883264910759181	1.170245749901527
80.1588826844984	0.8886210975303029	1.1701946501804532
80.1755991722634	0.8889156242274848	1.1701436191061863
80.19231914611687	0.8892100711654795	1.170092656614027
80.20904260678597	0.8895044383423663	1.1700417626393154
80.22576955499775	0.8897987257562813	1.169990937117431
80.24249999147946	0.8900929334054226	1.1699401799837934
80.25923391695865	0.8903870612880486	1.169889491173861
80.27597133216291	0.8906811094024788	1.1698388706231322
80.29271223781996	0.8909750777470901	1.1697883182671454
80.30945663465768	0.89126896632032	1.1697378340414784
80.32620452340417	0.8915627751206674	1.1696874178817485
80.34295590478767	0.8918565041466904	1.169637069723613
80.3597107795365	0.8921501533970049	1.169586789502769
80.37646914837914	0.892443722870287	1.169536577154954
80.39323101204432	0.892737212565274	1.169486432615944
80.40999637126085	0.8930306224807598	1.1694363558215568
80.42676522675762	0.8933239526155978	1.1693863467076488
80.44353757926382	0.893617202968702	1.1693364052101172
80.46031342950874	0.8939103735390447	1.1692865312648981
80.47709277822177	0.894203464325656	1.1692367248079691
80.49387562613249	0.8944964753276247	1.1691869857753472
80.5106619739706	0.8947894065440992	1.1691373141030899
80.52745182246608	0.8950822579742869	1.1690877097272938
80.5442451723489	0.8953750296174516	1.1690381725840973
80.56104202434918	0.8956677214729151	1.1689887026096784
80.57784237919738	0.8959603335400607	1.1689392997402546
80.59464623762392	0.8962528658183261	1.1688899639120853
80.61145360035943	0.8965453183072079	1.1688406950614691
80.62826446813473	0.8968376910062615	1.1687914931247458
80.6450788416808	0.8971299839151001	1.1687423580382943
80.66189672172874	0.897422197033393	1.1686932897385358
80.67871810900968	0.897714330360867	1.1686442881619306
80.69554300425516	0.8980063838973078	1.1685953532449802
80.71237140819673	0.8982983576425583	1.1685464849242262
80.72920332156608	0.898590251596517	1.1684976831362515
80.74603874509499	0.8989055659074413	1.1684184009787253
80.7628776795156	0.8993585963995154	1.16816020112842
80.77972012556	0.8998116007497274	1.1679022263562833
80.79656608396053	0.9002645787451862	1.1676444765905372
80.81341555544964	0.9007175301732212	1.1673869517590552
80.83026854076004	0.901170454821384	1.167129651789364
80.84712504062443	0.9016233524774427	1.1668725766086459
80.86398505577574	0.9020762229293894	1.1666157261437378
80.88084858694708	0.9025290659654382	1.166359100321132
80.89771563487172	0.9029818813740281	1.1661026990669767
80.91458620028303	0.9034346689438187	1.1658465223070789
80.93146028391449	0.9038874284636944	1.1655905699669036
80.94833788649989	0.9043401597227674	1.1653348419715728
80.96521900877302	0.9047928625103727	1.1650793382458706
80.98210365146788	0.9052455366160721	1.164824058714241
80.99899181531862	0.9056981818296557	1.1645690033007887
81.01588350105965	0.9061507979411428	1.1643141719292796
81.03277870942532	0.906603384740778	1.1640595645231442
81.04967744115025	0.9070559420190348	1.1638051810054773
81.06657969696924	0.9075084695666199	1.1635510212990354
81.08348547761724	0.9079609671744694	1.1632970853262419
81.10039478382932	0.9084134346337485	1.1630433730091867
81.11730761634061	0.9088658717358546	1.1627898842696265
81.13422397588663	0.909318278272421	1.162536619028984
81.15114386320282	0.9097706540353097	1.1622835772083528
81.16806727902487	0.9102229988166173	1.1620307587284948
81.18499422408864	0.9106753124086767	1.1617781635098412
81.20192469913017	0.9111275946040562	1.1615257914724946
81.21885870488558	0.9114308732918701	1.161156705820617
81.23579624209113	0.9115967753851983	1.1606798101269655
81.25273731148329	0.9117628108597573	1.1602029736195443
81.26968191379876	0.9119289797454254	1.159726196425716
81.28663004977416	0.912095282071908	1.1592494786729866
81.30358172014648	0.9122617178687441	1.1587728204889902
81.32053692565282	0.9124282871653008	1.1582962220014976
81.33749566703037	0.9125949899907733	1.157819683338417
81.35445794501645	0.9127618263741866	1.1573432046277903
81.37142376034868	0.9129287963443935	1.1568667859977932
81.38839311376472	0.9130958999300749	1.156390427576735
81.40536600600242	0.9132631371597387	1.1559141294930608
81.4223424377997	0.9134305080617189	1.1554378918753512
81.43932240989476	0.913598012664177	1.1549617148523161
81.45630592302601	0.9137656509951011	1.154485598552799
81.47329297793169	0.9139334230823022	1.154009543105784
81.4902835753505	0.9141013289534189	1.1535335486403795
81.50727771602129	0.9142693686359142	1.1530576152858285
81.52427540068288	0.9144375421570745	1.1525817431715095
81.54127663007434	0.9146058495440099	1.1521059324269325
81.55828140493489	0.9147742908236548	1.1516301831817373
81.57528972600402	0.9149428660227662	1.1511544955656958
81.59230159402114	0.9151115751679237	1.150678869708713
81.60931700972596	0.915280418285528	1.1502033057408259
81.62633597385837	0.915449395401803	1.1497278037921985
81.64335848715835	0.9156185065427926	1.1492523639931296
81.66038455036598	0.9157877517343618	1.148776986474048
81.67741416422162	0.915957131002196	1.1483016713655108
81.69444732946579	0.9161266443718012	1.147826418798205
81.711484046839	0.9162962918685016	1.1473512289029497
81.72852431708206	0.9164660735174408	1.1468761018106934
81.74556814093587	0.9166359893435815	1.1464010376525118
81.76261551914158	0.9168060393717049	1.145926036559609
81.77966645244037	0.9169762236264087	1.145451098663321
81.79672094157358	0.9171465421321083	1.1449762240951118
81.81377898728284	0.9173169949130368	1.1445014129865707
81.8308405903098	0.9174875819932425	1.1440266654694173
81.84790575139628	0.9176583033965906	1.1435519816754995
81.86497447128433	0.9178291591467611	1.1430773617367913
81.88204675071611	0.918000149267251	1.1426028057853919
81.89912259043395	0.9181712737813693	1.1421283139535314
81.91620199118023	0.918342532712241	1.1416538863735655
81.93328495369764	0.9185139260828042	1.1411795231779747
81.95037147872897	0.9186854539158114	1.140705224499365
81.96746156701715	0.9188571162338274	1.1402309904704702
81.98455521930521	0.9190289130592287	1.139756821224151
82.0016524363365	0.9192008444142056	1.1392827168933886
82.01875321885433	0.9193729103207591	1.138808677611293
82.03585756760225	0.9195451108007008	1.1383347035110993
82.05296548332399	0.919717445875655	1.1378607947261636
82.07007696676347	0.9198899155670552	1.1373869513899675
82.08719201866464	0.9200625198961445	1.1369131736361182
82.10431063977168	0.9202352588839762	1.1364394615983457
82.12143283082892	0.9204081325514124	1.1359658154105023
82.13855859258089	0.9205811409191249	1.135492235206562
82.15568792577221	0.9207542840075922	1.1350187211206246
82.17282083114762	0.9209275618371006	1.1345452732869126
82.18995730945214	0.9211009744277459	1.134071891839766
82.20709736143087	0.9212745217994288	1.1335985769136507
82.22424098782899	0.9214482039718566	1.1331253286431542
82.24138818939198	0.9216220209645443	1.132652147162983
82.25853896686544	0.9217959727968112	1.132179032607964
82.27569332099507	0.9219700594877825	1.131705985113047
82.2928512525267	0.9221442810563873	1.1312330048133032
82.31001276220641	0.9223186375213602	1.1307600918439205
82.32717785078044	0.9224931289012402	1.1302872463402058
82.34434651899511	0.9229565996104007	1.1294608867221523
82.36151876759685	0.923509003167555	1.1285267242586747
82.37869459733245	0.9240620856001434	1.127592904154909
82.39587400894867	0.9246158467319164	1.1266594280569184
82.41305700319239	0.92517028638064	1.125726297611886
82.43024358081085	0.9257254043580838	1.1247935144680836
82.44743374255134	0.9262812004700055	1.1238610802748463
82.46462748916124	0.9268376745161327	1.122928996682551
82.48182482138817	0.9273948262901524	1.1219972653425836
82.49902573997986	0.9279526555797011	1.1210658879073045
82.51623024568428	0.9285111621663484	1.120134866030025
82.53343833924944	0.9290703458255802	1.1192042013649852
82.55065002142355	0.9296302063267905	1.1182738955673177
82.56786529295506	0.9301907434332704	1.1173439502930136
82.58508415459242	0.9307519569021883	1.1164143671989084
82.60230660708432	0.9313138272454353	1.1154851318799601
82.61953265117963	0.9318763435900813	1.114556237047766
82.63676228762739	0.9324395355765374	1.1136277092902558
82.6539955171767	0.9330034029376716	1.1126995502673824
82.67123234057685	0.9335679454001726	1.111771761639789
82.68847275857736	0.9341331626845419	1.1108443450687735
82.70571677192791	0.9346990545050784	1.109917302216264
82.72296438137815	0.9352656205698583	1.1089906347448022
82.74021558767807	0.935832860580742	1.108064344317486
82.7574703915778	0.9364007742333521	1.1071384325979554
82.77472879382758	0.936969361217061	1.1062129012503656
82.79199079517775	0.937538621214983	1.105287751939351
82.80925639637896	0.9381085539039687	1.1043629863299878
82.8265255981819	0.9386791589545885	1.103438606087772
82.84379840133745	0.9392504360311226	1.1025146128785899
82.86107480659659	0.9398223847915522	1.1015910083686837
82.87835481471055	0.9403950048875535	1.100667794224616
82.89563842643078	0.9409682959644865	1.099744972113239
82.91292564250857	0.9415422576613756	1.0988225437016825
82.93021646369574	0.9421168896109174	1.0979005106572917
82.94751089074406	0.9426921914394614	1.0969788746476141
82.9648089244055	0.9432681627670012	1.0960576373403679
82.98211056543218	0.9438448032071669	1.0951368004034086
82.99941581457638	0.9444221123672216	1.0942163655046877
83.01672467259061	0.945000089848048	1.0932963343122315
83.03403714022743	0.9455787352441396	1.092376708494108
83.05135321823953	0.9461580481435937	1.0914574897183946
83.06867290737995	0.9467380281281107	1.090538679653135
83.0859962084017	0.9473186747729754	1.0896202799663237
83.10332312205793	0.9478999876470557	1.0887022923258642
83.12065364910214	0.9484819663127981	1.0877847183995342
83.13798779028785	0.9490646103262175	1.0868675598549558
83.15532554636874	0.9496479192368886	1.0859508183595667
83.17266691809866	0.9502318925879422	1.0850344955805855
83.19001190623162	0.9508165299160597	1.084118593184972
83.20736051152186	0.9514018307514686	1.0832031128393984
83.22471273472364	0.9519877946179286	1.0822880562102233
83.24206857659144	0.9525744210327342	1.08137342496345
83.25942803787996	0.9531617095067086	1.0804592207646908
83.27679111934397	0.9537496595441938	1.079545445279144
83.29415782173838	0.9543382706430477	1.0786321001715544
83.31152814581836	0.9549275422946437	1.0777191871061758
83.3289020923392	0.9555174739838614	1.0768067077467423
83.34627966205632	0.9561080651890818	1.0758946637564375
83.36366085572526	0.9566993153821834	1.0749830567978578
83.38104567410178	0.9572912240285436	1.0740718885329736
83.39843411794186	0.9578837905870312	1.073161160623099
83.4158261880015	0.9584770145099991	1.0722508747288644
83.43322188503689	0.959070895243286	1.0713410325101749
83.45062120980448	0.9596654322262158	1.0704316356261723
83.46802416306076	0.9602606248915869	1.0695226857352138
83.48543074556238	0.9608564726656739	1.0686141844948296
83.50284095806624	0.9614529749682291	1.067706133561685
83.5202548013294	0.9620501312124752	1.0667985345915516
83.53767227610895	0.962647940805103	1.0658913892392752
83.55509338316222	0.9632464031462709	1.0649846991587382
83.57251812324667	0.963845517629607	1.0640784660028217
83.58994649712002	0.9644452836422049	1.0631726914233726
83.60737850554004	0.9650457005646204	1.0622673770711752
83.62481414926462	0.9656467677708717	1.0613625245959126
83.64225342905196	0.9662484846284459	1.060458135646124
83.65969634566028	0.9668508504982877	1.059554211869184
83.677142899848	0.9674538647348051	1.0586507549112607
83.69459309237371	0.9680575266858715	1.0577477664172765
83.71204692399621	0.9686618356928244	1.056845248030878
83.72950439547438	0.9692667910904613	1.0559432013944061
83.74696550756724	0.9698723922070449	1.055041628148854
83.76443026103404	0.9704786383643068	1.054140529933831
83.7818986566342	0.9710855288774451	1.0532399083875308
83.79937069512722	0.9716930630551252	1.0523397651466984
83.81684637727275	0.9723012401994808	1.0514401018465949
83.83432570383071	0.972910059606124	1.050540920120953
83.85180867556113	0.9735195205641365	1.0496422216019554
83.86929529322407	0.9741296223560777	1.048744007920193
83.88678555757996	0.9747403642579897	1.0478462807046258
83.9042794693893	0.9753517455393975	1.0469490415825529
83.92177702941268	0.9759637654633084	1.0460522921795796
83.93927823841088	0.9765764232862209	1.0451560341195787
83.95678309714494	0.9771897182581283	1.0442602690246519
83.974291606376	0.9778036496225229	1.043364998515095
83.99180376686523	0.9784182166163895	1.0424702242093793
84.00931957937412	0.9790334184702273	1.0415759477240896
84.02683904466434	0.9796492544080445	1.0406821706739036
84.04436216349758	0.9804490444567834	1.039961722997842
84.06188893663573	0.981269642889188	1.0392613462467977
84.07941936484092	0.9820905664733719	1.03856176079529
84.09695344887538	0.9829118134177125	1.037862967254061
84.11449118950149	0.9837333819290007	1.0371649662268292
84.13203258748177	0.9845552702124813	1.0364677583102837
84.149577643579	0.9853774764718971	1.0357713440940741
84.16712635855608	0.986199998909522	1.035075724160813
84.18467873317587	0.9870228357261877	1.0343808990860808
84.20223476820168	0.9878459851213441	1.0336868694384043
84.21979446439688	0.9886694452930856	1.0329936357792655
84.23735782252494	0.989493214438185	1.0323011986631003
84.25492484334951	0.9903172907521353	1.0316095586372955
84.2724955276344	0.9911416724291933	1.0309187162421798
84.2900698761437	0.9919663576624121	1.0302286720110287
84.30764788964146	0.9927913446436772	1.029539426470064
84.32522956889197	0.9936166315637458	1.0288509801384513
84.34281491465978	0.9944422166122922	1.0281633335282934
84.36040392770946	0.9952680979779343	1.0274764871446387
84.37799660880576	0.9960942738482746	1.0267904414854787
84.39559295871365	0.9969207424099448	1.0261051970417416
84.41319297819825	0.99774750184864	1.0254207542972962
84.43079666802485	0.998574550349149	1.024737113728958
84.44840402895876	0.9994018860953995	1.0240542758064841
84.46601506176565	1.0002295072704979	1.023372240992571
84.48362976721126	1.001057412056763	1.0226910097428612
84.50124814606147	1.00188559863576	1.022010582505946
84.51887019908229	1.0027140651883424	1.0213309597233633
84.53649592704004	1.0035428098946944	1.0206521418295975
84.55412533070103	1.0041360919282931	1.0202135865222468
84.57175841083175	1.004367604250458	1.0201428344519314
84.58939516819899	1.004599060792906	1.0200721373585162
84.6070356035696	1.0048304615540908	1.0200014952009508
84.62467971771058	1.0050618065324965	1.0199309079382075
84.64232751138906	1.0052930957266395	1.01986037552928
84.65997898537242	1.0055243291350695	1.0197898979331834
84.6776341404282	1.0057555067563668	1.0197194751089547
84.69529297732402	1.0059866285891435	1.0196491070156528
84.71295549682765	1.0062176946320438	1.0195787936123586
84.73062169970714	1.0064487048837434	1.0195085348581745
84.7482915867306	1.0066796593429501	1.0194383307122246
84.7659651586663	1.006910558008402	1.0193681811336555
84.78364241628272	1.00714140087887	1.0192980860816352
84.80132336034855	1.0073721879531568	1.0192280455153533
84.81900799163247	1.007602919230095	1.0191580593940217
84.83669631090343	1.0078335947085497	1.0190881276768744
84.85438831893056	1.0080642143874163	1.0190182503231668
84.87208401648314	1.0082947782656237	1.0189484272921765
84.8897834043306	1.0085252863421297	1.0188786585432028
84.90748648324242	1.0087557386159232	1.018808944035568
84.92519325398845	1.0089861350860265	1.0187392837286149
84.94290371733855	1.0092164757514912	1.018669677581709
84.96061787406273	1.0094467606114	1.018600125554238
84.97833572493131	1.0096769896648665	1.0185306276056116
84.99605727071466	1.0099071629110368	1.0184611836952608
85.01378251218327	1.0101372803490865	1.0183917937826397
85.03151145010784	1.010367341978221	1.0183224578272239
85.04924408525926	1.0105973477976786	1.0182531757885112
85.06698041840863	1.0108272978067279	1.0181839476260213
85.08472045032705	1.0110571920046676	1.018114773299296
85.10246418178586	1.0112870303908257	1.0180456527678998
85.12021161355663	1.011516812964564	1.017976585991419
85.13796274641102	1.0117465397252725	1.017907572929461
85.15571758112077	1.0119762106723713	1.0178386135416582
85.17347611845798	1.0122058258053124	1.017769707787662
85.19123835919477	1.0124353851235783	1.0177008556271472
85.20900430410346	1.0126648886266811	1.0176320570198114
85.22677395395648	1.0128943363141616	1.0175633119253744
85.2445473095265	1.0131237281855943	1.017494620303577
85.26232437158636	1.0133530642405815	1.0174259821141833
85.28010514090896	1.0135823444787562	1.0173573973169796
85.29788961826743	1.0138115688997809	1.017288865871774
85.31567780443508	1.014040737503349	1.0172203877383972
85.33346970018533	1.0142698502891845	1.0171519628767023
85.35126530629175	1.0144989072570385	1.0170835912465648
85.36906462352812	1.014727908406695	1.0170152728078816
85.38686765266844	1.0149568537379672	1.016947007520573
85.40467439448675	1.0151857432506972	1.0168787953445815
85.42248484975724	1.0154109982448571	1.016807062453468
85.44029901925435	1.0155989997187267	1.0166982230184092
85.4581169037528	1.0157869705783233	1.0165894379610059
85.47593850402707	1.0159749108115739	1.0164807072567705
85.49376382085221	1.0161628204064295	1.0163720308812134
85.51159285500329	1.0163506993508635	1.0162634088098457
85.52942560725546	1.0165385476328705	1.0161548410181775
85.5472620783841	1.0167263652404679	1.0160463274817204
85.56510226916478	1.016914152161696	1.0159378681759834
85.58294618037327	1.0171019083846176	1.0158294630764764
85.60079381278531	1.0172896338973163	1.0157211121587097
85.618645167177	1.0174773286878986	1.015612815398193
85.63650024432448	1.0176649927444943	1.0155045727704355
85.65435904500426	1.0178526260552552	1.0153963842509464
85.67222156999257	1.0180402286083534	1.0152882498152354
85.69008782006628	1.018227800391985	1.0151801694388123
85.70795779600225	1.018415341394369	1.0150721430971852
85.72583149857739	1.0186028516037446	1.014964170765864
85.74370892856885	1.018790331008374	1.0148562524203586
85.76159008675398	1.018977779596542	1.0147483880361774
85.77947497391033	1.019165197356556	1.0146405775888296
85.79736359081548	1.0193525842767444	1.0145328210538258
85.8152559382472	1.0195399403454573	1.0144251184066753
85.83315201698358	1.019727265551069	1.014317469622887
85.85105182780266	1.0199145598819743	1.0142098746779715
85.86895537148271	1.02010182332659	1.014102333547439
85.88686264880226	1.020289055873356	1.0139948462068
85.90477366053996	1.020476257510734	1.013887412631564
85.92268840747452	1.0206634282272071	1.013780032797243
85.94060689038486	1.0208505680112805	1.0136727066793478
85.95852911005015	1.0210376768514826	1.013565434253389
85.97645506724966	1.0212247547363626	1.0134582154948795
85.99438476276283	1.0214118016544924	1.0133510503793304
86.0123181973692	1.0215988175944652	1.0132439388822545
86.03025537184855	1.0217858025448971	1.0131368809791648
86.04819628698087	1.0219727564944252	1.013029876645574
86.06614094354609	1.0221596794317087	1.012922925856997
86.08408934232459	1.0223465713454296	1.0128160285889467
86.10204148409674	1.0225334322242916	1.0127091848169383
86.11999736964313	1.0227202620570195	1.0126023945164866
86.13795699974442	1.0229070608323603	1.0124956576631077
86.15592037518157	1.023093828539083	1.0123889742323178
86.17388749673567	1.0232805651659793	1.0122823441996334
86.1918583651879	1.0234672707018617	1.012175767540572
86.20983298131958	1.023653945135564	1.0120692442306523
86.22781134591239	1.023840588455944	1.011962774245392
86.24579345974796	1.0240272006518791	1.0118563575603108
86.26377932360816	1.0242137817122694	1.0117499941509294
86.28176893827502	1.024400331626037	1.0116436839927676
86.29976230453083	1.024586850382126	1.0115374270613477
86.31775942315787	1.0247733379695017	1.0114312233321912
86.33576029493867	1.0249597943771502	1.0113250727808218
86.35376492065589	1.0251462195940815	1.011218975382763
86.3717733010925	1.0253326136093264	1.0111129311135394
86.38978543703148	1.0255189764119368	1.0110069399486767
86.4078013292559	1.0257053079909864	1.0109010018637015
86.42582097854923	1.0258916083355711	1.0107951168341407
86.44384438569493	1.0260778774348092	1.0106892848355227
86.46187155147662	1.0262641152778385	1.0105835058433768
86.47990247667816	1.0264503218538201	1.0104777798332327
86.49793716208363	1.0265987104133139	1.0104092962552658
86.51597560847712	1.026719379532795	1.010368093550757
86.53401781664292	1.0268400219696185	1.0103269106166286
86.55206378736554	1.026960637727513	1.0102857474424054
86.5701135214297	1.0270812268102083	1.0102446040176187
86.58816701962017	1.0272017892214373	1.0102034803318054
86.60622428272188	1.027322324964935	1.0101623763745065
86.62428531152005	1.0274428340444404	1.010121292135269
86.64235010679994	1.0275633164636937	1.0100802276036451
86.66041866934698	1.0276837722264387	1.0100391827691917
86.67849099994687	1.0278042013364213	1.009998157621472
86.69656709938542	1.027924603797391	1.0099571521500528
86.71464696844856	1.028044979613099	1.009916166344508
86.73273060792236	1.0281653287872992	1.0098752001944156
86.75081801859315	1.0282856513237482	1.009834253689359
86.76890920124752	1.0284059472262066	1.0097933268189268
86.78700415667184	1.0285262164984352	1.009752419572713
86.80510288565303	1.0286464591441993	1.009711531940317
86.82320538897805	1.0287666751672662	1.009670663911343
86.84131166743397	1.0288868645714062	1.0096298154754006
86.85942172180803	1.0290070273603908	1.0095889866221053
86.87753555288771	1.0291271635379962	1.0095481773410762
86.89565316146066	1.0291438705226295	1.0094019628955142
86.91377454831458	1.0291512787148296	1.009246279400569
86.93189971423737	1.0291586984587602	1.0090906177650472
86.95002866001715	1.029166129751944	1.008934977989694
86.9681613864423	1.029173572591902	1.0087793600752546
86.98629789430106	1.0291810269761537	1.0086237640224756
87.0044381843821	1.0291884929022173	1.0084681898321008
87.0225822574742	1.0291959703676103	1.0083126375048748
87.04073011436624	1.0292034593698491	1.0081571070415412
87.05888175584727	1.0292109599064474	1.0080015984428445
87.07703718270656	1.0292184719749198	1.007846111709527
87.0951963957336	1.0292259955727776	1.007690646842331
87.11335939571786	1.0292335306975327	1.007535203841999
87.13152618344908	1.0292410773466938	1.0073797827092734
87.14969675971726	1.0292486355177703	1.0072243834448946
87.1678711253124	1.0292562052082692	1.0070690060496035
87.1860492810247	1.0292637864156962	1.0069136505241416
87.2042312276446	1.0292713791375565	1.0067583168692482
87.2224169659627	1.0292789833713534	1.0066030050856625
87.24060649676969	1.0292865991145892	1.006447715174124
87.25879982085642	1.0292942263647653	1.0062924471353714
87.276996939014	1.029301865119381	1.0061372009701435
87.29519785203367	1.0293095153759353	1.0059819766791769
87.31340256070682	1.0293171771319252	1.0058267742632094
87.33161106582492	1.0293248503848471	1.0056715937229785
87.34982336817977	1.0293325351321956	1.00551643505922
87.36803946856327	1.0293402313714646	1.0053612982726698
87.38625936776734	1.0293479391001459	1.0052061833640649
87.40448306658429	1.0293556583157313	1.0050510903341388
87.42271056580653	1.0293633890157101	1.0048960191836263
87.44094186622657	1.0293711311975715	1.004740969913262
87.45917696863704	1.0293788848588024	1.00458594252378
87.4774158738309	1.0293866499968893	1.0044309370159132
87.49565858260122	1.029394426609317	1.0042759533903947
87.51390509574115	1.0294022146935693	1.004120991647956
87.53215541404404	1.0294100142471283	1.0039660517893305
87.55040953830348	1.0294178252674755	1.0038111338152487
87.56866746931317	1.0294256477520909	1.0036562377264415
87.5869292078669	1.0294334816984534	1.0035013635236403
87.60519475475876	1.0294413271040401	1.003346511207575
87.62346411078298	1.0294491839663273	1.0031916807789742
87.64173727673388	1.0294570522827904	1.0030368722385679
87.66001425340596	1.0294649320509026	1.0028820855870857
87.67829504159396	1.0294728232681367	1.0027273208252547
87.69657964209277	1.0294807259319645	1.0025725779538024
87.71486805569741	1.0294886400398555	1.0024178569734563
87.73316028320296	1.0294965655892785	1.0022631578849448
87.75145632540494	1.0295045025777014	1.0021084806889924
87.76975618309876	1.0295124510025906	1.0019538253863256
87.78805985708013	1.0295204108614109	1.0017991919776705
87.80636734814489	1.0295283821516261	1.001644580463752
87.82467865708918	1.0295363648706994	1.0014899908452934
87.84299378470905	1.029544359016092	1.0013354231230196
87.8613127318009	1.029552364585264	1.0011808772976545
87.87963549916124	1.029560381575674	1.0010263533699213
87.8979620875868	1.0295684099847804	1.0008718513405412
87.91629249787444	1.029576449810039	1.0007173712102375
87.93462673082107	1.0295845010489058	1.0005629129797322
87.952964787224	1.0295925636988341	1.0004084766497454
87.97130666788054	1.0296006377572773	1.0002540622209983
87.98965237358813	1.0296087232216862	1.0000996696942117
88.00800190514452	1.0296168200895117	0.999945299070105
88.02635526334763	1.0296249283582029	0.9997909503493968
88.04471244899537	1.0296330480252074	0.9996366235328065
88.06307346288594	1.0296411790879716	0.9994823186210529
88.0814383058177	1.0296493215439415	0.9993280356148526
88.0998069785892	1.0296574753905605	0.999173774514924
88.1181794819991	1.0296656406252722	0.9990195353219831
88.13655581684621	1.0296738172455178	0.9988653180367472
88.15493598392962	1.029682005248738	0.9987111226599312
88.17331998404846	1.0296902046323722	0.998556949192251
88.19170781800206	1.029698415393858	0.998402797634422
88.21009948658994	1.029706637530632	0.998248667987158
88.22849499061188	1.0297148710401303	0.9980945602511726
88.24689433086762	1.029723115919787	0.9979404744271796
88.2652975081572	1.0297313721670351	0.9977864105158922
88.28370452328079	1.0297396397793062	0.9976323685180227
88.30211537703885	1.0297479187540313	0.9974783484342822
88.32053007023174	1.0298404466946964	0.9972427723704794
88.3389486036602	1.0300111789165567	0.996931570625759
88.35737097812513	1.0301819610061986	0.9966204542040124
88.37579719442752	1.0303527929196672	0.9963094231441477
88.3942272533685	1.0305236746129525	0.9959984774850243
88.41266115574945	1.0306946060419895	0.9956876172654515
88.43109890237194	1.0308655871626589	0.9953768425241892
88.44954049403766	1.0310634927581666	0.9950939995938466
88.46798593154834	1.0313935572430186	0.9949482179527132
88.48643521570608	1.0317235554710473	0.9948025574838479
88.50488834731317	1.0320534873908593	0.9946570180999958
88.52334532717177	1.0323833529511939	0.9945115997138997
88.54180615608449	1.032713152100931	0.9943663022382969
88.56027083485408	1.0330428847890862	0.9942211255859215
88.57873936428331	1.0333725509648104	0.9940760696695046
88.59721174517522	1.0337021505773902	0.9939311344017748
88.61568797833301	1.0340316835762493	0.993786319695457
88.63416806456009	1.034361149910948	0.9936416254632733
88.65265200465994	1.0346905495311811	0.9934970516179438
88.67113979943619	1.0350198823867778	0.9933525980721876
88.68963144969284	1.035349148427706	0.9932082647387191
88.70812695623384	1.0356783476040667	0.9930640515302541
88.72662631986333	1.0360074798660956	0.992919958359505
88.74512954138574	1.036336545164165	0.9927759851391836
88.76363662160567	1.0366655434487833	0.9926321317819998
88.78214756132772	1.0369944746705906	0.992488398200664
88.80066236135676	1.037323338780363	0.9923447843078853
88.81918102249784	1.037652135729012	0.9922012900163725
88.83770354555625	1.037980865467584	0.9920579152388337
88.85622993133727	1.0383095279472574	0.9919146598879782
88.87476018064639	1.0386381231193453	0.9917715238765151
88.89329429428946	1.0389666509352975	0.9916285071171536
88.91183227307229	1.0392951113466948	0.9914856095226039
88.93037411780087	1.039623504305252	0.9913428310055777
88.94891982928144	1.039951829762819	0.9912001714787874
88.96746940832044	1.040280087671379	0.9910576308549459
88.98602285572439	1.040608277983048	0.9909152090467689
89.00458017229994	1.0409364006500734	0.9907729059669746
89.02314135885403	1.041264455624839	0.9906307215282815
89.04170641619376	1.041592442859861	0.9904886556434102
89.06027534512629	1.0419203623077864	0.9903467082250856
89.07884814645897	1.042248213921395	0.9902048791860347
89.09742482099945	1.0425759976536024	0.9900631684389859
89.11600536955544	1.0429037134574533	0.9899215758966724
89.13458979293475	1.0432313612861246	0.9897801014718303
89.15317809194549	1.0435589410929276	0.9896387450771988
89.17177026739596	1.043886452831305	0.9894975066255209
89.19036632009448	1.04421389645483	0.989356386029544
89.20896625084963	1.044541271917208	0.9892153832020192
89.22757006047013	1.0448685791722765	0.9890744980557026
89.24617774976498	1.0451958181740055	0.9889337305033533
89.2647893195432	1.045522988876494	0.9887930804577373
89.28340477061397	1.0458500912339725	0.9886525478316247
89.30202410378676	1.0461771252008047	0.98851213253779
89.3206473198712	1.0465040907314829	0.9883718344890143
89.33927441967693	1.0468309877806306	0.9882316535980838
89.35790540401392	1.0471578163030022	0.9880915897777907
89.37654027369231	1.0474845762534846	0.9879516429409321
89.3951790295223	1.0478112675870912	0.987811813000313
89.4138216723143	1.048137890258967	0.9876720998687444
89.43246820287892	1.0484644442243882	0.9875325034590434
89.45111862202697	1.048790929438761	0.9873930236840338
89.46977293056936	1.0491173458576197	0.9872536604565469
89.48843112931714	1.0494436934366282	0.9871144136894218
89.50709321908164	1.0497699721315825	0.9869752832955037
89.52575920067429	1.0500961818984047	0.9868362691876462
89.54442907490662	1.0504223226931473	0.9866973712787114
89.56310284259051	1.0507483944719926	0.986558589481568
89.58178050453792	1.0510743971912522	0.9864199237090937
89.60046206156089	1.0514003308073643	0.9862813738741747
89.61914751447172	1.0517261952768964	0.986142939889706
89.63783686408289	1.052051990556546	0.9860046216685909
89.65653011120705	1.052377716603138	0.9858664191237417
89.67522725665695	1.0527033733736253	0.9857283321680804
89.69392830124556	1.0530289608250878	0.9855903607145389
89.71263324578604	1.0533544789147358	0.9854525046760568
89.73134209109168	1.0536799275999051	0.9853147639655859
89.75005483797592	1.0540053068380597	0.9851771384960863
89.76877148725242	1.0543306165867916	0.9850396281805288
89.78749203973506	1.0546558568038207	0.984902232931895
89.80621649623775	1.0549810274469922	0.9847649526631762
89.82494485757462	1.0555041146031423	0.984839982254592
89.84367712456003	1.056109504159993	0.9850036293468756
89.86241329800858	1.0567145020613649	0.9851673023324462
89.88115337873472	1.0573191087683462	0.9853310009506576
89.89989736755338	1.0579233247413302	0.9854947249418826
89.91864526527961	1.0585271504400047	0.9856584740475064
89.93739707272853	1.0591305863233509	0.9858222480099235
89.95615279071546	1.059733632849648	0.9859860465725321
89.97491242005593	1.060336290476477	0.9861498694797329
89.99367596156567	1.060938559660717	0.9863137164769243
90.01244341606049	1.061540440858544	0.986477587310496
90.0312147843564	1.0621419345254346	0.986641481727827
90.04999006726956	1.0627430411161691	0.9868053994772823
90.0687692656165	1.0633437610848318	0.9869693403082093
90.08755238021351	1.063944094884799	0.9871333039709296
90.10633941187741	1.0645440429687607	0.9872972902167408
90.12513036142515	1.0651436057887087	0.9874612987979107
90.14392522967368	1.0657427837959357	0.9876253294676706
90.16272401744018	1.066341577441041	0.9877893819802145
90.18152672554208	1.0669399871739325	0.9879534560906954
90.200333354797	1.067538013443824	0.9881175515552209
90.21914390602258	1.0680230150893666	0.9883858996282298
90.23795838003672	1.0682363431256512	0.9889052888630813
90.25677677765752	1.068449636276753	0.9894243535832619
90.27559909970323	1.0686628944309131	0.9899430941685853
90.29442534699216	1.0688761174768975	0.9904615109982208
90.31325552034295	1.0690893053039958	0.9909796044507003
90.33208962057442	1.0693024578020178	0.9914973749039145
90.3509276485054	1.0695155748612921	0.9920148227351118
90.36976960495498	1.069728656372662	0.9925319483209034
90.38861549074242	1.0699417022274873	0.9930487520372657
90.40746530668726	1.0701547123176391	0.99356523425954
90.42631905360899	1.0703676865354979	0.9940813953624291
90.44517673232737	1.0705806247739516	0.9945972357200034
90.46403834366244	1.0707935269263957	0.9951127557057055
90.48290388843425	1.0710063928867275	0.9956279556923416
90.50177336746306	1.0712192225493462	0.9961428360520895
90.52064678156935	1.071432015809151	0.9966573971564997
90.53952413157383	1.071644772561539	0.9971716393764953
90.55840541829723	1.0718574927024014	0.997685563082371
90.57729064256047	1.0720701761281226	0.9981991686437959
90.59617980518475	1.072282822735579	0.9987124564298175
90.61507290699143	1.072495432422137	0.999225426808861
90.63396994880193	1.072708005085649	0.999738080148726
90.65287093143787	1.0729205406244515	1.0002504168165924
90.67177585572121	1.0731330389373668	1.000762437179025
90.69068472247386	1.073345499923697	1.001274141601965
90.70959753251793	1.0735579234832222	1.0017855304507377
90.72851428667585	1.073770309516202	1.0022966040900538
90.74743498577014	1.0739826579233702	1.0028073628840108
90.76635963062346	1.0741949686059336	1.0033178071960882
90.78528822205863	1.0744072414655699	1.0038279373891537
90.80422076089869	1.0746194764044272	1.0043377538254668
90.82315724796692	1.0748316733251215	1.004847256866676
90.84209768408664	1.075043832130733	1.005356446873817
90.86104207008133	1.0752559527248047	1.0058653242073203
90.87999040677478	1.0754680350113441	1.0063738892270104
90.8989426949909	1.075680078894816	1.006882142292105
90.91789893555361	1.0758920842801436	1.0073900837612149
90.93685912928726	1.0761916789056103	1.0079912712328378
90.95582327701626	1.076757880440855	1.0088766809319143
90.97479137956515	1.0773237285962487	1.00976119620795
90.99376343775863	1.0778892236576985	1.0106448191328978
91.01273945242167	1.078454365911884	1.0115275517709383
91.0317194243794	1.0790191556462463	1.0124093961785179
91.05070335445701	1.0795835931489672	1.0132903544043788
91.06969124347995	1.0801476787089632	1.0141704284896078
91.08868309227384	1.0807114126158721	1.0150496204676747
91.10767890166447	1.0812747951600368	1.0159279323644612
91.12667867247774	1.081837826632492	1.0168053661983056
91.14568240553979	1.0824005073249579	1.0176819239800419
91.16469010167695	1.0829628375298226	1.0185576077130338
91.18370176171572	1.0835248175401302	1.01943241939321
91.2027173864826	1.0840864476495673	1.020306361009101
91.22173697680452	1.0846477281524565	1.0211794345418836
91.24076053350849	1.0852086593437424	1.022051641965413
91.25978805742155	1.0857692415189708	1.0229229852462463
91.2788195493711	1.0863294749742927	1.0237934663437018
91.29785501018465	1.0868893600064433	1.0246630872098808
91.31689444068986	1.0874488969127298	1.0255318497897017
91.33593784171454	1.0880080859910228	1.0263997560209377
91.35498521408672	1.088566927539747	1.0272668078342588
91.37403655863467	1.0891254218578694	1.0281330071532606
91.39309187618673	1.0896835692448839	1.0289983558944957
91.41215116757132	1.0902413700008042	1.0298628559675105
91.43121443361727	1.090798824426155	1.0307265092748867
91.45028167515353	1.091355932821962	1.0315893177122724
91.46935289300893	1.0919126954897294	1.032451283168398
91.48842808801287	1.0924691127314485	1.0333124075251419
91.50750726099473	1.0930251848495764	1.0341726926575414
91.52659041278407	1.0935809121470255	1.0350321404338305
91.5456775442106	1.0941362949271545	1.0358907527154726
91.56476865610426	1.0946913334937642	1.0367485313571998
91.58386374929523	1.0952460281510832	1.0376054782070414
91.60296282461368	1.0958003792037556	1.0384615951063527
91.62206588289006	1.0963543869568337	1.0393168838898486
91.64117292495503	1.0969080517157765	1.0401713463856463
91.66028395163936	1.0974613737864258	1.0410249844152806
91.67939896377393	1.0981895938082067	1.042062480475404
91.69851796218995	1.0989740147257951	1.0431586049669643
91.71764094771878	1.0997577717572062	1.0442534128328174
91.73676792119183	1.100540866010415	1.045346907894633
91.75589888344072	1.101323298591558	1.0464390939557948
91.77503383529732	1.1021050706049251	1.0475299748015265
91.79417277759366	1.1028861831529488	1.0486195541990009
91.8133157111619	1.1036666373361892	1.0497078358974559
91.83246263683434	1.1044464342533298	1.050794823628313
91.85161355544355	1.1052255750011761	1.0518805211053022
91.8707684678222	1.106004060674634	1.0529649320245607
91.88992737480315	1.106781892366708	1.0540480600647528
91.90909027721948	1.1075590711684982	1.0551299088871904
91.92825717590438	1.1083355981691863	1.0562104821359346
91.94742807169125	1.109111474456028	1.0572897834379076
91.96660296541361	1.1098867011143474	1.0583678164030035
91.98578185790525	1.110661279227534	1.0594445846242024
92.00496475000011	1.111435209877033	1.0605200916776767
92.02415164253222	1.1122084941423336	1.061594341122889
92.04334253633579	1.1129811331009682	1.0626673365027066
92.06253743224535	1.1137531278285109	1.0637390813435141
92.0817363310955	1.1145244793985607	1.0648095791553036
92.10093923372092	1.1152951888827412	1.0658788334317824
92.12014614095663	1.1160652573506988	1.0669468476504873
92.13935705363784	1.1168346858700933	1.0680136252728765
92.15857197259976	1.1176034755065916	1.0690791697444293
92.17779089867783	1.1183716273238606	1.0701434844947488
92.19701383270777	1.1191391423835733	1.0712065729376707
92.21624077552543	1.1199060217453956	1.072268438471355
92.23547172796678	1.120671360653334	1.0733281387104092
92.25470669086793	1.1214357987459147	1.0743863444307578
92.27394566506534	1.1221996061194366	1.0754433399735412
92.29318865139548	1.1229627838202605	1.0764991286637806
92.31243565069501	1.1237253328927406	1.077553713811377
92.33168666380081	1.1244872543792221	1.07860709871121
92.35094169155002	1.1252485493200368	1.0796592866432255
92.37020073477981	1.126009218753496	1.0807102808725269
92.38946379432751	1.1267692637158873	1.0817600846494644
92.40873087103073	1.12752868524148	1.0828087012097392
92.4280019657273	1.128259348931743	1.0838831619212057
92.44727707925506	1.1288004033321692	1.0851381064373224
92.46655621245206	1.1293413337994729	1.086391597917697
92.48583936615668	1.129882139188278	1.0876436400413567
92.5051265412073	1.1304228183642036	1.0888942364737821
92.52441773844252	1.1309633702037716	1.09014339086697
92.54371295870115	1.1315037935943137	1.0913911068594944
92.56301220282222	1.1320440874338742	1.0926373880765547
92.58231547164482	1.13258425063111	1.0938822381300242
92.60162276600825	1.1331242821052043	1.0951256606185091
92.620934086752	1.1336641807857735	1.0963676591274063
92.64024943471583	1.1342039456127753	1.097608237228959
92.65956881073951	1.134743575536412	1.0988473984822928
92.67889221566304	1.135283069517047	1.1000851464334855
92.69821965032669	1.135822426525117	1.1013214846156214
92.71755111557077	1.1363616455410366	1.1025564165488329
92.7368866122358	1.1369007255551156	1.1037899457403584
92.75622614116256	1.137439665567473	1.1050220756846003
92.77556970319195	1.1379784645879514	1.1062528098631768
92.79491729916504	1.1392351888189072	1.108220328102008
92.81426892992299	1.1410203201705846	1.110728466450912
92.83362459630729	1.142802557277332	1.1132307053570054
92.85298429915962	1.1445819105719293	1.1157270813744076
92.87234803932158	1.1463583904489532	1.1182176306878022
92.89171581763519	1.1481320072644605	1.120702389117564
92.91108763494265	1.1499027713356245	1.1231813921246958
92.9304634920862	1.151670692940415	1.1256546748157186
92.94984338990825	1.1534357823173078	1.1281222719474888
92.96922732925152	1.1551980496650214	1.1305842179319479
92.9886153109589	1.1569575051422432	1.1330405468407498
93.00800733587329	1.157694310929681	1.1344505677806034
93.02740340483786	1.158225205181862	1.135649175214794
93.04680351869602	1.1587559475121074	1.1368464752312983
93.06620767829138	1.1592865371198635	1.138042470957039
93.08561588446743	1.1598169732123627	1.1392371655078004
93.1050281380682	1.1603472550045721	1.1404305619883117
93.12444443993776	1.1608773817191187	1.1416226634922686
93.14386479092029	1.1614073525862225	1.1428134731023782
93.16328919186019	1.161937166843636	1.1440029938904113
93.18271764360205	1.1624668237365814	1.1451912289172475
93.2021501469907	1.162996322517685	1.1463781812329217
93.22158670287104	1.1635256624469124	1.147563853876657
93.24102731208811	1.164054842791508	1.1487482498769184
93.26047197548733	1.1645838628259382	1.1499313722514661
93.27992069391411	1.1651127218318205	1.1511132240073787
93.299373468214	1.1656414190978692	1.1522938081411105
93.31883029923294	1.1661699539198376	1.1534731276385388
93.3382911878169	1.1666983256004535	1.1546511854750028
93.35775613481209	1.1672265334493601	1.1558279846153403
93.37722514106474	1.16775457678306	1.1570035280139388
93.39669820742145	1.1682824549248574	1.1581778186147815
93.41617533472899	1.168810167204802	1.1593508593514898
93.43565652383413	1.1693377129596252	1.1605226531473543
93.45514177558393	1.16986509153269	1.1616932029153888
93.47463109082571	1.1703923022739364	1.1628625115583784
93.4941244704068	1.1709193445398203	1.1640305819689074
93.5136219151748	1.17144621769326	1.1651974170294055
93.53312342597745	1.1719729211035868	1.1663630196122021
93.55262900366277	1.1724994541464862	1.1675273925795584
93.57213864907882	1.1730774555681935	1.1687423696965733
93.59165236307388	1.1737355268392902	1.1700365615156638
93.61117014649639	1.174393265878021	1.1713292280674759
93.6306920001951	1.1750506722992737	1.172620373478766
93.6502179250188	1.1757077457251963	1.173910001858891
93.6697479218164	1.1763644857851214	1.1751981172999104
93.68928199143721	1.1770208921154963	1.1764847238766862
93.7088201347305	1.1776769643597975	1.177769825646956
93.72836235254577	1.178332702168459	1.1790534266514332
93.74790864573279	1.1789881051988047	1.1803355309139059
93.76745901514145	1.1796431731149688	1.1816161424413176
93.78701346162184	1.1802979055878222	1.182895265223853
93.80657198602408	1.180952302294903	1.1841729032350305
93.82613458919867	1.1816063629203486	1.1854490604317998
93.84570127199626	1.1822600871548246	1.186723740754621
93.86527203526758	1.182913474695449	1.1879969481275472
93.88484687986346	1.183566525245729	1.189268686458318
93.9044258066352	1.1842192385154975	1.1905389596384535
93.92400881643405	1.1848716142208355	1.191807771543323
93.94359591011144	1.1855236520840118	1.1930751260322396
93.96318708851904	1.1861753518334188	1.194341026948549
93.98278235250875	1.1868267132035062	1.1956054781197116
94.00238170293257	1.187477735934711	1.1968684833573757
94.02198514064263	1.1881284197734008	1.1981300464574725
94.04159266649133	1.1887787644718084	1.1993901712002981
94.06120428133127	1.1894287697879729	1.2006488613505961
94.08081998601513	1.1900784354856684	1.2019061206576287
94.1004397813958	1.1907277613343523	1.2031619528552693
94.12006366832641	1.191376747109104	1.2044163616620858
94.13969164766021	1.1922941693905145	1.2059350866425622
94.15932372025057	1.193229975659497	1.2074706383595382
94.17895988695115	1.1941649966881094	1.2090040614619006
94.1986001486158	1.1950992333914883	1.2105353631491598
94.21824450609844	1.196032686688587	1.2120645505813803
94.23789296025316	1.196965357502086	1.2135916308794794
94.25754551193437	1.1978972467583033	1.215116611125523
94.27720216199658	1.1988283553870998	1.2166394983629987
94.29686291129445	1.1997586843217798	1.2181602995970877
94.31652776068282	1.2006882344990133	1.219679021794959
94.33619671101677	1.201617006858749	1.2211956718860473
94.35586976315152	1.2025450023441193	1.2227102567623114
94.37554691794239	1.203472221901358	1.2242227832785124
94.39522817624501	1.2043986664797264	1.2257332582524925
94.4149135389152	1.2053243370314222	1.2272416884654347
94.43460300680884	1.2062492345114983	1.2287480806621178
94.45429658078196	1.2071733598777838	1.230252441551185
94.47399426169093	1.208096714090815	1.2317547778054152
94.4936960503923	1.2090192981137526	1.233255096061972
94.51340194774254	1.2098426791860226	1.2346569473718614
94.53311195459857	1.2101515487223342	1.235553695585528
94.55282607181742	1.2104604116178137	1.236449740332516
94.57254430025627	1.2107692674009025	1.2373450827004853
94.59226664077238	1.2110781156025765	1.238239723774756
94.61199309422337	1.211386955756332	1.239133664638316
94.63172366146699	1.2116957873981713	1.240026906371824
94.6514583433611	1.2120046100665898	1.2409194500536058
94.67119714076374	1.2123134233025625	1.241811296759668
94.69094005453319	1.212622226649533	1.2427024475637023
94.71068708552801	1.2129310196533991	1.2435929035370927
94.73043823460661	1.2132398018624964	1.244482665748901
94.75019350262785	1.213548572827591	1.2453717352658997
94.76995289045078	1.213857332101866	1.2462601131525615
94.78971639893452	1.2141660792409044	1.2471478004710614
94.80948402893833	1.2144748138026786	1.2480347982812856
94.82925578132176	1.2147835353475407	1.2489211076408406
94.84903165694455	1.215092243438207	1.249806729605054
94.86881165666654	1.2154009376397452	1.250691665226976
94.8885957813477	1.2157096175195623	1.2515759155573838
94.9083840318484	1.216018282647396	1.2524594816448
94.92817640902894	1.2163269325952957	1.253342364535478
94.9479729137499	1.2166355669376157	1.2542245652734176
94.96777354687205	1.216944185251001	1.2551060849003701
94.98757830925645	1.2172527871143777	1.2559869244558437
95.00738720176412	1.2175613721089358	1.2568670849770989
95.02720022525632	1.2178699398181205	1.2577465674991595
95.04701738059462	1.2181784898276227	1.2586253730548254
95.06683866864068	1.2184870217253634	1.2595035026746648
95.08666409025636	1.2187955351014839	1.2603809573870237
95.10649364630356	1.2191040295483317	1.2612577382180274
95.12632733764463	1.2194125046604538	1.262133846191598
95.14616516514187	1.2197209600345797	1.263009282329441
95.16600712965784	1.2200293952696128	1.2638840476510598
95.18585323205528	1.220337809966621	1.2647581431737636
95.2057034731972	1.2206462037288202	1.2656315699126686
95.22555785394661	1.2209545761615679	1.2665043288806965
95.24541637516678	1.221262926872347	1.2673764210885863
95.26527903772121	1.2215712554707612	1.2682478475449013
95.2851458424736	1.2218795615685187	1.2691186092560303
95.3050167902877	1.2220957894128777	1.2699001169604476
95.3248918820275	1.221780658077125	1.270169936916986
95.34477111855723	1.221465651562213	1.2704397783103456
95.36465450074122	1.2211507698745976	1.2707096410651404
95.38454202944399	1.2208360130206426	1.2709795251059852
95.40443370553031	1.2205213810066189	1.2712494303574957
95.42432952986509	1.2202068738387057	1.2715193567442868
95.4442295033134	1.2198924915229905	1.2717893041909736
95.46413362674043	1.2195782340654702	1.2720592726221707
95.48404190101172	1.219473939497069	1.2721103289858557
95.50395432699291	1.2194451031639395	1.2720826858465257
95.52387090554976	1.2194162721637753	1.272055047872457
95.5437916375482	1.2193874464957006	1.2720274150627828
95.56371652385451	1.2193586261588385	1.2719997874166373
95.58364556533498	1.2193298111523132	1.2719721649331543
95.6035787628561	1.2193010014752481	1.2719445476114684
95.6235161172846	1.2192721971267673	1.2719169354507136
95.64345762948746	1.219243398105995	1.2718893284500241
95.66340330033165	1.219214604412055	1.2718617266085348
95.68335313068442	1.2191858160440716	1.2718341299253804
95.70330712141322	1.2191570330011696	1.2718065383996953
95.72326527338573	1.2191282552824731	1.2717789520306142
95.74322758746968	1.219099482887107	1.2717513708172723
95.763194064533	1.2190707158141956	1.271723794758805
95.78316470544397	1.2190419540628636	1.271696223854347
95.80313951107084	1.2190131976322367	1.2716686581030336
95.8231184822821	1.218984446521439	1.2716410975040007
95.84310161994648	1.2189557007295964	1.2716135420563834
95.86308892493292	1.2189269602558335	1.2715859917593173
95.88308039811047	1.2188982250992761	1.2715584466119383
95.90307604034825	1.2188694952590493	1.2715309066133824
95.92307585251578	1.218840770734279	1.2715033717627853
95.94307983548273	1.2188120515240908	1.271475842059283
95.96308799011875	1.2187833376276103	1.2714483175020121
95.98310031729386	1.2187546290439635	1.2714207980901089
96.00311681787827	1.2187259257722765	1.2713932838227093
96.02313749274225	1.2186972278116752	1.2713657746989504
96.04316234275626	1.218668535161286	1.2713382707179688
96.06319136879107	1.2186398478202354	1.2713107718789007
96.0832245717176	1.2186111657876493	1.2712832781808836
96.10326195240684	1.2185824890626547	1.271255789623054
96.12330351172999	1.218553817644378	1.2712283062045495
96.14334925055851	1.2185251515319462	1.271200827924507
96.1633991697641	1.2184964907244855	1.2711733547820638
96.18345327021837	1.218467835221124	1.2711458867763576
96.20351155279337	1.2184391850209881	1.2711184239065256
96.2235740183613	1.218410540123205	1.2710909661717058
96.24364066779444	1.2183819005269023	1.2710635135710355
96.26371150196522	1.2183532662312073	1.2710360661036533
96.28378652174644	1.218324637235247	1.2710086237686968
96.30386572801098	1.2182960135381498	1.270981186565304
96.32394912163187	1.218267395139043	1.2709537544926133
96.34403670348227	1.2182387820370548	1.2709263275497626
96.36412847443574	1.2182101742313127	1.270898905735891
96.38422443536582	1.2181815717209452	1.270871489050137
96.40432458714625	1.21815297450508	1.270844077491639
96.42442893065103	1.218124382582846	1.2708166710595357
96.44453746675437	1.2180957959533711	1.2707892697529664
96.46465019633057	1.2180672146157843	1.2707618735710695
96.48476712025406	1.2180386385692135	1.270734482512985
96.50488823939962	1.2180100678127879	1.270707096577851
96.52501355464214	1.2179815023456364	1.270679715764808
96.54514306685668	1.2179529421668875	1.2706523400729948
96.56527677691841	1.2179243872756707	1.2706249695015512
96.58541468570284	1.2178958376711149	1.2705976040496167
96.60555679408559	1.2178672933523496	1.2705702437163313
96.62570310294234	1.2178387543185036	1.270542888500835
96.64585361314913	1.2178102205687074	1.2705155384022675
96.6660083255822	1.2177816921020896	1.270488193419769
96.68616724111779	1.2177531689177803	1.27046085355248
96.7063303606324	1.2177246510149093	1.2704335187995408
96.72649768500277	1.2176961383926068	1.2704061891600917
96.74666921510588	1.2176676310500023	1.2703788646332734
96.76684495181871	1.2176391289862263	1.2703515452182264
96.7870248960185	1.217610632200409	1.270324230914092
96.80720904858273	1.2175821406916805	1.2702969217200106
96.82739741038903	1.2175536544591712	1.2702696176351236
96.84758998231511	1.2175251735020123	1.2702423186585718
96.86778676523905	1.2174966978193342	1.2702150247894972
96.88798776003904	1.2174682274102673	1.2701877360270402
96.9081929675934	1.2174397622739426	1.270160452370343
96.92840238878058	1.2174113024094917	1.2701331738185466
96.94861602447938	1.2173828478160449	1.2701059003707933
96.96883387556876	1.2173543984927342	1.2700786320262245
96.98905594292773	1.21732595443869	1.2700513687839827
97.00928222743552	1.2172975156530446	1.2700241106432093
97.02951272997167	1.2172690821349292	1.2699968576030467
97.0497474514158	1.2172406538834755	1.2699696096626372
97.06998639264765	1.2172122308978153	1.2699423668211234
97.09022955454728	1.2171838131770805	1.2699151290776474
97.11047693799495	1.2171554007204028	1.269887896431352
97.13072854387093	1.2171269935269142	1.26986066888138
97.15098437305576	1.217098591595748	1.2698334464268741
97.1712444264302	1.2170408655351683	1.2697781177759335
97.19150870487525	1.216838841932108	1.2695844860562349
97.21177720927196	1.2166368270306855	1.2693908652922055
97.23204994050155	1.216434820826489	1.269197255480476
97.25232689944559	1.2162328233151039	1.2690036566176743
97.27260808698573	1.2160308344921151	1.26881006870043
97.2928935040037	1.215828854353107	1.268616491725371
97.31318315138162	1.2156268828936612	1.268422925689125
97.3334770300017	1.2154249201093588	1.268229370588318
97.35377514074632	1.21522296599578	1.2680358264195775
97.374077484498	1.2150210205485035	1.2678422931795292
97.39438406213957	1.2148190837631065	1.2676487708647983
97.41469487455396	1.214617155635165	1.2674552594720092
97.4350099226243	1.2144152361602534	1.2672617589977866
97.45532920723385	1.2142133253339464	1.2670682694387543
97.47565272926614	1.2140114231518153	1.266874790791535
97.49598048960492	1.2138095296094311	1.2666813230527514
97.51631248913391	1.213607644702365	1.2664878662190262
97.53664872873723	1.2134057684261843	1.2662944202869801
97.5569892092992	1.213203900776456	1.2661009852532337
97.57733393170412	1.213002041748747	1.265907561114408
97.59768289683662	1.2128001913386215	1.265714147867123
97.61803610558144	1.2125983495416437	1.2655207455079978
97.63839355882375	1.2123965163533736	1.2653273540336496
97.65875525744846	1.212194691769375	1.2651339734406988
97.67912120234101	1.2119928757852065	1.264940603725762
97.69949139438697	1.2117910683964257	1.2647472448854558
97.71986583447203	1.2115892695985901	1.264553896916397
97.74024452348198	1.2113874793872563	1.264360559815202
97.760627462303	1.2111856977579782	1.2641672335784853
97.7810146518214	1.2109839247063088	1.263973918202862
97.80140609292356	1.2107821602278002	1.2637806136849459
97.82180178649604	1.210580404318004	1.2635873200213517
97.84220173342575	1.210378656972469	1.2633940372086918
97.86260593459977	1.2101769181867423	1.2632007652435782
97.88301439090512	1.209975187956373	1.2630075041226239
97.90342710322925	1.2097734662769053	1.26281425384244
97.92384407245974	1.2095717531438832	1.2626210143996368
97.94426529948433	1.2093700485528507	1.2624277857908246
97.96469078519088	1.2095413864959055	1.261845282940806
97.98512053046757	1.2098604904054069	1.2611089852490787
98.0055545362027	1.2101798961851957	1.260372845568573
98.02599280328477	1.2104996038087081	1.2596368643350493
98.04643533260236	1.2108196132484215	1.2589010419845073
98.06688212504443	1.2111399244758563	1.2581653789531757
98.08733318149994	1.2114605374615708	1.2574298756775213
98.10778850285814	1.2117814521751604	1.2566945325942398
98.12824809000841	1.2121026685852576	1.2559593501402522
98.14871194384047	1.2124241866595302	1.255224328752702
98.16918006524402	1.2127460063646773	1.2544894688689592
98.18965245510897	1.2130681276664288	1.2537547709266132
98.21012911432551	1.2133905505295475	1.2530202353634654
98.23061004378407	1.2137132749178234	1.2522858626175308
98.25109524437507	1.2140363007940724	1.25155165312704
98.27158471698922	1.2143596281201365	1.2508176073304298
98.29207846251752	1.2146832568568835	1.2500837256663386
98.31257648185094	1.215007186964201	1.2493500085736131
98.33307877588075	1.2153314184009987	1.248616456491299
98.35358534549844	1.2156559511252072	1.247883069858635
98.37409619159571	1.2159807850937754	1.2471498491150559
98.39461131506432	1.2163059202626674	1.2464167947001905
98.41513071679624	1.2166313565868623	1.2456839070538566
98.43565439768372	1.2169570940203558	1.2449511866160536
98.45618235861916	1.217283132516155	1.2442186338269663
98.47671460049511	1.2176094720262778	1.2434862491269614
98.49725112420428	1.217936112501751	1.2427540329565834
98.51779193063972	1.2182630538926127	1.2420219857565462
98.5383370206945	1.218590296147906	1.2412901079677416
98.55888639526184	1.2189178392156794	1.2405584000312297
98.57944005523534	1.2192456830429872	1.2398268623882334
98.59999800150872	1.219573827575887	1.2390954954801383
98.62056023497581	1.2199022727594366	1.2383642997484947
98.64112675653061	1.2202310185376952	1.2376332756350097
98.66169756706743	1.2205600648537205	1.2369024235815416
98.68227266748075	1.2208894116495703	1.2361717440301005
98.70285205866513	1.2212190588662961	1.235441237422849
98.72343574151532	1.2215490064439454	1.2347109042020947
98.74402371692643	1.2218792543215613	1.233980744810284
98.76461598579358	1.2222098024371786	1.233250759690007
98.78521254901207	1.2225406507278223	1.2325209492839928
98.80581340747753	1.2227806999783155	1.2317008745899019
98.82641856208576	1.2228560622198374	1.2307168859446727
98.8470280137326	1.2229318606048718	1.22973276932733
98.86764176331411	1.2230080957884433	1.228748525116953
98.88825981172673	1.2230847684258206	1.2277641536946646
98.90888215986679	1.223161879172505	1.226779655443661
98.92950880863111	1.2232394286842292	1.2257950307491887
98.95013975891644	1.2233174176169483	1.2248102799985774
98.97077501161992	1.2233958466268369	1.2238254035812197
98.99141456763874	1.2234747163702802	1.2228404018885974
99.01205842787027	1.2235540275038699	1.221855275314278
99.03270659321217	1.2236337806843989	1.2208700242539148
99.05335906456229	1.223713976568854	1.2198846491052584
99.07401584281854	1.2237946158144104	1.2188991502681652
99.09467692887907	1.2238756990784252	1.2179135281445999
99.11534232364234	1.223957227018432	1.2169277831386305
99.13601202800676	1.224039200292135	1.2159419156564537
99.1566860428712	1.2241216195574018	1.2149559261063796
99.17736436913445	1.2242044854722576	1.2139698148988554
99.19804700769575	1.2242877986948801	1.2129835824464528
99.2187339594543	1.2243715598835916	1.211997229163888
99.23942522530957	1.224455769696853	1.2110107554680225
99.26012080616127	1.2245404287932589	1.210024161777862
99.28082070290931	1.2246255378315296	1.2090374485145654
99.30152491645367	1.2247110974705053	1.208050616101457
99.32223344769454	1.224797108369139	1.2070636649640254
99.34294629753248	1.2248835711864914	1.2060765955299217
99.36366346686793	1.2249704865817228	1.2050894082289831
99.38438495660185	1.2250578552140887	1.2041021034932142
99.40511076763505	1.2251456777429295	1.2031146817568181
99.42584090086889	1.225233954827668	1.2021271434561764
99.44657535720464	1.2253226871278	1.2011394890298743
99.46731413754377	1.2254118753028878	1.2001517189186972
99.48805724278809	1.2255015200125547	1.1991638335656323
99.50880467383956	1.2255916219164777	1.1981758334158776
99.52955643160028	1.2256821816743795	1.19718771891685
99.55031251697248	1.2257731999460226	1.1961994905181903
99.57107293085873	1.2258646773912032	1.1952111486717556
99.59183767416164	1.225956614669742	1.1942226938316445
99.61260674778416	1.2260490124414796	1.1932341264541821
99.63338015262924	1.2261418713662668	1.1922454469979442
99.65415788960019	1.226235192103961	1.1912566559237436
99.67493995960047	1.2263289753144153	1.1902677536946489
99.69572636353357	1.2264232216574737	1.1892787407759864
99.71651710230338	1.2265179317929635	1.1882896176353392
99.73731217681393	1.226613106380687	1.1873003847425558
99.75811158796938	1.2267087460804167	1.1863110425697572
99.77891533667405	1.226804851551884	1.1853215915913435
99.79972342383255	1.2269014234547753	1.1843320322839874
99.8205358503496	1.2269984624487233	1.1833423651266552
99.8413526171302	1.2270959691932994	1.182352590600594
99.86217372507937	1.2271939443480064	1.1813627091893562
99.88299917510254	1.2272923885722713	1.180372721378783
99.90382896810519	1.2274613657373317	1.1794555427322673
99.92466310499293	1.2277190284904715	1.1786302822146597
99.94550158667167	1.2279770711067877	1.17780512410786
99.96634441404758	1.2282354937153301	1.1769800689641539
99.98719158802686	1.22849429644399	1.1761551173366371
100.0080431095159	1.2287534794194968	1.1753302697792067
100.02889897942141	1.2290130427674153	1.1745055268465543
100.04975919865016	1.2292729866121386	1.1736808890941746
100.07062376810926	1.2295333110768882	1.1728563570783501
100.0914926887058	1.2297940162837055	1.1720319313561611
100.11236596134728	1.2300551023534523	1.1712076124854696
100.13324358694123	1.2303165694058025	1.170383401024928
100.15412556639538	1.230578417559241	1.169559297533971
100.1750119006178	1.23084064693106	1.1687353025728093
100.19590259051651	1.231103257637352	1.1679114167024365
100.21679763699998	1.2313662497930102	1.1670876404846122
100.23769704097664	1.2316296235117197	1.1662639744818757
100.25860080335531	1.2318933789059585	1.1654404192575258
100.27950892504477	1.2321575160869889	1.164616975375635
100.30042140695427	1.2324588859201948	1.1637588457495167
100.32133824999295	1.2329079352916519	1.1627619611717386
100.3422594550704	1.2333575934314458	1.1617653484983417
100.36318502309628	1.2338078602444331	1.1607690089718654
100.38411495498033	1.2342587356315646	1.1597729438355993
100.40504925163278	1.2347102194898838	1.1587771543335519
100.42598791396367	1.2351623117125092	1.1577816417104605
100.44693094288358	1.235615012188639	1.1567864072117473
100.46787833930304	1.2360683208035306	1.1557914520835284
100.48883010413294	1.2365222374385059	1.1547967775725765
100.50978623828424	1.2369767619709344	1.1538023849263213
100.53074674266804	1.2374318942742304	1.1528082753928257
100.55171161819581	1.2378876342178469	1.1518144502207663
100.57268086577912	1.2383439816672681	1.1508209106594196
100.59365448632973	1.238800936483999	1.1498276579586522
100.61463248075948	1.239258498525561	1.1488346933688982
100.63561484998066	1.23971666764549	1.1478420181411353
100.65660159490545	1.2401754436933206	1.1468496335268858
100.67759271644654	1.2406348265145872	1.145857540778181
100.69858821551647	1.2410948159508117	1.1448657411475631
100.71958809302824	1.2415554118395038	1.1438742358880483
100.74059234989491	1.2420166140141489	1.1428830262531267
100.76160098702972	1.2424784223042018	1.1418921134967412
100.78261400534619	1.2429408365350871	1.1409014988732609
100.803631405758	1.2434038565281873	1.1399111836374738
100.82465318917897	1.2438674821008373	1.13892116904457
100.84567935652308	1.244331713066319	1.1379314563501237
100.86670990870469	1.2447965492338602	1.1369420468100642
100.88774484663809	1.2452619904086195	1.1359529416806813
100.908784171238	1.2457280363916916	1.1349641422185832
100.92982788341911	1.2461946869800913	1.1339756496807014
100.95087598409657	1.2466619419667584	1.132987465324253
100.97192847418546	1.247129801140543	1.131999590406741
100.99298535460115	1.2475982642862051	1.1310120261859282
101.01404662625922	1.2480673311844104	1.1300247739198164
101.03511229007549	1.248537001611725	1.1290378348666308
101.05618234696584	1.2490072753406052	1.128051210284811
101.07725679784642	1.2494781521393976	1.1270649014329859
101.09833564363359	1.249949631772337	1.1260789095699486
101.11941888524383	1.2504217139995335	1.1250932359546553
101.14050652359391	1.2508943985769765	1.1241078818461914
101.16159855960065	1.2513676852565216	1.123122848503769
101.18269499418126	1.2518415737858972	1.1221381371866883
101.20379582825296	1.2523160639086885	1.121153749154344
101.22490106273318	1.25279115536434	1.1201696856661911
101.24601069853965	1.253266847888152	1.1191859479817283
101.26712473659026	1.2537431412112747	1.1182025373604811
101.28824317780304	1.2542200350607027	1.1172194550619894
101.30936602309616	1.2546975291592721	1.1162367023457862
101.33049327338819	1.2551756232256623	1.1152542804713685
101.35162492959759	1.2556543169743817	1.1142721906981998
101.37276099264336	1.2561336101157758	1.1132904342856698
101.39390146344435	1.2566135023560137	1.1123090124930952
101.4150463429199	1.2570939933970933	1.1113279265796838
101.4361956319893	1.257575082936832	1.110347177804531
101.45734933157216	1.258004069106453	1.1093070018408597
101.47850744258827	1.258406165576364	1.1082358010837337
101.49966996595762	1.258808958879177	1.1071648211703156
101.52083690260037	1.2592124491134258	1.1060940635489898
101.54200825343679	1.259616636373079	1.1050235296698951
101.56318401938752	1.2600215207475296	1.1039532209848992
101.58436420137326	1.2604271023215763	1.1028831389475937
101.60554880031495	1.2608333811754129	1.1018132850132631
101.62673781713366	1.2612403573846116	1.1007436606388792
101.64793125275081	1.2616480310201135	1.0996742672830673
101.66912910808782	1.2620564021482104	1.0986051064061033
101.69033138406637	1.2624654708305332	1.0975361794698868
101.71153808160835	1.2628752371240408	1.0964674879379182
101.73274920163595	1.2632857010810052	1.0953990332752832
101.75396474507136	1.2636968627489953	1.094330816948642
101.77518471283702	1.2641087221708667	1.0932628404262013
101.79640910585566	1.2645212793847507	1.0921951051776897
101.81763792505002	1.2649345344240357	1.091127612674354
101.83887117134331	1.2653484873173617	1.090060364388921
101.86010884565862	1.265763138088599	1.088993361795598
101.88135094891948	1.266178486756843	1.0879266063700337
101.90259748204943	1.2665945333363975	1.086860099589312
101.92384844597231	1.2670033414533775	1.0858006442369705
101.94510384161214	1.2672285494190973	1.0848991809921558
101.96636366989308	1.2674542156960593	1.0839977938218996
101.9876279317396	1.267680340521595	1.0830964834296586
102.00889662807619	1.2679069241315006	1.0821952505202206
102.03016975982771	1.268133966760034	1.081294095799682
102.05144732791912	1.2683614686399047	1.0803930199754614
102.07272933327548	1.2685894300022682	1.0794920237562902
102.09401577682225	1.268817851076721	1.0785911078522004
102.11530665948496	1.269046732091291	1.077690272974532
102.13660198218936	1.2692760732724324	1.0767895198359254
102.15790174586134	1.2695058748450179	1.0758888491503213
102.1792059514271	1.2697361370323337	1.074988261632946
102.20051459981283	1.2699668600560703	1.0740877580003212
102.22182769194521	1.2701980441363192	1.0731873389702475
102.24314522875079	1.2704296894915617	1.0722870052618154
102.26446721115666	1.2706617963386666	1.0713867575953824
102.28579364008975	1.2708943648928805	1.0704865966925867
102.30712451647734	1.2711273953678215	1.0695865232763357
102.328459841247	1.2713608879754743	1.0686865380707982
102.34979961532642	1.2715948429261823	1.0677866418014024
102.37114383964344	1.2718292604286399	1.0668868351948393
102.39249251512604	1.2720641406898867	1.0659871189790524
102.41384564270258	1.2722994839153023	1.0650874938832273
102.43520322330141	1.272535290308597	1.0641879606378022
102.4565652578513	1.2727715600718073	1.0632885199744462
102.47793174728095	1.2730082934052875	1.0623891726260741
102.4993026925195	1.2732454905077053	1.0614899193268224
102.52067809449613	1.2734831515760325	1.0605907608120613
102.5420579541402	1.2737212768055395	1.059691697818382
102.56344227238138	1.2739598663897902	1.058792731083592
102.5848310501495	1.2741989205206337	1.0578938613467115
102.60622428837456	1.2744384393881976	1.0569950893479714
102.62762198798666	1.2746784231808814	1.05609641582881
102.64902414991629	1.2749188720853524	1.055197841531858
102.67043077509393	1.2751597862865347	1.0542993672009484
102.69184186445047	1.2754011659676074	1.0534009935810975
102.71325741891675	1.2756430113099937	1.0525027214185156
102.73467743942405	1.2758853224933588	1.0516045514605838
102.7561019269037	1.2761280996955993	1.0507064844558673
102.77753088228715	1.276371343092838	1.0498085211541008
102.79896430650624	1.2766150528594198	1.0489106623061821
102.82040220049295	1.2768592291679026	1.0480129086641694
102.84184456517936	1.2770744721514173	1.0470794033121151
102.86329140149773	1.2772516769316655	1.0460989158968679
102.8847427103807	1.2774294139948357	1.0451184391418968
102.90619849276088	1.2776076837990762	1.0441379738575047
102.9276587495713	1.2777864868009443	1.043157520856219
102.94912348174495	1.2779658234553908	1.042177080952809
102.97059269021521	1.278145694215753	1.041196654964265
102.9920663759156	1.2783260995337404	1.0402162437098101
103.01354453977966	1.2785070398594256	1.039235848010896
103.03502718274142	1.2786885156412326	1.03825546869119
103.05651430573494	1.2788705273259275	1.0372751065765815
103.07800590969445	1.2790530753586034	1.0362947624951822
103.0995019955544	1.279236160182672	1.035314437277319
103.12100256424958	1.279419782239854	1.0343341317555261
103.14250761671467	1.2796039419701641	1.033353846764557
103.16401715388488	1.2797886398119036	1.032373583141363
103.18553117669535	1.2799738762016453	1.0313933417251107
103.20704968608162	1.280159651574227	1.0304131233571578
103.22857268297926	1.2803459663627363	1.0294329288810706
103.25010016832408	1.280532820998501	1.0284527591426105
103.27163214305216	1.2807202159110789	1.0274726149897269
103.29316860809975	1.2809081515282457	1.0264924972725604
103.31470956440324	1.2810966282759828	1.0255124068434431
103.33625501289919	1.2812856465784668	1.024532344556891
103.35780495452454	1.2814752068580597	1.0235523112695948
103.37935939021612	1.2816653095352952	1.0225723078404305
103.4009183209113	1.2818559550288708	1.0215923351304381
103.42248174754737	1.2820471437556313	1.0206123940028407
103.44404967106199	1.2822388761305636	1.019632485323016
103.46562209239293	1.2824311525667815	1.0186526099585136
103.48719901247809	1.2826239734755143	1.0176727687790437
103.50878043225579	1.282817339266099	1.016692962656464
103.53036635266426	1.2830112503459652	1.015713192464795
103.5519567746422	1.283205707120626	1.0147334590801969
103.57355169912827	1.2834007099936657	1.013753763380984
103.59515112706153	1.2835962593667294	1.0127741062476012
103.61675505938102	1.2837923556395106	1.0117944885626409
103.63836349702625	1.2839889992097417	1.0108149112108178
103.65997644093659	1.2841861904731797	1.009835375078986
103.68159389205195	1.2843839298235988	1.008855881056113
103.7032158513122	1.2845822176527755	1.0078764300332954
103.7248423196574	1.2847810543504787	1.0068970229037453
103.74647329802804	1.2849804403044605	1.0059176605627775
103.76810878736448	1.2851803759004403	1.0049383439078268
103.7897487886076	1.2853808615220983	1.0039590738384188
103.81139330269819	1.2855818975510602	1.0029798512561867
103.83304233057753	1.2857834843668896	1.0020006770648475
103.85469587318676	1.2859856223470731	1.001021552170216
103.87635393146748	1.2861883118670112	1.0000424774801884
103.89801650636136	1.2862653232387333	0.9991614988716057
103.91968359881035	1.2861349511120646	0.9984417652431433
103.94135520975657	1.2860047786431785	0.9977219019821344
103.9630313401422	1.2858748061435796	0.9970019091073096
103.98471199090984	1.2857450339251921	0.9962817866379008
104.00639716300212	1.2856154623003597	0.9955615345936579
104.02808685736198	1.2854860915818458	0.994841152994835
104.04978107493244	1.2853569220828331	0.9941206418622087
104.07147981665685	1.2852279541169231	0.9934000012170627
104.09318308347864	1.2850991879981357	0.9926792310812054
104.11489087634146	1.2849706240409104	0.9919583314769636
104.13660319618918	1.2848422625601035	0.9912373024271827
104.15832004396597	1.284714103870989	0.990516143955232
104.180041420616	1.2845861482892595	0.9897948560850099
104.2017673270837	1.284458396131025	0.9890734388409417
104.22349776431383	1.284330847712811	0.988351892247977
104.24523273325114	1.2842035033515613	0.9876302163316044
104.26697223484081	1.2840763633646348	0.986908411117838
104.2887162700279	1.2839494280698074	0.9861864766332344
104.31046483975804	1.2838226977852694	0.9854644129048811
104.3322179449768	1.2836961728296281	0.9847422199604089
104.35397558662996	1.2835698535219051	0.9840198978279907
104.3757377656636	1.2834437401815362	0.9832974465363385
104.39750448302402	1.2833178331283719	0.9825748661147091
104.4192757396576	1.2831921326826767	0.9818521565929117
104.44105153651093	1.2830666391651293	0.9811293180013023
104.4628318745309	1.2829413528968208	0.9804063503707837
104.48461675466447	1.282816274199255	0.9796832537328195
104.50640617785892	1.282691403394349	0.9789600281194203
104.52820014506162	1.2825667408044321	0.9782366735631605
104.54999865722024	1.2824422867522438	0.977513190097168
104.57180171528262	1.2823180415609363	0.9767895777551353
104.59360932019662	1.2821940055540728	0.97606583657132
104.61542147291055	1.2820701790556261	0.9753419665805394
104.63723817437285	1.281946562389979	0.9746179678181789
104.6590594255321	1.2818231558819249	0.9738938403201968
104.68088522733707	1.2816999598566656	0.9731695841231213
104.7027155807368	1.2815769746398116	0.97244519926405
104.72455048668043	1.2814542005573821	0.9717206857806623
104.74638994611742	1.281331637935804	0.9709960437112072
104.7682339599973	1.2812092871019114	0.9702712730945214
104.79008252926997	1.281087148382945	0.9695463739700148
104.81193565488533	1.2809652221065526	0.9688213463776858
104.83379333779357	1.2808435086007879	0.9680961903581201
104.85565557894508	1.2807220081941093	0.967370905952485
104.8775223792905	1.2806007212153807	0.9666454932025396
104.89939373978059	1.2804796479938698	0.9659199521506363
104.92126966136627	1.2803587888592496	0.9651942828397232
104.94315014499881	1.2802381441415949	0.9644684853133372
104.96503519162948	1.2801177141713844	0.9637425596156213
104.98692480220998	1.2799974992794985	0.9630165057913112
105.00881897769197	1.27987749979722	0.9622903238857509
105.03071771902755	1.279757716056232	0.9615640139448827
105.05262102716883	1.279638148388619	0.9608375760152598
105.07452890306809	1.279518797126866	0.9601110101440444
105.096441347678	1.2793996626038566	0.9593843163790038
105.11835836195132	1.2792807451528736	0.9586574947685214
105.14027994684105	1.2791620451075985	0.9579305453615944
105.16220610330024	1.2790435628021104	0.9572034682078396
105.18413683228238	1.2789252985708852	0.9564762633574879
105.20607213474092	1.2788072527487964	0.9557489308613961
105.22801201162972	1.2786894256711119	0.9550214707710386
105.24995646390265	1.2791645509291576	0.9550878864274659
105.27190549251398	1.2800018985699173	0.9556398745675225
105.293859098418	1.280838527060328	0.9561914326575811
105.31581728256924	1.2816744378333202	0.9567425614496793
105.33778004592251	1.2825096323169438	0.9572932616936282
105.35974738943273	1.2833441119343787	0.9578435341370134
105.38171931405509	1.2841778781039708	0.9583933795252125
105.40369582074489	1.2850109322392431	0.958942798601397
105.42567691045775	1.2858432757489322	0.9594917921065478
105.4476625841494	1.2866749100369987	0.9600403607794594
105.46965284277573	1.287505836502655	0.9605885053567489
105.49164768729295	1.2883360565403918	0.9611362265728703
105.51364711865745	1.2891655715399981	0.9616835251601197
105.53565113782572	1.2899943828865768	0.9622304018486406
105.5576597457545	1.2908224919605733	0.9627768573664373
105.5796729434008	1.2916499001378037	0.9633228924393863
105.60169073172167	1.2924766087894601	0.963868507791235
105.62371311167456	1.2933026192821513	0.964413704143623
105.64574008421695	1.2941279329779074	0.9649584822160796
105.66777165030666	1.2949525512342166	0.9655028427260403
105.6898078109016	1.2957764754040335	0.9660467863888499
105.71184856695984	1.2965997068358055	0.9665903139177723
105.73389391943978	1.2974222468735004	0.9671334260240028
105.75594386930008	1.2982440968566196	0.9676761234166735
105.77799841749935	1.2990652581202173	0.9682184068028585
105.80005756499652	1.2998857319949266	0.9687602768875864
105.82212131275084	1.3007055198069823	0.9693017343738498
105.84418966172157	1.3015246228782313	0.9698427799626076
105.86626261286834	1.302343042526167	0.9703834143528012
105.8883401671508	1.3031607800639329	0.9709236382413525
105.91042232552901	1.303977836800361	0.971463452323184
105.93250908896306	1.3047942140399758	0.9720028572912158
105.95460045841321	1.3056099130830208	0.9725418538363789
105.97669643484011	1.3064249352254842	0.9730804426476249
105.99879701920452	1.3072246936267127	0.9735990374148684
106.02090221246738	1.307245615402526	0.9730720733301017
106.04301201558974	1.3072666773732835	0.9725451284348287
106.0651264295331	1.3072878796013336	0.9720182028290606
106.08724545525884	1.30730922214893	0.9714912966129722
106.10936909372886	1.307330705078228	0.9709644098868903
106.13149734590502	1.3073523284512876	0.9704375427513048
106.15363021274956	1.3073740923300707	0.9699106953068573
106.17576769522475	1.3073959967764415	0.969383867654353
106.19790979429312	1.3074180418521668	0.9688570598947519
106.22005651091749	1.307440227618914	0.9683302721291702
106.24220784606085	1.3074625541382527	0.9678035044588817
106.26436380068628	1.3074850214716522	0.9672767569853201
106.2865243757571	1.3075076296804828	0.9667500298100761
106.308689572237	1.307530378826015	0.9662233230348933
106.33085939108959	1.307553268969418	0.965696636761679
106.35303383327896	1.3075763001717613	0.965169971092492
106.37521289976914	1.3075994724940123	0.9646433261295532
106.39739659152461	1.3076227859970373	0.9641167019752356
106.41958490950991	1.3076462407416003	0.9635900987320731
106.4417778546897	1.3076698367883635	0.9630635165027563
106.46397542802903	1.3076935741978857	0.9625369553901313
106.48617763049306	1.3077174530306226	0.9620104154971999
106.5083844630472	1.307741473346927	0.9614838969271237
106.53059592665689	1.307765635207047	0.9609573997832208
106.55281202228804	1.3076810189056634	0.9605109206738381
106.5750327509065	1.307588533433833	0.9600702675850784
106.59725811347855	1.3074961297558574	0.9596295981728363
106.61948811097044	1.3074038079275243	0.9591889124533203
106.6417227443489	1.307311568004648	0.958748210442803
106.6639620145806	1.3072194100430725	0.9583074921576311
106.68620592263251	1.3071273340986693	0.9578667576142208
106.70845446947183	1.3070353402273376	0.9574260068290563
106.730707656066	1.306943428485005	0.9569852398186931
106.75296548338258	1.3068515989276268	0.9565444565997572
106.77522795238927	1.3067598516111871	0.9561036571889467
106.7974950640542	1.3066681865916965	0.9556628416030274
106.81976681934539	1.3065766039251943	0.9552220098588386
106.84204321923139	1.3064851036677467	0.9547811619732874
106.86432426468063	1.3063936858754488	0.9543402979633552
106.8866099566621	1.3063023506044213	0.9538994178460909
106.90890029614465	1.3062110979108146	0.9534585216386176
106.9311952840975	1.306119927850805	0.9530176093581293
106.95349492149005	1.306028840480597	0.95257668102189
106.97579920929202	1.3059378358564215	0.9521357366472339
106.9981081484731	1.3058469140345377	0.9516947762515711
107.02042174000326	1.3057560750712311	0.9512537998523817
107.04273998485283	1.3056653190228151	0.9508128074672142
107.06506288399208	1.3055746459456297	0.9503717991136955
107.0873904383918	1.3054840558960414	0.9499307748095178
107.10972264902263	1.305393548930445	0.9494897345724512
107.13205951685576	1.3053031251052603	0.9490486784203335
107.1544010428623	1.3052127844769352	0.9486076063710784
107.17674722801364	1.3051225271019444	0.9481665184426716
107.19909807328153	1.3050323530367882	0.9477254146531686
107.22145357963768	1.3049422623379945	0.9472842950207022
107.24381374805422	1.3048522550621167	0.9468431595634731
107.2661785795033	1.3047623312657357	0.9464020082997596
107.28854807495748	1.304672491005458	0.9459608412479091
107.31092223538927	1.3045827343379164	0.9455196584263456
107.33330106177154	1.3044930613197707	0.9450784598535656
107.35568455507736	1.304403472007706	0.9446372455481374
107.37807271628004	1.3043139664584336	0.9441960155287028
107.40046554635295	1.304224544728691	0.94375476981398
107.42286304626973	1.3041352068752425	0.9433135084227604
107.44526521700432	1.3040459529548765	0.9428722313739056
107.46767205953068	1.3039567830244083	0.9424309386863567
107.49008357482322	1.3038676971406786	0.9419896303791239
107.51249976385621	1.3037786953605546	0.9415483064712963
107.53492062760452	1.3036897777409273	0.941106966982032
107.55734616704294	1.3036009443387147	0.940665611930569
107.57977638314648	1.3035121952108604	0.9402242413362177
107.60221127689047	1.303423530414332	0.9397828552183627
107.62465084925047	1.3033349500061235	0.9393414535964619
107.6470951012021	1.3032464540432536	0.938900036490052
107.6695440337212	1.3031580425827662	0.938458603918743
107.69199764778399	1.3030697156817308	0.9380171559022178
107.71445594436663	1.302981473397241	0.9375756924602396
107.73691892444573	1.3028933157864158	0.9371342136126415
107.75938658899791	1.302757359639088	0.9366261194775974
107.7818589390002	1.30259968620994	0.9360876157381135
107.80433597542964	1.3024421181320762	0.9355490418740103
107.82681769926343	1.302284655531157	0.9350103978719773
107.84930411147924	1.3021272985330004	0.9344716837188278
107.87179521305484	1.301970047263583	0.9339328994015039
107.89429100496804	1.3018129018490399	0.9333940449070807
107.91679148819696	1.301655862415665	0.9328551202227601
107.93929666372003	1.3014989290899097	0.9323161253358713
107.96180653251572	1.301342101998385	0.9317770602338786
107.98432109556285	1.3011853812678589	0.9312379249043716
108.00684035384022	1.3010287670252603	0.9306987193350761
108.02936430832719	1.3008722593976738	0.9301594435138436
108.05189296000297	1.3007158585123455	0.929620097428662
108.0744263098471	1.3005595644966792	0.9290806810676528
108.0969643588394	1.3004033774782366	0.928541194419065
108.1195071079599	1.3002472975847397	0.9280016374712834
108.14205455818872	1.3000913249440682	0.9274620102128273
108.16460671050618	1.2999354596842618	0.9269223126323515
108.18716356589297	1.299779701933518	0.9263825447186412
108.20972512532974	1.2996240518201947	0.9258427064606216
108.23229138979767	1.2994685094728071	0.9253027978473479
108.25486236027776	1.2993130750200317	0.924762818868018
108.27743803775157	1.2991577485907018	0.9242227695119597
108.30001842320063	1.2990025303138117	0.9236826497686424
108.3226035176067	1.2988474203185145	0.9231424596276725
108.34519332195185	1.298692418734122	0.9226021990787918
108.36778783721834	1.2985375256901048	0.9220618681118804
108.3903870643886	1.2983827413160949	0.9215214667169597
108.41299100444512	1.2982280657418819	0.9209809948841913
108.4355996583709	1.298073499097415	0.9204404526038713
108.45821302714887	1.2979190415128037	0.9198998398664421
108.48083111176236	1.2977646931183158	0.9193591566624809
108.5034539131947	1.2976104540443796	0.9188184029827126
108.52608143242969	1.2974563244215822	0.918277578817997
108.54871367045112	1.2973023043806704	0.9177366841593401
108.571350628243	1.2971483940525517	0.9171957189978915
108.59399230678966	1.2969945935682916	0.9166546833249408
108.61663870707558	1.2968409030591157	0.9161135771319208
108.63928983008545	1.2966873226564093	0.9155724004104107
108.66194567680408	1.2965338524917187	0.9150311531521348
108.68460624821667	1.2963804926967475	0.9144898353489584
108.70727154530843	1.2962272434033608	0.9139484469928971
108.72994156906492	1.296074104743583	0.9134069880761074
108.75261632047176	1.2959210768495983	0.9128654585908977
108.775295800515	1.2957681598537505	0.9123238585297174
108.7979800101807	1.2956153538885429	0.9117821878851674
108.82066895045509	1.2954626590866403	0.9112404466499975
108.84336262232485	1.2953100755808649	0.9106986348171
108.86606102677656	1.295157603504201	0.9101567523795232
108.88876416479732	1.2950052429897911	0.9096147993304584
108.91147203737414	1.2948529941709392	0.909072775663252
108.93418464549451	1.2947008571811072	0.9085306813713953
108.95690199014587	1.2945488321539187	0.9079885164485363
108.97962407231607	1.2943969192231566	0.9074462808884692
109.002350892993	1.2943513075725077	0.9068295719548208
109.02508245316494	1.2946591834186365	0.9059655267973507
109.04781875382018	1.2949675259610365	0.9051017014557735
109.07055979594732	1.2952763350579501	0.9042380967776207
109.09330558053522	1.295585610565146	0.9033747136104898
109.1160561085728	1.2958953523359125	0.9025115528020442
109.13881138104935	1.2962055602210605	0.9016486151999912
109.16157139895421	1.2965162340689165	0.9007859016520864
109.18433616327708	1.2968273737253257	0.8999234130061095
109.20710567500774	1.2971389790336458	0.8990611501098656
109.22987993513615	1.2974510498347467	0.8981991138111736
109.25265894465267	1.2977635859670107	0.8973373049578476
109.27544270454774	1.2980765872663294	0.8964757243976945
109.29823121581198	1.2983900535660993	0.8956143729785081
109.32102447943618	1.2985896789379952	0.8945873325347581
109.34382249641152	1.29860570144805	0.8932925433246585
109.36662526772919	1.2986226122478624	0.8919974435733418
109.38943279438074	1.298640413191763	0.8907020346228971
109.41224507735777	1.2986591061332824	0.8894063178245821
109.43506211765228	1.2986786929251057	0.8881102945388226
109.45788391625632	1.2986991754190242	0.886813966135255
109.48071047416211	1.2987205554658905	0.885517333992739
109.50354179236226	1.298742834915569	0.8842203994993709
109.52637787184955	1.2987660156168908	0.8829231640525157
109.54921871361682	1.2987900994176036	0.88162562905883
109.57206431865716	1.298815088164324	0.8803277959342795
109.59491468796404	1.2988409837024906	0.8790296661041499
109.61776982253089	1.298867787876313	0.8777312410030869
109.64062972335154	1.2988955025287245	0.8764325220750954
109.66349439141989	1.2989241295013314	0.8751335107735803
109.6863638277302	1.2989536706343638	0.8738342085613455
109.70923803327683	1.298984127766626	0.8725346169106308
109.73211700905426	1.2990155027354453	0.8712347373031264
109.75500075605737	1.2990477973766226	0.8699345712299811
109.77788927528118	1.2990810135243798	0.8686341201918323
109.8007825677209	1.2991151530113105	0.8673333856988241
109.82368063437183	1.299150217668327	0.8660323692706289
109.84658347622975	1.2991862093246092	0.8647310724364442
109.86949109429032	1.2992231298075523	0.8634294967350433
109.8924034895498	1.299260980942715	0.8621276437147596
109.91532066300421	1.2992997645537652	0.8608255149335342
109.93824261565018	1.2993394824624287	0.8595231119589041
109.96116934848429	1.2993801364884356	0.8582204363680423
109.98410086250337	1.2994217284494658	0.8569174897477665
110.00703715870453	1.2994642601610957	0.8556142736945447
110.02997823808514	1.2995077334367446	0.8543107898145205
110.05292410164262	1.2995521500876195	0.8530070397235335
110.07587475037462	1.2995975119226602	0.8517030250471289
110.09883018527916	1.299643820748485	0.8503987474205636
110.12179040735423	1.2997132291371607	0.8491281138265261
110.14475541759832	1.2998708303597137	0.847991064854029
110.16772521700977	1.3000292093591532	0.8468540004967434
110.19069980658753	1.3001883669063232	0.8457169222545274
110.21367918733041	1.3003483037680463	0.8445798316318849
110.23666336023757	1.3005090207070975	0.8434427301379394
110.25965232630843	1.300670518482174	0.8423056192864238
110.28264608654256	1.3008327978478658	0.8411685005956732
110.30564464193972	1.3009958595546267	0.8400313755886161
110.3286479934999	1.3011597043487442	0.8388942457927627
110.35165614222335	1.3013243329723119	0.8377571127401836
110.37466908911038	1.301489746163198	0.8366199779675163
110.39768683516175	1.3016559446550193	0.8354828430159316
110.42070938137813	1.3018229291771073	0.8343457094311448
110.44373672876071	1.3019907004544837	0.8332085787633817
110.46676887831065	1.3021592592078275	0.8320714525673836
110.48980583102934	1.3023286061534476	0.8309343324023869
110.51284758791854	1.3024987420032539	0.829797219832106
110.53589414998015	1.3026696674647267	0.828660116424726
110.55894551821618	1.3028413832408883	0.8275230237528931
110.5820016936289	1.303013890030273	0.8263859433936962
110.60506267722086	1.3031871885269002	0.8252488769286463
110.62812846999472	1.3033612794202418	0.82411182594368
110.65119907295349	1.3035361633951965	0.822974792029126
110.67427448710016	1.3037118411320576	0.821837776779709
110.69735471343822	1.303888313306487	0.8207007817945171
110.72043975297109	1.3040655805894827	0.8195638086770045
110.74352960670251	1.304243643647353	0.818426859034967
110.76662427563656	1.3044225031416856	0.817289934480522
110.78972376077728	1.304602159729319	0.8161530366301089
110.81282806312919	1.304782614062314	0.8150161671044543
110.83593718369673	1.3049638667879235	0.8138793275285758
110.85905112348485	1.3051459185485665	0.8127425195317456
110.88216988349846	1.305328769981795	0.8116057447474943
110.90529346474278	1.305512421720269	0.8104690048135824
110.92842186822327	1.3056968743917254	0.809332301371984
110.95155509494558	1.3058821286189517	0.8081956360688705
110.97469314591555	1.3060681850197537	0.8070590105546006
110.9978360221392	1.30625504420693	0.8059224264836987
111.02098372462287	1.3064427067882427	0.8047858855148272
111.04413625437292	1.3066311733663876	0.80364938931079
111.06729361239621	1.3068204445389682	0.8025129395384892
111.09045579969944	1.3070105208984628	0.8013765378689363
111.11362281728988	1.3072014030322028	0.800240185977201
111.1367946661748	1.307393091522338	0.7991038855424211
111.15997134736162	1.3075855869458113	0.7979676382477716
111.1831528618582	1.307778889874331	0.7968314457804402
111.20633921067252	1.3079730008743424	0.7956953098316141
111.22953039481266	1.3081679205069974	0.7945592320964671
111.25272641528694	1.3084084106783282	0.7935262100245182
111.27592727310406	1.3086004216205396	0.7925911272210854
111.29913296927269	1.3087929823479385	0.7916561568972839
111.32234350480195	1.3089860930140087	0.7907213000532631
111.34555888070092	1.3091797537693894	0.7897865576904679
111.36877909797917	1.3093739647618712	0.7888519308116092
111.39200415764623	1.3095687261363833	0.7879174204206679
111.4152340607119	1.3097640380349886	0.7869830275228799
111.43846880818631	1.3099599005968732	0.7860487531247204
111.46170840107976	1.3101563139583405	0.785114598233897
111.48495284040263	1.310353278252799	0.784180563859345
111.5082021271656	1.310550793610757	0.7832466510112112
111.5314562623797	1.310748860159816	0.7823128607008352
111.55471524705582	1.310947478024657	0.7813791939407587
111.57797908220552	1.3111466473270392	0.7804456517446904
111.6012477688401	1.311346368185786	0.7795122351275191
111.62452130797146	1.3115466407167815	0.7785789451052804
111.64779970061151	1.31174746503296	0.7776457826951636
111.67108294777236	1.3119488412442974	0.776712748915494
111.69437105046637	1.312150769457808	0.7757798447857155
111.71766400970623	1.3123532497775314	0.7748470713263861
111.74096182650466	1.3125562823045274	0.773914429559168
111.76426450187464	1.312759867136867	0.7729819205068162
111.78757203682945	1.3129640043696271	0.772049545193157
111.81088443238244	1.3131686940948804	0.771117304643092
111.83420168954733	1.3133739364016894	0.7701851998825726
111.85752380933789	1.3135797313760977	0.7692532319386013
111.8808507927683	1.313786079101125	0.7683214018392058
111.90418264085275	1.313992979656756	0.7673897106134421
111.92751935460565	1.3142004331199355	0.766458159291375
111.95086093504182	1.3144084395645619	0.7655267489040628
111.97420738317614	1.3146169990614784	0.7645954804835513
111.99755870002372	1.3148261116784656	0.7636643550628632
112.02091488659985	1.3150357774802355	0.7627333736759837
112.04427594392016	1.3152459965284244	0.7618025373578425
112.06764187300028	1.3154567688815848	0.7608718471443169
112.09101267485632	1.3156680945951804	0.7599413040722002
112.11438835050433	1.3158799737215765	0.7590109091792085
112.1377689009608	1.3160924063100363	0.7580806635039529
112.16115432724233	1.316305392406712	0.7571505680859381
112.18454463036558	1.3165189320546375	0.7562206239655496
112.20793981134771	1.316733025293725	0.7552908321840298
112.231339871206	1.3169476721607556	0.7543611937834768
112.25474481095782	1.317162872689373	0.753431709806832
112.27815463162081	1.3173786269100771	0.7525023812978646
112.30156933421294	1.3175949348502203	0.7515732093011525
112.32498891975217	1.3178117965339966	0.7506441948620852
112.34841338925693	1.318029211982439	0.7497153390268334
112.37184274374562	1.3182471812134113	0.748786642842354
112.3952769842371	1.3184657042416035	0.7478581073563594
112.41871611175019	1.3186847810785234	0.7469297336173206
112.442160127304	1.3189044117324926	0.7460015226744476
112.46560903191806	1.3191245962086406	0.7450734755776699
112.48906282661173	1.3193453345088968	0.7441455933776396
112.51252151240503	1.3195666266319879	0.7432178771256983
112.53598509031775	1.3197884725734277	0.7422903278738863
112.55945356137025	1.3200108723255166	0.7413629466749073
112.58292692658289	1.3202338258773316	0.7404357345821351
112.60640518697633	1.3204573332147238	0.7395086926495837
112.62988834357134	1.320681394320309	0.7385818219319102
112.65337639738912	1.3209060091734681	0.737655123484383
112.67686934945091	1.3211311777503363	0.7367285983628871
112.70036720077805	1.3213569000237992	0.7358022476239017
112.72386995239245	1.321583175963491	0.7348760723244802
112.74737760531588	1.3218100055357835	0.7339500735222537
112.77089016057056	1.3220373887037866	0.7330242522753989
112.79440761917873	1.3222653254273382	0.7320986096426433
112.81792998216308	1.3224938156630042	0.7311731466832316
112.84145725054631	1.3227228593640694	0.7302478644569296
112.86498942535133	1.3229524564805346	0.7293227640240042
112.88852650760144	1.3231826069591122	0.7283978464452036
112.91206849832001	1.323413310743221	0.7274731127817501
112.93561539853069	1.323644567772981	0.7265485640953294
112.95916720925723	1.3238763779852085	0.7256242014480722
112.9827239315238	1.324108741313415	0.7247000259025344
113.00628556635452	1.324341657687797	0.7237760385216989
113.02985211477403	1.3245751270352386	0.722852240368943
113.05342357780681	1.3248091492792995	0.7219286325080451
113.07699995647799	1.3250437243402187	0.7210052160031467
113.1005812518126	1.3252788521349042	0.7200819919187615
113.12416746483586	1.3255145325769309	0.71915896131975
113.1477585965734	1.3257507655765386	0.7182361252713028
113.17135464805109	1.3259875510406272	0.717313484838928
113.19495562029476	1.3262248888727497	0.7163910410884469
113.21856151433057	1.3264627789731118	0.7154687950859708
113.24217233118507	1.326701221238569	0.7145467478978811
113.26578807188469	1.326940215562619	0.7136249005908323
113.28940873745644	1.327179761835403	0.7127032542317177
113.3130343289272	1.3274198599436975	0.7117818098876746
113.33666484732439	1.3276605097709155	0.7108605686260502
113.36030029367537	1.3279017111970992	0.7099395315144067
113.38394066900781	1.3281434640989187	0.7090186996204947
113.40758597434963	1.3283857683496696	0.7080980740122396
113.43123621072901	1.328628623819269	0.7071776557577275
113.45489137917427	1.3288720303742523	0.7062574459251975
113.47855148071382	1.3291159878777694	0.7053374455830215
113.50221651637656	1.3293604961895853	0.7044176557996857
113.5258864871914	1.329605555166073	0.7034980776437858
113.54956139418758	1.329851164660215	0.7025787121840017
113.57324123839437	1.3300973245215957	0.7016595604890956
113.59692602084154	1.330314427059474	0.7007562193423009
113.62061574255887	1.3299057886529648	0.7001826290976797
113.6443104045763	1.3294971855920632	0.6996088321896957
113.66801000792422	1.3290886180345312	0.6990348283562282
113.69171455363309	1.328680086138711	0.6984606173348448
113.71542404273359	1.3282715900635238	0.697886198862802
113.73913847625656	1.3278631299684738	0.6973115726770452
113.7628578552332	1.3274547060136435	0.6967367385142007
113.78658218069475	1.3270463183597059	0.696161696110589
113.81031145367288	1.326637967167916	0.6955864452022119
113.83404567519923	1.3262296526001227	0.6950109855247648
113.85778484630595	1.3258213748187615	0.6944353168136245
113.8815289680251	1.3254131339868642	0.6938594388038589
113.90527804138905	1.3250049302680578	0.6932833512302252
113.92903206743051	1.3245967638265632	0.6927070538271642
113.95279104718236	1.3241886348272027	0.6921305463288058
113.9765549816776	1.3237805434353997	0.691553828468969
114.00032387194945	1.3233724898171815	0.6909768999811624
114.02409771903149	1.3229644741391775	0.690399760598578
114.04787652395734	1.3225564965686292	0.6898224100541013
114.07166028776103	1.3221485572733813	0.6892448480803006
114.09544901147655	1.3217406564218968	0.6886670744094396
114.1192426961384	1.321332794183246	0.6880890887734633
114.14304134278107	1.3209249707271178	0.6875108909040105
114.16684495243929	1.3205171862238203	0.6869324805324091
114.1906535261481	1.3201094408442775	0.6863538573896727
114.21446706494277	1.3197017347600366	0.6857750212065045
114.23828556985869	1.3192940681432697	0.6851959717132993
114.26210904193145	1.3188864411667751	0.6846167086401425
114.28593748219699	1.3184788540039767	0.6840372317168032
114.30977089169131	1.3180713068289323	0.6834575406727473
114.33360927145078	1.317663799816328	0.6828776352371249
114.35745262251186	1.317256333141489	0.6822975151387808
114.3813009459113	1.3168489069803722	0.6817171801062462
114.40515424268602	1.3164415215095766	0.6811366298677453
114.42901251387318	1.3160341769063428	0.6805558641511932
114.4528757605102	1.315626873348551	0.6799748826841935
114.47674398363453	1.315219611014731	0.6793936851940442
114.50061718428421	1.3148123900840547	0.6788122714077294
114.52449536349702	1.31440521073635	0.6782306410519319
114.54837852231135	1.313998073152091	0.6776487938530188
114.57226666176558	1.3135909775124104	0.677066729537055
114.59615978289848	1.3131839239990928	0.6764844478297924
114.6200578867488	1.3127769127945856	0.6759019484566807
114.64396097435579	1.3123699440819925	0.6753192311428562
114.66786904675871	1.3119630180450834	0.6747362956131523
114.691782104997	1.3115561348682938	0.6741531415920963
114.7157001501106	1.3111492947367227	0.6735697688039031
114.73962318313932	1.310742497836143	0.672986176972488
114.76355120512346	1.3103357443529957	0.6724023658214536
114.78748421710335	1.3099290344744	0.6718183350741028
114.81142222011971	1.309522368388147	0.6712340844534271
114.8353652152133	1.3091157462827097	0.670649613682117
114.85931320342515	1.3087091683472423	0.6700649224825569
114.88326618579657	1.3082469379568085	0.6693711609302059
114.90722416336912	1.3077626378765173	0.6686337909224762
114.93118713718445	1.307278404976583	0.6678960457537662
114.95515510828444	1.3067942396763923	0.6671579248638373
114.97912807771134	1.306310142397174	0.6664194276917466
115.0031060465074	1.3058261135620146	0.665680553675861
115.02708901571528	1.3053421535958583	0.664941302253845
115.05107698637771	1.3048582629255212	0.6642016728626747
115.07506995953779	1.3043744419796914	0.6634616649386269
115.09906793623871	1.303890691188945	0.6627212779172934
115.12307091752383	1.3034070109857492	0.661980511233576
115.1470789044369	1.3029234018044684	0.6612393643216858
115.17109189802183	1.302439864081375	0.6604978366151478
115.19510989932272	1.3019563982546574	0.6597559275468062
115.21913290938377	1.3014730047644283	0.6590136365488241
115.2431609292497	1.3009896840527269	0.6582709630526773
115.26719395996508	1.3005064365635362	0.6575279064891716
115.29123200257501	1.300023262742781	0.656784466288429
115.31527505812463	1.2995401630383443	0.6560406418799022
115.33932312765937	1.299057137900069	0.6552964326923664
115.36337621222485	1.2985741877797707	0.65455183815393
115.38743431286686	1.2980913131312435	0.6538068576920328
115.41149743063148	1.297608514410267	0.6530614907334447
115.4355655665651	1.2971257920746138	0.6523157367042703
115.45963872171414	1.296643146584063	0.6515695950299562
115.48371689712526	1.2961605784004049	0.6508230651352881
115.50780009384552	1.2956780879874448	0.6500761464443877
115.53188831292192	1.2951956758110204	0.64932883838073
115.555981555402	1.2947133423390003	0.6485811403671259
115.58007982233316	1.2942310880413024	0.6478330518257452
115.60418311476342	1.2937489133898914	0.6470845721780988
115.62829143374069	1.293266818858796	0.6463357008450574
115.65240478031316	1.292784804924115	0.6455864372468479
115.67652315552934	1.2923028720640217	0.6448367808030505
115.70064656043803	1.2918210207587741	0.6440867309326062
115.72477499608803	1.291339251490728	0.6433362870538216
115.7489084635284	1.290857564744342	0.642585448584371
115.77304696380861	1.2903759610061816	0.6418342149412892
115.79719049797808	1.289894440764937	0.64108258554099
115.82133906708674	1.2894130045114225	0.6403305597992516
115.84549267218445	1.2889316527385937	0.6395781371312366
115.86965131432153	1.2884503859415466	0.638825316951479
115.89381499454838	1.2879692046175353	0.6380720986738985
115.91798371391556	1.2874881092659771	0.6373184817117994
115.94215747347404	1.2870071003884584	0.6365644654778693
115.96633627427492	1.2865261784887458	0.6358100493841853
115.9905201173695	1.286045344072797	0.6350552328422201
116.01470900380926	1.2855645976487684	0.6343000152628426
116.03890293464602	1.2850839397270186	0.633544396056314
116.06310191093165	1.2846033708201279	0.6327883746323049
116.08730593371843	1.2841465152192635	0.6320799463267254
116.1115150040587	1.2840277285717996	0.6320580789271966
116.13572912300519	1.283908956544463	0.6320362170368972
116.15994829161066	1.2837901991360312	0.6320143606552119
116.18417251092814	1.2836714563452805	0.6319925097815264
116.20840178201095	1.2835527281709882	0.6319706644152248
116.2326361059127	1.2834340146119305	0.6319488245556926
116.25687548368701	1.2833153156668846	0.6319269902023148
116.2811199163878	1.2831966313346288	0.6319051613544762
116.30536940506933	1.2830779616139392	0.6318833380115615
116.32962395078583	1.2829593065035947	0.6318615201729559
116.3538835545921	1.2828406660023715	0.6318397078380442
116.3781482175428	1.282722040109048	0.6318179010062113
116.4024179406931	1.2826034288224024	0.6317960996768416
116.42669272509819	1.2810371644410594	0.6324882560115656
116.45097257181355	1.279442685176303	0.6331960869537229
116.47525748189491	1.2778479597674777	0.6339058232253846
116.49954745639818	1.2762529929651791	0.6346174700138
116.52384249637953	1.2746577895620914	0.635331032502777
116.54814260289525	1.2730623543932007	0.6360465158723754
116.57244777700207	1.2714666923359603	0.6367639252986173
116.59675801975666	1.2698708083105081	0.63748326595317
116.62107333221606	1.2682747072798393	0.6382045430030436
116.64539371543754	1.2666783942499904	0.6389277616102818
116.66971917047863	1.2650818742702246	0.6396529269316444
116.69404969839697	1.2634851524332353	0.6403800441182804
116.71838530025038	1.261888233875307	0.6411091183154135
116.74272597709712	1.2602911237764955	0.6418401546620163
116.76707172999545	1.2586938273608264	0.6425731582904698
116.79142256000402	1.2570963498964456	0.6433081343262427
116.81577846818152	1.2554986966958233	0.6440450878875394
116.84013945558709	1.2539008731158974	0.6447840240849722
116.86450552327987	1.2523028845582733	0.6455249480212031
116.88887667231928	1.2507047364693773	0.6462678647906023
116.91325290376504	1.2491064343406233	0.6470127794788948
116.9376342186771	1.2475079837085803	0.6477596971628036
116.96202061811552	1.2459093901551443	0.6485086229096849
116.98641210314062	1.244310659307695	0.6492595617771663
117.010808674813	1.2427117968392416	0.6500125188127835
117.03521033419338	1.2411128084686027	0.6507674990535997
117.05961708234287	1.2395136999605343	0.6515245075258397
117.08402892032254	1.2379144771259134	0.6522835492444979
117.10844584919397	1.2363151458218489	0.6530446292129714
117.1328678700188	1.2347157119518615	0.6538077524226581
117.1572949838588	1.233116181466018	0.6545729238525697
117.18172719177616	1.2315165603610583	0.6553401484689451
117.2061644948333	1.2299168546805448	0.6561094312248456
117.23060689409266	1.2283170705150097	0.6568807770597476
117.25505439061698	1.2267172140020741	0.657654190899143
117.27950698546935	1.22511729132657	0.658429677654134
117.30396467971288	1.223517308720693	0.6592072422210057
117.32842747441114	1.2219172724640939	0.6599868894808251
117.35289537062765	1.2203171888840374	0.6607686242990012
117.37736836942642	1.2187170643554774	0.6615524515248811
117.40184647187151	1.217116905301207	0.6623383759913025
117.42632967902713	1.215516718191956	0.6631264025141697
117.45081799195795	1.2139165095464894	0.6639165358920197
117.47531141172874	1.212316285931718	0.6647087809055803
117.49980993940449	1.2107160539628092	0.6655031423173212
117.5243135760503	1.2091158203032757	0.66629962487101
117.54882232273175	1.207515591665054	0.6670982332912686
117.57333618051435	1.205915374808627	0.667898972283102
117.59785515046416	1.2043151765430693	0.6687018465314603
117.62237923364708	1.2027150037261713	0.669506860700754
117.64690843112963	1.2017243669482718	0.671405558520858
117.67144274397825	1.2010037769070487	0.6737810684015273
117.69598217325967	1.2002877958993245	0.6761564226004931
117.72052672004091	1.199576417593369	0.6785315971264662
117.74507638538927	1.1988696354610695	0.6809065680968741
117.76963117037212	1.1981674427798965	0.6832813117398948
117.79419107605706	1.1974698326348807	0.685655804396492
117.8187561035121	1.196776797920612	0.6880300225224142
117.8433262538052	1.19608833134328	0.6904039426900936
117.86790152800481	1.1956299129393269	0.6926468885467614
117.89248192717939	1.1955761737610549	0.6946559352846142
117.91706745239782	1.1955250420642811	0.6966632307769286
117.94165810472899	1.195476505701108	0.6986687688500639
117.96625388524211	1.195430552529586	0.7006725434303005
117.99085479500667	1.1953871704145655	0.7026745485432591
118.01546083509238	1.1953463472285364	0.7046747783133203
118.04007200656909	1.1953080708524566	0.7066732269630146
118.0646883105068	1.1952723291765661	0.7086698888124477
118.08930974797605	1.1952391101011908	0.7106647582787107
118.11393632004719	1.195208401537533	0.7126578298752373
118.13856802779117	1.1951801914084497	0.714649098211245
118.16320487227884	1.1951544676492194	0.7166385579910707
118.1878468545816	1.195131218208296	0.7186262040136049
118.21249397577077	1.195110431048052	0.7206120311716206
118.23714623691802	1.195092094145507	0.7225960344511748
118.26180363909535	1.194477490378344	0.7235903142276388
118.28646618337473	1.1938465245766585	0.7245563734890903
118.31113387082866	1.1932164710720454	0.7255227779805634
118.33580670252958	1.1925873307615893	0.7264895255103188
118.36048467955041	1.1919591045332076	0.7274566138830955
118.38516780296402	1.1913317932656449	0.7284240409001432
118.40985607384378	1.19070539782844	0.7293918043592995
118.43454949326302	1.1900799190819238	0.7303599020550189
118.45924806229559	1.1894553578771843	0.7313283317784525
118.4839517820153	1.1888317150560657	0.7322970913174787
118.50866065349622	1.1882089914511431	0.7332661784567693
118.53337467781284	1.1875871878857025	0.7342355909778506
118.55809385603965	1.1869663051737367	0.7352053266591377
118.58281818925153	1.186346344119916	0.7361753832760124
118.60754767852342	1.1857273055195856	0.7371457586008566
118.6322823249307	1.185109190158739	0.7381164504031263
118.65702212954876	1.1844919988140148	0.7390874564493894
118.68176709345327	1.1838757322526772	0.7400587745033884
118.7065172177202	1.1832603912325999	0.7410304023261002
118.73127250342577	1.1826459765022557	0.7420023376757864
118.75603295164629	1.1820324888007077	0.7429745783080429
118.78079856345832	1.1814199288575924	0.743947121975862
118.80556933993877	1.1808082973931062	0.7449199664296905
118.83034528216459	1.1801975951180013	0.7458931094174736
118.85512639121322	1.1795878227335637	0.7468665486847266
118.87991266816194	1.1789789809316162	0.7478402819745699
118.90470411408866	1.178371070394494	0.7488143070278077
118.92950073007128	1.1777640917950463	0.7497886215829634
118.95430251718788	1.1771580457966233	0.7507632233763428
118.97910947651692	1.1765529330530629	0.751738110142096
119.00392160913711	1.1759487542086857	0.7527132796122669
119.0287389161272	1.1753455098982903	0.753688729516845
119.05356139856622	1.1747432007471417	0.7546644575838258
119.07838905753361	1.17414182737096	0.7556404615392739
119.10322189410874	1.1735413903759249	0.7566167391073604
119.12805990937152	1.1729418903586564	0.7575932880104392
119.1529031044017	1.1723433279062203	0.7585701059690843
119.17775148027977	1.1717457035961103	0.7595471907021655
119.20260503808593	1.171149017996257	0.7605245399268817
119.22746377890087	1.1705532716650122	0.7615021513588333
119.25232770380548	1.1699584651511479	0.762480022712074
119.27719681388093	1.1693645989938513	0.7634581516991669
119.3020711102085	1.1687716737227258	0.7644365360312345
119.32695059386967	1.1681796898577843	0.7654151734180189
119.35183526594635	1.1675886479094435	0.7663940615679433
119.37672512752039	1.166998548378529	0.7673731981881552
119.40162017967417	1.1664093917562655	0.7683525809845957
119.42652042348996	1.1658211785242838	0.7693322076620409
119.45142586005066	1.165233909154609	0.7703120759241753
119.47633649043904	1.1646475841096717	0.7712921834736276
119.5012523157382	1.1640622038423012	0.7722725280120386
119.52617333703155	1.1634777687957236	0.7732531072401176
119.55109955540273	1.1628942794035657	0.7742339188576951
119.57603097193551	1.1623117360898585	0.7752149605637723
119.60096758771384	1.1617301392690356	0.7761962300565823
119.62590940382209	1.1611494893459309	0.777177725033652
119.65085642134466	1.1605697867157905	0.7781594431918414
119.67580864136634	1.1599910317642645	0.7791413822274165
119.70076606497203	1.159413224867421	0.7801235398360873
119.72572869324691	1.1588363663917385	0.7811059137130794
119.75069652727638	1.1582604566941186	0.7820885015531757
119.77566956814599	1.1576854961218874	0.7830713010507755
119.80064781694162	1.1571114850127968	0.7840543098999544
119.82563127474944	1.1565384236950316	0.7850375257945174
119.85061994265564	1.1559663124872184	0.7860209464280443
119.87561382174671	1.1554531713977603	0.7870897452827524
119.90061291310954	1.1550720063174917	0.7883504303157012
119.92561721783096	1.1546921602468605	0.7896108369140256
119.95062673699829	1.1543136312920985	0.7908709618231861
119.97564147169886	1.1539364175479292	0.7921308018024477
120.0006614230204	1.1535605170976715	0.7933903536249483
120.02568659205082	1.1531859280133603	0.7946496140777137
120.05071697987812	1.1528126483558594	0.7959085799617025
120.0757525875907	1.1524406761749701	0.7971672480918522
120.10079341627718	1.1520700095095489	0.7984256152971092
120.12583946702628	1.1517302442008674	0.7996631276983622
120.15089074092698	1.1514148780546054	0.8008841899169263
120.17594723906866	1.1511007048980104	0.80210488092766
120.20100896254064	1.1507877226556806	0.8033251981225121
120.22607591243278	1.1504759292449132	0.8045451389068233
120.25114808983484	1.1501653225758084	0.8057647006993115
120.27622549583714	1.1498559005513618	0.8069838809320986
120.30130813152994	1.149547661067564	0.8082026770507041
120.32639599800389	1.149240602013496	0.8094210865140579
120.35148909634985	1.1489347212714243	0.8106391067945117
120.37658742765882	1.148630016716899	0.8118567353778288
120.40169099302221	1.148326486218847	0.8130739697632079
120.42679979353136	1.1480241276396705	0.8142908074632639
120.45191383027822	1.147722938835338	0.8155072460040579
120.47703310435463	1.147422917655483	0.8167232829250731
120.50215761685281	1.1471240619434964	0.8179389157792308
120.5272873688652	1.1468263695366203	0.8191541421328906
120.55242236148452	1.1465298382660416	0.8203689595658507
120.57756259580361	1.1462344659569879	0.8215833656713394
120.60270807291555	1.1459402504288196	0.8227973580560172
120.62785879391375	1.14564718949512	0.8240109343399851
120.65301475989166	1.1453552809637917	0.8252240921567645
120.67817597194325	1.145064522637146	0.8264368291533118
120.70334243116237	1.1447749123119981	0.8276491429899943
120.72851413864345	1.1444864477797523	0.8288610313406097
120.75369109548085	1.1441991268265006	0.8300724918923573
120.7788733027693	1.1439129472331098	0.8312835223458425
120.8040607616037	1.1436279067753095	0.8324941204150765
120.82925347307936	1.1433440032237865	0.833704283827462
120.85445143829159	1.1430612343442723	0.83491401032378
120.87965465833595	1.142779597897634	0.8361232976581865
120.90486313430841	1.1424990916399593	0.8373321435982146
120.93007686730496	1.142219713322651	0.8385405459247391
120.95529585842196	1.1419414606925082	0.839748502431996
120.9805201087559	1.141664331491821	0.840956010927543
121.00574961940364	1.1413883234584514	0.8421630692322742
121.03098439146211	1.1411134343259266	0.8433696751803856
121.05622442602849	1.1408396618235208	0.8445758266193727
121.0814697242003	1.1405670036763425	0.8457815214100225
121.10672028707526	1.1402954576054203	0.8469867574263931
121.1319761157512	1.1400250213277905	0.8481915325557947
121.15723721132626	1.1397557131927771	0.8493958723893114
121.18250357489889	1.1394875308253631	0.850599774590683
121.20777520756758	1.1392204514283721	0.8518032095305709
121.23305211043127	1.1389544727032093	0.8530061751491975
121.25833428458891	1.1386895923477103	0.8542086693999534
121.2836217311399	1.1384258080562186	0.8554106902494012
121.3089144511837	1.1381631175196731	0.8566122356772382
121.33421244581996	1.1379015184256867	0.8578133036762888
121.35951571614874	1.137641008458629	0.8590138922524848
121.38482426327033	1.1373815852997058	0.8602139994248476
121.41013808828505	1.1371232466270436	0.8614136232254543
121.43545719229354	1.1368659901157672	0.8626127616994286
121.4607815763968	1.1366098134380773	0.863811412904926
121.48611124169581	1.136354714263335	0.8650095749130927
121.5114461892921	1.1361006902581359	0.8662072458080649
121.53678642028706	1.1358477390863924	0.8674044236869242
121.56213193578266	1.1355958584094077	0.8686011066596963
121.58748273688089	1.1353450458859573	0.8697972928493103
121.61283882468392	1.1350952991723637	0.8709929803915818
121.63820020029434	1.1348466159225736	0.8721881674351902
121.66356686481491	1.134655345733694	0.8733394761305718
121.68893881934859	1.1364584763415382	0.8729562964840363
121.71431606499843	1.1382600996626362	0.8725752776144848
121.73969860286802	1.1400602132433242	0.8721964096873291
121.76508643406089	1.1418588146884259	0.8718196828991454
121.79047955968105	1.1436559016607164	0.8714450874778683
121.81587798083243	1.14545147188032	0.8710726136829976
121.84128169861954	1.1472455231241752	0.8707022518057789
121.8666907141469	1.1490380532254414	0.870333992169395
121.8921050285192	1.1508290600729527	0.8699678251291407
121.91752464284158	1.1526185416106631	0.8696037410725934
121.94294955821935	1.154406495837088	0.8692417304197783
121.96837977575795	1.1561929208047397	0.868881783623331
121.99381529656299	1.1579778146195883	0.8685238911686489
122.01925612174058	1.1597611754405315	0.8681680435740351
122.04470225239682	1.1615430014788155	0.8678142313908475
122.07015368963819	1.163323290997534	0.8674624452036267
122.09561043457126	1.1651020423110547	0.867112675630235
122.12107248830299	1.1668792537845227	0.8667649133219726
122.14653985194043	1.1686549238332995	0.866419148963704
122.17201252659086	1.1704290509224462	0.8660753732739708
122.19749051336194	1.1722016335662144	0.8657335770050967
122.22297381336149	1.1739726703275102	0.8653937509432943
122.24846242769752	1.1757421598173745	0.8650558859087663
122.27395635747818	1.177510100694473	0.8647199727557958
122.29945560381213	1.179276491664604	0.8643860023728338
122.32496016780794	1.1810413314801558	0.864053965682589
122.35047005057474	1.1828046189396417	0.8637238536420991
122.37598525322151	1.1845663528871624	0.8633956572428145
122.40150577685787	1.186326532211946	0.8630693675106594
122.42703162259338	1.1880851558478245	0.8627449755061035
122.45256279153783	1.1898329128231415	0.8624096277954127
122.4780992848015	1.1915271792696895	0.8620043284250671
122.50364110349457	1.1932201482721776	0.861600945958397
122.5291882487278	1.1949118177679348	0.8611994724559265
122.55474072161181	1.1966021857380889	0.8607999000012362
122.58029852325781	1.1982912502072052	0.8604022207010932
122.60586165477693	1.1999790092428628	0.8600064266855955
122.63143011728071	1.2016654609552833	0.8596125101082995
122.65700391188089	1.2033506034969372	0.8592204631463489
122.68258303968952	1.2050344350621596	0.858830278000598
122.7081675018187	1.2067169538867495	0.8584419468957347
122.73375729938084	1.208398158247597	0.8580554620803945
122.75935243348867	1.2100780464623118	0.8576708158272707
122.78495290525504	1.2117566168888199	0.8572880004332273
122.81055871579315	1.2134338679250125	0.8569070082193985
122.83616986621621	1.2151097980083394	0.8565278315312959
122.86178635763798	1.2167844056154677	0.8561504627388992
122.88740819117218	1.2184576892618861	0.8557748942367547
122.91303536793288	1.220129647501538	0.8554011184440649
122.93866788903432	1.22180027892647	0.8550291278047722
122.96430575559117	1.2234695821664554	0.8546589147876439
122.98994896871808	1.2251375558886213	0.8542904718863539
123.01559752952997	1.2268041987970941	0.8539237916195589
123.0412514391422	1.2284695096326606	0.8535588665309659
123.06691069867009	1.2301334871723713	0.8531956891894108
123.09257530922942	1.2317961302292217	0.8528342521889187
123.11824527193598	1.2334574376517726	0.8524745481487713
123.14392058790607	1.2351174083238228	0.8521165697135641
123.16960125825602	1.2367760411640387	0.8517603095532673
123.19528728410236	1.238433335125614	0.85140576036328
123.22097866656195	1.2400892891959394	0.8510529148644779
123.24667540675203	1.241743902396249	0.8507017658032644
123.27237750578978	1.242900242927904	0.8506922900327754
123.2980849647927	1.2438369882395481	0.8508328541400326
123.32379778487868	1.2447729702563135	0.8509735657407173
123.34951596716563	1.2457081901915303	0.8511144239659375
123.37523951277188	1.2466426492560683	0.8512554279510791
123.40096842281582	1.247576348658325	0.8513965768357807
123.42670269841626	1.248509289604241	0.8515378697639128
123.45244234069212	1.2494414732972907	0.8516793058835523
123.4781873507625	1.2503729009384887	0.8518208843469621
123.50393772974678	1.2513035737263993	0.8519626043105685
123.52969347876483	1.2522334928571344	0.8521044649349387
123.55545459893634	1.2531626595243475	0.8522464653847577
123.58122109138142	1.2540910749192473	0.8523886048288065
123.6069929572205	1.2550187402306012	0.8525308824399426
123.63277019757405	1.2559456566447282	0.852673297395074
123.65855281356302	1.2568718253455136	0.8528158488751415
123.68434080630831	1.2577972475143968	0.8529585360650944
123.71013417693133	1.2587219243303953	0.8531013581538712
123.73593292655355	1.2596458569700848	0.8532443143343761
123.76173705629664	1.2605690466076143	0.8533874038034592
123.7875465672826	1.2614914944147115	0.8535306257618958
123.81336146063379	1.2624132015606833	0.8536739794143648
123.83918173747252	1.2632810147527114	0.8537388130536266
123.86500739892145	1.2641315737858245	0.8537792311012873
123.89083844610361	1.264981538386124	0.8538198679089315
123.91667488014208	1.2658309092502293	0.8538607226499265
123.9425167021603	1.266679687074174	0.8539017945007746
123.96836391328176	1.2675278725533878	0.8539430826410996
123.9942165146305	1.2683754663827096	0.8539845862536357
124.02007450733046	1.2692224692563638	0.8540263045242136
124.04593789250602	1.2700688818679733	0.8540682366417486
124.07180667128172	1.270914704910545	0.8541103817982286
124.09768084478236	1.271759939076471	0.8541527391887008
124.12356041413304	1.2726045850575252	0.8541953080112596
124.14944538045886	1.2734486435448495	0.8542380874670352
124.1753357448855	1.2742921152289695	0.8542810767601796
124.2012315085385	1.2751350007997675	0.8543242750978562
124.227132672544	1.2759773009465014	0.8543676816902269
124.25303923802807	1.2768190163577813	0.8544112957504393
124.27895120611721	1.2776601477215799	0.8544551164946155
124.3048685779381	1.2785006957252223	0.8544991431418402
124.3307913546176	1.2793406610553841	0.8545433749141481
124.35671953728291	1.2801800443980895	0.8545878110365123
124.38265312706129	1.2810188464387016	0.8546324507368325
124.4085921250805	1.281857067861932	0.8546772932459229
124.43453653246823	1.2826947093518202	0.8547223377975006
124.46048635035271	1.2835317715917478	0.8547675836281742
124.48644157986212	1.2843682552644191	0.854813029977431
124.51240222212515	1.2852041610518743	0.8548586760876271
124.53836827827051	1.28603948963547	0.854904521203974
124.56433974942716	1.2868742416958883	0.8549505645745282
124.59031663672448	1.2877084179131286	0.8549968054501791
124.61629894129186	1.2885420189665047	0.8550432430846385
124.64228666425913	1.2893750455346447	0.8550898767344278
124.66827980675613	1.2902074982954816	0.8551367056588676
124.69427836991318	1.291039377926261	0.8551837291200659
124.72028235486057	1.2918706851035258	0.8552309463829071
124.74629176272916	1.2927014205031255	0.855278356715041
124.7723065946497	1.2935315848002025	0.8553259593868711
124.7983268517534	1.2943611786691975	0.855373753671543
124.82435253517163	1.2951902027838431	0.8554217388449354
124.850383646036	1.2960186578171622	0.8554699141856463
124.87642018547835	1.2968465444414645	0.8555182789749838
124.90246215463078	1.2976738633283451	0.8555668324969548
124.92850955462562	1.2985006151486824	0.8556155740382534
124.95456238659538	1.2993268005726306	0.8556645028882514
124.98062065167295	1.3001524202696286	0.8557136183389855
125.00668435099125	1.3009774749083816	0.8557629196851485
125.03275348568367	1.3018019651568757	0.8558124062240772
125.05882805688357	1.3026258916823605	0.8558620772557425
125.0849080657248	1.303449255151358	0.855911932082738
125.11099351334128	1.3042720562296548	0.8559619700102702
125.13708440086724	1.3050942955823002	0.856012190346147
125.16318072943716	1.3059159738736068	0.8560625924007685
125.18928250018566	1.3067370917671435	0.8561131754871151
125.21538971424773	1.3075576499257406	0.8561639389207375
125.24150237275845	1.3083776490114762	0.8562148820197469
125.26762047685332	1.309197089685691	0.8562660041048044
125.29374402766786	1.3100159726089675	0.8563173044991096
125.31987302633804	1.3108342984411445	0.8563687825283919
125.34600747399992	1.3116520678413017	0.8564204375208996
125.37214737178984	1.3124692814677683	0.8564722688073894
125.39829272084435	1.3132859399781145	0.8565242757211163
125.42444352230036	1.314102044029153	0.8565764575978246
125.45059977729485	1.314917594276935	0.8566288137757359
125.4767614869651	1.3157325913767486	0.8566813435955407
125.50292865244872	1.3165470359831217	0.8567340464003883
125.52910127488332	1.3173609287498103	0.8567869215358751
125.55527935540714	1.3181742703298114	0.8568399683500375
125.58146289515815	1.3190420690988114	0.8569778553273621
125.60765189527504	1.3199709452395965	0.8572109009486383
125.63384635689646	1.320899047578428	0.8574439469057445
125.66004628116131	1.3218263774893335	0.8576769927519992
125.68625166920887	1.3227529363425756	0.8579100380434396
125.71246252217851	1.3236787255046634	0.8581430823388062
125.73867884120989	1.324603746338364	0.8583761251995237
125.76490062744291	1.3255280002027152	0.8586091661896867
125.79112788201776	1.3264514884530443	0.8588422048760426
125.81736060607476	1.3273742124409673	0.8590752408279728
125.84359880075458	1.3282961735144168	0.8593082736174797
125.86984246719805	1.3292173730176406	0.8595413028191684
125.89609160654625	1.3301378122912229	0.8597743280102305
125.9223462199405	1.3310574926720937	0.8600073487704288
125.94860630852239	1.3319764154935403	0.8602403646820815
125.97487187343374	1.3328945820852216	0.8604733753300462
126.00114291581657	1.3338119937731776	0.8607063803017028
126.02741943681323	1.3347286518798445	0.8609393791869401
126.0537014375661	1.3356445577240599	0.8611723715781386
126.07998891921808	1.3365597126210886	0.8614053570701565
126.10628188291204	1.3374741178826162	0.8616383352603125
126.13258032979135	1.33838777481678	0.8618713057483739
126.1588842609994	1.3393505294920076	0.8620721843894477
126.18519367767988	1.340339614471033	0.8622556645988801
126.21150858097684	1.341327872068641	0.8624392354327642
126.23782897203436	1.342315303710742	0.8626228961496214
126.26415485199696	1.3433019108197042	0.8628066460119741
126.29048622200924	1.3442876948143612	0.8629904842863239
126.31682308321616	1.3452726571100233	0.8631744102431261
126.34316543676277	1.3462567991184784	0.8633584231567667
126.36951328379462	1.3472401222480175	0.8635425223055425
126.39586662545713	1.3482226279034208	0.8637267069716329
126.42222546289635	1.3492043174859918	0.8639109764410824
126.44858979725824	1.3501851923935408	0.8640953300037741
126.4749596296892	1.3511652540204147	0.8642797669534102
126.50133496133577	1.352144503757495	0.8644642865874872
126.52771579334485	1.353122942992209	0.8646488882072763
126.55410212686341	1.3541005731085398	0.8648335711177981
126.58049396303875	1.3550773954870305	0.8650183346278046
126.60689130301851	1.3560534115048057	0.8652031780497554
126.6332941479503	1.3570286225355601	0.8653881006997943
126.65970249898227	1.3580030299495895	0.8655731018977326
126.68611635726262	1.3589766351137813	0.8657581809670235
126.71253572393982	1.3599494393916354	0.8659433372347423
126.73896060016264	1.3609214441432675	0.8661285700315662
126.76539098708002	1.361892650725418	0.8663138786917528
126.79182688584119	1.362863060491465	0.8664992625531189
126.81826829759561	1.3638326747914278	0.8666847209570205
126.844715223493	1.3648014949719804	0.8668702532483323
126.87116766468316	1.365769522376452	0.867055858775426
126.89762562231643	1.3667367583448524	0.8672415368901535
126.92408909754306	1.3677032042138582	0.8674272869478217
126.95055809151383	1.368668861316846	0.8676131083071777
126.97703260537958	1.3696222276423415	0.8677808446707986
127.00351264029142	1.3705374684729985	0.8678896693617448
127.02999819740073	1.3714520230615732	0.8679986397106505
127.05648927785913	1.3723658923947393	0.8681077549955308
127.08298588281845	1.3732790774573471	0.8682170144975925
127.10948801343082	1.3741915792324197	0.8683264175012188
127.13599567084854	1.3751033987011618	0.8684359632939532
127.16250885622415	1.3760145368429475	0.8685456511664843
127.18902757071056	1.3769249946353432	0.8686554804126313
127.2155518154607	1.377834773054086	0.8687654503293267
127.24208159162798	1.3787438730731079	0.8688755602166041
127.26861690036586	1.3796522956645159	0.86898580937758
127.29515774282808	1.3805600417986108	0.8690961971184411
127.32170412016875	1.3814671124438829	0.8692067227484286
127.34825603354204	1.3823735085670112	0.8693173855798232
127.37481348410249	1.3832792311328697	0.8694281849279307
127.40137647300483	1.384184281104527	0.8695391201110672
127.42794500140404	1.3850886594432492	0.8696501904505439
127.45451907045528	1.3859923671084982	0.8697613952706534
127.48109868131411	1.3868954050579436	0.8698727338986556
127.50768383513612	1.3877977742474499	0.8699842056647616
127.53427453307738	1.3886994756310957	0.8700958099021214
127.56087077629394	1.3896005101611584	0.8702075459468084
127.58747256594229	1.390500878788129	0.8703194131378053
127.61407990317912	1.3914005824607092	0.8704314108169909
127.64069278916124	1.3922996221258128	0.8705435383291253
127.66731122504592	1.3931979987285728	0.8706557950218363
127.69393521199041	1.394095713212333	0.8707681802456053
127.72056475115247	1.3949927665186654	0.8708806933537541
127.74719984368983	1.3958891595873564	0.87099333370243
127.77384049076078	1.3967848933564235	0.8711061006505941
127.80048669352351	1.3976799687621042	0.8712189935600055
127.82713845313671	1.3985743867388696	0.8713320117952096
127.85379577075919	1.3994681482194198	0.8714451547235234
127.88045864754999	1.4003612541346873	0.871558421715023
127.90712708466847	1.4012537054138412	0.8716718121425305
127.93380108327419	1.4021455029842893	0.8717853253815997
127.96048064452697	1.4030366477716776	0.8718989608105038
127.9871657695868	1.4039271406998945	0.8720127178102217
128.01385645961403	1.4048169826910768	0.8721265957644265
128.0405527157691	1.405706174665602	0.87224059405947
128.06725453921294	1.4065947175421056	0.8723547120843725
128.0939619311064	1.4074826122374673	0.8724689492308081
128.1206748926108	1.4083698596668235	0.8725833048930931
128.14739342488767	1.40925646074357	0.8726977784681724
128.17411752909868	1.4101424163793592	0.872812369355608
128.20084720640583	1.411027727484106	0.8729270769575654
128.22758245797138	1.4119123949659893	0.8730419006788013
128.25432328495785	1.4127964197314562	0.8731568399266527
128.28106968852777	1.4136798026852175	0.8732718941110214
128.30782166984426	1.414562544730263	0.8733870626443658
128.3345792300704	1.4154446467678496	0.8735023449416849
128.36134237036973	1.4163261096975186	0.8736177404205087
128.3881110919059	1.4172069344170823	0.8737332485008849
128.41488539584276	1.4180871218226396	0.8738488686053667
128.44166528334452	1.4189666728085732	0.8739646001590027
128.46845075557562	1.4197962026999944	0.8740002189906136
128.4952418137007	1.4206169588137918	0.8740226364730582
128.52203845888457	1.421437188728657	0.8740452417362485
128.54884069229252	1.4222568930138102	0.8740680341534682
128.57564851508974	1.42307607223792	0.8740910131001532
128.60246192844204	1.423894726969117	0.8741141779538849
128.62928093351513	1.4247128577749726	0.8741375280943813
128.65610553147525	1.4255304652225163	0.8741610629034896
128.68293572348864	1.4263475498782183	0.8741847817651787
128.70977151072196	1.4271641123079968	0.8742086840655298
128.73661289434204	1.4279801530772132	0.8742327691927304
128.7634598755159	1.4287956727506712	0.8742570365370644
128.790312455411	1.4296106718926154	0.8742814854909063
128.81717063519477	1.4304251510667245	0.8743061154487123
128.84403441603507	1.4312391108361209	0.874330925807012
128.87090379909995	1.432052551763354	0.874355915964402
128.89777878555776	1.4328654744104161	0.8743810853215374
128.924659376577	1.4336778793387217	0.8744064332811242
128.95154557332643	1.434489767109122	0.874431959247912
128.97843737697514	1.4353011382818943	0.8744576626286859
129.00533478869235	1.4361119934167428	0.8744835428322588
129.0322378096476	1.4369223330727994	0.8745095992694649
129.05914644101063	1.4377321578086177	0.8745358313531506
129.08606068395153	1.4385414681821758	0.8745622384981683
129.1129805396404	1.4393502647508702	0.8745888201213683
129.13990600924785	1.4401585480715213	0.8746155756415914
129.1668370939446	1.4409663187003634	0.874642504479662
129.19377379490163	1.4416351671831025	0.8747535822484959
129.22071611329014	1.4422975561985183	0.8748683674432869
129.24766405028163	1.442959544820406	0.8749831823999571
129.27461760704773	1.4436211335097267	0.875098026916104
129.30157678476053	1.4442823227266506	0.8752129007900726
129.3285415845921	1.4449431129305566	0.8753278038209541
129.355512007715	1.4456035045800373	0.875442735808582
129.3824880553019	1.4462634981328961	0.8755576965535291
129.40946972852566	1.446923094046151	0.875672685857105
129.43645702855957	1.4475822927760398	0.8757877035213533
129.46344995657697	1.4482410947780122	0.8759027493490473
129.49044851375157	1.4488995005067435	0.8760178231436897
129.5174527012573	1.4495575104161247	0.8761329247095067
129.54446252026827	1.4502151249592714	0.8762480538514473
129.57147797195893	1.4508723445885225	0.8763632103751797
129.5984990575039	1.4515291697554422	0.8764783940870885
129.62552577807807	1.452185600910823	0.8765936047942715
129.65255813485658	1.4528416385046814	0.8767088423045375
129.6795961290149	1.4534972829862707	0.8768241064264031
129.70663976172852	1.4541525348040674	0.8769393969690897
129.73368903417344	1.4548073944057884	0.8770547137425222
129.7607439475257	1.4554618622383797	0.8771700565573232
129.7878045029617	1.4561159387480271	0.8772854252248133
129.81487070165804	1.45676962438015	0.8774008195570068
129.84194254479158	1.4574229195794088	0.8775162393666094
129.86902003353944	1.458075824789705	0.8776316844670149
129.89610316907894	1.4587283404541798	0.8777471546723034
129.92319195258767	1.45938046701522	0.8778626497972377
129.9502863852435	1.4600322049144545	0.8779781696572616
129.97738646822452	1.460683554592763	0.8780937140684961
130.00449220270892	1.4613345164902667	0.8782092828477374
130.03160358987552	1.4619850910463437	0.8783248758124541
130.05872063090294	1.4626352786996155	0.878440492780785
130.08584332697035	1.4632850798879615	0.8785561335715353
130.112971679257	1.463934495048511	0.8786717980041753
130.1401056889425	1.4645835246176515	0.8787874858988374
130.1672453572066	1.4652321690310253	0.8789031970763119
130.19439068522942	1.4658804287235332	0.8790189313580479
130.22154167419126	1.466528304129337	0.8791346885661472
130.24869832527256	1.4671757956818565	0.8792504685233631
130.2758606396542	1.4678229038137793	0.8793662710530988
130.30302861851717	1.4684696289570498	0.8794820959794034
130.33020226304282	1.4691123019676229	0.8795918141407443
130.35738157441259	1.4696316273906653	0.8794960915512668
130.3845665538083	1.4701507438420844	0.8794005167575695
130.411757202412	1.4706696513993551	0.8793050895254254
130.43895352140586	1.4711883501400893	0.8792098096210016
130.4661555119725	1.4717068401420352	0.8791146768108568
130.49336317529463	1.4722251214830757	0.8790196908619413
130.5205765125553	1.4727431942412272	0.8789248515415969
130.54779552493767	1.4732610584946388	0.8788301586175563
130.57502021362535	1.4737787143215937	0.8787356118579415
130.60225057980196	1.4742961618005042	0.8786412110312645
130.62948662465166	1.4748134010099165	0.8785469559064254
130.6567283493586	1.4753304320285034	0.878452846252714
130.6839757551072	1.4758472549350692	0.8783588818398069
130.71122884308232	1.4763638698085453	0.8782650624377681
130.73848761446888	1.4768802767279914	0.8781713878170488
130.76575207045215	1.4773964757725937	0.8780778577484849
130.79302221221752	1.4779124670216632	0.8779844720032997
130.82029804095083	1.4784282505546387	0.8778912303530996
130.84757955783795	1.47894382645108	0.8777981325698769
130.87486676406516	1.4794591947906743	0.8777051784260069
130.90215966081888	1.4799743556532274	0.8776123676942487
130.9294582492859	1.4804893091186713	0.8775197001477433
130.95676253065307	1.4810040552670556	0.8774271755600148
130.9840725061077	1.4815185941785534	0.8773347937049679
131.0113881768372	1.4820329259334553	0.8772425543568895
131.03870954402927	1.482547050612172	0.8771504572904458
131.0660366088719	1.4830609682952338	0.8770585022806833
131.09336937255318	1.483574679063283	0.8769666891030284
131.12070783626172	1.484088182997087	0.8768750175332853
131.14805200118604	1.4846014801775205	0.8767834873476369
131.17540186851528	1.485114570685581	0.8766920983226435
131.20275743943844	1.4856274546023742	0.8766008502352431
131.2301187151451	1.4861401320091236	0.8765097428627494
131.25748569682483	1.4866526029871638	0.8764187759828521
131.28485838566766	1.4871648676179419	0.8763279493736172
131.31223678286372	1.487676925983017	0.8762372628134844
131.33962088960348	1.4881887781640586	0.8761467160812679
131.3670107070776	1.4887004242428463	0.8760563089561563
131.39440623647695	1.4892118643012677	0.8759660412177104
131.42180747899283	1.4897230984213228	0.875875912645864
131.44921443581654	1.490234126685114	0.8757859230209231
131.47662710813987	1.4907449491748561	0.8756960721235644
131.50404549715464	1.4912555659728661	0.8756063597348364
131.531469604053	1.4917659771615688	0.8755167856361572
131.55889943002748	1.4922761828234947	0.875427349609315
131.58633497627068	1.4927861830412767	0.875338051436467
131.61377624397554	1.4932959778976524	0.875248890900139
131.6412232343352	1.493805567475462	0.8751598677832253
131.66867594854315	1.4943149518576484	0.8750709818689867
131.69613438779288	1.4948241311272539	0.8749822329410524
131.7235985532785	1.4953331053674253	0.8748936207834166
131.75106844619404	1.495841874661406	0.8748051451804398
131.77854406773397	1.4963504390925408	0.8747168059168481
131.8060254190929	1.4968587987442725	0.874628602777732
131.8335125014658	1.4973669537001417	0.8745405355485459
131.86100531604777	1.4978749040437869	0.8744526040151083
131.88850386403425	1.4983826498589434	0.8743648079635998
131.9160081466209	1.4988901912294423	0.8742771471805647
131.94351816500355	1.499397528239209	0.8741896214529082
131.97103392037846	1.4999046609722655	0.8741022305678973
131.99855541394194	1.500411589512726	0.8740149743131596
132.02608264689076	1.5009183139448004	0.8739278524766826
132.05361562042174	1.5014248343527876	0.8738408648468143
132.081154335732	1.501931150821082	0.8737540112122612
132.108698794019	1.5024372634341676	0.8736672913620879
132.13624899648036	1.502943172276619	0.8735807050857182
132.16380494431402	1.5034488774331027	0.8734942521729322
132.1913666387181	1.503954378988372	0.873407932413867
132.21893408089105	1.504459677027271	0.8733217455990169
132.2465072720314	1.5049647716347296	0.8732356915192309
132.27408621333822	1.505469662895769	0.8731497699657135
132.3016709060105	1.5059743508954924	0.873063980730024
132.32926135124774	1.5064788357190937	0.8729783236040758
132.35685755024954	1.5071012897000602	0.87282435460324
132.38445950421587	1.507835605948563	0.8726057286034324
132.41206721434682	1.5085696172597456	0.8723874487618983
132.4396806818428	1.50930332361035	0.8721695144637053
132.46729990790445	1.5100367249781428	0.8719519250949269
132.4949248937327	1.5107698213419114	0.8717346800426434
132.52255564052876	1.5115026126814626	0.8715177786949403
132.55019214949385	1.51223509897761	0.8713012204409103
132.57783442182986	1.5129672802121823	0.8710850046706491
132.60548245873846	1.513699156368001	0.8708691307752608
132.63313626142204	1.5144307274288964	0.8706535981468515
132.66079583108285	1.5151619933796827	0.8704384061785352
132.68846116892354	1.5158929542061672	0.8702235542644285
132.71613227614708	1.516623609895141	0.8700090417996533
132.74380915395662	1.5173539604343744	0.8697948681803352
132.77149180355553	1.5180840058126113	0.8695810328036043
132.79918022614754	1.5188137460195674	0.8693675350675935
132.82687442293656	1.5195431810459232	0.8691543743714396
132.8545743951266	1.5202723108833185	0.8689415501152827
132.8822801439223	1.5210011355243553	0.868729061700264
132.9099916705281	1.5217296549625794	0.8685169085285289
132.93770897614908	1.5224578691924933	0.8683050900032231
132.96543206199036	1.5231857782095335	0.8680936055284955
132.99316092925733	1.523913382010081	0.8678824545094949
133.02089557915565	1.5246406805914492	0.8676716363523719
133.04863601289136	1.525367673951882	0.8674611504642764
133.0763822316705	1.5260943620905467	0.8672509962533599
133.1041342366995	1.5268207450075308	0.8670411731287724
133.13189202918514	1.5275468227038438	0.8668316805006627
133.15965561033423	1.5282725951813987	0.8666225177801805
133.187424981354	1.528960423490661	0.8663472595479421
133.2152001434519	1.5295190589178334	0.8658445711562023
133.2429810978356	1.530077705714843	0.8653422822221709
133.270767845713	1.5306363634159306	0.8648403925747344
133.29856038829234	1.531195031556094	0.8643389020419757
133.32635872678202	1.531753709671087	0.8638378104511786
133.35416286239072	1.5323123972974202	0.8633371176288305
133.3819727963275	1.532871093972366	0.8628368234006237
133.40978852980135	1.5334297992339538	0.8623369275914639
133.4376100640219	1.5339885126209793	0.861837430025465
133.46543740019868	1.5345472336729964	0.8613383305259618
133.49327053954184	1.5351059619303284	0.8608396289155036
133.52110948326143	1.53566469693406	0.8603413250158661
133.54895423256798	1.536223438226045	0.8598434186480488
133.57680478867212	1.5367821853489034	0.8593459096322809
133.6046611527849	1.5373409378460265	0.8588487977880224
133.6325233261175	1.5378996952615744	0.8583520829339694
133.66039130988136	1.5384584571404791	0.8578557648880559
133.6882651052883	1.539017223028446	0.8573598434674572
133.71614471355014	1.5395759924719512	0.8568643184885955
133.7440301358792	1.5401347650182504	0.8563691897671365
133.77192137348788	1.5406935402153699	0.8558744571180023
133.7998184275891	1.541252317612119	0.8553801203553633
133.8277212993956	1.541811096758079	0.8548861792926529
133.85562999012072	1.542369877203615	0.8543926337425608
133.883544500978	1.5429286584998703	0.8538994835170427
133.91146483318107	1.543487440198769	0.8534067284273207
133.93939098794402	1.5440462218530193	0.8529143682838857
133.96732296648105	1.5446050030161111	0.8524224028965031
133.99526077000675	1.5451637832423197	0.8519308320742135
134.0232043997357	1.545722562086703	0.8514396556253397
134.05115385688308	1.5462813391051098	0.8509488733574823
134.079109142664	1.5468401138541712	0.8504584850775329
134.10707025829413	1.5473988858913112	0.8499684905916663
134.13503720498912	1.5479576547747376	0.8494788897053555
134.16300998396508	1.548516420063453	0.8489896822233639
134.19098859643816	1.5490751813172472	0.8485008679497559
134.21897304362503	1.5496339380967046	0.8480124466878958
134.2469633267424	1.550192689963201	0.8475244182404528
134.2749594470073	1.5507514364789041	0.8470367824094057
134.30296140563703	1.5513101772067799	0.8465495389960406
134.33096920384912	1.5518689117105848	0.8460626878009616
134.35898284286145	1.5524276395548768	0.8455762286240857
134.38700232389195	1.5529863603050051	0.8450901612646537
134.415027648159	1.5535450735271201	0.8446044855212286
134.44305881688115	1.5541037787881702	0.8441192011916987
134.4710958312772	1.5546624756559018	0.8436343080732833
134.49913869256625	1.5552211636988624	0.843149805962534
134.52718740196758	1.5557798424864002	0.8426656946553376
134.5552419607008	1.5563385115886643	0.8421819739469208
134.5833023699857	1.5568971705766055	0.8416986436318523
134.6113686310424	1.5574558190219803	0.841215703504044
134.6394407450912	1.5580144564973446	0.8407331533567597
134.66751871335276	1.5585730825760629	0.8402509929826099
134.6956025370479	1.5591316968323021	0.8397692221735629
134.72369221739774	1.5596902988410348	0.8392878407209442
134.75178775562358	1.5602488881780414	0.8388068484154383
134.77988915294705	1.560807464419908	0.8383262450470946
134.80799641059005	1.5613660271440286	0.837846030405329
134.8361095297747	1.561924575928607	0.8373662042789262
134.86422851172338	1.5624831103526535	0.8368867664560447
134.89235335765866	1.5630416299959875	0.8364077167242209
134.92048406880352	1.5636001344392425	0.8359290548703656
134.94862064638102	1.5641586232638571	0.8354507806807766
134.97676309161463	1.5647170960520866	0.8349728939411324
135.0049114057279	1.565275552386993	0.8344953944365037
135.03306558994487	1.565833991852454	0.8340182819513494
135.06122564548966	1.5663924140331587	0.8335415562695243
135.0893915735866	1.5669508185146086	0.8330652171742807
135.11756337546046	1.5675092048831218	0.8325892644482696
135.14574105233606	1.5680675727258273	0.8321136978735482
135.17392460543877	1.568625921630672	0.8316385172315767
135.20211403599382	1.5691842608256545	0.8311637171975268
135.2303093452271	1.569742594728209	0.8306892950110243
135.2585105343644	1.5703009084589827	0.8302152581231473
135.28671760463206	1.5708592016091476	0.8297416063129861
135.31493055725642	1.5714174737706859	0.8292683393590566
135.34314939346424	1.5719757245364026	0.8287954570392958
135.37137411448253	1.5725339534999183	0.8283229591310696
135.39960472153854	1.5730921602556729	0.8278508454111742
135.42784121585967	1.573650344398925	0.827379115655839
135.45608359867367	1.5742085055257493	0.8269077696407316
135.48433187120864	1.574766643233046	0.8264368071409558
135.51258603469267	1.5753247571185287	0.8259662279310619
135.54084609035448	1.5758828467807362	0.8254960317850413
135.56911203942263	1.5764409118190241	0.8250262184763378
135.59738388312627	1.5769989518335708	0.824556787777844
135.62566162269465	1.5775569664253741	0.8240877394619087
135.65394525935727	1.5781149551962554	0.8236190733003365
135.682234794344	1.578672917748856	0.8231507890643929
135.71053022888478	1.5792308536866395	0.822682886524807
135.73883156421002	1.5797887626138927	0.822215365451773
135.76713880155017	1.5803466441357215	0.8217482256149571
135.79545194213617	1.5809044978580598	0.8212814667834928
135.82377098719897	1.5814623233876588	0.8208150887259937
135.85209593797003	1.5820201203320983	0.8203490912105469
135.88042679568082	1.582577888299776	0.8198834740047243
135.90876356156323	1.5831356268999164	0.819418236875579
135.93710623684942	1.5836933357425673	0.8189533795896519
135.9654548227717	1.5842510144386002	0.8184889019129729
135.99380932056263	1.5848086625997095	0.8180248036110651
136.0221697314551	1.5853662798384156	0.8175610844489468
136.0505360566824	1.585923865768063	0.8170977441911337
136.0789082974777	1.5864814200028177	0.8166347826016458
136.10728645507479	1.5870389421576752	0.8161721994440027
136.13567053070742	1.5875964318484517	0.815709994481235
136.16406052560995	1.5881538886917907	0.8152481674758807
136.19245644101665	1.588711312305159	0.8147867181899918
136.22085827816227	1.5892687023068495	0.8143256463851354
136.24926603828163	1.5898260583159787	0.813864951822398
136.27767972261003	1.590383379952491	0.8134046342623855
136.30609933238287	1.5909406668371533	0.8129446934652299
136.33452486883584	1.5914979185915583	0.8124851291905905
136.362956333205	1.592055134838127	0.8120259411976527
136.3913937267264	1.5926123152000997	0.8115671292451415
136.41983705063674	1.593169459301549	0.8111086930913095
136.44828630617246	1.5937265667673661	0.8106506324939553
136.47674149457083	1.5942836372232743	0.8101929472104117
136.50520261706896	1.5948406702958167	0.8097356369975613
136.5336696749044	1.595397665612364	0.8092787016118302
136.56214266931485	1.5959546228011132	0.8088221408091951
136.59062160153843	1.5965115414910849	0.8083659543451852
136.6191064728134	1.5970684213121256	0.8079101419748845
136.64759728437824	1.5976252618949058	0.8074547034529369
136.6760940374718	1.5981820628709247	0.8069996385335432
136.70459673333312	1.5987388238725009	0.8065449469704722
136.73310537320157	1.599295544532784	0.8060906285170555
136.76161995831666	1.5998522244857434	0.8056366829261967
136.79014048991826	1.6004088633661762	0.8051831099503692
136.81866696924638	1.6009654608097033	0.804729909341622
136.84719939754146	1.6015220164527695	0.8042770808515816
136.87573777604413	1.6020785299326457	0.8038246242314536
136.90428210599518	1.602635000887425	0.8033725392320279
136.9328323886358	1.6031914289560265	0.8029208256036786
136.96138862520726	1.6037478137781909	0.8024694830963701
136.9899508169514	1.6043041549944865	0.8020185114596544
137.0185189651099	1.6048604522463	0.8015679104426825
137.04709307092511	1.605416705175847	0.801117679794196
137.07567313563936	1.605972913426162	0.8006678192625403
137.10425916049533	1.6065058872987288	0.8001717723417794
137.13285114673596	1.6070165463014843	0.7996312544841649
137.1614490956045	1.6075272513239673	0.7990911168236905
137.19005300834434	1.6080380019200584	0.7985513592535914
137.21866288619924	1.6085487976442057	0.7980119816662952
137.2472787304132	1.6090596380514273	0.7974729839534245
137.27590054223037	1.6095705226973116	0.7969343660058007
137.30452832289535	1.6100814511380221	0.7963961277134433
137.33316207365274	1.6105924229302928	0.7958582689655785
137.36180179574774	1.611103437631437	0.795320789650634
137.39044749042554	1.611614494799343	0.7947836896562482
137.41909915893166	1.612125593992479	0.7942469688692687
137.44775680251192	1.6126367347698929	0.7937106271757575
137.47642042241233	1.613147916691215	0.7931746644609905
137.50509001987928	1.613659139316659	0.7926390806094625
137.5337655961592	1.6141704022070211	0.7921038755048914
137.56244715249915	1.6146817049236886	0.791569049030213
137.591134690146	1.6151930470286295	0.7910346010675952
137.61982821034726	1.6157044280844082	0.7905005314984288
137.64852771435045	1.6162158476541748	0.7899668402033392
137.67723320340346	1.6167273053016717	0.7894335270621843
137.70594467875443	1.6172388005912364	0.7889005919540578
137.7346621416518	1.6177503330878007	0.788368034757291
137.76338559334417	1.6182619023568914	0.7878358553494583
137.79211503508046	1.6187735079646328	0.7873040536073773
137.82085046810988	1.61928514947775	0.7867726294071099
137.84959189368183	1.6197968264635652	0.7862415826239704
137.87833931304607	1.620308538490005	0.7857109131325206
137.9070927274524	1.6208202851255953	0.7851806208065804
137.93585213815123	1.6213320659394703	0.7846507055192217
137.9646175463929	1.6218438805013664	0.7841211671427792
137.99338895342825	1.622355728381628	0.7835920055488474
138.02216636050818	1.6228676091512069	0.7830632206082856
138.05094976888404	1.623379522381665	0.7825348121912188
138.0797391798073	1.623891467645173	0.7820067801670437
138.10853459452974	1.624403444514516	0.7814791244044257
138.13733601430346	1.6249154525630893	0.780951844771307
138.1661434403807	1.6254052948084046	0.7804355986283665
138.19495687401408	1.6255754675150793	0.7800730933705601
138.2237763164563	1.625745685539581	0.7797107008091431
138.25260176896066	1.6259159488144823	0.7793484209591364
138.2814332327804	1.6260862572723465	0.7789862538354859
138.31027070916906	1.6262566108457317	0.7786241994530555
138.3391141993806	1.6264270094671893	0.7782622578266303
138.36796370466914	1.6265974530692655	0.777900428970915
138.3968192262891	1.626767941584498	0.777538712900537
138.42568076549506	1.6269384749454205	0.7771771096300424
138.45454832354204	1.62710905308456	0.7768156191738984
138.4834219016851	1.6272796759344372	0.7764542415464947
138.51230150117985	1.6274503434275691	0.7760929767621374
138.5411871232818	1.6276210554964643	0.7757318248350582
138.57007876924706	1.6277918120736288	0.7753707857794055
138.5989764403318	1.6279626130915612	0.7750098596092512
138.6278801377925	1.6281334584827558	0.7746490463385866
138.65678986288594	1.6283043481797022	0.7742883459813237
138.68570561686911	1.6284752821148851	0.7739277585512953
138.71462740099938	1.6286462602207843	0.7735672840622551
138.7435552165341	1.6288172824298737	0.773206922527879
138.77248906473125	1.6289883486746248	0.7728466739617608
138.80142894684877	1.629159458887503	0.7724865383774183
138.83037486414514	1.6293306130009715	0.7721265157882863
138.85932681787875	1.6295018109474866	0.7717666062077253
138.8882848093086	1.6296730526595031	0.7714068096490129
138.9172488396937	1.6298443380694703	0.771047126125349
138.94621891029354	1.6300156671098347	0.7706875556498545
138.97519502236764	1.6301870397130385	0.7703280982355711
139.00417717717596	1.6303584558115214	0.7699687538954608
139.0331653759787	1.6305299153377188	0.7696095226424075
139.0621596200362	1.6307014182240627	0.7692504044892172
139.09115991060924	1.6308729644029831	0.7688913994486135
139.12016624895867	1.6310445538069063	0.7685325075332449
139.1491786363458	1.6312161863682557	0.7681737287556775
139.17819707403206	1.6313878620194522	0.7678150631284016
139.20722156327918	1.6315595806929135	0.7674565106638269
139.23625210534917	1.6317313423210558	0.7670980713742848
139.26528870150432	1.6319031468362926	0.7667397452720272
139.29433135300718	1.6320749941710344	0.7663815323692278
139.32338006112047	1.6322468842576907	0.7660234326779818
139.35243482710737	1.6324188170286689	0.7656654462103042
139.38149565223102	1.6325907924163732	0.7653075729781341
139.4105625377552	1.6327628103532081	0.764949812993328
139.4396354849436	1.6329348707715743	0.7645921662676677
139.46871449506042	1.6331069736038735	0.7642346328128529
139.49779956937002	1.6332791187825038	0.763877212640507
139.52689070913704	1.6334513062398632	0.7635199057621738
139.55598791562636	1.6336235359083489	0.7631627121893189
139.58509119010313	1.633795807720356	0.7628056319333287
139.6142005338328	1.6339681216082795	0.7624486650055121
139.64331594808107	1.6341404775045139	0.7620918114170984
139.67243743411396	1.6343128753414526	0.7617350711792384
139.70156499319756	1.634485315051488	0.7613784443030068
139.7306986265985	1.6346577965670142	0.7610219307993957
139.75983833558337	1.634830319820422	0.7606655306793233
139.78898412141933	1.6350028847441054	0.7603092439536249
139.81813598537354	1.6351754912704553	0.7599530706330621
139.84729392871367	1.635348139331865	0.7595970107283144
139.87645795270743	1.6355208288607272	0.7592410642499845
139.90562805862288	1.6356935597894349	0.758885231208598
139.93480424772844	1.6358663320503821	0.7585295116145993
139.96398652129264	1.6360391455759624	0.7581739054783582
139.99317488058438	1.6362030779446515	0.7577991482897114
140.02236932687273	1.6363629513420777	0.7574156239980023
140.0515698614272	1.6365228811033725	0.7570322130880877
140.08077648551736	1.6366828671586588	0.7566489155851958
140.10998920041314	1.6368429094380383	0.7562657315144677
140.13920800738475	1.637003007871591	0.7558826609009586
140.16843290770262	1.6371631623893756	0.7554997037696378
140.19766390263752	1.6373233729214316	0.7551168601453881
140.22690099346036	1.6374836393977754	0.754734130053007
140.25614418144247	1.6376439617484044	0.7543515135172046
140.28539346785524	1.6378043399032944	0.7539690105626075
140.31464885397065	1.6379647737924026	0.7535866212137516
140.34391034106048	1.6381252633456636	0.753204345495092
140.37317793039728	1.6382858084929937	0.7528221834309935
140.40245162325348	1.638446409164289	0.7524401350457373
140.43173142090197	1.6386070652894253	0.7520582003635171
140.46101732461585	1.6387677767982594	0.7516763794084407
140.4903093356685	1.6389285436206282	0.7512946722045301
140.5196074553335	1.6390893656863499	0.7509130787757204
140.54891168488487	1.639250242925223	0.7505315991458616
140.5782220255967	1.6394111752670268	0.7501502333387162
140.60753847874332	1.6395721626415223	0.7497689813779623
140.63686104559966	1.639733204978452	0.7493878432871884
140.6661897274405	1.6398943022075387	0.7490068190899017
140.69552452554117	1.6400554542584884	0.7486259088095183
140.7248654411771	1.640216661060987	0.7482451124693715
140.7542124756241	1.6404977453883727	0.7478098056697565
140.78356563015814	1.6409978342771105	0.747274968777197
140.81292490605554	1.6414979598340038	0.7467405050620587
140.842290304593	1.6419981216360595	0.7462064143980498
140.8716618270471	1.6424983192608815	0.745672696658167
140.90103947469512	1.64299855228668	0.7451393517146879
140.9304232488143	1.6434988202922618	0.7446063794391853
140.95981315068238	1.6439991228570416	0.7440737797025196
140.9892091815771	1.644499459561035	0.7435415523748502
141.01861134277684	1.644999829984867	0.7430096973256283
141.04801963555983	1.645500233709765	0.7424782144236096
141.07743406120483	1.646000670317567	0.7419471035368503
141.10685462099084	1.6465011393907198	0.7414163645327098
141.13628131619703	1.64700164051228	0.7408859972778561
141.16571414810292	1.647502173265917	0.7403560016382652
141.19515311798818	1.6480027372359076	0.7398263774792296
141.22459822713301	1.6485033320071492	0.7392971246653496
141.25404947681753	1.6490039571651467	0.7387682430605496
141.28350686832246	1.6495046122960266	0.7382397325280674
141.31297040292847	1.6500052969865269	0.7377115929304684
141.34244008191678	1.6505060108240066	0.737183824129639
141.37191590656866	1.6510067533964419	0.7366564259867946
141.40139787816577	1.651507524292428	0.7361293983624799
141.43088599799003	1.6520083231011828	0.7356027411165712
141.4603802673236	1.6525091494125448	0.7350764541082796
141.4898806874489	1.6530100028169745	0.734550537196154
141.5193872596486	1.653510882905556	0.7340249902380835
141.5488999852057	1.65401178927	0.7334998130912975
141.57841886540336	1.6545127215026392	0.7329750056123723
141.60794390152526	1.6550136791964374	0.7324505676572283
141.637475094855	1.655514661944981	0.7319264990811399
141.66701244667667	1.6560156693424886	0.7314027997387298
141.69655595827456	1.6565167009838042	0.7308794694839784
141.72610563093326	1.6570177564644069	0.7303565081702201
141.7556614659376	1.6575188353804022	0.729833915650152
141.7852234645727	1.65801993732853	0.7293116917758315
141.81479162812397	1.658521061906163	0.7287898363986809
141.8443659578769	1.6590222087113053	0.7282683493694917
141.87394645511765	1.6595233773425995	0.7277472305384209
141.9035331211321	1.6600245673993188	0.7272264797550025
141.93312595720698	1.6605257784813778	0.7267060968681401
141.96272496462885	1.6610270101893234	0.726186081726119
141.99233014468473	1.6615282621243432	0.7256664341766011
142.02194149866185	1.6620295338882616	0.7251471540666321
142.05155902784776	1.6625308250835444	0.7246282412426407
142.0811827335303	1.6630321353132973	0.7241096955504428
142.1108126169974	1.6635334641812645	0.7235915168352463
142.1404486795375	1.6640348112918357	0.7230737049416468
142.17009092243913	1.6645361762500388	0.7225562597136398
142.19973934699124	1.6650375586615505	0.7220391809946113
142.2293939544828	1.665538958132686	0.7215224686273525
142.2590547462034	1.6660403742704093	0.7210061224540522
142.28872172344262	1.666541806682327	0.7204901423163066
142.31839488749034	1.6670432549766934	0.7199745280551174
142.3480742396369	1.66754471876241	0.719459279510895
142.37775978117267	1.6680461976490244	0.7189443965234628
142.4074515133885	1.668547691246734	0.7184298789320567
142.4371494375753	1.6690491991663836	0.7179157265753319
142.46685355502441	1.669550721019469	0.7174019392913592
142.49656386702733	1.6700522564181346	0.716888516917635
142.52628037487602	1.6705538049751787	0.7163754592910748
142.55600307986248	1.6710553663040468	0.7158627662480256
142.585731983279	1.6715569400188393	0.7153504376242608
142.61546708641836	1.6720585257343092	0.7148384732549844
142.64520839057334	1.6725601230658622	0.7143268729748359
142.6749558970372	1.6730617316295582	0.7138156366178902
142.70470960710333	1.6735633510421115	0.7133047640176609
142.7344695220655	1.6740649809208923	0.7127942550071021
142.76423564321757	1.6745666208839247	0.7122841094186139
142.79400797185392	1.6750682705498912	0.7117743270840389
142.823786509269	1.6755699295381292	0.7112649078346711
142.85357125675762	1.6760715974686349	0.7107558515012534
142.88336221561488	1.6765732739620614	0.7102471579139832
142.91315938713603	1.6770749586397204	0.7097388269025129
142.9429627726167	1.677576651123583	0.7092308582959531
142.97277237335283	1.6780783510362796	0.7087232519228747
143.00258819064044	1.6785800580010994	0.7082160076113126
143.03241022577603	1.679081771816544	0.707709125602897
143.0622384800563	1.6795835019165994	0.7072026290228051
143.09207295477813	1.6800852379200275	0.7066964939804248
143.12191365123877	1.6805869794527906	0.7061907203016313
143.1517605707357	1.681088726141509	0.7056853078117798
143.18161371456677	1.6815904776134725	0.7051802563356969
143.21147308402988	1.682092233496627	0.7046755656976949
143.2413386804234	1.6825939934195866	0.7041712357215648
143.27121050504593	1.6830957570116272	0.7036672662305841
143.30108855919627	1.683597523902691	0.7031636570475157
143.3309728441736	1.6840992937233839	0.7026604079946128
143.36086336127718	1.6846010661049757	0.7021575188936223
143.39076011180688	1.6851028406794062	0.7016549895657811
143.42066309706243	1.6856046170792756	0.7011528198318269
143.45057231834417	1.6861063949378559	0.7006510095119924
143.48048777695243	1.6866081738890808	0.7001495584260168
143.51040947418815	1.687109953567556	0.6996484663931365
143.54033741135217	1.68761173360855	0.6991477332321003
143.57027158974586	1.6881135136480032	0.6986473587611608
143.60021201067073	1.6886152933225202	0.6981473427980845
143.6301586754287	1.689117072269378	0.6976476851601483
143.66011158532177	1.6896188501265197	0.6971483856641464
143.6900707416523	1.6901206265325572	0.6966494441263914
143.7200361457231	1.6906224011267748	0.6961508603627127
143.75000779883686	1.6911241735491216	0.6956526341884677
143.77998570229695	1.6916259434402223	0.695154765418532
143.8099698574067	1.6921277104413661	0.6946572538673154
143.83996026546998	1.6926294741945174	0.6941600993487512
143.8699569277907	1.693131234342308	0.6936633016763085
143.8999598456731	1.6936329905280416	0.6931668606629894
143.92996902042177	1.694134742395695	0.692670776121331
143.95998445334158	1.6946364895899133	0.6921750478634114
143.99000614573757	1.6949963074811916	0.6917375909517262
144.02003409891506	1.6952906668697887	0.6913270727552077
144.0500683141798	1.6955850560786703	0.6909167454816433
144.08010879283756	1.6958794749612767	0.6905066091003068
144.1101555361947	1.6961739233711666	0.6900966635802831
144.14020854555744	1.6964684011620108	0.6896869088904763
144.17026782223272	1.6967629081875983	0.6892773449996041
144.20033336752738	1.6970574443018327	0.688867971876202
144.23040518274877	1.6973520093587333	0.688458789488622
144.26048326920443	1.6976466032124373	0.6880497978050323
144.29056762820215	1.6979412257171973	0.6876409967934197
144.32065826105008	1.698235876727383	0.6872323864215883
144.35075516905644	1.6985305560974802	0.6868239666571623
144.38085835353007	1.698825263682095	0.68641573746758
144.41096781577968	1.6991199993359476	0.6860076988201048
144.44108355711458	1.6994147629138794	0.6855998506818132
144.47120557884415	1.699709554270847	0.6851921930196061
144.50133388227815	1.7000043732619268	0.6847847258002026
144.53146846872656	1.7002992197423141	0.684377448990142
144.56160933949968	1.7005940935673227	0.6839703625557846
144.59175649590804	1.7008889945923855	0.6835634664633118
144.62190993926242	1.7011839226730534	0.6831567606787285
144.652069670874	1.7014788776650003	0.6827502451678574
144.68223569205398	1.7017738594240162	0.6823439198963479
144.71240800411425	1.702068867806014	0.6819377848296678
144.7425866083665	1.702363902667025	0.6815318399331117
144.77277150612304	1.7026589638632024	0.6811260851717951
144.80296269869623	1.702954051250819	0.6807205205106585
144.83316018739893	1.70324916468627	0.6803151459144651
144.86336397354404	1.7035443040260705	0.6799099613478043
144.8935740584449	1.7038394691268584	0.679504966775089
144.92379044341502	1.7041346598453924	0.6791001621605578
144.9540131297682	1.7044298760385528	0.6786955474682759
144.9842421188187	1.7047251175633442	0.6782911226621312
145.01447741188073	1.7050203842768907	0.6778868877058424
145.04471901026906	1.7053156760364419	0.6774828425629507
145.0749669152985	1.7056109926993677	0.6770789871968276
145.1052211282843	1.705906334123163	0.6766753215706698
145.13548165054198	1.7062017001654457	0.6762718456475026
145.16574848338726	1.706497090683956	0.67586855939018
145.19602162813607	1.7067925055365596	0.6754654627613836
145.22630108610488	1.7070879445812448	0.675062555723624
145.25658685861015	1.7073834076761254	0.6746598382392414
145.28687894696864	1.7076788946794381	0.6742573102704065
145.3171773524977	1.707974405449546	0.6738549717791172
145.3474820765145	1.7082699398449357	0.6734528227272056
145.37779312033686	1.70856549772422	0.6730508630763306
145.4081104852827	1.7088610789461356	0.6726490927879853
145.43843417267018	1.709156683369546	0.672247511823493
145.46876418381777	1.7094523108534396	0.6718461201440092
145.49910052004435	1.7097479612569315	0.671444917710521
145.52944318266893	1.7100436344392627	0.6710439044838483
145.55979217301078	1.7103393302598	0.6706430804246445
145.59014749238955	1.7106350485780375	0.6702424454933956
145.62050914212497	1.710930789253595	0.6698419996504229
145.65087712353747	1.7112265521462218	0.6694417428558783
145.68125143794714	1.7115223371157902	0.6690416750697533
145.71163208667494	1.7118181440223048	0.6686417962518685
145.74201907104168	1.7121139727258936	0.6682421063618847
145.7724123923687	1.7124098230868148	0.667842605359295
145.8028120519774	1.7127056949654536	0.6674432932034303
145.83321805118973	1.713001588222324	0.6670441698534563
145.86363039132772	1.7132975027180688	0.6666452352683754
145.8940490737136	1.7135934383134572	0.66624648940703
145.92447409967016	1.71388939486939	0.6658479322280956
145.95490547052015	1.7141853722468943	0.6654495636900897
145.9853431875869	1.7144813703071298	0.6650513837513631
146.01578725219375	1.7147773889113813	0.6646533923701102
146.04623766566448	1.715073427921067	0.6642555895043609
146.07669442932303	1.7153694871977325	0.663857975111986
146.10715754449376	1.7156655666030542	0.6634605491506952
146.13762701250116	1.7159616659988381	0.663063311578039
146.16810283467015	1.7162577852470218	0.6626662623514068
146.1985850123258	1.716553924209672	0.66226940142803
146.2290735467934	1.7168507930176047	0.6618745711483275
146.25956843939875	1.717158938068278	0.6615091531163045
146.29006969146766	1.717467082376276	0.6611439179112791
146.32057730432652	1.7177752258206362	0.6607788654702
146.35109127930164	1.718083368280545	0.6604139957299044
146.3816116177199	1.7183915096353417	0.6600493086271164
146.4121383209083	1.7186996497645153	0.6596848040984489
146.4426713901942	1.7190077885477077	0.6593204820804008
146.4732108269051	1.7193159258647117	0.658956342509362
146.50375663236898	1.7196240615954712	0.6585923853216096
146.53430880791402	1.719932195620083	0.65822861045331
146.56486735486848	1.7202403278187932	0.6578650178405211
146.59543227456126	1.720548458072002	0.6575016074191878
146.62600356832115	1.7208565862602592	0.6571383791251489
146.65658123747767	1.721164712264269	0.6567753328941294
146.68716528336006	1.721472835964884	0.6564124686617503
146.71775570729832	1.7217809572431118	0.6560497863635204
146.74835251062254	1.7220890759801102	0.6556872859348417
146.778955694663	1.7223971920571892	0.6553249673110086
146.80956526075042	1.7227053053558108	0.6549628304272076
146.8401812102157	1.7230134157575898	0.6546008752185183
146.87080354439004	1.7233215231442927	0.6542391016199126
146.9014322646049	1.7236296273978369	0.6538775095662582
146.9320673721921	1.7239377284002941	0.6535160989923138
146.96270886848356	1.7242458260338864	0.6531548698327357
146.99335675481174	1.7245539201809899	0.6527938220220718
147.02401103250915	1.7248620107241308	0.6524329554947677
147.05467170290865	1.7251700975459898	0.6520722701851627
147.08533876734336	1.7254781805293988	0.651711766027492
147.1160122271468	1.7257862595573428	0.6513514429558879
147.14669208365262	1.7260943345129585	0.6509913009043781
147.17737833819476	1.7264024052795348	0.6506313398068887
147.20807099210757	1.7267104717405155	0.6502715595972407
147.23877004672542	1.7270185337794932	0.6499119602091554
147.2694755033834	1.7273265912802171	0.649552541576249
147.30018736341634	1.7276346441265857	0.649193303632039
147.33090562815977	1.7279426922026524	0.6488342463099389
147.36163029894922	1.7282507353926218	0.6484753695432637
147.39236137712072	1.7285587735808523	0.6481166732652253
147.42309886401048	1.7288668066518544	0.6477581574089372
147.4538427609549	1.729174834490292	0.6473998219074116
147.48459306929084	1.729482856980981	0.6470416666935623
147.51534979035526	1.7297908740088903	0.6466836917002039
147.54611292548555	1.7300988854591428	0.64632589686005
147.57688247601925	1.7304068912170125	0.6459682821057185
147.6076584432943	1.730714891167928	0.6456108473697273
147.63844082864884	1.7310228851974696	0.6452535925844972
147.66922963342125	1.7313308731913708	0.6448965176823519
147.70002485895037	1.731638855035519	0.6445396225955163
147.73082650657508	1.7319468306159536	0.6441829072561208
147.7616345776347	1.7322547998188669	0.6438263715961979
147.79244907346884	1.732562762530605	0.6434700155476845
147.8232699954173	1.7328707186376673	0.6431138390424215
147.85409734482008	1.7331786680267043	0.6427578420121559
147.88493112301774	1.7334866105845226	0.6424020243885369
147.9157713313508	1.7337945461980786	0.642046386103122
147.94661797116046	1.734102474754486	0.6416909270873713
147.97747104378772	1.734410396141007	0.6413356472726547
148.0083305505741	1.7347183102450598	0.6409805465902454
148.0391964928615	1.7350262169542152	0.6406256249713247
148.07006887199194	1.7353341161561975	0.640270882346981
148.1009476893078	1.7356420077388839	0.6399163186482084
148.1318329461516	1.7359498915903033	0.6395619338059128
148.16272464386645	1.7362577675986415	0.6392077277509027
148.19362278379538	1.7365656356522332	0.6388537004139003
148.22452736728195	1.7368734956395702	0.638499851725533
148.25543839566978	1.7371813474492936	0.6381461816163403
148.2863558703031	1.7374891909702024	0.6377926900167674
148.31727979252614	1.737797026091245	0.6374393768571728
148.34821016368343	1.7381048527015242	0.6370862420678244
148.37914698511986	1.7384126706902971	0.636733285578899
148.41009025818062	1.7387204799469729	0.6363805073204866
148.4410399842112	1.7390282803611148	0.6360279072225863
148.47199616455714	1.7393360718224382	0.635675485215111
148.50295880056464	1.739643854220814	0.6353232412278825
148.5339278935798	1.7398579374739656	0.6350053678856468
148.56490344494932	1.740055740673589	0.6346935609018304
148.59588545601994	1.7402535548918598	0.6343818707385597
148.62687392813885	1.7404513800677501	0.634070297373741
148.6578688626534	1.7406492161402767	0.6337588407852288
148.68887026091127	1.7408470630485016	0.6334475009508249
148.71987812426042	1.7410449207315317	0.6331362778482792
148.75089245404914	1.7412427891285196	0.6328251714552898
148.78191325162595	1.7414406681786627	0.6325141817495018
148.81294051833953	1.7416385578212028	0.6322033087085112
148.84397425553917	1.7418364579954293	0.6318925523098581
148.87501446457404	1.7420343686406736	0.6315819125310357
148.90606114679395	1.7422322896963165	0.6312713893494808
148.93711430354873	1.7424302211017801	0.6309609827425836
148.9681739361886	1.7426281627965348	0.6306506926876795
148.9992400460641	1.7428261147200952	0.6303405191620541
149.03031263452598	1.7430240768120222	0.6300304621429414
149.06139170292528	1.7432220490119212	0.6297205216075248
149.09247725261338	1.743420031259445	0.6294106975329359
149.12356928494188	1.7436180234942902	0.629100989896256
149.15466780126263	1.7438160256561996	0.6287913986745169
149.18577280292791	1.744014037684963	0.6284819238446969
149.2168842912901	1.7442120595204145	0.6281725653837265
149.24800226770205	1.7444100911024345	0.6278633232684833
149.2791267335167	1.7446081323709497	0.6275541974757967
149.31025769008738	1.744806183265932	0.6272451879824444
149.3413951387677	1.7450042437273998	0.626936294765155
149.37253908091154	1.7452023136954176	0.6266275178006053
149.40368951787306	1.7454003931100952	0.6263188570654239
149.43484645100662	1.7455984819115893	0.6260103125361891
149.46600988166713	1.7457965800401025	0.6257018841894278
149.49717981120938	1.7459946874358827	0.62539357200162
149.52835624098887	1.746192804039226	0.6250853759491928
149.55953917236096	1.7463909297904723	0.6247772960085272
149.5907286066817	1.74658906463001	0.6244693321559515
149.62192454530708	1.7467872084982718	0.6241614843677475
149.6531269895936	1.7469853613357385	0.6238537526201458
149.6843359408979	1.7471835230829367	0.6235461368893285
149.71555140057706	1.7473816936804385	0.6232386371514289
149.7467733699883	1.747579873068864	0.622931253382531
149.7780018504891	1.7477780611888785	0.6226239855586708
149.80923684343745	1.7479762579811953	0.6223168336558333
149.84047835019132	1.7481744633865726	0.622009797649958
149.87172637210924	1.7483726773458166	0.6217028775169327
149.9029809105498	1.7485708997997793	0.6213960732325993
149.93424196687192	1.7487691306893602	0.6210893847727498
149.96550954243503	1.7489673699555044	0.6207828121131284
149.99678363859852	1.7491656175392052	0.6204763552294309
150.02806425672222	1.7493638733815013	0.6201700140973052
150.05935139816629	1.7495621374234795	0.6198637886923513
150.09064506429115	1.7497672194316365	0.6195769110995287
150.1219452564573	1.7499738167129464	0.6192944309930557
150.15325197602593	1.7501804107185743	0.6190120623757408
150.18456522435798	1.7503870013976703	0.6187298052154007
150.2158850028153	1.7505935886994393	0.6184476594798142
150.24721131275948	1.7508001725731346	0.6181656251367323
150.27854415555265	1.751006752968063	0.6178837021538716
150.3098835325572	1.751213329833583	0.6176018904989157
150.34122944513575	1.7514199031191047	0.6173201901395162
150.37258189465135	1.75162647277409	0.6170386010432929
150.40394088246708	1.7518330387480514	0.6167571231778333
150.4353064099466	1.7520396009905557	0.6164757565106921
150.46667847845353	1.752246159451218	0.6161945010093939
150.49805708935213	1.7524527140797084	0.6159133566414284
150.52944224400662	1.7526592648257464	0.6156323233742568
150.56083394378174	1.7528658116391052	0.6153514011753055
150.59223219004238	1.7530723544696085	0.6150705900119716
150.6236369841537	1.7532788932671315	0.6147898898516199
150.65504832748132	1.7534854279816023	0.6145093006615833
150.68646622139096	1.7536919585630006	0.6142288224091634
150.7178906672487	1.7538984849613573	0.6139484550616311
150.74932166642088	1.7541050071267548	0.6136681985862265
150.7807592202742	1.7543115250093286	0.6133880529501563
150.81220333017546	1.7545180385592645	0.6131080181205998
150.84365399749205	1.754724547726802	0.6128280940647013
150.87511122359135	1.7549310524622304	0.6125482807495779
150.90657500984113	1.7551375527158917	0.612268578142314
150.93804535760947	1.7553440484381804	0.6119889862099633
150.96952226826477	1.7555505395795412	0.61170950491955
151.00100574317563	1.755757026090472	0.6114301342380669
151.03249578371097	1.7559635079215226	0.6111508741324769
151.06399239124008	1.7561699850232935	0.6108717245697116
151.09549556713228	1.7563764573464375	0.6105926855166748
151.12700531275752	1.75658292484166	0.6103137569402368
151.1585216294857	1.756789387459717	0.610034938807241
151.19004451868736	1.7569958451514176	0.6097562310844985
151.221573981733	1.7572022978676214	0.6094776337387922
151.25311001999358	1.7574087455592413	0.6091991467368741
151.28465263484034	1.7576151881772408	0.6089207700454672
151.31620182764476	1.757821625672636	0.6086425036312645
151.34775759977853	1.7580280579964942	0.6083643474609298
151.37931995261386	1.7582344850999354	0.6080863015010971
151.41088888752302	1.758440906934131	0.6078083657183709
151.4424644058786	1.7586473234503035	0.6075305400793282
151.47404650905366	1.758853734599729	0.6072528245505134
151.5056351984213	1.7590601403337336	0.6069752190984459
151.53723047535507	1.7592665406036971	0.6066977236896123
151.56883234122873	1.7594729353610494	0.6064203382904731
151.60044079741635	1.759679324557273	0.6061430628674589
151.6320558452923	1.7598857081439028	0.6058658973869713
151.66367748623125	1.7600920860725244	0.6055888418153835
151.69530572160807	1.7602984582947763	0.6053118961190406
151.726940552798	1.760504824762348	0.6050350602642588
151.7585819811766	1.7607111854269826	0.6047583342173249
151.7902300081195	1.7609175402404715	0.6044817179445007
151.82188463500296	1.7611238891546626	0.6042052114120147
151.85354586320327	1.7613302321214512	0.6039288145860723
151.8852136940971	1.7615365690927882	0.6036525274328473
151.9168881290613	1.7617429000206737	0.603376349918488
151.94856916947322	1.7619492248571607	0.603100282009113
151.98025681671032	1.762155543554354	0.6028243236708137
152.0119510721504	1.7623618560644103	0.6025484748696548
152.04365193717155	1.7625681623395384	0.6022727355716714
152.07535941315206	1.7627744623319976	0.6019971057428737
152.1070735014708	1.762980755994101	0.6017215853492411
152.13879420350648	1.7631870432782122	0.601446174356729
152.17052152063854	1.7633933241367472	0.6011708727312629
152.20225545424637	1.7635995985221735	0.6008956804387431
152.23399600570986	1.7638058663870102	0.6006205974450417
152.26574317640902	1.764012127683829	0.600345623716004
152.29749696772433	1.7642183823652529	0.6000707592174481
152.32925738103643	1.7644246303839575	0.5997960039151657
152.36102441772633	1.7646308716926684	0.5995213577749217
152.3927980791752	1.7648371062441655	0.5992468207624536
152.42457836676456	1.7650433339912777	0.5989723928434741
152.4563652818764	1.7652495548868887	0.5986980739836668
152.4881588258926	1.7654557688839312	0.598423864148692
152.51995900019585	1.7656619759353926	0.5981497633041795
152.55176580616865	1.765868175994309	0.5978757714157373
152.58357924519396	1.7660743690137708	0.5976018884489441
152.61539931865516	1.7662805549469187	0.5973281143693543
152.64722602793574	1.7664867337469459	0.5970544491424952
152.67905937441955	1.7666929053670974	0.5967808927338684
152.71089935949072	1.7668990697606695	0.5965074451089503
152.74274598453377	1.767105226881011	0.5962341062331901
152.77459925093325	1.7673113766815212	0.5959608760720136
152.80645916007435	1.7675175191156527	0.5956877545908188
152.83832571334216	1.7677236541369086	0.5954147417549798
152.87019891212245	1.7679297816988448	0.5951418375298437
152.90207875780092	1.7681359017550682	0.5948690418807342
152.93396525176382	1.7683420142592379	0.5945963547729478
152.9658583953976	1.7685481191650643	0.5943237761717572
152.99775819008897	1.76875421642631	0.5940513060424093
153.02966463722493	1.7689603059967889	0.5937789443501265
153.06157773819282	1.7691663878303665	0.593506691060106
153.09349749438033	1.7693724618809614	0.5932345461375194
153.12542390717513	1.7695785281025413	0.5929625095475158
153.15735697796566	1.7697845864491288	0.5926905812552166
153.18929670814015	1.7699906368747953	0.5924187612257215
153.22124309908762	1.7701966793336656	0.592147049424103
153.2531961521969	1.770402713779916	0.5918754458154114
153.28515586885737	1.7706087401677737	0.5916039503646717
153.31712225045877	1.7708147584515186	0.5913325630368844
153.34909529839092	1.771000864807089	0.5910679265678136
153.3810750140441	1.7711297679643934	0.5908224694447528
153.41306139880865	1.7712586771248722	0.5905770882514949
153.44505445407563	1.77138759226033	0.5903317829745538
153.47705418123584	1.771516513342587	0.5900865536004294
153.5090605816809	1.7716454403434825	0.5898414001156013
153.54107365680227	1.7717743732348725	0.5895963225065345
153.573093407992	1.771903311988632	0.5893513207596747
153.6051198366423	1.7720322565766526	0.5891063948614516
153.63715294414567	1.7721612069708441	0.5888615447982775
153.66919273189504	1.7722901631431343	0.5886167705565469
153.7012392012834	1.7724191250654682	0.5883720721226385
153.73329235370426	1.7725480927098094	0.5881274494829126
153.76535219055114	1.772677066048138	0.5878829026237141
153.79741871321826	1.7728060450524534	0.5876384315313683
153.82949192309965	1.7729350296947723	0.5873940361921862
153.8615718215901	1.7730640199471286	0.58714971659246
153.89365841008433	1.7731930157815745	0.5869054727184659
153.9257516899775	1.7733220171701805	0.5866613045564628
153.9578516626651	1.7734510240850336	0.5864172120926932
153.98995832954276	1.7735800364982404	0.586173195313382
154.0220716920066	1.7737090543819245	0.5859292542047376
154.05419175145286	1.7738391477939428	0.585688629663766
154.08631850927824	1.7739759737996976	0.585468467663971
154.11845196687952	1.774112796495882	0.5852483771972572
154.15059212565396	1.7742496158598398	0.5850283582457078
154.18273898699894	1.7743864318689333	0.5848084107913983
154.21489255231236	1.7745232445005452	0.5845885348163923
154.2470528229922	1.7746600537320771	0.5843687303027457
154.2792198004368	1.7747968595409502	0.5841489972325036
154.31139348604486	1.7749336619046048	0.5839293355877015
154.34357388121526	1.7750704608005006	0.5837097453503663
154.37576098734723	1.7752072562061172	0.583490226502514
154.40795480584032	1.775344048098953	0.5832707790261523
154.4401553380943	1.7754808364565267	0.5830514029032781
154.47236258550925	1.775617621256375	0.5828320981158802
154.50457654948568	1.7757544024760554	0.5826128646459362
154.5367972314241	1.7758911800931434	0.5823937024754166
154.5690246327257	1.776027954085236	0.5821746115862794
154.6012587547915	1.7761647244299466	0.5819555919604764
154.63349959902328	1.7763014911049104	0.581736643579948
154.6657471668228	1.7764382540877819	0.5815177664266257
154.69800145959218	1.776575013356233	0.581298960482432
154.73026247873395	1.7767117688879577	0.5810802257292793
154.76253022565072	1.7768485206606666	0.5808615621490723
154.7948047017456	1.7769852686520922	0.5806429697237044
154.82708590842182	1.7771220128399845	0.5804244484350617
154.8593738470831	1.777258753202114	0.5802059982650194
154.8916685191333	1.7773954897162707	0.5799876191954445
154.9239699259766	1.7775322223602623	0.5797693112081952
154.9562780690175	1.7776689511119184	0.5795510742851192
154.98859294966073	1.7778056759490857	0.5793329084080565
155.02091456931137	1.7779423968496315	0.5791148135588373
155.05324292937487	1.7780791137914425	0.5788967897192826
155.0855780312569	1.7782158267524244	0.5786788368712046
155.11791987636323	1.778352535710502	0.5784609549964072
155.15026846610033	1.7784892406436204	0.5782431440766833
155.18262380187448	1.7786259415297427	0.5780254040938195
155.21498588509277	1.778762638346853	0.5778077350295912
155.24735471716224	1.7788993310729537	0.577590136865766
155.27973029949024	1.7790360196860664	0.5773726095841026
155.3121126334845	1.7791727041642331	0.5771551531663506
155.3445017205531	1.779309384485514	0.5769377675942503
155.37689756210426	1.7794460606279894	0.5767204528495341
155.40930015954663	1.7795827325697584	0.5765032089139248
155.44170951428907	1.7797194002889405	0.5762860357691367
155.47412562774076	1.779856063763673	0.5760689333968763
155.5065485013112	1.7799927229721144	0.5758519017788389
155.53897813641004	1.7801293778924403	0.5756349408967143
155.57141453444757	1.780266028502848	0.5754180507321807
155.60385769683393	1.7804026747815525	0.5752012312669097
155.63630762497985	1.7805393167067887	0.5749844824825633
155.6687643202963	1.780675954256811	0.5747678043607948
155.7012277841945	1.7808125874098928	0.5745511968832494
155.73369801808602	1.7809492161443274	0.5743346600315631
155.76617502338254	1.7810858404384262	0.574118193787365
155.79865880149634	1.7812224602705218	0.573901798132273
155.83114935383978	1.7813590756189641	0.5736854730478992
155.86364668182563	1.7814956864621243	0.5734692185158448
155.89615078686674	1.7816322927783912	0.5732530345177048
155.92866167037664	1.7817688945461745	0.5730369210350639
155.9611793337687	1.7819054917439014	0.5728208780495
155.9937037784569	1.7820420843500202	0.5726049055425813
156.02623500585548	1.7821786723429973	0.5723890034958684
156.05877301737888	1.7823152557013195	0.5721731718909131
156.09131781444188	1.7824518344034916	0.5719574107092595
156.12386939845945	1.7825884084280386	0.5717417199324434
156.1564277708471	1.7827249777535048	0.5715260995419911
156.18899293302036	1.7828615423584533	0.5713105495194226
156.22156488639536	1.7829981022214674	0.5710950698462475
156.25414363238818	1.7831346573211484	0.5708796605039692
156.28672917241542	1.783271207636118	0.5706643214740821
156.31932150789396	1.7834077531450165	0.5704490527380722
156.35192064024088	1.7835442938265045	0.5702338542774177
156.3845265708737	1.7836808296592603	0.5700187260735889
156.41713930121003	1.7838173606219832	0.5698036681080473
156.44975883266798	1.7839538866933906	0.5695886803622469
156.48238516666575	1.7840904078522195	0.5693737628176343
156.51501830462217	1.7842269240772264	0.5691589154556463
156.54765824795592	1.7843634353471867	0.568944138257714
156.5803049980864	1.7844999416408955	0.5687294312052581
156.61295855643297	1.7846364429371673	0.5685147942796933
156.64561892441552	1.7847729392148346	0.5683002274624258
156.67828610345407	1.7849094304527509	0.5680857307348537
156.71096009496907	1.785045916629788	0.5678713040783672
156.74364090038117	1.7851823977248371	0.5676569474743487
156.77632852111134	1.7853188737168086	0.5674426609041732
156.80902295858098	1.7854553445846326	0.5672284443492068
156.84172421421147	1.7855918103072574	0.5670142977908101
156.87443228942485	1.7857282708636522	0.5668002212103329
156.9071471856431	1.7858647262328033	0.5665862145891201
156.939868904289	1.786001176393719	0.5663722779085063
156.97259744678502	1.7861376213254239	0.5661584111498207
157.0053328145543	1.7862740610069636	0.5659446142943837
157.03807500902025	1.7864104954174032	0.5657308873235078
157.0708240316065	1.7865469245358254	0.565517230218499
157.103579883737	1.786683348341334	0.5653036429606543
157.1363425668359	1.7868197668130505	0.5650901255312645
157.16911208232796	1.7869561799301168	0.5648766779116113
157.20188843163777	1.787092587671693	0.564663300082971
157.23467161619067	1.7872289900169591	0.5644499920266101
157.2674616374119	1.787365386945114	0.5642367537237893
157.3002584967274	1.7875017784353764	0.5640235851557609
157.3330621955631	1.7876381644669832	0.5638104863037705
157.3658727353453	1.7877745450191915	0.5635974571490553
157.39869011750065	1.7879109200712766	0.5633844976728462
157.43151434345606	1.7880472896025337	0.563171607856366
157.4643454146388	1.7881836535922775	0.5629587876808302
157.4971833324763	1.7883200120198406	0.5627460371274479
157.53002809839654	1.7884563648645764	0.5625333561774191
157.56287971382739	1.7885927121058558	0.5623207448119388
157.5957381801975	1.7887290537230707	0.5621082030121922
157.62860349893538	1.7888653896956306	0.5618957307593597
157.66147567147016	1.789001720002965	0.5616833280346127
157.69435469923107	1.7891380446245224	0.5614709948191166
157.72724058364776	1.7892743635397703	0.5612587310940288
157.76013332615014	1.7894106767281956	0.5610465368405
157.79303292816832	1.7895469841693044	0.5608344120396737
157.82593939113298	1.7896832858426215	0.5606223566726858
157.85885271647467	1.7898195817276914	0.5604103707206665
157.8917729056247	1.7899558718040771	0.5601984541647372
157.9246999600143	1.7900921560513614	0.5599866069860139
157.9576338810753	1.7902284344491464	0.5597748291656038
157.99057467023965	1.7903647069770523	0.5595631206846089
158.02352232893952	1.7905009736147195	0.5593514815241233
158.05647685860762	1.7906372343418064	0.5591399116652342
158.08943826067684	1.790773489137992	0.5589284110890219
158.12240653658026	1.7909097379829733	0.55871697977656
158.15538168775146	1.7910459808564665	0.558505617708915
158.1883637156242	1.7911822177382073	0.5582943248671466
158.22135262163252	1.791311438118848	0.5580605987644099
158.2543484072109	1.7914404975912823	0.557826423191542
158.28735107379381	1.7915695591490448	0.5575923211481788
158.3203606228165	1.791698622766785	0.5573582926187021
158.35337705571405	1.7918276884191693	0.5571243375874824
158.38640037392213	1.7919567560808844	0.5568904560388755
158.41943057887656	1.7920858257266346	0.5566566479572249
158.45246767201354	1.7922148973311423	0.5564229133268607
158.4855116547696	1.79234397086915	0.556189252132099
158.51856252858138	1.792473046315417	0.5559556643572447
158.55162029488608	1.792602123644723	0.5557221499865873
158.58468495512096	1.7927312028318643	0.5554887090044053
158.61775651072384	1.7928602838516574	0.555255341394962
158.6508349631326	1.792989366678937	0.5550220471425095
158.68392031378553	1.7931184512885554	0.5547888262312863
158.71701256412118	1.793247537655385	0.5545556786455175
158.75011171557847	1.7933766257543158	0.5543226043694158
158.78321776959655	1.7935057155602567	0.5540896033871805
158.81633072761485	1.793634807048135	0.5538566756829988
158.84945059107326	1.7937639001928973	0.5536238212410433
158.88257736141168	1.7938929949695077	0.5533910400454763
158.91571104007068	1.7940220913529499	0.5531583320804448
158.9488516284907	1.7941511893182258	0.552925697330085
158.981999128113	1.7942802888403562	0.5526931357785183
159.01515354037858	1.7944093898943798	0.5524606474098553
159.0483148667292	1.7945384924553547	0.5522282322081928
159.0814831086067	1.7946675964983576	0.551995890157615
159.11465826745322	1.7947967019984832	0.5517636212421937
159.14784034471126	1.7949258089308455	0.5515314254459878
159.18102934182357	1.7950333112807388	0.5513059384890259
159.21422526023332	1.7951029246203007	0.5510921502499728
159.24742810138372	1.7951725488896257	0.5508784153529207
159.28063786671865	1.795242184072521	0.5506647337921692
159.3138545576819	1.7953118301528	0.5504511055620109
159.34707817571797	1.7953814871142815	0.5502375306567283
159.38030872227125	1.795451154940791	0.5500240090705962
159.41354619878675	1.795520833616159	0.5498105407978798
159.44679060670956	1.7955905231242226	0.5495971258328359
159.4800419474852	1.7956602234488241	0.5493837641697124
159.51330022255954	1.7957299345738125	0.5491704558027481
159.54656543337862	1.7957996564830419	0.5489572007261736
159.57983758138883	1.7958693891603725	0.5487439989342103
159.61311666803678	1.7959391325896708	0.5485308504210717
159.64640269476965	1.7960088867548087	0.5483177551809609
159.67969566303455	1.7960786516396645	0.5481047132080744
159.7129955742792	1.7961484272281218	0.547891724496598
159.7463024299515	1.7962182135040712	0.5476787890407097
159.77961623149957	1.7962880104514076	0.5474659068345793
159.812936980372	1.7963578180540336	0.5472530778723668
159.84626467801758	1.7964276362958564	0.5470403021482243
159.87959932588544	1.7964974651607903	0.5468275796562945
159.9129409254249	1.7965673046327542	0.546614910390713
159.9462894780858	1.796637154695674	0.5464022943456042
159.979644985318	1.7967070153334812	0.5461897315150865
160.01300744857198	1.7967768865301137	0.5459772218932675
160.0463768692983	1.7968467682695148	0.5457647654742476
160.07975324894784	1.7969166605356341	0.5455523622521178
160.1131365889719	1.796986563312427	0.5453400122209606
160.14652689082195	1.7970564765838548	0.5451277153748506
160.1799241559499	1.7971264003338854	0.5449154717078524
160.2133283858078	1.797196334546492	0.5447032812140232
160.24673958184815	1.7972662792056546	0.5444911438874109
160.2801577455236	1.7973362342953585	0.5442790597220558
160.31358287828735	1.7974061997995954	0.544067028711988
160.34701498159257	1.7974761757023625	0.5438550508512308
160.38045405689311	1.7975461619876643	0.5436431261337971
160.4139001056427	1.7976161586395099	0.5434312545536931
160.44735312929575	1.7976861656419152	0.5432194361049155
160.4808131293068	1.7977561829789022	0.5430076707814523
160.51428010713067	1.7978262106344984	0.5427959585772832
160.54775406422252	1.797896248592738	0.5425842994863799
160.58123500203786	1.7979662968376615	0.5423726935027045
160.6147229220325	1.7980363553533145	0.542161140620211
160.64821782566239	1.7981064241237492	0.5419496408328464
160.68171971438403	1.7981765031330241	0.5417381941345466
160.71522858965403	1.7982465923652033	0.5415268005192413
160.74874445292946	1.7983166918043578	0.5413154599808496
160.78226730566755	1.7983868014345639	0.5411041725132846
160.81579714932587	1.7984569212399042	0.5408929381104488
160.84933398536236	1.7985270512044678	0.5406817567662375
160.88287781523528	1.7985971913123497	0.5404706284745371
160.916428640403	1.7986673415476506	0.5402595532292257
160.9499864623245	1.7987375018944782	0.5400485310241728
160.98355128245876	1.7988076723369457	0.5398375618532393
161.01712310226523	1.7988778528591727	0.5396266457102789
161.05070192320372	1.7989480434452845	0.5394157825891353
161.08428774673413	1.7990182440794134	0.5392049724836449
161.11788057431693	1.7990884547456973	0.5389942153876348
161.1514804074126	1.7991586754282805	0.538783511294925
161.18508724748222	1.799228906111313	0.5385728601993259
161.21870109598697	1.7992991467789514	0.5383622620946403
161.2523219543884	1.7993693974153588	0.5381517169746625
161.28594982414847	1.7994396580047038	0.5379412248331777
161.3195847067292	1.7995099285311615	0.5377307856639646
161.35322660359313	1.7995802089789132	0.5375203994607916
161.38687551620296	1.7996504993321467	0.5373100662174198
161.42053144602195	1.7997207995750557	0.5370997859276017
161.45419439451328	1.7997911096918395	0.5368895585850818
161.48786436314072	1.799861429666705	0.5366793841835963
161.52154135336826	1.7999317594838644	0.5364692627168723
161.5552253666602	1.800002099127536	0.53625919417863
161.58891640448115	1.8000724485819455	0.5360491785625803
161.622614468296	1.8001428078313233	0.5358392158624259
161.65631955957	1.800213176859907	0.5356293060718618
161.6900316797686	1.80028355565194	0.5354194491845746
161.72375083035772	1.8003539441916727	0.5352096451942421
161.75747701280338	1.800424342463361	0.5349998940945349
161.79121022857214	1.8004947504512672	0.5347901958791141
161.82495047913062	1.8005651681396606	0.5345805505416339
161.85869776594595	1.8006355955128153	0.5343709580757394
161.89245209048548	1.800706032555013	0.534161418475068
161.92621345421682	1.8007764792505414	0.5339519317332486
161.95998185860805	1.8008469355836945	0.5337424978439019
161.99375730512728	1.800917401538772	0.533533116800641
162.0275397952432	1.8009878771000807	0.5333237885970699
162.06132933042463	1.8010583622519336	0.5331145132267856
162.0951259121409	1.8011288569786492	0.5329052906833759
162.12892954186128	1.8011993612645536	0.5326961209604213
162.16274022105577	1.8012698750939782	0.5324870040514933
162.19655795119442	1.8013403984512613	0.5322779399501562
162.23038273374763	1.8014109313207471	0.5320689286499656
162.2642145701861	1.8014814736867868	0.5318599701444693
162.2980534619809	1.8015520255337372	0.5316510644272069
162.33189941060346	1.8016225868459619	0.5314422114917096
162.3657524175252	1.8016931576078308	0.5312334113315014
162.3996124842183	1.8017637378037201	0.5310246639400971
162.4334796121548	1.8018343274180122	0.5308159693110048
162.46735380280745	1.8019049264350966	0.5306073274377227
162.501235057649	1.801975534839368	0.530398738313743
162.5351233781528	1.8020461526152287	0.5301902019325482
162.56901876579212	1.8021167797470865	0.529981718287614
162.6029212220409	1.8021874162193559	0.5297732873724074
162.6368307483732	1.8022626385054605	0.5295804840480598
162.67074734626337	1.8023449749174123	0.5294119348449665
162.70467101718626	1.8024273093679881	0.5292434317134425
162.73860176261672	1.802509641847266	0.5290749746432623
162.77253958403026	1.802591972345331	0.5289065636241967
162.80648448290233	1.8026743008522754	0.5287381986460166
162.8404364607091	1.8027566273581994	0.5285698796984877
162.87439551892666	1.8028389518532095	0.5284016067713753
162.9083616590316	1.8029212743274197	0.528233379854442
162.9423348825008	1.8030035947709522	0.5280651989374474
162.9763151908115	1.8030859131739352	0.5278970640101495
163.0103025854411	1.8031682295265048	0.5277289750623037
163.04429706786743	1.8032505438188045	0.5275609320836627
163.07829863956863	1.8033328560409845	0.5273929350639777
163.112307302023	1.8034151661832027	0.5272249839929972
163.14632305670943	1.8034974742356242	0.5270570788604669
163.18034590510675	1.8035797801884212	0.5268892196561316
163.21437584869446	1.8036620840317739	0.5267214063697317
163.24841288895212	1.8037443857558682	0.5265536389910075
163.2824570273597	1.8038266853508984	0.526385917509696
163.31650826539746	1.8039089828070665	0.5262182419155315
163.35056660454597	1.8039912781145802	0.5260506121982469
163.38463204628616	1.8040735712636555	0.5258830283475726
163.41870459209912	1.804155862244516	0.5257154903532364
163.45278424346645	1.804238151047392	0.525547998204964
163.48687100186984	1.80432043766252	0.5253805518924798
163.52096486879157	1.8044027220801462	0.5252131514055041
163.55506584571387	1.8044850042905214	0.5250457967337571
163.58917393411966	1.8045672842839062	0.5248784878669545
163.62328913549177	1.8046495620505663	0.5247112247948121
163.6574114513138	1.8047318375807755	0.5245440075070421
163.6915408830692	1.8048141108648152	0.5243768359933549
163.72567743224207	1.8048963818929733	0.5242097102434585
163.75982110031666	1.8049786506555456	0.5240426302470589
163.79397188877746	1.8050609171428347	0.5238755959938601
163.82812979910955	1.8051431813451504	0.5237086074735634
163.86229483279794	1.80522544325281	0.5235416646758689
163.89646699132834	1.8053077028561384	0.5233747675904731
163.93064627618642	1.8053899601454664	0.5232079162070719
163.96483268885845	1.8054722151111335	0.5230411105153577
163.9990262308308	1.8055544677434856	0.5228743505050218
164.03322690359022	1.8056367180328763	0.522707636165753
164.06743470862378	1.8057189659696657	0.5225409674872378
164.10164964741892	1.8058012115442221	0.5223743444591605
164.13587172146333	1.8058834547469202	0.5222077670712038
164.17010093224485	1.8059656955681422	0.5220412353130482
164.204337281252	1.8060479339982776	0.5218747491743715
164.23858076997325	1.806130170027723	0.5217083086448502
164.27283139989763	1.8062124036468827	0.5215419137141576
164.3070891725143	1.8062946348461673	0.5213755643719665
164.34135408931286	1.8063768636159954	0.5212092606079464
164.37562615178314	1.8064590899467925	0.5210430024117652
164.40990536141535	1.806541313828991	0.5208767897730885
164.44419171969994	1.8066235352530315	0.5207106226815799
164.4784852281277	1.8067057542093603	0.5205445011269015
164.51278588818982	1.8067879706884324	0.5203784250987122
164.54709370137755	1.8068701846807091	0.5202123945866706
164.58140866918282	1.8069523961766594	0.5200464095804311
164.61573079309744	1.8070346051667592	0.5198804700696481
164.65006007461395	1.8071168116414915	0.5197145760439723
164.68439651522493	1.8071990155913464	0.5195487274930539
164.71874011642333	1.8072812170068224	0.5193829244065399
164.7530908797025	1.8073634158784235	0.5192171667740759
164.78744880655597	1.8074456121966618	0.5190514545853054
164.8218138984777	1.8075278059520563	0.51888578782987
164.85618615696185	1.8076099971351338	0.518720166497409
164.89056558350302	1.8076921857364276	0.5185545905775599
164.92495217959592	1.807774371746478	0.5183890600599589
164.9593459467359	1.807856555155834	0.5182235749342385
164.99374688641825	1.8079387359550494	0.5180581351900314
165.02815500013887	1.8080209141346877	0.5178927408169663
165.06257028939373	1.8081030896853174	0.517727391804672
165.0969927556793	1.8081852625975157	0.5175620881427735
165.13142240049228	1.8082674328618662	0.5173968298208951
165.1658592253297	1.8083496004689599	0.5172316168286586
165.20030323168893	1.808431765409395	0.5170664491556839
165.23475442106752	1.8085139276737772	0.5169013267915895
165.26921279496352	1.8085960872527187	0.5167362497259912
165.3036783548751	1.808678244136839	0.5165712179485038
165.33815110230103	1.8087603983167653	0.516406231448739
165.37263103874005	1.8088425497831317	0.5162412902163078
165.40711816569137	1.8089246985265794	0.5160763942408189
165.44161248465463	1.8090068445377567	0.5159115435118787
165.47611399712952	1.8090889878073189	0.5157467380190925
165.51062270461634	1.8091711283259293	0.515581977752063
165.54513860861542	1.809253266084257	0.5154172627003917
165.57966171062765	1.80933540107298	0.5152525928536772
165.61419201215398	1.8094175332827815	0.5150879682015181
165.64872951469596	1.8094996627043538	0.514923388733509
165.6832742197552	1.8095817893283945	0.5147588544392442
165.71782612883376	1.8096639131456103	0.5145943653083151
165.752385243434	1.8097460341467129	0.5144299213303127
165.78695156505856	1.809828152322423	0.5142655224948247
165.82152509521035	1.8099102676634673	0.5141011687914376
165.85610583539273	1.8099923801605804	0.5139368602097365
165.89069378710923	1.8100744898045036	0.513772596739304
165.92528895186382	1.8101565965859852	0.5136083783697212
165.95989133116072	1.8102387004957814	0.5134442050905673
165.9945009265044	1.8103208015246546	0.5132800768914203
166.02911773939974	1.810402899663375	0.5131159937618555
166.0637417713519	1.8104849949027197	0.512951955691447
166.0983730238664	1.810567087233473	0.512787962669767
166.13301149844898	1.8106491766464259	0.5126240146863863
166.16765719660572	1.8107312631323775	0.5124601117308731
166.20231011984313	1.8107799424408046	0.5123057043435173
166.23697026966784	1.8107871578368335	0.5121630619633136
166.27163764758697	1.810794382400681	0.5120204474425538
166.30631225510783	1.810801616126944	0.5118778607784851
166.34099409373817	1.8108088590102218	0.5117353019683539
166.37568316498584	1.8108161110451144	0.511592771009405
166.41037947035932	1.8108233722262226	0.5114502678988812
166.44508301136707	1.8108306425481497	0.5113077926340237
166.47979378951814	1.8108379220054989	0.5111653452120725
166.5145118063217	1.810845210592875	0.5110229256302661
166.5492370632874	1.810852508304884	0.5108805338858409
166.58396956192502	1.8108598151361337	0.5107381699760322
166.6187093037448	1.8108671310812328	0.5105958338980735
166.65345629025728	1.810874456134791	0.5104535256491968
166.68821052297312	1.810881790291419	0.5103112452266328
166.72297200340373	1.8108891335457293	0.51016899262761
166.7577407330603	1.810896485892336	0.510026767849356
166.79251671345477	1.810903847325853	0.5098845708890962
166.82729994609915	1.810911217840897	0.5097424017440553
166.86209043250585	1.810918597432085	0.5096002604114557
166.89688817418758	1.8109259860940352	0.5094581468885182
166.93169317265736	1.8109333838213677	0.5093160611724626
166.9665054294286	1.8109407906087032	0.5091740032605071
167.00132494601485	1.8109482064506641	0.5090319731498676
167.03615172393023	1.810955631341874	0.5088899708377589
167.07098576468886	1.810963065276957	0.5087479963213951
167.10582706980546	1.8109705082505394	0.508606049597987
167.14067564079485	1.8109779602572484	0.5084641306647455
167.1755314791725	1.8109854212917122	0.5083222395188787
167.2103945864537	1.8109928913485605	0.508180376157594
167.2452649641545	1.8110003704224245	0.5080385405780968
167.28014261379096	1.8110078585079357	0.5078967327775913
167.31502753687965	1.8110153555997281	0.5077549527532796
167.3499197349374	1.811022861692436	0.5076132005023629
167.38481920948132	1.8110303767806955	0.5074714760220403
167.41972596202896	1.8110379008591433	0.5073297793095097
167.45463999409785	1.8110454339224182	0.5071881103619678
167.48956130720632	1.8110529759651597	0.5070464691766083
167.52448990287263	1.8110605269820086	0.5069048557506256
167.55942578261556	1.8110680869676072	0.5067632700812102
167.59436894795414	1.8110756559165986	0.5066217121655532
167.6293194004077	1.8110832338236276	0.5064801820008424
167.66427714149594	1.8110908206833398	0.5063386795842655
167.69924217273882	1.811098416490383	0.5061972049130073
167.73421449565663	1.811106021239405	0.5060557579842523
167.76919411177005	1.8111136349250556	0.5059143387951827
167.80418102259995	1.811121257541986	0.5057729473429791
167.8391752296676	1.8111288890848476	0.5056315836248215
167.87417673449465	1.8111365295482946	0.505490247637887
167.90918553860283	1.8111441789269813	0.5053489393793527
167.9442016435145	1.811151837215564	0.5052076588463925
167.97922505075212	1.8111595044086997	0.5050664060361802
168.0142557618385	1.8111671805010465	0.5049251809458875
168.04929377829686	1.8111748654872646	0.5047839835726844
168.08433910165064	1.8111825593620148	0.5046428139137396
168.1193917334237	1.8111902621199594	0.50450167196622
168.15445167513997	1.811197973755762	0.5043605577272919
168.18951892832413	1.811205694264087	0.5042194711941187
168.22459349450068	1.811213423639601	0.5040784123638635
168.25967537519492	1.8112211618769711	0.5039373812336866
168.29476457193206	1.8112289089708655	0.5037963778007483
168.3298610862379	1.8112366649159546	0.5036554020622063
168.3649649196384	1.8112444297069092	0.503514454015217
168.4000760736599	1.811252203338402	0.5033735336569355
168.43519454982908	1.8112599858051064	0.5032326409845154
168.47032034967293	1.8112677771016974	0.5030917759951082
168.50545347471876	1.811275577222851	0.5029509386858646
168.54059392649404	1.8112833861632451	0.502810129053934
168.5757417065269	1.8112912039175584	0.5026693470964627
168.61089681634544	1.8112990304804704	0.5025285928105979
168.64605925747833	1.811306865846663	0.502387866193483
168.6812290314544	1.8113147100108185	0.5022471672422613
168.71640613980284	1.8113225629676206	0.5021064959540741
168.75159058405322	1.8113304247117548	0.5019658523260613
168.78678236573535	1.8113382952379073	0.5018252363553614
168.8219814863794	1.8113461745407657	0.5016846480391108
168.85718794751588	1.811354062615019	0.5015440873744456
168.8924017506756	1.811361959455358	0.5014035543584987
168.92762289738954	1.8113698650564736	0.5012630489884036
168.96285138918935	1.8113777794130586	0.50112257126129
168.9980872276066	1.8113857025198072	0.5009821211742883
169.03333041417352	1.8113936343714152	0.5008416987245256
169.0685809504224	1.8114015749625787	0.5007013039091286
169.103838837886	1.811409524287996	0.5005609367252221
169.13910407809735	1.811417482342366	0.5004205971699294
169.17437667258977	1.8114254491203896	0.5002802852403725
169.20965662289706	1.8114334246167685	0.5001400009336716
169.24494393055306	1.8114414088262054	0.49999974424694615
169.2802385970922	1.8114494017434055	0.49985951517731264
169.315540624049	1.8114574033630735	0.499719313721888
169.35085001295857	1.811465413679917	0.4995791398777856
169.38616676535602	1.8114734326886441	0.49943899364211947
169.42149088277714	1.8114814603839644	0.499298875012
169.45682236675765	1.8114894967605886	0.49915878398453795
169.49216121883387	1.811497541813229	0.4990187205568414
169.52750744054237	1.8115055955365988	0.49887868472601765
169.56286103342003	1.8115136579254127	0.4987386764891719
169.59822199900407	1.8115217289743872	0.4985986958434081
169.63359033883185	1.811529808678239	0.49845874278582947
169.66896605444146	1.8115378970316873	0.49831881731353606
169.70434914737083	1.8115459940294512	0.49817891942362863
169.7397396191586	1.8115540996662527	0.49803904911320424
169.7751374713435	1.811562213936814	0.4978992063793602
169.81054270546466	1.8115703368358584	0.49775939121919144
169.8459553230615	1.811578468358112	0.49761960362979163
169.88137532567387	1.8115866084983006	0.497479843608253
169.91680271484177	1.8115947572511517	0.4973401111516663
169.95223749210558	1.8116029146113948	0.4972004062571209
169.9876796590062	1.81161108057376	0.4970607289217042
170.02312921708437	1.8116192551329786	0.4969210791425034
170.05858616788183	1.8116274382837838	0.4967814569166024
170.09405051294002	1.8116356300209102	0.4966418622410852
170.12952225380104	1.8116438303390927	0.4965022951130334
170.16500139200724	1.8116520392330684	0.49636275552952763
170.2004879291012	1.8116602566975755	0.4962232434876469
170.23598186662593	1.811668482727353	0.4960837589844688
170.27148320612483	1.8116767173171424	0.4959443020170692
170.30699194914135	1.8116849604616854	0.49580487258252287
170.34250809721954	1.8116932121557252	0.4956654706779029
170.3780316519037	1.8117014723940066	0.49552609630028094
170.41356261473828	1.8117097411712757	0.4953867494467275
170.44910098726834	1.8117180184822796	0.4952474301143109
170.484646771039	1.8117263043217673	0.4951081383000991
170.52019996759594	1.8117345986844886	0.494968874001157
170.5557605784849	1.8117429015651945	0.49482963721455003
170.59132860525213	1.8117512129586377	0.49469042793734064
170.62690404944416	1.8117595328595721	0.4945512461665903
170.66248691260787	1.811767861262753	0.49441209189935914
170.6980771962904	1.8117761981629368	0.4942729651327058
170.73367490203916	1.8117845435548812	0.4941338658636878
170.7692800314021	1.8117928974333457	0.4939947940893601
170.80489258592718	1.8118012597930904	0.49385574980677766
170.8405125671631	1.8118096306288773	0.49371673301299257
170.87613997665838	1.8118180099354695	0.4935777437050572
170.91177481596236	1.8118263977076314	0.49343878188002044
170.94741708662428	1.811834793940129	0.49329984753493133
170.983066790194	1.8118431986277288	0.4931609406668369
171.0187239282215	1.8118516117651997	0.49302206127278264
171.05438850225732	1.8118600333473112	0.4928832093498128
171.09006051385208	1.8118684633688344	0.4927443848949698
171.12573996455674	1.8118769018245415	0.49260558790529557
171.16142685592285	1.8118853487092066	0.49246681837782935
171.19712118950196	1.8118938040176042	0.49232807630961006
171.23282296684621	1.8119022677445114	0.49218936169767397
171.2685321895078	1.8119107398847052	0.4920506745390574
171.30424885903946	1.811919220432965	0.49191201483079383
171.33997297699415	1.8119277093840709	0.49177338256991654
171.3757045449252	1.8119362067328044	0.4916347777534563
171.41144356438627	1.8119447124739492	0.4914962003784431
171.44719003693126	1.8119532266022889	0.4913576504419053
171.48294396411453	1.8119617491126094	0.4912191279408699
171.51870534749054	1.811970279999698	0.49108063287236275
171.5544741886144	1.8119788192583426	0.4909421652334072
171.59025048904115	1.811987366883333	0.49080372502102687
171.6260342503266	1.8119959228694604	0.4906653122322421
171.6618254740265	1.8120044872115169	0.49052692686407356
171.69762416169712	1.812013059904296	0.4903885689135392
171.733430314895	1.8120216409425935	0.490250238377656
171.76924393517706	1.8120302303212048	0.49011193525343993
171.80506502410043	1.812038828034928	0.48997365953790484
171.84089358322265	1.8120474340785622	0.4898354112280635
171.87672961410166	1.8120560484469075	0.4896971903209272
171.91257311829546	1.8120646711347659	0.48955899681350623
171.94842409736276	1.8120733021369404	0.4894208307028083
171.98428255286217	1.812081941448235	0.4892826919858416
172.02014848635304	1.8120905890634558	0.4891445806596108
172.05602189939472	1.81209924497741	0.48900649672112073
172.091902793547	1.812107909184906	0.4888684401673741
172.1277911703701	1.8121165816807527	0.48873041099537246
172.1636870314244	1.8121252624597624	0.4885924092021157
172.1995903782707	1.8121339515167465	0.4884544347846025
172.23550121247004	1.8121426488465198	0.4883164877398303
172.27141953558396	1.8121513544438965	0.4881785680647944
172.30734534917408	1.8121600683036936	0.48804067575648996
172.34327865480267	1.8121687904207289	0.4879028108119092
172.37921945403193	1.8121775207898216	0.4877649732280444
172.41516774842472	1.8121862594057923	0.48762716300188536
172.451123539544	1.8121950062634624	0.4874893801304212
172.48708682895327	1.8122037613576556	0.4873516246106391
172.52305761821611	1.8122125246831964	0.48721389643952523
172.55903590889662	1.8122212962349107	0.4870761956140642
172.59502170255925	1.8122300760076258	0.4869385221312389
172.63101500076843	1.81223886399617	0.4868008759880319
172.66701580508948	1.8122476601953736	0.4866632571814229
172.70302411708747	1.8122564646000685	0.4865256657083915
172.73903993832835	1.8122652772050865	0.4863881015659148
172.77506327037779	1.8122740980052623	0.4862505647509695
172.81109411480236	1.8122829269954306	0.4861130552605304
172.84713247316859	1.812291764170429	0.485975573091571
172.8831783470435	1.812300609525095	0.4858381182410634
172.9192317379943	1.8123094630542684	0.48570069070597816
172.9552926475887	1.8123183247527899	0.48556329048328484
172.9913610773947	1.812327194615502	0.48542591756995107
173.02743702898044	1.8123360726372477	0.48528857196294395
173.06352050391467	1.8123340148977929	0.4851541832815146
173.09961150376614	1.812300317843211	0.48502828995286895
173.13571003010435	1.8122666342199318	0.4849024164786569
173.17181608449872	1.8122329640243044	0.4847765628578963
173.20792966851917	1.8121993072526774	0.48465072908960366
173.244050783736	1.8121656639014005	0.4845249151727945
173.28017943171974	1.8121320339668228	0.48439912110648403
173.31631561404132	1.8120984174452939	0.4842733468896863
173.35245933227196	1.8120648143331632	0.4841475925214148
173.38861058798324	1.8120312246267811	0.48402185800068187
173.42476938274694	1.8119976483224973	0.4838961433264999
173.46093571813537	1.8119667691829506	0.4837805004579042
173.49710959572099	1.8119462273496925	0.48370355674398696
173.53329101707675	1.811925692196663	0.4836266266887677
173.56947998377578	1.8119051637218855	0.4835497102905063
173.60567649739164	1.811884641923383	0.4834728075474623
173.64188055949813	1.811864126799179	0.4833959184578948
173.67809217166945	1.8118436183472981	0.4833190430200633
173.71431133548018	1.8118231165657646	0.48324218123222695
173.75053805250496	1.8118026214526037	0.4831653330926451
173.7867723243192	1.8117821330058406	0.48308849859957653
173.82301415249816	1.8117616512235009	0.4830116777512807
173.85926353861785	1.8117411761036113	0.4829348705460159
173.8955204842543	1.8117207076441983	0.4828580769820413
173.93178499098397	1.811700245843289	0.48278129705761574
173.96805706038373	1.8116797906989106	0.48270453077099773
174.0043366940307	1.8116593422090914	0.482627778120446
174.04062389350236	1.8116389003718596	0.48255103910421887
174.07691866037646	1.811618465185244	0.48247431372057487
174.11322099623118	1.8115980366472737	0.4823976019677722
174.14953090264487	1.8115776147559783	0.4823209038440696
174.18584838119642	1.811557199509388	0.4822442193477247
174.22217343346483	1.8115367909055329	0.48216754847699617
174.2585060610297	1.811516388942444	0.4820908912301414
174.2948462654706	1.8114959936181527	0.4820142476054189
174.33119404836773	1.8114756049306904	0.48193761760108633
174.36754941130152	1.8114552228780896	0.4818610012154015
174.40391235585267	1.8114348474583823	0.48178439844662224
174.4402828836023	1.8114144786696023	0.48170780929300594
174.47666099613193	1.8113941165097822	0.48163123375281036
174.51304669502315	1.8113737609769558	0.4815546718242929
174.54943998185803	1.8113534120691581	0.48147812350571106
174.58584085821914	1.8113330697844225	0.48140158879532213
174.62224932568898	1.8113127341207853	0.48132506769138345
174.65866538585087	1.811292405076281	0.48124856019215195
174.695089040288	1.8112720826489463	0.48117206629588494
174.73152029058417	1.8112517668368169	0.48109558600083946
174.76795913832345	1.8112314576379296	0.4810191193052724
174.8044055850902	1.8112111550503218	0.48094266620744053
174.84085963246918	1.8111908590720311	0.4808662267056008
174.87732128204536	1.8111705697010954	0.48078980079800976
174.91379053540427	1.8111502869355527	0.48071338848292416
174.95026739413134	1.8111300107734423	0.48063698975860075
174.98675185981293	1.8111097412128032	0.48056060462329564
175.02324393403512	1.8110894782516753	0.48048423307526555
175.05974361838486	1.8110692218880988	0.4804078751127665
175.09625091444903	1.8110489721201135	0.4803315307340551
175.132765823815	1.8110287289457612	0.48025519993738724
175.16928834807047	1.8110084923630827	0.4801788827210193
175.20581848880354	1.81098826237012	0.480102579083207
175.2423562476025	1.8109680389649154	0.48002628902220634
175.27890162605598	1.810947822145511	0.4799500125362737
175.31545462575315	1.8109276119099502	0.4798737496236642
175.35201524828318	1.8109074082562764	0.4797975002826342
175.38858349523593	1.8108872111825334	0.47972126451143876
175.42515936820126	1.8108670206867659	0.47964504230833377
175.46174286876962	1.8108468367670179	0.4795688336715749
175.49833399853162	1.810826659421335	0.4794926385994172
175.53493275907826	1.8108064886477624	0.4794164570901164
175.57153915200092	1.8107863244443467	0.4793402891419274
175.60815317889129	1.8107661668091335	0.4792641347531058
175.64477484134136	1.81074601574017	0.47918799392190653
175.68140414094336	1.8107258712355039	0.47911186664658456
175.7180410792901	1.810705733293182	0.47903575292539513
175.7546856579745	1.8106856019112527	0.478959652756593
175.79133787858993	1.8106654770877648	0.478883566138433
175.82799774273	1.8106453588207667	0.4788074930691701
175.86466525198875	1.8106252471083082	0.4787314335470587
175.9013404079605	1.8106051419484386	0.4786553875703537
175.93802321223987	1.8105850433392083	0.4785793551373096
175.97471366642193	1.810564951278668	0.47850333624618063
176.01141177210192	1.8105448657648684	0.4784273308952215
176.04811753087563	1.8105247867958614	0.4783513390826863
176.08483094433888	1.8105047143696982	0.47827536080682953
176.12155201408814	1.8104846484844317	0.47819939606590517
176.15828074171992	1.8104645891381144	0.4781234448581675
176.19501712883135	1.810444536328799	0.4780475071818706
176.23176117701968	1.8104244900545396	0.47797158303526827
176.2685128878826	1.81040445031339	0.47789567241661446
176.30527226301805	1.8103844171034045	0.47781977532416314
176.3420393040244	1.8103643904226379	0.47774389175616794
176.37881401250027	1.8103443702691453	0.4776680217108826
176.41559639004467	1.8103243566409823	0.47759216518656067
176.45238643825698	1.8103043495362054	0.47751632218145573
176.4891841587367	1.8102843489528706	0.4774404926938215
176.525989553084	1.8102643548890351	0.4773646767219109
176.56280262289906	1.810244367342756	0.4772888742639778
176.5996233697826	1.810224386312091	0.4772130853182751
176.6364517953356	1.8102044117950986	0.4771373098830562
176.67328790115937	1.8101844437898373	0.477061547956574
176.71013168885563	1.8101644822943657	0.47698579953708187
176.7469831600263	1.8101445273067436	0.4769100646228324
176.7838423162738	1.8101245788250304	0.47683434321207896
176.82070915920062	1.8101046368472873	0.4767586353030741
176.85758369041	1.810084701371574	0.47668294089407054
176.894465911505	1.8100647723959518	0.4766072599833214
176.9313558240895	1.8100448499184827	0.4765315925690788
176.96825342976737	1.810024933937228	0.4764559386495958
177.005158730143	1.8100050244502508	0.4763802982231245
177.04207172682104	1.8099851214556133	0.47630467128791754
177.0789924214065	1.809965224951379	0.4762290578422273
177.1159208155047	1.8099453349356112	0.47615345788430596
177.15285691072134	1.809925451406374	0.47607787141240593
177.18980070866237	1.8099055743617325	0.4760022984247793
177.2267522109342	1.8098857037997507	0.47592673891967807
177.2637114191435	1.8098658397184944	0.47585119289535427
177.3006783348972	1.8098459821160293	0.4757756603500599
177.33765295980277	1.8098261309904218	0.47570014128204696
177.37463529546775	1.809806286339738	0.4756246356895672
177.41162534350028	1.809786448162045	0.4755491435708722
177.44862310550863	1.8097666164554103	0.475473664924214
177.48562858310154	1.8097467912179015	0.475398199747844
177.522641777888	1.8097269724475873	0.4753227480400138
177.5596626914774	1.809707160142536	0.4752473097989749
177.5966913254794	1.809687354300817	0.4751718850229786
177.633727681504	1.8096675549204995	0.4750964737102766
177.67077176116172	1.8096477619996536	0.4750210758591197
177.70782356606304	1.8096279755363498	0.47494569146775945
177.74488309781918	1.8096081955286587	0.47487032053444683
177.7819503580414	1.8095884219746514	0.47479496305743324
177.81902534834148	1.8095686548723997	0.47471961903496945
177.85610807033143	1.8095488942199756	0.47464428846530654
177.8931985256236	1.8095291400154516	0.4745689713466952
177.9302967158308	1.8095093922569006	0.47449366767738643
177.96740264256596	1.8094896509423959	0.47441837745563104
178.00451630744266	1.809469916070011	0.4743431006796795
178.04163771207436	1.8094501876378202	0.47426783734778283
178.07876685807543	1.809430465643898	0.4741925874581912
178.11590374705997	1.8094107500863197	0.4741173510091554
178.1530483806429	1.8093910409631604	0.47404212799892564
178.19020076043927	1.809371338272496	0.4739669184257525
178.22736088806448	1.809351642012403	0.4738917222878862
178.26452876513423	1.8093319521809577	0.47381653958357683
178.30170439326466	1.809312268776237	0.47374137031107494
178.3388877740722	1.8092925917963192	0.47366621446863033
178.37607890917354	1.8092729212392817	0.47359107205449325
178.41327780018588	1.809253257103203	0.47351594306691347
178.45048444872648	1.8092335993861615	0.4734408275041413
178.48769885641332	1.809213948086237	0.4733657253644261
178.5249210248644	1.8091943032015088	0.4732906366460181
178.56215095569812	1.809174664730057	0.47321556134716675
178.5993886505333	1.8091550326699621	0.473140499466122
178.63663411098912	1.8091354070193049	0.4730654510011334
178.67388733868495	1.8091157877761666	0.4729904159504502
178.71114833524067	1.8090961749386292	0.4729153943123222
178.74841710227633	1.8090765685047747	0.4728403860849988
178.78569364141248	1.8090569684726856	0.47276539126672923
178.8229779542699	1.8090373748404451	0.47269040985576277
178.86027004246966	1.8090177876061364	0.47261544185034887
178.89756990763334	1.8089982067678434	0.47254048724873665
178.93487755138275	1.8089786323236505	0.4724655460491749
178.97219297534002	1.8089590642716422	0.4723906182499132
179.0095161811277	1.8089395026099035	0.4723157038492001
179.04684717036852	1.80891994733652	0.47224080284528486
179.0841859446858	1.808900398449578	0.4721659152364161
179.12153250570293	1.8088808559471634	0.47209104102084276
179.1588868550439	1.8088613198273633	0.47201618019681335
179.19624899433268	1.8088417900882645	0.4719413327625771
179.23361892519407	1.808822266727955	0.4718664987163821
179.27099664925274	1.8088027497445227	0.4717916780564772
179.308382168134	1.8087832391360559	0.47171687078111074
179.34577548346329	1.808763734900644	0.4716420768885313
179.38317659686666	1.8087442370363758	0.47156729637698724
179.42058550997018	1.808724745541341	0.4714925292447269
179.45800222440053	1.8087052604136304	0.47141777548999836
179.49542674178454	1.8086857816513338	0.4713430351110501
179.5328590637495	1.8086663092525426	0.47126830810613013
179.57029919192297	1.8086468432153482	0.4711935944734863
179.60774712793284	1.8086273835378424	0.47111889421136716
179.64520287340744	1.8086079302181173	0.47104420731802016
179.6826664299753	1.8085884832542656	0.47096953379169365
179.72013779926542	1.8085690426443806	0.4708948736306352
179.757616982907	1.808549608386556	0.47082022683309266
179.79510398252978	1.8085301804788851	0.4707455933973138
179.83259879976362	1.808510758919463	0.4706709733215463
179.87010143623885	1.8084913437063839	0.4705963666040377
179.9076118935861	1.8084719348377432	0.4705217732430356
179.9451301734364	1.8084525323116367	0.4704471932367876
179.98265627742106	1.8084340455759438	0.4703761231165698
180.02019020717162	1.8084250810024372	0.47034165624434265
180.05773196432025	1.8084161187883092	0.47030719608929233
180.0952815504992	1.8084071589329005	0.4702727426502257
180.13283896734117	1.8083982014355522	0.47023829592594923
180.17040421647917	1.8083892462956053	0.47020385591526964
180.20797729954654	1.808380293512401	0.470169422616994
180.24555821817702	1.8083713430852806	0.4701349960299294
180.28314697400464	1.8083623950135859	0.4701005761528832
180.32074356866383	1.8083534492966586	0.4700661629846628
180.35834800378925	1.808344505933841	0.47003175652407564
180.39596028101602	1.808335564924475	0.4699973567699296
180.43358040197947	1.8083266262679032	0.4699629637210327
180.47120836831542	1.8083176899634679	0.4699285773761928
180.50884418165992	1.8083087560105118	0.46989419773421826
180.54648784364937	1.808299824408378	0.4698598247939176
180.58413935592068	1.8082908951564096	0.46982545855409913
180.6217987201108	1.80828196825395	0.4697910990135717
180.65946593785725	1.8082730437003425	0.46975674617114405
180.69714101079785	1.8082641214949307	0.46972240002562543
180.73482394057075	1.8082552016370586	0.46968806057582474
180.77251472881431	1.80824628412607	0.4696537278205516
180.81021337716754	1.8082373689613096	0.4696194017586153
180.84791988726943	1.8082284561421214	0.4695850823888257
180.88563426075956	1.80821954566785	0.4695507697099925
180.9233564992778	1.8082106375378404	0.46951646372092565
180.96108660446424	1.8082017317514372	0.4694821644204354
180.99882457795954	1.8081928283079858	0.46944787180733194
181.03657042140446	1.8081839272068314	0.4694135858804259
181.0743241364403	1.8081750284473195	0.4693793066385277
181.11208572470855	1.8081661320287958	0.46934503408044836
181.14985518785122	1.8081572379506063	0.4693107682049985
181.18763252751035	1.8081483462120969	0.46927650901098955
181.22541774532874	1.808139456812614	0.46924225649723245
181.26321084294915	1.8081305697515035	0.4692080106625388
181.30101182201497	1.8081216850281125	0.46917377150572026
181.33882068416972	1.8081128026417879	0.4691395390255884
181.37663743105742	1.8081039225918765	0.46910531322095506
181.41446206432235	1.808095044877725	0.46907109409063247
181.4522945856091	1.8080861694986814	0.46903688163343277
181.49013499656277	1.8080772964540928	0.46900267584816824
181.52798329882853	1.8080684257433073	0.4689684767336516
181.56583949405223	1.8080595573656724	0.4689342842886953
181.60370358387968	1.8080506913205363	0.4689000985121124
181.64157556995744	1.8080418276072467	0.4688659194027159
181.6794554539321	1.8080329662251533	0.4688317469593188
181.71734323745068	1.8080241071736036	0.46879758118073456
181.75523892216054	1.808015250451947	0.4687634220657765
181.79314250970958	1.8080063960595323	0.4687292696132585
181.83105400174568	1.8079975439957086	0.46869512382199424
181.86897339991734	1.8079886942598251	0.4686609846907976
181.90690070587343	1.8079798468512318	0.4686268522184828
181.94483592126278	1.807971001769278	0.46859272640386423
181.98277904773514	1.8079621590133135	0.4685586072457561
182.0207300869401	1.807953318582689	0.4685244947429731
182.05868904052787	1.8079444804767542	0.46849038889433
182.0966559101489	1.8079356446948593	0.46845628969864184
182.13463069745407	1.807926811236356	0.4684221971547234
182.1726134040945	1.807917980100594	0.46838811126139024
182.21060403172174	1.807909151286925	0.4683540320174575
182.2486025819876	1.8079003247946996	0.46831995942174093
182.28660905654434	1.8078915006232696	0.46828589347305605
182.32462345704448	1.8078826787719866	0.46825183417021876
182.36264578514084	1.807873859240202	0.4682177815120453
182.40067604248685	1.8078650420272675	0.4681837354973517
182.43871423073585	1.8078562271325358	0.4681496961249543
182.4767603515419	1.807847414555359	0.4681156633936696
182.5148144065593	1.807838604295089	0.4680816373023145
182.5528763974426	1.807829796351079	0.4680476178497054
182.59094632584677	1.8078209907226817	0.4680136050346596
182.6290241934271	1.8078121874092499	0.46797959885599427
182.6671100018393	1.807803386410137	0.46794559931252655
182.70520375273932	1.8077945877246964	0.4679116064030739
182.74330544778357	1.8077857913522812	0.46787762012645406
182.78141508862853	1.8077769972922457	0.4678436404814848
182.81953267693154	1.8077682055439437	0.4678096674669839
182.85765821434978	1.8077594161067287	0.4677757010817697
182.895791702541	1.8077506289799554	0.4677417413246603
182.93393314316327	1.8077418441629785	0.4677077881944742
182.97208253787502	1.8077330616551524	0.4676738416900299
183.01023988833504	1.8077242814558316	0.4676399018101462
183.04840519620237	1.8077155035643717	0.46760596855364195
183.08657846313653	1.807706727980127	0.46757204191933627
183.12475969079728	1.8076979547024536	0.4675381219060484
183.16294888084482	1.807689183730707	0.46750420851259755
183.20114603493954	1.8076804150642427	0.46747030173780346
183.23935115474234	1.8076716487024165	0.4674364015804856
183.27756424191443	1.8076628846445846	0.4674025080394641
183.3157852981173	1.8076541228901033	0.4673686211135587
183.3540143250128	1.8076453634383292	0.46733474080158977
183.3922513242632	1.8076366062886184	0.4673008671023775
183.4304962975311	1.8076278514403281	0.4672670000147425
183.46874924647935	1.8076190988928151	0.4672331395375054
183.50701017277132	1.807610348645437	0.4671992856694869
183.5452790780704	1.8076016006975506	0.46716543840950797
183.58355596404078	1.8075928550485136	0.4671315977563899
183.62184083234663	1.807584111697684	0.46709776370895384
183.6601336846527	1.807575370644419	0.4670639362660214
183.6984345226239	1.8075666318880776	0.4670301154264139
183.73674334792557	1.8075578954280174	0.4669963011889533
183.7750601622235	1.8075491612635968	0.46696249355246167
183.81338496718365	1.8075404293941748	0.4669286925157607
183.85171776447243	1.8075316998191098	0.4668948980776729
183.8900585557566	1.8075229725377608	0.4668611102370208
183.92840734270325	1.8075142475494874	0.4668273289926265
183.96676412697974	1.8075055248536485	0.46679355434331327
184.0051289102539	1.8074968044496038	0.4667597862879035
184.04350169419382	1.8074880863367127	0.4667260248252206
184.081882480468	1.8074793705143355	0.46669226995408764
184.12027127074532	1.8074706569818322	0.4666585216733278
184.15866806669487	1.8074619457385623	0.4666247799817649
184.19707286998616	1.8074532367838874	0.4665910448782224
184.23548568228912	1.807444530117167	0.4665573163615243
184.27390650527386	1.8074358257377625	0.46652359443049446
184.3123353406111	1.807427123645035	0.466489879083957
184.3507721899717	1.807418423838345	0.46645617032073633
184.38921705502676	1.8074097263170543	0.466422468139657
184.42766993744817	1.8074010310805242	0.4663887725395434
184.46613083890762	1.8073923381281163	0.4663550835192206
184.50459976107757	1.8073836474591927	0.4663214010775134
184.54307670563063	1.807374959073115	0.466287725213247
184.5815616742398	1.807366272969246	0.46625405592524655
184.6200546685784	1.8073575891469473	0.46622039321233755
184.6585556903202	1.8073489076055824	0.4661867370733454
184.69706474113923	1.8073402283445137	0.4661530875070962
184.7355818227099	1.8073315513631036	0.46611944451241566
184.77410693670691	1.807322876660716	0.46608580808812977
184.81264008480537	1.8073142042367132	0.46605217823306505
184.85118126868076	1.8073055340904598	0.46601855494604755
184.88973049000884	1.8072968662213187	0.4659849382259039
184.9282877504658	1.8072882006286541	0.4659513280714609
184.96685305172807	1.8072795373118296	0.46591772448154545
185.00542639547257	1.8072708762702099	0.46588412745498436
185.04400778337643	1.8072622175031587	0.4658505369906051
185.08259721711727	1.8072535610100413	0.4658169530872347
185.12119469837296	1.8072449067902217	0.46578337574370093
185.15980022882164	1.8072362548430654	0.4657498049588314
185.19841381014203	1.807227605167937	0.4657162407314536
185.237035444013	1.8072189577642022	0.46568268306039606
185.27566513211391	1.807210312631226	0.46564913194448654
185.31430287612437	1.8072016697683742	0.46561558738255343
185.35294867772438	1.8071930291750127	0.4655820493734252
185.39160253859419	1.8071843908505072	0.46554851791593055
185.43026446041466	1.8071757547942244	0.465514993008898
185.46893444486676	1.8071671210055298	0.46548147465115675
185.50761249363185	1.8071584894837907	0.4654479628415358
185.54629860839182	1.807149860228373	0.46541445757886446
185.58499279082855	1.8071412332386445	0.465380958861972
185.62369504262472	1.8071326085139712	0.4653474666896882
185.6624053654629	1.8071239860537212	0.4653139810608426
185.70112376102642	1.8071153658572614	0.4652805019742651
185.73985023099868	1.8071067479239598	0.46524702942878593
185.77858477706357	1.8070981322531836	0.46521356342323517
185.81732740090527	1.8070895188443008	0.4651801039564432
185.8560781042084	1.80708090769668	0.4651466510272405
185.89483688865775	1.8070722988096892	0.46511320463445793
185.93360375593872	1.807063692182697	0.4650797647769262
185.97237870773688	1.8070550878150715	0.46504633145347635
186.01116174573806	1.8070464857061823	0.4650129046629396
186.0499528716288	1.807037885855398	0.4649794844041471
186.08875208709554	1.8070292882620878	0.4649460706759306
186.12755939382544	1.807020692925621	0.4649126634771215
186.16637479350578	1.8070120998453671	0.46487926280655184
186.20519828782435	1.807003509020696	0.46484586866305344
186.24402987846918	1.8069949204509774	0.4648124810454584
186.2828695671287	1.8069863341355816	0.4647790999525991
186.3217173554917	1.8069777500738788	0.46474572538330783
186.36057324524728	1.806969168265239	0.4647123573364174
186.39943723808497	1.8069605887090334	0.4646789958107604
186.43830933569456	1.8069520114046322	0.46464564080516996
186.47718953976624	1.8069434363514072	0.46461229231847884
186.51607785199053	1.8069348635487283	0.4645789503495206
186.55497427405837	1.8069262929959682	0.4645456148971284
186.59387880766096	1.806917724692497	0.46451228596013616
186.6327914544899	1.8069091586376875	0.46447896353737705
186.67171221623718	1.8069005948309111	0.46444564762768537
186.71064109459505	1.8068920332715395	0.46441233822989497
186.74957809125624	1.8068834739589452	0.4643790353428402
186.78852320791358	1.8068749168925007	0.4643457389653553
186.82747644626068	1.8068663620715786	0.4643124490962748
186.86643780799105	1.806857809495551	0.46427916573443345
186.9054072947988	1.8068492591637915	0.46424588887866586
186.94438490837842	1.8068407110756728	0.4642126185278074
186.98337065042463	1.8068321652305686	0.4641793546806928
187.02236452263256	1.8068236216278517	0.46414609733615764
187.0613665266977	1.8068150802668959	0.4641128464930375
187.10037666431586	1.8068065411470753	0.46407960215016775
187.13939493718323	1.8067980042677636	0.46404636430638435
187.17842134699646	1.8067894696283349	0.46401313296052304
187.21745589545225	1.8067809372281638	0.46397990811142026
187.25649858424802	1.8067724070666245	0.463946689757912
187.29554941508124	1.8067638791430918	0.4639134778988348
187.33460838964993	1.8067553534569405	0.46388027253302533
187.37367550965243	1.8067468300075455	0.46384707365932015
187.41275077678733	1.8067383087942823	0.4638138812765564
187.45183419275372	1.806729789816526	0.4637806953835709
187.4909257592509	1.8067212730736524	0.463747515979201
187.5300254779787	1.8067127585650369	0.46371434306228415
187.56913335063714	1.8067042462900558	0.46368117663165775
187.6082493789267	1.8066957362480847	0.4636480166861597
187.64737356454796	1.806686466880594	0.46361189545727083
187.6865059092024	1.8066770433284494	0.46357517070053234
187.7256464145913	1.8066676223029932	0.46353845307369146
187.76479508241658	1.806658203803509	0.463501742575496
187.80395191438038	1.8066487878292803	0.46346503920469384
187.84311691218537	1.8066393743795914	0.46342834296003305
187.88229007753444	1.8066299634537264	0.4633916538402619
187.92147141213084	1.8066205550509693	0.46335497184412894
187.9606609176782	1.8066111491706054	0.4633182969703824
187.99985859588054	1.8066017458119186	0.4632816292177715
188.03906444844222	1.8065923449741943	0.4632449685850446
188.0782784770678	1.8065829466567178	0.4632083150709511
188.1175006834625	1.8065735508587741	0.46317166867424014
188.15673106933158	1.806564157579649	0.46313502939366114
188.19596963638097	1.8065547668186281	0.4630983972279635
188.23521638631664	1.8065453785749976	0.4630617721758967
188.27447132084518	1.8065359928480438	0.46302515423621105
188.31373444167326	1.8065266096370525	0.4629885434076563
188.35300575050823	1.8065172289413105	0.4629519396889826
188.39228524905766	1.8065078507601047	0.4629153430789402
188.4315729390292	1.806498475092722	0.46287875357627994
188.4708688221314	1.8064891019384497	0.462842171179752
188.51017290007263	1.806479731296575	0.46280559588810743
188.54948517456205	1.8064703631663854	0.4627690277000971
188.58880564730885	1.806460997547169	0.4627324666144721
188.62813432002278	1.8064516344382135	0.4626959126299839
188.66747119441388	1.8064422738388073	0.4626593657453837
188.70681627219247	1.8064329157482384	0.4626228259594232
188.7461695550694	1.8064235601657959	0.4625862932708541
188.7855310447557	1.806414207090768	0.4625497676784283
188.82490074296288	1.806404856522444	0.462513249180898
188.86427865140269	1.8063955084601127	0.4624767377770154
188.90366477178745	1.8063861629030644	0.46244023346553265
188.94305910582955	1.8063768198505876	0.4624037362452026
188.9824616552419	1.8063674793019728	0.4623672461147778
189.02187242173787	1.8063581412565097	0.46233076307301113
189.06129140703092	1.8063488057134884	0.4622942871186556
189.1007186128351	1.8063394726721993	0.4622578182504646
189.1401540408647	1.806330142131933	0.46222135646719115
189.1795976928344	1.8063208140919804	0.462184901767589
189.21904957045925	1.8063114885516327	0.46214845415041156
189.25850967545466	1.8063021655101803	0.46211201361441295
189.29797800953628	1.8062928449669151	0.46207558015834693
189.3374545744204	1.8062835269211288	0.4620391537809677
189.3769393718233	1.8062742113721129	0.4620027344810296
189.41643240346195	1.8062648983191596	0.461966322257287
189.4559336710534	1.8062555877615605	0.4619299171084948
189.49544317631535	1.8062462796986087	0.4618935190334073
189.53496092096557	1.8062369741295963	0.46185712803077983
189.57448690672237	1.806227671053816	0.46182074409936735
189.6140211353044	1.8062183704705617	0.461784367237925
189.6535636084305	1.8062090723791253	0.4617479974452085
189.6931143278202	1.8061997767788007	0.4617116347199732
189.73267329519302	1.8061904836688816	0.4616752790609747
189.7722405122691	1.8061811930486615	0.46163893046696924
189.81181598076884	1.8061719049174347	0.4616025889367126
189.85139970241298	1.8061626192744953	0.4615662544689611
189.89099167892263	1.8061533361191373	0.461529927062471
189.93059191201934	1.8061440554506554	0.46149360671599904
189.9702004034249	1.8061347772683447	0.4614572934283018
190.0098171548616	1.8061255015714999	0.46142098719813596
190.04944216805194	1.806116228359416	0.46138468802425886
190.08907544471873	1.8061069576313886	0.46134839590542753
190.12871698658546	1.8060976893867131	0.4613121108403991
190.16836679537562	1.8060884236246855	0.4612758328279312
190.2080248728133	1.8060791603446014	0.4612395618667817
190.2476912206228	1.8060698995457571	0.4612032979557081
190.28736584052888	1.8060606412274491	0.4611670410934684
190.3270487342566	1.8060513853889737	0.4611307912788209
190.36673990353137	1.8060421320296278	0.46109454851052367
190.40643935007904	1.8060328811487083	0.46105831278733533
190.4461470756257	1.8060236327455121	0.46102208410801454
190.48586308189803	1.8060143868193372	0.4609858624713196
190.52558737062267	1.8060051433694804	0.46094964787601
190.56531994352704	1.8059841382097421	0.4609164427122253
190.60506080233867	1.8059397518038314	0.4608892118072424
190.64480994878556	1.8058953736932517	0.4608619854864614
190.68456738459597	1.8058510038766233	0.4608347637492712
190.7243331114986	1.8058066423525678	0.4608075465950604
190.76410713122252	1.805762289119706	0.4607803340232181
190.80388944549708	1.8057179441766589	0.46075312603313334
190.8436800560521	1.8056736075220479	0.4607259226241949
190.88347896461764	1.8056292791544948	0.46069872379579174
190.92328617292426	1.8055849590726212	0.46067152954731316
190.96310168270273	1.8055406472750493	0.46064433987814796
191.0029254956843	1.8054963437604006	0.46061715478768545
191.04275761360057	1.8054520485272978	0.4605899742753148
191.08259803818333	1.8054077615743633	0.460562798340425
191.122446771165	1.8053634829002196	0.46053562698240547
191.16230381427815	1.8053192125034894	0.46050846020064545
191.20216916925588	1.8052749503827958	0.460481297994534
191.24204283783146	1.8052306965367617	0.46045414036346083
191.28192482173876	1.8051864509640105	0.460426987306815
191.32181512271168	1.8051422136631659	0.4603998388239862
191.36171374248488	1.805097984632851	0.46037269491436367
191.40162068279307	1.80505376387169	0.4603455555773369
191.44153594537136	1.8050095513783064	0.46031842081229557
191.48145953195547	1.804965347151325	0.46029129061862895
191.52139144428114	1.8049211511893697	0.4602641649957269
191.56133168408473	1.8048769634910649	0.46023704394297893
191.60128025310289	1.804832784055035	0.4602099274597748
191.64123715307255	1.8047886128799058	0.46018281554550405
191.681202385731	1.8047444499643015	0.46015570819955653
191.72117595281617	1.804700295306847	0.4601286054213221
191.76115785606586	1.804656148906168	0.4601015072101904
191.80114809721874	1.8046120107608905	0.4600744135655513
191.84114667801353	1.8045678808696395	0.46004732448679486
191.88115360018935	1.8045237592310408	0.46002023997331076
191.92116886548578	1.8044796458437207	0.4599931600244892
191.9611924756427	1.8044355407063053	0.45996608463971983
192.00122443240033	1.804391443817421	0.4599390138183931
192.04126473749935	1.8043473551756943	0.4599119475598988
192.08131339268067	1.8043032747797516	0.4598848858636271
192.12137039968567	1.80425920262822	0.4598578287289682
192.16143576025615	1.8042151387197265	0.45983077615531226
192.2015094761339	1.8041710830528983	0.45980372814204945
192.24159154906172	1.8041270356263628	0.4597766846885701
192.2816819807821	1.8040829964387477	0.45974964579426436
192.32178077303837	1.8040389654886804	0.45972261145852267
192.36188792757395	1.803994942774789	0.4596955816807353
192.40200344613282	1.8039509282957014	0.4596685564602928
192.44212733045916	1.8039069220500457	0.4596415357965855
192.48225958229762	1.8038629240364505	0.4596145196890039
192.52240020339312	1.8038189342535444	0.4595875081369386
192.56254919549113	1.8037749526999562	0.45956050113977986
192.60270656033725	1.8037309793743144	0.45953349869691856
192.64287229967755	1.8036870142752484	0.4595065008077453
192.68304641525847	1.8036430574013875	0.45947950747165045
192.72322890882685	1.8035991087513608	0.45945251868802506
192.7634197821298	1.8035551683237983	0.45942553445625967
192.80361903691485	1.8035112361173293	0.4593985547757451
192.84382667492997	1.803467312130584	0.45937157964587205
192.88404269792326	1.8034233963621924	0.45934460906603164
192.92426710764352	1.803379488810785	0.4593176430356144
192.96449990583966	1.8033355894749918	0.4592906815540114
193.0047410942609	1.8032916983534437	0.4592637246206137
193.0449906746572	1.8032478154447718	0.459236772234812
193.08524864877847	1.8032039407476061	0.4592098243959977
193.12551501837515	1.8031600742605784	0.45918288110356165
193.1657897851981	1.8031162159823202	0.459155942356895
193.20607295099848	1.8030723659114625	0.45912900815538876
193.24636451752784	1.8030285240466368	0.4591020784984343
193.28666448653811	1.8029846903864755	0.4590751533854227
193.3269728597815	1.8029408649296101	0.4590482328157452
193.3672896390107	1.8028970476746728	0.4590213167887932
193.40761482597867	1.802853238620296	0.4589944053039579
193.4479484224387	1.802809437765112	0.45896749836063083
193.48829043014476	1.8027656451077538	0.45894059595820313
193.5286408508507	1.8027218606468542	0.45891369809606636
193.5689996863111	1.8026780843810457	0.45888680477361204
193.6093669382808	1.8026343163089618	0.45885991599023174
193.6497426085149	1.802590556429236	0.4588330317453168
193.69012669876912	1.8025468047405016	0.45880615203825886
193.7305192107992	1.8025030612413921	0.4587792768684497
193.7709201463616	1.8024593259305417	0.45875240623528074
193.81132950721286	1.8024155988065842	0.45872554013814393
193.85174729511013	1.8023718798681536	0.45869867857643065
193.8921735118106	1.8023281691138848	0.45867182154953295
193.93260815907223	1.8022844665424118	0.45864496905684266
193.97305123865308	1.8022407721523697	0.45861812109775135
194.0135027523116	1.802197085942393	0.45859127767165114
194.05396270180668	1.802153407911117	0.45856443877793396
194.09443108889755	1.8021097380571764	0.4585376044159916
194.13490791534377	1.8020660763792076	0.45851077458521605
194.1753931829054	1.8020224228758452	0.4584839492849994
194.2158868933426	1.8019787775457252	0.45845712851473386
194.2563890484162	1.8019351403874835	0.4584303122738113
194.29689964988728	1.8018915113997562	0.4584035005616239
194.33741869951717	1.8018478905811797	0.45837669337756387
194.37794619906768	1.80180427793039	0.4583498907210235
194.41848215030097	1.8017606734460239	0.45832309259139503
194.4590265549796	1.8017170771267181	0.45829629898807056
194.49957941486647	1.80167348897111	0.4582695099104425
194.54014073172488	1.8016299089778356	0.4582427253579034
194.58071050731837	1.8015863371455327	0.4582159453298455
194.62128874341101	1.801542773472839	0.45818916982566116
194.6618754417672	1.8014992179583917	0.4581623988447429
194.70247060415156	1.8014556706008291	0.45813563238648336
194.74307423232932	1.8014121313987885	0.45810887045027493
194.78368632806584	1.8013686003509082	0.45808211303551033
194.82430689312702	1.8013250774558265	0.45805536014158205
194.8649359292791	1.8012815627121819	0.45802861176788273
194.9055734382886	1.801238056118613	0.45800186791380526
194.94621942192248	1.8011945576737585	0.45797512857874223
194.98687388194804	1.8011510673762574	0.4579483937620864
195.027536820133	1.801107585224749	0.4579216634632307
195.0682082382454	1.8010641112178722	0.4578949376815677
195.10888813805374	1.8010238809657908	0.4578809435008173
195.14957652132662	1.8009853257636117	0.45787351098378726
195.19027338983335	1.8009467777779167	0.457866079907327
195.23097874534344	1.8009082370074918	0.4578586502711777
195.2716925896267	1.8008697034511227	0.45785122207508083
195.31241492445346	1.8008311771075962	0.4578437953187775
195.35314575159438	1.8007926579756979	0.45783637000200933
195.3938850728204	1.8007541460542145	0.45782894612451763
195.43463288990296	1.8007156413419323	0.457821523686044
195.47538920461375	1.8006771438376385	0.4578141026863299
195.51615401872488	1.8006386535401195	0.4578066831251168
195.55692733400892	1.800600170448163	0.45779926500214635
195.59770915223856	1.800561694560556	0.45779184831716013
195.6384994751872	1.8005232258760855	0.45778443306989997
195.67929830462828	1.8004847643935393	0.4577770192601074
195.72010564233582	1.8004463101117052	0.4577696068875242
195.76092149008417	1.8004078630293712	0.45776219595189227
195.801745849648	1.8003694231453247	0.4577547864529533
195.8425787228024	1.8003309904583547	0.4577473783904492
195.8834201113228	1.8002925649672488	0.4577399717641219
195.924270016985	1.800254146670796	0.4577325665737133
195.9651284415652	1.800215735567785	0.4577251628189653
196.00599538684003	1.800177331657004	0.45771776049962015
196.04687085458627	1.8001389349372428	0.45771035961541967
196.08775484658125	1.80010054540729	0.457702960166106
196.12864736460264	1.800062163065935	0.45769556215142143
196.16954841042852	1.8000237879119674	0.457688165571108
196.21045798583728	1.7999854199441765	0.457680770424908
196.25137609260764	1.7999470591613524	0.45767337671256353
196.2923027325188	1.799908705562285	0.45766598443381706
196.33323790735025	1.7998703591457643	0.4576585935884109
196.37418161888198	1.7998320199105802	0.4576512041760873
196.41513386889403	1.799793687855524	0.45764381619658867
196.45609465916726	1.7997553629793854	0.45763642964965756
196.49706399148255	1.7997170452809557	0.4576290445350364
196.53804186762127	1.7996787347590253	0.4576216608524677
196.57902828936523	1.7996404314123855	0.4576142786016942
196.62002325849647	1.7996021352398277	0.45760689778245817
196.66102677679757	1.799563846240143	0.4575995183945024
196.7020388460513	1.799525564412123	0.4575921404375697
196.74305946804097	1.7994872897545595	0.45758476391140257
196.78408864455014	1.799449022266244	0.4575773888157439
196.82512637736284	1.7994107619459692	0.45757001515033635
196.86617266826323	1.7993725087925263	0.4575626429149231
196.90722751903633	1.799334262804708	0.45755527210924674
196.94829093146694	1.7992960239813072	0.45754790273305007
196.98936290734076	1.7992577923211162	0.45754053478607626
197.0304434484435	1.7992195678229277	0.4575331682680682
197.07153255656138	1.799181350485535	0.457525803178769
197.11263023348096	1.7991431403077307	0.4575184395179217
197.15373648098927	1.7991049372883083	0.45751107728526935
197.1948513008736	1.7990667414260615	0.457503716480555
197.23597469492162	1.7990285527197838	0.45749635710352204
197.27710666492152	1.7989903711682687	0.4574889991539136
197.3182472126615	1.7989521967703102	0.45748164263147295
197.35939633993067	1.7989140295247024	0.4574742875359434
197.40055404851802	1.7988758694302398	0.45746693386706816
197.44172034021324	1.798837716485716	0.4574595816245909
197.48289521680613	1.7987995706899267	0.4574522308082547
197.52407868008711	1.7987614320416656	0.4574448814178032
197.56527073184685	1.7987233005397278	0.4574375334529798
197.6064713738764	1.7986851761829088	0.45743018691352816
197.64768060796712	1.7986470589700032	0.4574228417991918
197.68889843591094	1.7986089488998067	0.4574154981097142
197.7301248595	1.7985708459711145	0.4574081558448392
197.77135988052677	1.7985327501827226	0.45740081500431035
197.81260350078423	1.7984946615334265	0.45739347558787147
197.85385572206573	1.7984565800220225	0.4573861375952662
197.89511654616487	1.7984185056473063	0.4573788010262384
197.93638597487575	1.7983804384080746	0.4573714658805319
197.9776640099927	1.7983423783031238	0.45736413215789073
198.01895065331067	1.79830432533125	0.45735679985805866
198.06024590662474	1.7982662794912507	0.4573494689807797
198.10154977173045	1.7982282407819226	0.45734213952579755
198.1428622504237	1.7981902092020625	0.45733481149285676
198.1841833445009	1.7981521847504678	0.45732748488170116
198.22551305575854	1.798114167425936	0.45732015969207473
198.26685138599376	1.7980761572272645	0.4573128359237218
198.30819833700406	1.7980381541532513	0.4573055135763864
198.34955391058708	1.7980001582026939	0.4572981926498131
198.39091810854106	1.7979621693743906	0.45729087314374567
198.43229093266456	1.7979241876671397	0.4572835550579287
198.47367238475644	1.7978862130797393	0.45727623839210657
198.5150624666161	1.7978482456109877	0.4572689231460236
198.55646118004313	1.797810285259684	0.4572616093194242
198.59786852683754	1.797772332024627	0.4572542969120528
198.63928450879985	1.7977343859046155	0.457246985923654
198.68070912773075	1.7976964468984489	0.45723967635397217
198.72214238543148	1.7976585150049262	0.45723236820275204
198.76358428370352	1.797620590222847	0.4572250614697381
198.80503482434887	1.7975826725510113	0.4572177561546751
198.8464940091698	1.797544761988218	0.4572104522573077
198.88796183996894	1.7975068585332679	0.4572031497773807
198.9294383185494	1.7974689621849609	0.45719584871463864
198.97092344671455	1.7974310729420968	0.45718854906882667
199.01241722626833	1.7973931908034764	0.45718125083968936
199.05391965901467	1.7973553157679005	0.45717395402697153
199.09543074675835	1.7973174478341691	0.4571666586304185
199.13695049130413	1.797279587001084	0.4571593646497749
199.17847889445744	1.7972417332674455	0.4571520720847858
199.2200159580239	1.7972038866320552	0.45714478093519634
199.26156168380962	1.7971660470937145	0.45713749120075137
199.30311607362097	1.7971282146512246	0.45713020288119627
199.34467912926482	1.7970903893033874	0.4571229159762761
199.3862508525484	1.797052571049005	0.45711563048573584
199.4278312452791	1.797014759886879	0.45710834640932113
199.46942030926502	1.7969769558158117	0.4571010637467769
199.51101804631443	1.7969391588346055	0.45709378249784854
199.55262445823607	1.796901368942063	0.45708650266228146
199.59423954683893	1.7968635861369864	0.457079224239821
199.6358633139325	1.796825810418179	0.4570719472302126
199.67749576132667	1.796788041784443	0.4570646716332018
199.71913689083158	1.7967502802345825	0.457057397448534
199.76078670425775	1.7967125257674001	0.4570501246759548
199.80244520341634	1.7966747783816996	0.45704285331520966
199.84411239011854	1.7966370380762842	0.4570355833660444
199.885788266176	1.796599304849958	0.45702831482820444
199.92747283340108	1.7965615787015246	0.45702104770143565
199.969166093606	1.7965238596297883	0.45701378198548365
200.01086804860367	1.7964861476335532	0.45700651768009437
200.05257870020736	1.7964484427116238	0.45699925478501346
200.09429805023066	1.7964107448628046	0.4569919932999869
200.13602610048758	1.7963730540859002	0.45698473322476035
200.17776285279245	1.7963353703797156	0.45697747455908
200.21950830896003	1.7962976937430557	0.4569702173026917
200.26126247080538	1.796260024174726	0.4569629614553414
200.30302534014416	1.796222361673531	0.4569557070167753
200.344796918792	1.7961847062382772	0.4569484539867393
200.38657720856537	1.7961470578677696	0.45694120236497965
200.42836621128086	1.7961094165608142	0.45693395215124233
200.47016392875543	1.796071782316217	0.45692670334527374
200.51197036280647	1.7960341551327839	0.4569194559468201
200.55378551525177	1.7959965350093214	0.45691220995562754
200.5956093879095	1.7959589219446361	0.45690496537144243
200.63744198259823	1.7959213159375345	0.4568977221940111
200.67928330113673	1.7958837169868227	0.45689048042308017
200.72113334534447	1.7958842107341129	0.45687355085249903
200.762992117041	1.7959174964843516	0.4568482829618528
200.80485961804638	1.795950775272811	0.4568230212813813
200.84673585018098	1.7959840471009034	0.4567977658093562
200.88862081526577	1.79601731197004	0.4567725165440497
200.93051451512179	1.7960505698816316	0.4567472734837346
200.9724169515707	1.7960838208370895	0.45672203662668437
201.01432812643432	1.7961170648378249	0.45669680597117274
201.05624804153516	1.7961503018852474	0.45667158151547427
201.09817669869574	1.796183531980768	0.4566463632578642
201.1401140997393	1.796216755125796	0.45662115119661784
201.18206024648916	1.7962499713217417	0.4565959453300115
201.22401514076932	1.7962831805700143	0.456570745656322
201.26597878440387	1.7963163828720237	0.45654555217382653
201.30795117921753	1.796349578229178	0.45652036488080305
201.3499323270352	1.7963827666428869	0.45649518377553
201.39192222968228	1.7964159481145585	0.4564700088562861
201.43392088898455	1.796449122645601	0.4564448401213514
201.47592830676808	1.7964822902374231	0.45641967756900553
201.51794448485938	1.796515450891432	0.4563945211975294
201.55996942508546	1.7965486046090355	0.45636937100520425
201.60200312927353	1.7965817513916413	0.45634422699031185
201.64404559925106	1.796614891240656	0.45631908915113456
201.6860968368464	1.796648024157487	0.4562939574859554
201.72815684388775	1.7966811501435402	0.4562688319930577
201.77022562220398	1.796714269200223	0.4562437126707256
201.81230317362423	1.7967473813289407	0.4562185995172437
201.85438949997808	1.7967804865311	0.4561934925308971
201.8964846030955	1.796813584808106	0.45616839170997164
201.93858848480681	1.796846676161364	0.4561432970527536
201.98070114694266	1.7968797605922797	0.45611820855752966
202.02282259133418	1.796912838102258	0.4560931262225874
202.0649528198129	1.7969459086927038	0.45606805004621465
202.1070918342105	1.796978972365021	0.45604298002670013
202.1492396363594	1.797012029120614	0.45601791616233267
202.19139622809203	1.7970450789608872	0.45599285845140214
202.23356161124156	1.797078121887244	0.45596780689219857
202.27573578764125	1.7971111579010879	0.45594276148301294
202.31791875912495	1.7971441870038227	0.4559177222221363
202.36011052752673	1.7971772091968508	0.4558926891078606
202.4023110946811	1.7972102244815755	0.4558676621384784
202.4445204624231	1.797243232859399	0.4558426413122826
202.4867386325879	1.797276234331724	0.4558176266275667
202.52896560701126	1.7973092288999521	0.4557926180826248
202.57120138752916	1.7973422165654855	0.45576761567575164
202.613445975978	1.7973751973297256	0.4557426194052424
202.6556993741947	1.797408171194074	0.4557176292693929
202.69796158401647	1.7974411381599316	0.4556926452664994
202.74023260728083	1.7974740982286992	0.45566766739485887
202.7825124458258	1.797507051401778	0.45564269565276855
202.82480110148973	1.7975399976805677	0.4556177300385266
202.86709857611137	1.7975729370664688	0.4555927705504316
202.90940487152983	1.7976058695608814	0.4555678171867825
202.95171998958452	1.7976387951652049	0.4555428699458791
202.9940439321155	1.7976717138808391	0.4555179288260215
203.03637670096293	1.7977046257091824	0.4554929938255107
203.07871829796755	1.7977375306516346	0.4554680649426477
203.1210687249703	1.7977704287095941	0.45544314217573445
203.16342798381265	1.7978033198844594	0.4554182255230736
203.20579607633644	1.7978362041776286	0.455393314982968
203.2481730043838	1.7978690815904999	0.45536841055372107
203.29055876979743	1.797901952124471	0.455343512233637
203.33295337442013	1.7979348157809396	0.4553186200210204
203.3753568200954	1.7979676725613025	0.45529373391417666
203.41776910866676	1.7980005224669573	0.4552688539114113
203.4601902419786	1.7980333654993002	0.45524398001103067
203.50262022187516	1.7980662016597284	0.45521911221134154
203.5450590502015	1.7980990309496379	0.45519425051065154
203.5875067288028	1.7981318533704245	0.45516939490726843
203.62996325952474	1.7981646689234847	0.4551445453995007
203.6724286442134	1.7981974776102134	0.4551197019856576
203.71490288471512	1.7982302794320066	0.4550948646640486
203.7573859828768	1.7982630743902588	0.45507003343298386
203.79987794054549	1.7982958624863654	0.4550452082907741
203.84237875956902	1.7983286437217207	0.45502038923573057
203.88488844179503	1.7983614180977194	0.45499557626616516
203.92740698907215	1.7983941856157555	0.4549707693803901
203.96993440324894	1.7984269462772227	0.4549459685767184
204.0124706861746	1.7984626878931713	0.4549329855480438
204.05501583969863	1.7984993584635396	0.45492370967481044
204.0975698656709	1.7985360208204904	0.45491443625729955
204.1401327659417	1.7985726749659874	0.45490516529473723
204.18270454236168	1.7986093209019953	0.4548958967863495
204.22528519678193	1.7986459586304777	0.45488663073136276
204.26787473105378	1.7986825881533972	0.4548773671290042
204.31047314702926	1.7987192094727165	0.45486810597850047
204.35308044656034	1.7987558225903975	0.4548588472790792
204.39569663149973	1.798792427508401	0.45484959102996825
204.4383217037004	1.7988290242286888	0.4548403372303955
204.48095566501576	1.798865612753221	0.4548310858795892
204.5235985172994	1.798902193083957	0.4548218369767781
204.56625026240565	1.7989387652228563	0.45481259052119116
204.60891090218897	1.7989753291718777	0.45480334651205745
204.65158043850428	1.79901188493298	0.45479410494860656
204.6942588732069	1.79904843250812	0.45478486583006844
204.73694620815235	1.7990849718992554	0.454775629155673
204.779642445197	1.7991215031083432	0.45476639492465076
204.82234758619705	1.7991580261373388	0.45475716313623266
204.86506163300947	1.7991945409881986	0.45474793378964945
204.90778458749142	1.7992310476628777	0.45473870688413265
204.9505164515006	1.79926754616333	0.45472948241891376
204.99325722689505	1.7993040364915107	0.4547202603932248
205.03600691553305	1.7993405186493723	0.454711040806298
205.07876551927347	1.7993769926388683	0.45470182365736594
205.12153303997542	1.7994134584619514	0.4546926089456613
205.16430947949863	1.7994499161205735	0.45468339667041746
205.20709483970273	1.799486365616686	0.4546741868308677
205.2498891224484	1.7995228069522398	0.4546649794262458
205.29269232959612	1.7995592401291858	0.45465577445578564
205.3355044630071	1.7995956651494736	0.4546465719187218
205.37832552454284	1.7996320820150524	0.4546373718142888
205.42115551606523	1.7996684907278715	0.45462817414172163
205.4639944394365	1.7997048912898792	0.45461897890025543
205.50684229651935	1.799741283703023	0.4546097860891259
205.54969908917687	1.7997776679692508	0.45460059570756867
205.59256481927244	1.7998140440905093	0.45459140775481993
205.63543948866996	1.7998504120687444	0.4545822222301162
205.67832309923352	1.7998867719059024	0.4545730391326941
205.72121565282788	1.7999231236039284	0.4545638584617906
205.76411715131798	1.799959467164767	0.4545546802166432
205.80702759656918	1.7999958025903626	0.45454550439648933
205.84994699044725	1.8000321298826587	0.45453633100056723
205.8928753348183	1.800068449043599	0.4545271600281147
205.93581263154903	1.8001047600751254	0.4545179914783706
205.97875888250636	1.8001410629791808	0.4545088253505735
206.02171408955752	1.8001773577577067	0.4544996616439625
206.06467825457023	1.800213644412644	0.45449050035777716
206.1076513794128	1.8002499229459332	0.4544813414912572
206.15063346595346	1.8002861933595151	0.4544721850436424
206.19362451606125	1.8003224556553286	0.45446303101417324
206.23662453160537	1.8003587098353129	0.45445387940209026
206.2796335144556	1.8003949559014067	0.4544447302066343
206.32265146648197	1.8004311938555482	0.45443558342704665
206.36567838955486	1.8004674236996745	0.4544264390625687
206.40871428554513	1.800503645435723	0.4544172971124421
206.45175915632404	1.8005398590656299	0.45440815757590924
206.49481300376326	1.8005760645913316	0.45439902045221214
206.53787582973462	1.800612262014763	0.4543898857405937
206.58094763611075	1.8006484513378596	0.45438075344029677
206.6240284247643	1.8006846325625552	0.45437162355056465
206.6671181975684	1.8007208056907844	0.4543624960706408
206.7102169563968	1.8007569707244804	0.4543533709997691
206.75332470312333	1.8007931276655758	0.4543442483371937
206.79644143962233	1.800829276516003	0.4543351280821591
206.83956716776865	1.8008654172776943	0.4543260102339099
206.8827018894374	1.8009015499525807	0.4543168947916912
206.92584560650403	1.8009376745425933	0.4543077817547481
206.96899832084458	1.800973791049662	0.45429867112232664
207.01216003433515	1.801009899475717	0.4542895628936722
207.05533074885264	1.8010459998226878	0.4542804570680314
207.0985104662741	1.8010820920925026	0.45427135364465043
207.14169918847693	1.8011181762870898	0.4542622526227763
207.18489691733913	1.8011542524083775	0.45425315400165595
207.22810365473882	1.8011903204582929	0.45424405778053667
207.27131940255478	1.8012263804387623	0.4542349639586663
207.31454416266598	1.8012624323517124	0.4542258725352927
207.35777793695192	1.8012984761990687	0.45421678350966405
207.40102072729238	1.8013345119827564	0.454207696881029
207.44427253556768	1.8013705397047004	0.4541986126486363
207.48753336365832	1.8014065593668247	0.4541895308117351
207.5308032134454	1.801442570971053	0.45418045136957474
207.57408208681028	1.8014785745193085	0.4541713743214051
207.61736998563472	1.8015145700135138	0.45416229966647603
207.66066691180094	1.801550557455591	0.4541532274040378
207.70397286719157	1.8015865368474617	0.45414415753334114
207.7472878536895	1.8016225081910469	0.45413509005363684
207.79061187317816	1.8016584714882677	0.4541260249641759
207.8339449275413	1.801694426741044	0.45411696226421
207.87728701866294	1.8017303739512949	0.45410790195299083
207.92063814842788	1.8017663131209403	0.4540988440297703
207.96399831872077	1.8018022442518982	0.45408978849380083
208.00736753142715	1.8018381673460864	0.4540807353443352
208.05074578843266	1.8018740824054231	0.45407168458062597
208.09413309162338	1.8019099894318251	0.45406263620192655
208.13752944288592	1.801945888427209	0.45405359020749037
208.1809348441071	1.8019817793934907	0.45404454659657123
208.22434929717423	1.8020176623325856	0.4540355053684232
208.26777280397502	1.802053537246409	0.4540264665223006
208.31120536639762	1.8020894041368754	0.4540174300574581
208.35464698633024	1.8021252630058981	0.4540083959731507
208.3980976656621	1.8021611138553917	0.4539993642686334
208.44155740628227	1.8021969566872682	0.453990334943162
208.48502621008043	1.8022327915034404	0.4539813079959922
208.52850407894664	1.8022686183058205	0.45397228342637996
208.57199101477138	1.80230443709632	0.4539632612335817
208.61548701944545	1.802340247876849	0.45395424141685425
208.6589920948601	1.802376050649319	0.45394522397545445
208.70250624290694	1.8024118454156395	0.4539362089086395
208.74602946547805	1.8024476321777196	0.453927196215667
208.78956176446584	1.8024834109374688	0.45391818589579475
208.83310314176296	1.802519181696795	0.4539091779482809
208.8766535992629	1.8025549444576063	0.4539001723723837
208.92021313885903	1.8025906992218101	0.4538911691673621
208.96378176244548	1.8026264459913133	0.45388216833247486
209.00735947191657	1.8026621847680226	0.4538731698669812
209.0509462691671	1.8026979155538434	0.45386417377014077
209.0945421560923	1.802733638350681	0.4538551800412135
209.1381471345877	1.8027693531604407	0.45384618867945925
209.1817612065493	1.8028050599850267	0.45383719968413866
209.22538437387348	1.8028407588263429	0.45382821305451226
209.26901663845697	1.8028764496862923	0.4538192287898412
209.31265800219688	1.8029121325667783	0.4538102468893866
209.35630846699092	1.8029478074697032	0.45380126735240994
209.39996803473693	1.8029834743969682	0.45379229017817335
209.44363670733327	1.8030191333504753	0.4537833153659387
209.48731448667866	1.803054784332125	0.45377434291496843
209.53100137467231	1.8030904273438177	0.45376537282452534
209.5746973732137	1.803126062387453	0.4537564050938724
209.61840248420273	1.803161689464931	0.45374743972227266
209.66211670953987	1.8031973085781496	0.45373847670899
209.70584005112562	1.8032329197290078	0.45372951605328793
209.74957251086133	1.8032685229194028	0.4537205577544309
209.7933140906484	1.8033041181512324	0.453711601811683
209.8370647923887	1.8033397054263929	0.4537026482243092
209.88082461798467	1.803375284746781	0.4536936969915743
209.9245935693389	1.8034108561142925	0.4536847481127436
209.96837164835452	1.8034464195308226	0.45367580158708265
210.01215885693506	1.8034819749982662	0.45366685741385726
210.05595519698437	1.8035175225185172	0.45365791559233365
210.09976067040685	1.8035530620934699	0.453648976121778
210.14357527910713	1.8035885937250173	0.45364003900145716
210.18739902499016	1.8036241174150522	0.453631104230638
210.23123190996168	1.803659633165467	0.4536221718085879
210.27507393592742	1.8036951409781536	0.45361324173457424
210.31892510479366	1.803730640855003	0.4536043140078649
210.36278541846707	1.803766132797906	0.45359538862772797
210.40665487885482	1.803801616808753	0.45358646559343185
210.45053348786428	1.8038370928894338	0.4535775449042451
210.49442124740335	1.8038725610418374	0.45356862655943686
210.53831815938037	1.8039080212678529	0.4535597105582762
210.58222422570392	1.8039434735693685	0.45355079690003264
210.6261394482832	1.803978917948272	0.453541885583976
210.67006382902738	1.8040143544064504	0.4535329766093765
210.71399736984665	1.804049782945791	0.4535240699755042
210.75794007265105	1.8040852035681798	0.4535151656816299
210.80189193935138	1.8041205311054418	0.4535062851364345
210.8458529718586	1.8041523949070037	0.4534982755944925
210.88982317208416	1.8041842516361704	0.45349026811314463
210.93380254194	1.8042161012946052	0.4534822626917694
210.97779108333833	1.8042479438839714	0.4534742593297455
211.0217887981918	1.8042797794059315	0.45346625802645196
211.06579568841343	1.8043116078621484	0.45345825878126816
211.10981175591675	1.8043434292542835	0.4534502615935734
211.15383700261552	1.8043752435839984	0.4534422664627474
211.197871430424	1.804407050852954	0.45343427338817016
211.24191504125687	1.8044388510628113	0.4534262823692216
211.28596783702912	1.80447064421523	0.4534182934052824
211.33002981965626	1.8045024303118702	0.45341030649573294
211.37410099105412	1.804534209354391	0.45340232163995425
211.41818135313895	1.8045659813444515	0.45339433883732716
211.46227090782742	1.8045977462837097	0.45338635808723327
211.5063696570365	1.804629504173824	0.45337837938905384
211.5504776026836	1.804661255016452	0.45337040274217066
211.5945947466867	1.804692998813251	0.4533624281459658
211.63872109096394	1.8047247355658769	0.4533544555998216
211.682856637434	1.8047564652759869	0.4533464851031202
211.72700138801596	1.8047881879452365	0.4533385166552445
211.77115534462916	1.8048199035752812	0.4533305502555773
211.81531850919353	1.804851612167776	0.4533225859035016
211.85949088362926	1.8048833137243754	0.45331462359840113
211.90367246985704	1.8049150082467338	0.4533066633396591
211.94786326979792	1.8049466957365043	0.4532987051266595
211.99206328537335	1.8049783761953413	0.4532907489587863
212.03627251850506	1.8050100496248966	0.4532827948354237
212.08049097111544	1.805041716026823	0.4532748427559565
212.12471864512713	1.805073375402773	0.45326689271976905
212.16895554246304	1.8051050277543974	0.45325894472624645
212.2132016650467	1.8051366730833478	0.453250998774774
212.25745701480204	1.8051683113912746	0.4532430548647369
212.3017215936532	1.8051999426798286	0.453235112995521
212.34599540352494	1.8052315669506593	0.45322717316651184
212.3902784463422	1.8052631842054163	0.4532192353770958
212.43457072403055	1.8052947944457483	0.4532112996266592
212.47887223851575	1.8053263976733043	0.45320336591458826
212.523182991724	1.8053579938897322	0.4531954342402701
212.56750298558222	1.80538958309668	0.45318750460309154
212.61183222201723	1.8054211652957948	0.4531795770024397
212.65617070295656	1.8054527404887235	0.45317165143770227
212.70051843032812	1.8054843086771124	0.4531637279082668
212.74487540606017	1.805515869862608	0.45315580641352105
212.7892416320813	1.8055474240468552	0.4531478869528534
212.83361711032063	1.8055789712314998	0.45313996952565205
212.87800184270773	1.8056105114181862	0.4531320541313057
212.9223958311724	1.8056420446085588	0.45312414076920293
212.96679907764494	1.8056735708042617	0.4531162294387329
213.01121158405596	1.805705090006938	0.4531083201392849
213.05563335233654	1.8057366022182308	0.4531004128702485
213.1000643844183	1.805768107439783	0.4530925076310131
213.14450468223308	1.805799605673237	0.45308460442096876
213.188954247713	1.8058310969202338	0.45307670323950583
213.23341308279103	1.8058625811824154	0.4530688040860144
213.27788118940015	1.8058940584614223	0.4530609069598853
213.32235856947383	1.8059255287588953	0.45305301186050917
213.36684522494605	1.8059569920764742	0.45304511878727716
213.41134115775102	1.8059884484157986	0.45303722773958066
213.45584636982352	1.8060198977785085	0.4530293387168109
213.50036086309868	1.8060513401662417	0.4530214517183598
213.54488463951196	1.806082775580637	0.4530135667436193
213.5894177009993	1.8061142040233322	0.45300568379198153
213.63396004949712	1.8061473447087928	0.4530046574804408
213.678511686942	1.8061825477273088	0.4530118840562734
213.72307261527118	1.8062177427214992	0.4530191090154666
213.76764283642217	1.8062529296933618	0.45302633235840795
213.81222235233287	1.806288108644894	0.45303355408548507
213.85681116494177	1.8063232795780937	0.45304077419708505
213.90140927618742	1.806358442494957	0.4530479926935951
213.9460166880092	1.80639359739748	0.4530552095754025
213.99063340234645	1.8064287442876583	0.45306242484289405
214.0352594211392	1.8064638831674864	0.45306963849645693
214.07989474632788	1.806499014038959	0.45307685053647767
214.12453937985325	1.8065341369040697	0.4530840609633431
214.16919332365646	1.806569251764811	0.4530912697774398
214.21385657967912	1.8066043586231761	0.4530984769791543
214.25852914986322	1.806639457481157	0.4531056825688728
214.3032110361511	1.8066745483407445	0.45311288654698173
214.34790224048564	1.8067096312039301	0.4531200889138673
214.39260276480985	1.8067447060727033	0.4531272896699155
214.4373126110677	1.8067797729490542	0.4531344888155122
214.4820317812029	1.806814831834972	0.45314168635104335
214.52676027715998	1.8068498827324446	0.45314888227689476
214.57149810088367	1.80688492564346	0.4531560765934521
214.61624525431935	1.8069199605700061	0.45316326930110074
214.6610017394125	1.8069549875140691	0.4531704604002262
214.70576755810933	1.8069900064776356	0.4531776498912139
214.75054271235618	1.8070250174626907	0.453184837774449
214.79532720409986	1.8070600204712197	0.45319202405031667
214.8401210352878	1.807095015505207	0.4531992087192019
214.88492420786756	1.8071300025666368	0.45320639178148947
214.92973672378713	1.8071649816574917	0.45321357323756456
214.9745585849951	1.8071999527797553	0.4532207530878114
215.01938979344033	1.8072349159354086	0.453227931332615
215.06423035107207	1.8072698711264341	0.45323510797235966
215.10908025984006	1.8073048183548126	0.45324228300742975
215.15393952169444	1.8073397576225243	0.4532494564382098
215.19880813858566	1.807374688931549	0.4532566282650838
215.2436861124647	1.8074096122838663	0.45326379848843584
215.2885734452827	1.8074445276814548	0.4532709671086499
215.3334701389917	1.8074794351262922	0.4532781341261099
215.37837619554355	1.8075143346203566	0.45328529954119967
215.423291616891	1.8075492261656247	0.45329246335430273
215.46821640498686	1.8075841097640728	0.45329962556580283
215.51315056178453	1.8076189854176772	0.4533067861760832
215.5580940892378	1.8076538531284125	0.4533139451855275
215.60304698930085	1.8076887128982537	0.4533211025945188
215.64800926392826	1.807723564729175	0.4533282584034403
215.69298091507497	1.8077584086231497	0.45333541261267496
215.7379619446965	1.8077932445821512	0.45334256522260585
215.78295235474846	1.8078280726081515	0.45334971623361564
215.8279521471873	1.8078628927031222	0.45335686564608735
215.87296132396943	1.8078977048690352	0.4533640134604033
215.91797988705196	1.8079325091078606	0.4533711596769462
215.9630078383924	1.807967305421569	0.4533783042960984
216.00804517994848	1.8080020938121293	0.45338544731824243
216.05309191367846	1.8080368742815112	0.45339258874376015
216.0981480415411	1.8080716468316824	0.45339972857303407
216.1432135654954	1.8081064114646113	0.45340686680644593
216.18828848750084	1.8081411681822648	0.45341400344437766
216.2333728095174	1.8081759169866098	0.45342113848721116
216.27846653350517	1.8082106578796124	0.45342827193532803
216.32356966142507	1.8082453908632379	0.45343540378911007
216.3686821952381	1.8082801159394513	0.4534425340489387
216.4138041369058	1.8083148331102172	0.4534496627151952
216.45893548839013	1.8083495423774996	0.45345678978826087
216.50407625165334	1.8083842437432613	0.453463915268517
216.54922642865833	1.8084189372094652	0.45347103915634474
216.5943860213682	1.8084536227780736	0.45347816145212483
216.63955503174643	1.808488300451048	0.4534852821562384
216.68473346175713	1.8085229702303491	0.4534924012690661
216.72992131336466	1.8085576321179377	0.45349951879098854
216.7751185885337	1.8085922861157737	0.45350663472238645
216.82032528922954	1.8086269322258162	0.4535137490636402
216.86554141741786	1.8086615704500235	0.4535208618151303
216.91076697506463	1.8086962007903546	0.45352797297723674
216.95600196413628	1.8087308232487667	0.4535350825503399
217.00124638659963	1.8087654378272169	0.4535421905348198
217.046500244422	1.8088000445276613	0.4535492969310564
217.09176353957105	1.8088346433520566	0.4535564017394294
217.1370362740148	1.8088692343023574	0.4535635049603188
217.18231844972178	1.8089038173805185	0.45357060659410403
217.2276100686609	1.8089383925884945	0.45357770664116487
217.2729111328015	1.8089729599282387	0.4535848051018805
217.3182216441132	1.8090075194017043	0.45359190197663046
217.3635416045662	1.8090420710108441	0.45359899726579384
217.40887101613103	1.8090766147576094	0.45360609096975
217.45420988077862	1.809111150643952	0.45361318308887777
217.4995582004804	1.8091456786718227	0.45362027362355606
217.54491597720803	1.809180198843172	0.45362736257416386
217.59028321293383	1.8092147111599488	0.45363444994107976
217.6356599096304	1.809249215624103	0.4536415357246826
217.68104606927054	1.8092837122375829	0.4536486199253505
217.72644169382795	1.809318201002336	0.4536557025434623
217.77184678527624	1.8093526819203107	0.4536627835793961
217.81726134558977	1.8093871549934533	0.4536698630335302
217.86268537674317	1.80942162022371	0.45367694090624267
217.90811888071147	1.8094560776130266	0.45368401719791146
217.95356185947023	1.8094905271633488	0.4536910919089146
217.99901431499526	1.8095249688766206	0.45369816503962984
218.04447624926286	1.8095594027547863	0.4537052365904349
218.08994766424988	1.8095938287997895	0.45371230656170736
218.1354285619334	1.809628247013573	0.4537193749538249
218.18091894429068	1.809662657398079	0.4537264417671646
218.2264188133001	1.8096970599552498	0.45373350700210396
218.27192817093982	1.8097314546870262	0.4537405706590203
218.31744701918853	1.809765841595349	0.4537476327382904
218.3629753600256	1.8098002206821588	0.45375469324029144
218.4085131954305	1.8098345919493943	0.4537617521654004
218.4540605273832	1.8098689553989953	0.45376880951399384
218.49961735786434	1.8099033110329	0.4537758652864486
218.54518368885468	1.809937658853046	0.4537829194831413
218.5907595223353	1.809971998861371	0.45378997210444844
218.63634486028815	1.810006331059812	0.45379702315074616
218.68193970469508	1.8100406554503043	0.453804072622411
218.72754405753867	1.8100749720347846	0.45381112051981914
218.77315792080185	1.8101092808151875	0.4538181668433466
218.81878129646788	1.8101435817934473	0.45382521159336925
218.86441418652052	1.8101778749714985	0.4538322547702632
218.91005659294402	1.8102121603512742	0.45383929637440407
218.95570851772277	1.8102464379347076	0.45384633640616756
219.00136996284186	1.8102807077237306	0.4538533748659292
219.04704093028673	1.8103149697202754	0.4538604117540645
219.09272142204296	1.8103492239262726	0.4538674470709489
219.138411440097	1.8103834703436537	0.45387448081695764
219.18411098643537	1.8104177089743476	0.45388151299246593
219.22982006304517	1.8104519398202852	0.45388854359784864
219.27553867191378	1.8104861628833944	0.45389557263348096
219.32126681502913	1.810520378165604	0.4539026000997377
219.36700449437953	1.8105545856688423	0.4539096259969935
219.4127517119537	1.8105887853950358	0.4539166503256233
219.45850846974068	1.8106229773461118	0.4539236730860014
219.50427476973007	1.8106571615239961	0.45393069427850236
219.5500506139118	1.8106913379306147	0.4539377139035007
219.59583600427618	1.8107255065678924	0.4539447319613704
219.64163094281415	1.8107596674377542	0.4539517484524858
219.6874354315167	1.8107938205421235	0.453958763377221
219.73324947237555	1.8108279658829243	0.45396577673594984
219.77907306738265	1.8108621034620789	0.45397278852904616
219.8249062185306	1.81089623328151	0.4539797987568838
219.87074892781214	1.810930355343139	0.4539868074198364
219.9166011972205	1.8109644696488878	0.4539938145182775
219.96246302874948	1.8109985762006762	0.4540008200525807
220.0083344243931	1.8110326750004249	0.4540078240231191
220.05421538614593	1.8110667660500532	0.45401482643026614
220.10010591600292	1.8111008493514802	0.454021827274395
220.14600601595927	1.8111349249066242	0.4540288265558787
220.19191568801097	1.8111689927174033	0.45403582427509004
220.237834934154	1.8112030527857346	0.454042820432402
220.28376375638507	1.8112371051135352	0.4540498150281874
220.32970215670122	1.811271149702721	0.45405680806281895
220.37565013709983	1.811305186555208	0.454063799536669
220.42160769957874	1.811339215672911	0.45407078945011004
220.46757484613627	1.8113732370577447	0.45407777780351455
220.513551578771	1.8114072507116235	0.45408476459725466
220.55953789948217	1.8114412566364604	0.4540917498317027
220.60553381026918	1.8114752548341684	0.45409873350723046
220.65153931313202	1.8115092453066601	0.4541057156242102
220.69755441007104	1.8115432280558472	0.4541126961830135
220.74357910308692	1.811577203083641	0.45411967518401225
220.789613394181	1.8116111703919524	0.45412665262757806
220.83565728535473	1.8116451299826912	0.4541336285140826
220.88171077861023	1.8116790818577675	0.4541406028438971
220.9277738759499	1.8117130260190897	0.4541475756173933
220.97384657937664	1.8117469624685671	0.4541545468349421
221.0199288908936	1.8117808912081073	0.4541615164969148
221.06602081250463	1.8118148122396178	0.4541684846036823
221.1121223462137	1.8118487255650055	0.4541754511556158
221.15823349402547	1.8118826311861769	0.4541824161530859
221.20435425794466	1.8119165291050374	0.4541893795964636
221.2504846399769	1.8119504193234923	0.45419634148611954
221.29662464212777	1.811984301843447	0.45420330182242397
221.3427742664036	1.8120181766668046	0.45421026060574776
221.38893351481093	1.8120520437954695	0.4542172178364611
221.43510238935679	1.8120859032313446	0.45422417351493405
221.48128089204874	1.8121197549763322	0.4542311276415371
221.52746902489446	1.812153599032334	0.4542380802166402
221.5736667899025	1.8121874354012524	0.4542450312406131
221.6198741890813	1.8122212640849873	0.45425198071382594
221.66609122444015	1.8122550850854393	0.45425892863664846
221.71231789798856	1.8122888984045085	0.4542658750094501
221.75855421173648	1.812322704044094	0.4542728198326006
221.80480016769428	1.812356502006094	0.4542797631064694
221.85105576787288	1.8123902922924071	0.4542867048314259
221.89732101428334	1.8124240749049307	0.45429364500783936
221.94359590893743	1.8124578498455626	0.45430058363607884
221.9898804538472	1.8124916171161984	0.4543075207165135
222.03617465102505	1.8125253767187341	0.4543144562495124
222.08247850248395	1.812559128655066	0.45432139023544404
222.12879201023716	1.8125928729270877	0.45432832267467776
222.17511517629853	1.8126266095366943	0.45433525356758175
222.22144800268214	1.81266033848578	0.4543421829145247
222.26779049140256	1.812694059776237	0.4543491107158754
222.3141426444748	1.812727773409959	0.4543560369720017
222.36050446391442	1.8127614793888374	0.4543629616832723
222.4068759517371	1.8127951777147642	0.4543698848500552
222.4532571099591	1.8128288683896303	0.4543768064727186
222.49964794059724	1.8128625514153265	0.4543837265516303
222.54604844566848	1.8128962267937427	0.4543906450871582
222.59245862719047	1.8129298945267682	0.45439756207967025
222.63887848718102	1.812963554616292	0.454404477529534
222.68530802765858	1.8129972070642024	0.4544113914371172
222.73174725064192	1.8130308518723872	0.45441830380278714
222.77819615815025	1.813064489042734	0.4544252146269112
222.82465475220323	1.8130981185771293	0.4544321239098568
222.87112303482087	1.8131317404774592	0.4544390316519911
222.91760100802372	1.8131653547456095	0.4544459378536812
222.9640886738325	1.8131989613834651	0.4544528425152941
223.01058603426875	1.813232560392911	0.45445974563719665
223.05709309135398	1.8132661517758308	0.45446664721975577
223.10360984711053	1.8132997355341085	0.4544735472633379
223.15013630356086	1.8133333116696266	0.4544804457683098
223.19667246272803	1.8133668801842677	0.4544873427350381
223.24321832663549	1.8134004410799138	0.45449423816388906
223.289773897307	1.8134335863217572	0.45450123432152556
223.33633917676684	1.8134371943779275	0.45451563004289397
223.3829141670398	1.813440801769056	0.4545300226836464
223.42949887015095	1.8134444084952424	0.45454441224445724
223.47609328812567	1.8134480145565866	0.45455879872600063
223.52269742299023	1.8134516199531876	0.4545731821289507
223.56931127677072	1.8134552246851456	0.45458756245398124
223.61593485149407	1.8134588287525604	0.45460193970176604
223.66256814918748	1.8134624321555313	0.45461631387297863
223.7092111718786	1.8134660348941578	0.4546306849682926
223.75586392159545	1.81346963696854	0.4546450529883811
223.8025264003666	1.813473238378777	0.4546594179339173
223.8491986102209	1.8134768391249687	0.45467377980557416
223.89588055318782	1.8134804392072148	0.4546881386040245
223.942572231297	1.8134840386256148	0.45470249432994114
223.9892736465786	1.8134876373802682	0.4547168469839964
224.0359848010633	1.8134912354712749	0.45473119656686267
224.08270569678214	1.8134948329164604	0.45474554314990406
224.12943633576648	1.8134984298131962	0.4547598871216854
224.1761767200483	1.8135020260465626	0.45477422802417783
224.22292685165988	1.8135056216166592	0.454788565858053
224.26968673263391	1.8135092165235855	0.4548029006239829
224.31645636500363	1.8135128107674412	0.45481723232263865
224.36323575080257	1.8135164043483263	0.4548315609546916
224.41002489206457	1.8135199972663398	0.4548458865208131
224.45682379082436	1.8135235895215813	0.4548602090216742
224.50363244911654	1.813527181114151	0.4548745284579454
224.5504508689765	1.8135307720441478	0.4548888448302978
224.59727905243986	1.8135343623116718	0.45490315813940174
224.6441170015428	1.8135379519168222	0.4549174683859277
224.69096471832182	1.8135415408596984	0.45493177557054604
224.73782220481394	1.8135451291404008	0.4549460796939267
224.7846894630565	1.813548716759028	0.45496038075673967
224.8315664950874	1.8135523037156802	0.4549746787596548
224.87845330294488	1.813555890010457	0.45498897370334174
224.9253498886674	1.8135594756434572	0.4550032655884699
224.97225625429445	1.8135630606147812	0.4550175544157087
225.01917240186512	1.813566644924528	0.45503184018572734
225.06609833341966	1.8135702285727977	0.45504612289919477
225.11303405099832	1.813573811559689	0.45506040255678
225.15997955664187	1.8135773938853024	0.4550746791591516
225.20693485239158	1.8135809755497365	0.4550889527069783
225.25389994028913	1.813584556553092	0.4551032232009285
225.3008748223765	1.813588136895467	0.4551174906416705
225.34785950069627	1.8135917165769622	0.4551317550298723
225.3948539772914	1.8135952955976764	0.45514601636620206
225.44185825420513	1.8135988739577094	0.4551602746513275
225.4888723334813	1.813602451657161	0.4551745298859162
225.53589621716412	1.8136060286961302	0.45518878207063596
225.5829299072981	1.813609605074717	0.45520303120615385
225.62997340592855	1.8136131807930207	0.4552172772931372
225.67702671510074	1.8136167558511402	0.4552315203322531
225.72408983686054	1.813620330249176	0.4552457603241685
225.7711627732545	1.8136239039872273	0.4552599972695501
225.81824552632924	1.813627477065393	0.45527423116906446
225.86533809813199	1.8136310494837735	0.45528846202337814
225.91244049071037	1.8136346212424674	0.4553026898331575
225.9595527061124	1.8136381923415748	0.45531691459906853
226.00667474638652	1.8136417627811952	0.4553311363217773
226.05380661358168	1.8136453325614277	0.45534535500194967
226.10094830974717	1.813648901682372	0.4553595706402514
226.1480998369328	1.8136524701441277	0.45537378323734795
226.1952611971887	1.8136560379467939	0.45538799279390474
226.24243239256546	1.81365960509047	0.4554021993105872
226.28961342511423	1.813663171575256	0.4554164027880601
226.33680429688638	1.8136667374012512	0.45543060322698864
226.38400500993367	1.8136703025685548	0.4554448006280375
226.43121556630874	1.8136738670772663	0.4554589949918714
226.47843596806408	1.8136774309274855	0.45547318631915473
226.52566621725293	1.8136809941193113	0.45548737461055205
226.5729063159289	1.8136845566528437	0.4555015598667273
226.62015626614598	1.8136881185281817	0.45551574208834467
226.66741606995876	1.8136916797454248	0.455529921276068
226.71468572942197	1.8136952403046729	0.4555440974305609
226.76196524659102	1.8136988002060246	0.45555827055248727
226.8092546235216	1.8137023594495802	0.45557244064251035
226.85655386227006	1.8137059180354385	0.4555866077012935
226.90386296489268	1.8137094759636991	0.4556007717294997
226.9511819334468	1.8137130332344615	0.4556149327277922
226.99851076998968	1.8137165898478251	0.45562909069683355
227.04584947657926	1.8137201458038892	0.45564324563728664
227.09319805527392	1.8137237011027532	0.455657397549814
227.1405565081323	1.8137272557445168	0.4556715464350779
227.1879248372137	1.8137308097292788	0.4556856922937406
227.23530304457765	1.8137343630571394	0.4556998351264642
227.2826911322842	1.8137379157281972	0.45571397493391075
227.33008910239383	1.813741467742552	0.4557281117167419
227.37749695696746	1.8137450191003033	0.45574224547561926
227.42491469806632	1.8137485698015503	0.4557563762112045
227.4723423277523	1.8137521198463922	0.45577050392415874
227.5197798480875	1.8137556692349286	0.45578462861514324
227.5672272611345	1.813759217967259	0.45579875028481903
227.6146845689564	1.8137627660434825	0.45581286893384704
227.6621517736166	1.8137663134636985	0.45582698456288795
227.70962887717914	1.8137698602280066	0.45584109717260235
227.7571158817083	1.8137734063365056	0.4558552067636507
227.8046127892689	1.8137769517892954	0.45586931333669334
227.85211960192592	1.8137804965864754	0.4558834168923902
227.89963632174528	1.8137840407281445	0.45589751743140144
227.94716295079283	1.8137875842144022	0.4559116149543869
227.99469949113515	1.813791127045348	0.4559257094620062
228.04224594483912	1.8137946692210811	0.45593980095491893
228.08980231397211	1.813798210741701	0.4559538894337843
228.1373686006019	1.8138017516073068	0.4559679748992618
228.1849448067967	1.8138052918179979	0.4559820573520102
228.23253093462515	1.8138088313738734	0.45599613679268886
228.28012698615638	1.8138123702750333	0.4560102132219562
228.32773296345988	1.8138159085215761	0.4560242866404709
228.37534886860544	1.8138194461136017	0.45603835704889173
228.42297470366373	1.813822983051209	0.45605242444787675
228.47061047070525	1.8138265193344976	0.4560664888380842
228.51825617180143	1.8138300549635666	0.4560805502201722
228.56591180902382	1.8138335899385154	0.4560946085947985
228.61357738444462	1.8138371242594433	0.45610866396262095
228.6612529001363	1.8138406579264494	0.45612271632429724
228.7089383581718	1.8138441909396332	0.4561367656804845
228.75663376062462	1.8138477232990942	0.4561508120318403
228.80433910956847	1.813851255004931	0.45616485537902174
228.85205440707773	1.8138547860572436	0.45617889572268566
228.89977965522692	1.8138583164561308	0.45619293306348896
228.94751485609137	1.813861846201692	0.45620696740208855
228.99526001174644	1.8138653752940264	0.4562209987391407
229.04301512426827	1.8138689037332334	0.45623502707530195
229.0907801957332	1.813872431519412	0.45624905241122854
229.13855522821814	1.8138759586526616	0.45626307474757655
229.18634022380039	1.8138794851330817	0.4562770940850019
229.2341351845576	1.8138830109607713	0.45629111042416026
229.28194011256798	1.8138865361358296	0.45630512376570764
229.32975500991012	1.8138900606583557	0.45631913411029934
229.37757987866306	1.8138935845284492	0.4563331414585907
229.4254147209062	1.8138971077462092	0.45634714581123687
229.47325953871945	1.8139006303117347	0.45636114716889314
229.52111433418318	1.8139041522251251	0.4563751455322141
229.56897910937803	1.8139076734864796	0.45638914090185473
229.61685386638536	1.8139111940958974	0.4564031332784696
229.66473860728667	1.813914714053478	0.4564171226627131
229.7126333341641	1.8139182333593198	0.45643110905523965
229.76053804910012	1.813921752013523	0.45644509245670345
229.8084527541776	1.813925270016186	0.45645907286775833
229.85637745147997	1.8139287873674086	0.4564730502890582
229.90431214309103	1.8139323040672894	0.4564870247212571
229.95225683109496	1.8139358201159281	0.45650099616500805
230.0002115175765	1.8139393355134237	0.45651496462096497
230.04817620462066	1.8139428502598751	0.45652893008978096
230.09615089431304	1.813946364355382	0.456542892572109
230.1441355887396	1.8139498778000431	0.4565568520686023
230.19213028998675	1.813953390593958	0.4565708085799135
230.24013500014135	1.8139569027372253	0.4565847621066955
230.2881497212906	1.8139604142299448	0.45659871264960067
230.33617445552235	1.813963925072215	0.45661266020928143
230.38420920492456	1.8139674352641357	0.45662660478639006
230.43225397158596	1.8139709448058057	0.4566405463815785
230.48030875759554	1.813974453697324	0.45665448499549893
230.52837356504276	1.8139779619387897	0.4566684206288031
230.57644839601744	1.8139814695303025	0.45668235328214246
230.62453325260995	1.813984976471961	0.4566962829561686
230.67262813691107	1.8139884827638646	0.45671020965153303
230.720733051012	1.8139919884061122	0.45672413336888673
230.76884799700434	1.813995493398803	0.45673805410888096
230.8169729769802	1.8139989977420365	0.45675197187216654
230.86510799303207	1.814002501435911	0.4567658866593942
230.9132530472528	1.8140060044805264	0.4567797984712146
230.96140814173597	1.8140095068759814	0.45679370730827806
231.00957327857523	1.8140130086223751	0.45680761317123514
231.05774845986488	1.8140165097198067	0.45682151606073584
231.10593368769958	1.814020010168375	0.45683541597743027
231.1541289641745	1.8140235099681798	0.4568493129219682
231.20233429138523	1.8140270091193194	0.45686320689499954
231.25054967142768	1.8140305076218932	0.45687709789717373
231.29877510639838	1.8140340054760005	0.4568909859291402
231.34701059839415	1.8140375026817401	0.45690487099154825
231.39525614951236	1.8140409992392108	0.45691875308504715
231.44351176185066	1.8140444951485124	0.45693263221028574
231.49177743750727	1.814047990409743	0.45694650836791295
231.54005317858085	1.8140514850230025	0.4569603815585773
231.58833898717043	1.8140549789883897	0.4569742517829276
231.6366348653755	1.8140584723060034	0.4569881190416121
231.68494081529605	1.8140619649759429	0.4570019833352791
231.73325683903246	1.814065456998307	0.45701584466457673
231.78158293868546	1.814068948373195	0.45702970303015283
231.82991911635645	1.814072439100706	0.45704355843265543
231.87826537414682	1.8140759291809385	0.45705741087273205
231.92662171415907	1.814079418613992	0.45707126035103024
231.97498813849552	1.8140829073999654	0.4570851068681973
232.02336464925924	1.8140863955389577	0.45709895042488047
232.07175124855368	1.8140898830310677	0.4571127910217271
232.12014793848272	1.814093369876395	0.45712662865938375
232.16855472115068	1.814096856075038	0.4571404633384974
232.21697159866235	1.8141003416270958	0.4571542950597148
232.2653985731229	1.8141038265326672	0.45716812382368227
232.31383564663793	1.8141073107918517	0.45718194963104614
232.3622828213136	1.8141107944047483	0.4571957724824527
232.4107400992563	1.8141142773714554	0.45720959237854797
232.4592074825731	1.8141177596920723	0.45722340931997785
232.50768497337137	1.8141212413666985	0.45723722330738803
232.5561725737589	1.814124722395432	0.4572510343414244
232.604670285844	1.814128202778372	0.4572648424227322
232.65317811173537	1.814131682515618	0.45727864755195674
232.70169605354218	1.8141351616072685	0.4572924497297432
232.750224113374	1.8141386400534225	0.45730624895673677
232.79876229334087	1.814142117854179	0.4573200452335822
232.8473105955533	1.814145595009637	0.45733383856092424
232.89586902212216	1.8141490715198954	0.45734762893940756
232.94443757515873	1.8141525473850528	0.4573614163696764
232.99301625677504	1.8141560226052087	0.4573752008523753
233.0416050690831	1.814159497180462	0.4573889823881483
233.09020401419562	1.8141629711109108	0.4574027609776395
233.1388130942257	1.8141664443966548	0.4574165366214926
233.187432311287	1.814169917037793	0.45743030932035134
233.23606166749343	1.8141733890344236	0.4574440790748594
233.2847011649595	1.8141768603866462	0.4574578458856602
233.3333508058	1.8141803310945592	0.4574716097533969
233.38201059213029	1.8141838011582616	0.4574853706787128
233.4306805260662	1.8141872705778528	0.4574991286622506
233.47936060972378	1.8141907393534307	0.45751288370465354
233.5280508452198	1.8141942074850952	0.457526635806564
233.57675123467126	1.8141976749729445	0.4575403849686246
233.62546178019574	1.8142011418170776	0.45755413119147786
233.6741824839112	1.8142046080175935	0.4575678744757658
233.722913347936	1.8142080735745911	0.4575816148221309
233.77165437438907	1.814211538488169	0.4575953522312148
233.82040556538965	1.8142150027584265	0.4576090867036593
233.86916692305755	1.814218466385462	0.4576228182401064
233.91793844951277	1.8142219293693744	0.4576365468411973
233.96672014687613	1.8142253917102629	0.45765027250757356
234.01551201726858	1.8142288534082258	0.45766399523987644
234.06431406281163	1.8142323144633623	0.4576777150387469
234.11312628562723	1.8142357748757714	0.4576914319048259
234.1619486878378	1.8142392346455511	0.4577051458387545
234.2107812715661	1.8142426937728013	0.457718856841173
234.25962403893553	1.81424615225762	0.45773256491272213
234.30847699206964	1.8142496101001064	0.45774627005404217
234.35734013309272	1.8142530673003592	0.4577599722657734
234.40621346412942	1.8142565238584774	0.45777367154855586
234.45509698730453	1.814259979774559	0.45778736790302954
234.50399070474384	1.814263435048704	0.4578010613298341
234.55289461857308	1.8142668896810104	0.4578147518296093
234.60180873091872	1.8142703436715768	0.45782843940299467
234.6507330439075	1.8142737970205025	0.4578421240506293
234.69966755966675	1.8142772497278863	0.4578558057731527
234.74861228032418	1.8142807017938267	0.45786948457120386
234.79756720800788	1.8142841532184226	0.45788316044542154
234.84653234484648	1.8142876040017721	0.45789683339644477
234.895507692969	1.8142910541439752	0.457910503424912
234.944493254505	1.8142945036451297	0.4579241705314618
234.9934890315843	1.8142979525053347	0.45793783471673233
235.04249502633732	1.8143014007246887	0.45795149598136203
235.09151124089482	1.8143048483032909	0.4579651543259888
235.14053767738812	1.8143082952412393	0.45797880975125055
235.1895743379489	1.8143117415386334	0.45799246225778506
235.23862122470928	1.8143151871955714	0.45800611184623
235.28767833980194	1.8143186322121523	0.4580197585172228
235.33674568535983	1.8143220765884747	0.45803340227140077
235.38582326351647	1.8143255203246373	0.4580470431094011
235.4349110764057	1.8143289634207387	0.4580606810318609
235.4840091261621	1.8143324058768777	0.45807431603941695
235.53311741492027	1.8143358476931533	0.4580879481327059
235.58223594481552	1.8143392888696637	0.4581015773123647
235.63136471798367	1.8143440390391903	0.45812039028735996
235.68050373656072	1.814351789482593	0.45815108424916634
235.72965300268334	1.81435953870467	0.458181771449523
235.77881251848854	1.8143672867054863	0.45821245188998144
235.82798228611392	1.8143750334851063	0.45824312557209307
235.87716230769726	1.8144065690740614	0.4582677837297647
235.92635258537703	1.814508632633719	0.4582746209017652
235.97555312129205	1.8146106693602264	0.45828145728177627
236.02476391758165	1.8147126792623702	0.4582882928694334
236.0739849763854	1.814814662348933	0.45829512766437275
236.12321629984353	1.814916618628693	0.45830196166623105
236.17245789009667	1.815018548110425	0.4583087948746456
236.2217097492859	1.8151204508029002	0.4583156272892542
236.27097187955263	1.815222326714885	0.4583224589096951
236.32024428303896	1.8153241758551424	0.4583292897356075
236.36952696188717	1.8154259982324314	0.4583361197666309
236.41881991824013	1.8155277938555072	0.4583429490024055
236.4681231542412	1.815629562733121	0.4583497774425719
236.51743667203388	1.8157313048740198	0.45835660508677134
236.5667604737627	1.8158330202869473	0.4583634319346459
236.61609456157208	1.8159347089806424	0.45837025798583786
236.6654389376071	1.816036370963841	0.4583770832399901
236.71479360401335	1.8161380062452748	0.4583839076967463
236.76415856293679	1.8162396148336712	0.45839073135575065
236.81353381652383	1.8163411967377543	0.4583975542166477
236.86291936692126	1.8164427519662438	0.45840437627908287
236.91231521627657	1.8165442805278564	0.45841119754270176
236.9617213667374	1.8166457824313036	0.458418018007151
237.01113782045203	1.8167472576852937	0.4584248376720774
237.06056457956907	1.8168487062985315	0.45843165653712853
237.1100016462376	1.816950128279717	0.45843847460195236
237.15944902260722	1.8170515236375469	0.45844529186619776
237.20890671082802	1.8171528923807143	0.4584521083295137
237.25837471305024	1.8172542345179081	0.45845892399155014
237.307853031425	1.817355550057813	0.4584657388519573
237.35734166810352	1.81745683900911	0.4584725529103862
237.4068406252376	1.8175581013804767	0.458479366166488
237.4563499049796	1.8176593371805863	0.45848617861991503
237.50586950948215	1.8177605464181086	0.45849299027031964
237.55539944089836	1.8178617291017087	0.4584998011173551
237.60493970138188	1.817962885240049	0.45850661116067504
237.6544902930867	1.8180640148417873	0.4585134203999337
237.70405121816728	1.8181651179155773	0.45852022883478577
237.7536224787787	1.81826619447007	0.45852703646488674
237.80320407707623	1.8183672445139112	0.45853384328989244
237.85279601521574	1.8184682680557436	0.45854064930945937
237.90239829535358	1.8185692651042058	0.4585474545232446
237.95201091964643	1.818670235667933	0.45855425893090546
238.0016338902515	1.8187711797555561	0.4585610625321003
238.05126720932637	1.818872097375702	0.4585678653264877
238.10091087902933	1.8189729885369945	0.4585746673137268
238.1505649015186	1.8190738532480528	0.45858146849347753
238.20022927895343	1.8191746915174924	0.45858826886540016
238.2499040134932	1.8192755033539258	0.4585950684291555
238.29958910729775	1.8193762887659608	0.4586018671844048
238.3492845625274	1.8194770477622015	0.4586086651308103
238.39899038134297	1.819577780351248	0.4586154622680344
238.44870656590578	1.8196784865416973	0.45862225859574024
238.49843311837748	1.8197791663421423	0.45862905411359123
238.54817004092016	1.8198798197611716	0.45863584882125163
238.5979173356965	1.8199804468073706	0.4586426427183862
238.6476750048694	1.82008104748932	0.4586494358046601
238.69744305060252	1.8201816218155982	0.45865622807973894
238.74722147505972	1.8202821697947784	0.4586630195432893
238.79701028040543	1.8203826914354306	0.4586698101949779
238.84680946880442	1.8204831867461209	0.4586766000344722
238.89661904242217	1.8205836557354118	0.45868338906144007
238.94643900342425	1.8206840984118615	0.45869017727555006
238.996269353977	1.820784514784025	0.45869696467647125
239.04611009624696	1.8208849048604534	0.45870375126387297
239.09596123240135	1.8209852686496935	0.45871053703742554
239.14582276460766	1.8210856061602885	0.4587173219967995
239.19569469503392	1.8211859174007785	0.4587241061416661
239.24557702584855	1.821286202379699	0.45873088947169693
239.29546975922057	1.8213864611055819	0.4587376719865645
239.34537289731927	1.8214866935869558	0.45874445368594124
239.39528644231444	1.821586899832345	0.4587512345695006
239.44521039637652	1.8216870798502702	0.45875801463691657
239.49514476167602	1.8217872336492482	0.45876479388786334
239.54508954038423	1.8218873612377924	0.458771572322016
239.59504473467283	1.8219874626244121	0.45877834993904976
239.6450103467139	1.8220875378176131	0.4587851267386408
239.69498637867983	1.822187586825897	0.45879190272046566
239.74497283274374	1.8222876096577618	0.4587986778842012
239.79496971107906	1.8223876063217024	0.4588054522295251
239.84497701585966	1.8224875768262092	0.45881222575611547
239.89499474925987	1.8225875211797686	0.45881899846365093
239.94502291345455	1.8226874393908643	0.45882577035181055
239.99506151061894	1.8227873314679754	0.4588325414202741
240.0451105429287	1.8228871974195775	0.4588393116687218
240.09517001256012	1.8229870372541424	0.45884608109683445
240.14523992168972	1.8230868509801386	0.45885284970429313
240.19532027249463	1.8231866386060305	0.45885961749077975
240.24541106715228	1.8232864001402782	0.45886638445597655
240.29551230784077	1.8233861355913388	0.45887315059956657
240.34562399673834	1.823485844967666	0.45887991592123284
240.3957461360242	1.8235855282777087	0.4588866804206595
240.4458787278774	1.8236851855299132	0.4588934440975308
240.4960217744779	1.823784816732721	0.4589002069515318
240.54617527800588	1.823884421894571	0.4589069689823479
240.59633924064204	1.8239840010238968	0.458913730189665
240.6465136645677	1.8240835541291303	0.45892049057316964
240.69669855196423	1.8241830812186979	0.45892725013254887
240.74689390501382	1.8242825823010236	0.45893400886749014
240.79709972589902	1.8243820573845269	0.4589407667776814
240.84731601680286	1.8244815064776239	0.4589475238628115
240.89754277990863	1.8245809295887263	0.45895428012256934
240.94778001740033	1.8246803267262437	0.4589610355566444
240.9980277314623	1.8247796978985806	0.4589677901647269
241.04828592427927	1.8248790431141382	0.4589745439465075
241.0985545980366	1.8249783623813136	0.4589812969016773
241.14883375492	1.8250776557085013	0.4589880490299279
241.19912339711559	1.8251769231040913	0.4589948003309515
241.24942352680995	1.8252761645764697	0.45900155080444094
241.29973414619027	1.8253753801340193	0.45900830045008917
241.35005525744404	1.8254745697851193	0.45901504926759
241.4003868627593	1.8255737335381452	0.4590217972566376
241.45072896432438	1.8256728714014687	0.4590285444169267
241.50108156432833	1.8257719833834576	0.4590352907481525
241.5514446649604	1.8258710694924765	0.45904203625001083
241.60181826841048	1.8259701297368855	0.4590487809221979
241.65220237686881	1.8260691641250426	0.45905552476441036
241.7025969925262	1.8261681726653	0.45906226777634573
241.75300211757389	1.8262671553660084	0.45906900995770156
241.80341775420328	1.8263661122355133	0.45907575130817607
241.85384390460666	1.826465043282157	0.4590824918274683
241.9042805709765	1.8265639485142782	0.45908923151527736
241.95472775550596	1.8266628279402117	0.4590959703713031
242.0051854603884	1.8267616815682897	0.4591027083952457
242.05565368781774	1.826860509406839	0.45910944558680616
242.1061324399885	1.8269593114641842	0.45911618194568565
242.15662171909543	1.8270580877486453	0.459122917471586
242.20712152733384	1.8271568382685393	0.4591296521642095
242.25763186689946	1.8272555630321792	0.45913638602325907
242.3081527399887	1.8273542620478747	0.4591431190484379
242.358684148798	1.8274529353239315	0.45914985123944974
242.40922609552467	1.8275515828686517	0.45915658259599895
242.45977858236617	1.8276502046903336	0.4591633131177905
242.51034161152072	1.8277488007972729	0.45917004280452955
242.56091518518667	1.82784737119776	0.4591767716559219
242.61149930556306	1.8279459159000833	0.4591834996716739
242.66209397484937	1.8280444349125264	0.45919022685149224
242.71269919524548	1.8281429282433699	0.4591969531950844
242.76331496895162	1.8282413959008905	0.45920367870215795
242.81394129816877	1.8283398378933613	0.4592104033724214
242.8645781850981	1.8284382542290518	0.4592171272055834
242.91522563194127	1.8285366449162281	0.4592238502013531
242.9658836409006	1.8286350099631528	0.4592305723594405
243.0165522141787	1.8287333493780837	0.45923729367955574
243.0672313539786	1.8288316631692767	0.4592440141614096
243.11792106250388	1.8289299513449828	0.45925073380471326
243.16862134195864	1.8290282139134502	0.45925745260917855
243.21933219454732	1.829126450882923	0.45926417057451757
243.27005362247485	1.829224662261642	0.4592708877004431
243.32078562794675	1.8293228480578445	0.45927760398666834
243.37152821316863	1.829421008279763	0.4592843194329071
243.42228138034696	1.8295191429356286	0.45929103403887334
243.4730451316885	1.8296172520336667	0.4592977478042819
243.52381946940054	1.8297153355821	0.45930446072884784
243.57460439569078	1.8298133935891485	0.4593111728122868
243.6253999127673	1.829911426063027	0.45931788405431484
243.67620602283878	1.8300094330119474	0.45932459445464885
243.72702272811435	1.8301074144441183	0.4593313040130057
243.77785003080342	1.8302053703677443	0.4593380127291029
243.8286879331161	1.830303300791027	0.4593447206026587
243.87953643726297	1.8304012057221637	0.4593514276333916
243.9303955454547	1.8304990851693483	0.4593581338210206
243.98126525990273	1.8305969391407715	0.45936483916526527
244.03214558281906	1.8306947676446201	0.4593715436658455
244.08303651641592	1.8307925706890773	0.4593782473224819
244.13393806290605	1.8308903482823236	0.4593849501348951
244.18485022450272	1.8309881004325343	0.459391652102807
244.23577300341955	1.8310858271478825	0.45939835322593936
244.2867064018709	1.831183528436537	0.45940505350401445
244.3376504220712	1.8312812043066642	0.4594117529367552
244.3886050662355	1.831378854766425	0.45941845152388494
244.43957033657952	1.8314764798239782	0.4594251492651276
244.4905462353191	1.831574079487479	0.4594318461602073
244.54153276467085	1.8316716537650783	0.4594385422088491
244.5925299268515	1.8317692026649242	0.45944523741077814
244.6435377240786	1.831866726195161	0.4594519317657199
244.69455615857004	1.8319642243639291	0.4594586252734009
244.745585232544	1.8320616971793657	0.4594653179335478
244.79662494821935	1.8321591446496046	0.4594720097458877
244.84767530781528	1.832256566782776	0.4594787007101481
244.89873631355158	1.832353963587006	0.45948539082605727
244.9498079676483	1.8324513350704184	0.45949208009334375
245.0008902723261	1.8325486812411316	0.4594987685117365
245.05198322980604	1.8326460021072628	0.45950545608096505
245.1030868423098	1.8327432976769236	0.45951214280075947
245.15420111205933	1.832840567958223	0.45951882867085025
245.2053260412771	1.8329378129592668	0.45952551369096817
245.25646163218605	1.8330350326881566	0.45953219786084476
245.30760788700954	1.8331322271529908	0.4595388811802117
245.3587648079716	1.8332293963618644	0.45954556364880156
245.40993239729644	1.8333265403228687	0.45955224526634697
245.461110657209	1.8334236590440918	0.4595589260325812
245.51229958993432	1.8335207525336175	0.459565605947238
245.56349919769832	1.8336178207995268	0.45957228501005165
245.61470948272705	1.833714863849897	0.4595789632207568
245.66593044724726	1.8338118816928022	0.4595856405790884
245.71716209348605	1.8339088743363126	0.4595923170847822
245.768404423671	1.8340058417884948	0.4595989927375742
245.81965744003026	1.8341027840574127	0.4596056675372009
245.87092114479216	1.834199701151125	0.45961234148339936
245.92219554018578	1.8342965930776896	0.4596190145759069
245.97348062844057	1.8343934598451581	0.45962568681446153
246.0247764117865	1.8344903014615805	0.4596323581988016
246.07608289245383	1.8345871179350028	0.45963902872866574
246.12740007267345	1.834683909273467	0.4596456984037935
246.17872795467665	1.8347806754850118	0.45965236722392455
246.2300665406952	1.8348774165776733	0.459659035188799
246.2814158329613	1.8349741325594833	0.45966570229815756
246.33277583370776	1.8350708234384698	0.4596723685517415
246.38414654516768	1.8351674892226586	0.459679033949292
246.43552796957462	1.8352641299200707	0.45968569849055146
246.48692010916292	1.8353607455387244	0.4596923621752623
246.53832296616685	1.835457336086634	0.45969902500316745
246.58973654282164	1.8355539015718116	0.45970568697401004
246.64116084136265	1.835650442002264	0.4597123480875343
246.69259586402595	1.8357469573859955	0.45971900834348434
246.74404161304798	1.8358434477310073	0.459725667741605
246.7954980906655	1.8359399130452962	0.4597323262816414
246.846965299116	1.8360363533368567	0.4597389839633393
246.89844324063722	1.8361327686136788	0.45974564078644475
246.94993191746752	1.8362255491486317	0.45973787942567856
247.00143133184574	1.8363182435669518	0.4597298715605637
247.05294148601095	1.8364109144803311	0.4597218672192146
247.10446238220283	1.8365035618959051	0.45971386639966505
247.1559940226617	1.8365961858208073	0.4597058690999497
247.20753640962812	1.8366887862621681	0.4596978753181051
247.2590895453431	1.8367813632271148	0.4596898850521687
247.31065343204835	1.836873916722773	0.4596818983001796
247.36222807198584	1.8369664467562645	0.45967391506017813
247.413813467398	1.8370589533347084	0.45966593533020605
247.46540962052788	1.8371514364652213	0.4596579591083063
247.51701653361891	1.8372438961549173	0.45964998639252325
247.56863420891503	1.8373363324109069	0.4596420171809027
247.62026264866057	1.8374287452402982	0.4596340514714919
247.67190185510026	1.837521134650197	0.4596260892623389
247.72355183047955	1.837613500647705	0.45961813055149375
247.77521257704421	1.8377058432399227	0.4596101753370075
247.82688409704042	1.8377981624339468	0.45960222361693265
247.87856639271493	1.8378904582368714	0.4595942753893229
247.93025946631488	1.8379827306557879	0.45958633065223353
247.98196332008797	1.838074979697785	0.45957838940372087
248.03367795628228	1.8381672053699485	0.45957045164184285
248.08540337714643	1.8382594076793612	0.45956251736465853
248.13713958492946	1.838351586633104	0.45955458657022846
248.18888658188098	1.8384437422382536	0.4595466592566145
248.24064437025078	1.8385358745018852	0.45953873542187956
248.29241295228945	1.8386279834310708	0.4595308150640885
248.3441923302479	1.838720069032879	0.45952289818130687
248.39598250637763	1.8388121313143768	0.45951498477160185
248.44778348293036	1.8389041702826276	0.45950707483304204
248.49959526215855	1.8389961859446924	0.45949916836369703
248.5514178463149	1.839088178307629	0.45949126536163815
248.60325123765276	1.8391801473784928	0.45948336582493776
248.65509543842595	1.8392720931643365	0.4594754697516696
248.70695045088857	1.8393640156722098	0.4594675771399088
248.75881627729535	1.8394559149091594	0.4594596879877319
248.81069291990144	1.8395477908822302	0.4594518022932165
248.86258038096244	1.8396396435984634	0.4594439200544417
248.91447866273452	1.839731473064898	0.4594360412694878
248.96638776747423	1.8398232792885694	0.45942816593643665
249.01830769743862	1.8399150622765112	0.4594202940533711
249.07023845488519	1.8400068220357542	0.45941242561837553
249.12218004207193	1.8400985585733254	0.45940456062953583
249.17413246125724	1.8401902718962506	0.4593966990849385
249.22609571470022	1.8402819620115514	0.45938884098267235
249.27806980466008	1.8403736289262478	0.4593809863208264
249.33005473339676	1.840465272647356	0.4593731350974919
249.38205050317055	1.8405568931818905	0.4593652873107608
249.43405711624234	1.8406484905368623	0.45935744295872694
249.48607457487336	1.8407400647192802	0.4593496020394848
249.53810288132533	1.8408316157361495	0.45934176455113074
249.59014203786055	1.8409231435944735	0.4593339304917621
249.64219204674174	1.8410146483012526	0.4593260998594775
249.69425291023197	1.8411061298634839	0.45931827265237707
249.74632463059493	1.841197588288163	0.45931044886856215
249.79840721009484	1.8412890235822816	0.4593026285061353
249.8505006509961	1.841380435752829	0.4592948115632005
249.90260495556382	1.8414718248067914	0.45928699803786305
249.95472012606356	1.8415542319176725	0.4592814222397118
250.00684616476136	1.841610440965105	0.45928237730498445
250.0589830739236	1.8416666366652314	0.45928333251879716
250.11113085581735	1.841722819021647	0.4592842878809113
250.16328951270987	1.8417789880379463	0.4592852433910886
250.2154590468692	1.841835143717722	0.4592861990490907
250.2676394605637	1.8418912860645666	0.4592871548546796
250.3198307560621	1.8419474150820703	0.45928811080761756
250.3720329356338	1.8420035307738227	0.4592890669076668
250.42424600154857	1.8420596331434123	0.45929002315459
250.47646995607664	1.8421157221944262	0.4592909795481496
250.5287048014887	1.8421717979304504	0.4592919360881089
250.5809505400561	1.8422278603550697	0.4592928927742308
250.6332071740504	1.8422839094718675	0.45929384960627867
250.68547470574384	1.8423399452844265	0.4592948065840158
250.7377531374089	1.8423959677963277	0.459295763707206
250.7900424713188	1.8424519770111514	0.4592967209756132
250.8423427097472	1.842507972932476	0.45929767838900126
250.894653854968	1.84256395556388	0.4592986359471345
250.94697590925566	1.8426199249089392	0.45929959364977724
250.9993088748854	1.842675880971229	0.45930055149669435
251.05165275413248	1.8427318237543235	0.45930150948765036
251.104007549273	1.842787753261796	0.45930246762241017
251.15637326258334	1.8428436694972183	0.45930342590073925
251.20874989634032	1.8428995724641604	0.4593043843224028
251.2611374528214	1.8429554621661925	0.4593053428871662
251.31353593430438	1.8430113386068823	0.45930630159479535
251.36594534306764	1.8430672017897969	0.4593072604450561
251.41836568138996	1.8431230517185027	0.4593082194377145
251.4707969515505	1.8431788883965639	0.45930917857253684
251.52323915582915	1.8432347118275438	0.4593101378492897
251.57569229650602	1.8432905220150055	0.45931109726773955
251.62815637586195	1.8433463189625097	0.4593120568276532
251.68063139617786	1.8434021026736165	0.4593130165287979
251.7331173597357	1.8434578731518847	0.45931397637094074
251.78561426881743	1.8435136304008723	0.4593149363538489
251.83812212570564	1.8435693744241353	0.4593158964772902
251.89064093268348	1.8436251052252293	0.45931685674103223
251.94317069203453	1.8436808228077084	0.4593178171448431
251.9957114060427	1.8437365271751254	0.45931877768849083
252.04826307699258	1.8437922183310325	0.4593197383717436
252.10082570716904	1.84384789627898	0.45932069919437013
252.15339929885772	1.8439035610225174	0.45932166015613896
252.20598385434437	1.8439592125651931	0.4593226212568189
252.2585793759155	1.844014850910554	0.45932358249617916
252.31118586585802	1.8440704760621465	0.4593245438739888
252.36380332645925	1.8441260880235149	0.4593255053900173
252.41643176000704	1.844181686798203	0.4593264670440342
252.46907116878975	1.8442372723897533	0.45932742883580935
252.52172155509604	1.8442928448017069	0.4593283907651125
252.57438292121546	1.8443484040376046	0.459329352831714
252.62705526943745	1.8444039501009841	0.45933031503538424
252.67973860205245	1.8444594829953844	0.4593312773758933
252.73243292135103	1.8445150027243415	0.45933223985301236
252.7851382296244	1.844570509291391	0.459333202466512
252.83785452916433	1.8446260027000674	0.45933416521616327
252.89058182226287	1.8446814829539036	0.45933512810173743
252.9433201112127	1.8447369500564312	0.4593360911230061
252.9960693983068	1.8447924040111818	0.4593370542797405
253.04882968583885	1.8448478448216845	0.4593380175717126
253.10160097610293	1.8449032724914678	0.4593389809986943
253.15438327139336	1.8449586870240595	0.4593399445604578
253.20717657400544	1.845014088422985	0.45934090825677537
253.25998088623444	1.84506947669177	0.4593418720874196
253.31279621037638	1.845124851833938	0.4593428360521629
253.36562254872774	1.8451802138530118	0.45934380015077836
253.41845990358544	1.845235562752513	0.45934476438303895
253.47130827724695	1.8452908985359615	0.4593457287487179
253.52416767200998	1.8453462212068772	0.45934669324758853
253.57703809017303	1.8454015307687779	0.4593476578794245
253.62991953403494	1.84545682722518	0.45934862264399956
253.68281200589493	1.8455121105795997	0.4593495875410876
253.73571550805292	1.8455673808355522	0.45935055257046276
253.7886300428091	1.8456226379965497	0.45935151773189925
253.84155561246425	1.8456778820661053	0.45935248302517173
253.89449221931963	1.8457331130477297	0.45935344845005466
253.94743986567693	1.8457883309449332	0.459354414006323
254.0003985538384	1.8458435357612246	0.4593553796937516
254.0533682861067	1.8458987275001113	0.45935634551211585
254.10634906478487	1.8459539061651	0.45935731146119096
254.15934089217671	1.8460090717596962	0.45935827754075254
254.2123437705864	1.846064224287404	0.45935924375057624
254.26535770231834	1.8461193637517261	0.45936021009043815
254.3183826896777	1.8461744901561652	0.459361176560114
254.37141873496998	1.8462296035042212	0.45936214315938045
254.4244658405014	1.8462847037993944	0.4593631098880137
254.47752400857829	1.8463397910451826	0.4593640767457904
254.5305932415077	1.8463948652450837	0.4593650437324873
254.5836735415972	1.8464499264025938	0.4593660108478815
254.6367649111547	1.8465049745212079	0.45936697809174987
254.68986735248865	1.8465600096044195	0.45936794546387005
254.74298086790793	1.8466150316557217	0.4593689129640193
254.7961054597221	1.846670040678606	0.45936988059197553
254.84924113024087	1.8467250366765628	0.45937084834751635
254.90238788177476	1.8467800196530817	0.45937181623041984
254.95554571663448	1.8468349896116505	0.4593727842404642
255.0087146371315	1.8468899465557562	0.4593737523774279
255.06189464557764	1.846944890488885	0.4593747206410895
255.11508574428507	1.8469998214145213	0.4593756890312275
255.16828793556675	1.8470547393361487	0.4593766575476211
255.2215012217358	1.8471096442572499	0.4593776261900493
255.27472560510606	1.8471645361813058	0.4593785949582912
255.3279610879917	1.847219415111797	0.45937956385212636
255.38120767270746	1.8472742810522023	0.4593805328713344
255.4344653615685	1.8473291340059994	0.45938150201569505
255.4877341568906	1.8473839739766653	0.4593824712849883
255.54101406098985	1.8474388009676759	0.4593834406789942
255.5943050761829	1.847493614982505	0.4593844101974932
255.64760720478682	1.8475484160246263	0.45938537984026573
255.70092044911937	1.847603204097512	0.45938634960709224
255.75424481149858	1.847657979204633	0.4593873194977539
255.80758029424297	1.8477127413494594	0.45938828951203153
255.86092689967174	1.84776749053546	0.4593892596497063
255.9142846301042	1.8478222267661022	0.45939022991055956
255.96765348786064	1.8478769500448522	0.45939120029437297
256.0210334752614	1.8479316603751763	0.45939217080092803
256.0744245946275	1.8479863577605382	0.45939314143000676
256.12782684828045	1.8480410422044011	0.45939411218139103
256.1812402385422	1.8480957137102267	0.4593950830548633
256.2346647677353	1.8481503722814765	0.4593960540502058
256.28810043818254	1.8482050179216096	0.45939702516720116
256.3415472522074	1.8482596506340847	0.45939799640563206
256.3950052121338	1.8483142704223594	0.4593989677652815
256.4484743202862	1.84836887728989	0.4593999392459324
256.5019545789893	1.8484234712401317	0.4594009108473682
256.55544599056856	1.8484780522765385	0.45940188256937226
256.60894855734983	1.8485326204025634	0.45940285441172807
256.6624622816593	1.8485871756216579	0.4594038263742196
256.71598716582406	1.8486417179372732	0.4594047984566306
256.76952321217107	1.8486962473528583	0.4594057706587454
256.82307042302835	1.848750763871862	0.4594067429803481
256.8766288007242	1.8488052674977316	0.4594077154212232
256.93019834758724	1.8488597582339132	0.4594086879811554
256.98377906594664	1.8489142360838517	0.4594096606599294
257.0373709581323	1.8489687010509912	0.45941063345733024
257.0909740264744	1.8490231531387744	0.45941160637314304
257.14458827330355	1.8490775923506428	0.45941257940715313
257.198213700951	1.8491320186900373	0.45941355255914595
257.2518503117484	1.849186432160397	0.45941452582890724
257.3054981080279	1.8492408327651604	0.45941549921622277
257.3591570921222	1.8492952205077646	0.45941647272087854
257.4128272663643	1.8493495953916457	0.45941744634266074
257.466508633088	1.8494039574202386	0.45941842008135564
257.52020119462725	1.8494583065969774	0.4594193939367498
257.5739049533166	1.8495126429252942	0.4594203679086299
257.6276199114913	1.8495669664086207	0.4594213419967828
257.6813460714868	1.8496212770503881	0.4594223162009953
257.7350834356392	1.8496755748540248	0.45942329052105496
257.78883200628496	1.8497298598229595	0.4594242649567489
257.84259178576116	1.849784131960619	0.4594252395078646
257.8963627764053	1.8498383912704297	0.4594262141741899
257.95014498055536	1.849892637755816	0.45942718895551266
258.00393840054994	1.8499468714202019	0.45942816385162083
258.05774303872784	1.85000109226701	0.4594291388623026
258.11155889742867	1.850055300299662	0.45943011398734634
258.1653859789923	1.850109495521578	0.4594310892265407
258.2192242857591	1.8501636779361772	0.45943206457967417
258.27307382007007	1.8502178475468785	0.4594330400465357
258.3269345842667	1.8502720043570977	0.45943401562691455
258.3808065806908	1.850326148370252	0.4594349913205997
258.4346898116848	1.8503802795897555	0.4594359671273805
258.48858427959146	1.8504343980190219	0.45943694304704663
258.5424899867544	1.8504885036614642	0.4594379190793877
258.5964069355172	1.8505425965204938	0.4594388952241936
258.65033512822436	1.8505966765995208	0.4594398714812544
258.7042745672208	1.850650743901955	0.4594408478503604
258.7582252548516	1.850704798431204	0.4594418243313018
258.81218719346276	1.8507588401906747	0.4594428009238693
258.8661603854005	1.850812869183774	0.45944377762785354
258.9201448330116	1.8508668854139059	0.45944475444304533
258.9741405386433	1.8509208888844744	0.4594457313692359
259.0281475046435	1.8509748795988819	0.4594467084062164
259.08216573336045	1.8510288575605305	0.4594476855537779
259.13619522714276	1.8510828227728198	0.4594486628117124
259.1902359883399	1.8511367752391499	0.4594496401798113
259.24428801930134	1.8511907149629183	0.4594506176578668
259.2983513223774	1.8512446419475226	0.45945159524567064
259.35242589991884	1.8512985561963582	0.45945257294301506
259.4065117542768	1.8513524577128206	0.45945355074969263
259.46060888780295	1.8514063465003032	0.45945452866549563
259.51471730284953	1.8514665911977957	0.45948116960271795
259.56883700176917	1.8515328962279003	0.4595322806587531
259.6229679869151	1.8515991856706244	0.45958337783638786
259.67711026064086	1.8516654595299948	0.45963446114034046
259.7312638253007	1.851731717810038	0.45968553057532713
259.7854286832492	1.8517979605147785	0.4597365861460618
259.8396048368415	1.8518641876482402	0.4597876278572561
259.8937922884332	1.851930399214445	0.45983865571362
259.9479910403804	1.8519965952174147	0.45988966971986095
260.0022010950396	1.8520627756611692	0.45994066988068444
260.0564224547681	1.8521289405497274	0.45999165620079385
260.11065512192334	1.8521950898871078	0.46004262868489004
260.1648990988635	1.8522612236773266	0.4600935873376722
260.21915438794696	1.8523273419243995	0.4601445321638373
260.27342099153293	1.8523934446323407	0.4601954631680799
260.327698911981	1.8524595318051638	0.4602463803550928
260.38198815165106	1.8525256034468807	0.46029728372956635
260.4362887129038	1.8525916595615024	0.46034817329618893
260.49060059810006	1.8526577001530384	0.4603990490596469
260.54492380960147	1.852723725225498	0.460449911024624
260.59925834976997	1.8527897347828879	0.4605007591958027
260.6536042209682	1.8528557288292151	0.4605515935778624
260.707961425559	1.8529217073684847	0.4606024141754811
260.7623299659059	1.8529876704047001	0.46065322099333444
260.816709844373	1.853053617941865	0.46070401403609573
260.87110106332466	1.8531195499839808	0.4607547933084365
260.9255036251259	1.853185466535048	0.4608055588150257
260.9799175321421	1.853251367599066	0.46085631056053106
261.0343427867393	1.8533172531800337	0.4609070485496169
261.08877939128377	1.8533831232819473	0.46095777278694655
261.1432273481428	1.8534489779088037	0.46100848327718064
261.1976866596834	1.853514817064597	0.461059180024978
261.2521573282738	1.8535806407533213	0.46110986303499507
261.30663935628235	1.8536464489789692	0.46116053231188636
261.36113274607794	1.8537122417455323	0.4612111878603042
261.4156375000299	1.853778019057	0.46126182968489887
261.47015362050837	1.8538437809173625	0.46131245779031865
261.5246811098835	1.853909527330607	0.46136307218120914
261.5792199705263	1.8539752583007205	0.4614136728622148
261.633770204808	1.854040973831689	0.4614642598379771
261.68833181510075	1.854106673927497	0.46151483311313596
261.74290480377675	1.854172358592127	0.46156539269232905
261.7974891732088	1.8542380278295627	0.46161593858019173
261.85208492577055	1.8543036816437843	0.4616664707813576
261.9066920638356	1.8543693200387719	0.46171698930045785
261.9613105897784	1.8544349430185043	0.4617674941421219
262.01594050597373	1.8545005505869592	0.46181798531097695
262.0705818147971	1.8545661427481133	0.461868462811648
262.12523451862415	1.8546317195059419	0.46191892664875783
262.1798986198313	1.8546972808644193	0.46196937682692757
262.23457412079546	1.8547628268275183	0.4620198133507759
262.28926102389374	1.8548283573992113	0.4620702362249196
262.34395933150427	1.8548938725834687	0.46212064545397347
262.3986690460051	1.8549593723842606	0.4621710410425497
262.4533901697752	1.8550248568055554	0.46222142299525903
262.50812270519384	1.8550903258513203	0.4622717913167098
262.5628666546408	1.8551557795255218	0.4623221460115082
262.61762202049636	1.8552212178321248	0.46237248708425865
262.67238880514157	1.8552866407750939	0.46242281453956313
262.7271670109573	1.855352048358391	0.46247312838202187
262.7819566403256	1.8554174405859787	0.4625234286162326
262.83675769562876	1.855482817461817	0.4625737152467915
262.8915701792495	1.8555481789898658	0.4626239882782924
262.94639409357114	1.8556135251740828	0.4626742477153269
263.0012294409775	1.8556788560184256	0.46272449356248496
263.05607622385276	1.8557441715268501	0.4627747258243541
263.11093444458174	1.8558094717033113	0.46282494450551975
263.16580410554974	1.855874756551763	0.46287514961056564
263.22068520914246	1.8559400260761574	0.46292534114407313
263.2755777577463	1.8560052802804465	0.4629755191106216
263.3304817537479	1.8560705191685805	0.4630256835147884
263.38539719953457	1.8561357427445082	0.46307583436114874
263.44032409749406	1.8562009510121782	0.4631259716542758
263.4952624500146	1.8562661439755372	0.46317609539874083
263.5502122594849	1.856331321638531	0.46322620559911265
263.6051735282944	1.8563964840051046	0.4632763022599585
263.66014625883275	1.856461631079201	0.4633263853858433
263.7151304534902	1.856526762864763	0.46337645498133007
263.77012611465744	1.856591879365732	0.46342651105097954
263.8251332447258	1.8566569805860478	0.4634765535993505
263.880151846087	1.8567220665296493	0.4635265826309996
263.9351819211332	1.856787137200475	0.4635765981504819
263.99022347225736	1.8568521926024608	0.46362660016234974
264.04527650185247	1.8569172327395431	0.46367658867115386
264.1003410123124	1.856982257615656	0.4637265636814428
264.1554170060315	1.857047267234733	0.4637765251977631
264.2105044854043	1.857112261600706	0.4638264732246592
264.26560345282616	1.8571772407175067	0.4638764077666736
264.3207139106928	1.8572422045890649	0.4639263288283466
264.37583586140045	1.8573071532193088	0.4639762364142167
264.4309693073459	1.8573720866121668	0.46402613052882025
264.4861142509263	1.8574370047715654	0.4640760111766912
264.5412706945394	1.8575019077014296	0.4641258783623621
264.59643864058353	1.8575667954056845	0.46417573209036306
264.6516180914573	1.8576316678882525	0.46422557236522227
264.70680904956004	1.8576965251530562	0.46427539919146593
264.76201151729146	1.8577613672040163	0.46432521257361814
264.8172254970519	1.857826194045053	0.46437501251620084
264.8724509912419	1.8578910056800841	0.4644247990237343
264.9276880022629	1.8579558021130285	0.46447457210073634
264.98293653251653	1.8580205833478014	0.4645243317517232
265.03819658440506	1.858085349388319	0.4645740779812086
265.0934681603312	1.8581501002384946	0.4646238107937048
265.1487512626982	1.8582148359022421	0.4646735301937213
265.2040458939099	1.8582795563834733	0.46472323618576644
265.2593520563704	1.8583442616860986	0.46477292877434584
265.31466975248463	1.858408951814028	0.46482260796396346
265.3699989846576	1.8584736267711701	0.4648722737591211
265.4253397552953	1.8585382865614324	0.46492192616431877
265.480692066804	1.8586029311887209	0.4649715651840543
265.5360559215901	1.858667560656941	0.465021190822823
265.5914313220613	1.8587321749699968	0.4650708030851193
265.6468182706251	1.8587967741317915	0.46512040197543464
265.70221676968976	1.8588613581462263	0.4651699874982587
265.7576268216641	1.8589259270172027	0.4652195596580795
265.8130484289574	1.8589904807486195	0.46526911845938274
265.8684815939794	1.859055019344376	0.465318663906652
265.9239263191404	1.8591195428083689	0.4653681960043693
265.9793826068511	1.8591840511444946	0.46541771475701404
266.03485045952294	1.8592485443566484	0.46546722016906417
266.09032987956766	1.8593130224487244	0.4655167122449954
266.14582086939737	1.8593774854246152	0.46556619098928137
266.20132343142495	1.8594419332882122	0.465615656406394
266.2568375680637	1.859506366043407	0.4656651085008027
266.3123632817275	1.8595707836940885	0.46571454727697553
266.36790057483046	1.8596351862441451	0.46576397273937803
266.42344944978754	1.8596995736974642	0.4658133848924739
266.47900990901394	1.859763946057932	0.465862783740725
266.5345819549255	1.8598283033294336	0.4659121692885911
266.59016558993864	1.8598926455158529	0.4659615415405299
266.64576081646993	1.8599569726210725	0.4660109005009972
266.701367636937	1.8600212846489748	0.4660602461744467
266.7569860537573	1.8600855816034394	0.4661095785653304
266.8126160693495	1.8601498634883464	0.4661588976780978
266.8682576861322	1.8602141303075743	0.46620820351719694
266.92391090652484	1.8602783820649997	0.46625749608707356
266.9795757329472	1.8603426187644996	0.46630677539217147
267.0352521678197	1.8604068404099483	0.46635604143693266
267.0909402135631	1.86047104700522	0.466405294225797
267.14663987259894	1.8605352385541873	0.4664545337632024
267.2023511473488	1.8605994150607221	0.4665037600535848
267.2580740402352	1.860663576528695	0.466552973101378
267.31380855368116	1.8607277229619754	0.4666021729110142
267.36955469010974	1.8607918543644317	0.4666513594869232
267.42531245194493	1.8608559707399308	0.4667005328335331
267.48108184161117	1.8609200720923393	0.46674969295526986
267.5368628615334	1.8609841584255218	0.4667988398565578
267.5926555141369	1.8610482297433424	0.4668479735418188
267.64845980184765	1.8611122860496638	0.46689709401547314
267.704275727092	1.8611882426693223	0.46694321189390253
267.7601032922969	1.861311733083002	0.4669773865440309
267.8159424998898	1.8614351895642938	0.46701155158929486
267.87179335229854	1.8615586121253105	0.4670457070332664
267.92765585195167	1.86168200077816	0.467079852879516
267.983530001278	1.8618053555349425	0.4671139891316115
268.03941580270697	1.8619286764077525	0.46714811579311977
268.0953132586687	1.862051963408679	0.467182232867605
268.15122237159346	1.8621752165498044	0.46721634035862963
268.2071431439124	1.862298435600036	0.46725043730056737
268.26307557805677	1.8624216200688053	0.46728452169366946
268.31901967645865	1.8625447707143088	0.46731859651533647
268.37497544155065	1.8626678875486042	0.46735266176912255
268.43094287576577	1.8627909705837427	0.4673867174585801
268.48692198153725	1.8629140198317697	0.4674207635872594
268.54291276129925	1.863037035304724	0.46745480015870905
268.59891521748636	1.8631600170146396	0.4674888271764754
268.65492935253343	1.8632829649735425	0.4675228446441032
268.7109551688762	1.8634058791934542	0.4675568525651353
268.7669926689505	1.8635287596863888	0.4675908509431123
268.8230418551931	1.863651606464356	0.4676248397815733
268.8791027300408	1.8637744195393569	0.46765881908405543
268.9351752959314	1.863897198923389	0.4676927888540936
268.9912595553028	1.864019944628442	0.4677267490952213
269.04735551059383	1.8641426566665007	0.4677606998109696
269.10346316424324	1.8642653350495428	0.4677946410048681
269.1595825186908	1.8643879797895404	0.4678285726804445
269.2157135763767	1.8645105908984594	0.46786249484122416
269.2718563397414	1.8646331683882602	0.467896407490731
269.3280108112261	1.864755712270896	0.4679303106324871
269.38417699327243	1.864878222558315	0.4679642042700122
269.4403548883225	1.8650006992624586	0.4679980884068244
269.49654449881905	1.8651231423952628	0.4680319630464402
269.5527458272052	1.8652455519686568	0.4680658281923736
269.60895887592454	1.8653679279945645	0.46809968384813727
269.6651836474214	1.8654902704849032	0.4681335300172418
269.7214201441403	1.865612579451584	0.46816736670319586
269.7776683685265	1.8657348549065134	0.46820119390950626
269.8339283230258	1.8658570968615897	0.468235011639678
269.89020001008436	1.8659793053287068	0.4682688198972141
269.94648343214885	1.8661014803197522	0.4683026186856156
270.0027785916667	1.8662236218466068	0.4683364080083823
270.0590854910854	1.8663457299211461	0.46837018786901125
270.11540413285337	1.8664678045552396	0.46840395827099807
270.17173451941943	1.8665898457607504	0.4684377192178369
270.2280766532326	1.8667118535495357	0.4684714707130189
270.28443053674306	1.866833827933447	0.4685052127600347
270.3407961724008	1.86695576892433	0.46853894536237223
270.3971735626568	1.8670776765340233	0.46857266852351753
270.4535627099623	1.8671995507743606	0.4686063822469553
270.5099636167692	1.8673213916571691	0.4686400865361679
270.56637628552977	1.8674431991942706	0.46867378139463617
270.62280071869696	1.8675649733974802	0.46870746682583886
270.6792369187241	1.8676867142786073	0.4687411428332531
270.73568488806507	1.8678084218494557	0.46877480942035377
270.79214462917435	1.8679300961218228	0.46880846659061437
270.8486161445067	1.8680517371075003	0.4688421143475061
270.9050994365176	1.8681733448182734	0.46887575269449877
270.96159450766305	1.8682949192659222	0.46890938163506
271.0181013603994	1.8684164604622204	0.46894300117265575
271.0746199971837	1.8685379684189358	0.4689766113107498
271.1311504204732	1.86865944314783	0.4690102120528047
271.1876926327261	1.8687808846606597	0.4690438034022805
271.2442466364009	1.868902292969174	0.4690773853626361
271.3008124339565	1.8690236680851178	0.4691109579373278
271.3573900278525	1.869145010020229	0.4691445211298106
271.4139794205489	1.86926631878624	0.46917807494353736
271.4705806145061	1.8693875943948768	0.4692116193819594
271.5271936121854	1.8695088368578603	0.469245154448526
271.58381841604825	1.8696300461869049	0.4692786801466848
271.6404550285567	1.8697512223937192	0.4693121964798811
271.6971034521734	1.8698723654900062	0.46934570345155907
271.7537636893615	1.869993475487463	0.4693792010651606
271.81043574258456	1.8701145523977802	0.46941268932412583
271.8671196143067	1.8702355962326431	0.4694461682318932
271.92381530699265	1.8703566070037312	0.4694796377918993
271.98052282310755	1.8704775847227177	0.4695130980075786
272.0372421651171	1.8705985294012704	0.46954654888236436
272.0939733354874	1.8707194410510506	0.46957999041968723
272.1507163366852	1.8708403196837144	0.4696134226229767
272.2074711711778	1.8709611653109117	0.4696468454956602
272.2642378414329	1.8710819779442867	0.4696802590411633
272.3210163499187	1.8712027575954777	0.4697136632629098
272.3778066991039	1.871323504276117	0.46974705816432183
272.4346088914581	1.8714442179978314	0.4697804437488193
272.4914229294507	1.8715648987722417	0.46981382001982075
272.54824881555237	1.871685546610963	0.46984718698074274
272.6050865522336	1.871806161525604	0.46988054463499984
272.661936141966	1.8719267435277684	0.4699138929860052
272.7187975872213	1.8720472926290534	0.46994723203717004
272.7756708904718	1.872167808841051	0.4699805617919034
272.83255605419055	1.8722882921753468	0.4700138822536131
272.88945308085096	1.8724087426435212	0.47004719342570467
272.94636197292687	1.8725291602571483	0.47008049531158225
273.0032827328926	1.8726495450277967	0.47011378791464764
273.0602153632234	1.872769896967029	0.4701470712383015
273.11715986639445	1.8728902160864023	0.47018034528594216
273.17411624488193	1.8730105023974675	0.4702136100609666
273.23108450116223	1.87313075591177	0.4702468655667696
273.2880646377124	1.8732509766408496	0.4702801118067444
273.34505665701	1.8733711645962399	0.47031334878428227
273.40206056153306	1.8734913197894691	0.47034657650277284
273.45907635376005	1.873611442232059	0.47037979496560406
273.51610403617025	1.8737315319355272	0.47041300417616166
273.57314361124315	1.8738515889113836	0.47044620413783017
273.63019508145885	1.8739716131711335	0.47047939485399193
273.68725844929804	1.8740916047262763	0.47051257632802734
273.74433371724183	1.8742115635883052	0.4705457485633157
273.80142088777205	1.8743314897687087	0.4705789115632339
273.8585199633706	1.874451383278968	0.47061206533115735
273.9156309465204	1.8745712441305602	0.4706452098704594
273.9727538397046	1.8746910723349552	0.470678345184512
274.0298886454069	1.8748108679036188	0.47071147127668495
274.08703536611165	1.8749306308480094	0.47074458815034687
274.14419400430364	1.875050361179581	0.4707776958088638
274.20136456246803	1.875170058909781	0.47081079425560074
274.25854704309074	1.8752897240500517	0.47084388349392037
274.31574144865806	1.8754093566118295	0.4708769635271839
274.37294778165693	1.875528956606545	0.47091003435875084
274.43016604457466	1.875648524045623	0.47094309599197864
274.4873962398991	1.875768058940483	0.47097614843022334
274.5446383701186	1.8758875613025385	0.4710091916768388
274.6018924377223	1.8760070311431978	0.4710422257351775
274.65915844519947	1.8761264684738626	0.4710752506085899
274.7164363950401	1.8762458733059297	0.471108266300425
274.77372628973467	1.87636524565079	0.47114127281402973
274.8310281317743	1.8764845855198287	0.4711742701527495
274.88834192365033	1.8766038929244258	0.47120725831992755
274.945667667855	1.8767231678759546	0.4712402373189061
275.00300536688076	1.876842410385784	0.4712732071530248
275.0603550232206	1.876961620465276	0.4713061678256223
275.1177166393682	1.8770807981257882	0.4713391193400347
275.1750902178178	1.877199943378671	0.47137206169959744
275.2324757610639	1.8773190562352713	0.4714049949076428
275.28987327160166	1.8774381367069284	0.4714379189675028
275.34728275192685	1.8775571848049772	0.47147083388250643
275.4047042045356	1.8776762005407461	0.47150373965598186
275.46213763192463	1.8777951839255587	0.471536636291255
275.51958303659126	1.8779141349707322	0.47156952379165024
275.57704042103325	1.8780330536875791	0.4716024021604902
275.63450978774875	1.8781519400874052	0.47163527140109573
275.69199113923673	1.8782707941815115	0.4716681315167859
275.7494844779964	1.878389615981193	0.47170098251087816
275.80698980652767	1.87850840549774	0.4717338243866881
275.8645071273309	1.8786271627424354	0.47176665714752974
275.922036442907	1.8787458877265584	0.47179948079671513
275.9795777557573	1.8788645804613813	0.4718322953375549
276.0371310683838	1.8789832409581715	0.47186510077335775
276.09469638328903	1.879101869228191	0.4718978971074305
276.15227370297583	1.879220465282695	0.4719306843430787
276.2098630299478	1.879339029132935	0.4719634624836057
276.2674643667089	1.8794575607901554	0.4719962315323134
276.3250777157637	1.8795760602655953	0.47202899149250194
276.3827030796173	1.879694527570489	0.4720617423674697
276.4403404607752	1.8798129627160647	0.47209448416051336
276.4979898617436	1.879931365713545	0.4721272168749278
276.55565128502906	1.8800497365741473	0.4721599405140064
276.61332473313877	1.8801680753090826	0.4721926550810405
276.67101020858047	1.8802863819295577	0.4722253605793201
276.72870771386226	1.8804046564467727	0.4722580570121331
276.786417251493	1.880522898871923	0.47229074438276597
276.8441388239817	1.8806411092161976	0.4723234226945034
276.90187243383843	1.880759287490781	0.47235609195062833
276.9596180835733	1.8808774337068512	0.472388752154422
277.0173757756971	1.8809955478755813	0.47242140330916405
277.0751455127213	1.8811136300081392	0.4724540454181322
277.1329272971577	1.881231680115686	0.4724866784846025
277.1907211315187	1.8813496982093785	0.47251930251184976
277.24852701831725	1.8814676843003677	0.47255191750314635
277.3063449600668	1.881585638399799	0.4725845234617634
277.3641749592812	1.8817035605188124	0.47261712039097037
277.422017018475	1.881821450668542	0.47264970829403474
277.47987114016325	1.881939308860117	0.47268228717422245
277.5377373268615	1.8820488036177048	0.47268168513482606
277.59561558108567	1.882151917084165	0.47265578932554303
277.6535059053524	1.882255004744567	0.47262990283334394
277.71140830217894	1.882358066606407	0.47260402565375126
277.7693227740827	1.882461102677178	0.4725781577822905
277.82724932358207	1.8825641129643702	0.47255229921449005
277.8851879531956	1.8826670974754725	0.47252644994588056
277.9431386654425	1.8827700562179694	0.4725006099719961
278.0011014628426	1.8828729891993448	0.4724747792883733
278.0590763479161	1.882975896427078	0.47244895789055147
278.1170633231838	1.883078777908647	0.472423145774073
278.1750623911669	1.8831816336515268	0.4723973429344829
278.2330735543873	1.88328446366319	0.47237154936732884
278.29109681536744	1.8833872679511063	0.47234576506816167
278.3491321766302	1.8834900465227427	0.47231999003253466
278.407179640699	1.8835927993855646	0.472294224256004
278.4652392100977	1.8836955265470332	0.4722684677341286
278.52331088735076	1.8837982280146086	0.4722427204624705
278.58139467498324	1.8839009037957473	0.47221698243659405
278.6394905755207	1.884003553897904	0.47219125365206654
278.69759859148917	1.8841061783285302	0.4721655341044582
278.75571872541514	1.8842087770950748	0.4721398237893419
278.81385097982576	1.8843113502049842	0.47211412270229336
278.87199535724875	1.8844138976657032	0.47208843083889085
278.9301518602121	1.8845164194846722	0.47206274819471566
278.98832049124456	1.8846189156693305	0.4720370747653518
279.0465012528754	1.884721386227114	0.47201141054638607
279.10469414763435	1.8848238311654564	0.4719857555334077
279.16289917805153	1.8849262504917887	0.4719601097220092
279.221116346658	1.8850286442135396	0.47193447310778547
279.2793456559848	1.8851310123381346	0.47190884568633434
279.3375871085639	1.8852333548729971	0.47188322745325634
279.39584070692774	1.885335671825548	0.47185761840415463
279.45410645360914	1.8854379632032052	0.4718320185346354
279.5123843511416	1.8855402290133843	0.4718064278403074
279.57067440205896	1.8856424692634983	0.4717808463167821
279.62897660889587	1.8857446839609575	0.47175527395967387
279.68729097418725	1.8858468731131701	0.47172971076459946
279.7456175004687	1.8859490367275407	0.47170415672717897
279.80395619027627	1.8860511748114726	0.47167861184303467
279.8623070461465	1.8861532873723657	0.47165307610779184
279.9206700706166	1.8862553744176171	0.47162754951707847
279.97904526622426	1.886357435954623	0.47160203206652507
280.03743263550757	1.8864594719907744	0.4715765237517653
280.09583218100533	1.8865614825334618	0.4715510245684353
280.1542439052568	1.8866634675900726	0.47152553451217366
280.2126678108017	1.8867654271679912	0.47150005357862235
280.2711039001804	1.8868673612745999	0.4714745817634254
280.3295521759337	1.8869692699172784	0.4714491190622299
280.388012640603	1.8870711531034037	0.47142366547068565
280.4464852967302	1.8871730108403504	0.4713982209844451
280.5049701468577	1.88727484313549	0.4713727855991634
280.5634671935285	1.8873766499961921	0.4713473593104984
280.6219764392861	1.8874784314298234	0.4713219421141109
280.68049788667435	1.8875801874437483	0.4712965340056639
280.73903153823795	1.8876819180453284	0.4712711349808236
280.7975773965221	1.887783623241923	0.4712457450352587
280.8561354640722	1.8878853030408882	0.47122036416464047
280.91470574343447	1.8879869574495785	0.4711949923646432
280.9732882371556	1.8880885864753452	0.4711696296309435
281.0318829477829	1.8881901901255371	0.471144275959221
281.09048987786394	1.888291768407501	0.4711189313451578
281.14910902994694	1.8883933213285802	0.4710935957844388
281.2077404065809	1.8884948488961162	0.47106826927275164
281.266384010315	1.8885963511174477	0.4710429518057864
281.32503984369924	1.8886978279999111	0.47101764337923613
281.3837079092838	1.8887992795508397	0.47099234398879647
281.4423882096198	1.888900705777565	0.47096705363016556
281.50108074725875	1.8890021066874152	0.4709417722990445
281.5597855247524	1.8891034822877164	0.4709164999911369
281.61850254465344	1.8892048325857922	0.470891236702149
281.677231809515	1.8893061575889634	0.47086598242778993
281.7359733218904	1.8894074573045483	0.4708407371637712
281.79472708433394	1.889508731739863	0.4708155009058072
281.8534930994003	1.8896099809022207	0.4707902736496149
281.9122713696446	1.8897112047989322	0.47076505539091396
281.97106189762246	1.8898124034373058	0.47073984612542663
282.02986468589035	1.889913576824647	0.470714645848878
282.08867973700495	1.890014724968259	0.4706894545569957
282.14750705352355	1.8901158478754432	0.4706642722455098
282.20634663800405	1.8902169455534965	0.4706390989101534
282.26519849300485	1.8903180180097154	0.47061393454666195
282.3240626210847	1.8904190652513926	0.4705887791507739
282.3829390248033	1.8905200872858186	0.47056363271823004
282.44182770672046	1.8906210841202815	0.4705384952447737
282.5007286693968	1.890722055762067	0.47051336672615124
282.55964191539323	1.8908230022184576	0.4704882471581115
282.6185674472715	1.8909239234967339	0.4704631365364058
282.67750526759363	1.891024819604174	0.4704380348567882
282.73645537892236	1.8911256905480531	0.4704129421150155
282.7954177838209	1.8912265363356442	0.470387858306847
282.8543924848528	1.8913273569742175	0.47036278342804466
282.9133794845825	1.891428152471041	0.47033771747437314
282.9723787855746	1.8915289228333796	0.47031266044159964
283.03139039039473	1.8916296680684965	0.470287612325494
283.0904143016084	1.8917303881836518	0.47026257312182873
283.1494505217822	1.8918310831861036	0.4702375428263788
283.20849905348314	1.8919317530831066	0.4702125214349221
283.2675598992786	1.8920323978819136	0.4701875089432389
283.32663306173646	1.8921330175897753	0.47016250534711207
283.3857185434255	1.8922336122139387	0.4701375106423273
283.4448163469146	1.8923341817616495	0.47011252482467264
283.50392647477355	1.8924347262401504	0.47008754788993884
283.56304892957235	1.8925352456566815	0.47006257983391936
283.62218371388167	1.8926357400184801	0.4700376206524102
283.6813308302729	1.8927362093327817	0.4700126703412099
283.7404902813176	1.892836653606819	0.4699877288961198
283.7996620695881	1.8929370728478219	0.4699627963129433
283.85884619765744	1.8930374670630183	0.4699378725874871
283.9180426680987	1.8931378362596334	0.46991295771556013
283.977251483486	1.8932381804448895	0.4698880516929739
284.03647264639363	1.8933384996260068	0.46986315451554267
284.0957061593967	1.8934387938102033	0.4698382661790829
284.1549520250705	1.8935390630046935	0.46981338667941436
284.2142102459913	1.8936393072166908	0.4697885160123586
284.2734808247355	1.8937395264534047	0.4697636541737404
284.3327637638805	1.8938397207220432	0.46973880115938654
284.3920590660037	1.8939398900298112	0.46971395696512697
284.45136673368336	1.8940400343839119	0.46968912158679366
284.5106867694984	1.894140153791545	0.46966429502022156
284.57001917602787	1.8942402482599079	0.4696394772612481
284.62936395585166	1.8943403177961964	0.46961466830571313
284.68872111155014	1.894440362407603	0.46958986814945924
284.7480906457041	1.8945403821013176	0.4695650767883315
284.8074725608952	1.8946403768845284	0.46954029421817745
284.8668668597051	1.89474034676442	0.46951552043484746
284.9262735447165	1.8948402917481757	0.4694907554341942
284.9856926185124	1.8949402118429755	0.4694659992120732
285.04512408367634	1.895040107055997	0.46944125176434204
285.1045679427925	1.895139977394416	0.4694165130868614
285.16402419844553	1.8952398228654048	0.4693917831754942
285.2234928532207	1.895339643476134	0.4693670620261059
285.28297390970357	1.8954394392337715	0.4693423496345647
285.34246737048056	1.8955392101454822	0.4693176459967413
285.4019732381384	1.8956389562184295	0.46929295110850877
285.46149151526447	1.8957386774597733	0.4692682649657429
285.52102220444675	1.895838373876672	0.46924358756432205
285.5805653082735	1.8959380454762809	0.46921891890012685
285.64012082933374	1.8960376922657527	0.4691942589690408
285.6996887702171	1.8961373142522382	0.46916960776694977
285.7592691335136	1.8962369114428854	0.46914496528974203
285.8188619218137	1.8963364838448395	0.4691203315333087
285.8784671377088	1.8964360314652442	0.4690957064935432
285.93808478379026	1.8965355543112394	0.46907109016634163
285.9977148626505	1.8966335421706237	0.4690468560320175
286.05735737688235	1.8967294568581183	0.4690231370548835
286.1170123290789	1.8968253478165655	0.46899942634361647
286.176679721834	1.8969212150527344	0.4689757238943995
286.23635955774205	1.8970170585733916	0.46895202970341815
286.2960518393981	1.897115207806947	0.46893776766748313
286.3557565693975	1.8972270534895705	0.4689790227560696
286.4154737503362	1.8973388693533806	0.46902026598727314
286.4752033848109	1.8974506554084203	0.46906149736564645
286.5349454754186	1.8975624116647265	0.4691027168957403
286.594700024757	1.8976741381323319	0.46914392458210274
286.6544670354241	1.8977858348212648	0.46918512042927896
286.7142465100187	1.8978975017415485	0.4692263044418122
286.7740384511401	1.8980091389032014	0.46926747662424273
286.833842861388	1.898120746316238	0.4693086369811086
286.8936597433628	1.8982323239906669	0.46934978551694523
286.9534890996654	1.8983438719364931	0.4693909222362854
287.0133309328971	1.8984553901637164	0.4694320471436596
287.07318524566	1.8985668786823322	0.4694731602435957
287.1330520405565	1.898678337502331	0.46951426154061904
287.1929313201897	1.8987897666336986	0.4695553510392526
287.2528230871633	1.8989011660864168	0.46959642874401664
287.3127273440812	1.8990125358704615	0.46963749465942906
287.3726440935483	1.899123875995805	0.4696785487900052
287.4325733381697	1.8992351864724144	0.4697195911402581
287.4925150805512	1.899346467310253	0.46976062171469785
287.552469323299	1.8994577185192778	0.4698016405178326
287.6124360690201	1.8995689401094427	0.4698426475541676
287.6724153203218	1.8996801320906966	0.46988364282820577
287.7324070798121	1.8997912944729833	0.4699246263444476
287.7924113500995	1.8999024272662424	0.4699655981073909
287.8524281337929	1.9000135304804084	0.47000655812153136
287.9124574335021	1.900124604125412	0.4700475063913618
287.972499251837	1.9002356482111782	0.47008844292137275
288.03255359140826	1.900346662747628	0.4701293677160521
288.09262045482717	1.900457647744678	0.47017028077988554
288.1526998447054	1.90056860321224	0.4702111821173561
288.2127917636554	1.9006795291602208	0.4702520717329443
288.27289621428986	1.9007904255985228	0.4702929496311283
288.3330131992222	1.9009012925370439	0.47033381581638395
288.3931427210663	1.9010121299856777	0.470374670293184
288.45328478243675	1.9011229379543124	0.4704155130659997
288.5134393859486	1.9012337164528323	0.470456344139299
288.5736065342171	1.9013444654911167	0.4704971635175478
288.6337862298587	1.901455185079041	0.4705379712052093
288.69397847548987	1.9015658752264746	0.4705787672067447
288.7541832737279	1.9016765359432841	0.4706195515266121
288.8144006271904	1.9017871672393298	0.4706603241692677
288.8746305384959	1.9018977691244685	0.4707010851391649
288.93487301026306	1.9020083416085527	0.47074183444075496
288.9951280451113	1.902118884701429	0.4707825720784864
289.05539564566044	1.9022293984129406	0.4708232980568054
289.11567581453124	1.9023398827529256	0.4708640123801558
289.1759685543444	1.9024503377312176	0.4709047150529788
289.2362738677217	1.9025607633576462	0.47094540607971325
289.29659175728517	1.9026711596420351	0.47098608546479576
289.35692222565746	1.902781526594205	0.47102675321266013
289.41726527546183	1.902891864223971	0.471067409327738
289.47762090932196	1.9030021725411441	0.4711080538144585
289.5379891298623	1.9031124515555307	0.47114868667724835
289.5983699397076	1.9032227012769323	0.4711893079205319
289.6587633414832	1.9033329217151462	0.4712299175487307
289.7191693378151	1.9034431128799656	0.47127051556626454
289.77958793132996	1.9035532747811779	0.47131110197755033
289.8400191246546	1.9036634074285674	0.47135167678700246
289.9004629204166	1.9037735108319127	0.4713922399990332
289.96091932124415	1.9038835850009888	0.4714327916180523
290.021388329766	1.9039936299455655	0.4714733316484671
290.08186994861137	1.9041036456754084	0.47151386009468255
290.14236418041	1.9042136322002783	0.47155437696110103
290.2028710277922	1.904323589529932	0.47159488225212276
290.26339049338895	1.9044335176741216	0.4716353759721454
290.3239225798315	1.9045434166425943	0.47167585812556406
290.38446728975197	1.9046532864450927	0.4717163287167719
290.44502462578293	1.9047631270913563	0.4717567877501593
290.5055945905573	1.904872938591118	0.4717972352301142
290.5661771867088	1.9049827209541077	0.47183767116102243
290.6267724168715	1.9050924741900508	0.47187809554726706
290.6873802836802	1.9052021983086667	0.47191850839322924
290.7480007897702	1.9053118933196724	0.4719589097032873
290.80863393777724	1.9054215592327788	0.4719992994818174
290.8692797303377	1.905531196057693	0.47203967773319316
290.92993817008863	1.905640803804118	0.47208004446178614
290.99060925966734	1.9057503824817512	0.47212039967196495
291.05129300171205	1.905859932100287	0.47216074336809644
291.11198939886106	1.9059694526694133	0.4722010755545446
291.17269845375364	1.9060789441988157	0.4722413962356712
291.2334201690294	1.906188406698174	0.47228170541583575
291.2941545473287	1.906297840177164	0.4723220030993953
291.3549015912921	1.906407244645457	0.4723622892907045
291.415661303561	1.9065166201127197	0.47240256399411545
291.47643368677745	1.9066259665886145	0.4724428272139783
291.53721874358365	1.906735284082799	0.47248307895464053
291.59801647662266	1.906844572604927	0.47252331922044727
291.6588268885381	1.9069538321646475	0.4725635480157415
291.71964998197393	1.9070630627716048	0.4726037653448636
291.7804857595747	1.9071722644354387	0.47264397121215146
291.84133422398577	1.9072814371657856	0.47268416562194104
291.90219537785276	1.9073905809722762	0.4727243485785656
291.96306922382195	1.9074996958645376	0.47276452008635617
292.02395576454023	1.9076087818521918	0.4728046801496414
292.08485500265493	1.907717838944857	0.4728448287727477
292.1457669408141	1.9078268671521468	0.47288496595999885
292.2066915816662	1.90793586648367	0.4729250917157166
292.2676289278601	1.9080448369490315	0.4729652060442202
292.3285789820456	1.9081537785578313	0.4730053089498265
292.38954174687274	1.9082626913196656	0.4730454004368501
292.45051722499227	1.9083715752441257	0.47308548050960314
292.5115054190555	1.9084804303407985	0.47312554917239574
292.5725063317141	1.9085892566192668	0.4731656064295351
292.6335199656205	1.9086980540891083	0.4732056522853268
292.69454632342763	1.908806822759898	0.4732456867440733
292.75558540778894	1.908915562641204	0.47328570981007545
292.8166372213584	1.9090242737425922	0.47332572148763147
292.8777017667907	1.909132956073623	0.47336572178103703
292.93877904674093	1.9092416096438527	0.4734057106945858
292.9998690638648	1.9093502344628333	0.47344568823256905
293.0609718208184	1.9094588305401117	0.47348565439927576
293.1220873202586	1.9095673978852314	0.47352560919899217
293.1832155648427	1.9096759365077316	0.47356555263600275
293.2443565572287	1.909784446417146	0.4736054847145895
293.30551030007496	1.909892927623005	0.4736454054390319
293.3666767960406	1.9100013801348341	0.4736853148136073
293.42785604778504	1.9101098039621547	0.47372521284259084
293.48904805796843	1.9102181991144833	0.473765099530255
293.5502528292515	1.9103265656013326	0.47380497488087014
293.6114703642956	1.9104349034322112	0.4738448388987045
293.67270066576225	1.9105432126166226	0.4738846915880237
293.73394373631373	1.9106514931640664	0.47392453295309095
293.7951995786132	1.9107597450840375	0.4739643629981679
293.856468195324	1.910867968386027	0.474004181727513
293.9177495891101	1.9109761630795212	0.474043989145383
293.97904376263614	1.9110843291740023	0.47408378525603195
294.040350718567	1.911192466678948	0.4741235700637119
294.1016704595687	1.9113005756038315	0.4741633435726727
294.1630029883072	1.9114086559581227	0.47420310578716135
294.2243483074494	1.9115167077512856	0.4742428567114231
294.2857064196626	1.9116247309927807	0.4742825963497008
294.34707732761456	1.9117327256920646	0.4743223247062346
294.408461033974	1.9118406918585888	0.47436204178526314
294.4698575414097	1.911948629501801	0.47440174759102205
294.5312668525913	1.912056538631144	0.47444144212774503
294.5926889701889	1.912164419256057	0.4744811253996635
294.6541238968732	1.9122722713859746	0.47452079741100645
294.7155716353155	1.912380095030327	0.4745604581660006
294.7770321881874	1.9124878901985398	0.47460010766887073
294.83850555816133	1.912595656900035	0.4746397459238389
294.8999917479104	1.9127033951442303	0.4746793729351252
294.9614907601078	1.912811104940538	0.4747189887069471
295.02300259742765	1.9129187862983674	0.47475859324352027
295.0845272625444	1.9130264392271228	0.47479818654905775
295.14606475813343	1.9131340637362044	0.4748377686277704
295.2076150868702	1.9132416598350082	0.47487733948386707
295.2691782514311	1.9133492275329254	0.47491689912155394
295.33075425449294	1.9134567668393436	0.47495644754503524
295.39234309873297	1.9135642777636466	0.4749959847585126
295.4539447868292	1.913671760315212	0.47503551076618594
295.51555932146016	1.9137792145034147	0.47507502557225245
295.5771867053048	1.9138866403376258	0.4751145291809072
295.63882694104274	1.9139940378272102	0.475154021596343
295.7004800313542	1.91410140698153	0.4751935028227506
295.7621459789197	1.9142087478099428	0.4752329728643181
295.8238247864208	1.9143160603218017	0.4752724317252318
295.88551645653916	1.9144233445264558	0.47531187940967545
295.9472209919571	1.9145306004332494	0.4753513159218306
296.00893839535786	1.9146378280515235	0.4753907412658766
296.0706686694247	1.914745027390614	0.4754301554459909
296.1324118168418	1.9148521984598528	0.475469558466348
296.1941678402938	1.9149593412685677	0.4755089503311206
296.25593674246585	1.9150664558260826	0.4755483310444792
296.3177185260436	1.915173542141716	0.47558770061059197
296.37951319371365	1.9152806002247835	0.47562705903362484
296.4413207481625	1.9153876300845953	0.4756664063177416
296.5031411920779	1.9154946317304589	0.47570574246710345
296.56497452814773	1.9156016051716755	0.4757450674858702
296.62682075906054	1.9157085504175442	0.4757843813781982
296.6886798875054	1.9158154674773584	0.4758236841482428
296.75055191617207	1.915922356360408	0.4758629758001564
296.8124368477508	1.9160292170759783	0.4759022563380893
296.8743346849322	1.9161360496333504	0.4759415257661897
296.93624543040795	1.9162428540418015	0.4759807840886036
296.99816908686967	1.9163496303106047	0.4760200313094747
297.06010565700996	1.916456378449028	0.47605926743294436
297.12205514352195	1.9165630984663364	0.4760984924631521
297.1840175490991	1.9166697903717902	0.4761377064042348
297.24599287643565	1.9167764541746448	0.47617690926032746
297.30798112822623	1.9168830898841527	0.47621610103556267
297.3699823071663	1.916989697509561	0.476255281734071
297.4319964159516	1.9170962770601139	0.47629445135998055
297.4940234572787	1.9172028285450504	0.4763336099174176
297.5560634338443	1.917309351973605	0.4763727574105058
297.6181163483461	1.9174158473550091	0.47641189384336685
297.6801822034823	1.9175223146984894	0.4764510192201204
297.7422610019513	1.9176287540132686	0.47649013354488334
297.80435274645254	1.9177351653085646	0.4765292368217711
297.86645743968575	1.9178415485935925	0.4765683290548964
297.9285750843514	1.9179479038775615	0.47660741024836994
297.99070568315017	1.9180542311696782	0.47664648040630025
298.05284923878366	1.9181605304791438	0.4766855395327936
298.1150057539541	1.918266801815156	0.4767245876319542
298.1771752313637	1.9183730451869083	0.47676362470788386
298.2393576737159	1.9184792606035903	0.4768026507646825
298.3015530837144	1.9185854480743865	0.4768416658064475
298.3637614640635	1.9186916076084781	0.4768806698372745
298.42598281746797	1.9187977392150422	0.47691966286125653
298.48821714663336	1.9189038429032512	0.4769586448824847
298.55046445426564	1.9190099186822736	0.47699761590504797
298.6127247430712	1.9191159665612738	0.4770365759330329
298.67499801575747	1.9192288792339003	0.47710325272066767
298.7372842750318	1.919364823731319	0.477262661173508
298.7995835236027	1.919500737996326	0.47742201428711156
298.8618957641788	1.9196366220324175	0.4775813120882892
298.9242209994695	1.9197724758430954	0.4777405546038348
298.9865592321849	1.919908299431869	0.4778997418605248
299.04891046503536	1.9200440928022529	0.478058873885119
299.11127470073205	1.9201798559577674	0.4782179507043591
299.17365194198646	1.9203155889019399	0.4783769723449701
299.23604219151093	1.9204512916383027	0.4785359388336599
299.2984454520182	1.920586964170395	0.47869485019711927
299.3608617262215	1.9207226065017609	0.4788537064620212
299.423291016835	1.9208582186359524	0.47901250765502257
299.4857333265729	1.920993800576525	0.479171253802762
299.54818865815025	1.9211293523270425	0.4793299449318615
299.6106570142829	1.9212648738910731	0.4794885810689265
299.67313839768667	1.9214003652721918	0.4796471622405441
299.7356328110786	1.9215358264739788	0.47980568847328586
299.79814025717565	1.921671257500021	0.4799641597937048
299.8606607386961	1.9218066583539104	0.480122576228338
299.923194258358	1.9219420290392457	0.4802809378037046
299.9857408188806	1.9220773695596307	0.48043924454630726
300.0483004229834	1.922212679918676	0.48059749648263167
300.1108730733866	1.9223479601199973	0.4807556936391463
300.17345877281065	1.922483210167216	0.4809138360423023
300.236057523977	1.9226184300639597	0.48107192371853424
300.29866932960755	1.9227536198138624	0.48122995669426
300.3612941924245	1.9228887794205627	0.4813879349958796
300.42393211515105	1.9230239088877055	0.48154585864977734
300.4865831005107	1.9231590082189418	0.4817037276823195
300.54924715122735	1.9232940774179283	0.48186154211985566
300.6119242700259	1.923429116488327	0.48201930198871906
300.67461445963147	1.9235641254338058	0.4821770073152254
300.73731772276994	1.9236991042580387	0.48233465812567383
300.80003406216764	1.9238340529647049	0.48249225444634625
300.86276348055156	1.9239689715574897	0.4826497963035084
300.9255059806491	1.9241038600400837	0.4828072837234083
300.9882615651886	1.924238718416184	0.48296471673227803
301.05103023689844	1.9243735466894916	0.483122095356332
301.1138119985079	1.9245083448637152	0.48327941962176824
301.17660685274694	1.9246431129425683	0.4834366895547683
301.2394148023458	1.9247778509297695	0.483593905181496
301.30223585003546	1.9249125588290439	0.4837510665280994
301.36506999854737	1.9250472366441216	0.4839081736207093
301.4279172506136	1.9251818843787385	0.4840652264854395
301.49077760896677	1.9253165020366356	0.4842222251483873
301.55365107634015	1.9254510896215609	0.4843791696356337
301.6165376554675	1.9255856471372659	0.48453605997324234
301.6794373490831	1.9257201745875097	0.4846928961872605
301.74235015992207	1.925854671976055	0.48484967830371867
301.8052760907196	1.9259891393066715	0.48500640634863046
301.86821514421206	1.9261235765831335	0.48516308034799344
301.93116732313587	1.9262579838092215	0.48531970032778776
301.99413263022836	1.9263923609887212	0.4854762663139774
302.0571110682274	1.9265683514413152	0.48562228124364165
302.12010263987094	1.9267621318506298	0.48576374467343336
302.1831073478982	1.9269558565584897	0.4859051540229633
302.2461251950487	1.9271495255846935	0.48604650932407995
302.30915618406226	1.9273431389490303	0.4861878106086043
302.37220031767964	1.9275366966712841	0.48632905790832925
302.43525759864224	1.9277301987712303	0.48647025125502075
302.4983280296915	1.927923645268637	0.48661139068041553
302.56141161356993	1.9281170361832656	0.48675247621622386
302.62450835302053	1.9283103715348688	0.4868935078941279
302.68761825078656	1.9285036513431935	0.4870344857457819
302.7507413096123	1.9286968756279788	0.48717540980281293
302.81387753224226	1.9288900444089554	0.4873162800968198
302.8770269214217	1.929083157705848	0.48745709665937487
302.9401894798963	1.9292762155383731	0.4875978595220217
303.00336521041254	1.9294692179262405	0.4877385687162773
303.0665541157172	1.9296621648891517	0.4878792242736305
303.12975619855797	1.9298550564468018	0.4880198262255435
303.19297146168276	1.9300478926188782	0.48816037460345024
303.2561999078403	1.9302406734250603	0.48830086943875795
303.3194415397797	1.9304333988850213	0.48844131076284614
303.38269636025086	1.9306260690184263	0.4885816986070672
303.44596437200414	1.9308186838449326	0.488722033002746
303.5092455777903	1.931011243384191	0.4888623139811806
303.5725399803611	1.9312037476558448	0.4890025415736412
303.63584758246844	1.9313961966795292	0.48914271581137136
303.69916838686515	1.931588590474873	0.4892828367255876
303.7625023963042	1.9317809290614971	0.4894229043474784
303.8258496135397	1.931973212459015	0.48956291870820634
303.88921004132567	1.9321654406870326	0.4897028798389059
303.95258368241747	1.9323576137651493	0.4898427877706854
304.0159705395704	1.932549731712956	0.48998264253462576
304.07937061554054	1.932741794550037	0.4901224441617806
304.14278391308466	1.9329338022959692	0.4902621926831771
304.20621043495987	1.933125754970321	0.49040188812981533
304.26965018392417	1.9333176525926552	0.4905415305326686
304.3331031627358	1.9335094951825262	0.4906811199226831
304.39656937415396	1.9337012827594808	0.4908206563307787
304.460048820938	1.9338930153430591	0.49096013978784797
304.5235415058482	1.934084692952793	0.49109957032475715
304.5870474316451	1.934276315608208	0.49123894797234524
304.6505666010901	1.9344678833288214	0.49137827276142526
304.714099016945	1.9346593961341434	0.4915175447227829
304.77764468197233	1.9348508540436768	0.49165676388717744
304.8412035989349	1.935042257076917	0.4917959302853417
304.90477577059653	1.9352336052533519	0.4919350439479818
304.9683611997212	1.935424898592462	0.49207410490577747
305.0319598890738	1.935616137113721	0.49221311318938166
305.09557184141937	1.9358073208365942	0.4923520688294211
305.1591970595241	1.9359984497805407	0.49249097185649593
305.22283554615433	1.9361895239650109	0.49262982230118
305.2864873040771	1.9363805434094488	0.4927686201940205
305.3501523360601	1.9365715081332906	0.49290736556553866
305.4138306448715	1.9367624181559648	0.4930460584462293
305.47752223328	1.9369532734968933	0.49318469886656024
305.541227104055	1.9371440741754897	0.493323286856974
305.6049452599665	1.937334820211161	0.4934618224478864
305.6686767037848	1.9375255116233063	0.4936003056696872
305.7324214382812	1.9377161484313172	0.49373873655273964
305.79617946622733	1.9379067306545792	0.4938771151273814
305.8599507903953	1.9380972583124676	0.49401544142392323
305.92373541355806	1.9382877314243536	0.4941537154726508
305.9875333384891	1.9384781500095987	0.4942919373038229
306.05134456796225	1.938668514087558	0.4944301069476729
306.11516910475194	1.9388588236775781	0.4945682244344072
306.17900695163354	1.9390490787990002	0.4947062897942074
306.2428581113826	1.9392392794711562	0.4948443030572285
306.30672258677555	1.9394294257133715	0.4949822642535996
306.37060038058905	1.9396195175449638	0.4951201734134241
306.4344914956008	1.9398095549852439	0.4952580305667795
306.49839593458876	1.9399995380535142	0.49539583574371776
306.56231370033134	1.9401894667690707	0.49553358897426425
306.626244795608	1.9403793411512014	0.4956712902884194
306.69018922319844	1.9405691612191869	0.4958089397161576
306.75414698588287	1.9407589269923011	0.4959465372874273
306.81811808644227	1.9409486384898091	0.4960840830321515
306.88210252765816	1.9411382957309702	0.4962215769802277
306.94610031231275	1.9413278987350353	0.49635901916152764
307.0101114431885	1.941517447521248	0.49649640960589714
307.0741359230688	1.9417069421088444	0.49663374834315704
307.1381737547374	1.9418963825170539	0.49677103540310236
307.2022249409788	1.9420857687650979	0.4969082708155025
307.2662894845779	1.9422751008721901	0.49704545461010163
307.3303673883202	1.9424643788575373	0.49718258681661825
307.3944586549922	1.9426536027403396	0.49731966746474593
307.45856328738023	1.9428427725397872	0.49745669658415187
307.5226812882717	1.9430318882750657	0.4975936742044788
307.5868126604546	1.9432209499653514	0.49773060035534405
307.6509574067174	1.943409957629815	0.49786747506633916
307.7151155298491	1.9435989112876177	0.4980042983670308
307.7792870326392	1.9437878109579143	0.4981410702869601
307.8434719178783	1.9439766566598529	0.4982777908556434
307.90767018835686	1.9441654484125728	0.4984144601025714
307.9718818468664	1.9443541862352067	0.49855107805720983
308.03610689619893	1.9445428701468799	0.49868764474899957
308.1003453391468	1.9447315001667098	0.498824160207356
308.16459717850336	1.9449200763138068	0.4989606244616692
308.22886241706226	1.945108598607274	0.4990970375413048
308.2931410576176	1.9452970670662062	0.4992333994756033
308.3574331029646	1.9454854817096925	0.49936971029387983
308.42173855589846	1.9456738425568127	0.4995059700254252
308.48605741921534	1.9458621496266406	0.49964217869950434
308.5503896957119	1.9460504029382415	0.49977833634535823
308.61473538818524	1.9462386025106744	0.4999144429922025
308.67909449943323	1.9464267483629893	0.500050498669228
308.7434670322543	1.9466148405142312	0.5001865034056008
308.8078529894472	1.9468088738362637	0.5003457832724862
308.8722523738117	1.947509567480956	0.5024725485203623
308.9366651881477	1.9482116827772908	0.5045969349393032
309.00109143525617	1.948915210524181	0.5067189429438421
309.0655311179382	1.9496201415520913	0.5088385729900725
309.12998423899575	1.9503264667231717	0.510955825575266
309.19445080123137	1.951034176931372	0.5130707012374615
309.25893080744794	1.951743263102567	0.5151832005550901
309.3234242604493	1.9524537161946667	0.517293324146574
309.3879311630396	1.9531655271977293	0.519401072669943
309.45245151802345	1.9538786871340634	0.5215064468224324
309.5169853282063	1.9545931870583377	0.5236094473401176
309.5815325963944	1.955309018057676	0.525710074997519
309.646093325394	1.9560261712517504	0.527808330607207
309.7106675180124	1.9567446377928772	0.5299042150194381
309.77525517705726	1.9574644088661033	0.5319977291217646
309.83985630533687	1.9581854756892882	0.5340888738386536
309.9044709056603	1.9589078295131896	0.5361776501311177
309.96909898083686	1.9596314616215342	0.5382640589963275
310.0337405336766	1.9603563633310976	0.5403481014672478
310.09839556699046	1.9610825259917717	0.542429778612261
310.1630640835893	1.961809940986629	0.5445090915347898
310.2277460862852	1.9625385997319913	0.5465860413729383
310.2924415778905	1.9632684936774858	0.5486606292991189
310.35715056121813	1.9639996143061058	0.5507328565196872
310.4218730390819	1.964731953134259	0.5528027242745751
310.48660901429577	1.9654655017118234	0.5548702338369338
310.55135848967456	1.9662002516221904	0.5569353865127691
310.6161214680336	1.9657525850047408	0.554819071050857
310.68089795218896	1.9639944614872846	0.5480170848976902
310.7456879449571	1.9622540228435548	0.5411995553631451
310.8104914491551	1.9605315000840422	0.534366562260874
310.8753084676006	1.9588271249190958	0.5275181895665721
310.94013900311194	1.9595159207668138	0.5295114514008256
311.004983058508	1.9603564689014117	0.5320576476682084
311.0698406366083	1.9611990290278618	0.5346005349761052
311.1347117402328	1.9620435858963736	0.5371401140598678
311.1995963722022	1.9628901243199732	0.5396763857354564
311.26449453533775	1.963738629174774	0.5422093508985089
311.3294062324611	1.9645890854002404	0.5447390105234399
311.3943314663948	1.965441477999436	0.5472653656625203
311.459270239962	1.9662957920392679	0.5497884174449752
311.52422255598594	1.9671520126507094	0.5523081670760691
311.589188417291	1.9680101250290283	0.5548246158362281
311.65416782670184	1.9688701144339895	0.5573377650801271
311.7191607870439	1.9697319661900563	0.5598476162358064
311.78416730114304	1.9705956656865804	0.5623541708037876
311.8491873718258	1.9714611983779802	0.5648574303561892
311.9142210019193	1.9723285497839096	0.5673573965358487
311.97926819425135	1.9731977054894212	0.5698540710554556
312.04432895165013	1.9740686511451147	0.5723474556966799
312.1094032769446	1.974941372467279	0.5748375523093098
312.1744911729641	1.9758158552380234	0.5773243628103911
312.2395926425388	1.9766920853054049	0.5798078891833838
312.3047076884993	1.977570048583539	0.5822881334773045
312.36983631367696	1.9784497310527085	0.5847650978058888
312.4349785209035	1.9793311187594584	0.5872387843467515
