345.1848850900301	2.040484356826893	0.45862150173758504
345.18875518186564	2.040503406446779	0.4586362436572012
345.19262531709137	2.040522455726293	0.458650985164792
345.1964954957076	2.040541504665441	0.45866572626037677
345.2003657177151	2.0405605532642324	0.4586804669439759
345.20423598311396	2.0405796015226714	0.45869520721560825
345.208106291905	2.040598649440767	0.4587099470752945
345.21197664408857	2.0406176970185257	0.45872468652305337
345.21584703966516	2.0406367442559543	0.4587394255589055
345.21971747863523	2.04065579115306	0.45875416418287
345.2235879609994	2.04067483770985	0.45876890239496704
345.22745848675794	2.0406938839263304	0.4587836401952158
345.23132905591154	2.0407129298025097	0.45879837758363656
345.23519966846055	2.0407319753383932	0.45881311456024854
345.2390703244056	2.04075102053399	0.45882785112507196
345.24294102374694	2.040770065389305	0.45884258727812594
345.2468117664854	2.0407891099043467	0.45885732301943083
345.25068255262113	2.040808154079121	0.4588720583490058
345.25455338215477	2.040827197913636	0.4588867932668711
345.2584242550867	2.040846241407898	0.45890152777304555
345.2622951714177	2.0408652845619146	0.45891626186754986
345.2661661311479	2.0408843273756916	0.4589309955504033
345.2700371342781	2.0409033698492376	0.45894572882162554
345.27390818080846	2.0409224119825584	0.4589604616812362
345.27777927073964	2.0409414537756616	0.4589751941292549
345.2816504040723	2.0409604952285543	0.45898992616570217
345.2855215808066	2.040979536341243	0.4590046577905967
345.28939280094323	2.0409985771137356	0.4590193890039588
345.2932640644825	2.041017617546038	0.45903411980580755
345.29713537142527	2.0410366576381582	0.4590488501961634
345.30100672177156	2.041055697390102	0.4590635801750454
345.3048781155222	2.0410747368018782	0.45907830974247393
345.30874955267745	2.0410937758734926	0.45909303889846764
345.312621033238	2.0411128146049524	0.45910776764304745
345.31649255720407	2.0411318529962643	0.45912249597623184
345.3203641245765	2.0411508910474363	0.45913722389804174
345.3242357353554	2.0411699287584737	0.4591519514084957
345.3281073895416	2.041188966129386	0.45916667850761417
345.3319790871353	2.0412080031601776	0.4591814051954164
345.33585082813727	2.041227039850858	0.4591961314719224
345.3397226125477	2.041246076201432	0.4592108573371515
345.3435944403673	2.041265112211908	0.45922558279112385
345.3474663115964	2.0412841478822923	0.45924030783385833
345.35133822623567	2.0413031832125923	0.4592550324653757
345.35521018428534	2.0413222182028146	0.4592697566856944
345.3590821857462	2.041341252852967	0.45928448049483533
345.36295423061847	2.041360287163056	0.4592992038928171
345.3668263189027	2.041379321133088	0.45931392687966005
345.3706984505996	2.041398354763072	0.4593286494553838
345.37457062570945	2.0414173880530133	0.45934337162000805
345.3784428442327	2.041436421002919	0.4593580933735518
345.3823151061698	2.0414554536127962	0.45937281471603525
345.3861874115215	2.0414744858826532	0.45938753564747836
345.39005976028807	2.041493517812495	0.45940225616790015
345.3939321524702	2.0415125494023303	0.4594169762773208
345.3978045880681	2.041531580652165	0.45943169597575956
345.40167706708235	2.041550611562007	0.4594464152632365
345.40554958951356	2.0415696421318623	0.45946113413977085
345.4094221553621	2.041588672361739	0.45947585260538254
345.41329476462846	2.041607702251643	0.4594905706600911
345.41716741731324	2.041626731801583	0.4595052883039164
345.4210401134168	2.0416457610115635	0.4595200055368777
345.42491285293966	2.0416647898815943	0.4595347223589951
345.42878563588226	2.0416838184116797	0.4595494387702876
345.43265846224523	2.041702846601829	0.45956415477077567
345.4365313320289	2.041721874452048	0.4595788703604782
345.44040424523394	2.0417409019623447	0.45959358553941565
345.4442772018606	2.041759929132725	0.4596083003076067
345.4481502019096	2.0417789559631965	0.4596230146650716
345.45202324538127	2.0417979824537658	0.45963772861182994
345.4558963322761	2.0418170086044407	0.4596524421479014
345.45976946259464	2.041836034415227	0.4596671552733052
345.4636426363374	2.041855059886133	0.4596818679880617
345.4675158535047	2.041874085017165	0.45969658029218957
345.4713891140973	2.04189310980833	0.459711292185709
345.47526241811556	2.0419121342596354	0.45972600366864014
345.4791357655598	2.041931158371088	0.4597407147410015
345.4830091564308	2.041950182142695	0.4597554254028138
345.4868825907287	2.041969205574463	0.4597701356540958
345.4907560684544	2.0419882286664	0.4597848454948677
345.4946295896081	2.0420072514185112	0.4597995549251489
345.49850315419036	2.0420262738308055	0.459814263944959
345.50237676220166	2.042045295903289	0.45982897255431743
345.50625041364253	2.042064317635969	0.4598436807532442
345.5101241085133	2.042083339028852	0.4598583885417586
345.5139978468147	2.042102360081946	0.45987309591988057
345.517871628547	2.0421213807952565	0.45988780288762954
345.52174545371093	2.0421404011687923	0.4599025094450253
345.5256193223067	2.042159421202559	0.4599172155920868
345.529493234335	2.0421784408965644	0.4599319213288347
345.53336718979614	2.042197460250815	0.4599466266552876
345.53724118869076	2.042216479265319	0.4599613315714659
345.5411152310193	2.0422354979400814	0.4599760360773888
345.54498931678233	2.042254516275112	0.4599907401730759
345.54886344598015	2.0422735342704144	0.46000544385854675
345.55273761861343	2.042292551925998	0.46002014713382156
345.5566118346824	2.0423115692418694	0.460034849998919
345.56048609418787	2.042330586218035	0.46004955245385926
345.5643603971302	2.042349602854503	0.4600642544986619
345.5682347435097	2.0423686191512793	0.46007895613334626
345.5721091333272	2.0423876351083714	0.46009365735793245
345.57598356658286	2.042406650725786	0.46010835817243945
345.57985804327745	2.0424256660035307	0.4601230585768873
345.58373256341116	2.0424446809416117	0.4601377585712951
345.5876071269848	2.0424636955400373	0.46015245815568306
345.5914817339985	2.0424827097988127	0.46016715733007
345.595356384453	2.042501723717947	0.4601818560944766
345.59923107834874	2.0425207372974454	0.4601965544489214
345.60310581568615	2.042539750537316	0.46021125239342475
345.6069805964658	2.0425587634375653	0.46022594992800553
345.6108554206882	2.0425777759982005	0.4602406470526839
345.6147302883536	2.0425967882192286	0.46025534376747895
345.6186051994628	2.042615800100657	0.4602700400724109
345.6224801540161	2.042634811642492	0.46028473596749875
345.62635515201407	2.0426538228447413	0.4602994314527625
345.63023019345707	2.042672833707411	0.46031412652822107
345.6341052783457	2.0426918442305095	0.4603288211938949
345.63798040668047	2.0427108544140427	0.46034351544980273
345.6418555784618	2.042729864258018	0.460358209295965
345.6457307936901	2.0427488737624424	0.46037290273240045
345.6496060523662	2.0427678829273233	0.46038759575912924
345.6534813544901	2.042786891752667	0.46040228837617064
345.6573567000627	2.0428059002384806	0.4604169805835444
345.6612320890841	2.042824908384772	0.4604316723812697
345.66510752155517	2.042843916191547	0.4604463637693663
345.66898299747623	2.042862923658814	0.4604610547478543
345.6728585168476	2.0428819307865784	0.4604757453167523
345.6767340796702	2.0429009375748484	0.460490435476081
345.680609685944	2.0429199440236308	0.46050512522585857
345.68448533567	2.0429389501329327	0.46051981456610597
345.68836102884813	2.0429579559027604	0.4605345034968417
345.6922367654794	2.042976961333122	0.46054919201808586
345.6961125455639	2.0429959664240234	0.46056388012985766
345.69998836910247	2.0430149711754733	0.46057856783217727
345.7038642360953	2.0430339755874765	0.4605932551250632
345.707740146543	2.0430529796600414	0.46060794200853633
345.71161610044595	2.0430719833931748	0.46062262848261476
345.71549209780494	2.043090986786884	0.4606373145473193
345.7193681386201	2.0431099898411755	0.4606520002026686
345.72324422289216	2.0431289925560567	0.460666685448683
345.7271203506215	2.0431479949315343	0.460681370285381
345.7309965218086	2.043166996967616	0.4606960547127833
345.73487273645395	2.0431859986643075	0.4607107387309084
345.7387489945581	2.0432050000216173	0.46072542233977654
345.7426252961214	2.043224001039551	0.4607401055394071
345.7465016411446	2.043243001718117	0.4607547883298194
345.7503780296279	2.0432620020573213	0.460769470711033
345.7542544615718	2.0432810020571717	0.4607841526830675
345.7581309369771	2.043300001717675	0.4607988342459431
345.76200745584407	2.0433190010388373	0.460813515399678
345.76588401817315	2.043338000020667	0.46082819614429293
345.7697606239649	2.0433569986631706	0.4608428764798065
345.7736372732198	2.0433759969663545	0.4608575564062392
345.77751396593834	2.0433949949302264	0.4608722359236095
345.7813907021209	2.043413992554793	0.4608869150319378
345.78526748176813	2.043432989840062	0.4609015937312428
345.7891443048805	2.0434519867860406	0.4609162720215448
345.7930211714584	2.0434709833927336	0.46093094990286276
345.79689808150243	2.0434899796601504	0.4609456273752169
345.8007750350129	2.0435089755882974	0.4609603044386257
345.80465203199054	2.043527971177181	0.46097498109310964
345.80852907243565	2.0435469664268084	0.46098965733868735
345.8124061563488	2.0435659613371877	0.46100433317537926
345.8162832837304	2.043584955908324	0.46101900860320416
345.82016045458107	2.043603950140227	0.4610336836221821
345.82403766890116	2.043622944032901	0.46104835823233203
345.82791492669134	2.0436419375863544	0.46106303243367397
345.83179222795184	2.0436609308005935	0.46107770622622696
345.83566957268323	2.0436799236756267	0.46109237961001104
345.83954696088614	2.0436989162114596	0.46110705258504503
345.8434243925609	2.0437179084080994	0.4611217251513489
345.84730186770815	2.043736900265554	0.46113639730894224
345.8511793863284	2.04375589178383	0.46115106905784464
345.8550569484218	2.043774882962934	0.4611657403980747
345.8589345539891	2.0437938738028736	0.46118041132965265
345.86281220303084	2.0438128643036557	0.46119508185259817
345.8666898955474	2.043831854465286	0.4612097519669302
345.87056763153925	2.0438508442877743	0.4612244216726688
345.87444541100695	2.0438698337711254	0.4612390909698326
345.87832323395094	2.043888822915347	0.46125375985844225
345.88220110037173	2.043907811720446	0.46126842833851617
345.88607901026984	2.04392680018643	0.4612830964100746
345.8899569636456	2.0439457883133048	0.46129776407313644
345.89383496049976	2.0439647761010784	0.4613124313277216
345.8977130008325	2.043983763549758	0.4613270981738491
345.9015910846446	2.0440027506593497	0.46134176461153936
345.90546921193635	2.044021737429861	0.46135643064081067
345.90934738270835	2.0440407238612996	0.46137109626168327
345.9132255969609	2.0440597099536713	0.4613857614741762
345.9171038546948	2.0440786957069843	0.4614004262783095
345.92098215591034	2.0440976811212446	0.46141509067410197
345.92486050060796	2.0441166661964596	0.46142975466157377
345.9287388887883	2.0441356509326365	0.4614444182407437
345.93261732045175	2.044154635329783	0.4614590814116317
345.9364957955987	2.044173619387904	0.4614737441742569
345.9403743142299	2.0441926031070086	0.46148840652863926
345.94425287634556	2.0442115864871027	0.46150306847479766
345.94813148194635	2.0442305695281937	0.46151773001275154
345.95201013103275	2.0442495522302893	0.46153239114252126
345.9558888236051	2.0442685345933946	0.4615470518641252
345.95976755966416	2.044287516617519	0.4615617121775838
345.9636463392102	2.044306498302668	0.4615763720829155
345.96752516224365	2.0443254796488497	0.4615910315801405
345.9714040287652	2.04434446065607	0.46160569066927803
345.9752829387752	2.044360838631756	0.46160882275146364
345.97916189227413	2.0443757489253724	0.4616054560890061
345.9830408892626	2.0443906589641787	0.46160208953318993
345.9869199297409	2.0444055687481804	0.46159872308401034
345.9907990137099	2.0444204782773845	0.4615953567414621
345.9946781411696	2.0444353875517955	0.4615919905055408
345.99855731212085	2.044450296571421	0.4615886243762409
346.0024365265639	2.044465205336265	0.461585258353558
346.00631578449935	2.0444801138463355	0.4615818924374868
346.01019508592776	2.0444950221016365	0.4615785266280226
346.01407443084946	2.044509930102175	0.46157516092516043
346.0179538192651	2.0445248378479564	0.4615717953288954
346.021833251175	2.0445397453389873	0.46156842983922236
346.02571272657974	2.0445546525752727	0.46156506445613665
346.0295922454799	2.0445695595568196	0.4615616991796332
346.0334718078756	2.0445844662836326	0.46155833400970725
346.03735141376785	2.044599372755718	0.4615549689463538
346.0412310631568	2.0446142789730826	0.46155160398956785
346.04511075604296	2.044629184935731	0.46154823913934445
346.048990492427	2.0446440906436707	0.4615448743956788
346.0528702723092	2.044658996096906	0.46154150975856606
346.0567500956901	2.0446739012954436	0.461538145228001
346.06062996257026	2.0446888062392894	0.4615347808039791
346.0645098729502	2.0447037109284487	0.4615314164864951
346.0683898268302	2.044718615362928	0.4615280522755442
346.07226982421105	2.0447335195427336	0.4615246881711215
346.0761498650929	2.0447484234678703	0.46152132417322217
346.0800299494765	2.044763327138345	0.4615179602818411
346.0839100773622	2.044778230554163	0.4615145964969735
346.0877902487506	2.0447931337153302	0.46151123281861445
346.09167046364206	2.0448080366218524	0.461507869246759
346.0955507220371	2.0448229392737365	0.4615045057814021
346.09943102393623	2.044837841670987	0.46150114242253926
346.10331136934	2.0448527438136113	0.461497779170165
346.10719175824886	2.044867645701614	0.46149441602427477
346.1110721906633	2.0448825473350016	0.46149105298486354
346.1149526665837	2.044897448713779	0.4614876900519266
346.1188331860107	2.0449123498379542	0.46148432722545857
346.12271374894465	2.0449272507075316	0.46148096450545495
346.1265943553862	2.044942151322517	0.46147760189191067
346.13047500533565	2.0449570516829167	0.4614742393848209
346.13435569879374	2.044971951788737	0.4614708769841806
346.13823643576063	2.044986851639983	0.4614675146899849
346.142117216237	2.045001751236661	0.46146415250222905
346.1459980402234	2.045016650578777	0.4614607904209078
346.1498789077202	2.0450315496663367	0.46145742844601656
346.15375981872796	2.0450464484993462	0.4614540665775502
346.15764077324707	2.045061347077811	0.46145070481550404
346.16152177127816	2.045076245401738	0.4614473431598728
346.1654028128215	2.0450911434711316	0.4614439816106519
346.1692838978779	2.0451060412859987	0.4614406201678363
346.1731650264475	2.0451209388463445	0.4614372588314212
346.1770461985312	2.045135836152176	0.4614338976014015
346.1809274141289	2.0451507332034984	0.46143053647777243
346.18480867324166	2.045165630000317	0.46142717546052914
346.1886899758697	2.045180526542639	0.46142381454966647
346.1925713220135	2.04519542283047	0.46142045374517965
346.19645271167354	2.045210318863815	0.46141709304706385
346.2003341448505	2.0452252146426804	0.46141373245531403
346.2042156215446	2.045240110167072	0.4614103719699254
346.2080971417566	2.0452550054369962	0.461407011590893
346.21197870548673	2.045269900452458	0.46140365131821187
346.21586031273563	2.0452847952134645	0.46140029115187714
346.2197419635037	2.0452996897200206	0.46139693109188396
346.22362365779156	2.0453145839721327	0.46139357113822727
346.2275053955995	2.045329477969806	0.4613902112909024
346.23138717692814	2.045344371713047	0.46138685154990433
346.23526900177797	2.0453592652018617	0.46138349191522804
346.2391508701495	2.0453741584362564	0.46138013238686865
346.2430327820432	2.045389051416236	0.4613767729648214
346.24691473745946	2.045403944141806	0.46137341364908135
346.25079673639885	2.0454188366129737	0.4613700544396435
346.2546787788619	2.0454337288297446	0.46136669533650293
346.258560864849	2.045448620792124	0.46136333633965493
346.2624429943607	2.045463512500118	0.4613599774490944
346.2663251673976	2.0454784039537333	0.4613566186648165
346.27020738395987	2.0454932951529745	0.46135325998681637
346.27408964404833	2.0455081860978486	0.46134990141508897
346.27797194766316	2.0455230767883603	0.4613465429496297
346.28185429480527	2.0455379672245173	0.46134318459043316
346.2857366854746	2.0455528574063235	0.461339826337495
346.2896191196722	2.045567747333786	0.4613364681908099
346.29350159739806	2.0455826370069103	0.4613331101503733
346.2973841186531	2.045597526425703	0.46132975221617983
346.30126668343746	2.0456124155901687	0.4613263943882251
346.30514929175183	2.0456273045003144	0.4613230366665038
346.3090319435966	2.0456421931561453	0.4613196790510114
346.3129146389725	2.045657081557668	0.4613163215417426
346.3167973778795	2.045671969704887	0.46131296413869294
346.32068016031855	2.04568685759781	0.4613096068418572
346.32456298629	2.0457017452364417	0.4613062496512305
346.3284458557944	2.0457166326207883	0.4613028925668081
346.3323287688321	2.0457315197508557	0.461299535588585
346.33621172540364	2.04574640662665	0.46129617871655626
346.3400947255096	2.0457612932481766	0.46129282195071714
346.3439777691503	2.0457761796154417	0.46128946529106263
346.34786085632646	2.045791065728452	0.46128610873758763
346.3517439870383	2.0458059515872113	0.4612827522902877
346.3556271612865	2.0458208371917275	0.4612793959491576
346.3595103790714	2.0458357225420056	0.4612760397141925
346.3633936403937	2.045850607638052	0.4612726835853876
346.36727694525376	2.0458654924798716	0.46126932756273786
346.371160293652	2.0458803770674714	0.4612659716462385
346.375043685589	2.045895261400856	0.46126261583588474
346.37892712106526	2.045910145480033	0.4612592601316713
346.3828106000812	2.045925029305007	0.4612559045335936
346.3866941226373	2.045939912875784	0.4612525490416467
346.39057768873414	2.0459547961923703	0.4612491936558257
346.3944612983722	2.045969679254772	0.46124583837612554
346.3983449515519	2.045984562062994	0.4612424832025416
346.4022286482738	2.0459994446170433	0.46123912813506873
346.40611238853825	2.046014326916925	0.46123577317370223
346.4099961723459	2.0460292089626457	0.4612324183184371
346.4138799996971	2.0460440907542106	0.4612290635692685
346.4177638705925	2.0460589722916263	0.4612257089261914
346.42164778503246	2.0460738535748977	0.4612223543892012
346.4255317430175	2.046088734604031	0.4612189999582928
346.4294157445481	2.046103615379033	0.46121564563346124
346.43329978962475	2.0461184958999086	0.46121229141470177
346.4371838782481	2.0461333761666642	0.46120893730200946
346.44106801041823	2.046148256179305	0.46120558329537953
346.4449521861361	2.046163135937838	0.4612022293948068
346.4488364054019	2.0461780154422673	0.4611988756002867
346.4527206682163	2.0461928946926013	0.4611955219118141
346.45660497457953	2.046207773688844	0.46119216832938426
346.4604893244924	2.046222652431002	0.46118881485299223
346.4643737179551	2.0462375309190803	0.4611854614826332
346.4682581549684	2.046252409153086	0.46118210821830213
346.47214263553246	2.046267287133024	0.46117875505999434
346.47602715964814	2.0462821648589014	0.4611754020077046
346.47991172731554	2.0462970423307225	0.4611720490614285
346.4837963385355	2.046311919548495	0.46116869622116063
346.48768099330835	2.046326796512223	0.46116534348689653
346.49156569163455	2.0463416732219133	0.46116199085863113
346.49545043351463	2.0463565496775717	0.46115863833635956
346.4993352189491	2.046371425879204	0.461155285920077
346.50322004793844	2.046386301826816	0.46115193360977846
346.5071049204831	2.0464011775204143	0.461148581405459
346.5109898365835	2.0464160529600037	0.46114522930711394
346.51487479624024	2.0464309281455906	0.46114187731473827
346.5187597994539	2.046445803077181	0.46113852542832706
346.52264484622486	2.0464606777547805	0.46113517364787565
346.5265299365535	2.046475552178395	0.4611318219733789
346.5304150704403	2.0464904263480306	0.46112847040483207
346.5343002478861	2.0465053002636933	0.46112511894223013
346.53818546889096	2.0465201739253884	0.4611217675855684
346.5420707334557	2.0465350473331227	0.46111841633484174
346.5459560415805	2.0465499204869007	0.46111506519004564
346.5498413932662	2.04656479338673	0.46111171415117475
346.55372678851296	2.046579666032615	0.4611083632182246
346.5576122273215	2.0465945384245625	0.4611050123911901
346.56149770969216	2.046609410562578	0.4611016616700665
346.5653832356256	2.0466242824466674	0.4610983110548487
346.56926880512196	2.046639154076836	0.4610949605455321
346.5731544181822	2.0466540254530914	0.46109161014211153
346.5770400748064	2.0466688965754374	0.46108825984458235
346.5809257749953	2.0466837674438816	0.46108490965293947
346.5848115187493	2.0466986380584284	0.4610815595671783
346.5886973060689	2.046713508419085	0.4610782095872936
346.5925831369545	2.0467283785258563	0.4610748597132808
346.59646901140684	2.046743248378749	0.46107150994513485
346.6003549294261	2.046758117977768	0.46106816028285097
346.60424089101303	2.04677298732292	0.4610648107264242
346.60812689616785	2.046787856414211	0.4610614612758496
346.6120129448914	2.046802725251646	0.46105811193112256
346.6158990371837	2.046817593835231	0.46105476269223794
346.61978517304556	2.0468324621649727	0.461051413559191
346.6236713524776	2.0468473302408765	0.4610480645319768
346.62755757547995	2.046862198062948	0.4610447156105905
346.6314438420534	2.0468770656311936	0.4610413667950271
346.63533015219815	2.046891932945619	0.46103801808528194
346.639216505915	2.04690680000623	0.46103466948134997
346.6431029032042	2.0469216668130326	0.46103132098322636
346.6469893440664	2.0469365333660323	0.46102797259090633
346.65087582850185	2.046951399665235	0.4610246243043849
346.65476235651136	2.0469662657106475	0.46102127612365723
346.6586489280952	2.0469811315022746	0.4610179280487185
346.6625355432539	2.046995997040123	0.46101458007956364
346.666422201988	2.0470108623241976	0.461011232216188
346.67030890429794	2.047025727354505	0.4610078844585866
346.6741956501842	2.047040592131051	0.4610045368067547
346.67808243964737	2.0470554566538413	0.4610011892606872
346.68196927268775	2.0470703209228818	0.4609978418203794
346.68585614930606	2.047085184938179	0.46099449448582625
346.6897430695025	2.0471000486997375	0.46099114725702317
346.6936300332779	2.047114912207564	0.46098780013396506
346.6975170406324	2.047129775461664	0.4609844531166471
346.70140409156687	2.0471446384620444	0.46098110620506444
346.70529118608147	2.0471595012087094	0.4609777593992123
346.7091783241768	2.047174363701666	0.4609744126990856
346.71306550585336	2.0471892259409206	0.4609710661046796
346.71695273111163	2.047204087926478	0.46096771961598937
346.7208399999522	2.047218949658344	0.4609643732330102
346.72472731237536	2.047233811136525	0.46096102695573704
346.72861466838174	2.047248672361027	0.46095768078416505
346.7325020679718	2.047263533331855	0.46095433471828945
346.736389511146	2.047278394049016	0.46095098875810536
346.74027699790486	2.0472932545125153	0.4609476429036078
346.74416452824886	2.047308114722359	0.460944297154792
346.74805210217846	2.0473229746785524	0.46094095151165315
346.7519397196943	2.047337834381102	0.4609376059741861
346.7558273807965	2.0473526938300135	0.46093426054238634
346.75971508548605	2.0473675530252926	0.4609309152162488
346.763602833763	2.0473824119669453	0.4609275699957687
346.76749062562817	2.0473972706549777	0.4609242248809411
346.7713784610817	2.0474121290893947	0.4609208798717612
346.7752663401245	2.047426987270204	0.4609175349682241
346.7791542627567	2.0474418451974095	0.4609141901703251
346.783042228979	2.0474567028710187	0.4609108454780589
346.78693023879174	2.0474715602910356	0.46090750089142113
346.7908182921956	2.0474864174574683	0.4609041564104065
346.7947063891908	2.0475012743703207	0.46090081203501065
346.79859452977803	2.0475161310296	0.4608974677652283
346.8024827139577	2.047530987435312	0.4608941236010546
346.8063709417304	2.047545843587461	0.460890779542485
346.8102592130965	2.0475606994860547	0.46088743558951434
346.81414752805654	2.047575555131098	0.4608840917421379
346.818035886611	2.0475904105225977	0.46088074800035067
346.82192428876033	2.047605265660559	0.460877404364148
346.8258127345051	2.0476201205449875	0.4608740608335248
346.82970122384586	2.047634975175889	0.4608707174084765
346.83358975678294	2.0476498295532704	0.46086737408899797
346.83747833331677	2.0476646836771364	0.46086403087508454
346.84136695344813	2.0476795375474937	0.4608606877667311
346.84525561717714	2.047694391164348	0.4608573447639331
346.84914432450466	2.0477092445277045	0.4608540018666855
346.8530330754309	2.0477244986200005	0.4608524407798861
346.8569218699565	2.047742981649384	0.46086522818175935
346.86081070808183	2.0477614643393163	0.4608780152391924
346.8646995898076	2.0477799466898055	0.4608908019522021
346.86858851513404	2.0477984287008595	0.4609035883208034
346.87247748406185	2.047816910372488	0.4609163743450129
346.87636649659123	2.0478353917046976	0.46092916002484613
346.880255552723	2.047853872697498	0.4609419453603195
346.8841446524574	2.047872353350897	0.46095473035144857
346.8880337957951	2.047890833664902	0.4609675149982496
346.89192298273645	2.0479093136395226	0.4609802993007381
346.8958122132821	2.047927793274767	0.46099308325893035
346.8997014874323	2.0479462725706417	0.46100586687284223
346.9035908051877	2.047964751527157	0.4610186501424894
346.90748016654885	2.0479832301443204	0.4610314330678883
346.91136957151605	2.0480017084221402	0.46104421564905446
346.91525902009005	2.0480201863606253	0.4610569978860042
346.9191485122711	2.048038663959783	0.4610697797787529
346.9230380480598	2.0480571412196222	0.4610825613273172
346.92692762745656	2.048075618140151	0.4610953425317123
346.9308172504619	2.0480940947213777	0.46110812339195467
346.9347069170764	2.0481125709633106	0.46112090390806
346.93859662730046	2.0481310468659584	0.4611336840800443
346.94248638113453	2.0481495224293282	0.46114646390792335
346.94637617857927	2.04816799765343	0.4611592433917132
346.9502660196349	2.04818647253827	0.4611720225314298
346.9541559043022	2.0482049470838586	0.46118480132708917
346.95804583258143	2.048223421290203	0.46119757977870685
346.9619358044733	2.0482418951573114	0.4612103578862994
346.965825819978	2.048260368685192	0.4612231356498819
346.96971587909627	2.0482788418738545	0.46123591306947104
346.97360598182854	2.048297314723305	0.46124869014508213
346.9774961281753	2.048315787233553	0.46126146687673164
346.98138631813697	2.048334259404607	0.46127424326443506
346.98527655171404	2.048352731236475	0.4612870193082086
346.98916682890706	2.0483712027291645	0.461299795008068
346.9930571497165	2.0483896738826846	0.46131257036402895
346.9969475141429	2.0484081446970444	0.461325345376108
347.0008379221868	2.048426615172251	0.4613381200443207
347.00472837384837	2.0484450853083125	0.46135089436868265
347.0086188691284	2.0484635551052373	0.46136366834921005
347.01250940802737	2.0484820245630346	0.46137644198591926
347.0163999905456	2.048500493681712	0.4613892152788252
347.0202906166838	2.0485189624612783	0.4614019882279448
347.02418128644223	2.0485374309017406	0.46141476083329314
347.0280719998215	2.0485558990031087	0.4614275330948868
347.0319627568221	2.0485743667653895	0.461440305012741
347.03585355744457	2.0485928341885926	0.4614530765868722
347.03974440168923	2.0486113012727247	0.4614658478172959
347.0436352895567	2.048629768017796	0.4614786187040285
347.0475262210474	2.048648234423813	0.4614913892470852
347.05141719616194	2.0486667004907853	0.4615041594464826
347.05530821490066	2.04868516621872	0.46151692930223603
347.0591992772642	2.0487036316076264	0.4615296988143619
347.06309038325287	2.0487220966575124	0.4615424679828755
347.0669815328674	2.0487405613683864	0.4615552368077935
347.0708727261079	2.048759025740256	0.46156800528913083
347.07476396297534	2.048777489773131	0.4615807734269044
347.07865524346977	2.0487959534670175	0.46159354122112917
347.08254656759203	2.048814416821926	0.4616063086718218
347.08643793534236	2.0488328798378634	0.46161907577899747
347.0903293467214	2.0488513425148382	0.46163184254267275
347.0942208017295	2.0488698048528593	0.4616446089628629
347.0981123003672	2.0488882668519337	0.4616573750395841
347.1020038426351	2.0489067285120717	0.4616701407728525
347.1058954285336	2.0489251898332794	0.4616829061626835
347.10978705806315	2.0489436508155663	0.4616956712090936
347.11367873122424	2.0489621114589407	0.46170843591209776
347.1175704480175	2.0489805717634106	0.46172120027171254
347.12146220844335	2.048999031728984	0.46173396428795366
347.12535401250227	2.0490174913556696	0.4617467279608373
347.1292458601946	2.0490359506434754	0.4617594912903786
347.133137751521	2.04905440959241	0.4617722542765941
347.137029686482	2.0490728682024817	0.4617850169194991
347.14092166507794	2.0490913264736985	0.4617977792191102
347.1448136873094	2.0491097844060686	0.46181054117544257
347.1487057531769	2.049128241999601	0.4618233027885127
347.15259786268075	2.0491466992543024	0.46183606405833566
347.15649001582176	2.049165156170183	0.46184882498492824
347.1603822126	2.0491836127472496	0.4618615855683055
347.1642744530163	2.0492020689855117	0.4618743458084838
347.1681667370709	2.0492205248849764	0.46188710570547875
347.17205906476465	2.0492389804456526	0.46189986525930665
347.1759514360977	2.0492574356675486	0.46191262446998266
347.1798438510707	2.0492758905506725	0.4619253833375234
347.183736309684	2.0492943450950323	0.461938141861944
347.1876288119382	2.0493127993006373	0.46195090004326056
347.1915213578339	2.0493312531674945	0.46196365788148946
347.19541394737143	2.049349706695614	0.4619764153766461
347.1993065805511	2.049368159885001	0.461989172528746
347.20319925737374	2.049386612735667	0.4620019293378055
347.20709197783975	2.049405065247618	0.4620146858038405
347.2109847419495	2.049423517420864	0.4620274419268664
347.2148775497037	2.0494419692554118	0.46204019770689986
347.2187704011025	2.04946042075127	0.4620529531439557
347.2226632961467	2.0494788719084482	0.4620657082380506
347.2265562348366	2.0494973227269533	0.4620784629891998
347.2304492171729	2.049515773206794	0.4620912173974197
347.2343422431558	2.049534223347978	0.4621039714627256
347.238235312786	2.0495526731505147	0.46211672518513386
347.24212842606397	2.0495711226144118	0.4621294785646598
347.2460215829901	2.049589571739677	0.46214223160131984
347.249914783565	2.0496080205263194	0.46215498429512925
347.25380802778915	2.0496264689743473	0.46216773664610433
347.2577013156628	2.0496449170837683	0.46218048865426054
347.2615946471868	2.049663364854591	0.4621932403196142
347.2654880223613	2.0496818122868237	0.4622059916421804
347.26938144118714	2.049700259380475	0.4622187426219759
347.2732749036645	2.049718706135552	0.46223149325901564
347.27716840979406	2.049737152552065	0.4622442435533161
347.28106195957616	2.0497555986300204	0.4622569935048927
347.2849555530115	2.0497740443694275	0.4622697431137618
347.2888491901004	2.049792489770294	0.46228249237993846
347.29274287084326	2.049810934832628	0.46229524130343896
347.2966365952409	2.049829379556439	0.4623079898842795
347.30053036329343	2.0498478239417337	0.4623207381224751
347.3044241750017	2.0498662679885222	0.46233348601804214
347.3083180303659	2.049884711696811	0.4623462335709961
347.3122119293867	2.049903155066609	0.4623589807813535
347.31610587206455	2.0499215980979244	0.4623717276491292
347.31999985839985	2.049940040790766	0.46238447417433964
347.3238938883932	2.0499584831451414	0.4623972203570003
347.327787962045	2.0499769251610593	0.4624099661971274
347.3316820793558	2.049995366838528	0.46242271169473625
347.3355762403262	2.0500138081775554	0.4624354568498433
347.33947044495636	2.05003224917815	0.4624482016624634
347.34336469324717	2.05005068984032	0.4624609461326136
347.34725898519883	2.050069130164074	0.46247369026030877
347.351153320812	2.0500875701494197	0.46248643404556533
347.35504770008697	2.050106009796365	0.4624991774883984
347.3589421230244	2.0501244491049198	0.4625119205888245
347.36283658962475	2.0501428880750905	0.4625246633468589
347.3667310998885	2.050161326706887	0.4625374057625179
347.37062565381603	2.0501797650003164	0.46255014783581655
347.37452025140817	2.0501982029553876	0.46256288956677183
347.3784148926649	2.050216640572108	0.4625756309553983
347.3823095775871	2.050235077850487	0.46258837200171227
347.38620430617516	2.050253514790533	0.4626011127057299
347.39009907842956	2.050271951392253	0.4626138530674665
347.3939938943508	2.050290387655656	0.46262659308693815
347.3978887539393	2.05030882358075	0.46263933276416047
347.4017836571956	2.0503272591675437	0.4626520720991495
347.40567860412017	2.0503456944160448	0.46266481109192076
347.4095735947136	2.050364129326262	0.4626775497424902
347.4134686289762	2.050382563898204	0.4626902880508734
347.41736370690865	2.050400998131878	0.46270302601708657
347.4212588285112	2.0504194320272924	0.462715763641145
347.4251539937847	2.0504378655844566	0.4627285009230651
347.4290492027293	2.0504562988033777	0.4627412378628618
347.4329444553456	2.050474731684065	0.46275397446055183
347.4368397516341	2.050493164226525	0.4627667107161503
347.4407350915954	2.050511596430768	0.46277944662967335
347.44463047522976	2.050530028296801	0.4627921822011365
347.44852590253794	2.0505484598246335	0.4628049174305558
347.4524213735201	2.0505668910142716	0.46281765231794664
347.45631688817707	2.050585321865726	0.4628303868633254
347.46021244650905	2.050603752379003	0.46284312106670733
347.4641080485169	2.0506221825541124	0.46285585492810866
347.46800369420055	2.050640612391061	0.46286858844754447
347.47189938356104	2.050659041889858	0.4628813216250316
347.4757951165986	2.0506774710505113	0.4628940544605847
347.4796908933137	2.05069589987303	0.46290678695422055
347.48358671370687	2.0507143283574214	0.46291951910595386
347.48748257777856	2.050732756503694	0.462932250915801
347.4913784855295	2.0507511843118564	0.4629449823837782
347.4952744369598	2.050769611781916	0.4629577135099002
347.49917043207023	2.050788038913882	0.46297044429418394
347.5030664708612	2.0508064657077623	0.46298317473664413
347.50696255333315	2.0508248921635657	0.46299590483729725
347.51085867948666	2.0508433182812995	0.4630086345961585
347.5147548493222	2.0508617440609727	0.46302136401324423
347.5186510628401	2.050880169502593	0.4630340930885695
347.5225473200411	2.050898594606169	0.46304682182215107
347.5264436209254	2.050917019371709	0.4630595502140035
347.53033996549385	2.050935443799221	0.4630722782641437
347.5342363537467	2.050953867888713	0.4630850059725865
347.5381327856845	2.0509722916401945	0.4630977333393485
347.5420292613077	2.050990715053673	0.4631104603644446
347.5459257806168	2.051009138129156	0.46312318704789124
347.54982234361233	2.0510275608666526	0.4631359133897037
347.5537189502948	2.051045983266172	0.46314863938989803
347.55761560066446	2.0510644053277196	0.46316136504848976
347.5615122947222	2.0510828270513066	0.46317409036549506
347.56540903246827	2.0511012484369395	0.4631868153409292
347.5693058139032	2.0511196694846277	0.4631995399748083
347.57320263902744	2.0511380901943785	0.46321226426714773
347.57709950784147	2.0511565105662006	0.46322498821796343
347.58099642034585	2.051174930600103	0.46323771182727136
347.5848933765411	2.051193350296092	0.46325043509508684
347.58879037642765	2.051211769654178	0.463263158021426
347.592687420006	2.051230188674368	0.46327588060630437
347.5965845072766	2.0512486073566705	0.4632886028497379
347.60048163823996	2.051267025701094	0.46330132475174185
347.60437881289664	2.051285443707647	0.46331404631233264
347.608276031247	2.0513038613763364	0.4633267675315256
347.61217329329173	2.0513222787071723	0.4633394884093365
347.6160705990311	2.051340695700161	0.463352208945781
347.6199679484657	2.0513591123553128	0.4633649291408752
347.623865341596	2.051377528672634	0.46337764899463424
347.62776277842255	2.051395944652135	0.46339036850707443
347.6316602589458	2.051414360293822	0.46340308767821103
347.63555778316623	2.051432775597705	0.4634158065080603
347.6394553510843	2.0514511905637907	0.4634285249966374
347.6433529627006	2.051469605192089	0.46344124314395846
347.64725061801545	2.051488019482606	0.46345396095003893
347.65114831702954	2.051506433435352	0.46346667841489514
347.6550460597432	2.051524847050334	0.46347939553854195
347.658943846157	2.051543260327561	0.46349211232099563
347.6628416762715	2.0515616732670403	0.4635048287622718
347.6667395500869	2.051580085868781	0.46351754486238606
347.670637467604	2.0515984981327917	0.46353026062135433
347.67453542882333	2.05161691005908	0.4635429760391923
347.67843343374506	2.051635321647654	0.4635556911159155
347.6823314823699	2.051653732898522	0.46356840585153974
347.6862295746983	2.0516721438116927	0.46358112024608095
347.69012771073074	2.051690554387174	0.4635938342995543
347.6940258904677	2.051708964624975	0.4636065480119762
347.6979241139096	2.051727374525102	0.46361926138336185
347.70182238105724	2.0517457840875655	0.46363197441372733
347.7057206919107	2.0517641933123723	0.4636446871030878
347.7096190464707	2.0517826021995313	0.46365739945145995
347.7135174447377	2.0518010107490507	0.4636701114588583
347.7174158867122	2.0518194189609384	0.4636828231252995
347.72131437239454	2.0518378268352024	0.4636955344507986
347.7252129017855	2.051856234371852	0.4637082454353719
347.72911147488526	2.0518746415708944	0.4637209560790345
347.73301009169455	2.0518930484323388	0.4637336663818028
347.7369087522137	2.0519114549561923	0.46374637634369187
347.74080745644335	2.051927124313153	0.46374697654943425
347.7447062043839	2.051941902874255	0.4637436365362403
347.7486049960358	2.05195668118392	0.4637402966279817
347.7525038313995	2.0519714592421536	0.46373695682465355
347.7564027104757	2.051986237048961	0.4637336171262512
347.7603016332647	2.052001014604349	0.4637302775327698
347.7642005997671	2.0520157919083224	0.46372693804420456
347.7680996099833	2.052030568960887	0.46372359866055074
347.7719986639138	2.0520453457620498	0.4637202593818033
347.77589776155924	2.0520601223118153	0.46371692020795763
347.7797969029199	2.0520748986101895	0.46371358113900907
347.7836960879964	2.0520896746571786	0.46371024217495255
347.7875953167891	2.0521044504527883	0.4637069033157834
347.79149458929874	2.052119225997025	0.4637035645614966
347.7953939055256	2.0521340012898928	0.4637002259120878
347.7992932654702	2.052148776331399	0.46369688736755177
347.8031926691331	2.0521635511215486	0.463693548927884
347.80709211651475	2.052178325660348	0.4636902105930794
347.81099160761556	2.052193099947802	0.4636868723631336
347.8148911424362	2.052207873983918	0.4636835342380413
347.818790720977	2.0522226477686996	0.4636801962177982
347.8226903432385	2.052237421302155	0.463676858302399
347.82659000922115	2.052252194584288	0.4636735204918392
347.83048971892566	2.0522669676151053	0.4636701827861141
347.8343894723521	2.052281740394612	0.4636668451852187
347.8382892695014	2.0522965129228155	0.4636635076891482
347.84218911037374	2.0523112851997194	0.4636601702978981
347.8460889949698	2.0523260572253315	0.4636568330114631
347.84998892328997	2.052340828999656	0.4636534958298388
347.8538888953348	2.0523556005227	0.4636501587530202
347.8577889111047	2.0523703717944684	0.4636468217810026
347.8616889706002	2.052385142814967	0.4636434849137812
347.86558907382187	2.052399913584202	0.46364014815135124
347.86948922077016	2.0524146841021786	0.4636368114937079
347.8733894114454	2.0524294543689034	0.46363347494084634
347.87728964584824	2.0524442243843817	0.46363013849276175
347.8811899239792	2.0524589941486195	0.4636268021494494
347.8850902458386	2.052473763661622	0.4636234659109045
347.8889906114272	2.0524885329233955	0.46362012977712225
347.89289102074525	2.0525033019339456	0.46361679374809783
347.89679147379337	2.0525180706932784	0.46361345782382646
347.9006919705719	2.0525328392013993	0.46361012200430346
347.9045925110815	2.0525476074583144	0.4636067862895236
347.9084930953225	2.0525623754640288	0.4636034506794828
347.9123937232956	2.0525771432185493	0.46360011517417565
347.9162943950011	2.0525919107218806	0.46359677977359776
347.9201951104397	2.0526066779740297	0.46359344447774403
347.92409586961156	2.052621444975001	0.46359010928660993
347.9279966725175	2.0526362117248014	0.4635867742001905
347.9318975191578	2.0526509782234363	0.463583439218481
347.9357984095331	2.0526657444709118	0.4635801043414765
347.9396993436437	2.0526805104672325	0.4635767695691727
347.9436003214903	2.0526952762124058	0.46357343490156416
347.9475013430732	2.0527100417064363	0.46357010033864643
347.9514024083931	2.0527248069493305	0.4635667658804148
347.95530351745026	2.0527395719410935	0.4635634315268643
347.9592046702454	2.0527543366817316	0.46356009727799025
347.9631058667788	2.05276910117125	0.4635567631337879
347.9670071070511	2.052783865409655	0.4635534290942524
347.9709083910627	2.0527986293969525	0.4635500951593789
347.9748097188142	2.052813393133148	0.46354676132916267
347.978711090306	2.0528281566182476	0.4635434276035988
347.98261250553855	2.0528429198522558	0.4635400939826829
347.9865139645125	2.0528576828351808	0.4635367604664096
347.9904154672281	2.0528724455670257	0.46353342705477474
347.99431701368604	2.0528872080477982	0.463530093747773
347.99821860388676	2.052901970277503	0.46352676054539993
348.00212023783075	2.0529167322561466	0.4635234274476507
348.00602191551843	2.0529314939837344	0.46352009445452025
348.0099236369505	2.0529462554602724	0.463516761566004
348.01382540212717	2.052961016685766	0.4635134287820973
348.01772721104913	2.052975777660221	0.4635100961027952
348.0216290637167	2.0529905383836438	0.463506763528093
348.0255309601306	2.053005298856039	0.46350343105798586
348.02943290029106	2.0530200590774137	0.4635000986924691
348.0333348841989	2.053034819047773	0.4634967664315377
348.0372369118542	2.0530495787671224	0.46349343427518724
348.0411389832579	2.053064338235469	0.46349010222341236
348.04504109841	2.0530790974528164	0.463486770276209
348.0489432573114	2.0530938564191725	0.4634834384335717
348.0528454599624	2.0531086151345415	0.4634801066954964
348.05674770636347	2.05312337359893	0.4634767750619776
348.0606499965152	2.053138131812344	0.46347344353301095
348.06455233041805	2.0531528897747884	0.46347011210859157
348.06845470807264	2.0531676474862697	0.4634667807887146
348.07235712947903	2.053182404946793	0.46346344957337554
348.07625959463826	2.053197162156365	0.4634601184625692
348.0801621035504	2.053211919114991	0.4634567874562912
348.0840646562162	2.053226675822677	0.46345345655453635
348.08796725263596	2.0532414322794272	0.46345012575730027
348.09186989281034	2.05325618848525	0.46344679506457787
348.0957725767397	2.0532709444401496	0.4634434644763645
348.09967530442464	2.053285700144132	0.4634401339926555
348.1035780758655	2.0533004555972023	0.463436803613446
348.10748089106295	2.0533152107993677	0.46343347333873114
348.1113837500174	2.0533299657506334	0.4634301431685061
348.1152866527293	2.0533447204510047	0.46342681310276646
348.11918959919916	2.0533594749004873	0.4634234831415071
348.12309258942753	2.053374229099088	0.4634201532847233
348.1269956234148	2.053388983046812	0.4634168235324103
348.1308987011616	2.0534037367436646	0.46341349388456343
348.13480182266824	2.053418490189652	0.46341016434117777
348.1387049879354	2.0534332433847804	0.4634068349022486
348.1426081969634	2.0534479963290546	0.46340350556777127
348.14651144975284	2.053462749022481	0.4634001763377409
348.1504147463042	2.053477501465065	0.46339684721215274
348.15431808661793	2.0534922536568136	0.4633935181910018
348.1582214706945	2.0535070055977305	0.46339018927428366
348.1621248985345	2.053521757287823	0.46338686046199334
348.1660283701384	2.0535365087270967	0.4633835317541261
348.1699318855066	2.0535512599155563	0.4633802031506773
348.1738354446396	2.0535660108532094	0.46337687465164185
348.177739047538	2.05358076154006	0.4633735462570154
348.18164269420225	2.0535955119761153	0.4633702179667928
348.18554638463274	2.0536102621613797	0.46336688978096946
348.18945011883017	2.05362501209586	0.46336356169954057
348.1933538967948	2.0536397617795616	0.4633602337225014
348.1972577185273	2.0536545112124904	0.46335690584984723
348.2011615840279	2.0536692603946514	0.4633535780815733
348.20506549329747	2.053684009326052	0.46335025041767447
348.2089694463361	2.0536987580066963	0.46334692285814644
348.2128734431447	2.0537135064365915	0.46334359540298414
348.2167774837234	2.053728254615742	0.4633402680521831
348.22068156807285	2.0537430025441537	0.4633369408057384
348.2245856961935	2.0537577502218336	0.463333613663645
348.22848986808594	2.0537724976487866	0.46333028662589854
348.23239408375053	2.0537872448250183	0.46332695969249416
348.2362983431879	2.053801991750535	0.4633236328634269
348.24020264639836	2.0538167384253425	0.46332030613869213
348.24410699338256	2.053831484849446	0.4633169795182851
348.24801138414085	2.053846231022852	0.463313653002201
348.25191581867387	2.053860976945565	0.4633103265904351
348.25582029698205	2.053875722617592	0.4633070002829826
348.2597248190658	2.0538904680389383	0.4633036740798389
348.26362938492576	2.05390521320961	0.46330034798099884
348.2675339945623	2.053919958129612	0.46329702198645806
348.27143864797597	2.0539347027989514	0.46329369609621146
348.2753433451672	2.053949447217632	0.4632903703102548
348.27924808613665	2.0539641913856626	0.46328704462858256
348.2831528708845	2.0539789353030455	0.46328371905119065
348.2870576994116	2.053993678969789	0.46328039357807393
348.2909625717182	2.054008422385898	0.4632770682092278
348.2948674878048	2.054023165551378	0.46327374294464735
348.29877244767204	2.054037908466235	0.46327041778432804
348.3026774513203	2.0540526511304744	0.4632670927282649
348.30658249875	2.054067393544102	0.4632637677764534
348.31048758996184	2.0540821357071253	0.46326044292888835
348.3143927249561	2.0540968776195476	0.46325711818556553
348.3182979037335	2.054111619281376	0.4632537935464797
348.32220312629426	2.054126360692616	0.46325046901162653
348.32610839263907	2.0541411018532734	0.463247144581001
348.33001370276827	2.054155842763354	0.4632438202545982
348.3339190566826	2.0541705834228634	0.46324049603241374
348.3378244543822	2.054185323831807	0.4632371719144427
348.34172989586784	2.054200063990191	0.4632338479006803
348.34563538113997	2.054214803898022	0.46323052399112175
348.349540910199	2.054229543555304	0.4632272001857623
348.3534464830454	2.0542442829620438	0.4632238764845973
348.3573520996797	2.0542590221182473	0.4632205528876218
348.36125776010255	2.0542737610239206	0.46321722939483106
348.36516346431404	2.0542884996790676	0.46321390600622075
348.3690692123151	2.0543032380836963	0.46321058272178556
348.372975004106	2.0543179762378108	0.4632072595415211
348.3768808396873	2.0543327141414185	0.46320393646542213
348.3807867190594	2.054347451794523	0.46320061349348457
348.38469264222294	2.054362189197132	0.4631972906257032
348.3885986091782	2.05437692634925	0.4631939678620735
348.39250461992594	2.054391663250884	0.46319064520259046
348.3964106744664	2.0544063999020383	0.46318732264724954
348.4003167728002	2.05442113630272	0.46318400019604594
348.4042229149277	2.054435872452934	0.46318067784897476
348.4081291008497	2.0544506083526866	0.4631773556060314
348.41203533056625	2.054465344001983	0.4631740334672112
348.41594160407834	2.0544800794008293	0.46317071143250904
348.41984792138595	2.054494814549231	0.4631673895019206
348.42375428248994	2.0545095494471943	0.46316406767544094
348.4276606873907	2.0545242840947244	0.4631607459530653
348.4315671360887	2.0545390184918277	0.4631574243347888
348.43547362858436	2.054553752638509	0.4631541028206069
348.4393801648783	2.0545684865347758	0.46315078141051463
348.4432867449709	2.054583220180632	0.4631474601045076
348.4471933688627	2.0545979535760837	0.46314413890258077
348.4511000365543	2.054612686721138	0.46314081780472927
348.45500674804595	2.0546274196157985	0.46313749681094885
348.4589135033384	2.0546421522600733	0.46313417592123407
348.46282030243196	2.054656884653967	0.4631308551355807
348.46672714532724	2.054671616797485	0.4631275344539839
348.4706340320246	2.054686348690633	0.4631242138764388
348.47454096252466	2.0547010803334183	0.4631208934029406
348.4784479368278	2.0547158117258446	0.46311757303348483
348.48235495493464	2.0547305428679192	0.46311425276806645
348.4862620168455	2.0547452737596466	0.463110932606681
348.49016912256104	2.054760004401034	0.46310761254932326
348.49407627208166	2.0547747347920855	0.46310429259598906
348.49798346540786	2.0547894649328082	0.46310097274667333
348.50189070254015	2.0548041948232076	0.4630976530013713
348.50579798347906	2.0548189244632895	0.4630943333600782
348.5097053082249	2.0548336538530583	0.4630910138227896
348.5136126767784	2.054848382992522	0.46308769438950037
348.5175200891399	2.0548631118816845	0.46308437506020594
348.52142754531	2.0548778405205526	0.4630810558349015
348.525335045289	2.0548925689091315	0.4630777367135825
348.5292425890777	2.0549072970474276	0.46307441769624386
348.53315017667626	2.054922024935445	0.4630710987828812
348.53705780808536	2.054936752573192	0.4630677799734896
348.5409654833055	2.0549514799606725	0.46306446126806416
348.54487320233716	2.054966207097893	0.4630611426666003
348.54878096518064	2.0549809339848584	0.4630578241690934
348.55268877183664	2.0549956606215756	0.4630545057755385
348.5565966223057	2.05501038700805	0.4630511874859309
348.560504516588	2.0550251131442865	0.46304786930026604
348.5644124546845	2.055039839030292	0.46304455121853877
348.56832043659523	2.055054564666072	0.46304123324074487
348.57222846232105	2.055069290051632	0.46303791536687905
348.5761365318621	2.0550840151869774	0.4630345975969371
348.58004464521923	2.0550987400721143	0.463031279930914
348.5839528023926	2.0551134647070493	0.46302796236880495
348.587861003383	2.0551281890917865	0.4630246449106054
348.5917692481907	2.055142913226333	0.4630213275563104
348.59567753681625	2.0551576371106934	0.4630180103059155
348.5995858692602	2.055172360744875	0.4630146931594155
348.60349424552305	2.055187084128882	0.46301137611680615
348.60740266560515	2.0552018072627214	0.4630080591780823
348.61131112950716	2.055216530146398	0.4630047423432396
348.6152196372294	2.055231252779918	0.4630014256122731
348.61912818877255	2.0552459751632868	0.46299810898517796
348.62303678413696	2.055260697296511	0.46299479246194963
348.62694542332326	2.055275665659296	0.4629925701946975
348.6308541063317	2.0552939950750564	0.4630052692116942
348.63476283316305	2.0553123241558615	0.463017967888982
348.6386716038176	2.05533065290172	0.4630306662265753
348.6425804182959	2.0553489813126395	0.46304336422449
348.6464892765985	2.0553673093886293	0.46305606188274206
348.6503981787258	2.055385637129696	0.4630687592013466
348.65430712467844	2.0554039645358486	0.4630814561803198
348.6582161144567	2.055422291607095	0.46309415281967625
348.66212514806125	2.055440618343443	0.46310684911943273
348.6660342254924	2.0554589447449017	0.46311954507960357
348.669943346751	2.055477270811479	0.4631322407002055
348.6738525118371	2.0554955965431816	0.4631449359812532
348.6777617207515	2.055513921940019	0.4631576309227629
348.6816709734945	2.0555322470019988	0.4631703255247496
348.6855802700666	2.0555505717291296	0.46318301978722937
348.68948961046846	2.0555688961214185	0.4631957137102173
348.6933989947005	2.0555872201788747	0.46320840729372936
348.6973084227631	2.055605543901506	0.46322110053778087
348.70121789465696	2.05562386728932	0.4632337934423878
348.7051274103823	2.0556421903423256	0.463246486007565
348.70903696993986	2.0556605130605305	0.4632591782333289
348.71294657333004	2.055678835443943	0.4632718701196942
348.71685622055327	2.055697157492571	0.4632845616666769
348.72076591161004	2.0557154792064223	0.4632972528742926
348.724675646501	2.055733800585506	0.463309943742557
348.72858542522647	2.0557521216298293	0.463322634271485
348.73249524778697	2.0557704423394005	0.4633353244610927
348.7364051141831	2.055788762714228	0.46334801431139594
348.74031502441534	2.05580708275432	0.4633607038224094
348.74422497848406	2.0558254024596843	0.46337339299414965
348.7481349763897	2.0558437218303287	0.4633860818266312
348.75204501813306	2.0558620408662622	0.4633987703198706
348.7559551037143	2.0558803595674924	0.4634114584738825
348.7598652331342	2.0558986779340276	0.46342414628868317
348.7637754063928	2.0559169959658754	0.46343683376428757
348.7676856234912	2.0559353136630443	0.46344952090071195
348.7715958844294	2.055953631025542	0.4634622076979709
348.7755061892082	2.055971948053378	0.46347489415608106
348.77941653782784	2.0559902647465584	0.463487580275057
348.78332693028904	2.056008581105093	0.46350026605491496
348.78723736659214	2.056026897128989	0.46351295149567007
348.7911478467378	2.0560452128182556	0.46352563659733814
348.79505837072617	2.0560635281728987	0.4635383213599343
348.7989689385582	2.0560818431929286	0.4635510057834748
348.80287955023397	2.0561001578783524	0.4635636898679743
348.8067902057542	2.0561184722291785	0.46357637361344906
348.8107009051193	2.0561367862454145	0.46358905701991426
348.81461164832984	2.0561550999270697	0.4636017400873855
348.8185224353862	2.0561734132741507	0.4636144228158782
348.82243326628895	2.056191726286667	0.4636271052054083
348.8263441410386	2.0562100389646254	0.46363978725599075
348.8302550596356	2.0562283513080355	0.46365246896764156
348.8341660220804	2.056246663316904	0.463665150340376
348.8380770283736	2.0562649749912394	0.4636778313742096
348.84198807851556	2.0562832863310505	0.4636905120691582
348.84589917250685	2.0563015973363448	0.4637031924252367
348.8498103103481	2.0563199080071306	0.4637158724424616
348.8537214920394	2.0563382183434156	0.4637285521208471
348.85763271758174	2.0563565283452085	0.46374123146041024
348.8615439869752	2.056374838012517	0.4637539104611654
348.8654553002205	2.05639314734535	0.46376658912312835
348.86936665731815	2.0564114563437146	0.4637792674463148
348.8732780582685	2.056429765007619	0.4637919454307404
348.87718950307203	2.056448073337072	0.46380462307642006
348.8811009917295	2.056466381332081	0.4638173003833703
348.885012524241	2.0564846889926547	0.46382997735160536
348.88892410060737	2.056502996318801	0.46384265398114194
348.8928357208289	2.0565213033105274	0.46385533027199455
348.8967473849061	2.056539609967843	0.4638680062241798
348.9006590928396	2.0565579162907555	0.463880681837712
348.90457084462975	2.056576222279273	0.4638933571126078
348.9084826402771	2.0565945279334032	0.4639060320488817
348.91239447978217	2.056612833253155	0.4639187066465498
348.91630636314534	2.056631138238536	0.46393138090562747
348.9202182903672	2.056649442889554	0.46394405482613044
348.92413026144817	2.056667747206218	0.46395672840807367
348.92804227638885	2.056686051188535	0.46396940165147305
348.9319543351897	2.0567043548365143	0.46398207455634416
348.935866437851	2.056722658150163	0.4639947471227023
348.93977858437364	2.0567409611294902	0.4640074193505633
348.9436907747578	2.056759263774503	0.46402009123994187
348.94760300900407	2.05677756608521	0.4640327627908545
348.9515152871129	2.056795868061619	0.464045434003316
348.95542760908495	2.056814169703739	0.46405810487734217
348.9593399749204	2.056832471011577	0.46407077541294817
348.9632523846201	2.0568507719851423	0.4640834456101502
348.96716483818426	2.0568690726244414	0.4640961154689629
348.9710773356135	2.056887372929484	0.4641087849894024
348.9749898769083	2.056905672900277	0.46412145417148376
348.9789024620692	2.056923972536829	0.46413412301522294
348.9828150910965	2.056942271839148	0.4641467915206348
348.9867277639909	2.0569605708072425	0.4641594596877355
348.99064048075275	2.0569788694411204	0.4641721275165397
348.9945532413827	2.0569971677407897	0.4641847950070639
348.99846604588106	2.0570154657062583	0.46419746215932267
349.0023788942485	2.0570337633375346	0.46421012897333247
349.00629178648535	2.0570520606346263	0.4642227954491076
349.0102047225923	2.0570703575975426	0.4642354615866646
349.01411770256954	2.0570886542262903	0.46424812738601823
349.01803072641775	2.057106950520877	0.46426079284718413
349.02194379413754	2.0571252464813137	0.4642734579701781
349.0258569057293	2.0571435421076063	0.4642861227550156
349.02977006119335	2.057161837399762	0.4642987872017115
349.0336832605304	2.0571801323577916	0.46431145131028173
349.0375965037409	2.057198426981701	0.46432411508074206
349.04150979082516	2.057216721271499	0.46433677851310723
349.045423121784	2.0572350152271945	0.46434944160739344
349.04933649661757	2.057253308848794	0.46436210436361547
349.0532499153267	2.0572716021363067	0.4643747667817895
349.0571633779116	2.0572898950897405	0.4643874288619303
349.06107688437294	2.0573081877091037	0.464400090604054
349.06499043471104	2.0573264799944035	0.4644127520081755
349.0689040289266	2.0573447719456497	0.4644254130743107
349.07281766701993	2.057363063562849	0.4644380738024747
349.07673134899164	2.05738135484601	0.4644507341926832
349.0806450748421	2.05739964579514	0.4644633942449515
349.08455884457203	2.0574179364102476	0.46447605395929553
349.0884726581817	2.057436226691342	0.46448871333572994
349.09238651567165	2.05745451663843	0.464501372374271
349.09630041704236	2.05747280625152	0.46451403107493344
349.1002143622945	2.05749109553062	0.46452668943773345
349.10412835142824	2.057509384475739	0.4645393474626856
349.1080423844444	2.057527673086884	0.46455200514980627
349.11195646134325	2.057545961364063	0.4645646624991102
349.11587058212547	2.057564249307285	0.46457731951061354
349.1197847467912	2.0575825369165575	0.46458997618433084
349.12369895534124	2.0576008241918884	0.4646026325202782
349.1276132077762	2.057619111133287	0.4646152885184712
349.1315275040962	2.05763739774076	0.4646279441789246
349.1354418443021	2.0576556840143163	0.46464059950165476
349.139356228394	2.0576739699539637	0.46465325448667616
349.14327065637275	2.0576922555597106	0.464665909134005
349.1471851282386	2.057710540831564	0.46467856344365627
349.15109964399227	2.057728825769534	0.46469121741564573
349.155014203634	2.0577471103736267	0.4647038710499886
349.15892880716444	2.057765394643852	0.46471652434670024
349.162843454584	2.057783678580216	0.46472917730579644
349.16675814589325	2.0578019621827286	0.46474182992729224
349.1706728810926	2.0578202454513974	0.46475448221120325
349.1745876601827	2.0578385283862297	0.46476713415754517
349.17850248316375	2.057856810987234	0.4647797857663329
349.18241735003664	2.057875093254419	0.46479243703758244
349.18633226080146	2.0578933751877915	0.4648050879713087
349.190247215459	2.057911656787361	0.4648177385675276
349.19416221400957	2.0579299380531353	0.46483038882625416
349.19807725645376	2.0579482189851217	0.4648430387475042
349.201992342792	2.057966499583329	0.46485568833129254
349.20590747302487	2.0579847798477653	0.46486833757763546
349.20982264715275	2.058003059778438	0.4648809864865476
349.2137378651762	2.058021339375356	0.4648936350580446
349.21765312709573	2.0580396186385275	0.4649062832921423
349.22156843291174	2.0580578975679598	0.46491893118885563
349.22548378262485	2.0580761761636612	0.46493157874820046
349.22939917623546	2.0580944544256403	0.4649442259701916
349.23331461374414	2.058112732353905	0.4649568728548452
349.2372300951513	2.058131009948463	0.464969519402176
349.2411456204575	2.0581492872093228	0.4649821656121999
349.24506118966315	2.0581675641364923	0.4649948114849321
349.24897680276877	2.05818584072998	0.46500745702038815
349.2528924597749	2.0582041169897924	0.4650201022185832
349.256808160682	2.05822239291594	0.465032747079533
349.2607239054905	2.058240668508429	0.4650453916032526
349.2646396942011	2.058258943767269	0.46505803578975785
349.268555526814	2.058277218692467	0.4650706796390636
349.27247140333	2.058295493284032	0.46508332315118595
349.27638732374925	2.0583137675419705	0.4650959663261396
349.28030328807256	2.0583320414662922	0.4651086091639406
349.2842192963002	2.0583503150570044	0.46512125166460383
349.2881353484329	2.0583685883141154	0.46513389382814524
349.29205144447087	2.058386861237633	0.4651465356545796
349.29596758441477	2.0584051338275664	0.46515917714392274
349.299883768265	2.058423406083922	0.4651718182961898
349.30379999602224	2.058441678006709	0.4651844591113966
349.3077162676867	2.0584599495959353	0.46519709958955796
349.3116325832591	2.058478220851609	0.46520973973068996
349.3155489427399	2.0584964917737376	0.4652223795348075
349.3194653461294	2.0585147623623303	0.4652350190019257
349.3233817934284	2.0585330326173943	0.465247658132061
349.3272982846371	2.0585513025389384	0.4652602969252275
349.33121481975627	2.0585695721269697	0.465272935381442
349.3351313987862	2.0585878413814975	0.46528557350071853
349.3390480217275	2.058606110302529	0.46529821128307364
349.3429646885804	2.058624378890072	0.46531084872852163
349.3468813993458	2.0586426471441364	0.4653234858370789
349.3507981540239	2.058660915064728	0.46533612260876
349.35471495261527	2.0586791826518565	0.46534875904358103
349.35863179512046	2.058697449905529	0.4653613951415568
349.3625486815399	2.058715716825754	0.46537403090270313
349.36646561187405	2.0587339834125395	0.46538666632703496
349.3703825861235	2.0587522496658943	0.46539930141456826
349.37429960428864	2.058770515585825	0.4654119361653178
349.3782166663701	2.0587887811723413	0.4654245705792995
349.3821337723682	2.05880704642545	0.4654372046565282
349.3860509222836	2.0588253113451604	0.4654498383970197
349.3899681161166	2.058843575931479	0.46546247180078926
349.3938853538679	2.0588618401844156	0.4654751048678522
349.39780263553786	2.0588801041039773	0.46548773759822387
349.40171996112707	2.058898367690172	0.4655003699919199
349.4056373306359	2.0589166309430085	0.46551300204895524
349.40955474406485	2.0589348938624945	0.4655256337693454
349.4134722014145	2.058953156448638	0.4655382651531062
349.41738970268534	2.058971418701447	0.4655508962002524
349.4213072478779	2.0589896806209307	0.4655635269107999
349.42522483699247	2.0590079422070957	0.46557615728476337
349.42914247002966	2.059026203459951	0.46558878732215897
349.43306014699004	2.0590444643795034	0.46560141702300145
349.43697786787413	2.0590627249657634	0.46561404638730663
349.44089563268216	2.0590809852187366	0.46562667541508945
349.44481344141496	2.0590992451384325	0.46563930410636584
349.4487312940727	2.0591175047248584	0.46565193246115044
349.45264919065613	2.0591357639780234	0.46566456047945937
349.4565671311656	2.0591540228979346	0.46567718816130727
349.46048511560167	2.0591722814846007	0.46568981550671
349.4644031439648	2.0591905397380295	0.4657024425156827
349.4683212162555	2.059208797658229	0.46571506918824085
349.4722393324742	2.0592270552452074	0.4657276955243995
349.47615749262155	2.059245312498973	0.46574032152417466
349.48007569669784	2.059263569419534	0.46575294718758076
349.48399394470374	2.059281826006898	0.4657655725146341
349.4879122366395	2.0593000822610725	0.46577819750534916
349.49183057250593	2.0593183381820674	0.46579082215974205
349.4957489523033	2.059336593769889	0.46580344647782757
349.4996673760321	2.0593548490245457	0.46581607045962137
349.5035858436931	2.059373103946047	0.46582869410513894
349.5075043552865	2.0593913585343997	0.46584131741439544
349.5114229108128	2.0594096127896115	0.4658539403874058
349.5153415102726	2.059427866711692	0.4658665630241857
349.51926015366644	2.0594461203006484	0.4658791853247508
349.52317884099455	2.0594614916776095	0.4658790678423595
349.52709757225784	2.059476139772834	0.4658757542613877
349.53101634745644	2.0594907876199335	0.46587244078367895
349.53493516659097	2.0595054352189166	0.4658691274092284
349.53885402966193	2.0595200825697866	0.46586581413803174
349.5427729366699	2.05953472967255	0.46586250097008397
349.54669188761517	2.059549376527212	0.4658591879053806
349.5506108824984	2.05956402313378	0.46585587494391656
349.55452992132	2.0595786694922573	0.46585256208568776
349.5584490040805	2.0595933156026516	0.46584924933068894
349.5623681307804	2.059607961464967	0.46584593667891594
349.5662873014201	2.05962260707921	0.4658426241303636
349.57020651600027	2.0596372524453863	0.4658393116850275
349.5741257745213	2.059651897563501	0.465835999342903
349.5780450769835	2.0596665424335603	0.4658326871039853
349.5819644233878	2.0596811870555696	0.4658293749682698
349.5858838137342	2.0596958314295346	0.4658260629357518
349.58980324802366	2.0597104755554616	0.46582275100642645
349.5937227262562	2.0597251194333546	0.46581943918028945
349.59764224843275	2.0597397630632215	0.46581612745733564
349.60156181455346	2.0597544064450664	0.46581281583756073
349.60548142461903	2.059769049578895	0.46580950432096
349.6094010786299	2.0597836924647144	0.46580619290752845
349.6133207765866	2.0597983351025286	0.46580288159726174
349.6172405184896	2.059812977492344	0.46579957039015507
349.6211603043392	2.059827619634166	0.46579625928620383
349.6250801341363	2.059842261528001	0.4657929482854031
349.62900000788096	2.059856903173854	0.46578963738774853
349.63291992557396	2.0598715445717306	0.4657863265932352
349.6368398872156	2.0598861857216364	0.46578301590185867
349.64075989280667	2.059900826623578	0.46577970531361396
349.6446799423473	2.0599154672775595	0.46577639482849675
349.64860003583823	2.0599301076835883	0.465773084446502
349.65252017327987	2.059944747841669	0.46576977416762533
349.65644035467267	2.0599593877518076	0.4657664639918618
349.6603605800172	2.0599740274140093	0.46576315391920703
349.6642808493139	2.0599886668282803	0.4657598439496561
349.66820116256326	2.060003305994626	0.4657565340832045
349.67212151976594	2.0600179449130525	0.4657532243198474
349.6760419209221	2.0600325835835647	0.4657499146595803
349.6799623660326	2.060047222006169	0.4657466051023984
349.6838828550976	2.0600618601808707	0.46574329564829703
349.68780338811786	2.0600764981076756	0.46573998629727154
349.6917239650937	2.060091135786589	0.46573667704931737
349.6956445860256	2.0601057732176167	0.46573336790442976
349.6995652509142	2.060120410400765	0.46573005886260394
349.70348595976003	2.0601350473360394	0.46572674992383517
349.70740671256334	2.0601496840234446	0.46572344108811914
349.71132750932475	2.060164320462987	0.4657201323554509
349.7152483500448	2.0601789566546724	0.4657168237258259
349.71916923472395	2.0601935925985058	0.4657135151992395
349.72309016336266	2.060208228294494	0.46571020677568675
349.7270111359614	2.0602228637426414	0.4657068984551632
349.7309321525209	2.060237498942955	0.4657035902376642
349.7348532130412	2.0602521338954385	0.4657002821231852
349.7387743175233	2.0602667686001	0.46569697411172106
349.74269546596724	2.0602814030569427	0.46569366620326774
349.7466166583739	2.0602960372659744	0.46569035839782
349.7505378947434	2.0603106712271995	0.46568705069537353
349.7544591750766	2.060325304940624	0.4656837430959236
349.7583804993737	2.0603399384062535	0.4656804355994655
349.7623018676355	2.0603545716240945	0.4656771282059944
349.76622327986206	2.0603692045941506	0.46567382091550596
349.77014473605425	2.06038383731643	0.46567051372799523
349.7740662362124	2.0603984697909365	0.4656672066434576
349.7779877803371	2.0604131020176766	0.46566389966188865
349.7819093684286	2.0604277339966552	0.4656605927832835
349.78583100048775	2.060442365727879	0.46565728600763734
349.78975267651487	2.060456997211353	0.4656539793349459
349.7936743965103	2.060471628447083	0.46565067276520417
349.79759616047477	2.060486259435075	0.46564736629840753
349.80151796840863	2.060500890175334	0.4656440599345515
349.80543982031253	2.0605155206678663	0.4656407536736313
349.80936171618674	2.060530150912677	0.46563744751564223
349.8132836560319	2.060544780909772	0.46563414146057963
349.8172056398485	2.0605594106591574	0.46563083550843887
349.82112766763703	2.060574040160838	0.4656275296592154
349.8250497393979	2.06058866941482	0.4656242239129044
349.8289718551317	2.0606032984211096	0.4656209182695012
349.83289401483887	2.060617927179711	0.46561761272900126
349.83681621851997	2.060632555690631	0.46561430729139985
349.84073846617537	2.0606471839538747	0.46561100195669225
349.84466075780574	2.0606618119694486	0.4656076967248738
349.84858309341126	2.060676439737357	0.46560439159594
349.8525054729929	2.0606910672576073	0.46560108656988597
349.85642789655066	2.060705694530203	0.4655977816467074
349.86035036408543	2.060720321555152	0.4655944768263991
349.86427287559735	2.0607349483324584	0.46559117210895684
349.8681954310873	2.0607495748621285	0.4655878674943758
349.8721180305554	2.060764201144168	0.46558456298265133
349.87604067400235	2.0607788271785816	0.46558125857377886
349.8799633614286	2.060793452965376	0.4655779542677536
349.8838860928347	2.0608080785045573	0.4655746500645709
349.887808868221	2.0608227037961298	0.4655713459642262
349.8917316875881	2.0608373288401	0.46556804196671475
349.8956545509365	2.0608519536364733	0.4655647380720319
349.89957745826666	2.060866578185255	0.46556143428017316
349.9035004095791	2.060881202486452	0.4655581305911336
349.9074234048743	2.0608958265400683	0.4655548270049088
349.91134644415274	2.060910450346111	0.46555152352149387
349.915269527415	2.060925073904585	0.4655482201408844
349.9191926546613	2.060939697215496	0.4655449168630755
349.92311582589247	2.0609543202788494	0.46554161368806274
349.92703904110886	2.060968943094652	0.46553831061584117
349.93096230031085	2.060983565662908	0.46553500764640654
349.93488560349914	2.060998187983624	0.46553170477975375
349.93880895067406	2.061012810056805	0.4655284020158786
349.9427323418364	2.061027431882458	0.465525099354776
349.9466557769861	2.061042053460586	0.46552179679644173
349.9505792561242	2.061056674791198	0.46551849434087067
349.9545027792509	2.061071295874297	0.4655151919880585
349.9584263463668	2.06108591670989	0.4655118897380005
349.96234995747227	2.0611005372979823	0.4655085875906919
349.966273612568	2.0611151576385796	0.4655052855461282
349.9701973116542	2.0611297777316873	0.46550198360430467
349.9741210547317	2.0611443975773116	0.4654986817652166
349.9780448418008	2.0611590171754575	0.46549538002885943
349.981968672862	2.061173636526131	0.4654920783952285
349.98589254791585	2.0611882556293377	0.46548877686431916
349.9898164669628	2.061202874485083	0.4654854754361267
349.99374043000336	2.0612174930933733	0.4654821741106465
349.9976644370379	2.0612321114542134	0.46547887288787404
350.00158848806717	2.06124672956761	0.4654755717678043
350.00551258309144	2.0612613474335673	0.4654722707504331
350.00943672211133	2.061275965052092	0.4654689698357554
350.0133609051273	2.0612905824231897	0.46546566902376685
350.0172851321398	2.0613051995468656	0.4654623683144626
350.0212094031494	2.0613198164231252	0.4654590677078382
350.0251337181566	2.061334433051975	0.46545576720388865
350.02905807716166	2.06134904943342	0.4654524668026097
350.0329824801654	2.0613636655674665	0.46544916650399637
350.03690692716816	2.0613782814541195	0.46544586630804413
350.04083141817046	2.061392897093385	0.46544256621474844
350.0447559531727	2.061407512485268	0.4654392662241046
350.04868053217547	2.061422127629775	0.46543596633610795
350.05260515517926	2.0614367425269107	0.46543266655075394
350.0565298221846	2.061451357176682	0.46542936686803765
350.06045453319183	2.0614659715790933	0.4654260672879547
350.0643792882016	2.061480585734151	0.4654227678105003
350.0683040872143	2.061495199641861	0.4654194684356698
350.07222893023055	2.0615098133022287	0.46541616916345857
350.0761538172507	2.0615244267152586	0.4654128699938622
350.08007874827535	2.0615390398809583	0.4654095709268756
350.0840037233049	2.061553652799332	0.4654062719624945
350.08792874233984	2.0615682654703855	0.46540297310071427
350.0918538053809	2.0615828778941254	0.4653996743415299
350.0957789124282	2.0615974900705565	0.465396375684937
350.09970406348253	2.061612101999685	0.4653930771309309
350.10362925854423	2.061626713681516	0.4653897786795069
350.10755449761393	2.0616413251160552	0.46538648033066055
350.11147978069187	2.0616559363033082	0.46538318208438706
350.1154051077789	2.0616705472432817	0.46537988394068164
350.1193304788751	2.0616851579359796	0.46537658589953995
350.1232558939815	2.0616997683814096	0.46537328796095695
350.1271813530979	2.061714378579575	0.4653699901249285
350.1311068562254	2.0617289885304837	0.4653666923914495
350.1350324033643	2.0617435982341394	0.46536339476051575
350.138957994515	2.0617582076905494	0.4653600972321222
350.14288362967795	2.0617728168997176	0.46535679980626454
350.14680930885385	2.061787425861652	0.46535350248293766
350.15073503204303	2.0618020345763557	0.46535020526213755
350.15466079924613	2.0618166430438363	0.4653469081438591
350.15858661046343	2.061831251264098	0.4653436111280979
350.1625124656957	2.061845859237148	0.4653403142148491
350.1664383649431	2.0618604669629903	0.4653370174041083
350.17036430820644	2.0618750744416317	0.46533372069587076
350.174290295486	2.0618896816730774	0.4653304240901318
350.1782163267824	2.061904288657333	0.4653271275868869
350.18214240209613	2.0619188953944043	0.46532383118613124
350.18606852142756	2.061933501884297	0.4653205348878603
350.1899946847773	2.0619481081270163	0.4653172386920695
350.19392089214574	2.061962714122568	0.4653139425987542
350.1978471435335	2.061977319870959	0.46531064660790944
350.20177343894096	2.061991925372193	0.465307350719531
350.2056997783688	2.062006530626277	0.465304054933614
350.20962616181725	2.0620211356332154	0.465300759250154
350.213552589287	2.0620357403930156	0.4652974636691461
350.21747906077843	2.0620503449056815	0.465294168190586
350.22140557629217	2.06206494917122	0.4652908728144686
350.2253321358285	2.0620795531896357	0.4652875775407899
350.2292587393881	2.0620941569609355	0.4652842823695446
350.2331853869714	2.0621087604851236	0.4652809873007286
350.23711207857895	2.0621233637622067	0.46527769233433697
350.24103881421104	2.06213796679219	0.4652743974703651
350.2449655938685	2.0621525695750798	0.4652711027088083
350.2488924175515	2.0621671721108803	0.4652678080496623
350.2528192852607	2.062181774399599	0.46526451349292197
350.2567461969966	2.0621963764412397	0.4652612190385831
350.26067315275964	2.0622109782358096	0.46525792468664073
350.26460015255026	2.0622255797833127	0.4652546304370906
350.2685271963692	2.0622401810837565	0.4652513362899276
350.27245428421656	2.062254782137145	0.46524804224514754
350.2763814160932	2.062269382943485	0.4652447483027455
350.2803085919994	2.0622839835027817	0.46524145446271703
350.28423581193573	2.062298583815041	0.46523816072505725
350.2881630759027	2.062313183880268	0.4652348670897618
350.29209038390076	2.0623277836984686	0.465231573556826
350.2960177359303	2.062342383269649	0.465228280126245
350.2999451319921	2.0623569825938137	0.4652249867980145
350.3038725720865	2.0623715816709693	0.4652216935721296
350.30780005621386	2.0623861805011208	0.46521840044858587
350.3117275843749	2.0624007790842747	0.4652151074273785
350.31565515656996	2.0624153774204355	0.4652118145085031
350.3195827727996	2.0624299755096094	0.4652085216919548
350.32351043306426	2.0624445733518026	0.46520522897772904
350.3274381373645	2.0624591709470197	0.4652019363658213
350.3313658857007	2.062473768295267	0.4651986438562267
350.3352936780736	2.06248836539655	0.46519535144894103
350.33922151448337	2.062502962250874	0.46519205914395934
350.3431493949307	2.0625175588582456	0.46518876694127703
350.3470773194161	2.062532155218669	0.4651854748408896
350.35100528794	2.0625467513321514	0.4651821828427923
350.3549333005029	2.062561347198697	0.46517889094698056
350.3588613571053	2.0625759428183126	0.46517559915344964
350.3627894577476	2.062590538191003	0.46517230746219523
350.3667176024306	2.0626051333167745	0.46516901587321235
350.3706457911544	2.0626197281956324	0.46516572438649656
350.37457402391965	2.0626343228275816	0.46516243300204335
350.378502300727	2.062648917212629	0.46515914171984785
350.38243062157676	2.06266351135078	0.46515585053990544
350.3863589864694	2.06267810524204	0.4651525594622116
350.39028739540555	2.0626926988864143	0.46514926848676186
350.39421584838567	2.0627072922839087	0.4651459776135513
350.3981443454101	2.062721885434529	0.4651426868425755
350.4020728864797	2.062736478338281	0.46513939617382966
350.40600147159455	2.06275107099517	0.4651361056073094
350.4099301007554	2.062765663405202	0.46513281514300986
350.41385877396266	2.0627802555683825	0.46512952478092656
350.41778749121676	2.0627948474847164	0.465126234521055
350.42171625251825	2.0628128189299617	0.4651379333609942
350.4256450578677	2.0628309873214743	0.46515050677367853
350.4295739072655	2.0628491553824215	0.4651630798525291
350.4335028007122	2.062867323112813	0.4651756525975611
350.4374317382082	2.062885490512656	0.4651882250087892
350.4413607197542	2.062903657581959	0.46520079708622947
350.4452897453504	2.0629218243207297	0.46521336882989606
350.44921881499766	2.062939990728976	0.4652259402398049
350.45314792869607	2.062958156806706	0.46523851131597055
350.4570770864465	2.0629763225539275	0.4652510820584089
350.46100628824917	2.0629944879706485	0.46526365246713436
350.4649355341047	2.063012653056877	0.4652762225421626
350.46886482401356	2.063030817812621	0.46528879228350833
350.47279415797624	2.063048982237889	0.4653013616911872
350.4767235359932	2.0630671463326884	0.4653139307652139
350.48065295806487	2.0630853100970263	0.4653264995056037
350.48458242419196	2.0631034735309126	0.465339067912372
350.48851193437486	2.0631216366343543	0.46535163598553353
350.4924414886141	2.063139799407359	0.465364203725104
350.49637108691	2.063157961849935	0.46537677113109804
350.5003007292633	2.063176123962091	0.46538933820353107
350.5042304156742	2.0631942857438337	0.4654019049424181
350.50816014614355	2.063212447195172	0.46541447134777447
350.51208992067154	2.0632306083161134	0.465427037419615
350.51601973925887	2.063248769106666	0.4654396031579551
350.51994960190586	2.0632669295668378	0.46545216856280974
350.52387950861316	2.063285089696637	0.4654647336341942
350.5278094593811	2.063303249496071	0.46547729837212337
350.5317394542104	2.063321408965148	0.46548986277661286
350.5356694931013	2.0633395681038764	0.4655024268476771
350.53959957605457	2.063357726912264	0.465514990585332
350.5435297030704	2.063375885390318	0.4655275539895922
350.5474598741495	2.063394043538048	0.4655401170604729
350.5513900892923	2.06341220135546	0.4655526797979892
350.5553203484993	2.0634303588425635	0.46556524220215656
350.559250651771	2.0634485159993656	0.46557780427298967
350.5631809991079	2.063466672825875	0.46559036601050396
350.5671113905103	2.063484829322099	0.4656029274147142
350.571041825979	2.0635029854880456	0.46561548848563583
350.5749723055144	2.063521141323723	0.46562804922328416
350.57890282911694	2.0635392968291395	0.4656406096276737
350.58283339678707	2.0635574520043023	0.46565316969882037
350.5867640085254	2.0635756068492204	0.4656657294367385
350.59069466433243	2.063593761363901	0.46567828884144385
350.5946253642084	2.0636119155483517	0.4656908479129509
350.59855610815424	2.0636300694025818	0.4657034066512755
350.6024868961701	2.0636482229265978	0.46571596505643204
350.6064177282565	2.063666376120409	0.4657285231284362
350.610348604414	2.063684528984022	0.46574108086730254
350.6142795246432	2.063702681517446	0.46575363827304705
350.6182104889445	2.063720833720688	0.465766195345684
350.6221414973184	2.063738985593757	0.4657787520852287
350.6260725497653	2.06375713713666	0.4657913084916965
350.6300036462859	2.063775288349406	0.4658038645651025
350.63393478688045	2.0637934392320014	0.46581642030546133
350.6378659715497	2.063811589784456	0.46582897571278875
350.64179720029387	2.063829740006776	0.46584153078709944
350.64572847311376	2.0638478898989705	0.4658540855284088
350.64965979000954	2.0638660394610473	0.46586663993673144
350.653591150982	2.0638841886930144	0.4658791940120832
350.6575225560313	2.0639023375948793	0.46589174775447834
350.66145400515836	2.0639204861666505	0.4659043011639328
350.6653854983633	2.063938634408336	0.465916854240461
350.6693170356469	2.063956782319943	0.46592940698407853
350.67324861700945	2.0639749299014802	0.46594195939480004
350.6771802424514	2.0639930771529555	0.4659545114726408
350.68111191197346	2.064011224074377	0.46596706321761616
350.68504362557604	2.064029370665752	0.4659796146297409
350.68897538325956	2.064047516927089	0.46599216570903046
350.6929071850246	2.0640656628583955	0.4660047164554995
350.6968390308717	2.06408380845968	0.4660172668691636
350.70077092080106	2.0641019537309506	0.4660298169500372
350.7047028548136	2.064120098672215	0.4660423666981362
350.7086348329094	2.0641382432834803	0.46605491611347466
350.7125668550895	2.064156387564756	0.4660674651960689
350.7164989213537	2.0641745315160485	0.4660800139459329
350.72043103170313	2.0641926751373676	0.4660925623630825
350.7243631861378	2.064210818428719	0.4661051104475322
350.72829538465845	2.064228961390113	0.46611765819929785
350.7322276272655	2.0642471040215558	0.46613020561839363
350.73615991395957	2.0642652463230564	0.4661427527048353
350.74009224474094	2.064283388294622	0.46615529945863765
350.7440246196104	2.064301529936262	0.46616784587981586
350.7479570385681	2.0643196712479823	0.4661803919683847
350.7518895016148	2.0643378122297924	0.4661929377243598
350.75582200875084	2.0643559528816993	0.4662054831477557
350.75975455997684	2.064374093203712	0.46621802823858793
350.7636871552931	2.064392233195837	0.4662305729968712
350.7676197947003	2.0644103728580836	0.46624311742262065
350.7715524781989	2.064428512190459	0.4662556615158518
350.7754852057894	2.0644466511929718	0.4662682052765791
350.77941797747224	2.06446478986563	0.466280748704818
350.78335079324785	2.0644829282084403	0.46629329180058326
350.78728365311684	2.0645010662214123	0.4663058345638904
350.79121655707974	2.064519203904553	0.466318376994754
350.795149505137	2.0645373412578705	0.46633091909318963
350.79908249728896	2.0645554782813726	0.46634346085921174
350.8030155335364	2.064573614975068	0.466356002292836
350.8069486138795	2.0645917513389636	0.466368543394077
350.81088173831904	2.0646098873730683	0.4663810841629502
350.81481490685536	2.0646280230773897	0.46639362459947026
350.81874811948904	2.0646461584519358	0.4664061647036528
350.82268137622043	2.0646642934967137	0.4664187044755122
350.8266146770502	2.064682428211733	0.4664312439150641
350.83054802197864	2.0647005625970003	0.46644378302232287
350.8344814110065	2.0647186966525246	0.4664563217973045
350.838414844134	2.0647368303783127	0.46646886024002326
350.84234832136195	2.064754963774374	0.4664813983504948
350.8462818426905	2.0647730968407148	0.46649393612873336
350.8502154081204	2.0647912295773447	0.46650647357475505
350.854149017652	2.06480936198427	0.466519010688574
350.8580826712859	2.0648274940615	0.46653154747020553
350.8620163690225	2.064845625809042	0.4665440839196653
350.8659501108624	2.064863757226904	0.46655662003696763
350.86988389680596	2.0648818883150946	0.4665691558221275
350.87381772685376	2.0649000190736206	0.46658169127516025
350.8777516010063	2.0649181495024913	0.4665942263960812
350.8816855192641	2.0649362796017137	0.4666067611849051
350.88561948162754	2.064954409371296	0.466619295641647
350.88955348809725	2.064972538811246	0.4666318297663217
350.89348753867364	2.064990667921572	0.46664436355894484
350.89742163335717	2.065008796702282	0.4666568970195307
350.90135577214846	2.0650269251533837	0.46666943014809514
350.90528995504786	2.0650450532748845	0.4666819629446524
350.90922418205605	2.065063181066794	0.4666944954092182
350.9131584531733	2.065081308529118	0.466707027541807
350.9170927684003	2.0650994356618666	0.4667195593424344
350.9210271277375	2.0651175624650455	0.46673209081111505
350.92496153118526	2.065135688938665	0.4667446219478641
350.9288959787442	2.0651538150827315	0.46675715275269636
350.9328304704148	2.0651719408972538	0.4667696832256273
350.9367650061975	2.065190066382239	0.4667822133666714
350.9406995860928	2.0652081915376956	0.46679474317584424
350.94463421010136	2.0652263163636317	0.46680727265316047
350.9485688782235	2.065244440860055	0.4668198017986355
350.9525035904596	2.065262565026973	0.46683233061228374
350.9564383468106	2.0652806888643944	0.466844859094121
350.96037314727647	2.0652988123723266	0.46685738724416154
350.964307991858	2.0653169355507783	0.4668699150624206
350.9682428805557	2.065335058399757	0.4668824425489136
350.97217781336985	2.0653531809192702	0.4668949697036552
350.9761127903012	2.065371303109327	0.46690749652666064
350.9800478113501	2.0653894249699336	0.46692002301794466
350.9839828765171	2.0654075465011	0.4669325491775225
350.9879179858027	2.0654256677028324	0.46694507500540894
350.99185313920736	2.06544378857514	0.4669576005016196
350.99578833673144	2.06546190911803	0.4669701256661684
350.9997235783757	2.065480029331511	0.4669826504990715
351.0036588641405	2.0654981492155904	0.4669951750003432
351.0075941940263	2.0655162687702764	0.46700769916999885
351.01152956803367	2.065534387995576	0.4670202230080531
351.0154649861631	2.0655525068914993	0.4670327465145216
351.01940044841496	2.065570625458052	0.4670452696894185
351.02333595479007	2.0655887436952436	0.46705779253275975
351.0272715052884	2.065606861603081	0.4670703150445594
351.031207099911	2.0656249791815733	0.46708283722483324
351.03514273865784	2.065643096430727	0.4670953590735955
351.0390784215299	2.065661213350552	0.46710788059086217
351.04301414852733	2.065679329941054	0.4671204017766473
351.04694991965084	2.0656974462022424	0.46713292263096673
351.05088573490076	2.0657155621341245	0.46714544315383466
351.05482159427766	2.0657336777367084	0.4671579633452665
351.0587574977821	2.0657517930100027	0.46717048320527743
351.0626934454145	2.065769907954015	0.46718300273388236
351.0666294371753	2.065788022568752	0.4671955219310958
351.07056547306513	2.0658061368542238	0.46720804079693307
351.0745015530844	2.065824250810437	0.46722055933140966
351.0784376772335	2.0658423644373998	0.4672330775345395
351.08237384551325	2.06586047773512	0.4672455954063387
351.08631005792375	2.0658785907036057	0.4672581129468214
351.0902463144659	2.0658967033428652	0.4672706301560033
351.09418261513974	2.065914815652906	0.46728314703389834
351.09811895994613	2.065932927633736	0.4672956635805229
351.1020553488854	2.0659510392853635	0.4673081797958909
351.1059917819582	2.0659691506077964	0.46732069568001783
351.1099282591647	2.065987261601042	0.46733321123291816
351.11386478050576	2.066005372265109	0.46734572645460776
351.1178013459816	2.0660234826000052	0.46735824134510057
351.1217379555929	2.066041592605739	0.4673707559044123
351.1256746093401	2.066059702282317	0.4673832701325577
351.1296113072237	2.0660778116297482	0.46739578402955195
351.13354804924404	2.0660959206480403	0.46740829759540947
351.1374848354019	2.066114029337201	0.4674208108301461
351.1414216656975	2.0661321376972386	0.46743332373377594
351.1453585401316	2.0661502457281613	0.4674458363063145
351.14929545870444	2.0661683534299766	0.4674583485477765
351.1532324214167	2.066186460802692	0.4674708604581773
351.15716942826873	2.0662045678463166	0.4674833720375311
351.16110647926115	2.066222674560857	0.46749588328585345
351.1650435743945	2.066240780946323	0.46750839420315965
351.16898071366904	2.06625888700272	0.467520904789464
351.1729178970854	2.0662769927300584	0.46753341504478174
351.1768551246441	2.0662950981283448	0.46754592496912767
351.18079239634574	2.0663132031975877	0.4675584345625172
351.1847297121905	2.0663313079377943	0.4675709438249648
351.1886670721792	2.0663494123489734	0.4675834527564857
351.1926044763121	2.066367516431132	0.4675959613570947
351.19654192458995	2.0663856201842794	0.4676084696268072
351.2004794170129	2.0664037236084223	0.46762097756563736
351.20441695358176	2.0664218267035697	0.467633485173601
351.2083545342968	2.0664399294697278	0.46764599245071226
351.2122921591587	2.066458031906907	0.46765849939698684
351.21622982816785	2.066476134015113	0.46767100601243927
351.22016754132477	2.0664942357943556	0.46768351229708455
351.2241052986299	2.066512337244641	0.46769601825093776
351.2280431000838	2.066530438365978	0.467708523874014
351.23198094568704	2.0665485391583753	0.4677210291663275
351.23591883544	2.0665666396218394	0.46773353412789426
351.2398567693431	2.0665847397563786	0.46774603875872833
351.243794747397	2.0666028395620017	0.46775854305884523
351.24773276960207	2.066620939038716	0.46777104702825967
351.2516708359588	2.0666390381865294	0.4677835506669863
351.2556089464679	2.06665713700545	0.467796053975041
351.2595471011296	2.0666752354954854	0.46780855695243767
351.26348529994465	2.0666933336566444	0.4678210595991919
351.2674235429133	2.066711431488934	0.4678335619153183
351.2713618300362	2.066729528992363	0.46784606390083217
351.27530016131374	2.0667476261669386	0.46785856555574795
351.27923853674656	2.066765723012669	0.4678710668800812
351.2831769563349	2.0667838195295616	0.467883567873846
351.28711542007954	2.066801915717626	0.4678960685370583
351.29105392798084	2.066820011576868	0.46790856886973226
351.2949924800393	2.0668381071072974	0.4679210688718834
351.29893107625537	2.0668562023089208	0.46793356854352586
351.30286971662974	2.0668742971817466	0.46794606788467563
351.3068084011627	2.066892391725783	0.4679585668953468
351.3107471298548	2.0669104859410377	0.46797106557555485
351.31468590270646	2.0669285798275188	0.467983563925314
351.3186247197184	2.066946673385234	0.4679960619446399
351.32256358089086	2.0669647677516307	0.4680085646570617
351.3265024862245	2.0669828629196676	0.4680210720311871
351.33044143571976	2.0670009577589705	0.4680335790746009
351.3343804293772	2.0670190522695484	0.46804608578731843
351.33831946719715	2.067037146451408	0.4680585921693542
351.3422585491802	2.067055240304558	0.46807109822072346
351.34619767532695	2.067073333829006	0.4680836039414407
351.35013684563785	2.0670914270247605	0.46809610933152174
351.35407606011313	2.0671095198918277	0.46810861439098056
351.3580153187536	2.067127612430218	0.4681211191198325
351.36195462155973	2.0671457046399375	0.4681336235180929
351.36589396853185	2.0671637965209952	0.4681461275857759
351.3698333596706	2.0671818880733985	0.46815863132289703
351.3737727949764	2.067199979297156	0.46817113472947086
351.3777122744499	2.0672180701922747	0.46818363780551275
351.38165179809124	2.0672361607587626	0.4681961405510371
351.3855913659013	2.067254250996628	0.46820864296605946
351.3895309778802	2.0672723409058786	0.46822114505059387
351.3934706340289	2.067290430486523	0.4682336468046565
351.3974103343475	2.0673085197385688	0.46824614822826094
351.40135007883674	2.0673266086620234	0.46825864932142314
351.40528986749695	2.0673446972568947	0.46827115008415743
351.40922970032864	2.0673627855231915	0.46828365051647913
351.41316957733244	2.0673808734609214	0.46829615061840263
351.41710949850875	2.067398961070092	0.46830865038994357
351.421049463858	2.0674170483507113	0.46832114983111633
351.42498947338083	2.0674351353027873	0.46833364894193624
351.4289295270776	2.067453221926328	0.46834614772241756
351.432869624949	2.0674713082213416	0.46835864617257583
351.4368097669952	2.067489394187835	0.46837114429242577
351.44074995321705	2.0675074798258177	0.4683836420819824
351.4446901836148	2.067525565135296	0.46839613954126014
351.44863045818903	2.067543650116279	0.4684086366702745
351.4525707769403	2.0675617347687743	0.46842113346904046
351.4565111398689	2.0675798190927894	0.46843362993757215
351.4604515469757	2.067597903088333	0.46844612607588537
351.4643919982608	2.0676159867554125	0.46845862188399445
351.4683324937249	2.0676340700940363	0.4684711173619146
351.47227303336837	2.0676521531042114	0.4684836125096605
351.47621361719195	2.0676702357859464	0.46849610732724745
351.4801542451959	2.067688318139249	0.4685086018146897
351.48409491738084	2.067706400164128	0.468521095972003
351.488035633747	2.0677244818605898	0.4685335897992013
351.4919763942953	2.0677425632286432	0.4685460832963003
351.49591719902594	2.067760644268296	0.46855857646331445
351.49985804793954	2.0677787249795565	0.4685710693002589
351.50379894103656	2.0677968053624323	0.46858356180714833
351.50773987831747	2.0678148854169307	0.4685960539839979
351.5116808597828	2.0678329651430603	0.4686085458308222
351.51562188543306	2.0678510445408294	0.4686210373476365
351.5195629552686	2.067869123610245	0.46863352853445533
351.5235040692902	2.067887202351316	0.46864601939129386
351.52744522749805	2.0679052807640494	0.4686585099181666
351.53138642989285	2.0679233588484536	0.4686710001150891
351.53532767647494	2.0679414366045363	0.4686834899820756
351.53926896724494	2.0679595140323057	0.46869597951914105
351.5432103022034	2.06797759113177	0.46870846872630095
351.54715168135067	2.0679956679029368	0.46872095760356974
351.5510931046873	2.0680137443458135	0.4687334461509621
351.55503457221374	2.0680318204604085	0.468745934368493
351.55897608393065	2.06804989624673	0.46875842225617803
351.56291763983825	2.0680679717047856	0.4687709098140311
351.5668592399374	2.068086046834583	0.46878339704206784
351.57080088422816	2.0681041216361304	0.46879588394030247
351.5747425727114	2.068122196109436	0.4688083705087505
351.57868430538736	2.068140270254507	0.46882085674742635
351.58262608225675	2.068158344071352	0.4688333426563454
351.58656790331986	2.0681764175599784	0.46884582823552184
351.5905097685774	2.068194490720395	0.46885831348497126
351.5944516780297	2.0682125635526085	0.4688707984047078
351.5983936316773	2.068230636056628	0.468883282994747
351.60233562952067	2.06824870823246	0.46889576725510335
351.6062776715604	2.0682667800801138	0.46890825118579205
351.61021975779687	2.068284851599597	0.4689207347868274
351.6141618882307	2.068302922790917	0.46893321805822497
351.6181040628622	2.0683209936540816	0.468945700999999
351.62204628169206	2.0683390641891	0.46895818361216485
351.62598854472066	2.0683571343959786	0.46897066589473707
351.62993085194864	2.0683752042747265	0.46898314784773093
351.6338732033762	2.0683932738253503	0.4689956294711605
351.63781559900417	2.0684113430478597	0.46900811076504173
351.64175803883285	2.0684294119422613	0.4690205917293884
351.6457005228626	2.068447480508563	0.46903307236421593
351.64964305109436	2.0684655487467736	0.46904555266953946
351.6535856235283	2.0684836166569003	0.4690580326453733
351.65752824016494	2.068501684238951	0.4690705122917328
351.66147090100475	2.0685197514929343	0.46908299160863215
351.66541360604845	2.0685378184188576	0.4690954705960871
351.6693563552962	2.0685558850167283	0.46910794925411164
351.67329914874887	2.0685739512865555	0.4691204275827214
351.6772419864066	2.068592017228346	0.46913290558193027
351.68118486827007	2.068610082842109	0.4691453832517542
351.6851277943398	2.068628148127851	0.4691578605922072
351.6890707646162	2.068646213085581	0.4691703376033046
351.69301377909983	2.068664277715306	0.46918281428506114
351.6969568377911	2.0686823420170346	0.4691952906374916
351.7008999406906	2.0687004059907745	0.46920776666061065
351.70484308779885	2.0687184696365337	0.4692202423544339
351.7087862791161	2.06873653295432	0.469232717718975
351.7127295146432	2.068754595944142	0.4692451927542498
351.7166727943804	2.068772658606006	0.46925766746027264
351.7206161183283	2.0687907209399214	0.46927014183705856
351.7245594864873	2.0688087829458954	0.4692826158846223
351.728502898858	2.068826844623936	0.46929508960297894
351.7324463554408	2.0688449059740512	0.4693075629921428
351.7363898562363	2.0688629669962495	0.4693200360521292
351.7403334012449	2.068881027690538	0.46933250878295296
351.74427699046726	2.068899088056925	0.46934498118462853
351.7482206239037	2.068917148095418	0.4693574532571714
351.75216430155484	2.0689352078060255	0.46936992500059577
351.756108023421	2.068953267188755	0.4693823964149169
351.76005178950277	2.0689713262436147	0.4693948675001491
351.7639955998008	2.0689893849706125	0.469407338256308
351.7679394543153	2.0690074433697556	0.46941980868340755
351.77188335304703	2.069025501441053	0.46943227878146326
351.7758272959963	2.0690435591845118	0.46944474855048957
351.77977128316377	2.0690616166001408	0.46945721799050166
351.7837153145497	2.0690796736879467	0.469469687101514
351.78765939015483	2.0690977304479383	0.46948215588354164
351.7916035099795	2.0691157868801233	0.4694946243365991
351.7955476740243	2.069133842984509	0.46950709246070194
351.79949188228966	2.0691518987611044	0.46951956025586405
351.8034361347762	2.0691699542099173	0.4695320277221009
351.8073804314841	2.0691880093309547	0.4695444948594268
351.81132477241425	2.069206064124225	0.4695569616678573
351.8152691575668	2.0692241185897364	0.46956942814740626
351.81921358694257	2.0692421727274963	0.46958189429808966
351.8231580605418	2.0692602265375126	0.4695943601199212
351.82710257836516	2.069278280019794	0.46960682561291645
351.831047140413	2.0692963331743477	0.46961929077708964
351.83499174668594	2.069314386001182	0.46963175561245635
351.8389363971843	2.069332438500304	0.46964422011903045
351.8428810919088	2.0693504906717224	0.4696566842968274
351.8468258308599	2.0693685425154453	0.4696691481458621
351.8507706140379	2.06938659403148	0.46968161166614875
351.8547154414436	2.069404645219835	0.46969407485770304
351.85866031307705	2.069422696080517	0.4697065377205388
351.8626052289393	2.069440746613536	0.4697190002546716
351.86655018903036	2.069458796818897	0.4697314624601159
351.8704951933511	2.0694768466966114	0.4697439243368866
351.87444024190165	2.0694948962466837	0.4697563858849983
351.87838533468283	2.069512945469125	0.46976884710446615
351.88233047169507	2.0695309943639404	0.4697813079953047
351.88627565293865	2.0695490429311394	0.4697937685575288
351.89022087841425	2.0695670911707293	0.4698062287911532
351.8941661481224	2.0695851390827187	0.469818688696193
351.89811146206347	2.0696031866671145	0.4698311482726626
351.9020568202381	2.0696212339239257	0.4698436075205773
351.9060022226466	2.0696392808531594	0.4698560664399511
351.9099476692896	2.069657327454824	0.4698685250307997
351.91389316016756	2.0696753737289266	0.46988098329313704
351.91783869528103	2.069693419675476	0.4698934412269788
351.9217842746304	2.0697114652944797	0.4699058988323388
351.9257298982163	2.069729510585946	0.4699183561092328
351.929675566039	2.0697475555498825	0.4699308130576748
351.9336212780992	2.069765600186297	0.4699432696776799
351.9375670343974	2.0697836444951974	0.46995572596926327
351.941512834934	2.0698016884765913	0.4699681819324389
351.94545867970953	2.069819732130488	0.46998063756722247
351.9494045687245	2.0698377754568935	0.46999309287362795
351.9533505019794	2.069855818455818	0.47000554785167087
351.9572964794746	2.0698738611272667	0.4700180025013651
351.9612425012109	2.0698919034712495	0.4700304568227265
351.96518856718853	2.0699099454877734	0.4700429108157689
351.9691346774081	2.069927987176847	0.4700553644805077
351.97308083187	2.069946028538477	0.4700678178169574
351.97702703057485	2.0699640695726726	0.47008027082513293
351.9809732735231	2.069982110279441	0.4700927235050488
351.9849195607153	2.0700001506587906	0.47010517585672035
351.9888658921517	2.0700181907107287	0.4701176278801616
351.9928122678332	2.0700362304352637	0.47013007957538794
351.99675868775995	2.0700542698324034	0.4701425309424136
352.0007051519326	2.0700723089021555	0.470154981981254
352.00465166035156	2.070090347644528	0.4701674326919232
352.00859821301754	2.0701083860595286	0.4701798830744367
352.0125448099307	2.0701264241471655	0.4701923331288086
352.0164914510919	2.0701444619074465	0.4702047828550544
352.0204381365013	2.0701624993403795	0.470217232253188
352.0243848661596	2.0701805364459727	0.47022968132322457
352.02833164006734	2.0701985732242334	0.47024213006517956
352.03227845822494	2.07021660967517	0.47025457847906676
352.0362253206327	2.0702346457987906	0.470267026564901
352.04017222729135	2.0702526815951017	0.47027947432269745
352.0441191782014	2.0702707170641133	0.4702919217524709
352.0480661733632	2.070288752205832	0.4703043688542357
352.0520132127775	2.070306787020266	0.4703168156280072
352.0559602964444	2.0703248215074224	0.47032926207379955
352.05990742436484	2.0703428556673105	0.4703417081916279
352.06385459653893	2.0703608894999372	0.4703541539815067
352.06780181296745	2.0703789230053116	0.47036659944345116
352.0717490736506	2.07039695618344	0.47037904457747537
352.0756963785892	2.0704149890343313	0.47039148938359493
352.07964372778355	2.0704330215579927	0.4704039338618239
352.0835911212342	2.070451053754433	0.47041637801217734
352.0875385589416	2.07046908562366	0.4704288218346697
352.09148604090643	2.0704871171656807	0.4704412653293164
352.0954335671289	2.0705051483805037	0.4704537084961312
352.0993811376097	2.070523179268137	0.4704661513351299
352.1033287523492	2.070541209828588	0.4704785938463264
352.10727641134804	2.0705592400618644	0.470491036029736
352.1112241146066	2.0705772699679748	0.4705034778853731
352.1151718621256	2.0705952995469272	0.47051591941325266
352.11911965390516	2.0706133287987294	0.47052836061338915
352.12306748994604	2.0706313577233884	0.47054080148579785
352.12701537024867	2.0706493863209134	0.47055324203049287
352.1309632948135	2.070667414591311	0.4705656822474892
352.1349112636412	2.07068544253459	0.4705781221368018
352.13885927673203	2.070703470150758	0.470590561698445
352.1428073340867	2.070721497439823	0.4706030009324342
352.1467554357055	2.0707395244017928	0.4706154398387831
352.1507035815891	2.0707575510366754	0.4706278784175076
352.1546517717378	2.0707755773444783	0.4706403166686215
352.1586000061524	2.0707936033252103	0.47065275459214
352.1625482848331	2.0708116289788783	0.47066519218807773
352.16649660778063	2.070829654305491	0.4706776294564495
352.1704449749952	2.0708476793050554	0.47069006639726974
352.17439338647756	2.0708657039775806	0.4707025030105535
352.1783418422281	2.070883728323073	0.4707149392963153
352.1822903422474	2.0709017523415425	0.47072737525457026
352.186238886536	2.0709197760329947	0.47073981088533257
352.19018747509415	2.070937799397439	0.4707522461886174
352.1941361079225	2.070955822434883	0.470764681164439
352.19808478502154	2.0709738451453346	0.4707771158128127
352.2020335063918	2.070991867528801	0.4707895501337526
352.20598227203374	2.0710098895852913	0.4708019841272739
352.20993108194773	2.0710279113148125	0.47081441779339095
352.21387993613456	2.071045932717373	0.470826851132119
352.21782883459446	2.0710639537929803	0.470839284143472
352.221777777328	2.0710819745416424	0.470851716827465
352.2257267643357	2.0710999949633675	0.4708641491841132
352.2296757956182	2.071118200500567	0.4708773968683249
352.2336248711757	2.0711366177770665	0.4708915769331382
352.2375739910089	2.0711550347291525	0.4709057566136021
352.2415231551183	2.071173451356832	0.47091993590973485
352.2454723635043	2.07119186766011	0.470934114821553
352.2494216161674	2.071210283638995	0.4709482933490756
352.25337091310814	2.0712286992934934	0.470962471492319
352.25732025432706	2.0712471146236116	0.4709766492513021
352.26126963982455	2.0712655296293554	0.47099082662604164
352.26521906960124	2.071283944310733	0.4710050036165561
352.26916854365754	2.07130235866775	0.4710191802228626
352.27311806199396	2.071320772700414	0.4710333564449791
352.277067624611	2.0713391864087307	0.471047532282923
352.28101723150905	2.071357599792708	0.4710617077367126
352.28496688268876	2.071376012852351	0.47107588280636475
352.28891657815063	2.071394425587668	0.4710900574918981
352.29286631789506	2.0714128379986647	0.47110423179332933
352.2968161019226	2.0714312500853485	0.471118405710677
352.3007659302337	2.071449661847725	0.47113257924395807
352.3047158028289	2.071468073285802	0.4711467523931909
352.30866571970876	2.071486484399586	0.4711609251583926
352.3126156808736	2.071504895189083	0.47117509753958126
352.316565686324	2.0715233056543	0.4711892695367743
352.3205157360606	2.0715417157952447	0.4712034411499897
352.3244658300836	2.0715601256119225	0.47121761237924453
352.3284159683938	2.07157853510434	0.47123178322455705
352.33236615099156	2.0715969442725055	0.47124595368594474
352.3363163778773	2.071615353116424	0.47126012376342513
352.3402666490517	2.071633761636103	0.4712742934570166
352.34421696451506	2.0716521698315487	0.4712884627667357
352.34816732426805	2.071670577702769	0.471302631692601
352.35211772831104	2.071688985249769	0.47131680023462963
352.3560681766446	2.071707392472556	0.4713309683928396
352.3600186692692	2.071725799371137	0.47134513616724827
352.36396920618535	2.071744205945519	0.4713593035578737
352.3679197873935	2.0717626121957076	0.47137347056473305
352.3718704128942	2.071781018121711	0.47138763718784454
352.3758210826879	2.0717994237235335	0.4714018034272253
352.3797717967752	2.0718178290011844	0.4714159692828936
352.38372255515645	2.0718362339546688	0.4714301347548664
352.3876733578323	2.0718546385839947	0.47144429984316194
352.391624204803	2.071873042889167	0.4714584645477974
352.39557509606936	2.0718914468701937	0.4714726288687911
352.39952603163164	2.0719098505270814	0.4714867928061597
352.4034770114905	2.071928253859836	0.4715009563599219
352.40742803564626	2.0719466568684655	0.4715151195300944
352.41137910409964	2.0719650595529755	0.47152928231669594
352.4153302168509	2.071983461913373	0.4715434447197429
352.4192813739007	2.0720018639496645	0.47155760673925384
352.4232325752495	2.072020265661857	0.4715717683752462
352.4271838208977	2.0720386670499575	0.4715859296277375
352.431135110846	2.0720570681139723	0.4716000904967457
352.4350864450947	2.0720754688539076	0.4716142509822879
352.4390378236444	2.0720938692697715	0.47162841108438236
352.4429892464956	2.072112269361569	0.4716425708030462
352.4469407136488	2.0721306691293084	0.47165673013829734
352.4508922251043	2.072149068572995	0.4716708890901531
352.4548437808629	2.0721674676926365	0.47168504765863184
352.45879538092487	2.0721858664882387	0.47169920584375
352.4627470252909	2.0722042649598094	0.4717133636455268
352.4666987139613	2.072222663107354	0.4717275210639784
352.4706504469367	2.072241060930881	0.4717416780991234
352.47460222421745	2.0722594584303944	0.47175583475097865
352.47855404580423	2.0722778556059036	0.4717699910195626
352.4825059116974	2.072296252457414	0.4717841469048923
352.4864578218976	2.0723146489849325	0.47179830240698567
352.4904097764051	2.072333045188465	0.47181245752586015
352.49436177522057	2.0723514410680197	0.47182661226153355
352.49831381834446	2.0723698366236025	0.47184076661402313
352.50226590577734	2.07238823185522	0.4718549205833471
352.50621803751955	2.072406626762879	0.47186907416952245
352.5101702135717	2.0724250213465867	0.4718832273725675
352.51412243393435	2.0724434156063487	0.47189738019249905
352.5180746986078	2.0724618095421725	0.4719115326293355
352.5220270075926	2.072480203154065	0.47192568468309376
352.5259793608894	2.0724985964420317	0.47193983635379183
352.5299317584986	2.072516989406081	0.4719539876414475
352.53388420042063	2.072535382046218	0.4719681385460781
352.53783668665614	2.072553774362451	0.4719822890677013
352.54178921720546	2.072572166354785	0.47199643920633455
352.5457417920693	2.072590558023228	0.47201058896199605
352.54969441124786	2.072608949367786	0.47202473833470276
352.55364707474195	2.072627340388466	0.4720388873244728
352.55759978255173	2.072645731085274	0.472053035931323
352.56155253467807	2.072664121458218	0.4720671841552719
352.5655053311211	2.0726825115073035	0.47208133199633634
352.5694581718817	2.0727009012325386	0.47209547945453456
352.57341105695997	2.072719290633928	0.47210962652988353
352.57736398635683	2.07273767971148	0.4721237732224017
352.5813169600723	2.0727560684652007	0.47213791953210554
352.58526997810725	2.0727744568950968	0.47215206545901367
352.58922304046195	2.072792845001175	0.47216621100314293
352.59317614713717	2.072811232783442	0.4721803561645117
352.59712929813315	2.0728296202419045	0.4721945009431367
352.6010824934505	2.0728480073765696	0.4722086453390364
352.60503573308966	2.0728663941874435	0.47222278935222756
352.6089890170511	2.072884780674533	0.4722369329827283
352.6129423453354	2.0729031668378446	0.47225107623055596
352.61689571794307	2.0729215526773856	0.4722652190957281
352.6208491348746	2.072939938193162	0.47227936157826295
352.62480259613034	2.072958323385181	0.4722935036781772
352.628756101711	2.072976708253449	0.47230764539548903
352.63270965161695	2.072995092797973	0.4723217867302155
352.6366632458487	2.0730134770187596	0.4723359276823749
352.6406168844068	2.073031860915815	0.4723500682519843
352.6445705672917	2.0730502444891465	0.47236420843906135
352.6485242945038	2.0730686277387607	0.4723783482436236
352.65247806604384	2.073087010664664	0.47239248766568914
352.6564318819121	2.0731053932668635	0.4724066267052745
352.6603857421092	2.0731237755453655	0.4724207653623984
352.6643396466356	2.0731421575001767	0.4724349036370775
352.6682935954918	2.0731605391313046	0.47244904152933004
352.6722475886782	2.0731789204387545	0.472463179039173
352.67620162619545	2.0731973014225344	0.47247731616662464
352.6801557080439	2.07321568208265	0.47249145291170186
352.68410983422433	2.0732340624191092	0.4725055892744228
352.6880640047369	2.0732524424319174	0.4725197252548043
352.6920182195823	2.0732708221210823	0.472533860852865
352.69597247876084	2.073289201486609	0.4725479960686213
352.6999267822732	2.073307580528507	0.4725621309020916
352.70388113011984	2.0733259592467803	0.4725762653532929
352.7078355223012	2.0733443376414367	0.47259039942224307
352.7117899588179	2.073362715712483	0.4726045331089599
352.71574443967035	2.0733810934599255	0.47261866641346073
352.719698964859	2.0733994708837713	0.47263279933576263
352.7236535343844	2.073417847984027	0.47264693187588364
352.7276081482471	2.073436224760699	0.4726610640338416
352.73156280644747	2.0734546012137947	0.47267519580965345
352.7355175089861	2.07347297734332	0.47268932720333723
352.7394722558636	2.0734913531492816	0.4727034582149101
352.7434270470802	2.073509728631687	0.47271758884439014
352.7473818826365	2.0735281037905415	0.4727317190917941
352.7513367625332	2.073546478625854	0.4727458489571404
352.7552916867705	2.073564853137629	0.4727599784404458
352.75924665534905	2.0735832273258743	0.4727741075417285
352.76320166826923	2.0736016011905964	0.4727882362610056
352.7671567255318	2.0736199747318023	0.47280236459829483
352.7711118271369	2.073638347949498	0.47281649255361363
352.7750669730853	2.0736567208436907	0.4728306201269798
352.7790221633774	2.0736750934143866	0.4728447473184104
352.78297739801377	2.0736934656615933	0.47285887412792355
352.7869326769947	2.073711837585316	0.4728730005555363
352.79088800032105	2.073730209185564	0.4728871266012667
352.7948433679928	2.073748580462341	0.47290125226513163
352.798798780011	2.0737669514156556	0.47291537754714913
352.80275423637585	2.073785322045514	0.4729295024473365
352.80670973708783	2.0738036923519223	0.47294362696571157
352.8106652821475	2.0738220623348878	0.4729577511022913
352.8146208715553	2.0738404319944173	0.4729718748570934
352.81857650531185	2.073858801330518	0.472985998230136
352.82253218341754	2.0738771703431946	0.473000121221436
352.8264879058729	2.0738955390324567	0.4730142438310112
352.8304436726785	2.0739139073983077	0.473028366058879
352.8343994838348	2.073932275440758	0.473042487905057
352.8383553393422	2.0739506431598107	0.4730566093695626
352.8423112392013	2.0739690105554747	0.47307073045241366
352.84626718341246	2.073987377627756	0.47308485115362686
352.8502231719764	2.0740057443766617	0.4730989714732207
352.8541792048934	2.0740241108021977	0.4731130914112122
352.8581352821641	2.0740424769043715	0.4731272109676191
352.86209140378895	2.0740608426831892	0.47314133014245857
352.86604756976845	2.074079208138658	0.47315544893574873
352.87000378010305	2.0740975732707847	0.47316956734750615
352.8739600347934	2.0741159380795753	0.47318368537774935
352.8779163338398	2.074134302565037	0.473197803026495
352.8818726772429	2.0741526667271764	0.47321192029376136
352.88582906500307	2.0741710305659997	0.47322603717956535
352.88978549712095	2.0741893940815146	0.47324015368392497
352.8937419735969	2.074207757273727	0.473254269806857
352.8976984944314	2.0742261201426437	0.47326838554837986
352.9016550596251	2.074244482688272	0.4732825009085101
352.90561166917837	2.074262844910618	0.4732966158872659
352.90956832309183	2.0742812068096885	0.47331073048466477
352.91352502136596	2.0742995683854906	0.4733248447007239
352.9174817640011	2.07431792963803	0.4733389585354609
352.9214385509979	2.0743362905673144	0.47335307198889304
352.9253953823568	2.07435465117335	0.4733671850610385
352.9293522580782	2.074373011456143	0.47338129775191373
352.9333091781629	2.074391371415702	0.47339541006153746
352.93726614261107	2.0744097310520315	0.473409521989926
352.94122315142334	2.0744280903651395	0.47342363353709777
352.9451802046002	2.0744464493550323	0.4734377447030696
352.9491373021423	2.0744648080217165	0.47345185548785945
352.9530944440498	2.0744831663651992	0.4734659658914841
352.95705163032346	2.0745015243854867	0.4734800759139622
352.96100886096366	2.074519882082585	0.4734941855553103
352.9649661359711	2.074538239456503	0.4735082948155462
352.96892345534593	2.0745565965072448	0.4735224036946871
352.97288081908897	2.074574953234819	0.4735365121927511
352.97683822720046	2.0745933096392313	0.47355062030975503
352.9807956796811	2.074611665720489	0.4735647280457168
352.9847531765313	2.074630021478598	0.4735788354006535
352.9887107177516	2.074648376913566	0.47359294237458316
352.9926683033423	2.074666732025398	0.47360704896752254
352.99662593330424	2.074685086814103	0.47362115517948994
353.00058360763774	2.0747034412796865	0.47363526101050196
353.0045413263432	2.074721795422155	0.4736493664605768
353.00849908942126	2.074740149241516	0.4736634715297314
353.01245689687227	2.074758502737774	0.4736775762179835
353.016414748697	2.074776855910939	0.4736916805253508
353.02037264489564	2.0747952087610155	0.47370578445185013
353.024330585469	2.074813561288011	0.4737198879975
353.0282885704172	2.0748319134919315	0.47373399116231646
353.0322465997411	2.0748502653727847	0.4737480939463183
353.03620467344086	2.074868616930576	0.47376219634952194
353.04016279151733	2.0748869681653135	0.47377629837194574
353.0441209539707	2.074905319077003	0.47379040001360634
353.04807916080165	2.0749236696656514	0.4738045012745218
353.05203741201063	2.074941639472919	0.47381693605227765
353.05599570759813	2.0749595897305193	0.473829286317532
353.05995404756464	2.074977539662771	0.47384163625898373
353.06391243191075	2.0749954892696834	0.4738539858766475
353.0678708606368	2.0750134385512635	0.47386633517053733
353.07182933374344	2.0750313875075204	0.47387868414066836
353.0757878512309	2.07504933613846	0.4738910327870545
353.0797464131001	2.0750672844440925	0.4739033811097108
353.08370501935116	2.0750852324244238	0.473915729108651
353.0876636699848	2.075103180079463	0.4739280767838904
353.09162236500134	2.075121127409217	0.4739404241354428
353.09558110440156	2.075139074413695	0.47395277116332335
353.0995398881856	2.0751570210929033	0.4739651178675456
353.1034987163541	2.0751749674468503	0.47397746424812465
353.10745758890783	2.075192913475545	0.4739898103050751
353.1114165058468	2.075210859178994	0.474002156038411
353.11537546717193	2.0752288045572054	0.47401450144814705
353.11933447288345	2.075246749610187	0.47402684653429766
353.123293522982	2.075264694337948	0.4740391912968775
353.12725261746806	2.0752826387404935	0.4740515357359007
353.1312117563421	2.0753005828178344	0.474063879851382
353.13517093960456	2.0753185265699763	0.47407622364333546
353.13913016725604	2.0753364699969286	0.47408856711177616
353.14308943929683	2.075354413098698	0.47410091025671786
353.14704875572784	2.075372355875293	0.47411325307817587
353.1510081165492	2.075390298326721	0.4741255955761637
353.1549675217615	2.075408240452991	0.47413793775069657
353.15892697136525	2.07542618225411	0.4741502796017885
353.162886465361	2.075444123730086	0.47416262112945423
353.1668460037492	2.075462064880926	0.47417496233370793
353.1708055865304	2.0754800057066394	0.4741873032145644
353.1747652137049	2.075497946207233	0.4741996437720377
353.1787248852736	2.0755158863827154	0.4742119840061429
353.18268460123653	2.075533826233093	0.4742243239168937
353.1866443615945	2.0755517657583757	0.4742366635043051
353.1906041663479	2.0755697049585704	0.47424900276839094
353.19456401549724	2.075587643833685	0.47426134170916656
353.19852390904305	2.0756055823837274	0.4742736803266456
353.2024838469858	2.075623520608705	0.47428601862084313
353.20644382932585	2.0756414585086262	0.474298356591773
353.210403856064	2.0756593960834984	0.47431069423945005
353.2143639272005	2.07567733333333	0.4743230315638887
353.2183240427359	2.075695270258129	0.4743353685651033
353.2222842026708	2.075713206857903	0.47434770524310843
353.22624440700554	2.0757311431326593	0.4743600415979182
353.2302046557408	2.075749079082407	0.4743723776295476
353.2341649488769	2.0757670147071523	0.47438471333801047
353.2381252864145	2.0757849500069043	0.47439704872332183
353.242085668354	2.0758028849816705	0.47440938378549546
353.24604609469594	2.0758208196314594	0.47442171852454645
353.25000656544063	2.0758387539562775	0.4744340529404889
353.2539670805889	2.075856687956134	0.47444638703333725
353.25792764014096	2.0758746216310358	0.4744587208031059
353.26188824409746	2.0758925549809915	0.4744710542498095
353.26584889245885	2.0759104880060084	0.47448338737346224
353.26980958522574	2.0759284207060946	0.47449572017407876
353.27377032239843	2.0759463530812576	0.4745080526516733
353.27773110397754	2.0759642851315063	0.4745203848062604
353.28169192996353	2.0759822168568474	0.4745327166378544
353.28565280035696	2.076000148257289	0.4745450481464699
353.2896137151582	2.0760180793328393	0.4745573793321211
353.2935746743679	2.0760360100835067	0.4745697101948227
353.29753567798645	2.076053940509298	0.4745820407345887
353.3014967260143	2.076071870610221	0.474594370951434
353.3054578184522	2.076089800386285	0.4746067008453729
353.3094189553004	2.0761077298374957	0.47461903041641945
353.31338013655943	2.076125658963863	0.4746313596645888
353.3173413622299	2.0761435877653933	0.47464368858989464
353.32130263231227	2.0761615162420957	0.47465601719235173
353.32526394680696	2.076179444393977	0.4746683454719744
353.3292253057145	2.0761973722210456	0.4746806734287773
353.3331867090354	2.076215299723309	0.4746930010627744
353.33714815677024	2.076233226900776	0.4747053283739804
353.3411096489193	2.076251153753453	0.47471765536240973
353.3450711854834	2.0762690802813495	0.47472998202807704
353.3490327664627	2.076287006484472	0.47474230837099585
353.35299439185803	2.0763049323628286	0.4747546343911818
353.3569560616695	2.0763228579164275	0.47476696008864844
353.360917775898	2.0763407831452767	0.4747792854634103
353.3648795345437	2.0763587080493835	0.4747916105154821
353.3688413376075	2.0763766326287563	0.4748039352448781
353.37280318508937	2.0763945568834026	0.4748162596516122
353.37676507699024	2.0764124808133304	0.4748285837356999
353.3807270133103	2.0764304044185473	0.47484090749715446
353.38468899405035	2.0764483276990617	0.47485323093599136
353.38865101921067	2.076466250654881	0.4748655540522238
353.39261308879185	2.0764841732860133	0.474877876845867
353.3965752027944	2.0765020955924665	0.4748901993169356
353.40053736121877	2.076520017574248	0.4749025214654435
353.4044995640654	2.076537939231366	0.4749148432914048
353.40846181133486	2.076555860563828	0.4749271647948344
353.4124241030278	2.0765737815716436	0.4749394859757467
353.41638643914433	2.076591702254818	0.47495180683415583
353.4203488196854	2.076609622613361	0.47496412737007665
353.4243112446511	2.076627542647279	0.4749764475835227
353.4282737140423	2.076645462356581	0.4749887674745094
353.43223622785916	2.076663381741274	0.4750010870430503
353.43619878610247	2.076681300801367	0.4750134062891605
353.44016138877254	2.076699219536867	0.47502572521285374
353.44412403586995	2.076717137947782	0.475038043814145
353.44808672739504	2.07673505603412	0.47505036209304796
353.4520494633486	2.0767529737958887	0.47506268004957786
353.4560122437308	2.076770891233095	0.4750749976837483
353.4599750685425	2.076788808345749	0.4750873149955742
353.46393793778384	2.076806725133857	0.47509963198506955
353.46790085145557	2.076824641597427	0.47511194865224926
353.471863809558	2.0768425577364664	0.47512426499712707
353.47582681209184	2.076860473550985	0.4751365810197179
353.4797898590574	2.076878389040988	0.47514889672003574
353.4837529504553	2.0768963042064854	0.47516121209809536
353.4877160862859	2.0769142190474836	0.47517352715391054
353.49167926655	2.0769321335639916	0.47518584188749663
353.4956424912476	2.0769500477560165	0.47519815629886664
353.49960576037967	2.076967961623566	0.47521047038803604
353.50356907394644	2.076985875166649	0.47522278415501906
353.50753243194856	2.077003788385272	0.47523509759982974
353.51149583438644	2.077021701279444	0.47524741072248283
353.5154592812606	2.077039613849172	0.47525972352299223
353.51942277257155	2.077057526094465	0.4752720360013729
353.5233863083197	2.077075438015329	0.4752843481576383
353.52734988850574	2.077093349611774	0.475296659991804
353.53131351312993	2.077111260883806	0.4753089715038832
353.53527718219294	2.0771291718314338	0.47532128269389134
353.53924089569523	2.0771470824546645	0.47533359356184174
353.5432046536373	2.0771649927535076	0.4753459041077497
353.54716845601956	2.0771829027279693	0.4753582143316288
353.5511323028427	2.077200812378058	0.47537052423349396
353.55509619410697	2.077218721703782	0.4753828338133593
353.55906012981313	2.077236630705148	0.4753951430712395
353.5630241099615	2.077254539382165	0.4754074520071482
353.56698813455256	2.0772724477348405	0.4754197606211005
353.57095220358684	2.077290355763182	0.4754320689131102
353.574916317065	2.077308263467198	0.47544437688319224
353.5788804749874	2.0773261708468955	0.4754566845313603
353.5828446773545	2.0773440779022834	0.47546899185762964
353.5868089241668	2.077361984633368	0.4754812988620136
353.5907732154248	2.0773798910401586	0.47549360554452685
353.59473755112924	2.077397797122663	0.4755059119051845
353.59870193128035	2.0774157028808884	0.47551821794400007
353.60266635587857	2.0774336083148426	0.47553052366098786
353.6066308249246	2.077451513424533	0.4755428290561627
353.610595338419	2.0774694182099696	0.47555513412953887
353.6145598963619	2.077487322671158	0.47556743888113007
353.61852449875425	2.077505226808107	0.4755797433109519
353.6224891455962	2.077523130620824	0.47559204741901745
353.6264538368884	2.0775410341093177	0.47560435120534184
353.63041857263136	2.0775589372735945	0.4756166546699389
353.6343833528256	2.077576840113664	0.47562895781282355
353.6383481774714	2.077594742629532	0.4756412606340095
353.64231304656954	2.0776126448212087	0.47565356313351165
353.6462779601204	2.0776305466887006	0.47566586531134386
353.6502429181245	2.077648448232015	0.475678167167521
353.6542079205823	2.077666349451161	0.4756904687020567
353.65817296749424	2.0776842503461457	0.47570276991496624
353.66213805886093	2.077702150916977	0.4757150708062629
353.6661031946829	2.0777200511636633	0.4757273713759618
353.67006837496047	2.0777379510862115	0.47573967162407693
353.67403359969444	2.0777558506846305	0.47575197155062293
353.6779988688849	2.0777737499589275	0.47576427115561354
353.6819641825327	2.0777916489091104	0.4757765704390637
353.68592954063814	2.0778095475351868	0.47578886940098736
353.68989494320186	2.077827445837165	0.47580116804139927
353.6938603902242	2.077845343815053	0.47581346636031296
353.6978258817057	2.0778632414688576	0.47582576435774354
353.70179141764703	2.0778811387985883	0.4758380620337052
353.70575699804846	2.077899035804251	0.47585035938821196
353.70972262291065	2.0779169324858553	0.4758626564212785
353.713688292234	2.0779348288434076	0.4758749531329188
353.7176540060191	2.0779527248769174	0.4758872495231474
353.72161976426634	2.077970620586391	0.47589954559197856
353.7255855669763	2.077988515971837	0.4759118413394267
353.7295514141494	2.078006411033263	0.4759241367655058
353.7335173057862	2.078024305770677	0.47593643187023077
353.73748324188716	2.078042200184086	0.4759487266536153
353.7414492224529	2.0780600942734995	0.4759610211156743
353.7454152474838	2.078077988038924	0.47597331525642156
353.74938131698036	2.078095881480368	0.47598560907587156
353.753347430943	2.078113774597839	0.4759979025740387
353.7573135893725	2.0781316673913452	0.4760101957509373
353.761279792269	2.0781495598608934	0.47602248860658175
353.7652460396333	2.0781674520064928	0.47603478114098613
353.76921233146567	2.078185343828151	0.4760470733541647
353.7731786677668	2.078203235325875	0.4760593652461322
353.7771450485371	2.078221126499673	0.4760716568169025
353.7811114737771	2.0782390173495537	0.47608394806649024
353.7850779434872	2.0782569078755233	0.47609623899490944
353.78904445766784	2.0782747980775906	0.4761085296021743
353.79301101631984	2.0782926879557646	0.47612081988829974
353.79697761944345	2.078310577510051	0.4761331098532995
353.80094426703926	2.0783284667404587	0.47614539949718815
353.80491095910764	2.0783463556469957	0.4761576888199798
353.80887769564936	2.078364244229669	0.47616997782168896
353.81284447666445	2.0783821324884872	0.47618226650232953
353.8168113021539	2.0784000204234583	0.4761945548619166
353.82077817211797	2.0784179080345897	0.4762068429004636
353.82474508655724	2.078435795321889	0.4762191306179853
353.82871204547206	2.0784536822853643	0.4762314180144958
353.83267904886316	2.078471568925024	0.4762437050900098
353.8366460967308	2.0784894552408746	0.47625599184454087
353.84061318907567	2.0785073412329256	0.4762682782781041
353.8445803258981	2.078525226901183	0.476280564390713
353.8485475071987	2.0785431122456566	0.4762928501823825
353.85251473297797	2.078560997266353	0.47630513565312643
353.8564820032364	2.0785788819632804	0.4763174208029596
353.8604493179744	2.078596766336446	0.4763297056318957
353.86441667719265	2.078614650385859	0.47634199013994943
353.8683840808914	2.0786325341115255	0.476354274327135
353.87235152907147	2.0786504175134546	0.4763665581934666
353.87631902173297	2.0786683005916538	0.4763788417389586
353.88028655887683	2.0786861833461314	0.4763911249636253
353.8842541405031	2.078704065776894	0.47640340786748064
353.88822176661273	2.0787219478839507	0.47641569045053955
353.8921894372058	2.0787398296673083	0.4764279727128156
353.896157152283	2.078757711126975	0.47644025465432344
353.90012491184496	2.0787755922629594	0.4764525362750778
353.904092715892	2.078793473075269	0.47646481757509196
353.90806056442466	2.0788113535639106	0.4764770985543811
353.91202845744345	2.078829233728893	0.4764893792129588
353.9159963949488	2.0788471135702236	0.47650165955084
353.9199643769413	2.078864993087911	0.4765139395680381
353.92393240342153	2.078882872281962	0.47652621926456845
353.9279004743898	2.0789007511523847	0.47653849864044445
353.9318685898467	2.078918629699188	0.47655077769568105
353.93583674979266	2.078936507922378	0.47656305643029173
353.9398049542284	2.078954385821964	0.47657533484429165
353.9437732031541	2.078972263397953	0.4765876129376941
353.9477414965705	2.0789901406503537	0.47659989071051423
353.95170983447787	2.079008017579172	0.4766121681627657
353.95567821687706	2.0790258941844186	0.4766244452944632
353.95964664376817	2.0790437704660985	0.47663672210562064
353.96361511515204	2.079061646424221	0.4766489985962527
353.9675836310289	2.079079523833387	0.47666128250671125
353.97155219139944	2.079097401407491	0.4766735682270025
353.975520796264	2.079115278658067	0.47668585362649646
353.97948944562336	2.0791331555851222	0.47669813870520805
353.9834581394777	2.0791510321886646	0.47671042346315057
353.98742687782755	2.0791689084687017	0.476722707900339
353.9913956606736	2.079186784425242	0.47673499201678765
353.99536448801626	2.0792046600582927	0.47674727581251036
353.9993333598561	2.079222535367862	0.4767595592875219
354.0033022761934	2.079240410353958	0.47677184244183585
354.0072712370289	2.0792582850165875	0.47678412527546726
354.0112402423628	2.079276159355759	0.4767964077884298
354.01520929219595	2.0792940333714807	0.47680868998073817
354.01917838652867	2.07931190706376	0.476820971852406
354.0231475253616	2.0793297804326043	0.4768332534034486
354.0271167086949	2.079347653478022	0.4768455346338792
354.03108593652945	2.079365526200021	0.4768578155437127
354.0350552088655	2.0793833985986088	0.4768700961329629
354.0390245257038	2.079401270673793	0.4768823764016446
354.04299388704453	2.0794191424255817	0.47689465634977163
354.0469632928884	2.0794370138539833	0.4769069359773584
354.0509327432359	2.0794548849590044	0.4769192152844191
354.05490223808744	2.0794727557406545	0.47693149427096815
354.05887177744347	2.0794906261989397	0.4769437729370195
354.0628413613047	2.0795084963338684	0.47695605128258783
354.06681098967147	2.0795263661454486	0.476968329307687
354.0707806625444	2.079544235633689	0.4769806070123316
354.0747503799238	2.0795621047985953	0.4769928843965354
354.0787201418102	2.0795799736401768	0.477005161460313
354.0826899482044	2.0795978421584413	0.4770174382036789
354.0866597991066	2.079615710353397	0.47702971462664717
354.09062969451725	2.07963357822505	0.4770419907292316
354.09459963443703	2.0796514457734094	0.4770542665114468
354.0985696188665	2.079669312998483	0.47706654197330733
354.10253964780594	2.0796871799002785	0.4770788171148268
354.10650972125603	2.0797050464788036	0.47709109193602006
354.1104798392171	2.0797229127340664	0.47710336643690066
354.1144500016898	2.0797407786660744	0.47711564061748374
354.11842020867454	2.0797586442748353	0.4771279144777826
354.1223904601718	2.079776509560357	0.4771401880178123
354.1263607561822	2.0797943745226477	0.4771524612375864
354.1303310967062	2.0798122391617153	0.4771647341371197
354.13430148174416	2.079830103477567	0.4771770067164259
354.1382719112967	2.079847967470211	0.4771892789755197
354.1422423853644	2.0798658311396547	0.47720155091441524
354.1462129039477	2.079883694485907	0.47721382253312655
354.1501834670469	2.079901557508974	0.477226093831668
354.1541540746627	2.0799194202088653	0.4772383648100539
354.15812472679556	2.0799372825855875	0.47725063546829816
354.1620954234461	2.079955144639149	0.47726290580641567
354.1660661646145	2.0799730063695567	0.47727517582441986
354.1700369503016	2.07999086777682	0.47728744552232555
354.17400778050774	2.0800087288609457	0.47729971490014667
354.1779786552334	2.080026589621942	0.47731198395789753
354.1819495744791	2.0800444500598156	0.4773242526955925
354.18592053824534	2.080062310174576	0.4773365211132453
354.1898915465327	2.08008016996623	0.47734878921087076
354.19386259934157	2.0800980294347857	0.47736105698848275
354.1978336966726	2.080115888580251	0.477373324446096
354.201804838526	2.080133747402633	0.4773855915837238
354.2057760249026	2.0801516059019405	0.4773978584013813
354.20974725580254	2.080169464078181	0.4774101248990821
354.2137185312268	2.080187321931362	0.47742239107684104
354.21768985117535	2.0802051794614913	0.47743465693467146
354.2216612156492	2.0802230366685777	0.4774469224725884
354.2256326246485	2.080240893552628	0.4774591876906054
354.22960407817374	2.08025875011365	0.4774714525887374
354.2335755762256	2.080276606351652	0.47748371716699806
354.23754711880457	2.0802944622666417	0.4774959814254018
354.24151870591095	2.0803123178586262	0.4775082453639627
354.24549033754545	2.080330173127615	0.4775205089826952
354.2494620137084	2.080348028073614	0.47753277228161317
354.2534337344005	2.0803658826966323	0.47754503526073144
354.2574054996221	2.080383736996677	0.4775572979200633
354.2613773093738	2.080401590973756	0.4775695602596239
354.2653491636559	2.080419444627877	0.4775818222794267
354.26932106246915	2.0804372979590493	0.47759408397948644
354.27329300581385	2.080455150967279	0.47760634535981683
354.27726499369066	2.080473003652574	0.4776186064204324
354.28123702610003	2.0804908560149427	0.4776308671613476
354.28520910304235	2.080508708054393	0.47764312758257604
354.28918122451825	2.080526559770932	0.4776553876841324
354.2931533905281	2.0805444111645683	0.4776676474660305
354.2971256010726	2.0805622622353095	0.47767990692828505
354.3010978561521	2.080580112983163	0.4776921660709096
354.30507015576717	2.0805979634081373	0.4777044248939189
354.3090424999181	2.0806158135102395	0.4777166833973267
354.3130148886057	2.080633663289478	0.4777289415811476
354.31698732183037	2.0806515127458605	0.47774119944539545
354.32095979959246	2.080669361879394	0.4777534569900849
354.3249323218926	2.0806872106900873	0.47776571421522956
354.32890488873136	2.080705059177948	0.4777779711208441
354.33287750010896	2.080722907342983	0.47779022770694235
354.3368501560263	2.080740755185202	0.4778024839735388
354.3408228564835	2.080758602704611	0.4778147399206474
354.34479560148134	2.080776449901219	0.4778269955482826
354.3487683910201	2.080794296775033	0.4778392508564582
354.3527412251005	2.080812143326061	0.477851505845189
354.35671410372277	2.080829989554311	0.47786376051448826
354.3606870268877	2.0808478354597906	0.47787601486437126
354.3646599945955	2.080865681042508	0.47788826889485125
354.36863300684695	2.080883526302471	0.477900522605943
354.3726060636424	2.080901371239687	0.4779127759976603
354.37657916498245	2.0809192158541636	0.4779250290700178
354.3805523108673	2.0809370601459087	0.47793728182302914
354.38452550129773	2.080954904114931	0.4779495342567086
354.3884987362743	2.0809727477612374	0.47796178637107106
354.3924720157973	2.080990591084836	0.47797403816612954
354.39644533986734	2.081008434085735	0.47798628964189926
354.40041870848484	2.0810262767639416	0.4779985407983936
354.4043921216505	2.081044119119464	0.47801079163562743
354.4083655793645	2.081061961152309	0.4780230421536144
354.41233908162764	2.081079802862486	0.4780352923523689
354.41631262844027	2.081097644250002	0.478047542231905
354.4202862198029	2.081115485314865	0.47805979179223707
354.424259855716	2.0811333260570817	0.47807204103337897
354.4282335361802	2.0811511664766615	0.4780842899553454
354.4322072611958	2.0811690065736115	0.4780965385581496
354.4361810307635	2.08118684634794	0.4781087868418068
354.44015484488364	2.0812046857996536	0.4781210348063303
354.4441287035568	2.0812225249287613	0.478133282451735
354.44810260678355	2.0812403637352705	0.47814552977803426
354.45207655456426	2.0812582022191886	0.4781577767852431
354.45605054689946	2.0812760403805237	0.478170023473375
354.46002458378973	2.0812938782192845	0.4781822698424445
354.4639986652354	2.081311715735477	0.4781945158924655
354.46797279123723	2.0813295529291107	0.4782067616234525
354.4719469617954	2.0813473898001926	0.47821900703541925
354.4759211769106	2.0813652263487303	0.47823125212837986
354.47989543658343	2.0813830625747323	0.4782434969023493
354.4838697408141	2.0814008984782055	0.4782557413573406
354.4878440896034	2.0814187340591586	0.47826798549336896
354.4918184829517	2.0814365693175985	0.47828022931044784
354.49579292085946	2.081454404253534	0.4782924728085918
354.4997674033272	2.081472238866972	0.4783047159878144
354.50374193035555	2.0814900731579216	0.47831695884813047
354.5077165019448	2.0815079071263884	0.4783292013895538
354.51169111809554	2.0815257407723826	0.4783414436120985
354.5156657788084	2.0815435740959103	0.47835368551577884
354.51964048408365	2.0815614070969803	0.47836592710060905
354.52361523392193	2.0815792397755994	0.4783781683666032
354.5275900283238	2.0815970721317765	0.4783904093137754
354.5315648672895	2.081614904165519	0.47840264994213944
354.53553975081985	2.0816327358768345	0.47841489025171036
354.5395146789151	2.0816505672657306	0.47842713024250133
354.5434896515759	2.081668398332216	0.4784393699145272
354.5474646688027	2.0816862290762974	0.4784516092678017
354.55143973059603	2.0817040594979836	0.4784638483023391
354.5554148369563	2.0817218895972815	0.47847608701815353
354.5593899878841	2.0817397193741995	0.47848832541525926
354.56336518337986	2.081757548828745	0.4785005634936701
354.56734042344414	2.081775377960926	0.47851280125340045
354.5713157080774	2.081793206770751	0.47852503869446444
354.57529103728024	2.0818110352582266	0.4785372758168762
354.5792664110529	2.081828863423361	0.4785495126206495
354.58324182939623	2.081846691266162	0.4785617491057989
354.5872172923105	2.081864518786638	0.4785739852723386
354.5911927997962	2.0818823459847957	0.4785862211202823
354.595168351854	2.081900172860644	0.4785984566496446
354.5991439484842	2.08191799941419	0.47861069186043914
354.6031195896874	2.081935825645442	0.47862292675268053
354.60709527546425	2.0819536515544073	0.47863516132638234
354.611071005815	2.0819714771410935	0.4786473955815594
354.61504678074016	2.0819893024055087	0.47865962951822516
354.6190226002404	2.0820071273476617	0.47867186313639415
354.622998464316	2.0820249519675587	0.4786840964360801
354.6269743729679	2.0820427762652085	0.47869632941729784
354.630950326196	2.082060600240618	0.47870856208006074
354.63492632400124	2.0820784238937966	0.4787207944243835
354.63890236638383	2.08209624722475	0.47873302645027965
354.6428784533446	2.0821140702334877	0.4787452581577638
354.6468545848837	2.0821318929200165	0.4787574895468496
354.65083076100194	2.082149715284345	0.4787697206175519
354.6548069816995	2.08216753732648	0.4787819513698841
354.65878324697724	2.0821853590464303	0.47879418180386074
354.6627595568353	2.082203180444203	0.4788064119194954
354.6667359112745	2.082221001519806	0.478818641716803
354.670712310295	2.082238822273247	0.4788308711957969
354.6746887538976	2.0822566427045346	0.4788431003564914
354.6786652420828	2.082274462813676	0.4788553291989012
354.6826417748508	2.0822922826006782	0.4788675577230397
354.6866183522024	2.0823101020655503	0.4788797859289213
354.690594974138	2.0823279212082997	0.47889201381655977
354.6945716406581	2.0823457400289347	0.4789042413859699
354.698548351763	2.0823635585274616	0.47891646863716497
354.70252510745365	2.0823813767038892	0.4789286955701598
354.70650190773017	2.082399194558225	0.4789409221849681
354.71047875259325	2.0824170120904775	0.47895314848160414
354.71445564204316	2.0824348293006536	0.4789653744600818
354.7184325760807	2.082452646188762	0.4789776001204154
354.72240955470613	2.082470462754809	0.4789898254626188
354.72638657792015	2.0824882789988037	0.47900205048670663
354.7303636457231	2.0825060949207534	0.47901427519269224
354.7343407581156	2.0825239105206665	0.4790264995805902
354.73831791509804	2.0825417257985497	0.47903872365041456
354.74229511667096	2.0825595407544117	0.4790509474021793
354.7462723628348	2.08257735538826	0.4790631708358984
354.75024965359034	2.082595169700103	0.4790753939515865
354.75422698893766	2.0826129836899465	0.4790876167492569
354.7582043688776	2.0826307973578007	0.4790998392289244
354.76218179341043	2.0826486107036715	0.4791120613906024
354.7661592625368	2.082666423727568	0.4791242832343055
354.7701367762572	2.0826842364294977	0.479136504760048
354.774114334572	2.0827020488094683	0.47914872596784336
354.77809193748186	2.0827198608674866	0.47916094685770594
354.7820695849871	2.082737672603562	0.4791731674296496
354.78604727708847	2.0827554840177016	0.47918538768368923
354.7900250137862	2.082773295109913	0.4791976076198379
354.79400279508104	2.0827911058802044	0.4792098272381102
354.7979806209733	2.082808916328583	0.47922204653852024
354.8019584914636	2.0828267264550573	0.479234265521082
354.8059364065523	2.082844536259634	0.4792464841858093
354.80991436624004	2.0828623457423228	0.47925870253271674
354.81389237052724	2.0828801549031293	0.47927092056181786
354.81787041941453	2.082897963742063	0.4792831382731273
354.82184851290214	2.0829157722591303	0.4792953556666586
354.82582665099096	2.0829335804543403	0.47930757274242625
354.829804833681	2.0829513883276993	0.47931978950044385
354.8337830609732	2.082969195879217	0.47933200594072606
354.83776133286784	2.0829870031088995	0.47934422206328653
354.84173964936554	2.0830048100167553	0.4793564378681396
354.8457180104666	2.083022616602792	0.47936865335529866
354.8496964161718	2.0830404228670174	0.4793808685247791
354.8536748664814	2.0830582288094392	0.47939308337659353
354.857653361396	2.083076034430066	0.47940529791075703
354.86163190091605	2.083093839728905	0.47941751212728306
354.8656104850422	2.0831116447059634	0.47942972602618616
354.8695891137747	2.0831294493612496	0.47944193960747994
354.8735677871142	2.0831472536947713	0.4794541528711787
354.87754650506133	2.0831650577065366	0.47946636581729685
354.8815252676164	2.083182861396552	0.47947857844584785
354.8855040747799	2.0832007330795395	0.47949108755756686
354.8894829265523	2.083222882429713	0.47952218185916473
354.89346182293446	2.0832450316041227	0.4795532751342583
354.89744076392645	2.0832671806027423	0.4795843673828972
354.90141974952894	2.083289329425545	0.4796154586051344
354.90539877974237	2.0833114780725035	0.4796465488010191
354.90937785456737	2.083333626543592	0.4796776379706049
354.9133569740043	2.0833557748387834	0.4797087261139412
354.91733613805377	2.083377922958052	0.47973981323108067
354.92131534671614	2.0834000709013694	0.4797708993220735
354.92529459999224	2.0834222186687104	0.4798019843869721
354.92927389788207	2.083444366260048	0.47983306842582635
354.9332532403866	2.0834665136753556	0.479864151438689
354.9372326275059	2.0834886609146057	0.47989523342560997
354.94121205924085	2.0835108079777735	0.4799263143866415
354.94519153559173	2.0835329548648307	0.4799573943218344
354.9491710565591	2.083555101575752	0.4799884732312404
354.9531506221435	2.08357724811051	0.4800195511149099
354.9571302323454	2.0835993944690783	0.4800506279728952
354.9611098871652	2.08362154065143	0.4800817038052466
354.96508958660354	2.0836436866575387	0.48011277861201584
354.969069330661	2.083665832487379	0.4801438523932549
354.9730491193378	2.0836879781409223	0.48017492514901355
354.97702895263467	2.083710123618144	0.4802059968793442
354.98100883055196	2.083732268919016	0.48023706758429724
354.98498875309036	2.0837544140435127	0.480268137263925
354.98896872025017	2.0837765589916066	0.4802992059182776
354.99294873203206	2.083798703763273	0.4803302735474075
354.99692878843626	2.083820848358483	0.4803613401513641
355.0009088894637	2.0838429927772117	0.4803924057302008
355.00488903511445	2.0838651370194317	0.4804234702839668
355.0088692253893	2.0838872810851177	0.4804545338127151
355.0128494602885	2.0839094249742414	0.4804855963164955
355.0168297398129	2.083931568686778	0.48051665779536074
355.0208100639627	2.0839537122226997	0.4805477182493603
355.0247904327385	2.0839758555819805	0.48057877767854684
355.02877084614084	2.0839979987645942	0.4806098360829708
355.0327513041701	2.084020141770514	0.4806408934626836
355.0367318068269	2.0840422845997137	0.48067194981773637
355.0407123541118	2.0840644272521667	0.4807030051481811
355.04469294602495	2.0840865697278455	0.48073405945406744
355.04867358256735	2.0841087120267257	0.4807651127354484
355.05265426373904	2.084130854148779	0.4807961649923731
355.0566349895409	2.08415299609398	0.48082721622489494
355.0606157599732	2.0841751378623012	0.4808582664330635
355.06459657503655	2.0841972794537176	0.48088931561693143
355.0685774347313	2.0842194208682017	0.48092036377654807
355.072558339058	2.084241562105727	0.4809514109119656
355.07653928801744	2.0842637031662683	0.4809824570232364
355.08052028160967	2.084285844049797	0.48101350211040933
355.0845013198355	2.0843079847562893	0.48104454617353765
355.08848240269526	2.084330125285716	0.4810755892126709
355.0924635301897	2.0843522656380538	0.4811066312278619
355.096444702319	2.084374405813273	0.48113767221916
355.1004259190839	2.0843965458113503	0.4811687121866183
355.10440718048466	2.0844186856322566	0.4811997511302858
355.108388486522	2.0844408252759674	0.4812307890502161
355.11236983719635	2.0844629647424555	0.481261825946458
355.1163512325083	2.0844851040316947	0.48129286181906494
355.12033267245806	2.084507243143658	0.48132389666808617
355.1243141570465	2.0845293820783204	0.48135493049357436
355.1282956862738	2.0845515208356544	0.48138596329557887
355.1322772601407	2.0845736594156343	0.48141699507415303
355.13625887864765	2.0845957978182326	0.48144802582934615
355.1402405417951	2.0846179360434247	0.481479055561211
355.14422224958344	2.084640074091183	0.48151008426979663
355.1482040020135	2.0846622119614815	0.4815411119551566
355.1521857990853	2.0846843496542933	0.4815721386173402
355.1561676407998	2.0847064871695933	0.4816031642563999
355.1601495271573	2.084728624507354	0.4816341888723859
355.16413145815824	2.084750761667549	0.48166521246534905
355.16811343380334	2.084772898650154	0.4816962350353424
355.17209545409264	2.08479503545514	0.48172725658241455
355.17607751902733	2.084817172082483	0.48175827710661906
355.18005962860735	2.0848393085321546	0.481789296608005
355.1840417828334	2.0848614448041305	0.48182031508662465
355.18802398170595	2.0848835808983828	0.48185133254252865
355.19200622522555	2.0849057168148857	0.481882348975769
355.1959885133926	2.0849278525536135	0.4819133643863955
355.19997084620775	2.0849499881145395	0.48194437877446034
355.20395322367136	2.0849721234976366	0.4819753921400139
355.2079356457841	2.0849942587028805	0.4820064044831082
355.21191811254624	2.085016393730243	0.4820374158037929
355.2159006239585	2.085038528579699	0.48206842610212114
355.21988318002116	2.085060663251222	0.4820994353781418
355.22386578073497	2.085082797744785	0.48213044363190766
355.22784842610014	2.085104932060363	0.4821614508634686
355.2318311161174	2.085127066197929	0.4821924570728775
355.2358138507873	2.0851492001574563	0.4822234622601831
355.23979663011016	2.0851713339389204	0.4822544664254388
355.24377945408645	2.085193467542293	0.4822854695686936
355.2477623227168	2.0852156009675498	0.4823164716900003
355.25174523600174	2.085237734214663	0.482347472789409
355.2557281939416	2.0852598672836065	0.4823784728669707
355.2597111965371	2.085282000174356	0.48240947192273775
355.26369424378873	2.0853041328868835	0.48244046995676015
355.26767733569665	2.085326265421163	0.4824714669690885
355.2716604722616	2.0853483977771683	0.4825024629597743
355.2756436534843	2.085370529954874	0.4825334579288702
355.27962687936486	2.085392661954253	0.4825644518764246
355.28361014990406	2.0854147937752803	0.48259544480249106
355.2875934651022	2.085436925417928	0.48262643670711874
355.2915768249599	2.0854590568821716	0.48265742759036007
355.2955602294776	2.0854811881679836	0.48268841745226504
355.29954367865594	2.085503319275339	0.4827194062928854
355.3035271724952	2.0855254502042113	0.4827503941122716
355.30751071099604	2.0855475809545743	0.48278138091047595
355.3114942941589	2.085569711526401	0.48281236668754773
355.3154779219844	2.0855918419196673	0.48284335144353996
355.3194615944727	2.0856139721343445	0.4828743351785015
355.3234453116248	2.085636102170409	0.4829053178924853
355.3274290734408	2.085658232027833	0.4829362995855412
355.3314128799214	2.085680361706591	0.48296728025772123
355.33539673106696	2.085702491206656	0.482998259909075
355.3393806268782	2.085724620528004	0.48302923853965557
355.34336456735537	2.085746749670607	0.4830602161495118
355.3473485524991	2.0857688786344393	0.4830911927386966
355.35133258230985	2.0857910074194748	0.4831221683072596
355.35531665678826	2.0858131360256884	0.4831531428552529
355.3593007759345	2.0858352644530522	0.4831841163827261
355.3632849397494	2.085857392701542	0.4832150888897313
355.3672691482335	2.085879520771131	0.4832460603763205
355.3712534013869	2.0859016486617925	0.48327703084254225
355.3752376992105	2.0859237763735017	0.48330800028844995
355.3792220417046	2.0859459039062314	0.48333896871409276
355.3832064288698	2.0859680312599562	0.48336993611952345
355.3871908607065	2.0859901584346496	0.48340090250479106
355.39117533721526	2.0860122854302863	0.4834318678699484
355.39515985839654	2.086034412246839	0.48346283221504477
355.39914442425095	2.086056538884283	0.483493795540133
355.40312903477883	2.0860786653425922	0.4835247578452628
355.4071136899809	2.08610079162174	0.483555719130486
355.4110983898574	2.0861229177217	0.48358667939585237
355.415083134409	2.0861450436424476	0.48361763864141427
355.41906792363613	2.0861671693839545	0.4836485968672216
355.4230527575394	2.0861892949461978	0.4836795540733263
355.4270376361191	2.0862114203291484	0.48371051025977857
355.43102255937595	2.086233545532783	0.48374146542663016
355.4350075273103	2.0862556705570734	0.48377241957393097
355.43899253992276	2.0862777954019953	0.4838033727017334
355.4429775972138	2.0862999200675216	0.48383432481008676
355.44696269918387	2.0863220445536275	0.48386527589904377
355.4509478458335	2.0863441688602853	0.483896225968654
355.4549330371632	2.0863662929874702	0.48392717501896876
355.45891827317354	2.086388416935157	0.48395812305004027
355.4629035538649	2.0864105407033184	0.48398907006191805
355.46688887923773	2.086432664291929	0.4840200160546529
355.47087424929276	2.086454787700962	0.4840509610282964
355.4748596640303	2.0864769109303936	0.4840819049828999
355.4788451234509	2.0864990339801954	0.48411284791851333
355.4828306275552	2.0865211568503437	0.48414378983518913
355.4868161763435	2.0865432795408108	0.4841747307329765
355.4908017698163	2.086565402051572	0.4842056706119278
355.49478740797423	2.0865875243826	0.48423660947209307
355.49877309081774	2.086609646533871	0.48426754731352395
355.5027588183473	2.086631768505357	0.4842984841362702
355.5067445905635	2.086653890297033	0.4843294199403848
355.5107304074667	2.0866760119088736	0.4843603547259163
355.5147162690576	2.0866981333408523	0.48439128849291785
355.5187021753364	2.086720254592943	0.4844222212414382
355.52268812630393	2.086742375665121	0.4844531529715305
355.52667412196047	2.086764496557359	0.4844840836832434
355.53066016230673	2.086786617269632	0.4845150133766304
355.5346462473429	2.0868087378019133	0.4845459420517402
355.53863237706975	2.086830858154179	0.4845768697086246
355.5426185514877	2.0868529783264007	0.48460779634733464
355.5466047705972	2.0868750983185547	0.48463872196792107
355.55059103439874	2.0868972181306136	0.48466964657043454
355.554577342893	2.086919337762552	0.48470057015492685
355.5585636960803	2.086941457214345	0.4847314927214475
355.562550093961	2.0869635764859655	0.48476241427004807
355.56653653653603	2.086985695577389	0.4847933348007804
355.57052302380555	2.087007814488588	0.4848242543136936
355.5745095557703	2.0870299332195383	0.4848551728088408
355.57849613243053	2.0870520517702134	0.4848860902862704
355.5824827537869	2.0870741701405877	0.48491700674603544
355.5864694198398	2.0870962883306348	0.48494792218818505
355.5904561305899	2.08711840634033	0.48497883661277175
355.59444288603754	2.087140524169646	0.4850097500198454
355.5984296861834	2.087162641818559	0.48504066240945715
355.6024165310277	2.0871847592870414	0.48507157378165716
355.6064034205712	2.0872068765750686	0.485102484136498
355.61039035481423	2.087228993682614	0.4851333934740292
355.6143773337575	2.0872511106096527	0.485164301794302
355.6183643574012	2.087273227356158	0.4851952090973668
355.6223514257462	2.0872953439221056	0.48522611538327576
355.62633853879265	2.0873174603074682	0.48525702065207804
355.6303256965414	2.0873395765122207	0.4852879249038262
355.6343128989925	2.0873616925363376	0.4853188281385695
355.63830014614695	2.087383808379793	0.48534973035636025
355.6422874380049	2.0874059240425606	0.48538063155724825
355.646274774567	2.0874280395246156	0.4854115317412853
355.6502621558337	2.087450154825932	0.4854424309085208
355.6542495818055	2.087472269946484	0.4854733290590068
355.658237052483	2.0874943848862455	0.4855042261927944
355.66222456786653	2.0875164996451914	0.4855351223099333
355.6662121279568	2.087538614223296	0.4855660174104751
355.6701997327541	2.0875607286205335	0.4855969114944706
355.67418738225905	2.087582842836878	0.48562780456197074
355.67817507647214	2.087604956872304	0.4856586966130255
355.68216281539384	2.0876270707267857	0.48568958764768705
355.68615059902464	2.087649184400297	0.48572047766600496
355.6901384273652	2.087671297892814	0.4857513666680315
355.6941263004157	2.0876934112043086	0.48578225465381564
355.698114218177	2.0877155243347576	0.48581314162340994
355.7021021806493	2.087737637284133	0.4858440275768639
355.70609018783335	2.0877597500524114	0.4858749125142296
355.7100782397295	2.087781862639565	0.4859057964355563
355.71406633633836	2.0878039750455697	0.4859366793408966
355.7180544776602	2.087826087270399	0.4859675612302999
355.7220426636958	2.0878452378378425	0.4859857194513676
355.72603089444544	2.087862979305065	0.4859978249611927
355.7300191699099	2.087880720451526	0.48600993015793514
355.73400749008937	2.0878984612772338	0.4860220350416082
355.73799585498455	2.087916201782197	0.4860341396122257
355.7419842645958	2.0879339419664213	0.48604624386980144
355.7459727189238	2.0879516818299164	0.4860583478143496
355.74996121796886	2.087969421372689	0.48607045144588323
355.7539497617316	2.0879871605947473	0.48608255476441653
355.75793835021244	2.088004899496099	0.4860946577699633
355.76192698341197	2.0880226380767524	0.48610676046253715
355.7659156613307	2.0880403763367146	0.48611886284215233
355.76990438396905	2.088058114275994	0.4861309649088218
355.77389315132757	2.0880758518945983	0.48614306666256
355.77788196340674	2.088093589192535	0.48615516810338044
355.78187082020713	2.0881113261698125	0.4861672692312969
355.78585972172914	2.0881290628264373	0.4861793700463232
355.7898486679734	2.088146799162419	0.4861914705484733
355.79383765894016	2.0881645351777642	0.4862035707377603
355.7978266946302	2.088182270872481	0.4862156706141988
355.8018157750438	2.088200006246577	0.48622777017780183
355.8058049001817	2.088217741300061	0.48623986942858377
355.8097940700442	2.0882354760329394	0.48625196836655826
355.81378328463194	2.088253210445221	0.4862640669917387
355.81777254394524	2.088270944536913	0.48627616530413914
355.8217618479848	2.088288678308024	0.48628826330377334
355.825751196751	2.0883064117585612	0.4863003609906547
355.82974059024446	2.088324144888533	0.4863124583647976
355.8337300284655	2.0883418776979457	0.4863245554262153
355.8377195114148	2.0883596101868087	0.486336652174922
355.84170903909273	2.0883773423551295	0.4863487486109308
355.84569861149987	2.0883950742029156	0.4863608447342561
355.84968822863664	2.088412805730174	0.4863729405449114
355.8536778905036	2.0884305369369143	0.4863850360429103
355.85766759710134	2.0884482678231433	0.48639713122826683
355.8616573484302	2.0884659983888683	0.4864092261009946
355.8656471444908	2.0884837286340985	0.48642132066110755
355.86963698528353	2.088501458558841	0.4864334149086189
355.87362687080906	2.088519188163103	0.4864455088435433
355.8776168010677	2.088536917446893	0.48645760246589337
355.88160677606004	2.088554646410219	0.48646969577568383
355.88559679578657	2.088572375053088	0.4864817887729278
355.8895868602479	2.0885901033755085	0.4864938814576396
355.89357696944427	2.088607831377488	0.4865059738298324
355.8975671233765	2.088625559059034	0.4865180658895205
355.9015573220448	2.0886432864201554	0.4865301576367169
355.9055475654499	2.0886610134608596	0.486542249071436
355.9095378535922	2.088678740181153	0.4865543401936912
355.91352818647226	2.0886964665810455	0.48656643100349667
355.91751856409047	2.088714192660543	0.48657852150086556
355.92150898644735	2.088731918419655	0.48659061168581197
355.92549945354347	2.088749643858388	0.48660270155834945
355.9294899653794	2.088767368976751	0.48661479111849193
355.9334805219554	2.0887850937747503	0.48662688036625307
355.9374711232723	2.088802818252395	0.4866389693016467
355.94146176933026	2.0888205424096924	0.4866510579246862
355.9454524601299	2.08883826624665	0.48666314623538554
355.949443195672	2.088855989763277	0.48667523423375875
355.9534339759567	2.0888737129595794	0.4866873219198193
355.9574248009846	2.0888914358355657	0.48669940929358046
355.9614156707562	2.088909158391244	0.4867114963550565
355.96540658527215	2.088926880626622	0.4867235831042613
355.96939754453274	2.0889446025417073	0.486735669541208
355.97338854853865	2.0889623241365074	0.4867477556659111
355.9773795972902	2.0889800454110308	0.4867598414783836
355.9813706907881	2.0889977663652854	0.48677192697863975
355.9853618290326	2.089015486999278	0.4867840121666926
355.9893530120245	2.089033207313017	0.4867960970425566
355.993344239764	2.0890509273065105	0.48680818160624517
355.9973355122518	2.0890686469797664	0.48682026585777205
356.0013268294883	2.089086366332791	0.48683234979715073
356.00531819147415	2.0891040853655944	0.4868444334243955
356.00930959820965	2.0891218040781827	0.4868565167395192
356.01330104969543	2.0891395224705644	0.4868685997425365
356.01729254593204	2.0891572405427468	0.4868806824334604
356.02128408691993	2.089174958294738	0.48689276481230537
356.0252756726594	2.089192675726546	0.4869048468790843
356.0292673031513	2.0892103928381784	0.4869169286338114
356.03325897839585	2.089228109629643	0.48692901007650014
356.0372506983937	2.0892458261009477	0.48694109120716444
356.0412424631453	2.0892635422521004	0.48695317202581767
356.04523427265116	2.0892812580831084	0.48696525253247397
356.04922612691183	2.0892989735939795	0.4869773327271467
356.0532180259276	2.0893166887847223	0.48698941260984974
356.0572099696994	2.0893344036553447	0.48700149218059696
356.0612019582273	2.089352118205853	0.4870135714394018
356.0651939915121	2.0893698324362564	0.48702565038627815
356.06918606955406	2.0893875463465617	0.4870377290212395
356.07317819235396	2.0894052599367776	0.48704980734430003
356.077170359912	2.0894229732069114	0.48706188535547257
356.08116257222883	2.089440686156971	0.4870739630547718
356.08515482930494	2.0894583987869644	0.48708604044221043
356.0891471311409	2.0894761110968996	0.48709811751780313
356.09313947773705	2.089493823086783	0.4871101942815629
356.0971318690942	2.0895115347566247	0.48712227073350395
356.10112430521235	2.0895292461064296	0.4871343468736396
356.1051167860925	2.0895469571362084	0.4871464227019837
356.1091093117348	2.089564667845967	0.4871584982185498
356.11310188214003	2.0895823782357144	0.4871705734233519
356.11709449730847	2.089600088305457	0.4871826483164033
356.1210871572408	2.089617798055204	0.4871947228977181
356.1250798619373	2.0896355074849624	0.4872067971673096
356.1290726113988	2.0896532165947406	0.48721887112519174
356.1330654056254	2.089670925384545	0.48723094477137824
356.13705824461795	2.0896886338543856	0.4872430181058826
356.1410511283768	2.0897063420042676	0.4872550911287188
356.14504405690235	2.089724049834201	0.48726716383989993
356.14903703019525	2.0897417573441928	0.4872792362394406
356.1530300482561	2.0897594645342505	0.48729130832735407
356.1570231110851	2.0897771714043825	0.4873033801036532
356.16101621868296	2.089794877954596	0.4873154515683528
356.16500937105025	2.0898125841848993	0.4873275227214662
356.1690025681872	2.0898302900952994	0.487339593563007
356.1729958100946	2.089847995685805	0.4873516640929891
356.17698909677273	2.089865700956423	0.48736373431142566
356.18098242822236	2.089883405907163	0.48737580421833115
356.1849758044436	2.08990111053803	0.4873878738137184
356.1889692254374	2.089918814849035	0.4873999430976018
356.1929626912038	2.0899365188401826	0.4874120120699943
356.1969562017438	2.089954222511483	0.4874240807309104
356.20094975705734	2.0899719258629426	0.4874361490803631
356.2049433571454	2.08998962889457	0.48744821711836656
356.20893700200827	2.090007331606372	0.4874602848449341
356.21293069164653	2.090025033998358	0.4874723522600797
356.21692442606053	2.0900427360705343	0.48748441936381665
356.220918205251	2.0900604378229097	0.487496486156159
356.2249120292182	2.090078139255491	0.48750855263712006
356.2289058979628	2.090095840368287	0.48752061880671377
356.2328998114853	2.0901135411613048	0.4875326846649537
356.23689376978615	2.0901312416345523	0.4875447502118536
356.24088777286585	2.0901489417880375	0.487556815447427
356.2448818207249	2.0901666416217686	0.4875688803716877
356.2488759133638	2.090184341135752	0.48758094498464927
356.25287005078303	2.090258776580753	0.48757977446604744
356.2568642329832	2.090350597844479	0.487574548571067
356.2608584599647	2.090442414367649	0.4875693240593237
356.2648527317282	2.0905342261508126	0.48756410093047436
356.26884704827387	2.0906260331945132	0.4875588791841759
356.27284140960256	2.090717835499299	0.48755365882008544
356.2768358157145	2.090809633065711	0.4875484398378605
356.2808302666105	2.0909014258943004	0.48754322223715807
356.2848247622907	2.090993213985608	0.4875380060176358
356.28881930275594	2.091084997340182	0.4875327911789514
356.2928138880065	2.0911767759585667	0.48752757772076205
356.29680851804284	2.091268549841307	0.48752236564272594
356.30080319286566	2.091360318988948	0.487517154944501
356.3047979124755	2.0914520834020363	0.4875119456257446
356.30879267687254	2.0915438430811135	0.4875067376861156
356.31278748605763	2.0916355980267274	0.4875015311252718
356.31678234003095	2.0917273482394205	0.48749632594287157
356.3207772387933	2.09181909371974	0.4874911221385731
356.32477218234504	2.091910834468226	0.48748591971203553
356.3287671706867	2.092002570485428	0.48748071866291676
356.3327622038187	2.092094301771886	0.48747551899087593
356.33675728174165	2.092186028328148	0.4874703206955718
356.34075240445594	2.092277750154754	0.4874651237766633
356.3447475719622	2.092369467252251	0.48745992823380946
356.34874278426093	2.092461179621183	0.48745473406666934
356.3527380413525	2.0925528872620913	0.48744954127490253
356.3567333432376	2.092644590175522	0.48744434985816804
356.3607286899164	2.092736288362017	0.4874391598161255
356.3647240813899	2.0928279818221225	0.48743397114843456
356.3687195176582	2.0929196705563777	0.4874287838547548
356.37271499872196	2.09301135456533	0.4874235979347459
356.37671052458154	2.0931030338495185	0.48741841338806824
356.38070609523766	2.0931947084094906	0.48741323021438127
356.3847017106907	2.0932863782457867	0.48740804841334523
356.3886973709412	2.0933780433589515	0.48740286798462046
356.39269307598954	2.0934697037495233	0.4873976889278676
356.39668882583646	2.0935613594180524	0.48739251124274624
356.40068462048225	2.0936530103650743	0.4873873349289177
356.40468045992753	2.093744656591136	0.48738215998604223
356.4086763441727	2.0938362980967775	0.4873769864137808
356.4126722732184	2.0939279348825437	0.4873718142117939
356.41666824706493	2.094019566948973	0.4873666433797429
356.42066426571307	2.0941111942966115	0.4873614739172887
356.4246603291631	2.0942028169259985	0.48735630582409245
356.4286564374156	2.0942944348376784	0.4873511390998152
356.43265259047104	2.09438604803219	0.487345973744119
356.43664878832993	2.0944776565100773	0.4873408097566646
356.44064503099275	2.094569260271881	0.48733564713711397
356.4446413184601	2.0946608593181444	0.4873304858851287
356.44863765073245	2.0947524536494053	0.4873253260003707
356.45263402781023	2.094844043266209	0.48732016748250173
356.45663044969405	2.0949356281690954	0.48731501033118374
356.46062691638423	2.0950272083586046	0.4873098545460791
356.4646234278815	2.09511878383528	0.48730470012684995
356.4686199841862	2.095210354599659	0.4872995470731585
356.47261658529897	2.095301920652288	0.48729439538466723
356.4766132312201	2.095393481993701	0.4872892450610388
356.4806099219504	2.0954850386244455	0.4872840961019357
356.48460665749	2.095576590545056	0.4872789485070208
356.48860343783974	2.0956681377560784	0.4872738022759568
356.49260026299993	2.095759680258048	0.48726865740840697
356.4965971329712	2.0958512180515103	0.4872635139040338
356.5005940477538	2.095942751137	0.48725837176250114
356.5045910073485	2.0960342795150626	0.48725323098347173
356.5085880117557	2.096125803186234	0.4872480915666092
356.51258506097594	2.096217322151057	0.487242953511577
356.5165821550097	2.09630883641007	0.4872378168180387
356.5205792938575	2.0964003459638136	0.48723268148565807
356.5245764775197	2.0964918508128254	0.48722754751409875
356.52857370599696	2.0965833509576473	0.48722241490302465
356.53257097928974	2.096674846398817	0.48721728365209993
356.5365682973987	2.096766337136877	0.4872121537609885
356.54056566032403	2.0968578231723622	0.48720702522935483
356.5445630680663	2.0969493045058134	0.48720189805686304
356.5485605206263	2.097040781137773	0.48719677224317753
356.5525580180042	2.097132253068774	0.48719164778796314
356.5565555602008	2.097223720299362	0.4871865246908839
356.5605531472163	2.097315182830069	0.48718140295160517
356.5645507790514	2.09740664066144	0.4871762825697915
356.5685484557065	2.0974980937940075	0.48717116354510787
356.57254617718223	2.0975895422283157	0.4871660458772191
356.5765439434789	2.097680985964898	0.48716092956579077
356.5805417545973	2.097772425004298	0.48715581461048785
356.58453961053755	2.0978638593470484	0.48715070101097585
356.58853751130044	2.097955288993692	0.48714558876692005
356.5925354568864	2.098046713944763	0.48714047787798614
356.59653344729594	2.0981381342008025	0.4871353683438399
356.6005314825295	2.0982295497623453	0.487130260164147
356.6045295625877	2.0983209606299327	0.4871251533385731
356.6085276874709	2.098412366804099	0.48712004786678453
356.6125258571797	2.098503768285385	0.4871149437484471
356.6165240717146	2.098595165074324	0.4871098409832273
356.6205223310761	2.098686557171458	0.48710473957079115
356.62452063526456	2.0987779445773196	0.4870996395108051
356.6285189842808	2.0988693272924515	0.4870945408029356
356.63251737812493	2.098960705317385	0.4870894434468496
356.63651581679767	2.099052078652659	0.4870843474422136
356.6405143002996	2.099143447298813	0.4870792527886944
356.64451282863115	2.0992348112563826	0.4870741594859587
356.6485114017927	2.0993261705259014	0.4870690675336737
356.65251001978487	2.099420213049053	0.4870755627754778
356.65650868260815	2.0995151054597927	0.4870857438941829
356.66050739026304	2.099609992581313	0.48709592495873016
356.66450614275004	2.0997048744143267	0.4871061059690432
356.66850494006957	2.0997997509595407	0.48711628692504577
356.67250378222235	2.099894622217667	0.4871264678266615
356.6765026692087	2.099989488189414	0.48713664867381384
356.68050160102916	2.1000843488754937	0.487146829466427
356.6845005776842	2.100179204276612	0.48715701020442403
356.6884995991744	2.100274054393481	0.4871671908877294
356.6924986655002	2.1003688992268077	0.48717737151626644
356.6964977766622	2.1004637387773033	0.4871875520899595
356.7004969326607	2.100558573045673	0.4871977326087319
356.7044961334965	2.100653402032629	0.4872079130725082
356.7084953791698	2.1007482257388768	0.4872180934812118
356.7124946696813	2.1008430441651282	0.4872282738347671
356.7164940050314	2.1009378573120867	0.487238454133098
356.7204933852207	2.1010326651804654	0.48724863437612875
356.7244928102496	2.1011274677709673	0.4872588145637831
356.72849228011876	2.1012222650843033	0.4872689946959858
356.73249179482843	2.101317057121178	0.4872791747726604
356.7364913543794	2.101411843882302	0.48728935479373153
356.7404909587719	2.101506625368379	0.48729953475912313
356.7444906080065	2.1016014015801177	0.48730971466875994
356.74849030208395	2.101696172518227	0.487319894522566
356.7524900410044	2.1017909381834086	0.48733007432046593
356.7564898247687	2.1018856985763748	0.48734025406238407
356.76048965337696	2.1019804536978257	0.4873504337482443
356.7644895268301	2.1020752035484733	0.48736061337797204
356.76848944512824	2.102169948129019	0.4873707929514911
356.7724894082723	2.1022646874401727	0.48738097246872647
356.7764894162623	2.1023594214826358	0.4873911519296024
356.78048946909917	2.102454150257119	0.48740133133404384
356.784489566783	2.102548873764321	0.4874115106819751
356.7884897093147	2.1026435920049535	0.4874216899733215
356.79248989669463	2.1027383049797175	0.48743186920800696
356.79649012892315	2.1028330126893193	0.4874420483859569
356.80049040600096	2.1029277151344634	0.48745222750709566
356.8044907279284	2.1030224123158545	0.4874624065713484
356.808491094706	2.103117104234196	0.48747258557863976
356.8124915063344	2.1032117908901946	0.4874827645288952
356.816491962814	2.103306472284551	0.48749294342203897
356.8204924641453	2.103401148417973	0.48750312225799647
356.82449301032887	2.1034958192911604	0.48751330103669255
356.8284936013651	2.1035904849048204	0.4875234797580524
356.8324942372545	2.103685145259653	0.4875336584220009
356.8364949179977	2.1037798003563637	0.4875438370284636
356.84049564359515	2.103874450195656	0.4875540155773654
356.8444964140472	2.103969094778231	0.4875641940686313
356.8484972293546	2.104063734104794	0.4875743725021871
356.8524980895178	2.1041583681760447	0.4875845508779575
356.85649899453716	2.104252996992689	0.48759472919586805
356.8604999444132	2.104347620555424	0.4876049074558442
356.86450093914664	2.104442238864959	0.48761508565781114
356.8685019787377	2.104536851921989	0.48762526380169435
356.8725030631871	2.1046314597272215	0.48763544188741953
356.87650419249513	2.1047260622813546	0.4876456199149117
356.88050536666253	2.104820659585092	0.4876557978840969
356.8845065856896	2.1049152516391314	0.4876659757949001
356.8885078495771	2.1050098384441807	0.48767615364724776
356.89250915832514	2.1051044200009326	0.48768633144106444
356.89651051193465	2.1051989963100963	0.48769650917627677
356.9005119104058	2.105293567372365	0.48770668685280977
356.90451335373933	2.105388133188446	0.4877168644705896
356.9085148419355	2.105482693759035	0.4877270420295418
356.9125163749951	2.1055772490848343	0.4877372195295925
356.91651795291835	2.1056717991665423	0.4877473969706669
356.920519575706	2.1057663440048624	0.4877575743526916
356.9245212433584	2.1058608836004904	0.4877677516755922
356.92852295587613	2.10595541795413	0.48777792893929467
356.9325247132596	2.1060499470664764	0.48778810614372503
356.93652651550946	2.106144470938232	0.48779828328880925
356.940528362626	2.1062389895700937	0.4878084603744731
356.9445302546099	2.1063335029627615	0.48781863740064346
356.9485321914616	2.1064280111169364	0.48782881436724573
356.95253417318156	2.1065225140333133	0.48783899127420616
356.95653619977054	2.1066170117125953	0.48784916812145174
356.9605382712286	2.106711504155475	0.4878593449089076
356.9645403875566	2.1068059913626564	0.48786952163650077
356.96854254875484	2.106900473334832	0.487879698304157
356.97254475482407	2.1069949500727057	0.48788987491180325
356.9765470057645	2.10708942157697	0.4879000514593653
356.9805493015768	2.107183887848326	0.4879102279467702
356.98455164226135	2.107278348887468	0.4879204043739437
356.9885540278189	2.107372804695096	0.48793058074081286
356.9925564582497	2.1074672552719056	0.4879407570473038
356.9965589335544	2.1075617006185947	0.4879509332933432
357.0005614537333	2.107656140735858	0.4879611094788578
357.0045640187873	2.1077505756243973	0.4879712856037741
357.00856662871644	2.1078450052849016	0.4879814616680187
357.0125692835215	2.107939429718074	0.4879916376715185
357.01657198320294	2.108033848924606	0.4880018136141998
357.02057472776124	2.1081282629051974	0.4880119894959902
357.02457751719686	2.10822267166054	0.4880221653168154
357.02858035151047	2.1083170751913345	0.4880323410766031
357.0325832307023	2.1084114734982697	0.48804251677527966
357.03658615477315	2.1085058665820466	0.4880526924127723
357.0405891237233	2.1086002544433593	0.48806286798900783
357.0445921375533	2.108694637082902	0.4880730435039133
357.04859519626376	2.1087890145013697	0.4880832189574157
357.05259829985505	2.1088833866994574	0.4880933943494418
357.05660144832785	2.108977753677861	0.4881035696799193
357.06060464168235	2.1090721154372707	0.4881137449487744
357.06460787991944	2.109166471978386	0.4881239201559354
357.06861116303935	2.1092608233018972	0.4881340953013285
357.0726144910427	2.1093551694085013	0.48814427038488145
357.0766178639299	2.109449510298889	0.4881544454065211
357.0806212817016	2.1095438459737563	0.4881646203661753
357.0846247443581	2.109638176433795	0.4881747952637707
357.08862825190016	2.1097325016797015	0.48818497009923534
357.09263180432805	2.109826821712165	0.48819514487249605
357.0966354016424	2.1099211365318817	0.4882053195834807
357.10063904384356	2.1100154461395415	0.48821549423211624
357.1046427309323	2.1101097505358415	0.4882256688183308
357.1086464629089	2.110204049721469	0.48823584334205145
357.112650239774	2.1102983436971208	0.48824601780320587
357.11665406152804	2.1103926324634865	0.4882561922017218
357.1206579281715	2.1104869160212605	0.4882663665375266
357.1246618397048	2.110581194371131	0.4882765408105481
357.1286657961287	2.110675467513792	0.4882867150207141
357.1326697974435	2.110769735449938	0.48829688916795233
357.1366738436498	2.110863998180257	0.4883070632521905
357.14067793474806	2.1109582557054396	0.4883172372733561
357.14468207073867	2.1110525080261784	0.48832741123137746
357.1486862516223	2.111146755143166	0.48833758512618225
357.1526904773994	2.1112409970570902	0.4883477589576985
357.15669474807055	2.1113352337686444	0.4883579327258541
357.1606990636361	2.1114294652785173	0.48836810643057676
357.16470342409673	2.1115236915874007	0.4883782800717949
357.1687078294527	2.1116179126959826	0.4883884536494364
357.17271227970485	2.111712128604957	0.4883986271634295
357.1767167748532	2.111806339315008	0.48840880061370173
357.18072131489885	2.111900544826832	0.48841897400018225
357.1847258998418	2.1119947451411134	0.48842914732279824
357.18873052968286	2.112088940258545	0.4884393205814786
357.1927352044224	2.112183130179813	0.48844949377615116
357.1967399240609	2.1122773149056115	0.48845966690674475
357.20074468859895	2.1123714944366228	0.4884698399731868
357.2047494980371	2.1124656687735417	0.48848001297540683
357.20875435237554	2.1125598379170523	0.4884901859133323
357.21275925161524	2.1126540018678472	0.48850035878689213
357.21676419575635	2.112748160626612	0.48851053159601443
357.22076918479945	2.1128423141940362	0.488520704340628
357.22477421874515	2.1129364625708065	0.4885308770206611
357.2287792975939	2.113030605757613	0.48854104963604267
357.23278442134614	2.113124743755141	0.488551222186701
357.2367895900025	2.1132188765640794	0.4885613946725647
357.24079480356335	2.113313004185117	0.48857156709356275
357.2448000620292	2.113407126618937	0.48858173944962346
357.24880536540064	2.1135012438662324	0.48859191174067607
357.2528107136781	2.1135953559276843	0.4886020839666488
357.25681610686223	2.1136894628039844	0.4886122561274707
357.26082154495333	2.113783564495815	0.4886224282230706
357.2648270279521	2.1138776610038685	0.4886326002533776
357.26883255585875	2.1139717523288235	0.48864277221832014
357.27283812867415	2.114065838471373	0.4886529441178277
357.2768437463986	2.1141599194321987	0.48866311595182876
357.28084940903256	2.1142539952119908	0.4886732877202526
357.28485511657664	2.114348065811429	0.48868345942302804
357.28886086903134	2.114442131231205	0.4886936310600847
357.2928666663971	2.1145361914720002	0.48870380263135094
357.2968725086745	2.114630246534503	0.48871397413675655
357.3008783958639	2.1147242964193946	0.48872414557623006
357.304884327966	2.114818341127364	0.4887343169497014
357.3088903049811	2.1149123806590926	0.4887444882570992
357.31289632690994	2.115006415015269	0.48875465949835323
357.31690239375274	2.1151004441965737	0.4887648306733924
357.3209085055103	2.1151944682036943	0.48877500178214645
357.3249146621829	2.115288487037312	0.4887851728245444
357.3289208637711	2.115382500698112	0.4887953438005156
357.3329271102755	2.1154765091867813	0.4888055147099901
357.33693340169657	2.1155705125040014	0.48881568555289706
357.34093973803465	2.115664510650453	0.48882585632916553
357.3449461192904	2.1157585036268216	0.4888360270387257
357.34895254546433	2.1158524914337935	0.4888461976815069
357.35295901655684	2.115946474072047	0.48885636825743856
357.35696553256867	2.11604045154227	0.48886653876645103
357.3609720934999	2.116134423845141	0.4888767092084732
357.3649786993515	2.116228390981346	0.4888868795834353
357.36898535012364	2.1163223529515647	0.4888970498912664
357.372992045817	2.1164163097564814	0.48890722013189725
357.3769987864319	2.116510261396776	0.48891739030525694
357.3810055719692	2.1166042078731353	0.4889275604112757
357.385012402429	2.116698149186236	0.4889377304498832
357.38901927781205	2.1167920853367646	0.4889479004210098
357.3930261981188	2.1168860163253975	0.48895807032458444
357.39703316334965	2.116979942152821	0.4889682401605383
357.4010401735052	2.117073862819713	0.4889784099288006
357.40504722858606	2.1171677783267566	0.4889885796293018
357.40905432859245	2.1172616886746316	0.48899874926197184
357.41306147352515	2.1173555938640214	0.4890089188267409
357.4170686633845	2.1174494938956023	0.4890190883235388
357.42107589817107	2.1175433887700588	0.4890292577522962
357.4250831778853	2.1176372784880684	0.48903942711294324
357.42909050252786	2.1177311630503146	0.4890495964054101
357.43309787209904	2.117825042457475	0.4890597656296267
357.43710528659943	2.117918916710229	0.48906993478552396
357.44111274602966	2.11801278580926	0.4890801038730321
357.44512025039	2.1181066497552434	0.4890902728920812
357.44912779968115	2.118200508548862	0.4891004418426019
357.45313539390344	2.1182943621907926	0.4891106107245245
357.45714303305766	2.1183882106817173	0.48912077953778005
357.46115071714394	2.118482054022311	0.48913094828229814
357.46515844616306	2.118575892213257	0.4891411169580101
357.46916622011537	2.11866972525523	0.48915128556484605
357.47317403900155	2.118763553148912	0.4891614541027371
357.47718190282194	2.11885737589498	0.48917162257161334
357.481189811577	2.118951193494112	0.48918179097140585
357.4851977652674	2.119045005946985	0.4891919593020451
357.4892057638936	2.119138813254281	0.4892021275634622
357.49321380745596	2.1192326154166734	0.4892122957555874
357.4972218959553	2.119326412434843	0.4892224638783522
357.5012300293917	2.1194202043094634	0.4892326319316867
357.50523820776607	2.119513991041218	0.48924279991552244
357.5092464310786	2.1196077726307783	0.4892529678297899
357.51325469933	2.119701549078825	0.4892631356744202
357.51726301252063	2.1197953203860322	0.4892733034493443
357.5212713706511	2.1198890865530795	0.48928347115449344
357.5252797737218	2.119982847580641	0.4892936387897982
357.52928822173345	2.120076603469394	0.48930380635519005
357.53329671468634	2.1201703542200163	0.4893139738506002
357.53730525258106	2.1202640998331823	0.48932414127595936
357.54131383541807	2.1203578403095698	0.4893343086311989
357.545322463198	2.120451575649852	0.4893444759162501
357.5493311359212	2.120545305854708	0.48935464313104454
357.5533398535881	2.1206390309248087	0.4893648102755126
357.55734861619953	2.120732750860835	0.48937497734958674
357.5613574237557	2.1208264656634577	0.48938514435319735
357.5653662762573	2.1209201753333544	0.4893953112862763
357.5693751737046	2.121013879871198	0.48940547814875474
357.5733841160984	2.121107579277667	0.4894156449405644
357.57739310343896	2.1212012735534316	0.48942581166163646
357.581402135727	2.1212949626991704	0.48943597831190283
357.58541121296275	2.1213870466848563	0.48943920988985073
357.589420335147	2.121473764575969	0.489419203450545
357.59342950227995	2.1215604786667623	0.4893991995234024
357.59743871436245	2.1216471889575343	0.48937919810793845
357.60144797139475	2.121733895448577	0.4893591992036705
357.6054572733774	2.121820598140189	0.4893392028101143
357.6094666203109	2.1219072970326596	0.4893192089267879
357.61347601219603	2.12199399212629	0.4892992175532071
357.61748544903287	2.122080683421368	0.48927922868889023
357.62149493082217	2.1221673709181954	0.489259242333353
357.62550445756426	2.1222540546170605	0.48923925848611416
357.6295140292599	2.122340734518264	0.4892192771466899
357.63352364590935	2.122427410622096	0.4891992983145987
357.6375333075132	2.1225140829288525	0.48917932198935793
357.64154301407206	2.122600751438831	0.48915934817048484
357.6455527655863	2.122687416152322	0.4891393768574983
357.64956256205653	2.1227740770696246	0.4891194080499152
357.65357240348305	2.122860734191028	0.48909944174725506
357.65758228986664	2.1229473875168323	0.48907947794903495
357.6615922212076	2.123034037047328	0.4890595166547741
357.66560219750653	2.123120682782812	0.48903955786399045
357.66961221876386	2.123207324723578	0.48901960157620294
357.6736222849803	2.1232939628699223	0.48899964779092997
357.677632396156	2.1233805972221367	0.48897969650769096
357.6816425522918	2.123467227780518	0.4889597477260043
357.6856527533879	2.1235538545453583	0.48893980144538995
357.6896629994451	2.1236404775169557	0.48891985766536605
357.6936732904637	2.123727096695602	0.48889991638545266
357.69768362644436	2.123813712081593	0.48887997760516894
357.7016940073874	2.1239003236752203	0.4888600413240352
357.70570443329353	2.1239869314767845	0.4888401075415697
357.7097149041631	2.1240735354865734	0.4888201762572938
357.71372541999676	2.1241601357048867	0.4888002474707262
357.7177359807947	2.1242467321320135	0.4887803211813882
357.7217465865578	2.1243333247682537	0.48876039738879884
357.72575723728636	2.1244199136138984	0.48874047609247906
357.72976793298085	2.1245064986692417	0.4887205572919494
357.73377867364195	2.124593079934581	0.48870064098672966
357.73778945927006	2.124679657410207	0.48868072717634137
357.7418002898658	2.1247662310964186	0.48866081586030435
357.74581116542936	2.1248528009935046	0.48864090703814067
357.74982208596157	2.1249393671017645	0.4886210007093702
357.7538330514628	2.1250259294214886	0.488601096873515
357.75784406193355	2.1251124879529746	0.4885811955300955
357.7618551173743	2.125199042696512	0.4885612966786342
357.7658662177857	2.125285593652401	0.48854140031865123
357.769877363168	2.1253721408209305	0.4885215064496694
357.77388855352206	2.1254586842024006	0.4885016150712092
357.777899788848	2.125545223797099	0.48848172618279395
357.78191106914664	2.125631759605325	0.4884618397839443
357.7859223944182	2.1257182916273685	0.48844195587418354
357.7899337646635	2.125804819863529	0.4884220744530325
357.7939451798827	2.1258913443140948	0.48840219552001496
357.7979566400766	2.1259778649793657	0.48838231907465196
357.80196814524555	2.12606438185963	0.4883624451164675
357.8059796953901	2.126150894955188	0.48834257364498274
357.80999129051065	2.1262374042663277	0.48832270465972205
357.81400293060796	2.126323909793349	0.48830283816020686
357.8180146156822	2.126410411536541	0.48828297414596133
357.8220263457342	2.1264969094962	0.4882631126165083
357.8260381207642	2.1265834036726217	0.4882432535713705
357.83004994077294	2.1266698940660986	0.48822339701007167
357.83406180576065	2.1267563806769227	0.48820354293213586
357.838073715728	2.12684286350539	0.48818369133708617
357.8420856706756	2.1269293425517963	0.4881638422244461
357.84609767060374	2.127015817816432	0.4881439955937401
357.85010971551304	2.127102289299593	0.4881241514444919
357.85412180540396	2.1271887570015724	0.48810430977622565
357.85813394027707	2.127275220922667	0.4880844705884651
357.86214612013276	2.127361681063166	0.48806463388073545
357.86615834497167	2.127448137423368	0.48804479965256015
357.8701706147942	2.1275345900035623	0.48802496790346495
357.874182929601	2.1276210388040475	0.48800513863297335
357.87819528939224	2.1277074838251124	0.48798531184061134
357.88220769416887	2.127793925067056	0.4879654875259027
357.88622014393104	2.127880362530168	0.48794566568837333
357.89023263867944	2.1279667962147446	0.48792584632754793
357.8942451784145	2.1280532261210783	0.4879060294429521
357.89825776313677	2.1281396522494647	0.4878862150341107
357.9022703928467	2.128226074600195	0.48786640310054996
357.90628306754485	2.1283124931735657	0.4878465936417949
357.91029578723175	2.128398907969868	0.48782678665737184
357.91430855190777	2.128485318989398	0.487806982146806
357.9183213615735	2.1285717262324466	0.48778718010962413
357.9223342162295	2.128658129699311	0.48776738054535146
357.9263471158762	2.128744529390281	0.48774758345351515
357.93036006051403	2.128830925305652	0.48772778883364115
357.9343730501438	2.1289173174457203	0.4877079966852553
357.9383860847656	2.129003705810776	0.48768820700788496
357.9423991643803	2.1290900904011147	0.4876684198010564
357.9464122889881	2.1291764712170274	0.48764863506429706
357.95042545858973	2.129262848258812	0.4876288527971328
357.9544386731855	2.129349221526757	0.4876090729990919
357.9584519327762	2.1294355910211618	0.48758929566970016
357.962465237362	2.1295219567423134	0.48756952080848637
357.96647858694377	2.1296083186905115	0.4875497484149765
357.97049198152155	2.1296946768660447	0.48752997848869917
357.9745054210963	2.1297810312692103	0.48751021102918124
357.9785189056682	2.1298673819002985	0.4874904460359511
357.982532435238	2.129953728759606	0.48747068350853595
357.986546009806	2.1300400718474224	0.4874509234464646
357.99055962937274	2.130126411164046	0.4874311658492641
357.9945732939388	2.1302127467097662	0.4874114107164636
357.99858700350484	2.1302990784848794	0.4873916580475907
358.00260075807097	2.1303854064896752	0.4873719078421747
358.006614557638	2.1304717307244516	0.4873521600997432
358.01062840220624	2.130558051189498	0.4873324148198257
358.01464229177645	2.13064436788511	0.48731267200195055
358.01865622634887	2.1307306808115793	0.4872929316456471
358.0226702059241	2.130816989969201	0.48727319375044376
358.0266842305028	2.1309032953582685	0.4872534583158699
358.0306983000852	2.130989596979075	0.4872337253414547
358.034712414672	2.131075894831911	0.4872139948267283
358.03872657426365	2.1311621889170724	0.48719426677121935
358.04274077886066	2.1312484792348534	0.48717454117445746
358.0467550284634	2.1313347657855433	0.4871548180359732
358.05076932307264	2.13142104856944	0.48713509735529537
358.05478366268864	2.131507327586833	0.48711537913195485
358.05879804731217	2.131593602838019	0.4870956633654807
358.06281247694346	2.1316798743232876	0.4870759500554042
358.06682695158315	2.1317661420429346	0.4870562392012549
358.07084147123163	2.13185240599725	0.4870365308025641
358.07485603588964	2.131938666186532	0.48701682485886094
358.07887064555746	2.1320249226110684	0.4869971213696776
358.0828853002357	2.132111175271157	0.4869774203345436
358.0868999999248	2.1321974241670856	0.48695772175299107
358.0909147446254	2.132283669299153	0.48693802562454974
358.0949295343378	2.1323699106676477	0.48691833194875184
358.0989443690626	2.132456148272865	0.48689864072512795
358.10295924880046	2.1325423821150977	0.4868789519532097
358.1069741735517	2.132628612194639	0.4868592656325283
358.1109891433168	2.1327148385117805	0.4868395817626158
358.1150041580964	2.132801061066817	0.48681990034300343
358.1190192178908	2.1328872798600402	0.48680022137322343
358.1230343227008	2.1329734948917443	0.48678054485280736
358.12704947252666	2.13305970616222	0.4867608707812877
358.13106466736895	2.133145913671762	0.48674119915819636
358.13507990722826	2.1332321174206643	0.4867215299830654
358.1390951921049	2.1333183174092163	0.4867018632554279
358.14311052199974	2.1334045136377147	0.48668219897481557
358.1471258969129	2.1334907061064503	0.4866625371407615
358.15114131684504	2.1335768948157163	0.48664287775279846
358.15515678179673	2.1336630797658045	0.4866232208104594
358.15917229176836	2.1337492609570106	0.4866035663132767
358.1631878467605	2.133835438389623	0.4865839142607845
358.1672034467736	2.13392161206394	0.48656426465251484
358.17121909180815	2.1340077819802477	0.4865446174880024
358.1752347818648	2.1340939481388457	0.4865249727667791
358.1792505169439	2.134180110540022	0.4865053304883796
358.18326629704615	2.134266269184072	0.486485690652337
358.18728212217167	2.1343524240712854	0.4864660532581858
358.1912979923214	2.1344385752019592	0.48644641830545887
358.1953139074955	2.134524722576382	0.4864267857936912
358.1993298676949	2.1346108661948495	0.4864071557224162
358.20334587291956	2.1346970060576513	0.48638752809116886
358.2073619231704	2.1347831421650834	0.48636790289948273
358.21137801844776	2.134869274517435	0.4863482801468931
358.2153941587522	2.134955403115002	0.48632865983293383
358.21941034408405	2.135041527958074	0.4863090419571403
358.22342657444403	2.1351276490469444	0.48628942651904716
358.2274428498328	2.1352137663819093	0.4862698135181885
358.23145917025033	2.1352998799632554	0.48625020295410076
358.2354755356976	2.1353859897912804	0.4862305948263179
358.2394919461749	2.1354720958662723	0.4862109891343763
358.24350840168285	2.135558198188528	0.48619138587781036
358.2475249022218	2.135644296758336	0.48617178505615644
358.2515414477924	2.1357303915759918	0.4861521866689494
358.25555803839507	2.135816482641786	0.4861325907157256
358.2595746740305	2.135902569956013	0.48611299719602036
358.2635913546988	2.135988653518961	0.4860934061093706
358.26760808040086	2.1360747333309273	0.4860738174553113
358.27162485113695	2.136160809392202	0.48605423123337926
358.27564166690775	2.136246881703077	0.4860346474431108
358.2796585277136	2.1363329502638457	0.48601506608404227
358.2836754335552	2.1364190150748015	0.48599548715570984
358.2876923844328	2.136505076136233	0.48597591065765106
358.2917093803472	2.136591133448437	0.48595633658940174
358.2957264212986	2.1366771870117014	0.48593676495049964
358.29974350728776	2.1367632368263227	0.485917195740481
358.30376063831494	2.136849282892589	0.48589762895888367
358.3077778143809	2.136935325210797	0.4858780646052441
358.31179503548594	2.1370213637812343	0.4858585026791005
358.31581230163084	2.137107398604198	0.48583894317998944
358.3198296128157	2.1371934296799746	0.48581938610744957
358.32384696904137	2.1372794570088622	0.48579983146101735
358.3278643703082	2.137365480591148	0.48578027924023165
358.33188181661666	2.1374515004271264	0.48576072944463006
358.33589930796745	2.137537516517092	0.48574118207374994
358.3399168443608	2.1376235288613312	0.4857216371271306
358.3439344257975	2.1377095374601423	0.48570209460430913
358.3479520522778	2.1377955423138117	0.48568255450482506
358.3519697238024	2.137881543422636	0.48566301682821594
358.3559874403716	2.1379675407869034	0.4856434815740212
358.3600052019862	2.1380535344069114	0.48562394874177833
358.36402300864637	2.1381395242829444	0.4856044183310279
358.36804086035295	2.1382255104153014	0.4855848903413073
358.3720587571061	2.13831149280427	0.4855653647721565
358.37607669890673	2.1383974714501455	0.4855458416231141
358.3800946857549	2.138483446353216	0.48552632089372005
358.3841127176514	2.1385694175137773	0.48550680258351303
358.3881307945966	2.138655384932117	0.48548728669203356
358.3921489165912	2.1387413486085323	0.4854677732188199
358.3961670836355	2.13882730854331	0.4854482621634131
358.40018529573007	2.138913264736747	0.48542875352535186
358.4042035528754	2.1389992171891294	0.4854092473041774
358.4082218550721	2.139085165900755	0.4853897434994285
358.4122402023205	2.13917111087191	0.48537024211064667
358.4162585946213	2.139257052102892	0.48535074313737087
358.4202770319748	2.1393429895939877	0.48533124657914267
358.42429551438164	2.139428923345491	0.48531175243550223
358.4283140418423	2.139514853357694	0.48529226070598996
358.4323326143573	2.1396007796308876	0.48527277139014696
358.4363512319272	2.1396867021653656	0.4852532844875136
358.4403698945523	2.1397726209614167	0.48523379999763155
358.4443886022333	2.139858536019335	0.4852143179200414
358.44840735497064	2.1399444473394102	0.4851948382542848
358.4524261527648	2.140030354921936	0.48517536099990255
358.4564449956163	2.1401162587672022	0.4851558861564367
358.46046388352573	2.1402021588755025	0.4851364137234282
358.4644828164935	2.140288055247126	0.4851169437004193
358.46850179452014	2.140373947882367	0.4850974760869512
358.47252081760604	2.1404598367815137	0.48507801088256663
358.47653988575195	2.1405457219448625	0.4850585480868065
358.4805589989582	2.1406316033726998	0.48503908769921394
358.4845781572253	2.1407174810653204	0.48501962971933066
358.48859736055385	2.1408033550230146	0.48500017414669916
358.49261660894433	2.1408892252460756	0.4849807209808616
358.4966359023971	2.1409750917347914	0.48496127022136126
358.5006552409128	2.1410609544894577	0.48494182186774
358.504674624492	2.1411468135103617	0.48492237591954146
358.50869405313506	2.141232668797799	0.48490293237630766
358.51271352684245	2.1413185203520575	0.48488349123758245
358.51673304561484	2.14140436817343	0.48486405250290865
358.5207526094528	2.14149021226221	0.484844616171829
358.52477221835665	2.141576383011531	0.4848266416573396
358.5287918723268	2.141665974985129	0.48482379943884374
358.5328115713639	2.141755562444063	0.4848209582845863
358.5368313154686	2.141845145388849	0.4848181181943017
358.54085110464115	2.141934723819996	0.48481527916772493
358.5448709388823	2.1420242977380233	0.48481244120458983
358.54889081819226	2.1421138671434368	0.48480960430463177
358.5529107425719	2.142203432036756	0.48480676846758514
358.55693071202126	2.142292992418489	0.48480393369318503
358.5609507265413	2.142382548289153	0.4848010999811662
358.5649707861323	2.1424720996492574	0.4847982673312638
358.56899089079474	2.142561646499318	0.4847954357432128
358.5730110405292	2.1426511888398436	0.48479260521674866
358.5770312353362	2.142740726671352	0.48478977575160614
358.5810514752162	2.14283025999435	0.4847869473475211
358.5850717601698	2.1429197888093547	0.4847841200042287
358.58909209019725	2.1430093131168744	0.48478129372146456
358.5931124652994	2.1430988329174254	0.48477846849896417
358.59713288547647	2.143188348211516	0.4847756443364632
358.6011533507292	2.143277858999662	0.48477282123369747
358.6051738610579	2.143367365282371	0.48476999919040276
358.60919441646314	2.1434568670601584	0.4847671782063151
358.61321501694533	2.143546364333534	0.48476435828117026
358.6172356625052	2.143635857103011	0.48476153941470457
358.62125635314317	2.1437253453690985	0.4847587216066541
358.6252770888596	2.1438148291323094	0.484755904856755
358.6292978696552	2.1439043083931577	0.48475308916474363
358.63331869553036	2.1439937831521503	0.48475027453035646
358.63733956648565	2.1440832534098018	0.4847474609533298
358.64136048252146	2.1441727191666202	0.48474464843340037
358.6453814436384	2.1442621804231186	0.48474183697030493
358.649402449837	2.1443516371798066	0.4847390265637798
358.6534235011177	2.144441089437197	0.4847362172135622
358.657444597481	2.1445305371957986	0.4847334089193887
358.66146573892746	2.144619980456123	0.48473060168099646
358.6654869254574	2.144709419218679	0.4847277954981226
358.6695081570717	2.1447988534839815	0.48472499037050404
358.6735294337704	2.144888283252535	0.48472218629787805
358.6775507555543	2.1449777085248543	0.484719383279982
358.681572122424	2.1450671293014465	0.4847165813165532
358.68559353437973	2.1451565455828248	0.48471378040732893
358.68961499142205	2.145245957369495	0.4847109805520472
358.6936364935517	2.1453353646619724	0.48470818175044494
358.69765804076894	2.145424767460761	0.4847053840022605
358.7016796330744	2.1455141657663757	0.4847025873072312
358.70570127046847	2.1456035595793215	0.4846997916650951
358.70972295295184	2.1456929489001126	0.48469699707559016
358.7137446805247	2.145782333729253	0.48469420353845416
358.7177664531879	2.145871714067256	0.48469141105342556
358.72178827094183	2.1459610899146306	0.48468861962024223
358.725810133787	2.1460504612718867	0.48468582923864245
358.72983204172374	2.1461398281395296	0.48468303990836464
358.73385399475274	2.1462291905180693	0.48468025162914735
358.7378759928746	2.1463185484080194	0.4846774644007288
358.7418980360895	2.146407901809882	0.48467467822284777
358.7459201243983	2.1464972507241726	0.48467189309524256
358.7499422578012	2.1465865951513927	0.48466910901765253
358.753964436299	2.146675935092057	0.48466632598981596
358.7579866598919	2.146765270546668	0.484663544011472
358.7620089285807	2.146854601515741	0.48466076308235934
358.76603124236567	2.1469439279997777	0.4846579832022175
358.77005360124747	2.14703324999929	0.4846552043707852
358.7740760052265	2.1471225675147845	0.48465242658780183
358.7780984543034	2.1472118805467715	0.4846496498530067
358.78212094847845	2.147301189095754	0.48464687416613905
358.7861434877524	2.147390493162245	0.4846440995269386
358.7901660721256	2.1474797927467484	0.4846413259351447
358.7941887015986	2.1475690878497753	0.4846385533904968
358.7982113761719	2.1476583784718284	0.48463578189273493
358.8022340958461	2.147747664613421	0.4846330114415985
358.80625686062155	2.147836946275054	0.4846302420368279
358.81027967049886	2.147926223457242	0.48462747367816245
358.81430252547847	2.148015496160485	0.48462470636534255
358.81832542556094	2.148104764385295	0.4846219400981081
358.82234837074674	2.148194028132175	0.4846191748761995
358.82637136103637	2.1482832874016347	0.48461641069935674
358.8303943964304	2.148372542194181	0.4846136475673204
358.8344174769292	2.1484617925103184	0.4846108854798305
358.8384406025336	2.1485510383505564	0.484608124436628
358.84246377324365	2.1486402797153983	0.48460536443745317
358.84648698906017	2.148729516605354	0.4846026054820467
358.85051024998353	2.148818749020925	0.48459984757014946
358.85453355601436	2.1489079769626227	0.48459709070150203
358.85855690715294	2.1489972004309497	0.48459433487584547
358.8625803034001	2.1490864194264145	0.48459158009292075
358.866603744756	2.14917563394952	0.4845888263524686
358.8706272312214	2.149264844000775	0.4845860736542306
358.8746507627967	2.1493540495806833	0.4845833219979477
358.8786743394825	2.1494432506897527	0.48458057138336125
358.8826979612791	2.1495324473284865	0.48457782181021253
358.8867216281873	2.1496216394973926	0.4845750732782429
358.8907453402072	2.1497108271969716	0.48457232578719434
358.8947690973398	2.149800010427736	0.48456957933680783
358.89879289958515	2.149889189190183	0.48456683392682554
358.9028167469441	2.1499783634848257	0.48456408955698893
358.90684063941694	2.150067533312162	0.48456134622704
358.91086457700436	2.150156698672703	0.48455860393672046
358.9148885597066	2.150245859566948	0.48455586268577255
358.91891258752435	2.1503350159954047	0.4845531224739381
358.9229366604582	2.15042416795858	0.4845503833009595
358.92696077850843	2.1505133154569727	0.48454764516657883
358.9309849416757	2.1506024584910937	0.48454490807053835
358.93500914996054	2.1506915970614418	0.4845421720125805
358.93903340336334	2.1507807311685254	0.48453943699244784
358.9430577018846	2.1508698608128447	0.48453670300988294
358.94708204552495	2.1509589859949094	0.4845339700646281
358.95110643428484	2.151048106715217	0.48453123815642646
358.95513086816476	2.151137222974278	0.48452850728502034
358.9591553471651	2.1512263347725895	0.484525777450153
358.9631798712866	2.1513154421106613	0.48452304865156715
358.96720444052966	2.1514045449889934	0.48452032088900576
358.97122905489476	2.1514936434080916	0.4845175941622122
358.97525371438246	2.1515827373684564	0.4845148684709294
358.9792784189932	2.1516718268705937	0.4845121438149008
358.9833031687275	2.151760911915006	0.48450942019386944
358.9873279635859	2.151849992502198	0.48450669760757886
358.9913528035688	2.1519390686326694	0.4845039760557727
358.99537768867697	2.1520281403069266	0.4845012555381944
358.99940261891055	2.15211720752547	0.48449853605458754
359.0034275942704	2.152206270288806	0.4844958176046959
359.00745261475674	2.1522953285974324	0.48449310018826325
359.01147768037026	2.152384382451856	0.4844903838050336
359.0155027911114	2.1524734318525764	0.4844876684547508
359.01952794698076	2.1525624768001004	0.48448495413715875
359.02355314797853	2.1526515172949243	0.48448224085200164
359.02757839410555	2.152740553337554	0.48447952859902393
359.03160368536226	2.1528295849284933	0.4844768173779695
359.0356290217491	2.152918612068241	0.48447410718858297
359.03965440326664	2.1530076347573015	0.4844713980306085
359.0436798299152	2.1530966529961746	0.4844686899037908
359.0477053016956	2.153185666785365	0.48446598280787445
359.0517308186082	2.153274676125371	0.48446327674260387
359.05575638065335	2.1533636810166983	0.48446057170772394
359.0597819878317	2.1534526814598425	0.4844578677029798
359.0638076401438	2.153541677455312	0.4844551647281159
359.0678333375901	2.1536306690036033	0.48445246278287724
359.07185908017107	2.153719656105221	0.48444976186700894
359.0758848678873	2.1538086387606623	0.4844470619802563
359.0799107007392	2.153897616970433	0.48444436312236433
359.08393657872733	2.153986590735031	0.48444166529307825
359.0879625018523	2.1540755600549595	0.4844389684921435
359.0919884701143	2.154164524930716	0.4844362727193055
359.09601448351424	2.1542534853628044	0.4844335779743098
359.1000405420523	2.1543424413517225	0.4844308842569021
359.10406664572923	2.1544313928979757	0.48442819156682776
359.1080927945453	2.1545203400020583	0.48442549990383293
359.11211898850127	2.154609282664476	0.4844228092676629
359.11614522759737	2.1546982208857255	0.48442011965806403
359.1201715118343	2.154787154666309	0.4844174310747821
359.12419784121255	2.154876084006727	0.48441474351756303
359.1282242157326	2.154965008907477	0.4844120569861533
359.13225063539494	2.1550539293690627	0.4844093714802989
359.13627710020006	2.1551428453919796	0.48440668699974615
359.1403036101485	2.155231756976732	0.48440400354424135
359.1443301652407	2.155320664123815	0.484401321113531
359.14835676547733	2.155409566833733	0.4843986397073616
359.1523834108587	2.1554984651069806	0.4843959593254797
359.1564101013855	2.155587358944062	0.484393279967632
359.160436837058	2.1556762483454723	0.48439060163356523
359.16446361787706	2.1557651333117147	0.4843879243230264
359.1684904438428	2.155854013843285	0.48438524803576205
359.172517314956	2.1559428899406843	0.4843825727715195
359.176544231217	2.156031761604409	0.4843798985300457
359.1805711926264	2.156120628834962	0.4843772253110876
359.1845981991846	2.1562094916328376	0.4843745531143927
359.18862525089236	2.1562983499985395	0.4843718819397079
359.1926523477499	2.1563872039325616	0.48436921178678116
359.1966794897578	2.156476053435405	0.4843665426553594
359.2007066769167	2.1565648985075674	0.4843638745451902
359.20473390922695	2.1566537391495477	0.48436120745602135
359.208761186689	2.156742575361842	0.4843585413876006
359.21278850930366	2.1568314071449515	0.48435587633967525
359.2168158770712	2.1569202344993736	0.4843532123119934
359.2208432899923	2.1570090574256064	0.484350549304303
359.2248707480671	2.157097875924145	0.48434788731635203
359.22889825129636	2.157186689995489	0.4843452263478884
359.23292579968074	2.157275499640137	0.4843425663986604
359.23695339322035	2.1573643048585858	0.4843399074684161
359.2409810319162	2.1574531056513346	0.48433724955690377
359.2450087157683	2.1575419020188775	0.4843345926638719
359.2490364447776	2.1576306939617163	0.4843319367890687
359.2530642189442	2.157719481480343	0.4843292819322431
359.2570920382688	2.157808264575259	0.48432662809314325
359.26111990275206	2.1578970432469586	0.48432397527151805
359.26514781239416	2.157985817495941	0.48432132346711626
359.26917576719586	2.158074587322701	0.4843186726796866
359.2732037671575	2.158163352727739	0.4843160229089779
359.27723181227964	2.1582521137115465	0.48431337415473935
359.28125990256297	2.1583408702746256	0.4843107264167196
359.2852880380077	2.158429622417467	0.4843080796946684
359.2893162186145	2.1585183701405737	0.48430543398833426
359.2933444443838	2.1586071134444365	0.48430278929746684
359.29737271531627	2.1586958523295547	0.4843001456218157
359.3014010314122	2.1587845867964233	0.48429750296112967
359.3054293926723	2.15887331684554	0.4842948613151586
359.30945779909683	2.1589620424773974	0.48429222068365224
359.31348625068654	2.159050763692496	0.48428958106635994
359.3175147474418	2.1591394804913278	0.48428694246303144
359.32154328936315	2.15922819287439	0.48428430487341667
359.32557187645114	2.1593169008421795	0.4842816682972657
359.32960050870616	2.1594056043951886	0.48427903273432815
359.33362918612886	2.159494303533918	0.48427639818435403
359.3376579087196	2.159582998258857	0.4842737646470938
359.34168667647907	2.1596716885705063	0.48427113212229733
359.34571548940767	2.1597603744693568	0.48426850060971505
359.34974434750586	2.159849055955908	0.4842658701090972
359.3537732507741	2.1599377330306497	0.4842632406201943
359.35780219921315	2.160026405694081	0.48426061214275673
359.3618311928233	2.1601150739466943	0.4842579846765351
359.3658602316051	2.160203737788987	0.4842553582212802
359.369889315559	2.1602923972214505	0.48425273277674247
359.3739184446858	2.160381052244583	0.48425010834267285
359.37794761898556	2.160472234411148	0.4842587793118314
359.3819768384591	2.1605638261361433	0.4842692990028974
359.3860061031068	2.160655412995831	0.4842798185444892
359.3900354129292	2.1607469949908316	0.48429033793656323
359.39406476792686	2.160838572121759	0.4843008571790743
359.3980941681002	2.1609301443892344	0.4843113762719784
359.4021236134497	2.161021711793871	0.48432189521523095
359.40615310397607	2.16111327433629	0.48433241400878746
359.41018263967953	2.1612048320171056	0.4843429326526038
359.4142122205608	2.161296384836936	0.4843534511466355
359.41824184662033	2.1613879327963996	0.4843639694908384
359.4222715178585	2.1614794758961096	0.48437448768516783
359.4263012342761	2.1615710141366855	0.48438500572958
359.4303309958733	2.1616625475187408	0.4843955236240302
359.43436080265093	2.161754076042896	0.4844060413684747
359.4383906546093	2.1618455997097628	0.4844165589628686
359.44242055174897	2.1619371185199614	0.4844270764071684
359.44645049407035	2.1620286324741027	0.48443759370132955
359.4504804815741	2.1621201415728075	0.4844481108453081
359.4545105142606	2.1622116458166873	0.48445862783905974
359.4585405921305	2.1623031452063604	0.4844691446825406
359.46257071518403	2.16239463974244	0.48447966137570636
359.4666008834221	2.1624861294255435	0.48449017791851356
359.4706310968449	2.1625776142562843	0.4845006943109175
359.47466135545307	2.1626690942352793	0.4845112105528745
359.4786916592471	2.1627605693631398	0.4845217266443403
359.4827220082275	2.1628520396404842	0.48453224258527156
359.48675240239464	2.162943505067923	0.48454275837562355
359.4907828417493	2.163034965646076	0.48455327401535314
359.4948133262917	2.1631264213755523	0.48456378950441575
359.4988438560226	2.1632178722569706	0.48457430484276814
359.5028744309422	2.1633093182909406	0.4845848200303662
359.5069050510514	2.1634007594780797	0.4845953350671662
359.51093571635033	2.1634921958189985	0.484605849953124
359.51496642683986	2.1635836273143143	0.4846163646881963
359.5189971825201	2.163675053964636	0.4846268792723389
359.52302798339184	2.1637664757705797	0.48463739370550846
359.5270588294555	2.1638578927327603	0.4846479079876614
359.5310897207116	2.163949304851787	0.48465842211875354
359.5351206571607	2.1640407121282776	0.4846689360987417
359.5391516388031	2.1641321145628387	0.48467944992758194
359.5431826656396	2.1642235121560898	0.4846899636052309
359.5472137376704	2.1643149049086365	0.48470047713164466
359.55124485489637	2.1644062928210985	0.48471099050678
359.5552760173176	2.1644976758940815	0.484721503730593
359.559307224935	2.164589054128203	0.4847320168030409
359.5633384777488	2.1646804275240705	0.4847425297240793
359.5673697757595	2.164771796082299	0.4847530424936653
359.5714011189678	2.164863159803499	0.48476355511175523
359.57543250737416	2.1649545186882837	0.48477406757830577
359.57946394097894	2.1650458727372603	0.4847845798932732
359.5834954197828	2.165137221951046	0.48479509205661486
359.58752694378614	2.1652285663302484	0.4848056040682866
359.59155851298954	2.165319905875481	0.4848161159282457
359.59559012739345	2.1654112405873507	0.48482662763644846
359.59962178699845	2.1655025704664728	0.48483713919285176
359.60365349180495	2.1655938955134544	0.48484765059741236
359.6076852418135	2.1656852157289093	0.4848581618500869
359.6117170370247	2.165776531113445	0.48486867295083225
359.6157488774389	2.1658678416676738	0.484879183899605
359.6197807630568	2.1659591473922073	0.48488969469636256
359.62381269387856	2.166050448287651	0.48490020534106104
359.62784466990513	2.1661417443546207	0.4849107158336579
359.6318766911366	2.1662330355937196	0.48492122617410965
359.6359087575739	2.1663243220055635	0.4849317363623735
359.6399408692171	2.1664156035907567	0.48494224639840605
359.6439730260672	2.166506880349915	0.48495275628216483
359.64800522812413	2.1665981522836395	0.484963266013606
359.6520374753889	2.166653870600213	0.48498173266985156
359.65606976786165	2.1667027937685677	0.48500171907253065
359.6601021055432	2.1667517153196774	0.48502170458783517
359.66413448843383	2.1668006352536504	0.4850416892158486
359.6681669165341	2.1668495535705965	0.4850616729566557
359.67219938984454	2.1668984702706244	0.48508165581034013
359.6762319083658	2.166947385353845	0.48510163777698684
359.68026447209803	2.1669962988203655	0.48512161885667904
359.6842970810421	2.167045210670297	0.48514159904950177
359.6883297351983	2.1670941209037475	0.4851615783555387
359.69236243456726	2.1671430295208287	0.48518155677487473
359.69639517914936	2.167191936521647	0.48520153430759255
359.70042796894523	2.1672408419063154	0.48522151095377813
359.70446080395527	2.167289745674939	0.485241486713514
359.7084936841801	2.1673386478276293	0.4852614615868853
359.7125266096201	2.1673875483644953	0.48528143557397524
359.71655958027594	2.167436447285647	0.48530140867486904
359.720592596148	2.167485344591192	0.48532138088964955
359.7246256572367	2.167534240281241	0.4853413522184015
359.7286587635428	2.167583134355903	0.48536132266120907
359.7326919150666	2.167632026815286	0.48538129221815557
359.7367251118088	2.1676809176595024	0.48540126088932634
359.74075835376965	2.167729806888657	0.4854212286748039
359.7447916409499	2.167778694502863	0.48544119557467325
359.7488249733498	2.1678275805022262	0.48546116158901736
359.7528583509702	2.167876464886858	0.48548112671792143
359.7568917738113	2.1679253476568667	0.4855010909614685
359.76092524187374	2.1679742288123625	0.48552105431974313
359.76495875515803	2.1680231083534522	0.4855410167928285
359.7689923136647	2.1680719862802476	0.48556097838080914
359.7730259173941	2.168120862592855	0.4855809390837686
359.7770595663469	2.168169737291387	0.48560089890179137
359.7810932605235	2.1682186103759493	0.4856208578349601
359.7851269999246	2.1682674818466534	0.4856408158833602
359.78916078455046	2.1683163517036066	0.4856607730470742
359.7931946144018	2.168365219946919	0.4856807293261869
359.79722848947887	2.168414086576699	0.4857006847207813
359.8012624097824	2.1684629515930562	0.485720639230942
359.8052963753129	2.168511814996099	0.48574059285675186
359.8093303860707	2.168560676785938	0.4857605455982958
359.8133644420565	2.168609536962679	0.48578049745565655
359.8173985432706	2.1686583955264336	0.48580044842891834
359.82143268971384	2.168707252477311	0.4858203985181653
359.8254668813863	2.1687561078154176	0.4858403477234803
359.8295011182888	2.1688049615408653	0.48586029604494785
359.83353540042174	2.168853813653761	0.48588024348265085
359.83756972778576	2.1689026641542153	0.4859001900366742
359.84160410038106	2.1689515130423347	0.48592013570710013
359.8456385182084	2.1690003603182304	0.4859400804940135
359.8496729812682	2.169049205982009	0.48596002439749714
359.85370748956103	2.169098050033782	0.48597996741763533
359.8577420430872	2.1691468924736554	0.48599990955451094
359.8617766418476	2.1691957333017413	0.48601985080820875
359.86581128584237	2.1692445725181457	0.486039791178811
359.8698459750721	2.169293410122979	0.48605973066640223
359.8738807095375	2.169342246116349	0.48607966927106555
359.87791548923883	2.1693910804983654	0.4860996069928853
359.8819503141767	2.1694399132691355	0.4861195438319437
359.8859851843517	2.169488744428771	0.4861394797883258
359.8900200997641	2.169537573977377	0.48615941486211367
359.8940550604147	2.169586401915065	0.486179349053392
359.8980900663037	2.1696352282419413	0.4861992823622433
359.9021251174319	2.1696840529581176	0.48621921478875224
359.90616021379964	2.1697328760636996	0.4862391463330009
359.91019535540755	2.169781697558799	0.4862590769950741
359.9142305422559	2.1698305174435215	0.4862790067750541
359.91826577434534	2.1698793357179778	0.4862989356730252
359.9223010516765	2.1699281523822758	0.48631886368907057
359.92633637424973	2.169976967436524	0.48633879082327336
359.93037174206563	2.1700257808808314	0.48635871707571743
359.9344071551246	2.1700745927153062	0.48637864244648565
359.93844261342724	2.1701234029400585	0.4863985669356623
359.942478116974	2.1701722115551942	0.48641849054332914
359.94651366576545	2.1702210185608246	0.48643841326957116
359.95054925980196	2.1702698239570557	0.4864583351144708
359.9545848990843	2.170318627743999	0.48647825607811207
359.9586205836127	2.1703674299217597	0.4864981761605771
359.96265631338775	2.1704162304904493	0.48651809536195034
359.96669208841	2.1704650294501744	0.48653801368231453
359.97072790868003	2.1705138268010447	0.4865579311217531
359.97476377419815	2.1705626225431676	0.4865778476803492
359.97879968496505	2.170611416676653	0.4865977633581864
359.98283564098114	2.170660209201607	0.48661767815534723
359.986871642247	2.170709000118141	0.48663759207191576
359.990907688763	2.1707577894263608	0.4866575051079744
359.9949437805298	2.170806577126377	0.4866774172636072
359.9989799175478	2.1708553632182968	0.4866973285388963
360.00301609981767	2.1709041477022293	0.48671723893392616
360.00705232733964	2.1709529305782818	0.4867371484487785
360.0110886001146	2.1710017118465643	0.4867570570835381
360.01512491814253	2.1710504915071827	0.4867769648382862
360.01916128142443	2.171099269560248	0.48679687171310737
360.02319768996057	2.171148046005867	0.48681677770808435
360.0272341437515	2.171196820844149	0.4868366828233001
360.03127064279784	2.171245594075202	0.4868565870588379
360.0353071870999	2.1712943656991333	0.4868764904147803
360.0393437766582	2.1713431357160524	0.48689639289121095
360.0433804114734	2.171391904126067	0.48691629448821244
360.047417091546	2.1714406709292864	0.48693619520586856
360.0514538168764	2.171489436125817	0.48695609504426135
360.0554905874651	2.1715381997157692	0.48697599400347463
360.0595274033127	2.171586961699249	0.4869958920835905
360.06356426441965	2.171635722076367	0.48701578928469325
360.0676011707865	2.171684480847229	0.48703568560686394
360.07163812241373	2.171733238011946	0.48705558105018776
360.07567511930176	2.171781993570623	0.48707547561474596
360.07971216145125	2.1718307475233707	0.4870953693006222
360.0837492488626	2.171879499870295	0.4871152621078993
360.0877863815365	2.1719282506115074	0.48713515403666013
360.09182355947314	2.1719769997471126	0.48715504508698754
360.0958607826733	2.172025747277221	0.4871749352589645
360.0998980511373	2.1720744932019396	0.4871948245526735
360.1039353648659	2.172123237521377	0.4872147129681981
360.1079727238592	2.17217198023564	0.4872346005056203
360.1120101281181	2.172220721344838	0.48725448716502373
360.1160475776429	2.17226946084908	0.487274372946491
360.1200850724342	2.172318198748472	0.4872942578501044
360.12412261249267	2.1723669350431236	0.4873141418759475
360.1281601978183	2.172415669733142	0.48733402502410217
360.13219782841213	2.172464402818635	0.4873539072946522
360.1362355042744	2.1725131342997113	0.4873737886876793
360.1402732254057	2.172561864176479	0.4873936692032673
360.14431099180644	2.172610592449045	0.48741354884149796
360.1483488034773	2.1726593191175185	0.4874334276024547
360.15238666041853	2.1727080441820066	0.4874533054862195
360.156424562631	2.1727567676426185	0.4874731824928762
360.1604625101148	2.1728054894994595	0.48749305862250586
360.16450050287085	2.172854209752641	0.4875129338751929
360.1685385408993	2.1729029284022685	0.4875328082510181
360.17257662420093	2.1729516454484505	0.4875526817500661
360.17661475277606	2.173000360891295	0.48757255437241787
360.18065292662544	2.173049074730911	0.48759242611815734
360.1846911457492	2.173097786967403	0.48761229698736563
360.18872941014814	2.173146497600883	0.487632166980127
360.1927677198226	2.1731952066314557	0.4876520360965223
360.19680607477335	2.1732439140592312	0.4876719043366358
360.2008444750005	2.173292619884315	0.4876917717005487
360.2048829205049	2.1733413241068176	0.48771163818834445
360.20892141128695	2.173390026726844	0.4877315038001049
360.21295994734714	2.173438727744505	0.4877513685359133
360.2169985286859	2.173487427159905	0.48777123239585113
360.22103715530386	2.1735361249731535	0.4877910953800016
360.22507582720147	2.173584821184359	0.48781095748844744
360.22911454437923	2.173633515793628	0.48783081872127004
360.2331533068378	2.1736822088010697	0.48785067907855334
360.23719211457745	2.17373090020679	0.48787053856037854
360.2412309675988	2.1737795900108976	0.48789039716682864
360.24526986590234	2.173828278213499	0.48791025489798573
360.24930880948875	2.1738769648147054	0.4879301117539329
360.2533477983581	2.173925649814619	0.4879499677347513
360.25738683251143	2.1739743332133528	0.4879698228405247
360.26142591194883	2.1740230150110107	0.4879896770713344
360.26546503667106	2.1740716952077017	0.4880095304272634
360.26950420667845	2.1741203738035333	0.4880293829083936
360.27354342197174	2.174169050798614	0.4880492345148078
360.2775826825512	2.1742177261930493	0.48806908524658765
360.28162198841744	2.174266399986949	0.4880889351038164
360.28566133957094	2.174315072180419	0.4881087840865751
360.2897007360123	2.1743637427735685	0.4881286321949473
360.2937401777419	2.174412411766503	0.48814847942901424
360.29777966476036	2.1744610791593315	0.4881683257888589
360.301819197068	2.1745097449521613	0.4881881712745629
360.30585877466564	2.1745584091451002	0.48820801588620927
360.3098983975535	2.174607071738254	0.48822785962387927
360.31393806573203	2.1746557327317313	0.4882477024876553
360.31797777920224	2.1747043921256406	0.4882675444776206
360.3220175379641	2.1747530499200884	0.48828738559385604
360.3260573420183	2.1748040917832716	0.48831785091253616
360.33009719136544	2.1748571329568174	0.48835722570720763
360.334137086006	2.1749101725723077	0.48839659835627275
360.3381770259403	2.174963210629796	0.4884359688599643
360.34221701116917	2.175016247129341	0.4884753372185203
360.3462570416928	2.175069282070995	0.488514703432174
360.3502971175119	2.1751223154548174	0.4885540675011624
360.3543372386269	2.1751753472808617	0.48859342942571965
360.35837740503825	2.175228377549185	0.4886327892060821
360.36241761674654	2.1752814062598427	0.48867214684248383
360.3664578737524	2.1753344334128917	0.48871150233516153
360.37049817605606	2.175387459008386	0.4887508556843483
360.37453852365826	2.1754404830463843	0.4887902068902814
360.3785789165594	2.1754935055269398	0.48882955595319444
360.38261935476004	2.1755465264501117	0.4888689028733239
360.3866598382605	2.175599545815952	0.48890824765090296
360.3907003670616	2.1756525636245194	0.48894759028616835
360.39474094116355	2.175705579875869	0.4889869307793536
360.3987815605672	2.1757585945700573	0.48902626913069513
360.4028222252727	2.1758116077071397	0.4890656053404265
360.4068629352808	2.175864619287173	0.48910493940878336
360.41090369059185	2.175917629310212	0.4891442713359998
360.4149444912065	2.1759706377763144	0.48918360112231196
360.41898533712515	2.1760236446855337	0.48922292876795215
360.42302622834825	2.1760766500379276	0.4892622542731567
360.42706716487663	2.176129653833553	0.4893015776381611
360.43110814671036	2.1761826560724646	0.4893408988631982
360.43514917385033	2.176235656754719	0.4893802179485039
360.43919024629673	2.1762886558803713	0.4894195348943111
360.4432313640503	2.1763416534494793	0.48945884970085646
360.44727252711147	2.1763946494620976	0.48949816236837285
360.45131373548077	2.1764476439182827	0.48953747289709554
360.45535498915854	2.17650063681809	0.489576781287258
360.45939628814557	2.176553628161577	0.4896160875390957
360.4634376324422	2.176606617948799	0.4896553916528418
360.4674790220489	2.176659606179812	0.48969469362873175
360.47152045696635	2.1767125928546722	0.48973399346699886
360.4755619371949	2.1767655779734363	0.4897732911678782
360.479603462735	2.1768185615361584	0.48981258673160233
360.48364503358744	2.1768715435428976	0.4898518801584075
360.48768664975245	2.1769245239937076	0.48989117144852606
360.49172831123076	2.1769775028886467	0.4899304606021936
360.4957700180226	2.1770304802277676	0.4899697476196423
360.49981177012876	2.1770834560111303	0.49000903250110794
360.5038535675495	2.1771364302387886	0.49004831524682313
360.5078954102856	2.1771894029107997	0.49008759585702266
360.51193729833733	2.1772423740272178	0.4901268743319393
360.5159792317053	2.177295343588102	0.490166150671808
360.52002121039004	2.1773483115935073	0.4902054248768629
360.5240632343919	2.1774012780434884	0.4902446969473358
360.52810530371175	2.1774542429381043	0.490283966883463
360.53214741834967	2.177507206277408	0.4903232346854753
360.53618957830645	2.177560168061459	0.4903625003536095
360.54023178358244	2.1776131282903104	0.49040176388809603
360.5442740341784	2.1776660869640208	0.4904410252891714
360.5483163300944	2.1777190440826444	0.4904802845570665
360.5523586713314	2.17777199964624	0.49051954169201706
360.55640105788956	2.1778249536548606	0.49055879669425456
360.5604434897697	2.1778779061085656	0.4905980495640143
360.564485966972	2.177930857007408	0.4906373003015275
360.56852848949734	2.1779838063514476	0.4906765489070303
360.5725710573457	2.1780367541407366	0.4907157953807527
360.57661367051827	2.178089700375336	0.49075503972293133
360.58065632901497	2.1781426450552974	0.49079428193379665
360.58469903283674	2.1781955881806803	0.49083352201358377
360.5887417819837	2.1782485297515395	0.4908727599625246
360.59278457645667	2.1783014697679324	0.49091199578085337
360.59682741625596	2.178354408229913	0.49095122946880176
360.6008703013822	2.1784073451375408	0.49099046102660443
360.60491323183567	2.178460280490868	0.4910296904544922
360.6089562076172	2.178513214289955	0.4910689177526998
360.6129992287272	2.1785661465348563	0.49110814292146054
360.617042295166	2.178619077225627	0.4911473659610057
360.62108540693447	2.178672006362327	0.49118658687157
360.62512856403265	2.1787249339450088	0.49122580565338414
360.6291717664615	2.1787778599737315	0.49126502230668323
360.63321501422115	2.178830784448548	0.4913042368316972
360.6372583073124	2.1788837073695184	0.4913434492286618
360.64130164573555	2.178936628736697	0.4913826594978075
360.64534502949124	2.178989548550142	0.4914218676393681
360.6493884585799	2.179042466809906	0.49146107365357516
360.65343193300214	2.17909538351605	0.4915002775406626
360.6574754527582	2.1791482986686255	0.49153947930086106
360.66151901784895	2.179201212267694	0.4915786789344057
360.6655626282747	2.1792541243133075	0.49161787644152627
360.66960628403604	2.1793070348055252	0.4916570718224571
360.6736499851333	2.179359943744402	0.4916962650774291
360.6776937315672	2.179412851129996	0.491735456206676
360.68173752333814	2.1794657569623603	0.49177464521042863
360.68578136044675	2.179518661241555	0.49181383208892077
360.68982524289333	2.1795715639676345	0.4918530168423836
360.69386917067857	2.1796244651406558	0.4918921994710501
360.69791314380285	2.1796773647606744	0.491931379975151
360.70195716226686	2.179730262827749	0.49197055835492054
360.70600122607084	2.1797831593419335	0.4920097346105889
360.7100453352155	2.1798360543032858	0.4920489087423894
360.7140894897013	2.1798889477118615	0.4920880807505528
360.71813368952866	2.179941839567717	0.49212725063531176
360.7221779346983	2.17999472987091	0.4921664183968991
360.7262222252105	2.1800476186214963	0.492205584035545
360.730266561066	2.180100505819533	0.49224474755148334
360.73431094226504	2.1801533914650735	0.49228390894494334
360.73835536880836	2.1802062755581795	0.4923230682161595
360.7423998406962	2.180259158098902	0.4923622253653611
360.7464443579295	2.1803120390873016	0.4924013803927819
360.75048892050825	2.180364918523433	0.49244053329865206
360.75453352843346	2.1804177964073537	0.49247968408320497
360.75857818170516	2.1804706727391174	0.4925188327466697
360.7626228803243	2.1805235475187854	0.4925579792892807
360.766667624291	2.1805764207464096	0.49259712371126657
360.7707124136061	2.18062929242205	0.49263626601286165
360.77475724826985	2.1806821625457595	0.4926754061942944
360.77880212828296	2.1807350311175986	0.4927145442557994
360.78284705364575	2.1807878981376208	0.49275368019760557
360.7868920243589	2.1808407636058846	0.4927928140199457
360.7909370404228	2.1808936275224453	0.4928319457230495
360.79498210183806	2.1809464898873605	0.49287107530715074
360.799027208605	2.1809993507006853	0.4929102027724777
360.8030723607244	2.1810522099624783	0.4929493281192645
360.8071175581965	2.181105067672793	0.4929884513477393
360.8111628010221	2.1811579238316896	0.49302757245813544
360.8152080892014	2.181210778439223	0.4930666914506838
360.8192534227351	2.1812636314954488	0.49310580832561407
360.82329880162365	2.181316483000426	0.4931449230831595
360.82734422586753	2.1813693329542088	0.4931840357235483
360.8313896954674	2.1814221813568557	0.493223146247014
360.83543521042355	2.181475028208421	0.49326225465378504
360.83948077073666	2.1815278735089643	0.49330136094409466
360.8435263764071	2.1815807172585395	0.49334046511817203
360.84757202743555	2.1816335594572056	0.4933795671762492
360.8516177238223	2.1816864001050167	0.49341866711855525
360.85566346556817	2.1817392392020323	0.49345776494532306
360.85970925267327	2.1817920767483057	0.4934968606567806
360.86375508513845	2.1818449127438964	0.49353595425316116
360.86780096296405	2.1818977471888603	0.49357504573469363
360.87184688615065	2.1819505800832535	0.4936141351016098
360.87589285469863	2.1820034114271327	0.4936532223541387
360.87993886860863	2.1820562412205553	0.4936923074925124
360.88398492788104	2.1821090694635767	0.49373139051695997
360.88803103251666	2.182161896156256	0.4937704714277137
360.89207718251555	2.182214721298647	0.49380955022500095
360.89612337787855	2.182267544890809	0.49384862690905545
360.90016961860607	2.1823203669327955	0.49388770148010513
360.9042159046987	2.182373187424667	0.49392677393838175
360.9082622361568	2.182426006366477	0.49396584428411405
360.912308612981	2.182478823758285	0.49400491251753414
360.91635503517165	2.1825316396001444	0.49404397863886973
360.92040150272936	2.182584453892114	0.49408304264835273
360.9244480156548	2.182637266634252	0.4941221045462138
360.92849457394817	2.182690077826612	0.4941611643326811
360.93254117761023	2.182742887469254	0.494200222007986
360.9365878266413	2.1827956955622305	0.49423927757235725
360.94063452104206	2.1828485021056028	0.494278331026027
360.94468126081284	2.1829013070994243	0.4943173823692227
360.9487280459544	2.182954110543754	0.4943564316021757
360.952774876467	2.183006912438647	0.49439547872511524
360.9568217523513	2.183059712784162	0.4944345237382717
360.96086867360765	2.183112511580353	0.4944735666418737
360.96491564023677	2.18316530882728	0.4945126074361525
360.968962652239	2.183218104524997	0.4945516461213362
360.973009709615	2.1832708986735634	0.494590682697656
360.977056812365	2.1833236912730327	0.4946297171653397
360.9811039604898	2.1833764823234647	0.494668749524619
360.98515115398976	2.183429271824915	0.4947077797757218
360.9891983928656	2.183482059777441	0.49474680791887854
360.9932456771175	2.1835348461810975	0.4947858339543178
360.9972930067462	2.183587631035945	0.49482485788227026
361.0013403817521	2.183640414342037	0.4948638797029639
361.00538780213583	2.1836931960994326	0.4949028994166296
361.00943526789774	2.183745976308187	0.4949419170234951
361.01348277903827	2.183798754968356	0.4949809325237899
361.0175303355583	2.1838515320800007	0.49501994591774495
361.02157793745806	2.183904307643174	0.49505895720558807
361.0256255847381	2.1839570816579355	0.49509796638754894
361.0296732773989	2.1840098541243393	0.4951369734638556
361.0337210154411	2.1840626250424453	0.49517597843473893
361.03776879886505	2.184115394412307	0.49521498130042596
361.0418166276714	2.1841681622339855	0.49525398206114823
361.0458645018605	2.1842209285075334	0.4952929807171323
361.049912421433	2.1842736932330107	0.4953319772686088
361.0539603863893	2.1843264564104716	0.4953709717158051
361.0580083967301	2.1843792180399766	0.49540996405895205
361.06205645245564	2.184431978121579	0.4954489542982767
361.0661045535665	2.1844847366553375	0.495487942434009
361.0701527000633	2.184537493641309	0.4955269284663768
361.07420089194665	2.1845902490795504	0.4955659123956102
361.0782491292168	2.1846430029701187	0.4956048942219365
361.08229741187426	2.184695755313071	0.49564387394558523
361.0863457399198	2.1847485061084626	0.49568285156678465
361.0903941133538	2.1848012553563527	0.4957218270857637
361.0944425321766	2.184854003056797	0.4957608005027498
361.09849099638893	2.1849067492098535	0.49579977181797347
361.10253950599116	2.1849594938155774	0.49583874103166115
361.10658806098394	2.1850122368740275	0.4958777081440431
361.1106366613676	2.1850649783852587	0.4959166731553461
361.1146853071428	2.18511771834933	0.49595563606579923
361.11873399831006	2.185170456766299	0.49599459687563147
361.1227827348697	2.1852231936362196	0.49603355558507
361.1268315168225	2.1852759289591517	0.49607251219434434
361.1308803441687	2.1853286627351505	0.4961114667036813
361.13492921690903	2.1853813949642746	0.4961504191133106
361.1389781350438	2.1854341256465797	0.4961893694234586
361.1430270985737	2.1854868547821233	0.4962283176343553
361.14707610749906	2.185539582370962	0.4962672637462271
361.15112516182063	2.1855923084131543	0.49630620775930373
361.15517426153866	2.185645032908754	0.49634514967381127
361.1592234066539	2.1856977558578223	0.4963840894899797
361.1632725971666	2.185750477260413	0.49642302720803544
361.1673218330775	2.185803197116586	0.4964619628282074
361.17137111438694	2.185855915426395	0.4965008963507223
361.1754204410955	2.1859086321899	0.4965398277758094
361.1794698132037	2.185961347407156	0.4965787571036953
361.18351923071214	2.1860137816839478	0.49661645449413166
361.18756869362113	2.1860653929524396	0.49665053416912525
361.19161820193136	2.186117002641188	0.49668461208036135
361.19566775564317	2.1861686107502685	0.4967186882280257
361.1997173547572	2.1862202172797605	0.4967527626123064
361.2037669992738	2.186271822229738	0.49678683523338923
361.20781668919375	2.1863234256002837	0.49682090609146234
361.21186642451727	2.18637502739147	0.4968549751867119
361.2159162052451	2.186426627603376	0.49688904251932425
361.2199660313776	2.1864782262360807	0.4969231080894873
361.22401590291537	2.1865298232896597	0.49695717189738675
361.2280658198589	2.186581418764191	0.49699123394321054
361.23211578220855	2.1866330126597506	0.4970252942271433
361.2361657899651	2.1866846049764193	0.49705935274937446
361.24021584312885	2.18673619571427	0.4970934095100878
361.2442659417004	2.1867877848733834	0.4971274645094723
361.2483160856802	2.186839372453836	0.49716151774771294
361.2523662750689	2.186890958455705	0.4971955692249974
361.2564165098667	2.186942542879067	0.49722961894151113
361.26046679007453	2.186994125724001	0.49726366689744156
361.2645171156925	2.187045706990583	0.4972977130929743
361.26856748672145	2.1870972866788905	0.49733175752829656
361.2726179031617	2.187148864789001	0.49736580020359406
361.27666836501373	2.1872004413209933	0.49739984111905394
361.28071887227816	2.1872520162749427	0.4974338802748615
361.28476942495547	2.187303589650927	0.49746791767120413
361.28882002304607	2.1873551614490245	0.4975019533082668
361.2928706665507	2.187406731669312	0.4975359871862377
361.2969213554695	2.1874583003118664	0.49757001930530087
361.3009720898034	2.187509867376766	0.49760404966564403
361.30502286955266	2.1875614328640873	0.4976380782674525
361.3090736947178	2.1876129967739075	0.49767210511091264
361.31312456529946	2.187664559106305	0.4977061301962112
361.317175481298	2.1877161198613564	0.497740153523533
361.321226442714	2.1877676790391396	0.49777417509306554
361.32527744954797	2.187819236639731	0.4978081949049937
361.32932850180043	2.1878707926632095	0.4978422129595041
361.3333795994718	2.18792234710965	0.49787622925678165
361.3374307425628	2.187973899979133	0.4979102437970143
361.3414819310736	2.1880254512717325	0.4979442565803856
361.34553316500495	2.188077000987528	0.4979782676070831
361.3495844443574	2.188128549126596	0.49801227687729127
361.35363576913136	2.1881800956890154	0.4980462843911978
361.35768713932725	2.1882316406748603	0.4980802901489859
361.36173855494576	2.188283184084211	0.49811429415084413
361.36579001598733	2.1883347259171435	0.49814829639695574
361.3698415224525	2.188386266173736	0.49818229688750837
361.3738930743416	2.1884378048540643	0.49821629562268616
361.37794467165537	2.188489341958207	0.4982502926026758
361.3819963143942	2.1885408774862407	0.49828428782766176
361.38604800255865	2.188592411438244	0.4983182812978309
361.39009973614924	2.188643943814292	0.4983522730133676
361.39415151516647	2.1886954746144647	0.4983862629744591
361.3982033396107	2.188747003838836	0.4984202511812884
361.40225520948263	2.188798531487487	0.498454237634043
361.4063071247827	2.188850057560493	0.4984882223329072
361.4103590855114	2.188901582057931	0.49852220527806723
361.41441109166925	2.1889531049798787	0.49855618646970723
361.41846314325676	2.1890046263264127	0.4985901659080132
361.42251524027455	2.189056146097613	0.49862414359317125
361.4265673827229	2.1891076642935534	0.4986581195253651
361.43061957060263	2.1891591809143143	0.49869209370478196
361.4346718039139	2.1892106959599698	0.49872606613160453
361.4387240826575	2.1892622094306007	0.4987600368060205
361.44277640683373	2.189313721326281	0.49879400572821325
361.4468287764433	2.1893652316470904	0.49882797289836894
361.45088119148653	2.189416740393104	0.49886193831667164
361.4549336519641	2.1894682475644025	0.4988959019833078
361.4589861578763	2.189519753161059	0.4989298638984609
361.46303870922395	2.189571257183154	0.4989638240623173
361.4670913060072	2.1896227596307627	0.4989977824750609
361.47114394822694	2.1896742605039643	0.4990317391368779
361.47519663588326	2.1897257598028332	0.49906569404795126
361.4792493689771	2.189777257527451	0.4990996472084684
361.48330214750854	2.1898287536778906	0.49913359861861156
361.48735497147857	2.1898802482542323	0.49916754827856785
361.49140784088723	2.189931741256551	0.49920149618852067
361.4954607557354	2.1899832326849267	0.4992354423486556
361.4995137160233	2.190034722539434	0.4992693867591561
361.5035667217517	2.1900862108201524	0.49930332942020894
361.50761977292086	2.1901376975271565	0.4993372703319963
361.5116728695314	2.1901891826605255	0.49937120949470476
361.5157260115839	2.1902406662203373	0.4994051469085187
361.5197791990788	2.190292148206667	0.4994390825736217
361.5238324320166	2.1903436286195945	0.4994730164901998
361.5278857103978	2.190395107459194	0.4995069486584359
361.531939034223	2.1904465847255454	0.4995408790785159
361.5359924034926	2.190498060418724	0.4995748077506232
361.5400458182072	2.1905495345388095	0.49960873467494343
361.54409927836724	2.190601007085876	0.4996426598516595
361.54815278397325	2.190652478060003	0.4996765832809577
361.5522063350257	2.1907039474612664	0.49971050496301983
361.5562599315253	2.190755415289746	0.4997444248980332
361.56031357347223	2.190806881545514	0.49977834308617936
361.56436726086724	2.1908583462286537	0.4998122595276452
361.5684209937107	2.1909098093392374	0.4998461742226121
361.5724747720033	2.190961270877346	0.49988008717126703
361.57652859574534	2.191012730843054	0.49991399837379197
361.5805824649376	2.1910641892364406	0.4999479078303729
361.58463637958016	2.1911156460575802	0.4999818155411921
361.58869033967403	2.1911671013065543	0.5000157215064357
361.5927443452193	2.191218554983436	0.5000496257262858
361.59679839621674	2.1912700070883058	0.5000835282009277
361.6008524926668	2.191321457621238	0.5001174289305448
361.60490663456994	2.191372906582312	0.5001513279153219
361.60896082192664	2.191424353971604	0.5001852251554415
361.6130150547376	2.1914757997891923	0.5002191206510892
361.617069333003	2.1915272440351514	0.5002530144024474
361.6211236567236	2.1915786867095615	0.5002869064097007
361.6251780259	2.1916301278124997	0.5003207966730338
361.62923244053246	2.1916815673440406	0.5003546851926286
361.63328690062167	2.1917330053042643	0.5003885719686705
361.63734140616793	2.1917844416932457	0.500422457001342
361.64139595717205	2.191835876511064	0.5004563402908283
361.64545055363425	2.191887309757795	0.5004902218373113
361.6495051955552	2.191938741433516	0.500524101640976
361.6535598829353	2.191990171538304	0.5005579797020054
361.6576146157753	2.1920416000722382	0.5005918560205838
361.6616693940754	2.1920930270353933	0.5006257305968935
361.6657242178363	2.192144452427849	0.5006596034311199
361.6697790870584	2.192195876249679	0.5006934745234441
361.6738340017424	2.192247298500964	0.5007273438740519
361.6778889618886	2.1922987191817787	0.5007612114831251
361.68194396749766	2.192350138292202	0.5007950773508487
361.68599901856993	2.19240155583231	0.5008289414774042
361.6900541151061	2.192452971802181	0.5008628038629769
361.69410925710645	2.1925043862018896	0.5008966645077484
361.6981644445717	2.1925557990315165	0.5009305234119031
361.70221967750234	2.192607210291136	0.5009643805756235
361.70627495589883	2.1926586199808273	0.5009982359990943
361.7103302797616	2.192710028100666	0.501032089682497
361.7143856490912	2.1927614346507296	0.5010659416260154
361.7184410638883	2.192812839631097	0.5010997918298333
361.72249652415326	2.192864243041843	0.501133640294133
361.7265520298866	2.1929156448830467	0.5011674870190989
361.7306075810888	2.1929670451547834	0.5012013320049118
361.7346631777606	2.1930184438571314	0.501235175251757
361.7387188199021	2.1930698409901677	0.5012690167598159
361.7427745075141	2.19312123655397	0.5013028565292726
361.7468302405971	2.193172630548614	0.5013366945603093
361.75088601915155	2.193224022974179	0.5013705308531101
361.75494184317796	2.193275413830739	0.5014043654078559
361.75899771267683	2.1933268031183744	0.5014381982247318
361.76305362764873	2.1933781908371603	0.5014720293039189
361.76710958809406	2.1934295769871754	0.5015058586456014
361.7711655940134	2.1934809615684947	0.5015396862499605
361.7752216454073	2.1935323445811976	0.5015735121171805
361.77927774227624	2.1935837260253597	0.5016073362474432
361.7833338846206	2.1936351059010595	0.5016411586409318
361.78739007244116	2.193686484208372	0.5016749792978281
361.7914463057382	2.193737860947377	0.5017087982183166
361.79550258451223	2.1937892361181492	0.5017426154025774
361.79955890876397	2.193840609720768	0.5017764308507956
361.8036152784936	2.1938919817553075	0.5018102445631512
361.8076716937021	2.193943352221848	0.5018440565398292
361.8117281543895	2.1939947211204647	0.50187786678101
361.8157846605565	2.1940460884512354	0.5019116752868772
361.81984121220376	2.194097454214238	0.5019454820576141
361.8238978093316	2.1941488184095475	0.5019792870934007
361.82795445194057	2.194200181037244	0.502013090394422
361.8320111400312	2.1942515420974007	0.5020468919608582
361.83606787360407	2.194302901590099	0.5020806917928934
361.8401246526595	2.1943542595154124	0.5021144898907084
361.84418147719816	2.19440561587342	0.5021482862544865
361.8482383472205	2.1944569706641985	0.502182080884409
361.85229526272707	2.1945083238878254	0.5022158737806591
361.85635222371826	2.194559675544376	0.502249664943418
361.8604092301948	2.19461102563393	0.502283454372869
361.864466282157	2.1946623741565627	0.5023172420691929
361.8685233796055	2.194713721112352	0.5023510280325734
361.8725805225407	2.194765066501374	0.5023848122631906
361.87663771096317	2.194816410323708	0.5024185947612284
361.8806949448735	2.1948677525794285	0.5024523755268677
361.88475222427195	2.194919093268614	0.502486154560291
361.8888095491593	2.194970432391341	0.5025199318616795
361.892866919536	2.195021769947688	0.5025537074312164
361.8969243354024	2.195073105937729	0.5025874812690819
361.9009817967592	2.195124440361545	0.5026212533754594
361.9050393036067	2.1951757732192094	0.5026550237505297
361.9090968559458	2.195227104510803	0.502688792394476
361.9131544537765	2.195278434236399	0.5027225593074778
361.9172120970996	2.1953297623960766	0.5027563244897183
361.9212697859157	2.195381088989914	0.5027900879413799
361.9253275202251	2.1954324140179855	0.5028238496626426
361.9293853000285	2.195483737480371	0.5028576096536901
361.9334431253261	2.195535059377144	0.5028913679147013
361.9375009961188	2.195586379708386	0.5029251244458606
361.94155891240683	2.1956376984741706	0.5029588792473476
361.9456168741909	2.1956890156745765	0.5029926323193451
361.9496748814712	2.19574033130968	0.5030263836620337
361.9537329342486	2.1957916453795585	0.5030601332755955
361.95779103252346	2.195842957884289	0.5030938811602115
361.9618491762963	2.1958942688239493	0.5031276273160636
361.96590736556755	2.1959455781986144	0.5031613717433328
361.9699656003379	2.195996886008364	0.5031951144422011
361.9740238806077	2.196048192253272	0.5032288554128485
361.97808220637756	2.1960994969334195	0.5032625946554582
361.9821405776479	2.1961508000488794	0.5032963321702096
361.98619899441934	2.1962021015997326	0.5033300679572857
361.9902574566922	2.1962534015860524	0.503363802016866
361.99431596446726	2.1963047000079183	0.5033975343491334
361.9983745177447	2.196355996865406	0.5034312649542674
362.00243311652537	2.196407292158595	0.503464993832451
362.0064917608096	2.1964585858875587	0.5034987209838632
362.0105504505978	2.196509878052376	0.5035324464086863
362.01460918589083	2.1965611686531252	0.5035661701071023
362.0186679666888	2.1966124576898807	0.5035998920792901
362.0227267929925	2.196663745162722	0.5036336123254327
362.0267856648022	2.196715031071724	0.5036673308457094
362.0308445821187	2.196766315416965	0.5037010476403023
362.03490354494227	2.196817598198521	0.5037347627093918
362.03896255327356	2.196868879416471	0.5037684760531592
362.04302160711296	2.1969201590708907	0.5038021876717845
362.0470807064611	2.1969714371618565	0.5038358975654498
362.0511398513184	2.197022713689446	0.5038696057343343
362.05519904168546	2.197073988653737	0.5039033121786207
362.05925827756266	2.1971252620548047	0.5039370168984875
362.06331755895076	2.197176533892728	0.5039707198941179
362.0673768858499	2.1972278041675826	0.5040044211656901
362.0714362582609	2.1972790728794465	0.5040381207133869
362.0754956761841	2.1973303400283952	0.5040718185373873
362.0795551396202	2.1973816056145083	0.5041055146378736
362.0836146485693	2.1974328696378596	0.5041392090150241
362.08767420303246	2.1974841320985288	0.5041729016690216
362.09173380300984	2.1975353929965906	0.5042065926000449
362.09579344850204	2.197586652332124	0.5042402818082761
362.0998531395095	2.197637910105205	0.5042739692938938
362.10391287603284	2.197689166315911	0.50430765505708
362.1079726580725	2.197740420964317	0.5043413390980139
362.1120324856291	2.1977916740505035	0.5043750214168773
362.11609235870293	2.1978429255745446	0.504408702013849
362.12015227729466	2.1978941755365184	0.50444238088911
362.12421224140485	2.197945423936503	0.5044760580428415
362.12827225103376	2.197996670774572	0.5045097334752215
362.1323323061823	2.198047916050807	0.5045434071864331
362.1363924068506	2.198099159765281	0.504577079176654
362.14045255303944	2.198150401918073	0.5046107494460659
362.1445127447491	2.1982079810739523	0.5046720276973701
362.1485729819803	2.1982676396717302	0.5047423637208998
362.1526332647333	2.198327297367675	0.5048126951918325
362.156693593009	2.1983869541615504	0.5048830221106941
362.1607539668075	2.1984466100531157	0.5049533444780041
362.1648143861296	2.198506265042137	0.5050236622942879
362.16887485097556	2.198565919128373	0.5050939755600639
362.17293536134616	2.1986255723115877	0.5051642842758574
362.17699591724175	2.1986852245915425	0.5052345884421885
362.18105651866284	2.198744875968002	0.5053048880595816
362.18511716560994	2.1988045264407265	0.5053751831285558
362.18917785808367	2.1988641760094807	0.5054454736496352
362.19323859608437	2.1989238246740257	0.5055157596233404
362.1972993796127	2.1989834724341257	0.5055860410501941
362.2013602086691	2.199043119289543	0.5056563179307174
362.20542108325407	2.1991027652400423	0.5057265902654328
362.2094820033681	2.1991624102853846	0.5057968580548604
362.21354296901177	2.1992220544253347	0.5058671212995228
362.21760398018563	2.199281697659657	0.5059373799999431
362.22166503689004	2.1993413399881128	0.5060076341566391
362.2257261391257	2.1994009814104682	0.506077883770136
362.2297872868929	2.199460621926485	0.5061481288409518
362.2338484801923	2.1995202615359286	0.50621836936961
362.2379097190244	2.199579900238562	0.5062886053566309
362.2419710033897	2.199639538034151	0.5063588368025363
362.24603233328855	2.1996991749224564	0.5064290637078454
362.2500937087218	2.1997588109032464	0.5064992860730813
362.2541551296897	2.1998184459762826	0.5065695038987637
362.2582165961928	2.1998780801413322	0.5066397171854151
362.26227810823167	2.199937713398157	0.5067099259335534
362.2663396658068	2.199997345746525	0.506780130143703
362.2704012689186	2.200056977186197	0.5068503298163805
362.27446291756775	2.200116607716942	0.506920524952111
362.2785246117546	2.2001762373385216	0.5069907155514106
362.2825863514799	2.200235866050704	0.507060901614804
362.2866481367438	2.2002954938532526	0.5071310831428083
362.2907099675472	2.200355120745934	0.5072012601359466
362.2947718438903	2.200414746728512	0.507271432594736
362.29883376577374	2.2004743718007544	0.5073416005196999
362.30289573319806	2.2005339959624246	0.5074117639113569
362.30695774616373	2.2005936192132913	0.507481922770228
362.3110198046713	2.2006532415531166	0.5075520770968315
362.31508190872114	2.20071286298167	0.5076222268916898
362.31914405831395	2.200772483498715	0.5076923721553206
362.3232062534501	2.2008321031040188	0.5077625128882446
362.3272684941302	2.2008917217973494	0.5078326490909834
362.3313307803547	2.2009513395784706	0.5079027807640536
362.33539311212417	2.201010956447151	0.5079729079079784
362.339455489439	2.2010705724031556	0.5080430305232743
362.3435179122998	2.2011301874462528	0.5081131486104633
362.3475803807071	2.2011898015762075	0.5081832621700627
362.3516428946613	2.2012494147927892	0.5082533712025943
362.35570545416306	2.2013090270957614	0.5083234757085746
362.3597680592128	2.2013686384848947	0.5083935756885263
362.363830709811	2.2014282489599544	0.5084636711429652
362.3678934059583	2.2014878585207094	0.5085337620724144
362.37195614765506	2.201547467166925	0.5086038484773887
362.37601893490194	2.201607074898371	0.5086739303584115
362.38008176769915	2.2016666817148134	0.5087440077159977
362.3841446460476	2.201726287616021	0.50881408055067
362.3882075699475	2.2017858926017606	0.5088841488629438
362.39227053939965	2.201845496671802	0.5089542126533415
362.39633355440424	2.201905099825911	0.5090242719223788
362.400396614962	2.2019647020638584	0.5090943266705766
362.40445972107324	2.20202430338541	0.5091643768984516
362.40852287273884	2.2020839037903364	0.5092344226065247
362.4125860699588	2.2021435032784034	0.5093044637953116
362.4166493127341	2.202203101849382	0.5093745004653332
362.420712601065	2.2022626995030414	0.5094445326171076
362.424775934952	2.2023222962391467	0.5095145602511506
362.42883931439576	2.202381892057472	0.5095845833679852
362.4329027393966	2.2024414869577806	0.509654601968124
362.4369662099553	2.202501080939847	0.5097246160520902
362.4410297260721	2.2025606740034376	0.5097946256203987
362.4450932877476	2.202620266148322	0.5098646306735696
362.44915689498237	2.202679857374269	0.5099346312121179
362.45322054777694	2.2027394476810507	0.5100046272365655
362.4572842461316	2.202799037068433	0.5100746187474262
362.46134799004716	2.2028586255361895	0.5101446057452216
362.4654117795239	2.2029182130840863	0.5102145882304658
362.46947561456244	2.2029777997118973	0.5102845662036797
362.4735394951633	2.203037385419388	0.5103545396653778
362.47760342132705	2.2030969702063334	0.5104245086160809
362.48166739305395	2.2031565540725	0.5104944730563035
362.4857314103448	2.203216137017661	0.5105644329865654
362.4897954731998	2.203275719041583	0.5106343884073811
362.49385958161986	2.203335300144041	0.5107043393192716
362.4979237356051	2.2033948803248022	0.5107742857227507
362.50198793515636	2.2034544595836407	0.5108442276183386
362.5060521802739	2.203514037920324	0.5109141650065493
362.51011647095845	2.203573615334625	0.5109840978879026
362.5141808072103	2.203633191826314	0.5110540262629127
362.51824518903004	2.2036927673951627	0.5111239501320988
362.52230961641834	2.2037523420409424	0.5111938694959777
362.52637408937545	2.203811915763424	0.5112637843550644
362.53043860790206	2.2038714885623807	0.5113336947098784
362.53450317199855	2.2039310604375806	0.5114036005609325
362.5385677816656	2.203990631388799	0.5114735019087474
362.5426324369036	2.2040502014158054	0.5115433987538365
362.5466971377131	2.2041097705183725	0.511613291096718
362.5507618840946	2.2041693386962717	0.5116831789379078
362.5548266760486	2.2042289059492775	0.5117530622779229
362.55889151357553	2.2042884722771583	0.5118229411172776
362.56295639667616	2.20434803767969	0.5118928154564911
362.56702132535065	2.2044076021566417	0.5119626852960758
362.57108629959987	2.204467165707789	0.5120325506365524
362.575151319424	2.2045267283329015	0.5121024114784324
362.5792163848239	2.2045862900317554	0.5121722678222362
362.58328149579967	2.20464585080412	0.512242119668475
362.5873466523522	2.2047054106497708	0.5123119670176689
362.5914118544817	2.204764969568479	0.5123818098703304
362.59547710218897	2.2048245275600196	0.5124516482269788
362.59954239547426	2.2048840846241635	0.5125214820881255
362.6036077343382	2.2049436407606864	0.5125913114542898
362.60767311878135	2.2050031959693603	0.5126611363259848
362.6117385488041	2.20506275024996	0.5127309567037278
362.6158040244071	2.2051223036022565	0.5128007725880328
362.61986954559063	2.205181856026025	0.5128705839794142
362.6239351123556	2.2052414075210414	0.5129403908783916
362.62800072470213	2.205300958087076	0.5130101932854756
362.63206638263097	2.2053605077239062	0.5130799912011847
362.63613208614237	2.2054200564313033	0.5131497846260307
362.6401978352372	2.205479604209044	0.5132195735605323
362.64426362991566	2.2055391510569002	0.5132893580052011
362.64832947017845	2.205598696974649	0.5133591379605558
362.652395356026	2.2056582419620616	0.5134289134271068
362.6564612874588	2.205717786018916	0.5134986844053727
362.66052726447737	2.2057773291449845	0.5135684508958648
362.6645932870823	2.2058368713400442	0.5136382128991022
362.66865935527403	2.205896412603867	0.5137079704155947
362.67272546905315	2.205955952936231	0.513777723445861
362.67679162842	2.2060154923369093	0.5138474719904125
362.68085783337534	2.206075030805679	0.513917216049766
362.6849240839195	2.2061345683423137	0.5139869556244339
362.688990380053	2.2061941049465896	0.5140566907149321
362.6930567217764	2.2062536406182818	0.5141264213217732
362.69712310909017	2.206313175357167	0.5141961474454733
362.70118954199484	2.2063727091630194	0.514265869086544
362.70525602049105	2.206432242035617	0.5143355862455032
362.70932254457904	2.206491773974733	0.5144052989228605
362.7133891142595	2.206551304980145	0.5144750071191316
362.71745572953296	2.20661083505163	0.5145447108348323
362.72152239039985	2.206670364188962	0.5146144100704735
362.72558909686074	2.2067298923919205	0.5146841048265717
362.729655848916	2.2067894196602786	0.5147537951036371
362.7337226465665	2.206848945993816	0.5148234809021873
362.73778948981226	2.206908471392306	0.5148931622227322
362.7418563786543	2.206967995855529	0.5149628390657893
362.74592331309265	2.207027519383258	0.5150325114318672
362.7499902931281	2.2070870419752735	0.5151021793214835
362.75405731876117	2.20714656363135	0.5151718427351485
362.75812438999225	2.207206084351266	0.515241501673378
362.76219150682186	2.207265604134798	0.5153111561366828
362.76625866925065	2.2073251229817252	0.5153808061255786
362.770325877279	2.207384640891822	0.5154504516405753
362.77439313090747	2.207444157864869	0.5155200926821895
362.77846043013653	2.207503673900641	0.5155897292509307
362.78252777496675	2.2075631889989187	0.5156593613473146
362.7865951653986	2.207622703159477	0.5157289889718515
362.7906626014327	2.207682216382097	0.5157986121250567
362.7947300830692	2.207741728666553	0.51586823080744
362.7987976103091	2.207801240012627	0.5159378450195172
362.8028651831526	2.207860750420094	0.5160074547617979
362.8069328016004	2.207920259888736	0.5160770600347978
362.8110004656528	2.2079797684183275	0.5161466608390255
362.81506817531056	2.2080392760086496	0.5162162571749969
362.81913593057385	2.2080987826594796	0.5162858490432217
362.8232037314435	2.208158288370597	0.5163554364442134
362.82727157792	2.208217793141782	0.5164250193784855
362.83133947000357	2.20827729697281	0.5164945978465468
362.8354074076951	2.2083367998634644	0.5165641718489131
362.8394753909948	2.208396301813521	0.5166337413860933
362.84354341990337	2.208455802822761	0.5167033064586024
362.8476114944212	2.2085153028909623	0.5167728670669484
362.8516796145489	2.208574802017905	0.5168424232116463
362.8557477802869	2.2086343002033684	0.5169119748932062
362.85981599163574	2.2086937974471335	0.5169815221121414
362.863884248596	2.2087532937489778	0.5170510648689614
362.86795255116806	2.2088127891086837	0.51712060316418
362.87202089935255	2.208872283526029	0.5171901369983068
362.87608929314996	2.208931777000795	0.5172596663718548
362.8801577325607	2.2089912695327603	0.5173291912853333
362.8842262175854	2.209050761121708	0.5173987117392566
362.8882947482245	2.2091102517674153	0.5174682277341331
362.8923633244786	2.2091697414696654	0.5175377392704766
362.89643194634806	2.209229230228236	0.517607246348795
362.9005006138336	2.209288718042911	0.5176767489696027
362.9045693269355	2.209348204913467	0.5177462471334079
362.9086380856544	2.2094076908396896	0.5178157408407245
362.9127068899907	2.2094671758213553	0.5178852300920599
362.91677573994514	2.2095266598582484	0.517954714887927
362.92084463551816	2.2095861429501493	0.5180241952288377
362.9249135767101	2.2096456250968384	0.5180936711153006
362.9289825635216	2.209705106298098	0.5181631425478279
362.9330515959531	2.209764586553708	0.518232609526928
362.9371206740053	2.2098240658634527	0.5183020720531144
362.9411897976784	2.20988354422711	0.5183715301268941
362.9452589669733	2.2099430216444658	0.5184409837487813
362.9493281818901	2.210002498115298	0.5185104329192829
362.95339744242966	2.2100619736393914	0.5185798776389112
362.95746674859225	2.2101214482165257	0.5186493179081755
362.96153610037857	2.210180921846486	0.5187187537275868
362.9656054977889	2.210240394529051	0.5187881850976538
362.969674940824	2.210299866264007	0.5188576120188891
362.97374442948416	2.210359337051132	0.5189270344917986
362.9778139637702	2.2104188068902126	0.5189964525168967
362.9818835436822	2.210478275781028	0.5190658660946889
362.98595316922103	2.210537743723364	0.5191352752256888
362.9900228403869	2.210597210717001	0.5192046799104031
362.99409255718075	2.210656676761724	0.519274080149344
362.99816231960267	2.2107161418573136	0.5193434759430188
363.00223212765343	2.2107756060035553	0.5194128672919388
363.00630198133337	2.21083506920023	0.5194822541966112
363.01037188064316	2.2108942938268825	0.5195506254899608
363.0144418255832	2.210951920657937	0.5196121980116075
363.01851181615405	2.2110095463296107	0.5196737667540313
363.0225818523561	2.2110671708417824	0.5197353317176592
363.02665193419	2.2111247941943355	0.5197968929029232
363.0307220616564	2.211182416387152	0.5198584503102536
363.03479223475546	2.2112400374201107	0.5199200039400763
363.0388624534879	2.2112976572930965	0.5199815537928246
363.0429327178543	2.2113552760059876	0.5200430998689253
363.04700302785506	2.2114128935586694	0.5201046421688095
363.05107338349063	2.2114705099510203	0.5201661806929042
363.05514378476164	2.2115281251829253	0.5202277154416411
363.05921423166853	2.2115857392542635	0.5202892464154469
363.06328472421194	2.211643352164919	0.520350773614753
363.06735526239214	2.2117009639147724	0.5204122970399861
363.07142584620993	2.211758574503708	0.5204738166915786
363.07549647566555	2.2118161839316044	0.5205353325699545
363.0795671507598	2.211873792198348	0.5205968446755478
363.08363787149284	2.2119313993038174	0.5206583530087827
363.08770863786543	2.211989005247898	0.5207198575700918
363.09177944987806	2.21204661003047	0.5207813583599008
363.09585030753124	2.2121042136514175	0.520842855378641
363.09992121082536	2.2121618161106213	0.5209043486267376
363.10399215976116	2.2122194174079666	0.5209658381046226
363.1080631543388	2.2122770175433337	0.5210273238127214
363.1121341945592	2.2123346165166073	0.5210888057514655
363.11620528042255	2.212392214327668	0.5211502839212798
363.12027641192947	2.2124498109763997	0.5212117583225947
363.12434758908057	2.212507406462687	0.5212732289558393
363.12841881187626	2.2125650007864106	0.521334695821439
363.13249008031715	2.2126225939474558	0.5213961589198246
363.1365613944035	2.212680185945702	0.5214576182514211
363.1406327541361	2.212737776781037	0.5215190738166601
363.1447041595154	2.2127953664533413	0.5215805256159665
363.14877561054186	2.2128529549624996	0.5216419736497705
363.15284710721585	2.2129105423083937	0.5217034179184972
363.1569186495382	2.212968128490908	0.5217648584225766
363.1609902375092	2.213025713509926	0.5218262951624352
363.16506187112947	2.213083297365332	0.5218877281385019
363.16913355039935	2.2131408800570074	0.5219491573512016
363.17320527531956	2.2131984615848386	0.5220105828009649
363.17727704589043	2.213256041948707	0.5220720044882172
363.1813488621127	2.2133136211484996	0.5221334224133881
363.18542072398657	2.2133711991840963	0.5221948365769014
363.18949263151296	2.213428776055385	0.5222562469791882
363.1935645846919	2.2134863517622456	0.5223176536206721
363.1976365835243	2.213543926304566	0.5223790565017833
363.20170862801046	2.213601499682228	0.5224404556229469
363.205780718151	2.2136590718951177	0.5225018509845915
363.20985285394636	2.213716642943118	0.5225632425871424
363.2139250353971	2.2137742128261126	0.5226246304310281
363.2179972625037	2.213831781543987	0.5226860145166735
363.2220695352666	2.213889349096626	0.5227473948445072
363.2261418536865	2.213946915483914	0.522808771414956
363.2302142177637	2.214004480705734	0.5228701442284445
363.234286627499	2.214062044761973	0.5229315132854025
363.2383590828926	2.2141196076525143	0.5229928785862537
363.2424315839451	2.214177169377244	0.5230542401314268
363.2465041306572	2.214234729936044	0.5231155979213457
363.2505767230291	2.2142922893288026	0.5231769519564397
363.2546493610616	2.214349847555402	0.5232383022371321
363.2587220447551	2.2144074046157303	0.5232996487638527
363.26279477411	2.21446496050967	0.5233609915370245
363.26686754912697	2.2145225152371073	0.5234223305570755
363.27094036980645	2.2145800687979262	0.5234836658244304
363.275013236149	2.214637621192015	0.5235449973395174
363.279086148155	2.2146951724192556	0.52360632510276
363.28315910582523	2.214752722479536	0.5236676491145869
363.28723210915985	2.214810271372739	0.5237289693754205
363.2913051581597	2.214867819098753	0.5237902858856895
363.29537825282506	2.2149253656574617	0.523851598645818
363.2994513931566	2.2149829110487524	0.5239129076562336
363.30352457915467	2.215040455272508	0.5239742129173587
363.3075978108199	2.215097998328617	0.5240355144296225
363.3116710881528	2.215155540216964	0.5240968121934476
363.31574441115384	2.2152130809374366	0.5241581062092618
363.31981777982355	2.2152706204899175	0.5242193964774889
363.32389119416246	2.2153281588742955	0.5242806829985537
363.3279646541711	2.215385696090456	0.5243419657728844
363.33203815984984	2.215443232138284	0.5244032448009028
363.33611171119935	2.215500767017668	0.524464520083037
363.34018530822004	2.2155583007284916	0.5245257916197089
363.34425895091255	2.215615833270644	0.5245870594113474
363.34833263927726	2.2156733646440094	0.524648323458374
363.3524063733148	2.2157308948484755	0.524709583761216
363.35648015302553	2.215788423883927	0.5247708403202963
363.36055397841017	2.215845951750254	0.5248320931360425
363.36462784946895	2.215903478447339	0.524893342208876
363.3687017662027	2.215961003975072	0.5249545875392247
363.37277572861166	2.2160185283333376	0.5250158291275099
363.3768497366966	2.2160760515220246	0.5250770669741599
363.3809237904577	2.216133573541017	0.5251383010795954
363.38499788989577	2.2161910943902057	0.5251995314442445
363.3890720350112	2.2162486140694737	0.5252607580685282
363.39314622580446	2.216306132578712	0.5253219809528741
363.3972204622762	2.2163636499178034	0.5253832000977035
363.4012947444269	2.2164211660866395	0.5254444155034436
363.40536907225686	2.216478681085104	0.5255056271705151
363.4094434457669	2.216536194913087	0.5255668350993461
363.41351786495727	2.216593707570474	0.525628039290357
363.4175923298286	2.2166512190571526	0.5256892397439732
363.4216668403814	2.2167087293730114	0.52575043646062
363.4257413966163	2.216766238517937	0.5258116294407195
363.4298159985336	2.216823746491819	0.5258728186846972
363.43389064613393	2.216881253294542	0.5259340041929748
363.4379653394178	2.216938758925996	0.5259951859659778
363.4420400783857	2.216996263386068	0.5260563640041281
363.4461148630381	2.2170537666746464	0.5261175383078516
363.4501896933756	2.217111268791619	0.5261787088775697
363.4542645693987	2.217168769736873	0.5262398757137073
363.4583394911078	2.217226269510297	0.5263010388166862
363.4624144585036	2.21728376811178	0.5263621981869322
363.4664894715863	2.2173412655412084	0.5264233538248658
363.4705645303568	2.217398761798473	0.5264845057309133
363.47463963481533	2.217456256883459	0.5265456539054943
363.4787147849627	2.2175137507960576	0.5266067983490357
363.48278998079894	2.217571243536155	0.5266679390619572
363.4868652223251	2.217628735103643	0.5267290760446853
363.49094050954125	2.217686225498405	0.5267902092976392
363.49501584244825	2.217743714720335	0.526851338821245
363.4990912210462	2.217801202769317	0.5269124646159224
363.50316664533614	2.2178586896452437	0.526973586682098
363.50724211531815	2.2179161753480012	0.5270347050201907
363.51131763099295	2.2179736598774804	0.5270958196306262
363.515393192361	2.2180311432335675	0.5271569305138248
363.5194687994228	2.2180886254161547	0.527218037670211
363.52354445217884	2.218146106425128	0.5272791411002054
363.52762015062973	2.2182035862603793	0.5273402408042317
363.53169589477596	2.218261064921797	0.5274013367827125
363.53577168461794	2.2183185424092686	0.5274624290360692
363.5398475201563	2.218376018722686	0.527523517564725
363.54392340139134	2.218433493861936	0.5275846023691009
363.5479993283239	2.2184909678269102	0.5276456834496205
363.5520753009542	2.2185484406174965	0.5277067608067043
363.55615131928306	2.2186059122335866	0.5277678344407764
363.56022738331063	2.218663382675066	0.5278289043522555
363.5643034930377	2.2187208519418293	0.5278899705415678
363.5683796484646	2.2187783200337625	0.5279510330091312
363.572455849592	2.218835786950758	0.5280120917553701
363.57653209642024	2.2188932526927028	0.5280731467807038
363.58060838895005	2.21895071725949	0.5281341980855577
363.58468472718175	2.2190081806510067	0.5281952456703491
363.58876111111596	2.219065642867146	0.5282562895355034
363.5928375407531	2.219123103907794	0.5283173296814393
363.5969140160939	2.2191805637728454	0.5283783661085805
363.6009905371385	2.219238022462186	0.5284393988173457
363.6050671038877	2.2192954799757096	0.5285004278081584
363.6091437163419	2.2193529363133044	0.5285614530814388
363.6132203745018	2.219410391474862	0.5286224746376095
363.6172970783676	2.219467845460272	0.5286834924770898
363.62137382794	2.2195252982694247	0.5287445066003014
363.62545062321954	2.2195827499022127	0.528805517007667
363.6295274642066	2.2196402003585236	0.528866523699605
363.6336043509019	2.219697649638251	0.5289275266765385
363.6376812833057	2.219755097741283	0.5289885259388861
363.6417582614188	2.219812544667514	0.5290495214870721
363.6458352852413	2.21986999041683	0.5291105133215128
363.6499123547742	2.219927434989127	0.5291715014426331
363.6539894700176	2.2199848783842913	0.5292324858508499
363.6580666309723	2.2200423206022184	0.5292934665465873
363.66214383763855	2.2200997616427953	0.5293544435302624
363.66622109001725	2.220157201505917	0.5294154168022993
363.6702983881085	2.2202146401914713	0.5294763863631143
363.674375731913	2.2202720776993528	0.529537352213132
363.6784531214313	2.2203295140294492	0.529598314352769
363.68253055666383	2.220386949181656	0.5296592727824487
363.6866080376111	2.2204443831558605	0.5297202275025882
363.6906855642737	2.2205018159519576	0.5297811785136103
363.69476313665206	2.2205592475698372	0.5298421258159332
363.6988407547468	2.220616678009392	0.5299030694099787
363.7029184185583	2.2206741072705114	0.5299640092961636
363.7069961280872	2.2207315353530905	0.5300249454749116
363.71107388333394	2.2207889622570187	0.5300858779466401
363.715151684299	2.2208463879821894	0.5301468067117701
363.7192295309829	2.2209038125284932	0.5302077317707201
363.7233074233863	2.2209612358958237	0.5302686531239112
363.7273853615094	2.2210186580840707	0.5303295707717605
363.731463345353	2.221076079093128	0.5303904847146896
363.73554137491766	2.221133498922889	0.530451394953119
363.73961945020363	2.221190917573243	0.5305123014874662
363.7436975712116	2.221248335044085	0.5305732043181509
363.74777573794205	2.221305751335305	0.5306341034455926
363.75185395039546	2.2213631664467988	0.5306949988702112
363.7559322085723	2.2214205803784544	0.5307558905924241
363.7600105124732	2.221477993130168	0.5308167786126528
363.7640888620985	2.22153540470183	0.5308776629313137
363.768167257449	2.2215928150933357	0.530938543548829
363.7722456985249	2.221650224304575	0.5309994204656149
363.7763241853269	2.221707632335442	0.5310602936820918
363.78040271785545	2.2217650391858292	0.5311211631986772
363.7844812961111	2.2218225821924684	0.5311826034665375
363.7885599200943	2.221881859339454	0.5312512977092969
363.79263858980573	2.2219411355058485	0.5313199875922553
363.7967173052456	2.222000410691447	0.5313886731159077
363.8007960664147	2.2220596848960517	0.5314573542807548
363.80487487331345	2.222118958119458	0.5315260310872922
363.80895372594233	2.222178230361467	0.5315947035360207
363.81303262430185	2.2222375016218776	0.5316633716274366
363.8171115683925	2.222296771900489	0.5317320353620394
363.8211905582149	2.222356041197099	0.5318006947403254
363.82526959376946	2.222415309511509	0.5318693497627944
363.82934867505685	2.2224745768435183	0.5319380004299444
363.8334278020773	2.222533843192925	0.5320066467422712
363.8375069748316	2.2225931085595305	0.5320752887002749
363.8415861933201	2.2226523729431324	0.5321439263044513
363.8456654575435	2.2227116363435333	0.5322125595553001
363.849744767502	2.22277089876053	0.5322811884533163
363.8538241231965	2.2228301601939258	0.5323498129990006
363.8579035246271	2.2228894206435172	0.5324184331928468
363.86198297179465	2.2229486801091083	0.5324870490353562
363.8660624646994	2.223007938590496	0.5325556605270222
363.8701420033421	2.223067196087483	0.5326242676683459
363.8742215877231	2.223126452599868	0.5326928704598213
363.8783012178431	2.2231857081274535	0.5327614689019489
363.8823808937023	2.223244962670038	0.5328300629952216
363.8864606153015	2.223304216227425	0.5328986527401413
363.8905403826411	2.2233634687994126	0.5329672381372005
363.8946201957216	2.2234227203858032	0.533035819186899
363.8987000545435	2.223481970986397	0.5331043958897321
363.9027799591074	2.223541220600997	0.5331729682461983
363.90685990941364	2.2236004692294014	0.5332415362567914
363.91093990546307	2.2236597168714147	0.5333100999220121
363.9150199472558	2.223718963526835	0.5333786592423525
363.9191000347926	2.223778209195466	0.5334472142183124
363.92318016807394	2.22383745387711	0.5335157648503885
363.9272603471002	2.2238966975715657	0.5335843111390741
363.9313405718721	2.223955940278639	0.5336528530848696
363.93542084239	2.2240151819981278	0.5337213906882677
363.9395011586545	2.2240744227298364	0.5337899239497671
363.94358152066593	2.2241336624735646	0.5338584528698618
363.9476619284252	2.224192901229118	0.533926977449051
363.9517423819323	2.2242521389962953	0.5339954976878272
363.9558228811883	2.2243113757749025	0.5340640135866902
363.9599034261932	2.2243706115647375	0.5341325251461317
363.9639840169479	2.2244298463656067	0.5342010323666514
363.96806465345253	2.22448908017731	0.5342695352487412
363.972145335708	2.2245483129996524	0.5343380337929013
363.9762260637146	2.2246075448324345	0.5344065279996234
363.98030683747294	2.2246667756754612	0.5344750178694063
363.98438765698336	2.2247260055285327	0.5345435034027419
363.98846852224665	2.224785234391456	0.5346119846001306
363.9925494332631	2.2248444622640307	0.5346804614620632
363.99663039003326	2.224903689146061	0.5347489339890376
364.00071139255766	2.22496291503735	0.5348174021815476
364.004792440837	2.2250221399377037	0.5348858660400909
364.00887353487144	2.2250813638469222	0.53495432556516
364.0129546746617	2.225140586764811	0.5350227807572523
364.01703586020835	2.225199808691172	0.5350912316168597
364.02111709151177	2.225259029625812	0.5351596781444807
364.0251983685725	2.225318249568531	0.5352281203406073
364.0292796913911	2.2253774685191354	0.535296558205736
364.033361059968	2.2254366864774298	0.5353649917403625
364.03744247430376	2.2254959034432162	0.5354334209449794
364.0415239343991	2.2255551194163017	0.5355018458200839
364.0456054402541	2.2256143343964867	0.5355702663661667
364.0496869918697	2.2256735483835803	0.5356386825837275
364.0537685892462	2.2257327613773823	0.5357070944732559
364.05785023238406	2.2257919733777007	0.53577550203525
364.06193192128393	2.225851184384338	0.5358439052702018
364.0660136559462	2.225910394397101	0.5359123041786071
364.07009543637145	2.2259696034157916	0.5359806987609582
364.07417726256034	2.2260288114402194	0.5360490890177526
364.078259134513	2.226088018470184	0.5361174749494806
364.0823410522304	2.2261472245054947	0.5361858565566395
364.0864230157126	2.2262064295459547	0.536254233839721
364.0905050249605	2.2262656335913706	0.5363226067992211
364.0945870799744	2.226324836641545	0.5363909754356305
364.098669180755	2.226384038696288	0.5364593397494477
364.1027513273025	2.2264432397554	0.5365276997411613
364.1068335196177	2.2265024398186912	0.5365960554112691
364.110915757701	2.226561638885964	0.5366644067602625
364.11499804155284	2.2266208369570264	0.536732753788636
364.1190803711739	2.2266800340316832	0.5368010964968825
364.1231627465645	2.22673923010974	0.5368694348854945
364.1272451677254	2.226798425191006	0.5369377689549689
364.1313276346569	2.2268576192752834	0.5370060987057955
364.1354101473596	2.2269168123623815	0.5370744241384697
364.13949270583396	2.226976004452103	0.5371427452534819
364.14357531008056	2.2270351955442598	0.5372110620513291
364.1476579600999	2.227094385638653	0.537279374532501
364.1517406558925	2.2271535747350937	0.5373476826974936
364.1558233974588	2.2272127628333855	0.5374159865467967
364.15990618479947	2.2272719499333373	0.5374842860809059
364.1639890179148	2.2273311360347536	0.5375525813003112
364.1680718968055	2.227390321137445	0.5376208722055094
364.1721548214719	2.227449505241214	0.5376891587969884
364.1762377919148	2.227508688345873	0.5377574410752447
364.18032080813435	2.227567870451225	0.5378257190407686
364.1844038701314	2.22762705155708	0.5378939926940547
364.18848697790617	2.2276862316632435	0.5379622620355923
364.1925701314594	2.227745410769525	0.5380305270658773
364.19665333079143	2.22780458887573	0.5380987877853993
364.20073657590297	2.227863765981669	0.5381670441946523
364.2048198667943	2.227922942087147	0.5382352962941273
364.2089032034662	2.227982117191974	0.5383035440843182
364.212986585919	2.228041291295956	0.5383717875657144
364.2170700141532	2.228100464398903	0.5384400267388104
364.2211534881693	2.2281596365006218	0.5385082616040957
364.225237007968	2.2282188076009226	0.5385764921620659
364.2293205735496	2.2282779776996104	0.538644718413208
364.2334041849147	2.2283371467964965	0.5387129403580171
364.23748784206396	2.22839631489139	0.538781157996985
364.2415715449976	2.2284554819840965	0.5388493713306013
364.24565529371637	2.2285146480744276	0.5389175803593602
364.2497390882207	2.22857381316219	0.5389857850837507
364.25382292851106	2.2286329772471944	0.539053985504266
364.25790681458795	2.228692140329247	0.5391221816213956
364.26199074645217	2.228751302408161	0.5391903734356338
364.2660747241037	2.2288104634837413	0.5392585609474685
364.2701587475436	2.228869623555801	0.5393267441573946
364.274242816772	2.228928782624146	0.5393949230658985
364.2783269317896	2.2289879406885884	0.5394630976734761
364.28241109259676	2.2290470977489356	0.539531267980615
364.2864952991943	2.2291062538049995	0.5395994339878086
364.29057955158237	2.229165408856587	0.5396675956955449
364.2946638497617	2.2292245629035103	0.5397357531043181
364.2987481937327	2.2292837159455776	0.5398039062146159
364.30283258349607	2.229342867982601	0.5398720550269325
364.306917019052	2.2294020190143873	0.5399401995417545
364.31100150040135	2.2294611690407504	0.5400083397595759
364.31508602754434	2.2295203180614966	0.5400764756808841
364.3191706004817	2.22957946607644	0.5401446073061734
364.3232552192138	2.229638613085388	0.5402127346359307
364.3273398837412	2.229697759088152	0.5402808576706473
364.3314245940645	2.2297569040845446	0.5403489764108154
364.3355093501841	2.229816048074373	0.540417090856922
364.33959415210063	2.229875191057451	0.540485201009461
364.34367899981436	2.229934333033587	0.5405533068689181
364.34776389332615	2.2299934740025944	0.540621408435788
364.3518488326362	2.2300526139642813	0.5406895057105566
364.35593381774527	2.2301117529184618	0.5407575986937172
364.3600188486536	2.2301708908649447	0.5408256873857564
364.36410392536203	2.230230027803544	0.5408937717871677
364.3681890478708	2.230289163734067	0.5409618518984358
364.3722742161806	2.230348298656329	0.5410299277200558
364.3763594302918	2.2304074325701397	0.541097999252513
364.38044469020514	2.2304665654753117	0.5411660664963005
364.3845299959208	2.2305256973716547	0.541234129451904
364.3886153474396	2.230584828258984	0.5413021881198168
364.3927007447619	2.230643958137107	0.5413702425005248
364.3967861878882	2.2307030870058404	0.5414382925945204
364.40087167681895	2.230762214864992	0.5415063384022889
364.4049572115549	2.2308213417143774	0.5415743799243238
364.4090427920965	2.2308804675538068	0.5416424171611112
364.41312841844416	2.2309395923830935	0.5417104501131417
364.4172140905983	2.230998716202049	0.5417784787809029
364.42129980855975	2.2310578390104867	0.5418465031648856
364.42538557232865	2.2311169608082184	0.5419145232655762
364.4294713819057	2.231176081595057	0.5419825390834647
364.4335572372916	2.2312352013708177	0.5420505506190423
364.4376431384865	2.2312943201353086	0.542118557872793
364.44172908549126	2.2313534378883473	0.5421865608452094
364.445815078306	2.231412554629743	0.5422545595367765
364.4499011169317	2.231471670359312	0.5423225539479869
364.4539872013685	2.231530785076865	0.5423905440793251
364.45807333161713	2.231589898782218	0.5424585299312826
364.4621595076779	2.231649011475182	0.5425265115043449
364.46624572955153	2.231708123155572	0.542594488799003
364.4703319972383	2.231767233823199	0.5426624618157417
364.4744183107391	2.231826343477881	0.5427304305550532
364.47850467005406	2.2318854521194273	0.5427983950174212
364.4825910751839	2.2319445597476553	0.5428663552033377
364.48667752612903	2.232003666362376	0.5429343111132876
364.49076402289006	2.2320627719634056	0.5430022627477614
364.49485056546746	2.232121876550557	0.5430702101072437
364.4989371538618	2.232180980123645	0.5431381531922257
364.5030237880734	2.2322400826824818	0.5432060920031914
364.50711046810306	2.232299184226886	0.5432740265406321
364.5111971939509	2.232358284756667	0.5433419568050321
364.5152839656179	2.232417384271644	0.5434098827968817
364.51937078310425	2.232476482771628	0.5434778045166657
364.5234576464107	2.2325355802564366	0.5435457219648748
364.5275445555374	2.2325946767258817	0.5436136351419921
364.5316315104853	2.23265377217978	0.5436815440485079
364.53571851125463	2.2327128666179465	0.5437494486849093
364.5398055578459	2.232771960040195	0.5438173490516811
364.5438926502598	2.2328310524463433	0.5438852451493136
364.54797978849666	2.2328901438362023	0.5439531369782904
364.5520669725572	2.2329492342095913	0.5440210245391016
364.55615420244175	2.233008323566324	0.5440889078322316
364.56024147815094	2.2330674119062164	0.5441567868581693
364.5643287996851	2.233126499229082	0.5442246616173981
364.56841616704503	2.23318558553474	0.5442925321104092
364.572503580231	2.233244670823003	0.544360398337685
364.5765910392436	2.23330375509369	0.5444282602997165
364.58067854408336	2.233362838346612	0.5444961179969848
364.58476609475093	2.2334219205815913	0.5445639714299817
364.58885369124647	2.2334810017984377	0.5446318205991887
364.5929413335708	2.233540081996973	0.5446996655050966
364.5970290217244	2.2335991611770085	0.5447675061481883
364.60111675570766	2.233658239338365	0.5448353425289519
364.6052045355212	2.2337173164808553	0.5449031746478717
364.6092923611655	2.233776392604298	0.5449710025054365
364.613380232641	2.233835467708509	0.5450388261021298
364.61746814994837	2.2338945417933056	0.5451066454384393
364.6215561130879	2.2339536148585024	0.545174460514848
364.6256441220603	2.234012686903919	0.5452422713318449
364.62973217686607	2.2340717579293723	0.5453100778899149
364.6338202775056	2.2341308279346763	0.5453778801895421
364.6379084239796	2.2341898969196525	0.5454456782312159
364.64199661628834	2.234248964884114	0.5455134720154172
364.64608485443256	2.2343080318278807	0.5455812615426351
364.6501731384126	2.234367097750768	0.5456490468133518
364.6542614682291	2.2344261626525963	0.5457168278280569
364.65834984388243	2.2344852265331796	0.5457846045872311
364.6624382653732	2.234541476217842	0.5458408607444089
364.66652673270204	2.2345967471079717	0.5458931121994035
364.67061524586927	2.234652016645439	0.545945360662972
364.6747038048755	2.2347072848302183	0.5459976061354428
364.6787924097212	2.2347625516622904	0.5460498486171496
364.6828810604068	2.2348178171416273	0.5461020881084201
364.68696975693314	2.2348730812682107	0.546154324609588
364.6910584993003	2.2349283440420127	0.5462065581209806
364.69514728750914	2.2349836054630146	0.546258788642932
364.6992361215599	2.2350388655311892	0.5463110161757694
364.70332500145344	2.235094124246517	0.5463632407198261
364.7074139271899	2.2351493816089723	0.5464154622754299
364.71150289877	2.2352046376185344	0.5464676808429135
364.7155919161942	2.2352598922751765	0.5465198964226045
364.7196809794632	2.235315145578881	0.5465721090148365
364.72377008857706	2.2353703975296195	0.5466243186199361
364.7278592435368	2.2354256481273738	0.5466765252382368
364.73194844434255	2.2354808973721174	0.5467287288700661
364.73603769099503	2.2355361452638296	0.5467809295157554
364.74012698349475	2.235591391802488	0.5468331271756351
364.74421632184215	2.2356466369880668	0.5468853218500332
364.74830570603785	2.2357018808205478	0.5469375135392825
364.7523951360822	2.235757123299904	0.5469897022437104
364.7564846119759	2.2358123644261156	0.5470418879636482
364.7605741337193	2.235867604199157	0.5470940706994234
364.76466370131294	2.2359228426190096	0.5471462504513692
364.7687533147574	2.235978079685647	0.547198427219812
364.77284297405333	2.23603331539905	0.5472506010050843
364.7769326792009	2.236088549759193	0.5473027718075124
364.7810224302009	2.2361437827660557	0.5473549396274293
364.7851122270537	2.2361990144196136	0.5474071044651615
364.7892020697599	2.236254244719847	0.5474592663210407
364.79329195831997	2.23630947366673	0.5475114251953944
364.79738189273445	2.236364701260244	0.5475635810885535
364.8014718730038	2.2364199275003633	0.547615734000846
364.8055618991287	2.2364751523870687	0.5476678839326027
364.80965197110936	2.236530375920334	0.5477200308841499
364.8137420889466	2.236585598100142	0.5477721748558205
364.8178322526407	2.236640818926465	0.5478243158479398
364.8219224621924	2.2366960383992853	0.5478764538608403
364.82601271760205	2.2367512565185783	0.5479285888948486
364.8301030188701	2.2368064732843225	0.5479807209502938
364.8341933659973	2.2368616886964956	0.5480328500275065
364.83828375898395	2.236916902755076	0.5480849761268133
364.84237419783074	2.2369721154600417	0.5481370992485454
364.846464682538	2.2370273268113694	0.548189219393029
364.8505552131065	2.2370825368090395	0.5482413365605953
364.85464578953645	2.237137745453028	0.5482934507515708
364.8587364118286	2.2371929527433134	0.5483455619662853
364.8628270799832	2.2372481586798734	0.5483976702050664
364.86691779400115	2.237303363262688	0.5484497754682445
364.8710085538827	2.2373585664917335	0.5485018777561457
364.8750993596283	2.237413768366989	0.5485539770690996
364.87919021123867	2.237468968888432	0.5486060734074344
364.88328110871424	2.237524168056042	0.5486581667714788
364.88737205205547	2.2375793658697956	0.5487102571615596
364.89146304126297	2.2376345623296725	0.548762344578007
364.89555407633713	2.2376897574356494	0.5488144290211473
364.89964515727866	2.2377449511877074	0.5488665104913105
364.90373628408787	2.2378001435858224	0.5489185889888224
364.90782745676546	2.237855334629975	0.5489706645140138
364.9119186753116	2.23791052432014	0.5490227370672096
364.9160099397273	2.237965712656301	0.5490748066487408
364.92010125001264	2.2380208996384314	0.5491268732589317
364.92419260616845	2.2380760852665147	0.5491789368981141
364.9282840081951	2.238131269540525	0.5492309975666122
364.93237545609304	2.238186452460444	0.5492830552647561
364.9364669498629	2.2382416340262488	0.5493351099928718
364.94055848950507	2.238296814237918	0.549387161751288
364.94465007502026	2.2383519930954323	0.5494392105403326
364.9487417064088	2.238407170598767	0.5494912563603317
364.95283338367136	2.238462346747905	0.5495432992116146
364.9569251068083	2.2385175215428217	0.549595339094507
364.9610168758203	2.2385726949834983	0.5496473760093377
364.9651086907076	2.2386278670699107	0.5496994099564325
364.9692005514711	2.238683037802041	0.5497514409361203
364.97329245811096	2.2387382071798663	0.5498034689487268
364.9773844106279	2.2387933752033664	0.5498554939945806
364.9814764090223	2.2388485418725192	0.5499075160740075
364.9855684532949	2.2389037071873052	0.5499595351873362
364.9896605434459	2.2389588711477018	0.5500115513348913
364.9937526794761	2.2390140337536897	0.5500635645170024
364.99784486138583	2.2390691950052464	0.5501155747339949
365.0019370891757	2.2391243549023527	0.5501675819861969
365.0060293628461	2.2391795134449852	0.5502195862739327
365.0101216823978	2.239234670633127	0.5502715875975326
365.01421404783105	2.239289826466753	0.5503235859573204
365.0183064591465	2.239344980945846	0.5503755813536246
365.0223989163445	2.2394001340703826	0.5504275737867703
365.02649141942595	2.2394552858403443	0.5504795632570867
365.0305839683909	2.239510436255708	0.5505315497648967
365.0346765632401	2.239565585316455	0.5505835333105293
365.03876920397414	2.2396207330225653	0.5506355138943114
365.0428618905933	2.239675879374016	0.5506874915165675
365.0469546230984	2.239731024370789	0.5507394661776258
365.0510474014896	2.239786168012861	0.5507914378778106
365.0551402257677	2.2398413103002146	0.5508434066174506
365.05923309593305	2.2398964512328257	0.550895372396869
365.0633260119863	2.239951590810678	0.5509473352163953
365.0674189739278	2.2400067290337478	0.5509992950763526
365.0715119817582	2.240061865902017	0.5510512519770697
365.07560503547796	2.2401170014154634	0.5511032059188701
365.07969813508765	2.2401721355740687	0.5511551569020818
365.08379128058766	2.2402272683778093	0.5512071049270286
365.08788447197867	2.240282399826669	0.5512590499940386
365.091977709261	2.2403375299206245	0.5513109921034357
365.09607099243533	2.240392658659658	0.5513629312555481
365.10016432150206	2.2404477860437466	0.5514148674506985
365.1042576964619	2.240502912072873	0.5514668006892154
365.1083511173151	2.2405580367470153	0.5515187309714225
365.1124445840624	2.2406131600661543	0.5515706582976462
365.11653809670406	2.240668282030269	0.5516225826682116
365.1206316552409	2.24072340263934	0.551674504083445
365.1247252596732	2.2407785218933474	0.5517264225436707
365.1288189100016	2.240833639792272	0.5517783380492152
365.13291260622645	2.240888756336091	0.5518302506004025
365.1370063483485	2.2409438715247876	0.5518821601975591
365.14110013636815	2.2409989853583414	0.5519340668410104
365.1451939702858	2.2410540978367304	0.5519859705310801
365.14928785010227	2.2411092089599385	0.5520378712680963
365.15338177581776	2.2411643187279418	0.55208976905238
365.157475747433	2.241219427140724	0.5521416638842601
365.16156976494824	2.2412745341982623	0.552193555764058
365.16566382836436	2.241329639900541	0.5522454446921026
365.16975793768154	2.2413847442475356	0.5522973306687152
365.1738520929005	2.2414398472392305	0.5523492136942233
365.17794629402175	2.2414949488756037	0.5524010937689499
365.1820405410457	2.2415500491566376	0.5524529708932211
365.18613483397286	2.24160514808231	0.5525048450673602
365.1902291728039	2.2416602456526045	0.5525567162916942
365.19432355753906	2.241715341867498	0.5526085845665444
365.1984179881793	2.241770436726975	0.5526604498922388
365.2025124647245	2.2418255302310124	0.5527123122690988
365.20660698717586	2.241880622379594	0.5527641716974517
365.2107015555334	2.2419357131726976	0.5528160281776194
365.2147961697978	2.2419908026103066	0.5528678817099286
365.2188908299696	2.242045890692399	0.5529197322947015
365.2229855360494	2.2421009774189584	0.5529715799322646
365.2270802880375	2.242156062789962	0.55302342462294
365.2311750859345	2.242211146805394	0.5530752663670536
365.23526992974104	2.242266229465233	0.5531271051649282
365.23936481945736	2.2423213107694595	0.5531789410168877
365.2434597550843	2.242376390718058	0.5532307739232588
365.24755473662213	2.2424314693110046	0.5532826038843617
365.2516497640716	2.242486546548284	0.5533344309005243
365.25574483743287	2.242541622429874	0.5533862549720666
365.25983995670686	2.2425966969557587	0.5534380760993158
365.26393512189384	2.2426517701259168	0.5534898942825934
365.26803033299433	2.242706841940331	0.5535417095222245
365.2721255900089	2.24276191239898	0.5535935218185318
365.27622089293806	2.2428169815018473	0.5536453311718397
365.2803162417823	2.2428720492489127	0.5536971375824713
365.28441163654225	2.2429271156401587	0.5537489410507507
365.28850707721824	2.242982180675564	0.5538007415770009
365.29260256381093	2.2430372443551128	0.553852539161546
365.29669809632065	2.2430923066787836	0.5539043338047085
365.3007936747482	2.2431473676465603	0.5539561255068131
365.3048892990938	2.2432024272584212	0.5540079142681812
365.3089849693583	2.2432574855143512	0.5540597000891383
365.3130806855418	2.243312542414328	0.5541114829700058
365.3171764476452	2.2433675979583363	0.5541632629111086
365.3212722556687	2.2434226521463545	0.5542150399127675
365.32536810961307	2.2434777049783667	0.5542668139753082
365.32946400947867	2.243532756454352	0.5543185850990515
365.333559955266	2.243587806574293	0.554370353284321
365.3376559469758	2.243642855338172	0.5544221185314412
365.3417519846083	2.243697902745969	0.5544738808407325
365.34584806816423	2.243752948797668	0.5545256402125212
365.34994419764394	2.2438079934932476	0.5545773966471255
365.35404037304806	2.243863036832692	0.5546291501448725
365.358136594377	2.2439180788159803	0.5546809007060817
365.36223286163136	2.243973119443097	0.5547326483310783
365.36632917481165	2.2440281587140216	0.554784393020182
365.3704255339184	2.2440831966287376	0.5548361347737188
365.374521938952	2.244138233187225	0.5548878735920079
365.3786183899132	2.2441932683894676	0.5549396094753748
365.38271488680215	2.2442483022354445	0.5549913424241386
365.38681142961974	2.2443033347251413	0.5550430724386252
365.39090801836636	2.244358365858536	0.5550947995191537
365.39500465304246	2.244413395635614	0.5551465236660492
365.39910133364856	2.244468424056354	0.5551982448796317
365.4031980601853	2.2445234511207417	0.5552499631602255
365.40729483265295	2.2445784768287544	0.5553016785081496
365.4113916510522	2.2446335011803793	0.5553533909237298
365.41548851538363	2.2446885241755945	0.5554051004072852
365.4195854256477	2.2447435458143845	0.5554568069591397
365.4236823818447	2.2447985660967293	0.5555085105796129
365.4277793839755	2.244853585022614	0.5555602112690302
365.4318764320404	2.244908602592017	0.5556119090277096
365.43597352603996	2.244963618804924	0.5556636038559764
365.44007066597464	2.245018633661315	0.5557152957541497
365.4441678518451	2.245073647161173	0.5557669847225519
365.4482650836517	2.245128659304481	0.5558186707615059
365.4523623613951	2.2451836700912207	0.5558703538713319
365.45645968507574	2.245238679521375	0.5559220340523527
365.4605570546941	2.2452936875949248	0.5559737113048877
365.4646544702507	2.245348694311854	0.5560253856292611
365.4687519317461	2.245403699672144	0.5560770570257916
365.4728494391809	2.2454587036757787	0.5561287254948035
365.4769469925554	2.245513706322739	0.5561803910366149
365.48104459187033	2.2455687076130086	0.5562320536515502
365.485142237126	2.245623707546569	0.5562837133399277
365.4892399283232	2.245678706123404	0.5563353701020708
365.4933376654621	2.2457337033434954	0.556387023938299
365.4974354485435	2.2457886992068263	0.5564386748489354
365.50153327756766	2.2458436937133786	0.5564903228342984
365.50563115253544	2.2458986868631357	0.5565419678947116
365.5097290734469	2.2459536786560794	0.5565936100304936
365.5138270403031	2.2460086690921943	0.5566452492419676
365.5179250531041	2.246063658171462	0.5566968855294525
365.52202311185056	2.2461186458938656	0.5567485188932702
365.5261212165432	2.246173632259387	0.5568001493337408
365.53021936718216	2.246228617268011	0.5568517768511863
365.5343175637682	2.2462836009197176	0.5569034014459244
365.5384158063017	2.2463385832144915	0.5569550231182787
365.5425140947834	2.2463829969366373	0.5569640230273206
365.5466124292136	2.2464261649774024	0.5569680040385873
365.55071080959294	2.246469331723637	0.5569719850531876
365.5548092359218	2.2465124971754133	0.5569759660711112
365.558907708201	2.2465556613328133	0.5569799470923473
365.5630062264305	2.24659882419591	0.5569839281168856
365.5671047906114	2.2466419857647844	0.556987909144715
365.57120340074385	2.246685146039511	0.5569918901758253
365.57530205682855	2.2467283050201687	0.5569958712102059
365.57940075886586	2.246771462706834	0.5569998522478455
365.58349950685647	2.2468146190995846	0.5570038332887345
365.58759830080066	2.2468577741984967	0.5570078143328614
365.5916971406992	2.2469009280036496	0.5570117953802161
365.5957960265525	2.2469440805151186	0.5570157764307877
365.5998949583611	2.2469872317329824	0.5570197574845659
365.60399393612545	2.2470303816573165	0.5570237385415397
365.6080929598461	2.2470735302882	0.5570277196016991
365.61219202952344	2.2471166776257077	0.5570317006650329
365.6162911451583	2.2471598236699197	0.5570356817315308
365.6203903067509	2.2472029684209103	0.5570396628011821
365.62448951430196	2.2472461118787597	0.5570436438739761
365.6285887678117	2.247289254043542	0.5570476249499025
365.6326880672811	2.247332394915337	0.5570516060289505
365.63678741271013	2.24737553449422	0.5570555871111095
365.6408868040998	2.247418672780269	0.5570595681963693
365.6449862414503	2.2474618097735606	0.5570635492847187
365.64908572476224	2.2475049454741716	0.5570675303761474
365.65318525403626	2.247548079882182	0.5570715114706449
365.65728482927267	2.2475912129976647	0.5570754925682005
365.66138445047216	2.2476343448207	0.557079473668804
365.665484117635	2.2476774753513626	0.5570834547724444
365.66958383076206	2.247720604589732	0.557087435879111
365.67368358985357	2.247763732535884	0.5570914169887935
365.67778339491025	2.247806859189896	0.5570953981014815
365.6818832459323	2.247849984551843	0.5570993792171641
365.6859831429206	2.247893108621806	0.5571033603358311
365.6900830858754	2.2479362313998585	0.5571073414574716
365.6941830747975	2.2479793528860803	0.5571113225820752
365.698283109687	2.248022473080546	0.5571153037096311
365.70238319054477	2.2480655919833348	0.5571192848401292
365.70648331737124	2.2481087095945216	0.5571232659735588
365.710583490167	2.2481518259141855	0.557127247109909
365.7146837089322	2.248194940942401	0.5571312282491697
365.71878397366777	2.2482380546792484	0.5571352093913302
365.722884284374	2.2482811671248015	0.5571391905363797
365.72698464105156	2.248324278279139	0.5571431716843082
365.7310850437009	2.2483673881423374	0.5571471528351047
365.7351854923224	2.2484104967144747	0.5571511339887588
365.73928598691674	2.248453603995626	0.55715511514526
365.7433865274843	2.2484967099858686	0.5571590963045978
365.74748711402583	2.248539814685282	0.5571630774667614
365.7515877465416	2.2485829180939394	0.5571670586317409
365.7556884250323	2.248626020211921	0.557171039799525
365.75978914949826	2.2486691210393004	0.5571750209701039
365.76388991994025	2.248712220576158	0.5571790021434665
365.76799073635857	2.248755318822568	0.5571829833196026
365.7720915987538	2.248798415778609	0.5571869644985015
365.77619250712644	2.248841511444357	0.5571909456801529
365.7802934614771	2.2488846058198897	0.5571949268645462
365.7843944618061	2.248927698905282	0.5571989080516706
365.7884955081141	2.2489707907006142	0.5572028892415162
365.7925966004016	2.249013881205959	0.5572068704340719
365.79669773866925	2.2490569704213965	0.5572108516293276
365.80079892291724	2.2491000583470018	0.5572148328272727
365.80490015314643	2.2491431449828534	0.5572188140278965
365.809001429357	2.249186230329026	0.5572227952311887
365.8131027515498	2.2492293143855977	0.5572267764371389
365.81720411972515	2.249272397152645	0.5572307576457363
365.82130553388356	2.2493154786302454	0.5572347388569706
365.82540699402557	2.249358558818474	0.5572387200708313
365.8295085001518	2.24940163771741	0.5572427012873079
365.83361005226254	2.249444715327128	0.5572466825063898
365.8377116503586	2.2494877916477067	0.557250663728067
365.84181329444016	2.2495308666792204	0.5572546449523281
365.845914984508	2.2495739404217474	0.5572586261791637
365.85001672056256	2.249617012875366	0.5572626074085626
365.8541185026043	2.249660084040149	0.5572665886405146
365.8582203306339	2.2497031539161774	0.5572705698750091
365.86232220465166	2.249746222503524	0.5572745511120355
365.86642412465824	2.249789289802269	0.5572785323515839
365.87052609065404	2.2498323558124866	0.5572825135936432
365.87462810263975	2.2498754205342553	0.5572864948382034
365.87873016061565	2.24991848396765	0.5572904760852537
365.88283226458253	2.249961546112749	0.5572944573347839
365.8869344145407	2.250004606969628	0.5572984385867832
365.89103661049074	2.250047666538365	0.5573024198412417
365.8951388524331	2.2500907248190343	0.5573064010981484
365.8992411403685	2.250133781811715	0.5573103823574932
365.9033434742971	2.2501768375164812	0.5573143636192655
365.90744585421976	2.2502198919334124	0.5573183448834548
365.91154828013686	2.2502629450625835	0.5573223261500507
365.9156507520489	2.2503059969040713	0.557326307419043
365.9197532699564	2.250349047457952	0.557330288690421
365.92385583385993	2.2503920967243043	0.5573342699641741
365.9279584437599	2.2504351447032023	0.5573382512402923
365.93206109965706	2.2504781913947243	0.557342232518765
365.9361638015516	2.250521236798945	0.5573462137995817
365.9402665494443	2.2505642809159436	0.5573501950827321
365.9443693433354	2.2506073237457938	0.5573541763682054
365.9484721832257	2.250650365288574	0.5573581576559916
365.95257506911565	2.250693405544361	0.5573621389460802
365.95667800100557	2.2507364445132296	0.5573661202384605
365.9607809788963	2.2507794821952594	0.5573701015331226
365.964884002788	2.2508225185905233	0.5573740828300555
365.96898707268156	2.2508655536991005	0.5573780641292494
365.9730901885771	2.2509085875210655	0.5573820454306933
365.9771933504755	2.250951620056497	0.5573860267343772
365.98129655837704	2.25099465130547	0.5573900080402903
365.98539981228237	2.2510376812680617	0.5573939893484227
365.9895031121918	2.2510807099443477	0.5573979706587635
365.99360645810606	2.2511237373344053	0.5574019519713028
365.9977098500256	2.2511667634383103	0.5574059332860297
366.00181328795105	2.2512097882561406	0.5574099146029342
366.00591677188265	2.25125281178797	0.5574138959220057
366.01002030182116	2.2512958340338782	0.557417877243234
366.0141238777669	2.251338854993939	0.5574218585666084
366.0182274997206	2.2513818746682306	0.5574258398921188
366.02233116768264	2.251424893056828	0.5574298212197546
366.02643488165353	2.251467910159809	0.5574338025495055
366.0305386416339	2.2515109259772483	0.5574377838813612
366.0346424476242	2.2515539405092246	0.5574417652153115
366.0387462996248	2.2515969537558123	0.5574457465513453
366.04285019763637	2.251639965717088	0.5574497278894529
366.0469541416595	2.25168297639313	0.5574537092296238
366.0510581316945	2.251725985784012	0.5574576905718475
366.0551621677421	2.2517689938898124	0.5574616719161137
366.05926624980265	2.251812000710607	0.557465653262412
366.06337037787677	2.2518550062464713	0.5574696346107322
366.0674745519649	2.251898010497482	0.5574736159610637
366.07157877206765	2.2519410134637172	0.5574775973133964
366.0756830381854	2.2519840151452506	0.5574815786677196
366.0797873503188	2.25202701554216	0.5574855600240233
366.08389170846823	2.252070014654521	0.5574895413822968
366.08799611263436	2.252113012482411	0.5574935227425301
366.09210056281756	2.252156009025905	0.5574975041047124
366.09620505901853	2.2521990042850804	0.5575014854688339
366.1003096012376	2.2522419982600126	0.5575054668348841
366.1044141894754	2.252284990950779	0.5575094482028523
366.10851882373225	2.252327982357454	0.5575134295727285
366.112623504009	2.252370972480116	0.5575174109445022
366.11672823030585	2.2524139613188394	0.5575213923181633
366.1208330026236	2.252456948873702	0.5575253736937013
366.12493782096254	2.2524999351447788	0.5575293550711057
366.12904268532327	2.252542920132147	0.5575333364503664
366.13314759570625	2.2525859038358815	0.557537317831473
366.1372525521121	2.252628886256061	0.5575412992144152
366.14135755454123	2.2526718673927584	0.5575452805991826
366.1454626029943	2.2527148472460525	0.5575492619857652
366.14956769747164	2.252757825816018	0.5575532433741522
366.15367283797383	2.2528008031027316	0.5575572247643333
366.1577780245015	2.2528437791062705	0.5575612061562988
366.1618832570551	2.2528867538267088	0.5575651875500378
366.16598853563505	2.252929727264125	0.5575691689455402
366.170093860242	2.2529726994185926	0.5575731503427956
366.1741992308764	2.2530156702901905	0.5575771317417938
366.17830464753877	2.2530586398789927	0.5575811131425245
366.1824101102296	2.2531016081850765	0.5575850945449773
366.18651561894944	2.2531445752085175	0.5575890759491418
366.19062117369884	2.2531875409493924	0.5575930573550081
366.1947267744783	2.253230505407776	0.5575970387625655
366.1988324212883	2.253273468583746	0.557601020171804
366.2029381141293	2.253316430477377	0.5576050015827131
366.207043853002	2.2533593910887473	0.5576089829952826
366.2111496379067	2.25340235041793	0.5576129644095021
366.21525546884413	2.2534453084650043	0.5576169458253616
366.21936134581455	2.253488265230043	0.5576209272428504
366.22346726881875	2.2535312207131253	0.5576249086619586
366.2275732378571	2.2535741749143248	0.5576288900826757
366.2316792529301	2.253617127833719	0.5576328715049915
366.2357853140383	2.2536600794713832	0.5576368529288956
366.2398914211823	2.2537030298273937	0.5576408343543782
366.2439975743623	2.253745978901826	0.5576448157814282
366.2481037735792	2.2537889266947566	0.5576487972100361
366.25221001883347	2.2538318732062628	0.5576527786401914
366.2563163101253	2.2538748184364183	0.5576567600718834
366.26042264745564	2.2539177623853	0.5576607415051025
366.26452903082463	2.253960705052984	0.5576647229398382
366.2686354602331	2.2540036464395476	0.5576687043760801
366.2727419356813	2.2540465865450634	0.5576726858138179
366.27684845716993	2.254089525369611	0.5576766672530417
366.28095502469944	2.254132462913263	0.5576806486937409
366.28506163827024	2.2541753991760984	0.5576846301359055
366.289168297883	2.254218334158191	0.5576886115795251
366.2932750035383	2.254261267859618	0.5576925930245895
366.2973817552364	2.2543042002804548	0.5576965744710883
366.30148855297807	2.2543471314207775	0.5577005559190116
366.30559539676364	2.2543900612806604	0.5577045373683489
366.30970228659373	2.2544329898601827	0.55770851881909
366.31380922246876	2.2544759171594175	0.5577125002712248
366.3179162043895	2.254518843178442	0.5577164817247429
366.32202323235606	2.2545617679173313	0.5577204631796341
366.32613030636935	2.254604691376162	0.5577244446358882
366.33023742642956	2.254647613555009	0.5577284260934952
366.3343445925375	2.254690534453949	0.5577324075524446
366.3384518046935	2.2547334540730573	0.5577363890127258
366.3425590628981	2.254776372412411	0.5577403704743294
366.3466663671517	2.254819289472084	0.5577443519372446
366.35077371745524	2.2548622052521536	0.5577483334014616
366.35488111380874	2.2549051197526944	0.5577523148669699
366.358988556213	2.254948032973783	0.5577562963337593
366.3630960446684	2.254990944915495	0.5577602778018198
366.36720357917557	2.255033855577907	0.5577642592711407
366.371311159735	2.255076764961094	0.5577682407417125
366.37541878634715	2.2551196730651313	0.5577722222135244
366.37952645901254	2.2551625798900954	0.5577762036865664
366.38363417773184	2.2552054854360617	0.5577801851608285
366.3877419425054	2.2552483897031066	0.5577841666363003
366.3918497533336	2.2552912926913042	0.5577881481129716
366.39595761021735	2.2553341944007332	0.5577921295908324
366.40006551315685	2.2553770948314655	0.5577961110698721
366.40417346215276	2.2554199939835806	0.557800092550081
366.40828145720553	2.2554628918571513	0.5578040740314485
366.41238949831575	2.255505788452255	0.5578080555139647
366.41649758548374	2.2555486837689664	0.5578120369976193
366.42060571871036	2.2555915778073623	0.5578160184824021
366.42471389799573	2.2556344705675166	0.5578199999683031
366.4288221233407	2.255677362049507	0.5578239814553119
366.4329303947456	2.255720252253408	0.5578279629434182
366.43703871221106	2.255763141179296	0.5578319444326123
366.44114707573743	2.2558060288272452	0.5578359259228837
366.4452554853254	2.2558489151973333	0.5578399074142222
366.4493639409754	2.2558918002896338	0.5578438889066178
366.4534724426879	2.255934684104224	0.5578478704000603
366.45758099046355	2.255977566641179	0.5578518518945396
366.46168958430275	2.256020447900574	0.5578558333900452
366.46579822420614	2.2560633278824853	0.5578598148865674
366.46990691017413	2.256106206586988	0.5578637963840958
366.4740156422073	2.2561490840141585	0.5578677778826202
366.4781244203061	2.2561919601640703	0.5578717593821305
366.48223324447105	2.2562348350368016	0.5578757408826169
366.48634211470267	2.256277708632426	0.5578797223840687
366.4904510310016	2.2563205809510207	0.557883703886476
366.4945599933681	2.256363451992659	0.5578876853898286
366.498669001803	2.256406321757419	0.5578916668941165
366.50277805630657	2.2564491902453745	0.5578956483993294
366.5068871568795	2.2564920574566028	0.5578996299054572
366.5109963035221	2.2565349233911767	0.5579036114124899
366.51510549623515	2.2565777880491744	0.5579075929204174
366.519214735019	2.2566206514306697	0.5579115744292291
366.52332401987417	2.256658039055776	0.5578934122843039
366.5274333508011	2.2566907134892977	0.557856188026529
366.53154272780057	2.256723387940392	0.5578189651691007
366.5356521508728	2.2567560624089817	0.5577817437119753
366.53976162001857	2.2567887368949924	0.5577445236551073
366.54387113523813	2.256821411398347	0.5577073049984523
366.54798069653225	2.25685408591897	0.5576700877419654
366.55209030390125	2.2568867604567866	0.5576328718856004
366.55619995734577	2.256919435011719	0.5575956574293147
366.5603096568663	2.2569521095836937	0.5575584443730612
366.5644194024633	2.2569847841726327	0.5575212327167967
366.5685291941373	2.257017458778462	0.5574840224604749
366.57263903188885	2.257050133401104	0.5574468136040528
366.57674891571855	2.2570828080404852	0.5574096061474828
366.5808588456267	2.2571154826965274	0.5573724000907225
366.5849688216141	2.2571481573691563	0.5573351954337253
366.5890788436809	2.2571808320582956	0.5572979921764476
366.593188911828	2.25721350676387	0.5572607903188429
366.5972990260557	2.2572461814858036	0.557223589860868
366.60140918636455	2.25727885622402	0.5571863908024765
366.605519392755	2.257311530978444	0.5571491931436247
366.60962964522776	2.2573442057490003	0.557111996884266
366.6137399437831	2.2573768805356123	0.5570748020243578
366.61785028842183	2.257409555338205	0.5570376085638528
366.62196067914414	2.257442230156702	0.557000416502708
366.6260711159509	2.257474904991029	0.5569632258408763
366.63018159884217	2.2575075798411084	0.556926036578315
366.634292127819	2.2575402547068655	0.5568888487149775
366.6384027028815	2.257572929588225	0.5568516622508197
366.6425133240304	2.257605604485111	0.5568144771857956
366.64662399126604	2.2576498639575946	0.5567744365577845
366.65073470458907	2.2577377462920603	0.556723640886941
366.65484546399995	2.2578256264129544	0.5566728500426474
366.6589562694992	2.2579135043200598	0.55662206402424
366.6630671210875	2.25800138001316	0.5565712828310554
366.66717801876507	2.2580892534920336	0.556520506462433
366.6712889625328	2.258177124756468	0.5564697349177072
366.6753999523907	2.2582649938062405	0.5564189681962189
366.6795109883398	2.2583528606411387	0.5563682062973022
366.6836220703803	2.2584407252609404	0.5563174492202977
366.6877331985129	2.2585285876654333	0.5562666969645407
366.6918443727379	2.258616447854395	0.5562159495293716
366.695955593056	2.2587043058276146	0.5561652069141252
366.70006685946765	2.258792161584871	0.5561144691181422
366.7041781719734	2.2588800151259507	0.5560637361407582
366.7082895305737	2.2589678664506345	0.5560130079813134
366.7124009352692	2.2590557155587097	0.5559622846391439
366.71651238606023	2.259143562449956	0.5559115661135902
366.7206238829475	2.2592314071241613	0.5558608524039883
366.72473542593127	2.259319249581105	0.5558101435096794
366.7288470150124	2.259407089820578	0.5557594394299985
366.73295865019105	2.2594949278423573	0.5557087401642881
366.7370703314681	2.2595827636462342	0.555658045711883
366.7411820588437	2.259670597231988	0.555607356072125
366.74529383231874	2.2597584285994086	0.55555667124435
366.7494056518933	2.2598462577482765	0.5555059912278997
366.75351751756824	2.2599340846783775	0.5554553160221122
366.75762942934415	2.2600219093895	0.5554046456263247
366.76174138722104	2.2601097318814265	0.5553539800398788
366.76585339120004	2.2601975521539437	0.555303319262112
366.7699654412813	2.2602853702068364	0.5552526632923644
366.7740775374654	2.260373186039892	0.5552020121299747
366.7781896797528	2.260460999652893	0.5551513657742838
366.78230186814426	2.2605488110456298	0.555100724224629
366.78641410264004	2.2606366202178854	0.5550500874803517
366.7905263832409	2.2607244271694493	0.5549994555407897
366.7946387099469	2.2608122319001027	0.5549488284052858
366.79875108275917	2.2609000344096386	0.5548982060731757
366.80286350167773	2.260987834697837	0.5548475885438038
366.8069759667034	2.261075632764492	0.5547969758165059
366.8110884778365	2.261163428609384	0.5547463678906254
366.81520103507773	2.2612512222323047	0.5546957647654999
366.8193136384274	2.261339013633039	0.5546451664404711
366.8234262878863	2.2614268028113766	0.5545945729148781
366.8275389834546	2.261514589767101	0.5545439841880633
366.83165172513304	2.2616023745000042	0.5544934002593648
366.83576451292214	2.261690157009871	0.5544428211281249
366.8398773468224	2.261777937296492	0.5543922467936827
366.84399022683425	2.2618657153596518	0.5543416772553807
366.84810315295834	2.2619534911991432	0.5542911125125571
366.852216125195	2.2620412648147483	0.5542405525645561
366.856329143545	2.2621290362062627	0.5541899974107153
366.8604422080085	2.2622168053734697	0.554139447050378
366.8645553185864	2.2623045723161597	0.5540889014828845
366.8686684752791	2.262392337034124	0.5540383607075748
366.87278167808694	2.262480099527148	0.553987824723792
366.8768949270107	2.262567859795023	0.5539372935308761
366.8810082220506	2.2626556178375363	0.5538867671281698
366.88512156320746	2.2627433736544806	0.5538362455150126
366.88923495048164	2.262831127245642	0.5537857286907484
366.8933483838737	2.2629188786108134	0.5537352166547163
366.89746186338397	2.263006627749781	0.5536847094062607
366.9015753890133	2.263094374662339	0.5536342069447204
366.9056889607619	2.263182119348273	0.5535837092694404
366.90980257863055	2.2632698618073768	0.5535332163797603
366.91391624261956	2.263357602039439	0.5534827282750232
366.9180299527296	2.2634453400442514	0.5534322449545703
366.9221437089611	2.2635330758216017	0.5533817664177458
366.9262575113146	2.263620809371286	0.5533312926638886
366.9303713597905	2.263708540693089	0.5532808236923447
366.93448525438953	2.2637962697868073	0.5532303595024533
366.938599195112	2.263883996652227	0.5531799000935598
366.9427131819587	2.263971721289144	0.5531294454650041
366.94682721492984	2.264059443697346	0.5530789956161309
366.95094129402617	2.264147163876629	0.5530285505462809
366.955055419248	2.264234881826779	0.5529781102547997
366.95916959059593	2.26432259754759	0.5529276747410287
366.9632838080706	2.264410311038858	0.5528772440043093
366.9673980716725	2.2644980223003706	0.5528268180439866
366.97151238140196	2.264585731331922	0.5527763968594027
366.97562673725963	2.2646734381333022	0.5527259804499023
366.9797411392462	2.264761142704308	0.5526755688148262
366.98385558736175	2.2648488450447273	0.5526251619535202
366.98797008160716	2.264936545154356	0.5525747598653262
366.99208462198277	2.2650242430329857	0.5525243625495885
366.99619920848926	2.26511193868041	0.5524739700056501
367.00031384112697	2.2651996320964214	0.5524235822328555
367.00442851989663	2.2652873232808153	0.5523731992305468
367.00854324479843	2.2653750122333816	0.5523228209980704
367.0126580158332	2.265462698953918	0.5522724475347672
367.0167728330013	2.2655503834422137	0.5522220788399843
367.0208876963033	2.265638065698067	0.5521717149130629
367.02500260573976	2.265725745721268	0.5521213557533495
367.0291175613111	2.2658134235116147	0.5520710013601862
367.0332325630178	2.2659010990688966	0.5520206517329198
367.03734761086065	2.2659887723929137	0.5519703068708915
367.0414627048397	2.2660764434834544	0.5519199667734496
367.045577844956	2.2661641123403196	0.5518696314399346
367.0496930312096	2.2662517789632983	0.5518193008696947
367.0538082636014	2.26633944335219	0.5517689750620717
367.05792354213156	2.266427105506785	0.5517186540164135
367.0620388668009	2.2665147654268822	0.5516683377320625
367.06615423760985	2.2666024231122783	0.5516180262083629
367.0702696545588	2.266690078562763	0.5515677194446631
367.0743851176484	2.266777731778139	0.5515174174403041
367.0785006268791	2.2668653827581955	0.5514671201946347
367.0826161822515	2.266953031502733	0.5514168277069975
367.08673178376597	2.267040678011543	0.5513665399767403
367.09084743142324	2.2671283222844263	0.5513162570032061
367.0949631252236	2.2672159643211756	0.5512659787857425
367.0990788651678	2.2673036041215915	0.5512157053236921
367.10319465125616	2.267391241685464	0.5511654366164046
367.10731048348924	2.2674788770125955	0.5511151726632225
367.1114263618676	2.2675665101027795	0.5510649134634934
367.1155422863918	2.2676541409558153	0.5510146590165615
367.1196582570623	2.267741769571497	0.550964409321775
367.12377427387963	2.2678293959496245	0.5509141643784781
367.1278903368442	2.2679170200899925	0.5508639241860183
367.1320064459567	2.2680046419924023	0.5508136887437398
367.13612260121755	2.268092261656647	0.5507634580509913
367.1402388026273	2.268179879082527	0.5507132321071173
367.1443550501864	2.268267494269839	0.5506630109114655
367.14847134389555	2.2683551072183827	0.5506127944633809
367.152587683755	2.2684427179279525	0.5505625827622127
367.1567040697655	2.2685303263983516	0.5505123758073044
367.16082050192733	2.2686179326293723	0.5504621735980061
367.16493698024124	2.2687055366208178	0.5504119761336622
367.16905350470773	2.2687931383724864	0.5503617834136195
367.17317007532716	2.2688807378841744	0.5503115954372265
367.17728669210027	2.2689683351556846	0.5502614122038285
367.18140335502727	2.26905593018681	0.5502112337127755
367.18552006410897	2.269143522977355	0.5501610599634118
367.18963681934565	2.2692311135271157	0.5501108909550866
367.19375362073816	2.2693187018358953	0.5500607266871452
367.1978704682866	2.2694062879034878	0.5500105671589383
367.2019873619918	2.269493871729699	0.5499604123698096
367.20610430185405	2.2695814533143217	0.5499102623191109
367.2102212878741	2.2696690326571622	0.5498601170061862
367.2143383200524	2.2697566097580166	0.5498099764303858
367.2184553983893	2.269844184616688	0.5497598405910555
367.2225725228855	2.269931757232974	0.5497097094875454
367.2266896935414	2.2700193276066765	0.5496595831192019
367.23080691035756	2.270106895737594	0.5496094614853749
367.2349241733346	2.2701944616255316	0.5495593445854098
367.2390414824729	2.2702820252702844	0.5495092324186581
367.243158837773	2.27036958667166	0.5494591249844648
367.2472762392355	2.2704571458294516	0.5494090222821821
367.25139368686087	2.270544702743468	0.5493589243111546
367.25551118064953	2.270632257413505	0.5493088310707342
367.2596287206021	2.2707198098393664	0.5492587425602679
367.26374630671916	2.270807360020855	0.5492086587791041
367.267863939001	2.2708949079577705	0.5491585797265924
367.2719816174485	2.270982453649916	0.5491085054020812
367.27609934206185	2.271069997097092	0.5490584358049208
367.28021711284174	2.271157538299103	0.5490083709344576
367.28433492978854	2.2712450772557475	0.5489583107900442
367.28845279290294	2.271332613966832	0.5489082553710269
367.29257070218534	2.2714201484321563	0.5488582046767568
367.2966886576363	2.271507680651525	0.548808158706582
367.3008066592563	2.2715952106247377	0.5487581174598538
367.30492470704604	2.271682738351602	0.548708080935919
367.3090428010057	2.2717702638319164	0.5486580491341299
367.31316094113606	2.2718577870654877	0.548608022053834
367.3172791274375	2.271945308052115	0.5485579996943837
367.3213973599107	2.272032826791606	0.548507982055126
367.325515638556	2.2721203432837616	0.5484579691354131
367.32963396337414	2.272207857528388	0.5484079609345925
367.3337523343653	2.2722953695252848	0.5483579574520179
367.3378707515303	2.2723828792742604	0.5483079586870362
367.34198921486944	2.2724703867751153	0.5482579646389997
367.3461077243835	2.272557892027657	0.5482079753072568
367.3502262800728	2.2726453950316867	0.5481579906911603
367.35434488193783	2.2727328957870125	0.5481080107900582
367.3584635299792	2.2728203942934337	0.5480580356033038
367.36258222419747	2.272907890550761	0.5480080651302451
367.36670096459306	2.2729953845587936	0.5479580993702351
367.3708197511665	2.27308287631734	0.5479081383226234
367.3749385839183	2.2731703658262057	0.5478581819867605
367.37905746284906	2.2732578530851932	0.5478082303619987
367.3831763879592	2.273345338094111	0.5477582834476873
367.3872953592493	2.2734328208527614	0.5477083412431792
367.39141437672	2.2735203013609526	0.5476584037478246
367.3955334403715	2.2736077796184873	0.5476084709609759
367.39965255020456	2.2736952556251766	0.5475585428819822
367.40377170621963	2.2737827293808204	0.5475086195101977
367.40789090841724	2.27387020088523	0.5474587008449714
367.4120101567979	2.2739576701382074	0.5474087868856572
367.4161294513621	2.274045137139562	0.5473588776316052
367.42024879211044	2.274132601889098	0.5473089730821685
367.4243681790434	2.2742200643866255	0.5472590732366968
367.42848761216135	2.2743075246319466	0.5472091780945447
367.4326070914651	2.2743949826248726	0.547159287655062
367.43672661695484	2.2744824383652067	0.5471094019176029
367.44084618863144	2.2745698918527593	0.5470595208815175
367.4449658064951	2.274657343087335	0.5470096445461595
367.44908547054655	2.274744792068744	0.5469597729108799
367.4532051807861	2.2748322387967903	0.5469099059750333
367.45732493721454	2.2749196832712855	0.5468600437379694
367.4614447398322	2.275007125492034	0.5468101861990433
367.4655645886395	2.2750945654588453	0.5467603333576065
367.4696844836373	2.275182003171529	0.5467104852130109
367.47380442482586	2.2752694386298895	0.5466606417646109
367.4779244122057	2.275356871833739	0.5466108030117582
367.48204444577743	2.2754443027828826	0.546560968953807
367.4861645255416	2.2755317314771326	0.5465111395901083
367.4902846514985	2.2756191579162923	0.5464613149200185
367.49440482364895	2.275706582100176	0.5464114949428872
367.4985250419933	2.2757940040285893	0.5463616796580704
367.5026453065321	2.275881423701344	0.5463118690649195
367.5067656172657	2.275968841118244	0.5462620631627905
367.51088597419505	2.27605392496433	0.5462025473246476
367.5150063773201	2.2761369899338852	0.5461346288449311
367.519126826642	2.276220054146631	0.5460667160417735
367.5232473221606	2.2763031176020134	0.5459988089146149
367.527367863877	2.2763861802994896	0.5459309074628882
367.53148845179135	2.276469242238507	0.5458630116860337
367.5356090859043	2.276552303418524	0.5457951215834823
367.53972976621634	2.276635363838988	0.5457272371546753
367.54385049272804	2.2767184234993563	0.545659358399045
367.54797126543986	2.2768014823990783	0.54559148531603
367.5520920843523	2.27688454053761	0.545523617905065
367.55621294946593	2.2769675979144037	0.5454557561655872
367.5603338607813	2.277050654528914	0.5453879000970312
367.5644548182988	2.2771337103805926	0.5453200496988354
367.5685758220191	2.277216765468897	0.5452522049704333
367.57269687194264	2.277299819793278	0.5451843659112632
367.5768179680699	2.277382873353192	0.5451165325207599
367.58093911040163	2.2774659261480945	0.5450487047983583
367.58506029893795	2.2775489781774376	0.5449808827434974
367.58918153367966	2.277632029440679	0.5449130663556103
367.5933028146271	2.277715079937271	0.5448452556341352
367.5974241417812	2.2777981296666736	0.544777450578505
367.60154551514194	2.277881178628336	0.5447096511881602
367.60566693471014	2.27796422682172	0.5446418574625321
367.60978840048614	2.2780472742462767	0.5445740694010601
367.61390991247066	2.2781303209014663	0.5445062870031773
367.61803147066416	2.2782133667867415	0.5444385102683225
367.62215307506705	2.2782964119015614	0.5443707391959288
367.6262747256799	2.2783794562453803	0.5443029737854344
367.6303964225034	2.278462499817658	0.5442352140362726
367.63451816553777	2.2785455426178483	0.5441674599478824
367.63863995478374	2.278628584645412	0.544099711519696
367.6427617902417	2.278711625899802	0.5440319687511529
367.64688367191235	2.278794666380481	0.5439642316416851
367.65100559979595	2.2788777060869014	0.5438965001907324
367.65512757389337	2.278960745018526	0.5438287743977264
367.6592495942047	2.2790437831748087	0.5437610542621067
367.6633716607308	2.279126820555212	0.5436933397833058
367.66749377347196	2.2792098571591906	0.5436256309607618
367.67161593242884	2.279292892986204	0.54355792779391
367.675738137602	2.2793759280357144	0.5434902302821837
367.6798603889918	2.279458962307177	0.5434225384250215
367.68398268659894	2.2795419958000536	0.5433548522218565
367.6881050304237	2.2796250285138	0.543287171672128
367.69222742046674	2.2797080604478803	0.5432194967752673
367.69634985672866	2.2797910916017514	0.543151827530713
367.70047233920985	2.2798741219748746	0.543084163937899
367.7045948679109	2.279957151566708	0.5430165059962628
367.70871744283227	2.280040180376715	0.5429488537052376
367.7128400639744	2.2801232084043526	0.5428812070642618
367.71696273133807	2.2802062356490853	0.5428135660727673
367.7210854449236	2.280289262110371	0.5427459307301928
367.72520820473153	2.280372287787672	0.5426783010359721
367.7293310107624	2.280455312680449	0.5426106769895418
367.73345386301673	2.2805383367881644	0.5425430585903364
367.73757676149495	2.2806213601102785	0.542475445837792
367.7416997061978	2.280704382646255	0.542407838731343
367.74582269712556	2.280787404395553	0.5423402372704269
367.74994573427887	2.2808704253576386	0.5422726414544765
367.7540688176582	2.2809534455319693	0.5422050512829303
367.75819194726427	2.2810364649180124	0.5421374667552202
367.76231512309715	2.281119483515226	0.5420698878707854
367.76643834515784	2.2812025013230772	0.5420023146290578
367.7705616134465	2.281285518341025	0.5419347470294757
367.77468492796385	2.281368534568536	0.5418671850714727
367.77880828871037	2.2814515500050745	0.5417996287544828
367.7829316956866	2.2815345646501	0.5417320780779447
367.78705514889305	2.281617578503081	0.5416645330412899
367.79117864833006	2.2817005915634754	0.5415969936439585
367.79530219399845	2.281783603830754	0.5415294598853807
367.7994257858985	2.2818666153043767	0.5414619317649956
367.80354942403096	2.28194962598381	0.5413944092822358
367.807673108396	2.282032635868517	0.5413268924365391
367.8117968389945	2.2821156449579654	0.5412593812273377
367.81592061582666	2.282198653251616	0.5411918756540707
367.8200444388933	2.28228166074894	0.5411243757161688
367.82416830819466	2.2823646674493956	0.5410568814130717
367.8282922237316	2.282447673352455	0.5409893927442107
367.8324161855043	2.2825306784575803	0.5409219097090235
367.8365401935134	2.282613682764239	0.5408544323069436
367.84066424775943	2.2826966862718954	0.5407869605374084
367.844788348243	2.28277968898002	0.5407194943998496
367.84891249496445	2.282862690888073	0.5406520338937068
367.8530366879245	2.282945691995528	0.54058457901841
367.8571609271234	2.2830286923018455	0.5405171297733996
367.86128521256194	2.283111691806498	0.540449686158106
367.86540954424044	2.283194690508949	0.5403822481719676
367.8695339221596	2.2832776884086687	0.5403148158144172
367.87365834631976	2.283360685505122	0.5402473890848917
367.87778281672144	2.283443681797779	0.5401799679828252
367.8819073333654	2.2835266772861074	0.5401125525076518
367.8860318962518	2.2836096719695727	0.5400451426588092
367.8901565053815	2.283692665847648	0.5399777384357287
367.8942811607549	2.283775658919797	0.5399103398378493
367.8984058623725	2.283858651185493	0.5398429468646019
367.90253061023463	2.2839416426442005	0.5397755595154252
367.90665540434213	2.2840246332953917	0.5397081777897517
367.9107802446954	2.2841076231385347	0.5396408016870176
367.91490513129486	2.2841906121730995	0.5395734312066567
367.91903006414105	2.2842736003985538	0.5395060663481059
367.92315504323466	2.284356587814371	0.5394387071107973
367.927280068576	2.2844395744200168	0.5393713534941691
367.9314051401657	2.2845225602149655	0.5393040054976528
367.93553025800423	2.284605545198684	0.5392366631206861
367.93965542209224	2.2846885293706465	0.5391693263627014
367.94378063243005	2.28477151273032	0.5391019952231356
367.94790588901833	2.284854495277178	0.5390346697014222
367.9520311918575	2.284937477010689	0.5389673497969981
367.95615654094814	2.285020457930328	0.5389000355092947
367.9602819362907	2.285103438035562	0.538832726837751
367.96440737788583	2.2851864173258676	0.5387654237817974
367.96853286573383	2.2852693958007113	0.5386981263408727
367.9726583998354	2.2853523734595678	0.5386308345144097
367.9767839801911	2.2854353503019116	0.5385635483018415
367.9809096068012	2.285518326327211	0.5384962677026063
367.98503527966653	2.2856013015349417	0.5384289927161358
367.98916099878744	2.2856842759245732	0.5383617233418675
367.99328676416445	2.2857672494955823	0.5382944595792334
367.997412575798	2.2858502222474373	0.5382272014276711
368.00153843368884	2.2859331941796164	0.5381599488866122
368.00566433783723	2.2860161652915885	0.538092701955495
368.0097902882439	2.2860991355828313	0.5380254606337506
368.0139162849092	2.2861821050528155	0.5379582249208159
368.0180423278338	2.2862650737010175	0.5378909948161246
368.0221684170181	2.2863480415269084	0.5378237703191127
368.02629455246273	2.286431008529967	0.537756551429212
368.0304207341681	2.286513974709663	0.5376893381458604
368.03454696213487	2.2865969400654755	0.5376221304684896
368.03867323636325	2.286679904596874	0.5375549283965381
368.0427995568541	2.2867628683033407	0.5374877319294356
368.04692592360783	2.286845831184344	0.537420541066621
368.0510523366249	2.2869287932393645	0.5373533558075255
368.0551787959057	2.2870117544678727	0.5372861761515875
368.05930530145116	2.2870947148693497	0.5372190020982373
368.0634318532615	2.2871776744432673	0.5371518336469131
368.0675584513372	2.287260633189105	0.5370846707970462
368.07168509567896	2.2873435911063367	0.5370175135480739
368.07581178628726	2.287426548194441	0.5369503618994282
368.07993852316235	2.2875095044528906	0.5368832158505473
368.0840653063051	2.2875924598811657	0.5368160754008632
368.088192135716	2.287675414478745	0.5367489405498084
368.09231901139526	2.2877583682451013	0.5366818112968217
368.0964459333437	2.2878413211797155	0.536614687641334
368.10057290156175	2.287924273282062	0.536547569582783
368.10469991605	2.2880072245516234	0.5364804571205991
368.1088269768087	2.288090174987872	0.5364133502542211
368.1129540838387	2.28817312459029	0.5363462489830804
368.1170812371403	2.2882560733583537	0.5362791533066131
368.1212084367142	2.288339021291543	0.5362120632242522
368.12533568256066	2.288421968389334	0.5361449787354341
368.1294629746805	2.2885049146512095	0.5360778998395905
368.13359031307397	2.288587860076644	0.5360108265361595
368.13771769774183	2.288670804665122	0.5359437588245706
368.14184512868434	2.2887537484161165	0.5358766967042635
368.1459726059023	2.2888366913291134	0.5358096401746681
368.15010012939587	2.2889196334035873	0.5357425892352222
368.1542276991661	2.289002574639023	0.5356755438853562
368.15835531521293	2.289085515034895	0.5356085041245094
368.1624829775373	2.2891684545906896	0.5355414699521116
368.1666106861395	2.2892513933058813	0.5354744413676009
368.17073844102015	2.2893343311799557	0.5354074183704084
368.1748662421797	2.28941726821239	0.5353404009599712
368.17899408961864	2.289500204402666	0.5352733891357224
368.18312198333774	2.2895831397502695	0.5352063828970939
368.1872499233372	2.289666074254675	0.5351393822435244
368.19137790961776	2.289749007915368	0.5350723871744449
368.19550594217975	2.289831940731829	0.5350053976892917
368.19963402102394	2.2899148727035414	0.5349384137874963
368.20376214615055	2.289997803829984	0.534871435468497
368.2078903175603	2.290080734110643	0.5348044627317242
368.21201853525366	2.290163663544997	0.5347374955766154
368.2161467992313	2.290246592132533	0.5346705340026014
368.2202751094934	2.290329519872729	0.5346035780091198
368.22440346604077	2.290412446765073	0.5345366275956017
368.22853186887374	2.290495372809043	0.5344696827614844
368.23266031799295	2.2905782980041263	0.5344027435061999
368.23678881339885	2.290661222349804	0.5343358098291837
368.24091735509205	2.2907441458455624	0.5342688817298678
368.245045943073	2.2908270684908816	0.5342019592076896
368.2491745773423	2.2909099902852494	0.5341350422620802
368.25330325790026	2.290992911228147	0.5340681308924765
368.25743198474765	2.291075831319062	0.5340012250983098
368.26156075788475	2.291158750557474	0.5339343248790178
368.26568957731234	2.2912416689428743	0.5338674302340307
368.2698184430307	2.2913245864747425	0.5338005411627857
368.2739473550405	2.2914075031525662	0.5337336576647151
368.2780763133422	2.29149041897583	0.5336667797392544
368.28220531793636	2.2915733339440205	0.5335999073858358
368.2863343688234	2.2916562480566203	0.5335330406038965
368.290463466004	2.291739161313118	0.5334661793928678
368.2945926094785	2.2918220737130004	0.533399323752184
368.2987217992476	2.29190498525575	0.5333324736812812
368.3028510353117	2.291987895940858	0.5332656291795903
368.30698031767133	2.2920708057678065	0.5331987902465487
368.31110964632705	2.2921537147360858	0.5331319568815877
368.31523902127924	2.2922366228451794	0.5330651290841438
368.3193684425287	2.2923195300945767	0.5329983068536492
368.3234979100756	2.292402436483763	0.5329314901895398
368.3276274239209	2.2924853420122293	0.5328646790912465
368.33175698406467	2.2925682466794592	0.5327978735582068
368.3358865905077	2.292651150484944	0.532731073589852
368.3400162432503	2.2927340534281675	0.532664279185619
368.34414594229327	2.292816955508622	0.5325974903449383
368.3482756876369	2.2928998567257923	0.5325307070672477
368.3524054792818	2.2929827570791717	0.5324639293519768
368.3565353172284	2.293065656568243	0.5323971571985645
368.3606652014775	2.2931485551925	0.5323303906064403
368.36479513202914	2.2932314529514275	0.5322636295750417
368.36892510888435	2.2933143498445188	0.5321968741037997
368.37305513204325	2.293397245871259	0.5321301241921516
368.3771852015067	2.2934801410311434	0.5320633798395271
368.3813153172748	2.293563035323655	0.5319966410453649
368.38544547934845	2.293645928748288	0.5319299078090955
368.38957568772804	2.293728821304533	0.5318631801301534
368.39370594241404	2.2938117129918765	0.5317964580079747
368.3978362434071	2.293894603809814	0.5317297414419895
368.40196659070745	2.293977493757831	0.5316630304316359
368.406096984316	2.2940658107598884	0.5316197482512908
368.4102274242329	2.2941560044645466	0.531584581309548
368.41435791045905	2.2942461949124686	0.5315494180473309
368.41848844299454	2.2943363821037353	0.5315142584640365
368.4226190218403	2.2944265660384384	0.5314791025590576
368.42674964699654	2.29451674671666	0.5314439503317905
368.430880318464	2.2946069241384937	0.5314088017816273
368.435011036243	2.2946970983040194	0.531373656907966
368.43914180033426	2.29478726921333	0.5313385157101993
368.44327261073806	2.2948774368665097	0.5313033781877237
368.44740346745516	2.294967601263648	0.5312682443399331
368.4515343704859	2.2950577624048294	0.5312331141662245
368.45566531983104	2.2951479202901455	0.5311979876659915
368.4597963154908	2.2952380749196792	0.5311628648386314
368.4639273574659	2.295328226293523	0.5311277456835382
368.46805844575664	2.2954183744117582	0.5310926302001099
368.4721895803638	2.2955085192744784	0.5310575183877404
368.4763207612878	2.295598660881767	0.5310224102458272
368.48045198852924	2.295688799233716	0.5309873057737651
368.4845832620884	2.295778934330409	0.530952204970952
368.48871458196595	2.295869066171936	0.5309171078367834
368.49284594816254	2.2959591947583866	0.5308820143706549
368.49697736067844	2.2960493200898444	0.5308469245719655
368.5011088195144	2.2961394421664028	0.5308118384401094
368.50524032467064	2.296229560988144	0.530776755974486
368.50937187614807	2.296319676555162	0.53074167717449
368.51350347394686	2.29640978886754	0.5307066020395205
368.5176351180678	2.29649989792537	0.5306715305689732
368.5217668085112	2.296590003728738	0.5306364627622465
368.5258985452777	2.2966801062777344	0.530601398618737
368.5300303283677	2.2967702055724435	0.5305663381378438
368.5341621577819	2.29686030161296	0.5305312813189624
368.5382940335207	2.2969503943993663	0.5304962281614931
368.54242595558463	2.297040483931756	0.5304611786648318
368.5465579239742	2.297130570210214	0.530426132828378
368.5506899386901	2.2972206532348314	0.5303910906515289
368.55482199973244	2.297310733005695	0.5303560521336838
368.55895410710224	2.297400809522896	0.53032101727424
368.5630862607996	2.2974908827865206	0.5302859860725971
368.56721846082536	2.2975809527966606	0.5302509585281527
368.5713507071797	2.2976710195534	0.5302159346403075
368.5754829998636	2.2977610830568347	0.5301809144084579
368.5796153388771	2.2978511433070476	0.530145897832005
368.58374772422104	2.2979412003041335	0.5301108849103461
368.58788015589573	2.2980312540481758	0.5300758756428824
368.59201263390185	2.2981213045392654	0.5300408700290128
368.59614515823995	2.298211351777496	0.530005868068135
368.6002777289103	2.2983013957629503	0.5299708697596512
368.6044103459138	2.2983914364957236	0.5299358751029589
368.6085430092505	2.2984814739759005	0.52990088409746
368.6126757189214	2.2985715082035747	0.5298658967425526
368.61680847492664	2.2986615391788323	0.5298309130376381
368.620941277267	2.298751566901765	0.529795932982116
368.6250741259428	2.298841591372461	0.5297609565753874
368.6292070209547	2.298931612591012	0.5297259838168514
368.63333996230307	2.2990216305575046	0.5296910147059104
368.63747294998865	2.299111645272032	0.5296560492419634
368.6416059840119	2.299201656734682	0.5296210874244123
368.6457390643731	2.299291664945546	0.5295861292526571
368.64987219107303	2.299381669904711	0.5295511747261001
368.65400536411215	2.299471671612271	0.5295162238441412
368.658138583491	2.299561670068313	0.5294812766061827
368.6622718492099	2.299651665272929	0.5294463330116249
368.6664051612696	2.299741657226208	0.5294113930598703
368.6705385196707	2.2998316459282417	0.5293764567503196
368.67467192441325	2.299921631379117	0.5293415240823762
368.67880537549826	2.300011613578929	0.5293065950554398
368.6829388729261	2.3001015925277644	0.529271669668914
368.68707241669716	2.3001915682257144	0.5292367479222005
368.69120600681225	2.300281540672872	0.5292018298147007
368.69533964327155	2.3003715098693234	0.5291669153458183
368.69947332607575	2.300461475815164	0.5291320045149541
368.70360705522535	2.3005514385104804	0.5290970973215124
368.7077408307209	2.3006413979553666	0.5290621937648945
368.71187465256287	2.3007313541499093	0.5290272938445046
368.7160085207518	2.3008213070942034	0.5289923975597443
368.72014243528827	2.300911256788338	0.5289575049100171
368.7242763961727	2.3010012032324045	0.5289226158947261
368.7284104034056	2.301091146426491	0.5288877305132758
368.73254445698757	2.301181086370694	0.5288528487650672
368.73667855691906	2.301271023065099	0.5288179706495062
368.74081270320073	2.3013609565098023	0.5287830961659943
368.7449468958329	2.30145088670489	0.5287482253139373
368.74908113481627	2.301540813650458	0.5287133580927371
368.7532154201512	2.3016307373465934	0.5286784945017995
368.7573497518384	2.3017206577933913	0.5286436345405271
368.7614841298781	2.3018105749909394	0.5286087782083255
368.7656185542711	2.3019004889393333	0.5285739255045975
368.76975302501785	2.3019903996386595	0.5285390764287493
368.77388754211887	2.3020803070890157	0.5285042309801833
368.7780221055745	2.3021702112904867	0.5284693891583065
368.78215671538555	2.30226011224317	0.528434550962522
368.78629137155224	2.3023500099471517	0.5283997163922363
368.7904260740753	2.30243990440253	0.5283648854468522
368.79456082295525	2.302529795609391	0.528330058125777
368.7986956181924	2.3026196835678285	0.5282952344284155
368.8028304597877	2.3027095682779377	0.5282604143541715
368.80696534774114	2.3027994497398043	0.5282255979024529
368.81110028205364	2.302889327953527	0.5281907850726631
368.81523526272554	2.3029792029191927	0.5281559758642094
368.8193702897574	2.303069074636896	0.528121170276497
368.8235053631496	2.303158943106727	0.5280863683089325
368.827640482903	2.3032488083287816	0.5280515699609206
368.83177564901774	2.3033386703031478	0.5280167752318694
368.83591086149465	2.303428529029921	0.5279819841211836
368.840046120334	2.303518384509192	0.5279471966282708
368.8441814255366	2.3036082367410544	0.5279124127525365
368.8483167771025	2.303698085725598	0.5278776324933889
368.85245217503274	2.30378793146292	0.5278428558502327
368.85658761932757	2.303877773953108	0.5278080828224767
368.86072310998753	2.3039676131962588	0.5277733134095268
368.86485864701314	2.3040574491924617	0.527738547610791
368.86899423040495	2.3041472819418116	0.5277037854256755
368.87312986016343	2.3042371114444	0.527669026853589
368.8772655362893	2.3043269377003224	0.5276342718939373
368.8814012587827	2.3044167607096657	0.5275995205461304
368.8855370276446	2.30450658047253	0.5275647728095733
368.8896728428751	2.304596396989003	0.527530028683676
368.8938087044749	2.3046862102591796	0.5274952881678459
368.8979446124447	2.304776020283155	0.5274605512614899
368.90208056678466	2.3048658270610187	0.5274258179640179
368.90621656749556	2.304955630592867	0.5273910882748368
368.9103526145779	2.3050454308787907	0.5273563621933561
368.9144887080322	2.3051352279188855	0.5273216397189833
368.9186248478587	2.3052250217132406	0.5272869208511288
368.9227610340584	2.305314812261955	0.5272522055891992
368.9268972666314	2.305404599565117	0.5272174939326053
368.9310335455786	2.3054943836228246	0.5271827858807543
368.9351698709001	2.3055841644351673	0.5271480814330572
368.93930624259673	2.3056739420022416	0.527113380588922
368.9434426606688	2.3057637163241385	0.5270786833477589
368.9475791251171	2.3058534874009555	0.5270439897089759
368.9517156359418	2.305943255232781	0.5270092996719848
368.95585219314376	2.3060330198197145	0.5269746132361933
368.9599887967233	2.3061227811618457	0.5269399304010127
368.96412544668095	2.306212539259272	0.5269052511658516
368.9682621430172	2.3063022941120828	0.5268705755301215
368.97239888573284	2.306392045720377	0.5268359034932311
368.9765356748281	2.3064817940842444	0.5268012350545922
368.9806725103035	2.306571539203783	0.5267665702136136
368.9848093921598	2.3066612810790823	0.5267319089697077
368.98894632039725	2.306751019710242	0.5266972513222831
368.9930832950165	2.3068407550973506	0.5266625972707526
368.9972203160182	2.306930487240509	0.5266279468145246
369.00135738340254	2.307020216139805	0.5265932999530131
369.0054944971703	2.307109941795335	0.5265586566856276
369.0096316573219	2.307199664207197	0.5265240170117786
369.01376886385793	2.307289383375481	0.5264893809308789
369.0179061167788	2.307379099300285	0.5264547484423386
369.02204341608524	2.3074688119817015	0.5264201195455703
369.02618076177754	2.307558521419826	0.526385494239985
369.0303181538563	2.3076482276147514	0.5263508725249958
369.03445559232205	2.3077379305665757	0.5263162544000127
369.0385930771753	2.3078276302753897	0.5262816398644496
369.04273060841666	2.307917326741293	0.5262470289177171
369.0468681860464	2.308007019964375	0.5262124215592289
369.05100581006536	2.3080967099447367	0.5261778177883957
369.0551434804739	2.308186396682468	0.5261432176046317
369.0592811972725	2.3082760801776674	0.5261086210073481
369.06341896046166	2.308365760430426	0.5260740279959595
369.0675567700422	2.3084554374408444	0.5260394385698761
369.0716946260142	2.3085451112090127	0.5260048527285134
369.0758325283785	2.30863478173503	0.5259702704712826
369.0799704771354	2.3087244490189884	0.5259356917975986
369.0841084722856	2.3088141130609867	0.525901116706873
369.0882465138295	2.308903773861116	0.5258665451985208
369.0923846017678	2.3089934314194775	0.5258319772719535
369.0965227361007	2.3090830857361606	0.5257974129265875
369.100660916829	2.3091727368112633	0.5257628521618348
369.10479914395324	2.309262384644884	0.5257282949771089
369.10893741747367	2.3093520292371137	0.5256937413718252
369.11307573739106	2.309441670588052	0.5256591913453967
369.1172141037057	2.3095313086977898	0.525624644897239
369.1213525164185	2.30962094356643	0.5255901020267641
369.1254909755295	2.309710575194061	0.5255555627333892
369.1296294810397	2.3098002035807856	0.5255210270165265
369.1337680329491	2.309889828726693	0.5254864948755928
369.13790663125866	2.3099794506318845	0.5254519663100012
369.1420452759686	2.310069069296453	0.5254174413191679
369.14618396707976	2.3101586847204967	0.5253829199025069
369.1503227045923	2.3102482969041094	0.5253484020594344
369.1544614885071	2.3103379058473905	0.5253138877893644
369.15860031882426	2.3104275115504325	0.5252793770917138
369.16273919554476	2.3105171140133356	0.5252448699658965
369.16687811866865	2.310606713236191	0.5252103664113301
369.17101708819695	2.310696309219101	0.525175866427428
369.1751561041297	2.310785901962157	0.5251413700136084
369.1792951664678	2.31087549146546	0.5251068771692851
369.18343427521154	2.310965077729102	0.525072387893876
369.18757343036157	2.3110546607531846	0.5250379021867957
369.1917126319183	2.3111442405377978	0.5250034200474626
369.1958518798823	2.311233817083044	0.5249689414752912
369.19999117425414	2.3113233903890182	0.5249344664696984
369.2041305150342	2.3114129604558165	0.5248999950301017
369.20826990222326	2.3115025272835386	0.5248655271559164
369.2124093358216	2.311592090872275	0.5248310628465617
369.2165488158298	2.31168165122213	0.5247966021014521
369.2206883422484	2.3117712083331945	0.5247621449200068
369.224827915078	2.3118607622055714	0.524727691301641
369.2289675343189	2.311950312839352	0.5246932412457741
369.23310719997187	2.3120398602346377	0.524658794751822
369.2372469120372	2.3121294043915213	0.524624351819204
369.2413866705157	2.3122189453101063	0.5245899124473352
369.24552647540753	2.3123084829904834	0.5245554766356361
369.2496663267135	2.3123980174327547	0.5245210443835228
369.2538062244341	2.3124875486370136	0.5244866156904147
369.2579461685697	2.3125770766033624	0.5244521905557281
369.2620861591209	2.3126666013318937	0.5244177689788834
369.2662261960882	2.312756122822708	0.5243833509592977
369.27036627947217	2.312845641075901	0.5243489364963898
369.27450640927333	2.312935156091572	0.5243145255895783
369.2786465854921	2.3130246678698168	0.5242801182382824
369.2827868081292	2.313114176410736	0.5242457144419196
369.2869270771849	2.3132036817144237	0.5242113141999106
369.2910673926599	2.3132931837809805	0.5241769175116732
369.2952077545546	2.3133826826105017	0.5241425243766274
369.2993481628697	2.313472178203089	0.5241081347941917
369.30348861760547	2.313561670558836	0.5240737487637865
369.30762911876263	2.3136511596778435	0.5240393662848305
369.31176966634166	2.31374064556021	0.5240049873567433
369.315910260343	2.31383012820603	0.5239706119789457
369.3200509007673	2.313919607615406	0.5239362401508562
369.32419158761496	2.314009083788433	0.5239018718718959
369.32833232088666	2.3140985567252117	0.5238675071414839
369.3324731005826	2.3141880264258368	0.5238331459590418
369.3366139267037	2.3142774928904117	0.5237987883239882
369.34075479925013	2.314366956119029	0.5237644342357456
369.3448957182227	2.3144564161117924	0.5237300836937324
369.3490366836217	2.3145458728687966	0.5236957366973709
369.35317769544787	2.3146353263901425	0.5236613932460811
369.35731875370146	2.314724776675926	0.5236270533392847
369.36145985838334	2.3148142237262492	0.5235927169764013
369.3656010094937	2.314903667541208	0.5235583841568535
369.36974220703325	2.314993108120903	0.5235240548800612
369.37388345100237	2.3150825454654296	0.5234897291454477
369.3780247414017	2.3151719795748917	0.523455406952432
369.38216607823176	2.315261410449384	0.5234210883004379
369.38630746149306	2.3153508380890075	0.5233867731888854
369.39044889118594	2.315440262493859	0.5233524616171981
369.3945903673113	2.315529683664041	0.5233181535847958
369.3987318898693	2.315619101599648	0.5232838490911029
369.4028734588606	2.3157151799904687	0.5232790383670712
369.4070150742857	2.3158177203528942	0.5233028475284974
369.4111567361452	2.3159202550258207	0.5233266553405281
369.4152984444396	2.3160227840100203	0.5233504618033513
369.4194401991693	2.3161253073062573	0.5233742669171527
369.4235820003349	2.316227824915304	0.5233980706821201
369.4277238479369	2.316330336837925	0.5234218730984396
369.43186574197597	2.3164328430748915	0.5234456741662988
369.4360076824523	2.316535343626968	0.5234694738858835
369.4401496693668	2.3166378384949233	0.5234932722573811
369.44429170271974	2.3167403276795238	0.5235170692809774
369.4484337825117	2.3168428111815387	0.52354086495686
369.4525759087432	2.3169452890017324	0.5235646592852146
369.45671808141475	2.317047761140874	0.5235884522662281
369.4608603005269	2.3171502275997264	0.5236122439000865
369.4650025660803	2.3172526883790607	0.523636034186977
369.4691448780751	2.3173551434796384	0.5236598231270851
369.4732872365122	2.3174575929022305	0.5236836107205981
369.47742964139184	2.3175600366475964	0.5237073969677007
369.4815720927148	2.3176624747165095	0.5237311818685809
369.4857145904814	2.317764907109727	0.5237549654234233
369.48985713469233	2.317867333828022	0.5237787476324154
369.4939997253478	2.3179697548721525	0.5238025284957417
369.49814236244873	2.3180721702428904	0.5238263080135902
369.50228504599545	2.3181745799409943	0.5238500861861451
369.50642777598847	2.318276983967234	0.5238738630135942
369.5105705524282	2.318379382322368	0.5238976384961209
369.51471337531535	2.318481775007165	0.5239214126339132
369.5188562446504	2.3185841620223893	0.5239451854271565
369.5229991604338	2.3186865433688024	0.5239689568760358
369.52714212266625	2.3187889190471713	0.5239927269807381
369.531285131348	2.3188912890582545	0.5240164957414476
369.5354281864798	2.31899365340282	0.524040263158351
369.53957128806195	2.319096012081627	0.5240640292316333
369.54371443609534	2.3191983650954433	0.5240877939614811
369.54785763058004	2.319300712445026	0.524111557348078
369.55200087151695	2.319403054131144	0.5241353193916116
369.5561441589062	2.3195053901545535	0.5241590800922659
369.5602874927487	2.319607720516023	0.5241828394502269
369.5644308730448	2.3197100452163073	0.5242065974656792
369.56857429979493	2.319812364256176	0.5242303541388095
369.57271777299985	2.319914677636386	0.5242541094698019
369.57686129265977	2.3200169853577006	0.5242778634588419
369.58100485877554	2.3201192874208796	0.5243016161061143
369.5851484713474	2.3202215838266875	0.5243253674118052
369.58929213037607	2.3203238745758816	0.5243491173760987
369.593435835862	2.320426159669227	0.5243728659991805
369.59757958780557	2.320528439107479	0.524396613281235
369.6017233862076	2.3206307128914037	0.5244203592224477
369.6058672310684	2.3207329810217567	0.524444103823003
369.6100111223884	2.3208352434992996	0.5244678470830858
369.6141550601684	2.3209375003247956	0.5244915890028816
369.6182990444087	2.321039751499	0.5245153295825743
369.62244307510997	2.3211419970226763	0.5245390688223492
369.6265871522726	2.32124423689658	0.5245628067223906
369.63073127589723	2.321346471121476	0.524586543282884
369.63487544598416	2.3214486996981156	0.5246102785040123
369.63901966253434	2.321550922627267	0.5246340123859622
369.6431639255478	2.3216531399096803	0.5246577449289161
369.6473082350254	2.321755351546121	0.5246814761330602
369.65145259096744	2.3218575575373417	0.5247052059985773
369.6555969933747	2.321959757884106	0.5247289345256534
369.65974144224737	2.322061952587166	0.5247526617144713
369.66388593758626	2.3221641416472867	0.5247763875652169
369.66803047939175	2.32226632506522	0.5248001120780731
369.67217506766445	2.3223685028417274	0.5248238352532248
369.67631970240467	2.3224706749775614	0.5248475570908558
369.6804643836132	2.3225728414734856	0.5248712775911507
369.6846091112904	2.3226750023302505	0.5248949967542927
369.6887538854368	2.3227771575486202	0.5249187145804671
369.692898706053	2.3228793071293437	0.5249424310698565
369.6970435731395	2.3229814510731845	0.5249661462226461
369.70118848669665	2.323083589380892	0.5249898600390186
369.7053334467254	2.32318572205323	0.5250135725191593
369.70947845322576	2.323287849090947	0.5250372836632502
369.7136235061985	2.3233899704948033	0.5250609934714763
369.7177686056442	2.323492086265555	0.5250847019440217
369.7219137515632	2.323594196403954	0.5251084090810687
369.7260589439562	2.3236963009107603	0.5251321148828022
369.73020418282357	2.323798399786723	0.5251558193494046
369.73434946816604	2.323900493032604	0.525179522481061
369.73849479998387	2.324002580649152	0.5252032242779537
369.7426401782777	2.324104662637126	0.5252269247402664
369.74678560304807	2.324206738997276	0.5252506238681826
369.75093107429564	2.3243088097303626	0.525274321661886
369.75507659202066	2.324410874837133	0.5252980181215593
369.75922215622376	2.324512934318346	0.5253217132473866
369.76336776690545	2.324614988174752	0.5253454070395502
369.76751342406635	2.3247170364071077	0.525369099498234
369.7716591277068	2.3248190790161627	0.5253927906236209
369.77580487782757	2.324921116002675	0.5254164804158942
369.7799506744289	2.325023147367393	0.5254401688752367
369.78409651751156	2.325125173111073	0.5254638560018319
369.7882424070758	2.3252271932344644	0.525487541795862
369.79238834312247	2.3253292077383243	0.5255112262575109
369.79653432565186	2.3254312166234	0.5255349093869606
369.80068035466456	2.325533219890448	0.525558591184395
369.804826430161	2.325635217540216	0.5255822716499954
369.8089725521418	2.32573720957346	0.525605950783946
369.8131187206075	2.3258391959909277	0.5256296285864287
369.81726493555857	2.3259411767933726	0.5256533050576266
369.82141119699565	2.3260431519815494	0.5256769801977228
369.8255575049191	2.326145121556203	0.5257006540068988
369.8297038593294	2.326247085518089	0.525724326485338
369.83385026022734	2.3263490438679555	0.5257479976332224
369.8379967076132	2.326450996606555	0.5257716674507351
369.8421432014875	2.3265529437346353	0.5257953359380576
369.8462897418509	2.32665488525295	0.5258190030953732
369.8504363287039	2.3267568211622467	0.5258426689228636
369.85458296204695	2.3268587514632775	0.5258663334207119
369.85872964188053	2.32696067615679	0.5258899965890992
369.86287636820526	2.3270625952435346	0.5259136584282088
369.8670231410216	2.32716450872426	0.5259373189382219
369.87116996033023	2.327266416599719	0.5259609781193221
369.8753168261314	2.3273683188706547	0.5259846359716893
369.8794637384259	2.327470215537822	0.5260082924955078
369.88361069721407	2.3275721066019646	0.5260319476909581
369.8877577024965	2.3276739920638354	0.5260556015582231
369.8919047542736	2.327775871924178	0.5260792540974837
369.89605185254607	2.327877746183746	0.5261029053089227
369.90019899731436	2.327979614843282	0.5261265551927211
369.904346188579	2.328081477903539	0.5261502037490619
369.90849342634044	2.328183335365261	0.5261738509781256
369.91264071059925	2.3282851872291963	0.5261974968800943
369.916788041356	2.328387033496095	0.5262211414551503
369.9209354186111	2.3284888741666996	0.5262447847034741
369.92508284236527	2.328590709241761	0.5262684266252484
369.92923031261876	2.3286925387220236	0.5262920672206538
369.9333778293724	2.3287943626082375	0.5263157064898729
369.9375253926263	2.328896180901144	0.5263393444330857
369.9416730023814	2.3289979936014946	0.5263629810504749
369.94582065863796	2.32909980071003	0.5263866163422205
369.9499683613967	2.3292016022275033	0.5264102503085057
369.95411611065794	2.329303398154653	0.5264338829495099
369.95826390642236	2.3294051884922293	0.5264575142654155
369.9624117486903	2.329506973240975	0.526481144256403
369.96655963746247	2.32960875240164	0.5265047729226545
369.97070757273934	2.3297105259749635	0.5265284002643502
369.97485555452135	2.3298122939616945	0.5265520262816715
369.97900358280896	2.3299140563625746	0.5265756509747991
369.98315165760306	2.330015813178353	0.526599274343915
369.9872997789038	2.3301175644097696	0.5266228963891985
369.99144794671184	2.3302193100575717	0.5266465171108321
369.9955961610276	2.330321050122501	0.5266701365089953
369.9997444218518	2.3304227846053043	0.5266937545838705
370.0038927291847	2.330524513506721	0.5267173713356366
370.0080410830272	2.3306262368275013	0.5267409867644761
370.0121894833793	2.3307279545683808	0.5267646008705681
370.016337930242	2.3308296667301103	0.5267882136540946
370.0204864236156	2.3309313733134265	0.526811825115235
370.02463496350055	2.3310330743190755	0.5268354352541705
370.02878354989764	2.3311347697478015	0.5268590440710821
370.03293218280703	2.331236459600344	0.5268826515661493
370.03708086222974	2.3313381438774483	0.5269062577395537
370.04122958816566	2.3314398225798527	0.5269298625914739
370.0453783606158	2.331541495708304	0.5269534661220922
370.0495271795805	2.3316431632635393	0.5269770683315874
370.05367604506034	2.3317448252463056	0.5270006692201409
370.0578249570557	2.331846481657338	0.5270242687879316
370.06197391556736	2.3319481324973856	0.5270478670351414
370.0661229205956	2.332049777767182	0.5270714639619488
370.07027197214103	2.3321514174674745	0.5270950595685351
370.0744210702041	2.3322530515989985	0.5271186538550792
370.07857021478554	2.332354680162501	0.5271422468217626
370.08271940588565	2.332456303158716	0.5271658384687637
370.0868686435051	2.332557920588389	0.5271894287962636
370.0910179276442	2.3326595324522557	0.5272130178044413
370.0951672583038	2.332761138751061	0.5272366054934774
370.09931663548406	2.3328627394855403	0.5272601918635511
370.10346605918585	2.332964334656438	0.527283776914843
370.10761552940943	2.333065924264489	0.5273073606475316
370.1117650461555	2.3331675083104364	0.5273309430617976
370.1159146094243	2.3332690867950143	0.5273545241578197
370.1200642192166	2.333370659718966	0.5273781039357782
370.12421387553303	2.333472227083032	0.5274016823958529
370.1283635783738	2.3335737888879464	0.5274252595382226
370.1325133277398	2.3336753451344507	0.5274488353630673
370.136663123631	2.3337768958232816	0.5274724098705658
370.1408129660486	2.33387844095518	0.5274959830608983
370.1449628549925	2.333979980530879	0.5275195549342433
370.1491127904637	2.334081514551121	0.5275431254907806
370.15326277246237	2.334183043016641	0.527566694730689
370.1574128009893	2.3342845659281792	0.5275902626541487
370.1615628760448	2.3343860832864696	0.5276138292613376
370.1657129976296	2.3344875950922535	0.5276373945524361
370.169863165744	2.334589101346263	0.527660958527622
370.1740133803887	2.3346906020492395	0.5276845211870754
370.1781636415641	2.3347920972019147	0.5277080825309743
370.1823139492708	2.3348935868050313	0.5277316425594988
370.18646430350924	2.3349950708593203	0.5277552012728269
370.19061470428005	2.335096549365521	0.5277787586711382
370.1947651515837	2.3351980223243665	0.5278023147546107
370.1989156454207	2.3352994897365966	0.527825869523424
370.20306618579156	2.335400951602944	0.5278494229777563
370.2072167726968	2.3355024079241455	0.5278729751177867
370.211367406137	2.3356038587009342	0.5278965259436934
370.21551808611275	2.33570530393405	0.527920075455656
370.2196688126243	2.335806743624222	0.5279436236538515
370.22381958567246	2.33590817777219	0.52796717053846
370.2279704052575	2.3360096063786853	0.527990716109659
370.2321212713801	2.336111029444443	0.528014260367627
370.2362721840409	2.3362124469702006	0.5280378033125436
370.2404231432401	2.336313858956687	0.5280613449445852
370.24457414897853	2.3364152654046424	0.5280848852639324
370.24872520125643	2.336532597038425	0.5281048235722883
370.2528763000746	2.3367216130857313	0.5281085578923815
370.2570274454334	2.3369106123445897	0.5281122948816056
370.2611786373335	2.3370995948187994	0.5281160345385434
370.26532987577514	2.3372885605121376	0.5281197768617778
370.2694811607591	2.3374775094283975	0.528123521849894
370.27363249228574	2.337666441571362	0.5281272695014763
370.2777838703557	2.337855356944817	0.5281310198151111
370.28193529496946	2.338044255552541	0.5281347727893853
370.2860867661275	2.3382331373983174	0.5281385284228867
370.2902382838303	2.3384220024859226	0.5281422867142037
370.2943898480787	2.3386108508191428	0.5281460476619259
370.29854145887276	2.3387996824017407	0.5281498112646437
370.30269311621333	2.3389884972375063	0.5281535775209484
370.3068448201008	2.3391945100939746	0.5282335843666629
370.31099657053585	2.3394032334410904	0.5283256708239905
370.31514836751865	2.339611936649097	0.5284177438386071
370.31930021105006	2.339820619722936	0.5285098034153977
370.3234521011304	2.3400292826675217	0.5286018495592332
370.32760403776024	2.340237925487781	0.5286938822749887
370.3317560209403	2.340446548188646	0.5287859015675384
370.3359080506708	2.340655150775023	0.5288779074417453
370.34006012695255	2.3408637332518403	0.5289698999024782
370.3442122497857	2.341072295624004	0.5290618789545957
370.3483644191713	2.3412808378964427	0.5291538446029628
370.35251663510934	2.3414893600740525	0.5292457968524292
370.3566688976006	2.3416978621617592	0.5293377357078564
370.36082120664554	2.341906344164458	0.529429661174089
370.36497356224487	2.3421148060870687	0.5295215732559818
370.3691259643988	2.3423232479344853	0.5296134719583753
370.3732784131081	2.3425316697116187	0.5297053572861165
370.37743090837307	2.3427400714233615	0.5297972292440414
370.3815834501945	2.342948453074623	0.5298890878369924
370.3857360385727	2.3431568146702926	0.5299809330698004
370.3898886735083	2.3433651562152735	0.5300727649473012
370.3940413550017	2.3435734777144477	0.5301645834743189
370.3981940830536	2.3437817791727182	0.5302563886556849
370.4023468576645	2.343990060594968	0.5303481804962203
370.40649967883473	2.3441983219860907	0.5304399590007485
370.41065254656496	2.3444065633509634	0.5305317241740841
370.41480546085575	2.344614784694482	0.5306234760210473
370.41895842170743	2.3448229860215157	0.530715214546446
370.42311142912075	2.3450311673369564	0.5308069397550954
370.42726448309605	2.345239328645674	0.5308986516517985
370.431417583634	2.345447469952551	0.5309903502413629
370.43557073073504	2.345655591262462	0.5310820355285909
370.4397239243997	2.345863692580274	0.5311737075182792
370.4438771646285	2.3460717739108645	0.5312653662152262
370.44803045142197	2.3462798352590974	0.5313570116242246
370.45218378478074	2.3464878766298467	0.5314486437500677
370.456337164705	2.3466958980279653	0.5315402625975393
370.46049059119576	2.3469038994583333	0.5316318681714316
370.4646440642531	2.347111880925798	0.5317234604765216
370.4687975838779	2.3473198424352275	0.5318150395175932
370.4729511500703	2.347527783991473	0.5319066052994214
370.4771047628311	2.3477357055993986	0.5319981578267843
370.48125842216075	2.34794360726385	0.5320896971044502
370.48541212805986	2.3481514889896875	0.5321812231371926
370.4895658805288	2.348359350781755	0.532272735929775
370.49371967956813	2.348567192644904	0.532364235486963
370.49787352517836	2.3487750145839774	0.5324557218135165
370.50202741736024	2.348982816603828	0.5325471949141977
370.50618135611387	2.349190598709288	0.5326386547937574
370.5103353414401	2.3493983609052083	0.5327301014569539
370.51448937333936	2.34960610319642	0.5328215349085337
370.5186434518122	2.3498138255877676	0.5329129551532487
370.522797576859	2.350021528084078	0.5330043621958399
370.52695174848054	2.350229210690196	0.533095756041055
370.5311059666771	2.3504368734109415	0.5331871366936285
370.5352602314493	2.350644516251148	0.5332785041582994
370.5394145427977	2.350852139215651	0.5333698584398059
370.5435689007227	2.3510597423092663	0.5334611995428747
370.54772330522496	2.3512673255368286	0.5335525274722398
370.5518777563049	2.351474888903146	0.5336438422326221
370.5560322539632	2.351682432413055	0.5337351438287518
370.56018679820016	2.3518899560713606	0.5338264322653443
370.56434138901653	2.35209745988289	0.5339177075471231
370.56849602641256	2.35230494385245	0.5340089696787997
370.57265071038915	2.3525124079848636	0.5341002186650927
370.5768054409464	2.3527198522849293	0.5341914545107062
370.5809602180851	2.3529272767574687	0.5342826772203542
370.5851150418057	2.3531346814072784	0.5343738867987369
370.5892699121087	2.353342066239173	0.5344650832505605
370.5934248289947	2.3535494312579517	0.5345562665805234
370.5975797924641	2.35375677646842	0.5346474367933245
370.60173480251757	2.3539641018753716	0.5347385938936556
370.6058898591555	2.354171407483614	0.5348297378862124
370.6100449623785	2.354378693297934	0.5349208687756802
370.61420011218706	2.3545859593231366	0.5350119865667511
370.6183553085816	2.3547932055640017	0.5351030912641028
370.622510551563	2.355000432025336	0.5351941828724239
370.62666584113117	2.3552076387119114	0.5352852613963861
370.6308211772872	2.355414825628527	0.5353763268406702
370.6349765600314	2.355621992779968	0.5354673792099508
370.6391319893643	2.3558291401710134	0.5355584185088954
370.6432874652864	2.3560362678064495	0.5356494447421754
370.6474429877982	2.35624337569105	0.5357404579144537
370.6515985569003	2.356450463829601	0.5358314580303972
370.65575417259316	2.356657532226868	0.5359224450946612
370.65990983487734	2.3568645808876387	0.5360134191119097
370.66406554375334	2.3570716098166744	0.536104380086793
370.6682212992217	2.3572786190187536	0.5361953280239673
370.6723771012829	2.357485608498637	0.5362862629280788
370.6765329499376	2.357692578261102	0.53637718480378
370.680688845186	2.3578995283109028	0.5364680936557105
370.6848447870291	2.358106458652816	0.5365589894885185
370.689000775467	2.3583133692915896	0.5366498723068377
370.69315681050045	2.358520260231994	0.5367407421153098
370.6973128921299	2.3587271314787785	0.5368315989185655
370.70146902035583	2.3589339830367075	0.5369224427212401
370.7056251951788	2.359140814910526	0.5370132735279595
370.70978141659947	2.3593476271049982	0.5371040913433545
370.71393768461803	2.3595544196248626	0.5371948961720446
370.71809399923546	2.359761192474882	0.5372856880186572
370.7222503604518	2.3599679456597866	0.5373764668878038
370.726406768268	2.3601746791843374	0.537467232784108
370.7305632226842	2.360381393053265	0.5375579857121772
370.73471972370123	2.3605880872713225	0.5376487256766288
370.7388762713195	2.36079476184324	0.537739452682066
370.74303286553936	2.3610014167737576	0.5378301667330967
370.74718950636174	2.3612080520676204	0.5379208678343278
370.75134619378673	2.361414667729549	0.5380115559903541
370.7555029278152	2.3616212637642886	0.5381022312057799
370.7596597084474	2.361827840176557	0.538192893485195
370.76381653568393	2.362034396971096	0.538283542833198
370.76797340952544	2.3622409341526236	0.538374179254376
370.77213032997236	2.3624474517258705	0.5384648027533195
370.77628729702514	2.362653949695555	0.5385554133346112
370.78044431068446	2.362860428066406	0.5386460110028378
370.78460137095067	2.3630668868431326	0.5387365957625744
370.78875847782444	2.3632733260304652	0.5388271676184051
370.7929156313062	2.3634797456331103	0.5389177265748998
370.7970728313966	2.3636861456557896	0.539008272636635
370.801230078096	2.3638925261032093	0.5390988058081783
370.805387371405	2.364098886980086	0.5391893260940996
370.80954471132407	2.3643052282911206	0.5392798334989602
370.8137020978538	2.3645115500410308	0.5393703280273274
370.81785953099467	2.364717852234513	0.5394608096837573
370.82201701074735	2.3649241348762815	0.5395512784728119
370.8261745371121	2.3651303979710225	0.5396417343990393
370.83033211008967	2.365336641523453	0.5397321774669999
370.83448972968034	2.3655428655382567	0.539822607681236
370.83864739588483	2.365749070020137	0.5399130250462989
370.8428051087037	2.3659552549737923	0.5400034295667349
370.8469628681374	2.3661614204039068	0.5400938212470823
370.8511206741864	2.3663675663151826	0.5401842000918854
370.8552785268512	2.3665736927122945	0.5402745661056756
370.85943642613245	2.366779799599944	0.5403649192929932
370.86359437203055	2.366985886982807	0.5404552596583668
370.8677523645462	2.367191954865574	0.5405455872063283
370.87191040367975	2.3673980032529207	0.5406359019414022
370.87606848943176	2.367604032149536	0.5407262038681164
370.8802266218027	2.3678100415600887	0.5408164929909897
370.8843848007933	2.368016031489264	0.5409067693145448
370.8885430264038	2.368222001941729	0.5409970328432954
370.89270129863496	2.3684279529221643	0.5410872835817592
370.89685961748717	2.3686338844352353	0.5411775215344458
370.90101798296104	2.3688397964856174	0.5412677467058673
370.90517639505697	2.3690456890779723	0.5413579591005278
370.9093348537757	2.3692515622169714	0.5414481587229345
370.91349335911747	2.369457415907275	0.5415383455775878
370.917651911083	2.36966325015355	0.5416285196689887
370.92181050967275	2.369869064960452	0.5417186810016326
370.92596915488724	2.370074860332644	0.5418088295800155
370.930127846727	2.3702806362747793	0.5418989654086277
370.9342865851925	2.370486392791519	0.5419890884919614
370.9384453702844	2.3706921298875097	0.5420791988345011
370.94260420200317	2.3708978475674103	0.5421692964407336
370.94676308034917	2.371103545835864	0.5422593813151386
370.9509220053231	2.371309224697522	0.542349453462197
370.95508097692556	2.371514884157035	0.5424395128863876
370.9592399951568	2.371720524219041	0.5425295595921823
370.96339906001754	2.371926144888191	0.5426195935840569
370.96755817150824	2.372131746169116	0.5427096148664762
370.97171732962954	2.3723373280664646	0.5427996234439122
370.97587653438177	2.372542890584868	0.5428896193208257
370.98003578576555	2.3727484337289675	0.542979602501683
370.98419508378134	2.3729539575033907	0.5430695729909396
370.9883544284299	2.373159461912777	0.5431595307930572
370.9925138197114	2.3733649469617517	0.5432494759124873
370.9966732576266	2.3735704126549493	0.5433394083536852
371.00083274217593	2.3737758589969897	0.543429328121098
371.0049922733601	2.3739812859925076	0.5435192352191772
371.00915185117924	2.3741948757587665	0.5436448635224251
371.0133114756342	2.3744299640494098	0.5438644227326951
371.0174711467254	2.374665037416157	0.5440839388255054
371.02163086445347	2.3749000958555917	0.5443034118186298
371.02579062881875	2.375135139364274	0.5445228417298071
371.0299504398219	2.3753701679388053	0.5447422285767956
371.03411029746326	2.3756051815757657	0.5449615723773179
371.03827020174367	2.3758401802717684	0.5451808731491115
371.0424301526633	2.3760751640234092	0.5454001309098808
371.04659015022287	2.376310132827312	0.5456193456773396
371.0507501944229	2.3765450866801077	0.5458385174691922
371.05491028526393	2.3767800255784155	0.5460576463031158
371.05907042274634	2.3770149495188857	0.5462767321967991
371.06323060687083	2.3772498584981583	0.5464957751679058
371.0673908376379	2.3774847525128986	0.5467147752341067
371.0715511150479	2.3777196315597595	0.5469337324130445
371.0757114391016	2.377954495635423	0.5471526467223715
371.0798718097994	2.378189344736556	0.5473715181797127
371.0840322271417	2.3784241788598566	0.5475903468027015
371.08819269112917	2.378658998002008	0.5478091326089444
371.09235320176225	2.378893802159722	0.5480278756160569
371.09651375904156	2.3791285913297004	0.5482465758416303
371.10067436296765	2.3793633655086714	0.5484652333032614
371.1048350135409	2.379598124693347	0.5486838480185176
371.108995710762	2.379832868880472	0.5489024200049806
371.11315645463117	2.3800675980667765	0.5491209492802023
371.1173172451493	2.3803023122490186	0.5493394358617433
371.1214780823167	2.380537011423944	0.5495578797671372
371.12563896613403	2.380771695588326	0.5497762810139266
371.1297998966016	2.381006364738924	0.5499946396196269
371.1339608737202	2.381241018872531	0.550212955601765
371.1381218974901	2.381475657985918	0.5504312289778356
371.142282967912	2.3817102820758937	0.5506494597653471
371.14644408498634	2.381944891139247	0.550867647981779
371.15060524871353	2.3821794851727898	0.5510857936446114
371.1547664590945	2.3824140641733473	0.5513038967713229
371.15892771612937	2.382648628137733	0.5515219573793659
371.1630890198188	2.382883177062786	0.5517399754861984
371.16725037016323	2.383117710945335	0.5519579511092536
371.1714117671634	2.3833522297822416	0.55217588426598
371.17557321081955	2.3835867335703442	0.5523937749737875
371.1797347011325	2.3838212223065205	0.5526116232501062
371.1838962381025	2.3840556959876222	0.5528294291123282
371.1880578217303	2.384290154610542	0.5530471925778653
371.19221945201616	2.3845245981721517	0.5532649136640939
371.1963811289609	2.3847590266693506	0.5534825923884029
371.2005428525648	2.3849934400990316	0.553700228768156
371.2047046228286	2.3852278384581105	0.5539178228207234
371.2088664397526	2.385462221743487	0.5541353745634461
371.2130283033376	2.3856965899520968	0.5543528840136784
371.21719021358376	2.385930943080856	0.5545703511887461
371.2213521704919	2.3861652811267122	0.5547877761059832
371.2255141740623	2.386399604086595	0.5550051587826943
371.2296762242958	2.386633911957472	0.5552224992362035
371.23383832119265	2.3868682047362846	0.5554397974837922
371.23800046475355	2.387102482420012	0.5556570535427641
371.24216265497887	2.3873367450056158	0.5558742674303873
371.2463248918693	2.3875709924900863	0.5560914391639449
371.25048717542506	2.3878052248703994	0.5563085687606877
371.254649505647	2.388039442143559	0.5565256562378779
371.25881188253555	2.388273644306569	0.5567427016127611
371.26297430609117	2.3885078313564274	0.5569597049025634
371.2671367763146	2.388742003290164	0.5571766661245232
371.2712992932059	2.3889761601047925	0.5573935852958486
371.2754618567661	2.3892103017973505	0.5576104624337546
371.2796244669954	2.3894444283648695	0.5578272975554341
371.28378712389457	2.3896785398044074	0.5580440906780894
371.2879498274638	2.3899126361130016	0.5582608418188877
371.2921125777039	2.390146717287726	0.5584775509950161
371.29627537461516	2.3903807833256345	0.5586942182236239
371.30043821819845	2.3906148342238156	0.5589108435218799
371.30460110845394	2.3908488699793407	0.5591274269069213
371.30876404538236	2.3910828905893053	0.5593439683958914
371.3129270289841	2.3913168960507996	0.5595604680059113
371.31709005925984	2.391550886360932	0.559776925754107
371.32125313621	2.391784861516806	0.5599933416575819
371.32541625983504	2.392018821515549	0.5602097157334462
371.3295794301356	2.3922527663542783	0.5604260479987863
371.3337426471122	2.3924866960301294	0.5606423384706888
371.3379059107653	2.392720610540237	0.5608585871662246
371.3420692210955	2.392954509881754	0.5610747941024659
371.3462325781031	2.393188394051823	0.5612909592964603
371.35039598178895	2.3934222630476114	0.5615070827652621
371.35455943215345	2.39365611686629	0.561723164525914
371.358722929197	2.3938899555050233	0.5619392045954371
371.36288647292037	2.394123778961005	0.5621552029908641
371.36705006332375	2.3943575872314105	0.562371159729196
371.3712137004079	2.3945913803134444	0.5625870748274454
371.37537738417325	2.3948251582043034	0.5628029483025998
371.37954111462057	2.395058920901205	0.5630187801716544
371.38370489174997	2.3952926684013565	0.5632345704515771
371.38786871556226	2.395526400701988	0.5634503191593421
371.3920325860578	2.395760117800322	0.5636660263119024
371.39619650323726	2.39599381969361	0.5638816919262194
371.40036046710105	2.396227506379079	0.564097316019221
371.40452447764983	2.3964611778539973	0.5643128986078537
371.40868853488394	2.396694834115609	0.56452843970903
371.4128526388041	2.3969290216741137	0.5647462588862029
371.41701678941064	2.3971703814448704	0.5649945310405569
371.42118098670426	2.397411728681691	0.5652427527397347
371.42534523068525	2.397653063377605	0.5654909240045276
371.4295095213545	2.3978943855256856	0.5657390448557497
371.43367385871215	2.398135695118985	0.5659871153141723
371.437838242759	2.3983769921505984	0.5662351354005866
371.4420026734953	2.398618276613608	0.5664831051357501
371.4461671509219	2.3988595485011284	0.5667310245404313
371.4503316750391	2.399100807806267	0.5669788936353684
371.45449624584745	2.399342054522166	0.5672267124413118
371.4586608633475	2.3995832886419537	0.5674744809789772
371.4628255275398	2.399824510158789	0.5677221992690903
371.46699023842496	2.4000657190658443	0.5679698673323669
371.47115499600324	2.400306915356281	0.5682174851894892
371.4753198002755	2.4005480990233026	0.5684650528611622
371.4794846512419	2.400789270060097	0.5687125703680513
371.4836495489033	2.40103042845989	0.5689600377308388
371.4878144932599	2.4012715742158917	0.5692074549701701
371.49197948431254	2.4015127073213516	0.5694548221067077
371.49614452206157	2.4017538277695074	0.5697021391610804
371.5003096065075	2.401994935553626	0.5699494061539249
371.5044747376509	2.402236030666974	0.5701966231058561
371.5086399154923	2.4024771131028397	0.5704437900374879
371.5128051400322	2.4027181828545126	0.5706909069694157
371.5169704112713	2.402959239915307	0.5709379739222364
371.5211357292097	2.4032002842785314	0.5711849909165196
371.5253010938484	2.4034413159375285	0.5714319579728487
371.5294665051875	2.403682334885627	0.5716788751117704
371.5336319632279	2.4039233411161933	0.5719257423538483
371.5377974679699	2.40416433462258	0.5721725597196095
371.541963019414	2.4044053153981766	0.5724193272295975
371.54612861756084	2.404646283436361	0.5726660449043229
371.55029426241106	2.4048872387305433	0.5729127127643069
371.5544599539648	2.405128181274126	0.5731593308300397
371.55862569222285	2.405369111060535	0.5734058991220172
371.56279147718584	2.405610028083216	0.5736524176607307
371.566957308854	2.4058509323355968	0.5738988864666325
371.5711231872281	2.406091823811153	0.574145305560203
371.57528911230855	2.406332702503342	0.574391674961881
371.57945508409597	2.406573568405655	0.5746379946921181
371.5836211025906	2.4068144215115734	0.5748842647713364
371.58778716779335	2.4070552618146115	0.575130485219968
371.5919532797045	2.407296089308277	0.5753766560584181
371.59611943832465	2.4075369039861045	0.5756227773070964
371.6002856436542	2.4077777058416254	0.5758688489863879
371.604451895694	2.408018494868396	0.576114871116683
371.60861819444415	2.4082592710599697	0.5763608437183473
371.61278453990553	2.4085000344099265	0.5766067668117509
371.6169509320784	2.408740784911847	0.5768526404172433
371.6211173709634	2.408981522559329	0.5770984645551716
371.62528385656117	2.409222247345976	0.5773442392458656
371.629450388872	2.4094629592654098	0.5775899645096534
371.63361696789656	2.4097036583112548	0.5778356403668446
371.6377835936354	2.40994434447716	0.5780812668377504
371.6419502660889	2.4101850177567687	0.5783268439426583
371.64611698525766	2.410425678143752	0.5785723717018599
371.6502837511423	2.4106663256317766	0.5788178501356229
371.65445056374324	2.4109069602145357	0.5790632792642194
371.65861742306095	2.411147581885719	0.5793086591078973
371.66278432909616	2.4113881906390437	0.5795539896869121
371.66695128184904	2.411628786468218	0.5797992710214862
371.67111828132045	2.4118693693669804	0.5800445031318558
371.67528532751084	2.412109939329078	0.580289686038241
371.67945242042066	2.4123504963482505	0.5805348197608351
371.68361956005043	2.412591040418275	0.5807799043198474
371.6877867464007	2.412831571532916	0.5810249397354544
371.6919539794721	2.41307208968597	0.5812699260278431
371.696121259265	2.413312594871224	0.5815148632171705
371.70028858578	2.413553087082497	0.5817597513236039
371.7044559590176	2.4137935663135983	0.5820045903672807
371.7086233789783	2.4140340325583685	0.5822493803683487
371.7127908456626	2.4142744858106417	0.5824941213469288
371.71695835907116	2.414514926064278	0.5827388133231461
371.7211259192043	2.4147553533131343	0.5829834563171021
371.72529352606284	2.4149957675510914	0.5832280503489027
371.729461179647	2.415236168772028	0.5834725954386294
371.7336288799575	2.415476556969852	0.5837170916063716
371.7377966269948	2.415716932138457	0.5839615388721855
371.74196442075936	2.415957294271777	0.584205937256147
371.7461322612518	2.416197643363729	0.5844502867782928
371.75030014847255	2.4164379794082635	0.584694587458673
371.7544680824222	2.416678302399319	0.5849388393173052
371.75863606310133	2.4169186123308766	0.5851830423742287
371.7628040905103	2.41715890919689	0.5854271966494358
371.7669721646497	2.417399192991353	0.5856713021629378
371.7711402855203	2.4176394637082685	0.5859153589347335
371.7753084531222	2.417879721341626	0.5861593669847882
371.7794766674563	2.4181199658854577	0.5864033263330903
371.78364492852273	2.418360197333777	0.5866472369995891
371.78781323632245	2.418600415680634	0.586891099004247
371.79198159085576	2.4188406209200686	0.5871349123669996
371.7961499921231	2.4190808130461483	0.5873786771077874
371.8003184401251	2.4193209920529357	0.5876223932465265
371.80448693486244	2.4195611579345226	0.5878660608031409
371.8086554763352	2.4198013106849876	0.5881096797975212
371.8128240645445	2.420041450298449	0.5883532502495777
371.8169926994903	2.420281571576184	0.5885967508265494
371.8211613811735	2.4205214944277627	0.5888394413016325
371.82533010959435	2.420761404058523	0.5890820835128986
371.8294988847537	2.421001300462729	0.5893246774801203
371.83366770665185	2.421241183634629	0.5895672232230356
371.8378365752893	2.4214810535685065	0.589809720761395
371.8420054906666	2.421720910258636	0.5900521701149228
371.8461744527845	2.4219607536993193	0.5902945713033474
371.85034346164326	2.422200583884852	0.5905369243463735
371.85451251724345	2.4224404008095566	0.5907792292637105
371.8586816195856	2.4226802044677496	0.5910214860750437
371.8628507686702	2.4229199948537707	0.5912636948000604
371.867019964498	2.423159771961973	0.5915058554584407
371.8711892070693	2.4233995357866993	0.5917479680698355
371.8753584963847	2.423639286322328	0.5919900326539117
371.8795278324447	2.4238790235632273	0.5922320492303035
371.8836972152499	2.42411874750379	0.5924740178186526
371.8878666448007	2.4243584581384066	0.592715938438577
371.89203612109765	2.424598155461495	0.5929578111097022
371.8962056441413	2.4248378394674632	0.5931996358516236
371.90037521393225	2.425077510150749	0.5934414126839479
371.90454483047085	2.4253171675057814	0.5936831416262512
371.90871449375777	2.4255568115270187	0.5939248226981209
371.9128842037935	2.425796442208913	0.5941664559191164
371.91705396057864	2.4260360595459414	0.5944080413088033
371.9212237641135	2.4262756635325755	0.5946495788867221
371.9253936143989	2.4265152541633124	0.5948910686724187
371.92956351143494	2.4267548314326426	0.5951325106854116
371.9337334552227	2.426994395335091	0.5953739049452362
371.9379034457621	2.427233945865162	0.5956152514713863
371.94207348305423	2.4274734830174003	0.5958565502833749
371.94624356709915	2.4277130067863357	0.5960978014006821
371.9504136978978	2.427952517166529	0.5963390048427994
371.95458387545034	2.4281920141525313	0.5965801606291877
371.9587540997575	2.428431497738923	0.596821268779319
371.96292437081974	2.428670967920279	0.5970623293126381
371.96709468863764	2.428910424691197	0.5973033422485947
371.9712650532116	2.429149868046268	0.5975443076066121
371.9754354645422	2.429389297980111	0.5977852254061208
371.9796059226302	2.429628714487351	0.5980260956665387
371.9837764274757	2.4298681175626102	0.5982669184072603
371.9879469790795	2.4301075072005394	0.5985076936476903
371.99211757744206	2.4303468833957833	0.5987484214072066
371.9962882225639	2.43058624614301	0.5989891017051922
372.0004589144456	2.430825595436881	0.599229734561003
372.0046296530876	2.4310649312720902	0.5994703199940087
372.0088004384904	2.4313042536433196	0.5997108580235458
372.0129712706547	2.431543562545277	0.5999513486689592
372.01714214958076	2.431782857972667	0.6001917919495696
372.0213130752694	2.4320221399202198	0.6004321878847052
372.02548404772097	2.432261408382657	0.600672536493665
372.02965506693596	2.432500663354729	0.6009128377957583
372.0338261329149	2.432739904831174	0.601153091810262
372.0379972456586	2.432979132806772	0.6013932985564746
372.04216840516716	2.4332183472762736	0.6016334580536483
372.04633961144134	2.433457548234472	0.6018735703210578
372.05051086448157	2.433696735676151	0.6021136353779468
372.05468216428847	2.433935909596117	0.6023536532435649
372.0588535108625	2.4341750699891724	0.602593623937138
372.0630249042043	2.434414216850145	0.6028335474778957
372.06719634431414	2.4346533501738556	0.603073423885045
372.07136783119273	2.4348924699551486	0.6033132531777942
372.0755393648407	2.4351315761888763	0.603553035375342
372.07971094525834	2.4353706688698904	0.6037927704968667
372.0838825724463	2.4356097479930665	0.6040324585615509
372.0880542464051	2.435848813553275	0.6042720995885538
372.0922259671353	2.436087865545411	0.6045116935970389
372.09639773463726	2.4363269039643645	0.6047512406061467
372.1005695489117	2.4365659288050527	0.6049907406350244
372.10474140995893	2.436804940062379	0.6052301937027879
372.1089133177798	2.437043937731286	0.6054695998285713
372.11308527237446	2.4372829218066934	0.6057089590314685
372.1172572737437	2.437521892283563	0.6059482713305947
372.12142932188783	2.437760849156834	0.6061875367450247
372.1256014168077	2.437999792421487	0.6064267552938549
372.12977355850353	2.4382387220724837	0.6066659269961443
372.13394574697594	2.4384776381048208	0.6069050518709674
372.1381179822254	2.438716540513475	0.6071441299373614
372.14229026425267	2.4389554292934696	0.6073831612143876
372.14646259305795	2.4391943044398006	0.6076221457210641
372.15063496864195	2.4394331659475	0.6078610834764252
372.1548073910052	2.4396720138115926	0.6080999744994782
372.1589798601483	2.4399108480271323	0.6083388188092412
372.16315237607137	2.4401496685891506	0.6085776164246922
372.1673249387755	2.440388475492727	0.6088163673648357
372.17149754826073	2.440627268732918	0.6090550716486359
372.17567020452793	2.4408660483048115	0.6092937292950705
372.1798429075774	2.441104814203487	0.6095323403230878
372.18401565740976	2.441343566424047	0.6097709047516408
372.18818845402564	2.4415823049616074	0.6100094225996787
372.19236129742535	2.44182102981127	0.6102478938861159
372.19653418760953	2.442059740968173	0.6104863186298859
372.20070712457874	2.442298438427443	0.6107246968498897
372.20488010833344	2.4425371221842336	0.610963028565039
372.2090531388741	2.4427757922336895	0.6112013137942163
372.21322621620135	2.443014448570987	0.6114395525563173
372.2173993403157	2.4432530911912855	0.6116777448702027
372.2215725112177	2.4434917200897774	0.6119158907547466
372.2257457289077	2.443730335261644	0.6121539902287942
372.22991899338655	2.443968936702102	0.6123920433112061
372.2340923046544	2.4442075244063424	0.6126300500208002
372.238265662712	2.4444460983696006	0.6128680103764185
372.24243906755976	2.4446846585870943	0.6131059243968685
372.24661251919844	2.4449232050540717	0.6133437921009679
372.25078601762823	2.44516173776577	0.6135816135075056
372.25495956284993	2.445400256717452	0.6138193886352776
372.2591331548639	2.445638761904379	0.6140571175030596
372.2633067936707	2.4458772533218296	0.6142948001296263
372.2674804792709	2.4461157309650834	0.6145324365337347
372.2716542116651	2.4463541948294405	0.6147700267341436
372.2758279908536	2.4465926449101927	0.6150075707495853
372.280001816837	2.4468310812026584	0.6152450685988003
372.284175689616	2.4470695037021595	0.6154825203005136
372.28834960919096	2.447307912404021	0.6157199258734355
372.2925235755625	2.447546307303589	0.6159572853362778
372.29669758873086	2.4477846883961973	0.616194598707724
372.300871648697	2.4480230556772193	0.6164318660064758
372.3050457554611	2.448261409142008	0.6166690872511976
372.309219909024	2.44849974878595	0.6169062624605699
372.313394109386	2.4487380746044183	0.6171433916532384
372.31756835654755	2.4489763865928134	0.6173804748478625
372.3217426505094	2.4492146847465315	0.6176175120630747
372.3259169912719	2.449452969060991	0.6178545033175127
372.3300913788357	2.4496912395316044	0.6180914486297903
372.3342658132013	2.4499294961538105	0.61832834801853
372.3384402943691	2.450167738923037	0.6185652015023242
372.3426148223398	2.4504059678347385	0.6188020090997732
372.3467893971138	2.4506441828843664	0.6190387708294572
372.3509640186917	2.4508823840673895	0.619275486709955
372.35513868707386	2.4511205713792754	0.6195121567598249
372.35931340226114	2.451358744815518	0.619748780997636
372.36348816425374	2.4515969043715975	0.6199853594419226
372.36766297305235	2.4518350500430235	0.6202218921112321
372.3718378286574	2.4520731818252957	0.6204583790240832
372.3760127310696	2.452311299713945	0.6206948201990076
372.38018768028917	2.4525494037044857	0.6209312156545025
372.3843626763168	2.4527874937924583	0.6211675654090727
372.3885377191531	2.4530255699734167	0.6214038694812198
372.3927128087985	2.453263632242903	0.6216401278894127
372.39688794525364	2.453501680596491	0.6218763406521374
372.40106312851873	2.453739715029737	0.6221125077878418
372.4052383585947	2.453977735538237	0.6223486293149955
372.40941363548177	2.4542157421175688	0.6225847052520344
372.41358895918074	2.4544537347633377	0.6228207356174009
372.41776432969186	2.4546917134711403	0.6230567204295122
372.4219397470158	2.454929678236604	0.6232926597067981
372.426115211153	2.4551676290553432	0.6235285534676572
372.43029072210413	2.4554055659229967	0.6237644017304955
372.43446627986947	2.455643488835199	0.6240002045136958
372.4386418844499	2.455881397787613	0.6242359618356511
372.44281753584556	2.456119292775881	0.6244716737147175
372.44699323405723	2.4563571737956837	0.6247073401692698
372.45116897908537	2.456595040842687	0.624942961217651
372.45534477093054	2.4568328939125856	0.6251785368782147
372.45952060959314	2.4570707330010624	0.6254140671692857
372.4636964950738	2.4573085581038323	0.6256495521092019
372.4678724273731	2.457546369216593	0.625884991716267
372.4720484064914	2.457784166335073	0.6261203860087977
372.4762244324294	2.458021949454994	0.6263557350050845
372.4804005051875	2.4582597185721013	0.6265910387234264
372.48457662476613	2.4584974736821246	0.6268262971820869
372.48875279116606	2.45873521478083	0.6270615103993492
372.49292900438775	2.4589729418639807	0.6272966783934756
372.4971052644316	2.4592106549273374	0.6275318011827086
372.5012815712983	2.459448353966692	0.627766878785303
372.5054579249881	2.4596860389778192	0.6280019112194802
372.5096343255019	2.459923709956525	0.6282368985034746
372.51381077284	2.460161366898607	0.628471840655494
372.5179872670029	2.4603990097998856	0.6287067376937517
372.5221638079912	2.460636638656174	0.6289415896364382
372.52634039580556	2.4608742534633135	0.6291763965017507
372.53051703044616	2.4611118542171324	0.629411158307858
372.53469371191386	2.461349440913484	0.629645875072937
372.53887044020894	2.461587013548217	0.6298805468151413
372.5430472153322	2.461824572117208	0.6301151735526345
372.5472240372838	2.4620621166163126	0.6303497553035435
372.55140090606454	2.4622996470414256	0.6305842920860141
372.55557782167483	2.4625371633884248	0.6308187839181604
372.5597547841153	2.4627746656532206	0.6310532308181098
372.5639317933864	2.463012153831706	0.6312876328039556
372.5681088494886	2.463249627919805	0.631521989893804
372.57228595242253	2.4634870879134296	0.6317563021057332
372.57646310218877	2.4637245338085236	0.6319905694578337
372.5806402987876	2.4639619656010163	0.6322247919681654
372.5848175422198	2.4641993832868616	0.6324589696547953
372.58899483248564	2.4644367868620054	0.6326931025357652
372.59317216958584	2.464674176322421	0.6329271906291264
372.5973495535209	2.4649115516640805	0.6331612339529109
372.60152698429135	2.4651489128829582	0.6333952325251384
372.6057044618978	2.465386259975054	0.6336291863638333
372.60988198634044	2.4656235929363493	0.6338630954869862
372.61405955762024	2.465860911762867	0.6340969599126117
372.61823717573736	2.466098216450605	0.6343307796586826
372.62241484069244	2.4663355069955952	0.6345645547431868
372.6265925524861	2.4665727833938598	0.6347982851840872
372.6307703111188	2.466810752553481	0.6350347170251694
372.63494811659103	2.467056128671806	0.6352999217279814
372.6391259689034	2.467301493144648	0.6355650729996521
372.64330386805636	2.4675468459638865	0.6358301708619871
372.6474818140505	2.467792187121442	0.6360952153368129
372.6516598068862	2.468037516609226	0.6363602064459212
372.6558378465642	2.4682828344191834	0.6366251442111149
372.6600159330849	2.468528140543255	0.6368900286541687
372.6641940664488	2.4687734349734067	0.6371548597968588
372.6683722466564	2.4690187177016076	0.637419637660943
372.67255047370844	2.4692639887198538	0.6376843622681807
372.6767287476052	2.469509248020135	0.6379490336403023
372.68090706834727	2.4697544955944783	0.6382136517990536
372.68508543593526	2.469999731434898	0.6384782167661421
372.68926385036974	2.4702449555334467	0.6387427285632932
372.693442311651	2.470490167882166	0.6390071872121934
372.6976208197797	2.470735368473131	0.6392715927345453
372.7017993747564	2.4709805572984203	0.639535945152028
372.7059779765816	2.471225734350122	0.6398002444863078
372.7101566252558	2.4714708996203494	0.6400644907590529
372.7143353207795	2.4717160531012103	0.6403286839919033
372.71851406315335	2.471961194784849	0.6405928242065138
372.72269285237775	2.4722063246633983	0.6408569114244999
372.72687168845334	2.472451442729028	0.6411209456674964
372.7310505713804	2.4726965489738957	0.6413849269570995
372.7352295011599	2.4729416433901976	0.6416488553149233
372.73940847779187	2.4731867259701206	0.6419127307625468
372.74358750127726	2.4734317967058836	0.6421765533215608
372.7477665716162	2.4736768555896966	0.6424403230135208
372.75194568880954	2.4739219026138066	0.6427040398600009
372.7561248528576	2.4741669377704523	0.6429677038825397
372.760304063761	2.4744119610519038	0.6432313151026875
372.76448332152023	2.474656972450425	0.6434948735419628
372.7686626261359	2.474901971958316	0.6437583792218989
372.7728419776084	2.4751469595678595	0.644021832163988
372.7770213759383	2.4753919352713827	0.6442852323897466
372.78120082112616	2.475636899061196	0.6445485799206461
372.78538031317254	2.475881850929652	0.644811874778183
372.7895598520779	2.4761267908690905	0.6450751169838153
372.79373943784276	2.4763717188718766	0.6453383065590033
372.7979190704677	2.4766166349303926	0.6456014435252037
372.8020987499532	2.4768615390370177	0.6458645279038439
372.80627847629984	2.477106431184165	0.6461275597163669
372.81045824950803	2.4773513113642323	0.646390538984174
372.81463806957845	2.4775961795696624	0.6466534657286909
372.8188179365115	2.4778410357928777	0.6469163399712986
372.8229978503078	2.4780858800263466	0.647179161733403
372.8271778109677	2.478330712262522	0.647441931036371
372.831357818492	2.4785755324938883	0.6477046479015791
372.83553787288093	2.478820340712925	0.6479673123503742
372.83971797413534	2.479065136912146	0.6482299244041185
372.84389812225544	2.4793099210840532	0.6484924840841363
372.848078317242	2.479554693221187	0.6487549914117692
372.8522585590954	2.4797994533160757	0.6490174464083246
372.85643884781615	2.4800442013612782	0.6492798490951182
372.8606191834049	2.4802889373493557	0.6495421994934426
372.86479956586214	2.480533661272888	0.649804497624591
372.8689799951882	2.4807783731244544	0.65006674350983
372.8731604713839	2.4810230728966722	0.6503289371704446
372.8773409944496	2.481267760582143	0.6505910786276781
372.8815215643859	2.481512436173503	0.6508531679027894
372.8857021811932	2.48175709966338	0.651115205017005
372.88988284487215	2.4820017510444363	0.6513771899915637
372.8940635554232	2.4822463903093244	0.6516391228476718
372.898244312847	2.4824910174507333	0.651901003606551
372.9024251171439	2.482735632461335	0.6521628322893817
372.90660596831447	2.4829802353338435	0.6524246089173652
372.9107868663594	2.483224826060968	0.6526863335116778
372.914967811279	2.483469404635428	0.6529480060934789
372.91914880307394	2.483713971049973	0.6532096266839398
372.9233298417447	2.4839585252973366	0.653471195304191
372.9275109272918	2.484203067370293	0.6537327119753839
372.9316920597157	2.484447597261608	0.6539941767186378
372.93587323901704	2.484692114964076	0.6542555895550781
372.9400544651962	2.484936620470481	0.6545169505057982
372.94423573825395	2.485181113773653	0.6547782595919154
372.94841705819056	2.4854255948663946	0.6550395168344972
372.9525984250068	2.4856700637415563	0.6553007222546378
372.95677983870297	2.4859145203919746	0.6555618758733938
372.9609612992797	2.4861589648105156	0.6558229777118302
372.9651428067374	2.48640339699004	0.6560840277909834
372.9693243610768	2.486647816923446	0.656345026131908
372.97350596229825	2.4868922246036096	0.6566059727556113
372.9776876104025	2.487136620023457	0.6568668676831305
372.98186930538975	2.4873810031758903	0.6571277109354563
372.9860510472608	2.4876253740538536	0.6573885025336
372.99023283601593	2.4878697326502803	0.6576492424985381
372.99441467165605	2.488114078958134	0.6579099308512588
372.9985965541812	2.4883584129703697	0.6581705676127158
373.0027784835922	2.4886027346799757	0.6584311528038773
373.0069604598897	2.488847044079947	0.6586916864456955
373.01114248307385	2.4890913411632725	0.6589521685590942
373.0153245531455	2.48933562592298	0.6592125991650148
373.019506670105	2.4895798983520825	0.6594729782843611
373.02368883395286	2.4898241584436316	0.6597333059380547
373.02787104468973	2.490068406190667	0.659993582146982
373.0320533023162	2.49031264158626	0.6602538069320422
373.0362356068325	2.4905568646234717	0.6605139803140987
373.04041795823946	2.4907706370184797	0.6606593553637361
373.04460035653744	2.4909728584813986	0.6607612310067607
373.048782801727	2.4911750621343733	0.6608630930915489
373.05296529380865	2.491377247981284	0.6609649416225732
373.057147832783	2.4915794160260165	0.6610667766043103
373.0613304186503	2.4917815662724405	0.6611685980412249
373.06551305141153	2.4919836987244484	0.6612704059377918
373.0696957310668	2.4921858133859085	0.6613722002984725
373.073878457617	2.492387910260701	0.6614739811277328
373.07806123106224	2.4925899893526964	0.6615757484300319
373.08224405140345	2.4927920506657775	0.6616775022098326
373.0864269186408	2.4929940942038025	0.6617792424715854
373.0906098327752	2.4931961199706585	0.661880969219752
373.0947927938068	2.493398127970201	0.6619826824587781
373.0989758017364	2.4936001182063077	0.6620843821931174
373.1031588565643	2.493802090682839	0.6621860684272143
373.10734195829116	2.494004045403664	0.6622877411655158
373.1115251069176	2.494205982372651	0.6623894004124664
373.11570830244386	2.494407901593654	0.6624910461725023
373.1198915448708	2.4946098030705475	0.662592678450067
373.1240748341988	2.4948116868071786	0.6626942972495913
373.1282581704283	2.495013552807419	0.6627959025755138
373.1324415535599	2.495215401075113	0.6628974944322594
373.1366249835941	2.4954172316141325	0.6629990728242648
373.1408084605315	2.49561904442832	0.6631006377559503
373.14499198437255	2.4958208395215378	0.6632021892317442
373.1491755551178	2.4960226168976316	0.6633037272560661
373.1533591727678	2.4962243765604626	0.6634052518333396
373.157542837323	2.4964261185138725	0.6635067629679783
373.1617265487841	2.4966278427617152	0.6636082606644003
373.16591030715136	2.496829549307833	0.6637097449270156
373.1700941124256	2.49703123815608	0.6638112157602393
373.174277964607	2.4972329093102905	0.6639126731684744
373.17846186369644	2.4974345627743215	0.6640141171561335
373.18264580969424	2.497636198552002	0.6641155477276139
373.18682980260104	2.497837816647187	0.6642169648873241
373.1910138424172	2.498039417063704	0.6643183686396578
373.1951979291434	2.4982409998054016	0.6644197589890161
373.19938206278005	2.498442564876105	0.6645211359397888
373.2035662433279	2.498644112279666	0.664622499496376
373.2077504707871	2.498845642019904	0.6647238496631601
373.2119347451585	2.4990471541006607	0.6648251864445336
373.2161190664425	2.4992486485257692	0.6649265098448824
373.2203034346396	2.4994501252990564	0.6650278198685887
373.22448784975046	2.499651584424356	0.665129116520035
373.2286723117754	2.4998530259054896	0.6652303998035979
373.23285682071526	2.5000544497462958	0.6653316697236589
373.2370413765701	2.500255855950586	0.6654329262845861
373.2412259793409	2.500457244522196	0.6655341694907569
373.24541062902796	2.500658615464943	0.6656353993465387
373.2495953256319	2.5008599687826543	0.665736615856302
373.25378006915304	2.50106130447914	0.6658378190244065
373.2579648595922	2.5012626225582326	0.6659390088552224
373.2621496969497	2.501463923023741	0.6660401853531064
373.2663345812261	2.5016652058794864	0.6661413485224189
373.27051951242197	2.5018664711292797	0.6662424983675148
373.27470449053794	2.5020677187769444	0.6663436348927521
373.27888951557424	2.502268948826282	0.6664447581024778
373.2830745875317	2.502470161281112	0.6665458680010456
373.28725970641057	2.50267135614524	0.6666469645928002
373.29144487221174	2.5028725334224795	0.6667480478820899
373.29563008493534	2.5030736931166335	0.6668491178732544
373.29981534458216	2.503274835231516	0.666950174570639
373.3040006511526	2.5034759597709217	0.6670512179785771
373.30818600464727	2.5036770667386654	0.66715224810141
373.31237140506664	2.503878156138541	0.667253264943468
373.31655685241117	2.5040792279743513	0.6673542685090835
373.3207423466815	2.504280282249905	0.6674552588025903
373.32492788787823	2.5044813189689923	0.6675562358283116
373.32911347600174	2.5046823381354164	0.6676571995905758
373.3332991110525	2.504883339752966	0.6677581500937014
373.33748479303125	2.505084323825446	0.6678590873420153
373.3416705219383	2.5052852903566403	0.6679600113398301
373.3458562977744	2.505486239350351	0.6680609220914676
373.35004212053985	2.505687170810362	0.668161819601238
373.3542279902353	2.5058880847404685	0.668262703873456
373.3584139068612	2.5060889811444533	0.6683635749124286
373.36259987041825	2.5062898600261123	0.6684644327224672
373.3667858809067	2.506490721389221	0.6685652773078721
373.3709719383274	2.5066915652375745	0.6686661086729516
373.3751580426806	2.506892391574949	0.6687669268220022
373.379344193967	2.5070932004051336	0.6688677317593273
373.38353039218697	2.5072939917319026	0.6689685234892186
373.3877166373412	2.5074947655590436	0.6690693020159751
373.3919029294301	2.507695521890326	0.6691700673438846
373.3960892684543	2.507896260729534	0.6692708194772399
373.40027565441414	2.5080969820804393	0.669371558420327
373.40446208731043	2.5082976859468236	0.6694722841774342
373.4086485671434	2.508498372332451	0.669572996752841
373.4128350939138	2.5086990412411043	0.6696736961508338
373.41702166762207	2.508899692676543	0.6697743823756847
373.42120828826864	2.509100326642543	0.669875055431675
373.4253949558543	2.5093009431428777	0.6699757153230809
373.4295816703792	2.509501542181303	0.6700763620541692
373.4337684318442	2.509702123761598	0.6701769956292172
373.4379552402496	2.509902687887515	0.6702776160524858
373.4421420955962	2.5101032345628265	0.6703782233282466
373.4463289978842	2.51030376379129	0.6704788174607602
373.4505159471144	2.510504275576669	0.6705793984542898
373.45470294328715	2.510704769922718	0.6706799663130919
373.458889986403	2.5109052468332056	0.6707805210414286
373.4630770764626	2.5111057063118762	0.6708810626435486
373.4672642134663	2.511306148362498	0.6709815911237114
373.4714513974147	2.5115065729888135	0.6710821064861607
373.47563862830845	2.5117069801945884	0.6711826087351517
373.4798259061478	2.511907369983567	0.6712830978749263
373.48401323093356	2.5121077423595026	0.671383573909731
373.48820060266604	2.5123080973261422	0.6714840368438054
373.492388021346	2.5125084348872404	0.6715844866813923
373.49657548697377	2.5127087550465372	0.6716849234267266
373.5007629995499	2.5129090578077853	0.6717853470840466
373.50495055907487	2.5131093431747202	0.6718857576575815
373.5091381655495	2.5133096111510964	0.6719861551515679
373.51332581897395	2.5135098617406473	0.6720865395702305
373.5175135193489	2.5137100949471156	0.6721869109177967
373.52170126667505	2.513910310774248	0.6722872691984956
373.52588906095247	2.514110509225771	0.6723876144165428
373.5300769021822	2.514310690305434	0.6724879465761656
373.53426479036443	2.5145108540169625	0.6725882656815768
373.53845272549984	2.514711000364099	0.6726885717369966
373.5426407075889	2.514911129350569	0.6727888647466347
373.5468287366322	2.515111240980115	0.6728891447147085
373.55101681263005	2.5152734764486415	0.6728478997836482
373.5552049355833	2.5154031256425324	0.6726848575138317
373.55939310549223	2.5155327812023307	0.6725218317873891
373.56358132235755	2.515662443123807	0.6723588226041104
373.5677695861795	2.5157921114027246	0.6721958299637941
373.571957896959	2.5159217860348555	0.6720328538662276
373.57614625469625	2.5160514670159655	0.6718698943112059
373.58033465939195	2.5161811543418264	0.671706951298514
373.58452311104656	2.516310848008206	0.6715440248279435
373.5887116096606	2.5164405480108787	0.6713811148992761
373.5929001552346	2.516570254345613	0.6712182215123009
373.5970887477692	2.5166999670081878	0.6710553446667941
373.60127738726476	2.5168296859943697	0.670892484362544
373.6054660737219	2.516959411299938	0.670729640599326
373.60965480714106	2.517089142920664	0.6705668133769233
373.6138435875229	2.51721888085233	0.6704040026951055
373.6180324148679	2.5173486250907056	0.6702412085536558
373.6222212891764	2.5174783756315704	0.6700784309523462
373.6264102104493	2.51760813247071	0.669915669890941
373.6305991786868	2.517737895603893	0.6697529253692236
373.63478819388956	2.5178676650269076	0.6695901973869529
373.63897725605807	2.5179974407355306	0.6694274859439032
373.6431663651929	2.5181272227255467	0.6692647910398363
373.64735552129457	2.5182570109927345	0.6691021126745218
373.6515447243636	2.518386805532881	0.6689394508477187
373.6557339744004	2.518516606341767	0.6687768055591929
373.6599232714057	2.5186464134151825	0.6686141768086988
373.66411261537985	2.5187762267489067	0.6684515645960036
373.66830200632364	2.5189060463387323	0.6682889689208562
373.6724914442372	2.519035872180441	0.6681263897830209
373.67668092912135	2.519165704269828	0.6679638271822415
373.6808704609765	2.5192955426026744	0.6678012811182817
373.6850600398033	2.519425387174777	0.6676387515908843
373.6892496656021	2.5195552379819213	0.6674762385998056
373.6934393383736	2.519685095019904	0.6673137421447873
373.6976290581181	2.5198149582845097	0.6671512622255853
373.7018188248364	2.519944827771541	0.6669887988419342
373.70600863852883	2.5200747034767836	0.6668263519935865
373.71019849919605	2.5202045853960375	0.6666639216802799
373.7143884068384	2.520334473525095	0.666501507901758
373.71857836145665	2.5204643678597565	0.666339110657756
373.7227683630511	2.5205942683958127	0.6661767299480197
373.72695841162243	2.5207241751290677	0.6660143657722776
373.7311485071711	2.520854088055318	0.6658520181302673
373.73533864969767	2.520984007170363	0.6656896870217233
373.73952883920265	2.5211139324700054	0.6655273724463744
373.7437190756865	2.5212438639500423	0.6653650744039562
373.7479093591499	2.521373801606279	0.665202792894193
373.75209968959325	2.521503745434518	0.6650405279168149
373.7562900670172	2.5216336954305643	0.6648782794715453
373.760480491422	2.5217636515902173	0.6647160475581138
373.76467096280857	2.52189361390929	0.6645538321762361
373.7688614811771	2.5220235823835817	0.6643916333256411
373.77305204652833	2.5221535570089038	0.6642294510060441
373.77724265886263	2.5222835377810617	0.6640672852171664
373.78143331818075	2.5224135246958688	0.66390513595872
373.78562402448284	2.5225435177491264	0.66374300323043
373.7898147777699	2.5226735169366536	0.6635808870319997
373.794005578042	2.5228035222542537	0.6634187873631524
373.79819642530003	2.522933533697747	0.6632567042235886
373.80238731954427	2.523063551262939	0.6630946376130271
373.80657826077544	2.523193574945649	0.6629325875311691
373.810769248994	2.523323604741686	0.6627705539777283
373.8149602842003	2.5234536406468706	0.6626085369524035
373.81915136639515	2.5235836826570153	0.6624465364549033
373.82334249557897	2.5237137307679394	0.6622845524849271
373.8275336717521	2.5238437849754587	0.6621225850421788
373.8317248949153	2.523973845275394	0.6619606341263548
373.835916165069	2.524103911663565	0.6617986997371524
373.84010748221385	2.5242339841357886	0.6616367818742729
373.84429884635017	2.524364062687891	0.6614748805374048
373.8484902574786	2.52449414731569	0.6613129957262479
373.8526817155998	2.524624238015011	0.66115112744049
373.85687322071396	2.5247543347816754	0.6609892756798246
373.861064772822	2.5248844376115125	0.6608274404439358
373.8652563719241	2.5250145465003397	0.6606656217325202
373.86944801802105	2.5251446614439925	0.6605038195452535
373.8736397111131	2.525274782438289	0.6603420338818312
373.87783145120113	2.525404909479065	0.6601802647419259
373.88202323828534	2.5255350425621415	0.6600185121252301
373.8862150723665	2.525665181683357	0.6598567760314137
373.890406953445	2.5257953268385336	0.6596950564601642
373.89459888152135	2.5259254780235083	0.6595333534111526
373.8987908565961	2.5260556352341084	0.6593716668840616
373.90298287867006	2.5261857984661735	0.6592099968785571
373.90717494774316	2.5263159677155285	0.6590483433943226
373.91136706381644	2.5264461429780174	0.6588867064310195
373.91555922689025	2.526576324249467	0.6587250859883268
373.91975143696516	2.5267065115257226	0.6585634820659043
373.92394369404155	2.5268367048026112	0.6584018946634301
373.9281359981202	2.5269669040759797	0.6582403237805596
373.93232834920127	2.5270971093416605	0.6580787694169656
373.93652074728567	2.5272273205954967	0.6579172315723065
373.9407131923737	2.527357537833331	0.6577557102462408
373.944905684466	2.5274877610510003	0.6575942054384353
373.9490982235631	2.5276179902443494	0.6574327171485438
373.95329080966536	2.527748225409219	0.6572712453762266
373.9574834427736	2.527878466541458	0.6571097901211346
373.9616761228879	2.528008713636904	0.6569483513829303
373.9658688500093	2.5281389666914107	0.6567869291612562
373.97006162413794	2.5282692257008157	0.6566255234557746
373.97425444527465	2.5283994906609757	0.6564641342661245
373.9784473134197	2.5285297615677313	0.6563027615919633
373.9826402285737	2.528660038416937	0.6561414054329311
373.9868331907372	2.5287903212044376	0.6559800657886805
373.9910261999108	2.528920609926089	0.6558187426588487
373.9952192560948	2.5290509045777374	0.6556574360430855
373.99941235929003	2.529181205155242	0.6554961459410232
374.0036055094967	2.529311511654448	0.6553348723523125
374.0077987067156	2.5294418240712178	0.6551736152765812
374.0119919509471	2.5295721424013995	0.655012374713475
374.0161852421919	2.5297024666408556	0.6548511506626209
374.0203785804503	2.5298327967854353	0.6546899431236631
374.02457196572306	2.529963132831005	0.6545287520962224
374.0287653980104	2.530093474773414	0.6543675775799422
374.03295887731315	2.5302238226085265	0.6542064195744459
374.03715240363175	2.530354176332205	0.6540452780793587
374.0413459769665	2.5304845359403036	0.6538841530943164
374.0455395973184	2.530614901428693	0.653723044618934
374.04973326468746	2.530745272793227	0.6535619526528461
374.0539269790747	2.5308756500297775	0.653400877195665
374.05812074048015	2.5310060331342017	0.653239818247022
374.06231454890474	2.531136422102372	0.653078775806527
374.0665084043487	2.531266816930147	0.6529177498738085
374.07070230681285	2.5313972176134003	0.652756740448475
374.0748962562975	2.531527624147996	0.6525957475301468
374.07909025280316	2.531658036529805	0.6524347711184353
374.0832842963306	2.531788454754695	0.6522738112129561
374.0874783868801	2.531918878818539	0.6521128678133173
374.09167252445224	2.5320493087172053	0.651951940919132
374.0958667090476	2.5321797444465703	0.6517910305300036
374.10006094066665	2.5323101860025026	0.6516301366455459
374.10425521931006	2.5324406333808804	0.6514692592653578
374.10844954497816	2.532571086577573	0.6513083983890504
374.1126439176716	2.532701545588464	0.6511475540162175
374.1168383373909	2.532832010409423	0.650986726146469
374.1210328041365	2.5329624810363325	0.6508259147793987
374.12522731790904	2.533092957465065	0.6506651199146113
374.12942187870897	2.533223439691506	0.6505043415516973
374.1336164865368	2.533353927711531	0.6503435796902572
374.1378111413932	2.533484421521025	0.6501828343298809
374.14200584327847	2.533614921115864	0.6500221054701674
374.14620059219334	2.5337454264919357	0.6498613931107036
374.15039538813835	2.5338759376451248	0.6497006972510767
374.1545902311138	2.534006454571311	0.6495400178908818
374.15878512112045	2.534136977266383	0.6493793550297017
374.1629800581586	2.5342675057262234	0.6492187086671269
374.16717504222913	2.5343980399467263	0.6490580788027331
374.1713700733322	2.534528579923771	0.6488974654361138
374.17556515146856	2.534659125653253	0.6487368685668422
374.1797602766386	2.534789677131057	0.6485762881945051
374.183955448843	2.534920234353079	0.6484157243186744
374.1881506680821	2.535050797315204	0.6482551769389345
374.1923459343566	2.5351813660133313	0.6480946460548545
374.1965412476668	2.5353119404433477	0.6479341316660158
374.20073660801364	2.5354425206011544	0.6477736337719827
374.20493201539716	2.5355731064826377	0.6476131523723379
374.2091274698182	2.535703698083701	0.6474526874666429
374.2133229712772	2.5358342954002344	0.6472922390544735
374.2175185197748	2.535964898428142	0.6471318071353908
374.2217141153113	2.536095507163318	0.6469713917089652
374.22590975788734	2.536226121601664	0.6468109927747592
374.2301054475035	2.536356741739078	0.6466506103323388
374.2343011841603	2.5364873675714654	0.6464902443812613
374.23849696785805	2.536617999094722	0.646329894921094
374.2426927985975	2.536748636304754	0.6461695619513933
374.2468886763792	2.5368792791974677	0.6460092454717122
374.2510846012037	2.537009927768764	0.6458489454816136
374.25528057307133	2.5371405820145507	0.6456886619806482
374.25947659198266	2.537271241930731	0.6455283949683742
374.26367265793846	2.537401907513218	0.6453681444443372
374.26786877093895	2.537515113710612	0.6451392188552573
374.27206493098487	2.537608015063133	0.6448303381859339
374.27626113807656	2.5377009528920826	0.6445214740657963
374.28045739221477	2.5377939271907772	0.64421262650799
374.28465369339966	2.5378869379525177	0.6439037955256884
374.2888500416323	2.5379799851706064	0.6435949811320241
374.2930464369128	2.538073068838328	0.6432861833401611
374.2972428792419	2.5381661889489666	0.6429774021632336
374.30143936861987	2.538259345495793	0.6426686376143895
374.30563590504755	2.5383525384720764	0.6423598897067495
374.3098324885252	2.5384457678710715	0.6420511584534561
374.3140291190536	2.5385390336860305	0.6417424438676246
374.31822579663304	2.5386323359101945	0.6414337459623802
374.32242252126434	2.5387256745368005	0.6411250647508293
374.32661929294767	2.5388190495590703	0.6408164002460986
374.3308161116838	2.5389124609702276	0.6405077524612779
374.3350129774731	2.5390059087634804	0.6401991214094774
374.33920989031634	2.5390993929320347	0.6398905071037877
374.34340685021374	2.539192913469082	0.6395819095573102
374.34760385716595	2.539286470367813	0.6392733287831261
374.3518009111737	2.5393800636214086	0.6389647647943086
374.3559980122373	2.5394736932230386	0.6386562176039484
374.36019516035736	2.539567359165868	0.6383476872251126
374.3643923555342	2.539661061443054	0.638039173670871
374.3685895977688	2.539754800047746	0.6377306769542817
374.3727868870611	2.5398485749730826	0.637422197088416
374.37698422341214	2.539942386212201	0.6371137340863111
374.38118160682217	2.540036233758223	0.6368052879610292
374.38537903729184	2.54013011760427	0.6364968587256054
374.3895765148215	2.5402240377434477	0.6361884463930917
374.39377403941194	2.5403179941688645	0.6358800509765031
374.3979716110635	2.54041198687361	0.6355716724888892
374.4021692297768	2.5405060158507737	0.6352633109432628
374.40636689555225	2.540600081093433	0.6349549663526529
374.4105646083906	2.540694182594663	0.6346466387300626
374.41476236829203	2.5407883203475228	0.6343383280885188
374.4189601752575	2.540882494345073	0.6340300344410108
374.4231580292871	2.5409767045803577	0.6337217578005565
374.42735593038174	2.5410709510464233	0.6334134981801315
374.43155387854165	2.541165233736297	0.6331052555927477
374.4357518737675	2.541259552643008	0.6327970300513783
374.4399499160598	2.541353907759571	0.6324888215690145
374.44414800541915	2.541448299079	0.63218063015862
374.44834614184595	2.541542726594294	0.6318724558331796
374.4525443253407	2.5416371902984474	0.6315642986056588
374.45674255590416	2.5417316901844518	0.6312561584890062
374.4609408335366	2.541826226245281	0.6309480354961962
374.4651391582387	2.541920798473911	0.6306399296401679
374.46933753001093	2.5420154068633023	0.6303318409338818
374.4735359488539	2.5421100514064157	0.630023769390264
374.477734414768	2.5422047320961947	0.6297157150222686
374.48193292775386	2.542299448925585	0.6294076778428154
374.486131487812	2.5423942018875163	0.6290996578648451
374.49033009494286	2.5424889909749195	0.6287916551012638
374.494528749147	2.5425838161807075	0.6284836695650062
374.498727450425	2.542678677497795	0.6281757012689723
374.5029261987774	2.542773574919081	0.6278677502260832
374.50712499420473	2.5428685084374667	0.627559816449225
374.51132383670745	2.5429634780458343	0.6272518999513127
374.5155227262861	2.543058483737069	0.6269440007452227
374.5197216629412	2.5431535255040374	0.6266361188438635
374.5239206466734	2.543248603339612	0.6263282542600977
374.52811967748295	2.543343717236643	0.6260204070068206
374.5323187553708	2.543438867187987	0.6257125770968884
374.5365178803371	2.5435340531864807	0.6254047645431859
374.5407170523825	2.543629275224964	0.6250969693585635
374.5449162715076	2.5437245332962592	0.6247891915558885
374.5491155377129	2.5438198273931905	0.624481431148005
374.5533148509988	2.5439151575085654	0.6241736881477739
374.55751421136597	2.5440105236351918	0.6238659625680288
374.56171361881496	2.544105925765868	0.6235582544216026
374.56591307334605	2.5442013638933787	0.6232505637213446
374.5701125749602	2.5442968380105113	0.6229428904800629
374.5743121236575	2.5443923481100352	0.6226352347106001
374.5785117194388	2.544487894184722	0.622327596425758
374.58271136230434	2.5445834762273267	0.622019975638362
374.58691105225495	2.544679094230606	0.6217123723612068
374.59111078929084	2.5447747481872995	0.621404786607108
374.5953105734129	2.5448704380901486	0.6210972183888502
374.59951040462136	2.5449661639318775	0.6207896677192426
374.60371028291695	2.545061925705214	0.6204821346110522
374.6079102082999	2.5451577234028666	0.6201746190770813
374.6121101807712	2.5452535570175483	0.6198671211300868
374.61631020033093	2.5453494265419527	0.6195596407828611
374.6205102669799	2.5454453319687764	0.6192521780481545
374.62471038071845	2.5455412732907003	0.6189447329387414
374.6289105415473	2.5456372505004055	0.618637305467366
374.6331107494668	2.5457332635905567	0.618329895646792
374.6373110044777	2.545829312553822	0.6180225034897532
374.64151130658024	2.5459253973828493	0.6177151290090039
374.64571165577513	2.5460215180702908	0.6174077722172706
374.6499120520629	2.546117674608784	0.6171004331272897
374.654112495444	2.5462138669909637	0.6167931117517812
374.658312985919	2.546310095209452	0.6164858081034713
374.6625135234883	2.546406359256866	0.6161785221950774
374.6667141081528	2.5465026591258204	0.6158712540392963
374.67091473991263	2.5465989948089134	0.6155640036488461
374.67511541876854	2.5466953662987435	0.6152567710364172
374.6793161447209	2.546759857450267	0.6148173632826338
374.6835169177704	2.54677721835113	0.6141822542403084
374.68771773791747	2.546794730607558	0.6135471244672809
374.69191860516275	2.546812394257118	0.6129119740680611
374.69611951950645	2.546830209337264	0.6122768031472955
374.70032048094964	2.5468481758853336	0.611641611809633
374.70452148949227	2.5468662939385482	0.6110064001598594
374.7087225451353	2.5468845635340163	0.6103711683027687
374.71292364787894	2.5469029847087277	0.6097359163432701
374.71712479772407	2.5469215574995587	0.6091006443862952
374.7213259946708	2.5469402819432676	0.608465352536913
374.72552723872	2.5469591580764983	0.6078300409001701
374.7297285298721	2.5469781859357767	0.6071947095812796
374.7339298681276	2.546997365557514	0.6065593586854314
374.73813125348687	2.547016696978004	0.6059239883179521
374.7423326859508	2.5470361802334227	0.6052885985841904
374.74653416551956	2.547055815359831	0.6046531895896078
374.750735692194	2.547075602393172	0.6040177614396728
374.7549372659744	2.547095541369271	0.6033823142399819
374.7591388868613	2.547115632323836	0.6027468480961679
374.7633405548554	2.5471358752924593	0.6021113631139156
374.76754226995706	2.5471562703106128	0.6014758593990222
374.7717440321669	2.547176817413653	0.6008403370572974
374.77594584148534	2.547197516636816	0.6002047961946794
374.78014769791315	2.547218368015223	0.5995692369170954
374.78434960145063	2.547239371583874	0.5989336593306153
374.78855155209845	2.5472605273776523	0.5982980635413134
374.7927535498569	2.5472818354313205	0.5976624496553913
374.79695559472685	2.547303295779526	0.5970268177790393
374.8011576867085	2.5473249084567944	0.5963911680185968
374.80535982580267	2.547346673497534	0.5957555004803925
374.8095620120097	2.547368590936032	0.5951198152708732
374.8137642453301	2.54739066080646	0.5944841124965197
374.8179665257646	2.547412883142865	0.5938483922639083
374.82216885331354	2.547435257979179	0.5932126546796337
374.8263712279774	2.547457785349212	0.5925768998504083
374.8305736497569	2.547480465286655	0.5919411278829549
374.8347761186524	2.547503297825078	0.5913053388841217
374.8389786346646	2.5475262829979326	0.5906695329607436
374.8431811977938	2.5475494208385476	0.5900337102198034
374.8473838080409	2.547572711380134	0.5893978707682634
374.851586465406	2.54759615465578	0.5887620147132324
374.85578916988993	2.5476197506984555	0.5881261421618065
374.859991921493	2.5476434995410067	0.5874902532212049
374.86419472021606	2.5476674012161613	0.5868543479986489
374.8683975660591	2.5476914557565236	0.5862184266015058
374.87260045902315	2.5477156631945785	0.5855824891371215
374.8768033991086	2.5477400235626897	0.5849465357129269
374.88100638631585	2.547764536893096	0.5843105664364673
374.88520942064565	2.547789200317548	0.5836745687548962
374.8894125020983	2.547814010977561	0.5830385301029849
374.8936156306744	2.547838974713369	0.5824024759145082
374.8978188063746	2.547864091556738	0.5817664062972596
374.9020220291992	2.5478893615393092	0.5811303213590405
374.9062252991489	2.5479147846926025	0.5804942212077585
374.91042861622424	2.547940361048017	0.5798581059513437
374.91463198042567	2.547966090636825	0.5792219756978247
374.91883539175376	2.5479919734901797	0.5785858305552598
374.92303885020897	2.5480180096391094	0.5779496706317901
374.927242355792	2.548044199114521	0.5773134960355788
374.9314459085032	2.5480705419471956	0.5766773068749088
374.9356495083431	2.5480970381677936	0.5760411032580625
374.93985315531233	2.5481236878068496	0.575404885293434
374.9440568494114	2.5481504908947765	0.5747686530894163
374.9482605906407	2.5481774474618613	0.5741324067545367
374.95246437900107	2.5482045575382695	0.5734961463972904
374.95666821449265	2.5482318211540402	0.5728598721263295
374.9608720971163	2.548259238339091	0.5722235840502734
374.96507602687234	2.548286809123212	0.5715872822778757
374.96928000376124	2.548314533536071	0.5709509669179019
374.9734840277839	2.5483424116072113	0.5703146380791682
374.9776880989404	2.5483704433660503	0.5696782958705933
374.9818922172317	2.548398628841882	0.5690419404011003
374.9860963826579	2.5484269680638723	0.5684055717797306
374.99030059521976	2.548455461061067	0.5677691901155134
374.9945048549178	2.548484107862382	0.5671327955175958
374.9987091617526	2.5485129084966105	0.566496388095136
375.0029135157244	2.5485418629924186	0.5658599679573864
375.00711791683415	2.5485709713783495	0.5652235352136097
375.01132236508204	2.548600233682816	0.5645870899731783
375.01552686046887	2.54862964993411	0.5639506323454743
375.0197314029949	2.548659220160394	0.5633141624399735
375.0239359926608	2.5486889443897063	0.5626776803661689
375.02814062946715	2.5487188226499566	0.5620411862336473
375.03234531341445	2.548748854968932	0.5614046801520041
375.03655004450303	2.548779041374288	0.5607681622309506
375.04075482273373	2.5488093818935593	0.5601316325801844
375.0449596481069	2.548839876554148	0.559495091309518
375.0491645206231	2.5488705253833337	0.5588585385287728
375.0533694402828	2.5489013284082658	0.5582219743478618
375.0575744070866	2.54893228565597	0.5575853988767142
375.06177942103494	2.5489633971533414	0.5569488122253503
375.0659844821286	2.54899466292715	0.5563122145037984
375.07018959036776	2.549026083004036	0.555675605822201
375.0743947457531	2.5490576574105144	0.5550389862907077
375.07859994828533	2.5490893861729713	0.5544023560195057
375.0828051979647	2.549121269317664	0.5537657151188958
375.08701049479197	2.5491533068707244	0.5531290636991699
375.0912158387675	2.549197755133181	0.5525489492454394
375.0954212298918	2.5492818999527893	0.552151545368178
375.09962666816546	2.5493661057753303	0.5517541587726358
375.10383215358917	2.5494503725928657	0.5513567894872703
375.10803768616313	2.5495347003974245	0.5509594375405801
375.1122432658882	2.549619089181021	0.5505621029610197
375.11644889276465	2.5497035389356406	0.5501647857770752
375.12065456679323	2.5497880496532557	0.5497674860171782
375.1248602879741	2.549872621325806	0.5493702037098064
375.1290660563084	2.5499572539452204	0.5489729388833786
375.133271871796	2.5500419475033946	0.5485756915663591
375.1374777344379	2.550126701992211	0.5481784617871588
375.1416836442343	2.5502115174035245	0.5477812495742189
375.14588960118607	2.5502963937291723	0.5473840549559418
375.1500956052935	2.5503813309609633	0.5469868779607558
375.15430165655715	2.550466329090693	0.5465897186170493
375.15850775497745	2.5505513881101245	0.5461925769532426
375.16271390055516	2.55063650801101	0.5457954529977055
375.16692009329074	2.5507216887850697	0.54539834677884
375.17112633318465	2.5508069304240104	0.5450012583250077
375.1753326202373	2.550892232919508	0.5446041876646011
375.1795389544496	2.5509775962632246	0.5442071348259682
375.18374533582175	2.5510630204467977	0.5438100998374644
375.1879517643543	2.5511485054618377	0.5434130827274575
375.192158240048	2.5512340512999416	0.5430160835242744
375.196364762903	2.5513196579526767	0.5426191022562689
375.2005713329203	2.5514053254115963	0.5422221389517495
375.20477795010004	2.5514910536682223	0.541825193639061
375.208984614443	2.5515768427140633	0.5414282663465028
375.2131913259495	2.551662692540599	0.5410313571024004
375.21739808462024	2.551748603139294	0.5406344659350393
375.22160489045564	2.551834574501585	0.5402375928727265
375.22581174345635	2.55192060661889	0.5398407379437425
375.2300186436227	2.5520066994826043	0.5394439011763756
375.2342255909555	2.5520928530841025	0.5390470825988873
375.2384325854549	2.5521790674147327	0.5386502822395655
375.24263962712183	2.5522653424658297	0.5382535001266432
375.2468467159565	2.552351678228697	0.5378567362883941
375.25105385195974	2.5524380746946242	0.5374599907530462
375.25526103513175	2.5525245318548713	0.537063263548854
375.2594682654734	2.552611049700685	0.5366665547040309
375.26367554298486	2.552697628223282	0.5362698642468168
375.26788286766697	2.5527842674138648	0.5358731922054104
375.27209023952	2.552870967263605	0.5354765386080418
375.27629765854476	2.552957727763664	0.5350799034828857
375.2805051247415	2.55304454890517	0.5346832868581569
375.2847126381108	2.553131430679235	0.5342866887620394
375.28892019865356	2.553218373076954	0.5338901092226902
375.29312780636974	2.5533053760893876	0.5334935482683116
375.2973354612603	2.553392439707588	0.5330970059270413
375.30154316332545	2.5534795639225747	0.5327004822270569
375.305750912566	2.553566748725355	0.5323039771964857
375.3099587089823	2.553653994106906	0.5319074908634899
375.31416655257505	2.5537413000581894	0.5315110232561866
375.31837444334457	2.5538286665701415	0.5311145744027137
375.3225823812915	2.553916093633678	0.5307181443311823
375.3267903664163	2.554003581239693	0.5303217330697102
375.3309983987197	2.5540911293790622	0.5299253406463835
375.33520647820194	2.5541787380426304	0.529528967089324
375.3394146048638	2.554266407221232	0.5291326124265928
375.3436227787056	2.554354136905669	0.5287362766862961
375.34783099972805	2.5544419270867333	0.5283399598964793
375.3520392679315	2.5545297777551843	0.5279436620852285
375.3562475833167	2.5546176889017675	0.5275473832805831
375.360455945884	2.554705660517202	0.5271511235106037
375.364664355634	2.5547936925921886	0.5267548828033239
375.36887281256713	2.554881785117401	0.5263586611867884
375.3730813166841	2.5549699380835014	0.5259624586890006
375.3772898679852	2.555058151481118	0.5255662753380035
375.3814984664713	2.5551464253008698	0.5251701111617801
375.3857071121426	2.555234759533342	0.5247739661883577
375.38991580499976	2.555323154169108	0.5243778404457123
375.3941245450434	2.555411609198717	0.5239817339618269
375.3983333322738	2.555500124612693	0.5235856467646899
375.4025421666918	2.555548956005216	0.5229954075996255
375.40675104829774	2.5555886303150976	0.5223597172247338
375.4109599770922	2.555628459250591	0.5217240220566594
375.41516895307564	2.5556684428308234	0.5210883222070579
375.4193779762487	2.5557085810747933	0.5204526177875877
375.4235870466118	2.555748874001365	0.5198169089099702
375.4277961641655	2.5557893216292733	0.5191811956859368
375.4320053289104	2.5558299239771167	0.5185454782272971
375.43621454084695	2.555870681063365	0.5179097566458697
375.44042379997563	2.5559115929063534	0.5172740310535355
375.44463310629726	2.5559526595242863	0.5166383015621772
375.4488424598119	2.5559938809352314	0.516002568283785
375.4530518605206	2.556035257157129	0.5153668313303115
375.4572613084234	2.5560767882077826	0.5147310908138016
375.4614708035212	2.5561184741048657	0.5140953468463008
375.46568034581423	2.556160314865914	0.5134595995399382
375.46988993530334	2.5562023105083367	0.5128238490068278
375.4740995719888	2.556244461049402	0.5121880953591749
375.4783092558713	2.556286766506253	0.5115523387091611
375.4825189869512	2.556329226895892	0.510916579169082
375.48672876522915	2.5563718422351926	0.510280816851209
375.49093859070564	2.5564146125408933	0.5096450518678508
375.4951484633812	2.556457537829598	0.5090092843313986
375.4993583832565	2.5565006181177785	0.508373514354234
375.5035683503319	2.5565438534217697	0.5077377420488208
375.507778364608	2.556587243757777	0.5071019675275985
375.5119884260851	2.556630789141867	0.5064661909031101
375.51619853476416	2.5566744895899776	0.505830412287866
375.5204086906454	2.5567183451179054	0.505194631794481
375.5246188937295	2.5567623557413195	0.5045588495355436
375.52882914401687	2.55680652147575	0.5039230656237235
375.53303944150804	2.5568508423365945	0.5032872801716941
375.53724978620363	2.5568953183391163	0.5026514932921865
375.5414601781041	2.5569399494984437	0.5020157050979281
375.5456706172101	2.5569847358295674	0.5013799157017491
375.54988110352195	2.5570296773473493	0.5007441252164292
375.55409163704036	2.55707477406651	0.5001083337548583
375.5583022177658	2.55712002600164	0.49947254142989883
375.56251284569873	2.5571654331671905	0.4988367483544996
375.5667235208398	2.5572109955774818	0.49820095464158926
375.5709342431894	2.557256713246695	0.4975651604041821
375.5751450127483	2.55730258618888	0.4969293657552645
375.5793558295167	2.5573486144179465	0.496293570807931
375.58356669349547	2.5573947979476728	0.4956577756752323
375.5877776046848	2.5574411367916987	0.4950219804703116
375.5919885630855	2.557487630963532	0.49438618530628303
375.59619956869795	2.5575342804765397	0.49375039029636825
375.60041062152266	2.5575810853439567	0.4931145955537589
375.60462172156036	2.557628045578883	0.492478801191678
375.6088328688113	2.557675161194277	0.49184300732343234
375.6130440632762	2.5577224322029686	0.49120721406229834
375.61725530495556	2.5577698586176445	0.49057142152162825
375.62146659384985	2.5578174404508607	0.48993562981476674
375.62567792995964	2.5578651777150325	0.4892998390551335
375.62988931328545	2.5579130704224435	0.4886640493561248
375.6341007438278	2.557961118585236	0.4880282608312117
375.63831222158734	2.5580093222154203	0.4873924735938567
375.64252374656434	2.5580576813248657	0.48675668775759673
375.64673531875957	2.5581061959253097	0.486120903435944
375.65094693817343	2.558154866028348	0.4854851207424925
375.6551586048065	2.558203691645445	0.4848493397908112
375.6593703186592	2.5582526727879222	0.4842135606945506
375.6635820797324	2.558301809466971	0.48357778356732767
375.66779388802615	2.558351101693638	0.4829420085228633
375.67200574354143	2.55840054947884	0.4823062356748294
375.67621764627836	2.5584501528333514	0.4816704651369862
375.6804295962378	2.5584999117678136	0.4810346970230671
375.68464159342005	2.558549826292727	0.4803989314468856
375.6888536378259	2.5585998964184573	0.47976316852222844
375.6930657294555	2.5586501221552305	0.47912740836296164
375.69727786830964	2.5587005035131374	0.4784916510829391
375.7014900543889	2.558751040502131	0.4778558967960405
375.7057022876936	2.558801733132024	0.47722014561620907
375.7099145682245	2.5588525814124945	0.4765843976573598
375.71412689598185	2.558903585353082	0.47594865303347883
375.71833927096657	2.5589547449631884	0.4753129118585384
375.7225516931788	2.5590060602520754	0.4746771742465816
375.72676416261925	2.5590575312288704	0.47404144031162215
375.73097667928846	2.5591091579025598	0.4734057101677512
375.73518924318694	2.5591609402819944	0.47276998392903063
375.7394018543152	2.5592128783758845	0.47213426170959166
375.74361451267373	2.5592649721928042	0.47149854362355814
375.7478272182631	2.5593172217411877	0.47086282978510774
375.75203997108395	2.559369627029333	0.47022712030839553
375.7562527711366	2.559422188065397	0.4695914153076523
375.76046561842173	2.5594749048574017	0.46895571489707805
375.76467851293984	2.559527777413226	0.46832001919094846
375.76889145469147	2.5595808057406155	0.4676843283035079
375.773104443677	2.559633989847171	0.4670486423490834
375.77731747989725	2.5596873297403633	0.4664129614419471
375.78153056335253	2.5597408254275136	0.46577728569647675
375.78574369404333	2.559794476915814	0.465141615227002
375.78995687197033	2.5598482842123125	0.46450595014791213
375.7941700971341	2.55990224732392	0.4638702905735933
375.7983833695349	2.5599563662574067	0.463234636618491
375.8025966891735	2.560010641019407	0.4625989883970168
375.80681005605044	2.560065071616414	0.4619633460236331
375.8110234701661	2.560119658054781	0.46132770961282943
375.8152369315211	2.560190921457379	0.46078388216525806
375.81945044011593	2.5602821192724714	0.460350313763857
375.8236639959512	2.56037338941636	0.4599167679334004
375.8278775990273	2.560464731876421	0.4594832447104357
375.83209124934484	2.560556146640004	0.4590497441314826
375.8363049469044	2.5606476336944244	0.4586162662330691
375.8405186917065	2.560739193026971	0.4581828110516804
375.84473248375156	2.5608308246248965	0.4577493786238256
375.84894632304014	2.56092252847543	0.45731596898597
375.8531602095728	2.561014304565762	0.45688258217459343
375.85737414335017	2.561106152883062	0.45644921822613155
375.8615881243727	2.5611980734144577	0.45601587717704956
375.8658021526409	2.5612900661470586	0.4555825590637483
375.8700162281551	2.561382131067931	0.4551492639226783
375.8742303509164	2.5614742681641234	0.4547159917902103
375.87844452092463	2.561566477422641	0.45428274270277025
375.8826587381809	2.561658758830472	0.4538495166967037
375.8868730026853	2.5617511123745595	0.45341631380841146
375.8910873144387	2.5618435380418325	0.45298313407421376
375.89530167344134	2.5619360358191736	0.4525499775304862
375.8995160796941	2.562028605693448	0.45211684421352927
375.90373053319706	2.56212124765148	0.45168373415968277
375.90794503395114	2.5622139616800723	0.4512506474052369
375.91215958195676	2.562306747765995	0.4508175839864749
375.9163741772143	2.56239960589598	0.45038454393969835
375.92058881972446	2.5624925360567423	0.44995152730114857
375.92480350948773	2.5625855382349547	0.4495185341070963
375.92901824650465	2.5626786124172685	0.44908556439376773
375.9332330307756	2.5627717585902965	0.4486526181974024
375.93744786230144	2.5628649767406313	0.4482196955541953
375.94166274108227	2.562958266854824	0.44778679650037045
375.94587766711896	2.563051628919405	0.44735392107209687
375.9500926404119	2.5631450629208694	0.44692106930556175
375.95430766096166	2.563238568845686	0.44648824123690806
375.95852272876874	2.5633321466802856	0.4460554369023072
375.96273784383374	2.563425796411079	0.4456226563378758
375.966953006157	2.563519518024439	0.44518989957975336
375.9711682157392	2.563613311506715	0.444757166664025
375.9753834725809	2.563707176844219	0.4443244576268087
375.9795987766827	2.563801114023241	0.4438917725041632
375.98381412804486	2.563895123030031	0.44345911133218485
375.98802952666813	2.563989203850821	0.4430264741469004
375.9922449725528	2.5640833564718006	0.4425938609843793
375.99646046569984	2.564177580879141	0.4421612718806215
376.0006760061093	2.564271877058974	0.4417287068716643
376.004891593782	2.5643662449974087	0.4412961659934907
376.00910722871834	2.5644606846805176	0.4408636492821061
376.01332291091893	2.5645551960943473	0.4404311567734764
376.0175386403843	2.564649779224917	0.43999868850355384
376.0217544171149	2.56474443405821	0.43956624450829773
376.02597024111145	2.5648391605801852	0.43913382482362767
376.03018611237417	2.564933958776766	0.43870142948547586
376.0344020309039	2.5650288286338516	0.43826905852973935
376.03861799670085	2.5651237701373066	0.4378367119923173
376.0428340097659	2.565218783272972	0.437404389909074
376.0470500700993	2.565313868026651	0.4369720923158863
376.0512661777018	2.5654090243841248	0.43653981924859564
376.05548233257366	2.5655042523311375	0.43610757074305084
376.0596985347157	2.565599551853413	0.43567534683505027
376.0639147841282	2.565694922936633	0.4352431475604302
376.068131080812	2.5657903655664636	0.4348109729549554
376.0723474247672	2.565885879728527	0.43437882305443404
376.07656381599486	2.565981465408429	0.43394669789460816
376.0807802544949	2.566077122591735	0.43351459751124705
376.0849967402684	2.56617285126399	0.43308252194006946
376.0892132733156	2.5662686514107	0.4326504712168166
376.0934298536371	2.5663645230173504	0.43221844537718385
376.0976464812333	2.56646046606939	0.43178644445687825
376.1018631561051	2.5665564805522445	0.4313544684915616
376.1060798782525	2.5666525664513022	0.43092251751692284
376.1102966476765	2.5667487237519317	0.4304905915685897
376.1145134643773	2.566844952439463	0.43005869068221686
376.11873032835564	2.5669412524992006	0.4296268148934239
376.12294723961196	2.5670376239164234	0.4291949642378058
376.1271641981468	2.5671191925167314	0.4286740736841597
376.13138120396076	2.5671916125888807	0.42809771834204224
376.1355982570542	2.567264161029349	0.4275213804659483
376.139815357428	2.567336837829863	0.42694506014212996
376.1440325050822	2.5674096429820454	0.4263687574568881
376.14824970001774	2.5674825764774316	0.4257924724964546
376.15246694223487	2.5675556383074527	0.42521620534711013
376.15668423173435	2.5676288284634494	0.42463995609508
376.16090156851646	2.5677021469366594	0.4240637248266377
376.165118952582	2.5677755937182303	0.42348751162799436
376.1693363839313	2.5678491687992078	0.42291131658539544
376.173553862565	2.5679228721705485	0.42233513978503673
376.17777138848356	2.5679967038231024	0.42175898131316264
376.1819889616876	2.5680706637476334	0.4211828412559468
376.1862065821775	2.5681447519348	0.42060671969961755
376.19042424995394	2.5682189683751715	0.42003061673033953
376.19464196501735	2.5682933130592147	0.41945453243431785
376.19885972736836	2.5683677859773075	0.41887846689769365
376.2030775370074	2.5684423871197226	0.41830242020666186
376.20729539393506	2.568517116476644	0.41772639244735343
376.21151329815183	2.568591974038152	0.4171503837059389
376.21573124965823	2.568666959794238	0.4165743940685381
376.2199492484549	2.5687420737347946	0.41599842362127576
376.2241672945422	2.5688173158496124	0.415422472450295
376.22838538792087	2.568892686128396	0.41484654064167387
376.23260352859126	2.5689681845607435	0.4142706282815365
376.236821716554	2.569043811136165	0.41369473545595564
376.24103995180957	2.569119565844066	0.41311886225103567
376.2452582343585	2.569195448673765	0.4125430087528223
376.24947656420136	2.569271459614477	0.4119671750473926
376.2536949413386	2.569347598655324	0.411391361220786
376.25791336577083	2.5694238657853306	0.4108155673590517
376.2621318374986	2.5695002609934283	0.41023979354819395
376.2663503565223	2.5695767842684454	0.4096640398742684
376.2705689228426	2.5696534355991227	0.4090883064232501
376.27478753646	2.5697302149740966	0.40851259328115935
376.279006197375	2.569807122381915	0.4079369005339557
376.2832249055881	2.5698841578110234	0.4073612282676364
376.2874436611	2.5699613212497763	0.40678557656813846
376.29166246391105	2.5700386126864263	0.4062099455214357
376.2958813140218	2.570116032109136	0.4056343352134484
376.30010021143283	2.5701935795059665	0.40505874573011963
376.30431915614474	2.5702712548648883	0.40448317715733884
376.3085381481578	2.5703490581737696	0.40390762958103826
376.31275718747287	2.57042698942039	0.4033321030870755
376.3169762740903	2.5705050485924255	0.402756597761351
376.32119540801057	2.5705832356774607	0.4021811136897246
376.3254145892344	2.5706615506629866	0.4016056509580226
376.32963381776216	2.5707399935363893	0.40103020965212055
376.3338530935944	2.5708129201471976	0.4004185543198471
376.3380724167318	2.570882645132651	0.3997854006259172
376.34229178717464	2.570952524951689	0.39915226421265193
376.3465112049236	2.571022559596626	0.3985191451941535
376.35073066997927	2.5710927490596367	0.3978860436844969
376.35495018234195	2.571163093332753	0.3972529597977905
376.3591697420125	2.571233592407874	0.39661989364806866
376.36338934899123	2.57130424627675	0.3959868453494443
376.36760900327863	2.571375054930999	0.39535381501595646
376.3718287048754	2.5714460183620935	0.3947208027616836
376.37604845378195	2.5715171365613707	0.39408780870066046
376.38026824999884	2.5715884095200243	0.3934548329469533
376.3844880935266	2.5716598372291117	0.39282187561458387
376.38870798436574	2.571731419679545	0.39218893681761274
376.39292792251683	2.5718031568621034	0.39155601667004014
376.3971479079804	2.5718750487674202	0.39092311528590495
376.40136794075704	2.571947095385993	0.39029023277920777
376.405588020847	2.5720192967081767	0.3896573692639645
376.4098081482513	2.5720916527241897	0.3890245248541526
376.41402832297	2.572164163424106	0.3883916996637868
376.4182485450039	2.5722368287978647	0.3877588938068204
376.4224688143533	2.57230964883526	0.38712610739725833
376.426689131019	2.57238262352595	0.38649334054903656
376.43090949500146	2.5724557528594545	0.38586059337610384
376.43512990630103	2.572529036825147	0.38522786599243053
376.43935036491854	2.5726024754122703	0.38459515851191595
376.4435708708542	2.5726760686099173	0.38396247104851855
376.44779142410874	2.572749816407049	0.38332980371613307
376.4520120246826	2.572823718792483	0.38269715662867415
376.4562326725764	2.5728977757549	0.3820645299000156
376.46045336779065	2.5729719872828367	0.3814319236440661
376.46467411032586	2.573046353364695	0.3807993379746698
376.4688949001825	2.573120873988731	0.38016677300572044
376.4731157373612	2.5731955491430707	0.3795342288510238
376.4773366218624	2.573270378815688	0.3789017056244582
376.48155755368674	2.5733453629944294	0.3782692034398132
376.4857785328346	2.573420501666993	0.37763672241092705
376.4899995593067	2.573495794820941	0.3770042626515803
376.49422063310334	2.573571242443695	0.376371824275578
376.4984417542253	2.57364684452254	0.3757394073966746
376.50266292267287	2.5737226010446164	0.3751070121286492
376.5068841384468	2.5737985119969293	0.3744746385852296
376.5111054015475	2.573874577366341	0.3738422868801676
376.51532671197555	2.5739507971395788	0.37320995712716293
376.5195480697314	2.574027171303224	0.3725776494399471
376.52376947481565	2.5741036998437257	0.37194536393218364
376.52799092722876	2.5741803827473877	0.37131310071756723
376.53221242697134	2.574257220000378	0.37068085990975447
376.53643397404386	2.5743342115887247	0.3700486416223796
376.54065556844694	2.574421283187552	0.3694856103627896
376.54487721018114	2.5745276420060037	0.369056324711138
376.54909889924676	2.5746340704413004	0.36862706920143107
376.5533206356445	2.574740568474582	0.36819784386737753
376.5575424193749	2.5748471360869547	0.36776864874269755
376.56176425043856	2.5749537732595043	0.3673394838610666
376.5659861288358	2.575060479973281	0.36691034925617166
376.5702080545673	2.57516725620932	0.3664812449616391
376.57443002763347	2.5752741019486174	0.3660521710111274
376.578652048035	2.575381017172155	0.3656231274382193
376.58287411577226	2.575488001860876	0.3651941142765343
376.587096230846	2.5755950559957097	0.3647651315596162
376.5913183932565	2.5757021795575463	0.3643361793210459
376.5955406030044	2.5758093725272606	0.3639072575943332
376.59976286009015	2.5759166348856914	0.36347836641300973
376.6039851645146	2.576023966613661	0.3630495058105514
376.6082075162779	2.5761313676919553	0.36262067582045043
376.61242991538086	2.5762388381013412	0.362191876476149
376.6166523618237	2.576346377822554	0.36176310781109494
376.6208748556072	2.5764539868363094	0.3613343698586908
376.6250973967318	2.5765616651232883	0.3609056626523454
376.6293199851981	2.5766694126641534	0.36047698622542185
376.63354262100654	2.576777229439535	0.3600483406112892
376.63776530415765	2.57688511543004	0.35961972584328145
376.6419880346521	2.5769930706162523	0.35919114195470253
376.6462108124902	2.5771010949787216	0.3587625889788672
376.6504336376728	2.57720918849798	0.3583340669490398
376.6546565102	2.5773173511545266	0.35790557589849
376.6588794300728	2.5774255829288415	0.3574771158604372
376.6631023972913	2.5775338838013693	0.35704868686812186
376.6673254118563	2.577642253752539	0.35662028895472303
376.6715484737682	2.5777506927627454	0.356191922153431
376.67577158302765	2.577859200812364	0.35576358649739004
376.6799947396352	2.5779677778817387	0.35533528201975023
376.6842179435912	2.5780764239511917	0.354907008753616
376.68844119489626	2.578185139001014	0.354478766732102
376.69266449355104	2.5782939230114787	0.3540505559882674
376.69688783955587	2.5784027759628243	0.3536223765551866
376.70111123291144	2.578511697835273	0.35319422846587817
376.7053346736181	2.5786206886090106	0.35276611175337647
376.7095581616766	2.578729748264208	0.3523380264506594
376.7137816970873	2.578838876781001	0.35190997259072065
376.7180052798509	2.578948074139508	0.3514819502064977
376.7222289099677	2.579057340319812	0.35105395933094874
376.72645258743853	2.579166675301983	0.3506259999969603
376.73067631226354	2.5792760790660507	0.3501980722374602
376.7349000844435	2.5793855515920328	0.349770176085299
376.739123903979	2.579495092859914	0.349342311573333
376.7433477708705	2.579604702849655	0.3489144787344026
376.7475716851185	2.579714381541192	0.3484866776013131
376.7517956467235	2.5798241289144332	0.34805890820686386
376.75601965568615	2.579933944949266	0.34763117058381865
376.7602437120068	2.5800438296255455	0.34720346476494135
376.76446781568615	2.580153782923109	0.34677579078294934
376.76869196672465	2.580263804821762	0.34634814867056507
376.772916165123	2.580373895301292	0.34592053846045956
376.7771404108814	2.580484054341451	0.3454929601853244
376.7813647040006	2.5805942819219787	0.3450654138777838
376.78558904448107	2.580704578022575	0.34463789957048807
376.7898134323234	2.580814942622928	0.34421041729602514
376.79403786752806	2.5809253757026913	0.3437829670869933
376.7982623500956	2.5810358772415003	0.34335554897594406
376.8024868800266	2.581146447218957	0.3429281629954392
376.8067114573215	2.5812570856146477	0.34250080917798364
376.8109360819809	2.581367792408125	0.3420734875560971
376.8151607540054	2.5814785675789254	0.34164619816224273
376.8193854733953	2.5815894111065507	0.34121894102889855
376.8236102401513	2.581700322970488	0.3407917161884855
376.8278350542739	2.5818113031501886	0.34036452367343994
376.8320599157637	2.58192235162509	0.33993736351614073
376.83628482462115	2.5820334683745925	0.3395102357489872
376.84050978084684	2.5821446533780854	0.33908314040431103
376.8447347844411	2.5822559066149195	0.3386560775144692
376.8489598354047	2.582367228064431	0.33822904711176166
376.8531849337381	2.582480525375923	0.3378166329542077
376.85741007944176	2.582597272963475	0.337430175569915
376.86163527251637	2.582714075393444	0.3370437501284774
376.8658605129623	2.582830932647024	0.33665735665260127
376.87008580078026	2.5829478447054086	0.3362709951649288
376.87431113597046	2.583064811549761	0.33588466568813574
376.8785365185338	2.5831818331612424	0.3354983682448387
376.8827619484706	2.5832989095209924	0.3351121028576598
376.88698742578146	2.583416040610138	0.3347258695491944
376.8912129504668	2.58353322640979	0.33433966834202966
376.8954385225274	2.583650466901051	0.3339534992587117
376.8996641419634	2.5837677620649977	0.3335673623218064
376.9038898087758	2.583885111882703	0.3331812575538249
376.9081155229647	2.584002516335216	0.33279518497729316
376.912341284531	2.584119975403581	0.332409144614687
376.91656709347484	2.584237489068818	0.33202313648849713
376.9207929497972	2.584355057311943	0.33163716062115933
376.9250188534983	2.5844726801139455	0.3312512170351385
376.9292448045787	2.5845903574558124	0.330865305752835
376.933470803039	2.5847080893185055	0.3304794267966691
376.9376968488797	2.584825875682982	0.33009358018901047
376.94192294210137	2.584943716530175	0.3297077659522483
376.9461490827044	2.5850616118410112	0.3293219841087219
376.9503752706897	2.5851795615964033	0.3289362346807523
376.95460150605726	2.585297565777239	0.3285505176906804
376.958827788808	2.5854156243644053	0.3281648331607826
376.9630541189424	2.585533737338765	0.32777918111335036
376.96728049646094	2.585651904681173	0.3273935615706383
376.9715069213639	2.5857701263724624	0.327007974554907
376.9757333936524	2.5858884023934645	0.32662242008835696
376.9799599133264	2.5860067327249814	0.32623689819322244
376.9841864803867	2.5861251173478133	0.3258514088916777
376.98841309483373	2.5862435562427386	0.32546595220590696
376.99263975666827	2.586362049390529	0.3250805281580493
376.9968664658905	2.586480596771931	0.3246951367702624
377.00109322250114	2.586599198367689	0.32430977806464933
377.0053200265007	2.5867178541585245	0.32392445206332304
377.0095468778897	2.5868365641251505	0.3235391587883599
377.0137737766687	2.586955328248261	0.3231538982618326
377.0180007228382	2.5870741465085443	0.32276867050577696
377.0222277163988	2.5871930188866625	0.322383475542239
377.0264547573509	2.5873119453632767	0.3219983133932142
377.03068184569497	2.587430925919021	0.3216131840807174
377.0349089814319	2.5875499605345307	0.3212280876266986
377.03913616456185	2.5876690491904113	0.3208430240531413
377.0433633950856	2.5877881918672685	0.3204579933819647
377.0475906730034	2.5879073885456814	0.3200729956351112
377.05181799831604	2.5880266392062254	0.31968803083447345
377.056045371024	2.588145943829461	0.31930309900193005
377.0602727911278	2.5882653023959286	0.3189182001593606
377.06450025862796	2.5883847148861605	0.3185333343286079
377.06872777352487	2.588504181280669	0.3181485015315199
377.07295533581936	2.5886237015599645	0.3177637017898848
377.07718294551165	2.588743275704528	0.31737893512552373
377.0814106026026	2.5888629036948427	0.31699420156019337
377.0856383070924	2.5889825855113635	0.316609501115674
377.08986605898184	2.5891023211345456	0.316224833813686
377.09409385827126	2.5892221105448177	0.3158401996759735
377.0983217049614	2.589341953722605	0.31545559872422546
377.10254959905257	2.5894618506483122	0.31507103098014033
377.1067775405454	2.5895818013023377	0.3146864964653754
377.11100552944043	2.589701805665054	0.3143019952016022
377.11523356573827	2.5898218637168395	0.313917527210423
377.1194616494392	2.589941975438036	0.31353309251348693
377.12368978054417	2.5900621408089948	0.3131486911323554
377.1279179590532	2.590182359810032	0.3127643230886411
377.1321461849674	2.59030263242147	0.31237998840387354
377.13637445828675	2.590422958623602	0.31199568709961967
377.1406027790121	2.5905433383967202	0.3116114191973821
377.1448311471438	2.5906637717210934	0.311227184718682
377.14905956268257	2.5907842585769854	0.3108429836849945
377.1532880256288	2.5909047989446368	0.31045881611780446
377.157516535983	2.5910253928042866	0.3100746820385504
377.161745093746	2.591146040136156	0.3096905814686575
377.16597369891787	2.5912651504330206	0.3092931895738246
377.17020235149965	2.591380907612384	0.3088672168027073
377.17443105149135	2.5914967319009	0.308441278719704
377.1786597988938	2.591612623276184	0.3080153753558436
377.18288859370756	2.5917285817158193	0.3075895067421627
377.18711743593315	2.5918446071973755	0.3071636729096442
377.1913463255708	2.591960699698385	0.3067378738892943
377.19557526262156	2.5920768591963768	0.3063121097120343
377.1998042470854	2.5921930856688364	0.30588638040882965
377.2040332789633	2.5923093790932437	0.3054606860105659
377.2082623582556	2.5924257394470445	0.30503502654814163
377.21249148496287	2.5925421667076693	0.3046094020524117
377.2167206590855	2.59265866085252	0.30418381255422344
377.22094988062423	2.5927752218589806	0.3037582580843855
377.22517914957956	2.592891849704408	0.3033327386737038
377.22940846595196	2.593008544366143	0.3029072543529305
377.23363782974184	2.5931253058214936	0.3024818051528354
377.23786724095004	2.5932421340477583	0.30205639110411914
377.2420966995768	2.593359029022201	0.3016310122374999
377.2463262056229	2.593475990722072	0.30120566858364206
377.25055575908857	2.593593019124591	0.3007803601732172
377.25478535997456	2.5937101142069645	0.30035508703683794
377.2590150082813	2.5938272759463685	0.29992984920512417
377.2632447040094	2.5939445043199614	0.29950464670865706
377.2674744471595	2.594061799304881	0.29907947957798425
377.2717042377319	2.5941791608782347	0.29865434784366074
377.27593407572726	2.5942965890171164	0.2982292515361923
377.28016396114594	2.5944140836985903	0.2978041906860768
377.2843938939888	2.5945316448997082	0.29737916532376296
377.2886238742561	2.5946492725974877	0.29695417547971703
377.2928539019485	2.594766966768935	0.2965292211843408
377.29708397706634	2.5948847273910234	0.29610430246805336
377.30131409961047	2.5950025544407183	0.29567941936119924
377.3055442695811	2.5951204478949492	0.29525457189415044
377.30977448697917	2.595238407730634	0.2948297600972146
377.31400475180476	2.5953564339246586	0.2944049840007114
377.3182350640586	2.595474526453898	0.29398024363490616
377.32246542374116	2.5955926852951947	0.2935555390300664
377.32669583085317	2.595710910425379	0.29313087021641016
377.33092628539487	2.595829201821251	0.2927062372241573
377.33515678736705	2.5959475594595984	0.2922816400834734
377.33938733677013	2.596065983317175	0.2918570788245413
377.34361793360466	2.596184473370724	0.29143255347747915
377.34784857787105	2.5963030295969576	0.29100806407241686
377.35207926957	2.596421651972578	0.29058361063942
377.356310008702	2.5965403404742506	0.29015919320858113
377.3605407952676	2.5966590950786363	0.28973481180991295
377.36477162926724	2.5967779157623565	0.28931046647346054
377.3690025107015	2.5968968025020254	0.288886157229199
377.3732334395709	2.597015755274232	0.2884618841070949
377.377464415876	2.5971347740555366	0.2880376471371112
377.3816954396174	2.5972538588224885	0.28761344634915154
377.38592651079546	2.5973730095516077	0.2871892817731259
377.3901576294109	2.5974922262193987	0.28676515343889974
377.39438879546407	2.597611508802337	0.2863410613763356
377.3986200089557	2.5977308572768876	0.2859170056152405
377.402851269886	2.5978502716194827	0.2854929861854339
377.4070825782559	2.597969751806543	0.2850690031166801
377.4113139340657	2.59808929781446	0.28464505643874505
377.415545337316	2.5982089096196126	0.28422114618134003
377.41977678800725	2.598328587198348	0.2837972723741929
377.4240082861401	2.5984483305270043	0.28337343504696144
377.4282398317149	2.5985681395818836	0.2829496342293305
377.43247142473246	2.598688014339286	0.28252586995089934
377.43670306519306	2.59880795477547	0.28210214224130936
377.44093475309745	2.5989279608666904	0.28167845113012185
377.44516648844586	2.5990480325891685	0.2812547966469144
377.44939827123915	2.599168169919117	0.2808311788211996
377.4536301014776	2.5992883728327127	0.28040759768251694
377.457861979162	2.599408641306125	0.27998405326033554
377.46209390429254	2.5995289753154944	0.27956054558412596
377.46632587687	2.599649374836943	0.2791370746833289
377.4705578968949	2.599769839846577	0.2787136405873408
377.47478996436763	2.5998903703204705	0.27829024332557933
377.479022079289	2.6000178600665262	0.27793138137325285
377.4832542416591	2.600152693779605	0.2776409173175459
377.4874864514789	2.6002875543256034	0.2773504836176821
377.4917187087487	2.6004224416907973	0.27706008027936824
377.49595101346915	2.600557355861472	0.27676970730828093
377.5001833656407	2.600692296823905	0.276479364710105
377.5044157652638	2.600827264564381	0.2761890524904987
377.5086482123391	2.600962259069173	0.27589877065513235
377.5128807068672	2.6010972803245704	0.2756085192096388
377.51711324884843	2.601232328316844	0.27531829815967346
377.52134583828354	2.6013674030322784	0.2750281075108547
377.5255784751729	2.6015025044571485	0.2747379472688126
377.5298111595172	2.601637632577735	0.27444781743915414
377.53404389131674	2.601772787380311	0.2741577180274912
377.5382766705723	2.60190796885116	0.27386764903940575
377.5425094972842	2.602043176976555	0.27357761048049467
377.5467423714531	2.6021784117427744	0.2732876023563251
377.5509752930795	2.602313673136092	0.27299762467247257
377.55520826216394	2.6024489611427875	0.2727076774344859
377.55944127870686	2.602584275749133	0.27241776064792217
377.56367434270896	2.602719616941408	0.27212787431831204
377.56790745417067	2.6028549847058837	0.27183801845119465
377.5721406130926	2.6029903790288365	0.2715481930520859
377.5763738194751	2.60312579989654	0.271258398126503
377.5806070733189	2.6032612472952685	0.27096863367994717
377.5848403746245	2.603396721211298	0.2706788997179072
377.5890737233923	2.603532221630899	0.2703891962458766
377.593307119623	2.6036677485403485	0.27009952326932224
377.59754056331695	2.603803301925916	0.2698098807937196
377.60177405447496	2.603938881773877	0.26952026882452096
377.6060075930972	2.604074488070501	0.26923068736718
377.6102411791845	2.6042101208020636	0.2689411364271308
377.6144748127372	2.6043457799548344	0.2686516160098092
377.61870849375606	2.6044814655150885	0.2683621261206309
377.6229422222413	2.6046171774690925	0.268072666765017
377.6271759981938	2.604752915803123	0.2677832379483618
377.6314098216137	2.6048886805034472	0.26749383967606816
377.6356436925019	2.6050244715563413	0.2672044719535089
377.6398776108587	2.6051602889480696	0.2669151347860755
377.6441115766848	2.605296132664911	0.2666258281791192
377.6483455899805	2.605432002693126	0.2663365521380171
377.6525796507466	2.605567899018995	0.2660473066680987
377.6568137589834	2.6057038216287802	0.2657580917747195
377.66104791469166	2.605839770508758	0.26546890746319796
377.66528211787164	2.6059757456451913	0.26517975373887137
377.6695163685241	2.605955863874701	0.26490647584308896
377.6737506666494	2.6056982247722216	0.2646573433603955
377.67798501224826	2.605440581971464	0.26440816506917897
377.6822194053212	2.6051829354828504	0.2641589409536973
377.68645384586847	2.6049252853168223	0.26390967099821044
377.690688333891	2.6046676314838115	0.2636603551869535
377.69492286938896	2.6044099739942927	0.2634109935041879
377.6991574523632	2.6041523128587225	0.2631615859341409
377.7033920828139	2.603894648087597	0.2629121324610632
377.707626760742	2.6036369796913923	0.2626626330691716
377.7118614861477	2.6033793076806364	0.26241308774271493
377.7160962590317	2.603121632065828	0.26216349646589926
377.72033107939444	2.6028639528575184	0.2619138592229659
377.7245659472366	2.602606270066233	0.26166417599811626
377.7288008625585	2.6023485837025433	0.261414446775578
377.7330358253609	2.602090893777005	0.2611646715395509
377.7372708356441	2.6018332003002094	0.260914850274252
377.7415058934088	2.6015755032827386	0.26066498296387347
377.7457409986554	2.601317802735211	0.2604150695926278
377.74997615138466	2.6010600986682273	0.26016511014469335
377.75421135159684	2.6008023910924334	0.2599151046042782
377.75844659929277	2.6005446800184577	0.25966505295555625
377.7626818944726	2.6002869654569687	0.2594149551827248
377.76691723713725	2.6000292474186177	0.2591648112699503
377.771152627287	2.5997715259141	0.2589146212014224
377.77538806492254	2.599513800954091	0.2586643849613
377.77962355004416	2.599256072549313	0.2584141025337685
377.78385908265255	2.59899834071047	0.2581637739029822
377.78809466274834	2.5987406054482904	0.25791339905310057
377.792330290332	2.5984828667735225	0.25766297796828874
377.79656596540406	2.598225124696912	0.25741251063269277
377.8008016879648	2.597967379229236	0.2571619970304732
377.80503745801525	2.597709630381259	0.2569114371457627
377.8092732755556	2.597451878163786	0.25666083096271713
377.81350914058635	2.597194122587613	0.2564101784654678
377.8177450531081	2.59693636366356	0.25615947963815433
377.82198101312156	2.596678601402451	0.25590873446490336
377.82621702062704	2.5964208358151355	0.2556579429298502
377.8304530756251	2.596163066912459	0.25540710501711095
377.83468917811643	2.595905294705292	0.25515622071081057
377.8389253281014	2.595647519204512	0.2549052899950639
377.84316152558057	2.5953897404210147	0.2546543128539883
377.8473977705546	2.5951319583656933	0.2544032892716824
377.8516340630238	2.5948741730494813	0.2541522192322682
377.85587040298896	2.5946163844832912	0.25390110271983074
377.8601067904504	2.594358592678078	0.2536499397184819
377.86434322540873	2.594100797644789	0.25339873021230835
377.86857970786446	2.593842999394395	0.2531474741854055
377.8728162378182	2.593585197937872	0.2528961716218559
377.8770528152703	2.5933273932862195	0.25264482250575065
377.8812894402216	2.5930695854504315	0.2523934268211589
377.8855261126724	2.5928117744415404	0.2521419845521704
377.8897628326231	2.5925539602705716	0.2518904956828531
377.89399960007466	2.5922961429485576	0.25163896019726534
377.89823641502727	2.5920446560948887	0.25145267508768737
377.90247327748165	2.5917976532799814	0.2513127248569783
377.90671018743814	2.5915506348375166	0.2511727513012524
377.9109471448974	2.5913036007658894	0.2510327544114367
377.91518414985984	2.5910565510635144	0.2508927341784632
377.91942120232636	2.590809485728783	0.25075269059324606
377.92365830229704	2.590562404760115	0.2506126236467096
377.9278954497726	2.590315308155907	0.25047253332975983
377.9321326447536	2.5900681959145784	0.25033241963331
377.9363698872406	2.589821068034529	0.25019228254825654
377.9406071772339	2.58957392451418	0.2500521220655031
377.9448445147344	2.589326765351934	0.24991193817593652
377.94908189974234	2.5890795905462176	0.2497717308704526
377.9533193322584	2.588832400095433	0.249631500139927
377.95755681228303	2.5885851939980062	0.24949124597524397
377.9617943398169	2.588337972252348	0.24935096836727322
377.9660319148603	2.588090734856887	0.24921066730688934
377.97026953741397	2.587843481810033	0.24907034278495063
377.9745072074784	2.5875962131102153	0.2489299947923205
377.97874492505406	2.5873489287558513	0.24878962331985088
377.9829826901415	2.58710162874537	0.24864922835839395
377.98722050274137	2.5868543130771915	0.24850880989879207
377.991458362854	2.58660698174975	0.24836836793188938
377.99569627048004	2.5863596347614655	0.248227902448517
377.9999342256201	2.586112272110769	0.2480874134395059
378.0041722282745	2.5858648937960975	0.24794690089568605
378.00841027844405	2.5856174998158727	0.2478063648078722
378.012648376129	2.585370090168538	0.247665805166886
378.01688652133015	2.5851226648525163	0.24752522196353274
378.02112471404774	2.5848752238662573	0.2473846151886261
378.0253629542826	2.584627767208184	0.24724398483295992
378.0296012420351	2.584380294876745	0.24710333088733652
378.03383957730574	2.584132806870375	0.24696265334254514
378.0380779600951	2.583885303187519	0.24682195218937503
378.0423163904038	2.5836377838266094	0.2466812274186022
378.04655486823225	2.5833902487861047	0.24654047902101314
378.050793393581	2.583142698064437	0.24639970698737237
378.05503196645066	2.5828951316600617	0.2462589113084534
378.05927058684165	2.582647549571416	0.24611809197501258
378.0635092547546	2.58239995179696	0.24597724897781345
378.06774797019006	2.5821523383351344	0.24583638230760468
378.0719867331484	2.5819047091843985	0.24569549195513843
378.0762255436303	2.5816570643431977	0.24555457791115337
378.0804644016363	2.5814094038099924	0.2454136401663919
378.0847033071669	2.5811617275832313	0.2452726787115831
378.08894226022255	2.5809140356613813	0.2451316935374611
378.0931812608039	2.5806663280428888	0.2449906846347436
378.0974203089114	2.580418604726225	0.24484965199415504
378.10165940454556	2.580170865709844	0.24470859560640665
378.10589854770717	2.5799231109922016	0.2445675154622029
378.1101377383964	2.5796753405717747	0.24442641155225525
378.1143769766141	2.5794275544470158	0.244285283867257
378.11861626236043	2.579179752616406	0.24414413239790958
378.12285559563634	2.578931935078395	0.24400295713489298
378.12709497644204	2.578684101831466	0.243861758068899
378.13133440477833	2.57843625287408	0.2437205351906029
378.1355738806455	2.5781883882047167	0.2435792884906832
378.1398134040442	2.577940507821842	0.24343801795980516
378.14405297497495	2.5776926117239363	0.24329672358863766
378.1482925934383	2.577444699909468	0.24315540536783609
378.1525322594348	2.5771967723769214	0.24301406328805947
378.1567719729649	2.57694882912477	0.24287269733995498
378.1610117340291	2.576700870151498	0.24273130751417002
378.16525154262814	2.5764528954555823	0.2425898938013419
378.1694913987624	2.5762049050355094	0.24244845619210834
378.1737313024325	2.5759568988897583	0.24230699467709654
378.17797125363876	2.5757088770168215	0.24216550924693608
378.182211252382	2.5754608394151757	0.24202399989224097
378.18645129866246	2.5752127860833247	0.2418824666036358
378.19069139248097	2.5749647170197387	0.24174090937171971
378.19493153383786	2.5747166322229273	0.24159932818710908
378.1991717227337	2.5744685316913696	0.24145772304039642
378.20341195916916	2.574220415423563	0.24131609392217981
378.2076522431446	2.5739722834180077	0.24117444082305195
378.2118925746606	2.5737241356731886	0.24103276373359242
378.2161329537177	2.5734759721876177	0.24089106264438923
378.2203733803165	2.5732277929597833	0.24074933754601183
378.2246138544574	2.5729795979881964	0.24060758842903673
378.22885437614116	2.572731387271348	0.2404658152840234
378.23309494536807	2.57248316080775	0.24032401810153653
378.23733556213875	2.572234918595902	0.24018219687212913
378.2415762264537	2.57198666063432	0.24004035158635773
378.24581693831357	2.5717383869214965	0.23989848223475838
378.2500576977187	2.571490097455959	0.23975658880788261
378.25429850466986	2.5712417922362	0.23961467129625497
378.25853935916734	2.570993471260749	0.23947272969041705
378.2627802612119	2.5707451345281043	0.23933076398088485
378.2670212108039	2.5704967820367934	0.2391887741581867
378.271262207944	2.5702484137853228	0.23904676021283197
378.2755032526326	2.57000002977222	0.2389047221353371
378.27974434487044	2.569751629995994	0.2387626599162017
378.28398548465765	2.5695032144551786	0.2386205735459338
378.28822667199523	2.569254783148283	0.23847846301502099
378.2924679068835	2.5690063360738407	0.23833632831395982
378.296709189323	2.568757873230369	0.2381941694332312
378.3009505193143	2.5685093946164024	0.23805198636331978
378.3051918968578	2.568260900230464	0.23790977909469818
378.3094333219542	2.5680123900710874	0.23776754761783933
378.3136747946039	2.5677638641368024	0.23762529192320747
378.31791631480763	2.5675153224261336	0.23748301200125843
378.32215788256576	2.5672667649376284	0.23734070784245506
378.3263994978789	2.5670181916698116	0.23719837943724134
378.3306411607474	2.56676960262123	0.2370560267760683
378.3348828711721	2.5665209977904087	0.23691364984936814
378.33912462915316	2.566272377175904	0.23677124864758514
378.3433664346916	2.5660237407762434	0.23662882316114137
378.34760828778747	2.5657750885899797	0.2364863733804676
378.35185018844163	2.5655264206156474	0.2363438992959774
378.3560921366544	2.5652777368518054	0.23620140089809322
378.36033413242643	2.5650290372969864	0.23605887817721674
378.3645761757582	2.5647803219497574	0.2359163311237618
378.3688182666504	2.5645315908086475	0.23577375972811673
378.3730604051032	2.5642828438722285	0.23563116398068687
378.37730259111754	2.5640340811390403	0.23548854387185364
378.3815448246937	2.5637853026076476	0.2353458993920072
378.38578710583243	2.5635365082765933	0.23520323053151876
378.390029434534	2.563287698144455	0.23506053728077342
378.3942718107992	2.5630388722097726	0.23491781963012867
378.39851423462824	2.562790030471122	0.23477507756995786
378.402756706022	2.5625411729270566	0.2346323110906135
378.40699922498084	2.562292299576147	0.23448952018245325
378.4112417915052	2.562043410416957	0.2343467048358247
378.41548440559586	2.5617945054480464	0.2342038650410668
378.4197270672531	2.561545584667997	0.23406100078852535
378.4239697764777	2.561296648075365	0.2339181120685257
378.42821253327	2.5610476956687354	0.23377519887140347
378.43245533763064	2.560798727446671	0.2336322611874753
378.4366981895601	2.560549743407754	0.2334892990070632
378.440941089059	2.560300743550556	0.233346312320477
378.44518403612767	2.560051727873659	0.23320330111802673
378.44942703076686	2.559802696375638	0.2330602653900119
378.4536700729769	2.5595536490550845	0.23291720512673572
378.4579131627586	2.5593045859105636	0.23277412031848063
378.4621563001122	2.5590555069406764	0.23263101095554284
378.4663994850385	2.558806412143998	0.23248787702819793
378.47064271753777	2.5585573015191225	0.2323447185267267
378.4748859976107	2.558308175064635	0.2322015354413978
378.4791293252579	2.558059032779129	0.23205832776248017
378.4833727004797	2.557809874661189	0.23191509548023026
378.4876161232767	2.5575607007094203	0.23177183858490993
378.4918595936496	2.5573115109224083	0.23162855706676574
378.4961031115987	2.557062305298759	0.2314852509160472
378.5003466771247	2.5568130838370586	0.23134192012298876
378.504590290228	2.556563846535921	0.23119856467783326
378.5088339509093	2.556314593393937	0.23105518457080448
378.5130776591689	2.556065324409717	0.23091177979213162
378.51732141500753	2.5558160395818645	0.23076835033203327
378.5215652184257	2.55556673890898	0.2306248961807213
378.5258090694238	2.555317421597527	0.23048140854591806
378.5300529680026	2.555068060815515	0.2303375897801898
378.53429691416244	2.5548186842085077	0.23019374623051986
378.5385409079039	2.554569291775137	0.2300498778870758
378.5427849492275	2.554319883514047	0.229905984740025
378.547029038134	2.5540704594238726	0.2297620667795248
378.55127317462353	2.55382101950326	0.2296181239957324
378.555517358697	2.5535715637508485	0.22947415637879426
378.5597615903545	2.5533220921652937	0.22933016391886074
378.56400586959705	2.5530726047452297	0.22918614660606265
378.5682501964249	2.5528231014893166	0.22904210443054165
378.5724945708387	2.5525735823961924	0.22889803738241826
378.57673899283895	2.552324047464522	0.2287539454518232
378.58098346242616	2.5520744966929483	0.22860982862886858
378.5852279796008	2.55182493008014	0.22846568690367472
378.5894725443635	2.5515753476247367	0.22832152026633942
378.5937171567148	2.5513257493254144	0.2281773287069745
378.59796181665524	2.551076135180819	0.22803311221566894
378.6022065241852	2.550826505189626	0.22788887078252223
378.6064512793055	2.5505768593504854	0.22774460439761285
378.6106960820164	2.5503271976620763	0.22760031305102976
378.6149409323185	2.550077520123054	0.22745599673284275
378.6191858302124	2.5498278267320984	0.2273116554331285
378.6234307756986	2.5495781174878718	0.2271672891419479
378.62767576877775	2.549328392389045	0.22702289784936008
378.6319208094501	2.5490786514343022	0.22687848154542584
378.6361658977165	2.5488288946223077	0.22673404022018864
378.6404110335772	2.5485791219517493	0.2265895738636987
378.6446562170331	2.548329333421293	0.22644508246598696
378.64890144808425	2.5480795290296347	0.2263005660170967
378.6531467267316	2.5478297087754465	0.22615602450705005
378.65739205297547	2.5475798726574173	0.22601145792587263
378.6616374268165	2.5473300206742278	0.22586686626357952
378.66588284825514	2.5470801528245754	0.22572224951018918
378.6701283172919	2.54683026910714	0.22557760765570253
378.67437383392746	2.546580369520618	0.22543294069012584
378.67861939816225	2.5463304540636997	0.22528824860345273
378.68286500999676	2.5460805227350822	0.22514353138567714
378.6871106694317	2.545830575533458	0.22499878902678214
378.69135637646735	2.545580612457529	0.2248540215167508
378.6956021311044	2.545330633505993	0.22470922884555755
378.6998479333434	2.545080638677552	0.22456441100317304
378.7040937831848	2.54483062797091	0.22441956797956078
378.70833968062925	2.5445806013847743	0.22427469976468264
378.7125856256772	2.5443305589178444	0.2241298063484881
378.71683161832914	2.5440805005688394	0.22398488772093159
378.7210776585857	2.5438304263364553	0.22383994387194855
378.7253237464473	2.543580336219424	0.22369497479148806
378.7295698819146	2.543330230216445	0.22354998046947455
378.73381606498816	2.5430801083262327	0.22340496089583445
378.7380622956683	2.5428299705475146	0.22325991606049542
378.74230857395577	2.542579816878999	0.22311484595336775
378.74655489985105	2.5423296473194177	0.22296975056436846
378.7508012733546	2.542079461867485	0.22282462988339893
378.75504769446695	2.541829260521933	0.2226794839003637
378.7592941631888	2.541579043281477	0.22253431260515152
378.7635406795204	2.5413288101448614	0.2223891159876616
378.76778724346264	2.5410785611107998	0.22224389403776829
378.7720338550157	2.540828296178037	0.22209864674535817
378.7762805141805	2.5405780153452957	0.22195337410029864
378.78052722095714	2.5403277186113216	0.22180807609246364
378.78477397534647	2.540077405974841	0.2216627527117096
378.78902077734887	2.5398270774346057	0.22151740394790162
378.79326762696496	2.5395767329893433	0.22137202979088355
378.79751452419515	2.53932637263781	0.22122663023050967
378.80176146904023	2.5390759963787355	0.22108120525661293
378.8060084615005	2.5388256042108797	0.22093575485903696
378.81025550157653	2.53857519613298	0.22079027902760556
378.81450258926884	2.5383247721437963	0.22064477775214966
378.8187497245781	2.53807433224207	0.22049925102248247
378.82299690750466	2.5378238764265677	0.2203536988284257
378.8272441380492	2.537573404696031	0.2202081211597799
378.83149141621215	2.5373229170492277	0.2200625180063542
378.8357387419941	2.537072413484915	0.21991688935794548
378.8399861153957	2.536821894001843	0.21977123520433953
378.84423353641716	2.5365713585987937	0.2196255555353346
378.84848100505934	2.536320807274512	0.21947985034070053
378.85272852132266	2.5360702400277813	0.21933411961022278
378.85697608520763	2.5358196568573583	0.2191883633336657
378.8612236967147	2.5355690577620216	0.21904258150079844
378.8654713558446	2.5353184427405373	0.21889677410137803
378.8697190625977	2.5350678117916847	0.21875094112516097
378.8739668169747	2.534817164914234	0.21860508256189334
378.87821461897596	2.5345665021069714	0.2184591984013225
378.88246246860217	2.534315823368665	0.21831328863317992
378.88671036585373	2.534065128698107	0.21816735324720404
378.8909583107312	2.5338144180940723	0.21802139223311706
378.89520630323506	2.533563691555357	0.2178754055806464
378.8994543433661	2.5333129490807376	0.2177293932795016
378.9037024311245	2.533062190669013	0.21758335531939912
378.9079505665111	2.5328114163189612	0.21743729169003573
378.91219874952617	2.532560626029391	0.21729120238112037
378.9164469801705	2.5323098197990834	0.21714508738233904
378.9206952584444	2.532058997626845	0.21699894668338612
378.9249435843486	2.5318081595114674	0.21685278027393992
378.92919195788346	2.531557305451761	0.216706588143684
378.93344037904956	2.5313064354465205	0.2165603702822857
378.9376888478477	2.5310555494945457	0.2164141266794086
378.941937364278	2.530804647594656	0.21626785732472154
378.94618592834115	2.5305537297456495	0.21612156220787332
378.95043454003775	2.530302795946343	0.21597524131851842
378.95468319936833	2.5300518461955406	0.2158288946462964
378.95893190633336	2.5298008804920675	0.2156825221808522
378.96318066093346	2.5295498988347282	0.21553612391181282
378.967429463169	2.5292989012223517	0.21538969982881204
378.97167831304074	2.5290478876537463	0.21524324992146568
378.97592721054895	2.528796858127748	0.2150967741793984
378.98017615569444	2.528545812643169	0.21495027259221486
378.98442514847744	2.528294751198843	0.2148037451495251
378.98867418889887	2.528043673793589	0.21465719184092455
378.9929232769589	2.5277925804262456	0.214510612656012
378.9971724126583	2.5275414710956388	0.21436400758437363
379.00142159599744	2.527290345800609	0.21421737661559712
379.00567082697705	2.5270392045399817	0.21407071973925398
379.00992010559753	2.5267880473126043	0.2139240369449225
379.01416943185933	2.5265368741173098	0.21377732822216483
379.01841880576313	2.5262856849529487	0.2136305935605482
379.02266822730945	2.5260344798183514	0.2134838329496201
379.02691769649874	2.525783258712377	0.21333704637893824
379.0311672133316	2.5255320216338615	0.21319023383804078
379.03541677780856	2.5252807685816654	0.2130433953164726
379.0396663899301	2.5250294995546354	0.2128965308037641
379.04391604969686	2.52477821455162	0.21274964028944016
379.04816575710936	2.5245269135714823	0.21260272376302713
379.05241551216807	2.524275596613075	0.21245578121403863
379.05666531487344	2.5240242636752654	0.21230881263198983
379.0609151652263	2.5237729147569037	0.21216181800637976
379.06516506322674	2.523521549856867	0.2120147973267158
379.06941500887575	2.5232701689740074	0.21186775058248383
379.0736650021735	2.5230187721072057	0.2117206777631803
379.07791504312087	2.5227673592553184	0.21157357885827965
379.082165131718	2.522515930417233	0.21142645385726894
379.08641526796583	2.522264485591806	0.2112793027496097
379.0906654518646	2.522013024777931	0.21113212552477761
379.0949156834149	2.5217615479744713	0.2109849221722247
379.09916596261735	2.5215100551803165	0.210837692681412
379.1034162894725	2.521258546394342	0.21069043704178367
379.1076666639807	2.5210070216154388	0.2105431552427877
379.11191708614274	2.520755480842485	0.21039584727385707
379.1161675559589	2.520503924074379	0.21024851312443016
379.1204180734299	2.5202523513100004	0.21010115278392694
379.12466863855616	2.5200007625482526	0.20995376624177442
379.12891925133835	2.519749157788018	0.20980635348738141
379.13316991177686	2.5194975370282067	0.20965891451016525
379.13742061987233	2.5192459002677037	0.20951144929952167
379.14167137562515	2.51899424750542	0.20936395784485498
379.145922179036	2.5187425787402598	0.20921644013555837
379.1501730301054	2.518490893971113	0.20906889616101054
379.1544239288338	2.5182391931969046	0.20892132591060242
379.15867487522195	2.5179891979804703	0.20879449186331123
379.16292586926994	2.51774093489914	0.20868874634265794
379.16717691097887	2.517492652981228	0.20858298294297622
379.1714280003488	2.5172443522227885	0.2084772016569191
379.17567913738054	2.5169960326198506	0.208371402477125
379.1799303220744	2.516747694168464	0.208265585396237
379.18418155443123	2.5164993368646598	0.20815975040688608
379.18843283445125	2.5162509607044825	0.20805389750170547
379.19268416213527	2.5160025656839586	0.20794802667331633
379.19693553748357	2.515754151799138	0.20784213791434572
379.20118696049684	2.515505719046045	0.20773623121740614
379.2054384311755	2.5152572674207287	0.2076303065751159
379.2096899495203	2.515008796919206	0.20752436398007643
379.21394151553153	2.5147603075375238	0.20741840342489734
379.2181931292099	2.5145117992717045	0.20731242490217378
379.22244479055576	2.5142632721177955	0.20720642840450815
379.2266964995698	2.514014726071809	0.20710041392448306
379.2309482562526	2.5137661611297917	0.20699438145469207
379.2352000606046	2.5135175772877627	0.20688833098771298
379.23945191262624	2.513268974541762	0.20678226251612808
379.2437038123182	2.513020352887807	0.20667617603250646
379.2479557596809	2.512771712321938	0.20657007152942303
379.25220775471496	2.512523052840172	0.20646394899943812
379.256459797421	2.512274374438534	0.2063578084351114
379.2607118877993	2.5120256771130625	0.2062516498290047
379.2649640258507	2.511776960859765	0.2061454731736627
379.26921621157544	2.5115282256746827	0.20603927846163966
379.27346844497436	2.5112794715538245	0.20593306568547282
379.2777207260476	2.511030698493227	0.2058268348377063
379.28197305479614	2.5107819064889023	0.20572058591086984
379.2862254312202	2.510533095536878	0.20561431889749626
379.2904778553205	2.510284265633167	0.20550803379010785
379.2947303270973	2.5100354167738024	0.2054017305812312
379.2989828465515	2.5097865489547866	0.20529540926337586
379.30323541368335	2.5095376621721552	0.2051890698290609
379.30748802849365	2.509288756421912	0.20508271227078834
379.31174069098256	2.509039831700086	0.20497633658106723
379.315993401151	2.508790888002685	0.20486994275239198
379.3202461589992	2.50854192532573	0.20476353077726026
379.32449896452783	2.5082929436652326	0.2046571006481602
379.3287518177376	2.50804394301721	0.20455065235757935
379.33300471862873	2.5077949233776717	0.20444418589799698
379.33725766720187	2.507545884742638	0.20433770126189305
379.3415106634577	2.5072968271081106	0.2042311984417353
379.34576370739654	2.5070477504701127	0.20412467742999757
379.35001679901904	2.5067986548246464	0.20401813821913867
379.3542699383257	2.5065495401677302	0.2039115808016222
379.358523125317	2.5063004064953667	0.2038050051698994
379.3627763599937	2.506051253803562	0.20369841131641983
379.367029642356	2.505802082088335	0.20359179923363352
379.37128297240463	2.505552891345682	0.2034851689139773
379.37553635014024	2.505303681571617	0.20337852034989098
379.3797897755632	2.50505445276214	0.203271853533805
379.38404324867395	2.5048052049132647	0.20316516845815027
379.3882967694733	2.5045559380209843	0.2030584651153457
379.39255033796155	2.5043066520813158	0.2029517434978159
379.39680395413933	2.504057347090251	0.2028450035979707
379.4010576180072	2.5038080230438005	0.20273824540822327
379.4053113295657	2.503558679937958	0.20263146892097575
379.40956508881516	2.503309317768734	0.20252467412863356
379.4138188957564	2.503059936532121	0.20241786102359002
379.4180727503897	2.5028105362241244	0.20231102959823885
379.4223266527159	2.5025611168407362	0.2022041798449656
379.4265806027352	2.5023116783779664	0.2020973117561578
379.4308346004484	2.5020622208317977	0.201990425324188
379.43508864585596	2.5018127441982414	0.20188352054143593
379.43934273895826	2.5015632484732815	0.20177659740026654
379.443596879756	2.501313733652928	0.20166965589305053
379.44785106824975	2.5010641997331575	0.2015626960121411
379.45210530443995	2.5008146467099786	0.2014557177499
379.45635958832713	2.500565074579379	0.2013487210986766
379.4606139199118	2.500315483337353	0.20124170605081843
379.4648682991945	2.5000658729798935	0.20113467259866835
379.469122726176	2.499816243502988	0.20102762073456215
379.4733772008565	2.4995665949026336	0.20092055045083632
379.4776317232367	2.4993169271748124	0.2008134617398163
379.4818862933171	2.499067240315521	0.2007063545938294
379.48614091109835	2.4988175343207404	0.200599229005192
379.49039557658074	2.4985678091864694	0.20049208496622362
379.49465028976505	2.498318064908686	0.20038492246923154
379.4989050506516	2.4980683014833853	0.20027774150652486
379.5031598592412	2.497818518906541	0.20017054207040053
379.5074147155341	2.4975687171741496	0.20006332415315972
379.511669619531	2.497318896282188	0.19995608774709148
379.5159245712323	2.4970690562266524	0.19984883284448932
379.52017957063873	2.49681919700351	0.19974155943762908
379.52443461775067	2.4965693186087554	0.19963426751879523
379.5286897125688	2.496319421038361	0.1995269570802571
379.53294485509343	2.4960695042883203	0.19941962811428984
379.53720004532533	2.4958195683545994	0.19931228061315243
379.5414552832649	2.495569613233193	0.19920491456911074
379.54571056891274	2.4953196389200647	0.1990975299744146
379.54996590226926	2.495069645411207	0.19899012682132075
379.5542212833351	2.4948196327025896	0.1988827051020724
379.5584767121108	2.4945696007901943	0.19877526480891308
379.5627321885969	2.494319549669992	0.19866780593407818
379.5669877127939	2.4940694793379663	0.19856032846980337
379.57124328470223	2.49381938979009	0.19845283240831596
379.5754989043227	2.493569281022327	0.1983453177418347
379.5797545716556	2.4933191530306673	0.19823778446258544
379.58401028670164	2.49306900581107	0.19813023256277634
379.5882660494612	2.4928188393595203	0.1980226620346228
379.59252185993483	2.49256865367198	0.1979150728703249
379.5967777181232	2.492318448744427	0.19780746506208613
379.6010336240267	2.4920682245728267	0.19769983860210003
379.6052895776459	2.4918179811531527	0.19759219348255957
379.6095455789815	2.4915677184813703	0.19748452969564886
379.61380162803374	2.4913174365534543	0.19737684723355284
379.6180577248034	2.4910671353653653	0.19726914608844512
379.62231386929085	2.4908168149130767	0.19716142625250127
379.6265700614968	2.4905664751925514	0.19705368771788692
379.63082630142156	2.4903161161997582	0.19694593047676703
379.63508258906586	2.4900657379306548	0.1968381545212966
379.63933892443015	2.4898153403812153	0.1967303598436339
379.64359530751506	2.489564923547397	0.19662254643592447
379.6478517383209	2.4893144874251694	0.19651471429031586
379.65210821684843	2.4890640320104866	0.1964068633989445
379.65636474309815	2.4888135572993186	0.1962989937539485
379.6606213170705	2.4885630632876214	0.19619110534745604
379.664877938766	2.4883125499713596	0.19608319817159472
379.6691346081853	2.4880620173464947	0.195975272218486
379.67339132532885	2.4878114654089742	0.1958673274802414
379.67764809019724	2.487560894154771	0.19575936394897822
379.681904902791	2.487310303579831	0.19565138161679874
379.6861617631107	2.487059693680122	0.1955433804758094
379.6904186711568	2.4868090644515903	0.195435360518103
379.6946756269297	2.4865584158902077	0.19532732173577938
379.6989326304304	2.4863077479919093	0.1952192641209178
379.70318968165884	2.4860570607526697	0.19511118766560998
379.707446780616	2.4858063541684254	0.19500309236192714
379.71170392730227	2.4855556282351428	0.19489497820194898
379.7159611217181	2.4853048829487676	0.194786845177741
379.72021836386415	2.4850541183052584	0.19467869328137083
379.72447565374097	2.484803334300556	0.19457052250489332
379.7287329913488	2.4845525309306242	0.19446233284036915
379.7329903766887	2.4843017081913996	0.1943541242798424
379.7372478097607	2.4840508660788476	0.19424589681536553
379.74150529056567	2.4838000045889	0.19413765043897188
379.74576281910385	2.4835491237175216	0.19402938514270435
379.7500203953761	2.4832982234606464	0.193921100918588
379.75427801938275	2.4830473038142307	0.19381279775865368
379.7585356911244	2.482796364774213	0.19370447565491958
379.7627934106016	2.482545406336547	0.19359613459940556
379.7670511778149	2.482294428497169	0.19348777458412034
379.7713089927646	2.4820434312520367	0.19337939560107692
379.77556685545153	2.4817924145970833	0.19327099764227304
379.7798247658761	2.48154137852825	0.19316258069970554
379.78408272403897	2.481290323041486	0.1930541447653706
379.78834072994056	2.4810392481327286	0.19294568983125415
379.7925987835813	2.480788153797926	0.1928372158893426
379.7968568849619	2.4805370400330085	0.19272872293160984
379.80111503408284	2.4802859068339282	0.1926202109500353
379.8053732309448	2.4800347541966112	0.19251167993658183
379.8096314755479	2.4797835821170096	0.19240312988321928
379.81388976789316	2.4795323905910496	0.19229456078190232
379.81814810798073	2.47928117961468	0.1921859726245897
379.82240649581144	2.4790299491838255	0.19207736540322645
379.82666493138566	2.4787786992944336	0.19196873910976178
379.830923414704	2.478527429942431	0.1918600937361323
379.835181945767	2.47827614112376	0.19175142927427638
379.8394405245751	2.4780248328343473	0.19164274571612078
379.8436991511288	2.4777735050701364	0.1915340430535955
379.8479578254288	2.4775221578270497	0.1914253212786165
379.85221654747556	2.47727079110103	0.19131658038310398
379.85647531726966	2.477019404887997	0.1912078203589642
379.86073413481154	2.4767679991838967	0.19109904119810897
379.8649930001019	2.476516573984645	0.19099024289243346
379.8692519131409	2.4762651292861877	0.19088142543384123
379.8735108739296	2.4760136650844347	0.190772588814215
379.87776988246816	2.4757621813753334	0.19066373302544987
379.8820289387572	2.475510678154804	0.19055485805942426
379.8862880427974	2.4752591554187666	0.1904459639080115
379.89054719458903	2.475007613163164	0.1903370505630908
379.8948063941329	2.4747560513839053	0.1902281180165219
379.8990656414294	2.474504483073924	0.19011933542302326
379.90332493647907	2.474252897519075	0.19001056355074997
379.90758427928245	2.474001292417048	0.18990177249287554
379.91184366984015	2.47374966776374	0.1897929622412584
379.9161031081525	2.473498023555077	0.18968413278776386
379.92036259422036	2.4732463597869554	0.1895752841242405
379.92462212804395	2.4729946764553015	0.18946641624254512
379.928881709624	2.4727429735560134	0.18935752913451787
379.9331413389609	2.472491251085005	0.18924862279200047
379.9374010160554	2.4722395090381784	0.18913969720682589
379.9416607409078	2.4719877474114527	0.18903075237082864
379.94592051351884	2.47173596620072	0.1889217882758279
379.95018033388885	2.4714841654019013	0.18881280491364966
379.9544402020186	2.4712323450108924	0.18870380227610595
379.95870011790845	2.4709805050236047	0.1885947803550089
379.96296008155895	2.4707286454359365	0.18848573914216193
379.9672200929706	2.4704767662438023	0.1883766786293701
379.97148015214407	2.470224867443092	0.18826759880842286
379.97574025907977	2.4699729490297204	0.18815849967111672
379.98000041377844	2.4697210109995797	0.18804938120923267
379.98426061624036	2.4694690533485812	0.18794024341455592
379.98852086646616	2.469217076072621	0.18783108627886017
379.99278116445646	2.468965079167594	0.18772190979391418
379.99704151021166	2.4687130626294107	0.18761271395148824
380.00130190373244	2.4684610264539586	0.18750349874333866
380.0055623450192	2.4682089706371473	0.1873942641612257
380.00982283407257	2.4679568951748654	0.18728501019689706
380.01408337089305	2.4677048000630184	0.18717573684210184
380.0183439554811	2.4674526852974945	0.18706644408857762
380.0226045878374	2.4672005508742	0.18695713192806498
380.0268652679625	2.46694839678902	0.18684780035229012
380.03112599585666	2.4666962230378613	0.18673844935298503
380.03538677152073	2.466444029616602	0.18662907892186326
380.039647594955	2.466191816521155	0.18651968905064942
380.04390846616036	2.465939583747393	0.18641027973104576
380.0481693851369	2.4656873312912277	0.1863008509547669
380.0524303518855	2.4654350591485343	0.1861914027135064
380.05669136640637	2.46518276731522	0.18608193499896744
380.0609524287005	2.4649304557871616	0.1859724478028349
380.0652135387679	2.4646781245602587	0.18586294111679943
380.06947469660963	2.4644257736303907	0.18575341493253705
380.07373590222574	2.4641734029934623	0.18564386924173096
380.07799715561714	2.4639210126453452	0.18553430403604454
380.0822584567842	2.463668602581939	0.1854247193071496
380.0865198057275	2.4634161727991217	0.18531511504670214
380.09078120244743	2.4631637232927917	0.18520549124636376
380.0950426469447	2.462911254058824	0.18509584789778052
380.09930413921984	2.462658765093105	0.18498618499259847
380.1035656792732	2.462406256391528	0.1848765025224615
380.1078272671056	2.462153727949964	0.18476680047900043
380.11208890271735	2.461901179764312	0.1846570788538516
380.1163505861092	2.461648611830439	0.18454733763863426
380.12061231728137	2.461396024144245	0.18443757682497605
380.12487409623463	2.461143416701594	0.18432779640448477
380.1291359229695	2.4608907894983814	0.18421799636877642
380.1333977974865	2.4606381425304753	0.18410817670945157
380.13765971978603	2.4603854757937706	0.1839983374181158
380.14192168986887	2.460132789284135	0.18388847848635947
380.14618370773536	2.4598800829974548	0.18377859990577572
380.15044577338614	2.4596273569296	0.18366870166794566
380.1547078868216	2.459374611076459	0.1835587837644536
380.1589700480425	2.459121845433898	0.1834488461868692
380.1632322570492	2.458869059997804	0.18333888892676656
380.16749451384226	2.4586162547640447	0.18322891197570648
380.1717568184223	2.4583634297285024	0.18311891532525143
380.1760191707898	2.4581105848870446	0.18300889896695202
380.1802815709452	2.457857720235559	0.18289886289236312
380.18454401888926	2.457604835769901	0.1827888070930211
380.18880651462234	2.4573519314859595	0.18267873156047043
380.193069058145	2.4570990073795995	0.18256863628624276
380.1973316494579	2.456846063446693	0.1824585212618656
380.20159428856135	2.4565930996831145	0.1823483864788642
380.20585697545613	2.4563401160847307	0.18223823192875443
380.21011971014264	2.4560871126474186	0.1821280576030527
380.2143824926214	2.4558340893670403	0.1820178634932632
380.2186453228929	2.4555810462394754	0.18190764959089328
380.2229082009578	2.4553279832605814	0.18179741588743564
380.22717112681676	2.4550749004262333	0.18168716237438579
380.23143410047004	2.454821797732294	0.18157688904322886
380.23569712191824	2.4545686751746376	0.18146659588544994
380.23996019116197	2.4543155327491224	0.18135628289252256
380.24422330820175	2.4540623704516213	0.18124595005592145
380.2484864730381	2.4538091882779955	0.181135597367111
380.2527496856715	2.453555986224113	0.18102522481755434
380.25701294610263	2.453302764285831	0.18091483239870407
380.26127625433185	2.4530495224590254	0.18080442010201694
380.26553961035995	2.4527962607395453	0.1806939879189326
380.2698030141871	2.452542979123264	0.18058353584089593
380.27406646581414	2.4522896776060383	0.18047306385934014
380.27832996524154	2.4520363561837337	0.18036257196569716
380.2825935124698	2.4517830148522037	0.18025206015138825
380.2868571074994	2.451529653607321	0.18014152840783906
380.29112075033095	2.451276272444929	0.18003097672645643
380.2953844409649	2.4510228713609052	0.17992040509865814
380.29964817940197	2.4507694503510926	0.1798098135158405
380.30391196564256	2.4505160094113623	0.17969920196940814
380.30817579968715	2.450262548537563	0.17958857045075116
380.31243968153643	2.4500090677255506	0.17947791895125678
380.31670361119075	2.4497555669711923	0.17936724746231264
380.3209675886509	2.4495020462703323	0.17925655597529158
380.32523161391714	2.4492485056188364	0.1791458444815706
380.3294956869902	2.4489949450125486	0.17903511297251207
380.33375980787054	2.448741364447337	0.17892436143948381
380.3380239765587	2.4484877639190405	0.17881358987383636
380.3422881930552	2.4482341434235266	0.17870279826692695
380.3465524573607	2.447980502956633	0.1785919866100955
380.35081676947544	2.447726842514229	0.1784811548946902
380.3550811294004	2.447473162092152	0.17837030311204025
380.35934553713565	2.4472194616862635	0.17825943125348065
380.36360999268214	2.446965741292406	0.1781485393103327
380.36787449604003	2.4467120009064374	0.1780376272739194
380.37213904721017	2.4464582405241986	0.1779266951355515
380.3764036461929	2.446204460141549	0.17781574288654284
380.3806682929888	2.445950659754326	0.1777047705181922
380.3849329875984	2.445696839358391	0.17759377802180398
380.3891977300224	2.4454429989495785	0.177482765388665
380.3934625202611	2.445189138523744	0.1773717326100678
380.39772735831514	2.4449352580767267	0.17726067967729128
380.401992244185	2.4446813576043827	0.17714960658161719
380.4062571778713	2.4444274371025525	0.17703851331431522
380.4105221593746	2.4441734965670765	0.1769273998666496
380.41478718869524	2.4439195359938055	0.1768162662298848
380.419052265834	2.4436655553785784	0.17670511239527448
380.4233173907912	2.4434115547172435	0.17659393835407086
380.4275825635677	2.4431575340056373	0.17648274409751702
380.43184778416366	2.4429034932396108	0.17637152961685584
380.43611305257986	2.442649432414997	0.17626029490331824
380.4403783688166	2.4423953515276478	0.1761490399481378
380.44464373287474	2.442141250573392	0.1760377647425333
380.44890914475457	2.4418871295480815	0.17592646927772765
380.4531746044567	2.4416329884475436	0.17581515354492885
380.45744011198167	2.4413788272676324	0.17570381753535036
380.46170566733	2.4411246460041713	0.17559246124018807
380.4659712705023	2.4408704446530116	0.1754810846506448
380.47023692149895	2.4406162232099815	0.17536968775790687
380.4745026203206	2.440361981670927	0.17525827055316492
380.4787683669679	2.4401077200316745	0.17514683302759462
380.48303416144114	2.43985343828807	0.17503537517237572
380.48730000374104	2.4395991364359424	0.1749238969786744
380.4915658938679	2.4393448144711356	0.1748123984376596
380.4958318318226	2.4390904723894744	0.1747008795404854
380.5000978176054	2.4388361101868026	0.17458934027830988
380.50436385121714	2.43858172785894	0.17447778064227482
380.50862993265787	2.438327325401739	0.17436620062353156
380.5128960619285	2.4380729028110193	0.174254600213211
380.5171622390295	2.4378184600826134	0.1741429794024455
380.52142846396134	2.43756399721236	0.17403133818236466
380.52569473672474	2.4373095141960803	0.17391967654408438
380.52996105731995	2.4370550110296176	0.1738079944787261
380.53422742574776	2.4368004877087914	0.1736962919773949
380.53849384200845	2.4365459442294415	0.1735845690311999
380.5427603061029	2.4362913805873867	0.17347282563123523
380.5470268180312	2.4360367967784655	0.1733610617685991
380.5512933777943	2.4357821927984986	0.17324927743437613
380.55555998539256	2.435527568643321	0.17313747261965212
380.55982664082654	2.4352729243087525	0.1730256473155007
380.56409334409665	2.4350182597906294	0.17291380151299826
380.56836009520373	2.4347635750847676	0.172801935203206
380.5726268941479	2.4345088701870035	0.1726900483771892
380.5768937409301	2.434254145093154	0.17257814102599964
380.58116063555065	2.433999399799052	0.17246621314069016
380.5854275780101	2.4337446343005134	0.17235426471230145
380.58969456830897	2.4334898485933727	0.17224229573187685
380.5939616064479	2.4332350426734424	0.1721303061904446
380.59822869242737	2.432980216536556	0.17201829607903693
380.60249582624795	2.4327253701785283	0.1719062653886725
380.60676300791	2.432470503595188	0.17179421411037124
380.6110302374144	2.4322156167823468	0.17168214223513914
380.61529751476127	2.4319607097358413	0.17157004975398923
380.61956483995135	2.4317057824514845	0.17145793665791798
380.6238322129854	2.4314508349250894	0.17134580293791618
380.6280996338635	2.431195867152488	0.17123364858497897
380.63236710258667	2.4309408791294893	0.1711214735900846
380.63663461915496	2.4306858708519226	0.17100927794421558
380.64090218356927	2.4304321827641866	0.17091612391350186
380.64516979583004	2.430179400177451	0.1708361378321119
380.64943745593774	2.429926595713997	0.17075613774251874
380.6537051638929	2.4296737693679282	0.17067612363859463
380.65797291969625	2.429420921133321	0.17059609551420032
380.66224072334796	2.4291680510042806	0.17051605336320216
380.666508574849	2.4289151589748794	0.17043599717945285
380.6707764741996	2.4286622450392112	0.17035592695680904
380.6750444214005	2.4284093091913497	0.17027584268911755
380.6793124164519	2.428156351425385	0.17019574437022705
380.68358045935474	2.4279033717353835	0.17011563199397545
380.68784855010927	2.4276503701154297	0.17003550555420366
380.6921166887163	2.4273973465595886	0.16995536504474262
380.69638487517597	2.427144301061938	0.1698752104594243
380.7006531094893	2.4268912336165336	0.16979504179207083
380.7049213916564	2.426638144217456	0.1697148590365081
380.70918972167806	2.42638503285876	0.16963466218655132
380.7134580995547	2.4261318995345103	0.16955445123601567
380.71772652528693	2.425878744238762	0.16947422617870916
380.72199499887523	2.4256255669655786	0.16939398700844005
380.72626352032006	2.425372367709012	0.1693137337190095
380.7305320896222	2.4251191464631066	0.16923346630421285
380.73480070678204	2.4248659032219226	0.16915318475784716
380.73906937180004	2.4246126379794988	0.1690728890736998
380.7433380846768	2.4243593507298913	0.16899257924555985
380.7476068454131	2.424106041467128	0.1689122552672048
380.7518756540089	2.4238527101852667	0.16883191713241766
380.7561445104654	2.423599356878331	0.1687515648349678
380.7604134147826	2.42334598154037	0.16867119836862945
380.7646823669613	2.423092584165404	0.1685908177271638
380.768951367002	2.422839164747477	0.1685104229043371
380.7732204149053	2.4225857232806076	0.16843001389390355
380.77748951067167	2.422332259758832	0.1683495906896203
380.7817586543016	2.4220787741761645	0.16826915328523354
380.7860278457956	2.4218252665266395	0.16818870167449332
380.79029708515435	2.4215717368042666	0.16810823585113785
380.7945663723783	2.42131818500307	0.16802775580890716
380.79883570746813	2.4210646111170577	0.16794726154153225
380.8031050904241	2.420811015140252	0.1678667530427461
380.8073745212469	2.420557397066656	0.1677862303062717
380.8116439999371	2.420303756890285	0.16770569332583296
380.81591352649514	2.4200500946051373	0.16762514209514467
380.82018310092167	2.419796410205224	0.16754457660792263
380.8244527232172	2.4195427036845403	0.16746399685787466
380.82872239338207	2.419288975037093	0.16738340283870834
380.8329921114171	2.419035224256872	0.16730279454412234
380.83726187732276	2.418781451337871	0.16722217196781422
380.8415316910994	2.4185276562740907	0.16714153510347943
380.84580155274784	2.4182738390595095	0.1670608839448034
380.8500714622685	2.418019999688125	0.1669802184854744
380.8543414196618	2.417766138153917	0.16689953871917174
380.8586114249283	2.417512254450873	0.16681884463957358
380.86288147806874	2.417258348572965	0.16673813624035
380.86715157908344	2.4170044205141825	0.1666574135151729
380.8714217279731	2.4167504702684894	0.1665766764577033
380.875691924738	2.416496497829873	0.16649592506160588
380.87996216937904	2.4162425031922927	0.1664151593205334
380.8842324618963	2.4159884863497285	0.16633437922814143
380.8885028022909	2.4157344472961326	0.16625358477807345
380.8927731905628	2.4154803860254854	0.16617277596397884
380.897043626713	2.415226302531735	0.16609195277949287
380.9013141107417	2.4149721968088502	0.16601111521825465
380.90558464264967	2.414718068850782	0.1659302632738932
380.9098552224372	2.4144639186514976	0.16584939694004042
380.91412585010505	2.414209746204932	0.16576851621031405
380.9183965256537	2.41395555150505	0.16568762107833773
380.9226672490837	2.4137013345457907	0.165606711537724
380.9269380203954	2.4134470953211067	0.16552578758208614
380.93120883958954	2.4131928338249398	0.1654448492050304
380.9354797066667	2.4129385500512224	0.16536389640015692
380.9397506216273	2.4126842439939042	0.16528292916106746
380.94402158447195	2.4124299156469124	0.16520194748135397
380.948292595201	2.412175565004195	0.1651209513546109
380.9525636538153	2.4119211920596655	0.16503994077441886
380.956834760315	2.4116667968072676	0.164958915734364
380.961105914701	2.411412379240919	0.16487787622802152
380.96537711697357	2.4111579393545552	0.16479682224896833
380.96964836713346	2.410903477142084	0.16471575379076925
380.9739196651811	2.4106489925974386	0.16463467084699385
380.978191011117	2.4103944857145256	0.16455357341119956
380.9824624049417	2.410139956487273	0.16447246147694763
380.9867338466559	2.40988540490958	0.16439133503778608
380.99100533625983	2.40963083097537	0.16431019408726782
380.99527687375434	2.409376234678537	0.16422903861893248
380.99954845913976	2.409121616013	0.16414786862632452
381.00382009241673	2.4088669749726543	0.16406668410297726
381.00809177358565	2.408612311551409	0.16398548504242466
381.01236350264736	2.4083576257431503	0.1639042714381907
381.01663527960204	2.4081029175417887	0.1638230432838029
381.0209071044505	2.407848186941204	0.1637418005727758
381.02517897719304	2.407593433935304	0.1636605432986295
381.02945089783043	2.407338658517964	0.16357927145487006
381.033722866363	2.4070838606830804	0.1634979850350072
381.0379948827914	2.406829040424537	0.16341668403254242
381.04226694711616	2.406574197736208	0.16333536844097105
381.04653905933776	2.4063193326119823	0.16325403825379015
381.05081121945693	2.4060644450457263	0.1631726934644856
381.0550834274739	2.4058095350313327	0.16309133406654777
381.0593556833895	2.405554602562656	0.16300996005345217
381.06362798720403	2.4052996476335804	0.1629285714186799
381.06790033891815	2.4050446702379653	0.16284716815570063
381.07217273853246	2.4047896703696843	0.16276575025798498
381.0764451860474	2.404534648022589	0.16268431771899333
381.08071768146345	2.4042796031905533	0.1626028705321896
381.0849902247812	2.4040245358674284	0.1625214086910266
381.08926281600134	2.403769446047075	0.16243993218895683
381.0935354551242	2.4035143337233404	0.16235844101942554
381.0978081421503	2.403259198890084	0.16227693517587757
381.1020808770805	2.403004041541147	0.16219541465174867
381.10635365991493	2.4027488616703834	0.16211387944047514
381.1106264906543	2.402493659271632	0.16203232953548508
381.11489936929917	2.402238434338742	0.1619507649302063
381.11917229585003	2.401983186865542	0.16186918561805624
381.1234452703075	2.4017279168458794	0.1617875915924551
381.127718292672	2.401472624273583	0.16170598284681384
381.13199136294423	2.4012173091424915	0.16162435937454184
381.1362644811246	2.4009619714464248	0.1615427211690405
381.14053764721353	2.4007066111792246	0.16146106822371376
381.1448108612118	2.400451228334705	0.1613794005319532
381.14908412311985	2.40019582290669	0.1612977180871501
381.1533574329382	2.3999403948890072	0.16121602088269352
381.1576307906675	2.3996849442754637	0.16113430891196195
381.16190419630806	2.3994294710598885	0.16105258216833784
381.16617764986063	2.399173975236084	0.16097084064519107
381.17045115132555	2.3989184567978707	0.16088908433589433
381.1747247007036	2.3986629157390467	0.1608073132338089
381.17899829799507	2.398407352053428	0.1607255273322986
381.18327194320074	2.3981517657348106	0.1606437266247172
381.1875456363208	2.3978961567770023	0.16056191110441878
381.19181937735624	2.3976405251737978	0.1604800807647493
381.19609316630726	2.397384870918998	0.16039823559905314
381.20036700317456	2.3971291940063915	0.16031637560066753
381.20464088795853	2.3968734944297774	0.1602345007629292
381.2089148206599	2.3966177721829336	0.16015261107916462
381.21318880127905	2.396362027259661	0.16007070654270367
381.21746282981655	2.3961062596537364	0.15998878714686504
381.221736906273	2.3958504693589453	0.159906852884967
381.2260110306489	2.3955946563690595	0.15982490375031938
381.2302852029447	2.3953388206778734	0.15974293973623563
381.23455942316116	2.3950829622791407	0.15966096083601286
381.23883369129857	2.3948270811666545	0.15957896704295665
381.24310800735765	2.3945711773341665	0.15949695835035638
381.24738237133874	2.394315250775462	0.1594149347515078
381.25165678324254	2.3940593014842975	0.15933289623969438
381.25593124306965	2.393803329454431	0.15925084280819615
381.2602057508204	2.393547334679634	0.1591687744502937
381.26448030649556	2.3932913171536523	0.15908669115925628
381.2687549100953	2.393035276870259	0.15900459292835756
381.27302956162066	2.3927792138231863	0.1589224797508549
381.2773042610717	2.392523128006205	0.15884035162001423
381.28157900844934	2.3922670194130493	0.15875820852908595
381.28585380375387	2.3920108880374755	0.15867605047132408
381.2901286469859	2.3917547338732192	0.15859387743997222
381.294403538146	2.3914985569140286	0.15851168942827445
381.2986784772347	2.3912423571536374	0.15842948642946647
381.30295346425237	2.390986134585787	0.15834726843678246
381.30722849919994	2.3907298892042017	0.15826503544344822
381.31150358207753	2.3904736210026276	0.15818278744269199
381.31577871288584	2.3902173299747793	0.15810052442772857
381.32005389162543	2.3899610161144	0.1580182463917783
381.32432911829693	2.3897046794151966	0.15793595332804614
381.3286043929006	2.3894483198709042	0.15785364522974238
381.33287971543734	2.389191937475234	0.15777132209006595
381.33715508590734	2.3889355322219106	0.15768898390221628
381.34143050431146	2.388679104104637	0.1576066306593823
381.34570597064993	2.388422653117142	0.15752426235475747
381.3499814849235	2.3881661792531177	0.15744187898151965
381.3542570471326	2.3879096825062884	0.15735948053285334
381.3585326572777	2.3876531628703503	0.15727706700193045
381.36280831535964	2.387396620339001	0.1571946383819194
381.3670840213786	2.3871400549059505	0.1571121946659891
381.3713597753354	2.3868834665648886	0.15702973584729787
381.37563557723036	2.386626855309517	0.15694726191900468
381.37991142706426	2.3863702211335216	0.15686477287425873
381.3841873248373	2.3861135640306017	0.156782268706211
381.38846327055023	2.385856883994437	0.1566997494080016
381.39273926420367	2.385600181018718	0.15661721497277042
381.397015305798	2.3853434550971215	0.15653466539364957
381.4012913953338	2.3850867062233387	0.15645210066377171
381.40556753281163	2.3848299343910364	0.15636952077625796
381.4098437182319	2.3845731395939005	0.15628692572423192
381.4141199515955	2.3843163218255934	0.15620431550080546
381.4183962329025	2.384059481079799	0.15612169009909416
381.42267256215376	2.3838026173501703	0.15603904951219977
381.42694893934976	2.3835457306303875	0.15595639373322873
381.43122536449096	2.383288820914103	0.15587372275527459
381.43550183757793	2.3830318881949903	0.15579103657143473
381.43977835861136	2.3827749324666905	0.1557083351747916
381.44405492759137	2.3825179537228807	0.15562561855843512
381.448331544519	2.382260951957195	0.15554288671543884
381.4526082093944	2.3820039271632987	0.15546013963888158
381.4568849222184	2.3817468793348295	0.15537737732182944
381.4611616829913	2.381489808465444	0.1552945997573511
381.46543849171377	2.381232714548784	0.15521180693850664
381.46971534838633	2.380975597578482	0.15512899885834938
381.47399225300944	2.3807184575481877	0.1550461755099342
381.4782692055838	2.3804612944515293	0.1549633368863052
381.4825462061099	2.3802041082821477	0.15488048298050702
381.4868232545881	2.3799468990336696	0.1547976137855756
381.4911003510191	2.379724083991831	0.154724471121287
381.49537749540343	2.3795834658971655	0.154674589215133
381.4996546877416	2.379442841763797	0.1546247024674483
381.5039319280342	2.37930221159086	0.1545748108770416
381.50820921628167	2.3791615753775	0.15452491444272465
381.5124865524846	2.379020933122849	0.15447501316330461
381.5167639366435	2.3788802848260513	0.15442510703759246
381.521041368759	2.3787396304862396	0.15437519606439448
381.5253188488314	2.378598970102561	0.15432528024252204
381.5295963768616	2.3784583036741456	0.15427535957077934
381.53387395284983	2.3783176312001357	0.15422543404797573
381.5381515767968	2.3781769526796674	0.154175503672917
381.54242924870294	2.378036268111883	0.1541255684444117
381.54670696856886	2.3778955774959143	0.15407562836126287
381.550984736395	2.377754880830905	0.15402568342227882
381.5552625521821	2.377614178115984	0.15397573362626193
381.5595404159304	2.3774734693502997	0.1539257789720201
381.56381832764083	2.377332754532979	0.1538758194583549
381.56809628731367	2.3771920336631664	0.15382585508407223
381.5723742949493	2.377051306739997	0.1537758858479752
381.5766523505487	2.376910573762603	0.15372591174886527
381.5809304541119	2.3767698347301276	0.1536759327855477
381.5852086056399	2.3766290896417024	0.15362594895682244
381.5894868051329	2.376488338496466	0.15357596026149284
381.5937650525917	2.3763475812935533	0.1535259666983592
381.5980433480165	2.3762068180321028	0.15347596826622395
381.6023216914083	2.376066048711245	0.15342596496388533
381.6066000827672	2.3759252733301226	0.15337595679014618
381.6108785220941	2.375784491887865	0.15332594374380396
381.61515700938924	2.375643704383614	0.1532759258236599
381.6194355446533	2.3755029108164973	0.15322590302851066
381.6237141278868	2.375362111185658	0.15317587535715735
381.6279927590903	2.375221305490223	0.15312584280839509
381.63227143826424	2.3750804937293344	0.15307580538102417
381.63655016540935	2.374939675902121	0.15302576307383947
381.64082894052586	2.3747988520077246	0.15297571588564035
381.6451077636147	2.374658022045269	0.15292566381521974
381.649386634676	2.3745171860139003	0.15287560686137733
381.65366555371065	2.3743763439127425	0.15282554502290516
381.657944520719	2.3742354957409373	0.15277547829860091
381.6622235357017	2.3740946414976114	0.15272540668725695
381.66650259865906	2.3739537811819043	0.1526753301876696
381.67078170959184	2.373812914792949	0.15262524879863207
381.67506086850057	2.3736720423298734	0.1525751625189362
381.67934007538554	2.373531163791819	0.15252507134737747
381.68361933024767	2.37339027917791	0.15247497528274565
381.68789863308723	2.3732493884872867	0.1524248743238353
381.6921779839049	2.3731084917190746	0.15237476846943532
381.69645738270106	2.3729675888724167	0.15232465771834072
381.70073682947645	2.3728266799464337	0.1522745420693383
381.7050163242314	2.3726857649402677	0.15222442152122162
381.70929586696656	2.372544843853044	0.15217429607277844
381.7135754576825	2.3724039166838984	0.1521241657227996
381.7178550963797	2.372262983431961	0.15207403047007326
381.7221347830586	2.372122044096366	0.15202389031338945
381.72641451772	2.3719810986762417	0.15197374525153476
381.73069430036423	2.3718401471707224	0.15192359528329852
381.7349741309919	2.371699189578936	0.1518734404074663
381.73925400960337	2.3715582259000194	0.15182328062282793
381.7435339361996	2.3714172561330975	0.15177311592816678
381.7478139107806	2.3712762802773053	0.15172294632227126
381.75209393334734	2.3711352983317697	0.15167277180392522
381.75637400390013	2.3709943102956244	0.15162259237191544
381.76065412243963	2.370853316167998	0.15157240802502558
381.76493428896623	2.370712315948024	0.15152221876204156
381.76921450348067	2.3705713096348275	0.15147202458174563
381.77349476598323	2.3704302972275437	0.1514218254829227
381.77777507647465	2.3702892787253003	0.15137162146435557
381.78205543495545	2.3701482541272223	0.15132141252482514
381.7863358414261	2.370007223432447	0.1512711986631164
381.7906162958872	2.3698661866400976	0.15122097987800878
381.79489679833915	2.36972514374931	0.1511707561682864
381.79917734878273	2.369584094759204	0.15112052753272673
381.8034579472182	2.369443039668918	0.15107029397011346
381.8077385936464	2.3693019784775733	0.1510200554792245
381.8120192880676	2.369160911184304	0.15096981205884083
381.81630003048247	2.3690198377882346	0.1509195637077407
381.8205808208915	2.3688787582884974	0.15086931042470436
381.8248616592953	2.3687376726842153	0.15081905220850783
381.8291425456943	2.3685965809745224	0.15076878905793176
381.83342348008915	2.3684554831585407	0.15071852097175134
381.83770446248025	2.368314379235406	0.15066824794874625
381.84198549286833	2.3681732692042354	0.15061796998768973
381.84626657125375	2.3680321530641657	0.15056768708736115
381.8505476976372	2.367891030814316	0.15051739924653343
381.854828872019	2.367749902453823	0.1504671064639852
381.8591100943999	2.3676087679818036	0.15041680873848784
381.86339136478034	2.3674676273973936	0.15036650606881904
381.867672683161	2.3673264806997123	0.15031619845375
381.8719540495421	2.367185327887891	0.1502658858920563
381.8762354639246	2.367044168961054	0.15021556838251018
381.8805169263086	2.366903003918331	0.15016524592388575
381.88479843669495	2.3667618327588444	0.15011491851495354
381.8890799950841	2.3666206554817193	0.1500645861544858
381.8933616014766	2.366479472086085	0.1500142488412546
381.89764325587294	2.3663382825710637	0.14996390657402997
381.90192495827364	2.3661970869357867	0.1499135593515845
381.90620670867946	2.3660558851793714	0.1498632071726854
381.9104885070906	2.3659146773009505	0.14981285003610506
381.9147703535078	2.365773463299642	0.1497624879406104
381.9190522479315	2.3656322431745798	0.14971212088497293
381.9233341903624	2.365491016924879	0.14966174886795813
381.9276161808009	2.365349784549672	0.14961137188833667
381.9318982192476	2.3652085460480765	0.149560989944873
381.9361803057029	2.3650673014192245	0.14951060303633756
381.94046244016766	2.3649260506622323	0.14946021116149416
381.944744622642	2.364784793776232	0.14940981431911157
381.9490268531268	2.3646435307603397	0.1493594125079526
381.9533091316224	2.3645022616136853	0.14930900572678538
381.95759145812946	2.3643609863353867	0.1492585939743724
381.9618738326484	2.364219704924575	0.14920817724948082
381.96615625517984	2.3640784173803655	0.14915775555087174
381.9704387257243	2.363937123701888	0.14910732887731137
381.9747212442824	2.363795823888258	0.14905689722755996
381.97900381085446	2.3636545179386075	0.14900646060038353
381.98328642544124	2.3635132058520516	0.1489560189945413
381.9875690880432	2.3633718876277174	0.14890557240879723
381.9918517986607	2.3632305632647275	0.14885512084191224
381.9961345572946	2.3630892327621997	0.1488046642926463
382.00041736394525	2.3629478961192616	0.1487542027597612
382.0047002186134	2.3628065533350275	0.14870373624201477
382.00898312129914	2.3626652044086294	0.14865326473816995
382.0132660720035	2.3625238493391807	0.14860278824698298
382.01754907072666	2.362382488125808	0.1485523067672146
382.02183211746933	2.3622411207676284	0.14850182029762155
382.026115212232	2.3620997472637693	0.14845132883696355
382.03039835501534	2.361958367613343	0.1484008323839953
382.0346815458196	2.36181698181548	0.14835033093747693
382.03896478464566	2.361675589869293	0.1482998244961621
382.04324807149374	2.36153419177391	0.14824931305880962
382.04753140636467	2.3613927875284446	0.1481987966241728
382.05181478925874	2.3612513771320223	0.14814827519100818
382.0560982201767	2.3611099605837595	0.14809774875806964
382.0603816991189	2.36096853788278	0.14804721732411286
382.064665226086	2.3608271090282	0.14799668088789
382.0689488010784	2.3606856740191438	0.14794613944815663
382.07323242409694	2.360544232854724	0.14789559300366278
382.0775160951418	2.3604027855340686	0.14784504155316427
382.08179981421375	2.3602613320562886	0.14779448509541038
382.08608358131323	2.3601198724205115	0.14774392362915534
382.09036739644085	2.359978406625849	0.1476933571531481
382.09465125959696	2.359836934671426	0.1476427856661415
382.09893517078234	2.359695456556357	0.14759220916688423
382.10321912999746	2.3595539722797607	0.14754162765412626
382.1075031372427	2.359412481840759	0.1474910411266186
382.1117871925189	2.3592709852384646	0.14744044958310787
382.1160712958263	2.3591294824720013	0.14738985302234464
382.1203554471657	2.3589879735404815	0.14733925144307541
382.12463964653733	2.3588464584430318	0.1472886448440505
382.12892389394204	2.358704937178759	0.14723803322401352
382.1332081893801	2.35856340974679	0.14718741658171466
382.1374925328523	2.3584218761462346	0.14713679491589718
382.141776924359	2.3582803363762164	0.14708616822530973
382.1460613639008	2.3581387904358477	0.14703553650869539
382.1503458514782	2.35799723832425	0.14698489976480122
382.1546303870918	2.3578556800405353	0.1469342579923701
382.15891497074216	2.3577141155838244	0.14688361119014753
382.16319960242976	2.3575725449532277	0.14683295935687485
382.16748428215504	2.357430968147871	0.1467823024912985
382.1717690099188	2.357289385166862	0.14673164059215835
382.1760537857213	2.357147796009324	0.14668097365819943
382.18033860956325	2.3570062006743653	0.14663030168816055
382.18462348144516	2.356864599161107	0.1465796246807853
382.1889084013675	2.356722991468661	0.14652894263481347
382.1931933693308	2.356581377596148	0.14647825554898708
382.19747838533584	2.3564397575426765	0.1464275634220438
382.20176344938284	2.3562981313073688	0.146376866252726
382.2060485614725	2.3561564988893373	0.14632616403977172
382.2103337216053	2.3560148602876927	0.14627545678191797
382.2146189297818	2.355873215501556	0.14622474447790576
382.21890418600265	2.3557315645300356	0.14617402712647057
382.2231894902683	2.3555899073722526	0.14612330472635177
382.22747484257917	2.3554482440273143	0.146072577276284
382.231760242936	2.355306574494342	0.14602184477500643
382.2360456913393	2.3551648987724416	0.14597110722125206
382.24033118778937	2.3550232168607366	0.14592036461375982
382.24461673228706	2.3548815287583302	0.14586961695126124
382.2489023248327	2.3547398344643455	0.14581886423249424
382.2531879654269	2.354598133977889	0.14576810645619082
382.2574736540701	2.3544564272980804	0.14571734362108668
382.26175939076313	2.3543147144240244	0.14566657572591218
382.26604517550624	2.3541729953548423	0.1456158027694036
382.2703310083001	2.35403127008964	0.14556502475029026
382.27461688914514	2.353889538627537	0.1455142416673069
382.27890281804207	2.3537478009676374	0.145463453519182
382.28318879499125	2.3536060571090625	0.14541266030464994
382.28747481999335	2.353464307050918	0.14536186202243834
382.2917608930488	2.3533225507923192	0.1453110586712794
382.2960470141583	2.3531807883323754	0.1452602502499011
382.3003331833222	2.353039019670203	0.14520943675703477
382.3046194005412	2.352897244804906	0.14515861819140619
382.30890566581564	2.3527554637356065	0.14510779455174763
382.3131919791462	2.352613676461407	0.14505696583678399
382.3174783405335	2.3524718829814204	0.14500613204524293
382.32176474997794	2.352330083294761	0.14495529317585276
382.32605120748013	2.3521882774005354	0.14490444922733833
382.3303377130405	2.3520464652978577	0.14485360019842708
382.3346242666597	2.351904646985836	0.14480274608784355
382.3389108683383	2.3517628224635825	0.1447518868943137
382.3431975180767	2.3516209917302064	0.14470102261656176
382.34748421587545	2.3514791547848204	0.14465015325331276
382.3517709617353	2.351337311626528	0.1445992788032881
382.3560577556566	2.3511954622544478	0.14454839926521446
382.36034459763994	2.3510536066676817	0.14449751463781169
382.3646314876858	2.3509117448653463	0.14444662491980492
382.36891842579485	2.350769876846543	0.14439573010991313
382.3732054119674	2.350628002610391	0.14434483020686106
382.37749244620426	2.350486122155988	0.14429392520936624
382.38177952850566	2.3503442354824533	0.14424301511615248
382.38606665887255	2.350202342588887	0.144192099925937
382.3903538373051	2.3500604434744052	0.1441411796374421
382.39464106380416	2.34991853813811	0.14409025424938468
382.3989283383699	2.3497766265791173	0.14403932376048606
382.4032156610032	2.3496347087965255	0.14398838816946105
382.40750303170427	2.349492784789453	0.1439374474750314
382.411790450474	2.349350854557	0.14388650167591144
382.4160779173127	2.349208918098277	0.1438355507708189
382.42036543222093	2.3490669754123927	0.14378459475847108
382.4246529951995	2.3489250264984505	0.14373363363758224
382.4289406062485	2.3487830713555633	0.14368266740686989
382.4332282653688	2.3486411099828337	0.14363169606504747
382.43751597256073	2.3484991423793726	0.14358071961083096
382.441803727825	2.348357168544282	0.14352973804293284
382.44609153116204	2.348215188476675	0.1434787513600688
382.4503793825725	2.3480732021756503	0.1434277595609498
382.4546672820568	2.3479323876893603	0.14339605302778485
382.4589552296156	2.3477926580376645	0.14338221686478084
382.4632432252492	2.3476529216480775	0.1433683797170482
382.46753126895845	2.3475131785193755	0.1433545415843629
382.4718193607436	2.3473734286503487	0.14334070246650207
382.4761075006055	2.347233672039771	0.14332686236324133
382.4803956885444	2.347093908686433	0.14331302127435755
382.484683924561	2.346954138589107	0.14329917919962623
382.48897220865575	2.346814361746584	0.14328533613882435
382.4932605408294	2.346674578157637	0.14327149209172713
382.4975489210821	2.346534787821054	0.14325764705811128
382.5018373494148	2.3463949907356065	0.1432438010377519
382.50612582582767	2.3462551869000845	0.14322995403042563
382.5104143503216	2.3461153763132594	0.14321610603590743
382.51470292289684	2.3459755589739153	0.14320225705397352
382.5189915435541	2.345835734880829	0.14318840708439917
382.5232802122938	2.345695904032778	0.14317455612695976
382.5275689291166	2.3455560664285433	0.14316070418143106
382.5318576940231	2.3454162220668993	0.14314685124758794
382.5361465070136	2.345276370946631	0.14313299732520637
382.5404353680889	2.345136513066504	0.1431191424140607
382.5447242772492	2.344996648425306	0.1431052865139268
382.5490132344955	2.344856777021805	0.14309142962457888
382.5533022398279	2.344716898854784	0.14307757174579264
382.5575912932471	2.3445770139230127	0.14306371287734235
382.5618803947537	2.344437122225274	0.14304985301900344
382.5661695443483	2.344297223760335	0.1430359921705499
382.57045874203124	2.3441573185269773	0.14302213033175704
382.5747479878032	2.3440174065239696	0.1430082675023988
382.5790372816646	2.3438774877500888	0.1429944036822501
382.58332662361624	2.3437375622041086	0.14298053887108508
382.5876160136583	2.3435976298848025	0.14296667306867816
382.5919054517916	2.3434576907909417	0.14295280627480347
382.59619493801654	2.343317744921301	0.14293893848923542
382.60048447233373	2.3431777922746506	0.14292506971174773
382.6047740547436	2.3430378328497654	0.14291119994211485
382.6090636852468	2.3428978666454134	0.14289732918011017
382.61335336384377	2.342757893660371	0.1428834574255081
382.6176430905353	2.3426179138934002	0.14286958467808167
382.62193286532147	2.3424779273432836	0.14285571093760557
382.62622268820326	2.3423379340087824	0.1428418362038526
382.63051255918106	2.3421979338886656	0.14282796047659618
382.63480247825527	2.3420579269817123	0.14281408375561064
382.6390924454267	2.3419179132866788	0.14280020604066823
382.6433824606956	2.3417778928023454	0.14278632733154334
382.6476725240627	2.341637865527471	0.14277244762800814
382.6519626355285	2.3414978314608326	0.14275856692983666
382.65625279509356	2.3413577906011906	0.14274468523680134
382.66054300275835	2.341217742947318	0.1427308025486755
382.6648332585234	2.3410776884979754	0.14271691886523172
382.66912356238925	2.340937627251938	0.14270303418624333
382.6734139143566	2.340797559207964	0.14268914851148237
382.6777043144258	2.340657484364825	0.14267526184072202
382.6819947625976	2.340517402721281	0.14266137417373445
382.68628525887215	2.3403773142761057	0.14264748551029277
382.69057580325045	2.340237219028053	0.1426335958501686
382.6948663957327	2.3400971169758997	0.14261970519313516
382.69915703631966	2.339957008118398	0.1426058135389636
382.7034477250117	2.3398168924543215	0.14259192088742728
382.7077384618095	2.339676769982427	0.14257802723829735
382.7120292467135	2.3395366407014846	0.14256413259134665
382.71632007972437	2.3393965046102485	0.14255023694634625
382.7206109608424	2.339256361707487	0.1425363403030686
382.7249018900684	2.3391162119919593	0.1425224426612852
382.7291928674027	2.3389760554624313	0.14250854402076807
382.7334838928459	2.3388358921176606	0.1424946443812886
382.7377749663987	2.338695721956408	0.14248074374261815
382.7420660880614	2.3385555449774373	0.14246684210452862
382.74635725783475	2.338415361179503	0.14245293946679066
382.7506484757191	2.3382751705613742	0.14243903582917658
382.7549397417152	2.3381349731218	0.14242513119145653
382.75923105582336	2.337994768859549	0.14241122555340263
382.7635224180443	2.337854557773372	0.14239731891478505
382.7678138283784	2.3377143398620355	0.1423834112753755
382.77210528682645	2.33757411512429	0.1423695026349443
382.7763967933886	2.3374338835589	0.14235559299326278
382.78068834806584	2.3372936451646167	0.14234168235010103
382.7849799508583	2.3371533999402034	0.14232777070523045
382.78927160176687	2.3370131478844116	0.142313858058421
382.7935633007918	2.3368728889960027	0.14229994440944368
382.7978550479338	2.336732623273727	0.14228602975806828
382.80214684319344	2.336592350716346	0.14227211410406596
382.806438686571	2.336452071322611	0.14225819744720616
382.81073057806736	2.336311785091279	0.1422442797872596
382.81502251768285	2.3361714920211023	0.14223036112399595
382.819314505418	2.3360311921108394	0.14221644145718565
382.82360654127353	2.335890885359237	0.14220252078659804
382.82789862524976	2.3357505717650584	0.14218859911200382
382.83219075734746	2.3356102513270467	0.14217467643317178
382.83648293756687	2.335469924043964	0.1421607527498725
382.8407751659087	2.3353295899145574	0.14214682806187515
382.8450674423736	2.335189248937577	0.14213290236894896
382.8493597669619	2.3350489011117816	0.142118975670864
382.8536521396744	2.3349085464359143	0.142105047967389
382.8579445605113	2.334768184908735	0.14209111925829399
382.86223702947353	2.3346278165289847	0.14207718954334728
382.86652954656114	2.334487441295423	0.14206325882231885
382.87082211177517	2.334347059206792	0.1420493270949769
382.8751147251158	2.334206670261848	0.1420353943610912
382.87940738658375	2.3340662744593343	0.1420214606204299
382.8837000961795	2.3339258717980047	0.14200752587276239
382.8879928539037	2.333785462276604	0.14199359011785695
382.8922856597566	2.3336450458938853	0.1419796533554827
382.89657851373914	2.333504622648589	0.14196571558540738
382.9008714158515	2.3333641925394693	0.1419517768074003
382.90516436609454	2.333223755565269	0.14193783702122925
382.9094573644684	2.3330833117247396	0.14192389622666313
382.91375041097405	2.3329428610166203	0.1419099544234694
382.91804350561176	2.332802403439664	0.1418960116114169
382.9223366483822	2.33266193899261	0.141882067790273
382.92662983928574	2.332521467674211	0.14186812295980653
382.93092307832313	2.332380989483206	0.1418541771197846
382.9352163654947	2.332240504418344	0.1418402302699757
382.93950970080124	2.3321000124783624	0.1418262824101467
382.94380308424303	2.3319595136620137	0.14181233354006614
382.9480965158207	2.331819007968037	0.14179838365950131
382.9523899955349	2.331678495395173	0.14178443276821928
382.956683523386	2.3315379759421684	0.14177048086598792
382.9609770993748	2.3313974496077616	0.14175652795257415
382.96527072350153	2.3312569163907004	0.14174257402774573
382.96956439576707	2.3311163762897196	0.14172861909126927
382.97385811617147	2.330975829303568	0.14171466314291245
382.9781518847157	2.3308352754309807	0.14170070618244165
382.9824457014001	2.330694714670701	0.1416867482096243
382.9867395662253	2.3305541470214677	0.14167278922422671
382.9910334791918	2.330413572482023	0.14165882922601622
382.99532744030023	2.330272991051101	0.14164486821475872
382.99962144955094	2.3301324027274473	0.14163090619022167
383.00391550694474	2.3299918075097956	0.14161694315217077
383.0082096124817	2.3298512053968907	0.14160297910037326
383.012503766163	2.3297105963874625	0.1415890140345946
383.01679796798857	2.329569980480256	0.14157504795460185
383.0210922179594	2.3294293576740026	0.1415610808601605
383.02538651607574	2.3292887279674446	0.1415471127510372
383.0296808623383	2.3291480913593117	0.14153314362699734
383.0339752567475	2.3290074478483485	0.14151917348780751
383.0382696993041	2.3288667974332835	0.14150520233323294
383.04256419000836	2.3287261401128583	0.14149123016304
383.04685872886097	2.328585475885805	0.14147725697699398
383.05115331586245	2.328444804750855	0.14146328277486023
383.05544795101326	2.3283041267067484	0.1414493075564048
383.05974263431415	2.3281634417522152	0.14143533132139266
383.0640373657654	2.328022749885994	0.14142135406958967
383.06833214536783	2.32788205110681	0.14140737580076035
383.07262697312166	2.327741345413406	0.1413933965146707
383.07692184902766	2.3276006328045056	0.14137941621108505
383.0812167730862	2.3274599132788487	0.14136543488976908
383.08551174529816	2.3273191868351586	0.14135145255048698
383.0898067656636	2.327178453472176	0.14133746919300455
383.09410183418345	2.327037713188624	0.14132348481708554
383.098396950858	2.3268969659832406	0.14130949942249554
383.10269211568794	2.326756211854748	0.14129551300899826
383.10698732867377	2.326615450801884	0.14128152557635887
383.111282589816	2.326474682823373	0.14126753712434145
383.1155778991152	2.3263339079179484	0.14125354765271067
383.11987325657196	2.326193126084334	0.14123955716123038
383.1241686621866	2.3260523373212645	0.14122556564966526
383.12846411596	2.325911541627461	0.14121157311777874
383.1327596178925	2.3257707390016584	0.1411975795653354
383.1370551679846	2.3256299294425777	0.14118358499209874
383.1413507662369	2.325489112948952	0.14116958939783314
383.14564641264997	2.325348289519502	0.14115559278230175
383.1499421072242	2.3252074591529612	0.1411415951452689
383.15423784996034	2.3250666218480496	0.14112759648649756
383.1585336408589	2.324925777603492	0.1411135968057513
383.1628294799202	2.3247849264180203	0.14109959610279416
383.1671253671451	2.3246440682903513	0.14108559437738852
383.171421302534	2.324503203219216	0.14107159162929853
383.1757172860873	2.3243623312033326	0.14105758785828662
383.18001331780573	2.3242214522414324	0.1410435830641166
383.18430939768973	2.3240805663322317	0.1410295772465509
383.18860552573983	2.3239396734744577	0.14101557040535279
383.19290170195677	2.3237987736668306	0.14100156254028473
383.1971979263407	2.3236578669080754	0.14098755365111001
383.20149419889265	2.323516953196909	0.14097354373759052
383.2057905196127	2.323376032532059	0.14095953279948967
383.2100868885017	2.3232351049122424	0.14094552083656944
383.21438330556003	2.323094170336184	0.1409315078485926
383.2186797707883	2.3229532288025974	0.1409174938353209
383.222976284187	2.3228122803102105	0.14090347879651724
383.2272728457567	2.322671324857736	0.14088946273194325
383.23156945549795	2.322530362443899	0.14087544564136148
383.2358661134113	2.322389393067414	0.14086142752453346
383.24016281949724	2.322248416727003	0.14084740838122145
383.2444595737564	2.3221074334213814	0.14083338821118713
383.24875637618925	2.3219664431492695	0.14081936701419223
383.25305322679634	2.3218254459093814	0.14080534478999823
383.25735012557817	2.3216844417004396	0.14079132153836724
383.26164707253525	2.321543430521156	0.1407772972590603
383.26594406766833	2.321402412370247	0.1407632719518386
383.27024111097774	2.3212613872464307	0.1407492456164639
383.27453820246416	2.3211203551484205	0.1407352182526971
383.278835342128	2.3209793160749355	0.1407211898602998
383.2831325299699	2.320838270024684	0.1407071604390323
383.2874297659902	2.3206972169963898	0.14069312998865657
383.2917270501899	2.3205561569887565	0.14067909850893245
383.29602438256904	2.320415090000506	0.14066506599962153
383.3003217631285	2.320274016030346	0.14065103246048397
383.3046191918685	2.3201329350769955	0.14063699789128106
383.30891666878995	2.3199918471391605	0.14062296229177268
383.31321419389303	2.3198507522155594	0.14060892566171979
383.3175117671786	2.319709650304897	0.14059488800088213
383.32180938864695	2.3195685414058924	0.14058084930902082
383.3261070582988	2.31942742551725	0.14056680958589532
383.3304047761345	2.3192863026376864	0.14055276883126638
383.33470254215484	2.319145172765906	0.14053872704489329
383.33900035636015	2.3190040359006248	0.14052468422653683
383.3432982187511	2.318862892040545	0.14051064037595604
383.3475961293281	2.318721741184385	0.14049659549291152
383.3518940880919	2.3185805833308453	0.14048254957716222
383.3561920950427	2.318439418478642	0.14046850262846844
383.3604901501815	2.3182982466264743	0.14045445464658893
383.3647882535083	2.31815706777306	0.140440405631284
383.36908640502406	2.318015881917099	0.1404263555823123
383.37338460472927	2.317874689057297	0.14041230449943304
383.3776828526243	2.3177334891923693	0.1403982523824061
383.38198114870977	2.3175922823210127	0.14038419923098977
383.3862794929862	2.3174510684419403	0.14037014504494377
383.39057788545426	2.317309847553852	0.14035608982402636
383.3948763261143	2.3171686196554573	0.14034203356799696
383.399174814967	2.317027384745456	0.14032797627661367
383.40347335201284	2.3168861428225584	0.14031391794963588
383.40777193725233	2.3167448938854625	0.14029985858682148
383.41207057068607	2.316603637932878	0.14028579818792955
383.4163692523146	2.3164623749635003	0.1402717367527179
383.42066798213847	2.3163211049760406	0.14025767428094552
383.4249667601582	2.316179827969193	0.14024361077236977
383.42926558637424	2.316038543941669	0.14022954622674982
383.4335644607873	2.3158972528921615	0.1402154806438428
383.4378633833977	2.31575595481938	0.14020141402340738
383.4421623542063	2.315614649722017	0.14018734636520097
383.44646137321325	2.3154733375987795	0.1401732776689816
383.45076044041946	2.3153320184483626	0.14015920793450673
383.4550595558252	2.315190692269471	0.14014513716153443
383.45935871943124	2.3150493590607994	0.14013106534982164
383.46365793123783	2.3149080188210522	0.14011699249912646
383.4679571912458	2.3147666715489215	0.14010291860920557
383.4722564994554	2.314625317243113	0.140088843679817
383.47655585586745	2.3144839559023205	0.14007476771071742
383.4808552604824	2.314342587525239	0.14006069070166385
383.4851547133007	2.31420121211057	0.14004661265241372
383.48945421432296	2.314059829657006	0.1400325335627234
383.4937537635497	2.313918440163251	0.1400184534323505
383.4980533609816	2.3137770436279896	0.1400043722610508
383.50235300661893	2.3136356400499296	0.13999029004858202
383.50665270046255	2.3134942294277554	0.13997620679469977
383.51095244251263	2.3133528117601716	0.13996212249916143
383.51525223277014	2.313211387045862	0.13994803716172247
383.5195520712351	2.3130699552835328	0.13993395078214013
383.5238519579086	2.312928516471866	0.13991986336016984
383.5281518927908	2.312787070609564	0.13990577489556835
383.53245187588243	2.3126456176953134	0.13989168538809132
383.5367519071839	2.312504157727812	0.13987759483749507
383.5410519866959	2.312362690705746	0.13986350324353497
383.54535211441873	2.312221216627814	0.13984941060596742
383.54965229035315	2.3120797354927025	0.1398353169245476
383.5539525144996	2.3119382472991057	0.1398212221990316
383.55825278685876	2.311796752045708	0.1398071264291742
383.56255310743103	2.3116552497312095	0.13979302961473186
383.56685347621703	2.311513740354291	0.13977893175545902
383.57115389321706	2.3113722239136494	0.13976483285111174
383.575454358432	2.311230700407966	0.13975073290144432
383.57975487186224	2.3110891698359364	0.13973663190621266
383.58405543350835	2.310947632196246	0.13972252986517142
383.5883560433708	2.3108060874875807	0.13970842677807518
383.5926567014501	2.3106645357086344	0.13969432264467954
383.5969574077471	2.3105229768580866	0.13968021746473838
383.6012581622619	2.3103814109346295	0.13966611123800698
383.6055589649954	2.310239837936946	0.13965200396423957
383.6098598159479	2.3100982578637255	0.13963789564319082
383.61416071512014	2.3099566707136496	0.13962378627461483
383.6184616625124	2.3098150764854095	0.13960967585826645
383.6227626581254	2.309673475177684	0.13959556439389922
383.6270637019597	2.3095318667891624	0.1395814518812679
383.63136479401584	2.309390251318523	0.13956733832012574
383.63566593429425	2.309248628764457	0.13955322371022752
383.6399671227955	2.3091069991256408	0.13953910805132644
383.64426835952014	2.3089653624007633	0.1395249913431768
383.648569644469	2.3088237185885	0.13951087358553166
383.65287097764207	2.308682067687541	0.13949675477814535
383.6571723590403	2.3085404096965614	0.1394826349207707
383.66147378866407	2.3083987446142484	0.13946851401316163
383.665775266514	2.3082570724392766	0.13945439205507085
383.67007679259046	2.308115393170334	0.13944026904625237
383.6743783668943	2.3079737068060937	0.1394261449864587
383.67867998942586	2.307832013345242	0.13941201987544338
383.6829816601856	2.307690312786453	0.13939789371295894
383.6872833791743	2.3075486051284066	0.13938376649875836
383.69158514639224	2.3074068903697875	0.13936963823259488
383.69588696184013	2.307265168509265	0.13935550891422044
383.70018882551847	2.307123439545523	0.1393413785433882
383.70449073742776	2.306981703477236	0.13932724711985042
383.7087926975686	2.306839960303085	0.13931311464335985
383.71309470594156	2.3066982100217417	0.13929898111366845
383.717396762547	2.306556452631887	0.13928484653052878
383.7216988673857	2.306414688132194	0.13927071089369272
383.72600102045806	2.3062729165213414	0.13925657420291274
383.7303032217647	2.306131137797998	0.1392424364579402
383.734605471306	2.3059893519608465	0.1392282976585277
383.7389077690828	2.3058475590085545	0.13921415780442645
383.7432101150953	2.3057057589398036	0.13920001689538883
383.74751250934423	2.305566481499674	0.13922777298742206
383.75181495183	2.3054276733957253	0.13926340649507216
383.75611744255343	2.3052888593276677	0.13929904434876217
383.7604199815147	2.305150039294685	0.13933468654960446
383.76472256871466	2.3050112132959404	0.13937033309871752
383.7690252041537	2.304872381330615	0.139405983997215
383.7733278878323	2.304733543397878	0.13944163924621442
383.77763061975116	2.304594699496905	0.13947729884683185
383.78193339991077	2.3044558496268666	0.13951296280018524
383.7862362283115	2.3043169937869408	0.13954863110739063
383.79053910495406	2.3041781319762973	0.13958430376956665
383.79484202983906	2.3040392641941048	0.13961998078783291
383.7991450029668	2.3039003904395443	0.1396556621633057
383.8034480243382	2.3037615107117793	0.13969134789710663
383.80775109395336	2.303622625009992	0.13972703799035247
383.8120542118132	2.3034837333333433	0.13976273244416604
383.8163573779179	2.303344835681017	0.13979843125966485
383.8206605922683	2.303205932052176	0.13983413443797166
383.82496385486473	2.3030670224459993	0.13986984198020574
383.829267165708	2.302928106861651	0.13990555388749054
383.8335705247983	2.302789185298312	0.1399412701609457
383.8378739321365	2.302650257755143	0.139976990801696
383.842177387723	2.3025113242313253	0.1400127158108617
383.84648089155826	2.3023723847260236	0.14004844518956758
383.85078444364285	2.302233439238414	0.1400841789389357
383.8550880439774	2.302094487767661	0.1401199170600915
383.8593916925624	2.301955530312942	0.1401556595541578
383.86369538939846	2.3018165668734225	0.1401914064222605
383.8679991344859	2.30167759744828	0.1402271576655228
383.8723029278257	2.3015386220366754	0.14026291328507262
383.8766067694179	2.3013996406377886	0.1402986732820335
383.88091065926335	2.301260653250782	0.14033443765753342
383.8852145973624	2.301121659874831	0.14037020641269796
383.88951858371587	2.300982660509102	0.14040597954865494
383.8938226183239	2.3008436551527685	0.1404417570665309
383.8981267011874	2.300704643804999	0.1404775389674539
383.9024308323067	2.3005656264649605	0.1405133252525531
383.90673501168243	2.300426603131826	0.14054911592295607
383.91103923931513	2.30028757380476	0.1405849109797931
383.91534351520534	2.3001485384829374	0.14062071042419216
383.9196478393536	2.3000094971655223	0.14065651425728443
383.92395221176037	2.2998704498516895	0.1406923224801986
383.92825663242627	2.2997313965406003	0.1407281350940675
383.93256110135184	2.299592337231431	0.14076395210001988
383.9368656185377	2.2994532719233427	0.14079977349918926
383.9411701839841	2.299314200615511	0.14083559929270567
383.9454747976919	2.2991751233070987	0.14087142948170295
383.94977945966144	2.29903603999728	0.14090726406731202
383.95408416989346	2.2988969506852146	0.14094310305066793
383.9583889283883	2.2987578553700776	0.14097894643290276
383.9626937351466	2.298618754051032	0.14101479421515123
383.9669985901688	2.298479646727251	0.1410506463985465
383.9713034934557	2.2983405333978943	0.14108650298422498
383.97560844500754	2.2982014140621376	0.14112236397331987
383.979913444825	2.2980622887191426	0.14115822936696787
383.9842184929086	2.2979231573680794	0.14119409916630435
383.988523589259	2.297784020008111	0.14122997337246634
383.9928287338765	2.297644876638411	0.14126585198658914
383.9971339267618	2.2975057272581396	0.1413017350098115
384.0014391679154	2.297366571866468	0.14133762244326947
384.0057444573378	2.297227410462562	0.1413735142881014
384.0100497950298	2.2970882430455823	0.14140941054544712
384.0143551809915	2.2969490696147052	0.1414453112164427
384.01866061522384	2.2968098901690865	0.1414812163022298
384.022966097727	2.2966707047079007	0.141517125803946
384.02727162850204	2.2965315132303057	0.141553039722733
384.0315772075489	2.2963923157354755	0.14158895805972924
384.0358828348685	2.2962531122225696	0.14162488081607713
384.0401885104613	2.2961139026907587	0.14166080799291633
384.04449423432783	2.2959746871392026	0.14169673959138976
384.0488000064686	2.295835465567072	0.1417326756126383
384.05310582688423	2.2956962379735244	0.14176861605780597
384.0574116955751	2.2955570043577342	0.14180456092803334
384.061717612542	2.295417764718858	0.14184051022446562
384.0660235777852	2.295278519056067	0.14187646394824463
384.07032959130544	2.2951392673685214	0.14191242210051586
384.0746356531031	2.2950000096553897	0.14194838468242243
384.078941763179	2.2948607459158303	0.14198435169511078
384.08324792153326	2.2947214761490144	0.14202032313972432
384.0875541281669	2.2945822003540983	0.1420562990174107
384.09186038308	2.2944429185302546	0.14209227932931373
384.09616668627353	2.294303630676639	0.14212826407658194
384.10047303774763	2.294164336792423	0.14216425326036028
384.10477943750317	2.294025036876763	0.14220024688179778
384.1090858855405	2.293885730928829	0.14223624494204054
384.11339238186014	2.29374641894778	0.14227224744223757
384.11769892646277	2.293607100932779	0.14230825438353764
384.1220055193488	2.293467776882993	0.14234426576708867
384.126312160519	2.293328446797578	0.14238028159404167
384.13061884997364	2.2931891106757036	0.14241630186554446
384.13492558771344	2.2930497685165285	0.14245232658274842
384.1392323737388	2.2929104203192194	0.1424883557468031
384.14353920805036	2.2927710660829335	0.14252438935886066
384.14784609064867	2.2926317058068384	0.14256042742007113
384.15215302153416	2.2924923394900905	0.1425964699315878
384.15646000070745	2.2923529671318583	0.14263251689456116
384.1607670281692	2.292213588731297	0.1426685683101458
384.16507410391966	2.292074204287574	0.1427046241794929
384.1693812279597	2.2919348137998474	0.14274068450375707
384.1736884002896	2.2917954172672825	0.1427767492840912
384.17799562091005	2.291656014689035	0.1428128185216508
384.18230288982153	2.291516606064273	0.14284889221758898
384.18661020702467	2.291377191392151	0.14288497037306258
384.1909175725198	2.2912377706718363	0.1429210529892252
384.1952249863078	2.291098343902484	0.1429571400672344
384.19953244838877	2.290958911083261	0.14299323160824498
384.20383995876364	2.2908194722133213	0.14302932761341547
384.2081475174328	2.29068002729183	0.14306542808390146
384.2124551243968	2.290540576317946	0.14310153302086134
384.2167627796561	2.290401119290832	0.14313764242545207
384.2210704832113	2.2902616562096463	0.1431737562988328
384.22537823506315	2.290122187073543	0.14320987464216361
384.22968603521184	2.2899827118816938	0.14324599745660085
384.2339938836582	2.289843230633248	0.14328212474330676
384.2383017804024	2.2897037433273724	0.14331825650343946
384.2426097254455	2.2895642499632207	0.14335439273816108
384.2469177187876	2.289424750539957	0.1433905334486311
384.2512257604295	2.289285245056739	0.14342667863601147
384.25553385037165	2.289145733512726	0.14346282830146345
384.2598419886146	2.289006215907073	0.1434989824461504
384.2641501751588	2.288866692238947	0.1435351410712328
384.26845841000494	2.2887271625074996	0.14357130417787542
384.27276669315336	2.288587626711895	0.14360747176724012
384.27707502460504	2.2884480848512836	0.1436436438404928
384.28138340436	2.2883085369248346	0.1436798203987949
384.2856918324191	2.288168982931696	0.14371600144331353
384.2900003087827	2.288029422871033	0.14375218697521192
384.29430883345145	2.287889856742	0.14378837699565664
384.2986174064258	2.2877502845437574	0.14382457150581268
384.3029260277065	2.287610706275459	0.14386077050684745
384.30723469729384	2.2874711219362673	0.1438969739999262
384.3115434151885	2.287331531525336	0.1439331819862173
384.315852181391	2.2871919350418257	0.1439693944668873
384.320160995902	2.287052332484887	0.14400561144310584
384.32446985872167	2.2869127238536877	0.14404183291603845
384.3287787698508	2.2867731091473766	0.14407805888685607
384.3330877292902	2.28663348836511	0.14411428935672818
384.3373967370399	2.286493861506051	0.14415052432682263
384.3417057931009	2.286354228569348	0.14418676379831152
384.3460148974734	2.2862145895541675	0.14422300777236294
384.3503240501581	2.2860749444596546	0.14425925625015038
384.35463325115535	2.285935293284977	0.14429550923284237
384.3589425004661	2.2857956360292793	0.1443317667216136
384.36325179809046	2.2856559726917274	0.14436802871763355
384.36756114402925	2.285516303271472	0.1444042952220762
384.37187053828285	2.285376627767669	0.14444056623611426
384.37617998085193	2.285236946179474	0.1444768417609213
384.38048947173695	2.2850972585060445	0.1445131217976706
384.38479901093854	2.284957564746532	0.14454940634753727
384.38910859845697	2.2848178649000985	0.14458569541169447
384.39341823429316	2.2846781589658898	0.14462198899131942
384.3977279184474	2.2845384469430687	0.14465828708758569
384.4020376509203	2.284398728830785	0.14469458970167054
384.4063474317125	2.284259004628197	0.1447308968347492
384.4106572608243	2.284119274334457	0.14476720848799932
384.4149671382565	2.2839795379487207	0.14480352466259747
384.41927706400963	2.2838397954701395	0.1448398453597221
384.4235870380839	2.2837000468978736	0.14487617058054977
384.4278970604802	2.2835602922310723	0.1449125003262602
384.432207131199	2.2834205314688876	0.1449488345980326
384.4365172502406	2.283280764610481	0.14498517339704436
384.440827417606	2.2831409916549963	0.14502151672447783
384.44513763329536	2.283001212601596	0.14505786458151076
384.4494478973094	2.282861427449425	0.1450942169693259
384.4537582096485	2.2827216361976457	0.14513057388910194
384.4580685703135	2.2825818388454038	0.1451669353420223
384.4623789793046	2.2824420353918584	0.14520330132926706
384.4666894366226	2.282302225836155	0.14523967185202058
384.4709999422678	2.282162410177455	0.14527604691146326
384.47531049624104	2.2820225884149035	0.14531242650878023
384.4796210985425	2.2818827605476595	0.14534881064515326
384.48393174917317	2.2817429265748674	0.1453851993217684
384.4882424481331	2.2816030864956893	0.1454215925398077
384.4925531954232	2.281463240309268	0.1454579903004581
384.4968639910439	2.2813233880147634	0.14549439260490302
384.50117483499565	2.2811835296113205	0.14553079945432976
384.5054857272791	2.281043665098099	0.1455672108499225
384.5097966678948	2.2809037944742396	0.14560362679287045
384.5141076568432	2.2807639177389056	0.14564004728435762
384.51841869412493	2.2806240348912383	0.14567647232557407
384.5227297797405	2.2804841459303975	0.14571290191770525
384.5270409136904	2.2803442508555274	0.14574933606194107
384.5313520959753	2.280204349665784	0.1457857747594692
384.53566332659557	2.280064442360318	0.14582221801147854
384.5399746055519	2.2799245289382735	0.14585866581916043
384.54428593284473	2.279784609398809	0.1458951181837028
384.54859730847477	2.2796446837410693	0.1459315751062973
384.5529087324423	2.2795047519642098	0.14596803658813368
384.5572202047481	2.279364814067377	0.14600450263040404
384.5615317253926	2.2792248700497226	0.14604097323429943
384.56584329437635	2.279084919910394	0.14607744840101278
384.5701549116999	2.2789449636485477	0.14611392813173502
384.5744665773638	2.278805001263325	0.14615041242766094
384.5787782913685	2.278665032753884	0.14618690128998194
384.5830900537148	2.2785250581193646	0.14622339471989432
384.58740186440286	2.278385077358926	0.14625989271858963
384.5917137234336	2.2782450904717098	0.14629639528726462
384.5960256308072	2.27810509745687	0.14633290242711294
384.6003375865246	2.2779650983135515	0.14636941413933136
384.604649590586	2.2778250930409083	0.14640593042511438
384.6089616429922	2.2776850816380825	0.14644245128566005
384.6132737437434	2.2775450641042307	0.14647897672216328
384.61758589284057	2.2774050404384925	0.14651550673582342
384.62189809028393	2.277265010640024	0.14655204132783634
384.6262103360743	2.277124974707966	0.14658858049940174
384.6305226302118	2.276984932641476	0.14662512425171592
384.6348349726975	2.276844884439691	0.14666167258598076
384.6391473635315	2.276704830101769	0.1466982255033929
384.6434598027144	2.276564769626855	0.14673478300515294
384.6477722902471	2.2764247030140896	0.14677134509246292
384.65208482612974	2.276284630262628	0.14680791176652158
384.6563974103632	2.276144551371614	0.14684448302853084
384.66071004294764	2.276004466340197	0.14688105887969172
384.6650227238839	2.2758643751675196	0.14691763932120747
384.6693354531724	2.2757242778527362	0.14695422435427857
384.6736482308138	2.2755841743949867	0.14699081398010963
384.6779610568084	2.2754440647934233	0.14702740819990243
384.682273931157	2.2753039490471862	0.1470640070148625
384.6865868538599	2.2751638271554278	0.1471006104261925
384.6908998249179	2.2750236991172907	0.1471372184350977
384.69521284433137	2.2748835649319257	0.1471738310427823
384.69952591210097	2.2747434245984697	0.14721044825045387
384.7038390282271	2.2746032781160803	0.14724707005931542
384.7081521927104	2.2744631254838943	0.14728369647057554
384.7124654055513	2.2743229667010634	0.1473203274854395
384.7167786667506	2.2741828017667265	0.1473569631051162
384.72109197630857	2.2740426306800368	0.1473936033308114
384.7254053342259	2.273902453440132	0.14743024816373482
384.7297187405031	2.273762270046164	0.14746689760509357
384.7340321951406	2.2736220804972724	0.1475035516560979
384.738345698139	2.2734818847926084	0.14754021031795558
384.7426592494991	2.2733416829313096	0.14757687359187827
384.74697284922104	2.273201474912526	0.14761354147907474
384.7512864973056	2.2730612607354015	0.14765021398075603
384.7556001937533	2.272921040399075	0.14768689109813457
384.7599139385646	2.272780813902699	0.1477235728324199
384.76422773174016	2.272640581245409	0.14776025918482627
384.76854157328034	2.2725003424263592	0.14779695015656336
384.7728554631859	2.2723600974446834	0.147833645748847
384.77716940145723	2.2722198462995347	0.14787034596288773
384.781483388095	2.2720795889900467	0.147907050799902
384.7857974230996	2.2719393255153735	0.14794376026110154
384.7901115064717	2.271799055874648	0.14798047434770323
384.79442563821175	2.2716587800670247	0.1480171930609197
384.7987398183204	2.271518498091636	0.14805391640196916
384.80305404679797	2.271378209947635	0.14809064437206465
384.8073683236453	2.2712379156341536	0.14812737697242576
384.81168264886276	2.271097615150345	0.1481641142042664
384.81599702245086	2.270957308495344	0.148200856068806
384.82031144441015	2.2708169956683	0.14823760256726046
384.82462591474143	2.270676676668348	0.14827435370085
384.82894043344487	2.270537005625449	0.14832112340612566
384.83325500052126	2.2703978710303345	0.14837619411592418
384.837569615971	2.2702587312742066	0.1484312713977043
384.8418842797948	2.2701195863566745	0.14848635525308418
384.846198991993	2.269980436277364	0.14854144568367572
384.85051375256637	2.2698412810358843	0.148596542691098
384.85482856151515	2.26970212063186	0.14865164627696476
384.85914341884006	2.2695629550649055	0.14870675644289405
384.8634583245417	2.2694237843346357	0.14876187319050455
384.8677732786206	2.269284608440672	0.14881699652141284
384.8720882810772	2.26914542738263	0.14887212643723788
384.87640333191206	2.2690062411601297	0.14892726293959854
384.88071843112584	2.268867049772787	0.14898240603011495
384.8850335787189	2.2687278532202244	0.14903755571040556
384.88934877469194	2.2685886515020535	0.14909271198209367
384.89366401904545	2.2684494446178998	0.14914787484679734
384.89797931178	2.2683102325673774	0.1492030443061402
384.902294652896	2.268171015350107	0.14925822036174347
384.9066100423941	2.2680317929657043	0.14931340301523105
384.9109254802749	2.2678925654137947	0.14936859226822385
384.9152409665388	2.2677533326939896	0.14942378812234822
384.9195565011865	2.2676140948059156	0.14947899057922542
384.92387208421843	2.267474851749185	0.1495341996404834
384.92818771563515	2.2673356035234224	0.1495894153077446
384.9325033954374	2.267196350128243	0.14964463758263727
384.9368191236252	2.2670570915632724	0.14969986646678485
384.94113490019964	2.266917827828125	0.14975510196181668
384.945450725161	2.266778558922425	0.1498103440693579
384.9497665985099	2.2666392848457866	0.14986559279103895
384.9540825202468	2.266500005597838	0.14992084812848525
384.9583984903724	2.266360721178192	0.14997611008332826
384.962714508887	2.2662214315864744	0.15003137865719518
384.9670305757913	2.266082136822305	0.15008665385171646
384.971346691086	2.265942836885298	0.1501419356685251
384.9756628547713	2.265803531775082	0.1501972241092485
384.97997906684805	2.265664221491274	0.15025251917552065
384.98429532731654	2.2655249060334977	0.1503078208689715
384.9886116361775	2.265385585401371	0.1503631291912353
384.99292799343135	2.265246259594519	0.1504184441439436
384.99724439907874	2.265106928612558	0.15047376572873192
385.0015608531201	2.264967592455115	0.15052909394723207
385.0058773555561	2.2648282511218074	0.15058442880108067
385.0101939063871	2.2646889046122616	0.15063977029191047
385.0145105056138	2.264549552926092	0.15069511842136055
385.01882715323677	2.26441019606293	0.15075047319106333
385.0231438492564	2.2642708340223905	0.15080583460265823
385.02746059367325	2.264131466804101	0.1508612026577802
385.03177738648816	2.263992094407677	0.15091657735807024
385.0360942277012	2.2638527168327505	0.15097195870516236
385.0404111173133	2.2637133340789326	0.15102734670070003
385.0447280553247	2.2635739461458595	0.15108274134631752
385.0490450417363	2.2634345530331412	0.1511381426436594
385.0533620765482	2.263295154740411	0.15119355059436232
385.0576791597614	2.263155751267284	0.1512489652000699
385.0619962913761	2.2630163426133905	0.1513043864624212
385.066313471393	2.2628769287783466	0.15135981438306081
385.0706306998125	2.2627375097617834	0.15141524896362826
385.07494797663526	2.2625980855633214	0.1514706902057678
385.079265301862	2.2624586561825812	0.15152613811112406
385.08358267549295	2.2623192216191925	0.1515815926813389
385.0879000975288	2.262179781872773	0.15163705391805943
385.09221756797007	2.2620403369429516	0.1516925218229286
385.0965350868173	2.26190088682935	0.15174799639759315
385.10085265407105	2.261761431531597	0.15180347764369773
385.10517026973184	2.26162197104931	0.15185896556289152
385.10948793380015	2.261482505382123	0.15191446015681823
385.1138056462767	2.261343034529651	0.1519699614271294
385.11812340716193	2.2612035584915255	0.15202546937547043
385.1224412164565	2.261064077267367	0.15208098400349204
385.12675907416053	2.260924590856808	0.15213650531284054
385.1310769802751	2.2607850992594645	0.15219203330516973
385.13539493480033	2.2606456024749706	0.15224756798212635
385.13971293773716	2.260506100502943	0.15230310934536462
385.14403098908576	2.2603665933430173	0.1523586573965323
385.148349088847	2.260227080994809	0.15241421213728523
385.1526672370211	2.2600875634579545	0.1524697735692717
385.15698543360884	2.2599480407320707	0.15252534169414858
385.1613036786106	2.2598085128167917	0.1525809165135658
385.1656219720271	2.2596689797117366	0.15263649802918072
385.16994031385866	2.259529441416539	0.15269208624264496
385.17425870410614	2.2593898979308205	0.15274768115561554
385.1785771427698	2.2592503492542066	0.15280328276974864
385.18289562985024	2.259110795386331	0.1528588910866975
385.18721416534817	2.258971236326813	0.15291450610812213
385.1915327492639	2.258831672075286	0.1529701278356774
385.1958513815981	2.258692102631372	0.1530257562710224
385.20017006235133	2.258552527994703	0.15308139141581453
385.204488791524	2.258412948164904	0.1531370332717131
385.2088075691168	2.2582733631416043	0.15319268184037665
385.2131263951303	2.2581337729244275	0.15324833712346694
385.21744526956485	2.2579941775130075	0.15330399912264212
385.22176419242123	2.2578545769069667	0.15335966783956503
385.2260831636996	2.257714971105941	0.1534153432758943
385.23040218340105	2.257575360109549	0.15347102543329577
385.2347212515257	2.2574357439174273	0.15352671431342851
385.2390403680743	2.257296122529199	0.15358240991795805
385.24335953304717	2.2571564959444963	0.1536381122485465
385.24767874644516	2.2570168641629467	0.1536938213068585
385.2519980082686	2.2568772271841806	0.1537495370945579
385.2563173185181	2.2567375850078215	0.15380525961331243
385.2606366771941	2.2565979376335092	0.15386098886478353
385.2649560842974	2.256458285060861	0.15391672485064214
385.2692755398282	2.2563186272895175	0.15397246757255076
385.27359504378734	2.2561789643190986	0.15402821703218061
385.27791459617515	2.2560392961492424	0.15408397323119605
385.28223419699225	2.2558996227795767	0.15413973617126658
385.28655384623937	2.255759944209726	0.15419550585406314
385.2908735439168	2.255620260439326	0.15425128228125284
385.29519329002517	2.2554805714680044	0.15430706545450698
385.29951308456486	2.2553408772953953	0.15436285537549452
385.3038329275368	2.255201177921124	0.15441865204588842
385.3081528189411	2.2550614733448264	0.15447445546735872
385.3124727587787	2.254921763566129	0.15453026564157882
385.3167927470499	2.2547820485846675	0.15458608257021977
385.32111278375527	2.254642328400067	0.15464190625495675
385.32543286889523	2.254502603011968	0.15469773669746054
385.3297530024708	2.25436287241999	0.15475357389940939
385.3340731844819	2.2542231366237746	0.15480941786247449
385.3383934149295	2.254083395622947	0.15486526858833383
385.3427136938139	2.253943649417146	0.1549211260786603
385.3470340211358	2.253803898005995	0.15497699033513365
385.3513543968958	2.253664141389132	0.15503286135942856
385.3556748210942	2.253524379566186	0.15508873915322385
385.35999529373174	2.253384612536794	0.15514462371819587
385.36431581480895	2.2532448403005825	0.15520051505602517
385.36863638432624	2.2531050628571907	0.15525641316838856
385.3729570022843	2.252965280206244	0.15531231805696838
385.3772776686835	2.2528254923473816	0.15536822972344247
385.3815983835246	2.2526856992802324	0.15542414816949285
385.3859191468081	2.2525459010044333	0.15548007339679984
385.39023995853427	2.2524125092292353	0.15553556265879284
385.3945608187041	2.252381274491757	0.1555840011224776
385.3988817273177	2.2523500408025074	0.15563244033828966
385.403202684376	2.25231880816157	0.1556808803061942
385.4075236898792	2.252287576569032	0.15572932102615236
385.4118447438281	2.2522563460249763	0.15577776249813113
385.41616584622307	2.25222511652949	0.15582620472209036
385.4204869970648	2.2521938880826577	0.15587464769799703
385.42480819635364	2.2521626606845646	0.15592309142581218
385.4291294440904	2.2521314343352965	0.15597153590550095
385.43345074027536	2.2521002090349382	0.15601998113702498
385.4377720849092	2.2520689847835746	0.15606842712034996
385.44209347799244	2.252037761581292	0.15611687385543752
385.4464149195257	2.252006539428175	0.15616532134225208
385.4507364095093	2.251975318324309	0.15621376958075658
385.4550579479441	2.2519440982697785	0.156262218570916
385.4593795348303	2.2519128792646708	0.1563106683126912
385.46370117016875	2.251881661309069	0.15635911880604797
385.4680228539598	2.25185044440306	0.15640757005094777
385.4723445862042	2.251819228546727	0.15645602204735626
385.47666636690207	2.251788013740158	0.15650447479523438
385.4809881960544	2.2517567999834363	0.15655292829454703
385.4853100736615	2.251725587276648	0.156601382545257
385.4896319997241	2.2516943756198775	0.15664983754732864
385.49395397424246	2.251663165013212	0.15669829330072277
385.4982759972172	2.251631955456735	0.15674674980540504
385.50259806864926	2.2516007469505315	0.15679520706133915
385.5069201885387	2.2515695394946884	0.15684366506848657
385.5112423568862	2.251538333089289	0.15689212382681228
385.5155645736923	2.251507127734421	0.15694058333627756
385.51988683895775	2.2514759234301676	0.15698904359684798
385.5242091526828	2.2514447201766155	0.15703750460848434
385.5285315148682	2.251413517973848	0.1570859663711527
385.5328539255143	2.2513823168219527	0.15713442888481383
385.53717638462183	2.2513511167210134	0.1571828921494326
385.5414988921911	2.2513199176711165	0.15723135616497028
385.54582144822297	2.251288719672346	0.15727982093139292
385.55014405271777	2.251257522724788	0.15732828644866068
385.55446670567613	2.2512263268285273	0.1573767527167396
385.5587894070985	2.25119513198365	0.15742521973559023
385.5631121569856	2.2511639381902397	0.1574736875051781
385.5674349553377	2.251132745448384	0.15752215602546438
385.57175780215556	2.2511015537581667	0.15757062529641327
385.57608069743975	2.2510703631196733	0.15761909531798723
385.5804036411906	2.2510391735329884	0.15766756609015045
385.5847266334088	2.251007984998199	0.15771603761286465
385.58904967409495	2.2509767975153885	0.1577645098860946
385.5933727632495	2.2509456110846435	0.15781298290980147
385.59769590087296	2.2509144257060485	0.15786145668395
385.60201908696587	2.25088324137969	0.15790993120850128
385.6063423215288	2.2508520581056515	0.15795840648342013
385.61066560456254	2.250820875884019	0.1580068825086699
385.61498893606716	2.2507896947148787	0.15805535928421124
385.6193123160437	2.250758514598314	0.15810383681001
385.6236357444922	2.250727335534412	0.15815231508602656
385.62795922141373	2.2506961575232567	0.15820079411222687
385.63228274680836	2.250664980564935	0.15824927388857013
385.636606320677	2.25063380465953	0.1582977544150234
385.6409299430199	2.2506026298071284	0.15834623569154593
385.64525361383784	2.250571456007815	0.15839471771810346
385.64957733313116	2.250540283261676	0.1584432004946565
385.6539011009006	2.2505091115687943	0.15849168402117078
385.6582249171465	2.2504779409292586	0.158540168297606
385.66254878186965	2.2504467713431513	0.15858865332392805
385.66687269507025	2.250415602810559	0.1586371391000973
385.67119665674926	2.2503844353315663	0.15868562562607882
385.6755206669069	2.2503532689062595	0.15873411290183356
385.67984472554394	2.2503221035347227	0.15878260092732602
385.68416883266065	2.2502909392170425	0.15883108970251716
385.6884929882578	2.2502597759533023	0.1588795792273721
385.6928171923359	2.250228613743589	0.15892806950185165
385.6971414448954	2.250197452587988	0.15897656052591966
385.70146574593696	2.250166292486583	0.15902505229953837
385.705790095461	2.25013513343946	0.15907354482267147
385.71011449346815	2.250103975446706	0.15912203809527986
385.7144389399589	2.250072818508404	0.15917053211732796
385.7187634349339	2.2500416626246396	0.1592190268887784
385.7230879783936	2.250010507795499	0.15926752240959313
385.72741257033863	2.2499793540210664	0.15931601867973605
385.73173721076927	2.2499482013014287	0.1593645156991679
385.73606189968643	2.249917049636669	0.1594130134678542
385.74038663709047	2.249885899026874	0.1594615119857546
385.7447114229819	2.2498547494721293	0.15951001125283393
385.74903625736135	2.249823600972519	0.15955851126905365
385.7533611402293	2.249792453528129	0.15960701203437744
385.75768607158636	2.2497613071390448	0.15965551354876664
385.76201105143303	2.249730161805351	0.15970401581218546
385.7663360797697	2.249699017527134	0.1597525188245941
385.77066115659727	2.2496678743044773	0.1598010225859586
385.774986281916	2.249636732137468	0.15984952709623781
385.7793114557266	2.24960559102619	0.15989803235539782
385.7836366780294	2.2495744509707305	0.15994653836339803
385.7879619488252	2.2495433119711716	0.15999504512020396
385.79228726811425	2.2495121740276023	0.16004355262577494
385.79661263589753	2.2494810371401046	0.160092060880077
385.80093805217507	2.249449901308766	0.16014056988306957
385.8052635169478	2.2494187665336702	0.16018907963471746
385.80958903021605	2.249387632814904	0.1602375901349812
385.81391459198034	2.2493565001525515	0.16028610138382438
385.81824020224144	2.2493253685466987	0.1603346133812099
385.82256586099976	2.249294237997431	0.16038312612709893
385.82689156825586	2.2492631085048322	0.16043163962145568
385.83121732401025	2.2492319800689895	0.16048015386424055
385.8355431282635	2.2492008526899863	0.16052866885541836
385.8398689810161	2.24916972636791	0.1605771845949483
385.8441948822688	2.249138601102844	0.1606257010827963
385.8485208320218	2.2491074768948747	0.16067421831892162
385.85284683027595	2.249076353744086	0.16072273630328962
385.85717287703164	2.2490452316505656	0.16077125503585998
385.86149897228944	2.2490141106143966	0.16081977451659685
385.86582511604985	2.2489829906356653	0.16086829474546124
385.8701513083136	2.2489518717144565	0.16091681572241712
385.87447754908095	2.248920753850856	0.16096533744742494
385.8788038383527	2.248889637044948	0.1610138599204487
385.88313017612927	2.2488585212968193	0.16106238314144936
385.8874565624112	2.248827406606554	0.16111090711039028
385.891782997199	2.248796292974238	0.16115943182723244
385.8961094804934	2.248765180399956	0.16120795729194037
385.90043601229473	2.2487340688837945	0.1612564835044732
385.9047625926036	2.248702958425837	0.161305010464796
385.90908922142063	2.24867184902617	0.1613535381728692
385.9134158987463	2.2486407406848783	0.16140206662865605
385.91774262458114	2.2486096334020473	0.16145059583211804
385.92206939892566	2.248578527177763	0.16149912578321723
385.9263962217805	2.2485474220121096	0.16154765648191682
385.93072309314607	2.248516317905173	0.16159618792817781
385.9350500130232	2.248485214857037	0.1616447201219645
385.93937698141207	2.2484541128677895	0.16169325306323545
385.94370399831354	2.2484230119375135	0.16174178675195677
385.94803106372785	2.248391912066296	0.1617903211880869
385.9523581776558	2.2483608132542203	0.16183885637159148
385.95668534009775	2.2483297155013737	0.16188739230242946
385.96101255105447	2.24829861880784	0.16193592898056516
385.9653398105262	2.248267523173706	0.16198446640595887
385.96966711851377	2.248236428599055	0.1620330045785748
385.9739944750175	2.248205335083974	0.16208154349837256
385.97832188003815	2.2481742426285467	0.1621300831653165
385.982649333576	2.2481431512328607	0.16217862357936608
385.9869768356319	2.248112060896998	0.16222716474048626
385.9913043862061	2.2480809716210466	0.16227570664863705
385.9956319852993	2.2480498834050904	0.1623242493037816
385.999959632912	2.2480187962492164	0.1623727927058799
386.00428732904487	2.2479877101535073	0.16242133685489688
386.00861507369825	2.247956625118051	0.16246988175079138
386.0129428668729	2.24792554114293	0.16251842739352823
386.0172707085692	2.2478944582282314	0.16256697378306745
386.02159859878776	2.24786337637404	0.16261552091937204
386.02592653752896	2.247832295580442	0.16266406880240256
386.0302545247935	2.247801215847522	0.16271261743212145
386.0345825605821	2.247770137175364	0.1627611668084923
386.038910644895	2.247739059564055	0.16280971693147442
386.04323877773294	2.2477079830136795	0.16285826780103202
386.0475669590963	2.247676907524323	0.162906819417125
386.0518951889859	2.2476458330960702	0.1629553717797169
386.0562234674018	2.2476147597290077	0.1630039248887676
386.0605517943451	2.2475836874232193	0.16305247874424067
386.06488016981586	2.2475526161787913	0.16310103334609663
386.0692085938151	2.2475215459958084	0.16314958869429885
386.0735370663429	2.2474904768743564	0.16319814478880726
386.0778655874001	2.2474594088145197	0.16324670162958535
386.08219415698716	2.2474283418163843	0.16329525921659352
386.0865227751047	2.247397275880035	0.16334381754979466
386.09085144175305	2.247366211005558	0.16339237662914916
386.095180156933	2.247335147193037	0.1634409364546204
386.0995089206448	2.2473040844425594	0.16348949702616764
386.1038377328894	2.2472730227542077	0.1635380583437561
386.108166593667	2.2472419621280704	0.16358662040734365
386.11249550297833	2.2472109025642295	0.16363518321689552
386.11682446082375	2.247179844062773	0.16368374677237027
386.1211534672041	2.247148786623784	0.16373231107373246
386.1254825221197	2.2471177302473504	0.16378087612094053
386.1298116255711	2.2470866749335543	0.16382944191395973
386.1341407775589	2.2470556206824837	0.1638780084527479
