#Wavelength (nm)	6.4 nm	9.23 nm	11.8 nm
192	0.60904	0.65462	0.71175
192.1	0.60911	0.65466	0.71186
192.2	0.60917	0.6547	0.71198
192.3	0.60924	0.65475	0.71209
192.4	0.60931	0.6548	0.71221
192.5	0.60938	0.65485	0.71233
192.6	0.60945	0.6549	0.71245
192.7	0.60953	0.65495	0.71257
192.8	0.6096	0.655	0.71269
192.9	0.60968	0.65506	0.71281
193	0.60976	0.65511	0.71293
193.1	0.60984	0.65517	0.71306
193.2	0.60992	0.65523	0.71318
193.3	0.61001	0.6553	0.71331
193.4	0.61009	0.65536	0.71343
193.5	0.61018	0.65543	0.71356
193.6	0.61027	0.65549	0.71369
193.7	0.61036	0.65556	0.71381
193.8	0.61046	0.65563	0.71394
193.9	0.61055	0.65571	0.71407
194	0.61065	0.65578	0.7142
194.1	0.61075	0.65586	0.71434
194.2	0.61085	0.65594	0.71447
194.3	0.61095	0.65602	0.7146
194.4	0.61106	0.65611	0.71474
194.5	0.61117	0.65619	0.71487
194.6	0.61128	0.65628	0.71501
194.7	0.61139	0.65637	0.71514
194.8	0.6115	0.65646	0.71528
194.9	0.61161	0.65655	0.71542
195	0.61173	0.65665	0.71556
195.1	0.61185	0.65674	0.7157
195.2	0.61197	0.65684	0.71584
195.3	0.61209	0.65695	0.71598
195.4	0.61222	0.65705	0.71613
195.5	0.61234	0.65716	0.71627
195.6	0.61247	0.65726	0.71641
195.7	0.6126	0.65737	0.71656
195.8	0.61274	0.65749	0.71671
195.9	0.61287	0.6576	0.71685
196	0.61301	0.65772	0.717
196.1	0.61315	0.65784	0.71715
196.2	0.61329	0.65796	0.7173
196.3	0.61343	0.65808	0.71745
196.4	0.61358	0.65821	0.7176
196.5	0.61373	0.65834	0.71775
196.6	0.61388	0.65847	0.7179
196.7	0.61403	0.6586	0.71806
196.8	0.61418	0.65873	0.71821
196.9	0.61434	0.65887	0.71837
197	0.61449	0.65901	0.71852
197.1	0.61465	0.65915	0.71868
197.2	0.61481	0.65929	0.71884
197.3	0.61498	0.65943	0.719
197.4	0.61514	0.65958	0.71916
197.5	0.61531	0.65973	0.71932
197.6	0.61548	0.65988	0.71948
197.7	0.61565	0.66004	0.71964
197.8	0.61583	0.66019	0.7198
197.9	0.616	0.66035	0.71996
198	0.61618	0.66051	0.72013
198.1	0.61636	0.66067	0.72029
198.2	0.61654	0.66083	0.72046
198.3	0.61672	0.661	0.72062
198.4	0.61691	0.66117	0.72079
198.5	0.6171	0.66134	0.72096
198.6	0.61729	0.66151	0.72113
198.7	0.61748	0.66169	0.7213
198.8	0.61767	0.66186	0.72147
198.9	0.61787	0.66204	0.72164
199	0.61806	0.66222	0.72181
199.1	0.61826	0.6624	0.72198
199.2	0.61846	0.66259	0.72216
199.3	0.61866	0.66277	0.72233
199.4	0.61887	0.66296	0.72251
199.5	0.61907	0.66315	0.72268
199.6	0.61928	0.66334	0.72286
199.7	0.61949	0.66353	0.72303
199.8	0.6197	0.66373	0.72321
199.9	0.61991	0.66392	0.72339
200	0.62013	0.66412	0.72357
200.1	0.62034	0.66432	0.72375
200.2	0.62056	0.66453	0.72393
200.3	0.62078	0.66473	0.72411
200.4	0.621	0.66493	0.72429
200.5	0.62122	0.66514	0.72448
200.6	0.62144	0.66535	0.72466
200.7	0.62167	0.66556	0.72484
200.8	0.6219	0.66577	0.72503
200.9	0.62212	0.66598	0.72521
201	0.62235	0.6662	0.7254
201.1	0.62258	0.66642	0.72559
201.2	0.62282	0.66663	0.72578
201.3	0.62305	0.66685	0.72596
201.4	0.62329	0.66707	0.72615
201.5	0.62352	0.66729	0.72634
201.6	0.62376	0.66752	0.72653
201.7	0.624	0.66774	0.72672
201.8	0.62424	0.66797	0.72691
201.9	0.62448	0.66819	0.72711
202	0.62472	0.66842	0.7273
202.1	0.62497	0.66865	0.72749
202.2	0.62521	0.66888	0.72769
202.3	0.62546	0.66911	0.72788
202.4	0.6257	0.66934	0.72808
202.5	0.62595	0.66958	0.72827
202.6	0.6262	0.66981	0.72847
202.7	0.62645	0.67004	0.72867
202.8	0.6267	0.67028	0.72886
202.9	0.62695	0.67052	0.72906
203	0.6272	0.67076	0.72926
203.1	0.62746	0.67099	0.72946
203.2	0.62771	0.67123	0.72966
203.3	0.62797	0.67147	0.72986
203.4	0.62822	0.67171	0.73006
203.5	0.62848	0.67196	0.73026
203.6	0.62874	0.6722	0.73047
203.7	0.629	0.67244	0.73067
203.8	0.62925	0.67269	0.73087
203.9	0.62951	0.67293	0.73108
204	0.62977	0.67317	0.73128
204.1	0.63003	0.67342	0.73149
204.2	0.6303	0.67366	0.73169
204.3	0.63056	0.67391	0.7319
204.4	0.63082	0.67416	0.7321
204.5	0.63108	0.6744	0.73231
204.6	0.63135	0.67465	0.73252
204.7	0.63161	0.6749	0.73273
204.8	0.63187	0.67515	0.73293
204.9	0.63214	0.67539	0.73314
205	0.6324	0.67564	0.73335
205.1	0.63267	0.67589	0.73356
205.2	0.63293	0.67614	0.73377
205.3	0.6332	0.67639	0.73398
205.4	0.63346	0.67664	0.7342
205.5	0.63373	0.67688	0.73441
205.6	0.63399	0.67713	0.73462
205.7	0.63426	0.67738	0.73483
205.8	0.63453	0.67763	0.73504
205.9	0.63479	0.67788	0.73526
206	0.63506	0.67813	0.73547
206.1	0.63533	0.67838	0.73569
206.2	0.63559	0.67863	0.7359
206.3	0.63586	0.67887	0.73612
206.4	0.63612	0.67912	0.73633
206.5	0.63639	0.67937	0.73655
206.6	0.63666	0.67962	0.73676
206.7	0.63692	0.67987	0.73698
206.8	0.63719	0.68011	0.7372
206.9	0.63746	0.68036	0.73741
207	0.63772	0.68061	0.73763
207.1	0.63799	0.68085	0.73785
207.2	0.63825	0.6811	0.73807
207.3	0.63852	0.68135	0.73829
207.4	0.63878	0.68159	0.7385
207.5	0.63905	0.68184	0.73872
207.6	0.63931	0.68208	0.73894
207.7	0.63957	0.68233	0.73916
207.8	0.63984	0.68257	0.73938
207.9	0.6401	0.68281	0.7396
208	0.64036	0.68306	0.73982
208.1	0.64063	0.6833	0.74004
208.2	0.64089	0.68354	0.74027
208.3	0.64115	0.68378	0.74049
208.4	0.64141	0.68402	0.74071
208.5	0.64167	0.68426	0.74093
208.6	0.64193	0.6845	0.74115
208.7	0.64219	0.68474	0.74138
208.8	0.64245	0.68498	0.7416
208.9	0.64271	0.68522	0.74182
209	0.64297	0.68545	0.74204
209.1	0.64323	0.68569	0.74227
209.2	0.64349	0.68593	0.74249
209.3	0.64374	0.68616	0.74271
209.4	0.644	0.6864	0.74294
209.5	0.64426	0.68663	0.74316
209.6	0.64451	0.68687	0.74339
209.7	0.64477	0.6871	0.74361
209.8	0.64502	0.68733	0.74384
209.9	0.64527	0.68756	0.74406
210	0.64553	0.6878	0.74429
210.1	0.64578	0.68803	0.74451
210.2	0.64603	0.68826	0.74474
210.3	0.64628	0.68849	0.74496
210.4	0.64653	0.68871	0.74519
210.5	0.64678	0.68894	0.74541
210.6	0.64703	0.68917	0.74564
210.7	0.64728	0.6894	0.74586
210.8	0.64753	0.68962	0.74609
210.9	0.64778	0.68985	0.74632
211	0.64802	0.69007	0.74654
211.1	0.64827	0.6903	0.74677
211.2	0.64851	0.69052	0.74699
211.3	0.64876	0.69074	0.74722
211.4	0.649	0.69097	0.74745
211.5	0.64925	0.69119	0.74767
211.6	0.64949	0.69141	0.7479
211.7	0.64973	0.69163	0.74813
211.8	0.64997	0.69185	0.74835
211.9	0.65021	0.69207	0.74858
212	0.65045	0.69229	0.74881
212.1	0.65069	0.69251	0.74903
212.2	0.65093	0.69272	0.74926
212.3	0.65117	0.69294	0.74949
212.4	0.65141	0.69316	0.74971
212.5	0.65164	0.69337	0.74994
212.6	0.65188	0.69359	0.75017
212.7	0.65212	0.69381	0.75039
212.8	0.65235	0.69402	0.75062
212.9	0.65258	0.69423	0.75085
213	0.65282	0.69445	0.75107
213.1	0.65305	0.69466	0.7513
213.2	0.65328	0.69487	0.75153
213.3	0.65352	0.69509	0.75175
213.4	0.65375	0.6953	0.75198
213.5	0.65398	0.69551	0.75221
213.6	0.65421	0.69572	0.75243
213.7	0.65444	0.69593	0.75266
213.8	0.65467	0.69614	0.75288
213.9	0.6549	0.69635	0.75311
214	0.65512	0.69656	0.75334
214.1	0.65535	0.69677	0.75356
214.2	0.65558	0.69698	0.75379
214.3	0.6558	0.69719	0.75401
214.4	0.65603	0.6974	0.75424
214.5	0.65625	0.69761	0.75446
214.6	0.65648	0.69781	0.75469
214.7	0.6567	0.69802	0.75491
214.8	0.65693	0.69823	0.75514
214.9	0.65715	0.69844	0.75536
215	0.65737	0.69864	0.75559
215.1	0.65759	0.69885	0.75581
215.2	0.65782	0.69906	0.75604
215.3	0.65804	0.69926	0.75626
215.4	0.65826	0.69947	0.75649
215.5	0.65848	0.69967	0.75671
215.6	0.6587	0.69988	0.75693
215.7	0.65892	0.70009	0.75716
215.8	0.65914	0.70029	0.75738
215.9	0.65936	0.7005	0.7576
216	0.65958	0.7007	0.75783
216.1	0.65979	0.70091	0.75805
216.2	0.66001	0.70111	0.75827
216.3	0.66023	0.70132	0.75849
216.4	0.66045	0.70152	0.75872
216.5	0.66066	0.70173	0.75894
216.6	0.66088	0.70194	0.75916
216.7	0.66109	0.70214	0.75938
216.8	0.66131	0.70235	0.7596
216.9	0.66153	0.70255	0.75982
217	0.66174	0.70276	0.76005
217.1	0.66196	0.70296	0.76027
217.2	0.66217	0.70317	0.76049
217.3	0.66238	0.70337	0.76071
217.4	0.6626	0.70358	0.76093
217.5	0.66281	0.70378	0.76115
217.6	0.66303	0.70399	0.76136
217.7	0.66324	0.7042	0.76158
217.8	0.66345	0.7044	0.7618
217.9	0.66366	0.70461	0.76202
218	0.66388	0.70481	0.76224
218.1	0.66409	0.70502	0.76246
218.2	0.6643	0.70523	0.76267
218.3	0.66451	0.70543	0.76289
218.4	0.66473	0.70564	0.76311
218.5	0.66494	0.70584	0.76333
218.6	0.66515	0.70605	0.76354
218.7	0.66536	0.70626	0.76376
218.8	0.66557	0.70647	0.76397
218.9	0.66578	0.70667	0.76419
219	0.66599	0.70688	0.7644
219.1	0.6662	0.70709	0.76462
219.2	0.66642	0.70729	0.76483
219.3	0.66663	0.7075	0.76505
219.4	0.66684	0.70771	0.76526
219.5	0.66705	0.70792	0.76548
219.6	0.66726	0.70813	0.76569
219.7	0.66747	0.70833	0.7659
219.8	0.66768	0.70854	0.76611
219.9	0.66789	0.70875	0.76633
220	0.6681	0.70896	0.76654
220.1	0.66831	0.70917	0.76675
220.2	0.66852	0.70938	0.76696
220.3	0.66873	0.70959	0.76717
220.4	0.66894	0.7098	0.76738
220.5	0.66915	0.71	0.76759
220.6	0.66936	0.71021	0.7678
220.7	0.66956	0.71042	0.76801
220.8	0.66977	0.71063	0.76822
220.9	0.66998	0.71084	0.76843
221	0.67019	0.71105	0.76864
221.1	0.6704	0.71126	0.76884
221.2	0.67061	0.71147	0.76905
221.3	0.67082	0.71168	0.76926
221.4	0.67103	0.71189	0.76946
221.5	0.67124	0.7121	0.76967
221.6	0.67145	0.71231	0.76988
221.7	0.67165	0.71252	0.77008
221.8	0.67186	0.71273	0.77029
221.9	0.67207	0.71294	0.77049
222	0.67228	0.71315	0.7707
222.1	0.67249	0.71336	0.7709
222.2	0.6727	0.71357	0.7711
222.3	0.6729	0.71378	0.77131
222.4	0.67311	0.71399	0.77151
222.5	0.67332	0.7142	0.77171
222.6	0.67353	0.71441	0.77191
222.7	0.67374	0.71462	0.77212
222.8	0.67394	0.71483	0.77232
222.9	0.67415	0.71504	0.77252
223	0.67436	0.71524	0.77272
223.1	0.67457	0.71545	0.77292
223.2	0.67478	0.71566	0.77312
223.3	0.67498	0.71587	0.77332
223.4	0.67519	0.71608	0.77351
223.5	0.6754	0.71629	0.77371
223.6	0.6756	0.71649	0.77391
223.7	0.67581	0.7167	0.77411
223.8	0.67602	0.71691	0.7743
223.9	0.67622	0.71712	0.7745
224	0.67643	0.71732	0.7747
224.1	0.67664	0.71753	0.77489
224.2	0.67684	0.71774	0.77509
224.3	0.67705	0.71794	0.77528
224.4	0.67726	0.71815	0.77548
224.5	0.67746	0.71835	0.77567
224.6	0.67767	0.71856	0.77586
224.7	0.67787	0.71876	0.77606
224.8	0.67808	0.71897	0.77625
224.9	0.67828	0.71917	0.77644
225	0.67849	0.71937	0.77663
225.1	0.67869	0.71957	0.77683
225.2	0.6789	0.71978	0.77702
225.3	0.6791	0.71998	0.77721
225.4	0.6793	0.72018	0.7774
225.5	0.67951	0.72038	0.77759
225.6	0.67971	0.72058	0.77778
225.7	0.67991	0.72078	0.77796
225.8	0.68012	0.72098	0.77815
225.9	0.68032	0.72118	0.77834
226	0.68052	0.72137	0.77853
226.1	0.68072	0.72157	0.77872
226.2	0.68093	0.72177	0.7789
226.3	0.68113	0.72196	0.77909
226.4	0.68133	0.72216	0.77927
226.5	0.68153	0.72235	0.77946
226.6	0.68173	0.72255	0.77964
226.7	0.68193	0.72274	0.77983
226.8	0.68213	0.72293	0.78001
226.9	0.68233	0.72312	0.7802
227	0.68253	0.72332	0.78038
227.1	0.68273	0.72351	0.78056
227.2	0.68293	0.7237	0.78075
227.3	0.68312	0.72388	0.78093
227.4	0.68332	0.72407	0.78111
227.5	0.68352	0.72426	0.78129
227.6	0.68372	0.72445	0.78147
227.7	0.68391	0.72463	0.78165
227.8	0.68411	0.72482	0.78183
227.9	0.68431	0.725	0.78201
228	0.6845	0.72518	0.78219
228.1	0.6847	0.72537	0.78237
228.2	0.68489	0.72555	0.78255
228.3	0.68508	0.72573	0.78272
228.4	0.68528	0.72591	0.7829
228.5	0.68547	0.72609	0.78308
228.6	0.68566	0.72626	0.78325
228.7	0.68586	0.72644	0.78343
228.8	0.68605	0.72662	0.78361
228.9	0.68624	0.72679	0.78378
229	0.68643	0.72697	0.78396
229.1	0.68662	0.72714	0.78413
229.2	0.68681	0.72731	0.78431
229.3	0.687	0.72749	0.78448
229.4	0.68719	0.72766	0.78465
229.5	0.68738	0.72783	0.78483
229.6	0.68756	0.728	0.785
229.7	0.68775	0.72816	0.78517
229.8	0.68794	0.72833	0.78534
229.9	0.68812	0.7285	0.78551
230	0.68831	0.72866	0.78568
230.1	0.68849	0.72883	0.78585
230.2	0.68868	0.72899	0.78602
230.3	0.68886	0.72915	0.78619
230.4	0.68904	0.72932	0.78636
230.5	0.68923	0.72948	0.78653
230.6	0.68941	0.72964	0.7867
230.7	0.68959	0.7298	0.78687
230.8	0.68977	0.72995	0.78704
230.9	0.68995	0.73011	0.7872
231	0.69013	0.73027	0.78737
231.1	0.69031	0.73042	0.78754
231.2	0.69049	0.73058	0.7877
231.3	0.69067	0.73073	0.78787
231.4	0.69085	0.73088	0.78804
231.5	0.69102	0.73104	0.7882
231.6	0.6912	0.73119	0.78837
231.7	0.69137	0.73134	0.78853
231.8	0.69155	0.73149	0.78869
231.9	0.69172	0.73164	0.78886
232	0.6919	0.73178	0.78902
232.1	0.69207	0.73193	0.78918
232.2	0.69224	0.73208	0.78935
232.3	0.69241	0.73222	0.78951
232.4	0.69259	0.73237	0.78967
232.5	0.69276	0.73251	0.78983
232.6	0.69293	0.73265	0.78999
232.7	0.6931	0.7328	0.79015
232.8	0.69326	0.73294	0.79032
232.9	0.69343	0.73308	0.79048
233	0.6936	0.73322	0.79064
233.1	0.69377	0.73336	0.7908
233.2	0.69393	0.7335	0.79095
233.3	0.6941	0.73364	0.79111
233.4	0.69426	0.73377	0.79127
233.5	0.69443	0.73391	0.79143
233.6	0.69459	0.73405	0.79159
233.7	0.69476	0.73418	0.79175
233.8	0.69492	0.73432	0.7919
233.9	0.69508	0.73445	0.79206
234	0.69524	0.73459	0.79222
234.1	0.6954	0.73472	0.79237
234.2	0.69556	0.73485	0.79253
234.3	0.69572	0.73498	0.79268
234.4	0.69588	0.73512	0.79284
234.5	0.69604	0.73525	0.793
234.6	0.69619	0.73538	0.79315
234.7	0.69635	0.73551	0.7933
234.8	0.69651	0.73564	0.79346
234.9	0.69666	0.73577	0.79361
235	0.69682	0.7359	0.79377
235.1	0.69697	0.73602	0.79392
235.2	0.69713	0.73615	0.79407
235.3	0.69728	0.73628	0.79423
235.4	0.69743	0.73641	0.79438
235.5	0.69758	0.73654	0.79453
235.6	0.69774	0.73666	0.79468
235.7	0.69789	0.73679	0.79483
235.8	0.69804	0.73691	0.79498
235.9	0.69819	0.73704	0.79514
236	0.69833	0.73717	0.79529
236.1	0.69848	0.73729	0.79544
236.2	0.69863	0.73742	0.79559
236.3	0.69878	0.73754	0.79574
236.4	0.69892	0.73767	0.79589
236.5	0.69907	0.73779	0.79604
236.6	0.69922	0.73792	0.79619
236.7	0.69936	0.73804	0.79634
236.8	0.69951	0.73816	0.79648
236.9	0.69965	0.73829	0.79663
237	0.69979	0.73841	0.79678
237.1	0.69994	0.73854	0.79693
237.2	0.70008	0.73866	0.79708
237.3	0.70022	0.73878	0.79722
237.4	0.70036	0.73891	0.79737
237.5	0.7005	0.73903	0.79752
237.6	0.70064	0.73915	0.79767
237.7	0.70078	0.73928	0.79781
237.8	0.70092	0.7394	0.79796
237.9	0.70106	0.73953	0.7981
238	0.70119	0.73965	0.79825
238.1	0.70133	0.73977	0.7984
238.2	0.70147	0.7399	0.79854
238.3	0.70161	0.74002	0.79869
238.4	0.70174	0.74014	0.79883
238.5	0.70188	0.74027	0.79898
238.6	0.70201	0.74039	0.79912
238.7	0.70214	0.74052	0.79927
238.8	0.70228	0.74064	0.79941
238.9	0.70241	0.74077	0.79955
239	0.70254	0.74089	0.7997
239.1	0.70268	0.74101	0.79984
239.2	0.70281	0.74114	0.79999
239.3	0.70294	0.74126	0.80013
239.4	0.70307	0.74139	0.80027
239.5	0.7032	0.74151	0.80041
239.6	0.70333	0.74164	0.80056
239.7	0.70346	0.74177	0.8007
239.8	0.70359	0.74189	0.80084
239.9	0.70372	0.74202	0.80098
240	0.70385	0.74214	0.80113
240.1	0.70397	0.74227	0.80127
240.2	0.7041	0.7424	0.80141
240.3	0.70423	0.74252	0.80155
240.4	0.70435	0.74265	0.80169
240.5	0.70448	0.74278	0.80183
240.6	0.70461	0.74291	0.80197
240.7	0.70473	0.74303	0.80211
240.8	0.70485	0.74316	0.80225
240.9	0.70498	0.74329	0.8024
241	0.7051	0.74342	0.80254
241.1	0.70523	0.74355	0.80268
241.2	0.70535	0.74368	0.80282
241.3	0.70547	0.7438	0.80296
241.4	0.70559	0.74393	0.80309
241.5	0.70572	0.74406	0.80323
241.6	0.70584	0.74419	0.80337
241.7	0.70596	0.74432	0.80351
241.8	0.70608	0.74445	0.80365
241.9	0.7062	0.74458	0.80379
242	0.70632	0.74471	0.80393
242.1	0.70644	0.74485	0.80407
242.2	0.70656	0.74498	0.80421
242.3	0.70668	0.74511	0.80434
242.4	0.70679	0.74524	0.80448
242.5	0.70691	0.74537	0.80462
242.6	0.70703	0.7455	0.80476
242.7	0.70715	0.74563	0.8049
242.8	0.70726	0.74577	0.80503
242.9	0.70738	0.7459	0.80517
243	0.7075	0.74603	0.80531
243.1	0.70761	0.74616	0.80545
243.2	0.70773	0.7463	0.80558
243.3	0.70784	0.74643	0.80572
243.4	0.70796	0.74656	0.80586
243.5	0.70807	0.7467	0.80599
243.6	0.70819	0.74683	0.80613
243.7	0.7083	0.74696	0.80627
243.8	0.70841	0.7471	0.8064
243.9	0.70853	0.74723	0.80654
244	0.70864	0.74736	0.80668
244.1	0.70875	0.7475	0.80681
244.2	0.70886	0.74763	0.80695
244.3	0.70898	0.74777	0.80708
244.4	0.70909	0.7479	0.80722
244.5	0.7092	0.74803	0.80736
244.6	0.70931	0.74817	0.80749
244.7	0.70942	0.7483	0.80763
244.8	0.70953	0.74844	0.80776
244.9	0.70964	0.74857	0.8079
245	0.70975	0.7487	0.80803
245.1	0.70986	0.74884	0.80817
245.2	0.70997	0.74897	0.8083
245.3	0.71008	0.74911	0.80844
245.4	0.71019	0.74924	0.80857
245.5	0.7103	0.74937	0.80871
245.6	0.71041	0.74951	0.80884
245.7	0.71052	0.74964	0.80898
245.8	0.71062	0.74977	0.80911
245.9	0.71073	0.74991	0.80924
246	0.71084	0.75004	0.80938
246.1	0.71095	0.75017	0.80951
246.2	0.71105	0.75031	0.80965
246.3	0.71116	0.75044	0.80978
246.4	0.71127	0.75057	0.80991
246.5	0.71137	0.7507	0.81005
246.6	0.71148	0.75084	0.81018
246.7	0.71159	0.75097	0.81032
246.8	0.71169	0.7511	0.81045
246.9	0.7118	0.75123	0.81058
247	0.7119	0.75136	0.81072
247.1	0.71201	0.75149	0.81085
247.2	0.71211	0.75162	0.81098
247.3	0.71222	0.75175	0.81111
247.4	0.71232	0.75188	0.81125
247.5	0.71243	0.75201	0.81138
247.6	0.71253	0.75214	0.81151
247.7	0.71264	0.75227	0.81165
247.8	0.71274	0.7524	0.81178
247.9	0.71285	0.75253	0.81191
248	0.71295	0.75266	0.81204
248.1	0.71305	0.75279	0.81218
248.2	0.71316	0.75291	0.81231
248.3	0.71326	0.75304	0.81244
248.4	0.71336	0.75317	0.81257
248.5	0.71347	0.75329	0.81271
248.6	0.71357	0.75342	0.81284
248.7	0.71367	0.75354	0.81297
248.8	0.71378	0.75367	0.8131
248.9	0.71388	0.75379	0.81323
249	0.71398	0.75392	0.81336
249.1	0.71409	0.75404	0.8135
249.2	0.71419	0.75416	0.81363
249.3	0.71429	0.75428	0.81376
249.4	0.71439	0.75441	0.81389
249.5	0.7145	0.75453	0.81402
249.6	0.7146	0.75465	0.81415
249.7	0.7147	0.75477	0.81428
249.8	0.71481	0.75489	0.81442
249.9	0.71491	0.75501	0.81455
250	0.71501	0.75513	0.81468
250.1	0.71511	0.75525	0.81481
250.2	0.71522	0.75536	0.81494
250.3	0.71532	0.75548	0.81507
250.4	0.71542	0.7556	0.8152
250.5	0.71552	0.75571	0.81533
250.6	0.71563	0.75583	0.81546
250.7	0.71573	0.75595	0.81559
250.8	0.71583	0.75606	0.81572
250.9	0.71593	0.75618	0.81585
251	0.71604	0.75629	0.81598
251.1	0.71614	0.7564	0.81611
251.2	0.71624	0.75651	0.81624
251.3	0.71634	0.75663	0.81637
251.4	0.71645	0.75674	0.8165
251.5	0.71655	0.75685	0.81663
251.6	0.71665	0.75696	0.81676
251.7	0.71676	0.75707	0.81689
251.8	0.71686	0.75718	0.81702
251.9	0.71696	0.75729	0.81715
252	0.71707	0.7574	0.81728
252.1	0.71717	0.75751	0.81741
252.2	0.71727	0.75761	0.81754
252.3	0.71738	0.75772	0.81767
252.4	0.71748	0.75783	0.8178
252.5	0.71758	0.75793	0.81793
252.6	0.71769	0.75804	0.81806
252.7	0.71779	0.75814	0.81819
252.8	0.7179	0.75825	0.81831
252.9	0.718	0.75835	0.81844
253	0.71811	0.75845	0.81857
253.1	0.71821	0.75856	0.8187
253.2	0.71832	0.75866	0.81883
253.3	0.71842	0.75876	0.81896
253.4	0.71853	0.75886	0.81909
253.5	0.71863	0.75897	0.81921
253.6	0.71874	0.75907	0.81934
253.7	0.71884	0.75917	0.81947
253.8	0.71895	0.75927	0.8196
253.9	0.71906	0.75937	0.81973
254	0.71916	0.75947	0.81985
254.1	0.71927	0.75956	0.81998
254.2	0.71938	0.75966	0.82011
254.3	0.71948	0.75976	0.82024
254.4	0.71959	0.75986	0.82036
254.5	0.7197	0.75996	0.82049
254.6	0.71981	0.76005	0.82062
254.7	0.71991	0.76015	0.82075
254.8	0.72002	0.76025	0.82087
254.9	0.72013	0.76034	0.821
255	0.72024	0.76044	0.82113
255.1	0.72035	0.76054	0.82125
255.2	0.72046	0.76063	0.82138
255.3	0.72057	0.76073	0.82151
255.4	0.72068	0.76082	0.82164
255.5	0.72079	0.76092	0.82176
255.6	0.7209	0.76101	0.82189
255.7	0.72101	0.76111	0.82201
255.8	0.72112	0.7612	0.82214
255.9	0.72123	0.76129	0.82227
256	0.72134	0.76139	0.82239
256.1	0.72145	0.76148	0.82252
256.2	0.72156	0.76158	0.82264
256.3	0.72167	0.76167	0.82277
256.4	0.72179	0.76176	0.8229
256.5	0.7219	0.76186	0.82302
256.6	0.72201	0.76195	0.82315
256.7	0.72213	0.76204	0.82327
256.8	0.72224	0.76214	0.8234
256.9	0.72235	0.76223	0.82352
257	0.72247	0.76232	0.82365
257.1	0.72258	0.76242	0.82377
257.2	0.72269	0.76251	0.8239
257.3	0.72281	0.7626	0.82402
257.4	0.72292	0.7627	0.82415
257.5	0.72304	0.76279	0.82427
257.6	0.72315	0.76288	0.8244
257.7	0.72327	0.76298	0.82452
257.8	0.72339	0.76307	0.82464
257.9	0.7235	0.76316	0.82477
258	0.72362	0.76326	0.82489
258.1	0.72373	0.76335	0.82502
258.2	0.72385	0.76345	0.82514
258.3	0.72397	0.76354	0.82526
258.4	0.72409	0.76364	0.82539
258.5	0.7242	0.76373	0.82551
258.6	0.72432	0.76383	0.82563
258.7	0.72444	0.76392	0.82576
258.8	0.72456	0.76402	0.82588
258.9	0.72468	0.76411	0.826
259	0.72479	0.76421	0.82612
259.1	0.72491	0.7643	0.82625
259.2	0.72503	0.7644	0.82637
259.3	0.72515	0.7645	0.82649
259.4	0.72527	0.76459	0.82661
259.5	0.72539	0.76469	0.82674
259.6	0.72551	0.76479	0.82686
259.7	0.72563	0.76489	0.82698
259.8	0.72575	0.76499	0.8271
259.9	0.72587	0.76508	0.82722
260	0.72599	0.76518	0.82734
260.1	0.72611	0.76528	0.82747
260.2	0.72623	0.76538	0.82759
260.3	0.72636	0.76548	0.82771
260.4	0.72648	0.76558	0.82783
260.5	0.7266	0.76568	0.82795
260.6	0.72672	0.76579	0.82807
260.7	0.72684	0.76589	0.82819
260.8	0.72696	0.76599	0.82831
260.9	0.72709	0.76609	0.82843
261	0.72721	0.7662	0.82855
261.1	0.72733	0.7663	0.82867
261.2	0.72745	0.7664	0.82879
261.3	0.72757	0.76651	0.82891
261.4	0.7277	0.76661	0.82903
261.5	0.72782	0.76672	0.82915
261.6	0.72794	0.76682	0.82927
261.7	0.72806	0.76693	0.82939
261.8	0.72819	0.76704	0.82951
261.9	0.72831	0.76714	0.82963
262	0.72843	0.76725	0.82975
262.1	0.72855	0.76736	0.82987
262.2	0.72868	0.76747	0.82998
262.3	0.7288	0.76758	0.8301
262.4	0.72892	0.76769	0.83022
262.5	0.72904	0.7678	0.83034
262.6	0.72917	0.76791	0.83046
262.7	0.72929	0.76802	0.83057
262.8	0.72941	0.76813	0.83069
262.9	0.72953	0.76824	0.83081
263	0.72966	0.76835	0.83093
263.1	0.72978	0.76847	0.83104
263.2	0.7299	0.76858	0.83116
263.3	0.73002	0.7687	0.83128
263.4	0.73015	0.76881	0.83139
263.5	0.73027	0.76893	0.83151
263.6	0.73039	0.76904	0.83163
263.7	0.73051	0.76916	0.83174
263.8	0.73063	0.76927	0.83186
263.9	0.73076	0.76939	0.83197
264	0.73088	0.76951	0.83209
264.1	0.731	0.76963	0.83221
264.2	0.73112	0.76974	0.83232
264.3	0.73124	0.76986	0.83244
264.4	0.73136	0.76998	0.83255
264.5	0.73148	0.7701	0.83267
264.6	0.7316	0.77022	0.83278
264.7	0.73172	0.77034	0.8329
264.8	0.73184	0.77046	0.83301
264.9	0.73196	0.77058	0.83312
265	0.73208	0.77071	0.83324
265.1	0.7322	0.77083	0.83335
265.2	0.73232	0.77095	0.83347
265.3	0.73244	0.77107	0.83358
265.4	0.73256	0.7712	0.83369
265.5	0.73267	0.77132	0.83381
265.6	0.73279	0.77144	0.83392
265.7	0.73291	0.77157	0.83403
265.8	0.73303	0.77169	0.83415
265.9	0.73314	0.77182	0.83426
266	0.73326	0.77194	0.83437
266.1	0.73338	0.77207	0.83448
266.2	0.73349	0.77219	0.8346
266.3	0.73361	0.77232	0.83471
266.4	0.73373	0.77245	0.83482
266.5	0.73384	0.77257	0.83493
266.6	0.73395	0.7727	0.83504
266.7	0.73407	0.77283	0.83515
266.8	0.73418	0.77296	0.83526
266.9	0.7343	0.77308	0.83538
267	0.73441	0.77321	0.83549
267.1	0.73452	0.77334	0.8356
267.2	0.73464	0.77347	0.83571
267.3	0.73475	0.7736	0.83582
267.4	0.73486	0.77372	0.83593
267.5	0.73497	0.77385	0.83604
267.6	0.73508	0.77398	0.83615
267.7	0.73519	0.77411	0.83626
267.8	0.7353	0.77424	0.83637
267.9	0.73541	0.77437	0.83648
268	0.73552	0.7745	0.83658
268.1	0.73563	0.77463	0.83669
268.2	0.73574	0.77476	0.8368
268.3	0.73584	0.77489	0.83691
268.4	0.73595	0.77502	0.83702
268.5	0.73606	0.77515	0.83713
268.6	0.73616	0.77528	0.83723
268.7	0.73627	0.77541	0.83734
268.8	0.73638	0.77554	0.83745
268.9	0.73648	0.77567	0.83756
269	0.73659	0.7758	0.83766
269.1	0.73669	0.77592	0.83777
269.2	0.73679	0.77605	0.83788
269.3	0.7369	0.77618	0.83798
269.4	0.737	0.77631	0.83809
269.5	0.7371	0.77644	0.8382
269.6	0.7372	0.77657	0.8383
269.7	0.7373	0.7767	0.83841
269.8	0.7374	0.77683	0.83852
269.9	0.7375	0.77696	0.83862
270	0.7376	0.77709	0.83873
270.1	0.7377	0.77721	0.83883
270.2	0.7378	0.77734	0.83894
270.3	0.7379	0.77747	0.83904
270.4	0.738	0.7776	0.83915
270.5	0.7381	0.77773	0.83925
270.6	0.73819	0.77785	0.83936
270.7	0.73829	0.77798	0.83946
270.8	0.73838	0.77811	0.83956
270.9	0.73848	0.77823	0.83967
271	0.73857	0.77836	0.83977
271.1	0.73867	0.77849	0.83987
271.2	0.73876	0.77861	0.83998
271.3	0.73886	0.77874	0.84008
271.4	0.73895	0.77886	0.84018
271.5	0.73904	0.77899	0.84029
271.6	0.73913	0.77911	0.84039
271.7	0.73922	0.77923	0.84049
271.8	0.73932	0.77936	0.84059
271.9	0.73941	0.77948	0.8407
272	0.7395	0.7796	0.8408
272.1	0.73959	0.77973	0.8409
272.2	0.73967	0.77985	0.841
272.3	0.73976	0.77997	0.8411
272.4	0.73985	0.78009	0.8412
272.5	0.73994	0.78021	0.8413
272.6	0.74003	0.78033	0.8414
272.7	0.74011	0.78045	0.84151
272.8	0.7402	0.78057	0.84161
272.9	0.74029	0.78069	0.84171
273	0.74037	0.78081	0.84181
273.1	0.74046	0.78093	0.84191
273.2	0.74054	0.78104	0.84201
273.3	0.74063	0.78116	0.8421
273.4	0.74071	0.78128	0.8422
273.5	0.74079	0.78139	0.8423
273.6	0.74088	0.78151	0.8424
273.7	0.74096	0.78162	0.8425
273.8	0.74104	0.78174	0.8426
273.9	0.74113	0.78185	0.8427
274	0.74121	0.78197	0.8428
274.1	0.74129	0.78208	0.84289
274.2	0.74137	0.78219	0.84299
274.3	0.74145	0.7823	0.84309
274.4	0.74153	0.78242	0.84319
274.5	0.74161	0.78253	0.84328
274.6	0.74169	0.78264	0.84338
274.7	0.74177	0.78275	0.84348
274.8	0.74185	0.78286	0.84358
274.9	0.74193	0.78296	0.84367
275	0.74201	0.78307	0.84377
275.1	0.74209	0.78318	0.84386
275.2	0.74216	0.78329	0.84396
275.3	0.74224	0.78339	0.84406
275.4	0.74232	0.7835	0.84415
275.5	0.7424	0.7836	0.84425
275.6	0.74247	0.78371	0.84434
275.7	0.74255	0.78381	0.84444
275.8	0.74263	0.78392	0.84453
275.9	0.7427	0.78402	0.84463
276	0.74278	0.78412	0.84472
276.1	0.74286	0.78422	0.84482
276.2	0.74293	0.78433	0.84491
276.3	0.74301	0.78443	0.84501
276.4	0.74308	0.78453	0.8451
276.5	0.74316	0.78463	0.84519
276.6	0.74323	0.78472	0.84529
276.7	0.74331	0.78482	0.84538
276.8	0.74338	0.78492	0.84547
276.9	0.74346	0.78502	0.84557
277	0.74353	0.78511	0.84566
277.1	0.74361	0.78521	0.84575
277.2	0.74368	0.78531	0.84585
277.3	0.74375	0.7854	0.84594
277.4	0.74383	0.7855	0.84603
277.5	0.7439	0.78559	0.84612
277.6	0.74398	0.78568	0.84621
277.7	0.74405	0.78578	0.84631
277.8	0.74412	0.78587	0.8464
277.9	0.7442	0.78596	0.84649
278	0.74427	0.78605	0.84658
278.1	0.74434	0.78614	0.84667
278.2	0.74442	0.78623	0.84676
278.3	0.74449	0.78632	0.84685
278.4	0.74456	0.78641	0.84694
278.5	0.74464	0.7865	0.84703
278.6	0.74471	0.78659	0.84712
278.7	0.74479	0.78667	0.84721
278.8	0.74486	0.78676	0.8473
278.9	0.74493	0.78685	0.84739
279	0.74501	0.78693	0.84748
279.1	0.74508	0.78702	0.84757
279.2	0.74515	0.7871	0.84766
279.3	0.74523	0.78719	0.84775
279.4	0.7453	0.78727	0.84784
279.5	0.74537	0.78736	0.84793
279.6	0.74545	0.78744	0.84802
279.7	0.74552	0.78752	0.84811
279.8	0.7456	0.78761	0.84819
279.9	0.74567	0.78769	0.84828
280	0.74574	0.78777	0.84837
280.1	0.74582	0.78785	0.84846
280.2	0.74589	0.78793	0.84854
280.3	0.74597	0.78801	0.84863
280.4	0.74604	0.78809	0.84872
280.5	0.74612	0.78817	0.84881
280.6	0.74619	0.78825	0.84889
280.7	0.74627	0.78833	0.84898
280.8	0.74634	0.7884	0.84907
280.9	0.74642	0.78848	0.84915
281	0.74649	0.78856	0.84924
281.1	0.74657	0.78864	0.84933
281.2	0.74664	0.78871	0.84941
281.3	0.74672	0.78879	0.8495
281.4	0.74679	0.78886	0.84958
281.5	0.74687	0.78894	0.84967
281.6	0.74695	0.78901	0.84975
281.7	0.74702	0.78909	0.84984
281.8	0.7471	0.78916	0.84992
281.9	0.74718	0.78924	0.85001
282	0.74725	0.78931	0.85009
282.1	0.74733	0.78938	0.85018
282.2	0.74741	0.78946	0.85026
282.3	0.74749	0.78953	0.85035
282.4	0.74756	0.7896	0.85043
282.5	0.74764	0.78967	0.85052
282.6	0.74772	0.78975	0.8506
282.7	0.7478	0.78982	0.85068
282.8	0.74788	0.78989	0.85077
282.9	0.74796	0.78996	0.85085
283	0.74803	0.79003	0.85093
283.1	0.74811	0.7901	0.85102
283.2	0.74819	0.79017	0.8511
283.3	0.74827	0.79024	0.85118
283.4	0.74835	0.79031	0.85127
283.5	0.74843	0.79038	0.85135
283.6	0.74851	0.79045	0.85143
283.7	0.74859	0.79052	0.85151
283.8	0.74867	0.79058	0.8516
283.9	0.74876	0.79065	0.85168
284	0.74884	0.79072	0.85176
284.1	0.74892	0.79079	0.85184
284.2	0.749	0.79086	0.85192
284.3	0.74908	0.79092	0.852
284.4	0.74916	0.79099	0.85208
284.5	0.74925	0.79106	0.85217
284.6	0.74933	0.79113	0.85225
284.7	0.74941	0.79119	0.85233
284.8	0.74949	0.79126	0.85241
284.9	0.74958	0.79133	0.85249
285	0.74966	0.79139	0.85257
285.1	0.74974	0.79146	0.85265
285.2	0.74983	0.79152	0.85273
285.3	0.74991	0.79159	0.85281
285.4	0.74999	0.79165	0.85289
285.5	0.75008	0.79172	0.85297
285.6	0.75016	0.79178	0.85305
285.7	0.75025	0.79185	0.85313
285.8	0.75033	0.79191	0.85321
285.9	0.75042	0.79198	0.85329
286	0.7505	0.79204	0.85337
286.1	0.75059	0.79211	0.85344
286.2	0.75067	0.79217	0.85352
286.3	0.75076	0.79224	0.8536
286.4	0.75085	0.7923	0.85368
286.5	0.75093	0.79236	0.85376
286.6	0.75102	0.79243	0.85384
286.7	0.7511	0.79249	0.85391
286.8	0.75119	0.79256	0.85399
286.9	0.75128	0.79262	0.85407
287	0.75136	0.79268	0.85415
287.1	0.75145	0.79274	0.85423
287.2	0.75154	0.79281	0.8543
287.3	0.75163	0.79287	0.85438
287.4	0.75171	0.79293	0.85446
287.5	0.7518	0.793	0.85453
287.6	0.75189	0.79306	0.85461
287.7	0.75198	0.79312	0.85469
287.8	0.75206	0.79318	0.85476
287.9	0.75215	0.79325	0.85484
288	0.75224	0.79331	0.85492
288.1	0.75233	0.79337	0.85499
288.2	0.75242	0.79343	0.85507
288.3	0.75251	0.79349	0.85515
288.4	0.75259	0.79356	0.85522
288.5	0.75268	0.79362	0.8553
288.6	0.75277	0.79368	0.85537
288.7	0.75286	0.79374	0.85545
288.8	0.75295	0.7938	0.85552
288.9	0.75304	0.79386	0.8556
289	0.75313	0.79393	0.85567
289.1	0.75321	0.79399	0.85575
289.2	0.7533	0.79405	0.85582
289.3	0.75339	0.79411	0.8559
289.4	0.75348	0.79417	0.85597
289.5	0.75357	0.79423	0.85605
289.6	0.75366	0.79429	0.85612
289.7	0.75375	0.79435	0.8562
289.8	0.75384	0.79441	0.85627
289.9	0.75393	0.79447	0.85635
290	0.75401	0.79454	0.85642
290.1	0.7541	0.7946	0.85649
290.2	0.75419	0.79466	0.85657
290.3	0.75428	0.79472	0.85664
290.4	0.75437	0.79478	0.85671
290.5	0.75446	0.79484	0.85679
290.6	0.75455	0.7949	0.85686
290.7	0.75464	0.79496	0.85693
290.8	0.75472	0.79502	0.85701
290.9	0.75481	0.79508	0.85708
291	0.7549	0.79514	0.85715
291.1	0.75499	0.7952	0.85722
291.2	0.75508	0.79526	0.8573
291.3	0.75517	0.79532	0.85737
291.4	0.75525	0.79538	0.85744
291.5	0.75534	0.79544	0.85751
291.6	0.75543	0.7955	0.85759
291.7	0.75552	0.79556	0.85766
291.8	0.7556	0.79562	0.85773
291.9	0.75569	0.79568	0.8578
292	0.75578	0.79574	0.85787
292.1	0.75587	0.79579	0.85794
292.2	0.75595	0.79585	0.85802
292.3	0.75604	0.79591	0.85809
292.4	0.75613	0.79597	0.85816
292.5	0.75621	0.79603	0.85823
292.6	0.7563	0.79609	0.8583
292.7	0.75638	0.79615	0.85837
292.8	0.75647	0.79621	0.85844
292.9	0.75656	0.79627	0.85851
293	0.75664	0.79633	0.85858
293.1	0.75673	0.79638	0.85865
293.2	0.75681	0.79644	0.85872
293.3	0.7569	0.7965	0.85879
293.4	0.75698	0.79656	0.85886
293.5	0.75706	0.79662	0.85893
293.6	0.75715	0.79668	0.859
293.7	0.75723	0.79674	0.85907
293.8	0.75731	0.7968	0.85914
293.9	0.7574	0.79685	0.85921
294	0.75748	0.79691	0.85928
294.1	0.75756	0.79697	0.85935
294.2	0.75765	0.79703	0.85942
294.3	0.75773	0.79709	0.85949
294.4	0.75781	0.79714	0.85956
294.5	0.75789	0.7972	0.85963
294.6	0.75797	0.79726	0.85969
294.7	0.75805	0.79732	0.85976
294.8	0.75813	0.79738	0.85983
294.9	0.75821	0.79744	0.8599
295	0.75829	0.79749	0.85997
295.1	0.75837	0.79755	0.86004
295.2	0.75845	0.79761	0.86011
295.3	0.75853	0.79767	0.86017
295.4	0.75861	0.79772	0.86024
295.5	0.75869	0.79778	0.86031
295.6	0.75877	0.79784	0.86038
295.7	0.75884	0.7979	0.86044
295.8	0.75892	0.79796	0.86051
295.9	0.759	0.79801	0.86058
296	0.75907	0.79807	0.86065
296.1	0.75915	0.79813	0.86071
296.2	0.75923	0.79819	0.86078
296.3	0.7593	0.79824	0.86085
296.4	0.75938	0.7983	0.86091
296.5	0.75945	0.79836	0.86098
296.6	0.75952	0.79841	0.86105
296.7	0.7596	0.79847	0.86112
296.8	0.75967	0.79853	0.86118
296.9	0.75975	0.79859	0.86125
297	0.75982	0.79864	0.86131
297.1	0.75989	0.7987	0.86138
297.2	0.75996	0.79876	0.86145
297.3	0.76003	0.79882	0.86151
297.4	0.76011	0.79887	0.86158
297.5	0.76018	0.79893	0.86164
297.6	0.76025	0.79899	0.86171
297.7	0.76032	0.79904	0.86178
297.8	0.76039	0.7991	0.86184
297.9	0.76046	0.79916	0.86191
298	0.76052	0.79922	0.86197
298.1	0.76059	0.79927	0.86204
298.2	0.76066	0.79933	0.8621
298.3	0.76073	0.79939	0.86217
298.4	0.7608	0.79944	0.86223
298.5	0.76086	0.7995	0.8623
298.6	0.76093	0.79956	0.86236
298.7	0.761	0.79961	0.86243
298.8	0.76106	0.79967	0.86249
298.9	0.76113	0.79973	0.86256
299	0.76119	0.79979	0.86262
299.1	0.76126	0.79984	0.86269
299.2	0.76132	0.7999	0.86275
299.3	0.76138	0.79996	0.86281
299.4	0.76145	0.80001	0.86288
299.5	0.76151	0.80007	0.86294
299.6	0.76157	0.80013	0.86301
299.7	0.76163	0.80018	0.86307
299.8	0.7617	0.80024	0.86313
299.9	0.76176	0.8003	0.8632
300	0.76182	0.80036	0.86326
300.1	0.76188	0.80041	0.86332
300.2	0.76194	0.80047	0.86339
300.3	0.762	0.80053	0.86345
300.4	0.76206	0.80058	0.86351
300.5	0.76212	0.80064	0.86358
300.6	0.76218	0.8007	0.86364
300.7	0.76224	0.80076	0.8637
300.8	0.76229	0.80081	0.86377
300.9	0.76235	0.80087	0.86383
301	0.76241	0.80093	0.86389
301.1	0.76247	0.80098	0.86395
301.2	0.76252	0.80104	0.86402
301.3	0.76258	0.8011	0.86408
301.4	0.76263	0.80116	0.86414
301.5	0.76269	0.80121	0.8642
301.6	0.76275	0.80127	0.86427
301.7	0.7628	0.80133	0.86433
301.8	0.76286	0.80139	0.86439
301.9	0.76291	0.80144	0.86445
302	0.76296	0.8015	0.86451
302.1	0.76302	0.80156	0.86457
302.2	0.76307	0.80162	0.86464
302.3	0.76313	0.80167	0.8647
302.4	0.76318	0.80173	0.86476
302.5	0.76323	0.80179	0.86482
302.6	0.76328	0.80185	0.86488
302.7	0.76334	0.8019	0.86494
302.8	0.76339	0.80196	0.865
302.9	0.76344	0.80202	0.86507
303	0.76349	0.80208	0.86513
303.1	0.76354	0.80214	0.86519
303.2	0.76359	0.80219	0.86525
303.3	0.76364	0.80225	0.86531
303.4	0.76369	0.80231	0.86537
303.5	0.76374	0.80237	0.86543
303.6	0.76379	0.80243	0.86549
303.7	0.76384	0.80249	0.86555
303.8	0.76389	0.80254	0.86561
303.9	0.76394	0.8026	0.86567
304	0.76399	0.80266	0.86573
304.1	0.76404	0.80272	0.86579
304.2	0.76409	0.80278	0.86585
304.3	0.76414	0.80284	0.86591
304.4	0.76419	0.80289	0.86597
304.5	0.76424	0.80295	0.86603
304.6	0.76428	0.80301	0.86609
304.7	0.76433	0.80307	0.86615
304.8	0.76438	0.80313	0.86621
304.9	0.76443	0.80319	0.86627
305	0.76448	0.80325	0.86633
305.1	0.76452	0.80331	0.86639
305.2	0.76457	0.80336	0.86645
305.3	0.76462	0.80342	0.8665
305.4	0.76467	0.80348	0.86656
305.5	0.76471	0.80354	0.86662
305.6	0.76476	0.8036	0.86668
305.7	0.76481	0.80366	0.86674
305.8	0.76485	0.80372	0.8668
305.9	0.7649	0.80378	0.86686
306	0.76495	0.80384	0.86692
306.1	0.76499	0.8039	0.86697
306.2	0.76504	0.80396	0.86703
306.3	0.76509	0.80402	0.86709
306.4	0.76514	0.80408	0.86715
306.5	0.76518	0.80414	0.86721
306.6	0.76523	0.8042	0.86727
306.7	0.76528	0.80426	0.86732
306.8	0.76532	0.80432	0.86738
306.9	0.76537	0.80438	0.86744
307	0.76542	0.80444	0.8675
307.1	0.76546	0.8045	0.86755
307.2	0.76551	0.80456	0.86761
307.3	0.76556	0.80462	0.86767
307.4	0.7656	0.80468	0.86773
307.5	0.76565	0.80474	0.86778
307.6	0.7657	0.8048	0.86784
307.7	0.76574	0.80486	0.8679
307.8	0.76579	0.80492	0.86796
307.9	0.76584	0.80498	0.86801
308	0.76589	0.80504	0.86807
308.1	0.76593	0.8051	0.86813
308.2	0.76598	0.80516	0.86818
308.3	0.76603	0.80522	0.86824
308.4	0.76608	0.80528	0.8683
308.5	0.76613	0.80534	0.86835
308.6	0.76617	0.8054	0.86841
308.7	0.76622	0.80546	0.86847
308.8	0.76627	0.80552	0.86852
308.9	0.76632	0.80559	0.86858
309	0.76637	0.80565	0.86863
309.1	0.76642	0.80571	0.86869
309.2	0.76646	0.80577	0.86875
309.3	0.76651	0.80583	0.8688
309.4	0.76656	0.80589	0.86886
309.5	0.76661	0.80595	0.86891
309.6	0.76666	0.80601	0.86897
309.7	0.76671	0.80607	0.86902
309.8	0.76676	0.80614	0.86908
309.9	0.76681	0.8062	0.86914
310	0.76686	0.80626	0.86919
310.1	0.76691	0.80632	0.86925
310.2	0.76696	0.80638	0.8693
310.3	0.76701	0.80644	0.86936
310.4	0.76706	0.8065	0.86941
310.5	0.76711	0.80657	0.86947
310.6	0.76717	0.80663	0.86952
310.7	0.76722	0.80669	0.86958
310.8	0.76727	0.80675	0.86963
310.9	0.76732	0.80681	0.86969
311	0.76737	0.80687	0.86974
311.1	0.76743	0.80693	0.8698
311.2	0.76748	0.807	0.86985
311.3	0.76753	0.80706	0.8699
311.4	0.76759	0.80712	0.86996
311.5	0.76764	0.80718	0.87001
311.6	0.76769	0.80724	0.87007
311.7	0.76775	0.8073	0.87012
311.8	0.7678	0.80737	0.87017
311.9	0.76786	0.80743	0.87023
312	0.76791	0.80749	0.87028
312.1	0.76796	0.80755	0.87034
312.2	0.76802	0.80761	0.87039
312.3	0.76808	0.80767	0.87044
312.4	0.76813	0.80774	0.8705
312.5	0.76819	0.8078	0.87055
312.6	0.76824	0.80786	0.8706
312.7	0.7683	0.80792	0.87066
312.8	0.76836	0.80798	0.87071
312.9	0.76841	0.80804	0.87076
313	0.76847	0.80811	0.87082
313.1	0.76853	0.80817	0.87087
313.2	0.76858	0.80823	0.87092
313.3	0.76864	0.80829	0.87097
313.4	0.7687	0.80835	0.87103
313.5	0.76876	0.80841	0.87108
313.6	0.76882	0.80847	0.87113
313.7	0.76888	0.80854	0.87118
313.8	0.76893	0.8086	0.87124
313.9	0.76899	0.80866	0.87129
314	0.76905	0.80872	0.87134
314.1	0.76911	0.80878	0.87139
314.2	0.76917	0.80884	0.87145
314.3	0.76923	0.8089	0.8715
314.4	0.76929	0.80896	0.87155
314.5	0.76935	0.80903	0.8716
314.6	0.76941	0.80909	0.87165
314.7	0.76948	0.80915	0.8717
314.8	0.76954	0.80921	0.87176
314.9	0.7696	0.80927	0.87181
315	0.76966	0.80933	0.87186
315.1	0.76972	0.80939	0.87191
315.2	0.76978	0.80945	0.87196
315.3	0.76985	0.80951	0.87201
315.4	0.76991	0.80957	0.87206
315.5	0.76997	0.80963	0.87211
315.6	0.77003	0.80969	0.87217
315.7	0.7701	0.80975	0.87222
315.8	0.77016	0.80981	0.87227
315.9	0.77022	0.80987	0.87232
316	0.77029	0.80993	0.87237
316.1	0.77035	0.80999	0.87242
316.2	0.77041	0.81005	0.87247
316.3	0.77048	0.81011	0.87252
316.4	0.77054	0.81017	0.87257
316.5	0.77061	0.81023	0.87262
316.6	0.77067	0.81029	0.87267
316.7	0.77073	0.81035	0.87272
316.8	0.7708	0.81041	0.87277
316.9	0.77086	0.81047	0.87282
317	0.77093	0.81053	0.87287
317.1	0.77099	0.81059	0.87292
317.2	0.77106	0.81065	0.87297
317.3	0.77112	0.81071	0.87302
317.4	0.77119	0.81077	0.87307
317.5	0.77125	0.81083	0.87312
317.6	0.77132	0.81088	0.87317
317.7	0.77138	0.81094	0.87321
317.8	0.77145	0.811	0.87326
317.9	0.77151	0.81106	0.87331
318	0.77158	0.81112	0.87336
318.1	0.77165	0.81118	0.87341
318.2	0.77171	0.81123	0.87346
318.3	0.77178	0.81129	0.87351
318.4	0.77184	0.81135	0.87356
318.5	0.77191	0.81141	0.8736
318.6	0.77197	0.81146	0.87365
318.7	0.77204	0.81152	0.8737
318.8	0.77211	0.81158	0.87375
318.9	0.77217	0.81164	0.8738
319	0.77224	0.81169	0.87384
319.1	0.7723	0.81175	0.87389
319.2	0.77237	0.81181	0.87394
319.3	0.77244	0.81186	0.87399
319.4	0.7725	0.81192	0.87404
319.5	0.77257	0.81198	0.87408
319.6	0.77263	0.81203	0.87413
319.7	0.7727	0.81209	0.87418
319.8	0.77276	0.81214	0.87423
319.9	0.77283	0.8122	0.87427
320	0.77289	0.81225	0.87432
320.1	0.77296	0.81231	0.87437
320.2	0.77303	0.81237	0.87441
320.3	0.77309	0.81242	0.87446
320.4	0.77316	0.81248	0.87451
320.5	0.77322	0.81253	0.87455
320.6	0.77329	0.81259	0.8746
320.7	0.77335	0.81264	0.87465
320.8	0.77341	0.81269	0.87469
320.9	0.77348	0.81275	0.87474
321	0.77354	0.8128	0.87479
321.1	0.77361	0.81286	0.87483
321.2	0.77367	0.81291	0.87488
321.3	0.77374	0.81296	0.87492
321.4	0.7738	0.81302	0.87497
321.5	0.77386	0.81307	0.87502
321.6	0.77393	0.81312	0.87506
321.7	0.77399	0.81318	0.87511
321.8	0.77405	0.81323	0.87515
321.9	0.77412	0.81328	0.8752
322	0.77418	0.81334	0.87524
322.1	0.77424	0.81339	0.87529
322.2	0.7743	0.81344	0.87533
322.3	0.77437	0.81349	0.87538
322.4	0.77443	0.81355	0.87542
322.5	0.77449	0.8136	0.87547
322.6	0.77455	0.81365	0.87551
322.7	0.77461	0.8137	0.87556
322.8	0.77467	0.81375	0.8756
322.9	0.77473	0.8138	0.87565
323	0.77479	0.81385	0.87569
323.1	0.77485	0.8139	0.87573
323.2	0.77491	0.81396	0.87578
323.3	0.77497	0.81401	0.87582
323.4	0.77503	0.81406	0.87587
323.5	0.77509	0.81411	0.87591
323.6	0.77515	0.81416	0.87595
323.7	0.77521	0.81421	0.876
323.8	0.77527	0.81426	0.87604
323.9	0.77533	0.81431	0.87609
324	0.77539	0.81436	0.87613
324.1	0.77544	0.81441	0.87617
324.2	0.7755	0.81445	0.87621
324.3	0.77556	0.8145	0.87626
324.4	0.77561	0.81455	0.8763
324.5	0.77567	0.8146	0.87634
324.6	0.77573	0.81465	0.87639
324.7	0.77578	0.8147	0.87643
324.8	0.77584	0.81475	0.87647
324.9	0.77589	0.8148	0.87651
325	0.77595	0.81484	0.87656
325.1	0.776	0.81489	0.8766
325.2	0.77606	0.81494	0.87664
325.3	0.77611	0.81499	0.87668
325.4	0.77616	0.81503	0.87673
325.5	0.77622	0.81508	0.87677
325.6	0.77627	0.81513	0.87681
325.7	0.77632	0.81518	0.87685
325.8	0.77638	0.81522	0.87689
325.9	0.77643	0.81527	0.87693
326	0.77648	0.81532	0.87698
326.1	0.77653	0.81536	0.87702
326.2	0.77658	0.81541	0.87706
326.3	0.77663	0.81546	0.8771
326.4	0.77668	0.8155	0.87714
326.5	0.77673	0.81555	0.87718
326.6	0.77678	0.81559	0.87722
326.7	0.77683	0.81564	0.87726
326.8	0.77688	0.81568	0.8773
326.9	0.77693	0.81573	0.87735
327	0.77698	0.81578	0.87739
327.1	0.77702	0.81582	0.87743
327.2	0.77707	0.81587	0.87747
327.3	0.77712	0.81591	0.87751
327.4	0.77717	0.81595	0.87755
327.5	0.77721	0.816	0.87759
327.6	0.77726	0.81604	0.87763
327.7	0.7773	0.81609	0.87767
327.8	0.77735	0.81613	0.87771
327.9	0.77739	0.81618	0.87775
328	0.77744	0.81622	0.87779
328.1	0.77748	0.81626	0.87783
328.2	0.77753	0.81631	0.87786
328.3	0.77757	0.81635	0.8779
328.4	0.77761	0.8164	0.87794
328.5	0.77766	0.81644	0.87798
328.6	0.7777	0.81648	0.87802
328.7	0.77774	0.81653	0.87806
328.8	0.77778	0.81657	0.8781
328.9	0.77782	0.81661	0.87814
329	0.77786	0.81665	0.87818
329.1	0.7779	0.8167	0.87821
329.2	0.77794	0.81674	0.87825
329.3	0.77798	0.81678	0.87829
329.4	0.77802	0.81682	0.87833
329.5	0.77806	0.81687	0.87837
329.6	0.7781	0.81691	0.87841
329.7	0.77814	0.81695	0.87844
329.8	0.77818	0.81699	0.87848
329.9	0.77822	0.81703	0.87852
330	0.77825	0.81708	0.87856
330.1	0.77829	0.81712	0.87859
330.2	0.77833	0.81716	0.87863
330.3	0.77836	0.8172	0.87867
330.4	0.7784	0.81724	0.87871
330.5	0.77844	0.81728	0.87874
330.6	0.77847	0.81732	0.87878
330.7	0.77851	0.81736	0.87882
330.8	0.77854	0.8174	0.87886
330.9	0.77857	0.81745	0.87889
331	0.77861	0.81749	0.87893
331.1	0.77864	0.81753	0.87897
331.2	0.77868	0.81757	0.879
331.3	0.77871	0.81761	0.87904
331.4	0.77874	0.81765	0.87908
331.5	0.77877	0.81769	0.87911
331.6	0.77881	0.81773	0.87915
331.7	0.77884	0.81777	0.87918
331.8	0.77887	0.81781	0.87922
331.9	0.7789	0.81784	0.87926
332	0.77893	0.81788	0.87929
332.1	0.77896	0.81792	0.87933
332.2	0.77899	0.81796	0.87936
332.3	0.77902	0.818	0.8794
332.4	0.77905	0.81804	0.87943
332.5	0.77908	0.81808	0.87947
332.6	0.77911	0.81812	0.87951
332.7	0.77914	0.81816	0.87954
332.8	0.77916	0.81819	0.87958
332.9	0.77919	0.81823	0.87961
333	0.77922	0.81827	0.87965
333.1	0.77925	0.81831	0.87968
333.2	0.77927	0.81835	0.87972
333.3	0.7793	0.81838	0.87975
333.4	0.77933	0.81842	0.87979
333.5	0.77935	0.81846	0.87982
333.6	0.77938	0.81849	0.87985
333.7	0.7794	0.81853	0.87989
333.8	0.77943	0.81857	0.87992
333.9	0.77945	0.81861	0.87996
334	0.77948	0.81864	0.87999
334.1	0.7795	0.81868	0.88003
334.2	0.77953	0.81871	0.88006
334.3	0.77955	0.81875	0.88009
334.4	0.77957	0.81879	0.88013
334.5	0.7796	0.81882	0.88016
334.6	0.77962	0.81886	0.8802
334.7	0.77964	0.81889	0.88023
334.8	0.77966	0.81893	0.88026
334.9	0.77969	0.81896	0.8803
335	0.77971	0.819	0.88033
335.1	0.77973	0.81903	0.88036
335.2	0.77975	0.81907	0.8804
335.3	0.77977	0.8191	0.88043
335.4	0.77979	0.81914	0.88046
335.5	0.77981	0.81917	0.8805
335.6	0.77983	0.81921	0.88053
335.7	0.77985	0.81924	0.88056
335.8	0.77987	0.81927	0.88059
335.9	0.77989	0.81931	0.88063
336	0.77991	0.81934	0.88066
336.1	0.77993	0.81937	0.88069
336.2	0.77995	0.81941	0.88073
336.3	0.77997	0.81944	0.88076
336.4	0.77999	0.81947	0.88079
336.5	0.78001	0.8195	0.88082
336.6	0.78002	0.81954	0.88085
336.7	0.78004	0.81957	0.88089
336.8	0.78006	0.8196	0.88092
336.9	0.78008	0.81963	0.88095
337	0.78009	0.81966	0.88098
337.1	0.78011	0.81969	0.88101
337.2	0.78013	0.81972	0.88105
337.3	0.78014	0.81975	0.88108
337.4	0.78016	0.81978	0.88111
337.5	0.78017	0.81981	0.88114
337.6	0.78019	0.81984	0.88117
337.7	0.78021	0.81987	0.88121
337.8	0.78022	0.8199	0.88124
337.9	0.78024	0.81993	0.88127
338	0.78025	0.81996	0.8813
338.1	0.78027	0.81999	0.88133
338.2	0.78028	0.82002	0.88136
338.3	0.78029	0.82005	0.88139
338.4	0.78031	0.82008	0.88142
338.5	0.78032	0.8201	0.88146
338.6	0.78034	0.82013	0.88149
338.7	0.78035	0.82016	0.88152
338.8	0.78036	0.82019	0.88155
338.9	0.78038	0.82021	0.88158
339	0.78039	0.82024	0.88161
339.1	0.7804	0.82027	0.88164
339.2	0.78042	0.82029	0.88167
339.3	0.78043	0.82032	0.8817
339.4	0.78044	0.82034	0.88173
339.5	0.78045	0.82037	0.88176
339.6	0.78046	0.82039	0.88179
339.7	0.78048	0.82042	0.88182
339.8	0.78049	0.82044	0.88185
339.9	0.7805	0.82047	0.88188
340	0.78051	0.82049	0.88191
340.1	0.78052	0.82052	0.88194
340.2	0.78053	0.82054	0.88197
340.3	0.78054	0.82056	0.882
340.4	0.78056	0.82059	0.88203
340.5	0.78057	0.82061	0.88206
340.6	0.78058	0.82063	0.88209
340.7	0.78059	0.82065	0.88212
340.8	0.7806	0.82067	0.88215
340.9	0.78061	0.8207	0.88218
341	0.78062	0.82072	0.88221
341.1	0.78063	0.82074	0.88224
341.2	0.78064	0.82076	0.88227
341.3	0.78065	0.82078	0.8823
341.4	0.78066	0.8208	0.88233
341.5	0.78067	0.82082	0.88236
341.6	0.78068	0.82084	0.88239
341.7	0.78069	0.82086	0.88242
341.8	0.7807	0.82088	0.88245
341.9	0.7807	0.8209	0.88248
342	0.78071	0.82092	0.88251
342.1	0.78072	0.82094	0.88254
342.2	0.78073	0.82095	0.88257
342.3	0.78074	0.82097	0.8826
342.4	0.78075	0.82099	0.88263
342.5	0.78076	0.82101	0.88266
342.6	0.78077	0.82102	0.88268
342.7	0.78077	0.82104	0.88271
342.8	0.78078	0.82106	0.88274
342.9	0.78079	0.82108	0.88277
343	0.7808	0.82109	0.8828
343.1	0.78081	0.82111	0.88283
343.2	0.78082	0.82112	0.88286
343.3	0.78082	0.82114	0.88289
343.4	0.78083	0.82115	0.88292
343.5	0.78084	0.82117	0.88295
343.6	0.78085	0.82118	0.88297
343.7	0.78086	0.8212	0.883
343.8	0.78086	0.82121	0.88303
343.9	0.78087	0.82123	0.88306
344	0.78088	0.82124	0.88309
344.1	0.78089	0.82125	0.88312
344.2	0.7809	0.82127	0.88315
344.3	0.7809	0.82128	0.88318
344.4	0.78091	0.82129	0.8832
344.5	0.78092	0.82131	0.88323
344.6	0.78093	0.82132	0.88326
344.7	0.78094	0.82133	0.88329
344.8	0.78094	0.82135	0.88332
344.9	0.78095	0.82136	0.88335
345	0.78096	0.82137	0.88337
345.1	0.78097	0.82138	0.8834
345.2	0.78097	0.82139	0.88343
345.3	0.78098	0.8214	0.88346
345.4	0.78099	0.82142	0.88349
345.5	0.781	0.82143	0.88352
345.6	0.78101	0.82144	0.88355
345.7	0.78101	0.82145	0.88357
345.8	0.78102	0.82146	0.8836
345.9	0.78103	0.82147	0.88363
346	0.78104	0.82148	0.88366
346.1	0.78105	0.82149	0.88369
346.2	0.78106	0.8215	0.88371
346.3	0.78106	0.82151	0.88374
346.4	0.78107	0.82152	0.88377
346.5	0.78108	0.82153	0.8838
346.6	0.78109	0.82154	0.88383
346.7	0.7811	0.82155	0.88386
346.8	0.78111	0.82156	0.88388
346.9	0.78111	0.82157	0.88391
347	0.78112	0.82158	0.88394
347.1	0.78113	0.82159	0.88397
347.2	0.78114	0.82159	0.884
347.3	0.78115	0.8216	0.88402
347.4	0.78116	0.82161	0.88405
347.5	0.78117	0.82162	0.88408
347.6	0.78118	0.82163	0.88411
347.7	0.78119	0.82164	0.88414
347.8	0.7812	0.82165	0.88416
347.9	0.78121	0.82166	0.88419
348	0.78121	0.82167	0.88422
348.1	0.78122	0.82167	0.88425
348.2	0.78123	0.82168	0.88428
348.3	0.78124	0.82169	0.8843
348.4	0.78125	0.8217	0.88433
348.5	0.78126	0.82171	0.88436
348.6	0.78127	0.82172	0.88439
348.7	0.78129	0.82173	0.88442
348.8	0.7813	0.82173	0.88444
348.9	0.78131	0.82174	0.88447
349	0.78132	0.82175	0.8845
349.1	0.78133	0.82176	0.88453
349.2	0.78134	0.82177	0.88455
349.3	0.78135	0.82178	0.88458
349.4	0.78136	0.82179	0.88461
349.5	0.78137	0.82179	0.88464
349.6	0.78138	0.8218	0.88467
349.7	0.7814	0.82181	0.88469
349.8	0.78141	0.82182	0.88472
349.9	0.78142	0.82183	0.88475
350	0.78143	0.82184	0.88478
350.1	0.78144	0.82185	0.88481
350.2	0.78146	0.82186	0.88483
350.3	0.78147	0.82187	0.88486
350.4	0.78148	0.82188	0.88489
350.5	0.7815	0.82189	0.88492
350.6	0.78151	0.8219	0.88494
350.7	0.78152	0.82191	0.88497
350.8	0.78154	0.82192	0.885
350.9	0.78155	0.82193	0.88503
351	0.78156	0.82194	0.88506
351.1	0.78158	0.82195	0.88508
351.2	0.78159	0.82196	0.88511
351.3	0.78161	0.82197	0.88514
351.4	0.78162	0.82198	0.88517
351.5	0.78163	0.82199	0.8852
351.6	0.78165	0.822	0.88522
351.7	0.78166	0.82201	0.88525
351.8	0.78168	0.82202	0.88528
351.9	0.78169	0.82203	0.88531
352	0.78171	0.82205	0.88533
352.1	0.78173	0.82206	0.88536
352.2	0.78174	0.82207	0.88539
352.3	0.78176	0.82208	0.88542
352.4	0.78177	0.82209	0.88545
352.5	0.78179	0.82211	0.88547
352.6	0.78181	0.82212	0.8855
352.7	0.78182	0.82213	0.88553
352.8	0.78184	0.82215	0.88556
352.9	0.78186	0.82216	0.88558
353	0.78187	0.82217	0.88561
353.1	0.78189	0.82219	0.88564
353.2	0.78191	0.8222	0.88567
353.3	0.78193	0.82221	0.8857
353.4	0.78195	0.82223	0.88572
353.5	0.78196	0.82224	0.88575
353.6	0.78198	0.82226	0.88578
353.7	0.782	0.82227	0.88581
353.8	0.78202	0.82229	0.88584
353.9	0.78204	0.8223	0.88586
354	0.78206	0.82232	0.88589
354.1	0.78208	0.82233	0.88592
354.2	0.7821	0.82235	0.88595
354.3	0.78212	0.82237	0.88597
354.4	0.78213	0.82238	0.886
354.5	0.78215	0.8224	0.88603
354.6	0.78217	0.82242	0.88606
354.7	0.7822	0.82243	0.88609
354.8	0.78222	0.82245	0.88611
354.9	0.78224	0.82247	0.88614
355	0.78226	0.82248	0.88617
355.1	0.78228	0.8225	0.8862
355.2	0.7823	0.82252	0.88623
355.3	0.78232	0.82254	0.88625
355.4	0.78234	0.82256	0.88628
355.5	0.78236	0.82258	0.88631
355.6	0.78239	0.82259	0.88634
355.7	0.78241	0.82261	0.88636
355.8	0.78243	0.82263	0.88639
355.9	0.78245	0.82265	0.88642
356	0.78247	0.82267	0.88645
356.1	0.7825	0.82269	0.88648
356.2	0.78252	0.82271	0.8865
356.3	0.78254	0.82273	0.88653
356.4	0.78257	0.82275	0.88656
356.5	0.78259	0.82277	0.88659
356.6	0.78261	0.82279	0.88661
356.7	0.78264	0.82281	0.88664
356.8	0.78266	0.82283	0.88667
356.9	0.78268	0.82286	0.8867
357	0.78271	0.82288	0.88673
357.1	0.78273	0.8229	0.88675
357.2	0.78276	0.82292	0.88678
357.3	0.78278	0.82294	0.88681
357.4	0.78281	0.82296	0.88684
357.5	0.78283	0.82299	0.88687
357.6	0.78285	0.82301	0.88689
357.7	0.78288	0.82303	0.88692
357.8	0.78291	0.82305	0.88695
357.9	0.78293	0.82307	0.88698
358	0.78296	0.8231	0.887
358.1	0.78298	0.82312	0.88703
358.2	0.78301	0.82314	0.88706
358.3	0.78303	0.82317	0.88709
358.4	0.78306	0.82319	0.88712
358.5	0.78308	0.82321	0.88714
358.6	0.78311	0.82324	0.88717
358.7	0.78314	0.82326	0.8872
358.8	0.78316	0.82328	0.88723
358.9	0.78319	0.82331	0.88725
359	0.78322	0.82333	0.88728
359.1	0.78324	0.82335	0.88731
359.2	0.78327	0.82338	0.88734
359.3	0.7833	0.8234	0.88736
359.4	0.78332	0.82342	0.88739
359.5	0.78335	0.82345	0.88742
359.6	0.78338	0.82347	0.88745
359.7	0.7834	0.8235	0.88748
359.8	0.78343	0.82352	0.8875
359.9	0.78346	0.82354	0.88753
360	0.78348	0.82357	0.88756
360.1	0.78351	0.82359	0.88759
360.2	0.78354	0.82362	0.88761
360.3	0.78357	0.82364	0.88764
360.4	0.78359	0.82366	0.88767
360.5	0.78362	0.82369	0.8877
360.6	0.78365	0.82371	0.88772
360.7	0.78368	0.82373	0.88775
360.8	0.7837	0.82376	0.88778
360.9	0.78373	0.82378	0.88781
361	0.78376	0.82381	0.88783
361.1	0.78379	0.82383	0.88786
361.2	0.78382	0.82385	0.88789
361.3	0.78384	0.82388	0.88792
361.4	0.78387	0.8239	0.88794
361.5	0.7839	0.82392	0.88797
361.6	0.78393	0.82395	0.888
361.7	0.78396	0.82397	0.88803
361.8	0.78398	0.82399	0.88805
361.9	0.78401	0.82402	0.88808
362	0.78404	0.82404	0.88811
362.1	0.78407	0.82406	0.88814
362.2	0.7841	0.82409	0.88816
362.3	0.78412	0.82411	0.88819
362.4	0.78415	0.82413	0.88822
362.5	0.78418	0.82415	0.88824
362.6	0.78421	0.82417	0.88827
362.7	0.78424	0.8242	0.8883
362.8	0.78426	0.82422	0.88833
362.9	0.78429	0.82424	0.88835
363	0.78432	0.82426	0.88838
363.1	0.78435	0.82428	0.88841
363.2	0.78437	0.82431	0.88844
363.3	0.7844	0.82433	0.88846
363.4	0.78443	0.82435	0.88849
363.5	0.78446	0.82437	0.88852
363.6	0.78449	0.82439	0.88854
363.7	0.78451	0.82441	0.88857
363.8	0.78454	0.82443	0.8886
363.9	0.78457	0.82445	0.88862
364	0.78459	0.82447	0.88865
364.1	0.78462	0.82449	0.88868
364.2	0.78465	0.82451	0.8887
364.3	0.78468	0.82453	0.88873
364.4	0.7847	0.82455	0.88876
364.5	0.78473	0.82457	0.88879
364.6	0.78476	0.82458	0.88881
364.7	0.78478	0.8246	0.88884
364.8	0.78481	0.82462	0.88887
364.9	0.78484	0.82464	0.88889
365	0.78486	0.82466	0.88892
365.1	0.78489	0.82467	0.88895
365.2	0.78491	0.82469	0.88897
365.3	0.78494	0.82471	0.889
365.4	0.78497	0.82472	0.88903
365.5	0.78499	0.82474	0.88905
365.6	0.78502	0.82476	0.88908
365.7	0.78504	0.82477	0.8891
365.8	0.78507	0.82479	0.88913
365.9	0.78509	0.82481	0.88916
366	0.78512	0.82482	0.88918
366.1	0.78514	0.82484	0.88921
366.2	0.78517	0.82485	0.88924
366.3	0.78519	0.82487	0.88926
366.4	0.78522	0.82488	0.88929
366.5	0.78524	0.82489	0.88932
366.6	0.78526	0.82491	0.88934
366.7	0.78529	0.82492	0.88937
366.8	0.78531	0.82493	0.88939
366.9	0.78533	0.82495	0.88942
367	0.78536	0.82496	0.88945
367.1	0.78538	0.82497	0.88947
367.2	0.7854	0.82499	0.8895
367.3	0.78543	0.825	0.88952
367.4	0.78545	0.82501	0.88955
367.5	0.78547	0.82502	0.88958
367.6	0.78549	0.82503	0.8896
367.7	0.78551	0.82504	0.88963
367.8	0.78553	0.82505	0.88965
367.9	0.78555	0.82507	0.88968
368	0.78558	0.82508	0.8897
368.1	0.7856	0.82509	0.88973
368.2	0.78562	0.8251	0.88976
368.3	0.78564	0.82511	0.88978
368.4	0.78566	0.82512	0.88981
368.5	0.78567	0.82512	0.88983
368.6	0.78569	0.82513	0.88986
368.7	0.78571	0.82514	0.88988
368.8	0.78573	0.82515	0.88991
368.9	0.78575	0.82516	0.88993
369	0.78577	0.82517	0.88996
369.1	0.78579	0.82518	0.88998
369.2	0.7858	0.82518	0.89001
369.3	0.78582	0.82519	0.89003
369.4	0.78584	0.8252	0.89006
369.5	0.78585	0.82521	0.89009
369.6	0.78587	0.82521	0.89011
369.7	0.78589	0.82522	0.89014
369.8	0.7859	0.82523	0.89016
369.9	0.78592	0.82523	0.89019
370	0.78593	0.82524	0.89021
370.1	0.78595	0.82525	0.89023
370.2	0.78596	0.82525	0.89026
370.3	0.78597	0.82526	0.89028
370.4	0.78599	0.82526	0.89031
370.5	0.786	0.82527	0.89033
370.6	0.78601	0.82528	0.89036
370.7	0.78603	0.82528	0.89038
370.8	0.78604	0.82529	0.89041
370.9	0.78605	0.82529	0.89043
371	0.78606	0.8253	0.89046
371.1	0.78607	0.8253	0.89048
371.2	0.78608	0.82531	0.89051
371.3	0.78609	0.82531	0.89053
371.4	0.7861	0.82532	0.89055
371.5	0.78611	0.82532	0.89058
371.6	0.78612	0.82532	0.8906
371.7	0.78613	0.82533	0.89063
371.8	0.78614	0.82533	0.89065
371.9	0.78615	0.82534	0.89068
372	0.78615	0.82534	0.8907
372.1	0.78616	0.82535	0.89072
372.2	0.78617	0.82535	0.89075
372.3	0.78618	0.82535	0.89077
372.4	0.78618	0.82536	0.8908
372.5	0.78619	0.82536	0.89082
372.6	0.78619	0.82537	0.89084
372.7	0.7862	0.82537	0.89087
372.8	0.7862	0.82537	0.89089
372.9	0.78621	0.82538	0.89091
373	0.78621	0.82538	0.89094
373.1	0.78621	0.82538	0.89096
373.2	0.78622	0.82539	0.89098
373.3	0.78622	0.82539	0.89101
373.4	0.78622	0.8254	0.89103
373.5	0.78622	0.8254	0.89105
373.6	0.78623	0.8254	0.89108
373.7	0.78623	0.82541	0.8911
373.8	0.78623	0.82541	0.89112
373.9	0.78623	0.82542	0.89115
374	0.78623	0.82542	0.89117
374.1	0.78623	0.82542	0.89119
374.2	0.78623	0.82543	0.89122
374.3	0.78623	0.82543	0.89124
374.4	0.78622	0.82544	0.89126
374.5	0.78622	0.82544	0.89129
374.6	0.78622	0.82545	0.89131
374.7	0.78622	0.82545	0.89133
374.8	0.78621	0.82546	0.89136
374.9	0.78621	0.82546	0.89138
375	0.78621	0.82547	0.8914
375.1	0.7862	0.82547	0.89142
375.2	0.7862	0.82548	0.89145
375.3	0.78619	0.82548	0.89147
375.4	0.78619	0.82549	0.89149
375.5	0.78618	0.82549	0.89151
375.6	0.78618	0.8255	0.89154
375.7	0.78617	0.82551	0.89156
375.8	0.78616	0.82551	0.89158
375.9	0.78616	0.82552	0.8916
376	0.78615	0.82552	0.89163
376.1	0.78614	0.82553	0.89165
376.2	0.78613	0.82554	0.89167
376.3	0.78613	0.82555	0.89169
376.4	0.78612	0.82555	0.89172
376.5	0.78611	0.82556	0.89174
376.6	0.7861	0.82557	0.89176
376.7	0.78609	0.82558	0.89178
376.8	0.78608	0.82558	0.8918
376.9	0.78607	0.82559	0.89183
377	0.78606	0.8256	0.89185
377.1	0.78605	0.82561	0.89187
377.2	0.78604	0.82562	0.89189
377.3	0.78603	0.82563	0.89191
377.4	0.78602	0.82564	0.89193
377.5	0.78601	0.82564	0.89196
377.6	0.78599	0.82565	0.89198
377.7	0.78598	0.82566	0.892
377.8	0.78597	0.82567	0.89202
377.9	0.78596	0.82568	0.89204
378	0.78594	0.8257	0.89206
378.1	0.78593	0.82571	0.89209
378.2	0.78592	0.82572	0.89211
378.3	0.7859	0.82573	0.89213
378.4	0.78589	0.82574	0.89215
378.5	0.78588	0.82575	0.89217
378.6	0.78586	0.82576	0.89219
378.7	0.78585	0.82578	0.89222
378.8	0.78583	0.82579	0.89224
378.9	0.78582	0.8258	0.89226
379	0.78581	0.82581	0.89228
379.1	0.78579	0.82583	0.8923
379.2	0.78578	0.82584	0.89232
379.3	0.78576	0.82585	0.89234
379.4	0.78575	0.82587	0.89236
379.5	0.78573	0.82588	0.89238
379.6	0.78572	0.8259	0.89241
379.7	0.7857	0.82591	0.89243
379.8	0.78569	0.82593	0.89245
379.9	0.78567	0.82594	0.89247
380	0.78565	0.82596	0.89249
380.1	0.78564	0.82597	0.89251
380.2	0.78562	0.82599	0.89253
380.3	0.78561	0.82601	0.89255
380.4	0.78559	0.82602	0.89257
380.5	0.78558	0.82604	0.89259
380.6	0.78556	0.82606	0.89261
380.7	0.78554	0.82607	0.89263
380.8	0.78553	0.82609	0.89266
380.9	0.78551	0.82611	0.89268
381	0.7855	0.82613	0.8927
381.1	0.78548	0.82614	0.89272
381.2	0.78547	0.82616	0.89274
381.3	0.78545	0.82618	0.89276
381.4	0.78544	0.8262	0.89278
381.5	0.78542	0.82622	0.8928
381.6	0.78541	0.82624	0.89282
381.7	0.78539	0.82626	0.89284
381.8	0.78537	0.82628	0.89286
381.9	0.78536	0.8263	0.89288
382	0.78534	0.82632	0.8929
382.1	0.78533	0.82634	0.89292
382.2	0.78532	0.82636	0.89294
382.3	0.7853	0.82638	0.89296
382.4	0.78529	0.8264	0.89298
382.5	0.78527	0.82642	0.893
382.6	0.78526	0.82645	0.89302
382.7	0.78525	0.82647	0.89304
382.8	0.78523	0.82649	0.89306
382.9	0.78522	0.82651	0.89308
383	0.7852	0.82653	0.8931
383.1	0.78519	0.82656	0.89312
383.2	0.78518	0.82658	0.89314
383.3	0.78517	0.8266	0.89316
383.4	0.78515	0.82662	0.89318
383.5	0.78514	0.82665	0.8932
383.6	0.78513	0.82667	0.89322
383.7	0.78512	0.82669	0.89324
383.8	0.78511	0.82672	0.89326
383.9	0.7851	0.82674	0.89328
384	0.78509	0.82677	0.8933
384.1	0.78508	0.82679	0.89332
384.2	0.78506	0.82681	0.89334
384.3	0.78506	0.82684	0.89336
384.4	0.78505	0.82686	0.89338
384.5	0.78504	0.82689	0.8934
384.6	0.78503	0.82691	0.89342
384.7	0.78502	0.82694	0.89344
384.8	0.78501	0.82696	0.89346
384.9	0.785	0.82699	0.89348
385	0.78499	0.82701	0.8935
385.1	0.78499	0.82704	0.89352
385.2	0.78498	0.82706	0.89354
385.3	0.78497	0.82709	0.89356
385.4	0.78497	0.82711	0.89358
385.5	0.78496	0.82714	0.8936
385.6	0.78496	0.82716	0.89362
385.7	0.78495	0.82719	0.89364
385.8	0.78495	0.82722	0.89366
385.9	0.78494	0.82724	0.89368
386	0.78494	0.82727	0.8937
386.1	0.78493	0.82729	0.89372
386.2	0.78493	0.82732	0.89374
386.3	0.78493	0.82735	0.89376
386.4	0.78493	0.82737	0.89378
386.5	0.78492	0.8274	0.8938
386.6	0.78492	0.82742	0.89382
386.7	0.78492	0.82745	0.89384
386.8	0.78492	0.82747	0.89386
386.9	0.78492	0.8275	0.89388
387	0.78492	0.82753	0.8939
387.1	0.78492	0.82755	0.89392
387.2	0.78492	0.82758	0.89394
387.3	0.78492	0.8276	0.89396
387.4	0.78493	0.82763	0.89398
387.5	0.78493	0.82766	0.894
387.6	0.78493	0.82768	0.89402
387.7	0.78493	0.82771	0.89403
387.8	0.78494	0.82773	0.89405
387.9	0.78494	0.82776	0.89407
388	0.78495	0.82778	0.89409
388.1	0.78495	0.82781	0.89411
388.2	0.78496	0.82783	0.89413
388.3	0.78496	0.82786	0.89415
388.4	0.78497	0.82788	0.89417
388.5	0.78497	0.82791	0.89419
388.6	0.78498	0.82793	0.89421
388.7	0.78499	0.82796	0.89423
388.8	0.785	0.82798	0.89425
388.9	0.785	0.82801	0.89427
389	0.78501	0.82803	0.89429
389.1	0.78502	0.82806	0.89431
389.2	0.78503	0.82808	0.89433
389.3	0.78504	0.82811	0.89435
389.4	0.78505	0.82813	0.89437
389.5	0.78506	0.82815	0.89439
389.6	0.78507	0.82818	0.89441
389.7	0.78508	0.8282	0.89443
389.8	0.7851	0.82822	0.89445
389.9	0.78511	0.82825	0.89446
390	0.78512	0.82827	0.89448
390.1	0.78513	0.82829	0.8945
390.2	0.78515	0.82831	0.89452
390.3	0.78516	0.82834	0.89454
390.4	0.78518	0.82836	0.89456
390.5	0.78519	0.82838	0.89458
390.6	0.7852	0.8284	0.8946
390.7	0.78522	0.82843	0.89462
390.8	0.78524	0.82845	0.89464
390.9	0.78525	0.82847	0.89466
391	0.78527	0.82849	0.89468
391.1	0.78528	0.82851	0.8947
391.2	0.7853	0.82853	0.89472
391.3	0.78532	0.82855	0.89474
391.4	0.78534	0.82857	0.89476
391.5	0.78535	0.82859	0.89478
391.6	0.78537	0.82861	0.8948
391.7	0.78539	0.82863	0.89482
391.8	0.78541	0.82865	0.89484
391.9	0.78543	0.82867	0.89486
392	0.78545	0.82869	0.89487
392.1	0.78547	0.82871	0.89489
392.2	0.78549	0.82872	0.89491
392.3	0.78551	0.82874	0.89493
392.4	0.78553	0.82876	0.89495
392.5	0.78555	0.82878	0.89497
392.6	0.78557	0.8288	0.89499
392.7	0.78559	0.82881	0.89501
392.8	0.78561	0.82883	0.89503
392.9	0.78564	0.82885	0.89505
393	0.78566	0.82886	0.89507
393.1	0.78568	0.82888	0.89509
393.2	0.7857	0.82889	0.89511
393.3	0.78573	0.82891	0.89513
393.4	0.78575	0.82892	0.89515
393.5	0.78577	0.82894	0.89517
393.6	0.7858	0.82895	0.89519
393.7	0.78582	0.82897	0.89521
393.8	0.78584	0.82898	0.89523
393.9	0.78587	0.829	0.89525
394	0.78589	0.82901	0.89527
394.1	0.78592	0.82902	0.89529
394.2	0.78594	0.82904	0.89531
394.3	0.78596	0.82905	0.89533
394.4	0.78599	0.82906	0.89534
394.5	0.78601	0.82908	0.89536
394.6	0.78604	0.82909	0.89538
394.7	0.78606	0.8291	0.8954
394.8	0.78609	0.82911	0.89542
394.9	0.78612	0.82912	0.89544
395	0.78614	0.82913	0.89546
395.1	0.78617	0.82914	0.89548
395.2	0.78619	0.82915	0.8955
395.3	0.78622	0.82917	0.89552
395.4	0.78625	0.82918	0.89554
395.5	0.78627	0.82918	0.89556
395.6	0.7863	0.82919	0.89558
395.7	0.78632	0.8292	0.8956
395.8	0.78635	0.82921	0.89562
395.9	0.78638	0.82922	0.89564
396	0.7864	0.82923	0.89566
396.1	0.78643	0.82924	0.89568
396.2	0.78646	0.82925	0.8957
396.3	0.78648	0.82925	0.89572
396.4	0.78651	0.82926	0.89574
396.5	0.78654	0.82927	0.89576
396.6	0.78656	0.82928	0.89578
396.7	0.78659	0.82928	0.8958
396.8	0.78662	0.82929	0.89582
396.9	0.78664	0.8293	0.89584
397	0.78667	0.8293	0.89586
397.1	0.7867	0.82931	0.89587
397.2	0.78673	0.82931	0.89589
397.3	0.78675	0.82932	0.89591
397.4	0.78678	0.82932	0.89593
397.5	0.78681	0.82933	0.89595
397.6	0.78683	0.82933	0.89597
397.7	0.78686	0.82934	0.89599
397.8	0.78689	0.82934	0.89601
397.9	0.78692	0.82935	0.89603
398	0.78694	0.82935	0.89605
398.1	0.78697	0.82936	0.89607
398.2	0.787	0.82936	0.89609
398.3	0.78702	0.82936	0.89611
398.4	0.78705	0.82937	0.89613
398.5	0.78708	0.82937	0.89615
398.6	0.78711	0.82937	0.89617
398.7	0.78713	0.82938	0.89619
398.8	0.78716	0.82938	0.89621
398.9	0.78719	0.82938	0.89623
399	0.78722	0.82938	0.89625
399.1	0.78724	0.82939	0.89627
399.2	0.78727	0.82939	0.89629
399.3	0.7873	0.82939	0.89631
399.4	0.78732	0.82939	0.89632
399.5	0.78735	0.82939	0.89634
399.6	0.78738	0.8294	0.89636
399.7	0.78741	0.8294	0.89638
399.8	0.78743	0.8294	0.8964
399.9	0.78746	0.8294	0.89642
400	0.78749	0.8294	0.89644
400.1	0.78751	0.8294	0.89646
400.2	0.78754	0.8294	0.89648
400.3	0.78757	0.82941	0.8965
400.4	0.7876	0.82941	0.89652
400.5	0.78762	0.82941	0.89654
400.6	0.78765	0.82941	0.89656
400.7	0.78768	0.82941	0.89658
400.8	0.7877	0.82941	0.8966
400.9	0.78773	0.82941	0.89662
401	0.78776	0.82941	0.89664
401.1	0.78779	0.82941	0.89665
401.2	0.78781	0.82941	0.89667
401.3	0.78784	0.82941	0.89669
401.4	0.78787	0.82941	0.89671
401.5	0.78789	0.82941	0.89673
401.6	0.78792	0.82941	0.89675
401.7	0.78795	0.82941	0.89677
401.8	0.78798	0.82941	0.89679
401.9	0.788	0.82941	0.89681
402	0.78803	0.82942	0.89683
402.1	0.78806	0.82942	0.89685
402.2	0.78809	0.82942	0.89687
402.3	0.78811	0.82942	0.89689
402.4	0.78814	0.82942	0.8969
402.5	0.78817	0.82942	0.89692
402.6	0.7882	0.82942	0.89694
402.7	0.78822	0.82942	0.89696
402.8	0.78825	0.82942	0.89698
402.9	0.78828	0.82942	0.897
403	0.78831	0.82942	0.89702
403.1	0.78834	0.82942	0.89704
403.2	0.78836	0.82942	0.89706
403.3	0.78839	0.82942	0.89708
403.4	0.78842	0.82942	0.89709
403.5	0.78845	0.82943	0.89711
403.6	0.78848	0.82943	0.89713
403.7	0.78851	0.82943	0.89715
403.8	0.78853	0.82943	0.89717
403.9	0.78856	0.82943	0.89719
404	0.78859	0.82943	0.89721
404.1	0.78862	0.82943	0.89723
404.2	0.78865	0.82944	0.89725
404.3	0.78868	0.82944	0.89726
404.4	0.78871	0.82944	0.89728
404.5	0.78874	0.82944	0.8973
404.6	0.78876	0.82944	0.89732
404.7	0.78879	0.82945	0.89734
404.8	0.78882	0.82945	0.89736
404.9	0.78885	0.82945	0.89738
405	0.78888	0.82945	0.89739
405.1	0.78891	0.82946	0.89741
405.2	0.78894	0.82946	0.89743
405.3	0.78897	0.82946	0.89745
405.4	0.789	0.82947	0.89747
405.5	0.78903	0.82947	0.89749
405.6	0.78906	0.82947	0.8975
405.7	0.78909	0.82948	0.89752
405.8	0.78912	0.82948	0.89754
405.9	0.78915	0.82949	0.89756
406	0.78919	0.82949	0.89758
406.1	0.78922	0.82949	0.8976
406.2	0.78925	0.8295	0.89761
406.3	0.78928	0.8295	0.89763
406.4	0.78931	0.82951	0.89765
406.5	0.78934	0.82951	0.89767
406.6	0.78937	0.82952	0.89769
406.7	0.7894	0.82952	0.8977
406.8	0.78944	0.82953	0.89772
406.9	0.78947	0.82954	0.89774
407	0.7895	0.82954	0.89776
407.1	0.78953	0.82955	0.89778
407.2	0.78957	0.82955	0.89779
407.3	0.7896	0.82956	0.89781
407.4	0.78963	0.82957	0.89783
407.5	0.78966	0.82958	0.89785
407.6	0.7897	0.82958	0.89786
407.7	0.78973	0.82959	0.89788
407.8	0.78976	0.8296	0.8979
407.9	0.7898	0.82961	0.89792
408	0.78983	0.82961	0.89793
408.1	0.78986	0.82962	0.89795
408.2	0.7899	0.82963	0.89797
408.3	0.78993	0.82964	0.89799
408.4	0.78996	0.82965	0.898
408.5	0.79	0.82966	0.89802
408.6	0.79003	0.82966	0.89804
408.7	0.79007	0.82967	0.89806
408.8	0.7901	0.82968	0.89807
408.9	0.79013	0.82969	0.89809
409	0.79017	0.8297	0.89811
409.1	0.7902	0.82971	0.89812
409.2	0.79024	0.82972	0.89814
409.3	0.79027	0.82973	0.89816
409.4	0.79031	0.82974	0.89818
409.5	0.79034	0.82976	0.89819
409.6	0.79038	0.82977	0.89821
409.7	0.79041	0.82978	0.89823
409.8	0.79045	0.82979	0.89824
409.9	0.79048	0.8298	0.89826
410	0.79052	0.82981	0.89828
410.1	0.79055	0.82982	0.89829
410.2	0.79059	0.82984	0.89831
410.3	0.79062	0.82985	0.89833
410.4	0.79066	0.82986	0.89834
410.5	0.7907	0.82987	0.89836
410.6	0.79073	0.82989	0.89838
410.7	0.79077	0.8299	0.89839
410.8	0.7908	0.82991	0.89841
410.9	0.79084	0.82992	0.89842
411	0.79087	0.82994	0.89844
411.1	0.79091	0.82995	0.89846
411.2	0.79095	0.82997	0.89847
411.3	0.79098	0.82998	0.89849
411.4	0.79102	0.82999	0.8985
411.5	0.79105	0.83001	0.89852
411.6	0.79109	0.83002	0.89854
411.7	0.79112	0.83003	0.89855
411.8	0.79116	0.83005	0.89857
411.9	0.7912	0.83006	0.89858
412	0.79123	0.83008	0.8986
412.1	0.79127	0.83009	0.89862
412.2	0.7913	0.83011	0.89863
412.3	0.79134	0.83012	0.89865
412.4	0.79137	0.83014	0.89866
412.5	0.79141	0.83015	0.89868
412.6	0.79144	0.83017	0.89869
412.7	0.79148	0.83018	0.89871
412.8	0.79151	0.8302	0.89872
412.9	0.79155	0.83021	0.89874
413	0.79158	0.83023	0.89875
413.1	0.79162	0.83025	0.89877
413.2	0.79165	0.83026	0.89879
413.3	0.79169	0.83028	0.8988
413.4	0.79172	0.83029	0.89882
413.5	0.79176	0.83031	0.89883
413.6	0.79179	0.83033	0.89885
413.7	0.79182	0.83034	0.89886
413.8	0.79186	0.83036	0.89888
413.9	0.79189	0.83037	0.89889
414	0.79192	0.83039	0.8989
414.1	0.79196	0.83041	0.89892
414.2	0.79199	0.83042	0.89893
414.3	0.79202	0.83044	0.89895
414.4	0.79206	0.83046	0.89896
414.5	0.79209	0.83047	0.89898
414.6	0.79212	0.83049	0.89899
414.7	0.79215	0.8305	0.89901
414.8	0.79219	0.83052	0.89902
414.9	0.79222	0.83054	0.89904
415	0.79225	0.83055	0.89905
415.1	0.79228	0.83057	0.89906
415.2	0.79231	0.83059	0.89908
415.3	0.79234	0.8306	0.89909
415.4	0.79237	0.83062	0.89911
415.5	0.7924	0.83064	0.89912
415.6	0.79243	0.83065	0.89913
415.7	0.79246	0.83067	0.89915
415.8	0.79249	0.83069	0.89916
415.9	0.79252	0.8307	0.89918
416	0.79255	0.83072	0.89919
416.1	0.79258	0.83073	0.8992
416.2	0.79261	0.83075	0.89922
416.3	0.79264	0.83077	0.89923
416.4	0.79267	0.83078	0.89924
416.5	0.79269	0.8308	0.89926
416.6	0.79272	0.83082	0.89927
416.7	0.79275	0.83083	0.89928
416.8	0.79277	0.83085	0.8993
416.9	0.7928	0.83086	0.89931
417	0.79283	0.83088	0.89932
417.1	0.79285	0.83089	0.89934
417.2	0.79288	0.83091	0.89935
417.3	0.7929	0.83093	0.89936
417.4	0.79293	0.83094	0.89938
417.5	0.79295	0.83096	0.89939
417.6	0.79298	0.83097	0.8994
417.7	0.793	0.83099	0.89942
417.8	0.79303	0.831	0.89943
417.9	0.79305	0.83102	0.89944
418	0.79307	0.83104	0.89945
418.1	0.7931	0.83105	0.89947
418.2	0.79312	0.83107	0.89948
418.3	0.79314	0.83108	0.89949
418.4	0.79316	0.8311	0.8995
418.5	0.79318	0.83111	0.89952
418.6	0.7932	0.83113	0.89953
418.7	0.79322	0.83114	0.89954
418.8	0.79325	0.83115	0.89955
418.9	0.79327	0.83117	0.89957
419	0.79328	0.83118	0.89958
419.1	0.7933	0.8312	0.89959
419.2	0.79332	0.83121	0.8996
419.3	0.79334	0.83123	0.89962
419.4	0.79336	0.83124	0.89963
419.5	0.79338	0.83126	0.89964
419.6	0.7934	0.83127	0.89965
419.7	0.79341	0.83128	0.89966
419.8	0.79343	0.8313	0.89968
419.9	0.79345	0.83131	0.89969
420	0.79347	0.83133	0.8997
420.1	0.79348	0.83134	0.89971
420.2	0.7935	0.83135	0.89972
420.3	0.79351	0.83137	0.89973
420.4	0.79353	0.83138	0.89975
420.5	0.79354	0.83139	0.89976
420.6	0.79356	0.83141	0.89977
420.7	0.79357	0.83142	0.89978
420.8	0.79359	0.83143	0.89979
420.9	0.7936	0.83145	0.8998
421	0.79362	0.83146	0.89981
421.1	0.79363	0.83147	0.89983
421.2	0.79364	0.83149	0.89984
421.3	0.79365	0.8315	0.89985
421.4	0.79367	0.83151	0.89986
421.5	0.79368	0.83153	0.89987
421.6	0.79369	0.83154	0.89988
421.7	0.7937	0.83155	0.89989
421.8	0.79372	0.83156	0.8999
421.9	0.79373	0.83158	0.89991
422	0.79374	0.83159	0.89993
422.1	0.79375	0.8316	0.89994
422.2	0.79376	0.83162	0.89995
422.3	0.79377	0.83163	0.89996
422.4	0.79378	0.83164	0.89997
422.5	0.79379	0.83165	0.89998
422.6	0.7938	0.83167	0.89999
422.7	0.79381	0.83168	0.9
422.8	0.79382	0.83169	0.90001
422.9	0.79383	0.83171	0.90002
423	0.79384	0.83172	0.90003
423.1	0.79385	0.83173	0.90004
423.2	0.79386	0.83174	0.90005
423.3	0.79387	0.83176	0.90006
423.4	0.79388	0.83177	0.90007
423.5	0.79388	0.83178	0.90008
423.6	0.79389	0.83179	0.90009
423.7	0.7939	0.83181	0.90011
423.8	0.79391	0.83182	0.90012
423.9	0.79392	0.83183	0.90013
424	0.79393	0.83185	0.90014
424.1	0.79393	0.83186	0.90015
424.2	0.79394	0.83187	0.90016
424.3	0.79395	0.83189	0.90017
424.4	0.79396	0.8319	0.90018
424.5	0.79396	0.83191	0.90019
424.6	0.79397	0.83192	0.9002
424.7	0.79398	0.83194	0.90021
424.8	0.79399	0.83195	0.90022
424.9	0.794	0.83197	0.90023
425	0.794	0.83198	0.90023
425.1	0.79401	0.83199	0.90024
425.2	0.79402	0.83201	0.90025
425.3	0.79403	0.83202	0.90026
425.4	0.79403	0.83203	0.90027
425.5	0.79404	0.83205	0.90028
425.6	0.79405	0.83206	0.90029
425.7	0.79406	0.83208	0.9003
425.8	0.79406	0.83209	0.90031
425.9	0.79407	0.83211	0.90032
426	0.79408	0.83212	0.90033
426.1	0.79409	0.83213	0.90034
426.2	0.7941	0.83215	0.90035
426.3	0.7941	0.83216	0.90036
426.4	0.79411	0.83218	0.90037
426.5	0.79412	0.83219	0.90038
426.6	0.79413	0.83221	0.90039
426.7	0.79414	0.83223	0.9004
426.8	0.79415	0.83224	0.90041
426.9	0.79416	0.83226	0.90041
427	0.79416	0.83227	0.90042
427.1	0.79417	0.83229	0.90043
427.2	0.79418	0.83231	0.90044
427.3	0.79419	0.83232	0.90045
427.4	0.7942	0.83234	0.90046
427.5	0.79421	0.83236	0.90047
427.6	0.79422	0.83237	0.90048
427.7	0.79423	0.83239	0.90049
427.8	0.79424	0.83241	0.9005
427.9	0.79425	0.83243	0.9005
428	0.79426	0.83244	0.90051
428.1	0.79427	0.83246	0.90052
428.2	0.79429	0.83248	0.90053
428.3	0.7943	0.8325	0.90054
428.4	0.79431	0.83252	0.90055
428.5	0.79432	0.83253	0.90056
428.6	0.79433	0.83255	0.90057
428.7	0.79434	0.83257	0.90057
428.8	0.79436	0.83259	0.90058
428.9	0.79437	0.83261	0.90059
429	0.79438	0.83263	0.9006
429.1	0.7944	0.83265	0.90061
429.2	0.79441	0.83267	0.90062
429.3	0.79442	0.83269	0.90063
429.4	0.79444	0.83271	0.90063
429.5	0.79445	0.83273	0.90064
429.6	0.79447	0.83275	0.90065
429.7	0.79448	0.83277	0.90066
429.8	0.7945	0.83279	0.90067
429.9	0.79451	0.83282	0.90068
430	0.79453	0.83284	0.90069
430.1	0.79455	0.83286	0.90069
430.2	0.79456	0.83288	0.9007
430.3	0.79458	0.8329	0.90071
430.4	0.7946	0.83293	0.90072
430.5	0.79461	0.83295	0.90073
430.6	0.79463	0.83297	0.90074
430.7	0.79465	0.83299	0.90074
430.8	0.79467	0.83302	0.90075
430.9	0.79469	0.83304	0.90076
431	0.79471	0.83307	0.90077
431.1	0.79473	0.83309	0.90078
431.2	0.79474	0.83311	0.90078
431.3	0.79476	0.83314	0.90079
431.4	0.79479	0.83316	0.9008
431.5	0.79481	0.83319	0.90081
431.6	0.79483	0.83321	0.90082
431.7	0.79485	0.83324	0.90083
431.8	0.79487	0.83326	0.90083
431.9	0.79489	0.83329	0.90084
432	0.79492	0.83331	0.90085
432.1	0.79494	0.83334	0.90086
432.2	0.79496	0.83336	0.90087
432.3	0.79498	0.83339	0.90087
432.4	0.79501	0.83342	0.90088
432.5	0.79503	0.83344	0.90089
432.6	0.79506	0.83347	0.9009
432.7	0.79508	0.8335	0.90091
432.8	0.79511	0.83352	0.90091
432.9	0.79513	0.83355	0.90092
433	0.79516	0.83358	0.90093
433.1	0.79519	0.83361	0.90094
433.2	0.79521	0.83363	0.90094
433.3	0.79524	0.83366	0.90095
433.4	0.79527	0.83369	0.90096
433.5	0.79529	0.83372	0.90097
433.6	0.79532	0.83375	0.90098
433.7	0.79535	0.83377	0.90098
433.8	0.79538	0.8338	0.90099
433.9	0.79541	0.83383	0.901
434	0.79544	0.83386	0.90101
434.1	0.79547	0.83389	0.90101
434.2	0.7955	0.83392	0.90102
434.3	0.79553	0.83395	0.90103
434.4	0.79556	0.83398	0.90104
434.5	0.79559	0.83401	0.90105
434.6	0.79562	0.83404	0.90105
434.7	0.79565	0.83407	0.90106
434.8	0.79568	0.83409	0.90107
434.9	0.79572	0.83412	0.90108
435	0.79575	0.83415	0.90108
435.1	0.79578	0.83418	0.90109
435.2	0.79581	0.83421	0.9011
435.3	0.79585	0.83424	0.90111
435.4	0.79588	0.83427	0.90111
435.5	0.79592	0.8343	0.90112
435.6	0.79595	0.83434	0.90113
435.7	0.79598	0.83437	0.90114
435.8	0.79602	0.8344	0.90114
435.9	0.79605	0.83443	0.90115
436	0.79609	0.83446	0.90116
436.1	0.79613	0.83449	0.90117
436.2	0.79616	0.83452	0.90117
436.3	0.7962	0.83455	0.90118
436.4	0.79623	0.83458	0.90119
436.5	0.79627	0.83461	0.9012
436.6	0.79631	0.83464	0.9012
436.7	0.79635	0.83467	0.90121
436.8	0.79638	0.8347	0.90122
436.9	0.79642	0.83473	0.90123
437	0.79646	0.83476	0.90123
437.1	0.7965	0.8348	0.90124
437.2	0.79654	0.83483	0.90125
437.3	0.79657	0.83486	0.90126
437.4	0.79661	0.83489	0.90126
437.5	0.79665	0.83492	0.90127
437.6	0.79669	0.83495	0.90128
437.7	0.79673	0.83498	0.90129
437.8	0.79677	0.83501	0.90129
437.9	0.79681	0.83504	0.9013
438	0.79685	0.83507	0.90131
438.1	0.79689	0.8351	0.90132
438.2	0.79693	0.83513	0.90132
438.3	0.79697	0.83516	0.90133
438.4	0.79701	0.8352	0.90134
438.5	0.79705	0.83523	0.90135
438.6	0.79709	0.83526	0.90135
438.7	0.79714	0.83529	0.90136
438.8	0.79718	0.83532	0.90137
438.9	0.79722	0.83535	0.90137
439	0.79726	0.83538	0.90138
439.1	0.7973	0.83541	0.90139
439.2	0.79734	0.83544	0.9014
439.3	0.79739	0.83547	0.9014
439.4	0.79743	0.8355	0.90141
439.5	0.79747	0.83553	0.90142
439.6	0.79751	0.83556	0.90143
439.7	0.79756	0.83559	0.90143
439.8	0.7976	0.83562	0.90144
439.9	0.79764	0.83565	0.90145
440	0.79768	0.83568	0.90145
440.1	0.79773	0.83571	0.90146
440.2	0.79777	0.83574	0.90147
440.3	0.79781	0.83577	0.90148
440.4	0.79785	0.8358	0.90148
440.5	0.7979	0.83583	0.90149
440.6	0.79794	0.83586	0.9015
440.7	0.79798	0.83589	0.9015
440.8	0.79803	0.83592	0.90151
440.9	0.79807	0.83594	0.90152
441	0.79811	0.83597	0.90153
441.1	0.79816	0.836	0.90153
441.2	0.7982	0.83603	0.90154
441.3	0.79824	0.83606	0.90155
441.4	0.79828	0.83609	0.90155
441.5	0.79833	0.83612	0.90156
441.6	0.79837	0.83615	0.90157
441.7	0.79841	0.83617	0.90158
441.8	0.79846	0.8362	0.90158
441.9	0.7985	0.83623	0.90159
442	0.79854	0.83626	0.9016
442.1	0.79859	0.83629	0.9016
442.2	0.79863	0.83632	0.90161
442.3	0.79867	0.83634	0.90162
442.4	0.79871	0.83637	0.90163
442.5	0.79876	0.8364	0.90163
442.6	0.7988	0.83643	0.90164
442.7	0.79884	0.83645	0.90165
442.8	0.79888	0.83648	0.90165
442.9	0.79893	0.83651	0.90166
443	0.79897	0.83654	0.90167
443.1	0.79901	0.83656	0.90167
443.2	0.79905	0.83659	0.90168
443.3	0.79909	0.83662	0.90169
443.4	0.79914	0.83665	0.9017
443.5	0.79918	0.83667	0.9017
443.6	0.79922	0.8367	0.90171
443.7	0.79926	0.83673	0.90172
443.8	0.7993	0.83675	0.90172
443.9	0.79934	0.83678	0.90173
444	0.79938	0.83681	0.90174
444.1	0.79942	0.83683	0.90174
444.2	0.79946	0.83686	0.90175
444.3	0.7995	0.83688	0.90176
444.4	0.79955	0.83691	0.90176
444.5	0.79959	0.83694	0.90177
444.6	0.79962	0.83696	0.90178
444.7	0.79966	0.83699	0.90179
444.8	0.7997	0.83702	0.90179
444.9	0.79974	0.83704	0.9018
445	0.79978	0.83707	0.90181
445.1	0.79982	0.83709	0.90181
445.2	0.79986	0.83712	0.90182
445.3	0.7999	0.83714	0.90183
445.4	0.79993	0.83717	0.90183
445.5	0.79997	0.8372	0.90184
445.6	0.80001	0.83722	0.90185
445.7	0.80005	0.83725	0.90185
445.8	0.80008	0.83727	0.90186
445.9	0.80012	0.8373	0.90187
446	0.80016	0.83732	0.90187
446.1	0.80019	0.83735	0.90188
446.2	0.80023	0.83737	0.90189
446.3	0.80026	0.8374	0.90189
446.4	0.8003	0.83742	0.9019
446.5	0.80033	0.83745	0.90191
446.6	0.80037	0.83747	0.90191
446.7	0.8004	0.8375	0.90192
446.8	0.80044	0.83752	0.90193
446.9	0.80047	0.83755	0.90193
447	0.8005	0.83757	0.90194
447.1	0.80054	0.8376	0.90195
447.2	0.80057	0.83762	0.90195
447.3	0.8006	0.83764	0.90196
447.4	0.80063	0.83767	0.90197
447.5	0.80067	0.83769	0.90197
447.6	0.8007	0.83772	0.90198
447.7	0.80073	0.83774	0.90199
447.8	0.80076	0.83777	0.90199
447.9	0.80079	0.83779	0.902
448	0.80082	0.83782	0.90201
448.1	0.80085	0.83784	0.90201
448.2	0.80088	0.83786	0.90202
448.3	0.80091	0.83789	0.90203
448.4	0.80093	0.83791	0.90203
448.5	0.80096	0.83794	0.90204
448.6	0.80099	0.83796	0.90205
448.7	0.80102	0.83798	0.90205
448.8	0.80104	0.83801	0.90206
448.9	0.80107	0.83803	0.90206
449	0.8011	0.83805	0.90207
449.1	0.80112	0.83808	0.90208
449.2	0.80115	0.8381	0.90208
449.3	0.80117	0.83812	0.90209
449.4	0.8012	0.83815	0.9021
449.5	0.80122	0.83817	0.9021
449.6	0.80124	0.83819	0.90211
449.7	0.80127	0.83822	0.90212
449.8	0.80129	0.83824	0.90212
449.9	0.80131	0.83826	0.90213
450	0.80134	0.83829	0.90213
450.1	0.80136	0.83831	0.90214
450.2	0.80138	0.83833	0.90215
450.3	0.8014	0.83835	0.90215
450.4	0.80142	0.83838	0.90216
450.5	0.80144	0.8384	0.90217
450.6	0.80146	0.83842	0.90217
450.7	0.80148	0.83844	0.90218
450.8	0.8015	0.83847	0.90218
450.9	0.80151	0.83849	0.90219
451	0.80153	0.83851	0.9022
451.1	0.80155	0.83853	0.9022
451.2	0.80157	0.83855	0.90221
451.3	0.80158	0.83858	0.90221
451.4	0.8016	0.8386	0.90222
451.5	0.80162	0.83862	0.90223
451.6	0.80163	0.83864	0.90223
451.7	0.80165	0.83866	0.90224
451.8	0.80166	0.83868	0.90224
451.9	0.80167	0.8387	0.90225
452	0.80169	0.83872	0.90226
452.1	0.8017	0.83874	0.90226
452.2	0.80171	0.83877	0.90227
452.3	0.80173	0.83879	0.90227
452.4	0.80174	0.83881	0.90228
452.5	0.80175	0.83883	0.90229
452.6	0.80176	0.83885	0.90229
452.7	0.80177	0.83887	0.9023
452.8	0.80178	0.83889	0.9023
452.9	0.80179	0.8389	0.90231
453	0.8018	0.83892	0.90231
453.1	0.80181	0.83894	0.90232
453.2	0.80182	0.83896	0.90233
453.3	0.80183	0.83898	0.90233
453.4	0.80184	0.839	0.90234
453.5	0.80185	0.83902	0.90234
453.6	0.80185	0.83904	0.90235
453.7	0.80186	0.83905	0.90235
453.8	0.80187	0.83907	0.90236
453.9	0.80188	0.83909	0.90236
454	0.80188	0.83911	0.90237
454.1	0.80189	0.83912	0.90238
454.2	0.80189	0.83914	0.90238
454.3	0.8019	0.83916	0.90239
454.4	0.8019	0.83917	0.90239
454.5	0.80191	0.83919	0.9024
454.6	0.80191	0.8392	0.9024
454.7	0.80192	0.83922	0.90241
454.8	0.80192	0.83924	0.90241
454.9	0.80192	0.83925	0.90242
455	0.80193	0.83926	0.90242
455.1	0.80193	0.83928	0.90243
455.2	0.80193	0.83929	0.90243
455.3	0.80194	0.83931	0.90244
455.4	0.80194	0.83932	0.90244
455.5	0.80194	0.83933	0.90245
455.6	0.80194	0.83935	0.90245
455.7	0.80194	0.83936	0.90246
455.8	0.80194	0.83937	0.90246
455.9	0.80195	0.83939	0.90247
456	0.80195	0.8394	0.90247
456.1	0.80195	0.83941	0.90248
456.2	0.80195	0.83942	0.90248
456.3	0.80195	0.83943	0.90249
456.4	0.80195	0.83944	0.90249
456.5	0.80195	0.83945	0.9025
456.6	0.80195	0.83946	0.9025
456.7	0.80195	0.83947	0.90251
456.8	0.80195	0.83948	0.90251
456.9	0.80195	0.83949	0.90252
457	0.80195	0.8395	0.90252
457.1	0.80195	0.83951	0.90252
457.2	0.80195	0.83952	0.90253
457.3	0.80194	0.83953	0.90253
457.4	0.80194	0.83953	0.90254
457.5	0.80194	0.83954	0.90254
457.6	0.80194	0.83955	0.90255
457.7	0.80194	0.83955	0.90255
457.8	0.80194	0.83956	0.90255
457.9	0.80194	0.83957	0.90256
458	0.80194	0.83957	0.90256
458.1	0.80194	0.83958	0.90257
458.2	0.80193	0.83958	0.90257
458.3	0.80193	0.83959	0.90258
458.4	0.80193	0.83959	0.90258
458.5	0.80193	0.83959	0.90258
458.6	0.80193	0.8396	0.90259
458.7	0.80193	0.8396	0.90259
458.8	0.80193	0.8396	0.90259
458.9	0.80193	0.8396	0.9026
459	0.80193	0.83961	0.9026
459.1	0.80192	0.83961	0.90261
459.2	0.80192	0.83961	0.90261
459.3	0.80192	0.83961	0.90261
459.4	0.80192	0.83961	0.90262
459.5	0.80192	0.83961	0.90262
459.6	0.80192	0.83961	0.90262
459.7	0.80192	0.83961	0.90263
459.8	0.80192	0.83961	0.90263
459.9	0.80192	0.83961	0.90263
460	0.80192	0.83961	0.90264
460.1	0.80192	0.83961	0.90264
460.2	0.80192	0.8396	0.90264
460.3	0.80192	0.8396	0.90265
460.4	0.80192	0.8396	0.90265
460.5	0.80192	0.8396	0.90265
460.6	0.80193	0.83959	0.90266
460.7	0.80193	0.83959	0.90266
460.8	0.80193	0.83959	0.90266
460.9	0.80193	0.83958	0.90266
461	0.80193	0.83958	0.90267
461.1	0.80194	0.83957	0.90267
461.2	0.80194	0.83957	0.90267
461.3	0.80194	0.83956	0.90267
461.4	0.80194	0.83955	0.90268
461.5	0.80195	0.83955	0.90268
461.6	0.80195	0.83954	0.90268
461.7	0.80195	0.83954	0.90268
461.8	0.80196	0.83953	0.90269
461.9	0.80196	0.83952	0.90269
462	0.80197	0.83951	0.90269
462.1	0.80197	0.83951	0.90269
462.2	0.80198	0.8395	0.90269
462.3	0.80198	0.83949	0.9027
462.4	0.80199	0.83948	0.9027
462.5	0.802	0.83947	0.9027
462.6	0.802	0.83947	0.9027
462.7	0.80201	0.83946	0.9027
462.8	0.80202	0.83945	0.90271
462.9	0.80202	0.83944	0.90271
463	0.80203	0.83943	0.90271
463.1	0.80204	0.83942	0.90271
463.2	0.80205	0.83941	0.90271
463.3	0.80206	0.8394	0.90271
463.4	0.80207	0.83939	0.90271
463.5	0.80208	0.83938	0.90272
463.6	0.80209	0.83937	0.90272
463.7	0.8021	0.83936	0.90272
463.8	0.80211	0.83934	0.90272
463.9	0.80212	0.83933	0.90272
464	0.80213	0.83932	0.90272
464.1	0.80214	0.83931	0.90272
464.2	0.80215	0.8393	0.90272
464.3	0.80216	0.83929	0.90272
464.4	0.80218	0.83928	0.90272
464.5	0.80219	0.83927	0.90272
464.6	0.8022	0.83925	0.90272
464.7	0.80222	0.83924	0.90272
464.8	0.80223	0.83923	0.90272
464.9	0.80225	0.83922	0.90272
465	0.80226	0.83921	0.90272
465.1	0.80227	0.83919	0.90272
465.2	0.80229	0.83918	0.90272
465.3	0.80231	0.83917	0.90272
465.4	0.80232	0.83916	0.90272
465.5	0.80234	0.83915	0.90272
465.6	0.80235	0.83913	0.90272
465.7	0.80237	0.83912	0.90272
465.8	0.80239	0.83911	0.90272
465.9	0.80241	0.8391	0.90272
466	0.80242	0.83909	0.90272
466.1	0.80244	0.83907	0.90272
466.2	0.80246	0.83906	0.90272
466.3	0.80248	0.83905	0.90272
466.4	0.8025	0.83904	0.90272
466.5	0.80252	0.83903	0.90272
466.6	0.80254	0.83901	0.90271
466.7	0.80256	0.839	0.90271
466.8	0.80258	0.83899	0.90271
466.9	0.8026	0.83898	0.90271
467	0.80262	0.83897	0.90271
467.1	0.80264	0.83896	0.90271
467.2	0.80266	0.83895	0.9027
467.3	0.80268	0.83894	0.9027
467.4	0.8027	0.83893	0.9027
467.5	0.80272	0.83892	0.9027
467.6	0.80275	0.83891	0.9027
467.7	0.80277	0.8389	0.90269
467.8	0.80279	0.83889	0.90269
467.9	0.80281	0.83888	0.90269
468	0.80284	0.83887	0.90269
468.1	0.80286	0.83886	0.90268
468.2	0.80288	0.83885	0.90268
468.3	0.80291	0.83884	0.90268
468.4	0.80293	0.83883	0.90268
468.5	0.80295	0.83882	0.90267
468.6	0.80298	0.83881	0.90267
468.7	0.803	0.8388	0.90267
468.8	0.80302	0.8388	0.90266
468.9	0.80305	0.83879	0.90266
469	0.80307	0.83878	0.90266
469.1	0.8031	0.83877	0.90265
469.2	0.80312	0.83877	0.90265
469.3	0.80314	0.83876	0.90265
469.4	0.80317	0.83875	0.90264
469.5	0.80319	0.83875	0.90264
469.6	0.80322	0.83874	0.90263
469.7	0.80324	0.83873	0.90263
469.8	0.80326	0.83873	0.90262
469.9	0.80329	0.83872	0.90262
470	0.80331	0.83872	0.90262
470.1	0.80334	0.83871	0.90261
470.2	0.80336	0.83871	0.90261
470.3	0.80339	0.8387	0.9026
470.4	0.80341	0.8387	0.9026
470.5	0.80343	0.8387	0.90259
470.6	0.80346	0.83869	0.90259
470.7	0.80348	0.83869	0.90258
470.8	0.80351	0.83869	0.90257
470.9	0.80353	0.83869	0.90257
471	0.80355	0.83868	0.90256
471.1	0.80358	0.83868	0.90256
471.2	0.8036	0.83868	0.90255
471.3	0.80362	0.83868	0.90255
471.4	0.80365	0.83868	0.90254
471.5	0.80367	0.83868	0.90253
471.6	0.80369	0.83868	0.90253
471.7	0.80371	0.83868	0.90252
471.8	0.80374	0.83868	0.90251
471.9	0.80376	0.83868	0.90251
472	0.80378	0.83868	0.9025
472.1	0.8038	0.83868	0.90249
472.2	0.80382	0.83868	0.90249
472.3	0.80384	0.83868	0.90248
472.4	0.80387	0.83868	0.90247
472.5	0.80389	0.83868	0.90246
472.6	0.80391	0.83868	0.90246
472.7	0.80393	0.83869	0.90245
472.8	0.80395	0.83869	0.90244
472.9	0.80397	0.83869	0.90243
473	0.80399	0.83869	0.90242
473.1	0.804	0.8387	0.90242
473.2	0.80402	0.8387	0.90241
473.3	0.80404	0.83871	0.9024
473.4	0.80406	0.83871	0.90239
473.5	0.80408	0.83871	0.90238
473.6	0.80409	0.83872	0.90237
473.7	0.80411	0.83872	0.90236
473.8	0.80413	0.83873	0.90235
473.9	0.80414	0.83873	0.90234
474	0.80416	0.83874	0.90233
474.1	0.80418	0.83874	0.90233
474.2	0.80419	0.83875	0.90232
474.3	0.80421	0.83875	0.90231
474.4	0.80422	0.83876	0.9023
474.5	0.80423	0.83876	0.90229
474.6	0.80425	0.83877	0.90228
474.7	0.80426	0.83878	0.90227
474.8	0.80427	0.83878	0.90225
474.9	0.80428	0.83879	0.90224
475	0.8043	0.8388	0.90223
475.1	0.80431	0.8388	0.90222
475.2	0.80432	0.83881	0.90221
475.3	0.80433	0.83882	0.9022
475.4	0.80434	0.83882	0.90219
475.5	0.80435	0.83883	0.90218
475.6	0.80436	0.83884	0.90217
475.7	0.80437	0.83884	0.90215
475.8	0.80437	0.83885	0.90214
475.9	0.80438	0.83886	0.90213
476	0.80439	0.83886	0.90212
476.1	0.8044	0.83887	0.90211
476.2	0.8044	0.83888	0.90209
476.3	0.80441	0.83889	0.90208
476.4	0.80441	0.83889	0.90207
476.5	0.80442	0.8389	0.90206
476.6	0.80442	0.83891	0.90204
476.7	0.80443	0.83891	0.90203
476.8	0.80443	0.83892	0.90202
476.9	0.80443	0.83893	0.902
477	0.80444	0.83893	0.90199
477.1	0.80444	0.83894	0.90198
477.2	0.80444	0.83895	0.90196
477.3	0.80444	0.83895	0.90195
477.4	0.80444	0.83896	0.90193
477.5	0.80444	0.83896	0.90192
477.6	0.80444	0.83897	0.90191
477.7	0.80444	0.83898	0.90189
477.8	0.80444	0.83898	0.90188
477.9	0.80444	0.83899	0.90186
478	0.80443	0.83899	0.90185
478.1	0.80443	0.839	0.90183
478.2	0.80443	0.839	0.90182
478.3	0.80442	0.83901	0.9018
478.4	0.80442	0.83901	0.90179
478.5	0.80442	0.83902	0.90177
478.6	0.80441	0.83902	0.90175
478.7	0.80441	0.83902	0.90174
478.8	0.8044	0.83903	0.90172
478.9	0.80439	0.83903	0.90171
479	0.80439	0.83903	0.90169
479.1	0.80438	0.83903	0.90167
479.2	0.80437	0.83904	0.90166
479.3	0.80436	0.83904	0.90164
479.4	0.80435	0.83904	0.90162
479.5	0.80435	0.83904	0.90161
479.6	0.80434	0.83904	0.90159
479.7	0.80433	0.83904	0.90157
479.8	0.80432	0.83904	0.90155
479.9	0.8043	0.83904	0.90154
480	0.80429	0.83904	0.90152
480.1	0.80428	0.83904	0.9015
480.2	0.80427	0.83904	0.90148
480.3	0.80426	0.83904	0.90146
480.4	0.80424	0.83903	0.90145
480.5	0.80423	0.83903	0.90143
480.6	0.80422	0.83903	0.90141
480.7	0.8042	0.83903	0.90139
480.8	0.80419	0.83902	0.90137
480.9	0.80417	0.83902	0.90135
481	0.80416	0.83901	0.90133
481.1	0.80414	0.83901	0.90131
481.2	0.80413	0.839	0.90129
481.3	0.80411	0.83899	0.90127
481.4	0.8041	0.83899	0.90125
481.5	0.80408	0.83898	0.90123
481.6	0.80406	0.83897	0.90121
481.7	0.80404	0.83896	0.90119
481.8	0.80403	0.83896	0.90117
481.9	0.80401	0.83895	0.90115
482	0.80399	0.83894	0.90113
482.1	0.80397	0.83893	0.90111
482.2	0.80395	0.83891	0.90109
482.3	0.80393	0.8389	0.90107
482.4	0.80391	0.83889	0.90105
482.5	0.80389	0.83888	0.90103
482.6	0.80387	0.83886	0.901
482.7	0.80385	0.83885	0.90098
482.8	0.80383	0.83884	0.90096
482.9	0.80381	0.83882	0.90094
483	0.80379	0.83881	0.90092
483.1	0.80377	0.83879	0.90089
483.2	0.80374	0.83877	0.90087
483.3	0.80372	0.83876	0.90085
483.4	0.8037	0.83874	0.90083
483.5	0.80368	0.83872	0.9008
483.6	0.80365	0.8387	0.90078
483.7	0.80363	0.83868	0.90076
483.8	0.80361	0.83866	0.90073
483.9	0.80358	0.83864	0.90071
484	0.80356	0.83862	0.90069
484.1	0.80353	0.8386	0.90066
484.2	0.80351	0.83857	0.90064
484.3	0.80348	0.83855	0.90062
484.4	0.80346	0.83853	0.90059
484.5	0.80343	0.8385	0.90057
484.6	0.80341	0.83848	0.90054
484.7	0.80338	0.83845	0.90052
484.8	0.80336	0.83843	0.90049
484.9	0.80333	0.8384	0.90047
485	0.8033	0.83837	0.90044
485.1	0.80328	0.83834	0.90042
485.2	0.80325	0.83832	0.90039
485.3	0.80322	0.83829	0.90037
485.4	0.8032	0.83826	0.90034
485.5	0.80317	0.83823	0.90032
485.6	0.80314	0.8382	0.90029
485.7	0.80311	0.83816	0.90027
485.8	0.80309	0.83813	0.90024
485.9	0.80306	0.8381	0.90022
486	0.80303	0.83807	0.90019
486.1	0.803	0.83803	0.90016
486.2	0.80297	0.838	0.90014
486.3	0.80294	0.83796	0.90011
486.4	0.80291	0.83793	0.90008
486.5	0.80288	0.83789	0.90006
486.6	0.80285	0.83786	0.90003
486.7	0.80282	0.83782	0.9
486.8	0.80279	0.83778	0.89997
486.9	0.80276	0.83774	0.89995
487	0.80273	0.8377	0.89992
487.1	0.8027	0.83767	0.89989
487.2	0.80267	0.83763	0.89986
487.3	0.80264	0.83759	0.89984
487.4	0.80261	0.83754	0.89981
487.5	0.80257	0.8375	0.89978
487.6	0.80254	0.83746	0.89975
487.7	0.80251	0.83742	0.89972
487.8	0.80248	0.83738	0.8997
487.9	0.80244	0.83733	0.89967
488	0.80241	0.83729	0.89964
488.1	0.80238	0.83725	0.89961
488.2	0.80234	0.8372	0.89958
488.3	0.80231	0.83716	0.89955
488.4	0.80228	0.83711	0.89952
488.5	0.80224	0.83706	0.89949
488.6	0.80221	0.83702	0.89946
488.7	0.80217	0.83697	0.89943
488.8	0.80214	0.83692	0.89941
488.9	0.8021	0.83688	0.89938
489	0.80207	0.83683	0.89935
489.1	0.80203	0.83678	0.89932
489.2	0.80199	0.83673	0.89929
489.3	0.80196	0.83668	0.89926
489.4	0.80192	0.83663	0.89923
489.5	0.80188	0.83658	0.89919
489.6	0.80185	0.83653	0.89916
489.7	0.80181	0.83648	0.89913
489.8	0.80177	0.83643	0.8991
489.9	0.80173	0.83638	0.89907
490	0.80169	0.83633	0.89904
490.1	0.80166	0.83628	0.89901
490.2	0.80162	0.83622	0.89898
490.3	0.80158	0.83617	0.89895
490.4	0.80154	0.83612	0.89892
490.5	0.8015	0.83606	0.89889
490.6	0.80146	0.83601	0.89885
490.7	0.80141	0.83596	0.89882
490.8	0.80137	0.8359	0.89879
490.9	0.80133	0.83585	0.89876
491	0.80129	0.83579	0.89873
491.1	0.80125	0.83574	0.89869
491.2	0.80121	0.83568	0.89866
491.3	0.80116	0.83563	0.89863
491.4	0.80112	0.83557	0.8986
491.5	0.80107	0.83552	0.89857
491.6	0.80103	0.83546	0.89853
491.7	0.80099	0.83541	0.8985
491.8	0.80094	0.83535	0.89847
491.9	0.8009	0.83529	0.89843
492	0.80085	0.83524	0.8984
492.1	0.8008	0.83518	0.89837
492.2	0.80076	0.83512	0.89834
492.3	0.80071	0.83507	0.8983
492.4	0.80066	0.83501	0.89827
492.5	0.80062	0.83495	0.89824
492.6	0.80057	0.83489	0.8982
492.7	0.80052	0.83484	0.89817
492.8	0.80047	0.83478	0.89814
492.9	0.80042	0.83472	0.8981
493	0.80037	0.83466	0.89807
493.1	0.80032	0.83461	0.89803
493.2	0.80027	0.83455	0.898
493.3	0.80022	0.83449	0.89797
493.4	0.80017	0.83443	0.89793
493.5	0.80012	0.83437	0.8979
493.6	0.80006	0.83431	0.89786
493.7	0.80001	0.83426	0.89783
493.8	0.79996	0.8342	0.89779
493.9	0.7999	0.83414	0.89776
494	0.79985	0.83408	0.89773
494.1	0.7998	0.83402	0.89769
494.2	0.79974	0.83396	0.89766
494.3	0.79968	0.8339	0.89762
494.4	0.79963	0.83385	0.89759
494.5	0.79957	0.83379	0.89755
494.6	0.79952	0.83373	0.89752
494.7	0.79946	0.83367	0.89748
494.8	0.7994	0.83361	0.89745
494.9	0.79934	0.83355	0.89741
495	0.79928	0.83349	0.89737
495.1	0.79922	0.83344	0.89734
495.2	0.79917	0.83338	0.8973
495.3	0.79911	0.83332	0.89727
495.4	0.79904	0.83326	0.89723
495.5	0.79898	0.8332	0.8972
495.6	0.79892	0.83314	0.89716
495.7	0.79886	0.83308	0.89712
495.8	0.7988	0.83303	0.89709
495.9	0.79874	0.83297	0.89705
496	0.79867	0.83291	0.89702
496.1	0.79861	0.83285	0.89698
496.2	0.79855	0.83279	0.89694
496.3	0.79848	0.83273	0.89691
496.4	0.79842	0.83268	0.89687
496.5	0.79835	0.83262	0.89684
496.6	0.79829	0.83256	0.8968
496.7	0.79822	0.8325	0.89676
496.8	0.79815	0.83244	0.89673
496.9	0.79809	0.83239	0.89669
497	0.79802	0.83233	0.89665
497.1	0.79795	0.83227	0.89662
497.2	0.79788	0.83221	0.89658
497.3	0.79782	0.83215	0.89654
497.4	0.79775	0.8321	0.8965
497.5	0.79768	0.83204	0.89647
497.6	0.79761	0.83198	0.89643
497.7	0.79754	0.83192	0.89639
497.8	0.79747	0.83187	0.89636
497.9	0.7974	0.83181	0.89632
498	0.79733	0.83175	0.89628
498.1	0.79726	0.8317	0.89624
498.2	0.79718	0.83164	0.89621
498.3	0.79711	0.83158	0.89617
498.4	0.79704	0.83152	0.89613
498.5	0.79697	0.83147	0.89609
498.6	0.79689	0.83141	0.89606
498.7	0.79682	0.83135	0.89602
498.8	0.79675	0.8313	0.89598
498.9	0.79667	0.83124	0.89594
499	0.7966	0.83118	0.8959
499.1	0.79653	0.83113	0.89587
499.2	0.79645	0.83107	0.89583
499.3	0.79638	0.83101	0.89579
499.4	0.7963	0.83096	0.89575
499.5	0.79623	0.8309	0.89571
499.6	0.79615	0.83084	0.89567
499.7	0.79607	0.83079	0.89564
499.8	0.796	0.83073	0.8956
499.9	0.79592	0.83067	0.89556
500	0.79585	0.83062	0.89552
500.1	0.79577	0.83056	0.89548
500.2	0.79569	0.8305	0.89544
500.3	0.79561	0.83045	0.8954
500.4	0.79554	0.83039	0.89537
500.5	0.79546	0.83033	0.89533
500.6	0.79538	0.83027	0.89529
500.7	0.7953	0.83022	0.89525
500.8	0.79523	0.83016	0.89521
500.9	0.79515	0.8301	0.89517
501	0.79507	0.83005	0.89513
501.1	0.79499	0.82999	0.89509
501.2	0.79491	0.82993	0.89505
501.3	0.79483	0.82988	0.89501
501.4	0.79476	0.82982	0.89498
501.5	0.79468	0.82976	0.89494
501.6	0.7946	0.8297	0.8949
501.7	0.79452	0.82965	0.89486
501.8	0.79444	0.82959	0.89482
501.9	0.79436	0.82953	0.89478
502	0.79428	0.82947	0.89474
502.1	0.7942	0.82941	0.8947
502.2	0.79412	0.82936	0.89466
502.3	0.79404	0.8293	0.89462
502.4	0.79396	0.82924	0.89458
502.5	0.79388	0.82918	0.89454
502.6	0.7938	0.82912	0.8945
502.7	0.79372	0.82906	0.89446
502.8	0.79365	0.82901	0.89442
502.9	0.79357	0.82895	0.89438
503	0.79349	0.82889	0.89434
503.1	0.79341	0.82883	0.8943
503.2	0.79333	0.82877	0.89426
503.3	0.79325	0.82871	0.89422
503.4	0.79317	0.82865	0.89418
503.5	0.79309	0.82859	0.89414
503.6	0.79301	0.82853	0.8941
503.7	0.79293	0.82846	0.89406
503.8	0.79285	0.8284	0.89402
503.9	0.79277	0.82834	0.89398
504	0.79269	0.82828	0.89394
504.1	0.79261	0.82822	0.89389
504.2	0.79253	0.82816	0.89385
504.3	0.79245	0.82809	0.89381
504.4	0.79238	0.82803	0.89377
504.5	0.7923	0.82797	0.89373
504.6	0.79222	0.8279	0.89369
504.7	0.79214	0.82784	0.89365
504.8	0.79206	0.82778	0.89361
504.9	0.79198	0.82771	0.89357
505	0.7919	0.82765	0.89353
505.1	0.79182	0.82758	0.89348
505.2	0.79175	0.82752	0.89344
505.3	0.79167	0.82745	0.8934
505.4	0.79159	0.82738	0.89336
505.5	0.79151	0.82732	0.89332
505.6	0.79143	0.82725	0.89328
505.7	0.79136	0.82718	0.89324
505.8	0.79128	0.82712	0.89319
505.9	0.7912	0.82705	0.89315
506	0.79112	0.82698	0.89311
506.1	0.79104	0.82691	0.89307
506.2	0.79097	0.82684	0.89303
506.3	0.79089	0.82677	0.89298
506.4	0.79081	0.8267	0.89294
506.5	0.79073	0.82663	0.8929
506.6	0.79066	0.82656	0.89286
506.7	0.79058	0.82649	0.89281
506.8	0.7905	0.82641	0.89277
506.9	0.79043	0.82634	0.89273
507	0.79035	0.82627	0.89269
507.1	0.79027	0.8262	0.89264
507.2	0.7902	0.82612	0.8926
507.3	0.79012	0.82605	0.89256
507.4	0.79004	0.82597	0.89252
507.5	0.78996	0.8259	0.89247
507.6	0.78989	0.82582	0.89243
507.7	0.78981	0.82574	0.89239
507.8	0.78974	0.82567	0.89235
507.9	0.78966	0.82559	0.8923
508	0.78958	0.82551	0.89226
508.1	0.78951	0.82543	0.89222
508.2	0.78943	0.82535	0.89217
508.3	0.78935	0.82527	0.89213
508.4	0.78928	0.82519	0.89209
508.5	0.7892	0.82511	0.89204
508.6	0.78912	0.82503	0.892
508.7	0.78905	0.82495	0.89195
508.8	0.78897	0.82486	0.89191
508.9	0.78889	0.82478	0.89187
509	0.78882	0.8247	0.89182
509.1	0.78874	0.82461	0.89178
509.2	0.78866	0.82453	0.89173
509.3	0.78859	0.82444	0.89169
509.4	0.78851	0.82435	0.89165
509.5	0.78843	0.82427	0.8916
509.6	0.78836	0.82418	0.89156
509.7	0.78828	0.82409	0.89151
509.8	0.7882	0.824	0.89147
509.9	0.78812	0.82391	0.89142
510	0.78805	0.82382	0.89138
510.1	0.78797	0.82373	0.89133
510.2	0.78789	0.82364	0.89129
510.3	0.78781	0.82355	0.89124
510.4	0.78773	0.82346	0.8912
510.5	0.78766	0.82336	0.89115
510.6	0.78758	0.82327	0.89111
510.7	0.7875	0.82318	0.89106
510.8	0.78742	0.82308	0.89102
510.9	0.78734	0.82299	0.89097
511	0.78726	0.82289	0.89093
511.1	0.78718	0.82279	0.89088
511.2	0.7871	0.82269	0.89084
511.3	0.78702	0.8226	0.89079
511.4	0.78694	0.8225	0.89074
511.5	0.78686	0.8224	0.8907
511.6	0.78678	0.8223	0.89065
511.7	0.7867	0.8222	0.8906
511.8	0.78662	0.8221	0.89056
511.9	0.78654	0.82199	0.89051
512	0.78645	0.82189	0.89047
512.1	0.78637	0.82179	0.89042
512.2	0.78629	0.82168	0.89037
512.3	0.7862	0.82158	0.89033
512.4	0.78612	0.82148	0.89028
512.5	0.78604	0.82137	0.89023
512.6	0.78595	0.82126	0.89018
512.7	0.78587	0.82116	0.89014
512.8	0.78578	0.82105	0.89009
512.9	0.7857	0.82094	0.89004
513	0.78561	0.82083	0.88999
513.1	0.78552	0.82072	0.88995
513.2	0.78544	0.82061	0.8899
513.3	0.78535	0.8205	0.88985
513.4	0.78526	0.82039	0.8898
513.5	0.78517	0.82028	0.88976
513.6	0.78508	0.82017	0.88971
513.7	0.78499	0.82006	0.88966
513.8	0.7849	0.81994	0.88961
513.9	0.78481	0.81983	0.88956
514	0.78472	0.81971	0.88951
514.1	0.78463	0.8196	0.88947
514.2	0.78454	0.81948	0.88942
514.3	0.78444	0.81937	0.88937
514.4	0.78435	0.81925	0.88932
514.5	0.78426	0.81913	0.88927
514.6	0.78416	0.81902	0.88922
514.7	0.78407	0.8189	0.88917
514.8	0.78397	0.81878	0.88912
514.9	0.78387	0.81866	0.88907
515	0.78378	0.81854	0.88902
515.1	0.78368	0.81842	0.88897
515.2	0.78358	0.8183	0.88892
515.3	0.78348	0.81818	0.88887
515.4	0.78338	0.81806	0.88882
515.5	0.78328	0.81794	0.88877
515.6	0.78318	0.81781	0.88872
515.7	0.78308	0.81769	0.88867
515.8	0.78298	0.81757	0.88862
515.9	0.78287	0.81744	0.88857
516	0.78277	0.81732	0.88852
516.1	0.78266	0.81719	0.88847
516.2	0.78256	0.81707	0.88842
516.3	0.78245	0.81694	0.88837
516.4	0.78235	0.81682	0.88831
516.5	0.78224	0.81669	0.88826
516.6	0.78213	0.81657	0.88821
516.7	0.78202	0.81644	0.88816
516.8	0.78191	0.81631	0.88811
516.9	0.7818	0.81618	0.88806
517	0.78169	0.81606	0.888
517.1	0.78158	0.81593	0.88795
517.2	0.78146	0.8158	0.8879
517.3	0.78135	0.81567	0.88785
517.4	0.78124	0.81554	0.8878
517.5	0.78112	0.81541	0.88774
517.6	0.78101	0.81528	0.88769
517.7	0.78089	0.81515	0.88764
517.8	0.78077	0.81502	0.88758
517.9	0.78065	0.81489	0.88753
518	0.78054	0.81476	0.88748
518.1	0.78042	0.81463	0.88743
518.2	0.7803	0.8145	0.88737
518.3	0.78017	0.81436	0.88732
518.4	0.78005	0.81423	0.88726
518.5	0.77993	0.8141	0.88721
518.6	0.77981	0.81397	0.88716
518.7	0.77968	0.81383	0.8871
518.8	0.77956	0.8137	0.88705
518.9	0.77943	0.81357	0.88699
519	0.7793	0.81344	0.88694
519.1	0.77918	0.8133	0.88689
519.2	0.77905	0.81317	0.88683
519.3	0.77892	0.81304	0.88678
519.4	0.77879	0.8129	0.88672
519.5	0.77866	0.81277	0.88667
519.6	0.77853	0.81263	0.88661
519.7	0.7784	0.8125	0.88656
519.8	0.77826	0.81237	0.8865
519.9	0.77813	0.81223	0.88645
520	0.778	0.8121	0.88639
520.1	0.77786	0.81196	0.88633
520.2	0.77773	0.81183	0.88628
520.3	0.77759	0.81169	0.88622
520.4	0.77745	0.81156	0.88617
520.5	0.77732	0.81143	0.88611
520.6	0.77718	0.81129	0.88605
520.7	0.77704	0.81116	0.886
520.8	0.7769	0.81102	0.88594
520.9	0.77676	0.81089	0.88588
521	0.77662	0.81075	0.88583
521.1	0.77648	0.81062	0.88577
521.2	0.77633	0.81048	0.88571
521.3	0.77619	0.81035	0.88566
521.4	0.77605	0.81021	0.8856
521.5	0.7759	0.81008	0.88554
521.6	0.77576	0.80994	0.88549
521.7	0.77561	0.80981	0.88543
521.8	0.77546	0.80967	0.88537
521.9	0.77532	0.80954	0.88531
522	0.77517	0.80941	0.88525
522.1	0.77502	0.80927	0.8852
522.2	0.77487	0.80914	0.88514
522.3	0.77472	0.809	0.88508
522.4	0.77457	0.80887	0.88502
522.5	0.77442	0.80873	0.88496
522.6	0.77427	0.8086	0.88491
522.7	0.77412	0.80847	0.88485
522.8	0.77397	0.80833	0.88479
522.9	0.77382	0.8082	0.88473
523	0.77366	0.80807	0.88467
523.1	0.77351	0.80793	0.88461
523.2	0.77336	0.8078	0.88455
523.3	0.7732	0.80766	0.88449
523.4	0.77305	0.80753	0.88443
523.5	0.77289	0.8074	0.88438
523.6	0.77273	0.80727	0.88432
523.7	0.77258	0.80713	0.88426
523.8	0.77242	0.807	0.8842
523.9	0.77226	0.80687	0.88414
524	0.77211	0.80673	0.88408
524.1	0.77195	0.8066	0.88402
524.2	0.77179	0.80647	0.88396
524.3	0.77163	0.80634	0.8839
524.4	0.77147	0.8062	0.88384
524.5	0.77131	0.80607	0.88378
524.6	0.77115	0.80594	0.88372
524.7	0.77099	0.80581	0.88366
524.8	0.77083	0.80568	0.8836
524.9	0.77067	0.80555	0.88354
525	0.77051	0.80541	0.88347
525.1	0.77034	0.80528	0.88341
525.2	0.77018	0.80515	0.88335
525.3	0.77002	0.80502	0.88329
525.4	0.76986	0.80489	0.88323
525.5	0.76969	0.80476	0.88317
525.6	0.76953	0.80463	0.88311
525.7	0.76937	0.8045	0.88305
525.8	0.7692	0.80437	0.88299
525.9	0.76904	0.80424	0.88293
526	0.76888	0.80411	0.88286
526.1	0.76871	0.80398	0.8828
526.2	0.76855	0.80385	0.88274
526.3	0.76838	0.80372	0.88268
526.4	0.76822	0.80359	0.88262
526.5	0.76805	0.80346	0.88256
526.6	0.76789	0.80333	0.88249
526.7	0.76772	0.8032	0.88243
526.8	0.76755	0.80307	0.88237
526.9	0.76739	0.80294	0.88231
527	0.76722	0.80281	0.88225
527.1	0.76706	0.80268	0.88219
527.2	0.76689	0.80255	0.88212
527.3	0.76672	0.80242	0.88206
527.4	0.76656	0.80229	0.882
527.5	0.76639	0.80217	0.88194
527.6	0.76622	0.80204	0.88188
527.7	0.76606	0.80191	0.88181
527.8	0.76589	0.80178	0.88175
527.9	0.76572	0.80165	0.88169
528	0.76556	0.80152	0.88163
528.1	0.76539	0.80139	0.88156
528.2	0.76522	0.80126	0.8815
528.3	0.76505	0.80113	0.88144
528.4	0.76489	0.801	0.88138
528.5	0.76472	0.80088	0.88132
528.6	0.76455	0.80075	0.88125
528.7	0.76438	0.80062	0.88119
528.8	0.76422	0.80049	0.88113
528.9	0.76405	0.80036	0.88107
529	0.76388	0.80023	0.881
529.1	0.76371	0.8001	0.88094
529.2	0.76355	0.79997	0.88088
529.3	0.76338	0.79984	0.88082
529.4	0.76321	0.79971	0.88075
529.5	0.76305	0.79958	0.88069
529.6	0.76288	0.79945	0.88063
529.7	0.76271	0.79932	0.88057
529.8	0.76254	0.79919	0.8805
529.9	0.76238	0.79906	0.88044
530	0.76221	0.79893	0.88038
530.1	0.76204	0.7988	0.88032
530.2	0.76187	0.79867	0.88025
530.3	0.76171	0.79854	0.88019
530.4	0.76154	0.79841	0.88013
530.5	0.76137	0.79828	0.88007
530.6	0.76121	0.79815	0.88001
530.7	0.76104	0.79802	0.87994
530.8	0.76087	0.79789	0.87988
530.9	0.7607	0.79775	0.87982
531	0.76054	0.79762	0.87976
531.1	0.76037	0.79749	0.8797
531.2	0.7602	0.79736	0.87963
531.3	0.76004	0.79722	0.87957
531.4	0.75987	0.79709	0.87951
531.5	0.7597	0.79696	0.87945
531.6	0.75954	0.79682	0.87939
531.7	0.75937	0.79669	0.87932
531.8	0.7592	0.79656	0.87926
531.9	0.75904	0.79642	0.8792
532	0.75887	0.79629	0.87914
532.1	0.75871	0.79615	0.87908
532.2	0.75854	0.79602	0.87902
532.3	0.75837	0.79588	0.87895
532.4	0.75821	0.79575	0.87889
532.5	0.75804	0.79561	0.87883
532.6	0.75788	0.79547	0.87877
532.7	0.75771	0.79534	0.87871
532.8	0.75755	0.7952	0.87865
532.9	0.75738	0.79506	0.87859
533	0.75721	0.79492	0.87853
533.1	0.75705	0.79479	0.87847
533.2	0.75688	0.79465	0.87841
533.3	0.75672	0.79451	0.87835
533.4	0.75655	0.79437	0.87829
533.5	0.75639	0.79423	0.87823
533.6	0.75622	0.79409	0.87817
533.7	0.75606	0.79395	0.87811
533.8	0.75589	0.79381	0.87805
533.9	0.75573	0.79367	0.87799
534	0.75556	0.79352	0.87793
534.1	0.7554	0.79338	0.87787
534.2	0.75523	0.79324	0.87781
534.3	0.75507	0.7931	0.87775
534.4	0.7549	0.79295	0.87769
534.5	0.75474	0.79281	0.87763
534.6	0.75458	0.79267	0.87757
534.7	0.75441	0.79252	0.87751
534.8	0.75425	0.79238	0.87745
534.9	0.75408	0.79223	0.87739
535	0.75392	0.79208	0.87734
535.1	0.75375	0.79194	0.87728
535.2	0.75359	0.79179	0.87722
535.3	0.75342	0.79164	0.87716
535.4	0.75326	0.7915	0.8771
535.5	0.7531	0.79135	0.87705
535.6	0.75293	0.7912	0.87699
535.7	0.75277	0.79105	0.87693
535.8	0.7526	0.7909	0.87687
535.9	0.75244	0.79075	0.87682
536	0.75228	0.7906	0.87676
536.1	0.75211	0.79045	0.8767
536.2	0.75195	0.7903	0.87665
536.3	0.75178	0.79014	0.87659
536.4	0.75162	0.78999	0.87654
536.5	0.75145	0.78984	0.87648
536.6	0.75129	0.78969	0.87642
536.7	0.75113	0.78953	0.87637
536.8	0.75096	0.78938	0.87631
536.9	0.7508	0.78922	0.87626
537	0.75063	0.78907	0.8762
537.1	0.75047	0.78891	0.87615
537.2	0.75031	0.78876	0.87609
537.3	0.75014	0.7886	0.87604
537.4	0.74998	0.78844	0.87599
537.5	0.74981	0.78829	0.87593
537.6	0.74965	0.78813	0.87588
537.7	0.74949	0.78797	0.87582
537.8	0.74932	0.78781	0.87577
537.9	0.74916	0.78766	0.87572
538	0.74899	0.7875	0.87567
538.1	0.74883	0.78734	0.87561
538.2	0.74867	0.78718	0.87556
538.3	0.7485	0.78702	0.87551
538.4	0.74834	0.78686	0.87546
538.5	0.74817	0.7867	0.87541
538.6	0.74801	0.78653	0.87535
538.7	0.74785	0.78637	0.8753
538.8	0.74768	0.78621	0.87525
538.9	0.74752	0.78605	0.8752
539	0.74735	0.78589	0.87515
539.1	0.74719	0.78572	0.8751
539.2	0.74702	0.78556	0.87505
539.3	0.74686	0.7854	0.875
539.4	0.7467	0.78523	0.87495
539.5	0.74653	0.78507	0.8749
539.6	0.74637	0.78491	0.87485
539.7	0.7462	0.78474	0.87481
539.8	0.74604	0.78458	0.87476
539.9	0.74587	0.78441	0.87471
540	0.74571	0.78425	0.87466
540.1	0.74555	0.78408	0.87461
540.2	0.74538	0.78392	0.87457
540.3	0.74522	0.78375	0.87452
540.4	0.74505	0.78359	0.87447
540.5	0.74489	0.78342	0.87443
540.6	0.74472	0.78326	0.87438
540.7	0.74456	0.78309	0.87434
540.8	0.7444	0.78292	0.87429
540.9	0.74423	0.78276	0.87425
541	0.74407	0.78259	0.8742
541.1	0.7439	0.78242	0.87416
541.2	0.74374	0.78226	0.87411
541.3	0.74357	0.78209	0.87407
541.4	0.74341	0.78193	0.87403
541.5	0.74324	0.78176	0.87398
541.6	0.74308	0.78159	0.87394
541.7	0.74292	0.78143	0.8739
541.8	0.74275	0.78126	0.87385
541.9	0.74259	0.78109	0.87381
542	0.74242	0.78093	0.87377
542.1	0.74226	0.78076	0.87373
542.2	0.74209	0.78059	0.87369
542.3	0.74193	0.78043	0.87365
542.4	0.74177	0.78026	0.87361
542.5	0.7416	0.7801	0.87357
542.6	0.74144	0.77993	0.87353
542.7	0.74127	0.77976	0.87349
542.8	0.74111	0.7796	0.87345
542.9	0.74095	0.77943	0.87341
543	0.74078	0.77927	0.87337
543.1	0.74062	0.7791	0.87333
543.2	0.74046	0.77894	0.8733
543.3	0.74029	0.77878	0.87326
543.4	0.74013	0.77861	0.87322
543.5	0.73997	0.77845	0.87318
543.6	0.7398	0.77828	0.87315
543.7	0.73964	0.77812	0.87311
543.8	0.73948	0.77796	0.87308
543.9	0.73931	0.7778	0.87304
544	0.73915	0.77763	0.87301
544.1	0.73899	0.77747	0.87297
544.2	0.73882	0.77731	0.87294
544.3	0.73866	0.77715	0.8729
544.4	0.7385	0.77699	0.87287
544.5	0.73834	0.77683	0.87284
544.6	0.73817	0.77667	0.8728
544.7	0.73801	0.77651	0.87277
544.8	0.73785	0.77635	0.87274
544.9	0.73769	0.77619	0.87271
545	0.73753	0.77604	0.87268
545.1	0.73737	0.77588	0.87265
545.2	0.7372	0.77572	0.87262
545.3	0.73704	0.77557	0.87259
545.4	0.73688	0.77541	0.87256
545.5	0.73672	0.77526	0.87253
545.6	0.73656	0.7751	0.8725
545.7	0.7364	0.77495	0.87247
545.8	0.73624	0.77479	0.87244
545.9	0.73608	0.77464	0.87241
546	0.73592	0.77449	0.87238
546.1	0.73576	0.77434	0.87236
546.2	0.7356	0.77419	0.87233
546.3	0.73544	0.77404	0.8723
546.4	0.73528	0.77389	0.87228
546.5	0.73512	0.77374	0.87225
546.6	0.73496	0.77359	0.87223
546.7	0.7348	0.77344	0.8722
546.8	0.73465	0.7733	0.87218
546.9	0.73449	0.77315	0.87215
547	0.73433	0.77301	0.87213
547.1	0.73417	0.77286	0.87211
547.2	0.73402	0.77272	0.87208
547.3	0.73386	0.77258	0.87206
547.4	0.7337	0.77244	0.87204
547.5	0.73355	0.77229	0.87202
547.6	0.73339	0.77215	0.872
547.7	0.73323	0.77201	0.87197
547.8	0.73308	0.77188	0.87195
547.9	0.73292	0.77174	0.87193
548	0.73277	0.7716	0.87191
548.1	0.73261	0.77147	0.87189
548.2	0.73246	0.77133	0.87188
548.3	0.7323	0.7712	0.87186
548.4	0.73215	0.77106	0.87184
548.5	0.73199	0.77093	0.87182
548.6	0.73184	0.7708	0.8718
548.7	0.73169	0.77067	0.87179
548.8	0.73153	0.77054	0.87177
548.9	0.73138	0.77041	0.87175
549	0.73123	0.77028	0.87174
549.1	0.73108	0.77016	0.87172
549.2	0.73093	0.77003	0.87171
549.3	0.73077	0.7699	0.87169
549.4	0.73062	0.76978	0.87168
549.5	0.73047	0.76966	0.87166
549.6	0.73032	0.76953	0.87165
549.7	0.73017	0.76941	0.87164
549.8	0.73002	0.76929	0.87162
549.9	0.72987	0.76917	0.87161
550	0.72972	0.76906	0.8716
550.1	0.72958	0.76894	0.87159
550.2	0.72943	0.76882	0.87157
550.3	0.72928	0.76871	0.87156
550.4	0.72913	0.76859	0.87155
550.5	0.72898	0.76848	0.87154
550.6	0.72884	0.76836	0.87153
550.7	0.72869	0.76825	0.87152
550.8	0.72854	0.76814	0.87151
550.9	0.7284	0.76803	0.87151
551	0.72825	0.76792	0.8715
551.1	0.72811	0.76782	0.87149
551.2	0.72796	0.76771	0.87148
551.3	0.72782	0.7676	0.87147
551.4	0.72767	0.7675	0.87147
551.5	0.72753	0.76739	0.87146
551.6	0.72738	0.76729	0.87146
551.7	0.72724	0.76719	0.87145
551.8	0.7271	0.76709	0.87144
551.9	0.72695	0.76699	0.87144
552	0.72681	0.76689	0.87143
552.1	0.72667	0.76679	0.87143
552.2	0.72653	0.76669	0.87143
552.3	0.72639	0.76659	0.87142
552.4	0.72625	0.7665	0.87142
552.5	0.72611	0.7664	0.87142
552.6	0.72596	0.76631	0.87142
552.7	0.72582	0.76622	0.87141
552.8	0.72568	0.76613	0.87141
552.9	0.72555	0.76603	0.87141
553	0.72541	0.76594	0.87141
553.1	0.72527	0.76585	0.87141
553.2	0.72513	0.76577	0.87141
553.3	0.72499	0.76568	0.87141
553.4	0.72485	0.76559	0.87141
553.5	0.72471	0.7655	0.87141
553.6	0.72458	0.76542	0.87141
553.7	0.72444	0.76534	0.87141
553.8	0.7243	0.76525	0.87141
553.9	0.72417	0.76517	0.87142
554	0.72403	0.76509	0.87142
554.1	0.7239	0.76501	0.87142
554.2	0.72376	0.76492	0.87143
554.3	0.72362	0.76485	0.87143
554.4	0.72349	0.76477	0.87143
554.5	0.72335	0.76469	0.87144
554.6	0.72322	0.76461	0.87144
554.7	0.72309	0.76453	0.87145
554.8	0.72295	0.76446	0.87145
554.9	0.72282	0.76438	0.87146
555	0.72268	0.76431	0.87146
555.1	0.72255	0.76423	0.87147
555.2	0.72242	0.76416	0.87148
555.3	0.72228	0.76409	0.87148
555.4	0.72215	0.76401	0.87149
555.5	0.72202	0.76394	0.8715
555.6	0.72189	0.76387	0.87151
555.7	0.72176	0.7638	0.87151
555.8	0.72162	0.76373	0.87152
555.9	0.72149	0.76366	0.87153
556	0.72136	0.76359	0.87154
556.1	0.72123	0.76352	0.87155
556.2	0.7211	0.76346	0.87156
556.3	0.72097	0.76339	0.87157
556.4	0.72084	0.76332	0.87158
556.5	0.72071	0.76326	0.87159
556.6	0.72058	0.76319	0.8716
556.7	0.72045	0.76313	0.87161
556.8	0.72032	0.76306	0.87162
556.9	0.72019	0.763	0.87163
557	0.72006	0.76293	0.87165
557.1	0.71993	0.76287	0.87166
557.2	0.7198	0.7628	0.87167
557.3	0.71967	0.76274	0.87168
557.4	0.71954	0.76268	0.8717
557.5	0.71941	0.76262	0.87171
557.6	0.71928	0.76255	0.87172
557.7	0.71916	0.76249	0.87174
557.8	0.71903	0.76243	0.87175
557.9	0.7189	0.76237	0.87176
558	0.71877	0.76231	0.87178
558.1	0.71864	0.76225	0.87179
558.2	0.71851	0.76219	0.87181
558.3	0.71839	0.76213	0.87182
558.4	0.71826	0.76207	0.87184
558.5	0.71813	0.76201	0.87186
558.6	0.718	0.76195	0.87187
558.7	0.71788	0.76189	0.87189
558.8	0.71775	0.76183	0.8719
558.9	0.71762	0.76177	0.87192
559	0.71749	0.76171	0.87194
559.1	0.71737	0.76165	0.87196
559.2	0.71724	0.76159	0.87197
559.3	0.71711	0.76153	0.87199
559.4	0.71698	0.76147	0.87201
559.5	0.71686	0.76141	0.87203
559.6	0.71673	0.76135	0.87204
559.7	0.7166	0.76129	0.87206
559.8	0.71647	0.76123	0.87208
559.9	0.71635	0.76118	0.8721
560	0.71622	0.76112	0.87212
560.1	0.71609	0.76106	0.87214
560.2	0.71597	0.761	0.87216
560.3	0.71584	0.76094	0.87218
560.4	0.71571	0.76088	0.8722
560.5	0.71558	0.76082	0.87222
560.6	0.71546	0.76076	0.87224
560.7	0.71533	0.7607	0.87226
560.8	0.7152	0.76064	0.87228
560.9	0.71508	0.76058	0.8723
561	0.71495	0.76052	0.87232
561.1	0.71482	0.76046	0.87234
561.2	0.71469	0.76039	0.87236
561.3	0.71457	0.76033	0.87239
561.4	0.71444	0.76027	0.87241
561.5	0.71431	0.76021	0.87243
561.6	0.71418	0.76015	0.87245
561.7	0.71406	0.76008	0.87247
561.8	0.71393	0.76002	0.8725
561.9	0.7138	0.75996	0.87252
562	0.71367	0.7599	0.87254
562.1	0.71355	0.75983	0.87256
562.2	0.71342	0.75977	0.87259
562.3	0.71329	0.7597	0.87261
562.4	0.71316	0.75964	0.87263
562.5	0.71304	0.75957	0.87266
562.6	0.71291	0.75951	0.87268
562.7	0.71278	0.75944	0.8727
562.8	0.71265	0.75938	0.87273
562.9	0.71253	0.75931	0.87275
563	0.7124	0.75924	0.87277
563.1	0.71227	0.75918	0.8728
563.2	0.71214	0.75911	0.87282
563.3	0.71201	0.75904	0.87285
563.4	0.71189	0.75897	0.87287
563.5	0.71176	0.7589	0.87289
563.6	0.71163	0.75883	0.87292
563.7	0.7115	0.75876	0.87294
563.8	0.71137	0.75869	0.87297
563.9	0.71124	0.75862	0.87299
564	0.71112	0.75855	0.87302
564.1	0.71099	0.75848	0.87304
564.2	0.71086	0.7584	0.87307
564.3	0.71073	0.75833	0.87309
564.4	0.7106	0.75826	0.87312
564.5	0.71047	0.75818	0.87314
564.6	0.71034	0.75811	0.87317
564.7	0.71022	0.75803	0.87319
564.8	0.71009	0.75796	0.87322
564.9	0.70996	0.75788	0.87325
565	0.70983	0.75781	0.87327
565.1	0.7097	0.75773	0.8733
565.2	0.70957	0.75765	0.87332
565.3	0.70944	0.75757	0.87335
565.4	0.70931	0.75749	0.87337
565.5	0.70918	0.75742	0.8734
565.6	0.70906	0.75734	0.87343
565.7	0.70893	0.75726	0.87345
565.8	0.7088	0.75717	0.87348
565.9	0.70867	0.75709	0.8735
566	0.70854	0.75701	0.87353
566.1	0.70841	0.75693	0.87356
566.2	0.70828	0.75685	0.87358
566.3	0.70815	0.75676	0.87361
566.4	0.70802	0.75668	0.87364
566.5	0.7079	0.75659	0.87366
566.6	0.70777	0.75651	0.87369
566.7	0.70764	0.75642	0.87371
566.8	0.70751	0.75634	0.87374
566.9	0.70738	0.75625	0.87377
567	0.70725	0.75616	0.87379
567.1	0.70712	0.75607	0.87382
567.2	0.70699	0.75599	0.87385
567.3	0.70687	0.7559	0.87387
567.4	0.70674	0.75581	0.8739
567.5	0.70661	0.75572	0.87393
567.6	0.70648	0.75563	0.87395
567.7	0.70635	0.75554	0.87398
567.8	0.70622	0.75544	0.874
567.9	0.7061	0.75535	0.87403
568	0.70597	0.75526	0.87406
568.1	0.70584	0.75517	0.87408
568.2	0.70571	0.75507	0.87411
568.3	0.70558	0.75498	0.87414
568.4	0.70546	0.75489	0.87416
568.5	0.70533	0.75479	0.87419
568.6	0.7052	0.7547	0.87421
568.7	0.70507	0.7546	0.87424
568.8	0.70495	0.7545	0.87427
568.9	0.70482	0.75441	0.87429
569	0.70469	0.75431	0.87432
569.1	0.70457	0.75421	0.87435
569.2	0.70444	0.75412	0.87437
569.3	0.70431	0.75402	0.8744
569.4	0.70419	0.75392	0.87442
569.5	0.70406	0.75382	0.87445
569.6	0.70393	0.75372	0.87448
569.7	0.70381	0.75362	0.8745
569.8	0.70368	0.75352	0.87453
569.9	0.70355	0.75342	0.87455
570	0.70343	0.75332	0.87458
570.1	0.7033	0.75322	0.8746
570.2	0.70318	0.75312	0.87463
570.3	0.70305	0.75302	0.87466
570.4	0.70293	0.75292	0.87468
570.5	0.7028	0.75281	0.87471
570.6	0.70268	0.75271	0.87473
570.7	0.70255	0.75261	0.87476
570.8	0.70243	0.75251	0.87478
570.9	0.7023	0.7524	0.87481
571	0.70218	0.7523	0.87483
571.1	0.70206	0.7522	0.87486
571.2	0.70193	0.75209	0.87488
571.3	0.70181	0.75199	0.87491
571.4	0.70169	0.75188	0.87493
571.5	0.70156	0.75178	0.87496
571.6	0.70144	0.75168	0.87498
571.7	0.70132	0.75157	0.87501
571.8	0.7012	0.75147	0.87503
571.9	0.70107	0.75136	0.87506
572	0.70095	0.75126	0.87508
572.1	0.70083	0.75115	0.87511
572.2	0.70071	0.75105	0.87513
572.3	0.70059	0.75094	0.87515
572.4	0.70047	0.75084	0.87518
572.5	0.70034	0.75073	0.8752
572.6	0.70022	0.75062	0.87523
572.7	0.7001	0.75052	0.87525
572.8	0.69998	0.75041	0.87527
572.9	0.69986	0.75031	0.8753
573	0.69974	0.7502	0.87532
573.1	0.69962	0.7501	0.87535
573.2	0.6995	0.74999	0.87537
573.3	0.69938	0.74989	0.87539
573.4	0.69926	0.74978	0.87542
573.5	0.69915	0.74968	0.87544
573.6	0.69903	0.74957	0.87546
573.7	0.69891	0.74947	0.87548
573.8	0.69879	0.74936	0.87551
573.9	0.69867	0.74926	0.87553
574	0.69855	0.74915	0.87555
574.1	0.69844	0.74905	0.87558
574.2	0.69832	0.74894	0.8756
574.3	0.6982	0.74884	0.87562
574.4	0.69808	0.74873	0.87564
574.5	0.69797	0.74863	0.87567
574.6	0.69785	0.74852	0.87569
574.7	0.69773	0.74842	0.87571
574.8	0.69762	0.74832	0.87573
574.9	0.6975	0.74821	0.87575
575	0.69738	0.74811	0.87577
575.1	0.69727	0.74801	0.8758
575.2	0.69715	0.74791	0.87582
575.3	0.69704	0.7478	0.87584
575.4	0.69692	0.7477	0.87586
575.5	0.69681	0.7476	0.87588
575.6	0.69669	0.7475	0.8759
575.7	0.69658	0.7474	0.87592
575.8	0.69646	0.7473	0.87595
575.9	0.69635	0.74719	0.87597
576	0.69623	0.74709	0.87599
576.1	0.69612	0.74699	0.87601
576.2	0.696	0.74689	0.87603
576.3	0.69589	0.7468	0.87605
576.4	0.69577	0.7467	0.87607
576.5	0.69566	0.7466	0.87609
576.6	0.69554	0.7465	0.87611
576.7	0.69543	0.7464	0.87613
576.8	0.69532	0.7463	0.87615
576.9	0.6952	0.74621	0.87617
577	0.69509	0.74611	0.87619
577.1	0.69497	0.74601	0.87621
577.2	0.69486	0.74592	0.87623
577.3	0.69475	0.74582	0.87625
577.4	0.69463	0.74573	0.87627
577.5	0.69452	0.74563	0.87629
577.6	0.6944	0.74554	0.87631
577.7	0.69429	0.74544	0.87633
577.8	0.69418	0.74535	0.87634
577.9	0.69406	0.74526	0.87636
578	0.69395	0.74516	0.87638
578.1	0.69384	0.74507	0.8764
578.2	0.69372	0.74498	0.87642
578.3	0.69361	0.74489	0.87644
578.4	0.69349	0.7448	0.87646
578.5	0.69338	0.7447	0.87647
578.6	0.69327	0.74461	0.87649
578.7	0.69315	0.74453	0.87651
578.8	0.69304	0.74444	0.87653
578.9	0.69292	0.74435	0.87655
579	0.69281	0.74426	0.87657
579.1	0.69269	0.74417	0.87658
579.2	0.69258	0.74408	0.8766
579.3	0.69246	0.744	0.87662
579.4	0.69235	0.74391	0.87664
579.5	0.69223	0.74382	0.87665
579.6	0.69212	0.74374	0.87667
579.7	0.692	0.74365	0.87669
579.8	0.69189	0.74357	0.87671
579.9	0.69177	0.74348	0.87672
580	0.69166	0.7434	0.87674
580.1	0.69154	0.74332	0.87676
580.2	0.69142	0.74323	0.87677
580.3	0.69131	0.74315	0.87679
580.4	0.69119	0.74307	0.87681
580.5	0.69107	0.74299	0.87682
580.6	0.69096	0.74291	0.87684
580.7	0.69084	0.74283	0.87686
580.8	0.69072	0.74275	0.87687
580.9	0.6906	0.74267	0.87689
581	0.69049	0.74259	0.87691
581.1	0.69037	0.74251	0.87692
581.2	0.69025	0.74243	0.87694
581.3	0.69013	0.74235	0.87696
581.4	0.69001	0.74227	0.87697
581.5	0.68989	0.7422	0.87699
581.6	0.68977	0.74212	0.877
581.7	0.68965	0.74204	0.87702
581.8	0.68953	0.74197	0.87704
581.9	0.68941	0.74189	0.87705
582	0.68929	0.74181	0.87707
582.1	0.68917	0.74174	0.87708
582.2	0.68905	0.74166	0.8771
582.3	0.68893	0.74159	0.87711
582.4	0.68881	0.74152	0.87713
582.5	0.68868	0.74144	0.87715
582.6	0.68856	0.74137	0.87716
582.7	0.68844	0.7413	0.87718
582.8	0.68831	0.74123	0.87719
582.9	0.68819	0.74115	0.87721
583	0.68807	0.74108	0.87722
583.1	0.68794	0.74101	0.87724
583.2	0.68782	0.74094	0.87725
583.3	0.68769	0.74087	0.87727
583.4	0.68757	0.7408	0.87728
583.5	0.68744	0.74073	0.8773
583.6	0.68731	0.74066	0.87731
583.7	0.68719	0.74059	0.87733
583.8	0.68706	0.74052	0.87734
583.9	0.68693	0.74045	0.87736
584	0.6868	0.74038	0.87738
584.1	0.68668	0.74031	0.87739
584.2	0.68655	0.74024	0.87741
584.3	0.68642	0.74018	0.87742
584.4	0.68629	0.74011	0.87744
584.5	0.68616	0.74004	0.87745
584.6	0.68603	0.73997	0.87747
584.7	0.6859	0.73991	0.87748
584.8	0.68577	0.73984	0.8775
584.9	0.68564	0.73977	0.87751
585	0.68551	0.73971	0.87753
585.1	0.68538	0.73964	0.87754
585.2	0.68524	0.73957	0.87756
585.3	0.68511	0.73951	0.87757
585.4	0.68498	0.73944	0.87758
585.5	0.68485	0.73938	0.8776
585.6	0.68471	0.73931	0.87761
585.7	0.68458	0.73925	0.87763
585.8	0.68444	0.73918	0.87764
585.9	0.68431	0.73912	0.87766
586	0.68418	0.73905	0.87767
586.1	0.68404	0.73899	0.87769
586.2	0.6839	0.73892	0.87771
586.3	0.68377	0.73886	0.87772
586.4	0.68363	0.73879	0.87774
586.5	0.6835	0.73873	0.87775
586.6	0.68336	0.73867	0.87777
586.7	0.68322	0.7386	0.87778
586.8	0.68309	0.73854	0.8778
586.9	0.68295	0.73847	0.87781
587	0.68281	0.73841	0.87783
587.1	0.68267	0.73835	0.87784
587.2	0.68254	0.73828	0.87786
587.3	0.6824	0.73822	0.87787
587.4	0.68226	0.73816	0.87789
587.5	0.68212	0.73809	0.8779
587.6	0.68198	0.73803	0.87792
587.7	0.68184	0.73797	0.87793
587.8	0.6817	0.73791	0.87795
587.9	0.68157	0.73784	0.87797
588	0.68143	0.73778	0.87798
588.1	0.68129	0.73772	0.878
588.2	0.68115	0.73765	0.87801
588.3	0.68101	0.73759	0.87803
588.4	0.68087	0.73753	0.87805
588.5	0.68073	0.73747	0.87806
588.6	0.68059	0.7374	0.87808
588.7	0.68045	0.73734	0.87809
588.8	0.68031	0.73728	0.87811
588.9	0.68017	0.73722	0.87813
589	0.68003	0.73715	0.87814
589.1	0.67989	0.73709	0.87816
589.2	0.67975	0.73703	0.87818
589.3	0.67961	0.73697	0.87819
589.4	0.67947	0.73691	0.87821
589.5	0.67932	0.73684	0.87823
589.6	0.67918	0.73678	0.87824
589.7	0.67904	0.73672	0.87826
589.8	0.6789	0.73666	0.87828
589.9	0.67876	0.7366	0.87829
590	0.67863	0.73653	0.87831
590.1	0.67849	0.73647	0.87833
590.2	0.67835	0.73641	0.87835
590.3	0.67821	0.73635	0.87836
590.4	0.67807	0.73629	0.87838
590.5	0.67793	0.73623	0.8784
590.6	0.67779	0.73617	0.87842
590.7	0.67765	0.7361	0.87843
590.8	0.67751	0.73604	0.87845
590.9	0.67738	0.73598	0.87847
591	0.67724	0.73592	0.87849
591.1	0.6771	0.73586	0.87851
591.2	0.67696	0.7358	0.87852
591.3	0.67683	0.73574	0.87854
591.4	0.67669	0.73568	0.87856
591.5	0.67655	0.73562	0.87858
591.6	0.67642	0.73556	0.8786
591.7	0.67628	0.7355	0.87862
591.8	0.67615	0.73544	0.87864
591.9	0.67601	0.73538	0.87866
592	0.67588	0.73532	0.87868
592.1	0.67574	0.73526	0.8787
592.2	0.67561	0.7352	0.87872
592.3	0.67548	0.73514	0.87874
592.4	0.67535	0.73508	0.87876
592.5	0.67521	0.73502	0.87878
592.6	0.67508	0.73497	0.8788
592.7	0.67495	0.73491	0.87882
592.8	0.67482	0.73485	0.87884
592.9	0.67469	0.73479	0.87886
593	0.67456	0.73473	0.87888
593.1	0.67443	0.73468	0.8789
593.2	0.67431	0.73462	0.87892
593.3	0.67418	0.73456	0.87894
593.4	0.67405	0.73451	0.87896
593.5	0.67392	0.73445	0.87898
593.6	0.6738	0.7344	0.879
593.7	0.67367	0.73434	0.87903
593.8	0.67355	0.73428	0.87905
593.9	0.67343	0.73423	0.87907
594	0.6733	0.73418	0.87909
594.1	0.67318	0.73412	0.87912
594.2	0.67306	0.73407	0.87914
594.3	0.67294	0.73401	0.87916
594.4	0.67282	0.73396	0.87918
594.5	0.6727	0.73391	0.87921
594.6	0.67258	0.73386	0.87923
594.7	0.67246	0.7338	0.87925
594.8	0.67235	0.73375	0.87928
594.9	0.67223	0.7337	0.8793
595	0.67212	0.73365	0.87932
595.1	0.672	0.7336	0.87935
595.2	0.67189	0.73355	0.87937
595.3	0.67178	0.7335	0.8794
595.4	0.67166	0.73345	0.87942
595.5	0.67155	0.73341	0.87945
595.6	0.67144	0.73336	0.87947
595.7	0.67133	0.73331	0.8795
595.8	0.67123	0.73326	0.87952
595.9	0.67112	0.73322	0.87955
596	0.67101	0.73317	0.87957
596.1	0.67091	0.73313	0.8796
596.2	0.6708	0.73308	0.87962
596.3	0.6707	0.73304	0.87965
596.4	0.67059	0.733	0.87968
596.5	0.67049	0.73295	0.8797
596.6	0.67039	0.73291	0.87973
596.7	0.67029	0.73287	0.87976
596.8	0.67019	0.73283	0.87978
596.9	0.67009	0.73279	0.87981
597	0.66999	0.73275	0.87984
597.1	0.6699	0.73271	0.87987
597.2	0.6698	0.73267	0.87989
597.3	0.66971	0.73264	0.87992
597.4	0.66961	0.7326	0.87995
597.5	0.66952	0.73256	0.87998
597.6	0.66943	0.73253	0.88001
597.7	0.66934	0.73249	0.88004
597.8	0.66925	0.73246	0.88006
597.9	0.66916	0.73243	0.88009
598	0.66907	0.73239	0.88012
598.1	0.66898	0.73236	0.88015
598.2	0.6689	0.73233	0.88018
598.3	0.66881	0.7323	0.88021
598.4	0.66873	0.73227	0.88024
598.5	0.66864	0.73224	0.88027
598.6	0.66856	0.73221	0.8803
598.7	0.66848	0.73219	0.88034
598.8	0.6684	0.73216	0.88037
598.9	0.66832	0.73213	0.8804
599	0.66824	0.73211	0.88043
599.1	0.66816	0.73208	0.88046
599.2	0.66809	0.73206	0.88049
599.3	0.66801	0.73204	0.88052
599.4	0.66793	0.73202	0.88056
599.5	0.66786	0.732	0.88059
599.6	0.66779	0.73198	0.88062
599.7	0.66771	0.73196	0.88065
599.8	0.66764	0.73194	0.88069
599.9	0.66757	0.73192	0.88072
600	0.6675	0.7319	0.88075
600.1	0.66743	0.73189	0.88079
600.2	0.66736	0.73187	0.88082
600.3	0.6673	0.73186	0.88086
600.4	0.66723	0.73184	0.88089
600.5	0.66716	0.73183	0.88092
600.6	0.6671	0.73182	0.88096
600.7	0.66703	0.73181	0.88099
600.8	0.66697	0.7318	0.88103
600.9	0.66691	0.73179	0.88106
601	0.66685	0.73178	0.8811
601.1	0.66678	0.73177	0.88114
601.2	0.66672	0.73176	0.88117
601.3	0.66666	0.73176	0.88121
601.4	0.6666	0.73175	0.88124
601.5	0.66655	0.73175	0.88128
601.6	0.66649	0.73174	0.88132
601.7	0.66643	0.73174	0.88135
601.8	0.66638	0.73174	0.88139
601.9	0.66632	0.73174	0.88143
602	0.66626	0.73174	0.88147
602.1	0.66621	0.73174	0.8815
602.2	0.66616	0.73174	0.88154
602.3	0.6661	0.73174	0.88158
602.4	0.66605	0.73174	0.88162
602.5	0.666	0.73175	0.88166
602.6	0.66595	0.73175	0.8817
602.7	0.66589	0.73176	0.88174
602.8	0.66584	0.73176	0.88178
602.9	0.66579	0.73177	0.88181
603	0.66574	0.73178	0.88185
603.1	0.66569	0.73178	0.88189
603.2	0.66565	0.73179	0.88193
603.3	0.6656	0.7318	0.88197
603.4	0.66555	0.73181	0.88202
603.5	0.6655	0.73182	0.88206
603.6	0.66546	0.73183	0.8821
603.7	0.66541	0.73184	0.88214
603.8	0.66536	0.73186	0.88218
603.9	0.66532	0.73187	0.88222
604	0.66527	0.73189	0.88226
604.1	0.66523	0.7319	0.8823
604.2	0.66518	0.73192	0.88235
604.3	0.66514	0.73193	0.88239
604.4	0.66509	0.73195	0.88243
604.5	0.66505	0.73196	0.88247
604.6	0.66501	0.73198	0.88252
604.7	0.66496	0.732	0.88256
604.8	0.66492	0.73202	0.8826
604.9	0.66488	0.73204	0.88265
605	0.66483	0.73206	0.88269
605.1	0.66479	0.73208	0.88273
605.2	0.66475	0.7321	0.88278
605.3	0.66471	0.73212	0.88282
605.4	0.66466	0.73214	0.88287
605.5	0.66462	0.73217	0.88291
605.6	0.66458	0.73219	0.88296
605.7	0.66454	0.73221	0.883
605.8	0.6645	0.73224	0.88305
605.9	0.66446	0.73226	0.88309
606	0.66441	0.73229	0.88314
606.1	0.66437	0.73231	0.88318
606.2	0.66433	0.73234	0.88323
606.3	0.66429	0.73236	0.88328
606.4	0.66425	0.73239	0.88332
606.5	0.66421	0.73242	0.88337
606.6	0.66417	0.73244	0.88342
606.7	0.66412	0.73247	0.88346
606.8	0.66408	0.7325	0.88351
606.9	0.66404	0.73253	0.88356
607	0.664	0.73256	0.8836
607.1	0.66396	0.73258	0.88365
607.2	0.66392	0.73261	0.8837
607.3	0.66388	0.73264	0.88375
607.4	0.66384	0.73267	0.8838
607.5	0.66379	0.7327	0.88384
607.6	0.66375	0.73273	0.88389
607.7	0.66371	0.73276	0.88394
607.8	0.66367	0.73279	0.88399
607.9	0.66363	0.73282	0.88404
608	0.66358	0.73285	0.88409
608.1	0.66354	0.73288	0.88414
608.2	0.6635	0.73292	0.88419
608.3	0.66346	0.73295	0.88424
608.4	0.66341	0.73298	0.88429
608.5	0.66337	0.73301	0.88434
608.6	0.66333	0.73304	0.88439
608.7	0.66328	0.73307	0.88444
608.8	0.66324	0.7331	0.88449
608.9	0.6632	0.73314	0.88454
609	0.66315	0.73317	0.88459
609.1	0.66311	0.7332	0.88464
609.2	0.66306	0.73323	0.88469
609.3	0.66302	0.73326	0.88474
609.4	0.66297	0.7333	0.8848
609.5	0.66293	0.73333	0.88485
609.6	0.66288	0.73336	0.8849
609.7	0.66284	0.73339	0.88495
609.8	0.66279	0.73342	0.885
609.9	0.66275	0.73346	0.88506
610	0.6627	0.73349	0.88511
610.1	0.66265	0.73352	0.88516
610.2	0.66261	0.73355	0.88521
610.3	0.66256	0.73358	0.88527
610.4	0.66251	0.73361	0.88532
610.5	0.66247	0.73365	0.88537
610.6	0.66242	0.73368	0.88543
610.7	0.66237	0.73371	0.88548
610.8	0.66232	0.73374	0.88553
610.9	0.66227	0.73377	0.88559
611	0.66223	0.7338	0.88564
611.1	0.66218	0.73383	0.88569
611.2	0.66213	0.73386	0.88575
611.3	0.66208	0.73389	0.8858
611.4	0.66203	0.73392	0.88586
611.5	0.66198	0.73396	0.88591
611.6	0.66193	0.73399	0.88597
611.7	0.66188	0.73402	0.88602
611.8	0.66183	0.73405	0.88607
611.9	0.66178	0.73407	0.88613
612	0.66173	0.7341	0.88618
612.1	0.66168	0.73413	0.88624
612.2	0.66163	0.73416	0.8863
612.3	0.66157	0.73419	0.88635
612.4	0.66152	0.73422	0.88641
612.5	0.66147	0.73425	0.88646
612.6	0.66142	0.73428	0.88652
612.7	0.66137	0.73431	0.88657
612.8	0.66131	0.73433	0.88663
612.9	0.66126	0.73436	0.88669
613	0.66121	0.73439	0.88674
613.1	0.66116	0.73442	0.8868
613.2	0.6611	0.73444	0.88685
613.3	0.66105	0.73447	0.88691
613.4	0.661	0.7345	0.88697
613.5	0.66094	0.73452	0.88702
613.6	0.66089	0.73455	0.88708
613.7	0.66084	0.73458	0.88714
613.8	0.66078	0.7346	0.8872
613.9	0.66073	0.73463	0.88725
614	0.66068	0.73465	0.88731
614.1	0.66062	0.73468	0.88737
614.2	0.66057	0.7347	0.88742
614.3	0.66051	0.73473	0.88748
614.4	0.66046	0.73475	0.88754
614.5	0.66041	0.73478	0.8876
614.6	0.66035	0.7348	0.88766
614.7	0.6603	0.73483	0.88771
614.8	0.66024	0.73485	0.88777
614.9	0.66019	0.73487	0.88783
615	0.66013	0.7349	0.88789
615.1	0.66008	0.73492	0.88795
615.2	0.66002	0.73494	0.888
615.3	0.65997	0.73497	0.88806
615.4	0.65992	0.73499	0.88812
615.5	0.65986	0.73501	0.88818
615.6	0.65981	0.73503	0.88824
615.7	0.65975	0.73506	0.8883
615.8	0.6597	0.73508	0.88835
615.9	0.65964	0.7351	0.88841
616	0.65959	0.73512	0.88847
616.1	0.65954	0.73514	0.88853
616.2	0.65948	0.73516	0.88859
616.3	0.65943	0.73519	0.88865
616.4	0.65937	0.73521	0.88871
616.5	0.65932	0.73523	0.88877
616.6	0.65927	0.73525	0.88883
616.7	0.65921	0.73527	0.88889
616.8	0.65916	0.73529	0.88895
616.9	0.65911	0.73531	0.889
617	0.65905	0.73533	0.88906
617.1	0.659	0.73535	0.88912
617.2	0.65895	0.73537	0.88918
617.3	0.6589	0.73539	0.88924
617.4	0.65884	0.73541	0.8893
617.5	0.65879	0.73543	0.88936
617.6	0.65874	0.73545	0.88942
617.7	0.65869	0.73547	0.88948
617.8	0.65864	0.73549	0.88954
617.9	0.65859	0.73551	0.8896
618	0.65853	0.73553	0.88966
618.1	0.65848	0.73555	0.88972
618.2	0.65843	0.73557	0.88978
618.3	0.65838	0.73559	0.88984
618.4	0.65833	0.73561	0.8899
618.5	0.65828	0.73563	0.88996
618.6	0.65823	0.73565	0.89002
618.7	0.65818	0.73567	0.89008
618.8	0.65814	0.73569	0.89014
618.9	0.65809	0.73571	0.8902
619	0.65804	0.73573	0.89026
619.1	0.65799	0.73575	0.89032
619.2	0.65794	0.73577	0.89038
619.3	0.6579	0.73579	0.89044
619.4	0.65785	0.73581	0.8905
619.5	0.6578	0.73583	0.89056
619.6	0.65776	0.73585	0.89062
619.7	0.65771	0.73587	0.89068
619.8	0.65766	0.73589	0.89074
619.9	0.65762	0.73591	0.8908
620	0.65757	0.73593	0.89086
620.1	0.65753	0.73595	0.89092
620.2	0.65749	0.73597	0.89098
620.3	0.65744	0.73599	0.89105
620.4	0.6574	0.73601	0.89111
620.5	0.65736	0.73603	0.89117
620.6	0.65731	0.73605	0.89123
620.7	0.65727	0.73607	0.89129
620.8	0.65723	0.73609	0.89135
620.9	0.65719	0.73611	0.89141
621	0.65715	0.73613	0.89147
621.1	0.65711	0.73615	0.89153
621.2	0.65707	0.73617	0.89159
621.3	0.65703	0.73619	0.89165
621.4	0.65699	0.73622	0.89171
621.5	0.65695	0.73624	0.89177
621.6	0.65691	0.73626	0.89183
621.7	0.65687	0.73628	0.89189
621.8	0.65683	0.7363	0.89195
621.9	0.6568	0.73632	0.89201
622	0.65676	0.73635	0.89207
622.1	0.65672	0.73637	0.89213
622.2	0.65669	0.73639	0.89219
622.3	0.65665	0.73641	0.89225
622.4	0.65662	0.73644	0.89231
622.5	0.65658	0.73646	0.89237
622.6	0.65655	0.73648	0.89243
622.7	0.65652	0.73651	0.89249
622.8	0.65648	0.73653	0.89255
622.9	0.65645	0.73655	0.89261
623	0.65642	0.73658	0.89267
623.1	0.65639	0.7366	0.89273
623.2	0.65636	0.73662	0.89279
623.3	0.65632	0.73665	0.89285
623.4	0.65629	0.73667	0.89292
623.5	0.65626	0.7367	0.89298
623.6	0.65623	0.73672	0.89304
623.7	0.65621	0.73675	0.8931
623.8	0.65618	0.73677	0.89316
623.9	0.65615	0.7368	0.89321
624	0.65612	0.73682	0.89327
624.1	0.65609	0.73685	0.89333
624.2	0.65607	0.73687	0.89339
624.3	0.65604	0.7369	0.89345
624.4	0.65602	0.73693	0.89351
624.5	0.65599	0.73695	0.89357
624.6	0.65597	0.73698	0.89363
624.7	0.65594	0.737	0.89369
624.8	0.65592	0.73703	0.89375
624.9	0.65589	0.73706	0.89381
625	0.65587	0.73708	0.89387
625.1	0.65585	0.73711	0.89393
625.2	0.65583	0.73714	0.89399
625.3	0.6558	0.73717	0.89405
625.4	0.65578	0.73719	0.89411
625.5	0.65576	0.73722	0.89417
625.6	0.65574	0.73725	0.89423
625.7	0.65572	0.73728	0.89429
625.8	0.6557	0.73731	0.89435
625.9	0.65568	0.73734	0.8944
626	0.65566	0.73736	0.89446
626.1	0.65565	0.73739	0.89452
626.2	0.65563	0.73742	0.89458
626.3	0.65561	0.73745	0.89464
626.4	0.65559	0.73748	0.8947
626.5	0.65558	0.73751	0.89476
626.6	0.65556	0.73754	0.89482
626.7	0.65555	0.73757	0.89488
626.8	0.65553	0.7376	0.89493
626.9	0.65552	0.73763	0.89499
627	0.6555	0.73766	0.89505
627.1	0.65549	0.73769	0.89511
627.2	0.65548	0.73772	0.89517
627.3	0.65546	0.73775	0.89523
627.4	0.65545	0.73778	0.89528
627.5	0.65544	0.73781	0.89534
627.6	0.65543	0.73784	0.8954
627.7	0.65541	0.73788	0.89546
627.8	0.6554	0.73791	0.89552
627.9	0.65539	0.73794	0.89557
628	0.65538	0.73797	0.89563
628.1	0.65537	0.738	0.89569
628.2	0.65536	0.73803	0.89575
628.3	0.65536	0.73807	0.8958
628.4	0.65535	0.7381	0.89586
628.5	0.65534	0.73813	0.89592
628.6	0.65533	0.73816	0.89598
628.7	0.65532	0.7382	0.89603
628.8	0.65532	0.73823	0.89609
628.9	0.65531	0.73826	0.89615
629	0.65531	0.73829	0.8962
629.1	0.6553	0.73833	0.89626
629.2	0.65529	0.73836	0.89632
629.3	0.65529	0.73839	0.89638
629.4	0.65529	0.73843	0.89643
629.5	0.65528	0.73846	0.89649
629.6	0.65528	0.7385	0.89655
629.7	0.65527	0.73853	0.8966
629.8	0.65527	0.73856	0.89666
629.9	0.65527	0.7386	0.89671
630	0.65527	0.73863	0.89677
630.1	0.65527	0.73867	0.89683
630.2	0.65526	0.7387	0.89688
630.3	0.65526	0.73874	0.89694
630.4	0.65526	0.73877	0.89699
630.5	0.65526	0.73881	0.89705
630.6	0.65526	0.73884	0.89711
630.7	0.65526	0.73888	0.89716
630.8	0.65526	0.73891	0.89722
630.9	0.65527	0.73895	0.89727
631	0.65527	0.73899	0.89733
631.1	0.65527	0.73902	0.89738
631.2	0.65527	0.73906	0.89744
631.3	0.65527	0.73909	0.89749
631.4	0.65528	0.73913	0.89755
631.5	0.65528	0.73917	0.8976
631.6	0.65529	0.7392	0.89766
631.7	0.65529	0.73924	0.89771
631.8	0.65529	0.73928	0.89777
631.9	0.6553	0.73932	0.89782
632	0.65531	0.73935	0.89788
632.1	0.65531	0.73939	0.89793
632.2	0.65532	0.73943	0.89798
632.3	0.65532	0.73947	0.89804
632.4	0.65533	0.73951	0.89809
632.5	0.65534	0.73954	0.89815
632.6	0.65534	0.73958	0.8982
632.7	0.65535	0.73962	0.89825
632.8	0.65536	0.73966	0.89831
632.9	0.65537	0.7397	0.89836
633	0.65538	0.73974	0.89841
633.1	0.65539	0.73978	0.89847
633.2	0.6554	0.73982	0.89852
633.3	0.65541	0.73986	0.89857
633.4	0.65542	0.7399	0.89863
633.5	0.65543	0.73994	0.89868
633.6	0.65544	0.73998	0.89873
633.7	0.65545	0.74002	0.89879
633.8	0.65546	0.74006	0.89884
633.9	0.65547	0.7401	0.89889
634	0.65549	0.74015	0.89894
634.1	0.6555	0.74019	0.899
634.2	0.65551	0.74023	0.89905
634.3	0.65552	0.74027	0.8991
634.4	0.65554	0.74032	0.89915
634.5	0.65555	0.74036	0.8992
634.6	0.65556	0.7404	0.89926
634.7	0.65558	0.74044	0.89931
634.8	0.65559	0.74049	0.89936
634.9	0.65561	0.74053	0.89941
635	0.65562	0.74058	0.89946
635.1	0.65564	0.74062	0.89951
635.2	0.65565	0.74067	0.89956
635.3	0.65567	0.74071	0.89961
635.4	0.65569	0.74076	0.89967
635.5	0.6557	0.7408	0.89972
635.6	0.65572	0.74085	0.89977
635.7	0.65574	0.74089	0.89982
635.8	0.65576	0.74094	0.89987
635.9	0.65577	0.74099	0.89992
636	0.65579	0.74103	0.89997
636.1	0.65581	0.74108	0.90002
636.2	0.65583	0.74113	0.90007
636.3	0.65585	0.74118	0.90012
636.4	0.65586	0.74123	0.90017
636.5	0.65588	0.74127	0.90022
636.6	0.6559	0.74132	0.90027
636.7	0.65592	0.74137	0.90032
636.8	0.65594	0.74142	0.90037
636.9	0.65596	0.74147	0.90042
637	0.65598	0.74152	0.90046
637.1	0.656	0.74157	0.90051
637.2	0.65602	0.74162	0.90056
637.3	0.65604	0.74167	0.90061
637.4	0.65606	0.74172	0.90066
637.5	0.65609	0.74178	0.90071
637.6	0.65611	0.74183	0.90076
637.7	0.65613	0.74188	0.9008
637.8	0.65615	0.74193	0.90085
637.9	0.65617	0.74199	0.9009
638	0.65619	0.74204	0.90095
638.1	0.65622	0.74209	0.901
638.2	0.65624	0.74215	0.90104
638.3	0.65626	0.7422	0.90109
638.4	0.65628	0.74226	0.90114
638.5	0.6563	0.74231	0.90119
638.6	0.65633	0.74237	0.90123
638.7	0.65635	0.74242	0.90128
638.8	0.65637	0.74248	0.90133
638.9	0.6564	0.74253	0.90137
639	0.65642	0.74259	0.90142
639.1	0.65644	0.74264	0.90147
639.2	0.65646	0.7427	0.90151
639.3	0.65649	0.74276	0.90156
639.4	0.65651	0.74282	0.90161
639.5	0.65653	0.74287	0.90165
639.6	0.65656	0.74293	0.9017
639.7	0.65658	0.74299	0.90175
639.8	0.6566	0.74305	0.90179
639.9	0.65663	0.74311	0.90184
640	0.65665	0.74317	0.90188
640.1	0.65667	0.74322	0.90193
640.2	0.6567	0.74328	0.90197
640.3	0.65672	0.74334	0.90202
640.4	0.65674	0.7434	0.90206
640.5	0.65677	0.74346	0.90211
640.6	0.65679	0.74352	0.90215
640.7	0.65681	0.74358	0.9022
640.8	0.65684	0.74365	0.90224
640.9	0.65686	0.74371	0.90229
641	0.65688	0.74377	0.90233
641.1	0.65691	0.74383	0.90238
641.2	0.65693	0.74389	0.90242
641.3	0.65695	0.74395	0.90246
641.4	0.65698	0.74401	0.90251
641.5	0.657	0.74407	0.90255
641.6	0.65702	0.74414	0.9026
641.7	0.65704	0.7442	0.90264
641.8	0.65707	0.74426	0.90268
641.9	0.65709	0.74432	0.90273
642	0.65711	0.74439	0.90277
642.1	0.65713	0.74445	0.90281
642.2	0.65715	0.74451	0.90286
642.3	0.65718	0.74457	0.9029
642.4	0.6572	0.74464	0.90294
642.5	0.65722	0.7447	0.90298
642.6	0.65724	0.74476	0.90303
642.7	0.65726	0.74482	0.90307
642.8	0.65728	0.74489	0.90311
642.9	0.6573	0.74495	0.90315
643	0.65732	0.74501	0.90319
643.1	0.65734	0.74508	0.90324
643.2	0.65736	0.74514	0.90328
643.3	0.65738	0.7452	0.90332
643.4	0.6574	0.74527	0.90336
643.5	0.65742	0.74533	0.9034
643.6	0.65744	0.74539	0.90344
643.7	0.65746	0.74545	0.90349
643.8	0.65748	0.74552	0.90353
643.9	0.6575	0.74558	0.90357
644	0.65751	0.74564	0.90361
644.1	0.65753	0.7457	0.90365
644.2	0.65755	0.74576	0.90369
644.3	0.65757	0.74583	0.90373
644.4	0.65758	0.74589	0.90377
644.5	0.6576	0.74595	0.90381
644.6	0.65762	0.74601	0.90385
644.7	0.65763	0.74607	0.90389
644.8	0.65765	0.74613	0.90393
644.9	0.65767	0.74619	0.90397
645	0.65768	0.74625	0.90401
645.1	0.6577	0.74632	0.90405
645.2	0.65771	0.74638	0.90409
645.3	0.65773	0.74644	0.90413
645.4	0.65774	0.74649	0.90417
645.5	0.65775	0.74655	0.90421
645.6	0.65777	0.74661	0.90425
645.7	0.65778	0.74667	0.90429
645.8	0.65779	0.74673	0.90432
645.9	0.65781	0.74679	0.90436
646	0.65782	0.74685	0.9044
646.1	0.65783	0.7469	0.90444
646.2	0.65784	0.74696	0.90448
646.3	0.65786	0.74702	0.90452
646.4	0.65787	0.74707	0.90456
646.5	0.65788	0.74713	0.90459
646.6	0.65789	0.74719	0.90463
646.7	0.6579	0.74724	0.90467
646.8	0.65791	0.7473	0.90471
646.9	0.65792	0.74735	0.90475
647	0.65793	0.7474	0.90478
647.1	0.65794	0.74746	0.90482
647.2	0.65795	0.74751	0.90486
647.3	0.65796	0.74756	0.9049
647.4	0.65796	0.74762	0.90493
647.5	0.65797	0.74767	0.90497
647.6	0.65798	0.74772	0.90501
647.7	0.65799	0.74777	0.90504
647.8	0.658	0.74782	0.90508
647.9	0.658	0.74787	0.90512
648	0.65801	0.74792	0.90515
648.1	0.65802	0.74797	0.90519
648.2	0.65802	0.74802	0.90523
648.3	0.65803	0.74807	0.90526
648.4	0.65804	0.74811	0.9053
648.5	0.65804	0.74816	0.90534
648.6	0.65805	0.74821	0.90537
648.7	0.65805	0.74825	0.90541
648.8	0.65806	0.7483	0.90544
648.9	0.65806	0.74834	0.90548
649	0.65807	0.74839	0.90552
649.1	0.65807	0.74843	0.90555
649.2	0.65808	0.74848	0.90559
649.3	0.65808	0.74852	0.90562
649.4	0.65809	0.74856	0.90566
649.5	0.65809	0.74861	0.90569
649.6	0.65809	0.74865	0.90573
649.7	0.6581	0.74869	0.90576
649.8	0.6581	0.74873	0.9058
649.9	0.6581	0.74877	0.90583
650	0.65811	0.74881	0.90587
650.1	0.65811	0.74885	0.9059
650.2	0.65811	0.74889	0.90594
650.3	0.65812	0.74893	0.90597
650.4	0.65812	0.74896	0.90601
650.5	0.65812	0.749	0.90604
650.6	0.65812	0.74904	0.90608
650.7	0.65813	0.74907	0.90611
650.8	0.65813	0.74911	0.90614
650.9	0.65813	0.74915	0.90618
651	0.65813	0.74918	0.90621
651.1	0.65814	0.74921	0.90625
651.2	0.65814	0.74925	0.90628
651.3	0.65814	0.74928	0.90632
651.4	0.65814	0.74932	0.90635
651.5	0.65815	0.74935	0.90638
651.6	0.65815	0.74938	0.90642
651.7	0.65815	0.74941	0.90645
651.8	0.65816	0.74945	0.90648
651.9	0.65816	0.74948	0.90652
652	0.65816	0.74951	0.90655
652.1	0.65816	0.74954	0.90658
652.2	0.65817	0.74957	0.90662
652.3	0.65817	0.7496	0.90665
652.4	0.65817	0.74963	0.90668
652.5	0.65818	0.74966	0.90672
652.6	0.65818	0.74969	0.90675
652.7	0.65818	0.74972	0.90678
652.8	0.65819	0.74975	0.90682
652.9	0.65819	0.74978	0.90685
653	0.65819	0.7498	0.90688
653.1	0.6582	0.74983	0.90692
653.2	0.6582	0.74986	0.90695
653.3	0.65821	0.74989	0.90698
653.4	0.65821	0.74992	0.90701
653.5	0.65822	0.74994	0.90705
653.6	0.65822	0.74997	0.90708
653.7	0.65823	0.75	0.90711
653.8	0.65823	0.75003	0.90714
653.9	0.65824	0.75005	0.90718
654	0.65825	0.75008	0.90721
654.1	0.65825	0.75011	0.90724
654.2	0.65826	0.75013	0.90727
654.3	0.65827	0.75016	0.90731
654.4	0.65827	0.75019	0.90734
654.5	0.65828	0.75022	0.90737
654.6	0.65829	0.75024	0.9074
654.7	0.6583	0.75027	0.90744
654.8	0.6583	0.7503	0.90747
654.9	0.65831	0.75032	0.9075
655	0.65832	0.75035	0.90753
655.1	0.65833	0.75038	0.90756
655.2	0.65834	0.75041	0.9076
655.3	0.65835	0.75044	0.90763
655.4	0.65836	0.75046	0.90766
655.5	0.65837	0.75049	0.90769
655.6	0.65839	0.75052	0.90773
655.7	0.6584	0.75055	0.90776
655.8	0.65841	0.75058	0.90779
655.9	0.65842	0.75061	0.90782
656	0.65843	0.75064	0.90785
656.1	0.65845	0.75067	0.90789
656.2	0.65846	0.7507	0.90792
656.3	0.65848	0.75073	0.90795
656.4	0.65849	0.75076	0.90798
656.5	0.65851	0.75079	0.90801
656.6	0.65852	0.75083	0.90804
656.7	0.65854	0.75086	0.90808
656.8	0.65855	0.75089	0.90811
656.9	0.65857	0.75092	0.90814
657	0.65859	0.75096	0.90817
657.1	0.6586	0.75099	0.9082
657.2	0.65862	0.75103	0.90824
657.3	0.65864	0.75106	0.90827
657.4	0.65866	0.7511	0.9083
657.5	0.65868	0.75114	0.90833
657.6	0.6587	0.75117	0.90836
657.7	0.65872	0.75121	0.9084
657.8	0.65874	0.75125	0.90843
657.9	0.65876	0.75129	0.90846
658	0.65878	0.75133	0.90849
658.1	0.6588	0.75137	0.90852
658.2	0.65883	0.75141	0.90856
658.3	0.65885	0.75145	0.90859
658.4	0.65887	0.75149	0.90862
658.5	0.6589	0.75154	0.90865
658.6	0.65892	0.75158	0.90868
658.7	0.65895	0.75163	0.90872
658.8	0.65897	0.75167	0.90875
658.9	0.659	0.75172	0.90878
659	0.65902	0.75177	0.90881
659.1	0.65905	0.75182	0.90885
659.2	0.65907	0.75186	0.90888
659.3	0.6591	0.75191	0.90891
659.4	0.65913	0.75196	0.90894
659.5	0.65916	0.75202	0.90898
659.6	0.65919	0.75207	0.90901
659.7	0.65921	0.75212	0.90904
659.8	0.65924	0.75218	0.90907
659.9	0.65927	0.75223	0.90911
660	0.6593	0.75229	0.90914
660.1	0.65933	0.75234	0.90917
660.2	0.65937	0.7524	0.9092
660.3	0.6594	0.75246	0.90924
660.4	0.65943	0.75252	0.90927
660.5	0.65946	0.75258	0.9093
660.6	0.65949	0.75264	0.90933
660.7	0.65952	0.7527	0.90937
660.8	0.65956	0.75277	0.9094
660.9	0.65959	0.75283	0.90943
661	0.65962	0.7529	0.90947
661.1	0.65966	0.75296	0.9095
661.2	0.65969	0.75303	0.90953
661.3	0.65973	0.7531	0.90957
661.4	0.65976	0.75317	0.9096
661.5	0.6598	0.75324	0.90963
661.6	0.65983	0.75331	0.90967
661.7	0.65987	0.75338	0.9097
661.8	0.65991	0.75346	0.90973
661.9	0.65994	0.75353	0.90977
662	0.65998	0.7536	0.9098
662.1	0.66002	0.75368	0.90984
662.2	0.66005	0.75376	0.90987
662.3	0.66009	0.75384	0.9099
662.4	0.66013	0.75392	0.90994
662.5	0.66017	0.75399	0.90997
662.6	0.6602	0.75408	0.91001
662.7	0.66024	0.75416	0.91004
662.8	0.66028	0.75424	0.91007
662.9	0.66032	0.75432	0.91011
663	0.66036	0.75441	0.91014
663.1	0.6604	0.75449	0.91018
663.2	0.66044	0.75458	0.91021
663.3	0.66048	0.75467	0.91025
663.4	0.66051	0.75476	0.91028
663.5	0.66055	0.75485	0.91032
663.6	0.66059	0.75494	0.91035
663.7	0.66063	0.75503	0.91039
663.8	0.66067	0.75512	0.91042
663.9	0.66071	0.75521	0.91046
664	0.66076	0.7553	0.9105
664.1	0.6608	0.7554	0.91053
664.2	0.66084	0.75549	0.91057
664.3	0.66088	0.75559	0.9106
664.4	0.66092	0.75569	0.91064
664.5	0.66096	0.75578	0.91067
664.6	0.661	0.75588	0.91071
664.7	0.66104	0.75598	0.91075
664.8	0.66108	0.75608	0.91078
664.9	0.66112	0.75618	0.91082
665	0.66116	0.75628	0.91086
665.1	0.6612	0.75638	0.91089
665.2	0.66125	0.75649	0.91093
665.3	0.66129	0.75659	0.91097
665.4	0.66133	0.75669	0.911
665.5	0.66137	0.7568	0.91104
665.6	0.66141	0.7569	0.91108
665.7	0.66145	0.75701	0.91112
665.8	0.66149	0.75711	0.91115
665.9	0.66154	0.75722	0.91119
666	0.66158	0.75733	0.91123
666.1	0.66162	0.75744	0.91127
666.2	0.66166	0.75754	0.91131
666.3	0.6617	0.75765	0.91134
666.4	0.66174	0.75776	0.91138
666.5	0.66178	0.75787	0.91142
666.6	0.66183	0.75798	0.91146
666.7	0.66187	0.75809	0.9115
666.8	0.66191	0.7582	0.91154
666.9	0.66195	0.75831	0.91158
667	0.66199	0.75843	0.91162
667.1	0.66203	0.75854	0.91166
667.2	0.66207	0.75865	0.91169
667.3	0.66211	0.75876	0.91173
667.4	0.66216	0.75888	0.91177
667.5	0.6622	0.75899	0.91181
667.6	0.66224	0.7591	0.91185
667.7	0.66228	0.75922	0.91189
667.8	0.66232	0.75933	0.91193
667.9	0.66236	0.75944	0.91197
668	0.6624	0.75956	0.91202
668.1	0.66245	0.75967	0.91206
668.2	0.66249	0.75979	0.9121
668.3	0.66253	0.7599	0.91214
668.4	0.66257	0.76002	0.91218
668.5	0.66261	0.76013	0.91222
668.6	0.66265	0.76025	0.91226
668.7	0.66269	0.76036	0.9123
668.8	0.66273	0.76048	0.91235
668.9	0.66278	0.76059	0.91239
669	0.66282	0.76071	0.91243
669.1	0.66286	0.76082	0.91247
669.2	0.6629	0.76094	0.91251
669.3	0.66294	0.76105	0.91256
669.4	0.66298	0.76117	0.9126
669.5	0.66302	0.76128	0.91264
669.6	0.66307	0.7614	0.91269
669.7	0.66311	0.76151	0.91273
669.8	0.66315	0.76162	0.91277
669.9	0.66319	0.76174	0.91282
670	0.66323	0.76185	0.91286
670.1	0.66328	0.76197	0.9129
670.2	0.66332	0.76208	0.91295
670.3	0.66336	0.76219	0.91299
670.4	0.6634	0.76231	0.91304
670.5	0.66345	0.76242	0.91308
670.6	0.66349	0.76253	0.91313
670.7	0.66353	0.76265	0.91317
670.8	0.66357	0.76276	0.91322
670.9	0.66362	0.76287	0.91326
671	0.66366	0.76298	0.91331
671.1	0.6637	0.76309	0.91335
671.2	0.66375	0.7632	0.9134
671.3	0.66379	0.76331	0.91344
671.4	0.66384	0.76342	0.91349
671.5	0.66388	0.76353	0.91354
671.6	0.66393	0.76364	0.91358
671.7	0.66397	0.76375	0.91363
671.8	0.66402	0.76386	0.91367
671.9	0.66406	0.76397	0.91372
672	0.66411	0.76408	0.91377
672.1	0.66415	0.76419	0.91382
672.2	0.6642	0.76429	0.91386
672.3	0.66425	0.7644	0.91391
672.4	0.66429	0.76451	0.91396
672.5	0.66434	0.76461	0.91401
672.6	0.66439	0.76472	0.91405
672.7	0.66444	0.76482	0.9141
672.8	0.66448	0.76493	0.91415
672.9	0.66453	0.76503	0.9142
673	0.66458	0.76514	0.91425
673.1	0.66463	0.76524	0.9143
673.2	0.66468	0.76534	0.91435
673.3	0.66473	0.76544	0.9144
673.4	0.66478	0.76555	0.91444
673.5	0.66483	0.76565	0.91449
673.6	0.66489	0.76575	0.91454
673.7	0.66494	0.76585	0.91459
673.8	0.66499	0.76595	0.91464
673.9	0.66504	0.76605	0.91469
674	0.6651	0.76615	0.91474
674.1	0.66515	0.76625	0.9148
674.2	0.66521	0.76635	0.91485
674.3	0.66526	0.76644	0.9149
674.4	0.66532	0.76654	0.91495
674.5	0.66538	0.76664	0.915
674.6	0.66543	0.76673	0.91505
674.7	0.66549	0.76683	0.9151
674.8	0.66555	0.76693	0.91515
674.9	0.66561	0.76702	0.91521
675	0.66567	0.76712	0.91526
675.1	0.66573	0.76721	0.91531
675.2	0.66579	0.76731	0.91536
675.3	0.66585	0.7674	0.91542
675.4	0.66591	0.76749	0.91547
675.5	0.66597	0.76759	0.91552
675.6	0.66603	0.76768	0.91557
675.7	0.6661	0.76777	0.91563
675.8	0.66616	0.76786	0.91568
675.9	0.66623	0.76795	0.91573
676	0.66629	0.76804	0.91579
676.1	0.66636	0.76814	0.91584
676.2	0.66643	0.76823	0.9159
676.3	0.66649	0.76832	0.91595
676.4	0.66656	0.76841	0.916
676.5	0.66663	0.7685	0.91606
676.6	0.6667	0.76858	0.91611
676.7	0.66677	0.76867	0.91617
676.8	0.66684	0.76876	0.91622
676.9	0.66692	0.76885	0.91628
677	0.66699	0.76894	0.91633
677.1	0.66706	0.76903	0.91639
677.2	0.66714	0.76912	0.91644
677.3	0.66721	0.7692	0.9165
677.4	0.66729	0.76929	0.91656
677.5	0.66736	0.76938	0.91661
677.6	0.66744	0.76946	0.91667
677.7	0.66752	0.76955	0.91672
677.8	0.6676	0.76964	0.91678
677.9	0.66767	0.76972	0.91684
678	0.66775	0.76981	0.91689
678.1	0.66784	0.7699	0.91695
678.2	0.66792	0.76998	0.91701
678.3	0.668	0.77007	0.91706
678.4	0.66808	0.77016	0.91712
678.5	0.66816	0.77024	0.91718
678.6	0.66825	0.77033	0.91724
678.7	0.66833	0.77041	0.91729
678.8	0.66842	0.7705	0.91735
678.9	0.66851	0.77059	0.91741
679	0.66859	0.77067	0.91747
679.1	0.66868	0.77076	0.91753
679.2	0.66877	0.77084	0.91758
679.3	0.66886	0.77093	0.91764
679.4	0.66895	0.77102	0.9177
679.5	0.66904	0.7711	0.91776
679.6	0.66913	0.77119	0.91782
679.7	0.66922	0.77127	0.91788
679.8	0.66931	0.77136	0.91794
679.9	0.66941	0.77145	0.918
680	0.6695	0.77153	0.91806
680.1	0.66959	0.77162	0.91811
680.2	0.66969	0.77171	0.91817
680.3	0.66978	0.77179	0.91823
680.4	0.66988	0.77188	0.91829
680.5	0.66998	0.77197	0.91835
680.6	0.67007	0.77206	0.91841
680.7	0.67017	0.77214	0.91847
680.8	0.67027	0.77223	0.91853
680.9	0.67037	0.77232	0.91859
681	0.67047	0.77241	0.91865
681.1	0.67057	0.7725	0.91871
681.2	0.67067	0.77259	0.91878
681.3	0.67077	0.77268	0.91884
681.4	0.67087	0.77277	0.9189
681.5	0.67097	0.77286	0.91896
681.6	0.67107	0.77295	0.91902
681.7	0.67118	0.77304	0.91908
681.8	0.67128	0.77313	0.91914
681.9	0.67138	0.77322	0.9192
682	0.67149	0.77331	0.91926
682.1	0.67159	0.7734	0.91932
682.2	0.67169	0.77349	0.91939
682.3	0.6718	0.77358	0.91945
682.4	0.6719	0.77368	0.91951
682.5	0.67201	0.77377	0.91957
682.6	0.67211	0.77386	0.91963
682.7	0.67222	0.77396	0.91969
682.8	0.67233	0.77405	0.91976
682.9	0.67243	0.77415	0.91982
683	0.67254	0.77424	0.91988
683.1	0.67265	0.77433	0.91994
683.2	0.67275	0.77443	0.92
683.3	0.67286	0.77453	0.92007
683.4	0.67297	0.77462	0.92013
683.5	0.67308	0.77472	0.92019
683.6	0.67318	0.77482	0.92025
683.7	0.67329	0.77491	0.92032
683.8	0.6734	0.77501	0.92038
683.9	0.67351	0.77511	0.92044
684	0.67361	0.77521	0.9205
684.1	0.67372	0.77531	0.92057
684.2	0.67383	0.77541	0.92063
684.3	0.67394	0.77551	0.92069
684.4	0.67405	0.77561	0.92075
684.5	0.67415	0.77571	0.92082
684.6	0.67426	0.77581	0.92088
684.7	0.67437	0.77591	0.92094
684.8	0.67448	0.77601	0.92101
684.9	0.67458	0.77611	0.92107
685	0.67469	0.77621	0.92113
685.1	0.6748	0.77632	0.92119
685.2	0.67491	0.77642	0.92126
685.3	0.67501	0.77652	0.92132
685.4	0.67512	0.77663	0.92138
685.5	0.67523	0.77673	0.92145
685.6	0.67533	0.77684	0.92151
685.7	0.67544	0.77694	0.92157
685.8	0.67554	0.77704	0.92164
685.9	0.67565	0.77715	0.9217
686	0.67576	0.77726	0.92176
686.1	0.67586	0.77736	0.92182
686.2	0.67597	0.77747	0.92189
686.3	0.67607	0.77757	0.92195
686.4	0.67617	0.77768	0.92201
686.5	0.67628	0.77779	0.92208
686.6	0.67638	0.7779	0.92214
686.7	0.67648	0.778	0.9222
686.8	0.67659	0.77811	0.92227
686.9	0.67669	0.77822	0.92233
687	0.67679	0.77833	0.92239
687.1	0.67689	0.77844	0.92245
687.2	0.67699	0.77855	0.92252
687.3	0.67709	0.77865	0.92258
687.4	0.67719	0.77876	0.92264
687.5	0.67729	0.77887	0.92271
687.6	0.67739	0.77898	0.92277
687.7	0.67749	0.77909	0.92283
687.8	0.67759	0.7792	0.9229
687.9	0.67768	0.77931	0.92296
688	0.67778	0.77942	0.92302
688.1	0.67788	0.77953	0.92308
688.2	0.67797	0.77964	0.92315
688.3	0.67807	0.77975	0.92321
688.4	0.67816	0.77986	0.92327
688.5	0.67826	0.77997	0.92333
688.6	0.67835	0.78008	0.9234
688.7	0.67845	0.78019	0.92346
688.8	0.67854	0.78031	0.92352
688.9	0.67863	0.78042	0.92358
689	0.67872	0.78053	0.92365
689.1	0.67881	0.78064	0.92371
689.2	0.6789	0.78075	0.92377
689.3	0.67899	0.78086	0.92383
689.4	0.67908	0.78097	0.92389
689.5	0.67917	0.78108	0.92396
689.6	0.67926	0.78119	0.92402
689.7	0.67934	0.7813	0.92408
689.8	0.67943	0.78141	0.92414
689.9	0.67952	0.78152	0.9242
690	0.6796	0.78163	0.92426
690.1	0.67969	0.78174	0.92433
690.2	0.67977	0.78185	0.92439
690.3	0.67985	0.78196	0.92445
690.4	0.67994	0.78207	0.92451
690.5	0.68002	0.78218	0.92457
690.6	0.6801	0.78229	0.92463
690.7	0.68018	0.78239	0.92469
690.8	0.68026	0.7825	0.92475
690.9	0.68034	0.78261	0.92481
691	0.68042	0.78272	0.92487
691.1	0.6805	0.78283	0.92494
691.2	0.68058	0.78293	0.925
691.3	0.68066	0.78304	0.92506
691.4	0.68073	0.78315	0.92512
691.5	0.68081	0.78326	0.92518
691.6	0.68089	0.78336	0.92524
691.7	0.68096	0.78347	0.9253
691.8	0.68104	0.78357	0.92536
691.9	0.68111	0.78368	0.92542
692	0.68119	0.78378	0.92548
692.1	0.68126	0.78389	0.92553
692.2	0.68133	0.78399	0.92559
692.3	0.68141	0.7841	0.92565
692.4	0.68148	0.7842	0.92571
692.5	0.68155	0.7843	0.92577
692.6	0.68162	0.7844	0.92583
692.7	0.68169	0.78451	0.92589
692.8	0.68176	0.78461	0.92595
692.9	0.68183	0.78471	0.92601
693	0.6819	0.78481	0.92606
693.1	0.68197	0.78491	0.92612
693.2	0.68204	0.78501	0.92618
693.3	0.68211	0.78511	0.92624
693.4	0.68217	0.78521	0.9263
693.5	0.68224	0.78531	0.92635
693.6	0.68231	0.7854	0.92641
693.7	0.68237	0.7855	0.92647
693.8	0.68244	0.7856	0.92652
693.9	0.68251	0.7857	0.92658
694	0.68257	0.78579	0.92664
694.1	0.68264	0.78589	0.92669
694.2	0.6827	0.78598	0.92675
694.3	0.68277	0.78608	0.92681
694.4	0.68283	0.78617	0.92686
694.5	0.6829	0.78626	0.92692
694.6	0.68296	0.78636	0.92698
694.7	0.68303	0.78645	0.92703
694.8	0.68309	0.78654	0.92709
694.9	0.68315	0.78663	0.92714
695	0.68322	0.78672	0.9272
695.1	0.68328	0.78681	0.92725
695.2	0.68334	0.7869	0.92731
695.3	0.68341	0.78699	0.92736
695.4	0.68347	0.78708	0.92742
695.5	0.68353	0.78716	0.92747
695.6	0.6836	0.78725	0.92752
695.7	0.68366	0.78734	0.92758
695.8	0.68372	0.78742	0.92763
695.9	0.68379	0.78751	0.92769
696	0.68385	0.78759	0.92774
696.1	0.68391	0.78768	0.92779
696.2	0.68397	0.78776	0.92785
696.3	0.68404	0.78784	0.9279
696.4	0.6841	0.78793	0.92795
696.5	0.68416	0.78801	0.928
696.6	0.68423	0.78809	0.92806
696.7	0.68429	0.78817	0.92811
696.8	0.68435	0.78825	0.92816
696.9	0.68442	0.78833	0.92821
697	0.68448	0.78841	0.92826
697.1	0.68454	0.78849	0.92832
697.2	0.68461	0.78857	0.92837
697.3	0.68467	0.78864	0.92842
697.4	0.68474	0.78872	0.92847
697.5	0.6848	0.7888	0.92852
697.6	0.68486	0.78887	0.92857
697.7	0.68493	0.78895	0.92862
697.8	0.68499	0.78902	0.92867
697.9	0.68506	0.7891	0.92872
698	0.68512	0.78917	0.92877
698.1	0.68519	0.78925	0.92882
698.2	0.68526	0.78932	0.92887
698.3	0.68532	0.78939	0.92892
698.4	0.68539	0.78946	0.92897
698.5	0.68546	0.78954	0.92901
698.6	0.68552	0.78961	0.92906
698.7	0.68559	0.78968	0.92911
698.8	0.68566	0.78975	0.92916
698.9	0.68573	0.78982	0.92921
699	0.68579	0.78989	0.92925
699.1	0.68586	0.78996	0.9293
699.2	0.68593	0.79002	0.92935
699.3	0.686	0.79009	0.9294
699.4	0.68607	0.79016	0.92944
699.5	0.68614	0.79023	0.92949
699.6	0.68621	0.79029	0.92954
699.7	0.68628	0.79036	0.92958
699.8	0.68635	0.79043	0.92963
699.9	0.68642	0.79049	0.92967
700	0.6865	0.79056	0.92972
700.1	0.68657	0.79062	0.92976
700.2	0.68664	0.79069	0.92981
700.3	0.68671	0.79075	0.92985
700.4	0.68679	0.79081	0.9299
700.5	0.68686	0.79088	0.92994
700.6	0.68694	0.79094	0.92999
700.7	0.68701	0.791	0.93003
700.8	0.68709	0.79107	0.93008
700.9	0.68716	0.79113	0.93012
701	0.68724	0.79119	0.93016
701.1	0.68731	0.79125	0.93021
701.2	0.68739	0.79132	0.93025
701.3	0.68747	0.79138	0.93029
701.4	0.68754	0.79144	0.93034
701.5	0.68762	0.7915	0.93038
701.6	0.6877	0.79156	0.93042
701.7	0.68778	0.79162	0.93046
701.8	0.68786	0.79168	0.9305
701.9	0.68794	0.79174	0.93054
702	0.68802	0.7918	0.93059
702.1	0.68809	0.79186	0.93063
702.2	0.68818	0.79192	0.93067
702.3	0.68826	0.79198	0.93071
702.4	0.68834	0.79204	0.93075
702.5	0.68842	0.7921	0.93079
702.6	0.6885	0.79216	0.93083
702.7	0.68858	0.79222	0.93087
702.8	0.68866	0.79228	0.93091
702.9	0.68875	0.79234	0.93095
703	0.68883	0.7924	0.93099
703.1	0.68891	0.79245	0.93103
703.2	0.689	0.79251	0.93107
703.3	0.68908	0.79257	0.9311
703.4	0.68916	0.79263	0.93114
703.5	0.68925	0.79269	0.93118
703.6	0.68933	0.79275	0.93122
703.7	0.68942	0.79281	0.93126
703.8	0.6895	0.79286	0.93129
703.9	0.68959	0.79292	0.93133
704	0.68967	0.79298	0.93137
704.1	0.68976	0.79304	0.93141
704.2	0.68984	0.7931	0.93144
704.3	0.68993	0.79316	0.93148
704.4	0.69002	0.79321	0.93152
704.5	0.6901	0.79327	0.93155
704.6	0.69019	0.79333	0.93159
704.7	0.69028	0.79339	0.93162
704.8	0.69036	0.79345	0.93166
704.9	0.69045	0.79351	0.9317
705	0.69054	0.79357	0.93173
705.1	0.69062	0.79363	0.93177
705.2	0.69071	0.79368	0.9318
705.3	0.6908	0.79374	0.93184
705.4	0.69088	0.7938	0.93187
705.5	0.69097	0.79386	0.9319
705.6	0.69106	0.79392	0.93194
705.7	0.69115	0.79398	0.93197
705.8	0.69123	0.79404	0.93201
705.9	0.69132	0.7941	0.93204
706	0.69141	0.79416	0.93207
706.1	0.69149	0.79422	0.93211
706.2	0.69158	0.79428	0.93214
706.3	0.69167	0.79434	0.93217
706.4	0.69176	0.7944	0.9322
706.5	0.69184	0.79446	0.93224
706.6	0.69193	0.79452	0.93227
706.7	0.69202	0.79458	0.9323
706.8	0.6921	0.79464	0.93233
706.9	0.69219	0.7947	0.93236
707	0.69228	0.79477	0.9324
707.1	0.69236	0.79483	0.93243
707.2	0.69245	0.79489	0.93246
707.3	0.69253	0.79495	0.93249
707.4	0.69262	0.79501	0.93252
707.5	0.6927	0.79507	0.93255
707.6	0.69279	0.79514	0.93258
707.7	0.69287	0.7952	0.93261
707.8	0.69296	0.79526	0.93264
707.9	0.69304	0.79532	0.93267
708	0.69313	0.79539	0.9327
708.1	0.69321	0.79545	0.93273
708.2	0.6933	0.79551	0.93276
708.3	0.69338	0.79558	0.93279
708.4	0.69346	0.79564	0.93282
708.5	0.69354	0.7957	0.93285
708.6	0.69363	0.79577	0.93288
708.7	0.69371	0.79583	0.93291
708.8	0.69379	0.7959	0.93294
708.9	0.69387	0.79596	0.93296
709	0.69395	0.79603	0.93299
709.1	0.69403	0.79609	0.93302
709.2	0.69412	0.79616	0.93305
709.3	0.6942	0.79622	0.93308
709.4	0.69427	0.79629	0.9331
709.5	0.69435	0.79635	0.93313
709.6	0.69443	0.79642	0.93316
709.7	0.69451	0.79648	0.93319
709.8	0.69459	0.79655	0.93321
709.9	0.69467	0.79662	0.93324
710	0.69474	0.79668	0.93327
710.1	0.69482	0.79675	0.93329
710.2	0.6949	0.79682	0.93332
710.3	0.69497	0.79688	0.93335
710.4	0.69505	0.79695	0.93337
710.5	0.69513	0.79702	0.9334
710.6	0.6952	0.79709	0.93343
710.7	0.69527	0.79715	0.93345
710.8	0.69535	0.79722	0.93348
710.9	0.69542	0.79729	0.9335
711	0.6955	0.79736	0.93353
711.1	0.69557	0.79743	0.93356
711.2	0.69564	0.7975	0.93358
711.3	0.69571	0.79756	0.93361
711.4	0.69578	0.79763	0.93363
711.5	0.69585	0.7977	0.93366
711.6	0.69593	0.79777	0.93368
711.7	0.696	0.79784	0.93371
711.8	0.69607	0.79791	0.93373
711.9	0.69613	0.79798	0.93376
712	0.6962	0.79805	0.93378
712.1	0.69627	0.79812	0.93381
712.2	0.69634	0.79819	0.93383
712.3	0.69641	0.79826	0.93385
712.4	0.69647	0.79833	0.93388
712.5	0.69654	0.7984	0.9339
712.6	0.69661	0.79847	0.93393
712.7	0.69667	0.79854	0.93395
712.8	0.69674	0.79861	0.93397
712.9	0.69681	0.79868	0.934
713	0.69687	0.79875	0.93402
713.1	0.69693	0.79883	0.93404
713.2	0.697	0.7989	0.93407
713.3	0.69706	0.79897	0.93409
713.4	0.69713	0.79904	0.93412
713.5	0.69719	0.79911	0.93414
713.6	0.69725	0.79918	0.93416
713.7	0.69731	0.79925	0.93418
713.8	0.69738	0.79933	0.93421
713.9	0.69744	0.7994	0.93423
714	0.6975	0.79947	0.93425
714.1	0.69756	0.79954	0.93428
714.2	0.69762	0.79961	0.9343
714.3	0.69768	0.79969	0.93432
714.4	0.69774	0.79976	0.93434
714.5	0.6978	0.79983	0.93437
714.6	0.69786	0.7999	0.93439
714.7	0.69792	0.79998	0.93441
714.8	0.69798	0.80005	0.93443
714.9	0.69804	0.80012	0.93446
715	0.6981	0.80019	0.93448
715.1	0.69816	0.80027	0.9345
715.2	0.69822	0.80034	0.93452
715.3	0.69828	0.80041	0.93455
715.4	0.69834	0.80048	0.93457
715.5	0.6984	0.80056	0.93459
715.6	0.69846	0.80063	0.93461
715.7	0.69851	0.8007	0.93463
715.8	0.69857	0.80078	0.93465
715.9	0.69863	0.80085	0.93468
716	0.69869	0.80092	0.9347
716.1	0.69875	0.80099	0.93472
716.2	0.6988	0.80107	0.93474
716.3	0.69886	0.80114	0.93476
716.4	0.69892	0.80121	0.93479
716.5	0.69898	0.80129	0.93481
716.6	0.69904	0.80136	0.93483
716.7	0.69909	0.80143	0.93485
716.8	0.69915	0.80151	0.93487
716.9	0.69921	0.80158	0.93489
717	0.69927	0.80165	0.93491
717.1	0.69933	0.80172	0.93494
717.2	0.69939	0.8018	0.93496
717.3	0.69944	0.80187	0.93498
717.4	0.6995	0.80194	0.935
717.5	0.69956	0.80202	0.93502
717.6	0.69962	0.80209	0.93504
717.7	0.69968	0.80216	0.93506
717.8	0.69974	0.80224	0.93509
717.9	0.6998	0.80231	0.93511
718	0.69986	0.80238	0.93513
718.1	0.69992	0.80246	0.93515
718.2	0.69998	0.80253	0.93517
718.3	0.70004	0.8026	0.93519
718.4	0.7001	0.80267	0.93521
718.5	0.70016	0.80275	0.93524
718.6	0.70022	0.80282	0.93526
718.7	0.70028	0.80289	0.93528
718.8	0.70034	0.80297	0.9353
718.9	0.7004	0.80304	0.93532
719	0.70047	0.80311	0.93534
719.1	0.70053	0.80318	0.93536
719.2	0.70059	0.80326	0.93538
719.3	0.70065	0.80333	0.93541
719.4	0.70072	0.8034	0.93543
719.5	0.70078	0.80347	0.93545
719.6	0.70085	0.80355	0.93547
719.7	0.70091	0.80362	0.93549
719.8	0.70097	0.80369	0.93551
719.9	0.70104	0.80377	0.93553
720	0.70111	0.80384	0.93556
720.1	0.70117	0.80391	0.93558
720.2	0.70124	0.80398	0.9356
720.3	0.70131	0.80406	0.93562
720.4	0.70137	0.80413	0.93564
720.5	0.70144	0.8042	0.93566
720.6	0.70151	0.80427	0.93568
720.7	0.70158	0.80434	0.93571
720.8	0.70165	0.80442	0.93573
720.9	0.70172	0.80449	0.93575
721	0.70179	0.80456	0.93577
721.1	0.70186	0.80463	0.93579
721.2	0.70193	0.80471	0.93581
721.3	0.702	0.80478	0.93584
721.4	0.70207	0.80485	0.93586
721.5	0.70214	0.80492	0.93588
721.6	0.70222	0.80499	0.9359
721.7	0.70229	0.80507	0.93592
721.8	0.70236	0.80514	0.93595
721.9	0.70244	0.80521	0.93597
722	0.70251	0.80528	0.93599
722.1	0.70259	0.80535	0.93601
722.2	0.70266	0.80543	0.93603
722.3	0.70274	0.8055	0.93606
722.4	0.70282	0.80557	0.93608
722.5	0.70289	0.80564	0.9361
722.6	0.70297	0.80571	0.93612
722.7	0.70305	0.80579	0.93614
722.8	0.70313	0.80586	0.93617
722.9	0.70321	0.80593	0.93619
723	0.70329	0.806	0.93621
723.1	0.70337	0.80607	0.93623
723.2	0.70345	0.80615	0.93626
723.3	0.70353	0.80622	0.93628
723.4	0.70361	0.80629	0.9363
723.5	0.70369	0.80636	0.93632
723.6	0.70377	0.80643	0.93635
723.7	0.70386	0.80651	0.93637
723.8	0.70394	0.80658	0.93639
723.9	0.70402	0.80665	0.93641
724	0.70411	0.80672	0.93644
724.1	0.70419	0.80679	0.93646
724.2	0.70428	0.80686	0.93648
724.3	0.70436	0.80694	0.93651
724.4	0.70445	0.80701	0.93653
724.5	0.70454	0.80708	0.93655
724.6	0.70462	0.80715	0.93658
724.7	0.70471	0.80722	0.9366
724.8	0.7048	0.8073	0.93662
724.9	0.70488	0.80737	0.93664
725	0.70497	0.80744	0.93667
725.1	0.70506	0.80751	0.93669
725.2	0.70515	0.80758	0.93671
725.3	0.70524	0.80766	0.93674
725.4	0.70533	0.80773	0.93676
725.5	0.70542	0.8078	0.93679
725.6	0.70551	0.80787	0.93681
725.7	0.7056	0.80795	0.93683
725.8	0.70569	0.80802	0.93686
725.9	0.70578	0.80809	0.93688
726	0.70587	0.80816	0.9369
726.1	0.70597	0.80823	0.93693
726.2	0.70606	0.80831	0.93695
726.3	0.70615	0.80838	0.93698
726.4	0.70624	0.80845	0.937
726.5	0.70633	0.80853	0.93702
726.6	0.70643	0.8086	0.93705
726.7	0.70652	0.80867	0.93707
726.8	0.70661	0.80874	0.9371
726.9	0.70671	0.80882	0.93712
727	0.7068	0.80889	0.93715
727.1	0.70689	0.80896	0.93717
727.2	0.70699	0.80904	0.9372
727.3	0.70708	0.80911	0.93722
727.4	0.70718	0.80918	0.93724
727.5	0.70727	0.80926	0.93727
727.6	0.70737	0.80933	0.93729
727.7	0.70746	0.8094	0.93732
727.8	0.70755	0.80948	0.93734
727.9	0.70765	0.80955	0.93737
728	0.70774	0.80962	0.93739
728.1	0.70784	0.8097	0.93742
728.2	0.70793	0.80977	0.93744
728.3	0.70803	0.80985	0.93747
728.4	0.70812	0.80992	0.93749
728.5	0.70822	0.80999	0.93752
728.6	0.70831	0.81007	0.93754
728.7	0.70841	0.81014	0.93757
728.8	0.7085	0.81022	0.9376
728.9	0.7086	0.81029	0.93762
729	0.70869	0.81037	0.93765
729.1	0.70879	0.81044	0.93767
729.2	0.70888	0.81052	0.9377
729.3	0.70898	0.81059	0.93772
729.4	0.70907	0.81067	0.93775
729.5	0.70916	0.81074	0.93778
729.6	0.70926	0.81082	0.9378
729.7	0.70935	0.81089	0.93783
729.8	0.70945	0.81097	0.93785
729.9	0.70954	0.81104	0.93788
730	0.70963	0.81112	0.93791
730.1	0.70973	0.8112	0.93793
730.2	0.70982	0.81127	0.93796
730.3	0.70991	0.81135	0.93798
730.4	0.71001	0.81143	0.93801
730.5	0.7101	0.8115	0.93804
730.6	0.71019	0.81158	0.93806
730.7	0.71028	0.81166	0.93809
730.8	0.71037	0.81173	0.93812
730.9	0.71047	0.81181	0.93814
731	0.71056	0.81189	0.93817
731.1	0.71065	0.81196	0.9382
731.2	0.71074	0.81204	0.93822
731.3	0.71083	0.81212	0.93825
731.4	0.71092	0.8122	0.93828
731.5	0.71101	0.81228	0.9383
731.6	0.7111	0.81235	0.93833
731.7	0.71119	0.81243	0.93836
731.8	0.71128	0.81251	0.93838
731.9	0.71137	0.81259	0.93841
732	0.71146	0.81267	0.93844
732.1	0.71155	0.81275	0.93847
732.2	0.71163	0.81282	0.93849
732.3	0.71172	0.8129	0.93852
732.4	0.71181	0.81298	0.93855
732.5	0.7119	0.81306	0.93857
732.6	0.71198	0.81314	0.9386
732.7	0.71207	0.81322	0.93863
732.8	0.71216	0.8133	0.93866
732.9	0.71224	0.81338	0.93868
733	0.71233	0.81346	0.93871
733.1	0.71241	0.81354	0.93874
733.2	0.7125	0.81362	0.93877
733.3	0.71258	0.8137	0.93879
733.4	0.71267	0.81378	0.93882
733.5	0.71275	0.81386	0.93885
733.6	0.71283	0.81394	0.93888
733.7	0.71292	0.81402	0.93891
733.8	0.713	0.81411	0.93893
733.9	0.71308	0.81419	0.93896
734	0.71316	0.81427	0.93899
734.1	0.71325	0.81435	0.93902
734.2	0.71333	0.81443	0.93905
734.3	0.71341	0.81451	0.93907
734.4	0.71349	0.81459	0.9391
734.5	0.71357	0.81468	0.93913
734.6	0.71365	0.81476	0.93916
734.7	0.71373	0.81484	0.93919
734.8	0.71381	0.81492	0.93921
734.9	0.71389	0.815	0.93924
735	0.71397	0.81509	0.93927
735.1	0.71405	0.81517	0.9393
735.2	0.71412	0.81525	0.93933
735.3	0.7142	0.81533	0.93935
735.4	0.71428	0.81542	0.93938
735.5	0.71436	0.8155	0.93941
735.6	0.71443	0.81558	0.93944
735.7	0.71451	0.81566	0.93947
735.8	0.71459	0.81575	0.9395
735.9	0.71466	0.81583	0.93953
736	0.71474	0.81591	0.93955
736.1	0.71481	0.816	0.93958
736.2	0.71489	0.81608	0.93961
736.3	0.71497	0.81616	0.93964
736.4	0.71504	0.81625	0.93967
736.5	0.71512	0.81633	0.9397
736.6	0.71519	0.81641	0.93972
736.7	0.71526	0.8165	0.93975
736.8	0.71534	0.81658	0.93978
736.9	0.71541	0.81666	0.93981
737	0.71549	0.81674	0.93984
737.1	0.71556	0.81683	0.93987
737.2	0.71563	0.81691	0.9399
737.3	0.7157	0.81699	0.93993
737.4	0.71578	0.81708	0.93995
737.5	0.71585	0.81716	0.93998
737.6	0.71592	0.81724	0.94001
737.7	0.71599	0.81733	0.94004
737.8	0.71607	0.81741	0.94007
737.9	0.71614	0.81749	0.9401
738	0.71621	0.81758	0.94013
738.1	0.71628	0.81766	0.94016
738.2	0.71635	0.81774	0.94018
738.3	0.71643	0.81783	0.94021
738.4	0.7165	0.81791	0.94024
738.5	0.71657	0.81799	0.94027
738.6	0.71664	0.81807	0.9403
738.7	0.71671	0.81816	0.94033
738.8	0.71678	0.81824	0.94036
738.9	0.71685	0.81832	0.94039
739	0.71692	0.8184	0.94041
739.1	0.71699	0.81848	0.94044
739.2	0.71706	0.81857	0.94047
739.3	0.71714	0.81865	0.9405
739.4	0.71721	0.81873	0.94053
739.5	0.71728	0.81881	0.94056
739.6	0.71735	0.81889	0.94059
739.7	0.71742	0.81897	0.94062
739.8	0.71749	0.81905	0.94065
739.9	0.71756	0.81913	0.94067
740	0.71763	0.81921	0.9407
740.1	0.7177	0.81929	0.94073
740.2	0.71777	0.81937	0.94076
740.3	0.71784	0.81945	0.94079
740.4	0.71791	0.81953	0.94082
740.5	0.71798	0.81961	0.94085
740.6	0.71805	0.81969	0.94088
740.7	0.71812	0.81977	0.9409
740.8	0.7182	0.81985	0.94093
740.9	0.71827	0.81993	0.94096
741	0.71834	0.82001	0.94099
741.1	0.71841	0.82008	0.94102
741.2	0.71848	0.82016	0.94105
741.3	0.71855	0.82024	0.94108
741.4	0.71862	0.82031	0.94111
741.5	0.71869	0.82039	0.94113
741.6	0.71876	0.82047	0.94116
741.7	0.71884	0.82054	0.94119
741.8	0.71891	0.82062	0.94122
741.9	0.71898	0.82069	0.94125
742	0.71905	0.82077	0.94128
742.1	0.71912	0.82084	0.94131
742.2	0.7192	0.82092	0.94134
742.3	0.71927	0.82099	0.94136
742.4	0.71934	0.82106	0.94139
742.5	0.71941	0.82114	0.94142
742.6	0.71948	0.82121	0.94145
742.7	0.71956	0.82128	0.94148
742.8	0.71963	0.82135	0.94151
742.9	0.7197	0.82142	0.94154
743	0.71978	0.8215	0.94156
743.1	0.71985	0.82157	0.94159
743.2	0.71992	0.82164	0.94162
743.3	0.72	0.82171	0.94165
743.4	0.72007	0.82178	0.94168
743.5	0.72014	0.82184	0.94171
743.6	0.72022	0.82191	0.94173
743.7	0.72029	0.82198	0.94176
743.8	0.72037	0.82205	0.94179
743.9	0.72044	0.82211	0.94182
744	0.72051	0.82218	0.94185
744.1	0.72059	0.82225	0.94188
744.2	0.72066	0.82231	0.94191
744.3	0.72074	0.82238	0.94193
744.4	0.72081	0.82244	0.94196
744.5	0.72089	0.82251	0.94199
744.6	0.72096	0.82257	0.94202
744.7	0.72104	0.82263	0.94205
744.8	0.72111	0.82269	0.94207
744.9	0.72119	0.82276	0.9421
745	0.72126	0.82282	0.94213
745.1	0.72134	0.82288	0.94216
745.2	0.72142	0.82294	0.94219
745.3	0.72149	0.823	0.94222
745.4	0.72157	0.82306	0.94224
745.5	0.72164	0.82312	0.94227
745.6	0.72172	0.82317	0.9423
745.7	0.7218	0.82323	0.94233
745.8	0.72187	0.82329	0.94236
745.9	0.72195	0.82335	0.94238
746	0.72203	0.8234	0.94241
746.1	0.7221	0.82346	0.94244
746.2	0.72218	0.82351	0.94247
746.3	0.72226	0.82357	0.94249
746.4	0.72233	0.82362	0.94252
746.5	0.72241	0.82367	0.94255
746.6	0.72249	0.82373	0.94258
746.7	0.72256	0.82378	0.94261
746.8	0.72264	0.82383	0.94263
746.9	0.72272	0.82388	0.94266
747	0.7228	0.82393	0.94269
747.1	0.72287	0.82398	0.94272
747.2	0.72295	0.82403	0.94274
747.3	0.72303	0.82408	0.94277
747.4	0.72311	0.82413	0.9428
747.5	0.72318	0.82418	0.94283
747.6	0.72326	0.82423	0.94285
747.7	0.72334	0.82427	0.94288
747.8	0.72341	0.82432	0.94291
747.9	0.72349	0.82437	0.94294
748	0.72357	0.82441	0.94296
748.1	0.72365	0.82446	0.94299
748.2	0.72372	0.8245	0.94302
748.3	0.7238	0.82455	0.94305
748.4	0.72388	0.82459	0.94307
748.5	0.72396	0.82463	0.9431
748.6	0.72403	0.82467	0.94313
748.7	0.72411	0.82472	0.94315
748.8	0.72419	0.82476	0.94318
748.9	0.72426	0.8248	0.94321
749	0.72434	0.82484	0.94324
749.1	0.72442	0.82488	0.94326
749.2	0.72449	0.82492	0.94329
749.3	0.72457	0.82496	0.94332
749.4	0.72465	0.825	0.94334
749.5	0.72472	0.82504	0.94337
749.6	0.7248	0.82508	0.9434
749.7	0.72488	0.82511	0.94343
749.8	0.72495	0.82515	0.94345
749.9	0.72503	0.82519	0.94348
750	0.7251	0.82523	0.94351
750.1	0.72518	0.82526	0.94353
750.2	0.72525	0.8253	0.94356
750.3	0.72533	0.82533	0.94359
750.4	0.7254	0.82537	0.94361
750.5	0.72548	0.8254	0.94364
750.6	0.72555	0.82544	0.94367
750.7	0.72563	0.82547	0.94369
750.8	0.7257	0.82551	0.94372
750.9	0.72578	0.82554	0.94375
751	0.72585	0.82557	0.94377
751.1	0.72593	0.82561	0.9438
751.2	0.726	0.82564	0.94383
751.3	0.72607	0.82567	0.94385
751.4	0.72615	0.82571	0.94388
751.5	0.72622	0.82574	0.94391
751.6	0.72629	0.82577	0.94393
751.7	0.72637	0.8258	0.94396
751.8	0.72644	0.82583	0.94399
751.9	0.72651	0.82587	0.94401
752	0.72659	0.8259	0.94404
752.1	0.72666	0.82593	0.94407
752.2	0.72673	0.82596	0.94409
752.3	0.7268	0.82599	0.94412
752.4	0.72687	0.82602	0.94414
752.5	0.72694	0.82605	0.94417
752.6	0.72702	0.82609	0.9442
752.7	0.72709	0.82612	0.94422
752.8	0.72716	0.82615	0.94425
752.9	0.72723	0.82618	0.94428
753	0.7273	0.82621	0.9443
753.1	0.72737	0.82624	0.94433
753.2	0.72744	0.82627	0.94435
753.3	0.72751	0.8263	0.94438
753.4	0.72758	0.82633	0.94441
753.5	0.72765	0.82636	0.94443
753.6	0.72772	0.82639	0.94446
753.7	0.72778	0.82643	0.94448
753.8	0.72785	0.82646	0.94451
753.9	0.72792	0.82649	0.94454
754	0.72799	0.82652	0.94456
754.1	0.72806	0.82655	0.94459
754.2	0.72813	0.82658	0.94461
754.3	0.72819	0.82662	0.94464
754.4	0.72826	0.82665	0.94467
754.5	0.72833	0.82668	0.94469
754.6	0.72839	0.82671	0.94472
754.7	0.72846	0.82675	0.94474
754.8	0.72853	0.82678	0.94477
754.9	0.72859	0.82681	0.9448
755	0.72866	0.82685	0.94482
755.1	0.72873	0.82688	0.94485
755.2	0.72879	0.82691	0.94487
755.3	0.72886	0.82695	0.9449
755.4	0.72892	0.82698	0.94492
755.5	0.72899	0.82702	0.94495
755.6	0.72906	0.82705	0.94498
755.7	0.72912	0.82709	0.945
755.8	0.72919	0.82713	0.94503
755.9	0.72925	0.82716	0.94505
756	0.72932	0.8272	0.94508
756.1	0.72938	0.82724	0.9451
756.2	0.72945	0.82727	0.94513
756.3	0.72951	0.82731	0.94516
756.4	0.72957	0.82735	0.94518
756.5	0.72964	0.82739	0.94521
756.6	0.7297	0.82743	0.94523
756.7	0.72977	0.82747	0.94526
756.8	0.72983	0.82751	0.94528
756.9	0.72989	0.82755	0.94531
757	0.72996	0.82759	0.94533
757.1	0.73002	0.82764	0.94536
757.2	0.73009	0.82768	0.94539
757.3	0.73015	0.82772	0.94541
757.4	0.73021	0.82776	0.94544
757.5	0.73028	0.82781	0.94546
757.6	0.73034	0.82785	0.94549
757.7	0.7304	0.8279	0.94551
757.8	0.73047	0.82795	0.94554
757.9	0.73053	0.82799	0.94556
758	0.73059	0.82804	0.94559
758.1	0.73066	0.82809	0.94561
758.2	0.73072	0.82814	0.94564
758.3	0.73078	0.82818	0.94566
758.4	0.73085	0.82823	0.94569
758.5	0.73091	0.82828	0.94572
758.6	0.73097	0.82834	0.94574
758.7	0.73104	0.82839	0.94577
758.8	0.7311	0.82844	0.94579
758.9	0.73117	0.82849	0.94582
759	0.73123	0.82855	0.94584
759.1	0.73129	0.8286	0.94587
759.2	0.73136	0.82865	0.94589
759.3	0.73142	0.82871	0.94592
759.4	0.73149	0.82877	0.94594
759.5	0.73155	0.82882	0.94597
759.6	0.73161	0.82888	0.94599
759.7	0.73168	0.82894	0.94602
759.8	0.73174	0.829	0.94604
759.9	0.73181	0.82906	0.94607
760	0.73187	0.82912	0.94609
760.1	0.73194	0.82918	0.94612
760.2	0.732	0.82924	0.94614
760.3	0.73207	0.8293	0.94617
760.4	0.73213	0.82937	0.94619
760.5	0.7322	0.82943	0.94622
760.6	0.73227	0.8295	0.94624
760.7	0.73233	0.82956	0.94627
760.8	0.7324	0.82963	0.9463
760.9	0.73246	0.82969	0.94632
761	0.73253	0.82976	0.94635
761.1	0.7326	0.82983	0.94637
761.2	0.73267	0.8299	0.9464
761.3	0.73273	0.82997	0.94642
761.4	0.7328	0.83004	0.94645
761.5	0.73287	0.83011	0.94647
761.6	0.73294	0.83018	0.9465
761.7	0.733	0.83025	0.94652
761.8	0.73307	0.83033	0.94655
761.9	0.73314	0.8304	0.94657
762	0.73321	0.83047	0.9466
762.1	0.73328	0.83055	0.94662
762.2	0.73335	0.83063	0.94665
762.3	0.73342	0.8307	0.94667
762.4	0.73349	0.83078	0.9467
762.5	0.73356	0.83086	0.94672
762.6	0.73363	0.83093	0.94675
762.7	0.7337	0.83101	0.94677
762.8	0.73377	0.83109	0.94679
762.9	0.73385	0.83117	0.94682
763	0.73392	0.83125	0.94684
763.1	0.73399	0.83133	0.94687
763.2	0.73406	0.83142	0.94689
763.3	0.73414	0.8315	0.94692
763.4	0.73421	0.83158	0.94694
763.5	0.73428	0.83166	0.94697
763.6	0.73436	0.83175	0.94699
763.7	0.73443	0.83183	0.94702
763.8	0.73451	0.83192	0.94704
763.9	0.73458	0.832	0.94707
764	0.73466	0.83209	0.94709
764.1	0.73473	0.83218	0.94712
764.2	0.73481	0.83226	0.94714
764.3	0.73488	0.83235	0.94717
764.4	0.73496	0.83244	0.94719
764.5	0.73504	0.83253	0.94722
764.6	0.73511	0.83262	0.94724
764.7	0.73519	0.83271	0.94727
764.8	0.73527	0.8328	0.94729
764.9	0.73535	0.83289	0.94732
765	0.73543	0.83298	0.94734
765.1	0.7355	0.83307	0.94736
765.2	0.73558	0.83316	0.94739
765.3	0.73566	0.83325	0.94741
765.4	0.73574	0.83334	0.94744
765.5	0.73582	0.83344	0.94746
765.6	0.7359	0.83353	0.94749
765.7	0.73599	0.83362	0.94751
765.8	0.73607	0.83372	0.94754
765.9	0.73615	0.83381	0.94756
766	0.73623	0.8339	0.94759
766.1	0.73631	0.834	0.94761
766.2	0.73639	0.83409	0.94764
766.3	0.73648	0.83419	0.94766
766.4	0.73656	0.83428	0.94768
766.5	0.73664	0.83438	0.94771
766.6	0.73673	0.83447	0.94773
766.7	0.73681	0.83457	0.94776
766.8	0.7369	0.83466	0.94778
766.9	0.73698	0.83476	0.94781
767	0.73707	0.83486	0.94783
767.1	0.73715	0.83495	0.94785
767.2	0.73724	0.83505	0.94788
767.3	0.73732	0.83514	0.9479
767.4	0.73741	0.83524	0.94793
767.5	0.73749	0.83534	0.94795
767.6	0.73758	0.83543	0.94798
767.7	0.73767	0.83553	0.948
767.8	0.73775	0.83563	0.94802
767.9	0.73784	0.83572	0.94805
768	0.73793	0.83582	0.94807
768.1	0.73802	0.83592	0.9481
768.2	0.73811	0.83601	0.94812
768.3	0.73819	0.83611	0.94815
768.4	0.73828	0.8362	0.94817
768.5	0.73837	0.8363	0.94819
768.6	0.73846	0.8364	0.94822
768.7	0.73855	0.83649	0.94824
768.8	0.73864	0.83659	0.94827
768.9	0.73873	0.83669	0.94829
769	0.73882	0.83678	0.94831
769.1	0.73891	0.83688	0.94834
769.2	0.739	0.83697	0.94836
769.3	0.73909	0.83707	0.94839
769.4	0.73918	0.83716	0.94841
769.5	0.73927	0.83726	0.94843
769.6	0.73936	0.83735	0.94846
769.7	0.73945	0.83745	0.94848
769.8	0.73954	0.83754	0.9485
769.9	0.73963	0.83763	0.94853
770	0.73972	0.83773	0.94855
770.1	0.73981	0.83782	0.94858
770.2	0.7399	0.83791	0.9486
770.3	0.74	0.83801	0.94862
770.4	0.74009	0.8381	0.94865
770.5	0.74018	0.83819	0.94867
770.6	0.74027	0.83828	0.94869
770.7	0.74036	0.83838	0.94872
770.8	0.74045	0.83847	0.94874
770.9	0.74054	0.83856	0.94876
771	0.74064	0.83865	0.94879
771.1	0.74073	0.83874	0.94881
771.2	0.74082	0.83883	0.94883
771.3	0.74091	0.83892	0.94886
771.4	0.741	0.83901	0.94888
771.5	0.7411	0.83909	0.9489
771.6	0.74119	0.83918	0.94893
771.7	0.74128	0.83927	0.94895
771.8	0.74137	0.83936	0.94897
771.9	0.74146	0.83945	0.949
772	0.74156	0.83953	0.94902
772.1	0.74165	0.83962	0.94904
772.2	0.74174	0.8397	0.94907
772.3	0.74183	0.83979	0.94909
772.4	0.74192	0.83987	0.94911
772.5	0.74201	0.83996	0.94914
772.6	0.74211	0.84004	0.94916
772.7	0.7422	0.84012	0.94918
772.8	0.74229	0.84021	0.9492
772.9	0.74238	0.84029	0.94923
773	0.74247	0.84037	0.94925
773.1	0.74256	0.84045	0.94927
773.2	0.74265	0.84053	0.9493
773.3	0.74274	0.84061	0.94932
773.4	0.74283	0.84069	0.94934
773.5	0.74293	0.84077	0.94936
773.6	0.74302	0.84085	0.94939
773.7	0.74311	0.84093	0.94941
773.8	0.7432	0.84101	0.94943
773.9	0.74329	0.84109	0.94945
774	0.74338	0.84116	0.94948
774.1	0.74347	0.84124	0.9495
774.2	0.74356	0.84131	0.94952
774.3	0.74365	0.84139	0.94954
774.4	0.74373	0.84146	0.94957
774.5	0.74382	0.84154	0.94959
774.6	0.74391	0.84161	0.94961
774.7	0.744	0.84169	0.94963
774.8	0.74409	0.84176	0.94966
774.9	0.74418	0.84183	0.94968
775	0.74427	0.8419	0.9497
775.1	0.74435	0.84197	0.94972
775.2	0.74444	0.84204	0.94974
775.3	0.74453	0.84211	0.94977
775.4	0.74462	0.84218	0.94979
775.5	0.7447	0.84225	0.94981
775.6	0.74479	0.84232	0.94983
775.7	0.74488	0.84239	0.94985
775.8	0.74496	0.84246	0.94987
775.9	0.74505	0.84252	0.9499
776	0.74514	0.84259	0.94992
776.1	0.74522	0.84266	0.94994
776.2	0.74531	0.84272	0.94996
776.3	0.74539	0.84279	0.94998
776.4	0.74548	0.84285	0.95
776.5	0.74556	0.84292	0.95003
776.6	0.74565	0.84298	0.95005
776.7	0.74573	0.84304	0.95007
776.8	0.74582	0.8431	0.95009
776.9	0.7459	0.84317	0.95011
777	0.74598	0.84323	0.95013
777.1	0.74607	0.84329	0.95015
777.2	0.74615	0.84335	0.95017
777.3	0.74623	0.84341	0.9502
777.4	0.74631	0.84347	0.95022
777.5	0.7464	0.84353	0.95024
777.6	0.74648	0.84359	0.95026
777.7	0.74656	0.84365	0.95028
777.8	0.74664	0.84371	0.9503
777.9	0.74672	0.84377	0.95032
778	0.7468	0.84382	0.95034
778.1	0.74688	0.84388	0.95036
778.2	0.74696	0.84394	0.95038
778.3	0.74704	0.84399	0.9504
778.4	0.74712	0.84405	0.95042
778.5	0.7472	0.84411	0.95045
778.6	0.74728	0.84416	0.95047
778.7	0.74736	0.84422	0.95049
778.8	0.74744	0.84427	0.95051
778.9	0.74752	0.84433	0.95053
779	0.7476	0.84438	0.95055
779.1	0.74767	0.84443	0.95057
779.2	0.74775	0.84449	0.95059
779.3	0.74783	0.84454	0.95061
779.4	0.7479	0.84459	0.95063
779.5	0.74798	0.84465	0.95065
779.6	0.74806	0.8447	0.95067
779.7	0.74813	0.84475	0.95069
779.8	0.74821	0.8448	0.95071
779.9	0.74828	0.84485	0.95073
780	0.74836	0.8449	0.95075
780.1	0.74843	0.84496	0.95077
780.2	0.74851	0.84501	0.95079
780.3	0.74858	0.84506	0.95081
780.4	0.74866	0.84511	0.95083
780.5	0.74873	0.84516	0.95085
780.6	0.74881	0.84521	0.95087
780.7	0.74888	0.84526	0.95089
780.8	0.74895	0.84531	0.95091
780.9	0.74902	0.84536	0.95093
781	0.7491	0.8454	0.95095
781.1	0.74917	0.84545	0.95097
781.2	0.74924	0.8455	0.95098
781.3	0.74931	0.84555	0.951
781.4	0.74938	0.8456	0.95102
781.5	0.74946	0.84565	0.95104
781.6	0.74953	0.8457	0.95106
781.7	0.7496	0.84574	0.95108
781.8	0.74967	0.84579	0.9511
781.9	0.74974	0.84584	0.95112
782	0.74981	0.84589	0.95114
782.1	0.74988	0.84594	0.95116
782.2	0.74995	0.84598	0.95118
782.3	0.75002	0.84603	0.9512
782.4	0.75009	0.84608	0.95121
782.5	0.75015	0.84613	0.95123
782.6	0.75022	0.84617	0.95125
782.7	0.75029	0.84622	0.95127
782.8	0.75036	0.84627	0.95129
782.9	0.75043	0.84632	0.95131
783	0.75049	0.84636	0.95133
783.1	0.75056	0.84641	0.95135
783.2	0.75063	0.84646	0.95137
783.3	0.7507	0.84651	0.95138
783.4	0.75076	0.84655	0.9514
783.5	0.75083	0.8466	0.95142
783.6	0.75089	0.84665	0.95144
783.7	0.75096	0.84669	0.95146
783.8	0.75103	0.84674	0.95148
783.9	0.75109	0.84679	0.95149
784	0.75116	0.84684	0.95151
784.1	0.75122	0.84688	0.95153
784.2	0.75129	0.84693	0.95155
784.3	0.75135	0.84698	0.95157
784.4	0.75142	0.84703	0.95159
784.5	0.75148	0.84707	0.9516
784.6	0.75154	0.84712	0.95162
784.7	0.75161	0.84717	0.95164
784.8	0.75167	0.84722	0.95166
784.9	0.75173	0.84726	0.95168
785	0.7518	0.84731	0.9517
785.1	0.75186	0.84736	0.95171
785.2	0.75192	0.84741	0.95173
785.3	0.75199	0.84745	0.95175
785.4	0.75205	0.8475	0.95177
785.5	0.75211	0.84755	0.95179
785.6	0.75217	0.8476	0.9518
785.7	0.75223	0.84765	0.95182
785.8	0.7523	0.8477	0.95184
785.9	0.75236	0.84774	0.95186
786	0.75242	0.84779	0.95188
786.1	0.75248	0.84784	0.95189
786.2	0.75254	0.84789	0.95191
786.3	0.7526	0.84794	0.95193
786.4	0.75266	0.84799	0.95195
786.5	0.75272	0.84804	0.95197
786.6	0.75278	0.84809	0.95198
786.7	0.75284	0.84813	0.952
786.8	0.7529	0.84818	0.95202
786.9	0.75296	0.84823	0.95204
787	0.75302	0.84828	0.95205
787.1	0.75308	0.84833	0.95207
787.2	0.75314	0.84838	0.95209
787.3	0.7532	0.84843	0.95211
787.4	0.75326	0.84848	0.95212
787.5	0.75332	0.84853	0.95214
787.6	0.75337	0.84858	0.95216
787.7	0.75343	0.84863	0.95218
787.8	0.75349	0.84868	0.9522
787.9	0.75355	0.84873	0.95221
788	0.75361	0.84878	0.95223
788.1	0.75366	0.84884	0.95225
788.2	0.75372	0.84889	0.95227
788.3	0.75378	0.84894	0.95228
788.4	0.75384	0.84899	0.9523
788.5	0.75389	0.84904	0.95232
788.6	0.75395	0.84909	0.95234
788.7	0.75401	0.84914	0.95235
788.8	0.75406	0.84919	0.95237
788.9	0.75412	0.84925	0.95239
789	0.75417	0.8493	0.95241
789.1	0.75423	0.84935	0.95242
789.2	0.75429	0.8494	0.95244
789.3	0.75434	0.84945	0.95246
789.4	0.7544	0.84951	0.95248
789.5	0.75445	0.84956	0.95249
789.6	0.75451	0.84961	0.95251
789.7	0.75456	0.84966	0.95253
789.8	0.75462	0.84972	0.95255
789.9	0.75467	0.84977	0.95256
790	0.75473	0.84982	0.95258
790.1	0.75478	0.84987	0.9526
790.2	0.75484	0.84993	0.95262
790.3	0.75489	0.84998	0.95264
790.4	0.75495	0.85003	0.95265
790.5	0.755	0.85009	0.95267
790.6	0.75506	0.85014	0.95269
790.7	0.75511	0.85019	0.95271
790.8	0.75516	0.85025	0.95272
790.9	0.75522	0.8503	0.95274
791	0.75527	0.85035	0.95276
791.1	0.75533	0.85041	0.95278
791.2	0.75538	0.85046	0.95279
791.3	0.75543	0.85052	0.95281
791.4	0.75549	0.85057	0.95283
791.5	0.75554	0.85062	0.95285
791.6	0.75559	0.85068	0.95287
791.7	0.75564	0.85073	0.95288
791.8	0.7557	0.85079	0.9529
791.9	0.75575	0.85084	0.95292
792	0.7558	0.85089	0.95294
792.1	0.75586	0.85095	0.95295
792.2	0.75591	0.851	0.95297
792.3	0.75596	0.85106	0.95299
792.4	0.75601	0.85111	0.95301
792.5	0.75607	0.85117	0.95303
792.6	0.75612	0.85122	0.95304
792.7	0.75617	0.85128	0.95306
792.8	0.75622	0.85133	0.95308
792.9	0.75627	0.85138	0.9531
793	0.75633	0.85144	0.95312
793.1	0.75638	0.85149	0.95313
793.2	0.75643	0.85155	0.95315
793.3	0.75648	0.8516	0.95317
793.4	0.75653	0.85166	0.95319
793.5	0.75659	0.85171	0.95321
793.6	0.75664	0.85177	0.95323
793.7	0.75669	0.85182	0.95324
793.8	0.75674	0.85188	0.95326
793.9	0.75679	0.85193	0.95328
794	0.75684	0.85199	0.9533
794.1	0.7569	0.85204	0.95332
794.2	0.75695	0.8521	0.95334
794.3	0.757	0.85215	0.95336
794.4	0.75705	0.85221	0.95337
794.5	0.7571	0.85227	0.95339
794.6	0.75715	0.85232	0.95341
794.7	0.75721	0.85238	0.95343
794.8	0.75726	0.85243	0.95345
794.9	0.75731	0.85249	0.95347
795	0.75736	0.85254	0.95349
795.1	0.75741	0.8526	0.9535
795.2	0.75746	0.85265	0.95352
795.3	0.75752	0.85271	0.95354
795.4	0.75757	0.85276	0.95356
795.5	0.75762	0.85282	0.95358
795.6	0.75767	0.85287	0.9536
795.7	0.75772	0.85293	0.95362
795.8	0.75778	0.85298	0.95364
795.9	0.75783	0.85304	0.95366
796	0.75788	0.8531	0.95368
796.1	0.75793	0.85315	0.9537
796.2	0.75798	0.85321	0.95372
796.3	0.75804	0.85326	0.95373
796.4	0.75809	0.85332	0.95375
796.5	0.75814	0.85337	0.95377
796.6	0.7582	0.85343	0.95379
796.7	0.75825	0.85348	0.95381
796.8	0.7583	0.85354	0.95383
796.9	0.75835	0.8536	0.95385
797	0.75841	0.85365	0.95387
797.1	0.75846	0.85371	0.95389
797.2	0.75851	0.85376	0.95391
797.3	0.75857	0.85382	0.95393
797.4	0.75862	0.85387	0.95395
797.5	0.75867	0.85393	0.95397
797.6	0.75873	0.85399	0.95399
797.7	0.75878	0.85404	0.95401
797.8	0.75884	0.8541	0.95403
797.9	0.75889	0.85415	0.95405
798	0.75895	0.85421	0.95407
798.1	0.759	0.85427	0.95409
798.2	0.75906	0.85432	0.95411
798.3	0.75911	0.85438	0.95413
798.4	0.75917	0.85443	0.95415
798.5	0.75922	0.85449	0.95417
798.6	0.75928	0.85455	0.9542
798.7	0.75933	0.8546	0.95422
798.8	0.75939	0.85466	0.95424
798.9	0.75945	0.85471	0.95426
799	0.7595	0.85477	0.95428
799.1	0.75956	0.85483	0.9543
799.2	0.75962	0.85488	0.95432
799.3	0.75967	0.85494	0.95434
799.4	0.75973	0.855	0.95436
799.5	0.75979	0.85505	0.95438
799.6	0.75985	0.85511	0.9544
799.7	0.7599	0.85517	0.95443
799.8	0.75996	0.85522	0.95445
799.9	0.76002	0.85528	0.95447
800	0.76008	0.85534	0.95449
800.1	0.76014	0.85539	0.95451
800.2	0.7602	0.85545	0.95453
800.3	0.76026	0.85551	0.95455
800.4	0.76032	0.85557	0.95458
800.5	0.76038	0.85562	0.9546
800.6	0.76044	0.85568	0.95462
800.7	0.7605	0.85574	0.95464
800.8	0.76056	0.8558	0.95466
800.9	0.76062	0.85585	0.95469
801	0.76069	0.85591	0.95471
801.1	0.76075	0.85597	0.95473
801.2	0.76081	0.85603	0.95475
801.3	0.76087	0.85608	0.95477
801.4	0.76094	0.85614	0.9548
801.5	0.761	0.8562	0.95482
801.6	0.76106	0.85626	0.95484
801.7	0.76113	0.85632	0.95486
801.8	0.76119	0.85638	0.95489
801.9	0.76126	0.85643	0.95491
802	0.76132	0.85649	0.95493
802.1	0.76139	0.85655	0.95495
802.2	0.76145	0.85661	0.95498
802.3	0.76152	0.85667	0.955
802.4	0.76158	0.85673	0.95502
802.5	0.76165	0.85679	0.95505
802.6	0.76172	0.85685	0.95507
802.7	0.76179	0.85691	0.95509
802.8	0.76185	0.85697	0.95511
802.9	0.76192	0.85703	0.95514
803	0.76199	0.85709	0.95516
803.1	0.76206	0.85714	0.95518
803.2	0.76213	0.8572	0.95521
803.3	0.7622	0.85726	0.95523
803.4	0.76227	0.85733	0.95525
803.5	0.76234	0.85739	0.95528
803.6	0.76241	0.85745	0.9553
803.7	0.76248	0.85751	0.95532
803.8	0.76255	0.85757	0.95535
803.9	0.76262	0.85763	0.95537
804	0.76269	0.85769	0.9554
804.1	0.76276	0.85775	0.95542
804.2	0.76284	0.85781	0.95544
804.3	0.76291	0.85787	0.95547
804.4	0.76298	0.85793	0.95549
804.5	0.76306	0.85799	0.95552
804.6	0.76313	0.85806	0.95554
804.7	0.7632	0.85812	0.95556
804.8	0.76328	0.85818	0.95559
804.9	0.76335	0.85824	0.95561
805	0.76343	0.8583	0.95564
805.1	0.76351	0.85837	0.95566
805.2	0.76358	0.85843	0.95569
805.3	0.76366	0.85849	0.95571
805.4	0.76373	0.85855	0.95573
805.5	0.76381	0.85862	0.95576
805.6	0.76389	0.85868	0.95578
805.7	0.76397	0.85874	0.95581
805.8	0.76404	0.8588	0.95583
805.9	0.76412	0.85887	0.95586
806	0.7642	0.85893	0.95588
806.1	0.76428	0.85899	0.95591
806.2	0.76436	0.85906	0.95593
806.3	0.76444	0.85912	0.95596
806.4	0.76452	0.85918	0.95598
806.5	0.7646	0.85925	0.95601
806.6	0.76468	0.85931	0.95603
806.7	0.76476	0.85937	0.95606
806.8	0.76484	0.85944	0.95608
806.9	0.76492	0.8595	0.95611
807	0.765	0.85957	0.95613
807.1	0.76508	0.85963	0.95616
807.2	0.76516	0.85969	0.95618
807.3	0.76524	0.85976	0.95621
807.4	0.76532	0.85982	0.95623
807.5	0.76541	0.85989	0.95626
807.6	0.76549	0.85995	0.95628
807.7	0.76557	0.86002	0.95631
807.8	0.76565	0.86008	0.95633
807.9	0.76574	0.86014	0.95636
808	0.76582	0.86021	0.95639
808.1	0.7659	0.86027	0.95641
808.2	0.76599	0.86034	0.95644
808.3	0.76607	0.8604	0.95646
808.4	0.76616	0.86047	0.95649
808.5	0.76624	0.86053	0.95651
808.6	0.76632	0.8606	0.95654
808.7	0.76641	0.86066	0.95656
808.8	0.76649	0.86073	0.95659
808.9	0.76658	0.86079	0.95662
809	0.76666	0.86086	0.95664
809.1	0.76675	0.86092	0.95667
809.2	0.76683	0.86098	0.95669
809.3	0.76692	0.86105	0.95672
809.4	0.767	0.86111	0.95674
809.5	0.76709	0.86118	0.95677
809.6	0.76717	0.86124	0.9568
809.7	0.76726	0.86131	0.95682
809.8	0.76734	0.86137	0.95685
809.9	0.76743	0.86144	0.95687
810	0.76751	0.8615	0.9569
810.1	0.7676	0.86156	0.95693
810.2	0.76768	0.86163	0.95695
810.3	0.76777	0.86169	0.95698
810.4	0.76785	0.86176	0.957
810.5	0.76794	0.86182	0.95703
810.6	0.76802	0.86188	0.95705
810.7	0.76811	0.86195	0.95708
810.8	0.76819	0.86201	0.95711
810.9	0.76828	0.86207	0.95713
811	0.76836	0.86214	0.95716
811.1	0.76845	0.8622	0.95718
811.2	0.76853	0.86226	0.95721
811.3	0.76862	0.86232	0.95724
811.4	0.7687	0.86239	0.95726
811.5	0.76879	0.86245	0.95729
811.6	0.76887	0.86251	0.95731
811.7	0.76895	0.86257	0.95734
811.8	0.76904	0.86264	0.95737
811.9	0.76912	0.8627	0.95739
812	0.76921	0.86276	0.95742
812.1	0.76929	0.86282	0.95744
812.2	0.76937	0.86288	0.95747
812.3	0.76946	0.86294	0.95749
812.4	0.76954	0.863	0.95752
812.5	0.76962	0.86306	0.95755
812.6	0.7697	0.86312	0.95757
812.7	0.76979	0.86318	0.9576
812.8	0.76987	0.86324	0.95762
812.9	0.76995	0.8633	0.95765
813	0.77003	0.86336	0.95767
813.1	0.77011	0.86342	0.9577
813.2	0.77019	0.86348	0.95773
813.3	0.77027	0.86354	0.95775
813.4	0.77035	0.8636	0.95778
813.5	0.77043	0.86365	0.9578
813.6	0.77051	0.86371	0.95783
813.7	0.77059	0.86377	0.95785
813.8	0.77067	0.86383	0.95788
813.9	0.77075	0.86388	0.9579
814	0.77083	0.86394	0.95793
814.1	0.77091	0.864	0.95795
814.2	0.77099	0.86405	0.95798
814.3	0.77107	0.86411	0.958
814.4	0.77114	0.86416	0.95803
814.5	0.77122	0.86422	0.95805
814.6	0.7713	0.86427	0.95808
814.7	0.77137	0.86433	0.95811
814.8	0.77145	0.86438	0.95813
814.9	0.77152	0.86443	0.95816
815	0.7716	0.86449	0.95818
815.1	0.77167	0.86454	0.9582
815.2	0.77175	0.86459	0.95823
815.3	0.77182	0.86464	0.95825
815.4	0.77189	0.86469	0.95828
815.5	0.77197	0.86474	0.9583
815.6	0.77204	0.8648	0.95833
815.7	0.77211	0.86485	0.95835
815.8	0.77218	0.8649	0.95838
815.9	0.77225	0.86495	0.9584
816	0.77233	0.86499	0.95843
816.1	0.7724	0.86504	0.95845
816.2	0.77247	0.86509	0.95847
816.3	0.77254	0.86514	0.9585
816.4	0.7726	0.86519	0.95852
816.5	0.77267	0.86523	0.95855
816.6	0.77274	0.86528	0.95857
816.7	0.77281	0.86533	0.95859
816.8	0.77288	0.86537	0.95862
816.9	0.77294	0.86542	0.95864
817	0.77301	0.86546	0.95867
817.1	0.77308	0.86551	0.95869
817.2	0.77314	0.86555	0.95871
817.3	0.77321	0.8656	0.95874
817.4	0.77327	0.86564	0.95876
817.5	0.77333	0.86568	0.95878
817.6	0.7734	0.86573	0.95881
817.7	0.77346	0.86577	0.95883
817.8	0.77352	0.86581	0.95885
817.9	0.77359	0.86585	0.95888
818	0.77365	0.86589	0.9589
818.1	0.77371	0.86593	0.95892
818.2	0.77377	0.86597	0.95894
818.3	0.77383	0.86601	0.95897
818.4	0.77389	0.86605	0.95899
818.5	0.77395	0.86609	0.95901
818.6	0.77401	0.86613	0.95904
818.7	0.77407	0.86616	0.95906
818.8	0.77412	0.8662	0.95908
818.9	0.77418	0.86624	0.9591
819	0.77424	0.86628	0.95912
819.1	0.7743	0.86631	0.95915
819.2	0.77435	0.86635	0.95917
819.3	0.77441	0.86638	0.95919
819.4	0.77446	0.86642	0.95921
819.5	0.77452	0.86645	0.95923
819.6	0.77457	0.86649	0.95925
819.7	0.77463	0.86652	0.95928
819.8	0.77468	0.86655	0.9593
819.9	0.77473	0.86659	0.95932
820	0.77479	0.86662	0.95934
820.1	0.77484	0.86665	0.95936
820.2	0.77489	0.86668	0.95938
820.3	0.77494	0.86672	0.9594
820.4	0.77499	0.86675	0.95942
820.5	0.77504	0.86678	0.95944
820.6	0.77509	0.86681	0.95946
820.7	0.77514	0.86684	0.95948
820.8	0.77519	0.86687	0.9595
820.9	0.77524	0.8669	0.95952
821	0.77529	0.86693	0.95954
821.1	0.77534	0.86696	0.95956
821.2	0.77539	0.86698	0.95958
821.3	0.77544	0.86701	0.9596
821.4	0.77549	0.86704	0.95962
821.5	0.77553	0.86707	0.95964
821.6	0.77558	0.86709	0.95966
821.7	0.77563	0.86712	0.95968
821.8	0.77567	0.86715	0.9597
821.9	0.77572	0.86717	0.95972
822	0.77577	0.8672	0.95974
822.1	0.77581	0.86722	0.95976
822.2	0.77586	0.86725	0.95978
822.3	0.7759	0.86728	0.9598
822.4	0.77595	0.8673	0.95981
822.5	0.77599	0.86732	0.95983
822.6	0.77604	0.86735	0.95985
822.7	0.77608	0.86737	0.95987
822.8	0.77613	0.8674	0.95989
822.9	0.77617	0.86742	0.9599
823	0.77621	0.86744	0.95992
823.1	0.77626	0.86747	0.95994
823.2	0.7763	0.86749	0.95996
823.3	0.77634	0.86751	0.95997
823.4	0.77639	0.86754	0.95999
823.5	0.77643	0.86756	0.96001
823.6	0.77647	0.86758	0.96003
823.7	0.77652	0.8676	0.96004
823.8	0.77656	0.86763	0.96006
823.9	0.7766	0.86765	0.96008
824	0.77664	0.86767	0.96009
824.1	0.77669	0.86769	0.96011
824.2	0.77673	0.86771	0.96013
824.3	0.77677	0.86773	0.96014
824.4	0.77681	0.86776	0.96016
824.5	0.77685	0.86778	0.96017
824.6	0.7769	0.8678	0.96019
824.7	0.77694	0.86782	0.96021
824.8	0.77698	0.86784	0.96022
824.9	0.77702	0.86786	0.96024
825	0.77706	0.86788	0.96025
825.1	0.77711	0.8679	0.96027
825.2	0.77715	0.86792	0.96028
825.3	0.77719	0.86794	0.9603
825.4	0.77723	0.86796	0.96031
825.5	0.77728	0.86798	0.96033
825.6	0.77732	0.868	0.96034
825.7	0.77736	0.86803	0.96035
825.8	0.7774	0.86805	0.96037
825.9	0.77744	0.86807	0.96038
826	0.77749	0.86809	0.9604
826.1	0.77753	0.86811	0.96041
826.2	0.77757	0.86813	0.96042
826.3	0.77762	0.86815	0.96044
826.4	0.77766	0.86817	0.96045
826.5	0.7777	0.86819	0.96046
826.6	0.77774	0.86821	0.96048
826.7	0.77779	0.86823	0.96049
826.8	0.77783	0.86825	0.9605
826.9	0.77787	0.86827	0.96052
827	0.77792	0.8683	0.96053
827.1	0.77796	0.86832	0.96054
827.2	0.77801	0.86834	0.96055
827.3	0.77805	0.86836	0.96057
827.4	0.7781	0.86838	0.96058
827.5	0.77814	0.8684	0.96059
827.6	0.77819	0.86843	0.9606
827.7	0.77823	0.86845	0.96061
827.8	0.77828	0.86847	0.96063
827.9	0.77832	0.86849	0.96064
828	0.77837	0.86851	0.96065
828.1	0.77841	0.86854	0.96066
828.2	0.77846	0.86856	0.96067
828.3	0.77851	0.86858	0.96068
828.4	0.77855	0.86861	0.96069
828.5	0.7786	0.86863	0.9607
828.6	0.77865	0.86865	0.96071
828.7	0.77869	0.86868	0.96072
828.8	0.77874	0.8687	0.96073
828.9	0.77879	0.86872	0.96074
829	0.77884	0.86875	0.96075
829.1	0.77889	0.86877	0.96076
829.2	0.77894	0.8688	0.96077
829.3	0.77899	0.86882	0.96078
829.4	0.77903	0.86885	0.96079
829.5	0.77908	0.86887	0.9608
829.6	0.77913	0.8689	0.96081
829.7	0.77918	0.86892	0.96082
829.8	0.77924	0.86895	0.96083
829.9	0.77929	0.86897	0.96084
830	0.77934	0.869	0.96085
830.1	0.77939	0.86903	0.96086
830.2	0.77944	0.86905	0.96087
830.3	0.77949	0.86908	0.96087
830.4	0.77954	0.86911	0.96088
830.5	0.7796	0.86914	0.96089
830.6	0.77965	0.86916	0.9609
830.7	0.7797	0.86919	0.96091
830.8	0.77976	0.86922	0.96092
830.9	0.77981	0.86925	0.96092
831	0.77986	0.86928	0.96093
831.1	0.77992	0.86931	0.96094
831.2	0.77997	0.86934	0.96095
831.3	0.78003	0.86936	0.96095
831.4	0.78008	0.86939	0.96096
831.5	0.78014	0.86942	0.96097
831.6	0.78019	0.86946	0.96097
831.7	0.78025	0.86949	0.96098
831.8	0.78031	0.86952	0.96099
831.9	0.78036	0.86955	0.961
832	0.78042	0.86958	0.961
832.1	0.78048	0.86961	0.96101
832.2	0.78053	0.86964	0.96101
832.3	0.78059	0.86967	0.96102
832.4	0.78065	0.86971	0.96103
832.5	0.78071	0.86974	0.96103
832.6	0.78077	0.86977	0.96104
832.7	0.78082	0.86981	0.96104
832.8	0.78088	0.86984	0.96105
832.9	0.78094	0.86987	0.96106
833	0.781	0.86991	0.96106
833.1	0.78106	0.86994	0.96107
833.2	0.78112	0.86997	0.96107
833.3	0.78118	0.87001	0.96108
833.4	0.78124	0.87004	0.96108
833.5	0.7813	0.87008	0.96109
833.6	0.78136	0.87011	0.96109
833.7	0.78142	0.87015	0.9611
833.8	0.78148	0.87019	0.9611
833.9	0.78155	0.87022	0.96111
834	0.78161	0.87026	0.96111
834.1	0.78167	0.87029	0.96112
834.2	0.78173	0.87033	0.96112
834.3	0.78179	0.87037	0.96113
834.4	0.78185	0.87041	0.96113
834.5	0.78192	0.87044	0.96113
834.6	0.78198	0.87048	0.96114
834.7	0.78204	0.87052	0.96114
834.8	0.7821	0.87056	0.96115
834.9	0.78217	0.87059	0.96115
835	0.78223	0.87063	0.96115
835.1	0.78229	0.87067	0.96116
835.2	0.78235	0.87071	0.96116
835.3	0.78242	0.87075	0.96116
835.4	0.78248	0.87079	0.96117
835.5	0.78254	0.87083	0.96117
835.6	0.78261	0.87087	0.96117
835.7	0.78267	0.87091	0.96118
835.8	0.78273	0.87095	0.96118
835.9	0.7828	0.87099	0.96118
836	0.78286	0.87103	0.96119
836.1	0.78293	0.87107	0.96119
836.2	0.78299	0.87111	0.96119
836.3	0.78305	0.87115	0.9612
836.4	0.78312	0.87119	0.9612
836.5	0.78318	0.87123	0.9612
836.6	0.78324	0.87127	0.9612
836.7	0.78331	0.87131	0.96121
836.8	0.78337	0.87135	0.96121
836.9	0.78344	0.87139	0.96121
837	0.7835	0.87143	0.96121
837.1	0.78356	0.87148	0.96122
837.2	0.78363	0.87152	0.96122
837.3	0.78369	0.87156	0.96122
837.4	0.78376	0.8716	0.96122
837.5	0.78382	0.87164	0.96123
837.6	0.78388	0.87169	0.96123
837.7	0.78395	0.87173	0.96123
837.8	0.78401	0.87177	0.96123
837.9	0.78407	0.87181	0.96123
838	0.78414	0.87185	0.96124
838.1	0.7842	0.8719	0.96124
838.2	0.78426	0.87194	0.96124
838.3	0.78433	0.87198	0.96124
838.4	0.78439	0.87203	0.96124
838.5	0.78445	0.87207	0.96125
838.6	0.78452	0.87211	0.96125
838.7	0.78458	0.87215	0.96125
838.8	0.78464	0.8722	0.96125
838.9	0.7847	0.87224	0.96125
839	0.78477	0.87228	0.96125
839.1	0.78483	0.87233	0.96126
839.2	0.78489	0.87237	0.96126
839.3	0.78495	0.87241	0.96126
839.4	0.78502	0.87246	0.96126
839.5	0.78508	0.8725	0.96126
839.6	0.78514	0.87254	0.96126
839.7	0.7852	0.87259	0.96126
839.8	0.78526	0.87263	0.96127
839.9	0.78532	0.87267	0.96127
840	0.78539	0.87272	0.96127
840.1	0.78545	0.87276	0.96127
840.2	0.78551	0.8728	0.96127
840.3	0.78557	0.87285	0.96127
840.4	0.78563	0.87289	0.96127
840.5	0.78569	0.87293	0.96127
840.6	0.78575	0.87298	0.96128
840.7	0.78581	0.87302	0.96128
840.8	0.78587	0.87306	0.96128
840.9	0.78593	0.87311	0.96128
841	0.78599	0.87315	0.96128
841.1	0.78605	0.87319	0.96128
841.2	0.78611	0.87324	0.96128
841.3	0.78617	0.87328	0.96128
841.4	0.78623	0.87332	0.96129
841.5	0.78629	0.87337	0.96129
841.6	0.78635	0.87341	0.96129
841.7	0.78641	0.87345	0.96129
841.8	0.78646	0.8735	0.96129
841.9	0.78652	0.87354	0.96129
842	0.78658	0.87358	0.96129
842.1	0.78664	0.87362	0.96129
842.2	0.7867	0.87367	0.9613
842.3	0.78675	0.87371	0.9613
842.4	0.78681	0.87375	0.9613
842.5	0.78687	0.8738	0.9613
842.6	0.78693	0.87384	0.9613
842.7	0.78698	0.87388	0.9613
842.8	0.78704	0.87393	0.9613
842.9	0.7871	0.87397	0.9613
843	0.78716	0.87401	0.96131
843.1	0.78721	0.87405	0.96131
843.2	0.78727	0.8741	0.96131
843.3	0.78733	0.87414	0.96131
843.4	0.78738	0.87418	0.96131
843.5	0.78744	0.87423	0.96131
843.6	0.78749	0.87427	0.96131
843.7	0.78755	0.87431	0.96132
843.8	0.78761	0.87435	0.96132
843.9	0.78766	0.8744	0.96132
844	0.78772	0.87444	0.96132
844.1	0.78777	0.87448	0.96132
844.2	0.78783	0.87452	0.96132
844.3	0.78788	0.87457	0.96132
844.4	0.78794	0.87461	0.96133
844.5	0.78799	0.87465	0.96133
844.6	0.78805	0.87469	0.96133
844.7	0.78811	0.87474	0.96133
844.8	0.78816	0.87478	0.96133
844.9	0.78822	0.87482	0.96134
845	0.78827	0.87486	0.96134
845.1	0.78833	0.87491	0.96134
845.2	0.78838	0.87495	0.96134
845.3	0.78843	0.87499	0.96134
845.4	0.78849	0.87503	0.96135
845.5	0.78854	0.87508	0.96135
845.6	0.7886	0.87512	0.96135
845.7	0.78865	0.87516	0.96135
845.8	0.78871	0.8752	0.96135
845.9	0.78876	0.87524	0.96136
846	0.78882	0.87529	0.96136
846.1	0.78887	0.87533	0.96136
846.2	0.78893	0.87537	0.96136
846.3	0.78898	0.87541	0.96137
846.4	0.78904	0.87545	0.96137
846.5	0.78909	0.8755	0.96137
846.6	0.78915	0.87554	0.96137
846.7	0.7892	0.87558	0.96138
846.8	0.78926	0.87562	0.96138
846.9	0.78931	0.87566	0.96138
847	0.78936	0.87571	0.96139
847.1	0.78942	0.87575	0.96139
847.2	0.78947	0.87579	0.96139
847.3	0.78953	0.87583	0.96139
847.4	0.78958	0.87587	0.9614
847.5	0.78964	0.87592	0.9614
847.6	0.78969	0.87596	0.9614
847.7	0.78975	0.876	0.96141
847.8	0.7898	0.87604	0.96141
847.9	0.78986	0.87608	0.96141
848	0.78992	0.87613	0.96142
848.1	0.78997	0.87617	0.96142
848.2	0.79003	0.87621	0.96142
848.3	0.79008	0.87625	0.96143
848.4	0.79014	0.87629	0.96143
848.5	0.79019	0.87634	0.96144
848.6	0.79025	0.87638	0.96144
848.7	0.79031	0.87642	0.96144
848.8	0.79036	0.87646	0.96145
848.9	0.79042	0.8765	0.96145
849	0.79047	0.87655	0.96146
849.1	0.79053	0.87659	0.96146
849.2	0.79059	0.87663	0.96146
849.3	0.79064	0.87667	0.96147
849.4	0.7907	0.87671	0.96147
849.5	0.79076	0.87676	0.96148
849.6	0.79081	0.8768	0.96148
849.7	0.79087	0.87684	0.96149
849.8	0.79093	0.87688	0.96149
849.9	0.79099	0.87692	0.9615
850	0.79104	0.87696	0.9615
850.1	0.7911	0.87701	0.96151
850.2	0.79116	0.87705	0.96151
850.3	0.79122	0.87709	0.96152
850.4	0.79127	0.87713	0.96152
850.5	0.79133	0.87717	0.96153
850.6	0.79139	0.87722	0.96153
850.7	0.79145	0.87726	0.96154
850.8	0.79151	0.8773	0.96154
850.9	0.79156	0.87734	0.96155
851	0.79162	0.87738	0.96155
851.1	0.79168	0.87743	0.96156
851.2	0.79174	0.87747	0.96157
851.3	0.7918	0.87751	0.96157
851.4	0.79186	0.87755	0.96158
851.5	0.79192	0.87759	0.96158
851.6	0.79198	0.87764	0.96159
851.7	0.79204	0.87768	0.9616
851.8	0.7921	0.87772	0.9616
851.9	0.79215	0.87776	0.96161
852	0.79221	0.8778	0.96162
852.1	0.79227	0.87784	0.96162
852.2	0.79233	0.87789	0.96163
852.3	0.79239	0.87793	0.96164
852.4	0.79245	0.87797	0.96164
852.5	0.79251	0.87801	0.96165
852.6	0.79257	0.87805	0.96166
852.7	0.79263	0.87809	0.96166
852.8	0.79269	0.87814	0.96167
852.9	0.79275	0.87818	0.96168
853	0.79281	0.87822	0.96168
853.1	0.79287	0.87826	0.96169
853.2	0.79293	0.8783	0.9617
853.3	0.79299	0.87834	0.96171
853.4	0.79305	0.87838	0.96171
853.5	0.79311	0.87842	0.96172
853.6	0.79318	0.87847	0.96173
853.7	0.79324	0.87851	0.96174
853.8	0.7933	0.87855	0.96175
853.9	0.79336	0.87859	0.96175
854	0.79342	0.87863	0.96176
854.1	0.79348	0.87867	0.96177
854.2	0.79354	0.87871	0.96178
854.3	0.7936	0.87875	0.96179
854.4	0.79366	0.87879	0.96179
854.5	0.79372	0.87883	0.9618
854.6	0.79378	0.87887	0.96181
854.7	0.79384	0.87891	0.96182
854.8	0.7939	0.87895	0.96183
854.9	0.79396	0.87899	0.96184
855	0.79402	0.87903	0.96185
855.1	0.79408	0.87907	0.96186
855.2	0.79414	0.87911	0.96186
855.3	0.7942	0.87915	0.96187
855.4	0.79426	0.87919	0.96188
855.5	0.79432	0.87923	0.96189
855.6	0.79438	0.87927	0.9619
855.7	0.79443	0.87931	0.96191
855.8	0.79449	0.87935	0.96192
855.9	0.79455	0.87939	0.96193
856	0.79461	0.87943	0.96194
856.1	0.79467	0.87947	0.96195
856.2	0.79473	0.87951	0.96196
856.3	0.79479	0.87955	0.96197
856.4	0.79484	0.87958	0.96198
856.5	0.7949	0.87962	0.96199
856.6	0.79496	0.87966	0.962
856.7	0.79502	0.8797	0.96201
856.8	0.79508	0.87974	0.96202
856.9	0.79513	0.87978	0.96203
857	0.79519	0.87981	0.96204
857.1	0.79525	0.87985	0.96205
857.2	0.7953	0.87989	0.96206
857.3	0.79536	0.87993	0.96207
857.4	0.79541	0.87996	0.96208
857.5	0.79547	0.88	0.96209
857.6	0.79553	0.88004	0.9621
857.7	0.79558	0.88007	0.96211
857.8	0.79564	0.88011	0.96212
857.9	0.79569	0.88015	0.96214
858	0.79574	0.88018	0.96215
858.1	0.7958	0.88022	0.96216
858.2	0.79585	0.88026	0.96217
858.3	0.7959	0.88029	0.96218
858.4	0.79596	0.88033	0.96219
858.5	0.79601	0.88036	0.9622
858.6	0.79606	0.8804	0.96221
858.7	0.79611	0.88043	0.96223
858.8	0.79617	0.88047	0.96224
858.9	0.79622	0.8805	0.96225
859	0.79627	0.88054	0.96226
859.1	0.79632	0.88057	0.96227
859.2	0.79637	0.88061	0.96228
859.3	0.79642	0.88064	0.9623
859.4	0.79647	0.88068	0.96231
859.5	0.79652	0.88071	0.96232
859.6	0.79657	0.88075	0.96233
859.7	0.79662	0.88078	0.96234
859.8	0.79666	0.88081	0.96236
859.9	0.79671	0.88085	0.96237
860	0.79676	0.88088	0.96238
860.1	0.79681	0.88091	0.96239
860.2	0.79685	0.88095	0.96241
860.3	0.7969	0.88098	0.96242
860.4	0.79694	0.88101	0.96243
860.5	0.79699	0.88104	0.96244
860.6	0.79704	0.88108	0.96246
860.7	0.79708	0.88111	0.96247
860.8	0.79712	0.88114	0.96248
860.9	0.79717	0.88117	0.96249
861	0.79721	0.88121	0.96251
861.1	0.79725	0.88124	0.96252
861.2	0.7973	0.88127	0.96253
861.3	0.79734	0.8813	0.96254
861.4	0.79738	0.88133	0.96256
861.5	0.79742	0.88136	0.96257
861.6	0.79746	0.88139	0.96258
861.7	0.7975	0.88143	0.9626
861.8	0.79754	0.88146	0.96261
861.9	0.79758	0.88149	0.96262
862	0.79762	0.88152	0.96263
862.1	0.79766	0.88155	0.96265
862.2	0.7977	0.88158	0.96266
862.3	0.79774	0.88161	0.96267
862.4	0.79778	0.88164	0.96269
862.5	0.79781	0.88167	0.9627
862.6	0.79785	0.8817	0.96271
862.7	0.79789	0.88173	0.96273
862.8	0.79792	0.88176	0.96274
862.9	0.79796	0.88179	0.96275
863	0.79799	0.88182	0.96277
863.1	0.79803	0.88185	0.96278
863.2	0.79806	0.88188	0.96279
863.3	0.7981	0.88191	0.96281
863.4	0.79813	0.88194	0.96282
863.5	0.79817	0.88197	0.96284
863.6	0.7982	0.88199	0.96285
863.7	0.79823	0.88202	0.96286
863.8	0.79827	0.88205	0.96288
863.9	0.7983	0.88208	0.96289
864	0.79833	0.88211	0.9629
864.1	0.79836	0.88214	0.96292
864.2	0.79839	0.88217	0.96293
864.3	0.79842	0.8822	0.96294
864.4	0.79845	0.88223	0.96296
864.5	0.79849	0.88226	0.96297
864.6	0.79852	0.88228	0.96298
864.7	0.79855	0.88231	0.963
864.8	0.79858	0.88234	0.96301
864.9	0.7986	0.88237	0.96303
865	0.79863	0.8824	0.96304
865.1	0.79866	0.88243	0.96305
865.2	0.79869	0.88246	0.96307
865.3	0.79872	0.88249	0.96308
865.4	0.79875	0.88251	0.96309
865.5	0.79878	0.88254	0.96311
865.6	0.7988	0.88257	0.96312
865.7	0.79883	0.8826	0.96314
865.8	0.79886	0.88263	0.96315
865.9	0.79889	0.88266	0.96316
866	0.79891	0.88269	0.96318
866.1	0.79894	0.88272	0.96319
866.2	0.79897	0.88275	0.9632
866.3	0.79899	0.88277	0.96322
866.4	0.79902	0.8828	0.96323
866.5	0.79904	0.88283	0.96325
866.6	0.79907	0.88286	0.96326
866.7	0.7991	0.88289	0.96327
866.8	0.79912	0.88292	0.96329
866.9	0.79915	0.88295	0.9633
867	0.79917	0.88298	0.96331
867.1	0.7992	0.88301	0.96333
867.2	0.79922	0.88304	0.96334
867.3	0.79925	0.88307	0.96336
867.4	0.79927	0.8831	0.96337
867.5	0.7993	0.88313	0.96338
867.6	0.79933	0.88316	0.9634
867.7	0.79935	0.88319	0.96341
867.8	0.79938	0.88322	0.96342
867.9	0.7994	0.88325	0.96344
868	0.79943	0.88328	0.96345
868.1	0.79945	0.88331	0.96346
868.2	0.79948	0.88334	0.96348
868.3	0.7995	0.88337	0.96349
868.4	0.79953	0.8834	0.9635
868.5	0.79955	0.88343	0.96352
868.6	0.79958	0.88346	0.96353
868.7	0.7996	0.88349	0.96354
868.8	0.79963	0.88352	0.96356
868.9	0.79965	0.88356	0.96357
869	0.79968	0.88359	0.96358
869.1	0.7997	0.88362	0.9636
869.2	0.79973	0.88365	0.96361
869.3	0.79975	0.88368	0.96362
869.4	0.79978	0.88371	0.96364
869.5	0.79981	0.88375	0.96365
869.6	0.79983	0.88378	0.96366
869.7	0.79986	0.88381	0.96368
869.8	0.79988	0.88384	0.96369
869.9	0.79991	0.88387	0.9637
870	0.79994	0.88391	0.96371
870.1	0.79996	0.88394	0.96373
870.2	0.79999	0.88397	0.96374
870.3	0.80002	0.88401	0.96375
870.4	0.80004	0.88404	0.96377
870.5	0.80007	0.88407	0.96378
870.6	0.8001	0.88411	0.96379
870.7	0.80012	0.88414	0.9638
870.8	0.80015	0.88417	0.96382
870.9	0.80018	0.88421	0.96383
871	0.80021	0.88424	0.96384
871.1	0.80024	0.88427	0.96385
871.2	0.80026	0.88431	0.96387
871.3	0.80029	0.88434	0.96388
871.4	0.80032	0.88438	0.96389
871.5	0.80035	0.88441	0.9639
871.6	0.80038	0.88445	0.96391
871.7	0.80041	0.88448	0.96393
871.8	0.80044	0.88451	0.96394
871.9	0.80047	0.88455	0.96395
872	0.8005	0.88458	0.96396
872.1	0.80053	0.88462	0.96397
872.2	0.80056	0.88465	0.96399
872.3	0.80059	0.88469	0.964
872.4	0.80062	0.88472	0.96401
872.5	0.80065	0.88476	0.96402
872.6	0.80068	0.88479	0.96403
872.7	0.80071	0.88483	0.96404
872.8	0.80075	0.88487	0.96406
872.9	0.80078	0.8849	0.96407
873	0.80081	0.88494	0.96408
873.1	0.80084	0.88497	0.96409
873.2	0.80087	0.88501	0.9641
873.3	0.80091	0.88504	0.96411
873.4	0.80094	0.88508	0.96412
873.5	0.80097	0.88512	0.96414
873.6	0.80101	0.88515	0.96415
873.7	0.80104	0.88519	0.96416
873.8	0.80107	0.88522	0.96417
873.9	0.80111	0.88526	0.96418
874	0.80114	0.88529	0.96419
874.1	0.80118	0.88533	0.9642
874.2	0.80121	0.88537	0.96421
874.3	0.80125	0.8854	0.96422
874.4	0.80128	0.88544	0.96423
874.5	0.80132	0.88547	0.96424
874.6	0.80135	0.88551	0.96425
874.7	0.80139	0.88555	0.96426
874.8	0.80142	0.88558	0.96427
874.9	0.80146	0.88562	0.96428
875	0.8015	0.88565	0.96429
875.1	0.80153	0.88569	0.9643
875.2	0.80157	0.88572	0.96431
875.3	0.80161	0.88576	0.96432
875.4	0.80164	0.8858	0.96433
875.5	0.80168	0.88583	0.96434
875.6	0.80172	0.88587	0.96435
875.7	0.80175	0.8859	0.96436
875.8	0.80179	0.88594	0.96437
875.9	0.80183	0.88597	0.96438
876	0.80187	0.88601	0.96439
876.1	0.80191	0.88604	0.9644
876.2	0.80194	0.88608	0.96441
876.3	0.80198	0.88611	0.96442
876.4	0.80202	0.88615	0.96443
876.5	0.80206	0.88618	0.96444
876.6	0.8021	0.88622	0.96445
876.7	0.80214	0.88625	0.96446
876.8	0.80218	0.88629	0.96446
876.9	0.80221	0.88632	0.96447
877	0.80225	0.88635	0.96448
877.1	0.80229	0.88639	0.96449
877.2	0.80233	0.88642	0.9645
877.3	0.80237	0.88645	0.96451
877.4	0.80241	0.88649	0.96452
877.5	0.80245	0.88652	0.96453
877.6	0.80249	0.88655	0.96453
877.7	0.80253	0.88659	0.96454
877.8	0.80257	0.88662	0.96455
877.9	0.80261	0.88665	0.96456
878	0.80265	0.88668	0.96457
878.1	0.80269	0.88672	0.96457
878.2	0.80273	0.88675	0.96458
878.3	0.80277	0.88678	0.96459
878.4	0.80281	0.88681	0.9646
878.5	0.80285	0.88684	0.96461
878.6	0.80289	0.88687	0.96461
878.7	0.80293	0.8869	0.96462
878.8	0.80297	0.88693	0.96463
878.9	0.80301	0.88697	0.96464
879	0.80305	0.887	0.96464
879.1	0.80309	0.88703	0.96465
879.2	0.80313	0.88705	0.96466
879.3	0.80317	0.88708	0.96467
879.4	0.80321	0.88711	0.96467
879.5	0.80325	0.88714	0.96468
879.6	0.80329	0.88717	0.96469
879.7	0.80333	0.8872	0.96469
879.8	0.80337	0.88723	0.9647
879.9	0.80341	0.88726	0.96471
880	0.80345	0.88728	0.96471
880.1	0.80349	0.88731	0.96472
880.2	0.80353	0.88734	0.96473
880.3	0.80356	0.88737	0.96473
880.4	0.8036	0.88739	0.96474
880.5	0.80364	0.88742	0.96475
880.6	0.80368	0.88744	0.96475
880.7	0.80372	0.88747	0.96476
880.8	0.80376	0.8875	0.96477
880.9	0.8038	0.88752	0.96477
881	0.80384	0.88755	0.96478
881.1	0.80388	0.88757	0.96478
881.2	0.80392	0.8876	0.96479
881.3	0.80396	0.88762	0.9648
881.4	0.804	0.88765	0.9648
881.5	0.80404	0.88767	0.96481
881.6	0.80407	0.88769	0.96481
881.7	0.80411	0.88772	0.96482
881.8	0.80415	0.88774	0.96482
881.9	0.80419	0.88776	0.96483
882	0.80423	0.88778	0.96484
882.1	0.80427	0.88781	0.96484
882.2	0.80431	0.88783	0.96485
882.3	0.80434	0.88785	0.96485
882.4	0.80438	0.88787	0.96486
882.5	0.80442	0.88789	0.96486
882.6	0.80446	0.88792	0.96487
882.7	0.8045	0.88794	0.96487
882.8	0.80454	0.88796	0.96488
882.9	0.80457	0.88798	0.96488
883	0.80461	0.888	0.96489
883.1	0.80465	0.88802	0.96489
883.2	0.80469	0.88804	0.9649
883.3	0.80472	0.88806	0.9649
883.4	0.80476	0.88808	0.96491
883.5	0.8048	0.8881	0.96491
883.6	0.80484	0.88811	0.96492
883.7	0.80487	0.88813	0.96492
883.8	0.80491	0.88815	0.96493
883.9	0.80495	0.88817	0.96493
884	0.80499	0.88819	0.96494
884.1	0.80502	0.88821	0.96494
884.2	0.80506	0.88822	0.96494
884.3	0.8051	0.88824	0.96495
884.4	0.80514	0.88826	0.96495
884.5	0.80517	0.88828	0.96496
884.6	0.80521	0.88829	0.96496
884.7	0.80525	0.88831	0.96497
884.8	0.80528	0.88833	0.96497
884.9	0.80532	0.88834	0.96498
885	0.80536	0.88836	0.96498
885.1	0.8054	0.88838	0.96498
885.2	0.80543	0.88839	0.96499
885.3	0.80547	0.88841	0.96499
885.4	0.80551	0.88843	0.965
885.5	0.80554	0.88844	0.965
885.6	0.80558	0.88846	0.965
885.7	0.80562	0.88847	0.96501
885.8	0.80566	0.88849	0.96501
885.9	0.80569	0.88851	0.96502
886	0.80573	0.88852	0.96502
886.1	0.80577	0.88854	0.96502
886.2	0.80581	0.88855	0.96503
886.3	0.80584	0.88857	0.96503
886.4	0.80588	0.88858	0.96504
886.5	0.80592	0.8886	0.96504
886.6	0.80596	0.88861	0.96504
886.7	0.80599	0.88863	0.96505
886.8	0.80603	0.88864	0.96505
886.9	0.80607	0.88866	0.96505
887	0.80611	0.88867	0.96506
887.1	0.80615	0.88869	0.96506
887.2	0.80618	0.8887	0.96507
887.3	0.80622	0.88872	0.96507
887.4	0.80626	0.88873	0.96507
887.5	0.8063	0.88875	0.96508
887.6	0.80634	0.88876	0.96508
887.7	0.80638	0.88878	0.96508
887.8	0.80641	0.88879	0.96509
887.9	0.80645	0.88881	0.96509
888	0.80649	0.88883	0.96509
888.1	0.80653	0.88884	0.9651
888.2	0.80657	0.88886	0.9651
888.3	0.80661	0.88887	0.96511
888.4	0.80665	0.88889	0.96511
888.5	0.80669	0.8889	0.96511
888.6	0.80673	0.88892	0.96512
888.7	0.80677	0.88893	0.96512
888.8	0.80681	0.88895	0.96512
888.9	0.80685	0.88897	0.96513
889	0.80689	0.88898	0.96513
889.1	0.80693	0.889	0.96513
889.2	0.80697	0.88902	0.96514
889.3	0.80701	0.88903	0.96514
889.4	0.80705	0.88905	0.96515
889.5	0.80709	0.88907	0.96515
889.6	0.80713	0.88908	0.96515
889.7	0.80718	0.8891	0.96516
889.8	0.80722	0.88912	0.96516
889.9	0.80726	0.88913	0.96516
890	0.8073	0.88915	0.96517
890.1	0.80734	0.88917	0.96517
890.2	0.80739	0.88919	0.96518
890.3	0.80743	0.8892	0.96518
890.4	0.80747	0.88922	0.96518
890.5	0.80752	0.88924	0.96519
890.6	0.80756	0.88926	0.96519
890.7	0.8076	0.88928	0.9652
890.8	0.80765	0.8893	0.9652
890.9	0.80769	0.88931	0.9652
891	0.80773	0.88933	0.96521
891.1	0.80778	0.88935	0.96521
891.2	0.80782	0.88937	0.96522
891.3	0.80786	0.88939	0.96522
891.4	0.80791	0.88941	0.96522
891.5	0.80795	0.88943	0.96523
891.6	0.808	0.88945	0.96523
891.7	0.80804	0.88947	0.96524
891.8	0.80809	0.88949	0.96524
891.9	0.80813	0.88951	0.96524
892	0.80818	0.88953	0.96525
892.1	0.80823	0.88955	0.96525
892.2	0.80827	0.88958	0.96526
892.3	0.80832	0.8896	0.96526
892.4	0.80836	0.88962	0.96527
892.5	0.80841	0.88964	0.96527
892.6	0.80846	0.88966	0.96528
892.7	0.8085	0.88968	0.96528
892.8	0.80855	0.88971	0.96528
892.9	0.8086	0.88973	0.96529
893	0.80864	0.88975	0.96529
893.1	0.80869	0.88977	0.9653
893.2	0.80874	0.8898	0.9653
893.3	0.80878	0.88982	0.96531
893.4	0.80883	0.88984	0.96531
893.5	0.80888	0.88987	0.96532
893.6	0.80893	0.88989	0.96532
893.7	0.80897	0.88992	0.96533
893.8	0.80902	0.88994	0.96533
893.9	0.80907	0.88996	0.96534
894	0.80912	0.88999	0.96534
894.1	0.80916	0.89001	0.96535
894.2	0.80921	0.89004	0.96536
894.3	0.80926	0.89006	0.96536
894.4	0.80931	0.89009	0.96537
894.5	0.80935	0.89011	0.96537
894.6	0.8094	0.89014	0.96538
894.7	0.80945	0.89016	0.96538
894.8	0.8095	0.89019	0.96539
894.9	0.80955	0.89021	0.9654
895	0.80959	0.89024	0.9654
895.1	0.80964	0.89027	0.96541
895.2	0.80969	0.89029	0.96541
895.3	0.80974	0.89032	0.96542
895.4	0.80979	0.89034	0.96543
895.5	0.80983	0.89037	0.96543
895.6	0.80988	0.8904	0.96544
895.7	0.80993	0.89042	0.96544
895.8	0.80998	0.89045	0.96545
895.9	0.81002	0.89048	0.96546
896	0.81007	0.8905	0.96546
896.1	0.81012	0.89053	0.96547
896.2	0.81016	0.89056	0.96548
896.3	0.81021	0.89058	0.96548
896.4	0.81026	0.89061	0.96549
896.5	0.81031	0.89064	0.9655
896.6	0.81035	0.89066	0.96551
896.7	0.8104	0.89069	0.96551
896.8	0.81044	0.89072	0.96552
896.9	0.81049	0.89074	0.96553
897	0.81054	0.89077	0.96553
897.1	0.81058	0.8908	0.96554
897.2	0.81063	0.89083	0.96555
897.3	0.81067	0.89085	0.96556
897.4	0.81072	0.89088	0.96556
897.5	0.81076	0.89091	0.96557
897.6	0.81081	0.89093	0.96558
897.7	0.81085	0.89096	0.96559
897.8	0.8109	0.89099	0.9656
897.9	0.81094	0.89102	0.9656
898	0.81099	0.89104	0.96561
898.1	0.81103	0.89107	0.96562
898.2	0.81107	0.8911	0.96563
898.3	0.81112	0.89112	0.96564
898.4	0.81116	0.89115	0.96565
898.5	0.8112	0.89118	0.96565
898.6	0.81124	0.8912	0.96566
898.7	0.81129	0.89123	0.96567
898.8	0.81133	0.89125	0.96568
898.9	0.81137	0.89128	0.96569
899	0.81141	0.89131	0.9657
899.1	0.81145	0.89133	0.96571
899.2	0.81149	0.89136	0.96572
899.3	0.81153	0.89138	0.96573
899.4	0.81157	0.89141	0.96574
899.5	0.81161	0.89144	0.96575
899.6	0.81165	0.89146	0.96576
899.7	0.81169	0.89149	0.96577
899.8	0.81173	0.89151	0.96578
899.9	0.81177	0.89154	0.96578
900	0.81181	0.89156	0.96579
900.1	0.81184	0.89158	0.9658
900.2	0.81188	0.89161	0.96582
900.3	0.81192	0.89163	0.96583
900.4	0.81195	0.89166	0.96584
900.5	0.81199	0.89168	0.96585
900.6	0.81203	0.89171	0.96586
900.7	0.81206	0.89173	0.96587
900.8	0.8121	0.89175	0.96588
900.9	0.81213	0.89178	0.96589
901	0.81217	0.8918	0.9659
901.1	0.8122	0.89182	0.96591
901.2	0.81223	0.89184	0.96592
901.3	0.81227	0.89187	0.96593
901.4	0.8123	0.89189	0.96594
901.5	0.81233	0.89191	0.96596
901.6	0.81237	0.89193	0.96597
901.7	0.8124	0.89195	0.96598
901.8	0.81243	0.89197	0.96599
901.9	0.81246	0.892	0.966
902	0.81249	0.89202	0.96601
902.1	0.81252	0.89204	0.96603
902.2	0.81255	0.89206	0.96604
902.3	0.81258	0.89208	0.96605
902.4	0.81261	0.8921	0.96606
902.5	0.81264	0.89212	0.96607
902.6	0.81267	0.89214	0.96609
902.7	0.8127	0.89216	0.9661
902.8	0.81273	0.89218	0.96611
902.9	0.81276	0.89219	0.96612
903	0.81279	0.89221	0.96614
903.1	0.81282	0.89223	0.96615
903.2	0.81284	0.89225	0.96616
903.3	0.81287	0.89227	0.96618
903.4	0.8129	0.89229	0.96619
903.5	0.81292	0.8923	0.9662
903.6	0.81295	0.89232	0.96621
903.7	0.81298	0.89234	0.96623
903.8	0.813	0.89235	0.96624
903.9	0.81303	0.89237	0.96625
904	0.81305	0.89239	0.96627
904.1	0.81308	0.8924	0.96628
904.2	0.8131	0.89242	0.9663
904.3	0.81313	0.89244	0.96631
904.4	0.81315	0.89245	0.96632
904.5	0.81318	0.89247	0.96634
904.6	0.8132	0.89248	0.96635
904.7	0.81323	0.8925	0.96637
904.8	0.81325	0.89251	0.96638
904.9	0.81327	0.89253	0.96639
905	0.8133	0.89254	0.96641
905.1	0.81332	0.89256	0.96642
905.2	0.81335	0.89257	0.96644
905.3	0.81337	0.89259	0.96645
905.4	0.81339	0.8926	0.96647
905.5	0.81342	0.89262	0.96648
905.6	0.81344	0.89263	0.9665
905.7	0.81346	0.89264	0.96651
905.8	0.81349	0.89266	0.96653
905.9	0.81351	0.89267	0.96654
906	0.81353	0.89268	0.96656
906.1	0.81355	0.8927	0.96657
906.2	0.81358	0.89271	0.96659
906.3	0.8136	0.89272	0.9666
906.4	0.81362	0.89274	0.96662
906.5	0.81365	0.89275	0.96663
906.6	0.81367	0.89276	0.96665
906.7	0.81369	0.89277	0.96667
906.8	0.81372	0.89279	0.96668
906.9	0.81374	0.8928	0.9667
907	0.81376	0.89281	0.96671
907.1	0.81379	0.89282	0.96673
907.2	0.81381	0.89284	0.96675
907.3	0.81384	0.89285	0.96676
907.4	0.81386	0.89286	0.96678
907.5	0.81388	0.89287	0.96679
907.6	0.81391	0.89289	0.96681
907.7	0.81393	0.8929	0.96683
907.8	0.81396	0.89291	0.96684
907.9	0.81398	0.89292	0.96686
908	0.81401	0.89294	0.96688
908.1	0.81403	0.89295	0.96689
908.2	0.81406	0.89296	0.96691
908.3	0.81408	0.89297	0.96693
908.4	0.81411	0.89299	0.96694
908.5	0.81414	0.893	0.96696
908.6	0.81416	0.89301	0.96698
908.7	0.81419	0.89302	0.96699
908.8	0.81422	0.89304	0.96701
908.9	0.81425	0.89305	0.96703
909	0.81427	0.89306	0.96704
909.1	0.8143	0.89308	0.96706
909.2	0.81433	0.89309	0.96708
909.3	0.81436	0.8931	0.9671
909.4	0.81439	0.89312	0.96711
909.5	0.81442	0.89313	0.96713
909.6	0.81445	0.89314	0.96715
909.7	0.81448	0.89316	0.96716
909.8	0.81451	0.89317	0.96718
909.9	0.81454	0.89319	0.9672
910	0.81457	0.8932	0.96722
910.1	0.8146	0.89321	0.96723
910.2	0.81464	0.89323	0.96725
910.3	0.81467	0.89324	0.96727
910.4	0.8147	0.89326	0.96729
910.5	0.81473	0.89327	0.9673
910.6	0.81477	0.89329	0.96732
910.7	0.8148	0.89331	0.96734
910.8	0.81484	0.89332	0.96736
910.9	0.81487	0.89334	0.96738
911	0.81491	0.89335	0.96739
911.1	0.81495	0.89337	0.96741
911.2	0.81498	0.89339	0.96743
911.3	0.81502	0.89341	0.96745
911.4	0.81506	0.89342	0.96746
911.5	0.8151	0.89344	0.96748
911.6	0.81513	0.89346	0.9675
911.7	0.81517	0.89348	0.96752
911.8	0.81521	0.8935	0.96754
911.9	0.81525	0.89351	0.96755
912	0.81529	0.89353	0.96757
912.1	0.81533	0.89355	0.96759
912.2	0.81538	0.89357	0.96761
912.3	0.81542	0.89359	0.96763
912.4	0.81546	0.89361	0.96764
912.5	0.8155	0.89363	0.96766
912.6	0.81555	0.89365	0.96768
912.7	0.81559	0.89368	0.9677
912.8	0.81564	0.8937	0.96772
912.9	0.81568	0.89372	0.96773
913	0.81573	0.89374	0.96775
913.1	0.81577	0.89376	0.96777
913.2	0.81582	0.89379	0.96779
913.3	0.81587	0.89381	0.96781
913.4	0.81591	0.89383	0.96782
913.5	0.81596	0.89386	0.96784
913.6	0.81601	0.89388	0.96786
913.7	0.81606	0.89391	0.96788
913.8	0.81611	0.89393	0.9679
913.9	0.81616	0.89396	0.96791
914	0.81621	0.89398	0.96793
914.1	0.81626	0.89401	0.96795
914.2	0.81631	0.89403	0.96797
914.3	0.81636	0.89406	0.96799
914.4	0.81641	0.89409	0.968
914.5	0.81646	0.89411	0.96802
914.6	0.81652	0.89414	0.96804
914.7	0.81657	0.89417	0.96806
914.8	0.81662	0.8942	0.96808
914.9	0.81668	0.89423	0.96809
915	0.81673	0.89426	0.96811
915.1	0.81679	0.89429	0.96813
915.2	0.81684	0.89431	0.96815
915.3	0.8169	0.89434	0.96816
915.4	0.81695	0.89437	0.96818
915.5	0.81701	0.89441	0.9682
915.6	0.81707	0.89444	0.96822
915.7	0.81712	0.89447	0.96823
915.8	0.81718	0.8945	0.96825
915.9	0.81724	0.89453	0.96827
916	0.8173	0.89456	0.96829
916.1	0.81735	0.8946	0.9683
916.2	0.81741	0.89463	0.96832
916.3	0.81747	0.89466	0.96834
916.4	0.81753	0.89469	0.96836
916.5	0.81759	0.89473	0.96837
916.6	0.81765	0.89476	0.96839
916.7	0.81771	0.8948	0.96841
916.8	0.81777	0.89483	0.96843
916.9	0.81783	0.89486	0.96844
917	0.81789	0.8949	0.96846
917.1	0.81795	0.89494	0.96848
917.2	0.81801	0.89497	0.96849
917.3	0.81807	0.89501	0.96851
917.4	0.81813	0.89504	0.96853
917.5	0.81819	0.89508	0.96854
917.6	0.81826	0.89511	0.96856
917.7	0.81832	0.89515	0.96858
917.8	0.81838	0.89519	0.96859
917.9	0.81844	0.89523	0.96861
918	0.8185	0.89526	0.96863
918.1	0.81856	0.8953	0.96864
918.2	0.81863	0.89534	0.96866
918.3	0.81869	0.89538	0.96868
918.4	0.81875	0.89541	0.96869
918.5	0.81881	0.89545	0.96871
918.6	0.81887	0.89549	0.96873
918.7	0.81894	0.89553	0.96874
918.8	0.819	0.89557	0.96876
918.9	0.81906	0.89561	0.96877
919	0.81912	0.89564	0.96879
919.1	0.81919	0.89568	0.96881
919.2	0.81925	0.89572	0.96882
919.3	0.81931	0.89576	0.96884
919.4	0.81937	0.8958	0.96885
919.5	0.81943	0.89584	0.96887
919.6	0.8195	0.89588	0.96888
919.7	0.81956	0.89592	0.9689
919.8	0.81962	0.89596	0.96891
919.9	0.81968	0.896	0.96893
920	0.81974	0.89604	0.96895
920.1	0.8198	0.89608	0.96896
920.2	0.81986	0.89612	0.96898
920.3	0.81993	0.89616	0.96899
920.4	0.81999	0.8962	0.96901
920.5	0.82005	0.89624	0.96902
920.6	0.82011	0.89628	0.96903
920.7	0.82017	0.89632	0.96905
920.8	0.82023	0.89636	0.96906
920.9	0.82029	0.8964	0.96908
921	0.82035	0.89643	0.96909
921.1	0.82041	0.89647	0.96911
921.2	0.82047	0.89651	0.96912
921.3	0.82053	0.89655	0.96914
921.4	0.82059	0.89659	0.96915
921.5	0.82065	0.89663	0.96916
921.6	0.8207	0.89667	0.96918
921.7	0.82076	0.89671	0.96919
921.8	0.82082	0.89675	0.96921
921.9	0.82088	0.89679	0.96922
922	0.82094	0.89683	0.96923
922.1	0.82099	0.89687	0.96925
922.2	0.82105	0.89691	0.96926
922.3	0.82111	0.89694	0.96927
922.4	0.82117	0.89698	0.96929
922.5	0.82122	0.89702	0.9693
922.6	0.82128	0.89706	0.96931
922.7	0.82133	0.8971	0.96933
922.8	0.82139	0.89714	0.96934
922.9	0.82145	0.89717	0.96935
923	0.8215	0.89721	0.96936
923.1	0.82156	0.89725	0.96938
923.2	0.82161	0.89728	0.96939
923.3	0.82166	0.89732	0.9694
923.4	0.82172	0.89736	0.96941
923.5	0.82177	0.8974	0.96943
923.6	0.82183	0.89743	0.96944
923.7	0.82188	0.89747	0.96945
923.8	0.82193	0.8975	0.96946
923.9	0.82198	0.89754	0.96947
924	0.82204	0.89758	0.96949
924.1	0.82209	0.89761	0.9695
924.2	0.82214	0.89765	0.96951
924.3	0.82219	0.89768	0.96952
924.4	0.82224	0.89771	0.96953
924.5	0.8223	0.89775	0.96954
924.6	0.82235	0.89778	0.96955
924.7	0.8224	0.89782	0.96957
924.8	0.82245	0.89785	0.96958
924.9	0.8225	0.89788	0.96959
925	0.82255	0.89792	0.9696
925.1	0.8226	0.89795	0.96961
925.2	0.82265	0.89798	0.96962
925.3	0.8227	0.89801	0.96963
925.4	0.82275	0.89805	0.96964
925.5	0.8228	0.89808	0.96965
925.6	0.82284	0.89811	0.96966
925.7	0.82289	0.89814	0.96967
925.8	0.82294	0.89817	0.96968
925.9	0.82299	0.8982	0.96969
926	0.82304	0.89823	0.9697
926.1	0.82308	0.89826	0.96971
926.2	0.82313	0.89829	0.96972
926.3	0.82318	0.89832	0.96973
926.4	0.82323	0.89835	0.96974
926.5	0.82327	0.89838	0.96975
926.6	0.82332	0.89841	0.96976
926.7	0.82337	0.89844	0.96977
926.8	0.82341	0.89847	0.96978
926.9	0.82346	0.8985	0.96979
927	0.82351	0.89852	0.9698
927.1	0.82355	0.89855	0.96981
927.2	0.8236	0.89858	0.96981
927.3	0.82365	0.89861	0.96982
927.4	0.82369	0.89863	0.96983
927.5	0.82374	0.89866	0.96984
927.6	0.82379	0.89868	0.96985
927.7	0.82383	0.89871	0.96986
927.8	0.82388	0.89874	0.96987
927.9	0.82392	0.89876	0.96987
928	0.82397	0.89879	0.96988
928.1	0.82402	0.89881	0.96989
928.2	0.82406	0.89884	0.9699
928.3	0.82411	0.89886	0.96991
928.4	0.82415	0.89889	0.96991
928.5	0.8242	0.89891	0.96992
928.6	0.82425	0.89893	0.96993
928.7	0.82429	0.89896	0.96994
928.8	0.82434	0.89898	0.96995
928.9	0.82438	0.899	0.96995
929	0.82443	0.89903	0.96996
929.1	0.82448	0.89905	0.96997
929.2	0.82452	0.89907	0.96997
929.3	0.82457	0.8991	0.96998
929.4	0.82461	0.89912	0.96999
929.5	0.82466	0.89914	0.97
929.6	0.82471	0.89916	0.97
929.7	0.82475	0.89918	0.97001
929.8	0.8248	0.89921	0.97002
929.9	0.82485	0.89923	0.97002
930	0.8249	0.89925	0.97003
930.1	0.82494	0.89927	0.97004
930.2	0.82499	0.89929	0.97004
930.3	0.82504	0.89931	0.97005
930.4	0.82508	0.89933	0.97006
930.5	0.82513	0.89936	0.97006
930.6	0.82518	0.89938	0.97007
930.7	0.82523	0.8994	0.97008
930.8	0.82528	0.89942	0.97008
930.9	0.82533	0.89944	0.97009
931	0.82537	0.89946	0.97009
931.1	0.82542	0.89948	0.9701
931.2	0.82547	0.8995	0.97011
931.3	0.82552	0.89952	0.97011
931.4	0.82557	0.89954	0.97012
931.5	0.82562	0.89956	0.97012
931.6	0.82567	0.89958	0.97013
931.7	0.82572	0.8996	0.97014
931.8	0.82577	0.89962	0.97014
931.9	0.82582	0.89964	0.97015
932	0.82587	0.89966	0.97015
932.1	0.82592	0.89968	0.97016
932.2	0.82597	0.8997	0.97016
932.3	0.82603	0.89972	0.97017
932.4	0.82608	0.89974	0.97017
932.5	0.82613	0.89976	0.97018
932.6	0.82618	0.89978	0.97019
932.7	0.82623	0.8998	0.97019
932.8	0.82629	0.89982	0.9702
932.9	0.82634	0.89985	0.9702
933	0.82639	0.89987	0.97021
933.1	0.82644	0.89989	0.97021
933.2	0.8265	0.89991	0.97022
933.3	0.82655	0.89993	0.97022
933.4	0.8266	0.89995	0.97023
933.5	0.82666	0.89997	0.97023
933.6	0.82671	0.89999	0.97024
933.7	0.82677	0.90001	0.97024
933.8	0.82682	0.90003	0.97025
933.9	0.82688	0.90006	0.97025
934	0.82693	0.90008	0.97026
934.1	0.82699	0.9001	0.97026
934.2	0.82704	0.90012	0.97027
934.3	0.8271	0.90014	0.97027
934.4	0.82715	0.90017	0.97028
934.5	0.82721	0.90019	0.97028
934.6	0.82727	0.90021	0.97029
934.7	0.82732	0.90023	0.97029
934.8	0.82738	0.90026	0.97029
934.9	0.82744	0.90028	0.9703
935	0.82749	0.9003	0.9703
935.1	0.82755	0.90033	0.97031
935.2	0.82761	0.90035	0.97031
935.3	0.82767	0.90037	0.97032
935.4	0.82772	0.9004	0.97032
935.5	0.82778	0.90042	0.97033
935.6	0.82784	0.90045	0.97033
935.7	0.8279	0.90047	0.97034
935.8	0.82795	0.9005	0.97034
935.9	0.82801	0.90052	0.97035
936	0.82807	0.90055	0.97035
936.1	0.82813	0.90057	0.97036
936.2	0.82819	0.9006	0.97036
936.3	0.82824	0.90063	0.97037
936.4	0.8283	0.90065	0.97037
936.5	0.82836	0.90068	0.97037
936.6	0.82842	0.90071	0.97038
936.7	0.82848	0.90073	0.97038
936.8	0.82854	0.90076	0.97039
936.9	0.82859	0.90079	0.97039
937	0.82865	0.90081	0.9704
937.1	0.82871	0.90084	0.9704
937.2	0.82877	0.90087	0.97041
937.3	0.82883	0.9009	0.97041
937.4	0.82889	0.90093	0.97042
937.5	0.82894	0.90096	0.97042
937.6	0.829	0.90099	0.97043
937.7	0.82906	0.90102	0.97043
937.8	0.82912	0.90105	0.97044
937.9	0.82918	0.90108	0.97044
938	0.82923	0.90111	0.97045
938.1	0.82929	0.90114	0.97045
938.2	0.82935	0.90117	0.97046
938.3	0.82941	0.9012	0.97046
938.4	0.82946	0.90123	0.97047
938.5	0.82952	0.90126	0.97047
938.6	0.82958	0.90129	0.97048
938.7	0.82964	0.90133	0.97048
938.8	0.82969	0.90136	0.97049
938.9	0.82975	0.90139	0.97049
939	0.8298	0.90142	0.9705
939.1	0.82986	0.90146	0.97051
939.2	0.82992	0.90149	0.97051
939.3	0.82997	0.90152	0.97052
939.4	0.83003	0.90156	0.97052
939.5	0.83008	0.90159	0.97053
939.6	0.83014	0.90163	0.97053
939.7	0.83019	0.90166	0.97054
939.8	0.83024	0.9017	0.97054
939.9	0.8303	0.90173	0.97055
940	0.83035	0.90177	0.97056
940.1	0.8304	0.9018	0.97056
940.2	0.83046	0.90184	0.97057
940.3	0.83051	0.90187	0.97057
940.4	0.83056	0.90191	0.97058
940.5	0.83061	0.90194	0.97059
940.6	0.83066	0.90198	0.97059
940.7	0.83072	0.90202	0.9706
940.8	0.83077	0.90205	0.9706
940.9	0.83082	0.90209	0.97061
941	0.83087	0.90213	0.97062
941.1	0.83092	0.90216	0.97062
941.2	0.83096	0.9022	0.97063
941.3	0.83101	0.90224	0.97064
941.4	0.83106	0.90228	0.97064
941.5	0.83111	0.90232	0.97065
941.6	0.83116	0.90235	0.97066
941.7	0.8312	0.90239	0.97066
941.8	0.83125	0.90243	0.97067
941.9	0.8313	0.90247	0.97068
942	0.83134	0.90251	0.97069
942.1	0.83139	0.90254	0.97069
942.2	0.83143	0.90258	0.9707
942.3	0.83147	0.90262	0.97071
942.4	0.83152	0.90266	0.97071
942.5	0.83156	0.9027	0.97072
942.6	0.8316	0.90274	0.97073
942.7	0.83165	0.90278	0.97074
942.8	0.83169	0.90282	0.97074
942.9	0.83173	0.90286	0.97075
943	0.83177	0.90289	0.97076
943.1	0.83181	0.90293	0.97077
943.2	0.83185	0.90297	0.97078
943.3	0.83189	0.90301	0.97078
943.4	0.83193	0.90305	0.97079
943.5	0.83197	0.90309	0.9708
943.6	0.832	0.90313	0.97081
943.7	0.83204	0.90317	0.97082
943.8	0.83208	0.90321	0.97083
943.9	0.83211	0.90325	0.97083
944	0.83215	0.90329	0.97084
944.1	0.83219	0.90333	0.97085
944.2	0.83222	0.90337	0.97086
944.3	0.83225	0.9034	0.97087
944.4	0.83229	0.90344	0.97088
944.5	0.83232	0.90348	0.97089
944.6	0.83235	0.90352	0.9709
944.7	0.83239	0.90356	0.97091
944.8	0.83242	0.9036	0.97091
944.9	0.83245	0.90364	0.97092
945	0.83248	0.90368	0.97093
945.1	0.83251	0.90372	0.97094
945.2	0.83254	0.90376	0.97095
945.3	0.83257	0.90379	0.97096
945.4	0.8326	0.90383	0.97097
945.5	0.83263	0.90387	0.97098
945.6	0.83266	0.90391	0.97099
945.7	0.83269	0.90395	0.971
945.8	0.83271	0.90399	0.97101
945.9	0.83274	0.90402	0.97102
946	0.83277	0.90406	0.97103
946.1	0.83279	0.9041	0.97104
946.2	0.83282	0.90414	0.97105
946.3	0.83285	0.90417	0.97107
946.4	0.83287	0.90421	0.97108
946.5	0.8329	0.90425	0.97109
946.6	0.83292	0.90428	0.9711
946.7	0.83295	0.90432	0.97111
946.8	0.83297	0.90436	0.97112
946.9	0.83299	0.90439	0.97113
947	0.83302	0.90443	0.97114
947.1	0.83304	0.90447	0.97115
947.2	0.83306	0.9045	0.97117
947.3	0.83308	0.90454	0.97118
947.4	0.83311	0.90457	0.97119
947.5	0.83313	0.90461	0.9712
947.6	0.83315	0.90464	0.97121
947.7	0.83317	0.90468	0.97122
947.8	0.83319	0.90471	0.97124
947.9	0.83321	0.90475	0.97125
948	0.83323	0.90478	0.97126
948.1	0.83325	0.90482	0.97127
948.2	0.83327	0.90485	0.97129
948.3	0.83329	0.90488	0.9713
948.4	0.83331	0.90492	0.97131
948.5	0.83333	0.90495	0.97132
948.6	0.83335	0.90498	0.97134
948.7	0.83337	0.90502	0.97135
948.8	0.83339	0.90505	0.97136
948.9	0.83341	0.90508	0.97137
949	0.83343	0.90511	0.97139
949.1	0.83345	0.90514	0.9714
949.2	0.83347	0.90518	0.97141
949.3	0.83349	0.90521	0.97143
949.4	0.83351	0.90524	0.97144
949.5	0.83353	0.90527	0.97145
949.6	0.83354	0.9053	0.97147
949.7	0.83356	0.90533	0.97148
949.8	0.83358	0.90536	0.9715
949.9	0.8336	0.90539	0.97151
950	0.83362	0.90542	0.97152
950.1	0.83364	0.90545	0.97154
950.2	0.83366	0.90548	0.97155
950.3	0.83368	0.90551	0.97157
950.4	0.8337	0.90554	0.97158
950.5	0.83371	0.90557	0.9716
950.6	0.83373	0.90559	0.97161
950.7	0.83375	0.90562	0.97162
950.8	0.83377	0.90565	0.97164
950.9	0.83379	0.90568	0.97165
951	0.83381	0.9057	0.97167
951.1	0.83383	0.90573	0.97168
951.2	0.83385	0.90576	0.9717
951.3	0.83387	0.90579	0.97171
951.4	0.83389	0.90581	0.97173
951.5	0.83391	0.90584	0.97174
951.6	0.83393	0.90587	0.97176
951.7	0.83395	0.90589	0.97177
951.8	0.83397	0.90592	0.97179
951.9	0.834	0.90594	0.9718
952	0.83402	0.90597	0.97182
952.1	0.83404	0.90599	0.97184
952.2	0.83406	0.90602	0.97185
952.3	0.83408	0.90604	0.97187
952.4	0.83411	0.90607	0.97188
952.5	0.83413	0.90609	0.9719
952.6	0.83415	0.90612	0.97191
952.7	0.83417	0.90614	0.97193
952.8	0.8342	0.90616	0.97195
952.9	0.83422	0.90619	0.97196
953	0.83425	0.90621	0.97198
953.1	0.83427	0.90624	0.97199
953.2	0.8343	0.90626	0.97201
953.3	0.83432	0.90628	0.97203
953.4	0.83435	0.90631	0.97204
953.5	0.83437	0.90633	0.97206
953.6	0.8344	0.90635	0.97208
953.7	0.83442	0.90637	0.97209
953.8	0.83445	0.9064	0.97211
953.9	0.83448	0.90642	0.97213
954	0.83451	0.90644	0.97214
954.1	0.83453	0.90646	0.97216
954.2	0.83456	0.90648	0.97218
954.3	0.83459	0.90651	0.97219
954.4	0.83462	0.90653	0.97221
954.5	0.83465	0.90655	0.97223
954.6	0.83468	0.90657	0.97224
954.7	0.83471	0.90659	0.97226
954.8	0.83474	0.90662	0.97228
954.9	0.83477	0.90664	0.9723
955	0.8348	0.90666	0.97231
955.1	0.83483	0.90668	0.97233
955.2	0.83486	0.9067	0.97235
955.3	0.83489	0.90672	0.97236
955.4	0.83493	0.90674	0.97238
955.5	0.83496	0.90676	0.9724
955.6	0.83499	0.90679	0.97242
955.7	0.83503	0.90681	0.97243
955.8	0.83506	0.90683	0.97245
955.9	0.83509	0.90685	0.97247
956	0.83513	0.90687	0.97249
956.1	0.83516	0.90689	0.9725
956.2	0.8352	0.90691	0.97252
956.3	0.83523	0.90693	0.97254
956.4	0.83527	0.90695	0.97256
956.5	0.83531	0.90697	0.97257
956.6	0.83534	0.90699	0.97259
956.7	0.83538	0.90702	0.97261
956.8	0.83542	0.90704	0.97263
956.9	0.83546	0.90706	0.97264
957	0.83549	0.90708	0.97266
957.1	0.83553	0.9071	0.97268
957.2	0.83557	0.90712	0.9727
957.3	0.83561	0.90714	0.97272
957.4	0.83565	0.90716	0.97273
957.5	0.83569	0.90718	0.97275
957.6	0.83573	0.9072	0.97277
957.7	0.83577	0.90722	0.97279
957.8	0.83581	0.90725	0.9728
957.9	0.83585	0.90727	0.97282
958	0.83589	0.90729	0.97284
958.1	0.83593	0.90731	0.97286
958.2	0.83597	0.90733	0.97287
958.3	0.83601	0.90735	0.97289
958.4	0.83605	0.90737	0.97291
958.5	0.8361	0.9074	0.97293
958.6	0.83614	0.90742	0.97295
958.7	0.83618	0.90744	0.97296
958.8	0.83622	0.90746	0.97298
958.9	0.83627	0.90748	0.973
959	0.83631	0.9075	0.97302
959.1	0.83635	0.90753	0.97303
959.2	0.83639	0.90755	0.97305
959.3	0.83644	0.90757	0.97307
959.4	0.83648	0.90759	0.97309
959.5	0.83652	0.90762	0.9731
959.6	0.83657	0.90764	0.97312
959.7	0.83661	0.90766	0.97314
959.8	0.83666	0.90768	0.97316
959.9	0.8367	0.90771	0.97317
960	0.83674	0.90773	0.97319
960.1	0.83679	0.90775	0.97321
960.2	0.83683	0.90777	0.97323
960.3	0.83688	0.9078	0.97324
960.4	0.83692	0.90782	0.97326
960.5	0.83697	0.90784	0.97328
960.6	0.83701	0.90787	0.9733
960.7	0.83706	0.90789	0.97331
960.8	0.8371	0.90791	0.97333
960.9	0.83714	0.90794	0.97335
961	0.83719	0.90796	0.97337
961.1	0.83723	0.90799	0.97338
961.2	0.83728	0.90801	0.9734
961.3	0.83732	0.90803	0.97342
961.4	0.83737	0.90806	0.97343
961.5	0.83741	0.90808	0.97345
961.6	0.83746	0.90811	0.97347
961.7	0.8375	0.90813	0.97349
961.8	0.83754	0.90816	0.9735
961.9	0.83759	0.90818	0.97352
962	0.83763	0.9082	0.97354
962.1	0.83768	0.90823	0.97355
962.2	0.83772	0.90825	0.97357
962.3	0.83776	0.90828	0.97359
962.4	0.83781	0.9083	0.9736
962.5	0.83785	0.90833	0.97362
962.6	0.83789	0.90835	0.97364
962.7	0.83794	0.90838	0.97365
962.8	0.83798	0.9084	0.97367
962.9	0.83802	0.90843	0.97368
963	0.83807	0.90846	0.9737
963.1	0.83811	0.90848	0.97372
963.2	0.83815	0.90851	0.97373
963.3	0.83819	0.90853	0.97375
963.4	0.83824	0.90856	0.97377
963.5	0.83828	0.90858	0.97378
963.6	0.83832	0.90861	0.9738
963.7	0.83836	0.90863	0.97381
963.8	0.8384	0.90866	0.97383
963.9	0.83844	0.90869	0.97384
964	0.83849	0.90871	0.97386
964.1	0.83853	0.90874	0.97388
964.2	0.83857	0.90876	0.97389
964.3	0.83861	0.90879	0.97391
964.4	0.83865	0.90882	0.97392
964.5	0.83869	0.90884	0.97394
964.6	0.83873	0.90887	0.97395
964.7	0.83877	0.90889	0.97397
964.8	0.8388	0.90892	0.97398
964.9	0.83884	0.90895	0.974
965	0.83888	0.90897	0.97401
965.1	0.83892	0.909	0.97403
965.2	0.83896	0.90902	0.97404
965.3	0.839	0.90905	0.97406
965.4	0.83903	0.90908	0.97407
965.5	0.83907	0.9091	0.97409
965.6	0.83911	0.90913	0.9741
965.7	0.83915	0.90915	0.97412
965.8	0.83918	0.90918	0.97413
965.9	0.83922	0.90921	0.97414
966	0.83926	0.90923	0.97416
966.1	0.83929	0.90926	0.97417
966.2	0.83933	0.90928	0.97419
966.3	0.83936	0.90931	0.9742
966.4	0.8394	0.90933	0.97421
966.5	0.83943	0.90936	0.97423
966.6	0.83947	0.90939	0.97424
966.7	0.8395	0.90941	0.97426
966.8	0.83954	0.90944	0.97427
966.9	0.83957	0.90946	0.97428
967	0.8396	0.90949	0.9743
967.1	0.83964	0.90951	0.97431
967.2	0.83967	0.90954	0.97432
967.3	0.8397	0.90956	0.97433
967.4	0.83974	0.90959	0.97435
967.5	0.83977	0.90961	0.97436
967.6	0.8398	0.90964	0.97437
967.7	0.83983	0.90966	0.97439
967.8	0.83986	0.90969	0.9744
967.9	0.8399	0.90971	0.97441
968	0.83993	0.90973	0.97442
968.1	0.83996	0.90976	0.97444
968.2	0.83999	0.90978	0.97445
968.3	0.84002	0.90981	0.97446
968.4	0.84005	0.90983	0.97447
968.5	0.84008	0.90985	0.97448
968.6	0.84011	0.90988	0.9745
968.7	0.84014	0.9099	0.97451
968.8	0.84017	0.90993	0.97452
968.9	0.8402	0.90995	0.97453
969	0.84023	0.90997	0.97454
969.1	0.84026	0.91	0.97455
969.2	0.84029	0.91002	0.97457
969.3	0.84032	0.91004	0.97458
969.4	0.84035	0.91006	0.97459
969.5	0.84038	0.91009	0.9746
969.6	0.8404	0.91011	0.97461
969.7	0.84043	0.91013	0.97462
969.8	0.84046	0.91015	0.97463
969.9	0.84049	0.91018	0.97464
970	0.84052	0.9102	0.97465
970.1	0.84055	0.91022	0.97466
970.2	0.84057	0.91024	0.97467
970.3	0.8406	0.91026	0.97468
970.4	0.84063	0.91028	0.97469
970.5	0.84066	0.9103	0.9747
970.6	0.84069	0.91033	0.97471
970.7	0.84071	0.91035	0.97472
970.8	0.84074	0.91037	0.97473
970.9	0.84077	0.91039	0.97474
971	0.8408	0.91041	0.97475
971.1	0.84082	0.91043	0.97476
971.2	0.84085	0.91045	0.97477
971.3	0.84088	0.91047	0.97478
971.4	0.8409	0.91049	0.97479
971.5	0.84093	0.91051	0.9748
971.6	0.84096	0.91053	0.97481
971.7	0.84099	0.91055	0.97482
971.8	0.84101	0.91057	0.97483
971.9	0.84104	0.91059	0.97484
972	0.84107	0.91061	0.97485
972.1	0.8411	0.91063	0.97485
972.2	0.84112	0.91064	0.97486
972.3	0.84115	0.91066	0.97487
972.4	0.84118	0.91068	0.97488
972.5	0.84121	0.9107	0.97489
972.6	0.84123	0.91072	0.9749
972.7	0.84126	0.91074	0.9749
972.8	0.84129	0.91076	0.97491
972.9	0.84132	0.91077	0.97492
973	0.84134	0.91079	0.97493
973.1	0.84137	0.91081	0.97493
973.2	0.8414	0.91083	0.97494
973.3	0.84143	0.91085	0.97495
973.4	0.84146	0.91086	0.97496
973.5	0.84148	0.91088	0.97496
973.6	0.84151	0.9109	0.97497
973.7	0.84154	0.91092	0.97498
973.8	0.84157	0.91093	0.97499
973.9	0.8416	0.91095	0.97499
974	0.84163	0.91097	0.975
974.1	0.84166	0.91098	0.97501
974.2	0.84168	0.911	0.97501
974.3	0.84171	0.91102	0.97502
974.4	0.84174	0.91104	0.97503
974.5	0.84177	0.91105	0.97503
974.6	0.8418	0.91107	0.97504
974.7	0.84183	0.91109	0.97505
974.8	0.84186	0.9111	0.97505
974.9	0.84189	0.91112	0.97506
975	0.84192	0.91114	0.97506
975.1	0.84195	0.91115	0.97507
975.2	0.84198	0.91117	0.97508
975.3	0.84201	0.91119	0.97508
975.4	0.84204	0.9112	0.97509
975.5	0.84207	0.91122	0.97509
975.6	0.8421	0.91124	0.9751
975.7	0.84213	0.91125	0.9751
975.8	0.84216	0.91127	0.97511
975.9	0.8422	0.91129	0.97511
976	0.84223	0.9113	0.97512
976.1	0.84226	0.91132	0.97513
976.2	0.84229	0.91134	0.97513
976.3	0.84232	0.91135	0.97514
976.4	0.84235	0.91137	0.97514
976.5	0.84239	0.91139	0.97514
976.6	0.84242	0.9114	0.97515
976.7	0.84245	0.91142	0.97515
976.8	0.84248	0.91144	0.97516
976.9	0.84252	0.91145	0.97516
977	0.84255	0.91147	0.97517
977.1	0.84258	0.91149	0.97517
977.2	0.84262	0.9115	0.97518
977.3	0.84265	0.91152	0.97518
977.4	0.84268	0.91154	0.97519
977.5	0.84272	0.91156	0.97519
977.6	0.84275	0.91157	0.97519
977.7	0.84278	0.91159	0.9752
977.8	0.84282	0.91161	0.9752
977.9	0.84285	0.91163	0.97521
978	0.84289	0.91165	0.97521
978.1	0.84292	0.91166	0.97521
978.2	0.84296	0.91168	0.97522
978.3	0.84299	0.9117	0.97522
978.4	0.84303	0.91172	0.97522
978.5	0.84306	0.91174	0.97523
978.6	0.8431	0.91176	0.97523
978.7	0.84313	0.91177	0.97523
978.8	0.84317	0.91179	0.97524
978.9	0.8432	0.91181	0.97524
979	0.84324	0.91183	0.97524
979.1	0.84327	0.91185	0.97525
979.2	0.84331	0.91187	0.97525
979.3	0.84334	0.91189	0.97525
979.4	0.84338	0.91191	0.97525
979.5	0.84341	0.91193	0.97526
979.6	0.84345	0.91195	0.97526
979.7	0.84349	0.91197	0.97526
979.8	0.84352	0.91199	0.97527
979.9	0.84356	0.91201	0.97527
980	0.84359	0.91203	0.97527
980.1	0.84363	0.91206	0.97527
980.2	0.84367	0.91208	0.97528
980.3	0.8437	0.9121	0.97528
980.4	0.84374	0.91212	0.97528
980.5	0.84378	0.91214	0.97528
980.6	0.84381	0.91216	0.97528
980.7	0.84385	0.91219	0.97529
980.8	0.84388	0.91221	0.97529
980.9	0.84392	0.91223	0.97529
981	0.84396	0.91226	0.97529
981.1	0.84399	0.91228	0.97529
981.2	0.84403	0.9123	0.9753
981.3	0.84407	0.91233	0.9753
981.4	0.8441	0.91235	0.9753
981.5	0.84414	0.91237	0.9753
981.6	0.84418	0.9124	0.9753
981.7	0.84421	0.91242	0.9753
981.8	0.84425	0.91245	0.97531
981.9	0.84428	0.91247	0.97531
982	0.84432	0.9125	0.97531
982.1	0.84436	0.91252	0.97531
982.2	0.84439	0.91255	0.97531
982.3	0.84443	0.91257	0.97531
982.4	0.84447	0.9126	0.97531
982.5	0.8445	0.91263	0.97531
982.6	0.84454	0.91265	0.97532
982.7	0.84457	0.91268	0.97532
982.8	0.84461	0.91271	0.97532
982.9	0.84464	0.91273	0.97532
983	0.84468	0.91276	0.97532
983.1	0.84472	0.91279	0.97532
983.2	0.84475	0.91282	0.97532
983.3	0.84479	0.91284	0.97532
983.4	0.84482	0.91287	0.97532
983.5	0.84486	0.9129	0.97532
983.6	0.84489	0.91293	0.97532
983.7	0.84493	0.91296	0.97533
983.8	0.84496	0.91299	0.97533
983.9	0.845	0.91302	0.97533
984	0.84503	0.91304	0.97533
984.1	0.84507	0.91307	0.97533
984.2	0.8451	0.9131	0.97533
984.3	0.84514	0.91313	0.97533
984.4	0.84517	0.91316	0.97533
984.5	0.8452	0.91319	0.97533
984.6	0.84524	0.91322	0.97533
984.7	0.84527	0.91325	0.97533
984.8	0.84531	0.91328	0.97533
984.9	0.84534	0.91332	0.97533
985	0.84537	0.91335	0.97533
985.1	0.84541	0.91338	0.97533
985.2	0.84544	0.91341	0.97533
985.3	0.84547	0.91344	0.97533
985.4	0.84551	0.91347	0.97533
985.5	0.84554	0.9135	0.97533
985.6	0.84557	0.91353	0.97533
985.7	0.8456	0.91357	0.97533
985.8	0.84564	0.9136	0.97533
985.9	0.84567	0.91363	0.97533
986	0.8457	0.91366	0.97533
986.1	0.84573	0.9137	0.97533
986.2	0.84577	0.91373	0.97533
986.3	0.8458	0.91376	0.97532
986.4	0.84583	0.91379	0.97532
986.5	0.84586	0.91383	0.97532
986.6	0.84589	0.91386	0.97532
986.7	0.84592	0.91389	0.97532
986.8	0.84595	0.91392	0.97532
986.9	0.84599	0.91396	0.97532
987	0.84602	0.91399	0.97532
987.1	0.84605	0.91402	0.97532
987.2	0.84608	0.91406	0.97532
987.3	0.84611	0.91409	0.97532
987.4	0.84614	0.91412	0.97532
987.5	0.84617	0.91416	0.97531
987.6	0.8462	0.91419	0.97531
987.7	0.84623	0.91422	0.97531
987.8	0.84626	0.91425	0.97531
987.9	0.84629	0.91429	0.97531
988	0.84632	0.91432	0.97531
988.1	0.84635	0.91435	0.97531
988.2	0.84638	0.91439	0.97531
988.3	0.84641	0.91442	0.9753
988.4	0.84644	0.91445	0.9753
988.5	0.84647	0.91449	0.9753
988.6	0.8465	0.91452	0.9753
988.7	0.84652	0.91455	0.9753
988.8	0.84655	0.91459	0.9753
988.9	0.84658	0.91462	0.97529
989	0.84661	0.91465	0.97529
989.1	0.84664	0.91468	0.97529
989.2	0.84667	0.91472	0.97529
989.3	0.8467	0.91475	0.97529
989.4	0.84673	0.91478	0.97529
989.5	0.84675	0.91481	0.97528
989.6	0.84678	0.91484	0.97528
989.7	0.84681	0.91488	0.97528
989.8	0.84684	0.91491	0.97528
989.9	0.84687	0.91494	0.97527
990	0.84689	0.91497	0.97527
990.1	0.84692	0.915	0.97527
990.2	0.84695	0.91503	0.97527
990.3	0.84698	0.91507	0.97526
990.4	0.847	0.9151	0.97526
990.5	0.84703	0.91513	0.97526
990.6	0.84706	0.91516	0.97526
990.7	0.84709	0.91519	0.97525
990.8	0.84711	0.91522	0.97525
990.9	0.84714	0.91525	0.97525
991	0.84717	0.91528	0.97525
991.1	0.8472	0.91531	0.97524
991.2	0.84722	0.91534	0.97524
991.3	0.84725	0.91537	0.97524
991.4	0.84728	0.91539	0.97523
991.5	0.8473	0.91542	0.97523
991.6	0.84733	0.91545	0.97523
991.7	0.84736	0.91548	0.97522
991.8	0.84738	0.91551	0.97522
991.9	0.84741	0.91554	0.97522
992	0.84744	0.91556	0.97521
992.1	0.84747	0.91559	0.97521
992.2	0.84749	0.91562	0.97521
992.3	0.84752	0.91564	0.9752
992.4	0.84755	0.91567	0.9752
992.5	0.84757	0.9157	0.9752
992.6	0.8476	0.91572	0.97519
992.7	0.84762	0.91575	0.97519
992.8	0.84765	0.91577	0.97518
992.9	0.84768	0.9158	0.97518
993	0.8477	0.91582	0.97518
993.1	0.84773	0.91585	0.97517
993.2	0.84776	0.91587	0.97517
993.3	0.84778	0.91589	0.97516
993.4	0.84781	0.91592	0.97516
993.5	0.84784	0.91594	0.97516
993.6	0.84786	0.91596	0.97515
993.7	0.84789	0.91598	0.97515
993.8	0.84791	0.91601	0.97514
993.9	0.84794	0.91603	0.97514
994	0.84797	0.91605	0.97513
994.1	0.84799	0.91607	0.97513
994.2	0.84802	0.91609	0.97512
994.3	0.84804	0.91611	0.97512
994.4	0.84807	0.91613	0.97511
994.5	0.8481	0.91615	0.97511
994.6	0.84812	0.91617	0.9751
994.7	0.84815	0.91619	0.9751
994.8	0.84817	0.9162	0.97509
994.9	0.8482	0.91622	0.97509
995	0.84822	0.91624	0.97508
995.1	0.84825	0.91626	0.97508
995.2	0.84827	0.91627	0.97507
995.3	0.8483	0.91629	0.97506
995.4	0.84832	0.91631	0.97506
995.5	0.84835	0.91632	0.97505
995.6	0.84837	0.91634	0.97505
995.7	0.8484	0.91635	0.97504
995.8	0.84842	0.91637	0.97503
995.9	0.84845	0.91638	0.97503
996	0.84847	0.91639	0.97502
996.1	0.84849	0.91641	0.97502
996.2	0.84852	0.91642	0.97501
996.3	0.84854	0.91643	0.975
996.4	0.84857	0.91645	0.975
996.5	0.84859	0.91646	0.97499
996.6	0.84861	0.91647	0.97498
996.7	0.84864	0.91648	0.97498
996.8	0.84866	0.91649	0.97497
996.9	0.84868	0.9165	0.97496
997	0.84871	0.91651	0.97496
997.1	0.84873	0.91652	0.97495
997.2	0.84875	0.91653	0.97494
997.3	0.84877	0.91654	0.97493
997.4	0.84879	0.91655	0.97493
997.5	0.84882	0.91655	0.97492
997.6	0.84884	0.91656	0.97491
997.7	0.84886	0.91657	0.9749
997.8	0.84888	0.91657	0.9749
997.9	0.8489	0.91658	0.97489
998	0.84892	0.91659	0.97488
998.1	0.84894	0.91659	0.97487
998.2	0.84896	0.9166	0.97486
998.3	0.84898	0.9166	0.97486
998.4	0.849	0.91661	0.97485
998.5	0.84902	0.91661	0.97484
998.6	0.84904	0.91661	0.97483
998.7	0.84906	0.91662	0.97482
998.8	0.84908	0.91662	0.97481
998.9	0.84909	0.91662	0.97481
999	0.84911	0.91663	0.9748
999.1	0.84913	0.91663	0.97479
999.2	0.84915	0.91663	0.97478
999.3	0.84916	0.91663	0.97477
999.4	0.84918	0.91663	0.97476
999.5	0.8492	0.91663	0.97475
999.6	0.84921	0.91663	0.97474
999.7	0.84923	0.91663	0.97473
999.8	0.84924	0.91663	0.97472
999.9	0.84926	0.91663	0.97471
1000	0.84927	0.91663	0.9747
1000.1	0.84928	0.91663	0.9747
1000.2	0.8493	0.91662	0.97469
1000.3	0.84931	0.91662	0.97468
1000.4	0.84932	0.91662	0.97467
1000.5	0.84933	0.91662	0.97466
1000.6	0.84934	0.91661	0.97465
1000.7	0.84935	0.91661	0.97464
1000.8	0.84937	0.91661	0.97462
1000.9	0.84938	0.9166	0.97461
1001	0.84938	0.9166	0.9746
1001.1	0.84939	0.91659	0.97459
1001.2	0.8494	0.91659	0.97458
1001.3	0.84941	0.91658	0.97457
1001.4	0.84942	0.91658	0.97456
1001.5	0.84943	0.91657	0.97455
1001.6	0.84943	0.91657	0.97454
1001.7	0.84944	0.91656	0.97453
1001.8	0.84944	0.91655	0.97452
1001.9	0.84945	0.91655	0.97451
1002	0.84945	0.91654	0.97449
1002.1	0.84946	0.91653	0.97448
1002.2	0.84946	0.91652	0.97447
1002.3	0.84946	0.91651	0.97446
1002.4	0.84947	0.91651	0.97445
1002.5	0.84947	0.9165	0.97444
1002.6	0.84947	0.91649	0.97442
1002.7	0.84947	0.91648	0.97441
1002.8	0.84947	0.91647	0.9744
1002.9	0.84947	0.91646	0.97439
1003	0.84947	0.91645	0.97438
1003.1	0.84947	0.91644	0.97436
1003.2	0.84947	0.91643	0.97435
1003.3	0.84946	0.91642	0.97434
1003.4	0.84946	0.91641	0.97433
1003.5	0.84946	0.9164	0.97431
1003.6	0.84945	0.91639	0.9743
1003.7	0.84945	0.91638	0.97429
1003.8	0.84944	0.91637	0.97428
1003.9	0.84944	0.91636	0.97426
1004	0.84943	0.91635	0.97425
1004.1	0.84942	0.91634	0.97424
1004.2	0.84942	0.91632	0.97422
1004.3	0.84941	0.91631	0.97421
1004.4	0.8494	0.9163	0.9742
1004.5	0.84939	0.91629	0.97418
1004.6	0.84938	0.91628	0.97417
1004.7	0.84937	0.91626	0.97416
1004.8	0.84936	0.91625	0.97414
1004.9	0.84935	0.91624	0.97413
1005	0.84933	0.91623	0.97412
1005.1	0.84932	0.91621	0.9741
1005.2	0.84931	0.9162	0.97409
1005.3	0.8493	0.91619	0.97408
1005.4	0.84928	0.91617	0.97406
1005.5	0.84927	0.91616	0.97405
1005.6	0.84925	0.91615	0.97403
1005.7	0.84924	0.91614	0.97402
1005.8	0.84922	0.91612	0.97401
1005.9	0.84921	0.91611	0.97399
1006	0.84919	0.9161	0.97398
1006.1	0.84917	0.91608	0.97396
1006.2	0.84915	0.91607	0.97395
1006.3	0.84914	0.91606	0.97393
1006.4	0.84912	0.91604	0.97392
1006.5	0.8491	0.91603	0.97391
1006.6	0.84908	0.91602	0.97389
1006.7	0.84906	0.916	0.97388
1006.8	0.84904	0.91599	0.97386
1006.9	0.84902	0.91597	0.97385
1007	0.849	0.91596	0.97383
1007.1	0.84898	0.91595	0.97382
1007.2	0.84895	0.91593	0.9738
1007.3	0.84893	0.91592	0.97379
1007.4	0.84891	0.91591	0.97377
1007.5	0.84889	0.91589	0.97376
1007.6	0.84887	0.91588	0.97374
1007.7	0.84884	0.91587	0.97373
1007.8	0.84882	0.91586	0.97371
1007.9	0.8488	0.91584	0.9737
1008	0.84877	0.91583	0.97368
1008.1	0.84875	0.91582	0.97367
1008.2	0.84872	0.9158	0.97365
1008.3	0.8487	0.91579	0.97364
1008.4	0.84868	0.91578	0.97362
1008.5	0.84865	0.91577	0.97361
1008.6	0.84863	0.91575	0.97359
1008.7	0.8486	0.91574	0.97358
1008.8	0.84858	0.91573	0.97356
1008.9	0.84855	0.91572	0.97355
1009	0.84853	0.9157	0.97353
1009.1	0.8485	0.91569	0.97352
1009.2	0.84848	0.91568	0.9735
1009.3	0.84845	0.91567	0.97349
1009.4	0.84843	0.91566	0.97347
1009.5	0.8484	0.91565	0.97346
1009.6	0.84838	0.91564	0.97344
1009.7	0.84835	0.91563	0.97343
1009.8	0.84833	0.91561	0.97341
1009.9	0.8483	0.9156	0.9734
1010	0.84828	0.91559	0.97338
1010.1	0.84825	0.91558	0.97336
1010.2	0.84823	0.91557	0.97335
1010.3	0.8482	0.91556	0.97333
1010.4	0.84818	0.91555	0.97332
1010.5	0.84816	0.91554	0.9733
1010.6	0.84813	0.91554	0.97329
1010.7	0.84811	0.91553	0.97327
1010.8	0.84809	0.91552	0.97326
1010.9	0.84807	0.91551	0.97324
1011	0.84804	0.9155	0.97323
1011.1	0.84802	0.91549	0.97321
1011.2	0.848	0.91549	0.9732
1011.3	0.84798	0.91548	0.97318
1011.4	0.84796	0.91547	0.97317
1011.5	0.84794	0.91546	0.97315
1011.6	0.84792	0.91546	0.97314
1011.7	0.8479	0.91545	0.97312
1011.8	0.84788	0.91545	0.97311
1011.9	0.84786	0.91544	0.97309
1012	0.84784	0.91543	0.97308
1012.1	0.84783	0.91543	0.97306
1012.2	0.84781	0.91542	0.97305
1012.3	0.84779	0.91542	0.97303
1012.4	0.84778	0.91541	0.97302
1012.5	0.84776	0.91541	0.973
1012.6	0.84775	0.91541	0.97299
1012.7	0.84773	0.9154	0.97297
1012.8	0.84772	0.9154	0.97296
1012.9	0.84771	0.9154	0.97294
1013	0.8477	0.91539	0.97293
1013.1	0.84769	0.91539	0.97292
1013.2	0.84768	0.91539	0.9729
1013.3	0.84767	0.91539	0.97289
1013.4	0.84766	0.91539	0.97287
1013.5	0.84765	0.91539	0.97286
1013.6	0.84764	0.91539	0.97284
1013.7	0.84764	0.91539	0.97283
1013.8	0.84763	0.91539	0.97282
1013.9	0.84763	0.91539	0.9728
1014	0.84762	0.91539	0.97279
1014.1	0.84762	0.91539	0.97278
1014.2	0.84762	0.91539	0.97276
1014.3	0.84762	0.91539	0.97275
1014.4	0.84762	0.91539	0.97273
1014.5	0.84762	0.9154	0.97272
1014.6	0.84762	0.9154	0.97271
1014.7	0.84763	0.9154	0.97269
1014.8	0.84763	0.91541	0.97268
1014.9	0.84763	0.91541	0.97267
1015	0.84764	0.91541	0.97266
1015.1	0.84765	0.91542	0.97264
1015.2	0.84766	0.91542	0.97263
1015.3	0.84766	0.91543	0.97262
1015.4	0.84767	0.91544	0.9726
1015.5	0.84769	0.91544	0.97259
1015.6	0.8477	0.91545	0.97258
1015.7	0.84771	0.91546	0.97257
1015.8	0.84773	0.91546	0.97256
1015.9	0.84774	0.91547	0.97254
1016	0.84776	0.91548	0.97253
1016.1	0.84778	0.91549	0.97252
1016.2	0.8478	0.9155	0.97251
1016.3	0.84782	0.91551	0.9725
1016.4	0.84784	0.91551	0.97248
1016.5	0.84786	0.91552	0.97247
1016.6	0.84788	0.91553	0.97246
1016.7	0.84791	0.91555	0.97245
1016.8	0.84793	0.91556	0.97244
1016.9	0.84796	0.91557	0.97243
1017	0.84799	0.91558	0.97242
1017.1	0.84802	0.91559	0.97241
1017.2	0.84805	0.9156	0.9724
1017.3	0.84808	0.91562	0.97239
1017.4	0.84811	0.91563	0.97238
1017.5	0.84815	0.91564	0.97237
1017.6	0.84818	0.91566	0.97236
1017.7	0.84822	0.91567	0.97235
1017.8	0.84826	0.91568	0.97234
1017.9	0.8483	0.9157	0.97233
1018	0.84834	0.91571	0.97232
1018.1	0.84838	0.91573	0.97231
1018.2	0.84842	0.91574	0.9723
1018.3	0.84846	0.91576	0.97229
1018.4	0.84851	0.91578	0.97228
1018.5	0.84855	0.91579	0.97227
1018.6	0.8486	0.91581	0.97226
1018.7	0.84865	0.91583	0.97226
1018.8	0.8487	0.91584	0.97225
1018.9	0.84875	0.91586	0.97224
1019	0.8488	0.91588	0.97223
1019.1	0.84885	0.9159	0.97222
1019.2	0.8489	0.91592	0.97221
1019.3	0.84896	0.91594	0.97221
1019.4	0.84901	0.91595	0.9722
1019.5	0.84907	0.91597	0.97219
1019.6	0.84913	0.91599	0.97219
1019.7	0.84918	0.91601	0.97218
1019.8	0.84924	0.91603	0.97217
1019.9	0.84931	0.91605	0.97216
1020	0.84937	0.91607	0.97216
1020.1	0.84943	0.91609	0.97215
1020.2	0.84949	0.91612	0.97215
1020.3	0.84956	0.91614	0.97214
1020.4	0.84962	0.91616	0.97213
1020.5	0.84969	0.91618	0.97213
1020.6	0.84976	0.9162	0.97212
1020.7	0.84983	0.91622	0.97212
1020.8	0.84989	0.91624	0.97211
1020.9	0.84996	0.91627	0.97211
1021	0.85004	0.91629	0.9721
1021.1	0.85011	0.91631	0.9721
1021.2	0.85018	0.91633	0.97209
1021.3	0.85025	0.91636	0.97209
1021.4	0.85033	0.91638	0.97208
1021.5	0.8504	0.9164	0.97208
1021.6	0.85048	0.91642	0.97208
1021.7	0.85055	0.91645	0.97207
1021.8	0.85063	0.91647	0.97207
1021.9	0.85071	0.91649	0.97207
1022	0.85079	0.91651	0.97206
1022.1	0.85087	0.91654	0.97206
1022.2	0.85095	0.91656	0.97206
1022.3	0.85103	0.91658	0.97205
1022.4	0.85111	0.91661	0.97205
1022.5	0.85119	0.91663	0.97205
1022.6	0.85127	0.91665	0.97205
1022.7	0.85135	0.91668	0.97205
1022.8	0.85144	0.9167	0.97204
1022.9	0.85152	0.91672	0.97204
1023	0.8516	0.91675	0.97204
1023.1	0.85169	0.91677	0.97204
1023.2	0.85177	0.91679	0.97204
1023.3	0.85186	0.91681	0.97204
1023.4	0.85194	0.91684	0.97204
1023.5	0.85203	0.91686	0.97204
1023.6	0.85212	0.91688	0.97204
1023.7	0.8522	0.9169	0.97203
1023.8	0.85229	0.91693	0.97203
1023.9	0.85238	0.91695	0.97203
1024	0.85246	0.91697	0.97203
1024.1	0.85255	0.91699	0.97204
1024.2	0.85264	0.91701	0.97204
1024.3	0.85273	0.91704	0.97204
1024.4	0.85282	0.91706	0.97204
1024.5	0.8529	0.91708	0.97204
1024.6	0.85299	0.9171	0.97204
1024.7	0.85308	0.91712	0.97204
1024.8	0.85317	0.91714	0.97204
1024.9	0.85326	0.91716	0.97204
1025	0.85334	0.91718	0.97205
1025.1	0.85343	0.9172	0.97205
1025.2	0.85352	0.91722	0.97205
1025.3	0.85361	0.91724	0.97205
1025.4	0.8537	0.91726	0.97205
1025.5	0.85378	0.91728	0.97206
1025.6	0.85387	0.91729	0.97206
1025.7	0.85396	0.91731	0.97206
1025.8	0.85405	0.91733	0.97207
1025.9	0.85413	0.91735	0.97207
1026	0.85422	0.91736	0.97207
1026.1	0.85431	0.91738	0.97208
1026.2	0.85439	0.9174	0.97208
1026.3	0.85448	0.91741	0.97208
1026.4	0.85457	0.91743	0.97209
1026.5	0.85465	0.91744	0.97209
1026.6	0.85474	0.91746	0.9721
1026.7	0.85482	0.91747	0.9721
1026.8	0.85491	0.91749	0.97211
1026.9	0.85499	0.9175	0.97211
1027	0.85507	0.91751	0.97212
1027.1	0.85516	0.91753	0.97212
1027.2	0.85524	0.91754	0.97213
1027.3	0.85532	0.91755	0.97213
1027.4	0.8554	0.91756	0.97214
1027.5	0.85548	0.91757	0.97214
1027.6	0.85556	0.91758	0.97215
1027.7	0.85564	0.91759	0.97215
1027.8	0.85572	0.9176	0.97216
1027.9	0.8558	0.91761	0.97216
1028	0.85588	0.91762	0.97217
1028.1	0.85596	0.91763	0.97218
1028.2	0.85603	0.91764	0.97218
1028.3	0.85611	0.91764	0.97219
1028.4	0.85618	0.91765	0.9722
1028.5	0.85626	0.91766	0.9722
1028.6	0.85633	0.91766	0.97221
1028.7	0.8564	0.91767	0.97222
1028.8	0.85648	0.91767	0.97222
1028.9	0.85655	0.91767	0.97223
1029	0.85662	0.91768	0.97224
1029.1	0.85669	0.91768	0.97225
1029.2	0.85676	0.91768	0.97225
1029.3	0.85683	0.91769	0.97226
1029.4	0.8569	0.91769	0.97227
1029.5	0.85696	0.91769	0.97228
1029.6	0.85703	0.91769	0.97228
1029.7	0.85709	0.91769	0.97229
1029.8	0.85716	0.91769	0.9723
1029.9	0.85722	0.91768	0.97231
1030	0.85728	0.91768	0.97232
1030.1	0.85735	0.91768	0.97232
1030.2	0.85741	0.91768	0.97233
1030.3	0.85747	0.91767	0.97234
1030.4	0.85753	0.91767	0.97235
1030.5	0.85758	0.91766	0.97236
1030.6	0.85764	0.91766	0.97237
1030.7	0.8577	0.91765	0.97238
1030.8	0.85775	0.91765	0.97238
1030.9	0.85781	0.91764	0.97239
1031	0.85786	0.91763	0.9724
1031.1	0.85791	0.91762	0.97241
1031.2	0.85796	0.91762	0.97242
1031.3	0.85801	0.91761	0.97243
1031.4	0.85806	0.9176	0.97244
1031.5	0.85811	0.91759	0.97245
1031.6	0.85816	0.91758	0.97246
1031.7	0.85821	0.91757	0.97246
1031.8	0.85825	0.91755	0.97247
1031.9	0.8583	0.91754	0.97248
1032	0.85834	0.91753	0.97249
1032.1	0.85838	0.91752	0.9725
1032.2	0.85843	0.9175	0.97251
1032.3	0.85847	0.91749	0.97252
1032.4	0.85851	0.91747	0.97253
1032.5	0.85855	0.91746	0.97254
1032.6	0.85858	0.91744	0.97255
1032.7	0.85862	0.91743	0.97256
1032.8	0.85866	0.91741	0.97257
1032.9	0.85869	0.91739	0.97258
1033	0.85873	0.91737	0.97259
1033.1	0.85876	0.91736	0.97259
1033.2	0.85879	0.91734	0.9726
1033.3	0.85882	0.91732	0.97261
1033.4	0.85885	0.9173	0.97262
1033.5	0.85888	0.91728	0.97263
1033.6	0.85891	0.91726	0.97264
1033.7	0.85894	0.91724	0.97265
1033.8	0.85897	0.91722	0.97266
1033.9	0.85899	0.9172	0.97267
1034	0.85902	0.91718	0.97268
1034.1	0.85904	0.91715	0.97269
1034.2	0.85907	0.91713	0.9727
1034.3	0.85909	0.91711	0.97271
1034.4	0.85911	0.91709	0.97271
1034.5	0.85913	0.91706	0.97272
1034.6	0.85915	0.91704	0.97273
1034.7	0.85917	0.91702	0.97274
1034.8	0.85919	0.91699	0.97275
1034.9	0.8592	0.91697	0.97276
1035	0.85922	0.91694	0.97277
1035.1	0.85924	0.91692	0.97278
1035.2	0.85925	0.91689	0.97278
1035.3	0.85926	0.91687	0.97279
1035.4	0.85928	0.91684	0.9728
1035.5	0.85929	0.91682	0.97281
1035.6	0.8593	0.91679	0.97282
1035.7	0.85931	0.91677	0.97283
1035.8	0.85932	0.91674	0.97283
1035.9	0.85933	0.91672	0.97284
1036	0.85934	0.91669	0.97285
1036.1	0.85935	0.91666	0.97286
1036.2	0.85936	0.91664	0.97287
1036.3	0.85936	0.91661	0.97287
1036.4	0.85937	0.91658	0.97288
1036.5	0.85937	0.91656	0.97289
1036.6	0.85938	0.91653	0.9729
1036.7	0.85938	0.9165	0.9729
1036.8	0.85939	0.91648	0.97291
1036.9	0.85939	0.91645	0.97292
1037	0.85939	0.91642	0.97292
1037.1	0.85939	0.9164	0.97293
1037.2	0.85939	0.91637	0.97294
1037.3	0.8594	0.91635	0.97294
1037.4	0.8594	0.91632	0.97295
1037.5	0.85939	0.91629	0.97296
1037.6	0.85939	0.91627	0.97296
1037.7	0.85939	0.91624	0.97297
1037.8	0.85939	0.91621	0.97297
1037.9	0.85939	0.91619	0.97298
1038	0.85938	0.91616	0.97298
1038.1	0.85938	0.91614	0.97299
1038.2	0.85938	0.91611	0.97299
1038.3	0.85937	0.91609	0.973
1038.4	0.85937	0.91606	0.973
1038.5	0.85936	0.91604	0.97301
1038.6	0.85936	0.91602	0.97301
1038.7	0.85935	0.91599	0.97302
1038.8	0.85934	0.91597	0.97302
1038.9	0.85934	0.91595	0.97303
1039	0.85933	0.91592	0.97303
1039.1	0.85932	0.9159	0.97303
1039.2	0.85931	0.91588	0.97304
1039.3	0.8593	0.91586	0.97304
1039.4	0.8593	0.91584	0.97304
1039.5	0.85929	0.91581	0.97305
1039.6	0.85928	0.91579	0.97305
1039.7	0.85927	0.91577	0.97305
1039.8	0.85926	0.91575	0.97305
1039.9	0.85925	0.91574	0.97305
1040	0.85924	0.91572	0.97306
1040.1	0.85923	0.9157	0.97306
1040.2	0.85922	0.91568	0.97306
1040.3	0.85921	0.91566	0.97306
1040.4	0.8592	0.91565	0.97306
1040.5	0.85919	0.91563	0.97306
1040.6	0.85918	0.91562	0.97306
1040.7	0.85916	0.9156	0.97306
1040.8	0.85915	0.91559	0.97306
1040.9	0.85914	0.91557	0.97306
1041	0.85913	0.91556	0.97306
1041.1	0.85912	0.91555	0.97306
1041.2	0.85911	0.91553	0.97306
1041.3	0.85909	0.91552	0.97306
1041.4	0.85908	0.91551	0.97306
1041.5	0.85907	0.9155	0.97306
1041.6	0.85906	0.91549	0.97306
1041.7	0.85905	0.91548	0.97305
1041.8	0.85903	0.91548	0.97305
1041.9	0.85902	0.91547	0.97305
1042	0.85901	0.91546	0.97305
1042.1	0.859	0.91546	0.97304
1042.2	0.85899	0.91545	0.97304
1042.3	0.85897	0.91545	0.97304
1042.4	0.85896	0.91544	0.97303
1042.5	0.85895	0.91544	0.97303
1042.6	0.85894	0.91544	0.97303
1042.7	0.85893	0.91544	0.97302
1042.8	0.85892	0.91544	0.97302
1042.9	0.8589	0.91544	0.97301
1043	0.85889	0.91544	0.97301
1043.1	0.85888	0.91544	0.973
1043.2	0.85887	0.91544	0.973
1043.3	0.85886	0.91545	0.97299
1043.4	0.85885	0.91545	0.97298
1043.5	0.85884	0.91546	0.97298
1043.6	0.85883	0.91546	0.97297
1043.7	0.85882	0.91547	0.97296
1043.8	0.85881	0.91548	0.97296
1043.9	0.8588	0.91548	0.97295
1044	0.85879	0.91549	0.97294
1044.1	0.85878	0.9155	0.97293
1044.2	0.85877	0.91551	0.97292
1044.3	0.85876	0.91553	0.97292
1044.4	0.85875	0.91554	0.97291
1044.5	0.85874	0.91555	0.9729
1044.6	0.85873	0.91557	0.97289
1044.7	0.85873	0.91558	0.97288
1044.8	0.85872	0.9156	0.97287
1044.9	0.85871	0.91561	0.97286
1045	0.8587	0.91563	0.97285
1045.1	0.8587	0.91565	0.97284
1045.2	0.85869	0.91567	0.97283
1045.3	0.85868	0.91569	0.97281
1045.4	0.85868	0.91571	0.9728
1045.5	0.85867	0.91573	0.97279
1045.6	0.85867	0.91576	0.97278
1045.7	0.85866	0.91578	0.97277
1045.8	0.85866	0.91581	0.97275
1045.9	0.85865	0.91583	0.97274
1046	0.85865	0.91586	0.97273
1046.1	0.85865	0.91588	0.97271
1046.2	0.85864	0.91591	0.9727
1046.3	0.85864	0.91594	0.97269
1046.4	0.85864	0.91597	0.97267
1046.5	0.85864	0.916	0.97266
1046.6	0.85864	0.91603	0.97264
1046.7	0.85863	0.91606	0.97263
1046.8	0.85863	0.9161	0.97261
1046.9	0.85863	0.91613	0.9726
1047	0.85863	0.91617	0.97258
1047.1	0.85863	0.9162	0.97256
1047.2	0.85864	0.91624	0.97255
1047.3	0.85864	0.91627	0.97253
1047.4	0.85864	0.91631	0.97251
1047.5	0.85864	0.91635	0.97249
1047.6	0.85864	0.91639	0.97248
1047.7	0.85865	0.91643	0.97246
1047.8	0.85865	0.91647	0.97244
1047.9	0.85865	0.91651	0.97242
1048	0.85866	0.91655	0.9724
1048.1	0.85866	0.9166	0.97238
1048.2	0.85867	0.91664	0.97237
1048.3	0.85868	0.91668	0.97235
1048.4	0.85868	0.91673	0.97233
1048.5	0.85869	0.91677	0.97231
1048.6	0.8587	0.91682	0.97229
1048.7	0.85871	0.91686	0.97227
1048.8	0.85871	0.91691	0.97224
1048.9	0.85872	0.91696	0.97222
1049	0.85873	0.91701	0.9722
1049.1	0.85874	0.91706	0.97218
1049.2	0.85875	0.91711	0.97216
1049.3	0.85876	0.91716	0.97214
1049.4	0.85878	0.91721	0.97212
1049.5	0.85879	0.91726	0.97209
1049.6	0.8588	0.91731	0.97207
1049.7	0.85881	0.91736	0.97205
1049.8	0.85883	0.91741	0.97202
1049.9	0.85884	0.91747	0.972
1050	0.85886	0.91752	0.97198
1050.1	0.85887	0.91757	0.97195
1050.2	0.85889	0.91763	0.97193
1050.3	0.85891	0.91768	0.9719
1050.4	0.85892	0.91774	0.97188
1050.5	0.85894	0.91779	0.97186
1050.6	0.85896	0.91785	0.97183
1050.7	0.85898	0.9179	0.9718
1050.8	0.85899	0.91796	0.97178
1050.9	0.85901	0.91801	0.97175
1051	0.85903	0.91807	0.97173
1051.1	0.85906	0.91813	0.9717
1051.2	0.85908	0.91818	0.97168
1051.3	0.8591	0.91824	0.97165
1051.4	0.85912	0.9183	0.97162
1051.5	0.85914	0.91836	0.9716
1051.6	0.85917	0.91841	0.97157
1051.7	0.85919	0.91847	0.97154
1051.8	0.85921	0.91853	0.97151
1051.9	0.85924	0.91859	0.97149
1052	0.85926	0.91864	0.97146
1052.1	0.85929	0.9187	0.97143
1052.2	0.85931	0.91876	0.9714
1052.3	0.85934	0.91882	0.97137
1052.4	0.85937	0.91888	0.97135
1052.5	0.8594	0.91893	0.97132
1052.6	0.85942	0.91899	0.97129
1052.7	0.85945	0.91905	0.97126
1052.8	0.85948	0.91911	0.97123
1052.9	0.85951	0.91916	0.9712
1053	0.85954	0.91922	0.97117
1053.1	0.85957	0.91928	0.97114
1053.2	0.8596	0.91934	0.97111
1053.3	0.85963	0.91939	0.97108
1053.4	0.85966	0.91945	0.97105
1053.5	0.8597	0.91951	0.97102
1053.6	0.85973	0.91956	0.97099
1053.7	0.85976	0.91962	0.97096
1053.8	0.85979	0.91967	0.97093
1053.9	0.85983	0.91973	0.9709
1054	0.85986	0.91978	0.97087
1054.1	0.85989	0.91984	0.97084
1054.2	0.85993	0.91989	0.97081
1054.3	0.85996	0.91994	0.97078
1054.4	0.86	0.92	0.97075
1054.5	0.86003	0.92005	0.97071
1054.6	0.86007	0.9201	0.97068
1054.7	0.8601	0.92015	0.97065
1054.8	0.86014	0.9202	0.97062
1054.9	0.86018	0.92025	0.97059
1055	0.86021	0.9203	0.97056
1055.1	0.86025	0.92035	0.97053
1055.2	0.86029	0.9204	0.97049
1055.3	0.86032	0.92045	0.97046
1055.4	0.86036	0.9205	0.97043
1055.5	0.8604	0.92054	0.9704
1055.6	0.86043	0.92059	0.97037
1055.7	0.86047	0.92063	0.97033
1055.8	0.86051	0.92068	0.9703
1055.9	0.86055	0.92072	0.97027
1056	0.86058	0.92076	0.97024
1056.1	0.86062	0.92081	0.9702
1056.2	0.86066	0.92085	0.97017
1056.3	0.8607	0.92089	0.97014
1056.4	0.86074	0.92093	0.97011
1056.5	0.86077	0.92097	0.97008
1056.6	0.86081	0.921	0.97004
1056.7	0.86085	0.92104	0.97001
1056.8	0.86089	0.92108	0.96998
1056.9	0.86092	0.92111	0.96995
1057	0.86096	0.92115	0.96991
1057.1	0.861	0.92118	0.96988
1057.2	0.86104	0.92121	0.96985
1057.3	0.86107	0.92125	0.96982
1057.4	0.86111	0.92128	0.96978
1057.5	0.86115	0.92131	0.96975
1057.6	0.86118	0.92133	0.96972
1057.7	0.86122	0.92136	0.96969
1057.8	0.86125	0.92139	0.96965
1057.9	0.86129	0.92141	0.96962
1058	0.86132	0.92144	0.96959
1058.1	0.86136	0.92146	0.96956
1058.2	0.86139	0.92148	0.96953
1058.3	0.86143	0.9215	0.96949
1058.4	0.86146	0.92152	0.96946
1058.5	0.86149	0.92154	0.96943
1058.6	0.86153	0.92156	0.9694
1058.7	0.86156	0.92158	0.96937
1058.8	0.86159	0.92159	0.96933
1058.9	0.86162	0.92161	0.9693
1059	0.86165	0.92162	0.96927
1059.1	0.86168	0.92163	0.96924
1059.2	0.86171	0.92164	0.96921
1059.3	0.86174	0.92165	0.96918
1059.4	0.86177	0.92166	0.96915
1059.5	0.8618	0.92167	0.96911
1059.6	0.86182	0.92167	0.96908
1059.7	0.86185	0.92168	0.96905
1059.8	0.86188	0.92168	0.96902
1059.9	0.8619	0.92168	0.96899
1060	0.86192	0.92168	0.96896
1060.1	0.86195	0.92168	0.96893
1060.2	0.86197	0.92168	0.9689
1060.3	0.86199	0.92168	0.96887
1060.4	0.86201	0.92167	0.96884
1060.5	0.86203	0.92167	0.96881
1060.6	0.86205	0.92166	0.96878
1060.7	0.86207	0.92165	0.96875
1060.8	0.86209	0.92164	0.96872
1060.9	0.8621	0.92163	0.96869
1061	0.86212	0.92162	0.96866
1061.1	0.86213	0.92161	0.96863
1061.2	0.86215	0.9216	0.9686
1061.3	0.86216	0.92158	0.96858
1061.4	0.86217	0.92156	0.96855
1061.5	0.86218	0.92155	0.96852
1061.6	0.86219	0.92153	0.96849
1061.7	0.8622	0.92151	0.96846
1061.8	0.8622	0.92149	0.96843
1061.9	0.86221	0.92146	0.96841
1062	0.86221	0.92144	0.96838
1062.1	0.86221	0.92141	0.96835
1062.2	0.86222	0.92139	0.96833
1062.3	0.86222	0.92136	0.9683
1062.4	0.86222	0.92133	0.96827
1062.5	0.86222	0.9213	0.96825
1062.6	0.86221	0.92127	0.96822
1062.7	0.86221	0.92124	0.96819
1062.8	0.8622	0.92121	0.96817
1062.9	0.8622	0.92117	0.96814
1063	0.86219	0.92114	0.96812
1063.1	0.86218	0.9211	0.96809
1063.2	0.86217	0.92106	0.96807
1063.3	0.86216	0.92102	0.96804
1063.4	0.86214	0.92098	0.96802
1063.5	0.86213	0.92094	0.96799
1063.6	0.86211	0.9209	0.96797
1063.7	0.86209	0.92086	0.96795
1063.8	0.86208	0.92081	0.96792
1063.9	0.86206	0.92077	0.9679
1064	0.86203	0.92072	0.96788
1064.1	0.86201	0.92067	0.96786
1064.2	0.86199	0.92062	0.96783
1064.3	0.86196	0.92058	0.96781
1064.4	0.86193	0.92053	0.96779
1064.5	0.8619	0.92048	0.96777
1064.6	0.86187	0.92042	0.96775
1064.7	0.86184	0.92037	0.96773
1064.8	0.86181	0.92032	0.9677
1064.9	0.86178	0.92026	0.96768
1065	0.86174	0.92021	0.96766
1065.1	0.8617	0.92015	0.96764
1065.2	0.86167	0.92009	0.96762
1065.3	0.86163	0.92004	0.96761
1065.4	0.86158	0.91998	0.96759
1065.5	0.86154	0.91992	0.96757
1065.6	0.8615	0.91986	0.96755
1065.7	0.86145	0.9198	0.96753
1065.8	0.86141	0.91974	0.96751
1065.9	0.86136	0.91968	0.9675
1066	0.86131	0.91962	0.96748
1066.1	0.86126	0.91955	0.96746
1066.2	0.8612	0.91949	0.96744
1066.3	0.86115	0.91943	0.96743
1066.4	0.8611	0.91936	0.96741
1066.5	0.86104	0.9193	0.9674
1066.6	0.86098	0.91923	0.96738
1066.7	0.86092	0.91916	0.96737
1066.8	0.86086	0.9191	0.96735
1066.9	0.8608	0.91903	0.96734
1067	0.86074	0.91896	0.96732
1067.1	0.86068	0.9189	0.96731
1067.2	0.86061	0.91883	0.96729
1067.3	0.86055	0.91876	0.96728
1067.4	0.86048	0.91869	0.96727
1067.5	0.86041	0.91862	0.96726
1067.6	0.86034	0.91856	0.96724
1067.7	0.86027	0.91849	0.96723
1067.8	0.8602	0.91842	0.96722
1067.9	0.86013	0.91835	0.96721
1068	0.86006	0.91828	0.9672
1068.1	0.85998	0.91821	0.96719
1068.2	0.85991	0.91814	0.96718
1068.3	0.85983	0.91807	0.96717
1068.4	0.85975	0.918	0.96716
1068.5	0.85968	0.91793	0.96715
1068.6	0.8596	0.91786	0.96714
1068.7	0.85952	0.91779	0.96713
1068.8	0.85944	0.91772	0.96712
1068.9	0.85936	0.91765	0.96711
1069	0.85927	0.91758	0.96711
1069.1	0.85919	0.91751	0.9671
1069.2	0.85911	0.91744	0.96709
1069.3	0.85902	0.91738	0.96708
1069.4	0.85894	0.91731	0.96708
1069.5	0.85886	0.91724	0.96707
1069.6	0.85877	0.91717	0.96707
1069.7	0.85868	0.9171	0.96706
1069.8	0.8586	0.91704	0.96705
1069.9	0.85851	0.91697	0.96705
1070	0.85842	0.9169	0.96705
1070.1	0.85834	0.91683	0.96704
1070.2	0.85825	0.91677	0.96704
1070.3	0.85816	0.9167	0.96703
1070.4	0.85807	0.91664	0.96703
1070.5	0.85798	0.91657	0.96703
1070.6	0.8579	0.91651	0.96702
1070.7	0.85781	0.91645	0.96702
1070.8	0.85772	0.91638	0.96702
1070.9	0.85763	0.91632	0.96702
1071	0.85754	0.91626	0.96702
1071.1	0.85745	0.9162	0.96702
1071.2	0.85736	0.91613	0.96702
1071.3	0.85727	0.91607	0.96702
1071.4	0.85719	0.91601	0.96702
1071.5	0.8571	0.91596	0.96702
1071.6	0.85701	0.9159	0.96702
1071.7	0.85692	0.91584	0.96702
1071.8	0.85683	0.91578	0.96702
1071.9	0.85675	0.91573	0.96702
1072	0.85666	0.91567	0.96702
1072.1	0.85657	0.91561	0.96702
1072.2	0.85649	0.91556	0.96702
1072.3	0.8564	0.91551	0.96703
1072.4	0.85632	0.91545	0.96703
1072.5	0.85623	0.9154	0.96703
1072.6	0.85615	0.91535	0.96704
1072.7	0.85607	0.9153	0.96704
1072.8	0.85599	0.91525	0.96704
1072.9	0.8559	0.9152	0.96705
1073	0.85582	0.91516	0.96705
1073.1	0.85574	0.91511	0.96706
1073.2	0.85566	0.91506	0.96706
1073.3	0.85559	0.91502	0.96707
1073.4	0.85551	0.91497	0.96707
1073.5	0.85543	0.91493	0.96708
1073.6	0.85536	0.91489	0.96709
1073.7	0.85528	0.91484	0.96709
1073.8	0.85521	0.9148	0.9671
1073.9	0.85514	0.91476	0.96711
1074	0.85507	0.91472	0.96711
1074.1	0.855	0.91469	0.96712
1074.2	0.85493	0.91465	0.96713
1074.3	0.85486	0.91461	0.96714
1074.4	0.85479	0.91458	0.96715
1074.5	0.85473	0.91454	0.96715
1074.6	0.85466	0.91451	0.96716
1074.7	0.8546	0.91447	0.96717
1074.8	0.85454	0.91444	0.96718
1074.9	0.85448	0.91441	0.96719
1075	0.85442	0.91438	0.9672
1075.1	0.85437	0.91435	0.96721
1075.2	0.85431	0.91432	0.96722
1075.3	0.85425	0.91429	0.96723
1075.4	0.8542	0.91427	0.96724
1075.5	0.85415	0.91424	0.96725
1075.6	0.8541	0.91421	0.96726
1075.7	0.85405	0.91419	0.96727
1075.8	0.854	0.91417	0.96728
1075.9	0.85396	0.91414	0.9673
1076	0.85392	0.91412	0.96731
1076.1	0.85387	0.9141	0.96732
1076.2	0.85383	0.91408	0.96733
1076.3	0.85379	0.91406	0.96734
1076.4	0.85375	0.91404	0.96736
1076.5	0.85372	0.91402	0.96737
1076.6	0.85368	0.914	0.96738
1076.7	0.85365	0.91398	0.96739
1076.8	0.85362	0.91396	0.96741
1076.9	0.85359	0.91395	0.96742
1077	0.85356	0.91393	0.96743
1077.1	0.85353	0.91392	0.96745
1077.2	0.85351	0.9139	0.96746
1077.3	0.85348	0.91389	0.96747
1077.4	0.85346	0.91387	0.96749
1077.5	0.85344	0.91386	0.9675
1077.6	0.85342	0.91385	0.96752
1077.7	0.8534	0.91383	0.96753
1077.8	0.85339	0.91382	0.96755
1077.9	0.85337	0.91381	0.96756
1078	0.85336	0.9138	0.96757
1078.1	0.85335	0.91379	0.96759
1078.2	0.85334	0.91378	0.9676
1078.3	0.85333	0.91376	0.96762
1078.4	0.85332	0.91375	0.96763
1078.5	0.85332	0.91374	0.96765
1078.6	0.85331	0.91373	0.96766
1078.7	0.85331	0.91372	0.96768
1078.8	0.85331	0.91371	0.9677
1078.9	0.85331	0.9137	0.96771
1079	0.85331	0.91369	0.96773
1079.1	0.85331	0.91368	0.96774
1079.2	0.85331	0.91367	0.96776
1079.3	0.85331	0.91366	0.96777
1079.4	0.85332	0.91365	0.96779
1079.5	0.85333	0.91364	0.96781
1079.6	0.85333	0.91363	0.96782
1079.7	0.85334	0.91362	0.96784
1079.8	0.85335	0.91361	0.96785
1079.9	0.85336	0.9136	0.96787
1080	0.85337	0.91359	0.96789
1080.1	0.85338	0.91358	0.9679
1080.2	0.8534	0.91357	0.96792
1080.3	0.85341	0.91355	0.96793
1080.4	0.85342	0.91354	0.96795
1080.5	0.85344	0.91353	0.96797
1080.6	0.85345	0.91351	0.96798
1080.7	0.85347	0.9135	0.968
1080.8	0.85349	0.91348	0.96801
1080.9	0.8535	0.91347	0.96803
1081	0.85352	0.91345	0.96805
1081.1	0.85354	0.91343	0.96806
1081.2	0.85356	0.91341	0.96808
1081.3	0.85357	0.9134	0.96809
1081.4	0.85359	0.91338	0.96811
1081.5	0.85361	0.91336	0.96813
1081.6	0.85363	0.91333	0.96814
1081.7	0.85365	0.91331	0.96816
1081.8	0.85366	0.91329	0.96817
1081.9	0.85368	0.91326	0.96819
1082	0.8537	0.91324	0.9682
1082.1	0.85372	0.91321	0.96822
1082.2	0.85374	0.91318	0.96824
1082.3	0.85375	0.91316	0.96825
1082.4	0.85377	0.91313	0.96827
1082.5	0.85378	0.91309	0.96828
1082.6	0.8538	0.91306	0.9683
1082.7	0.85381	0.91303	0.96831
1082.8	0.85383	0.91299	0.96833
1082.9	0.85384	0.91295	0.96834
1083	0.85385	0.91292	0.96836
1083.1	0.85386	0.91288	0.96837
1083.2	0.85387	0.91284	0.96839
1083.3	0.85388	0.91279	0.9684
1083.4	0.85389	0.91275	0.96841
1083.5	0.8539	0.9127	0.96843
1083.6	0.8539	0.91266	0.96844
1083.7	0.85391	0.91261	0.96846
1083.8	0.85391	0.91256	0.96847
1083.9	0.85391	0.9125	0.96848
1084	0.85391	0.91245	0.9685
1084.1	0.85391	0.91239	0.96851
1084.2	0.8539	0.91233	0.96852
1084.3	0.8539	0.91227	0.96854
1084.4	0.85389	0.91221	0.96855
1084.5	0.85388	0.91215	0.96856
1084.6	0.85387	0.91208	0.96858
1084.7	0.85385	0.91202	0.96859
1084.8	0.85384	0.91195	0.9686
1084.9	0.85382	0.91187	0.96861
1085	0.8538	0.9118	0.96862
1085.1	0.85377	0.91173	0.96864
1085.2	0.85375	0.91165	0.96865
1085.3	0.85372	0.91157	0.96866
1085.4	0.85369	0.91149	0.96867
1085.5	0.85366	0.9114	0.96868
1085.6	0.85362	0.91131	0.96869
1085.7	0.85358	0.91123	0.9687
1085.8	0.85354	0.91114	0.96871
1085.9	0.85349	0.91104	0.96872
1086	0.85345	0.91095	0.96873
1086.1	0.8534	0.91085	0.96874
1086.2	0.85334	0.91075	0.96875
1086.3	0.85328	0.91065	0.96876
1086.4	0.85322	0.91054	0.96877
1086.5	0.85316	0.91044	0.96878
1086.6	0.85309	0.91033	0.96879
1086.7	0.85302	0.91022	0.96879
1086.8	0.85295	0.9101	0.9688
1086.9	0.85287	0.90999	0.96881
1087	0.85279	0.90987	0.96882
1087.1	0.85271	0.90975	0.96882
1087.2	0.85262	0.90962	0.96883
1087.3	0.85252	0.9095	0.96884
1087.4	0.85243	0.90937	0.96884
1087.5	0.85233	0.90924	0.96885
1087.6	0.85222	0.90911	0.96886
1087.7	0.85212	0.90897	0.96886
1087.8	0.852	0.90883	0.96887
1087.9	0.85189	0.90869	0.96887
1088	0.85177	0.90855	0.96888
1088.1	0.85164	0.9084	0.96888
1088.2	0.85152	0.90826	0.96888
1088.3	0.85138	0.90811	0.96889
1088.4	0.85125	0.90796	0.96889
1088.5	0.85111	0.9078	0.9689
1088.6	0.85096	0.90764	0.9689
1088.7	0.85081	0.90749	0.9689
1088.8	0.85066	0.90732	0.9689
1088.9	0.8505	0.90716	0.96891
1089	0.85034	0.90699	0.96891
1089.1	0.85017	0.90683	0.96891
1089.2	0.85	0.90665	0.96891
1089.3	0.84982	0.90648	0.96891
1089.4	0.84964	0.90631	0.96891
1089.5	0.84946	0.90613	0.96891
1089.6	0.84927	0.90595	0.96891
1089.7	0.84908	0.90577	0.96891
1089.8	0.84888	0.90558	0.96891
1089.9	0.84868	0.9054	0.96891
1090	0.84847	0.90521	0.96891
1090.1	0.84826	0.90502	0.96891
1090.2	0.84804	0.90482	0.96891
1090.3	0.84782	0.90463	0.9689
1090.4	0.84759	0.90443	0.9689
1090.5	0.84736	0.90423	0.9689
1090.6	0.84713	0.90403	0.9689
1090.7	0.84689	0.90383	0.96889
1090.8	0.84665	0.90363	0.96889
1090.9	0.8464	0.90342	0.96888
1091	0.84615	0.90321	0.96888
1091.1	0.84589	0.903	0.96887
1091.2	0.84563	0.90279	0.96887
1091.3	0.84536	0.90257	0.96886
1091.4	0.84509	0.90236	0.96886
1091.5	0.84482	0.90214	0.96885
1091.6	0.84454	0.90192	0.96885
1091.7	0.84426	0.9017	0.96884
1091.8	0.84397	0.90148	0.96883
1091.9	0.84368	0.90126	0.96882
1092	0.84338	0.90103	0.96882
1092.1	0.84308	0.9008	0.96881
1092.2	0.84278	0.90058	0.9688
1092.3	0.84247	0.90035	0.96879
1092.4	0.84216	0.90012	0.96878
1092.5	0.84184	0.89988	0.96877
1092.6	0.84152	0.89965	0.96876
1092.7	0.8412	0.89941	0.96875
1092.8	0.84087	0.89918	0.96874
1092.9	0.84054	0.89894	0.96873
1093	0.8402	0.8987	0.96872
1093.1	0.83986	0.89846	0.96871
1093.2	0.83952	0.89822	0.9687
1093.3	0.83917	0.89798	0.96869
1093.4	0.83882	0.89774	0.96867
1093.5	0.83847	0.8975	0.96866
1093.6	0.83811	0.89726	0.96865
1093.7	0.83775	0.89701	0.96863
1093.8	0.83739	0.89677	0.96862
1093.9	0.83702	0.89652	0.96861
1094	0.83665	0.89627	0.96859
1094.1	0.83628	0.89603	0.96858
1094.2	0.8359	0.89578	0.96856
1094.3	0.83552	0.89553	0.96855
1094.4	0.83514	0.89528	0.96853
1094.5	0.83476	0.89504	0.96852
1094.6	0.83437	0.89479	0.9685
1094.7	0.83398	0.89454	0.96848
1094.8	0.83359	0.89429	0.96847
1094.9	0.83319	0.89404	0.96845
1095	0.8328	0.89379	0.96843
1095.1	0.8324	0.89354	0.96841
1095.2	0.83199	0.89329	0.9684
1095.3	0.83159	0.89304	0.96838
1095.4	0.83118	0.89279	0.96836
1095.5	0.83078	0.89254	0.96834
1095.6	0.83037	0.89229	0.96832
1095.7	0.82995	0.89205	0.9683
1095.8	0.82954	0.8918	0.96828
1095.9	0.82913	0.89155	0.96826
1096	0.82871	0.8913	0.96824
1096.1	0.82829	0.89106	0.96822
1096.2	0.82787	0.89081	0.9682
1096.3	0.82745	0.89056	0.96818
1096.4	0.82703	0.89032	0.96816
1096.5	0.82661	0.89007	0.96814
1096.6	0.82618	0.88983	0.96811
1096.7	0.82576	0.88959	0.96809
1096.8	0.82533	0.88934	0.96807
1096.9	0.82491	0.8891	0.96805
1097	0.82448	0.88886	0.96802
1097.1	0.82405	0.88862	0.968
1097.2	0.82363	0.88838	0.96798
1097.3	0.8232	0.88815	0.96795
1097.4	0.82277	0.88791	0.96793
1097.5	0.82234	0.88767	0.9679
1097.6	0.82191	0.88744	0.96788
1097.7	0.82149	0.88721	0.96785
1097.8	0.82106	0.88698	0.96783
1097.9	0.82063	0.88674	0.9678
1098	0.8202	0.88652	0.96778
1098.1	0.81978	0.88629	0.96775
1098.2	0.81935	0.88606	0.96772
1098.3	0.81892	0.88584	0.9677
1098.4	0.8185	0.88562	0.96767
1098.5	0.81808	0.88539	0.96764
1098.6	0.81765	0.88517	0.96762
1098.7	0.81723	0.88496	0.96759
1098.8	0.81681	0.88474	0.96756
1098.9	0.81639	0.88452	0.96754
1099	0.81597	0.88431	0.96751
1099.1	0.81555	0.8841	0.96748
1099.2	0.81514	0.88389	0.96745
1099.3	0.81472	0.88368	0.96742
1099.4	0.81431	0.88348	0.96739
1099.5	0.8139	0.88327	0.96737
1099.6	0.81349	0.88307	0.96734
1099.7	0.81309	0.88287	0.96731
1099.8	0.81268	0.88268	0.96728
1099.9	0.81228	0.88248	0.96725
