# wavelength (nm), 	 n 	 k
3.041160000000002e-07	1.6574146149146327	0.06153799999999988
3.0414726260076934e-07	1.6574030801917667	0.06151972393325722
3.0417852841528e-07	1.6573915442831504	0.061501445987766364
3.042097974438625e-07	1.6573800071886633	0.061483166163334206
3.042410696868466e-07	1.6573684689081827	0.061464884459768
3.0427234514456406e-07	1.6573569294415866	0.061446600876873786
3.0430362381734466e-07	1.6573453887887535	0.061428315414458756
3.0433490570551897e-07	1.657333846949561	0.06141002807232967
3.0436619080941745e-07	1.6573223039238867	0.06139173885029334
3.043974791293707e-07	1.65731075971161	0.06137344774815651
3.044287706657087e-07	1.6572992143126082	0.06135515476572627
3.0446006541876333e-07	1.6572876677267587	0.06133685990280857
3.0449136338886464e-07	1.6572761199539405	0.06131856315921051
3.0452266457634335e-07	1.6572645709940308	0.06130026453473873
3.0455396898153024e-07	1.657253020846908	0.06128196402919986
3.0458527660475603e-07	1.65724146951245	0.061263661642400574
3.046165874463509e-07	1.6572299169905356	0.06124535737414783
3.0464790150664696e-07	1.6572183632810413	0.06122705122424748
3.0467921878597444e-07	1.657206808383845	0.061208743192506465
3.047105392846643e-07	1.6571952522988251	0.06119043327873134
3.047418630030474e-07	1.6571836950258603	0.061172121482728645
3.0477318994145486e-07	1.657172136564828	0.061153807804304836
3.0480452010021693e-07	1.6571605769156048	0.06113549224326684
3.04835853479666e-07	1.6571490160780704	0.06111717479942034
3.048671900801324e-07	1.6571374540521016	0.0610988554725722
3.048985299019474e-07	1.6571258908375759	0.0610805342625288
3.049298729454421e-07	1.6571143264343726	0.06106221116909657
3.0496121921094765e-07	1.6571027608423679	0.061043886192081925
3.0499256869879464e-07	1.6570911940614401	0.06102555933129159
3.0502392140931554e-07	1.6570796260914684	0.06100723058653121
3.050552773428411e-07	1.6570680569323282	0.06098889995760741
3.050866364997026e-07	1.6570564865838984	0.06097056744432655
3.051179988802314e-07	1.6570449150460569	0.060952233046494914
3.051493644847589e-07	1.6570333423186814	0.06093389676391876
3.051807333136158e-07	1.6570217684016495	0.06091555859640475
3.052121053671349e-07	1.657010193294839	0.06089721854375833
3.052434806456471e-07	1.6569986169981266	0.06087887660578611
3.052748591494838e-07	1.6569870395113917	0.060860532782294266
3.0530624087897667e-07	1.656975460834511	0.06084218707308898
3.0533762583445723e-07	1.656963880967362	0.06082383947797639
3.0536901401625717e-07	1.6569522999098225	0.060805489996762635
3.0540040542470746e-07	1.6569407176617705	0.0607871386292542
3.0543180006014105e-07	1.6569291342230834	0.060768785375256464
3.0546319792288913e-07	1.6569175495936386	0.060750430234575804
3.0549459901328335e-07	1.6569059637733148	0.06073207320701834
3.0552600333165556e-07	1.656894376761987	0.060713714292390066
3.0555741087833756e-07	1.6568827885595354	0.060695353490497025
3.0558882165366066e-07	1.6568711991658365	0.06067699080114552
3.0562023565795795e-07	1.6568596085807679	0.060658626224140824
3.056516528915607e-07	1.6568480168042063	0.06064025975928928
3.0568307335480103e-07	1.6568364238360307	0.06062189140639677
3.0571449704801074e-07	1.6568248296761179	0.06060352116526928
3.0574592397152204e-07	1.6568132343243458	0.0605851490357126
3.0577735412566624e-07	1.6568016377805916	0.060566775017533075
3.058087875107768e-07	1.656790040044732	0.06054839911053573
3.058402241271852e-07	1.6567784411166457	0.06053002131452683
3.058716639752235e-07	1.6567668409962086	0.060511641629312184
3.059031070552241e-07	1.6567552396833003	0.06049326005469754
3.059345533675191e-07	1.6567436371777968	0.06047487659048872
3.0596600291244023e-07	1.6567320334795754	0.060456491236491806
3.05997455690321e-07	1.656720428588514	0.060438103992511816
3.060289117014931e-07	1.6567088225044895	0.060419714858354845
3.0606037094628895e-07	1.6566972152273793	0.060401323833826584
3.06091833425041e-07	1.6566856067570621	0.06038293091873265
3.061232991380816e-07	1.656673997093413	0.060364536112878765
3.061547680857427e-07	1.6566623862363115	0.060346139416070886
3.06186240268358e-07	1.6566507741856336	0.060327740828113915
3.0621771568625944e-07	1.6566391609412565	0.06030934034881382
3.062491943397796e-07	1.6566275465030587	0.06029093797797615
3.0628067622925114e-07	1.6566159308709156	0.06027253371540645
3.0631216135500665e-07	1.6566043140447055	0.06025412756091029
3.063436497173788e-07	1.656592696024306	0.06023571951429316
3.0637514131669977e-07	1.6565810768095948	0.06021730957536091
3.0640663615330346e-07	1.6565694564004476	0.06019889774391832
3.0643813422752215e-07	1.6565578347967422	0.06018048401977115
3.0646963553968854e-07	1.6565462119983567	0.06016206840272488
3.0650114009013553e-07	1.6565345880051665	0.06014365089258493
3.0653264787919606e-07	1.6565229628170515	0.06012523148915666
3.0656415890720236e-07	1.6565113364338853	0.06010681019224583
3.0659567317448866e-07	1.656499708855548	0.060088387001657056
3.0662719068138735e-07	1.6564880800819157	0.06006996191719602
3.066587114282315e-07	1.656476450112865	0.060051534938668036
3.0669023541535405e-07	1.6564648189482738	0.06003310606587842
3.0672176264308813e-07	1.6564531865880185	0.06001467529863246
3.067532931117663e-07	1.656441553031978	0.05999624263673573
3.0678482682172295e-07	1.6564299182800268	0.05997780807999277
3.0681636377329066e-07	1.6564182823320435	0.05995937162820912
3.068479039668026e-07	1.6564066451879043	0.05994093328119003
3.068794474025921e-07	1.6563950068474873	0.05992249303874061
3.069109940809925e-07	1.6563833673106685	0.05990405090066605
3.069425440023364e-07	1.6563717265773255	0.05988560686677182
3.069740971669585e-07	1.6563600846473354	0.059867160936862354
3.0700565357519154e-07	1.6563484415205754	0.05984871311074305
3.07037213227369e-07	1.6563367971969218	0.059830263388219035
3.0706877612382427e-07	1.6563251516762507	0.05981181176909532
3.0710034226489093e-07	1.6563135049584412	0.059793358253176956
3.071319116509019e-07	1.6563018570433694	0.0597749028402693
3.0716348428219193e-07	1.6562902079309114	0.05975644553017668
3.071950601590941e-07	1.656278557620944	0.05973798632270435
3.0722663928194197e-07	1.6562669061133461	0.05971952521765732
3.072582216510693e-07	1.6562552534079928	0.05970106221484048
3.072898072668097e-07	1.6562435995047615	0.05968259731405878
3.0732139612949637e-07	1.6562319444035292	0.05966413051511746
3.0735298823946436e-07	1.6562202881041719	0.05964566181782063
3.073845835970468e-07	1.656208630606568	0.05962719122197358
3.074161822025775e-07	1.6561969719105931	0.0596087187273811
3.0744778405639045e-07	1.656185312016124	0.059590244333848005
3.074793891588195e-07	1.6561736509230387	0.0595717680411791
3.075109975101986e-07	1.6561619886312118	0.05955328984917914
3.0754260911086116e-07	1.6561503251405223	0.05953480975765324
3.0757422396114243e-07	1.6561386604508466	0.0595163277664054
3.0760584206137584e-07	1.6561269945620603	0.0594978438752407
3.076374634118954e-07	1.65611532747404	0.059479358083963874
3.076690880130354e-07	1.656103659186664	0.05946087039237954
3.0770071586512984e-07	1.6560919896998076	0.05944238080029236
3.077323469685124e-07	1.6560803190133484	0.05942388930750734
3.0776398132351845e-07	1.6560686471271628	0.05940539591382838
3.077956189304817e-07	1.6560569740411282	0.059386900619060407
3.078272597897365e-07	1.6560452997551192	0.059368403423007976
3.07858903901617e-07	1.6560336242690135	0.059349904325475704
3.0789055126645774e-07	1.656021947582689	0.05933140332626806
3.0792220188459246e-07	1.6560102696960206	0.05931290042518993
3.0795385575635676e-07	1.6559985906088863	0.05929439562204511
3.0798551288208457e-07	1.6559869103211615	0.05927588891663838
3.080171732621103e-07	1.6559752288327227	0.05925738030877426
3.0804883689676857e-07	1.6559635461434483	0.05923886979825714
3.080805037863939e-07	1.655951862253213	0.059220357384891426
3.0811217393132037e-07	1.6559401771618933	0.05920184306848188
3.081438473318837e-07	1.6559284908693668	0.059183326848832166
3.0817552398841806e-07	1.6559168033755094	0.05916480872574696
3.0820720390125814e-07	1.6559051146801977	0.0591462886990306
3.082388870707387e-07	1.6558934247833088	0.05912776676848741
3.082705734971944e-07	1.6558817336847185	0.05910924293392169
3.083022631809596e-07	1.6558700413843035	0.05909071719513804
3.083339561223703e-07	1.65585834788194	0.05907218955194003
3.0836565232176077e-07	1.6558466531775042	0.05905366000413218
3.083973517794659e-07	1.655834957270873	0.05903512855151878
3.0842905449582066e-07	1.6558232601619236	0.05901659519390396
3.0846076047116e-07	1.6558115618505307	0.058998059931091945
3.08492469705819e-07	1.655799862336572	0.058979522762886843
3.0852418220013206e-07	1.6557881616199237	0.058960983689093145
3.0855589795443556e-07	1.6557764597004605	0.058942442709514216
3.085876169690639e-07	1.6557647565780615	0.05892389982395458
3.086193392443523e-07	1.6557530522526014	0.05890535503221825
3.0865106478063594e-07	1.6557413467239568	0.05888680833410926
3.0868279357825e-07	1.6557296399920038	0.05886825972943169
3.087145256375292e-07	1.6557179320566193	0.058849709217989876
3.0874626095881006e-07	1.6557062229176789	0.05883115679958708
3.0877799954242723e-07	1.6556945125750588	0.05881260247402765
3.088097413887161e-07	1.6556828010286364	0.058794046241115526
3.088414864980121e-07	1.6556710882782866	0.05877548810065462
3.088732348706506e-07	1.655659374323887	0.058756928052448865
3.0890498650696653e-07	1.6556476591653124	0.058738366096302494
3.089367414072966e-07	1.6556359428024396	0.058719802232018635
3.089684995719756e-07	1.6556242252351452	0.05870123645940154
3.090002610013393e-07	1.6556125064633054	0.05868266877825501
3.0903202569572316e-07	1.6556007864867954	0.05866409918838285
3.090637936554629e-07	1.6555890653054925	0.05864552768958885
3.090955648808935e-07	1.6555773429192722	0.058626954281677135
3.09127339372352e-07	1.6555656193280108	0.05860837896445073
3.091591171301734e-07	1.6555538945315844	0.058589801737713706
3.0919089815469363e-07	1.655542168529869	0.05857122260126979
3.092226824462484e-07	1.6555304413227414	0.058552641554922666
3.0925447000517353e-07	1.6555187129100764	0.05853405859847601
3.092862608318043e-07	1.6555069832917513	0.05851547373173382
3.0931805492647797e-07	1.6554952524676414	0.05849688695449896
3.093498522895298e-07	1.655483520437623	0.058478298266575426
3.093816529212957e-07	1.6554717872015716	0.05845970766776681
3.0941345682211176e-07	1.6554600527593641	0.05844111515787668
3.09445263992314e-07	1.655448317110877	0.058422520736708575
3.094770744322379e-07	1.6554365802559845	0.058403924404066394
3.095088881422209e-07	1.655424842194564	0.058385326159752844
3.095407051225984e-07	1.6554131029264916	0.058366726003571893
3.0957252537370674e-07	1.655401362451642	0.05834812393532687
3.09604348895882e-07	1.6553896207698908	0.05832951995482133
3.0963617568946053e-07	1.6553778778811166	0.05831091406185863
3.096680057547786e-07	1.6553661337851924	0.058292306256242196
3.096998390921719e-07	1.6553543884819961	0.05827369653777578
3.09731675701978e-07	1.6553426419714035	0.058255084906262015
3.097635155845328e-07	1.655330894253288	0.05823647136150459
3.097953587401726e-07	1.6553191453275287	0.05821785590330685
3.09827205169234e-07	1.6553073951939994	0.058199238531472075
3.098590548720534e-07	1.6552956438525772	0.05818061924580356
3.0989090784896676e-07	1.6552838913031376	0.05816199804610492
3.0992276410031187e-07	1.6552721375455552	0.05814337493217867
3.0995462362642473e-07	1.6552603825797076	0.058124749903828404
3.09986486427642e-07	1.6552486264054689	0.05810612296085731
3.100183525043003e-07	1.6552368690227166	0.05808749410306858
3.100502218567364e-07	1.6552251104313254	0.05806886333026536
3.1008209448528636e-07	1.6552133506311713	0.05805023064225118
3.1011397039028824e-07	1.6552015896221295	0.05803159603882842
3.1014584957207826e-07	1.6551898274040764	0.05801295951980051
3.1017773203099317e-07	1.6551780639768883	0.05799432108497059
3.1020961776737e-07	1.6551662993404392	0.05797568073414166
3.102415067815455e-07	1.655154533494606	0.057957038467116806
3.1027339907385617e-07	1.6551427664392646	0.05793839428369936
3.103052946446401e-07	1.6551309981742905	0.057919748183691645
3.1033719349423377e-07	1.6551192286995582	0.05790110016689698
3.1036909562297425e-07	1.6551074580149439	0.05788245023311828
3.104010010311985e-07	1.6550956861203243	0.057863798382158584
3.104329097192438e-07	1.6550839130155737	0.05784514461382071
3.1046482168744665e-07	1.6550721387005685	0.057826488927907954
3.104967369361454e-07	1.6550603631751841	0.05780783132422249
3.1052865546567675e-07	1.6550485864392959	0.05778917180256753
3.10560577276378e-07	1.6550368084927793	0.05777051036274585
3.105925023685863e-07	1.6550250293355104	0.05775184700456035
3.106244307426391e-07	1.655013248967364	0.057733181727813776
3.1065636239887373e-07	1.6550014673882163	0.05771451453230891
3.1068829733762696e-07	1.6549896845979426	0.05769584541784888
3.107202355592375e-07	1.6549779005964187	0.05767717438423571
3.107521770640422e-07	1.6549661153835193	0.057658501431272415
3.107841218523785e-07	1.65495432895912	0.05763982655876178
3.108160699245841e-07	1.6549425413230974	0.05762114976650637
3.1084802128099643e-07	1.6549307524753256	0.05760247105430893
3.108799759219525e-07	1.6549189624156808	0.05758379042197244
3.109119338477912e-07	1.654907171144038	0.05756510786929876
3.109438950588496e-07	1.654895378660273	0.057546423396090875
3.109758595554655e-07	1.654883584964261	0.057527737002151316
3.110078273379765e-07	1.654871790055877	0.05750904868728267
3.110397984067205e-07	1.6548599939349968	0.05749035845128744
3.1107177276203463e-07	1.6548481966014963	0.05747166629396855
3.1110375040425804e-07	1.6548363980552494	0.05745297221512771
3.1113573133372795e-07	1.654824598296133	0.05743427621456779
3.1116771555078235e-07	1.6548127973240212	0.057415578292091186
3.111997030557591e-07	1.65480099513879	0.05739687844750042
3.112316938489962e-07	1.6547891917403146	0.057378176680597845
3.1126368793083116e-07	1.6547773871284703	0.05735947299118621
3.1129568530160324e-07	1.6547655813031321	0.05734076737906717
3.113276859616499e-07	1.6547537742641751	0.05732205984404343
3.1135968991130924e-07	1.654741966011475	0.057303350385917336
3.1139169715091946e-07	1.6547301565449068	0.05728463900449118
3.1142370768081874e-07	1.6547183458643462	0.05726592569956726
3.114557215013447e-07	1.6547065339696678	0.05724721047094821
3.1148773861283696e-07	1.654694720860747	0.05722849331843552
3.1151975901563305e-07	1.6546829065374582	0.05720977424183182
3.115517827100714e-07	1.6546710909996782	0.0571910532409393
3.115838096964903e-07	1.6546592742472812	0.057172330315560155
3.1161583997522823e-07	1.654647456280142	0.05715360546549654
3.1164787354662305e-07	1.654635637098137	0.05713487869055095
3.116799104110144e-07	1.6546238167011396	0.057116149990524806
3.1171195056874023e-07	1.654611995089026	0.05709741936522058
3.1174399402013905e-07	1.654600172261671	0.05707868681444034
3.117760407655494e-07	1.6545883482189496	0.05705995233798619
3.1180809080531005e-07	1.6545765229607372	0.0570412159356601
3.1184014413975955e-07	1.6545646964869083	0.05702247760726414
3.118722007692359e-07	1.654552868797339	0.0570037373526007
3.119042606940792e-07	1.654541039891903	0.056984995171471
3.1193632391462753e-07	1.654529209770476	0.05696625106367738
3.119683904312197e-07	1.654517378432933	0.056947505029021746
3.120004602441945e-07	1.6545055458791489	0.05692875706730608
3.1203253335389084e-07	1.6544937121089984	0.05691000717833222
3.120646097606469e-07	1.6544818771223575	0.056891255361902496
3.12096689464803e-07	1.6544700409190995	0.05687250161781796
3.1212877246669734e-07	1.6544582034991004	0.05685374594588087
3.1216085876666905e-07	1.654446364862235	0.05683498834589299
3.121929483650571e-07	1.6544345250083778	0.05681622881765616
3.122250412622005e-07	1.6544226839374043	0.05679746736097219
3.122571374584379e-07	1.6544108416491894	0.05677870397564312
3.1228923695410954e-07	1.6543989981436078	0.05675993866147004
3.1232133974955403e-07	1.6543871534205339	0.05674117141825498
3.1235344584511057e-07	1.6543753074798428	0.056722402245799664
3.1238555524111844e-07	1.6543634603214095	0.05670363114390575
3.124176679379169e-07	1.6543516119451087	0.0566848581123749
3.124497839358446e-07	1.6543397623508154	0.05666608315100913
3.1248190323524214e-07	1.6543279115384038	0.05664730625960933
3.1251402583644834e-07	1.6543160595077493	0.056628527437977444
3.125461517398026e-07	1.6543042062587263	0.05660974668591506
3.125782809456444e-07	1.6542923517912103	0.05659096400322369
3.1261041345431317e-07	1.654280496105075	0.05657217938970492
3.126425492661478e-07	1.654268639200196	0.05655339284516063
3.1267468838148915e-07	1.6542567810764468	0.05653460436939158
3.127068308006762e-07	1.6542449217337036	0.056515813962199575
3.1273897652404856e-07	1.65423306117184	0.05649702162338609
3.127711255519459e-07	1.6542211993907319	0.05647822735275255
3.128032778847079e-07	1.6542093363902524	0.05645943115010039
3.128354335226743e-07	1.6541974721702768	0.056440633015230945
3.1286759246618424e-07	1.6541856067306804	0.05642183294794605
3.128997547155788e-07	1.6541737400713366	0.056403030948046246
3.129319202711972e-07	1.654161872192121	0.05638422701533322
3.1296408913337924e-07	1.654150003092908	0.05636542114960835
3.1299626130246493e-07	1.654138132773572	0.05634661335067287
3.130284367787941e-07	1.6541262612339875	0.05632780361832809
3.130606155627062e-07	1.6541143884740295	0.0563089919523756
3.1309279765454253e-07	1.6541025144935717	0.05629017835261585
3.1312498305464237e-07	1.6540906392924897	0.056271362818850514
3.131571717633459e-07	1.6540787628706572	0.0562525453508807
3.131893637809932e-07	1.6540668852279488	0.05623372594850763
3.132215591079245e-07	1.6540550063642394	0.05621490461153242
3.132537577444792e-07	1.6540431262794033	0.056196081339756565
3.13285959690999e-07	1.654031244973315	0.05617725613298041
3.1331816494782337e-07	1.654019362445849	0.056158428991005475
3.1335037351529267e-07	1.6540074786968795	0.05613959991363275
3.1338258539374715e-07	1.6539955937262814	0.05612076890066335
3.134148005835273e-07	1.653983707533928	0.056101935951898246
3.1344701908497273e-07	1.6539718201196953	0.05608310106713885
3.1347924089842526e-07	1.6539599314834565	0.05606426424618538
3.135114660242247e-07	1.6539480416250867	0.05604542548883917
3.135436944627116e-07	1.6539361505444596	0.056026584794901135
3.1357592621422636e-07	1.65392425824145	0.056007742164172265
3.1360816127910965e-07	1.6539123647159322	0.055988897596453424
3.1364039965770146e-07	1.6539004699677806	0.055970051091545854
3.1367264135034365e-07	1.6538885739968692	0.05595120264924969
3.137048863573763e-07	1.6538766768030724	0.05593235226936613
3.137371346791401e-07	1.6538647783862648	0.05591349995169599
3.1376938631597583e-07	1.6538528787463203	0.055894645696040086
3.1380164126822425e-07	1.6538409778831136	0.05587578950219918
3.138338995362255e-07	1.6538290757965182	0.05585693136997445
3.138661611203218e-07	1.6538171724864092	0.055838071299165806
3.1389842602085335e-07	1.6538052679526603	0.0558192092895744
3.139306942381611e-07	1.6537933621951457	0.055800345341000895
3.139629657725859e-07	1.6537814552137398	0.05578147945324602
3.139952406244689e-07	1.653769547008317	0.055762611626110334
3.1402751879415105e-07	1.6537576375787506	0.05574374185939458
3.140598002819728e-07	1.6537457269249158	0.055724870152899675
3.1409208508827647e-07	1.6537338150466867	0.05570599650642549
3.1412437321340264e-07	1.6537219019439364	0.055687120919772966
3.141566646576924e-07	1.65370998761654	0.055668243392742664
3.14188959421487e-07	1.6536980720643712	0.05564936392513512
3.142212575051277e-07	1.6536861552873041	0.05563048251675082
3.1425355890895507e-07	1.653674237285213	0.05561159916739067
3.1428586363331173e-07	1.6536623180579717	0.05559271387685435
3.143181716785384e-07	1.6536503976054542	0.05557382664494271
3.1435048304497645e-07	1.6536384759275347	0.05555493747145618
3.1438279773296733e-07	1.6536265530240877	0.05553604635619515
3.144151157428524e-07	1.6536146288949862	0.05551715329896004
3.1444743707497256e-07	1.6536027035401055	0.05549825829955157
3.1447976172967063e-07	1.6535907769593183	0.05547936135776935
3.1451208970728753e-07	1.6535788491524996	0.055460462473414046
3.1454442100816477e-07	1.6535669201195224	0.05544156164628604
3.145767556326441e-07	1.6535549898602613	0.05542265887618553
3.14609093581067e-07	1.65354305837459	0.05540375416291286
3.146414348537747e-07	1.653531125662383	0.0553848475062686
3.1467377945111016e-07	1.6535191917235135	0.05536593890605225
3.147061273734145e-07	1.6535072565578557	0.05534702836206436
3.147384786210295e-07	1.653495320165283	0.05532811587410515
3.14770833194297e-07	1.65348338254567	0.05530920144197476
3.1480319109355883e-07	1.6534714436988904	0.05529028506547336
3.1483555231915634e-07	1.6534595036248185	0.05527136674440142
3.1486791687143276e-07	1.6534475623233265	0.05525244647855826
3.1490028475072934e-07	1.6534356197942897	0.055233524267744416
3.149326559573882e-07	1.6534236760375816	0.055214600111759875
3.1496503049175127e-07	1.6534117310530758	0.05519567401040473
3.149974083541607e-07	1.653399784840646	0.05517674596347896
3.1502978954495793e-07	1.6533878374001665	0.05515781597078299
3.1506217406448643e-07	1.6533758887315104	0.05513888403211599
3.150945619130878e-07	1.6533639388345516	0.0551199501472783
3.151269530911041e-07	1.6533519877091643	0.055101014316069896
3.1515934759887774e-07	1.6533400353552221	0.05508207653829068
3.15191745436751e-07	1.6533280817725982	0.055063136813740504
3.1522414660506607e-07	1.6533161269611663	0.05504419514221933
3.1525655110416484e-07	1.6533041709208012	0.055025251523527295
3.152889589343909e-07	1.653292213651375	0.05500630595746355
3.1532137009608603e-07	1.6532802551527628	0.054987358443828266
3.153537845895928e-07	1.653268295424837	0.05496840898242121
3.153862024152536e-07	1.6532563344674718	0.05494945757304216
3.1541862357341106e-07	1.653244372280541	0.0549305042154909
3.1545104806440703e-07	1.6532324088639179	0.05491154890956752
3.1548347588858544e-07	1.6532204442174765	0.054892591655070995
3.155159070462883e-07	1.6532084783410899	0.05487363245180135
3.155483415378583e-07	1.6531965112346314	0.0548546712995583
3.1558077936363817e-07	1.6531845428979752	0.05483570819814146
3.1561322052397065e-07	1.6531725733309948	0.05481674314735044
3.156456650191978e-07	1.653160602533564	0.054797776146985305
3.1567811284966384e-07	1.6531486305055547	0.0547788071968448
3.157105640157109e-07	1.6531366572468422	0.054759836296728925
3.1574301851768196e-07	1.6531246827572992	0.054740863446437214
3.157754763559199e-07	1.6531127070367995	0.054721888645769164
3.158079375307677e-07	1.653100730085216	0.05470291189452431
3.158404020425676e-07	1.653088751902423	0.05468393319250252
3.158728698916641e-07	1.653076772488293	0.05466495253950247
3.1590534107839953e-07	1.6530647918427004	0.05464596993532399
3.1593781560311697e-07	1.6530528099655177	0.05462698537976654
3.1597029346615965e-07	1.6530408268566188	0.054607998872629446
3.1600277466787063e-07	1.6530288425158768	0.054589010413712176
3.160352592085926e-07	1.6530168569431651	0.0545700200028144
3.1606774708866993e-07	1.6530048701383577	0.05455102763973476
3.161002383084454e-07	1.6529928821013269	0.0545320333242729
3.1613273286826226e-07	1.6529808928319467	0.054513037056228154
3.1616523076846393e-07	1.6529689023300902	0.05449403883539976
3.161977320093937e-07	1.652956910595631	0.05447503866158701
3.1623023659139504e-07	1.652944917628442	0.05445603653458914
3.1626274451481075e-07	1.6529329234283971	0.05443703245420575
3.162952557799856e-07	1.6529209279953687	0.054418026420235244
3.1632777038726255e-07	1.65290893132923	0.05439901843247719
3.1636028833698506e-07	1.652896933429855	0.054380008490730755
3.163928096294968e-07	1.652884934297117	0.054360996594795055
3.164253342651413e-07	1.652872933930889	0.05434198274446924
3.1645786224426174e-07	1.6528609323310435	0.054322966939552735
3.1649039356720295e-07	1.652848929497454	0.054303949179843894
3.1652292823430817e-07	1.6528369254299946	0.054284929465142094
3.165554662459211e-07	1.6528249201285372	0.05426590779524641
3.165880076023855e-07	1.6528129135929557	0.05424688416995584
3.166205523040453e-07	1.6528009058231228	0.054227858589069367
3.166531003512437e-07	1.6527888968189124	0.05420883105238636
3.166856517443259e-07	1.6527768865801968	0.05418980155970497
3.1671820648363527e-07	1.6527648751068493	0.05417077011082452
3.167507645695157e-07	1.6527528623987426	0.05415173670554393
3.167833260023113e-07	1.6527408484557504	0.05413270134366207
3.168158907823661e-07	1.6527288332777461	0.05411366402497779
3.1684845891002345e-07	1.652716816864602	0.05409462474929036
3.168810303856289e-07	1.6527047992161912	0.054075583516397796
3.1691360520952593e-07	1.6526927803323872	0.0540565403260993
3.1694618338205867e-07	1.652680760213062	0.05403749517819369
3.169787649035715e-07	1.6526687388580894	0.054018448072479644
3.1701134977440853e-07	1.6526567162673425	0.05399939900875598
3.170439379949135e-07	1.6526446924406943	0.05398034798682176
3.17076529565432e-07	1.6526326673780165	0.053961295006474945
3.1710912448630783e-07	1.6526206410791837	0.05394224006751457
3.1714172275788537e-07	1.6526086135440676	0.053923183169739305
3.17174324380509e-07	1.652596584772542	0.05390412431294782
3.172069293545233e-07	1.6525845547644795	0.053885063496938654
3.1723953768027213e-07	1.6525725235197526	0.05386600072151082
3.172721493581013e-07	1.652560491038235	0.05384693598646216
3.173047643883547e-07	1.6525484573197986	0.0538278692915916
3.17337382771377e-07	1.6525364223643166	0.05380880063669766
3.173700045075129e-07	1.6525243861716616	0.053789730021578844
3.174026295971071e-07	1.6525123487417073	0.05377065744603363
3.174352580405043e-07	1.6525003100743263	0.05375158290986054
3.1746788983804854e-07	1.6524882701693904	0.05373250641285839
3.1750052499008604e-07	1.652476229026773	0.053713427954824824
3.175331634969609e-07	1.6524641866463468	0.053694347535558656
3.1756580535901807e-07	1.6524521430279853	0.053675265154858244
3.1759845057660235e-07	1.65244009817156	0.053656180812522006
3.176310991500588e-07	1.6524280520769443	0.05363709450834824
3.176637510797317e-07	1.652416004744011	0.05361800624213568
3.1769640636596734e-07	1.6524039561726327	0.05359891601368186
3.1772906500911013e-07	1.652391906362682	0.05357982382278545
3.177617270095051e-07	1.652379855314031	0.053560729669244744
3.177943923674975e-07	1.6523678030265536	0.05354163355285793
3.1782706108343244e-07	1.6523557495001218	0.05352253547342324
3.178597331576544e-07	1.6523436947346082	0.05350343543073931
3.178924085905099e-07	1.6523316387298854	0.0534843334246035
3.179250873823437e-07	1.652319581485826	0.053465229454814356
3.1795776953350087e-07	1.6523075230023028	0.053446123521170084
3.1799045504432694e-07	1.6522954632791884	0.053427015623468715
3.1802314391516717e-07	1.6522834023163548	0.05340790576150842
3.1805583614636635e-07	1.6522713401136757	0.0533887939350876
3.1808853173827125e-07	1.652259276671022	0.05336968014400357
3.1812123069122664e-07	1.652247211988268	0.05335056438805476
3.1815393300557803e-07	1.652235146065285	0.053331446667039185
3.18186638681671e-07	1.6522230789019459	0.05331232698075483
3.182193477198511e-07	1.6522110104981234	0.05329320532899966
3.182520601204633e-07	1.65219894085369	0.053274081711572045
3.182847758838546e-07	1.6521868699685178	0.053254956128269124
3.1831749501037e-07	1.6521747978424794	0.053235828578889186
3.183502175003552e-07	1.6521627244754467	0.053216699063230136
3.18382943354156e-07	1.6521506498672929	0.053197567581089816
3.184156725721182e-07	1.6521385740178907	0.05317843413226611
3.184484051545876e-07	1.6521264969271114	0.053159298716556835
3.1848114110190943e-07	1.6521144185948284	0.05314016133376019
3.185138804144309e-07	1.6521023390209135	0.05312102198367318
3.1854662309249725e-07	1.652090258205239	0.053101880666093955
3.185793691364545e-07	1.652078176147678	0.05308273738082028
3.186121185466486e-07	1.652066092848102	0.05306359212764987
3.186448713234257e-07	1.6520540083063835	0.0530444449063804
3.186776274671311e-07	1.652041922522395	0.053025295716809986
3.1871038697811235e-07	1.6520298354960088	0.05300614455873547
3.1874314985671485e-07	1.6520177472270974	0.05298699143195493
3.187759161032848e-07	1.652005657715532	0.052967836336265936
3.1880868571816845e-07	1.651993566961186	0.05294867927146614
3.1884145870171207e-07	1.6519814749639314	0.05292952023735306
3.1887423505426125e-07	1.651969381723641	0.05291035923372468
3.189070147761636e-07	1.6519572872401855	0.05289119626037779
3.1893979786776495e-07	1.651945191513438	0.05287203131711023
3.189725843294116e-07	1.6519330945432706	0.05285286440371954
3.1900537416145004e-07	1.6519209963295554	0.05283369552000316
3.1903816736422665e-07	1.651908896872165	0.05281452466575859
3.190709639380874e-07	1.651896796170971	0.05279535184078359
3.1910376388338007e-07	1.6518846942258463	0.05277617704487486
3.191365672004506e-07	1.651872591036662	0.05275700027783015
3.1916937388964555e-07	1.6518604866032909	0.052737821539446846
3.192021839513117e-07	1.6518483809256048	0.052718640829522254
3.192349973857956e-07	1.6518362740034758	0.052699458147853734
3.192678141934434e-07	1.6518241658367767	0.05268027349423898
3.193006343746031e-07	1.6518120564253782	0.05266108686847453
3.193334579296209e-07	1.651799945769153	0.05264189827035798
3.1936628485884355e-07	1.6517878338679737	0.05262270769968666
3.19399115162618e-07	1.6517757207217112	0.05260351515625769
3.194319488412911e-07	1.6517636063302386	0.05258432063986837
3.1946478589520913e-07	1.6517514906934276	0.05256512415031619
3.194976263247204e-07	1.65173937381115	0.05254592568739758
3.1953047013017124e-07	1.6517272556832774	0.05252672525091005
3.1956331731190866e-07	1.651715136309682	0.05250752284065076
3.1959616787027976e-07	1.6517030156902366	0.052488318456416785
3.196290218056316e-07	1.6516908938248118	0.05246911209800521
3.196618791183115e-07	1.6516787707132805	0.052449903765213066
3.196947398086658e-07	1.6516666463555143	0.05243069345783779
3.197276038770431e-07	1.6516545207513844	0.05241148117567564
3.1976047132379006e-07	1.6516423939007638	0.05239226691852397
3.1979334214925386e-07	1.6516302658035238	0.0523730506861798
3.1982621635378185e-07	1.651618136459536	0.05235383247844007
3.198590939377215e-07	1.6516060058686726	0.05233461229510167
3.198919749014194e-07	1.6515938740308056	0.05231539013596194
3.1992485924522437e-07	1.6515817409458067	0.05229616600081699
3.1995774696948325e-07	1.6515696066135475	0.05227693988946405
3.199906380745435e-07	1.6515574710338996	0.052257711801700024
3.200235325607527e-07	1.6515453342067348	0.052238481737321686
3.2005643042845837e-07	1.6515331961319255	0.052219249696125875
3.200893316780075e-07	1.651521056809343	0.05220001567790976
3.2012223630974904e-07	1.651508916238859	0.052180779682469314
3.2015514432403e-07	1.6514967744203455	0.0521615417096017
3.201880557211982e-07	1.6514846313536735	0.0521423017591036
3.202209705016013e-07	1.6514724870387156	0.052123059830771756
3.2025388866558705e-07	1.6514603414753424	0.05210381592440285
3.202868102135027e-07	1.651448194663427	0.052084570039793915
3.2031973514569744e-07	1.6514360466028397	0.052065322176740786
3.2035266346251843e-07	1.651423897293453	0.052046072335040536
3.203855951643137e-07	1.6514117467351384	0.052026820514489716
3.204185302514311e-07	1.6513995949277671	0.05200756671488492
3.204514687242188e-07	1.6513874418712111	0.05198831093602267
3.2048441058302403e-07	1.6513752875653418	0.05196905317769994
3.205173558281962e-07	1.6513631320100304	0.0519497934397125
3.2055030446008287e-07	1.6513509752051492	0.05193053172185712
3.205832564790321e-07	1.6513388171505692	0.051911268023930354
3.206162118853921e-07	1.651326657846162	0.05189200234572865
3.206491706795111e-07	1.6513144972918	0.05187273468704838
3.206821328617373e-07	1.6513023354873533	0.051853465047686044
3.2071509843241845e-07	1.6512901724326943	0.05183419342743834
3.207480673919041e-07	1.6512780081276943	0.051814919826100925
3.207810397405419e-07	1.6512658425722244	0.051795644243470496
3.2081401547868037e-07	1.6512536757661567	0.05177636667934339
3.2084699460666794e-07	1.6512415077093623	0.05175708713351589
3.20879977124853e-07	1.6512293384017123	0.05173780560578431
3.2091296303358346e-07	1.6512171678430791	0.05171852209594528
3.209459523332091e-07	1.6512049960333326	0.051699236603794316
3.2097894502407796e-07	1.6511928229723456	0.051679949129127954
3.210119411065386e-07	1.6511806486599885	0.05166065967174244
3.210449405809396e-07	1.6511684730961333	0.05164136823143395
3.210779434476297e-07	1.6511562962806514	0.051622074807998644
3.2111094970695704e-07	1.6511441182134134	0.05160277940123302
3.211439593592716e-07	1.6511319388942913	0.05158348201093244
3.211769724049215e-07	1.651119758323156	0.05156418263689343
3.2120998884425564e-07	1.6511075764998788	0.05154488127891199
3.2124300867762285e-07	1.6510953934243318	0.05152557793678421
3.2127603190537205e-07	1.6510832090963852	0.05150627261030611
3.213090585278515e-07	1.651071023515911	0.05148696529927412
3.2134208854541144e-07	1.6510588366827796	0.05146765600348344
3.213751219584003e-07	1.6510466485968633	0.05144834472273044
3.2140815876716706e-07	1.6510344592580324	0.051429031456811033
3.214411989720609e-07	1.6510222686661584	0.051409716205521164
3.2147424257343084e-07	1.6510100768211127	0.05139039896865675
3.215072895716254e-07	1.6509978837227663	0.05137107974601405
3.2154033996699507e-07	1.6509856893709909	0.0513517585373882
3.2157339375988846e-07	1.6509734937656566	0.05133243534257537
3.216064509506548e-07	1.6509612969066352	0.05131311016137141
3.216395115396434e-07	1.6509490987937976	0.05129378299357211
3.2167257552720354e-07	1.6509368994270153	0.05127445383897329
3.21705642913684e-07	1.650924698806159	0.05125512269737106
3.217387136994355e-07	1.6509124969311	0.05123578956856037
3.217717878848067e-07	1.6509002938017092	0.051216454452337405
3.218048654701473e-07	1.6508880894178573	0.05119711734849776
3.218379464558066e-07	1.650875883779416	0.051177778256837184
3.2187103084213417e-07	1.6508636768862561	0.05115843717715132
3.219041186294797e-07	1.650851468738249	0.05113909410923578
3.219372098181921e-07	1.6508392593352652	0.051119749052886576
3.219703044086223e-07	1.6508270486771757	0.051100402007898525
3.2200340240111944e-07	1.6508148367638515	0.05108105297406756
3.220365037960331e-07	1.6508026235951636	0.05106170195118931
3.2206960859371317e-07	1.6507904091709835	0.051042348939059214
3.221027167945094e-07	1.6507781934911807	0.051022993937472824
3.2213582839877094e-07	1.6507659765556282	0.05100363694622601
3.22168943406849e-07	1.650753758364195	0.050984277965113484
3.2220206181909285e-07	1.650741538916753	0.050964916993931034
3.222351836358524e-07	1.6507293182131728	0.050945554032474125
3.2226830885747765e-07	1.6507170962533253	0.05092618908053812
3.2230143748431856e-07	1.6507048730370815	0.05090682213791846
3.223345695167246e-07	1.650692648564312	0.050887453204410814
3.2236770495504715e-07	1.650680422834888	0.05086808227980982
3.2240084379963565e-07	1.65066819584868	0.05084870936391116
3.2243398605084026e-07	1.6506559676055588	0.050829334456510125
3.2246713170901123e-07	1.6506437381053949	0.05080995755740196
3.225002807744987e-07	1.65063150734806	0.05079057866638199
3.2253343324765235e-07	1.6506192753334246	0.050771197783245785
3.2256658912882373e-07	1.6506070420613583	0.05075181490778783
3.225997484183626e-07	1.6505948075317334	0.050732430039803635
3.226329111166193e-07	1.6505825717444196	0.050713043179088466
3.226660772239442e-07	1.650570334699288	0.05069365432543739
3.226992467406878e-07	1.6505580963962094	0.05067426347864557
3.2273241966719993e-07	1.6505458568350542	0.05065487063850851
3.227655960038324e-07	1.6505336160156932	0.0506354758048205
3.227987757509351e-07	1.6505213739379974	0.050616078977377
3.228319589088586e-07	1.6505091306018365	0.05059668015597308
3.2286514547795364e-07	1.6504968860070823	0.05057727934040372
3.2289833545857073e-07	1.6504846401536044	0.05055787653046398
3.2293152885106e-07	1.650472393041274	0.05053847172594919
3.2296472565577345e-07	1.6504601446699616	0.05051906492665355
3.229979258730612e-07	1.6504478950395378	0.05049965613237238
3.230311295032742e-07	1.650435644149873	0.05048024534290058
3.2306433654676304e-07	1.6504233920008378	0.05046083255803311
3.230975470038788e-07	1.6504111385923026	0.05044141777756477
3.231307608749723e-07	1.6503988839241388	0.05042200100129048
3.2316397816039386e-07	1.650386627996216	0.05040258222900542
3.231971988604958e-07	1.6503743708084047	0.050383161460503645
3.2323042297562844e-07	1.6503621123605756	0.05036373869558033
3.232636505061429e-07	1.6503498526525993	0.050344313934030244
3.2329688145239024e-07	1.6503375916843461	0.05032488717564813
3.2333011581472157e-07	1.6503253294556859	0.05030545842022876
3.2336335359348744e-07	1.6503130659664906	0.050286027667567165
3.2339659478904034e-07	1.6503008012166296	0.05026659491745732
3.2342983940173087e-07	1.6502885352059735	0.05024716016969424
3.234630874319103e-07	1.6502762679343923	0.05022772342407258
3.234963388799299e-07	1.650263999401757	0.05020828468038697
3.235295937461411e-07	1.650251729607937	0.050188843938431996
3.2356285203089456e-07	1.6502394585528046	0.050169401198002644
3.235961137345431e-07	1.6502271862362283	0.05014995645889267
3.2362937885743744e-07	1.6502149126580787	0.05013050972089702
3.236626473999291e-07	1.6502026378182264	0.05011106098381022
3.236959193623695e-07	1.650190361716542	0.050091610247426796
3.237291947451104e-07	1.6501780843528955	0.05007215751154115
3.2376247354850265e-07	1.6501658057271569	0.05005270277594817
3.2379575577289923e-07	1.650153525839197	0.05003324604044149
3.238290414186511e-07	1.6501412446888857	0.05001378730481594
3.2386233048610996e-07	1.650128962276093	0.04999432656886591
3.238956229756276e-07	1.6501166786006898	0.04997486383238575
3.2392891888755586e-07	1.650104393662546	0.04995539909516981
3.2396221822224577e-07	1.650092107461532	0.04993593235701282
3.2399552098005057e-07	1.6500798199975169	0.049916463617708316
3.240288271613215e-07	1.650067531270372	0.04989699287705094
3.240621367664105e-07	1.6500552412799672	0.04987752013483495
3.240954497956695e-07	1.6500429500261724	0.049858045390854644
3.2412876624945046e-07	1.650030657508858	0.049838568644904234
3.2416208612810554e-07	1.6500183637278942	0.04981908989677786
3.24195409431986e-07	1.650006068683151	0.049799609146270164
3.2422873616144533e-07	1.6499937723744982	0.04978012639317449
3.2426206631683505e-07	1.6499814748018058	0.04976064163728536
3.2429539989850735e-07	1.6499691759649442	0.049741154878396886
3.243287369068144e-07	1.6499568758637837	0.04972166611630319
3.243620773421084e-07	1.6499445744981935	0.049702175350798336
3.243954212047411e-07	1.6499322718680447	0.049682682581676754
3.24428768495066e-07	1.6499199679732066	0.049663187808731725
3.24462119213435e-07	1.6499076628135487	0.049643691031757586
3.244954733602003e-07	1.649895356388942	0.049624192250548406
3.245288309357144e-07	1.6498830486992557	0.04960469146489813
3.245621919403298e-07	1.6498707397443608	0.04958518867460067
3.2459555637439836e-07	1.649858429524126	0.04956568387945036
3.246289242382739e-07	1.6498461180384223	0.04954617707924033
3.2466229553230834e-07	1.6498338052871186	0.049526668273764854
3.2469567025685433e-07	1.6498214912700855	0.04950715746281778
3.2472904841226445e-07	1.6498091759871927	0.04948764464619299
3.247624299988915e-07	1.6497968594383097	0.04946812982368424
3.247958150170874e-07	1.649784541623307	0.04944861299508576
3.248292034672063e-07	1.6497722225420541	0.049429094160190555
3.248625953496004e-07	1.6497599021944214	0.04940957331879274
3.2489599066462246e-07	1.6497475805802775	0.04939005047068608
3.249293894126253e-07	1.6497352576994926	0.04937052561566428
3.24962791593962e-07	1.6497229335519372	0.049350998753521
3.249961972089846e-07	1.6497106081374813	0.04933146988405036
3.250296062580476e-07	1.649698281455993	0.04931193900704519
3.2506301874150325e-07	1.6496859535073436	0.0492924061222995
3.250964346597046e-07	1.6496736242914025	0.04927287122960693
3.251298540130048e-07	1.6496612938080388	0.04925333432876105
3.251632768017569e-07	1.6496489620571226	0.04923379541955544
3.251967030263135e-07	1.6496366290385245	0.049214254501784
3.2523013268702896e-07	1.6496242947521125	0.04919471157523952
3.25263565784256e-07	1.6496119591977572	0.04917516663971584
3.252970023183478e-07	1.6495996223753284	0.049155619695006474
3.253304422896577e-07	1.6495872842846957	0.04913607074090487
3.25363885698539e-07	1.6495749449257282	0.04911651977720449
3.2539733254534517e-07	1.649562604298296	0.04909696680369871
3.254307828304288e-07	1.6495502624022684	0.049077411820181355
3.2546423655414485e-07	1.6495379192375155	0.04905785482644499
3.25497693716846e-07	1.6495255748039064	0.04903829582228338
3.2553115431888586e-07	1.6495132291013106	0.04901873480748982
3.255646183606179e-07	1.6495008821295976	0.04899917178185768
3.255980858423958e-07	1.6494885338886376	0.04897960674518019
3.256315567645725e-07	1.6494761843783001	0.04896003969725103
3.2566503112750303e-07	1.6494638335984533	0.048940470637862644
3.256985089315403e-07	1.6494514815489683	0.04892089956680872
3.257319901770382e-07	1.6494391282297136	0.048901326483882394
3.257654748643504e-07	1.649426773640559	0.0488817513888769
3.257989629938308e-07	1.6494144177813737	0.048862174281585326
3.258324545658325e-07	1.6494020606520279	0.04884259516180127
3.258659495807108e-07	1.6493897022523902	0.048823014029317026
3.258994480388189e-07	1.6493773425823304	0.04880343088392612
3.2593294994051077e-07	1.6493649816417175	0.04878384572542163
3.259664552861404e-07	1.6493526194304216	0.048764258553596576
3.259999640760618e-07	1.6493402559483115	0.048744669368244016
3.2603347631062845e-07	1.6493278911952571	0.04872507816915733
3.260669919901957e-07	1.6493155251711271	0.04870548495612877
3.261005111151171e-07	1.6493031578757908	0.048685889728951624
3.2613403368574674e-07	1.6492907893091182	0.04866629248741894
3.261675597024389e-07	1.649278419470978	0.048646693231323555
3.262010891655478e-07	1.6492660483612402	0.04862709196045845
3.2623462207542703e-07	1.6492536759797731	0.04860748867461688
3.2626815843243235e-07	1.6492413023264472	0.04858788337359086
3.263016982369173e-07	1.6492289274011305	0.048568276057173725
3.2633524148923643e-07	1.649216551203693	0.04854866672515822
3.263687881897441e-07	1.6492041737340037	0.04852905537733718
3.264023383387947e-07	1.6491917949919315	0.04850944201350338
3.2643589193674287e-07	1.6491794149773464	0.04848982663344958
3.264694489839424e-07	1.6491670336901172	0.04847020923696889
3.2650300948074925e-07	1.6491546511301127	0.048450589823853266
3.2653657342751735e-07	1.6491422672972025	0.04843096839389576
3.265701408246013e-07	1.6491298821912557	0.04841134494688908
3.266037116723559e-07	1.649117495812141	0.04839171948262585
3.2663728597113573e-07	1.6491051081597283	0.04837209200089873
3.26670863721295e-07	1.6490927192338862	0.04835246250150069
3.2670444492318974e-07	1.649080329034484	0.04833283098422355
3.2673802957717426e-07	1.64906793756139	0.048313197448860236
3.2677161768360323e-07	1.6490555448144744	0.04829356189520337
3.2680520924283173e-07	1.6490431507936059	0.04827917811864685
3.2683880425521466e-07	1.6490307554986527	0.04826558118110426
3.2687240272110625e-07	1.6490183589294856	0.04825198284582022
3.269060046408629e-07	1.6490059610859715	0.04823838311265046
3.2693961001483907e-07	1.6489935619679812	0.04822478198145157
3.2697321884338975e-07	1.6489811615753824	0.04821117945207982
3.270068311268701e-07	1.6489687599080454	0.048197575524391495
3.2704044686563525e-07	1.6489563569658374	0.048183970198242845
3.270740660600397e-07	1.6489439527486294	0.048170363473490393
3.2710768871044015e-07	1.6489315472562884	0.048156755349989804
3.2714131481719113e-07	1.6489191404886845	0.04814314582759755
3.271749443806479e-07	1.648906732445686	0.04812953490616988
3.2720857740116587e-07	1.6488943231271622	0.048115922585562916
3.272422138791004e-07	1.6488819125329819	0.048102308865632847
3.272758538148062e-07	1.648869500663014	0.048088693746236116
3.273094972086401e-07	1.648857087517127	0.04807507722722829
3.273431440609569e-07	1.6488446730951898	0.048061459308465775
3.273767943721122e-07	1.6488322573970722	0.048047839989804685
3.274104481424615e-07	1.6488198404226415	0.04803421927110108
3.274441053723604e-07	1.648807422171768	0.048020597152211075
3.274777660621638e-07	1.6487950026443188	0.048006973632990994
3.275114302122288e-07	1.6487825818401638	0.04799334871329635
3.2754509782291045e-07	1.6487701597591715	0.04797972239298343
3.2757876889456447e-07	1.648757736401211	0.04796609467190826
3.2761244342754663e-07	1.6487453117661506	0.04795246554992684
3.2764612142221274e-07	1.6487328858538592	0.04793883502689517
3.2767980287891866e-07	1.6487204586642052	0.04792520310266924
3.2771348779801966e-07	1.6487080301970578	0.047911569777105235
3.2774717617987293e-07	1.6486956004522852	0.0478979350500586
3.2778086802483385e-07	1.6486831694297566	0.047884298921385494
3.2781456333325834e-07	1.6486707371293396	0.04787066139094188
3.2784826210550246e-07	1.648658303550904	0.047857022458583635
3.2788196434192234e-07	1.648645868694318	0.047843382124166625
3.2791567004287337e-07	1.6486334325594503	0.04782974038754704
3.2794937920871304e-07	1.6486209951461692	0.04781609724858015
3.279830918397969e-07	1.6486085564543433	0.04780245270712207
3.280168079364811e-07	1.6485961164838414	0.04778880676302866
3.28050527499122e-07	1.6485836752345322	0.0477751594161557
3.280842505280758e-07	1.6485712327062831	0.047761510666359
3.2811797702369815e-07	1.648558788898965	0.047747860513494625
3.2815170698634687e-07	1.6485463438124444	0.04773420895741777
3.2818544041637763e-07	1.6485338974465895	0.047720555997984464
3.2821917731414683e-07	1.6485214498012706	0.04770690163505048
3.28252917680011e-07	1.6485090008763548	0.0476932458684715
3.2828666151432666e-07	1.648496550671711	0.04767958869810325
3.2832040881744965e-07	1.6484840991872076	0.04766593012380169
3.2835415958973795e-07	1.6484716464227132	0.04765227014542195
3.283879138315475e-07	1.6484591923780958	0.047638608762819966
3.284216715432349e-07	1.648446737053224	0.04762494597585141
3.284554327251569e-07	1.6484342804479666	0.04761128178437188
3.2848919737767023e-07	1.6484218225621916	0.04759761618823701
3.28522965501131e-07	1.6484093633957673	0.047583949187302695
3.285567370958973e-07	1.6483969029485621	0.04757028078142395
3.285905121623254e-07	1.6483844412204447	0.04755661097045663
3.286242907007721e-07	1.648371978211283	0.04754293975425631
3.2865807271159436e-07	1.648359513920945	0.04752926713267852
3.286918581951491e-07	1.6483470483493	0.047515593105578784
3.287256471517934e-07	1.6483345814962156	0.04750191767281262
3.287594395818835e-07	1.64832211336156	0.04748824083423581
3.2879323548577785e-07	1.6483096439452019	0.04747456258970329
3.288270348638329e-07	1.648297173247009	0.047460882939070796
3.2886083771640576e-07	1.6482847012668502	0.0474472018821938
3.2889464404385364e-07	1.648272228004593	0.047433519418927726
3.2892845384653375e-07	1.6482597534601053	0.04741983554912798
3.289622671248026e-07	1.6482472776332568	0.0474061502726503
3.2899608387901884e-07	1.6482348005239151	0.04739246358934951
3.290299041095392e-07	1.6482223221319476	0.047378775499081247
3.2906372781672095e-07	1.6482098424572227	0.047365086001700904
3.2909755500092155e-07	1.648197361499609	0.04735139509706379
3.291313856624984e-07	1.6481848792589742	0.04733770278502529
3.291652198018082e-07	1.6481723957351868	0.04732400906544099
3.2919905741921e-07	1.6481599109281144	0.04731031393816563
3.292328985150605e-07	1.6481474248376258	0.04729661740305478
3.292667430897174e-07	1.6481349374635879	0.04728291945996371
3.293005911435382e-07	1.64812244880587	0.04726922010874772
3.293344426768806e-07	1.6481099588643393	0.04725551934926202
3.293682976901017e-07	1.6480974676388647	0.04724181718136212
3.294021561835604e-07	1.6480849751293132	0.0472281136049027
3.2943601815761396e-07	1.6480724813355532	0.04721440861973923
3.2946988361262007e-07	1.648059986257453	0.04720070222572691
3.2950375254893657e-07	1.6480474898948798	0.04718699442272091
3.295376249669214e-07	1.6480349922477022	0.04717328521057638
3.2957150086693176e-07	1.648022493315789	0.04715957458914872
3.296053802493269e-07	1.6480099930990058	0.04714586255829255
3.296392631144643e-07	1.6479974915972222	0.0471321491178632
3.296731494627017e-07	1.6479849888103062	0.04711843426771584
3.297070392943974e-07	1.6479724847381254	0.04710471800770551
3.2974093260990934e-07	1.6479599793805466	0.047091000337687275
3.297748294095951e-07	1.6479474727374392	0.04707728125751648
3.298087296938141e-07	1.6479349648086703	0.04706356076704759
3.298426334629239e-07	1.6479224555941083	0.04704983886613595
3.2987654071728273e-07	1.6479099450936197	0.047036115554636534
3.2991045145724894e-07	1.647897433307074	0.04702239083240432
3.2994436568318073e-07	1.647884920234338	0.04700866469929435
3.2997828339543655e-07	1.6478724058752792	0.04699493715516151
3.30012204594374e-07	1.6478598902297668	0.046981208199861096
3.30046129280353e-07	1.6478473732976666	0.046967477833247444
3.3008005745373125e-07	1.6478348550788482	0.04695374605517575
3.301139891148672e-07	1.6478223355731783	0.04694001286550096
3.301479242641195e-07	1.647809814780524	0.046926278264077914
3.3018186290184666e-07	1.647797292700754	0.04691254225076151
3.302158050284066e-07	1.6477847693337369	0.04689880482540689
3.302497506441594e-07	1.6477722446793388	0.046885065987868325
3.3028369974946295e-07	1.647759718737427	0.04687132573800095
3.3031765234467604e-07	1.6477471915078703	0.04685758407565956
3.303516084301574e-07	1.6477346629905365	0.04684384100069895
3.3038556800626587e-07	1.647722133185292	0.04683009651297393
3.304195310733596e-07	1.6477096020920055	0.04681635061233952
3.304534976317987e-07	1.6476970697105444	0.04680260329864995
3.3048746768194153e-07	1.647684536040776	0.0467888545717602
3.3052144122414695e-07	1.6476720010825676	0.046775104431525036
3.30555418258774e-07	1.6476594648357872	0.04676135287779914
3.305893987861816e-07	1.6476469273003023	0.04674759991043722
3.306233828067282e-07	1.6476343884759803	0.046733845529294236
3.306573703207743e-07	1.647621848362689	0.04672008973422427
3.3069136132867824e-07	1.6476093069602955	0.0467063325250823
3.307253558307992e-07	1.6475967642686675	0.04669257390172292
3.3075935382749646e-07	1.647584220287672	0.046678813864000766
3.3079335531912915e-07	1.6475716750171776	0.046665052411770463
3.3082736030605594e-07	1.6475591284570508	0.046651289544886836
3.3086136878863746e-07	1.6475465806071588	0.046637525263203944
3.308953807672324e-07	1.6475340314673699	0.04662375956657661
3.309293962422001e-07	1.6475214810375505	0.046609992454859375
3.309634152139e-07	1.6475089293175689	0.046596223927906806
3.309974376826916e-07	1.6474963763072923	0.04658245398557337
3.3103146364893373e-07	1.647483822006588	0.04656868262771385
3.310654931129872e-07	1.6474712664153226	0.04655490985418222
3.310995260752109e-07	1.6474587095333648	0.04654113566483322
3.311335625359645e-07	1.647446151360581	0.04652736005952125
3.3116760249560766e-07	1.6474335918968381	0.046513583038100804
3.312016459545e-07	1.647421031142004	0.0464998046004263
3.312356929130012e-07	1.6474084690959463	0.04648602474635216
3.312697433714704e-07	1.6473959057585323	0.04647224347573301
3.3130379733026875e-07	1.6473833411296286	0.046458460788422744
3.313378547897554e-07	1.6473707752091022	0.046444676684275946
3.313719157502902e-07	1.6473582079968212	0.04643089116314701
3.3140598021223306e-07	1.6473456394926518	0.04641710422489024
3.3144004817594385e-07	1.6473330696964625	0.04640331586936
3.31474119641782e-07	1.64732049860812	0.046389526096410824
3.315081946101088e-07	1.6473079262274912	0.04637573490589647
3.3154227308128356e-07	1.647295352554443	0.04636194229767151
3.315763550556665e-07	1.647282777588843	0.04634814827159018
3.316104405336177e-07	1.6472702013305578	0.04633435282750674
3.316445295154972e-07	1.6472576237794558	0.04632055596527544
3.316786220016647e-07	1.647245044935403	0.04630675768475073
3.317127179924817e-07	1.6472324647982663	0.04629295798578628
3.3174681748830775e-07	1.6472198833679137	0.04627915686823658
3.317809204895033e-07	1.6472073006442112	0.046265354331955756
3.3181502699642857e-07	1.6471947166270262	0.046251550376797984
3.31849137009444e-07	1.6471821313162263	0.0462377450026174
3.3188325052890925e-07	1.647169544711678	0.04622393820926844
3.3191736755518626e-07	1.6471569568132485	0.04621012999660462
3.3195148808863475e-07	1.6471443676208049	0.04619632036448035
3.3198561212961527e-07	1.6471317771342138	0.04618250931274969
3.3201973967848846e-07	1.6471191853533427	0.04616869684126669
3.3205387073561484e-07	1.647106592278058	0.04615488294988543
3.320880053013544e-07	1.6470939979082266	0.04614106763846022
3.3212214337606916e-07	1.6470814022437164	0.04612725090684453
3.321562849601192e-07	1.647068805284393	0.04611343275489263
3.3219043005386524e-07	1.647056207030124	0.046099613182458525
3.3222457865766807e-07	1.6470436074807764	0.046085792189396194
3.3225873077188856e-07	1.6470310066362166	0.04607196977555957
3.322928863968875e-07	1.6470184044963112	0.04605814594080264
3.323270455330252e-07	1.6470058010609288	0.04604432068497957
3.323612081806639e-07	1.6469931963299338	0.046030494007943776
3.323953743401639e-07	1.6469805903031944	0.04601666590954939
3.3242954401188626e-07	1.6469679829805777	0.04600283638965032
3.324637171961919e-07	1.6469553743619494	0.04598900544810045
3.324978938934421e-07	1.6469427644471772	0.0459751730847536
3.325320741039972e-07	1.6469301532361271	0.045961339299463916
3.325662578282197e-07	1.646917540728667	0.045947504092084666
3.3260044506647014e-07	1.6469049269246623	0.04593366746246994
3.326346358191098e-07	1.6468923118239798	0.04591982941047353
3.3266883008649987e-07	1.6468796954264873	0.04590598993594922
3.3270302786900173e-07	1.6468670777320504	0.045892149038750774
3.32737229166976e-07	1.6468544587405372	0.04587830671873224
3.327714339807855e-07	1.646841838451813	0.045864462975746756
3.3280564231079083e-07	1.6468292168657448	0.045850617809648365
3.3283985415735364e-07	1.6468165939821988	0.04583677122029074
3.3287406952083524e-07	1.6468039698010428	0.04582292320752761
3.3290828840159734e-07	1.646791344322142	0.0458090737712126
3.3294251080000066e-07	1.646778717545365	0.04579522291119971
3.3297673671640826e-07	1.6467660894705758	0.045781370627342
3.3301096615118114e-07	1.646753460097643	0.04576751691949335
3.3304519910468087e-07	1.646740829426432	0.04575366178750743
3.330794355772693e-07	1.64672819745681	0.0457398052312378
3.3311367556930804e-07	1.646715564188643	0.04572594725053808
3.3314791908115837e-07	1.6467029296217985	0.04571208784526207
3.3318216611318334e-07	1.646690293756142	0.04569822701526281
3.3321641666574416e-07	1.6466776565915402	0.04568436476039414
3.332506707392028e-07	1.646665018127859	0.045670501080509546
3.3328492833392115e-07	1.6466523783649665	0.045656635975462545
3.3331918945026127e-07	1.6466397373027277	0.045642769445106604
3.333534540885844e-07	1.6466270949410096	0.04562890148929554
3.3338772224925394e-07	1.6466144512796785	0.045615032107882245
3.334219939326314e-07	1.6466018063186008	0.045601161300720436
3.3345626913907883e-07	1.646589160057643	0.04558728906766355
3.334905478689584e-07	1.646576512496671	0.04557341540856501
3.335248301226324e-07	1.6465638636355515	0.04555954032327821
3.33559115900463e-07	1.646551213474151	0.04554566381165656
3.3359340520281174e-07	1.6465385620123363	0.04553178587355371
3.3362769803004237e-07	1.6465259092499727	0.04551790650882247
3.336619943825166e-07	1.6465132551869268	0.04550402571731641
3.336962942605967e-07	1.6465005998230648	0.04549014349888894
3.337305976646452e-07	1.6464879431582535	0.04547625985339332
3.3376490459502455e-07	1.6464752851923588	0.045462374780682865
3.337992150520965e-07	1.6464626259252473	0.045448488280611155
3.33833529036225e-07	1.6464499653567846	0.045434600353030874
3.33867846547772e-07	1.6464373034868374	0.04542071099779556
3.339021675871e-07	1.6464246403152716	0.04540682021475848
3.339364921545717e-07	1.646411975841954	0.04539292800377283
3.3397082025054983e-07	1.6463993100667502	0.045379034364691824
3.3400515187539637e-07	1.6463866429895264	0.04536513929736895
3.3403948702947546e-07	1.6463739746101491	0.04535124280165682
3.3407382571314926e-07	1.646361304928484	0.045337344877408856
3.3410816792678056e-07	1.6463486339443976	0.04532344552447824
3.341425136707322e-07	1.6463359616577555	0.0453095447427181
3.3417686294536716e-07	1.6463232880684247	0.045295642531981546
3.342112157510477e-07	1.6463106131762706	0.04528173889212196
3.3424557208813817e-07	1.6462979369811594	0.04526783382299186
3.3427993195700087e-07	1.6462852594829571	0.04525392732444463
3.3431429535799884e-07	1.6462725806815297	0.04524001939633333
3.3434866229149526e-07	1.6462599005767438	0.04522611003851096
3.3438303275785324e-07	1.6462472191684645	0.04521219925083057
3.3441740675743524e-07	1.6462345364565585	0.045198287033145455
3.3445178429060583e-07	1.6462218524408918	0.04518437338530808
3.344861653577276e-07	1.6462091671213297	0.04517045830717166
3.3452054995916384e-07	1.6461964804977387	0.0451565417985892
3.3455493809527787e-07	1.646183792569985	0.04514262385941362
3.3458932976643303e-07	1.6461711033379343	0.045128704489497885
3.346237249729927e-07	1.6461584128014515	0.04511478368869491
3.3465812371531967e-07	1.6461457209604045	0.04510086145685788
3.3469252599377875e-07	1.6461330278146573	0.04508693779383913
3.347269318087328e-07	1.646120333364077	0.04507301269949181
3.347613411605453e-07	1.6461076376085289	0.045059086173668786
3.347957540495799e-07	1.6460949405478793	0.045045158216222896
3.348301704762002e-07	1.6460822421819934	0.045031228827007
3.348645904407692e-07	1.6460695425107374	0.04501729800587414
3.348990139436519e-07	1.6460568415339774	0.045003365752676605
3.3493344098521137e-07	1.6460441392515786	0.044989432067267465
3.349678715658114e-07	1.646031435663407	0.044975496949499476
3.3500230568581576e-07	1.6460187307693284	0.044961560399225386
3.350367433455884e-07	1.6460060245692083	0.04494762241629792
3.3507118454549234e-07	1.6459933170629135	0.044933683000570136
3.35105629285893e-07	1.6459806082503086	0.04491974215189415
3.3514007756715366e-07	1.6459678981312595	0.044905799870122935
3.3517452938963825e-07	1.6459551867056321	0.044891856155109176
3.3520898475371084e-07	1.6459424739732924	0.04487791100670553
3.3524344365973546e-07	1.6459297599341054	0.04486396442476469
3.352779061080756e-07	1.6459170445879372	0.044850016409139506
3.353123720990967e-07	1.6459043279346532	0.04483606695968208
3.3534684163316223e-07	1.6458916099741192	0.04482211607624531
3.3538131471063653e-07	1.6458788907062007	0.04480816375868174
3.354157913318838e-07	1.6458661701307635	0.04479421000684396
3.354502714972683e-07	1.6458534482476728	0.04478025482058455
3.3548475520715374e-07	1.6458407250567952	0.0447662981997563
3.355192424619058e-07	1.6458280005579948	0.044752340144211214
3.3555373326188824e-07	1.6458152747511376	0.044738380653802055
3.3558822760746543e-07	1.64580254763609	0.04472441972838136
3.3562272549900195e-07	1.6457898192127165	0.04471045736780157
3.356572269368623e-07	1.6457770894808834	0.044696493571915165
3.3569173192141026e-07	1.645764358440456	0.04468252834057491
3.3572624045301193e-07	1.645751626091299	0.04466856167363263
3.3576075253203115e-07	1.6457388924332785	0.044654593570941065
3.357952681588326e-07	1.6457261574662603	0.04464062403235261
3.3582978733378104e-07	1.6457134211901088	0.04462665305771968
3.3586431005724117e-07	1.6457006836046906	0.04461268064689462
3.358988363295778e-07	1.64568794470987	0.044598706799729784
3.3593336615115504e-07	1.645675204505514	0.04458473151607784
3.3596789952233913e-07	1.645662462991486	0.04457075479579053
3.3600243644349426e-07	1.6456497201676528	0.044556776638720465
3.360369769149854e-07	1.645636976033879	0.04454279704471993
3.360715209371775e-07	1.6456242305900302	0.044528816013641205
3.361060685104355e-07	1.6456114838359717	0.04451483354533661
3.3614061963512385e-07	1.6455987357715691	0.04450084963965863
3.3617517431160897e-07	1.6455859863966875	0.04448686429645896
3.362097325402553e-07	1.6455732357111919	0.044472877515590106
3.3624429432142794e-07	1.6455604837149478	0.044458889296904294
3.362788596554922e-07	1.6455477304078203	0.044444899640253686
3.363134285428132e-07	1.6455349757896751	0.0444309085454905
3.3634800098375557e-07	1.6455222198603774	0.04441691601246714
3.36382576978686e-07	1.6455094626197915	0.04440292204103522
3.364171565279691e-07	1.6454967040677837	0.04438892663104717
3.3645173963197026e-07	1.6454839442042184	0.04437492978235508
3.3648632629105495e-07	1.6454711830289614	0.04436093149481106
3.365209165055886e-07	1.6454584205418774	0.04434693176826719
3.36555510275936e-07	1.6454456567428322	0.04433293060257584
3.365901076024641e-07	1.6454328916316898	0.04431892799758852
3.3662470848553775e-07	1.6454201252083163	0.044304923953157514
3.366593129255225e-07	1.645407357472576	0.044290918469134896
3.366939209227841e-07	1.6453945884243353	0.044276911545372624
3.367285324776882e-07	1.6453818180634576	0.04426290318172274
3.367631475905998e-07	1.6453690463898094	0.04424889337803749
3.36797766261886e-07	1.6453562734032552	0.04423488213416829
3.36832388491912e-07	1.6453434991036595	0.04422086944996735
3.368670142810436e-07	1.6453307234908883	0.04420685532528662
3.3690164362964664e-07	1.6453179465648056	0.044192839759978036
3.3693627653808704e-07	1.6453051683252773	0.04417882275389348
3.369709130067308e-07	1.6452923887721678	0.04416480430688484
3.370055530359431e-07	1.6452796079053424	0.04415078441880431
3.370401966260914e-07	1.6452668257246663	0.044136763089503143
3.370748437775411e-07	1.6452540422300033	0.04412274031883349
3.371094944906583e-07	1.6452412574212194	0.044108716106647176
3.371441487658091e-07	1.6452284712981793	0.044094690452796
3.3717880660335964e-07	1.6452156838607472	0.04408066335713178
3.3721346800367546e-07	1.6452028951087896	0.044066634819506595
3.372481329671242e-07	1.6451901050421698	0.04405260483977162
3.3728280149407147e-07	1.645177313660753	0.044038573417778906
3.3731747358488355e-07	1.6451645209644041	0.0440245405533802
3.3735214923992685e-07	1.6451517269529885	0.044010506246427196
3.373868284595677e-07	1.6451389316263703	0.04399647049677165
3.374215112441719e-07	1.645126134984415	0.04398243330426547
3.374561975941073e-07	1.6451133370269864	0.04396839466875982
3.3749088750973964e-07	1.6451005377539503	0.043954354590106645
3.375255809914356e-07	1.6450877371651709	0.04394031306815757
3.375602780395617e-07	1.6450749352605127	0.04392627010276422
3.375949786544845e-07	1.6450621320398406	0.04391222569377824
3.376296828365701e-07	1.6450493275030202	0.04389817984105149
3.3766439058618646e-07	1.6450365216499154	0.043884132544435
3.376991019036997e-07	1.6450237144803905	0.04387008380378063
3.3773381678947655e-07	1.6450109059943108	0.04385603361893993
3.3776853524388383e-07	1.6449980961915407	0.04384198198976444
3.378032572672884e-07	1.644985285071945	0.04382792891610568
3.378379828600565e-07	1.6449724726353885	0.043813874397815436
3.3787271202255637e-07	1.6449596588817357	0.04379981843474466
3.379074447551543e-07	1.6449468438108508	0.043785761026745085
3.379421810582173e-07	1.6449340274225988	0.0437717021736682
3.379769209321124e-07	1.644921209716844	0.04375764187536545
3.3801166437720664e-07	1.644908390693451	0.04374358013168826
3.380464113938665e-07	1.6448955703522852	0.04372951694248832
3.380811619824605e-07	1.6448827486932098	0.0437154523076165
3.381159161433551e-07	1.64486992571609	0.04370138622692443
3.381506738769176e-07	1.6448571014207904	0.04368731870026351
3.381854351835152e-07	1.644844275807175	0.0436732497274851
3.382202000635152e-07	1.6448314488751092	0.043659179308440516
3.3825496851728495e-07	1.6448186206244564	0.04364510744298111
3.3828974054519117e-07	1.644805791055082	0.04363103413095846
3.3832451614760264e-07	1.6447929601668498	0.0436169593722233
3.383592953248861e-07	1.6447801279596244	0.04360288316662719
3.3839407807740904e-07	1.6447672944332696	0.04358880551402142
3.3842886440553905e-07	1.6447544595876513	0.043574726414257206
3.3846365430964364e-07	1.6447416234226324	0.04356064586718579
3.3849844779008967e-07	1.6447287859380784	0.04354656387265869
3.385332448472463e-07	1.6447159471338526	0.04353248043052653
3.385680454814804e-07	1.64470310700982	0.0435183955406408
3.3860284969315976e-07	1.6446902655658449	0.04350430920285265
3.386376574826521e-07	1.644677422801791	0.04349022141701324
3.3867246885032527e-07	1.6446645787175236	0.04347613218297372
3.387072837965463e-07	1.6446517333129065	0.043462041500585524
3.387421023216845e-07	1.6446388865878039	0.043447949369699146
3.387769244261071e-07	1.64462603854208	0.043433855790166016
3.3881175011018204e-07	1.644613189175599	0.04341976076183719
3.388465793742773e-07	1.6446003384882253	0.04340566428456374
3.388814122187609e-07	1.644587486479823	0.043391566358196715
3.3891624864400017e-07	1.6445746331502566	0.04337746698258743
3.3895108865036463e-07	1.6445617784993902	0.04336336615758635
3.389859322382217e-07	1.6445489225270877	0.04334926388304475
3.390207794079396e-07	1.644536065233213	0.04333516015881364
3.3905563015988647e-07	1.6445232066176312	0.04332105498474398
3.390904844944306e-07	1.6445103466802053	0.043306948360686714
3.3912534241193953e-07	1.6444974854208012	0.043292840286493106
3.3916020391278306e-07	1.6444846228392807	0.043278730762013495
3.391950689973288e-07	1.6444717589355091	0.043264619787099064
3.392299376659451e-07	1.6444588937093507	0.04325050736160074
3.3926480991900053e-07	1.6444460271606691	0.04323639348536938
3.3929968575686343e-07	1.644433159289328	0.043222278158255883
3.393345651799017e-07	1.6444202900951925	0.043208161380111354
3.393694481884852e-07	1.6444074195781258	0.04319404315078608
3.3940433478298194e-07	1.6443945477379922	0.04317992347013115
3.3943922496376046e-07	1.6443816745746556	0.04316580233799738
3.3947411873118946e-07	1.6443688000879797	0.04315167975423555
3.395090160856376e-07	1.644355924277829	0.04313755571869646
3.395439170274737e-07	1.6443430471440672	0.04312343023123084
3.395788215570657e-07	1.6443301686865581	0.043109303291689736
3.396137296747839e-07	1.644317288905166	0.04309517489992332
3.3964864138099647e-07	1.6443044077997544	0.04308104505578258
3.3968355667607233e-07	1.6442915253701873	0.043066913759118176
3.397184755603803e-07	1.644278641616329	0.04305278100978085
3.3975339803428943e-07	1.6442657565380425	0.04303864680762125
3.39788324098168e-07	1.6442528701351926	0.043024511152490286
3.3982325375238647e-07	1.6442399824076428	0.04301037404423806
3.3985818699731317e-07	1.644227093355256	0.04299623548271547
3.3989312383331727e-07	1.6442142029778977	0.04298209546777312
3.399280642607679e-07	1.6442013112754301	0.04296795399926159
3.399630082800343e-07	1.6441884182477182	0.04295381107703146
3.3999795589148494e-07	1.6441755238946254	0.04293966670093359
3.4003290709549054e-07	1.6441626282160149	0.04292552087081793
3.4006786189241964e-07	1.644149731211751	0.04291137358653534
3.401028202826417e-07	1.6441368328816972	0.04289722484793627
3.40137782266526e-07	1.6441239332257174	0.04288307465487126
3.40172747844442e-07	1.6441110322436752	0.04286892300719079
3.4020771701675847e-07	1.6440981299354342	0.042854769904745606
3.402426897838463e-07	1.6440852263008585	0.04284061534738559
3.402776661460743e-07	1.6440723213398112	0.042826459334961486
3.4031264610381206e-07	1.6440594150521557	0.04281230186732369
3.403476296574292e-07	1.6440465074377564	0.04279814294432262
3.403826168072954e-07	1.6440335984964767	0.04278398256580865
3.4041760755377963e-07	1.64402068822818	0.04276982073163245
3.4045260189725297e-07	1.6440077766327301	0.042755657441643835
3.4048759983808455e-07	1.6439948637099902	0.0427414926956934
3.405226013766441e-07	1.6439819494598242	0.04272732649363149
3.4055760651330157e-07	1.6439690338820954	0.04271315883530841
3.405926152484267e-07	1.6439561169766674	0.042698989720574496
3.406276275823895e-07	1.643943198743404	0.04268481914927998
3.4066264351555924e-07	1.6439302791821686	0.042670647121275426
3.406976630483072e-07	1.6439173582928244	0.04265647363641055
3.4073268618100285e-07	1.643904436075235	0.04264229869453584
3.4076771291401617e-07	1.643891512529264	0.04262812229550153
3.4080274324771725e-07	1.6438785876547748	0.04261394443915785
3.408377771824763e-07	1.6438656614516305	0.042599765125354946
3.4087281471866277e-07	1.6438527339196949	0.042585584353943315
3.409078558566483e-07	1.6438398050588314	0.04257140212477252
3.4094290059680244e-07	1.643826874868903	0.042557218437693
3.409779489394955e-07	1.6438139433497736	0.04254303329255489
3.4101300088509775e-07	1.6438010105013063	0.04252884668920831
3.410480564339796e-07	1.6437880763233645	0.04251465862750337
3.410831155865108e-07	1.6437751408158117	0.042500469107290384
3.411181783430632e-07	1.6437622039785107	0.0424862781284189
3.411532447040065e-07	1.6437492658113253	0.04247208569073926
3.411883146697113e-07	1.6437363263141183	0.04245789179410146
3.4122338824054813e-07	1.6437233854867535	0.04244369643835555
3.412584654168876e-07	1.6437104433290939	0.04242949962335153
3.412935461990997e-07	1.6436974998410028	0.04241530134893967
3.4132863058755643e-07	1.6436845550223436	0.04240110161496939
3.413637185826279e-07	1.643671608872979	0.04238690042129091
3.4139881018468473e-07	1.6436586613927726	0.042372697767754194
3.414339053940978e-07	1.6436457125815878	0.042358493654209184
3.4146900421123793e-07	1.6436327624392875	0.04234428808050576
3.4150410663647527e-07	1.643619810965735	0.042330081046494134
3.4153921267018213e-07	1.6436068581607928	0.04231587255202361
3.415743223127288e-07	1.6435939040243248	0.04230166259694432
3.416094355644862e-07	1.643580948556194	0.04228745118110614
3.416445524258254e-07	1.6435679917562636	0.042273238304358904
3.416796728971174e-07	1.6435550336243963	0.04225902396655243
3.417147969787334e-07	1.6435420741604552	0.04224480816753652
3.417499246710437e-07	1.643529113364304	0.04223059090716126
3.4178505597442093e-07	1.6435161512358047	0.04221637218527584
3.4182019088923565e-07	1.6435031877748212	0.0422021520017303
3.4185532941585905e-07	1.6434902229812163	0.042187930356374415
3.4189047155466244e-07	1.6434772568548528	0.04217370724905789
3.4192561730601715e-07	1.6434642893955937	0.04215948267963043
3.4196076667029386e-07	1.6434513206033028	0.042145256647942025
3.419959196478653e-07	1.643438350477842	0.04213102915384181
3.420310762391023e-07	1.6434253790190747	0.04211680019717971
3.420662364443763e-07	1.6434124062268636	0.042102569777805375
3.421014002640588e-07	1.6433994321010719	0.04208833789556846
3.421365676985214e-07	1.6433864566415624	0.042074104550318556
3.421717387481349e-07	1.6433734798481985	0.04205986974190559
3.422069134132725e-07	1.6433605017208421	0.042045633470178555
3.42242091694305e-07	1.6433475222593565	0.042031395734987306
3.4227727359160415e-07	1.643334541463605	0.04201715653618143
3.4231245910554176e-07	1.6433215593334496	0.04200291587361046
3.4234764823648957e-07	1.6433085758687538	0.041988673747123895
3.423828409848187e-07	1.6432955910693805	0.04197443015657157
3.424180373509024e-07	1.643282604935192	0.04196018510180238
3.424532373351119e-07	1.643269617466051	0.041945938582666126
3.4248844093781915e-07	1.6432566286618209	0.04193169059901222
3.4252364815939606e-07	1.643243638522364	0.041917441150690175
3.425588590002147e-07	1.6432306470475428	0.04190319023754939
3.425940734606464e-07	1.6432176542372212	0.04188893785943957
3.4262929154106465e-07	1.6432046600912606	0.04187468401620955
3.4266451324184086e-07	1.6431916646095241	0.04186042870770902
3.4269973856334723e-07	1.6431786677918745	0.04184617193378734
3.42734967505956e-07	1.6431656696381745	0.04183191369429385
3.4277020007003933e-07	1.6431526701482868	0.04181765398907791
3.4280543625596885e-07	1.643139669322074	0.041803392817989136
3.4284067606411826e-07	1.6431266671593983	0.041789130180876266
3.428759194948592e-07	1.643113663660123	0.041774866077588894
3.429111665485641e-07	1.6431006588241102	0.04176060050797627
3.429464172256054e-07	1.6430876526512226	0.041746333471887664
3.429816715263556e-07	1.643074645141323	0.04173206496917232
3.4301692945118707e-07	1.6430616362942736	0.041717794999679515
3.4305219100047185e-07	1.6430486261099377	0.04170352356325868
3.430874561745838e-07	1.6430356145881768	0.04168925065975852
3.4312272497389487e-07	1.6430226017288538	0.041674976289028456
3.431579973987777e-07	1.6430095875318314	0.04166070045091771
3.431932734496051e-07	1.642996571996972	0.041646423145275384
3.432285531267497e-07	1.6429835551241379	0.04163214437195063
3.4326383643058365e-07	1.6429705369131922	0.041617864130792874
3.432991233614811e-07	1.6429575173639965	0.04160358242165066
3.433344139198143e-07	1.6429444964764133	0.04158929924437332
3.433697081059561e-07	1.6429314742503056	0.041575014598809995
3.4340500592027934e-07	1.6429184506855357	0.041560728484809725
3.434403073631571e-07	1.6429054257819655	0.04154644090222156
3.4347561243496166e-07	1.6428923995394578	0.04153215185089478
3.4351092113606747e-07	1.6428793719578745	0.04151786133067787
3.435462334668469e-07	1.6428663430370787	0.04150356934142012
3.435815494276731e-07	1.642853312776932	0.04148927588297049
3.436168690189192e-07	1.642840281177297	0.04147498095517797
3.436521922409584e-07	1.642827248238036	0.0414606845578915
3.436875190941633e-07	1.6428142139590118	0.04144638669096031
3.4372284957890855e-07	1.6428011783400858	0.04143208735423275
3.437581836955667e-07	1.6427881413811205	0.04141778654755801
3.437935214445112e-07	1.6427751030819784	0.041403484270784996
3.438288628261154e-07	1.6427620634425215	0.041389180523762566
3.438642078407527e-07	1.6427490224626122	0.04137487530633959
3.4389955648879596e-07	1.6427359801421129	0.041360568618365186
3.4393490877062e-07	1.6427229364808853	0.04134626045968764
3.4397026468659763e-07	1.6427098914787919	0.04133195083015605
3.440056242371026e-07	1.6426968451356943	0.04131763972961917
3.440409874225084e-07	1.6426837974514554	0.04130332715792583
3.4407635424318867e-07	1.6426707484259373	0.04128901311492479
3.4411172469951653e-07	1.642657698059002	0.041274697600465066
3.44147098791867e-07	1.642644646350511	0.041260380614394854
3.441824765206133e-07	1.6426315933003268	0.04124606215656312
3.4421785788612903e-07	1.6426185389083119	0.04123174222681862
3.4425324288878827e-07	1.642605483174328	0.041217420825009995
3.4428863152896475e-07	1.6425924260982367	0.04120309795098595
3.443240238070325e-07	1.642579367679901	0.041188773604595136
3.443594197233647e-07	1.6425663079191821	0.04117444778568649
3.4439481927833687e-07	1.6425532468159423	0.04116012049410805
3.4443022247232223e-07	1.6425401843700438	0.04114579172970874
3.4446562930569497e-07	1.6425271205813483	0.04113146149233712
3.4450103977882917e-07	1.6425140554497175	0.041117129781841795
3.44536453892099e-07	1.642500988975014	0.04110279659807131
3.445718716458779e-07	1.6424879211570995	0.04108846194087455
3.446072930405416e-07	1.6424748519958356	0.041074125810099435
3.4464271807646363e-07	1.6424617814910845	0.04105978820559477
3.446781467540183e-07	1.642448709642708	0.04104544912720908
3.4471357907358e-07	1.642435636450568	0.04103110857479082
3.4474901503552307e-07	1.6424225619145263	0.0410167665481885
3.447844546402213e-07	1.6424094860344454	0.04100242304725083
3.448198978880505e-07	1.6423964088101861	0.040988078071825695
3.448553447793845e-07	1.6423833302416107	0.04097373162176183
3.448907953145978e-07	1.6423702503285809	0.0409593836969076
3.449262494940651e-07	1.6423571690709584	0.040945034297111424
3.4496170731816097e-07	1.6423440864686056	0.04093068342222166
3.4499716878725934e-07	1.642331002521384	0.040916331072086976
3.4503263390173633e-07	1.6423179172291547	0.04090197724655516
3.45068102661966e-07	1.64230483059178	0.04088762194547479
3.4510357506832304e-07	1.6422917426091215	0.040873265168694224
3.451390511211824e-07	1.642278653281041	0.04085890691606173
3.451745308209188e-07	1.6422655626073999	0.04084454718742561
3.4521001416790655e-07	1.6422524705880606	0.040830185982634416
3.452455011625219e-07	1.642239377222884	0.04081582330153583
3.4528099180513915e-07	1.6422262825117322	0.04080145914397838
3.453164860961333e-07	1.6422131864544662	0.04078709350981028
3.453519840358794e-07	1.6422000890509485	0.040772726398879744
3.453874856247526e-07	1.64218699030104	0.040758357811034956
3.4542299086312787e-07	1.6421738902046026	0.040743987746124116
3.454584997513798e-07	1.6421607887614982	0.04072961620399562
3.4549401228988496e-07	1.6421476859715878	0.040715243184497096
3.455295284790179e-07	1.6421345818347333	0.040700868687476924
3.455650483191539e-07	1.6421214763507959	0.040686492712783226
3.456005718106682e-07	1.6421083695196372	0.040672115260264104
3.456360989539363e-07	1.6420952613411193	0.04065773632976763
3.456716297493327e-07	1.642082151815103	0.04064335592114218
3.457071641972344e-07	1.64206904094145	0.04062897403423521
3.4574270229801613e-07	1.6420559287200218	0.04061459066889504
3.4577824405205335e-07	1.6420428151506798	0.04060020582496971
3.458137894597217e-07	1.6420297002332855	0.040585819502307184
3.4584933852139666e-07	1.6420165839677003	0.04057143170075551
3.458848912374532e-07	1.6420034663537857	0.04055704242016289
3.4592044760826844e-07	1.641990347391403	0.040542651660376745
3.4595600763421727e-07	1.6419772270804134	0.0405282594212453
3.4599157131567555e-07	1.6419641054206786	0.040513865702616454
3.4602713865301897e-07	1.6419509824120595	0.04049947050433814
3.4606270964662336e-07	1.6419378580544177	0.04048507382625827
3.460982842968639e-07	1.6419247323476152	0.04047067566822497
3.4613386260411795e-07	1.641911605291512	0.04045627603008553
3.4616944456876063e-07	1.6418984768859701	0.040441874911688123
3.46205030191168e-07	1.641885347130851	0.04042747231288056
3.4624061947171596e-07	1.6418722160260157	0.04041306823351065
3.4627621241078067e-07	1.6418590835713252	0.04039866267342622
3.463118090087375e-07	1.6418459497666413	0.0403842556324753
3.4634740926596395e-07	1.6418328146118248	0.04036984711050512
3.4638301318283554e-07	1.641819678106737	0.04035543710736369
3.464186207597284e-07	1.6418065402512387	0.04034102562289879
3.464542319970188e-07	1.641793401045192	0.04032661265695811
3.4648984689508306e-07	1.6417802604884575	0.040312198209389354
3.4652546545429673e-07	1.6417671185808964	0.04029778228004054
3.4656108767503764e-07	1.64175397532237	0.04028336486875872
3.4659671355768144e-07	1.641740830712739	0.04026894597539188
3.466323431026046e-07	1.6417276847518647	0.04025452559978764
3.466679763101836e-07	1.6417145374396085	0.040240103741793626
3.467036131807949e-07	1.6417013887758312	0.04022568040125748
3.4673925371481516e-07	1.641688238760394	0.04021125557802676
3.4677489791262014e-07	1.6416750873931576	0.040196829271949376
3.4681054577458795e-07	1.6416619346739834	0.04018240148287229
3.4684619730109457e-07	1.6416487806027327	0.04016797221064334
3.4688185249251667e-07	1.6416356251792656	0.04015354145511007
3.46917511349231e-07	1.641622468403444	0.040139109216119996
3.4695317387161436e-07	1.6416093102751284	0.04012467549352063
3.4698884006004287e-07	1.64159615079418	0.04011024028715973
3.470245099148948e-07	1.6415829899604595	0.04009580359688422
3.470601834365463e-07	1.6415698277738278	0.04008136542254182
3.4709586062537437e-07	1.6415566642341461	0.04006692576397999
3.47131541481756e-07	1.6415434993412752	0.04005248462104611
3.471672260060682e-07	1.641530333095076	0.04003804199358763
3.4720291419868727e-07	1.64151716549541	0.04002359788145223
3.472386060599918e-07	1.6415039965421365	0.04000915228448669
3.4727430159035814e-07	1.6414908262351178	0.039994705202538686
3.473100007901635e-07	1.641477654574214	0.03998025663545555
3.4734570365978506e-07	1.6414644815592863	0.03996580658308461
3.473814101996001e-07	1.6414513071901953	0.039951355045273196
3.4741712040998523e-07	1.641438131466802	0.03993690202186887
3.4745283429131916e-07	1.6414249543889672	0.039922447512718354
3.4748855184397853e-07	1.6414117759565512	0.03990799151766922
3.4752427306834076e-07	1.6413985961694149	0.0398935340365687
3.475599979647833e-07	1.6413854150274194	0.03987907506926404
3.4759572653368367e-07	1.6413722325304252	0.03986461461560244
3.4763145877541863e-07	1.6413590486782932	0.039850152675431405
3.476671946903672e-07	1.641345863470884	0.03983568924859757
3.477029342789062e-07	1.6413326769080576	0.03982122433494837
3.4773867754141333e-07	1.6413194889896756	0.039806757934330986
3.477744244782663e-07	1.6413062997155983	0.039792290046592516
3.4781017508984276e-07	1.6412931090856864	0.03977782067158013
3.4784592937651973e-07	1.6412799170998007	0.03976334980914124
3.4788168733867654e-07	1.6412667237578014	0.039748877459122305
3.479174489766902e-07	1.641253529059549	0.03973440362137074
3.4795321429093867e-07	1.6412403330049044	0.03971992829573358
3.4798898328179976e-07	1.6412271355937287	0.03970545148205791
3.480247559496515e-07	1.6412139368258811	0.03969097318019072
3.4806053229487184e-07	1.6412007367012234	0.03967649338997907
3.4809631231783817e-07	1.6411875352196157	0.0396620121112702
3.481320960189299e-07	1.6411743323809183	0.039647529343910554
3.4816788339852437e-07	1.6411611281849918	0.039633045087747384
3.4820367445699984e-07	1.6411479226316965	0.03961855934262763
3.482394691947345e-07	1.6411347157208933	0.039604072108398225
3.4827526761210643e-07	1.6411215074524423	0.03958958338490614
3.483110697094933e-07	1.6411082978262042	0.03957509317199852
3.483468754872748e-07	1.6410950868420393	0.039560601469521686
3.483826849458286e-07	1.6410818744998081	0.039546108277322814
3.48418498085533e-07	1.6410686607993705	0.039531613595248746
3.4845431490676646e-07	1.6410554457405877	0.03951711742314635
3.4849013540990744e-07	1.6410422293233191	0.03950261976086243
3.485259595953337e-07	1.6410290115474262	0.03948812060824411
3.485617874634252e-07	1.6410157924127684	0.03947361996513758
3.485976190145598e-07	1.6410025719192063	0.03945911783138994
3.486334542491161e-07	1.6409893500666002	0.03944461420684793
3.486692931674728e-07	1.6409761268548104	0.0394301090913583
3.487051357700085e-07	1.6409629022836973	0.03941560248476782
3.487409820571013e-07	1.6409496763531215	0.039401094386923456
3.4877683202913134e-07	1.6409364490629423	0.03938658479767135
3.4881268568647675e-07	1.6409232204130206	0.039372073716858455
3.4884854302951636e-07	1.6409099904032163	0.039357561144331456
3.4888440405862905e-07	1.64089675903339	0.039343047079937014
3.489202687741937e-07	1.6408835263034014	0.03932853152352176
3.4895613717658867e-07	1.6408702922131115	0.0393140144749326
3.489920092661943e-07	1.6408570567623797	0.039299495934015584
3.4902788504338884e-07	1.640843819951066	0.03928497590061759
3.490637645085515e-07	1.6408305817790314	0.039270454374585165
3.490996476620614e-07	1.6408173422461356	0.03925593135576489
3.491355345042976e-07	1.6408041013522379	0.03924140684400332
3.4917142503563936e-07	1.6407908590971996	0.039226880839146945
3.492073192564652e-07	1.6407776154808804	0.03921235334104259
3.492432171671558e-07	1.64076437050314	0.039197824349536184
3.4927911876808973e-07	1.640751124163839	0.03918329386447449
3.4931502405964643e-07	1.640737876462837	0.03916876188570396
3.493509330422052e-07	1.6407246273999943	0.039154228413071056
3.4938684571614547e-07	1.6407113769751704	0.039139693446422215
3.4942276208184607e-07	1.6406981251882264	0.039125156985604134
3.4945868213968785e-07	1.6406848720390208	0.039110619030462646
3.4949460589004974e-07	1.6406716175274145	0.039096079580844406
3.4953053333331123e-07	1.6406583616532673	0.0390815386365958
3.4956646446985194e-07	1.6406451044164392	0.0390669961975632
3.4960239930005166e-07	1.6406318458167894	0.0390524522635929
3.496383378242892e-07	1.6406185858541793	0.03903790683453156
3.496742800429459e-07	1.6406053245284673	0.039023359910224875
3.4971022595640067e-07	1.6405920618395142	0.03900881149051945
3.4974617556503346e-07	1.640578797787179	0.03899426157526153
3.4978212886922404e-07	1.6405655323713226	0.03897971016429741
3.4981808586935235e-07	1.6405522655918041	0.03896515725747331
3.498540465657976e-07	1.6405389974484836	0.038950602854635745
3.498900109589412e-07	1.6405257279412209	0.03893604695563037
3.4992597904916246e-07	1.6405124570698757	0.03892148956030364
3.4996195083684137e-07	1.6404991848343076	0.03890693066850178
3.499979263223581e-07	1.6404859112343764	0.03889237028007091
3.5003390550609276e-07	1.6404726362699424	0.03887780839485721
3.5006988838842477e-07	1.640459359940865	0.03886324501270709
3.501058749697358e-07	1.6404460822470037	0.038848680133466096
3.501418652504054e-07	1.6404328031882183	0.0388341137569806
3.501778592308138e-07	1.6404195227643683	0.038819545883096704
3.502138569113414e-07	1.640406240975314	0.03880497651166049
3.5024985829236853e-07	1.6403929578209142	0.038790405642517976
3.502858633742756e-07	1.6403796733010292	0.038775833275515224
3.503218721574423e-07	1.640366387415519	0.03876125941049856
3.5035788464225063e-07	1.640353100164242	0.03874668404731337
3.5039390082908026e-07	1.6403398115470589	0.038732107185806
3.504299207183119e-07	1.6403265215638285	0.03871752882582234
3.504659443103261e-07	1.6403132302144108	0.038702948967208425
3.5050197160550343e-07	1.6402999374986653	0.038688367609810155
3.5053800260422393e-07	1.6402866434164518	0.03867411254678479
3.5057403730686974e-07	1.6402733479676295	0.038663462087937105
3.5061007571382086e-07	1.6402600511520578	0.03865281053424061
3.5064611782545815e-07	1.6402467529695963	0.038642157885582756
3.506821636421624e-07	1.6402334534201044	0.03863150414185097
3.507182131643145e-07	1.6402201525034419	0.038620849302932685
3.5075426639229463e-07	1.6402068502194684	0.038610193368715524
3.507903233264852e-07	1.6401935465680424	0.03859953633908649
3.5082638396726645e-07	1.6401802415490243	0.03858887821393318
3.508624483150195e-07	1.6401669351622732	0.03857821899314293
3.508985163701253e-07	1.6401536274076487	0.03856755867660318
3.50934588132965e-07	1.6401403182850096	0.038556897264201265
3.509706636039191e-07	1.640127007794216	0.03854623475582472
3.510067427833701e-07	1.6401136959351268	0.038535571151360484
3.5104282567169864e-07	1.640100382707601	0.03852490645069609
3.510789122692859e-07	1.6400870681114987	0.03851424065371883
3.5111500257651324e-07	1.6400737521466786	0.03850357376031602
3.511510965937619e-07	1.6400604348130006	0.038492905770374966
3.511871943214127e-07	1.6400471161103236	0.03848223668378313
3.512232957598484e-07	1.6400337960385067	0.03847156650042735
3.512594009094497e-07	1.6400204745974096	0.038460895220195135
3.5129550977059827e-07	1.640007151786891	0.038450222842973676
3.513316223436755e-07	1.6399938276068107	0.03843954936865024
3.51367738629063e-07	1.6399805020570275	0.03842887479711203
3.5140385862714166e-07	1.639967175137401	0.03841819912824649
3.5143998233829465e-07	1.6399538468477899	0.03840752236194036
3.514761097629029e-07	1.6399405171880534	0.038396844498081034
3.515122409013481e-07	1.639927186158051	0.03838616553655573
3.5154837575401214e-07	1.6399138537576419	0.03837548547725157
3.5158451432127673e-07	1.6399005199866847	0.03836480432005571
3.516206566035238e-07	1.6398871848450391	0.0383541220648553
3.5165680260113447e-07	1.6398738483325639	0.03834343871153768
3.516929523144921e-07	1.6398605104491182	0.03833275425998953
3.5172910574397797e-07	1.6398471711945608	0.03832206871009819
3.5176526288997413e-07	1.6398338305687514	0.03831138206175072
3.5180142375286256e-07	1.6398204885715484	0.03830069431483421
3.5183758833302545e-07	1.639807145202811	0.03829000546923573
3.518737566308441e-07	1.6397938004623986	0.03827931552484255
3.519099286467021e-07	1.6397804543501695	0.03826862448154132
3.519461043809811e-07	1.6397671068659834	0.03825793233921924
3.519822838340632e-07	1.6397537580096986	0.03824723909776336
3.5201846700633077e-07	1.6397404077811746	0.038236544757060675
3.5205465389816607e-07	1.63972705618027	0.0382258493169982
3.520908445099508e-07	1.639713703206844	0.03821515277746313
3.5212703884206877e-07	1.6397003488607553	0.03820445513834201
3.521632368949017e-07	1.6396869931418627	0.038193756399522036
3.521994386688321e-07	1.6396736360500253	0.038183056560890126
3.5223564416424245e-07	1.639660277585102	0.038172355622333266
3.522718533815154e-07	1.6396469177469513	0.03816165358373833
3.523080663210327e-07	1.6396335565354325	0.038150950444992504
3.523442829831786e-07	1.6396201939504038	0.038140246205982234
3.523805033683349e-07	1.6396068299917246	0.03812954086659465
3.524167274768844e-07	1.6395934646592534	0.03811883442671661
3.524529553092098e-07	1.6395800979528492	0.038108126886235015
3.5248918686569394e-07	1.6395667298723704	0.0380974182450367
3.52525422146719e-07	1.6395533604176764	0.03808670850300873
3.525616611526692e-07	1.6395399895886253	0.03807599766003752
3.525979038839267e-07	1.6395266173850758	0.038065285716010124
3.526341503408746e-07	1.6395132438068867	0.03805457267081332
3.526704005238958e-07	1.639499868853917	0.038043858524333944
3.5270665443337337e-07	1.6394864925260255	0.038033143276458764
3.5274291206968963e-07	1.6394731148230703	0.03802242692707478
3.527791734332291e-07	1.6394597357449103	0.03801170947606835
3.528154385243743e-07	1.6394463552914038	0.03800099092332641
3.528517073435084e-07	1.63943297346241	0.037990271268735706
3.528879798910146e-07	1.6394195902577873	0.03797955051218299
3.529242561672762e-07	1.6394062056773941	0.03796882865355497
3.5296053617267645e-07	1.6393928197210892	0.03795810569273837
3.52996819907598e-07	1.6393794323887312	0.03794738162962008
3.5303310737242575e-07	1.6393660436801782	0.03793665646408637
3.530693985675423e-07	1.6393526535952891	0.03792593019602414
3.5310569349333127e-07	1.6393392621339224	0.03791520282532
3.53141992150176e-07	1.6393258692959365	0.03790447435186065
3.531782945384601e-07	1.63931247508119	0.037893744775532735
3.5321460065856646e-07	1.6392990794895415	0.037883014096223064
3.532509105108801e-07	1.6392856825208493	0.03787228231381783
3.5328722409578407e-07	1.6392722841749714	0.03786154942820385
3.533235414136619e-07	1.6392588844517668	0.03785081543926775
3.533598624648975e-07	1.6392454833510937	0.037840080346896066
3.533961872498745e-07	1.6392320808728105	0.037829344150975386
3.534325157689762e-07	1.6392186770167756	0.037818606851392475
3.534688480225877e-07	1.6392052717828474	0.037807868448033445
3.535051840110923e-07	1.6391918651708846	0.03779712894078507
3.5354152373487387e-07	1.6391784571807446	0.03778638832953386
3.5357786719431646e-07	1.6391650478122868	0.03777564661416631
3.536142143898041e-07	1.6391516370653687	0.03776490379456893
3.5365056532172e-07	1.6391382249398494	0.037754159870628426
3.536869199904498e-07	1.6391248114355865	0.03774341484223084
3.537232783963769e-07	1.6391113965524382	0.03773266870926285
3.537596405398855e-07	1.6390979802902632	0.0377219214716109
3.537960064213598e-07	1.6390845626489194	0.037711173129161446
3.5383237604118404e-07	1.6390711436282657	0.037700423681800904
3.5386874939974184e-07	1.6390577232281596	0.0376896731294159
3.539051264974189e-07	1.6390443014484593	0.03767892147189244
3.5394150733459894e-07	1.6390308782890233	0.03766816870911711
3.5397789191166635e-07	1.6390174537497093	0.03765741484097629
3.5401428022900557e-07	1.6390040278303761	0.03764665986735636
3.5405067228700115e-07	1.6389906005308814	0.03763590378814366
3.5408706808603755e-07	1.6389771718510835	0.037625146603224566
3.541234676264987e-07	1.6389637417908407	0.037614388312485605
3.541598709087705e-07	1.6389503103500107	0.03760362891581269
3.541962779332371e-07	1.6389368775284514	0.03759286841309233
3.5423268870028303e-07	1.6389234433260218	0.037582106804210834
3.542691032102931e-07	1.638910007742579	0.03757134408905448
3.543055214636521e-07	1.6388965707779812	0.03756058026750956
3.54341943460744e-07	1.638883132432087	0.03754981533946255
3.5437836920195514e-07	1.6388696927047537	0.03753904930479927
3.5441479868766973e-07	1.6388562515958396	0.037528282163406174
3.544512319182727e-07	1.6388428091052027	0.0375175139151695
3.54487668894149e-07	1.6388293652327008	0.03750674455997546
3.5452410961568364e-07	1.638815919978192	0.03749597409771026
3.545605540832609e-07	1.6388024733415347	0.03748520252826032
3.5459700229726737e-07	1.6387890253225859	0.03747442985151139
3.546334542580875e-07	1.638775575921204	0.03746365606734983
3.5466990996610627e-07	1.6387621251372466	0.037452881175661853
3.547063694217091e-07	1.6387486729705718	0.037442105176333555
3.547428326252811e-07	1.6387352194210378	0.037431328069251105
3.547792995772069e-07	1.6387217644885022	0.03742054985430082
3.548157702778732e-07	1.6387083081728222	0.037409770531368416
3.548522447276647e-07	1.6386948504738565	0.03739899010034019
3.548887229269668e-07	1.6386813913914622	0.037388208561102206
3.5492520487616493e-07	1.6386679309254975	0.03737742591354058
3.549616905756446e-07	1.6386544690758202	0.03736664215754136
3.5499818002579057e-07	1.6386410058422884	0.03735585729299082
3.5503467322698983e-07	1.6386275412247588	0.03734507131977458
3.5507117017962734e-07	1.63861407522309	0.03733428423777887
3.5510767088408865e-07	1.6386006078371391	0.037323496046889726
3.551441753407595e-07	1.6385871390667643	0.03731270674699315
3.551806835500256e-07	1.6385736689118233	0.03730191633797513
3.5521719551227194e-07	1.6385601973721735	0.03729112481972188
3.5525371122788587e-07	1.6385467244476726	0.03728033219211891
3.552902306972524e-07	1.638533250138178	0.03726953845505244
3.5532675392075744e-07	1.638519774443548	0.037258743608408404
3.55363280898787e-07	1.6385062973636395	0.03724794765207272
3.553998116317269e-07	1.6384928188983108	0.03723715058593133
3.554363461199632e-07	1.6384793390474184	0.03722635240987014
3.554728843638812e-07	1.6384658578108215	0.037215553123775294
3.555094263638685e-07	1.638452375188376	0.03720475272753221
3.5554597212031037e-07	1.6384388911799406	0.03719395122102701
3.5558252163359303e-07	1.638425405785372	0.03718314860414555
3.556190749041027e-07	1.638411919004528	0.03717234487677369
3.556556319322256e-07	1.6383984308372663	0.037161540038797285
3.5569219271834724e-07	1.6383849412834448	0.03715073409010236
3.5572875726285546e-07	1.6383714503429199	0.03713992703057431
3.5576532556613586e-07	1.6383579580155494	0.03712911886009916
3.558018976285748e-07	1.6383444643011913	0.03711830957856272
3.558384734505587e-07	1.6383309691997021	0.03710749918585077
3.558750530324741e-07	1.63831747271094	0.03709668768184905
3.559116363747068e-07	1.6383039748347623	0.03708587506644358
3.5594822347764476e-07	1.6382904755710261	0.037075061339519655
3.5598481434167386e-07	1.6382769749195887	0.037064246500963245
3.560214089671807e-07	1.6382634728803076	0.03705343055066006
3.56058007354552e-07	1.6382499694530401	0.03704261348849583
3.5609460950417444e-07	1.638236464637644	0.03703179531435625
3.5613121541643413e-07	1.6382229584339758	0.037020976028127206
3.561678250917192e-07	1.6382094508418932	0.037010155629693973
3.562044385304158e-07	1.638195941861253	0.03699933411894243
3.562410557329108e-07	1.6381824314919133	0.03698851149575824
3.5627767669959114e-07	1.6381689197337308	0.03697768776002703
3.5631430143084376e-07	1.638155406586563	0.036966862911634424
3.563509299270549e-07	1.638141892050267	0.03695603695046628
3.563875621886131e-07	1.6381283761246996	0.036945209876407765
3.564241982159046e-07	1.6381148588097185	0.036934381689344695
3.5646083800931665e-07	1.6381013401051807	0.036923552389162645
3.564974815692363e-07	1.6380878200109432	0.036912721975747215
3.565341288960507e-07	1.6380742985268637	0.03690189044898394
3.565707799901465e-07	1.6380607756527987	0.036891057808758586
3.5660743485191236e-07	1.6380472513886057	0.036880224054956265
3.566440934817348e-07	1.6380337257341415	0.03686938918746273
3.5668075588000124e-07	1.6380201986892633	0.036858553206163484
3.5671742204709905e-07	1.6380066702538283	0.03684771611094403
3.567540919834156e-07	1.6379931404276933	0.03683687790168988
3.5679076568933847e-07	1.6379796092107157	0.03682603857828648
3.568274431652544e-07	1.6379660766027522	0.03681519814061951
3.5686412441155236e-07	1.63795254260366	0.03680435658857403
3.5690080942861926e-07	1.637939007213296	0.03679351392203568
3.5693749821684265e-07	1.637925470431517	0.0367826701408899
3.5697419077661026e-07	1.6379119322581803	0.036771825245022094
3.570108871083098e-07	1.6378983926931425	0.03676097923431768
3.570475872123283e-07	1.6378848517362612	0.03675013210866227
3.57084291089055e-07	1.6378713093873927	0.03673928386794081
3.5712099873887693e-07	1.6378577656463937	0.036728434512038916
3.5715771016218204e-07	1.6378442205131218	0.03671758404084191
3.5719442535935817e-07	1.6378306739874335	0.03670673245423518
3.5723114433079336e-07	1.6378171260691854	0.03669587975210403
3.5726786707687477e-07	1.6378035767582353	0.03668502593433404
3.5730459359799196e-07	1.637790026054439	0.03667417100081004
3.573413238945322e-07	1.6377764739576537	0.03666331495141759
3.5737805796688364e-07	1.6377629204677362	0.03665245778604198
3.5741479581543443e-07	1.6377493655845434	0.03664159950456847
3.574515374405728e-07	1.6377358093079315	0.036630740106882324
3.574882828426861e-07	1.6377222516377588	0.03661987959286904
3.575250320221642e-07	1.63770869257388	0.036609017962413413
3.575617849793946e-07	1.637695132116153	0.036598155215400885
3.575985417147657e-07	1.6376815702644343	0.03658729135171668
3.576353022286659e-07	1.6376680070185805	0.036576426371246
3.576720665214835e-07	1.6376544423784487	0.03656556027387407
3.5770883459360635e-07	1.6376408763438954	0.03655469305948626
3.577456064454244e-07	1.6376273089147766	0.03654382472796733
3.5778238207732546e-07	1.6376137400909498	0.03653295527920263
3.578191614896981e-07	1.6376001698722713	0.03652208471307733
3.5785594468293096e-07	1.6375865982585975	0.036511213029476575
3.578927316574127e-07	1.6375730252497853	0.036500340228285466
3.57929522413532e-07	1.6375594508456912	0.036489466309389144
3.5796631695167693e-07	1.6375458750461718	0.03647859127267291
3.5800311527223774e-07	1.6375322978510838	0.03646771511802141
3.580399173756025e-07	1.6375187192602831	0.03645683784531996
3.5807672326216e-07	1.6375051392736268	0.03644595945445363
3.581135329322993e-07	1.6374915578909714	0.036435079945307446
3.581503463864092e-07	1.637477975112173	0.036424199317766484
3.58187163624878e-07	1.637464390937089	0.03641331757171597
3.5822398464809624e-07	1.637450805365575	0.0364024347070405
3.5826080945645224e-07	1.637437218397487	0.03639155072362528
3.5829763805033507e-07	1.6374236300326823	0.03638066562135532
3.583344704301339e-07	1.6374100402710174	0.036369779400115626
3.5837130659623785e-07	1.6373964491123485	0.036358892059791134
3.584081465490355e-07	1.6373828565565318	0.036348003600267034
3.584449902889176e-07	1.6373692626034237	0.03633711402142783
3.5848183781627264e-07	1.6373556672528808	0.0363262233231587
3.5851868913148997e-07	1.6373420705047588	0.03631533150534455
3.5855554423495904e-07	1.6373284723589152	0.036304438567870294
3.5859240312706925e-07	1.6373148728152052	0.03629354451062083
3.586292658082093e-07	1.6373012718734858	0.03628264933348128
3.5866613227877016e-07	1.6372876695336127	0.03627175303633608
3.587030025391407e-07	1.6372740657954428	0.036260855619070304
3.587398765897105e-07	1.637260460658832	0.03624995708156879
3.587767544308691e-07	1.6372468541236365	0.036239057423716435
3.5881363606300626e-07	1.6372332461897128	0.03622815664539802
3.5885052148651095e-07	1.637219636856917	0.03621725474649858
3.588874107017743e-07	1.6372060261251047	0.03620635172690252
3.589243037091854e-07	1.637192413994133	0.03619544758649483
3.5896120050913413e-07	1.6371788004638574	0.036184542325160295
3.589981011020103e-07	1.6371651855341347	0.03617363594278368
3.5903500548820385e-07	1.6371515692048209	0.03616272843924975
3.590719136681047e-07	1.6371379514757716	0.036151819814443265
3.5910882564210213e-07	1.6371243323468432	0.03614091006824914
3.5914574141058757e-07	1.6371107118178918	0.036129999200551724
3.5918266097395044e-07	1.6370970898887736	0.036119087211235884
3.592195843325808e-07	1.6370834665593443	0.03610817410018634
3.592565114868688e-07	1.6370698418294607	0.03609725986728779
3.592934424372046e-07	1.6370562156989776	0.03608634451242493
3.593303771839778e-07	1.6370425881677528	0.036075428035482575
3.5936731572758e-07	1.6370289592356404	0.03606451043634501
3.5940425806840086e-07	1.6370153289024976	0.036053591714897054
3.5944120420683064e-07	1.6370016971681798	0.03604267187102336
3.5947815414325986e-07	1.6369880640325434	0.03603175090460852
3.5951510787807884e-07	1.6369744294954445	0.036020828815537156
3.595520654116774e-07	1.6369607935567383	0.03600990560369407
3.595890267444474e-07	1.6369471562162812	0.03599898126896342
3.5962599187677875e-07	1.6369335174739286	0.03598805581122997
3.5966296080906197e-07	1.6369198773295373	0.03597712923037831
3.596999335416878e-07	1.6369062357829627	0.03596620152629294
3.597369100750468e-07	1.63689259283406	0.03595527269885843
3.597738904095289e-07	1.636878948482686	0.03594434274795953
3.5981087454552647e-07	1.6368653027286966	0.035933411673480284
3.598478624834295e-07	1.6368516555719466	0.0359224794753054
3.598848542236288e-07	1.6368380070122928	0.035911546153319394
3.5992184976651526e-07	1.6368243570495902	0.03590061170740673
3.599588491124798e-07	1.6368107056836951	0.03588967613745185
3.599958522619126e-07	1.6367970529144635	0.035878739443339455
3.600328592152061e-07	1.6367833987417506	0.03586780162495353
3.6006986997275066e-07	1.636769743165412	0.03585686268217872
3.601068845349373e-07	1.6367560861853039	0.03584592261489945
3.601439029021572e-07	1.6367424278012814	0.03583498142300011
3.6018092507480143e-07	1.6367287680132008	0.035824039106365085
3.602179510532605e-07	1.6367151068209176	0.035813095664878995
3.6025498083792705e-07	1.6367014442242875	0.03580215109842576
3.6029201442919165e-07	1.6366877802231659	0.03579120540688996
3.603290518274457e-07	1.6366741148174082	0.035780258590155906
3.603660930330804e-07	1.6366604480068705	0.03576931064810797
3.604031380464872e-07	1.6366467797914084	0.03575836158063046
3.604401868680576e-07	1.636633110170877	0.035747411387607675
3.604772394981822e-07	1.636619439145133	0.03573646006892414
3.6051429593725414e-07	1.6366057667140304	0.03572550762446369
3.6055135618566415e-07	1.6365920928774256	0.03571455405411082
3.6058842024380384e-07	1.6365784176351736	0.0357035993577498
3.6062548811206485e-07	1.6365647409871307	0.035692643535264856
3.6066255979083884e-07	1.6365510629331514	0.035681686586540244
3.6069963528051676e-07	1.6365373834730925	0.035670728511460414
3.607367145814919e-07	1.6365237026068082	0.03565976930990912
3.607737976941553e-07	1.6365100203341547	0.03564880898177079
3.6081088461889875e-07	1.6364963366549872	0.03563784752692961
3.6084797535611416e-07	1.6364826515691606	0.03562688494526977
3.6088506990619344e-07	1.6364689650765307	0.035615921236675424
3.609221682695278e-07	1.6364552771769538	0.03560495640103095
3.6095927044651074e-07	1.6364415878702838	0.03559399043822004
3.609963764375336e-07	1.6364278971563766	0.03558302334812703
3.6103348624298833e-07	1.6364142050350878	0.035572055130636084
3.610705998632671e-07	1.636400511506272	0.035561085785631275
3.6110771729876214e-07	1.6363868165697855	0.03555011531299669
3.611448385498648e-07	1.6363731202254836	0.035539143712616655
3.611819636169689e-07	1.6363594224732205	0.03552817098437479
3.612190925004659e-07	1.6363457233128522	0.03551719712815534
3.6125622520074814e-07	1.636332022744234	0.0355062221438424
3.61293361718208e-07	1.6363183207672205	0.03549524603131998
3.6133050205323786e-07	1.6363046173816675	0.03548426879047212
3.6136764620622944e-07	1.6362909125874303	0.03547329042118301
3.6140479417757667e-07	1.6362772063843636	0.03546231092333625
3.6144194596767135e-07	1.636263498772323	0.035451330296816026
3.61479101576906e-07	1.6362497897511634	0.03544034854150633
3.615162610056733e-07	1.6362360793207404	0.03542936565729109
3.615534242543658e-07	1.6362223674809087	0.035418381644054295
3.615905913233755e-07	1.6362086542315235	0.03540739650168008
3.616277622130966e-07	1.6361949395724396	0.03539641023005193
3.6166493692392113e-07	1.6361812235035125	0.035385422829054
3.6170211545624187e-07	1.636167506024597	0.03537443429857017
3.6173929781045166e-07	1.6361537871355483	0.03536344463848435
3.617764839869434e-07	1.6361400668362218	0.035352453848680396
3.6181367398611e-07	1.6361263451264716	0.0353414619290422
3.618508678083437e-07	1.636112622006154	0.03533046887945382
3.61888065454039e-07	1.6360988974751232	0.03531947469979867
3.619252669235881e-07	1.6360851715332339	0.035308479389960803
3.6196247221738424e-07	1.6360714441803414	0.035297482949824016
3.6199968133582045e-07	1.6360577154163005	0.035286485379272134
3.620368942792899e-07	1.6360439852409665	0.035275486678188965
3.620741110481851e-07	1.6360302536541946	0.03526448684645848
3.621113316429007e-07	1.6360165206558388	0.035253485883964035
3.621485560638294e-07	1.6360027862457547	0.03524248379058959
3.621857843113644e-07	1.6359890504237966	0.035231480566218915
3.6222301638589906e-07	1.6359753131898196	0.035220476210735735
3.6226025228782685e-07	1.6359615745436789	0.03520947072402376
3.6229749201754043e-07	1.6359478344852292	0.035198464105966956
3.623347355754348e-07	1.635934093014325	0.03518745635644854
3.6237198296190276e-07	1.635920350130821	0.035176447475352465
3.624092341773379e-07	1.6359066058345721	0.03516543746256236
3.6244648922213374e-07	1.635892860125434	0.03515442631796193
3.6248374809668404e-07	1.6358791130032602	0.03514341404143479
3.6252101080138163e-07	1.635865364467906	0.03513240063286484
3.625582773366219e-07	1.635851614519226	0.03512138609213523
3.6259554770279766e-07	1.6358378631570751	0.03511037041912982
3.6263282190030293e-07	1.6358241103813076	0.035099353613732204
3.6267009992953146e-07	1.635810356191779	0.03508833567582597
3.627073817908771e-07	1.6357966005883429	0.03507731660529472
3.6274466748473315e-07	1.6357828435708548	0.035066296402022225
3.6278195701149506e-07	1.6357690851391689	0.03505527506589159
3.62819250371556e-07	1.6357553252931396	0.0350442525967866
3.6285654756531014e-07	1.635741564032622	0.03503322899459077
3.628938485931515e-07	1.6357278013574705	0.03502220425918764
3.6293115345547427e-07	1.6357140372675398	0.0350111783904607
3.6296846215267256e-07	1.6357002717626847	0.035000151388293474
3.6300577468513995e-07	1.6356865048427593	0.03498912325256962
3.630430910532721e-07	1.635672736507618	0.0349780939831722
3.630804112574626e-07	1.6356589667571155	0.03496706357998491
3.6311773529810576e-07	1.6356451955911067	0.03495603204289117
3.6315506317559603e-07	1.6356314230094455	0.03494499937177441
3.6319239489032773e-07	1.6356176490119865	0.034933965566518094
3.6322973044269465e-07	1.635603873598585	0.03492293062700581
3.632670698330928e-07	1.6355900967690942	0.03491189455312054
3.633044130619159e-07	1.635576318523369	0.03490085734474591
3.633417601295586e-07	1.635562538861264	0.03488981900176526
3.633791110364155e-07	1.6355487577826335	0.03487877952406198
3.6341646578288126e-07	1.6355349752873318	0.03486773891151941
3.634538243693498e-07	1.6355211913752137	0.03485669716402112
3.634911867962175e-07	1.6355074060461328	0.03484565428144999
3.635285530638782e-07	1.6354936192999439	0.034834610263689565
3.6356592317272685e-07	1.635479831136501	0.03482356511062314
3.636032971231583e-07	1.635466041555659	0.03481251882213402
3.636406749155675e-07	1.6354522505572717	0.034801471398105466
3.636780565503486e-07	1.635438458141194	0.03479042283842097
3.6371544202789805e-07	1.635424664307279	0.03477937314296338
3.637528313486102e-07	1.6354108690553821	0.03476832231161613
3.6379022451288006e-07	1.6353970723853566	0.03475727034426246
3.638276215211028e-07	1.6353832742970575	0.034746217240785575
3.6386502237367354e-07	1.6353694747903387	0.034735163001068714
3.6390242707098675e-07	1.6353556738650548	0.03472410762499527
3.639398356134391e-07	1.6353418715210588	0.034713051112448004
3.639772480014252e-07	1.635328067758206	0.03470199346331028
3.640146642353403e-07	1.6353142625763502	0.0346909346774653
3.640520843155798e-07	1.6353004559753452	0.034679874754796176
3.64089508242539e-07	1.6352866479550456	0.034668813695186075
3.641269360166134e-07	1.6352728385153055	0.0346577514985181
3.641643676381978e-07	1.6352590276559789	0.03464668816467559
3.6420180310768914e-07	1.6352452153769192	0.03463562369354119
3.642392424254822e-07	1.6352314016779814	0.03462455808499823
3.6427668559197266e-07	1.635217586559019	0.03461349133892978
3.6431413260755605e-07	1.6352037700198863	0.03460242345521892
3.6435158347262816e-07	1.635189952060437	0.034591354433748674
3.643890381875839e-07	1.6351761326805256	0.034580284274402316
3.644264967528206e-07	1.6351623118800054	0.034569212977062426
3.6446395916873324e-07	1.635148489658731	0.034558140541612235
3.6450142543571766e-07	1.6351346660165558	0.03454706696793478
3.6453889555416974e-07	1.6351208409533342	0.034535992255913035
3.6457636952448546e-07	1.6351070144689197	0.03452491640542997
3.6461384734706e-07	1.6350931865631668	0.03451383941636878
3.646513290222909e-07	1.635079357235929	0.034502761288611974
3.6468881455057343e-07	1.6350655264870597	0.034491682022042724
3.6472630393230364e-07	1.6350516943164135	0.034480601616543975
3.647637971678777e-07	1.6350378607238443	0.03446952007199863
3.648012942576918e-07	1.6350240257092052	0.03445843738828959
3.6483879520214134e-07	1.6350101892723505	0.03444735356529999
3.6487630000162413e-07	1.6349963514131343	0.03443626860291226
3.6491380865653566e-07	1.6349825121314097	0.0344251825010095
3.6495132116727225e-07	1.6349686714270308	0.03441409525947458
3.6498883753423035e-07	1.6349548292998513	0.03440300687819032
3.6502635775780634e-07	1.634940985749725	0.034391917357039566
3.6506388183839587e-07	1.6349271407765058	0.034380826695905385
3.65101409776397e-07	1.634913294380047	0.034369734894670115
3.651389415722055e-07	1.6348994465602025	0.034358641953216786
3.651764772262179e-07	1.634885597316826	0.034347547871428206
3.652140167388309e-07	1.6348717466497713	0.03433645264918713
3.652515601104411e-07	1.6348578945588916	0.03432535628637632
3.6528910734144443e-07	1.6348440410440412	0.03431425878287876
3.6532665843223917e-07	1.6348301861050731	0.034303160138576747
3.6536421338322134e-07	1.6348163297418412	0.034292060353353214
3.6540177219478777e-07	1.634802471954199	0.03428095942709089
3.654393348673353e-07	1.6347886127420002	0.03426985735967247
3.6547690140126084e-07	1.6347747521050982	0.03425875415098066
3.655144717969606e-07	1.6347608900433466	0.03424764980089834
3.6555204605483305e-07	1.634747026556599	0.03423654430930775
3.655896241752744e-07	1.634733161644709	0.03422543767609177
3.656272061586819e-07	1.6347192953075298	0.03421432990113301
3.6566479200545243e-07	1.6347054275449147	0.034203220984314144
3.657023817159833e-07	1.6346915583567176	0.03419211092551776
3.657399752906716e-07	1.6346776877427924	0.03418099972462649
3.657775727299139e-07	1.6346638157029916	0.03416988738152312
3.6581517403410885e-07	1.634649942237169	0.03415877389608982
3.658527792036531e-07	1.634636067345178	0.03414765926820936
3.6589038823894406e-07	1.6346221910268721	0.034136543497764286
3.65928001140379e-07	1.6346083132821045	0.034125426584637186
3.6596561790835535e-07	1.6345944341107286	0.03411430852871057
3.660032385432699e-07	1.6345805535125981	0.034103189329867195
3.6604086304552164e-07	1.634566671487566	0.03409206898798911
3.660784914155074e-07	1.6345527880354855	0.034080947502959036
3.6611612365362474e-07	1.63453890315621	0.03406982487465946
3.661537597602713e-07	1.6345250168495926	0.03405870110297287
3.661913997358448e-07	1.6345111291154872	0.034047576187781724
3.662290435807422e-07	1.6344972399537467	0.034036450128968665
3.662666912953627e-07	1.6344833493642241	0.034025322926415726
3.663043428801034e-07	1.634469457346773	0.034014194580005534
3.6634199833536213e-07	1.6344555639012461	0.03400306508962052
3.663796576615368e-07	1.6344416690274972	0.03399193445514304
3.664173208590253e-07	1.634427772725379	0.033980802676455556
3.6645498792822485e-07	1.6344138749947454	0.033969669753440596
3.6649265886953496e-07	1.6343999758354488	0.03395853568598012
3.665303336833529e-07	1.6343860752473425	0.03394740047395669
3.665680123700768e-07	1.6343721732302796	0.03393626411725266
3.6660569493010477e-07	1.6343582697841132	0.03392512661575035
3.66643381363835e-07	1.6343443649086968	0.03391398796933207
3.666810716716649e-07	1.6343304586038832	0.03390284817788036
3.6671876585399425e-07	1.6343165508695252	0.03389170724127706
3.667564639112206e-07	1.6343026417054762	0.03388056515940468
3.6679416584374226e-07	1.634288731111589	0.03386942193214548
3.6683187165195763e-07	1.6342748190877168	0.033858277559381714
3.668695813362651e-07	1.6342609056337123	0.03384713204099564
3.669072948970632e-07	1.6342469907494288	0.033835985376869465
3.6694501233474954e-07	1.6342330744347198	0.03382483756688566
3.669827336497243e-07	1.6342191566894368	0.033813688610925964
3.6702045884238515e-07	1.634205237513434	0.03380253850887282
3.670581879131309e-07	1.6341913169065634	0.03379138726060838
3.6709592086236003e-07	1.6341773948686789	0.033780234866014856
3.6713365769047136e-07	1.6341634713996327	0.03376908132497438
3.671713983978628e-07	1.6341495464992781	0.03375854365968692
3.6720914298493476e-07	1.6341356201674675	0.03374962752163866
3.6724689145208516e-07	1.634121692404054	0.03374071046702679
3.67284643799713e-07	1.6341077632088903	0.03373179249575706
3.6732240002821706e-07	1.6340938325818297	0.033722873607735245
3.673601601379964e-07	1.6340799005227244	0.03371395380286711
3.673979241294492e-07	1.6340659670314275	0.0337050330810586
3.6743569200297595e-07	1.6340520321077916	0.033696111442215064
3.674734637589751e-07	1.6340380957516698	0.03368718888624243
3.6751123939784564e-07	1.6340241579629142	0.03367826541304642
3.6754901891998675e-07	1.6340102187413783	0.033669341022532745
3.6758680232579764e-07	1.6339962780869142	0.03366041571460711
3.676245896156768e-07	1.6339823359993753	0.03365148948917537
3.67662380790025e-07	1.6339683924786135	0.03364256234614285
3.677001758492408e-07	1.6339544475244816	0.033633634285415416
3.677379747937236e-07	1.6339405011368326	0.03362470530689871
3.677757776238727e-07	1.633926553315519	0.03361577541049842
3.6781358434008763e-07	1.6339126040603933	0.03360684459612016
3.678513949427671e-07	1.6338986533713087	0.03359791286366975
3.678892094323121e-07	1.6338847012481166	0.03358898021305245
3.6792702780912145e-07	1.6338707476906706	0.03358004664417407
3.679648500735948e-07	1.6338567926988232	0.03357111215694019
3.680026762261318e-07	1.6338428362724262	0.03356217675125642
3.6804050626713205e-07	1.6338288784113328	0.03355324042702834
3.680783401969953e-07	1.6338149191153952	0.033544303184161545
3.681161780161207e-07	1.6338009583844666	0.03353536502256174
3.6815401972490937e-07	1.6337869962183984	0.03352642594213416
3.681918653237605e-07	1.6337730326170437	0.03351748594278452
3.68229714813074e-07	1.633759067580255	0.03350854502441834
3.682675681932498e-07	1.633745101107884	0.03349960318694116
3.6830542546468785e-07	1.6337311331997844	0.03349066043025849
3.683432866277874e-07	1.633717163855808	0.033481716754276025
3.6838115168295e-07	1.6337031930758064	0.03347277215889891
3.684190206305751e-07	1.633689220859633	0.033463826644032794
3.684568934710627e-07	1.6336752472071399	0.03345488020958317
3.684947702048131e-07	1.6336612721181796	0.0334459328554555
3.685326508322264e-07	1.6336472955926038	0.033436984581555244
3.685705353537022e-07	1.6336333176302658	0.03342803538778802
3.686084237696423e-07	1.633619338231017	0.03341908527405892
3.6864631608044625e-07	1.63360535739471	0.03341013424027356
3.686842122865145e-07	1.633591375121197	0.033401182286337344
3.6872211238824737e-07	1.6335773914103306	0.033392229412155694
3.687600163860454e-07	1.6335634062619628	0.033383275617634
3.6879792428030836e-07	1.6335494196759461	0.033374320902677834
3.688358360714383e-07	1.6335354316521322	0.03336536526719223
3.6887375175983503e-07	1.6335214421903737	0.03335640871108272
3.6891167134589915e-07	1.6335074512905223	0.033347451234254685
3.689495948300314e-07	1.6334934589524306	0.03333849283661346
3.689875222126325e-07	1.6334794651759508	0.0333295335180644
3.690254534941024e-07	1.633465469960935	0.033320573278513003
3.6906338867484344e-07	1.633451473307235	0.03331161211786425
3.691013277552557e-07	1.6334374752147032	0.03330265003602361
3.6913927073574005e-07	1.6334234756831916	0.0332936870328964
3.6917721761669736e-07	1.6334094747125523	0.03328472310838793
3.692151683985287e-07	1.6333954723026372	0.03327575826240346
3.692531230816343e-07	1.6333828758744622	0.03326679249484844
3.692910816664166e-07	1.6333711809919411	0.03325782580562779
3.69329044153276e-07	1.6333594849072066	0.033248858194646944
3.693670105426137e-07	1.6333477876201346	0.03323988966181114
3.694049808348308e-07	1.6333360891306017	0.033230920207025616
3.6944295503032847e-07	1.6333243894384841	0.03322194983019559
3.69480933129508e-07	1.6333126885436584	0.03321297853122629
3.6951891513276995e-07	1.6333009864460013	0.033204006310023085
3.6955690104051715e-07	1.6332892831453882	0.03319503316649083
3.695948908531502e-07	1.6332775786416962	0.033186059100534876
3.6963288457107055e-07	1.633265872934801	0.0331770841120604
3.696708821946796e-07	1.6332541660245796	0.03316810820097259
3.697088837243789e-07	1.6332424579109082	0.033159131367176575
3.697468891605692e-07	1.6332307485936626	0.033150153610577694
3.697848985036536e-07	1.6332190380727196	0.03314117493108072
3.69822911754033e-07	1.633207326347955	0.03313219532859098
3.6986092891210904e-07	1.6331956134192454	0.03312321480301357
3.6989894997828345e-07	1.633183899286467	0.03311423335425359
3.699369749529579e-07	1.6331721839494955	0.03310525098221618
3.6997500383653346e-07	1.633160467408208	0.03309626768680657
3.700130366294135e-07	1.6331487496624801	0.03308728346792948
3.700510733319991e-07	1.633137030712188	0.033078298325490196
3.700891139446922e-07	1.633125310557208	0.03306931225939373
3.7012715846789476e-07	1.6331135891974164	0.03306032526954516
3.7016520690200873e-07	1.6331018666326893	0.03305133735584952
3.7020325924743535e-07	1.6330901428629028	0.03304234851821203
3.7024131550457834e-07	1.6330784178879327	0.033033358756537325
3.7027937567383897e-07	1.6330666917076553	0.03302436807073061
3.7031743975561943e-07	1.6330549643219472	0.03301537646069689
3.7035550775032184e-07	1.6330432357306837	0.033006383926341164
3.703935796583486e-07	1.6330315059337415	0.032997390467568374
3.704316554801011e-07	1.6330197749309963	0.03298839608428372
3.7046973521598324e-07	1.633008042722324	0.032979400776391776
3.7050781886639657e-07	1.632996309307601	0.032970404543797696
3.7054590643174356e-07	1.6329845746867033	0.03296140738640639
3.7058399791242666e-07	1.6329728388595066	0.03295240930412281
3.706220933088483e-07	1.6329611018258872	0.03294341029685188
3.7066019262141034e-07	1.632949363585721	0.032934410364498685
3.706982958505168e-07	1.632937624138884	0.03292540950696777
3.7073640299656954e-07	1.632925883485252	0.03291640772416422
3.7077451405997125e-07	1.6329141416247008	0.0329074050159929
3.708126290411246e-07	1.632902398557107	0.0328984013823587
3.7085074794043233e-07	1.6328906542823456	0.032889396823166474
3.7088887075829723e-07	1.6328789088002935	0.032880391338321074
3.7092699749512137e-07	1.6328671621108262	0.03287138492772754
3.709651281513091e-07	1.632855414213819	0.03286237759129033
3.710032627272626e-07	1.6328436651091482	0.032853369328914445
3.710414012233848e-07	1.6328319147966897	0.03284436014050472
3.7107954364007865e-07	1.6328201632763195	0.03283535002596595
3.711176899777472e-07	1.6328084105479133	0.032826338985202944
3.711558402367928e-07	1.632796656611347	0.03281732701812064
3.711939944176201e-07	1.632784901466496	0.03280831412462347
3.712321525206314e-07	1.6327731451132363	0.03279930030461637
3.7127031454622994e-07	1.6327613875514437	0.03279028555800412
3.713084804948189e-07	1.6327496287809944	0.03278126988469145
3.713466503668017e-07	1.6327378688017633	0.03277225328458309
3.713848241625808e-07	1.632726107613627	0.032763235757583956
3.71423001882561e-07	1.6327143452164607	0.03275421730359842
3.714611835271451e-07	1.6327025816101404	0.03274519792253134
3.7149936909673646e-07	1.6326908167945413	0.03273617761428743
3.715375585917386e-07	1.6326790507695395	0.03272715637877138
3.71575752012555e-07	1.6326672835350104	0.03271813421588786
3.716139493595884e-07	1.6326555150908306	0.03270911112554173
3.7165215063324415e-07	1.6326437454368745	0.03270008710763726
3.7169035583392493e-07	1.6326319745730182	0.03269106216207932
3.7172856496203454e-07	1.6326202024991374	0.03268203628877252
3.7176677801797664e-07	1.632608429215108	0.0326730094876215
3.718049950021551e-07	1.632596654720805	0.03266398175853087
3.718432159149729e-07	1.6325848790161044	0.032654953101405426
3.7188144075683543e-07	1.6325731021008816	0.032645923516149415
3.719196695281458e-07	1.632561323975012	0.032636893002667595
3.719579022293081e-07	1.6325495446383718	0.03262786156086454
3.719961388607261e-07	1.6325377640908356	0.03261882919064485
3.7203437942280394e-07	1.6325259823322797	0.032609795891913054
3.720726239159457e-07	1.6325141993625794	0.0326007616645737
3.721108723405547e-07	1.63250241518161	0.03259172650853154
3.7214912469703655e-07	1.6324906297892472	0.032582690423690726
3.7218738098579476e-07	1.632478843185366	0.03257365340995596
3.722256412072335e-07	1.6324670553698426	0.03256461546723176
3.7226390536175713e-07	1.632455266342552	0.0325555765954226
3.723021734497699e-07	1.6324434761033697	0.03254653679443301
3.723404454716754e-07	1.6324316846521711	0.032537496064167636
3.7237872142787956e-07	1.6324198919888318	0.03252845440453059
3.724170013187861e-07	1.632408098113227	0.0325194118154265
3.724552851447994e-07	1.6323963030252318	0.03251036829675985
3.724935729063241e-07	1.632384506724722	0.03250132384843506
3.725318646037647e-07	1.6323727092115732	0.03249227847035655
3.7257016023752504e-07	1.63236091048566	0.03248323216242896
3.726084598080113e-07	1.6323491105468584	0.03247418492455631
3.7264676331562745e-07	1.6323373093950428	0.0324651367566432
3.7268507076077815e-07	1.6323255070300895	0.03245608765859402
3.7272338214386823e-07	1.6323137034518735	0.03244703763031315
3.7276169746530243e-07	1.63230189866027	0.03243798667170497
3.7280001672548495e-07	1.6322900926551542	0.032428934782674015
3.728383399248221e-07	1.6322782854364017	0.0324198819631243
3.7287666706371813e-07	1.632266477003887	0.03241082821296032
3.72914998142578e-07	1.632254667357486	0.03240177353208643
3.729533331618067e-07	1.632242856497074	0.03239271792040696
3.729916721218093e-07	1.6322310444225252	0.0323836613778262
3.730300150229902e-07	1.6322192311337163	0.03237460390424864
3.7306836186575606e-07	1.632207416630521	0.03236554549957824
3.731067126505112e-07	1.6321956009128153	0.032356486163719445
3.73145067377661e-07	1.6321837839804743	0.032347425896576534
3.7318342604761066e-07	1.6321719658333729	0.03233836469805377
3.7322178866076546e-07	1.6321601464713866	0.03232930256805541
3.732601552175308e-07	1.6321483258943896	0.0323202395064857
3.7329852571831135e-07	1.6321365041022586	0.03231117551324906
3.7333690016351395e-07	1.632124681094867	0.032302110588249354
3.7337527855354344e-07	1.632112856872091	0.032293044731390975
3.7341366088880527e-07	1.6321010314338051	0.03228397794257814
3.73452047169705e-07	1.6320892047798845	0.03227491022171503
3.734904373966483e-07	1.6320773769102044	0.03226584156870585
3.7352883157004e-07	1.6320655478246398	0.032256771983454946
3.7356722969028737e-07	1.6320537175230654	0.03224770146586613
3.7360563175779533e-07	1.6320418860053563	0.03223863001584371
3.7364403777296964e-07	1.6320300532713876	0.03222955763329188
3.7368244773621613e-07	1.6320182193210342	0.03222048431811475
3.7372086164794065e-07	1.632006384154171	0.032211410070216454
3.737592795085483e-07	1.6319945477706734	0.032202334889501305
3.737977013184467e-07	1.6319827101704159	0.03219325877587301
3.7383612707804085e-07	1.6319708713532732	0.0321841817292359
3.738745567877369e-07	1.6319590313191206	0.03217510374949402
3.739129904479409e-07	1.6319471900678333	0.03216602483655147
3.739514280590589e-07	1.6319353475992853	0.03215694499031231
3.7398986962149637e-07	1.6319235039133522	0.03214786421068079
3.74028315135661e-07	1.6319116590099083	0.03213878249756058
3.7406676460195823e-07	1.631899812888829	0.03212969985085592
3.741052180207943e-07	1.6318879655499887	0.03212061627047083
3.741436753925756e-07	1.6318761169932625	0.03211153175630932
3.7418213671770843e-07	1.6318642672185246	0.03210244630827542
3.7422060199659846e-07	1.6318524162256511	0.03209335992627329
3.7425907122965364e-07	1.6318405640145155	0.03208427261020656
3.742975444172797e-07	1.6318287105849931	0.03207518435997941
3.743360215598832e-07	1.6318168559369586	0.03206609517549578
3.743745026578706e-07	1.6318050000702866	0.03205700505665966
3.7441298771164856e-07	1.631793142984852	0.032047914003374985
3.7445147672162297e-07	1.6317812846805295	0.03203882201554588
3.7448996968820205e-07	1.631769425157194	0.032029729093075915
3.745284666117918e-07	1.6317575644147193	0.032020635235869184
3.745669674927989e-07	1.6317457024529811	0.0320115404438296
3.7460547233163026e-07	1.6317338392718537	0.03200244471686107
3.7464398112869275e-07	1.6317219748712115	0.03199334805486747
3.746824938843924e-07	1.6317101092509296	0.03198425045775288
3.747210105991377e-07	1.6316982424108823	0.03197515192542082
3.74759531273335e-07	1.6316863743509442	0.031966052457775285
3.7479805590739117e-07	1.6316745050709902	0.03195695205472017
3.748365845017134e-07	1.6316626345708942	0.0319478507161593
3.7487511705670865e-07	1.6316507628505317	0.03193874844199651
3.749136535727842e-07	1.6316388899097767	0.031929645232135616
3.7495219405034644e-07	1.6316270157485042	0.03192054108648062
3.7499073848980414e-07	1.6316151403665877	0.03191143600493495
3.7502928689156374e-07	1.6316032637639024	0.031902329987402604
3.750678392560327e-07	1.6315913859403235	0.03189322303378733
3.751063955836182e-07	1.6315795068957244	0.03188411514399292
3.7514495587472784e-07	1.6315676266299797	0.03187500631792313
3.7518352012976816e-07	1.6315557451429648	0.0318658965554819
3.752220883491482e-07	1.631543862434553	0.03185678585657261
3.7526066053327474e-07	1.6315319785046194	0.031847674221099166
3.752992366825553e-07	1.6315200933530383	0.031838561648965306
3.753378167973976e-07	1.6315082069796842	0.031829448140074726
3.753764008782092e-07	1.6314963193844312	0.031820333694331134
3.7541498892539703e-07	1.631484430567154	0.03181121831163841
3.7545358093937045e-07	1.631472540527727	0.03180210199189987
3.7549217692053634e-07	1.6314606492660242	0.03179298473501937
3.7553077686930265e-07	1.63144875678192	0.03178386654090056
3.755693807860771e-07	1.6314368630752893	0.03177474740944713
3.7560798867126775e-07	1.631424968146006	0.03176562734056268
3.7564660052528167e-07	1.6314130719939448	0.03175650633415106
3.7568521634852844e-07	1.6314011746189792	0.031747384390115506
3.757238361414153e-07	1.6313892760209838	0.03173826150835982
3.757624599043503e-07	1.6313773761998334	0.031729137688787615
3.758010876377416e-07	1.6313654751554016	0.031720012931302485
3.758397193419973e-07	1.631353572887563	0.031710887235808005
3.7587835501752486e-07	1.6313416693961922	0.03170176060220793
3.759169946647341e-07	1.6313297646811629	0.03169263303040547
3.7595563828403243e-07	1.631317858742349	0.031683504520304356
3.7599428587582826e-07	1.631305951579625	0.03167437507180814
3.7603293744052995e-07	1.6312940431928655	0.03166524468482034
3.760715929785459e-07	1.6312821335819445	0.031656113359244495
3.7611025249028455e-07	1.6312702227467357	0.03164698109498411
3.7614891597615356e-07	1.6312583106871141	0.031637847891942884
3.761875834365631e-07	1.6312463974029527	0.03162871375002394
3.76226254871921e-07	1.6312344828941263	0.03161957866913094
3.762649302826358e-07	1.6312225671605092	0.03161044264916736
3.7630360966911613e-07	1.631210650201975	0.03160130569003668
3.763422930317707e-07	1.631198732018398	0.03159216779164235
3.763809803710076e-07	1.6311868126096527	0.03158302895388799
3.7641967168723706e-07	1.6311748919756122	0.031573889176676674
3.764583669808672e-07	1.6311629701161512	0.031564748459912
3.764970662523068e-07	1.6311510470311437	0.03155560680349741
3.765357695019648e-07	1.6311391227204632	0.03154646420733628
3.765744767302502e-07	1.6311271971839847	0.031537320671332025
3.7661318793757124e-07	1.6311152704215814	0.0315281761953882
3.766519031243384e-07	1.6311033424331274	0.03151903077940783
3.766906222909601e-07	1.6310914132184966	0.03150988442329444
3.767293454378454e-07	1.6310794827775634	0.03150073712695142
3.7676807256540344e-07	1.631067551110201	0.031491588890282085
3.7680680367404346e-07	1.631055618216284	0.0314824397131898
3.7684553876417396e-07	1.6310436840956863	0.03147328959557805
3.768842778362058e-07	1.6310317487482813	0.031464138537349785
3.769230208905474e-07	1.631019812173943	0.03145498653840851
3.769617679276083e-07	1.6310078743725458	0.03144583359865751
3.7700051894779776e-07	1.6309959353439631	0.031436679718000085
3.7703927395152537e-07	1.630983995088069	0.0314275248963395
3.770780329391998e-07	1.630972053604737	0.031418369133579205
3.771167959112322e-07	1.6309601108938407	0.03140921242962208
3.771555628680313e-07	1.6309481669552546	0.03140005478437158
3.7719433381000675e-07	1.6309362217888521	0.03139089619773092
3.7723310873756823e-07	1.630924275394507	0.03138173666960334
3.7727188765112546e-07	1.6309123277720934	0.03137257619989205
3.773106705510882e-07	1.6309003789214849	0.03136341478850025
3.773494574378654e-07	1.6308884288425551	0.031354252435331346
3.7738824831186855e-07	1.6308764775351778	0.03134508914028812
3.7742704317350663e-07	1.6308645249992262	0.03133592490327398
3.774658420231897e-07	1.6308525712345752	0.03132675972419204
3.775046448613277e-07	1.630840616241097	0.0313175936029455
3.7754345168833053e-07	1.6308286600186666	0.03130842653943748
3.7758226250460757e-07	1.6308167025671572	0.03129925853357131
3.776210773105704e-07	1.6308047438864421	0.03129008958524975
3.7765989610662837e-07	1.6307927839763956	0.03128091969437612
3.7769871889319175e-07	1.6307808228368907	0.03127174886085349
3.7773754567067066e-07	1.630768860467801	0.031262577084584985
3.777763764394754e-07	1.6307568968690007	0.031253404365473685
3.7781521120001547e-07	1.630744932040363	0.031244230703422842
3.778540499527028e-07	1.6307329659817618	0.031235056098335174
3.7789289269794696e-07	1.6307209986930702	0.031225880550113907
3.7793173943615845e-07	1.6307090301741618	0.031216704058662087
3.7797059016774763e-07	1.6306970604249105	0.031207526623882768
3.7800944489312507e-07	1.6306850894451892	0.03119834824567897
3.780483036127006e-07	1.6306731172348723	0.031189168923953882
3.7808716632688633e-07	1.6306611437938325	0.031179988658610148
3.7812603303609204e-07	1.630649169121944	0.031170807449550975
3.7816490374072856e-07	1.6306371932190793	0.031161625296679315
3.7820377844120647e-07	1.6306252160851127	0.031152442199898177
3.7824265713793665e-07	1.6306132377199174	0.031143258159110503
3.7828153983132906e-07	1.6306012581233666	0.031134073174219443
3.7832042652179614e-07	1.630589277295334	0.031124887245127585
3.78359317209748e-07	1.6305772952356932	0.031115700371738046
3.7839821189559554e-07	1.630565311944317	0.03110651255395375
3.784371105797498e-07	1.630553327421079	0.031097323791677612
3.7847601326262175e-07	1.630541341665853	0.031088134084812553
3.785149199446217e-07	1.630529354678512	0.03107894343326164
3.7855383062616226e-07	1.6305173664589292	0.03106975183692741
3.7859274530765386e-07	1.630505377006978	0.03106055929571291
3.7863166398950764e-07	1.630493386322532	0.031051365809521014
3.786705866721349e-07	1.6304813944054644	0.031042171378254577
3.787095133559468e-07	1.630469401255648	0.031032976001816454
3.787484440413548e-07	1.6304574068729565	0.031023779680109467
3.7878737872876934e-07	1.6304454112572635	0.03101458241303665
3.7882631741860346e-07	1.6304334144084418	0.031005384200500433
3.788652601112678e-07	1.6304214163263642	0.030996185042403823
3.789042068071738e-07	1.630409417010905	0.030986984938649615
3.7894315750673306e-07	1.6303974164619366	0.030977783889140593
3.7898211221035715e-07	1.6303854146793322	0.030968581893779525
3.790210709184568e-07	1.630373411662966	0.030959378952469387
3.7906003363144535e-07	1.63036140741271	0.03095017506511255
3.7909900034973363e-07	1.6303494019284375	0.030940970231611957
3.791379710737334e-07	1.6303373952100222	0.030931764451870333
3.7917694580385647e-07	1.6303253872573367	0.03092255772579042
3.792159245405146e-07	1.6303133780702543	0.030913350053274936
3.7925490728411896e-07	1.6303013676486486	0.03090414143422676
3.7929389403508293e-07	1.6302893559923919	0.030894931868548234
3.7933288479381776e-07	1.6302773431013577	0.030885721356142214
3.7937187956073536e-07	1.630265328975419	0.030876509896911403
3.794108783362478e-07	1.6302533136144493	0.030867297490758453
3.794498811207672e-07	1.6302412970183204	0.030858084137586016
3.794888879147049e-07	1.6302292791869069	0.030848869837296938
3.7952789871847453e-07	1.6302172601200806	0.030839654589793482
3.7956691353248756e-07	1.6302052398177147	0.030830438394978465
3.7960593235715627e-07	1.630193218279683	0.030821221252754497
3.7964495519289286e-07	1.6301811955058574	0.030812003163024203
3.796839820401098e-07	1.6301691714961115	0.03080278412569016
3.797230128992186e-07	1.6301571462503186	0.030793564140655146
3.797620477706332e-07	1.6301451197683507	0.030784343207821377
3.7980108665476533e-07	1.6301330920500812	0.030775121327091596
3.7984012955202745e-07	1.630121063095383	0.030765516364247052
3.798791764628322e-07	1.630109032904129	0.030755156131526427
3.7991822738759206e-07	1.630097001476192	0.03074479483379175
3.7995728232671893e-07	1.6300849688114454	0.030734432470933718
3.7999634128062697e-07	1.630072934909761	0.03072406904284245
3.8003540424972825e-07	1.6300608997710127	0.03071370454940861
3.800744712344354e-07	1.6300488633950723	0.030703338990522716
3.8011354223516125e-07	1.6300368257818134	0.030692972366075228
3.8015261725231866e-07	1.6300247869311089	0.030682604675956612
3.801916962863205e-07	1.630012746842831	0.030672235920057314
3.80230779337579e-07	1.6300007055168533	0.030661866098267973
3.8026986640650847e-07	1.6299886629530473	0.030651495210478632
3.8030895749352134e-07	1.6299766191512868	0.03064112325657989
3.803480525990306e-07	1.6299645741114444	0.030630750236462147
3.8038715172344933e-07	1.6299525278333924	0.030620376150015827
3.804262548671907e-07	1.629940480317004	0.03061000099713129
3.8046536203066707e-07	1.6299284315621516	0.030599624777699112
3.805044732142932e-07	1.6299163815687079	0.03058924749160926
3.8054358841848164e-07	1.6299043303365455	0.030578869138752282
3.805827076436457e-07	1.6298922778655376	0.030568489719018512
3.806218308901987e-07	1.629880224155556	0.03055810923229826
3.80660958158554e-07	1.629868169206474	0.030547727678481885
3.8070008944912426e-07	1.6298561130181644	0.03053734505745987
3.8073922476232457e-07	1.6298440555904987	0.030526961369122092
3.807783640985677e-07	1.6298319969233503	0.030516576613359034
3.8081750745826706e-07	1.6298199370165922	0.030506190790060995
3.808566548418364e-07	1.6298078758700962	0.0304958038991182
3.808958062496893e-07	1.6297958134837351	0.030485415940420937
3.8093496168223867e-07	1.6297837498573817	0.030475026913859612
3.8097412113989985e-07	1.6297716849909079	0.030464636819324053
3.810132846230858e-07	1.629759618884187	0.030454245656704675
3.8105245213221034e-07	1.6297475515370907	0.030443853425891683
3.810916236676873e-07	1.629735482949492	0.030433460126775273
3.811307992299306e-07	1.6297234131212635	0.030423065759245638
3.8116997881935344e-07	1.6297113420522775	0.030412670323193128
3.8120916243637135e-07	1.6296992697424062	0.03040227381850749
3.8124835008139754e-07	1.6296871961915225	0.030391876245079098
3.8128754175484614e-07	1.6296751213994982	0.030381477602798065
3.8132673745713125e-07	1.6296630453662062	0.03037107789155452
3.8136593718866697e-07	1.6296509680915192	0.03036067711123859
3.814051409498676e-07	1.6296388895753087	0.030350275261740358
3.8144434874114647e-07	1.6296268098174478	0.030339872342950137
3.8148356056291956e-07	1.6296147288178084	0.03032946835475758
3.8152277641560037e-07	1.6296026465762634	0.030319063297052955
3.8156199629960325e-07	1.6295905630926844	0.030308657169726333
3.816012202153426e-07	1.6295784783669442	0.03029824997266775
3.8164044816323294e-07	1.629566392398915	0.03028784170576725
3.8167968014368793e-07	1.6295543051884693	0.030277432368915048
3.8171891615712365e-07	1.6295422167354792	0.03026702196200076
3.81758156203954e-07	1.6295301270398168	0.03025661048491456
3.817974002845935e-07	1.6295180361013544	0.030246197937546473
3.818366483994569e-07	1.6295059439199644	0.030235784319786446
3.818759005489589e-07	1.6294938504955194	0.03022536963152446
3.819151567335134e-07	1.629481755827891	0.030214953872650684
3.8195441695353684e-07	1.6294696599169514	0.030204537043054626
3.8199368120944325e-07	1.629457562762573	0.030194119142626437
3.820329495016475e-07	1.6294454643646281	0.03018370017125603
3.8207222183056455e-07	1.6294333647229888	0.030173280128833323
3.821114981966093e-07	1.6294212638375272	0.03016285901524821
3.8215077860019604e-07	1.6294091617081152	0.030152436830390792
3.821900630417414e-07	1.6293970583346256	0.03014201357415051
3.822293515216596e-07	1.6293849537169296	0.030131589246417453
3.8226864404036583e-07	1.6293728478548999	0.03012116384708148
3.8230794059827534e-07	1.6293607407484085	0.030110737376032398
3.8234724119580324e-07	1.6293486323973272	0.030100309833160074
3.823865458333641e-07	1.6293365228015289	0.030089881218354507
3.824258545113747e-07	1.6293244119608845	0.03007945153150511
3.824651672302497e-07	1.6293122998752665	0.03006902077250187
3.825044839904045e-07	1.6293001865445471	0.030058588941234574
3.8254380479225444e-07	1.629288071968598	0.030048156037593008
3.8258312963621507e-07	1.6292759561472918	0.03003772206146692
3.826224585227019e-07	1.6292638390804994	0.030027287012746068
3.826617914521297e-07	1.629251720768094	0.030016850891320397
3.827011284249157e-07	1.6292396012099468	0.030006413697079213
3.8274046944147464e-07	1.62922748040593	0.029995975429912457
3.8277981450222236e-07	1.6292153583559152	0.02998553608970981
3.828191636075745e-07	1.6292032350597745	0.029975095676360988
3.8285851675794683e-07	1.6291911105173797	0.029964654189755663
3.828978739537545e-07	1.6291789847286036	0.029954211629783713
3.8293723519541483e-07	1.6291668576933167	0.029943767996334372
3.8297660048334295e-07	1.6291547294113917	0.029933323289297528
3.830159698179549e-07	1.6291425998827	0.029922877508562783
3.8305534319966656e-07	1.6291304691071136	0.02991243065401978
3.83094720628894e-07	1.6291183370845046	0.029901982725558142
3.8313410210605257e-07	1.6291062038147446	0.02989153372306766
3.831734876315599e-07	1.6290940692977052	0.029881083646437524
3.832128772058314e-07	1.6290819335332587	0.029870632495557513
3.8325227082928324e-07	1.6290697965212761	0.0298601802703172
3.832916685023317e-07	1.6290576582616298	0.02984972697060615
3.833310702253931e-07	1.6290455187541912	0.029839272596313887
3.8337047599888287e-07	1.6290333779988324	0.029828817147330183
3.834098858232191e-07	1.6290212359954248	0.02981836062354412
3.8344929969881733e-07	1.62900909274384	0.029807903024845445
3.834887176260941e-07	1.62899694824395	0.02979744435112363
3.8352813960546584e-07	1.6289848024956264	0.029786984602268186
3.8356756563734914e-07	1.6289726554987405	0.029776523778168577
3.836069957221598e-07	1.6289605072531645	0.029766061878714486
3.83646429860316e-07	1.6289483577587696	0.029755598903794957
3.8368586805223367e-07	1.628936207015428	0.02974513485329963
3.837253102983295e-07	1.6289240550230104	0.02973466972711794
3.8376475659902025e-07	1.6289119017813891	0.02972420352513932
3.8380420695472275e-07	1.6288997472904356	0.02971373624725317
3.838436613658531e-07	1.6288875915500216	0.029703267893349088
3.8388311983282964e-07	1.6288754345600183	0.029692798463316065
3.839225823560687e-07	1.6288632763202973	0.029682327957043658
3.8396204893598705e-07	1.6288511168307298	0.029671856374421268
3.840015195730018e-07	1.6288389560911882	0.029661383715338226
3.840409942675301e-07	1.6288267941015433	0.02965090997968386
3.840804730199889e-07	1.6288146308616671	0.02964043516734754
3.841199558307947e-07	1.6288024663714307	0.029629959278218744
3.841594427003662e-07	1.6287903006307056	0.029619482312186404
3.841989336291198e-07	1.6287781336393632	0.029609004269140017
3.842384286174729e-07	1.628765965397275	0.02959852514896883
3.842779276658427e-07	1.6287537959043128	0.029588044951562177
3.843174307746466e-07	1.6287416251603475	0.02957756367680928
3.843569379443013e-07	1.628729453165251	0.0295670813245996
3.8439644917522566e-07	1.628717279918894	0.029556597894821977
3.844359644678365e-07	1.6287051054211485	0.02954611338736583
3.844754838225514e-07	1.6286929296718855	0.029535627802120372
3.8451500723978777e-07	1.6286807526709763	0.02952514113897485
3.845545347199634e-07	1.6286685744182923	0.02951465339781839
3.8459406626349507e-07	1.6286563949137056	0.029504164578540444
3.846336018708021e-07	1.6286442141570863	0.029493674681029737
3.846731415423014e-07	1.628632032148306	0.029483183705175643
3.8471268527841084e-07	1.6286198488872365	0.02947269165086729
3.8475223307954815e-07	1.6286076643737486	0.02946219851799386
3.847917849461313e-07	1.6285954786077137	0.029451704306444438
3.8483134087857744e-07	1.6285832915890035	0.029441209016108357
3.84870900877306e-07	1.6285711033174883	0.029430712646874316
3.849104649427343e-07	1.6285589137930399	0.029420215198631597
3.8495003307528035e-07	1.6285467230155295	0.02940971667126929
3.8498960527536226e-07	1.6285345309848283	0.02939921706467645
3.850291815433981e-07	1.6285223377008067	0.029388716378742158
3.8506876187980534e-07	1.6285101431633375	0.02937821461335565
3.8510834628500374e-07	1.6284979473722903	0.029367711768405552
3.8514793475941083e-07	1.6284857503275365	0.029357207843781076
3.8518752730344484e-07	1.628473552028948	0.029346702839371255
3.8522712391752415e-07	1.6284613524763951	0.02933619675506509
3.8526672460206714e-07	1.6284491516697495	0.02932568959075156
3.853063293574915e-07	1.628436949608882	0.02931518134631985
3.8534593818421725e-07	1.6284247462936636	0.029304672021658505
3.8538555108266215e-07	1.6284125417239654	0.029294161616656704
3.8542516805324473e-07	1.6284003358996584	0.029283650131203376
3.8546478909638363e-07	1.6283881288206135	0.029273137565187457
3.855044142124975e-07	1.628375920486702	0.02926262391849786
3.85544043402005e-07	1.628363710897795	0.029252109191023508
3.8558367666532414e-07	1.6283515000537634	0.029241593382653495
3.8562331400287524e-07	1.628339287954478	0.029231076493276293
3.856629554150763e-07	1.6283270745998095	0.029220558522780986
3.857026009023463e-07	1.6283148599896295	0.02921003947105643
3.85742250465104e-07	1.6283026441238087	0.029199519337991493
3.857819041037685e-07	1.6282904270022178	0.029188998123474995
3.858215618187579e-07	1.628278208624728	0.02917847582739598
3.858612236104929e-07	1.6282659889912097	0.029167952449642855
3.8590088947939167e-07	1.6282537681015343	0.02915742799010464
3.8594055942587344e-07	1.6282415459555726	0.02914690244867011
3.859802334503574e-07	1.6282293225531954	0.02913637582522806
3.8601991155326266e-07	1.6282170978942734	0.02912584811966725
3.8605959373500777e-07	1.6282048719786777	0.029115319331876666
3.860992799960136e-07	1.6281926448062785	0.029104789461744628
3.8613897033669857e-07	1.6281804163769473	0.029094258509160094
3.8617866475748225e-07	1.6281681866905546	0.02908372647401177
3.86218363258784e-07	1.6281559557469714	0.02907319335618838
3.8625806584102324e-07	1.6281437235460678	0.029062659155578638
3.8629777250461874e-07	1.628131490087716	0.029052123872071425
3.8633748324999164e-07	1.628119255371785	0.029041587505555015
3.8637719807756074e-07	1.6281070193981462	0.02903105005591828
3.864169169877457e-07	1.6280947821666705	0.029020511523049877
3.8645663998096613e-07	1.6280825436772286	0.02900997190683846
3.8649636705764184e-07	1.6280703039296913	0.02899943120717266
3.865360982181918e-07	1.628058062923929	0.028988889423941303
3.8657583346303737e-07	1.628045820659812	0.028978346557032592
3.8661557279259767e-07	1.6280335771372114	0.02896780260633532
3.8665531620729257e-07	1.628021332355998	0.028957257571738088
3.86695063707542e-07	1.628009086316042	0.02894671145312947
3.86734815293766e-07	1.6279968390172144	0.028936164250398036
3.867745709663845e-07	1.6279845904593855	0.028925615963432325
3.868143307258169e-07	1.6279723406424258	0.028915066592121102
3.868540945724848e-07	1.6279600895662063	0.028904516136352486
3.868938625068077e-07	1.627947837230597	0.02889396459601519
3.869336345292057e-07	1.627935583635469	0.028883411970997724
3.8697341064009905e-07	1.6279233287806922	0.028872858261188593
3.87013190839908e-07	1.6279110726661377	0.02886230346647629
3.8705297512905225e-07	1.6278988152916758	0.02885174758674948
3.870927635079536e-07	1.627886556657177	0.028841190621896214
3.871325559770318e-07	1.6278742967625115	0.02883063257180514
3.8717235253670723e-07	1.62786203560755	0.02882007343636472
3.872121531874004e-07	1.6278497731921626	0.028809513215463378
3.872519579295319e-07	1.6278375095162203	0.028798951908989522
3.872917667635215e-07	1.6278252445795935	0.028788389516831756
3.873315796897914e-07	1.6278129783821518	0.02877782603887808
3.873713967087616e-07	1.6278007109237662	0.028767261475017063
3.8741121782085266e-07	1.6277884422043074	0.028756695825137093
3.8745104302648547e-07	1.6277761722236455	0.028746129089126514
3.8749087232608076e-07	1.62776390098165	0.028735561266873693
3.875307057200587e-07	1.6277516284781928	0.028724992358267146
3.875705432088416e-07	1.6277393547131431	0.02871442236319481
3.876103847928497e-07	1.6277270796863714	0.0287038512815452
3.8765023047250404e-07	1.627714803397748	0.0286932791132066
3.8769008024822557e-07	1.6277025258471431	0.028682705858067314
3.877299341204354e-07	1.6276902470344277	0.028672131516015616
3.877697920895538e-07	1.6276779669594714	0.02866155608693999
3.8780965415600356e-07	1.6276656856221443	0.028650979570728263
3.8784952032020506e-07	1.627653403022317	0.028640401967268896
3.8788939058257955e-07	1.6276411191598597	0.02862982327645012
3.879292649435483e-07	1.6276288340346423	0.02861924349816015
3.8796914340353265e-07	1.6276165476465352	0.028608662632287216
3.8800902596295317e-07	1.627604259995409	0.02859808067871971
3.8804891262223285e-07	1.627591971081133	0.028587497637345402
3.880888033817924e-07	1.6275796809035779	0.028576913508052672
3.881286982420533e-07	1.6275673894626137	0.028566328290729685
3.881685972034371e-07	1.6275550967581105	0.028555741985264595
3.8820850026636536e-07	1.6275428027899386	0.028545154591545552
3.882484074312597e-07	1.6275305075579678	0.028534566109460677
3.882883186985411e-07	1.6275182110620685	0.028523976538898297
3.8832823406863273e-07	1.6275059133021106	0.02851338587974611
3.8836815354195566e-07	1.6274936142779641	0.028502794131892408
3.8840807711893167e-07	1.627481313989499	0.02849220129522527
3.884480047999826e-07	1.6274690124365856	0.028481607369632768
3.8848793658553036e-07	1.6274567096190937	0.028471012355002982
3.8852787247599605e-07	1.6274444055368935	0.028460416251224155
3.885678124718032e-07	1.6274321001898546	0.028449819058183917
3.8860775657337317e-07	1.6274197935778474	0.02843922077577049
3.8864770478112797e-07	1.6274074857007417	0.028428621403871878
3.886876570954896e-07	1.6273951765584074	0.028418020942376124
3.887276135168804e-07	1.6273828661507144	0.02840741939117117
3.887675740457216e-07	1.6273705544775328	0.02839681675014525
3.8880753868243715e-07	1.6273582415387324	0.028386213019185886
3.888475074274485e-07	1.6273459273341833	0.028375608198181242
3.8888748028117793e-07	1.6273336118637547	0.02836500228701928
3.8892745724404784e-07	1.627321295127317	0.028354395285587933
3.8896743831648067e-07	1.6273089771247404	0.028343787193775102
3.8900742349889805e-07	1.6272966578558945	0.028333178011468937
3.890474127917241e-07	1.6272843373206487	0.02832256773855688
3.8908740619538055e-07	1.627272015518873	0.02831195637492706
3.8912740371028995e-07	1.6272596924504374	0.028301343920467348
3.8916740533687495e-07	1.6272473681152115	0.02829073037506561
3.8920741107555826e-07	1.6272350425130653	0.028280115738609682
3.8924742092676176e-07	1.6272227156438686	0.028269500010987637
3.8928743489090986e-07	1.6272103875074908	0.028258883192086862
3.893274529684245e-07	1.627198058103802	0.0282482652817954
3.8936747515972855e-07	1.6271857274326713	0.028237646280001062
3.894075014652449e-07	1.6271733954939693	0.028227026186591637
3.8944753188539647e-07	1.627161062287565	0.028216405001454913
3.8948756642060547e-07	1.6271487278133288	0.028205782724478864
3.895276050712965e-07	1.6271363920711295	0.02819515935555083
3.895676478378918e-07	1.627124055060837	0.028184534894558792
3.8960769472081456e-07	1.6271117167823212	0.028173909341390458
3.896477457204879e-07	1.6270993772354518	0.028163282695933562
3.8968780083733495e-07	1.6270870364200982	0.028152654958075833
3.8972786007177895e-07	1.6270746943361298	0.028142026127704972
3.897679234242425e-07	1.6270623509834168	0.028131396204708864
3.8980799089515044e-07	1.6270500063618285	0.028120765188974776
3.898480624849253e-07	1.627037660471234	0.028110133080390606
3.898881381939906e-07	1.6270253133115031	0.02809949987884397
3.8992821802276967e-07	1.627012964882506	0.028088865584222553
3.899683019716861e-07	1.6270006151841114	0.028078230196413975
3.9000839004116264e-07	1.626988264216189	0.028067593715306052
3.900484822316244e-07	1.6269759119786085	0.028056956140786002
3.900885785434943e-07	1.6269635584712392	0.028046317472741614
3.9012867897719595e-07	1.6269512036939506	0.028035677711060483
3.9016878353315307e-07	1.6269388476466122	0.028025036855630195
3.9020889221178947e-07	1.6269264903290934	0.028014394906338287
3.902490050135281e-07	1.6269141317412639	0.02800375186307255
3.9028912193879443e-07	1.6269017718829926	0.0279931077257201
3.9032924298801155e-07	1.6268894107541492	0.027982462494168664
3.903693681616034e-07	1.6268770483546031	0.02797181616830577
3.9040949745999394e-07	1.6268646846842236	0.027961168748018923
3.9044963088360723e-07	1.6268523197428801	0.027950520233195615
3.904897684328665e-07	1.626839953530442	0.027939870623723544
3.905299101081975e-07	1.6268275860467785	0.027929219919489753
3.905700559100235e-07	1.6268152172917592	0.02791856812038193
3.906102058387688e-07	1.626802847265253	0.0279079152262875
3.9065035989485754e-07	1.6267904759671292	0.02789726123709393
3.9069051807871407e-07	1.6267781033972573	0.027886606152688623
3.9073068039076196e-07	1.626765729555507	0.027875949972959196
3.9077084683142705e-07	1.6267533544417465	0.027865292697792667
3.9081101740113307e-07	1.626740978055846	0.027854634327076598
3.9085119210030444e-07	1.6267286003976744	0.027843974860698388
3.9089137092936563e-07	1.6267162214671005	0.02783331429854541
3.909315538887412e-07	1.6267038412639943	0.02782265264050501
3.909717409788558e-07	1.626691459788224	0.02781198988646453
3.910119322001332e-07	1.6266790770396602	0.027801326036311517
3.910521275529997e-07	1.6266666930181706	0.027790661089932882
3.910923270378792e-07	1.626654307723625	0.027779995047216118
3.911325306551965e-07	1.6266419211558925	0.027769327908048556
3.9117273840537637e-07	1.626629533314842	0.02775865967231747
3.9121295028884366e-07	1.6266171442003428	0.02774799033991013
3.912531663060225e-07	1.6266047538122643	0.02773731991071402
3.912933864573394e-07	1.626592362150475	0.02772664838461595
3.9133361074321854e-07	1.6265799692148444	0.027715975761503395
3.91373839164085e-07	1.626567575005241	0.02770530204126357
3.9141407172036376e-07	1.6265551795215345	0.0276946272237837
3.9145430841248e-07	1.6265427827635934	0.027683951308950985
3.9149454924085806e-07	1.6265303847312875	0.027673274296652832
3.915347942059247e-07	1.626517985424485	0.02766259618677601
3.9157504330810446e-07	1.6265055848430547	0.02765191697920788
3.916152965478225e-07	1.6264931829868665	0.027641236673835622
3.9165555392550427e-07	1.6264807798557885	0.027630555270546378
3.916958154415751e-07	1.6264683754496903	0.02761987276922727
3.917360810964596e-07	1.6264561479046415	0.027609189169765652
3.917763508905848e-07	1.6264442893354827	0.027598504472048212
3.918166248243755e-07	1.6264324295472838	0.027587818675962245
3.9185690289825716e-07	1.626420568539919	0.027577131781394867
3.9189718511265545e-07	1.6264087063132628	0.02756644378823313
3.9193747146799596e-07	1.6263968428671904	0.027555754696364114
3.9197776196470353e-07	1.6263849782015762	0.027545064505675097
3.920180566032056e-07	1.6263731123162948	0.027534373216052673
3.9205835538392705e-07	1.6263612452112208	0.0275236808273841
3.9209865830729373e-07	1.6263493768862287	0.027512987339556396
3.9213896537373144e-07	1.6263375073411936	0.027502292752456577
3.921792765836662e-07	1.6263256365759893	0.027491597065971624
3.922195919375238e-07	1.626313764590491	0.02748090027998854
3.9225991143572957e-07	1.6263018913845733	0.02747020239439449
3.92300235078711e-07	1.62629001695811	0.02745950340907604
3.9234056286689355e-07	1.6262781413109764	0.027448803323920308
3.9238089480070314e-07	1.6262662644430468	0.02743810213881429
3.924212308805661e-07	1.6262543863541956	0.027427399853644854
3.924615711069085e-07	1.6262425070442972	0.027416696468298963
3.9250191548015594e-07	1.6262306265132263	0.027405991982663705
3.925422640007362e-07	1.6262187447608571	0.027395286396625564
3.925826166690748e-07	1.6262068617870644	0.027384579710071615
3.9262297348559823e-07	1.6261949775917226	0.027373871922888742
3.9266333445073285e-07	1.6261830921747058	0.0273631630349638
3.927036995649051e-07	1.6261712055358886	0.027352453046183636
3.927440688285408e-07	1.6261593176751459	0.02734174195643528
3.9278444224206795e-07	1.6261474285923512	0.02733102976560516
3.928248198059125e-07	1.626135538287379	0.027320316473580266
3.92865201520501e-07	1.6261236467601041	0.027309602080247422
3.9290558738626023e-07	1.6261117540104009	0.0272988865854934
3.9294597740361686e-07	1.6260998600381433	0.027288169989204976
3.9298637157299687e-07	1.6260879648432063	0.027277452291269138
3.930267698948287e-07	1.6260760684254632	0.027266733491572208
3.9306717236953837e-07	1.626064170784789	0.02725601359000114
3.931075789975528e-07	1.626052271921058	0.027245292586442663
3.93147989779299e-07	1.626040371834144	0.027234570480783492
3.9318840471520394e-07	1.626028470523922	0.02722384727291034
3.932288238056938e-07	1.6260165679902656	0.027213122962710102
3.932692470511974e-07	1.626004664233049	0.027202397550069035
3.9330967445214095e-07	1.6259927592521473	0.027191671034874042
3.9335010600895163e-07	1.6259808530474336	0.027180943417011768
3.933905417220567e-07	1.6259689456187827	0.027170214696368863
3.934309815918834e-07	1.6259570369660683	0.02715948487283196
3.9347142561885823e-07	1.6259451270891656	0.027148753946287896
3.935118738034101e-07	1.6259332159879478	0.027138021916622877
3.9355232614596574e-07	1.625921303662289	0.02712728878372368
3.9359278264695244e-07	1.6259093901120638	0.027116554547476922
3.9363324330679774e-07	1.6258974753371465	0.027105819207769177
3.9367370812592914e-07	1.6258855593374104	0.027095082764487008
3.937141771047742e-07	1.6258736421127304	0.027084345217516972
3.937546502437598e-07	1.6258617236629802	0.02707360656674582
3.937951275433151e-07	1.6258498039880338	0.027062866812059667
3.9383560900386707e-07	1.6258378830877653	0.027052125953345232
3.938760946258434e-07	1.6258259609620491	0.027041383990489033
3.9391658440967195e-07	1.6258140376107584	0.027030640923377557
3.939570783557805e-07	1.625802113033768	0.02702339052665743
3.9399757646459614e-07	1.625790187230952	0.027016361043236875
3.9403807873654837e-07	1.6257782602021835	0.027009330837197396
3.9407858517206436e-07	1.6257663319473372	0.027002299908464852
3.9411909577157214e-07	1.6257544024662869	0.02699526825696494
3.9415961053549973e-07	1.6257424717589064	0.02698823588262338
3.9420012946427524e-07	1.6257305398250697	0.02698120278536586
3.94240652558326e-07	1.625718606664651	0.02697416896511819
3.9428117981808183e-07	1.625706672277524	0.02696713442180578
3.943217112439701e-07	1.625694736663562	0.026960099155354442
3.9436224683641913e-07	1.62568279982264	0.026953063165689833
3.944027865958572e-07	1.6256708617546312	0.026946026452737613
3.944433305227127e-07	1.6256589224594091	0.02693898901642343
3.9448387861741323e-07	1.6256469819368489	0.026931950856673055
3.9452443088038883e-07	1.6256350401868231	0.02692491197341184
3.9456498731206715e-07	1.6256230972092058	0.02691787236656556
3.946055479128768e-07	1.625611153003871	0.026910832036059828
3.946461126832463e-07	1.6255992075706929	0.02690379098182025
3.9468668162360426e-07	1.6255872609095445	0.026896749203772437
3.9472725473437866e-07	1.6255753130203001	0.0268897067018421
3.9476783201599966e-07	1.6255633639028333	0.026882663475954575
3.9480841346889535e-07	1.6255514135570175	0.02687561952603555
3.948489990934944e-07	1.6255394619827268	0.026868574852010624
3.948895888902258e-07	1.6255275091798351	0.02686152945380534
3.9493018285951835e-07	1.6255155551482159	0.02685448333134526
3.949707810018002e-07	1.625503599887743	0.026847436484556068
3.9501138331750186e-07	1.6254916433982893	0.026840388913363045
3.9505198980705166e-07	1.6254796856797293	0.026833340617691832
3.950926004708786e-07	1.6254677267319366	0.026826291597467973
3.951332153094118e-07	1.6254557665547846	0.026819241852616985
3.9517383432308044e-07	1.6254438051481472	0.02681219138306437
3.9521445751231366e-07	1.6254318425118972	0.02680514018873564
3.9525508487753997e-07	1.6254198786459095	0.026798088269556413
3.952957164191902e-07	1.6254079135500568	0.02679103562545191
3.9533635213769293e-07	1.6253959472242128	0.026783982256347746
3.9537699203347747e-07	1.625383979668251	0.026776928162169394
3.9541763610697325e-07	1.6253720108820453	0.026769873342842317
3.9545828435860976e-07	1.6253600408654685	0.026762817798291972
3.954989367888157e-07	1.6253480696183953	0.026755761528443937
3.955395933980222e-07	1.6253360971406985	0.02674870453322338
3.9558025418665813e-07	1.625324123432251	0.026741646812555878
3.9562091915515303e-07	1.6253121484929274	0.026734588366366854
3.956615883039366e-07	1.6253001723226004	0.026727529194581722
3.9570226163343863e-07	1.625288194921144	0.026720469297125897
3.95742939144088e-07	1.6252762162884313	0.026713408673924917
3.9578362083631625e-07	1.6252642364243357	0.02670634732490389
3.958243067105523e-07	1.6252522553287307	0.026699285249988366
3.958649967672261e-07	1.6252402730014897	0.026692222449103707
3.959056910067677e-07	1.625228289442486	0.026685158922175274
3.959463894296069e-07	1.6252163046515933	0.02667809466912846
3.959870920361731e-07	1.6252043186286849	0.026671029689888732
3.9602779882689785e-07	1.6251923313736338	0.026663963984381187
3.9606850980221063e-07	1.6251803428863134	0.026656897552531277
3.9610922496254146e-07	1.6251683531665975	0.026649830394264353
3.9614994430832065e-07	1.6251563622143588	0.026642762509505737
3.961906678399784e-07	1.6251443700294708	0.02663569389818075
3.9623139555794423e-07	1.625132376611807	0.02662862456021484
3.962721274626501e-07	1.6251203819612405	0.026621554495533026
3.963128635545256e-07	1.6251083860776445	0.02661448370406074
3.9635360383400115e-07	1.625096388960893	0.02660741218572328
3.963943483015072e-07	1.6250843906108579	0.026600339940445923
3.964350969574743e-07	1.625072391027413	0.026593266968153936
3.9647584980233305e-07	1.6250603902104317	0.026586193268772585
3.9651660683651325e-07	1.6250483881597872	0.02657911884222726
3.965573680604471e-07	1.6250363848753528	0.026572043688442938
3.965981334745645e-07	1.6250243803570013	0.02656496780734501
3.966389030792963e-07	1.625012374604606	0.026557891198858687
3.9667967687507314e-07	1.6250003676180398	0.02655081386290921
3.96720454862326e-07	1.624988359397176	0.02654373579942178
3.967612370414848e-07	1.624976349941888	0.02653665700832178
3.9680202341298223e-07	1.624964339252049	0.0265295774895341
3.968428139772483e-07	1.6249523273275315	0.02652249724298409
3.9688360873471416e-07	1.6249403141682088	0.026515416268596936
3.9692440768581074e-07	1.6249282997739538	0.026508334566297816
3.969652108309692e-07	1.62491628414464	0.026501252136011903
3.970060181706199e-07	1.6249042672801406	0.026494168977664496
3.9704682970519554e-07	1.624892249180328	0.026487085091180484
3.970876454351267e-07	1.624880229845075	0.02648000047648514
3.971284653608445e-07	1.6248682092742555	0.02647291513350361
3.971692894827803e-07	1.6248561874677419	0.026465829062161047
3.972101178013656e-07	1.6248441644254072	0.026458742262382543
3.9725095031703077e-07	1.6248321401471248	0.026451654734093392
3.9729178703020906e-07	1.6248201146327672	0.02644456647721839
3.973326279413311e-07	1.6248080878822073	0.0264374774916828
3.973734730508284e-07	1.6247960598953182	0.02643038777741171
3.974143223591326e-07	1.624784030671973	0.026423297334330208
3.974551758666753e-07	1.6247720002120436	0.026416206162363377
3.974960335738874e-07	1.6247599685154046	0.02640911426143643
3.975368954812022e-07	1.6247479355819274	0.02640202163147414
3.975777615890506e-07	1.6247359014114853	0.02639492827240172
3.976186318978645e-07	1.6247238660039516	0.026387834184144213
3.9765950640807573e-07	1.6247118293591987	0.026380739366626646
3.977003851201162e-07	1.624699791477099	0.026373643819774063
3.9774126803441697e-07	1.6246877523575263	0.026366547543511646
3.9778215515141173e-07	1.6246757120003528	0.026359450537764104
3.9782304647153163e-07	1.6246636704054511	0.026352352802456607
3.978639419952088e-07	1.624651627572694	0.026345254337514144
3.9790484172287535e-07	1.6246395835019547	0.026338155142861717
3.979457456549634e-07	1.6246275381931057	0.026331055218424316
3.979866537919052e-07	1.6246154916460196	0.026323954564126915
3.980275661341322e-07	1.6246034438605694	0.026316853179894628
3.9806848268207827e-07	1.6245913948366277	0.026309751065652136
3.9810940343617497e-07	1.624579344574067	0.026302648221324543
3.9815032839685466e-07	1.6245672930727597	0.026295544646836793
3.981912575645498e-07	1.6245552403325791	0.02628844034211382
3.9823219093969284e-07	1.6245431863533977	0.026281335307080572
3.982731285227155e-07	1.624531131135088	0.0262742295416621
3.9831407031405204e-07	1.6245190746775224	0.026267123045783037
3.983550163141341e-07	1.624507016980574	0.02626001581936846
3.983959665233944e-07	1.6244949580441148	0.026252907862343248
3.984369209422657e-07	1.6244828978680181	0.026245799174632295
3.984778795711807e-07	1.6244708364521558	0.026238689756160498
3.9851884241057135e-07	1.6244587737964011	0.02623157960685288
3.985598094608721e-07	1.624446709900626	0.026224468726634018
3.9860078072251503e-07	1.624434644764703	0.026217357115428924
3.9864175619593306e-07	1.6244225783885047	0.02621024477316245
3.9868273588155916e-07	1.624410510771904	0.02620313169975945
3.9872371977982634e-07	1.6243984419147728	0.02619601789514476
3.987647078911668e-07	1.6243863718169846	0.026188903359243357
3.988057002160153e-07	1.6243743004784106	0.026181788091979775
3.9884669675480417e-07	1.6243622278989238	0.026174672093278985
3.9888769750796656e-07	1.624350154078397	0.026167555363065788
3.989287024759358e-07	1.6243380790167017	0.02616043790126498
3.98969711659145e-07	1.624326002713711	0.026153319707801378
3.990107250580268e-07	1.6243139251692975	0.02614620078259989
3.9905174267301615e-07	1.6243018463833332	0.026139081125585006
3.9909276450454563e-07	1.6242897663556901	0.02613196073668166
3.991337905530487e-07	1.624277685086241	0.0261248396158146
3.9917482081895884e-07	1.6242656025748585	0.026117717762908596
3.9921585530270967e-07	1.6242535188214144	0.02611059517788837
3.9925689400473385e-07	1.624241433825782	0.02610347186067883
3.9929793692546673e-07	1.624229347587832	0.02609634781120441
3.993389840653412e-07	1.624217260107438	0.02608922302938997
3.993800354247908e-07	1.6242051713844718	0.026082097515160246
3.994210910042495e-07	1.6241930814188057	0.02607497126843994
3.9946215080415097e-07	1.624180990210312	0.02606784428915375
3.9950321482492916e-07	1.6241688977588624	0.026060716577226365
3.995442830670171e-07	1.6241568040643304	0.026053588132582614
3.995853555308504e-07	1.624144709126587	0.026046458955146897
3.9962643221686215e-07	1.624132612945505	0.026039329044844035
3.996675131254865e-07	1.6241205155209562	0.02603219840159867
3.997085982571574e-07	1.6241084168528133	0.02602506702533547
3.997496876123091e-07	1.6240963169409477	0.02601793491597908
3.997907811913749e-07	1.6240842157852327	0.02601080207345427
3.998318789947906e-07	1.6240721133855394	0.02600366849768541
3.998729810229897e-07	1.6240600097417401	0.02599653418859724
3.9991408727640643e-07	1.6240479048537073	0.0259893991461144
3.9995519775547523e-07	1.6240357987213123	0.025982263370161483
3.9999631246063044e-07	1.6240236913444284	0.025975126860663087
4.000374313923056e-07	1.6240115827229271	0.02596798961754397
4.00078554550937e-07	1.62399947285668	0.0259608516407284
4.0011968193695817e-07	1.6239873617455596	0.02595371293014113
4.001608135508038e-07	1.623975249389438	0.025946573485706698
4.0020194939290843e-07	1.623963135788187	0.02593943330734969
4.002430894637068e-07	1.6239510209416785	0.025932292394994644
4.002842337636327e-07	1.6239389048497848	0.02592515074856625
4.0032538229312254e-07	1.6239267875123775	0.025918008367988778
4.0036653505261034e-07	1.6239146689293293	0.025910865253186886
4.0040769204253086e-07	1.6239025491005112	0.025903721404085103
4.004488532633191e-07	1.6238904280257955	0.025896576820607933
4.004900187154098e-07	1.6238783057050545	0.025889431502679906
4.005311883992373e-07	1.62386618213816	0.025882285450225643
4.0057236231523817e-07	1.6238540573249833	0.02587513866316936
4.0061354046384664e-07	1.6238419312653969	0.025867991141435683
4.0065472284549787e-07	1.6238298039592725	0.02586084288494908
4.006959094606269e-07	1.6238176754064817	0.02585369389363404
4.007371003096691e-07	1.623805545606897	0.025846544167414998
4.0077829539305953e-07	1.6237934145603892	0.025839393706216435
4.0081949471123274e-07	1.6237812822668312	0.02583224250996291
4.008606982646257e-07	1.6237691487260941	0.0258250905785786
4.009019060536729e-07	1.6237570139380497	0.025817937911988068
4.009431180788099e-07	1.6237448779025705	0.02581078451011573
4.0098433434047197e-07	1.6237327406195274	0.02580363037288601
4.0102555483909477e-07	1.6237206020887929	0.02579647550022331
4.0106677957511297e-07	1.6237084623102382	0.025789319892052166
4.011080085489638e-07	1.6236963212837352	0.025782163548296703
4.0114924176108215e-07	1.6236841790091552	0.025775006468881416
4.011904792119036e-07	1.6236720354863707	0.025767848653730708
4.01231720901864e-07	1.6236598907152529	0.02576069010276893
4.01272966831399e-07	1.6236477446956734	0.02575353081592046
4.013142170009437e-07	1.6236355974275043	0.02574637079310977
4.013554714109355e-07	1.6236234489106167	0.02573921003426094
4.0139673006180967e-07	1.6236112991448826	0.025732048539298426
4.01437992954002e-07	1.6235991481301737	0.02572488630814658
4.014792600879485e-07	1.6235869958663613	0.025717723340729713
4.0152053146408536e-07	1.623574842353317	0.02571055963697213
4.015618070828477e-07	1.6235626875909128	0.02570339519679829
4.0160308694467337e-07	1.6235505315790197	0.025696230020132202
4.0164437104999767e-07	1.6235383743175096	0.025689064106898307
4.016856593992569e-07	1.6235262158062538	0.025681897457020875
4.0172695199288725e-07	1.623514056045124	0.02567473007042418
4.0176824883132507e-07	1.623501895033992	0.0256675619470325
4.018095499150059e-07	1.6234897327727291	0.025660393086770233
4.0185085524436783e-07	1.6234775692612062	0.025653223489561325
4.018921648198464e-07	1.6234654044992953	0.025646053155330195
4.0193347864187814e-07	1.6234532384868685	0.025638882084001058
4.0197479671089964e-07	1.6234410712237959	0.02563171027549814
4.020161190273474e-07	1.62342890270995	0.02562453772974567
4.020574455916581e-07	1.6234167329452016	0.025617364446667852
4.020987764042676e-07	1.6234045619294226	0.02561019042618904
4.0214011146561423e-07	1.6233923896624838	0.025603015668233135
4.0218145077613394e-07	1.6233802161442574	0.025595840172724482
4.0222279433626354e-07	1.623368041374614	0.025588663939587253
4.0226414214643987e-07	1.623355865353425	0.025581486968745626
4.0230549420709984e-07	1.6233436880805625	0.02557430926012376
4.023468505186796e-07	1.6233315095558973	0.025567130813645957
4.023882110816177e-07	1.6233193297793005	0.025559951629236088
4.024295758963504e-07	1.6233071487506439	0.025552771706818432
4.024709449633148e-07	1.6232949664697984	0.02554559104631712
4.0251231828294803e-07	1.6232827829366352	0.025538409647656277
4.0255369585568716e-07	1.623270598151026	0.02553122751076004
4.025950776819687e-07	1.6232584121128422	0.025524044635552627
4.026364637622315e-07	1.6232462248219544	0.025516861021957896
4.02677854096912e-07	1.6232340362782338	0.02550967666990006
4.027192486864476e-07	1.623221846481552	0.025502491579303215
4.027606475312757e-07	1.62320965543178	0.02549530575009143
4.028020506318337e-07	1.6231974631287893	0.025488119182188785
4.0284345798855825e-07	1.6231852695724514	0.025480931875519492
4.0288486960188853e-07	1.623173074762636	0.02547374383000732
4.0292628547226136e-07	1.6231608786992158	0.02546655504557644
4.0296770560011427e-07	1.623148681382061	0.025459365522150917
4.0300912998588496e-07	1.623136482811043	0.02545217525965477
4.030505586300111e-07	1.6231242829860328	0.025444984258012036
4.0309199153292964e-07	1.623112081906902	0.025437792517146864
4.031334286950801e-07	1.6230998795735212	0.025430600036982973
4.0317487011689935e-07	1.6230876759857613	0.025423406817444524
4.032163157988254e-07	1.6230754711434938	0.025416212858455495
4.032577657412961e-07	1.6230632650465895	0.025409018159939883
4.032992199447495e-07	1.6230510576949195	0.025401822721821652
4.0334067840962273e-07	1.6230388490883547	0.025394626544024936
4.0338214113635556e-07	1.6230266392267665	0.02538742962647339
4.0342360812538524e-07	1.6230144281100252	0.02538023196909113
4.0346507937714993e-07	1.6230022157380022	0.025373033571802088
4.035065548920879e-07	1.6229900021105683	0.0253658344345302
4.035480346706373e-07	1.6229777872275946	0.025358634557199417
4.035895187132364e-07	1.6229655710889521	0.02535143393973365
4.0363100702032283e-07	1.6229533536945118	0.02534423258205696
4.0367249959233657e-07	1.622941135044144	0.025337030484092957
4.0371399642971516e-07	1.6229289151377202	0.025329827645765707
4.037554975328972e-07	1.622916693975111	0.025322624066999075
4.037970029023211e-07	1.6229044715561873	0.025315419747716963
4.0383851253842544e-07	1.62289224788082	0.02530821468784325
4.0388002644164804e-07	1.6228800229488802	0.025301008887301937
4.039215446124292e-07	1.6228677967602385	0.025293802346016594
4.039630670512068e-07	1.622855569314765	0.025286595063911226
4.040045937584195e-07	1.622843340612332	0.025279387040909686
4.0404612473450615e-07	1.6228311106528088	0.025272178276935793
4.0408765997990557e-07	1.6228188794360672	0.025264968771913393
4.0412919949505583e-07	1.6228066469619775	0.025257758525766436
4.0417074328039755e-07	1.6227944132304106	0.025250547538418454
4.0421229133636874e-07	1.622782178241237	0.02524333580979341
4.0425384366340854e-07	1.6227699419943278	0.025236123339815078
4.0429540026195593e-07	1.6227577044895534	0.025228910128407268
4.043369611324501e-07	1.6227454657267846	0.025221696175493746
4.0437852627532925e-07	1.6227332257058924	0.025214481480998446
4.0442009569103435e-07	1.622720984426747	0.02520726604484483
4.044616693800037e-07	1.6227087418892188	0.025200049866956828
4.045032473426767e-07	1.622696498093179	0.02519283294725816
4.0454482957949255e-07	1.6226842530384982	0.025185615285672584
4.0458641609089073e-07	1.6226720067250464	0.025178396882123835
4.046280068773098e-07	1.6226597591526954	0.025171177736535787
4.0466960193919084e-07	1.6226475103213147	0.025163957848831867
4.047112012769726e-07	1.6226352602307756	0.02515673721893593
4.0475280489109457e-07	1.622623008880948	0.025149515846771688
4.047944127819964e-07	1.6226107562717025	0.025142293732262823
4.0483602495011775e-07	1.6225985024029101	0.025135070875333034
4.0487764139589746e-07	1.6225862472744415	0.025127847275906137
4.0491926211977684e-07	1.622573990886166	0.025120622933905535
4.0496088712219497e-07	1.6225617332379556	0.025113397849255016
4.050025164035916e-07	1.6225494743296798	0.02510617202187824
4.0504414996440667e-07	1.6225372141612096	0.025098945451698863
4.0508578780508e-07	1.6225249527324148	0.025091718138640532
4.051274299260516e-07	1.6225126900431663	0.02508449008262687
4.0516907632776073e-07	1.622500426093335	0.025077261283581634
4.0521072701064895e-07	1.6224881608827904	0.025070031741428182
4.0525238197515564e-07	1.622475894411403	0.025062801456090248
4.0529404122172087e-07	1.6224636266790435	0.02505557042749145
4.053357047507849e-07	1.6224513576855828	0.02504833865555536
4.053773725627879e-07	1.6224390874308905	0.025041106140205577
4.0541904465816934e-07	1.6224268159148374	0.025033872881365833
4.054607210373712e-07	1.6224145431372934	0.0250266388789594
4.0550240170083305e-07	1.6224022690981286	0.025019404132909977
4.055440866489953e-07	1.6223899937972142	0.025012168643141125
4.0558577588229836e-07	1.6223777172344196	0.025004932409576398
4.0562746940118275e-07	1.6223654394096156	0.02499769543213933
4.0566916720608825e-07	1.622353160322673	0.024990457710753592
4.057108692974571e-07	1.6223408799734607	0.02498321924534242
4.05752575675729e-07	1.62232859836185	0.024975980035829484
4.0579428634134477e-07	1.6223163154877107	0.024968740082138282
4.058360012947451e-07	1.6223040313509132	0.024961499384192315
4.0587772053637077e-07	1.622291745951327	0.02495425794191507
4.059194440666617e-07	1.622279459288824	0.02494701575523019
4.0596117188606055e-07	1.6222671713632724	0.02493977282406085
4.060029039950073e-07	1.6222548821745435	0.024932529148330673
4.060446403939429e-07	1.6222425917225074	0.02492528472796311
4.0608638108330845e-07	1.6222303000070335	0.024918039562881605
4.061281260635449e-07	1.6222180070279928	0.024910793653009626
4.061698753350926e-07	1.6222057127852552	0.02490354699827074
4.062116288983943e-07	1.62219341727869	0.024896299598588086
4.062533867538903e-07	1.6221811205081682	0.024889051453885237
4.0629514890202196e-07	1.62216882247356	0.024881802564085596
4.063369153432305e-07	1.6221565231747346	0.024874552929112573
4.0637868607795717e-07	1.6221442226115625	0.024867302548889577
4.0642046110664345e-07	1.6221319207839138	0.024860051423339975
4.064622404297298e-07	1.6221196176916584	0.024852799552387318
4.0650402404765945e-07	1.6221073133346662	0.024845546935954668
4.06545811960873e-07	1.6220950077128076	0.024838293573965553
4.0658760416981203e-07	1.6220827008259517	0.024831039466343324
4.0662940067491816e-07	1.62207039267397	0.024823784613011324
4.0667120147663295e-07	1.6220580832567306	0.024816529013892908
4.067130065753973e-07	1.6220457725741046	0.02480927266891155
4.067548159716546e-07	1.6220334606259619	0.024802015577990288
4.067966296658458e-07	1.6220211474121717	0.024794757741052584
4.068384476584127e-07	1.6220088329326046	0.024787499158021743
4.068802699497972e-07	1.6219965171871302	0.024780239828821084
4.069220965404412e-07	1.6219842001756182	0.024772979753373878
4.0696392743078575e-07	1.621971881897939	0.024765718931603585
4.0700576262127465e-07	1.621959562353962	0.02475845736343317
4.07047602112349e-07	1.621947241543557	0.02475119504878607
4.0708944590445095e-07	1.6219349194665935	0.02474393198758553
4.0713129399802266e-07	1.6219225961229422	0.02473666817975481
4.0717314639350624e-07	1.6219102715124725	0.024729403625217167
4.0721500309134313e-07	1.621897945635054	0.024722138323895984
4.0725686409197726e-07	1.6218856184905563	0.0247148722757142
4.0729872939585015e-07	1.6218732900788497	0.024707605480595175
4.073405990034041e-07	1.6218609603998033	0.024700337938462137
4.0738247291508157e-07	1.6218486294532872	0.0246930696492383
4.0742435113132503e-07	1.6218362972391713	0.02468580061284684
4.0746623365257613e-07	1.621823963757325	0.024678530829211117
4.0750812047927907e-07	1.621811629007618	0.024671260298254016
4.075500116118756e-07	1.6217992929899196	0.024663989019898865
4.075919070508084e-07	1.6217869557041003	0.024656716994068816
4.0763380679652013e-07	1.621774617150029	0.02464944422068705
4.076757108494535e-07	1.621762277327576	0.024642170699676714
4.077176192100513e-07	1.6217499362366097	0.024634896430960958
4.0775953187875553e-07	1.6217375938770013	0.02462762141446305
4.0780144885601075e-07	1.6217252502486192	0.024620345650105832
4.0784337014225895e-07	1.6217129053513335	0.02461306913781259
4.0788529573794316e-07	1.6217005591850138	0.02460579187750641
4.079272256435064e-07	1.621688211749529	0.02459851386911041
4.079691598593917e-07	1.6216758630447494	0.02459123511254769
4.080110983860412e-07	1.6216635130705446	0.024583955607741483
4.080530412238999e-07	1.6216511618267833	0.02457667535461458
4.0809498837341e-07	1.6216388093133356	0.0245693943530902
4.081369398350148e-07	1.6216264555300706	0.024562112603091418
4.0817889560915757e-07	1.621614100476858	0.024554830104541275
4.0822085569628164e-07	1.6216017441535675	0.024547546857362827
4.082628200968295e-07	1.6215893865600681	0.02454026286147927
4.083047888112463e-07	1.6215770276962291	0.02453297811681334
4.083467618399746e-07	1.6215646675619204	0.024525692623288214
4.0838873918345796e-07	1.6215523061570114	0.024518406380826897
4.084307208421399e-07	1.621539943481371	0.02451111938935242
4.084727068164639e-07	1.621527579534869	0.024503831648787777
4.08514697106873e-07	1.6215152143173748	0.024496543159056104
4.085566917138124e-07	1.621502847828757	0.024489253920080098
4.08598690637725e-07	1.6214904800688859	0.02448196393178289
4.0864069387905467e-07	1.6214781110376302	0.024474673194087443
4.0868270143824514e-07	1.6214657407348594	0.024467381706916723
4.087247133157403e-07	1.621453369160443	0.02446008947019369
4.0876672951198326e-07	1.62144099631425	0.024452796483841428
4.088087500274196e-07	1.6214286221961496	0.024445502747782597
4.088507748624926e-07	1.6214162468060112	0.024438208261940254
4.0889280401764614e-07	1.6214038701437041	0.02443091302623735
4.0893483749332445e-07	1.6213914922090975	0.02442361704059678
4.089768752899716e-07	1.62137911300206	0.02441632030494146
4.09018917408031e-07	1.621366732522462	0.02440902281919443
4.090609638479485e-07	1.6213543507701718	0.0244017245832783
4.091030146101676e-07	1.621341967745059	0.024394425597116094
4.091450696951326e-07	1.6213295834469923	0.02438712586063068
4.091871291032879e-07	1.6213171978758414	0.024379825373744935
4.092291928350778e-07	1.6213048110314745	0.02437252413638172
4.092712608909461e-07	1.621292422913762	0.02436522214846403
4.0931333327133877e-07	1.6212800335225723	0.024357919409914427
4.0935540997669975e-07	1.6212676428577741	0.024350615920655877
4.0939749100747353e-07	1.621255250919237	0.024343311680611213
4.094395763641047e-07	1.62124285770683	0.024336006689703267
4.0948166604703806e-07	1.6212304632204226	0.02432870094785484
4.095237600567183e-07	1.6212180674598828	0.024321394454988737
4.0956585839358936e-07	1.6212056704250803	0.024314087211027905
4.0960796105809777e-07	1.6211932721158844	0.024306779215894834
4.096500680506875e-07	1.6211808725321628	0.024299470469512464
4.0969217937180355e-07	1.6211684716737862	0.024292160971803554
4.0973429502189084e-07	1.6211560695406224	0.024284850722690876
4.0977641500139435e-07	1.6211436661325407	0.024277539722097192
4.098185393107584e-07	1.6211312614494102	0.02427022796994538
4.0986066795042965e-07	1.6211188554910994	0.024262915466157907
4.099028009208525e-07	1.6211064482574775	0.024255602210657642
4.099449382224721e-07	1.6210940397484133	0.024248288203367316
4.099870798557337e-07	1.6210816299637758	0.02424097344420964
4.100292258210825e-07	1.621069218903434	0.024233657933107337
4.100713761189632e-07	1.6210568065672564	0.024226341669983227
4.101135307498227e-07	1.6210443929551124	0.024219024654759738
4.1015568971410557e-07	1.6210319780668698	0.024211706887359696
4.1019785301225736e-07	1.6210195619023986	0.024204388367705772
4.1024002064472354e-07	1.6210071444615666	0.024197069095720634
4.102821926119497e-07	1.6209947257442434	0.02418974907132695
4.1032436891438054e-07	1.6209823057502977	0.02418242829444752
4.1036654955246344e-07	1.6209698844795977	0.0241751067650047
4.1040873452664326e-07	1.6209574619320126	0.024167784482921263
4.1045092383736575e-07	1.6209450381074109	0.024160461448119844
4.104931174850767e-07	1.6209326130056612	0.02415313766052306
4.105353154702219e-07	1.6209201866266327	0.024145813120053546
4.105775177932464e-07	1.6209077589701943	0.0241382289394736
4.106197244545979e-07	1.6208953300362139	0.024130611650878
4.106619354547214e-07	1.6208828998245601	0.024122993579238253
4.1070415079406296e-07	1.6208704683351023	0.02411537472447388
4.107463704730687e-07	1.620858035567709	0.024107755086504354
4.107885944921847e-07	1.6208456015222483	0.02410013466524917
4.1083082285185706e-07	1.6208331661985893	0.02409251346062783
4.1087305555253123e-07	1.6208207295966006	0.02408489147255993
4.109152925946551e-07	1.6208082917161502	0.024077268700964636
4.109575339786741e-07	1.6207958525571076	0.02406964514576155
4.109997797050346e-07	1.6207834121193407	0.024062020806870137
4.11042029774183e-07	1.6207709704027182	0.02405439568420982
4.1108428418656565e-07	1.6207585274071086	0.024046769777700032
4.111265429426283e-07	1.620746083132381	0.024039143087260344
4.1116880604281906e-07	1.6207336375784025	0.024031515612809876
4.112110734875837e-07	1.620721190745043	0.024023887354268178
4.112533452773688e-07	1.6207087426321705	0.024016258311554642
4.112956214126211e-07	1.6206962932396536	0.024008628484588655
4.1133790189378725e-07	1.6206838425673604	0.024000997873289614
4.1138018672131315e-07	1.6206713906151595	0.02399336647757703
4.1142247589564734e-07	1.6206589373829194	0.023985734297369957
4.114647694172357e-07	1.6206464828705085	0.023978101332587917
4.1150706728652526e-07	1.6206340270777952	0.02397046758315025
4.115493695039629e-07	1.6206215700046478	0.02396283304897629
4.115916760699956e-07	1.6206091116509347	0.023955197729985372
4.116339869850695e-07	1.6205966520165247	0.02394756162609698
4.116763022496335e-07	1.6205841911012855	0.023939924737230098
4.117186218641337e-07	1.6205717289050854	0.02393228706330421
4.1176094582901737e-07	1.6205592654277934	0.023924648604238607
4.118032741447317e-07	1.6205468006692771	0.023917009359952567
4.118456068117239e-07	1.6205343346294052	0.023909369330365388
4.118879438304406e-07	1.6205218673080464	0.02390172851539647
4.119302852013306e-07	1.6205093987050678	0.023894086914964797
4.119726309248406e-07	1.6204969288203386	0.02388644452898977
4.1201498100141805e-07	1.6204844576537265	0.023878801357390622
4.1205733543151037e-07	1.6204719852051	0.02387115740008661
4.120996942155651e-07	1.6204595114743272	0.023863512656996957
4.121420573540299e-07	1.6204470364612766	0.023855867128040886
4.1218442484735147e-07	1.6204345601658163	0.023848220813137765
4.1222679669597913e-07	1.6204220825878142	0.023840573712206502
4.122691729003599e-07	1.6204096037271385	0.02383292582516643
4.123115534609414e-07	1.6203971235836572	0.02382527715193676
4.123539383781715e-07	1.620384642157239	0.023817627692436654
4.1239632765249815e-07	1.6203721594477514	0.023809977446585286
4.124387212843682e-07	1.620359675455063	0.023802326414301998
4.1248111927423145e-07	1.6203471901790416	0.02379467459550561
4.12523521622535e-07	1.6203347036195554	0.023787021990115436
4.125659283297269e-07	1.6203222157764723	0.023779368598050618
4.1260833939625524e-07	1.6203097266496604	0.023771714419230275
4.126507548225681e-07	1.620297236238988	0.023764059453573544
4.126931746091129e-07	1.620284744544323	0.023756403700999684
4.1273559875633943e-07	1.6202722515655328	0.023748747161427507
4.1277802726469527e-07	1.6202597573024864	0.023741089834776245
4.128204601346286e-07	1.620247261755051	0.023733431720965
4.128628973665879e-07	1.6202347649230948	0.023725772819912855
4.129053389610215e-07	1.6202222668064858	0.023718113131538873
4.12947784918377e-07	1.6202097674050924	0.023710452655762285
4.1299023523910464e-07	1.6201972667187816	0.02370279139250183
4.130326899236521e-07	1.620184764747422	0.023695129341676714
4.13075148972468e-07	1.6201722614908811	0.023687466503205974
4.131176123860009e-07	1.6201597569490271	0.023679802877008653
4.1316008016469963e-07	1.6201472511217279	0.02367213846300375
4.132025523090119e-07	1.6201347440088512	0.023664473261110455
4.132450288193883e-07	1.6201222356102647	0.023656807271247464
4.132875096962768e-07	1.6201097259258361	0.02364914049333392
4.133299949401262e-07	1.6200972149554338	0.02364147292728882
4.133724845513855e-07	1.6200847026989253	0.023633804573031138
4.134149785305036e-07	1.6200721891561782	0.023626135430479846
4.134574768779287e-07	1.620059674327061	0.02361846549955408
4.134999795941115e-07	1.6200471582114404	0.023610794780172473
4.135424866795003e-07	1.620034640809185	0.023603123272254133
4.1358499813454425e-07	1.620022122120162	0.023595450975717996
4.136275139596925e-07	1.6200096021442394	0.023587777890482994
4.136700341553943e-07	1.619997080881285	0.02358010401646806
4.1371255872209816e-07	1.6199845583311663	0.02357242935359225
4.13755087660255e-07	1.6199720344937507	0.023564753901774163
4.1379762097031347e-07	1.6199595093689065	0.023557077660932853
4.1384015865272284e-07	1.619946982956501	0.02354940063098722
4.138827007079327e-07	1.6199344552564017	0.02354172281185613
4.1392524713639255e-07	1.6199219262684768	0.023534044203458466
4.1396779793855194e-07	1.619909395992593	0.023526364805713084
4.1401035311485957e-07	1.6198968644286191	0.023518684618539013
4.140529126657669e-07	1.6198843315764213	0.023511003641854763
4.140954765917227e-07	1.6198717974358683	0.02350332187557936
4.1413804489317673e-07	1.6198592620068273	0.023495639319631615
4.141806175705788e-07	1.6198467252891655	0.02348795597393036
4.1422319462437875e-07	1.619834187282751	0.023480271838394406
4.1426577605502564e-07	1.6198216479874512	0.02347258691294271
4.1430836186297103e-07	1.619809107403133	0.02346490119749377
4.143509520486642e-07	1.6197965655296644	0.023457214691966516
4.1439354661255495e-07	1.6197840223669133	0.02344952739627975
4.144361455550935e-07	1.619771477914746	0.023441839310352236
4.1447874887673e-07	1.619758932173031	0.023434150434102723
4.1452135657791367e-07	1.6197463851416356	0.023426460767450134
4.145639686590964e-07	1.6197338368204268	0.023418770310312923
4.1460658512072774e-07	1.619721287209272	0.02341107906260996
4.1464920596325783e-07	1.6197087363080391	0.02340338702425999
4.1469183118713715e-07	1.619696184116595	0.02339569419518173
4.14734460792816e-07	1.6196836306348072	0.0233880005752939
4.14777094780744e-07	1.6196710758625432	0.023380306164515356
4.1481973315137335e-07	1.6196585197996702	0.023372610962764488
4.1486237590515374e-07	1.6196459624460557	0.023364914969960137
4.1490502304253577e-07	1.6196334038015667	0.023357218186020982
4.1494767456396997e-07	1.6196208438660706	0.023349520610865714
4.149903304699071e-07	1.6196082826394351	0.023341822244412978
4.15032990760797e-07	1.6195957201215272	0.023334123086581587
4.150756554370922e-07	1.6195831563122138	0.02332642313728989
4.151183244992426e-07	1.6195705912113625	0.023318722396456663
4.1516099794769904e-07	1.6195580248188406	0.023311020864000553
4.1520367578291245e-07	1.6195454571345151	0.023303318539840176
4.1524635800533375e-07	1.6195328881582531	0.023295615423894155
4.15289044615414e-07	1.6195203178899225	0.023287911516081082
4.1533173561360337e-07	1.6195077463293897	0.023280206816319714
4.153744310003546e-07	1.6194951734765222	0.023272501324528336
4.1541713077611804e-07	1.619482599331187	0.02326479504062568
4.154598349413449e-07	1.6194700238932513	0.023257087964530306
4.155025434964863e-07	1.6194574471625822	0.023249380096160805
4.155452564419936e-07	1.619444869139047	0.023241671435435714
4.155879737783172e-07	1.6194322898225129	0.023233961982273732
4.156306955059103e-07	1.6194197092128464	0.0232262517365931
4.156734216252233e-07	1.6194071273099149	0.023218540698312494
4.157161521367078e-07	1.6193945441135855	0.023210828867350444
4.157588870408153e-07	1.619381959623725	0.02320311624362545
4.158016263379972e-07	1.6193693738402009	0.02319540282705604
4.158443700287044e-07	1.6193567867628804	0.023187688617560848
4.158871181133902e-07	1.6193441983916292	0.02317997361505805
4.159298705925054e-07	1.6193316087263154	0.0231722578194663
4.1597262746650185e-07	1.6193190177668058	0.023164541230704053
4.1601538873583127e-07	1.6193064255129674	0.023156823848689775
4.160581544009455e-07	1.6192938319646668	0.023149105673341924
4.161009244622955e-07	1.619281237121771	0.02314138670457911
4.16143698920335e-07	1.6192686409841475	0.023133666942319442
4.1618647777551505e-07	1.6192560435516623	0.02312594638648153
4.1622926102828776e-07	1.6192434448241828	0.023118225036983766
4.162720486791051e-07	1.6192308448015758	0.023110502893744587
4.163148407284192e-07	1.6192182434837084	0.02310277995668239
4.163576371766814e-07	1.6192056408704474	0.02309505622571572
4.164004380243456e-07	1.6191930369616594	0.023087331700762666
4.164432432718631e-07	1.619180431757211	0.02307960638174176
4.164860529196864e-07	1.6191678252569695	0.02307188026857136
4.1652886696826766e-07	1.6191552174608015	0.02306415336116985
4.165716854180594e-07	1.6191426083685734	0.023056425659455565
4.1661450826951394e-07	1.6191299979801528	0.02304869716334687
4.16657335523083e-07	1.619117386295406	0.023040967872762233
4.167001671792208e-07	1.6191047733141994	0.0230332377876197
4.16743003238379e-07	1.6190921590364002	0.02302550690783773
4.167858437010103e-07	1.6190795434618752	0.02301777523333463
4.168286885675673e-07	1.6190669265904905	0.02301004276402873
4.168715378385028e-07	1.6190543084221134	0.0230023094998383
4.169143915142687e-07	1.6190416889566106	0.02299457544068179
4.169572495953194e-07	1.6190290681938482	0.022986840586477174
4.17000112082107e-07	1.6190164461336929	0.022979104937142877
4.170429789750844e-07	1.619003822776012	0.022971368492597153
4.170858502747045e-07	1.6189911981206713	0.022963631252758267
4.171287259814204e-07	1.618978572167538	0.022955893217544446
4.1717160609568415e-07	1.6189659449164786	0.022948154386874104
4.172144906179506e-07	1.6189533163673593	0.02294041476066515
4.172573795486721e-07	1.618940686520047	0.022932674338835952
4.1730027288830176e-07	1.618928055374408	0.02292493312130473
4.1734317063729283e-07	1.6189154229303093	0.022917191107989683
4.173860727960986e-07	1.6189027891876169	0.022909448298809004
4.174289793651714e-07	1.618890154146198	0.022901704693681052
4.174718903449665e-07	1.618877517805918	0.02289396029252367
4.175148057359364e-07	1.6188648801666443	0.022886215095255194
4.1755772553853454e-07	1.6188522412282431	0.022878469101793787
4.176006497532144e-07	1.6188396009905803	0.0228707223120576
4.176435783804296e-07	1.6188269594535234	0.02286297472596478
4.1768651142063283e-07	1.6188143166169382	0.022855226343433607
4.177294488742795e-07	1.618801672480691	0.02284747716438191
4.1777239074182235e-07	1.6187890270446483	0.022839727188727964
4.178153370237152e-07	1.618776380308677	0.02283197641638987
4.178582877204119e-07	1.6187637322726425	0.022824224847285735
4.1790124283236616e-07	1.618751082936412	0.022816472481333658
4.1794420236003193e-07	1.6187384322998515	0.02280871931845171
4.1798716630386226e-07	1.6187257803628274	0.022800965358558134
4.180301346643128e-07	1.618713127125206	0.022793210601570697
4.1807310744183677e-07	1.6187004725868537	0.0227854550474076
4.181160846368883e-07	1.6186878167476362	0.022777698695986892
4.1815906624992134e-07	1.6186751596074203	0.022769941547226627
4.182020522813901e-07	1.6186625011660722	0.022762183601044844
4.1824504273174805e-07	1.618649841423459	0.022754424857359706
4.182880376014511e-07	1.6186371803794453	0.022746665316088925
4.1833103689095257e-07	1.618624518033898	0.02273890497715069
4.18374040600707e-07	1.6186118543866836	0.02273114384046298
4.1841704873116863e-07	1.6185991894376681	0.022723381905943786
4.1846006128279197e-07	1.6185865231867176	0.0227156191735111
4.185030782560307e-07	1.6185738556336986	0.022707855643083048
4.1854609965134095e-07	1.6185611867784764	0.022700091314577293
4.185891254691765e-07	1.6185485166209184	0.022692326187911952
4.1863215570999204e-07	1.6185358451608896	0.022684560263004964
4.1867519037424214e-07	1.6185231723982565	0.02267679353977428
4.187182294623816e-07	1.6185104983328853	0.022669026018137833
4.187612729748643e-07	1.6184978229646423	0.022661257698013693
4.1880432091214677e-07	1.6184851462933931	0.02265348857931948
4.18847373274683e-07	1.6184724683190042	0.022645718661973253
4.188904300629279e-07	1.6184597890413408	0.02263794794589291
4.189334912773365e-07	1.6184471084602698	0.022630176430996345
4.189765569183637e-07	1.618434426575657	0.022622404117201435
4.1901962698646375e-07	1.6184217433873682	0.02261463100442622
4.190627014820934e-07	1.6184090588952695	0.022606857092588254
4.19105780405707e-07	1.6183963730992268	0.022599082381605545
4.1914886375775975e-07	1.6183836859991063	0.02259130687139594
4.1919195153870683e-07	1.6183709975947735	0.022583530561877282
4.1923504374900355e-07	1.618358307886095	0.022575753452967407
4.1927814038910434e-07	1.6183456168729362	0.0225679755445843
4.193212414594664e-07	1.618332924555163	0.022560196836645445
4.1936434696054416e-07	1.6183202309326414	0.022552417329068826
4.1940745689279317e-07	1.6183075360052372	0.022544637021772236
4.1945057125666895e-07	1.6182948397728165	0.022536855914673453
4.1949369005262705e-07	1.618282142235245	0.022529074007690268
4.195368132811222e-07	1.6182694433923888	0.02252129130074062
4.1957994094261177e-07	1.6182567432441128	0.02251350779374195
4.1962307303755064e-07	1.618244041790284	0.022505723486612166
4.196662095663946e-07	1.6182313390307672	0.022497938379269024
4.197093505295993e-07	1.6182186349654286	0.02249015247163027
4.1975249592762075e-07	1.618205929594134	0.022482365763613617
4.1979564576091476e-07	1.6181932229167493	0.022474578255136806
4.1983880002993644e-07	1.6181805149331403	0.022466789946117685
4.198819587351434e-07	1.618167805643172	0.022459000836473675
4.19925121876991e-07	1.618155095046711	0.02245121092612261
4.199682894559351e-07	1.6181423831436224	0.02244342021498219
4.2001146147243196e-07	1.6181296699337717	0.02243562870297008
4.2005463792693774e-07	1.6181169554170254	0.022427836390003966
4.200978188199078e-07	1.618104239593249	0.022420043276001653
4.201410041518001e-07	1.618091522462307	0.0224122493608805
4.201841939230701e-07	1.6180788040240663	0.022404454644558303
4.2022738813417415e-07	1.618066084278392	0.022396659126952705
4.202705867855687e-07	1.6180533632251497	0.022388862807981323
4.2031378987771017e-07	1.618040640864205	0.022381065687561784
4.203569974110542e-07	1.6180279171954242	0.02237326776561186
4.2040020938605903e-07	1.6180151922186714	0.022365469042048843
4.2044342580318047e-07	1.618002465933813	0.02235766951679048
4.2048664666287516e-07	1.6179897383407145	0.022349869189754352
4.205298719655997e-07	1.6179770094392416	0.022342068060858054
4.205731017118109e-07	1.617964279229259	0.02233426613001914
4.2061633590196463e-07	1.6179515477106334	0.022326463397155348
4.206595745365195e-07	1.6179388148832294	0.02231865986218389
4.207028176159315e-07	1.6179260807469127	0.022310855525022495
4.207460651406575e-07	1.6179133453015488	0.022303050385588694
4.2078931711115455e-07	1.617900608547003	0.022295244443800002
4.208325735278797e-07	1.6178878704831408	0.02228743769957394
4.20875834391289e-07	1.6178751311098276	0.022279630152828186
4.209190997018414e-07	1.6178623904269283	0.022271821803479926
4.209623694599932e-07	1.617849648434309	0.022264012651446796
4.210056436662016e-07	1.6178369051318353	0.0222562026966463
4.2104892232092377e-07	1.6178241605193717	0.022248391938995908
4.2109220542461706e-07	1.6178114145967837	0.022240580378413095
4.211354929777389e-07	1.617798667363937	0.022232768014815302
4.211787849807457e-07	1.6177859188206969	0.022224954848120163
4.212220814340967e-07	1.6177731689669286	0.02221714087824478
4.2126538233824846e-07	1.6177604178024971	0.022209326105106765
4.213086876936586e-07	1.6177476653272675	0.022201510528623538
4.213519975007846e-07	1.617734911541106	0.022193694148712518
4.213953117600842e-07	1.6177221564438766	0.022185876965291104
4.2143863047201414e-07	1.6177094000354462	0.022178058978276863
4.2148195363703387e-07	1.6176966423156782	0.022170240187586877
4.215252812556003e-07	1.617683883284439	0.02216242059313868
4.215686133281713e-07	1.617671122941593	0.022154600194849647
4.216119498552047e-07	1.6176583612870061	0.022146778992637138
4.216552908371584e-07	1.6176455983205429	0.022138956986418528
4.2169863627448944e-07	1.617632834042069	0.022131134176111313
4.2174198616765765e-07	1.6176200684514486	0.02212331056163252
4.217853405171202e-07	1.617607301548548	0.02211548614289964
4.2182869932333514e-07	1.6175945333332318	0.022107660919829998
4.2187206258676065e-07	1.617581763805365	0.0220998348923409
4.2191543030785497e-07	1.6175689929648125	0.022092008060349666
4.219588024870754e-07	1.6175562208114398	0.022084180423773747
4.2200217912488194e-07	1.617543447345112	0.022076351982530117
4.2204556022173214e-07	1.6175306725656935	0.02206852273653622
4.2208894577808433e-07	1.6175178964730499	0.022060692685709326
4.221323357943969e-07	1.617505119067046	0.022052861829966703
4.221757302711285e-07	1.6174923403475463	0.0220450301692256
4.222191292087366e-07	1.6174795603144168	0.02203719770340342
4.2226253260768155e-07	1.617466778967522	0.0220293644324171
4.2230594046842115e-07	1.6174539963067263	0.022021530356184017
4.2234935279141406e-07	1.617441212331895	0.02201369547462139
4.223927695771189e-07	1.6174284270428936	0.02200585978764645
4.2243619082599457e-07	1.617415640439586	0.021998023295176385
4.2247961653849976e-07	1.6174028525218382	0.021990185997128403
4.225230467150925e-07	1.6173900632895144	0.021982347893419837
4.2256648135623347e-07	1.6173772727424796	0.021974508983967557
4.226099204623807e-07	1.6173644808805983	0.021966669268688892
4.2265336403399314e-07	1.6173516877037355	0.021958828747501016
4.2269681207152994e-07	1.6173388932117563	0.021950987420321057
4.227402645754501e-07	1.6173260974045256	0.021943145287066187
4.227837215462119e-07	1.617313300281908	0.021935302347653687
4.228271829842763e-07	1.617300501843768	0.021927458602000374
4.2287064889010166e-07	1.6172877020899707	0.02191961405002352
4.2291411926414726e-07	1.6172749010203806	0.021911768691640236
4.2295759410687235e-07	1.6172620986348627	0.021903922526767636
4.230010734187364e-07	1.617249294933282	0.021896075555322803
4.230445572001979e-07	1.6172364899155025	0.021888227777222984
4.230880454517181e-07	1.6172236835813893	0.021880379192384947
4.231315381737556e-07	1.617210875930807	0.021872529800725904
4.2317503536677e-07	1.6171980669636201	0.02186467960216293
4.2321853703122083e-07	1.6171852566796936	0.021856828596613073
4.2326204316756783e-07	1.617172445078892	0.021848976783993376
4.2330555377626987e-07	1.6171596321610802	0.021841124164221015
4.2334906885778836e-07	1.617146817926122	0.02183327073721272
4.233925884125822e-07	1.617134002373883	0.021825416502885674
4.234361124411113e-07	1.617121185504227	0.02181756146115686
4.234796409438356e-07	1.617108367317019	0.021809705611943293
4.2352317392121487e-07	1.6170955478121232	0.021801848955161966
4.235667113737084e-07	1.6170827269894048	0.021793991490730014
4.2361025330177787e-07	1.6170699048487278	0.021786133218564107
4.236537997058825e-07	1.6170570813899567	0.021778274138581362
4.236973505864825e-07	1.6170442566129561	0.02177041425069873
4.237409059440379e-07	1.6170314305175906	0.02176255355483317
4.237844657790091e-07	1.6170186031037246	0.021754692050901615
4.2382803009185623e-07	1.6170057743712225	0.02174682973882101
4.2387159888303875e-07	1.616992944319949	0.021738966618508427
4.2391517215301884e-07	1.616980112949768	0.021731102689880467
4.23958749902256e-07	1.6169672802605448	0.02172323795285419
4.2400233213121067e-07	1.6169544462521426	0.021715372407346507
4.240459188403434e-07	1.616941610924427	0.021707506053274293
4.240895100301138e-07	1.6169287742772616	0.0216996388905546
4.2413310570098436e-07	1.616915936310511	0.021691770919103966
4.241767058534147e-07	1.6169030970240397	0.021685248667041274
4.242203104878656e-07	1.6168902564177117	0.021679964969233197
4.2426391960479777e-07	1.6168774144913916	0.02167468072827009
4.2430753320467203e-07	1.6168645712449432	0.021669395944096115
4.243511512879492e-07	1.6168517266782314	0.021664110616655432
4.243947738550893e-07	1.6168388807911207	0.021658824745892306
4.24438400906555e-07	1.6168260335834748	0.02165353833175067
4.2448203244280644e-07	1.6168131850551575	0.021648251374174757
4.245256684643046e-07	1.616800335206034	0.021642963873108722
4.245693089715106e-07	1.6167874840359682	0.02163767582849669
4.246129539648855e-07	1.6167746315448241	0.021632387240282783
4.246566034448897e-07	1.6167617777324668	0.021627098108411222
4.2470025741198604e-07	1.616748922598759	0.021621808432825924
4.2474391586663503e-07	1.6167360661435657	0.021616518213471082
4.2478757880929793e-07	1.6167232083667509	0.02161122745029081
4.2483124624043607e-07	1.616710349268179	0.021605936143229195
4.2487491816051086e-07	1.6166974888477137	0.021600644292230336
4.24918594569983e-07	1.6166846271052195	0.021595351897238414
4.2496227546931555e-07	1.6166717640405603	0.021590058958197305
4.250059608589693e-07	1.6166588996536004	0.02158476547505118
4.250496507394059e-07	1.6166460339442035	0.021579471447744112
4.2509334511108685e-07	1.6166331669122338	0.02157417687622016
4.2513704397447395e-07	1.6166202985575553	0.02156888176042337
4.2518074733002803e-07	1.6166074288800325	0.02156358610029791
4.252244551782126e-07	1.6165945578795284	0.02155828989578762
4.252681675194887e-07	1.616581685555908	0.02155299314683662
4.2531188435431816e-07	1.6165688119090353	0.021547695853388952
4.2535560568316287e-07	1.6165559369387732	0.021542398015388656
4.253993315064849e-07	1.6165430606449867	0.021537099632779735
4.254430618247453e-07	1.6165301830275394	0.021531800705506317
4.2548679663840794e-07	1.6165173040862952	0.021526501233512206
4.2553053594793406e-07	1.6165044238211177	0.021521201216741503
4.2557427975378587e-07	1.6164915422318717	0.02151590065513821
4.2561802805642554e-07	1.6164786593184202	0.021510599548646314
4.256617808563153e-07	1.6164657750806275	0.021505297897209813
4.257055381539175e-07	1.616452889518357	0.02149999570077267
4.2574929994969367e-07	1.6164400026314736	0.021494692959278982
4.2579306624410786e-07	1.61642711441984	0.021489389672672495
4.2583683703762173e-07	1.6164142248833204	0.021484085840897282
4.2588061233069775e-07	1.6164013340217784	0.021478781463897305
4.2592439212379846e-07	1.6163884418350785	0.021473476541616514
4.2596817641738644e-07	1.616375548323084	0.021468171073998857
4.2601196521192354e-07	1.6163626534856588	0.021462865060988365
4.260557585078741e-07	1.6163497573226662	0.021457558502528784
4.2609955630570003e-07	1.6163368598339702	0.02145225139856413
4.2614335860586407e-07	1.6163239610194347	0.02144694374903834
4.2618716540882915e-07	1.6163110608789235	0.021441635553895316
4.2623097671505803e-07	1.6162981594122998	0.021436326813078985
4.2627479252501287e-07	1.6162852566194281	0.021431017526533352
4.263186128391583e-07	1.6162723525001708	0.0214257076942021
4.2636243765795657e-07	1.6162594470543927	0.021420397316029238
4.2640626698187067e-07	1.616246540281957	0.021415086391958646
4.2645010081136376e-07	1.6162336321827273	0.021409774921934216
4.2649393914689896e-07	1.6162207227565668	0.02140446290589982
4.2653778198893866e-07	1.6162078120033405	0.02139915034379943
4.2658162933794786e-07	1.6161948999229103	0.021393837235576706
4.26625481194389e-07	1.6161819865151406	0.021388523581175607
4.266693375587254e-07	1.6161690717798947	0.021383209380539996
4.2671319843142045e-07	1.6161561557170363	0.021377894633613722
4.267570638129377e-07	1.616143238326429	0.021372579340340616
4.268009337037396e-07	1.6161303196079366	0.02136726350066463
4.2684480810429167e-07	1.6161173995614218	0.021361947114529375
4.2688868701505647e-07	1.6161044781867484	0.021356630181878788
4.269325704364977e-07	1.61609155548378	0.021351312702656687
4.2697645836907903e-07	1.61607863145238	0.02134599467680688
4.270203508132642e-07	1.616065706092412	0.021340676104273183
4.27064247769517e-07	1.6160527794037391	0.021335356984999398
4.2710814923830036e-07	1.6160398513862253	0.021330037318929424
4.2715205522007996e-07	1.6160269220397332	0.021324717106006835
4.271959657153189e-07	1.6160139913641263	0.02131939634617552
4.27239880724481e-07	1.6160010593592684	0.02131407503937927
4.272838002480304e-07	1.6159881260250228	0.021308753185561847
4.2732772428643113e-07	1.6159751913612528	0.02130343078466702
4.2737165284014647e-07	1.615962255367822	0.021298107836638658
4.2741558590964226e-07	1.615949318044593	0.02129278434142031
4.2745952349538193e-07	1.6159363793914288	0.021287460298955826
4.275034655978297e-07	1.615923439408194	0.021282135709188948
4.275474122174499e-07	1.6159104980947514	0.021276810572063418
4.2759136335470685e-07	1.6158975554509638	0.021271484887522965
4.276353190100641e-07	1.615884611476695	0.021266158655511423
4.276792791839879e-07	1.6158716661718076	0.02126083187597231
4.2772324387694177e-07	1.6158587195361651	0.021255504548849433
4.277672130893904e-07	1.615845771569631	0.021250176674086504
4.278111868217982e-07	1.6158328222720684	0.021244848251627237
4.2785516507462996e-07	1.6158198716433398	0.021239519281415323
4.278991478483495e-07	1.6158069196833094	0.021234189763394553
4.279431351434232e-07	1.6157939663918397	0.021228859697508415
4.279871269603151e-07	1.6157810117687939	0.021223529083700683
4.280311232994899e-07	1.6157680558140353	0.021218197921915045
4.280751241614126e-07	1.6157550985274263	0.02121286621209515
4.281191295465481e-07	1.615742139908831	0.021207533954184683
4.2816313945536046e-07	1.6157291799581124	0.02120220114812739
4.282071538883165e-07	1.6157162186751328	0.021196867793866724
4.282511728458804e-07	1.6157032560597557	0.021191533891346422
4.2829519632851726e-07	1.615690292111844	0.021186199440510138
4.2833922433669234e-07	1.615677326831261	0.021180864441301496
4.2838325687087076e-07	1.615664360217869	0.02117552889366413
4.284272939315178e-07	1.6156513922715319	0.021170192797541662
4.2847133551909794e-07	1.6156384229921126	0.021164856152877814
4.285153816340783e-07	1.615625452379473	0.02115951895961598
4.2855943227692336e-07	1.615612480433477	0.021154181217699873
4.286034874480986e-07	1.6155995071539875	0.021148842927073103
4.2864754714806947e-07	1.615586532540867	0.021143504087679257
4.2869161137730164e-07	1.6155735565939788	0.02113816469946191
4.2873568013625977e-07	1.6155605793131858	0.021132824762364767
4.2877975342541124e-07	1.6155476006983505	0.021127484276331182
4.288238312452209e-07	1.6155346207493357	0.02112214324130484
4.2886791359615444e-07	1.6155216394660048	0.021116801657229303
4.2891200047867774e-07	1.6155086568482202	0.021111459524048123
4.289560918932566e-07	1.615495672895845	0.021106116841704853
4.2900018784035603e-07	1.615482687608742	0.021100773610143155
4.290442883204437e-07	1.6154697009867736	0.02109542982930635
4.2908839333398475e-07	1.6154567130298028	0.021090085499138087
4.2913250288144515e-07	1.6154437237376924	0.021084740619581897
4.2917661696329107e-07	1.615430733110305	0.021079395190581288
4.2922073557998855e-07	1.6154177411475041	0.021074049212079796
4.29264858732003e-07	1.6154047478491516	0.021068702684021022
4.2930898641980223e-07	1.6153917532151103	0.021063355606348283
4.2935311864385176e-07	1.6153787572452427	0.021058007979005165
4.293972554046179e-07	1.6153657599394124	0.021052659801935172
4.2944139670256697e-07	1.6153527612974812	0.021047311075081794
4.2948554253816545e-07	1.6153397613193115	0.021041961798388506
4.2952969291187883e-07	1.6153267600047672	0.021036611971798902
4.295738478241755e-07	1.6153137573537097	0.021031261595256236
4.29618007275521e-07	1.6153007533660022	0.02102591066870408
4.29662171266382e-07	1.6152877480415073	0.021020559192085904
4.297063397972252e-07	1.6152747413800874	0.02101520716534514
4.2975051286851725e-07	1.6152617333816048	0.021009854588425254
4.29794690480724e-07	1.615248724045923	0.021004501461269795
4.298388726343141e-07	1.6152357133729036	0.020999147783821975
4.2988305932975343e-07	1.6152227013624092	0.020993793556025344
4.299272505675089e-07	1.6152096880143028	0.020988438777823318
4.299714463480475e-07	1.6151966733284466	0.020983083449159317
4.3001564667183616e-07	1.615183657304703	0.020977727569976762
4.3005985153934105e-07	1.6151706399429349	0.020972371140219166
4.3010406095103105e-07	1.6151576212430043	0.020967014159829708
4.301482749073724e-07	1.6151446012047734	0.020961656628751893
4.3019249340883226e-07	1.6151315798281054	0.020956298546929125
4.3023671645587786e-07	1.6151185571128623	0.020950939914304773
4.302809440489765e-07	1.6151055330589064	0.02094558073082222
4.303251761885955e-07	1.6150925076661	0.02094022099642484
4.303694128752014e-07	1.615079480934306	0.02093486071105611
4.304136541092633e-07	1.6150664528633865	0.02092949987465917
4.3045789989124786e-07	1.6150534234532032	0.020924138487177484
4.3050215022162253e-07	1.6150403927036194	0.020918776548554407
4.305464051008549e-07	1.615027360614497	0.020913414058733277
4.3059066452941266e-07	1.6150143271856983	0.020908051017657435
4.306349285077625e-07	1.6150012924170856	0.020902687425270315
4.306791970363739e-07	1.614988256308521	0.020897323281515036
4.307234701157138e-07	1.614975218859867	0.020891958586335024
4.307677477462499e-07	1.6149621800709857	0.02088659333967359
4.3081202992845016e-07	1.6149491399417393	0.02088122754147405
4.308563166627825e-07	1.6149360984719903	0.02087586119167969
4.309006079497139e-07	1.6149230556616008	0.020870494290233927
4.309449037897141e-07	1.6149100115104322	0.02086512683707984
4.309892041832504e-07	1.6148969660183479	0.02085975883216082
4.3103350913079077e-07	1.6148839191852093	0.02085439027542014
4.3107781863280343e-07	1.6148708710108788	0.020849021166801075
4.311221326897565e-07	1.6148578214952183	0.020843651506246903
4.311664513021175e-07	1.6148447706380904	0.020838281293700977
4.312107744703563e-07	1.6148317184393566	0.020832910529106352
4.312551021949404e-07	1.6148186648988796	0.020827539212406383
4.312994344763382e-07	1.6148056100165207	0.02082216734354431
4.3134377131501813e-07	1.6147925537921426	0.020816794922463383
4.3138811271144873e-07	1.614779496225607	0.02081142194910681
4.3143245866609757e-07	1.6147664373167765	0.020806048423417954
4.31476809179435e-07	1.6147533770655123	0.02080067434533981
4.315211642519288e-07	1.6147403154716768	0.020795299714815692
4.315655238840476e-07	1.614727252535132	0.020789924531788823
4.316098880762602e-07	1.6147141882557396	0.020784548796202396
4.3165425682903525e-07	1.6147011226333619	0.02077917250799962
4.3169863014284167e-07	1.6146880556678609	0.020773795667123673
4.317430080181474e-07	1.6146749873590984	0.02076841827351786
4.3178739045542313e-07	1.6146619177069363	0.020763040327125143
4.318317774551369e-07	1.614648846711236	0.020757661827888806
4.318761690177578e-07	1.6146357743718605	0.020752282775752015
4.3192056514375484e-07	1.6146227006886706	0.02074690317065793
4.319649658335971e-07	1.6146096256615288	0.02074152301254971
4.320093710877529e-07	1.6145965492902967	0.020736142301370622
4.320537809066932e-07	1.6145834715748362	0.020730761037063585
4.320981952908864e-07	1.614570392515009	0.020725379219571842
4.321426142408017e-07	1.614557312110677	0.020719996848838546
4.3218703775690854e-07	1.6145442303617021	0.020714613924806807
4.322314658396763e-07	1.6145311472679458	0.020709230447419756
4.322758984895735e-07	1.6145180628292701	0.02070384641662061
4.3232033570707144e-07	1.6145049770455366	0.020698461832352272
4.3236477749263876e-07	1.614491889916607	0.02069307669455795
4.324092238467451e-07	1.6144788014423432	0.020687691003180735
4.3245367476986e-07	1.6144657116226067	0.020682304758163735
4.3249813026245325e-07	1.6144526204572593	0.020676917959450022
4.325425903249936e-07	1.614439527946163	0.020671530606982798
4.325870549579527e-07	1.6144264340891787	0.020666142700704906
4.326315241617994e-07	1.6144133388861688	0.020660754240559544
4.326759979370037e-07	1.6144002423369943	0.020655365226489756
4.327204762840354e-07	1.6143871444415172	0.020649975658438607
4.327649592033645e-07	1.614374045199599	0.02064458553634916
4.3280944669546024e-07	1.6143609446111014	0.02063919486016455
4.328539387607944e-07	1.614347842675886	0.020633803629827606
4.328984353998362e-07	1.614334739393814	0.020628411845281476
4.329429366130558e-07	1.614321634764747	0.020623019506469185
4.3298744240092346e-07	1.6143085287885468	0.020617626613333752
4.330319527639094e-07	1.614295421465075	0.020612233165818204
4.33076467702484e-07	1.614282312794193	0.020606839163865544
4.331209872171166e-07	1.6142692027757624	0.02060144460741889
4.331655113082796e-07	1.614256091409644	0.02059604949642101
4.3321003997644236e-07	1.6142429786957	0.02059065383081502
4.332545732220755e-07	1.6142298646337916	0.02058525761054391
4.3329911104564957e-07	1.61421674922378	0.020579860835550648
4.3334365344763516e-07	1.6142036324655273	0.020574463505778216
4.3338820042850203e-07	1.6141905143588944	0.02056906562116969
4.334327519887226e-07	1.6141773949037426	0.020563667181667827
4.3347730812876687e-07	1.6141642740999331	0.02055826818721568
4.3352186884910556e-07	1.614151151947328	0.020552868637756204
4.335664341502095e-07	1.6141380284457878	0.02054746853323235
4.336110040325496e-07	1.6141249035951746	0.02054206787358706
4.336555784965959e-07	1.6141117773953495	0.02053666665876337
4.3370015754282124e-07	1.6140986498461734	0.020531264888703993
4.3374474117169565e-07	1.614085520947508	0.02052586256335196
4.3378932938369033e-07	1.6140723906992143	0.02052045968265019
4.338339221792763e-07	1.6140592591011538	0.020515056246541603
4.338785195589249e-07	1.6140461261531878	0.02050965225496909
4.339231215231064e-07	1.6140329918551772	0.02050424770787566
4.3396772807229376e-07	1.6140198562069834	0.020498842605204
4.340123392069576e-07	1.6140067192084677	0.02049343694689709
4.340569549275692e-07	1.6139935808594907	0.020488030732897823
4.3410157523459996e-07	1.6139804411599146	0.020482623963149076
4.341462001285214e-07	1.6139673001096	0.020477216637593717
4.341908296098042e-07	1.6139541577084082	0.020471808756174707
4.3423546367892164e-07	1.6139410139561998	0.020466400318834704
4.3428010233634444e-07	1.6139278688528365	0.020460991325516664
4.3432474558254436e-07	1.6139147223981791	0.020455581776163426
4.3436939341799304e-07	1.613901574592089	0.020450171670717842
4.3441404584316226e-07	1.6138884254344268	0.020444761009122736
4.3445870285852384e-07	1.6138752749250542	0.020439349791320942
4.3450336446454877e-07	1.613862123063832	0.02043393801725539
4.345480306617107e-07	1.6138489698506209	0.02042852568686869
4.345927014504808e-07	1.613835815285282	0.02042311280010374
4.3463737683133096e-07	1.6138226593676765	0.020417699356903365
4.346820568047333e-07	1.6138095020976655	0.020412285357210354
4.3472674137115905e-07	1.6137963434751097	0.02040687080096761
4.347714305310821e-07	1.6137831834998702	0.020401455688117708
4.348161242849738e-07	1.6137700221718079	0.020396040018603536
4.3486082263330635e-07	1.6137568594907838	0.020390623792367873
4.3490552557655213e-07	1.6137436954566586	0.020385207009353482
4.349502331151834e-07	1.6137305300692937	0.02037978966950313
4.3499494524967265e-07	1.6137173633285493	0.02037437177275958
4.350396619804914e-07	1.6137041952342872	0.020368953319065682
4.3508438330811387e-07	1.6136910257863675	0.02036353430836398
4.351291092330118e-07	1.6136778549846509	0.020358114740597313
4.3517383975565773e-07	1.6136646828289987	0.020352694615708412
4.3521857487652427e-07	1.6136515093192714	0.020347273933640022
4.352633145960842e-07	1.6136383344553304	0.02034185269433485
4.353080589148093e-07	1.613625158237036	0.020336430897735732
4.3535280783317417e-07	1.6136119806642493	0.020331008543785153
4.3539756135165075e-07	1.6135988017368303	0.020325585632425928
4.3544231947071186e-07	1.6135856214546405	0.02032016216360077
4.3548708219083053e-07	1.6135724398175402	0.020314738137252354
4.355318495124797e-07	1.6135592568253905	0.020309313553323383
4.3557662143613145e-07	1.6135460724780524	0.020303888411756635
4.3562139796226073e-07	1.6135328867753858	0.020298462712494574
4.3566617909133974e-07	1.6135196997172512	0.020293036455479977
4.357109648238417e-07	1.61350651130351	0.020287609640655506
4.357557551602397e-07	1.6134933215340228	0.020282182267963828
4.3580055010100715e-07	1.6134801304086497	0.02027675433734759
4.3584534964661647e-07	1.6134669379272522	0.020271325848749536
4.358901537975427e-07	1.6134537440896901	0.02026589680211211
4.359349625542585e-07	1.613440548895824	0.020260467197378042
4.3597977591723726e-07	1.6134273523455147	0.020255037034489966
4.360245938869525e-07	1.613414154438623	0.020249606313390504
4.360694164638778e-07	1.613400955175009	0.02024417503402226
4.3611424364848593e-07	1.6133877545545339	0.020238743196327968
4.361590754412522e-07	1.6133745525770573	0.02023331080025002
4.362039118426496e-07	1.6133613492424403	0.020227877845731105
4.362487528531518e-07	1.613348144550543	0.02022244433271383
4.362935984732325e-07	1.6133349385012268	0.02021701026114079
4.363384487033658e-07	1.6133217310943506	0.020211575630954545
4.363833035440254e-07	1.6133085223297763	0.020206140442097686
4.364281629956845e-07	1.6132953122073639	0.020200704694512885
4.364730270588188e-07	1.6132821007269733	0.020195268388142486
4.3651789573390146e-07	1.6132688878884653	0.020189735552098468
4.365627690214066e-07	1.6132556736917003	0.02018405748254929
4.366076469218084e-07	1.6132424581365388	0.020178378829304344
4.3665252943558103e-07	1.613229241222841	0.020172699592303632
4.366974165631978e-07	1.6132160229504673	0.020167019771487264
4.3674230830513487e-07	1.6132028033192778	0.020161339366794977
4.3678720466186567e-07	1.613189582329133	0.02015565837816688
4.3683210563386455e-07	1.6131763599798932	0.02014997680554294
4.3687701122160604e-07	1.6131631362714187	0.020144294648863123
4.369219214255645e-07	1.6131499112035699	0.020138611908067396
4.3696683624621367e-07	1.613136684776207	0.020132928583095816
4.370117556840299e-07	1.61312345698919	0.02012724467388811
4.3705667973948697e-07	1.6131102278423788	0.020121560180384333
4.371016084130595e-07	1.6130969973356346	0.020115875102524414
4.371465417052223e-07	1.613083765468817	0.02011018944024829
4.3719147961645e-07	1.6130705322417862	0.020104503193495885
4.3723642214721677e-07	1.6130572976544029	0.020098816362207218
4.372813692979991e-07	1.6130440617065265	0.020093128946321988
4.3732632106927105e-07	1.6130308243980174	0.020087440945780206
4.373712774615077e-07	1.6130175857287359	0.02008175236052176
4.3741623847518397e-07	1.613004345698542	0.020076063190486555
4.3746120411077494e-07	1.6129911043072958	0.020070373435614478
4.375061743687549e-07	1.6129778615548576	0.020064683095845515
4.375511492496008e-07	1.612964617441087	0.020058992171119314
4.3759612875378694e-07	1.6129513719658444	0.02005330066137586
4.376411128817886e-07	1.6129381251289896	0.020047608566555006
4.376861016340811e-07	1.612924876930383	0.02004191588659662
4.3773109501113985e-07	1.6129116273698842	0.020036222621440537
4.377760930134402e-07	1.6128983764473535	0.020030528771026616
4.3782109564145677e-07	1.612885124162651	0.020024834335294787
4.3786610289566686e-07	1.6128718705156364	0.020019139314184666
4.379111147765451e-07	1.6128586155061697	0.020013443707636188
4.3795613128456716e-07	1.6128453591341108	0.02000774751558917
4.380011524202086e-07	1.6128321013993197	0.020002050737983435
4.380461781839453e-07	1.6128188423016563	0.019996353374758767
4.38091208576252e-07	1.6128055818409808	0.019990655425855097
4.381362435976063e-07	1.6127923200171526	0.019984956891211984
4.381812832484833e-07	1.6127790568300315	0.01997925777076932
4.382263275293587e-07	1.6127657922794776	0.019973558064466903
4.382713764407086e-07	1.612752526365351	0.019967857772244496
4.383164299830089e-07	1.6127392590875114	0.01996215689404188
4.383614881567349e-07	1.6127259904458184	0.019956455429798906
4.3840655096236437e-07	1.612712720440132	0.019950753379455125
4.384516184003726e-07	1.6126994490703117	0.019945050742950405
4.384966904712358e-07	1.6126861763362175	0.019939347520224467
4.385417671754302e-07	1.6126729022377089	0.019933643711217065
4.385868485134322e-07	1.612659626774646	0.01992793931586792
4.386319344857171e-07	1.6126463499468886	0.019922234334116884
4.386770250927632e-07	1.612633071754296	0.01991652876590343
4.38722120335046e-07	1.612619792196728	0.0199108226111674
4.38767220213042e-07	1.6126065112740444	0.019905115869848496
4.388123247272277e-07	1.612593228986105	0.019899408541886425
4.388574338780798e-07	1.612579945332769	0.019893700627220866
4.3890254766607396e-07	1.6125666603138966	0.019887992125791627
4.3894766609168867e-07	1.612553373929347	0.01988228303753817
4.3899278915539984e-07	1.6125400861789803	0.01987657336240027
4.390379168576841e-07	1.6125267970626553	0.019870863100317614
4.390830491990185e-07	1.612513506580232	0.019865152251229846
4.391281861798798e-07	1.6125002147315701	0.019859440815076637
4.391733278007449e-07	1.6124869215165292	0.019853728791797635
4.3921847406209e-07	1.6124736269349689	0.019848016181332594
4.3926362496439386e-07	1.6124603309867485	0.019842302983620927
4.3930878050813263e-07	1.6124470336717271	0.019836589198602383
4.3935394069378354e-07	1.6124337349897648	0.019830874826216583
4.393991055218237e-07	1.612420434940721	0.019825159866403146
4.3944427499273036e-07	1.612407133524455	0.01981944431910169
4.3948944910697993e-07	1.6123938307408265	0.01981372818425193
4.395346278650515e-07	1.6123805265896947	0.019808011461793246
4.3957981126742146e-07	1.6123672210709188	0.019802294151665345
4.396249993145674e-07	1.6123539141843588	0.019796576253807815
4.396701920069667e-07	1.612340605929874	0.019790857768160235
4.397153893450969e-07	1.612327296307323	0.01978513869466219
4.397605913294347e-07	1.6123139853165662	0.01977941903325335
4.398057979604595e-07	1.6123006729574623	0.019773698783873063
4.398510092386481e-07	1.6122873592298708	0.019767977946460992
4.3989622516447816e-07	1.6122771681652115	0.019762256520956697
4.399414457384275e-07	1.612270836587804	0.01975653450729972
4.3998667096097386e-07	1.6122645043595214	0.019750811905429603
4.4003190083259433e-07	1.612258171480297	0.019745088715285977
4.4007713535376854e-07	1.6122518379500632	0.01973936493680816
4.4012237452497364e-07	1.6122455037687533	0.01973364056993577
4.401676183466875e-07	1.6122391689363007	0.019727915614608342
4.4021286681938835e-07	1.6122328334526381	0.01972219007076536
4.4025811994355416e-07	1.6122264973176987	0.019716463938346345
4.403033777196623e-07	1.6122201605314157	0.019710737217290896
4.403486401481927e-07	1.612213823093722	0.019705009907538273
4.4039390722962277e-07	1.6122074850045505	0.019699282009028082
4.4043917896443084e-07	1.6122011462638342	0.019693553521699787
4.404844553530952e-07	1.6121948068715066	0.019687824445492868
4.4052973639609435e-07	1.6121884668275004	0.019682094780346788
4.4057502209390576e-07	1.6121821261317484	0.019676364526201116
4.406203124470098e-07	1.6121757847841838	0.01967063368299508
4.40665607455884e-07	1.6121694427847397	0.01966490225066824
4.4071090712100717e-07	1.6121631001333487	0.01965917022916003
4.4075621144285784e-07	1.6121567568299444	0.019653437618409885
4.408015204219147e-07	1.6121504128744593	0.019647704418357233
4.4084683405865564e-07	1.6121440682668267	0.019641970628941612
4.408921523535613e-07	1.6121377230069793	0.019636236250102197
4.409374753071095e-07	1.6121313770948498	0.019630501281778533
4.4098280291977933e-07	1.6121250305303718	0.01962476572390999
4.4102813519204956e-07	1.6121186833134777	0.019619029576435992
4.410734721243993e-07	1.6121123354441007	0.019613292839295915
4.411188137173076e-07	1.6121059869221737	0.019607555512429143
4.411641599712525e-07	1.6120996377476298	0.019601817595775176
4.4120951088671516e-07	1.6120932879204015	0.019596079089273147
4.4125486646417377e-07	1.6120869374404219	0.019590339992862537
4.413002267041076e-07	1.6120805863076237	0.0195846003064827
4.4134559160699595e-07	1.6120742345219403	0.019578860030072996
4.413909611733181e-07	1.612067882083304	0.019573119163572777
4.414363354035526e-07	1.6120615289916487	0.01956737770692148
4.414817142981807e-07	1.6120551752469057	0.019561635660058217
4.4152709785768096e-07	1.612048820849009	0.019555893022922436
4.4157248608253295e-07	1.612042465797891	0.01955014979545345
4.416178789732162e-07	1.6120361100934846	0.01954440597759058
4.4166327653021046e-07	1.6120297537357229	0.019538661569273127
4.4170867875399445e-07	1.6120233967245388	0.01953291657044051
4.4175408564504967e-07	1.6120170390598647	0.0195271709810318
4.417994972038551e-07	1.6120106807416337	0.0195214248009864
4.4184491343089045e-07	1.6120043217697784	0.019515678030243594
4.4189033432663575e-07	1.6119979621442315	0.019509930668742653
4.419357598915708e-07	1.6119916018649267	0.01950418271642286
4.419811901261748e-07	1.6119852409317958	0.019498434173223587
4.4202662503092955e-07	1.6119788793447718	0.019492685039083857
4.420720646063142e-07	1.611972517103788	0.01948693531394305
4.4211750885280887e-07	1.6119661542087764	0.019481184997740403
4.421629577708938e-07	1.6119597906596703	0.01947543409041516
4.422084113610492e-07	1.6119534264564024	0.019469682591906554
4.422538696237544e-07	1.6119470615989056	0.01946393050215393
4.422993325594917e-07	1.6119406960871117	0.019458177821096267
4.423448001687403e-07	1.6119343299209548	0.019452424548672912
4.4239027245198087e-07	1.6119279631003667	0.019446670684823066
4.4243574940969376e-07	1.6119215956252804	0.019440916229485926
4.424812310423596e-07	1.6119152274956288	0.019435161182600698
4.4252671735045886e-07	1.6119088587113444	0.01942940554410656
4.4257220833447133e-07	1.61190248927236	0.01942364931394282
4.426177039948795e-07	1.611896119178608	0.019417892492048422
4.426632043321631e-07	1.6118897484300214	0.019412135078362654
4.4270870934680303e-07	1.611883377026533	0.01940637707282468
4.4275421903928e-07	1.6118770049680753	0.019400618475373662
4.4279973341007497e-07	1.6118706322545806	0.01939485928594875
4.428452524596679e-07	1.6118642588859826	0.0193890995044892
4.428907761885416e-07	1.611857884862213	0.019383339130933923
4.4293630459717623e-07	1.6118515101832043	0.019377578165222176
4.429818376860528e-07	1.61184513484889	0.019371816607293077
4.4302737545565245e-07	1.6118387588592022	0.019366054457085752
4.4307291790645633e-07	1.6118323822140737	0.01936029171453931
4.431184650389448e-07	1.6118260049134372	0.019354528379592985
4.4316401685360086e-07	1.6118196269572251	0.019348764452185644
4.43209573350905e-07	1.61181324834537	0.019342999932256494
4.4325513453133857e-07	1.6118068690778045	0.01933723481974463
4.4330070039538297e-07	1.6118004891544615	0.019331469114589137
4.4334627094351967e-07	1.6117941085752734	0.019325702816729087
4.433918461762293e-07	1.6117877273401726	0.019319935926103666
4.4343742609399523e-07	1.6117813454490917	0.019314168442651714
4.434830106972982e-07	1.6117749629019638	0.019308400366312393
4.435285999866198e-07	1.6117685796987207	0.019302631697024772
4.435741939624418e-07	1.6117621958392954	0.019296862434727884
4.4361979262524593e-07	1.6117558113236203	0.019291092579360777
4.436653959755131e-07	1.6117494261516283	0.019285322130862596
4.4371100401372705e-07	1.6117430403232513	0.019279551089172134
4.4375661674036874e-07	1.6117366538384221	0.019273779454228528
4.438022341559201e-07	1.6117302666970736	0.019268007225970798
4.438478562608632e-07	1.6117238788991377	0.019262234404337948
4.4389348305568005e-07	1.6117174904445473	0.01925646098926899
4.4393911454085283e-07	1.6117111013332346	0.0192506869807029
4.4398475071686273e-07	1.6117047115651326	0.019244912378578796
4.440303915841938e-07	1.6116983211401732	0.01923913718283543
4.4407603714332736e-07	1.611691930058289	0.019233361393411898
4.4412168739474574e-07	1.6116855383194129	0.019227585010247163
4.441673423389313e-07	1.611679145923477	0.01922180803328019
4.4421300197636647e-07	1.6116727528704136	0.019216030462449945
4.442586663075328e-07	1.6116663591601557	0.019210252297695483
4.443043353329146e-07	1.6116599647926353	0.01920447353895553
4.443500090529935e-07	1.6116535697677847	0.019198694186169128
4.443956874682521e-07	1.6116471740855365	0.019192914239275227
4.4444137057917315e-07	1.6116407777458235	0.019187133698212736
4.444870583862392e-07	1.6116343807485778	0.019181352562920598
4.4453275088993225e-07	1.6116279830937317	0.01917557083333781
4.445784480907368e-07	1.6116215847812176	0.019169788509403082
4.446241499891349e-07	1.611615185810968	0.019164005591055418
4.4466985658560934e-07	1.6116087861829156	0.01915822207823371
4.447155678806432e-07	1.6116023858969921	0.019152437970876846
4.447612838747194e-07	1.6115959849531305	0.019146653268923716
4.448070045683201e-07	1.6115895833512628	0.019140867972313305
4.4485272996193023e-07	1.6115831810913215	0.019135082080984262
4.4489846005603207e-07	1.6115767781732389	0.019129295594875553
4.4494419485110874e-07	1.6115703745969472	0.019123508513926045
4.4498993434764354e-07	1.6115639703623788	0.01911772083807459
4.450356785461198e-07	1.6115575654694663	0.01911193256726003
4.450814274470199e-07	1.6115511599181422	0.01910614370142132
4.451271810508291e-07	1.611544753708338	0.01910035424049706
4.4517293935802995e-07	1.6115383468399864	0.019094564184426187
4.452187023691059e-07	1.61153193931302	0.019088773533147536
4.452644700845405e-07	1.611525531127371	0.019082982286599912
4.453102425048175e-07	1.6115191222829712	0.019077190444722114
4.4535601963042034e-07	1.6115127127797535	0.019071398007452958
4.4540180146183193e-07	1.61150630261765	0.019065604974731344
4.4544758799953783e-07	1.6114998917965928	0.019059811346495828
4.4549337924402085e-07	1.611493480316514	0.019054017122685323
4.4553917519576496e-07	1.6114870681773463	0.019048222303238587
4.45584975855254e-07	1.6114806553790217	0.0190424268880944
4.4563078122297187e-07	1.6114742419214725	0.01903663087719152
4.456765912994017e-07	1.611467827804631	0.019030834270468824
4.457224060850294e-07	1.6114614130284293	0.019025037067864833
4.457682255803381e-07	1.6114549975927996	0.0190192392693184
4.4581404978581196e-07	1.6114485814976742	0.019013440874768268
4.458598787019352e-07	1.6114421647429853	0.01900764188415317
4.45905712329192e-07	1.611435747328665	0.019001842297411826
4.4595155066806585e-07	1.6114293292546455	0.01899604211448307
4.4599739371904284e-07	1.611422910520859	0.018990241335305393
4.460432414826065e-07	1.611416491127238	0.01898443995981761
4.4608909395924124e-07	1.6114100710737143	0.01897863798795842
4.4613495114943154e-07	1.61140365036022	0.018972835419666528
4.46180813053662e-07	1.6113972289866876	0.01896703225488061
4.462266796724163e-07	1.6113908069530491	0.018961228493539466
4.4627255100618083e-07	1.6113843842592366	0.018955424135581544
4.463184270554394e-07	1.611377960905182	0.018949619180945627
4.4636430782067687e-07	1.6113715368908177	0.018943813629570375
4.4641019330237795e-07	1.6113651122160761	0.018938007481394438
4.464560835010274e-07	1.611358686880889	0.018932200736356482
4.4650197841710937e-07	1.6113522608851885	0.018926393394395252
4.465478780511105e-07	1.6113458342289062	0.018920585455449165
4.465937824035149e-07	1.6113394069119753	0.018914776919456963
4.466396914748077e-07	1.611332978934327	0.018908967786357263
4.466856052654738e-07	1.6113265502958938	0.018903158056088696
4.467315237759986e-07	1.6113201209966075	0.01889734772858986
4.4677744700686614e-07	1.6113136910364003	0.018891536803799493
4.4682337495856367e-07	1.6113072604152046	0.01888572528165595
4.468693076315754e-07	1.6113008291329518	0.01887991316209795
4.4691524502638687e-07	1.6112943971895743	0.018874100445064074
4.469611871434833e-07	1.6112879645850042	0.018868287130492902
4.4700713398335025e-07	1.6112815313191735	0.018862473218323003
4.4705308554647224e-07	1.611275097392014	0.01885665870849307
4.470990418333366e-07	1.6112686628034578	0.018850843600941435
4.4714500284442817e-07	1.6112622275534372	0.01884502789560676
4.471909685802324e-07	1.611255791641884	0.0188392115924276
4.472369390412351e-07	1.6112493550687301	0.01883339469134249
4.4728291422792196e-07	1.6112429178339074	0.018827577192289977
4.4732889414077876e-07	1.6112364799373484	0.018821759095208584
4.473748787802905e-07	1.6112300413789844	0.018815940400036955
4.4742086814694485e-07	1.611223602158748	0.018810121106713366
4.4746686224122685e-07	1.6112171622765705	0.018804301215176455
4.475128610636225e-07	1.6112107217323846	0.01879848072536472
4.4755886461461783e-07	1.6112042805261213	0.018792659637216665
4.476048728946989e-07	1.6111978386577135	0.018786837950670782
4.47650885904351e-07	1.611191396127093	0.018781015665665663
4.476969036440621e-07	1.611184952934191	0.018775192782139564
4.4774292611431756e-07	1.6111785090789401	0.01876936930003107
4.4778895331560366e-07	1.6111720645612717	0.018763545219278654
4.4783498524840674e-07	1.6111656193811184	0.01875772053982077
4.478810219132132e-07	1.6111591735384112	0.018751895261595874
4.479270633105085e-07	1.611152727033083	0.018746069384542534
4.479731094407811e-07	1.6111462798650646	0.018740242908598957
4.4801916030451653e-07	1.611139832034289	0.018734415833703683
4.480652159022014e-07	1.611133383540687	0.018728588159795157
4.481112762343223e-07	1.6111269343841914	0.018722759886811796
4.4815734130136606e-07	1.6111204845647333	0.01871693101469201
4.482034111038184e-07	1.611114034082245	0.018711101543374332
4.482494856421679e-07	1.6111075829366581	0.018705271472796936
4.482955649169006e-07	1.6111011311279047	0.01869944080289833
4.4834164892850333e-07	1.6110946786559166	0.0186936095336169
4.4838773767746304e-07	1.6110882255206254	0.01868777766489104
4.4843383116426677e-07	1.6110817717219628	0.01868194519665912
4.4847992938940054e-07	1.611075317259861	0.01867611212885964
4.4852603235335336e-07	1.6110688621342517	0.01867027846143072
4.4857214005661143e-07	1.6110624063450665	0.01866444419431084
4.48618252499662e-07	1.6110559498922374	0.018658609327438347
4.4866436968299217e-07	1.6110494927756958	0.018652773860751606
4.4871049160708935e-07	1.611043034995374	0.01864693779418894
4.487566182724409e-07	1.6110365765512031	0.01864110112768868
4.488027496795332e-07	1.611030117443116	0.018635263861189286
4.488488858288556e-07	1.611023657671043	0.01862942599462884
4.488950267208946e-07	1.6110171972349172	0.018623587527945767
4.4894117235613787e-07	1.6110107361346693	0.01861774846107838
4.489873227350729e-07	1.6110042743702315	0.018611908793964977
4.490334778581873e-07	1.6109978119415354	0.018606068526543867
4.49079637725968e-07	1.610991348848513	0.018600227658753438
4.4912580233890446e-07	1.6109848850910955	0.018594386190531748
4.4917197169748356e-07	1.6109784206692148	0.018588544121817194
4.492181458021932e-07	1.6109719555828028	0.018582701452548037
4.492643246535212e-07	1.6109654898317913	0.018576858182662553
4.4931050825195554e-07	1.6109590234161115	0.018571014312098993
4.493566965979833e-07	1.6109525563356955	0.018565169840795724
4.494028896920944e-07	1.6109460885904745	0.01855932476869076
4.49449087534776e-07	1.6109396201803805	0.01855347909572245
4.494952901265162e-07	1.610933151105345	0.018547632821829037
4.495414974678032e-07	1.6109266813653	0.01854178594694874
4.495877095591252e-07	1.6109202109601768	0.01853593847101978
4.4963392640096976e-07	1.6109137398899072	0.018530090393980486
4.4968014799382687e-07	1.6109072681544225	0.018524241715768837
4.497263743381841e-07	1.6109007957536545	0.01851839243632314
4.4977260543452987e-07	1.610894322687535	0.0185125425555816
4.498188412833527e-07	1.6108878489559957	0.0185066920734824
4.498650818851411e-07	1.6108813745589674	0.01850084098996372
4.499113272403828e-07	1.6108748994963826	0.01849498930496385
4.499575773495682e-07	1.6108684237681725	0.01848913701842073
4.5000383221318513e-07	1.6108619473742687	0.018483284130272646
4.500500918317224e-07	1.6108554703146025	0.01847743064045773
4.5009635620566866e-07	1.6108489925891059	0.018471576548914168
4.501426253355129e-07	1.6108425141977105	0.018465721855580063
4.50188899221744e-07	1.6108360351403475	0.018459866560393577
4.502351778648498e-07	1.6108295554169487	0.018454010663292962
4.502814612653214e-07	1.610823075027445	0.018448154164216087
4.5032774942364683e-07	1.610816593971769	0.0184422970631012
4.5037404234031515e-07	1.610810112249851	0.01843643935988641
4.5042034001581553e-07	1.6108036298616237	0.01843058105450983
4.504666424506372e-07	1.6107971468070181	0.018424722146909545
4.505129496452684e-07	1.6107906630859654	0.01841886263702378
4.5055926160020035e-07	1.6107841786983976	0.018413002524790372
4.506055783159215e-07	1.6107776936442455	0.018407141810147527
4.5065189979292124e-07	1.6107712079234413	0.018401280493033308
4.5069822603168893e-07	1.610764721535916	0.0183954185733858
4.507445570327142e-07	1.6107582344816014	0.018389556051143046
4.5079089279648555e-07	1.6107517467604289	0.018383692926243228
4.5083723332349454e-07	1.6107452583723296	0.018377829198624157
4.508835786142299e-07	1.6107387693172353	0.018371964868223983
4.509299286691812e-07	1.6107322795950774	0.018366099934980756
4.509762834888383e-07	1.610725789205787	0.018360234398832498
4.5102264307369105e-07	1.610719298149296	0.01835436825971723
4.5106900742422827e-07	1.6107128064255356	0.01834850151757308
4.5111537654094175e-07	1.610706314034437	0.01834263417233784
4.5116175042432054e-07	1.610699820975932	0.018336766223949613
4.5120812907485465e-07	1.6106933272499513	0.0183308976723464
4.512545124930341e-07	1.6106868328564274	0.018325028517466205
4.51300900679349e-07	1.6106803377952905	0.01831915875924699
4.513472936342886e-07	1.610673842066473	0.018313288397626873
4.51393691358345e-07	1.6106673456699054	0.018307417432543573
4.514400938520074e-07	1.6106608486055194	0.018301545863935183
4.5148650111576626e-07	1.6106543508732467	0.018295673691739654
4.5153291315011187e-07	1.6106478524730181	0.018289800915894935
4.515793299555346e-07	1.610641353404765	0.018283927536338986
4.51625751532524e-07	1.6106348536684192	0.018278053553009863
4.516721778815725e-07	1.6106283532639116	0.01827217896584525
4.5171860900316966e-07	1.6106218521911737	0.0182663037747832
4.517650448978061e-07	1.6106153504501366	0.018260427979761636
4.5181148556597255e-07	1.6106088480407317	0.01825455158071846
4.518579310081596e-07	1.6106023449628901	0.018248674577591596
4.519043812248572e-07	1.6105958412165438	0.018242796970319053
4.5195083621655793e-07	1.6105893368016233	0.018236918758838493
4.519972959837518e-07	1.6105828317180602	0.018231039943087918
4.520437605269296e-07	1.6105763259657857	0.01822516052300522
4.5209022984658244e-07	1.610569819544731	0.018219280498528265
4.521367039432013e-07	1.6105633124548278	0.018213399869594922
4.521831828172771e-07	1.6105568046960066	0.018207518636143068
4.522296664693002e-07	1.6105502962681992	0.01820163679811066
4.522761548997636e-07	1.6105437871713364	0.018195754355435318
4.523226481091575e-07	1.6105372774053497	0.018189871308055012
4.523691460979732e-07	1.6105307669701705	0.018183987655907567
4.5241564886670207e-07	1.6105242558657293	0.01817810339893082
4.524621564158354e-07	1.6105177440919582	0.018172218537062593
4.525086687458637e-07	1.610511231648788	0.018166333070240834
4.525551858572804e-07	1.6105047185361498	0.0181604469984031
4.526017077505759e-07	1.6104982047539746	0.018154560321487323
4.526482344262419e-07	1.6104916903021942	0.01814867303943131
4.5269476588477e-07	1.6104851751807392	0.01814278515217284
4.5274130212665183e-07	1.6104786593895408	0.018136896659649706
4.5278784315237824e-07	1.6104721429285307	0.018131007561799806
4.528343889624428e-07	1.6104656257976395	0.018125117858560677
4.5288093955733644e-07	1.6104591079967983	0.018119227549870207
4.52927494937551e-07	1.6104525895259383	0.018113336635666152
4.529740551035785e-07	1.610446070384991	0.018107445115886262
4.530206200559108e-07	1.6104395505738869	0.01810155299046829
4.53067189795039e-07	1.6104330300925578	0.018095660259350103
4.5311376432145706e-07	1.6104265089409346	0.01808976692246919
4.5316034363565624e-07	1.6104199871189477	0.0180838729797634
4.532069277381286e-07	1.610413464626529	0.018077978431170462
4.5325351662936645e-07	1.6104069414636095	0.018072083276628077
4.5330011030986206e-07	1.6104004176301199	0.018066187516073966
4.5334670878010675e-07	1.6103938931259916	0.01806029114944595
4.5339331204059486e-07	1.6103873679511556	0.018054394176681487
4.5343992009181783e-07	1.6103808421055423	0.018048496597718382
4.5348653293426817e-07	1.6103743155890837	0.018042598412494323
4.535331505684384e-07	1.6103677884017105	0.01803669962094698
4.5357977299482107e-07	1.6103612605433537	0.01803080022301404
4.5362640021390884e-07	1.6103547320139442	0.018024900218633157
4.536730322261935e-07	1.6103482028134133	0.0180189996077421
4.5371966903216955e-07	1.6103416729416917	0.0180130983902783
4.537663106323289e-07	1.6103351423987105	0.01800719656617951
4.538129570271644e-07	1.6103286111844006	0.018001294135383376
4.538596082171689e-07	1.6103220792986934	0.017995391097827523
4.5390626420283535e-07	1.6103155467415196	0.017989487453449582
4.5395292498465577e-07	1.61030901351281	0.017983583202187292
4.5399959056312514e-07	1.6103024796124958	0.017977678343978024
4.540462609387355e-07	1.6102959450405079	0.017971772878759514
4.540929361119801e-07	1.6102894097967777	0.017965866806469347
4.5413961608335206e-07	1.6102828738812351	0.017959960127045132
4.5418630085334466e-07	1.6102763372938118	0.017954052840424447
4.542329904224503e-07	1.6102698000344386	0.01794814494654499
4.54279684791164e-07	1.6102632621030466	0.017942236445344113
4.543263839599784e-07	1.6102567234995662	0.01793632733675949
4.5437308792938693e-07	1.610250184223929	0.01793041762072868
4.5441979669988296e-07	1.6102436442760653	0.01792450729718926
4.5446651027196016e-07	1.6102371036559058	0.017918596366078753
4.5451322864611114e-07	1.6102305623633826	0.01791268482733483
4.545599518228314e-07	1.6102240203984255	0.017906772680894797
4.5460667980261373e-07	1.6102174777609655	0.017900859926696294
4.546534125859519e-07	1.6102109344509339	0.01789494656467685
4.547001501733396e-07	1.610204390468261	0.01788903259477398
4.5474689256527074e-07	1.610197845812878	0.0178831180169252
4.5479363976223836e-07	1.610191300484716	0.01787720283106812
4.548403917647382e-07	1.6101847544837056	0.017871287037140006
4.5488714857326327e-07	1.6101782078097773	0.01786537063507848
4.5493391018830777e-07	1.6101716604628622	0.017859453624821005
4.549806766103657e-07	1.610165112442891	0.017853536006305078
4.550274478399312e-07	1.610158563749795	0.017847617779468167
4.5507422387749853e-07	1.6101520143835042	0.017841698944247728
4.5512100472356096e-07	1.6101454643439501	0.017835779500581354
4.551677903786147e-07	1.6101389136310633	0.017829859448406246
4.5521458084315317e-07	1.6101323622447743	0.01782393878765998
4.552613761176708e-07	1.6101258101850142	0.017818017518279983
4.5530817620266197e-07	1.6101192574517136	0.017812095640203706
4.553549810986213e-07	1.6101127040448033	0.01780617315336856
4.5540179080604227e-07	1.6101061499642144	0.017800250057712096
4.5544860532542147e-07	1.6100995952098769	0.017794326353171484
4.554954246572526e-07	1.610093039781722	0.01778840203968425
4.5554224880203037e-07	1.6100864836796804	0.017782477117187806
4.555890777602495e-07	1.610079926903683	0.017776551585619534
4.556359115324049e-07	1.61007336945366	0.017770625444916824
4.5568275011899043e-07	1.6100668113295427	0.01776469869501718
4.5572959352050283e-07	1.6100602525312615	0.01775877133585775
4.5577644173743623e-07	1.610053693058747	0.017752843367376005
4.558232947702856e-07	1.6100471329119301	0.01774691478950931
4.5587015261954604e-07	1.6100405720907411	0.017740985602195034
4.559170152857126e-07	1.6100340105951116	0.017735055805370516
4.559638827692796e-07	1.6100274484249715	0.017729125398973214
4.560107550707441e-07	1.6100208855802514	0.017723194382940243
4.5605763219060037e-07	1.6100143220608822	0.017717262757209043
4.561045141293438e-07	1.6100077578667946	0.017711330521716938
4.5615140088746973e-07	1.610001192997919	0.01770539767640125
4.5619829246547364e-07	1.6099946274541868	0.017699464221199283
4.5624518886385003e-07	1.6099880612355273	0.017693530156048458
4.562920900830963e-07	1.609981494341872	0.01768759548088585
4.563389961237071e-07	1.6099749267731513	0.01768166019564886
4.56385906986178e-07	1.609968358529296	0.01767572430027477
4.5643282267100477e-07	1.6099617896102365	0.01766978779470087
4.5647974317868307e-07	1.6099552200159035	0.017663850678864425
4.5652666850970876e-07	1.6099486497462274	0.0176579129527027
4.5657359866457664e-07	1.6099420788011394	0.017651974616153074
4.5662053364378453e-07	1.6099355071805688	0.01764603566915257
4.566674734478274e-07	1.6099289348844477	0.017640096111638547
4.5671441807720123e-07	1.6099223619127052	0.017634155943548245
4.567613675324021e-07	1.6099157882652726	0.0176282151648189
4.56808321813926e-07	1.6099092139420805	0.01762227377538774
4.5685528092226827e-07	1.6099026389430595	0.017616331775192097
4.5690224485792686e-07	1.60989606326814	0.01761038916416896
4.569492136213971e-07	1.6098894869172522	0.017604445942255645
4.5699618721317534e-07	1.609882909890327	0.01759850210938936
4.5704316563375785e-07	1.6098763321872944	0.017592557665507297
4.57090148883641e-07	1.6098697538080857	0.017586612610546656
4.571371369633204e-07	1.6098631747526309	0.01758066694444471
4.571841298732944e-07	1.6098565950208603	0.017574720667138426
4.572311276140585e-07	1.6098500146127048	0.01756877377856508
4.5727813018610936e-07	1.6098434335280944	0.017562826278661837
4.5732513758994365e-07	1.6098368517669601	0.017556878167365852
4.5737214982605807e-07	1.609830269329232	0.017550929444614272
4.574191668949484e-07	1.609823686214841	0.017544980110344364
4.5746618879711335e-07	1.6098171024237167	0.017539030164493027
4.5751321553304883e-07	1.6098105179557902	0.017533079606997504
4.575602471032517e-07	1.6098039328109919	0.01752712843779493
4.5760728350821894e-07	1.609797346989252	0.01752117665682242
4.5765432474844756e-07	1.6097907604905006	0.017515224264017075
4.577013708244337e-07	1.6097841733146687	0.017509271259316124
4.5774842173667633e-07	1.6097775854616867	0.017503317642656432
4.577954774856717e-07	1.6097709969314846	0.017497363413975203
4.578425380719169e-07	1.609764407723993	0.017491408573209535
4.5788960349590933e-07	1.609757817839142	0.017485453120296483
4.579366737581462e-07	1.6097512272768624	0.017479497055173147
4.5798374885912404e-07	1.6097446360370846	0.017473540377776688
4.5803082879934205e-07	1.6097380441197382	0.017467583088043942
4.580779135792968e-07	1.6097314515247543	0.01746162518591208
4.5812500319948575e-07	1.6097248582520631	0.01745566667131814
4.5817209766040656e-07	1.6097182643015948	0.017449707544199167
4.582191969625568e-07	1.6097116696732796	0.017443747804492198
4.582663011064332e-07	1.609705074367048	0.01743778745213437
4.5831341009253535e-07	1.6096984783828303	0.017431826487062478
4.583605239213601e-07	1.6096918817205568	0.017425864909213645
4.584076425934053e-07	1.609685284380158	0.01741990271852488
4.584547661091688e-07	1.6096786863615635	0.017413939914933188
4.585018944691485e-07	1.6096720876647042	0.017407976498375558
4.5854902767384235e-07	1.6096654882895105	0.017402012468788988
4.5859616572374757e-07	1.6096588882359124	0.017396047826110567
4.5864330861936396e-07	1.60965228750384	0.017390082570277042
4.586904563611888e-07	1.6096456860932236	0.017384116701225492
4.587376089497203e-07	1.6096390840039936	0.017378150218892885
4.5878476638545665e-07	1.6096324812360805	0.017372183123216173
4.588319286688961e-07	1.609625877789414	0.01736621541413231
4.5887909580053607e-07	1.6096192736639245	0.017360247091578355
4.5892626778087687e-07	1.6096126688595425	0.01735427815549101
4.5897344461041597e-07	1.609606063376198	0.017348308605807314
4.5902062628965185e-07	1.609599457213821	0.0173423384424642
4.5906781281908303e-07	1.6095928503723418	0.017336367665398582
4.5911500419920815e-07	1.609586242851691	0.01733039627454737
4.591622004305249e-07	1.6095796346517983	0.017324424269847583
4.5920940151353383e-07	1.609573025772594	0.017318451651235887
4.592566074487328e-07	1.6095664162140082	0.01731247841864929
4.593038182366205e-07	1.6095598059759713	0.017306793951167007
4.5935103387769584e-07	1.6095531950584134	0.017301975603841044
4.5939825437245777e-07	1.6095465834612643	0.017297156761197276
4.594454797214042e-07	1.609539971184455	0.01729233742318489
4.5949270992503613e-07	1.6095333582279143	0.01728751758975276
4.595399449838516e-07	1.6095267445915735	0.017282697260850056
4.595871848983497e-07	1.6095201302753623	0.017277876436425855
4.5963442966902963e-07	1.6095135152792106	0.0172730551164292
4.5968167929639054e-07	1.6095068996030486	0.017268233300809163
4.597289337809308e-07	1.609500283246807	0.017263410989514887
4.597761931231516e-07	1.609493666210415	0.01725858818249522
4.598234573235514e-07	1.609487048493803	0.017253764879699297
4.5987072638262944e-07	1.6094804300969012	0.017248941081076163
4.599180003008854e-07	1.6094738110196398	0.017244116786574844
4.599652790788187e-07	1.609467191261948	0.01723929199614436
4.600125627169288e-07	1.6094605708237575	0.017234466709733734
4.6005985121571456e-07	1.6094539497049967	0.017229640927292077
4.6010714457567744e-07	1.6094473279055963	0.017224814648768204
4.6015444279731626e-07	1.6094407054254867	0.01721998787411121
4.602017458811307e-07	1.6094340822645976	0.017215160603270108
4.602490538276207e-07	1.6094274584228585	0.017210332836193873
4.6029636663728606e-07	1.6094208339002	0.017205504572831508
4.603436843106258e-07	1.6094142086965522	0.01720067581313208
4.603910068481417e-07	1.609407582811845	0.01719584655704439
4.60438334250333e-07	1.609400956246008	0.01719101680451748
4.6048566651769967e-07	1.6093943289989714	0.017186186555500343
4.6053300365074185e-07	1.6093877010706654	0.01718135580994193
4.6058034564995977e-07	1.6093810724610198	0.017176524567791188
4.6062769251585266e-07	1.6093744431699646	0.017171692828997186
4.6067504424892275e-07	1.6093678131974294	0.017166860593508654
4.6072240084966937e-07	1.6093611825433447	0.017162027861274645
4.6076976231859297e-07	1.6093545512076401	0.017157194632244094
4.6081712865619397e-07	1.6093479191902456	0.017152360906365925
4.608644998629728e-07	1.609341286491091	0.017147526683589064
4.609118759394292e-07	1.6093346531101067	0.017142691963862526
4.609592568860655e-07	1.6093280190472221	0.017137856747135038
4.610066427033815e-07	1.6093213843023673	0.017133021033355598
4.6105403339187787e-07	1.609314748875472	0.01712818482247312
4.6110142895205536e-07	1.6093081127664663	0.017123348114436495
4.6114882938441474e-07	1.6093014759752804	0.017118510909194615
4.61196234689456e-07	1.6092948385018433	0.01711367320669647
4.6124364486768187e-07	1.6092882003460858	0.01710883500689074
4.6129105991959233e-07	1.6092815615079368	0.017103996309726414
4.613384798456884e-07	1.609274921987327	0.01709915711515236
4.613859046464712e-07	1.609268281784186	0.01709431742311744
4.614333343224418e-07	1.6092616408984433	0.01708947723357052
4.614807688741014e-07	1.6092549993300291	0.01708463654646045
4.615282083019502e-07	1.6092483570788731	0.01707979536173618
4.6157565260649135e-07	1.6092417141449054	0.017074953679346375
4.616231017882253e-07	1.6092350705280551	0.017070111499239954
4.616705558476533e-07	1.6092284262282528	0.017065268821365772
4.617180147852769e-07	1.6092217812454277	0.017060425645672644
4.617654786015975e-07	1.6092151355795097	0.0170555819721094
4.6181294729711573e-07	1.609208489230429	0.01705073780062495
4.6186042087233496e-07	1.609201842198115	0.017045893131167934
4.6190789932775594e-07	1.6091951944824976	0.017041047963687238
4.619553826638803e-07	1.6091885460835065	0.017036202298131676
4.620028708812098e-07	1.6091818970010712	0.01703135613445005
4.620503639802462e-07	1.6091752472351217	0.01702650947259114
4.6209786196149046e-07	1.6091685967855878	0.017021662312503842
4.6214536482544627e-07	1.6091619456523991	0.017016814654136736
4.621928725726146e-07	1.6091552938354856	0.01701196649743872
4.622403852034975e-07	1.6091486413347766	0.017007117842358532
4.62287902718597e-07	1.6091419881502018	0.017002268688844965
4.623354251184151e-07	1.6091353342816914	0.016997419036846772
4.623829524034532e-07	1.6091286797291748	0.0169925688863128
4.624304845742151e-07	1.6091220244925817	0.016987718237191623
4.6247802163120235e-07	1.6091153685718413	0.01698286708943207
4.6252556357491715e-07	1.609108711966884	0.016978015442982886
4.625731104058618e-07	1.6091020546776393	0.01697316329779281
4.626206621245388e-07	1.6090953967040367	0.01696831065381057
4.626682187314495e-07	1.609088738046006	0.01696345751098498
4.627157802270985e-07	1.609082078703476	0.016958603869264583
4.627633466119872e-07	1.6090754186763778	0.01695374972859818
4.628109178866184e-07	1.60906875796464	0.01694889508893447
4.6285849405149457e-07	1.6090620965681928	0.016944039950222176
4.6290607510711855e-07	1.6090554344869652	0.016939184312409986
4.629536610539921e-07	1.6090487717208874	0.016934328175446697
4.6300125189261993e-07	1.6090421082698885	0.016929471539280795
4.6304884762350403e-07	1.6090354441338985	0.01692461440386106
4.630964482471472e-07	1.6090287793128466	0.01691975676913618
4.6314405376405245e-07	1.6090221138066627	0.01691489863505482
4.6319166417472284e-07	1.6090154476152763	0.016910040001565645
4.632392794796604e-07	1.609008780738617	0.01690518086861742
4.632868996793703e-07	1.6090021131766141	0.016900321236158596
4.633345247743546e-07	1.6089954449291972	0.016895461104137935
4.6338215476511664e-07	1.6089887759962962	0.016890600472504076
4.634297896521596e-07	1.60898210637784	0.016885739341205665
4.634774294359869e-07	1.608975436073759	0.01688087771019133
4.6352507411710193e-07	1.608968765083982	0.016876015579409702
4.635727236960071e-07	1.6089620934084388	0.0168711529488095
4.636203781732078e-07	1.608955421047059	0.016866289818339163
4.636680375492067e-07	1.6089487479997717	0.01686142618794739
4.637157018245073e-07	1.6089420742665066	0.016856562057582788
4.6376337099961324e-07	1.6089353998471934	0.016851697427193977
4.638110450750283e-07	1.6089287247417614	0.016846832296729536
4.638587240512552e-07	1.6089220489501397	0.016841966666138165
4.639064079287996e-07	1.6089153724722585	0.016837100535368257
4.6395409670816444e-07	1.6089086953080467	0.016832233904368495
4.640017903898537e-07	1.6089020174574342	0.016827366773087445
4.640494889743712e-07	1.60889533892035	0.01682249914147369
4.64097192462221e-07	1.6088886596967236	0.016817631009475795
4.641449008539062e-07	1.6088819797864846	0.016812762377042413
4.6419261414993286e-07	1.6088752991895623	0.016807893244121904
4.6424033235080406e-07	1.6088686179058862	0.01680302361066293
4.6428805545702417e-07	1.6088619359353857	0.016798153476614022
4.643357834690973e-07	1.6088552532779898	0.016793282841923725
4.643835163875278e-07	1.6088485699336288	0.016788411706540583
4.644312542128192e-07	1.608841885902231	0.01678354007041321
4.644789969454777e-07	1.6088352011837266	0.016778667933489932
4.6452674458600687e-07	1.6088285157780446	0.01677379529571938
4.6457449713491116e-07	1.6088218296851147	0.016768922157050063
4.646222545926952e-07	1.6088151429048654	0.016764048517430487
4.6467001695986366e-07	1.6088084554372268	0.01675917437680915
4.6471778423692015e-07	1.6088017672821282	0.016754299735134665
4.647655564243714e-07	1.6087950784394986	0.01674942459235531
4.648133335227212e-07	1.6087883889092678	0.01674454894841968
4.6486111553247436e-07	1.6087816986913648	0.016739672803276255
4.6490890245413585e-07	1.6087750077857186	0.016734796156873507
4.649566942882105e-07	1.608768316192259	0.016729919009159915
4.650044910352033e-07	1.6087616239109148	0.01672504136008395
4.6505229269561845e-07	1.6087549309416163	0.01672016320959415
4.6510009926996284e-07	1.6087482372842916	0.016715284557638793
4.651479107587407e-07	1.6087415429388705	0.01671040540416642
4.6519572716245723e-07	1.6087348479052825	0.01670552574912548
4.6524354848161765e-07	1.6087281521834562	0.01670064559246441
4.652913747167273e-07	1.6087214557733214	0.01669576493413164
4.6533920586829055e-07	1.6087147586748074	0.016690883774075706
4.653870419368147e-07	1.6087080608878428	0.01668600211224483
4.654348829228043e-07	1.6087013624123574	0.016681119948587526
4.654827288267648e-07	1.6086946632482804	0.016676237283052217
4.655305796492018e-07	1.6086879633955407	0.0166713541155873
4.6557843539062084e-07	1.6086812628540677	0.016666470446141186
4.6562629605152674e-07	1.6086745616237907	0.016661586274662358
4.65674161632427e-07	1.6086678597046387	0.01665670160109903
4.657220321338266e-07	1.6086611570965408	0.01665181642539967
4.657699075562312e-07	1.6086544537994267	0.016646930747512667
4.6581778790014667e-07	1.608647749813225	0.0166420445673864
4.658656731660791e-07	1.608641045137865	0.01663715788496923
4.659135633545333e-07	1.608634339773276	0.016632270700209627
4.659614584660174e-07	1.6086276337193872	0.016627383013055753
4.660093585010364e-07	1.6086209269761276	0.016622494823456062
4.660572634600964e-07	1.6086142195434263	0.01661760613135891
4.661051733437037e-07	1.6086075114212124	0.01661271693671263
4.6615308815236445e-07	1.608600802609415	0.016607827239465564
4.6620100788658407e-07	1.6085940931079634	0.01660293703956614
4.662489325468707e-07	1.6085873829167867	0.0165980463369625
4.662968621337298e-07	1.608580672035814	0.016593155131603064
4.6634479664766793e-07	1.608573960464974	0.01658826342343614
4.663927360891914e-07	1.6085672482041962	0.016583371212410047
4.6644068045880695e-07	1.6085605352534096	0.016578478498473083
4.66488629757021e-07	1.6085538216125432	0.016573585281573565
4.6653658398433936e-07	1.6085471072815263	0.016568691561659882
4.6658454314127065e-07	1.6085403922602874	0.016563797338680117
4.6663250722832057e-07	1.6085336765487561	0.01655890261258267
4.66680476245996e-07	1.6085269601468613	0.016554007383315812
4.6672845019480385e-07	1.6085202430545316	0.016549111650827817
4.667764290752509e-07	1.6085135252716967	0.016544215415066968
4.6682441288784327e-07	1.6085068067982853	0.01653931867598161
4.6687240163308987e-07	1.6085000876342264	0.016534421433519814
4.6692039531149674e-07	1.6084933677794488	0.016529523687629933
4.6696839392357106e-07	1.6084866472338817	0.016524625438260217
4.6701639746982e-07	1.6084799259974543	0.0165197266853589
4.670644059507508e-07	1.6084732040700953	0.01651482742887423
4.671124193668697e-07	1.6084664814517338	0.01650992766875454
4.671604377186861e-07	1.6084597581422988	0.016505027404947838
4.672084610067062e-07	1.6084530341417187	0.016500126637402475
4.6725648923143766e-07	1.6084463094499237	0.016495225366066645
4.6730452239338783e-07	1.6084395840668413	0.01649032359088857
4.6735256049306427e-07	1.6084328579924014	0.016485421311816455
4.6740060353097365e-07	1.6084261312265327	0.01648051852879859
4.6744865150762547e-07	1.608419403769164	0.01647561524178299
4.674967044235265e-07	1.6084126756202242	0.016470711450717927
4.675447622791845e-07	1.608405946779642	0.016465807155551595
4.675928250751072e-07	1.6083992172473471	0.016460902356232175
4.6764089281180255e-07	1.6083924870232675	0.01645599705270783
4.6768896548977746e-07	1.608385756107333	0.016451091244926833
4.677370431095418e-07	1.6083790244994716	0.01644618493283715
4.6778512567160256e-07	1.6083722921996122	0.016441278116387046
4.6783321317646786e-07	1.6083655592076842	0.01643637079552466
4.678813056246458e-07	1.6083588255236165	0.016431462970198145
4.6792940301664455e-07	1.6083520911473372	0.016426554640355646
4.6797750535297233e-07	1.6083453560787762	0.016421645805945295
4.680256126341364e-07	1.6083386203178613	0.016416736466915327
4.680737248606471e-07	1.608331883864522	0.016411826623213666
4.6812184203301173e-07	1.6083251467186868	0.016406916274788533
4.6816996415173877e-07	1.6083184088802849	0.016402005421588043
4.6821809121733675e-07	1.6083116703492444	0.0163970940635603
4.682662232303141e-07	1.6083049311254944	0.016392182200653423
4.683143601911785e-07	1.6082981912089642	0.016387269832815597
4.6836250210044044e-07	1.6082914505995825	0.016382356959994727
4.6841064895860775e-07	1.6082847092972772	0.01637744358213899
4.684588007661891e-07	1.6082779673019778	0.016372529699196482
4.685069575236933e-07	1.6082712246136128	0.016367615311115274
4.685551192316292e-07	1.6082644812321112	0.01636270041784344
4.686032858905047e-07	1.6082577371574016	0.016357785019329142
4.686514575008307e-07	1.6082509923894128	0.016352869115520252
4.686996340631153e-07	1.6082442469280733	0.016347952706364917
4.6874781557786745e-07	1.608237500773312	0.016343035791811192
4.687960020455963e-07	1.6082307539250578	0.016338118371807125
4.6884419346681095e-07	1.6082240063832391	0.016333200446300756
4.688923898420197e-07	1.608217258147785	0.01632828201524022
4.689405911717338e-07	1.6082105092186236	0.016323363078573343
4.689887974564615e-07	1.608203759595684	0.016318443636248254
4.690370086967122e-07	1.6081970092788946	0.016313523688212973
4.6908522489299535e-07	1.6081902582681844	0.01630860323441551
4.691334460458204e-07	1.6081835065634822	0.01630368227480387
4.691816721556959e-07	1.6081767541647163	0.016298760809326164
4.692299032231333e-07	1.6081700010718152	0.016293838837930195
4.692781392486414e-07	1.608163247284708	0.016288916360564037
4.6932638023272975e-07	1.6081564928033227	0.016283993377175697
4.693746261759081e-07	1.6081497376275886	0.016279069887713146
4.694228770786864e-07	1.6081429817574344	0.016274145892124357
4.694711329415733e-07	1.608136225192788	0.016269221390357406
4.6951939376508077e-07	1.6081294679335785	0.01626429638236006
4.6956765954971773e-07	1.6081227099797344	0.01625937086808038
4.696159302959942e-07	1.6081159513311847	0.01625444484746632
4.6966420600442013e-07	1.608109191987857	0.016249518320465832
4.6971248667550576e-07	1.6081024319496806	0.016244591287026853
4.6976077230976025e-07	1.6080956712165841	0.016239663747097424
4.6980906290769563e-07	1.6080889097884956	0.016234735700625287
4.6985735846982133e-07	1.6080821476653444	0.01622980714755846
4.699056589966476e-07	1.6080753848470581	0.01622487808784487
4.6995396448868473e-07	1.6080686213335658	0.01621994852143244
4.7000227494644327e-07	1.6080618571247962	0.016215018448269072
4.700505903704336e-07	1.6080550922206776	0.016210087868302678
4.7009891076116527e-07	1.6080483266211383	0.01620515678148126
4.7014723611915084e-07	1.608041560326107	0.016200225187752514
4.7019556644489995e-07	1.6080347933355124	0.01619529308706443
4.7024390173892324e-07	1.608028025649283	0.0161903604793649
4.702922420017315e-07	1.6080212572673467	0.016185427364601792
4.7034058723383544e-07	1.6080144881896326	0.016180493742722988
4.70388937435745e-07	1.608007718416069	0.016175559613676452
4.70437292607973e-07	1.6080009479465844	0.016170624977409856
4.704856527510293e-07	1.607994176781107	0.016165689833871153
4.7053401786542503e-07	1.6079874049195655	0.016160754183008202
4.7058238795167116e-07	1.6079806323618886	0.01615581802476885
4.706307630102788e-07	1.607973859108004	0.016150881359100932
4.706791430417582e-07	1.607967085157841	0.016145944185952384
4.7072752804662235e-07	1.6079603105113276	0.016141006505270852
4.707759180253817e-07	1.6079535351683916	0.016136068317004246
4.7082431297854747e-07	1.6079467591289625	0.0161311296211004
4.70872712906631e-07	1.6079399823929683	0.01612619041750713
4.709211178101438e-07	1.607933204960337	0.016121250706172235
4.709695276895962e-07	1.6079264268309976	0.01611631048704363
4.7101794254550186e-07	1.607919648004878	0.01611136976006891
4.7106636237837124e-07	1.6079128684819068	0.01610642852519597
4.71114787188716e-07	1.6079060882620122	0.016101486782372602
4.7116321697704786e-07	1.6078993073451229	0.016096544531546582
4.7121165174387847e-07	1.6078925257311671	0.0160916017726657
4.712600914897187e-07	1.6078857434200728	0.01608665850567782
4.713085362150823e-07	1.6078789604117687	0.016081714730530505
4.7135698592048016e-07	1.6078721767061832	0.016076770447171634
4.714054406064243e-07	1.607865392303244	0.016071825655548946
4.7145390027342664e-07	1.6078586072028802	0.0160668803556102
4.7150236492199923e-07	1.6078518214050197	0.016061934547303144
4.715508345526542e-07	1.607845034909591	0.016056988230575518
4.7159930916590273e-07	1.6078382477165223	0.016052041405375146
4.716477887622589e-07	1.6078314598257415	0.01604709407164958
4.716962733422341e-07	1.6078246712371775	0.016042146229346622
4.7174476290634053e-07	1.6078178819507585	0.016037197878414004
4.717932574550906e-07	1.6078110919664121	0.01603224901879944
4.718417569889967e-07	1.6078043012840673	0.016027299650450633
4.718902615085704e-07	1.607797509903652	0.016022349773315386
4.7193877101432604e-07	1.6077907178250945	0.016017399387341202
4.7198728550677534e-07	1.6077839250483228	0.016012448492475868
4.720358049864308e-07	1.6077771315732656	0.01600749708866708
4.720843294538052e-07	1.6077703373998509	0.016002545175862505
4.721328589094113e-07	1.6077635425280068	0.015997592754009825
4.721813933537608e-07	1.6077567469576617	0.015992639823056813
4.722299327873685e-07	1.6077499506887434	0.015987686382950936
4.722784772107463e-07	1.6077431537211804	0.01598273243363995
4.7232702662440723e-07	1.6077363560549012	0.01597777797507151
4.723755810288642e-07	1.607729557689833	0.015972823007193274
4.724241404246303e-07	1.607722758625905	0.01596786752995287
4.7247270481221763e-07	1.6077159588630452	0.015962911543298045
4.725212741921413e-07	1.6077091584011811	0.015957955047176238
4.725698485649135e-07	1.6077023572402414	0.015952998041535167
4.7261842793104757e-07	1.607695555380154	0.015948040526322455
4.7266701229105674e-07	1.607688752820847	0.015943082501485725
4.727156016454544e-07	1.6076819495622487	0.015938123966972587
4.72764195994753e-07	1.6076751456042873	0.015933164922730742
4.7281279533946797e-07	1.6076683409468906	0.01592820536870759
4.728613996801118e-07	1.607661535589987	0.015923245304850835
4.729100090171981e-07	1.6076547295335044	0.015918284731108064
4.7295862335124053e-07	1.6076479227773706	0.015913323647426855
4.730072426827527e-07	1.6076411153215142	0.015908362053754798
4.730558670122484e-07	1.6076343071658632	0.015903399950039455
4.7310449634024035e-07	1.6076274983103456	0.015898437336228505
4.7315313066724443e-07	1.6076206887548892	0.015893474212269304
4.7320176999377356e-07	1.6076138784994223	0.01588851057810951
4.732504143203416e-07	1.6076070675438725	0.01588354643369668
4.732990636474626e-07	1.6076002558881686	0.01587858177897836
4.733477179756506e-07	1.607593443532238	0.015873616613902092
4.733963773054187e-07	1.6075866304760094	0.015868650938415503
4.734450416372831e-07	1.6075798167194102	0.015863684752465933
4.734937109717569e-07	1.6075730022623684	0.015858718056001003
4.7354238530935444e-07	1.6075661871048121	0.01585375084896824
4.7359106465059e-07	1.6075593712466694	0.015848783131315148
4.73639748995978e-07	1.6075525546878682	0.01584381490298924
4.736884383460318e-07	1.6075457374283366	0.015838846163938127
4.7373713270126787e-07	1.6075389194680025	0.015833876914109098
4.737858320621998e-07	1.6075321008067935	0.01582890715344975
4.7383453642934204e-07	1.6075252814446386	0.01582393688190757
4.7388324580320934e-07	1.6075184613814644	0.015818966099430037
4.739319601843163e-07	1.6075116406171994	0.01581399480596464
4.7398067957317675e-07	1.607504819151772	0.015809023001458932
4.7402940397030744e-07	1.6074979969851095	0.015804050685860185
4.7407813337622215e-07	1.6074911741171398	0.015799077859115968
4.7412686779143586e-07	1.6074843505477916	0.01579410452117373
4.741756072164634e-07	1.6074775262769916	0.01578913067198092
4.7422435165181994e-07	1.6074707013046687	0.015784156311484984
4.7427310109801944e-07	1.6074638756307504	0.015779181439633458
4.7432185555557895e-07	1.6074570492551645	0.015774206056373585
4.743706150250127e-07	1.6074502221778388	0.01576923016165288
4.744193795068359e-07	1.6074433943987017	0.01576425375541878
4.744681490015638e-07	1.6074365659176801	0.015759276837618685
4.745169235097117e-07	1.607429736734703	0.015754299408200015
4.7456570303179404e-07	1.6074229068496977	0.015749321467110285
4.746144875683282e-07	1.6074160762625915	0.015744343014296683
4.746632771198286e-07	1.6074092449733128	0.015739364049706717
4.747120716868109e-07	1.6074024129817892	0.01573438457328776
4.747608712697905e-07	1.6073955802879492	0.015729404584987217
4.748096758692832e-07	1.6073887468917196	0.015724424084752456
4.748584854858037e-07	1.6073819127930289	0.015719443072530943
4.7490730011986957e-07	1.6073750779918043	0.01571446154826987
4.7495611977199574e-07	1.6073682424879743	0.015709479511916678
4.75004944442698e-07	1.607361406281466	0.015704496963418742
4.7505377413249235e-07	1.6073545693722078	0.015699513902723398
4.751026088418946e-07	1.6073477317601266	0.01569453032977801
4.7515144857142084e-07	1.607340893445151	0.0156895462445299
4.752002933215862e-07	1.6073340544272083	0.015684561646926515
4.752491430929086e-07	1.6073272147062265	0.015679576536914996
4.7529799788590336e-07	1.607320374282133	0.01567459091444275
4.7534685770108664e-07	1.6073135331548558	0.015669604779457107
4.7539572253897477e-07	1.6073066913243221	0.015664618131905374
4.75444592400084e-07	1.6072998487904604	0.01565963097173487
4.7549346728492977e-07	1.6072930055531982	0.015654643298892996
4.755423471940305e-07	1.6072861616124627	0.015649655113326846
4.755912321279016e-07	1.6072793169681823	0.015644666414983816
4.756401220870597e-07	1.6072724716202837	0.01563967720381119
4.7568901707202133e-07	1.6072656255686955	0.015634687479756257
4.757379170833032e-07	1.6072587788133446	0.01562969724276628
4.7578682212142097e-07	1.6072519313541593	0.015624706492788649
4.7583573218689335e-07	1.607245083191067	0.015619715229770417
4.758846472802362e-07	1.6072382343239953	0.015614723453658948
4.759335674019664e-07	1.6072313847528719	0.01560973116440149
4.7598249255260074e-07	1.6072245344776244	0.01560473836194531
4.760314227326563e-07	1.6072176834981802	0.015599745046237632
4.760803579426491e-07	1.6072108318144673	0.015594751217225807
4.7612929818309815e-07	1.6072039794264135	0.01558975687485686
4.761782434545195e-07	1.6071971263339453	0.015584762019078126
4.762271937574305e-07	1.6071902725369913	0.015579766649836825
4.762761490923483e-07	1.607183418035479	0.015574770767080175
4.763251094597901e-07	1.6071765628293355	0.015569774370755388
4.7637407486027237e-07	1.6071697069184887	0.015564777460809765
4.764230452943144e-07	1.607162850302866	0.01555978003719031
4.764720207624327e-07	1.607155992982395	0.015554782099844313
4.765210012651447e-07	1.6071491349570035	0.015549783648718977
4.76569986802968e-07	1.607142276226619	0.015544784683761477
4.7661897737642016e-07	1.6071354167911682	0.015539785204918995
4.7666797298601887e-07	1.6071285566505797	0.015534785212138698
4.7671697363228085e-07	1.6071216958047803	0.01552978470536786
4.767659793157258e-07	1.6071148342536978	0.015524783684553442
4.7681499003687054e-07	1.60710797199726	0.015519782149642704
4.76864005796233e-07	1.6071011090353937	0.015514780100582791
4.76913026594331e-07	1.6070942453680268	0.015509777537320864
4.769620524316826e-07	1.607087380995087	0.015504774459804041
4.770110833088049e-07	1.6070805159165014	0.015499770867979573
4.770601192262179e-07	1.6070736501321974	0.015494766761794388
4.771091601844385e-07	1.6070667836421026	0.01548976214119572
4.771582061839853e-07	1.6070599164461443	0.015484757006130664
4.772072572253762e-07	1.6070530485442505	0.015479751356546355
4.772563133091296e-07	1.607046179936348	0.0154747451923899
4.773053744357631e-07	1.6070393106223644	0.015469738513608486
4.773544406057968e-07	1.6070324406022274	0.015464731320149017
4.774035118197481e-07	1.607025569875864	0.015459723611958704
4.774525880781358e-07	1.6070186984432016	0.015454715388984602
4.775016693814782e-07	1.6070118263041677	0.015449706651173813
4.77550755730294e-07	1.60700495345869	0.015444697398473416
4.775998471251009e-07	1.6069980799066959	0.015439687630830569
4.776489435664197e-07	1.6069912056481122	0.015434677348192129
4.776980450547679e-07	1.6069843306828664	0.015429666550505287
4.777471515906646e-07	1.6069774550108862	0.01542465523771706
4.777962631746285e-07	1.6069705786320987	0.015419643409774517
4.778453798071786e-07	1.606963701546431	0.015414631066624707
4.778945014888331e-07	1.6069568237538114	0.015409618208214744
4.779436282201126e-07	1.6069499452541665	0.015404604834491485
4.779927600015355e-07	1.6069430660474233	0.015399590945402046
4.780418968336209e-07	1.6069361861335096	0.015394576540893441
4.780910387168878e-07	1.6069293055123528	0.015389561620912706
4.781401856518558e-07	1.6069224241838798	0.015384546185406828
4.78189337639044e-07	1.606915542148018	0.015379530234322819
4.782384946789708e-07	1.606908659404695	0.015374513767607786
4.782876567721576e-07	1.6069017759538378	0.015369496785208516
4.783368239191228e-07	1.6068948917953736	0.015364479287072113
4.78385996120386e-07	1.60688800692923	0.015359461273145534
4.784351733764668e-07	1.6068811213553338	0.015354442743375772
4.784843556878848e-07	1.6068742350736125	0.015349423697709794
4.785335430551587e-07	1.6068673480839937	0.015344404136094676
4.7858273547881e-07	1.6068604603864036	0.015339384058477177
4.786319329593578e-07	1.6068535719807704	0.015334363464804348
4.78681135497322e-07	1.6068466828670207	0.015329342355023126
4.787303430932221e-07	1.6068397930450822	0.015324320729080486
4.787795557475784e-07	1.606832902514882	0.015319298586923345
4.788287734609096e-07	1.606826011276347	0.015314275928498752
4.788779962337381e-07	1.6068191193294048	0.015309252753753421
4.789272240665828e-07	1.606812226673982	0.01530422906263438
4.789764569599637e-07	1.6068053333100063	0.01529920485508856
4.790256949144014e-07	1.6067984392374046	0.015294180131062849
4.79074937930416e-07	1.6067915444561038	0.01528915489050417
4.791241860085267e-07	1.606784648966032	0.01528412913335952
4.79173439149256e-07	1.6067777527671152	0.015279102859575597
4.792226973531233e-07	1.6067708558592813	0.015274076069099383
4.79271960620649e-07	1.6067639582424569	0.015269048761877783
4.793212289523538e-07	1.6067570599165695	0.015264020937857658
4.793705023487583e-07	1.6067501608815462	0.01525899259698588
4.794197808103818e-07	1.606743261137314	0.015253963739209439
4.794690643377474e-07	1.6067363606837999	0.015248934364474971
4.795183529313747e-07	1.606729459520931	0.015243904472729455
4.795676465917844e-07	1.6067225576486344	0.015238874063919732
4.796169453194975e-07	1.6067156550668373	0.015233843137992649
4.796662491150349e-07	1.6067087517754668	0.015228811694895051
4.797155579789175e-07	1.60670184777445	0.015223779734573773
4.797648719116654e-07	1.6066949430637134	0.015218747256975742
4.798141909138015e-07	1.6066880376431842	0.015213714262047586
4.798635149858461e-07	1.6066811315127902	0.015208680749736223
4.799128441283203e-07	1.606674224672458	0.01520364671998848
4.799621783417454e-07	1.606667317122114	0.015198612172751133
4.800115176266425e-07	1.6066604088616863	0.01519357710797102
4.800608619835322e-07	1.606653499891101	0.015188541525595022
4.801102114129377e-07	1.6066465902102853	0.015183505425569725
4.801595659153795e-07	1.6066396798191664	0.015178468807842028
4.802089254913791e-07	1.6066327687176711	0.015173431672358711
4.802582901414581e-07	1.6066258569057268	0.015168394019066545
4.80307659866138e-07	1.6066189443832601	0.015163355847912303
4.803570346659396e-07	1.606612031150198	0.01515831715884284
4.804064145413866e-07	1.6066051172064673	0.015153277951804723
4.804557994929996e-07	1.606598202551995	0.015148238226744808
4.805051895213006e-07	1.6065912871867083	0.01514319798360984
4.805545846268113e-07	1.6065843711105339	0.015138157222346571
4.806039848100538e-07	1.6065774543233988	0.015133115942901725
4.80653390071549e-07	1.60657053682523	0.015128074145222135
4.80702800411821e-07	1.6065636186159542	0.015123031829254332
4.807522158313907e-07	1.6065566996954985	0.015117988994945146
4.808016363307805e-07	1.6065497800637896	0.015112945642241273
4.808510619105124e-07	1.6065428597207545	0.015107901771089435
4.809004925711088e-07	1.60653593866632	0.015102857381436333
4.80949928313091e-07	1.6065290169004132	0.01509781247322876
4.809993691369832e-07	1.6065220944229608	0.015092767046413224
4.810488150433069e-07	1.6065151712338896	0.015087721100936508
4.810982660325846e-07	1.6065082473331262	0.015082674636745279
4.811477221053388e-07	1.606501322720598	0.01507762765378624
4.81197183262092e-07	1.6064943973962313	0.015072580152006042
4.812466495033659e-07	1.6064874713599537	0.015067532131351466
4.812961208296851e-07	1.6064805446116912	0.015062483591768965
4.813455972415715e-07	1.6064736171513712	0.015057434533205287
4.813950787395478e-07	1.6064666889789196	0.015052384955607089
4.814445653241368e-07	1.6064597600942643	0.015047334858921024
4.814940569958614e-07	1.6064528304973313	0.015042284243093715
4.815435537552437e-07	1.6064459001880482	0.015037233108071896
4.815930556028084e-07	1.6064389691663408	0.015032181453802005
4.816425625390778e-07	1.6064320374321364	0.015027129280230766
4.81692074564575e-07	1.6064251049853615	0.015022076587304777
4.81741591679823e-07	1.6064181718259432	0.015017023374970677
4.817911138853452e-07	1.6064112379538082	0.015011969643175041
4.818406411816648e-07	1.6064043033688828	0.015006915391864498
4.818901735693041e-07	1.6063973680710941	0.01500186062098572
4.819397110487884e-07	1.606390432060369	0.014996805330485117
4.819892536206404e-07	1.6063834953366338	0.014991749520309346
4.820388012853833e-07	1.6063765578998153	0.01498669319040501
4.820883540435408e-07	1.60636961974984	0.014981636340718675
4.821379118956364e-07	1.6063626808866351	0.014976578971196901
4.821874748421929e-07	1.6063557413101273	0.014971521081786357
4.822370428837359e-07	1.6063488010202425	0.014966462672433394
4.822866160207881e-07	1.606341860016908	0.014961403743084668
4.823361942538734e-07	1.6063349183000506	0.014956344293686717
4.823857775835155e-07	1.6063279758695963	0.0149512843241861
4.824353660102386e-07	1.606321032725472	0.014946223834529322
4.824849595345655e-07	1.606314088867605	0.014941162824663037
4.825345581570222e-07	1.6063071442959211	0.014936101294533558
4.825841618781318e-07	1.6063001990103472	0.014931039244087495
4.826337706984185e-07	1.6062932530108096	0.014925976673271377
4.826833846184065e-07	1.606286306297236	0.014920913582031696
4.827330036386199e-07	1.6062793588695514	0.014915849970314967
4.827826277595821e-07	1.6062724107276838	0.014910785838067772
4.828322569818195e-07	1.6062654618715588	0.014905721185236412
4.828818913058554e-07	1.6062585123011033	0.014900656011767464
4.829315307322142e-07	1.606251562016244	0.01489559031760741
4.829811752614205e-07	1.6062446110169075	0.014890524102702737
4.830308248939989e-07	1.6062376593030205	0.014885457366999897
4.83080479630473e-07	1.6062307068745092	0.014880390110445453
4.831301394713694e-07	1.6062237537313	0.014875322332985667
4.831798044172119e-07	1.6062167998733194	0.014870254034567093
4.832294744685252e-07	1.6062098453004947	0.014865185215136176
4.832791496258343e-07	1.6062028900127516	0.014860115874639352
4.83328829889664e-07	1.606195934010017	0.014855046013023055
4.833785152605391e-07	1.6061889772922173	0.014849975630233728
4.834282057389837e-07	1.606182019859279	0.014844904726217894
4.834779013255249e-07	1.6061750617111288	0.01483983330092175
4.835276020206867e-07	1.6061681028476926	0.014834761354291834
4.835773078249945e-07	1.6061611432688974	0.014829688886274535
4.836270187389732e-07	1.6061541829746695	0.014824615896816268
4.836767347631482e-07	1.6061472219649353	0.01481954238586343
4.837264558980439e-07	1.6061402602396213	0.014814468353362507
4.837761821441875e-07	1.606133297798654	0.014809393799259687
4.838259135021036e-07	1.6061263346419599	0.014804318723501447
4.838756499723175e-07	1.606119370769465	0.014799243126034168
4.839253915553549e-07	1.606112406181096	0.014794167006804214
4.839751382517412e-07	1.6061054408767794	0.01478909036575795
4.840248900620013e-07	1.6060984748564415	0.014784013202841832
4.840746469866628e-07	1.606091508120009	0.014778935518002011
4.841244090262504e-07	1.6060845406674078	0.014773857311184944
4.841741761812898e-07	1.6060775724985645	0.01476877858233697
4.842239484523071e-07	1.6060706036134051	0.014763699331404409
4.84273725839828e-07	1.6060636340118566	0.014758619558333621
4.843235083443778e-07	1.6060566636938451	0.014753539263070995
4.84373295966484e-07	1.606049692659297	0.014748458445562683
4.844230887066721e-07	1.6060427209081385	0.014743377105755084
4.844728865654681e-07	1.6060357484402958	0.014738295243594511
4.845226895433981e-07	1.6060287752556957	0.014733212859027262
4.845724976409884e-07	1.606021801354264	0.014728129951999642
4.846223108587645e-07	1.6060148267359273	0.014723046522458025
4.846721291972544e-07	1.606007851400612	0.01471796257034852
4.847219526569836e-07	1.6060008753482442	0.014712878095617499
4.847717812384788e-07	1.6059938985787503	0.01470779309821123
4.848216149422661e-07	1.6059869210920565	0.014702707578076001
4.848714537688724e-07	1.6059799428880885	0.01469762153515806
4.849212977188242e-07	1.605972963966774	0.014692534969403658
4.849711467926471e-07	1.605965984328038	0.014687447880759178
4.850210009908699e-07	1.6059590039718075	0.014682360269170653
4.850708603140185e-07	1.6059520228980078	0.014677272134584404
4.851207247626195e-07	1.605945041106566	0.014672183476946704
4.851705943371999e-07	1.6059380585974083	0.014667094296203763
4.852204690382866e-07	1.6059310753704605	0.014662004592301813
4.852703488664057e-07	1.6059240914256492	0.014656914365187165
4.853202338220861e-07	1.6059171067629003	0.014651823614805853
4.853701239058541e-07	1.6059101213821398	0.014646732341104161
4.854200191182366e-07	1.6059031352832949	0.014641640544028315
4.854699194597611e-07	1.6058961484662904	0.014636548223524493
4.855198249309546e-07	1.6058891609310533	0.014631455379538909
4.855697355323437e-07	1.6058821726775099	0.014626362012017832
4.856196512644575e-07	1.6058751837055858	0.014621268120907246
4.856695721278226e-07	1.6058681940152075	0.014616173706153441
4.857194981229664e-07	1.6058612036063011	0.014611078767702575
4.857694292504164e-07	1.6058542124787927	0.014605983305500817
4.858193655107004e-07	1.6058472206326084	0.014600887319494316
4.858693069043449e-07	1.6058402280676745	0.01459579080962934
4.859192534318796e-07	1.6058332347839168	0.014590693775851832
4.859692050938312e-07	1.6058262407812618	0.014585596218108034
4.860191618907276e-07	1.605819246059635	0.01458049813634409
4.860691238230966e-07	1.6058122506189632	0.014575399530506121
4.861190908914663e-07	1.605805254459172	0.014570300400540252
4.861690630963635e-07	1.6057982575801877	0.014565200746392712
4.862190404383181e-07	1.6057912599819362	0.01456010056800942
4.862690229178575e-07	1.6057842616643438	0.014554999865336567
4.863190105355095e-07	1.6057772626273363	0.01454989863832028
4.863690032918025e-07	1.60577026287084	0.01454479688690664
4.864190011872648e-07	1.6057632623947808	0.014539694611041747
4.864690042224246e-07	1.6057562611990843	0.01453459181067168
4.865190123978092e-07	1.6057492592836775	0.01452948848574264
4.86569025713949e-07	1.6057422566484856	0.014524384636200486
4.866190441713717e-07	1.6057352532934348	0.01451928026199139
4.866690677706055e-07	1.6057282492184513	0.014514175363061417
4.867190965121792e-07	1.6057212444234608	0.014509069939356637
4.867691303966202e-07	1.6057142389083898	0.014503963990823203
4.868191694244593e-07	1.6057072326731638	0.014498857517406951
4.868692135962243e-07	1.6057002257177087	0.014493750519054032
4.869192629124439e-07	1.6056932180419505	0.014488642995710484
4.869693173736471e-07	1.6056862096458158	0.014483534947322326
4.870193769803625e-07	1.6056792005292295	0.01447842637383561
4.870694417331194e-07	1.6056721906921185	0.01447331727519633
4.871195116324454e-07	1.6056651801344082	0.014468207651350627
4.871695866788719e-07	1.6056581688560247	0.014463097502244287
4.872196668729268e-07	1.6056511568568939	0.01445798682782343
4.872697522151394e-07	1.6056441441369416	0.014452875628034044
4.873198427060389e-07	1.6056371306960937	0.014447763902822132
4.873699383461545e-07	1.6056301165342761	0.01444265165213367
4.874200391360146e-07	1.6056231016514153	0.01443753887591476
4.874701450761506e-07	1.605616086047436	0.01443242557411115
4.875202561670909e-07	1.6056090697222647	0.014427311746668928
4.87570372409365e-07	1.605602052675828	0.01442219739353406
4.876204938035023e-07	1.60559503490805	0.014417082514652508
4.876706203500327e-07	1.605588016418858	0.014411967109970215
4.877207520494847e-07	1.6055809972081776	0.014406851179433234
4.877708889023901e-07	1.6055739772759343	0.014401734722987301
4.878210309092774e-07	1.6055669566220543	0.014396617740578477
4.878711780706768e-07	1.6055599352464627	0.014391500232152667
4.879213303871179e-07	1.605552913149086	0.014386382197655815
4.879714878591306e-07	1.6055458903298496	0.014381263637033839
4.880216504872442e-07	1.60553886678868	0.014376144550232745
4.880718182719904e-07	1.605531842525502	0.01437102493719825
4.881219912138985e-07	1.6055248175402421	0.014365904797876354
4.881721693134984e-07	1.6055177918328258	0.01436078413221297
4.882223525713207e-07	1.6055107654031788	0.014355662940153967
4.882725409878953e-07	1.605503738251227	0.014350541221645245
4.883227345637517e-07	1.605496710376896	0.01434541897663279
4.883729332994221e-07	1.6054896817801119	0.01434029620506228
4.884231371954361e-07	1.6054826524607997	0.014335172906879672
4.884733462523242e-07	1.605475622418886	0.014330049082030838
4.885235604706168e-07	1.605468591654296	0.014324924730461638
4.885737798508444e-07	1.6054615601669553	0.01431979985211793
4.886240043935379e-07	1.60545452795679	0.014314674446945553
4.886742340992267e-07	1.6054474950237259	0.014309548514890464
4.887244689684438e-07	1.6054404613676878	0.01430442205589829
4.887747090017188e-07	1.6054334269886024	0.014299295069914971
4.888249541995828e-07	1.6054263918863945	0.014294167556886315
4.888752045625664e-07	1.6054193560609906	0.01428903951675816
4.889254600912008e-07	1.6054123195123158	0.014283910949476316
4.889757207860159e-07	1.6054052822402962	0.014278781854986699
4.890259866475449e-07	1.6053982442448569	0.014273652233234901
4.890762576763178e-07	1.6053912055259238	0.014268522084166829
4.891265338728658e-07	1.6053841660834227	0.014263391407728272
4.891768152377202e-07	1.605377125917279	0.014258260203865013
4.892271017714122e-07	1.6053700850274182	0.014253128472522844
4.892773934744724e-07	1.6053630434137662	0.014247996213647637
4.893276903474338e-07	1.6053560010762487	0.014242863427184956
4.893779923908273e-07	1.6053489580147904	0.014237730113080667
4.894282996051841e-07	1.605341914229318	0.014232596271280538
4.894786119910358e-07	1.6053348697197563	0.014227461901730314
4.89528929548914e-07	1.6053278244860314	0.014222327004375758
4.895792522793496e-07	1.6053207785280685	0.014217191579162694
4.896295801828761e-07	1.6053137318457933	0.014212055626036675
4.896799132600243e-07	1.6053066844391313	0.014206919144943521
4.897302515113263e-07	1.6052996363080079	0.014201782135828952
4.897805949373136e-07	1.605292587452349	0.01419664459863871
4.898309435385184e-07	1.6052855378720796	0.01419150653331849
4.898812973154717e-07	1.6052784875671258	0.014186367939814114
4.899316562687075e-07	1.6052714365374128	0.014181228818071073
4.899820203987568e-07	1.6052643847828658	0.01417608916803518
4.900323897061519e-07	1.6052573323034107	0.014170948989652122
4.900827641914251e-07	1.6052502790989729	0.014165808282867575
4.901331438551086e-07	1.605243225169478	0.014160667047627229
4.901835286977347e-07	1.605236170514851	0.014155525283876761
4.902339187198347e-07	1.605229115135018	0.014150382991561941
4.902843139219432e-07	1.6052220590299036	0.014145240170628237
4.903347143045917e-07	1.6052150021994342	0.014140096821021395
4.903851198683127e-07	1.6052079446435348	0.014134952942687073
4.904355306136387e-07	1.6052008863621305	0.014129808535570932
4.904859465411025e-07	1.6051938273551472	0.014124663599618593
4.905363676512358e-07	1.6051867676225102	0.01411951813477581
4.905867939445732e-07	1.605179707164145	0.014114372140988016
4.906372254216468e-07	1.6051726459799764	0.014109225618200914
4.906876620829894e-07	1.6051655840699308	0.014104078566360135
4.907381039291337e-07	1.6051585214339323	0.01409893098541131
4.90788550960613e-07	1.6051514580719077	0.014093782875300026
4.908390031779591e-07	1.6051443939837813	0.014088634235971995
4.908894605817073e-07	1.6051373291694786	0.01408348506737261
4.909399231723896e-07	1.6051302636289257	0.014078335369447567
4.909903909505393e-07	1.605123197362047	0.014073185142142453
4.910408639166897e-07	1.6051161303687684	0.014068034385402842
4.910913420713739e-07	1.6051090626490148	0.014062883099174318
4.911418254151245e-07	1.6051019942027125	0.014057731283402547
4.911923139484769e-07	1.6050949250297855	0.014052578938032885
4.912428076719635e-07	1.6050878551301597	0.014047426063011
4.912933065861178e-07	1.6050807845037607	0.014042272658282449
4.913438106914736e-07	1.605073713150513	0.014037118723792756
4.913943199885643e-07	1.6050666410703427	0.014031964259487488
4.914448344779227e-07	1.6050595682631748	0.014026809265312273
4.914953541600846e-07	1.6050524947289344	0.014021653741212439
4.915458790355828e-07	1.6050454204675468	0.014016497687133613
4.915964091049511e-07	1.6050383454789376	0.014011341103021307
4.916469443687234e-07	1.6050312697630316	0.014006183988821044
4.916974848274338e-07	1.6050241933197542	0.01400102634447832
4.917480304816163e-07	1.6050171161490305	0.013995868169938652
4.917985813318039e-07	1.6050100382507861	0.013990709465147633
4.918491373785328e-07	1.605002959624946	0.013985550230050544
4.918996986223362e-07	1.604995880271435	0.013980390464592976
4.919502650637484e-07	1.6049888001901789	0.013975230168720418
4.920008367033035e-07	1.6049817193811025	0.013970069342378332
4.920514135415361e-07	1.6049746378441312	0.013964907985512191
4.921019955789795e-07	1.6049675555791902	0.01395974609806756
4.921525828161702e-07	1.6049604725862046	0.013954583679989689
4.922031752536417e-07	1.6049533888650993	0.013949420731224139
4.922537728919286e-07	1.6049463044157997	0.013944257251716347
4.923043757315655e-07	1.604939219238231	0.013939093241411762
4.923549837730873e-07	1.6049321333323183	0.013933928700255806
4.924055970170274e-07	1.6049250466979867	0.013928763628194035
4.924562154639227e-07	1.6049179593351612	0.013923598025171652
4.925068391143073e-07	1.6049108712437672	0.013918431891134172
4.925574679687158e-07	1.604903782423729	0.013913265226027018
4.926081020276834e-07	1.604896692874973	0.013908098029795594
4.926587412917448e-07	1.6048896025974235	0.013902930302385312
4.927093857614345e-07	1.6048825115910057	0.013897762043741648
4.927600354372894e-07	1.6048754198556443	0.013892593253809793
4.928106903198436e-07	1.6048683273912652	0.013887423932535255
4.928613504096325e-07	1.6048612341977928	0.013882254079863385
4.929120157071913e-07	1.6048541402751522	0.013877083695739569
4.929626862130554e-07	1.6048470456232684	0.013871912780109182
4.930133619277592e-07	1.604839950242067	0.013866741332917681
4.930640428518402e-07	1.6048328541314725	0.01386156935411021
4.931147289858328e-07	1.60482575729141	0.01385639684363223
4.931654203302727e-07	1.6048186597218046	0.013851223801429087
4.932161168856954e-07	1.6048115614225815	0.013846050227446127
4.932668186526366e-07	1.6048044623936653	0.013840876121628671
4.933175256316311e-07	1.6047973626349812	0.013835701483922153
4.933682378232167e-07	1.604790262146454	0.013830526314271696
4.934189552279283e-07	1.604783160928009	0.01382535061262271
4.934696778463016e-07	1.6047760589795708	0.013820174378920518
4.935204056788727e-07	1.6047689563010645	0.013814997613110417
4.935711387261775e-07	1.604761852892415	0.013809820315137722
4.936218769887513e-07	1.6047547487535478	0.013804642484947803
4.936726204671319e-07	1.604747643884387	0.01379946412248577
4.937233691618548e-07	1.604740538284858	0.013794285227696993
4.93774123073456e-07	1.6047334319548856	0.013789105800526759
4.938248822024718e-07	1.6047263248943946	0.013783925840920341
4.938756465494386e-07	1.6047192171033102	0.013778745348822997
4.939264161148929e-07	1.6047121085815572	0.01377356432417999
4.9397719089937e-07	1.6047049993290603	0.013768382766936683
4.940279709034084e-07	1.6046978893457446	0.013763200677038118
4.940787561275437e-07	1.6046907786315345	0.013758018054429647
4.941295465723126e-07	1.6046836671863556	0.013752834899056486
4.941803422382516e-07	1.604676555010132	0.013747651210863897
4.942311431258976e-07	1.6046694421027896	0.013742466989797092
4.942819492357864e-07	1.6046623284642523	0.013737282235801396
4.943327605684566e-07	1.6046552140944448	0.013732096948821819
4.943835771244444e-07	1.6046466180634231	0.01372691112880367
4.944343989042865e-07	1.6046339588264213	0.013721724775692171
4.9448522590852e-07	1.604621298288072	0.013716537889432502
4.94536058137682e-07	1.604608636448241	0.013711350469969864
4.945868955923085e-07	1.604595973306795	0.013706162517249541
4.946377382729388e-07	1.6045833088635992	0.013700974031216524
4.946885861801091e-07	1.6045706431185207	0.013695785011816073
4.947394393143565e-07	1.6045579760714257	0.013690595458993378
4.947902976762186e-07	1.6045453077221798	0.013685405372693592
4.948411612662325e-07	1.6045326380706495	0.01368021475286188
4.94892030084935e-07	1.6045199671167012	0.013675023599443493
4.949429041328653e-07	1.6045072948602004	0.01366983191238338
4.949937834105601e-07	1.6044946213010134	0.013664639691626781
4.950446679185569e-07	1.604481946439006	0.01365944693711884
4.950955576573935e-07	1.6044692702740453	0.01365425364880468
4.951464526276076e-07	1.6044565928059964	0.013649059826629428
4.951973528297359e-07	1.6044439140347257	0.013643865470538311
4.952482582643183e-07	1.604431233960099	0.013638670580476228
4.952991689318917e-07	1.6044185525819825	0.013633475156388401
4.953500848329938e-07	1.6044058699002424	0.01362827919821994
4.95401005968163e-07	1.6043931859147444	0.013623082705915925
4.954519323379371e-07	1.6043805006253544	0.013617885679421455
4.955028639428543e-07	1.6043678140319384	0.013612688118681616
4.955538007834516e-07	1.604355126134363	0.013607490023641602
4.956047428602694e-07	1.6043424369324932	0.013602291394246258
4.95655690173845e-07	1.6043297464261952	0.013597092230440772
4.957066427247166e-07	1.6043170546153351	0.013591892532170214
4.957576005134226e-07	1.6043043614997787	0.013586692299379626
4.958085635405015e-07	1.6042916670793919	0.01358149153201407
4.958595318064907e-07	1.6042789713540409	0.013576290230018696
4.959105053119309e-07	1.604266274323591	0.013571088393338334
4.959614840573595e-07	1.6042535759879082	0.013565886021918131
4.960124680433155e-07	1.6042408763468583	0.013560683115703097
4.960634572703372e-07	1.6042281754003072	0.013555479674638281
4.961144517389637e-07	1.6042154731481209	0.013550275698668682
4.961654514497326e-07	1.6042027695901648	0.013545071187739437
4.96216456403185e-07	1.6041900647263048	0.013539866141795318
4.962674665998587e-07	1.6041773585564065	0.013534660560781448
4.963184820402927e-07	1.6041646510803362	0.013529454444642831
4.96369502725026e-07	1.604151942297959	0.013524247793324435
4.964205286545979e-07	1.6041392322091408	0.013519040606771254
4.964715598295464e-07	1.6041265208137476	0.013513832884928377
4.965225962504127e-07	1.604113808111645	0.01350862462774056
4.965736379177352e-07	1.6041010941026985	0.013503415835152877
4.966246848320531e-07	1.6040883787867732	0.013498206507110304
4.966757369939058e-07	1.6040756621637358	0.013492996643557775
4.967267944038328e-07	1.6040629442334513	0.01348778624444025
4.967778570623726e-07	1.604050224995786	0.013482575309702776
4.968289249700668e-07	1.6040375044506043	0.013477363839290084
4.968799981274537e-07	1.6040247825977727	0.013472151833147223
4.969310765350733e-07	1.6040120594371567	0.013466939291219107
4.969821601934651e-07	1.6039993349686217	0.013461726213450665
4.970332491031691e-07	1.603986609192033	0.0134565125997868
4.970843432647248e-07	1.6039738821072564	0.013451298450172454
4.971354426786714e-07	1.6039611537141578	0.013446083764552606
4.971865473455507e-07	1.603948424012602	0.013440868542871956
4.972376572659016e-07	1.603935693002455	0.013435652785075506
4.972887724402643e-07	1.603922960683582	0.013430436491108137
4.97339892869179e-07	1.6039102270558485	0.013425219660914731
4.973910185531855e-07	1.60389749211912	0.01342000229444019
4.974421494928233e-07	1.6038847558732623	0.01341478439162946
4.974932856886346e-07	1.60387201831814	0.013409565952427198
4.975444271411587e-07	1.6038592794536193	0.013404346976778388
4.975955738509359e-07	1.6038465392795653	0.01339912746462788
4.976467258185069e-07	1.603833797795843	0.013393907415920506
4.976978830444119e-07	1.6038210550023184	0.013388686830601126
4.977490455291906e-07	1.6038083108988568	0.013383465708614678
4.978002132733856e-07	1.6037955654853229	0.013378244049905777
4.978513862775366e-07	1.6037828187615826	0.01337302185441935
4.979025645421841e-07	1.603770070727501	0.013367799122100238
4.979537480678691e-07	1.6037573213829435	0.013362575852893237
4.980049368551323e-07	1.6037445707277753	0.013357352046743168
4.980561309045137e-07	1.603731818761862	0.013352127703594924
4.981073302165561e-07	1.6037190654850686	0.013346902823393111
4.981585347917996e-07	1.60370631089726	0.01334167740608261
4.982097446307852e-07	1.6036935549983018	0.01333645145160822
4.98260959734054e-07	1.603680797788059	0.013331224959914706
4.983121801021471e-07	1.6036680392663973	0.013325997930946866
4.983634057356048e-07	1.6036552794331818	0.01332077036464955
4.984146366349704e-07	1.603642518288277	0.013315542260967317
4.984658728007842e-07	1.6036297558315484	0.013310313619845044
4.985171142335876e-07	1.6036169920628613	0.01330508444122746
4.985683609339219e-07	1.603604226982081	0.013299854725059332
4.986196129023286e-07	1.603591460589072	0.013294624471285404
4.986708701393495e-07	1.6035786928837001	0.013289393679850386
4.98722132645525e-07	1.6035659238658304	0.01328416235069913
4.987734004213987e-07	1.6035531535353271	0.013278930483776152
4.988246734675116e-07	1.6035403818920562	0.013273698079026262
4.988759517844052e-07	1.603527608935882	0.013268465136394179
4.989272353726215e-07	1.60351483466667	0.013263231655824619
4.989785242327021e-07	1.6035020590842854	0.013257997637262275
4.990298183651883e-07	1.603489282188593	0.01325276308065194
4.990811177706239e-07	1.6034765039794578	0.013247527985938097
4.991324224495499e-07	1.603463724456744	0.013242292353065552
4.991837324025087e-07	1.603450943620318	0.013237056181978952
4.992350476300421e-07	1.6034381614700437	0.013231819472623
4.992863681326924e-07	1.6034253780057863	0.01322658222494235
4.993376939110011e-07	1.6034125932274115	0.013221344438881757
4.993890249655122e-07	1.6033998071347828	0.013216106114385685
4.994403612967674e-07	1.6033870197277662	0.013210867251398875
4.994917029053089e-07	1.6033742310062258	0.013205627849865988
4.995430497916794e-07	1.603361440970027	0.013200387909731645
4.995944019564213e-07	1.6033486496190346	0.01319514743094048
4.996457594000761e-07	1.6033358569531135	0.013189906413437242
4.996971221231888e-07	1.6033230629721285	0.013184664857166326
4.997484901263009e-07	1.6033102676759439	0.013179422762072455
4.997998634099552e-07	1.6032974710644248	0.01317418012810024
4.998512419746945e-07	1.6032846731374364	0.013168936955194286
4.999026258210617e-07	1.603271873894843	0.013163693243299196
4.999540149495987e-07	1.6032590733365097	0.01315844899235967
5.000054093608508e-07	1.603246271462301	0.013153204202320062
5.000568090553596e-07	1.6032334682720817	0.013147958873125084
5.001082140336685e-07	1.6032206637657163	0.013142713004719307
5.001596242963207e-07	1.6032078579430697	0.013138078634819958
5.002110398438591e-07	1.6031950508040067	0.01313374053682944
5.002624606768263e-07	1.6031822423483924	0.013129401992890002
5.003138867957675e-07	1.6031694325760903	0.013125063002955642
5.003653182012252e-07	1.6031566214869657	0.013120723566980593
5.004167548937427e-07	1.6031438090808834	0.013116383684918995
5.004681968738636e-07	1.603130995357708	0.013112043356725
5.005196441421313e-07	1.6031181803173036	0.01310770258235276
5.005710966990886e-07	1.6031053639595352	0.01310336136175647
5.006225545452812e-07	1.6030925462842676	0.01309901969489009
5.006740176812516e-07	1.6030797272913648	0.01309467758170785
5.007254861075437e-07	1.6030669069806915	0.013090335022163849
5.007769598247013e-07	1.6030540853521125	0.013085992016212215
5.008284388332684e-07	1.6030412624054922	0.01308164856380705
5.008799231337889e-07	1.603028438140695	0.01307730466490246
5.009314127268057e-07	1.6030156125575856	0.013072960319452641
5.00982907612865e-07	1.6030027856560283	0.013068615527411506
5.010344077925098e-07	1.6029899574358875	0.013064270288733233
5.010859132662844e-07	1.6029771278970277	0.01305992460337191
5.011374240347329e-07	1.6029642970393139	0.013055578471281625
5.011889400983997e-07	1.6029514648626098	0.013051231892416443
5.01240461457828e-07	1.6029386313667802	0.013046884866730538
5.012919881135643e-07	1.6029257965516888	0.013042537394177791
5.01343520066152e-07	1.6029129604172008	0.013038189474712362
5.013950573161356e-07	1.6029001229631805	0.013033841108288301
5.014465998640597e-07	1.6028872841894917	0.013029492294859668
5.01498147710469e-07	1.6028744440959994	0.0130251430343805
5.015497008559071e-07	1.6028616026825675	0.013020793326804938
5.016012593009206e-07	1.6028487599490604	0.013016443172086849
5.016528230460535e-07	1.6028359158953425	0.013012092570180352
5.017043920918505e-07	1.602823070521278	0.013007741521039472
5.017559664388565e-07	1.6028102238267312	0.013003390024618245
5.018075460876166e-07	1.6027973758115661	0.012999038080870674
5.018591310386747e-07	1.6027845264756473	0.012994685689750875
5.019107212925778e-07	1.602771675818839	0.012990332851212684
5.019623168498702e-07	1.6027588238410053	0.01298597956521019
5.02013917711097e-07	1.6027459705420104	0.012981625831697395
5.020655238768033e-07	1.6027331159217186	0.012977271650628302
5.021171353475346e-07	1.6027202599799937	0.012972917021956893
5.021687521238351e-07	1.6027074027167008	0.012968561945637247
5.022203742062524e-07	1.6026945441317029	0.012964206421623173
5.022720015953307e-07	1.6026816842248643	0.012959850449868736
5.023236342916156e-07	1.60266882299605	0.012955494030327915
5.023752722956528e-07	1.6026559604451234	0.012951137162954663
5.024269156079877e-07	1.6026430965719485	0.012946779847702958
5.024785642291663e-07	1.6026302313763896	0.01294242208452675
5.02530218159733e-07	1.602617364858311	0.012938063873380085
5.025818774002358e-07	1.6026044970175766	0.012933705214216737
5.026335419512196e-07	1.6025916278540502	0.012929346106990739
5.026852118132302e-07	1.6025787573675958	0.012924986551656022
5.027368869868135e-07	1.6025658855580778	0.012920626548166534
5.027885674725156e-07	1.6025530124253597	0.012916266096476203
5.028402532708817e-07	1.602540137969306	0.012911905196539035
5.028919443824597e-07	1.6025272621897806	0.012907543848308781
5.029436408077949e-07	1.6025143850866468	0.012903182051739449
5.029953425474336e-07	1.6025015066597694	0.012898819806784936
5.03047049601922e-07	1.6024886269090115	0.012894457113399165
5.030987619718066e-07	1.6024757458342374	0.01289009397153603
5.031504796576326e-07	1.6024628634353115	0.012885730381149514
5.032022026599486e-07	1.6024499797120968	0.012881366342193345
5.032539309793002e-07	1.6024370946644577	0.012877001854621485
5.033056646162337e-07	1.6024242082922577	0.012872636918387833
5.033574035712962e-07	1.602411320595361	0.012868271533446246
5.03409147845034e-07	1.602398431573631	0.01286390569975061
5.03460897437993e-07	1.6023855412269323	0.012859539417254883
5.035126523507219e-07	1.6023726495551278	0.012855172685912753
5.035644125837666e-07	1.6023597565580818	0.012850805505678173
5.036161781376743e-07	1.602346862235658	0.012846437876504978
5.036679490129916e-07	1.6023339665877199	0.01284206979834703
5.037197252102657e-07	1.6023210696141315	0.012837701271158181
5.037715067300426e-07	1.6023081713147564	0.012833332294892351
5.038232935728716e-07	1.6022952716894583	0.012828962869503193
5.038750857392987e-07	1.602282370738101	0.01282459299494465
5.039268832298714e-07	1.602269468460548	0.012820222671170521
5.039786860451368e-07	1.6022565648566633	0.012815851898134637
5.040304941856423e-07	1.6022436599263103	0.012811480675790824
5.040823076519355e-07	1.6022307536693525	0.012807109004092881
5.041341264445627e-07	1.6022178460856542	0.012802736882994705
5.041859505640735e-07	1.6022049371750782	0.012798364312449928
5.042377800110144e-07	1.6021920269374883	0.01279399129241244
5.042896147859332e-07	1.6021791153727483	0.012789617822836026
5.043414548893775e-07	1.602166202480722	0.012785243903674475
5.043933003218952e-07	1.6021532882612721	0.012780869534881565
5.04445151084033e-07	1.6021403727142633	0.012776494716411173
5.044970071763408e-07	1.6021274558395584	0.012772119448216889
5.045488685993654e-07	1.602114537637021	0.012767743730252584
5.046007353536551e-07	1.6021016181065142	0.012763367562471997
5.046526074397577e-07	1.6020886972479023	0.01275899094482891
5.047044848582214e-07	1.6020757750610484	0.012754613877277077
5.047563676095932e-07	1.6020628515458162	0.012750236359770325
5.048082556944236e-07	1.6020499267020685	0.012745858392262232
5.048601491132596e-07	1.6020370005296691	0.012741479974706616
5.049120478666497e-07	1.6020240730284816	0.012737101107057223
5.049639519551422e-07	1.6020111441983693	0.01273272178926778
5.050158613792857e-07	1.6019982140391955	0.01272834202129201
5.050677761396273e-07	1.6019852825508238	0.012723961803083739
5.05119696236718e-07	1.601972349733117	0.012719581134596482
5.051716216711051e-07	1.601959415585939	0.012715200015784066
5.052235524433374e-07	1.601946480109153	0.012710818446600181
5.052754885539637e-07	1.601933543302622	0.01270643642699853
5.053274300035326e-07	1.60192060516621	0.012702053956932816
5.053793767925919e-07	1.6019076656997797	0.012697671036356823
5.054313289216928e-07	1.6018947249031945	0.012693287665224056
5.05483286391383e-07	1.6018817827763177	0.012688903843488282
5.055352492022115e-07	1.6018688393190126	0.012684519571103203
5.055872173547274e-07	1.6018558945311425	0.012680134848022469
5.0563919084948e-07	1.6018429484125702	0.012675749674199753
5.056911696870171e-07	1.6018300009631599	0.012671364049588818
5.057431538678902e-07	1.6018170521827735	0.012666977974143144
5.057951433926476e-07	1.601804102071275	0.012662591447816465
5.058471382618384e-07	1.6017911506285274	0.01265820447056245
5.058991384760123e-07	1.6017781978543935	0.012653817042334719
5.059511440357186e-07	1.601765243748737	0.012649429163086937
5.060031549415057e-07	1.6017522883114208	0.012645040832772812
5.060551711939255e-07	1.6017393315423076	0.012640652051345801
5.061071927935262e-07	1.6017263734412612	0.012636262818759627
5.061592197408578e-07	1.6017134140081444	0.01263187313496791
5.0621125203647e-07	1.6017004532428198	0.01262748299992425
5.062632896809125e-07	1.601687491145151	0.012623092413582284
5.063153326747351e-07	1.601674527715001	0.01261870137589561
5.063673810184868e-07	1.601661562952233	0.012614309886817908
5.064194347127196e-07	1.6016485968567096	0.012609917946302611
5.064714937579824e-07	1.6016356294282936	0.012605525554303398
5.065235581548255e-07	1.6016226606668487	0.012601132710773849
5.065756279037988e-07	1.601609690572237	0.01259673941566756
5.066277030054525e-07	1.6015967191443221	0.01259234566893811
5.06679783460336e-07	1.6015837463829672	0.012587951470539142
5.067318692690015e-07	1.6015707722880346	0.012583556820424073
5.067839604319984e-07	1.601557796859387	0.012579161718546545
5.068360569498771e-07	1.601544820096888	0.012574766164860106
5.06888158823188e-07	1.6015318420003999	0.012570370159318337
5.069402660524818e-07	1.601518862569786	0.012565973701874766
5.069923786383079e-07	1.6015058818049093	0.01256157679248303
5.07044496581219e-07	1.601492899705632	0.012557179431096506
5.070966198817649e-07	1.6014799162718174	0.0125527816176688
5.071487485404963e-07	1.601466931503328	0.012548383352153457
5.07200882557964e-07	1.6014539454000267	0.012543984634503989
5.072530219347188e-07	1.6014409579617768	0.012539585464673934
5.073051666713107e-07	1.6014279691884403	0.01253518584261689
5.073573167682926e-07	1.6014149790798804	0.01253078576828619
5.074094722262147e-07	1.6014019876359598	0.01252638524163543
5.07461633045628e-07	1.601388994856541	0.012521984262618111
5.075137992270837e-07	1.6013760007414868	0.012517582831187733
5.075659707711329e-07	1.60136300529066	0.012513180947297791
5.076181476783259e-07	1.6013500085039234	0.012508778610901857
5.076703299492161e-07	1.6013370103811395	0.012504375821953236
5.077225175843538e-07	1.601324010922171	0.012499972580405505
5.077747105842905e-07	1.6013110101268804	0.012495568886212123
5.078269089495776e-07	1.6012980079951302	0.012491164739326573
5.078791126807668e-07	1.6012850045267835	0.012486760139702307
5.079313217784096e-07	1.6012719997217026	0.012482355087292792
5.079835362430566e-07	1.6012589935797508	0.012477949582051565
5.080357560752616e-07	1.601245986100789	0.012473543623931906
5.080879812755755e-07	1.6012329772846816	0.012469137212887334
5.081402118445498e-07	1.6012199671312897	0.012464730348871318
5.081924477827368e-07	1.6012069556404764	0.012460323031837256
5.082446890906881e-07	1.601193942812105	0.012455915261738608
5.082969357689548e-07	1.6011809286460368	0.012451507038528877
5.083491878180911e-07	1.6011679131421348	0.012447098362161301
5.08401445238648e-07	1.6011548963002613	0.012442689232589397
5.084537080311777e-07	1.601141878120279	0.012438279649766565
5.085059761962323e-07	1.6011288586020505	0.01243386961364623
5.085582497343643e-07	1.6011158377454375	0.012429459124181773
5.086105286461249e-07	1.601102815550303	0.012425048181326679
5.086628129320686e-07	1.6010897920165093	0.012420636785034184
5.087151025927468e-07	1.601076767143919	0.012416224935257741
5.08767397628712e-07	1.6010637409323938	0.01241181263195075
5.088196980405168e-07	1.6010507133817968	0.012407399875066585
5.088720038287138e-07	1.6010376844919898	0.012402986664558606
5.089243149938547e-07	1.6010246542628357	0.012398573000380284
5.089766315364942e-07	1.6010147808557507	0.012394158882484806
5.090289534571841e-07	1.601006661225191	0.012389744310825615
5.090812807564774e-07	1.6009985407599472	0.012385329285356062
5.091336134349268e-07	1.6009904194599334	0.012380913806029497
5.091859514930855e-07	1.6009822973250643	0.012376497872799262
5.092382949315052e-07	1.6009741743552537	0.012372081485618795
5.092906437507414e-07	1.6009660505504155	0.012367664644441244
5.09342997951346e-07	1.6009579259104643	0.012363247349220025
5.09395357533872e-07	1.6009498004353142	0.012358829599908484
5.09447722498873e-07	1.6009416741248794	0.012354411396459913
5.095000928469022e-07	1.6009335469790733	0.012349992738827646
5.095524685785128e-07	1.6009254189978113	0.012345573626964989
5.096048496942575e-07	1.6009172901810067	0.01234115406082533
5.096572361946915e-07	1.6009091605285732	0.012336734040361806
5.097096280803676e-07	1.6009010300404258	0.01233231356552779
5.097620253518392e-07	1.6008928987164783	0.012327892636276582
5.098144280096601e-07	1.6008847665566446	0.01232347125256146
5.098668360543839e-07	1.6008766335608389	0.01231904941433571
5.099192494865634e-07	1.6008684997289755	0.012314627121552698
5.099716683067543e-07	1.6008603650609678	0.012310204374165532
5.100240925155097e-07	1.6008522295567305	0.012305781172127545
5.100765221133834e-07	1.6008440932161774	0.012301357515392013
5.101289571009295e-07	1.6008359560392222	0.012296933403912183
5.101813974787018e-07	1.6008278180257796	0.012292508837641327
5.102338432472536e-07	1.6008196791757632	0.012288083816532768
5.102862944071412e-07	1.600811539489087	0.012283658340539572
5.103387509589175e-07	1.600803398965665	0.012279232409615074
5.10391212903137e-07	1.600795257605411	0.012274806023712496
5.104436802403539e-07	1.6007871154082394	0.012270379182785085
5.104961529711228e-07	1.6007789723740637	0.012265951886786046
5.105486310959968e-07	1.6007708285027986	0.012261524135668701
5.106011146155328e-07	1.6007626837943574	0.012257095929386083
5.106536035302841e-07	1.600754538248654	0.012252667267891482
5.107060978408054e-07	1.6007463918656029	0.012248238151138117
5.107585975476514e-07	1.6007382446451173	0.012243808579079179
5.108111026513767e-07	1.6007300965871114	0.01223937855166787
5.108636131525353e-07	1.6007219476914996	0.012234948068857457
5.109161290516838e-07	1.6007137979581951	0.012230517130600962
5.109686503493764e-07	1.600705647387112	0.012226085736851652
5.110211770461678e-07	1.6006974959781646	0.012221653887562701
5.110737091426131e-07	1.6006893437312661	0.012217221582687274
5.111262466392675e-07	1.6006811906463305	0.012212788822178543
5.11178789536686e-07	1.6006730367232722	0.012208355605989672
5.112313378354227e-07	1.6006648819620048	0.012203921934073908
5.11283891536035e-07	1.6006567263624416	0.01219948780638422
5.113364506390773e-07	1.6006485699244968	0.012195053222873842
5.113890151451047e-07	1.6006404126480842	0.012190618183495925
5.114415850546729e-07	1.6006322545331177	0.012186182688203599
5.11494160368337e-07	1.6006240955795112	0.012181746736950006
5.115467410866518e-07	1.6006159357871785	0.012177310329688353
5.115993272101749e-07	1.6006077751560328	0.01217287346637159
5.116519187394609e-07	1.6005996136859886	0.012168436146952923
5.117045156750655e-07	1.600591451376959	0.01216399837138546
5.117571180175444e-07	1.6005832882288582	0.012159560139622327
5.118097257674535e-07	1.6005751242416002	0.012155121451616607
5.118623389253476e-07	1.600566959415098	0.012150682307321498
5.119149574917848e-07	1.6005587937492658	0.012146242706689913
5.119675814673198e-07	1.6005506272440173	0.012141802649675041
5.120202108525089e-07	1.6005424598992661	0.012137362136229953
5.12072845647908e-07	1.6005342917149257	0.012132921166307743
5.121254858540734e-07	1.6005261226909102	0.012128479739861472
5.121781314715604e-07	1.6005179528271332	0.012124037856844296
5.12230782500927e-07	1.6005097821235081	0.012119595517209127
5.122834389427288e-07	1.600501610579949	0.01211515272090909
5.123361007975221e-07	1.6004934381963691	0.01211070946789725
5.123887680658634e-07	1.6004852649726822	0.01210626575812665
5.12441440748309e-07	1.6004770909088022	0.012101821591550353
5.124941188454146e-07	1.6004689160046426	0.012097376968121468
5.125468023577389e-07	1.6004607402601168	0.012092931887792868
5.125994912858373e-07	1.6004525636751386	0.012088486350517678
5.126521856302669e-07	1.6004443862496212	0.01208404035624891
5.127048853915843e-07	1.6004362079834789	0.012079593904939588
5.127575905703463e-07	1.6004280288766246	0.012075146996542736
5.128103011671089e-07	1.6004198489289727	0.012070699631011452
5.12863017182431e-07	1.600411668140436	0.012066251808298567
5.129157386168686e-07	1.6004034865109282	0.012061803528357173
5.129684654709789e-07	1.6003953040403631	0.012057354791140264
5.130211977453188e-07	1.6003871207286542	0.01205290559660084
5.130739354404457e-07	1.600378936575715	0.012048455944691883
5.131266785569158e-07	1.600370751581459	0.012044005835366458
5.131794270952884e-07	1.6003625657457996	0.012039555268577383
5.132321810561199e-07	1.6003543790686503	0.012035104244277698
5.132849404399676e-07	1.6003461915499249	0.0120306527624204
5.133377052473891e-07	1.6003380031895365	0.012026200822958428
5.133904754789419e-07	1.600329813987399	0.012021748425844754
5.134432511351835e-07	1.6003216239434253	0.012017295571032326
5.134960322166706e-07	1.6003134330575295	0.012012842258474184
5.13548818723963e-07	1.6003052413296244	0.012008388488123103
5.136016106576174e-07	1.600297048759624	0.012003934259932098
5.136544080181916e-07	1.6002888553474417	0.011999479573854112
5.137072108062435e-07	1.6002806610929905	0.01199502442984207
5.137600190223309e-07	1.600272465996184	0.01199056882784891
5.13812832667011e-07	1.6002642700569358	0.011986112767827621
5.138656517408438e-07	1.6002560732751594	0.011981656249730958
5.139184762443864e-07	1.6002478756507676	0.011977199273511907
5.13971306178197e-07	1.6002396771836742	0.011972741839123382
5.140241415428335e-07	1.6002314778737925	0.011968283946518294
5.140769823388547e-07	1.600223277721036	0.011963825595649517
5.141298285668176e-07	1.600215076725318	0.011959366786470037
5.141826802272826e-07	1.6002068748865517	0.011954907518932582
5.142355373208073e-07	1.6001986722046502	0.0119504477929901
5.142883998479501e-07	1.6001904686795274	0.011945987608595476
5.143412678092697e-07	1.6001822643110963	0.011941526965701584
5.143941412053245e-07	1.6001740590992704	0.011937065864261288
5.144470200366724e-07	1.6001658530439629	0.011932604304227531
5.14499904303874e-07	1.6001576461450866	0.011928142285553011
5.145527940074871e-07	1.6001494384025556	0.01192367980819066
5.146056891480707e-07	1.600141229816283	0.011919216872093323
5.146585897261835e-07	1.6001330203861817	0.011914753477213845
5.147114957423847e-07	1.6001248101121648	0.011910289623505065
5.14764407197232e-07	1.6001165989941462	0.011905825310919908
5.148173240912868e-07	1.600108387032039	0.011901360539411017
5.148702464251072e-07	1.600100174225756	0.011896895308931307
5.149231741992523e-07	1.6000919605752104	0.011892429619433603
5.149761074142813e-07	1.600083746080316	0.011887963470870715
5.150290460707537e-07	1.6000755307409855	0.011883496863195439
5.150819901692287e-07	1.6000673145571325	0.0118790297963606
5.151349397102647e-07	1.60005909752867	0.011874562270319073
5.151878946944234e-07	1.6000508796555108	0.011870094285023475
5.152408551222632e-07	1.6000426609375686	0.011865625840426695
5.152938209943437e-07	1.6000344413747563	0.01186115693648151
5.153467923112247e-07	1.6000262209669873	0.011856687573140692
5.153997690734657e-07	1.6000179997141744	0.011852217750357028
5.154527512816254e-07	1.600009777616231	0.01184774746808338
5.155057389362661e-07	1.60000155467307	0.011843276726272316
5.155587320379462e-07	1.5999933308846044	0.011838805524876709
5.15611730587226e-07	1.599985106250748	0.011834333863849291
5.156647345846652e-07	1.599976880771413	0.011829861743142838
5.15717744030824e-07	1.5999686544465128	0.011825389162710075
5.157707589262617e-07	1.5999604272759609	0.011820916122503834
5.158237792715401e-07	1.59995219925967	0.011816442622476688
5.158768050672188e-07	1.599943970397553	0.011811968662581438
5.159298363138578e-07	1.5999357406895234	0.011807494242770828
5.159828730120176e-07	1.5999275101354937	0.01180301936299757
5.160359151622586e-07	1.5999192787353775	0.011798544023214378
5.160889627651402e-07	1.5999110464890876	0.011794068223374064
5.16142015821225e-07	1.599902813396537	0.01178959196342915
5.161950743310726e-07	1.5998945794576382	0.011785115243332417
5.162481382952436e-07	1.599886344672305	0.011780638063036579
5.163012077142986e-07	1.5998781090404501	0.01177616042249432
5.163542825887984e-07	1.5998698725619862	0.01177168232165833
5.164073629193029e-07	1.599861635236827	0.011767203760481376
5.164604487063749e-07	1.5998533970648845	0.011762724738915969
5.165135399505744e-07	1.5998451580460722	0.011758245256914854
5.165666366524622e-07	1.5998369181803032	0.011753765314430717
5.166197388125997e-07	1.5998286774674897	0.011749284911416196
5.166728464315475e-07	1.5998204359075456	0.011744804047823978
5.167259595098671e-07	1.5998121935003833	0.011740322723606703
5.167790780481187e-07	1.5998039502459158	0.011735840938717108
5.168322020468654e-07	1.5997957061440555	0.011731358693107664
5.168853315066677e-07	1.5997874611947163	0.011726875986731087
5.169384664280868e-07	1.5997792153978099	0.011722392819540031
5.169916068116844e-07	1.5997709687532502	0.011717909191487103
5.170447526580219e-07	1.5997627212609493	0.011713425102524933
5.170979039676597e-07	1.599754472920821	0.011708940552606241
5.171510607411616e-07	1.599746223732777	0.01170445554168345
5.172042229790882e-07	1.599737973696731	0.011699970069709272
5.172573906820013e-07	1.5997297228125955	0.011695484136636297
5.173105638504626e-07	1.5997214710802832	0.01169099774241714
5.17363742485034e-07	1.5997132184997072	0.01168651088700438
5.174169265862764e-07	1.59970496507078	0.011682023570350707
5.174701161547537e-07	1.5996967107934144	0.011677535792408532
5.175233111910271e-07	1.5996884556675237	0.011673047553130509
5.175765116956586e-07	1.5996801996930197	0.01166855885246922
5.176297176692102e-07	1.599671942869816	0.011664069690377244
5.176829291122442e-07	1.5996636851978252	0.011659580066807139
5.177361460253218e-07	1.5996554266769603	0.01165508998171156
5.177893684090076e-07	1.599647167307133	0.011650599435042867
5.178425962638625e-07	1.599638907088257	0.011646108426753727
5.178958295904493e-07	1.599630646020245	0.01164161695679667
5.179490683893303e-07	1.599622384103009	0.011637125025124238
5.18002312661068e-07	1.5996141213364623	0.01163263263168898
5.180555624062241e-07	1.5996058577205177	0.011628139776443499
5.181088176253633e-07	1.5995975932550874	0.011623646459340154
5.181620783190474e-07	1.5995893279400841	0.011619152680331543
5.182153444878388e-07	1.599581061775421	0.01161465843937021
5.182686161323008e-07	1.5995727947610103	0.011610163736408635
5.183218932529959e-07	1.5995645268967646	0.011605668571399351
5.183751758504862e-07	1.599556258182597	0.011601172944294934
5.184284639253367e-07	1.5995479886184198	0.011596676855047717
5.184817574781095e-07	1.5995397182041453	0.011592180303610262
5.185350565093678e-07	1.5995314469396869	0.011587683289935069
5.185883610196746e-07	1.5995231748249563	0.011583185813974621
5.186416710095931e-07	1.5995149018598669	0.011578687875681398
5.186949864796858e-07	1.599506628044331	0.011574189475007955
5.18748307430518e-07	1.5994983533782607	0.011569690611906585
5.18801633862652e-07	1.5994900778615695	0.011565191286329834
5.188549657766514e-07	1.5994818014941692	0.01156069149823017
5.189083031730796e-07	1.5994735242759726	0.011556191247560047
5.189616460525003e-07	1.5994652462068921	0.011551690534271908
5.190149944154771e-07	1.5994569672868406	0.011547189358318196
5.190683482625725e-07	1.5994486875157303	0.01154268771965145
5.191217075943526e-07	1.5994404068934738	0.011538185618223904
5.1917507241138e-07	1.5994321254199835	0.011533683053988102
5.192284427142187e-07	1.5994238430951722	0.011529180026896449
5.192818185034326e-07	1.599415559918952	0.011524676536901365
5.193351997795857e-07	1.5994072758912354	0.01152017258395527
5.193885865432408e-07	1.5993989910119355	0.011515668168010666
5.194419787949643e-07	1.5993907052809642	0.01151116328901978
5.194953765353193e-07	1.5993824186982337	0.01150665794693509
5.1954877976487e-07	1.5993741312636567	0.011502152141709004
5.196021884841807e-07	1.599365842977146	0.011497645873293895
5.196556026938157e-07	1.5993575538386136	0.011493139141642168
5.197090223943384e-07	1.5993492638479725	0.011488631946706268
5.197624475863153e-07	1.599340973005134	0.011484124288438414
5.198158782703098e-07	1.5993326813100113	0.011479616166791062
5.198693144468866e-07	1.5993243887625168	0.011475107581716567
5.199227561166102e-07	1.5993160953625627	0.0114705985331673
5.199762032800455e-07	1.599307801110061	0.011466089021095608
5.20029655937756e-07	1.5992995060049253	0.011461579045453932
5.200831140903086e-07	1.5992912100470664	0.011457068606194448
5.201365777382672e-07	1.5992829132363973	0.011452557703269582
5.201900468821967e-07	1.5992746155728303	0.01144804633663166
5.20243521522662e-07	1.5992663170562782	0.011443534506233026
5.202970016602283e-07	1.5992580176866524	0.011439022212025996
5.203504872954595e-07	1.5992497174638665	0.011434509453962995
5.204039784289229e-07	1.5992414163878315	0.01142999623199614
5.204574750611826e-07	1.59923311445846	0.011425482546077856
5.20510977192804e-07	1.5992248116756647	0.011420968396160427
5.205644848243522e-07	1.5992165080393574	0.01141645378219618
5.206179979563928e-07	1.5992082035494506	0.011411938704137384
5.206715165894913e-07	1.5991998982058568	0.011407423161936341
5.207250407242118e-07	1.5991915920084883	0.011402907155545436
5.207785703611223e-07	1.5991832849572565	0.011398390684916769
5.208321055007871e-07	1.5991749770520745	0.011393873750002705
5.208856461437722e-07	1.5991666682928538	0.011389356350755504
5.20939192290643e-07	1.599158358679507	0.011384838487127454
5.209927439419654e-07	1.5991500482119465	0.011380320159070808
5.210463010983043e-07	1.599141736890084	0.011375801366537909
5.210998637602276e-07	1.599133424713832	0.011371282109480838
5.211534319283004e-07	1.5991251116831027	0.01136676238785192
5.212070056030884e-07	1.5991167977978082	0.01136224220160342
5.21260584785158e-07	1.5991084830578606	0.011357721550687549
5.213141694750751e-07	1.5991001674631717	0.011353200435056558
5.213677596734049e-07	1.5990918510136547	0.011348678854662767
5.214213553807159e-07	1.5990835337092206	0.011344156809458205
5.214749565975732e-07	1.599075215549782	0.01133963429939519
5.215285633245432e-07	1.599066896535251	0.01133511132442594
5.215821755621923e-07	1.5990585766655394	0.011330587884502655
5.216357933110872e-07	1.5990502559405597	0.011326063979577534
5.216894165717933e-07	1.599041934360224	0.011321539609602868
5.217430453448791e-07	1.599033611924444	0.011317014774530681
5.217966796309103e-07	1.5990252886331318	0.011312489474313254
5.218503194304538e-07	1.5990169644861998	0.011307963708902755
5.219039647440763e-07	1.5990086394835596	0.011303437478251365
5.219576155723445e-07	1.5990003136251234	0.011298910782311272
5.220112719158245e-07	1.598991986910804	0.011294383621034718
5.22064933775085e-07	1.598983659340512	0.011289855994373706
5.221186011506923e-07	1.5989753309141606	0.011285327902280467
5.221722740432134e-07	1.598967001631661	0.011280799344707163
5.222259524532152e-07	1.5989586714929254	0.011276270321605948
5.222796363812652e-07	1.5989503404978662	0.011271740832928957
5.223333258279304e-07	1.5989420086463948	0.01126721087862834
5.223870207937771e-07	1.5989336759384236	0.011262680458656318
5.22440721279375e-07	1.5989253423738645	0.011258149572964834
5.224944272852902e-07	1.5989170079526294	0.011253618221506105
5.225481388120902e-07	1.5989086726746295	0.011249086404232266
5.226018558603426e-07	1.598900336539778	0.011244554121095415
5.226555784306151e-07	1.5988919995479862	0.011240021372047661
5.227093065234742e-07	1.5988836616991657	0.011235488157041212
5.227630401394897e-07	1.5988753229932289	0.011230954476027979
5.228167792792282e-07	1.5988669834300875	0.011226420328960155
5.228705239432578e-07	1.5988586430096534	0.01122188571578982
5.229242741321462e-07	1.598850301731838	0.011217350636469068
5.229780298464615e-07	1.5988419595965544	0.011212815090949974
5.230317910867704e-07	1.5988336166037134	0.011208279079184705
5.230855578536433e-07	1.5988252727532268	0.011203742601125152
5.231393301476472e-07	1.5988169280450069	0.011199205656723474
5.231931079693503e-07	1.5988085824789653	0.011194668245931724
5.232468913193207e-07	1.598800236055014	0.011190130368701976
5.233006801981269e-07	1.5987918887730643	0.011185592024986257
5.233544746063361e-07	1.598783540633029	0.011181053214736711
5.234082745445187e-07	1.5987751916348192	0.011176513937905218
5.234620800132423e-07	1.598766841778347	0.011171974194443877
5.235158910130754e-07	1.598758491063523	0.011167433984304732
5.235697075445867e-07	1.5987501394902608	0.011162893307439803
5.236235296083445e-07	1.5987417870584708	0.011158352163801122
5.236773572049167e-07	1.5987334337680654	0.011153810553340792
5.237311903348742e-07	1.598725079618956	0.011149268476010641
5.237850289987846e-07	1.5987167246110547	0.011144725931762769
5.23838873197217e-07	1.5987083687442727	0.01114018292054917
5.238927229307401e-07	1.5987000120185222	0.011135639442321855
5.23946578199923e-07	1.5986916544337146	0.011131095497032801
5.240004390053349e-07	1.5986832959897617	0.011126551084633996
5.240543053475436e-07	1.5986749366865753	0.011122006205077532
5.241081772271206e-07	1.5986665765240669	0.011117460858315182
5.24162054644634e-07	1.598658215502148	0.011112915044299012
5.242159376006531e-07	1.5986498536207305	0.011108368762980996
5.242698260957471e-07	1.598641490879726	0.0111038220143131
5.243237201304857e-07	1.5986331272790464	0.01109927479824727
5.24377619705437e-07	1.5986247628186028	0.011094727114735563
5.244315248211729e-07	1.598616397498307	0.011090178963729727
5.244854354782618e-07	1.598608031318071	0.011085630345181808
5.245393516772733e-07	1.5985996642778058	0.011081081259043748
5.245932734187772e-07	1.5985912963774234	0.011076531705267461
5.246472007033432e-07	1.5985829276168353	0.011071981683804893
5.2470113353154e-07	1.5985745579959532	0.011067431194608048
5.247550719039398e-07	1.5985661875146882	0.011062880237628652
5.248090158211112e-07	1.5985578161729521	0.011058328812818735
5.248629652836244e-07	1.5985494439706567	0.011053776920130189
5.249169202920495e-07	1.598541070907713	0.011049224559514906
5.249708808469563e-07	1.5985326969840332	0.01104467173092481
5.250248469489142e-07	1.5985243221995287	0.011040118434311864
5.250788185984954e-07	1.5985159465541106	0.011035564669627785
5.251327957962692e-07	1.5985075700476903	0.011031010436824537
5.25186778542806e-07	1.5984991926801797	0.011026455735854004
5.25240766838676e-07	1.5984908144514902	0.011021900566668066
5.252947606844499e-07	1.5984824353615332	0.011017344929218584
5.25348760080697e-07	1.5984740554102201	0.01101278882345751
5.254027650279899e-07	1.5984656745974624	0.01100823224933653
5.254567755268985e-07	1.5984572929231717	0.011003675206807574
5.255107915779933e-07	1.5984489103872597	0.010999117695822503
5.255648131818451e-07	1.598440526989637	0.010994559716333152
5.256188403390247e-07	1.5984321427302155	0.010990001268291364
5.256728730501017e-07	1.5984237576089066	0.010985442351649069
5.257269113156496e-07	1.5984153716256218	0.0109808829663579
5.25780955136238e-07	1.5984069847802722	0.010976323112369783
5.25835004512438e-07	1.5983985970727697	0.010971762789636533
5.258890594448208e-07	1.5983902085030248	0.010967201998109966
5.259431199339574e-07	1.5983818190709498	0.010962640737741888
5.259971859804182e-07	1.5983734287764557	0.010958079008484192
5.260512575847763e-07	1.5983650376194536	0.010953516810288503
5.261053347476023e-07	1.5983566455998548	0.0109489541431067
5.261594174694675e-07	1.598348252717571	0.010944391006890566
5.262135057509432e-07	1.5983398589725135	0.010939827401591894
5.262675995926011e-07	1.5983314643645934	0.010935263327162461
5.263216989950127e-07	1.598323068893722	0.010930698783554047
5.263758039587485e-07	1.5983146725598107	0.010926133770718504
5.264299144843825e-07	1.5983062753627708	0.010921568288607414
5.264840305724853e-07	1.5982978773025134	0.010917002337172632
5.265381522236286e-07	1.59828947837895	0.010912435916365908
5.265922794383845e-07	1.5982810785919916	0.010907869026139
5.266464122173248e-07	1.5982726779415497	0.010903301666443634
5.267005505610204e-07	1.5982642764275357	0.01089873383723166
5.267546944700454e-07	1.59825587404986	0.010894165538454625
5.268088439449711e-07	1.5982474708084347	0.010889596770064345
5.268629989863695e-07	1.5982390667031703	0.01088502753201255
5.269171595948129e-07	1.5982306617339788	0.010880457824250945
5.269713257708734e-07	1.5982222559007706	0.010875887646731265
5.270254975151224e-07	1.5982138492034574	0.010871316999405306
5.270796748281344e-07	1.5982054416419502	0.010866745882224582
5.27133857710481e-07	1.59819703321616	0.010862174295140888
5.271880461627344e-07	1.5981886239259984	0.010857602238105923
5.272422401854673e-07	1.598180213771376	0.010853029711071369
5.272964397792524e-07	1.598171802752204	0.010848456713988916
5.273506449446613e-07	1.5981633908683945	0.010843883246810338
5.274048556822689e-07	1.5981549781198572	0.010839309309487111
5.274590719926468e-07	1.598146564506504	0.01083473490197102
5.275132938763681e-07	1.5981381500282459	0.010830160024213715
5.275675213340055e-07	1.5981297346849939	0.010825584676166868
5.276217543661322e-07	1.598121318476659	0.010821008857782116
5.2767599297332e-07	1.5981129014031528	0.01081643256901121
5.277302371561443e-07	1.5981044834643854	0.010811855809805615
5.277844869151772e-07	1.5980960646602687	0.010807278580117057
5.278387422509917e-07	1.5980876449907133	0.010802700879897176
5.278930031641613e-07	1.5980792244556303	0.0107981227090976
5.279472696552593e-07	1.598070803054931	0.010793544067669957
5.28001541724859e-07	1.5980623807885261	0.010788964955565868
5.280558193735329e-07	1.5980539576563273	0.010784385372737034
5.281101026018566e-07	1.5980455336582442	0.010779805319134883
5.281643914104027e-07	1.598037108794189	0.010775224794711113
5.282186857997447e-07	1.5980286830640722	0.010770643799417329
5.282729857704564e-07	1.598020256467805	0.010766062333205116
5.283272913231116e-07	1.5980118290052978	0.01076148039602607
5.283816024582829e-07	1.5980034006764625	0.010756897987831873
5.284359191765463e-07	1.5979949714812094	0.010752315108573926
5.284902414784749e-07	1.5979865414194496	0.010747731758203875
5.285445693646424e-07	1.5979781104910937	0.010743147936673313
5.28598902835623e-07	1.597969678696053	0.010738563643933793
5.286532418919909e-07	1.5979612460342385	0.010733978879936873
5.28707586534319e-07	1.5979528125055609	0.010729393644634218
5.287619367631838e-07	1.5979443781099305	0.010724807937977171
5.288162925791584e-07	1.5979359428472595	0.010720221759917391
5.288706539828173e-07	1.5979275067174574	0.010715635110406406
5.289250209747349e-07	1.5979190697204362	0.010711047989395747
5.289793935554854e-07	1.5979106318561058	0.010706460396836964
5.290337717256426e-07	1.5979021931243782	0.01070187233268165
5.29088155485783e-07	1.5978937535251627	0.010697283796881162
5.291425448364802e-07	1.5978853130583714	0.010692694789387102
5.291969397783089e-07	1.5978768717239145	0.010688105310150983
5.29251340311844e-07	1.597868429521703	0.010683515359124294
5.293057464376602e-07	1.5978599864516476	0.010678924936258556
5.293601581563312e-07	1.5978515425136592	0.01067433404150535
5.294145754684342e-07	1.5978430977076488	0.010669742674815989
5.294689983745432e-07	1.5978346520335265	0.010665150836142032
5.295234268752331e-07	1.5978262054912036	0.010660558525434977
5.295778609710793e-07	1.5978177580805908	0.010655965742646288
5.296323006626565e-07	1.5978093098015984	0.010651372487727453
5.296867459505402e-07	1.5978008606541376	0.010646778760629923
5.297411968353047e-07	1.5977924106381196	0.01064218456130525
5.297956533175275e-07	1.5977839597534538	0.010637589889704712
5.298501153977826e-07	1.597775508000052	0.010632994745779856
5.299045830766459e-07	1.5977670553778243	0.010628399129482116
5.299590563546926e-07	1.5977586018866816	0.010623803040762946
5.300135352324986e-07	1.5977501475265345	0.010619206479573769
5.30068019710638e-07	1.5977416922972942	0.010614609445866122
5.301225097896892e-07	1.5977332361988705	0.010610011939591234
5.301770054702265e-07	1.5977247792311746	0.010605413960700628
5.302315067528259e-07	1.5977163213941168	0.010600815509145708
5.302860136380633e-07	1.5977078626876082	0.010596216584877893
5.303405261265145e-07	1.597699403111559	0.010591617187848587
5.303950442187545e-07	1.5976909426658799	0.010587017318009288
5.304495679153616e-07	1.5976824813504817	0.010582416975311197
5.305040972169106e-07	1.5976740191652747	0.010577816159705815
5.305586321239779e-07	1.5976655561101696	0.010573214871144512
5.306131726371397e-07	1.5976570921850772	0.010568613109578668
5.306677187569723e-07	1.597648627389908	0.01056401087495967
5.30722270484051e-07	1.5976401617245721	0.010559408167238968
5.307768278189542e-07	1.5976316951889808	0.010554804986367763
5.308313907622576e-07	1.5976232277830442	0.010550201332297483
5.308859593145374e-07	1.5976147595066725	0.010545597204979504
5.309405334763703e-07	1.5976062903597765	0.010540992604365175
5.30995113248333e-07	1.597597820342267	0.010536387530405837
5.310496986310013e-07	1.5975893494540547	0.010531781983052914
5.311042896249538e-07	1.5975808776950493	0.010527175962257575
5.311588862307665e-07	1.5975724050651614	0.010522569467971227
5.312134884490162e-07	1.5975639315643022	0.010517962500145212
5.312680962802798e-07	1.5975554571923816	0.01051335505873084
5.313227097251344e-07	1.5975469819493098	0.010508747143679425
5.313773287841559e-07	1.597538505834998	0.010504138754942383
5.314319534579237e-07	1.5975300288493564	0.010499529892470823
5.314865837470138e-07	1.597521550992295	0.010494920556216147
5.315412196520034e-07	1.5975130722637245	0.010490310746129642
5.315958611734701e-07	1.5975045926635554	0.0104857004621626
5.316505083119909e-07	1.5974961121916982	0.010481089704266314
5.317051610681422e-07	1.5974876308480628	0.010476478472392161
5.31759819442504e-07	1.5974791486325601	0.01047186676649121
5.318144834356523e-07	1.5974706655451003	0.01046725458651485
5.318691530481649e-07	1.5974621815855934	0.010462641932414337
5.319238282806196e-07	1.5974536967539499	0.010458028804140923
5.319785091335938e-07	1.597445211050081	0.010453415201645876
5.320331956076656e-07	1.5974367244738958	0.01044880112488044
5.320878877034116e-07	1.5974282370253057	0.01044418657379596
5.321425854214119e-07	1.5974197487042203	0.010439571548343483
5.321972887622433e-07	1.59741125951055	0.010434956048474341
5.32251997726484e-07	1.5974027694442055	0.010430340074139765
5.323067123147118e-07	1.5973942785050963	0.01042572362529099
5.323614325275051e-07	1.5973857866931338	0.010421106701879219
5.324161583654409e-07	1.5973772940082274	0.010416489303855768
5.324708898290995e-07	1.5973688004502875	0.010411871431171671
5.325256269190584e-07	1.5973603060192243	0.010407253083778215
5.325803696358957e-07	1.5973518107149485	0.010402634261626607
5.3263511798019e-07	1.59734331453737	0.01039801496466804
5.326898719525198e-07	1.5973348174863993	0.010393395192853708
5.327446315534625e-07	1.5973263195619463	0.010388774946134887
5.327993967835989e-07	1.5973178207639214	0.010384154224462566
5.328541676435066e-07	1.5973093210922342	0.010379533027788023
5.329089441337643e-07	1.597300820546796	0.01037491135606242
5.329637262549508e-07	1.597292319127516	0.010370289209236938
5.330185140076451e-07	1.5972838168343049	0.010365666587262715
5.330733073924247e-07	1.597275313667073	0.010361043490091017
5.33128106409871e-07	1.5972668096257294	0.010356419917672803
5.331829110605619e-07	1.5972583047101854	0.01035179586995931
5.332377213450764e-07	1.5972497989203507	0.01034717134690168
5.332925372639938e-07	1.5972412922561356	0.010342546348451047
5.333473588178931e-07	1.5972327847174501	0.010337920874558548
5.334021860073526e-07	1.5972242763042044	0.010333294925175393
5.334570188329538e-07	1.597215767016308	0.010328668500252523
5.33511857295275e-07	1.597207256853672	0.010324041599741136
5.335667013948956e-07	1.5971987458162054	0.010319414223592355
5.336215511323953e-07	1.5971902339038193	0.01031478637175727
5.336764065083533e-07	1.597181721116423	0.010310158044187001
5.337312675233495e-07	1.5971732074539269	0.010305529240832636
5.337861341779624e-07	1.5971646929162413	0.010300899961645344
5.338410064727739e-07	1.5971561775032752	0.010296270206576044
5.338958844083629e-07	1.5971476612149398	0.010291639975575891
5.339507679853091e-07	1.5971391440511447	0.010287009268595975
5.340056572041923e-07	1.5971306260117997	0.010282378085587365
5.340605520655927e-07	1.5971221070968147	0.01027774642650112
5.341154525700891e-07	1.5971135873061004	0.010273114291288396
5.34170358718264e-07	1.5971050666395656	0.010268481679900052
5.342252705106963e-07	1.5970965450971215	0.010263848592287243
5.342801879479661e-07	1.5970880226786774	0.010259215028401021
5.343351110306539e-07	1.5970794993841433	0.010254580988192402
5.343900397593399e-07	1.5970709752134291	0.010249946471612446
5.344449741346036e-07	1.5970624501664452	0.010245311478612257
5.344999141570274e-07	1.597053924243101	0.010240676009142682
5.345548598271909e-07	1.5970453974433063	0.01023604006315484
5.346098111456746e-07	1.5970368697669717	0.010231403640599733
5.346647681130591e-07	1.5970283412140063	0.010226766741428375
5.347197307299252e-07	1.5970198117843206	0.010222129365591777
5.347746989968525e-07	1.5970112814778243	0.010217491513041023
5.348296729144241e-07	1.597002750294427	0.010212853183726923
5.348846524832196e-07	1.5969942182340389	0.010208214377600566
5.349396377038201e-07	1.5969856852965696	0.010203575094612928
5.349946285768064e-07	1.5969771514819289	0.010198935334715
5.350496251027598e-07	1.5969686167900268	0.010194295097857745
5.351046272822602e-07	1.5969600812207734	0.01018965438399223
5.351596351158909e-07	1.596951544774078	0.010185013193069236
5.352146486042322e-07	1.5969430074498503	0.01018037152503981
5.352696677478653e-07	1.5969344692480008	0.01017572937985491
5.353246925473715e-07	1.5969259301684386	0.01017108675746548
5.353797230033322e-07	1.5969173902110736	0.010166443657822478
5.354347591163292e-07	1.596908849375816	0.010161800080876823
5.354898008869424e-07	1.5969003076625752	0.010157156026579559
5.35544848315756e-07	1.5968917650712608	0.010152511494881422
5.355999014033505e-07	1.596883221601783	0.010147866485733428
5.356549601503075e-07	1.5968746772540512	0.010143220999086495
5.357100245572088e-07	1.596866132027975	0.010138575034891538
5.357650946246362e-07	1.5968575859234644	0.010133928593099473
5.358201703531706e-07	1.5968490389404293	0.010129281673661287
5.358752517433961e-07	1.5968404910787788	0.0101246342765277
5.359303387958935e-07	1.5968319423384227	0.010119986401649699
5.359854315112451e-07	1.5968233927192708	0.010115338048978163
5.360405298900329e-07	1.596814842221233	0.01011068921846398
5.36095633932839e-07	1.5968062908442184	0.010106039910058042
5.361507436402447e-07	1.5967977385881378	0.010101390123711295
5.362058590128345e-07	1.596789185452899	0.010096739859374428
5.362609800511896e-07	1.5967806314384132	0.010092089116998406
5.363161067558925e-07	1.5967720765445894	0.010087437896534077
5.363712391275255e-07	1.596763520771337	0.01008278619793231
5.364263771666714e-07	1.5967549641185659	0.01007813402114393
5.364815208739117e-07	1.596746406586186	0.01007348136611989
5.365366702498311e-07	1.5967378481741066	0.010068828232810837
5.365918252950113e-07	1.5967292888822366	0.010064174621167703
5.366469860100351e-07	1.5967207287104865	0.010059520531141309
5.367021523954854e-07	1.5967121676587652	0.010054865962682477
5.367573244519451e-07	1.596703605726983	0.01005021091574202
5.368125021799959e-07	1.5966950429150488	0.010045555390270867
5.368676855802233e-07	1.596686479222872	0.010040899386219616
5.369228746532091e-07	1.5966779146503627	0.01003624290353917
5.369780693995365e-07	1.59666934919743	0.010031585942180333
5.370332698197888e-07	1.5966607828639834	0.010026928502093888
5.37088475914549e-07	1.5966522156499328	0.010022270583230637
5.371436876844008e-07	1.596643647555187	0.01001761218554134
5.371989051299262e-07	1.596635078579656	0.010012953308976887
5.372541282517109e-07	1.596626508723249	0.010008293953487865
5.373093570503376e-07	1.5966179379858758	0.010003634119025114
5.373645915263894e-07	1.5966093663674452	0.009998973805539421
5.374198316804502e-07	1.5966007938678672	0.009994313012981527
5.374750775131037e-07	1.596592220487051	0.00998965174130219
5.375303290249326e-07	1.5965836462249061	0.009984989990452242
5.375855862165227e-07	1.5965750710813418	0.009980327760382256
5.376408490884568e-07	1.5965664950562672	0.009975665051043052
5.37696117641319e-07	1.5965579181495924	0.009971001862385361
5.377513918756932e-07	1.5965493403612259	0.00996633819435991
5.378066717921634e-07	1.596540761691078	0.009961674046917422
5.378619573913127e-07	1.5965321821390575	0.009957009420008708
5.379172486737274e-07	1.596523601705074	0.009952344313584296
5.379725456399908e-07	1.5965150203890364	0.00994767872759497
5.380278482906869e-07	1.5965064381908542	0.009943012661991456
5.380831566264002e-07	1.596497855110437	0.009938346116724433
5.381384706477152e-07	1.5964892711476937	0.009933679091744597
5.381937903552151e-07	1.5964806863025343	0.009929011587002726
5.382491157494867e-07	1.596472100574867	0.009924343602449327
5.383044468311135e-07	1.596463513964602	0.00991967513803515
5.383597836006802e-07	1.5964549264716483	0.00991500619371088
5.384151260587714e-07	1.596446338095915	0.009910336769427179
5.38470474205972e-07	1.5964377488373116	0.009905666865134704
5.385258280428657e-07	1.5964291586957473	0.009900996480784203
5.385811875700394e-07	1.5964205676711312	0.00989632561632616
5.386365527880772e-07	1.5964119757633723	0.009891654271711289
5.38691923697564e-07	1.5964033829723805	0.009886982446890243
5.387473002990849e-07	1.596394789298064	0.009882310141813653
5.388026825932249e-07	1.596386194740333	0.009877637356432156
5.388580705805683e-07	1.5963775992990965	0.009872964090696466
5.389134642617024e-07	1.596369002974263	0.00986829034455702
5.389688636372116e-07	1.5963604057657423	0.009863616117964517
5.390242687076811e-07	1.5963518076734435	0.009858941410869581
5.390796794736963e-07	1.5963432086972755	0.009854266223222807
5.391350959358429e-07	1.5963346088371475	0.009849590554974799
5.39190518094705e-07	1.596326008092969	0.009844914406076252
5.392459459508708e-07	1.5963174064646484	0.009840237776477558
5.393013795049247e-07	1.5963088039520954	0.009835560666129395
5.393568187574524e-07	1.596300200555219	0.009830883074982354
5.394122637090397e-07	1.5962915962739281	0.009826205002986999
5.394677143602725e-07	1.596282991108132	0.009821526450093907
5.395231707117368e-07	1.5962743850577397	0.009816847416253636
5.395786327640172e-07	1.5962657781226604	0.009812167901416844
5.396341005177022e-07	1.5962571703028028	0.009807487905533898
5.396895739733767e-07	1.5962485615980762	0.009802807428555441
5.397450531316269e-07	1.5962399520083894	0.00979812647043201
5.398005379930388e-07	1.596231341533652	0.00979344503111416
5.39856028558199e-07	1.5962227301737724	0.009788763110552403
5.399115248276925e-07	1.5962141179286597	0.009784080708697379
5.399670268021081e-07	1.596205504798223	0.009779397825499418
5.400225344820309e-07	1.5961968907823718	0.009774714460909134
5.400780478680476e-07	1.5961882758810142	0.009770030614877039
5.401335669607448e-07	1.5961796600940599	0.009765346287353639
5.401890917607089e-07	1.5961710434214174	0.009760661478289454
5.402446222685258e-07	1.5961624258629958	0.009755976187635055
5.403001584847843e-07	1.5961538074187043	0.009751290415340754
5.403557004100701e-07	1.596145188088451	0.009746604161357135
5.404112480449701e-07	1.5961365678721458	0.009741917425634685
5.404668013900713e-07	1.596127946769697	0.009737230208123879
5.405223604459606e-07	1.596119324781014	0.00973254250877519
5.405779252132241e-07	1.5961107019060052	0.009727854327539174
5.406334956924508e-07	1.59610207814458	0.009723165664366122
5.406890718842272e-07	1.5960934534966467	0.009718476519206565
5.407446537891404e-07	1.5960848279621143	0.009713786892010965
5.408002414077775e-07	1.596076201540892	0.009709096782729777
5.408558347407261e-07	1.5960675742328885	0.009704406191313433
5.409114337885724e-07	1.5960589460380126	0.009699715117712473
5.409670385519062e-07	1.5960503169561733	0.009695023561877125
5.410226490313137e-07	1.5960416869872789	0.009690331523757933
5.410782652273827e-07	1.5960330561312388	0.009685639003305305
5.41133887140701e-07	1.5960244243879615	0.009680946000469653
5.41189514771856e-07	1.5960157917573559	0.009676252515201399
5.412451481214356e-07	1.5960071582393307	0.009671558547450951
5.413007871900267e-07	1.5959985238337948	0.009666864097168793
5.413564319782191e-07	1.595989888540657	0.00966216916430515
5.414120824865999e-07	1.5959812523598258	0.0096574737488105
5.414677387157571e-07	1.5959726152912102	0.00965277785063522
5.415234006662788e-07	1.5959639773347185	0.009648081469729706
5.415790683387531e-07	1.59595533849026	0.009643384606044319
5.41634741733767e-07	1.595946698757743	0.009638687259529537
5.416904208519111e-07	1.5959380581370768	0.009633989430135536
5.417461056937727e-07	1.5959294166281692	0.009629291117812761
5.4180179625994e-07	1.5959207742309296	0.009624592322511585
5.418574925510016e-07	1.5959121309452664	0.00961989304418234
5.419131945675459e-07	1.5959034867710884	0.009615193282775386
5.419689023101605e-07	1.5958948417083043	0.009610493038241142
5.420246157794361e-07	1.5958861957568224	0.009605792310529772
5.420803349759603e-07	1.5958775489165518	0.009601091099591693
5.421360599003219e-07	1.5958689011874008	0.009596389405377236
5.421917905531098e-07	1.595860252569278	0.009591687227836704
5.422475269349126e-07	1.5958516030620924	0.00958698456692044
5.423032690463185e-07	1.5958429526657523	0.009582281422578814
5.423590168879184e-07	1.5958343013801664	0.00957757779476197
5.424147704603004e-07	1.5958256492052432	0.009572873683420285
5.424705297640535e-07	1.5958169961408912	0.009568169088504061
5.42526294799767e-07	1.595808342187019	0.009563464009963586
5.425820655680301e-07	1.5957996873435356	0.009558758447749144
5.426378420694309e-07	1.5957910316103492	0.009554052401811113
5.42693624304561e-07	1.5957823749873683	0.009549345872099577
5.427494122740089e-07	1.5957737174745015	0.009544638858564889
5.428052059783639e-07	1.595765059071657	0.009539931361157324
5.428610054182154e-07	1.5957563997787436	0.009535223379827141
5.429168105941534e-07	1.5957477395956703	0.009530514914524581
5.429726215067671e-07	1.5957390785223446	0.009525805965199911
5.430284381566456e-07	1.5957304165586759	0.009521096531803446
5.430842605443805e-07	1.595721753704572	0.009516386614285258
5.431400886705606e-07	1.5957130899599417	0.009511676212595665
5.431959225357759e-07	1.5957063164882483	0.009506965326684892
5.432517621406165e-07	1.5957005906719552	0.009502253956503164
5.433076074856709e-07	1.595694864267058	0.0094975421020008
5.433634585715318e-07	1.5956891372734965	0.009492829763127809
5.434193153987881e-07	1.5956834096912098	0.009488116939834505
5.434751779680299e-07	1.5956776815201374	0.009483403632071093
5.435310462798476e-07	1.595671952760219	0.00947868983978776
5.435869203348316e-07	1.5956662234113936	0.009473975562934703
5.43642800133572e-07	1.5956604934736014	0.009469260801462109
5.436986856766584e-07	1.5956547629467817	0.009464545555320256
5.437545769646835e-07	1.5956490318308734	0.009459829824459125
5.438104739982366e-07	1.5956433001258161	0.009455113608828994
5.438663767779085e-07	1.5956375678315493	0.009450396908380012
5.439222853042898e-07	1.5956318349480128	0.00944567972306236
5.439781995779712e-07	1.5956261014751456	0.009440962052826182
5.440341195995425e-07	1.5956203674128877	0.009436243897621734
5.440900453695969e-07	1.5956146327611775	0.009431525257398956
5.441459768887239e-07	1.5956088975199554	0.009426806132108107
5.442019141575149e-07	1.59560316168916	0.0094220865216993
5.442578571765606e-07	1.5955974252687315	0.00941736642612268
5.443138059464523e-07	1.5955916882586085	0.009412645845328364
5.4436976046778e-07	1.595585950658731	0.009407924779266573
5.444257207411373e-07	1.5955802124690381	0.009403203227887229
5.444816867671141e-07	1.5955744736894693	0.009398481191140545
5.44537658546302e-07	1.5955687343199634	0.009393758668976617
5.445936360792924e-07	1.5955629943604606	0.009389035661345548
5.446496193666767e-07	1.5955572538108997	0.009384312168197434
5.447056084090465e-07	1.5955515126712203	0.009379588189482362
5.447616032069922e-07	1.5955457709413614	0.009374863725150515
5.448176037611079e-07	1.5955400286212629	0.009370138775151773
5.448736100719839e-07	1.5955342857108636	0.009365413339436322
5.449296221402123e-07	1.5955285422101029	0.009360687417954214
5.449856399663846e-07	1.5955227981189204	0.009355961010655531
5.450416635510919e-07	1.5955170534372554	0.009351234117490413
5.450976928949284e-07	1.5955113081650467	0.00934650673840872
5.451537279984848e-07	1.595505562302234	0.009341778873360608
5.452097688623533e-07	1.5954998158487566	0.009337050522296119
5.45265815487126e-07	1.5954940688045536	0.009332321685165292
5.453218678733952e-07	1.595488321169564	0.009327592361918149
5.45377926021753e-07	1.5954825729437279	0.009322862552504729
5.45433989932791e-07	1.595476824126984	0.009318132256875139
5.454900596071033e-07	1.5954710747192717	0.009313401474979227
5.455461350452816e-07	1.5954653247205302	0.009308670206767079
5.456022162479184e-07	1.5954595741306985	0.009303938452188711
5.456583032156062e-07	1.5954538229497164	0.009299206211194124
5.457143959489375e-07	1.5954480711775223	0.00929447348373332
5.457704944485041e-07	1.5954423188140563	0.009289740269756385
5.458265987149008e-07	1.5954365658592573	0.009285006569213114
5.458827087487195e-07	1.5954308123130643	0.009280272382053586
5.45938824550553e-07	1.5954250581754168	0.00927553770822777
5.459949461209942e-07	1.5954193034462536	0.009270802547685648
5.460510734606362e-07	1.5954135481255145	0.009266066900377175
5.461072065700709e-07	1.5954077922131384	0.009261330766252417
5.461633454498935e-07	1.5954020357090641	0.009256594145261145
5.462194901006964e-07	1.5953962786132312	0.009251857037353383
5.462756405230725e-07	1.5953905209255788	0.0092471194424791
5.463317967176153e-07	1.595384762646046	0.009242381360588223
5.463879586849182e-07	1.5953790037745719	0.009237642791630696
5.464441264255733e-07	1.595373244311096	0.009232903735556542
5.465002999401766e-07	1.595367484255557	0.00922816419231549
5.465564792293204e-07	1.595361723607894	0.00922342416185756
5.466126642935983e-07	1.5953559623680467	0.009218683644132664
5.46668855133604e-07	1.5953502005359537	0.009213942639090722
5.467250517499312e-07	1.5953444381115545	0.009209201146681624
5.467812541431727e-07	1.5953386750947878	0.00920445916685537
5.468374623139243e-07	1.5953329114855932	0.009199716699561678
5.468936762627792e-07	1.595327147283909	0.009194973744750508
5.469498959903311e-07	1.5953213824896753	0.009190230302371764
5.470061214971741e-07	1.5953156171028302	0.00918548637237531
5.470623527839023e-07	1.5953098511233135	0.009180741954711033
5.4711858985111e-07	1.595304084551064	0.009175997049328788
5.471748326993901e-07	1.5952983173860211	0.009171251656178546
5.472310813293392e-07	1.5952925496281232	0.00916650577520997
5.472873357415506e-07	1.59528678127731	0.009161759406373007
5.473435959366186e-07	1.59528101233352	0.009157012549617503
5.473998619151377e-07	1.5952752427966925	0.009152265204893307
5.474561336777024e-07	1.5952694726667669	0.009147517372150261
5.475124112249063e-07	1.595263701943682	0.00914276905133828
5.475686945573462e-07	1.5952579306273762	0.009138020242406997
5.476249836756156e-07	1.595252158717789	0.009133270945306355
5.476812785803094e-07	1.5952463862148598	0.009128521159986143
5.477375792720224e-07	1.595240613118527	0.009123770886396187
5.477938857513495e-07	1.5952348394287301	0.009119020124486297
5.478501980188845e-07	1.5952290651454077	0.009114268874206355
5.479065160752248e-07	1.595223290268499	0.009109517135505979
5.479628399209642e-07	1.5952175147979428	0.009104764908335053
5.480191695566979e-07	1.5952117387336782	0.00910001219264336
5.48075504983021e-07	1.595205962075644	0.00909525898838069
5.481318462005289e-07	1.5952001848237796	0.009090505295496806
5.481881932098157e-07	1.5951944069780235	0.009085751113941588
5.482445460114792e-07	1.5951886285383148	0.009080996443664592
5.483009046061135e-07	1.5951828495045925	0.009076241284615698
5.483572689943143e-07	1.5951770698767955	0.009071485636744635
5.48413639176677e-07	1.5951712896548627	0.009066729500001171
5.484700151537975e-07	1.595165508838733	0.00906197287433504
5.4852639692627e-07	1.5951597274283456	0.00905721575969609
5.485827844946927e-07	1.595153945423639	0.009052458156033852
5.486391778596603e-07	1.595148162824552	0.00904770006329816
5.486955770217686e-07	1.5951423796310245	0.009042941481438728
5.487519819816137e-07	1.5951365958429937	0.00903818241040528
5.488083927397914e-07	1.5951308114604001	0.009033422850147535
5.488648092968978e-07	1.595125026483182	0.009028662800615194
5.489212316535279e-07	1.595119240911278	0.009023902261758065
5.489776598102803e-07	1.595113454744627	0.00901914123352564
5.490340937677499e-07	1.5951076679831684	0.009014379715867726
5.490905335265332e-07	1.5951018806268407	0.009009617708733986
5.491469790872263e-07	1.5950960926755824	0.009004855212074132
5.492034304504258e-07	1.5950903041293327	0.009000092225837829
5.492598876167271e-07	1.5950845149880308	0.008995328749974834
5.493163505867289e-07	1.595078725251615	0.008990564784434635
5.493728193610267e-07	1.595072934920024	0.008985800329166996
5.494292939402172e-07	1.5950671439931974	0.008981035384121558
5.494857743248972e-07	1.5950613524710728	0.008976269949247976
5.495422605156634e-07	1.59505556035359	0.008971504024495909
5.495987525131115e-07	1.595049767640688	0.008966737609815078
5.496552503178407e-07	1.5950439743323046	0.008961970705154941
5.497117539304469e-07	1.595038180428379	0.00895720331046522
5.497682633515272e-07	1.5950323859288504	0.00895243542569553
5.498247785816786e-07	1.595026590833657	0.008947667050795508
5.498812996214982e-07	1.595020795142738	0.008942898185714764
5.499378264715822e-07	1.595014998856032	0.008938128830402998
5.499943591325301e-07	1.5950092019734772	0.008933358984809639
5.500508976049381e-07	1.5950034044950132	0.008928588648884364
5.501074418894037e-07	1.5949976064205786	0.00892381782257678
5.501639919865243e-07	1.5949918077501117	0.008919046505836466
5.502205478968974e-07	1.5949860084835514	0.00891427469861302
5.502771096211195e-07	1.5949802086208367	0.008909502400856103
5.503336771597907e-07	1.594974408161906	0.0089047296125151
5.503902505135072e-07	1.5949686071066982	0.00889995633353969
5.50446829682867e-07	1.5949628054551517	0.008895182563879422
5.50503414668468e-07	1.5949570032072056	0.00889040830348386
5.505600054709079e-07	1.5949512003627984	0.00888563355230256
5.506166020907849e-07	1.5949453969218688	0.008880858310285053
5.506732045286957e-07	1.5949395928843553	0.008876082577381005
5.507298127852407e-07	1.594933788250197	0.00887130635353974
5.50786426861017e-07	1.5949279830193324	0.008867082108259303
5.508430467566227e-07	1.5949221771916997	0.008864099876721158
5.508996724726561e-07	1.5949163707672382	0.008861117338614753
5.509563040097144e-07	1.5949105637458862	0.008858134493908628
5.510129413683983e-07	1.5949047561275824	0.008855151342571145
5.51069584549305e-07	1.5948989479122653	0.00885216788457085
5.511262335530332e-07	1.5948931390998737	0.008849184119876207
5.511828883801813e-07	1.5948873296903465	0.008846200048455698
5.51239549031348e-07	1.5948815196836217	0.008843215670277793
5.51296215507132e-07	1.5948757090796384	0.008840230985310947
5.51352887808131e-07	1.5948698978783349	0.008837245993523693
5.51409565934946e-07	1.59486408607965	0.008834260694884365
5.514662498881747e-07	1.5948582736835222	0.008831275089361481
5.515229396684162e-07	1.59485246068989	0.008828289176923496
5.515796352762693e-07	1.5948466470986922	0.00882530295753886
5.516363367123334e-07	1.5948408329098671	0.008822316431176008
5.516930439772061e-07	1.5948350181233535	0.008819329597803457
5.517497570714892e-07	1.5948292027390898	0.008816342457389522
5.518064759957805e-07	1.5948233867570147	0.0088133550099027
5.518632007506796e-07	1.5948175701770664	0.008810367255311424
5.519199313367857e-07	1.5948117529991843	0.008807379193584125
5.519766677546983e-07	1.594805935223306	0.008804390824689232
5.520334100050158e-07	1.5948001168493702	0.008801402148595223
5.520901580883401e-07	1.5947942978773157	0.008798413165270398
5.521469120052694e-07	1.594788478307081	0.008795423874683243
5.522036717564037e-07	1.5947826581386044	0.008792434276802163
5.522604373423425e-07	1.5947768373718245	0.008789444371595574
5.523172087636858e-07	1.59477101600668	0.008786454159031879
5.523739860210333e-07	1.594765194043109	0.008783463639079492
5.52430769114984e-07	1.5947593714810502	0.008780472811706857
5.5248755804614e-07	1.5947535483204418	0.00877748167688227
5.525443528151002e-07	1.594747724561223	0.008774490234574175
5.526011534224648e-07	1.5947419002033316	0.008771498484750964
5.526579598688341e-07	1.5947360752467064	0.008768506427381023
5.52714772154807e-07	1.5947302496912854	0.008765514062432806
5.527715902809861e-07	1.5947244235370075	0.008762521389874564
5.528284142479707e-07	1.594718596783811	0.008759528409674743
5.528852440563611e-07	1.594712769431634	0.008756535121801716
5.529420797067579e-07	1.5947069414804156	0.008753541526223851
5.529989211997618e-07	1.5947011129300936	0.008750547622909518
5.53055768535973e-07	1.5946952837806072	0.008747553411827085
5.531126217159914e-07	1.5946894540318939	0.00874455889294497
5.531694807404199e-07	1.5946836236838924	0.008741564066231418
5.532263456098581e-07	1.594677792736541	0.008738568931654834
5.532832163249069e-07	1.5946719611897786	0.008735573489183582
5.533400928861672e-07	1.5946661290435433	0.008732577738786003
5.5339697529424e-07	1.5946602962977732	0.008729581680430445
5.534538635497251e-07	1.594654462952407	0.008726585314085314
5.535107576532261e-07	1.594648629007383	0.00872358863971882
5.535676576053429e-07	1.5946427944626393	0.00872059165729937
5.536245634066767e-07	1.5946369593181144	0.00871759436679529
5.536814750578288e-07	1.594631123573747	0.00871459676817491
5.537383925594006e-07	1.5946252872294748	0.008711598861406556
5.537953159119923e-07	1.5946194502852369	0.008708600646458618
5.538522451162077e-07	1.594613612740971	0.008705602123299285
5.539091801726473e-07	1.5946077745966154	0.008702603291896937
5.539661210819125e-07	1.5946019358521086	0.008699604152219891
5.540230678446051e-07	1.5945960965073893	0.00869660470423645
5.540800204613267e-07	1.5945902565623953	0.00869360494791493
5.541369789326781e-07	1.5945844160170648	0.008690604883223685
5.541939432592634e-07	1.5945785748713366	0.008687604510130897
5.542509134416833e-07	1.5945727331251485	0.00868460382860493
5.543078894805396e-07	1.594566890778439	0.008681602838614076
5.543648713764348e-07	1.5945610478311463	0.008678601540126613
5.544218591299705e-07	1.5945552042832087	0.008675599933110845
5.54478852741748e-07	1.5945493601345646	0.0086725980175351
5.545358522123717e-07	1.594543515385152	0.008669595793367554
5.545928575424427e-07	1.594537670034909	0.008666593260576536
5.546498687325635e-07	1.594531824083774	0.008663590419130318
5.547068857833364e-07	1.5945259775316858	0.008660587268997173
5.547639086953639e-07	1.5945201303785814	0.008657583810145371
5.548209374692484e-07	1.5945142826244005	0.008654580042543176
5.548779721055916e-07	1.5945084342690803	0.008651575966158901
5.549350126049982e-07	1.5945025853125592	0.008648571580960692
5.549920589680698e-07	1.5944967357547755	0.008645566886916865
5.550491111954093e-07	1.594490885595667	0.008642561883995667
5.551061692876194e-07	1.5944850348351727	0.008639556572165346
5.55163233245303e-07	1.5944791834732301	0.00863655095139415
5.552203030690621e-07	1.5944733315097774	0.008633545021650374
5.552773787595018e-07	1.5944674789447533	0.008630538782902144
5.553344603172242e-07	1.5944616257780955	0.00862753223511775
5.553915477428324e-07	1.5944557720097419	0.00862452537826542
5.554486410369295e-07	1.5944499176396312	0.008621518212313387
5.555057402001189e-07	1.5944440626677017	0.008618510737229879
5.555628452330027e-07	1.5944382070938907	0.008615502952983177
5.556199561361867e-07	1.594432350918137	0.008612494859541374
5.55677072910273e-07	1.5944264941403785	0.00860948645687275
5.557341955558655e-07	1.5944206367605536	0.008606477744945511
5.557913240735674e-07	1.5944147787785996	0.00860346872372787
5.558484584639824e-07	1.5944089201944556	0.008600459393188042
5.559055987277132e-07	1.594403061008059	0.008597449753294273
5.559627448653658e-07	1.5943972012193481	0.008594439804014649
5.560198968775429e-07	1.5943913408282615	0.00859142954531743
5.560770547648484e-07	1.594385479834736	0.0085884189771708
5.561342185278862e-07	1.594379618238711	0.00858540809954295
5.561913881672603e-07	1.5943737560401239	0.008582396912402071
5.562485636835736e-07	1.594367893238913	0.008579385415716404
5.563057450774327e-07	1.5943620298350163	0.008576373609454005
5.563629323494406e-07	1.5943561658283716	0.008573361493583115
5.564201255002015e-07	1.594350301218917	0.008570349068071898
5.564773245303197e-07	1.5943444360065908	0.008567336332888533
5.565345294403996e-07	1.594338570191331	0.008564323288001182
5.565917402310458e-07	1.5943327037730755	0.008561309933378008
5.566489569028614e-07	1.594326836751762	0.008558296268987233
5.567061794564536e-07	1.5943209691273292	0.008555282294796886
5.567634078924256e-07	1.5943151008997143	0.008552268010775193
5.568206422113822e-07	1.5943092320688559	0.008549253416890295
5.568778824139282e-07	1.594303362634692	0.008546238513110337
5.569351285006673e-07	1.5942974925971602	0.008543223299403524
5.569923804722065e-07	1.5942916219561987	0.008540207775737883
5.570496383291498e-07	1.5942857507117454	0.008537191942081601
5.571069020721021e-07	1.5942798788637385	0.00853417579840282
5.571641717016685e-07	1.5942740064121153	0.00853115934466966
5.572214472184542e-07	1.5942681333568145	0.00852814258085026
5.572787286230643e-07	1.5942622596977736	0.008525125506912732
5.573360159161028e-07	1.594256385434931	0.00852210812282527
5.573933090981776e-07	1.594250510568224	0.008519090428555856
5.574506081698928e-07	1.5942446350975907	0.008516072424072672
5.575079131318538e-07	1.5942387590229694	0.00851305410934383
5.575652239846662e-07	1.5942328823442975	0.008510035484337432
5.576225407289355e-07	1.5942270050615135	0.008507016549021586
5.576798633652661e-07	1.594221127174555	0.008503997303364454
5.577371918942661e-07	1.5942152486833594	0.00850097774733401
5.577945263165403e-07	1.5942093695878654	0.008497957880898405
5.578518666326941e-07	1.5942034898880102	0.008494937704025738
5.579092128433337e-07	1.5941976095837322	0.008491917216684092
5.579665649490649e-07	1.594191728674969	0.008488896418841553
5.580239229504926e-07	1.5941858471616586	0.008485875310466259
5.580812868482251e-07	1.5941799650437387	0.008482853891526173
5.581386566428676e-07	1.5941740823211472	0.008479832161989422
5.58196032335026e-07	1.5941681989938221	0.008476810121824082
5.582534139253067e-07	1.5941623150617006	0.00847378777099822
5.58310801414316e-07	1.5941564305247216	0.008470765109479906
5.583681948026603e-07	1.594150545382822	0.008467742137237192
5.58425594090945e-07	1.59414465963594	0.0084647188542382
5.584829992797787e-07	1.5941387732840135	0.008461695260450866
5.585404103697668e-07	1.5941328863269804	0.008458671355843304
5.585978273615161e-07	1.5941269987647775	0.008455647140383556
5.586552502556332e-07	1.594121110597344	0.00845262261403967
5.587126790527237e-07	1.5941152218246168	0.008449597776779751
5.587701137533968e-07	1.5941093324465339	0.008446572628571706
5.58827554358258e-07	1.5941034424630334	0.008443547169383645
5.588850008679146e-07	1.5940975518740523	0.008440521399183588
5.589424532829733e-07	1.594091660679529	0.008437495317939575
5.589999116040413e-07	1.594085768879401	0.008434468925619618
5.590573758317257e-07	1.594079876473606	0.008431442222191745
5.591148459666326e-07	1.594073983462082	0.008428415207624038
5.591723220093714e-07	1.5940680898447666	0.008425387881884384
5.592298039605484e-07	1.5940621956215975	0.008422360244940866
5.592872918207708e-07	1.5940563007925124	0.00841933229676149
5.593447855906464e-07	1.5940504053574487	0.008416304037314252
5.594022852707823e-07	1.594044509316345	0.008413275466567166
5.594597908617851e-07	1.594038612669138	0.008410246584488284
5.595173023642648e-07	1.594032715415766	0.008407217391045482
5.595748197788278e-07	1.5940268175561665	0.008404187886206817
5.596323431060819e-07	1.5940209190902772	0.008401158069940271
5.59689872346635e-07	1.5940150200180359	0.008398127942213831
5.597474075010948e-07	1.5940091203393798	0.008395097502995493
5.598049485700683e-07	1.5940032200542473	0.008392066752253274
5.598624955541655e-07	1.5939973191625754	0.00838903568995505
5.599200484539937e-07	1.5939914176643017	0.008386004316068837
5.599776072701608e-07	1.5939855155593647	0.008382972630562615
5.600351720032749e-07	1.593979612847701	0.008379940633404349
5.600927426539445e-07	1.5939737095292492	0.008376908324561998
5.601503192227776e-07	1.5939678056039461	0.008373875704003523
5.602079017103819e-07	1.59396190107173	0.008370842771696935
5.602654901173677e-07	1.593955995932538	0.008367809527610081
5.603230844443424e-07	1.5939500901863077	0.008364775971710958
5.603806846919148e-07	1.593944183832977	0.008361742103967514
5.604382908606934e-07	1.5939382768724832	0.008358707924347696
5.604959029512857e-07	1.5939323693047645	0.008355673432819502
5.605535209643028e-07	1.5939264611297577	0.008352638629350746
5.606111449003524e-07	1.5939205523474007	0.008349603513909423
5.606687747600433e-07	1.5939146429576307	0.00834656808646346
5.607264105439844e-07	1.593908732960386	0.008343532346980789
5.607840522527849e-07	1.5939028223556038	0.008340496295429331
5.608416998870537e-07	1.5938969111432215	0.008337459931776998
5.608993534473988e-07	1.5938909993231767	0.008334423255991782
5.609570129344316e-07	1.593885086895407	0.008331386268041469
5.610146783487605e-07	1.5938791738598503	0.008328348967894021
5.610723496909945e-07	1.5938732602164432	0.008325311355517355
5.611300269617432e-07	1.593867345965124	0.008322273430879368
5.611877101616159e-07	1.59386143110583	0.008319235193947965
5.61245399291221e-07	1.5938555156384984	0.008316196644691102
5.613030943511704e-07	1.5938495995630673	0.00831315778307655
5.613607953420725e-07	1.5938436828794735	0.008310118609072263
5.614185022645371e-07	1.5938377655876548	0.008307079122646117
5.614762151191738e-07	1.5938318476875488	0.008304039323766013
5.615339339065926e-07	1.593825929179093	0.008300999212399816
5.61591658627402e-07	1.593820010062225	0.008297958788515476
5.616493892822146e-07	1.5938140903368816	0.00829491805208073
5.617071258716389e-07	1.5938081700030007	0.008291877003063525
5.617648683962851e-07	1.5938022490605197	0.008288835641431722
5.618226168567634e-07	1.5937963275093758	0.008285793967153178
5.618803712536838e-07	1.593790405349507	0.008282751980195764
5.619381315876557e-07	1.5937844825808503	0.008279709680527391
5.619958978592914e-07	1.593778559203343	0.008276667068115797
5.620536700692004e-07	1.5937726352169228	0.008273624142928886
5.62111448217993e-07	1.593766710621527	0.00827058090493451
5.621692323062798e-07	1.5937607854170928	0.008267537354100511
5.622270223346712e-07	1.593754859603558	0.008264493490394738
5.622848183037768e-07	1.5937489331808599	0.008261449313785075
5.623426202142096e-07	1.5937430061489357	0.008258404824239245
5.624004280665792e-07	1.5937370785077225	0.008255360021725132
5.624582418614964e-07	1.5937311502571583	0.008252314906210569
5.625160615995721e-07	1.5937252213971802	0.008249269477663378
5.625738872814173e-07	1.5937192919277257	0.008246223736051375
5.626317189076429e-07	1.5937133618487314	0.00824317768134239
5.626895564788589e-07	1.5937074311601358	0.008240131313504286
5.627473999956787e-07	1.5937014998618753	0.008237084632504759
5.628052494587123e-07	1.5936955679538873	0.008234037638311676
5.628631048685711e-07	1.5936896354361096	0.008230990330892836
5.629209662258663e-07	1.5936837023084793	0.00822794271021605
5.629788335312093e-07	1.5936777685709338	0.008224894776249105
5.630367067852106e-07	1.5936718342234104	0.008221846528959858
5.630945859884836e-07	1.5936658992658461	0.008218797968315988
5.631524711416391e-07	1.5936599636981785	0.008215749094285338
5.632103622452885e-07	1.5936540275203448	0.008212699906835689
5.632682593000438e-07	1.593648090732282	0.00820965040593482
5.633261623065163e-07	1.5936421533339278	0.008206600591550518
5.633840712653171e-07	1.5936362153252193	0.008203550463650613
5.634419861770602e-07	1.593630276706094	0.008200500022202755
5.634999070423565e-07	1.5936243374764882	0.008197449267174767
5.635578338618178e-07	1.5936183976363403	0.008194398198534425
5.636157666360564e-07	1.593612457185587	0.008191346816249483
5.636737053656845e-07	1.5936065161241655	0.008188295120287696
5.637316500513128e-07	1.5936005744520132	0.008185243110616892
5.637896006935562e-07	1.5935946321690673	0.008182190787204686
5.638475572930257e-07	1.5935886892752649	0.008179138150018896
5.639055198503339e-07	1.5935827457705434	0.008176085199027256
5.63963488366093e-07	1.5935768016548395	0.008173031934197522
5.640214628409156e-07	1.593570856928091	0.008169978355497421
5.640794432754132e-07	1.593564911590235	0.008166924462894756
5.641374296702008e-07	1.5935589656412081	0.008163870256357125
5.641954220258897e-07	1.5935530190809482	0.008160815735852336
5.64253420343093e-07	1.5935470719093923	0.008157760901348093
5.643114246224233e-07	1.593541124126477	0.00815470575281213
5.643694348644935e-07	1.5935351757321397	0.008151650290212167
5.644274510699167e-07	1.5935292267263184	0.008148594513515905
5.644854732393047e-07	1.593523277108949	0.008145538422691131
5.645435013732729e-07	1.5935173268799692	0.00814248201770542
5.646015354724333e-07	1.5935113760393165	0.008139425298526546
5.64659575537399e-07	1.5935054245869273	0.008136368265122212
5.647176215687834e-07	1.5934994725227392	0.008133310917460106
5.647756735671987e-07	1.5934935198466893	0.00813025325550799
5.648337315332605e-07	1.5934875665587143	0.008127195279233434
5.648917954675812e-07	1.5934816126587517	0.008124136988604187
5.649498653707743e-07	1.5934756581467382	0.008121078383587933
5.650079412434534e-07	1.5934697030226115	0.008118019464152354
5.650660230862321e-07	1.593463747286308	0.008114960230265129
5.651241108997241e-07	1.5934577909377652	0.00811190068189393
5.651822046845422e-07	1.5934518339769201	0.00810884081900649
5.652403044413024e-07	1.5934458764037096	0.008105780641570361
5.652984101706175e-07	1.593439918218071	0.008102720149553258
5.653565218731014e-07	1.5934339594199407	0.008099659342922854
5.654146395493682e-07	1.5934280000092569	0.008096598221646802
5.654727632000319e-07	1.5934220399859553	0.00809353678569276
5.655308928257057e-07	1.5934160793499739	0.008090475035028435
5.65589028427006e-07	1.5934101181012492	0.008087412969621354
5.656471700045459e-07	1.593404156239719	0.008084350589439229
5.657053175589397e-07	1.593398193765319	0.008081287894449698
5.65763471090802e-07	1.5933922306779873	0.008078224884620398
5.658216306007472e-07	1.5933862669776602	0.008075161559918968
5.658797960893886e-07	1.5933803026642754	0.008072097920313097
5.659379675573432e-07	1.5933743377377692	0.00806903396577029
5.659961450052243e-07	1.5933683721980787	0.008065969696258241
5.66054328433647e-07	1.5933624060451415	0.008062905111744562
5.661125178432258e-07	1.5933564392788933	0.008059840212196877
5.661707132345756e-07	1.5933504718992724	0.008056774997582799
5.662289146083115e-07	1.593344503906215	0.00805370946786994
5.66287121965047e-07	1.5933385352996585	0.00805064362302597
5.663453353053997e-07	1.593332566079539	0.008047577463018376
5.664035546299836e-07	1.593326596245794	0.00804451098781481
5.664617799394136e-07	1.5933206257983605	0.008041444197382881
5.66520011234305e-07	1.593314654737175	0.008038377091690183
5.665782485152722e-07	1.5933086830621754	0.008035309670704358
5.666364917829326e-07	1.5933027107732978	0.008032241934392888
5.666947410379006e-07	1.5932967378704788	0.008029173882723407
5.667529962807916e-07	1.5932907643536556	0.0080261055156635
5.668112575122212e-07	1.5932847902227656	0.008023036833180749
5.668695247328051e-07	1.593278815477745	0.008019967835242723
5.669277979431588e-07	1.5932728401185305	0.008016898521817
5.669860771438968e-07	1.5932668641450602	0.008013828892871208
5.670443623356376e-07	1.5932608875572696	0.008010758948372786
5.671026535189955e-07	1.5932549103550961	0.008007688688289362
5.671609506945867e-07	1.5932489325384767	0.008004618112588494
5.672192538630271e-07	1.5932429541073478	0.00800154722123773
5.672775630249327e-07	1.5932369750616466	0.007998476014204628
5.673358781809186e-07	1.5932309954013102	0.007995404491456795
5.673941993316031e-07	1.5932250151262748	0.007992332652961658
5.674525264776015e-07	1.5932190342364771	0.007989260498686816
5.675108596195299e-07	1.5932130527318544	0.007986188028599807
5.675691987580049e-07	1.5932070706123433	0.007983115242668168
5.676275438936427e-07	1.5932010878778806	0.007980042140859431
5.676858950270588e-07	1.5931951045284034	0.00797696872314118
5.67744252158872e-07	1.593189120563848	0.007973894989480828
5.678026152896978e-07	1.5931831359841513	0.00797082093984595
5.678609844201529e-07	1.59317715078925	0.007967746574204066
5.67919359550854e-07	1.593171164979081	0.007964671892522692
5.679777406824181e-07	1.5931651785535814	0.007961596894769336
5.680361278154605e-07	1.5931591915126875	0.007958521580911579
5.68094520950601e-07	1.5931532038563359	0.007955445950916785
5.681529200884549e-07	1.5931472155844633	0.007952370004752539
5.682113252296398e-07	1.593141226697007	0.007949293742386317
5.682697363747724e-07	1.5931352371939034	0.00794621716378563
5.683281535244702e-07	1.593129247075089	0.00794314026891796
5.683865766793491e-07	1.5931232563405011	0.007940063057750866
5.684450058400287e-07	1.5931172649900758	0.007936985530251702
5.685034410071255e-07	1.5931112730237498	0.007933907686388018
5.685618821812567e-07	1.5931052804414603	0.007930829526127281
5.686203293630399e-07	1.5930992872431435	0.007927751049436983
5.686787825530928e-07	1.593093293428736	0.007924672256284576
5.687372417520327e-07	1.5930872989981752	0.007921593146637545
5.687957069604765e-07	1.593081303951397	0.007918513720463406
5.688541781790442e-07	1.5930753082883384	0.0079154339777295
5.689126554083523e-07	1.5930693120089359	0.007912353918403354
5.689711386490189e-07	1.5930633151131262	0.007909273542452409
5.690296279016618e-07	1.593057317600846	0.007906192849844128
5.69088123166899e-07	1.5930513194720317	0.007903111840545957
5.691466244453477e-07	1.5930453207266204	0.007900030514525395
5.69205131737628e-07	1.5930393213645482	0.007896948871749774
5.692636450443573e-07	1.593033321385752	0.00789386691218658
5.693221643661536e-07	1.5930273207901682	0.007890784635803253
5.693806897036354e-07	1.5930213195777336	0.007887702042567227
5.69439221057421e-07	1.5930153177483848	0.00788461913244593
5.694977584281278e-07	1.5930093153020581	0.007881535905406844
5.695563018163766e-07	1.5930033122386904	0.007878452361417265
5.696148512227848e-07	1.592997308558218	0.007875368500444683
5.69673406647971e-07	1.592991304260578	0.00787228432245651
5.697319680925542e-07	1.5929852993457059	0.007869199827420147
5.697905355571529e-07	1.5929792938135392	0.007866115015303012
5.698491090423849e-07	1.5929732876640141	0.007863029886072568
5.699076885488713e-07	1.5929672808970672	0.0078599444396961
5.699662740772301e-07	1.5929612735126353	0.007856858676141054
5.700248656280804e-07	1.5929552655106543	0.00785377259537483
5.70083463202041e-07	1.5929492568910613	0.007850686197364828
5.701420667997313e-07	1.5929432476537921	0.00784759948207842
5.702006764217692e-07	1.5929372377987843	0.00784451244948307
5.702592920687765e-07	1.5929312273259733	0.007841425099546023
5.703179137413713e-07	1.592925216235296	0.007838337432234723
5.703765414401732e-07	1.5929192045266891	0.007835249447516538
5.704351751658013e-07	1.592913192200089	0.007832161145358852
5.704938149188754e-07	1.592907179255432	0.007829072525729024
5.705524607000151e-07	1.5929011656926546	0.007825983588594418
5.706111125098388e-07	1.5928951515116934	0.007822894333922465
5.706697703489688e-07	1.5928891367124844	0.007819804761680385
5.707284342180235e-07	1.5928831212949648	0.007816714871835606
5.707871041176228e-07	1.592877105259071	0.00781362466435548
5.708457800483868e-07	1.5928710886047384	0.007810534139207344
5.709044620109353e-07	1.5928650713319041	0.0078074432963585495
5.709631500058873e-07	1.592859053440505	0.007804352135776499
5.710218440338652e-07	1.5928530349304768	0.007801260657428404
5.710805440954881e-07	1.592847015801756	0.007798168861281658
5.711392501913761e-07	1.5928409960542793	0.007795076747303603
5.711979623221497e-07	1.5928349756879832	0.0077919843154615545
5.712566804884291e-07	1.5928289547028032	0.007788891565722842
5.713154046908336e-07	1.592822933098677	0.007785798498054847
5.713741349299862e-07	1.5928169108755397	0.007782705112424764
5.714328712065061e-07	1.5928108880333283	0.007779611408799972
5.71491613521014e-07	1.5928048645719795	0.007776517387147776
5.715503618741307e-07	1.592798840491429	0.007773423047435483
5.716091162664768e-07	1.5927928157916131	0.007770328389630403
5.716678766986721e-07	1.592786790472469	0.007767233413699892
5.717266431713397e-07	1.592780764533932	0.007764138119611128
5.717854156850993e-07	1.5927747379759394	0.0077610425073314695
5.718441942405722e-07	1.5927687107984265	0.007757946576828199
5.719029788383793e-07	1.5927626830013306	0.007754850328068602
5.719617694791418e-07	1.592756654584587	0.007751753761019974
5.720205661634796e-07	1.592750625548133	0.007748656875649648
5.720793688920164e-07	1.5927445958919042	0.007745559671924785
5.721381776653724e-07	1.5927385656158373	0.007742462149812715
5.72196992484169e-07	1.5927325347198682	0.007739364309280707
5.722558133490277e-07	1.5927265032039335	0.007736266150296028
5.723146402605697e-07	1.5927204710679697	0.007733167672825951
5.723734732194171e-07	1.592714438311912	0.007730068876837719
5.7243231222619e-07	1.5927084049356979	0.0077269697622986706
5.724911572815126e-07	1.592702370939263	0.007723870329175922
5.725500083860055e-07	1.5926963363225437	0.00772077057743679
5.726088655402906e-07	1.5926903010854763	0.007717670507048517
5.726677287449896e-07	1.5926842652279967	0.007714570117978354
5.727265980007235e-07	1.5926782287500414	0.0077114694101935955
5.727854733081167e-07	1.5926721916515465	0.00770836838366136
5.728443546677899e-07	1.5926661539324485	0.007705267038348944
5.729032420803655e-07	1.5926601155926834	0.007702165374223569
5.729621355464657e-07	1.5926540766321873	0.007699063391252465
5.730210350667127e-07	1.5926480370508962	0.007695961089402858
5.730799406417288e-07	1.5926419968487466	0.0076928584686419684
5.731388522721354e-07	1.592635956025675	0.007689755528937075
5.731977699585573e-07	1.5926299145816167	0.0076866522702552596
5.732566937016157e-07	1.592623872516509	0.007683548692563804
5.733156235019335e-07	1.5926178298302869	0.007680444795829905
5.733745593601332e-07	1.5926117865228875	0.00767734058002077
5.734335012768375e-07	1.592605742594246	0.007674236045103604
5.734924492526683e-07	1.5925996980442994	0.007671131191045653
5.735514032882504e-07	1.5925936528729832	0.007668026017813999
5.736103633842059e-07	1.592587607080234	0.007664920525375882
5.736693295411575e-07	1.5925815606659879	0.007661814713698502
5.737283017597286e-07	1.5925755136301805	0.0076587085827490246
5.737872800405421e-07	1.5925694659727485	0.00765560213249464
5.738462643842201e-07	1.5925634176936274	0.007652495362902584
5.739052547913881e-07	1.592557368792754	0.007649388273939909
5.739642512626684e-07	1.5925513192700638	0.0076462808655738375
5.740232537986841e-07	1.5925452691254929	0.007643173137771547
5.74082262400059e-07	1.592539218358978	0.007640065090500187
5.741412770674164e-07	1.5925331669704543	0.0076369567237269285
5.7420029780138e-07	1.5925271149598588	0.007633848037418915
5.74259324602572e-07	1.5925210623271266	0.007630739031543371
5.743183574716187e-07	1.5925150090721945	0.007627629706067323
5.743773964091427e-07	1.5925089551949982	0.007624520060957967
5.744364414157676e-07	1.5925029006954734	0.0076214100961824564
5.744954924921176e-07	1.5924968455735566	0.00761829981170792
5.745545496388152e-07	1.592490789829184	0.00761518920750157
5.746136128564869e-07	1.5924847334622911	0.007612078283530399
5.746726821457556e-07	1.592478676472814	0.007608967039761607
5.747317575072456e-07	1.5924726188606892	0.0076058554761623135
5.747908389415808e-07	1.592466560625852	0.0076027435926996475
5.748499264493857e-07	1.592460501768239	0.0075996313893407184
5.749090200312846e-07	1.5924544422877853	0.00759651886605265
5.749681196879007e-07	1.5924483821844277	0.007593406022802613
5.750272254198609e-07	1.592442321458102	0.007590292859557592
5.750863372277883e-07	1.592436260108744	0.007587179376284757
5.751454551123079e-07	1.59243019813629	0.0075840655729512
5.752045790740441e-07	1.5924241355406756	0.007580951449524029
5.752637091136217e-07	1.5924180723218369	0.007577837005970336
5.753228452316643e-07	1.5924120084797093	0.007574722242257272
5.753819874287991e-07	1.5924059440142295	0.007571607158351807
5.754411357056499e-07	1.592399878925333	0.007568491754221083
5.755002900628416e-07	1.592393813212956	0.007565376029832179
5.755594505009993e-07	1.592387746877034	0.007562259985152183
5.756186170207481e-07	1.592381679917503	0.007559143620148156
5.75677789622712e-07	1.5923756123342994	0.007556026934787243
5.757369683075185e-07	1.5923695441273586	0.007552909929036388
5.75796153075792e-07	1.5923634752966165	0.0075497926028627056
5.758553439281576e-07	1.5923574058420091	0.007546674956233264
5.759145408652409e-07	1.592351335763472	0.007543556989115122
5.759737438876671e-07	1.5923452650609415	0.007540438701475339
5.760329529960611e-07	1.5923391937343532	0.007537320093281015
5.760921681910504e-07	1.5923331217836432	0.007534201164499082
5.761513894732598e-07	1.592327049208747	0.007531081915096645
5.76210616843315e-07	1.5923209760096002	0.007527962345040744
5.762698503018417e-07	1.5923149021861391	0.007524842454298419
5.763290898494659e-07	1.5923088277382997	0.007521722242836698
5.763883354868124e-07	1.5923027526660176	0.007518601710622673
5.764475872145094e-07	1.5922966769692284	0.00751548085762326
5.76506845033182e-07	1.5922906006478679	0.007512359683805531
5.765661089434562e-07	1.5922845237018721	0.007509238189136518
5.766253789459583e-07	1.5922784461311768	0.007506116373583227
5.766846550413145e-07	1.5922723679357176	0.0075029942371126765
5.767439372301512e-07	1.5922662891154304	0.007499871779691876
5.768032255130935e-07	1.592260209670251	0.007496749001287901
5.768625198907704e-07	1.5922541296001151	0.007493625901867617
5.769218203638071e-07	1.5922480489049586	0.007490502481398096
5.769811269328302e-07	1.5922419675847168	0.007487378739846339
5.770404395984665e-07	1.5922358856393262	0.007484254677179327
5.770997583613426e-07	1.5922298030687214	0.007481130293364054
5.771590832220841e-07	1.5922237198728397	0.007478005588367576
5.772184141813202e-07	1.5922176360516154	0.007474880562156748
5.772777512396767e-07	1.5922115516049848	0.007471755214698606
5.773370943977806e-07	1.5922054665328838	0.00746862954596013
5.773964436562589e-07	1.5921993808352475	0.007465503555908295
5.774557990157387e-07	1.592193294512012	0.0074623772445100685
5.775151604768459e-07	1.5921872075631134	0.007459250611732483
5.775745280402103e-07	1.5921811199884868	0.00745612365754237
5.776339017064579e-07	1.5921750317880679	0.007452996381906752
5.776932814762161e-07	1.5921689429617925	0.00744986878479259
5.777526673501122e-07	1.592162853509596	0.007446740866166838
5.77812059328774e-07	1.5921567634314147	0.007443612625996434
5.778714574128275e-07	1.5921506727271837	0.007440484064248401
5.77930861602903e-07	1.592144581396839	0.007437355180889541
5.779902718996268e-07	1.5921384894403157	0.007434225975886865
5.780496883036267e-07	1.5921323968575498	0.007431096449207308
5.781091108155306e-07	1.592126303648477	0.007427966600817808
5.781685394359663e-07	1.5921202098130327	0.007424836430685278
5.782279741655607e-07	1.5921141153511529	0.007421705938776713
5.782874150049439e-07	1.5921080202627726	0.007418575125058919
5.783468619547431e-07	1.592101924547828	0.0074154439894988655
5.784063150155863e-07	1.5920958282062543	0.007412312532063469
5.784657741881017e-07	1.5920897312379871	0.00740918075271965
5.785252394729176e-07	1.5920836336429622	0.007406048651434305
5.785847108706622e-07	1.5920775354211147	0.0074029162281743525
5.786441883819629e-07	1.592071436572381	0.007399783482906742
5.787036720074504e-07	1.5920653370966957	0.007396650415598256
5.787631617477523e-07	1.592059236993995	0.007393517026215845
5.788226576034968e-07	1.5920531362642145	0.007390383314726412
5.788821595753128e-07	1.592047034907289	0.007387249281096834
5.789416676638278e-07	1.592040932923155	0.007384114925294062
5.790011818696729e-07	1.5920348303117473	0.007380980247284854
5.790607021934758e-07	1.5920287270730018	0.007377845247036148
5.791202286358655e-07	1.5920226232068537	0.0073747099245148155
5.791797611974709e-07	1.5920165187132387	0.007371574279687733
5.79239299878921e-07	1.5920104135920923	0.007368438312521762
5.79298844680845e-07	1.5920043078433501	0.007365302022983773
5.793583956038708e-07	1.5919982014669474	0.007362165411040686
5.794179526486302e-07	1.5919920944628196	0.007359028476659229
5.79477515815751e-07	1.5919859868309023	0.007355891219806329
5.795370851058629e-07	1.591979878571131	0.007352753640448827
5.795966605195951e-07	1.5919737696834413	0.007349615738553574
5.796562420575771e-07	1.5919676601677684	0.007346477514087418
5.797158297204375e-07	1.5919615500240478	0.007343338967017249
5.797754235088081e-07	1.5919554392522146	0.00734020009730979
5.798350234233173e-07	1.591949327852205	0.007337060904931937
5.798946294645952e-07	1.591943215823954	0.007333921389850515
5.799542416332714e-07	1.5919371031673968	0.007330781552032352
5.800138599299758e-07	1.5919309898824692	0.007327641391444267
5.800734843553372e-07	1.5919248759691065	0.007324500908053151
5.801331149099879e-07	1.5919187614272439	0.0073213601018256936
5.801927515945569e-07	1.5919126462568172	0.007318218972728767
5.802523944096744e-07	1.591906530457761	0.007315077520729177
5.803120433559705e-07	1.5919004140300115	0.007311935745793738
5.803716984340754e-07	1.591894296973504	0.007308793647889253
5.804313596446196e-07	1.5918881792881732	0.0073056512269825125
5.804910269882322e-07	1.5918820609739552	0.007302508483040385
5.805507004655462e-07	1.5918759420307849	0.007299365416029525
5.806103800771908e-07	1.5918698224585976	0.007296222025916798
5.806700658237967e-07	1.5918637022573292	0.0072930783126689816
5.807297577059943e-07	1.5918575814269145	0.007289934276252868
5.807894557244135e-07	1.5918514599672888	0.007286789916635283
5.808491598796873e-07	1.5918453378783881	0.007283645233782888
5.809088701724453e-07	1.5918392151601468	0.007280500227662513
5.809685866033187e-07	1.5918330918125005	0.007277354898240923
5.810283091729381e-07	1.591826967835385	0.007274209245484898
5.810880378819349e-07	1.5918208432287348	0.007271063269361181
5.8114777273094e-07	1.5918147179924858	0.007267916969836544
5.812075137205834e-07	1.591808592126573	0.007264770346877801
5.812672608514988e-07	1.591802465630932	0.007261623400451578
5.813270141243164e-07	1.5917963385054974	0.00725847613052468
5.813867735396674e-07	1.5917902107502053	0.0072553285370638605
5.814465390981833e-07	1.5917840823649905	0.007252180620035858
5.815063108004957e-07	1.5917779533497876	0.007249032379407408
5.815660886472349e-07	1.591771823704533	0.007245883815145305
5.816258726390349e-07	1.5917656934291615	0.007242734927216163
5.816856627765263e-07	1.591759562523608	0.007239585715586765
5.817454590603407e-07	1.5917534309878083	0.007236436180223841
5.818052614911101e-07	1.591747298821697	0.007233286321094108
5.818650700694664e-07	1.5917411660252099	0.0072301361381642846
5.819248847960402e-07	1.5917350325982815	0.007226985631401144
5.819847056714661e-07	1.5917288985408478	0.007223834800771278
5.820445326963749e-07	1.591722763852843	0.0072206836462414496
5.821043658713987e-07	1.5917166285342033	0.00721753216777837
5.821642051971699e-07	1.591710492584863	0.007214380365348726
5.822240506743206e-07	1.5917043560047581	0.007211228238919227
5.82283902303482e-07	1.5916982187938236	0.007208075788456629
5.823437600852891e-07	1.5916920809519937	0.007204923013927489
5.824036240203729e-07	1.5916859424792045	0.007201769915298561
5.82463494109366e-07	1.5916798033753907	0.007198616492536532
5.825233703529012e-07	1.591673663640488	0.007195462745608068
5.82583252751611e-07	1.5916675232744308	0.007192308674479861
5.826431413061271e-07	1.591661382277155	0.0071891542791186385
5.827030360170846e-07	1.5916552406485946	0.007185999559490939
5.827629368851151e-07	1.591649098388686	0.007182844515563506
5.828228439108516e-07	1.5916429554973632	0.007179689147302992
5.828827570949272e-07	1.591636811974562	0.007176533454676056
5.829426764379749e-07	1.5916306678202172	0.007173377437649354
5.830026019406277e-07	1.5916245230342638	0.007170221096189543
5.830625336035178e-07	1.591618377616637	0.0071670644302633335
5.831224714272808e-07	1.591612231567272	0.007163907439837239
5.831824154125487e-07	1.5916060848861038	0.0071607501248779695
5.832423655599551e-07	1.5915999375730672	0.007157592485352162
5.833023218701333e-07	1.5915937896280974	0.007154434521226454
5.833622843437168e-07	1.5915876410511296	0.0071512762324674765
5.834222529813382e-07	1.5915814918420987	0.007148117619041917
5.834822277836334e-07	1.5915753420009393	0.007144958680916276
5.835422087512348e-07	1.5915691915275871	0.007141799418057245
5.836021958847765e-07	1.5915630404219772	0.00713863983043143
5.83662189184892e-07	1.5915568886840437	0.007135479918005454
5.837221886522154e-07	1.5915507363137222	0.007132319680745926
5.837821942873796e-07	1.5915445833109478	0.007129159118619513
5.838422060910207e-07	1.5915384296756554	0.007125998231592701
5.839022240637719e-07	1.5915322754077796	0.007122837019632147
5.839622482062673e-07	1.591526120507256	0.0071196754827044465
5.840222785191412e-07	1.591519964974019	0.007116513620776201
5.840823150030277e-07	1.5915138088080039	0.007113351433813999
5.8414235765856e-07	1.5915076520091456	0.007110188921784491
5.842024064863752e-07	1.5915014945773787	0.007107026084654128
5.842624614871064e-07	1.5914953365126387	0.007103862922389561
5.843225226613881e-07	1.5914891778148603	0.007100699434957362
5.843825900098551e-07	1.591483018483978	0.007097535622324106
5.844426635331421e-07	1.5914768585199273	0.0070943714844563625
5.845027432318824e-07	1.591470697922643	0.007091207021320763
5.845628291067135e-07	1.59146453669206	0.007088042232883745
5.84622921158269e-07	1.5914583748281128	0.007084877119111927
5.846830193871837e-07	1.591452212330737	0.00708171167997187
5.84743123794093e-07	1.5914460491998668	0.007078545915430118
5.848032343796317e-07	1.5914398854354377	0.007075379825453229
5.848633511444349e-07	1.591433721037384	0.0070722134100077464
5.849234740891369e-07	1.5914275560056408	0.007069046669060273
5.849836032143752e-07	1.5914213903401428	0.007065879602577223
5.850437385207839e-07	1.5914152240408252	0.007062712210525199
5.851038800089985e-07	1.5914090571076227	0.007059544492870729
5.851640276796543e-07	1.5914028895404697	0.007056376449580345
5.852241815333872e-07	1.5913967213393019	0.007053208080620567
5.852843415708314e-07	1.5913905525040537	0.007050039385957982
5.853445077926249e-07	1.5913843830346597	0.007046870365558986
5.854046801994023e-07	1.5913782129310545	0.00704370101939015
5.854648587917996e-07	1.5913720421931736	0.0070405313474179885
5.855250435704524e-07	1.5913658708209515	0.00703736134960901
5.855852345359967e-07	1.591359698814323	0.007034191025929723
5.856454316890673e-07	1.591353526173223	0.007031020376346687
5.857056350303029e-07	1.5913473528975857	0.00702784940082627
5.857658445603381e-07	1.5913411789873466	0.007024678099335038
5.858260602798092e-07	1.5913350044424401	0.007021506471839476
5.858862821893526e-07	1.591328829262801	0.007018334518306071
5.859465102896045e-07	1.5913226534483642	0.007015162238701309
5.860067445812001e-07	1.5913164769990642	0.007011989632991735
5.860669850647784e-07	1.5913102999148359	0.007008816701143691
5.861272317409745e-07	1.5913041221956137	0.00700564344312373
5.861874846104251e-07	1.591297943841333	0.007002469858898307
5.862477436737669e-07	1.591291764851928	0.006999295948433892
5.863080089316365e-07	1.5912855852273338	0.006996121711696956
5.863682803846697e-07	1.5912794049674843	0.006992947148654013
5.864285580335055e-07	1.591273224072315	0.006989772259271397
5.864888418787797e-07	1.5912670425417603	0.006986597043515625
5.865491319211294e-07	1.591260860375755	0.006983421501353143
5.866094281611916e-07	1.5912546775742338	0.0069802456327503985
5.866697305996033e-07	1.591248494137131	0.006977069437673832
5.867300392370018e-07	1.5912423100643818	0.006973892916089889
5.867903540740232e-07	1.5912361253559202	0.006970716067965056
5.86850675111307e-07	1.5912299400116816	0.006967538893265653
5.869110023494894e-07	1.5912237540315997	0.006964361391958166
5.869713357892081e-07	1.5912175674156104	0.0069611835640090184
5.870316754311004e-07	1.5912113801636472	0.006958005409384634
5.870920212758026e-07	1.5912051922756454	0.006954826928051493
5.871523733239549e-07	1.591199003751539	0.006951648119975887
5.872127315761938e-07	1.5911928145912633	0.006948468985124287
5.872730960331571e-07	1.5911866247947528	0.0069452895234631
5.873334666954825e-07	1.5911804343619413	0.006942109734958734
5.873938435638079e-07	1.5911742432927647	0.006938929619577591
5.874542266387714e-07	1.5911680515871562	0.006935749177286061
5.875146159210097e-07	1.5911618592450514	0.006932568408050615
5.875750114111634e-07	1.5911556662663844	0.006929387311837502
5.876354131098694e-07	1.59114947265109	0.006926205888613184
5.87695821017766e-07	1.5911432783991022	0.006923024138344039
5.877562351354914e-07	1.5911370835103562	0.00691984206099645
5.878166554636839e-07	1.5911308879847865	0.006916659656536794
5.87877082002981e-07	1.5911246918223272	0.0069134769249314994
5.879375147540233e-07	1.5911184950229134	0.006910293866146828
5.879979537174484e-07	1.5911122975864789	0.006907110480149188
5.880583988938946e-07	1.591106099512959	0.006903926766904959
5.88118850284001e-07	1.5910999008022872	0.006900742726380491
5.88179307888406e-07	1.591093701454399	0.006897558358542144
5.882397717077474e-07	1.591087501469229	0.006894373663356336
5.883002417426664e-07	1.5910813008467106	0.0068911886407892866
5.883607179938007e-07	1.5910750995867793	0.006888003290807407
5.884212004617896e-07	1.5910688976893685	0.006884817613377033
5.88481689147272e-07	1.591062695154414	0.0068816316084645114
5.885421840508869e-07	1.5910564919818493	0.006878445276036178
5.886026851732737e-07	1.5910502881716089	0.006875258616058357
5.886631925150704e-07	1.5910440837236282	0.006872071628497445
5.887237060769188e-07	1.5910378786378403	0.0068688843133196415
5.887842258594572e-07	1.5910316729141805	0.0068656966704913275
5.888447518633248e-07	1.5910254665525831	0.006862508699978827
5.889052840891613e-07	1.5910192595529824	0.00685932040174845
5.889658225376052e-07	1.5910130519153127	0.006856131775766568
5.890263672092985e-07	1.5910068436395088	0.006852942821999371
5.890869181048797e-07	1.5910006347255043	0.006849753540413219
5.891474752249885e-07	1.5909944251732346	0.00684656393097442
5.892080385702651e-07	1.5909882149826335	0.006843373993649261
5.892686081413491e-07	1.5909820041536358	0.006840183728404046
5.893291839388808e-07	1.5909757926861752	0.006836993135205055
5.893897659634987e-07	1.5909695805801864	0.006833802214018653
5.894503542158456e-07	1.590963367835604	0.006830610964810981
5.895109486965604e-07	1.5909571544523622	0.006827419387548396
5.895715494062835e-07	1.590950940430395	0.006824227482197161
5.896321563456552e-07	1.5909447257696376	0.006821035248723558
5.896927695153158e-07	1.5909385104700233	0.006817842687093855
5.897533889159045e-07	1.5909322945314872	0.00681464979727438
5.898140145480644e-07	1.5909260779539633	0.006811456579231272
5.898746464124347e-07	1.5909198607373858	0.006808263032930851
5.899352845096563e-07	1.590913642881689	0.006805069158339375
5.899959288403698e-07	1.5909074243868075	0.006801874955423091
5.900565794052159e-07	1.5909012052526754	0.006798680424148254
5.901172362048345e-07	1.5908949854792276	0.006795485564481166
5.901778992398687e-07	1.5908887650663972	0.006792290376387951
5.902385685109583e-07	1.590882544014119	0.006789094859834904
5.902992440187446e-07	1.5908763223223277	0.006785899014788257
5.903599257638685e-07	1.590870099990957	0.00678270284121425
5.904206137469712e-07	1.5908638770199415	0.006779506339079109
5.904813079686928e-07	1.5908576534092151	0.006776309508349116
5.90542008429677e-07	1.5908514291587124	0.006773112348990371
5.906027151305639e-07	1.5908452042683676	0.006769914860969157
5.906634280719952e-07	1.5908389787381145	0.006766717044251678
5.907241472546121e-07	1.5908327525678876	0.006763518898804156
5.907848726790565e-07	1.5908265257576213	0.006760320424592789
5.908456043459687e-07	1.59082029830725	0.006757121621583845
5.909063422559927e-07	1.5908140702167068	0.0067539224897434046
5.909670864097692e-07	1.590807841485927	0.006750723029037725
5.910278368079402e-07	1.5908016121148443	0.006747523239432992
5.910885934511473e-07	1.5907953821033929	0.006744323120895405
5.911493563400326e-07	1.5907891514515073	0.006741122673391147
5.912101254752383e-07	1.5907829201591213	0.006737921896886401
5.91270900857405e-07	1.5907766882261694	0.006734720791347408
5.913316824871777e-07	1.5907704556525852	0.006731519356740216
5.913924703651971e-07	1.5907642224383034	0.006728317593031066
5.914532644921055e-07	1.5907579885832577	0.006725115500186123
5.915140648685455e-07	1.5907517540873826	0.006721913078171554
5.915748714951595e-07	1.590745518950612	0.006718710326953519
5.916356843725887e-07	1.5907392831728804	0.006715507246498238
5.91696503501478e-07	1.5907330467541212	0.006712303836771745
5.917573288824691e-07	1.5907268096942688	0.00670910009774025
5.918181605162044e-07	1.5907205719932578	0.006705896029369908
5.91878998403327e-07	1.5907143336510217	0.006702691631626854
5.919398425444795e-07	1.5907080946674945	0.006699486904477235
5.920006929403035e-07	1.590701855042611	0.006696281847887253
5.920615495914448e-07	1.5906956147763047	0.006693076461822909
5.921224124985449e-07	1.5906893738685097	0.0066898707462504
5.921832816622468e-07	1.5906831323191601	0.006686664701135859
5.92244157083194e-07	1.5906768901281902	0.006683458326445403
5.923050387620296e-07	1.5906706472955334	0.00668025162214515
5.923659266993956e-07	1.5906644038211244	0.006677044588201286
5.924268208959379e-07	1.5906581597048972	0.006673837224579797
5.924877213522987e-07	1.5906519149467853	0.006670629531246853
5.925486280691213e-07	1.5906456695467233	0.006667421508168563
5.926095410470496e-07	1.5906394235046446	0.006664213155311025
5.926704602867271e-07	1.5906331768204838	0.006661004472640345
5.927313857887961e-07	1.5906269294941746	0.006657795460122679
5.92792317553903e-07	1.5906206815256507	0.0066545861177239925
5.928532555826904e-07	1.590614432914847	0.006651376445410438
5.929141998758022e-07	1.5906081836616963	0.006648166443148095
5.929751504338823e-07	1.5906019337661332	0.006644956110903054
5.930361072575747e-07	1.5905956832280919	0.006641745448641392
5.930970703475235e-07	1.590589432047506	0.0066385344563291825
5.931580397043718e-07	1.5905831802243096	0.0066353231339325545
5.93219015328766e-07	1.5905769277584363	0.0066321114814174575
5.932799972213494e-07	1.5905706746498205	0.0066288994987500184
5.933409853827663e-07	1.5905644208983956	0.006625687185896291
5.934019798136611e-07	1.590558166504096	0.006622474542822335
5.93462980514677e-07	1.5905519114668556	0.006619261569494279
5.935239874864612e-07	1.5905456557866078	0.006616048265878031
5.935850007296569e-07	1.5905393994632873	0.00661283463193971
5.936460202449088e-07	1.5905331424968272	0.006609620667645363
5.937070460328618e-07	1.5905268848871619	0.006606406372961018
5.937680780941606e-07	1.590520626634225	0.00660319174785272
5.938291164294501e-07	1.5905143677379503	0.006599976792286502
5.938901610393743e-07	1.5905081081982724	0.00659676150622845
5.939512119245802e-07	1.590501848015124	0.006593545889644474
5.94012269085712e-07	1.5904955871884399	0.00659032994250065
5.940733325234147e-07	1.5904893257181536	0.006587113664763004
5.941344022383336e-07	1.5904830636041989	0.006583897056397546
5.94195478231114e-07	1.5904768008465098	0.006580680117370291
5.942565605024e-07	1.5904705374450199	0.006577462847647311
5.943176490528393e-07	1.590464273399663	0.0065742452471944865
5.943787438830765e-07	1.5904580087103732	0.006571027315977878
5.944398449937569e-07	1.590451743377084	0.006567809053963482
5.945009523855262e-07	1.5904454773997292	0.006564590461117299
5.945620660590301e-07	1.5904392107782428	0.0065613715374053215
5.946231860149131e-07	1.5904329435125588	0.00655815228279359
5.946843122538234e-07	1.5904266756026104	0.006554932697247973
5.947454447764059e-07	1.5904204070483319	0.006551712780734506
5.948065835833062e-07	1.5904141378496566	0.006548492533219171
5.948677286751706e-07	1.5904078680065186	0.0065452719546679385
5.949288800526451e-07	1.5904015975188515	0.006542051045046784
5.949900377163758e-07	1.590395326386589	0.006538829804321669
5.950512016670077e-07	1.590389054609665	0.006535608232458622
5.951123719051896e-07	1.5903827821880132	0.006532386329423471
5.951735484315665e-07	1.5903765091215671	0.006529164095182248
5.95234731246785e-07	1.5903702354102607	0.0065259415297008894
5.952959203514914e-07	1.5903639610540274	0.006522718632945355
5.953571157463311e-07	1.5903576860528015	0.006519495404881654
5.954183174319532e-07	1.5903514104065157	0.006516271845475595
5.954795254090031e-07	1.5903451341151047	0.006513047954693188
5.955407396781276e-07	1.5903388571785018	0.006509823732500359
5.956019602399735e-07	1.5903325795966405	0.006506599178863046
5.956631870951877e-07	1.5903263013694544	0.006503374293747172
5.95724420244417e-07	1.5903200224968774	0.006500149077118671
5.957856596883074e-07	1.5903137429788434	0.006496923528943519
5.958469054275083e-07	1.5903074628152858	0.006493697649187507
5.959081574626656e-07	1.590301182006138	0.006490471437816619
5.959694157944267e-07	1.590294900551334	0.006487244894796757
5.960306804234387e-07	1.5902886184508072	0.006484018020093834
5.960919513503489e-07	1.590282335704491	0.006480790813673752
5.961532285758036e-07	1.5902760523123196	0.006477563275502477
5.962145121004528e-07	1.5902697682742262	0.006474335405545772
5.962758019249427e-07	1.5902634835901446	0.006471107203769599
5.96337098049921e-07	1.5902571982600087	0.006467878670139846
5.963984004760352e-07	1.590250912283751	0.006464649804622401
5.964597092039332e-07	1.5902446256613059	0.006461420607183143
5.965210242342616e-07	1.5902383383926073	0.006458191077788016
5.965823455676707e-07	1.5902320504775878	0.0064549612164027685
5.966436732048072e-07	1.5902257619161817	0.006451731022993336
5.967050071463192e-07	1.590219472708322	0.006448500497525583
5.967663473928547e-07	1.5902131828539432	0.006445269639965381
5.968276939450617e-07	1.5902068923529777	0.006442038450278594
5.968890468035874e-07	1.59020060120536	0.006438806928431136
5.969504059690825e-07	1.5901943094110227	0.006435575074388732
5.970117714421941e-07	1.5901880169699	0.006432342888117304
5.970731432235705e-07	1.5901817238819251	0.0064291103695826995
5.971345213138603e-07	1.5901754301470317	0.006425877518750761
5.97195905713712e-07	1.590169135765153	0.0064226443355873235
5.972572964237731e-07	1.5901628407362232	0.006419410820058291
5.973186934446945e-07	1.590156545060175	0.0064161769721293735
5.97380096777124e-07	1.5901502487369419	0.006412942791766458
5.974415064217102e-07	1.590143951766458	0.00640970827893538
5.975029223791021e-07	1.590137654148656	0.006406473433601947
5.975643446499485e-07	1.5901313558834695	0.006403238255731994
5.976257732348985e-07	1.590125056970833	0.006400002745291331
5.976872081346001e-07	1.5901187574106788	0.006396766902245832
5.977486493497046e-07	1.5901124572029408	0.006393530726561181
5.978100968808603e-07	1.5901061563475518	0.006390294218203243
5.978715507287162e-07	1.5900998548444463	0.006387057377137828
5.979330108939217e-07	1.5900935526935567	0.006383820203330725
5.979944773771264e-07	1.5900872498948169	0.006380582696747734
5.980559501789784e-07	1.5900809464481604	0.00637734485735471
5.981174293001298e-07	1.5900746423535206	0.0063741066851173075
5.981789147412288e-07	1.5900683376108304	0.006370868180001383
5.982404065029253e-07	1.5900620322200236	0.00636762934197271
5.983019045858688e-07	1.5900557261810335	0.00636439017099707
5.983634089907094e-07	1.5900494194937937	0.006361150667040235
5.984249197180956e-07	1.5900431121582372	0.006357910830068038
5.984864367686797e-07	1.5900368041742974	0.006354670660046122
5.985479601431108e-07	1.5900304955419078	0.006351430156940308
5.986094898420386e-07	1.5900241862610014	0.006348189320716359
5.986710258661134e-07	1.590017876331512	0.006344948151340034
5.987325682159856e-07	1.5900115657533727	0.006341706648777076
5.98794116892304e-07	1.590005254526517	0.006338464812993308
5.988556718957215e-07	1.5899989426508778	0.006335222643954346
5.989172332268873e-07	1.589992630126389	0.006331980141625987
5.989788008864519e-07	1.589986316952983	0.006328737305973978
5.990403748750657e-07	1.5899800031305942	0.006325494136964056
5.991019551933795e-07	1.589973688659155	0.006322250634561946
5.991635418420428e-07	1.5899673735385993	0.006319006798733439
5.992251348217085e-07	1.5899610577688599	0.00631576262944414
5.992867341330265e-07	1.58995474134987	0.006312518126659822
5.993483397766475e-07	1.5899484242815634	0.006309273290346211
5.994099517532225e-07	1.589942106563873	0.006306028120469021
5.994715700634026e-07	1.5899357881967324	0.006302782616993955
5.995331947078387e-07	1.589929469180074	0.006299536779886728
5.995948256871809e-07	1.5899231495138322	0.0062962906091131015
5.996564630020828e-07	1.5899168291979393	0.006293044104638648
5.997181066531945e-07	1.5899105082323286	0.0062897972664291285
5.997797566411672e-07	1.589904186616934	0.006286550094450242
5.998414129666526e-07	1.5898978643516877	0.006283302588667663
5.999030756303019e-07	1.5898915414365236	0.0062800547490470884
5.999647446327656e-07	1.589885217871375	0.006276806575554263
6.000264199746976e-07	1.5898788936561745	0.006273558068154735
6.000881016567486e-07	1.5898725687908557	0.0062703092268142436
6.001497896795702e-07	1.5898662432753514	0.006267060051498461
6.002114840438142e-07	1.5898599171095953	0.006263810542173055
6.002731847501326e-07	1.58985359029352	0.006260560698803685
6.00334891799176e-07	1.5898472628270595	0.006257310521356085
6.00396605191599e-07	1.5898409347101459	0.006254060009795779
6.004583249280524e-07	1.5898346059427126	0.006250809164088487
6.005200510091884e-07	1.5898282765246932	0.006247557984199853
6.005817834356591e-07	1.5898219464560206	0.0062443064700955335
6.006435222081169e-07	1.5898156157366277	0.006241054621741166
6.007052673272128e-07	1.589809284366448	0.006237802439102456
6.007670187936019e-07	1.5898029523454138	0.006234549922144908
6.008287766079354e-07	1.5897966196734592	0.006231297070834221
6.008905407708657e-07	1.5897902863505167	0.006228043885136025
6.009523112830454e-07	1.5897839523765194	0.006224790365015948
6.010140881451275e-07	1.5897776177514007	0.006221536510439607
6.010758713577633e-07	1.5897712824750934	0.006218282321372683
6.01137660921608e-07	1.5897649465475305	0.006215027797780673
6.011994568373136e-07	1.5897586099686454	0.006211772939629241
6.012612591055327e-07	1.5897522727383708	0.006208517746883998
6.013230677269185e-07	1.5897459348566396	0.006205262219510556
6.013848827021241e-07	1.5897395963233851	0.006202006357474504
6.014467040318027e-07	1.5897332571385405	0.0061987501607414465
6.015085317166061e-07	1.5897269173020387	0.006195493629277045
6.015703657571903e-07	1.5897205768138127	0.006192236763046746
6.016322061542072e-07	1.5897142356737952	0.00618897956201622
6.016940529083105e-07	1.5897078938819196	0.0061857220261510365
6.017559060201535e-07	1.5897015514381185	0.00618246415541678
6.018177654903886e-07	1.5896952083423252	0.006179205949779087
6.018796313196718e-07	1.5896888645944727	0.006175947409203408
6.019415035086558e-07	1.589682520194494	0.006172688533655371
6.020033820579941e-07	1.5896761751423214	0.006169429323100542
6.020652669683407e-07	1.5896698294378886	0.006166169777504485
6.021271582403494e-07	1.5896634830811287	0.006162909896832761
6.021890558746742e-07	1.5896571360719736	0.0061596496810509185
6.022509598719679e-07	1.5896507884103575	0.006156389130124578
6.023128702328872e-07	1.5896444400962122	0.006153128244019151
6.023747869580849e-07	1.5896380911294716	0.006149867022700254
6.024367100482151e-07	1.5896317415100678	0.006146605466133426
6.024986395039324e-07	1.5896253912379343	0.006143343574284204
6.02560575325891e-07	1.5896190403130037	0.006140081347118118
6.026225175147443e-07	1.589612688735209	0.0061368187846007624
6.026844660711489e-07	1.5896063365044828	0.0061335558866975415
6.027464209957584e-07	1.5895999836207586	0.00613029265337404
6.028083822892274e-07	1.5895936300839688	0.006127029084595771
6.028703499522106e-07	1.5895872758940461	0.006123765180328261
6.029323239853629e-07	1.589580921050924	0.006120500940537009
6.029943043893376e-07	1.5895745655545346	0.006117236365187602
6.030562911647923e-07	1.5895682094048114	0.006113971454245409
6.031182843123808e-07	1.5895618526016868	0.006110706207675993
6.031802838327581e-07	1.5895554951450939	0.006107440625444856
6.032422897265791e-07	1.5895491370349655	0.006104174707517495
6.033043019944992e-07	1.5895427782712341	0.0061009084538594
6.033663206371736e-07	1.589536418853833	0.0060976418644360575
6.034283456552564e-07	1.5895300587826946	0.0060943749392130125
6.034903770494053e-07	1.5895236980577518	0.0060911076781556255
6.035524148202746e-07	1.5895173366789377	0.006087840081229428
6.036144589685201e-07	1.5895109746461844	0.006084572148399891
6.036765094947969e-07	1.5895046119594254	0.0060813038796324985
6.037385663997597e-07	1.5894982486185931	0.006078035274892771
6.038006296840667e-07	1.5894918846236203	0.006074766334146043
6.038626993483723e-07	1.58948551997444	0.006071497057357837
6.039247753933325e-07	1.5894791546709843	0.006068227444493613
6.039868578196032e-07	1.5894727887131865	0.006064957495518816
6.040489466278403e-07	1.5894664221009793	0.0060616872103989045
6.041110418186998e-07	1.5894600548342954	0.006058416589099317
6.041731433928368e-07	1.5894536869130673	0.006055145631585558
6.042352513509098e-07	1.589447318337228	0.0060518743378229385
6.042973656935738e-07	1.5894409491067103	0.006048602707776962
6.043594864214854e-07	1.5894345792214464	0.006045330741413046
6.044216135353006e-07	1.5894282086813691	0.006042058438696632
6.044837470356761e-07	1.5894218374864113	0.006038785799593138
6.045458869232672e-07	1.589415465636506	0.006035512824068042
6.046080331987328e-07	1.5894090931315852	0.006032239512086643
6.046701858627285e-07	1.589402719971582	0.006028965863614408
6.047323449159109e-07	1.5893963461564289	0.006025691878616755
6.04794510358937e-07	1.5893899716860584	0.0060224175570590815
6.048566821924634e-07	1.5893835965604037	0.006019142898906799
6.04918860417146e-07	1.5893772207793968	0.006015867904125361
6.049810450336441e-07	1.5893708443429708	0.006012592572680039
6.050432360426137e-07	1.589364467251058	0.006009316904536292
6.051054334447118e-07	1.589358089503591	0.006006040899659499
6.051676372405956e-07	1.5893517111005029	0.006002764558015057
6.052298474309226e-07	1.5893453320417257	0.005999487879568332
6.052920640163486e-07	1.5893389523271924	0.0059962108642847775
6.053542869975337e-07	1.5893325719568354	0.005992933512129633
6.05416516375134e-07	1.5893261909305871	0.005989655823068336
6.054787521498072e-07	1.5893198092483805	0.005986377797066244
6.055409943222106e-07	1.5893134269101479	0.005983099434088736
6.056032428930021e-07	1.5893070439158217	0.005979820734101161
6.056654978628383e-07	1.5893006602653352	0.005976541697068939
6.057277592323793e-07	1.5892942759586202	0.005973262322957297
6.057900270022818e-07	1.5892878909956092	0.005969982611731648
6.058523011732038e-07	1.5892815053762355	0.005966702563357335
6.059145817458032e-07	1.5892751191004308	0.005963422177799701
6.059768687207383e-07	1.589268732168128	0.005960141455024081
6.060391620986669e-07	1.5892623445792595	0.005956860394995819
6.061014618802463e-07	1.589255956333758	0.0059535789976803005
6.061637680661371e-07	1.5892495674315559	0.0059502972630427284
6.062260806569963e-07	1.5892431778725855	0.005947015191048495
6.062883996534826e-07	1.5892367876567797	0.005943732781662912
6.063507250562544e-07	1.5892303967840704	0.005940450034851295
6.064130568659701e-07	1.5892240052543904	0.005937166950578972
6.064753950832873e-07	1.5892176130676723	0.005933883528811301
6.06537739708867e-07	1.5892112202238486	0.005930599769513471
6.066000907433669e-07	1.5892048267228513	0.005927315672650835
6.066624481874455e-07	1.5891984325646131	0.005924031238188708
6.067248120417621e-07	1.5891920377490667	0.005920746466092372
6.067871823069753e-07	1.5891856422761441	0.005917461356327132
6.068495589837432e-07	1.589179246145778	0.005914175908858326
6.069119420727271e-07	1.5891728493579007	0.005910890123651123
6.06974331574585e-07	1.5891664519124447	0.00590760400067086
6.070367274899764e-07	1.5891600538093422	0.005904317539882815
6.070991298195603e-07	1.589153655048526	0.005901030741252264
6.071615385639961e-07	1.5891472556299278	0.005897743604744482
6.072239537239421e-07	1.5891408555534807	0.005894456130324792
6.072863753000602e-07	1.5891344548191164	0.005891168317958332
6.073488032930087e-07	1.589128053426768	0.005887880167610429
6.074112377034474e-07	1.5891216513763675	0.005884591679246333
6.074736785320359e-07	1.589115248667847	0.005881302852831298
6.07536125779434e-07	1.5891088453011393	0.005878013688330579
6.075985794463002e-07	1.5891024412761765	0.005874724185709481
6.076610395332971e-07	1.5890960365928908	0.005871434344933116
6.077235060410833e-07	1.5890896312512148	0.005868144165966785
6.077859789703188e-07	1.5890832252510807	0.005864853648775729
6.078484583216638e-07	1.5890768185924211	0.0058615627933251745
6.079109440957784e-07	1.5890704112751677	0.005858271599580354
6.07973436293323e-07	1.5890640032992531	0.005854980067506482
6.080359349149566e-07	1.58905759466461	0.005851688197068851
6.08098439961342e-07	1.58905118537117	0.005848395988232549
6.081609514331384e-07	1.5890454850921618	0.005845103440962849
6.082234693310065e-07	1.5890399452568764	0.005841810555224964
6.082859936556067e-07	1.589034404852106	0.005838517330984102
6.083485244075985e-07	1.5890288638777914	0.005835223768205522
6.084110615876451e-07	1.5890233223338739	0.005831929866854307
6.08473605196406e-07	1.5890177802202956	0.005828635626895702
6.085361552345422e-07	1.5890122375369973	0.0058253410482949075
6.085987117027146e-07	1.589006694283921	0.005822046131017104
6.08661274601584e-07	1.5890011504610075	0.005818750875027491
6.087238439318116e-07	1.5889956060681987	0.005815455280291239
6.087864196940574e-07	1.5889900611054362	0.005812159346773586
6.088490018889849e-07	1.5889845155726605	0.005808863074439587
6.089115905172542e-07	1.588978969469814	0.005805566463254468
6.089741855795267e-07	1.5889734227968373	0.0058022695131834025
6.090367870764636e-07	1.5889678755536727	0.005798972224191552
6.090993950087266e-07	1.5889623277402607	0.005795674596244074
6.09162009376976e-07	1.588956779356543	0.005792376629306186
6.092246301818757e-07	1.5889512304024611	0.0057890783233429215
6.092872574240863e-07	1.5889456808779563	0.00578577967831948
6.093498911042694e-07	1.58894013078297	0.00578248069420102
6.09412531223087e-07	1.5889345801174435	0.005779181370952674
6.094751777812008e-07	1.588929028881318	0.005775881708539584
6.095378307792715e-07	1.5889234770745353	0.005772581706926953
6.096004902179638e-07	1.5889179246970364	0.005769281366079773
6.096631560979385e-07	1.5889123717487623	0.005765980685963237
6.097258284198576e-07	1.5889068182296548	0.0057626796665424815
6.097885071843834e-07	1.5889012641396552	0.005759378307782611
6.098511923921782e-07	1.5888957094787046	0.005756076609648749
6.099138840439043e-07	1.5888901542467448	0.005752774572106012
6.09976582140223e-07	1.5888845984437163	0.005749472195119568
6.100392866817991e-07	1.588879042069561	0.005746169478654396
6.101019976692941e-07	1.5888734851242199	0.005742866422675663
6.101647151033706e-07	1.5888679276076345	0.005739563027148462
6.102274389846913e-07	1.5888623695197461	0.005736259292037896
6.102901693139175e-07	1.5888568108604955	0.00573295521730912
6.103529060917148e-07	1.5888512516298248	0.0057296508029270905
6.104156493187448e-07	1.5888456918276743	0.0057263460488569526
6.104783989956703e-07	1.588840131453986	0.005723040955063796
6.105411551231545e-07	1.5888345705087006	0.005719735521512691
6.106039177018604e-07	1.5888290089917598	0.005716429748168713
6.106666867324514e-07	1.5888234469031044	0.005713123634996929
6.107294622155893e-07	1.5888178842426761	0.00570981718196247
6.107922441519399e-07	1.588812321010416	0.00570651038903028
6.108550325421654e-07	1.5888067572062652	0.005703203256165466
6.109178273869292e-07	1.5888011928301646	0.005699895783333097
6.109806286868949e-07	1.588795627882056	0.0056965879704982195
6.110434364427259e-07	1.5887900623618803	0.005693279817625886
6.111062506550848e-07	1.5887844962695785	0.005689971324681199
6.111690713246378e-07	1.5887789296050923	0.00568666249162907
6.112318984520472e-07	1.5887733623683624	0.005683353318434611
6.112947320379773e-07	1.5887677945593301	0.005680043805062842
6.113575720830915e-07	1.5887622261779368	0.005676733951478809
6.114204185880543e-07	1.5887566572241234	0.005673423757647525
6.114832715535281e-07	1.5887510876978315	0.005670113223534089
6.115461309801797e-07	1.5887455175990013	0.005666802349103384
6.116089968686721e-07	1.5887399469275747	0.005663491134320489
6.116718692196696e-07	1.5887343756834926	0.00566017957915042
6.117347480338363e-07	1.5887288038666965	0.00565686768355819
6.117976333118368e-07	1.5887232314771271	0.0056535554475087985
6.118605250543342e-07	1.5887176585147258	0.005650242870967317
6.119234232619957e-07	1.5887120849794334	0.005646929953898602
6.119863279354846e-07	1.5887065108711913	0.0056436166962677255
6.120492390754654e-07	1.5887009361899405	0.005640303098039677
6.121121566826031e-07	1.5886953609356218	0.005636989159179434
6.121750807575623e-07	1.5886897851081767	0.005633674879651992
6.122380113010068e-07	1.5886842087075463	0.005630360259422389
6.12300948313604e-07	1.5886786317336712	0.005627045298455469
6.123638917960176e-07	1.5886730541864929	0.005623729996716278
6.124268417489128e-07	1.5886674760659527	0.0056204143541697775
6.124897981729546e-07	1.588661897371991	0.005617098370780938
6.125527610688083e-07	1.588656318104549	0.005613782046514722
6.126157304371393e-07	1.5886507382635684	0.0056104653813360845
6.126787062786115e-07	1.5886451578489895	0.005607148375210048
6.12741688593893e-07	1.5886395768607537	0.00560383102810143
6.12804677383648e-07	1.5886339952988018	0.0056005133399752455
6.12867672648542e-07	1.5886284131630748	0.005597195310796439
6.129306743892407e-07	1.5886228304535144	0.005593876940529951
6.129936826064099e-07	1.5886172471700604	0.005590558229140714
6.130566973007138e-07	1.588611663312655	0.005587239176593739
6.131197184728211e-07	1.5886060788812384	0.005583919782853809
6.131827461233962e-07	1.588600493875752	0.005580600047885924
6.132457802531053e-07	1.5885949082961368	0.0055772799716550005
6.133088208626142e-07	1.5885893221423333	0.0055739595541259655
6.133718679525891e-07	1.588583735414283	0.005570638795263733
6.13434921523695e-07	1.5885781481119268	0.005567317695033272
6.134979815766006e-07	1.5885725602352054	0.005563996253399366
6.135610481119711e-07	1.5885669717840598	0.005560674470326983
6.136241211304727e-07	1.5885613827584313	0.005557352345781022
6.136872006327718e-07	1.5885557931582603	0.0055540298797263875
6.137502866195352e-07	1.5885502029834884	0.005550707072127964
6.13813379091428e-07	1.5885446122340559	0.005547383922950712
6.138764780491195e-07	1.5885390209099042	0.005544060432159381
6.13939583493275e-07	1.5885334290109738	0.005540736599718932
6.140026954245616e-07	1.5885278365372055	0.005537412425594225
6.140658138436458e-07	1.5885222434885413	0.0055340879097501555
6.141289387511949e-07	1.588516649864921	0.005530763052151579
6.141920701478744e-07	1.5885110556662856	0.0055274378527634385
6.142552080343539e-07	1.5885054608925766	0.005524112311550467
6.143183524112994e-07	1.5884998655437341	0.0055207864284775865
6.14381503279378e-07	1.5884942696196995	0.005517460203509659
6.14444660639257e-07	1.5884886731204138	0.0055141336366115335
6.145078244916038e-07	1.5884830760458173	0.005510806727748064
6.145709948370859e-07	1.5884774783958515	0.005507479476884096
6.146341716763692e-07	1.588471880170457	0.00550415188398454
6.146973550101241e-07	1.5884662813695742	0.0055008239490141
6.147605448390168e-07	1.5884606819931444	0.005497495671937682
6.14823741163715e-07	1.5884550820411085	0.005494167052720114
6.148869439848865e-07	1.5884494815134071	0.0054908380913262275
6.149501533031991e-07	1.588443880409981	0.0054875087877208455
6.150133691193195e-07	1.5884382787307711	0.005484179141868856
6.150765914339181e-07	1.5884326764757186	0.005480849153734941
6.151398202476617e-07	1.5884270736447634	0.005477518823283985
6.152030555612184e-07	1.5884214702378474	0.005474188150480797
6.152662973752563e-07	1.5884158662549106	0.005470857135290188
6.153295456904439e-07	1.5884102616958937	0.0054675257776769515
6.153928005074479e-07	1.5884046565607384	0.005464194077605962
6.154560618269394e-07	1.5883990508493844	0.005460862035041881
6.155193296495855e-07	1.588393444561773	0.005457529649949562
6.155826039760548e-07	1.588387837697845	0.005454196922293802
6.156458848070158e-07	1.5883822302575406	0.005450863852039378
6.157091721431371e-07	1.5883766222408016	0.00544753043915108
6.157724659850864e-07	1.588371013647568	0.005444196683593745
6.158357663335347e-07	1.5883654044777804	0.005440862585332017
6.158990731891499e-07	1.5883597947313801	0.005437528144330729
6.159623865526006e-07	1.5883541844083076	0.005434193360554658
6.160257064245561e-07	1.5883485735085032	0.005430858233968558
6.160890328056853e-07	1.5883429620319083	0.005427522764537191
6.161523656966561e-07	1.5883373499784632	0.005424186952225377
6.162157050981402e-07	1.5883317373481085	0.005420850796997744
6.162790510108057e-07	1.5883261241407851	0.005417514298819101
6.163424034353218e-07	1.588320510356434	0.005414177457654195
6.16405762372358e-07	1.588314895994995	0.005410840273467766
6.164691278225837e-07	1.58830928105641	0.005407502746224552
6.165324997866685e-07	1.5883036655406184	0.005404164875889295
6.165958782652808e-07	1.5882980494475616	0.005400826662426778
6.166592632590928e-07	1.5882924327771804	0.005397488105801605
6.167226547687728e-07	1.5882868155294148	0.005394149205978566
6.167860527949909e-07	1.5882811977042057	0.005390809962922373
6.168494573384168e-07	1.5882755793014942	0.005387470376597753
6.169128683997191e-07	1.5882699603212207	0.005384130446969481
6.169762859795708e-07	1.5882643407633252	0.005380790174002125
6.170397100786402e-07	1.5882587206277492	0.005377449557660473
6.171031406975977e-07	1.588253099914433	0.005374108597909211
6.171665778371136e-07	1.588247478623317	0.005370767294713044
6.172300214978582e-07	1.588241856754342	0.005367425648036666
6.172934716805018e-07	1.5882362343074483	0.005364083657844767
6.173569283857134e-07	1.5882306112825773	0.005360741324102105
6.174203916141664e-07	1.5882249876796686	0.005357398646773223
6.174838613665298e-07	1.5882193634986632	0.005354055625822874
6.175473376434745e-07	1.5882137387395017	0.005350712261215728
6.17610820445671e-07	1.5882081134021249	0.005347368552916464
6.176743097737902e-07	1.5882024874864729	0.005344024500889751
6.177378056285017e-07	1.5881968609924866	0.005340680105100317
6.178013080104789e-07	1.5881912339201063	0.005337335365512692
6.178648169203915e-07	1.5881856062692727	0.005333990282091599
6.179283323589106e-07	1.5881799780399264	0.005330644854801696
6.179918543267074e-07	1.5881743492320077	0.00532729908360763
6.18055382824453e-07	1.5881687198454573	0.005323952968474058
6.181189178528174e-07	1.5881630898802155	0.005320606509365675
6.181824594124746e-07	1.588157459336223	0.005317259706246994
6.182460075040946e-07	1.5881518282134204	0.0053139125590827225
6.183095621283488e-07	1.5881461965117483	0.005310565067837495
6.18373123285909e-07	1.5881405642311466	0.00530721723247593
6.184366909774467e-07	1.5881349313715563	0.005303869052962657
6.185002652036335e-07	1.5881292979329178	0.0053005205292623
6.185638459651399e-07	1.5881236639151715	0.005297171661339549
6.186274332626403e-07	1.5881180293182575	0.005293822449158872
6.186910270968053e-07	1.5881123941421174	0.00529047289268496
6.187546274683069e-07	1.5881067583866904	0.005287122991882413
6.188182343778171e-07	1.5881011220519174	0.005283772746715834
6.188818478260068e-07	1.588095485137739	0.005280422157149892
6.189454678135506e-07	1.5880898476440959	0.005277071223149046
6.190090943411194e-07	1.5880842095709273	0.005273719944677962
6.190727274093856e-07	1.5880785709181753	0.005270368321701229
6.191363670190216e-07	1.5880729316857793	0.005267016354183427
6.192000131706999e-07	1.5880672918736798	0.005263664042089137
6.192636658650928e-07	1.588061651481817	0.0052603113853829445
6.193273251028718e-07	1.5880560105101325	0.005256958384029485
6.19390990884712e-07	1.5880503689585654	0.005253605037993195
6.194546632112849e-07	1.5880447268270563	0.005250251347238713
6.195183420832632e-07	1.588039084115546	0.005246897311730599
6.195820275013199e-07	1.5880334408239747	0.005243542931433412
6.196457194661277e-07	1.5880277969522825	0.005240188206311717
6.197094179783587e-07	1.5880221525004106	0.005236833136330119
6.19773123038688e-07	1.5880165074682981	0.005233477721453049
6.198368346477879e-07	1.5880108618558864	0.005230121961645105
6.199005528063313e-07	1.5880052156631153	0.005226765856870843
6.199642775149917e-07	1.5879995688899256	0.005223409407094787
6.200280087744424e-07	1.587993921536257	0.005220052612281475
6.200917465853554e-07	1.5879882736020505	0.005216695472395512
6.201554909484067e-07	1.5879826250872462	0.005213337987401289
6.202192418642688e-07	1.587976975991784	0.00520998015726339
6.202829993336152e-07	1.5879713263156043	0.00520662198194634
6.203467633571196e-07	1.587965676058648	0.005203263461414653
6.204105339354558e-07	1.5879600252208548	0.00519990459563284
6.204743110692962e-07	1.5879543738021655	0.005196545384565482
6.205380947593173e-07	1.5879487218025197	0.005193185828176949
6.206018850061919e-07	1.5879430692218586	0.0051898259264318075
6.206656818105939e-07	1.5879374160601214	0.00518646567929456
6.207294851731975e-07	1.5879317623172493	0.005183105086729689
6.207932950946769e-07	1.587926107993182	0.005179744148701697
6.208571115757049e-07	1.58792045308786	0.005176382865175135
6.209209346169584e-07	1.5879147976012233	0.005173021236114353
6.209847642191108e-07	1.5879091415332125	0.00516965926148389
6.210486003828361e-07	1.5879034848837674	0.005166296941248235
6.211124431088091e-07	1.5878978276528288	0.005162934275371849
6.211762923977044e-07	1.5878921698403365	0.005159571263819205
6.212401482501965e-07	1.5878865114462308	0.0051562079065547665
6.21304010666959e-07	1.5878808524704522	0.005152844203543067
6.21367879648669e-07	1.5878751929129402	0.005149480154748431
6.214317551960004e-07	1.5878695327736359	0.005146115760135367
6.21495637309628e-07	1.5878638720524785	0.005142751019668341
6.215595259902268e-07	1.587858210749409	0.00513938593331179
6.216234212384718e-07	1.5878525488643673	0.005136020501030161
6.21687323055037e-07	1.5878468863972939	0.005132654722787958
6.217512314406001e-07	1.587841223348128	0.005129288598549487
6.218151463958351e-07	1.5878355597168108	0.005125922128279242
6.218790679214175e-07	1.5878298955032821	0.0051225553119416505
6.219429960180225e-07	1.587824230707482	0.005119188149501146
6.220069306863256e-07	1.5878185653293504	0.005115820640922145
6.220708719270012e-07	1.5878128993688276	0.0051124527861691315
6.221348197407274e-07	1.5878072328258543	0.005109084585206387
6.221987741281787e-07	1.5878015657003697	0.005105716037998385
6.222627350900308e-07	1.5877958979923148	0.0051023471445095355
6.223267026269596e-07	1.5877902297016289	0.005098977904704237
6.22390676739641e-07	1.5877845608282526	0.005095608318546893
6.224546574287497e-07	1.587778891372126	0.005092238386001967
6.225186446949642e-07	1.587773221333189	0.005088868107033714
6.225826385389594e-07	1.5877675507113815	0.005085497481606592
6.226466389614115e-07	1.5877618795066444	0.005082126509684988
6.227106459629968e-07	1.587756207718917	0.005078755191233271
6.227746595443915e-07	1.5877505353481394	0.00507538352621583
6.228386797062708e-07	1.587744862394252	0.005072011514597105
6.229027064493138e-07	1.5877391888571946	0.005068639156341323
6.229667397741955e-07	1.5877335147369076	0.005065266451412931
6.230307796815928e-07	1.5877278400333306	0.005061893399776278
6.230948261721821e-07	1.587722164746404	0.005058520001395731
6.231588792466404e-07	1.5877164888760675	0.005055146256235642
6.232229389056444e-07	1.5877108124222614	0.005051772164260362
6.232870051498696e-07	1.5877051353849256	0.0050483977254343095
6.233510779799955e-07	1.5876994577640002	0.005045022939721696
6.234151573966981e-07	1.587693779559425	0.005041647807086923
6.234792434006542e-07	1.5876881007711405	0.005038272327494334
6.235433359925411e-07	1.587682421399086	0.005034896500908259
6.236074351730348e-07	1.5876767414432023	0.005031520327293096
6.236715409428151e-07	1.5876710609034286	0.005028143806613031
6.23735653302558e-07	1.5876653797797051	0.005024766938832462
6.23799772252941e-07	1.587659698071972	0.005021389723915704
6.238638977946416e-07	1.587654015780169	0.00501801216182707
6.239280299283374e-07	1.5876483329042363	0.005014634252530874
6.239921686547061e-07	1.5876426494441138	0.005011255995991422
6.240563139744241e-07	1.5876369653997413	0.0050078773921730865
6.241204658881715e-07	1.587631280771059	0.005004498441040038
6.241846243966253e-07	1.5876255955580065	0.00500111914255663
6.242487895004631e-07	1.5876199097605241	0.004997739496687164
6.243129612003631e-07	1.5876142233785513	0.0049943595033959225
6.243771394970032e-07	1.5876085364120283	0.004990979162647197
6.244413243910605e-07	1.5876028488608949	0.00498759847440533
6.245055158832153e-07	1.5875971607250912	0.0049842174386344786
6.245697139741451e-07	1.5875914720045567	0.004980836055298969
6.24633918664528e-07	1.5875857826992315	0.0049774543243630825
6.246981299550424e-07	1.5875800928090558	0.004974072245791082
6.247623478463668e-07	1.5875744023339693	0.004970689819547232
6.248265723391785e-07	1.5875687112739114	0.004967307045595858
6.248908034341587e-07	1.5875630196288224	0.004963923923901085
6.249550411319848e-07	1.587557327398642	0.004960540454427232
6.250192854333355e-07	1.5875516345833105	0.0049571566371385475
6.250835363388898e-07	1.587545941182767	0.004953772471999272
6.251477938493263e-07	1.587540247196952	0.004950387958973658
6.252120579653242e-07	1.587534552625805	0.004947003098025933
6.252763286875613e-07	1.587528857469266	0.004943617889120404
6.25340606016719e-07	1.5875231617272745	0.004940232332221167
6.254048899534756e-07	1.5875174653997706	0.00493684642729251
6.2546918049851e-07	1.587511768486694	0.004933460174298663
6.255334776525016e-07	1.587506070987985	0.004930073573203846
6.255977814161287e-07	1.5875003729035826	0.004926686623972333
6.256620917900732e-07	1.5874946742334268	0.00492329932656821
6.257264087750132e-07	1.5874889749774577	0.004919911680955752
6.257907323716285e-07	1.587483275135615	0.004916523687099163
6.258550625805986e-07	1.5874775747078382	0.004913135344962644
6.259193994026034e-07	1.5874718736940672	0.004909746654510388
6.259837428383226e-07	1.587466172094242	0.004906357615706598
6.260480928884348e-07	1.5874604699083021	0.004902968228515525
6.261124495536227e-07	1.5874547671361872	0.004899578492901217
6.261768128345648e-07	1.5874490637778371	0.0048961884088279325
6.262411827319413e-07	1.587443359833192	0.004892797976259845
6.263055592464323e-07	1.5874376553021907	0.004889407195161137
6.26369942378718e-07	1.5874319501847736	0.0048860160654959715
6.264343321294776e-07	1.5874262444808807	0.004882624587228583
6.264987284993939e-07	1.587420538190451	0.004879232760323008
6.26563131489146e-07	1.5874148313134242	0.004875840584743473
6.266275410994145e-07	1.5874091238497403	0.0048724480604541345
6.266919573308799e-07	1.5874034157993393	0.004869055187419145
6.267563801842229e-07	1.5873977071621603	0.004865661965602652
6.26820809660123e-07	1.5873919979381435	0.004862268394968869
6.268852457592635e-07	1.5873862881272283	0.004858874475481804
6.269496884823239e-07	1.5873805777293541	0.004855480207105671
6.270141378299852e-07	1.5873748667444607	0.004852085589804593
6.270785938029284e-07	1.5873691551724882	0.004848690623542703
6.271430564018346e-07	1.5873634430133758	0.004845295308284135
6.272075256273835e-07	1.5873577302670636	0.004841899643993074
6.27272001480259e-07	1.5873520169334907	0.004838503630633513
6.273364839611411e-07	1.587346303012597	0.004835107268169627
6.274009730707111e-07	1.5873405885043221	0.004831710556565533
6.274654688096505e-07	1.5873348734086055	0.004828313495785334
6.275299711786407e-07	1.5873291577253867	0.004824916085793144
6.27594480178362e-07	1.5873234414546058	0.004821518326553133
6.276589958094986e-07	1.5873177245962022	0.004818120218029251
6.277235180727309e-07	1.5873120071501154	0.004814721760185674
6.277880469687407e-07	1.5873062891162848	0.004811322952986486
6.278525824982098e-07	1.5873005704946503	0.004807923796395771
6.279171246618201e-07	1.587294851285151	0.004804524290377622
6.279816734602537e-07	1.5872891314877273	0.004801124434896103
6.280462288941912e-07	1.5872834111023182	0.004797724229915373
6.281107909643174e-07	1.5872776901288632	0.004794323675399361
6.281753596713131e-07	1.5872719685673018	0.004790922771312208
6.282399350158607e-07	1.587266246417574	0.004787521517617966
6.283045169986424e-07	1.5872605236796191	0.004784119914280711
6.283691056203406e-07	1.5872548003533766	0.004780717961264494
6.284337008816365e-07	1.5872490764387859	0.00477731565853344
6.284983027832153e-07	1.5872433519357867	0.004773913006051456
6.285629113257583e-07	1.5872376268443185	0.0047705100037826595
6.286275265099481e-07	1.5872319011643206	0.0047671066516910944
6.286921483364675e-07	1.5872261748957326	0.0047637029497408
6.287567768059994e-07	1.5872204480384944	0.004760298897895807
6.288214119192252e-07	1.587214720592545	0.004756894496120222
6.288860536768306e-07	1.5872089925578239	0.004753489744377931
6.289507020794974e-07	1.5872032639342706	0.004750084642633025
6.290153571279084e-07	1.5871975347218252	0.004746679190849533
6.290800188227471e-07	1.587191804920426	0.004743273388991458
6.291446871646966e-07	1.5871860745300135	0.004739867237022824
6.292093621544389e-07	1.5871803435505267	0.0047364607349077055
6.292740437926599e-07	1.587174611981905	0.004733053882609976
6.29338732080042e-07	1.587168879824088	0.004729646680093693
6.294034270172685e-07	1.5871631470770147	0.004726239127322869
6.294681286050231e-07	1.5871574137406252	0.004722831224261486
6.295328368439894e-07	1.5871516798148586	0.004719422970873545
6.295975517348499e-07	1.5871459452996544	0.004716014367123096
6.29662273278291e-07	1.5871402101949519	0.004712605412973981
6.297270014749952e-07	1.5871344745006901	0.004709196108390258
6.297917363256464e-07	1.5871287382168093	0.004705786453335902
6.298564778309288e-07	1.5871230013432482	0.004702376447774878
6.299212259915264e-07	1.5871172638799464	0.004698966091671157
6.299859808081233e-07	1.5871115258268431	0.004695555384988709
6.300507422814025e-07	1.5871057871838783	0.004692144327691555
6.301155104120509e-07	1.5871000479509905	0.00468873291974352
6.301802852007514e-07	1.5870943081281195	0.004685321161108628
6.302450666481887e-07	1.5870885677152047	0.0046819090517508264
6.303098547550471e-07	1.587082826712185	0.004678496591634065
6.303746495220112e-07	1.5870770851190006	0.00467508378072228
6.304394509497645e-07	1.58707134293559	0.004671670618979485
6.30504259038994e-07	1.587065600161893	0.0046682571063694795
6.305690737903837e-07	1.5870598567978484	0.004664843242856251
6.306338952046179e-07	1.5870541128433964	0.004661429028403743
6.306987232823819e-07	1.5870483682984753	0.0046580144629758706
6.307635580243607e-07	1.5870426231630252	0.004654599546536551
6.308283994312378e-07	1.587036877436985	0.004651184279049781
6.308932475037011e-07	1.5870311311202938	0.004647768660479328
6.309581022424345e-07	1.5870253842128916	0.0046443526907891716
6.310229636481234e-07	1.5870196367147171	0.004640936369943213
6.31087831721453e-07	1.5870138886257095	0.004637519697905361
6.311527064631087e-07	1.5870081399458085	0.0046341026746395154
6.312175878737748e-07	1.5870023906749529	0.004630685300109629
6.312824759541394e-07	1.5869966408130822	0.004627267574279463
6.313473707048868e-07	1.5869908903601355	0.00462384949711297
6.314122721267028e-07	1.5869851393160523	0.004620431068574035
6.314771802202732e-07	1.5869793876807718	0.004617012288626536
6.315420949862837e-07	1.5869736354542332	0.004613593157234349
6.316070164254191e-07	1.5869678826363751	0.004610173674361412
6.316719445383677e-07	1.5869621292271376	0.004606753839971466
6.317368793258146e-07	1.5869563752264595	0.00460333365402843
6.318018207884457e-07	1.58695062063428	0.004599913116496177
6.318667689269471e-07	1.5869448654505385	0.0045964922273385635
6.319317237420054e-07	1.5869391096751737	0.004593070986519431
6.319966852343067e-07	1.5869333533081251	0.004589649394002646
6.320616534045362e-07	1.5869275963493323	0.004586227449752106
6.321266282533829e-07	1.5869218387987338	0.004582805153731533
6.321916097815322e-07	1.586916080656269	0.004579382505904818
6.322565979896705e-07	1.5869103219218772	0.004575959506235813
6.323215928784847e-07	1.5869045625954972	0.0045725361546883345
6.323865944486602e-07	1.586898802677069	0.004569112451226285
6.324516027008864e-07	1.5868930421665304	0.004565688395813348
6.325166176358488e-07	1.5868872810638215	0.00456226398841342
6.325816392542346e-07	1.586881519368881	0.004558839228990308
6.326466675567307e-07	1.586875757081648	0.00455541411750783
6.327117025440242e-07	1.5868699942020625	0.004551988653929797
6.327767442168023e-07	1.5868642307300624	0.004548562838220006
6.32841792575751e-07	1.5868584666655876	0.004545136670342335
6.329068476215604e-07	1.586852702008577	0.004541710150260437
6.329719093549162e-07	1.586846936758969	0.0045382832779381835
6.330369777765061e-07	1.5868411709167038	0.004534856053339359
6.331020528870177e-07	1.5868354044817197	0.004531428476427749
6.331671346871385e-07	1.586829637453956	0.004528000547167143
6.33232223177555e-07	1.5868238698333523	0.004524572265521377
6.332973183589573e-07	1.5868181016198466	0.004521143631454104
6.333624202320322e-07	1.5868123328133787	0.004517714644929151
6.334275287974674e-07	1.5868065634138873	0.004514285305910294
6.334926440559509e-07	1.5868007934213115	0.004510855614361297
6.335577660081709e-07	1.5867950228355905	0.004507425570245917
6.33622894654814e-07	1.5867892516566635	0.004503995173527981
6.33688029996571e-07	1.586783479884469	0.004500564424171108
6.337531720341289e-07	1.5867777075189462	0.00449713332213911
6.33818320768176e-07	1.5867719345600342	0.004493701867395737
6.338834761994008e-07	1.586766161007672	0.004490270059904725
6.339486383284917e-07	1.5867603868617985	0.004486837899629817
6.340138071561371e-07	1.5867546121223528	0.00448340538653475
6.340789826830244e-07	1.5867488367892741	0.004479972520583317
6.341441649098448e-07	1.5867430608625008	0.0044765393017391145
6.342093538372859e-07	1.5867372843419723	0.004473105729965928
6.342745494660363e-07	1.5867315072276273	0.004469671805227483
6.34339751796785e-07	1.5867257295194048	0.004466237527487488
6.344049608302198e-07	1.5867199512172445	0.004462802896709727
6.344701765670321e-07	1.5867141723210842	0.004459367912857774
6.345353990079097e-07	1.5867083928308632	0.0044559325758954
6.346006281535419e-07	1.586702612746521	0.004452496885786308
6.346658640046178e-07	1.5866968320679957	0.004449060842494191
6.347311065618269e-07	1.5866910507952268	0.004445624445982739
6.347963558258583e-07	1.5866852689281528	0.004442187696215656
6.348616117974004e-07	1.586679486466713	0.0044387505931566835
6.349268744771453e-07	1.5866737034108465	0.004435313136769367
6.349921438657811e-07	1.5866679197604912	0.004431875327017465
6.350574199639977e-07	1.586662135515587	0.0044284371638646375
6.351227027724847e-07	1.586656350676072	0.004424998647274564
6.351879922919318e-07	1.5866505652418859	0.0044215597772109105
6.352532885230279e-07	1.586644779212967	0.004418120553637407
6.353185914664651e-07	1.5866389925892541	0.004414680976517581
6.353839011229326e-07	1.5866332053706864	0.00441124104581515
6.3544921749312e-07	1.5866274175572026	0.004407800761493776
6.355145405777179e-07	1.5866216291487416	0.004404360123517098
6.355798703774162e-07	1.586615840145242	0.004400919131848767
6.356452068929042e-07	1.5866100505466432	0.004397477786452485
6.357105501248746e-07	1.5866042603528832	0.00439403608729176
6.357759000740166e-07	1.5865984695639015	0.004390594034330296
6.358412567410209e-07	1.5865926781796367	0.004387151627531713
6.359066201265779e-07	1.5865868862000274	0.0043837088668596475
6.359719902313782e-07	1.5865810936250129	0.004380265752277716
6.360373670561115e-07	1.5865753004545313	0.004376822283749602
6.36102750601471e-07	1.586569506688522	0.004373378461238794
6.361681408681462e-07	1.5865637123269234	0.004369934284708965
6.362335378568282e-07	1.5865579173696744	0.004366489754123722
6.362989415682079e-07	1.5865521218167138	0.004363044869446671
6.363643520029765e-07	1.5865463256679804	0.004359599630641412
6.364297691618238e-07	1.586540528923413	0.0043561540376716055
6.364951930454435e-07	1.5865347315829499	0.004352708090500715
6.365606236545258e-07	1.5865289336465305	0.004349261789092389
6.36626060989762e-07	1.5865231351140932	0.004345815133410217
6.366915050518434e-07	1.5865173359855766	0.004342368123417784
6.367569558414616e-07	1.5865115362609197	0.004338920759078662
6.368224133593083e-07	1.5865057359400612	0.004335473040356424
6.368878776060736e-07	1.5864999350229396	0.004332024967214714
6.369533485824521e-07	1.5864941335094938	0.004328576539616954
6.370188262891342e-07	1.586488331399662	0.004325127757526779
6.370843107268115e-07	1.5864825286933835	0.004321678620907755
6.371498018961763e-07	1.586476725390597	0.004318229129723421
6.372152997979205e-07	1.586470921491241	0.004314779283937338
6.372808044327348e-07	1.5864651169952542	0.004311329083513126
6.373463158013139e-07	1.586459311902575	0.004307878528414187
6.374118339043489e-07	1.5864535062131424	0.004304427618604128
6.37477358742532e-07	1.5864476999268946	0.004300976354046484
6.375428903165555e-07	1.5864418930437707	0.004297524734704797
6.376084286271119e-07	1.5864360855637094	0.004294072760542586
6.376739736748924e-07	1.5864302774866492	0.004290620431523445
6.377395254605922e-07	1.5864244688125289	0.004287167747610761
6.378050839849026e-07	1.5864186595412866	0.004283714708768127
6.378706492485163e-07	1.586412849672861	0.004280261314959045
6.379362212521262e-07	1.5864070392071912	0.004276807566147028
6.38001799996425e-07	1.5864012281442152	0.004273353462295587
6.380673854821045e-07	1.5863954164838725	0.004269899003368288
6.381329777098602e-07	1.586389604226101	0.0042664441893284985
6.381985766803838e-07	1.5863837913708392	0.00426298902013978
6.382641823943686e-07	1.586377977918026	0.004259533495765621
6.383297948525077e-07	1.5863721638675998	0.004256077616169509
6.383954140554945e-07	1.5863663492194995	0.004252621381314929
6.38461040004021e-07	1.586360533973663	0.0042491647911654315
6.385266726987832e-07	1.5863547181300295	0.004245707845684353
6.385923121404733e-07	1.5863489016885373	0.00424225054483524
6.38657958329785e-07	1.5863430846491249	0.004238792888581553
6.387236112674117e-07	1.5863372670117308	0.004235334876886763
6.387892709540474e-07	1.5863314487762936	0.004231876509714326
6.388549373903856e-07	1.5863256299427517	0.00422841778702771
6.389206105771191e-07	1.586319810511044	0.004224958708790426
6.389862905149443e-07	1.5863139904811088	0.004221499274965787
6.390519772045539e-07	1.5863081698528845	0.004218039485517319
6.391176706466421e-07	1.5863023486263093	0.004214579340408454
6.391833708419029e-07	1.5862965268013223	0.0042111188396026355
6.392490777910292e-07	1.5862907043778618	0.004207657983063363
6.393147914947181e-07	1.586284881355866	0.004204196770753932
6.393805119536624e-07	1.586279057735274	0.004200735202637842
6.394462391685567e-07	1.5862732335160232	0.004197273278678515
6.395119731400953e-07	1.586267408698053	0.0041938109988393715
6.39577713868973e-07	1.5862615832813016	0.004190348363083825
6.396434613558844e-07	1.5862557572657074	0.0041868853713752895
6.397092156015228e-07	1.5862499306512088	0.004183422023677238
6.397749766065857e-07	1.5862441034377444	0.004179958319952948
6.398407443717666e-07	1.5862382756252522	0.00417649426016588
6.399065188977603e-07	1.5862324472136713	0.004173029844279439
6.39972300185262e-07	1.5862266182029394	0.004169565072257015
6.400380882349668e-07	1.5862207885929953	0.004166390203267959
6.401038830475683e-07	1.5862149583837777	0.004164042303570452
6.401696846237647e-07	1.5862091275752244	0.004161694162512852
6.402354929642495e-07	1.5862032961672736	0.004159345780070401
6.403013080697185e-07	1.5861974641598644	0.004156997156218278
6.403671299408668e-07	1.586191631552935	0.004154648290931673
6.4043295857839e-07	1.5861857983464238	0.004152299184185761
6.404987939829825e-07	1.586179964540269	0.004149949835955773
6.405646361553424e-07	1.5861741301344086	0.004147600246216785
6.406304850961642e-07	1.5861682951287817	0.004145250414944026
6.406963408061436e-07	1.5861624595233261	0.0041429003421126565
6.407622032859766e-07	1.5861566233179805	0.00414055002769785
6.40828072536359e-07	1.5861507865126827	0.004138199471674772
6.408939485579868e-07	1.5861449491073716	0.004135848674018586
6.409598313515548e-07	1.5861391111019856	0.004133497634704497
6.410257209177618e-07	1.586133272496462	0.004131146353707573
6.410916172573026e-07	1.5861274332907405	0.004128794831003013
6.411575203708736e-07	1.5861215934847581	0.00412644306656597
6.412234302591712e-07	1.586115753078454	0.0041240910603715965
6.412893469228904e-07	1.5861099120717665	0.004121738812395086
6.413552703627303e-07	1.5861040704646332	0.004119386322611489
6.414212005793863e-07	1.5860982282569924	0.004117033590995994
6.414871375735549e-07	1.5860923854487834	0.0041146806175237464
6.415530813459329e-07	1.5860865420399435	0.004112327402169876
6.41619031897217e-07	1.5860806980304112	0.004109973944909527
6.416849892281043e-07	1.586074853420125	0.004107620245717823
6.417509533392901e-07	1.586069008209023	0.004105266304569949
6.418169242314742e-07	1.586063162397043	0.004102912121440931
6.418829019053524e-07	1.5860573159841238	0.004100557696305944
6.419488863616217e-07	1.5860514689702032	0.004098203029140114
6.420148776009794e-07	1.5860456213552199	0.004095848119918553
6.420808756241229e-07	1.5860397731391118	0.004093492968616381
6.421468804317481e-07	1.5860339243218173	0.004091137575208762
6.422128920245551e-07	1.5860280749032745	0.004088781939670713
6.422789104032401e-07	1.586022224883421	0.004086426061977388
6.423449355685007e-07	1.5860163742621958	0.004084069942103897
6.424109675210345e-07	1.5860105230395372	0.004081713580025341
6.424770062615391e-07	1.5860046712153826	0.004079356975716829
6.425430517907113e-07	1.5859988187896708	0.004077000129153497
6.426091041092514e-07	1.5859929657623395	0.004074643040310352
6.426751632178559e-07	1.585987112133327	0.004072285709162537
6.427412291172231e-07	1.5859812579025718	0.00406992813568514
6.428073018080507e-07	1.585975403070012	0.004067570319853256
6.428733812910373e-07	1.585969547635585	0.004065212261641964
6.429394675668808e-07	1.5859636915992297	0.004062853961026351
6.430055606362782e-07	1.5859578349608838	0.004060495417981547
6.430716604999305e-07	1.5859519777204856	0.004058136632482537
6.431377671585351e-07	1.5859461198779732	0.004055777604504439
6.432038806127901e-07	1.5859402614332847	0.00405341833402233
6.432700008633944e-07	1.5859344023863584	0.004051058821011281
6.433361279110452e-07	1.5859285427371321	0.00404869906544641
6.434022617564438e-07	1.5859226824855437	0.004046339067302682
6.434684024002878e-07	1.5859168216315314	0.004043978826555214
6.43534549843276e-07	1.5859109601750336	0.0040416183431790645
6.436007040861073e-07	1.5859050981159881	0.00403925761714929
6.436668651294809e-07	1.5858992354543333	0.004036896648440947
6.437330329740957e-07	1.5858933721900068	0.00403453543702909
6.437992076206496e-07	1.585887508322947	0.004032173982888814
6.438653890698444e-07	1.5858816438530914	0.0040298122859950755
6.439315773223782e-07	1.5858757787803788	0.004027450346322968
6.439977723789503e-07	1.5858699131047467	0.004025088163847528
6.440639742402601e-07	1.5858640468261331	0.004022725738543802
6.441301829070072e-07	1.5858581799444762	0.0040203630703868265
6.441963983798899e-07	1.5858523124597141	0.00401800015935168
6.442626206596104e-07	1.5858464443717848	0.004015637005413303
6.443288497468671e-07	1.585840575680626	0.0040132736085467784
6.443950856423599e-07	1.5858347063861755	0.0040109099687271246
6.444613283467886e-07	1.5858288364883721	0.004008546085929373
6.445275778608532e-07	1.5858229659871532	0.00400618196012854
6.445938341852524e-07	1.585817094882457	0.004003817591299694
6.446600973206887e-07	1.5858112231742214	0.004001452979417765
6.447263672678613e-07	1.5858053508623842	0.003999088124457805
6.447926440274703e-07	1.5857994779468836	0.003996723026394831
6.44858927600216e-07	1.585793604427657	0.003994357685203852
6.449252179867986e-07	1.585787730304643	0.003991992100859874
6.449915151879175e-07	1.5857818555777794	0.003989626273337949
6.450578192042758e-07	1.585775980247004	0.003987260202612983
6.451241300365727e-07	1.5857701043122545	0.003984893888660025
6.451904476855089e-07	1.5857642277734691	0.0039825273314540695
6.452567721517851e-07	1.5857583506305857	0.003980160530970112
6.453231034361022e-07	1.5857524728835422	0.003977793487183142
6.453894415391597e-07	1.5857465945322762	0.003975426200068195
6.454557864616611e-07	1.5857407155767262	0.0039730586696001685
6.455221382043064e-07	1.585734836016829	0.003970690895754084
6.455884967677964e-07	1.5857289558525238	0.003968322878504933
6.456548621528323e-07	1.5857230750837479	0.003965954617827689
6.457212343601156e-07	1.5857171937104386	0.003963586113697326
6.457876133903474e-07	1.5857113117325345	0.003961217366088819
6.458539992442278e-07	1.5857054291499733	0.003958848374977187
6.459203919224608e-07	1.5856995459626928	0.0039564791403373075
6.459867914257468e-07	1.5856936621706308	0.003954109662144186
6.460531977547873e-07	1.585687777773725	0.003951739940372789
6.461196109102841e-07	1.5856818927719132	0.0039493699749980765
6.461860308929387e-07	1.5856760071651337	0.00394699976599501
6.462524577034518e-07	1.5856701209533237	0.003944629313338588
6.463188913425279e-07	1.5856642341364213	0.003942258617003672
6.463853318108676e-07	1.5856583467143641	0.003939887676965257
6.46451779109173e-07	1.5856524586870904	0.003937516493198291
6.465182332381461e-07	1.5856465700545375	0.00393514506567772
6.465846941984892e-07	1.5856406808166432	0.003932773394378485
6.466511619909033e-07	1.5856347909733455	0.003930401479275572
6.46717636616093e-07	1.585628900524582	0.003928029320343831
6.467841180747597e-07	1.5856230094702908	0.003925656917558239
6.468506063676059e-07	1.585617117810409	0.003923284270893726
6.469171014953341e-07	1.5856112255448749	0.003920911380325224
6.469836034586467e-07	1.5856053326736257	0.003918538245827662
6.470501122582452e-07	1.5855994391966002	0.003916164867376009
6.47116627894835e-07	1.5855935451137348	0.003913791244945097
6.471831503691177e-07	1.5855876504249682	0.003911417378509887
6.472496796817961e-07	1.5855817551302378	0.003909043268045297
6.473162158335733e-07	1.5855758592294809	0.003906668913526243
6.473827588251521e-07	1.5855699627226354	0.0039042943149276343
6.474493086572345e-07	1.58556406560964	0.0039019194722244312
6.475158653305263e-07	1.5855581678904307	0.0038995443853914423
6.475824288457295e-07	1.5855522695649464	0.0038971690544036173
6.476489992035473e-07	1.5855463706331245	0.003894793479235861
6.477155764046833e-07	1.5855404710949024	0.00389241765986307
6.477821604498406e-07	1.585534570950218	0.0038900415962601453
6.478487513397232e-07	1.5855286701990088	0.0038876652884019727
6.479153490750331e-07	1.5855227688412128	0.003885288736263497
6.479819536564768e-07	1.585516866876767	0.0038829119398195067
6.480485650847568e-07	1.5855109643056098	0.0038805348990449354
6.481151833605767e-07	1.5855050611276782	0.0038781576139146736
6.481818084846407e-07	1.58549915734291	0.003875780084403595
6.482484404576512e-07	1.585493252951243	0.0038734023104866257
6.483150792803151e-07	1.585487347952615	0.0038710242921385475
6.483817249533352e-07	1.585481442346963	0.0038686460293342823
6.484483774774156e-07	1.585475536134225	0.003866267522048697
6.485150368532606e-07	1.5854696293143384	0.003863888770256662
6.485817030815745e-07	1.5854637218872412	0.003861509773933044
6.486483761630618e-07	1.5854578138528703	0.0038591305330527024
6.487150560984258e-07	1.5854519052111637	0.0038567510475905446
6.487817428883735e-07	1.5854459959620593	0.003854371317521332
6.488484365336084e-07	1.585440086105494	0.003851991342819969
6.48915137034835e-07	1.5854341756414057	0.0038496111234613112
6.489818443927582e-07	1.5854282645697317	0.003847230659420202
6.490485586080829e-07	1.5854223528904097	0.003844849950671493
6.491152796815126e-07	1.5854164406033777	0.003842468997190075
6.49182007613755e-07	1.5854105277085724	0.003840087798950691
6.492487424055139e-07	1.5854046142059317	0.0038377063559282324
6.493154840574944e-07	1.5853987000953933	0.003835324668097535
6.493822325704016e-07	1.5853927853768943	0.003832942735433435
6.494489879449411e-07	1.5853868700503724	0.0038305605579107577
6.495157501818166e-07	1.5853809541157653	0.003828178135504385
6.495825192817364e-07	1.5853750375730105	0.003825795468189047
6.496492952454047e-07	1.5853691204220453	0.003823412555939611
6.497160780735269e-07	1.5853632026628066	0.003821029398730906
6.497828677668088e-07	1.5853572842952328	0.0038186459965377454
6.49849664325956e-07	1.5853513653192612	0.003816262349334946
6.499164677516744e-07	1.5853454457348288	0.0038138784570973224
6.499832780446686e-07	1.5853395255418734	0.00381149431979973
6.500500952056471e-07	1.5853336047403324	0.0038091099374168874
6.501169192353145e-07	1.585327683330143	0.0038067253099236436
6.501837501343772e-07	1.5853217613112431	0.0038043404372947996
6.50250587903541e-07	1.5853158386835697	0.0038019553195051624
6.50317432543511e-07	1.585309915447061	0.0037995699565295717
6.503842840549963e-07	1.585303991601653	0.0037971843483427282
6.504511424387016e-07	1.585298067147284	0.0037947984949194763
6.505180076953336e-07	1.5852921420838915	0.003792412396234602
6.505848798255988e-07	1.5852862164114128	0.003790026052262895
6.506517588302038e-07	1.5852802901297849	0.00378763946297914
6.507186447098551e-07	1.5852743632389457	0.003785252628358122
6.507855374652583e-07	1.5852684357388322	0.0037828655483746615
6.508524370971228e-07	1.5852625076293818	0.003780478223003444
6.509193436061542e-07	1.5852565789105322	0.0037780906522192955
6.509862569930595e-07	1.5852506495822203	0.0037757028359969792
6.510531772585456e-07	1.585244719644384	0.003773314774311276
6.511201044033197e-07	1.5852387890969597	0.0037709264671369424
6.511870384280876e-07	1.5852328579398858	0.0037685379144487964
6.512539793335593e-07	1.5852269261730993	0.0037661491162214998
6.513209271204407e-07	1.5852209937965371	0.0037637600724298634
6.513878817894393e-07	1.5852150608101367	0.0037613707830486402
6.514548433412624e-07	1.5852091272138358	0.0037589812480525865
6.515218117766177e-07	1.5852031930075714	0.0037565914674164533
6.515887870962113e-07	1.5851972581912808	0.003754201441115038
6.516557693007539e-07	1.5851913227649015	0.0037518111691229846
6.517227583909516e-07	1.58518538672837	0.0037494206514150927
6.517897543675123e-07	1.585179450081625	0.0037470298879660993
6.51856757231144e-07	1.585173512824602	0.0037446388787507434
6.519237669825546e-07	1.5851675749572398	0.0037422476237437587
6.519907836224508e-07	1.5851616364794752	0.0037398561229199287
6.520578071515435e-07	1.585155697391245	0.0037374643762538864
6.521248375705395e-07	1.585149757692487	0.0037350723837204078
6.521918748801471e-07	1.585143817383138	0.0037326801452942193
6.522589190810745e-07	1.5851378764631354	0.0037302876609500435
6.523259701740304e-07	1.5851319349324164	0.0037278949306625967
6.523930281597216e-07	1.5851259927909187	0.0037255019544066514
6.524600930388596e-07	1.585120050038579	0.0037231087321568206
6.525271648121517e-07	1.5851141066753343	0.003720715263887865
6.525942434803064e-07	1.5851081627011223	0.0037183215495744963
6.526613290440326e-07	1.5851022181158796	0.003715927589191423
6.527284215040392e-07	1.5850962729195441	0.0037135333827133447
6.527955208610351e-07	1.5850903271120527	0.0037111389301149665
6.52862627115728e-07	1.5850843806933426	0.0037087442313710334
6.529297402688294e-07	1.5850784336633508	0.0037063492864561516
6.529968603210475e-07	1.5850724860220144	0.0037039540953450554
6.530639872730911e-07	1.5850665377692712	0.0037015586580124464
6.531311211256699e-07	1.5850605889050575	0.003699162974433
6.531982618794929e-07	1.5850546394293104	0.003696767044581414
6.532654095352684e-07	1.5850486893419684	0.003694370868432416
6.533325640937087e-07	1.585042738642967	0.0036919744459605885
6.533997255555217e-07	1.5850367873322442	0.003689577777140662
6.534668939214174e-07	1.5850308354097367	0.0036871808619473073
6.535340691921053e-07	1.5850248828753821	0.003684783700355205
6.536012513682953e-07	1.585018929729117	0.0036823862923390186
6.536684404506958e-07	1.585012975970879	0.0036799886378734705
6.537356364400196e-07	1.585007021600605	0.0036775907369331257
6.538028393369753e-07	1.5850010666182315	0.0036751925894926954
6.538700491422731e-07	1.5849951110236964	0.003672794195526839
6.53937265856623e-07	1.5849891548169364	0.0036703955550102187
6.540044894807353e-07	1.5849831979978886	0.0036679966679174854
6.54071720015319e-07	1.5849772405664901	0.00366559753422334
6.541389574610872e-07	1.5849712825226778	0.003663198153902335
6.54206201818749e-07	1.584965323866389	0.0036607985269291685
6.542734530890148e-07	1.5849593645975606	0.003658398653278487
6.543407112725953e-07	1.5849534047161293	0.0036559985329249266
6.544079763702012e-07	1.5849474442220328	0.0036535981658431305
6.544752483825419e-07	1.584941483115208	0.003651197552007781
6.545425273103309e-07	1.5849355213955914	0.00364879669139342
6.546098131542777e-07	1.5849295590631203	0.0036463955839747247
6.546771059150933e-07	1.5849235961177315	0.003643994229726324
6.547444055934889e-07	1.5849176325593621	0.0036415926286228425
6.548117121901753e-07	1.5849116683879496	0.003639190780638909
6.54879025705864e-07	1.5849057036034306	0.003636788685749137
6.549463461412647e-07	1.584899738205742	0.0036343863439282
6.550136734970915e-07	1.5848937721948204	0.0036319837551506175
6.550810077740545e-07	1.5848878055706033	0.003629580919391045
6.551483489728651e-07	1.5848818383330276	0.003627177836624099
6.552156970942349e-07	1.5848758704820303	0.0036247745068243853
6.552830521388755e-07	1.584869902017548	0.003622370929966511
6.553504141074974e-07	1.584863932939518	0.0036199671060251223
6.554177830008149e-07	1.584857963247877	0.003617563034974728
6.554851588195385e-07	1.584851992942562	0.0036151587167899705
6.555525415643802e-07	1.5848460220235099	0.003612754151445449
6.55619931236052e-07	1.5848400504906572	0.003610349338915751
6.556873278352659e-07	1.5848340783439416	0.0036079442791754706
6.557547313627327e-07	1.5848281055832998	0.0036055389721992397
6.558221418191674e-07	1.5848221322086684	0.0036031334179615483
6.558895592052807e-07	1.5848161582199842	0.003600727616437028
6.559569835217852e-07	1.5848101836171842	0.0035983215676002583
6.560244147693933e-07	1.5848042084002054	0.003595915271425811
6.560918529488174e-07	1.5847982325689847	0.0035935087278882623
6.561592980607688e-07	1.5847922561234586	0.0035911019369622367
6.562267501059629e-07	1.5847862790635645	0.003588694898622201
6.56294209085111e-07	1.584780301389239	0.003586287612842771
6.563616749989259e-07	1.5847743231004188	0.0035838800795985086
6.564291478481205e-07	1.5847683441970406	0.0035814722988639818
6.564966276334077e-07	1.5847623646790414	0.003579064270613743
6.565641143554992e-07	1.5847563845463584	0.0035766559948223952
6.566316080151108e-07	1.5847504037989277	0.0035742474714644
6.566991086129544e-07	1.5847444224366867	0.0035718387005143526
6.567666161497431e-07	1.5847384404595717	0.0035694296819468022
6.568341306261902e-07	1.5847324578675202	0.003567020415736294
6.569016520430091e-07	1.5847264746604681	0.0035646109018573737
6.569691804009134e-07	1.584720490838353	0.0035622011402845753
6.570367157006152e-07	1.5847145064011112	0.0035597911309924895
6.571042579428307e-07	1.5847085213486793	0.0035573808739555526
6.571718071282724e-07	1.5847025356809947	0.0035549703691483436
6.572393632576539e-07	1.5846965493979934	0.003552559616545398
6.573069263316891e-07	1.5846905624996128	0.003550148616121236
6.573744963510906e-07	1.5846845749857894	0.0035477373678504324
6.57442073316575e-07	1.58467858685646	0.003545325871707414
6.575096572288549e-07	1.5846725981115608	0.0035429141276667494
6.575772480886447e-07	1.584666608751029	0.00354050213570295
6.576448458966583e-07	1.5846606187748016	0.0035380898957905337
6.5771245065361e-07	1.5846546281828147	0.0035356774079040136
6.577800623602144e-07	1.5846486369750052	0.0035332646720178935
6.578476810171843e-07	1.5846426451513103	0.0035308516881067294
6.57915306625237e-07	1.5846366527116658	0.0035284384561449318
6.579829391850856e-07	1.584630659656009	0.0035260249761070446
6.58050578697445e-07	1.5846246659842764	0.003523611247967566
6.581182251630295e-07	1.5846186716964046	0.0035211972717009987
6.581858785825542e-07	1.5846126767923303	0.003518783047281828
6.582535389567325e-07	1.5846066812719903	0.003516368574684596
6.583212062862821e-07	1.5846006851353212	0.003513953853883693
6.583888805719165e-07	1.5845946883822595	0.003511538884853653
6.584565618143508e-07	1.5845886910127418	0.003509123667568958
6.585242500143003e-07	1.5845826930267048	0.003506708202004088
6.585919451724801e-07	1.5845766944240856	0.003504292488133517
6.586596472896042e-07	1.5845706952048202	0.0035018765259317726
6.587273563663905e-07	1.5845646953688455	0.0034994603153732295
6.587950724035532e-07	1.5845586949160975	0.003497043856432407
6.58862795401808e-07	1.5845526938465138	0.0034946271490837667
6.589305253618703e-07	1.5845466921600302	0.0034922101933017725
6.589982622844557e-07	1.5845406898565837	0.0034897929890608933
6.590660061702801e-07	1.5845346869361108	0.0034873755363355797
6.591337570200578e-07	1.5845286833985477	0.003484957835100344
6.592015148345075e-07	1.5845226792438316	0.0034825398853295347
6.592692796143438e-07	1.5845166744718986	0.0034801216869976563
6.593370513602826e-07	1.5845106690826856	0.00347770324007916
6.594048300730402e-07	1.5845046630761288	0.003475284544548485
6.594726157533314e-07	1.584498656452165	0.003472865600380123
6.595404084018749e-07	1.5844926492107305	0.0034704464075484246
6.59608208019386e-07	1.5844866413517618	0.00346802696602787
6.596760146065809e-07	1.5844806328751955	0.0034656072757928954
6.597438281641761e-07	1.5844746237809684	0.0034631873368179333
6.598116486928882e-07	1.5844686140690167	0.003460767149077416
6.598794761934337e-07	1.584462603739277	0.0034583467125457712
6.599473106665282e-07	1.5844565927916858	0.003455926027197465
6.600151521128909e-07	1.5844505812261795	0.0034535050930068313
6.600830005332374e-07	1.5844445690426947	0.0034510839099483335
6.601508559282846e-07	1.5844385562411674	0.0034486624779963915
6.602187182987494e-07	1.584432542821535	0.0034462407971254144
6.602865876453491e-07	1.584426528783733	0.003443818867309817
6.603544639687993e-07	1.5844205141276984	0.003441396688524056
6.604223472698198e-07	1.5844144988533677	0.003438974260742444
6.604902375491268e-07	1.584408482960677	0.0034365515839394276
6.605581348074376e-07	1.5844024664495628	0.0034341286580894088
6.606260390454695e-07	1.5843964493199618	0.0034317054831667897
6.6069395026394e-07	1.5843904315718103	0.0034292820591459642
6.607618684635654e-07	1.5843844132050444	0.0034268583860013724
6.60829793645066e-07	1.5843783942196012	0.003424434463707311
6.608977258091583e-07	1.5843723746154164	0.003422010292238215
6.6096566495656e-07	1.5843663543924267	0.0034195858715684673
6.61033611087989e-07	1.5843603335505683	0.0034171612016724515
6.611015642041632e-07	1.5843543120897778	0.0034147362825245504
6.611695243057992e-07	1.5843482900099917	0.003412311114099189
6.612374913936181e-07	1.584342267311146	0.0034098856963706405
6.613054654683363e-07	1.5843362439931772	0.0034074600293133323
6.613734465306724e-07	1.5843302200560219	0.0034050341129016263
6.614414345813445e-07	1.5843241954996161	0.0034026079471098972
6.615094296210711e-07	1.584318170323896	0.0034001815319125053
6.615774316505693e-07	1.5843121445287989	0.003397754867283856
6.616454406705602e-07	1.58430611811426	0.00339532795319822
6.617134566817612e-07	1.5843000910802159	0.0033929007896299984
6.61781479684891e-07	1.5842940634266034	0.0033904733765535407
6.618495096806684e-07	1.5842880351533584	0.003388045713943203
6.619175466698119e-07	1.584282006260417	0.0033856178017733344
6.619855906530408e-07	1.5842759767477161	0.003383189640018276
6.620536416310725e-07	1.584269946615192	0.0033807612286524233
6.62121699604629e-07	1.5842639158627803	0.0033783325676500146
6.621897645744278e-07	1.5842578844904176	0.0033759036569854413
6.622578365411881e-07	1.5842518524980402	0.0033734744966330403
6.623259155056294e-07	1.5842458198855844	0.003371045086567139
6.62394001468471e-07	1.5842397866529865	0.0033686154267620664
6.624620944304308e-07	1.5842337528001829	0.0033661855171922025
6.625301943922312e-07	1.5842277183271094	0.003363755357831775
6.625983013545902e-07	1.5842216832337024	0.003361324948655152
6.626664153182277e-07	1.5842156475198985	0.003358894289636652
6.627345362838632e-07	1.5842096111856332	0.0033564633807505947
6.628026642522166e-07	1.5842035742308433	0.0033540322219712936
6.628707992240064e-07	1.584197536655465	0.003351600813273107
6.629389411999553e-07	1.5841914984594343	0.0033491691546302465
6.630070901807819e-07	1.5841854596426874	0.0033467372460170694
6.630752461672063e-07	1.5841794202051604	0.003344305087407875
6.631434091599486e-07	1.5841733801467899	0.003341872678776968
6.632115791597292e-07	1.5841673394675118	0.0033394400200986436
6.632797561672669e-07	1.5841612981672621	0.003337007111347247
6.633479401832848e-07	1.5841552562459773	0.0033345739524969767
6.634161312085022e-07	1.584149213703593	0.003332140543522167
6.634843292436393e-07	1.5841431705400462	0.003329706884397112
6.63552534289417e-07	1.5841371267552724	0.0033272729750960877
6.636207463465559e-07	1.584131082349208	0.003324838815593384
6.636889654157753e-07	1.584125037321789	0.0033224044058633257
6.63757191497799e-07	1.584118991672952	0.0033199697458800906
6.638254245933462e-07	1.5841129454026324	0.003317534835618009
6.63893664703138e-07	1.5841068985107665	0.0033150996750513466
6.639619118278956e-07	1.5841008509972907	0.0033126642641543736
6.640301659683401e-07	1.5840948028621407	0.0033102286029013553
6.640984271251926e-07	1.5840887541052528	0.0033077926912665583
6.641666952991729e-07	1.5840827047265638	0.0033053565292242935
6.642349704910053e-07	1.5840766547260086	0.0033029201167487166
6.643032527014099e-07	1.5840706041035237	0.0033004834538141355
6.643715419311079e-07	1.5840645528590453	0.003298046540394805
6.64439838180821e-07	1.5840585009925094	0.003295609376464976
6.645081414512697e-07	1.584052448503852	0.0032931719619989407
6.645764517431782e-07	1.5840463953930095	0.0032907342969708477
6.64644769057267e-07	1.5840403416599176	0.0032882963813549923
6.647130933942579e-07	1.584034287304512	0.0032858582151256152
6.647814247548729e-07	1.584028232326729	0.0032834197982569485
6.648497631398342e-07	1.584022176726505	0.0032809811307232266
6.649181085498635e-07	1.584016120503776	0.0032785422124986903
6.64986460985682e-07	1.5840100636584773	0.003276103043557608
6.650548204480145e-07	1.5840040061905456	0.0032736636238741104
6.651231869375818e-07	1.5839979480999165	0.0032712239534224783
6.651915604551064e-07	1.5839918893865261	0.0032687840321769246
6.65259941001311e-07	1.5839858300503105	0.00326634386011167
6.653283285769177e-07	1.5839797700912055	0.0032639034372009355
6.65396723182648e-07	1.5839737095091473	0.003261462763418978
6.654651248192273e-07	1.5839676483040717	0.0032590218387399134
6.65533533487377e-07	1.5839615864759145	0.003256580663137996
6.6560194918782e-07	1.5839555240246117	0.003254139236587431
6.65670371921279e-07	1.5839494609500995	0.0032516975590624287
6.657388016884771e-07	1.5839433972523138	0.0032492556305371814
6.658072384901361e-07	1.5839373329311903	0.003246813450985938
6.658756823269816e-07	1.583931267986665	0.0032443710203827972
6.659441331997357e-07	1.5839252024186738	0.003241928338701998
6.660125911091216e-07	1.583919136227153	0.0032394854059177316
6.660810560558624e-07	1.5839130694120378	0.0032370422220041875
6.66149528040682e-07	1.5839070019732646	0.003234598786935542
6.662180070643035e-07	1.5839009339107692	0.0032321551006859843
6.662864931274493e-07	1.5838948652244875	0.0032297111632297397
6.663549862308458e-07	1.5838887959143553	0.0032272669745408876
6.664234863752153e-07	1.583882725980308	0.0032248225345936463
6.664919935612816e-07	1.5838766554222823	0.003222377843362194
6.665605077897685e-07	1.5838705842402137	0.003219932900820695
6.666290290613987e-07	1.5838645124340385	0.0032174877069433656
6.66697557376899e-07	1.5838584400036912	0.003215042261704268
6.66766092736992e-07	1.5838523669491091	0.0032125965650776148
6.668346351424019e-07	1.5838462932702273	0.003210150617037563
6.66903184593853e-07	1.5838402189669818	0.003207704417558264
6.669717410920695e-07	1.5838341440393084	0.0032052579666138796
6.67040304637776e-07	1.5838280684871426	0.003202811264178549
6.671088752316955e-07	1.583821992310421	0.003200364310226472
6.671774528745552e-07	1.5838159155090787	0.0031979171047317023
6.672460375670785e-07	1.5838098380830514	0.003195469647668418
6.673146293099899e-07	1.5838037600322759	0.003193021939010768
6.673832281040143e-07	1.5837976813566867	0.003190573978732887
6.674518339498766e-07	1.5837916020562202	0.0031881257668089046
6.675204468483001e-07	1.5837855221308121	0.003185677303213007
6.675890668000129e-07	1.5837794415803983	0.003183228587919218
6.676576938057383e-07	1.5837733604049142	0.003180779620901721
6.677263278662018e-07	1.583767278604296	0.0031783304021346303
6.677949689821284e-07	1.5837611961784788	0.0031758809315920724
6.678636171542435e-07	1.5837551131273986	0.0031734312092481613
6.679322723832709e-07	1.583749029450992	0.003170981235077066
6.68000934669939e-07	1.5837429451491933	0.003168531009052798
6.680696040149718e-07	1.583736860221939	0.0031660805311495184
6.68138280419095e-07	1.583730774669165	0.0031636298013413295
6.682069638830341e-07	1.5837246884908058	0.003161178819602343
6.682756544075151e-07	1.5837186016867988	0.003158727585906655
6.683443519932621e-07	1.5837125142570785	0.003156276100228417
6.684130566410041e-07	1.583706426201581	0.003153824362541624
6.684817683514654e-07	1.5837003375202416	0.003151372372820424
6.685504871253722e-07	1.5836942482129968	0.0031489201310389023
6.686192129634505e-07	1.583688158279781	0.003146467637171154
6.686879458664266e-07	1.5836820677205312	0.00314401489119126
6.687566858350251e-07	1.5836759765351822	0.0031415618930733585
6.688254328699756e-07	1.5836698847236699	0.003139108642791423
6.688941869720026e-07	1.5836637922859298	0.0031366551403195888
6.689629481418329e-07	1.5836576992218974	0.003134201385631928
6.69031716380193e-07	1.5836516055315086	0.003131747378702514
6.691004916878095e-07	1.5836455112146992	0.003129293119505417
6.691692740654091e-07	1.583639416271404	0.0031268386080147014
6.692380635137171e-07	1.5836333207015598	0.003124383844204486
6.693068600334634e-07	1.583627224505101	0.0031219288280487276
6.693756636253733e-07	1.583621127681964	0.003119473559521541
6.69444474290174e-07	1.583615030232084	0.003117018038596979
6.695132920285923e-07	1.5836089321553968	0.0031145622652491017
6.695821168413556e-07	1.5836028334518377	0.0031121062394519504
6.696509487291898e-07	1.5835967341213424	0.0031096499611796297
6.697197876928247e-07	1.5835906341638464	0.0031071934304060874
6.697886337329865e-07	1.583584533579285	0.0031047366471054125
6.698574868504025e-07	1.5835784323675943	0.003102279611251651
6.699263470458004e-07	1.5835723305287097	0.0030998223228188354
6.699952143199078e-07	1.5835662280625664	0.0030973647817810037
6.700640886734508e-07	1.5835601249691003	0.0030949069881122376
6.701329701071602e-07	1.5835540212482466	0.0030924489417864663
6.702018586217622e-07	1.5835479168999407	0.0030899906427777667
6.702707542179848e-07	1.5835418119241185	0.003087532091060167
6.703396568965559e-07	1.5835357063207152	0.0030850732866076914
6.704085666582038e-07	1.5835296000896664	0.003082614229394349
6.704774835036549e-07	1.5835234932309077	0.0030801549193942156
6.705464074336405e-07	1.5835173857443745	0.0030776953565812
6.706153384488873e-07	1.583511277630002	0.0030752355409293655
6.706842765501237e-07	1.583505168887726	0.00307277547241272
6.70753221738078e-07	1.5834990595174816	0.0030703151510052735
6.708221740134789e-07	1.5834929495192047	0.003067854576681022
6.708911333770535e-07	1.5834868388928305	0.003065393749414023
6.709600998295333e-07	1.5834807276382943	0.0030629326691781677
6.710290733716455e-07	1.5834746157555317	0.0030604713359475063
6.71098054004119e-07	1.5834685032444782	0.003058009749696031
6.711670417276826e-07	1.583462390105069	0.00305554791039773
6.712360365430654e-07	1.5834562763372397	0.00305308581802659
6.713050384509962e-07	1.5834501619409251	0.0030506234725566016
6.713740474522031e-07	1.5834440469160618	0.003048160873961784
6.714430635474176e-07	1.5834379312625844	0.00304569802221603
6.715120867373678e-07	1.583431814980428	0.00304323491729336
6.71581117022783e-07	1.5834256980695285	0.0030407715591677445
6.716501544043926e-07	1.5834195805298212	0.0030383079478131627
6.71719198882926e-07	1.583413462361241	0.0030358440832035784
6.717882504591116e-07	1.5834073435637241	0.0030333799653130037
6.718573091336815e-07	1.583401224137205	0.0030309155941153076
6.719263749073642e-07	1.5833951040816197	0.0030284509695845
6.719954477808894e-07	1.5833889833969028	0.0030259860916945374
6.720645277549869e-07	1.5833828620829904	0.0030235209604193777
6.721336148303868e-07	1.5833767401398173	0.0030210555757329673
6.722027090078177e-07	1.5833706175673194	0.0030185899376093065
6.722718102880122e-07	1.5833644943654313	0.0030161240460222505
6.723409186716993e-07	1.5833583705340883	0.003013657900945785
6.724100341596092e-07	1.5833522460732263	0.0030111915023538585
6.724791567524721e-07	1.5833461209827804	0.0030087248502204036
6.725482864510184e-07	1.5833399952626854	0.003006257944519363
6.726174232559773e-07	1.5833338689128773	0.0030037907852247143
6.72686567168082e-07	1.5833277419332907	0.0030013233723102887
6.727557181880617e-07	1.5833216143238613	0.0029988557057500738
6.728248763166471e-07	1.5833154860845242	0.002996387785517983
6.728940415545689e-07	1.5833093572152146	0.002993919611587949
6.729632139025581e-07	1.5833032277158678	0.002991451183933884
6.73032393361344e-07	1.5832970975864191	0.002988982502529763
6.731015799316604e-07	1.5832909668268038	0.002986513567349397
6.731707736142371e-07	1.5832848354369566	0.002984044378366748
6.732399744098052e-07	1.5832787034168134	0.0029815749355557243
6.733091823190957e-07	1.583272570766309	0.002979105238890239
6.7337839734284e-07	1.5832664374853787	0.0029766352883441893
6.734476194817696e-07	1.5832603035739576	0.00297416508389148
6.735168487366144e-07	1.583254169031981	0.002971694625506059
6.735860851081086e-07	1.5832480338593844	0.0029692239131617233
6.736553285969826e-07	1.583241898056102	0.002966752946832414
6.737245792039679e-07	1.58323576162207	0.002964281726492028
6.737938369297962e-07	1.583229624557223	0.002961810252114448
6.738631017751981e-07	1.5832234868614963	0.002959338523673608
6.739323737409081e-07	1.5832173485348253	0.002956866541143294
6.740016528276567e-07	1.583211209577145	0.00295439430449744
6.740709390361762e-07	1.58320506998839	0.002951921813709914
6.741402323671985e-07	1.5831989297684959	0.0029494490687545965
6.742095328214558e-07	1.583192788917398	0.0029469760696053584
6.742788403996804e-07	1.583186647435031	0.002944502816236071
6.743481551026032e-07	1.5831805053213304	0.0029420293086206456
6.744174769309594e-07	1.583174362576231	0.0029395555467328534
6.744868058854803e-07	1.5831682191996679	0.0029370815305465973
6.745561419668981e-07	1.5831620751915763	0.0029346072600357417
6.746254851759456e-07	1.5831559305518912	0.0029321327351741425
6.746948355133554e-07	1.5831497852805478	0.002929657955935653
6.747641929798591e-07	1.5831436393774814	0.0029271829222941685
6.748335575761922e-07	1.583137492842626	0.002924707634223445
6.749029293030864e-07	1.583131345675918	0.0029222320916973666
6.749723081612745e-07	1.5831251978772918	0.0029197562946897872
6.750416941514897e-07	1.5831190494466827	0.002917280243174539
6.75111087274465e-07	1.583112900384025	0.0029148039371254646
6.751804875309325e-07	1.5831067506892547	0.002912327376516444
6.752498949216282e-07	1.583100600362306	0.002909850561321207
6.75319309447284e-07	1.5830944494031147	0.002907373491513641
6.753887311086335e-07	1.583088297811615	0.0029048961670675626
6.7545815990641e-07	1.5830821455877426	0.002902418587956803
6.755275958413474e-07	1.583075992731432	0.0028999407541551794
6.755970389141793e-07	1.5830698392426183	0.002897462665636511
6.75666489125638e-07	1.5830636851212367	0.0028949843223746597
6.757359464764602e-07	1.5830575303672223	0.002892505724343343
6.758054109673782e-07	1.5830513749805093	0.0028900268715164237
6.758748825991263e-07	1.5830452189610333	0.002887547763867702
6.759443613724385e-07	1.5830390623087292	0.0028850684013709826
6.760138472880474e-07	1.5830329050235319	0.0028825887840001245
6.760833403466902e-07	1.583026747105376	0.002880108911728822
6.761528405490995e-07	1.583020588554197	0.0028776287845309256
6.762223478960099e-07	1.5830144293699295	0.002875148402380225
6.762918623881558e-07	1.5830082695525083	0.0028726677652505155
6.763613840262718e-07	1.5830021091018687	0.0028701868731155805
6.764309128110923e-07	1.5829959480179454	0.0028677057259492117
6.765004487433508e-07	1.5829897863006732	0.0028652243237252354
6.765699918237845e-07	1.5829836239499873	0.0028627426664173403
6.766395420531273e-07	1.5829774609658218	0.0028602607539993464
6.767090994321136e-07	1.5829712973481127	0.002857778586445036
6.767786639614788e-07	1.582965133096794	0.0028552961637281753
6.768482356419576e-07	1.582958968211801	0.0028528134858225407
6.769178144742839e-07	1.5829528026930686	0.0028503305527019436
6.769874004591957e-07	1.5829466365405314	0.002847847364340049
6.770569935974268e-07	1.5829404697541243	0.0028453639207106697
6.771265938897127e-07	1.5829343023337819	0.0028428802217875656
6.771962013367886e-07	1.58292813427944	0.0028403962675444916
6.772658159393902e-07	1.5829219655910318	0.002837912057955201
6.773354376982516e-07	1.582915796268494	0.0028354275929934943
6.774050666141112e-07	1.5829096263117601	0.002832942872633021
6.774747026877033e-07	1.582903455720765	0.00283045789684758
6.775443459197639e-07	1.582897284495444	0.0028279726656109064
6.776139963110286e-07	1.5828911126357317	0.0028254871788967457
6.776836538622337e-07	1.5828849401415632	0.0028230014366788314
6.777533185741135e-07	1.5828787670128723	0.0028205154389309523
6.778229904474071e-07	1.5828725932495948	0.0028180291856267367
6.778926694828492e-07	1.582866418851665	0.002815542676739967
6.77962355681176e-07	1.582860243819018	0.0028130559122443713
6.78032049043124e-07	1.5828540681515877	0.0028105688921136645
6.781017495694296e-07	1.5828478918493096	0.0028080816163215767
6.781714572608276e-07	1.5828417149121183	0.0028055940848418738
6.782411721180577e-07	1.582835537339949	0.002803106297648169
6.78310894141855e-07	1.5828293591327354	0.002800618254714229
6.783806233329561e-07	1.5828231802904127	0.002798129956013764
6.78450359692098e-07	1.5828170008129159	0.0027956414015204785
6.785201032200174e-07	1.5828108207001792	0.0027931525912080813
6.785898539174512e-07	1.5828046399521378	0.002790663525050271
6.786596117851353e-07	1.5827984585687265	0.0027881742030207986
6.787293768238093e-07	1.582792276549879	0.002785684625093259
6.787991490342091e-07	1.582786093895531	0.0027831947912414006
6.788689284170718e-07	1.5827799106056162	0.002780704701438912
6.78938714973135e-07	1.5827737266800703	0.002778214355659481
6.790085087031357e-07	1.5827675421188276	0.0027757237538767977
6.790783096078104e-07	1.5827613569218228	0.0027732328960645898
6.79148117687899e-07	1.58275517108899	0.002770741782196446
6.792179329441381e-07	1.5827489846202645	0.002768250412246084
6.792877553772652e-07	1.5827427975155806	0.002765758786187184
6.793575849880181e-07	1.5827366097748725	0.0027632669039934234
6.794274217771347e-07	1.582730421398076	0.0027607747656384625
6.794972657453515e-07	1.582724232385125	0.002758282371096024
6.795671168934091e-07	1.5827180427359537	0.002755789720339674
6.796369752220445e-07	1.5827118524504975	0.0027532968133431195
6.797068407319958e-07	1.5827056615286903	0.0027508036500800185
6.79776713424001e-07	1.5826994699704673	0.0027483102305240316
6.798465932987986e-07	1.5826932777757627	0.0027458165546488137
6.799164803571255e-07	1.5826870849445114	0.002743322622428059
6.799863745997229e-07	1.5826808914766475	0.0027408284338353234
6.800562760273281e-07	1.5826746973721055	0.0027383339888442954
6.801261846406796e-07	1.5826685026308205	0.0027358392874286207
6.80196100440516e-07	1.5826623072527268	0.0027333443295619415
6.802660234275763e-07	1.5826561112377588	0.0027308491152178895
6.803359536025976e-07	1.5826499145858512	0.002728353644370156
6.804058909663219e-07	1.5826437172969383	0.0027258579169922663
6.804758355194867e-07	1.5826375193709552	0.0027233619330579045
6.80545787262831e-07	1.5826313208078358	0.0027208656925406943
6.80615746197094e-07	1.5826251216075145	0.0027183691954142594
6.806857123230149e-07	1.5826189217699262	0.002715872441652223
6.80755685641333e-07	1.5826127212950056	0.0027133754312282004
6.808256661527862e-07	1.5826065201826864	0.0027108781641158627
6.808956538581168e-07	1.5826003184329038	0.0027083806402887142
6.80965648758063e-07	1.582594116045592	0.0027058828597204218
6.810356508533642e-07	1.5825879130206855	0.0027033848223845924
6.811056601447602e-07	1.5825817093581187	0.0027008865282548275
6.811756766329893e-07	1.5825755050578263	0.0026983879773047814
6.812457003187942e-07	1.582569300119742	0.0026958891695079523
6.813157312029132e-07	1.5825630945438012	0.0026933901048379902
6.813857692860865e-07	1.582556888329938	0.0026908907832684857
6.814558145690542e-07	1.582550681478086	0.0026883912047730276
6.815258670525561e-07	1.5825444739881809	0.0026858913693252086
6.815959267373328e-07	1.5825382658601563	0.002683391276898612
6.816659936241227e-07	1.582532057093947	0.002680890927466876
6.817360677136695e-07	1.5825258476894872	0.0026783903210034726
6.818061490067117e-07	1.5825196376467112	0.0026758894574820374
6.818762375039903e-07	1.5825134269655536	0.002673388336876137
6.819463332062456e-07	1.5825072156459485	0.002670886959159349
6.820164361142182e-07	1.5825010036878309	0.0026683853243052455
6.820865462286476e-07	1.5824947910911342	0.0026658834322874376
6.821566635502773e-07	1.5824885778557936	0.002663381283079391
6.822267880798469e-07	1.582482363981743	0.002660878876654717
6.822969198180973e-07	1.5824761494689168	0.0026583762129869753
6.823670587657696e-07	1.5824699343172495	0.002655873292049718
6.824372049236048e-07	1.5824637185266752	0.0026533701138165048
6.825073582923428e-07	1.5824575020971285	0.0026508666782609318
6.825775188727275e-07	1.5824512850285435	0.0026483629853564492
6.826476866654991e-07	1.5824450673208545	0.0026458590350766473
6.827178616713988e-07	1.5824388489739958	0.002643354827395073
6.827880438911683e-07	1.5824326299879017	0.00264085036228526
6.828582333255489e-07	1.5824264103625068	0.002638345639720756
6.829284299752826e-07	1.582420190097745	0.0026358406596750823
6.829986338411094e-07	1.582413969193551	0.0026333354221218293
6.830688449237741e-07	1.5824077476498584	0.0026308299270344226
6.83139063224017e-07	1.5824015254666017	0.0026283241743864385
6.832092887425803e-07	1.5823953026437156	0.0026258181641513976
6.832795214802059e-07	1.5823890791811337	0.0026233118963028246
6.833497614376345e-07	1.5823828550787908	0.002620805370814284
6.83420008615611e-07	1.5823766303366211	0.002618298587659195
6.834902630148764e-07	1.5823704049545584	0.002615791546811116
6.835605246361729e-07	1.5823641789325373	0.0026132842482435585
6.836307934802432e-07	1.5823579522704916	0.002610776691930024
6.837010695478294e-07	1.582351724968356	0.0026082688778440275
6.837713528396744e-07	1.5823454970260644	0.0026057608059590594
6.838416433565192e-07	1.582339268443551	0.0026032524762486763
6.839119410991095e-07	1.58233303922075	0.0026007438886862704
6.839822460681865e-07	1.582326809357596	0.002598235043245387
6.840525582644932e-07	1.5823205788540224	0.0025957259398995125
6.841228776887726e-07	1.582314347709964	0.0025932165786221387
6.841932043417676e-07	1.5823081159253545	0.002590706959386749
6.842635382242199e-07	1.5823018835001283	0.0025881970821668774
6.843338793368756e-07	1.5822956504342198	0.002585686946935901
6.844042276804765e-07	1.5822894167275625	0.002583176553667349
6.844745832557657e-07	1.5822831823800911	0.0025806659023346976
6.84544946063487e-07	1.5822769473917395	0.0025781549929114124
6.846153161043836e-07	1.5822707117624422	0.002575643825370965
6.846856933791978e-07	1.5822644754921327	0.0025731323996868736
6.84756077888676e-07	1.5822582385807453	0.0025706207158324966
6.848264696335604e-07	1.582252001028214	0.0025681087737813493
6.84896868614595e-07	1.582245762834473	0.002565596573506884
6.849672748325235e-07	1.5822395239994567	0.0025630841149825627
6.850376882880898e-07	1.5822332845230986	0.002560571398181835
6.851081089820366e-07	1.5822270444053337	0.0025580584230781994
6.85178536915111e-07	1.582220803646095	0.002555545189645
6.852489720880554e-07	1.582214562245317	0.0025530316978557357
6.853194145016142e-07	1.5822083202029338	0.0025505179476838493
6.853898641565318e-07	1.5822020775188794	0.002548003939102775
6.854603210535525e-07	1.5821958341930875	0.002545489672085951
6.855307851934194e-07	1.5821895902254932	0.0025429751466068606
6.856012565768799e-07	1.5821833456160292	0.002540460362638831
6.856717352046772e-07	1.5821771003646303	0.002537945320155344
6.857422210775558e-07	1.5821708544712303	0.002535430019129827
6.858127141962608e-07	1.5821646079357632	0.002532914459535696
6.858832145615371e-07	1.582158360758163	0.002530398641346371
6.859537221741292e-07	1.582152112938364	0.0025278825645352753
6.860242370347812e-07	1.5821458644762996	0.0025253662290758653
6.860947591442406e-07	1.582139615371904	0.0025228496349414594
6.861652885032515e-07	1.5821333656251115	0.002520332782105511
6.862358251125589e-07	1.5821271152358558	0.002517815670541428
6.863063689729081e-07	1.5821208642040705	0.002515298300222615
6.863769200850447e-07	1.58211461252969	0.002512780671122469
6.864474784497126e-07	1.5821083602126487	0.0025102627832144396
6.865180440676603e-07	1.5821021072528794	0.002507744636471822
6.865886169396319e-07	1.5820958536503167	0.0025052262308680583
6.86659197066373e-07	1.5820895994048945	0.0025027075663765414
6.867297844486296e-07	1.5820833445165468	0.002500188642970653
6.868003790871475e-07	1.5820770889852072	0.002497669460623775
6.868709809826712e-07	1.5820708328108097	0.002495150019309346
6.869415901359495e-07	1.5820645759932883	0.002492630319000642
6.87012206547727e-07	1.5820583185325767	0.0024901103596710857
6.8708283021875e-07	1.5820520604286092	0.002487590141294056
6.871534611497648e-07	1.582045801681319	0.0024850696638429154
6.872240993415174e-07	1.5820395422906408	0.0024825489272910415
6.872947447947531e-07	1.582033282256508	0.0024800279316118394
6.87365397510221e-07	1.5820270215788539	0.002477506676778577
6.874360574886664e-07	1.5820207602576137	0.002474985162764659
6.875067247308358e-07	1.58201449829272	0.002472463389543448
6.875773992374759e-07	1.582008235684107	0.0024699413570882962
6.876480810093336e-07	1.582001972431709	0.002467419065372551
6.877187700471541e-07	1.5819957085354592	0.0024648965143696158
6.877894663516874e-07	1.581989443995292	0.0024623737040527344
6.878601699236789e-07	1.5819831788111405	0.002459850634395299
6.879308807638758e-07	1.581976912982939	0.0024573273053706494
6.880015988730252e-07	1.5819706465106211	0.0024548037169521268
6.880723242518745e-07	1.5819643793941207	0.002452279869113059
6.881430569011707e-07	1.5819581116333716	0.0024497557618267866
6.882137968216601e-07	1.5819518432283075	0.002447231395066681
6.882845440140927e-07	1.5819455741788617	0.0024447067688059747
6.883552984792149e-07	1.581939304484969	0.002442181883018036
6.884260602177741e-07	1.5819330341465625	0.0024396567376761937
6.884968292305182e-07	1.5819267631635756	0.0024371313327537563
6.885676055181948e-07	1.5819204915359428	0.0024346056682240467
6.886383890815504e-07	1.5819142192635975	0.002432079744060427
6.887091799213358e-07	1.5819079463464734	0.0024295535602361054
6.887799780382975e-07	1.5819016727845039	0.002427027116724437
6.888507834331836e-07	1.5818953985776232	0.0024245004134987322
6.889215961067423e-07	1.581889123725765	0.0024219734505322894
6.889924160597219e-07	1.5818828482288627	0.0024194462277984064
6.890632432928692e-07	1.5818765720868504	0.002416918745270429
6.891340778069354e-07	1.5818702952996613	0.0024143910029215563
6.892049196026676e-07	1.5818640178672292	0.002411863000725125
6.892757686808144e-07	1.5818577397894877	0.0024093347386544223
6.893466250421242e-07	1.5818514610663712	0.00240680621668274
6.89417488687346e-07	1.5818451816978123	0.002404277434783349
6.894883596172269e-07	1.5818389016837455	0.002401748392929591
6.895592378325187e-07	1.581832621024104	0.002399219091094639
6.896301233339689e-07	1.5818263397188213	0.002396689529251814
6.897010161223266e-07	1.5818200577678314	0.0023941597073743894
6.897719161983406e-07	1.5818137751710677	0.00239162962543564
6.898428235627604e-07	1.5818074919284637	0.0023890992834088237
6.899137382163337e-07	1.5818012080399537	0.002386568681267254
6.899846601598125e-07	1.5817949235054702	0.0023840378189841005
6.900555893939449e-07	1.5817886383249478	0.002381506696532663
6.901265259194804e-07	1.5817823524983194	0.0023789753138861976
6.901974697371684e-07	1.5817760660255191	0.002376443671017958
6.902684208477587e-07	1.58176977890648	0.002373911767901194
6.903393792520009e-07	1.581763491141136	0.0023713796045091544
6.904103449506433e-07	1.5817572027294207	0.0023688471808151314
6.904813179444388e-07	1.581750913671267	0.002366314496792263
6.905522982341357e-07	1.5817446239666095	0.0023637815524138427
6.90623285820484e-07	1.5817383336153812	0.0023612483476531075
6.906942807042338e-07	1.5817320426175152	0.0023587148824832874
6.907652828861341e-07	1.5817257509729459	0.0023561811568776595
6.908362923669376e-07	1.5817194586816061	0.0023536471708093592
6.909073091473934e-07	1.5817131657434298	0.002351112924251656
6.90978333228252e-07	1.58170687215835	0.0023485784171777715
6.910493646102636e-07	1.5817005779263007	0.0023460436495609297
6.911204032941788e-07	1.5816942830472152	0.0023435086213743463
6.911914492807485e-07	1.5816879875210268	0.0023409733325912285
6.912625025707217e-07	1.5816816913476697	0.002338437783184845
6.91333563164852e-07	1.581675394527076	0.0023359019731283024
6.91404631063889e-07	1.5816690970591807	0.0023333659023948563
6.914757062685836e-07	1.5816627989439163	0.002330829570957705
6.915467887796867e-07	1.5816565001812164	0.002328292978790056
6.916178785979495e-07	1.5816502007710147	0.0023257561258651013
6.916889757241217e-07	1.5816439007132446	0.0023232190121560874
6.917600801589574e-07	1.5816376000078392	0.002320681637636105
6.918311919032064e-07	1.581631298654732	0.0023181440022783965
6.919023109576202e-07	1.5816249966538567	0.002315606106056146
6.919734373229503e-07	1.5816186940051467	0.0023130679489425368
6.920445709999481e-07	1.581612390708535	0.002310529530910748
6.921157119893641e-07	1.5816060867639554	0.002307990851934009
6.921868602919525e-07	1.5815997821713412	0.002305451911985398
6.922580159084638e-07	1.581593476930626	0.0023029127110381345
6.923291788396499e-07	1.5815871710417426	0.002300373249065388
6.924003490862627e-07	1.5815808645046248	0.002297833526040326
6.924715266490542e-07	1.5815745573192057	0.0022952935419361144
6.925427115287765e-07	1.5815682494854189	0.0022927532967259158
6.926139037261804e-07	1.5815619410031978	0.0022902127903829343
6.926851032420209e-07	1.5815556318724755	0.0022876720228802274
6.92756310077049e-07	1.5815493220931853	0.002285130994191002
6.928275242320169e-07	1.5815430116652607	0.002282589704288407
6.928987457076774e-07	1.5815367005886352	0.0022800481531455846
6.929699745047813e-07	1.5815303888632415	0.002277506340735736
6.930412106240843e-07	1.5815240764890137	0.0022749642670319026
6.931124540663377e-07	1.5815177634658846	0.00227242193200727
6.931837048322941e-07	1.5815114497937874	0.0022698793356349784
6.932549629227064e-07	1.5815051354726557	0.002267336477888164
6.933262283383278e-07	1.5814988205024227	0.0022647933587399503
6.933975010799109e-07	1.5814925048830217	0.002262249978163475
6.934687811482077e-07	1.5814861886143858	0.002259706336131908
6.935400685439742e-07	1.5814798716964487	0.002257162432618272
6.936113632679621e-07	1.581473554129143	0.002254618267595737
6.936826653209247e-07	1.5814672359124022	0.0022520738410374236
6.937539747036156e-07	1.5814609170461598	0.0022495291529164426
6.93825291416788e-07	1.5814545975303487	0.0022469842032059105
6.938966154611944e-07	1.5814482773649023	0.0022444389918789788
6.93967946837591e-07	1.581441956549754	0.002241893518908663
6.940392855467302e-07	1.5814356350848366	0.0022393477842681106
6.941106315893657e-07	1.5814293129700834	0.0022368017879304232
6.941819849662515e-07	1.5814229902054278	0.0022342555298687002
6.942533456781415e-07	1.5814166667908027	0.002231709010056035
6.943247137257883e-07	1.581410342726142	0.0022291622284655722
6.943960891099488e-07	1.581404018011378	0.0022266151850703006
6.944674718313759e-07	1.5813976926464441	0.002224067879843352
6.945388618908236e-07	1.5813913666312738	0.0022215203127578216
6.946102592890465e-07	1.5813850399657998	0.002218972483786781
6.946816640267989e-07	1.5813787126499554	0.002216424392903314
6.947530761048339e-07	1.5813723846836742	0.002213876040080545
6.948244955239089e-07	1.581366056066889	0.002211327425291447
6.948959222847771e-07	1.5813597267995327	0.002208778548509139
6.949673563881932e-07	1.5813533968815388	0.002206229409706691
6.95038797834912e-07	1.58134706631284	0.0022036800088571654
6.951102466256885e-07	1.5813407350933697	0.002201130345933626
6.951817027612762e-07	1.5813344032230612	0.002198580420909182
6.952531662424329e-07	1.581328070701847	0.002196030233756788
6.953246370699122e-07	1.5813217375296607	0.0021934797844495517
6.953961152444695e-07	1.5813154037064354	0.00219092907296052
6.954676007668601e-07	1.5813090692321035	0.0021883780992627408
6.955390936378391e-07	1.5813027341065988	0.0021858268633292606
6.956105938581621e-07	1.5812963983298542	0.002183275365133124
6.956821014285829e-07	1.5812900619018027	0.002180723604647424
6.957536163498605e-07	1.5812837248223772	0.002178171581845085
6.958251386227485e-07	1.5812773870915109	0.002175619296699206
6.958966682480031e-07	1.5812710487091368	0.0021730667491828065
6.959682052263798e-07	1.5812647096751877	0.002170513939268924
6.960397495586346e-07	1.581258369989597	0.0021679608669305807
6.96111301245522e-07	1.5812520296522978	0.0021654075321408534
6.961828602878011e-07	1.5812456886632225	0.0021628539348726534
6.962544266862264e-07	1.5812393470223045	0.0021603000750990593
6.963260004415541e-07	1.581233004729477	0.0021577459527930766
6.963975815545405e-07	1.5812266617846724	0.002155191567927725
6.964691700259421e-07	1.5812203181878242	0.002152636920476009
6.965407658565137e-07	1.581213973938865	0.0021500820104109887
6.966123690470147e-07	1.5812076290377282	0.002147526837705566
6.966839795982003e-07	1.5812012834843463	0.0021449714023327893
6.967555975108272e-07	1.5811949372786525	0.0021424157042656644
6.968272227856521e-07	1.5811885904205796	0.002139859743477179
6.968988554234318e-07	1.5811822429100608	0.0021373035199403296
6.969704954249219e-07	1.5811758947470287	0.0021347470336281543
6.97042142790882e-07	1.5811695459314166	0.0021321902845135438
6.97113797522068e-07	1.581163196463157	0.002129633272569524
6.971854596192368e-07	1.581156846342183	0.0021270759977690887
6.972571290831458e-07	1.5811504955684275	0.0021245184600852066
6.973288059145521e-07	1.5811441441418235	0.0021219606594908595
6.974004901142118e-07	1.5811377920623038	0.00211940259595907
6.97472181682885e-07	1.581131439329801	0.002116844269462707
6.975438806213281e-07	1.5811250859442485	0.0021142856799747844
6.976155869302985e-07	1.5811187319055788	0.002111726827468273
6.976873006105538e-07	1.581112377213725	0.002109167711916135
6.977590216628519e-07	1.58110602186862	0.002106608333291329
6.978307500879507e-07	1.5810996658701961	0.0021040486915668054
6.979024858866065e-07	1.5810933092183865	0.0021014887867155767
6.979742290595801e-07	1.5810869519131243	0.0020989286187104916
6.980459796076284e-07	1.581080593954342	0.002096368187524546
6.981177375315094e-07	1.5810742353419724	0.002093807493130684
6.981895028319813e-07	1.5810678760759485	0.0020912465355018527
6.982612755098009e-07	1.5810615161562032	0.0020886853146110406
6.983330555657296e-07	1.5810551555826686	0.0020861238304310855
6.984048430005245e-07	1.5810487943552785	0.002083562082934965
6.984766378149439e-07	1.5810424324739647	0.0020810000720956194
6.985484400097464e-07	1.581036069938661	0.002078437797885976
6.986202495856909e-07	1.5810297067492993	0.0020758752602789564
6.986920665435361e-07	1.5810233429058127	0.002073312459247488
6.987638908840394e-07	1.581016978408134	0.002070749394764539
6.988357226079624e-07	1.581010613256196	0.002068186066802929
6.98907561716063e-07	1.5810042474499313	0.0020656224753356194
6.989794082091001e-07	1.5809978809892726	0.0020630586203355256
6.990512620878329e-07	1.5809915138741526	0.002060494501775554
6.991231233530206e-07	1.5809851461045046	0.0020579301196286134
6.991949920054211e-07	1.5809787776802606	0.002055365473867659
6.992668680457966e-07	1.5809724086013535	0.002052800564465487
6.993387514749053e-07	1.580966038867716	0.002050235391395049
6.994106422935066e-07	1.580959668479281	0.002047669954629238
6.994825405023602e-07	1.580953297435981	0.0020451042541409494
6.995544461022257e-07	1.5809469257377489	0.0020425382899030738
6.996263590938617e-07	1.580940553384517	0.002039972061888543
6.996982794780306e-07	1.5809341803762182	0.0020374055700701455
6.997702072554912e-07	1.580927806712785	0.00203483881442081
6.998421424270032e-07	1.5809214323941503	0.002032271794913419
6.99914084993327e-07	1.5809150574202468	0.0020297045115208446
6.999860349552226e-07	1.5809086817910065	0.002027136964215962
7.000579923134503e-07	1.580902305506363	0.00202456915297164
7.001299570687691e-07	1.5808959285662483	0.002022001077760795
7.002019292219421e-07	1.580889550970595	0.002019432738556196
7.002739087737285e-07	1.5808831727193358	0.00201686413533075
7.003458957248887e-07	1.5808767938124038	0.00201429526805732
7.004178900761834e-07	1.5808704142497307	0.0020117261367087634
7.00489891828372e-07	1.5808640340312496	0.0020091567412579775
7.005619009822181e-07	1.5808576531568934	0.002006587081677718
7.006339175384811e-07	1.580851271626594	0.002004017157940882
7.00705941497922e-07	1.5808448894402842	0.002001446970020312
7.007779728613019e-07	1.5808385065978967	0.0019988765178888517
7.008500116293818e-07	1.580832123099364	0.0019963058015193443
7.009220578029229e-07	1.580825738944619	0.001993734820884623
7.00994111382685e-07	1.5808193541335938	0.001991163575957574
7.010661723694324e-07	1.5808129686662205	0.0019885920667109262
7.011382407639251e-07	1.5808065825424324	0.0019860202931175587
7.012103165669245e-07	1.580800195762162	0.0019834482551502972
7.012823997791923e-07	1.5807938083253414	0.0019808759527819653
7.013544904014902e-07	1.5807874202319034	0.001978303385985382
7.014265884345784e-07	1.5807810314817805	0.0019757305547334135
7.014986938792216e-07	1.580774642074905	0.0019731574589987744
7.015708067361801e-07	1.5807682520112094	0.001970584098754332
7.016429270062162e-07	1.5807618612906262	0.001968010473972886
7.017150546900917e-07	1.580755469913088	0.001965436584627252
7.017871897885688e-07	1.5807490778785274	0.001962862430690226
7.018593323024084e-07	1.5807426851868767	0.0019602880121346606
7.019314822323755e-07	1.5807362918380679	0.0019577133289332537
7.020036395792311e-07	1.580729897832034	0.0019551383810588506
7.020758043437375e-07	1.5807235031687075	0.0019525631684842435
7.021479765266575e-07	1.5807171078480207	0.0019499876911822176
7.022201561287534e-07	1.5807107118699055	0.0019474119491255683
7.022923431507867e-07	1.5807043152342952	0.0019448359422871227
7.023645375935229e-07	1.5806979179411216	0.0019422596706395595
7.024367394577234e-07	1.580691519990317	0.0019396831341557128
7.025089487441511e-07	1.5806851213818147	0.0019371063328083556
7.02581165453569e-07	1.5806787221155463	0.001934529266570258
7.026533895867402e-07	1.580672322191444	0.0019319519354141935
7.027256211444265e-07	1.580665921609441	0.0019293743393129768
7.027978601273938e-07	1.5806595203694689	0.0019267964782392721
7.028701065364041e-07	1.5806531184714603	0.0019242183521658903
7.029423603722207e-07	1.5806467159153477	0.0019216399610655936
7.030146216356073e-07	1.5806403127010635	0.0019190613049111294
7.030868903273271e-07	1.5806339088285397	0.0019164823836752595
7.031591664481438e-07	1.5806275042977087	0.0019139031973307308
7.032314499988199e-07	1.5806210991085035	0.00191132374585034
7.033037409801219e-07	1.5806146932608556	0.0019087440292067312
7.033760393928121e-07	1.5806082867546976	0.0019061640473726975
7.034483452376546e-07	1.5806018795899615	0.0019035838003209743
7.035206585154134e-07	1.5805954717665802	0.001901003288024301
7.035929792268524e-07	1.5805890632844857	0.0018984225104554133
7.036653073727347e-07	1.5805826541436105	0.001895841467587085
7.037376429538271e-07	1.5805762443438864	0.0018932601593919492
7.038099859708925e-07	1.5805698338852459	0.0018906785858427795
7.038823364246956e-07	1.5805634227676213	0.0018880967469122932
7.039546943160005e-07	1.580557010990945	0.0018855146425732175
7.04027059645572e-07	1.5805505985551491	0.0018829322727982626
7.040994324141733e-07	1.5805441854601658	0.0018803496375601977
7.041718126225719e-07	1.5805377717059272	0.0018777667368316301
7.042442002715311e-07	1.580531357292366	0.001875183570585318
7.043165953618161e-07	1.580524942219414	0.001872600138793963
7.043889978941915e-07	1.5805185264870036	0.0018700164414302747
7.044614078694224e-07	1.580512110095067	0.001867432478466951
7.045338252882727e-07	1.5805056930435364	0.0018648482498767344
7.046062501515103e-07	1.580499275332344	0.0018622637556322216
7.046786824598989e-07	1.5804928569614214	0.0018596789957061556
7.047511222142041e-07	1.5804864379307018	0.0018570939700712228
7.048235694151912e-07	1.5804800182401169	0.00185450867870011
7.048960240636257e-07	1.580473597889599	0.001851923121565496
7.049684861602718e-07	1.5804671768790797	0.0018493372986401165
7.05040955705898e-07	1.580460755208492	0.0018467512098965448
7.051134327012687e-07	1.5804543328777674	0.001844164855307505
7.051859171471495e-07	1.5804479098868383	0.0018415782348456724
7.052584090443065e-07	1.5804414862356366	0.0018389913484837114
7.053309083935056e-07	1.580435061924095	0.0018364041961942928
7.054034151955129e-07	1.5804286369521452	0.0018338167779500733
7.054759294510931e-07	1.5804222113197193	0.0018312290937237696
7.055484511610152e-07	1.5804157850267495	0.0018286411434879357
7.056209803260441e-07	1.5804093580731677	0.0018260529272152775
7.056935169469463e-07	1.580402930458906	0.0018234644448784437
7.057660610244879e-07	1.580396502183897	0.0018208756964500905
7.058386125594359e-07	1.580390073248072	0.0018182866819028555
7.059111715525551e-07	1.5803836436513639	0.00181569740120944
7.059837380046154e-07	1.5803772133937042	0.001813107854342376
7.060563119163817e-07	1.580370782475025	0.0018105180412743612
7.061288932886212e-07	1.5803643508952585	0.001807927961978022
7.062014821221006e-07	1.5803579186543366	0.0018053376164259955
7.062740784175871e-07	1.5803514857521916	0.0018027470045909075
7.063466821758462e-07	1.5803450521887554	0.001800156126445442
7.06419293397648e-07	1.5803386179639596	0.0017975649819621142
7.064919120837583e-07	1.5803321830777368	0.0017949735711135964
7.065645382349444e-07	1.5803257475300188	0.0017923818938725105
7.066371718519737e-07	1.5803193113207374	0.0017897899502114713
7.067098129356137e-07	1.5803128744498252	0.0017871977401030862
7.067824614866304e-07	1.5803064369172133	0.0017846052635200227
7.068551175057945e-07	1.580299998722834	0.0017820125204347826
7.069277809938721e-07	1.5802935598666201	0.0017794195108200217
7.07000451951631e-07	1.5802871203485025	0.0017768262346483398
7.070731303798392e-07	1.5802806801684133	0.0017742326918923368
7.071458162792647e-07	1.5802742393262852	0.0017716388825246045
7.072185096506739e-07	1.5802677978220492	0.001769044806517792
7.072912104948378e-07	1.580261355655638	0.0017664504638443853
7.073639188125232e-07	1.580254912826983	0.001763855854477022
7.074366346044985e-07	1.5802484693360161	0.0017612609783882829
7.075093578715319e-07	1.5802420251826699	0.0017586658355507562
7.075820886143917e-07	1.5802355803668755	0.0017560704259370187
7.076548268338466e-07	1.5802291348885653	0.0017534747495196441
7.077275725306637e-07	1.580222688747671	0.0017508788062712583
7.078003257056146e-07	1.5802162419441244	0.0017482825961643248
7.078730863594664e-07	1.5802097944778577	0.0017456861191714698
7.07945854492988e-07	1.5802033463488023	0.0017430893752652553
7.080186301069485e-07	1.5801968975568907	0.001740492364418239
7.080914132021152e-07	1.5801904481020543	0.0017378950866030322
7.0816420377926e-07	1.580183997984225	0.001735297541792095
7.082370018391509e-07	1.5801775472033346	0.001732699729958023
7.083098073825568e-07	1.5801710957593151	0.001730101651073374
7.083826204102472e-07	1.5801646436520984	0.0017275033051106878
7.084554409229913e-07	1.5801581908816162	0.001724904692042518
7.085282689215586e-07	1.5801517374478	0.0017223058118414007
7.086011044067172e-07	1.5801452833505822	0.0017197066644799317
7.086739473792398e-07	1.580138828589894	0.0017171072499305364
7.087467978398943e-07	1.580132373165668	0.001714507568165807
7.088196557894506e-07	1.5801259170778352	0.001711907619158272
7.088925212286786e-07	1.580119460326328	0.0017093074028804583
7.089653941583483e-07	1.5801130029110775	0.0017067069193048912
7.090382745792281e-07	1.5801065448320162	0.0017041061684041465
7.091111624920909e-07	1.5801000860890753	0.0017015051501506394
7.091840578977057e-07	1.5800936266821868	0.0016989038645169351
7.092569607968426e-07	1.5800871666112823	0.0016963023114755507
7.093298711902718e-07	1.5800807058762936	0.0016937004909989984
7.094027890787639e-07	1.5800742444771525	0.001691098403059784
7.094757144630878e-07	1.580067782413791	0.001688496047630465
7.09548647344017e-07	1.5800613196861402	0.0016858934246834372
7.096215877223207e-07	1.5800548562941321	0.001683290534191259
7.096945355987696e-07	1.5800483922376987	0.00168068737612642
7.097674909741346e-07	1.5800419275167714	0.0016780839504614183
7.098404538491863e-07	1.5800354621312818	0.0016754802571687477
7.099134242246959e-07	1.5800289960811615	0.0016728762962208903
7.099864021014329e-07	1.580022529366343	0.0016702720675903858
7.100593874801714e-07	1.580016061986757	0.0016676675712496143
7.10132380361681e-07	1.5800095939423353	0.0016650628071711077
7.10205380746733e-07	1.58000312523301	0.001662457775327341
7.102783886360989e-07	1.5799966558587126	0.0016598524756907891
7.103514040305485e-07	1.5799901858193746	0.0016572469082339798
7.104244269308564e-07	1.5799837151149279	0.0016546410729292675
7.104974573377925e-07	1.5799772437453037	0.0016520349697491793
7.105704952521286e-07	1.5799707717104339	0.0016494285986661762
7.106435406746364e-07	1.5799642990102498	0.001646821959652717
7.107165936060879e-07	1.5799578256446836	0.0016442150526812546
7.107896540472548e-07	1.5799513516136665	0.0016416078777242524
7.108627219989078e-07	1.5799448769171303	0.0016390004347542047
7.109357974618216e-07	1.5799384015550062	0.0016363927237434646
7.110088804367672e-07	1.5799319255272264	0.0016337847446645233
7.110819709245166e-07	1.5799254488337218	0.0016311764974898284
7.111550689258423e-07	1.5799189714744242	0.0016285679821918175
7.112281744415165e-07	1.5799124934492654	0.0016259591987429279
7.113012874723104e-07	1.579906014758177	0.001623350147115646
7.113744080189993e-07	1.5798995354010898	0.0016207408272823028
7.114475360823543e-07	1.579893055377936	0.0016181312392153774
7.115206716631482e-07	1.579886574688647	0.0016155213828872954
7.115938147621539e-07	1.5798800933331545	0.0016129112582704789
7.116669653801441e-07	1.5798736113113898	0.0016103008653373502
7.117401235178903e-07	1.5798671286232844	0.0016076902040603764
7.118132891761685e-07	1.5798606452687698	0.0016050792744118703
7.118864623557503e-07	1.5798541612477774	0.0016024680763642957
7.119596430574088e-07	1.579847676560239	0.0015998566098900625
7.120328312819173e-07	1.5798411912060857	0.0015972448749615748
7.121060270300493e-07	1.5798347051852493	0.001594632871551235
7.121792303025766e-07	1.5798282184976613	0.0015920205996315002
7.122524411002756e-07	1.5798217311432527	0.0015894080591746591
7.123256594239184e-07	1.5798152431219554	0.0015867952501531612
7.123988852742788e-07	1.5798087544337005	0.0015841821725393977
7.124721186521304e-07	1.57980226507842	0.0015815688263057608
7.125453595582471e-07	1.5797957750560447	0.0015789552114246306
7.126186079934012e-07	1.5797892843665065	0.0015763413278684485
7.126918639583697e-07	1.5797827930097363	0.0015737271756094892
7.127651274539252e-07	1.579776300985666	0.001571112754620182
7.128383984808418e-07	1.5797698082942266	0.0015684980648729002
7.129116770398937e-07	1.57976331493535	0.0015658831063400202
7.129849631318552e-07	1.5797568209089672	0.0015632678789939077
7.130582567575006e-07	1.5797503262150094	0.001560652382806932
7.131315579176031e-07	1.5797438308534086	0.0015580366177515034
7.132048666129399e-07	1.5797373348240957	0.0015554205837998855
7.132781828442843e-07	1.579730838127002	0.0015528042809244854
7.133515066124109e-07	1.5797243407620596	0.0015501877090976569
7.134248379180946e-07	1.579717842729199	0.0015475708682917543
7.134981767621101e-07	1.5797113440283514	0.001544953758479124
7.135715231452311e-07	1.579704844659449	0.0015423363796321654
7.136448770682352e-07	1.5796983446224226	0.0015397187317231229
7.137182385318962e-07	1.5796918439172034	0.0015371008147243848
7.137916075369892e-07	1.579685342543723	0.0015344826286082898
7.138649840842896e-07	1.5796788405019129	0.0015318641733471734
7.139383681745725e-07	1.5796723377917037	0.0015292454489133705
7.140117598086121e-07	1.5796658344130274	0.001526626455279258
7.140851589871867e-07	1.5796593303658146	0.0015240071924170575
7.141585657110703e-07	1.5796528256499973	0.0015213876602991534
7.142319799810387e-07	1.5796463202655062	0.0015187678588978587
7.143054017978674e-07	1.579639814212273	0.0015161477881854963
7.143788311623326e-07	1.5796333074902287	0.0015135274481343755
7.144522680752082e-07	1.5796268000993046	0.0015109068387168692
7.145257125372735e-07	1.5796202920394318	0.0015082859599051767
7.145991645493029e-07	1.5796137833105417	0.0015056648116716594
7.146726241120726e-07	1.5796072739125655	0.0015030433939886183
7.147460912263589e-07	1.5796007638454341	0.0015004217068283552
7.148195658929377e-07	1.5795942531090794	0.0014977997501631744
7.148930481125843e-07	1.5795877417034323	0.001495571060373059
7.14966537886078e-07	1.579581229628424	0.0014942033702461106
7.150400352141937e-07	1.5795747168839853	0.0014928355395229741
7.15113540097708e-07	1.5795682034700476	0.0014914675681891964
7.151870525373978e-07	1.5795616893865423	0.0014900994562303223
7.152605725340397e-07	1.5795551746334002	0.0014887312036318957
7.153341000884105e-07	1.5795486592105532	0.0014873628103794616
7.154076352012859e-07	1.5795421431179317	0.0014859942764585844
7.154811778734454e-07	1.5795356263554672	0.0014846256018547532
7.155547281056651e-07	1.5795291089230907	0.0014832567865535283
7.156282858987218e-07	1.579522590820733	0.0014818878305404505
7.157018512533929e-07	1.5795160720483261	0.001480518733801055
7.157754241704543e-07	1.5795095526058007	0.0014791494963208997
7.158490046506862e-07	1.5795030324930877	0.001477780118085462
7.159225926948646e-07	1.5794965117101183	0.0014764105990803047
7.159961883037673e-07	1.5794899902568234	0.0014750409392909503
7.160697914781717e-07	1.579483468133135	0.0014736711387029317
7.161434022188556e-07	1.5794769453389828	0.0014723011973017722
7.162170205265969e-07	1.5794704218742988	0.001470931115072996
7.162906464021719e-07	1.5794638977390143	0.0014695608920021561
7.163642798463613e-07	1.5794573729330594	0.00146819052807472
7.164379208599421e-07	1.579450847456366	0.0014668200232762305
7.165115694436921e-07	1.5794443213088647	0.0014654493775922105
7.165852255983896e-07	1.5794377944904867	0.0014640785910081768
7.16658889324813e-07	1.579431267001163	0.0014627076635096424
7.16732560623739e-07	1.579424738840825	0.001461336595082152
7.16806239495949e-07	1.5794182100094027	0.0014599653857111639
7.168799259422202e-07	1.5794116805068281	0.0014585940353822125
7.16953619963331e-07	1.579405150333032	0.0014572225440808125
7.170273215600603e-07	1.579398619487945	0.0014558509117924676
7.171010307331866e-07	1.5793920879714989	0.0014544791385026885
7.171747474834875e-07	1.5793855557836238	0.0014531072241970064
7.172484718117448e-07	1.579379022924251	0.0014517351688608713
7.17322203718736e-07	1.5793724893933117	0.0014503629724798093
7.173959432052402e-07	1.5793659551907366	0.0014489906350393248
7.174696902720366e-07	1.5793594203164565	0.0014476181565249162
7.175434449199042e-07	1.579352884770403	0.0014462455369220828
7.176172071496226e-07	1.5793475398426378	0.0014448727762163185
7.176909769619697e-07	1.5793431356227725	0.0014434998743931458
7.177647543577279e-07	1.5793387309501608	0.0014421268314380028
7.178385393376752e-07	1.579334325824756	0.0014407536473364127
7.179123319025913e-07	1.5793299202465123	0.001439380322073861
7.179861320532559e-07	1.5793255142153826	0.0014380068556358405
7.180599397904473e-07	1.5793211077313207	0.001436633248007863
7.181337551149485e-07	1.5793167007942794	0.0014352594991753605
7.182075780275378e-07	1.579312293404213	0.001433885609123846
7.182814085289953e-07	1.5793078855610745	0.0014325115778388011
7.183552466201011e-07	1.5793034772648171	0.0014311374053057092
7.184290923016356e-07	1.5792990685153943	0.001429763091510046
7.185029455743787e-07	1.57929465931276	0.0014283886364372948
7.185768064391096e-07	1.579290249656867	0.0014270140400729574
7.186506748966116e-07	1.5792858395476694	0.0014256393024024558
7.187245509476638e-07	1.5792814289851196	0.0014242644234112893
7.187984345930467e-07	1.5792770179691722	0.0014228894030849314
7.18872325833541e-07	1.5792726064997793	0.001421514241408854
7.189462246699274e-07	1.5792681945768954	0.001420138938368527
7.190201311029855e-07	1.5792637822004731	0.0014187634939494432
7.190940451334991e-07	1.5792593693704664	0.0014173879081370159
7.191679667622476e-07	1.5792549560868283	0.0014160121809167379
7.192418959900122e-07	1.579250542349512	0.0014146363122740711
7.19315832817574e-07	1.5792461281584713	0.0014132603021944795
7.193897772457142e-07	1.5792417135136596	0.0014118841506634227
7.194637292752128e-07	1.5792372984150298	0.0014105078576663863
7.195376889068541e-07	1.5792328828625355	0.0014091314231887751
7.196116561414181e-07	1.57922846685613	0.0014077548472160705
7.196856309796863e-07	1.5792240503957664	0.0014063781297337285
7.197596134224403e-07	1.5792196334813986	0.0014050012707272027
7.198336034704621e-07	1.5792152161129795	0.001403624270181942
7.199076011245319e-07	1.5792107982904628	0.0014022471280834249
7.199816063854344e-07	1.5792063800138014	0.0014008698444170468
7.200556192539502e-07	1.5792019612829487	0.0013994924191682817
7.201296397308614e-07	1.579197542097858	0.0013981148523225728
7.2020366781695e-07	1.5791931224584828	0.001396737143865367
7.202777035129983e-07	1.5791887023647762	0.001395359293782106
7.203517468197872e-07	1.5791842818166917	0.0013939813020582572
7.204257977381019e-07	1.5791798608141825	0.0013926031686792063
7.204998562687234e-07	1.5791754393572017	0.001391224893630419
7.205739224124342e-07	1.579171017445703	0.001389846476897331
7.20647996170017e-07	1.5791665950796392	0.0013884679184653784
7.207220775422544e-07	1.5791621722589637	0.0013870892183199947
7.207961665299291e-07	1.57915774898363	0.0013857103764466127
7.208702631338228e-07	1.5791533252535912	0.001384331392830687
7.20944367354721e-07	1.5791489010688005	0.0013829522674575969
7.210184791934055e-07	1.5791444764292113	0.0013815730003127937
7.210925986506594e-07	1.5791400513347769	0.0013801935913817043
7.211667257272657e-07	1.57913562578545	0.0013788140406497532
7.212408604240077e-07	1.5791311997811848	0.0013774343481023662
7.213150027416674e-07	1.5791267733219339	0.001376054513724988
7.21389152681031e-07	1.5791223464076503	0.0013746745375029872
7.214633102428807e-07	1.5791179190382878	0.0013732944194218082
7.215374754279999e-07	1.5791134912137992	0.0013719141594668678
7.216116482371723e-07	1.579109062934138	0.001370533757623584
7.216858286711818e-07	1.5791046341992572	0.0013691532138773678
7.217600167308104e-07	1.57910020500911	0.0013677725282136627
7.218342124168454e-07	1.5790957753636499	0.001366391700617821
7.21908415730069e-07	1.5790913452628297	0.0013650107310752822
7.219826266712653e-07	1.579086914706603	0.0013636296195714552
7.220568452412185e-07	1.5790824836949222	0.0013622483660917445
7.221310714407127e-07	1.5790780522277414	0.0013608669706215572
7.22205305270531e-07	1.5790736203050135	0.001359485433146321
7.222795467314605e-07	1.5790691879266916	0.0013581037536513877
7.223537958242842e-07	1.5790647550927286	0.001356721932122182
7.224280525497868e-07	1.579060321803078	0.001355339968544104
7.225023169087527e-07	1.5790558880576933	0.001353957862902553
7.225765889019669e-07	1.5790514538565268	0.0013525756151829215
7.226508685302124e-07	1.5790470191995323	0.0013511932253706365
7.227251557942773e-07	1.5790425840866622	0.0013498106934510307
7.227994506949448e-07	1.5790381485178706	0.0013484280194095274
7.228737532330002e-07	1.57903371249311	0.0013470452032315133
7.229480634092284e-07	1.5790292760123334	0.0013456622449023812
7.230223812244147e-07	1.5790248390754948	0.001344279144407514
7.230967066793443e-07	1.5790204016825464	0.0013428959017323008
7.231710397748011e-07	1.5790159638334418	0.00134151251686215
7.232453805115736e-07	1.579011525528134	0.0013401289897823918
7.233197288904456e-07	1.5790070867665758	0.0013387453204784347
7.23394084912203e-07	1.5790026475487207	0.0013373615089356556
7.234684485776312e-07	1.5789982078745215	0.0013359775551394356
7.235428198875162e-07	1.5789937677439316	0.001334593459075148
7.236171988426421e-07	1.578989327156904	0.0013332092207281993
7.236915854437979e-07	1.5789848861133915	0.0013318248400839075
7.237659796917681e-07	1.5789804446133475	0.0013304403171276696
7.238403815873389e-07	1.578976002656725	0.0013290556518448563
7.239147911312963e-07	1.5789715602434768	0.0013276708442208395
7.239892083244266e-07	1.5789671173735567	0.001326285894240984
7.240636331675147e-07	1.578962674046917	0.0013249008018906844
7.241380656613499e-07	1.5789582302635106	0.0013235155671552515
7.242125058067172e-07	1.5789537860232914	0.0013221301900200738
7.242869536044031e-07	1.5789493413262115	0.0013207446704705146
7.243614090551943e-07	1.5789448961722248	0.0013193590084919335
7.244358721598777e-07	1.5789404505612836	0.0013179732040696874
7.245103429192383e-07	1.5789360044933414	0.0013165872571891638
7.245848213340663e-07	1.5789315579683512	0.0013152011678356588
7.246593074051469e-07	1.5789271109862657	0.0013138149359945592
7.247338011332672e-07	1.5789226635470381	0.0013124285616512147
7.248083025192145e-07	1.5789182156506216	0.0013110420447909746
7.248828115637759e-07	1.578913767296969	0.0013096553853991927
7.249573282677371e-07	1.5789093184860334	0.0013082685834612418
7.250318526318887e-07	1.5789048692177674	0.0013068816389624127
7.251063846570164e-07	1.5789004194921243	0.00130549455188808
7.251809243439079e-07	1.5788959693090572	0.0013041073222235858
7.252554716933508e-07	1.5788915186685188	0.0013027199499542716
7.253300267061327e-07	1.5788870675704627	0.001301332435065481
7.254045893830415e-07	1.5788826160148406	0.0012999447775425474
7.254791597248635e-07	1.578878164001607	0.0012985569773708424
7.255537377323896e-07	1.5788737115307139	0.0012971690345356425
7.256283234064064e-07	1.5788692586021142	0.001295780949022309
7.25702916747702e-07	1.5788648052157614	0.0012943927208161777
7.257775177570645e-07	1.578860351371608	0.0012930043499025804
7.258521264352807e-07	1.5788558970696072	0.0012916158362668722
7.25926742783142e-07	1.5788514423097118	0.0012902271798943263
7.260013668014353e-07	1.5788469870918744	0.0012888383807702999
7.260759984909491e-07	1.578842531416049	0.0012874494388801143
7.26150637852472e-07	1.5788380752821873	0.0012860603542090962
7.262252848867925e-07	1.5788336186902427	0.0012846711267425692
7.262999395946996e-07	1.5788291616401684	0.0012832817564658512
7.263746019769805e-07	1.578824704131917	0.001281892243364292
7.264492720344273e-07	1.5788202461654413	0.00128050258742315
7.265239497678272e-07	1.5788157877406943	0.0012791127886277731
7.265986351779694e-07	1.578811328857629	0.0012777228469634753
7.266733282656432e-07	1.578806869516198	0.0012763327624155684
7.267480290316375e-07	1.5788024097163547	0.0012749425349693668
7.268227374767405e-07	1.5787979494580515	0.0012735521646102062
7.268974536017443e-07	1.5787934887412414	0.0012721616513233413
7.269721774074371e-07	1.5787890275658774	0.001270770995094106
7.270469088946083e-07	1.5787845659319122	0.0012693801959078063
7.271216480640477e-07	1.578780103839299	0.0012679892537497464
7.271963949165449e-07	1.5787756412879899	0.0012665981686052308
7.272711494528883e-07	1.5787711782779383	0.001265206940459585
7.273459116738706e-07	1.5787667148090974	0.0012638155692980563
7.274206815802804e-07	1.578762250881419	0.0012624240551059706
7.274954591729078e-07	1.578757786494857	0.001261032397868624
7.275702444525428e-07	1.5787533216493634	0.0012596405975713108
7.276450374199758e-07	1.5787488563448915	0.0012582486541993238
7.277198380759969e-07	1.5787443905813938	0.0012568565677379586
7.27794646421395e-07	1.5787399243588238	0.001255464338172532
7.278694624569637e-07	1.5787354576771335	0.0012540719654882747
7.279442861834919e-07	1.578730990536276	0.0012526794496705066
7.280191176017702e-07	1.5787265229362042	0.0012512867907045128
7.280939567125894e-07	1.5787220548768708	0.0012498939885755753
7.281688035167388e-07	1.5787175863582286	0.0012485010432690066
7.282436580150121e-07	1.5787131173802305	0.0012471079547700333
7.283185202081988e-07	1.578708647942829	0.0012457147230639644
7.283933900970901e-07	1.578704178045977	0.0012443213481360738
7.284682676824769e-07	1.5786997076896274	0.0012429278299716444
7.285431529651505e-07	1.5786952368737328	0.001241534168555947
7.28618045945902e-07	1.578690765598246	0.0012401403638742582
7.286929466255215e-07	1.57868629386312	0.0012387464159118778
7.287678550048032e-07	1.5786818216683072	0.001237352324654022
7.288427710845373e-07	1.5786773490137604	0.0012359580900859841
7.289176948655153e-07	1.5786728758994326	0.001234563712193038
7.289926263485288e-07	1.5786684023252762	0.0012331691909604457
7.290675655343697e-07	1.5786639282912442	0.0012317745263734743
7.291425124238283e-07	1.578659453797289	0.0012303797184174139
7.292174670176995e-07	1.578654978843364	0.0012289847670774706
7.292924293167737e-07	1.578650503429421	0.0012275896723389342
7.293673993218432e-07	1.578646027555413	0.0012261944341870623
7.294423770336999e-07	1.5786415512212932	0.001224799052607113
7.295173624531362e-07	1.578637074427014	0.001223403527584342
7.29592355580943e-07	1.5786325971725281	0.0012220078591040295
7.296673564179155e-07	1.578628119457788	0.0012206120471513772
7.297423649648449e-07	1.5786236412827466	0.0012192160917116595
7.298173812225236e-07	1.5786191626473565	0.0012178199927701278
7.298924051917444e-07	1.5786146835515702	0.001216423750312031
7.299674368733e-07	1.578610203995341	0.001215027364322614
7.300424762679816e-07	1.5786057239786209	0.0012136308347871537
7.301175233765852e-07	1.5786012435013628	0.0012122341616908337
7.301925781999022e-07	1.578596762563519	0.001210837345018927
7.302676407387258e-07	1.578592281165043	0.0012094403847566727
7.303427109938489e-07	1.5785877993058868	0.001208043280889312
7.30417788966065e-07	1.5785833169860033	0.00120664603340208
7.304928746561657e-07	1.578578834205345	0.0012052486422802415
7.305679680649475e-07	1.5785743509638648	0.0012038511075089763
7.306430691932024e-07	1.5785698672615145	0.0012024534290735437
7.307181780417237e-07	1.5785653830982478	0.0012010556069591788
7.307932946113054e-07	1.5785608984740167	0.0011996576411511066
7.308684189027409e-07	1.5785564133887737	0.0011982595316345592
7.309435509168241e-07	1.5785519278424722	0.0011968612783947632
7.310186906543475e-07	1.578547441835064	0.0011954628814169698
7.310938381161077e-07	1.5785429553665018	0.0011940643406863512
7.311689933028978e-07	1.5785384684367387	0.0011926656561881523
7.312441562155114e-07	1.5785339810457268	0.0011912668279075989
7.313193268547429e-07	1.5785294931934186	0.0011898678558299102
7.313945052213866e-07	1.5785250048797672	0.0011884687399402998
7.314696913162354e-07	1.5785205161047249	0.0011870694802240164
7.315448851400866e-07	1.578516026868244	0.0011856700766662168
7.316200866937335e-07	1.5785115371702778	0.0011842705292521422
7.316952959779704e-07	1.578507047010778	0.0011828708379670058
7.317705129935921e-07	1.5785025563896977	0.0011814710027960175
7.318457377413935e-07	1.5784980653069893	0.0011800710237243846
7.319209702221678e-07	1.5784935737626051	0.0011786709007373427
7.31996210436713e-07	1.5784890817564983	0.0011772706338200442
7.320714583858225e-07	1.5784845892886206	0.00117587022295772
7.321467140702917e-07	1.5784800963589252	0.0011744696681355703
7.322219774909155e-07	1.578475602967364	0.0011730689693387984
7.322972486484892e-07	1.5784711091138903	0.0011716681265526048
7.323725275438067e-07	1.5784666147984563	0.0011702671397622142
7.324478141776665e-07	1.578462120021014	0.001168866008952767
7.325231085508624e-07	1.5784576247815165	0.0011674647341094896
7.325984106641903e-07	1.5784531290799162	0.0011660633152175686
7.326737205184456e-07	1.5784486329161653	0.001164661752262203
7.327490381144242e-07	1.5784441362902166	0.0011632600452285802
7.328243634529203e-07	1.5784396392020228	0.0011618581941019175
7.328996965347329e-07	1.5784351416515356	0.001160456198867348
7.329750373606566e-07	1.5784306436387086	0.0011590540595100833
7.330503859314874e-07	1.578426145163493	0.001157651776015307
7.331257422480213e-07	1.5784216462258422	0.0011562493483682054
7.332011063110548e-07	1.5784171468257084	0.0011548467765539585
7.33276478121384e-07	1.5784126469630437	0.0011534440605577463
7.333518576798041e-07	1.5784081466378013	0.0011520412003647722
7.334272449871143e-07	1.5784036458499329	0.0011506381959601618
7.335026400441098e-07	1.5783991445993915	0.0011492350473291165
7.335780428515873e-07	1.578394642886129	0.0011478317544568082
7.336534534103434e-07	1.5783901407100984	0.0011464283173284113
7.337288717211736e-07	1.5783856380712515	0.001145024735929123
7.338042977848776e-07	1.5783811349695418	0.0011436210102440596
7.33879731602251e-07	1.5783766314049203	0.0011422171402584117
7.339551731740909e-07	1.5783721273773406	0.00114081312595735
7.340306225011944e-07	1.5783676228867543	0.0011394089673260374
7.341060795843586e-07	1.5783631179331141	0.001138004664349637
7.341815444243809e-07	1.5783586125163724	0.0011366002170133118
7.342570170220574e-07	1.5783541066364821	0.001135195625302246
7.343324973781883e-07	1.5783496002933948	0.0011337908892015464
7.344079854935698e-07	1.578345093487063	0.0011323860086963947
7.344834813689994e-07	1.5783405862174396	0.0011309809837719482
7.345589850052749e-07	1.5783360784844764	0.0011295758144133623
7.346344964031942e-07	1.5783315702881262	0.0011281705006057864
7.347100155635535e-07	1.5783270616283414	0.0011267650423344001
7.34785542487154e-07	1.5783225525050737	0.001125359439584297
7.348610771747919e-07	1.578318042918276	0.0011239536923406544
7.349366196272657e-07	1.5783135328679005	0.0011225478005886162
7.350121698453733e-07	1.5783090223538996	0.0011211417643133298
7.350877278299133e-07	1.578304511376226	0.0011197355834999365
7.351632935816823e-07	1.5782999999348313	0.0011183292581336062
7.352388671014819e-07	1.5782954880296685	0.0011169227881994244
7.353144483901091e-07	1.578290975660689	0.0011155161736825553
7.353900374483625e-07	1.5782864628278463	0.0011141094145681399
7.35465634277041e-07	1.578281949531092	0.0011127025108413086
7.355412388769431e-07	1.5782774357703788	0.0011112954624872004
7.356168512488678e-07	1.5782729215456586	0.0011098882694909457
7.356924713936125e-07	1.5782684068568837	0.0011084809318377053
7.357680993119794e-07	1.5782638917040068	0.0011070734495125486
7.358437350047659e-07	1.5782593760869799	0.001105665822500636
7.359193784727713e-07	1.5782548600057553	0.0011042580507870904
7.359950297167948e-07	1.5782503434602853	0.0011028501343570407
7.360706887376345e-07	1.5782458264505226	0.0011014420731956334
7.361463555360926e-07	1.5782413089764185	0.0011000338672879381
7.362220301129671e-07	1.5782367910379262	0.0010986255166191036
7.362977124690578e-07	1.5782322726349975	0.0010972170211742444
7.363734026051643e-07	1.5782277537675848	0.0010958083809384821
7.364491005220864e-07	1.5782232344356404	0.0010943995958969293
7.365248062206239e-07	1.5782187146391164	0.0010929906660347034
7.366005197015752e-07	1.578214194377965	0.0010915815913369424
7.366762409657433e-07	1.5782096736521385	0.001090172371788705
7.36751970013927e-07	1.5782051524615892	0.0010887630073751233
7.368277068469264e-07	1.5782006308062695	0.0010873534980813087
7.369034514655417e-07	1.5781961086861314	0.0010859438438923681
7.369792038705732e-07	1.5781915861011269	0.0010845340447934071
7.3705496406282e-07	1.5781870630512087	0.0010831241007695541
7.371307320430855e-07	1.5781825395363287	0.0010817140118058574
7.372065078121688e-07	1.578178015556439	0.0010803037778874458
7.372822913708706e-07	1.5781734911114922	0.0010788933989994162
7.373580827199916e-07	1.57816896620144	0.0010774828751268686
7.374338818603326e-07	1.578164440826235	0.0010760722062548975
7.375096887926933e-07	1.5781599149858292	0.0010746613923686245
7.375855035178775e-07	1.578155388680175	0.0010732504334530855
7.376613260366847e-07	1.5781508619092244	0.0010718393294934033
7.377371563499162e-07	1.5781463346729292	0.0010704280804746656
7.378129944583733e-07	1.578141806971242	0.0010690166863819596
7.378888403628573e-07	1.5781372788041148	0.0010676051472003729
7.379646940641695e-07	1.5781327501715001	0.0010661934629149908
7.380405555631101e-07	1.5781282210733498	0.0010647816335109248
7.381164248604835e-07	1.5781236915096155	0.0010633696589732009
7.3819230195709e-07	1.5781191614802503	0.0010619575392869262
7.382681868537312e-07	1.5781146309852057	0.0010605452744371824
7.38344079551209e-07	1.5781101000244342	0.001059132864409045
7.384199800503239e-07	1.5781055685978878	0.0010577203091876191
7.384958883518808e-07	1.5781010367055182	0.0010563076087579215
7.385718044566803e-07	1.578096504347278	0.0010548947631050553
7.386477283655245e-07	1.5780919715231194	0.0010534817722140898
7.387236600792158e-07	1.5780874382329941	0.0010520686360700954
7.387995995985563e-07	1.5780829044768545	0.0010506553546581411
7.388755469243487e-07	1.5780783702546524	0.0010492419279632913
7.389515020573937e-07	1.5780738355663404	0.0010478283559706432
7.390274649984971e-07	1.5780693004118698	0.0010464146386651987
7.391034357484598e-07	1.5780647647911934	0.0010450007760320543
7.391794143080848e-07	1.578060228704263	0.0010435867680562672
7.392554006781748e-07	1.5780556921510307	0.0010421726147228953
7.393313948595327e-07	1.5780511551314484	0.0010407583160169968
7.3940739685296e-07	1.5780466176454684	0.0010393438719236588
7.394834066592627e-07	1.5780420796930428	0.0010379292824278762
7.395594242792426e-07	1.5780375412741232	0.0010365145475147305
7.396354497137028e-07	1.5780330023886622	0.001035099667169274
7.397114829634467e-07	1.5780284630366115	0.0010336846413765543
7.397875240292776e-07	1.5780239232179232	0.0010322694701216236
7.398635729119976e-07	1.5780193829325495	0.0010308541533895538
7.399396296124132e-07	1.5780148421804423	0.0010294386911653352
7.400156941313265e-07	1.5780103009615534	0.0010280230834340382
7.400917664695413e-07	1.578005759275835	0.001026607330180706
7.401678466278614e-07	1.5780012171232396	0.0010251914313903776
7.402439346070907e-07	1.5779966745037182	0.0010237753870480947
7.403200304080316e-07	1.5779921314172236	0.0010223591971389213
7.403961340314912e-07	1.5779875878637075	0.0010209428616478383
7.404722454782722e-07	1.577983043843122	0.0010195263805599056
7.405483647491788e-07	1.5779784993554187	0.001018109753860159
7.406244918450153e-07	1.5779739544005502	0.0010166929815336278
7.40700626766586e-07	1.5779694089784682	0.0010152760635653434
7.407767695146939e-07	1.5779648630891243	0.0010138589999403621
7.408529200901467e-07	1.5779603167324714	0.001012441790643653
7.409290784937475e-07	1.5779557699084603	0.00101102443566027
7.410052447263008e-07	1.577951222617044	0.0010096069349752373
7.410814187886116e-07	1.5779466748581734	0.0010081892885735778
7.411576006814848e-07	1.5779421266318017	0.0010067714964403095
7.412337904057254e-07	1.5779375779378795	0.0010053535585604534
7.413099879621367e-07	1.5779330287763598	0.0010039354749190549
7.41386193351527e-07	1.577928479147194	0.0010025172455010738
7.414624065747001e-07	1.5779239290503342	0.0010010988702915521
7.415386276324612e-07	1.5779193784857324	0.0009996803492755022
7.416148565256158e-07	1.5779148274533403	0.000998261682437935
7.416910932549691e-07	1.5779102759531098	0.0009968428697638648
7.417673378213254e-07	1.5779057239849932	0.0009954239112383218
7.418435902254933e-07	1.5779011715489417	0.0009940048068462599
7.419198504682768e-07	1.5778966186449082	0.0009925855565727129
7.41996118550482e-07	1.5778920652728434	0.0009911661604026817
7.420723944729146e-07	1.5778875114327	0.000989746618321171
7.421486782363805e-07	1.5778829571244297	0.0009883269303131814
7.422249698416844e-07	1.5778784023479846	0.0009869070963637377
7.423012692896353e-07	1.5778738471033162	0.0009854871164577828
7.423775765810381e-07	1.5778692913903762	0.0009840669905803398
7.424538917166988e-07	1.577864735209117	0.0009826467187164047
7.425302146974242e-07	1.5778601785594901	0.0009812263008509674
7.426065455240202e-07	1.5778556214414479	0.0009798057369690238
7.426828841972924e-07	1.5778510638549414	0.0009783850270555872
7.4275923071805e-07	1.5778465057999231	0.0009769641710955929
7.428355850870985e-07	1.5778419472763443	0.0009755431690740514
7.429119473052445e-07	1.5778373882841574	0.0009741220209759538
7.429883173732949e-07	1.5778328288233139	0.0009727007267862792
7.430646952920568e-07	1.5778282688937655	0.0009712792864900104
7.431410810623356e-07	1.5778237084954643	0.0009698577000721583
7.432174746849414e-07	1.577819147628362	0.0009684359675176423
7.432938761606801e-07	1.5778145862924104	0.0009670140888114699
7.433702854903589e-07	1.5778100244875617	0.0009655920639386152
7.434467026747849e-07	1.5778054622137667	0.0009641698928840559
7.435231277147659e-07	1.5778008994709782	0.0009627475756327636
7.435995606111093e-07	1.5777963362591474	0.0009613251121697065
7.436760013646213e-07	1.5777917725782267	0.0009599025024798859
7.437524499761125e-07	1.5777872084281674	0.0009584797465482121
7.438289064463892e-07	1.5777826438089209	0.0009570568443596793
7.439053707762594e-07	1.5777780787204396	0.0009556337958992533
7.439818429665309e-07	1.5777735131626751	0.0009542106011518994
7.440583230180102e-07	1.5777689471355794	0.0009527872601026061
7.441348109315086e-07	1.5777643806391035	0.0009513637727362758
7.442113067078327e-07	1.5777598136731998	0.0009499401390378975
7.442878103477907e-07	1.5777552462378197	0.0009485163589924286
7.443643218521913e-07	1.5777506783329154	0.0009470924325848224
7.444408412218425e-07	1.5777461099584384	0.0009456683598000363
7.44517368457553e-07	1.5777415411143403	0.000944244140623024
7.445939035601301e-07	1.5777369718005732	0.0009428197750387603
7.446704465303853e-07	1.5777324020170878	0.0009413952630321416
7.447469973691261e-07	1.5777278317638368	0.0009399706045881412
7.44823556077161e-07	1.5777232610407717	0.0009385457996917105
7.449001226552994e-07	1.5777186898478441	0.000937120848327789
7.449766971043499e-07	1.577714118185006	0.0009356957504813244
7.450532794251203e-07	1.5777095460522088	0.0009342705061372858
7.45129869618423e-07	1.577704973449404	0.0009328451152805541
7.452064676850655e-07	1.5777004003765436	0.0009314195778960999
7.452830736258572e-07	1.5776958268335792	0.000929993893968859
7.453596874416077e-07	1.5776912528204625	0.0009285680634837656
7.454363091331265e-07	1.577686678337145	0.0009271420864257552
7.455129387012214e-07	1.5776821033835788	0.0009257159627797908
7.455895761467056e-07	1.577677527959715	0.0009242896925307435
7.45666221470387e-07	1.5776729520655057	0.0009228632756635725
7.457428746730757e-07	1.577668375700902	0.0009214367121632058
7.458195357555816e-07	1.5776637988658564	0.0009200100020145667
7.458962047187146e-07	1.5776592215603196	0.0009185831452025857
7.459728815632849e-07	1.5776546437842436	0.0009171561417121824
7.460495662901011e-07	1.5776500655375805	0.0009157289915283082
7.461262588999767e-07	1.5776454868202814	0.0009143016946358243
7.462029593937205e-07	1.577640907632298	0.0009128742510196797
7.462796677721428e-07	1.5776363279735819	0.0009114466606647908
7.463563840360542e-07	1.5776317478440849	0.0009100189235560754
7.464331081862639e-07	1.5776271672437585	0.0009085910396784714
7.465098402235856e-07	1.5776225861725541	0.0009071630090168373
7.465865801488283e-07	1.5776180046304238	0.0009057348315561131
7.466633279628033e-07	1.5776134226173186	0.000904306507281205
7.467400836663212e-07	1.5776088401331907	0.0009028780361770247
7.468168472601933e-07	1.577604257177991	0.0009014494182284743
7.468936187452304e-07	1.5775996737516713	0.0009000206534204626
7.469703981222425e-07	1.5775950898541835	0.0008985917417379169
7.470471853920437e-07	1.5775905054854786	0.0008971626831656864
7.471239805554439e-07	1.577585920645509	0.0008957334776886949
7.472007836132546e-07	1.5775813353342254	0.0008943041252918447
7.472775945662873e-07	1.57757674955158	0.0008928746259600301
7.473544134153537e-07	1.5775721632975237	0.0008914449796781473
7.474312401612638e-07	1.5775675765720085	0.0008900151864311184
7.475080748048326e-07	1.5775629893749858	0.0008885852462037785
7.475849173468702e-07	1.5775584017064073	0.0008871551589810496
7.476617677881889e-07	1.5775538135662242	0.0008857249247478161
7.477386261296005e-07	1.5775492249543883	0.0008842945434889683
7.478154923719171e-07	1.5775446358708511	0.000882864015189393
7.478923665159494e-07	1.5775400463155638	0.000881433339834002
7.479692485625128e-07	1.5775354562884782	0.0008800025174076205
7.480461385124181e-07	1.5775308657895457	0.000878571547895159
7.481230363664779e-07	1.577526274818718	0.0008771404312814958
7.481999421255044e-07	1.5775216833759464	0.0008757091675515136
7.482768557903105e-07	1.577517091461182	0.0008742777566900846
7.483537773617074e-07	1.5775124990743774	0.0008728461986821136
7.484307068405106e-07	1.5775079062154829	0.0008714144935124197
7.485076442275318e-07	1.5775033128844504	0.0008699826411658992
7.485845895235838e-07	1.5774987190812313	0.000868550641627425
7.486615427294796e-07	1.5774941248057774	0.0008671184948818675
7.487385038460323e-07	1.5774895300580396	0.0008656862009140916
7.488154728740538e-07	1.5774849348379698	0.0008642537597089915
7.488924498143602e-07	1.5774803391455194	0.0008628211712513752
7.489694346677634e-07	1.5774757429806396	0.0008613884355261347
7.490464274350769e-07	1.577471146343282	0.000859955552518131
7.491234281171142e-07	1.5774665492333977	0.0008585225222122228
7.49200436714689e-07	1.577461951650939	0.0008570893445932672
7.492774532286148e-07	1.5774573535958565	0.0008556560196461229
7.493544776597041e-07	1.577452755068102	0.0008542225473556727
7.494315100087737e-07	1.5774481560676266	0.000852788927706712
7.495085502766361e-07	1.5774435565943818	0.0008513551606841215
7.495855984641052e-07	1.5774389566483191	0.0008499212462727523
7.496626545719953e-07	1.57743435622939	0.0008484871844574512
7.497397186011204e-07	1.5774297553375454	0.0008470529752230676
7.498167905522935e-07	1.5774251539727375	0.0008456186185544737
7.498938704263317e-07	1.577420552134917	0.0008441841144364597
7.499709582240483e-07	1.5774159498240357	0.0008427494628538923
7.500480539462576e-07	1.5774113470400448	0.0008413146637916145
7.501251575937743e-07	1.5774067437828951	0.0008398797172344655
7.502022691674132e-07	1.577402140052539	0.0008384446231672826
7.502793886679875e-07	1.5773975358489274	0.0008370093815749303
7.503565160963149e-07	1.5773929311720114	0.0008355739924421889
7.504336514532091e-07	1.5773883260217427	0.0008341384557539172
7.505107947394852e-07	1.5773837203980723	0.0008327027714949465
7.505879459559581e-07	1.577379114300952	0.0008312669396501101
7.506651051034432e-07	1.5773745077303323	0.0008298309602042313
7.50742272182754e-07	1.5773699006861657	0.0008283948331421708
7.508194471947093e-07	1.5773652931684023	0.000826958558448693
7.508966301401227e-07	1.5773606851769943	0.000825522136108653
7.5097382101981e-07	1.5773560767118928	0.0008240855661068699
7.510510198345866e-07	1.577351467773049	0.0008226488484281675
7.511282265852684e-07	1.5773468583604142	0.0008212119830573629
7.512054412726697e-07	1.57734224847394	0.0008197749699793015
7.512826638976092e-07	1.577337638113577	0.0008183378091787454
7.513598944609016e-07	1.577333027279277	0.0008169005006405338
7.514371329633628e-07	1.577328415970991	0.0008154630443494802
7.515143794058089e-07	1.577323804188671	0.0008140254402903984
7.515916337890562e-07	1.5773191919322673	0.0008125876884480976
7.51668896113921e-07	1.5773145792017318	0.0008111497888073818
7.517461663812181e-07	1.5773099659970153	0.000809711741353092
7.51823444591767e-07	1.5773053523180693	0.0008082735460699727
7.519007307463829e-07	1.5773007381648454	0.0008068352029428553
7.519780248458823e-07	1.5772961235372942	0.0008053967119565435
7.52055326891082e-07	1.5772915084353676	0.0008039580730958371
7.521326368827987e-07	1.577286892859016	0.0008025192863455338
7.522099548218477e-07	1.5772822768081916	0.0008010803516904628
7.522872807090492e-07	1.5772776602828447	0.0007996412691153589
7.523646145452186e-07	1.577273043282927	0.0007982020386050456
7.524419563311733e-07	1.57726842580839	0.0007967626601443146
7.525193060677302e-07	1.5772638078591843	0.00079532313371796
7.525966637557067e-07	1.577259189435261	0.0007938834593107693
7.526740293959187e-07	1.5772545705365726	0.0007924436369075585
7.527514029891868e-07	1.5772499511630687	0.000791003666493056
7.528287845363269e-07	1.5772453313147012	0.0007895635480520775
7.529061740381568e-07	1.5772407109914215	0.0007881232815694032
7.52983571495494e-07	1.5772360901931803	0.0007866828670298187
7.530609769091566e-07	1.577231468919929	0.0007852423044180983
7.531383902799607e-07	1.5772268471716193	0.0007838015937190557
7.532158116087274e-07	1.5772222249482013	0.0007823607349174056
7.532932408962735e-07	1.5772176022496267	0.0007809197279979521
7.533706781434168e-07	1.577212979075847	0.0007794785729454729
7.534481233509757e-07	1.5772083554268126	0.0007780372697447364
7.535255765197684e-07	1.5772037313024752	0.0007765958183805148
7.53603037650612e-07	1.577199106702786	0.0007751542188376036
7.536805067443279e-07	1.5771944816276955	0.0007737124711007163
7.53757983801733e-07	1.5771898560771556	0.0007722705751546466
7.538354688236463e-07	1.5771852300511169	0.0007708285309841566
7.539129618108861e-07	1.5771806035495308	0.0007693863385740126
7.539904627642716e-07	1.577175976572348	0.0007679439979089732
7.540679716846216e-07	1.5771713491195203	0.0007665015089737986
7.541454885727535e-07	1.5771667211909985	0.0007650588717532747
7.542230134294894e-07	1.5771620927867334	0.0007636160862321028
7.54300546255647e-07	1.577157463906676	0.0007621731523950648
7.543780870520456e-07	1.5771528345507784	0.0007607300702269153
7.544556358195044e-07	1.5771482047189904	0.0007592868397124045
7.545331925588413e-07	1.5771435744112638	0.000757843460836315
7.546107572708789e-07	1.57713894362755	0.0007563999335833336
7.546883299564354e-07	1.577134312367799	0.0007549562579382367
7.547659106163301e-07	1.577129680631963	0.0007535124338857728
7.548434992513831e-07	1.5771250484199921	0.0007520684614106845
7.549210958624139e-07	1.5771204157318381	0.0007506243404977142
7.549987004502428e-07	1.5771157825674513	0.000749180071131601
7.55076313015688e-07	1.5771111489267837	0.0007477356532971148
7.551539335595728e-07	1.5771065148097856	0.0007462910869789351
7.552315620827156e-07	1.5771018802164083	0.0007448463721618282
7.55309198585937e-07	1.5770972451466028	0.0007434015088305271
7.553868430700571e-07	1.57709260960032	0.0007419564969697641
7.554644955358963e-07	1.5770879735775112	0.0007405113365642723
7.555421559842737e-07	1.5770833370781272	0.00073906602759881
7.556198244160129e-07	1.577078700102119	0.0007376205700580488
7.556975008319331e-07	1.5770740626494377	0.0007361749639267411
7.557751852328549e-07	1.577069424720034	0.0007347292091896161
7.558528776195993e-07	1.5770647863138594	0.0007332833058313941
7.559305779929872e-07	1.5770601474308645	0.0007318372538367985
7.56008286353838e-07	1.5770555080710005	0.0007303910531905795
7.56086002702976e-07	1.5770508682342186	0.0007289447038773953
7.561637270412208e-07	1.5770462279204691	0.0007274982058819941
7.562414593693936e-07	1.5770415871297034	0.0007260515591890932
7.563191996883159e-07	1.5770369458618725	0.0007246047637834032
7.563969479988089e-07	1.5770323041169272	0.0007231578196496396
7.564747043016942e-07	1.5770276618948185	0.0007217107267725131
7.56552468597792e-07	1.5770230191954975	0.0007202634851367608
7.566302408879269e-07	1.5770183760189147	0.0007188160947270323
7.567080211729193e-07	1.5770137323650215	0.0007173685555280644
7.56785809453591e-07	1.5770090882337686	0.0007159208675245605
7.568636057307639e-07	1.5770044436251074	0.0007144730307012237
7.569414100052585e-07	1.576999798538988	0.0007130250450427866
7.570192222778999e-07	1.576995152975362	0.0007115769105338895
7.570970425495089e-07	1.57699050693418	0.0007101286271592611
7.571748708209077e-07	1.5769858604153928	0.0007086801949035967
7.572527070929188e-07	1.5769812134189518	0.0007072316137515919
7.573305513663644e-07	1.5769765659448076	0.0007057828836879417
7.574084036420673e-07	1.5769719179929107	0.0007043340046973357
7.574862639208484e-07	1.5769672695632124	0.0007028849767644965
7.575641322035335e-07	1.5769626206556637	0.0007014357998740527
7.57642008490944e-07	1.5769579712702155	0.0006999864740107213
7.577198927839025e-07	1.576953321406818	0.0006985369991591894
7.577977850832322e-07	1.576948671065423	0.0006970873753041409
7.57875685389756e-07	1.5769440202459808	0.0006956376024302573
7.579535937042956e-07	1.5769393689484423	0.0006941876805222494
7.580315100276772e-07	1.5769347171727586	0.0006927376095647397
7.581094343607225e-07	1.57693006491888	0.0006912873895424334
7.581873667042551e-07	1.576925412186758	0.0006898370204400082
7.582653070590983e-07	1.576920758976343	0.0006883865022421376
7.583432554260757e-07	1.576916105287586	0.0006869358349334952
7.584212118060092e-07	1.5769114511204378	0.0006854850184987842
7.584991761997259e-07	1.5769067964748495	0.0006840340529226134
7.585771486080479e-07	1.5769021413507716	0.0006825829381896818
7.586551290317992e-07	1.5768974857481548	0.0006811316742846553
7.587331174718037e-07	1.57689282966695	0.0006796802611921998
7.588111139288854e-07	1.5768881731071083	0.0006782286988969808
7.588891184038669e-07	1.5768835160685801	0.0006767769873836878
7.589671308975756e-07	1.5768788585513165	0.0006753251266369234
7.590451514108342e-07	1.576874200555268	0.0006738731166413752
7.591231799444671e-07	1.5768695420803855	0.000672420957381703
7.592012164992989e-07	1.57686488312662	0.0006709686488425607
7.59279261076154e-07	1.576860223693922	0.0006695161910086024
7.593573136758556e-07	1.5768555637822426	0.0006680635838645112
7.594353742992314e-07	1.576850903391532	0.0006666108273948802
7.595134429471049e-07	1.5768462425217413	0.0006651579215843871
7.595915196203008e-07	1.5768415811728214	0.0006637048664176798
7.596696043196443e-07	1.5768369193447225	0.0006622516618794042
7.597476970459602e-07	1.5768322570373958	0.0006607983079542066
7.598257978000739e-07	1.576827594250792	0.000659344804626731
7.599039065828089e-07	1.576822930984862	0.000657891151881647
7.599820233949937e-07	1.576818267239556	0.0006564373497035356
7.600601482374523e-07	1.5768136030148252	0.0006549833980770648
7.601382811110101e-07	1.57680893831062	0.0006535292969868727
7.602164220164926e-07	1.5768042731268914	0.0006520750464175951
7.602945709547255e-07	1.57679960746359	0.0006506206463538647
7.603727279265331e-07	1.5767949413206663	0.0006491660967803413
7.604508929327443e-07	1.576790274698071	0.0006477113976815997
7.605290659741834e-07	1.5767856075957551	0.0006462565490422982
7.606072470516765e-07	1.5767809400136692	0.0006448015508470627
7.606854361660497e-07	1.576776271951764	0.00064334640308052
7.60763633318129e-07	1.57677160340999	0.0006418911057272941
7.608418385087392e-07	1.576766934388298	0.0006404356587720393
7.6092005173871e-07	1.5767622648866384	0.0006389800621993126
7.609982730088659e-07	1.5767575949049621	0.0006375243159937701
7.610765023200336e-07	1.5767529244432197	0.0006360684201400244
7.611547396730398e-07	1.576748253501362	0.0006346123746226919
7.61232985068711e-07	1.5767435820793394	0.000633156179426391
7.613112385078725e-07	1.5767389101771028	0.000631699834535762
7.613894999913543e-07	1.5767342377946028	0.0006302433399353585
7.614677695199817e-07	1.5767295649317896	0.0006287866956098201
7.615460470945817e-07	1.5767248915886143	0.0006273299015437558
7.616243327159816e-07	1.5767202177650277	0.0006258729577217704
7.617026263850084e-07	1.5767155434609794	0.000624415864128472
7.61780928102488e-07	1.5767108686764213	0.0006229586207484895
7.618592378692507e-07	1.5767061934113031	0.000621501227566372
7.619375556861226e-07	1.576701517665576	0.0006200436845667461
7.62015881553931e-07	1.57669684143919	0.0006185859917342102
7.620942154735038e-07	1.5766921647320962	0.0006171281490533634
7.621725574456684e-07	1.576687487544245	0.0006156701565088025
7.622509074712528e-07	1.5766828098755865	0.0006142120140851182
7.623292655510833e-07	1.576678131726072	0.0006127537217669349
7.624076316859909e-07	1.576673453095652	0.0006112952795387864
7.624860058768021e-07	1.5766687739842766	0.0006098366873852892
7.625643881243451e-07	1.576664094391897	0.0006083779452910322
7.626427784294481e-07	1.576659414318463	0.0006069190532406003
7.627211767929378e-07	1.5766547337639256	0.0006054600112186102
7.627995832156458e-07	1.576650052728235	0.0006040008192095835
7.628779976983989e-07	1.5766453712113426	0.000602541477198133
7.629564202420257e-07	1.5766406892131979	0.0006010819851688396
7.630348508473549e-07	1.5766360067337517	0.0005996223431062803
7.631132895152152e-07	1.576631323772955	0.0005981625509950304
7.631917362464353e-07	1.5766266403307578	0.0005967026088196689
7.632701910418426e-07	1.576621956407111	0.0005952425165647966
7.633486539022694e-07	1.5766172720019649	0.0005937822742149255
7.63427124828543e-07	1.5766125871152699	0.0005923218817546583
7.635056038214925e-07	1.5766079017469767	0.000590861339168562
7.635840908819474e-07	1.5766032158970353	0.0005894006464412043
7.636625860107368e-07	1.576598529565397	0.000587939803557152
7.637410892086886e-07	1.576593842752012	0.0005864788105009982
7.638196004766354e-07	1.5765891554568308	0.0005850176672572451
7.638981198154053e-07	1.5765844676798033	0.0005835563738104854
7.63976647225828e-07	1.5765797794208807	0.0005820949301452767
7.640551827087331e-07	1.5765750906800131	0.0005806333362461781
7.641337262649506e-07	1.5765704014571509	0.0005791715920977433
7.642122778953086e-07	1.5765657117522447	0.000577709697684561
7.642908376006406e-07	1.576561021565245	0.0005762476529911197
7.643694053817748e-07	1.5765563308961021	0.0005747854580020062
7.644479812395416e-07	1.5765516397447663	0.0005733231127017663
7.645265651747712e-07	1.5765469481111885	0.0005718606170749473
7.646051571882939e-07	1.5765422559953186	0.000570397971106101
7.646837572809402e-07	1.5765375633971077	0.0005689351747797666
7.64762365453539e-07	1.5765328703165054	0.0005674722280805216
7.648409817069239e-07	1.5765281767534627	0.0005660091309928481
7.649196060419244e-07	1.5765234827079297	0.0005645458835013136
7.64998238459371e-07	1.576518788179857	0.0005630824855904578
7.650768789600946e-07	1.5765140931691946	0.0005616189372448202
7.651555275449246e-07	1.5765093976758937	0.0005601552384489621
7.652341842146951e-07	1.5765047016999039	0.0005586913891873622
7.653128489702358e-07	1.576500005241176	0.0005572273894445798
7.653915218123778e-07	1.57649530829966	0.0005557632392051465
7.654702027419524e-07	1.5764906108753065	0.0005542989384535923
7.65548891759791e-07	1.576485912968066	0.000552834487174443
7.65627588866725e-07	1.5764812145778886	0.0005513698853522264
7.657062940635845e-07	1.5764765157047251	0.000549905132971494
7.657850073512042e-07	1.5764718163485254	0.0005484402300167126
7.658637287304142e-07	1.5764671165092399	0.0005469751764724314
7.659424582020463e-07	1.576462416186819	0.0005455099723231707
7.660211957669324e-07	1.576457715381213	0.0005440446175534483
7.660999414259045e-07	1.5764530140923725	0.0005425791121477802
7.661786951797931e-07	1.5764483123202475	0.0005411134560907119
7.662574570294335e-07	1.5764436100647883	0.0005396476493666966
7.663362269756563e-07	1.5764389073259455	0.0005381816919602756
7.664150050192938e-07	1.5764342041036694	0.0005367155838559593
7.664937911611785e-07	1.5764295003979099	0.0005352493250382555
7.665725854021428e-07	1.5764247962086175	0.0005337829154916727
7.666513877430178e-07	1.5764200915357427	0.0005323163552007442
7.667301981846392e-07	1.5764153863792356	0.0005308496441499154
7.668090167278382e-07	1.5764106807390466	0.0005293827823237178
7.668878433734475e-07	1.5764059746151258	0.0005279157697066538
7.669666781223003e-07	1.5764012680074235	0.0005264486062832177
7.670455209752293e-07	1.57639656091589	0.0005249812920379116
7.671243719330662e-07	1.5763918533404757	0.0005235138269552596
7.672032309966473e-07	1.576387145281131	0.0005220462110196947
7.672820981668043e-07	1.5763824367378056	0.0005205784442157409
7.673609734443705e-07	1.57637772771045	0.0005191105265278885
7.674398568301792e-07	1.576373018199015	0.0005176424579406281
7.67518748325064e-07	1.5763683082034499	0.0005161742384384479
7.675976479298571e-07	1.5763635977237054	0.00051470586800586
7.676765556453952e-07	1.5763588867597318	0.0005132373466272918
7.677554714725105e-07	1.5763541753114794	0.0005117686742872572
7.678343954120367e-07	1.576349463378898	0.0005102998509702389
7.67913327464808e-07	1.5763447509619377	0.0005088308766607113
7.679922676316583e-07	1.5763400380605495	0.0005073617513431571
7.680712159134217e-07	1.576335324674683	0.0005058924750020527
7.681501723109309e-07	1.576330610804289	0.0005044230476219006
7.682291368250231e-07	1.5763258964493168	0.000502953469187118
7.683081094565315e-07	1.5763211816097171	0.0005014837396822031
7.683870902062903e-07	1.5763164662854399	0.0005000138590916269
7.684660790751341e-07	1.5763117504764357	0.0004985438273998599
7.685450760638974e-07	1.5763070341826544	0.0004970736445913688
7.686240811734135e-07	1.5763023174040462	0.000495603310650646
7.687030944045203e-07	1.576297600140561	0.0004941328255620991
7.687821157580512e-07	1.57629288239215	0.0004926621893102187
7.68861145234841e-07	1.5762881641587618	0.0004911914018794652
7.689401828357248e-07	1.5762834454403478	0.0004897204632542999
7.690192285615378e-07	1.5762787262368576	0.00048824937341917737
7.690982824131136e-07	1.5762740065482415	0.0004867781323585841
7.691773443912907e-07	1.5762692863744494	0.00048530674005691605
7.69256414496903e-07	1.5762645657154315	0.00048383519649865367
7.693354927307859e-07	1.5762598445711382	0.0004823635016682498
7.69414579093775e-07	1.5762551229415191	0.00048089165555015366
7.694936735867059e-07	1.5762504008265248	0.0004794196581288121
7.695727762104128e-07	1.5762456782261052	0.0004779475093887018
7.696518869657346e-07	1.5762409551402103	0.00047647520931420873
7.697310058535059e-07	1.5762362315687906	0.0004750027578898034
7.698101328745624e-07	1.5762315075117956	0.00047353015509993116
7.698892680297405e-07	1.5762267829691758	0.00047205740092902697
7.69968411319876e-07	1.576222057940881	0.00047058449536153404
7.700475627458038e-07	1.5762173324268618	0.0004691114383819151
7.701267223083634e-07	1.5762126064270676	0.0004676382299745483
7.702058900083897e-07	1.5762078799414487	0.0004661648701238944
7.70285065846719e-07	1.5762031529699554	0.0004646913588143887
7.703642498241881e-07	1.5761984255125376	0.00046321769603045846
7.704434419416337e-07	1.576193697569145	0.00046174388175653294
7.705226421998925e-07	1.5761889691397286	0.00046026991597703957
7.706018505997998e-07	1.5761842402242374	0.0004587957986764331
7.706810671421957e-07	1.576179510822622	0.00045732152983907995
7.707602918279157e-07	1.5761747809348323	0.0004558471094494291
7.708395246577968e-07	1.5761700505608178	0.00045437253749190394
7.709187656326763e-07	1.5761653197005292	0.00045289781395092176
7.709980147533916e-07	1.5761605883539165	0.00045142293881090026
7.710772720207782e-07	1.5761558565209297	0.0004499479120562864
7.711565374356769e-07	1.5761511242015183	0.00044847273367143464
7.712358109989238e-07	1.5761463913956328	0.00044699740364078603
7.713150927113563e-07	1.5761416581032228	0.0004455219219487522
7.713943825738122e-07	1.5761369243242385	0.0004440462885797446
7.714736805871294e-07	1.5761321900586303	0.00044257050351816703
7.715529867521442e-07	1.5761274553063473	0.00044109456674845866
7.716323010696976e-07	1.5761227200673398	0.00043961847825496397
7.717116235406262e-07	1.5761179843415585	0.0004381422380221162
7.717909541657681e-07	1.5761132481289521	0.0004366658460343152
7.718702929459616e-07	1.5761085114294717	0.0004351893022759625
7.71949639882045e-07	1.5761037742430664	0.00043371260673145614
7.720289949748551e-07	1.576099036569687	0.00043223575938522126
7.721083582252336e-07	1.5760942984092825	0.00043075876022159455
7.721877296340175e-07	1.5760895597618032	0.00042928160922499955
7.722671092020454e-07	1.5760848206271996	0.000427804306379826
7.723464969301561e-07	1.5760800810054207	0.00042632685167046786
7.724258928191886e-07	1.5760753408964168	0.00042484924508130896
7.7250529686998e-07	1.5760706003001381	0.0004233714865967689
7.725847090833725e-07	1.5760658592165342	0.00042189357620117445
7.726641294602038e-07	1.5760611176455552	0.00042041551387893706
7.72743558001313e-07	1.5760563755871506	0.00041893729961444093
7.728229947075393e-07	1.5760516330412708	0.00041745893339206394
7.729024395797222e-07	1.5760468900078652	0.00041598041519618823
7.72981892618701e-07	1.5760421464868843	0.0004145017450111878
7.730613538253137e-07	1.5760374024782773	0.00041302292282147237
7.731408232004031e-07	1.5760326579819943	0.00041154394861135293
7.732203007448074e-07	1.5760279129979857	0.0004100648223652332
7.732997864593663e-07	1.5760231675262006	0.00040858554406748344
7.733792803449196e-07	1.5760184215665896	0.0004071061137024756
7.734587824023059e-07	1.5760136751191016	0.00040562653125460364
7.735382926323682e-07	1.5760089281836873	0.0004041467967081767
7.736178110359452e-07	1.576004180760296	0.0004026669100475866
7.73697337613877e-07	1.5759994328488778	0.0004011868712571995
7.737768723670041e-07	1.5759946844493826	0.0003997066803213739
7.738564152961666e-07	1.57598993556176	0.0003982263372244721
7.739359664022053e-07	1.57598518618596	0.0003967458419508503
7.74015525685959e-07	1.5759804363219325	0.00039526519448489466
7.740950931482715e-07	1.5759756859696266	0.00039378439481090044
7.741746687899822e-07	1.5759709351289932	0.0003923034429132515
7.742542526119315e-07	1.5759661837999817	0.0003908223387763005
7.743338446149607e-07	1.5759614319825412	0.0003893410823843958
7.744134447999107e-07	1.5759566796766225	0.0003878596737218859
7.744930531676209e-07	1.575951926882175	0.00038637811277314894
7.745726697189357e-07	1.575947173599148	0.0003848963995224703
7.746522944546948e-07	1.575942419827492	0.00038341453395422025
7.747319273757395e-07	1.5759376655671564	0.0003819325160527453
7.748115684829114e-07	1.575932910818091	0.0003804503458023821
7.748912177770517e-07	1.5759281555802453	0.0003789680231874733
7.749708752590008e-07	1.5759233998535698	0.00037748554819238113
7.750505409296032e-07	1.5759186436380137	0.0003760029208013853
7.751302147896993e-07	1.5759138869335267	0.00037452014099884984
7.75209896840131e-07	1.575909129740059	0.0003730372087691037
7.752895870817402e-07	1.5759043720575594	0.0003715541240964797
7.753692855153688e-07	1.5758996138859787	0.00037007088696530845
7.754489921418591e-07	1.575894855225266	0.00036858749735991494
7.755287069620517e-07	1.5758900960753714	0.00036710395526465544
7.756084299767921e-07	1.5758853364362444	0.00036562026066379576
7.756881611869209e-07	1.5758805763078345	0.0003641364135416885
7.757679005932808e-07	1.5758758156900914	0.00036265241388265236
7.758476481967143e-07	1.575871054582965	0.0003611682616710084
7.759274039980624e-07	1.5758662929864053	0.0003596839568911051
7.76007167998171e-07	1.5758615309003619	0.00035819949952719843
7.760869401978813e-07	1.5758567683247837	0.0003567148895636328
7.761667205980364e-07	1.5758520052596214	0.00035523012698471945
7.762465091994791e-07	1.575847241704824	0.0003537452117747733
7.763263060030526e-07	1.5758424776603412	0.0003522601439181015
7.764061110096e-07	1.575837713126123	0.00035077492339901316
7.764859242199629e-07	1.5758329481021192	0.000349289550201845
7.765657456349879e-07	1.5758281825882787	0.000347804024310841
7.766455752555169e-07	1.575823416584552	0.000346318345710336
7.767254130823933e-07	1.5758186500908877	0.00034483251438462907
7.768052591164607e-07	1.5758138831072364	0.0003433465303180235
7.768851133585628e-07	1.5758091156335474	0.00034186039349481674
7.769649758095419e-07	1.5758043476697705	0.0003403741038993333
7.770448464702448e-07	1.575799579215855	0.0003388876615158136
7.771247253415141e-07	1.5757948102717507	0.0003374010663285765
7.772046124241937e-07	1.5757900408374068	0.0003359143183219153
7.772845077191278e-07	1.5757852709127738	0.0003344274174801215
7.773644112271604e-07	1.5757805004978003	0.0003329403637874843
7.774443229491345e-07	1.5757757295924366	0.00033145315722831685
7.775242428858974e-07	1.5757709581966322	0.0003299657977868514
7.776041710382921e-07	1.5757661863103363	0.00032847828544739705
7.776841074071633e-07	1.575761413933499	0.00032699062019423525
7.777640519933553e-07	1.5757566410660693	0.0003255028020116516
7.77844004797713e-07	1.575751867707997	0.0003240148308839216
7.779239658210798e-07	1.575747093859232	0.00032252670679535234
7.780039350643034e-07	1.5757423195197233	0.00032103842973016237
7.780839125282275e-07	1.5757375446894208	0.0003205633666516347
7.781638982136971e-07	1.575732769368274	0.00032011511502301444
7.782438921215574e-07	1.5757279935562325	0.00031966681731489905
7.783238942526534e-07	1.5757232172532456	0.00031921847352255246
7.784039046078292e-07	1.575718440459263	0.0003187700836412448
7.784839231879332e-07	1.5757136631742346	0.00031832164766622105
7.785639499938093e-07	1.5757088853981092	0.000317873165592752
7.786439850263032e-07	1.5757041071308364	0.0003174246374160985
7.787240282862605e-07	1.5756993283723664	0.0003169760631315213
7.78804079774527e-07	1.575694549122648	0.0003165274427342807
7.788841394919485e-07	1.575689769381631	0.0003160787762196364
7.789642074393695e-07	1.575684989149265	0.0003156300635828561
7.79044283617639e-07	1.575680208425499	0.0003151813048191813
7.791243680276018e-07	1.575675427210283	0.0003147324999238786
7.792044606701039e-07	1.5756706455035667	0.00031428364889220586
7.792845615459916e-07	1.5756658633052987	0.00031383475171942095
7.793646706561114e-07	1.5756610806154292	0.00031338580840078
7.79444788001308e-07	1.5756562974339074	0.0003129368189315484
7.795249135824313e-07	1.5756515137606826	0.000312487783306964
7.796050474003262e-07	1.5756467295957046	0.00031203870152229105
7.796851894558394e-07	1.5756419449389227	0.0003115895735727851
7.79765339749818e-07	1.5756371597902865	0.0003111403994536993
7.798454982831087e-07	1.5756323741497449	0.0003106911791602878
7.799256650565568e-07	1.575627588017248	0.00031024191268781394
7.800058400710128e-07	1.5756228013927447	0.0003097926000315111
7.80086023327322e-07	1.5756180142761846	0.000309343241186642
7.801662148263318e-07	1.5756132266675174	0.00030889383614845784
7.802464145688895e-07	1.5756084385666922	0.0003084443849122101
7.803266225558427e-07	1.5756036499736585	0.0003079948874731493
7.80406838788037e-07	1.5755988608883655	0.00030754534382653576
7.804870632663234e-07	1.575594071310763	0.00030709575396760077
7.805672959915479e-07	1.5755892812408	0.00030664611789160315
7.806475369645584e-07	1.5755844906784264	0.00030619643559379135
7.807277861862025e-07	1.575579699623591	0.0003057467070694149
7.808080436573284e-07	1.5755749080762431	0.0003052969323137204
7.808883093787825e-07	1.575570116036333	0.0003048471113219651
7.80968583351416e-07	1.5755653235038092	0.0003043972440893783
7.810488655760755e-07	1.5755605304786213	0.000303947330611215
7.811291560536094e-07	1.5755557369607187	0.0003034973708827217
7.81209454784866e-07	1.5755509429500505	0.00030304736489914316
7.81289761770694e-07	1.5755461484465665	0.0003025973126557248
7.813700770119415e-07	1.5755413534502158	0.00030214721414771205
7.814504005094559e-07	1.5755365579609477	0.0003016970693703568
7.815307322640891e-07	1.5755317619787115	0.0003012468783188848
7.816110722766883e-07	1.5755269655034565	0.0003007966409885487
7.816914205481022e-07	1.5755221685351326	0.0003003463573745914
7.8177177707918e-07	1.5755173710736883	0.00029989602747225414
7.818521418707692e-07	1.5755125731190731	0.00029944565127678767
7.81932514923722e-07	1.5755077746712365	0.0002989952287834155
7.820128962388862e-07	1.5755029757301278	0.00029854475998738697
7.820932858171112e-07	1.5754981762956959	0.0002980942448839423
7.821736836592462e-07	1.5754933763678909	0.00029764368346832154
7.822540897661408e-07	1.5754885759466615	0.000297193075735764
7.823345041386447e-07	1.575483775031957	0.00029674242168150754
7.82414926777606e-07	1.5754789736237265	0.00029629172130079975
7.824953576838775e-07	1.5754741717219196	0.0002958409745888607
7.825757968583076e-07	1.5754693693264856	0.0002953901815409361
7.826562443017462e-07	1.5754645664373736	0.0002949393421522633
7.827367000150434e-07	1.5754597630545333	0.00029448845641807806
7.828171639990493e-07	1.5754549591779128	0.00029403752433361627
7.828976362546124e-07	1.5754501548074624	0.0002935865458941222
7.829781167825864e-07	1.575445349943131	0.0002931355210948127
7.8305860558382e-07	1.5754405445848678	0.00029268444993093076
7.831391026591636e-07	1.5754357387326219	0.00029223333239771117
7.83219608009468e-07	1.5754309323863427	0.00029178216849038563
7.833001216355836e-07	1.5754261255459796	0.00029133095820418827
7.833806435383596e-07	1.5754213182114816	0.00029087970153435965
7.8346117371865e-07	1.575416510382798	0.00029042839847611443
7.835417121773043e-07	1.5754117020598775	0.000289977049024692
7.836222589151733e-07	1.5754068932426697	0.000289525653175324
7.837028139331082e-07	1.575402083931124	0.0002890742109232406
7.837833772319601e-07	1.5753972741251892	0.000288622722263671
7.838639488125803e-07	1.575392463824815	0.00028817118719184583
7.839445286758186e-07	1.5753876530299498	0.0002877196057030022
7.840251168225295e-07	1.5753828417405433	0.0002872679777923504
7.841057132535631e-07	1.5753780299565445	0.0002868163034551276
7.84186317969771e-07	1.5753732176779027	0.00028636458268656127
7.842669309720047e-07	1.5753684049045669	0.00028591281548187857
7.843475522611146e-07	1.5753635916364863	0.000285461001836314
7.844281818379556e-07	1.57535877787361	0.00028500914174507696
7.845088197033783e-07	1.5753539636158873	0.00028455723520340087
7.845894658582345e-07	1.5753491488632672	0.0002841052822065109
7.846701203033765e-07	1.5753443336156985	0.0002836532827496318
7.847507830396565e-07	1.5753395178731309	0.00028320123682798747
7.848314540679268e-07	1.5753347016355135	0.00028274914443680084
7.849121333890382e-07	1.5753298849027948	0.0002822970055713048
7.849928210038464e-07	1.5753250676749244	0.00028184482022670313
7.850735169132023e-07	1.5753202499518513	0.0002813925883982277
7.851542211179586e-07	1.5753154317335247	0.0002809403100810995
7.852349336189683e-07	1.575310613019893	0.00028048798527053904
7.853156544170838e-07	1.5753057938109065	0.0002800356139617679
7.853963835131567e-07	1.5753009741065132	0.00027958319615001493
7.854771209080432e-07	1.575296153906663	0.00027913073183048157
7.855578666025948e-07	1.5752913332113043	0.0002786782209983954
7.856386205976647e-07	1.5752865120203863	0.00027822566364897513
7.85719382894106e-07	1.5752816903338585	0.00027777305977744004
7.858001534927724e-07	1.5752768681516693	0.0002773204093790058
7.858809323945154e-07	1.5752720454737683	0.0002768677124489007
7.85961719600192e-07	1.5752672223001043	0.00027641496898232136
7.860425151106541e-07	1.5752623986306262	0.0002759621789744942
7.861233189267554e-07	1.5752575744652835	0.00027550934242063444
7.862041310493499e-07	1.5752527498040245	0.0002750564593159571
7.862849514792913e-07	1.5752479246467987	0.0002746035296556768
7.863657802174319e-07	1.5752430989935555	0.00027415055343501746
7.864466172646293e-07	1.5752382728442431	0.0002736975306491735
7.865274626217357e-07	1.5752334461988111	0.00027324446129336843
7.866083162896057e-07	1.575228619057208	0.00027279134536281364
7.866891782690932e-07	1.5752237914193832	0.00027233818285272266
7.86770048561053e-07	1.5752189632852855	0.0002718849737583057
7.868509271663378e-07	1.575214134654864	0.0002714317180747845
7.869318140858055e-07	1.5752093055280676	0.00027097841579735055
7.870127093203092e-07	1.5752044759048451	0.0002705250669212236
7.870936128707035e-07	1.5751996457851458	0.000270071671441614
7.871745247378434e-07	1.5751948151689186	0.0002696182293537298
7.872554449225839e-07	1.5751899840561123	0.0002691647406527803
7.873363734257798e-07	1.5751851524466758	0.00026871120533397393
7.874173102482849e-07	1.5751803203405583	0.0002682576233925271
7.874982553909575e-07	1.5751754877377087	0.0002678039948236294
7.875792088546512e-07	1.5751706546380757	0.0002673503196224965
7.876601706402215e-07	1.5751658210416084	0.0002668965977843347
7.877411407485239e-07	1.575160986948256	0.0002664428293043497
7.87822119180414e-07	1.575156152357967	0.00026598901417774633
7.879031059367455e-07	1.5751513172706901	0.00026553515239973987
7.879841010183778e-07	1.575146481686375	0.0002650812439655152
7.880651044261649e-07	1.5751416456049698	0.0002646272888702855
7.881461161609627e-07	1.575136809026424	0.00026417328710925427
7.882271362236273e-07	1.575131971950686	0.0002637192386776246
7.883081646150146e-07	1.5751271343777054	0.0002632651435705986
7.883892013359795e-07	1.5751222963074305	0.00026281100178338665
7.884702463873811e-07	1.57511745773981	0.00026235681331117307
7.885512997700745e-07	1.5751126186747932	0.0002619025781491664
7.886323614849158e-07	1.575107779112329	0.0002614482962925687
7.887134315327619e-07	1.575102939052366	0.000260993967736578
7.887945099144691e-07	1.5750980984948533	0.00026053959247639505
7.888755966308927e-07	1.5750932574397396	0.00026008517050722733
7.889566916828925e-07	1.5750884158869738	0.00025963070182425556
7.89037795071324e-07	1.5750835738365045	0.0002591761864226859
7.891189067970441e-07	1.575078731288281	0.00025872162429771574
7.892000268609098e-07	1.5750738882422517	0.000258267015444543
7.892811552637783e-07	1.5750690446983657	0.00025781235985836327
7.893622920065051e-07	1.575064200656572	0.0002573576575343821
7.89443437089951e-07	1.575059356116819	0.000256902908467776
7.895245905149716e-07	1.5750545110790553	0.0002564481126537495
7.896057522824245e-07	1.5750496655432302	0.000255993270087497
7.896869223931672e-07	1.5750448195092925	0.0002555383807642127
7.897681008480574e-07	1.5750399729771911	0.00025508344467909
7.898492876479529e-07	1.575035125946874	0.0002546284618273213
7.8993048279371e-07	1.575030278418291	0.0002541734322041082
7.900116862861897e-07	1.5750254303913902	0.00025371835580462535
7.900928981262485e-07	1.5750205818661205	0.0002532632326240725
7.901741183147445e-07	1.5750157328424312	0.0002528080626576411
7.90255346852536e-07	1.57501088332027	0.0002523528459005213
7.903365837404812e-07	1.5750060332995865	0.0002518975823479033
7.904178289794369e-07	1.5750011827803296	0.00025144227199498567
7.904990825702647e-07	1.5749963317624474	0.0002509869148369395
7.905803445138217e-07	1.5749914802458889	0.0002505315108689617
7.906616148109664e-07	1.5749866282306029	0.00025007606008624117
7.907428934625577e-07	1.574981775716538	0.00024962056248396456
7.908241804694542e-07	1.574976922703643	0.0002491650180573197
7.909054758325134e-07	1.574972069191867	0.00024870942680150165
7.909867795525976e-07	1.574967215181158	0.00024825378871167793
7.91068091630564e-07	1.5749623606714651	0.0002477981037830442
7.911494120672718e-07	1.574957505662737	0.0002473423720107852
7.912307408635804e-07	1.5749526501549225	0.0002468865933900853
7.913120780203493e-07	1.57494779414797	0.00024643076791612816
7.91393423538436e-07	1.5749429376418285	0.0002459748955841069
7.914747774187035e-07	1.5749380806364464	0.00024551897638918626
7.915561396620096e-07	1.5749332231317723	0.00024506301032655825
7.916375102692142e-07	1.5749283651277555	0.00024460699739140473
7.91718889241177e-07	1.5749235066243439	0.000244150937578907
7.918002765787577e-07	1.574918647621487	0.00024369483088424696
7.918816722828151e-07	1.5749137881191326	0.00024323867730261303
7.919630763542121e-07	1.5749089281172297	0.00024278247682916814
7.920444887938074e-07	1.574904067615727	0.00024232622945910074
7.921259096024613e-07	1.5748992066145733	0.00024186993518758972
7.922073387810339e-07	1.5748943451137172	0.000241413594009814
7.922887763303858e-07	1.5748894831131068	0.00024095720592095136
7.923702222513775e-07	1.5748846206126914	0.00024050077091617952
7.924516765448678e-07	1.5748797576124192	0.00024004428899068516
7.925331392117208e-07	1.5748748941122388	0.0002395877601396258
7.926146102527956e-07	1.5748700301120993	0.00023913118435818758
7.92696089668953e-07	1.5748651656119486	0.00023867456164154577
7.927775774610539e-07	1.5748603006117359	0.00023821789198487579
7.928590736299579e-07	1.5748554351114095	0.00023776117538336074
7.929405781765293e-07	1.574850569110918	0.00023730441183215695
7.930220911016276e-07	1.5748457026102103	0.00023684760132644696
7.931036124061141e-07	1.5748408356092347	0.00023639074386140434
7.931851420908503e-07	1.5748359681079396	0.0002359338394322015
7.932666801566975e-07	1.5748311001062736	0.00023547688803401084
7.933482266045175e-07	1.5748262316041857	0.0002350198896620036
7.934297814351701e-07	1.5748213626016243	0.00023456284431136047
7.935113446495204e-07	1.5748164930985373	0.00023410575197723368
7.935929162484287e-07	1.574811623094874	0.00023364861265480214
7.936744962327566e-07	1.574806752590583	0.00023319142633923654
7.937560846033665e-07	1.5748018815856122	0.00023273419302570508
7.938376813611202e-07	1.5747970100799105	0.0002322769127093772
7.939192865068785e-07	1.5747921380734267	0.00023181958538542947
7.940009000415067e-07	1.5747872655661088	0.00023136221104901234
7.940825219658656e-07	1.5747823925579056	0.0002309047896953012
7.941641522808177e-07	1.5747775190487654	0.0002304473213194631
7.942457909872255e-07	1.574772645038637	0.00022998980591666448
7.943274380859518e-07	1.574767770527469	0.00022953224348207007
7.944090935778573e-07	1.5747628955152093	0.0002290746340108558
7.944907574638085e-07	1.574758020001807	0.00022861697749816684
7.945724297446663e-07	1.57475314398721	0.00022815927393917727
7.946541104212939e-07	1.574748267471367	0.00022770152332905012
7.947357994945543e-07	1.574743390454227	0.00022724372566294943
7.948174969653108e-07	1.574738512935738	0.00022678588093603692
7.948992028344263e-07	1.5747336349158483	0.0002263279891434761
7.949809171027628e-07	1.574728756394507	0.000225870050280437
7.95062639771187e-07	1.5747238773716614	0.0002254120643420624
7.951443708405606e-07	1.574718997847261	0.00022495403132352282
7.952261103117474e-07	1.574714117821254	0.00022449595121997772
7.953078581856109e-07	1.5747092372935887	0.0002240378240265876
7.953896144630134e-07	1.5747043562642138	0.00022357964973852064
7.954713791448219e-07	1.574699474733077	0.00022312142835091733
7.955531522318988e-07	1.5746945927001275	0.00022266315985894466
7.956349337251082e-07	1.5746897101653134	0.00022220484425776078
7.957167236253142e-07	1.5746848271285832	0.00022174648154252272
7.95798521933381e-07	1.5746799435898848	0.00022128807170838742
7.958803286501728e-07	1.5746750595491672	0.00022082961475051123
7.959621437765526e-07	1.5746701750063792	0.00022037111066405894
7.96043967313388e-07	1.574665289961468	0.0002199125594441673
7.96125799261542e-07	1.5746604044143828	0.0002194539610860004
7.962076396218794e-07	1.574655518365072	0.00021899531558471224
7.962894883952646e-07	1.5746506318134832	0.00021853662293545742
7.963713455825628e-07	1.5746457447595656	0.0002180778831333882
7.964532111846372e-07	1.5746408572032675	0.00021761909617366694
7.96535085202356e-07	1.574635969144537	0.00021716026205142796
7.966169676365827e-07	1.5746310805833224	0.0002167013807618319
7.966988584881826e-07	1.5746261915195718	0.0002162424523000297
7.967807577580209e-07	1.5746213019532345	0.00021578347666117252
7.968626654469631e-07	1.5746164118842576	0.00021532445384041013
7.969445815558729e-07	1.5746115213125904	0.00021486538383290248
7.970265060856192e-07	1.5746066302381807	0.00021440626663377928
7.971084390370659e-07	1.5746017386609772	0.0002139471022381999
7.97190380411079e-07	1.5745968465809277	0.00021348789064131116
7.972723302085239e-07	1.5745919539979811	0.00021302863183826244
7.97354288430267e-07	1.5745870609120851	0.00021256932582419934
7.974362550771723e-07	1.5745821673231886	0.00021210997259427886
7.975182301501094e-07	1.5745772732312393	0.0002116505721436283
7.976002136499427e-07	1.5745723786361858	0.0002111911244674035
7.976822055775384e-07	1.5745674835379766	0.00021073162956074953
7.977642059337632e-07	1.5745625879365597	0.00021027208741881032
7.978462147194832e-07	1.574557691831883	0.00020981249803673097
7.979282319355634e-07	1.5745527952238958	0.00020935286140966433
7.980102575828737e-07	1.5745478981125451	0.00020889317753273535
7.980922916622793e-07	1.5745430004977803	0.00020843344640109561
7.981743341746469e-07	1.574538102379549	0.00020797366800988788
7.982563851208433e-07	1.5745332037577995	0.0002075138423542537
7.983384445017357e-07	1.5745283046324803	0.00020705396942933462
7.98420512318191e-07	1.5745234050035393	0.000206594049230271
7.985025885710747e-07	1.574518504870925	0.0002061340817522133
7.985846732612575e-07	1.5745136042345853	0.0002056740669902817
7.986667663896051e-07	1.5745087030944687	0.00020521400493962489
7.987488679569847e-07	1.5745038014505235	0.00020475389559538264
7.98830977964264e-07	1.5744988993026976	0.0002042937389526923
7.989130964123105e-07	1.5744939966509393	0.0002038335350066925
7.989952233019905e-07	1.5744890934951972	0.00020337328375252838
7.990773586341747e-07	1.574484189835419	0.00020291298518532004
7.991595024097296e-07	1.5744792856715526	0.00020245263930021145
7.99241654629523e-07	1.5744743810035469	0.00020199224609234001
7.99323815294423e-07	1.57446947583135	0.00020153180555683957
7.99405984405298e-07	1.5744645701549094	0.0002010713176888451
7.994881619630142e-07	1.574459663974174	0.00020061078248350116
7.995703479684434e-07	1.5744547572890917	0.000200150199935922
7.996525424224523e-07	1.5744498500996107	0.0001996895700412509
7.997347453259096e-07	1.574444942405679	0.00019922889279462002
7.998169566796836e-07	1.5744400342072447	0.00019876816819116194
7.998991764846432e-07	1.5744351255042561	0.0001983073962260087
7.999814047416553e-07	1.5744302162966612	0.00019784657689430072
8.000636414515922e-07	1.5744253065844085	0.00019738571019115042
8.001458866153212e-07	1.5744203963674455	0.000196924796111697
8.002281402337114e-07	1.5744154856457209	0.00019646383465107015
8.003104023076317e-07	1.5744105744191825	0.00019600282580440015
8.003926728379516e-07	1.5744056626877783	0.00019554176956681425
8.004749518255385e-07	1.574400750451457	0.00019508066593345116
8.005572392712652e-07	1.574395837710166	0.00019461951489942023
8.006395351759995e-07	1.5743909244638536	0.0001941583164598572
8.007218395406111e-07	1.574386010712468	0.00019369707060988933
8.008041523659695e-07	1.5743810964559573	0.00019323577734464275
8.008864736529445e-07	1.5743761816942692	0.00019277443665924356
8.00968803402406e-07	1.5743712664273526	0.00019231304854881671
8.010511416152222e-07	1.5743663506551546	0.00019185161300849666
8.011334882922665e-07	1.574361434377624	0.00019139013003338873
8.012158434344072e-07	1.5743565175947083	0.0001909285996186262
8.012982070425146e-07	1.5743516003063558	0.00019046702175933274
8.01380579117459e-07	1.5743466825125145	0.0001900053964506304
8.014629596601093e-07	1.5743417642131328	0.00018954372368765057
8.015453486713389e-07	1.574336845408158	0.00018908200346549753
8.016277461520169e-07	1.5743319260975388	0.00018862023577930083
8.01710152103014e-07	1.5743270062812227	0.00018815842062418193
8.017925665252008e-07	1.5743220859591582	0.000187696557995261
8.018749894194483e-07	1.5743171651312928	0.00018723464788765706
8.019574207866271e-07	1.5743122437975752	0.00018677269029649085
8.02039860627607e-07	1.5743073219579526	0.0001863106852168885
8.02122308943262e-07	1.5743023996123735	0.00018584863264395183
8.022047657344618e-07	1.5742974767607856	0.00018538653257280633
8.022872310020776e-07	1.5742925534031373	0.0001849243849985699
8.023697047469809e-07	1.5742882320629177	0.00018446218991635907
8.024521869700431e-07	1.5742845593690493	0.00018399994732128995
8.02534677672134e-07	1.5742808862976343	0.00018353765720848802
8.026171768541285e-07	1.5742772128486335	0.00018307531957305033
8.026996845168969e-07	1.574273539022009	0.00018261293441010004
8.027822006613108e-07	1.5742698648177211	0.0001821505017147514
8.028647252882422e-07	1.5742661902357313	0.00018168802148211874
8.029472583985629e-07	1.574262515276001	0.00018122549370731562
8.030297999931436e-07	1.5742588399384914	0.00018076291838546284
8.031123500728597e-07	1.574255164223163	0.00018030029551165453
8.031949086385816e-07	1.5742514881299778	0.00017983762508101263
8.032774756911819e-07	1.574247811658896	0.00017937490708864724
8.033600512315328e-07	1.5742441348098797	0.0001789121415296703
8.034426352605071e-07	1.5742404575828894	0.00017844932839919056
8.035252277789772e-07	1.574236779977887	0.00017798646769231891
8.036078287878143e-07	1.5742331019948328	0.00017752355940417306
8.036904382878944e-07	1.5742294236336885	0.00017706060352984355
8.037730562800887e-07	1.5742257448944146	0.0001765976000644482
8.038556827652703e-07	1.5742220657769728	0.00017613454900309414
8.039383177443122e-07	1.5742183862813242	0.00017567145034088906
8.040209612180859e-07	1.5742147064074297	0.00017520830407294908
8.041036131874679e-07	1.5742110261552504	0.00017474511019436112
8.0418627365333e-07	1.5742073455247478	0.00017428186870024057
8.042689426165455e-07	1.5742036645158826	0.0001738185795856929
8.04351620077988e-07	1.5741999831286158	0.00017335524284582213
8.044343060385311e-07	1.574196301362909	0.00017289185847573315
8.045170004990484e-07	1.574192619218723	0.0001724284264705295
8.045997034604121e-07	1.5741889366960187	0.0001719649468253236
8.046824149234994e-07	1.5741852537947578	0.0001715014195351995
8.047651348891826e-07	1.574181570514901	0.00017103784459526847
8.048478633583358e-07	1.5741778868564087	0.0001705742220006323
8.049306003318329e-07	1.5741742028192431	0.00017011055174639283
8.050133458105485e-07	1.5741705184033647	0.0001696468338276494
8.05096099795355e-07	1.574166833608735	0.00016918306823951278
8.051788622871302e-07	1.5741631484353147	0.00016871925497706334
8.052616332867469e-07	1.5741594628830649	0.00016825539403541006
8.053444127950798e-07	1.5741557769519465	0.00016779148540965112
8.054272008130034e-07	1.5741520906419209	0.00016732752909488476
8.055099973413927e-07	1.5741484039529487	0.00016686352508620865
8.055928023811208e-07	1.5741447168849916	0.00016639947337872933
8.056756159330659e-07	1.57414102943801	0.00016593537396752484
8.057584379981015e-07	1.5741373416119655	0.00016547122684770052
8.058412685771026e-07	1.5741336534068184	0.00016500703201435227
8.059241076709445e-07	1.5741299648225306	0.00016454278946257476
8.060069552805025e-07	1.5741262758590626	0.0001640784991874632
8.060898114066504e-07	1.5741225865163753	0.00016361416118412008
8.06172676050267e-07	1.57411889679443	0.00016314977544762158
8.06255549212226e-07	1.5741152066931878	0.00016268534197306955
8.063384308934034e-07	1.5741115162126096	0.00016222086075555627
8.064213210946747e-07	1.574107825352656	0.00016175633179017467
8.06504219816916e-07	1.5741041341132886	0.00016129175507201523
8.065871270610013e-07	1.5741004424944682	0.00016082713059617975
8.066700428278103e-07	1.5740967504961556	0.00016036245835773859
8.06752967118217e-07	1.574093058118312	0.00015989773835179295
8.06835899933098e-07	1.5740893653608983	0.00015943297057343094
8.069188412733295e-07	1.5740856722238756	0.00015896815501774194
8.070017911397878e-07	1.5740819787072047	0.00015850329167981528
8.070847495333495e-07	1.5740782848108466	0.0001580383805547379
8.071677164548893e-07	1.5740745905347622	0.00015757342163760804
8.072506919052875e-07	1.574070895878913	0.0001571084149234925
8.073336758854188e-07	1.5740672008432592	0.0001566433604074889
8.074166683961605e-07	1.574063505427762	0.00015617825808468186
8.074996694383892e-07	1.5740598096323826	0.00015571310795015772
8.07582679012982e-07	1.574056113457082	0.00015524790999900105
8.076656971208144e-07	1.5740524169018209	0.00015478266422630597
8.07748723762767e-07	1.57404871996656	0.00015431737062713747
8.078317589397151e-07	1.5740450226512608	0.00015385202919658965
8.079148026525364e-07	1.5740413249558838	0.00015338663992974408
8.079978549021084e-07	1.5740376268803904	0.0001529212028216836
8.080809156893085e-07	1.5740339284247407	0.00015245571786749043
8.081639850150127e-07	1.5740302295888966	0.00015199018506225568
8.08247062880102e-07	1.5740265303728183	0.00015152460440104136
8.083301492854528e-07	1.5740228307764668	0.00015105897587893745
8.08413244231943e-07	1.5740191307998037	0.00015059329949102315
8.084963477204503e-07	1.5740154304427891	0.0001501275752323795
8.085794597518531e-07	1.5740117297053837	0.00014966180309808398
8.08662580327028e-07	1.5740080285875497	0.00014919598308322474
8.087457094468562e-07	1.5740043270892468	0.00014873011518286202
8.088288471122148e-07	1.574000625210436	0.0001482641993920816
8.089119933239823e-07	1.5739969229510788	0.00014779823570596035
8.089951480830368e-07	1.5739932203111355	0.00014733222411957575
8.090783113902575e-07	1.5739895172905674	0.00014686616462800228
8.091614832465211e-07	1.573985813889335	0.00014640005722632633
8.092446636527099e-07	1.5739821101073994	0.00014593390190960283
8.09327852609701e-07	1.5739784059447213	0.0001454676986729163
8.094110501183737e-07	1.5739747014012617	0.00014500144751134012
8.094942561796069e-07	1.5739709964769812	0.00014453514841994758
8.095774707942798e-07	1.5739672911718412	0.0001440688013938126
8.096606939632717e-07	1.573963585485802	0.00014360240642800667
8.097439256874604e-07	1.573959879418825	0.00014313596351761088
8.098271659677284e-07	1.5739561729708704	0.0001426694726576789
8.099104148049539e-07	1.5739524661418995	0.00014220293384329004
8.099936722000163e-07	1.573948758931873	0.0001417363470695152
8.100769381537956e-07	1.5739450513407514	0.0001412697123314235
8.101602126671714e-07	1.5739413433684961	0.00014080302962408536
8.10243495741022e-07	1.5739376350150676	0.00014033629894257823
8.103267873762308e-07	1.5739339262804266	0.00013986952028195168
8.104100875736761e-07	1.5739302171645344	0.00013940269363728376
8.104933963342382e-07	1.5739265076673512	0.00013893581900364067
8.105767136587974e-07	1.573922797788838	0.00013846889637608977
8.106600395482339e-07	1.573919087528956	0.0001380019257496973
8.107433740034267e-07	1.5739153768876655	0.0001375349071195383
8.108267170252594e-07	1.5739116658649275	0.00013706784048066003
8.109100686146113e-07	1.5739079544607026	0.00013660072582813575
8.109934287723629e-07	1.5739042426749519	0.00013613356315702989
8.11076797499395e-07	1.573900530507636	0.00013566635246240692
8.111601747965887e-07	1.5738968179587156	0.00013519909373932936
8.112435606648231e-07	1.5738931050281517	0.00013473178698286944
8.113269551049829e-07	1.573889391715905	0.00013426443218807075
8.114103581179473e-07	1.5738856780219361	0.00013379702935000483
8.114937697045978e-07	1.5738819639462056	0.00013332957846373195
8.115771898658156e-07	1.5738782494886747	0.00013286207952431414
8.116606186024823e-07	1.5738745346493042	0.00013239453252681047
8.117440559154777e-07	1.5738708194280544	0.00013192693746629072
8.118275018056868e-07	1.5738671038248864	0.00013145929433779494
8.119109562739895e-07	1.5738633878397605	0.00013099160313639172
8.119944193212678e-07	1.5738596714726378	0.00013052386385713837
8.120778909484036e-07	1.5738559547234794	0.0001300560764950933
8.121613711562788e-07	1.573852237592245	0.00012958824104531327
8.122448599457755e-07	1.5738485200788963	0.00012912035750285556
8.123283573177742e-07	1.5738448021833937	0.00012865242586278515
8.124118632731606e-07	1.5738410839056978	0.0001281844461201392
8.124953778128154e-07	1.573837365245769	0.0001277164182699815
8.125789009376209e-07	1.5738336462035687	0.00012724834230736756
8.126624326484596e-07	1.573829926779057	0.00012678021822735172
8.127459729462126e-07	1.573826206972195	0.00012631204602499602
8.12829521831766e-07	1.5738224867829436	0.0001258438256953352
8.129130793060009e-07	1.5738187662112626	0.0001253755572334313
8.129966453698001e-07	1.5738150452571136	0.00012490724063433687
8.130802200240467e-07	1.573811323920457	0.00012443887589310264
8.131638032696237e-07	1.573807602201253	0.00012397046300478004
8.132473951074143e-07	1.5738038800994631	0.00012350200196441975
8.133309955383002e-07	1.573800157615047	0.00012303349276708092
8.13414604563168e-07	1.5737964347479665	0.00012256493540779468
8.134982221828994e-07	1.5737927114981818	0.00012209632988161953
8.135818483983782e-07	1.5737889878656528	0.00012162767618360328
8.136654832104877e-07	1.5737852638503411	0.00012115897430879489
8.137491266201118e-07	1.573781539452207	0.000120690224252241
8.138327786281327e-07	1.5737778146712114	0.00012022142600899829
8.139164392354374e-07	1.5737740895073145	0.00011975257957409498
8.140001084429085e-07	1.573770363960477	0.00011928368494258598
8.140837862514299e-07	1.5737666380306599	0.00011881474210951675
8.141674726618858e-07	1.5737629117178238	0.00011834575106993267
8.142511676751605e-07	1.573759185021929	0.00011787671181887741
8.143348712921367e-07	1.5737554579429367	0.0001174076243514047
8.144185835137021e-07	1.5737517304808064	0.00011693848866253979
8.145023043407397e-07	1.5737480026354997	0.00011646930474733403
8.145860337741342e-07	1.5737442744069772	0.00011600007260082989
8.146697718147699e-07	1.5737405457951987	0.00011553079221807043
8.147535184635321e-07	1.5737368168001256	0.0001150614635940957
8.148372737213053e-07	1.5737330874217184	0.0001145920867239476
8.149210375889731e-07	1.5737293576599374	0.00011412266160267511
8.150048100674239e-07	1.5737256275147433	0.0001136531882252993
8.150885911575411e-07	1.5737218969860969	0.0001131836665868698
8.151723808602099e-07	1.573718166073958	0.00011271409668242485
8.152561791763159e-07	1.5737144347782883	0.0001122444785070028
8.153399861067426e-07	1.5737107030990476	0.00011177481205565084
8.154238016523792e-07	1.5737069710361968	0.00011130509732338712
8.155076258141093e-07	1.5737032385896965	0.00011083533430525881
8.155914585928188e-07	1.573699505759507	0.00011036552299630187
8.156752999893935e-07	1.5736957725455887	0.00010989566339155162
8.157591500047193e-07	1.5736920389479025	0.00010942575548604402
8.158430086396822e-07	1.5736883049664092	0.00010895579927481317
8.159268758951666e-07	1.5736845706010691	0.00010848579475290276
8.16010751772062e-07	1.5736808358518426	0.00010801574191532853
8.16094636271253e-07	1.5736771007186903	0.00010754564075713236
8.161785293936261e-07	1.5736733652015724	0.0001070754912733466
8.162624311400675e-07	1.5736696293004502	0.00010660529345900482
8.163463415114639e-07	1.5736658930152836	0.0001061350473091376
8.164302605087003e-07	1.5736621563460333	0.00010566475281878563
8.165141881326666e-07	1.5736584192926601	0.0001051944099829611
8.165981243842479e-07	1.573654681855124	0.00010472401879670411
8.166820692643315e-07	1.5736509440333857	0.00010425357925504285
8.167660227738039e-07	1.573647205827406	0.00010378309135300794
8.168499849135525e-07	1.573643467237145	0.00010331255508562757
8.169339556844628e-07	1.5736397282625636	0.00010284197044793829
8.170179350874251e-07	1.573635988903622	0.0001023713374349505
8.171019231233255e-07	1.5736322491602805	0.00010190065604169955
8.171859197930513e-07	1.5736285090325	0.00010142992626321245
8.172699250974898e-07	1.5736247685202407	0.00010095914809451566
8.173539390375291e-07	1.5736210276234632	0.00010048832153063383
8.174379616140548e-07	1.5736172863421283	0.00010001744656660229
8.175219928279584e-07	1.5736135446761956	9.954652319742612e-05
8.176060326801259e-07	1.5736098026256262	9.907555141813889e-05
8.176900811714454e-07	1.573606060190381	9.860453122376468e-05
8.17774138302805e-07	1.573602317370419	9.813346260932631e-05
8.178582040750929e-07	1.5735985741657021	9.76623455698455e-05
8.179422784891956e-07	1.5735948305761902	9.719118010035464e-05
8.180263615460049e-07	1.5735910866018439	9.671996619585582e-05
8.181104532464076e-07	1.573587342242623	9.624870385137964e-05
8.181945535912921e-07	1.5735835974984889	9.577739306194659e-05
8.182786625815472e-07	1.5735798523694013	9.530603382257659e-05
8.183627802180615e-07	1.573576106855321	9.483462612828897e-05
8.18446906501724e-07	1.5735723609562082	9.436316997410242e-05
8.185310414334217e-07	1.5735686146720234	9.389166535504522e-05
8.186151850140472e-07	1.5735648680027272	9.342011226611583e-05
8.186993372444877e-07	1.5735611209482796	9.294851070234194e-05
8.187834981256326e-07	1.5735573735086414	9.247686065873929e-05
8.18867667658371e-07	1.573553625683773	9.200516213032541e-05
8.189518458435923e-07	1.5735498774736345	9.153341511211548e-05
8.190360326821843e-07	1.5735461288781867	9.106161959913474e-05
8.1912022817504e-07	1.5735423798973895	9.058977558637816e-05
8.192044323230473e-07	1.5735386305312034	9.011788306887045e-05
8.192886451270958e-07	1.5735348807795893	8.964594204162494e-05
8.193728665880755e-07	1.573531130642507	8.917395249965563e-05
8.194570967068763e-07	1.5735273801199172	8.870191443797412e-05
8.195413354843864e-07	1.5735236292117798	8.82298278516027e-05
8.196255829214994e-07	1.573519877918056	8.775769273553456e-05
8.197098390191038e-07	1.573516126238705	8.728550908478965e-05
8.197941037780899e-07	1.5735123741736883	8.681327689437894e-05
8.198783771993479e-07	1.5735086217229657	8.634099615931346e-05
8.199626592837685e-07	1.5735048688864977	8.586866687460183e-05
8.200469500322404e-07	1.5735011156642447	8.539628903526281e-05
8.201312494456578e-07	1.5734973620561665	8.49238626362866e-05
8.202155575249095e-07	1.5734936080622242	8.445138767269075e-05
8.202998742708865e-07	1.5734898536823776	8.397886413948272e-05
8.203841996844797e-07	1.5734860989165873	8.350629203166997e-05
8.204685337665802e-07	1.5734823437648136	8.303367134425814e-05
8.205528765180772e-07	1.5734785882270166	8.256100207226419e-05
8.206372279398655e-07	1.5734748323031569	8.208828421067362e-05
8.207215880328346e-07	1.5734710759931947	8.161551775450158e-05
8.208059567978759e-07	1.5734673192970905	8.114270269875257e-05
8.208903342358808e-07	1.573463562214804	8.066983903843046e-05
8.20974720347741e-07	1.573459804746296	8.019692676853915e-05
8.21059115134348e-07	1.573456046891527	7.972396588408136e-05
8.21143518596592e-07	1.573452288650457	7.925095638006866e-05
8.212279307353682e-07	1.5734485300230459	7.877789825148478e-05
8.213123515515669e-07	1.5734447710092547	7.830479149334015e-05
8.213967810460799e-07	1.5734410116090434	7.783163610063627e-05
8.214812192197995e-07	1.573437251822372	7.735843206837348e-05
8.215656660736161e-07	1.573433491649201	7.6885179391561e-05
8.216501216084256e-07	1.5734297310894911	7.6411878065179e-05
8.217345858251184e-07	1.5734259701432016	7.593852808423669e-05
8.218190587245872e-07	1.5734222088102938	7.546512944373145e-05
8.219035403077246e-07	1.573418447090727	7.499168213866181e-05
8.219880305754231e-07	1.5734146849844621	7.451818616402515e-05
8.220725295285755e-07	1.5734109224914592	7.404464151481823e-05
8.22157037168073e-07	1.5734071596116785	7.357104818604675e-05
8.222415534948119e-07	1.5734033963450802	7.309740617268784e-05
8.223260785096835e-07	1.5733996326916246	7.262371546974604e-05
8.224106122135811e-07	1.573395868651272	7.21499760722163e-05
8.224951546073978e-07	1.5733921042239825	7.167618797509245e-05
8.225797056920268e-07	1.5733883394097163	7.120235117336887e-05
8.226642654683599e-07	1.5733845742084336	7.072846566204826e-05
8.227488339372941e-07	1.5733808086200947	7.025453143610367e-05
8.228334110997211e-07	1.57337704264466	6.978054849053779e-05
8.229179969565348e-07	1.5733732762820893	6.930651682034146e-05
8.230025915086288e-07	1.5733695095323432	6.883243642050612e-05
8.230871947568968e-07	1.5733657423953815	6.835830728602318e-05
8.231718067022314e-07	1.5733619748711651	6.788412941189119e-05
8.232564273455299e-07	1.5733582069596532	6.740990279308143e-05
8.233410566876846e-07	1.5733544386608067	6.693562742459242e-05
8.2342569472959e-07	1.5733506699745856	6.646130330141264e-05
8.235103414721401e-07	1.5733469009009498	6.598693041853055e-05
8.235949969162296e-07	1.5733431314398598	6.551250877093343e-05
8.236796610627528e-07	1.5733393615912759	6.503803835360853e-05
8.237643339126028e-07	1.5733355913551579	6.456351916155146e-05
8.238490154666774e-07	1.5733318207314664	6.408895118972991e-05
8.2393370572587e-07	1.573328049720161	6.361433443313828e-05
8.240184046910751e-07	1.573324278321202	6.313966888676262e-05
8.241031123631881e-07	1.57332050653455	6.266495454558611e-05
8.241878287431021e-07	1.5733167343601648	6.219019140460252e-05
8.242725538317156e-07	1.5733129617980066	6.171537945877717e-05
8.243572876299222e-07	1.573309188848035	6.12405187031021e-05
8.244420301386173e-07	1.573305415510211	6.076560913255923e-05
8.245267813586962e-07	1.5733016417844945	6.029065074213109e-05
8.246115412910546e-07	1.5732978676708456	5.9815643526798435e-05
8.246963099365879e-07	1.573294093169224	5.93405874815426e-05
8.247810872961902e-07	1.5732903182795903	5.886548260135384e-05
8.248658733707607e-07	1.5732865430019043	5.839032888119212e-05
8.249506681611937e-07	1.5732827673361265	5.79151263160465e-05
8.250354716683849e-07	1.5732789912822165	5.743987490089655e-05
8.251202838932305e-07	1.5732752148401348	5.696457463072005e-05
8.252051048366267e-07	1.5732714380098414	5.6489225500494777e-05
8.252899344994681e-07	1.5732676607912963	5.6013827505206814e-05
8.253747728826542e-07	1.5732638831844599	5.553838063981556e-05
8.2545961998708e-07	1.5732601051892918	5.5062884899305316e-05
8.25544475813642e-07	1.5732563268057522	5.4587340278652096e-05
8.256293403632366e-07	1.573252548033801	5.411174677283189e-05
8.257142136367608e-07	1.5732487688733992	5.3636104376818325e-05
8.257990956351095e-07	1.573244989324506	5.3160413085595724e-05
8.258839863591832e-07	1.5732412093870816	5.268467289411812e-05
8.259688858098769e-07	1.5732374290610864	5.2208883797369225e-05
8.260537939880879e-07	1.5732336483464797	5.1733045790320904e-05
8.261387108947133e-07	1.5732298672432226	5.125715886794499e-05
8.262236365306504e-07	1.573226085751274	5.078122302521394e-05
8.263085708967947e-07	1.5732223038705953	5.030523825710789e-05
8.263935139940474e-07	1.5732185216011452	4.982920455857794e-05
8.26478465823304e-07	1.5732147389428843	4.935312192460423e-05
8.265634263854623e-07	1.5732109558957728	4.8876990350156243e-05
8.266483956814201e-07	1.5732071724597707	4.840080983020227e-05
8.267333737120749e-07	1.5732033886348378	4.792458035971236e-05
8.268183604783233e-07	1.5731996044209344	4.744830193366195e-05
8.269033559810665e-07	1.5731958198180203	4.6971974547000913e-05
8.269883602212008e-07	1.573192034826055	4.649559819470585e-05
8.270733731996246e-07	1.5731882494449998	4.6019172871742076e-05
8.27158394917236e-07	1.5731844636748133	4.554269857307612e-05
8.272434253749336e-07	1.5731806775154564	4.506617529367328e-05
8.273284645736157e-07	1.573176890966889	4.458960302849829e-05
8.274135125141792e-07	1.573173104029071	4.411298177252538e-05
8.274985691975261e-07	1.573169316701962	4.363631152069909e-05
8.275836346245534e-07	1.5731655289855224	4.315959226799247e-05
8.276687087961602e-07	1.573161740879712	4.2682824009367855e-05
8.277537917132452e-07	1.573157952384491	4.2206006739787624e-05
8.278388833767074e-07	1.5731541634998192	4.172914045421411e-05
8.279239837874443e-07	1.5731503742256567	4.125222514761739e-05
8.280090929463585e-07	1.5731465845619632	4.0775260814939655e-05
8.280942108543476e-07	1.5731427945086986	4.029824745114976e-05
8.281793375123109e-07	1.5731390040658233	3.98211850512089e-05
8.282644729211481e-07	1.573135213233297	3.934407361007467e-05
8.283496170817584e-07	1.57313142201108	3.886691312270704e-05
8.284347699950402e-07	1.5731276303991313	3.8389703584072535e-05
8.285199316618964e-07	1.5731238383974118	3.791244498911037e-05
8.286051020832252e-07	1.5731200460058807	3.743513733278703e-05
8.286902812599266e-07	1.5731162532244984	3.6957780610058966e-05
8.287754691929005e-07	1.573112460053225	3.648037481588258e-05
8.288606658830471e-07	1.5731086664920197	3.6002919945213104e-05
8.28945871331265e-07	1.5731048725408434	3.552541599301528e-05
8.290310855384579e-07	1.5731010781996548	3.504786295422415e-05
8.291163085055244e-07	1.5730972834684147	3.457026082380387e-05
8.292015402333651e-07	1.5730934883470828	3.409260959670728e-05
8.292867807228806e-07	1.5730896928356193	3.361490926788725e-05
8.293720299749715e-07	1.5730858969339834	3.313715983229723e-05
8.294572879905369e-07	1.5730821006421352	3.2659361284897805e-05
8.295425547704811e-07	1.5730783039600351	3.218151362062105e-05
8.296278303157034e-07	1.5730745068876426	3.170361683442816e-05
8.297131146271047e-07	1.5730707094249174	3.12256709212696e-05
8.297984077055863e-07	1.5730669115718197	3.074767587609407e-05
8.298837095520495e-07	1.5730631133283093	3.026963169385148e-05
8.299690201673954e-07	1.573059314694346	2.9791538369491135e-05
8.300543395525239e-07	1.5730555156698895	2.9313395897970035e-05
8.301396677083399e-07	1.5730517162548998	2.883520427421731e-05
8.302250046357432e-07	1.5730479164493372	2.8356963493189984e-05
8.303103503356356e-07	1.5730441162531608	2.7878673549834376e-05
8.30395704808919e-07	1.5730403156663308	2.7400334439096234e-05
8.30481068056495e-07	1.5730365146888068	2.6921946155922485e-05
8.305664400792642e-07	1.5730327133205493	2.644350869526658e-05
8.30651820878132e-07	1.5730289115615177	2.596502205205468e-05
8.307372104539987e-07	1.5730251094116714	2.5486486221240238e-05
8.308226088077666e-07	1.573021306870971	2.500790119776722e-05
8.309080159403382e-07	1.573017503939376	2.452926697657839e-05
8.309934318526159e-07	1.5730137006168459	2.4050583552615933e-05
8.310788565455005e-07	1.5730098969033408	2.3571850920832113e-05
8.311642900198979e-07	1.5730060927988208	2.309306907614954e-05
8.312497322767093e-07	1.573002288303245	2.2614238013518095e-05
8.313351833168376e-07	1.572998483416574	2.213535772787818e-05
8.314206431411854e-07	1.572994678138767	2.1656428214170798e-05
8.31506111750656e-07	1.572990872469784	2.117744946733396e-05
8.315915891461507e-07	1.5729870664095849	2.0698421482316985e-05
8.31677075328576e-07	1.5729832599581295	2.0219344254038894e-05
8.317625702988335e-07	1.572979453115377	1.9740217777447813e-05
8.318480740578268e-07	1.5729756458812882	1.9261042047479984e-05
8.31933586606459e-07	1.5729718382558218	1.8781817059073433e-05
8.320191079456339e-07	1.5729680302389382	1.830254280716322e-05
8.321046380762534e-07	1.5729642218305973	1.782321928669568e-05
8.321901769992247e-07	1.5729604130307584	1.7343846492586292e-05
8.3227572471545e-07	1.5729566038393812	1.6864424419779604e-05
8.32361281225833e-07	1.5729527942564259	1.6384953063210092e-05
8.324468465312778e-07	1.5729489842818523	1.590543241781162e-05
8.325324206326886e-07	1.5729451739156193	1.5425862478516878e-05
8.326180035309695e-07	1.5729413631576876	1.4946243240258555e-05
8.327035952270233e-07	1.5729375520080164	1.4466574697978828e-05
8.327891957217576e-07	1.5729337404665655	1.3986856846589615e-05
8.328748050160752e-07	1.572929928533295	1.3507089681032502e-05
8.329604231108809e-07	1.5729261162081642	1.3027273196236618e-05
8.330460500070791e-07	1.572922303491133	1.2547407387133465e-05
8.331316857055729e-07	1.5729184903821611	1.2067492248661657e-05
8.332173302072708e-07	1.572914676881208	1.158752777573074e-05
8.333029835130759e-07	1.5729108629882336	1.1107513963278741e-05
8.333886456238931e-07	1.5729070487031978	1.062745080623479e-05
8.334743165406277e-07	1.5729032340260596	1.0147338299525044e-05
8.33559996264185e-07	1.5728994189567795	9.667176438076845e-06
8.336456847954703e-07	1.5728956034953168	9.186965216816358e-06
8.337313821353872e-07	1.5728917876416313	8.706704630679826e-06
8.338170882848447e-07	1.5728879713956827	8.226394674572643e-06
8.339028032447466e-07	1.5728841547574302	7.746035343429868e-06
8.339885270159987e-07	1.5728803377268343	7.265626632175879e-06
8.340742595995068e-07	1.5728765203038542	6.785168535733868e-06
8.341600009961769e-07	1.5728727024884492	6.30466104902703e-06
8.342457512069129e-07	1.5728688842805796	5.824104166988643e-06
8.343315102326246e-07	1.572865065680205	5.343497884521132e-06
8.344172780742164e-07	1.5728612466872844	4.862842196555997e-06
8.345030547325945e-07	1.5728574273017781	4.382137098014057e-06
8.345888402086653e-07	1.5728536075236457	3.901382583816724e-06
8.346746345033352e-07	1.5728497873528464	3.4205786488836307e-06
8.34760437617509e-07	1.5728459667893409	2.9397252881439022e-06
8.348462495520969e-07	1.5728421458330872	2.4588224964975916e-06
8.349320703080037e-07	1.572838324484046	1.97787026887323e-06
8.350178998861364e-07	1.5728345027421768	1.4968686001886707e-06
8.351037382874018e-07	1.5728306806074392	1.015817485361172e-06
8.35189585512707e-07	1.5728268580797926	5.347169193079928e-07
8.35275441562959e-07	1.5728230351591967	5.356689694579889e-08
8.353613064390632e-07	1.5728192118456112	5.548616364097444e-07
8.354471801419306e-07	1.5728153881389957	1.1792915519246839e-06
8.355330626724666e-07	1.5728115640393099	1.8037856577594086e-06
8.356189540315788e-07	1.572807739546513	2.4283439605119547e-06
8.357048542201746e-07	1.572803914660565	3.0529664667811265e-06
8.357907632391601e-07	1.5728000893814253	3.677653183155722e-06
8.358766810894466e-07	1.5727962637090531	4.3024041162614916e-06
8.359626077719399e-07	1.5727924376434088	4.927219272685694e-06
8.360485432875481e-07	1.5727886111844516	5.552098659031752e-06
8.361344876371792e-07	1.5727847843321405	6.177042281901552e-06
8.362204408217415e-07	1.572780957086436	6.802050147899288e-06
8.363064028421429e-07	1.5727771294472972	7.427122263628387e-06
8.363923736992902e-07	1.5727733014146836	8.052258635681492e-06
8.364783533940953e-07	1.5727694729885549	8.677459270689747e-06
8.365643419274648e-07	1.5727656441688707	9.302724175245024e-06
8.366503393003073e-07	1.5727618149555904	9.928053355955373e-06
8.367363455135316e-07	1.5727579853486733	1.0553446819428064e-05
8.368223605680464e-07	1.5727541553480795	1.1178904572271144e-05
8.369083844647589e-07	1.572750324953768	1.1804426621081106e-05
8.369944172045814e-07	1.5727464941656988	1.2430012972491404e-05
8.370804587884214e-07	1.572742662983831	1.3055663633101612e-05
8.371665092171879e-07	1.5727388314081243	1.3681378609521311e-05
8.372525684917902e-07	1.5727349994385385	1.4307157908362402e-05
8.373386366131377e-07	1.5727311670750326	1.493300153623754e-05
8.37424713582138e-07	1.5727273343175665	1.5558909499746304e-05
8.375107993997042e-07	1.5727235011660992	1.6184881805528305e-05
8.37596894066744e-07	1.5727196676205908	1.681091846018389e-05
8.376829975841672e-07	1.5727158336810003	1.7437019470328798e-05
8.377691099528837e-07	1.5727119993472878	1.8063184842579546e-05
8.378552311738033e-07	1.572708164619412	1.86894145835511e-05
8.379413612478343e-07	1.572704329497333	1.9315708699848437e-05
8.380275001758902e-07	1.5727004939810103	1.9942067198114233e-05
8.381136479588794e-07	1.5726966580704027	2.0568490084954234e-05
8.381998045977124e-07	1.57269282176547	2.1194977366988026e-05
8.382859700932993e-07	1.5726889850661723	2.1821529050834432e-05
8.383721444465507e-07	1.5726851479724684	2.2448145143114588e-05
8.384583276583754e-07	1.5726813104843176	2.307482565043654e-05
8.385445197296876e-07	1.5726774726016797	2.370157057944759e-05
8.38630720661396e-07	1.5726736343245142	2.4328379936756554e-05
8.387169304544118e-07	1.5726697956527804	2.4955253728988416e-05
8.388031491096458e-07	1.5726659565864378	2.558219196276585e-05
8.388893766280089e-07	1.5726621171254456	2.6209194644713063e-05
8.389756130104123e-07	1.5726582772697635	2.6836261781455808e-05
8.390618582577655e-07	1.572654437019351	2.7463393379606753e-05
8.391481123709833e-07	1.5726505963741673	2.8090589445817826e-05
8.392343753509752e-07	1.5726467553341716	2.8717849986704e-05
8.393206471986529e-07	1.5726429138993243	2.9345175008893327e-05
8.394069279149279e-07	1.5726390720695833	2.9972564519013885e-05
8.394932175007118e-07	1.5726352298449093	3.0600018523694485e-05
8.395795159569147e-07	1.572631387225261	3.12275370295532e-05
8.39665823284452e-07	1.5726275442105984	3.18551200432458e-05
8.397521394842338e-07	1.57262370080088	3.248276757139111e-05
8.398384645571722e-07	1.572619856996066	3.3110479620620265e-05
8.399247985041794e-07	1.5726160127961155	3.3738256197566716e-05
8.400111413261675e-07	1.572612168200988	3.436609730886315e-05
8.400974930240472e-07	1.5726083232106427	3.499400296113147e-05
8.401838535987344e-07	1.5726044778250388	3.5621973161032075e-05
8.402702230511398e-07	1.572600632044136	3.6250007915186085e-05
8.403566013821762e-07	1.5725967858678933	3.687810723023158e-05
8.404429885927562e-07	1.5725929392962708	3.7506271112804315e-05
8.405293846837926e-07	1.572582699944522	3.8134499569541596e-05
8.406157896561965e-07	1.5725517570513894	3.876279260706918e-05
8.407022035108843e-07	1.57252081097738	3.939115023205053e-05
8.407886262487675e-07	1.5724898617221679	4.0019572451112945e-05
8.408750578707594e-07	1.5724589092854253	4.064805927089758e-05
8.40961498377773e-07	1.5724279536668255	4.1276610698043265e-05
8.410479477707218e-07	1.5723969948660417	4.190522673919346e-05
8.411344060505174e-07	1.5723660328827471	4.253390740097624e-05
8.41220873218077e-07	1.5723350677166135	4.316265269006046e-05
8.413073492743124e-07	1.5723040993673139	4.379146261307726e-05
8.413938342201375e-07	1.5722731278345212	4.4420337176670866e-05
8.414803280564659e-07	1.5722421531179087	4.5049276387485525e-05
8.415668307842116e-07	1.5722111752171486	4.567828025216699e-05
8.416533424042887e-07	1.5721801941319138	4.6307348777362584e-05
8.417398629176095e-07	1.5721492098618772	4.693648196970574e-05
8.418263923250917e-07	1.5721182224067105	4.756567983586919e-05
8.41912930627648e-07	1.5720872317660866	4.8194942382489454e-05
8.419994778261926e-07	1.5720562379396785	4.8824269616215386e-05
8.420860339216401e-07	1.5720252409271585	4.94536615436966e-05
8.421725989149033e-07	1.5719942407281993	5.0083118171570404e-05
8.422591728069005e-07	1.5719632373424728	5.071263950651413e-05
8.423457555985445e-07	1.5719322307696517	5.1342225555165844e-05
8.424323472907503e-07	1.571901221009408	5.197187632417825e-05
8.425189478844329e-07	1.5718702080614146	5.260159182020558e-05
8.426055573805072e-07	1.5718391919253436	5.3231372049899765e-05
8.426921757798886e-07	1.571808172600867	5.3861217019917355e-05
8.427788030834904e-07	1.5717771500876583	5.449112673689951e-05
8.428654392922315e-07	1.5717461243853879	5.5121101207527395e-05
8.429520844070255e-07	1.571715095493729	5.575114043844602e-05
8.430387384287881e-07	1.5716840634123532	5.638124443631192e-05
8.431254013584347e-07	1.5716530281409327	5.701141320778244e-05
8.432120731968813e-07	1.5716219896791404	5.764164675951717e-05
8.432987539450417e-07	1.571590948026648	5.8271945098162686e-05
8.433854436038354e-07	1.5715599031831262	5.890230823040323e-05
8.434721421741767e-07	1.5715288551482487	5.953273616288843e-05
8.435588496569815e-07	1.571497803921686	6.0163228902277924e-05
8.436455660531662e-07	1.5714667495031112	6.079378645523515e-05
8.43732291363647e-07	1.5714356918921957	6.14244088284221e-05
8.438190255893386e-07	1.5714046310886118	6.205509602848988e-05
8.439057687311608e-07	1.5713735670920301	6.26858480621274e-05
8.439925207900285e-07	1.5713424999021233	6.331666493598736e-05
8.440792817668585e-07	1.5713114295185626	6.394754665673553e-05
8.441660516625674e-07	1.5712803559410202	6.457849323103696e-05
8.44252830478072e-07	1.5712492791691677	6.520950466555894e-05
8.443396182142892e-07	1.5712181992026766	6.584058096696882e-05
8.444264148721346e-07	1.5711871160412187	6.647172214192314e-05
8.445132204525284e-07	1.5711560296844653	6.710292819711462e-05
8.446000349563864e-07	1.5711249401320877	6.773419913920137e-05
8.446868583846258e-07	1.5710938473837577	6.836553497485302e-05
8.44773690738164e-07	1.5710627514391466	6.899693571074073e-05
8.448605320179168e-07	1.5710316522979269	6.962840135352338e-05
8.449473822248053e-07	1.5710005499597683	7.025993190989908e-05
8.450342413597453e-07	1.570969444424343	7.089152738652746e-05
8.451211094236548e-07	1.5709383356913222	7.152318779008277e-05
8.452079864174515e-07	1.570907223760377	7.215491312723851e-05
8.452948723420535e-07	1.5708761086311793	7.278670340467047e-05
8.45381767198379e-07	1.5708449903033999	7.34185586290552e-05
8.45468670987344e-07	1.5708138687767104	7.405047880705466e-05
8.455555837098706e-07	1.570782744050781	7.468246394537233e-05
8.456425053668753e-07	1.5707516161252837	7.531451405067326e-05
8.457294359592766e-07	1.5707204849998888	7.594662912963631e-05
8.45816375487993e-07	1.5706893506742685	7.65788091889396e-05
8.459033239539431e-07	1.5706582131480924	7.721105423526427e-05
8.45990281358044e-07	1.5706270724210336	7.78433642752777e-05
8.460772477012179e-07	1.5705959284927606	7.84757393156857e-05
8.461642229843821e-07	1.5705647813629457	7.910817936315865e-05
8.462512072084554e-07	1.5705336310312594	7.974068442437852e-05
8.463382003743571e-07	1.570502477497373	8.037325450602881e-05
8.464252024830065e-07	1.5704713207609569	8.100588961479378e-05
8.465122135353208e-07	1.5704401608216823	8.16385897573446e-05
8.465992335322232e-07	1.5704089976792193	8.227135494039326e-05
8.466862624746313e-07	1.5703778313332388	8.290418517061169e-05
8.467733003634647e-07	1.5703466617834114	8.353708045468726e-05
8.468603471996432e-07	1.5703154890294084	8.417004079930805e-05
8.469474029840864e-07	1.5702843130708999	8.480306621116144e-05
8.470344677177142e-07	1.5702531339075563	8.54361566969363e-05
8.471215414014448e-07	1.5702219515390494	8.606931226330918e-05
8.472086240362019e-07	1.5701907659650478	8.670253291699669e-05
8.472957156229038e-07	1.5701595771852233	8.733581866467617e-05
8.473828161624707e-07	1.5701283851992458	8.79691695130388e-05
8.47469925655823e-07	1.570097190006786	8.860258546877734e-05
8.475570441038794e-07	1.5700659916075146	8.923606653857218e-05
8.476441715075638e-07	1.5700347900011011	8.986961272914225e-05
8.477313078677952e-07	1.5700035851872163	9.05032240471687e-05
8.478184531854944e-07	1.56997237716553	9.113690049934737e-05
8.479056074615819e-07	1.5699411659357132	9.177064209237253e-05
8.479927706969789e-07	1.5699099514974355	9.240444883294231e-05
8.480799428926063e-07	1.5698787338503672	9.30383207277525e-05
8.481671240493835e-07	1.5698475129941796	9.367225778348815e-05
8.482543141682351e-07	1.5698162889285412	9.430626000687434e-05
8.483415132500807e-07	1.5697850616531224	9.494032740459607e-05
8.484287212958416e-07	1.5697538311675936	9.557445998335379e-05
8.485159383064394e-07	1.5697225974716245	9.620865774984795e-05
8.486031642827956e-07	1.5696913605648855	9.684292071077973e-05
8.4869039922583e-07	1.5696601204470468	9.747724887283802e-05
8.487776431364682e-07	1.5696288771177773	9.811164224275173e-05
8.488648960156298e-07	1.5695976305767474	9.874610082720976e-05
8.489521578642373e-07	1.5695663808236269	9.938062463291793e-05
8.490394286832124e-07	1.5695351278580858	0.00010001521366657973
8.491267084734772e-07	1.5695038716797933	0.00010064986793490022
8.492139972359524e-07	1.5694726122884204	0.00010128458744457371
8.493012949715636e-07	1.5694413496836352	0.00010191937220233137
8.493886016812318e-07	1.569410083865108	0.00010255422221486906
8.494759173658791e-07	1.569378814832509	0.00010318913748889335
8.495632420264284e-07	1.5693475425855068	0.0001038241180311139
8.496505756638024e-07	1.5693162671237717	0.00010445916384824039
8.49737918278922e-07	1.5692849884469737	0.00010509427494696941
8.498252698727138e-07	1.5692537065547807	0.00010572945133403834
8.499126304460988e-07	1.5692224214468637	0.00010636469301614455
8.500000000000002e-07	1.5691911331228907	0.00010700000000000154
