variables=E1,E2,Eabs
zone i= 101 j= 101
  0.00000000E+00  0.00000000E+00  0.00000000E+00
  0.00000000E+00  0.20000000E-01  0.10882842E-02
  0.00000000E+00  0.39999999E-01  0.20719186E-02
  0.00000000E+00  0.59999999E-01  0.29544639E-02
  0.00000000E+00  0.79999998E-01  0.37400746E-02
  0.00000000E+00  0.99999998E-01  0.44334824E-02
  0.00000000E+00  0.12000000E+00  0.50399807E-02
  0.00000000E+00  0.14000000E+00  0.55654123E-02
  0.00000000E+00  0.16000000E+00  0.60161639E-02
  0.00000000E+00  0.18000000E+00  0.63991684E-02
  0.00000000E+00  0.20000000E+00  0.67219208E-02
  0.00000000E+00  0.22000000E+00  0.69925118E-02
  0.00000000E+00  0.23999999E+00  0.72196863E-02
  0.00000000E+00  0.25999999E+00  0.74129391E-02
  0.00000000E+00  0.27999999E+00  0.75826631E-02
  0.00000000E+00  0.29999999E+00  0.77403821E-02
  0.00000000E+00  0.31999999E+00  0.78991215E-02
  0.00000000E+00  0.33999999E+00  0.80740282E-02
  0.00000000E+00  0.35999999E+00  0.82834923E-02
  0.00000000E+00  0.37999999E+00  0.85514587E-02
  0.00000000E+00  0.39999999E+00  0.89134464E-02
  0.00000000E+00  0.41999999E+00  0.94457724E-02
  0.00000000E+00  0.43999999E+00  0.10245359E-01
  0.00000000E+00  0.45999999E+00  0.11070819E-01
  0.00000000E+00  0.47999999E+00  0.11915882E-01
  0.00000000E+00  0.49999999E+00  0.12779128E-01
  0.00000000E+00  0.51999999E+00  0.13659159E-01
  0.00000000E+00  0.53999999E+00  0.14554597E-01
  0.00000000E+00  0.55999999E+00  0.15464089E-01
  0.00000000E+00  0.57999999E+00  0.16386306E-01
  0.00000000E+00  0.59999999E+00  0.17319953E-01
  0.00000000E+00  0.61999999E+00  0.18263762E-01
  0.00000000E+00  0.63999999E+00  0.19216500E-01
  0.00000000E+00  0.65999999E+00  0.20176971E-01
  0.00000000E+00  0.67999998E+00  0.21144017E-01
  0.00000000E+00  0.69999998E+00  0.22116519E-01
  0.00000000E+00  0.71999998E+00  0.23093402E-01
  0.00000000E+00  0.73999998E+00  0.24073634E-01
  0.00000000E+00  0.75999998E+00  0.25056227E-01
  0.00000000E+00  0.77999998E+00  0.26040244E-01
  0.00000000E+00  0.79999998E+00  0.27024792E-01
  0.00000000E+00  0.81999998E+00  0.28009030E-01
  0.00000000E+00  0.83999998E+00  0.28992167E-01
  0.00000000E+00  0.85999998E+00  0.29973462E-01
  0.00000000E+00  0.87999998E+00  0.30952228E-01
  0.00000000E+00  0.89999998E+00  0.31927827E-01
  0.00000000E+00  0.91999998E+00  0.32899678E-01
  0.00000000E+00  0.93999998E+00  0.33867248E-01
  0.00000000E+00  0.95999998E+00  0.34830059E-01
  0.00000000E+00  0.97999998E+00  0.35787685E-01
  0.00000000E+00  0.99999998E+00  0.36739753E-01
  0.00000000E+00  0.10200000E+01  0.37685938E-01
  0.00000000E+00  0.10400000E+01  0.38625970E-01
  0.00000000E+00  0.10600000E+01  0.39559626E-01
  0.00000000E+00  0.10800000E+01  0.40486734E-01
  0.00000000E+00  0.11000000E+01  0.41407170E-01
  0.00000000E+00  0.11200000E+01  0.42320856E-01
  0.00000000E+00  0.11400000E+01  0.43227762E-01
  0.00000000E+00  0.11600000E+01  0.44127902E-01
  0.00000000E+00  0.11800000E+01  0.45021334E-01
  0.00000000E+00  0.12000000E+01  0.45908158E-01
  0.00000000E+00  0.12200000E+01  0.46788518E-01
  0.00000000E+00  0.12400000E+01  0.47662594E-01
  0.00000000E+00  0.12600000E+01  0.48530607E-01
  0.00000000E+00  0.12800000E+01  0.49392816E-01
  0.00000000E+00  0.13000000E+01  0.50249516E-01
  0.00000000E+00  0.13200000E+01  0.51101035E-01
  0.00000000E+00  0.13400000E+01  0.51947737E-01
  0.00000000E+00  0.13600000E+01  0.52790017E-01
  0.00000000E+00  0.13800000E+01  0.53628303E-01
  0.00000000E+00  0.14000000E+01  0.54463051E-01
  0.00000000E+00  0.14200000E+01  0.55294747E-01
  0.00000000E+00  0.14400000E+01  0.56123905E-01
  0.00000000E+00  0.14600000E+01  0.56951065E-01
  0.00000000E+00  0.14800000E+01  0.57776793E-01
  0.00000000E+00  0.15000000E+01  0.58601679E-01
  0.00000000E+00  0.15200000E+01  0.59426339E-01
  0.00000000E+00  0.15400000E+01  0.60251409E-01
  0.00000000E+00  0.15600000E+01  0.61077546E-01
  0.00000000E+00  0.15800000E+01  0.61905430E-01
  0.00000000E+00  0.16000000E+01  0.62735759E-01
  0.00000000E+00  0.16200000E+01  0.63569248E-01
  0.00000000E+00  0.16400000E+01  0.64406632E-01
  0.00000000E+00  0.16600000E+01  0.65248660E-01
  0.00000000E+00  0.16800000E+01  0.66096097E-01
  0.00000000E+00  0.17000000E+01  0.66949720E-01
  0.00000000E+00  0.17200000E+01  0.67810320E-01
  0.00000000E+00  0.17400000E+01  0.68678697E-01
  0.00000000E+00  0.17600000E+01  0.69555662E-01
  0.00000000E+00  0.17800000E+01  0.70442032E-01
  0.00000000E+00  0.18000000E+01  0.71338629E-01
  0.00000000E+00  0.18200000E+01  0.72246280E-01
  0.00000000E+00  0.18400000E+01  0.73165811E-01
  0.00000000E+00  0.18600000E+01  0.74098048E-01
  0.00000000E+00  0.18800000E+01  0.75043813E-01
  0.00000000E+00  0.19000000E+01  0.76003918E-01
  0.00000000E+00  0.19200000E+01  0.76979167E-01
  0.00000000E+00  0.19400000E+01  0.77970347E-01
  0.00000000E+00  0.19600000E+01  0.78978229E-01
  0.00000000E+00  0.19800000E+01  0.80003557E-01
  0.00000000E+00  0.20000000E+01  0.81047048E-01
  0.20000000E-01  0.00000000E+00  0.90350909E-05
  0.20000000E-01  0.20000000E-01  0.10605022E-02
  0.20000000E-01  0.39999999E-01  0.20176679E-02
  0.20000000E-01  0.59999999E-01  0.28840141E-02
  0.20000000E-01  0.79999998E-01  0.36635168E-02
  0.20000000E-01  0.99999998E-01  0.43606415E-02
  0.20000000E-01  0.12000000E+00  0.49803413E-02
  0.20000000E-01  0.14000000E+00  0.55280616E-02
  0.20000000E-01  0.16000000E+00  0.60097513E-02
  0.20000000E-01  0.18000000E+00  0.64318867E-02
  0.20000000E-01  0.20000000E+00  0.68015098E-02
  0.20000000E-01  0.22000000E+00  0.71262884E-02
  0.20000000E-01  0.23999999E+00  0.74146079E-02
  0.20000000E-01  0.25999999E+00  0.76757090E-02
  0.20000000E-01  0.27999999E+00  0.79198987E-02
  0.20000000E-01  0.29999999E+00  0.81588814E-02
  0.20000000E-01  0.31999999E+00  0.84063065E-02
  0.20000000E-01  0.33999999E+00  0.86787496E-02
  0.20000000E-01  0.35999999E+00  0.89977084E-02
  0.20000000E-01  0.37999999E+00  0.93946911E-02
  0.20000000E-01  0.39999999E+00  0.99337859E-02
  0.20000000E-01  0.41999999E+00  0.10717752E-01
  0.20000000E-01  0.43999999E+00  0.11529345E-01
  0.20000000E-01  0.45999999E+00  0.12358278E-01
  0.20000000E-01  0.47999999E+00  0.13203335E-01
  0.20000000E-01  0.49999999E+00  0.14063324E-01
  0.20000000E-01  0.51999999E+00  0.14937079E-01
  0.20000000E-01  0.53999999E+00  0.15823459E-01
  0.20000000E-01  0.55999999E+00  0.16721349E-01
  0.20000000E-01  0.57999999E+00  0.17629667E-01
  0.20000000E-01  0.59999999E+00  0.18547360E-01
  0.20000000E-01  0.61999999E+00  0.19473407E-01
  0.20000000E-01  0.63999999E+00  0.20406821E-01
  0.20000000E-01  0.65999999E+00  0.21346650E-01
  0.20000000E-01  0.67999998E+00  0.22291979E-01
  0.20000000E-01  0.69999998E+00  0.23241928E-01
  0.20000000E-01  0.71999998E+00  0.24195658E-01
  0.20000000E-01  0.73999998E+00  0.25152367E-01
  0.20000000E-01  0.75999998E+00  0.26111293E-01
  0.20000000E-01  0.77999998E+00  0.27071717E-01
  0.20000000E-01  0.79999998E+00  0.28032957E-01
  0.20000000E-01  0.81999998E+00  0.28994377E-01
  0.20000000E-01  0.83999998E+00  0.29955378E-01
  0.20000000E-01  0.85999998E+00  0.30915407E-01
  0.20000000E-01  0.87999998E+00  0.31873949E-01
  0.20000000E-01  0.89999998E+00  0.32830531E-01
  0.20000000E-01  0.91999998E+00  0.33784723E-01
  0.20000000E-01  0.93999998E+00  0.34736131E-01
  0.20000000E-01  0.95999998E+00  0.35684404E-01
  0.20000000E-01  0.97999998E+00  0.36629228E-01
  0.20000000E-01  0.99999998E+00  0.37570324E-01
  0.20000000E-01  0.10200000E+01  0.38507452E-01
  0.20000000E-01  0.10400000E+01  0.39440401E-01
  0.20000000E-01  0.10600000E+01  0.40368997E-01
  0.20000000E-01  0.10800000E+01  0.41293092E-01
  0.20000000E-01  0.11000000E+01  0.42212566E-01
  0.20000000E-01  0.11200000E+01  0.43127324E-01
  0.20000000E-01  0.11400000E+01  0.44037289E-01
  0.20000000E-01  0.11600000E+01  0.44942403E-01
  0.20000000E-01  0.11800000E+01  0.45842622E-01
  0.20000000E-01  0.12000000E+01  0.46737908E-01
  0.20000000E-01  0.12200000E+01  0.47628224E-01
  0.20000000E-01  0.12400000E+01  0.48513531E-01
  0.20000000E-01  0.12600000E+01  0.49393776E-01
  0.20000000E-01  0.12800000E+01  0.50268882E-01
  0.20000000E-01  0.13000000E+01  0.51138742E-01
  0.20000000E-01  0.13200000E+01  0.52003200E-01
  0.20000000E-01  0.13400000E+01  0.52862032E-01
  0.20000000E-01  0.13600000E+01  0.53714930E-01
  0.20000000E-01  0.13800000E+01  0.54561466E-01
  0.20000000E-01  0.14000000E+01  0.55401056E-01
  0.20000000E-01  0.14200000E+01  0.56232904E-01
  0.20000000E-01  0.14400000E+01  0.57055928E-01
  0.20000000E-01  0.14600000E+01  0.57868640E-01
  0.20000000E-01  0.14800000E+01  0.58668969E-01
  0.20000000E-01  0.15000000E+01  0.59453965E-01
  0.20000000E-01  0.15200000E+01  0.60219259E-01
  0.20000000E-01  0.15400000E+01  0.60957994E-01
  0.20000000E-01  0.15600000E+01  0.61658336E-01
  0.20000000E-01  0.15800000E+01  0.62296058E-01
  0.20000000E-01  0.16000000E+01  0.62798134E-01
  0.20000000E-01  0.16200000E+01  0.63013916E-01
  0.20000000E-01  0.16400000E+01  0.63881123E-01
  0.20000000E-01  0.16600000E+01  0.64751791E-01
  0.20000000E-01  0.16800000E+01  0.65626565E-01
  0.20000000E-01  0.17000000E+01  0.66506103E-01
  0.20000000E-01  0.17200000E+01  0.67391078E-01
  0.20000000E-01  0.17400000E+01  0.68282173E-01
  0.20000000E-01  0.17600000E+01  0.69180082E-01
  0.20000000E-01  0.17800000E+01  0.70085507E-01
  0.20000000E-01  0.18000000E+01  0.70999155E-01
  0.20000000E-01  0.18200000E+01  0.71921740E-01
  0.20000000E-01  0.18400000E+01  0.72853975E-01
  0.20000000E-01  0.18600000E+01  0.73796576E-01
  0.20000000E-01  0.18800000E+01  0.74750252E-01
  0.20000000E-01  0.19000000E+01  0.75715709E-01
  0.20000000E-01  0.19200000E+01  0.76693641E-01
  0.20000000E-01  0.19400000E+01  0.77684732E-01
  0.20000000E-01  0.19600000E+01  0.78689646E-01
  0.20000000E-01  0.19800000E+01  0.79709027E-01
  0.20000000E-01  0.20000000E+01  0.80743493E-01
  0.39999999E-01  0.00000000E+00  0.36195847E-04
  0.39999999E-01  0.20000000E-01  0.10595384E-02
  0.39999999E-01  0.39999999E-01  0.19984578E-02
  0.39999999E-01  0.59999999E-01  0.28562332E-02
  0.39999999E-01  0.79999998E-01  0.36365542E-02
  0.39999999E-01  0.99999998E-01  0.43435274E-02
  0.39999999E-01  0.12000000E+00  0.49816883E-02
  0.39999999E-01  0.14000000E+00  0.55560206E-02
  0.39999999E-01  0.16000000E+00  0.60719846E-02
  0.39999999E-01  0.18000000E+00  0.65355585E-02
  0.39999999E-01  0.20000000E+00  0.69532973E-02
  0.39999999E-01  0.22000000E+00  0.73324178E-02
  0.39999999E-01  0.23999999E+00  0.76809212E-02
  0.39999999E-01  0.25999999E+00  0.80077747E-02
  0.39999999E-01  0.27999999E+00  0.83231903E-02
  0.39999999E-01  0.29999999E+00  0.86390745E-02
  0.39999999E-01  0.31999999E+00  0.89698114E-02
  0.39999999E-01  0.33999999E+00  0.93337916E-02
  0.39999999E-01  0.35999999E+00  0.97569999E-02
  0.39999999E-01  0.37999999E+00  0.10282495E-01
  0.39999999E-01  0.39999999E+00  0.11045300E-01
  0.39999999E-01  0.41999999E+00  0.11846106E-01
  0.39999999E-01  0.43999999E+00  0.12662030E-01
  0.39999999E-01  0.45999999E+00  0.13492040E-01
  0.39999999E-01  0.47999999E+00  0.14335130E-01
  0.39999999E-01  0.49999999E+00  0.15190324E-01
  0.39999999E-01  0.51999999E+00  0.16056671E-01
  0.39999999E-01  0.53999999E+00  0.16933254E-01
  0.39999999E-01  0.55999999E+00  0.17819181E-01
  0.39999999E-01  0.57999999E+00  0.18713595E-01
  0.39999999E-01  0.59999999E+00  0.19615668E-01
  0.39999999E-01  0.61999999E+00  0.20524605E-01
  0.39999999E-01  0.63999999E+00  0.21439644E-01
  0.39999999E-01  0.65999999E+00  0.22360055E-01
  0.39999999E-01  0.67999998E+00  0.23285144E-01
  0.39999999E-01  0.69999998E+00  0.24214249E-01
  0.39999999E-01  0.71999998E+00  0.25146744E-01
  0.39999999E-01  0.73999998E+00  0.26082038E-01
  0.39999999E-01  0.75999998E+00  0.27019574E-01
  0.39999999E-01  0.77999998E+00  0.27958829E-01
  0.39999999E-01  0.79999998E+00  0.28899317E-01
  0.39999999E-01  0.81999998E+00  0.29840584E-01
  0.39999999E-01  0.83999998E+00  0.30782212E-01
  0.39999999E-01  0.85999998E+00  0.31723813E-01
  0.39999999E-01  0.87999998E+00  0.32665034E-01
  0.39999999E-01  0.89999998E+00  0.33605554E-01
  0.39999999E-01  0.91999998E+00  0.34545078E-01
  0.39999999E-01  0.93999998E+00  0.35483344E-01
  0.39999999E-01  0.95999998E+00  0.36420115E-01
  0.39999999E-01  0.97999998E+00  0.37355177E-01
  0.39999999E-01  0.99999998E+00  0.38288342E-01
  0.39999999E-01  0.10200000E+01  0.39219439E-01
  0.39999999E-01  0.10400000E+01  0.40148315E-01
  0.39999999E-01  0.10600000E+01  0.41074831E-01
  0.39999999E-01  0.10800000E+01  0.41998857E-01
  0.39999999E-01  0.11000000E+01  0.42920265E-01
  0.39999999E-01  0.11200000E+01  0.43838932E-01
  0.39999999E-01  0.11400000E+01  0.44754723E-01
  0.39999999E-01  0.11600000E+01  0.45667494E-01
  0.39999999E-01  0.11800000E+01  0.46577075E-01
  0.39999999E-01  0.12000000E+01  0.47483268E-01
  0.39999999E-01  0.12200000E+01  0.48385831E-01
  0.39999999E-01  0.12400000E+01  0.49284466E-01
  0.39999999E-01  0.12600000E+01  0.50178801E-01
  0.39999999E-01  0.12800000E+01  0.51068371E-01
  0.39999999E-01  0.13000000E+01  0.51952594E-01
  0.39999999E-01  0.13200000E+01  0.52830737E-01
  0.39999999E-01  0.13400000E+01  0.53701877E-01
  0.39999999E-01  0.13600000E+01  0.54564846E-01
  0.39999999E-01  0.13800000E+01  0.55418162E-01
  0.39999999E-01  0.14000000E+01  0.56259929E-01
  0.39999999E-01  0.14200000E+01  0.57087693E-01
  0.39999999E-01  0.14400000E+01  0.57898235E-01
  0.39999999E-01  0.14600000E+01  0.58687242E-01
  0.39999999E-01  0.14800000E+01  0.59448759E-01
  0.39999999E-01  0.15000000E+01  0.60174209E-01
  0.39999999E-01  0.15200000E+01  0.60850434E-01
  0.39999999E-01  0.15400000E+01  0.61455137E-01
  0.39999999E-01  0.15600000E+01  0.61943334E-01
  0.39999999E-01  0.15800000E+01  0.62180841E-01
  0.39999999E-01  0.16000000E+01  0.61891171E-01
  0.39999999E-01  0.16200000E+01  0.62785456E-01
  0.39999999E-01  0.16400000E+01  0.63681523E-01
  0.39999999E-01  0.16600000E+01  0.64579880E-01
  0.39999999E-01  0.16800000E+01  0.65481049E-01
  0.39999999E-01  0.17000000E+01  0.66385568E-01
  0.39999999E-01  0.17200000E+01  0.67293989E-01
  0.39999999E-01  0.17400000E+01  0.68206875E-01
  0.39999999E-01  0.17600000E+01  0.69124800E-01
  0.39999999E-01  0.17800000E+01  0.70048347E-01
  0.39999999E-01  0.18000000E+01  0.70978104E-01
  0.39999999E-01  0.18200000E+01  0.71914666E-01
  0.39999999E-01  0.18400000E+01  0.72858630E-01
  0.39999999E-01  0.18600000E+01  0.73810595E-01
  0.39999999E-01  0.18800000E+01  0.74771155E-01
  0.39999999E-01  0.19000000E+01  0.75740900E-01
  0.39999999E-01  0.19200000E+01  0.76720414E-01
  0.39999999E-01  0.19400000E+01  0.77710266E-01
  0.39999999E-01  0.19600000E+01  0.78711012E-01
  0.39999999E-01  0.19800000E+01  0.79723187E-01
  0.39999999E-01  0.20000000E+01  0.80747305E-01
  0.59999999E-01  0.00000000E+00  0.81807153E-04
  0.59999999E-01  0.20000000E-01  0.10854459E-02
  0.59999999E-01  0.39999999E-01  0.20139604E-02
  0.59999999E-01  0.59999999E-01  0.28703133E-02
  0.59999999E-01  0.79999998E-01  0.36578068E-02
  0.59999999E-01  0.99999998E-01  0.43801006E-02
  0.59999999E-01  0.12000000E+00  0.50412359E-02
  0.59999999E-01  0.14000000E+00  0.56456664E-02
  0.59999999E-01  0.16000000E+00  0.61983007E-02
  0.59999999E-01  0.18000000E+00  0.67045572E-02
  0.59999999E-01  0.20000000E+00  0.71704396E-02
  0.59999999E-01  0.22000000E+00  0.76026394E-02
  0.59999999E-01  0.23999999E+00  0.80086827E-02
  0.59999999E-01  0.25999999E+00  0.83971444E-02
  0.59999999E-01  0.27999999E+00  0.87779787E-02
  0.59999999E-01  0.29999999E+00  0.91630557E-02
  0.59999999E-01  0.31999999E+00  0.95670939E-02
  0.59999999E-01  0.33999999E+00  0.10009268E-01
  0.59999999E-01  0.35999999E+00  0.10504157E-01
  0.59999999E-01  0.37999999E+00  0.11241333E-01
  0.59999999E-01  0.39999999E+00  0.12034174E-01
  0.59999999E-01  0.41999999E+00  0.12839949E-01
  0.59999999E-01  0.43999999E+00  0.13657795E-01
  0.59999999E-01  0.45999999E+00  0.14486876E-01
  0.59999999E-01  0.47999999E+00  0.15326387E-01
  0.59999999E-01  0.49999999E+00  0.16175555E-01
  0.59999999E-01  0.51999999E+00  0.17033636E-01
  0.59999999E-01  0.53999999E+00  0.17899917E-01
  0.59999999E-01  0.55999999E+00  0.18773717E-01
  0.59999999E-01  0.57999999E+00  0.19654384E-01
  0.59999999E-01  0.59999999E+00  0.20541300E-01
  0.59999999E-01  0.61999999E+00  0.21433877E-01
  0.59999999E-01  0.63999999E+00  0.22331558E-01
  0.59999999E-01  0.65999999E+00  0.23233819E-01
  0.59999999E-01  0.67999998E+00  0.24140165E-01
  0.59999999E-01  0.69999998E+00  0.25050135E-01
  0.59999999E-01  0.71999998E+00  0.25963297E-01
  0.59999999E-01  0.73999998E+00  0.26879252E-01
  0.59999999E-01  0.75999998E+00  0.27797629E-01
  0.59999999E-01  0.77999998E+00  0.28718088E-01
  0.59999999E-01  0.79999998E+00  0.29640318E-01
  0.59999999E-01  0.81999998E+00  0.30564035E-01
  0.59999999E-01  0.83999998E+00  0.31488983E-01
  0.59999999E-01  0.85999998E+00  0.32414930E-01
  0.59999999E-01  0.87999998E+00  0.33341670E-01
  0.59999999E-01  0.89999998E+00  0.34269018E-01
  0.59999999E-01  0.91999998E+00  0.35196809E-01
  0.59999999E-01  0.93999998E+00  0.36124896E-01
  0.59999999E-01  0.95999998E+00  0.37053147E-01
  0.59999999E-01  0.97999998E+00  0.37981442E-01
  0.59999999E-01  0.99999998E+00  0.38909669E-01
  0.59999999E-01  0.10200000E+01  0.39837722E-01
  0.59999999E-01  0.10400000E+01  0.40765491E-01
  0.59999999E-01  0.10600000E+01  0.41692864E-01
  0.59999999E-01  0.10800000E+01  0.42619715E-01
  0.59999999E-01  0.11000000E+01  0.43545901E-01
  0.59999999E-01  0.11200000E+01  0.44471251E-01
  0.59999999E-01  0.11400000E+01  0.45395557E-01
  0.59999999E-01  0.11600000E+01  0.46318567E-01
  0.59999999E-01  0.11800000E+01  0.47239964E-01
  0.59999999E-01  0.12000000E+01  0.48159360E-01
  0.59999999E-01  0.12200000E+01  0.49076268E-01
  0.59999999E-01  0.12400000E+01  0.49990088E-01
  0.59999999E-01  0.12600000E+01  0.50900074E-01
  0.59999999E-01  0.12800000E+01  0.51805300E-01
  0.59999999E-01  0.13000000E+01  0.52704620E-01
  0.59999999E-01  0.13200000E+01  0.53596608E-01
  0.59999999E-01  0.13400000E+01  0.54479488E-01
  0.59999999E-01  0.13600000E+01  0.55351034E-01
  0.59999999E-01  0.13800000E+01  0.56208433E-01
  0.59999999E-01  0.14000000E+01  0.57048094E-01
  0.59999999E-01  0.14200000E+01  0.57865353E-01
  0.59999999E-01  0.14400000E+01  0.58654029E-01
  0.59999999E-01  0.14600000E+01  0.59405664E-01
  0.59999999E-01  0.14800000E+01  0.60108186E-01
  0.59999999E-01  0.15000000E+01  0.60743216E-01
  0.59999999E-01  0.15200000E+01  0.61279818E-01
  0.59999999E-01  0.15400000E+01  0.61655946E-01
  0.59999999E-01  0.15600000E+01  0.61687401E-01
  0.59999999E-01  0.15800000E+01  0.60994496E-01
  0.59999999E-01  0.16000000E+01  0.61917224E-01
  0.59999999E-01  0.16200000E+01  0.62840322E-01
  0.59999999E-01  0.16400000E+01  0.63764158E-01
  0.59999999E-01  0.16600000E+01  0.64689114E-01
  0.59999999E-01  0.16800000E+01  0.65615592E-01
  0.59999999E-01  0.17000000E+01  0.66544007E-01
  0.59999999E-01  0.17200000E+01  0.67474786E-01
  0.59999999E-01  0.17400000E+01  0.68408371E-01
  0.59999999E-01  0.17600000E+01  0.69345211E-01
  0.59999999E-01  0.17800000E+01  0.70285768E-01
  0.59999999E-01  0.18000000E+01  0.71230507E-01
  0.59999999E-01  0.18200000E+01  0.72179901E-01
  0.59999999E-01  0.18400000E+01  0.73134425E-01
  0.59999999E-01  0.18600000E+01  0.74094556E-01
  0.59999999E-01  0.18800000E+01  0.75060768E-01
  0.59999999E-01  0.19000000E+01  0.76033533E-01
  0.59999999E-01  0.19200000E+01  0.77013312E-01
  0.59999999E-01  0.19400000E+01  0.78000561E-01
  0.59999999E-01  0.19600000E+01  0.78995719E-01
  0.59999999E-01  0.19800000E+01  0.79999208E-01
  0.59999999E-01  0.20000000E+01  0.81011429E-01
  0.79999998E-01  0.00000000E+00  0.14646300E-03
  0.79999998E-01  0.20000000E-01  0.11384506E-02
  0.79999998E-01  0.39999999E-01  0.20639227E-02
  0.79999998E-01  0.59999999E-01  0.29254178E-02
  0.79999998E-01  0.79999998E-01  0.37257542E-02
  0.79999998E-01  0.99999998E-01  0.44680558E-02
  0.79999998E-01  0.12000000E+00  0.51557851E-02
  0.79999998E-01  0.14000000E+00  0.57927831E-02
  0.79999998E-01  0.16000000E+00  0.63833185E-02
  0.79999998E-01  0.18000000E+00  0.69321502E-02
  0.79999998E-01  0.20000000E+00  0.74446066E-02
  0.79999998E-01  0.22000000E+00  0.79266913E-02
  0.79999998E-01  0.23999999E+00  0.83852234E-02
  0.79999998E-01  0.25999999E+00  0.88280297E-02
  0.79999998E-01  0.27999999E+00  0.92641957E-02
  0.79999998E-01  0.29999999E+00  0.97042942E-02
  0.79999998E-01  0.31999999E+00  0.10159613E-01
  0.79999998E-01  0.33999999E+00  0.10610088E-01
  0.79999998E-01  0.35999999E+00  0.11318213E-01
  0.79999998E-01  0.37999999E+00  0.12105691E-01
  0.79999998E-01  0.39999999E+00  0.12903958E-01
  0.79999998E-01  0.41999999E+00  0.13712305E-01
  0.79999998E-01  0.43999999E+00  0.14530050E-01
  0.79999998E-01  0.45999999E+00  0.15356550E-01
  0.79999998E-01  0.47999999E+00  0.16191189E-01
  0.79999998E-01  0.49999999E+00  0.17033385E-01
  0.79999998E-01  0.51999999E+00  0.17882588E-01
  0.79999998E-01  0.53999999E+00  0.18738278E-01
  0.79999998E-01  0.55999999E+00  0.19599967E-01
  0.79999998E-01  0.57999999E+00  0.20467196E-01
  0.79999998E-01  0.59999999E+00  0.21339540E-01
  0.79999998E-01  0.61999999E+00  0.22216600E-01
  0.79999998E-01  0.63999999E+00  0.23098009E-01
  0.79999998E-01  0.65999999E+00  0.23983431E-01
  0.79999998E-01  0.67999998E+00  0.24872557E-01
  0.79999998E-01  0.69999998E+00  0.25765106E-01
  0.79999998E-01  0.71999998E+00  0.26660828E-01
  0.79999998E-01  0.73999998E+00  0.27559496E-01
  0.79999998E-01  0.75999998E+00  0.28460913E-01
  0.79999998E-01  0.77999998E+00  0.29364905E-01
  0.79999998E-01  0.79999998E+00  0.30271321E-01
  0.79999998E-01  0.81999998E+00  0.31180035E-01
  0.79999998E-01  0.83999998E+00  0.32090939E-01
  0.79999998E-01  0.85999998E+00  0.33003945E-01
  0.79999998E-01  0.87999998E+00  0.33918981E-01
  0.79999998E-01  0.89999998E+00  0.34835987E-01
  0.79999998E-01  0.91999998E+00  0.35754916E-01
  0.79999998E-01  0.93999998E+00  0.36675727E-01
  0.79999998E-01  0.95999998E+00  0.37598383E-01
  0.79999998E-01  0.97999998E+00  0.38522845E-01
  0.79999998E-01  0.99999998E+00  0.39449069E-01
  0.79999998E-01  0.10200000E+01  0.40376999E-01
  0.79999998E-01  0.10400000E+01  0.41306561E-01
  0.79999998E-01  0.10600000E+01  0.42237655E-01
  0.79999998E-01  0.10800000E+01  0.43170148E-01
  0.79999998E-01  0.11000000E+01  0.44103862E-01
  0.79999998E-01  0.11200000E+01  0.45038563E-01
  0.79999998E-01  0.11400000E+01  0.45973950E-01
  0.79999998E-01  0.11600000E+01  0.46909634E-01
  0.79999998E-01  0.11800000E+01  0.47845124E-01
  0.79999998E-01  0.12000000E+01  0.48779801E-01
  0.79999998E-01  0.12200000E+01  0.49712893E-01
  0.79999998E-01  0.12400000E+01  0.50643440E-01
  0.79999998E-01  0.12600000E+01  0.51570249E-01
  0.79999998E-01  0.12800000E+01  0.52491846E-01
  0.79999998E-01  0.13000000E+01  0.53406404E-01
  0.79999998E-01  0.13200000E+01  0.54311656E-01
  0.79999998E-01  0.13400000E+01  0.55204769E-01
  0.79999998E-01  0.13600000E+01  0.56082186E-01
  0.79999998E-01  0.13800000E+01  0.56939379E-01
  0.79999998E-01  0.14000000E+01  0.57770503E-01
  0.79999998E-01  0.14200000E+01  0.58567836E-01
  0.79999998E-01  0.14400000E+01  0.59320874E-01
  0.79999998E-01  0.14600000E+01  0.60014680E-01
  0.79999998E-01  0.14800000E+01  0.60626611E-01
  0.79999998E-01  0.15000000E+01  0.61118714E-01
  0.79999998E-01  0.15200000E+01  0.61415150E-01
  0.79999998E-01  0.15400000E+01  0.61291541E-01
  0.79999998E-01  0.15600000E+01  0.60285008E-01
  0.79999998E-01  0.15800000E+01  0.61237064E-01
  0.79999998E-01  0.16000000E+01  0.62188335E-01
  0.79999998E-01  0.16200000E+01  0.63139050E-01
  0.79999998E-01  0.16400000E+01  0.64089453E-01
  0.79999998E-01  0.16600000E+01  0.65039806E-01
  0.79999998E-01  0.16800000E+01  0.65990384E-01
  0.79999998E-01  0.17000000E+01  0.66941479E-01
  0.79999998E-01  0.17200000E+01  0.67893393E-01
  0.79999998E-01  0.17400000E+01  0.68846441E-01
  0.79999998E-01  0.17600000E+01  0.69800949E-01
  0.79999998E-01  0.17800000E+01  0.70757251E-01
  0.79999998E-01  0.18000000E+01  0.71715686E-01
  0.79999998E-01  0.18200000E+01  0.72676602E-01
  0.79999998E-01  0.18400000E+01  0.73640347E-01
  0.79999998E-01  0.18600000E+01  0.74607272E-01
  0.79999998E-01  0.18800000E+01  0.75577727E-01
  0.79999998E-01  0.19000000E+01  0.76552057E-01
  0.79999998E-01  0.19200000E+01  0.77530603E-01
  0.79999998E-01  0.19400000E+01  0.78513695E-01
  0.79999998E-01  0.19600000E+01  0.79501651E-01
  0.79999998E-01  0.19800000E+01  0.80494776E-01
  0.79999998E-01  0.20000000E+01  0.81493351E-01
  0.99999998E-01  0.00000000E+00  0.23094869E-03
  0.99999998E-01  0.20000000E-01  0.12188616E-02
  0.99999998E-01  0.39999999E-01  0.21480619E-02
  0.99999998E-01  0.59999999E-01  0.30205598E-02
  0.99999998E-01  0.79999998E-01  0.38385898E-02
  0.99999998E-01  0.99999998E-01  0.46046422E-02
  0.99999998E-01  0.12000000E+00  0.53214991E-02
  0.99999998E-01  0.14000000E+00  0.59922756E-02
  0.99999998E-01  0.16000000E+00  0.66204662E-02
  0.99999998E-01  0.18000000E+00  0.72099982E-02
  0.99999998E-01  0.20000000E+00  0.77652899E-02
  0.99999998E-01  0.22000000E+00  0.82913104E-02
  0.99999998E-01  0.23999999E+00  0.87936181E-02
  0.99999998E-01  0.25999999E+00  0.92782920E-02
  0.99999998E-01  0.27999999E+00  0.97513720E-02
  0.99999998E-01  0.29999999E+00  0.10215388E-01
  0.99999998E-01  0.31999999E+00  0.10610669E-01
  0.99999998E-01  0.33999999E+00  0.11287335E-01
  0.99999998E-01  0.35999999E+00  0.12071877E-01
  0.99999998E-01  0.37999999E+00  0.12865096E-01
  0.99999998E-01  0.39999999E+00  0.13666425E-01
  0.99999998E-01  0.41999999E+00  0.14475328E-01
  0.99999998E-01  0.43999999E+00  0.15291307E-01
  0.99999998E-01  0.45999999E+00  0.16113894E-01
  0.99999998E-01  0.47999999E+00  0.16942657E-01
  0.99999998E-01  0.49999999E+00  0.17777193E-01
  0.99999998E-01  0.51999999E+00  0.18617134E-01
  0.99999998E-01  0.53999999E+00  0.19462140E-01
  0.99999998E-01  0.55999999E+00  0.20311902E-01
  0.99999998E-01  0.57999999E+00  0.21166141E-01
  0.99999998E-01  0.59999999E+00  0.22024609E-01
  0.99999998E-01  0.61999999E+00  0.22887085E-01
  0.99999998E-01  0.63999999E+00  0.23753375E-01
  0.99999998E-01  0.65999999E+00  0.24623317E-01
  0.99999998E-01  0.67999998E+00  0.25496771E-01
  0.99999998E-01  0.69999998E+00  0.26373625E-01
  0.99999998E-01  0.71999998E+00  0.27253793E-01
  0.99999998E-01  0.73999998E+00  0.28137211E-01
  0.99999998E-01  0.75999998E+00  0.29023838E-01
  0.99999998E-01  0.77999998E+00  0.29913653E-01
  0.99999998E-01  0.79999998E+00  0.30806657E-01
  0.99999998E-01  0.81999998E+00  0.31702865E-01
  0.99999998E-01  0.83999998E+00  0.32602307E-01
  0.99999998E-01  0.85999998E+00  0.33505025E-01
  0.99999998E-01  0.87999998E+00  0.34411071E-01
  0.99999998E-01  0.89999998E+00  0.35320502E-01
  0.99999998E-01  0.91999998E+00  0.36233374E-01
  0.99999998E-01  0.93999998E+00  0.37149743E-01
  0.99999998E-01  0.95999998E+00  0.38069656E-01
  0.99999998E-01  0.97999998E+00  0.38993144E-01
  0.99999998E-01  0.99999998E+00  0.39920219E-01
  0.99999998E-01  0.10200000E+01  0.40850864E-01
  0.99999998E-01  0.10400000E+01  0.41785027E-01
  0.99999998E-01  0.10600000E+01  0.42722606E-01
  0.99999998E-01  0.10800000E+01  0.43663444E-01
  0.99999998E-01  0.11000000E+01  0.44607309E-01
  0.99999998E-01  0.11200000E+01  0.45553884E-01
  0.99999998E-01  0.11400000E+01  0.46502744E-01
  0.99999998E-01  0.11600000E+01  0.47453340E-01
  0.99999998E-01  0.11800000E+01  0.48404964E-01
  0.99999998E-01  0.12000000E+01  0.49356726E-01
  0.99999998E-01  0.12200000E+01  0.50307509E-01
  0.99999998E-01  0.12400000E+01  0.51255923E-01
  0.99999998E-01  0.12600000E+01  0.52200243E-01
  0.99999998E-01  0.12800000E+01  0.53138332E-01
  0.99999998E-01  0.13000000E+01  0.54067534E-01
  0.99999998E-01  0.13200000E+01  0.54984538E-01
  0.99999998E-01  0.13400000E+01  0.55885189E-01
  0.99999998E-01  0.13600000E+01  0.56764211E-01
  0.99999998E-01  0.13800000E+01  0.57614803E-01
  0.99999998E-01  0.14000000E+01  0.58428009E-01
  0.99999998E-01  0.14200000E+01  0.59191670E-01
  0.99999998E-01  0.14400000E+01  0.59888550E-01
  0.99999998E-01  0.14600000E+01  0.60492595E-01
  0.99999998E-01  0.14800000E+01  0.60960262E-01
  0.99999998E-01  0.15000000E+01  0.61204805E-01
  0.99999998E-01  0.15200000E+01  0.60970322E-01
  0.99999998E-01  0.15400000E+01  0.59728369E-01
  0.99999998E-01  0.15600000E+01  0.60710202E-01
  0.99999998E-01  0.15800000E+01  0.61690346E-01
  0.99999998E-01  0.16000000E+01  0.62668891E-01
  0.99999998E-01  0.16200000E+01  0.63645943E-01
  0.99999998E-01  0.16400000E+01  0.64621624E-01
  0.99999998E-01  0.16600000E+01  0.65596072E-01
  0.99999998E-01  0.16800000E+01  0.66569439E-01
  0.99999998E-01  0.17000000E+01  0.67541889E-01
  0.99999998E-01  0.17200000E+01  0.68513599E-01
  0.99999998E-01  0.17400000E+01  0.69484756E-01
  0.99999998E-01  0.17600000E+01  0.70455557E-01
  0.99999998E-01  0.17800000E+01  0.71426206E-01
  0.99999998E-01  0.18000000E+01  0.72396916E-01
  0.99999998E-01  0.18200000E+01  0.73367901E-01
  0.99999998E-01  0.18400000E+01  0.74339381E-01
  0.99999998E-01  0.18600000E+01  0.75311577E-01
  0.99999998E-01  0.18800000E+01  0.76284709E-01
  0.99999998E-01  0.19000000E+01  0.77258993E-01
  0.99999998E-01  0.19200000E+01  0.78234640E-01
  0.99999998E-01  0.19400000E+01  0.79211854E-01
  0.99999998E-01  0.19600000E+01  0.80190827E-01
  0.99999998E-01  0.19800000E+01  0.81171737E-01
  0.99999998E-01  0.20000000E+01  0.82154746E-01
  0.12000000E+00  0.00000000E+00  0.33614760E-03
  0.12000000E+00  0.20000000E-01  0.13269637E-02
  0.12000000E+00  0.39999999E-01  0.22659408E-02
  0.12000000E+00  0.59999999E-01  0.31544520E-02
  0.12000000E+00  0.79999998E-01  0.39940373E-02
  0.12000000E+00  0.99999998E-01  0.47864346E-02
  0.12000000E+00  0.12000000E+00  0.55336090E-02
  0.12000000E+00  0.14000000E+00  0.62377824E-02
  0.12000000E+00  0.16000000E+00  0.69014562E-02
  0.12000000E+00  0.18000000E+00  0.75274193E-02
  0.12000000E+00  0.20000000E+00  0.81187197E-02
  0.12000000E+00  0.22000000E+00  0.86785374E-02
  0.12000000E+00  0.23999999E+00  0.92097715E-02
  0.12000000E+00  0.25999999E+00  0.97136244E-02
  0.12000000E+00  0.27999999E+00  0.10183187E-01
  0.12000000E+00  0.29999999E+00  0.10515361E-01
  0.12000000E+00  0.31999999E+00  0.11159143E-01
  0.12000000E+00  0.33999999E+00  0.11943035E-01
  0.12000000E+00  0.35999999E+00  0.12733522E-01
  0.12000000E+00  0.37999999E+00  0.13530167E-01
  0.12000000E+00  0.39999999E+00  0.14332571E-01
  0.12000000E+00  0.41999999E+00  0.15140370E-01
  0.12000000E+00  0.43999999E+00  0.15953237E-01
  0.12000000E+00  0.45999999E+00  0.16770875E-01
  0.12000000E+00  0.47999999E+00  0.17593021E-01
  0.12000000E+00  0.49999999E+00  0.18419446E-01
  0.12000000E+00  0.51999999E+00  0.19249947E-01
  0.12000000E+00  0.53999999E+00  0.20084355E-01
  0.12000000E+00  0.55999999E+00  0.20922528E-01
  0.12000000E+00  0.57999999E+00  0.21764354E-01
  0.12000000E+00  0.59999999E+00  0.22609749E-01
  0.12000000E+00  0.61999999E+00  0.23458655E-01
  0.12000000E+00  0.63999999E+00  0.24311042E-01
  0.12000000E+00  0.65999999E+00  0.25166905E-01
  0.12000000E+00  0.67999998E+00  0.26026262E-01
  0.12000000E+00  0.69999998E+00  0.26889159E-01
  0.12000000E+00  0.71999998E+00  0.27755658E-01
  0.12000000E+00  0.73999998E+00  0.28625847E-01
  0.12000000E+00  0.75999998E+00  0.29499829E-01
  0.12000000E+00  0.77999998E+00  0.30377727E-01
  0.12000000E+00  0.79999998E+00  0.31259676E-01
  0.12000000E+00  0.81999998E+00  0.32145825E-01
  0.12000000E+00  0.83999998E+00  0.33036330E-01
  0.12000000E+00  0.85999998E+00  0.33931354E-01
  0.12000000E+00  0.87999998E+00  0.34831060E-01
  0.12000000E+00  0.89999998E+00  0.35735610E-01
  0.12000000E+00  0.91999998E+00  0.36645156E-01
  0.12000000E+00  0.93999998E+00  0.37559837E-01
  0.12000000E+00  0.95999998E+00  0.38479773E-01
  0.12000000E+00  0.97999998E+00  0.39405055E-01
  0.12000000E+00  0.99999998E+00  0.40335737E-01
  0.12000000E+00  0.10200000E+01  0.41271828E-01
  0.12000000E+00  0.10400000E+01  0.42213281E-01
  0.12000000E+00  0.10600000E+01  0.43159978E-01
  0.12000000E+00  0.10800000E+01  0.44111716E-01
  0.12000000E+00  0.11000000E+01  0.45068190E-01
  0.12000000E+00  0.11200000E+01  0.46028971E-01
  0.12000000E+00  0.11400000E+01  0.46993484E-01
  0.12000000E+00  0.11600000E+01  0.47960977E-01
  0.12000000E+00  0.11800000E+01  0.48930485E-01
  0.12000000E+00  0.12000000E+01  0.49900790E-01
  0.12000000E+00  0.12200000E+01  0.50870362E-01
  0.12000000E+00  0.12400000E+01  0.51837296E-01
  0.12000000E+00  0.12600000E+01  0.52799221E-01
  0.12000000E+00  0.12800000E+01  0.53753191E-01
  0.12000000E+00  0.13000000E+01  0.54695527E-01
  0.12000000E+00  0.13200000E+01  0.55621611E-01
  0.12000000E+00  0.13400000E+01  0.56525579E-01
  0.12000000E+00  0.13600000E+01  0.57399886E-01
  0.12000000E+00  0.13800000E+01  0.58234603E-01
  0.12000000E+00  0.14000000E+01  0.59016273E-01
  0.12000000E+00  0.14200000E+01  0.59725859E-01
  0.12000000E+00  0.14400000E+01  0.60334647E-01
  0.12000000E+00  0.14600000E+01  0.60794767E-01
  0.12000000E+00  0.14800000E+01  0.61011099E-01
  0.12000000E+00  0.15000000E+01  0.60703806E-01
  0.12000000E+00  0.15200000E+01  0.59294354E-01
  0.12000000E+00  0.15400000E+01  0.60306028E-01
  0.12000000E+00  0.15600000E+01  0.61315344E-01
  0.12000000E+00  0.15800000E+01  0.62322259E-01
  0.12000000E+00  0.16000000E+01  0.63326743E-01
  0.12000000E+00  0.16200000E+01  0.64328783E-01
  0.12000000E+00  0.16400000E+01  0.65328377E-01
  0.12000000E+00  0.16600000E+01  0.66325541E-01
  0.12000000E+00  0.16800000E+01  0.67320299E-01
  0.12000000E+00  0.17000000E+01  0.68312689E-01
  0.12000000E+00  0.17200000E+01  0.69302759E-01
  0.12000000E+00  0.17400000E+01  0.70290567E-01
  0.12000000E+00  0.17600000E+01  0.71276179E-01
  0.12000000E+00  0.17800000E+01  0.72259666E-01
  0.12000000E+00  0.18000000E+01  0.73241109E-01
  0.12000000E+00  0.18200000E+01  0.74220589E-01
  0.12000000E+00  0.18400000E+01  0.75198193E-01
  0.12000000E+00  0.18600000E+01  0.76174006E-01
  0.12000000E+00  0.18800000E+01  0.77148115E-01
  0.12000000E+00  0.19000000E+01  0.78120602E-01
  0.12000000E+00  0.19200000E+01  0.79091545E-01
  0.12000000E+00  0.19400000E+01  0.80061015E-01
  0.12000000E+00  0.19600000E+01  0.81029074E-01
  0.12000000E+00  0.19800000E+01  0.81995771E-01
  0.12000000E+00  0.20000000E+01  0.82961140E-01
  0.14000000E+00  0.00000000E+00  0.46292964E-03
  0.14000000E+00  0.20000000E-01  0.14628885E-02
  0.14000000E+00  0.39999999E-01  0.24168135E-02
  0.14000000E+00  0.59999999E-01  0.33253186E-02
  0.14000000E+00  0.79999998E-01  0.41891154E-02
  0.14000000E+00  0.99999998E-01  0.50090303E-02
  0.14000000E+00  0.12000000E+00  0.57860133E-02
  0.14000000E+00  0.14000000E+00  0.65211285E-02
  0.14000000E+00  0.16000000E+00  0.72155079E-02
  0.14000000E+00  0.18000000E+00  0.78702293E-02
  0.14000000E+00  0.20000000E+00  0.84860149E-02
  0.14000000E+00  0.22000000E+00  0.90624553E-02
  0.14000000E+00  0.23999999E+00  0.95956902E-02
  0.14000000E+00  0.25999999E+00  0.10068873E-01
  0.14000000E+00  0.27999999E+00  0.10332729E-01
  0.14000000E+00  0.29999999E+00  0.10943146E-01
  0.14000000E+00  0.31999999E+00  0.11728570E-01
  0.14000000E+00  0.33999999E+00  0.12518526E-01
  0.14000000E+00  0.35999999E+00  0.13312703E-01
  0.14000000E+00  0.37999999E+00  0.14110830E-01
  0.14000000E+00  0.39999999E+00  0.14912672E-01
  0.14000000E+00  0.41999999E+00  0.15718027E-01
  0.14000000E+00  0.43999999E+00  0.16526732E-01
  0.14000000E+00  0.45999999E+00  0.17338650E-01
  0.14000000E+00  0.47999999E+00  0.18153682E-01
  0.14000000E+00  0.49999999E+00  0.18971756E-01
  0.14000000E+00  0.51999999E+00  0.19792829E-01
  0.14000000E+00  0.53999999E+00  0.20616890E-01
  0.14000000E+00  0.55999999E+00  0.21443952E-01
  0.14000000E+00  0.57999999E+00  0.22274060E-01
  0.14000000E+00  0.59999999E+00  0.23107280E-01
  0.14000000E+00  0.61999999E+00  0.23943709E-01
  0.14000000E+00  0.63999999E+00  0.24783466E-01
  0.14000000E+00  0.65999999E+00  0.25626693E-01
  0.14000000E+00  0.67999998E+00  0.26473556E-01
  0.14000000E+00  0.69999998E+00  0.27324241E-01
  0.14000000E+00  0.71999998E+00  0.28178955E-01
  0.14000000E+00  0.73999998E+00  0.29037922E-01
  0.14000000E+00  0.75999998E+00  0.29901380E-01
  0.14000000E+00  0.77999998E+00  0.30769582E-01
  0.14000000E+00  0.79999998E+00  0.31642792E-01
  0.14000000E+00  0.81999998E+00  0.32521277E-01
  0.14000000E+00  0.83999998E+00  0.33405312E-01
  0.14000000E+00  0.85999998E+00  0.34295168E-01
  0.14000000E+00  0.87999998E+00  0.35191111E-01
  0.14000000E+00  0.89999998E+00  0.36093396E-01
  0.14000000E+00  0.91999998E+00  0.37002260E-01
  0.14000000E+00  0.93999998E+00  0.37917914E-01
  0.14000000E+00  0.95999998E+00  0.38840539E-01
  0.14000000E+00  0.97999998E+00  0.39770271E-01
  0.14000000E+00  0.99999998E+00  0.40707195E-01
  0.14000000E+00  0.10200000E+01  0.41651331E-01
  0.14000000E+00  0.10400000E+01  0.42602619E-01
  0.14000000E+00  0.10600000E+01  0.43560904E-01
  0.14000000E+00  0.10800000E+01  0.44525917E-01
  0.14000000E+00  0.11000000E+01  0.45497253E-01
  0.14000000E+00  0.11200000E+01  0.46474343E-01
  0.14000000E+00  0.11400000E+01  0.47456422E-01
  0.14000000E+00  0.11600000E+01  0.48442494E-01
  0.14000000E+00  0.11800000E+01  0.49431283E-01
  0.14000000E+00  0.12000000E+01  0.50421174E-01
  0.14000000E+00  0.12200000E+01  0.51410141E-01
  0.14000000E+00  0.12400000E+01  0.52395654E-01
  0.14000000E+00  0.12600000E+01  0.53374557E-01
  0.14000000E+00  0.12800000E+01  0.54342903E-01
  0.14000000E+00  0.13000000E+01  0.55295729E-01
  0.14000000E+00  0.13200000E+01  0.56226734E-01
  0.14000000E+00  0.13400000E+01  0.57127806E-01
  0.14000000E+00  0.13600000E+01  0.57988281E-01
  0.14000000E+00  0.13800000E+01  0.58793720E-01
  0.14000000E+00  0.14000000E+01  0.59523722E-01
  0.14000000E+00  0.14200000E+01  0.60147578E-01
  0.14000000E+00  0.14400000E+01  0.60614196E-01
  0.14000000E+00  0.14600000E+01  0.60822304E-01
  0.14000000E+00  0.14800000E+01  0.60474754E-01
  0.14000000E+00  0.15000000E+01  0.58956454E-01
  0.14000000E+00  0.15200000E+01  0.59997688E-01
  0.14000000E+00  0.15400000E+01  0.61036121E-01
  0.14000000E+00  0.15600000E+01  0.62071578E-01
  0.14000000E+00  0.15800000E+01  0.63103900E-01
  0.14000000E+00  0.16000000E+01  0.64132939E-01
  0.14000000E+00  0.16200000E+01  0.65158562E-01
  0.14000000E+00  0.16400000E+01  0.66180645E-01
  0.14000000E+00  0.16600000E+01  0.67199077E-01
  0.14000000E+00  0.16800000E+01  0.68213758E-01
  0.14000000E+00  0.17000000E+01  0.69224597E-01
  0.14000000E+00  0.17200000E+01  0.70231511E-01
  0.14000000E+00  0.17400000E+01  0.71234426E-01
  0.14000000E+00  0.17600000E+01  0.72233275E-01
  0.14000000E+00  0.17800000E+01  0.73227996E-01
  0.14000000E+00  0.18000000E+01  0.74218532E-01
  0.14000000E+00  0.18200000E+01  0.75204830E-01
  0.14000000E+00  0.18400000E+01  0.76186836E-01
  0.14000000E+00  0.18600000E+01  0.77164500E-01
  0.14000000E+00  0.18800000E+01  0.78137770E-01
  0.14000000E+00  0.19000000E+01  0.79106590E-01
  0.14000000E+00  0.19200000E+01  0.80070902E-01
  0.14000000E+00  0.19400000E+01  0.81030639E-01
  0.14000000E+00  0.19600000E+01  0.81985727E-01
  0.14000000E+00  0.19800000E+01  0.82936084E-01
  0.14000000E+00  0.20000000E+01  0.83881613E-01
  0.16000000E+00  0.00000000E+00  0.61201715E-03
  0.16000000E+00  0.20000000E-01  0.16264558E-02
  0.16000000E+00  0.39999999E-01  0.25994332E-02
  0.16000000E+00  0.59999999E-01  0.35306559E-02
  0.16000000E+00  0.79999998E-01  0.44198282E-02
  0.16000000E+00  0.99999998E-01  0.52666376E-02
  0.16000000E+00  0.12000000E+00  0.60707109E-02
  0.16000000E+00  0.14000000E+00  0.68315113E-02
  0.16000000E+00  0.16000000E+00  0.75481183E-02
  0.16000000E+00  0.18000000E+00  0.82187459E-02
  0.16000000E+00  0.20000000E+00  0.88395909E-02
  0.16000000E+00  0.22000000E+00  0.94015797E-02
  0.16000000E+00  0.23999999E+00  0.98776009E-02
  0.16000000E+00  0.25999999E+00  0.10070467E-01
  0.16000000E+00  0.27999999E+00  0.10647946E-01
  0.16000000E+00  0.29999999E+00  0.11437004E-01
  0.16000000E+00  0.31999999E+00  0.12228548E-01
  0.16000000E+00  0.33999999E+00  0.13022385E-01
  0.16000000E+00  0.35999999E+00  0.13818365E-01
  0.16000000E+00  0.37999999E+00  0.14616373E-01
  0.16000000E+00  0.39999999E+00  0.15416332E-01
  0.16000000E+00  0.41999999E+00  0.16218197E-01
  0.16000000E+00  0.43999999E+00  0.17021956E-01
  0.16000000E+00  0.45999999E+00  0.17827629E-01
  0.16000000E+00  0.47999999E+00  0.18635266E-01
  0.16000000E+00  0.49999999E+00  0.19444946E-01
  0.16000000E+00  0.51999999E+00  0.20256775E-01
  0.16000000E+00  0.53999999E+00  0.21070888E-01
  0.16000000E+00  0.55999999E+00  0.21887446E-01
  0.16000000E+00  0.57999999E+00  0.22706637E-01
  0.16000000E+00  0.59999999E+00  0.23528671E-01
  0.16000000E+00  0.61999999E+00  0.24353784E-01
  0.16000000E+00  0.63999999E+00  0.25182235E-01
  0.16000000E+00  0.65999999E+00  0.26014306E-01
  0.16000000E+00  0.67999998E+00  0.26850296E-01
  0.16000000E+00  0.69999998E+00  0.27690525E-01
  0.16000000E+00  0.71999998E+00  0.28535331E-01
  0.16000000E+00  0.73999998E+00  0.29385065E-01
  0.16000000E+00  0.75999998E+00  0.30240092E-01
  0.16000000E+00  0.77999998E+00  0.31100783E-01
  0.16000000E+00  0.79999998E+00  0.31967519E-01
  0.16000000E+00  0.81999998E+00  0.32840681E-01
  0.16000000E+00  0.83999998E+00  0.33720647E-01
  0.16000000E+00  0.85999998E+00  0.34607788E-01
  0.16000000E+00  0.87999998E+00  0.35502462E-01
  0.16000000E+00  0.89999998E+00  0.36405007E-01
  0.16000000E+00  0.91999998E+00  0.37315733E-01
  0.16000000E+00  0.93999998E+00  0.38234912E-01
  0.16000000E+00  0.95999998E+00  0.39162772E-01
  0.16000000E+00  0.97999998E+00  0.40099482E-01
  0.16000000E+00  0.99999998E+00  0.41045141E-01
  0.16000000E+00  0.10200000E+01  0.41999761E-01
  0.16000000E+00  0.10400000E+01  0.42963254E-01
  0.16000000E+00  0.10600000E+01  0.43935404E-01
  0.16000000E+00  0.10800000E+01  0.44915852E-01
  0.16000000E+00  0.11000000E+01  0.45904060E-01
  0.16000000E+00  0.11200000E+01  0.46899285E-01
  0.16000000E+00  0.11400000E+01  0.47900531E-01
  0.16000000E+00  0.11600000E+01  0.48906504E-01
  0.16000000E+00  0.11800000E+01  0.49915550E-01
  0.16000000E+00  0.12000000E+01  0.50925577E-01
  0.16000000E+00  0.12200000E+01  0.51933958E-01
  0.16000000E+00  0.12400000E+01  0.52937402E-01
  0.16000000E+00  0.12600000E+01  0.53931779E-01
  0.16000000E+00  0.12800000E+01  0.54911889E-01
  0.16000000E+00  0.13000000E+01  0.55871123E-01
  0.16000000E+00  0.13200000E+01  0.56800965E-01
  0.16000000E+00  0.13400000E+01  0.57690223E-01
  0.16000000E+00  0.13600000E+01  0.58523751E-01
  0.16000000E+00  0.13800000E+01  0.59280176E-01
  0.16000000E+00  0.14000000E+01  0.59927371E-01
  0.16000000E+00  0.14200000E+01  0.60411994E-01
  0.16000000E+00  0.14400000E+01  0.60628555E-01
  0.16000000E+00  0.14600000E+01  0.60268353E-01
  0.16000000E+00  0.14800000E+01  0.58691517E-01
  0.16000000E+00  0.15000000E+01  0.59761731E-01
  0.16000000E+00  0.15200000E+01  0.60828907E-01
  0.16000000E+00  0.15400000E+01  0.61892749E-01
  0.16000000E+00  0.15600000E+01  0.62952972E-01
  0.16000000E+00  0.15800000E+01  0.64009301E-01
  0.16000000E+00  0.16000000E+01  0.65061471E-01
  0.16000000E+00  0.16200000E+01  0.66109227E-01
  0.16000000E+00  0.16400000E+01  0.67152324E-01
  0.16000000E+00  0.16600000E+01  0.68190526E-01
  0.16000000E+00  0.16800000E+01  0.69223604E-01
  0.16000000E+00  0.17000000E+01  0.70251337E-01
  0.16000000E+00  0.17200000E+01  0.71273512E-01
  0.16000000E+00  0.17400000E+01  0.72289920E-01
  0.16000000E+00  0.17600000E+01  0.73300358E-01
  0.16000000E+00  0.17800000E+01  0.74304628E-01
  0.16000000E+00  0.18000000E+01  0.75302533E-01
  0.16000000E+00  0.18200000E+01  0.76293880E-01
  0.16000000E+00  0.18400000E+01  0.77278477E-01
  0.16000000E+00  0.18600000E+01  0.78256131E-01
  0.16000000E+00  0.18800000E+01  0.79226647E-01
  0.16000000E+00  0.19000000E+01  0.80189830E-01
  0.16000000E+00  0.19200000E+01  0.81145478E-01
  0.16000000E+00  0.19400000E+01  0.82093387E-01
  0.16000000E+00  0.19600000E+01  0.83033342E-01
  0.16000000E+00  0.19800000E+01  0.83965125E-01
  0.16000000E+00  0.20000000E+01  0.84888504E-01
  0.18000000E+00  0.00000000E+00  0.78382196E-03
  0.18000000E+00  0.20000000E-01  0.18169770E-02
  0.18000000E+00  0.39999999E-01  0.28118072E-02
  0.18000000E+00  0.59999999E-01  0.37669152E-02
  0.18000000E+00  0.79999998E-01  0.46807431E-02
  0.18000000E+00  0.99999998E-01  0.55514909E-02
  0.18000000E+00  0.12000000E+00  0.63769551E-02
  0.18000000E+00  0.14000000E+00  0.71542083E-02
  0.18000000E+00  0.16000000E+00  0.78789331E-02
  0.18000000E+00  0.18000000E+00  0.85438889E-02
  0.18000000E+00  0.20000000E+00  0.91347091E-02
  0.18000000E+00  0.22000000E+00  0.96138543E-02
  0.18000000E+00  0.23999999E+00  0.97354289E-02
  0.18000000E+00  0.25999999E+00  0.10281262E-01
  0.18000000E+00  0.27999999E+00  0.11076005E-01
  0.18000000E+00  0.29999999E+00  0.11871195E-01
  0.18000000E+00  0.31999999E+00  0.12666755E-01
  0.18000000E+00  0.33999999E+00  0.13462649E-01
  0.18000000E+00  0.35999999E+00  0.14258878E-01
  0.18000000E+00  0.37999999E+00  0.15055480E-01
  0.18000000E+00  0.39999999E+00  0.15852527E-01
  0.18000000E+00  0.41999999E+00  0.16650121E-01
  0.18000000E+00  0.43999999E+00  0.17448397E-01
  0.18000000E+00  0.45999999E+00  0.18247519E-01
  0.18000000E+00  0.47999999E+00  0.19047679E-01
  0.18000000E+00  0.49999999E+00  0.19849098E-01
  0.18000000E+00  0.51999999E+00  0.20652022E-01
  0.18000000E+00  0.53999999E+00  0.21456723E-01
  0.18000000E+00  0.55999999E+00  0.22263498E-01
  0.18000000E+00  0.57999999E+00  0.23072669E-01
  0.18000000E+00  0.59999999E+00  0.23884581E-01
  0.18000000E+00  0.61999999E+00  0.24699602E-01
  0.18000000E+00  0.63999999E+00  0.25518119E-01
  0.18000000E+00  0.65999999E+00  0.26340542E-01
  0.18000000E+00  0.67999998E+00  0.27167297E-01
  0.18000000E+00  0.69999998E+00  0.27998828E-01
  0.18000000E+00  0.71999998E+00  0.28835593E-01
  0.18000000E+00  0.73999998E+00  0.29678063E-01
  0.18000000E+00  0.75999998E+00  0.30526715E-01
  0.18000000E+00  0.77999998E+00  0.31382036E-01
  0.18000000E+00  0.79999998E+00  0.32244511E-01
  0.18000000E+00  0.81999998E+00  0.33114623E-01
  0.18000000E+00  0.83999998E+00  0.33992847E-01
  0.18000000E+00  0.85999998E+00  0.34879643E-01
  0.18000000E+00  0.87999998E+00  0.35775449E-01
  0.18000000E+00  0.89999998E+00  0.36680675E-01
  0.18000000E+00  0.91999998E+00  0.37595692E-01
  0.18000000E+00  0.93999998E+00  0.38520822E-01
  0.18000000E+00  0.95999998E+00  0.39456324E-01
  0.18000000E+00  0.97999998E+00  0.40402387E-01
  0.18000000E+00  0.99999998E+00  0.41359105E-01
  0.18000000E+00  0.10200000E+01  0.42326467E-01
  0.18000000E+00  0.10400000E+01  0.43304330E-01
  0.18000000E+00  0.10600000E+01  0.44292397E-01
  0.18000000E+00  0.10800000E+01  0.45290185E-01
  0.18000000E+00  0.11000000E+01  0.46296993E-01
  0.18000000E+00  0.11200000E+01  0.47311859E-01
  0.18000000E+00  0.11400000E+01  0.48333505E-01
  0.18000000E+00  0.11600000E+01  0.49360278E-01
  0.18000000E+00  0.11800000E+01  0.50390067E-01
  0.18000000E+00  0.12000000E+01  0.51420202E-01
  0.18000000E+00  0.12200000E+01  0.52447321E-01
  0.18000000E+00  0.12400000E+01  0.53467191E-01
  0.18000000E+00  0.12600000E+01  0.54474467E-01
  0.18000000E+00  0.12800000E+01  0.55462344E-01
  0.18000000E+00  0.13000000E+01  0.56422048E-01
  0.18000000E+00  0.13200000E+01  0.57342039E-01
  0.18000000E+00  0.13400000E+01  0.58206712E-01
  0.18000000E+00  0.13600000E+01  0.58994058E-01
  0.18000000E+00  0.13800000E+01  0.59671043E-01
  0.18000000E+00  0.14000000E+01  0.60182917E-01
  0.18000000E+00  0.14200000E+01  0.60421652E-01
  0.18000000E+00  0.14400000E+01  0.60071969E-01
  0.18000000E+00  0.14600000E+01  0.58479417E-01
  0.18000000E+00  0.14800000E+01  0.59577767E-01
  0.18000000E+00  0.15000000E+01  0.60673038E-01
  0.18000000E+00  0.15200000E+01  0.61764816E-01
  0.18000000E+00  0.15400000E+01  0.62852699E-01
  0.18000000E+00  0.15600000E+01  0.63936288E-01
  0.18000000E+00  0.15800000E+01  0.65015196E-01
  0.18000000E+00  0.16000000E+01  0.66089041E-01
  0.18000000E+00  0.16200000E+01  0.67157446E-01
  0.18000000E+00  0.16400000E+01  0.68220045E-01
  0.18000000E+00  0.16600000E+01  0.69276474E-01
  0.18000000E+00  0.16800000E+01  0.70326376E-01
  0.18000000E+00  0.17000000E+01  0.71369400E-01
  0.18000000E+00  0.17200000E+01  0.72405197E-01
  0.18000000E+00  0.17400000E+01  0.73433424E-01
  0.18000000E+00  0.17600000E+01  0.74453741E-01
  0.18000000E+00  0.17800000E+01  0.75465807E-01
  0.18000000E+00  0.18000000E+01  0.76469287E-01
  0.18000000E+00  0.18200000E+01  0.77463845E-01
  0.18000000E+00  0.18400000E+01  0.78449143E-01
  0.18000000E+00  0.18600000E+01  0.79424844E-01
  0.18000000E+00  0.18800000E+01  0.80390610E-01
  0.18000000E+00  0.19000000E+01  0.81346099E-01
  0.18000000E+00  0.19200000E+01  0.82290966E-01
  0.18000000E+00  0.19400000E+01  0.83224862E-01
  0.18000000E+00  0.19600000E+01  0.84147433E-01
  0.18000000E+00  0.19800000E+01  0.85058320E-01
  0.18000000E+00  0.20000000E+01  0.85957155E-01
  0.20000000E+00  0.00000000E+00  0.97824402E-03
  0.20000000E+00  0.20000000E-01  0.20330050E-02
  0.20000000E+00  0.39999999E-01  0.30508749E-02
  0.20000000E+00  0.59999999E-01  0.40290729E-02
  0.20000000E+00  0.79999998E-01  0.49643921E-02
  0.20000000E+00  0.99999998E-01  0.58529775E-02
  0.20000000E+00  0.12000000E+00  0.66899047E-02
  0.20000000E+00  0.14000000E+00  0.74683274E-02
  0.20000000E+00  0.16000000E+00  0.81775624E-02
  0.20000000E+00  0.18000000E+00  0.87979387E-02
  0.20000000E+00  0.20000000E+00  0.92814772E-02
  0.20000000E+00  0.22000000E+00  0.93336599E-02
  0.20000000E+00  0.23999999E+00  0.98499597E-02
  0.20000000E+00  0.25999999E+00  0.10652408E-01
  0.20000000E+00  0.27999999E+00  0.11453268E-01
  0.20000000E+00  0.29999999E+00  0.12252572E-01
  0.20000000E+00  0.31999999E+00  0.13050395E-01
  0.20000000E+00  0.33999999E+00  0.13846849E-01
  0.20000000E+00  0.35999999E+00  0.14642082E-01
  0.20000000E+00  0.37999999E+00  0.15436275E-01
  0.20000000E+00  0.39999999E+00  0.16229643E-01
  0.20000000E+00  0.41999999E+00  0.17022429E-01
  0.20000000E+00  0.43999999E+00  0.17814904E-01
  0.20000000E+00  0.45999999E+00  0.18607370E-01
  0.20000000E+00  0.47999999E+00  0.19400153E-01
  0.20000000E+00  0.49999999E+00  0.20193604E-01
  0.20000000E+00  0.51999999E+00  0.20988101E-01
  0.20000000E+00  0.53999999E+00  0.21784045E-01
  0.20000000E+00  0.55999999E+00  0.22581861E-01
  0.20000000E+00  0.57999999E+00  0.23381997E-01
  0.20000000E+00  0.59999999E+00  0.24184921E-01
  0.20000000E+00  0.61999999E+00  0.24991123E-01
  0.20000000E+00  0.63999999E+00  0.25801113E-01
  0.20000000E+00  0.65999999E+00  0.26615420E-01
  0.20000000E+00  0.67999998E+00  0.27434586E-01
  0.20000000E+00  0.69999998E+00  0.28259171E-01
  0.20000000E+00  0.71999998E+00  0.29089745E-01
  0.20000000E+00  0.73999998E+00  0.29926888E-01
  0.20000000E+00  0.75999998E+00  0.30771185E-01
  0.20000000E+00  0.77999998E+00  0.31623223E-01
  0.20000000E+00  0.79999998E+00  0.32483586E-01
  0.20000000E+00  0.81999998E+00  0.33352848E-01
  0.20000000E+00  0.83999998E+00  0.34231572E-01
  0.20000000E+00  0.85999998E+00  0.35120295E-01
  0.20000000E+00  0.87999998E+00  0.36019526E-01
  0.20000000E+00  0.89999998E+00  0.36929735E-01
  0.20000000E+00  0.91999998E+00  0.37851342E-01
  0.20000000E+00  0.93999998E+00  0.38784702E-01
  0.20000000E+00  0.95999998E+00  0.39730096E-01
  0.20000000E+00  0.97999998E+00  0.40687711E-01
  0.20000000E+00  0.99999998E+00  0.41657622E-01
  0.20000000E+00  0.10200000E+01  0.42639770E-01
  0.20000000E+00  0.10400000E+01  0.43633935E-01
  0.20000000E+00  0.10600000E+01  0.44639707E-01
  0.20000000E+00  0.10800000E+01  0.45656452E-01
  0.20000000E+00  0.11000000E+01  0.46683261E-01
  0.20000000E+00  0.11200000E+01  0.47718905E-01
  0.20000000E+00  0.11400000E+01  0.48761764E-01
  0.20000000E+00  0.11600000E+01  0.49809750E-01
  0.20000000E+00  0.11800000E+01  0.50860197E-01
  0.20000000E+00  0.12000000E+01  0.51909728E-01
  0.20000000E+00  0.12200000E+01  0.52954077E-01
  0.20000000E+00  0.12400000E+01  0.53987834E-01
  0.20000000E+00  0.12600000E+01  0.55004100E-01
  0.20000000E+00  0.12800000E+01  0.55993964E-01
  0.20000000E+00  0.13000000E+01  0.56945706E-01
  0.20000000E+00  0.13200000E+01  0.57843468E-01
  0.20000000E+00  0.13400000E+01  0.58664905E-01
  0.20000000E+00  0.13600000E+01  0.59376517E-01
  0.20000000E+00  0.13800000E+01  0.59922879E-01
  0.20000000E+00  0.14000000E+01  0.60194876E-01
  0.20000000E+00  0.14200000E+01  0.59874917E-01
  0.20000000E+00  0.14400000E+01  0.58302760E-01
  0.20000000E+00  0.14600000E+01  0.59428177E-01
  0.20000000E+00  0.14800000E+01  0.60550649E-01
  0.20000000E+00  0.15000000E+01  0.61669657E-01
  0.20000000E+00  0.15200000E+01  0.62784685E-01
  0.20000000E+00  0.15400000E+01  0.63895223E-01
  0.20000000E+00  0.15600000E+01  0.65000763E-01
  0.20000000E+00  0.15800000E+01  0.66100803E-01
  0.20000000E+00  0.16000000E+01  0.67194844E-01
  0.20000000E+00  0.16200000E+01  0.68282389E-01
  0.20000000E+00  0.16400000E+01  0.69362947E-01
  0.20000000E+00  0.16600000E+01  0.70436028E-01
  0.20000000E+00  0.16800000E+01  0.71501145E-01
  0.20000000E+00  0.17000000E+01  0.72557815E-01
  0.20000000E+00  0.17200000E+01  0.73605553E-01
  0.20000000E+00  0.17400000E+01  0.74643878E-01
  0.20000000E+00  0.17600000E+01  0.75672310E-01
  0.20000000E+00  0.17800000E+01  0.76690368E-01
  0.20000000E+00  0.18000000E+01  0.77697570E-01
  0.20000000E+00  0.18200000E+01  0.78693436E-01
  0.20000000E+00  0.18400000E+01  0.79677481E-01
  0.20000000E+00  0.18600000E+01  0.80649222E-01
  0.20000000E+00  0.18800000E+01  0.81608172E-01
  0.20000000E+00  0.19000000E+01  0.82553841E-01
  0.20000000E+00  0.19200000E+01  0.83485738E-01
  0.20000000E+00  0.19400000E+01  0.84403368E-01
  0.20000000E+00  0.19600000E+01  0.85306232E-01
  0.20000000E+00  0.19800000E+01  0.86193830E-01
  0.20000000E+00  0.20000000E+01  0.87065660E-01
  0.22000000E+00  0.00000000E+00  0.11944168E-02
  0.22000000E+00  0.20000000E-01  0.22720078E-02
  0.22000000E+00  0.39999999E-01  0.33120706E-02
  0.22000000E+00  0.59999999E-01  0.43100193E-02
  0.22000000E+00  0.79999998E-01  0.52603748E-02
  0.22000000E+00  0.99999998E-01  0.61562414E-02
  0.22000000E+00  0.12000000E+00  0.69882710E-02
  0.22000000E+00  0.14000000E+00  0.77423693E-02
  0.22000000E+00  0.16000000E+00  0.83936125E-02
  0.22000000E+00  0.18000000E+00  0.88837142E-02
  0.22000000E+00  0.20000000E+00  0.88704341E-02
  0.22000000E+00  0.22000000E+00  0.93600862E-02
  0.22000000E+00  0.23999999E+00  0.10172250E-01
  0.22000000E+00  0.25999999E+00  0.10980786E-01
  0.22000000E+00  0.27999999E+00  0.11785833E-01
  0.22000000E+00  0.29999999E+00  0.12587573E-01
  0.22000000E+00  0.31999999E+00  0.13386224E-01
  0.22000000E+00  0.33999999E+00  0.14182041E-01
  0.22000000E+00  0.35999999E+00  0.14975312E-01
  0.22000000E+00  0.37999999E+00  0.15766355E-01
  0.22000000E+00  0.39999999E+00  0.16555519E-01
  0.22000000E+00  0.41999999E+00  0.17343179E-01
  0.22000000E+00  0.43999999E+00  0.18129738E-01
  0.22000000E+00  0.45999999E+00  0.18915623E-01
  0.22000000E+00  0.47999999E+00  0.19701287E-01
  0.22000000E+00  0.49999999E+00  0.20487206E-01
  0.22000000E+00  0.51999999E+00  0.21273879E-01
  0.22000000E+00  0.53999999E+00  0.22061830E-01
  0.22000000E+00  0.55999999E+00  0.22851600E-01
  0.22000000E+00  0.57999999E+00  0.23643756E-01
  0.22000000E+00  0.59999999E+00  0.24438882E-01
  0.22000000E+00  0.61999999E+00  0.25237583E-01
  0.22000000E+00  0.63999999E+00  0.26040482E-01
  0.22000000E+00  0.65999999E+00  0.26848216E-01
  0.22000000E+00  0.67999998E+00  0.27661440E-01
  0.22000000E+00  0.69999998E+00  0.28480817E-01
  0.22000000E+00  0.71999998E+00  0.29307024E-01
  0.22000000E+00  0.73999998E+00  0.30140740E-01
  0.22000000E+00  0.75999998E+00  0.30982648E-01
  0.22000000E+00  0.77999998E+00  0.31833428E-01
  0.22000000E+00  0.79999998E+00  0.32693753E-01
  0.22000000E+00  0.81999998E+00  0.33564280E-01
  0.22000000E+00  0.83999998E+00  0.34445647E-01
  0.22000000E+00  0.85999998E+00  0.35338459E-01
  0.22000000E+00  0.87999998E+00  0.36243286E-01
  0.22000000E+00  0.89999998E+00  0.37160643E-01
  0.22000000E+00  0.91999998E+00  0.38090987E-01
  0.22000000E+00  0.93999998E+00  0.39034694E-01
  0.22000000E+00  0.95999998E+00  0.39992047E-01
  0.22000000E+00  0.97999998E+00  0.40963215E-01
  0.22000000E+00  0.99999998E+00  0.41948233E-01
  0.22000000E+00  0.10200000E+01  0.42946970E-01
  0.22000000E+00  0.10400000E+01  0.43959103E-01
  0.22000000E+00  0.10600000E+01  0.44984077E-01
  0.22000000E+00  0.10800000E+01  0.46021065E-01
  0.22000000E+00  0.11000000E+01  0.47068905E-01
  0.22000000E+00  0.11200000E+01  0.48126044E-01
  0.22000000E+00  0.11400000E+01  0.49190447E-01
  0.22000000E+00  0.11600000E+01  0.50259496E-01
  0.22000000E+00  0.11800000E+01  0.51329850E-01
  0.22000000E+00  0.12000000E+01  0.52397264E-01
  0.22000000E+00  0.12200000E+01  0.53456337E-01
  0.22000000E+00  0.12400000E+01  0.54500163E-01
  0.22000000E+00  0.12600000E+01  0.55519807E-01
  0.22000000E+00  0.12800000E+01  0.56503501E-01
  0.22000000E+00  0.13000000E+01  0.57435328E-01
  0.22000000E+00  0.13200000E+01  0.58292861E-01
  0.22000000E+00  0.13400000E+01  0.59042517E-01
  0.22000000E+00  0.13600000E+01  0.59628826E-01
  0.22000000E+00  0.13800000E+01  0.59942828E-01
  0.22000000E+00  0.14000000E+01  0.59668264E-01
  0.22000000E+00  0.14200000E+01  0.58146606E-01
  0.22000000E+00  0.14400000E+01  0.59297826E-01
  0.22000000E+00  0.14600000E+01  0.60446398E-01
  0.22000000E+00  0.14800000E+01  0.61591704E-01
  0.22000000E+00  0.15000000E+01  0.62733126E-01
  0.22000000E+00  0.15200000E+01  0.63870045E-01
  0.22000000E+00  0.15400000E+01  0.65001846E-01
  0.22000000E+00  0.15600000E+01  0.66127910E-01
  0.22000000E+00  0.15800000E+01  0.67247622E-01
  0.22000000E+00  0.16000000E+01  0.68360364E-01
  0.22000000E+00  0.16200000E+01  0.69465520E-01
  0.22000000E+00  0.16400000E+01  0.70562473E-01
  0.22000000E+00  0.16600000E+01  0.71650606E-01
  0.22000000E+00  0.16800000E+01  0.72729302E-01
  0.22000000E+00  0.17000000E+01  0.73797941E-01
  0.22000000E+00  0.17200000E+01  0.74855903E-01
  0.22000000E+00  0.17400000E+01  0.75902568E-01
  0.22000000E+00  0.17600000E+01  0.76937312E-01
  0.22000000E+00  0.17800000E+01  0.77959511E-01
  0.22000000E+00  0.18000000E+01  0.78968536E-01
  0.22000000E+00  0.18200000E+01  0.79963758E-01
  0.22000000E+00  0.18400000E+01  0.80944546E-01
  0.22000000E+00  0.18600000E+01  0.81910265E-01
  0.22000000E+00  0.18800000E+01  0.82860278E-01
  0.22000000E+00  0.19000000E+01  0.83793945E-01
  0.22000000E+00  0.19200000E+01  0.84710626E-01
  0.22000000E+00  0.19400000E+01  0.85609678E-01
  0.22000000E+00  0.19600000E+01  0.86490459E-01
  0.22000000E+00  0.19800000E+01  0.87352326E-01
  0.22000000E+00  0.20000000E+01  0.88194640E-01
  0.23999999E+00  0.00000000E+00  0.14303763E-02
  0.23999999E+00  0.20000000E-01  0.25299252E-02
  0.23999999E+00  0.39999999E-01  0.35887031E-02
  0.23999999E+00  0.59999999E-01  0.45996443E-02
  0.23999999E+00  0.79999998E-01  0.55539238E-02
  0.23999999E+00  0.99999998E-01  0.64397401E-02
  0.23999999E+00  0.12000000E+00  0.72396541E-02
  0.23999999E+00  0.14000000E+00  0.79235999E-02
  0.23999999E+00  0.16000000E+00  0.84232491E-02
  0.23999999E+00  0.18000000E+00  0.83502894E-02
  0.23999999E+00  0.20000000E+00  0.88169005E-02
  0.23999999E+00  0.22000000E+00  0.96407962E-02
  0.23999999E+00  0.23999999E+00  0.10459015E-01
  0.23999999E+00  0.25999999E+00  0.11271799E-01
  0.23999999E+00  0.27999999E+00  0.12079433E-01
  0.23999999E+00  0.29999999E+00  0.12882241E-01
  0.23999999E+00  0.31999999E+00  0.13680578E-01
  0.23999999E+00  0.33999999E+00  0.14474837E-01
  0.23999999E+00  0.35999999E+00  0.15265436E-01
  0.23999999E+00  0.37999999E+00  0.16052824E-01
  0.23999999E+00  0.39999999E+00  0.16837476E-01
  0.23999999E+00  0.41999999E+00  0.17619892E-01
  0.23999999E+00  0.43999999E+00  0.18400598E-01
  0.23999999E+00  0.45999999E+00  0.19180140E-01
  0.23999999E+00  0.47999999E+00  0.19959089E-01
  0.23999999E+00  0.49999999E+00  0.20738038E-01
  0.23999999E+00  0.51999999E+00  0.21517600E-01
  0.23999999E+00  0.53999999E+00  0.22298411E-01
  0.23999999E+00  0.55999999E+00  0.23081126E-01
  0.23999999E+00  0.57999999E+00  0.23866419E-01
  0.23999999E+00  0.59999999E+00  0.24654984E-01
  0.23999999E+00  0.61999999E+00  0.25447532E-01
  0.23999999E+00  0.63999999E+00  0.26244790E-01
  0.23999999E+00  0.65999999E+00  0.27047500E-01
  0.23999999E+00  0.67999998E+00  0.27856416E-01
  0.23999999E+00  0.69999998E+00  0.28672302E-01
  0.23999999E+00  0.71999998E+00  0.29495928E-01
  0.23999999E+00  0.73999998E+00  0.30328067E-01
  0.23999999E+00  0.75999998E+00  0.31169491E-01
  0.23999999E+00  0.77999998E+00  0.32020964E-01
  0.23999999E+00  0.79999998E+00  0.32883238E-01
  0.23999999E+00  0.81999998E+00  0.33757044E-01
  0.23999999E+00  0.83999998E+00  0.34643084E-01
  0.23999999E+00  0.85999998E+00  0.35542023E-01
  0.23999999E+00  0.87999998E+00  0.36454474E-01
  0.23999999E+00  0.89999998E+00  0.37380991E-01
  0.23999999E+00  0.91999998E+00  0.38322050E-01
  0.23999999E+00  0.93999998E+00  0.39278033E-01
  0.23999999E+00  0.95999998E+00  0.40249208E-01
  0.23999999E+00  0.97999998E+00  0.41235707E-01
  0.23999999E+00  0.99999998E+00  0.42237500E-01
  0.23999999E+00  0.10200000E+01  0.43254359E-01
  0.23999999E+00  0.10400000E+01  0.44285827E-01
  0.23999999E+00  0.10600000E+01  0.45331168E-01
  0.23999999E+00  0.10800000E+01  0.46389314E-01
  0.23999999E+00  0.11000000E+01  0.47458799E-01
  0.23999999E+00  0.11200000E+01  0.48537674E-01
  0.23999999E+00  0.11400000E+01  0.49623401E-01
  0.23999999E+00  0.11600000E+01  0.50712718E-01
  0.23999999E+00  0.11800000E+01  0.51801452E-01
  0.23999999E+00  0.12000000E+01  0.52884274E-01
  0.23999999E+00  0.12200000E+01  0.53954345E-01
  0.23999999E+00  0.12400000E+01  0.55002801E-01
  0.23999999E+00  0.12600000E+01  0.56017951E-01
  0.23999999E+00  0.12800000E+01  0.56983975E-01
  0.23999999E+00  0.13000000E+01  0.57878591E-01
  0.23999999E+00  0.13200000E+01  0.58668460E-01
  0.23999999E+00  0.13400000E+01  0.59298606E-01
  0.23999999E+00  0.13600000E+01  0.59661282E-01
  0.23999999E+00  0.13800000E+01  0.59444636E-01
  0.23999999E+00  0.14000000E+01  0.57998226E-01
  0.23999999E+00  0.14200000E+01  0.59173824E-01
  0.23999999E+00  0.14400000E+01  0.60347215E-01
  0.23999999E+00  0.14600000E+01  0.61517692E-01
  0.23999999E+00  0.14800000E+01  0.62684544E-01
  0.23999999E+00  0.15000000E+01  0.63847054E-01
  0.23999999E+00  0.15200000E+01  0.65004505E-01
  0.23999999E+00  0.15400000E+01  0.66156172E-01
  0.23999999E+00  0.15600000E+01  0.67301328E-01
  0.23999999E+00  0.15800000E+01  0.68439243E-01
  0.23999999E+00  0.16000000E+01  0.69569183E-01
  0.23999999E+00  0.16200000E+01  0.70690409E-01
  0.23999999E+00  0.16400000E+01  0.71802178E-01
  0.23999999E+00  0.16600000E+01  0.72903746E-01
  0.23999999E+00  0.16800000E+01  0.73994362E-01
  0.23999999E+00  0.17000000E+01  0.75073271E-01
  0.23999999E+00  0.17200000E+01  0.76139715E-01
  0.23999999E+00  0.17400000E+01  0.77192930E-01
  0.23999999E+00  0.17600000E+01  0.78232151E-01
  0.23999999E+00  0.17800000E+01  0.79256605E-01
  0.23999999E+00  0.18000000E+01  0.80265516E-01
  0.23999999E+00  0.18200000E+01  0.81258106E-01
  0.23999999E+00  0.18400000E+01  0.82233590E-01
  0.23999999E+00  0.18600000E+01  0.83191182E-01
  0.23999999E+00  0.18800000E+01  0.84130093E-01
  0.23999999E+00  0.19000000E+01  0.85049533E-01
  0.23999999E+00  0.19200000E+01  0.85948710E-01
  0.23999999E+00  0.19400000E+01  0.86826834E-01
  0.23999999E+00  0.19600000E+01  0.87683117E-01
  0.23999999E+00  0.19800000E+01  0.88516777E-01
  0.23999999E+00  0.20000000E+01  0.89327036E-01
  0.25999999E+00  0.00000000E+00  0.16826140E-02
  0.25999999E+00  0.20000000E-01  0.28005426E-02
  0.25999999E+00  0.39999999E-01  0.38710284E-02
  0.25999999E+00  0.59999999E-01  0.48833721E-02
  0.25999999E+00  0.79999998E-01  0.58233887E-02
  0.25999999E+00  0.99999998E-01  0.66703913E-02
  0.25999999E+00  0.12000000E+00  0.73893381E-02
  0.25999999E+00  0.14000000E+00  0.79022461E-02
  0.25999999E+00  0.16000000E+00  0.77770654E-02
  0.25999999E+00  0.18000000E+00  0.82249087E-02
  0.25999999E+00  0.20000000E+00  0.90625727E-02
  0.25999999E+00  0.22000000E+00  0.98924952E-02
  0.25999999E+00  0.23999999E+00  0.10715020E-01
  0.25999999E+00  0.25999999E+00  0.11530533E-01
  0.25999999E+00  0.27999999E+00  0.12339458E-01
  0.25999999E+00  0.29999999E+00  0.13142251E-01
  0.25999999E+00  0.31999999E+00  0.13939403E-01
  0.25999999E+00  0.33999999E+00  0.14731431E-01
  0.25999999E+00  0.35999999E+00  0.15518880E-01
  0.25999999E+00  0.37999999E+00  0.16302322E-01
  0.25999999E+00  0.39999999E+00  0.17082351E-01
  0.25999999E+00  0.41999999E+00  0.17859584E-01
  0.25999999E+00  0.43999999E+00  0.18634661E-01
  0.25999999E+00  0.45999999E+00  0.19408241E-01
  0.25999999E+00  0.47999999E+00  0.20181006E-01
  0.25999999E+00  0.49999999E+00  0.20953657E-01
  0.25999999E+00  0.51999999E+00  0.21726916E-01
  0.25999999E+00  0.53999999E+00  0.22501522E-01
  0.25999999E+00  0.55999999E+00  0.23278234E-01
  0.25999999E+00  0.57999999E+00  0.24057829E-01
  0.25999999E+00  0.59999999E+00  0.24841103E-01
  0.25999999E+00  0.61999999E+00  0.25628864E-01
  0.25999999E+00  0.63999999E+00  0.26421939E-01
  0.25999999E+00  0.65999999E+00  0.27221163E-01
  0.25999999E+00  0.67999998E+00  0.28027384E-01
  0.25999999E+00  0.69999998E+00  0.28841457E-01
  0.25999999E+00  0.71999998E+00  0.29664240E-01
  0.25999999E+00  0.73999998E+00  0.30496590E-01
  0.25999999E+00  0.75999998E+00  0.31339360E-01
  0.25999999E+00  0.77999998E+00  0.32193389E-01
  0.25999999E+00  0.79999998E+00  0.33059498E-01
  0.25999999E+00  0.81999998E+00  0.33938482E-01
  0.25999999E+00  0.83999998E+00  0.34831098E-01
  0.25999999E+00  0.85999998E+00  0.35738056E-01
  0.25999999E+00  0.87999998E+00  0.36660004E-01
  0.25999999E+00  0.89999998E+00  0.37597519E-01
  0.25999999E+00  0.91999998E+00  0.38551080E-01
  0.25999999E+00  0.93999998E+00  0.39521060E-01
  0.25999999E+00  0.95999998E+00  0.40507691E-01
  0.25999999E+00  0.97999998E+00  0.41511049E-01
  0.25999999E+00  0.99999998E+00  0.42531011E-01
  0.25999999E+00  0.10200000E+01  0.43567225E-01
  0.25999999E+00  0.10400000E+01  0.44619063E-01
  0.25999999E+00  0.10600000E+01  0.45685565E-01
  0.25999999E+00  0.10800000E+01  0.46765373E-01
  0.25999999E+00  0.11000000E+01  0.47856648E-01
  0.25999999E+00  0.11200000E+01  0.48956962E-01
  0.25999999E+00  0.11400000E+01  0.50063167E-01
  0.25999999E+00  0.11600000E+01  0.51171207E-01
  0.25999999E+00  0.11800000E+01  0.52275876E-01
  0.25999999E+00  0.12000000E+01  0.53370469E-01
  0.25999999E+00  0.12200000E+01  0.54446274E-01
  0.25999999E+00  0.12400000E+01  0.55491783E-01
  0.25999999E+00  0.12600000E+01  0.56491411E-01
  0.25999999E+00  0.12800000E+01  0.57423210E-01
  0.25999999E+00  0.13000000E+01  0.58254370E-01
  0.25999999E+00  0.13200000E+01  0.58930866E-01
  0.25999999E+00  0.13400000E+01  0.59347052E-01
  0.25999999E+00  0.13600000E+01  0.59198057E-01
  0.25999999E+00  0.13800000E+01  0.57846876E-01
  0.25999999E+00  0.14000000E+01  0.59045289E-01
  0.25999999E+00  0.14200000E+01  0.60242067E-01
  0.25999999E+00  0.14400000E+01  0.61436421E-01
  0.25999999E+00  0.14600000E+01  0.62627558E-01
  0.25999999E+00  0.14800000E+01  0.63814672E-01
  0.25999999E+00  0.15000000E+01  0.64996952E-01
  0.25999999E+00  0.15200000E+01  0.66173575E-01
  0.25999999E+00  0.15400000E+01  0.67343713E-01
  0.25999999E+00  0.15600000E+01  0.68506529E-01
  0.25999999E+00  0.15800000E+01  0.69661177E-01
  0.25999999E+00  0.16000000E+01  0.70806806E-01
  0.25999999E+00  0.16200000E+01  0.71942553E-01
  0.25999999E+00  0.16400000E+01  0.73067551E-01
  0.25999999E+00  0.16600000E+01  0.74180924E-01
  0.25999999E+00  0.16800000E+01  0.75281787E-01
  0.25999999E+00  0.17000000E+01  0.76369250E-01
  0.25999999E+00  0.17200000E+01  0.77442412E-01
  0.25999999E+00  0.17400000E+01  0.78500369E-01
  0.25999999E+00  0.17600000E+01  0.79542206E-01
  0.25999999E+00  0.17800000E+01  0.80567004E-01
  0.25999999E+00  0.18000000E+01  0.81573837E-01
  0.25999999E+00  0.18200000E+01  0.82561772E-01
  0.25999999E+00  0.18400000E+01  0.83529875E-01
  0.25999999E+00  0.18600000E+01  0.84477205E-01
  0.25999999E+00  0.18800000E+01  0.85402820E-01
  0.25999999E+00  0.19000000E+01  0.86305776E-01
  0.25999999E+00  0.19200000E+01  0.87185133E-01
  0.25999999E+00  0.19400000E+01  0.88039952E-01
  0.25999999E+00  0.19600000E+01  0.88869301E-01
  0.25999999E+00  0.19800000E+01  0.89672259E-01
  0.25999999E+00  0.20000000E+01  0.90447918E-01
  0.27999999E+00  0.00000000E+00  0.19454475E-02
  0.27999999E+00  0.20000000E-01  0.30745558E-02
  0.27999999E+00  0.39999999E-01  0.41447637E-02
  0.27999999E+00  0.59999999E-01  0.51395901E-02
  0.27999999E+00  0.79999998E-01  0.60352269E-02
  0.27999999E+00  0.99999998E-01  0.67918728E-02
  0.27999999E+00  0.12000000E+00  0.73223899E-02
  0.27999999E+00  0.14000000E+00  0.71539396E-02
  0.27999999E+00  0.16000000E+00  0.75878976E-02
  0.27999999E+00  0.18000000E+00  0.84413992E-02
  0.27999999E+00  0.20000000E+00  0.92850750E-02
  0.27999999E+00  0.22000000E+00  0.10119368E-01
  0.27999999E+00  0.23999999E+00  0.10944762E-01
  0.27999999E+00  0.25999999E+00  0.11761779E-01
  0.27999999E+00  0.27999999E+00  0.12570974E-01
  0.27999999E+00  0.29999999E+00  0.13372933E-01
  0.27999999E+00  0.31999999E+00  0.14168269E-01
  0.27999999E+00  0.33999999E+00  0.14957622E-01
  0.27999999E+00  0.35999999E+00  0.15741656E-01
  0.27999999E+00  0.37999999E+00  0.16521054E-01
  0.27999999E+00  0.39999999E+00  0.17296525E-01
  0.27999999E+00  0.41999999E+00  0.18068794E-01
  0.27999999E+00  0.43999999E+00  0.18838610E-01
  0.27999999E+00  0.45999999E+00  0.19606736E-01
  0.27999999E+00  0.47999999E+00  0.20373958E-01
  0.27999999E+00  0.49999999E+00  0.21141079E-01
  0.27999999E+00  0.51999999E+00  0.21908919E-01
  0.27999999E+00  0.53999999E+00  0.22678317E-01
  0.27999999E+00  0.55999999E+00  0.23450128E-01
  0.27999999E+00  0.57999999E+00  0.24225226E-01
  0.27999999E+00  0.59999999E+00  0.25004498E-01
  0.27999999E+00  0.61999999E+00  0.25788846E-01
  0.27999999E+00  0.63999999E+00  0.26579185E-01
  0.27999999E+00  0.65999999E+00  0.27376440E-01
  0.27999999E+00  0.67999998E+00  0.28181545E-01
  0.27999999E+00  0.69999998E+00  0.28995436E-01
  0.27999999E+00  0.71999998E+00  0.29819052E-01
  0.27999999E+00  0.73999998E+00  0.30653327E-01
  0.27999999E+00  0.75999998E+00  0.31499183E-01
  0.27999999E+00  0.77999998E+00  0.32357527E-01
  0.27999999E+00  0.79999998E+00  0.33229241E-01
  0.27999999E+00  0.81999998E+00  0.34115171E-01
  0.27999999E+00  0.83999998E+00  0.35016118E-01
  0.27999999E+00  0.85999998E+00  0.35932827E-01
  0.27999999E+00  0.87999998E+00  0.36865967E-01
  0.27999999E+00  0.89999998E+00  0.37816121E-01
  0.27999999E+00  0.91999998E+00  0.38783761E-01
  0.27999999E+00  0.93999998E+00  0.39769226E-01
  0.27999999E+00  0.95999998E+00  0.40772697E-01
  0.27999999E+00  0.97999998E+00  0.41794164E-01
  0.27999999E+00  0.99999998E+00  0.42833389E-01
  0.27999999E+00  0.10200000E+01  0.43889859E-01
  0.27999999E+00  0.10400000E+01  0.44962735E-01
  0.27999999E+00  0.10600000E+01  0.46050785E-01
  0.27999999E+00  0.10800000E+01  0.47152297E-01
  0.27999999E+00  0.11000000E+01  0.48264982E-01
  0.27999999E+00  0.11200000E+01  0.49385833E-01
  0.27999999E+00  0.11400000E+01  0.50510948E-01
  0.27999999E+00  0.11600000E+01  0.51635290E-01
  0.27999999E+00  0.11800000E+01  0.52752344E-01
  0.27999999E+00  0.12000000E+01  0.53853619E-01
  0.27999999E+00  0.12200000E+01  0.54927881E-01
  0.27999999E+00  0.12400000E+01  0.55959897E-01
  0.27999999E+00  0.12600000E+01  0.56928219E-01
  0.27999999E+00  0.12800000E+01  0.57800798E-01
  0.27999999E+00  0.13000000E+01  0.58524949E-01
  0.27999999E+00  0.13200000E+01  0.58997872E-01
  0.27999999E+00  0.13400000E+01  0.58923795E-01
  0.27999999E+00  0.13600000E+01  0.57683593E-01
  0.27999999E+00  0.13800000E+01  0.58903148E-01
  0.27999999E+00  0.14000000E+01  0.60121752E-01
  0.27999999E+00  0.14200000E+01  0.61338549E-01
  0.27999999E+00  0.14400000E+01  0.62552669E-01
  0.27999999E+00  0.14600000E+01  0.63763229E-01
  0.27999999E+00  0.14800000E+01  0.64969330E-01
  0.27999999E+00  0.15000000E+01  0.66170064E-01
  0.27999999E+00  0.15200000E+01  0.67364508E-01
  0.27999999E+00  0.15400000E+01  0.68551727E-01
  0.27999999E+00  0.15600000E+01  0.69730773E-01
  0.27999999E+00  0.15800000E+01  0.70900686E-01
  0.27999999E+00  0.16000000E+01  0.72060494E-01
  0.27999999E+00  0.16200000E+01  0.73209213E-01
  0.27999999E+00  0.16400000E+01  0.74345847E-01
  0.27999999E+00  0.16600000E+01  0.75469388E-01
  0.27999999E+00  0.16800000E+01  0.76578818E-01
  0.27999999E+00  0.17000000E+01  0.77673106E-01
  0.27999999E+00  0.17200000E+01  0.78751211E-01
  0.27999999E+00  0.17400000E+01  0.79812082E-01
  0.27999999E+00  0.17600000E+01  0.80854658E-01
  0.27999999E+00  0.17800000E+01  0.81877870E-01
  0.27999999E+00  0.18000000E+01  0.82880638E-01
  0.27999999E+00  0.18200000E+01  0.83861879E-01
  0.27999999E+00  0.18400000E+01  0.84820502E-01
  0.27999999E+00  0.18600000E+01  0.85755412E-01
  0.27999999E+00  0.18800000E+01  0.86665514E-01
  0.27999999E+00  0.19000000E+01  0.87549713E-01
  0.27999999E+00  0.19200000E+01  0.88406917E-01
  0.27999999E+00  0.19400000E+01  0.89236043E-01
  0.27999999E+00  0.19600000E+01  0.90036016E-01
  0.27999999E+00  0.19800000E+01  0.90805781E-01
  0.27999999E+00  0.20000000E+01  0.91544304E-01
  0.29999999E+00  0.00000000E+00  0.22100815E-02
  0.29999999E+00  0.20000000E-01  0.33380726E-02
  0.29999999E+00  0.39999999E-01  0.43884775E-02
  0.29999999E+00  0.59999999E-01  0.53345197E-02
  0.29999999E+00  0.79999998E-01  0.61318996E-02
  0.29999999E+00  0.99999998E-01  0.66849252E-02
  0.29999999E+00  0.12000000E+00  0.64834649E-02
  0.29999999E+00  0.14000000E+00  0.69089690E-02
  0.29999999E+00  0.16000000E+00  0.77804203E-02
  0.29999999E+00  0.18000000E+00  0.86399367E-02
  0.29999999E+00  0.20000000E+00  0.94880582E-02
  0.29999999E+00  0.22000000E+00  0.10325366E-01
  0.29999999E+00  0.23999999E+00  0.11152478E-01
  0.29999999E+00  0.25999999E+00  0.11970044E-01
  0.29999999E+00  0.27999999E+00  0.12778745E-01
  0.29999999E+00  0.29999999E+00  0.13579287E-01
  0.29999999E+00  0.31999999E+00  0.14372402E-01
  0.29999999E+00  0.33999999E+00  0.15158841E-01
  0.29999999E+00  0.35999999E+00  0.15939380E-01
  0.29999999E+00  0.37999999E+00  0.16714810E-01
  0.29999999E+00  0.39999999E+00  0.17485944E-01
  0.29999999E+00  0.41999999E+00  0.18253611E-01
  0.29999999E+00  0.43999999E+00  0.19018657E-01
  0.29999999E+00  0.45999999E+00  0.19781947E-01
  0.29999999E+00  0.47999999E+00  0.20544361E-01
  0.29999999E+00  0.49999999E+00  0.21306797E-01
  0.29999999E+00  0.51999999E+00  0.22070168E-01
  0.29999999E+00  0.53999999E+00  0.22835406E-01
  0.29999999E+00  0.55999999E+00  0.23603454E-01
  0.29999999E+00  0.57999999E+00  0.24375274E-01
  0.29999999E+00  0.59999999E+00  0.25151840E-01
  0.29999999E+00  0.61999999E+00  0.25934140E-01
  0.29999999E+00  0.63999999E+00  0.26723171E-01
  0.29999999E+00  0.65999999E+00  0.27519939E-01
  0.29999999E+00  0.67999998E+00  0.28325456E-01
  0.29999999E+00  0.69999998E+00  0.29140733E-01
  0.29999999E+00  0.71999998E+00  0.29966782E-01
  0.29999999E+00  0.73999998E+00  0.30804602E-01
  0.29999999E+00  0.75999998E+00  0.31655181E-01
  0.29999999E+00  0.77999998E+00  0.32519481E-01
  0.29999999E+00  0.79999998E+00  0.33398434E-01
  0.29999999E+00  0.81999998E+00  0.34292929E-01
  0.29999999E+00  0.83999998E+00  0.35203800E-01
  0.29999999E+00  0.85999998E+00  0.36131811E-01
  0.29999999E+00  0.87999998E+00  0.37077640E-01
  0.29999999E+00  0.89999998E+00  0.38041862E-01
  0.29999999E+00  0.91999998E+00  0.39024921E-01
  0.29999999E+00  0.93999998E+00  0.40027106E-01
  0.29999999E+00  0.95999998E+00  0.41048521E-01
  0.29999999E+00  0.97999998E+00  0.42089047E-01
  0.29999999E+00  0.99999998E+00  0.43148295E-01
  0.29999999E+00  0.10200000E+01  0.44225557E-01
  0.29999999E+00  0.10400000E+01  0.45319737E-01
  0.29999999E+00  0.10600000E+01  0.46429270E-01
  0.29999999E+00  0.10800000E+01  0.47552021E-01
  0.29999999E+00  0.11000000E+01  0.48685151E-01
  0.29999999E+00  0.11200000E+01  0.49824943E-01
  0.29999999E+00  0.11400000E+01  0.50966567E-01
  0.29999999E+00  0.11600000E+01  0.52103745E-01
  0.29999999E+00  0.11800000E+01  0.53228267E-01
  0.29999999E+00  0.12000000E+01  0.54329248E-01
  0.29999999E+00  0.12200000E+01  0.55391911E-01
  0.29999999E+00  0.12400000E+01  0.56395438E-01
  0.29999999E+00  0.12600000E+01  0.57308747E-01
  0.29999999E+00  0.12800000E+01  0.58080811E-01
  0.29999999E+00  0.13000000E+01  0.58612286E-01
  0.29999999E+00  0.13200000E+01  0.58618221E-01
  0.29999999E+00  0.13400000E+01  0.57501004E-01
  0.29999999E+00  0.13600000E+01  0.58739940E-01
  0.29999999E+00  0.13800000E+01  0.59978710E-01
  0.29999999E+00  0.14000000E+01  0.61216396E-01
  0.29999999E+00  0.14200000E+01  0.62452065E-01
  0.29999999E+00  0.14400000E+01  0.63684763E-01
  0.29999999E+00  0.14600000E+01  0.64913518E-01
  0.29999999E+00  0.14800000E+01  0.66137342E-01
  0.29999999E+00  0.15000000E+01  0.67355227E-01
  0.29999999E+00  0.15200000E+01  0.68566149E-01
  0.29999999E+00  0.15400000E+01  0.69769065E-01
  0.29999999E+00  0.15600000E+01  0.70962918E-01
  0.29999999E+00  0.15800000E+01  0.72146632E-01
  0.29999999E+00  0.16000000E+01  0.73319113E-01
  0.29999999E+00  0.16200000E+01  0.74479255E-01
  0.29999999E+00  0.16400000E+01  0.75625931E-01
  0.29999999E+00  0.16600000E+01  0.76758002E-01
  0.29999999E+00  0.16800000E+01  0.77874313E-01
  0.29999999E+00  0.17000000E+01  0.78973692E-01
  0.29999999E+00  0.17200000E+01  0.80054955E-01
  0.29999999E+00  0.17400000E+01  0.81116905E-01
  0.29999999E+00  0.17600000E+01  0.82158332E-01
  0.29999999E+00  0.17800000E+01  0.83178014E-01
  0.29999999E+00  0.18000000E+01  0.84174720E-01
  0.29999999E+00  0.18200000E+01  0.85147211E-01
  0.29999999E+00  0.18400000E+01  0.86094242E-01
  0.29999999E+00  0.18600000E+01  0.87014564E-01
  0.29999999E+00  0.18800000E+01  0.87906929E-01
  0.29999999E+00  0.19000000E+01  0.88770089E-01
  0.29999999E+00  0.19200000E+01  0.89602807E-01
  0.29999999E+00  0.19400000E+01  0.90403854E-01
  0.29999999E+00  0.19600000E+01  0.91172021E-01
  0.29999999E+00  0.19800000E+01  0.91906123E-01
  0.29999999E+00  0.20000000E+01  0.92605006E-01
  0.31999999E+00  0.00000000E+00  0.24631078E-02
  0.31999999E+00  0.20000000E-01  0.35699826E-02
  0.31999999E+00  0.39999999E-01  0.45683792E-02
  0.31999999E+00  0.59999999E-01  0.54098021E-02
  0.31999999E+00  0.79999998E-01  0.59906952E-02
  0.31999999E+00  0.99999998E-01  0.57676046E-02
  0.31999999E+00  0.12000000E+00  0.61905724E-02
  0.31999999E+00  0.14000000E+00  0.70821371E-02
  0.31999999E+00  0.16000000E+00  0.79596291E-02
  0.31999999E+00  0.18000000E+00  0.88236837E-02
  0.31999999E+00  0.20000000E+00  0.96749773E-02
  0.31999999E+00  0.22000000E+00  0.10514222E-01
  0.31999999E+00  0.23999999E+00  0.11342163E-01
  0.31999999E+00  0.25999999E+00  0.12159572E-01
  0.31999999E+00  0.27999999E+00  0.12967246E-01
  0.31999999E+00  0.29999999E+00  0.13766006E-01
  0.31999999E+00  0.31999999E+00  0.14556692E-01
  0.31999999E+00  0.33999999E+00  0.15340164E-01
  0.31999999E+00  0.35999999E+00  0.16117299E-01
  0.31999999E+00  0.37999999E+00  0.16888990E-01
  0.31999999E+00  0.39999999E+00  0.17656147E-01
  0.31999999E+00  0.41999999E+00  0.18419694E-01
  0.31999999E+00  0.43999999E+00  0.19180571E-01
  0.31999999E+00  0.45999999E+00  0.19939734E-01
  0.31999999E+00  0.47999999E+00  0.20698153E-01
  0.31999999E+00  0.49999999E+00  0.21456813E-01
  0.31999999E+00  0.51999999E+00  0.22216714E-01
  0.31999999E+00  0.53999999E+00  0.22978871E-01
  0.31999999E+00  0.55999999E+00  0.23744313E-01
  0.31999999E+00  0.57999999E+00  0.24514081E-01
  0.31999999E+00  0.59999999E+00  0.25289230E-01
  0.31999999E+00  0.61999999E+00  0.26070824E-01
  0.31999999E+00  0.63999999E+00  0.26859938E-01
  0.31999999E+00  0.65999999E+00  0.27657651E-01
  0.31999999E+00  0.67999998E+00  0.28465044E-01
  0.31999999E+00  0.69999998E+00  0.29283198E-01
  0.31999999E+00  0.71999998E+00  0.30113185E-01
  0.31999999E+00  0.73999998E+00  0.30956067E-01
  0.31999999E+00  0.75999998E+00  0.31812883E-01
  0.31999999E+00  0.77999998E+00  0.32684643E-01
  0.31999999E+00  0.79999998E+00  0.33572319E-01
  0.31999999E+00  0.81999998E+00  0.34476831E-01
  0.31999999E+00  0.83999998E+00  0.35399033E-01
  0.31999999E+00  0.85999998E+00  0.36339698E-01
  0.31999999E+00  0.87999998E+00  0.37299496E-01
  0.31999999E+00  0.89999998E+00  0.38278976E-01
  0.31999999E+00  0.91999998E+00  0.39278537E-01
  0.31999999E+00  0.93999998E+00  0.40298398E-01
  0.31999999E+00  0.95999998E+00  0.41338559E-01
  0.31999999E+00  0.97999998E+00  0.42398763E-01
  0.31999999E+00  0.99999998E+00  0.43478436E-01
  0.31999999E+00  0.10200000E+01  0.44576630E-01
  0.31999999E+00  0.10400000E+01  0.45691938E-01
  0.31999999E+00  0.10600000E+01  0.46822395E-01
  0.31999999E+00  0.10800000E+01  0.47965352E-01
  0.31999999E+00  0.11000000E+01  0.49117301E-01
  0.31999999E+00  0.11200000E+01  0.50273649E-01
  0.31999999E+00  0.11400000E+01  0.51428396E-01
  0.31999999E+00  0.11600000E+01  0.52573663E-01
  0.31999999E+00  0.11800000E+01  0.53698977E-01
  0.31999999E+00  0.12000000E+01  0.54790099E-01
  0.31999999E+00  0.12200000E+01  0.55826960E-01
  0.31999999E+00  0.12400000E+01  0.56779608E-01
  0.31999999E+00  0.12600000E+01  0.57598935E-01
  0.31999999E+00  0.12800000E+01  0.58189550E-01
  0.31999999E+00  0.13000000E+01  0.58278687E-01
  0.31999999E+00  0.13200000E+01  0.57293164E-01
  0.31999999E+00  0.13400000E+01  0.58549652E-01
  0.31999999E+00  0.13600000E+01  0.59806842E-01
  0.31999999E+00  0.13800000E+01  0.61063768E-01
  0.31999999E+00  0.14000000E+01  0.62319439E-01
  0.31999999E+00  0.14200000E+01  0.63572844E-01
  0.31999999E+00  0.14400000E+01  0.64822945E-01
  0.31999999E+00  0.14600000E+01  0.66068684E-01
  0.31999999E+00  0.14800000E+01  0.67308978E-01
  0.31999999E+00  0.15000000E+01  0.68542722E-01
  0.31999999E+00  0.15200000E+01  0.69768790E-01
  0.31999999E+00  0.15400000E+01  0.70986032E-01
  0.31999999E+00  0.15600000E+01  0.72193279E-01
  0.31999999E+00  0.15800000E+01  0.73389336E-01
  0.31999999E+00  0.16000000E+01  0.74572992E-01
  0.31999999E+00  0.16200000E+01  0.75743011E-01
  0.31999999E+00  0.16400000E+01  0.76898139E-01
  0.31999999E+00  0.16600000E+01  0.78037103E-01
  0.31999999E+00  0.16800000E+01  0.79158607E-01
  0.31999999E+00  0.17000000E+01  0.80261341E-01
  0.31999999E+00  0.17200000E+01  0.81343975E-01
  0.31999999E+00  0.17400000E+01  0.82405164E-01
  0.31999999E+00  0.17600000E+01  0.83443547E-01
  0.31999999E+00  0.17800000E+01  0.84457750E-01
  0.31999999E+00  0.18000000E+01  0.85446389E-01
  0.31999999E+00  0.18200000E+01  0.86408070E-01
  0.31999999E+00  0.18400000E+01  0.87341394E-01
  0.31999999E+00  0.18600000E+01  0.88244957E-01
  0.31999999E+00  0.18800000E+01  0.89117360E-01
  0.31999999E+00  0.19000000E+01  0.89957207E-01
  0.31999999E+00  0.19200000E+01  0.90763116E-01
  0.31999999E+00  0.19400000E+01  0.91533720E-01
  0.31999999E+00  0.19600000E+01  0.92267679E-01
  0.31999999E+00  0.19800000E+01  0.92963687E-01
  0.31999999E+00  0.20000000E+01  0.93620483E-01
  0.33999999E+00  0.00000000E+00  0.26838707E-02
  0.33999999E+00  0.20000000E-01  0.37367023E-02
  0.33999999E+00  0.39999999E-01  0.46256893E-02
  0.33999999E+00  0.59999999E-01  0.52401778E-02
  0.33999999E+00  0.79999998E-01  0.50077669E-02
  0.33999999E+00  0.99999998E-01  0.54345370E-02
  0.33999999E+00  0.12000000E+00  0.63484383E-02
  0.33999999E+00  0.14000000E+00  0.72460959E-02
  0.33999999E+00  0.16000000E+00  0.81282398E-02
  0.33999999E+00  0.18000000E+00  0.89956402E-02
  0.33999999E+00  0.20000000E+00  0.98491027E-02
  0.33999999E+00  0.22000000E+00  0.10689463E-01
  0.33999999E+00  0.23999999E+00  0.11517585E-01
  0.33999999E+00  0.25999999E+00  0.12334355E-01
  0.33999999E+00  0.27999999E+00  0.13140681E-01
  0.33999999E+00  0.29999999E+00  0.13937488E-01
  0.33999999E+00  0.31999999E+00  0.14725720E-01
  0.33999999E+00  0.33999999E+00  0.15506336E-01
  0.33999999E+00  0.35999999E+00  0.16280307E-01
  0.33999999E+00  0.37999999E+00  0.17048622E-01
  0.33999999E+00  0.39999999E+00  0.17812280E-01
  0.33999999E+00  0.41999999E+00  0.18572295E-01
  0.33999999E+00  0.43999999E+00  0.19329693E-01
  0.33999999E+00  0.45999999E+00  0.20085515E-01
  0.33999999E+00  0.47999999E+00  0.20840812E-01
  0.33999999E+00  0.49999999E+00  0.21596652E-01
  0.33999999E+00  0.51999999E+00  0.22354114E-01
  0.33999999E+00  0.53999999E+00  0.23114290E-01
  0.33999999E+00  0.55999999E+00  0.23878286E-01
  0.33999999E+00  0.57999999E+00  0.24647219E-01
  0.33999999E+00  0.59999999E+00  0.25422214E-01
  0.33999999E+00  0.61999999E+00  0.26204409E-01
  0.33999999E+00  0.63999999E+00  0.26994946E-01
  0.33999999E+00  0.65999999E+00  0.27794969E-01
  0.33999999E+00  0.67999998E+00  0.28605623E-01
  0.33999999E+00  0.69999998E+00  0.29428048E-01
  0.33999999E+00  0.71999998E+00  0.30263372E-01
  0.33999999E+00  0.73999998E+00  0.31112707E-01
  0.33999999E+00  0.75999998E+00  0.31977135E-01
  0.33999999E+00  0.77999998E+00  0.32857705E-01
  0.33999999E+00  0.79999998E+00  0.33755418E-01
  0.33999999E+00  0.81999998E+00  0.34671213E-01
  0.33999999E+00  0.83999998E+00  0.35605951E-01
  0.33999999E+00  0.85999998E+00  0.36560399E-01
  0.33999999E+00  0.87999998E+00  0.37535206E-01
  0.33999999E+00  0.89999998E+00  0.38530877E-01
  0.33999999E+00  0.91999998E+00  0.39547745E-01
  0.33999999E+00  0.93999998E+00  0.40585934E-01
  0.33999999E+00  0.95999998E+00  0.41645316E-01
  0.33999999E+00  0.97999998E+00  0.42725460E-01
  0.33999999E+00  0.99999998E+00  0.43825569E-01
  0.33999999E+00  0.10200000E+01  0.44944404E-01
  0.33999999E+00  0.10400000E+01  0.46080184E-01
  0.33999999E+00  0.10600000E+01  0.47230463E-01
  0.33999999E+00  0.10800000E+01  0.48391963E-01
  0.33999999E+00  0.11000000E+01  0.49560355E-01
  0.33999999E+00  0.11200000E+01  0.50729948E-01
  0.33999999E+00  0.11400000E+01  0.51893236E-01
  0.33999999E+00  0.11600000E+01  0.53040210E-01
  0.33999999E+00  0.11800000E+01  0.54157240E-01
  0.33999999E+00  0.12000000E+01  0.55225099E-01
  0.33999999E+00  0.12200000E+01  0.56215100E-01
  0.33999999E+00  0.12400000E+01  0.57080264E-01
  0.33999999E+00  0.12600000E+01  0.57729542E-01
  0.33999999E+00  0.12800000E+01  0.57903410E-01
  0.33999999E+00  0.13000000E+01  0.57055394E-01
  0.33999999E+00  0.13200000E+01  0.58327557E-01
  0.33999999E+00  0.13400000E+01  0.59601360E-01
  0.33999999E+00  0.13600000E+01  0.60875798E-01
  0.33999999E+00  0.13800000E+01  0.62149836E-01
  0.33999999E+00  0.14000000E+01  0.63422410E-01
  0.33999999E+00  0.14200000E+01  0.64692430E-01
  0.33999999E+00  0.14400000E+01  0.65958776E-01
  0.33999999E+00  0.14600000E+01  0.67220300E-01
  0.33999999E+00  0.14800000E+01  0.68475826E-01
  0.33999999E+00  0.15000000E+01  0.69724152E-01
  0.33999999E+00  0.15200000E+01  0.70964047E-01
  0.33999999E+00  0.15400000E+01  0.72194255E-01
  0.33999999E+00  0.15600000E+01  0.73413491E-01
  0.33999999E+00  0.15800000E+01  0.74620446E-01
  0.33999999E+00  0.16000000E+01  0.75813784E-01
  0.33999999E+00  0.16200000E+01  0.76992144E-01
  0.33999999E+00  0.16400000E+01  0.78154140E-01
  0.33999999E+00  0.16600000E+01  0.79298362E-01
  0.33999999E+00  0.16800000E+01  0.80423377E-01
  0.33999999E+00  0.17000000E+01  0.81527731E-01
  0.33999999E+00  0.17200000E+01  0.82609949E-01
  0.33999999E+00  0.17400000E+01  0.83668536E-01
  0.33999999E+00  0.17600000E+01  0.84701980E-01
  0.33999999E+00  0.17800000E+01  0.85708756E-01
  0.33999999E+00  0.18000000E+01  0.86687325E-01
  0.33999999E+00  0.18200000E+01  0.87636138E-01
  0.33999999E+00  0.18400000E+01  0.88553643E-01
  0.33999999E+00  0.18600000E+01  0.89438285E-01
  0.33999999E+00  0.18800000E+01  0.90288515E-01
  0.33999999E+00  0.19000000E+01  0.91102792E-01
  0.33999999E+00  0.19200000E+01  0.91879595E-01
  0.33999999E+00  0.19400000E+01  0.92617426E-01
  0.33999999E+00  0.19600000E+01  0.93314823E-01
  0.33999999E+00  0.19800000E+01  0.93970369E-01
  0.33999999E+00  0.20000000E+01  0.94582709E-01
  0.35999999E+00  0.00000000E+00  0.28392064E-02
  0.35999999E+00  0.20000000E-01  0.37794283E-02
  0.35999999E+00  0.39999999E-01  0.44335198E-02
  0.35999999E+00  0.59999999E-01  0.42048374E-02
  0.35999999E+00  0.79999998E-01  0.46421035E-02
  0.35999999E+00  0.99999998E-01  0.55806294E-02
  0.35999999E+00  0.12000000E+00  0.65007048E-02
  0.35999999E+00  0.14000000E+00  0.74031530E-02
  0.35999999E+00  0.16000000E+00  0.82888368E-02
  0.35999999E+00  0.18000000E+00  0.91586535E-02
  0.35999999E+00  0.20000000E+00  0.10013530E-01
  0.35999999E+00  0.22000000E+00  0.10854419E-01
  0.35999999E+00  0.23999999E+00  0.11682294E-01
  0.35999999E+00  0.25999999E+00  0.12498149E-01
  0.35999999E+00  0.27999999E+00  0.13302993E-01
  0.35999999E+00  0.29999999E+00  0.14097852E-01
  0.35999999E+00  0.31999999E+00  0.14883764E-01
  0.35999999E+00  0.33999999E+00  0.15661779E-01
  0.35999999E+00  0.35999999E+00  0.16432960E-01
  0.35999999E+00  0.37999999E+00  0.17198378E-01
  0.35999999E+00  0.39999999E+00  0.17959119E-01
  0.35999999E+00  0.41999999E+00  0.18716277E-01
  0.35999999E+00  0.43999999E+00  0.19470959E-01
  0.35999999E+00  0.45999999E+00  0.20224282E-01
  0.35999999E+00  0.47999999E+00  0.20977376E-01
  0.35999999E+00  0.49999999E+00  0.21731382E-01
  0.35999999E+00  0.51999999E+00  0.22487452E-01
  0.35999999E+00  0.53999999E+00  0.23246749E-01
  0.35999999E+00  0.55999999E+00  0.24010449E-01
  0.35999999E+00  0.57999999E+00  0.24779737E-01
  0.35999999E+00  0.59999999E+00  0.25555804E-01
  0.35999999E+00  0.61999999E+00  0.26339851E-01
  0.35999999E+00  0.63999999E+00  0.27133080E-01
  0.35999999E+00  0.65999999E+00  0.27936697E-01
  0.35999999E+00  0.67999998E+00  0.28751899E-01
  0.35999999E+00  0.69999998E+00  0.29579879E-01
  0.35999999E+00  0.71999998E+00  0.30421812E-01
  0.35999999E+00  0.73999998E+00  0.31278848E-01
  0.35999999E+00  0.75999998E+00  0.32152107E-01
  0.35999999E+00  0.77999998E+00  0.33042665E-01
  0.35999999E+00  0.79999998E+00  0.33951539E-01
  0.35999999E+00  0.81999998E+00  0.34879676E-01
  0.35999999E+00  0.83999998E+00  0.35827932E-01
  0.35999999E+00  0.85999998E+00  0.36797053E-01
  0.35999999E+00  0.87999998E+00  0.37787649E-01
  0.35999999E+00  0.89999998E+00  0.38800163E-01
  0.35999999E+00  0.91999998E+00  0.39834841E-01
  0.35999999E+00  0.93999998E+00  0.40891686E-01
  0.35999999E+00  0.95999998E+00  0.41970410E-01
  0.35999999E+00  0.97999998E+00  0.43070373E-01
  0.35999999E+00  0.99999998E+00  0.44190509E-01
  0.35999999E+00  0.10200000E+01  0.45329230E-01
  0.35999999E+00  0.10400000E+01  0.46484304E-01
  0.35999999E+00  0.10600000E+01  0.47652701E-01
  0.35999999E+00  0.10800000E+01  0.48830374E-01
  0.35999999E+00  0.11000000E+01  0.50011969E-01
  0.35999999E+00  0.11200000E+01  0.51190384E-01
  0.35999999E+00  0.11400000E+01  0.52356120E-01
  0.35999999E+00  0.11600000E+01  0.53496210E-01
  0.35999999E+00  0.11800000E+01  0.54592346E-01
  0.35999999E+00  0.12000000E+01  0.55617212E-01
  0.35999999E+00  0.12200000E+01  0.56526127E-01
  0.35999999E+00  0.12400000E+01  0.57232680E-01
  0.35999999E+00  0.12600000E+01  0.57491367E-01
  0.35999999E+00  0.12800000E+01  0.56784145E-01
  0.35999999E+00  0.13000000E+01  0.58070072E-01
  0.35999999E+00  0.13200000E+01  0.59358636E-01
  0.35999999E+00  0.13400000E+01  0.60648800E-01
  0.35999999E+00  0.13600000E+01  0.61939494E-01
  0.35999999E+00  0.13800000E+01  0.63229615E-01
  0.35999999E+00  0.14000000E+01  0.64518027E-01
  0.35999999E+00  0.14200000E+01  0.65803558E-01
  0.35999999E+00  0.14400000E+01  0.67085005E-01
  0.35999999E+00  0.14600000E+01  0.68361132E-01
  0.35999999E+00  0.14800000E+01  0.69630669E-01
  0.35999999E+00  0.15000000E+01  0.70892314E-01
  0.35999999E+00  0.15200000E+01  0.72144733E-01
  0.35999999E+00  0.15400000E+01  0.73386559E-01
  0.35999999E+00  0.15600000E+01  0.74616396E-01
  0.35999999E+00  0.15800000E+01  0.75832813E-01
  0.35999999E+00  0.16000000E+01  0.77034352E-01
  0.35999999E+00  0.16200000E+01  0.78219524E-01
  0.35999999E+00  0.16400000E+01  0.79386810E-01
  0.35999999E+00  0.16600000E+01  0.80534664E-01
  0.35999999E+00  0.16800000E+01  0.81661513E-01
  0.35999999E+00  0.17000000E+01  0.82765758E-01
  0.35999999E+00  0.17200000E+01  0.83845777E-01
  0.35999999E+00  0.17400000E+01  0.84899927E-01
  0.35999999E+00  0.17600000E+01  0.85926544E-01
  0.35999999E+00  0.17800000E+01  0.86923949E-01
  0.35999999E+00  0.18000000E+01  0.87890451E-01
  0.35999999E+00  0.18200000E+01  0.88824348E-01
  0.35999999E+00  0.18400000E+01  0.89723936E-01
  0.35999999E+00  0.18600000E+01  0.90587513E-01
  0.35999999E+00  0.18800000E+01  0.91413382E-01
  0.35999999E+00  0.19000000E+01  0.92199865E-01
  0.35999999E+00  0.19200000E+01  0.92945308E-01
  0.35999999E+00  0.19400000E+01  0.93648089E-01
  0.35999999E+00  0.19600000E+01  0.94306637E-01
  0.35999999E+00  0.19800000E+01  0.94919439E-01
  0.35999999E+00  0.20000000E+01  0.95485061E-01
  0.37999999E+00  0.00000000E+00  0.28706755E-02
  0.37999999E+00  0.20000000E-01  0.35705679E-02
  0.37999999E+00  0.39999999E-01  0.33592098E-02
  0.37999999E+00  0.59999999E-01  0.38139523E-02
  0.37999999E+00  0.79999998E-01  0.47794622E-02
  0.37999999E+00  0.99999998E-01  0.57242752E-02
  0.37999999E+00  0.12000000E+00  0.66493073E-02
  0.37999999E+00  0.14000000E+00  0.75555130E-02
  0.37999999E+00  0.16000000E+00  0.84438804E-02
  0.37999999E+00  0.18000000E+00  0.93154258E-02
  0.37999999E+00  0.20000000E+00  0.10171190E-01
  0.37999999E+00  0.22000000E+00  0.11012232E-01
  0.37999999E+00  0.23999999E+00  0.11839631E-01
  0.37999999E+00  0.25999999E+00  0.12654479E-01
  0.37999999E+00  0.27999999E+00  0.13457881E-01
  0.37999999E+00  0.29999999E+00  0.14250952E-01
  0.37999999E+00  0.31999999E+00  0.15034819E-01
  0.37999999E+00  0.33999999E+00  0.15810616E-01
  0.37999999E+00  0.35999999E+00  0.16579488E-01
  0.37999999E+00  0.37999999E+00  0.17342588E-01
  0.37999999E+00  0.39999999E+00  0.18101075E-01
  0.37999999E+00  0.41999999E+00  0.18856122E-01
  0.37999999E+00  0.43999999E+00  0.19608906E-01
  0.37999999E+00  0.45999999E+00  0.20360617E-01
  0.37999999E+00  0.47999999E+00  0.21112454E-01
  0.37999999E+00  0.49999999E+00  0.21865626E-01
  0.37999999E+00  0.51999999E+00  0.22621351E-01
  0.37999999E+00  0.53999999E+00  0.23380857E-01
  0.37999999E+00  0.55999999E+00  0.24145383E-01
  0.37999999E+00  0.57999999E+00  0.24916174E-01
  0.37999999E+00  0.59999999E+00  0.25694480E-01
  0.37999999E+00  0.61999999E+00  0.26481560E-01
  0.37999999E+00  0.63999999E+00  0.27278668E-01
  0.37999999E+00  0.65999999E+00  0.28087061E-01
  0.37999999E+00  0.67999998E+00  0.28907985E-01
  0.37999999E+00  0.69999998E+00  0.29742674E-01
  0.37999999E+00  0.71999998E+00  0.30592340E-01
  0.37999999E+00  0.73999998E+00  0.31458168E-01
  0.37999999E+00  0.75999998E+00  0.32341300E-01
  0.37999999E+00  0.77999998E+00  0.33242829E-01
  0.37999999E+00  0.79999998E+00  0.34163780E-01
  0.37999999E+00  0.81999998E+00  0.35105094E-01
  0.37999999E+00  0.83999998E+00  0.36067607E-01
  0.37999999E+00  0.85999998E+00  0.37052030E-01
  0.37999999E+00  0.87999998E+00  0.38058914E-01
  0.37999999E+00  0.89999998E+00  0.39088622E-01
  0.37999999E+00  0.91999998E+00  0.40141288E-01
  0.37999999E+00  0.93999998E+00  0.41216768E-01
  0.37999999E+00  0.95999998E+00  0.42314580E-01
  0.37999999E+00  0.97999998E+00  0.43433833E-01
  0.37999999E+00  0.99999998E+00  0.44573137E-01
  0.37999999E+00  0.10200000E+01  0.45730487E-01
  0.37999999E+00  0.10400000E+01  0.46903107E-01
  0.37999999E+00  0.10600000E+01  0.48087254E-01
  0.37999999E+00  0.10800000E+01  0.49277924E-01
  0.37999999E+00  0.11000000E+01  0.50468451E-01
  0.37999999E+00  0.11200000E+01  0.51649879E-01
  0.37999999E+00  0.11400000E+01  0.52809948E-01
  0.37999999E+00  0.11600000E+01  0.53931329E-01
  0.37999999E+00  0.11800000E+01  0.54988161E-01
  0.37999999E+00  0.12000000E+01  0.55938186E-01
  0.37999999E+00  0.12200000E+01  0.56699849E-01
  0.37999999E+00  0.12400000E+01  0.57042202E-01
  0.37999999E+00  0.12600000E+01  0.56476864E-01
  0.37999999E+00  0.12800000E+01  0.57774629E-01
  0.37999999E+00  0.13000000E+01  0.59076071E-01
  0.37999999E+00  0.13200000E+01  0.60380133E-01
  0.37999999E+00  0.13400000E+01  0.61685719E-01
  0.37999999E+00  0.13600000E+01  0.62991695E-01
  0.37999999E+00  0.13800000E+01  0.64296889E-01
  0.37999999E+00  0.14000000E+01  0.65600088E-01
  0.37999999E+00  0.14200000E+01  0.66900044E-01
  0.37999999E+00  0.14400000E+01  0.68195467E-01
  0.37999999E+00  0.14600000E+01  0.69485032E-01
  0.37999999E+00  0.14800000E+01  0.70767375E-01
  0.37999999E+00  0.15000000E+01  0.72041093E-01
  0.37999999E+00  0.15200000E+01  0.73304747E-01
  0.37999999E+00  0.15400000E+01  0.74556860E-01
  0.37999999E+00  0.15600000E+01  0.75795920E-01
  0.37999999E+00  0.15800000E+01  0.77020378E-01
  0.37999999E+00  0.16000000E+01  0.78228649E-01
  0.37999999E+00  0.16200000E+01  0.79419115E-01
  0.37999999E+00  0.16400000E+01  0.80590125E-01
  0.37999999E+00  0.16600000E+01  0.81739993E-01
  0.37999999E+00  0.16800000E+01  0.82867006E-01
  0.37999999E+00  0.17000000E+01  0.83969421E-01
  0.37999999E+00  0.17200000E+01  0.85045468E-01
  0.37999999E+00  0.17400000E+01  0.86093353E-01
  0.37999999E+00  0.17600000E+01  0.87111263E-01
  0.37999999E+00  0.17800000E+01  0.88097366E-01
  0.37999999E+00  0.18000000E+01  0.89049820E-01
  0.37999999E+00  0.18200000E+01  0.89966771E-01
  0.37999999E+00  0.18400000E+01  0.90846368E-01
  0.37999999E+00  0.18600000E+01  0.91686763E-01
  0.37999999E+00  0.18800000E+01  0.92486122E-01
  0.37999999E+00  0.19000000E+01  0.93242632E-01
  0.37999999E+00  0.19200000E+01  0.93954517E-01
  0.37999999E+00  0.19400000E+01  0.94620046E-01
  0.37999999E+00  0.19600000E+01  0.95237549E-01
  0.37999999E+00  0.19800000E+01  0.95805435E-01
  0.37999999E+00  0.20000000E+01  0.96322212E-01
  0.39999999E+00  0.00000000E+00  0.26508962E-02
  0.39999999E+00  0.20000000E-01  0.24708144E-02
  0.39999999E+00  0.39999999E-01  0.29502326E-02
  0.39999999E+00  0.59999999E-01  0.39451610E-02
  0.39999999E+00  0.79999998E-01  0.49171042E-02
  0.39999999E+00  0.99999998E-01  0.58670697E-02
  0.39999999E+00  0.12000000E+00  0.67961033E-02
  0.39999999E+00  0.14000000E+00  0.77052829E-02
  0.39999999E+00  0.16000000E+00  0.85957132E-02
  0.39999999E+00  0.18000000E+00  0.94685214E-02
  0.39999999E+00  0.20000000E+00  0.10324853E-01
  0.39999999E+00  0.22000000E+00  0.11165869E-01
  0.39999999E+00  0.23999999E+00  0.11992742E-01
  0.39999999E+00  0.25999999E+00  0.12806656E-01
  0.39999999E+00  0.27999999E+00  0.13608803E-01
  0.39999999E+00  0.29999999E+00  0.14400382E-01
  0.39999999E+00  0.31999999E+00  0.15182601E-01
  0.39999999E+00  0.33999999E+00  0.15956672E-01
  0.39999999E+00  0.35999999E+00  0.16723814E-01
  0.39999999E+00  0.37999999E+00  0.17485252E-01
  0.39999999E+00  0.39999999E+00  0.18242218E-01
  0.39999999E+00  0.41999999E+00  0.18995949E-01
  0.39999999E+00  0.43999999E+00  0.19747693E-01
  0.39999999E+00  0.45999999E+00  0.20498703E-01
  0.39999999E+00  0.47999999E+00  0.21250240E-01
  0.39999999E+00  0.49999999E+00  0.22003575E-01
  0.39999999E+00  0.51999999E+00  0.22759985E-01
  0.39999999E+00  0.53999999E+00  0.23520757E-01
  0.39999999E+00  0.55999999E+00  0.24287184E-01
  0.39999999E+00  0.57999999E+00  0.25060567E-01
  0.39999999E+00  0.59999999E+00  0.25842207E-01
  0.39999999E+00  0.61999999E+00  0.26633411E-01
  0.39999999E+00  0.63999999E+00  0.27435481E-01
  0.39999999E+00  0.65999999E+00  0.28249716E-01
  0.39999999E+00  0.67999998E+00  0.29077401E-01
  0.39999999E+00  0.69999998E+00  0.29919804E-01
  0.39999999E+00  0.71999998E+00  0.30778167E-01
  0.39999999E+00  0.73999998E+00  0.31653695E-01
  0.39999999E+00  0.75999998E+00  0.32547548E-01
  0.39999999E+00  0.77999998E+00  0.33460822E-01
  0.39999999E+00  0.79999998E+00  0.34394537E-01
  0.39999999E+00  0.81999998E+00  0.35349617E-01
  0.39999999E+00  0.83999998E+00  0.36326864E-01
  0.39999999E+00  0.85999998E+00  0.37326934E-01
  0.39999999E+00  0.87999998E+00  0.38350305E-01
  0.39999999E+00  0.89999998E+00  0.39397238E-01
  0.39999999E+00  0.91999998E+00  0.40467728E-01
  0.39999999E+00  0.93999998E+00  0.41561453E-01
  0.39999999E+00  0.95999998E+00  0.42677699E-01
  0.39999999E+00  0.97999998E+00  0.43815278E-01
  0.39999999E+00  0.99999998E+00  0.44972413E-01
  0.39999999E+00  0.10200000E+01  0.46146595E-01
  0.39999999E+00  0.10400000E+01  0.47334389E-01
  0.39999999E+00  0.10600000E+01  0.48531167E-01
  0.39999999E+00  0.10800000E+01  0.49730712E-01
  0.39999999E+00  0.11000000E+01  0.50924637E-01
  0.39999999E+00  0.11200000E+01  0.52101427E-01
  0.39999999E+00  0.11400000E+01  0.53244775E-01
  0.39999999E+00  0.11600000E+01  0.54330340E-01
  0.39999999E+00  0.11800000E+01  0.55318375E-01
  0.39999999E+00  0.12000000E+01  0.56132330E-01
  0.39999999E+00  0.12200000E+01  0.56556138E-01
  0.39999999E+00  0.12400000E+01  0.56131882E-01
  0.39999999E+00  0.12600000E+01  0.57439556E-01
  0.39999999E+00  0.12800000E+01  0.58751979E-01
  0.39999999E+00  0.13000000E+01  0.60068083E-01
  0.39999999E+00  0.13200000E+01  0.61386756E-01
  0.39999999E+00  0.13400000E+01  0.62706842E-01
  0.39999999E+00  0.13600000E+01  0.64027143E-01
  0.39999999E+00  0.13800000E+01  0.65346415E-01
  0.39999999E+00  0.14000000E+01  0.66663371E-01
  0.39999999E+00  0.14200000E+01  0.67976683E-01
  0.39999999E+00  0.14400000E+01  0.69284975E-01
  0.39999999E+00  0.14600000E+01  0.70586832E-01
  0.39999999E+00  0.14800000E+01  0.71880792E-01
  0.39999999E+00  0.15000000E+01  0.73165354E-01
  0.39999999E+00  0.15200000E+01  0.74438970E-01
  0.39999999E+00  0.15400000E+01  0.75700054E-01
  0.39999999E+00  0.15600000E+01  0.76946976E-01
  0.39999999E+00  0.15800000E+01  0.78178065E-01
  0.39999999E+00  0.16000000E+01  0.79391612E-01
  0.39999999E+00  0.16200000E+01  0.80585868E-01
  0.39999999E+00  0.16400000E+01  0.81759045E-01
  0.39999999E+00  0.16600000E+01  0.82909322E-01
  0.39999999E+00  0.16800000E+01  0.84034842E-01
  0.39999999E+00  0.17000000E+01  0.85133716E-01
  0.39999999E+00  0.17200000E+01  0.86204029E-01
  0.39999999E+00  0.17400000E+01  0.87243837E-01
  0.39999999E+00  0.17600000E+01  0.88251176E-01
  0.39999999E+00  0.17800000E+01  0.89224064E-01
  0.39999999E+00  0.18000000E+01  0.90160509E-01
  0.39999999E+00  0.18200000E+01  0.91058511E-01
  0.39999999E+00  0.18400000E+01  0.91916075E-01
  0.39999999E+00  0.18600000E+01  0.92731214E-01
  0.39999999E+00  0.18800000E+01  0.93501961E-01
  0.39999999E+00  0.19000000E+01  0.94226382E-01
  0.39999999E+00  0.19200000E+01  0.94902590E-01
  0.39999999E+00  0.19400000E+01  0.95528756E-01
  0.39999999E+00  0.19600000E+01  0.96103133E-01
  0.39999999E+00  0.19800000E+01  0.96624072E-01
  0.39999999E+00  0.20000000E+01  0.97090049E-01
  0.41999999E+00  0.00000000E+00  0.15391441E-02
  0.41999999E+00  0.20000000E-01  0.20505876E-02
  0.41999999E+00  0.39999999E-01  0.30774489E-02
  0.41999999E+00  0.59999999E-01  0.40789916E-02
  0.41999999E+00  0.79999998E-01  0.50563147E-02
  0.41999999E+00  0.99999998E-01  0.60105545E-02
  0.41999999E+00  0.12000000E+00  0.69428778E-02
  0.41999999E+00  0.14000000E+00  0.78544772E-02
  0.41999999E+00  0.16000000E+00  0.87465656E-02
  0.41999999E+00  0.18000000E+00  0.96203726E-02
  0.41999999E+00  0.20000000E+00  0.10477141E-01
  0.41999999E+00  0.22000000E+00  0.11318123E-01
  0.41999999E+00  0.23999999E+00  0.12144579E-01
  0.41999999E+00  0.25999999E+00  0.12957777E-01
  0.41999999E+00  0.27999999E+00  0.13758990E-01
  0.41999999E+00  0.29999999E+00  0.14549492E-01
  0.41999999E+00  0.31999999E+00  0.15330564E-01
  0.41999999E+00  0.33999999E+00  0.16103489E-01
  0.41999999E+00  0.35999999E+00  0.16869555E-01
  0.41999999E+00  0.37999999E+00  0.17630051E-01
  0.41999999E+00  0.39999999E+00  0.18386275E-01
  0.41999999E+00  0.41999999E+00  0.19139524E-01
  0.41999999E+00  0.43999999E+00  0.19891106E-01
  0.41999999E+00  0.45999999E+00  0.20642332E-01
  0.41999999E+00  0.47999999E+00  0.21394520E-01
  0.41999999E+00  0.49999999E+00  0.22148993E-01
  0.41999999E+00  0.51999999E+00  0.22907084E-01
  0.41999999E+00  0.53999999E+00  0.23670130E-01
  0.41999999E+00  0.55999999E+00  0.24439472E-01
  0.41999999E+00  0.57999999E+00  0.25216457E-01
  0.41999999E+00  0.59999999E+00  0.26002434E-01
  0.41999999E+00  0.61999999E+00  0.26798747E-01
  0.41999999E+00  0.63999999E+00  0.27606741E-01
  0.41999999E+00  0.65999999E+00  0.28427746E-01
  0.41999999E+00  0.67999998E+00  0.29263080E-01
  0.41999999E+00  0.69999998E+00  0.30114035E-01
  0.41999999E+00  0.71999998E+00  0.30981874E-01
  0.41999999E+00  0.73999998E+00  0.31867815E-01
  0.41999999E+00  0.75999998E+00  0.32773020E-01
  0.41999999E+00  0.77999998E+00  0.33698582E-01
  0.41999999E+00  0.79999998E+00  0.34645503E-01
  0.41999999E+00  0.81999998E+00  0.35614673E-01
  0.41999999E+00  0.83999998E+00  0.36606848E-01
  0.41999999E+00  0.85999998E+00  0.37622614E-01
  0.41999999E+00  0.87999998E+00  0.38662353E-01
  0.41999999E+00  0.89999998E+00  0.39726200E-01
  0.41999999E+00  0.91999998E+00  0.40813988E-01
  0.41999999E+00  0.93999998E+00  0.41925180E-01
  0.41999999E+00  0.95999998E+00  0.43058789E-01
  0.41999999E+00  0.97999998E+00  0.44213270E-01
  0.41999999E+00  0.99999998E+00  0.45386386E-01
  0.41999999E+00  0.10200000E+01  0.46575020E-01
  0.41999999E+00  0.10400000E+01  0.47774924E-01
  0.41999999E+00  0.10600000E+01  0.48980351E-01
  0.41999999E+00  0.10800000E+01  0.50183501E-01
  0.41999999E+00  0.11000000E+01  0.51373627E-01
  0.41999999E+00  0.11200000E+01  0.52535480E-01
  0.41999999E+00  0.11400000E+01  0.53646280E-01
  0.41999999E+00  0.11600000E+01  0.54668854E-01
  0.41999999E+00  0.11800000E+01  0.55531741E-01
  0.41999999E+00  0.12000000E+01  0.56033898E-01
  0.41999999E+00  0.12200000E+01  0.55748303E-01
  0.41999999E+00  0.12400000E+01  0.57063966E-01
  0.41999999E+00  0.12600000E+01  0.58385472E-01
  0.41999999E+00  0.12800000E+01  0.59711749E-01
  0.41999999E+00  0.13000000E+01  0.61041679E-01
  0.41999999E+00  0.13200000E+01  0.62374093E-01
  0.41999999E+00  0.13400000E+01  0.63707775E-01
  0.41999999E+00  0.13600000E+01  0.65041460E-01
  0.41999999E+00  0.13800000E+01  0.66373835E-01
  0.41999999E+00  0.14000000E+01  0.67703537E-01
  0.41999999E+00  0.14200000E+01  0.69029154E-01
  0.41999999E+00  0.14400000E+01  0.70349226E-01
  0.41999999E+00  0.14600000E+01  0.71662246E-01
  0.41999999E+00  0.14800000E+01  0.72966654E-01
  0.41999999E+00  0.15000000E+01  0.74260847E-01
  0.41999999E+00  0.15200000E+01  0.75543170E-01
  0.41999999E+00  0.15400000E+01  0.76811923E-01
  0.41999999E+00  0.15600000E+01  0.78065360E-01
  0.41999999E+00  0.15800000E+01  0.79301687E-01
  0.41999999E+00  0.16000000E+01  0.80519067E-01
  0.41999999E+00  0.16200000E+01  0.81715620E-01
  0.41999999E+00  0.16400000E+01  0.82889424E-01
  0.41999999E+00  0.16600000E+01  0.84038516E-01
  0.41999999E+00  0.16800000E+01  0.85160899E-01
  0.41999999E+00  0.17000000E+01  0.86254538E-01
  0.41999999E+00  0.17200000E+01  0.87317371E-01
  0.41999999E+00  0.17400000E+01  0.88347306E-01
  0.41999999E+00  0.17600000E+01  0.89342231E-01
  0.41999999E+00  0.17800000E+01  0.90300016E-01
  0.41999999E+00  0.18000000E+01  0.91218522E-01
  0.41999999E+00  0.18200000E+01  0.92095609E-01
  0.41999999E+00  0.18400000E+01  0.92929141E-01
  0.41999999E+00  0.18600000E+01  0.93717001E-01
  0.41999999E+00  0.18800000E+01  0.94457102E-01
  0.41999999E+00  0.19000000E+01  0.95147399E-01
  0.41999999E+00  0.19200000E+01  0.95785907E-01
  0.41999999E+00  0.19400000E+01  0.96370719E-01
  0.41999999E+00  0.19600000E+01  0.96900031E-01
  0.41999999E+00  0.19800000E+01  0.97372163E-01
  0.41999999E+00  0.20000000E+01  0.97785592E-01
  0.43999999E+00  0.00000000E+00  0.11141788E-02
  0.43999999E+00  0.20000000E-01  0.21755709E-02
  0.43999999E+00  0.39999999E-01  0.32092636E-02
  0.43999999E+00  0.59999999E-01  0.42164472E-02
  0.43999999E+00  0.79999998E-01  0.51983478E-02
  0.43999999E+00  0.99999998E-01  0.61562212E-02
  0.43999999E+00  0.12000000E+00  0.70913466E-02
  0.43999999E+00  0.14000000E+00  0.80050221E-02
  0.43999999E+00  0.16000000E+00  0.88985602E-02
  0.43999999E+00  0.18000000E+00  0.97732842E-02
  0.43999999E+00  0.20000000E+00  0.10630526E-01
  0.43999999E+00  0.22000000E+00  0.11471621E-01
  0.43999999E+00  0.23999999E+00  0.12297911E-01
  0.43999999E+00  0.25999999E+00  0.13110739E-01
  0.43999999E+00  0.27999999E+00  0.13911450E-01
  0.43999999E+00  0.29999999E+00  0.14701388E-01
  0.43999999E+00  0.31999999E+00  0.15481899E-01
  0.43999999E+00  0.33999999E+00  0.16254332E-01
  0.43999999E+00  0.35999999E+00  0.17020034E-01
  0.43999999E+00  0.37999999E+00  0.17780354E-01
  0.43999999E+00  0.39999999E+00  0.18536645E-01
  0.43999999E+00  0.41999999E+00  0.19290263E-01
  0.43999999E+00  0.43999999E+00  0.20042565E-01
  0.43999999E+00  0.45999999E+00  0.20794914E-01
  0.43999999E+00  0.47999999E+00  0.21548678E-01
  0.43999999E+00  0.49999999E+00  0.22305229E-01
  0.43999999E+00  0.51999999E+00  0.23065944E-01
  0.43999999E+00  0.53999999E+00  0.23832204E-01
  0.43999999E+00  0.55999999E+00  0.24605393E-01
  0.43999999E+00  0.57999999E+00  0.25386896E-01
  0.43999999E+00  0.59999999E+00  0.26178100E-01
  0.43999999E+00  0.61999999E+00  0.26980384E-01
  0.43999999E+00  0.63999999E+00  0.27795121E-01
  0.43999999E+00  0.65999999E+00  0.28623669E-01
  0.43999999E+00  0.67999998E+00  0.29467369E-01
  0.43999999E+00  0.69999998E+00  0.30327529E-01
  0.43999999E+00  0.71999998E+00  0.31205421E-01
  0.43999999E+00  0.73999998E+00  0.32102268E-01
  0.43999999E+00  0.75999998E+00  0.33019226E-01
  0.43999999E+00  0.77999998E+00  0.33957368E-01
  0.43999999E+00  0.79999998E+00  0.34917669E-01
  0.43999999E+00  0.81999998E+00  0.35900974E-01
  0.43999999E+00  0.83999998E+00  0.36907972E-01
  0.43999999E+00  0.85999998E+00  0.37939164E-01
  0.43999999E+00  0.87999998E+00  0.38994817E-01
  0.43999999E+00  0.89999998E+00  0.40074915E-01
  0.43999999E+00  0.91999998E+00  0.41179096E-01
  0.43999999E+00  0.93999998E+00  0.42306572E-01
  0.43999999E+00  0.95999998E+00  0.43456033E-01
  0.43999999E+00  0.97999998E+00  0.44625513E-01
  0.43999999E+00  0.99999998E+00  0.45812218E-01
  0.43999999E+00  0.10200000E+01  0.47012287E-01
  0.43999999E+00  0.10400000E+01  0.48220452E-01
  0.43999999E+00  0.10600000E+01  0.49429513E-01
  0.43999999E+00  0.10800000E+01  0.50629511E-01
  0.43999999E+00  0.11000000E+01  0.51806275E-01
  0.43999999E+00  0.11200000E+01  0.52938614E-01
  0.43999999E+00  0.11400000E+01  0.53991961E-01
  0.43999999E+00  0.11600000E+01  0.54899979E-01
  0.43999999E+00  0.11800000E+01  0.55476633E-01
  0.43999999E+00  0.12000000E+01  0.55325906E-01
  0.43999999E+00  0.12200000E+01  0.56647660E-01
  0.43999999E+00  0.12400000E+01  0.57976360E-01
  0.43999999E+00  0.12600000E+01  0.59310941E-01
  0.43999999E+00  0.12800000E+01  0.60650285E-01
  0.43999999E+00  0.13000000E+01  0.61993221E-01
  0.43999999E+00  0.13200000E+01  0.63338523E-01
  0.43999999E+00  0.13400000E+01  0.64684915E-01
  0.43999999E+00  0.13600000E+01  0.66031064E-01
  0.43999999E+00  0.13800000E+01  0.67375585E-01
  0.43999999E+00  0.14000000E+01  0.68717038E-01
  0.43999999E+00  0.14200000E+01  0.70053930E-01
  0.43999999E+00  0.14400000E+01  0.71384712E-01
  0.43999999E+00  0.14600000E+01  0.72707783E-01
  0.43999999E+00  0.14800000E+01  0.74021487E-01
  0.43999999E+00  0.15000000E+01  0.75324115E-01
  0.43999999E+00  0.15200000E+01  0.76613906E-01
  0.43999999E+00  0.15400000E+01  0.77889044E-01
  0.43999999E+00  0.15600000E+01  0.79147665E-01
  0.43999999E+00  0.15800000E+01  0.80387851E-01
  0.43999999E+00  0.16000000E+01  0.81607637E-01
  0.43999999E+00  0.16200000E+01  0.82805010E-01
  0.43999999E+00  0.16400000E+01  0.83977913E-01
  0.43999999E+00  0.16600000E+01  0.85124244E-01
  0.43999999E+00  0.16800000E+01  0.86241863E-01
  0.43999999E+00  0.17000000E+01  0.87328590E-01
  0.43999999E+00  0.17200000E+01  0.88382218E-01
  0.43999999E+00  0.17400000E+01  0.89400508E-01
  0.43999999E+00  0.17600000E+01  0.90381203E-01
  0.43999999E+00  0.17800000E+01  0.91322028E-01
  0.43999999E+00  0.18000000E+01  0.92220705E-01
  0.43999999E+00  0.18200000E+01  0.93074954E-01
  0.43999999E+00  0.18400000E+01  0.93882512E-01
  0.43999999E+00  0.18600000E+01  0.94641142E-01
  0.43999999E+00  0.18800000E+01  0.95348644E-01
  0.43999999E+00  0.19000000E+01  0.96002879E-01
  0.43999999E+00  0.19200000E+01  0.96601784E-01
  0.43999999E+00  0.19400000E+01  0.97143396E-01
  0.43999999E+00  0.19600000E+01  0.97625879E-01
  0.43999999E+00  0.19800000E+01  0.98047553E-01
  0.43999999E+00  0.20000000E+01  0.98406936E-01
  0.45999999E+00  0.00000000E+00  0.12383164E-02
  0.45999999E+00  0.20000000E-01  0.23067942E-02
  0.45999999E+00  0.39999999E-01  0.33464235E-02
  0.45999999E+00  0.59999999E-01  0.43585204E-02
  0.45999999E+00  0.79999998E-01  0.53444286E-02
  0.45999999E+00  0.99999998E-01  0.63055140E-02
  0.45999999E+00  0.12000000E+00  0.72431589E-02
  0.45999999E+00  0.14000000E+00  0.81587580E-02
  0.45999999E+00  0.16000000E+00  0.90537145E-02
  0.45999999E+00  0.18000000E+00  0.99294375E-02
  0.45999999E+00  0.20000000E+00  0.10787339E-01
  0.45999999E+00  0.22000000E+00  0.11628831E-01
  0.45999999E+00  0.23999999E+00  0.12455327E-01
  0.45999999E+00  0.25999999E+00  0.13268238E-01
  0.45999999E+00  0.27999999E+00  0.14068974E-01
  0.45999999E+00  0.29999999E+00  0.14858943E-01
  0.45999999E+00  0.31999999E+00  0.15639548E-01
  0.45999999E+00  0.33999999E+00  0.16412195E-01
  0.45999999E+00  0.35999999E+00  0.17178285E-01
  0.45999999E+00  0.37999999E+00  0.17939221E-01
  0.45999999E+00  0.39999999E+00  0.18696404E-01
  0.45999999E+00  0.41999999E+00  0.19451238E-01
  0.45999999E+00  0.43999999E+00  0.20205127E-01
  0.45999999E+00  0.45999999E+00  0.20959479E-01
  0.45999999E+00  0.47999999E+00  0.21715703E-01
  0.45999999E+00  0.49999999E+00  0.22475213E-01
  0.45999999E+00  0.51999999E+00  0.23239424E-01
  0.45999999E+00  0.53999999E+00  0.24009754E-01
  0.45999999E+00  0.55999999E+00  0.24787622E-01
  0.45999999E+00  0.57999999E+00  0.25574445E-01
  0.45999999E+00  0.59999999E+00  0.26371638E-01
  0.45999999E+00  0.61999999E+00  0.27180607E-01
  0.45999999E+00  0.63999999E+00  0.28002748E-01
  0.45999999E+00  0.65999999E+00  0.28839438E-01
  0.45999999E+00  0.67999998E+00  0.29692030E-01
  0.45999999E+00  0.69999998E+00  0.30561841E-01
  0.45999999E+00  0.71999998E+00  0.31450144E-01
  0.45999999E+00  0.73999998E+00  0.32358154E-01
  0.45999999E+00  0.75999998E+00  0.33287011E-01
  0.45999999E+00  0.77999998E+00  0.34237761E-01
  0.45999999E+00  0.79999998E+00  0.35211334E-01
  0.45999999E+00  0.81999998E+00  0.36208517E-01
  0.45999999E+00  0.83999998E+00  0.37229920E-01
  0.45999999E+00  0.85999998E+00  0.38275939E-01
  0.45999999E+00  0.87999998E+00  0.39346703E-01
  0.45999999E+00  0.89999998E+00  0.40442020E-01
  0.45999999E+00  0.91999998E+00  0.41561300E-01
  0.45999999E+00  0.93999998E+00  0.42703462E-01
  0.45999999E+00  0.95999998E+00  0.43866812E-01
  0.45999999E+00  0.97999998E+00  0.45048881E-01
  0.45999999E+00  0.99999998E+00  0.46246200E-01
  0.45999999E+00  0.10200000E+01  0.47453982E-01
  0.45999999E+00  0.10400000E+01  0.48665637E-01
  0.45999999E+00  0.10600000E+01  0.49872002E-01
  0.45999999E+00  0.10800000E+01  0.51059999E-01
  0.45999999E+00  0.11000000E+01  0.52210039E-01
  0.45999999E+00  0.11200000E+01  0.53290171E-01
  0.45999999E+00  0.11400000E+01  0.54239168E-01
  0.45999999E+00  0.11600000E+01  0.54885856E-01
  0.45999999E+00  0.11800000E+01  0.54865057E-01
  0.45999999E+00  0.12000000E+01  0.56191035E-01
  0.45999999E+00  0.12200000E+01  0.57525063E-01
  0.45999999E+00  0.12400000E+01  0.58866090E-01
  0.45999999E+00  0.12600000E+01  0.60213006E-01
  0.45999999E+00  0.12800000E+01  0.61564646E-01
  0.45999999E+00  0.13000000E+01  0.62919786E-01
  0.45999999E+00  0.13200000E+01  0.64277143E-01
  0.45999999E+00  0.13400000E+01  0.65635376E-01
  0.45999999E+00  0.13600000E+01  0.66993086E-01
  0.45999999E+00  0.13800000E+01  0.68348815E-01
  0.45999999E+00  0.14000000E+01  0.69701045E-01
  0.45999999E+00  0.14200000E+01  0.71048198E-01
  0.45999999E+00  0.14400000E+01  0.72388637E-01
  0.45999999E+00  0.14600000E+01  0.73720666E-01
  0.45999999E+00  0.14800000E+01  0.75042531E-01
  0.45999999E+00  0.15000000E+01  0.76352417E-01
  0.45999999E+00  0.15200000E+01  0.77648452E-01
  0.45999999E+00  0.15400000E+01  0.78928707E-01
  0.45999999E+00  0.15600000E+01  0.80191196E-01
  0.45999999E+00  0.15800000E+01  0.81433877E-01
  0.45999999E+00  0.16000000E+01  0.82654658E-01
  0.45999999E+00  0.16200000E+01  0.83851392E-01
  0.45999999E+00  0.16400000E+01  0.85021884E-01
  0.45999999E+00  0.16600000E+01  0.86163895E-01
  0.45999999E+00  0.16800000E+01  0.87275141E-01
  0.45999999E+00  0.17000000E+01  0.88353302E-01
  0.45999999E+00  0.17200000E+01  0.89396024E-01
  0.45999999E+00  0.17400000E+01  0.90400927E-01
  0.45999999E+00  0.17600000E+01  0.91365610E-01
  0.45999999E+00  0.17800000E+01  0.92287660E-01
  0.45999999E+00  0.18000000E+01  0.93164663E-01
  0.45999999E+00  0.18200000E+01  0.93994213E-01
  0.45999999E+00  0.18400000E+01  0.94773926E-01
  0.45999999E+00  0.18600000E+01  0.95501455E-01
  0.45999999E+00  0.18800000E+01  0.96174507E-01
  0.45999999E+00  0.19000000E+01  0.96790866E-01
  0.45999999E+00  0.19200000E+01  0.97348412E-01
  0.45999999E+00  0.19400000E+01  0.97845152E-01
  0.45999999E+00  0.19600000E+01  0.98279251E-01
  0.45999999E+00  0.19800000E+01  0.98649068E-01
  0.45999999E+00  0.20000000E+01  0.98953205E-01
  0.47999999E+00  0.00000000E+00  0.13700249E-02
  0.47999999E+00  0.20000000E-01  0.24447715E-02
  0.47999999E+00  0.39999999E-01  0.34896841E-02
  0.47999999E+00  0.59999999E-01  0.45061947E-02
  0.47999999E+00  0.79999998E-01  0.54957549E-02
  0.47999999E+00  0.99999998E-01  0.64598309E-02
  0.47999999E+00  0.12000000E+00  0.73998990E-02
  0.47999999E+00  0.14000000E+00  0.83174415E-02
  0.47999999E+00  0.16000000E+00  0.92139439E-02
  0.47999999E+00  0.18000000E+00  0.10090892E-01
  0.47999999E+00  0.20000000E+00  0.10949770E-01
  0.47999999E+00  0.22000000E+00  0.11792060E-01
  0.47999999E+00  0.23999999E+00  0.12619237E-01
  0.47999999E+00  0.25999999E+00  0.13432776E-01
  0.47999999E+00  0.27999999E+00  0.14234142E-01
  0.47999999E+00  0.29999999E+00  0.15024797E-01
  0.47999999E+00  0.31999999E+00  0.15806201E-01
  0.47999999E+00  0.33999999E+00  0.16579804E-01
  0.47999999E+00  0.35999999E+00  0.17347059E-01
  0.47999999E+00  0.37999999E+00  0.18109410E-01
  0.47999999E+00  0.39999999E+00  0.18868304E-01
  0.47999999E+00  0.41999999E+00  0.19625184E-01
  0.47999999E+00  0.43999999E+00  0.20381496E-01
  0.47999999E+00  0.45999999E+00  0.21138683E-01
  0.47999999E+00  0.47999999E+00  0.21898190E-01
  0.47999999E+00  0.49999999E+00  0.22661465E-01
  0.47999999E+00  0.51999999E+00  0.23429955E-01
  0.47999999E+00  0.53999999E+00  0.24205106E-01
  0.47999999E+00  0.55999999E+00  0.24988365E-01
  0.47999999E+00  0.57999999E+00  0.25781174E-01
  0.47999999E+00  0.59999999E+00  0.26584969E-01
  0.47999999E+00  0.61999999E+00  0.27401175E-01
  0.47999999E+00  0.63999999E+00  0.28231202E-01
  0.47999999E+00  0.65999999E+00  0.29076437E-01
  0.47999999E+00  0.67999998E+00  0.29938238E-01
  0.47999999E+00  0.69999998E+00  0.30817922E-01
  0.47999999E+00  0.71999998E+00  0.31716754E-01
  0.47999999E+00  0.73999998E+00  0.32635930E-01
  0.47999999E+00  0.75999998E+00  0.33576565E-01
  0.47999999E+00  0.77999998E+00  0.34539664E-01
  0.47999999E+00  0.79999998E+00  0.35526104E-01
  0.47999999E+00  0.81999998E+00  0.36536598E-01
  0.47999999E+00  0.83999998E+00  0.37571661E-01
  0.47999999E+00  0.85999998E+00  0.38631565E-01
  0.47999999E+00  0.87999998E+00  0.39716280E-01
  0.47999999E+00  0.89999998E+00  0.40825408E-01
  0.47999999E+00  0.91999998E+00  0.41958097E-01
  0.47999999E+00  0.93999998E+00  0.43112919E-01
  0.47999999E+00  0.95999998E+00  0.44287730E-01
  0.47999999E+00  0.97999998E+00  0.45479451E-01
  0.47999999E+00  0.99999998E+00  0.46683779E-01
  0.47999999E+00  0.10200000E+01  0.47894738E-01
  0.47999999E+00  0.10400000E+01  0.49103964E-01
  0.47999999E+00  0.10600000E+01  0.50299476E-01
  0.47999999E+00  0.10800000E+01  0.51463289E-01
  0.47999999E+00  0.11000000E+01  0.52566057E-01
  0.47999999E+00  0.11200000E+01  0.53551615E-01
  0.47999999E+00  0.11400000E+01  0.54263382E-01
  0.47999999E+00  0.11600000E+01  0.54366626E-01
  0.47999999E+00  0.11800000E+01  0.55695002E-01
  0.47999999E+00  0.12000000E+01  0.57032524E-01
  0.47999999E+00  0.12200000E+01  0.58378160E-01
  0.47999999E+00  0.12400000E+01  0.59730819E-01
  0.47999999E+00  0.12600000E+01  0.61089347E-01
  0.47999999E+00  0.12800000E+01  0.62452530E-01
  0.47999999E+00  0.13000000E+01  0.63819089E-01
  0.47999999E+00  0.13200000E+01  0.65187683E-01
  0.47999999E+00  0.13400000E+01  0.66556908E-01
  0.47999999E+00  0.13600000E+01  0.67925296E-01
  0.47999999E+00  0.13800000E+01  0.69291313E-01
  0.47999999E+00  0.14000000E+01  0.70653362E-01
  0.47999999E+00  0.14200000E+01  0.72009781E-01
  0.47999999E+00  0.14400000E+01  0.73358842E-01
  0.47999999E+00  0.14600000E+01  0.74698754E-01
  0.47999999E+00  0.14800000E+01  0.76027661E-01
  0.47999999E+00  0.15000000E+01  0.77343643E-01
  0.47999999E+00  0.15200000E+01  0.78644717E-01
  0.47999999E+00  0.15400000E+01  0.79928836E-01
  0.47999999E+00  0.15600000E+01  0.81193894E-01
  0.47999999E+00  0.15800000E+01  0.82437725E-01
  0.47999999E+00  0.16000000E+01  0.83658106E-01
  0.47999999E+00  0.16200000E+01  0.84852756E-01
  0.47999999E+00  0.16400000E+01  0.86019347E-01
  0.47999999E+00  0.16600000E+01  0.87155499E-01
  0.47999999E+00  0.16800000E+01  0.88258789E-01
  0.47999999E+00  0.17000000E+01  0.89326755E-01
  0.47999999E+00  0.17200000E+01  0.90356902E-01
  0.47999999E+00  0.17400000E+01  0.91346710E-01
  0.47999999E+00  0.17600000E+01  0.92293641E-01
  0.47999999E+00  0.17800000E+01  0.93195151E-01
  0.47999999E+00  0.18000000E+01  0.94048697E-01
  0.47999999E+00  0.18200000E+01  0.94851756E-01
  0.47999999E+00  0.18400000E+01  0.95601837E-01
  0.47999999E+00  0.18600000E+01  0.96296499E-01
  0.47999999E+00  0.18800000E+01  0.96933375E-01
  0.47999999E+00  0.19000000E+01  0.97510189E-01
  0.47999999E+00  0.19200000E+01  0.98024796E-01
  0.47999999E+00  0.19400000E+01  0.98475202E-01
  0.47999999E+00  0.19600000E+01  0.98859612E-01
  0.47999999E+00  0.19800000E+01  0.99176470E-01
  0.47999999E+00  0.20000000E+01  0.99424515E-01
  0.49999999E+00  0.00000000E+00  0.15096081E-02
  0.49999999E+00  0.20000000E-01  0.25900440E-02
  0.49999999E+00  0.39999999E-01  0.36398105E-02
  0.49999999E+00  0.59999999E-01  0.46604451E-02
  0.49999999E+00  0.79999998E-01  0.56534974E-02
  0.49999999E+00  0.99999998E-01  0.66205244E-02
  0.49999999E+00  0.12000000E+00  0.75630871E-02
  0.49999999E+00  0.14000000E+00  0.84827467E-02
  0.49999999E+00  0.16000000E+00  0.93810621E-02
  0.49999999E+00  0.18000000E+00  0.10259588E-01
  0.49999999E+00  0.20000000E+00  0.11119873E-01
  0.49999999E+00  0.22000000E+00  0.11963459E-01
  0.49999999E+00  0.23999999E+00  0.12791879E-01
  0.49999999E+00  0.25999999E+00  0.13606659E-01
  0.49999999E+00  0.27999999E+00  0.14409318E-01
  0.49999999E+00  0.29999999E+00  0.15201364E-01
  0.49999999E+00  0.31999999E+00  0.15984300E-01
  0.49999999E+00  0.33999999E+00  0.16759621E-01
  0.49999999E+00  0.35999999E+00  0.17528819E-01
  0.49999999E+00  0.37999999E+00  0.18293377E-01
  0.49999999E+00  0.39999999E+00  0.19054777E-01
  0.49999999E+00  0.41999999E+00  0.19814497E-01
  0.49999999E+00  0.43999999E+00  0.20574015E-01
  0.49999999E+00  0.45999999E+00  0.21334803E-01
  0.49999999E+00  0.47999999E+00  0.22098337E-01
  0.49999999E+00  0.49999999E+00  0.22866089E-01
  0.49999999E+00  0.51999999E+00  0.23639531E-01
  0.49999999E+00  0.53999999E+00  0.24420131E-01
  0.49999999E+00  0.55999999E+00  0.25209356E-01
  0.49999999E+00  0.57999999E+00  0.26008664E-01
  0.49999999E+00  0.59999999E+00  0.26819505E-01
  0.49999999E+00  0.61999999E+00  0.27643315E-01
  0.49999999E+00  0.63999999E+00  0.28481511E-01
  0.49999999E+00  0.65999999E+00  0.29335482E-01
  0.49999999E+00  0.67999998E+00  0.30206582E-01
  0.49999999E+00  0.69999998E+00  0.31096118E-01
  0.49999999E+00  0.71999998E+00  0.32005338E-01
  0.49999999E+00  0.73999998E+00  0.32935413E-01
  0.49999999E+00  0.75999998E+00  0.33887419E-01
  0.49999999E+00  0.77999998E+00  0.34862312E-01
  0.49999999E+00  0.79999998E+00  0.35860902E-01
  0.49999999E+00  0.81999998E+00  0.36883817E-01
  0.49999999E+00  0.83999998E+00  0.37931460E-01
  0.49999999E+00  0.85999998E+00  0.39003960E-01
  0.49999999E+00  0.87999998E+00  0.40101104E-01
  0.49999999E+00  0.89999998E+00  0.41222260E-01
  0.49999999E+00  0.91999998E+00  0.42366268E-01
  0.49999999E+00  0.93999998E+00  0.43531298E-01
  0.49999999E+00  0.95999998E+00  0.44714663E-01
  0.49999999E+00  0.97999998E+00  0.45912542E-01
  0.49999999E+00  0.99999998E+00  0.47119569E-01
  0.49999999E+00  0.10200000E+01  0.48328180E-01
  0.49999999E+00  0.10400000E+01  0.49527487E-01
  0.49999999E+00  0.10600000E+01  0.50701102E-01
  0.49999999E+00  0.10800000E+01  0.51822256E-01
  0.49999999E+00  0.11000000E+01  0.52839761E-01
  0.49999999E+00  0.11200000E+01  0.53611275E-01
  0.49999999E+00  0.11400000E+01  0.53831911E-01
  0.49999999E+00  0.11600000E+01  0.55160912E-01
  0.49999999E+00  0.11800000E+01  0.56500134E-01
  0.49999999E+00  0.12000000E+01  0.57848575E-01
  0.49999999E+00  0.12200000E+01  0.59205168E-01
  0.49999999E+00  0.12400000E+01  0.60568781E-01
  0.49999999E+00  0.12600000E+01  0.61938214E-01
  0.49999999E+00  0.12800000E+01  0.63312203E-01
  0.49999999E+00  0.13000000E+01  0.64689414E-01
  0.49999999E+00  0.13200000E+01  0.66068447E-01
  0.49999999E+00  0.13400000E+01  0.67447832E-01
  0.49999999E+00  0.13600000E+01  0.68826030E-01
  0.49999999E+00  0.13800000E+01  0.70201433E-01
  0.49999999E+00  0.14000000E+01  0.71572362E-01
  0.49999999E+00  0.14200000E+01  0.72937069E-01
  0.49999999E+00  0.14400000E+01  0.74293735E-01
  0.49999999E+00  0.14600000E+01  0.75640471E-01
  0.49999999E+00  0.14800000E+01  0.76975319E-01
  0.49999999E+00  0.15000000E+01  0.78296252E-01
  0.49999999E+00  0.15200000E+01  0.79601174E-01
  0.49999999E+00  0.15400000E+01  0.80887922E-01
  0.49999999E+00  0.15600000E+01  0.82154267E-01
  0.49999999E+00  0.15800000E+01  0.83397918E-01
  0.49999999E+00  0.16000000E+01  0.84616522E-01
  0.49999999E+00  0.16200000E+01  0.85807667E-01
  0.49999999E+00  0.16400000E+01  0.86968887E-01
  0.49999999E+00  0.16600000E+01  0.88097666E-01
  0.49999999E+00  0.16800000E+01  0.89191442E-01
  0.49999999E+00  0.17000000E+01  0.90247616E-01
  0.49999999E+00  0.17200000E+01  0.91263555E-01
  0.49999999E+00  0.17400000E+01  0.92236604E-01
  0.49999999E+00  0.17600000E+01  0.93164095E-01
  0.49999999E+00  0.17800000E+01  0.94043359E-01
  0.49999999E+00  0.18000000E+01  0.94871738E-01
  0.49999999E+00  0.18200000E+01  0.95646602E-01
  0.49999999E+00  0.18400000E+01  0.96365369E-01
  0.49999999E+00  0.18600000E+01  0.97025522E-01
  0.49999999E+00  0.18800000E+01  0.97624639E-01
  0.49999999E+00  0.19000000E+01  0.98160417E-01
  0.49999999E+00  0.19200000E+01  0.98630712E-01
  0.49999999E+00  0.19400000E+01  0.99033572E-01
  0.49999999E+00  0.19600000E+01  0.99367284E-01
  0.49999999E+00  0.19800000E+01  0.99630433E-01
  0.49999999E+00  0.20000000E+01  0.99821959E-01
  0.51999999E+00  0.00000000E+00  0.16574140E-02
  0.51999999E+00  0.20000000E-01  0.27431802E-02
  0.51999999E+00  0.39999999E-01  0.37975771E-02
  0.51999999E+00  0.59999999E-01  0.48222377E-02
  0.51999999E+00  0.79999998E-01  0.58187995E-02
  0.51999999E+00  0.99999998E-01  0.67889012E-02
  0.51999999E+00  0.12000000E+00  0.77341791E-02
  0.51999999E+00  0.14000000E+00  0.86562644E-02
  0.51999999E+00  0.16000000E+00  0.95567814E-02
  0.51999999E+00  0.18000000E+00  0.10437345E-01
  0.51999999E+00  0.20000000E+00  0.11299561E-01
  0.51999999E+00  0.22000000E+00  0.12145023E-01
  0.51999999E+00  0.23999999E+00  0.12975314E-01
  0.51999999E+00  0.25999999E+00  0.13792006E-01
  0.51999999E+00  0.27999999E+00  0.14596659E-01
  0.51999999E+00  0.29999999E+00  0.15390824E-01
  0.51999999E+00  0.31999999E+00  0.16176041E-01
  0.51999999E+00  0.33999999E+00  0.16953841E-01
  0.51999999E+00  0.35999999E+00  0.17725747E-01
  0.51999999E+00  0.37999999E+00  0.18493275E-01
  0.51999999E+00  0.39999999E+00  0.19257935E-01
  0.51999999E+00  0.41999999E+00  0.20021233E-01
  0.51999999E+00  0.43999999E+00  0.20784670E-01
  0.51999999E+00  0.45999999E+00  0.21549743E-01
  0.51999999E+00  0.47999999E+00  0.22317947E-01
  0.51999999E+00  0.49999999E+00  0.23090774E-01
  0.51999999E+00  0.51999999E+00  0.23869712E-01
  0.51999999E+00  0.53999999E+00  0.24656246E-01
  0.51999999E+00  0.55999999E+00  0.25451852E-01
  0.51999999E+00  0.57999999E+00  0.26257999E-01
  0.51999999E+00  0.59999999E+00  0.27076143E-01
  0.51999999E+00  0.61999999E+00  0.27907722E-01
  0.51999999E+00  0.63999999E+00  0.28754152E-01
  0.51999999E+00  0.65999999E+00  0.29616817E-01
  0.51999999E+00  0.67999998E+00  0.30497058E-01
  0.51999999E+00  0.69999998E+00  0.31396166E-01
  0.51999999E+00  0.71999998E+00  0.32315361E-01
  0.51999999E+00  0.73999998E+00  0.33255781E-01
  0.51999999E+00  0.75999998E+00  0.34218455E-01
  0.51999999E+00  0.77999998E+00  0.35204278E-01
  0.51999999E+00  0.79999998E+00  0.36213984E-01
  0.51999999E+00  0.81999998E+00  0.37248100E-01
  0.51999999E+00  0.83999998E+00  0.38306904E-01
  0.51999999E+00  0.85999998E+00  0.39390363E-01
  0.51999999E+00  0.87999998E+00  0.40498057E-01
  0.51999999E+00  0.89999998E+00  0.41629085E-01
  0.51999999E+00  0.91999998E+00  0.42781930E-01
  0.51999999E+00  0.93999998E+00  0.43954290E-01
  0.51999999E+00  0.95999998E+00  0.45142819E-01
  0.51999999E+00  0.97999998E+00  0.46342759E-01
  0.51999999E+00  0.99999998E+00  0.47547339E-01
  0.51999999E+00  0.10200000E+01  0.48746756E-01
  0.51999999E+00  0.10400000E+01  0.49926199E-01
  0.51999999E+00  0.10600000E+01  0.51061437E-01
  0.51999999E+00  0.10800000E+01  0.52106148E-01
  0.51999999E+00  0.11000000E+01  0.52931792E-01
  0.51999999E+00  0.11200000E+01  0.53262575E-01
  0.51999999E+00  0.11400000E+01  0.54590482E-01
  0.51999999E+00  0.11600000E+01  0.55929661E-01
  0.51999999E+00  0.11800000E+01  0.57279144E-01
  0.51999999E+00  0.12000000E+01  0.58637895E-01
  0.51999999E+00  0.12200000E+01  0.60004810E-01
  0.51999999E+00  0.12400000E+01  0.61378715E-01
  0.51999999E+00  0.12600000E+01  0.62758363E-01
  0.51999999E+00  0.12800000E+01  0.64142439E-01
  0.51999999E+00  0.13000000E+01  0.65529552E-01
  0.51999999E+00  0.13200000E+01  0.66918242E-01
  0.51999999E+00  0.13400000E+01  0.68306972E-01
  0.51999999E+00  0.13600000E+01  0.69694132E-01
  0.51999999E+00  0.13800000E+01  0.71078035E-01
  0.51999999E+00  0.14000000E+01  0.72456921E-01
  0.51999999E+00  0.14200000E+01  0.73828955E-01
  0.51999999E+00  0.14400000E+01  0.75192224E-01
  0.51999999E+00  0.14600000E+01  0.76544741E-01
  0.51999999E+00  0.14800000E+01  0.77884446E-01
  0.51999999E+00  0.15000000E+01  0.79209200E-01
  0.51999999E+00  0.15200000E+01  0.80516797E-01
  0.51999999E+00  0.15400000E+01  0.81804955E-01
  0.51999999E+00  0.15600000E+01  0.83071323E-01
  0.51999999E+00  0.15800000E+01  0.84313484E-01
  0.51999999E+00  0.16000000E+01  0.85528955E-01
  0.51999999E+00  0.16200000E+01  0.86715193E-01
  0.51999999E+00  0.16400000E+01  0.87869598E-01
  0.51999999E+00  0.16600000E+01  0.88989517E-01
  0.51999999E+00  0.16800000E+01  0.90072255E-01
  0.51999999E+00  0.17000000E+01  0.91115077E-01
  0.51999999E+00  0.17200000E+01  0.92115219E-01
  0.51999999E+00  0.17400000E+01  0.93069897E-01
  0.51999999E+00  0.17600000E+01  0.93976322E-01
  0.51999999E+00  0.17800000E+01  0.94831709E-01
  0.51999999E+00  0.18000000E+01  0.95633297E-01
  0.51999999E+00  0.18200000E+01  0.96378366E-01
  0.51999999E+00  0.18400000E+01  0.97064259E-01
  0.51999999E+00  0.18600000E+01  0.97688407E-01
  0.51999999E+00  0.18800000E+01  0.98248360E-01
  0.51999999E+00  0.19000000E+01  0.98741819E-01
  0.51999999E+00  0.19200000E+01  0.99166678E-01
  0.51999999E+00  0.19400000E+01  0.99521071E-01
  0.51999999E+00  0.19600000E+01  0.99803425E-01
  0.51999999E+00  0.19800000E+01  0.10001253E+00
  0.51999999E+00  0.20000000E+01  0.10014760E+00
  0.53999999E+00  0.00000000E+00  0.18138347E-02
  0.53999999E+00  0.20000000E-01  0.29047744E-02
  0.53999999E+00  0.39999999E-01  0.39637662E-02
  0.53999999E+00  0.59999999E-01  0.49925280E-02
  0.53999999E+00  0.79999998E-01  0.59927758E-02
  0.53999999E+00  0.99999998E-01  0.69662204E-02
  0.53999999E+00  0.12000000E+00  0.79145649E-02
  0.53999999E+00  0.14000000E+00  0.88395018E-02
  0.53999999E+00  0.16000000E+00  0.97427120E-02
  0.53999999E+00  0.18000000E+00  0.10625863E-01
  0.53999999E+00  0.20000000E+00  0.11490609E-01
  0.53999999E+00  0.22000000E+00  0.12338590E-01
  0.53999999E+00  0.23999999E+00  0.13171429E-01
  0.53999999E+00  0.25999999E+00  0.13990737E-01
  0.53999999E+00  0.27999999E+00  0.14798111E-01
  0.53999999E+00  0.29999999E+00  0.15595133E-01
  0.53999999E+00  0.31999999E+00  0.16383374E-01
  0.53999999E+00  0.33999999E+00  0.17164394E-01
  0.53999999E+00  0.35999999E+00  0.17939741E-01
  0.53999999E+00  0.37999999E+00  0.18710956E-01
  0.53999999E+00  0.39999999E+00  0.19479569E-01
  0.53999999E+00  0.41999999E+00  0.20247106E-01
  0.53999999E+00  0.43999999E+00  0.21015086E-01
  0.53999999E+00  0.45999999E+00  0.21785021E-01
  0.53999999E+00  0.47999999E+00  0.22558421E-01
  0.53999999E+00  0.49999999E+00  0.23336788E-01
  0.53999999E+00  0.51999999E+00  0.24121619E-01
  0.53999999E+00  0.53999999E+00  0.24914407E-01
  0.53999999E+00  0.55999999E+00  0.25716632E-01
  0.53999999E+00  0.57999999E+00  0.26529764E-01
  0.53999999E+00  0.59999999E+00  0.27355259E-01
  0.53999999E+00  0.61999999E+00  0.28194551E-01
  0.53999999E+00  0.63999999E+00  0.29049044E-01
  0.53999999E+00  0.65999999E+00  0.29920111E-01
  0.53999999E+00  0.67999998E+00  0.30809074E-01
  0.53999999E+00  0.69999998E+00  0.31717196E-01
  0.53999999E+00  0.71999998E+00  0.32645668E-01
  0.53999999E+00  0.73999998E+00  0.33595581E-01
  0.53999999E+00  0.75999998E+00  0.34567911E-01
  0.53999999E+00  0.77999998E+00  0.35563485E-01
  0.53999999E+00  0.79999998E+00  0.36582947E-01
  0.53999999E+00  0.81999998E+00  0.37626716E-01
  0.53999999E+00  0.83999998E+00  0.38694928E-01
  0.53999999E+00  0.85999998E+00  0.39787370E-01
  0.53999999E+00  0.87999998E+00  0.40903389E-01
  0.53999999E+00  0.89999998E+00  0.42041777E-01
  0.53999999E+00  0.91999998E+00  0.43200605E-01
  0.53999999E+00  0.93999998E+00  0.44376999E-01
  0.53999999E+00  0.95999998E+00  0.45566799E-01
  0.53999999E+00  0.97999998E+00  0.46764019E-01
  0.53999999E+00  0.99999998E+00  0.47959925E-01
  0.53999999E+00  0.10200000E+01  0.49141258E-01
  0.53999999E+00  0.10400000E+01  0.50286273E-01
  0.53999999E+00  0.10600000E+01  0.51353381E-01
  0.53999999E+00  0.10800000E+01  0.52227346E-01
  0.53999999E+00  0.11000000E+01  0.52660576E-01
  0.53999999E+00  0.11200000E+01  0.53985738E-01
  0.53999999E+00  0.11400000E+01  0.55323188E-01
  0.53999999E+00  0.11600000E+01  0.56671999E-01
  0.53999999E+00  0.11800000E+01  0.58031173E-01
  0.53999999E+00  0.12000000E+01  0.59399641E-01
  0.53999999E+00  0.12200000E+01  0.60776259E-01
  0.53999999E+00  0.12400000E+01  0.62159809E-01
  0.53999999E+00  0.12600000E+01  0.63548998E-01
  0.53999999E+00  0.12800000E+01  0.64942458E-01
  0.53999999E+00  0.13000000E+01  0.66338742E-01
  0.53999999E+00  0.13200000E+01  0.67736323E-01
  0.53999999E+00  0.13400000E+01  0.69133600E-01
  0.53999999E+00  0.13600000E+01  0.70528887E-01
  0.53999999E+00  0.13800000E+01  0.71920422E-01
  0.53999999E+00  0.14000000E+01  0.73306359E-01
  0.53999999E+00  0.14200000E+01  0.74684774E-01
  0.53999999E+00  0.14400000E+01  0.76053661E-01
  0.53999999E+00  0.14600000E+01  0.77410933E-01
  0.53999999E+00  0.14800000E+01  0.78754424E-01
  0.53999999E+00  0.15000000E+01  0.80081888E-01
  0.53999999E+00  0.15200000E+01  0.81391003E-01
  0.53999999E+00  0.15400000E+01  0.82679369E-01
  0.53999999E+00  0.15600000E+01  0.83944515E-01
  0.53999999E+00  0.15800000E+01  0.85183895E-01
  0.53999999E+00  0.16000000E+01  0.86394900E-01
  0.53999999E+00  0.16200000E+01  0.87574854E-01
  0.53999999E+00  0.16400000E+01  0.88721027E-01
  0.53999999E+00  0.16600000E+01  0.89830634E-01
  0.53999999E+00  0.16800000E+01  0.90900847E-01
  0.53999999E+00  0.17000000E+01  0.91928803E-01
  0.53999999E+00  0.17200000E+01  0.92911611E-01
  0.53999999E+00  0.17400000E+01  0.93846369E-01
  0.53999999E+00  0.17600000E+01  0.94730174E-01
  0.53999999E+00  0.17800000E+01  0.95560140E-01
  0.53999999E+00  0.18000000E+01  0.96333418E-01
  0.53999999E+00  0.18200000E+01  0.97047215E-01
  0.53999999E+00  0.18400000E+01  0.97698822E-01
  0.53999999E+00  0.18600000E+01  0.98285643E-01
  0.53999999E+00  0.18800000E+01  0.98805233E-01
  0.53999999E+00  0.19000000E+01  0.99255333E-01
  0.53999999E+00  0.19200000E+01  0.99633923E-01
  0.53999999E+00  0.19400000E+01  0.99939274E-01
  0.53999999E+00  0.19600000E+01  0.10017002E+00
  0.53999999E+00  0.19800000E+01  0.10032522E+00
  0.53999999E+00  0.20000000E+01  0.10040447E+00
  0.55999999E+00  0.00000000E+00  0.19793043E-02
  0.55999999E+00  0.20000000E-01  0.30754451E-02
  0.55999999E+00  0.39999999E-01  0.41391656E-02
  0.55999999E+00  0.59999999E-01  0.51722589E-02
  0.55999999E+00  0.79999998E-01  0.61765097E-02
  0.55999999E+00  0.99999998E-01  0.71536921E-02
  0.55999999E+00  0.12000000E+00  0.81055668E-02
  0.55999999E+00  0.14000000E+00  0.90338794E-02
  0.55999999E+00  0.16000000E+00  0.99403595E-02
  0.55999999E+00  0.18000000E+00  0.10826719E-01
  0.55999999E+00  0.20000000E+00  0.11694654E-01
  0.55999999E+00  0.22000000E+00  0.12545839E-01
  0.55999999E+00  0.23999999E+00  0.13381934E-01
  0.55999999E+00  0.25999999E+00  0.14204581E-01
  0.55999999E+00  0.27999999E+00  0.15015403E-01
  0.55999999E+00  0.29999999E+00  0.15816010E-01
  0.55999999E+00  0.31999999E+00  0.16607995E-01
  0.55999999E+00  0.33999999E+00  0.17392939E-01
  0.55999999E+00  0.35999999E+00  0.18172409E-01
  0.55999999E+00  0.37999999E+00  0.18947961E-01
  0.55999999E+00  0.39999999E+00  0.19721140E-01
  0.55999999E+00  0.41999999E+00  0.20493484E-01
  0.55999999E+00  0.43999999E+00  0.21266522E-01
  0.55999999E+00  0.45999999E+00  0.22041774E-01
  0.55999999E+00  0.47999999E+00  0.22820756E-01
  0.55999999E+00  0.49999999E+00  0.23604973E-01
  0.55999999E+00  0.51999999E+00  0.24395926E-01
  0.55999999E+00  0.53999999E+00  0.25195105E-01
  0.55999999E+00  0.55999999E+00  0.26003988E-01
  0.55999999E+00  0.57999999E+00  0.26824041E-01
  0.55999999E+00  0.59999999E+00  0.27656709E-01
  0.55999999E+00  0.61999999E+00  0.28503414E-01
  0.55999999E+00  0.63999999E+00  0.29365547E-01
  0.55999999E+00  0.65999999E+00  0.30244457E-01
  0.55999999E+00  0.67999998E+00  0.31141443E-01
  0.55999999E+00  0.69999998E+00  0.32057737E-01
  0.55999999E+00  0.71999998E+00  0.32994486E-01
  0.55999999E+00  0.73999998E+00  0.33952735E-01
  0.55999999E+00  0.75999998E+00  0.34933398E-01
  0.55999999E+00  0.77999998E+00  0.35937225E-01
  0.55999999E+00  0.79999998E+00  0.36964765E-01
  0.55999999E+00  0.81999998E+00  0.38016317E-01
  0.55999999E+00  0.83999998E+00  0.39091863E-01
  0.55999999E+00  0.85999998E+00  0.40190992E-01
  0.55999999E+00  0.87999998E+00  0.41312791E-01
  0.55999999E+00  0.89999998E+00  0.42455699E-01
  0.55999999E+00  0.91999998E+00  0.43617305E-01
  0.55999999E+00  0.93999998E+00  0.44794034E-01
  0.55999999E+00  0.95999998E+00  0.45980673E-01
  0.55999999E+00  0.97999998E+00  0.47169538E-01
  0.55999999E+00  0.99999998E+00  0.48348893E-01
  0.55999999E+00  0.10200000E+01  0.49499414E-01
  0.55999999E+00  0.10400000E+01  0.50584095E-01
  0.55999999E+00  0.10600000E+01  0.51500455E-01
  0.55999999E+00  0.10800000E+01  0.52028117E-01
  0.55999999E+00  0.11000000E+01  0.53348954E-01
  0.55999999E+00  0.11200000E+01  0.54683054E-01
  0.55999999E+00  0.11400000E+01  0.56029537E-01
  0.55999999E+00  0.11600000E+01  0.57387448E-01
  0.55999999E+00  0.11800000E+01  0.58755759E-01
  0.55999999E+00  0.12000000E+01  0.60133364E-01
  0.55999999E+00  0.12200000E+01  0.61519081E-01
  0.55999999E+00  0.12400000E+01  0.62911647E-01
  0.55999999E+00  0.12600000E+01  0.64309720E-01
  0.55999999E+00  0.12800000E+01  0.65711877E-01
  0.55999999E+00  0.13000000E+01  0.67116612E-01
  0.55999999E+00  0.13200000E+01  0.68522336E-01
  0.55999999E+00  0.13400000E+01  0.69927377E-01
  0.55999999E+00  0.13600000E+01  0.71329975E-01
  0.55999999E+00  0.13800000E+01  0.72728287E-01
  0.55999999E+00  0.14000000E+01  0.74120384E-01
  0.55999999E+00  0.14200000E+01  0.75504250E-01
  0.55999999E+00  0.14400000E+01  0.76877785E-01
  0.55999999E+00  0.14600000E+01  0.78238800E-01
  0.55999999E+00  0.14800000E+01  0.79585024E-01
  0.55999999E+00  0.15000000E+01  0.80914101E-01
  0.55999999E+00  0.15200000E+01  0.82223595E-01
  0.55999999E+00  0.15400000E+01  0.83510988E-01
  0.55999999E+00  0.15600000E+01  0.84773684E-01
  0.55999999E+00  0.15800000E+01  0.86009016E-01
  0.55999999E+00  0.16000000E+01  0.87214246E-01
  0.55999999E+00  0.16200000E+01  0.88386570E-01
  0.55999999E+00  0.16400000E+01  0.89523128E-01
  0.55999999E+00  0.16600000E+01  0.90621007E-01
  0.55999999E+00  0.16800000E+01  0.91677253E-01
  0.55999999E+00  0.17000000E+01  0.92688880E-01
  0.55999999E+00  0.17200000E+01  0.93652881E-01
  0.55999999E+00  0.17400000E+01  0.94566243E-01
  0.55999999E+00  0.17600000E+01  0.95425963E-01
  0.55999999E+00  0.17800000E+01  0.96229069E-01
  0.55999999E+00  0.18000000E+01  0.96972640E-01
  0.55999999E+00  0.18200000E+01  0.97653834E-01
  0.55999999E+00  0.18400000E+01  0.98269916E-01
  0.55999999E+00  0.18600000E+01  0.98818295E-01
  0.55999999E+00  0.18800000E+01  0.99296565E-01
  0.55999999E+00  0.19000000E+01  0.99702554E-01
  0.55999999E+00  0.19200000E+01  0.10003438E+00
  0.55999999E+00  0.19400000E+01  0.10029052E+00
  0.55999999E+00  0.19600000E+01  0.10046987E+00
  0.55999999E+00  0.19800000E+01  0.10057189E+00
  0.55999999E+00  0.20000000E+01  0.10059664E+00
  0.57999999E+00  0.00000000E+00  0.21542963E-02
  0.57999999E+00  0.20000000E-01  0.32558318E-02
  0.57999999E+00  0.39999999E-01  0.43245660E-02
  0.57999999E+00  0.59999999E-01  0.53623575E-02
  0.57999999E+00  0.79999998E-01  0.63710506E-02
  0.57999999E+00  0.99999998E-01  0.73524734E-02
  0.57999999E+00  0.12000000E+00  0.83084361E-02
  0.57999999E+00  0.14000000E+00  0.92407290E-02
  0.57999999E+00  0.16000000E+00  0.10151122E-01
  0.57999999E+00  0.18000000E+00  0.11041365E-01
  0.57999999E+00  0.20000000E+00  0.11913184E-01
  0.57999999E+00  0.22000000E+00  0.12768287E-01
  0.57999999E+00  0.23999999E+00  0.13608359E-01
  0.57999999E+00  0.25999999E+00  0.14435065E-01
  0.57999999E+00  0.27999999E+00  0.15250050E-01
  0.57999999E+00  0.29999999E+00  0.16054941E-01
  0.57999999E+00  0.31999999E+00  0.16851348E-01
  0.57999999E+00  0.33999999E+00  0.17640864E-01
  0.57999999E+00  0.35999999E+00  0.18425066E-01
  0.57999999E+00  0.37999999E+00  0.19205521E-01
  0.57999999E+00  0.39999999E+00  0.19983779E-01
  0.57999999E+00  0.41999999E+00  0.20761384E-01
  0.57999999E+00  0.43999999E+00  0.21539865E-01
  0.57999999E+00  0.45999999E+00  0.22320744E-01
  0.57999999E+00  0.47999999E+00  0.23105535E-01
  0.57999999E+00  0.49999999E+00  0.23895740E-01
  0.57999999E+00  0.51999999E+00  0.24692854E-01
  0.57999999E+00  0.53999999E+00  0.25498358E-01
  0.57999999E+00  0.55999999E+00  0.26313722E-01
  0.57999999E+00  0.57999999E+00  0.27140398E-01
  0.57999999E+00  0.59999999E+00  0.27979816E-01
  0.57999999E+00  0.61999999E+00  0.28833379E-01
  0.57999999E+00  0.63999999E+00  0.29702458E-01
  0.57999999E+00  0.65999999E+00  0.30588374E-01
  0.57999999E+00  0.67999998E+00  0.31492395E-01
  0.57999999E+00  0.69999998E+00  0.32415715E-01
  0.57999999E+00  0.71999998E+00  0.33359439E-01
  0.57999999E+00  0.73999998E+00  0.34324557E-01
  0.57999999E+00  0.75999998E+00  0.35311916E-01
  0.57999999E+00  0.77999998E+00  0.36322187E-01
  0.57999999E+00  0.79999998E+00  0.37355818E-01
  0.57999999E+00  0.81999998E+00  0.38412979E-01
  0.57999999E+00  0.83999998E+00  0.39493490E-01
  0.57999999E+00  0.85999998E+00  0.40596724E-01
  0.57999999E+00  0.87999998E+00  0.41721477E-01
  0.57999999E+00  0.89999998E+00  0.42865785E-01
  0.57999999E+00  0.91999998E+00  0.44026652E-01
  0.57999999E+00  0.93999998E+00  0.45199620E-01
  0.57999999E+00  0.95999998E+00  0.46378031E-01
  0.57999999E+00  0.97999998E+00  0.47551636E-01
  0.57999999E+00  0.99999998E+00  0.48703465E-01
  0.57999999E+00  0.10200000E+01  0.49800928E-01
  0.57999999E+00  0.10400000E+01  0.50753714E-01
  0.57999999E+00  0.10600000E+01  0.51367591E-01
  0.57999999E+00  0.10800000E+01  0.52682602E-01
  0.57999999E+00  0.11000000E+01  0.54011802E-01
  0.57999999E+00  0.11200000E+01  0.55354364E-01
  0.57999999E+00  0.11400000E+01  0.56709383E-01
  0.57999999E+00  0.11600000E+01  0.58075877E-01
  0.57999999E+00  0.11800000E+01  0.59452785E-01
  0.57999999E+00  0.12000000E+01  0.60838965E-01
  0.57999999E+00  0.12200000E+01  0.62233191E-01
  0.57999999E+00  0.12400000E+01  0.63634158E-01
  0.57999999E+00  0.12600000E+01  0.65040472E-01
  0.57999999E+00  0.12800000E+01  0.66450653E-01
  0.57999999E+00  0.13000000E+01  0.67863138E-01
  0.57999999E+00  0.13200000E+01  0.69276270E-01
  0.57999999E+00  0.13400000E+01  0.70688306E-01
  0.57999999E+00  0.13600000E+01  0.72097411E-01
  0.57999999E+00  0.13800000E+01  0.73501662E-01
  0.57999999E+00  0.14000000E+01  0.74899042E-01
  0.57999999E+00  0.14200000E+01  0.76287444E-01
  0.57999999E+00  0.14400000E+01  0.77664671E-01
  0.57999999E+00  0.14600000E+01  0.79028433E-01
  0.57999999E+00  0.14800000E+01  0.80376353E-01
  0.57999999E+00  0.15000000E+01  0.81705965E-01
  0.57999999E+00  0.15200000E+01  0.83014717E-01
  0.57999999E+00  0.15400000E+01  0.84299974E-01
  0.57999999E+00  0.15600000E+01  0.85559018E-01
  0.57999999E+00  0.15800000E+01  0.86789059E-01
  0.57999999E+00  0.16000000E+01  0.87987234E-01
  0.57999999E+00  0.16200000E+01  0.89150613E-01
  0.57999999E+00  0.16400000E+01  0.90276211E-01
  0.57999999E+00  0.16600000E+01  0.91360993E-01
  0.57999999E+00  0.16800000E+01  0.92401884E-01
  0.57999999E+00  0.17000000E+01  0.93395784E-01
  0.57999999E+00  0.17200000E+01  0.94339577E-01
  0.57999999E+00  0.17400000E+01  0.95230154E-01
  0.57999999E+00  0.17600000E+01  0.96064428E-01
  0.57999999E+00  0.17800000E+01  0.96839357E-01
  0.57999999E+00  0.18000000E+01  0.97551970E-01
  0.57999999E+00  0.18200000E+01  0.98199402E-01
  0.57999999E+00  0.18400000E+01  0.98778922E-01
  0.57999999E+00  0.18600000E+01  0.99287981E-01
  0.57999999E+00  0.18800000E+01  0.99724258E-01
  0.57999999E+00  0.19000000E+01  0.10008572E+00
  0.57999999E+00  0.19200000E+01  0.10037068E+00
  0.57999999E+00  0.19400000E+01  0.10057790E+00
  0.57999999E+00  0.19600000E+01  0.10070665E+00
  0.57999999E+00  0.19800000E+01  0.10075685E+00
  0.57999999E+00  0.20000000E+01  0.10072921E+00
  0.59999999E+00  0.00000000E+00  0.23393200E-02
  0.59999999E+00  0.20000000E-01  0.34465912E-02
  0.59999999E+00  0.39999999E-01  0.45207566E-02
  0.59999999E+00  0.59999999E-01  0.55637309E-02
  0.59999999E+00  0.79999998E-01  0.65774090E-02
  0.59999999E+00  0.99999998E-01  0.75636647E-02
  0.59999999E+00  0.12000000E+00  0.85243489E-02
  0.59999999E+00  0.14000000E+00  0.94612886E-02
  0.59999999E+00  0.16000000E+00  0.10376287E-01
  0.59999999E+00  0.18000000E+00  0.11271121E-01
  0.59999999E+00  0.20000000E+00  0.12147544E-01
  0.59999999E+00  0.22000000E+00  0.13007285E-01
  0.59999999E+00  0.23999999E+00  0.13852048E-01
  0.59999999E+00  0.25999999E+00  0.14683515E-01
  0.59999999E+00  0.27999999E+00  0.15503343E-01
  0.59999999E+00  0.29999999E+00  0.16313170E-01
  0.59999999E+00  0.31999999E+00  0.17114614E-01
  0.59999999E+00  0.33999999E+00  0.17909273E-01
  0.59999999E+00  0.35999999E+00  0.18698728E-01
  0.59999999E+00  0.37999999E+00  0.19484546E-01
  0.59999999E+00  0.39999999E+00  0.20268278E-01
  0.59999999E+00  0.41999999E+00  0.21051461E-01
  0.59999999E+00  0.43999999E+00  0.21835621E-01
  0.59999999E+00  0.45999999E+00  0.22622274E-01
  0.59999999E+00  0.47999999E+00  0.23412923E-01
  0.59999999E+00  0.49999999E+00  0.24209059E-01
  0.59999999E+00  0.51999999E+00  0.25012165E-01
  0.59999999E+00  0.53999999E+00  0.25823707E-01
  0.59999999E+00  0.55999999E+00  0.26645137E-01
  0.59999999E+00  0.57999999E+00  0.27477889E-01
  0.59999999E+00  0.59999999E+00  0.28323372E-01
  0.59999999E+00  0.61999999E+00  0.29182966E-01
  0.59999999E+00  0.63999999E+00  0.30058011E-01
  0.59999999E+00  0.65999999E+00  0.30949802E-01
  0.59999999E+00  0.67999998E+00  0.31859570E-01
  0.59999999E+00  0.69999998E+00  0.32788470E-01
  0.59999999E+00  0.71999998E+00  0.33737559E-01
  0.59999999E+00  0.73999998E+00  0.34707771E-01
  0.59999999E+00  0.75999998E+00  0.35699888E-01
  0.59999999E+00  0.77999998E+00  0.36714497E-01
  0.59999999E+00  0.79999998E+00  0.37751946E-01
  0.59999999E+00  0.81999998E+00  0.38812273E-01
  0.59999999E+00  0.83999998E+00  0.39895126E-01
  0.59999999E+00  0.85999998E+00  0.40999648E-01
  0.59999999E+00  0.87999998E+00  0.42124310E-01
  0.59999999E+00  0.89999998E+00  0.43266678E-01
  0.59999999E+00  0.91999998E+00  0.44423030E-01
  0.59999999E+00  0.93999998E+00  0.45587713E-01
  0.59999999E+00  0.95999998E+00  0.46751920E-01
  0.59999999E+00  0.97999998E+00  0.47900962E-01
  0.59999999E+00  0.99999998E+00  0.49006492E-01
  0.59999999E+00  0.10200000E+01  0.49989755E-01
  0.59999999E+00  0.10400000E+01  0.50681537E-01
  0.59999999E+00  0.10600000E+01  0.51989301E-01
  0.59999999E+00  0.10800000E+01  0.53312130E-01
  0.59999999E+00  0.11000000E+01  0.54649250E-01
  0.59999999E+00  0.11200000E+01  0.55999812E-01
  0.59999999E+00  0.11400000E+01  0.57362885E-01
  0.59999999E+00  0.11600000E+01  0.58737459E-01
  0.59999999E+00  0.11800000E+01  0.60122438E-01
  0.59999999E+00  0.12000000E+01  0.61516642E-01
  0.59999999E+00  0.12200000E+01  0.62918805E-01
  0.59999999E+00  0.12400000E+01  0.64327571E-01
  0.59999999E+00  0.12600000E+01  0.65741496E-01
  0.59999999E+00  0.12800000E+01  0.67159045E-01
  0.59999999E+00  0.13000000E+01  0.68578589E-01
  0.59999999E+00  0.13200000E+01  0.69998408E-01
  0.59999999E+00  0.13400000E+01  0.71416685E-01
  0.59999999E+00  0.13600000E+01  0.72831509E-01
  0.59999999E+00  0.13800000E+01  0.74240873E-01
  0.59999999E+00  0.14000000E+01  0.75642673E-01
  0.59999999E+00  0.14200000E+01  0.77034710E-01
  0.59999999E+00  0.14400000E+01  0.78414689E-01
  0.59999999E+00  0.14600000E+01  0.79780218E-01
  0.59999999E+00  0.14800000E+01  0.81128814E-01
  0.59999999E+00  0.15000000E+01  0.82457900E-01
  0.59999999E+00  0.15200000E+01  0.83764809E-01
  0.59999999E+00  0.15400000E+01  0.85046788E-01
  0.59999999E+00  0.15600000E+01  0.86301003E-01
  0.59999999E+00  0.15800000E+01  0.87524539E-01
  0.59999999E+00  0.16000000E+01  0.88714412E-01
  0.59999999E+00  0.16200000E+01  0.89867571E-01
  0.59999999E+00  0.16400000E+01  0.90980911E-01
  0.59999999E+00  0.16600000E+01  0.92051279E-01
  0.59999999E+00  0.16800000E+01  0.93075490E-01
  0.59999999E+00  0.17000000E+01  0.94050336E-01
  0.59999999E+00  0.17200000E+01  0.94972610E-01
  0.59999999E+00  0.17400000E+01  0.95839118E-01
  0.59999999E+00  0.17600000E+01  0.96646705E-01
  0.59999999E+00  0.17800000E+01  0.97392283E-01
  0.59999999E+00  0.18000000E+01  0.98072858E-01
  0.59999999E+00  0.18200000E+01  0.98685568E-01
  0.59999999E+00  0.18400000E+01  0.99227725E-01
  0.59999999E+00  0.18600000E+01  0.99696866E-01
  0.59999999E+00  0.18800000E+01  0.10009081E+00
  0.59999999E+00  0.19000000E+01  0.10040771E+00
  0.59999999E+00  0.19200000E+01  0.10064617E+00
  0.59999999E+00  0.19400000E+01  0.10080530E+00
  0.59999999E+00  0.19600000E+01  0.10088487E+00
  0.59999999E+00  0.19800000E+01  0.10088541E+00
  0.59999999E+00  0.20000000E+01  0.10080840E+00
  0.61999999E+00  0.00000000E+00  0.25349157E-02
  0.61999999E+00  0.20000000E-01  0.36483921E-02
  0.61999999E+00  0.39999999E-01  0.47285201E-02
  0.61999999E+00  0.59999999E-01  0.57772613E-02
  0.61999999E+00  0.79999998E-01  0.67965525E-02
  0.61999999E+00  0.99999998E-01  0.77883046E-02
  0.61999999E+00  0.12000000E+00  0.87544011E-02
  0.61999999E+00  0.14000000E+00  0.96966979E-02
  0.61999999E+00  0.16000000E+00  0.10617022E-01
  0.61999999E+00  0.18000000E+00  0.11517174E-01
  0.61999999E+00  0.20000000E+00  0.12398922E-01
  0.61999999E+00  0.22000000E+00  0.13264011E-01
  0.61999999E+00  0.23999999E+00  0.14114155E-01
  0.61999999E+00  0.25999999E+00  0.14951045E-01
  0.61999999E+00  0.27999999E+00  0.15776344E-01
  0.61999999E+00  0.29999999E+00  0.16591692E-01
  0.61999999E+00  0.31999999E+00  0.17398707E-01
  0.61999999E+00  0.33999999E+00  0.18198985E-01
  0.61999999E+00  0.35999999E+00  0.18994103E-01
  0.61999999E+00  0.37999999E+00  0.19785620E-01
  0.61999999E+00  0.39999999E+00  0.20575078E-01
  0.61999999E+00  0.41999999E+00  0.21364003E-01
  0.61999999E+00  0.43999999E+00  0.22153910E-01
  0.61999999E+00  0.45999999E+00  0.22946298E-01
  0.61999999E+00  0.47999999E+00  0.23742653E-01
  0.61999999E+00  0.49999999E+00  0.24544451E-01
  0.61999999E+00  0.51999999E+00  0.25353151E-01
  0.61999999E+00  0.53999999E+00  0.26170202E-01
  0.61999999E+00  0.55999999E+00  0.26997030E-01
  0.61999999E+00  0.57999999E+00  0.27835046E-01
  0.61999999E+00  0.59999999E+00  0.28685633E-01
  0.61999999E+00  0.61999999E+00  0.29550141E-01
  0.61999999E+00  0.63999999E+00  0.30429882E-01
  0.61999999E+00  0.65999999E+00  0.31326117E-01
  0.61999999E+00  0.67999998E+00  0.32240040E-01
  0.61999999E+00  0.69999998E+00  0.33172767E-01
  0.61999999E+00  0.71999998E+00  0.34125309E-01
  0.61999999E+00  0.73999998E+00  0.35098546E-01
  0.61999999E+00  0.75999998E+00  0.36093196E-01
  0.61999999E+00  0.77999998E+00  0.37109771E-01
  0.61999999E+00  0.79999998E+00  0.38148516E-01
  0.61999999E+00  0.81999998E+00  0.39209345E-01
  0.61999999E+00  0.83999998E+00  0.40291730E-01
  0.61999999E+00  0.85999998E+00  0.41394567E-01
  0.61999999E+00  0.87999998E+00  0.42515965E-01
  0.61999999E+00  0.89999998E+00  0.43652920E-01
  0.61999999E+00  0.91999998E+00  0.44800755E-01
  0.61999999E+00  0.93999998E+00  0.45952064E-01
  0.61999999E+00  0.95999998E+00  0.47094359E-01
  0.61999999E+00  0.97999998E+00  0.48203351E-01
  0.61999999E+00  0.99999998E+00  0.49211217E-01
  0.61999999E+00  0.10200000E+01  0.49972593E-01
  0.61999999E+00  0.10400000E+01  0.51271782E-01
  0.61999999E+00  0.10600000E+01  0.52586849E-01
  0.61999999E+00  0.10800000E+01  0.53917082E-01
  0.61999999E+00  0.11000000E+01  0.55261692E-01
  0.61999999E+00  0.11200000E+01  0.56619804E-01
  0.61999999E+00  0.11400000E+01  0.57990464E-01
  0.61999999E+00  0.11600000E+01  0.59372627E-01
  0.61999999E+00  0.11800000E+01  0.60765165E-01
  0.61999999E+00  0.12000000E+01  0.62166857E-01
  0.61999999E+00  0.12200000E+01  0.63576394E-01
  0.61999999E+00  0.12400000E+01  0.64992372E-01
  0.61999999E+00  0.12600000E+01  0.66413293E-01
  0.61999999E+00  0.12800000E+01  0.67837563E-01
  0.61999999E+00  0.13000000E+01  0.69263492E-01
  0.61999999E+00  0.13200000E+01  0.70689290E-01
  0.61999999E+00  0.13400000E+01  0.72113066E-01
  0.61999999E+00  0.13600000E+01  0.73532832E-01
  0.61999999E+00  0.13800000E+01  0.74946497E-01
  0.61999999E+00  0.14000000E+01  0.76351869E-01
  0.61999999E+00  0.14200000E+01  0.77746654E-01
  0.61999999E+00  0.14400000E+01  0.79128459E-01
  0.61999999E+00  0.14600000E+01  0.80494792E-01
  0.61999999E+00  0.14800000E+01  0.81843060E-01
  0.61999999E+00  0.15000000E+01  0.83170578E-01
  0.61999999E+00  0.15200000E+01  0.84474565E-01
  0.61999999E+00  0.15400000E+01  0.85752154E-01
  0.61999999E+00  0.15600000E+01  0.87000389E-01
  0.61999999E+00  0.15800000E+01  0.88216241E-01
  0.61999999E+00  0.16000000E+01  0.89396604E-01
  0.61999999E+00  0.16200000E+01  0.90538314E-01
  0.61999999E+00  0.16400000E+01  0.91638149E-01
  0.61999999E+00  0.16600000E+01  0.92692850E-01
  0.61999999E+00  0.16800000E+01  0.93699127E-01
  0.61999999E+00  0.17000000E+01  0.94653683E-01
  0.61999999E+00  0.17200000E+01  0.95553228E-01
  0.61999999E+00  0.17400000E+01  0.96394502E-01
  0.61999999E+00  0.17600000E+01  0.97174306E-01
  0.61999999E+00  0.17800000E+01  0.97889527E-01
  0.61999999E+00  0.18000000E+01  0.98537179E-01
  0.61999999E+00  0.18200000E+01  0.99114442E-01
  0.61999999E+00  0.18400000E+01  0.99618711E-01
  0.61999999E+00  0.18600000E+01  0.10004766E+00
  0.61999999E+00  0.18800000E+01  0.10039930E+00
  0.61999999E+00  0.19000000E+01  0.10067206E+00
  0.61999999E+00  0.19200000E+01  0.10086491E+00
  0.61999999E+00  0.19400000E+01  0.10097744E+00
  0.61999999E+00  0.19600000E+01  0.10101001E+00
  0.61999999E+00  0.19800000E+01  0.10096394E+00
  0.61999999E+00  0.20000000E+01  0.10084168E+00
  0.63999999E+00  0.00000000E+00  0.27416491E-02
  0.63999999E+00  0.20000000E-01  0.38619103E-02
  0.63999999E+00  0.39999999E-01  0.49486273E-02
  0.63999999E+00  0.59999999E-01  0.60038001E-02
  0.63999999E+00  0.79999998E-01  0.70293990E-02
  0.63999999E+00  0.99999998E-01  0.80273637E-02
  0.63999999E+00  0.12000000E+00  0.89996025E-02
  0.63999999E+00  0.14000000E+00  0.99479919E-02
  0.63999999E+00  0.16000000E+00  0.10874376E-01
  0.63999999E+00  0.18000000E+00  0.11780568E-01
  0.63999999E+00  0.20000000E+00  0.12668347E-01
  0.63999999E+00  0.22000000E+00  0.13539463E-01
  0.63999999E+00  0.23999999E+00  0.14395635E-01
  0.63999999E+00  0.25999999E+00  0.15238553E-01
  0.63999999E+00  0.27999999E+00  0.16069879E-01
  0.63999999E+00  0.29999999E+00  0.16891246E-01
  0.63999999E+00  0.31999999E+00  0.17704266E-01
  0.63999999E+00  0.33999999E+00  0.18510523E-01
  0.63999999E+00  0.35999999E+00  0.19311583E-01
  0.63999999E+00  0.37999999E+00  0.20108989E-01
  0.63999999E+00  0.39999999E+00  0.20904266E-01
  0.63999999E+00  0.41999999E+00  0.21698923E-01
  0.63999999E+00  0.43999999E+00  0.22494452E-01
  0.63999999E+00  0.45999999E+00  0.23292331E-01
  0.63999999E+00  0.47999999E+00  0.24094023E-01
  0.63999999E+00  0.49999999E+00  0.24900979E-01
  0.63999999E+00  0.51999999E+00  0.25714632E-01
  0.63999999E+00  0.53999999E+00  0.26536402E-01
  0.63999999E+00  0.55999999E+00  0.27367690E-01
  0.63999999E+00  0.57999999E+00  0.28209877E-01
  0.63999999E+00  0.59999999E+00  0.29064316E-01
  0.63999999E+00  0.61999999E+00  0.29932327E-01
  0.63999999E+00  0.63999999E+00  0.30815190E-01
  0.63999999E+00  0.65999999E+00  0.31714134E-01
  0.63999999E+00  0.67999998E+00  0.32630320E-01
  0.63999999E+00  0.69999998E+00  0.33564824E-01
  0.63999999E+00  0.71999998E+00  0.34518619E-01
  0.63999999E+00  0.73999998E+00  0.35492539E-01
  0.63999999E+00  0.75999998E+00  0.36487247E-01
  0.63999999E+00  0.77999998E+00  0.37503188E-01
  0.63999999E+00  0.79999998E+00  0.38540522E-01
  0.63999999E+00  0.81999998E+00  0.39599043E-01
  0.63999999E+00  0.83999998E+00  0.40678053E-01
  0.63999999E+00  0.85999998E+00  0.41776189E-01
  0.63999999E+00  0.87999998E+00  0.42891142E-01
  0.63999999E+00  0.89999998E+00  0.44019183E-01
  0.63999999E+00  0.91999998E+00  0.45154262E-01
  0.63999999E+00  0.93999998E+00  0.46286006E-01
  0.63999999E+00  0.95999998E+00  0.47394003E-01
  0.63999999E+00  0.97999998E+00  0.48420721E-01
  0.63999999E+00  0.99999998E+00  0.49243465E-01
  0.63999999E+00  0.10200000E+01  0.50532840E-01
  0.63999999E+00  0.10400000E+01  0.51838843E-01
  0.63999999E+00  0.10600000E+01  0.53160827E-01
  0.63999999E+00  0.10800000E+01  0.54498066E-01
  0.63999999E+00  0.11000000E+01  0.55849747E-01
  0.63999999E+00  0.11200000E+01  0.57214974E-01
  0.63999999E+00  0.11400000E+01  0.58592763E-01
  0.63999999E+00  0.11600000E+01  0.59982038E-01
  0.63999999E+00  0.11800000E+01  0.61381635E-01
  0.63999999E+00  0.12000000E+01  0.62790292E-01
  0.63999999E+00  0.12200000E+01  0.64206653E-01
  0.63999999E+00  0.12400000E+01  0.65629267E-01
  0.63999999E+00  0.12600000E+01  0.67056580E-01
  0.63999999E+00  0.12800000E+01  0.68486939E-01
  0.63999999E+00  0.13000000E+01  0.69918588E-01
  0.63999999E+00  0.13200000E+01  0.71349668E-01
  0.63999999E+00  0.13400000E+01  0.72778215E-01
  0.63999999E+00  0.13600000E+01  0.74202159E-01
  0.63999999E+00  0.13800000E+01  0.75619326E-01
  0.63999999E+00  0.14000000E+01  0.77027433E-01
  0.63999999E+00  0.14200000E+01  0.78424094E-01
  0.63999999E+00  0.14400000E+01  0.79806817E-01
  0.63999999E+00  0.14600000E+01  0.81173007E-01
  0.63999999E+00  0.14800000E+01  0.82519965E-01
  0.63999999E+00  0.15000000E+01  0.83844896E-01
  0.63999999E+00  0.15200000E+01  0.85144907E-01
  0.63999999E+00  0.15400000E+01  0.86417018E-01
  0.63999999E+00  0.15600000E+01  0.87658159E-01
  0.63999999E+00  0.15800000E+01  0.88865184E-01
  0.63999999E+00  0.16000000E+01  0.90034876E-01
  0.63999999E+00  0.16200000E+01  0.91163960E-01
  0.63999999E+00  0.16400000E+01  0.92249108E-01
  0.63999999E+00  0.16600000E+01  0.93286961E-01
  0.63999999E+00  0.16800000E+01  0.94274141E-01
  0.63999999E+00  0.17000000E+01  0.95207270E-01
  0.63999999E+00  0.17200000E+01  0.96082995E-01
  0.63999999E+00  0.17400000E+01  0.96898014E-01
  0.63999999E+00  0.17600000E+01  0.97649102E-01
  0.63999999E+00  0.17800000E+01  0.98333157E-01
  0.63999999E+00  0.18000000E+01  0.98947231E-01
  0.63999999E+00  0.18200000E+01  0.99488589E-01
  0.63999999E+00  0.18400000E+01  0.99954761E-01
  0.63999999E+00  0.18600000E+01  0.10034361E+00
  0.63999999E+00  0.18800000E+01  0.10065342E+00
  0.63999999E+00  0.19000000E+01  0.10088300E+00
  0.63999999E+00  0.19200000E+01  0.10103175E+00
  0.63999999E+00  0.19400000E+01  0.10109988E+00
  0.63999999E+00  0.19600000E+01  0.10108851E+00
  0.63999999E+00  0.19800000E+01  0.10099993E+00
  0.63999999E+00  0.20000000E+01  0.10083783E+00
  0.65999999E+00  0.00000000E+00  0.29601052E-02
  0.65999999E+00  0.20000000E-01  0.40878211E-02
  0.65999999E+00  0.39999999E-01  0.51818299E-02
  0.65999999E+00  0.59999999E-01  0.62441610E-02
  0.65999999E+00  0.79999998E-01  0.72768102E-02
  0.65999999E+00  0.99999998E-01  0.82817379E-02
  0.65999999E+00  0.12000000E+00  0.92608693E-02
  0.65999999E+00  0.14000000E+00  0.10216093E-01
  0.65999999E+00  0.16000000E+00  0.11149264E-01
  0.65999999E+00  0.18000000E+00  0.12062198E-01
  0.65999999E+00  0.20000000E+00  0.12956678E-01
  0.65999999E+00  0.22000000E+00  0.13834453E-01
  0.65999999E+00  0.23999999E+00  0.14697237E-01
  0.65999999E+00  0.25999999E+00  0.15546711E-01
  0.65999999E+00  0.27999999E+00  0.16384527E-01
  0.65999999E+00  0.29999999E+00  0.17212306E-01
  0.65999999E+00  0.31999999E+00  0.18031642E-01
  0.65999999E+00  0.33999999E+00  0.18844104E-01
  0.65999999E+00  0.35999999E+00  0.19651233E-01
  0.65999999E+00  0.37999999E+00  0.20454552E-01
  0.65999999E+00  0.39999999E+00  0.21255561E-01
  0.65999999E+00  0.41999999E+00  0.22055741E-01
  0.65999999E+00  0.43999999E+00  0.22856559E-01
  0.65999999E+00  0.45999999E+00  0.23659461E-01
  0.65999999E+00  0.47999999E+00  0.24465882E-01
  0.65999999E+00  0.49999999E+00  0.25277240E-01
  0.65999999E+00  0.51999999E+00  0.26094939E-01
  0.65999999E+00  0.53999999E+00  0.26920366E-01
  0.65999999E+00  0.55999999E+00  0.27754891E-01
  0.65999999E+00  0.57999999E+00  0.28599862E-01
  0.65999999E+00  0.59999999E+00  0.29456602E-01
  0.65999999E+00  0.61999999E+00  0.30326402E-01
  0.65999999E+00  0.63999999E+00  0.31210512E-01
  0.65999999E+00  0.65999999E+00  0.32110131E-01
  0.65999999E+00  0.67999998E+00  0.33026392E-01
  0.65999999E+00  0.69999998E+00  0.33960345E-01
  0.65999999E+00  0.71999998E+00  0.34912931E-01
  0.65999999E+00  0.73999998E+00  0.35884956E-01
  0.65999999E+00  0.75999998E+00  0.36877045E-01
  0.65999999E+00  0.77999998E+00  0.37889598E-01
  0.65999999E+00  0.79999998E+00  0.38922711E-01
  0.65999999E+00  0.81999998E+00  0.39976078E-01
  0.65999999E+00  0.83999998E+00  0.41048848E-01
  0.65999999E+00  0.85999998E+00  0.42139382E-01
  0.65999999E+00  0.87999998E+00  0.43244869E-01
  0.65999999E+00  0.89999998E+00  0.44360568E-01
  0.65999999E+00  0.91999998E+00  0.45478138E-01
  0.65999999E+00  0.93999998E+00  0.46580855E-01
  0.65999999E+00  0.95999998E+00  0.47620843E-01
  0.65999999E+00  0.97999998E+00  0.48496884E-01
  0.65999999E+00  0.99999998E+00  0.49775305E-01
  0.65999999E+00  0.10200000E+01  0.51071034E-01
  0.65999999E+00  0.10400000E+01  0.52383493E-01
  0.65999999E+00  0.10600000E+01  0.53712024E-01
  0.65999999E+00  0.10800000E+01  0.55055879E-01
  0.65999999E+00  0.11000000E+01  0.56414226E-01
  0.65999999E+00  0.11200000E+01  0.57786143E-01
  0.65999999E+00  0.11400000E+01  0.59170617E-01
  0.65999999E+00  0.11600000E+01  0.60566538E-01
  0.65999999E+00  0.11800000E+01  0.61972705E-01
  0.65999999E+00  0.12000000E+01  0.63387813E-01
  0.65999999E+00  0.12200000E+01  0.64810462E-01
  0.65999999E+00  0.12400000E+01  0.66239147E-01
  0.65999999E+00  0.12600000E+01  0.67672259E-01
  0.65999999E+00  0.12800000E+01  0.69108084E-01
  0.65999999E+00  0.13000000E+01  0.70544800E-01
  0.65999999E+00  0.13200000E+01  0.71980478E-01
  0.65999999E+00  0.13400000E+01  0.73413077E-01
  0.65999999E+00  0.13600000E+01  0.74840448E-01
  0.65999999E+00  0.13800000E+01  0.76260331E-01
  0.65999999E+00  0.14000000E+01  0.77670353E-01
  0.65999999E+00  0.14200000E+01  0.79068033E-01
  0.65999999E+00  0.14400000E+01  0.80450781E-01
  0.65999999E+00  0.14600000E+01  0.81815900E-01
  0.65999999E+00  0.14800000E+01  0.83160586E-01
  0.65999999E+00  0.15000000E+01  0.84481936E-01
  0.65999999E+00  0.15200000E+01  0.85776948E-01
  0.65999999E+00  0.15400000E+01  0.87042527E-01
  0.65999999E+00  0.15600000E+01  0.88275497E-01
  0.65999999E+00  0.15800000E+01  0.89472600E-01
  0.65999999E+00  0.16000000E+01  0.90630513E-01
  0.65999999E+00  0.16200000E+01  0.91745856E-01
  0.65999999E+00  0.16400000E+01  0.92815208E-01
  0.65999999E+00  0.16600000E+01  0.93835120E-01
  0.65999999E+00  0.16800000E+01  0.94802139E-01
  0.65999999E+00  0.17000000E+01  0.95712824E-01
  0.65999999E+00  0.17200000E+01  0.96563781E-01
  0.65999999E+00  0.17400000E+01  0.97351684E-01
  0.65999999E+00  0.17600000E+01  0.98073318E-01
  0.65999999E+00  0.17800000E+01  0.98725621E-01
  0.65999999E+00  0.18000000E+01  0.99305727E-01
  0.65999999E+00  0.18200000E+01  0.99811034E-01
  0.65999999E+00  0.18400000E+01  0.10023926E+00
  0.65999999E+00  0.18600000E+01  0.10058855E+00
  0.65999999E+00  0.18800000E+01  0.10085752E+00
  0.65999999E+00  0.19000000E+01  0.10104544E+00
  0.65999999E+00  0.19200000E+01  0.10115232E+00
  0.65999999E+00  0.19400000E+01  0.10117911E+00
  0.65999999E+00  0.19600000E+01  0.10112789E+00
  0.65999999E+00  0.19800000E+01  0.10100217E+00
  0.65999999E+00  0.20000000E+01  0.10080716E+00
  0.67999998E+00  0.00000000E+00  0.31908803E-02
  0.67999998E+00  0.20000000E-01  0.43267927E-02
  0.67999998E+00  0.39999999E-01  0.54288531E-02
  0.67999998E+00  0.59999999E-01  0.64991126E-02
  0.67999998E+00  0.79999998E-01  0.75395839E-02
  0.67999998E+00  0.99999998E-01  0.85522406E-02
  0.67999998E+00  0.12000000E+00  0.95390164E-02
  0.67999998E+00  0.14000000E+00  0.10501805E-01
  0.67999998E+00  0.16000000E+00  0.11442462E-01
  0.67999998E+00  0.18000000E+00  0.12362802E-01
  0.67999998E+00  0.20000000E+00  0.13264600E-01
  0.67999998E+00  0.22000000E+00  0.14149597E-01
  0.67999998E+00  0.23999999E+00  0.15019492E-01
  0.67999998E+00  0.25999999E+00  0.15875953E-01
  0.67999998E+00  0.27999999E+00  0.16720612E-01
  0.67999998E+00  0.29999999E+00  0.17555069E-01
  0.67999998E+00  0.31999999E+00  0.18380892E-01
  0.67999998E+00  0.33999999E+00  0.19199625E-01
  0.67999998E+00  0.35999999E+00  0.20012780E-01
  0.67999998E+00  0.37999999E+00  0.20821849E-01
  0.67999998E+00  0.39999999E+00  0.21628301E-01
  0.67999998E+00  0.41999999E+00  0.22433582E-01
  0.67999998E+00  0.43999999E+00  0.23239123E-01
  0.67999998E+00  0.45999999E+00  0.24046338E-01
  0.67999998E+00  0.47999999E+00  0.24856622E-01
  0.67999998E+00  0.49999999E+00  0.25671359E-01
  0.67999998E+00  0.51999999E+00  0.26491918E-01
  0.67999998E+00  0.53999999E+00  0.27319649E-01
  0.67999998E+00  0.55999999E+00  0.28155891E-01
  0.67999998E+00  0.57999999E+00  0.29001959E-01
  0.67999998E+00  0.59999999E+00  0.29859147E-01
  0.67999998E+00  0.61999999E+00  0.30728718E-01
  0.67999998E+00  0.63999999E+00  0.31611900E-01
  0.67999998E+00  0.65999999E+00  0.32509871E-01
  0.67999998E+00  0.67999998E+00  0.33423749E-01
  0.67999998E+00  0.69999998E+00  0.34354570E-01
  0.67999998E+00  0.71999998E+00  0.35303268E-01
  0.67999998E+00  0.73999998E+00  0.36270640E-01
  0.67999998E+00  0.75999998E+00  0.37257308E-01
  0.67999998E+00  0.77999998E+00  0.38263658E-01
  0.67999998E+00  0.79999998E+00  0.39289761E-01
  0.67999998E+00  0.81999998E+00  0.40335253E-01
  0.67999998E+00  0.83999998E+00  0.41399149E-01
  0.67999998E+00  0.85999998E+00  0.42479520E-01
  0.67999998E+00  0.87999998E+00  0.43572888E-01
  0.67999998E+00  0.89999998E+00  0.44672860E-01
  0.67999998E+00  0.91999998E+00  0.45766213E-01
  0.67999998E+00  0.93999998E+00  0.46814095E-01
  0.67999998E+00  0.95999998E+00  0.47735584E-01
  0.67999998E+00  0.97999998E+00  0.49002008E-01
  0.67999998E+00  0.99999998E+00  0.50286349E-01
  0.67999998E+00  0.10200000E+01  0.51588100E-01
  0.67999998E+00  0.10400000E+01  0.52906671E-01
  0.67999998E+00  0.10600000E+01  0.54241387E-01
  0.67999998E+00  0.10800000E+01  0.55591481E-01
  0.67999998E+00  0.11000000E+01  0.56956099E-01
  0.67999998E+00  0.11200000E+01  0.58334293E-01
  0.67999998E+00  0.11400000E+01  0.59725017E-01
  0.67999998E+00  0.11600000E+01  0.61127129E-01
  0.67999998E+00  0.11800000E+01  0.62539386E-01
  0.67999998E+00  0.12000000E+01  0.63960444E-01
  0.67999998E+00  0.12200000E+01  0.65388852E-01
  0.67999998E+00  0.12400000E+01  0.66823052E-01
  0.67999998E+00  0.12600000E+01  0.68261380E-01
  0.67999998E+00  0.12800000E+01  0.69702059E-01
  0.67999998E+00  0.13000000E+01  0.71143200E-01
  0.67999998E+00  0.13200000E+01  0.72582802E-01
  0.67999998E+00  0.13400000E+01  0.74018748E-01
  0.67999998E+00  0.13600000E+01  0.75448807E-01
  0.67999998E+00  0.13800000E+01  0.76870632E-01
  0.67999998E+00  0.14000000E+01  0.78281763E-01
  0.67999998E+00  0.14200000E+01  0.79679622E-01
  0.67999998E+00  0.14400000E+01  0.81061523E-01
  0.67999998E+00  0.14600000E+01  0.82424665E-01
  0.67999998E+00  0.14800000E+01  0.83766143E-01
  0.67999998E+00  0.15000000E+01  0.85082946E-01
  0.67999998E+00  0.15200000E+01  0.86371966E-01
  0.67999998E+00  0.15400000E+01  0.87630002E-01
  0.67999998E+00  0.15600000E+01  0.88853770E-01
  0.67999998E+00  0.15800000E+01  0.90039909E-01
  0.67999998E+00  0.16000000E+01  0.91184996E-01
  0.67999998E+00  0.16200000E+01  0.92285560E-01
  0.67999998E+00  0.16400000E+01  0.93338092E-01
  0.67999998E+00  0.16600000E+01  0.94339070E-01
  0.67999998E+00  0.16800000E+01  0.95284982E-01
  0.67999998E+00  0.17000000E+01  0.96172346E-01
  0.67999998E+00  0.17200000E+01  0.96997745E-01
  0.67999998E+00  0.17400000E+01  0.97757863E-01
  0.67999998E+00  0.17600000E+01  0.98449525E-01
  0.67999998E+00  0.17800000E+01  0.99069749E-01
  0.67999998E+00  0.18000000E+01  0.99615801E-01
  0.67999998E+00  0.18200000E+01  0.10008527E+00
  0.67999998E+00  0.18400000E+01  0.10047613E+00
  0.67999998E+00  0.18600000E+01  0.10078686E+00
  0.67999998E+00  0.18800000E+01  0.10101656E+00
  0.67999998E+00  0.19000000E+01  0.10116506E+00
  0.67999998E+00  0.19200000E+01  0.10123312E+00
  0.67999998E+00  0.19400000E+01  0.10122263E+00
  0.67999998E+00  0.19600000E+01  0.10113686E+00
  0.67999998E+00  0.19800000E+01  0.10098083E+00
  0.67999998E+00  0.20000000E+01  0.10076170E+00
  0.69999998E+00  0.00000000E+00  0.34345740E-02
  0.69999998E+00  0.20000000E-01  0.45794771E-02
  0.69999998E+00  0.39999999E-01  0.56903872E-02
  0.69999998E+00  0.59999999E-01  0.67693693E-02
  0.69999998E+00  0.79999998E-01  0.78184452E-02
  0.69999998E+00  0.99999998E-01  0.88395933E-02
  0.69999998E+00  0.12000000E+00  0.98347484E-02
  0.69999998E+00  0.14000000E+00  0.10805801E-01
  0.69999998E+00  0.16000000E+00  0.11754600E-01
  0.69999998E+00  0.18000000E+00  0.12682948E-01
  0.69999998E+00  0.20000000E+00  0.13592608E-01
  0.69999998E+00  0.22000000E+00  0.14485301E-01
  0.69999998E+00  0.23999999E+00  0.15362707E-01
  0.69999998E+00  0.25999999E+00  0.16226469E-01
  0.69999998E+00  0.27999999E+00  0.17078191E-01
  0.69999998E+00  0.29999999E+00  0.17919443E-01
  0.69999998E+00  0.31999999E+00  0.18751762E-01
  0.69999998E+00  0.33999999E+00  0.19576656E-01
  0.69999998E+00  0.35999999E+00  0.20395602E-01
  0.69999998E+00  0.37999999E+00  0.21210052E-01
  0.69999998E+00  0.39999999E+00  0.22021434E-01
  0.69999998E+00  0.41999999E+00  0.22831157E-01
  0.69999998E+00  0.43999999E+00  0.23640608E-01
  0.69999998E+00  0.45999999E+00  0.24451160E-01
  0.69999998E+00  0.47999999E+00  0.25264169E-01
  0.69999998E+00  0.49999999E+00  0.26080978E-01
  0.69999998E+00  0.51999999E+00  0.26902916E-01
  0.69999998E+00  0.53999999E+00  0.27731301E-01
  0.69999998E+00  0.55999999E+00  0.28567436E-01
  0.69999998E+00  0.57999999E+00  0.29412608E-01
  0.69999998E+00  0.59999999E+00  0.30268086E-01
  0.69999998E+00  0.61999999E+00  0.31135116E-01
  0.69999998E+00  0.63999999E+00  0.32014912E-01
  0.69999998E+00  0.65999999E+00  0.32908647E-01
  0.69999998E+00  0.67999998E+00  0.33817443E-01
  0.69999998E+00  0.69999998E+00  0.34742349E-01
  0.69999998E+00  0.71999998E+00  0.35684321E-01
  0.69999998E+00  0.73999998E+00  0.36644188E-01
  0.69999998E+00  0.75999998E+00  0.37622613E-01
  0.69999998E+00  0.77999998E+00  0.38620025E-01
  0.69999998E+00  0.79999998E+00  0.39636532E-01
  0.69999998E+00  0.81999998E+00  0.40671774E-01
  0.69999998E+00  0.83999998E+00  0.41724676E-01
  0.69999998E+00  0.85999998E+00  0.42792973E-01
  0.69999998E+00  0.87999998E+00  0.43872137E-01
  0.69999998E+00  0.89999998E+00  0.44952262E-01
  0.69999998E+00  0.91999998E+00  0.46002902E-01
  0.69999998E+00  0.93999998E+00  0.46962266E-01
  0.69999998E+00  0.95999998E+00  0.48215756E-01
  0.69999998E+00  0.97999998E+00  0.49487694E-01
  0.69999998E+00  0.99999998E+00  0.50777647E-01
  0.69999998E+00  0.10200000E+01  0.52085100E-01
  0.69999998E+00  0.10400000E+01  0.53409447E-01
  0.69999998E+00  0.10600000E+01  0.54749997E-01
  0.69999998E+00  0.10800000E+01  0.56105964E-01
  0.69999998E+00  0.11000000E+01  0.57476467E-01
  0.69999998E+00  0.11200000E+01  0.58860532E-01
  0.69999998E+00  0.11400000E+01  0.60257082E-01
  0.69999998E+00  0.11600000E+01  0.61664938E-01
  0.69999998E+00  0.11800000E+01  0.63082817E-01
  0.69999998E+00  0.12000000E+01  0.64509330E-01
  0.69999998E+00  0.12200000E+01  0.65942977E-01
  0.69999998E+00  0.12400000E+01  0.67382148E-01
  0.69999998E+00  0.12600000E+01  0.68825118E-01
  0.69999998E+00  0.12800000E+01  0.70270049E-01
  0.69999998E+00  0.13000000E+01  0.71714982E-01
  0.69999998E+00  0.13200000E+01  0.73157845E-01
  0.69999998E+00  0.13400000E+01  0.74596443E-01
  0.69999998E+00  0.13600000E+01  0.76028464E-01
  0.69999998E+00  0.13800000E+01  0.77451475E-01
  0.69999998E+00  0.14000000E+01  0.78862924E-01
  0.69999998E+00  0.14200000E+01  0.80260142E-01
  0.69999998E+00  0.14400000E+01  0.81640343E-01
  0.69999998E+00  0.14600000E+01  0.83000628E-01
  0.69999998E+00  0.14800000E+01  0.84337990E-01
  0.69999998E+00  0.15000000E+01  0.85649315E-01
  0.69999998E+00  0.15200000E+01  0.86931392E-01
  0.69999998E+00  0.15400000E+01  0.88180916E-01
  0.69999998E+00  0.15600000E+01  0.89394505E-01
  0.69999998E+00  0.15800000E+01  0.90568701E-01
  0.69999998E+00  0.16000000E+01  0.91699991E-01
  0.69999998E+00  0.16200000E+01  0.92784820E-01
  0.69999998E+00  0.16400000E+01  0.93819609E-01
  0.69999998E+00  0.16600000E+01  0.94800779E-01
  0.69999998E+00  0.16800000E+01  0.95724776E-01
  0.69999998E+00  0.17000000E+01  0.96588098E-01
  0.69999998E+00  0.17200000E+01  0.97387338E-01
  0.69999998E+00  0.17400000E+01  0.98119218E-01
  0.69999998E+00  0.17600000E+01  0.98780644E-01
  0.69999998E+00  0.17800000E+01  0.99368760E-01
  0.69999998E+00  0.18000000E+01  0.99881018E-01
  0.69999998E+00  0.18200000E+01  0.10031526E+00
  0.69999998E+00  0.18400000E+01  0.10066980E+00
  0.69999998E+00  0.18600000E+01  0.10094357E+00
  0.69999998E+00  0.18800000E+01  0.10113623E+00
  0.69999998E+00  0.19000000E+01  0.10124835E+00
  0.69999998E+00  0.19200000E+01  0.10128160E+00
  0.69999998E+00  0.19400000E+01  0.10123904E+00
  0.69999998E+00  0.19600000E+01  0.10112545E+00
  0.69999998E+00  0.19800000E+01  0.10094774E+00
  0.69999998E+00  0.20000000E+01  0.10071553E+00
  0.71999998E+00  0.00000000E+00  0.36917801E-02
  0.71999998E+00  0.20000000E-01  0.48465011E-02
  0.71999998E+00  0.39999999E-01  0.59670784E-02
  0.71999998E+00  0.59999999E-01  0.70555826E-02
  0.71999998E+00  0.79999998E-01  0.81140368E-02
  0.71999998E+00  0.99999998E-01  0.91444165E-02
  0.71999998E+00  0.12000000E+00  0.10148649E-01
  0.71999998E+00  0.14000000E+00  0.11128615E-01
  0.71999998E+00  0.16000000E+00  0.12086146E-01
  0.71999998E+00  0.18000000E+00  0.13023028E-01
  0.71999998E+00  0.20000000E+00  0.13941000E-01
  0.71999998E+00  0.22000000E+00  0.14841757E-01
  0.71999998E+00  0.23999999E+00  0.15726949E-01
  0.71999998E+00  0.25999999E+00  0.16598187E-01
  0.71999998E+00  0.27999999E+00  0.17457039E-01
  0.71999998E+00  0.29999999E+00  0.18305037E-01
  0.71999998E+00  0.31999999E+00  0.19143678E-01
  0.71999998E+00  0.33999999E+00  0.19974425E-01
  0.71999998E+00  0.35999999E+00  0.20798711E-01
  0.71999998E+00  0.37999999E+00  0.21617945E-01
  0.71999998E+00  0.39999999E+00  0.22433506E-01
  0.71999998E+00  0.41999999E+00  0.23246756E-01
  0.71999998E+00  0.43999999E+00  0.24059036E-01
  0.71999998E+00  0.45999999E+00  0.24871673E-01
  0.71999998E+00  0.47999999E+00  0.25685978E-01
  0.71999998E+00  0.49999999E+00  0.26503253E-01
  0.71999998E+00  0.51999999E+00  0.27324789E-01
  0.71999998E+00  0.53999999E+00  0.28151869E-01
  0.71999998E+00  0.55999999E+00  0.28985766E-01
  0.71999998E+00  0.57999999E+00  0.29827746E-01
  0.71999998E+00  0.59999999E+00  0.30679064E-01
  0.71999998E+00  0.61999999E+00  0.31540958E-01
  0.71999998E+00  0.63999999E+00  0.32414650E-01
  0.71999998E+00  0.65999999E+00  0.33301333E-01
  0.71999998E+00  0.67999998E+00  0.34202160E-01
  0.71999998E+00  0.69999998E+00  0.35118232E-01
  0.71999998E+00  0.71999998E+00  0.36050575E-01
  0.71999998E+00  0.73999998E+00  0.37000109E-01
  0.71999998E+00  0.75999998E+00  0.37967606E-01
  0.71999998E+00  0.77999998E+00  0.38953625E-01
  0.71999998E+00  0.79999998E+00  0.39958409E-01
  0.71999998E+00  0.81999998E+00  0.40981704E-01
  0.71999998E+00  0.83999998E+00  0.42022413E-01
  0.71999998E+00  0.85999998E+00  0.43077788E-01
  0.71999998E+00  0.87999998E+00  0.44141059E-01
  0.71999998E+00  0.89999998E+00  0.45189586E-01
  0.71999998E+00  0.91999998E+00  0.46179580E-01
  0.71999998E+00  0.93999998E+00  0.47419302E-01
  0.71999998E+00  0.95999998E+00  0.48677925E-01
  0.71999998E+00  0.97999998E+00  0.49955091E-01
  0.71999998E+00  0.99999998E+00  0.51250359E-01
  0.71999998E+00  0.10200000E+01  0.52563202E-01
  0.71999998E+00  0.10400000E+01  0.53893000E-01
  0.71999998E+00  0.10600000E+01  0.55239042E-01
  0.71999998E+00  0.10800000E+01  0.56600522E-01
  0.71999998E+00  0.11000000E+01  0.57976535E-01
  0.71999998E+00  0.11200000E+01  0.59366074E-01
  0.71999998E+00  0.11400000E+01  0.60768033E-01
  0.71999998E+00  0.11600000E+01  0.62181194E-01
  0.71999998E+00  0.11800000E+01  0.63604233E-01
  0.71999998E+00  0.12000000E+01  0.65035715E-01
  0.71999998E+00  0.12200000E+01  0.66474091E-01
  0.71999998E+00  0.12400000E+01  0.67917695E-01
  0.71999998E+00  0.12600000E+01  0.69364742E-01
  0.71999998E+00  0.12800000E+01  0.70813331E-01
  0.71999998E+00  0.13000000E+01  0.72261435E-01
  0.71999998E+00  0.13200000E+01  0.73706907E-01
  0.71999998E+00  0.13400000E+01  0.75147476E-01
  0.71999998E+00  0.13600000E+01  0.76580747E-01
  0.71999998E+00  0.13800000E+01  0.78004202E-01
  0.71999998E+00  0.14000000E+01  0.79415198E-01
  0.71999998E+00  0.14200000E+01  0.80810974E-01
  0.71999998E+00  0.14400000E+01  0.82188649E-01
  0.71999998E+00  0.14600000E+01  0.83545227E-01
  0.71999998E+00  0.14800000E+01  0.84877599E-01
  0.71999998E+00  0.15000000E+01  0.86182554E-01
  0.71999998E+00  0.15200000E+01  0.87456781E-01
  0.71999998E+00  0.15400000E+01  0.88696881E-01
  0.71999998E+00  0.15600000E+01  0.89899376E-01
  0.71999998E+00  0.15800000E+01  0.91060723E-01
  0.71999998E+00  0.16000000E+01  0.92177330E-01
  0.71999998E+00  0.16200000E+01  0.93245570E-01
  0.71999998E+00  0.16400000E+01  0.94261811E-01
  0.71999998E+00  0.16600000E+01  0.95222433E-01
  0.71999998E+00  0.16800000E+01  0.96123862E-01
  0.71999998E+00  0.17000000E+01  0.96962608E-01
  0.71999998E+00  0.17200000E+01  0.97735299E-01
  0.71999998E+00  0.17400000E+01  0.98438738E-01
  0.71999998E+00  0.17600000E+01  0.99069953E-01
  0.71999998E+00  0.17800000E+01  0.99626269E-01
  0.71999998E+00  0.18000000E+01  0.10010539E+00
  0.71999998E+00  0.18200000E+01  0.10050548E+00
  0.71999998E+00  0.18400000E+01  0.10082531E+00
  0.71999998E+00  0.18600000E+01  0.10106435E+00
  0.71999998E+00  0.18800000E+01  0.10122298E+00
  0.71999998E+00  0.19000000E+01  0.10130267E+00
  0.71999998E+00  0.19200000E+01  0.10130624E+00
  0.71999998E+00  0.19400000E+01  0.10123822E+00
  0.71999998E+00  0.19600000E+01  0.10110523E+00
  0.71999998E+00  0.19800000E+01  0.10091661E+00
  0.71999998E+00  0.20000000E+01  0.10068520E+00
  0.73999998E+00  0.00000000E+00  0.39630763E-02
  0.73999998E+00  0.20000000E-01  0.51284564E-02
  0.73999998E+00  0.39999999E-01  0.62595181E-02
  0.73999998E+00  0.59999999E-01  0.73583299E-02
  0.73999998E+00  0.79999998E-01  0.84269085E-02
  0.73999998E+00  0.99999998E-01  0.94672184E-02
  0.73999998E+00  0.12000000E+00  0.10481172E-01
  0.73999998E+00  0.14000000E+00  0.11470630E-01
  0.73999998E+00  0.16000000E+00  0.12437400E-01
  0.73999998E+00  0.18000000E+00  0.13383241E-01
  0.73999998E+00  0.20000000E+00  0.14309862E-01
  0.73999998E+00  0.22000000E+00  0.15218921E-01
  0.73999998E+00  0.23999999E+00  0.16112032E-01
  0.73999998E+00  0.25999999E+00  0.16990763E-01
  0.73999998E+00  0.27999999E+00  0.17856639E-01
  0.73999998E+00  0.29999999E+00  0.18711145E-01
  0.73999998E+00  0.31999999E+00  0.19555728E-01
  0.73999998E+00  0.33999999E+00  0.20391802E-01
  0.73999998E+00  0.35999999E+00  0.21220748E-01
  0.73999998E+00  0.37999999E+00  0.22043919E-01
  0.73999998E+00  0.39999999E+00  0.22862646E-01
  0.73999998E+00  0.41999999E+00  0.23678236E-01
  0.73999998E+00  0.43999999E+00  0.24491979E-01
  0.73999998E+00  0.45999999E+00  0.25305154E-01
  0.73999998E+00  0.47999999E+00  0.26119026E-01
  0.73999998E+00  0.49999999E+00  0.26934856E-01
  0.73999998E+00  0.51999999E+00  0.27753897E-01
  0.73999998E+00  0.53999999E+00  0.28577404E-01
  0.73999998E+00  0.55999999E+00  0.29406630E-01
  0.73999998E+00  0.57999999E+00  0.30242830E-01
  0.73999998E+00  0.59999999E+00  0.31087259E-01
  0.73999998E+00  0.61999999E+00  0.31941173E-01
  0.73999998E+00  0.63999999E+00  0.32805827E-01
  0.73999998E+00  0.65999999E+00  0.33682467E-01
  0.73999998E+00  0.67999998E+00  0.34572325E-01
  0.73999998E+00  0.69999998E+00  0.35476609E-01
  0.73999998E+00  0.71999998E+00  0.36396482E-01
  0.73999998E+00  0.73999998E+00  0.37333043E-01
  0.73999998E+00  0.75999998E+00  0.38287282E-01
  0.73999998E+00  0.77999998E+00  0.39260021E-01
  0.73999998E+00  0.79999998E+00  0.40251796E-01
  0.73999998E+00  0.81999998E+00  0.41262628E-01
  0.73999998E+00  0.83999998E+00  0.42291472E-01
  0.73999998E+00  0.85999998E+00  0.43334520E-01
  0.73999998E+00  0.87999998E+00  0.44376356E-01
  0.73999998E+00  0.89999998E+00  0.45390099E-01
  0.73999998E+00  0.91999998E+00  0.46615328E-01
  0.73999998E+00  0.93999998E+00  0.47859827E-01
  0.73999998E+00  0.95999998E+00  0.49123318E-01
  0.73999998E+00  0.97999998E+00  0.50405436E-01
  0.73999998E+00  0.99999998E+00  0.51705730E-01
  0.73999998E+00  0.10200000E+01  0.53023660E-01
  0.73999998E+00  0.10400000E+01  0.54358590E-01
  0.73999998E+00  0.10600000E+01  0.55709791E-01
  0.73999998E+00  0.10800000E+01  0.57076432E-01
  0.73999998E+00  0.11000000E+01  0.58457584E-01
  0.73999998E+00  0.11200000E+01  0.59852209E-01
  0.73999998E+00  0.11400000E+01  0.61259166E-01
  0.73999998E+00  0.11600000E+01  0.62677200E-01
  0.73999998E+00  0.11800000E+01  0.64104945E-01
  0.73999998E+00  0.12000000E+01  0.65540918E-01
  0.73999998E+00  0.12200000E+01  0.66983518E-01
  0.73999998E+00  0.12400000E+01  0.68431025E-01
  0.73999998E+00  0.12600000E+01  0.69881594E-01
  0.73999998E+00  0.12800000E+01  0.71333258E-01
  0.73999998E+00  0.13000000E+01  0.72783921E-01
  0.73999998E+00  0.13200000E+01  0.74231364E-01
  0.73999998E+00  0.13400000E+01  0.75673236E-01
  0.73999998E+00  0.13600000E+01  0.77107061E-01
  0.73999998E+00  0.13800000E+01  0.78530236E-01
  0.73999998E+00  0.14000000E+01  0.79940030E-01
  0.73999998E+00  0.14200000E+01  0.81333590E-01
  0.73999998E+00  0.14400000E+01  0.82707942E-01
  0.73999998E+00  0.14600000E+01  0.84059994E-01
  0.73999998E+00  0.14800000E+01  0.85386543E-01
  0.73999998E+00  0.15000000E+01  0.86684283E-01
  0.73999998E+00  0.15200000E+01  0.87949810E-01
  0.73999998E+00  0.15400000E+01  0.89179635E-01
  0.73999998E+00  0.15600000E+01  0.90370197E-01
  0.73999998E+00  0.15800000E+01  0.91517875E-01
  0.73999998E+00  0.16000000E+01  0.92619011E-01
  0.73999998E+00  0.16200000E+01  0.93669924E-01
  0.73999998E+00  0.16400000E+01  0.94666944E-01
  0.73999998E+00  0.16600000E+01  0.95606433E-01
  0.73999998E+00  0.16800000E+01  0.96484825E-01
  0.73999998E+00  0.17000000E+01  0.97298667E-01
  0.73999998E+00  0.17200000E+01  0.98044665E-01
  0.73999998E+00  0.17400000E+01  0.98719739E-01
  0.73999998E+00  0.17600000E+01  0.99321097E-01
  0.73999998E+00  0.17800000E+01  0.99846306E-01
  0.73999998E+00  0.18000000E+01  0.10029339E+00
  0.73999998E+00  0.18200000E+01  0.10066095E+00
  0.73999998E+00  0.18400000E+01  0.10094828E+00
  0.73999998E+00  0.18600000E+01  0.10115557E+00
  0.73999998E+00  0.18800000E+01  0.10128406E+00
  0.73999998E+00  0.19000000E+01  0.10133634E+00
  0.73999998E+00  0.19200000E+01  0.10131668E+00
  0.73999998E+00  0.19400000E+01  0.10123141E+00
  0.73999998E+00  0.19600000E+01  0.10108953E+00
  0.73999998E+00  0.19800000E+01  0.10090350E+00
  0.73999998E+00  0.20000000E+01  0.10069042E+00
  0.75999998E+00  0.00000000E+00  0.42490135E-02
  0.75999998E+00  0.20000000E-01  0.54258881E-02
  0.75999998E+00  0.39999999E-01  0.65682320E-02
  0.75999998E+00  0.59999999E-01  0.76781039E-02
  0.75999998E+00  0.79999998E-01  0.87575058E-02
  0.75999998E+00  0.99999998E-01  0.98083833E-02
  0.75999998E+00  0.12000000E+00  0.10832625E-01
  0.75999998E+00  0.14000000E+00  0.11832064E-01
  0.75999998E+00  0.16000000E+00  0.12808476E-01
  0.75999998E+00  0.18000000E+00  0.13763585E-01
  0.75999998E+00  0.20000000E+00  0.14699056E-01
  0.75999998E+00  0.22000000E+00  0.15616508E-01
  0.75999998E+00  0.23999999E+00  0.16517506E-01
  0.75999998E+00  0.25999999E+00  0.17403568E-01
  0.75999998E+00  0.27999999E+00  0.18276167E-01
  0.75999998E+00  0.29999999E+00  0.19136732E-01
  0.75999998E+00  0.31999999E+00  0.19986654E-01
  0.75999998E+00  0.33999999E+00  0.20827289E-01
  0.75999998E+00  0.35999999E+00  0.21659959E-01
  0.75999998E+00  0.37999999E+00  0.22485958E-01
  0.75999998E+00  0.39999999E+00  0.23306558E-01
  0.75999998E+00  0.41999999E+00  0.24123011E-01
  0.75999998E+00  0.43999999E+00  0.24936554E-01
  0.75999998E+00  0.45999999E+00  0.25748414E-01
  0.75999998E+00  0.47999999E+00  0.26559813E-01
  0.75999998E+00  0.49999999E+00  0.27371973E-01
  0.75999998E+00  0.51999999E+00  0.28186117E-01
  0.75999998E+00  0.53999999E+00  0.29003482E-01
  0.75999998E+00  0.55999999E+00  0.29825311E-01
  0.75999998E+00  0.57999999E+00  0.30652869E-01
  0.75999998E+00  0.59999999E+00  0.31487436E-01
  0.75999998E+00  0.61999999E+00  0.32330318E-01
  0.75999998E+00  0.63999999E+00  0.33182840E-01
  0.75999998E+00  0.65999999E+00  0.34046356E-01
  0.75999998E+00  0.67999998E+00  0.34922238E-01
  0.75999998E+00  0.69999998E+00  0.35811880E-01
  0.75999998E+00  0.71999998E+00  0.36716689E-01
  0.75999998E+00  0.73999998E+00  0.37638069E-01
  0.75999998E+00  0.75999998E+00  0.38577395E-01
  0.75999998E+00  0.77999998E+00  0.39535963E-01
  0.75999998E+00  0.79999998E+00  0.40514868E-01
  0.75999998E+00  0.81999998E+00  0.41514688E-01
  0.75999998E+00  0.83999998E+00  0.42534409E-01
  0.75999998E+00  0.85999998E+00  0.43565285E-01
  0.75999998E+00  0.87999998E+00  0.44596299E-01
  0.75999998E+00  0.89999998E+00  0.45806421E-01
  0.75999998E+00  0.91999998E+00  0.47036097E-01
  0.75999998E+00  0.93999998E+00  0.48285127E-01
  0.75999998E+00  0.95999998E+00  0.49553229E-01
  0.75999998E+00  0.97999998E+00  0.50840030E-01
  0.75999998E+00  0.99999998E+00  0.52145068E-01
  0.75999998E+00  0.10200000E+01  0.53467788E-01
  0.75999998E+00  0.10400000E+01  0.54807539E-01
  0.75999998E+00  0.10600000E+01  0.56163570E-01
  0.75999998E+00  0.10800000E+01  0.57535028E-01
  0.75999998E+00  0.11000000E+01  0.58920954E-01
  0.75999998E+00  0.11200000E+01  0.60320282E-01
  0.75999998E+00  0.11400000E+01  0.61731833E-01
  0.75999998E+00  0.11600000E+01  0.63154314E-01
  0.75999998E+00  0.11800000E+01  0.64586316E-01
  0.75999998E+00  0.12000000E+01  0.66026307E-01
  0.75999998E+00  0.12200000E+01  0.67472636E-01
  0.75999998E+00  0.12400000E+01  0.68923525E-01
  0.75999998E+00  0.12600000E+01  0.70377068E-01
  0.75999998E+00  0.12800000E+01  0.71831234E-01
  0.75999998E+00  0.13000000E+01  0.73283857E-01
  0.75999998E+00  0.13200000E+01  0.74732643E-01
  0.75999998E+00  0.13400000E+01  0.76175167E-01
  0.75999998E+00  0.13600000E+01  0.77608869E-01
  0.75999998E+00  0.13800000E+01  0.79031063E-01
  0.75999998E+00  0.14000000E+01  0.80438931E-01
  0.75999998E+00  0.14200000E+01  0.81829531E-01
  0.75999998E+00  0.14400000E+01  0.83199797E-01
  0.75999998E+00  0.14600000E+01  0.84546546E-01
  0.75999998E+00  0.14800000E+01  0.85866486E-01
  0.75999998E+00  0.15000000E+01  0.87156220E-01
  0.75999998E+00  0.15200000E+01  0.88412259E-01
  0.75999998E+00  0.15400000E+01  0.89631033E-01
  0.75999998E+00  0.15600000E+01  0.90808907E-01
  0.75999998E+00  0.15800000E+01  0.91942197E-01
  0.75999998E+00  0.16000000E+01  0.93027190E-01
  0.75999998E+00  0.16200000E+01  0.94060171E-01
  0.75999998E+00  0.16400000E+01  0.95037451E-01
  0.75999998E+00  0.16600000E+01  0.95955400E-01
  0.75999998E+00  0.16800000E+01  0.96810490E-01
  0.75999998E+00  0.17000000E+01  0.97599339E-01
  0.75999998E+00  0.17200000E+01  0.98318772E-01
  0.75999998E+00  0.17400000E+01  0.98965880E-01
  0.75999998E+00  0.17600000E+01  0.99538106E-01
  0.75999998E+00  0.17800000E+01  0.10003333E+00
  0.75999998E+00  0.18000000E+01  0.10045000E+00
  0.75999998E+00  0.18200000E+01  0.10078722E+00
  0.75999998E+00  0.18400000E+01  0.10104499E+00
  0.75999998E+00  0.18600000E+01  0.10122433E+00
  0.75999998E+00  0.18800000E+01  0.10132760E+00
  0.75999998E+00  0.19000000E+01  0.10135877E+00
  0.75999998E+00  0.19200000E+01  0.10132386E+00
  0.75999998E+00  0.19400000E+01  0.10123154E+00
  0.75999998E+00  0.19600000E+01  0.10109384E+00
  0.75999998E+00  0.19800000E+01  0.10092738E+00
  0.75999998E+00  0.20000000E+01  0.10075507E+00
  0.77999998E+00  0.00000000E+00  0.45501040E-02
  0.77999998E+00  0.20000000E-01  0.57392833E-02
  0.77999998E+00  0.39999999E-01  0.68936683E-02
  0.77999998E+00  0.59999999E-01  0.80152999E-02
  0.77999998E+00  0.79999998E-01  0.91061574E-02
  0.77999998E+00  0.99999998E-01  0.10168159E-01
  0.77999998E+00  0.12000000E+00  0.11203162E-01
  0.77999998E+00  0.14000000E+00  0.12212961E-01
  0.77999998E+00  0.16000000E+00  0.13199294E-01
  0.77999998E+00  0.18000000E+00  0.14163836E-01
  0.77999998E+00  0.20000000E+00  0.15108208E-01
  0.77999998E+00  0.22000000E+00  0.16033973E-01
  0.77999998E+00  0.23999999E+00  0.16942641E-01
  0.77999998E+00  0.25999999E+00  0.17835671E-01
  0.77999998E+00  0.27999999E+00  0.18714476E-01
  0.77999998E+00  0.29999999E+00  0.19580422E-01
  0.77999998E+00  0.31999999E+00  0.20434835E-01
  0.77999998E+00  0.33999999E+00  0.21279005E-01
  0.77999998E+00  0.35999999E+00  0.22114191E-01
  0.77999998E+00  0.37999999E+00  0.22941623E-01
  0.77999998E+00  0.39999999E+00  0.23762511E-01
  0.77999998E+00  0.41999999E+00  0.24578047E-01
  0.77999998E+00  0.43999999E+00  0.25389415E-01
  0.77999998E+00  0.45999999E+00  0.26197793E-01
  0.77999998E+00  0.47999999E+00  0.27004364E-01
  0.77999998E+00  0.49999999E+00  0.27810316E-01
  0.77999998E+00  0.51999999E+00  0.28616858E-01
  0.77999998E+00  0.53999999E+00  0.29425219E-01
  0.77999998E+00  0.55999999E+00  0.30236658E-01
  0.77999998E+00  0.57999999E+00  0.31052475E-01
  0.77999998E+00  0.59999999E+00  0.31874011E-01
  0.77999998E+00  0.61999999E+00  0.32702663E-01
  0.77999998E+00  0.63999999E+00  0.33539891E-01
  0.77999998E+00  0.65999999E+00  0.34387221E-01
  0.77999998E+00  0.67999998E+00  0.35246261E-01
  0.77999998E+00  0.69999998E+00  0.36118710E-01
  0.77999998E+00  0.71999998E+00  0.37006364E-01
  0.77999998E+00  0.73999998E+00  0.37911133E-01
  0.77999998E+00  0.75999998E+00  0.38835039E-01
  0.77999998E+00  0.77999998E+00  0.39780209E-01
  0.77999998E+00  0.79999998E+00  0.40748767E-01
  0.77999998E+00  0.81999998E+00  0.41742335E-01
  0.77999998E+00  0.83999998E+00  0.42758311E-01
  0.77999998E+00  0.85999998E+00  0.43800548E-01
  0.77999998E+00  0.87999998E+00  0.44995057E-01
  0.77999998E+00  0.89999998E+00  0.46209318E-01
  0.77999998E+00  0.91999998E+00  0.47443213E-01
  0.77999998E+00  0.93999998E+00  0.48696536E-01
  0.77999998E+00  0.95999998E+00  0.49968999E-01
  0.77999998E+00  0.97999998E+00  0.51260220E-01
  0.77999998E+00  0.99999998E+00  0.52569726E-01
  0.77999998E+00  0.10200000E+01  0.53896946E-01
  0.77999998E+00  0.10400000E+01  0.55241210E-01
  0.77999998E+00  0.10600000E+01  0.56601748E-01
  0.77999998E+00  0.10800000E+01  0.57977682E-01
  0.77999998E+00  0.11000000E+01  0.59368023E-01
  0.77999998E+00  0.11200000E+01  0.60771674E-01
  0.77999998E+00  0.11400000E+01  0.62187420E-01
  0.77999998E+00  0.11600000E+01  0.63613927E-01
  0.77999998E+00  0.11800000E+01  0.65049743E-01
  0.77999998E+00  0.12000000E+01  0.66493287E-01
  0.77999998E+00  0.12200000E+01  0.67942855E-01
  0.77999998E+00  0.12400000E+01  0.69396613E-01
  0.77999998E+00  0.12600000E+01  0.70852593E-01
  0.77999998E+00  0.12800000E+01  0.72308699E-01
  0.77999998E+00  0.13000000E+01  0.73762696E-01
  0.77999998E+00  0.13200000E+01  0.75212216E-01
  0.77999998E+00  0.13400000E+01  0.76654758E-01
  0.77999998E+00  0.13600000E+01  0.78087683E-01
  0.77999998E+00  0.13800000E+01  0.79508220E-01
  0.77999998E+00  0.14000000E+01  0.80913467E-01
  0.77999998E+00  0.14200000E+01  0.82300397E-01
  0.77999998E+00  0.14400000E+01  0.83665855E-01
  0.77999998E+00  0.14600000E+01  0.85006573E-01
  0.77999998E+00  0.14800000E+01  0.86319173E-01
  0.77999998E+00  0.15000000E+01  0.87600175E-01
  0.77999998E+00  0.15200000E+01  0.88846013E-01
  0.77999998E+00  0.15400000E+01  0.90053047E-01
  0.77999998E+00  0.15600000E+01  0.91217578E-01
  0.77999998E+00  0.15800000E+01  0.92335873E-01
  0.77999998E+00  0.16000000E+01  0.93404184E-01
  0.77999998E+00  0.16200000E+01  0.94418778E-01
  0.77999998E+00  0.16400000E+01  0.95375974E-01
  0.77999998E+00  0.16600000E+01  0.96272178E-01
  0.77999998E+00  0.16800000E+01  0.97103932E-01
  0.77999998E+00  0.17000000E+01  0.97867968E-01
  0.77999998E+00  0.17200000E+01  0.98561274E-01
  0.77999998E+00  0.17400000E+01  0.99181172E-01
  0.77999998E+00  0.17600000E+01  0.99725408E-01
  0.77999998E+00  0.17800000E+01  0.10019226E+00
  0.77999998E+00  0.18000000E+01  0.10058069E+00
  0.77999998E+00  0.18200000E+01  0.10089046E+00
  0.77999998E+00  0.18400000E+01  0.10112240E+00
  0.77999998E+00  0.18600000E+01  0.10127860E+00
  0.77999998E+00  0.18800000E+01  0.10136274E+00
  0.77999998E+00  0.19000000E+01  0.10138053E+00
  0.77999998E+00  0.19200000E+01  0.10134024E+00
  0.77999998E+00  0.19400000E+01  0.10125349E+00
  0.77999998E+00  0.19600000E+01  0.10113635E+00
  0.77999998E+00  0.19800000E+01  0.10101109E+00
  0.77999998E+00  0.20000000E+01  0.10090918E+00
  0.79999998E+00  0.00000000E+00  0.48668088E-02
  0.79999998E+00  0.20000000E-01  0.60690581E-02
  0.79999998E+00  0.39999999E-01  0.72361846E-02
  0.79999998E+00  0.59999999E-01  0.83702030E-02
  0.79999998E+00  0.79999998E-01  0.94730618E-02
  0.79999998E+00  0.99999998E-01  0.10546643E-01
  0.79999998E+00  0.12000000E+00  0.11592764E-01
  0.79999998E+00  0.14000000E+00  0.12613173E-01
  0.79999998E+00  0.16000000E+00  0.13609559E-01
  0.79999998E+00  0.18000000E+00  0.14583543E-01
  0.79999998E+00  0.20000000E+00  0.15536687E-01
  0.79999998E+00  0.22000000E+00  0.16470494E-01
  0.79999998E+00  0.23999999E+00  0.17386409E-01
  0.79999998E+00  0.25999999E+00  0.18285824E-01
  0.79999998E+00  0.27999999E+00  0.19170082E-01
  0.79999998E+00  0.29999999E+00  0.20040479E-01
  0.79999998E+00  0.31999999E+00  0.20898270E-01
  0.79999998E+00  0.33999999E+00  0.21744674E-01
  0.79999998E+00  0.35999999E+00  0.22580879E-01
  0.79999998E+00  0.37999999E+00  0.23408049E-01
  0.79999998E+00  0.39999999E+00  0.24227329E-01
  0.79999998E+00  0.41999999E+00  0.25039853E-01
  0.79999998E+00  0.43999999E+00  0.25846753E-01
  0.79999998E+00  0.45999999E+00  0.26649164E-01
  0.79999998E+00  0.47999999E+00  0.27448237E-01
  0.79999998E+00  0.49999999E+00  0.28245142E-01
  0.79999998E+00  0.51999999E+00  0.29041086E-01
  0.79999998E+00  0.53999999E+00  0.29837318E-01
  0.79999998E+00  0.55999999E+00  0.30635142E-01
  0.79999998E+00  0.57999999E+00  0.31435930E-01
  0.79999998E+00  0.59999999E+00  0.32241136E-01
  0.79999998E+00  0.61999999E+00  0.33052314E-01
  0.79999998E+00  0.63999999E+00  0.33871133E-01
  0.79999998E+00  0.65999999E+00  0.34699398E-01
  0.79999998E+00  0.67999998E+00  0.35539085E-01
  0.79999998E+00  0.69999998E+00  0.36392364E-01
  0.79999998E+00  0.71999998E+00  0.37261653E-01
  0.79999998E+00  0.73999998E+00  0.38149677E-01
  0.79999998E+00  0.75999998E+00  0.39059548E-01
  0.79999998E+00  0.77999998E+00  0.39994869E-01
  0.79999998E+00  0.79999998E+00  0.40959744E-01
  0.79999998E+00  0.81999998E+00  0.41957220E-01
  0.79999998E+00  0.83999998E+00  0.43005082E-01
  0.79999998E+00  0.85999998E+00  0.44183588E-01
  0.79999998E+00  0.87999998E+00  0.45381954E-01
  0.79999998E+00  0.89999998E+00  0.46600143E-01
  0.79999998E+00  0.91999998E+00  0.47838034E-01
  0.79999998E+00  0.93999998E+00  0.49095417E-01
  0.79999998E+00  0.95999998E+00  0.50371996E-01
  0.79999998E+00  0.97999998E+00  0.51667379E-01
  0.79999998E+00  0.99999998E+00  0.52981079E-01
  0.79999998E+00  0.10200000E+01  0.54312511E-01
  0.79999998E+00  0.10400000E+01  0.55660987E-01
  0.79999998E+00  0.10600000E+01  0.57025713E-01
  0.79999998E+00  0.10800000E+01  0.58405784E-01
  0.79999998E+00  0.11000000E+01  0.59800185E-01
  0.79999998E+00  0.11200000E+01  0.61207784E-01
  0.79999998E+00  0.11400000E+01  0.62627329E-01
  0.79999998E+00  0.11600000E+01  0.64057448E-01
  0.79999998E+00  0.11800000E+01  0.65496640E-01
  0.79999998E+00  0.12000000E+01  0.66943278E-01
  0.79999998E+00  0.12200000E+01  0.68395604E-01
  0.79999998E+00  0.12400000E+01  0.69851726E-01
  0.79999998E+00  0.12600000E+01  0.71309618E-01
  0.79999998E+00  0.12800000E+01  0.72767115E-01
  0.79999998E+00  0.13000000E+01  0.74221915E-01
  0.79999998E+00  0.13200000E+01  0.75671579E-01
  0.79999998E+00  0.13400000E+01  0.77113528E-01
  0.79999998E+00  0.13600000E+01  0.78545045E-01
  0.79999998E+00  0.13800000E+01  0.79963280E-01
  0.79999998E+00  0.14000000E+01  0.81365250E-01
  0.79999998E+00  0.14200000E+01  0.82747841E-01
  0.79999998E+00  0.14400000E+01  0.84107819E-01
  0.79999998E+00  0.14600000E+01  0.85441833E-01
  0.79999998E+00  0.14800000E+01  0.86746426E-01
  0.79999998E+00  0.15000000E+01  0.88018045E-01
  0.79999998E+00  0.15200000E+01  0.89253057E-01
  0.79999998E+00  0.15400000E+01  0.90447759E-01
  0.79999998E+00  0.15600000E+01  0.91598407E-01
  0.79999998E+00  0.15800000E+01  0.92701232E-01
  0.79999998E+00  0.16000000E+01  0.93752471E-01
  0.79999998E+00  0.16200000E+01  0.94748397E-01
  0.79999998E+00  0.16400000E+01  0.95685363E-01
  0.79999998E+00  0.16600000E+01  0.96559844E-01
  0.79999998E+00  0.16800000E+01  0.97368488E-01
  0.79999998E+00  0.17000000E+01  0.98108189E-01
  0.79999998E+00  0.17200000E+01  0.98776154E-01
  0.79999998E+00  0.17400000E+01  0.99369998E-01
  0.79999998E+00  0.17600000E+01  0.99887852E-01
  0.79999998E+00  0.17800000E+01  0.10032849E+00
  0.79999998E+00  0.18000000E+01  0.10069151E+00
  0.79999998E+00  0.18200000E+01  0.10097748E+00
  0.79999998E+00  0.18400000E+01  0.10118824E+00
  0.79999998E+00  0.18600000E+01  0.10132719E+00
  0.79999998E+00  0.18800000E+01  0.10139968E+00
  0.79999998E+00  0.19000000E+01  0.10141360E+00
  0.79999998E+00  0.19200000E+01  0.10138008E+00
  0.79999998E+00  0.19400000E+01  0.10131462E+00
  0.79999998E+00  0.19600000E+01  0.10123880E+00
  0.79999998E+00  0.19800000E+01  0.10118315E+00
  0.79999998E+00  0.20000000E+01  0.10119279E+00
  0.81999998E+00  0.00000000E+00  0.51995242E-02
  0.81999998E+00  0.20000000E-01  0.64155442E-02
  0.81999998E+00  0.39999999E-01  0.75960340E-02
  0.81999998E+00  0.59999999E-01  0.87429740E-02
  0.81999998E+00  0.79999998E-01  0.98582732E-02
  0.81999998E+00  0.99999998E-01  0.10943769E-01
  0.81999998E+00  0.12000000E+00  0.12001228E-01
  0.81999998E+00  0.14000000E+00  0.13032347E-01
  0.81999998E+00  0.16000000E+00  0.14038752E-01
  0.81999998E+00  0.18000000E+00  0.15022004E-01
  0.81999998E+00  0.20000000E+00  0.15983596E-01
  0.81999998E+00  0.22000000E+00  0.16924962E-01
  0.81999998E+00  0.23999999E+00  0.17847473E-01
  0.81999998E+00  0.25999999E+00  0.18752446E-01
  0.81999998E+00  0.27999999E+00  0.19641147E-01
  0.81999998E+00  0.29999999E+00  0.20514795E-01
  0.81999998E+00  0.31999999E+00  0.21374568E-01
  0.81999998E+00  0.33999999E+00  0.22221608E-01
  0.81999998E+00  0.35999999E+00  0.23057031E-01
  0.81999998E+00  0.37999999E+00  0.23881930E-01
  0.81999998E+00  0.39999999E+00  0.24697389E-01
  0.81999998E+00  0.41999999E+00  0.25504484E-01
  0.81999998E+00  0.43999999E+00  0.26304302E-01
  0.81999998E+00  0.45999999E+00  0.27097945E-01
  0.81999998E+00  0.47999999E+00  0.27886545E-01
  0.81999998E+00  0.49999999E+00  0.28671275E-01
  0.81999998E+00  0.51999999E+00  0.29453365E-01
  0.81999998E+00  0.53999999E+00  0.30234117E-01
  0.81999998E+00  0.55999999E+00  0.31014922E-01
  0.81999998E+00  0.57999999E+00  0.31797282E-01
  0.81999998E+00  0.59999999E+00  0.32582832E-01
  0.81999998E+00  0.61999999E+00  0.33373369E-01
  0.81999998E+00  0.63999999E+00  0.34170885E-01
  0.81999998E+00  0.65999999E+00  0.34977612E-01
  0.81999998E+00  0.67999998E+00  0.35796081E-01
  0.81999998E+00  0.69999998E+00  0.36629195E-01
  0.81999998E+00  0.71999998E+00  0.37480350E-01
  0.81999998E+00  0.73999998E+00  0.38353608E-01
  0.81999998E+00  0.75999998E+00  0.39253980E-01
  0.81999998E+00  0.77999998E+00  0.40187913E-01
  0.81999998E+00  0.79999998E+00  0.41163637E-01
  0.81999998E+00  0.81999998E+00  0.42212003E-01
  0.81999998E+00  0.83999998E+00  0.43374225E-01
  0.81999998E+00  0.85999998E+00  0.44556327E-01
  0.81999998E+00  0.87999998E+00  0.45758354E-01
  0.81999998E+00  0.89999998E+00  0.46980264E-01
  0.81999998E+00  0.91999998E+00  0.48221933E-01
  0.81999998E+00  0.93999998E+00  0.49483146E-01
  0.81999998E+00  0.95999998E+00  0.50763599E-01
  0.81999998E+00  0.97999998E+00  0.52062888E-01
  0.81999998E+00  0.99999998E+00  0.53380513E-01
  0.81999998E+00  0.10200000E+01  0.54715873E-01
  0.81999998E+00  0.10400000E+01  0.56068259E-01
  0.81999998E+00  0.10600000E+01  0.57436854E-01
  0.81999998E+00  0.10800000E+01  0.58820729E-01
  0.81999998E+00  0.11000000E+01  0.60218836E-01
  0.81999998E+00  0.11200000E+01  0.61630012E-01
  0.81999998E+00  0.11400000E+01  0.63052966E-01
  0.81999998E+00  0.11600000E+01  0.64486284E-01
  0.81999998E+00  0.11800000E+01  0.65928421E-01
  0.81999998E+00  0.12000000E+01  0.67377702E-01
  0.81999998E+00  0.12200000E+01  0.68832313E-01
  0.81999998E+00  0.12400000E+01  0.70290308E-01
  0.81999998E+00  0.12600000E+01  0.71749597E-01
  0.81999998E+00  0.12800000E+01  0.73207953E-01
  0.81999998E+00  0.13000000E+01  0.74663006E-01
  0.81999998E+00  0.13200000E+01  0.76112244E-01
  0.81999998E+00  0.13400000E+01  0.77553015E-01
  0.81999998E+00  0.13600000E+01  0.78982528E-01
  0.81999998E+00  0.13800000E+01  0.80397853E-01
  0.81999998E+00  0.14000000E+01  0.81795928E-01
  0.81999998E+00  0.14200000E+01  0.83173563E-01
  0.81999998E+00  0.14400000E+01  0.84527444E-01
  0.81999998E+00  0.14600000E+01  0.85854148E-01
  0.81999998E+00  0.14800000E+01  0.87150145E-01
  0.81999998E+00  0.15000000E+01  0.88411818E-01
  0.81999998E+00  0.15200000E+01  0.89635475E-01
  0.81999998E+00  0.15400000E+01  0.90817370E-01
  0.81999998E+00  0.15600000E+01  0.91953724E-01
  0.81999998E+00  0.15800000E+01  0.93040753E-01
  0.81999998E+00  0.16000000E+01  0.94074699E-01
  0.81999998E+00  0.16200000E+01  0.95051870E-01
  0.81999998E+00  0.16400000E+01  0.95968681E-01
  0.81999998E+00  0.16600000E+01  0.96821711E-01
  0.81999998E+00  0.16800000E+01  0.97607764E-01
  0.81999998E+00  0.17000000E+01  0.98323941E-01
  0.81999998E+00  0.17200000E+01  0.98967733E-01
  0.81999998E+00  0.17400000E+01  0.99537124E-01
  0.81999998E+00  0.17600000E+01  0.10003072E+00
  0.81999998E+00  0.17800000E+01  0.10044792E+00
  0.81999998E+00  0.18000000E+01  0.10078906E+00
  0.81999998E+00  0.18200000E+01  0.10105573E+00
  0.81999998E+00  0.18400000E+01  0.10125101E+00
  0.81999998E+00  0.18600000E+01  0.10137992E+00
  0.81999998E+00  0.18800000E+01  0.10144989E+00
  0.81999998E+00  0.19000000E+01  0.10147156E+00
  0.81999998E+00  0.19200000E+01  0.10145984E+00
  0.81999998E+00  0.19400000E+01  0.10143551E+00
  0.81999998E+00  0.19600000E+01  0.10142811E+00
  0.81999998E+00  0.19800000E+01  0.10148127E+00
  0.81999998E+00  0.20000000E+01  0.10166591E+00
  0.83999998E+00  0.00000000E+00  0.55485678E-02
  0.83999998E+00  0.20000000E-01  0.67789746E-02
  0.83999998E+00  0.39999999E-01  0.79733510E-02
  0.83999998E+00  0.59999999E-01  0.91336347E-02
  0.83999998E+00  0.79999998E-01  0.10261686E-01
  0.83999998E+00  0.99999998E-01  0.11359289E-01
  0.83999998E+00  0.12000000E+00  0.12428152E-01
  0.83999998E+00  0.14000000E+00  0.13469906E-01
  0.83999998E+00  0.16000000E+00  0.14486110E-01
  0.83999998E+00  0.18000000E+00  0.15478252E-01
  0.83999998E+00  0.20000000E+00  0.16447751E-01
  0.83999998E+00  0.22000000E+00  0.17395959E-01
  0.83999998E+00  0.23999999E+00  0.18324168E-01
  0.83999998E+00  0.25999999E+00  0.19233610E-01
  0.83999998E+00  0.27999999E+00  0.20125469E-01
  0.83999998E+00  0.29999999E+00  0.21000879E-01
  0.83999998E+00  0.31999999E+00  0.21860937E-01
  0.83999998E+00  0.33999999E+00  0.22706705E-01
  0.83999998E+00  0.35999999E+00  0.23539225E-01
  0.83999998E+00  0.37999999E+00  0.24359521E-01
  0.83999998E+00  0.39999999E+00  0.25168618E-01
  0.83999998E+00  0.41999999E+00  0.25967543E-01
  0.83999998E+00  0.43999999E+00  0.26757348E-01
  0.83999998E+00  0.45999999E+00  0.27539117E-01
  0.83999998E+00  0.47999999E+00  0.28313984E-01
  0.83999998E+00  0.49999999E+00  0.29083152E-01
  0.83999998E+00  0.51999999E+00  0.29847913E-01
  0.83999998E+00  0.53999999E+00  0.30609667E-01
  0.83999998E+00  0.55999999E+00  0.31369953E-01
  0.83999998E+00  0.57999999E+00  0.32130476E-01
  0.83999998E+00  0.59999999E+00  0.32893150E-01
  0.83999998E+00  0.61999999E+00  0.33660137E-01
  0.83999998E+00  0.63999999E+00  0.34433915E-01
  0.83999998E+00  0.65999999E+00  0.35217351E-01
  0.83999998E+00  0.67999998E+00  0.36013818E-01
  0.83999998E+00  0.69999998E+00  0.36827355E-01
  0.83999998E+00  0.71999998E+00  0.37662934E-01
  0.83999998E+00  0.73999998E+00  0.38526913E-01
  0.83999998E+00  0.75999998E+00  0.39427948E-01
  0.83999998E+00  0.77999998E+00  0.40379029E-01
  0.83999998E+00  0.79999998E+00  0.41423256E-01
  0.83999998E+00  0.81999998E+00  0.42569031E-01
  0.83999998E+00  0.83999998E+00  0.43734613E-01
  0.83999998E+00  0.85999998E+00  0.44920129E-01
  0.83999998E+00  0.87999998E+00  0.46125621E-01
  0.83999998E+00  0.89999998E+00  0.47351048E-01
  0.83999998E+00  0.91999998E+00  0.48596280E-01
  0.83999998E+00  0.93999998E+00  0.49861096E-01
  0.83999998E+00  0.95999998E+00  0.51145182E-01
  0.83999998E+00  0.97999998E+00  0.52448123E-01
  0.83999998E+00  0.99999998E+00  0.53769405E-01
  0.83999998E+00  0.10200000E+01  0.55108409E-01
  0.83999998E+00  0.10400000E+01  0.56464405E-01
  0.83999998E+00  0.10600000E+01  0.57836555E-01
  0.83999998E+00  0.10800000E+01  0.59223899E-01
  0.83999998E+00  0.11000000E+01  0.60625363E-01
  0.83999998E+00  0.11200000E+01  0.62039746E-01
  0.83999998E+00  0.11400000E+01  0.63465721E-01
  0.83999998E+00  0.11600000E+01  0.64901833E-01
  0.83999998E+00  0.11800000E+01  0.66346492E-01
  0.83999998E+00  0.12000000E+01  0.67797972E-01
  0.83999998E+00  0.12200000E+01  0.69254408E-01
  0.83999998E+00  0.12400000E+01  0.70713795E-01
  0.83999998E+00  0.12600000E+01  0.72173985E-01
  0.83999998E+00  0.12800000E+01  0.73632687E-01
  0.83999998E+00  0.13000000E+01  0.75087463E-01
  0.83999998E+00  0.13200000E+01  0.76535734E-01
  0.83999998E+00  0.13400000E+01  0.77974776E-01
  0.83999998E+00  0.13600000E+01  0.79401723E-01
  0.83999998E+00  0.13800000E+01  0.80813573E-01
  0.83999998E+00  0.14000000E+01  0.82207189E-01
  0.83999998E+00  0.14200000E+01  0.83579307E-01
  0.83999998E+00  0.14400000E+01  0.84926543E-01
  0.83999998E+00  0.14600000E+01  0.86245406E-01
  0.83999998E+00  0.14800000E+01  0.87532305E-01
  0.83999998E+00  0.15000000E+01  0.88783567E-01
  0.83999998E+00  0.15200000E+01  0.89995458E-01
  0.83999998E+00  0.15400000E+01  0.91164199E-01
  0.83999998E+00  0.15600000E+01  0.92285995E-01
  0.83999998E+00  0.15800000E+01  0.93357069E-01
  0.83999998E+00  0.16000000E+01  0.94373694E-01
  0.83999998E+00  0.16200000E+01  0.95332236E-01
  0.83999998E+00  0.16400000E+01  0.96229214E-01
  0.83999998E+00  0.16600000E+01  0.97061349E-01
  0.83999998E+00  0.16800000E+01  0.97825646E-01
  0.83999998E+00  0.17000000E+01  0.98519478E-01
  0.83999998E+00  0.17200000E+01  0.99140690E-01
  0.83999998E+00  0.17400000E+01  0.99687721E-01
  0.83999998E+00  0.17600000E+01  0.10015976E+00
  0.83999998E+00  0.17800000E+01  0.10055695E+00
  0.83999998E+00  0.18000000E+01  0.10088058E+00
  0.83999998E+00  0.18200000E+01  0.10113343E+00
  0.83999998E+00  0.18400000E+01  0.10132013E+00
  0.83999998E+00  0.18600000E+01  0.10144770E+00
  0.83999998E+00  0.18800000E+01  0.10152623E+00
  0.83999998E+00  0.19000000E+01  0.10156997E+00
  0.83999998E+00  0.19200000E+01  0.10159888E+00
  0.83999998E+00  0.19400000E+01  0.10164136E+00
  0.83999998E+00  0.19600000E+01  0.10173947E+00
  0.83999998E+00  0.19800000E+01  0.10196135E+00
  0.83999998E+00  0.20000000E+01  0.10244978E+00
  0.85999998E+00  0.00000000E+00  0.59141629E-02
  0.85999998E+00  0.20000000E-01  0.71594678E-02
  0.85999998E+00  0.39999999E-01  0.83681357E-02
  0.85999998E+00  0.59999999E-01  0.95420522E-02
  0.85999998E+00  0.79999998E-01  0.10683020E-01
  0.85999998E+00  0.99999998E-01  0.11792761E-01
  0.85999998E+00  0.12000000E+00  0.12872913E-01
  0.85999998E+00  0.14000000E+00  0.13925036E-01
  0.85999998E+00  0.16000000E+00  0.14950610E-01
  0.85999998E+00  0.18000000E+00  0.15951042E-01
  0.85999998E+00  0.20000000E+00  0.16927666E-01
  0.85999998E+00  0.22000000E+00  0.17881746E-01
  0.85999998E+00  0.23999999E+00  0.18814485E-01
  0.85999998E+00  0.25999999E+00  0.19727027E-01
  0.85999998E+00  0.27999999E+00  0.20620462E-01
  0.85999998E+00  0.29999999E+00  0.21495839E-01
  0.85999998E+00  0.31999999E+00  0.22354168E-01
  0.85999998E+00  0.33999999E+00  0.23196433E-01
  0.85999998E+00  0.35999999E+00  0.24023601E-01
  0.85999998E+00  0.37999999E+00  0.24836633E-01
  0.85999998E+00  0.39999999E+00  0.25636501E-01
  0.85999998E+00  0.41999999E+00  0.26424195E-01
  0.85999998E+00  0.43999999E+00  0.27200749E-01
  0.85999998E+00  0.45999999E+00  0.27967252E-01
  0.85999998E+00  0.47999999E+00  0.28724872E-01
  0.85999998E+00  0.49999999E+00  0.29474881E-01
  0.85999998E+00  0.51999999E+00  0.30218680E-01
  0.85999998E+00  0.53999999E+00  0.30957835E-01
  0.85999998E+00  0.55999999E+00  0.31694112E-01
  0.85999998E+00  0.57999999E+00  0.32429527E-01
  0.85999998E+00  0.59999999E+00  0.33166401E-01
  0.85999998E+00  0.61999999E+00  0.33907441E-01
  0.85999998E+00  0.63999999E+00  0.34655838E-01
  0.85999998E+00  0.65999999E+00  0.35415408E-01
  0.85999998E+00  0.67999998E+00  0.36190812E-01
  0.85999998E+00  0.69999998E+00  0.36987894E-01
  0.85999998E+00  0.71999998E+00  0.37814304E-01
  0.85999998E+00  0.73999998E+00  0.38680785E-01
  0.85999998E+00  0.75999998E+00  0.39604690E-01
  0.85999998E+00  0.77999998E+00  0.40640631E-01
  0.85999998E+00  0.79999998E+00  0.41769907E-01
  0.85999998E+00  0.81999998E+00  0.42918827E-01
  0.85999998E+00  0.83999998E+00  0.44087598E-01
  0.85999998E+00  0.85999998E+00  0.45276346E-01
  0.85999998E+00  0.87999998E+00  0.46485112E-01
  0.85999998E+00  0.89999998E+00  0.47713852E-01
  0.85999998E+00  0.91999998E+00  0.48962432E-01
  0.85999998E+00  0.93999998E+00  0.50230624E-01
  0.85999998E+00  0.95999998E+00  0.51518102E-01
  0.85999998E+00  0.97999998E+00  0.52824440E-01
  0.85999998E+00  0.99999998E+00  0.54149110E-01
  0.85999998E+00  0.10200000E+01  0.55491474E-01
  0.85999998E+00  0.10400000E+01  0.56850783E-01
  0.85999998E+00  0.10600000E+01  0.58226171E-01
  0.85999998E+00  0.10800000E+01  0.59616654E-01
  0.85999998E+00  0.11000000E+01  0.61021125E-01
  0.85999998E+00  0.11200000E+01  0.62438351E-01
  0.85999998E+00  0.11400000E+01  0.63866966E-01
  0.85999998E+00  0.11600000E+01  0.65305473E-01
  0.85999998E+00  0.11800000E+01  0.66752237E-01
  0.85999998E+00  0.12000000E+01  0.68205483E-01
  0.85999998E+00  0.12200000E+01  0.69663294E-01
  0.85999998E+00  0.12400000E+01  0.71123611E-01
  0.85999998E+00  0.12600000E+01  0.72584224E-01
  0.85999998E+00  0.12800000E+01  0.74042782E-01
  0.85999998E+00  0.13000000E+01  0.75496782E-01
  0.85999998E+00  0.13200000E+01  0.76943577E-01
  0.85999998E+00  0.13400000E+01  0.78380376E-01
  0.85999998E+00  0.13600000E+01  0.79804242E-01
  0.85999998E+00  0.13800000E+01  0.81212103E-01
  0.85999998E+00  0.14000000E+01  0.82600754E-01
  0.85999998E+00  0.14200000E+01  0.83966863E-01
  0.85999998E+00  0.14400000E+01  0.85306984E-01
  0.85999998E+00  0.14600000E+01  0.86617565E-01
  0.85999998E+00  0.14800000E+01  0.87894964E-01
  0.85999998E+00  0.15000000E+01  0.89135467E-01
  0.85999998E+00  0.15200000E+01  0.90335307E-01
  0.85999998E+00  0.15400000E+01  0.91490693E-01
  0.85999998E+00  0.15600000E+01  0.92597835E-01
  0.85999998E+00  0.15800000E+01  0.93652981E-01
  0.85999998E+00  0.16000000E+01  0.94652465E-01
  0.85999998E+00  0.16200000E+01  0.95592747E-01
  0.85999998E+00  0.16400000E+01  0.96470481E-01
  0.85999998E+00  0.16600000E+01  0.97282582E-01
  0.85999998E+00  0.16800000E+01  0.98026313E-01
  0.85999998E+00  0.17000000E+01  0.98699381E-01
  0.85999998E+00  0.17200000E+01  0.99300066E-01
  0.85999998E+00  0.17400000E+01  0.99827365E-01
  0.85999998E+00  0.17600000E+01  0.10028118E+00
  0.85999998E+00  0.17800000E+01  0.10066254E+00
  0.85999998E+00  0.18000000E+01  0.10097390E+00
  0.85999998E+00  0.18200000E+01  0.10121951E+00
  0.85999998E+00  0.18400000E+01  0.10140592E+00
  0.85999998E+00  0.18600000E+01  0.10154267E+00
  0.85999998E+00  0.18800000E+01  0.10164329E+00
  0.85999998E+00  0.19000000E+01  0.10172687E+00
  0.85999998E+00  0.19200000E+01  0.10182059E+00
  0.85999998E+00  0.19400000E+01  0.10196474E+00
  0.85999998E+00  0.19600000E+01  0.10222440E+00
  0.85999998E+00  0.19800000E+01  0.10273290E+00
  0.85999998E+00  0.20000000E+01  0.10380273E+00
  0.87999998E+00  0.00000000E+00  0.62964233E-02
  0.87999998E+00  0.20000000E-01  0.75570128E-02
  0.87999998E+00  0.39999999E-01  0.87802375E-02
  0.87999998E+00  0.59999999E-01  0.99679221E-02
  0.87999998E+00  0.79999998E-01  0.11121803E-01
  0.87999998E+00  0.99999998E-01  0.12243527E-01
  0.87999998E+00  0.12000000E+00  0.13334656E-01
  0.87999998E+00  0.14000000E+00  0.14396666E-01
  0.87999998E+00  0.16000000E+00  0.15430952E-01
  0.87999998E+00  0.18000000E+00  0.16438829E-01
  0.87999998E+00  0.20000000E+00  0.17421536E-01
  0.87999998E+00  0.22000000E+00  0.18380245E-01
  0.87999998E+00  0.23999999E+00  0.19316059E-01
  0.87999998E+00  0.25999999E+00  0.20230027E-01
  0.87999998E+00  0.27999999E+00  0.21123147E-01
  0.87999998E+00  0.29999999E+00  0.21996374E-01
  0.87999998E+00  0.31999999E+00  0.22850634E-01
  0.87999998E+00  0.33999999E+00  0.23686831E-01
  0.87999998E+00  0.35999999E+00  0.24505865E-01
  0.87999998E+00  0.37999999E+00  0.25308641E-01
  0.87999998E+00  0.39999999E+00  0.26096090E-01
  0.87999998E+00  0.41999999E+00  0.26869187E-01
  0.87999998E+00  0.43999999E+00  0.27628969E-01
  0.87999998E+00  0.45999999E+00  0.28376564E-01
  0.87999998E+00  0.47999999E+00  0.29113216E-01
  0.87999998E+00  0.49999999E+00  0.29840319E-01
  0.87999998E+00  0.51999999E+00  0.30559456E-01
  0.87999998E+00  0.53999999E+00  0.31272443E-01
  0.87999998E+00  0.55999999E+00  0.31981388E-01
  0.87999998E+00  0.57999999E+00  0.32688757E-01
  0.87999998E+00  0.59999999E+00  0.33397473E-01
  0.87999998E+00  0.61999999E+00  0.34111031E-01
  0.87999998E+00  0.63999999E+00  0.34833677E-01
  0.87999998E+00  0.65999999E+00  0.35570666E-01
  0.87999998E+00  0.67999998E+00  0.36328685E-01
  0.87999998E+00  0.69999998E+00  0.37116616E-01
  0.87999998E+00  0.71999998E+00  0.37947183E-01
  0.87999998E+00  0.73999998E+00  0.38841742E-01
  0.87999998E+00  0.75999998E+00  0.39865749E-01
  0.87999998E+00  0.77999998E+00  0.40978588E-01
  0.87999998E+00  0.79999998E+00  0.42110816E-01
  0.87999998E+00  0.81999998E+00  0.43262721E-01
  0.87999998E+00  0.83999998E+00  0.44434509E-01
  0.87999998E+00  0.85999998E+00  0.45626307E-01
  0.87999998E+00  0.87999998E+00  0.46838155E-01
  0.87999998E+00  0.89999998E+00  0.48070006E-01
  0.87999998E+00  0.91999998E+00  0.49321718E-01
  0.87999998E+00  0.93999998E+00  0.50593056E-01
  0.87999998E+00  0.95999998E+00  0.51883684E-01
  0.87999998E+00  0.97999998E+00  0.53193165E-01
  0.87999998E+00  0.99999998E+00  0.54520953E-01
  0.87999998E+00  0.10200000E+01  0.55866393E-01
  0.87999998E+00  0.10400000E+01  0.57228713E-01
  0.87999998E+00  0.10600000E+01  0.58607025E-01
  0.87999998E+00  0.10800000E+01  0.60000317E-01
  0.87999998E+00  0.11000000E+01  0.61407450E-01
  0.87999998E+00  0.11200000E+01  0.62827157E-01
  0.87999998E+00  0.11400000E+01  0.64258036E-01
  0.87999998E+00  0.11600000E+01  0.65698546E-01
  0.87999998E+00  0.11800000E+01  0.67147010E-01
  0.87999998E+00  0.12000000E+01  0.68601603E-01
  0.87999998E+00  0.12200000E+01  0.70060359E-01
  0.87999998E+00  0.12400000E+01  0.71521161E-01
  0.87999998E+00  0.12600000E+01  0.72981745E-01
  0.87999998E+00  0.12800000E+01  0.74439697E-01
  0.87999998E+00  0.13000000E+01  0.75892454E-01
  0.87999998E+00  0.13200000E+01  0.77337305E-01
  0.87999998E+00  0.13400000E+01  0.78771392E-01
  0.87999998E+00  0.13600000E+01  0.80191714E-01
  0.87999998E+00  0.13800000E+01  0.81595135E-01
  0.87999998E+00  0.14000000E+01  0.82978385E-01
  0.87999998E+00  0.14200000E+01  0.84338073E-01
  0.87999998E+00  0.14400000E+01  0.85670697E-01
  0.87999998E+00  0.14600000E+01  0.86972656E-01
  0.87999998E+00  0.14800000E+01  0.88240268E-01
  0.87999998E+00  0.15000000E+01  0.89469791E-01
  0.87999998E+00  0.15200000E+01  0.90657444E-01
  0.87999998E+00  0.15400000E+01  0.91799437E-01
  0.87999998E+00  0.15600000E+01  0.92892009E-01
  0.87999998E+00  0.15800000E+01  0.93931463E-01
  0.87999998E+00  0.16000000E+01  0.94914217E-01
  0.87999998E+00  0.16200000E+01  0.95836866E-01
  0.87999998E+00  0.16400000E+01  0.96696243E-01
  0.87999998E+00  0.16600000E+01  0.97489506E-01
  0.87999998E+00  0.16800000E+01  0.98214236E-01
  0.87999998E+00  0.17000000E+01  0.98868553E-01
  0.87999998E+00  0.17200000E+01  0.99451266E-01
  0.87999998E+00  0.17400000E+01  0.99962045E-01
  0.87999998E+00  0.17600000E+01  0.10040165E+00
  0.87999998E+00  0.17800000E+01  0.10077219E+00
  0.87999998E+00  0.18000000E+01  0.10107753E+00
  0.87999998E+00  0.18200000E+01  0.10132374E+00
  0.87999998E+00  0.18400000E+01  0.10151977E+00
  0.87999998E+00  0.18600000E+01  0.10167841E+00
  0.87999998E+00  0.18800000E+01  0.10181778E+00
  0.87999998E+00  0.19000000E+01  0.10196377E+00
  0.87999998E+00  0.19200000E+01  0.10215476E+00
  0.87999998E+00  0.19400000E+01  0.10245240E+00
  0.87999998E+00  0.19600000E+01  0.10297932E+00
  0.87999998E+00  0.19800000E+01  0.10405641E+00
  0.87999998E+00  0.20000000E+01  0.10518150E+00
  0.89999998E+00  0.00000000E+00  0.66953362E-02
  0.89999998E+00  0.20000000E-01  0.79714511E-02
  0.89999998E+00  0.39999999E-01  0.92093382E-02
  0.89999998E+00  0.59999999E-01  0.10410752E-01
  0.89999998E+00  0.79999998E-01  0.11577350E-01
  0.89999998E+00  0.99999998E-01  0.12710700E-01
  0.89999998E+00  0.12000000E+00  0.13812273E-01
  0.89999998E+00  0.14000000E+00  0.14883455E-01
  0.89999998E+00  0.16000000E+00  0.15925542E-01
  0.89999998E+00  0.18000000E+00  0.16939752E-01
  0.89999998E+00  0.20000000E+00  0.17927222E-01
  0.89999998E+00  0.22000000E+00  0.18889019E-01
  0.89999998E+00  0.23999999E+00  0.19826148E-01
  0.89999998E+00  0.25999999E+00  0.20739554E-01
  0.89999998E+00  0.27999999E+00  0.21630139E-01
  0.89999998E+00  0.29999999E+00  0.22498767E-01
  0.89999998E+00  0.31999999E+00  0.23346279E-01
  0.89999998E+00  0.33999999E+00  0.24173507E-01
  0.89999998E+00  0.35999999E+00  0.24981291E-01
  0.89999998E+00  0.37999999E+00  0.25770496E-01
  0.89999998E+00  0.39999999E+00  0.26542031E-01
  0.89999998E+00  0.41999999E+00  0.27296880E-01
  0.89999998E+00  0.43999999E+00  0.28036121E-01
  0.89999998E+00  0.45999999E+00  0.28760966E-01
  0.89999998E+00  0.47999999E+00  0.29472793E-01
  0.89999998E+00  0.49999999E+00  0.30173191E-01
  0.89999998E+00  0.51999999E+00  0.30864019E-01
  0.89999998E+00  0.53999999E+00  0.31547463E-01
  0.89999998E+00  0.55999999E+00  0.32226125E-01
  0.89999998E+00  0.57999999E+00  0.32903128E-01
  0.89999998E+00  0.59999999E+00  0.33582258E-01
  0.89999998E+00  0.61999999E+00  0.34268172E-01
  0.89999998E+00  0.63999999E+00  0.34966696E-01
  0.89999998E+00  0.65999999E+00  0.35685328E-01
  0.89999998E+00  0.67999998E+00  0.36434137E-01
  0.89999998E+00  0.69999998E+00  0.37227726E-01
  0.89999998E+00  0.71999998E+00  0.38091135E-01
  0.89999998E+00  0.73999998E+00  0.39100054E-01
  0.89999998E+00  0.75999998E+00  0.40196634E-01
  0.89999998E+00  0.77999998E+00  0.41312255E-01
  0.89999998E+00  0.79999998E+00  0.42447284E-01
  0.89999998E+00  0.81999998E+00  0.43602011E-01
  0.89999998E+00  0.83999998E+00  0.44776644E-01
  0.89999998E+00  0.85999998E+00  0.45971310E-01
  0.89999998E+00  0.87999998E+00  0.47186046E-01
  0.89999998E+00  0.89999998E+00  0.48420800E-01
  0.89999998E+00  0.91999998E+00  0.49675425E-01
  0.89999998E+00  0.93999998E+00  0.50949678E-01
  0.89999998E+00  0.95999998E+00  0.52243213E-01
  0.89999998E+00  0.97999998E+00  0.53555578E-01
  0.89999998E+00  0.99999998E+00  0.54886212E-01
  0.89999998E+00  0.10200000E+01  0.56234441E-01
  0.89999998E+00  0.10400000E+01  0.57599474E-01
  0.89999998E+00  0.10600000E+01  0.58980395E-01
  0.89999998E+00  0.10800000E+01  0.60376168E-01
  0.89999998E+00  0.11000000E+01  0.61785621E-01
  0.89999998E+00  0.11200000E+01  0.63207455E-01
  0.89999998E+00  0.11400000E+01  0.64640228E-01
  0.89999998E+00  0.11600000E+01  0.66082361E-01
  0.89999998E+00  0.11800000E+01  0.67532132E-01
  0.89999998E+00  0.12000000E+01  0.68987671E-01
  0.89999998E+00  0.12200000E+01  0.70446959E-01
  0.89999998E+00  0.12400000E+01  0.71907828E-01
  0.89999998E+00  0.12600000E+01  0.73367959E-01
  0.89999998E+00  0.12800000E+01  0.74824880E-01
  0.89999998E+00  0.13000000E+01  0.76275969E-01
  0.89999998E+00  0.13200000E+01  0.77718453E-01
  0.89999998E+00  0.13400000E+01  0.79149415E-01
  0.89999998E+00  0.13600000E+01  0.80565793E-01
  0.89999998E+00  0.13800000E+01  0.81964392E-01
  0.89999998E+00  0.14000000E+01  0.83341886E-01
  0.89999998E+00  0.14200000E+01  0.84694831E-01
  0.89999998E+00  0.14400000E+01  0.86019680E-01
  0.89999998E+00  0.14600000E+01  0.87312793E-01
  0.89999998E+00  0.14800000E+01  0.88570462E-01
  0.89999998E+00  0.15000000E+01  0.89788929E-01
  0.89999998E+00  0.15200000E+01  0.90964417E-01
  0.89999998E+00  0.15400000E+01  0.92093161E-01
  0.89999998E+00  0.15600000E+01  0.93171450E-01
  0.89999998E+00  0.15800000E+01  0.94195669E-01
  0.89999998E+00  0.16000000E+01  0.95162359E-01
  0.89999998E+00  0.16200000E+01  0.96068284E-01
  0.89999998E+00  0.16400000E+01  0.96910505E-01
  0.89999998E+00  0.16600000E+01  0.97686481E-01
  0.89999998E+00  0.16800000E+01  0.98394181E-01
  0.89999998E+00  0.17000000E+01  0.99032224E-01
  0.89999998E+00  0.17200000E+01  0.99600052E-01
  0.89999998E+00  0.17400000E+01  0.10009814E+00
  0.89999998E+00  0.17600000E+01  0.10052829E+00
  0.89999998E+00  0.17800000E+01  0.10089392E+00
  0.89999998E+00  0.18000000E+01  0.10120062E+00
  0.89999998E+00  0.18200000E+01  0.10145671E+00
  0.89999998E+00  0.18400000E+01  0.10167421E+00
  0.89999998E+00  0.18600000E+01  0.10187021E+00
  0.89999998E+00  0.18800000E+01  0.10206923E+00
  0.89999998E+00  0.19000000E+01  0.10230753E+00
  0.89999998E+00  0.19200000E+01  0.10264306E+00
  0.89999998E+00  0.19400000E+01  0.10318634E+00
  0.89999998E+00  0.19600000E+01  0.10426931E+00
  0.89999998E+00  0.19800000E+01  0.10541156E+00
  0.89999998E+00  0.20000000E+01  0.10652670E+00
  0.91999998E+00  0.00000000E+00  0.71107452E-02
  0.91999998E+00  0.20000000E-01  0.84024602E-02
  0.91999998E+00  0.39999999E-01  0.96549346E-02
  0.91999998E+00  0.59999999E-01  0.10869842E-01
  0.91999998E+00  0.79999998E-01  0.12048753E-01
  0.91999998E+00  0.99999998E-01  0.13193143E-01
  0.91999998E+00  0.12000000E+00  0.14304386E-01
  0.91999998E+00  0.14000000E+00  0.15383766E-01
  0.91999998E+00  0.16000000E+00  0.16432474E-01
  0.91999998E+00  0.18000000E+00  0.17451618E-01
  0.91999998E+00  0.20000000E+00  0.18442230E-01
  0.91999998E+00  0.22000000E+00  0.19405267E-01
  0.91999998E+00  0.23999999E+00  0.20341625E-01
  0.91999998E+00  0.25999999E+00  0.21252150E-01
  0.91999998E+00  0.27999999E+00  0.22137642E-01
  0.91999998E+00  0.29999999E+00  0.22998879E-01
  0.91999998E+00  0.31999999E+00  0.23836624E-01
  0.91999998E+00  0.33999999E+00  0.24651646E-01
  0.91999998E+00  0.35999999E+00  0.25444739E-01
  0.91999998E+00  0.37999999E+00  0.26216748E-01
  0.91999998E+00  0.39999999E+00  0.26968592E-01
  0.91999998E+00  0.41999999E+00  0.27701300E-01
  0.91999998E+00  0.43999999E+00  0.28416039E-01
  0.91999998E+00  0.45999999E+00  0.29114165E-01
  0.91999998E+00  0.47999999E+00  0.29797270E-01
  0.91999998E+00  0.49999999E+00  0.30467239E-01
  0.91999998E+00  0.51999999E+00  0.31126331E-01
  0.91999998E+00  0.53999999E+00  0.31777270E-01
  0.91999998E+00  0.55999999E+00  0.32423367E-01
  0.91999998E+00  0.57999999E+00  0.33068685E-01
  0.91999998E+00  0.59999999E+00  0.33718273E-01
  0.91999998E+00  0.61999999E+00  0.34378511E-01
  0.91999998E+00  0.63999999E+00  0.35057679E-01
  0.91999998E+00  0.65999999E+00  0.35766987E-01
  0.91999998E+00  0.67999998E+00  0.36522828E-01
  0.91999998E+00  0.69999998E+00  0.37353640E-01
  0.91999998E+00  0.71999998E+00  0.38344815E-01
  0.91999998E+00  0.73999998E+00  0.39425426E-01
  0.91999998E+00  0.75999998E+00  0.40524638E-01
  0.91999998E+00  0.77999998E+00  0.41642896E-01
  0.91999998E+00  0.79999998E+00  0.42780571E-01
  0.91999998E+00  0.81999998E+00  0.43937956E-01
  0.91999998E+00  0.83999998E+00  0.45115259E-01
  0.91999998E+00  0.85999998E+00  0.46312606E-01
  0.91999998E+00  0.87999998E+00  0.47530031E-01
  0.91999998E+00  0.89999998E+00  0.48767478E-01
  0.91999998E+00  0.91999998E+00  0.50024795E-01
  0.91999998E+00  0.93999998E+00  0.51301727E-01
  0.91999998E+00  0.95999998E+00  0.52597920E-01
  0.91999998E+00  0.97999998E+00  0.53912907E-01
  0.91999998E+00  0.99999998E+00  0.55246113E-01
  0.91999998E+00  0.10200000E+01  0.56596845E-01
  0.91999998E+00  0.10400000E+01  0.57964289E-01
  0.91999998E+00  0.10600000E+01  0.59347508E-01
  0.91999998E+00  0.10800000E+01  0.60745436E-01
  0.91999998E+00  0.11000000E+01  0.62156873E-01
  0.91999998E+00  0.11200000E+01  0.63580485E-01
  0.91999998E+00  0.11400000E+01  0.65014795E-01
  0.91999998E+00  0.11600000E+01  0.66458184E-01
  0.91999998E+00  0.11800000E+01  0.67908888E-01
  0.91999998E+00  0.12000000E+01  0.69364990E-01
  0.91999998E+00  0.12200000E+01  0.70824425E-01
  0.91999998E+00  0.12400000E+01  0.72284974E-01
  0.91999998E+00  0.12600000E+01  0.73744264E-01
  0.91999998E+00  0.12800000E+01  0.75199770E-01
  0.91999998E+00  0.13000000E+01  0.76648814E-01
  0.91999998E+00  0.13200000E+01  0.78088566E-01
  0.91999998E+00  0.13400000E+01  0.79516054E-01
  0.91999998E+00  0.13600000E+01  0.80928161E-01
  0.91999998E+00  0.13800000E+01  0.82321639E-01
  0.91999998E+00  0.14000000E+01  0.83693114E-01
  0.91999998E+00  0.14200000E+01  0.85039099E-01
  0.91999998E+00  0.14400000E+01  0.86356010E-01
  0.91999998E+00  0.14600000E+01  0.87640183E-01
  0.91999998E+00  0.14800000E+01  0.88887895E-01
  0.91999998E+00  0.15000000E+01  0.90095390E-01
  0.91999998E+00  0.15200000E+01  0.91258915E-01
  0.91999998E+00  0.15400000E+01  0.92374750E-01
  0.91999998E+00  0.15600000E+01  0.93439260E-01
  0.91999998E+00  0.15800000E+01  0.94448944E-01
  0.91999998E+00  0.16000000E+01  0.95400503E-01
  0.91999998E+00  0.16200000E+01  0.96290911E-01
  0.91999998E+00  0.16400000E+01  0.97117513E-01
  0.91999998E+00  0.16600000E+01  0.97878128E-01
  0.91999998E+00  0.16800000E+01  0.98571194E-01
  0.91999998E+00  0.17000000E+01  0.99195923E-01
  0.91999998E+00  0.17200000E+01  0.99752515E-01
  0.91999998E+00  0.17400000E+01  0.10024241E+00
  0.91999998E+00  0.17600000E+01  0.10066864E+00
  0.91999998E+00  0.17800000E+01  0.10103625E+00
  0.91999998E+00  0.18000000E+01  0.10135293E+00
  0.91999998E+00  0.18200000E+01  0.10162986E+00
  0.91999998E+00  0.18400000E+01  0.10188307E+00
  0.91999998E+00  0.18600000E+01  0.10213557E+00
  0.91999998E+00  0.18800000E+01  0.10242139E+00
  0.91999998E+00  0.19000000E+01  0.10279441E+00
  0.91999998E+00  0.19200000E+01  0.10335163E+00
  0.91999998E+00  0.19400000E+01  0.10443886E+00
  0.91999998E+00  0.19600000E+01  0.10559883E+00
  0.91999998E+00  0.19800000E+01  0.10673124E+00
  0.91999998E+00  0.20000000E+01  0.10783466E+00
  0.93999998E+00  0.00000000E+00  0.75423319E-02
  0.93999998E+00  0.20000000E-01  0.88495348E-02
  0.93999998E+00  0.39999999E-01  0.10116319E-01
  0.93999998E+00  0.59999999E-01  0.11344268E-01
  0.93999998E+00  0.79999998E-01  0.12534856E-01
  0.93999998E+00  0.99999998E-01  0.13689453E-01
  0.93999998E+00  0.12000000E+00  0.14809329E-01
  0.93999998E+00  0.14000000E+00  0.15895655E-01
  0.93999998E+00  0.16000000E+00  0.16949510E-01
  0.93999998E+00  0.18000000E+00  0.17971887E-01
  0.93999998E+00  0.20000000E+00  0.18963702E-01
  0.93999998E+00  0.22000000E+00  0.19925800E-01
  0.93999998E+00  0.23999999E+00  0.20858968E-01
  0.93999998E+00  0.25999999E+00  0.21763946E-01
  0.93999998E+00  0.27999999E+00  0.22641444E-01
  0.93999998E+00  0.29999999E+00  0.23492153E-01
  0.93999998E+00  0.31999999E+00  0.24316772E-01
  0.93999998E+00  0.33999999E+00  0.25116021E-01
  0.93999998E+00  0.35999999E+00  0.25890674E-01
  0.93999998E+00  0.37999999E+00  0.26641585E-01
  0.93999998E+00  0.39999999E+00  0.27369721E-01
  0.93999998E+00  0.41999999E+00  0.28076207E-01
  0.93999998E+00  0.43999999E+00  0.28762365E-01
  0.93999998E+00  0.45999999E+00  0.29429780E-01
  0.93999998E+00  0.47999999E+00  0.30080360E-01
  0.93999998E+00  0.49999999E+00  0.30716425E-01
  0.93999998E+00  0.51999999E+00  0.31340808E-01
  0.93999998E+00  0.53999999E+00  0.31956999E-01
  0.93999998E+00  0.55999999E+00  0.32569324E-01
  0.93999998E+00  0.57999999E+00  0.33183206E-01
  0.93999998E+00  0.59999999E+00  0.33805561E-01
  0.93999998E+00  0.61999999E+00  0.34445425E-01
  0.93999998E+00  0.63999999E+00  0.35115112E-01
  0.93999998E+00  0.65999999E+00  0.35832725E-01
  0.93999998E+00  0.67999998E+00  0.36629851E-01
  0.93999998E+00  0.69999998E+00  0.37601117E-01
  0.93999998E+00  0.71999998E+00  0.38666161E-01
  0.93999998E+00  0.73999998E+00  0.39749274E-01
  0.93999998E+00  0.75999998E+00  0.40850979E-01
  0.93999998E+00  0.77999998E+00  0.41971727E-01
  0.93999998E+00  0.79999998E+00  0.43111891E-01
  0.93999998E+00  0.81999998E+00  0.44271764E-01
  0.93999998E+00  0.83999998E+00  0.45451557E-01
  0.93999998E+00  0.85999998E+00  0.46651393E-01
  0.93999998E+00  0.87999998E+00  0.47871304E-01
  0.93999998E+00  0.89999998E+00  0.49111228E-01
  0.93999998E+00  0.91999998E+00  0.50371007E-01
  0.93999998E+00  0.93999998E+00  0.51650379E-01
  0.93999998E+00  0.95999998E+00  0.52948977E-01
  0.93999998E+00  0.97999998E+00  0.54266322E-01
  0.93999998E+00  0.99999998E+00  0.55601823E-01
  0.93999998E+00  0.10200000E+01  0.56954769E-01
  0.93999998E+00  0.10400000E+01  0.58324326E-01
  0.93999998E+00  0.10600000E+01  0.59709532E-01
  0.93999998E+00  0.10800000E+01  0.61109295E-01
  0.93999998E+00  0.11000000E+01  0.62522387E-01
  0.93999998E+00  0.11200000E+01  0.63947439E-01
  0.93999998E+00  0.11400000E+01  0.65382942E-01
  0.93999998E+00  0.11600000E+01  0.66827238E-01
  0.93999998E+00  0.11800000E+01  0.68278521E-01
  0.93999998E+00  0.12000000E+01  0.69734832E-01
  0.93999998E+00  0.12200000E+01  0.71194060E-01
  0.93999998E+00  0.12400000E+01  0.72653939E-01
  0.93999998E+00  0.12600000E+01  0.74112045E-01
  0.93999998E+00  0.12800000E+01  0.75565802E-01
  0.93999998E+00  0.13000000E+01  0.77012482E-01
  0.93999998E+00  0.13200000E+01  0.78449203E-01
  0.93999998E+00  0.13400000E+01  0.79872943E-01
  0.93999998E+00  0.13600000E+01  0.81280535E-01
  0.93999998E+00  0.13800000E+01  0.82668688E-01
  0.93999998E+00  0.14000000E+01  0.84033987E-01
  0.93999998E+00  0.14200000E+01  0.85372911E-01
  0.93999998E+00  0.14400000E+01  0.86681853E-01
  0.93999998E+00  0.14600000E+01  0.87957135E-01
  0.93999998E+00  0.14800000E+01  0.89195035E-01
  0.93999998E+00  0.15000000E+01  0.90391819E-01
  0.93999998E+00  0.15200000E+01  0.91543773E-01
  0.93999998E+00  0.15400000E+01  0.92647250E-01
  0.93999998E+00  0.15600000E+01  0.93698719E-01
  0.93999998E+00  0.15800000E+01  0.94694825E-01
  0.93999998E+00  0.16000000E+01  0.95632465E-01
  0.93999998E+00  0.16200000E+01  0.96508876E-01
  0.93999998E+00  0.16400000E+01  0.97321738E-01
  0.93999998E+00  0.16600000E+01  0.98069305E-01
  0.93999998E+00  0.16800000E+01  0.98750566E-01
  0.93999998E+00  0.17000000E+01  0.99365438E-01
  0.93999998E+00  0.17200000E+01  0.99915016E-01
  0.93999998E+00  0.17400000E+01  0.10040190E+00
  0.93999998E+00  0.17600000E+01  0.10083059E+00
  0.93999998E+00  0.17800000E+01  0.10120812E+00
  0.93999998E+00  0.18000000E+01  0.10154480E+00
  0.93999998E+00  0.18200000E+01  0.10185552E+00
  0.93999998E+00  0.18400000E+01  0.10216171E+00
  0.93999998E+00  0.18600000E+01  0.10249498E+00
  0.93999998E+00  0.18800000E+01  0.10290480E+00
  0.93999998E+00  0.19000000E+01  0.10347321E+00
  0.93999998E+00  0.19200000E+01  0.10456286E+00
  0.93999998E+00  0.19400000E+01  0.10574102E+00
  0.93999998E+00  0.19600000E+01  0.10689127E+00
  0.93999998E+00  0.19800000E+01  0.10801209E+00
  0.93999998E+00  0.20000000E+01  0.10910206E+00
  0.95999998E+00  0.00000000E+00  0.79895977E-02
  0.95999998E+00  0.20000000E-01  0.93119682E-02
  0.95999998E+00  0.39999999E-01  0.10592563E-01
  0.95999998E+00  0.59999999E-01  0.11832862E-01
  0.95999998E+00  0.79999998E-01  0.13034236E-01
  0.95999998E+00  0.99999998E-01  0.14197940E-01
  0.95999998E+00  0.12000000E+00  0.15325128E-01
  0.95999998E+00  0.14000000E+00  0.16416852E-01
  0.95999998E+00  0.16000000E+00  0.17474070E-01
  0.95999998E+00  0.18000000E+00  0.18497654E-01
  0.95999998E+00  0.20000000E+00  0.19488400E-01
  0.95999998E+00  0.22000000E+00  0.20447038E-01
  0.95999998E+00  0.23999999E+00  0.21374246E-01
  0.95999998E+00  0.25999999E+00  0.22270665E-01
  0.95999998E+00  0.27999999E+00  0.23136915E-01
  0.95999998E+00  0.29999999E+00  0.23973618E-01
  0.95999998E+00  0.31999999E+00  0.24781422E-01
  0.95999998E+00  0.33999999E+00  0.25561025E-01
  0.95999998E+00  0.35999999E+00  0.26313210E-01
  0.95999998E+00  0.37999999E+00  0.27038882E-01
  0.95999998E+00  0.39999999E+00  0.27739112E-01
  0.95999998E+00  0.41999999E+00  0.28415189E-01
  0.95999998E+00  0.43999999E+00  0.29068679E-01
  0.95999998E+00  0.45999999E+00  0.29701505E-01
  0.95999998E+00  0.47999999E+00  0.30316039E-01
  0.95999998E+00  0.49999999E+00  0.30915215E-01
  0.95999998E+00  0.51999999E+00  0.31502688E-01
  0.95999998E+00  0.53999999E+00  0.32083034E-01
  0.95999998E+00  0.55999999E+00  0.32662041E-01
  0.95999998E+00  0.57999999E+00  0.33247137E-01
  0.95999998E+00  0.59999999E+00  0.33848095E-01
  0.95999998E+00  0.61999999E+00  0.34478296E-01
  0.95999998E+00  0.63999999E+00  0.35157487E-01
  0.95999998E+00  0.65999999E+00  0.35920186E-01
  0.95999998E+00  0.67999998E+00  0.36869857E-01
  0.95999998E+00  0.69999998E+00  0.37919850E-01
  0.95999998E+00  0.71999998E+00  0.38987286E-01
  0.95999998E+00  0.73999998E+00  0.40072768E-01
  0.95999998E+00  0.75999998E+00  0.41176824E-01
  0.95999998E+00  0.77999998E+00  0.42299909E-01
  0.95999998E+00  0.79999998E+00  0.43442397E-01
  0.95999998E+00  0.81999998E+00  0.44604584E-01
  0.95999998E+00  0.83999998E+00  0.45786680E-01
  0.95999998E+00  0.85999998E+00  0.46988805E-01
  0.95999998E+00  0.87999998E+00  0.48210991E-01
  0.95999998E+00  0.89999998E+00  0.49453170E-01
  0.95999998E+00  0.91999998E+00  0.50715178E-01
  0.95999998E+00  0.93999998E+00  0.51996743E-01
  0.95999998E+00  0.95999998E+00  0.53297489E-01
  0.95999998E+00  0.97999998E+00  0.54616924E-01
  0.95999998E+00  0.99999998E+00  0.55954442E-01
  0.95999998E+00  0.10200000E+01  0.57309314E-01
  0.95999998E+00  0.10400000E+01  0.58680685E-01
  0.95999998E+00  0.10600000E+01  0.60067573E-01
  0.95999998E+00  0.10800000E+01  0.61468858E-01
  0.95999998E+00  0.11000000E+01  0.62883286E-01
  0.95999998E+00  0.11200000E+01  0.64309456E-01
  0.95999998E+00  0.11400000E+01  0.65745825E-01
  0.95999998E+00  0.11600000E+01  0.67190701E-01
  0.95999998E+00  0.11800000E+01  0.68642238E-01
  0.95999998E+00  0.12000000E+01  0.70098437E-01
  0.95999998E+00  0.12200000E+01  0.71557143E-01
  0.95999998E+00  0.12400000E+01  0.73016046E-01
  0.95999998E+00  0.12600000E+01  0.74472677E-01
  0.95999998E+00  0.12800000E+01  0.75924413E-01
  0.95999998E+00  0.13000000E+01  0.77368478E-01
  0.95999998E+00  0.13200000E+01  0.78801946E-01
  0.95999998E+00  0.13400000E+01  0.80221748E-01
  0.95999998E+00  0.13600000E+01  0.81624681E-01
  0.95999998E+00  0.13800000E+01  0.83007411E-01
  0.95999998E+00  0.14000000E+01  0.84366495E-01
  0.95999998E+00  0.14200000E+01  0.85698390E-01
  0.95999998E+00  0.14400000E+01  0.86999475E-01
  0.95999998E+00  0.14600000E+01  0.88266072E-01
  0.95999998E+00  0.14800000E+01  0.89494479E-01
  0.95999998E+00  0.15000000E+01  0.90680998E-01
  0.95999998E+00  0.15200000E+01  0.91821980E-01
  0.95999998E+00  0.15400000E+01  0.92913874E-01
  0.95999998E+00  0.15600000E+01  0.93953281E-01
  0.95999998E+00  0.15800000E+01  0.94937029E-01
  0.95999998E+00  0.16000000E+01  0.95862253E-01
  0.95999998E+00  0.16200000E+01  0.96726500E-01
  0.95999998E+00  0.16400000E+01  0.97527849E-01
  0.95999998E+00  0.16600000E+01  0.98265063E-01
  0.95999998E+00  0.16800000E+01  0.98937779E-01
  0.95999998E+00  0.17000000E+01  0.99546740E-01
  0.95999998E+00  0.17200000E+01  0.10009410E+00
  0.95999998E+00  0.17400000E+01  0.10058382E+00
  0.95999998E+00  0.17600000E+01  0.10102222E+00
  0.95999998E+00  0.17800000E+01  0.10141873E+00
  0.95999998E+00  0.18000000E+01  0.10178701E+00
  0.95999998E+00  0.18200000E+01  0.10214683E+00
  0.95999998E+00  0.18400000E+01  0.10252723E+00
  0.95999998E+00  0.18600000E+01  0.10297290E+00
  0.95999998E+00  0.18800000E+01  0.10354944E+00
  0.95999998E+00  0.19000000E+01  0.10463949E+00
  0.95999998E+00  0.19200000E+01  0.10583619E+00
  0.95999998E+00  0.19400000E+01  0.10700472E+00
  0.95999998E+00  0.19600000E+01  0.10814352E+00
  0.95999998E+00  0.19800000E+01  0.10925107E+00
  0.95999998E+00  0.20000000E+01  0.11032589E+00
  0.97999998E+00  0.00000000E+00  0.84518440E-02
  0.97999998E+00  0.20000000E-01  0.97888328E-02
  0.97999998E+00  0.39999999E-01  0.11082493E-01
  0.97999998E+00  0.59999999E-01  0.12334195E-01
  0.97999998E+00  0.79999998E-01  0.13545188E-01
  0.97999998E+00  0.99999998E-01  0.14716609E-01
  0.97999998E+00  0.12000000E+00  0.15849485E-01
  0.97999998E+00  0.14000000E+00  0.16944741E-01
  0.97999998E+00  0.16000000E+00  0.18003209E-01
  0.97999998E+00  0.18000000E+00  0.19025635E-01
  0.97999998E+00  0.20000000E+00  0.20012693E-01
  0.97999998E+00  0.22000000E+00  0.20964998E-01
  0.97999998E+00  0.23999999E+00  0.21883123E-01
  0.97999998E+00  0.25999999E+00  0.22767615E-01
  0.97999998E+00  0.27999999E+00  0.23619020E-01
  0.97999998E+00  0.29999999E+00  0.24437907E-01
  0.97999998E+00  0.31999999E+00  0.25224898E-01
  0.97999998E+00  0.33999999E+00  0.25980703E-01
  0.97999998E+00  0.35999999E+00  0.26706159E-01
  0.97999998E+00  0.37999999E+00  0.27402279E-01
  0.97999998E+00  0.39999999E+00  0.28070309E-01
  0.97999998E+00  0.41999999E+00  0.28711795E-01
  0.97999998E+00  0.43999999E+00  0.29328665E-01
  0.97999998E+00  0.45999999E+00  0.29923333E-01
  0.97999998E+00  0.47999999E+00  0.30498827E-01
  0.97999998E+00  0.49999999E+00  0.31058957E-01
  0.97999998E+00  0.51999999E+00  0.31608535E-01
  0.97999998E+00  0.53999999E+00  0.32153699E-01
  0.97999998E+00  0.55999999E+00  0.32702378E-01
  0.97999998E+00  0.57999999E+00  0.33265058E-01
  0.97999998E+00  0.59999999E+00  0.33856159E-01
  0.97999998E+00  0.61999999E+00  0.34497012E-01
  0.97999998E+00  0.63999999E+00  0.35224888E-01
  0.97999998E+00  0.65999999E+00  0.36151747E-01
  0.97999998E+00  0.67999998E+00  0.37187313E-01
  0.97999998E+00  0.69999998E+00  0.38239608E-01
  0.97999998E+00  0.71999998E+00  0.39309310E-01
  0.97999998E+00  0.73999998E+00  0.40397023E-01
  0.97999998E+00  0.75999998E+00  0.41503281E-01
  0.97999998E+00  0.77999998E+00  0.42628541E-01
  0.97999998E+00  0.79999998E+00  0.43773181E-01
  0.97999998E+00  0.81999998E+00  0.44937498E-01
  0.97999998E+00  0.83999998E+00  0.46121700E-01
  0.97999998E+00  0.85999998E+00  0.47325908E-01
  0.97999998E+00  0.87999998E+00  0.48550150E-01
  0.97999998E+00  0.89999998E+00  0.49794354E-01
  0.97999998E+00  0.91999998E+00  0.51058349E-01
  0.97999998E+00  0.93999998E+00  0.52341857E-01
  0.97999998E+00  0.95999998E+00  0.53644489E-01
  0.97999998E+00  0.97999998E+00  0.54965743E-01
  0.97999998E+00  0.99999998E+00  0.56304998E-01
  0.97999998E+00  0.10200000E+01  0.57661509E-01
  0.97999998E+00  0.10400000E+01  0.59034402E-01
  0.97999998E+00  0.10600000E+01  0.60422673E-01
  0.97999998E+00  0.10800000E+01  0.61825178E-01
  0.97999998E+00  0.11000000E+01  0.63240637E-01
  0.97999998E+00  0.11200000E+01  0.64667621E-01
  0.97999998E+00  0.11400000E+01  0.66104555E-01
  0.97999998E+00  0.11600000E+01  0.67549712E-01
  0.97999998E+00  0.11800000E+01  0.69001211E-01
  0.97999998E+00  0.12000000E+01  0.70457017E-01
  0.97999998E+00  0.12200000E+01  0.71914934E-01
  0.97999998E+00  0.12400000E+01  0.73372610E-01
  0.97999998E+00  0.12600000E+01  0.74827537E-01
  0.97999998E+00  0.12800000E+01  0.76277048E-01
  0.97999998E+00  0.13000000E+01  0.77718327E-01
  0.97999998E+00  0.13200000E+01  0.79148408E-01
  0.97999998E+00  0.13400000E+01  0.80564185E-01
  0.97999998E+00  0.13600000E+01  0.81962419E-01
  0.97999998E+00  0.13800000E+01  0.83339751E-01
  0.97999998E+00  0.14000000E+01  0.84692714E-01
  0.97999998E+00  0.14200000E+01  0.86017754E-01
  0.97999998E+00  0.14400000E+01  0.87311250E-01
  0.97999998E+00  0.14600000E+01  0.88569541E-01
  0.97999998E+00  0.14800000E+01  0.89788957E-01
  0.97999998E+00  0.15000000E+01  0.90965858E-01
  0.97999998E+00  0.15200000E+01  0.92096682E-01
  0.97999998E+00  0.15400000E+01  0.93177997E-01
  0.97999998E+00  0.15600000E+01  0.94206569E-01
  0.97999998E+00  0.15800000E+01  0.95179444E-01
  0.97999998E+00  0.16000000E+01  0.96094038E-01
  0.97999998E+00  0.16200000E+01  0.96948262E-01
  0.97999998E+00  0.16400000E+01  0.97740657E-01
  0.97999998E+00  0.16600000E+01  0.98470577E-01
  0.97999998E+00  0.16800000E+01  0.99138409E-01
  0.97999998E+00  0.17000000E+01  0.99745859E-01
  0.97999998E+00  0.17200000E+01  0.10029632E+00
  0.97999998E+00  0.17400000E+01  0.10079539E+00
  0.97999998E+00  0.17600000E+01  0.10125156E+00
  0.97999998E+00  0.17800000E+01  0.10167723E+00
  0.97999998E+00  0.18000000E+01  0.10209040E+00
  0.97999998E+00  0.18200000E+01  0.10251735E+00
  0.97999998E+00  0.18400000E+01  0.10299769E+00
  0.97999998E+00  0.18600000E+01  0.10357900E+00
  0.97999998E+00  0.18800000E+01  0.10466723E+00
  0.97999998E+00  0.19000000E+01  0.10588272E+00
  0.97999998E+00  0.19200000E+01  0.10706990E+00
  0.97999998E+00  0.19400000E+01  0.10822714E+00
  0.97999998E+00  0.19600000E+01  0.10935283E+00
  0.97999998E+00  0.19800000E+01  0.11044544E+00
  0.97999998E+00  0.20000000E+01  0.11150347E+00
  0.99999998E+00  0.00000000E+00  0.89281530E-02
  0.99999998E+00  0.20000000E-01  0.10278961E-01
  0.99999998E+00  0.39999999E-01  0.11584678E-01
  0.99999998E+00  0.59999999E-01  0.12846551E-01
  0.99999998E+00  0.79999998E-01  0.14065704E-01
  0.99999998E+00  0.99999998E-01  0.15243142E-01
  0.99999998E+00  0.12000000E+00  0.16379761E-01
  0.99999998E+00  0.14000000E+00  0.17476350E-01
  0.99999998E+00  0.16000000E+00  0.18533611E-01
  0.99999998E+00  0.18000000E+00  0.19552161E-01
  0.99999998E+00  0.20000000E+00  0.20532554E-01
  0.99999998E+00  0.22000000E+00  0.21475294E-01
  0.99999998E+00  0.23999999E+00  0.22380854E-01
  0.99999998E+00  0.25999999E+00  0.23249704E-01
  0.99999998E+00  0.27999999E+00  0.24082334E-01
  0.99999998E+00  0.29999999E+00  0.24879285E-01
  0.99999998E+00  0.31999999E+00  0.25641191E-01
  0.99999998E+00  0.33999999E+00  0.26368816E-01
  0.99999998E+00  0.35999999E+00  0.27063114E-01
  0.99999998E+00  0.37999999E+00  0.27725281E-01
  0.99999998E+00  0.39999999E+00  0.28356836E-01
  0.99999998E+00  0.41999999E+00  0.28959707E-01
  0.99999998E+00  0.43999999E+00  0.29536342E-01
  0.99999998E+00  0.45999999E+00  0.30089853E-01
  0.99999998E+00  0.47999999E+00  0.30624193E-01
  0.99999998E+00  0.49999999E+00  0.31144404E-01
  0.99999998E+00  0.51999999E+00  0.31656959E-01
  0.99999998E+00  0.53999999E+00  0.32170275E-01
  0.99999998E+00  0.55999999E+00  0.32695532E-01
  0.99999998E+00  0.57999999E+00  0.33248162E-01
  0.99999998E+00  0.59999999E+00  0.33851035E-01
  0.99999998E+00  0.61999999E+00  0.34544023E-01
  0.99999998E+00  0.63999999E+00  0.35447309E-01
  0.99999998E+00  0.65999999E+00  0.36469183E-01
  0.99999998E+00  0.67999998E+00  0.37506982E-01
  0.99999998E+00  0.69999998E+00  0.38561457E-01
  0.99999998E+00  0.71999998E+00  0.39633287E-01
  0.99999998E+00  0.73999998E+00  0.40723085E-01
  0.99999998E+00  0.75999998E+00  0.41831385E-01
  0.99999998E+00  0.77999998E+00  0.42958651E-01
  0.99999998E+00  0.79999998E+00  0.44105260E-01
  0.99999998E+00  0.81999998E+00  0.45271512E-01
  0.99999998E+00  0.83999998E+00  0.46457615E-01
  0.99999998E+00  0.85999998E+00  0.47663690E-01
  0.99999998E+00  0.87999998E+00  0.48889760E-01
  0.99999998E+00  0.89999998E+00  0.50135751E-01
  0.99999998E+00  0.91999998E+00  0.51401485E-01
  0.99999998E+00  0.93999998E+00  0.52686678E-01
  0.99999998E+00  0.95999998E+00  0.53990932E-01
  0.99999998E+00  0.97999998E+00  0.55313733E-01
  0.99999998E+00  0.99999998E+00  0.56654447E-01
  0.99999998E+00  0.10200000E+01  0.58012314E-01
  0.99999998E+00  0.10400000E+01  0.59386443E-01
  0.99999998E+00  0.10600000E+01  0.60775808E-01
  0.99999998E+00  0.10800000E+01  0.62179247E-01
  0.99999998E+00  0.11000000E+01  0.63595452E-01
  0.99999998E+00  0.11200000E+01  0.65022970E-01
  0.99999998E+00  0.11400000E+01  0.66460195E-01
  0.99999998E+00  0.11600000E+01  0.67905371E-01
  0.99999998E+00  0.11800000E+01  0.69356585E-01
  0.99999998E+00  0.12000000E+01  0.70811765E-01
  0.99999998E+00  0.12200000E+01  0.72268681E-01
  0.99999998E+00  0.12400000E+01  0.73724945E-01
  0.99999998E+00  0.12600000E+01  0.75178011E-01
  0.99999998E+00  0.12800000E+01  0.76625177E-01
  0.99999998E+00  0.13000000E+01  0.78063590E-01
  0.99999998E+00  0.13200000E+01  0.79490252E-01
  0.99999998E+00  0.13400000E+01  0.80902025E-01
  0.99999998E+00  0.13600000E+01  0.82295645E-01
  0.99999998E+00  0.13800000E+01  0.83667734E-01
  0.99999998E+00  0.14000000E+01  0.85014815E-01
  0.99999998E+00  0.14200000E+01  0.86333333E-01
  0.99999998E+00  0.14400000E+01  0.87619679E-01
  0.99999998E+00  0.14600000E+01  0.88870221E-01
  0.99999998E+00  0.14800000E+01  0.90081342E-01
  0.99999998E+00  0.15000000E+01  0.91249477E-01
  0.99999998E+00  0.15200000E+01  0.92371172E-01
  0.99999998E+00  0.15400000E+01  0.93443142E-01
  0.99999998E+00  0.15600000E+01  0.94462349E-01
  0.99999998E+00  0.15800000E+01  0.95426090E-01
  0.99999998E+00  0.16000000E+01  0.96332108E-01
  0.99999998E+00  0.16200000E+01  0.97178729E-01
  0.99999998E+00  0.16400000E+01  0.97965024E-01
  0.99999998E+00  0.16600000E+01  0.98691021E-01
  0.99999998E+00  0.16800000E+01  0.99357968E-01
  0.99999998E+00  0.17000000E+01  0.99968681E-01
  0.99999998E+00  0.17200000E+01  0.10052800E+00
  0.99999998E+00  0.17400000E+01  0.10104344E+00
  0.99999998E+00  0.17600000E+01  0.10152611E+00
  0.99999998E+00  0.17800000E+01  0.10199211E+00
  0.99999998E+00  0.18000000E+01  0.10246483E+00
  0.99999998E+00  0.18200000E+01  0.10297842E+00
  0.99999998E+00  0.18400000E+01  0.10356091E+00
  0.99999998E+00  0.18600000E+01  0.10464494E+00
  0.99999998E+00  0.18800000E+01  0.10587936E+00
  0.99999998E+00  0.19000000E+01  0.10708544E+00
  0.99999998E+00  0.19200000E+01  0.10826146E+00
  0.99999998E+00  0.19400000E+01  0.10940576E+00
  0.99999998E+00  0.19600000E+01  0.11051672E+00
  0.99999998E+00  0.19800000E+01  0.11159278E+00
  0.99999998E+00  0.20000000E+01  0.11263246E+00
  0.10200000E+01  0.00000000E+00  0.94173673E-02
  0.10200000E+01  0.20000000E-01  0.10780924E-01
  0.10200000E+01  0.39999999E-01  0.12097402E-01
  0.10200000E+01  0.59999999E-01  0.13367916E-01
  0.10200000E+01  0.79999998E-01  0.14593455E-01
  0.10200000E+01  0.99999998E-01  0.15774884E-01
  0.10200000E+01  0.12000000E+00  0.16912958E-01
  0.10200000E+01  0.14000000E+00  0.18008332E-01
  0.10200000E+01  0.16000000E+00  0.19061571E-01
  0.10200000E+01  0.18000000E+00  0.20073166E-01
  0.10200000E+01  0.20000000E+00  0.21043553E-01
  0.10200000E+01  0.22000000E+00  0.21973134E-01
  0.10200000E+01  0.23999999E+00  0.22862300E-01
  0.10200000E+01  0.25999999E+00  0.23711458E-01
  0.10200000E+01  0.27999999E+00  0.24521071E-01
  0.10200000E+01  0.29999999E+00  0.25291691E-01
  0.10200000E+01  0.31999999E+00  0.26024011E-01
  0.10200000E+01  0.33999999E+00  0.26718915E-01
  0.10200000E+01  0.35999999E+00  0.27377549E-01
  0.10200000E+01  0.37999999E+00  0.28001398E-01
  0.10200000E+01  0.39999999E+00  0.28592382E-01
  0.10200000E+01  0.41999999E+00  0.29152979E-01
  0.10200000E+01  0.43999999E+00  0.29686374E-01
  0.10200000E+01  0.45999999E+00  0.30196657E-01
  0.10200000E+01  0.47999999E+00  0.30689088E-01
  0.10200000E+01  0.49999999E+00  0.31170465E-01
  0.10200000E+01  0.51999999E+00  0.31649677E-01
  0.10200000E+01  0.53999999E+00  0.32138586E-01
  0.10200000E+01  0.55999999E+00  0.32653614E-01
  0.10200000E+01  0.57999999E+00  0.33219129E-01
  0.10200000E+01  0.59999999E+00  0.33877487E-01
  0.10200000E+01  0.61999999E+00  0.34756877E-01
  0.10200000E+01  0.63999999E+00  0.35765901E-01
  0.10200000E+01  0.65999999E+00  0.36789959E-01
  0.10200000E+01  0.67999998E+00  0.37829871E-01
  0.10200000E+01  0.69999998E+00  0.38886390E-01
  0.10200000E+01  0.71999998E+00  0.39960204E-01
  0.10200000E+01  0.73999998E+00  0.41051927E-01
  0.10200000E+01  0.75999998E+00  0.42162100E-01
  0.10200000E+01  0.77999998E+00  0.43291188E-01
  0.10200000E+01  0.79999998E+00  0.44439573E-01
  0.10200000E+01  0.81999998E+00  0.45607555E-01
  0.10200000E+01  0.83999998E+00  0.46795342E-01
  0.10200000E+01  0.85999998E+00  0.48003056E-01
  0.10200000E+01  0.87999998E+00  0.49230717E-01
  0.10200000E+01  0.89999998E+00  0.50478249E-01
  0.10200000E+01  0.91999998E+00  0.51745469E-01
  0.10200000E+01  0.93999998E+00  0.53032086E-01
  0.10200000E+01  0.95999998E+00  0.54337694E-01
  0.10200000E+01  0.97999998E+00  0.55661771E-01
  0.10200000E+01  0.99999998E+00  0.57003669E-01
  0.10200000E+01  0.10200000E+01  0.58362617E-01
  0.10200000E+01  0.10400000E+01  0.59737706E-01
  0.10200000E+01  0.10600000E+01  0.61127895E-01
  0.10200000E+01  0.10800000E+01  0.62531999E-01
  0.10200000E+01  0.11000000E+01  0.63948691E-01
  0.10200000E+01  0.11200000E+01  0.65376493E-01
  0.10200000E+01  0.11400000E+01  0.66813775E-01
  0.10200000E+01  0.11600000E+01  0.68258752E-01
  0.10200000E+01  0.11800000E+01  0.69709481E-01
  0.10200000E+01  0.12000000E+01  0.71163862E-01
  0.10200000E+01  0.12200000E+01  0.72619633E-01
  0.10200000E+01  0.12400000E+01  0.74074374E-01
  0.10200000E+01  0.12600000E+01  0.75525508E-01
  0.10200000E+01  0.12800000E+01  0.76970301E-01
  0.10200000E+01  0.13000000E+01  0.78405872E-01
  0.10200000E+01  0.13200000E+01  0.79829195E-01
  0.10200000E+01  0.13400000E+01  0.81237111E-01
  0.10200000E+01  0.13600000E+01  0.82626338E-01
  0.10200000E+01  0.13800000E+01  0.83993487E-01
  0.10200000E+01  0.14000000E+01  0.85335080E-01
  0.10200000E+01  0.14200000E+01  0.86647574E-01
  0.10200000E+01  0.14400000E+01  0.87927385E-01
  0.10200000E+01  0.14600000E+01  0.89170925E-01
  0.10200000E+01  0.14800000E+01  0.90374643E-01
  0.10200000E+01  0.15000000E+01  0.91535070E-01
  0.10200000E+01  0.15200000E+01  0.92648880E-01
  0.10200000E+01  0.15400000E+01  0.93712960E-01
  0.10200000E+01  0.15600000E+01  0.94724494E-01
  0.10200000E+01  0.15800000E+01  0.95681066E-01
  0.10200000E+01  0.16000000E+01  0.96580789E-01
  0.10200000E+01  0.16200000E+01  0.97422452E-01
  0.10200000E+01  0.16400000E+01  0.98205722E-01
  0.10200000E+01  0.16600000E+01  0.98931384E-01
  0.10200000E+01  0.16800000E+01  0.99601655E-01
  0.10200000E+01  0.17000000E+01  0.10022061E+00
  0.10200000E+01  0.17200000E+01  0.10079475E+00
  0.10200000E+01  0.17400000E+01  0.10133380E+00
  0.10200000E+01  0.17600000E+01  0.10185191E+00
  0.10200000E+01  0.17800000E+01  0.10236942E+00
  0.10200000E+01  0.18000000E+01  0.10291463E+00
  0.10200000E+01  0.18200000E+01  0.10349447E+00
  0.10200000E+01  0.18400000E+01  0.10457178E+00
  0.10200000E+01  0.18600000E+01  0.10582518E+00
  0.10200000E+01  0.18800000E+01  0.10705030E+00
  0.10200000E+01  0.19000000E+01  0.10824536E+00
  0.10200000E+01  0.19200000E+01  0.10940862E+00
  0.10200000E+01  0.19400000E+01  0.11053839E+00
  0.10200000E+01  0.19600000E+01  0.11163305E+00
  0.10200000E+01  0.19800000E+01  0.11269103E+00
  0.10200000E+01  0.20000000E+01  0.11371085E+00
  0.10400000E+01  0.00000000E+00  0.99180698E-02
  0.10400000E+01  0.20000000E-01  0.11293013E-01
  0.10400000E+01  0.39999999E-01  0.12618651E-01
  0.10400000E+01  0.59999999E-01  0.13895956E-01
  0.10400000E+01  0.79999998E-01  0.15125772E-01
  0.10400000E+01  0.99999998E-01  0.16308820E-01
  0.10400000E+01  0.12000000E+00  0.17445710E-01
  0.10400000E+01  0.14000000E+00  0.18536957E-01
  0.10400000E+01  0.16000000E+00  0.19582992E-01
  0.10400000E+01  0.18000000E+00  0.20584184E-01
  0.10400000E+01  0.20000000E+00  0.21540862E-01
  0.10400000E+01  0.22000000E+00  0.22453337E-01
  0.10400000E+01  0.23999999E+00  0.23321939E-01
  0.10400000E+01  0.25999999E+00  0.24147045E-01
  0.10400000E+01  0.27999999E+00  0.24929127E-01
  0.10400000E+01  0.29999999E+00  0.25668799E-01
  0.10400000E+01  0.31999999E+00  0.26366878E-01
  0.10400000E+01  0.33999999E+00  0.27024452E-01
  0.10400000E+01  0.35999999E+00  0.27642967E-01
  0.10400000E+01  0.37999999E+00  0.28224331E-01
  0.10400000E+01  0.39999999E+00  0.28771044E-01
  0.10400000E+01  0.41999999E+00  0.29286357E-01
  0.10400000E+01  0.43999999E+00  0.29774489E-01
  0.10400000E+01  0.45999999E+00  0.30240907E-01
  0.10400000E+01  0.47999999E+00  0.30692725E-01
  0.10400000E+01  0.49999999E+00  0.31139295E-01
  0.10400000E+01  0.51999999E+00  0.31593146E-01
  0.10400000E+01  0.53999999E+00  0.32071671E-01
  0.10400000E+01  0.55999999E+00  0.32600706E-01
  0.10400000E+01  0.57999999E+00  0.33225005E-01
  0.10400000E+01  0.59999999E+00  0.34080596E-01
  0.10400000E+01  0.61999999E+00  0.35077720E-01
  0.10400000E+01  0.63999999E+00  0.36088899E-01
  0.10400000E+01  0.65999999E+00  0.37115020E-01
  0.10400000E+01  0.67999998E+00  0.38156910E-01
  0.10400000E+01  0.69999998E+00  0.39215328E-01
  0.10400000E+01  0.71999998E+00  0.40290965E-01
  0.10400000E+01  0.73999998E+00  0.41384443E-01
  0.10400000E+01  0.75999998E+00  0.42496306E-01
  0.10400000E+01  0.77999998E+00  0.43627021E-01
  0.10400000E+01  0.79999998E+00  0.44776975E-01
  0.10400000E+01  0.81999998E+00  0.45946468E-01
  0.10400000E+01  0.83999998E+00  0.47135712E-01
  0.10400000E+01  0.85999998E+00  0.48344827E-01
  0.10400000E+01  0.87999998E+00  0.49573834E-01
  0.10400000E+01  0.89999998E+00  0.50822653E-01
  0.10400000E+01  0.91999998E+00  0.52091099E-01
  0.10400000E+01  0.93999998E+00  0.53378876E-01
  0.10400000E+01  0.95999998E+00  0.54685572E-01
  0.10400000E+01  0.97999998E+00  0.56010656E-01
  0.10400000E+01  0.99999998E+00  0.57353472E-01
  0.10400000E+01  0.10200000E+01  0.58713234E-01
  0.10400000E+01  0.10400000E+01  0.60089025E-01
  0.10400000E+01  0.10600000E+01  0.61479785E-01
  0.10400000E+01  0.10800000E+01  0.62884315E-01
  0.10400000E+01  0.11000000E+01  0.64301267E-01
  0.10400000E+01  0.11200000E+01  0.65729143E-01
  0.10400000E+01  0.11400000E+01  0.67166291E-01
  0.10400000E+01  0.11600000E+01  0.68610903E-01
  0.10400000E+01  0.11800000E+01  0.70061011E-01
  0.10400000E+01  0.12000000E+01  0.71514489E-01
  0.10400000E+01  0.12200000E+01  0.72969049E-01
  0.10400000E+01  0.12400000E+01  0.74422243E-01
  0.10400000E+01  0.12600000E+01  0.75871469E-01
  0.10400000E+01  0.12800000E+01  0.77313969E-01
  0.10400000E+01  0.13000000E+01  0.78746838E-01
  0.10400000E+01  0.13200000E+01  0.80167031E-01
  0.10400000E+01  0.13400000E+01  0.81571373E-01
  0.10400000E+01  0.13600000E+01  0.82956573E-01
  0.10400000E+01  0.13800000E+01  0.84319242E-01
  0.10400000E+01  0.14000000E+01  0.85655909E-01
  0.10400000E+01  0.14200000E+01  0.86963052E-01
  0.10400000E+01  0.14400000E+01  0.88237126E-01
  0.10400000E+01  0.14600000E+01  0.89474599E-01
  0.10400000E+01  0.14800000E+01  0.90672000E-01
  0.10400000E+01  0.15000000E+01  0.91825972E-01
  0.10400000E+01  0.15200000E+01  0.92933337E-01
  0.10400000E+01  0.15400000E+01  0.93991173E-01
  0.10400000E+01  0.15600000E+01  0.94996913E-01
  0.10400000E+01  0.15800000E+01  0.95948457E-01
  0.10400000E+01  0.16000000E+01  0.96844320E-01
  0.10400000E+01  0.16200000E+01  0.97683801E-01
  0.10400000E+01  0.16400000E+01  0.98467216E-01
  0.10400000E+01  0.16600000E+01  0.99196174E-01
  0.10400000E+01  0.16800000E+01  0.99873957E-01
  0.10400000E+01  0.17000000E+01  0.10050602E+00
  0.10400000E+01  0.17200000E+01  0.10110065E+00
  0.10400000E+01  0.17400000E+01  0.10166998E+00
  0.10400000E+01  0.17600000E+01  0.10223108E+00
  0.10400000E+01  0.17800000E+01  0.10280611E+00
  0.10400000E+01  0.18000000E+01  0.10337928E+00
  0.10400000E+01  0.18200000E+01  0.10444720E+00
  0.10400000E+01  0.18400000E+01  0.10571953E+00
  0.10400000E+01  0.18600000E+01  0.10696374E+00
  0.10400000E+01  0.18800000E+01  0.10817797E+00
  0.10400000E+01  0.19000000E+01  0.10936044E+00
  0.10400000E+01  0.19200000E+01  0.11050939E+00
  0.10400000E+01  0.19400000E+01  0.11162310E+00
  0.10400000E+01  0.19600000E+01  0.11269996E+00
  0.10400000E+01  0.19800000E+01  0.11373841E+00
  0.10400000E+01  0.20000000E+01  0.11473696E+00
  0.10600000E+01  0.00000000E+00  0.10428564E-01
  0.10600000E+01  0.20000000E-01  0.11813221E-01
  0.10600000E+01  0.39999999E-01  0.13146091E-01
  0.10600000E+01  0.59999999E-01  0.14427999E-01
  0.10600000E+01  0.79999998E-01  0.15659634E-01
  0.10600000E+01  0.99999998E-01  0.16841569E-01
  0.10600000E+01  0.12000000E+00  0.17974267E-01
  0.10600000E+01  0.14000000E+00  0.19058103E-01
  0.10600000E+01  0.16000000E+00  0.20093380E-01
  0.10600000E+01  0.18000000E+00  0.21080355E-01
  0.10600000E+01  0.20000000E+00  0.22019262E-01
  0.10600000E+01  0.22000000E+00  0.22910347E-01
  0.10600000E+01  0.23999999E+00  0.23753906E-01
  0.10600000E+01  0.25999999E+00  0.24550326E-01
  0.10600000E+01  0.27999999E+00  0.25300143E-01
  0.10600000E+01  0.29999999E+00  0.26004101E-01
  0.10600000E+01  0.31999999E+00  0.26663228E-01
  0.10600000E+01  0.33999999E+00  0.27278927E-01
  0.10600000E+01  0.35999999E+00  0.27853089E-01
  0.10600000E+01  0.37999999E+00  0.28388227E-01
  0.10600000E+01  0.39999999E+00  0.28887654E-01
  0.10600000E+01  0.41999999E+00  0.29355709E-01
  0.10600000E+01  0.43999999E+00  0.29798059E-01
  0.10600000E+01  0.45999999E+00  0.30222126E-01
  0.10600000E+01  0.47999999E+00  0.30637712E-01
  0.10600000E+01  0.49999999E+00  0.31058001E-01
  0.10600000E+01  0.51999999E+00  0.31501346E-01
  0.10600000E+01  0.53999999E+00  0.31995028E-01
  0.10600000E+01  0.55999999E+00  0.32586134E-01
  0.10600000E+01  0.57999999E+00  0.33418425E-01
  0.10600000E+01  0.59999999E+00  0.34404703E-01
  0.10600000E+01  0.61999999E+00  0.35403970E-01
  0.10600000E+01  0.63999999E+00  0.36417182E-01
  0.10600000E+01  0.65999999E+00  0.37445232E-01
  0.10600000E+01  0.67999998E+00  0.38488953E-01
  0.10600000E+01  0.69999998E+00  0.39549109E-01
  0.10600000E+01  0.71999998E+00  0.40626397E-01
  0.10600000E+01  0.73999998E+00  0.41721443E-01
  0.10600000E+01  0.75999998E+00  0.42834796E-01
  0.10600000E+01  0.77999998E+00  0.43966929E-01
  0.10600000E+01  0.79999998E+00  0.45118230E-01
  0.10600000E+01  0.81999998E+00  0.46289004E-01
  0.10600000E+01  0.83999998E+00  0.47479465E-01
  0.10600000E+01  0.85999998E+00  0.48689733E-01
  0.10600000E+01  0.87999998E+00  0.49919831E-01
  0.10600000E+01  0.89999998E+00  0.51169679E-01
  0.10600000E+01  0.91999998E+00  0.52439088E-01
  0.10600000E+01  0.93999998E+00  0.53727761E-01
  0.10600000E+01  0.95999998E+00  0.55035281E-01
  0.10600000E+01  0.97999998E+00  0.56361111E-01
  0.10600000E+01  0.99999998E+00  0.57704588E-01
  0.10600000E+01  0.10200000E+01  0.59064918E-01
  0.10600000E+01  0.10400000E+01  0.60441172E-01
  0.10600000E+01  0.10600000E+01  0.61832280E-01
  0.10600000E+01  0.10800000E+01  0.63237028E-01
  0.10600000E+01  0.11000000E+01  0.64654053E-01
  0.10600000E+01  0.11200000E+01  0.66081840E-01
  0.10600000E+01  0.11400000E+01  0.67518720E-01
  0.10600000E+01  0.11600000E+01  0.68962865E-01
  0.10600000E+01  0.11800000E+01  0.70412288E-01
  0.10600000E+01  0.12000000E+01  0.71864840E-01
  0.10600000E+01  0.12200000E+01  0.73318212E-01
  0.10600000E+01  0.12400000E+01  0.74769937E-01
  0.10600000E+01  0.12600000E+01  0.76217391E-01
  0.10600000E+01  0.12800000E+01  0.77657796E-01
  0.10600000E+01  0.13000000E+01  0.79088233E-01
  0.10600000E+01  0.13200000E+01  0.80505642E-01
  0.10600000E+01  0.13400000E+01  0.81906842E-01
  0.10600000E+01  0.13600000E+01  0.83288539E-01
  0.10600000E+01  0.13800000E+01  0.84647351E-01
  0.10600000E+01  0.14000000E+01  0.85979825E-01
  0.10600000E+01  0.14200000E+01  0.87282469E-01
  0.10600000E+01  0.14400000E+01  0.88551783E-01
  0.10600000E+01  0.14600000E+01  0.89784306E-01
  0.10600000E+01  0.14800000E+01  0.90976657E-01
  0.10600000E+01  0.15000000E+01  0.92125602E-01
  0.10600000E+01  0.15200000E+01  0.93228124E-01
  0.10600000E+01  0.15400000E+01  0.94281508E-01
  0.10600000E+01  0.15600000E+01  0.95283453E-01
  0.10600000E+01  0.15800000E+01  0.96232193E-01
  0.10600000E+01  0.16000000E+01  0.97126667E-01
  0.10600000E+01  0.16200000E+01  0.97966710E-01
  0.10600000E+01  0.16400000E+01  0.98753315E-01
  0.10600000E+01  0.16600000E+01  0.99488949E-01
  0.10600000E+01  0.16800000E+01  0.10017798E+00
  0.10600000E+01  0.17000000E+01  0.10082724E+00
  0.10600000E+01  0.17200000E+01  0.10144668E+00
  0.10600000E+01  0.17400000E+01  0.10205003E+00
  0.10600000E+01  0.17600000E+01  0.10265289E+00
  0.10600000E+01  0.17800000E+01  0.10321522E+00
  0.10600000E+01  0.18000000E+01  0.10427098E+00
  0.10600000E+01  0.18200000E+01  0.10556209E+00
  0.10600000E+01  0.18400000E+01  0.10682532E+00
  0.10600000E+01  0.18600000E+01  0.10805878E+00
  0.10600000E+01  0.18800000E+01  0.10926060E+00
  0.10600000E+01  0.19000000E+01  0.11042896E+00
  0.10600000E+01  0.19200000E+01  0.11156210E+00
  0.10600000E+01  0.19400000E+01  0.11265830E+00
  0.10600000E+01  0.19600000E+01  0.11371594E+00
  0.10600000E+01  0.19800000E+01  0.11473348E+00
  0.10600000E+01  0.20000000E+01  0.11570946E+00
  0.10800000E+01  0.00000000E+00  0.10946853E-01
  0.10800000E+01  0.20000000E-01  0.12339219E-01
  0.10800000E+01  0.39999999E-01  0.13677053E-01
  0.10800000E+01  0.59999999E-01  0.14961018E-01
  0.10800000E+01  0.79999998E-01  0.16191650E-01
  0.10800000E+01  0.99999998E-01  0.17369367E-01
  0.10800000E+01  0.12000000E+00  0.18494489E-01
  0.10800000E+01  0.14000000E+00  0.19567255E-01
  0.10800000E+01  0.16000000E+00  0.20587851E-01
  0.10800000E+01  0.18000000E+00  0.21556433E-01
  0.10800000E+01  0.20000000E+00  0.22473168E-01
  0.10800000E+01  0.22000000E+00  0.23338266E-01
  0.10800000E+01  0.23999999E+00  0.24152031E-01
  0.10800000E+01  0.25999999E+00  0.24914917E-01
  0.10800000E+01  0.27999999E+00  0.25627594E-01
  0.10800000E+01  0.29999999E+00  0.26291025E-01
  0.10800000E+01  0.31999999E+00  0.26906569E-01
  0.10800000E+01  0.33999999E+00  0.27476091E-01
  0.10800000E+01  0.35999999E+00  0.28002116E-01
  0.10800000E+01  0.37999999E+00  0.28488011E-01
  0.10800000E+01  0.39999999E+00  0.28938229E-01
  0.10800000E+01  0.41999999E+00  0.29358629E-01
  0.10800000E+01  0.43999999E+00  0.29756931E-01
  0.10800000E+01  0.45999999E+00  0.30143379E-01
  0.10800000E+01  0.47999999E+00  0.30531805E-01
  0.10800000E+01  0.49999999E+00  0.30941509E-01
  0.10800000E+01  0.51999999E+00  0.31401203E-01
  0.10800000E+01  0.53999999E+00  0.31960269E-01
  0.10800000E+01  0.55999999E+00  0.32770135E-01
  0.10800000E+01  0.57999999E+00  0.33746724E-01
  0.10800000E+01  0.59999999E+00  0.34735153E-01
  0.10800000E+01  0.61999999E+00  0.35736443E-01
  0.10800000E+01  0.63999999E+00  0.36751552E-01
  0.10800000E+01  0.65999999E+00  0.37781382E-01
  0.10800000E+01  0.67999998E+00  0.38826770E-01
  0.10800000E+01  0.69999998E+00  0.39888487E-01
  0.10800000E+01  0.71999998E+00  0.40967235E-01
  0.10800000E+01  0.73999998E+00  0.42063647E-01
  0.10800000E+01  0.75999998E+00  0.43178276E-01
  0.10800000E+01  0.77999998E+00  0.44311600E-01
  0.10800000E+01  0.79999998E+00  0.45464013E-01
  0.10800000E+01  0.81999998E+00  0.46635824E-01
  0.10800000E+01  0.83999998E+00  0.47827250E-01
  0.10800000E+01  0.85999998E+00  0.49038415E-01
  0.10800000E+01  0.87999998E+00  0.50269343E-01
  0.10800000E+01  0.89999998E+00  0.51519955E-01
  0.10800000E+01  0.91999998E+00  0.52790065E-01
  0.10800000E+01  0.93999998E+00  0.54079372E-01
  0.10800000E+01  0.95999998E+00  0.55387459E-01
  0.10800000E+01  0.97999998E+00  0.56713786E-01
  0.10800000E+01  0.99999998E+00  0.58057685E-01
  0.10800000E+01  0.10200000E+01  0.59418357E-01
  0.10800000E+01  0.10400000E+01  0.60794865E-01
  0.10800000E+01  0.10600000E+01  0.62186131E-01
  0.10800000E+01  0.10800000E+01  0.63590932E-01
  0.10800000E+01  0.11000000E+01  0.65007893E-01
  0.10800000E+01  0.11200000E+01  0.66435487E-01
  0.10800000E+01  0.11400000E+01  0.67872031E-01
  0.10800000E+01  0.11600000E+01  0.69315683E-01
  0.10800000E+01  0.11800000E+01  0.70764439E-01
  0.10800000E+01  0.12000000E+01  0.72216135E-01
  0.10800000E+01  0.12200000E+01  0.73668448E-01
  0.10800000E+01  0.12400000E+01  0.75118892E-01
  0.10800000E+01  0.12600000E+01  0.76564831E-01
  0.10800000E+01  0.12800000E+01  0.78003473E-01
  0.10800000E+01  0.13000000E+01  0.79431889E-01
  0.10800000E+01  0.13200000E+01  0.80847012E-01
  0.10800000E+01  0.13400000E+01  0.82245659E-01
  0.10800000E+01  0.13600000E+01  0.83624543E-01
  0.10800000E+01  0.13800000E+01  0.84980292E-01
  0.10800000E+01  0.14000000E+01  0.86309478E-01
  0.10800000E+01  0.14200000E+01  0.87608646E-01
  0.10800000E+01  0.14400000E+01  0.88874351E-01
  0.10800000E+01  0.14600000E+01  0.90103203E-01
  0.10800000E+01  0.14800000E+01  0.91291920E-01
  0.10800000E+01  0.15000000E+01  0.92437398E-01
  0.10800000E+01  0.15200000E+01  0.93536784E-01
  0.10800000E+01  0.15400000E+01  0.94587576E-01
  0.10800000E+01  0.15600000E+01  0.95587736E-01
  0.10800000E+01  0.15800000E+01  0.96535838E-01
  0.10800000E+01  0.16000000E+01  0.97431236E-01
  0.10800000E+01  0.16200000E+01  0.98274291E-01
  0.10800000E+01  0.16400000E+01  0.99066639E-01
  0.10800000E+01  0.16600000E+01  0.99811536E-01
  0.10800000E+01  0.16800000E+01  0.10051427E+00
  0.10800000E+01  0.17000000E+01  0.10118259E+00
  0.10800000E+01  0.17200000E+01  0.10182667E+00
  0.10800000E+01  0.17400000E+01  0.10245524E+00
  0.10800000E+01  0.17600000E+01  0.10300242E+00
  0.10800000E+01  0.17800000E+01  0.10404315E+00
  0.10800000E+01  0.18000000E+01  0.10535278E+00
  0.10800000E+01  0.18200000E+01  0.10663489E+00
  0.10800000E+01  0.18400000E+01  0.10788751E+00
  0.10800000E+01  0.18600000E+01  0.10910873E+00
  0.10800000E+01  0.18800000E+01  0.11029666E+00
  0.10800000E+01  0.19000000E+01  0.11144947E+00
  0.10800000E+01  0.19200000E+01  0.11256537E+00
  0.10800000E+01  0.19400000E+01  0.11364268E+00
  0.10800000E+01  0.19600000E+01  0.11467978E+00
  0.10800000E+01  0.19800000E+01  0.11567513E+00
  0.10800000E+01  0.20000000E+01  0.11662734E+00
  0.11000000E+01  0.00000000E+00  0.11470622E-01
  0.11000000E+01  0.20000000E-01  0.12868345E-01
  0.11000000E+01  0.39999999E-01  0.14208510E-01
  0.11000000E+01  0.59999999E-01  0.15491619E-01
  0.11000000E+01  0.79999998E-01  0.16718048E-01
  0.11000000E+01  0.99999998E-01  0.17888064E-01
  0.11000000E+01  0.12000000E+00  0.19001846E-01
  0.11000000E+01  0.14000000E+00  0.20059509E-01
  0.11000000E+01  0.16000000E+00  0.21061135E-01
  0.11000000E+01  0.18000000E+00  0.22006810E-01
  0.11000000E+01  0.20000000E+00  0.22896659E-01
  0.11000000E+01  0.22000000E+00  0.23730902E-01
  0.11000000E+01  0.23999999E+00  0.24509911E-01
  0.11000000E+01  0.25999999E+00  0.25234278E-01
  0.11000000E+01  0.27999999E+00  0.25904902E-01
  0.11000000E+01  0.29999999E+00  0.26523090E-01
  0.11000000E+01  0.31999999E+00  0.27090680E-01
  0.11000000E+01  0.33999999E+00  0.27610204E-01
  0.11000000E+01  0.35999999E+00  0.28085076E-01
  0.11000000E+01  0.37999999E+00  0.28519857E-01
  0.11000000E+01  0.39999999E+00  0.28920591E-01
  0.11000000E+01  0.41999999E+00  0.29295289E-01
  0.11000000E+01  0.43999999E+00  0.29654631E-01
  0.11000000E+01  0.45999999E+00  0.30013087E-01
  0.11000000E+01  0.47999999E+00  0.30390897E-01
  0.11000000E+01  0.49999999E+00  0.30818195E-01
  0.11000000E+01  0.51999999E+00  0.31346646E-01
  0.11000000E+01  0.53999999E+00  0.32135316E-01
  0.11000000E+01  0.55999999E+00  0.33103474E-01
  0.11000000E+01  0.57999999E+00  0.34082242E-01
  0.11000000E+01  0.59999999E+00  0.35072700E-01
  0.11000000E+01  0.61999999E+00  0.36075873E-01
  0.11000000E+01  0.63999999E+00  0.37092727E-01
  0.11000000E+01  0.65999999E+00  0.38124168E-01
  0.11000000E+01  0.67999998E+00  0.39171041E-01
  0.11000000E+01  0.69999998E+00  0.40234123E-01
  0.11000000E+01  0.71999998E+00  0.41314124E-01
  0.11000000E+01  0.73999998E+00  0.42411680E-01
  0.11000000E+01  0.75999998E+00  0.43527353E-01
  0.11000000E+01  0.77999998E+00  0.44661628E-01
  0.11000000E+01  0.79999998E+00  0.45814903E-01
  0.11000000E+01  0.81999998E+00  0.46987494E-01
  0.11000000E+01  0.83999998E+00  0.48179624E-01
  0.11000000E+01  0.85999998E+00  0.49391421E-01
  0.11000000E+01  0.87999998E+00  0.50622913E-01
  0.11000000E+01  0.89999998E+00  0.51874025E-01
  0.11000000E+01  0.91999998E+00  0.53144574E-01
  0.11000000E+01  0.93999998E+00  0.54434262E-01
  0.11000000E+01  0.95999998E+00  0.55742671E-01
  0.11000000E+01  0.97999998E+00  0.57069262E-01
  0.11000000E+01  0.99999998E+00  0.58413368E-01
  0.11000000E+01  0.10200000E+01  0.59774185E-01
  0.11000000E+01  0.10400000E+01  0.61150775E-01
  0.11000000E+01  0.10600000E+01  0.62542054E-01
  0.11000000E+01  0.10800000E+01  0.63946794E-01
  0.11000000E+01  0.11000000E+01  0.65363614E-01
  0.11000000E+01  0.11200000E+01  0.66790979E-01
  0.11000000E+01  0.11400000E+01  0.68227197E-01
  0.11000000E+01  0.11600000E+01  0.69670416E-01
  0.11000000E+01  0.11800000E+01  0.71118622E-01
  0.11000000E+01  0.12000000E+01  0.72569641E-01
  0.11000000E+01  0.12200000E+01  0.74021137E-01
  0.11000000E+01  0.12400000E+01  0.75470617E-01
  0.11000000E+01  0.12600000E+01  0.76915433E-01
  0.11000000E+01  0.12800000E+01  0.78352788E-01
  0.11000000E+01  0.13000000E+01  0.79779746E-01
  0.11000000E+01  0.13200000E+01  0.81193240E-01
  0.11000000E+01  0.13400000E+01  0.82590088E-01
  0.11000000E+01  0.13600000E+01  0.83967014E-01
  0.11000000E+01  0.13800000E+01  0.85320663E-01
  0.11000000E+01  0.14000000E+01  0.86647634E-01
  0.11000000E+01  0.14200000E+01  0.87944510E-01
  0.11000000E+01  0.14400000E+01  0.89207902E-01
  0.11000000E+01  0.14600000E+01  0.90434492E-01
  0.11000000E+01  0.14800000E+01  0.91621095E-01
  0.11000000E+01  0.15000000E+01  0.92764729E-01
  0.11000000E+01  0.15200000E+01  0.93862698E-01
  0.11000000E+01  0.15400000E+01  0.94912695E-01
  0.11000000E+01  0.15600000E+01  0.95912929E-01
  0.11000000E+01  0.15800000E+01  0.96862270E-01
  0.11000000E+01  0.16000000E+01  0.97760437E-01
  0.11000000E+01  0.16200000E+01  0.98608216E-01
  0.11000000E+01  0.16400000E+01  0.99407720E-01
  0.11000000E+01  0.16600000E+01  0.10016266E+00
  0.11000000E+01  0.16800000E+01  0.10087846E+00
  0.11000000E+01  0.17000000E+01  0.10156161E+00
  0.11000000E+01  0.17200000E+01  0.10221365E+00
  0.11000000E+01  0.17400000E+01  0.10274125E+00
  0.11000000E+01  0.17600000E+01  0.10376400E+00
  0.11000000E+01  0.17800000E+01  0.10509183E+00
  0.11000000E+01  0.18000000E+01  0.10639256E+00
  0.11000000E+01  0.18200000E+01  0.10766420E+00
  0.11000000E+01  0.18400000E+01  0.10890475E+00
  0.11000000E+01  0.18600000E+01  0.11011229E+00
  0.11000000E+01  0.18800000E+01  0.11128491E+00
  0.11000000E+01  0.19000000E+01  0.11242077E+00
  0.11000000E+01  0.19200000E+01  0.11351812E+00
  0.11000000E+01  0.19400000E+01  0.11457525E+00
  0.11000000E+01  0.19600000E+01  0.11559057E+00
  0.11000000E+01  0.19800000E+01  0.11656259E+00
  0.11000000E+01  0.20000000E+01  0.11748994E+00
  0.11200000E+01  0.00000000E+00  0.11997218E-01
  0.11200000E+01  0.20000000E-01  0.13397581E-01
  0.11200000E+01  0.39999999E-01  0.14737073E-01
  0.11200000E+01  0.59999999E-01  0.16016030E-01
  0.11200000E+01  0.79999998E-01  0.17234672E-01
  0.11200000E+01  0.99999998E-01  0.18393118E-01
  0.11200000E+01  0.12000000E+00  0.19491418E-01
  0.11200000E+01  0.14000000E+00  0.20529579E-01
  0.11200000E+01  0.16000000E+00  0.21507607E-01
  0.11200000E+01  0.18000000E+00  0.22425543E-01
  0.11200000E+01  0.20000000E+00  0.23283525E-01
  0.11200000E+01  0.22000000E+00  0.24081839E-01
  0.11200000E+01  0.23999999E+00  0.24820999E-01
  0.11200000E+01  0.25999999E+00  0.25501836E-01
  0.11200000E+01  0.27999999E+00  0.26125604E-01
  0.11200000E+01  0.29999999E+00  0.26694112E-01
  0.11200000E+01  0.31999999E+00  0.27209891E-01
  0.11200000E+01  0.33999999E+00  0.27676400E-01
  0.11200000E+01  0.35999999E+00  0.28098299E-01
  0.11200000E+01  0.37999999E+00  0.28481815E-01
  0.11200000E+01  0.39999999E+00  0.28835241E-01
  0.11200000E+01  0.41999999E+00  0.29169685E-01
  0.11200000E+01  0.43999999E+00  0.29500252E-01
  0.11200000E+01  0.45999999E+00  0.29848114E-01
  0.11200000E+01  0.47999999E+00  0.30244826E-01
  0.11200000E+01  0.49999999E+00  0.30744341E-01
  0.11200000E+01  0.51999999E+00  0.31513375E-01
  0.11200000E+01  0.53999999E+00  0.32474459E-01
  0.11200000E+01  0.55999999E+00  0.33444843E-01
  0.11200000E+01  0.57999999E+00  0.34425665E-01
  0.11200000E+01  0.59999999E+00  0.35418010E-01
  0.11200000E+01  0.61999999E+00  0.36422909E-01
  0.11200000E+01  0.63999999E+00  0.37441334E-01
  0.11200000E+01  0.65999999E+00  0.38474200E-01
  0.11200000E+01  0.67999998E+00  0.39522355E-01
  0.11200000E+01  0.69999998E+00  0.40586587E-01
  0.11200000E+01  0.71999998E+00  0.41667611E-01
  0.11200000E+01  0.73999998E+00  0.42766072E-01
  0.11200000E+01  0.75999998E+00  0.43882541E-01
  0.11200000E+01  0.77999998E+00  0.45017509E-01
  0.11200000E+01  0.79999998E+00  0.46171383E-01
  0.11200000E+01  0.81999998E+00  0.47344487E-01
  0.11200000E+01  0.83999998E+00  0.48537049E-01
  0.11200000E+01  0.85999998E+00  0.49749207E-01
  0.11200000E+01  0.87999998E+00  0.50980996E-01
  0.11200000E+01  0.89999998E+00  0.52232347E-01
  0.11200000E+01  0.91999998E+00  0.53503081E-01
  0.11200000E+01  0.93999998E+00  0.54792907E-01
  0.11200000E+01  0.95999998E+00  0.56101412E-01
  0.11200000E+01  0.97999998E+00  0.57428060E-01
  0.11200000E+01  0.99999998E+00  0.58772187E-01
  0.11200000E+01  0.10200000E+01  0.60132991E-01
  0.11200000E+01  0.10400000E+01  0.61509536E-01
  0.11200000E+01  0.10600000E+01  0.62900738E-01
  0.11200000E+01  0.10800000E+01  0.64305367E-01
  0.11200000E+01  0.11000000E+01  0.65722041E-01
  0.11200000E+01  0.11200000E+01  0.67149222E-01
  0.11200000E+01  0.11400000E+01  0.68585214E-01
  0.11200000E+01  0.11600000E+01  0.70028160E-01
  0.11200000E+01  0.11800000E+01  0.71476043E-01
  0.11200000E+01  0.12000000E+01  0.72926682E-01
  0.11200000E+01  0.12200000E+01  0.74377736E-01
  0.11200000E+01  0.12400000E+01  0.75826707E-01
  0.11200000E+01  0.12600000E+01  0.77270941E-01
  0.11200000E+01  0.12800000E+01  0.78707639E-01
  0.11200000E+01  0.13000000E+01  0.80133862E-01
  0.11200000E+01  0.13200000E+01  0.81546547E-01
  0.11200000E+01  0.13400000E+01  0.82942518E-01
  0.11200000E+01  0.13600000E+01  0.84318507E-01
  0.11200000E+01  0.13800000E+01  0.85671177E-01
  0.11200000E+01  0.14000000E+01  0.86997153E-01
  0.11200000E+01  0.14200000E+01  0.88293054E-01
  0.11200000E+01  0.14400000E+01  0.89555536E-01
  0.11200000E+01  0.14600000E+01  0.90781345E-01
  0.11200000E+01  0.14800000E+01  0.91967375E-01
  0.11200000E+01  0.15000000E+01  0.93110746E-01
  0.11200000E+01  0.15200000E+01  0.94208885E-01
  0.11200000E+01  0.15400000E+01  0.95259636E-01
  0.11200000E+01  0.15600000E+01  0.96261383E-01
  0.11200000E+01  0.15800000E+01  0.97213194E-01
  0.11200000E+01  0.16000000E+01  0.98114989E-01
  0.11200000E+01  0.16200000E+01  0.98967709E-01
  0.11200000E+01  0.16400000E+01  0.99773429E-01
  0.11200000E+01  0.16600000E+01  0.10053520E+00
  0.11200000E+01  0.16800000E+01  0.10125565E+00
  0.11200000E+01  0.17000000E+01  0.10192878E+00
  0.11200000E+01  0.17200000E+01  0.10243232E+00
  0.11200000E+01  0.17400000E+01  0.10343408E+00
  0.11200000E+01  0.17600000E+01  0.10477967E+00
  0.11200000E+01  0.17800000E+01  0.10609870E+00
  0.11200000E+01  0.18000000E+01  0.10738909E+00
  0.11200000E+01  0.18200000E+01  0.10864883E+00
  0.11200000E+01  0.18400000E+01  0.10987592E+00
  0.11200000E+01  0.18600000E+01  0.11106840E+00
  0.11200000E+01  0.18800000E+01  0.11222437E+00
  0.11200000E+01  0.19000000E+01  0.11334200E+00
  0.11200000E+01  0.19200000E+01  0.11441953E+00
  0.11200000E+01  0.19400000E+01  0.11545529E+00
  0.11200000E+01  0.19600000E+01  0.11644772E+00
  0.11200000E+01  0.19800000E+01  0.11739538E+00
  0.11200000E+01  0.20000000E+01  0.11829694E+00
  0.11400000E+01  0.00000000E+00  0.12523637E-01
  0.11400000E+01  0.20000000E-01  0.13923543E-01
  0.11400000E+01  0.39999999E-01  0.15258971E-01
  0.11400000E+01  0.59999999E-01  0.16530093E-01
  0.11400000E+01  0.79999998E-01  0.17736975E-01
  0.11400000E+01  0.99999998E-01  0.18879602E-01
  0.11400000E+01  0.12000000E+00  0.19957911E-01
  0.11400000E+01  0.14000000E+00  0.20971827E-01
  0.11400000E+01  0.16000000E+00  0.21921311E-01
  0.11400000E+01  0.18000000E+00  0.22806415E-01
  0.11400000E+01  0.20000000E+00  0.23627341E-01
  0.11400000E+01  0.22000000E+00  0.24384526E-01
  0.11400000E+01  0.23999999E+00  0.25078729E-01
  0.11400000E+01  0.25999999E+00  0.25711149E-01
  0.11400000E+01  0.27999999E+00  0.26283561E-01
  0.11400000E+01  0.29999999E+00  0.26798493E-01
  0.11400000E+01  0.31999999E+00  0.27259443E-01
  0.11400000E+01  0.33999999E+00  0.27671171E-01
  0.11400000E+01  0.35999999E+00  0.28040072E-01
  0.11400000E+01  0.37999999E+00  0.28374721E-01
  0.11400000E+01  0.39999999E+00  0.28686650E-01
  0.11400000E+01  0.41999999E+00  0.28991587E-01
  0.11400000E+01  0.43999999E+00  0.29311639E-01
  0.11400000E+01  0.45999999E+00  0.29679783E-01
  0.11400000E+01  0.47999999E+00  0.30152280E-01
  0.11400000E+01  0.49999999E+00  0.30903544E-01
  0.11400000E+01  0.51999999E+00  0.31859006E-01
  0.11400000E+01  0.53999999E+00  0.32822382E-01
  0.11400000E+01  0.55999999E+00  0.33794863E-01
  0.11400000E+01  0.57999999E+00  0.34777594E-01
  0.11400000E+01  0.59999999E+00  0.35771663E-01
  0.11400000E+01  0.61999999E+00  0.36778109E-01
  0.11400000E+01  0.63999999E+00  0.37797911E-01
  0.11400000E+01  0.65999999E+00  0.38831989E-01
  0.11400000E+01  0.67999998E+00  0.39881204E-01
  0.11400000E+01  0.69999998E+00  0.40946348E-01
  0.11400000E+01  0.71999998E+00  0.42028147E-01
  0.11400000E+01  0.73999998E+00  0.43127256E-01
  0.11400000E+01  0.75999998E+00  0.44244254E-01
  0.11400000E+01  0.77999998E+00  0.45379643E-01
  0.11400000E+01  0.79999998E+00  0.46533840E-01
  0.11400000E+01  0.81999998E+00  0.47707178E-01
  0.11400000E+01  0.83999998E+00  0.48899898E-01
  0.11400000E+01  0.85999998E+00  0.50112145E-01
  0.11400000E+01  0.87999998E+00  0.51343964E-01
  0.11400000E+01  0.89999998E+00  0.52595298E-01
  0.11400000E+01  0.91999998E+00  0.53865977E-01
  0.11400000E+01  0.93999998E+00  0.55155717E-01
  0.11400000E+01  0.95999998E+00  0.56464116E-01
  0.11400000E+01  0.97999998E+00  0.57790646E-01
  0.11400000E+01  0.99999998E+00  0.59134648E-01
  0.11400000E+01  0.10200000E+01  0.60495330E-01
  0.11400000E+01  0.10400000E+01  0.61871758E-01
  0.11400000E+01  0.10600000E+01  0.63262857E-01
  0.11400000E+01  0.10800000E+01  0.64667399E-01
  0.11400000E+01  0.11000000E+01  0.66084006E-01
  0.11400000E+01  0.11200000E+01  0.67511143E-01
  0.11400000E+01  0.11400000E+01  0.68947114E-01
  0.11400000E+01  0.11600000E+01  0.70390064E-01
  0.11400000E+01  0.11800000E+01  0.71837975E-01
  0.11400000E+01  0.12000000E+01  0.73288665E-01
  0.11400000E+01  0.12200000E+01  0.74739794E-01
  0.11400000E+01  0.12400000E+01  0.76188860E-01
  0.11400000E+01  0.12600000E+01  0.77633210E-01
  0.11400000E+01  0.12800000E+01  0.79070043E-01
  0.11400000E+01  0.13000000E+01  0.80496422E-01
  0.11400000E+01  0.13200000E+01  0.81909285E-01
  0.11400000E+01  0.13400000E+01  0.83305459E-01
  0.11400000E+01  0.13600000E+01  0.84681685E-01
  0.11400000E+01  0.13800000E+01  0.86034637E-01
  0.11400000E+01  0.14000000E+01  0.87360956E-01
  0.11400000E+01  0.14200000E+01  0.88657281E-01
  0.11400000E+01  0.14400000E+01  0.89920299E-01
  0.11400000E+01  0.14600000E+01  0.91146790E-01
  0.11400000E+01  0.14800000E+01  0.92333693E-01
  0.11400000E+01  0.15000000E+01  0.93478177E-01
  0.11400000E+01  0.15200000E+01  0.94577723E-01
  0.11400000E+01  0.15400000E+01  0.95630227E-01
  0.11400000E+01  0.15600000E+01  0.96634098E-01
  0.11400000E+01  0.15800000E+01  0.97588375E-01
  0.11400000E+01  0.16000000E+01  0.98492798E-01
  0.11400000E+01  0.16200000E+01  0.99347767E-01
  0.11400000E+01  0.16400000E+01  0.10015386E+00
  0.11400000E+01  0.16600000E+01  0.10090973E+00
  0.11400000E+01  0.16800000E+01  0.10160149E+00
  0.11400000E+01  0.17000000E+01  0.10207645E+00
  0.11400000E+01  0.17200000E+01  0.10305415E+00
  0.11400000E+01  0.17400000E+01  0.10441701E+00
  0.11400000E+01  0.17600000E+01  0.10575389E+00
  0.11400000E+01  0.17800000E+01  0.10706271E+00
  0.11400000E+01  0.18000000E+01  0.10834138E+00
  0.11400000E+01  0.18200000E+01  0.10958786E+00
  0.11400000E+01  0.18400000E+01  0.11080014E+00
  0.11400000E+01  0.18600000E+01  0.11197627E+00
  0.11400000E+01  0.18800000E+01  0.11311433E+00
  0.11400000E+01  0.19000000E+01  0.11421252E+00
  0.11400000E+01  0.19200000E+01  0.11526909E+00
  0.11400000E+01  0.19400000E+01  0.11628242E+00
  0.11400000E+01  0.19600000E+01  0.11725097E+00
  0.11400000E+01  0.19800000E+01  0.11817336E+00
  0.11400000E+01  0.20000000E+01  0.11904835E+00
  0.11600000E+01  0.00000000E+00  0.13046504E-01
  0.11600000E+01  0.20000000E-01  0.14442467E-01
  0.11600000E+01  0.39999999E-01  0.15770047E-01
  0.11600000E+01  0.59999999E-01  0.17029259E-01
  0.11600000E+01  0.79999998E-01  0.18220026E-01
  0.11600000E+01  0.99999998E-01  0.19342215E-01
  0.11600000E+01  0.12000000E+00  0.20395677E-01
  0.11600000E+01  0.14000000E+00  0.21380290E-01
  0.11600000E+01  0.16000000E+00  0.22296022E-01
  0.11600000E+01  0.18000000E+00  0.23142993E-01
  0.11600000E+01  0.20000000E+00  0.23921560E-01
  0.11600000E+01  0.22000000E+00  0.24632409E-01
  0.11600000E+01  0.23999999E+00  0.25276683E-01
  0.11600000E+01  0.25999999E+00  0.25856121E-01
  0.11600000E+01  0.27999999E+00  0.26373244E-01
  0.11600000E+01  0.29999999E+00  0.26831586E-01
  0.11600000E+01  0.31999999E+00  0.27235996E-01
  0.11600000E+01  0.33999999E+00  0.27593042E-01
  0.11600000E+01  0.35999999E+00  0.27911569E-01
  0.11600000E+01  0.37999999E+00  0.28203527E-01
  0.11600000E+01  0.39999999E+00  0.28485269E-01
  0.11600000E+01  0.41999999E+00  0.28779830E-01
  0.11600000E+01  0.43999999E+00  0.29121617E-01
  0.11600000E+01  0.45999999E+00  0.29569241E-01
  0.11600000E+01  0.47999999E+00  0.30304876E-01
  0.11600000E+01  0.49999999E+00  0.31256266E-01
  0.11600000E+01  0.51999999E+00  0.32214107E-01
  0.11600000E+01  0.53999999E+00  0.33179642E-01
  0.11600000E+01  0.55999999E+00  0.34154070E-01
  0.11600000E+01  0.57999999E+00  0.35138539E-01
  0.11600000E+01  0.59999999E+00  0.36134146E-01
  0.11600000E+01  0.61999999E+00  0.37141935E-01
  0.11600000E+01  0.63999999E+00  0.38162894E-01
  0.11600000E+01  0.65999999E+00  0.39197953E-01
  0.11600000E+01  0.67999998E+00  0.40247979E-01
  0.11600000E+01  0.69999998E+00  0.41313777E-01
  0.11600000E+01  0.71999998E+00  0.42396083E-01
  0.11600000E+01  0.73999998E+00  0.43495563E-01
  0.11600000E+01  0.75999998E+00  0.44612808E-01
  0.11600000E+01  0.77999998E+00  0.45748332E-01
  0.11600000E+01  0.79999998E+00  0.46902565E-01
  0.11600000E+01  0.81999998E+00  0.48075854E-01
  0.11600000E+01  0.83999998E+00  0.49268451E-01
  0.11600000E+01  0.85999998E+00  0.50480516E-01
  0.11600000E+01  0.87999998E+00  0.51712109E-01
  0.11600000E+01  0.89999998E+00  0.52963183E-01
  0.11600000E+01  0.91999998E+00  0.54233584E-01
  0.11600000E+01  0.93999998E+00  0.55523042E-01
  0.11600000E+01  0.95999998E+00  0.56831167E-01
  0.11600000E+01  0.97999998E+00  0.58157443E-01
  0.11600000E+01  0.99999998E+00  0.59501226E-01
  0.11600000E+01  0.10200000E+01  0.60861733E-01
  0.11600000E+01  0.10400000E+01  0.62238043E-01
  0.11600000E+01  0.10600000E+01  0.63629091E-01
  0.11600000E+01  0.10800000E+01  0.65033658E-01
  0.11600000E+01  0.11000000E+01  0.66450375E-01
  0.11600000E+01  0.11200000E+01  0.67877715E-01
  0.11600000E+01  0.11400000E+01  0.69313989E-01
  0.11600000E+01  0.11600000E+01  0.70757347E-01
  0.11600000E+01  0.11800000E+01  0.72205775E-01
  0.11600000E+01  0.12000000E+01  0.73657095E-01
  0.11600000E+01  0.12200000E+01  0.75108969E-01
  0.11600000E+01  0.12400000E+01  0.76558897E-01
  0.11600000E+01  0.12600000E+01  0.78004225E-01
  0.11600000E+01  0.12800000E+01  0.79442152E-01
  0.11600000E+01  0.13000000E+01  0.80869740E-01
  0.11600000E+01  0.13200000E+01  0.82283924E-01
  0.11600000E+01  0.13400000E+01  0.83681531E-01
  0.11600000E+01  0.13600000E+01  0.85059297E-01
  0.11600000E+01  0.13800000E+01  0.86413893E-01
  0.11600000E+01  0.14000000E+01  0.87741955E-01
  0.11600000E+01  0.14200000E+01  0.89040118E-01
  0.11600000E+01  0.14400000E+01  0.90305059E-01
  0.11600000E+01  0.14600000E+01  0.91533544E-01
  0.11600000E+01  0.14800000E+01  0.92722487E-01
  0.11600000E+01  0.15000000E+01  0.93869013E-01
  0.11600000E+01  0.15200000E+01  0.94970523E-01
  0.11600000E+01  0.15400000E+01  0.96024766E-01
  0.11600000E+01  0.15600000E+01  0.97029883E-01
  0.11600000E+01  0.15800000E+01  0.97984391E-01
  0.11600000E+01  0.16000000E+01  0.98886967E-01
  0.11600000E+01  0.16200000E+01  0.99735653E-01
  0.11600000E+01  0.16400000E+01  0.10052496E+00
  0.11600000E+01  0.16600000E+01  0.10123283E+00
  0.11600000E+01  0.16800000E+01  0.10167463E+00
  0.11600000E+01  0.17000000E+01  0.10262520E+00
  0.11600000E+01  0.17200000E+01  0.10400473E+00
  0.11600000E+01  0.17400000E+01  0.10535897E+00
  0.11600000E+01  0.17600000E+01  0.10668578E+00
  0.11600000E+01  0.17800000E+01  0.10798305E+00
  0.11600000E+01  0.18000000E+01  0.10924867E+00
  0.11600000E+01  0.18200000E+01  0.11048060E+00
  0.11600000E+01  0.18400000E+01  0.11167681E+00
  0.11600000E+01  0.18600000E+01  0.11283536E+00
  0.11600000E+01  0.18800000E+01  0.11395436E+00
  0.11600000E+01  0.19000000E+01  0.11503201E+00
  0.11600000E+01  0.19200000E+01  0.11606660E+00
  0.11600000E+01  0.19400000E+01  0.11705654E+00
  0.11600000E+01  0.19600000E+01  0.11800036E+00
  0.11600000E+01  0.19800000E+01  0.11889674E+00
  0.11600000E+01  0.20000000E+01  0.11974450E+00
  0.11800000E+01  0.00000000E+00  0.13562066E-01
  0.11800000E+01  0.20000000E-01  0.14950204E-01
  0.11800000E+01  0.39999999E-01  0.16265759E-01
  0.11800000E+01  0.59999999E-01  0.17508598E-01
  0.11800000E+01  0.79999998E-01  0.18678521E-01
  0.11800000E+01  0.99999998E-01  0.19775305E-01
  0.11800000E+01  0.12000000E+00  0.20798749E-01
  0.11800000E+01  0.14000000E+00  0.21748738E-01
  0.11800000E+01  0.16000000E+00  0.22625309E-01
  0.11800000E+01  0.18000000E+00  0.23428738E-01
  0.11800000E+01  0.20000000E+00  0.24159642E-01
  0.11800000E+01  0.22000000E+00  0.24819102E-01
  0.11800000E+01  0.23999999E+00  0.25408819E-01
  0.11800000E+01  0.25999999E+00  0.25931305E-01
  0.11800000E+01  0.27999999E+00  0.26390126E-01
  0.11800000E+01  0.29999999E+00  0.26790218E-01
  0.11800000E+01  0.31999999E+00  0.27138314E-01
  0.11800000E+01  0.33999999E+00  0.27443526E-01
  0.11800000E+01  0.35999999E+00  0.27718218E-01
  0.11800000E+01  0.37999999E+00  0.27979363E-01
  0.11800000E+01  0.39999999E+00  0.28250927E-01
  0.11800000E+01  0.41999999E+00  0.28568755E-01
  0.11800000E+01  0.43999999E+00  0.28993857E-01
  0.11800000E+01  0.45999999E+00  0.29716258E-01
  0.11800000E+01  0.47999999E+00  0.30665215E-01
  0.11800000E+01  0.49999999E+00  0.31619088E-01
  0.11800000E+01  0.51999999E+00  0.32579169E-01
  0.11800000E+01  0.53999999E+00  0.33546708E-01
  0.11800000E+01  0.55999999E+00  0.34522906E-01
  0.11800000E+01  0.57999999E+00  0.35508919E-01
  0.11800000E+01  0.59999999E+00  0.36505850E-01
  0.11800000E+01  0.61999999E+00  0.37514753E-01
  0.11800000E+01  0.63999999E+00  0.38536625E-01
  0.11800000E+01  0.65999999E+00  0.39572405E-01
  0.11800000E+01  0.67999998E+00  0.40622972E-01
  0.11800000E+01  0.69999998E+00  0.41689144E-01
  0.11800000E+01  0.71999998E+00  0.42771668E-01
  0.11800000E+01  0.73999998E+00  0.43871225E-01
  0.11800000E+01  0.75999998E+00  0.44988420E-01
  0.11800000E+01  0.77999998E+00  0.46123782E-01
  0.11800000E+01  0.79999998E+00  0.47277758E-01
  0.11800000E+01  0.81999998E+00  0.48450709E-01
  0.11800000E+01  0.83999998E+00  0.49642906E-01
  0.11800000E+01  0.85999998E+00  0.50854526E-01
  0.11800000E+01  0.87999998E+00  0.52085647E-01
  0.11800000E+01  0.89999998E+00  0.53336240E-01
  0.11800000E+01  0.91999998E+00  0.54606168E-01
  0.11800000E+01  0.93999998E+00  0.55895181E-01
  0.11800000E+01  0.95999998E+00  0.57202906E-01
  0.11800000E+01  0.97999998E+00  0.58528847E-01
  0.11800000E+01  0.99999998E+00  0.59872375E-01
  0.11800000E+01  0.10200000E+01  0.61232727E-01
  0.11800000E+01  0.10400000E+01  0.62608998E-01
  0.11800000E+01  0.10600000E+01  0.64000137E-01
  0.11800000E+01  0.10800000E+01  0.65404944E-01
  0.11800000E+01  0.11000000E+01  0.66822061E-01
  0.11800000E+01  0.11200000E+01  0.68249974E-01
  0.11800000E+01  0.11400000E+01  0.69687007E-01
  0.11800000E+01  0.11600000E+01  0.71131319E-01
  0.11800000E+01  0.11800000E+01  0.72580905E-01
  0.11800000E+01  0.12000000E+01  0.74033592E-01
  0.11800000E+01  0.12200000E+01  0.75487046E-01
  0.11800000E+01  0.12400000E+01  0.76938768E-01
  0.11800000E+01  0.12600000E+01  0.78386104E-01
  0.11800000E+01  0.12800000E+01  0.79826248E-01
  0.11800000E+01  0.13000000E+01  0.81256254E-01
  0.11800000E+01  0.13200000E+01  0.82673046E-01
  0.11800000E+01  0.13400000E+01  0.84073432E-01
  0.11800000E+01  0.13600000E+01  0.85454128E-01
  0.11800000E+01  0.13800000E+01  0.86811773E-01
  0.11800000E+01  0.14000000E+01  0.88142963E-01
  0.11800000E+01  0.14200000E+01  0.89444280E-01
  0.11800000E+01  0.14400000E+01  0.90712326E-01
  0.11800000E+01  0.14600000E+01  0.91943766E-01
  0.11800000E+01  0.14800000E+01  0.93135369E-01
  0.11800000E+01  0.15000000E+01  0.94284049E-01
  0.11800000E+01  0.15200000E+01  0.95386883E-01
  0.11800000E+01  0.15400000E+01  0.96441106E-01
  0.11800000E+01  0.15600000E+01  0.97443982E-01
  0.11800000E+01  0.15800000E+01  0.98392430E-01
  0.11800000E+01  0.16000000E+01  0.99281878E-01
  0.11800000E+01  0.16200000E+01  0.10010258E+00
  0.11800000E+01  0.16400000E+01  0.10082396E+00
  0.11800000E+01  0.16600000E+01  0.10122805E+00
  0.11800000E+01  0.16800000E+01  0.10214839E+00
  0.11800000E+01  0.17000000E+01  0.10354394E+00
  0.11800000E+01  0.17200000E+01  0.10491495E+00
  0.11800000E+01  0.17400000E+01  0.10625924E+00
  0.11800000E+01  0.17600000E+01  0.10757468E+00
  0.11800000E+01  0.17800000E+01  0.10885911E+00
  0.11800000E+01  0.18000000E+01  0.11011043E+00
  0.11800000E+01  0.18200000E+01  0.11132658E+00
  0.11800000E+01  0.18400000E+01  0.11250556E+00
  0.11800000E+01  0.18600000E+01  0.11364541E+00
  0.11800000E+01  0.18800000E+01  0.11474429E+00
  0.11800000E+01  0.19000000E+01  0.11580040E+00
  0.11800000E+01  0.19200000E+01  0.11681210E+00
  0.11800000E+01  0.19400000E+01  0.11777785E+00
  0.11800000E+01  0.19600000E+01  0.11869623E+00
  0.11800000E+01  0.19800000E+01  0.11956600E+00
  0.11800000E+01  0.20000000E+01  0.12038608E+00
  0.12000000E+01  0.00000000E+00  0.14066185E-01
  0.12000000E+01  0.20000000E-01  0.15442218E-01
  0.12000000E+01  0.39999999E-01  0.16741180E-01
  0.12000000E+01  0.59999999E-01  0.17962809E-01
  0.12000000E+01  0.79999998E-01  0.19106809E-01
  0.12000000E+01  0.99999998E-01  0.20172905E-01
  0.12000000E+01  0.12000000E+00  0.21160898E-01
  0.12000000E+01  0.14000000E+00  0.22070745E-01
  0.12000000E+01  0.16000000E+00  0.22902641E-01
  0.12000000E+01  0.18000000E+00  0.23657129E-01
  0.12000000E+01  0.20000000E+00  0.24335232E-01
  0.12000000E+01  0.22000000E+00  0.24938611E-01
  0.12000000E+01  0.23999999E+00  0.25469764E-01
  0.12000000E+01  0.25999999E+00  0.25932287E-01
  0.12000000E+01  0.27999999E+00  0.26331200E-01
  0.12000000E+01  0.29999999E+00  0.26673394E-01
  0.12000000E+01  0.31999999E+00  0.26968247E-01
  0.12000000E+01  0.33999999E+00  0.27228531E-01
  0.12000000E+01  0.35999999E+00  0.27471836E-01
  0.12000000E+01  0.37999999E+00  0.27723060E-01
  0.12000000E+01  0.39999999E+00  0.28019498E-01
  0.12000000E+01  0.41999999E+00  0.28424623E-01
  0.12000000E+01  0.43999999E+00  0.29136407E-01
  0.12000000E+01  0.45999999E+00  0.30084659E-01
  0.12000000E+01  0.47999999E+00  0.31036224E-01
  0.12000000E+01  0.49999999E+00  0.31992437E-01
  0.12000000E+01  0.51999999E+00  0.32954596E-01
  0.12000000E+01  0.53999999E+00  0.33923953E-01
  0.12000000E+01  0.55999999E+00  0.34901718E-01
  0.12000000E+01  0.57999999E+00  0.35889051E-01
  0.12000000E+01  0.59999999E+00  0.36887068E-01
  0.12000000E+01  0.61999999E+00  0.37896828E-01
  0.12000000E+01  0.63999999E+00  0.38919342E-01
  0.12000000E+01  0.65999999E+00  0.39955560E-01
  0.12000000E+01  0.67999998E+00  0.41006375E-01
  0.12000000E+01  0.69999998E+00  0.42072617E-01
  0.12000000E+01  0.71999998E+00  0.43155053E-01
  0.12000000E+01  0.73999998E+00  0.44254376E-01
  0.12000000E+01  0.75999998E+00  0.45371212E-01
  0.12000000E+01  0.77999998E+00  0.46506107E-01
  0.12000000E+01  0.79999998E+00  0.47659527E-01
  0.12000000E+01  0.81999998E+00  0.48831854E-01
  0.12000000E+01  0.83999998E+00  0.50023382E-01
  0.12000000E+01  0.85999998E+00  0.51234307E-01
  0.12000000E+01  0.87999998E+00  0.52464731E-01
  0.12000000E+01  0.89999998E+00  0.53714648E-01
  0.12000000E+01  0.91999998E+00  0.54983945E-01
  0.12000000E+01  0.93999998E+00  0.56272395E-01
  0.12000000E+01  0.95999998E+00  0.57579649E-01
  0.12000000E+01  0.97999998E+00  0.58905235E-01
  0.12000000E+01  0.99999998E+00  0.60248548E-01
  0.12000000E+01  0.10200000E+01  0.61608848E-01
  0.12000000E+01  0.10400000E+01  0.62985253E-01
  0.12000000E+01  0.10600000E+01  0.64376734E-01
  0.12000000E+01  0.10800000E+01  0.65782109E-01
  0.12000000E+01  0.11000000E+01  0.67200044E-01
  0.12000000E+01  0.11200000E+01  0.68629039E-01
  0.12000000E+01  0.11400000E+01  0.70067434E-01
  0.12000000E+01  0.11600000E+01  0.71513403E-01
  0.12000000E+01  0.11800000E+01  0.72964948E-01
  0.12000000E+01  0.12000000E+01  0.74419906E-01
  0.12000000E+01  0.12200000E+01  0.75875945E-01
  0.12000000E+01  0.12400000E+01  0.77330564E-01
  0.12000000E+01  0.12600000E+01  0.78781101E-01
  0.12000000E+01  0.12800000E+01  0.80224739E-01
  0.12000000E+01  0.13000000E+01  0.81658509E-01
  0.12000000E+01  0.13200000E+01  0.83079304E-01
  0.12000000E+01  0.13400000E+01  0.84483892E-01
  0.12000000E+01  0.13600000E+01  0.85868930E-01
  0.12000000E+01  0.13800000E+01  0.87230984E-01
  0.12000000E+01  0.14000000E+01  0.88566550E-01
  0.12000000E+01  0.14200000E+01  0.89872074E-01
  0.12000000E+01  0.14400000E+01  0.91143982E-01
  0.12000000E+01  0.14600000E+01  0.92378692E-01
  0.12000000E+01  0.14800000E+01  0.93572626E-01
  0.12000000E+01  0.15000000E+01  0.94722192E-01
  0.12000000E+01  0.15200000E+01  0.95823701E-01
  0.12000000E+01  0.15400000E+01  0.96873149E-01
  0.12000000E+01  0.15600000E+01  0.97865655E-01
  0.12000000E+01  0.15800000E+01  0.98793964E-01
  0.12000000E+01  0.16000000E+01  0.99643936E-01
  0.12000000E+01  0.16200000E+01  0.10037621E+00
  0.12000000E+01  0.16400000E+01  0.10073807E+00
  0.12000000E+01  0.16600000E+01  0.10162508E+00
  0.12000000E+01  0.16800000E+01  0.10303592E+00
  0.12000000E+01  0.17000000E+01  0.10442304E+00
  0.12000000E+01  0.17200000E+01  0.10578423E+00
  0.12000000E+01  0.17400000E+01  0.10711732E+00
  0.12000000E+01  0.17600000E+01  0.10842012E+00
  0.12000000E+01  0.17800000E+01  0.10969050E+00
  0.12000000E+01  0.18000000E+01  0.11092635E+00
  0.12000000E+01  0.18200000E+01  0.11212560E+00
  0.12000000E+01  0.18400000E+01  0.11328626E+00
  0.12000000E+01  0.18600000E+01  0.11440640E+00
  0.12000000E+01  0.18800000E+01  0.11548420E+00
  0.12000000E+01  0.19000000E+01  0.11651793E+00
  0.12000000E+01  0.19200000E+01  0.11750597E+00
  0.12000000E+01  0.19400000E+01  0.11844685E+00
  0.12000000E+01  0.19600000E+01  0.11933924E+00
  0.12000000E+01  0.19800000E+01  0.12018198E+00
  0.12000000E+01  0.20000000E+01  0.12097409E+00
  0.12200000E+01  0.00000000E+00  0.14554334E-01
  0.12200000E+01  0.20000000E-01  0.15913588E-01
  0.12200000E+01  0.39999999E-01  0.17191011E-01
  0.12200000E+01  0.59999999E-01  0.18386241E-01
  0.12200000E+01  0.79999998E-01  0.19498926E-01
  0.12200000E+01  0.99999998E-01  0.20528789E-01
  0.12200000E+01  0.12000000E+00  0.21475705E-01
  0.12200000E+01  0.14000000E+00  0.22339791E-01
  0.12200000E+01  0.16000000E+00  0.23121517E-01
  0.12200000E+01  0.18000000E+00  0.23821845E-01
  0.12200000E+01  0.20000000E+00  0.24442393E-01
  0.12200000E+01  0.22000000E+00  0.24985646E-01
  0.12200000E+01  0.23999999E+00  0.25455226E-01
  0.12200000E+01  0.25999999E+00  0.25856232E-01
  0.12200000E+01  0.27999999E+00  0.26195711E-01
  0.12200000E+01  0.29999999E+00  0.26483302E-01
  0.12200000E+01  0.31999999E+00  0.26732181E-01
  0.12200000E+01  0.33999999E+00  0.26960553E-01
  0.12200000E+01  0.35999999E+00  0.27194250E-01
  0.12200000E+01  0.37999999E+00  0.27472031E-01
  0.12200000E+01  0.39999999E+00  0.27859896E-01
  0.12200000E+01  0.41999999E+00  0.28563877E-01
  0.12200000E+01  0.43999999E+00  0.29513240E-01
  0.12200000E+01  0.45999999E+00  0.30464246E-01
  0.12200000E+01  0.47999999E+00  0.31418270E-01
  0.12200000E+01  0.49999999E+00  0.32376654E-01
  0.12200000E+01  0.51999999E+00  0.33340697E-01
  0.12200000E+01  0.53999999E+00  0.34311659E-01
  0.12200000E+01  0.55999999E+00  0.35290755E-01
  0.12200000E+01  0.57999999E+00  0.36279158E-01
  0.12200000E+01  0.59999999E+00  0.37277989E-01
  0.12200000E+01  0.61999999E+00  0.38288323E-01
  0.12200000E+01  0.63999999E+00  0.39311180E-01
  0.12200000E+01  0.65999999E+00  0.40347528E-01
  0.12200000E+01  0.67999998E+00  0.41398274E-01
  0.12200000E+01  0.69999998E+00  0.42464266E-01
  0.12200000E+01  0.71999998E+00  0.43546287E-01
  0.12200000E+01  0.73999998E+00  0.44645055E-01
  0.12200000E+01  0.75999998E+00  0.45761212E-01
  0.12200000E+01  0.77999998E+00  0.46895330E-01
  0.12200000E+01  0.79999998E+00  0.48047898E-01
  0.12200000E+01  0.81999998E+00  0.49219323E-01
  0.12200000E+01  0.83999998E+00  0.50409924E-01
  0.12200000E+01  0.85999998E+00  0.51619926E-01
  0.12200000E+01  0.87999998E+00  0.52849458E-01
  0.12200000E+01  0.89999998E+00  0.54098542E-01
  0.12200000E+01  0.91999998E+00  0.55367096E-01
  0.12200000E+01  0.93999998E+00  0.56654921E-01
  0.12200000E+01  0.95999998E+00  0.57961699E-01
  0.12200000E+01  0.97999998E+00  0.59286988E-01
  0.12200000E+01  0.99999998E+00  0.60630213E-01
  0.12200000E+01  0.10200000E+01  0.61990663E-01
  0.12200000E+01  0.10400000E+01  0.63367485E-01
  0.12200000E+01  0.10600000E+01  0.64759677E-01
  0.12200000E+01  0.10800000E+01  0.66166085E-01
  0.12200000E+01  0.11000000E+01  0.67585395E-01
  0.12200000E+01  0.11200000E+01  0.69016133E-01
  0.12200000E+01  0.11400000E+01  0.70456654E-01
  0.12200000E+01  0.11600000E+01  0.71905148E-01
  0.12200000E+01  0.11800000E+01  0.73359628E-01
  0.12200000E+01  0.12000000E+01  0.74817935E-01
  0.12200000E+01  0.12200000E+01  0.76277734E-01
  0.12200000E+01  0.12400000E+01  0.77736516E-01
  0.12200000E+01  0.12600000E+01  0.79191602E-01
  0.12200000E+01  0.12800000E+01  0.80640141E-01
  0.12200000E+01  0.13000000E+01  0.82079122E-01
  0.12200000E+01  0.13200000E+01  0.83505377E-01
  0.12200000E+01  0.13400000E+01  0.84915591E-01
  0.12200000E+01  0.13600000E+01  0.86306311E-01
  0.12200000E+01  0.13800000E+01  0.87673956E-01
  0.12200000E+01  0.14000000E+01  0.89014829E-01
  0.12200000E+01  0.14200000E+01  0.90325120E-01
  0.12200000E+01  0.14400000E+01  0.91600902E-01
  0.12200000E+01  0.14600000E+01  0.92838111E-01
  0.12200000E+01  0.14800000E+01  0.94032477E-01
  0.12200000E+01  0.15000000E+01  0.95179383E-01
  0.12200000E+01  0.15200000E+01  0.96273536E-01
  0.12200000E+01  0.15400000E+01  0.97308216E-01
  0.12200000E+01  0.15600000E+01  0.98273424E-01
  0.12200000E+01  0.15800000E+01  0.99150505E-01
  0.12200000E+01  0.16000000E+01  0.99891021E-01
  0.12200000E+01  0.16200000E+01  0.10020618E+00
  0.12200000E+01  0.16400000E+01  0.10105679E+00
  0.12200000E+01  0.16600000E+01  0.10248213E+00
  0.12200000E+01  0.16800000E+01  0.10388462E+00
  0.12200000E+01  0.17000000E+01  0.10526205E+00
  0.12200000E+01  0.17200000E+01  0.10661221E+00
  0.12200000E+01  0.17400000E+01  0.10793288E+00
  0.12200000E+01  0.17600000E+01  0.10922188E+00
  0.12200000E+01  0.17800000E+01  0.11047707E+00
  0.12200000E+01  0.18000000E+01  0.11169635E+00
  0.12200000E+01  0.18200000E+01  0.11287766E+00
  0.12200000E+01  0.18400000E+01  0.11401903E+00
  0.12200000E+01  0.18600000E+01  0.11511856E+00
  0.12200000E+01  0.18800000E+01  0.11617447E+00
  0.12200000E+01  0.19000000E+01  0.11718508E+00
  0.12200000E+01  0.19200000E+01  0.11814884E+00
  0.12200000E+01  0.19400000E+01  0.11906434E+00
  0.12200000E+01  0.19600000E+01  0.11993035E+00
  0.12200000E+01  0.19800000E+01  0.12074581E+00
  0.12200000E+01  0.20000000E+01  0.12150986E+00
  0.12400000E+01  0.00000000E+00  0.15021601E-01
  0.12400000E+01  0.20000000E-01  0.16359024E-01
  0.12400000E+01  0.39999999E-01  0.17609611E-01
  0.12400000E+01  0.59999999E-01  0.18772938E-01
  0.12400000E+01  0.79999998E-01  0.19848652E-01
  0.12400000E+01  0.99999998E-01  0.20836548E-01
  0.12400000E+01  0.12000000E+00  0.21736665E-01
  0.12400000E+01  0.14000000E+00  0.22549400E-01
  0.12400000E+01  0.16000000E+00  0.23275654E-01
  0.12400000E+01  0.18000000E+00  0.23917001E-01
  0.12400000E+01  0.20000000E+00  0.24475912E-01
  0.12400000E+01  0.22000000E+00  0.24956030E-01
  0.12400000E+01  0.23999999E+00  0.25362532E-01
  0.12400000E+01  0.25999999E+00  0.25702617E-01
  0.12400000E+01  0.27999999E+00  0.25986179E-01
  0.12400000E+01  0.29999999E+00  0.26226797E-01
  0.12400000E+01  0.31999999E+00  0.26443287E-01
  0.12400000E+01  0.33999999E+00  0.26662416E-01
  0.12400000E+01  0.35999999E+00  0.26924423E-01
  0.12400000E+01  0.37999999E+00  0.27297904E-01
  0.12400000E+01  0.39999999E+00  0.27997065E-01
  0.12400000E+01  0.41999999E+00  0.28949439E-01
  0.12400000E+01  0.43999999E+00  0.29901721E-01
  0.12400000E+01  0.45999999E+00  0.30855324E-01
  0.12400000E+01  0.47999999E+00  0.31811630E-01
  0.12400000E+01  0.49999999E+00  0.32771981E-01
  0.12400000E+01  0.51999999E+00  0.33737684E-01
  0.12400000E+01  0.53999999E+00  0.34710005E-01
  0.12400000E+01  0.55999999E+00  0.35690169E-01
  0.12400000E+01  0.57999999E+00  0.36679356E-01
  0.12400000E+01  0.59999999E+00  0.37678703E-01
  0.12400000E+01  0.61999999E+00  0.38689297E-01
  0.12400000E+01  0.63999999E+00  0.39712174E-01
  0.12400000E+01  0.65999999E+00  0.40748318E-01
  0.12400000E+01  0.67999998E+00  0.41798656E-01
  0.12400000E+01  0.69999998E+00  0.42864057E-01
  0.12400000E+01  0.71999998E+00  0.43945326E-01
  0.12400000E+01  0.73999998E+00  0.45043204E-01
  0.12400000E+01  0.75999998E+00  0.46158361E-01
  0.12400000E+01  0.77999998E+00  0.47291393E-01
  0.12400000E+01  0.79999998E+00  0.48442819E-01
  0.12400000E+01  0.81999998E+00  0.49613078E-01
  0.12400000E+01  0.83999998E+00  0.50802518E-01
  0.12400000E+01  0.85999998E+00  0.52011398E-01
  0.12400000E+01  0.87999998E+00  0.53239880E-01
  0.12400000E+01  0.89999998E+00  0.54488023E-01
  0.12400000E+01  0.91999998E+00  0.55755779E-01
  0.12400000E+01  0.93999998E+00  0.57042986E-01
  0.12400000E+01  0.95999998E+00  0.58349363E-01
  0.12400000E+01  0.97999998E+00  0.59674504E-01
  0.12400000E+01  0.99999998E+00  0.61017870E-01
  0.12400000E+01  0.10200000E+01  0.62378786E-01
  0.12400000E+01  0.10400000E+01  0.63756434E-01
  0.12400000E+01  0.10600000E+01  0.65149845E-01
  0.12400000E+01  0.10800000E+01  0.66557895E-01
  0.12400000E+01  0.11000000E+01  0.67979298E-01
  0.12400000E+01  0.11200000E+01  0.69412603E-01
  0.12400000E+01  0.11400000E+01  0.70856187E-01
  0.12400000E+01  0.11600000E+01  0.72308251E-01
  0.12400000E+01  0.11800000E+01  0.73766817E-01
  0.12400000E+01  0.12000000E+01  0.75229724E-01
  0.12400000E+01  0.12200000E+01  0.76694625E-01
  0.12400000E+01  0.12400000E+01  0.78158989E-01
  0.12400000E+01  0.12600000E+01  0.79620096E-01
  0.12400000E+01  0.12800000E+01  0.81075039E-01
  0.12400000E+01  0.13000000E+01  0.82520726E-01
  0.12400000E+01  0.13200000E+01  0.83953881E-01
  0.12400000E+01  0.13400000E+01  0.85371043E-01
  0.12400000E+01  0.13600000E+01  0.86768568E-01
  0.12400000E+01  0.13800000E+01  0.88142620E-01
  0.12400000E+01  0.14000000E+01  0.89489164E-01
  0.12400000E+01  0.14200000E+01  0.90803934E-01
  0.12400000E+01  0.14400000E+01  0.92082381E-01
  0.12400000E+01  0.14600000E+01  0.93319559E-01
  0.12400000E+01  0.14800000E+01  0.94509914E-01
  0.12400000E+01  0.15000000E+01  0.95646843E-01
  0.12400000E+01  0.15200000E+01  0.96721760E-01
  0.12400000E+01  0.15400000E+01  0.97721857E-01
  0.12400000E+01  0.15600000E+01  0.98623848E-01
  0.12400000E+01  0.15800000E+01  0.99369947E-01
  0.12400000E+01  0.16000000E+01  0.99634013E-01
  0.12400000E+01  0.16200000E+01  0.10044519E+00
  0.12400000E+01  0.16400000E+01  0.10188416E+00
  0.12400000E+01  0.16600000E+01  0.10330124E+00
  0.12400000E+01  0.16800000E+01  0.10469417E+00
  0.12400000E+01  0.17000000E+01  0.10606073E+00
  0.12400000E+01  0.17200000E+01  0.10739868E+00
  0.12400000E+01  0.17400000E+01  0.10870580E+00
  0.12400000E+01  0.17600000E+01  0.10997991E+00
  0.12400000E+01  0.17800000E+01  0.11121887E+00
  0.12400000E+01  0.18000000E+01  0.11242058E+00
  0.12400000E+01  0.18200000E+01  0.11358302E+00
  0.12400000E+01  0.18400000E+01  0.11470424E+00
  0.12400000E+01  0.18600000E+01  0.11578239E+00
  0.12400000E+01  0.18800000E+01  0.11681572E+00
  0.12400000E+01  0.19000000E+01  0.11780262E+00
  0.12400000E+01  0.19200000E+01  0.11874162E+00
  0.12400000E+01  0.19400000E+01  0.11963140E+00
  0.12400000E+01  0.19600000E+01  0.12047082E+00
  0.12400000E+01  0.19800000E+01  0.12125894E+00
  0.12400000E+01  0.20000000E+01  0.12199504E+00
  0.12600000E+01  0.00000000E+00  0.15462706E-01
  0.12600000E+01  0.20000000E-01  0.16772891E-01
  0.12600000E+01  0.39999999E-01  0.17991028E-01
  0.12600000E+01  0.59999999E-01  0.19116687E-01
  0.12600000E+01  0.79999998E-01  0.20149588E-01
  0.12600000E+01  0.99999998E-01  0.21089691E-01
  0.12600000E+01  0.12000000E+00  0.21937324E-01
  0.12600000E+01  0.14000000E+00  0.22693323E-01
  0.12600000E+01  0.16000000E+00  0.23359220E-01
  0.12600000E+01  0.18000000E+00  0.23937468E-01
  0.12600000E+01  0.20000000E+00  0.24431729E-01
  0.12600000E+01  0.22000000E+00  0.24847256E-01
  0.12600000E+01  0.23999999E+00  0.25191396E-01
  0.12600000E+01  0.25999999E+00  0.25474294E-01
  0.12600000E+01  0.27999999E+00  0.25709926E-01
  0.12600000E+01  0.29999999E+00  0.25917720E-01
  0.12600000E+01  0.31999999E+00  0.26125379E-01
  0.12600000E+01  0.33999999E+00  0.26374633E-01
  0.12600000E+01  0.35999999E+00  0.26736749E-01
  0.12600000E+01  0.37999999E+00  0.27434215E-01
  0.12600000E+01  0.39999999E+00  0.28391578E-01
  0.12600000E+01  0.41999999E+00  0.29347056E-01
  0.12600000E+01  0.43999999E+00  0.30302095E-01
  0.12600000E+01  0.45999999E+00  0.31258110E-01
  0.12600000E+01  0.47999999E+00  0.32216485E-01
  0.12600000E+01  0.49999999E+00  0.33178568E-01
  0.12600000E+01  0.51999999E+00  0.34145672E-01
  0.12600000E+01  0.53999999E+00  0.35119072E-01
  0.12600000E+01  0.55999999E+00  0.36100004E-01
  0.12600000E+01  0.57999999E+00  0.37089662E-01
  0.12600000E+01  0.59999999E+00  0.38089194E-01
  0.12600000E+01  0.61999999E+00  0.39099706E-01
  0.12600000E+01  0.63999999E+00  0.40122253E-01
  0.12600000E+01  0.65999999E+00  0.41157837E-01
  0.12600000E+01  0.67999998E+00  0.42207410E-01
  0.12600000E+01  0.69999998E+00  0.43271865E-01
  0.12600000E+01  0.71999998E+00  0.44352032E-01
  0.12600000E+01  0.73999998E+00  0.45448682E-01
  0.12600000E+01  0.75999998E+00  0.46562515E-01
  0.12600000E+01  0.77999998E+00  0.47694160E-01
  0.12600000E+01  0.79999998E+00  0.48844170E-01
  0.12600000E+01  0.81999998E+00  0.50013019E-01
  0.12600000E+01  0.83999998E+00  0.51201095E-01
  0.12600000E+01  0.85999998E+00  0.52408695E-01
  0.12600000E+01  0.87999998E+00  0.53636021E-01
  0.12600000E+01  0.89999998E+00  0.54883175E-01
  0.12600000E+01  0.91999998E+00  0.56150150E-01
  0.12600000E+01  0.93999998E+00  0.57436829E-01
  0.12600000E+01  0.95999998E+00  0.58742974E-01
  0.12600000E+01  0.97999998E+00  0.60068222E-01
  0.12600000E+01  0.99999998E+00  0.61412077E-01
  0.12600000E+01  0.10200000E+01  0.62773907E-01
  0.12600000E+01  0.10400000E+01  0.64152932E-01
  0.12600000E+01  0.10600000E+01  0.65548221E-01
  0.12600000E+01  0.10800000E+01  0.66958685E-01
  0.12600000E+01  0.11000000E+01  0.68383068E-01
  0.12600000E+01  0.11200000E+01  0.69819944E-01
  0.12600000E+01  0.11400000E+01  0.71267706E-01
  0.12600000E+01  0.11600000E+01  0.72724567E-01
  0.12600000E+01  0.11800000E+01  0.74188547E-01
  0.12600000E+01  0.12000000E+01  0.75657472E-01
  0.12600000E+01  0.12200000E+01  0.77128968E-01
  0.12600000E+01  0.12400000E+01  0.78600455E-01
  0.12600000E+01  0.12600000E+01  0.80069143E-01
  0.12600000E+01  0.12800000E+01  0.81532027E-01
  0.12600000E+01  0.13000000E+01  0.82985881E-01
  0.12600000E+01  0.13200000E+01  0.84427247E-01
  0.12600000E+01  0.13400000E+01  0.85852426E-01
  0.12600000E+01  0.13600000E+01  0.87257458E-01
  0.12600000E+01  0.13800000E+01  0.88638089E-01
  0.12600000E+01  0.14000000E+01  0.89989722E-01
  0.12600000E+01  0.14200000E+01  0.91307327E-01
  0.12600000E+01  0.14400000E+01  0.92585281E-01
  0.12600000E+01  0.14600000E+01  0.93817086E-01
  0.12600000E+01  0.14800000E+01  0.94994817E-01
  0.12600000E+01  0.15000000E+01  0.96107986E-01
  0.12600000E+01  0.15200000E+01  0.97140925E-01
  0.12600000E+01  0.15400000E+01  0.98065605E-01
  0.12600000E+01  0.15600000E+01  0.98814636E-01
  0.12600000E+01  0.15800000E+01  0.99023310E-01
  0.12600000E+01  0.16000000E+01  0.99792055E-01
  0.12600000E+01  0.16200000E+01  0.10124377E+00
  0.12600000E+01  0.16400000E+01  0.10267457E+00
  0.12600000E+01  0.16600000E+01  0.10408221E+00
  0.12600000E+01  0.16800000E+01  0.10546444E+00
  0.12600000E+01  0.17000000E+01  0.10681900E+00
  0.12600000E+01  0.17200000E+01  0.10814365E+00
  0.12600000E+01  0.17400000E+01  0.10943617E+00
  0.12600000E+01  0.17600000E+01  0.11069438E+00
  0.12600000E+01  0.17800000E+01  0.11191616E+00
  0.12600000E+01  0.18000000E+01  0.11309942E+00
  0.12600000E+01  0.18200000E+01  0.11424217E+00
  0.12600000E+01  0.18400000E+01  0.11534250E+00
  0.12600000E+01  0.18600000E+01  0.11639862E+00
  0.12600000E+01  0.18800000E+01  0.11740883E+00
  0.12600000E+01  0.19000000E+01  0.11837159E+00
  0.12600000E+01  0.19200000E+01  0.11928553E+00
  0.12600000E+01  0.19400000E+01  0.12014941E+00
  0.12600000E+01  0.19600000E+01  0.12096222E+00
  0.12600000E+01  0.19800000E+01  0.12172314E+00
  0.12600000E+01  0.20000000E+01  0.12243159E+00
  0.12800000E+01  0.00000000E+00  0.15872023E-01
  0.12800000E+01  0.20000000E-01  0.17149247E-01
  0.12800000E+01  0.39999999E-01  0.18329059E-01
  0.12800000E+01  0.59999999E-01  0.19411101E-01
  0.12800000E+01  0.79999998E-01  0.20395260E-01
  0.12800000E+01  0.99999998E-01  0.21281790E-01
  0.12800000E+01  0.12000000E+00  0.22071469E-01
  0.12800000E+01  0.14000000E+00  0.22765782E-01
  0.12800000E+01  0.16000000E+00  0.23367163E-01
  0.12800000E+01  0.18000000E+00  0.23879293E-01
  0.12800000E+01  0.20000000E+00  0.24307496E-01
  0.12800000E+01  0.22000000E+00  0.24659263E-01
  0.12800000E+01  0.23999999E+00  0.24944987E-01
  0.12800000E+01  0.25999999E+00  0.25179038E-01
  0.12800000E+01  0.27999999E+00  0.25381450E-01
  0.12800000E+01  0.29999999E+00  0.25580863E-01
  0.12800000E+01  0.31999999E+00  0.25820515E-01
  0.12800000E+01  0.33999999E+00  0.26174409E-01
  0.12800000E+01  0.35999999E+00  0.26873420E-01
  0.12800000E+01  0.37999999E+00  0.27837830E-01
  0.12800000E+01  0.39999999E+00  0.28798505E-01
  0.12800000E+01  0.41999999E+00  0.29756919E-01
  0.12800000E+01  0.43999999E+00  0.30714519E-01
  0.12800000E+01  0.45999999E+00  0.31672723E-01
  0.12800000E+01  0.47999999E+00  0.32632919E-01
  0.12800000E+01  0.49999999E+00  0.33596461E-01
  0.12800000E+01  0.51999999E+00  0.34564672E-01
  0.12800000E+01  0.53999999E+00  0.35538838E-01
  0.12800000E+01  0.55999999E+00  0.36520206E-01
  0.12800000E+01  0.57999999E+00  0.37509985E-01
  0.12800000E+01  0.59999999E+00  0.38509344E-01
  0.12800000E+01  0.61999999E+00  0.39519405E-01
  0.12800000E+01  0.63999999E+00  0.40541246E-01
  0.12800000E+01  0.65999999E+00  0.41575895E-01
  0.12800000E+01  0.67999998E+00  0.42624328E-01
  0.12800000E+01  0.69999998E+00  0.43687469E-01
  0.12800000E+01  0.71999998E+00  0.44766180E-01
  0.12800000E+01  0.73999998E+00  0.45861263E-01
  0.12800000E+01  0.75999998E+00  0.46973457E-01
  0.12800000E+01  0.77999998E+00  0.48103428E-01
  0.12800000E+01  0.79999998E+00  0.49251771E-01
  0.12800000E+01  0.81999998E+00  0.50419001E-01
  0.12800000E+01  0.83999998E+00  0.51605550E-01
  0.12800000E+01  0.85999998E+00  0.52811763E-01
  0.12800000E+01  0.87999998E+00  0.54037890E-01
  0.12800000E+01  0.89999998E+00  0.55284080E-01
  0.12800000E+01  0.91999998E+00  0.56550379E-01
  0.12800000E+01  0.93999998E+00  0.57836718E-01
  0.12800000E+01  0.95999998E+00  0.59142910E-01
  0.12800000E+01  0.97999998E+00  0.60468643E-01
  0.12800000E+01  0.99999998E+00  0.61813471E-01
  0.12800000E+01  0.10200000E+01  0.63176807E-01
  0.12800000E+01  0.10400000E+01  0.64557918E-01
  0.12800000E+01  0.10600000E+01  0.65955913E-01
  0.12800000E+01  0.10800000E+01  0.67369740E-01
  0.12800000E+01  0.11000000E+01  0.68798173E-01
  0.12800000E+01  0.11200000E+01  0.70239808E-01
  0.12800000E+01  0.11400000E+01  0.71693051E-01
  0.12800000E+01  0.11600000E+01  0.73156115E-01
  0.12800000E+01  0.11800000E+01  0.74627007E-01
  0.12800000E+01  0.12000000E+01  0.76103519E-01
  0.12800000E+01  0.12200000E+01  0.77583222E-01
  0.12800000E+01  0.12400000E+01  0.79063454E-01
  0.12800000E+01  0.12600000E+01  0.80541307E-01
  0.12800000E+01  0.12800000E+01  0.82013617E-01
  0.12800000E+01  0.13000000E+01  0.83476941E-01
  0.12800000E+01  0.13200000E+01  0.84927538E-01
  0.12800000E+01  0.13400000E+01  0.86361330E-01
  0.12800000E+01  0.13600000E+01  0.87773857E-01
  0.12800000E+01  0.13800000E+01  0.89160197E-01
  0.12800000E+01  0.14000000E+01  0.90514843E-01
  0.12800000E+01  0.14200000E+01  0.91831499E-01
  0.12800000E+01  0.14400000E+01  0.93102718E-01
  0.12800000E+01  0.14600000E+01  0.94319237E-01
  0.12800000E+01  0.14800000E+01  0.95468642E-01
  0.12800000E+01  0.15000000E+01  0.96532350E-01
  0.12800000E+01  0.15200000E+01  0.97477488E-01
  0.12800000E+01  0.15400000E+01  0.98226821E-01
  0.12800000E+01  0.15600000E+01  0.98375921E-01
  0.12800000E+01  0.15800000E+01  0.99099308E-01
  0.12800000E+01  0.16000000E+01  0.10056280E+00
  0.12800000E+01  0.16200000E+01  0.10200642E+00
  0.12800000E+01  0.16400000E+01  0.10342792E+00
  0.12800000E+01  0.16600000E+01  0.10482502E+00
  0.12800000E+01  0.16800000E+01  0.10619546E+00
  0.12800000E+01  0.17000000E+01  0.10753697E+00
  0.12800000E+01  0.17200000E+01  0.10884731E+00
  0.12800000E+01  0.17400000E+01  0.11012427E+00
  0.12800000E+01  0.17600000E+01  0.11136568E+00
  0.12800000E+01  0.17800000E+01  0.11256942E+00
  0.12800000E+01  0.18000000E+01  0.11373345E+00
  0.12800000E+01  0.18200000E+01  0.11485582E+00
  0.12800000E+01  0.18400000E+01  0.11593467E+00
  0.12800000E+01  0.18600000E+01  0.11696824E+00
  0.12800000E+01  0.18800000E+01  0.11795494E+00
  0.12800000E+01  0.19000000E+01  0.11889330E+00
  0.12800000E+01  0.19200000E+01  0.11978203E+00
  0.12800000E+01  0.19400000E+01  0.12062003E+00
  0.12800000E+01  0.19600000E+01  0.12140639E+00
  0.12800000E+01  0.19800000E+01  0.12214045E+00
  0.12800000E+01  0.20000000E+01  0.12282178E+00
  0.13000000E+01  0.00000000E+00  0.16243618E-01
  0.13000000E+01  0.20000000E-01  0.17481898E-01
  0.13000000E+01  0.39999999E-01  0.18617328E-01
  0.13000000E+01  0.59999999E-01  0.19649721E-01
  0.13000000E+01  0.79999998E-01  0.20579263E-01
  0.13000000E+01  0.99999998E-01  0.21406667E-01
  0.13000000E+01  0.12000000E+00  0.22133375E-01
  0.13000000E+01  0.14000000E+00  0.22761801E-01
  0.13000000E+01  0.16000000E+00  0.23295641E-01
  0.13000000E+01  0.18000000E+00  0.23740287E-01
  0.13000000E+01  0.20000000E+00  0.24103371E-01
  0.13000000E+01  0.22000000E+00  0.24395531E-01
  0.13000000E+01  0.23999999E+00  0.24631526E-01
  0.13000000E+01  0.25999999E+00  0.24831992E-01
  0.13000000E+01  0.27999999E+00  0.25026505E-01
  0.13000000E+01  0.29999999E+00  0.25259820E-01
  0.13000000E+01  0.31999999E+00  0.25608748E-01
  0.13000000E+01  0.33999999E+00  0.26312631E-01
  0.13000000E+01  0.35999999E+00  0.27286219E-01
  0.13000000E+01  0.37999999E+00  0.28254170E-01
  0.13000000E+01  0.39999999E+00  0.29217980E-01
  0.13000000E+01  0.41999999E+00  0.30179125E-01
  0.13000000E+01  0.43999999E+00  0.31139053E-01
  0.13000000E+01  0.45999999E+00  0.32099185E-01
  0.13000000E+01  0.47999999E+00  0.33060915E-01
  0.13000000E+01  0.49999999E+00  0.34025607E-01
  0.13000000E+01  0.51999999E+00  0.34994594E-01
  0.13000000E+01  0.53999999E+00  0.35969175E-01
  0.13000000E+01  0.55999999E+00  0.36950612E-01
  0.13000000E+01  0.57999999E+00  0.37940135E-01
  0.13000000E+01  0.59999999E+00  0.38938930E-01
  0.13000000E+01  0.61999999E+00  0.39948146E-01
  0.13000000E+01  0.63999999E+00  0.40968884E-01
  0.13000000E+01  0.65999999E+00  0.42002203E-01
  0.13000000E+01  0.67999998E+00  0.43049111E-01
  0.13000000E+01  0.69999998E+00  0.44110564E-01
  0.13000000E+01  0.71999998E+00  0.45187463E-01
  0.13000000E+01  0.73999998E+00  0.46280649E-01
  0.13000000E+01  0.75999998E+00  0.47390904E-01
  0.13000000E+01  0.77999998E+00  0.48518938E-01
  0.13000000E+01  0.79999998E+00  0.49665395E-01
  0.13000000E+01  0.81999998E+00  0.50830838E-01
  0.13000000E+01  0.83999998E+00  0.52015753E-01
  0.13000000E+01  0.85999998E+00  0.53220538E-01
  0.13000000E+01  0.87999998E+00  0.54445499E-01
  0.13000000E+01  0.89999998E+00  0.55690841E-01
  0.13000000E+01  0.91999998E+00  0.56956668E-01
  0.13000000E+01  0.93999998E+00  0.58242969E-01
  0.13000000E+01  0.95999998E+00  0.59549616E-01
  0.13000000E+01  0.97999998E+00  0.60876353E-01
  0.13000000E+01  0.99999998E+00  0.62222788E-01
  0.13000000E+01  0.10200000E+01  0.63588389E-01
  0.13000000E+01  0.10400000E+01  0.64972469E-01
  0.13000000E+01  0.10600000E+01  0.66374180E-01
  0.13000000E+01  0.10800000E+01  0.67792507E-01
  0.13000000E+01  0.11000000E+01  0.69226251E-01
  0.13000000E+01  0.11200000E+01  0.70674024E-01
  0.13000000E+01  0.11400000E+01  0.72134234E-01
  0.13000000E+01  0.11600000E+01  0.73605079E-01
  0.13000000E+01  0.11800000E+01  0.75084529E-01
  0.13000000E+01  0.12000000E+01  0.76570316E-01
  0.13000000E+01  0.12200000E+01  0.78059913E-01
  0.13000000E+01  0.12400000E+01  0.79550525E-01
  0.13000000E+01  0.12600000E+01  0.81039058E-01
  0.13000000E+01  0.12800000E+01  0.82522096E-01
  0.13000000E+01  0.13000000E+01  0.83995867E-01
  0.13000000E+01  0.13200000E+01  0.85456188E-01
  0.13000000E+01  0.13400000E+01  0.86898402E-01
  0.13000000E+01  0.13600000E+01  0.88317271E-01
  0.13000000E+01  0.13800000E+01  0.89706818E-01
  0.13000000E+01  0.14000000E+01  0.91060073E-01
  0.13000000E+01  0.14200000E+01  0.92368639E-01
  0.13000000E+01  0.14400000E+01  0.93621906E-01
  0.13000000E+01  0.14600000E+01  0.94805507E-01
  0.13000000E+01  0.14800000E+01  0.95897897E-01
  0.13000000E+01  0.15000000E+01  0.96861265E-01
  0.13000000E+01  0.15200000E+01  0.97608302E-01
  0.13000000E+01  0.15400000E+01  0.97693784E-01
  0.13000000E+01  0.15600000E+01  0.98368959E-01
  0.13000000E+01  0.15800000E+01  0.99843229E-01
  0.13000000E+01  0.16000000E+01  0.10129872E+00
  0.13000000E+01  0.16200000E+01  0.10273316E+00
  0.13000000E+01  0.16400000E+01  0.10414428E+00
  0.13000000E+01  0.16600000E+01  0.10552980E+00
  0.13000000E+01  0.16800000E+01  0.10688744E+00
  0.13000000E+01  0.17000000E+01  0.10821494E+00
  0.13000000E+01  0.17200000E+01  0.10951005E+00
  0.13000000E+01  0.17400000E+01  0.11077058E+00
  0.13000000E+01  0.17600000E+01  0.11199437E+00
  0.13000000E+01  0.17800000E+01  0.11317935E+00
  0.13000000E+01  0.18000000E+01  0.11432351E+00
  0.13000000E+01  0.18200000E+01  0.11542494E+00
  0.13000000E+01  0.18400000E+01  0.11648183E+00
  0.13000000E+01  0.18600000E+01  0.11749251E+00
  0.13000000E+01  0.18800000E+01  0.11845547E+00
  0.13000000E+01  0.19000000E+01  0.11936932E+00
  0.13000000E+01  0.19200000E+01  0.12023289E+00
  0.13000000E+01  0.19400000E+01  0.12104520E+00
  0.13000000E+01  0.19600000E+01  0.12180549E+00
  0.13000000E+01  0.19800000E+01  0.12251324E+00
  0.13000000E+01  0.20000000E+01  0.12316820E+00
  0.13200000E+01  0.00000000E+00  0.16571309E-01
  0.13200000E+01  0.20000000E-01  0.17764480E-01
  0.13200000E+01  0.39999999E-01  0.18849394E-01
  0.13200000E+01  0.59999999E-01  0.19826167E-01
  0.13200000E+01  0.79999998E-01  0.20695451E-01
  0.13200000E+01  0.99999998E-01  0.21458644E-01
  0.13200000E+01  0.12000000E+00  0.22118136E-01
  0.13200000E+01  0.14000000E+00  0.22677638E-01
  0.13200000E+01  0.16000000E+00  0.23142609E-01
  0.13200000E+01  0.18000000E+00  0.23520816E-01
  0.13200000E+01  0.20000000E+00  0.23823137E-01
  0.13200000E+01  0.22000000E+00  0.24064714E-01
  0.13200000E+01  0.23999999E+00  0.24266783E-01
  0.13200000E+01  0.25999999E+00  0.24459853E-01
  0.13200000E+01  0.27999999E+00  0.24690204E-01
  0.13200000E+01  0.29999999E+00  0.25037513E-01
  0.13200000E+01  0.31999999E+00  0.25749661E-01
  0.13200000E+01  0.33999999E+00  0.26734629E-01
  0.13200000E+01  0.35999999E+00  0.27712008E-01
  0.13200000E+01  0.37999999E+00  0.28683316E-01
  0.13200000E+01  0.39999999E+00  0.29650047E-01
  0.13200000E+01  0.41999999E+00  0.30613677E-01
  0.13200000E+01  0.43999999E+00  0.31575658E-01
  0.13200000E+01  0.45999999E+00  0.32537417E-01
  0.13200000E+01  0.47999999E+00  0.33500356E-01
  0.13200000E+01  0.49999999E+00  0.34465849E-01
  0.13200000E+01  0.51999999E+00  0.35435243E-01
  0.13200000E+01  0.53999999E+00  0.36409852E-01
  0.13200000E+01  0.55999999E+00  0.37390960E-01
  0.13200000E+01  0.57999999E+00  0.38379815E-01
  0.13200000E+01  0.59999999E+00  0.39377631E-01
  0.13200000E+01  0.61999999E+00  0.40385583E-01
  0.13200000E+01  0.63999999E+00  0.41404804E-01
  0.13200000E+01  0.65999999E+00  0.42436386E-01
  0.13200000E+01  0.67999998E+00  0.43481374E-01
  0.13200000E+01  0.69999998E+00  0.44540766E-01
  0.13200000E+01  0.71999998E+00  0.45615504E-01
  0.13200000E+01  0.73999998E+00  0.46706478E-01
  0.13200000E+01  0.75999998E+00  0.47814518E-01
  0.13200000E+01  0.77999998E+00  0.48940387E-01
  0.13200000E+01  0.79999998E+00  0.50084783E-01
  0.13200000E+01  0.81999998E+00  0.51248329E-01
  0.13200000E+01  0.83999998E+00  0.52431569E-01
  0.13200000E+01  0.85999998E+00  0.53634964E-01
  0.13200000E+01  0.87999998E+00  0.54858883E-01
  0.13200000E+01  0.89999998E+00  0.56103599E-01
  0.13200000E+01  0.91999998E+00  0.57369278E-01
  0.13200000E+01  0.93999998E+00  0.58655977E-01
  0.13200000E+01  0.95999998E+00  0.59963631E-01
  0.13200000E+01  0.97999998E+00  0.61292048E-01
  0.13200000E+01  0.99999998E+00  0.62640896E-01
  0.13200000E+01  0.10200000E+01  0.64009698E-01
  0.13200000E+01  0.10400000E+01  0.65397818E-01
  0.13200000E+01  0.10600000E+01  0.66804450E-01
  0.13200000E+01  0.10800000E+01  0.68228612E-01
  0.13200000E+01  0.11000000E+01  0.69669123E-01
  0.13200000E+01  0.11200000E+01  0.71124600E-01
  0.13200000E+01  0.11400000E+01  0.72593438E-01
  0.13200000E+01  0.11600000E+01  0.74073793E-01
  0.13200000E+01  0.11800000E+01  0.75563567E-01
  0.13200000E+01  0.12000000E+01  0.77060383E-01
  0.13200000E+01  0.12200000E+01  0.78561565E-01
  0.13200000E+01  0.12400000E+01  0.80064104E-01
  0.13200000E+01  0.12600000E+01  0.81564623E-01
  0.13200000E+01  0.12800000E+01  0.83059328E-01
  0.13200000E+01  0.13000000E+01  0.84543946E-01
  0.13200000E+01  0.13200000E+01  0.86013630E-01
  0.13200000E+01  0.13400000E+01  0.87462837E-01
  0.13200000E+01  0.13600000E+01  0.88885126E-01
  0.13200000E+01  0.13800000E+01  0.90272859E-01
  0.13200000E+01  0.14000000E+01  0.91616685E-01
  0.13200000E+01  0.14200000E+01  0.92904640E-01
  0.13200000E+01  0.14400000E+01  0.94120384E-01
  0.13200000E+01  0.14600000E+01  0.95239366E-01
  0.13200000E+01  0.14800000E+01  0.96218747E-01
  0.13200000E+01  0.15000000E+01  0.96960939E-01
  0.13200000E+01  0.15200000E+01  0.96978912E-01
  0.13200000E+01  0.15400000E+01  0.97603108E-01
  0.13200000E+01  0.15600000E+01  0.99087118E-01
  0.13200000E+01  0.15800000E+01  0.10055347E+00
  0.13200000E+01  0.16000000E+01  0.10199990E+00
  0.13200000E+01  0.16200000E+01  0.10342413E+00
  0.13200000E+01  0.16400000E+01  0.10482388E+00
  0.13200000E+01  0.16600000E+01  0.10619685E+00
  0.13200000E+01  0.16800000E+01  0.10754076E+00
  0.13200000E+01  0.17000000E+01  0.10885336E+00
  0.13200000E+01  0.17200000E+01  0.11013242E+00
  0.13200000E+01  0.17400000E+01  0.11137576E+00
  0.13200000E+01  0.17600000E+01  0.11258126E+00
  0.13200000E+01  0.17800000E+01  0.11374686E+00
  0.13200000E+01  0.18000000E+01  0.11487062E+00
  0.13200000E+01  0.18200000E+01  0.11595068E+00
  0.13200000E+01  0.18400000E+01  0.11698531E+00
  0.13200000E+01  0.18600000E+01  0.11797291E+00
  0.13200000E+01  0.18800000E+01  0.11891205E+00
  0.13200000E+01  0.19000000E+01  0.11980148E+00
  0.13200000E+01  0.19200000E+01  0.12064012E+00
  0.13200000E+01  0.19400000E+01  0.12142714E+00
  0.13200000E+01  0.19600000E+01  0.12216193E+00
  0.13200000E+01  0.19800000E+01  0.12284413E+00
  0.13200000E+01  0.20000000E+01  0.12347369E+00
  0.13400000E+01  0.00000000E+00  0.16848741E-01
  0.13400000E+01  0.20000000E-01  0.17990566E-01
  0.13400000E+01  0.39999999E-01  0.19018895E-01
  0.13400000E+01  0.59999999E-01  0.19934321E-01
  0.13400000E+01  0.79999998E-01  0.20738193E-01
  0.13400000E+01  0.99999998E-01  0.21432881E-01
  0.13400000E+01  0.12000000E+00  0.22022107E-01
  0.13400000E+01  0.14000000E+00  0.22511391E-01
  0.13400000E+01  0.16000000E+00  0.22908635E-01
  0.13400000E+01  0.18000000E+00  0.23224951E-01
  0.13400000E+01  0.20000000E+00  0.23475858E-01
  0.13400000E+01  0.22000000E+00  0.23683185E-01
  0.13400000E+01  0.23999999E+00  0.23878373E-01
  0.13400000E+01  0.25999999E+00  0.24109227E-01
  0.13400000E+01  0.27999999E+00  0.24458345E-01
  0.13400000E+01  0.29999999E+00  0.25182190E-01
  0.13400000E+01  0.31999999E+00  0.26180806E-01
  0.13400000E+01  0.33999999E+00  0.27169838E-01
  0.13400000E+01  0.35999999E+00  0.28150818E-01
  0.13400000E+01  0.37999999E+00  0.29125257E-01
  0.13400000E+01  0.39999999E+00  0.30094652E-01
  0.13400000E+01  0.41999999E+00  0.31060480E-01
  0.13400000E+01  0.43999999E+00  0.32024198E-01
  0.13400000E+01  0.45999999E+00  0.32987240E-01
  0.13400000E+01  0.47999999E+00  0.33951021E-01
  0.13400000E+01  0.49999999E+00  0.34916926E-01
  0.13400000E+01  0.51999999E+00  0.35886320E-01
  0.13400000E+01  0.53999999E+00  0.36860537E-01
  0.13400000E+01  0.55999999E+00  0.37840882E-01
  0.13400000E+01  0.57999999E+00  0.38828631E-01
  0.13400000E+01  0.59999999E+00  0.39825027E-01
  0.13400000E+01  0.61999999E+00  0.40831276E-01
  0.13400000E+01  0.63999999E+00  0.41848550E-01
  0.13400000E+01  0.65999999E+00  0.42877981E-01
  0.13400000E+01  0.67999998E+00  0.43920655E-01
  0.13400000E+01  0.69999998E+00  0.44977618E-01
  0.13400000E+01  0.71999998E+00  0.46049864E-01
  0.13400000E+01  0.73999998E+00  0.47138336E-01
  0.13400000E+01  0.75999998E+00  0.48243919E-01
  0.13400000E+01  0.77999998E+00  0.49367440E-01
  0.13400000E+01  0.79999998E+00  0.50509659E-01
  0.13400000E+01  0.81999998E+00  0.51671265E-01
  0.13400000E+01  0.83999998E+00  0.52852873E-01
  0.13400000E+01  0.85999998E+00  0.54055012E-01
  0.13400000E+01  0.87999998E+00  0.55278125E-01
  0.13400000E+01  0.89999998E+00  0.56522558E-01
  0.13400000E+01  0.91999998E+00  0.57788551E-01
  0.13400000E+01  0.93999998E+00  0.59076232E-01
  0.13400000E+01  0.95999998E+00  0.60385610E-01
  0.13400000E+01  0.97999998E+00  0.61716558E-01
  0.13400000E+01  0.99999998E+00  0.63068811E-01
  0.13400000E+01  0.10200000E+01  0.64441946E-01
  0.13400000E+01  0.10400000E+01  0.65835378E-01
  0.13400000E+01  0.10600000E+01  0.67248339E-01
  0.13400000E+01  0.10800000E+01  0.68679870E-01
  0.13400000E+01  0.11000000E+01  0.70128798E-01
  0.13400000E+01  0.11200000E+01  0.71593726E-01
  0.13400000E+01  0.11400000E+01  0.73073004E-01
  0.13400000E+01  0.11600000E+01  0.74564714E-01
  0.13400000E+01  0.11800000E+01  0.76066639E-01
  0.13400000E+01  0.12000000E+01  0.77576234E-01
  0.13400000E+01  0.12200000E+01  0.79090587E-01
  0.13400000E+01  0.12400000E+01  0.80606370E-01
  0.13400000E+01  0.12600000E+01  0.82119782E-01
  0.13400000E+01  0.12800000E+01  0.83626467E-01
  0.13400000E+01  0.13000000E+01  0.85121405E-01
  0.13400000E+01  0.13200000E+01  0.86598752E-01
  0.13400000E+01  0.13400000E+01  0.88051618E-01
  0.13400000E+01  0.13600000E+01  0.89471696E-01
  0.13400000E+01  0.13800000E+01  0.90848687E-01
  0.13400000E+01  0.14000000E+01  0.92169262E-01
  0.13400000E+01  0.14200000E+01  0.93415090E-01
  0.13400000E+01  0.14400000E+01  0.94558579E-01
  0.13400000E+01  0.14600000E+01  0.95551783E-01
  0.13400000E+01  0.14800000E+01  0.96286638E-01
  0.13400000E+01  0.15000000E+01  0.96233380E-01
  0.13400000E+01  0.15200000E+01  0.96803927E-01
  0.13400000E+01  0.15400000E+01  0.98296607E-01
  0.13400000E+01  0.15600000E+01  0.99772782E-01
  0.13400000E+01  0.15800000E+01  0.10123020E+00
  0.13400000E+01  0.16000000E+01  0.10266658E+00
  0.13400000E+01  0.16200000E+01  0.10407965E+00
  0.13400000E+01  0.16400000E+01  0.10546709E+00
  0.13400000E+01  0.16600000E+01  0.10682662E+00
  0.13400000E+01  0.16800000E+01  0.10815598E+00
  0.13400000E+01  0.17000000E+01  0.10945290E+00
  0.13400000E+01  0.17200000E+01  0.11071519E+00
  0.13400000E+01  0.17400000E+01  0.11194069E+00
  0.13400000E+01  0.17600000E+01  0.11312732E+00
  0.13400000E+01  0.17800000E+01  0.11427307E+00
  0.13400000E+01  0.18000000E+01  0.11537605E+00
  0.13400000E+01  0.18200000E+01  0.11643447E+00
  0.13400000E+01  0.18400000E+01  0.11744668E+00
  0.13400000E+01  0.18600000E+01  0.11841116E+00
  0.13400000E+01  0.18800000E+01  0.11932661E+00
  0.13400000E+01  0.19000000E+01  0.12019186E+00
  0.13400000E+01  0.19200000E+01  0.12100600E+00
  0.13400000E+01  0.19400000E+01  0.12176833E+00
  0.13400000E+01  0.19600000E+01  0.12247841E+00
  0.13400000E+01  0.19800000E+01  0.12313605E+00
  0.13400000E+01  0.20000000E+01  0.12374140E+00
  0.13600000E+01  0.00000000E+00  0.17069500E-01
  0.13600000E+01  0.20000000E-01  0.18153813E-01
  0.13600000E+01  0.39999999E-01  0.19119742E-01
  0.13600000E+01  0.59999999E-01  0.19968593E-01
  0.13600000E+01  0.79999998E-01  0.20702709E-01
  0.13600000E+01  0.99999998E-01  0.21325823E-01
  0.13600000E+01  0.12000000E+00  0.21843515E-01
  0.13600000E+01  0.14000000E+00  0.22263815E-01
  0.13600000E+01  0.16000000E+00  0.22598062E-01
  0.13600000E+01  0.18000000E+00  0.22862149E-01
  0.13600000E+01  0.20000000E+00  0.23078491E-01
  0.13600000E+01  0.22000000E+00  0.23279450E-01
  0.13600000E+01  0.23999999E+00  0.23514361E-01
  0.13600000E+01  0.25999999E+00  0.23868782E-01
  0.13600000E+01  0.27999999E+00  0.24607771E-01
  0.13600000E+01  0.29999999E+00  0.25622366E-01
  0.13600000E+01  0.31999999E+00  0.26625343E-01
  0.13600000E+01  0.33999999E+00  0.27618242E-01
  0.13600000E+01  0.35999999E+00  0.28602586E-01
  0.13600000E+01  0.37999999E+00  0.29579888E-01
  0.13600000E+01  0.39999999E+00  0.30551644E-01
  0.13600000E+01  0.41999999E+00  0.31519337E-01
  0.13600000E+01  0.43999999E+00  0.32484431E-01
  0.13600000E+01  0.45999999E+00  0.33448371E-01
  0.13600000E+01  0.47999999E+00  0.34412584E-01
  0.13600000E+01  0.49999999E+00  0.35378473E-01
  0.13600000E+01  0.51999999E+00  0.36347423E-01
  0.13600000E+01  0.53999999E+00  0.37320792E-01
  0.13600000E+01  0.55999999E+00  0.38299912E-01
  0.13600000E+01  0.57999999E+00  0.39286090E-01
  0.13600000E+01  0.59999999E+00  0.40280603E-01
  0.13600000E+01  0.61999999E+00  0.41284698E-01
  0.13600000E+01  0.63999999E+00  0.42299587E-01
  0.13600000E+01  0.65999999E+00  0.43326449E-01
  0.13600000E+01  0.67999998E+00  0.44366423E-01
  0.13600000E+01  0.69999998E+00  0.45420607E-01
  0.13600000E+01  0.71999998E+00  0.46490053E-01
  0.13600000E+01  0.73999998E+00  0.47575767E-01
  0.13600000E+01  0.75999998E+00  0.48678702E-01
  0.13600000E+01  0.77999998E+00  0.49799751E-01
  0.13600000E+01  0.79999998E+00  0.50939749E-01
  0.13600000E+01  0.81999998E+00  0.52099459E-01
  0.13600000E+01  0.83999998E+00  0.53279575E-01
  0.13600000E+01  0.85999998E+00  0.54480706E-01
  0.13600000E+01  0.87999998E+00  0.55703375E-01
  0.13600000E+01  0.89999998E+00  0.56948011E-01
  0.13600000E+01  0.91999998E+00  0.58214934E-01
  0.13600000E+01  0.93999998E+00  0.59504354E-01
  0.13600000E+01  0.95999998E+00  0.60816352E-01
  0.13600000E+01  0.97999998E+00  0.62150877E-01
  0.13600000E+01  0.99999998E+00  0.63507726E-01
  0.13600000E+01  0.10200000E+01  0.64886535E-01
  0.13600000E+01  0.10400000E+01  0.66286760E-01
  0.13600000E+01  0.10600000E+01  0.67707665E-01
  0.13600000E+01  0.10800000E+01  0.69148298E-01
  0.13600000E+01  0.11000000E+01  0.70607475E-01
  0.13600000E+01  0.11200000E+01  0.72083751E-01
  0.13600000E+01  0.11400000E+01  0.73575397E-01
  0.13600000E+01  0.11600000E+01  0.75080367E-01
  0.13600000E+01  0.11800000E+01  0.76596256E-01
  0.13600000E+01  0.12000000E+01  0.78120261E-01
  0.13600000E+01  0.12200000E+01  0.79649116E-01
  0.13600000E+01  0.12400000E+01  0.81179026E-01
  0.13600000E+01  0.12600000E+01  0.82705563E-01
  0.13600000E+01  0.12800000E+01  0.84223545E-01
  0.13600000E+01  0.13000000E+01  0.85726842E-01
  0.13600000E+01  0.13200000E+01  0.87208116E-01
  0.13600000E+01  0.13400000E+01  0.88658406E-01
  0.13600000E+01  0.13600000E+01  0.90066462E-01
  0.13600000E+01  0.13800000E+01  0.91417587E-01
  0.13600000E+01  0.14000000E+01  0.92691449E-01
  0.13600000E+01  0.14200000E+01  0.93857374E-01
  0.13600000E+01  0.14400000E+01  0.94862241E-01
  0.13600000E+01  0.14600000E+01  0.95587337E-01
  0.13600000E+01  0.14800000E+01  0.95459312E-01
  0.13600000E+01  0.15000000E+01  0.95973650E-01
  0.13600000E+01  0.15200000E+01  0.97473902E-01
  0.13600000E+01  0.15400000E+01  0.98958829E-01
  0.13600000E+01  0.15600000E+01  0.10042619E+00
  0.13600000E+01  0.15800000E+01  0.10187373E+00
  0.13600000E+01  0.16000000E+01  0.10329914E+00
  0.13600000E+01  0.16200000E+01  0.10470015E+00
  0.13600000E+01  0.16400000E+01  0.10607445E+00
  0.13600000E+01  0.16600000E+01  0.10741975E+00
  0.13600000E+01  0.16800000E+01  0.10873380E+00
  0.13600000E+01  0.17000000E+01  0.11001438E+00
  0.13600000E+01  0.17200000E+01  0.11125929E+00
  0.13600000E+01  0.17400000E+01  0.11246643E+00
  0.13600000E+01  0.17600000E+01  0.11363375E+00
  0.13600000E+01  0.17800000E+01  0.11475931E+00
  0.13600000E+01  0.18000000E+01  0.11584128E+00
  0.13600000E+01  0.18200000E+01  0.11687793E+00
  0.13600000E+01  0.18400000E+01  0.11786772E+00
  0.13600000E+01  0.18600000E+01  0.11880924E+00
  0.13600000E+01  0.18800000E+01  0.11970127E+00
  0.13600000E+01  0.19000000E+01  0.12054281E+00
  0.13600000E+01  0.19200000E+01  0.12133307E+00
  0.13600000E+01  0.19400000E+01  0.12207152E+00
  0.13600000E+01  0.19600000E+01  0.12275788E+00
  0.13600000E+01  0.19800000E+01  0.12339217E+00
  0.13600000E+01  0.20000000E+01  0.12397474E+00
  0.13800000E+01  0.00000000E+00  0.17227256E-01
  0.13800000E+01  0.20000000E-01  0.18248152E-01
  0.13800000E+01  0.39999999E-01  0.19146379E-01
  0.13800000E+01  0.59999999E-01  0.19924256E-01
  0.13800000E+01  0.79999998E-01  0.20585524E-01
  0.13800000E+01  0.99999998E-01  0.21135816E-01
  0.13800000E+01  0.12000000E+00  0.21583290E-01
  0.13800000E+01  0.14000000E+00  0.21939505E-01
  0.13800000E+01  0.16000000E+00  0.22220720E-01
  0.13800000E+01  0.18000000E+00  0.22449925E-01
  0.13800000E+01  0.20000000E+00  0.22660397E-01
  0.13800000E+01  0.22000000E+00  0.22902994E-01
  0.13800000E+01  0.23999999E+00  0.23266261E-01
  0.13800000E+01  0.25999999E+00  0.24023837E-01
  0.13800000E+01  0.27999999E+00  0.25056800E-01
  0.13800000E+01  0.29999999E+00  0.26076078E-01
  0.13800000E+01  0.31999999E+00  0.27083211E-01
  0.13800000E+01  0.33999999E+00  0.28079729E-01
  0.13800000E+01  0.35999999E+00  0.29067155E-01
  0.13800000E+01  0.37999999E+00  0.30047003E-01
  0.13800000E+01  0.39999999E+00  0.31020772E-01
  0.13800000E+01  0.41999999E+00  0.31989951E-01
  0.13800000E+01  0.43999999E+00  0.32956015E-01
  0.13800000E+01  0.45999999E+00  0.33920422E-01
  0.13800000E+01  0.47999999E+00  0.34884616E-01
  0.13800000E+01  0.49999999E+00  0.35850023E-01
  0.13800000E+01  0.51999999E+00  0.36818049E-01
  0.13800000E+01  0.53999999E+00  0.37790081E-01
  0.13800000E+01  0.55999999E+00  0.38767486E-01
  0.13800000E+01  0.57999999E+00  0.39751606E-01
  0.13800000E+01  0.59999999E+00  0.40743759E-01
  0.13800000E+01  0.61999999E+00  0.41745237E-01
  0.13800000E+01  0.63999999E+00  0.42757302E-01
  0.13800000E+01  0.65999999E+00  0.43781187E-01
  0.13800000E+01  0.67999998E+00  0.44818089E-01
  0.13800000E+01  0.69999998E+00  0.45869168E-01
  0.13800000E+01  0.71999998E+00  0.46935545E-01
  0.13800000E+01  0.73999998E+00  0.48018297E-01
  0.13800000E+01  0.75999998E+00  0.49118450E-01
  0.13800000E+01  0.77999998E+00  0.50236978E-01
  0.13800000E+01  0.79999998E+00  0.51374798E-01
  0.13800000E+01  0.81999998E+00  0.52532759E-01
  0.13800000E+01  0.83999998E+00  0.53711641E-01
  0.13800000E+01  0.85999998E+00  0.54912143E-01
  0.13800000E+01  0.87999998E+00  0.56134878E-01
  0.13800000E+01  0.89999998E+00  0.57380364E-01
  0.13800000E+01  0.91999998E+00  0.58649010E-01
  0.13800000E+01  0.93999998E+00  0.59941110E-01
  0.13800000E+01  0.95999998E+00  0.61256827E-01
  0.13800000E+01  0.97999998E+00  0.62596181E-01
  0.13800000E+01  0.99999998E+00  0.63959034E-01
  0.13800000E+01  0.10200000E+01  0.65345071E-01
  0.13800000E+01  0.10400000E+01  0.66753785E-01
  0.13800000E+01  0.10600000E+01  0.68184451E-01
  0.13800000E+01  0.10800000E+01  0.69636106E-01
  0.13800000E+01  0.11000000E+01  0.71107519E-01
  0.13800000E+01  0.11200000E+01  0.72597158E-01
  0.13800000E+01  0.11400000E+01  0.74103158E-01
  0.13800000E+01  0.11600000E+01  0.75623267E-01
  0.13800000E+01  0.11800000E+01  0.77154801E-01
  0.13800000E+01  0.12000000E+01  0.78694569E-01
  0.13800000E+01  0.12200000E+01  0.80238792E-01
  0.13800000E+01  0.12400000E+01  0.81782987E-01
  0.13800000E+01  0.12600000E+01  0.83321818E-01
  0.13800000E+01  0.12800000E+01  0.84848882E-01
  0.13800000E+01  0.13000000E+01  0.86356406E-01
  0.13800000E+01  0.13200000E+01  0.87834780E-01
  0.13800000E+01  0.13400000E+01  0.89271806E-01
  0.13800000E+01  0.13600000E+01  0.90651422E-01
  0.13800000E+01  0.13800000E+01  0.91951276E-01
  0.13800000E+01  0.14000000E+01  0.93137592E-01
  0.13800000E+01  0.14200000E+01  0.94152007E-01
  0.13800000E+01  0.14400000E+01  0.94865000E-01
  0.13800000E+01  0.14600000E+01  0.94658871E-01
  0.13800000E+01  0.14800000E+01  0.95114558E-01
  0.13800000E+01  0.15000000E+01  0.96621261E-01
  0.13800000E+01  0.15200000E+01  0.98113841E-01
  0.13800000E+01  0.15400000E+01  0.99590078E-01
  0.13800000E+01  0.15600000E+01  0.10104772E+00
  0.13800000E+01  0.15800000E+01  0.10248449E+00
  0.13800000E+01  0.16000000E+01  0.10389809E+00
  0.13800000E+01  0.16200000E+01  0.10528624E+00
  0.13800000E+01  0.16400000E+01  0.10664664E+00
  0.13800000E+01  0.16600000E+01  0.10797702E+00
  0.13800000E+01  0.16800000E+01  0.10927514E+00
  0.13800000E+01  0.17000000E+01  0.11053880E+00
  0.13800000E+01  0.17200000E+01  0.11176585E+00
  0.13800000E+01  0.17400000E+01  0.11295423E+00
  0.13800000E+01  0.17600000E+01  0.11410194E+00
  0.13800000E+01  0.17800000E+01  0.11520711E+00
  0.13800000E+01  0.18000000E+01  0.11626798E+00
  0.13800000E+01  0.18200000E+01  0.11728292E+00
  0.13800000E+01  0.18400000E+01  0.11825047E+00
  0.13800000E+01  0.18600000E+01  0.11916934E+00
  0.13800000E+01  0.18800000E+01  0.12003844E+00
  0.13800000E+01  0.19000000E+01  0.12085691E+00
  0.13800000E+01  0.19200000E+01  0.12162411E+00
  0.13800000E+01  0.19400000E+01  0.12233968E+00
  0.13800000E+01  0.19600000E+01  0.12300355E+00
  0.13800000E+01  0.19800000E+01  0.12361592E+00
  0.13800000E+01  0.20000000E+01  0.12417737E+00
  0.14000000E+01  0.00000000E+00  0.17315961E-01
  0.14000000E+01  0.20000000E-01  0.18268058E-01
  0.14000000E+01  0.39999999E-01  0.19094125E-01
  0.14000000E+01  0.59999999E-01  0.19797907E-01
  0.14000000E+01  0.79999998E-01  0.20385090E-01
  0.14000000E+01  0.99999998E-01  0.20863950E-01
  0.14000000E+01  0.12000000E+00  0.21246263E-01
  0.14000000E+01  0.14000000E+00  0.21548643E-01
  0.14000000E+01  0.16000000E+00  0.21794646E-01
  0.14000000E+01  0.18000000E+00  0.22018452E-01
  0.14000000E+01  0.20000000E+00  0.22272429E-01
  0.14000000E+01  0.22000000E+00  0.22648126E-01
  0.14000000E+01  0.23999999E+00  0.23427705E-01
  0.14000000E+01  0.25999999E+00  0.24481481E-01
  0.14000000E+01  0.27999999E+00  0.25519474E-01
  0.14000000E+01  0.29999999E+00  0.26543220E-01
  0.14000000E+01  0.31999999E+00  0.27554251E-01
  0.14000000E+01  0.33999999E+00  0.28554094E-01
  0.14000000E+01  0.35999999E+00  0.29544271E-01
  0.14000000E+01  0.37999999E+00  0.30526298E-01
  0.14000000E+01  0.39999999E+00  0.31501682E-01
  0.14000000E+01  0.41999999E+00  0.32471921E-01
  0.14000000E+01  0.43999999E+00  0.33438503E-01
  0.14000000E+01  0.45999999E+00  0.34402903E-01
  0.14000000E+01  0.47999999E+00  0.35366587E-01
  0.14000000E+01  0.49999999E+00  0.36331005E-01
  0.14000000E+01  0.51999999E+00  0.37297593E-01
  0.14000000E+01  0.53999999E+00  0.38267774E-01
  0.14000000E+01  0.55999999E+00  0.39242950E-01
  0.14000000E+01  0.57999999E+00  0.40224507E-01
  0.14000000E+01  0.59999999E+00  0.41213812E-01
  0.14000000E+01  0.61999999E+00  0.42212209E-01
  0.14000000E+01  0.63999999E+00  0.43221018E-01
  0.14000000E+01  0.65999999E+00  0.44241532E-01
  0.14000000E+01  0.67999998E+00  0.45275017E-01
  0.14000000E+01  0.69999998E+00  0.46322705E-01
  0.14000000E+01  0.71999998E+00  0.47385793E-01
  0.14000000E+01  0.73999998E+00  0.48465440E-01
  0.14000000E+01  0.75999998E+00  0.49562756E-01
  0.14000000E+01  0.77999998E+00  0.50678806E-01
  0.14000000E+01  0.79999998E+00  0.51814598E-01
  0.14000000E+01  0.81999998E+00  0.52971077E-01
  0.14000000E+01  0.83999998E+00  0.54149119E-01
  0.14000000E+01  0.85999998E+00  0.55349524E-01
  0.14000000E+01  0.87999998E+00  0.56573001E-01
  0.14000000E+01  0.89999998E+00  0.57820166E-01
  0.14000000E+01  0.91999998E+00  0.59091522E-01
  0.14000000E+01  0.93999998E+00  0.60387451E-01
  0.14000000E+01  0.95999998E+00  0.61708199E-01
  0.14000000E+01  0.97999998E+00  0.63053857E-01
  0.14000000E+01  0.99999998E+00  0.64424343E-01
  0.14000000E+01  0.10200000E+01  0.65819385E-01
  0.14000000E+01  0.10400000E+01  0.67238492E-01
  0.14000000E+01  0.10600000E+01  0.68680928E-01
  0.14000000E+01  0.10800000E+01  0.70145684E-01
  0.14000000E+01  0.11000000E+01  0.71631436E-01
  0.14000000E+01  0.11200000E+01  0.73136508E-01
  0.14000000E+01  0.11400000E+01  0.74658813E-01
  0.14000000E+01  0.11600000E+01  0.76195797E-01
  0.14000000E+01  0.11800000E+01  0.77744357E-01
  0.14000000E+01  0.12000000E+01  0.79300742E-01
  0.14000000E+01  0.12200000E+01  0.80860426E-01
  0.14000000E+01  0.12400000E+01  0.82417934E-01
  0.14000000E+01  0.12600000E+01  0.83966602E-01
  0.14000000E+01  0.12800000E+01  0.85498232E-01
  0.14000000E+01  0.13000000E+01  0.87002573E-01
  0.14000000E+01  0.13200000E+01  0.88466490E-01
  0.14000000E+01  0.13400000E+01  0.89872549E-01
  0.14000000E+01  0.13600000E+01  0.91196378E-01
  0.14000000E+01  0.13800000E+01  0.92401070E-01
  0.14000000E+01  0.14000000E+01  0.93422968E-01
  0.14000000E+01  0.14200000E+01  0.94121603E-01
  0.14000000E+01  0.14400000E+01  0.93834246E-01
  0.14000000E+01  0.14600000E+01  0.94228970E-01
  0.14000000E+01  0.14800000E+01  0.95740984E-01
  0.14000000E+01  0.15000000E+01  0.97240095E-01
  0.14000000E+01  0.15200000E+01  0.98724105E-01
  0.14000000E+01  0.15400000E+01  0.10019078E+00
  0.14000000E+01  0.15600000E+01  0.10163786E+00
  0.14000000E+01  0.15800000E+01  0.10306306E+00
  0.14000000E+01  0.16000000E+01  0.10446409E+00
  0.14000000E+01  0.16200000E+01  0.10583867E+00
  0.14000000E+01  0.16400000E+01  0.10718452E+00
  0.14000000E+01  0.16600000E+01  0.10849938E+00
  0.14000000E+01  0.16800000E+01  0.10978105E+00
  0.14000000E+01  0.17000000E+01  0.11102735E+00
  0.14000000E+01  0.17200000E+01  0.11223619E+00
  0.14000000E+01  0.17400000E+01  0.11340554E+00
  0.14000000E+01  0.17600000E+01  0.11453349E+00
  0.14000000E+01  0.17800000E+01  0.11561822E+00
  0.14000000E+01  0.18000000E+01  0.11665807E+00
  0.14000000E+01  0.18200000E+01  0.11765150E+00
  0.14000000E+01  0.18400000E+01  0.11859716E+00
  0.14000000E+01  0.18600000E+01  0.11949388E+00
  0.14000000E+01  0.18800000E+01  0.12034072E+00
  0.14000000E+01  0.19000000E+01  0.12113696E+00
  0.14000000E+01  0.19200000E+01  0.12188214E+00
  0.14000000E+01  0.19400000E+01  0.12257606E+00
  0.14000000E+01  0.19600000E+01  0.12321886E+00
  0.14000000E+01  0.19800000E+01  0.12381096E+00
  0.14000000E+01  0.20000000E+01  0.12435317E+00
  0.14200000E+01  0.00000000E+00  0.17330110E-01
  0.14200000E+01  0.20000000E-01  0.18208887E-01
  0.14200000E+01  0.39999999E-01  0.18959636E-01
  0.14200000E+01  0.59999999E-01  0.19588091E-01
  0.14200000E+01  0.79999998E-01  0.20102641E-01
  0.14200000E+01  0.99999998E-01  0.20515270E-01
  0.14200000E+01  0.12000000E+00  0.20842937E-01
  0.14200000E+01  0.14000000E+00  0.21109753E-01
  0.14200000E+01  0.16000000E+00  0.21350785E-01
  0.14200000E+01  0.18000000E+00  0.21619896E-01
  0.14200000E+01  0.20000000E+00  0.22011633E-01
  0.14200000E+01  0.22000000E+00  0.22816587E-01
  0.14200000E+01  0.23999999E+00  0.23893669E-01
  0.14200000E+01  0.25999999E+00  0.24952847E-01
  0.14200000E+01  0.27999999E+00  0.25995646E-01
  0.14200000E+01  0.29999999E+00  0.27023592E-01
  0.14200000E+01  0.31999999E+00  0.28038212E-01
  0.14200000E+01  0.33999999E+00  0.29041033E-01
  0.14200000E+01  0.35999999E+00  0.30033578E-01
  0.14200000E+01  0.37999999E+00  0.31017368E-01
  0.14200000E+01  0.39999999E+00  0.31993919E-01
  0.14200000E+01  0.41999999E+00  0.32964743E-01
  0.14200000E+01  0.43999999E+00  0.33931345E-01
  0.14200000E+01  0.45999999E+00  0.34895221E-01
  0.14200000E+01  0.47999999E+00  0.35857863E-01
  0.14200000E+01  0.49999999E+00  0.36820752E-01
  0.14200000E+01  0.51999999E+00  0.37785359E-01
  0.14200000E+01  0.53999999E+00  0.38753146E-01
  0.14200000E+01  0.55999999E+00  0.39725562E-01
  0.14200000E+01  0.57999999E+00  0.40704042E-01
  0.14200000E+01  0.59999999E+00  0.41690009E-01
  0.14200000E+01  0.61999999E+00  0.42684866E-01
  0.14200000E+01  0.63999999E+00  0.43690001E-01
  0.14200000E+01  0.65999999E+00  0.44706779E-01
  0.14200000E+01  0.67999998E+00  0.45736542E-01
  0.14200000E+01  0.69999998E+00  0.46780604E-01
  0.14200000E+01  0.71999998E+00  0.47840249E-01
  0.14200000E+01  0.73999998E+00  0.48916727E-01
  0.14200000E+01  0.75999998E+00  0.50011245E-01
  0.14200000E+01  0.77999998E+00  0.51124968E-01
  0.14200000E+01  0.79999998E+00  0.52259007E-01
  0.14200000E+01  0.81999998E+00  0.53414411E-01
  0.14200000E+01  0.83999998E+00  0.54592166E-01
  0.14200000E+01  0.85999998E+00  0.55793177E-01
  0.14200000E+01  0.87999998E+00  0.57018260E-01
  0.14200000E+01  0.89999998E+00  0.58268134E-01
  0.14200000E+01  0.91999998E+00  0.59543400E-01
  0.14200000E+01  0.93999998E+00  0.60844530E-01
  0.14200000E+01  0.95999998E+00  0.62171850E-01
  0.14200000E+01  0.97999998E+00  0.63525516E-01
  0.14200000E+01  0.99999998E+00  0.64905494E-01
  0.14200000E+01  0.10200000E+01  0.66311533E-01
  0.14200000E+01  0.10400000E+01  0.67743132E-01
  0.14200000E+01  0.10600000E+01  0.69199511E-01
  0.14200000E+01  0.10800000E+01  0.70679564E-01
  0.14200000E+01  0.11000000E+01  0.72181812E-01
  0.14200000E+01  0.11200000E+01  0.73704345E-01
  0.14200000E+01  0.11400000E+01  0.75244751E-01
  0.14200000E+01  0.11600000E+01  0.76800026E-01
  0.14200000E+01  0.11800000E+01  0.78366461E-01
  0.14200000E+01  0.12000000E+01  0.79939500E-01
  0.14200000E+01  0.12200000E+01  0.81513543E-01
  0.14200000E+01  0.12400000E+01  0.83081676E-01
  0.14200000E+01  0.12600000E+01  0.84635289E-01
  0.14200000E+01  0.12800000E+01  0.86163501E-01
  0.14200000E+01  0.13000000E+01  0.87652247E-01
  0.14200000E+01  0.13200000E+01  0.89082727E-01
  0.14200000E+01  0.13400000E+01  0.90428540E-01
  0.14200000E+01  0.13600000E+01  0.91649632E-01
  0.14200000E+01  0.13800000E+01  0.92677007E-01
  0.14200000E+01  0.14000000E+01  0.93359130E-01
  0.14200000E+01  0.14200000E+01  0.92987641E-01
  0.14200000E+01  0.14400000E+01  0.93319226E-01
  0.14200000E+01  0.14600000E+01  0.94835400E-01
  0.14200000E+01  0.14800000E+01  0.96339902E-01
  0.14200000E+01  0.15000000E+01  0.97830561E-01
  0.14200000E+01  0.15200000E+01  0.99305167E-01
  0.14200000E+01  0.15400000E+01  0.10076148E+00
  0.14200000E+01  0.15600000E+01  0.10219723E+00
  0.14200000E+01  0.15800000E+01  0.10361015E+00
  0.14200000E+01  0.16000000E+01  0.10499794E+00
  0.14200000E+01  0.16200000E+01  0.10635834E+00
  0.14200000E+01  0.16400000E+01  0.10768909E+00
  0.14200000E+01  0.16600000E+01  0.10898796E+00
  0.14200000E+01  0.16800000E+01  0.11025277E+00
  0.14200000E+01  0.17000000E+01  0.11148139E+00
  0.14200000E+01  0.17200000E+01  0.11267179E+00
  0.14200000E+01  0.17400000E+01  0.11382201E+00
  0.14200000E+01  0.17600000E+01  0.11493018E+00
  0.14200000E+01  0.17800000E+01  0.11599459E+00
  0.14200000E+01  0.18000000E+01  0.11701365E+00
  0.14200000E+01  0.18200000E+01  0.11798595E+00
  0.14200000E+01  0.18400000E+01  0.11891025E+00
  0.14200000E+01  0.18600000E+01  0.11978553E+00
  0.14200000E+01  0.18800000E+01  0.12061096E+00
  0.14200000E+01  0.19000000E+01  0.12138601E+00
  0.14200000E+01  0.19200000E+01  0.12211039E+00
  0.14200000E+01  0.19400000E+01  0.12278410E+00
  0.14200000E+01  0.19600000E+01  0.12340747E+00
  0.14200000E+01  0.19800000E+01  0.12398117E+00
  0.14200000E+01  0.20000000E+01  0.12450622E+00
  0.14400000E+01  0.00000000E+00  0.17265085E-01
  0.14400000E+01  0.20000000E-01  0.18067344E-01
  0.14400000E+01  0.39999999E-01  0.18741539E-01
  0.14400000E+01  0.59999999E-01  0.19296167E-01
  0.14400000E+01  0.79999998E-01  0.19743412E-01
  0.14400000E+01  0.99999998E-01  0.20100570E-01
  0.14400000E+01  0.12000000E+00  0.20392288E-01
  0.14400000E+01  0.14000000E+00  0.20654504E-01
  0.14400000E+01  0.16000000E+00  0.20942549E-01
  0.14400000E+01  0.18000000E+00  0.21353950E-01
  0.14400000E+01  0.20000000E+00  0.22187592E-01
  0.14400000E+01  0.22000000E+00  0.23290518E-01
  0.14400000E+01  0.23999999E+00  0.24373400E-01
  0.14400000E+01  0.25999999E+00  0.25437747E-01
  0.14400000E+01  0.27999999E+00  0.26485073E-01
  0.14400000E+01  0.29999999E+00  0.27516898E-01
  0.14400000E+01  0.31999999E+00  0.28534745E-01
  0.14400000E+01  0.33999999E+00  0.29540143E-01
  0.14400000E+01  0.35999999E+00  0.30534619E-01
  0.14400000E+01  0.37999999E+00  0.31519703E-01
  0.14400000E+01  0.39999999E+00  0.32496924E-01
  0.14400000E+01  0.41999999E+00  0.33467810E-01
  0.14400000E+01  0.43999999E+00  0.34433888E-01
  0.14400000E+01  0.45999999E+00  0.35396682E-01
  0.14400000E+01  0.47999999E+00  0.36357714E-01
  0.14400000E+01  0.49999999E+00  0.37318501E-01
  0.14400000E+01  0.51999999E+00  0.38280558E-01
  0.14400000E+01  0.53999999E+00  0.39245391E-01
  0.14400000E+01  0.55999999E+00  0.40214502E-01
  0.14400000E+01  0.57999999E+00  0.41189388E-01
  0.14400000E+01  0.59999999E+00  0.42171531E-01
  0.14400000E+01  0.61999999E+00  0.43162408E-01
  0.14400000E+01  0.63999999E+00  0.44163481E-01
  0.14400000E+01  0.65999999E+00  0.45176197E-01
  0.14400000E+01  0.67999998E+00  0.46201985E-01
  0.14400000E+01  0.69999998E+00  0.47242252E-01
  0.14400000E+01  0.71999998E+00  0.48298381E-01
  0.14400000E+01  0.73999998E+00  0.49371723E-01
  0.14400000E+01  0.75999998E+00  0.50463595E-01
  0.14400000E+01  0.77999998E+00  0.51575272E-01
  0.14400000E+01  0.79999998E+00  0.52707977E-01
  0.14400000E+01  0.81999998E+00  0.53862878E-01
  0.14400000E+01  0.83999998E+00  0.55041075E-01
  0.14400000E+01  0.85999998E+00  0.56243590E-01
  0.14400000E+01  0.87999998E+00  0.57471351E-01
  0.14400000E+01  0.89999998E+00  0.58725184E-01
  0.14400000E+01  0.91999998E+00  0.60005790E-01
  0.14400000E+01  0.93999998E+00  0.61313730E-01
  0.14400000E+01  0.95999998E+00  0.62649402E-01
  0.14400000E+01  0.97999998E+00  0.64013016E-01
  0.14400000E+01  0.99999998E+00  0.65404566E-01
  0.14400000E+01  0.10200000E+01  0.66823793E-01
  0.14400000E+01  0.10400000E+01  0.68270154E-01
  0.14400000E+01  0.10600000E+01  0.69742768E-01
  0.14400000E+01  0.10800000E+01  0.71240364E-01
  0.14400000E+01  0.11000000E+01  0.72761220E-01
  0.14400000E+01  0.11200000E+01  0.74303075E-01
  0.14400000E+01  0.11400000E+01  0.75863038E-01
  0.14400000E+01  0.11600000E+01  0.77437457E-01
  0.14400000E+01  0.11800000E+01  0.79021757E-01
  0.14400000E+01  0.12000000E+01  0.80610225E-01
  0.14400000E+01  0.12200000E+01  0.82195715E-01
  0.14400000E+01  0.12400000E+01  0.83769217E-01
  0.14400000E+01  0.12600000E+01  0.85319232E-01
  0.14400000E+01  0.12800000E+01  0.86830771E-01
  0.14400000E+01  0.13000000E+01  0.88283678E-01
  0.14400000E+01  0.13200000E+01  0.89649519E-01
  0.14400000E+01  0.13400000E+01  0.90885084E-01
  0.14400000E+01  0.13600000E+01  0.91915995E-01
  0.14400000E+01  0.13800000E+01  0.92579554E-01
  0.14400000E+01  0.14000000E+01  0.92121265E-01
  0.14400000E+01  0.14200000E+01  0.92387681E-01
  0.14400000E+01  0.14400000E+01  0.93906856E-01
  0.14400000E+01  0.14600000E+01  0.95415597E-01
  0.14400000E+01  0.14800000E+01  0.96911764E-01
  0.14400000E+01  0.15000000E+01  0.98393177E-01
  0.14400000E+01  0.15200000E+01  0.99857619E-01
  0.14400000E+01  0.15400000E+01  0.10130285E+00
  0.14400000E+01  0.15600000E+01  0.10272659E+00
  0.14400000E+01  0.15800000E+01  0.10412660E+00
  0.14400000E+01  0.16000000E+01  0.10550058E+00
  0.14400000E+01  0.16200000E+01  0.10684629E+00
  0.14400000E+01  0.16400000E+01  0.10816150E+00
  0.14400000E+01  0.16600000E+01  0.10944401E+00
  0.14400000E+01  0.16800000E+01  0.11069169E+00
  0.14400000E+01  0.17000000E+01  0.11190247E+00
  0.14400000E+01  0.17200000E+01  0.11307435E+00
  0.14400000E+01  0.17400000E+01  0.11420545E+00
  0.14400000E+01  0.17600000E+01  0.11529399E+00
  0.14400000E+01  0.17800000E+01  0.11633835E+00
  0.14400000E+01  0.18000000E+01  0.11733704E+00
  0.14400000E+01  0.18200000E+01  0.11828877E+00
  0.14400000E+01  0.18400000E+01  0.11919243E+00
  0.14400000E+01  0.18600000E+01  0.12004712E+00
  0.14400000E+01  0.18800000E+01  0.12085221E+00
  0.14400000E+01  0.19000000E+01  0.12160731E+00
  0.14400000E+01  0.19200000E+01  0.12231232E+00
  0.14400000E+01  0.19400000E+01  0.12296745E+00
  0.14400000E+01  0.19600000E+01  0.12357325E+00
  0.14400000E+01  0.19800000E+01  0.12413061E+00
  0.14400000E+01  0.20000000E+01  0.12464081E+00
  0.14600000E+01  0.00000000E+00  0.17117631E-01
  0.14600000E+01  0.20000000E-01  0.17842117E-01
  0.14600000E+01  0.39999999E-01  0.18441294E-01
  0.14600000E+01  0.59999999E-01  0.18927536E-01
  0.14600000E+01  0.79999998E-01  0.19318460E-01
  0.14600000E+01  0.99999998E-01  0.19639238E-01
  0.14600000E+01  0.12000000E+00  0.19926652E-01
  0.14600000E+01  0.14000000E+00  0.20237475E-01
  0.14600000E+01  0.16000000E+00  0.20672171E-01
  0.14600000E+01  0.18000000E+00  0.21537735E-01
  0.14600000E+01  0.20000000E+00  0.22669082E-01
  0.14600000E+01  0.22000000E+00  0.23778235E-01
  0.14600000E+01  0.23999999E+00  0.24866677E-01
  0.14600000E+01  0.25999999E+00  0.25935903E-01
  0.14600000E+01  0.27999999E+00  0.26987421E-01
  0.14600000E+01  0.29999999E+00  0.28022745E-01
  0.14600000E+01  0.31999999E+00  0.29043401E-01
  0.14600000E+01  0.33999999E+00  0.30050919E-01
  0.14600000E+01  0.35999999E+00  0.31046835E-01
  0.14600000E+01  0.37999999E+00  0.32032691E-01
  0.14600000E+01  0.39999999E+00  0.33010034E-01
  0.14600000E+01  0.41999999E+00  0.33980413E-01
  0.14600000E+01  0.43999999E+00  0.34945381E-01
  0.14600000E+01  0.45999999E+00  0.35906496E-01
  0.14600000E+01  0.47999999E+00  0.36865315E-01
  0.14600000E+01  0.49999999E+00  0.37823401E-01
  0.14600000E+01  0.51999999E+00  0.38782316E-01
  0.14600000E+01  0.53999999E+00  0.39743622E-01
  0.14600000E+01  0.55999999E+00  0.40708883E-01
  0.14600000E+01  0.57999999E+00  0.41679661E-01
  0.14600000E+01  0.59999999E+00  0.42657514E-01
  0.14600000E+01  0.61999999E+00  0.43643997E-01
  0.14600000E+01  0.63999999E+00  0.44640660E-01
  0.14600000E+01  0.65999999E+00  0.45649042E-01
  0.14600000E+01  0.67999998E+00  0.46670671E-01
  0.14600000E+01  0.69999998E+00  0.47707059E-01
  0.14600000E+01  0.71999998E+00  0.48759697E-01
  0.14600000E+01  0.73999998E+00  0.49830054E-01
  0.14600000E+01  0.75999998E+00  0.50919564E-01
  0.14600000E+01  0.77999998E+00  0.52029624E-01
  0.14600000E+01  0.79999998E+00  0.53161584E-01
  0.14600000E+01  0.81999998E+00  0.54316737E-01
  0.14600000E+01  0.83999998E+00  0.55496307E-01
  0.14600000E+01  0.85999998E+00  0.56701438E-01
  0.14600000E+01  0.87999998E+00  0.57933177E-01
  0.14600000E+01  0.89999998E+00  0.59192457E-01
  0.14600000E+01  0.91999998E+00  0.60480078E-01
  0.14600000E+01  0.93999998E+00  0.61796683E-01
  0.14600000E+01  0.95999998E+00  0.63142729E-01
  0.14600000E+01  0.97999998E+00  0.64518461E-01
  0.14600000E+01  0.99999998E+00  0.65923869E-01
  0.14600000E+01  0.10200000E+01  0.67358653E-01
  0.14600000E+01  0.10400000E+01  0.68822165E-01
  0.14600000E+01  0.10600000E+01  0.70313354E-01
  0.14600000E+01  0.10800000E+01  0.71830693E-01
  0.14600000E+01  0.11000000E+01  0.73372087E-01
  0.14600000E+01  0.11200000E+01  0.74934768E-01
  0.14600000E+01  0.11400000E+01  0.76515153E-01
  0.14600000E+01  0.11600000E+01  0.78108665E-01
  0.14600000E+01  0.11800000E+01  0.79709493E-01
  0.14600000E+01  0.12000000E+01  0.81310268E-01
  0.14600000E+01  0.12200000E+01  0.82901599E-01
  0.14600000E+01  0.12400000E+01  0.84471379E-01
  0.14600000E+01  0.12600000E+01  0.86003711E-01
  0.14600000E+01  0.12800000E+01  0.87477086E-01
  0.14600000E+01  0.13000000E+01  0.88861042E-01
  0.14600000E+01  0.13200000E+01  0.90109201E-01
  0.14600000E+01  0.13400000E+01  0.91141783E-01
  0.14600000E+01  0.13600000E+01  0.91784839E-01
  0.14600000E+01  0.13800000E+01  0.91237324E-01
  0.14600000E+01  0.14000000E+01  0.91436692E-01
  0.14600000E+01  0.14200000E+01  0.92957709E-01
  0.14600000E+01  0.14400000E+01  0.94469528E-01
  0.14600000E+01  0.14600000E+01  0.95970050E-01
  0.14600000E+01  0.14800000E+01  0.97457126E-01
  0.14600000E+01  0.15000000E+01  0.98928571E-01
  0.14600000E+01  0.15200000E+01  0.10038217E+00
  0.14600000E+01  0.15400000E+01  0.10181567E+00
  0.14600000E+01  0.15600000E+01  0.10322683E+00
  0.14600000E+01  0.15800000E+01  0.10461339E+00
  0.14600000E+01  0.16000000E+01  0.10597310E+00
  0.14600000E+01  0.16200000E+01  0.10730373E+00
  0.14600000E+01  0.16400000E+01  0.10860308E+00
  0.14600000E+01  0.16600000E+01  0.10986900E+00
  0.14600000E+01  0.16800000E+01  0.11109941E+00
  0.14600000E+01  0.17000000E+01  0.11229229E+00
  0.14600000E+01  0.17200000E+01  0.11344571E+00
  0.14600000E+01  0.17400000E+01  0.11455788E+00
  0.14600000E+01  0.17600000E+01  0.11562710E+00
  0.14600000E+01  0.17800000E+01  0.11665185E+00
  0.14600000E+01  0.18000000E+01  0.11763076E+00
  0.14600000E+01  0.18200000E+01  0.11856264E+00
  0.14600000E+01  0.18400000E+01  0.11944655E+00
  0.14600000E+01  0.18600000E+01  0.12028173E+00
  0.14600000E+01  0.18800000E+01  0.12106772E+00
  0.14600000E+01  0.19000000E+01  0.12180430E+00
  0.14600000E+01  0.19200000E+01  0.12249157E+00
  0.14600000E+01  0.19400000E+01  0.12312996E+00
  0.14600000E+01  0.19600000E+01  0.12372023E+00
  0.14600000E+01  0.19800000E+01  0.12426352E+00
  0.14600000E+01  0.20000000E+01  0.12476136E+00
  0.14800000E+01  0.00000000E+00  0.16886480E-01
  0.14800000E+01  0.20000000E-01  0.17534753E-01
  0.14800000E+01  0.39999999E-01  0.18064445E-01
  0.14800000E+01  0.59999999E-01  0.18493482E-01
  0.14800000E+01  0.79999998E-01  0.18847540E-01
  0.14800000E+01  0.99999998E-01  0.19164220E-01
  0.14800000E+01  0.12000000E+00  0.19501696E-01
  0.14800000E+01  0.14000000E+00  0.19963314E-01
  0.14800000E+01  0.16000000E+00  0.20863949E-01
  0.14800000E+01  0.18000000E+00  0.22026327E-01
  0.14800000E+01  0.20000000E+00  0.23164355E-01
  0.14800000E+01  0.22000000E+00  0.24279483E-01
  0.14800000E+01  0.23999999E+00  0.25373183E-01
  0.14800000E+01  0.25999999E+00  0.26446940E-01
  0.14800000E+01  0.27999999E+00  0.27502256E-01
  0.14800000E+01  0.29999999E+00  0.28540644E-01
  0.14800000E+01  0.31999999E+00  0.29563631E-01
  0.14800000E+01  0.33999999E+00  0.30572755E-01
  0.14800000E+01  0.35999999E+00  0.31569566E-01
  0.14800000E+01  0.37999999E+00  0.32555620E-01
  0.14800000E+01  0.39999999E+00  0.33532486E-01
  0.14800000E+01  0.41999999E+00  0.34501742E-01
  0.14800000E+01  0.43999999E+00  0.35464974E-01
  0.14800000E+01  0.45999999E+00  0.36423777E-01
  0.14800000E+01  0.47999999E+00  0.37379754E-01
  0.14800000E+01  0.49999999E+00  0.38334517E-01
  0.14800000E+01  0.51999999E+00  0.39289686E-01
  0.14800000E+01  0.53999999E+00  0.40246888E-01
  0.14800000E+01  0.55999999E+00  0.41207757E-01
  0.14800000E+01  0.57999999E+00  0.42173931E-01
  0.14800000E+01  0.59999999E+00  0.43147054E-01
  0.14800000E+01  0.61999999E+00  0.44128772E-01
  0.14800000E+01  0.63999999E+00  0.45120733E-01
  0.14800000E+01  0.65999999E+00  0.46124579E-01
  0.14800000E+01  0.67999998E+00  0.47141951E-01
  0.14800000E+01  0.69999998E+00  0.48174477E-01
  0.14800000E+01  0.71999998E+00  0.49223772E-01
  0.14800000E+01  0.73999998E+00  0.50291430E-01
  0.14800000E+01  0.75999998E+00  0.51379017E-01
  0.14800000E+01  0.77999998E+00  0.52488065E-01
  0.14800000E+01  0.79999998E+00  0.53620058E-01
  0.14800000E+01  0.81999998E+00  0.54776423E-01
  0.14800000E+01  0.83999998E+00  0.55958518E-01
  0.14800000E+01  0.85999998E+00  0.57167614E-01
  0.14800000E+01  0.87999998E+00  0.58404876E-01
  0.14800000E+01  0.89999998E+00  0.59671345E-01
  0.14800000E+01  0.91999998E+00  0.60967911E-01
  0.14800000E+01  0.93999998E+00  0.62295285E-01
  0.14800000E+01  0.95999998E+00  0.63653965E-01
  0.14800000E+01  0.97999998E+00  0.65044198E-01
  0.14800000E+01  0.99999998E+00  0.66465932E-01
  0.14800000E+01  0.10200000E+01  0.67918763E-01
  0.14800000E+01  0.10400000E+01  0.69401866E-01
  0.14800000E+01  0.10600000E+01  0.70913921E-01
  0.14800000E+01  0.10800000E+01  0.72453009E-01
  0.14800000E+01  0.11000000E+01  0.74016499E-01
  0.14800000E+01  0.11200000E+01  0.75600890E-01
  0.14800000E+01  0.11400000E+01  0.77201615E-01
  0.14800000E+01  0.11600000E+01  0.78812782E-01
  0.14800000E+01  0.11800000E+01  0.80426816E-01
  0.14800000E+01  0.12000000E+01  0.82033955E-01
  0.14800000E+01  0.12200000E+01  0.83621503E-01
  0.14800000E+01  0.12400000E+01  0.85172663E-01
  0.14800000E+01  0.12600000E+01  0.86664587E-01
  0.14800000E+01  0.12800000E+01  0.88064791E-01
  0.14800000E+01  0.13000000E+01  0.89323728E-01
  0.14800000E+01  0.13200000E+01  0.90356193E-01
  0.14800000E+01  0.13400000E+01  0.90976927E-01
  0.14800000E+01  0.13600000E+01  0.90338008E-01
  0.14800000E+01  0.13800000E+01  0.90468610E-01
  0.14800000E+01  0.14000000E+01  0.91990309E-01
  0.14800000E+01  0.14200000E+01  0.93504045E-01
  0.14800000E+01  0.14400000E+01  0.95007760E-01
  0.14800000E+01  0.14600000E+01  0.96499344E-01
  0.14800000E+01  0.14800000E+01  0.97976647E-01
  0.14800000E+01  0.15000000E+01  0.99437480E-01
  0.14800000E+01  0.15200000E+01  0.10087963E+00
  0.14800000E+01  0.15400000E+01  0.10230087E+00
  0.14800000E+01  0.15600000E+01  0.10369895E+00
  0.14800000E+01  0.15800000E+01  0.10507164E+00
  0.14800000E+01  0.16000000E+01  0.10641672E+00
  0.14800000E+01  0.16200000E+01  0.10773199E+00
  0.14800000E+01  0.16400000E+01  0.10901529E+00
  0.14800000E+01  0.16600000E+01  0.11026452E+00
  0.14800000E+01  0.16800000E+01  0.11147765E+00
  0.14800000E+01  0.17000000E+01  0.11265274E+00
  0.14800000E+01  0.17200000E+01  0.11378792E+00
  0.14800000E+01  0.17400000E+01  0.11488149E+00
  0.14800000E+01  0.17600000E+01  0.11593186E+00
  0.14800000E+01  0.17800000E+01  0.11693761E+00
  0.14800000E+01  0.18000000E+01  0.11789748E+00
  0.14800000E+01  0.18200000E+01  0.11881045E+00
  0.14800000E+01  0.18400000E+01  0.11967568E+00
  0.14800000E+01  0.18600000E+01  0.12049260E+00
  0.14800000E+01  0.18800000E+01  0.12126091E+00
  0.14800000E+01  0.19000000E+01  0.12198059E+00
  0.14800000E+01  0.19200000E+01  0.12265195E+00
  0.14800000E+01  0.19400000E+01  0.12327561E+00
  0.14800000E+01  0.19600000E+01  0.12385259E+00
  0.14800000E+01  0.19800000E+01  0.12438426E+00
  0.14800000E+01  0.20000000E+01  0.12487240E+00
  0.15000000E+01  0.00000000E+00  0.16573244E-01
  0.15000000E+01  0.20000000E-01  0.17150908E-01
  0.15000000E+01  0.39999999E-01  0.17622469E-01
  0.15000000E+01  0.59999999E-01  0.18014083E-01
  0.15000000E+01  0.79999998E-01  0.18364141E-01
  0.15000000E+01  0.99999998E-01  0.18732176E-01
  0.15000000E+01  0.12000000E+00  0.19224331E-01
  0.15000000E+01  0.14000000E+00  0.20163086E-01
  0.15000000E+01  0.16000000E+00  0.21359132E-01
  0.15000000E+01  0.18000000E+00  0.22528674E-01
  0.15000000E+01  0.20000000E+00  0.23673123E-01
  0.15000000E+01  0.22000000E+00  0.24793916E-01
  0.15000000E+01  0.23999999E+00  0.25892512E-01
  0.15000000E+01  0.25999999E+00  0.26970389E-01
  0.15000000E+01  0.27999999E+00  0.28029046E-01
  0.15000000E+01  0.29999999E+00  0.29070000E-01
  0.15000000E+01  0.31999999E+00  0.30094782E-01
  0.15000000E+01  0.33999999E+00  0.31104942E-01
  0.15000000E+01  0.35999999E+00  0.32102046E-01
  0.15000000E+01  0.37999999E+00  0.33087673E-01
  0.15000000E+01  0.39999999E+00  0.34063419E-01
  0.15000000E+01  0.41999999E+00  0.35030895E-01
  0.15000000E+01  0.43999999E+00  0.35991726E-01
  0.15000000E+01  0.45999999E+00  0.36947554E-01
  0.15000000E+01  0.47999999E+00  0.37900034E-01
  0.15000000E+01  0.49999999E+00  0.38850838E-01
  0.15000000E+01  0.51999999E+00  0.39801653E-01
  0.15000000E+01  0.53999999E+00  0.40754178E-01
  0.15000000E+01  0.55999999E+00  0.41710129E-01
  0.15000000E+01  0.57999999E+00  0.42671233E-01
  0.15000000E+01  0.59999999E+00  0.43639229E-01
  0.15000000E+01  0.61999999E+00  0.44615868E-01
  0.15000000E+01  0.63999999E+00  0.45602905E-01
  0.15000000E+01  0.65999999E+00  0.46602103E-01
  0.15000000E+01  0.67999998E+00  0.47615226E-01
  0.15000000E+01  0.69999998E+00  0.48644031E-01
  0.15000000E+01  0.71999998E+00  0.49690269E-01
  0.15000000E+01  0.73999998E+00  0.50755675E-01
  0.15000000E+01  0.75999998E+00  0.51841957E-01
  0.15000000E+01  0.77999998E+00  0.52950792E-01
  0.15000000E+01  0.79999998E+00  0.54083808E-01
  0.15000000E+01  0.81999998E+00  0.55242577E-01
  0.15000000E+01  0.83999998E+00  0.56428593E-01
  0.15000000E+01  0.85999998E+00  0.57643255E-01
  0.15000000E+01  0.87999998E+00  0.58887847E-01
  0.15000000E+01  0.89999998E+00  0.60163510E-01
  0.15000000E+01  0.91999998E+00  0.61471209E-01
  0.15000000E+01  0.93999998E+00  0.62811704E-01
  0.15000000E+01  0.95999998E+00  0.64185500E-01
  0.15000000E+01  0.97999998E+00  0.65592803E-01
  0.15000000E+01  0.99999998E+00  0.67033458E-01
  0.15000000E+01  0.10200000E+01  0.68506877E-01
  0.15000000E+01  0.10400000E+01  0.70011956E-01
  0.15000000E+01  0.10600000E+01  0.71546966E-01
  0.15000000E+01  0.10800000E+01  0.73109422E-01
  0.15000000E+01  0.11000000E+01  0.74695919E-01
  0.15000000E+01  0.11200000E+01  0.76301916E-01
  0.15000000E+01  0.11400000E+01  0.77921453E-01
  0.15000000E+01  0.11600000E+01  0.79546765E-01
  0.15000000E+01  0.11800000E+01  0.81167737E-01
  0.15000000E+01  0.12000000E+01  0.82771098E-01
  0.15000000E+01  0.12200000E+01  0.84339168E-01
  0.15000000E+01  0.12400000E+01  0.85847770E-01
  0.15000000E+01  0.12600000E+01  0.87262407E-01
  0.15000000E+01  0.12800000E+01  0.88530368E-01
  0.15000000E+01  0.13000000E+01  0.89561011E-01
  0.15000000E+01  0.13200000E+01  0.90157729E-01
  0.15000000E+01  0.13400000E+01  0.89425487E-01
  0.15000000E+01  0.13600000E+01  0.89485768E-01
  0.15000000E+01  0.13800000E+01  0.91006998E-01
  0.15000000E+01  0.14000000E+01  0.92521491E-01
  0.15000000E+01  0.14200000E+01  0.94027235E-01
  0.15000000E+01  0.14400000E+01  0.95522163E-01
  0.15000000E+01  0.14600000E+01  0.97004165E-01
  0.15000000E+01  0.14800000E+01  0.98471090E-01
  0.15000000E+01  0.15000000E+01  0.99920756E-01
  0.15000000E+01  0.15200000E+01  0.10135096E+00
  0.15000000E+01  0.15400000E+01  0.10275948E+00
  0.15000000E+01  0.15600000E+01  0.10414411E+00
  0.15000000E+01  0.15800000E+01  0.10550262E+00
  0.15000000E+01  0.16000000E+01  0.10683283E+00
  0.15000000E+01  0.16200000E+01  0.10813258E+00
  0.15000000E+01  0.16400000E+01  0.10939977E+00
  0.15000000E+01  0.16600000E+01  0.11063234E+00
  0.15000000E+01  0.16800000E+01  0.11182834E+00
  0.15000000E+01  0.17000000E+01  0.11298587E+00
  0.15000000E+01  0.17200000E+01  0.11410319E+00
  0.15000000E+01  0.17400000E+01  0.11517867E+00
  0.15000000E+01  0.17600000E+01  0.11621082E+00
  0.15000000E+01  0.17800000E+01  0.11719834E+00
  0.15000000E+01  0.18000000E+01  0.11814011E+00
  0.15000000E+01  0.18200000E+01  0.11903524E+00
  0.15000000E+01  0.18400000E+01  0.11988305E+00
  0.15000000E+01  0.18600000E+01  0.12068314E+00
  0.15000000E+01  0.18800000E+01  0.12143539E+00
  0.15000000E+01  0.19000000E+01  0.12213998E+00
  0.15000000E+01  0.19200000E+01  0.12279741E+00
  0.15000000E+01  0.19400000E+01  0.12340855E+00
  0.15000000E+01  0.19600000E+01  0.12397463E+00
  0.15000000E+01  0.19800000E+01  0.12449729E+00
  0.15000000E+01  0.20000000E+01  0.12497855E+00
  0.15200000E+01  0.00000000E+00  0.16183661E-01
  0.15200000E+01  0.20000000E-01  0.16702215E-01
  0.15200000E+01  0.39999999E-01  0.17135714E-01
  0.15200000E+01  0.59999999E-01  0.17523305E-01
  0.15200000E+01  0.79999998E-01  0.17925822E-01
  0.15200000E+01  0.99999998E-01  0.18452113E-01
  0.15200000E+01  0.12000000E+00  0.19431929E-01
  0.15200000E+01  0.14000000E+00  0.20664301E-01
  0.15200000E+01  0.16000000E+00  0.21868024E-01
  0.15200000E+01  0.18000000E+00  0.23044462E-01
  0.15200000E+01  0.20000000E+00  0.24195010E-01
  0.15200000E+01  0.22000000E+00  0.25321092E-01
  0.15200000E+01  0.23999999E+00  0.26424157E-01
  0.15200000E+01  0.25999999E+00  0.27505680E-01
  0.15200000E+01  0.27999999E+00  0.28567160E-01
  0.15200000E+01  0.29999999E+00  0.29610119E-01
  0.15200000E+01  0.31999999E+00  0.30636101E-01
  0.15200000E+01  0.33999999E+00  0.31646669E-01
  0.15200000E+01  0.35999999E+00  0.32643412E-01
  0.15200000E+01  0.37999999E+00  0.33627937E-01
  0.15200000E+01  0.39999999E+00  0.34601873E-01
  0.15200000E+01  0.41999999E+00  0.35566872E-01
  0.15200000E+01  0.43999999E+00  0.36524607E-01
  0.15200000E+01  0.45999999E+00  0.37476773E-01
  0.15200000E+01  0.47999999E+00  0.38425088E-01
  0.15200000E+01  0.49999999E+00  0.39371291E-01
  0.15200000E+01  0.51999999E+00  0.40317147E-01
  0.15200000E+01  0.53999999E+00  0.41264439E-01
  0.15200000E+01  0.55999999E+00  0.42214977E-01
  0.15200000E+01  0.57999999E+00  0.43170587E-01
  0.15200000E+01  0.59999999E+00  0.44133117E-01
  0.15200000E+01  0.61999999E+00  0.45104434E-01
  0.15200000E+01  0.63999999E+00  0.46086419E-01
  0.15200000E+01  0.65999999E+00  0.47080964E-01
  0.15200000E+01  0.67999998E+00  0.48089971E-01
  0.15200000E+01  0.69999998E+00  0.49115341E-01
  0.15200000E+01  0.71999998E+00  0.50158975E-01
  0.15200000E+01  0.73999998E+00  0.51222758E-01
  0.15200000E+01  0.75999998E+00  0.52308555E-01
  0.15200000E+01  0.77999998E+00  0.53418196E-01
  0.15200000E+01  0.79999998E+00  0.54553465E-01
  0.15200000E+01  0.81999998E+00  0.55716078E-01
  0.15200000E+01  0.83999998E+00  0.56907672E-01
  0.15200000E+01  0.85999998E+00  0.58129774E-01
  0.15200000E+01  0.87999998E+00  0.59383775E-01
  0.15200000E+01  0.89999998E+00  0.60670903E-01
  0.15200000E+01  0.91999998E+00  0.61992179E-01
  0.15200000E+01  0.93999998E+00  0.63348374E-01
  0.15200000E+01  0.95999998E+00  0.64739959E-01
  0.15200000E+01  0.97999998E+00  0.66167033E-01
  0.15200000E+01  0.99999998E+00  0.67629257E-01
  0.15200000E+01  0.10200000E+01  0.69125750E-01
  0.15200000E+01  0.10400000E+01  0.70654982E-01
  0.15200000E+01  0.10600000E+01  0.72214631E-01
  0.15200000E+01  0.10800000E+01  0.73801400E-01
  0.15200000E+01  0.11000000E+01  0.75410789E-01
  0.15200000E+01  0.11200000E+01  0.77036784E-01
  0.15200000E+01  0.11400000E+01  0.78671448E-01
  0.15200000E+01  0.11600000E+01  0.80304329E-01
  0.15200000E+01  0.11800000E+01  0.81921596E-01
  0.15200000E+01  0.12000000E+01  0.83504705E-01
  0.15200000E+01  0.12200000E+01  0.85028164E-01
  0.15200000E+01  0.12400000E+01  0.86455479E-01
  0.15200000E+01  0.12600000E+01  0.87730777E-01
  0.15200000E+01  0.12800000E+01  0.88757985E-01
  0.15200000E+01  0.13000000E+01  0.89329123E-01
  0.15200000E+01  0.13200000E+01  0.88501901E-01
  0.15200000E+01  0.13400000E+01  0.88490476E-01
  0.15200000E+01  0.13600000E+01  0.90010096E-01
  0.15200000E+01  0.13800000E+01  0.91524192E-01
  0.15200000E+01  0.14000000E+01  0.93030802E-01
  0.15200000E+01  0.14200000E+01  0.94527909E-01
  0.15200000E+01  0.14400000E+01  0.96013444E-01
  0.15200000E+01  0.14600000E+01  0.97485299E-01
  0.15200000E+01  0.14800000E+01  0.98941329E-01
  0.15200000E+01  0.15000000E+01  0.10037936E+00
  0.15200000E+01  0.15200000E+01  0.10179721E+00
  0.15200000E+01  0.15400000E+01  0.10319268E+00
  0.15200000E+01  0.15600000E+01  0.10456357E+00
  0.15200000E+01  0.15800000E+01  0.10590771E+00
  0.15200000E+01  0.16000000E+01  0.10722294E+00
  0.15200000E+01  0.16200000E+01  0.10850715E+00
  0.15200000E+01  0.16400000E+01  0.10975830E+00
  0.15200000E+01  0.16600000E+01  0.11097439E+00
  0.15200000E+01  0.16800000E+01  0.11215353E+00
  0.15200000E+01  0.17000000E+01  0.11329392E+00
  0.15200000E+01  0.17200000E+01  0.11439390E+00
  0.15200000E+01  0.17400000E+01  0.11545194E+00
  0.15200000E+01  0.17600000E+01  0.11646667E+00
  0.15200000E+01  0.17800000E+01  0.11743691E+00
  0.15200000E+01  0.18000000E+01  0.11836169E+00
  0.15200000E+01  0.18200000E+01  0.11924024E+00
  0.15200000E+01  0.18400000E+01  0.12007206E+00
  0.15200000E+01  0.18600000E+01  0.12085693E+00
  0.15200000E+01  0.18800000E+01  0.12159490E+00
  0.15200000E+01  0.19000000E+01  0.12228636E+00
  0.15200000E+01  0.19200000E+01  0.12293204E+00
  0.15200000E+01  0.19400000E+01  0.12353301E+00
  0.15200000E+01  0.19600000E+01  0.12409075E+00
  0.15200000E+01  0.19800000E+01  0.12460714E+00
  0.15200000E+01  0.20000000E+01  0.12508447E+00
  0.15400000E+01  0.00000000E+00  0.15729481E-01
  0.15400000E+01  0.20000000E-01  0.16209242E-01
  0.15400000E+01  0.39999999E-01  0.16638554E-01
  0.15400000E+01  0.59999999E-01  0.17079497E-01
  0.15400000E+01  0.79999998E-01  0.17643496E-01
  0.15400000E+01  0.99999998E-01  0.18667203E-01
  0.15400000E+01  0.12000000E+00  0.19938571E-01
  0.15400000E+01  0.14000000E+00  0.21179164E-01
  0.15400000E+01  0.16000000E+00  0.22390288E-01
  0.15400000E+01  0.18000000E+00  0.23573289E-01
  0.15400000E+01  0.20000000E+00  0.24729547E-01
  0.15400000E+01  0.22000000E+00  0.25860473E-01
  0.15400000E+01  0.23999999E+00  0.26967514E-01
  0.15400000E+01  0.25999999E+00  0.28052143E-01
  0.15400000E+01  0.27999999E+00  0.29115864E-01
  0.15400000E+01  0.29999999E+00  0.30160207E-01
  0.15400000E+01  0.31999999E+00  0.31186732E-01
  0.15400000E+01  0.33999999E+00  0.32197025E-01
  0.15400000E+01  0.35999999E+00  0.33192701E-01
  0.15400000E+01  0.37999999E+00  0.34175403E-01
  0.15400000E+01  0.39999999E+00  0.35146800E-01
  0.15400000E+01  0.41999999E+00  0.36108593E-01
  0.15400000E+01  0.43999999E+00  0.37062510E-01
  0.15400000E+01  0.45999999E+00  0.38010310E-01
  0.15400000E+01  0.47999999E+00  0.38953782E-01
  0.15400000E+01  0.49999999E+00  0.39894747E-01
  0.15400000E+01  0.51999999E+00  0.40835055E-01
  0.15400000E+01  0.53999999E+00  0.41776589E-01
  0.15400000E+01  0.55999999E+00  0.42721261E-01
  0.15400000E+01  0.57999999E+00  0.43671012E-01

  0.15400000E+01  0.59999999E+00  0.44627813E-01
  0.15400000E+01  0.61999999E+00  0.45593661E-01
  0.15400000E+01  0.63999999E+00  0.46570574E-01
  0.15400000E+01  0.65999999E+00  0.47560591E-01
  0.15400000E+01  0.67999998E+00  0.48565765E-01
  0.15400000E+01  0.69999998E+00  0.49588156E-01
  0.15400000E+01  0.71999998E+00  0.50629826E-01
  0.15400000E+01  0.73999998E+00  0.51692824E-01
  0.15400000E+01  0.75999998E+00  0.52779182E-01
  0.15400000E+01  0.77999998E+00  0.53890894E-01
  0.15400000E+01  0.79999998E+00  0.55029901E-01
  0.15400000E+01  0.81999998E+00  0.56198072E-01
  0.15400000E+01  0.83999998E+00  0.57397181E-01
  0.15400000E+01  0.85999998E+00  0.58628875E-01
  0.15400000E+01  0.87999998E+00  0.59894641E-01
  0.15400000E+01  0.89999998E+00  0.61195770E-01
  0.15400000E+01  0.91999998E+00  0.62533303E-01
  0.15400000E+01  0.93999998E+00  0.63907978E-01
  0.15400000E+01  0.95999998E+00  0.65320162E-01
  0.15400000E+01  0.97999998E+00  0.66769765E-01
  0.15400000E+01  0.99999998E+00  0.68256146E-01
  0.15400000E+01  0.10200000E+01  0.69777983E-01
  0.15400000E+01  0.10400000E+01  0.71333128E-01
  0.15400000E+01  0.10600000E+01  0.72918405E-01
  0.15400000E+01  0.10800000E+01  0.74529369E-01
  0.15400000E+01  0.11000000E+01  0.76159973E-01
  0.15400000E+01  0.11200000E+01  0.77802119E-01
  0.15400000E+01  0.11400000E+01  0.79445038E-01
  0.15400000E+01  0.11600000E+01  0.81074359E-01
  0.15400000E+01  0.11800000E+01  0.82670690E-01
  0.15400000E+01  0.12000000E+01  0.84207242E-01
  0.15400000E+01  0.12200000E+01  0.85645539E-01
  0.15400000E+01  0.12400000E+01  0.86926563E-01
  0.15400000E+01  0.12600000E+01  0.87948815E-01
  0.15400000E+01  0.12800000E+01  0.88492941E-01
  0.15400000E+01  0.13000000E+01  0.87569349E-01
  0.15400000E+01  0.13200000E+01  0.87485008E-01
  0.15400000E+01  0.13400000E+01  0.89001894E-01
  0.15400000E+01  0.13600000E+01  0.90514451E-01
  0.15400000E+01  0.13800000E+01  0.92020772E-01
  0.15400000E+01  0.14000000E+01  0.93518891E-01
  0.15400000E+01  0.14200000E+01  0.95006790E-01
  0.15400000E+01  0.14400000E+01  0.96482406E-01
  0.15400000E+01  0.14600000E+01  0.97943635E-01
  0.15400000E+01  0.14800000E+01  0.99388345E-01
  0.15400000E+01  0.15000000E+01  0.10081438E+00
  0.15400000E+01  0.15200000E+01  0.10221957E+00
  0.15400000E+01  0.15400000E+01  0.10360175E+00
  0.15400000E+01  0.15600000E+01  0.10495875E+00
  0.15400000E+01  0.15800000E+01  0.10628844E+00
  0.15400000E+01  0.16000000E+01  0.10758871E+00
  0.15400000E+01  0.16200000E+01  0.10885750E+00
  0.15400000E+01  0.16400000E+01  0.11009281E+00
  0.15400000E+01  0.16600000E+01  0.11129274E+00
  0.15400000E+01  0.16800000E+01  0.11245546E+00
  0.15400000E+01  0.17000000E+01  0.11357927E+00
  0.15400000E+01  0.17200000E+01  0.11466260E+00
  0.15400000E+01  0.17400000E+01  0.11570402E+00
  0.15400000E+01  0.17600000E+01  0.11670230E+00
  0.15400000E+01  0.17800000E+01  0.11765637E+00
  0.15400000E+01  0.18000000E+01  0.11856541E+00
  0.15400000E+01  0.18200000E+01  0.11942882E+00
  0.15400000E+01  0.18400000E+01  0.12024625E+00
  0.15400000E+01  0.18600000E+01  0.12101766E+00
  0.15400000E+01  0.18800000E+01  0.12174331E+00
  0.15400000E+01  0.19000000E+01  0.12242377E+00
  0.15400000E+01  0.19200000E+01  0.12305999E+00
  0.15400000E+01  0.19400000E+01  0.12365328E+00
  0.15400000E+01  0.19600000E+01  0.12420536E+00
  0.15400000E+01  0.19800000E+01  0.12471834E+00
  0.15400000E+01  0.20000000E+01  0.12519479E+00
  0.15600000E+01  0.00000000E+00  0.15231442E-01
  0.15600000E+01  0.20000000E-01  0.15706696E-01
  0.15600000E+01  0.39999999E-01  0.16190016E-01
  0.15600000E+01  0.59999999E-01  0.16795271E-01
  0.15600000E+01  0.79999998E-01  0.17865581E-01
  0.15600000E+01  0.99999998E-01  0.19178622E-01
  0.15600000E+01  0.12000000E+00  0.20458787E-01
  0.15600000E+01  0.14000000E+00  0.21707318E-01
  0.15600000E+01  0.16000000E+00  0.22925499E-01
  0.15600000E+01  0.18000000E+00  0.24114659E-01
  0.15600000E+01  0.20000000E+00  0.25276166E-01
  0.15600000E+01  0.22000000E+00  0.26411426E-01
  0.15600000E+01  0.23999999E+00  0.27521881E-01
  0.15600000E+01  0.25999999E+00  0.28609009E-01
  0.15600000E+01  0.27999999E+00  0.29674321E-01
  0.15600000E+01  0.29999999E+00  0.30719365E-01
  0.15600000E+01  0.31999999E+00  0.31745720E-01
  0.15600000E+01  0.33999999E+00  0.32755001E-01
  0.15600000E+01  0.35999999E+00  0.33748856E-01
  0.15600000E+01  0.37999999E+00  0.34728971E-01
  0.15600000E+01  0.39999999E+00  0.35697064E-01
  0.15600000E+01  0.41999999E+00  0.36654894E-01
  0.15600000E+01  0.43999999E+00  0.37604254E-01
  0.15600000E+01  0.45999999E+00  0.38546976E-01
  0.15600000E+01  0.47999999E+00  0.39484934E-01
  0.15600000E+01  0.49999999E+00  0.40420038E-01
  0.15600000E+01  0.51999999E+00  0.41354241E-01
  0.15600000E+01  0.53999999E+00  0.42289533E-01
  0.15600000E+01  0.55999999E+00  0.43227947E-01
  0.15600000E+01  0.57999999E+00  0.44171552E-01
  0.15600000E+01  0.59999999E+00  0.45122456E-01
  0.15600000E+01  0.61999999E+00  0.46082799E-01
  0.15600000E+01  0.63999999E+00  0.47054755E-01
  0.15600000E+01  0.65999999E+00  0.48040523E-01
  0.15600000E+01  0.67999998E+00  0.49042321E-01
  0.15600000E+01  0.69999998E+00  0.50062382E-01
  0.15600000E+01  0.71999998E+00  0.51102942E-01
  0.15600000E+01  0.73999998E+00  0.52166229E-01
  0.15600000E+01  0.75999998E+00  0.53254445E-01
  0.15600000E+01  0.77999998E+00  0.54369758E-01
  0.15600000E+01  0.79999998E+00  0.55514269E-01
  0.15600000E+01  0.81999998E+00  0.56689999E-01
  0.15600000E+01  0.83999998E+00  0.57898851E-01
  0.15600000E+01  0.85999998E+00  0.59142577E-01
  0.15600000E+01  0.87999998E+00  0.60422737E-01
  0.15600000E+01  0.89999998E+00  0.61740649E-01
  0.15600000E+01  0.91999998E+00  0.63097325E-01
  0.15600000E+01  0.93999998E+00  0.64493403E-01
  0.15600000E+01  0.95999998E+00  0.65929055E-01
  0.15600000E+01  0.97999998E+00  0.67403885E-01
  0.15600000E+01  0.99999998E+00  0.68916792E-01
  0.15600000E+01  0.10200000E+01  0.70465813E-01
  0.15600000E+01  0.10400000E+01  0.72047909E-01
  0.15600000E+01  0.10600000E+01  0.73658703E-01
  0.15600000E+01  0.10800000E+01  0.75292130E-01
  0.15600000E+01  0.11000000E+01  0.76939952E-01
  0.15600000E+01  0.11200000E+01  0.78591098E-01
  0.15600000E+01  0.11400000E+01  0.80230679E-01
  0.15600000E+01  0.11600000E+01  0.81838471E-01
  0.15600000E+01  0.11800000E+01  0.83386413E-01
  0.15600000E+01  0.12000000E+01  0.84834062E-01
  0.15600000E+01  0.12200000E+01  0.86119277E-01
  0.15600000E+01  0.12400000E+01  0.87135151E-01
  0.15600000E+01  0.12600000E+01  0.87650972E-01
  0.15600000E+01  0.12800000E+01  0.86629889E-01
  0.15600000E+01  0.13000000E+01  0.86471599E-01
  0.15600000E+01  0.13200000E+01  0.87984646E-01
  0.15600000E+01  0.13400000E+01  0.89494537E-01
  0.15600000E+01  0.13600000E+01  0.90999424E-01
  0.15600000E+01  0.13800000E+01  0.92497397E-01
  0.15600000E+01  0.14000000E+01  0.93986492E-01
  0.15600000E+01  0.14200000E+01  0.95464695E-01
  0.15600000E+01  0.14400000E+01  0.96929951E-01
  0.15600000E+01  0.14600000E+01  0.98380169E-01
  0.15600000E+01  0.14800000E+01  0.99813233E-01
  0.15600000E+01  0.15000000E+01  0.10122701E+00
  0.15600000E+01  0.15200000E+01  0.10261935E+00
  0.15600000E+01  0.15400000E+01  0.10398813E+00
  0.15600000E+01  0.15600000E+01  0.10533121E+00
  0.15600000E+01  0.15800000E+01  0.10664650E+00
  0.15600000E+01  0.16000000E+01  0.10793195E+00
  0.15600000E+01  0.16200000E+01  0.10918556E+00
  0.15600000E+01  0.16400000E+01  0.11040540E+00
  0.15600000E+01  0.16600000E+01  0.11158963E+00
  0.15600000E+01  0.16800000E+01  0.11273652E+00
  0.15600000E+01  0.17000000E+01  0.11384446E+00
  0.15600000E+01  0.17200000E+01  0.11491198E+00
  0.15600000E+01  0.17400000E+01  0.11593777E+00
  0.15600000E+01  0.17600000E+01  0.11692072E+00
  0.15600000E+01  0.17800000E+01  0.11785990E+00
  0.15600000E+01  0.18000000E+01  0.11875463E+00
  0.15600000E+01  0.18200000E+01  0.11960448E+00
  0.15600000E+01  0.18400000E+01  0.12040928E+00
  0.15600000E+01  0.18600000E+01  0.12116915E+00
  0.15600000E+01  0.18800000E+01  0.12188455E+00
  0.15600000E+01  0.19000000E+01  0.12255628E+00
  0.15600000E+01  0.19200000E+01  0.12318548E+00
  0.15600000E+01  0.19400000E+01  0.12377370E+00
  0.15600000E+01  0.19600000E+01  0.12432288E+00
  0.15600000E+01  0.19800000E+01  0.12483540E+00
  0.15600000E+01  0.20000000E+01  0.12531405E+00
  0.15800000E+01  0.00000000E+00  0.14724504E-01
  0.15800000E+01  0.20000000E-01  0.15254163E-01
  0.15800000E+01  0.39999999E-01  0.15904188E-01
  0.15800000E+01  0.59999999E-01  0.17023697E-01
  0.15800000E+01  0.79999998E-01  0.18381084E-01
  0.15800000E+01  0.99999998E-01  0.19703532E-01
  0.15800000E+01  0.12000000E+00  0.20992203E-01
  0.15800000E+01  0.14000000E+00  0.22248315E-01
  0.15800000E+01  0.16000000E+00  0.23473135E-01
  0.15800000E+01  0.18000000E+00  0.24667979E-01
  0.15800000E+01  0.20000000E+00  0.25834204E-01
  0.15800000E+01  0.22000000E+00  0.26973213E-01
  0.15800000E+01  0.23999999E+00  0.28086451E-01
  0.15800000E+01  0.25999999E+00  0.29175404E-01
  0.15800000E+01  0.27999999E+00  0.30241597E-01
  0.15800000E+01  0.29999999E+00  0.31286597E-01
  0.15800000E+01  0.31999999E+00  0.32312013E-01
  0.15800000E+01  0.33999999E+00  0.33319493E-01
  0.15800000E+01  0.35999999E+00  0.34310729E-01
  0.15800000E+01  0.37999999E+00  0.35287456E-01
  0.15800000E+01  0.39999999E+00  0.36251453E-01
  0.15800000E+01  0.41999999E+00  0.37204543E-01
  0.15800000E+01  0.43999999E+00  0.38148598E-01
  0.15800000E+01  0.45999999E+00  0.39085534E-01
  0.15800000E+01  0.47999999E+00  0.40017320E-01
  0.15800000E+01  0.49999999E+00  0.40945972E-01
  0.15800000E+01  0.51999999E+00  0.41873555E-01
  0.15800000E+01  0.53999999E+00  0.42802186E-01
  0.15800000E+01  0.55999999E+00  0.43734028E-01
  0.15800000E+01  0.57999999E+00  0.44671297E-01
  0.15800000E+01  0.59999999E+00  0.45616251E-01
  0.15800000E+01  0.61999999E+00  0.46571192E-01
  0.15800000E+01  0.63999999E+00  0.47538463E-01
  0.15800000E+01  0.65999999E+00  0.48520438E-01
  0.15800000E+01  0.67999998E+00  0.49519517E-01
  0.15800000E+01  0.69999998E+00  0.50538118E-01
  0.15800000E+01  0.71999998E+00  0.51578665E-01
  0.15800000E+01  0.73999998E+00  0.52643569E-01
  0.15800000E+01  0.75999998E+00  0.53735218E-01
  0.15800000E+01  0.77999998E+00  0.54855950E-01
  0.15800000E+01  0.79999998E+00  0.56008030E-01
  0.15800000E+01  0.81999998E+00  0.57193620E-01
  0.15800000E+01  0.83999998E+00  0.58414737E-01
  0.15800000E+01  0.85999998E+00  0.59673218E-01
  0.15800000E+01  0.87999998E+00  0.60970657E-01
  0.15800000E+01  0.89999998E+00  0.62308347E-01
  0.15800000E+01  0.91999998E+00  0.63687203E-01
  0.15800000E+01  0.93999998E+00  0.65107669E-01
  0.15800000E+01  0.95999998E+00  0.66569600E-01
  0.15800000E+01  0.97999998E+00  0.68072130E-01
  0.15800000E+01  0.99999998E+00  0.69613490E-01
  0.15800000E+01  0.10200000E+01  0.71190793E-01
  0.15800000E+01  0.10400000E+01  0.72799747E-01
  0.15800000E+01  0.10600000E+01  0.74434280E-01
  0.15800000E+01  0.10800000E+01  0.76086037E-01
  0.15800000E+01  0.11000000E+01  0.77743664E-01
  0.15800000E+01  0.11200000E+01  0.79391770E-01
  0.15800000E+01  0.11400000E+01  0.81009325E-01
  0.15800000E+01  0.11600000E+01  0.82567016E-01
  0.15800000E+01  0.11800000E+01  0.84022459E-01
  0.15800000E+01  0.12000000E+01  0.85310410E-01
  0.15800000E+01  0.12200000E+01  0.86318583E-01
  0.15800000E+01  0.12400000E+01  0.86804947E-01
  0.15800000E+01  0.12600000E+01  0.85685525E-01
  0.15800000E+01  0.12800000E+01  0.85452434E-01
  0.15800000E+01  0.13000000E+01  0.86960563E-01
  0.15800000E+01  0.13200000E+01  0.88466681E-01
  0.15800000E+01  0.13400000E+01  0.89969004E-01
  0.15800000E+01  0.13600000E+01  0.91465683E-01
  0.15800000E+01  0.13800000E+01  0.92954811E-01
  0.15800000E+01  0.14000000E+01  0.94434429E-01
  0.15800000E+01  0.14200000E+01  0.95902534E-01
  0.15800000E+01  0.14400000E+01  0.97357083E-01
  0.15800000E+01  0.14600000E+01  0.98796003E-01
  0.15800000E+01  0.14800000E+01  0.10021720E+00
  0.15800000E+01  0.15000000E+01  0.10161856E+00
  0.15800000E+01  0.15200000E+01  0.10299798E+00
  0.15800000E+01  0.15400000E+01  0.10435336E+00
  0.15800000E+01  0.15600000E+01  0.10568261E+00
  0.15800000E+01  0.15800000E+01  0.10698370E+00
  0.15800000E+01  0.16000000E+01  0.10825462E+00
  0.15800000E+01  0.16200000E+01  0.10949344E+00
  0.15800000E+01  0.16400000E+01  0.11069830E+00
  0.15800000E+01  0.16600000E+01  0.11186746E+00
  0.15800000E+01  0.16800000E+01  0.11299925E+00
  0.15800000E+01  0.17000000E+01  0.11409218E+00
  0.15800000E+01  0.17200000E+01  0.11514489E+00
  0.15800000E+01  0.17400000E+01  0.11615619E+00
  0.15800000E+01  0.17600000E+01  0.11712508E+00
  0.15800000E+01  0.17800000E+01  0.11805080E+00
  0.15800000E+01  0.18000000E+01  0.11893281E+00
  0.15800000E+01  0.18200000E+01  0.11977084E+00
  0.15800000E+01  0.18400000E+01  0.12056488E+00
  0.15800000E+01  0.18600000E+01  0.12131527E+00
  0.15800000E+01  0.18800000E+01  0.12202265E+00
  0.15800000E+01  0.19000000E+01  0.12268801E+00
  0.15800000E+01  0.19200000E+01  0.12331272E+00
  0.15800000E+01  0.19400000E+01  0.12389856E+00
  0.15800000E+01  0.19600000E+01  0.12444769E+00
  0.15800000E+01  0.19800000E+01  0.12496272E+00
  0.15800000E+01  0.20000000E+01  0.12544668E+00
  0.16000000E+01  0.00000000E+00  0.14268690E-01
  0.16000000E+01  0.20000000E-01  0.14966969E-01
  0.16000000E+01  0.39999999E-01  0.16138155E-01
  0.16000000E+01  0.59999999E-01  0.17542552E-01
  0.16000000E+01  0.79999998E-01  0.18909988E-01
  0.16000000E+01  0.99999998E-01  0.20241542E-01
  0.16000000E+01  0.12000000E+00  0.21538352E-01
  0.16000000E+01  0.14000000E+00  0.22801615E-01
  0.16000000E+01  0.16000000E+00  0.24032583E-01
  0.16000000E+01  0.18000000E+00  0.25232558E-01
  0.16000000E+01  0.20000000E+00  0.26402896E-01
  0.16000000E+01  0.22000000E+00  0.27545000E-01
  0.16000000E+01  0.23999999E+00  0.28660320E-01
  0.16000000E+01  0.25999999E+00  0.29750356E-01
  0.16000000E+01  0.27999999E+00  0.30816655E-01
  0.16000000E+01  0.29999999E+00  0.31860809E-01
  0.16000000E+01  0.31999999E+00  0.32884464E-01
  0.16000000E+01  0.33999999E+00  0.33889309E-01
  0.16000000E+01  0.35999999E+00  0.34877090E-01
  0.16000000E+01  0.37999999E+00  0.35849598E-01
  0.16000000E+01  0.39999999E+00  0.36808684E-01
  0.16000000E+01  0.41999999E+00  0.37756249E-01
  0.16000000E+01  0.43999999E+00  0.38694252E-01
  0.16000000E+01  0.45999999E+00  0.39624710E-01
  0.16000000E+01  0.47999999E+00  0.40549698E-01
  0.16000000E+01  0.49999999E+00  0.41471350E-01
  0.16000000E+01  0.51999999E+00  0.42391862E-01
  0.16000000E+01  0.53999999E+00  0.43313490E-01
  0.16000000E+01  0.55999999E+00  0.44238548E-01
  0.16000000E+01  0.57999999E+00  0.45169408E-01
  0.16000000E+01  0.59999999E+00  0.46108500E-01
  0.16000000E+01  0.61999999E+00  0.47058303E-01
  0.16000000E+01  0.63999999E+00  0.48021343E-01
  0.16000000E+01  0.65999999E+00  0.49000187E-01
  0.16000000E+01  0.67999998E+00  0.49997431E-01
  0.16000000E+01  0.69999998E+00  0.51015690E-01
  0.16000000E+01  0.71999998E+00  0.52057585E-01
  0.16000000E+01  0.73999998E+00  0.53125721E-01
  0.16000000E+01  0.75999998E+00  0.54222673E-01
  0.16000000E+01  0.77999998E+00  0.55350951E-01
  0.16000000E+01  0.79999998E+00  0.56512974E-01
  0.16000000E+01  0.81999998E+00  0.57711030E-01
  0.16000000E+01  0.83999998E+00  0.58947231E-01
  0.16000000E+01  0.85999998E+00  0.60223453E-01
  0.16000000E+01  0.87999998E+00  0.61541276E-01
  0.16000000E+01  0.89999998E+00  0.62901899E-01
  0.16000000E+01  0.91999998E+00  0.64306040E-01
  0.16000000E+01  0.93999998E+00  0.65753821E-01
  0.16000000E+01  0.95999998E+00  0.67244615E-01
  0.16000000E+01  0.97999998E+00  0.68776864E-01
  0.16000000E+01  0.99999998E+00  0.70347844E-01
  0.16000000E+01  0.10200000E+01  0.71953362E-01
  0.16000000E+01  0.10400000E+01  0.73587361E-01
  0.16000000E+01  0.10600000E+01  0.75241381E-01
  0.16000000E+01  0.10800000E+01  0.76903808E-01
  0.16000000E+01  0.11000000E+01  0.78558771E-01
  0.16000000E+01  0.11200000E+01  0.80184458E-01
  0.16000000E+01  0.11400000E+01  0.81750325E-01
  0.16000000E+01  0.11600000E+01  0.83212074E-01
  0.16000000E+01  0.11800000E+01  0.84501391E-01
  0.16000000E+01  0.12000000E+01  0.85500643E-01
  0.16000000E+01  0.12200000E+01  0.85956541E-01
  0.16000000E+01  0.12400000E+01  0.84738206E-01
  0.16000000E+01  0.12600000E+01  0.84429646E-01
  0.16000000E+01  0.12800000E+01  0.85931803E-01
  0.16000000E+01  0.13000000E+01  0.87433066E-01
  0.16000000E+01  0.13200000E+01  0.88931715E-01
  0.16000000E+01  0.13400000E+01  0.90425966E-01
  0.16000000E+01  0.13600000E+01  0.91913974E-01
  0.16000000E+01  0.13800000E+01  0.93393841E-01
  0.16000000E+01  0.14000000E+01  0.94863618E-01
  0.16000000E+01  0.14200000E+01  0.96321316E-01
  0.16000000E+01  0.14400000E+01  0.97764910E-01
  0.16000000E+01  0.14600000E+01  0.99192348E-01
  0.16000000E+01  0.14800000E+01  0.10060156E+00
  0.16000000E+01  0.15000000E+01  0.10199048E+00
  0.16000000E+01  0.15200000E+01  0.10335702E+00
  0.16000000E+01  0.15400000E+01  0.10469913E+00
  0.16000000E+01  0.15600000E+01  0.10601478E+00
  0.16000000E+01  0.15800000E+01  0.10730198E+00
  0.16000000E+01  0.16000000E+01  0.10855879E+00
  0.16000000E+01  0.16200000E+01  0.10978336E+00
  0.16000000E+01  0.16400000E+01  0.11097389E+00
  0.16000000E+01  0.16600000E+01  0.11212873E+00
  0.16000000E+01  0.16800000E+01  0.11324633E+00
  0.16000000E+01  0.17000000E+01  0.11432527E+00
  0.16000000E+01  0.17200000E+01  0.11536432E+00
  0.16000000E+01  0.17400000E+01  0.11636241E+00
  0.16000000E+01  0.17600000E+01  0.11731868E+00
  0.16000000E+01  0.17800000E+01  0.11823251E+00
  0.16000000E+01  0.18000000E+01  0.11910351E+00
  0.16000000E+01  0.18200000E+01  0.11993158E+00
  0.16000000E+01  0.18400000E+01  0.12071690E+00
  0.16000000E+01  0.18600000E+01  0.12145996E+00
  0.16000000E+01  0.18800000E+01  0.12216162E+00
  0.16000000E+01  0.19000000E+01  0.12282308E+00
  0.16000000E+01  0.19200000E+01  0.12344591E+00
  0.16000000E+01  0.19400000E+01  0.12403209E+00
  0.16000000E+01  0.19600000E+01  0.12458403E+00
  0.16000000E+01  0.19800000E+01  0.12510454E+00
  0.16000000E+01  0.20000000E+01  0.12559689E+00
  0.16200000E+01  0.00000000E+00  0.13980312E-01
  0.16200000E+01  0.20000000E-01  0.15205543E-01
  0.16200000E+01  0.39999999E-01  0.16659590E-01
  0.16200000E+01  0.59999999E-01  0.18074713E-01
  0.16200000E+01  0.79999998E-01  0.19451891E-01
  0.16200000E+01  0.99999998E-01  0.20792174E-01
  0.16200000E+01  0.12000000E+00  0.22096679E-01
  0.16200000E+01  0.14000000E+00  0.23366584E-01
  0.16200000E+01  0.16000000E+00  0.24603128E-01
  0.16200000E+01  0.18000000E+00  0.25807609E-01
  0.16200000E+01  0.20000000E+00  0.26981379E-01
  0.16200000E+01  0.22000000E+00  0.28125849E-01
  0.16200000E+01  0.23999999E+00  0.29242481E-01
  0.16200000E+01  0.25999999E+00  0.30332795E-01
  0.16200000E+01  0.27999999E+00  0.31398363E-01
  0.16200000E+01  0.29999999E+00  0.32440815E-01
  0.16200000E+01  0.31999999E+00  0.33461837E-01
  0.16200000E+01  0.33999999E+00  0.34463174E-01
  0.16200000E+01  0.35999999E+00  0.35446629E-01
  0.16200000E+01  0.37999999E+00  0.36414067E-01
  0.16200000E+01  0.39999999E+00  0.37367417E-01
  0.16200000E+01  0.41999999E+00  0.38308673E-01
  0.16200000E+01  0.43999999E+00  0.39239894E-01
  0.16200000E+01  0.45999999E+00  0.40163210E-01
  0.16200000E+01  0.47999999E+00  0.41080817E-01
  0.16200000E+01  0.49999999E+00  0.41994987E-01
  0.16200000E+01  0.51999999E+00  0.42908059E-01
  0.16200000E+01  0.53999999E+00  0.43822444E-01
  0.16200000E+01  0.55999999E+00  0.44740624E-01
  0.16200000E+01  0.57999999E+00  0.45665148E-01
  0.16200000E+01  0.59999999E+00  0.46598631E-01
  0.16200000E+01  0.61999999E+00  0.47543747E-01
  0.16200000E+01  0.63999999E+00  0.48503223E-01
  0.16200000E+01  0.65999999E+00  0.49479831E-01
  0.16200000E+01  0.67999998E+00  0.50476377E-01
  0.16200000E+01  0.69999998E+00  0.51495686E-01
  0.16200000E+01  0.71999998E+00  0.52540583E-01
  0.16200000E+01  0.73999998E+00  0.53613873E-01
  0.16200000E+01  0.75999998E+00  0.54718314E-01
  0.16200000E+01  0.77999998E+00  0.55856585E-01
  0.16200000E+01  0.79999998E+00  0.57031242E-01
  0.16200000E+01  0.81999998E+00  0.58244675E-01
  0.16200000E+01  0.83999998E+00  0.59499049E-01
  0.16200000E+01  0.85999998E+00  0.60796232E-01
  0.16200000E+01  0.87999998E+00  0.62137712E-01
  0.16200000E+01  0.89999998E+00  0.63524493E-01
  0.16200000E+01  0.91999998E+00  0.64956968E-01
  0.16200000E+01  0.93999998E+00  0.66434763E-01
  0.16200000E+01  0.95999998E+00  0.67956540E-01
  0.16200000E+01  0.97999998E+00  0.69519751E-01
  0.16200000E+01  0.99999998E+00  0.71120320E-01
  0.16200000E+01  0.10200000E+01  0.72752220E-01
  0.16200000E+01  0.10400000E+01  0.74406906E-01
  0.16200000E+01  0.10600000E+01  0.76072522E-01
  0.16200000E+01  0.10800000E+01  0.77732743E-01
  0.16200000E+01  0.11000000E+01  0.79364997E-01
  0.16200000E+01  0.11200000E+01  0.80937537E-01
  0.16200000E+01  0.11400000E+01  0.82404183E-01
  0.16200000E+01  0.11600000E+01  0.83693580E-01
  0.16200000E+01  0.11800000E+01  0.84682797E-01
  0.16200000E+01  0.12000000E+01  0.85107365E-01
  0.16200000E+01  0.12200000E+01  0.83789817E-01
  0.16200000E+01  0.12400000E+01  0.83405305E-01
  0.16200000E+01  0.12600000E+01  0.84900469E-01
  0.16200000E+01  0.12800000E+01  0.86395821E-01
  0.16200000E+01  0.13000000E+01  0.87889709E-01
  0.16200000E+01  0.13200000E+01  0.89380417E-01
  0.16200000E+01  0.13400000E+01  0.90866169E-01
  0.16200000E+01  0.13600000E+01  0.92345127E-01
  0.16200000E+01  0.13800000E+01  0.93815405E-01
  0.16200000E+01  0.14000000E+01  0.95275070E-01
  0.16200000E+01  0.14200000E+01  0.96722151E-01
  0.16200000E+01  0.14400000E+01  0.98154646E-01
  0.16200000E+01  0.14600000E+01  0.99570531E-01
  0.16200000E+01  0.14800000E+01  0.10096777E+00
  0.16200000E+01  0.15000000E+01  0.10234432E+00
  0.16200000E+01  0.15200000E+01  0.10369816E+00
  0.16200000E+01  0.15400000E+01  0.10502727E+00
  0.16200000E+01  0.15600000E+01  0.10632967E+00
  0.16200000E+01  0.15800000E+01  0.10760344E+00
  0.16200000E+01  0.16000000E+01  0.10884671E+00
  0.16200000E+01  0.16200000E+01  0.11005770E+00
  0.16200000E+01  0.16400000E+01  0.11123470E+00
  0.16200000E+01  0.16600000E+01  0.11237613E+00
  0.16200000E+01  0.16800000E+01  0.11348056E+00
  0.16200000E+01  0.17000000E+01  0.11454668E+00
  0.16200000E+01  0.17200000E+01  0.11557336E+00
  0.16200000E+01  0.17400000E+01  0.11655966E+00
  0.16200000E+01  0.17600000E+01  0.11750488E+00
  0.16200000E+01  0.17800000E+01  0.11840852E+00
  0.16200000E+01  0.18000000E+01  0.11927036E+00
  0.16200000E+01  0.18200000E+01  0.12009045E+00
  0.16200000E+01  0.18400000E+01  0.12086915E+00
  0.16200000E+01  0.18600000E+01  0.12160715E+00
  0.16200000E+01  0.18800000E+01  0.12230548E+00
  0.16200000E+01  0.19000000E+01  0.12296554E+00
  0.16200000E+01  0.19200000E+01  0.12358911E+00
  0.16200000E+01  0.19400000E+01  0.12417838E+00
  0.16200000E+01  0.19600000E+01  0.12473596E+00
  0.16200000E+01  0.19800000E+01  0.12526488E+00
  0.16200000E+01  0.20000000E+01  0.12576860E+00
  0.16400000E+01  0.00000000E+00  0.14222443E-01
  0.16400000E+01  0.20000000E-01  0.15728750E-01
  0.16400000E+01  0.39999999E-01  0.17194236E-01
  0.16400000E+01  0.59999999E-01  0.18619770E-01
  0.16400000E+01  0.79999998E-01  0.20006302E-01
  0.16400000E+01  0.99999998E-01  0.21354856E-01
  0.16400000E+01  0.12000000E+00  0.22666530E-01
  0.16400000E+01  0.14000000E+00  0.23942487E-01
  0.16400000E+01  0.16000000E+00  0.25183958E-01
  0.16400000E+01  0.18000000E+00  0.26392239E-01
  0.16400000E+01  0.20000000E+00  0.27568687E-01
  0.16400000E+01  0.22000000E+00  0.28714723E-01
  0.16400000E+01  0.23999999E+00  0.29831829E-01
  0.16400000E+01  0.25999999E+00  0.30921551E-01
  0.16400000E+01  0.27999999E+00  0.31985496E-01
  0.16400000E+01  0.29999999E+00  0.33025338E-01
  0.16400000E+01  0.31999999E+00  0.34042816E-01
  0.16400000E+01  0.33999999E+00  0.35039735E-01
  0.16400000E+01  0.35999999E+00  0.36017972E-01
  0.16400000E+01  0.37999999E+00  0.36979475E-01
  0.16400000E+01  0.39999999E+00  0.37926266E-01
  0.16400000E+01  0.41999999E+00  0.38860443E-01
  0.16400000E+01  0.43999999E+00  0.39784181E-01
  0.16400000E+01  0.45999999E+00  0.40699737E-01
  0.16400000E+01  0.47999999E+00  0.41609448E-01
  0.16400000E+01  0.49999999E+00  0.42515734E-01
  0.16400000E+01  0.51999999E+00  0.43421098E-01
  0.16400000E+01  0.53999999E+00  0.44328126E-01
  0.16400000E+01  0.55999999E+00  0.45239482E-01
  0.16400000E+01  0.57999999E+00  0.46157911E-01
  0.16400000E+01  0.59999999E+00  0.47086231E-01
  0.16400000E+01  0.61999999E+00  0.48027327E-01
  0.16400000E+01  0.63999999E+00  0.48984143E-01
  0.16400000E+01  0.65999999E+00  0.49959672E-01
  0.16400000E+01  0.67999998E+00  0.50956941E-01
  0.16400000E+01  0.69999998E+00  0.51978991E-01
  0.16400000E+01  0.71999998E+00  0.53028861E-01
  0.16400000E+01  0.73999998E+00  0.54109552E-01
  0.16400000E+01  0.75999998E+00  0.55224002E-01
  0.16400000E+01  0.77999998E+00  0.56375038E-01
  0.16400000E+01  0.79999998E+00  0.57565333E-01
  0.16400000E+01  0.81999998E+00  0.58797339E-01
  0.16400000E+01  0.83999998E+00  0.60073220E-01
  0.16400000E+01  0.85999998E+00  0.61394757E-01
  0.16400000E+01  0.87999998E+00  0.62763246E-01
  0.16400000E+01  0.89999998E+00  0.64179360E-01
  0.16400000E+01  0.91999998E+00  0.65642987E-01
  0.16400000E+01  0.93999998E+00  0.67153022E-01
  0.16400000E+01  0.95999998E+00  0.68707108E-01
  0.16400000E+01  0.97999998E+00  0.70301298E-01
  0.16400000E+01  0.99999998E+00  0.71929613E-01
  0.16400000E+01  0.10200000E+01  0.73583443E-01
  0.16400000E+01  0.10400000E+01  0.75250713E-01
  0.16400000E+01  0.10600000E+01  0.76914665E-01
  0.16400000E+01  0.10800000E+01  0.78551992E-01
  0.16400000E+01  0.11000000E+01  0.80129777E-01
  0.16400000E+01  0.11200000E+01  0.81599986E-01
  0.16400000E+01  0.11400000E+01  0.82888268E-01
  0.16400000E+01  0.11600000E+01  0.83866445E-01
  0.16400000E+01  0.11800000E+01  0.84258963E-01
  0.16400000E+01  0.12000000E+01  0.82842175E-01
  0.16400000E+01  0.12200000E+01  0.82381413E-01
  0.16400000E+01  0.12400000E+01  0.83868600E-01
  0.16400000E+01  0.12600000E+01  0.85357016E-01
  0.16400000E+01  0.12800000E+01  0.86845083E-01
  0.16400000E+01  0.13000000E+01  0.88331159E-01
  0.16400000E+01  0.13200000E+01  0.89813534E-01
  0.16400000E+01  0.13400000E+01  0.91290441E-01
  0.16400000E+01  0.13600000E+01  0.92760057E-01
  0.16400000E+01  0.13800000E+01  0.94220512E-01
  0.16400000E+01  0.14000000E+01  0.95669893E-01
  0.16400000E+01  0.14200000E+01  0.97106251E-01
  0.16400000E+01  0.14400000E+01  0.98527613E-01
  0.16400000E+01  0.14600000E+01  0.99931987E-01
  0.16400000E+01  0.14800000E+01  0.10131737E+00
  0.16400000E+01  0.15000000E+01  0.10268177E+00
  0.16400000E+01  0.15200000E+01  0.10402320E+00
  0.16400000E+01  0.15400000E+01  0.10533970E+00
  0.16400000E+01  0.15600000E+01  0.10662935E+00
  0.16400000E+01  0.15800000E+01  0.10789030E+00
  0.16400000E+01  0.16000000E+01  0.10912073E+00
  0.16400000E+01  0.16200000E+01  0.11031895E+00
  0.16400000E+01  0.16400000E+01  0.11148335E+00
  0.16400000E+01  0.16600000E+01  0.11261244E+00
  0.16400000E+01  0.16800000E+01  0.11370488E+00
  0.16400000E+01  0.17000000E+01  0.11475947E+00
  0.16400000E+01  0.17200000E+01  0.11577521E+00
  0.16400000E+01  0.17400000E+01  0.11675129E+00
  0.16400000E+01  0.17600000E+01  0.11768714E+00
  0.16400000E+01  0.17800000E+01  0.11858240E+00
  0.16400000E+01  0.18000000E+01  0.11943702E+00
  0.16400000E+01  0.18200000E+01  0.12025120E+00
  0.16400000E+01  0.18400000E+01  0.12102548E+00
  0.16400000E+01  0.18600000E+01  0.12176073E+00
  0.16400000E+01  0.18800000E+01  0.12245815E+00
  0.16400000E+01  0.19000000E+01  0.12311934E+00
  0.16400000E+01  0.19200000E+01  0.12374627E+00
  0.16400000E+01  0.19400000E+01  0.12434133E+00
  0.16400000E+01  0.19600000E+01  0.12490731E+00
  0.16400000E+01  0.19800000E+01  0.12544744E+00
  0.16400000E+01  0.20000000E+01  0.12596536E+00
  0.16600000E+01  0.00000000E+00  0.14746581E-01
  0.16600000E+01  0.20000000E-01  0.16265076E-01
  0.16600000E+01  0.39999999E-01  0.17741678E-01
  0.16600000E+01  0.59999999E-01  0.19177225E-01
  0.16600000E+01  0.79999998E-01  0.20572638E-01
  0.16600000E+01  0.99999998E-01  0.21928922E-01
  0.16600000E+01  0.12000000E+00  0.23247155E-01
  0.16600000E+01  0.14000000E+00  0.24528492E-01
  0.16600000E+01  0.16000000E+00  0.25774161E-01
  0.16600000E+01  0.18000000E+00  0.26985459E-01
  0.16600000E+01  0.20000000E+00  0.28163755E-01
  0.16600000E+01  0.22000000E+00  0.29310487E-01
  0.16600000E+01  0.23999999E+00  0.30427163E-01
  0.16600000E+01  0.25999999E+00  0.31515364E-01
  0.16600000E+01  0.27999999E+00  0.32576742E-01
  0.16600000E+01  0.29999999E+00  0.33613021E-01
  0.16600000E+01  0.31999999E+00  0.34626006E-01
  0.16600000E+01  0.33999999E+00  0.35617575E-01
  0.16600000E+01  0.35999999E+00  0.36589689E-01
  0.16600000E+01  0.37999999E+00  0.37544392E-01
  0.16600000E+01  0.39999999E+00  0.38483814E-01
  0.16600000E+01  0.41999999E+00  0.39410171E-01
  0.16600000E+01  0.43999999E+00  0.40325771E-01
  0.16600000E+01  0.45999999E+00  0.41233015E-01
  0.16600000E+01  0.47999999E+00  0.42134397E-01
  0.16600000E+01  0.49999999E+00  0.43032504E-01
  0.16600000E+01  0.51999999E+00  0.43930021E-01
  0.16600000E+01  0.53999999E+00  0.44829725E-01
  0.16600000E+01  0.55999999E+00  0.45734485E-01
  0.16600000E+01  0.57999999E+00  0.46647258E-01
  0.16600000E+01  0.59999999E+00  0.47571082E-01
  0.16600000E+01  0.61999999E+00  0.48509070E-01
  0.16600000E+01  0.63999999E+00  0.49464400E-01
  0.16600000E+01  0.65999999E+00  0.50440296E-01
  0.16600000E+01  0.67999998E+00  0.51440016E-01
  0.16600000E+01  0.69999998E+00  0.52466826E-01
  0.16600000E+01  0.71999998E+00  0.53523974E-01
  0.16600000E+01  0.73999998E+00  0.54614656E-01
  0.16600000E+01  0.75999998E+00  0.55741970E-01
  0.16600000E+01  0.77999998E+00  0.56908872E-01
  0.16600000E+01  0.79999998E+00  0.58118106E-01
  0.16600000E+01  0.81999998E+00  0.59372132E-01
  0.16600000E+01  0.83999998E+00  0.60673034E-01
  0.16600000E+01  0.85999998E+00  0.62022405E-01
  0.16600000E+01  0.87999998E+00  0.63421206E-01
  0.16600000E+01  0.89999998E+00  0.64869597E-01
  0.16600000E+01  0.91999998E+00  0.66366716E-01
  0.16600000E+01  0.93999998E+00  0.67910411E-01
  0.16600000E+01  0.95999998E+00  0.69496879E-01
  0.16600000E+01  0.97999998E+00  0.71120207E-01
  0.16600000E+01  0.99999998E+00  0.72771740E-01
  0.16600000E+01  0.10200000E+01  0.74439204E-01
  0.16600000E+01  0.10400000E+01  0.76105434E-01
  0.16600000E+01  0.10600000E+01  0.77746416E-01
  0.16600000E+01  0.10800000E+01  0.79328092E-01
  0.16600000E+01  0.11000000E+01  0.80800612E-01
  0.16600000E+01  0.11200000E+01  0.82086673E-01
  0.16600000E+01  0.11400000E+01  0.83052912E-01
  0.16600000E+01  0.11600000E+01  0.83412808E-01
  0.16600000E+01  0.11800000E+01  0.81897024E-01
  0.16600000E+01  0.12000000E+01  0.81359903E-01
  0.16600000E+01  0.12200000E+01  0.82838165E-01
  0.16600000E+01  0.12400000E+01  0.84318656E-01
  0.16600000E+01  0.12600000E+01  0.85799875E-01
  0.16600000E+01  0.12800000E+01  0.87280254E-01
  0.16600000E+01  0.13000000E+01  0.88758157E-01
  0.16600000E+01  0.13200000E+01  0.90231888E-01
  0.16600000E+01  0.13400000E+01  0.91699694E-01
  0.16600000E+01  0.13600000E+01  0.93159770E-01
  0.16600000E+01  0.13800000E+01  0.94610267E-01
  0.16600000E+01  0.14000000E+01  0.96049295E-01
  0.16600000E+01  0.14200000E+01  0.97474936E-01
  0.16600000E+01  0.14400000E+01  0.98885247E-01
  0.16600000E+01  0.14600000E+01  0.10027827E+00
  0.16600000E+01  0.14800000E+01  0.10165205E+00
  0.16600000E+01  0.15000000E+01  0.10300464E+00
  0.16600000E+01  0.15200000E+01  0.10433409E+00
  0.16600000E+01  0.15400000E+01  0.10563851E+00
  0.16600000E+01  0.15600000E+01  0.10691604E+00
  0.16600000E+01  0.15800000E+01  0.10816489E+00
  0.16600000E+01  0.16000000E+01  0.10938334E+00
  0.16600000E+01  0.16200000E+01  0.11056976E+00
  0.16600000E+01  0.16400000E+01  0.11172263E+00
  0.16600000E+01  0.16600000E+01  0.11284056E+00
  0.16600000E+01  0.16800000E+01  0.11392231E+00
  0.16600000E+01  0.17000000E+01  0.11496681E+00
  0.16600000E+01  0.17200000E+01  0.11597316E+00
  0.16600000E+01  0.17400000E+01  0.11694069E+00
  0.16600000E+01  0.17600000E+01  0.11786895E+00
  0.16600000E+01  0.17800000E+01  0.11875775E+00
  0.16600000E+01  0.18000000E+01  0.11960717E+00
  0.16600000E+01  0.18200000E+01  0.12041757E+00
  0.16600000E+01  0.18400000E+01  0.12118967E+00
  0.16600000E+01  0.18600000E+01  0.12192449E+00
  0.16600000E+01  0.18800000E+01  0.12262343E+00
  0.16600000E+01  0.19000000E+01  0.12328824E+00
  0.16600000E+01  0.19200000E+01  0.12392109E+00
  0.16600000E+01  0.19400000E+01  0.12452454E+00
  0.16600000E+01  0.19600000E+01  0.12510156E+00
  0.16600000E+01  0.19800000E+01  0.12565553E+00
  0.16600000E+01  0.20000000E+01  0.12619026E+00
  0.16800000E+01  0.00000000E+00  0.15283750E-01
  0.16800000E+01  0.20000000E-01  0.16814102E-01
  0.16800000E+01  0.39999999E-01  0.18301412E-01
  0.16800000E+01  0.59999999E-01  0.19746486E-01
  0.16800000E+01  0.79999998E-01  0.21150223E-01
  0.16800000E+01  0.99999998E-01  0.22513607E-01
  0.16800000E+01  0.12000000E+00  0.23837706E-01
  0.16800000E+01  0.14000000E+00  0.25123668E-01
  0.16800000E+01  0.16000000E+00  0.26372724E-01
  0.16800000E+01  0.18000000E+00  0.27586179E-01
  0.16800000E+01  0.20000000E+00  0.28765420E-01
  0.16800000E+01  0.22000000E+00  0.29911909E-01
  0.16800000E+01  0.23999999E+00  0.31027190E-01
  0.16800000E+01  0.25999999E+00  0.32112887E-01
  0.16800000E+01  0.27999999E+00  0.33170704E-01
  0.16800000E+01  0.29999999E+00  0.34202433E-01
  0.16800000E+01  0.31999999E+00  0.35209949E-01
  0.16800000E+01  0.33999999E+00  0.36195221E-01
  0.16800000E+01  0.35999999E+00  0.37160305E-01
  0.16800000E+01  0.37999999E+00  0.38107357E-01
  0.16800000E+01  0.39999999E+00  0.39038628E-01
  0.16800000E+01  0.41999999E+00  0.39956473E-01
  0.16800000E+01  0.43999999E+00  0.40863347E-01
  0.16800000E+01  0.45999999E+00  0.41761812E-01
  0.16800000E+01  0.47999999E+00  0.42654537E-01
  0.16800000E+01  0.49999999E+00  0.43544299E-01
  0.16800000E+01  0.51999999E+00  0.44433982E-01
  0.16800000E+01  0.53999999E+00  0.45326574E-01
  0.16800000E+01  0.55999999E+00  0.46225166E-01
  0.16800000E+01  0.57999999E+00  0.47132947E-01
  0.16800000E+01  0.59999999E+00  0.48053194E-01
  0.16800000E+01  0.61999999E+00  0.48989264E-01
  0.16800000E+01  0.63999999E+00  0.49944577E-01
  0.16800000E+01  0.65999999E+00  0.50922605E-01
  0.16800000E+01  0.67999998E+00  0.51926840E-01
  0.16800000E+01  0.69999998E+00  0.52960774E-01
  0.16800000E+01  0.71999998E+00  0.54027861E-01
  0.16800000E+01  0.73999998E+00  0.55131471E-01
  0.16800000E+01  0.75999998E+00  0.56274843E-01
  0.16800000E+01  0.77999998E+00  0.57461016E-01
  0.16800000E+01  0.79999998E+00  0.58692752E-01
  0.16800000E+01  0.81999998E+00  0.59972439E-01
  0.16800000E+01  0.83999998E+00  0.61301973E-01
  0.16800000E+01  0.85999998E+00  0.62682614E-01
  0.16800000E+01  0.87999998E+00  0.64114800E-01
  0.16800000E+01  0.89999998E+00  0.65597928E-01
  0.16800000E+01  0.91999998E+00  0.67130059E-01
  0.16800000E+01  0.93999998E+00  0.68707552E-01
  0.16800000E+01  0.95999998E+00  0.70324578E-01
  0.16800000E+01  0.97999998E+00  0.71972453E-01
  0.16800000E+01  0.99999998E+00  0.73638731E-01
  0.16800000E+01  0.10200000E+01  0.75305863E-01
  0.16800000E+01  0.10400000E+01  0.76949159E-01
  0.16800000E+01  0.10600000E+01  0.78533451E-01
  0.16800000E+01  0.10800000E+01  0.80007113E-01
  0.16800000E+01  0.11000000E+01  0.81289937E-01
  0.16800000E+01  0.11200000E+01  0.82243451E-01
  0.16800000E+01  0.11400000E+01  0.82570299E-01
  0.16800000E+01  0.11600000E+01  0.80956034E-01
  0.16800000E+01  0.11800000E+01  0.80342629E-01
  0.16800000E+01  0.12000000E+01  0.81811062E-01
  0.16800000E+01  0.12200000E+01  0.83282677E-01
  0.16800000E+01  0.12400000E+01  0.84756054E-01
  0.16800000E+01  0.12600000E+01  0.86229702E-01
  0.16800000E+01  0.12800000E+01  0.87702063E-01
  0.16800000E+01  0.13000000E+01  0.89171516E-01
  0.16800000E+01  0.13200000E+01  0.90636381E-01
  0.16800000E+01  0.13400000E+01  0.92094924E-01
  0.16800000E+01  0.13600000E+01  0.93545363E-01
  0.16800000E+01  0.13800000E+01  0.94985872E-01
  0.16800000E+01  0.14000000E+01  0.96414591E-01
  0.16800000E+01  0.14200000E+01  0.97829634E-01
  0.16800000E+01  0.14400000E+01  0.99229094E-01
  0.16800000E+01  0.14600000E+01  0.10061106E+00
  0.16800000E+01  0.14800000E+01  0.10197361E+00
  0.16800000E+01  0.15000000E+01  0.10331484E+00
  0.16800000E+01  0.15200000E+01  0.10463288E+00
  0.16800000E+01  0.15400000E+01  0.10592589E+00
  0.16800000E+01  0.15600000E+01  0.10719207E+00
  0.16800000E+01  0.15800000E+01  0.10842970E+00
  0.16800000E+01  0.16000000E+01  0.10963714E+00
  0.16800000E+01  0.16200000E+01  0.11081285E+00
  0.16800000E+01  0.16400000E+01  0.11195540E+00
  0.16800000E+01  0.16600000E+01  0.11306349E+00
  0.16800000E+01  0.16800000E+01  0.11413599E+00
  0.16800000E+01  0.17000000E+01  0.11517193E+00
  0.16800000E+01  0.17200000E+01  0.11617055E+00
  0.16800000E+01  0.17400000E+01  0.11713129E+00
  0.16800000E+01  0.17600000E+01  0.11805384E+00
  0.16800000E+01  0.17800000E+01  0.11893815E+00
  0.16800000E+01  0.18000000E+01  0.11978444E+00
  0.16800000E+01  0.18200000E+01  0.12059323E+00
  0.16800000E+01  0.18400000E+01  0.12136539E+00
  0.16800000E+01  0.18600000E+01  0.12210210E+00
  0.16800000E+01  0.18800000E+01  0.12280492E+00
  0.16800000E+01  0.19000000E+01  0.12347578E+00
  0.16800000E+01  0.19200000E+01  0.12411700E+00
  0.16800000E+01  0.19400000E+01  0.12473129E+00
  0.16800000E+01  0.19600000E+01  0.12532178E+00
  0.16800000E+01  0.19800000E+01  0.12589199E+00
  0.16800000E+01  0.20000000E+01  0.12644585E+00
  0.17000000E+01  0.00000000E+00  0.15833533E-01
  0.17000000E+01  0.20000000E-01  0.17375324E-01
  0.17000000E+01  0.39999999E-01  0.18872843E-01
  0.17000000E+01  0.59999999E-01  0.20326869E-01
  0.17000000E+01  0.79999998E-01  0.21738281E-01
  0.17000000E+01  0.99999998E-01  0.23108048E-01
  0.17000000E+01  0.12000000E+00  0.24437232E-01
  0.17000000E+01  0.14000000E+00  0.25726982E-01
  0.17000000E+01  0.16000000E+00  0.26978533E-01
  0.17000000E+01  0.18000000E+00  0.28193210E-01
  0.17000000E+01  0.20000000E+00  0.29372421E-01
  0.17000000E+01  0.22000000E+00  0.30517665E-01
  0.17000000E+01  0.23999999E+00  0.31630529E-01
  0.17000000E+01  0.25999999E+00  0.32712688E-01
  0.17000000E+01  0.27999999E+00  0.33765915E-01
  0.17000000E+01  0.29999999E+00  0.34792075E-01
  0.17000000E+01  0.31999999E+00  0.35793134E-01
  0.17000000E+01  0.33999999E+00  0.36771157E-01
  0.17000000E+01  0.35999999E+00  0.37728318E-01
  0.17000000E+01  0.37999999E+00  0.38666896E-01
  0.17000000E+01  0.39999999E+00  0.39589284E-01
  0.17000000E+01  0.41999999E+00  0.40497988E-01
  0.17000000E+01  0.43999999E+00  0.41395633E-01
  0.17000000E+01  0.45999999E+00  0.42284960E-01
  0.17000000E+01  0.47999999E+00  0.43168836E-01
  0.17000000E+01  0.49999999E+00  0.44050242E-01
  0.17000000E+01  0.51999999E+00  0.44932284E-01
  0.17000000E+01  0.53999999E+00  0.45818181E-01
  0.17000000E+01  0.55999999E+00  0.46711267E-01
  0.17000000E+01  0.57999999E+00  0.47614979E-01
  0.17000000E+01  0.59999999E+00  0.48532850E-01
  0.17000000E+01  0.61999999E+00  0.49468494E-01
  0.17000000E+01  0.63999999E+00  0.50425590E-01
  0.17000000E+01  0.65999999E+00  0.51407858E-01
  0.17000000E+01  0.67999998E+00  0.52419029E-01
  0.17000000E+01  0.69999998E+00  0.53462815E-01
  0.17000000E+01  0.71999998E+00  0.54542860E-01
  0.17000000E+01  0.73999998E+00  0.55662685E-01
  0.17000000E+01  0.75999998E+00  0.56825626E-01
  0.17000000E+01  0.77999998E+00  0.58034750E-01
  0.17000000E+01  0.79999998E+00  0.59292755E-01
  0.17000000E+01  0.81999998E+00  0.60601846E-01
  0.17000000E+01  0.83999998E+00  0.61963585E-01
  0.17000000E+01  0.85999998E+00  0.63378704E-01
  0.17000000E+01  0.87999998E+00  0.64846862E-01
  0.17000000E+01  0.89999998E+00  0.66366353E-01
  0.17000000E+01  0.91999998E+00  0.67933712E-01
  0.17000000E+01  0.93999998E+00  0.69543206E-01
  0.17000000E+01  0.95999998E+00  0.71186151E-01
  0.17000000E+01  0.97999998E+00  0.72849945E-01
  0.17000000E+01  0.99999998E+00  0.74516683E-01
  0.17000000E+01  0.10200000E+01  0.76161029E-01
  0.17000000E+01  0.10400000E+01  0.77746741E-01
  0.17000000E+01  0.10600000E+01  0.79220459E-01
  0.17000000E+01  0.10800000E+01  0.80499127E-01
  0.17000000E+01  0.11000000E+01  0.81439239E-01
  0.17000000E+01  0.11200000E+01  0.81732759E-01
  0.17000000E+01  0.11400000E+01  0.80020791E-01
  0.17000000E+01  0.11600000E+01  0.79331365E-01
  0.17000000E+01  0.11800000E+01  0.80789109E-01
  0.17000000E+01  0.12000000E+01  0.82250939E-01
  0.17000000E+01  0.12200000E+01  0.83715518E-01
  0.17000000E+01  0.12400000E+01  0.85181436E-01
  0.17000000E+01  0.12600000E+01  0.86647216E-01
  0.17000000E+01  0.12800000E+01  0.88111315E-01
  0.17000000E+01  0.13000000E+01  0.89572131E-01
  0.17000000E+01  0.13200000E+01  0.91028003E-01
  0.17000000E+01  0.13400000E+01  0.92477221E-01
  0.17000000E+01  0.13600000E+01  0.93918029E-01
  0.17000000E+01  0.13800000E+01  0.95348630E-01
  0.17000000E+01  0.14000000E+01  0.96767198E-01
  0.17000000E+01  0.14200000E+01  0.98171881E-01
  0.17000000E+01  0.14400000E+01  0.99560814E-01
  0.17000000E+01  0.14600000E+01  0.10093213E+00
  0.17000000E+01  0.14800000E+01  0.10228395E+00
  0.17000000E+01  0.15000000E+01  0.10361444E+00
  0.17000000E+01  0.15200000E+01  0.10492176E+00
  0.17000000E+01  0.15400000E+01  0.10620415E+00
  0.17000000E+01  0.15600000E+01  0.10745988E+00
  0.17000000E+01  0.15800000E+01  0.10868730E+00
  0.17000000E+01  0.16000000E+01  0.10988485E+00
  0.17000000E+01  0.16200000E+01  0.11105107E+00
  0.17000000E+01  0.16400000E+01  0.11218461E+00
  0.17000000E+01  0.16600000E+01  0.11328430E+00
  0.17000000E+01  0.16800000E+01  0.11434908E+00
  0.17000000E+01  0.17000000E+01  0.11537811E+00
  0.17000000E+01  0.17200000E+01  0.11637074E+00
  0.17000000E+01  0.17400000E+01  0.11732653E+00
  0.17000000E+01  0.17600000E+01  0.11824530E+00
  0.17000000E+01  0.17800000E+01  0.11912713E+00
  0.17000000E+01  0.18000000E+01  0.11997238E+00
  0.17000000E+01  0.18200000E+01  0.12078172E+00
  0.17000000E+01  0.18400000E+01  0.12155614E+00
  0.17000000E+01  0.18600000E+01  0.12229700E+00
  0.17000000E+01  0.18800000E+01  0.12300598E+00
  0.17000000E+01  0.19000000E+01  0.12368517E+00
  0.17000000E+01  0.19200000E+01  0.12433703E+00
  0.17000000E+01  0.19400000E+01  0.12496440E+00
  0.17000000E+01  0.19600000E+01  0.12557053E+00
  0.17000000E+01  0.19800000E+01  0.12615906E+00
  0.17000000E+01  0.20000000E+01  0.12673398E+00
  0.17200000E+01  0.00000000E+00  0.16395427E-01
  0.17200000E+01  0.20000000E-01  0.17948144E-01
  0.17200000E+01  0.39999999E-01  0.19455280E-01
  0.17200000E+01  0.59999999E-01  0.20917590E-01
  0.17200000E+01  0.79999998E-01  0.22335938E-01
  0.17200000E+01  0.99999998E-01  0.23711283E-01
  0.17200000E+01  0.12000000E+00  0.25044686E-01
  0.17200000E+01  0.14000000E+00  0.26337300E-01
  0.17200000E+01  0.16000000E+00  0.27590379E-01
  0.17200000E+01  0.18000000E+00  0.28805267E-01
  0.17200000E+01  0.20000000E+00  0.29983409E-01
  0.17200000E+01  0.22000000E+00  0.31126346E-01
  0.17200000E+01  0.23999999E+00  0.32235717E-01
  0.17200000E+01  0.25999999E+00  0.33313267E-01
  0.17200000E+01  0.27999999E+00  0.34360843E-01
  0.17200000E+01  0.29999999E+00  0.35380400E-01
  0.17200000E+01  0.31999999E+00  0.36374006E-01
  0.17200000E+01  0.33999999E+00  0.37343844E-01
  0.17200000E+01  0.35999999E+00  0.38292216E-01
  0.17200000E+01  0.37999999E+00  0.39221544E-01
  0.17200000E+01  0.39999999E+00  0.40134381E-01
  0.17200000E+01  0.41999999E+00  0.41033405E-01
  0.17200000E+01  0.43999999E+00  0.41921428E-01
  0.17200000E+01  0.45999999E+00  0.42801394E-01
  0.17200000E+01  0.47999999E+00  0.43676383E-01
  0.17200000E+01  0.49999999E+00  0.44549608E-01
  0.17200000E+01  0.51999999E+00  0.45424413E-01
  0.17200000E+01  0.53999999E+00  0.46304271E-01
  0.17200000E+01  0.55999999E+00  0.47192775E-01
  0.17200000E+01  0.57999999E+00  0.48093630E-01
  0.17200000E+01  0.59999999E+00  0.49010640E-01
  0.17200000E+01  0.61999999E+00  0.49947689E-01
  0.17200000E+01  0.63999999E+00  0.50908718E-01
  0.17200000E+01  0.65999999E+00  0.51897702E-01
  0.17200000E+01  0.67999998E+00  0.52918605E-01
  0.17200000E+01  0.69999998E+00  0.53975344E-01
  0.17200000E+01  0.71999998E+00  0.55071725E-01
  0.17200000E+01  0.73999998E+00  0.56211383E-01
  0.17200000E+01  0.75999998E+00  0.57397691E-01
  0.17200000E+01  0.77999998E+00  0.58633660E-01
  0.17200000E+01  0.79999998E+00  0.59921812E-01
  0.17200000E+01  0.81999998E+00  0.61264020E-01
  0.17200000E+01  0.83999998E+00  0.62661312E-01
  0.17200000E+01  0.85999998E+00  0.64113628E-01
  0.17200000E+01  0.87999998E+00  0.65619501E-01
  0.17200000E+01  0.89999998E+00  0.67175657E-01
  0.17200000E+01  0.91999998E+00  0.68776485E-01
  0.17200000E+01  0.93999998E+00  0.70413311E-01
  0.17200000E+01  0.95999998E+00  0.72073407E-01
  0.17200000E+01  0.97999998E+00  0.73738538E-01
  0.17200000E+01  0.99999998E+00  0.75382752E-01
  0.17200000E+01  0.10200000E+01  0.76968771E-01
  0.17200000E+01  0.10400000E+01  0.78441546E-01
  0.17200000E+01  0.10600000E+01  0.79715229E-01
  0.17200000E+01  0.10800000E+01  0.80641372E-01
  0.17200000E+01  0.11000000E+01  0.80901429E-01
  0.17200000E+01  0.11200000E+01  0.79092799E-01
  0.17200000E+01  0.11400000E+01  0.78327798E-01
  0.17200000E+01  0.11600000E+01  0.79774042E-01
  0.17200000E+01  0.11800000E+01  0.81225224E-01
  0.17200000E+01  0.12000000E+01  0.82680090E-01
  0.17200000E+01  0.12200000E+01  0.84137317E-01
  0.17200000E+01  0.12400000E+01  0.85595510E-01
  0.17200000E+01  0.12600000E+01  0.87053210E-01
  0.17200000E+01  0.12800000E+01  0.88508893E-01
  0.17200000E+01  0.13000000E+01  0.89960978E-01
  0.17200000E+01  0.13200000E+01  0.91407831E-01
  0.17200000E+01  0.13400000E+01  0.92847767E-01
  0.17200000E+01  0.13600000E+01  0.94279061E-01
  0.17200000E+01  0.13800000E+01  0.95699950E-01
  0.17200000E+01  0.14000000E+01  0.97108642E-01
  0.17200000E+01  0.14200000E+01  0.98503328E-01
  0.17200000E+01  0.14400000E+01  0.99882183E-01
  0.17200000E+01  0.14600000E+01  0.10124338E+00
  0.17200000E+01  0.14800000E+01  0.10258512E+00
  0.17200000E+01  0.15000000E+01  0.10390558E+00
  0.17200000E+01  0.15200000E+01  0.10520303E+00
  0.17200000E+01  0.15400000E+01  0.10647573E+00
  0.17200000E+01  0.15600000E+01  0.10772204E+00
  0.17200000E+01  0.15800000E+01  0.10894038E+00
  0.17200000E+01  0.16000000E+01  0.11012927E+00
  0.17200000E+01  0.16200000E+01  0.11128733E+00
  0.17200000E+01  0.16400000E+01  0.11241332E+00
  0.17200000E+01  0.16600000E+01  0.11350612E+00
  0.17200000E+01  0.16800000E+01  0.11456482E+00
  0.17200000E+01  0.17000000E+01  0.11558866E+00
  0.17200000E+01  0.17200000E+01  0.11657710E+00
  0.17200000E+01  0.17400000E+01  0.11752983E+00
  0.17200000E+01  0.17600000E+01  0.11844677E+00
  0.17200000E+01  0.17800000E+01  0.11932813E+00
  0.17200000E+01  0.18000000E+01  0.12017440E+00
  0.17200000E+01  0.18200000E+01  0.12098639E+00
  0.17200000E+01  0.18400000E+01  0.12176521E+00
  0.17200000E+01  0.18600000E+01  0.12251235E+00
  0.17200000E+01  0.18800000E+01  0.12322962E+00
  0.17200000E+01  0.19000000E+01  0.12391924E+00
  0.17200000E+01  0.19200000E+01  0.12458377E+00
  0.17200000E+01  0.19400000E+01  0.12522617E+00
  0.17200000E+01  0.19600000E+01  0.12584977E+00
  0.17200000E+01  0.19800000E+01  0.12645829E+00
  0.17200000E+01  0.20000000E+01  0.12705576E+00
  0.17400000E+01  0.00000000E+00  0.16968835E-01
  0.17400000E+01  0.20000000E-01  0.18531870E-01
  0.17400000E+01  0.39999999E-01  0.20047935E-01
  0.17400000E+01  0.59999999E-01  0.21517768E-01
  0.17400000E+01  0.79999998E-01  0.22942220E-01
  0.17400000E+01  0.99999998E-01  0.24322248E-01
  0.17400000E+01  0.12000000E+00  0.25658916E-01
  0.17400000E+01  0.14000000E+00  0.26953393E-01
  0.17400000E+01  0.16000000E+00  0.28206953E-01
  0.17400000E+01  0.18000000E+00  0.29420975E-01
  0.17400000E+01  0.20000000E+00  0.30596945E-01
  0.17400000E+01  0.22000000E+00  0.31736458E-01
  0.17400000E+01  0.23999999E+00  0.32841222E-01
  0.17400000E+01  0.25999999E+00  0.33913057E-01
  0.17400000E+01  0.27999999E+00  0.34953902E-01
  0.17400000E+01  0.29999999E+00  0.35965817E-01
  0.17400000E+01  0.31999999E+00  0.36950988E-01
  0.17400000E+01  0.33999999E+00  0.37911730E-01
  0.17400000E+01  0.35999999E+00  0.38850494E-01
  0.17400000E+01  0.37999999E+00  0.39769865E-01
  0.17400000E+01  0.39999999E+00  0.40672572E-01
  0.17400000E+01  0.41999999E+00  0.41561488E-01
  0.17400000E+01  0.43999999E+00  0.42439633E-01
  0.17400000E+01  0.45999999E+00  0.43310175E-01
  0.17400000E+01  0.47999999E+00  0.44176430E-01
  0.17400000E+01  0.49999999E+00  0.45041861E-01
  0.17400000E+01  0.51999999E+00  0.45910077E-01
  0.17400000E+01  0.53999999E+00  0.46784820E-01
  0.17400000E+01  0.55999999E+00  0.47669964E-01
  0.17400000E+01  0.57999999E+00  0.48569497E-01
  0.17400000E+01  0.59999999E+00  0.49487504E-01
  0.17400000E+01  0.61999999E+00  0.50428150E-01
  0.17400000E+01  0.63999999E+00  0.51395643E-01
  0.17400000E+01  0.65999999E+00  0.52394204E-01
  0.17400000E+01  0.67999998E+00  0.53428019E-01
  0.17400000E+01  0.69999998E+00  0.54501182E-01
  0.17400000E+01  0.71999998E+00  0.55617624E-01
  0.17400000E+01  0.73999998E+00  0.56781030E-01
  0.17400000E+01  0.75999998E+00  0.57994728E-01
  0.17400000E+01  0.77999998E+00  0.59261559E-01
  0.17400000E+01  0.79999998E+00  0.60583714E-01
  0.17400000E+01  0.81999998E+00  0.61962530E-01
  0.17400000E+01  0.83999998E+00  0.63398232E-01
  0.17400000E+01  0.85999998E+00  0.64889610E-01
  0.17400000E+01  0.87999998E+00  0.66433596E-01
  0.17400000E+01  0.89999998E+00  0.68024712E-01
  0.17400000E+01  0.91999998E+00  0.69654322E-01
  0.17400000E+01  0.93999998E+00  0.71309593E-01
  0.17400000E+01  0.95999998E+00  0.72971987E-01
  0.17400000E+01  0.97999998E+00  0.74614970E-01
  0.17400000E+01  0.99999998E+00  0.76200265E-01
  0.17400000E+01  0.10200000E+01  0.77671183E-01
  0.17400000E+01  0.10400000E+01  0.78939150E-01
  0.17400000E+01  0.10600000E+01  0.79850867E-01
  0.17400000E+01  0.10800000E+01  0.80077470E-01
  0.17400000E+01  0.11000000E+01  0.78173474E-01
  0.17400000E+01  0.11200000E+01  0.77333529E-01
  0.17400000E+01  0.11400000E+01  0.78767512E-01
  0.17400000E+01  0.11600000E+01  0.80207228E-01
  0.17400000E+01  0.11800000E+01  0.81651512E-01
  0.17400000E+01  0.12000000E+01  0.83099128E-01
  0.17400000E+01  0.12200000E+01  0.84548766E-01
  0.17400000E+01  0.12400000E+01  0.85999053E-01
  0.17400000E+01  0.12600000E+01  0.87448550E-01
  0.17400000E+01  0.12800000E+01  0.88895758E-01
  0.17400000E+01  0.13000000E+01  0.90339122E-01
  0.17400000E+01  0.13200000E+01  0.91777034E-01
  0.17400000E+01  0.13400000E+01  0.93207843E-01
  0.17400000E+01  0.13600000E+01  0.94629855E-01
  0.17400000E+01  0.13800000E+01  0.96041344E-01
  0.17400000E+01  0.14000000E+01  0.97440560E-01
  0.17400000E+01  0.14200000E+01  0.98825734E-01
  0.17400000E+01  0.14400000E+01  0.10019509E+00
  0.17400000E+01  0.14600000E+01  0.10154685E+00
  0.17400000E+01  0.14800000E+01  0.10287925E+00
  0.17400000E+01  0.15000000E+01  0.10419057E+00
  0.17400000E+01  0.15200000E+01  0.10547908E+00
  0.17400000E+01  0.15400000E+01  0.10674316E+00
  0.17400000E+01  0.15600000E+01  0.10798120E+00
  0.17400000E+01  0.15800000E+01  0.10919171E+00
  0.17400000E+01  0.16000000E+01  0.11037329E+00
  0.17400000E+01  0.16200000E+01  0.11152463E+00
  0.17400000E+01  0.16400000E+01  0.11264458E+00
  0.17400000E+01  0.16600000E+01  0.11373213E+00
  0.17400000E+01  0.16800000E+01  0.11478644E+00
  0.17400000E+01  0.17000000E+01  0.11580686E+00
  0.17400000E+01  0.17200000E+01  0.11679294E+00
  0.17400000E+01  0.17400000E+01  0.11774449E+00
  0.17400000E+01  0.17600000E+01  0.11866155E+00
  0.17400000E+01  0.17800000E+01  0.11954443E+00
  0.17400000E+01  0.18000000E+01  0.12039373E+00
  0.17400000E+01  0.18200000E+01  0.12121037E+00
  0.17400000E+01  0.18400000E+01  0.12199559E+00
  0.17400000E+01  0.18600000E+01  0.12275097E+00
  0.17400000E+01  0.18800000E+01  0.12347844E+00
  0.17400000E+01  0.19000000E+01  0.12418031E+00
  0.17400000E+01  0.19200000E+01  0.12485924E+00
  0.17400000E+01  0.19400000E+01  0.12551825E+00
  0.17400000E+01  0.19600000E+01  0.12616074E+00
  0.17400000E+01  0.19800000E+01  0.12679044E+00
  0.17400000E+01  0.20000000E+01  0.12741140E+00
  0.17600000E+01  0.00000000E+00  0.17553065E-01
  0.17600000E+01  0.20000000E-01  0.19125711E-01
  0.17600000E+01  0.39999999E-01  0.20649921E-01
  0.17600000E+01  0.59999999E-01  0.22126420E-01
  0.17600000E+01  0.79999998E-01  0.23556052E-01
  0.17600000E+01  0.99999998E-01  0.24939779E-01
  0.17600000E+01  0.12000000E+00  0.26278676E-01
  0.17600000E+01  0.14000000E+00  0.27573934E-01
  0.17600000E+01  0.16000000E+00  0.28826858E-01
  0.17600000E+01  0.18000000E+00  0.30038870E-01
  0.17600000E+01  0.20000000E+00  0.31211510E-01
  0.17600000E+01  0.22000000E+00  0.32346440E-01
  0.17600000E+01  0.23999999E+00  0.33445446E-01
  0.17600000E+01  0.25999999E+00  0.34510441E-01
  0.17600000E+01  0.27999999E+00  0.35543469E-01
  0.17600000E+01  0.29999999E+00  0.36546713E-01
  0.17600000E+01  0.31999999E+00  0.37522493E-01
  0.17600000E+01  0.33999999E+00  0.38473277E-01
  0.17600000E+01  0.35999999E+00  0.39401681E-01
  0.17600000E+01  0.37999999E+00  0.40310475E-01
  0.17600000E+01  0.39999999E+00  0.41202587E-01
  0.17600000E+01  0.41999999E+00  0.42081105E-01
  0.17600000E+01  0.43999999E+00  0.42949280E-01
  0.17600000E+01  0.45999999E+00  0.43810526E-01
  0.17600000E+01  0.47999999E+00  0.44668419E-01
  0.17600000E+01  0.49999999E+00  0.45526695E-01
  0.17600000E+01  0.51999999E+00  0.46389244E-01
  0.17600000E+01  0.53999999E+00  0.47260101E-01
  0.17600000E+01  0.55999999E+00  0.48143436E-01
  0.17600000E+01  0.57999999E+00  0.49043532E-01
  0.17600000E+01  0.59999999E+00  0.49964770E-01
  0.17600000E+01  0.61999999E+00  0.50911594E-01
  0.17600000E+01  0.63999999E+00  0.51888477E-01
  0.17600000E+01  0.65999999E+00  0.52899875E-01
  0.17600000E+01  0.67999998E+00  0.53950166E-01
  0.17600000E+01  0.69999998E+00  0.55043582E-01
  0.17600000E+01  0.71999998E+00  0.56184119E-01
  0.17600000E+01  0.73999998E+00  0.57375427E-01
  0.17600000E+01  0.75999998E+00  0.58620670E-01
  0.17600000E+01  0.77999998E+00  0.59922365E-01
  0.17600000E+01  0.79999998E+00  0.61282162E-01
  0.17600000E+01  0.81999998E+00  0.62700587E-01
  0.17600000E+01  0.83999998E+00  0.64176695E-01
  0.17600000E+01  0.85999998E+00  0.65707640E-01
  0.17600000E+01  0.87999998E+00  0.67288096E-01
  0.17600000E+01  0.89999998E+00  0.68909484E-01
  0.17600000E+01  0.91999998E+00  0.70558890E-01
  0.17600000E+01  0.93999998E+00  0.72217503E-01
  0.17600000E+01  0.95999998E+00  0.73858240E-01
  0.17600000E+01  0.97999998E+00  0.75441865E-01
  0.17600000E+01  0.99999998E+00  0.76910101E-01
  0.17600000E+01  0.10200000E+01  0.78171713E-01
  0.17600000E+01  0.10400000E+01  0.79068659E-01
  0.17600000E+01  0.10600000E+01  0.79261958E-01
  0.17600000E+01  0.10800000E+01  0.77264143E-01
  0.17600000E+01  0.11000000E+01  0.76350064E-01
  0.17600000E+01  0.11200000E+01  0.77771078E-01
  0.17600000E+01  0.11400000E+01  0.79198564E-01
  0.17600000E+01  0.11600000E+01  0.80631444E-01
  0.17600000E+01  0.11800000E+01  0.82068572E-01
  0.17600000E+01  0.12000000E+01  0.83508728E-01
  0.17600000E+01  0.12200000E+01  0.84950627E-01
  0.17600000E+01  0.12400000E+01  0.86392918E-01
  0.17600000E+01  0.12600000E+01  0.87834186E-01
  0.17600000E+01  0.12800000E+01  0.89272961E-01
  0.17600000E+01  0.13000000E+01  0.90707717E-01
  0.17600000E+01  0.13200000E+01  0.92136879E-01
  0.17600000E+01  0.13400000E+01  0.93558828E-01
  0.17600000E+01  0.13600000E+01  0.94971909E-01
  0.17600000E+01  0.13800000E+01  0.96374435E-01
  0.17600000E+01  0.14000000E+01  0.97764698E-01
  0.17600000E+01  0.14200000E+01  0.99140973E-01
  0.17600000E+01  0.14400000E+01  0.10050153E+00
  0.17600000E+01  0.14600000E+01  0.10184465E+00
  0.17600000E+01  0.14800000E+01  0.10316862E+00
  0.17600000E+01  0.15000000E+01  0.10447176E+00
  0.17600000E+01  0.15200000E+01  0.10575243E+00
  0.17600000E+01  0.15400000E+01  0.10700905E+00
  0.17600000E+01  0.15600000E+01  0.10824010E+00
  0.17600000E+01  0.15800000E+01  0.10944414E+00
  0.17600000E+01  0.16000000E+01  0.11061984E+00
  0.17600000E+01  0.16200000E+01  0.11176600E+00
  0.17600000E+01  0.16400000E+01  0.11288152E+00
  0.17600000E+01  0.16600000E+01  0.11396548E+00
  0.17600000E+01  0.16800000E+01  0.11501713E+00
  0.17600000E+01  0.17000000E+01  0.11603592E+00
  0.17600000E+01  0.17200000E+01  0.11702150E+00
  0.17600000E+01  0.17400000E+01  0.11797375E+00
  0.17600000E+01  0.17600000E+01  0.11889281E+00
  0.17600000E+01  0.17800000E+01  0.11977909E+00
  0.17600000E+01  0.18000000E+01  0.12063331E+00
  0.17600000E+01  0.18200000E+01  0.12145645E+00
  0.17600000E+01  0.18400000E+01  0.12224987E+00
  0.17600000E+01  0.18600000E+01  0.12301522E+00
  0.17600000E+01  0.18800000E+01  0.12375453E+00
  0.17600000E+01  0.19000000E+01  0.12447015E+00
  0.17600000E+01  0.19200000E+01  0.12516481E+00
  0.17600000E+01  0.19400000E+01  0.12584158E+00
  0.17600000E+01  0.19600000E+01  0.12650386E+00
  0.17600000E+01  0.19800000E+01  0.12715538E+00
  0.17600000E+01  0.20000000E+01  0.12780013E+00
  0.17800000E+01  0.00000000E+00  0.18147329E-01
  0.17800000E+01  0.20000000E-01  0.19728779E-01
  0.17800000E+01  0.39999999E-01  0.21260250E-01
  0.17800000E+01  0.59999999E-01  0.22742462E-01
  0.17800000E+01  0.79999998E-01  0.24176260E-01
  0.17800000E+01  0.99999998E-01  0.25562615E-01
  0.17800000E+01  0.12000000E+00  0.26902623E-01
  0.17800000E+01  0.14000000E+00  0.28197505E-01
  0.17800000E+01  0.16000000E+00  0.29448608E-01
  0.17800000E+01  0.18000000E+00  0.30657409E-01
  0.17800000E+01  0.20000000E+00  0.31825515E-01
  0.17800000E+01  0.22000000E+00  0.32954666E-01
  0.17800000E+01  0.23999999E+00  0.34046742E-01
  0.17800000E+01  0.25999999E+00  0.35103763E-01
  0.17800000E+01  0.27999999E+00  0.36127898E-01
  0.17800000E+01  0.29999999E+00  0.37121468E-01
  0.17800000E+01  0.31999999E+00  0.38086948E-01
  0.17800000E+01  0.33999999E+00  0.39026978E-01
  0.17800000E+01  0.35999999E+00  0.39944361E-01
  0.17800000E+01  0.37999999E+00  0.40842074E-01
  0.17800000E+01  0.39999999E+00  0.41723266E-01
  0.17800000E+01  0.41999999E+00  0.42591264E-01
  0.17800000E+01  0.43999999E+00  0.43449573E-01
  0.17800000E+01  0.45999999E+00  0.44301875E-01
  0.17800000E+01  0.47999999E+00  0.45152031E-01
  0.17800000E+01  0.49999999E+00  0.46004069E-01
  0.17800000E+01  0.51999999E+00  0.46862185E-01
  0.17800000E+01  0.53999999E+00  0.47730722E-01
  0.17800000E+01  0.55999999E+00  0.48614159E-01
  0.17800000E+01  0.57999999E+00  0.49517090E-01
  0.17800000E+01  0.59999999E+00  0.50444190E-01
  0.17800000E+01  0.61999999E+00  0.51400183E-01
  0.17800000E+01  0.63999999E+00  0.52389792E-01
  0.17800000E+01  0.65999999E+00  0.53417681E-01
  0.17800000E+01  0.67999998E+00  0.54488382E-01
  0.17800000E+01  0.69999998E+00  0.55606205E-01
  0.17800000E+01  0.71999998E+00  0.56775121E-01
  0.17800000E+01  0.73999998E+00  0.57998626E-01
  0.17800000E+01  0.75999998E+00  0.59279566E-01
  0.17800000E+01  0.77999998E+00  0.60619916E-01
  0.17800000E+01  0.79999998E+00  0.62020506E-01
  0.17800000E+01  0.81999998E+00  0.63480674E-01
  0.17800000E+01  0.83999998E+00  0.64997808E-01
  0.17800000E+01  0.85999998E+00  0.66566753E-01
  0.17800000E+01  0.87999998E+00  0.68179007E-01
  0.17800000E+01  0.89999998E+00  0.69821599E-01
  0.17800000E+01  0.91999998E+00  0.71475475E-01
  0.17800000E+01  0.93999998E+00  0.73113035E-01
  0.17800000E+01  0.95999998E+00  0.74694131E-01
  0.17800000E+01  0.97999998E+00  0.76158948E-01
  0.17800000E+01  0.99999998E+00  0.77413662E-01
  0.17800000E+01  0.10200000E+01  0.78295598E-01
  0.17800000E+01  0.10400000E+01  0.78455884E-01
  0.17800000E+01  0.10600000E+01  0.76366040E-01
  0.17800000E+01  0.10800000E+01  0.75378815E-01
  0.17800000E+01  0.11000000E+01  0.76786211E-01
  0.17800000E+01  0.11200000E+01  0.78200753E-01
  0.17800000E+01  0.11400000E+01  0.79621457E-01
  0.17800000E+01  0.11600000E+01  0.81047268E-01
  0.17800000E+01  0.11800000E+01  0.82477058E-01
  0.17800000E+01  0.12000000E+01  0.83909634E-01
  0.17800000E+01  0.12200000E+01  0.85343734E-01
  0.17800000E+01  0.12400000E+01  0.86778034E-01
  0.17800000E+01  0.12600000E+01  0.88211150E-01
  0.17800000E+01  0.12800000E+01  0.89641641E-01
  0.17800000E+01  0.13000000E+01  0.91068014E-01
  0.17800000E+01  0.13200000E+01  0.92488729E-01
  0.17800000E+01  0.13400000E+01  0.93902207E-01
  0.17800000E+01  0.13600000E+01  0.95306829E-01
  0.17800000E+01  0.13800000E+01  0.96700952E-01
  0.17800000E+01  0.14000000E+01  0.98082911E-01
  0.17800000E+01  0.14200000E+01  0.99451028E-01
  0.17800000E+01  0.14400000E+01  0.10080362E+00
  0.17800000E+01  0.14600000E+01  0.10213902E+00
  0.17800000E+01  0.14800000E+01  0.10345558E+00
  0.17800000E+01  0.15000000E+01  0.10475165E+00
  0.17800000E+01  0.15200000E+01  0.10602568E+00
  0.17800000E+01  0.15400000E+01  0.10727613E+00
  0.17800000E+01  0.15600000E+01  0.10850154E+00
  0.17800000E+01  0.15800000E+01  0.10970056E+00
  0.17800000E+01  0.16000000E+01  0.11087192E+00
  0.17800000E+01  0.16200000E+01  0.11201447E+00
  0.17800000E+01  0.16400000E+01  0.11312721E+00
  0.17800000E+01  0.16600000E+01  0.11420930E+00
  0.17800000E+01  0.16800000E+01  0.11526005E+00
  0.17800000E+01  0.17000000E+01  0.11627899E+00
  0.17800000E+01  0.17200000E+01  0.11726585E+00
  0.17800000E+01  0.17400000E+01  0.11822060E+00
  0.17800000E+01  0.17600000E+01  0.11914346E+00
  0.17800000E+01  0.17800000E+01  0.12003492E+00
  0.17800000E+01  0.18000000E+01  0.12089576E+00
  0.17800000E+01  0.18200000E+01  0.12172705E+00
  0.17800000E+01  0.18400000E+01  0.12253021E+00
  0.17800000E+01  0.18600000E+01  0.12330696E+00
  0.17800000E+01  0.18800000E+01  0.12405936E+00
  0.17800000E+01  0.19000000E+01  0.12478983E+00
  0.17800000E+01  0.19200000E+01  0.12550109E+00
  0.17800000E+01  0.19400000E+01  0.12619624E+00
  0.17800000E+01  0.19600000E+01  0.12687863E+00
  0.17800000E+01  0.19800000E+01  0.12755195E+00
  0.17800000E+01  0.20000000E+01  0.12822007E+00
  0.18000000E+01  0.00000000E+00  0.18750737E-01
  0.18000000E+01  0.20000000E-01  0.20340082E-01
  0.18000000E+01  0.39999999E-01  0.21877835E-01
  0.18000000E+01  0.59999999E-01  0.23364713E-01
  0.18000000E+01  0.79999998E-01  0.24801571E-01
  0.18000000E+01  0.99999998E-01  0.26189398E-01
  0.18000000E+01  0.12000000E+00  0.27529320E-01
  0.18000000E+01  0.14000000E+00  0.28822601E-01
  0.18000000E+01  0.16000000E+00  0.30070639E-01
  0.18000000E+01  0.18000000E+00  0.31274979E-01
  0.18000000E+01  0.20000000E+00  0.32437307E-01
  0.18000000E+01  0.22000000E+00  0.33559459E-01
  0.18000000E+01  0.23999999E+00  0.34643423E-01
  0.18000000E+01  0.25999999E+00  0.35691346E-01
  0.18000000E+01  0.27999999E+00  0.36705538E-01
  0.18000000E+01  0.29999999E+00  0.37688478E-01
  0.18000000E+01  0.31999999E+00  0.38642817E-01
  0.18000000E+01  0.33999999E+00  0.39571387E-01
  0.18000000E+01  0.35999999E+00  0.40477205E-01
  0.18000000E+01  0.37999999E+00  0.41363474E-01
  0.18000000E+01  0.39999999E+00  0.42233591E-01
  0.18000000E+01  0.41999999E+00  0.43091144E-01
  0.18000000E+01  0.43999999E+00  0.43939917E-01
  0.18000000E+01  0.45999999E+00  0.44783886E-01
  0.18000000E+01  0.47999999E+00  0.45627217E-01
  0.18000000E+01  0.49999999E+00  0.46474255E-01
  0.18000000E+01  0.51999999E+00  0.47329515E-01
  0.18000000E+01  0.53999999E+00  0.48197668E-01
  0.18000000E+01  0.55999999E+00  0.49083515E-01
  0.18000000E+01  0.57999999E+00  0.49991960E-01
  0.18000000E+01  0.59999999E+00  0.50927974E-01
  0.18000000E+01  0.61999999E+00  0.51896547E-01
  0.18000000E+01  0.63999999E+00  0.52902627E-01
  0.18000000E+01  0.65999999E+00  0.53951047E-01
  0.18000000E+01  0.67999998E+00  0.55046430E-01
  0.18000000E+01  0.69999998E+00  0.56193074E-01
  0.18000000E+01  0.71999998E+00  0.57394809E-01
  0.18000000E+01  0.73999998E+00  0.58654815E-01
  0.18000000E+01  0.75999998E+00  0.59975399E-01
  0.18000000E+01  0.77999998E+00  0.61357708E-01
  0.18000000E+01  0.79999998E+00  0.62801372E-01
  0.18000000E+01  0.81999998E+00  0.64304028E-01
  0.18000000E+01  0.83999998E+00  0.65860709E-01
  0.18000000E+01  0.85999998E+00  0.67463011E-01
  0.18000000E+01  0.87999998E+00  0.69097932E-01
  0.18000000E+01  0.89999998E+00  0.70746203E-01
  0.18000000E+01  0.91999998E+00  0.72379745E-01
  0.18000000E+01  0.93999998E+00  0.73957538E-01
  0.18000000E+01  0.95999998E+00  0.75418285E-01
  0.18000000E+01  0.97999998E+00  0.76665654E-01
  0.18000000E+01  0.99999998E+00  0.77532452E-01
  0.18000000E+01  0.10200000E+01  0.77660151E-01
  0.18000000E+01  0.10400000E+01  0.75480304E-01
  0.18000000E+01  0.10600000E+01  0.74421096E-01
  0.18000000E+01  0.10800000E+01  0.75814281E-01
  0.18000000E+01  0.11000000E+01  0.77215223E-01
  0.18000000E+01  0.11200000E+01  0.78623032E-01
  0.18000000E+01  0.11400000E+01  0.80036747E-01
  0.18000000E+01  0.11600000E+01  0.81455335E-01
  0.18000000E+01  0.11800000E+01  0.82877696E-01
  0.18000000E+01  0.12000000E+01  0.84302662E-01
  0.18000000E+01  0.12200000E+01  0.85729000E-01
  0.18000000E+01  0.12400000E+01  0.87155418E-01
  0.18000000E+01  0.12600000E+01  0.88580563E-01
  0.18000000E+01  0.12800000E+01  0.90003030E-01
  0.18000000E+01  0.13000000E+01  0.91421360E-01
  0.18000000E+01  0.13200000E+01  0.92834054E-01
  0.18000000E+01  0.13400000E+01  0.94239568E-01
  0.18000000E+01  0.13600000E+01  0.95636329E-01
  0.18000000E+01  0.13800000E+01  0.97022734E-01
  0.18000000E+01  0.14000000E+01  0.98397164E-01
  0.18000000E+01  0.14200000E+01  0.99757989E-01
  0.18000000E+01  0.14400000E+01  0.10110358E+00
  0.18000000E+01  0.14600000E+01  0.10243230E+00
  0.18000000E+01  0.14800000E+01  0.10374257E+00
  0.18000000E+01  0.15000000E+01  0.10503281E+00
  0.18000000E+01  0.15200000E+01  0.10630149E+00
  0.18000000E+01  0.15400000E+01  0.10754715E+00
  0.18000000E+01  0.15600000E+01  0.10876839E+00
  0.18000000E+01  0.15800000E+01  0.10996390E+00
  0.18000000E+01  0.16000000E+01  0.11113250E+00
  0.18000000E+01  0.16200000E+01  0.11227309E+00
  0.18000000E+01  0.16400000E+01  0.11338473E+00
  0.18000000E+01  0.16600000E+01  0.11446664E+00
  0.18000000E+01  0.16800000E+01  0.11551822E+00
  0.18000000E+01  0.17000000E+01  0.11653904E+00
  0.18000000E+01  0.17200000E+01  0.11752890E+00
  0.18000000E+01  0.17400000E+01  0.11848784E+00
  0.18000000E+01  0.17600000E+01  0.11941614E+00
  0.18000000E+01  0.17800000E+01  0.12031434E+00
  0.18000000E+01  0.18000000E+01  0.12118328E+00
  0.18000000E+01  0.18200000E+01  0.12202409E+00
  0.18000000E+01  0.18400000E+01  0.12283821E+00
  0.18000000E+01  0.18600000E+01  0.12362739E+00
  0.18000000E+01  0.18800000E+01  0.12439373E+00
  0.18000000E+01  0.19000000E+01  0.12513964E+00
  0.18000000E+01  0.19200000E+01  0.12586784E+00
  0.18000000E+01  0.19400000E+01  0.12658136E+00
  0.18000000E+01  0.19600000E+01  0.12728351E+00
  0.18000000E+01  0.19800000E+01  0.12797787E+00
  0.18000000E+01  0.20000000E+01  0.12866817E+00
  0.18200000E+01  0.00000000E+00  0.19362300E-01
  0.18200000E+01  0.20000000E-01  0.20958530E-01
  0.18200000E+01  0.39999999E-01  0.22501485E-01
  0.18200000E+01  0.59999999E-01  0.23991889E-01
  0.18200000E+01  0.79999998E-01  0.25430614E-01
  0.18200000E+01  0.99999998E-01  0.26818678E-01
  0.18200000E+01  0.12000000E+00  0.28157247E-01
  0.18200000E+01  0.14000000E+00  0.29447637E-01
  0.18200000E+01  0.16000000E+00  0.30691314E-01
  0.18200000E+01  0.18000000E+00  0.31889903E-01
  0.18200000E+01  0.20000000E+00  0.33045185E-01
  0.18200000E+01  0.22000000E+00  0.34159107E-01
  0.18200000E+01  0.23999999E+00  0.35233785E-01
  0.18200000E+01  0.25999999E+00  0.36271510E-01
  0.18200000E+01  0.27999999E+00  0.37274753E-01
  0.18200000E+01  0.29999999E+00  0.38246174E-01
  0.18200000E+01  0.31999999E+00  0.39188622E-01
  0.18200000E+01  0.33999999E+00  0.40105146E-01
  0.18200000E+01  0.35999999E+00  0.40998997E-01
  0.18200000E+01  0.37999999E+00  0.41873632E-01
  0.18200000E+01  0.39999999E+00  0.42732719E-01
  0.18200000E+01  0.41999999E+00  0.43580135E-01
  0.18200000E+01  0.43999999E+00  0.44419967E-01
  0.18200000E+01  0.45999999E+00  0.45256507E-01
  0.18200000E+01  0.47999999E+00  0.46094250E-01
  0.18200000E+01  0.49999999E+00  0.46937876E-01
  0.18200000E+01  0.51999999E+00  0.47792240E-01
  0.18200000E+01  0.53999999E+00  0.48662348E-01
  0.18200000E+01  0.55999999E+00  0.49553330E-01
  0.18200000E+01  0.57999999E+00  0.50470401E-01
  0.18200000E+01  0.59999999E+00  0.51418816E-01
  0.18200000E+01  0.61999999E+00  0.52403804E-01
  0.18200000E+01  0.63999999E+00  0.53430499E-01
  0.18200000E+01  0.65999999E+00  0.54503839E-01
  0.18200000E+01  0.67999998E+00  0.55628451E-01
  0.18200000E+01  0.69999998E+00  0.56808501E-01
  0.18200000E+01  0.71999998E+00  0.58047511E-01
  0.18200000E+01  0.73999998E+00  0.59348125E-01
  0.18200000E+01  0.75999998E+00  0.60711817E-01
  0.18200000E+01  0.77999998E+00  0.62138519E-01
  0.18200000E+01  0.79999998E+00  0.63626134E-01
  0.18200000E+01  0.81999998E+00  0.65169899E-01
  0.18200000E+01  0.83999998E+00  0.66761528E-01
  0.18200000E+01  0.85999998E+00  0.68388014E-01
  0.18200000E+01  0.87999998E+00  0.70029902E-01
  0.18200000E+01  0.89999998E+00  0.71658672E-01
  0.18200000E+01  0.91999998E+00  0.73232476E-01
  0.18200000E+01  0.93999998E+00  0.74688595E-01
  0.18200000E+01  0.95999998E+00  0.75928263E-01
  0.18200000E+01  0.97999998E+00  0.76779899E-01
  0.18200000E+01  0.99999998E+00  0.76875574E-01
  0.18200000E+01  0.10200000E+01  0.74607980E-01
  0.18200000E+01  0.10400000E+01  0.73478121E-01
  0.18200000E+01  0.10600000E+01  0.74856564E-01
  0.18200000E+01  0.10800000E+01  0.76243308E-01
  0.18200000E+01  0.11000000E+01  0.77637559E-01
  0.18200000E+01  0.11200000E+01  0.79038452E-01
  0.18200000E+01  0.11400000E+01  0.80445051E-01
  0.18200000E+01  0.11600000E+01  0.81856351E-01
  0.18200000E+01  0.11800000E+01  0.83271280E-01
  0.18200000E+01  0.12000000E+01  0.84688704E-01
  0.18200000E+01  0.12200000E+01  0.86107421E-01
  0.18200000E+01  0.12400000E+01  0.87526172E-01
  0.18200000E+01  0.12600000E+01  0.88943641E-01
  0.18200000E+01  0.12800000E+01  0.90358458E-01
  0.18200000E+01  0.13000000E+01  0.91769206E-01
  0.18200000E+01  0.13200000E+01  0.93174422E-01
  0.18200000E+01  0.13400000E+01  0.94572607E-01
  0.18200000E+01  0.13600000E+01  0.95962227E-01
  0.18200000E+01  0.13800000E+01  0.97341725E-01
  0.18200000E+01  0.14000000E+01  0.98709526E-01
  0.18200000E+01  0.14200000E+01  0.10006405E+00
  0.18200000E+01  0.14400000E+01  0.10140370E+00
  0.18200000E+01  0.14600000E+01  0.10272692E+00
  0.18200000E+01  0.14800000E+01  0.10403215E+00
  0.18200000E+01  0.15000000E+01  0.10531786E+00
  0.18200000E+01  0.15200000E+01  0.10658259E+00
  0.18200000E+01  0.15400000E+01  0.10782492E+00
  0.18200000E+01  0.15600000E+01  0.10904351E+00
  0.18200000E+01  0.15800000E+01  0.11023710E+00
  0.18200000E+01  0.16000000E+01  0.11140454E+00
  0.18200000E+01  0.16200000E+01  0.11254481E+00
  0.18200000E+01  0.16400000E+01  0.11365702E+00
  0.18200000E+01  0.16600000E+01  0.11474044E+00
  0.18200000E+01  0.16800000E+01  0.11579449E+00
  0.18200000E+01  0.17000000E+01  0.11681883E+00
  0.18200000E+01  0.17200000E+01  0.11781329E+00
  0.18200000E+01  0.17400000E+01  0.11877794E+00
  0.18200000E+01  0.17600000E+01  0.11971310E+00
  0.18200000E+01  0.17800000E+01  0.12061937E+00
  0.18200000E+01  0.18000000E+01  0.12149759E+00
  0.18200000E+01  0.18200000E+01  0.12234892E+00
  0.18200000E+01  0.18400000E+01  0.12317481E+00
  0.18200000E+01  0.18600000E+01  0.12397702E+00
  0.18200000E+01  0.18800000E+01  0.12475762E+00
  0.18200000E+01  0.19000000E+01  0.12551899E+00
  0.18200000E+01  0.19200000E+01  0.12626380E+00
  0.18200000E+01  0.19400000E+01  0.12699502E+00
  0.18200000E+01  0.19600000E+01  0.12771583E+00
  0.18200000E+01  0.19800000E+01  0.12842966E+00
  0.18200000E+01  0.20000000E+01  0.12914006E+00
  0.18400000E+01  0.00000000E+00  0.19980925E-01
  0.18400000E+01  0.20000000E-01  0.21582930E-01
  0.18400000E+01  0.39999999E-01  0.23129912E-01
  0.18400000E+01  0.59999999E-01  0.24622612E-01
  0.18400000E+01  0.79999998E-01  0.26061928E-01
  0.18400000E+01  0.99999998E-01  0.27448918E-01
  0.18400000E+01  0.12000000E+00  0.28784801E-01
  0.18400000E+01  0.14000000E+00  0.30070957E-01
  0.18400000E+01  0.16000000E+00  0.31308935E-01
  0.18400000E+01  0.18000000E+00  0.32500455E-01
  0.18400000E+01  0.20000000E+00  0.33647410E-01
  0.18400000E+01  0.22000000E+00  0.34751877E-01
  0.18400000E+01  0.23999999E+00  0.35816118E-01
  0.18400000E+01  0.25999999E+00  0.36842590E-01
  0.18400000E+01  0.27999999E+00  0.37833948E-01
  0.18400000E+01  0.29999999E+00  0.38793053E-01
  0.18400000E+01  0.31999999E+00  0.39722979E-01
  0.18400000E+01  0.33999999E+00  0.40627014E-01
  0.18400000E+01  0.35999999E+00  0.41508671E-01
  0.18400000E+01  0.37999999E+00  0.42371688E-01
  0.18400000E+01  0.39999999E+00  0.43220027E-01
  0.18400000E+01  0.41999999E+00  0.44057881E-01
  0.18400000E+01  0.43999999E+00  0.44889665E-01
  0.18400000E+01  0.45999999E+00  0.45720012E-01
  0.18400000E+01  0.47999999E+00  0.46553764E-01
  0.18400000E+01  0.49999999E+00  0.47395955E-01
  0.18400000E+01  0.51999999E+00  0.48251793E-01
  0.18400000E+01  0.53999999E+00  0.49126627E-01
  0.18400000E+01  0.55999999E+00  0.50025915E-01
  0.18400000E+01  0.57999999E+00  0.50955172E-01
  0.18400000E+01  0.59999999E+00  0.51919909E-01
  0.18400000E+01  0.61999999E+00  0.52925559E-01
  0.18400000E+01  0.63999999E+00  0.53977376E-01
  0.18400000E+01  0.65999999E+00  0.55080317E-01
  0.18400000E+01  0.67999998E+00  0.56238888E-01
  0.18400000E+01  0.69999998E+00  0.57456957E-01
  0.18400000E+01  0.71999998E+00  0.58737512E-01
  0.18400000E+01  0.73999998E+00  0.60082363E-01
  0.18400000E+01  0.75999998E+00  0.61491755E-01
  0.18400000E+01  0.77999998E+00  0.62963870E-01
  0.18400000E+01  0.79999998E+00  0.64494169E-01
  0.18400000E+01  0.81999998E+00  0.66074502E-01
  0.18400000E+01  0.83999998E+00  0.67691883E-01
  0.18400000E+01  0.85999998E+00  0.69326703E-01
  0.18400000E+01  0.87999998E+00  0.70950036E-01
  0.18400000E+01  0.89999998E+00  0.72519253E-01
  0.18400000E+01  0.91999998E+00  0.73970272E-01
  0.18400000E+01  0.93999998E+00  0.75201980E-01
  0.18400000E+01  0.95999998E+00  0.76038537E-01
  0.18400000E+01  0.97999998E+00  0.76102877E-01
  0.18400000E+01  0.99999998E+00  0.73750013E-01
  0.18400000E+01  0.10200000E+01  0.72551003E-01
  0.18400000E+01  0.10400000E+01  0.73914234E-01
  0.18400000E+01  0.10600000E+01  0.75286243E-01
  0.18400000E+01  0.10800000E+01  0.76666331E-01
  0.18400000E+01  0.11000000E+01  0.78053731E-01
  0.18400000E+01  0.11200000E+01  0.79447605E-01
  0.18400000E+01  0.11400000E+01  0.80847048E-01
  0.18400000E+01  0.11600000E+01  0.82251087E-01
  0.18400000E+01  0.11800000E+01  0.83658684E-01
  0.18400000E+01  0.12000000E+01  0.85068736E-01
  0.18400000E+01  0.12200000E+01  0.86480079E-01
  0.18400000E+01  0.12400000E+01  0.87891492E-01
  0.18400000E+01  0.12600000E+01  0.89301695E-01
  0.18400000E+01  0.12800000E+01  0.90709358E-01
  0.18400000E+01  0.13000000E+01  0.92113104E-01
  0.18400000E+01  0.13200000E+01  0.93511512E-01
  0.18400000E+01  0.13400000E+01  0.94903123E-01
  0.18400000E+01  0.13600000E+01  0.96286448E-01
  0.18400000E+01  0.13800000E+01  0.97659973E-01
  0.18400000E+01  0.14000000E+01  0.99022167E-01
  0.18400000E+01  0.14200000E+01  0.10037149E+00
  0.18400000E+01  0.14400000E+01  0.10170640E+00
  0.18400000E+01  0.14600000E+01  0.10302538E+00
  0.18400000E+01  0.14800000E+01  0.10432690E+00
  0.18400000E+01  0.15000000E+01  0.10560950E+00
  0.18400000E+01  0.15200000E+01  0.10687175E+00
  0.18400000E+01  0.15400000E+01  0.10811228E+00
  0.18400000E+01  0.15600000E+01  0.10932977E+00
  0.18400000E+01  0.15800000E+01  0.11052304E+00
  0.18400000E+01  0.16000000E+01  0.11169095E+00
  0.18400000E+01  0.16200000E+01  0.11283253E+00
  0.18400000E+01  0.16400000E+01  0.11394693E+00
  0.18400000E+01  0.16600000E+01  0.11503343E+00
  0.18400000E+01  0.16800000E+01  0.11609152E+00
  0.18400000E+01  0.17000000E+01  0.11712086E+00
  0.18400000E+01  0.17200000E+01  0.11812131E+00
  0.18400000E+01  0.17400000E+01  0.11909296E+00
  0.18400000E+01  0.17600000E+01  0.12003616E+00
  0.18400000E+01  0.17800000E+01  0.12095148E+00
  0.18400000E+01  0.18000000E+01  0.12183979E+00
  0.18400000E+01  0.18200000E+01  0.12270223E+00
  0.18400000E+01  0.18400000E+01  0.12354022E+00
  0.18400000E+01  0.18600000E+01  0.12435550E+00
  0.18400000E+01  0.18800000E+01  0.12515009E+00
  0.18400000E+01  0.19000000E+01  0.12592629E+00
  0.18400000E+01  0.19200000E+01  0.12668669E+00
  0.18400000E+01  0.19400000E+01  0.12743414E+00
  0.18400000E+01  0.19600000E+01  0.12817168E+00
  0.18400000E+01  0.19800000E+01  0.12890255E+00
  0.18400000E+01  0.20000000E+01  0.12963006E+00
  0.18600000E+01  0.00000000E+00  0.20605421E-01
  0.18600000E+01  0.20000000E-01  0.22211990E-01
  0.18600000E+01  0.39999999E-01  0.23761731E-01
  0.18600000E+01  0.59999999E-01  0.25255411E-01
  0.18600000E+01  0.79999998E-01  0.26693965E-01
  0.18600000E+01  0.99999998E-01  0.28078503E-01
  0.18600000E+01  0.12000000E+00  0.29410308E-01
  0.18600000E+01  0.14000000E+00  0.30690844E-01
  0.18600000E+01  0.16000000E+00  0.31921755E-01
  0.18600000E+01  0.18000000E+00  0.33104873E-01
  0.18600000E+01  0.20000000E+00  0.34242225E-01
  0.18600000E+01  0.22000000E+00  0.35336034E-01
  0.18600000E+01  0.23999999E+00  0.36388733E-01
  0.18600000E+01  0.25999999E+00  0.37402965E-01
  0.18600000E+01  0.27999999E+00  0.38381593E-01
  0.18600000E+01  0.29999999E+00  0.39327705E-01
  0.18600000E+01  0.31999999E+00  0.40244623E-01
  0.18600000E+01  0.33999999E+00  0.41135904E-01
  0.18600000E+01  0.35999999E+00  0.42005349E-01
  0.18600000E+01  0.37999999E+00  0.42857001E-01
  0.18600000E+01  0.39999999E+00  0.43695147E-01
  0.18600000E+01  0.41999999E+00  0.44524320E-01
  0.18600000E+01  0.43999999E+00  0.45349287E-01
  0.18600000E+01  0.45999999E+00  0.46175044E-01
  0.18600000E+01  0.47999999E+00  0.47006799E-01
  0.18600000E+01  0.49999999E+00  0.47849956E-01
  0.18600000E+01  0.51999999E+00  0.48710081E-01
  0.18600000E+01  0.53999999E+00  0.49592869E-01
  0.18600000E+01  0.55999999E+00  0.50504092E-01
  0.18600000E+01  0.57999999E+00  0.51449543E-01
  0.18600000E+01  0.59999999E+00  0.52434952E-01
  0.18600000E+01  0.61999999E+00  0.53465889E-01
  0.18600000E+01  0.63999999E+00  0.54547641E-01
  0.18600000E+01  0.65999999E+00  0.55685059E-01
  0.18600000E+01  0.67999998E+00  0.56882359E-01
  0.18600000E+01  0.69999998E+00  0.58142882E-01
  0.18600000E+01  0.71999998E+00  0.59468781E-01
  0.18600000E+01  0.73999998E+00  0.60860626E-01
  0.18600000E+01  0.75999998E+00  0.62316891E-01
  0.18600000E+01  0.77999998E+00  0.63833275E-01
  0.18600000E+01  0.79999998E+00  0.65401790E-01
  0.18600000E+01  0.81999998E+00  0.67009492E-01
  0.18600000E+01  0.83999998E+00  0.68636651E-01
  0.18600000E+01  0.85999998E+00  0.70253970E-01
  0.18600000E+01  0.87999998E+00  0.71818091E-01
  0.18600000E+01  0.89999998E+00  0.73263628E-01
  0.18600000E+01  0.91999998E+00  0.74487210E-01
  0.18600000E+01  0.93999998E+00  0.75308872E-01
  0.18600000E+01  0.95999998E+00  0.75342697E-01
  0.18600000E+01  0.97999998E+00  0.72907248E-01
  0.18600000E+01  0.99999998E+00  0.71640747E-01
  0.18600000E+01  0.10200000E+01  0.72988365E-01
  0.18600000E+01  0.10400000E+01  0.74345164E-01
  0.18600000E+01  0.10600000E+01  0.75710544E-01
  0.18600000E+01  0.10800000E+01  0.77083838E-01
  0.18600000E+01  0.11000000E+01  0.78464308E-01
  0.18600000E+01  0.11200000E+01  0.79851150E-01
  0.18600000E+01  0.11400000E+01  0.81243492E-01
  0.18600000E+01  0.11600000E+01  0.82640397E-01
  0.18600000E+01  0.11800000E+01  0.84040861E-01
  0.18600000E+01  0.12000000E+01  0.85443822E-01
  0.18600000E+01  0.12200000E+01  0.86848152E-01
  0.18600000E+01  0.12400000E+01  0.88252670E-01
  0.18600000E+01  0.12600000E+01  0.89656136E-01
  0.18600000E+01  0.12800000E+01  0.91057262E-01
  0.18600000E+01  0.13000000E+01  0.92454710E-01
  0.18600000E+01  0.13200000E+01  0.93847103E-01
  0.18600000E+01  0.13400000E+01  0.95233022E-01
  0.18600000E+01  0.13600000E+01  0.96611021E-01
  0.18600000E+01  0.13800000E+01  0.97979627E-01
  0.18600000E+01  0.14000000E+01  0.99337350E-01
  0.18600000E+01  0.14200000E+01  0.10068269E+00
  0.18600000E+01  0.14400000E+01  0.10201415E+00
  0.18600000E+01  0.14600000E+01  0.10333024E+00
  0.18600000E+01  0.14800000E+01  0.10462949E+00
  0.18600000E+01  0.15000000E+01  0.10591046E+00
  0.18600000E+01  0.15200000E+01  0.10717175E+00
  0.18600000E+01  0.15400000E+01  0.10841203E+00
  0.18600000E+01  0.15600000E+01  0.10963002E+00
  0.18600000E+01  0.15800000E+01  0.11082455E+00
  0.18600000E+01  0.16000000E+01  0.11199453E+00
  0.18600000E+01  0.16200000E+01  0.11313898E+00
  0.18600000E+01  0.16400000E+01  0.11425709E+00
  0.18600000E+01  0.16600000E+01  0.11534815E+00
  0.18600000E+01  0.16800000E+01  0.11641166E+00
  0.18600000E+01  0.17000000E+01  0.11744728E+00
  0.18600000E+01  0.17200000E+01  0.11845487E+00
  0.18600000E+01  0.17400000E+01  0.11943453E+00
  0.18600000E+01  0.17600000E+01  0.12038656E+00
  0.18600000E+01  0.17800000E+01  0.12131154E+00
  0.18600000E+01  0.18000000E+01  0.12221029E+00
  0.18600000E+01  0.18200000E+01  0.12308391E+00
  0.18600000E+01  0.18400000E+01  0.12393378E+00
  0.18600000E+01  0.18600000E+01  0.12476155E+00
  0.18600000E+01  0.18800000E+01  0.12556917E+00
  0.18600000E+01  0.19000000E+01  0.12635883E+00
  0.18600000E+01  0.19200000E+01  0.12713301E+00
  0.18600000E+01  0.19400000E+01  0.12789440E+00
  0.18600000E+01  0.19600000E+01  0.12864587E+00
  0.18600000E+01  0.19800000E+01  0.12939043E+00
  0.18600000E+01  0.20000000E+01  0.13013116E+00
  0.18800000E+01  0.00000000E+00  0.21234492E-01
  0.18800000E+01  0.20000000E-01  0.22844320E-01
  0.18800000E+01  0.39999999E-01  0.24395464E-01
  0.18800000E+01  0.59999999E-01  0.25888726E-01
  0.18800000E+01  0.79999998E-01  0.27325094E-01
  0.18800000E+01  0.99999998E-01  0.28705742E-01
  0.18800000E+01  0.12000000E+00  0.30032034E-01
  0.18800000E+01  0.14000000E+00  0.31305530E-01
  0.18800000E+01  0.16000000E+00  0.32527990E-01
  0.18800000E+01  0.18000000E+00  0.33701377E-01
  0.18800000E+01  0.20000000E+00  0.34827870E-01
  0.18800000E+01  0.22000000E+00  0.35909865E-01
  0.18800000E+01  0.23999999E+00  0.36949982E-01
  0.18800000E+01  0.25999999E+00  0.37951079E-01
  0.18800000E+01  0.27999999E+00  0.38916252E-01
  0.18800000E+01  0.29999999E+00  0.39848842E-01
  0.18800000E+01  0.31999999E+00  0.40752447E-01
  0.18800000E+01  0.33999999E+00  0.41630920E-01
  0.18800000E+01  0.35999999E+00  0.42488377E-01
  0.18800000E+01  0.37999999E+00  0.43329195E-01
  0.18800000E+01  0.39999999E+00  0.44158015E-01
  0.18800000E+01  0.41999999E+00  0.44979731E-01
  0.18800000E+01  0.43999999E+00  0.45799488E-01
  0.18800000E+01  0.45999999E+00  0.46622663E-01
  0.18800000E+01  0.47999999E+00  0.47454849E-01
  0.18800000E+01  0.49999999E+00  0.48301825E-01
  0.18800000E+01  0.51999999E+00  0.49169518E-01
  0.18800000E+01  0.53999999E+00  0.50063958E-01
  0.18800000E+01  0.55999999E+00  0.50991212E-01
  0.18800000E+01  0.57999999E+00  0.51957306E-01
  0.18800000E+01  0.59999999E+00  0.52968129E-01
  0.18800000E+01  0.61999999E+00  0.54029298E-01
  0.18800000E+01  0.63999999E+00  0.55146009E-01
  0.18800000E+01  0.65999999E+00  0.56322833E-01
  0.18800000E+01  0.67999998E+00  0.57563468E-01
  0.18800000E+01  0.69999998E+00  0.58870418E-01
  0.18800000E+01  0.71999998E+00  0.60244589E-01
  0.18800000E+01  0.73999998E+00  0.61684760E-01
  0.18800000E+01  0.75999998E+00  0.63186886E-01
  0.18800000E+01  0.77999998E+00  0.64743159E-01
  0.18800000E+01  0.79999998E+00  0.66340706E-01
  0.18800000E+01  0.81999998E+00  0.67959703E-01
  0.18800000E+01  0.83999998E+00  0.69570525E-01
  0.18800000E+01  0.85999998E+00  0.71129128E-01
  0.18800000E+01  0.87999998E+00  0.72568891E-01
  0.18800000E+01  0.89999998E+00  0.73784271E-01
  0.18800000E+01  0.91999998E+00  0.74591326E-01
  0.18800000E+01  0.93999998E+00  0.74595578E-01
  0.18800000E+01  0.95999998E+00  0.72080432E-01
  0.18800000E+01  0.97999998E+00  0.70748258E-01
  0.18800000E+01  0.99999998E+00  0.72079925E-01
  0.18800000E+01  0.10200000E+01  0.73421103E-01
  0.18800000E+01  0.10400000E+01  0.74771294E-01
  0.18800000E+01  0.10600000E+01  0.76129929E-01
  0.18800000E+01  0.10800000E+01  0.77496373E-01
  0.18800000E+01  0.11000000E+01  0.78869924E-01
  0.18800000E+01  0.11200000E+01  0.80249815E-01
  0.18800000E+01  0.11400000E+01  0.81635210E-01
  0.18800000E+01  0.11600000E+01  0.83025211E-01
  0.18800000E+01  0.11800000E+01  0.84418855E-01
  0.18800000E+01  0.12000000E+01  0.85815117E-01
  0.18800000E+01  0.12200000E+01  0.87212912E-01
  0.18800000E+01  0.12400000E+01  0.88611098E-01
  0.18800000E+01  0.12600000E+01  0.90008480E-01
  0.18800000E+01  0.12800000E+01  0.91403808E-01
  0.18800000E+01  0.13000000E+01  0.92795787E-01
  0.18800000E+01  0.13200000E+01  0.94183080E-01
  0.18800000E+01  0.13400000E+01  0.95564310E-01
  0.18800000E+01  0.13600000E+01  0.96938069E-01
  0.18800000E+01  0.13800000E+01  0.98302924E-01
  0.18800000E+01  0.14000000E+01  0.99657421E-01
  0.18800000E+01  0.14200000E+01  0.10100010E+00
  0.18800000E+01  0.14400000E+01  0.10232949E+00
  0.18800000E+01  0.14600000E+01  0.10364413E+00
  0.18800000E+01  0.14800000E+01  0.10494259E+00
  0.18800000E+01  0.15000000E+01  0.10622345E+00
  0.18800000E+01  0.15200000E+01  0.10748534E+00
  0.18800000E+01  0.15400000E+01  0.10872695E+00
  0.18800000E+01  0.15600000E+01  0.10994700E+00
  0.18800000E+01  0.15800000E+01  0.11114435E+00
  0.18800000E+01  0.16000000E+01  0.11231790E+00
  0.18800000E+01  0.16200000E+01  0.11346669E+00
  0.18800000E+01  0.16400000E+01  0.11458989E+00
  0.18800000E+01  0.16600000E+01  0.11568681E+00
  0.18800000E+01  0.16800000E+01  0.11675690E+00
  0.18800000E+01  0.17000000E+01  0.11779981E+00
  0.18800000E+01  0.17200000E+01  0.11881539E+00
  0.18800000E+01  0.17400000E+01  0.11980368E+00
  0.18800000E+01  0.17600000E+01  0.12076494E+00
  0.18800000E+01  0.17800000E+01  0.12169970E+00
  0.18800000E+01  0.18000000E+01  0.12260872E+00
  0.18800000E+01  0.18200000E+01  0.12349301E+00
  0.18800000E+01  0.18400000E+01  0.12435388E+00
  0.18800000E+01  0.18600000E+01  0.12519286E+00
  0.18800000E+01  0.18800000E+01  0.12601179E+00
  0.18800000E+01  0.19000000E+01  0.12681274E+00
  0.18800000E+01  0.19200000E+01  0.12759803E+00
  0.18800000E+01  0.19400000E+01  0.12837018E+00
  0.18800000E+01  0.19600000E+01  0.12913186E+00
  0.18800000E+01  0.19800000E+01  0.12988588E+00
  0.18800000E+01  0.20000000E+01  0.13063502E+00
  0.19000000E+01  0.00000000E+00  0.21866748E-01
  0.19000000E+01  0.20000000E-01  0.23478437E-01
  0.19000000E+01  0.39999999E-01  0.25029543E-01
  0.19000000E+01  0.59999999E-01  0.26520919E-01
  0.19000000E+01  0.79999998E-01  0.27953615E-01
  0.19000000E+01  0.99999998E-01  0.29328886E-01
  0.19000000E+01  0.12000000E+00  0.30648194E-01
  0.19000000E+01  0.14000000E+00  0.31913214E-01
  0.19000000E+01  0.16000000E+00  0.33125839E-01
  0.19000000E+01  0.18000000E+00  0.34288187E-01
  0.19000000E+01  0.20000000E+00  0.35402609E-01
  0.19000000E+01  0.22000000E+00  0.36471697E-01
  0.19000000E+01  0.23999999E+00  0.37498287E-01
  0.19000000E+01  0.25999999E+00  0.38485476E-01
  0.19000000E+01  0.27999999E+00  0.39436617E-01
  0.19000000E+01  0.29999999E+00  0.40355338E-01
  0.19000000E+01  0.31999999E+00  0.41245537E-01
  0.19000000E+01  0.33999999E+00  0.42111395E-01
  0.19000000E+01  0.35999999E+00  0.42957370E-01
  0.19000000E+01  0.37999999E+00  0.43788203E-01
  0.19000000E+01  0.39999999E+00  0.44608911E-01
  0.19000000E+01  0.41999999E+00  0.45424779E-01
  0.19000000E+01  0.43999999E+00  0.46241347E-01
  0.19000000E+01  0.45999999E+00  0.47064393E-01
  0.19000000E+01  0.47999999E+00  0.47899901E-01
  0.19000000E+01  0.49999999E+00  0.48754028E-01
  0.19000000E+01  0.51999999E+00  0.49633056E-01
  0.19000000E+01  0.53999999E+00  0.50543325E-01
  0.19000000E+01  0.55999999E+00  0.51491157E-01
  0.19000000E+01  0.57999999E+00  0.52482754E-01
  0.19000000E+01  0.59999999E+00  0.53524068E-01
  0.19000000E+01  0.61999999E+00  0.54620640E-01
  0.19000000E+01  0.63999999E+00  0.55777401E-01
  0.19000000E+01  0.65999999E+00  0.56998409E-01
  0.19000000E+01  0.67999998E+00  0.58286528E-01
  0.19000000E+01  0.69999998E+00  0.59643010E-01
  0.19000000E+01  0.71999998E+00  0.61066953E-01
  0.19000000E+01  0.73999998E+00  0.62554583E-01
  0.19000000E+01  0.75999998E+00  0.64098294E-01
  0.19000000E+01  0.77999998E+00  0.65685307E-01
  0.19000000E+01  0.79999998E+00  0.67295736E-01
  0.19000000E+01  0.81999998E+00  0.68899667E-01
  0.19000000E+01  0.83999998E+00  0.70452421E-01
  0.19000000E+01  0.85999998E+00  0.71886206E-01
  0.19000000E+01  0.87999998E+00  0.73093399E-01
  0.19000000E+01  0.89999998E+00  0.73886232E-01
  0.19000000E+01  0.91999998E+00  0.73861972E-01
  0.19000000E+01  0.93999998E+00  0.71270207E-01
  0.19000000E+01  0.95999998E+00  0.69874330E-01
  0.19000000E+01  0.97999998E+00  0.71189778E-01
  0.19000000E+01  0.99999998E+00  0.72514993E-01
  0.19000000E+01  0.10200000E+01  0.73849577E-01
  0.19000000E+01  0.10400000E+01  0.75193062E-01
  0.19000000E+01  0.10600000E+01  0.76544917E-01
  0.19000000E+01  0.10800000E+01  0.77904546E-01
  0.19000000E+01  0.11000000E+01  0.79271285E-01
  0.19000000E+01  0.11200000E+01  0.80644405E-01
  0.19000000E+01  0.11400000E+01  0.82023113E-01
  0.19000000E+01  0.11600000E+01  0.83406551E-01
  0.19000000E+01  0.11800000E+01  0.84793798E-01
  0.19000000E+01  0.12000000E+01  0.86183872E-01
  0.19000000E+01  0.12200000E+01  0.87575730E-01
  0.19000000E+01  0.12400000E+01  0.88968272E-01
  0.19000000E+01  0.12600000E+01  0.90360343E-01
  0.19000000E+01  0.12800000E+01  0.91750737E-01
  0.19000000E+01  0.13000000E+01  0.93138199E-01
  0.19000000E+01  0.13200000E+01  0.94521429E-01
  0.19000000E+01  0.13400000E+01  0.95899090E-01
  0.19000000E+01  0.13600000E+01  0.97269809E-01
  0.19000000E+01  0.13800000E+01  0.98632186E-01
  0.19000000E+01  0.14000000E+01  0.99984799E-01
  0.19000000E+01  0.14200000E+01  0.10132621E+00
  0.19000000E+01  0.14400000E+01  0.10265499E+00
  0.19000000E+01  0.14600000E+01  0.10396969E+00
  0.19000000E+01  0.14800000E+01  0.10526889E+00
  0.19000000E+01  0.15000000E+01  0.10655120E+00
  0.19000000E+01  0.15200000E+01  0.10781524E+00
  0.19000000E+01  0.15400000E+01  0.10905971E+00
  0.19000000E+01  0.15600000E+01  0.11028335E+00
  0.19000000E+01  0.15800000E+01  0.11148497E+00
  0.19000000E+01  0.16000000E+01  0.11266350E+00
  0.19000000E+01  0.16200000E+01  0.11381794E+00
  0.19000000E+01  0.16400000E+01  0.11494743E+00
  0.19000000E+01  0.16600000E+01  0.11605124E+00
  0.19000000E+01  0.16800000E+01  0.11712879E+00
  0.19000000E+01  0.17000000E+01  0.11817968E+00
  0.19000000E+01  0.17200000E+01  0.11920369E+00
  0.19000000E+01  0.17400000E+01  0.12020080E+00
  0.19000000E+01  0.17600000E+01  0.12117119E+00
  0.19000000E+01  0.17800000E+01  0.12211530E+00
  0.19000000E+01  0.18000000E+01  0.12303379E+00
  0.19000000E+01  0.18200000E+01  0.12392757E+00
  0.19000000E+01  0.18400000E+01  0.12479781E+00
  0.19000000E+01  0.18600000E+01  0.12564595E+00
  0.19000000E+01  0.18800000E+01  0.12647365E+00
  0.19000000E+01  0.19000000E+01  0.12728285E+00
  0.19000000E+01  0.19200000E+01  0.12807569E+00
  0.19000000E+01  0.19400000E+01  0.12885451E+00
  0.19000000E+01  0.19600000E+01  0.12962181E+00
  0.19000000E+01  0.19800000E+01  0.13038017E+00
  0.19000000E+01  0.20000000E+01  0.13113217E+00
  0.19200000E+01  0.00000000E+00  0.22500704E-01
  0.19200000E+01  0.20000000E-01  0.24112770E-01
  0.19200000E+01  0.39999999E-01  0.25662322E-01
  0.19200000E+01  0.59999999E-01  0.27150276E-01
  0.19200000E+01  0.79999998E-01  0.28577763E-01
  0.19200000E+01  0.99999998E-01  0.29946134E-01
  0.19200000E+01  0.12000000E+00  0.31256968E-01
  0.19200000E+01  0.14000000E+00  0.32512074E-01
  0.19200000E+01  0.16000000E+00  0.33713501E-01
  0.19200000E+01  0.18000000E+00  0.34863543E-01
  0.19200000E+01  0.20000000E+00  0.35964749E-01
  0.19200000E+01  0.22000000E+00  0.37019931E-01
  0.19200000E+01  0.23999999E+00  0.38032169E-01
  0.19200000E+01  0.25999999E+00  0.39004825E-01
  0.19200000E+01  0.27999999E+00  0.39941544E-01
  0.19200000E+01  0.29999999E+00  0.40846263E-01
  0.19200000E+01  0.31999999E+00  0.41723216E-01
  0.19200000E+01  0.33999999E+00  0.42576937E-01
  0.19200000E+01  0.35999999E+00  0.43412258E-01
  0.19200000E+01  0.37999999E+00  0.44234311E-01
  0.19200000E+01  0.39999999E+00  0.45048514E-01
  0.19200000E+01  0.41999999E+00  0.45860565E-01
  0.19200000E+01  0.43999999E+00  0.46676418E-01
  0.19200000E+01  0.45999999E+00  0.47502259E-01
  0.19200000E+01  0.47999999E+00  0.48344471E-01
  0.19200000E+01  0.49999999E+00  0.49209582E-01
  0.19200000E+01  0.51999999E+00  0.50104202E-01
  0.19200000E+01  0.53999999E+00  0.51034947E-01
  0.19200000E+01  0.55999999E+00  0.52008332E-01
  0.19200000E+01  0.57999999E+00  0.53030641E-01
  0.19200000E+01  0.59999999E+00  0.54107765E-01
  0.19200000E+01  0.61999999E+00  0.55244993E-01
  0.19200000E+01  0.63999999E+00  0.56446754E-01
  0.19200000E+01  0.65999999E+00  0.57716277E-01
  0.19200000E+01  0.67999998E+00  0.59055169E-01
  0.19200000E+01  0.69999998E+00  0.60462858E-01
  0.19200000E+01  0.71999998E+00  0.61935861E-01
  0.19200000E+01  0.73999998E+00  0.63466791E-01
  0.19200000E+01  0.75999998E+00  0.65042989E-01
  0.19200000E+01  0.77999998E+00  0.66644541E-01
  0.19200000E+01  0.79999998E+00  0.68241278E-01
  0.19200000E+01  0.81999998E+00  0.69787940E-01
  0.19200000E+01  0.83999998E+00  0.71215630E-01
  0.19200000E+01  0.85999998E+00  0.72414744E-01
  0.19200000E+01  0.87999998E+00  0.73193837E-01
  0.19200000E+01  0.89999998E+00  0.73142240E-01
  0.19200000E+01  0.91999998E+00  0.70477117E-01
  0.19200000E+01  0.93999998E+00  0.69019651E-01
  0.19200000E+01  0.95999998E+00  0.70318682E-01
  0.19200000E+01  0.97999998E+00  0.71627660E-01
  0.19200000E+01  0.99999998E+00  0.72946284E-01
  0.19200000E+01  0.10200000E+01  0.74274193E-01
  0.19200000E+01  0.10400000E+01  0.75610960E-01
  0.19200000E+01  0.10600000E+01  0.76956094E-01
  0.19200000E+01  0.10800000E+01  0.78309038E-01
  0.19200000E+01  0.11000000E+01  0.79669171E-01
  0.19200000E+01  0.11200000E+01  0.81035809E-01
  0.19200000E+01  0.11400000E+01  0.82408200E-01
  0.19200000E+01  0.11600000E+01  0.83785530E-01
  0.19200000E+01  0.11800000E+01  0.85166923E-01
  0.19200000E+01  0.12000000E+01  0.86551440E-01
  0.19200000E+01  0.12200000E+01  0.87938080E-01
  0.19200000E+01  0.12400000E+01  0.89325788E-01
  0.19200000E+01  0.12600000E+01  0.90713448E-01
  0.19200000E+01  0.12800000E+01  0.92099894E-01
  0.19200000E+01  0.13000000E+01  0.93483910E-01
  0.19200000E+01  0.13200000E+01  0.94864232E-01
  0.19200000E+01  0.13400000E+01  0.96239554E-01
  0.19200000E+01  0.13600000E+01  0.97608535E-01
  0.19200000E+01  0.13800000E+01  0.98969803E-01
  0.19200000E+01  0.14000000E+01  0.10032196E+00
  0.19200000E+01  0.14200000E+01  0.10166359E+00
  0.19200000E+01  0.14400000E+01  0.10299326E+00
  0.19200000E+01  0.14600000E+01  0.10430955E+00
  0.19200000E+01  0.14800000E+01  0.10561105E+00
  0.19200000E+01  0.15000000E+01  0.10689634E+00
  0.19200000E+01  0.15200000E+01  0.10816406E+00
  0.19200000E+01  0.15400000E+01  0.10941288E+00
  0.19200000E+01  0.15600000E+01  0.11064151E+00
  0.19200000E+01  0.15800000E+01  0.11184876E+00
  0.19200000E+01  0.16000000E+01  0.11303349E+00
  0.19200000E+01  0.16200000E+01  0.11419467E+00
  0.19200000E+01  0.16400000E+01  0.11533138E+00
  0.19200000E+01  0.16600000E+01  0.11644283E+00
  0.19200000E+01  0.16800000E+01  0.11752837E+00
  0.19200000E+01  0.17000000E+01  0.11858750E+00
  0.19200000E+01  0.17200000E+01  0.11961993E+00
  0.19200000E+01  0.17400000E+01  0.12062551E+00
  0.19200000E+01  0.17600000E+01  0.12160435E+00
  0.19200000E+01  0.17800000E+01  0.12255673E+00
  0.19200000E+01  0.18000000E+01  0.12348320E+00
  0.19200000E+01  0.18200000E+01  0.12438453E+00
  0.19200000E+01  0.18400000E+01  0.12526174E+00
  0.19200000E+01  0.18600000E+01  0.12611611E+00
  0.19200000E+01  0.18800000E+01  0.12694917E+00
  0.19200000E+01  0.19000000E+01  0.12776266E+00
  0.19200000E+01  0.19200000E+01  0.12855859E+00
  0.19200000E+01  0.19400000E+01  0.12933913E+00
  0.19200000E+01  0.19600000E+01  0.13010662E+00
  0.19200000E+01  0.19800000E+01  0.13086350E+00
  0.19200000E+01  0.20000000E+01  0.13161223E+00
  0.19400000E+01  0.00000000E+00  0.23134784E-01
  0.19400000E+01  0.20000000E-01  0.24745665E-01
  0.19400000E+01  0.39999999E-01  0.26292080E-01
  0.19400000E+01  0.59999999E-01  0.27775024E-01
  0.19400000E+01  0.79999998E-01  0.29195726E-01
  0.19400000E+01  0.99999998E-01  0.30555653E-01
  0.19400000E+01  0.12000000E+00  0.31856519E-01
  0.19400000E+01  0.14000000E+00  0.33100292E-01
  0.19400000E+01  0.16000000E+00  0.34289197E-01
  0.19400000E+01  0.18000000E+00  0.35425731E-01
  0.19400000E+01  0.20000000E+00  0.36512668E-01
  0.19400000E+01  0.22000000E+00  0.37553067E-01
  0.19400000E+01  0.23999999E+00  0.38550281E-01
  0.19400000E+01  0.25999999E+00  0.39507967E-01
  0.19400000E+01  0.27999999E+00  0.40430089E-01
  0.19400000E+01  0.29999999E+00  0.41320929E-01
  0.19400000E+01  0.31999999E+00  0.42185084E-01
  0.19400000E+01  0.33999999E+00  0.43027473E-01
  0.19400000E+01  0.35999999E+00  0.43853332E-01
  0.19400000E+01  0.37999999E+00  0.44668207E-01
  0.19400000E+01  0.39999999E+00  0.45477944E-01
  0.19400000E+01  0.41999999E+00  0.46288669E-01
  0.19400000E+01  0.43999999E+00  0.47106766E-01
  0.19400000E+01  0.45999999E+00  0.47938833E-01
  0.19400000E+01  0.47999999E+00  0.48791643E-01
  0.19400000E+01  0.49999999E+00  0.49672074E-01
  0.19400000E+01  0.51999999E+00  0.50587030E-01
  0.19400000E+01  0.53999999E+00  0.51543339E-01
  0.19400000E+01  0.55999999E+00  0.52547616E-01
  0.19400000E+01  0.57999999E+00  0.53606103E-01
  0.19400000E+01  0.59999999E+00  0.54724453E-01
  0.19400000E+01  0.61999999E+00  0.55907465E-01
  0.19400000E+01  0.63999999E+00  0.57158742E-01
  0.19400000E+01  0.65999999E+00  0.58480256E-01
  0.19400000E+01  0.67999998E+00  0.59871779E-01
  0.19400000E+01  0.69999998E+00  0.61330129E-01
  0.19400000E+01  0.71999998E+00  0.62848163E-01
  0.19400000E+01  0.73999998E+00  0.64413366E-01
  0.19400000E+01  0.75999998E+00  0.66005823E-01
  0.19400000E+01  0.77999998E+00  0.67595158E-01
  0.19400000E+01  0.79999998E+00  0.69135575E-01
  0.19400000E+01  0.81999998E+00  0.70557141E-01
  0.19400000E+01  0.83999998E+00  0.71748370E-01
  0.19400000E+01  0.85999998E+00  0.72514301E-01
  0.19400000E+01  0.87999998E+00  0.72436653E-01
  0.19400000E+01  0.89999998E+00  0.69701600E-01
  0.19400000E+01  0.91999998E+00  0.68184798E-01
  0.19400000E+01  0.93999998E+00  0.69467288E-01
  0.19400000E+01  0.95999998E+00  0.70759823E-01
  0.19400000E+01  0.97999998E+00  0.72062206E-01
  0.19400000E+01  0.99999998E+00  0.73374179E-01
  0.19400000E+01  0.10200000E+01  0.74695421E-01
  0.19400000E+01  0.10400000E+01  0.76025548E-01
  0.19400000E+01  0.10600000E+01  0.77364114E-01
  0.19400000E+01  0.10800000E+01  0.78710605E-01
  0.19400000E+01  0.11000000E+01  0.80064448E-01
  0.19400000E+01  0.11200000E+01  0.81425001E-01
  0.19400000E+01  0.11400000E+01  0.82791560E-01
  0.19400000E+01  0.11600000E+01  0.84163357E-01
  0.19400000E+01  0.11800000E+01  0.85539560E-01
  0.19400000E+01  0.12000000E+01  0.86919274E-01
  0.19400000E+01  0.12200000E+01  0.88301542E-01
  0.19400000E+01  0.12400000E+01  0.89685348E-01
  0.19400000E+01  0.12600000E+01  0.91069619E-01
  0.19400000E+01  0.12800000E+01  0.92453224E-01
  0.19400000E+01  0.13000000E+01  0.93834980E-01
  0.19400000E+01  0.13200000E+01  0.95213656E-01
  0.19400000E+01  0.13400000E+01  0.96587973E-01
  0.19400000E+01  0.13600000E+01  0.97956613E-01
  0.19400000E+01  0.13800000E+01  0.99318220E-01
  0.19400000E+01  0.14000000E+01  0.10067141E+00
  0.19400000E+01  0.14200000E+01  0.10201478E+00
  0.19400000E+01  0.14400000E+01  0.10334689E+00
  0.19400000E+01  0.14600000E+01  0.10466632E+00
  0.19400000E+01  0.14800000E+01  0.10597164E+00
  0.19400000E+01  0.15000000E+01  0.10726142E+00
  0.19400000E+01  0.15200000E+01  0.10853427E+00
  0.19400000E+01  0.15400000E+01  0.10978881E+00
  0.19400000E+01  0.15600000E+01  0.11102372E+00
  0.19400000E+01  0.15800000E+01  0.11223774E+00
  0.19400000E+01  0.16000000E+01  0.11342968E+00
  0.19400000E+01  0.16200000E+01  0.11459842E+00
  0.19400000E+01  0.16400000E+01  0.11574296E+00
  0.19400000E+01  0.16600000E+01  0.11686242E+00
  0.19400000E+01  0.16800000E+01  0.11795603E+00
  0.19400000E+01  0.17000000E+01  0.11902319E+00
  0.19400000E+01  0.17200000E+01  0.12006346E+00
  0.19400000E+01  0.17400000E+01  0.12107659E+00
  0.19400000E+01  0.17600000E+01  0.12206251E+00
  0.19400000E+01  0.17800000E+01  0.12302137E+00
  0.19400000E+01  0.18000000E+01  0.12395354E+00
  0.19400000E+01  0.18200000E+01  0.12485965E+00
  0.19400000E+01  0.18400000E+01  0.12574055E+00
  0.19400000E+01  0.18600000E+01  0.12659735E+00
  0.19400000E+01  0.18800000E+01  0.12743141E+00
  0.19400000E+01  0.19000000E+01  0.12824436E+00
  0.19400000E+01  0.19200000E+01  0.12903804E+00
  0.19400000E+01  0.19400000E+01  0.12981454E+00
  0.19400000E+01  0.19600000E+01  0.13057614E+00
  0.19400000E+01  0.19800000E+01  0.13132526E+00
  0.19400000E+01  0.20000000E+01  0.13206442E+00
  0.19600000E+01  0.00000000E+00  0.23767332E-01
  0.19600000E+01  0.20000000E-01  0.25375394E-01
  0.19600000E+01  0.39999999E-01  0.26917033E-01
  0.19600000E+01  0.59999999E-01  0.28393338E-01
  0.19600000E+01  0.79999998E-01  0.29805654E-01
  0.19600000E+01  0.99999998E-01  0.31155588E-01
  0.19600000E+01  0.12000000E+00  0.32445010E-01
  0.19600000E+01  0.14000000E+00  0.33676069E-01
  0.19600000E+01  0.16000000E+00  0.34851195E-01
  0.19600000E+01  0.18000000E+00  0.35973113E-01
  0.19600000E+01  0.20000000E+00  0.37044850E-01
  0.19600000E+01  0.22000000E+00  0.38069741E-01
  0.19600000E+01  0.23999999E+00  0.39051444E-01
  0.19600000E+01  0.25999999E+00  0.39993942E-01
  0.19600000E+01  0.27999999E+00  0.40901552E-01
  0.19600000E+01  0.29999999E+00  0.41778929E-01
  0.19600000E+01  0.31999999E+00  0.42631067E-01
  0.19600000E+01  0.33999999E+00  0.43463299E-01
  0.19600000E+01  0.35999999E+00  0.44281291E-01
  0.19600000E+01  0.37999999E+00  0.45091031E-01
  0.19600000E+01  0.39999999E+00  0.45898810E-01
  0.19600000E+01  0.41999999E+00  0.46711200E-01
  0.19600000E+01  0.43999999E+00  0.47535014E-01
  0.19600000E+01  0.45999999E+00  0.48377262E-01
  0.19600000E+01  0.47999999E+00  0.49245084E-01
  0.19600000E+01  0.49999999E+00  0.50145673E-01
  0.19600000E+01  0.51999999E+00  0.51086164E-01
  0.19600000E+01  0.53999999E+00  0.52073507E-01
  0.19600000E+01  0.55999999E+00  0.53114291E-01
  0.19600000E+01  0.57999999E+00  0.54214536E-01
  0.19600000E+01  0.59999999E+00  0.55379416E-01
  0.19600000E+01  0.61999999E+00  0.56612915E-01
  0.19600000E+01  0.63999999E+00  0.57917378E-01
  0.19600000E+01  0.65999999E+00  0.59292930E-01
  0.19600000E+01  0.67999998E+00  0.60736711E-01
  0.19600000E+01  0.69999998E+00  0.62241838E-01
  0.19600000E+01  0.71999998E+00  0.63795965E-01
  0.19600000E+01  0.73999998E+00  0.65379210E-01
  0.19600000E+01  0.75999998E+00  0.66961023E-01
  0.19600000E+01  0.77999998E+00  0.68495131E-01
  0.19600000E+01  0.79999998E+00  0.69910633E-01
  0.19600000E+01  0.81999998E+00  0.71094259E-01
  0.19600000E+01  0.83999998E+00  0.71847695E-01
  0.19600000E+01  0.85999998E+00  0.71745386E-01
  0.19600000E+01  0.87999998E+00  0.68943992E-01
  0.19600000E+01  0.89999998E+00  0.67370242E-01
  0.19600000E+01  0.91999998E+00  0.68636136E-01
  0.19600000E+01  0.93999998E+00  0.69912096E-01
  0.19600000E+01  0.95999998E+00  0.71198025E-01
  0.19600000E+01  0.97999998E+00  0.72493771E-01
  0.19600000E+01  0.99999998E+00  0.73799118E-01
  0.19600000E+01  0.10200000E+01  0.75113792E-01
  0.19600000E+01  0.10400000E+01  0.76437456E-01
  0.19600000E+01  0.10600000E+01  0.77769709E-01
  0.19600000E+01  0.10800000E+01  0.79110089E-01
  0.19600000E+01  0.11000000E+01  0.80458066E-01
  0.19600000E+01  0.11200000E+01  0.81813050E-01
  0.19600000E+01  0.11400000E+01  0.83174383E-01
  0.19600000E+01  0.11600000E+01  0.84541343E-01
  0.19600000E+01  0.11800000E+01  0.85913143E-01
  0.19600000E+01  0.12000000E+01  0.87288933E-01
  0.19600000E+01  0.12200000E+01  0.88667797E-01
  0.19600000E+01  0.12400000E+01  0.90048758E-01
  0.19600000E+01  0.12600000E+01  0.91430780E-01
  0.19600000E+01  0.12800000E+01  0.92812764E-01
  0.19600000E+01  0.13000000E+01  0.94193557E-01
  0.19600000E+01  0.13200000E+01  0.95571950E-01
  0.19600000E+01  0.13400000E+01  0.96946685E-01
  0.19600000E+01  0.13600000E+01  0.98316456E-01
  0.19600000E+01  0.13800000E+01  0.99679916E-01
  0.19600000E+01  0.14000000E+01  0.10103568E+00
  0.19600000E+01  0.14200000E+01  0.10238233E+00
  0.19600000E+01  0.14400000E+01  0.10371844E+00
  0.19600000E+01  0.14600000E+01  0.10504253E+00
  0.19600000E+01  0.14800000E+01  0.10635316E+00
  0.19600000E+01  0.15000000E+01  0.10764885E+00
  0.19600000E+01  0.15200000E+01  0.10892815E+00
  0.19600000E+01  0.15400000E+01  0.11018963E+00
  0.19600000E+01  0.15600000E+01  0.11143190E+00
  0.19600000E+01  0.15800000E+01  0.11265361E+00
  0.19600000E+01  0.16000000E+01  0.11385346E+00
  0.19600000E+01  0.16200000E+01  0.11503024E+00
  0.19600000E+01  0.16400000E+01  0.11618283E+00
  0.19600000E+01  0.16600000E+01  0.11731020E+00
  0.19600000E+01  0.16800000E+01  0.11841146E+00
  0.19600000E+01  0.17000000E+01  0.11948585E+00
  0.19600000E+01  0.17200000E+01  0.12053278E+00
  0.19600000E+01  0.17400000E+01  0.12155180E+00
  0.19600000E+01  0.17600000E+01  0.12254270E+00
  0.19600000E+01  0.17800000E+01  0.12350543E+00
  0.19600000E+01  0.18000000E+01  0.12444019E+00
  0.19600000E+01  0.18200000E+01  0.12534742E+00
  0.19600000E+01  0.18400000E+01  0.12622780E+00
  0.19600000E+01  0.18600000E+01  0.12708230E+00
  0.19600000E+01  0.18800000E+01  0.12791213E+00
  0.19600000E+01  0.19000000E+01  0.12871882E+00
  0.19600000E+01  0.19200000E+01  0.12950417E+00
  0.19600000E+01  0.19400000E+01  0.13027027E+00
  0.19600000E+01  0.19600000E+01  0.13101951E+00
  0.19600000E+01  0.19800000E+01  0.13175456E+00
  0.19600000E+01  0.20000000E+01  0.13247837E+00
  0.19800000E+01  0.00000000E+00  0.24396615E-01
  0.19800000E+01  0.20000000E-01  0.26000168E-01
  0.19800000E+01  0.39999999E-01  0.27535346E-01
  0.19800000E+01  0.59999999E-01  0.29003357E-01
  0.19800000E+01  0.79999998E-01  0.30405682E-01
  0.19800000E+01  0.99999998E-01  0.31744087E-01
  0.19800000E+01  0.12000000E+00  0.33020627E-01
  0.19800000E+01  0.14000000E+00  0.34237656E-01
  0.19800000E+01  0.16000000E+00  0.35397837E-01
  0.19800000E+01  0.18000000E+00  0.36504153E-01
  0.19800000E+01  0.20000000E+00  0.37559911E-01
  0.19800000E+01  0.22000000E+00  0.38568759E-01
  0.19800000E+01  0.23999999E+00  0.39534687E-01
  0.19800000E+01  0.25999999E+00  0.40462040E-01
  0.19800000E+01  0.27999999E+00  0.41355519E-01
  0.19800000E+01  0.29999999E+00  0.42220186E-01
  0.19800000E+01  0.31999999E+00  0.43061463E-01
  0.19800000E+01  0.33999999E+00  0.43885125E-01
  0.19800000E+01  0.35999999E+00  0.44697295E-01
  0.19800000E+01  0.37999999E+00  0.45504422E-01
  0.19800000E+01  0.39999999E+00  0.46313260E-01
  0.19800000E+01  0.41999999E+00  0.47130830E-01
  0.19800000E+01  0.43999999E+00  0.47964374E-01
  0.19800000E+01  0.45999999E+00  0.48821291E-01
  0.19800000E+01  0.47999999E+00  0.49709056E-01
  0.19800000E+01  0.49999999E+00  0.50635112E-01
  0.19800000E+01  0.51999999E+00  0.51606738E-01
  0.19800000E+01  0.53999999E+00  0.52630875E-01
  0.19800000E+01  0.55999999E+00  0.53713909E-01
  0.19800000E+01  0.57999999E+00  0.54861395E-01
  0.19800000E+01  0.59999999E+00  0.56077700E-01
  0.19800000E+01  0.61999999E+00  0.57365553E-01
  0.19800000E+01  0.63999999E+00  0.58725445E-01
  0.19800000E+01  0.65999999E+00  0.60154849E-01
  0.19800000E+01  0.67999998E+00  0.61647162E-01
  0.19800000E+01  0.69999998E+00  0.63190232E-01
  0.19800000E+01  0.71999998E+00  0.64764241E-01
  0.19800000E+01  0.73999998E+00  0.66338509E-01
  0.19800000E+01  0.75999998E+00  0.67866331E-01
  0.19800000E+01  0.77999998E+00  0.69275914E-01
  0.19800000E+01  0.79999998E+00  0.70452305E-01
  0.19800000E+01  0.81999998E+00  0.71194005E-01
  0.19800000E+01  0.83999998E+00  0.71068526E-01
  0.19800000E+01  0.85999998E+00  0.68204525E-01
  0.19800000E+01  0.87999998E+00  0.66576341E-01
  0.19800000E+01  0.89999998E+00  0.67825662E-01
  0.19800000E+01  0.91999998E+00  0.69084987E-01
  0.19800000E+01  0.93999998E+00  0.70354321E-01
  0.19800000E+01  0.95999998E+00  0.71633617E-01
  0.19800000E+01  0.97999998E+00  0.72922768E-01
  0.19800000E+01  0.99999998E+00  0.74221608E-01
  0.19800000E+01  0.10200000E+01  0.75529911E-01
  0.19800000E+01  0.10400000E+01  0.76847391E-01
  0.19800000E+01  0.10600000E+01  0.78173698E-01
  0.19800000E+01  0.10800000E+01  0.79508418E-01
  0.19800000E+01  0.11000000E+01  0.80851074E-01
  0.19800000E+01  0.11200000E+01  0.82201124E-01
  0.19800000E+01  0.11400000E+01  0.83557958E-01
  0.19800000E+01  0.11600000E+01  0.84920901E-01
  0.19800000E+01  0.11800000E+01  0.86289211E-01
  0.19800000E+01  0.12000000E+01  0.87662079E-01
  0.19800000E+01  0.12200000E+01  0.89038630E-01
  0.19800000E+01  0.12400000E+01  0.90417923E-01
  0.19800000E+01  0.12600000E+01  0.91798950E-01
  0.19800000E+01  0.12800000E+01  0.93180641E-01
  0.19800000E+01  0.13000000E+01  0.94561864E-01
  0.19800000E+01  0.13200000E+01  0.95941426E-01
  0.19800000E+01  0.13400000E+01  0.97318077E-01
  0.19800000E+01  0.13600000E+01  0.98690513E-01
  0.19800000E+01  0.13800000E+01  0.10005738E+00
  0.19800000E+01  0.14000000E+01  0.10141728E+00
  0.19800000E+01  0.14200000E+01  0.10276877E+00
  0.19800000E+01  0.14400000E+01  0.10411038E+00
  0.19800000E+01  0.14600000E+01  0.10544060E+00
  0.19800000E+01  0.14800000E+01  0.10675793E+00
  0.19800000E+01  0.15000000E+01  0.10806082E+00
  0.19800000E+01  0.15200000E+01  0.10934774E+00
  0.19800000E+01  0.15400000E+01  0.11061717E+00
  0.19800000E+01  0.15600000E+01  0.11186762E+00
  0.19800000E+01  0.15800000E+01  0.11309761E+00
  0.19800000E+01  0.16000000E+01  0.11430572E+00
  0.19800000E+01  0.16200000E+01  0.11549060E+00
  0.19800000E+01  0.16400000E+01  0.11665096E+00
  0.19800000E+01  0.16600000E+01  0.11778563E+00
  0.19800000E+01  0.16800000E+01  0.11889352E+00
  0.19800000E+01  0.17000000E+01  0.11997369E+00
  0.19800000E+01  0.17200000E+01  0.12102534E+00
  0.19800000E+01  0.17400000E+01  0.12204785E+00
  0.19800000E+01  0.17600000E+01  0.12304078E+00
  0.19800000E+01  0.17800000E+01  0.12400390E+00
  0.19800000E+01  0.18000000E+01  0.12493721E+00
  0.19800000E+01  0.18200000E+01  0.12584097E+00
  0.19800000E+01  0.18400000E+01  0.12671571E+00
  0.19800000E+01  0.18600000E+01  0.12756226E+00
  0.19800000E+01  0.18800000E+01  0.12838177E+00
  0.19800000E+01  0.19000000E+01  0.12917577E+00
  0.19800000E+01  0.19200000E+01  0.12994613E+00
  0.19800000E+01  0.19400000E+01  0.13069519E+00
  0.19800000E+01  0.19600000E+01  0.13142573E+00
  0.19800000E+01  0.19800000E+01  0.13214112E+00
  0.19800000E+01  0.20000000E+01  0.13284539E+00
  0.20000000E+01  0.00000000E+00  0.25020838E-01
  0.20000000E+01  0.20000000E-01  0.26618144E-01
  0.20000000E+01  0.39999999E-01  0.28145150E-01
  0.20000000E+01  0.59999999E-01  0.29603202E-01
  0.20000000E+01  0.79999998E-01  0.30993942E-01
  0.20000000E+01  0.99999998E-01  0.32319322E-01
  0.20000000E+01  0.12000000E+00  0.33581604E-01
  0.20000000E+01  0.14000000E+00  0.34783379E-01
  0.20000000E+01  0.16000000E+00  0.35927571E-01
  0.20000000E+01  0.18000000E+00  0.37017451E-01
  0.20000000E+01  0.20000000E+00  0.38056642E-01
  0.20000000E+01  0.22000000E+00  0.39049135E-01
  0.20000000E+01  0.23999999E+00  0.39999289E-01
  0.20000000E+01  0.25999999E+00  0.40911842E-01
  0.20000000E+01  0.27999999E+00  0.41791914E-01
  0.20000000E+01  0.29999999E+00  0.42645006E-01
  0.20000000E+01  0.31999999E+00  0.43476995E-01
  0.20000000E+01  0.33999999E+00  0.44294131E-01
  0.20000000E+01  0.35999999E+00  0.45103012E-01
  0.20000000E+01  0.37999999E+00  0.45910567E-01
  0.20000000E+01  0.39999999E+00  0.46724019E-01
  0.20000000E+01  0.41999999E+00  0.47550836E-01
  0.20000000E+01  0.43999999E+00  0.48398671E-01
  0.20000000E+01  0.45999999E+00  0.49275276E-01
  0.20000000E+01  0.47999999E+00  0.50188401E-01
  0.20000000E+01  0.49999999E+00  0.51145652E-01
  0.20000000E+01  0.51999999E+00  0.52154319E-01
  0.20000000E+01  0.53999999E+00  0.53221158E-01
  0.20000000E+01  0.55999999E+00  0.54352106E-01
  0.20000000E+01  0.57999999E+00  0.55551921E-01
  0.20000000E+01  0.59999999E+00  0.56823720E-01
  0.20000000E+01  0.61999999E+00  0.58168372E-01
  0.20000000E+01  0.63999999E+00  0.59583699E-01
  0.20000000E+01  0.65999999E+00  0.61063397E-01
  0.20000000E+01  0.67999998E+00  0.62595531E-01
  0.20000000E+01  0.69999998E+00  0.64160380E-01
  0.20000000E+01  0.71999998E+00  0.65727168E-01
  0.20000000E+01  0.73999998E+00  0.67248819E-01
  0.20000000E+01  0.75999998E+00  0.68652713E-01
  0.20000000E+01  0.77999998E+00  0.69822321E-01
  0.20000000E+01  0.79999998E+00  0.70553128E-01
  0.20000000E+01  0.81999998E+00  0.70406067E-01
  0.20000000E+01  0.83999998E+00  0.67483329E-01
  0.20000000E+01  0.85999998E+00  0.65803343E-01
  0.20000000E+01  0.87999998E+00  0.67036189E-01
  0.20000000E+01  0.89999998E+00  0.68278893E-01
  0.20000000E+01  0.91999998E+00  0.69531565E-01
  0.20000000E+01  0.93999998E+00  0.70794261E-01
  0.20000000E+01  0.95999998E+00  0.72066983E-01
  0.20000000E+01  0.97999998E+00  0.73349675E-01
  0.20000000E+01  0.99999998E+00  0.74642225E-01
  0.20000000E+01  0.10200000E+01  0.75944460E-01
  0.20000000E+01  0.10400000E+01  0.77256145E-01
  0.20000000E+01  0.10600000E+01  0.78576985E-01
  0.20000000E+01  0.10800000E+01  0.79906617E-01
  0.20000000E+01  0.11000000E+01  0.81244617E-01
  0.20000000E+01  0.11200000E+01  0.82590491E-01
  0.20000000E+01  0.11400000E+01  0.83943679E-01
  0.20000000E+01  0.11600000E+01  0.85303551E-01
  0.20000000E+01  0.11800000E+01  0.86669408E-01
  0.20000000E+01  0.12000000E+01  0.88040481E-01
  0.20000000E+01  0.12200000E+01  0.89415928E-01
  0.20000000E+01  0.12400000E+01  0.90794840E-01
  0.20000000E+01  0.12600000E+01  0.92176234E-01
  0.20000000E+01  0.12800000E+01  0.93559058E-01
  0.20000000E+01  0.13000000E+01  0.94942192E-01
  0.20000000E+01  0.13200000E+01  0.96324447E-01
  0.20000000E+01  0.13400000E+01  0.97704569E-01
  0.20000000E+01  0.13600000E+01  0.99081240E-01
  0.20000000E+01  0.13800000E+01  0.10045308E+00
  0.20000000E+01  0.14000000E+01  0.10181867E+00
  0.20000000E+01  0.14200000E+01  0.10317651E+00
  0.20000000E+01  0.14400000E+01  0.10452507E+00
  0.20000000E+01  0.14600000E+01  0.10586279E+00
  0.20000000E+01  0.14800000E+01  0.10718806E+00
  0.20000000E+01  0.15000000E+01  0.10849926E+00
  0.20000000E+01  0.15200000E+01  0.10979474E+00
  0.20000000E+01  0.15400000E+01  0.11107286E+00
  0.20000000E+01  0.15600000E+01  0.11233197E+00
  0.20000000E+01  0.15800000E+01  0.11357047E+00
  0.20000000E+01  0.16000000E+01  0.11478675E+00
  0.20000000E+01  0.16200000E+01  0.11597929E+00
  0.20000000E+01  0.16400000E+01  0.11714661E+00
  0.20000000E+01  0.16600000E+01  0.11828731E+00
  0.20000000E+01  0.16800000E+01  0.11940012E+00
  0.20000000E+01  0.17000000E+01  0.12048387E+00
  0.20000000E+01  0.17200000E+01  0.12153753E+00
  0.20000000E+01  0.17400000E+01  0.12256025E+00
  0.20000000E+01  0.17600000E+01  0.12355138E+00
  0.20000000E+01  0.17800000E+01  0.12451047E+00
  0.20000000E+01  0.18000000E+01  0.12543734E+00
  0.20000000E+01  0.18200000E+01  0.12633208E+00
  0.20000000E+01  0.18400000E+01  0.12719513E+00
  0.20000000E+01  0.18600000E+01  0.12802725E+00
  0.20000000E+01  0.18800000E+01  0.12882965E+00
  0.20000000E+01  0.19000000E+01  0.12960401E+00
  0.20000000E+01  0.19200000E+01  0.13035254E+00
  0.20000000E+01  0.19400000E+01  0.13107817E+00
  0.20000000E+01  0.19600000E+01  0.13178462E+00
  0.20000000E+01  0.19800000E+01  0.13247672E+00
  0.20000000E+01  0.20000000E+01  0.13316087E+00
