variables=E1,E2,W12
zone i= 101 j= 101
  0.00000000E+00  0.00000000E+00  0.00000000E+00
  0.00000000E+00  0.20000000E-01  0.88808322E-03
  0.00000000E+00  0.39999999E-01  0.16684356E-02
  0.00000000E+00  0.59999999E-01  0.23443840E-02
  0.00000000E+00  0.79999998E-01  0.29197572E-02
  0.00000000E+00  0.99999998E-01  0.33988718E-02
  0.00000000E+00  0.12000000E+00  0.37865197E-02
  0.00000000E+00  0.14000000E+00  0.40879574E-02
  0.00000000E+00  0.16000000E+00  0.43089010E-02
  0.00000000E+00  0.18000000E+00  0.44555279E-02
  0.00000000E+00  0.20000000E+00  0.45344894E-02
  0.00000000E+00  0.22000000E+00  0.45529380E-02
  0.00000000E+00  0.23999999E+00  0.45185750E-02
  0.00000000E+00  0.25999999E+00  0.44397292E-02
  0.00000000E+00  0.27999999E+00  0.43254784E-02
  0.00000000E+00  0.29999999E+00  0.41858412E-02
  0.00000000E+00  0.31999999E+00  0.40320820E-02
  0.00000000E+00  0.33999999E+00  0.38772228E-02
  0.00000000E+00  0.35999999E+00  0.37369680E-02
  0.00000000E+00  0.37999999E+00  0.36316134E-02
  0.00000000E+00  0.39999999E+00  0.35910167E-02
  0.00000000E+00  0.41999999E+00  0.36787333E-02
  0.00000000E+00  0.43999999E+00  0.39753376E-02
  0.00000000E+00  0.45999999E+00  0.42819815E-02
  0.00000000E+00  0.47999999E+00  0.45940041E-02
  0.00000000E+00  0.49999999E+00  0.49107514E-02
  0.00000000E+00  0.51999999E+00  0.52315810E-02
  0.00000000E+00  0.53999999E+00  0.55558634E-02
  0.00000000E+00  0.55999999E+00  0.58829826E-02
  0.00000000E+00  0.57999999E+00  0.62123378E-02
  0.00000000E+00  0.59999999E+00  0.65433436E-02
  0.00000000E+00  0.61999999E+00  0.68754315E-02
  0.00000000E+00  0.63999999E+00  0.72080507E-02
  0.00000000E+00  0.65999999E+00  0.75406688E-02
  0.00000000E+00  0.67999998E+00  0.78727732E-02
  0.00000000E+00  0.69999998E+00  0.82038711E-02
  0.00000000E+00  0.71999998E+00  0.85334911E-02
  0.00000000E+00  0.73999998E+00  0.88611831E-02
  0.00000000E+00  0.75999998E+00  0.91865197E-02
  0.00000000E+00  0.77999998E+00  0.95090961E-02
  0.00000000E+00  0.79999998E+00  0.98285310E-02
  0.00000000E+00  0.81999998E+00  0.10144467E-01
  0.00000000E+00  0.83999998E+00  0.10456570E-01
  0.00000000E+00  0.85999998E+00  0.10764532E-01
  0.00000000E+00  0.87999998E+00  0.11068068E-01
  0.00000000E+00  0.89999998E+00  0.11366918E-01
  0.00000000E+00  0.91999998E+00  0.11660847E-01
  0.00000000E+00  0.93999998E+00  0.11949646E-01
  0.00000000E+00  0.95999998E+00  0.12233128E-01
  0.00000000E+00  0.97999998E+00  0.12511133E-01
  0.00000000E+00  0.99999998E+00  0.12783523E-01
  0.00000000E+00  0.10200000E+01  0.13050186E-01
  0.00000000E+00  0.10400000E+01  0.13311032E-01
  0.00000000E+00  0.10600000E+01  0.13565996E-01
  0.00000000E+00  0.10800000E+01  0.13815034E-01
  0.00000000E+00  0.11000000E+01  0.14058126E-01
  0.00000000E+00  0.11200000E+01  0.14295271E-01
  0.00000000E+00  0.11400000E+01  0.14526493E-01
  0.00000000E+00  0.11600000E+01  0.14751834E-01
  0.00000000E+00  0.11800000E+01  0.14971357E-01
  0.00000000E+00  0.12000000E+01  0.15185144E-01
  0.00000000E+00  0.12200000E+01  0.15393296E-01
  0.00000000E+00  0.12400000E+01  0.15595934E-01
  0.00000000E+00  0.12600000E+01  0.15793193E-01
  0.00000000E+00  0.12800000E+01  0.15985228E-01
  0.00000000E+00  0.13000000E+01  0.16172209E-01
  0.00000000E+00  0.13200000E+01  0.16354321E-01
  0.00000000E+00  0.13400000E+01  0.16531766E-01
  0.00000000E+00  0.13600000E+01  0.16704758E-01
  0.00000000E+00  0.13800000E+01  0.16873527E-01
  0.00000000E+00  0.14000000E+01  0.17038314E-01
  0.00000000E+00  0.14200000E+01  0.17199375E-01
  0.00000000E+00  0.14400000E+01  0.17356976E-01
  0.00000000E+00  0.14600000E+01  0.17511396E-01
  0.00000000E+00  0.14800000E+01  0.17662923E-01
  0.00000000E+00  0.15000000E+01  0.17811858E-01
  0.00000000E+00  0.15200000E+01  0.17958509E-01
  0.00000000E+00  0.15400000E+01  0.18103195E-01
  0.00000000E+00  0.15600000E+01  0.18246244E-01
  0.00000000E+00  0.15800000E+01  0.18387992E-01
  0.00000000E+00  0.16000000E+01  0.18528781E-01
  0.00000000E+00  0.16200000E+01  0.18668964E-01
  0.00000000E+00  0.16400000E+01  0.18808896E-01
  0.00000000E+00  0.16600000E+01  0.18948942E-01
  0.00000000E+00  0.16800000E+01  0.19089471E-01
  0.00000000E+00  0.17000000E+01  0.19230856E-01
  0.00000000E+00  0.17200000E+01  0.19373476E-01
  0.00000000E+00  0.17400000E+01  0.19517712E-01
  0.00000000E+00  0.17600000E+01  0.19663948E-01
  0.00000000E+00  0.17800000E+01  0.19812573E-01
  0.00000000E+00  0.18000000E+01  0.19963973E-01
  0.00000000E+00  0.18200000E+01  0.20118537E-01
  0.00000000E+00  0.18400000E+01  0.20276652E-01
  0.00000000E+00  0.18600000E+01  0.20438704E-01
  0.00000000E+00  0.18800000E+01  0.20605075E-01
  0.00000000E+00  0.19000000E+01  0.20776145E-01
  0.00000000E+00  0.19200000E+01  0.20952286E-01
  0.00000000E+00  0.19400000E+01  0.21133862E-01
  0.00000000E+00  0.19600000E+01  0.21321231E-01
  0.00000000E+00  0.19800000E+01  0.21514737E-01
  0.00000000E+00  0.20000000E+01  0.21714711E-01
  0.20000000E-01  0.00000000E+00  0.74016271E-05
  0.20000000E-01  0.20000000E-01  0.83295561E-03
  0.20000000E-01  0.39999999E-01  0.15609151E-02
  0.20000000E-01  0.59999999E-01  0.21945536E-02
  0.20000000E-01  0.79999998E-01  0.27375602E-02
  0.20000000E-01  0.99999998E-01  0.31940356E-02
  0.20000000E-01  0.12000000E+00  0.35684898E-02
  0.20000000E-01  0.14000000E+00  0.38658456E-02
  0.20000000E-01  0.16000000E+00  0.40914482E-02
  0.20000000E-01  0.18000000E+00  0.42510834E-02
  0.20000000E-01  0.20000000E+00  0.43510094E-02
  0.20000000E-01  0.22000000E+00  0.43980057E-02
  0.20000000E-01  0.23999999E+00  0.43994487E-02
  0.20000000E-01  0.25999999E+00  0.43634245E-02
  0.20000000E-01  0.27999999E+00  0.42989030E-02
  0.20000000E-01  0.29999999E+00  0.42160104E-02
  0.20000000E-01  0.31999999E+00  0.41264812E-02
  0.20000000E-01  0.33999999E+00  0.40444678E-02
  0.20000000E-01  0.35999999E+00  0.39881884E-02
  0.20000000E-01  0.37999999E+00  0.39841290E-02
  0.20000000E-01  0.39999999E+00  0.40856839E-02
  0.20000000E-01  0.41999999E+00  0.43781856E-02
  0.20000000E-01  0.43999999E+00  0.46826599E-02
  0.20000000E-01  0.45999999E+00  0.49910650E-02
  0.20000000E-01  0.47999999E+00  0.53028474E-02
  0.20000000E-01  0.49999999E+00  0.56174683E-02
  0.20000000E-01  0.51999999E+00  0.59344040E-02
  0.20000000E-01  0.53999999E+00  0.62531463E-02
  0.20000000E-01  0.55999999E+00  0.65732036E-02
  0.20000000E-01  0.57999999E+00  0.68941006E-02
  0.20000000E-01  0.59999999E+00  0.72153796E-02
  0.20000000E-01  0.61999999E+00  0.75366003E-02
  0.20000000E-01  0.63999999E+00  0.78573408E-02
  0.20000000E-01  0.65999999E+00  0.81771977E-02
  0.20000000E-01  0.67999998E+00  0.84957867E-02
  0.20000000E-01  0.69999998E+00  0.88127426E-02
  0.20000000E-01  0.71999998E+00  0.91277201E-02
  0.20000000E-01  0.73999998E+00  0.94403936E-02
  0.20000000E-01  0.75999998E+00  0.97504575E-02
  0.20000000E-01  0.77999998E+00  0.10057627E-01
  0.20000000E-01  0.79999998E+00  0.10361636E-01
  0.20000000E-01  0.81999998E+00  0.10662240E-01
  0.20000000E-01  0.83999998E+00  0.10959214E-01
  0.20000000E-01  0.85999998E+00  0.11252355E-01
  0.20000000E-01  0.87999998E+00  0.11541477E-01
  0.20000000E-01  0.89999998E+00  0.11826414E-01
  0.20000000E-01  0.91999998E+00  0.12107021E-01
  0.20000000E-01  0.93999998E+00  0.12383169E-01
  0.20000000E-01  0.95999998E+00  0.12654750E-01
  0.20000000E-01  0.97999998E+00  0.12921671E-01
  0.20000000E-01  0.99999998E+00  0.13183857E-01
  0.20000000E-01  0.10200000E+01  0.13441248E-01
  0.20000000E-01  0.10400000E+01  0.13693800E-01
  0.20000000E-01  0.10600000E+01  0.13941480E-01
  0.20000000E-01  0.10800000E+01  0.14184270E-01
  0.20000000E-01  0.11000000E+01  0.14422163E-01
  0.20000000E-01  0.11200000E+01  0.14655159E-01
  0.20000000E-01  0.11400000E+01  0.14883268E-01
  0.20000000E-01  0.11600000E+01  0.15106504E-01
  0.20000000E-01  0.11800000E+01  0.15324884E-01
  0.20000000E-01  0.12000000E+01  0.15538427E-01
  0.20000000E-01  0.12200000E+01  0.15747147E-01
  0.20000000E-01  0.12400000E+01  0.15951054E-01
  0.20000000E-01  0.12600000E+01  0.16150145E-01
  0.20000000E-01  0.12800000E+01  0.16344402E-01
  0.20000000E-01  0.13000000E+01  0.16533784E-01
  0.20000000E-01  0.13200000E+01  0.16718221E-01
  0.20000000E-01  0.13400000E+01  0.16897603E-01
  0.20000000E-01  0.13600000E+01  0.17071768E-01
  0.20000000E-01  0.13800000E+01  0.17240484E-01
  0.20000000E-01  0.14000000E+01  0.17403431E-01
  0.20000000E-01  0.14200000E+01  0.17560169E-01
  0.20000000E-01  0.14400000E+01  0.17710094E-01
  0.20000000E-01  0.14600000E+01  0.17852379E-01
  0.20000000E-01  0.14800000E+01  0.17985870E-01
  0.20000000E-01  0.15000000E+01  0.18108925E-01
  0.20000000E-01  0.15200000E+01  0.18219119E-01
  0.20000000E-01  0.15400000E+01  0.18312654E-01
  0.20000000E-01  0.15600000E+01  0.18382986E-01
  0.20000000E-01  0.15800000E+01  0.18416746E-01
  0.20000000E-01  0.16000000E+01  0.18373691E-01
  0.20000000E-01  0.16200000E+01  0.18170834E-01
  0.20000000E-01  0.16400000E+01  0.18324471E-01
  0.20000000E-01  0.16600000E+01  0.18477772E-01
  0.20000000E-01  0.16800000E+01  0.18631049E-01
  0.20000000E-01  0.17000000E+01  0.18784616E-01
  0.20000000E-01  0.17200000E+01  0.18938796E-01
  0.20000000E-01  0.17400000E+01  0.19093912E-01
  0.20000000E-01  0.17600000E+01  0.19250292E-01
  0.20000000E-01  0.17800000E+01  0.19408267E-01
  0.20000000E-01  0.18000000E+01  0.19568169E-01
  0.20000000E-01  0.18200000E+01  0.19730331E-01
  0.20000000E-01  0.18400000E+01  0.19895086E-01
  0.20000000E-01  0.18600000E+01  0.20062766E-01
  0.20000000E-01  0.18800000E+01  0.20233700E-01
  0.20000000E-01  0.19000000E+01  0.20408214E-01
  0.20000000E-01  0.19200000E+01  0.20586628E-01
  0.20000000E-01  0.19400000E+01  0.20769258E-01
  0.20000000E-01  0.19600000E+01  0.20956408E-01
  0.20000000E-01  0.19800000E+01  0.21148376E-01
  0.20000000E-01  0.20000000E+01  0.21345445E-01
  0.39999999E-01  0.00000000E+00  0.29423142E-04
  0.39999999E-01  0.20000000E-01  0.80136734E-03
  0.39999999E-01  0.39999999E-01  0.14854533E-02
  0.39999999E-01  0.59999999E-01  0.20847909E-02
  0.39999999E-01  0.79999998E-01  0.26028323E-02
  0.39999999E-01  0.99999998E-01  0.30433770E-02
  0.39999999E-01  0.12000000E+00  0.34105815E-02
  0.39999999E-01  0.14000000E+00  0.37089743E-02
  0.39999999E-01  0.16000000E+00  0.39434794E-02
  0.39999999E-01  0.18000000E+00  0.41194497E-02
  0.39999999E-01  0.20000000E+00  0.42427153E-02
  0.39999999E-01  0.22000000E+00  0.43196537E-02
  0.39999999E-01  0.23999999E+00  0.43572897E-02
  0.39999999E-01  0.25999999E+00  0.43634460E-02
  0.39999999E-01  0.27999999E+00  0.43469726E-02
  0.39999999E-01  0.29999999E+00  0.43181176E-02
  0.39999999E-01  0.31999999E+00  0.42891741E-02
  0.39999999E-01  0.33999999E+00  0.42757422E-02
  0.39999999E-01  0.35999999E+00  0.42996919E-02
  0.39999999E-01  0.37999999E+00  0.43969922E-02
  0.39999999E-01  0.39999999E+00  0.46795658E-02
  0.39999999E-01  0.41999999E+00  0.49831944E-02
  0.39999999E-01  0.43999999E+00  0.52893709E-02
  0.39999999E-01  0.45999999E+00  0.55976320E-02
  0.39999999E-01  0.47999999E+00  0.59075314E-02
  0.39999999E-01  0.49999999E+00  0.62186400E-02
  0.39999999E-01  0.51999999E+00  0.65305462E-02
  0.39999999E-01  0.53999999E+00  0.68428559E-02
  0.39999999E-01  0.55999999E+00  0.71551927E-02
  0.39999999E-01  0.57999999E+00  0.74671980E-02
  0.39999999E-01  0.59999999E+00  0.77785312E-02
  0.39999999E-01  0.61999999E+00  0.80888699E-02
  0.39999999E-01  0.63999999E+00  0.83979098E-02
  0.39999999E-01  0.65999999E+00  0.87053649E-02
  0.39999999E-01  0.67999998E+00  0.90109674E-02
  0.39999999E-01  0.69999998E+00  0.93144679E-02
  0.39999999E-01  0.71999998E+00  0.96156352E-02
  0.39999999E-01  0.73999998E+00  0.99142562E-02
  0.39999999E-01  0.75999998E+00  0.10210136E-01
  0.39999999E-01  0.77999998E+00  0.10503097E-01
  0.39999999E-01  0.79999998E+00  0.10792979E-01
  0.39999999E-01  0.81999998E+00  0.11079640E-01
  0.39999999E-01  0.83999998E+00  0.11362953E-01
  0.39999999E-01  0.85999998E+00  0.11642808E-01
  0.39999999E-01  0.87999998E+00  0.11919112E-01
  0.39999999E-01  0.89999998E+00  0.12191783E-01
  0.39999999E-01  0.91999998E+00  0.12460756E-01
  0.39999999E-01  0.93999998E+00  0.12725979E-01
  0.39999999E-01  0.95999998E+00  0.12987410E-01
  0.39999999E-01  0.97999998E+00  0.13245019E-01
  0.39999999E-01  0.99999998E+00  0.13498785E-01
  0.39999999E-01  0.10200000E+01  0.13748696E-01
  0.39999999E-01  0.10400000E+01  0.13994743E-01
  0.39999999E-01  0.10600000E+01  0.14236924E-01
  0.39999999E-01  0.10800000E+01  0.14475238E-01
  0.39999999E-01  0.11000000E+01  0.14709682E-01
  0.39999999E-01  0.11200000E+01  0.14940249E-01
  0.39999999E-01  0.11400000E+01  0.15166928E-01
  0.39999999E-01  0.11600000E+01  0.15389693E-01
  0.39999999E-01  0.11800000E+01  0.15608505E-01
  0.39999999E-01  0.12000000E+01  0.15823302E-01
  0.39999999E-01  0.12200000E+01  0.16033996E-01
  0.39999999E-01  0.12400000E+01  0.16240465E-01
  0.39999999E-01  0.12600000E+01  0.16442541E-01
  0.39999999E-01  0.12800000E+01  0.16640002E-01
  0.39999999E-01  0.13000000E+01  0.16832557E-01
  0.39999999E-01  0.13200000E+01  0.17019828E-01
  0.39999999E-01  0.13400000E+01  0.17201331E-01
  0.39999999E-01  0.13600000E+01  0.17376440E-01
  0.39999999E-01  0.13800000E+01  0.17544354E-01
  0.39999999E-01  0.14000000E+01  0.17704040E-01
  0.39999999E-01  0.14200000E+01  0.17854155E-01
  0.39999999E-01  0.14400000E+01  0.17992930E-01
  0.39999999E-01  0.14600000E+01  0.18117990E-01
  0.39999999E-01  0.14800000E+01  0.18226053E-01
  0.39999999E-01  0.15000000E+01  0.18312389E-01
  0.39999999E-01  0.15200000E+01  0.18369743E-01
  0.39999999E-01  0.15400000E+01  0.18385823E-01
  0.39999999E-01  0.15600000E+01  0.18335843E-01
  0.39999999E-01  0.15800000E+01  0.18145897E-01
  0.39999999E-01  0.16000000E+01  0.17663720E-01
  0.39999999E-01  0.16200000E+01  0.17831481E-01
  0.39999999E-01  0.16400000E+01  0.17998213E-01
  0.39999999E-01  0.16600000E+01  0.18164164E-01
  0.39999999E-01  0.16800000E+01  0.18329585E-01
  0.39999999E-01  0.17000000E+01  0.18494736E-01
  0.39999999E-01  0.17200000E+01  0.18659878E-01
  0.39999999E-01  0.17400000E+01  0.18825278E-01
  0.39999999E-01  0.17600000E+01  0.18991209E-01
  0.39999999E-01  0.17800000E+01  0.19157942E-01
  0.39999999E-01  0.18000000E+01  0.19325754E-01
  0.39999999E-01  0.18200000E+01  0.19494922E-01
  0.39999999E-01  0.18400000E+01  0.19665723E-01
  0.39999999E-01  0.18600000E+01  0.19838432E-01
  0.39999999E-01  0.18800000E+01  0.20013325E-01
  0.39999999E-01  0.19000000E+01  0.20190673E-01
  0.39999999E-01  0.19200000E+01  0.20370742E-01
  0.39999999E-01  0.19400000E+01  0.20553796E-01
  0.39999999E-01  0.19600000E+01  0.20740087E-01
  0.39999999E-01  0.19800000E+01  0.20929860E-01
  0.39999999E-01  0.20000000E+01  0.21123350E-01
  0.59999999E-01  0.00000000E+00  0.66019268E-04
  0.59999999E-01  0.20000000E-01  0.79297832E-03
  0.59999999E-01  0.39999999E-01  0.14413188E-02
  0.59999999E-01  0.59999999E-01  0.20138851E-02
  0.59999999E-01  0.79999998E-01  0.25138014E-02
  0.59999999E-01  0.99999998E-01  0.29444861E-02
  0.59999999E-01  0.12000000E+00  0.33096708E-02
  0.59999999E-01  0.14000000E+00  0.36134265E-02
  0.59999999E-01  0.16000000E+00  0.38601972E-02
  0.59999999E-01  0.18000000E+00  0.40548456E-02
  0.59999999E-01  0.20000000E+00  0.42027150E-02
  0.59999999E-01  0.22000000E+00  0.43097135E-02
  0.59999999E-01  0.23999999E+00  0.43824354E-02
  0.59999999E-01  0.25999999E+00  0.44283376E-02
  0.59999999E-01  0.27999999E+00  0.44560123E-02
  0.59999999E-01  0.29999999E+00  0.44756300E-02
  0.59999999E-01  0.31999999E+00  0.44997101E-02
  0.59999999E-01  0.33999999E+00  0.45444470E-02
  0.59999999E-01  0.35999999E+00  0.46222372E-02
  0.59999999E-01  0.37999999E+00  0.48900025E-02
  0.59999999E-01  0.39999999E+00  0.51939482E-02
  0.59999999E-01  0.41999999E+00  0.54991206E-02
  0.59999999E-01  0.43999999E+00  0.58051377E-02
  0.59999999E-01  0.45999999E+00  0.61116368E-02
  0.59999999E-01  0.47999999E+00  0.64182742E-02
  0.59999999E-01  0.49999999E+00  0.67247250E-02
  0.59999999E-01  0.51999999E+00  0.70306831E-02
  0.59999999E-01  0.53999999E+00  0.73358609E-02
  0.59999999E-01  0.55999999E+00  0.76399892E-02
  0.59999999E-01  0.57999999E+00  0.79428174E-02
  0.59999999E-01  0.59999999E+00  0.82441128E-02
  0.59999999E-01  0.61999999E+00  0.85436610E-02
  0.59999999E-01  0.63999999E+00  0.88412653E-02
  0.59999999E-01  0.65999999E+00  0.91367469E-02
  0.59999999E-01  0.67999998E+00  0.94299444E-02
  0.59999999E-01  0.69999998E+00  0.97207134E-02
  0.59999999E-01  0.71999998E+00  0.10008927E-01
  0.59999999E-01  0.73999998E+00  0.10294473E-01
  0.59999999E-01  0.75999998E+00  0.10577258E-01
  0.59999999E-01  0.77999998E+00  0.10857202E-01
  0.59999999E-01  0.79999998E+00  0.11134242E-01
  0.59999999E-01  0.81999998E+00  0.11408325E-01
  0.59999999E-01  0.83999998E+00  0.11679417E-01
  0.59999999E-01  0.85999998E+00  0.11947493E-01
  0.59999999E-01  0.87999998E+00  0.12212540E-01
  0.59999999E-01  0.89999998E+00  0.12474556E-01
  0.59999999E-01  0.91999998E+00  0.12733548E-01
  0.59999999E-01  0.93999998E+00  0.12989531E-01
  0.59999999E-01  0.95999998E+00  0.13242525E-01
  0.59999999E-01  0.97999998E+00  0.13492554E-01
  0.59999999E-01  0.99999998E+00  0.13739646E-01
  0.59999999E-01  0.10200000E+01  0.13983827E-01
  0.59999999E-01  0.10400000E+01  0.14225121E-01
  0.59999999E-01  0.10600000E+01  0.14463544E-01
  0.59999999E-01  0.10800000E+01  0.14699106E-01
  0.59999999E-01  0.11000000E+01  0.14931801E-01
  0.59999999E-01  0.11200000E+01  0.15161606E-01
  0.59999999E-01  0.11400000E+01  0.15388473E-01
  0.59999999E-01  0.11600000E+01  0.15612329E-01
  0.59999999E-01  0.11800000E+01  0.15833060E-01
  0.59999999E-01  0.12000000E+01  0.16050509E-01
  0.59999999E-01  0.12200000E+01  0.16264462E-01
  0.59999999E-01  0.12400000E+01  0.16474640E-01
  0.59999999E-01  0.12600000E+01  0.16680678E-01
  0.59999999E-01  0.12800000E+01  0.16882109E-01
  0.59999999E-01  0.13000000E+01  0.17078343E-01
  0.59999999E-01  0.13200000E+01  0.17268629E-01
  0.59999999E-01  0.13400000E+01  0.17452023E-01
  0.59999999E-01  0.13600000E+01  0.17627326E-01
  0.59999999E-01  0.13800000E+01  0.17793015E-01
  0.59999999E-01  0.14000000E+01  0.17947134E-01
  0.59999999E-01  0.14200000E+01  0.18087132E-01
  0.59999999E-01  0.14400000E+01  0.18209618E-01
  0.59999999E-01  0.14600000E+01  0.18309948E-01
  0.59999999E-01  0.14800000E+01  0.18381479E-01
  0.59999999E-01  0.15000000E+01  0.18414095E-01
  0.59999999E-01  0.15200000E+01  0.18390762E-01
  0.59999999E-01  0.15400000E+01  0.18277311E-01
  0.59999999E-01  0.15600000E+01  0.17972311E-01
  0.59999999E-01  0.15800000E+01  0.17266684E-01
  0.59999999E-01  0.16000000E+01  0.17448880E-01
  0.59999999E-01  0.16200000E+01  0.17629475E-01
  0.59999999E-01  0.16400000E+01  0.17808652E-01
  0.59999999E-01  0.16600000E+01  0.17986599E-01
  0.59999999E-01  0.16800000E+01  0.18163511E-01
  0.59999999E-01  0.17000000E+01  0.18339589E-01
  0.59999999E-01  0.17200000E+01  0.18515037E-01
  0.59999999E-01  0.17400000E+01  0.18690066E-01
  0.59999999E-01  0.17600000E+01  0.18864887E-01
  0.59999999E-01  0.17800000E+01  0.19039717E-01
  0.59999999E-01  0.18000000E+01  0.19214775E-01
  0.59999999E-01  0.18200000E+01  0.19390280E-01
  0.59999999E-01  0.18400000E+01  0.19566452E-01
  0.59999999E-01  0.18600000E+01  0.19743510E-01
  0.59999999E-01  0.18800000E+01  0.19921673E-01
  0.59999999E-01  0.19000000E+01  0.20101157E-01
  0.59999999E-01  0.19200000E+01  0.20282173E-01
  0.59999999E-01  0.19400000E+01  0.20464928E-01
  0.59999999E-01  0.19600000E+01  0.20649622E-01
  0.59999999E-01  0.19800000E+01  0.20836447E-01
  0.59999999E-01  0.20000000E+01  0.21025586E-01
  0.79999998E-01  0.00000000E+00  0.11740463E-03
  0.79999998E-01  0.20000000E-01  0.80762862E-03
  0.79999998E-01  0.39999999E-01  0.14278795E-02
  0.79999998E-01  0.59999999E-01  0.19806402E-02
  0.79999998E-01  0.79999998E-01  0.24686198E-02
  0.79999998E-01  0.99999998E-01  0.28947750E-02
  0.79999998E-01  0.12000000E+00  0.32623369E-02
  0.79999998E-01  0.14000000E+00  0.35748435E-02
  0.79999998E-01  0.16000000E+00  0.38361807E-02
  0.79999998E-01  0.18000000E+00  0.40506330E-02
  0.79999998E-01  0.20000000E+00  0.42229495E-02
  0.79999998E-01  0.22000000E+00  0.43584309E-02
  0.79999998E-01  0.23999999E+00  0.44630452E-02
  0.79999998E-01  0.25999999E+00  0.45435867E-02
  0.79999998E-01  0.27999999E+00  0.46078828E-02
  0.79999998E-01  0.29999999E+00  0.46649836E-02
  0.79999998E-01  0.31999999E+00  0.47245238E-02
  0.79999998E-01  0.33999999E+00  0.47702354E-02
  0.79999998E-01  0.35999999E+00  0.50192224E-02
  0.79999998E-01  0.37999999E+00  0.53245142E-02
  0.79999998E-01  0.39999999E+00  0.56297687E-02
  0.79999998E-01  0.41999999E+00  0.59346784E-02
  0.79999998E-01  0.43999999E+00  0.62389564E-02
  0.79999998E-01  0.45999999E+00  0.65423366E-02
  0.79999998E-01  0.47999999E+00  0.68445728E-02
  0.79999998E-01  0.49999999E+00  0.71454385E-02
  0.79999998E-01  0.51999999E+00  0.74447265E-02
  0.79999998E-01  0.53999999E+00  0.77422488E-02
  0.79999998E-01  0.55999999E+00  0.80378360E-02
  0.79999998E-01  0.57999999E+00  0.83313369E-02
  0.79999998E-01  0.59999999E+00  0.86226185E-02
  0.79999998E-01  0.61999999E+00  0.89115657E-02
  0.79999998E-01  0.63999999E+00  0.91980806E-02
  0.79999998E-01  0.65999999E+00  0.94820821E-02
  0.79999998E-01  0.67999998E+00  0.97635061E-02
  0.79999998E-01  0.69999998E+00  0.10042304E-01
  0.79999998E-01  0.71999998E+00  0.10318444E-01
  0.79999998E-01  0.73999998E+00  0.10591908E-01
  0.79999998E-01  0.75999998E+00  0.10862692E-01
  0.79999998E-01  0.77999998E+00  0.11130806E-01
  0.79999998E-01  0.79999998E+00  0.11396274E-01
  0.79999998E-01  0.81999998E+00  0.11659129E-01
  0.79999998E-01  0.83999998E+00  0.11919416E-01
  0.79999998E-01  0.85999998E+00  0.12177189E-01
  0.79999998E-01  0.87999998E+00  0.12432511E-01
  0.79999998E-01  0.89999998E+00  0.12685449E-01
  0.79999998E-01  0.91999998E+00  0.12936075E-01
  0.79999998E-01  0.93999998E+00  0.13184465E-01
  0.79999998E-01  0.95999998E+00  0.13430693E-01
  0.79999998E-01  0.97999998E+00  0.13674832E-01
  0.79999998E-01  0.99999998E+00  0.13916950E-01
  0.79999998E-01  0.10200000E+01  0.14157105E-01
  0.79999998E-01  0.10400000E+01  0.14395343E-01
  0.79999998E-01  0.10600000E+01  0.14631696E-01
  0.79999998E-01  0.10800000E+01  0.14866170E-01
  0.79999998E-01  0.11000000E+01  0.15098749E-01
  0.79999998E-01  0.11200000E+01  0.15329381E-01
  0.79999998E-01  0.11400000E+01  0.15557973E-01
  0.79999998E-01  0.11600000E+01  0.15784383E-01
  0.79999998E-01  0.11800000E+01  0.16008408E-01
  0.79999998E-01  0.12000000E+01  0.16229773E-01
  0.79999998E-01  0.12200000E+01  0.16448115E-01
  0.79999998E-01  0.12400000E+01  0.16662963E-01
  0.79999998E-01  0.12600000E+01  0.16873716E-01
  0.79999998E-01  0.12800000E+01  0.17079613E-01
  0.79999998E-01  0.13000000E+01  0.17279699E-01
  0.79999998E-01  0.13200000E+01  0.17472768E-01
  0.79999998E-01  0.13400000E+01  0.17657303E-01
  0.79999998E-01  0.13600000E+01  0.17831383E-01
  0.79999998E-01  0.13800000E+01  0.17992549E-01
  0.79999998E-01  0.14000000E+01  0.18137614E-01
  0.79999998E-01  0.14200000E+01  0.18262354E-01
  0.79999998E-01  0.14400000E+01  0.18361008E-01
  0.79999998E-01  0.14600000E+01  0.18425372E-01
  0.79999998E-01  0.14800000E+01  0.18442995E-01
  0.79999998E-01  0.15000000E+01  0.18392992E-01
  0.79999998E-01  0.15200000E+01  0.18233616E-01
  0.79999998E-01  0.15400000E+01  0.17841322E-01
  0.79999998E-01  0.15600000E+01  0.16961243E-01
  0.79999998E-01  0.15800000E+01  0.17157990E-01
  0.79999998E-01  0.16000000E+01  0.17352677E-01
  0.79999998E-01  0.16200000E+01  0.17545424E-01
  0.79999998E-01  0.16400000E+01  0.17736357E-01
  0.79999998E-01  0.16600000E+01  0.17925607E-01
  0.79999998E-01  0.16800000E+01  0.18113312E-01
  0.79999998E-01  0.17000000E+01  0.18299615E-01
  0.79999998E-01  0.17200000E+01  0.18484664E-01
  0.79999998E-01  0.17400000E+01  0.18668609E-01
  0.79999998E-01  0.17600000E+01  0.18851606E-01
  0.79999998E-01  0.17800000E+01  0.19033813E-01
  0.79999998E-01  0.18000000E+01  0.19215390E-01
  0.79999998E-01  0.18200000E+01  0.19396498E-01
  0.79999998E-01  0.18400000E+01  0.19577299E-01
  0.79999998E-01  0.18600000E+01  0.19757956E-01
  0.79999998E-01  0.18800000E+01  0.19938627E-01
  0.79999998E-01  0.19000000E+01  0.20119473E-01
  0.79999998E-01  0.19200000E+01  0.20300647E-01
  0.79999998E-01  0.19400000E+01  0.20482301E-01
  0.79999998E-01  0.19600000E+01  0.20664578E-01
  0.79999998E-01  0.19800000E+01  0.20847616E-01
  0.79999998E-01  0.20000000E+01  0.21031544E-01
  0.99999998E-01  0.00000000E+00  0.18398630E-03
  0.99999998E-01  0.20000000E-01  0.84526130E-03
  0.99999998E-01  0.39999999E-01  0.14445136E-02
  0.99999998E-01  0.59999999E-01  0.19837715E-02
  0.99999998E-01  0.79999998E-01  0.24652399E-02
  0.99999998E-01  0.99999998E-01  0.28913270E-02
  0.99999998E-01  0.12000000E+00  0.32646731E-02
  0.99999998E-01  0.14000000E+00  0.35881849E-02
  0.99999998E-01  0.16000000E+00  0.38650736E-02
  0.99999998E-01  0.18000000E+00  0.40988991E-02
  0.99999998E-01  0.20000000E+00  0.42936186E-02
  0.99999998E-01  0.22000000E+00  0.44536354E-02
  0.99999998E-01  0.23999999E+00  0.45838312E-02
  0.99999998E-01  0.25999999E+00  0.46895099E-02
  0.99999998E-01  0.27999999E+00  0.47759347E-02
  0.99999998E-01  0.29999999E+00  0.48454626E-02
  0.99999998E-01  0.31999999E+00  0.48490673E-02
  0.99999998E-01  0.33999999E+00  0.50761808E-02
  0.99999998E-01  0.35999999E+00  0.53837382E-02
  0.99999998E-01  0.37999999E+00  0.56900468E-02
  0.99999998E-01  0.39999999E+00  0.59948675E-02
  0.99999998E-01  0.41999999E+00  0.62979833E-02
  0.99999998E-01  0.43999999E+00  0.65991991E-02
  0.99999998E-01  0.45999999E+00  0.68983404E-02
  0.99999998E-01  0.47999999E+00  0.71952537E-02
  0.99999998E-01  0.49999999E+00  0.74898050E-02
  0.99999998E-01  0.51999999E+00  0.77818799E-02
  0.99999998E-01  0.53999999E+00  0.80713830E-02
  0.99999998E-01  0.55999999E+00  0.83582374E-02
  0.99999998E-01  0.57999999E+00  0.86423844E-02
  0.99999998E-01  0.59999999E+00  0.89237827E-02
  0.99999998E-01  0.61999999E+00  0.92024086E-02
  0.99999998E-01  0.63999999E+00  0.94782547E-02
  0.99999998E-01  0.65999999E+00  0.97513301E-02
  0.99999998E-01  0.67999998E+00  0.10021659E-01
  0.99999998E-01  0.69999998E+00  0.10289283E-01
  0.99999998E-01  0.71999998E+00  0.10554253E-01
  0.99999998E-01  0.73999998E+00  0.10816639E-01
  0.99999998E-01  0.75999998E+00  0.11076520E-01
  0.99999998E-01  0.77999998E+00  0.11333988E-01
  0.99999998E-01  0.79999998E+00  0.11589146E-01
  0.99999998E-01  0.81999998E+00  0.11842103E-01
  0.99999998E-01  0.83999998E+00  0.12092980E-01
  0.99999998E-01  0.85999998E+00  0.12341902E-01
  0.99999998E-01  0.87999998E+00  0.12588997E-01
  0.99999998E-01  0.89999998E+00  0.12834398E-01
  0.99999998E-01  0.91999998E+00  0.13078235E-01
  0.99999998E-01  0.93999998E+00  0.13320636E-01
  0.99999998E-01  0.95999998E+00  0.13561725E-01
  0.99999998E-01  0.97999998E+00  0.13801614E-01
  0.99999998E-01  0.99999998E+00  0.14040404E-01
  0.99999998E-01  0.10200000E+01  0.14278179E-01
  0.99999998E-01  0.10400000E+01  0.14514999E-01
  0.99999998E-01  0.10600000E+01  0.14750898E-01
  0.99999998E-01  0.10800000E+01  0.14985875E-01
  0.99999998E-01  0.11000000E+01  0.15219887E-01
  0.99999998E-01  0.11200000E+01  0.15452842E-01
  0.99999998E-01  0.11400000E+01  0.15684585E-01
  0.99999998E-01  0.11600000E+01  0.15914891E-01
  0.99999998E-01  0.11800000E+01  0.16143444E-01
  0.99999998E-01  0.12000000E+01  0.16369827E-01
  0.99999998E-01  0.12200000E+01  0.16593492E-01
  0.99999998E-01  0.12400000E+01  0.16813741E-01
  0.99999998E-01  0.12600000E+01  0.17029687E-01
  0.99999998E-01  0.12800000E+01  0.17240211E-01
  0.99999998E-01  0.13000000E+01  0.17443910E-01
  0.99999998E-01  0.13200000E+01  0.17639014E-01
  0.99999998E-01  0.13400000E+01  0.17823284E-01
  0.99999998E-01  0.13600000E+01  0.17993864E-01
  0.99999998E-01  0.13800000E+01  0.18147051E-01
  0.99999998E-01  0.14000000E+01  0.18277955E-01
  0.99999998E-01  0.14200000E+01  0.18379919E-01
  0.99999998E-01  0.14400000E+01  0.18443484E-01
  0.99999998E-01  0.14600000E+01  0.18454337E-01
  0.99999998E-01  0.14800000E+01  0.18388529E-01
  0.99999998E-01  0.15000000E+01  0.18198318E-01
  0.99999998E-01  0.15200000E+01  0.17742819E-01
  0.99999998E-01  0.15400000E+01  0.16731074E-01
  0.99999998E-01  0.15600000E+01  0.16942313E-01
  0.99999998E-01  0.15800000E+01  0.17151142E-01
  0.99999998E-01  0.16000000E+01  0.17357619E-01
  0.99999998E-01  0.16200000E+01  0.17561807E-01
  0.99999998E-01  0.16400000E+01  0.17763777E-01
  0.99999998E-01  0.16600000E+01  0.17963604E-01
  0.99999998E-01  0.16800000E+01  0.18161368E-01
  0.99999998E-01  0.17000000E+01  0.18357157E-01
  0.99999998E-01  0.17200000E+01  0.18551058E-01
  0.99999998E-01  0.17400000E+01  0.18743165E-01
  0.99999998E-01  0.17600000E+01  0.18933576E-01
  0.99999998E-01  0.17800000E+01  0.19122389E-01
  0.99999998E-01  0.18000000E+01  0.19309706E-01
  0.99999998E-01  0.18200000E+01  0.19495628E-01
  0.99999998E-01  0.18400000E+01  0.19680259E-01
  0.99999998E-01  0.18600000E+01  0.19863701E-01
  0.99999998E-01  0.18800000E+01  0.20046057E-01
  0.99999998E-01  0.19000000E+01  0.20227426E-01
  0.99999998E-01  0.19200000E+01  0.20407904E-01
  0.99999998E-01  0.19400000E+01  0.20587584E-01
  0.99999998E-01  0.19600000E+01  0.20766553E-01
  0.99999998E-01  0.19800000E+01  0.20944893E-01
  0.99999998E-01  0.20000000E+01  0.21122676E-01
  0.12000000E+00  0.00000000E+00  0.26628350E-03
  0.12000000E+00  0.20000000E-01  0.90583062E-03
  0.12000000E+00  0.39999999E-01  0.14905030E-02
  0.12000000E+00  0.59999999E-01  0.20217781E-02
  0.12000000E+00  0.79999998E-01  0.25012598E-02
  0.12000000E+00  0.99999998E-01  0.29307037E-02
  0.12000000E+00  0.12000000E+00  0.33120415E-02
  0.12000000E+00  0.14000000E+00  0.36474054E-02
  0.12000000E+00  0.16000000E+00  0.39391473E-02
  0.12000000E+00  0.18000000E+00  0.41898456E-02
  0.12000000E+00  0.20000000E+00  0.44022820E-02
  0.12000000E+00  0.22000000E+00  0.45793367E-02
  0.12000000E+00  0.23999999E+00  0.47236482E-02
  0.12000000E+00  0.25999999E+00  0.48364439E-02
  0.12000000E+00  0.27999999E+00  0.49122427E-02
  0.12000000E+00  0.29999999E+00  0.48661069E-02
  0.12000000E+00  0.31999999E+00  0.50690899E-02
  0.12000000E+00  0.33999999E+00  0.53797443E-02
  0.12000000E+00  0.35999999E+00  0.56879859E-02
  0.12000000E+00  0.37999999E+00  0.59936388E-02
  0.12000000E+00  0.39999999E+00  0.62965511E-02
  0.12000000E+00  0.41999999E+00  0.65965928E-02
  0.12000000E+00  0.43999999E+00  0.68936562E-02
  0.12000000E+00  0.45999999E+00  0.71876543E-02
  0.12000000E+00  0.47999999E+00  0.74785205E-02
  0.12000000E+00  0.49999999E+00  0.77662079E-02
  0.12000000E+00  0.51999999E+00  0.80506888E-02
  0.12000000E+00  0.53999999E+00  0.83319540E-02
  0.12000000E+00  0.55999999E+00  0.86100127E-02
  0.12000000E+00  0.57999999E+00  0.88848914E-02
  0.12000000E+00  0.59999999E+00  0.91566338E-02
  0.12000000E+00  0.61999999E+00  0.94253002E-02
  0.12000000E+00  0.63999999E+00  0.96909669E-02
  0.12000000E+00  0.65999999E+00  0.99537256E-02
  0.12000000E+00  0.67999998E+00  0.10213683E-01
  0.12000000E+00  0.69999998E+00  0.10470959E-01
  0.12000000E+00  0.71999998E+00  0.10725687E-01
  0.12000000E+00  0.73999998E+00  0.10978013E-01
  0.12000000E+00  0.75999998E+00  0.11228094E-01
  0.12000000E+00  0.77999998E+00  0.11476095E-01
  0.12000000E+00  0.79999998E+00  0.11722192E-01
  0.12000000E+00  0.81999998E+00  0.11966567E-01
  0.12000000E+00  0.83999998E+00  0.12209405E-01
  0.12000000E+00  0.85999998E+00  0.12450897E-01
  0.12000000E+00  0.87999998E+00  0.12691232E-01
  0.12000000E+00  0.89999998E+00  0.12930598E-01
  0.12000000E+00  0.91999998E+00  0.13169179E-01
  0.12000000E+00  0.93999998E+00  0.13407150E-01
  0.12000000E+00  0.95999998E+00  0.13644673E-01
  0.12000000E+00  0.97999998E+00  0.13881896E-01
  0.12000000E+00  0.99999998E+00  0.14118944E-01
  0.12000000E+00  0.10200000E+01  0.14355916E-01
  0.12000000E+00  0.10400000E+01  0.14592879E-01
  0.12000000E+00  0.10600000E+01  0.14829860E-01
  0.12000000E+00  0.10800000E+01  0.15066837E-01
  0.12000000E+00  0.11000000E+01  0.15303729E-01
  0.12000000E+00  0.11200000E+01  0.15540388E-01
  0.12000000E+00  0.11400000E+01  0.15776580E-01
  0.12000000E+00  0.11600000E+01  0.16011974E-01
  0.12000000E+00  0.11800000E+01  0.16246118E-01
  0.12000000E+00  0.12000000E+01  0.16478419E-01
  0.12000000E+00  0.12200000E+01  0.16708109E-01
  0.12000000E+00  0.12400000E+01  0.16934212E-01
  0.12000000E+00  0.12600000E+01  0.17155494E-01
  0.12000000E+00  0.12800000E+01  0.17370399E-01
  0.12000000E+00  0.13000000E+01  0.17576965E-01
  0.12000000E+00  0.13200000E+01  0.17772711E-01
  0.12000000E+00  0.13400000E+01  0.17954468E-01
  0.12000000E+00  0.13600000E+01  0.18118137E-01
  0.12000000E+00  0.13800000E+01  0.18258304E-01
  0.12000000E+00  0.14000000E+01  0.18367609E-01
  0.12000000E+00  0.14200000E+01  0.18435616E-01
  0.12000000E+00  0.14400000E+01  0.18446559E-01
  0.12000000E+00  0.14600000E+01  0.18374120E-01
  0.12000000E+00  0.14800000E+01  0.18165961E-01
  0.12000000E+00  0.15000000E+01  0.17668031E-01
  0.12000000E+00  0.15200000E+01  0.16561807E-01
  0.12000000E+00  0.15400000E+01  0.16787330E-01
  0.12000000E+00  0.15600000E+01  0.17010193E-01
  0.12000000E+00  0.15800000E+01  0.17230394E-01
  0.12000000E+00  0.16000000E+01  0.17447937E-01
  0.12000000E+00  0.16200000E+01  0.17662833E-01
  0.12000000E+00  0.16400000E+01  0.17875097E-01
  0.12000000E+00  0.16600000E+01  0.18084747E-01
  0.12000000E+00  0.16800000E+01  0.18291808E-01
  0.12000000E+00  0.17000000E+01  0.18496309E-01
  0.12000000E+00  0.17200000E+01  0.18698281E-01
  0.12000000E+00  0.17400000E+01  0.18897760E-01
  0.12000000E+00  0.17600000E+01  0.19094783E-01
  0.12000000E+00  0.17800000E+01  0.19289389E-01
  0.12000000E+00  0.18000000E+01  0.19481622E-01
  0.12000000E+00  0.18200000E+01  0.19671523E-01
  0.12000000E+00  0.18400000E+01  0.19859136E-01
  0.12000000E+00  0.18600000E+01  0.20044502E-01
  0.12000000E+00  0.18800000E+01  0.20227664E-01
  0.12000000E+00  0.19000000E+01  0.20408662E-01
  0.12000000E+00  0.19200000E+01  0.20587532E-01
  0.12000000E+00  0.19400000E+01  0.20764308E-01
  0.12000000E+00  0.19600000E+01  0.20939018E-01
  0.12000000E+00  0.19800000E+01  0.21111686E-01
  0.12000000E+00  0.20000000E+01  0.21282328E-01
  0.14000000E+00  0.00000000E+00  0.36483238E-03
  0.14000000E+00  0.20000000E-01  0.98919184E-03
  0.14000000E+00  0.39999999E-01  0.15649025E-02
  0.14000000E+00  0.59999999E-01  0.20927849E-02
  0.14000000E+00  0.79999998E-01  0.25737256E-02
  0.14000000E+00  0.99999998E-01  0.30086916E-02
  0.14000000E+00  0.12000000E+00  0.33987380E-02
  0.14000000E+00  0.14000000E+00  0.37450000E-02
  0.14000000E+00  0.16000000E+00  0.40486562E-02
  0.14000000E+00  0.18000000E+00  0.43108274E-02
  0.14000000E+00  0.20000000E+00  0.45323282E-02
  0.14000000E+00  0.22000000E+00  0.47130274E-02
  0.14000000E+00  0.23999999E+00  0.48499320E-02
  0.14000000E+00  0.25999999E+00  0.49293127E-02
  0.14000000E+00  0.27999999E+00  0.48280531E-02
  0.14000000E+00  0.29999999E+00  0.50054485E-02
  0.14000000E+00  0.31999999E+00  0.53199626E-02
  0.14000000E+00  0.33999999E+00  0.56309415E-02
  0.14000000E+00  0.35999999E+00  0.59382693E-02
  0.14000000E+00  0.37999999E+00  0.62418543E-02
  0.14000000E+00  0.39999999E+00  0.65416279E-02
  0.14000000E+00  0.41999999E+00  0.68375438E-02
  0.14000000E+00  0.43999999E+00  0.71295770E-02
  0.14000000E+00  0.45999999E+00  0.74177230E-02
  0.14000000E+00  0.47999999E+00  0.77019972E-02
  0.14000000E+00  0.49999999E+00  0.79824342E-02
  0.14000000E+00  0.51999999E+00  0.82590872E-02
  0.14000000E+00  0.53999999E+00  0.85320275E-02
  0.14000000E+00  0.55999999E+00  0.88013436E-02
  0.14000000E+00  0.57999999E+00  0.90671415E-02
  0.14000000E+00  0.59999999E+00  0.93295433E-02
  0.14000000E+00  0.61999999E+00  0.95886869E-02
  0.14000000E+00  0.63999999E+00  0.98447257E-02
  0.14000000E+00  0.65999999E+00  0.10097827E-01
  0.14000000E+00  0.67999998E+00  0.10348174E-01
  0.14000000E+00  0.69999998E+00  0.10595959E-01
  0.14000000E+00  0.71999998E+00  0.10841391E-01
  0.14000000E+00  0.73999998E+00  0.11084685E-01
  0.14000000E+00  0.75999998E+00  0.11326069E-01
  0.14000000E+00  0.77999998E+00  0.11565778E-01
  0.14000000E+00  0.79999998E+00  0.11804053E-01
  0.14000000E+00  0.81999998E+00  0.12041139E-01
  0.14000000E+00  0.83999998E+00  0.12277284E-01
  0.14000000E+00  0.85999998E+00  0.12512736E-01
  0.14000000E+00  0.87999998E+00  0.12747740E-01
  0.14000000E+00  0.89999998E+00  0.12982532E-01
  0.14000000E+00  0.91999998E+00  0.13217343E-01
  0.14000000E+00  0.93999998E+00  0.13452387E-01
  0.14000000E+00  0.95999998E+00  0.13687859E-01
  0.14000000E+00  0.97999998E+00  0.13923933E-01
  0.14000000E+00  0.99999998E+00  0.14160751E-01
  0.14000000E+00  0.10200000E+01  0.14398419E-01
  0.14000000E+00  0.10400000E+01  0.14636999E-01
  0.14000000E+00  0.10600000E+01  0.14876500E-01
  0.14000000E+00  0.10800000E+01  0.15116866E-01
  0.14000000E+00  0.11000000E+01  0.15357964E-01
  0.14000000E+00  0.11200000E+01  0.15599572E-01
  0.14000000E+00  0.11400000E+01  0.15841355E-01
  0.14000000E+00  0.11600000E+01  0.16082853E-01
  0.14000000E+00  0.11800000E+01  0.16323446E-01
  0.14000000E+00  0.12000000E+01  0.16562329E-01
  0.14000000E+00  0.12200000E+01  0.16798467E-01
  0.14000000E+00  0.12400000E+01  0.17030546E-01
  0.14000000E+00  0.12600000E+01  0.17256904E-01
  0.14000000E+00  0.12800000E+01  0.17475441E-01
  0.14000000E+00  0.13000000E+01  0.17683498E-01
  0.14000000E+00  0.13200000E+01  0.17877675E-01
  0.14000000E+00  0.13400000E+01  0.18053571E-01
  0.14000000E+00  0.13600000E+01  0.18205378E-01
  0.14000000E+00  0.13800000E+01  0.18325210E-01
  0.14000000E+00  0.14000000E+01  0.18401890E-01
  0.14000000E+00  0.14200000E+01  0.18418568E-01
  0.14000000E+00  0.14400000E+01  0.18347163E-01
  0.14000000E+00  0.14600000E+01  0.18131964E-01
  0.14000000E+00  0.14800000E+01  0.17609401E-01
  0.14000000E+00  0.15000000E+01  0.16440836E-01
  0.14000000E+00  0.15200000E+01  0.16680304E-01
  0.14000000E+00  0.15400000E+01  0.16916955E-01
  0.14000000E+00  0.15600000E+01  0.17150731E-01
  0.14000000E+00  0.15800000E+01  0.17381580E-01
  0.14000000E+00  0.16000000E+01  0.17609452E-01
  0.14000000E+00  0.16200000E+01  0.17834306E-01
  0.14000000E+00  0.16400000E+01  0.18056099E-01
  0.14000000E+00  0.16600000E+01  0.18274798E-01
  0.14000000E+00  0.16800000E+01  0.18490370E-01
  0.14000000E+00  0.17000000E+01  0.18702785E-01
  0.14000000E+00  0.17200000E+01  0.18912019E-01
  0.14000000E+00  0.17400000E+01  0.19118047E-01
  0.14000000E+00  0.17600000E+01  0.19320848E-01
  0.14000000E+00  0.17800000E+01  0.19520402E-01
  0.14000000E+00  0.18000000E+01  0.19716691E-01
  0.14000000E+00  0.18200000E+01  0.19909697E-01
  0.14000000E+00  0.18400000E+01  0.20099402E-01
  0.14000000E+00  0.18600000E+01  0.20285788E-01
  0.14000000E+00  0.18800000E+01  0.20468834E-01
  0.14000000E+00  0.19000000E+01  0.20648521E-01
  0.14000000E+00  0.19200000E+01  0.20824823E-01
  0.14000000E+00  0.19400000E+01  0.20997715E-01
  0.14000000E+00  0.19600000E+01  0.21167164E-01
  0.14000000E+00  0.19800000E+01  0.21333136E-01
  0.14000000E+00  0.20000000E+01  0.21495589E-01
  0.16000000E+00  0.00000000E+00  0.48007199E-03
  0.16000000E+00  0.20000000E-01  0.10949674E-02
  0.16000000E+00  0.39999999E-01  0.16663785E-02
  0.16000000E+00  0.59999999E-01  0.21943413E-02
  0.16000000E+00  0.79999998E-01  0.26788728E-02
  0.16000000E+00  0.99999998E-01  0.31199595E-02
  0.16000000E+00  0.12000000E+00  0.35175217E-02
  0.16000000E+00  0.14000000E+00  0.38713288E-02
  0.16000000E+00  0.16000000E+00  0.41808189E-02
  0.16000000E+00  0.18000000E+00  0.44447008E-02
  0.16000000E+00  0.20000000E+00  0.46600045E-02
  0.16000000E+00  0.22000000E+00  0.48193938E-02
  0.16000000E+00  0.23999999E+00  0.49006230E-02
  0.16000000E+00  0.25999999E+00  0.47409628E-02
  0.16000000E+00  0.27999999E+00  0.48920741E-02
  0.16000000E+00  0.29999999E+00  0.52111577E-02
  0.16000000E+00  0.31999999E+00  0.55256207E-02
  0.16000000E+00  0.33999999E+00  0.58354037E-02
  0.16000000E+00  0.35999999E+00  0.61404720E-02
  0.16000000E+00  0.37999999E+00  0.64408143E-02
  0.16000000E+00  0.39999999E+00  0.67364421E-02
  0.16000000E+00  0.41999999E+00  0.70273881E-02
  0.16000000E+00  0.43999999E+00  0.73137057E-02
  0.16000000E+00  0.45999999E+00  0.75954683E-02
  0.16000000E+00  0.47999999E+00  0.78727681E-02
  0.16000000E+00  0.49999999E+00  0.81457158E-02
  0.16000000E+00  0.51999999E+00  0.84144400E-02
  0.16000000E+00  0.53999999E+00  0.86790868E-02
  0.16000000E+00  0.55999999E+00  0.89398189E-02
  0.16000000E+00  0.57999999E+00  0.91968153E-02
  0.16000000E+00  0.59999999E+00  0.94502707E-02
  0.16000000E+00  0.61999999E+00  0.97003951E-02
  0.16000000E+00  0.63999999E+00  0.99474126E-02
  0.16000000E+00  0.65999999E+00  0.10191562E-01
  0.16000000E+00  0.67999998E+00  0.10433093E-01
  0.16000000E+00  0.69999998E+00  0.10672269E-01
  0.16000000E+00  0.71999998E+00  0.10909365E-01
  0.16000000E+00  0.73999998E+00  0.11144662E-01
  0.16000000E+00  0.75999998E+00  0.11378452E-01
  0.16000000E+00  0.77999998E+00  0.11611034E-01
  0.16000000E+00  0.79999998E+00  0.11842707E-01
  0.16000000E+00  0.81999998E+00  0.12073776E-01
  0.16000000E+00  0.83999998E+00  0.12304544E-01
  0.16000000E+00  0.85999998E+00  0.12535311E-01
  0.16000000E+00  0.87999998E+00  0.12766368E-01
  0.16000000E+00  0.89999998E+00  0.12997999E-01
  0.16000000E+00  0.91999998E+00  0.13230471E-01
  0.16000000E+00  0.93999998E+00  0.13464029E-01
  0.16000000E+00  0.95999998E+00  0.13698897E-01
  0.16000000E+00  0.97999998E+00  0.13935265E-01
  0.16000000E+00  0.99999998E+00  0.14173282E-01
  0.16000000E+00  0.10200000E+01  0.14413052E-01
  0.16000000E+00  0.10400000E+01  0.14654621E-01
  0.16000000E+00  0.10600000E+01  0.14897966E-01
  0.16000000E+00  0.10800000E+01  0.15142984E-01
  0.16000000E+00  0.11000000E+01  0.15389472E-01
  0.16000000E+00  0.11200000E+01  0.15637113E-01
  0.16000000E+00  0.11400000E+01  0.15885450E-01
  0.16000000E+00  0.11600000E+01  0.16133861E-01
  0.16000000E+00  0.11800000E+01  0.16381524E-01
  0.16000000E+00  0.12000000E+01  0.16627375E-01
  0.16000000E+00  0.12200000E+01  0.16870054E-01
  0.16000000E+00  0.12400000E+01  0.17107831E-01
  0.16000000E+00  0.12600000E+01  0.17338517E-01
  0.16000000E+00  0.12800000E+01  0.17559328E-01
  0.16000000E+00  0.13000000E+01  0.17766704E-01
  0.16000000E+00  0.13200000E+01  0.17956034E-01
  0.16000000E+00  0.13400000E+01  0.18121228E-01
  0.16000000E+00  0.13600000E+01  0.18254021E-01
  0.16000000E+00  0.13800000E+01  0.18342714E-01
  0.16000000E+00  0.14000000E+01  0.18369686E-01
  0.16000000E+00  0.14200000E+01  0.18305631E-01
  0.16000000E+00  0.14400000E+01  0.18092528E-01
  0.16000000E+00  0.14600000E+01  0.17560458E-01
  0.16000000E+00  0.14800000E+01  0.16357152E-01
  0.16000000E+00  0.15000000E+01  0.16610113E-01
  0.16000000E+00  0.15200000E+01  0.16860186E-01
  0.16000000E+00  0.15400000E+01  0.17107262E-01
  0.16000000E+00  0.15600000E+01  0.17351232E-01
  0.16000000E+00  0.15800000E+01  0.17591993E-01
  0.16000000E+00  0.16000000E+01  0.17829445E-01
  0.16000000E+00  0.16200000E+01  0.18063492E-01
  0.16000000E+00  0.16400000E+01  0.18294038E-01
  0.16000000E+00  0.16600000E+01  0.18520994E-01
  0.16000000E+00  0.16800000E+01  0.18744271E-01
  0.16000000E+00  0.17000000E+01  0.18963782E-01
  0.16000000E+00  0.17200000E+01  0.19179445E-01
  0.16000000E+00  0.17400000E+01  0.19391177E-01
  0.16000000E+00  0.17600000E+01  0.19598897E-01
  0.16000000E+00  0.17800000E+01  0.19802525E-01
  0.16000000E+00  0.18000000E+01  0.20001981E-01
  0.16000000E+00  0.18200000E+01  0.20197186E-01
  0.16000000E+00  0.18400000E+01  0.20388062E-01
  0.16000000E+00  0.18600000E+01  0.20574527E-01
  0.16000000E+00  0.18800000E+01  0.20756499E-01
  0.16000000E+00  0.19000000E+01  0.20933897E-01
  0.16000000E+00  0.19200000E+01  0.21106633E-01
  0.16000000E+00  0.19400000E+01  0.21274621E-01
  0.16000000E+00  0.19600000E+01  0.21437767E-01
  0.16000000E+00  0.19800000E+01  0.21595977E-01
  0.16000000E+00  0.20000000E+01  0.21749150E-01
  0.18000000E+00  0.00000000E+00  0.61220668E-03
  0.18000000E+00  0.20000000E-01  0.12223816E-02
  0.18000000E+00  0.39999999E-01  0.17930033E-02
  0.18000000E+00  0.59999999E-01  0.23231568E-02
  0.18000000E+00  0.79999998E-01  0.28117750E-02
  0.18000000E+00  0.99999998E-01  0.32575726E-02
  0.18000000E+00  0.12000000E+00  0.36589133E-02
  0.18000000E+00  0.14000000E+00  0.40135462E-02
  0.18000000E+00  0.16000000E+00  0.43180565E-02
  0.18000000E+00  0.18000000E+00  0.45666002E-02
  0.18000000E+00  0.20000000E+00  0.47474337E-02
  0.18000000E+00  0.22000000E+00  0.48296609E-02
  0.18000000E+00  0.23999999E+00  0.46102846E-02
  0.18000000E+00  0.25999999E+00  0.47351344E-02
  0.18000000E+00  0.27999999E+00  0.50594593E-02
  0.18000000E+00  0.29999999E+00  0.53781100E-02
  0.18000000E+00  0.31999999E+00  0.56910809E-02
  0.18000000E+00  0.33999999E+00  0.59983912E-02
  0.18000000E+00  0.35999999E+00  0.63000843E-02
  0.18000000E+00  0.37999999E+00  0.65962260E-02
  0.18000000E+00  0.39999999E+00  0.68869034E-02
  0.18000000E+00  0.41999999E+00  0.71722243E-02
  0.18000000E+00  0.43999999E+00  0.74523159E-02
  0.18000000E+00  0.45999999E+00  0.77273244E-02
  0.18000000E+00  0.47999999E+00  0.79974141E-02
  0.18000000E+00  0.49999999E+00  0.82627667E-02
  0.18000000E+00  0.51999999E+00  0.85235812E-02
  0.18000000E+00  0.53999999E+00  0.87800730E-02
  0.18000000E+00  0.55999999E+00  0.90324735E-02
  0.18000000E+00  0.57999999E+00  0.92810296E-02
  0.18000000E+00  0.59999999E+00  0.95260033E-02
  0.18000000E+00  0.61999999E+00  0.97676710E-02
  0.18000000E+00  0.63999999E+00  0.10006323E-01
  0.18000000E+00  0.65999999E+00  0.10242261E-01
  0.18000000E+00  0.67999998E+00  0.10475801E-01
  0.18000000E+00  0.69999998E+00  0.10707269E-01
  0.18000000E+00  0.71999998E+00  0.10936999E-01
  0.18000000E+00  0.73999998E+00  0.11165336E-01
  0.18000000E+00  0.75999998E+00  0.11392629E-01
  0.18000000E+00  0.77999998E+00  0.11619234E-01
  0.18000000E+00  0.79999998E+00  0.11845506E-01
  0.18000000E+00  0.81999998E+00  0.12071801E-01
  0.18000000E+00  0.83999998E+00  0.12298473E-01
  0.18000000E+00  0.85999998E+00  0.12525866E-01
  0.18000000E+00  0.87999998E+00  0.12754315E-01
  0.18000000E+00  0.89999998E+00  0.12984141E-01
  0.18000000E+00  0.91999998E+00  0.13215640E-01
  0.18000000E+00  0.93999998E+00  0.13449086E-01
  0.18000000E+00  0.95999998E+00  0.13684717E-01
  0.18000000E+00  0.97999998E+00  0.13922733E-01
  0.18000000E+00  0.99999998E+00  0.14163283E-01
  0.18000000E+00  0.10200000E+01  0.14406454E-01
  0.18000000E+00  0.10400000E+01  0.14652266E-01
  0.18000000E+00  0.10600000E+01  0.14900651E-01
  0.18000000E+00  0.10800000E+01  0.15151438E-01
  0.18000000E+00  0.11000000E+01  0.15404338E-01
  0.18000000E+00  0.11200000E+01  0.15658914E-01
  0.18000000E+00  0.11400000E+01  0.15914559E-01
  0.18000000E+00  0.11600000E+01  0.16170454E-01
  0.18000000E+00  0.11800000E+01  0.16425531E-01
  0.18000000E+00  0.12000000E+01  0.16678411E-01
  0.18000000E+00  0.12200000E+01  0.16927333E-01
  0.18000000E+00  0.12400000E+01  0.17170056E-01
  0.18000000E+00  0.12600000E+01  0.17403727E-01
  0.18000000E+00  0.12800000E+01  0.17624684E-01
  0.18000000E+00  0.13000000E+01  0.17828182E-01
  0.18000000E+00  0.13200000E+01  0.18007951E-01
  0.18000000E+00  0.13400000E+01  0.18155480E-01
  0.18000000E+00  0.13600000E+01  0.18258733E-01
  0.18000000E+00  0.13800000E+01  0.18299598E-01
  0.18000000E+00  0.14000000E+01  0.18248007E-01
  0.18000000E+00  0.14200000E+01  0.18044552E-01
  0.18000000E+00  0.14400000E+01  0.17515705E-01
  0.18000000E+00  0.14600000E+01  0.16301181E-01
  0.18000000E+00  0.14800000E+01  0.16567088E-01
  0.18000000E+00  0.15000000E+01  0.16830117E-01
  0.18000000E+00  0.15200000E+01  0.17090106E-01
  0.18000000E+00  0.15400000E+01  0.17346898E-01
  0.18000000E+00  0.15600000E+01  0.17600337E-01
  0.18000000E+00  0.15800000E+01  0.17850268E-01
  0.18000000E+00  0.16000000E+01  0.18096541E-01
  0.18000000E+00  0.16200000E+01  0.18339007E-01
  0.18000000E+00  0.16400000E+01  0.18577517E-01
  0.18000000E+00  0.16600000E+01  0.18811926E-01
  0.18000000E+00  0.16800000E+01  0.19042089E-01
  0.18000000E+00  0.17000000E+01  0.19267864E-01
  0.18000000E+00  0.17200000E+01  0.19489108E-01
  0.18000000E+00  0.17400000E+01  0.19705680E-01
  0.18000000E+00  0.17600000E+01  0.19917438E-01
  0.18000000E+00  0.17800000E+01  0.20124243E-01
  0.18000000E+00  0.18000000E+01  0.20325953E-01
  0.18000000E+00  0.18200000E+01  0.20522428E-01
  0.18000000E+00  0.18400000E+01  0.20713525E-01
  0.18000000E+00  0.18600000E+01  0.20899101E-01
  0.18000000E+00  0.18800000E+01  0.21079013E-01
  0.18000000E+00  0.19000000E+01  0.21253113E-01
  0.18000000E+00  0.19200000E+01  0.21421254E-01
  0.18000000E+00  0.19400000E+01  0.21583285E-01
  0.18000000E+00  0.19600000E+01  0.21739053E-01
  0.18000000E+00  0.19800000E+01  0.21888402E-01
  0.18000000E+00  0.20000000E+01  0.22031173E-01
  0.20000000E+00  0.00000000E+00  0.76103669E-03
  0.20000000E+00  0.20000000E-01  0.13700508E-02
  0.20000000E+00  0.39999999E-01  0.19419865E-02
  0.20000000E+00  0.59999999E-01  0.24747429E-02
  0.20000000E+00  0.79999998E-01  0.29658464E-02
  0.20000000E+00  0.99999998E-01  0.34122686E-02
  0.20000000E+00  0.12000000E+00  0.38100787E-02
  0.20000000E+00  0.14000000E+00  0.41537413E-02
  0.20000000E+00  0.16000000E+00  0.44345355E-02
  0.20000000E+00  0.18000000E+00  0.46363016E-02
  0.20000000E+00  0.20000000E+00  0.47194854E-02
  0.20000000E+00  0.22000000E+00  0.44408932E-02
  0.20000000E+00  0.23999999E+00  0.45401800E-02
  0.20000000E+00  0.25999999E+00  0.48703922E-02
  0.20000000E+00  0.27999999E+00  0.51939035E-02
  0.20000000E+00  0.29999999E+00  0.55107599E-02
  0.20000000E+00  0.31999999E+00  0.58210325E-02
  0.20000000E+00  0.33999999E+00  0.61248163E-02
  0.20000000E+00  0.35999999E+00  0.64222290E-02
  0.20000000E+00  0.37999999E+00  0.67134094E-02
  0.20000000E+00  0.39999999E+00  0.69985164E-02
  0.20000000E+00  0.41999999E+00  0.72777281E-02
  0.20000000E+00  0.43999999E+00  0.75512413E-02
  0.20000000E+00  0.45999999E+00  0.78192702E-02
  0.20000000E+00  0.47999999E+00  0.80820464E-02
  0.20000000E+00  0.49999999E+00  0.83398179E-02
  0.20000000E+00  0.51999999E+00  0.85928489E-02
  0.20000000E+00  0.53999999E+00  0.88414194E-02
  0.20000000E+00  0.55999999E+00  0.90858245E-02
  0.20000000E+00  0.57999999E+00  0.93263741E-02
  0.20000000E+00  0.59999999E+00  0.95633923E-02
  0.20000000E+00  0.61999999E+00  0.97972168E-02
  0.20000000E+00  0.63999999E+00  0.10028198E-01
  0.20000000E+00  0.65999999E+00  0.10256700E-01
  0.20000000E+00  0.67999998E+00  0.10483095E-01
  0.20000000E+00  0.69999998E+00  0.10707767E-01
  0.20000000E+00  0.71999998E+00  0.10931108E-01
  0.20000000E+00  0.73999998E+00  0.11153517E-01
  0.20000000E+00  0.75999998E+00  0.11375399E-01
  0.20000000E+00  0.77999998E+00  0.11597158E-01
  0.20000000E+00  0.79999998E+00  0.11819202E-01
  0.20000000E+00  0.81999998E+00  0.12041932E-01
  0.20000000E+00  0.83999998E+00  0.12265746E-01
  0.20000000E+00  0.85999998E+00  0.12491029E-01
  0.20000000E+00  0.87999998E+00  0.12718151E-01
  0.20000000E+00  0.89999998E+00  0.12947462E-01
  0.20000000E+00  0.91999998E+00  0.13179285E-01
  0.20000000E+00  0.93999998E+00  0.13413909E-01
  0.20000000E+00  0.95999998E+00  0.13651584E-01
  0.20000000E+00  0.97999998E+00  0.13892505E-01
  0.20000000E+00  0.99999998E+00  0.14136811E-01
  0.20000000E+00  0.10200000E+01  0.14384564E-01
  0.20000000E+00  0.10400000E+01  0.14635739E-01
  0.20000000E+00  0.10600000E+01  0.14890209E-01
  0.20000000E+00  0.10800000E+01  0.15147719E-01
  0.20000000E+00  0.11000000E+01  0.15407867E-01
  0.20000000E+00  0.11200000E+01  0.15670072E-01
  0.20000000E+00  0.11400000E+01  0.15933540E-01
  0.20000000E+00  0.11600000E+01  0.16197217E-01
  0.20000000E+00  0.11800000E+01  0.16459730E-01
  0.20000000E+00  0.12000000E+01  0.16719318E-01
  0.20000000E+00  0.12200000E+01  0.16973725E-01
  0.20000000E+00  0.12400000E+01  0.17220068E-01
  0.20000000E+00  0.12600000E+01  0.17454641E-01
  0.20000000E+00  0.12800000E+01  0.17672631E-01
  0.20000000E+00  0.13000000E+01  0.17867676E-01
  0.20000000E+00  0.13200000E+01  0.18031135E-01
  0.20000000E+00  0.13400000E+01  0.18150796E-01
  0.20000000E+00  0.13600000E+01  0.18208301E-01
  0.20000000E+00  0.13800000E+01  0.18173218E-01
  0.20000000E+00  0.14000000E+01  0.17985553E-01
  0.20000000E+00  0.14200000E+01  0.17470517E-01
  0.20000000E+00  0.14400000E+01  0.16264647E-01
  0.20000000E+00  0.14600000E+01  0.16542874E-01
  0.20000000E+00  0.14800000E+01  0.16818303E-01
  0.20000000E+00  0.15000000E+01  0.17090726E-01
  0.20000000E+00  0.15200000E+01  0.17359938E-01
  0.20000000E+00  0.15400000E+01  0.17625735E-01
  0.20000000E+00  0.15600000E+01  0.17887913E-01
  0.20000000E+00  0.15800000E+01  0.18146269E-01
  0.20000000E+00  0.16000000E+01  0.18400600E-01
  0.20000000E+00  0.16200000E+01  0.18650705E-01
  0.20000000E+00  0.16400000E+01  0.18896382E-01
  0.20000000E+00  0.16600000E+01  0.19137432E-01
  0.20000000E+00  0.16800000E+01  0.19373654E-01
  0.20000000E+00  0.17000000E+01  0.19604847E-01
  0.20000000E+00  0.17200000E+01  0.19830810E-01
  0.20000000E+00  0.17400000E+01  0.20051344E-01
  0.20000000E+00  0.17600000E+01  0.20266246E-01
  0.20000000E+00  0.17800000E+01  0.20475315E-01
  0.20000000E+00  0.18000000E+01  0.20678349E-01
  0.20000000E+00  0.18200000E+01  0.20875142E-01
  0.20000000E+00  0.18400000E+01  0.21065492E-01
  0.20000000E+00  0.18600000E+01  0.21249190E-01
  0.20000000E+00  0.18800000E+01  0.21426029E-01
  0.20000000E+00  0.19000000E+01  0.21595800E-01
  0.20000000E+00  0.19200000E+01  0.21758291E-01
  0.20000000E+00  0.19400000E+01  0.21913289E-01
  0.20000000E+00  0.19600000E+01  0.22060579E-01
  0.20000000E+00  0.19800000E+01  0.22199946E-01
  0.20000000E+00  0.20000000E+01  0.22331169E-01
  0.22000000E+00  0.00000000E+00  0.92574496E-03
  0.22000000E+00  0.20000000E-01  0.15357112E-02
  0.22000000E+00  0.39999999E-01  0.21093108E-02
  0.22000000E+00  0.59999999E-01  0.26429057E-02
  0.22000000E+00  0.79999998E-01  0.31320988E-02
  0.22000000E+00  0.99999998E-01  0.35713019E-02
  0.22000000E+00  0.12000000E+00  0.39528822E-02
  0.22000000E+00  0.14000000E+00  0.42652689E-02
  0.22000000E+00  0.16000000E+00  0.44879302E-02
  0.22000000E+00  0.18000000E+00  0.45727635E-02
  0.22000000E+00  0.20000000E+00  0.42371236E-02
  0.22000000E+00  0.22000000E+00  0.43121768E-02
  0.22000000E+00  0.23999999E+00  0.46489070E-02
  0.22000000E+00  0.25999999E+00  0.49779321E-02
  0.22000000E+00  0.27999999E+00  0.52993478E-02
  0.22000000E+00  0.29999999E+00  0.56132750E-02
  0.22000000E+00  0.31999999E+00  0.59198586E-02
  0.22000000E+00  0.33999999E+00  0.62192657E-02
  0.22000000E+00  0.35999999E+00  0.65116844E-02
  0.22000000E+00  0.37999999E+00  0.67973223E-02
  0.22000000E+00  0.39999999E+00  0.70764059E-02
  0.22000000E+00  0.41999999E+00  0.73491794E-02
  0.22000000E+00  0.43999999E+00  0.76159044E-02
  0.22000000E+00  0.45999999E+00  0.78768588E-02
  0.22000000E+00  0.47999999E+00  0.81323367E-02
  0.22000000E+00  0.49999999E+00  0.83826479E-02
  0.22000000E+00  0.51999999E+00  0.86281172E-02
  0.22000000E+00  0.53999999E+00  0.88690845E-02
  0.22000000E+00  0.55999999E+00  0.91059038E-02
  0.22000000E+00  0.57999999E+00  0.93389434E-02
  0.22000000E+00  0.59999999E+00  0.95685848E-02
  0.22000000E+00  0.61999999E+00  0.97952227E-02
  0.22000000E+00  0.63999999E+00  0.10019264E-01
  0.22000000E+00  0.65999999E+00  0.10241126E-01
  0.22000000E+00  0.67999998E+00  0.10461236E-01
  0.22000000E+00  0.69999998E+00  0.10680033E-01
  0.22000000E+00  0.71999998E+00  0.10897958E-01
  0.22000000E+00  0.73999998E+00  0.11115463E-01
  0.22000000E+00  0.75999998E+00  0.11332999E-01
  0.22000000E+00  0.77999998E+00  0.11551019E-01
  0.22000000E+00  0.79999998E+00  0.11769974E-01
  0.22000000E+00  0.81999998E+00  0.11990307E-01
  0.22000000E+00  0.83999998E+00  0.12212452E-01
  0.22000000E+00  0.85999998E+00  0.12436831E-01
  0.22000000E+00  0.87999998E+00  0.12663841E-01
  0.22000000E+00  0.89999998E+00  0.12893855E-01
  0.22000000E+00  0.91999998E+00  0.13127215E-01
  0.22000000E+00  0.93999998E+00  0.13364218E-01
  0.22000000E+00  0.95999998E+00  0.13605113E-01
  0.22000000E+00  0.97999998E+00  0.13850085E-01
  0.22000000E+00  0.99999998E+00  0.14099248E-01
  0.22000000E+00  0.10200000E+01  0.14352626E-01
  0.22000000E+00  0.10400000E+01  0.14610136E-01
  0.22000000E+00  0.10600000E+01  0.14871570E-01
  0.22000000E+00  0.10800000E+01  0.15136570E-01
  0.22000000E+00  0.11000000E+01  0.15404594E-01
  0.22000000E+00  0.11200000E+01  0.15674885E-01
  0.22000000E+00  0.11400000E+01  0.15946423E-01
  0.22000000E+00  0.11600000E+01  0.16217863E-01
  0.22000000E+00  0.11800000E+01  0.16487466E-01
  0.22000000E+00  0.12000000E+01  0.16752995E-01
  0.22000000E+00  0.12200000E+01  0.17011573E-01
  0.22000000E+00  0.12400000E+01  0.17259499E-01
  0.22000000E+00  0.12600000E+01  0.17491950E-01
  0.22000000E+00  0.12800000E+01  0.17702547E-01
  0.22000000E+00  0.13000000E+01  0.17882623E-01
  0.22000000E+00  0.13200000E+01  0.18019926E-01
  0.22000000E+00  0.13400000E+01  0.18096064E-01
  0.22000000E+00  0.13600000E+01  0.18080588E-01
  0.22000000E+00  0.13800000E+01  0.17913599E-01
  0.22000000E+00  0.14000000E+01  0.17421053E-01
  0.22000000E+00  0.14200000E+01  0.16240440E-01
  0.22000000E+00  0.14400000E+01  0.16530294E-01
  0.22000000E+00  0.14600000E+01  0.16817494E-01
  0.22000000E+00  0.14800000E+01  0.17101791E-01
  0.22000000E+00  0.15000000E+01  0.17382936E-01
  0.22000000E+00  0.15200000E+01  0.17660678E-01
  0.22000000E+00  0.15400000E+01  0.17934769E-01
  0.22000000E+00  0.15600000E+01  0.18204956E-01
  0.22000000E+00  0.15800000E+01  0.18470987E-01
  0.22000000E+00  0.16000000E+01  0.18732611E-01
  0.22000000E+00  0.16200000E+01  0.18989572E-01
  0.22000000E+00  0.16400000E+01  0.19241618E-01
  0.22000000E+00  0.16600000E+01  0.19488491E-01
  0.22000000E+00  0.16800000E+01  0.19729936E-01
  0.22000000E+00  0.17000000E+01  0.19965695E-01
  0.22000000E+00  0.17200000E+01  0.20195508E-01
  0.22000000E+00  0.17400000E+01  0.20419116E-01
  0.22000000E+00  0.17600000E+01  0.20636256E-01
  0.22000000E+00  0.17800000E+01  0.20846664E-01
  0.22000000E+00  0.18000000E+01  0.21050076E-01
  0.22000000E+00  0.18200000E+01  0.21246225E-01
  0.22000000E+00  0.18400000E+01  0.21434842E-01
  0.22000000E+00  0.18600000E+01  0.21615656E-01
  0.22000000E+00  0.18800000E+01  0.21788396E-01
  0.22000000E+00  0.19000000E+01  0.21952789E-01
  0.22000000E+00  0.19200000E+01  0.22108559E-01
  0.22000000E+00  0.19400000E+01  0.22255430E-01
  0.22000000E+00  0.19600000E+01  0.22393127E-01
  0.22000000E+00  0.19800000E+01  0.22521371E-01
  0.22000000E+00  0.20000000E+01  0.22639887E-01
  0.23999999E+00  0.00000000E+00  0.11046207E-02
  0.23999999E+00  0.20000000E-01  0.17158499E-02
  0.23999999E+00  0.39999999E-01  0.22892173E-02
  0.23999999E+00  0.59999999E-01  0.28189886E-02
  0.23999999E+00  0.79999998E-01  0.32979538E-02
  0.23999999E+00  0.99999998E-01  0.37164237E-02
  0.23999999E+00  0.12000000E+00  0.40600333E-02
  0.23999999E+00  0.14000000E+00  0.43039708E-02
  0.23999999E+00  0.16000000E+00  0.43918055E-02
  0.23999999E+00  0.18000000E+00  0.40028046E-02
  0.23999999E+00  0.20000000E+00  0.40555374E-02
  0.23999999E+00  0.22000000E+00  0.43994104E-02
  0.23999999E+00  0.23999999E+00  0.47345921E-02
  0.23999999E+00  0.25999999E+00  0.50612264E-02
  0.23999999E+00  0.27999999E+00  0.53794827E-02
  0.23999999E+00  0.29999999E+00  0.56895540E-02
  0.23999999E+00  0.31999999E+00  0.59916550E-02
  0.23999999E+00  0.33999999E+00  0.62860210E-02
  0.23999999E+00  0.35999999E+00  0.65729063E-02
  0.23999999E+00  0.37999999E+00  0.68525833E-02
  0.23999999E+00  0.39999999E+00  0.71253416E-02
  0.23999999E+00  0.41999999E+00  0.73914873E-02
  0.23999999E+00  0.43999999E+00  0.76513424E-02
  0.23999999E+00  0.45999999E+00  0.79052441E-02
  0.23999999E+00  0.47999999E+00  0.81535447E-02
  0.23999999E+00  0.49999999E+00  0.83966112E-02
  0.23999999E+00  0.51999999E+00  0.86348246E-02
  0.23999999E+00  0.53999999E+00  0.88685801E-02
  0.23999999E+00  0.55999999E+00  0.90982867E-02
  0.23999999E+00  0.57999999E+00  0.93243663E-02
  0.23999999E+00  0.59999999E+00  0.95472536E-02
  0.23999999E+00  0.61999999E+00  0.97673956E-02
  0.23999999E+00  0.63999999E+00  0.99852505E-02
  0.23999999E+00  0.65999999E+00  0.10201287E-01
  0.23999999E+00  0.67999998E+00  0.10415982E-01
  0.23999999E+00  0.69999998E+00  0.10629821E-01
  0.23999999E+00  0.71999998E+00  0.10843296E-01
  0.23999999E+00  0.73999998E+00  0.11056901E-01
  0.23999999E+00  0.75999998E+00  0.11271133E-01
  0.23999999E+00  0.77999998E+00  0.11486485E-01
  0.23999999E+00  0.79999998E+00  0.11703448E-01
  0.23999999E+00  0.81999998E+00  0.11922501E-01
  0.23999999E+00  0.83999998E+00  0.12144110E-01
  0.23999999E+00  0.85999998E+00  0.12368723E-01
  0.23999999E+00  0.87999998E+00  0.12596761E-01
  0.23999999E+00  0.89999998E+00  0.12828614E-01
  0.23999999E+00  0.91999998E+00  0.13064631E-01
  0.23999999E+00  0.93999998E+00  0.13305110E-01
  0.23999999E+00  0.95999998E+00  0.13550289E-01
  0.23999999E+00  0.97999998E+00  0.13800333E-01
  0.23999999E+00  0.99999998E+00  0.14055317E-01
  0.23999999E+00  0.10200000E+01  0.14315212E-01
  0.23999999E+00  0.10400000E+01  0.14579860E-01
  0.23999999E+00  0.10600000E+01  0.14848953E-01
  0.23999999E+00  0.10800000E+01  0.15122001E-01
  0.23999999E+00  0.11000000E+01  0.15398295E-01
  0.23999999E+00  0.11200000E+01  0.15676864E-01
  0.23999999E+00  0.11400000E+01  0.15956409E-01
  0.23999999E+00  0.11600000E+01  0.16235235E-01
  0.23999999E+00  0.11800000E+01  0.16511148E-01
  0.23999999E+00  0.12000000E+01  0.16781317E-01
  0.23999999E+00  0.12200000E+01  0.17042077E-01
  0.23999999E+00  0.12400000E+01  0.17288653E-01
  0.23999999E+00  0.12600000E+01  0.17514711E-01
  0.23999999E+00  0.12800000E+01  0.17711645E-01
  0.23999999E+00  0.13000000E+01  0.17867289E-01
  0.23999999E+00  0.13200000E+01  0.17963391E-01
  0.23999999E+00  0.13400000E+01  0.17969785E-01
  0.23999999E+00  0.13600000E+01  0.17827247E-01
  0.23999999E+00  0.13800000E+01  0.17364167E-01
  0.23999999E+00  0.14000000E+01  0.16222499E-01
  0.23999999E+00  0.14200000E+01  0.16523235E-01
  0.23999999E+00  0.14400000E+01  0.16821517E-01
  0.23999999E+00  0.14600000E+01  0.17117059E-01
  0.23999999E+00  0.14800000E+01  0.17409573E-01
  0.23999999E+00  0.15000000E+01  0.17698768E-01
  0.23999999E+00  0.15200000E+01  0.17984350E-01
  0.23999999E+00  0.15400000E+01  0.18266024E-01
  0.23999999E+00  0.15600000E+01  0.18543491E-01
  0.23999999E+00  0.15800000E+01  0.18816452E-01
  0.23999999E+00  0.16000000E+01  0.19084602E-01
  0.23999999E+00  0.16200000E+01  0.19347637E-01
  0.23999999E+00  0.16400000E+01  0.19605248E-01
  0.23999999E+00  0.16600000E+01  0.19857126E-01
  0.23999999E+00  0.16800000E+01  0.20102956E-01
  0.23999999E+00  0.17000000E+01  0.20342425E-01
  0.23999999E+00  0.17200000E+01  0.20575213E-01
  0.23999999E+00  0.17400000E+01  0.20801001E-01
  0.23999999E+00  0.17600000E+01  0.21019465E-01
  0.23999999E+00  0.17800000E+01  0.21230280E-01
  0.23999999E+00  0.18000000E+01  0.21433117E-01
  0.23999999E+00  0.18200000E+01  0.21627647E-01
  0.23999999E+00  0.18400000E+01  0.21813536E-01
  0.23999999E+00  0.18600000E+01  0.21990449E-01
  0.23999999E+00  0.18800000E+01  0.22158052E-01
  0.23999999E+00  0.19000000E+01  0.22316006E-01
  0.23999999E+00  0.19200000E+01  0.22463972E-01
  0.23999999E+00  0.19400000E+01  0.22601613E-01
  0.23999999E+00  0.19600000E+01  0.22728590E-01
  0.23999999E+00  0.19800000E+01  0.22844567E-01
  0.23999999E+00  0.20000000E+01  0.22949211E-01
  0.25999999E+00  0.00000000E+00  0.12946877E-02
  0.25999999E+00  0.20000000E-01  0.19051850E-02
  0.25999999E+00  0.39999999E-01  0.24734372E-02
  0.25999999E+00  0.59999999E-01  0.29906590E-02
  0.25999999E+00  0.79999998E-01  0.34451629E-02
  0.25999999E+00  0.99999998E-01  0.38198710E-02
  0.25999999E+00  0.12000000E+00  0.40858295E-02
  0.25999999E+00  0.14000000E+00  0.41786007E-02
  0.25999999E+00  0.16000000E+00  0.37412926E-02
  0.25999999E+00  0.18000000E+00  0.37741527E-02
  0.25999999E+00  0.20000000E+00  0.41257948E-02
  0.25999999E+00  0.22000000E+00  0.44677734E-02
  0.25999999E+00  0.23999999E+00  0.48002798E-02
  0.25999999E+00  0.25999999E+00  0.51235303E-02
  0.25999999E+00  0.27999999E+00  0.54377645E-02
  0.25999999E+00  0.29999999E+00  0.57432435E-02
  0.25999999E+00  0.31999999E+00  0.60402480E-02
  0.25999999E+00  0.33999999E+00  0.63290771E-02
  0.25999999E+00  0.35999999E+00  0.66100475E-02
  0.25999999E+00  0.37999999E+00  0.68834921E-02
  0.25999999E+00  0.39999999E+00  0.71497594E-02
  0.25999999E+00  0.41999999E+00  0.74092129E-02
  0.25999999E+00  0.43999999E+00  0.76622309E-02
  0.25999999E+00  0.45999999E+00  0.79092055E-02
  0.25999999E+00  0.47999999E+00  0.81505430E-02
  0.25999999E+00  0.49999999E+00  0.83866633E-02
  0.25999999E+00  0.51999999E+00  0.86179994E-02
  0.25999999E+00  0.53999999E+00  0.88449980E-02
  0.25999999E+00  0.55999999E+00  0.90681181E-02
  0.25999999E+00  0.57999999E+00  0.92878316E-02
  0.25999999E+00  0.59999999E+00  0.95046221E-02
  0.25999999E+00  0.61999999E+00  0.97189845E-02
  0.25999999E+00  0.63999999E+00  0.99314245E-02
  0.25999999E+00  0.65999999E+00  0.10142457E-01
  0.25999999E+00  0.67999998E+00  0.10352604E-01
  0.25999999E+00  0.69999998E+00  0.10562397E-01
  0.25999999E+00  0.71999998E+00  0.10772367E-01
  0.25999999E+00  0.73999998E+00  0.10983052E-01
  0.25999999E+00  0.75999998E+00  0.11194987E-01
  0.25999999E+00  0.77999998E+00  0.11408701E-01
  0.25999999E+00  0.79999998E+00  0.11624719E-01
  0.25999999E+00  0.81999998E+00  0.11843550E-01
  0.25999999E+00  0.83999998E+00  0.12065687E-01
  0.25999999E+00  0.85999998E+00  0.12291598E-01
  0.25999999E+00  0.87999998E+00  0.12521720E-01
  0.25999999E+00  0.89999998E+00  0.12756451E-01
  0.25999999E+00  0.91999998E+00  0.12996141E-01
  0.25999999E+00  0.93999998E+00  0.13241078E-01
  0.25999999E+00  0.95999998E+00  0.13491480E-01
  0.25999999E+00  0.97999998E+00  0.13747477E-01
  0.25999999E+00  0.99999998E+00  0.14009093E-01
  0.25999999E+00  0.10200000E+01  0.14276229E-01
  0.25999999E+00  0.10400000E+01  0.14548632E-01
  0.25999999E+00  0.10600000E+01  0.14825871E-01
  0.25999999E+00  0.10800000E+01  0.15107296E-01
  0.25999999E+00  0.11000000E+01  0.15391994E-01
  0.25999999E+00  0.11200000E+01  0.15678730E-01
  0.25999999E+00  0.11400000E+01  0.15965872E-01
  0.25999999E+00  0.11600000E+01  0.16251290E-01
  0.25999999E+00  0.11800000E+01  0.16532224E-01
  0.25999999E+00  0.12000000E+01  0.16805087E-01
  0.25999999E+00  0.12200000E+01  0.17065189E-01
  0.25999999E+00  0.12400000E+01  0.17306302E-01
  0.25999999E+00  0.12600000E+01  0.17519953E-01
  0.25999999E+00  0.12800000E+01  0.17694167E-01
  0.25999999E+00  0.13000000E+01  0.17810987E-01
  0.25999999E+00  0.13200000E+01  0.17840778E-01
  0.25999999E+00  0.13400000E+01  0.17725481E-01
  0.25999999E+00  0.13600000E+01  0.17297337E-01
  0.25999999E+00  0.13800000E+01  0.16205708E-01
  0.25999999E+00  0.14000000E+01  0.16516536E-01
  0.25999999E+00  0.14200000E+01  0.16825161E-01
  0.25999999E+00  0.14400000E+01  0.17131264E-01
  0.25999999E+00  0.14600000E+01  0.17434521E-01
  0.25999999E+00  0.14800000E+01  0.17734604E-01
  0.25999999E+00  0.15000000E+01  0.18031181E-01
  0.25999999E+00  0.15200000E+01  0.18323916E-01
  0.25999999E+00  0.15400000E+01  0.18612467E-01
  0.25999999E+00  0.15600000E+01  0.18896490E-01
  0.25999999E+00  0.15800000E+01  0.19175635E-01
  0.25999999E+00  0.16000000E+01  0.19449549E-01
  0.25999999E+00  0.16200000E+01  0.19717876E-01
  0.25999999E+00  0.16400000E+01  0.19980253E-01
  0.25999999E+00  0.16600000E+01  0.20236315E-01
  0.25999999E+00  0.16800000E+01  0.20485694E-01
  0.25999999E+00  0.17000000E+01  0.20728015E-01
  0.25999999E+00  0.17200000E+01  0.20962901E-01
  0.25999999E+00  0.17400000E+01  0.21189972E-01
  0.25999999E+00  0.17600000E+01  0.21408844E-01
  0.25999999E+00  0.17800000E+01  0.21619127E-01
  0.25999999E+00  0.18000000E+01  0.21820431E-01
  0.25999999E+00  0.18200000E+01  0.22012361E-01
  0.25999999E+00  0.18400000E+01  0.22194521E-01
  0.25999999E+00  0.18600000E+01  0.22366512E-01
  0.25999999E+00  0.18800000E+01  0.22527932E-01
  0.25999999E+00  0.19000000E+01  0.22678381E-01
  0.25999999E+00  0.19200000E+01  0.22817456E-01
  0.25999999E+00  0.19400000E+01  0.22944758E-01
  0.25999999E+00  0.19600000E+01  0.23059888E-01
  0.25999999E+00  0.19800000E+01  0.23162452E-01
  0.25999999E+00  0.20000000E+01  0.23252060E-01
  0.27999999E+00  0.00000000E+00  0.14911816E-02
  0.27999999E+00  0.20000000E-01  0.20958909E-02
  0.27999999E+00  0.39999999E-01  0.26499620E-02
  0.27999999E+00  0.59999999E-01  0.31397832E-02
  0.27999999E+00  0.79999998E-01  0.35456683E-02
  0.27999999E+00  0.99999998E-01  0.38347014E-02
  0.27999999E+00  0.12000000E+00  0.39348508E-02
  0.27999999E+00  0.14000000E+00  0.34555026E-02
  0.27999999E+00  0.16000000E+00  0.34714219E-02
  0.27999999E+00  0.18000000E+00  0.38314673E-02
  0.27999999E+00  0.20000000E+00  0.41808878E-02
  0.27999999E+00  0.22000000E+00  0.45199206E-02
  0.27999999E+00  0.23999999E+00  0.48488281E-02
  0.27999999E+00  0.25999999E+00  0.51678956E-02
  0.27999999E+00  0.27999999E+00  0.54774288E-02
  0.27999999E+00  0.29999999E+00  0.57777528E-02
  0.27999999E+00  0.31999999E+00  0.60692101E-02
  0.27999999E+00  0.33999999E+00  0.63521599E-02
  0.27999999E+00  0.35999999E+00  0.66269766E-02
  0.27999999E+00  0.37999999E+00  0.68940494E-02
  0.27999999E+00  0.39999999E+00  0.71537817E-02
  0.27999999E+00  0.41999999E+00  0.74065901E-02
  0.27999999E+00  0.43999999E+00  0.76529050E-02
  0.27999999E+00  0.45999999E+00  0.78931694E-02
  0.27999999E+00  0.47999999E+00  0.81278394E-02
  0.27999999E+00  0.49999999E+00  0.83573836E-02
  0.27999999E+00  0.51999999E+00  0.85822833E-02
  0.27999999E+00  0.53999999E+00  0.88030321E-02
  0.27999999E+00  0.55999999E+00  0.90201356E-02
  0.27999999E+00  0.57999999E+00  0.92341111E-02
  0.27999999E+00  0.59999999E+00  0.94454873E-02
  0.27999999E+00  0.61999999E+00  0.96548031E-02
  0.27999999E+00  0.63999999E+00  0.98626073E-02
  0.27999999E+00  0.65999999E+00  0.10069457E-01
  0.27999999E+00  0.67999998E+00  0.10275916E-01
  0.27999999E+00  0.69999998E+00  0.10482553E-01
  0.27999999E+00  0.71999998E+00  0.10689941E-01
  0.27999999E+00  0.73999998E+00  0.10898651E-01
  0.27999999E+00  0.75999998E+00  0.11109252E-01
  0.27999999E+00  0.77999998E+00  0.11322308E-01
  0.27999999E+00  0.79999998E+00  0.11538368E-01
  0.27999999E+00  0.81999998E+00  0.11757968E-01
  0.27999999E+00  0.83999998E+00  0.11981619E-01
  0.27999999E+00  0.85999998E+00  0.12209805E-01
  0.27999999E+00  0.87999998E+00  0.12442970E-01
  0.27999999E+00  0.89999998E+00  0.12681513E-01
  0.27999999E+00  0.91999998E+00  0.12925774E-01
  0.27999999E+00  0.93999998E+00  0.13176024E-01
  0.27999999E+00  0.95999998E+00  0.13432447E-01
  0.27999999E+00  0.97999998E+00  0.13695125E-01
  0.27999999E+00  0.99999998E+00  0.13964017E-01
  0.27999999E+00  0.10200000E+01  0.14238933E-01
  0.27999999E+00  0.10400000E+01  0.14519504E-01
  0.27999999E+00  0.10600000E+01  0.14805148E-01
  0.27999999E+00  0.10800000E+01  0.15095022E-01
  0.27999999E+00  0.11000000E+01  0.15387964E-01
  0.27999999E+00  0.11200000E+01  0.15682421E-01
  0.27999999E+00  0.11400000E+01  0.15976349E-01
  0.27999999E+00  0.11600000E+01  0.16267079E-01
  0.27999999E+00  0.11800000E+01  0.16551132E-01
  0.27999999E+00  0.12000000E+01  0.16823942E-01
  0.27999999E+00  0.12200000E+01  0.17079433E-01
  0.27999999E+00  0.12400000E+01  0.17309331E-01
  0.27999999E+00  0.12600000E+01  0.17501939E-01
  0.27999999E+00  0.12800000E+01  0.17639725E-01
  0.27999999E+00  0.13000000E+01  0.17693796E-01
  0.27999999E+00  0.13200000E+01  0.17607666E-01
  0.27999999E+00  0.13400000E+01  0.17218593E-01
  0.27999999E+00  0.13600000E+01  0.16185792E-01
  0.27999999E+00  0.13800000E+01  0.16505890E-01
  0.27999999E+00  0.14000000E+01  0.16824080E-01
  0.27999999E+00  0.14200000E+01  0.17140013E-01
  0.27999999E+00  0.14400000E+01  0.17453335E-01
  0.27999999E+00  0.14600000E+01  0.17763685E-01
  0.27999999E+00  0.14800000E+01  0.18070695E-01
  0.27999999E+00  0.15000000E+01  0.18373993E-01
  0.27999999E+00  0.15200000E+01  0.18673198E-01
  0.27999999E+00  0.15400000E+01  0.18967925E-01
  0.27999999E+00  0.15600000E+01  0.19257783E-01
  0.27999999E+00  0.15800000E+01  0.19542374E-01
  0.27999999E+00  0.16000000E+01  0.19821294E-01
  0.27999999E+00  0.16200000E+01  0.20094134E-01
  0.27999999E+00  0.16400000E+01  0.20360480E-01
  0.27999999E+00  0.16600000E+01  0.20619911E-01
  0.27999999E+00  0.16800000E+01  0.20872000E-01
  0.27999999E+00  0.17000000E+01  0.21116318E-01
  0.27999999E+00  0.17200000E+01  0.21352426E-01
  0.27999999E+00  0.17400000E+01  0.21579884E-01
  0.27999999E+00  0.17600000E+01  0.21798245E-01
  0.27999999E+00  0.17800000E+01  0.22007058E-01
  0.27999999E+00  0.18000000E+01  0.22205868E-01
  0.27999999E+00  0.18200000E+01  0.22394218E-01
  0.27999999E+00  0.18400000E+01  0.22571646E-01
  0.27999999E+00  0.18600000E+01  0.22737688E-01
  0.27999999E+00  0.18800000E+01  0.22891881E-01
  0.27999999E+00  0.19000000E+01  0.23033758E-01
  0.27999999E+00  0.19200000E+01  0.23162856E-01
  0.27999999E+00  0.19400000E+01  0.23278714E-01
  0.27999999E+00  0.19600000E+01  0.23380875E-01
  0.27999999E+00  0.19800000E+01  0.23468887E-01
  0.27999999E+00  0.20000000E+01  0.23542310E-01
  0.29999999E+00  0.00000000E+00  0.16867722E-02
  0.29999999E+00  0.20000000E-01  0.22763581E-02
  0.29999999E+00  0.39999999E-01  0.28008857E-02
  0.29999999E+00  0.59999999E-01  0.32381880E-02
  0.29999999E+00  0.79999998E-01  0.35516033E-02
  0.29999999E+00  0.99999998E-01  0.36620033E-02
  0.29999999E+00  0.12000000E+00  0.31479397E-02
  0.29999999E+00  0.14000000E+00  0.31502810E-02
  0.29999999E+00  0.16000000E+00  0.35193779E-02
  0.29999999E+00  0.18000000E+00  0.38768953E-02
  0.29999999E+00  0.20000000E+00  0.42231161E-02
  0.29999999E+00  0.22000000E+00  0.45583478E-02
  0.29999999E+00  0.23999999E+00  0.48829200E-02
  0.29999999E+00  0.25999999E+00  0.51971826E-02
  0.29999999E+00  0.27999999E+00  0.55015037E-02
  0.29999999E+00  0.29999999E+00  0.57962680E-02
  0.29999999E+00  0.31999999E+00  0.60818757E-02
  0.29999999E+00  0.33999999E+00  0.63587415E-02
  0.29999999E+00  0.35999999E+00  0.66272937E-02
  0.29999999E+00  0.37999999E+00  0.68879736E-02
  0.29999999E+00  0.39999999E+00  0.71412351E-02
  0.29999999E+00  0.41999999E+00  0.73875440E-02
  0.29999999E+00  0.43999999E+00  0.76273787E-02
  0.29999999E+00  0.45999999E+00  0.78612290E-02
  0.29999999E+00  0.47999999E+00  0.80895968E-02
  0.29999999E+00  0.49999999E+00  0.83129958E-02
  0.29999999E+00  0.51999999E+00  0.85319511E-02
  0.29999999E+00  0.53999999E+00  0.87469997E-02
  0.29999999E+00  0.55999999E+00  0.89586896E-02
  0.29999999E+00  0.57999999E+00  0.91675800E-02
  0.29999999E+00  0.59999999E+00  0.93742403E-02
  0.29999999E+00  0.61999999E+00  0.95792496E-02
  0.29999999E+00  0.63999999E+00  0.97831958E-02
  0.29999999E+00  0.65999999E+00  0.99866738E-02
  0.29999999E+00  0.67999998E+00  0.10190285E-01
  0.29999999E+00  0.69999998E+00  0.10394632E-01
  0.29999999E+00  0.71999998E+00  0.10600323E-01
  0.29999999E+00  0.73999998E+00  0.10807959E-01
  0.29999999E+00  0.75999998E+00  0.11018141E-01
  0.29999999E+00  0.77999998E+00  0.11231455E-01
  0.29999999E+00  0.79999998E+00  0.11448475E-01
  0.29999999E+00  0.81999998E+00  0.11669755E-01
  0.29999999E+00  0.83999998E+00  0.11895819E-01
  0.29999999E+00  0.85999998E+00  0.12127159E-01
  0.29999999E+00  0.87999998E+00  0.12364219E-01
  0.29999999E+00  0.89999998E+00  0.12607390E-01
  0.29999999E+00  0.91999998E+00  0.12856993E-01
  0.29999999E+00  0.93999998E+00  0.13113269E-01
  0.29999999E+00  0.95999998E+00  0.13376358E-01
  0.29999999E+00  0.97999998E+00  0.13646278E-01
  0.29999999E+00  0.99999998E+00  0.13922904E-01
  0.29999999E+00  0.10200000E+01  0.14205936E-01
  0.29999999E+00  0.10400000E+01  0.14494864E-01
  0.29999999E+00  0.10600000E+01  0.14788923E-01
  0.29999999E+00  0.10800000E+01  0.15087034E-01
  0.29999999E+00  0.11000000E+01  0.15387735E-01
  0.29999999E+00  0.11200000E+01  0.15689082E-01
  0.29999999E+00  0.11400000E+01  0.15988522E-01
  0.29999999E+00  0.11600000E+01  0.16282705E-01
  0.29999999E+00  0.11800000E+01  0.16567220E-01
  0.29999999E+00  0.12000000E+01  0.16836186E-01
  0.29999999E+00  0.12200000E+01  0.17081580E-01
  0.29999999E+00  0.12400000E+01  0.17292057E-01
  0.29999999E+00  0.12600000E+01  0.17450621E-01
  0.29999999E+00  0.12800000E+01  0.17529293E-01
  0.29999999E+00  0.13000000E+01  0.17473498E-01
  0.29999999E+00  0.13200000E+01  0.17126456E-01
  0.29999999E+00  0.13400000E+01  0.16159234E-01
  0.29999999E+00  0.13600000E+01  0.16487757E-01
  0.29999999E+00  0.13800000E+01  0.16814703E-01
  0.29999999E+00  0.14000000E+01  0.17139699E-01
  0.29999999E+00  0.14200000E+01  0.17462365E-01
  0.29999999E+00  0.14400000E+01  0.17782310E-01
  0.29999999E+00  0.14600000E+01  0.18099136E-01
  0.29999999E+00  0.14800000E+01  0.18412438E-01
  0.29999999E+00  0.15000000E+01  0.18721801E-01
  0.29999999E+00  0.15200000E+01  0.19026802E-01
  0.29999999E+00  0.15400000E+01  0.19327011E-01
  0.29999999E+00  0.15600000E+01  0.19621990E-01
  0.29999999E+00  0.15800000E+01  0.19911293E-01
  0.29999999E+00  0.16000000E+01  0.20194466E-01
  0.29999999E+00  0.16200000E+01  0.20471048E-01
  0.29999999E+00  0.16400000E+01  0.20740571E-01
  0.29999999E+00  0.16600000E+01  0.21002558E-01
  0.29999999E+00  0.16800000E+01  0.21256527E-01
  0.29999999E+00  0.17000000E+01  0.21501988E-01
  0.29999999E+00  0.17200000E+01  0.21738444E-01
  0.29999999E+00  0.17400000E+01  0.21965394E-01
  0.29999999E+00  0.17600000E+01  0.22182329E-01
  0.29999999E+00  0.17800000E+01  0.22388735E-01
  0.29999999E+00  0.18000000E+01  0.22584094E-01
  0.29999999E+00  0.18200000E+01  0.22767883E-01
  0.29999999E+00  0.18400000E+01  0.22939578E-01
  0.29999999E+00  0.18600000E+01  0.23098650E-01
  0.29999999E+00  0.18800000E+01  0.23244572E-01
  0.29999999E+00  0.19000000E+01  0.23376817E-01
  0.29999999E+00  0.19200000E+01  0.23494858E-01
  0.29999999E+00  0.19400000E+01  0.23598176E-01
  0.29999999E+00  0.19600000E+01  0.23686257E-01
  0.29999999E+00  0.19800000E+01  0.23758597E-01
  0.29999999E+00  0.20000000E+01  0.23814704E-01
  0.31999999E+00  0.00000000E+00  0.18703215E-02
  0.31999999E+00  0.20000000E-01  0.24290191E-02
  0.31999999E+00  0.39999999E-01  0.28980994E-02
  0.31999999E+00  0.59999999E-01  0.32374053E-02
  0.31999999E+00  0.79999998E-01  0.33612821E-02
  0.31999999E+00  0.99999998E-01  0.28207279E-02
  0.31999999E+00  0.12000000E+00  0.28132309E-02
  0.31999999E+00  0.14000000E+00  0.31920460E-02
  0.31999999E+00  0.16000000E+00  0.35583309E-02
  0.31999999E+00  0.18000000E+00  0.39124135E-02
  0.31999999E+00  0.20000000E+00  0.42546458E-02
  0.31999999E+00  0.22000000E+00  0.45854014E-02
  0.31999999E+00  0.23999999E+00  0.49050732E-02
  0.31999999E+00  0.25999999E+00  0.52140713E-02
  0.31999999E+00  0.27999999E+00  0.55128216E-02
  0.31999999E+00  0.29999999E+00  0.58017645E-02
  0.31999999E+00  0.31999999E+00  0.60813535E-02
  0.31999999E+00  0.33999999E+00  0.63520547E-02
  0.31999999E+00  0.35999999E+00  0.66143460E-02
  0.31999999E+00  0.37999999E+00  0.68687166E-02
  0.31999999E+00  0.39999999E+00  0.71156668E-02
  0.31999999E+00  0.41999999E+00  0.73557079E-02
  0.31999999E+00  0.43999999E+00  0.75893619E-02
  0.31999999E+00  0.45999999E+00  0.78171618E-02
  0.31999999E+00  0.47999999E+00  0.80396514E-02
  0.31999999E+00  0.49999999E+00  0.82573853E-02
  0.31999999E+00  0.51999999E+00  0.84709291E-02
  0.31999999E+00  0.53999999E+00  0.86808590E-02
  0.31999999E+00  0.55999999E+00  0.88877617E-02
  0.31999999E+00  0.57999999E+00  0.90922344E-02
  0.31999999E+00  0.59999999E+00  0.92948834E-02
  0.31999999E+00  0.61999999E+00  0.94963239E-02
  0.31999999E+00  0.63999999E+00  0.96971790E-02
  0.31999999E+00  0.65999999E+00  0.98980775E-02
  0.31999999E+00  0.67999998E+00  0.10099653E-01
  0.31999999E+00  0.69999998E+00  0.10302540E-01
  0.31999999E+00  0.71999998E+00  0.10507374E-01
  0.31999999E+00  0.73999998E+00  0.10714786E-01
  0.31999999E+00  0.75999998E+00  0.10925396E-01
  0.31999999E+00  0.77999998E+00  0.11139815E-01
  0.31999999E+00  0.79999998E+00  0.11358633E-01
  0.31999999E+00  0.81999998E+00  0.11582415E-01
  0.31999999E+00  0.83999998E+00  0.11811693E-01
  0.31999999E+00  0.85999998E+00  0.12046957E-01
  0.31999999E+00  0.87999998E+00  0.12288645E-01
  0.31999999E+00  0.89999998E+00  0.12537129E-01
  0.31999999E+00  0.91999998E+00  0.12792704E-01
  0.31999999E+00  0.93999998E+00  0.13055566E-01
  0.31999999E+00  0.95999998E+00  0.13325796E-01
  0.31999999E+00  0.97999998E+00  0.13603335E-01
  0.31999999E+00  0.99999998E+00  0.13887954E-01
  0.31999999E+00  0.10200000E+01  0.14179220E-01
  0.31999999E+00  0.10400000E+01  0.14476449E-01
  0.31999999E+00  0.10600000E+01  0.14778655E-01
  0.31999999E+00  0.10800000E+01  0.15084478E-01
  0.31999999E+00  0.11000000E+01  0.15392086E-01
  0.31999999E+00  0.11200000E+01  0.15699055E-01
  0.31999999E+00  0.11400000E+01  0.16002187E-01
  0.31999999E+00  0.11600000E+01  0.16297255E-01
  0.31999999E+00  0.11800000E+01  0.16578602E-01
  0.31999999E+00  0.12000000E+01  0.16838505E-01
  0.31999999E+00  0.12200000E+01  0.17066031E-01
  0.31999999E+00  0.12400000E+01  0.17244807E-01
  0.31999999E+00  0.12600000E+01  0.17347918E-01
  0.31999999E+00  0.12800000E+01  0.17322963E-01
  0.31999999E+00  0.13000000E+01  0.17019881E-01
  0.31999999E+00  0.13200000E+01  0.16123192E-01
  0.31999999E+00  0.13400000E+01  0.16459277E-01
  0.31999999E+00  0.13600000E+01  0.16794149E-01
  0.31999999E+00  0.13800000E+01  0.17127413E-01
  0.31999999E+00  0.14000000E+01  0.17458667E-01
  0.31999999E+00  0.14200000E+01  0.17787496E-01
  0.31999999E+00  0.14400000E+01  0.18113476E-01
  0.31999999E+00  0.14600000E+01  0.18436171E-01
  0.31999999E+00  0.14800000E+01  0.18755136E-01
  0.31999999E+00  0.15000000E+01  0.19069916E-01
  0.31999999E+00  0.15200000E+01  0.19380046E-01
  0.31999999E+00  0.15400000E+01  0.19685050E-01
  0.31999999E+00  0.15600000E+01  0.19984445E-01
  0.31999999E+00  0.15800000E+01  0.20277734E-01
  0.31999999E+00  0.16000000E+01  0.20564415E-01
  0.31999999E+00  0.16200000E+01  0.20843973E-01
  0.31999999E+00  0.16400000E+01  0.21115887E-01
  0.31999999E+00  0.16600000E+01  0.21379625E-01
  0.31999999E+00  0.16800000E+01  0.21634647E-01
  0.31999999E+00  0.17000000E+01  0.21880404E-01
  0.31999999E+00  0.17200000E+01  0.22116340E-01
  0.31999999E+00  0.17400000E+01  0.22341893E-01
  0.31999999E+00  0.17600000E+01  0.22556490E-01
  0.31999999E+00  0.17800000E+01  0.22759557E-01
  0.31999999E+00  0.18000000E+01  0.22950510E-01
  0.31999999E+00  0.18200000E+01  0.23128765E-01
  0.31999999E+00  0.18400000E+01  0.23293731E-01
  0.31999999E+00  0.18600000E+01  0.23444819E-01
  0.31999999E+00  0.18800000E+01  0.23581437E-01
  0.31999999E+00  0.19000000E+01  0.23702997E-01
  0.31999999E+00  0.19200000E+01  0.23808915E-01
  0.31999999E+00  0.19400000E+01  0.23898613E-01
  0.31999999E+00  0.19600000E+01  0.23971523E-01
  0.31999999E+00  0.19800000E+01  0.24027094E-01
  0.31999999E+00  0.20000000E+01  0.24064788E-01
  0.33999999E+00  0.00000000E+00  0.20247062E-02
  0.33999999E+00  0.20000000E-01  0.25260061E-02
  0.33999999E+00  0.39999999E-01  0.28928584E-02
  0.33999999E+00  0.59999999E-01  0.30337162E-02
  0.33999999E+00  0.79999998E-01  0.24756376E-02
  0.33999999E+00  0.99999998E-01  0.24623638E-02
  0.33999999E+00  0.12000000E+00  0.28515860E-02
  0.33999999E+00  0.14000000E+00  0.32273285E-02
  0.33999999E+00  0.16000000E+00  0.35899636E-02
  0.33999999E+00  0.18000000E+00  0.39398875E-02
  0.33999999E+00  0.20000000E+00  0.42775170E-02
  0.33999999E+00  0.22000000E+00  0.46032872E-02
  0.33999999E+00  0.23999999E+00  0.49176498E-02
  0.33999999E+00  0.25999999E+00  0.52210710E-02
  0.33999999E+00  0.27999999E+00  0.55140302E-02
  0.33999999E+00  0.29999999E+00  0.57970188E-02
  0.33999999E+00  0.31999999E+00  0.60705396E-02
  0.33999999E+00  0.33999999E+00  0.63351058E-02
  0.33999999E+00  0.35999999E+00  0.65912407E-02
  0.33999999E+00  0.37999999E+00  0.68394775E-02
  0.33999999E+00  0.39999999E+00  0.70803590E-02
  0.33999999E+00  0.41999999E+00  0.73144377E-02
  0.33999999E+00  0.43999999E+00  0.75422757E-02
  0.33999999E+00  0.45999999E+00  0.77644451E-02
  0.33999999E+00  0.47999999E+00  0.79815277E-02
  0.33999999E+00  0.49999999E+00  0.81941156E-02
  0.33999999E+00  0.51999999E+00  0.84028108E-02
  0.33999999E+00  0.53999999E+00  0.86082250E-02
  0.33999999E+00  0.55999999E+00  0.88109801E-02
  0.33999999E+00  0.57999999E+00  0.90117070E-02
  0.33999999E+00  0.59999999E+00  0.92110454E-02
  0.33999999E+00  0.61999999E+00  0.94096426E-02
  0.33999999E+00  0.63999999E+00  0.96081526E-02
  0.33999999E+00  0.65999999E+00  0.98072343E-02
  0.33999999E+00  0.67999998E+00  0.10007549E-01
  0.33999999E+00  0.69999998E+00  0.10209759E-01
  0.33999999E+00  0.71999998E+00  0.10414523E-01
  0.33999999E+00  0.73999998E+00  0.10622493E-01
  0.33999999E+00  0.75999998E+00  0.10834310E-01
  0.33999999E+00  0.77999998E+00  0.11050599E-01
  0.33999999E+00  0.79999998E+00  0.11271961E-01
  0.33999999E+00  0.81999998E+00  0.11498966E-01
  0.33999999E+00  0.83999998E+00  0.11732147E-01
  0.33999999E+00  0.85999998E+00  0.11971986E-01
  0.33999999E+00  0.87999998E+00  0.12218903E-01
  0.33999999E+00  0.89999998E+00  0.12473246E-01
  0.33999999E+00  0.91999998E+00  0.12735266E-01
  0.33999999E+00  0.93999998E+00  0.13005106E-01
  0.33999999E+00  0.95999998E+00  0.13282774E-01
  0.33999999E+00  0.97999998E+00  0.13568112E-01
  0.33999999E+00  0.99999998E+00  0.13860766E-01
  0.33999999E+00  0.10200000E+01  0.14160142E-01
  0.33999999E+00  0.10400000E+01  0.14465349E-01
  0.33999999E+00  0.10600000E+01  0.14775135E-01
  0.33999999E+00  0.10800000E+01  0.15087794E-01
  0.33999999E+00  0.11000000E+01  0.15401042E-01
  0.33999999E+00  0.11200000E+01  0.15711851E-01
  0.33999999E+00  0.11400000E+01  0.16016195E-01
  0.33999999E+00  0.11600000E+01  0.16308676E-01
  0.33999999E+00  0.11800000E+01  0.16581902E-01
  0.33999999E+00  0.12000000E+01  0.16825406E-01
  0.33999999E+00  0.12200000E+01  0.17023512E-01
  0.33999999E+00  0.12400000E+01  0.17150478E-01
  0.33999999E+00  0.12600000E+01  0.17156297E-01
  0.33999999E+00  0.12800000E+01  0.16898202E-01
  0.33999999E+00  0.13000000E+01  0.16075422E-01
  0.33999999E+00  0.13200000E+01  0.16418200E-01
  0.33999999E+00  0.13400000E+01  0.16760152E-01
  0.33999999E+00  0.13600000E+01  0.17100869E-01
  0.33999999E+00  0.13800000E+01  0.17439930E-01
  0.33999999E+00  0.14000000E+01  0.17776900E-01
  0.33999999E+00  0.14200000E+01  0.18111331E-01
  0.33999999E+00  0.14400000E+01  0.18442764E-01
  0.33999999E+00  0.14600000E+01  0.18770727E-01
  0.33999999E+00  0.14800000E+01  0.19094736E-01
  0.33999999E+00  0.15000000E+01  0.19414295E-01
  0.33999999E+00  0.15200000E+01  0.19728896E-01
  0.33999999E+00  0.15400000E+01  0.20038019E-01
  0.33999999E+00  0.15600000E+01  0.20341131E-01
  0.33999999E+00  0.15800000E+01  0.20637690E-01
  0.33999999E+00  0.16000000E+01  0.20927142E-01
  0.33999999E+00  0.16200000E+01  0.21208920E-01
  0.33999999E+00  0.16400000E+01  0.21482447E-01
  0.33999999E+00  0.16600000E+01  0.21747137E-01
  0.33999999E+00  0.16800000E+01  0.22002392E-01
  0.33999999E+00  0.17000000E+01  0.22247606E-01
  0.33999999E+00  0.17200000E+01  0.22482161E-01
  0.33999999E+00  0.17400000E+01  0.22705433E-01
  0.33999999E+00  0.17600000E+01  0.22916789E-01
  0.33999999E+00  0.17800000E+01  0.23115591E-01
  0.33999999E+00  0.18000000E+01  0.23301193E-01
  0.33999999E+00  0.18200000E+01  0.23472946E-01
  0.33999999E+00  0.18400000E+01  0.23630199E-01
  0.33999999E+00  0.18600000E+01  0.23772298E-01
  0.33999999E+00  0.18800000E+01  0.23898591E-01
  0.33999999E+00  0.19000000E+01  0.24008432E-01
  0.33999999E+00  0.19200000E+01  0.24101178E-01
  0.33999999E+00  0.19400000E+01  0.24176199E-01
  0.33999999E+00  0.19600000E+01  0.24232877E-01
  0.33999999E+00  0.19800000E+01  0.24270615E-01
  0.33999999E+00  0.20000000E+01  0.24288839E-01
  0.35999999E+00  0.00000000E+00  0.21224709E-02
  0.35999999E+00  0.20000000E-01  0.25186207E-02
  0.35999999E+00  0.39999999E-01  0.26801660E-02
  0.35999999E+00  0.59999999E-01  0.21141116E-02
  0.35999999E+00  0.79999998E-01  0.20993869E-02
  0.35999999E+00  0.99999998E-01  0.24997317E-02
  0.35999999E+00  0.12000000E+00  0.28856452E-02
  0.35999999E+00  0.14000000E+00  0.32575444E-02
  0.35999999E+00  0.16000000E+00  0.36158691E-02
  0.35999999E+00  0.18000000E+00  0.39610789E-02
  0.35999999E+00  0.20000000E+00  0.42936509E-02
  0.35999999E+00  0.22000000E+00  0.46140776E-02
  0.35999999E+00  0.23999999E+00  0.49228645E-02
  0.35999999E+00  0.25999999E+00  0.52205297E-02
  0.35999999E+00  0.27999999E+00  0.55076014E-02
  0.35999999E+00  0.29999999E+00  0.57846182E-02
  0.35999999E+00  0.31999999E+00  0.60521275E-02
  0.35999999E+00  0.33999999E+00  0.63106857E-02
  0.35999999E+00  0.35999999E+00  0.65608573E-02
  0.35999999E+00  0.37999999E+00  0.68032155E-02
  0.35999999E+00  0.39999999E+00  0.70383416E-02
  0.35999999E+00  0.41999999E+00  0.72668255E-02
  0.35999999E+00  0.43999999E+00  0.74892656E-02
  0.35999999E+00  0.45999999E+00  0.77062692E-02
  0.35999999E+00  0.47999999E+00  0.79184528E-02
  0.35999999E+00  0.49999999E+00  0.81264416E-02
  0.35999999E+00  0.51999999E+00  0.83308706E-02
  0.35999999E+00  0.53999999E+00  0.85323834E-02
  0.35999999E+00  0.55999999E+00  0.87316330E-02
  0.35999999E+00  0.57999999E+00  0.89292804E-02
  0.35999999E+00  0.59999999E+00  0.91259947E-02
  0.35999999E+00  0.61999999E+00  0.93224514E-02
  0.35999999E+00  0.63999999E+00  0.95193315E-02
  0.35999999E+00  0.65999999E+00  0.97173194E-02
  0.35999999E+00  0.67999998E+00  0.99171006E-02
  0.35999999E+00  0.69999998E+00  0.10119359E-01
  0.35999999E+00  0.71999998E+00  0.10324773E-01
  0.35999999E+00  0.73999998E+00  0.10534011E-01
  0.35999999E+00  0.75999998E+00  0.10747729E-01
  0.35999999E+00  0.77999998E+00  0.10966560E-01
  0.35999999E+00  0.79999998E+00  0.11191110E-01
  0.35999999E+00  0.81999998E+00  0.11421949E-01
  0.35999999E+00  0.83999998E+00  0.11659601E-01
  0.35999999E+00  0.85999998E+00  0.11904532E-01
  0.35999999E+00  0.87999998E+00  0.12157138E-01
  0.35999999E+00  0.89999998E+00  0.12417728E-01
  0.35999999E+00  0.91999998E+00  0.12686501E-01
  0.35999999E+00  0.93999998E+00  0.12963533E-01
  0.35999999E+00  0.95999998E+00  0.13248738E-01
  0.35999999E+00  0.97999998E+00  0.13541842E-01
  0.35999999E+00  0.99999998E+00  0.13842341E-01
  0.35999999E+00  0.10200000E+01  0.14149447E-01
  0.35999999E+00  0.10400000E+01  0.14462019E-01
  0.35999999E+00  0.10600000E+01  0.14778484E-01
  0.35999999E+00  0.10800000E+01  0.15096711E-01
  0.35999999E+00  0.11000000E+01  0.15413853E-01
  0.35999999E+00  0.11200000E+01  0.15726105E-01
  0.35999999E+00  0.11400000E+01  0.16028346E-01
  0.35999999E+00  0.11600000E+01  0.16313550E-01
  0.35999999E+00  0.11800000E+01  0.16571753E-01
  0.35999999E+00  0.12000000E+01  0.16788034E-01
  0.35999999E+00  0.12200000E+01  0.16937918E-01
  0.35999999E+00  0.12400000E+01  0.16973952E-01
  0.35999999E+00  0.12600000E+01  0.16761089E-01
  0.35999999E+00  0.12800000E+01  0.16014216E-01
  0.35999999E+00  0.13000000E+01  0.16362812E-01
  0.35999999E+00  0.13200000E+01  0.16710992E-01
  0.35999999E+00  0.13400000E+01  0.17058334E-01
  0.35999999E+00  0.13600000E+01  0.17404402E-01
  0.35999999E+00  0.13800000E+01  0.17748744E-01
  0.35999999E+00  0.14000000E+01  0.18090896E-01
  0.35999999E+00  0.14200000E+01  0.18430376E-01
  0.35999999E+00  0.14400000E+01  0.18766691E-01
  0.35999999E+00  0.14600000E+01  0.19099332E-01
  0.35999999E+00  0.14800000E+01  0.19427775E-01
  0.35999999E+00  0.15000000E+01  0.19751484E-01
  0.35999999E+00  0.15200000E+01  0.20069908E-01
  0.35999999E+00  0.15400000E+01  0.20382480E-01
  0.35999999E+00  0.15600000E+01  0.20688623E-01
  0.35999999E+00  0.15800000E+01  0.20987745E-01
  0.35999999E+00  0.16000000E+01  0.21279239E-01
  0.35999999E+00  0.16200000E+01  0.21562489E-01
  0.35999999E+00  0.16400000E+01  0.21836861E-01
  0.35999999E+00  0.16600000E+01  0.22101714E-01
  0.35999999E+00  0.16800000E+01  0.22356392E-01
  0.35999999E+00  0.17000000E+01  0.22600230E-01
  0.35999999E+00  0.17200000E+01  0.22832551E-01
  0.35999999E+00  0.17400000E+01  0.23052668E-01
  0.35999999E+00  0.17600000E+01  0.23259889E-01
  0.35999999E+00  0.17800000E+01  0.23453511E-01
  0.35999999E+00  0.18000000E+01  0.23632826E-01
  0.35999999E+00  0.18200000E+01  0.23797124E-01
  0.35999999E+00  0.18400000E+01  0.23945691E-01
  0.35999999E+00  0.18600000E+01  0.24077812E-01
  0.35999999E+00  0.18800000E+01  0.24192779E-01
  0.35999999E+00  0.19000000E+01  0.24289885E-01
  0.35999999E+00  0.19200000E+01  0.24368437E-01
  0.35999999E+00  0.19400000E+01  0.24427754E-01
  0.35999999E+00  0.19600000E+01  0.24467174E-01
  0.35999999E+00  0.19800000E+01  0.24486061E-01
  0.35999999E+00  0.20000000E+01  0.24483810E-01
  0.37999999E+00  0.00000000E+00  0.21152803E-02
  0.37999999E+00  0.20000000E-01  0.23013474E-02
  0.37999999E+00  0.39999999E-01  0.17372881E-02
  0.37999999E+00  0.59999999E-01  0.17256466E-02
  0.37999999E+00  0.79999998E-01  0.21378583E-02
  0.37999999E+00  0.99999998E-01  0.25346831E-02
  0.37999999E+00  0.12000000E+00  0.29165822E-02
  0.37999999E+00  0.14000000E+00  0.32840389E-02
  0.37999999E+00  0.16000000E+00  0.36375554E-02
  0.37999999E+00  0.18000000E+00  0.39776504E-02
  0.37999999E+00  0.20000000E+00  0.43048565E-02
  0.37999999E+00  0.22000000E+00  0.46197186E-02
  0.37999999E+00  0.23999999E+00  0.49227920E-02
  0.37999999E+00  0.25999999E+00  0.52146417E-02
  0.37999999E+00  0.27999999E+00  0.54958408E-02
  0.37999999E+00  0.29999999E+00  0.57669703E-02
  0.37999999E+00  0.31999999E+00  0.60286184E-02
  0.37999999E+00  0.33999999E+00  0.62813802E-02
  0.37999999E+00  0.35999999E+00  0.65258578E-02
  0.37999999E+00  0.37999999E+00  0.67626602E-02
  0.37999999E+00  0.39999999E+00  0.69924033E-02
  0.37999999E+00  0.41999999E+00  0.72157107E-02
  0.37999999E+00  0.43999999E+00  0.74332132E-02
  0.37999999E+00  0.45999999E+00  0.76455498E-02
  0.37999999E+00  0.47999999E+00  0.78533674E-02
  0.37999999E+00  0.49999999E+00  0.80573214E-02
  0.37999999E+00  0.51999999E+00  0.82580755E-02
  0.37999999E+00  0.53999999E+00  0.84563017E-02
  0.37999999E+00  0.55999999E+00  0.86526800E-02
  0.37999999E+00  0.57999999E+00  0.88478981E-02
  0.37999999E+00  0.59999999E+00  0.90426502E-02
  0.37999999E+00  0.61999999E+00  0.92376362E-02
  0.37999999E+00  0.63999999E+00  0.94335599E-02
  0.37999999E+00  0.65999999E+00  0.96311270E-02
  0.37999999E+00  0.67999998E+00  0.98310425E-02
  0.37999999E+00  0.69999998E+00  0.10034008E-01
  0.37999999E+00  0.71999998E+00  0.10240715E-01
  0.37999999E+00  0.73999998E+00  0.10451847E-01
  0.37999999E+00  0.75999998E+00  0.10668064E-01
  0.37999999E+00  0.77999998E+00  0.10890006E-01
  0.37999999E+00  0.79999998E+00  0.11118275E-01
  0.37999999E+00  0.81999998E+00  0.11353434E-01
  0.37999999E+00  0.83999998E+00  0.11595992E-01
  0.37999999E+00  0.85999998E+00  0.11846390E-01
  0.37999999E+00  0.87999998E+00  0.12104990E-01
  0.37999999E+00  0.89999998E+00  0.12372049E-01
  0.37999999E+00  0.91999998E+00  0.12647706E-01
  0.37999999E+00  0.93999998E+00  0.12931948E-01
  0.37999999E+00  0.95999998E+00  0.13224582E-01
  0.37999999E+00  0.97999998E+00  0.13525193E-01
  0.37999999E+00  0.99999998E+00  0.13833098E-01
  0.37999999E+00  0.10200000E+01  0.14147274E-01
  0.37999999E+00  0.10400000E+01  0.14466283E-01
  0.37999999E+00  0.10600000E+01  0.14788157E-01
  0.37999999E+00  0.10800000E+01  0.15110239E-01
  0.37999999E+00  0.11000000E+01  0.15428959E-01
  0.37999999E+00  0.11200000E+01  0.15739492E-01
  0.37999999E+00  0.11400000E+01  0.16035198E-01
  0.37999999E+00  0.11600000E+01  0.16306651E-01
  0.37999999E+00  0.11800000E+01  0.16539731E-01
  0.37999999E+00  0.12000000E+01  0.16711294E-01
  0.37999999E+00  0.12200000E+01  0.16776561E-01
  0.37999999E+00  0.12400000E+01  0.16608502E-01
  0.37999999E+00  0.12600000E+01  0.15938336E-01
  0.37999999E+00  0.12800000E+01  0.16291881E-01
  0.37999999E+00  0.13000000E+01  0.16645434E-01
  0.37999999E+00  0.13200000E+01  0.16998565E-01
  0.37999999E+00  0.13400000E+01  0.17350826E-01
  0.37999999E+00  0.13600000E+01  0.17701756E-01
  0.37999999E+00  0.13800000E+01  0.18050873E-01
  0.37999999E+00  0.14000000E+01  0.18397681E-01
  0.37999999E+00  0.14200000E+01  0.18741668E-01
  0.37999999E+00  0.14400000E+01  0.19082303E-01
  0.37999999E+00  0.14600000E+01  0.19419040E-01
  0.37999999E+00  0.14800000E+01  0.19751318E-01
  0.37999999E+00  0.15000000E+01  0.20078559E-01
  0.37999999E+00  0.15200000E+01  0.20400166E-01
  0.37999999E+00  0.15400000E+01  0.20715532E-01
  0.37999999E+00  0.15600000E+01  0.21024028E-01
  0.37999999E+00  0.15800000E+01  0.21325015E-01
  0.37999999E+00  0.16000000E+01  0.21617835E-01
  0.37999999E+00  0.16200000E+01  0.21901817E-01
  0.37999999E+00  0.16400000E+01  0.22176276E-01
  0.37999999E+00  0.16600000E+01  0.22440512E-01
  0.37999999E+00  0.16800000E+01  0.22693813E-01
  0.37999999E+00  0.17000000E+01  0.22935453E-01
  0.37999999E+00  0.17200000E+01  0.23164697E-01
  0.37999999E+00  0.17400000E+01  0.23380797E-01
  0.37999999E+00  0.17600000E+01  0.23582999E-01
  0.37999999E+00  0.17800000E+01  0.23770537E-01
  0.37999999E+00  0.18000000E+01  0.23942645E-01
  0.37999999E+00  0.18200000E+01  0.24098548E-01
  0.37999999E+00  0.18400000E+01  0.24237474E-01
  0.37999999E+00  0.18600000E+01  0.24358651E-01
  0.37999999E+00  0.18800000E+01  0.24461311E-01
  0.37999999E+00  0.19000000E+01  0.24544697E-01
  0.37999999E+00  0.19200000E+01  0.24608065E-01
  0.37999999E+00  0.19400000E+01  0.24650690E-01
  0.37999999E+00  0.19600000E+01  0.24671872E-01
  0.37999999E+00  0.19800000E+01  0.24670944E-01
  0.37999999E+00  0.20000000E+01  0.24647278E-01
  0.39999999E+00  0.00000000E+00  0.18978521E-02
  0.39999999E+00  0.20000000E-01  0.13460228E-02
  0.39999999E+00  0.39999999E-01  0.13421490E-02
  0.39999999E+00  0.59999999E-01  0.17670043E-02
  0.39999999E+00  0.79999998E-01  0.21755102E-02
  0.39999999E+00  0.99999998E-01  0.25681723E-02
  0.39999999E+00  0.12000000E+00  0.29455174E-02
  0.39999999E+00  0.14000000E+00  0.33080903E-02
  0.39999999E+00  0.16000000E+00  0.36564507E-02
  0.39999999E+00  0.18000000E+00  0.39911713E-02
  0.39999999E+00  0.20000000E+00  0.43128356E-02
  0.39999999E+00  0.22000000E+00  0.46220362E-02
  0.39999999E+00  0.23999999E+00  0.49193735E-02
  0.39999999E+00  0.25999999E+00  0.52054551E-02
  0.39999999E+00  0.27999999E+00  0.54808945E-02
  0.39999999E+00  0.29999999E+00  0.57463109E-02
  0.39999999E+00  0.31999999E+00  0.60023291E-02
  0.39999999E+00  0.33999999E+00  0.62495789E-02
  0.39999999E+00  0.35999999E+00  0.64886960E-02
  0.39999999E+00  0.37999999E+00  0.67203211E-02
  0.39999999E+00  0.39999999E+00  0.69451014E-02
  0.39999999E+00  0.41999999E+00  0.71636899E-02
  0.39999999E+00  0.43999999E+00  0.73767462E-02
  0.39999999E+00  0.45999999E+00  0.75849373E-02
  0.39999999E+00  0.47999999E+00  0.77889369E-02
  0.39999999E+00  0.49999999E+00  0.79894265E-02
  0.39999999E+00  0.51999999E+00  0.81870951E-02
  0.39999999E+00  0.53999999E+00  0.83826390E-02
  0.39999999E+00  0.55999999E+00  0.85767619E-02
  0.39999999E+00  0.57999999E+00  0.87701738E-02
  0.39999999E+00  0.59999999E+00  0.89635904E-02
  0.39999999E+00  0.61999999E+00  0.91577316E-02
  0.39999999E+00  0.63999999E+00  0.93533200E-02
  0.39999999E+00  0.65999999E+00  0.95510782E-02
  0.39999999E+00  0.67999998E+00  0.97517262E-02
  0.39999999E+00  0.69999998E+00  0.99559778E-02
  0.39999999E+00  0.71999998E+00  0.10164536E-01
  0.39999999E+00  0.73999998E+00  0.10378088E-01
  0.39999999E+00  0.75999998E+00  0.10597299E-01
  0.39999999E+00  0.77999998E+00  0.10822804E-01
  0.39999999E+00  0.79999998E+00  0.11055198E-01
  0.39999999E+00  0.81999998E+00  0.11295031E-01
  0.39999999E+00  0.83999998E+00  0.11542785E-01
  0.39999999E+00  0.85999998E+00  0.11798871E-01
  0.39999999E+00  0.87999998E+00  0.12063602E-01
  0.39999999E+00  0.89999998E+00  0.12337178E-01
  0.39999999E+00  0.91999998E+00  0.12619656E-01
  0.39999999E+00  0.93999998E+00  0.12910924E-01
  0.39999999E+00  0.95999998E+00  0.13210658E-01
  0.39999999E+00  0.97999998E+00  0.13518277E-01
  0.39999999E+00  0.99999998E+00  0.13832880E-01
  0.39999999E+00  0.10200000E+01  0.14153169E-01
  0.39999999E+00  0.10400000E+01  0.14477342E-01
  0.39999999E+00  0.10600000E+01  0.14802940E-01
  0.39999999E+00  0.10800000E+01  0.15126639E-01
  0.39999999E+00  0.11000000E+01  0.15443923E-01
  0.39999999E+00  0.11200000E+01  0.15748558E-01
  0.39999999E+00  0.11400000E+01  0.16031677E-01
  0.39999999E+00  0.11600000E+01  0.16279995E-01
  0.39999999E+00  0.11800000E+01  0.16471748E-01
  0.39999999E+00  0.12000000E+01  0.16564914E-01
  0.39999999E+00  0.12200000E+01  0.16440652E-01
  0.39999999E+00  0.12400000E+01  0.15846959E-01
  0.39999999E+00  0.12600000E+01  0.16204591E-01
  0.39999999E+00  0.12800000E+01  0.16562666E-01
  0.39999999E+00  0.13000000E+01  0.16920748E-01
  0.39999999E+00  0.13200000E+01  0.17278385E-01
  0.39999999E+00  0.13400000E+01  0.17635104E-01
  0.39999999E+00  0.13600000E+01  0.17990415E-01
  0.39999999E+00  0.13800000E+01  0.18343810E-01
  0.39999999E+00  0.14000000E+01  0.18694759E-01
  0.39999999E+00  0.14200000E+01  0.19042718E-01
  0.39999999E+00  0.14400000E+01  0.19387122E-01
  0.39999999E+00  0.14600000E+01  0.19727386E-01
  0.39999999E+00  0.14800000E+01  0.20062910E-01
  0.39999999E+00  0.15000000E+01  0.20393074E-01
  0.39999999E+00  0.15200000E+01  0.20717239E-01
  0.39999999E+00  0.15400000E+01  0.21034750E-01
  0.39999999E+00  0.15600000E+01  0.21344934E-01
  0.39999999E+00  0.15800000E+01  0.21647099E-01
  0.39999999E+00  0.16000000E+01  0.21940538E-01
  0.39999999E+00  0.16200000E+01  0.22224526E-01
  0.39999999E+00  0.16400000E+01  0.22498323E-01
  0.39999999E+00  0.16600000E+01  0.22761174E-01
  0.39999999E+00  0.16800000E+01  0.23012307E-01
  0.39999999E+00  0.17000000E+01  0.23250940E-01
  0.39999999E+00  0.17200000E+01  0.23476277E-01
  0.39999999E+00  0.17400000E+01  0.23687509E-01
  0.39999999E+00  0.17600000E+01  0.23883821E-01
  0.39999999E+00  0.17800000E+01  0.24064389E-01
  0.39999999E+00  0.18000000E+01  0.24228384E-01
  0.39999999E+00  0.18200000E+01  0.24374973E-01
  0.39999999E+00  0.18400000E+01  0.24503325E-01
  0.39999999E+00  0.18600000E+01  0.24612613E-01
  0.39999999E+00  0.18800000E+01  0.24702017E-01
  0.39999999E+00  0.19000000E+01  0.24770730E-01
  0.39999999E+00  0.19200000E+01  0.24817965E-01
  0.39999999E+00  0.19400000E+01  0.24842958E-01
  0.39999999E+00  0.19600000E+01  0.24844979E-01
  0.39999999E+00  0.19800000E+01  0.24823338E-01
  0.39999999E+00  0.20000000E+01  0.24777397E-01
  0.41999999E+00  0.00000000E+00  0.94090827E-03
  0.41999999E+00  0.20000000E-01  0.94957988E-03
  0.41999999E+00  0.39999999E-01  0.13878904E-02
  0.41999999E+00  0.59999999E-01  0.18088797E-02
  0.41999999E+00  0.79999998E-01  0.22130982E-02
  0.41999999E+00  0.99999998E-01  0.26011163E-02
  0.41999999E+00  0.12000000E+00  0.29735213E-02
  0.41999999E+00  0.14000000E+00  0.33309139E-02
  0.41999999E+00  0.16000000E+00  0.36739068E-02
  0.41999999E+00  0.18000000E+00  0.40031216E-02
  0.41999999E+00  0.20000000E+00  0.43191878E-02
  0.41999999E+00  0.22000000E+00  0.46227410E-02
  0.41999999E+00  0.23999999E+00  0.49144224E-02
  0.41999999E+00  0.25999999E+00  0.51948774E-02
  0.41999999E+00  0.27999999E+00  0.54647557E-02
  0.41999999E+00  0.29999999E+00  0.57247106E-02
  0.41999999E+00  0.31999999E+00  0.59753993E-02
  0.41999999E+00  0.33999999E+00  0.62174825E-02
  0.41999999E+00  0.35999999E+00  0.64516250E-02
  0.41999999E+00  0.37999999E+00  0.66784962E-02
  0.41999999E+00  0.39999999E+00  0.68987698E-02
  0.41999999E+00  0.41999999E+00  0.71131251E-02
  0.41999999E+00  0.43999999E+00  0.73222467E-02
  0.41999999E+00  0.45999999E+00  0.75268255E-02
  0.41999999E+00  0.47999999E+00  0.77275586E-02
  0.41999999E+00  0.49999999E+00  0.79251497E-02
  0.41999999E+00  0.51999999E+00  0.81203093E-02
  0.41999999E+00  0.53999999E+00  0.83137545E-02
  0.41999999E+00  0.55999999E+00  0.85062083E-02
  0.41999999E+00  0.57999999E+00  0.86983993E-02
  0.41999999E+00  0.59999999E+00  0.88910607E-02
  0.41999999E+00  0.61999999E+00  0.90849283E-02
  0.41999999E+00  0.63999999E+00  0.92807390E-02
  0.41999999E+00  0.65999999E+00  0.94792282E-02
  0.41999999E+00  0.67999998E+00  0.96811260E-02
  0.41999999E+00  0.69999998E+00  0.98871543E-02
  0.41999999E+00  0.71999998E+00  0.10098021E-01
  0.41999999E+00  0.73999998E+00  0.10314413E-01
  0.41999999E+00  0.75999998E+00  0.10536994E-01
  0.41999999E+00  0.77999998E+00  0.10766390E-01
  0.41999999E+00  0.79999998E+00  0.11003181E-01
  0.41999999E+00  0.81999998E+00  0.11247893E-01
  0.41999999E+00  0.83999998E+00  0.11500980E-01
  0.41999999E+00  0.85999998E+00  0.11762807E-01
  0.41999999E+00  0.87999998E+00  0.12033633E-01
  0.41999999E+00  0.89999998E+00  0.12313584E-01
  0.41999999E+00  0.91999998E+00  0.12602623E-01
  0.41999999E+00  0.93999998E+00  0.12900517E-01
  0.41999999E+00  0.95999998E+00  0.13206789E-01
  0.41999999E+00  0.97999998E+00  0.13520660E-01
  0.41999999E+00  0.99999998E+00  0.13840974E-01
  0.41999999E+00  0.10200000E+01  0.14166096E-01
  0.41999999E+00  0.10400000E+01  0.14493773E-01
  0.41999999E+00  0.10600000E+01  0.14820933E-01
  0.41999999E+00  0.10800000E+01  0.15143378E-01
  0.41999999E+00  0.11000000E+01  0.15455294E-01
  0.41999999E+00  0.11200000E+01  0.15748392E-01
  0.41999999E+00  0.11400000E+01  0.16010241E-01
  0.41999999E+00  0.11600000E+01  0.16220493E-01
  0.41999999E+00  0.11800000E+01  0.16339925E-01
  0.41999999E+00  0.12000000E+01  0.16257966E-01
  0.41999999E+00  0.12200000E+01  0.15739626E-01
  0.41999999E+00  0.12400000E+01  0.16100497E-01
  0.41999999E+00  0.12600000E+01  0.16462251E-01
  0.41999999E+00  0.12800000E+01  0.16824451E-01
  0.41999999E+00  0.13000000E+01  0.17186643E-01
  0.41999999E+00  0.13200000E+01  0.17548349E-01
  0.41999999E+00  0.13400000E+01  0.17909072E-01
  0.41999999E+00  0.13600000E+01  0.18268295E-01
  0.41999999E+00  0.13800000E+01  0.18625479E-01
  0.41999999E+00  0.14000000E+01  0.18980064E-01
  0.41999999E+00  0.14200000E+01  0.19331473E-01
  0.41999999E+00  0.14400000E+01  0.19679103E-01
  0.41999999E+00  0.14600000E+01  0.20022335E-01
  0.41999999E+00  0.14800000E+01  0.20360527E-01
  0.41999999E+00  0.15000000E+01  0.20693017E-01
  0.41999999E+00  0.15200000E+01  0.21019124E-01
  0.41999999E+00  0.15400000E+01  0.21338146E-01
  0.41999999E+00  0.15600000E+01  0.21649361E-01
  0.41999999E+00  0.15800000E+01  0.21952030E-01
  0.41999999E+00  0.16000000E+01  0.22245392E-01
  0.41999999E+00  0.16200000E+01  0.22528670E-01
  0.41999999E+00  0.16400000E+01  0.22801069E-01
  0.41999999E+00  0.16600000E+01  0.23061777E-01
  0.41999999E+00  0.16800000E+01  0.23309966E-01
  0.41999999E+00  0.17000000E+01  0.23544794E-01
  0.41999999E+00  0.17200000E+01  0.23765406E-01
  0.41999999E+00  0.17400000E+01  0.23970935E-01
  0.41999999E+00  0.17600000E+01  0.24160505E-01
  0.41999999E+00  0.17800000E+01  0.24333232E-01
  0.41999999E+00  0.18000000E+01  0.24488229E-01
  0.41999999E+00  0.18200000E+01  0.24624606E-01
  0.41999999E+00  0.18400000E+01  0.24741478E-01
  0.41999999E+00  0.18600000E+01  0.24837965E-01
  0.41999999E+00  0.18800000E+01  0.24913198E-01
  0.41999999E+00  0.19000000E+01  0.24966328E-01
  0.41999999E+00  0.19200000E+01  0.24996529E-01
  0.41999999E+00  0.19400000E+01  0.25003008E-01
  0.41999999E+00  0.19600000E+01  0.24985011E-01
  0.41999999E+00  0.19800000E+01  0.24941840E-01
  0.41999999E+00  0.20000000E+01  0.24872859E-01
  0.43999999E+00  0.00000000E+00  0.54832268E-03
  0.43999999E+00  0.20000000E-01  0.10009374E-02
  0.43999999E+00  0.39999999E-01  0.14352476E-02
  0.43999999E+00  0.59999999E-01  0.18518488E-02
  0.43999999E+00  0.79999998E-01  0.22513554E-02
  0.43999999E+00  0.99999998E-01  0.26343972E-02
  0.43999999E+00  0.12000000E+00  0.30016164E-02
  0.43999999E+00  0.14000000E+00  0.33536649E-02
  0.43999999E+00  0.16000000E+00  0.36912027E-02
  0.43999999E+00  0.18000000E+00  0.40148957E-02
  0.43999999E+00  0.20000000E+00  0.43254145E-02
  0.43999999E+00  0.22000000E+00  0.46234332E-02
  0.43999999E+00  0.23999999E+00  0.49096289E-02
  0.43999999E+00  0.25999999E+00  0.51846809E-02
  0.43999999E+00  0.27999999E+00  0.54492705E-02
  0.43999999E+00  0.29999999E+00  0.57040811E-02
  0.43999999E+00  0.31999999E+00  0.59497980E-02
  0.43999999E+00  0.33999999E+00  0.61871089E-02
  0.43999999E+00  0.35999999E+00  0.64167043E-02
  0.43999999E+00  0.37999999E+00  0.66392776E-02
  0.43999999E+00  0.39999999E+00  0.68555260E-02
  0.43999999E+00  0.41999999E+00  0.70661508E-02
  0.43999999E+00  0.43999999E+00  0.72718579E-02
  0.43999999E+00  0.45999999E+00  0.74733584E-02
  0.43999999E+00  0.47999999E+00  0.76713691E-02
  0.43999999E+00  0.49999999E+00  0.78666121E-02
  0.43999999E+00  0.51999999E+00  0.80598155E-02
  0.43999999E+00  0.53999999E+00  0.82517131E-02
  0.43999999E+00  0.55999999E+00  0.84430437E-02
  0.43999999E+00  0.57999999E+00  0.86345503E-02
  0.43999999E+00  0.59999999E+00  0.88269793E-02
  0.43999999E+00  0.61999999E+00  0.90210783E-02
  0.43999999E+00  0.63999999E+00  0.92175944E-02
  0.43999999E+00  0.65999999E+00  0.94172709E-02
  0.43999999E+00  0.67999998E+00  0.96208438E-02
  0.43999999E+00  0.69999998E+00  0.98290377E-02
  0.43999999E+00  0.71999998E+00  0.10042560E-01
  0.43999999E+00  0.73999998E+00  0.10262095E-01
  0.43999999E+00  0.75999998E+00  0.10488294E-01
  0.43999999E+00  0.77999998E+00  0.10721771E-01
  0.43999999E+00  0.79999998E+00  0.10963084E-01
  0.43999999E+00  0.81999998E+00  0.11212728E-01
  0.43999999E+00  0.83999998E+00  0.11471118E-01
  0.43999999E+00  0.85999998E+00  0.11738566E-01
  0.43999999E+00  0.87999998E+00  0.12015264E-01
  0.43999999E+00  0.89999998E+00  0.12301251E-01
  0.43999999E+00  0.91999998E+00  0.12596381E-01
  0.43999999E+00  0.93999998E+00  0.12900278E-01
  0.43999999E+00  0.95999998E+00  0.13212284E-01
  0.43999999E+00  0.97999998E+00  0.13531386E-01
  0.43999999E+00  0.99999998E+00  0.13856121E-01
  0.43999999E+00  0.10200000E+01  0.14184441E-01
  0.43999999E+00  0.10400000E+01  0.14513532E-01
  0.43999999E+00  0.10600000E+01  0.14839521E-01
  0.43999999E+00  0.10800000E+01  0.15157020E-01
  0.43999999E+00  0.11000000E+01  0.15458330E-01
  0.43999999E+00  0.11200000E+01  0.15731893E-01
  0.43999999E+00  0.11400000E+01  0.15958788E-01
  0.43999999E+00  0.11600000E+01  0.16102612E-01
  0.43999999E+00  0.11800000E+01  0.16061055E-01
  0.43999999E+00  0.12000000E+01  0.15616195E-01
  0.43999999E+00  0.12200000E+01  0.15979474E-01
  0.43999999E+00  0.12400000E+01  0.16344077E-01
  0.43999999E+00  0.12600000E+01  0.16709571E-01
  0.43999999E+00  0.12800000E+01  0.17075502E-01
  0.43999999E+00  0.13000000E+01  0.17441391E-01
  0.43999999E+00  0.13200000E+01  0.17806738E-01
  0.43999999E+00  0.13400000E+01  0.18171021E-01
  0.43999999E+00  0.13600000E+01  0.18533694E-01
  0.43999999E+00  0.13800000E+01  0.18894189E-01
  0.43999999E+00  0.14000000E+01  0.19251916E-01
  0.43999999E+00  0.14200000E+01  0.19606261E-01
  0.43999999E+00  0.14400000E+01  0.19956589E-01
  0.43999999E+00  0.14600000E+01  0.20302240E-01
  0.43999999E+00  0.14800000E+01  0.20642532E-01
  0.43999999E+00  0.15000000E+01  0.20976764E-01
  0.43999999E+00  0.15200000E+01  0.21304207E-01
  0.43999999E+00  0.15400000E+01  0.21624116E-01
  0.43999999E+00  0.15600000E+01  0.21935719E-01
  0.43999999E+00  0.15800000E+01  0.22238227E-01
  0.43999999E+00  0.16000000E+01  0.22530829E-01
  0.43999999E+00  0.16200000E+01  0.22812694E-01
  0.43999999E+00  0.16400000E+01  0.23082970E-01
  0.43999999E+00  0.16600000E+01  0.23340792E-01
  0.43999999E+00  0.16800000E+01  0.23585273E-01
  0.43999999E+00  0.17000000E+01  0.23815513E-01
  0.43999999E+00  0.17200000E+01  0.24030599E-01
  0.43999999E+00  0.17400000E+01  0.24229606E-01
  0.43999999E+00  0.17600000E+01  0.24411598E-01
  0.43999999E+00  0.17800000E+01  0.24575635E-01
  0.43999999E+00  0.18000000E+01  0.24720774E-01
  0.43999999E+00  0.18200000E+01  0.24846070E-01
  0.43999999E+00  0.18400000E+01  0.24950586E-01
  0.43999999E+00  0.18600000E+01  0.25033396E-01
  0.43999999E+00  0.18800000E+01  0.25093587E-01
  0.43999999E+00  0.19000000E+01  0.25130272E-01
  0.43999999E+00  0.19200000E+01  0.25142597E-01
  0.43999999E+00  0.19400000E+01  0.25129747E-01
  0.43999999E+00  0.19600000E+01  0.25090959E-01
  0.43999999E+00  0.19800000E+01  0.25025536E-01
  0.43999999E+00  0.20000000E+01  0.24932861E-01
  0.45999999E+00  0.00000000E+00  0.60628249E-03
  0.45999999E+00  0.20000000E-01  0.10547888E-02
  0.45999999E+00  0.39999999E-01  0.14846347E-02
  0.45999999E+00  0.59999999E-01  0.18964790E-02
  0.45999999E+00  0.79999998E-01  0.22909943E-02
  0.45999999E+00  0.99999998E-01  0.26688640E-02
  0.45999999E+00  0.12000000E+00  0.30307801E-02
  0.45999999E+00  0.14000000E+00  0.33774403E-02
  0.45999999E+00  0.16000000E+00  0.37095470E-02
  0.45999999E+00  0.18000000E+00  0.40278053E-02
  0.45999999E+00  0.20000000E+00  0.43329222E-02
  0.45999999E+00  0.22000000E+00  0.46256056E-02
  0.45999999E+00  0.23999999E+00  0.49065642E-02
  0.45999999E+00  0.25999999E+00  0.51765067E-02
  0.45999999E+00  0.27999999E+00  0.54361420E-02
  0.45999999E+00  0.29999999E+00  0.56861792E-02
  0.45999999E+00  0.31999999E+00  0.59273281E-02
  0.45999999E+00  0.33999999E+00  0.61602991E-02
  0.45999999E+00  0.35999999E+00  0.63858045E-02
  0.45999999E+00  0.37999999E+00  0.66045580E-02
  0.45999999E+00  0.39999999E+00  0.68172763E-02
  0.45999999E+00  0.41999999E+00  0.70246790E-02
  0.45999999E+00  0.43999999E+00  0.72274896E-02
  0.45999999E+00  0.45999999E+00  0.74264357E-02
  0.45999999E+00  0.47999999E+00  0.76222495E-02
  0.45999999E+00  0.49999999E+00  0.78156680E-02
  0.45999999E+00  0.51999999E+00  0.80074330E-02
  0.45999999E+00  0.53999999E+00  0.81982909E-02
  0.45999999E+00  0.55999999E+00  0.83889923E-02
  0.45999999E+00  0.57999999E+00  0.85802907E-02
  0.45999999E+00  0.59999999E+00  0.87729414E-02
  0.45999999E+00  0.61999999E+00  0.89676996E-02
  0.45999999E+00  0.63999999E+00  0.91653180E-02
  0.45999999E+00  0.65999999E+00  0.93665436E-02
  0.45999999E+00  0.67999998E+00  0.95721133E-02
  0.45999999E+00  0.69999998E+00  0.97827498E-02
  0.45999999E+00  0.71999998E+00  0.99991551E-02
  0.45999999E+00  0.73999998E+00  0.10222003E-01
  0.45999999E+00  0.75999998E+00  0.10451932E-01
  0.45999999E+00  0.77999998E+00  0.10689533E-01
  0.45999999E+00  0.79999998E+00  0.10935336E-01
  0.45999999E+00  0.81999998E+00  0.11189800E-01
  0.45999999E+00  0.83999998E+00  0.11453290E-01
  0.45999999E+00  0.85999998E+00  0.11726056E-01
  0.45999999E+00  0.87999998E+00  0.12008211E-01
  0.45999999E+00  0.89999998E+00  0.12299693E-01
  0.45999999E+00  0.91999998E+00  0.12600226E-01
  0.45999999E+00  0.93999998E+00  0.12909271E-01
  0.45999999E+00  0.95999998E+00  0.13225957E-01
  0.45999999E+00  0.97999998E+00  0.13548989E-01
  0.45999999E+00  0.99999998E+00  0.13876532E-01
  0.45999999E+00  0.10200000E+01  0.14206027E-01
  0.45999999E+00  0.10400000E+01  0.14533930E-01
  0.45999999E+00  0.10600000E+01  0.14855287E-01
  0.45999999E+00  0.10800000E+01  0.15162994E-01
  0.45999999E+00  0.11000000E+01  0.15446369E-01
  0.45999999E+00  0.11200000E+01  0.15687927E-01
  0.45999999E+00  0.11400000E+01  0.15854075E-01
  0.45999999E+00  0.11600000E+01  0.15850680E-01
  0.45999999E+00  0.11800000E+01  0.15476799E-01
  0.45999999E+00  0.12000000E+01  0.15841674E-01
  0.45999999E+00  0.12200000E+01  0.16208314E-01
  0.45999999E+00  0.12400000E+01  0.16576291E-01
  0.45999999E+00  0.12600000E+01  0.16945153E-01
  0.45999999E+00  0.12800000E+01  0.17314425E-01
  0.45999999E+00  0.13000000E+01  0.17683608E-01
  0.45999999E+00  0.13200000E+01  0.18052178E-01
  0.45999999E+00  0.13400000E+01  0.18419585E-01
  0.45999999E+00  0.13600000E+01  0.18785258E-01
  0.45999999E+00  0.13800000E+01  0.19148597E-01
  0.45999999E+00  0.14000000E+01  0.19508981E-01
  0.45999999E+00  0.14200000E+01  0.19865762E-01
  0.45999999E+00  0.14400000E+01  0.20218267E-01
  0.45999999E+00  0.14600000E+01  0.20565799E-01
  0.45999999E+00  0.14800000E+01  0.20907638E-01
  0.45999999E+00  0.15000000E+01  0.21243036E-01
  0.45999999E+00  0.15200000E+01  0.21571223E-01
  0.45999999E+00  0.15400000E+01  0.21891405E-01
  0.45999999E+00  0.15600000E+01  0.22202765E-01
  0.45999999E+00  0.15800000E+01  0.22504461E-01
  0.45999999E+00  0.16000000E+01  0.22795631E-01
  0.45999999E+00  0.16200000E+01  0.23075390E-01
  0.45999999E+00  0.16400000E+01  0.23342834E-01
  0.45999999E+00  0.16600000E+01  0.23597039E-01
  0.45999999E+00  0.16800000E+01  0.23837063E-01
  0.45999999E+00  0.17000000E+01  0.24061949E-01
  0.45999999E+00  0.17200000E+01  0.24270725E-01
  0.45999999E+00  0.17400000E+01  0.24462410E-01
  0.45999999E+00  0.17600000E+01  0.24636012E-01
  0.45999999E+00  0.17800000E+01  0.24790534E-01
  0.45999999E+00  0.18000000E+01  0.24924981E-01
  0.45999999E+00  0.18200000E+01  0.25038359E-01
  0.45999999E+00  0.18400000E+01  0.25129682E-01
  0.45999999E+00  0.18600000E+01  0.25197980E-01
  0.45999999E+00  0.18800000E+01  0.25242308E-01
  0.45999999E+00  0.19000000E+01  0.25261748E-01
  0.45999999E+00  0.19200000E+01  0.25255423E-01
  0.45999999E+00  0.19400000E+01  0.25222511E-01
  0.45999999E+00  0.19600000E+01  0.25162252E-01
  0.45999999E+00  0.19800000E+01  0.25073968E-01
  0.45999999E+00  0.20000000E+01  0.24957079E-01
  0.47999999E+00  0.00000000E+00  0.66741193E-03
  0.47999999E+00  0.20000000E-01  0.11114029E-02
  0.47999999E+00  0.39999999E-01  0.15364702E-02
  0.47999999E+00  0.59999999E-01  0.19433300E-02
  0.47999999E+00  0.79999998E-01  0.23327074E-02
  0.47999999E+00  0.99999998E-01  0.27053339E-02
  0.47999999E+00  0.12000000E+00  0.30619457E-02
  0.47999999E+00  0.14000000E+00  0.34032812E-02
  0.47999999E+00  0.16000000E+00  0.37300800E-02
  0.47999999E+00  0.18000000E+00  0.40430817E-02
  0.47999999E+00  0.20000000E+00  0.43430249E-02
  0.47999999E+00  0.22000000E+00  0.46306469E-02
  0.47999999E+00  0.23999999E+00  0.49066835E-02
  0.47999999E+00  0.25999999E+00  0.51718685E-02
  0.47999999E+00  0.27999999E+00  0.54269342E-02
  0.47999999E+00  0.29999999E+00  0.56726115E-02
  0.47999999E+00  0.31999999E+00  0.59096304E-02
  0.47999999E+00  0.33999999E+00  0.61387205E-02
  0.47999999E+00  0.35999999E+00  0.63606115E-02
  0.47999999E+00  0.37999999E+00  0.65760340E-02
  0.47999999E+00  0.39999999E+00  0.67857201E-02
  0.47999999E+00  0.41999999E+00  0.69904040E-02
  0.47999999E+00  0.43999999E+00  0.71908226E-02
  0.47999999E+00  0.45999999E+00  0.73877164E-02
  0.47999999E+00  0.47999999E+00  0.75818292E-02
  0.47999999E+00  0.49999999E+00  0.77739087E-02
  0.47999999E+00  0.51999999E+00  0.79647067E-02
  0.47999999E+00  0.53999999E+00  0.81549782E-02
  0.47999999E+00  0.55999999E+00  0.83454813E-02
  0.47999999E+00  0.57999999E+00  0.85369759E-02
  0.47999999E+00  0.59999999E+00  0.87302222E-02
  0.47999999E+00  0.61999999E+00  0.89259786E-02
  0.47999999E+00  0.63999999E+00  0.91249990E-02
  0.47999999E+00  0.65999999E+00  0.93280294E-02
  0.47999999E+00  0.67999998E+00  0.95358031E-02
  0.47999999E+00  0.69999998E+00  0.97490362E-02
  0.47999999E+00  0.71999998E+00  0.99684198E-02
  0.47999999E+00  0.73999998E+00  0.10194613E-01
  0.47999999E+00  0.75999998E+00  0.10428234E-01
  0.47999999E+00  0.77999998E+00  0.10669845E-01
  0.47999999E+00  0.79999998E+00  0.10919943E-01
  0.47999999E+00  0.81999998E+00  0.11178941E-01
  0.47999999E+00  0.83999998E+00  0.11447147E-01
  0.47999999E+00  0.85999998E+00  0.11724739E-01
  0.47999999E+00  0.87999998E+00  0.12011738E-01
  0.47999999E+00  0.89999998E+00  0.12307964E-01
  0.47999999E+00  0.91999998E+00  0.12612995E-01
  0.47999999E+00  0.93999998E+00  0.12926097E-01
  0.47999999E+00  0.95999998E+00  0.13246148E-01
  0.47999999E+00  0.97999998E+00  0.13571518E-01
  0.47999999E+00  0.99999998E+00  0.13899907E-01
  0.47999999E+00  0.10200000E+01  0.14228102E-01
  0.47999999E+00  0.10400000E+01  0.14551583E-01
  0.47999999E+00  0.10600000E+01  0.14863841E-01
  0.47999999E+00  0.10800000E+01  0.15155072E-01
  0.47999999E+00  0.11000000E+01  0.15409220E-01
  0.47999999E+00  0.11200000E+01  0.15595473E-01
  0.47999999E+00  0.11400000E+01  0.15627730E-01
  0.47999999E+00  0.11600000E+01  0.15321804E-01
  0.47999999E+00  0.11800000E+01  0.15687491E-01
  0.47999999E+00  0.12000000E+01  0.16055375E-01
  0.47999999E+00  0.12200000E+01  0.16425039E-01
  0.47999999E+00  0.12400000E+01  0.16796038E-01
  0.47999999E+00  0.12600000E+01  0.17167903E-01
  0.47999999E+00  0.12800000E+01  0.17540138E-01
  0.47999999E+00  0.13000000E+01  0.17912220E-01
  0.47999999E+00  0.13200000E+01  0.18283603E-01
  0.47999999E+00  0.13400000E+01  0.18653710E-01
  0.47999999E+00  0.13600000E+01  0.19021941E-01
  0.47999999E+00  0.13800000E+01  0.19387668E-01
  0.47999999E+00  0.14000000E+01  0.19750234E-01
  0.47999999E+00  0.14200000E+01  0.20108959E-01
  0.47999999E+00  0.14400000E+01  0.20463134E-01
  0.47999999E+00  0.14600000E+01  0.20812022E-01
  0.47999999E+00  0.14800000E+01  0.21154862E-01
  0.47999999E+00  0.15000000E+01  0.21490864E-01
  0.47999999E+00  0.15200000E+01  0.21819213E-01
  0.47999999E+00  0.15400000E+01  0.22139069E-01
  0.47999999E+00  0.15600000E+01  0.22449565E-01
  0.47999999E+00  0.15800000E+01  0.22749810E-01
  0.47999999E+00  0.16000000E+01  0.23038890E-01
  0.47999999E+00  0.16200000E+01  0.23315866E-01
  0.47999999E+00  0.16400000E+01  0.23579780E-01
  0.47999999E+00  0.16600000E+01  0.23829653E-01
  0.47999999E+00  0.16800000E+01  0.24064488E-01
  0.47999999E+00  0.17000000E+01  0.24283270E-01
  0.47999999E+00  0.17200000E+01  0.24484972E-01
  0.47999999E+00  0.17400000E+01  0.24668558E-01
  0.47999999E+00  0.17600000E+01  0.24832981E-01
  0.47999999E+00  0.17800000E+01  0.24977194E-01
  0.47999999E+00  0.18000000E+01  0.25100149E-01
  0.47999999E+00  0.18200000E+01  0.25200807E-01
  0.47999999E+00  0.18400000E+01  0.25278142E-01
  0.47999999E+00  0.18600000E+01  0.25331149E-01
  0.47999999E+00  0.18800000E+01  0.25358850E-01
  0.47999999E+00  0.19000000E+01  0.25360311E-01
  0.47999999E+00  0.19200000E+01  0.25334646E-01
  0.47999999E+00  0.19400000E+01  0.25281035E-01
  0.47999999E+00  0.19600000E+01  0.25198738E-01
  0.47999999E+00  0.19800000E+01  0.25087115E-01
  0.47999999E+00  0.20000000E+01  0.24945646E-01
  0.49999999E+00  0.00000000E+00  0.73184933E-03
  0.49999999E+00  0.20000000E-01  0.11710643E-02
  0.49999999E+00  0.39999999E-01  0.15911769E-02
  0.49999999E+00  0.59999999E-01  0.19929542E-02
  0.49999999E+00  0.79999998E-01  0.23771682E-02
  0.49999999E+00  0.99999998E-01  0.27445930E-02
  0.49999999E+00  0.12000000E+00  0.30960034E-02
  0.49999999E+00  0.14000000E+00  0.34321734E-02
  0.49999999E+00  0.16000000E+00  0.37538750E-02
  0.49999999E+00  0.18000000E+00  0.40618772E-02
  0.49999999E+00  0.20000000E+00  0.43569460E-02
  0.49999999E+00  0.22000000E+00  0.46398434E-02
  0.49999999E+00  0.23999999E+00  0.49113279E-02
  0.49999999E+00  0.25999999E+00  0.51721543E-02
  0.49999999E+00  0.27999999E+00  0.54230743E-02
  0.49999999E+00  0.29999999E+00  0.56648363E-02
  0.49999999E+00  0.31999999E+00  0.58981867E-02
  0.49999999E+00  0.33999999E+00  0.61238700E-02
  0.49999999E+00  0.35999999E+00  0.63426299E-02
  0.49999999E+00  0.37999999E+00  0.65552095E-02
  0.49999999E+00  0.39999999E+00  0.67623527E-02
  0.49999999E+00  0.41999999E+00  0.69648043E-02
  0.49999999E+00  0.43999999E+00  0.71633109E-02
  0.49999999E+00  0.45999999E+00  0.73586217E-02
  0.49999999E+00  0.47999999E+00  0.75514882E-02
  0.49999999E+00  0.49999999E+00  0.77426650E-02
  0.49999999E+00  0.51999999E+00  0.79329096E-02
  0.49999999E+00  0.53999999E+00  0.81229817E-02
  0.49999999E+00  0.55999999E+00  0.83136429E-02
  0.49999999E+00  0.57999999E+00  0.85056551E-02
  0.49999999E+00  0.59999999E+00  0.86997792E-02
  0.49999999E+00  0.61999999E+00  0.88967726E-02
  0.49999999E+00  0.63999999E+00  0.90973859E-02
  0.49999999E+00  0.65999999E+00  0.93023598E-02
  0.49999999E+00  0.67999998E+00  0.95124194E-02
  0.49999999E+00  0.69999998E+00  0.97282692E-02
  0.49999999E+00  0.71999998E+00  0.99505850E-02
  0.49999999E+00  0.73999998E+00  0.10180006E-01
  0.49999999E+00  0.75999998E+00  0.10417123E-01
  0.49999999E+00  0.77999998E+00  0.10662467E-01
  0.49999999E+00  0.79999998E+00  0.10916493E-01
  0.49999999E+00  0.81999998E+00  0.11179561E-01
  0.49999999E+00  0.83999998E+00  0.11451913E-01
  0.49999999E+00  0.85999998E+00  0.11733646E-01
  0.49999999E+00  0.87999998E+00  0.12024674E-01
  0.49999999E+00  0.89999998E+00  0.12324686E-01
  0.49999999E+00  0.91999998E+00  0.12633087E-01
  0.49999999E+00  0.93999998E+00  0.12948919E-01
  0.49999999E+00  0.95999998E+00  0.13270758E-01
  0.49999999E+00  0.97999998E+00  0.13596562E-01
  0.49999999E+00  0.99999998E+00  0.13923446E-01
  0.49999999E+00  0.10200000E+01  0.14247322E-01
  0.49999999E+00  0.10400000E+01  0.14562277E-01
  0.49999999E+00  0.10600000E+01  0.14859377E-01
  0.49999999E+00  0.10800000E+01  0.15123981E-01
  0.49999999E+00  0.11000000E+01  0.15328008E-01
  0.49999999E+00  0.11200000E+01  0.15393194E-01
  0.49999999E+00  0.11400000E+01  0.15151780E-01
  0.49999999E+00  0.11600000E+01  0.15517518E-01
  0.49999999E+00  0.11800000E+01  0.15885879E-01
  0.49999999E+00  0.12000000E+01  0.16256455E-01
  0.49999999E+00  0.12200000E+01  0.16628813E-01
  0.49999999E+00  0.12400000E+01  0.17002492E-01
  0.49999999E+00  0.12600000E+01  0.17377003E-01
  0.49999999E+00  0.12800000E+01  0.17751829E-01
  0.49999999E+00  0.13000000E+01  0.18126427E-01
  0.49999999E+00  0.13200000E+01  0.18500222E-01
  0.49999999E+00  0.13400000E+01  0.18872614E-01
  0.49999999E+00  0.13600000E+01  0.19242973E-01
  0.49999999E+00  0.13800000E+01  0.19610640E-01
  0.49999999E+00  0.14000000E+01  0.19974926E-01
  0.49999999E+00  0.14200000E+01  0.20335115E-01
  0.49999999E+00  0.14400000E+01  0.20690462E-01
  0.49999999E+00  0.14600000E+01  0.21040191E-01
  0.49999999E+00  0.14800000E+01  0.21383499E-01
  0.49999999E+00  0.15000000E+01  0.21719554E-01
  0.49999999E+00  0.15200000E+01  0.22047496E-01
  0.49999999E+00  0.15400000E+01  0.22366437E-01
  0.49999999E+00  0.15600000E+01  0.22675462E-01
  0.49999999E+00  0.15800000E+01  0.22973629E-01
  0.49999999E+00  0.16000000E+01  0.23259973E-01
  0.49999999E+00  0.16200000E+01  0.23533503E-01
  0.49999999E+00  0.16400000E+01  0.23793206E-01
  0.49999999E+00  0.16600000E+01  0.24038049E-01
  0.49999999E+00  0.16800000E+01  0.24266979E-01
  0.49999999E+00  0.17000000E+01  0.24478928E-01
  0.49999999E+00  0.17200000E+01  0.24672816E-01
  0.49999999E+00  0.17400000E+01  0.24847550E-01
  0.49999999E+00  0.17600000E+01  0.25002035E-01
  0.49999999E+00  0.17800000E+01  0.25135174E-01
  0.49999999E+00  0.18000000E+01  0.25245876E-01
  0.49999999E+00  0.18200000E+01  0.25333059E-01
  0.49999999E+00  0.18400000E+01  0.25395663E-01
  0.49999999E+00  0.18600000E+01  0.25432654E-01
  0.49999999E+00  0.18800000E+01  0.25443037E-01
  0.49999999E+00  0.19000000E+01  0.25425868E-01
  0.49999999E+00  0.19200000E+01  0.25380266E-01
  0.49999999E+00  0.19400000E+01  0.25305430E-01
  0.49999999E+00  0.19600000E+01  0.25200658E-01
  0.49999999E+00  0.19800000E+01  0.25065372E-01
  0.49999999E+00  0.20000000E+01  0.24899140E-01
  0.51999999E+00  0.00000000E+00  0.79976030E-03
  0.51999999E+00  0.20000000E-01  0.12340740E-02
  0.51999999E+00  0.39999999E-01  0.16491820E-02
  0.51999999E+00  0.59999999E-01  0.20458968E-02
  0.51999999E+00  0.79999998E-01  0.24250311E-02
  0.51999999E+00  0.99999998E-01  0.27873962E-02
  0.51999999E+00  0.12000000E+00  0.31338004E-02
  0.51999999E+00  0.14000000E+00  0.34650481E-02
  0.51999999E+00  0.16000000E+00  0.37819388E-02
  0.51999999E+00  0.18000000E+00  0.40852664E-02
  0.51999999E+00  0.20000000E+00  0.43758194E-02
  0.51999999E+00  0.22000000E+00  0.46543804E-02
  0.51999999E+00  0.23999999E+00  0.49217264E-02
  0.51999999E+00  0.25999999E+00  0.51786289E-02
  0.51999999E+00  0.27999999E+00  0.54258546E-02
  0.51999999E+00  0.29999999E+00  0.56641659E-02
  0.51999999E+00  0.31999999E+00  0.58943211E-02
  0.51999999E+00  0.33999999E+00  0.61170761E-02
  0.51999999E+00  0.35999999E+00  0.63331842E-02
  0.51999999E+00  0.37999999E+00  0.65433974E-02
  0.51999999E+00  0.39999999E+00  0.67484672E-02
  0.51999999E+00  0.41999999E+00  0.69491452E-02
  0.51999999E+00  0.43999999E+00  0.71461836E-02
  0.51999999E+00  0.45999999E+00  0.73403364E-02
  0.51999999E+00  0.47999999E+00  0.75323588E-02
  0.51999999E+00  0.49999999E+00  0.77230082E-02
  0.51999999E+00  0.51999999E+00  0.79130438E-02
  0.51999999E+00  0.53999999E+00  0.81032258E-02
  0.51999999E+00  0.55999999E+00  0.82943151E-02
  0.51999999E+00  0.57999999E+00  0.84870717E-02
  0.51999999E+00  0.59999999E+00  0.86822528E-02
  0.51999999E+00  0.61999999E+00  0.88806104E-02
  0.51999999E+00  0.63999999E+00  0.90828880E-02
  0.51999999E+00  0.65999999E+00  0.92898162E-02
  0.51999999E+00  0.67999998E+00  0.95021078E-02
  0.51999999E+00  0.69999998E+00  0.97204511E-02
  0.51999999E+00  0.71999998E+00  0.99455018E-02
  0.51999999E+00  0.73999998E+00  0.10177874E-01
  0.51999999E+00  0.75999998E+00  0.10418128E-01
  0.51999999E+00  0.77999998E+00  0.10666756E-01
  0.51999999E+00  0.79999998E+00  0.10924165E-01
  0.51999999E+00  0.81999998E+00  0.11190657E-01
  0.51999999E+00  0.83999998E+00  0.11466398E-01
  0.51999999E+00  0.85999998E+00  0.11751393E-01
  0.51999999E+00  0.87999998E+00  0.12045439E-01
  0.51999999E+00  0.89999998E+00  0.12348072E-01
  0.51999999E+00  0.91999998E+00  0.12658498E-01
  0.51999999E+00  0.93999998E+00  0.12975495E-01
  0.51999999E+00  0.95999998E+00  0.13297275E-01
  0.51999999E+00  0.97999998E+00  0.13621279E-01
  0.51999999E+00  0.99999998E+00  0.13943846E-01
  0.51999999E+00  0.10200000E+01  0.14259652E-01
  0.51999999E+00  0.10400000E+01  0.14560626E-01
  0.51999999E+00  0.10600000E+01  0.14833514E-01
  0.51999999E+00  0.10800000E+01  0.15052909E-01
  0.51999999E+00  0.11000000E+01  0.15148140E-01
  0.51999999E+00  0.11200000E+01  0.14967461E-01
  0.51999999E+00  0.11400000E+01  0.15332521E-01
  0.51999999E+00  0.11600000E+01  0.15700617E-01
  0.51999999E+00  0.11800000E+01  0.16071354E-01
  0.51999999E+00  0.12000000E+01  0.16444314E-01
  0.51999999E+00  0.12200000E+01  0.16819044E-01
  0.51999999E+00  0.12400000E+01  0.17195068E-01
  0.51999999E+00  0.12600000E+01  0.17571877E-01
  0.51999999E+00  0.12800000E+01  0.17948934E-01
  0.51999999E+00  0.13000000E+01  0.18325670E-01
  0.51999999E+00  0.13200000E+01  0.18701489E-01
  0.51999999E+00  0.13400000E+01  0.19075760E-01
  0.51999999E+00  0.13600000E+01  0.19447826E-01
  0.51999999E+00  0.13800000E+01  0.19816997E-01
  0.51999999E+00  0.14000000E+01  0.20182550E-01
  0.51999999E+00  0.14200000E+01  0.20543735E-01
  0.51999999E+00  0.14400000E+01  0.20899767E-01
  0.51999999E+00  0.14600000E+01  0.21249833E-01
  0.51999999E+00  0.14800000E+01  0.21593088E-01
  0.51999999E+00  0.15000000E+01  0.21928656E-01
  0.51999999E+00  0.15200000E+01  0.22255632E-01
  0.51999999E+00  0.15400000E+01  0.22573081E-01
  0.51999999E+00  0.15600000E+01  0.22880040E-01
  0.51999999E+00  0.15800000E+01  0.23175517E-01
  0.51999999E+00  0.16000000E+01  0.23458494E-01
  0.51999999E+00  0.16200000E+01  0.23727930E-01
  0.51999999E+00  0.16400000E+01  0.23982757E-01
  0.51999999E+00  0.16600000E+01  0.24221889E-01
  0.51999999E+00  0.16800000E+01  0.24444221E-01
  0.51999999E+00  0.17000000E+01  0.24648631E-01
  0.51999999E+00  0.17200000E+01  0.24833987E-01
  0.51999999E+00  0.17400000E+01  0.24999147E-01
  0.51999999E+00  0.17600000E+01  0.25142968E-01
  0.51999999E+00  0.17800000E+01  0.25264308E-01
  0.51999999E+00  0.18000000E+01  0.25362037E-01
  0.51999999E+00  0.18200000E+01  0.25435040E-01
  0.51999999E+00  0.18400000E+01  0.25482229E-01
  0.51999999E+00  0.18600000E+01  0.25502551E-01
  0.51999999E+00  0.18800000E+01  0.25495004E-01
  0.51999999E+00  0.19000000E+01  0.25458648E-01
  0.51999999E+00  0.19200000E+01  0.25392622E-01
  0.51999999E+00  0.19400000E+01  0.25296165E-01
  0.51999999E+00  0.19600000E+01  0.25168636E-01
  0.51999999E+00  0.19800000E+01  0.25009544E-01
  0.51999999E+00  0.20000000E+01  0.24818575E-01
  0.53999999E+00  0.00000000E+00  0.87133729E-03
  0.53999999E+00  0.20000000E-01  0.13007479E-02
  0.53999999E+00  0.39999999E-01  0.17109165E-02
  0.53999999E+00  0.59999999E-01  0.21026947E-02
  0.53999999E+00  0.79999998E-01  0.24769306E-02
  0.53999999E+00  0.99999998E-01  0.28344671E-02
  0.53999999E+00  0.12000000E+00  0.31761409E-02
  0.53999999E+00  0.14000000E+00  0.35027817E-02
  0.53999999E+00  0.16000000E+00  0.38152119E-02
  0.53999999E+00  0.18000000E+00  0.41142458E-02
  0.53999999E+00  0.20000000E+00  0.44006899E-02
  0.53999999E+00  0.22000000E+00  0.46753430E-02
  0.53999999E+00  0.23999999E+00  0.49389962E-02
  0.53999999E+00  0.25999999E+00  0.51924338E-02
  0.53999999E+00  0.27999999E+00  0.54364335E-02
  0.53999999E+00  0.29999999E+00  0.56717671E-02
  0.53999999E+00  0.31999999E+00  0.58992015E-02
  0.53999999E+00  0.33999999E+00  0.61194994E-02
  0.53999999E+00  0.35999999E+00  0.63334201E-02
  0.53999999E+00  0.37999999E+00  0.65417202E-02
  0.53999999E+00  0.39999999E+00  0.67451550E-02
  0.53999999E+00  0.41999999E+00  0.69444787E-02
  0.53999999E+00  0.43999999E+00  0.71404453E-02
  0.53999999E+00  0.45999999E+00  0.73338092E-02
  0.53999999E+00  0.47999999E+00  0.75253256E-02
  0.53999999E+00  0.49999999E+00  0.77157504E-02
  0.53999999E+00  0.51999999E+00  0.79058404E-02
  0.53999999E+00  0.53999999E+00  0.80963522E-02
  0.53999999E+00  0.55999999E+00  0.82880420E-02
  0.53999999E+00  0.57999999E+00  0.84816635E-02
  0.53999999E+00  0.59999999E+00  0.86779665E-02
  0.53999999E+00  0.61999999E+00  0.88776934E-02
  0.53999999E+00  0.63999999E+00  0.90815761E-02
  0.53999999E+00  0.65999999E+00  0.92903316E-02
  0.53999999E+00  0.67999998E+00  0.95046558E-02
  0.53999999E+00  0.69999998E+00  0.97252169E-02
  0.53999999E+00  0.71999998E+00  0.99526466E-02
  0.53999999E+00  0.73999998E+00  0.10187529E-01
  0.53999999E+00  0.75999998E+00  0.10430390E-01
  0.53999999E+00  0.77999998E+00  0.10681678E-01
  0.53999999E+00  0.79999998E+00  0.10941747E-01
  0.53999999E+00  0.81999998E+00  0.11210833E-01
  0.53999999E+00  0.83999998E+00  0.11489021E-01
  0.53999999E+00  0.85999998E+00  0.11776213E-01
  0.53999999E+00  0.87999998E+00  0.12072071E-01
  0.53999999E+00  0.89999998E+00  0.12375962E-01
  0.53999999E+00  0.91999998E+00  0.12686861E-01
  0.53999999E+00  0.93999998E+00  0.13003228E-01
  0.53999999E+00  0.95999998E+00  0.13322825E-01
  0.53999999E+00  0.97999998E+00  0.13642414E-01
  0.53999999E+00  0.99999998E+00  0.13957252E-01
  0.53999999E+00  0.10200000E+01  0.14260112E-01
  0.53999999E+00  0.10400000E+01  0.14539104E-01
  0.53999999E+00  0.10600000E+01  0.14771416E-01
  0.53999999E+00  0.10800000E+01  0.14893696E-01
  0.53999999E+00  0.11000000E+01  0.14769721E-01
  0.53999999E+00  0.11200000E+01  0.15133407E-01
  0.53999999E+00  0.11400000E+01  0.15500525E-01
  0.53999999E+00  0.11600000E+01  0.15870699E-01
  0.53999999E+00  0.11800000E+01  0.16243524E-01
  0.53999999E+00  0.12000000E+01  0.16618565E-01
  0.53999999E+00  0.12200000E+01  0.16995355E-01
  0.53999999E+00  0.12400000E+01  0.17373398E-01
  0.53999999E+00  0.12600000E+01  0.17752166E-01
  0.53999999E+00  0.12800000E+01  0.18131100E-01
  0.53999999E+00  0.13000000E+01  0.18509609E-01
  0.53999999E+00  0.13200000E+01  0.18887069E-01
  0.53999999E+00  0.13400000E+01  0.19262825E-01
  0.53999999E+00  0.13600000E+01  0.19636188E-01
  0.53999999E+00  0.13800000E+01  0.20006436E-01
  0.53999999E+00  0.14000000E+01  0.20372814E-01
  0.53999999E+00  0.14200000E+01  0.20734535E-01
  0.53999999E+00  0.14400000E+01  0.21090777E-01
  0.53999999E+00  0.14600000E+01  0.21440687E-01
  0.53999999E+00  0.14800000E+01  0.21783378E-01
  0.53999999E+00  0.15000000E+01  0.22117931E-01
  0.53999999E+00  0.15200000E+01  0.22443395E-01
  0.53999999E+00  0.15400000E+01  0.22758789E-01
  0.53999999E+00  0.15600000E+01  0.23063100E-01
  0.53999999E+00  0.15800000E+01  0.23355288E-01
  0.53999999E+00  0.16000000E+01  0.23634284E-01
  0.53999999E+00  0.16200000E+01  0.23898993E-01
  0.53999999E+00  0.16400000E+01  0.24148298E-01
  0.53999999E+00  0.16600000E+01  0.24381060E-01
  0.53999999E+00  0.16800000E+01  0.24596121E-01
  0.53999999E+00  0.17000000E+01  0.24792311E-01
  0.53999999E+00  0.17200000E+01  0.24968448E-01
  0.53999999E+00  0.17400000E+01  0.25123343E-01
  0.53999999E+00  0.17600000E+01  0.25255811E-01
  0.53999999E+00  0.17800000E+01  0.25364672E-01
  0.53999999E+00  0.18000000E+01  0.25448762E-01
  0.53999999E+00  0.18200000E+01  0.25506938E-01
  0.53999999E+00  0.18400000E+01  0.25538096E-01
  0.53999999E+00  0.18600000E+01  0.25541176E-01
  0.53999999E+00  0.18800000E+01  0.25515181E-01
  0.53999999E+00  0.19000000E+01  0.25459191E-01
  0.53999999E+00  0.19200000E+01  0.25372384E-01
  0.53999999E+00  0.19400000E+01  0.25254061E-01
  0.53999999E+00  0.19600000E+01  0.25103668E-01
  0.53999999E+00  0.19800000E+01  0.24920833E-01
  0.53999999E+00  0.20000000E+01  0.24705402E-01
  0.55999999E+00  0.00000000E+00  0.94679839E-03
  0.55999999E+00  0.20000000E-01  0.13714164E-02
  0.55999999E+00  0.39999999E-01  0.17768138E-02
  0.55999999E+00  0.59999999E-01  0.21638759E-02
  0.55999999E+00  0.79999998E-01  0.25334804E-02
  0.55999999E+00  0.99999998E-01  0.28864967E-02
  0.55999999E+00  0.12000000E+00  0.32237848E-02
  0.55999999E+00  0.14000000E+00  0.35461952E-02
  0.55999999E+00  0.16000000E+00  0.38545682E-02
  0.55999999E+00  0.18000000E+00  0.41497339E-02
  0.55999999E+00  0.20000000E+00  0.44325128E-02
  0.55999999E+00  0.22000000E+00  0.47037152E-02
  0.55999999E+00  0.23999999E+00  0.49641426E-02
  0.55999999E+00  0.25999999E+00  0.52145875E-02
  0.55999999E+00  0.27999999E+00  0.54558347E-02
  0.55999999E+00  0.29999999E+00  0.56886614E-02
  0.55999999E+00  0.31999999E+00  0.59138389E-02
  0.55999999E+00  0.33999999E+00  0.61321327E-02
  0.55999999E+00  0.35999999E+00  0.63443038E-02
  0.55999999E+00  0.37999999E+00  0.65511098E-02
  0.55999999E+00  0.39999999E+00  0.67533054E-02
  0.55999999E+00  0.41999999E+00  0.69516433E-02
  0.55999999E+00  0.43999999E+00  0.71468752E-02
  0.55999999E+00  0.45999999E+00  0.73397522E-02
  0.55999999E+00  0.47999999E+00  0.75310248E-02
  0.55999999E+00  0.49999999E+00  0.77214435E-02
  0.55999999E+00  0.51999999E+00  0.79117587E-02
  0.55999999E+00  0.53999999E+00  0.81027194E-02
  0.55999999E+00  0.55999999E+00  0.82950729E-02
  0.55999999E+00  0.57999999E+00  0.84895628E-02
  0.55999999E+00  0.59999999E+00  0.86869272E-02
  0.55999999E+00  0.61999999E+00  0.88878953E-02
  0.55999999E+00  0.63999999E+00  0.90931839E-02
  0.55999999E+00  0.65999999E+00  0.93034920E-02
  0.55999999E+00  0.67999998E+00  0.95194956E-02
  0.55999999E+00  0.69999998E+00  0.97418389E-02
  0.55999999E+00  0.71999998E+00  0.99711261E-02
  0.55999999E+00  0.73999998E+00  0.10207909E-01
  0.55999999E+00  0.75999998E+00  0.10452673E-01
  0.55999999E+00  0.77999998E+00  0.10705821E-01
  0.55999999E+00  0.79999998E+00  0.10967648E-01
  0.55999999E+00  0.81999998E+00  0.11238320E-01
  0.55999999E+00  0.83999998E+00  0.11517834E-01
  0.55999999E+00  0.85999998E+00  0.11805978E-01
  0.55999999E+00  0.87999998E+00  0.12102268E-01
  0.55999999E+00  0.89999998E+00  0.12405872E-01
  0.55999999E+00  0.91999998E+00  0.12715496E-01
  0.55999999E+00  0.93999998E+00  0.13029214E-01
  0.55999999E+00  0.95999998E+00  0.13344204E-01
  0.55999999E+00  0.97999998E+00  0.13656293E-01
  0.55999999E+00  0.99999998E+00  0.13959081E-01
  0.55999999E+00  0.10200000E+01  0.14242004E-01
  0.55999999E+00  0.10400000E+01  0.14484766E-01
  0.55999999E+00  0.10600000E+01  0.14631028E-01
  0.55999999E+00  0.10800000E+01  0.14559544E-01
  0.55999999E+00  0.11000000E+01  0.14921194E-01
  0.55999999E+00  0.11200000E+01  0.15286655E-01
  0.55999999E+00  0.11400000E+01  0.15655570E-01
  0.55999999E+00  0.11600000E+01  0.16027553E-01
  0.55999999E+00  0.11800000E+01  0.16402183E-01
  0.55999999E+00  0.12000000E+01  0.16779011E-01
  0.55999999E+00  0.12200000E+01  0.17157555E-01
  0.55999999E+00  0.12400000E+01  0.17537299E-01
  0.55999999E+00  0.12600000E+01  0.17917696E-01
  0.55999999E+00  0.12800000E+01  0.18298165E-01
  0.55999999E+00  0.13000000E+01  0.18678089E-01
  0.55999999E+00  0.13200000E+01  0.19056821E-01
  0.55999999E+00  0.13400000E+01  0.19433675E-01
  0.55999999E+00  0.13600000E+01  0.19807933E-01
  0.55999999E+00  0.13800000E+01  0.20178842E-01
  0.55999999E+00  0.14000000E+01  0.20545613E-01
  0.55999999E+00  0.14200000E+01  0.20907421E-01
  0.55999999E+00  0.14400000E+01  0.21263408E-01
  0.55999999E+00  0.14600000E+01  0.21612680E-01
  0.55999999E+00  0.14800000E+01  0.21954309E-01
  0.55999999E+00  0.15000000E+01  0.22287330E-01
  0.55999999E+00  0.15200000E+01  0.22610749E-01
  0.55999999E+00  0.15400000E+01  0.22923537E-01
  0.55999999E+00  0.15600000E+01  0.23224633E-01
  0.55999999E+00  0.15800000E+01  0.23512948E-01
  0.55999999E+00  0.16000000E+01  0.23787362E-01
  0.55999999E+00  0.16200000E+01  0.24046732E-01
  0.55999999E+00  0.16400000E+01  0.24289888E-01
  0.55999999E+00  0.16600000E+01  0.24515642E-01
  0.55999999E+00  0.16800000E+01  0.24722787E-01
  0.55999999E+00  0.17000000E+01  0.24910104E-01
  0.55999999E+00  0.17200000E+01  0.25076367E-01
  0.55999999E+00  0.17400000E+01  0.25220347E-01
  0.55999999E+00  0.17600000E+01  0.25340818E-01
  0.55999999E+00  0.17800000E+01  0.25436568E-01
  0.55999999E+00  0.18000000E+01  0.25506409E-01
  0.55999999E+00  0.18200000E+01  0.25549181E-01
  0.55999999E+00  0.18400000E+01  0.25563773E-01
  0.55999999E+00  0.18600000E+01  0.25549130E-01
  0.55999999E+00  0.18800000E+01  0.25504276E-01
  0.55999999E+00  0.19000000E+01  0.25428331E-01
  0.55999999E+00  0.19200000E+01  0.25320535E-01
  0.55999999E+00  0.19400000E+01  0.25180275E-01
  0.55999999E+00  0.19600000E+01  0.25007117E-01
  0.55999999E+00  0.19800000E+01  0.24800847E-01
  0.55999999E+00  0.20000000E+01  0.24561516E-01
  0.57999999E+00  0.00000000E+00  0.10263857E-02
  0.57999999E+00  0.20000000E-01  0.14464219E-02
  0.57999999E+00  0.39999999E-01  0.18473081E-02
  0.57999999E+00  0.59999999E-01  0.22299573E-02
  0.57999999E+00  0.79999998E-01  0.25952717E-02
  0.57999999E+00  0.99999998E-01  0.29441421E-02
  0.57999999E+00  0.12000000E+00  0.32774470E-02
  0.57999999E+00  0.14000000E+00  0.35960527E-02
  0.57999999E+00  0.16000000E+00  0.39008131E-02
  0.57999999E+00  0.18000000E+00  0.41925698E-02
  0.57999999E+00  0.20000000E+00  0.44721526E-02
  0.57999999E+00  0.22000000E+00  0.47403796E-02
  0.57999999E+00  0.23999999E+00  0.49980580E-02
  0.57999999E+00  0.25999999E+00  0.52459846E-02
  0.57999999E+00  0.27999999E+00  0.54849470E-02
  0.57999999E+00  0.29999999E+00  0.57157240E-02
  0.57999999E+00  0.31999999E+00  0.59390867E-02
  0.57999999E+00  0.33999999E+00  0.61557996E-02
  0.57999999E+00  0.35999999E+00  0.63666214E-02
  0.57999999E+00  0.37999999E+00  0.65723062E-02
  0.57999999E+00  0.39999999E+00  0.67736040E-02
  0.57999999E+00  0.41999999E+00  0.69712623E-02
  0.57999999E+00  0.43999999E+00  0.71660260E-02
  0.57999999E+00  0.45999999E+00  0.73586386E-02
  0.57999999E+00  0.47999999E+00  0.75498421E-02
  0.57999999E+00  0.49999999E+00  0.77403776E-02
  0.57999999E+00  0.51999999E+00  0.79309847E-02
  0.57999999E+00  0.53999999E+00  0.81224010E-02
  0.57999999E+00  0.55999999E+00  0.83153611E-02
  0.57999999E+00  0.57999999E+00  0.85105947E-02
  0.57999999E+00  0.59999999E+00  0.87088245E-02
  0.57999999E+00  0.61999999E+00  0.89107631E-02
  0.57999999E+00  0.63999999E+00  0.91171084E-02
  0.57999999E+00  0.65999999E+00  0.93285390E-02
  0.57999999E+00  0.67999998E+00  0.95457074E-02
  0.57999999E+00  0.69999998E+00  0.97692317E-02
  0.57999999E+00  0.71999998E+00  0.99996856E-02
  0.57999999E+00  0.73999998E+00  0.10237586E-01
  0.57999999E+00  0.75999998E+00  0.10483377E-01
  0.57999999E+00  0.77999998E+00  0.10737410E-01
  0.57999999E+00  0.79999998E+00  0.10999923E-01
  0.57999999E+00  0.81999998E+00  0.11271006E-01
  0.57999999E+00  0.83999998E+00  0.11550560E-01
  0.57999999E+00  0.85999998E+00  0.11838252E-01
  0.57999999E+00  0.87999998E+00  0.12133435E-01
  0.57999999E+00  0.89999998E+00  0.12435050E-01
  0.57999999E+00  0.91999998E+00  0.12741481E-01
  0.57999999E+00  0.93999998E+00  0.13050309E-01
  0.57999999E+00  0.95999998E+00  0.13357919E-01
  0.57999999E+00  0.97999998E+00  0.13658719E-01
  0.57999999E+00  0.99999998E+00  0.13943431E-01
  0.57999999E+00  0.10200000E+01  0.14194183E-01
  0.57999999E+00  0.10400000E+01  0.14361327E-01
  0.57999999E+00  0.10600000E+01  0.14338005E-01
  0.57999999E+00  0.10800000E+01  0.14696993E-01
  0.57999999E+00  0.11000000E+01  0.15060151E-01
  0.57999999E+00  0.11200000E+01  0.15427143E-01
  0.57999999E+00  0.11400000E+01  0.15797602E-01
  0.57999999E+00  0.11600000E+01  0.16171129E-01
  0.57999999E+00  0.11800000E+01  0.16547290E-01
  0.57999999E+00  0.12000000E+01  0.16925621E-01
  0.57999999E+00  0.12200000E+01  0.17305621E-01
  0.57999999E+00  0.12400000E+01  0.17686758E-01
  0.57999999E+00  0.12600000E+01  0.18068462E-01
  0.57999999E+00  0.12800000E+01  0.18450130E-01
  0.57999999E+00  0.13000000E+01  0.18831122E-01
  0.57999999E+00  0.13200000E+01  0.19210762E-01
  0.57999999E+00  0.13400000E+01  0.19588338E-01
  0.57999999E+00  0.13600000E+01  0.19963101E-01
  0.57999999E+00  0.13800000E+01  0.20334264E-01
  0.57999999E+00  0.14000000E+01  0.20701005E-01
  0.57999999E+00  0.14200000E+01  0.21062463E-01
  0.57999999E+00  0.14400000E+01  0.21417741E-01
  0.57999999E+00  0.14600000E+01  0.21765904E-01
  0.57999999E+00  0.14800000E+01  0.22105982E-01
  0.57999999E+00  0.15000000E+01  0.22436968E-01
  0.57999999E+00  0.15200000E+01  0.22757821E-01
  0.57999999E+00  0.15400000E+01  0.23067466E-01
  0.57999999E+00  0.15600000E+01  0.23364794E-01
  0.57999999E+00  0.15800000E+01  0.23648668E-01
  0.57999999E+00  0.16000000E+01  0.23917920E-01
  0.57999999E+00  0.16200000E+01  0.24171357E-01
  0.57999999E+00  0.16400000E+01  0.24407760E-01
  0.57999999E+00  0.16600000E+01  0.24625893E-01
  0.57999999E+00  0.16800000E+01  0.24824504E-01
  0.57999999E+00  0.17000000E+01  0.25002330E-01
  0.57999999E+00  0.17200000E+01  0.25158103E-01
  0.57999999E+00  0.17400000E+01  0.25290557E-01
  0.57999999E+00  0.17600000E+01  0.25398437E-01
  0.57999999E+00  0.17800000E+01  0.25480505E-01
  0.57999999E+00  0.18000000E+01  0.25535556E-01
  0.57999999E+00  0.18200000E+01  0.25562425E-01
  0.57999999E+00  0.18400000E+01  0.25560005E-01
  0.57999999E+00  0.18600000E+01  0.25527266E-01
  0.57999999E+00  0.18800000E+01  0.25463269E-01
  0.57999999E+00  0.19000000E+01  0.25367195E-01
  0.57999999E+00  0.19200000E+01  0.25238372E-01
  0.57999999E+00  0.19400000E+01  0.25076306E-01
  0.57999999E+00  0.19600000E+01  0.24880720E-01
  0.57999999E+00  0.19800000E+01  0.24651603E-01
  0.57999999E+00  0.20000000E+01  0.24389267E-01
  0.59999999E+00  0.00000000E+00  0.11103631E-02
  0.59999999E+00  0.20000000E-01  0.15261171E-02
  0.59999999E+00  0.39999999E-01  0.19228318E-02
  0.59999999E+00  0.59999999E-01  0.23014426E-02
  0.59999999E+00  0.79999998E-01  0.26628711E-02
  0.59999999E+00  0.99999998E-01  0.30080243E-02
  0.59999999E+00  0.12000000E+00  0.33377946E-02
  0.59999999E+00  0.14000000E+00  0.36530596E-02
  0.59999999E+00  0.16000000E+00  0.39546824E-02
  0.59999999E+00  0.18000000E+00  0.42435116E-02
  0.59999999E+00  0.20000000E+00  0.45203821E-02
  0.59999999E+00  0.22000000E+00  0.47861154E-02
  0.59999999E+00  0.23999999E+00  0.50415203E-02
  0.59999999E+00  0.25999999E+00  0.52873940E-02
  0.59999999E+00  0.27999999E+00  0.55245223E-02
  0.59999999E+00  0.29999999E+00  0.57536815E-02
  0.59999999E+00  0.31999999E+00  0.59756386E-02
  0.59999999E+00  0.33999999E+00  0.61911527E-02
  0.59999999E+00  0.35999999E+00  0.64009761E-02
  0.59999999E+00  0.37999999E+00  0.66058550E-02
  0.59999999E+00  0.39999999E+00  0.68065310E-02
  0.59999999E+00  0.41999999E+00  0.70037415E-02
  0.59999999E+00  0.43999999E+00  0.71982209E-02
  0.59999999E+00  0.45999999E+00  0.73907009E-02
  0.59999999E+00  0.47999999E+00  0.75819109E-02
  0.59999999E+00  0.49999999E+00  0.77725785E-02
  0.59999999E+00  0.51999999E+00  0.79634288E-02
  0.59999999E+00  0.53999999E+00  0.81551841E-02
  0.59999999E+00  0.55999999E+00  0.83485625E-02
  0.59999999E+00  0.57999999E+00  0.85442766E-02
  0.59999999E+00  0.59999999E+00  0.87430305E-02
  0.59999999E+00  0.61999999E+00  0.89455168E-02
  0.59999999E+00  0.63999999E+00  0.91524125E-02
  0.59999999E+00  0.65999999E+00  0.93643731E-02
  0.59999999E+00  0.67999998E+00  0.95820257E-02
  0.59999999E+00  0.69999998E+00  0.98059604E-02
  0.59999999E+00  0.71999998E+00  0.10036720E-01
  0.59999999E+00  0.73999998E+00  0.10274784E-01
  0.59999999E+00  0.75999998E+00  0.10520556E-01
  0.59999999E+00  0.77999998E+00  0.10774337E-01
  0.59999999E+00  0.79999998E+00  0.11036304E-01
  0.59999999E+00  0.81999998E+00  0.11306470E-01
  0.59999999E+00  0.83999998E+00  0.11584639E-01
  0.59999999E+00  0.85999998E+00  0.11870345E-01
  0.59999999E+00  0.87999998E+00  0.12162760E-01
  0.59999999E+00  0.89999998E+00  0.12460563E-01
  0.59999999E+00  0.91999998E+00  0.12761734E-01
  0.59999999E+00  0.93999998E+00  0.13063198E-01
  0.59999999E+00  0.95999998E+00  0.13360149E-01
  0.59999999E+00  0.97999998E+00  0.13644554E-01
  0.59999999E+00  0.99999998E+00  0.13900866E-01
  0.59999999E+00  0.10200000E+01  0.14085794E-01
  0.59999999E+00  0.10400000E+01  0.14106244E-01
  0.59999999E+00  0.10600000E+01  0.14461981E-01
  0.59999999E+00  0.10800000E+01  0.14822226E-01
  0.59999999E+00  0.11000000E+01  0.15186665E-01
  0.59999999E+00  0.11200000E+01  0.15554951E-01
  0.59999999E+00  0.11400000E+01  0.15926708E-01
  0.59999999E+00  0.11600000E+01  0.16301523E-01
  0.59999999E+00  0.11800000E+01  0.16678948E-01
  0.59999999E+00  0.12000000E+01  0.17058503E-01
  0.59999999E+00  0.12200000E+01  0.17439671E-01
  0.59999999E+00  0.12400000E+01  0.17821899E-01
  0.59999999E+00  0.12600000E+01  0.18204598E-01
  0.59999999E+00  0.12800000E+01  0.18587139E-01
  0.59999999E+00  0.13000000E+01  0.18968859E-01
  0.59999999E+00  0.13200000E+01  0.19349055E-01
  0.59999999E+00  0.13400000E+01  0.19726986E-01
  0.59999999E+00  0.13600000E+01  0.20101871E-01
  0.59999999E+00  0.13800000E+01  0.20472892E-01
  0.59999999E+00  0.14000000E+01  0.20839191E-01
  0.59999999E+00  0.14200000E+01  0.21199871E-01
  0.59999999E+00  0.14400000E+01  0.21553995E-01
  0.59999999E+00  0.14600000E+01  0.21900589E-01
  0.59999999E+00  0.14800000E+01  0.22238640E-01
  0.59999999E+00  0.15000000E+01  0.22567099E-01
  0.59999999E+00  0.15200000E+01  0.22884879E-01
  0.59999999E+00  0.15400000E+01  0.23190858E-01
  0.59999999E+00  0.15600000E+01  0.23483883E-01
  0.59999999E+00  0.15800000E+01  0.23762767E-01
  0.59999999E+00  0.16000000E+01  0.24026296E-01
  0.59999999E+00  0.16200000E+01  0.24273227E-01
  0.59999999E+00  0.16400000E+01  0.24502299E-01
  0.59999999E+00  0.16600000E+01  0.24712228E-01
  0.59999999E+00  0.16800000E+01  0.24901720E-01
  0.59999999E+00  0.17000000E+01  0.25069473E-01
  0.59999999E+00  0.17200000E+01  0.25214182E-01
  0.59999999E+00  0.17400000E+01  0.25334553E-01
  0.59999999E+00  0.17600000E+01  0.25429304E-01
  0.59999999E+00  0.17800000E+01  0.25497184E-01
  0.59999999E+00  0.18000000E+01  0.25536981E-01
  0.59999999E+00  0.18200000E+01  0.25547538E-01
  0.59999999E+00  0.18400000E+01  0.25527769E-01
  0.59999999E+00  0.18600000E+01  0.25476683E-01
  0.59999999E+00  0.18800000E+01  0.25393401E-01
  0.59999999E+00  0.19000000E+01  0.25277193E-01
  0.59999999E+00  0.19200000E+01  0.25127504E-01
  0.59999999E+00  0.19400000E+01  0.24943995E-01
  0.59999999E+00  0.19600000E+01  0.24726593E-01
  0.59999999E+00  0.19800000E+01  0.24475546E-01
  0.59999999E+00  0.20000000E+01  0.24191490E-01
  0.61999999E+00  0.00000000E+00  0.11990133E-02
  0.61999999E+00  0.20000000E-01  0.16108619E-02
  0.61999999E+00  0.39999999E-01  0.20038131E-02
  0.61999999E+00  0.59999999E-01  0.23788197E-02
  0.61999999E+00  0.79999998E-01  0.27368176E-02
  0.61999999E+00  0.99999998E-01  0.30787255E-02
  0.61999999E+00  0.12000000E+00  0.34054448E-02
  0.61999999E+00  0.14000000E+00  0.37178602E-02
  0.61999999E+00  0.16000000E+00  0.40168393E-02
  0.61999999E+00  0.18000000E+00  0.43032337E-02
  0.61999999E+00  0.20000000E+00  0.45778790E-02
  0.61999999E+00  0.22000000E+00  0.48415958E-02
  0.61999999E+00  0.23999999E+00  0.50951906E-02
  0.61999999E+00  0.25999999E+00  0.53394560E-02
  0.61999999E+00  0.27999999E+00  0.55751728E-02
  0.61999999E+00  0.29999999E+00  0.58031099E-02
  0.61999999E+00  0.31999999E+00  0.60240260E-02
  0.61999999E+00  0.33999999E+00  0.62386708E-02
  0.61999999E+00  0.35999999E+00  0.64477856E-02
  0.61999999E+00  0.37999999E+00  0.66521049E-02
  0.61999999E+00  0.39999999E+00  0.68523571E-02
  0.61999999E+00  0.41999999E+00  0.70492659E-02
  0.61999999E+00  0.43999999E+00  0.72435506E-02
  0.61999999E+00  0.45999999E+00  0.74359272E-02
  0.61999999E+00  0.47999999E+00  0.76271086E-02
  0.61999999E+00  0.49999999E+00  0.78178049E-02
  0.61999999E+00  0.51999999E+00  0.80087230E-02
  0.61999999E+00  0.53999999E+00  0.82005665E-02
  0.61999999E+00  0.55999999E+00  0.83940339E-02
  0.61999999E+00  0.57999999E+00  0.85898173E-02
  0.61999999E+00  0.59999999E+00  0.87885999E-02
  0.61999999E+00  0.61999999E+00  0.89910523E-02
  0.61999999E+00  0.63999999E+00  0.91978283E-02
  0.61999999E+00  0.65999999E+00  0.94095592E-02
  0.61999999E+00  0.67999998E+00  0.96268463E-02
  0.61999999E+00  0.69999998E+00  0.98502517E-02
  0.61999999E+00  0.71999998E+00  0.10080287E-01
  0.61999999E+00  0.73999998E+00  0.10317398E-01
  0.61999999E+00  0.75999998E+00  0.10561946E-01
  0.61999999E+00  0.77999998E+00  0.10814188E-01
  0.61999999E+00  0.79999998E+00  0.11074239E-01
  0.61999999E+00  0.81999998E+00  0.11342038E-01
  0.61999999E+00  0.83999998E+00  0.11617289E-01
  0.61999999E+00  0.85999998E+00  0.11899388E-01
  0.61999999E+00  0.87999998E+00  0.12187302E-01
  0.61999999E+00  0.89999998E+00  0.12479394E-01
  0.61999999E+00  0.91999998E+00  0.12773117E-01
  0.61999999E+00  0.93999998E+00  0.13064426E-01
  0.61999999E+00  0.95999998E+00  0.13346488E-01
  0.61999999E+00  0.97999998E+00  0.13605982E-01
  0.61999999E+00  0.99999998E+00  0.13805624E-01
  0.61999999E+00  0.10200000E+01  0.13865445E-01
  0.61999999E+00  0.10400000E+01  0.14217385E-01
  0.61999999E+00  0.10600000E+01  0.14574144E-01
  0.61999999E+00  0.10800000E+01  0.14935434E-01
  0.61999999E+00  0.11000000E+01  0.15300932E-01
  0.61999999E+00  0.11200000E+01  0.15670284E-01
  0.61999999E+00  0.11400000E+01  0.16043099E-01
  0.61999999E+00  0.11600000E+01  0.16418953E-01
  0.61999999E+00  0.11800000E+01  0.16797383E-01
  0.61999999E+00  0.12000000E+01  0.17177893E-01
  0.61999999E+00  0.12200000E+01  0.17559948E-01
  0.61999999E+00  0.12400000E+01  0.17942974E-01
  0.61999999E+00  0.12600000E+01  0.18326361E-01
  0.61999999E+00  0.12800000E+01  0.18709459E-01
  0.61999999E+00  0.13000000E+01  0.19091576E-01
  0.61999999E+00  0.13200000E+01  0.19471983E-01
  0.61999999E+00  0.13400000E+01  0.19849910E-01
  0.61999999E+00  0.13600000E+01  0.20224545E-01
  0.61999999E+00  0.13800000E+01  0.20595036E-01
  0.61999999E+00  0.14000000E+01  0.20960491E-01
  0.61999999E+00  0.14200000E+01  0.21319974E-01
  0.61999999E+00  0.14400000E+01  0.21672512E-01
  0.61999999E+00  0.14600000E+01  0.22017088E-01
  0.61999999E+00  0.14800000E+01  0.22352650E-01
  0.61999999E+00  0.15000000E+01  0.22678103E-01
  0.61999999E+00  0.15200000E+01  0.22992317E-01
  0.61999999E+00  0.15400000E+01  0.23294125E-01
  0.61999999E+00  0.15600000E+01  0.23582327E-01
  0.61999999E+00  0.15800000E+01  0.23855691E-01
  0.61999999E+00  0.16000000E+01  0.24112957E-01
  0.61999999E+00  0.16200000E+01  0.24352837E-01
  0.61999999E+00  0.16400000E+01  0.24574026E-01
  0.61999999E+00  0.16600000E+01  0.24775201E-01
  0.61999999E+00  0.16800000E+01  0.24955026E-01
  0.61999999E+00  0.17000000E+01  0.25112167E-01
  0.61999999E+00  0.17200000E+01  0.25245289E-01
  0.61999999E+00  0.17400000E+01  0.25353073E-01
  0.61999999E+00  0.17600000E+01  0.25434226E-01
  0.61999999E+00  0.17800000E+01  0.25487490E-01
  0.61999999E+00  0.18000000E+01  0.25511659E-01
  0.61999999E+00  0.18200000E+01  0.25505599E-01
  0.61999999E+00  0.18400000E+01  0.25468263E-01
  0.61999999E+00  0.18600000E+01  0.25398719E-01
  0.61999999E+00  0.18800000E+01  0.25296177E-01
  0.61999999E+00  0.19000000E+01  0.25160023E-01
  0.61999999E+00  0.19200000E+01  0.24989856E-01
  0.61999999E+00  0.19400000E+01  0.24785538E-01
  0.61999999E+00  0.19600000E+01  0.24547252E-01
  0.61999999E+00  0.19800000E+01  0.24275570E-01
  0.61999999E+00  0.20000000E+01  0.23971538E-01
  0.63999999E+00  0.00000000E+00  0.12926349E-02
  0.63999999E+00  0.20000000E-01  0.17010202E-02
  0.63999999E+00  0.39999999E-01  0.20906726E-02
  0.63999999E+00  0.59999999E-01  0.24625574E-02
  0.63999999E+00  0.79999998E-01  0.28176200E-02
  0.63999999E+00  0.99999998E-01  0.31567861E-02
  0.63999999E+00  0.12000000E+00  0.34809619E-02
  0.63999999E+00  0.14000000E+00  0.37910345E-02
  0.63999999E+00  0.16000000E+00  0.40878719E-02
  0.63999999E+00  0.18000000E+00  0.43723241E-02
  0.63999999E+00  0.20000000E+00  0.46452235E-02
  0.63999999E+00  0.22000000E+00  0.49073854E-02
  0.63999999E+00  0.23999999E+00  0.51596094E-02
  0.63999999E+00  0.25999999E+00  0.54026799E-02
  0.63999999E+00  0.27999999E+00  0.56373677E-02
  0.63999999E+00  0.29999999E+00  0.58644305E-02
  0.63999999E+00  0.31999999E+00  0.60846143E-02
  0.63999999E+00  0.33999999E+00  0.62986547E-02
  0.63999999E+00  0.35999999E+00  0.65072782E-02
  0.63999999E+00  0.37999999E+00  0.67112030E-02
  0.63999999E+00  0.39999999E+00  0.69111404E-02
  0.63999999E+00  0.41999999E+00  0.71077958E-02
  0.63999999E+00  0.43999999E+00  0.73018695E-02
  0.63999999E+00  0.45999999E+00  0.74940579E-02
  0.63999999E+00  0.47999999E+00  0.76850534E-02
  0.63999999E+00  0.49999999E+00  0.78755452E-02
  0.63999999E+00  0.51999999E+00  0.80662186E-02
  0.63999999E+00  0.53999999E+00  0.82577553E-02
  0.63999999E+00  0.55999999E+00  0.84508316E-02
  0.63999999E+00  0.57999999E+00  0.86461170E-02
  0.63999999E+00  0.59999999E+00  0.88442717E-02
  0.63999999E+00  0.61999999E+00  0.90459433E-02
  0.63999999E+00  0.63999999E+00  0.92517619E-02
  0.63999999E+00  0.65999999E+00  0.94623349E-02
  0.63999999E+00  0.67999998E+00  0.96782386E-02
  0.63999999E+00  0.69999998E+00  0.99000094E-02
  0.63999999E+00  0.71999998E+00  0.10128131E-01
  0.63999999E+00  0.73999998E+00  0.10363019E-01
  0.63999999E+00  0.75999998E+00  0.10605000E-01
  0.63999999E+00  0.77999998E+00  0.10854288E-01
  0.63999999E+00  0.79999998E+00  0.11110948E-01
  0.63999999E+00  0.81999998E+00  0.11374849E-01
  0.63999999E+00  0.83999998E+00  0.11645597E-01
  0.63999999E+00  0.85999998E+00  0.11922441E-01
  0.63999999E+00  0.87999998E+00  0.12204115E-01
  0.63999999E+00  0.89999998E+00  0.12488582E-01
  0.63999999E+00  0.91999998E+00  0.12772533E-01
  0.63999999E+00  0.93999998E+00  0.13050289E-01
  0.63999999E+00  0.95999998E+00  0.13310654E-01
  0.63999999E+00  0.97999998E+00  0.13521998E-01
  0.63999999E+00  0.99999998E+00  0.13616826E-01
  0.63999999E+00  0.10200000E+01  0.13964461E-01
  0.63999999E+00  0.10400000E+01  0.14317201E-01
  0.63999999E+00  0.10600000E+01  0.14674783E-01
  0.63999999E+00  0.10800000E+01  0.15036912E-01
  0.63999999E+00  0.11000000E+01  0.15403256E-01
  0.63999999E+00  0.11200000E+01  0.15773450E-01
  0.63999999E+00  0.11400000E+01  0.16147092E-01
  0.63999999E+00  0.11600000E+01  0.16523743E-01
  0.63999999E+00  0.11800000E+01  0.16902927E-01
  0.63999999E+00  0.12000000E+01  0.17284129E-01
  0.63999999E+00  0.12200000E+01  0.17666797E-01
  0.63999999E+00  0.12400000E+01  0.18050337E-01
  0.63999999E+00  0.12600000E+01  0.18434115E-01
  0.63999999E+00  0.12800000E+01  0.18817458E-01
  0.63999999E+00  0.13000000E+01  0.19199650E-01
  0.63999999E+00  0.13200000E+01  0.19579933E-01
  0.63999999E+00  0.13400000E+01  0.19957506E-01
  0.63999999E+00  0.13600000E+01  0.20331527E-01
  0.63999999E+00  0.13800000E+01  0.20701110E-01
  0.63999999E+00  0.14000000E+01  0.21065327E-01
  0.63999999E+00  0.14200000E+01  0.21423207E-01
  0.63999999E+00  0.14400000E+01  0.21773736E-01
  0.63999999E+00  0.14600000E+01  0.22115859E-01
  0.63999999E+00  0.14800000E+01  0.22448480E-01
  0.63999999E+00  0.15000000E+01  0.22770463E-01
  0.63999999E+00  0.15200000E+01  0.23080634E-01
  0.63999999E+00  0.15400000E+01  0.23377782E-01
  0.63999999E+00  0.15600000E+01  0.23660662E-01
  0.63999999E+00  0.15800000E+01  0.23927999E-01
  0.63999999E+00  0.16000000E+01  0.24178487E-01
  0.63999999E+00  0.16200000E+01  0.24410799E-01
  0.63999999E+00  0.16400000E+01  0.24623587E-01
  0.63999999E+00  0.16600000E+01  0.24815492E-01
  0.63999999E+00  0.16800000E+01  0.24985146E-01
  0.63999999E+00  0.17000000E+01  0.25131184E-01
  0.63999999E+00  0.17200000E+01  0.25252251E-01
  0.63999999E+00  0.17400000E+01  0.25347014E-01
  0.63999999E+00  0.17600000E+01  0.25414173E-01
  0.63999999E+00  0.17800000E+01  0.25452479E-01
  0.63999999E+00  0.18000000E+01  0.25460749E-01
  0.63999999E+00  0.18200000E+01  0.25437885E-01
  0.63999999E+00  0.18400000E+01  0.25382901E-01
  0.63999999E+00  0.18600000E+01  0.25294953E-01
  0.63999999E+00  0.18800000E+01  0.25173364E-01
  0.63999999E+00  0.19000000E+01  0.25017674E-01
  0.63999999E+00  0.19200000E+01  0.24827680E-01
  0.63999999E+00  0.19400000E+01  0.24603498E-01
  0.63999999E+00  0.19600000E+01  0.24345630E-01
  0.63999999E+00  0.19800000E+01  0.24055054E-01
  0.63999999E+00  0.20000000E+01  0.23733329E-01
  0.65999999E+00  0.00000000E+00  0.13915380E-02
  0.65999999E+00  0.20000000E-01  0.17969557E-02
  0.65999999E+00  0.39999999E-01  0.21838192E-02
  0.65999999E+00  0.59999999E-01  0.25531013E-02
  0.65999999E+00  0.79999998E-01  0.29057525E-02
  0.65999999E+00  0.99999998E-01  0.32427009E-02
  0.65999999E+00  0.12000000E+00  0.35648532E-02
  0.65999999E+00  0.14000000E+00  0.38730944E-02
  0.65999999E+00  0.16000000E+00  0.41682888E-02
  0.65999999E+00  0.18000000E+00  0.44512805E-02
  0.65999999E+00  0.20000000E+00  0.47228941E-02
  0.65999999E+00  0.22000000E+00  0.49839356E-02
  0.65999999E+00  0.23999999E+00  0.52351933E-02
  0.65999999E+00  0.25999999E+00  0.54774391E-02
  0.65999999E+00  0.27999999E+00  0.57114293E-02
  0.65999999E+00  0.29999999E+00  0.59379060E-02
  0.65999999E+00  0.31999999E+00  0.61575983E-02
  0.65999999E+00  0.33999999E+00  0.63712234E-02
  0.65999999E+00  0.35999999E+00  0.65794885E-02
  0.65999999E+00  0.37999999E+00  0.67830911E-02
  0.65999999E+00  0.39999999E+00  0.69827213E-02
  0.65999999E+00  0.41999999E+00  0.71790622E-02
  0.65999999E+00  0.43999999E+00  0.73727913E-02
  0.65999999E+00  0.45999999E+00  0.75645812E-02
  0.65999999E+00  0.47999999E+00  0.77551006E-02
  0.65999999E+00  0.49999999E+00  0.79450143E-02
  0.65999999E+00  0.51999999E+00  0.81349834E-02
  0.65999999E+00  0.53999999E+00  0.83256652E-02
  0.65999999E+00  0.55999999E+00  0.85177116E-02
  0.65999999E+00  0.57999999E+00  0.87117684E-02
  0.65999999E+00  0.59999999E+00  0.89084722E-02
  0.65999999E+00  0.61999999E+00  0.91084475E-02
  0.65999999E+00  0.63999999E+00  0.93123022E-02
  0.65999999E+00  0.65999999E+00  0.95206218E-02
  0.65999999E+00  0.67999998E+00  0.97339613E-02
  0.65999999E+00  0.69999998E+00  0.99528361E-02
  0.65999999E+00  0.71999998E+00  0.10177709E-01
  0.65999999E+00  0.73999998E+00  0.10408972E-01
  0.65999999E+00  0.75999998E+00  0.10646929E-01
  0.65999999E+00  0.77999998E+00  0.10891763E-01
  0.65999999E+00  0.79999998E+00  0.11143499E-01
  0.65999999E+00  0.81999998E+00  0.11401949E-01
  0.65999999E+00  0.83999998E+00  0.11666628E-01
  0.65999999E+00  0.85999998E+00  0.11936632E-01
  0.65999999E+00  0.87999998E+00  0.12210415E-01
  0.65999999E+00  0.89999998E+00  0.12485378E-01
  0.65999999E+00  0.91999998E+00  0.12756952E-01
  0.65999999E+00  0.93999998E+00  0.13015957E-01
  0.65999999E+00  0.95999998E+00  0.13236072E-01
  0.65999999E+00  0.97999998E+00  0.13361614E-01
  0.65999999E+00  0.99999998E+00  0.13704479E-01
  0.65999999E+00  0.10200000E+01  0.14052707E-01
  0.65999999E+00  0.10400000E+01  0.14406063E-01
  0.65999999E+00  0.10600000E+01  0.14764277E-01
  0.65999999E+00  0.10800000E+01  0.15127046E-01
  0.65999999E+00  0.11000000E+01  0.15494029E-01
  0.65999999E+00  0.11200000E+01  0.15864849E-01
  0.65999999E+00  0.11400000E+01  0.16239092E-01
  0.65999999E+00  0.11600000E+01  0.16616306E-01
  0.65999999E+00  0.11800000E+01  0.16995998E-01
  0.65999999E+00  0.12000000E+01  0.17377637E-01
  0.65999999E+00  0.12200000E+01  0.17760652E-01
  0.65999999E+00  0.12400000E+01  0.18144427E-01
  0.65999999E+00  0.12600000E+01  0.18528308E-01
  0.65999999E+00  0.12800000E+01  0.18911595E-01
  0.65999999E+00  0.13000000E+01  0.19293546E-01
  0.65999999E+00  0.13200000E+01  0.19673377E-01
  0.65999999E+00  0.13400000E+01  0.20050255E-01
  0.65999999E+00  0.13600000E+01  0.20423307E-01
  0.65999999E+00  0.13800000E+01  0.20791614E-01
  0.65999999E+00  0.14000000E+01  0.21154211E-01
  0.65999999E+00  0.14200000E+01  0.21510091E-01
  0.65999999E+00  0.14400000E+01  0.21858201E-01
  0.65999999E+00  0.14600000E+01  0.22197447E-01
  0.65999999E+00  0.14800000E+01  0.22526691E-01
  0.65999999E+00  0.15000000E+01  0.22844755E-01
  0.65999999E+00  0.15200000E+01  0.23150423E-01
  0.65999999E+00  0.15400000E+01  0.23442441E-01
  0.65999999E+00  0.15600000E+01  0.23719522E-01
  0.65999999E+00  0.15800000E+01  0.23980347E-01
  0.65999999E+00  0.16000000E+01  0.24223571E-01
  0.65999999E+00  0.16200000E+01  0.24447828E-01
  0.65999999E+00  0.16400000E+01  0.24651735E-01
  0.65999999E+00  0.16600000E+01  0.24833899E-01
  0.65999999E+00  0.16800000E+01  0.24992925E-01
  0.65999999E+00  0.17000000E+01  0.25127426E-01
  0.65999999E+00  0.17200000E+01  0.25236036E-01
  0.65999999E+00  0.17400000E+01  0.25317415E-01
  0.65999999E+00  0.17600000E+01  0.25370272E-01
  0.65999999E+00  0.17800000E+01  0.25393380E-01
  0.65999999E+00  0.18000000E+01  0.25385592E-01
  0.65999999E+00  0.18200000E+01  0.25345874E-01
  0.65999999E+00  0.18400000E+01  0.25273322E-01
  0.65999999E+00  0.18600000E+01  0.25167205E-01
  0.65999999E+00  0.18800000E+01  0.25027000E-01
  0.65999999E+00  0.19000000E+01  0.24852440E-01
  0.65999999E+00  0.19200000E+01  0.24643573E-01
  0.65999999E+00  0.19400000E+01  0.24400830E-01
  0.65999999E+00  0.19600000E+01  0.24125114E-01
  0.65999999E+00  0.19800000E+01  0.23817908E-01
  0.65999999E+00  0.20000000E+01  0.23481412E-01
  0.67999998E+00  0.00000000E+00  0.14960403E-02
  0.67999998E+00  0.20000000E-01  0.18990281E-02
  0.67999998E+00  0.39999999E-01  0.22836461E-02
  0.67999998E+00  0.59999999E-01  0.26508700E-02
  0.67999998E+00  0.79999998E-01  0.30016508E-02
  0.67999998E+00  0.99999998E-01  0.33369150E-02
  0.67999998E+00  0.12000000E+00  0.36575650E-02
  0.67999998E+00  0.14000000E+00  0.39644798E-02
  0.67999998E+00  0.16000000E+00  0.42585154E-02
  0.67999998E+00  0.18000000E+00  0.45405058E-02
  0.67999998E+00  0.20000000E+00  0.48112635E-02
  0.67999998E+00  0.22000000E+00  0.50715806E-02
  0.67999998E+00  0.23999999E+00  0.53222301E-02
  0.67999998E+00  0.25999999E+00  0.55639666E-02
  0.67999998E+00  0.27999999E+00  0.57975278E-02
  0.67999998E+00  0.29999999E+00  0.60236355E-02
  0.67999998E+00  0.31999999E+00  0.62429975E-02
  0.67999998E+00  0.33999999E+00  0.64563085E-02
  0.67999998E+00  0.35999999E+00  0.66642516E-02
  0.67999998E+00  0.37999999E+00  0.68674999E-02
  0.67999998E+00  0.39999999E+00  0.70667178E-02
  0.67999998E+00  0.41999999E+00  0.72625622E-02
  0.67999998E+00  0.43999999E+00  0.74556841E-02
  0.67999998E+00  0.45999999E+00  0.76467290E-02
  0.67999998E+00  0.47999999E+00  0.78363386E-02
  0.67999998E+00  0.49999999E+00  0.80251507E-02
  0.67999998E+00  0.51999999E+00  0.82137999E-02
  0.67999998E+00  0.53999999E+00  0.84029174E-02
  0.67999998E+00  0.55999999E+00  0.85931301E-02
  0.67999998E+00  0.57999999E+00  0.87850596E-02
  0.67999998E+00  0.59999999E+00  0.89793200E-02
  0.67999998E+00  0.61999999E+00  0.91765148E-02
  0.67999998E+00  0.63999999E+00  0.93772329E-02
  0.67999998E+00  0.65999999E+00  0.95820429E-02
  0.67999998E+00  0.67999998E+00  0.97914852E-02
  0.67999998E+00  0.69999998E+00  0.10006063E-01
  0.67999998E+00  0.71999998E+00  0.10226228E-01
  0.67999998E+00  0.73999998E+00  0.10452366E-01
  0.67999998E+00  0.75999998E+00  0.10684771E-01
  0.67999998E+00  0.77999998E+00  0.10923615E-01
  0.67999998E+00  0.79999998E+00  0.11168905E-01
  0.67999998E+00  0.81999998E+00  0.11420416E-01
  0.67999998E+00  0.83999998E+00  0.11677588E-01
  0.67999998E+00  0.85999998E+00  0.11939352E-01
  0.67999998E+00  0.87999998E+00  0.12203793E-01
  0.67999998E+00  0.89999998E+00  0.12467400E-01
  0.67999998E+00  0.91999998E+00  0.12722912E-01
  0.67999998E+00  0.93999998E+00  0.12948964E-01
  0.67999998E+00  0.95999998E+00  0.13101039E-01
  0.67999998E+00  0.97999998E+00  0.13438710E-01
  0.67999998E+00  0.99999998E+00  0.13781975E-01
  0.67999998E+00  0.10200000E+01  0.14130625E-01
  0.67999998E+00  0.10400000E+01  0.14484419E-01
  0.67999998E+00  0.10600000E+01  0.14843080E-01
  0.67999998E+00  0.10800000E+01  0.15206296E-01
  0.67999998E+00  0.11000000E+01  0.15573717E-01
  0.67999998E+00  0.11200000E+01  0.15944953E-01
  0.67999998E+00  0.11400000E+01  0.16319579E-01
  0.67999998E+00  0.11600000E+01  0.16697127E-01
  0.67999998E+00  0.11800000E+01  0.17077089E-01
  0.67999998E+00  0.12000000E+01  0.17458917E-01
  0.67999998E+00  0.12200000E+01  0.17842018E-01
  0.67999998E+00  0.12400000E+01  0.18225759E-01
  0.67999998E+00  0.12600000E+01  0.18609459E-01
  0.67999998E+00  0.12800000E+01  0.18992396E-01
  0.67999998E+00  0.13000000E+01  0.19373800E-01
  0.67999998E+00  0.13200000E+01  0.19752858E-01
  0.67999998E+00  0.13400000E+01  0.20128709E-01
  0.67999998E+00  0.13600000E+01  0.20500447E-01
  0.67999998E+00  0.13800000E+01  0.20867118E-01
  0.67999998E+00  0.14000000E+01  0.21227723E-01
  0.67999998E+00  0.14200000E+01  0.21581218E-01
  0.67999998E+00  0.14400000E+01  0.21926511E-01
  0.67999998E+00  0.14600000E+01  0.22262470E-01
  0.67999998E+00  0.14800000E+01  0.22587915E-01
  0.67999998E+00  0.15000000E+01  0.22901629E-01
  0.67999998E+00  0.15200000E+01  0.23202354E-01
  0.67999998E+00  0.15400000E+01  0.23488794E-01
  0.67999998E+00  0.15600000E+01  0.23759623E-01
  0.67999998E+00  0.15800000E+01  0.24013481E-01
  0.67999998E+00  0.16000000E+01  0.24248988E-01
  0.67999998E+00  0.16200000E+01  0.24464740E-01
  0.67999998E+00  0.16400000E+01  0.24659326E-01
  0.67999998E+00  0.16600000E+01  0.24831324E-01
  0.67999998E+00  0.16800000E+01  0.24979320E-01
  0.67999998E+00  0.17000000E+01  0.25101915E-01
  0.67999998E+00  0.17200000E+01  0.25197737E-01
  0.67999998E+00  0.17400000E+01  0.25265455E-01
  0.67999998E+00  0.17600000E+01  0.25303801E-01
  0.67999998E+00  0.17800000E+01  0.25311583E-01
  0.67999998E+00  0.18000000E+01  0.25287716E-01
  0.67999998E+00  0.18200000E+01  0.25231246E-01
  0.67999998E+00  0.18400000E+01  0.25141384E-01
  0.67999998E+00  0.18600000E+01  0.25017547E-01
  0.67999998E+00  0.18800000E+01  0.24859403E-01
  0.67999998E+00  0.19000000E+01  0.24666932E-01
  0.67999998E+00  0.19200000E+01  0.24440493E-01
  0.67999998E+00  0.19400000E+01  0.24180911E-01
  0.67999998E+00  0.19600000E+01  0.23889588E-01
  0.67999998E+00  0.19800000E+01  0.23568635E-01
  0.67999998E+00  0.20000000E+01  0.23221059E-01
  0.69999998E+00  0.00000000E+00  0.16064620E-02
  0.69999998E+00  0.20000000E-01  0.20075879E-02
  0.69999998E+00  0.39999999E-01  0.23905258E-02
  0.69999998E+00  0.59999999E-01  0.27562499E-02
  0.69999998E+00  0.79999998E-01  0.31057074E-02
  0.69999998E+00  0.99999998E-01  0.34398187E-02
  0.69999998E+00  0.12000000E+00  0.37594779E-02
  0.69999998E+00  0.14000000E+00  0.40655534E-02
  0.69999998E+00  0.16000000E+00  0.43588888E-02
  0.69999998E+00  0.18000000E+00  0.46403033E-02
  0.69999998E+00  0.20000000E+00  0.49105932E-02
  0.69999998E+00  0.22000000E+00  0.51705323E-02
  0.69999998E+00  0.23999999E+00  0.54208735E-02
  0.69999998E+00  0.25999999E+00  0.56623499E-02
  0.69999998E+00  0.27999999E+00  0.58956759E-02
  0.69999998E+00  0.29999999E+00  0.61215488E-02
  0.69999998E+00  0.31999999E+00  0.63406505E-02
  0.69999998E+00  0.33999999E+00  0.65536486E-02
  0.69999998E+00  0.35999999E+00  0.67611983E-02
  0.69999998E+00  0.37999999E+00  0.69639437E-02
  0.69999998E+00  0.39999999E+00  0.71625198E-02
  0.69999998E+00  0.41999999E+00  0.73575538E-02
  0.69999998E+00  0.43999999E+00  0.75496662E-02
  0.69999998E+00  0.45999999E+00  0.77394730E-02
  0.69999998E+00  0.47999999E+00  0.79275860E-02
  0.69999998E+00  0.49999999E+00  0.81146141E-02
  0.69999998E+00  0.51999999E+00  0.83011642E-02
  0.69999998E+00  0.53999999E+00  0.84878408E-02
  0.69999998E+00  0.55999999E+00  0.86752462E-02
  0.69999998E+00  0.57999999E+00  0.88639795E-02
  0.69999998E+00  0.59999999E+00  0.90546350E-02
  0.69999998E+00  0.61999999E+00  0.92478000E-02
  0.69999998E+00  0.63999999E+00  0.94440503E-02
  0.69999998E+00  0.65999999E+00  0.96439461E-02
  0.69999998E+00  0.67999998E+00  0.98480244E-02
  0.69999998E+00  0.69999998E+00  0.10056790E-01
  0.69999998E+00  0.71999998E+00  0.10270702E-01
  0.69999998E+00  0.73999998E+00  0.10490158E-01
  0.69999998E+00  0.75999998E+00  0.10715471E-01
  0.69999998E+00  0.77999998E+00  0.10946831E-01
  0.69999998E+00  0.79999998E+00  0.11184263E-01
  0.69999998E+00  0.81999998E+00  0.11427538E-01
  0.69999998E+00  0.83999998E+00  0.11676046E-01
  0.69999998E+00  0.85999998E+00  0.11928528E-01
  0.69999998E+00  0.87999998E+00  0.12182488E-01
  0.69999998E+00  0.89999998E+00  0.12432478E-01
  0.69999998E+00  0.91999998E+00  0.12661753E-01
  0.69999998E+00  0.93999998E+00  0.12836315E-01
  0.69999998E+00  0.95999998E+00  0.13168415E-01
  0.69999998E+00  0.97999998E+00  0.13506307E-01
  0.69999998E+00  0.99999998E+00  0.13849812E-01
  0.69999998E+00  0.10200000E+01  0.14198719E-01
  0.69999998E+00  0.10400000E+01  0.14552779E-01
  0.69999998E+00  0.10600000E+01  0.14911708E-01
  0.69999998E+00  0.10800000E+01  0.15275184E-01
  0.69999998E+00  0.11000000E+01  0.15642847E-01
  0.69999998E+00  0.11200000E+01  0.16014296E-01
  0.69999998E+00  0.11400000E+01  0.16389091E-01
  0.69999998E+00  0.11600000E+01  0.16766752E-01
  0.69999998E+00  0.11800000E+01  0.17146752E-01
  0.69999998E+00  0.12000000E+01  0.17528526E-01
  0.69999998E+00  0.12200000E+01  0.17911462E-01
  0.69999998E+00  0.12400000E+01  0.18294903E-01
  0.69999998E+00  0.12600000E+01  0.18678148E-01
  0.69999998E+00  0.12800000E+01  0.19060447E-01
  0.69999998E+00  0.13000000E+01  0.19441005E-01
  0.69999998E+00  0.13200000E+01  0.19818979E-01
  0.69999998E+00  0.13400000E+01  0.20193479E-01
  0.69999998E+00  0.13600000E+01  0.20563566E-01
  0.69999998E+00  0.13800000E+01  0.20928252E-01
  0.69999998E+00  0.14000000E+01  0.21286505E-01
  0.69999998E+00  0.14200000E+01  0.21637241E-01
  0.69999998E+00  0.14400000E+01  0.21979334E-01
  0.69999998E+00  0.14600000E+01  0.22311610E-01
  0.69999998E+00  0.14800000E+01  0.22632853E-01
  0.69999998E+00  0.15000000E+01  0.22941805E-01
  0.69999998E+00  0.15200000E+01  0.23237167E-01
  0.69999998E+00  0.15400000E+01  0.23517606E-01
  0.69999998E+00  0.15600000E+01  0.23781756E-01
  0.69999998E+00  0.15800000E+01  0.24028225E-01
  0.69999998E+00  0.16000000E+01  0.24255595E-01
  0.69999998E+00  0.16200000E+01  0.24462436E-01
  0.69999998E+00  0.16400000E+01  0.24647307E-01
  0.69999998E+00  0.16600000E+01  0.24808771E-01
  0.69999998E+00  0.16800000E+01  0.24945399E-01
  0.69999998E+00  0.17000000E+01  0.25055789E-01
  0.69999998E+00  0.17200000E+01  0.25138577E-01
  0.69999998E+00  0.17400000E+01  0.25192455E-01
  0.69999998E+00  0.17600000E+01  0.25216190E-01
  0.69999998E+00  0.17800000E+01  0.25208649E-01
  0.69999998E+00  0.18000000E+01  0.25168829E-01
  0.69999998E+00  0.18200000E+01  0.25095886E-01
  0.69999998E+00  0.18400000E+01  0.24989176E-01
  0.69999998E+00  0.18600000E+01  0.24848306E-01
  0.69999998E+00  0.18800000E+01  0.24673186E-01
  0.69999998E+00  0.19000000E+01  0.24464100E-01
  0.69999998E+00  0.19200000E+01  0.24221795E-01
  0.69999998E+00  0.19400000E+01  0.23947584E-01
  0.69999998E+00  0.19600000E+01  0.23643488E-01
  0.69999998E+00  0.19800000E+01  0.23312413E-01
  0.69999998E+00  0.20000000E+01  0.22958389E-01
  0.71999998E+00  0.00000000E+00  0.17231205E-02
  0.71999998E+00  0.20000000E-01  0.21229712E-02
  0.71999998E+00  0.39999999E-01  0.25048050E-02
  0.71999998E+00  0.59999999E-01  0.28695903E-02
  0.71999998E+00  0.79999998E-01  0.32182662E-02
  0.71999998E+00  0.99999998E-01  0.35517427E-02
  0.71999998E+00  0.12000000E+00  0.38709013E-02
  0.71999998E+00  0.14000000E+00  0.41765955E-02
  0.71999998E+00  0.16000000E+00  0.44696520E-02
  0.71999998E+00  0.18000000E+00  0.47508711E-02
  0.71999998E+00  0.20000000E+00  0.50210280E-02
  0.71999998E+00  0.22000000E+00  0.52808739E-02
  0.71999998E+00  0.23999999E+00  0.55311371E-02
  0.71999998E+00  0.25999999E+00  0.57725245E-02
  0.71999998E+00  0.27999999E+00  0.60057227E-02
  0.71999998E+00  0.29999999E+00  0.62314001E-02
  0.71999998E+00  0.31999999E+00  0.64502082E-02
  0.71999998E+00  0.33999999E+00  0.66627832E-02
  0.71999998E+00  0.35999999E+00  0.68697482E-02
  0.71999998E+00  0.37999999E+00  0.70717145E-02
  0.71999998E+00  0.39999999E+00  0.72692839E-02
  0.71999998E+00  0.41999999E+00  0.74630503E-02
  0.71999998E+00  0.43999999E+00  0.76536015E-02
  0.71999998E+00  0.45999999E+00  0.78415208E-02
  0.71999998E+00  0.47999999E+00  0.80273888E-02
  0.71999998E+00  0.49999999E+00  0.82117846E-02
  0.71999998E+00  0.51999999E+00  0.83952869E-02
  0.71999998E+00  0.53999999E+00  0.85784747E-02
  0.71999998E+00  0.55999999E+00  0.87619279E-02
  0.71999998E+00  0.57999999E+00  0.89462269E-02
  0.71999998E+00  0.59999999E+00  0.91319518E-02
  0.71999998E+00  0.61999999E+00  0.93196810E-02
  0.71999998E+00  0.63999999E+00  0.95099878E-02
  0.71999998E+00  0.65999999E+00  0.97034371E-02
  0.71999998E+00  0.67999998E+00  0.99005789E-02
  0.71999998E+00  0.69999998E+00  0.10101941E-01
  0.71999998E+00  0.71999998E+00  0.10308015E-01
  0.71999998E+00  0.73999998E+00  0.10519245E-01
  0.71999998E+00  0.75999998E+00  0.10735998E-01
  0.71999998E+00  0.77999998E+00  0.10958534E-01
  0.71999998E+00  0.79999998E+00  0.11186947E-01
  0.71999998E+00  0.81999998E+00  0.11421063E-01
  0.71999998E+00  0.83999998E+00  0.11660254E-01
  0.71999998E+00  0.85999998E+00  0.11902995E-01
  0.71999998E+00  0.87999998E+00  0.12145552E-01
  0.71999998E+00  0.89999998E+00  0.12375465E-01
  0.71999998E+00  0.91999998E+00  0.12568636E-01
  0.71999998E+00  0.93999998E+00  0.12894829E-01
  0.71999998E+00  0.95999998E+00  0.13226982E-01
  0.71999998E+00  0.97999998E+00  0.13564945E-01
  0.71999998E+00  0.99999998E+00  0.13908538E-01
  0.71999998E+00  0.10200000E+01  0.14257542E-01
  0.71999998E+00  0.10400000E+01  0.14611701E-01
  0.71999998E+00  0.10600000E+01  0.14970724E-01
  0.71999998E+00  0.10800000E+01  0.15334279E-01
  0.71999998E+00  0.11000000E+01  0.15701994E-01
  0.71999998E+00  0.11200000E+01  0.16073458E-01
  0.71999998E+00  0.11400000E+01  0.16448216E-01
  0.71999998E+00  0.11600000E+01  0.16825772E-01
  0.71999998E+00  0.11800000E+01  0.17205585E-01
  0.71999998E+00  0.12000000E+01  0.17587069E-01
  0.71999998E+00  0.12200000E+01  0.17969592E-01
  0.71999998E+00  0.12400000E+01  0.18352477E-01
  0.71999998E+00  0.12600000E+01  0.18734997E-01
  0.71999998E+00  0.12800000E+01  0.19116379E-01
  0.71999998E+00  0.13000000E+01  0.19495799E-01
  0.71999998E+00  0.13200000E+01  0.19872387E-01
  0.71999998E+00  0.13400000E+01  0.20245221E-01
  0.71999998E+00  0.13600000E+01  0.20613330E-01
  0.71999998E+00  0.13800000E+01  0.20975694E-01
  0.71999998E+00  0.14000000E+01  0.21331245E-01
  0.71999998E+00  0.14200000E+01  0.21678864E-01
  0.71999998E+00  0.14400000E+01  0.22017387E-01
  0.71999998E+00  0.14600000E+01  0.22345603E-01
  0.71999998E+00  0.14800000E+01  0.22662258E-01
  0.71999998E+00  0.15000000E+01  0.22966055E-01
  0.71999998E+00  0.15200000E+01  0.23255660E-01
  0.71999998E+00  0.15400000E+01  0.23529702E-01
  0.71999998E+00  0.15600000E+01  0.23786782E-01
  0.71999998E+00  0.15800000E+01  0.24025472E-01
  0.71999998E+00  0.16000000E+01  0.24244329E-01
  0.71999998E+00  0.16200000E+01  0.24441897E-01
  0.71999998E+00  0.16400000E+01  0.24616717E-01
  0.71999998E+00  0.16600000E+01  0.24767338E-01
  0.71999998E+00  0.16800000E+01  0.24892331E-01
  0.71999998E+00  0.17000000E+01  0.24990301E-01
  0.71999998E+00  0.17200000E+01  0.25059904E-01
  0.71999998E+00  0.17400000E+01  0.25099869E-01
  0.71999998E+00  0.17600000E+01  0.25109021E-01
  0.71999998E+00  0.17800000E+01  0.25086306E-01
  0.71999998E+00  0.18000000E+01  0.25030829E-01
  0.71999998E+00  0.18200000E+01  0.24941889E-01
  0.71999998E+00  0.18400000E+01  0.24819028E-01
  0.71999998E+00  0.18600000E+01  0.24662087E-01
  0.71999998E+00  0.18800000E+01  0.24471277E-01
  0.71999998E+00  0.19000000E+01  0.24247260E-01
  0.71999998E+00  0.19200000E+01  0.23991262E-01
  0.71999998E+00  0.19400000E+01  0.23705204E-01
  0.71999998E+00  0.19600000E+01  0.23391883E-01
  0.71999998E+00  0.19800000E+01  0.23055211E-01
  0.71999998E+00  0.20000000E+01  0.22700543E-01
  0.73999998E+00  0.00000000E+00  0.18463247E-02
  0.73999998E+00  0.20000000E-01  0.22454940E-02
  0.73999998E+00  0.39999999E-01  0.26267986E-02
  0.73999998E+00  0.59999999E-01  0.29911972E-02
  0.73999998E+00  0.79999998E-01  0.33396165E-02
  0.73999998E+00  0.99999998E-01  0.36729517E-02
  0.73999998E+00  0.12000000E+00  0.39920674E-02
  0.73999998E+00  0.14000000E+00  0.42977979E-02
  0.73999998E+00  0.16000000E+00  0.45909483E-02
  0.73999998E+00  0.18000000E+00  0.48722957E-02
  0.73999998E+00  0.20000000E+00  0.51425896E-02
  0.73999998E+00  0.22000000E+00  0.54025540E-02
  0.73999998E+00  0.23999999E+00  0.56528879E-02
  0.73999998E+00  0.25999999E+00  0.58942674E-02
  0.73999998E+00  0.27999999E+00  0.61273471E-02
  0.73999998E+00  0.29999999E+00  0.63527616E-02
  0.73999998E+00  0.31999999E+00  0.65711277E-02
  0.73999998E+00  0.33999999E+00  0.67830462E-02
  0.73999998E+00  0.35999999E+00  0.69891040E-02
  0.73999998E+00  0.37999999E+00  0.71898759E-02
  0.73999998E+00  0.39999999E+00  0.73859274E-02
  0.73999998E+00  0.41999999E+00  0.75778163E-02
  0.73999998E+00  0.43999999E+00  0.77660951E-02
  0.73999998E+00  0.45999999E+00  0.79513133E-02
  0.73999998E+00  0.47999999E+00  0.81340194E-02
  0.73999998E+00  0.49999999E+00  0.83147628E-02
  0.73999998E+00  0.51999999E+00  0.84940956E-02
  0.73999998E+00  0.53999999E+00  0.86725745E-02
  0.73999998E+00  0.55999999E+00  0.88507612E-02
  0.73999998E+00  0.57999999E+00  0.90292242E-02
  0.73999998E+00  0.59999999E+00  0.92085385E-02
  0.73999998E+00  0.61999999E+00  0.93892852E-02
  0.73999998E+00  0.63999999E+00  0.95720507E-02
  0.73999998E+00  0.65999999E+00  0.97574239E-02
  0.73999998E+00  0.67999998E+00  0.99459924E-02
  0.73999998E+00  0.69999998E+00  0.10138337E-01
  0.73999998E+00  0.71999998E+00  0.10335022E-01
  0.73999998E+00  0.73999998E+00  0.10536584E-01
  0.73999998E+00  0.75999998E+00  0.10743506E-01
  0.73999998E+00  0.77999998E+00  0.10956189E-01
  0.73999998E+00  0.79999998E+00  0.11174882E-01
  0.73999998E+00  0.81999998E+00  0.11399562E-01
  0.73999998E+00  0.83999998E+00  0.11629627E-01
  0.73999998E+00  0.85999998E+00  0.11862962E-01
  0.73999998E+00  0.87999998E+00  0.12091072E-01
  0.73999998E+00  0.89999998E+00  0.12299159E-01
  0.73999998E+00  0.91999998E+00  0.12619156E-01
  0.73999998E+00  0.93999998E+00  0.12945246E-01
  0.73999998E+00  0.95999998E+00  0.13277315E-01
  0.73999998E+00  0.97999998E+00  0.13615208E-01
  0.73999998E+00  0.99999998E+00  0.13958740E-01
  0.73999998E+00  0.10200000E+01  0.14307686E-01
  0.73999998E+00  0.10400000E+01  0.14661783E-01
  0.73999998E+00  0.10600000E+01  0.15020730E-01
  0.73999998E+00  0.10800000E+01  0.15384187E-01
  0.73999998E+00  0.11000000E+01  0.15751770E-01
  0.73999998E+00  0.11200000E+01  0.16123056E-01
  0.73999998E+00  0.11400000E+01  0.16497575E-01
  0.73999998E+00  0.11600000E+01  0.16874816E-01
  0.73999998E+00  0.11800000E+01  0.17254221E-01
  0.73999998E+00  0.12000000E+01  0.17635184E-01
  0.73999998E+00  0.12200000E+01  0.18017055E-01
  0.73999998E+00  0.12400000E+01  0.18399132E-01
  0.73999998E+00  0.12600000E+01  0.18780666E-01
  0.73999998E+00  0.12800000E+01  0.19160857E-01
  0.73999998E+00  0.13000000E+01  0.19538857E-01
  0.73999998E+00  0.13200000E+01  0.19913764E-01
  0.73999998E+00  0.13400000E+01  0.20284626E-01
  0.73999998E+00  0.13600000E+01  0.20650442E-01
  0.73999998E+00  0.13800000E+01  0.21010158E-01
  0.73999998E+00  0.14000000E+01  0.21362671E-01
  0.73999998E+00  0.14200000E+01  0.21706828E-01
  0.73999998E+00  0.14400000E+01  0.22041428E-01
  0.73999998E+00  0.14600000E+01  0.22365226E-01
  0.73999998E+00  0.14800000E+01  0.22676928E-01
  0.73999998E+00  0.15000000E+01  0.22975205E-01
  0.73999998E+00  0.15200000E+01  0.23258685E-01
  0.73999998E+00  0.15400000E+01  0.23525967E-01
  0.73999998E+00  0.15600000E+01  0.23775617E-01
  0.73999998E+00  0.15800000E+01  0.24006183E-01
  0.73999998E+00  0.16000000E+01  0.24216197E-01
  0.73999998E+00  0.16200000E+01  0.24404184E-01
  0.73999998E+00  0.16400000E+01  0.24568676E-01
  0.73999998E+00  0.16600000E+01  0.24708218E-01
  0.73999998E+00  0.16800000E+01  0.24821390E-01
  0.73999998E+00  0.17000000E+01  0.24906816E-01
  0.73999998E+00  0.17200000E+01  0.24963189E-01
  0.73999998E+00  0.17400000E+01  0.24989293E-01
  0.73999998E+00  0.17600000E+01  0.24984031E-01
  0.73999998E+00  0.17800000E+01  0.24946456E-01
  0.73999998E+00  0.18000000E+01  0.24875810E-01
  0.73999998E+00  0.18200000E+01  0.24771574E-01
  0.73999998E+00  0.18400000E+01  0.24633520E-01
  0.73999998E+00  0.18600000E+01  0.24461782E-01
  0.73999998E+00  0.18800000E+01  0.24256940E-01
  0.73999998E+00  0.19000000E+01  0.24020125E-01
  0.73999998E+00  0.19200000E+01  0.23753155E-01
  0.73999998E+00  0.19400000E+01  0.23458713E-01
  0.73999998E+00  0.19600000E+01  0.23140577E-01
  0.73999998E+00  0.19800000E+01  0.22803955E-01
  0.73999998E+00  0.20000000E+01  0.22455962E-01
  0.75999998E+00  0.00000000E+00  0.19763686E-02
  0.75999998E+00  0.20000000E-01  0.23754456E-02
  0.75999998E+00  0.39999999E-01  0.27567838E-02
  0.75999998E+00  0.59999999E-01  0.31213275E-02
  0.75999998E+00  0.79999998E-01  0.34699870E-02
  0.75999998E+00  0.99999998E-01  0.38036384E-02
  0.75999998E+00  0.12000000E+00  0.41231249E-02
  0.75999998E+00  0.14000000E+00  0.44292572E-02
  0.75999998E+00  0.16000000E+00  0.47228144E-02
  0.75999998E+00  0.18000000E+00  0.50045454E-02
  0.75999998E+00  0.20000000E+00  0.52751697E-02
  0.75999998E+00  0.22000000E+00  0.55353792E-02
  0.75999998E+00  0.23999999E+00  0.57858392E-02
  0.75999998E+00  0.25999999E+00  0.60271904E-02
  0.75999998E+00  0.27999999E+00  0.62600504E-02
  0.75999998E+00  0.29999999E+00  0.64850160E-02
  0.75999998E+00  0.31999999E+00  0.67026651E-02
  0.75999998E+00  0.33999999E+00  0.69135590E-02
  0.75999998E+00  0.35999999E+00  0.71182447E-02
  0.75999998E+00  0.37999999E+00  0.73172576E-02
  0.75999998E+00  0.39999999E+00  0.75111237E-02
  0.75999998E+00  0.41999999E+00  0.77003628E-02
  0.75999998E+00  0.43999999E+00  0.78854909E-02
  0.75999998E+00  0.45999999E+00  0.80670231E-02
  0.75999998E+00  0.47999999E+00  0.82454765E-02
  0.75999998E+00  0.49999999E+00  0.84213728E-02
  0.75999998E+00  0.51999999E+00  0.85952413E-02
  0.75999998E+00  0.53999999E+00  0.87676213E-02
  0.75999998E+00  0.55999999E+00  0.89390645E-02
  0.75999998E+00  0.57999999E+00  0.91101376E-02
  0.75999998E+00  0.59999999E+00  0.92814240E-02
  0.75999998E+00  0.61999999E+00  0.94535252E-02
  0.75999998E+00  0.63999999E+00  0.96270626E-02
  0.75999998E+00  0.65999999E+00  0.98026772E-02
  0.75999998E+00  0.67999998E+00  0.99810299E-02
  0.75999998E+00  0.69999998E+00  0.10162799E-01
  0.75999998E+00  0.71999998E+00  0.10348678E-01
  0.75999998E+00  0.73999998E+00  0.10539365E-01
  0.75999998E+00  0.75999998E+00  0.10735554E-01
  0.75999998E+00  0.77999998E+00  0.10937901E-01
  0.75999998E+00  0.79999998E+00  0.11146960E-01
  0.75999998E+00  0.81999998E+00  0.11363011E-01
  0.75999998E+00  0.83999998E+00  0.11585465E-01
  0.75999998E+00  0.85999998E+00  0.11809488E-01
  0.75999998E+00  0.87999998E+00  0.12029003E-01
  0.75999998E+00  0.89999998E+00  0.12342556E-01
  0.75999998E+00  0.91999998E+00  0.12662307E-01
  0.75999998E+00  0.93999998E+00  0.12988168E-01
  0.75999998E+00  0.95999998E+00  0.13320020E-01
  0.75999998E+00  0.97999998E+00  0.13657706E-01
  0.75999998E+00  0.99999998E+00  0.14001033E-01
  0.75999998E+00  0.10200000E+01  0.14349770E-01
  0.75999998E+00  0.10400000E+01  0.14703648E-01
  0.75999998E+00  0.10600000E+01  0.15062355E-01
  0.75999998E+00  0.10800000E+01  0.15425542E-01
  0.75999998E+00  0.11000000E+01  0.15792813E-01
  0.75999998E+00  0.11200000E+01  0.16163732E-01
  0.75999998E+00  0.11400000E+01  0.16537816E-01
  0.75999998E+00  0.11600000E+01  0.16914536E-01
  0.75999998E+00  0.11800000E+01  0.17293317E-01
  0.75999998E+00  0.12000000E+01  0.17673535E-01
  0.75999998E+00  0.12200000E+01  0.18054518E-01
  0.75999998E+00  0.12400000E+01  0.18435543E-01
  0.75999998E+00  0.12600000E+01  0.18815836E-01
  0.75999998E+00  0.12800000E+01  0.19194573E-01
  0.75999998E+00  0.13000000E+01  0.19570876E-01
  0.75999998E+00  0.13200000E+01  0.19943817E-01
  0.75999998E+00  0.13400000E+01  0.20312414E-01
  0.75999998E+00  0.13600000E+01  0.20675632E-01
  0.75999998E+00  0.13800000E+01  0.21032387E-01
  0.75999998E+00  0.14000000E+01  0.21381542E-01
  0.75999998E+00  0.14200000E+01  0.21721909E-01
  0.75999998E+00  0.14400000E+01  0.22052253E-01
  0.75999998E+00  0.14600000E+01  0.22371294E-01
  0.75999998E+00  0.14800000E+01  0.22677705E-01
  0.75999998E+00  0.15000000E+01  0.22970122E-01
  0.75999998E+00  0.15200000E+01  0.23247142E-01
  0.75999998E+00  0.15400000E+01  0.23507334E-01
  0.75999998E+00  0.15600000E+01  0.23749238E-01
  0.75999998E+00  0.15800000E+01  0.23971380E-01
  0.75999998E+00  0.16000000E+01  0.24172274E-01
  0.75999998E+00  0.16200000E+01  0.24350434E-01
  0.75999998E+00  0.16400000E+01  0.24504390E-01
  0.75999998E+00  0.16600000E+01  0.24632696E-01
  0.75999998E+00  0.16800000E+01  0.24733950E-01
  0.75999998E+00  0.17000000E+01  0.24806812E-01
  0.75999998E+00  0.17200000E+01  0.24850030E-01
  0.75999998E+00  0.17400000E+01  0.24862463E-01
  0.75999998E+00  0.17600000E+01  0.24843117E-01
  0.75999998E+00  0.17800000E+01  0.24791179E-01
  0.75999998E+00  0.18000000E+01  0.24706069E-01
  0.75999998E+00  0.18200000E+01  0.24587491E-01
  0.75999998E+00  0.18400000E+01  0.24435502E-01
  0.75999998E+00  0.18600000E+01  0.24250596E-01
  0.75999998E+00  0.18800000E+01  0.24033808E-01
  0.75999998E+00  0.19000000E+01  0.23786849E-01
  0.75999998E+00  0.19200000E+01  0.23512277E-01
  0.75999998E+00  0.19400000E+01  0.23213732E-01
  0.75999998E+00  0.19600000E+01  0.22896257E-01
  0.75999998E+00  0.19800000E+01  0.22566774E-01
  0.75999998E+00  0.20000000E+01  0.22234818E-01
  0.77999998E+00  0.00000000E+00  0.21135244E-02
  0.77999998E+00  0.20000000E-01  0.25130823E-02
  0.77999998E+00  0.39999999E-01  0.28949927E-02
  0.77999998E+00  0.59999999E-01  0.32601817E-02
  0.77999998E+00  0.79999998E-01  0.36095387E-02
  0.77999998E+00  0.99999998E-01  0.39439163E-02
  0.77999998E+00  0.12000000E+00  0.42641320E-02
  0.77999998E+00  0.14000000E+00  0.45709679E-02
  0.77999998E+00  0.16000000E+00  0.48651729E-02
  0.77999998E+00  0.18000000E+00  0.51474628E-02
  0.77999998E+00  0.20000000E+00  0.54185226E-02
  0.77999998E+00  0.22000000E+00  0.56790070E-02
  0.77999998E+00  0.23999999E+00  0.59295432E-02
  0.77999998E+00  0.25999999E+00  0.61707317E-02
  0.77999998E+00  0.27999999E+00  0.64031489E-02
  0.77999998E+00  0.29999999E+00  0.66273495E-02
  0.77999998E+00  0.31999999E+00  0.68438684E-02
  0.77999998E+00  0.33999999E+00  0.70532239E-02
  0.77999998E+00  0.35999999E+00  0.72559199E-02
  0.77999998E+00  0.37999999E+00  0.74524493E-02
  0.77999998E+00  0.39999999E+00  0.76432974E-02
  0.77999998E+00  0.41999999E+00  0.78289443E-02
  0.77999998E+00  0.43999999E+00  0.80098696E-02
  0.77999998E+00  0.45999999E+00  0.81865549E-02
  0.77999998E+00  0.47999999E+00  0.83594885E-02
  0.77999998E+00  0.49999999E+00  0.85291687E-02
  0.77999998E+00  0.51999999E+00  0.86961080E-02
  0.77999998E+00  0.53999999E+00  0.88608372E-02
  0.77999998E+00  0.55999999E+00  0.90239095E-02
  0.77999998E+00  0.57999999E+00  0.91859052E-02
  0.77999998E+00  0.59999999E+00  0.93474355E-02
  0.77999998E+00  0.61999999E+00  0.95091475E-02
  0.77999998E+00  0.63999999E+00  0.96717289E-02
  0.77999998E+00  0.65999999E+00  0.98359130E-02
  0.77999998E+00  0.67999998E+00  0.10002484E-01
  0.77999998E+00  0.69999998E+00  0.10172283E-01
  0.77999998E+00  0.71999998E+00  0.10346213E-01
  0.77999998E+00  0.73999998E+00  0.10525248E-01
  0.77999998E+00  0.75999998E+00  0.10710433E-01
  0.77999998E+00  0.77999998E+00  0.10902876E-01
  0.77999998E+00  0.79999998E+00  0.11103698E-01
  0.77999998E+00  0.81999998E+00  0.11313748E-01
  0.77999998E+00  0.83999998E+00  0.11531560E-01
  0.77999998E+00  0.85999998E+00  0.11759234E-01
  0.77999998E+00  0.87999998E+00  0.12066144E-01
  0.77999998E+00  0.89999998E+00  0.12379320E-01
  0.77999998E+00  0.91999998E+00  0.12698707E-01
  0.77999998E+00  0.93999998E+00  0.13024217E-01
  0.77999998E+00  0.95999998E+00  0.13355725E-01
  0.77999998E+00  0.97999998E+00  0.13693069E-01
  0.77999998E+00  0.99999998E+00  0.14036051E-01
  0.77999998E+00  0.10200000E+01  0.14384434E-01
  0.77999998E+00  0.10400000E+01  0.14737938E-01
  0.77999998E+00  0.10600000E+01  0.15096246E-01
  0.77999998E+00  0.10800000E+01  0.15458994E-01
  0.77999998E+00  0.11000000E+01  0.15825778E-01
  0.77999998E+00  0.11200000E+01  0.16196146E-01
  0.77999998E+00  0.11400000E+01  0.16569602E-01
  0.77999998E+00  0.11600000E+01  0.16945599E-01
  0.77999998E+00  0.11800000E+01  0.17323547E-01
  0.77999998E+00  0.12000000E+01  0.17702801E-01
  0.77999998E+00  0.12200000E+01  0.18082668E-01
  0.77999998E+00  0.12400000E+01  0.18462403E-01
  0.77999998E+00  0.12600000E+01  0.18841208E-01
  0.77999998E+00  0.12800000E+01  0.19218233E-01
  0.77999998E+00  0.13000000E+01  0.19592575E-01
  0.77999998E+00  0.13200000E+01  0.19963275E-01
  0.77999998E+00  0.13400000E+01  0.20329322E-01
  0.77999998E+00  0.13600000E+01  0.20689652E-01
  0.77999998E+00  0.13800000E+01  0.21043148E-01
  0.77999998E+00  0.14000000E+01  0.21388639E-01
  0.77999998E+00  0.14200000E+01  0.21724907E-01
  0.77999998E+00  0.14400000E+01  0.22050684E-01
  0.77999998E+00  0.14600000E+01  0.22364655E-01
  0.77999998E+00  0.14800000E+01  0.22665462E-01
  0.77999998E+00  0.15000000E+01  0.22951712E-01
  0.77999998E+00  0.15200000E+01  0.23221973E-01
  0.77999998E+00  0.15400000E+01  0.23474787E-01
  0.77999998E+00  0.15600000E+01  0.23708676E-01
  0.77999998E+00  0.15800000E+01  0.23922146E-01
  0.77999998E+00  0.16000000E+01  0.24113702E-01
  0.77999998E+00  0.16200000E+01  0.24281858E-01
  0.77999998E+00  0.16400000E+01  0.24425148E-01
  0.77999998E+00  0.16600000E+01  0.24542149E-01
  0.77999998E+00  0.16800000E+01  0.24631490E-01
  0.77999998E+00  0.17000000E+01  0.24691887E-01
  0.77999998E+00  0.17200000E+01  0.24722158E-01
  0.77999998E+00  0.17400000E+01  0.24721264E-01
  0.77999998E+00  0.17600000E+01  0.24688340E-01
  0.77999998E+00  0.17800000E+01  0.24622746E-01
  0.77999998E+00  0.18000000E+01  0.24524118E-01
  0.77999998E+00  0.18200000E+01  0.24392436E-01
  0.77999998E+00  0.18400000E+01  0.24228107E-01
  0.77999998E+00  0.18600000E+01  0.24032069E-01
  0.77999998E+00  0.18800000E+01  0.23805917E-01
  0.77999998E+00  0.19000000E+01  0.23552082E-01
  0.77999998E+00  0.19200000E+01  0.23274051E-01
  0.77999998E+00  0.19400000E+01  0.22976694E-01
  0.77999998E+00  0.19600000E+01  0.22666721E-01
  0.77999998E+00  0.19800000E+01  0.22353405E-01
  0.77999998E+00  0.20000000E+01  0.22049809E-01
  0.79999998E+00  0.00000000E+00  0.22580356E-02
  0.79999998E+00  0.20000000E-01  0.26586199E-02
  0.79999998E+00  0.39999999E-01  0.30416058E-02
  0.79999998E+00  0.59999999E-01  0.34078971E-02
  0.79999998E+00  0.79999998E-01  0.37583578E-02
  0.79999998E+00  0.99999998E-01  0.40938127E-02
  0.79999998E+00  0.12000000E+00  0.44150486E-02
  0.79999998E+00  0.14000000E+00  0.47228149E-02
  0.79999998E+00  0.16000000E+00  0.50178250E-02
  0.79999998E+00  0.18000000E+00  0.53007573E-02
  0.79999998E+00  0.20000000E+00  0.55722570E-02
  0.79999998E+00  0.22000000E+00  0.58329375E-02
  0.79999998E+00  0.23999999E+00  0.60833827E-02
  0.79999998E+00  0.25999999E+00  0.63241487E-02
  0.79999998E+00  0.27999999E+00  0.65557664E-02
  0.79999998E+00  0.29999999E+00  0.67787443E-02
  0.79999998E+00  0.31999999E+00  0.69935707E-02
  0.79999998E+00  0.33999999E+00  0.72007176E-02
  0.79999998E+00  0.35999999E+00  0.74006434E-02
  0.79999998E+00  0.37999999E+00  0.75937969E-02
  0.79999998E+00  0.39999999E+00  0.77806211E-02
  0.79999998E+00  0.41999999E+00  0.79615572E-02
  0.79999998E+00  0.43999999E+00  0.81370493E-02
  0.79999998E+00  0.45999999E+00  0.83075489E-02
  0.79999998E+00  0.47999999E+00  0.84735200E-02
  0.79999998E+00  0.49999999E+00  0.86354447E-02
  0.79999998E+00  0.51999999E+00  0.87938284E-02
  0.79999998E+00  0.53999999E+00  0.89492065E-02
  0.79999998E+00  0.55999999E+00  0.91021507E-02
  0.79999998E+00  0.57999999E+00  0.92532762E-02
  0.79999998E+00  0.59999999E+00  0.94032499E-02
  0.79999998E+00  0.61999999E+00  0.95527994E-02
  0.79999998E+00  0.63999999E+00  0.97027230E-02
  0.79999998E+00  0.65999999E+00  0.98539025E-02
  0.79999998E+00  0.67999998E+00  0.10007318E-01
  0.79999998E+00  0.69999998E+00  0.10164068E-01
  0.79999998E+00  0.71999998E+00  0.10325392E-01
  0.79999998E+00  0.73999998E+00  0.10492709E-01
  0.79999998E+00  0.75999998E+00  0.10667659E-01
  0.79999998E+00  0.77999998E+00  0.10852162E-01
  0.79999998E+00  0.79999998E+00  0.11048421E-01
  0.79999998E+00  0.81999998E+00  0.11258070E-01
  0.79999998E+00  0.83999998E+00  0.11490867E-01
  0.79999998E+00  0.85999998E+00  0.11790977E-01
  0.79999998E+00  0.87999998E+00  0.12097389E-01
  0.79999998E+00  0.89999998E+00  0.12410078E-01
  0.79999998E+00  0.91999998E+00  0.12728989E-01
  0.79999998E+00  0.93999998E+00  0.13054028E-01
  0.79999998E+00  0.95999998E+00  0.13385067E-01
  0.79999998E+00  0.97999998E+00  0.13721939E-01
  0.79999998E+00  0.99999998E+00  0.14064440E-01
  0.79999998E+00  0.10200000E+01  0.14412325E-01
  0.79999998E+00  0.10400000E+01  0.14765307E-01
  0.79999998E+00  0.10600000E+01  0.15123057E-01
  0.79999998E+00  0.10800000E+01  0.15485203E-01
  0.79999998E+00  0.11000000E+01  0.15851327E-01
  0.79999998E+00  0.11200000E+01  0.16220965E-01
  0.79999998E+00  0.11400000E+01  0.16593604E-01
  0.79999998E+00  0.11600000E+01  0.16968683E-01
  0.79999998E+00  0.11800000E+01  0.17345592E-01
  0.79999998E+00  0.12000000E+01  0.17723668E-01
  0.79999998E+00  0.12200000E+01  0.18102197E-01
  0.79999998E+00  0.12400000E+01  0.18480411E-01
  0.79999998E+00  0.12600000E+01  0.18857489E-01
  0.79999998E+00  0.12800000E+01  0.19232555E-01
  0.79999998E+00  0.13000000E+01  0.19604678E-01
  0.79999998E+00  0.13200000E+01  0.19972874E-01
  0.79999998E+00  0.13400000E+01  0.20336102E-01
  0.79999998E+00  0.13600000E+01  0.20693268E-01
  0.79999998E+00  0.13800000E+01  0.21043223E-01
  0.79999998E+00  0.14000000E+01  0.21384767E-01
  0.79999998E+00  0.14200000E+01  0.21716649E-01
  0.79999998E+00  0.14400000E+01  0.22037570E-01
  0.79999998E+00  0.14600000E+01  0.22346185E-01
  0.79999998E+00  0.14800000E+01  0.22641109E-01
  0.79999998E+00  0.15000000E+01  0.22920920E-01
  0.79999998E+00  0.15200000E+01  0.23184162E-01
  0.79999998E+00  0.15400000E+01  0.23429358E-01
  0.79999998E+00  0.15600000E+01  0.23655012E-01
  0.79999998E+00  0.15800000E+01  0.23859622E-01
  0.79999998E+00  0.16000000E+01  0.24041692E-01
  0.79999998E+00  0.16200000E+01  0.24199741E-01
  0.79999998E+00  0.16400000E+01  0.24332324E-01
  0.79999998E+00  0.16600000E+01  0.24438049E-01
  0.79999998E+00  0.16800000E+01  0.24515598E-01
  0.79999998E+00  0.17000000E+01  0.24563755E-01
  0.79999998E+00  0.17200000E+01  0.24581437E-01
  0.79999998E+00  0.17400000E+01  0.24567730E-01
  0.79999998E+00  0.17600000E+01  0.24521934E-01
  0.79999998E+00  0.17800000E+01  0.24443620E-01
  0.79999998E+00  0.18000000E+01  0.24332691E-01
  0.79999998E+00  0.18200000E+01  0.24189465E-01
  0.79999998E+00  0.18400000E+01  0.24014777E-01
  0.79999998E+00  0.18600000E+01  0.23810108E-01
  0.79999998E+00  0.18800000E+01  0.23577751E-01
  0.79999998E+00  0.19000000E+01  0.23321035E-01
  0.79999998E+00  0.19200000E+01  0.23044639E-01
  0.79999998E+00  0.19400000E+01  0.22755045E-01
  0.79999998E+00  0.19600000E+01  0.22461239E-01
  0.79999998E+00  0.19800000E+01  0.22175909E-01
  0.79999998E+00  0.20000000E+01  0.21917760E-01
  0.81999998E+00  0.00000000E+00  0.24101091E-02
  0.81999998E+00  0.20000000E-01  0.28122260E-02
  0.81999998E+00  0.39999999E-01  0.31967439E-02
  0.81999998E+00  0.59999999E-01  0.35645397E-02
  0.81999998E+00  0.79999998E-01  0.39164477E-02
  0.81999998E+00  0.99999998E-01  0.42532601E-02
  0.81999998E+00  0.12000000E+00  0.45757286E-02
  0.81999998E+00  0.14000000E+00  0.48845649E-02
  0.81999998E+00  0.16000000E+00  0.51804421E-02
  0.81999998E+00  0.18000000E+00  0.54639962E-02
  0.81999998E+00  0.20000000E+00  0.57358281E-02
  0.81999998E+00  0.22000000E+00  0.59965051E-02
  0.81999998E+00  0.23999999E+00  0.62465632E-02
  0.81999998E+00  0.25999999E+00  0.64865098E-02
  0.81999998E+00  0.27999999E+00  0.67168262E-02
  0.81999998E+00  0.29999999E+00  0.69379710E-02
  0.81999998E+00  0.31999999E+00  0.71503830E-02
  0.81999998E+00  0.33999999E+00  0.73544853E-02
  0.81999998E+00  0.35999999E+00  0.75506891E-02
  0.81999998E+00  0.37999999E+00  0.77393982E-02
  0.81999998E+00  0.39999999E+00  0.79210138E-02
  0.81999998E+00  0.41999999E+00  0.80959400E-02
  0.81999998E+00  0.43999999E+00  0.82645888E-02
  0.81999998E+00  0.45999999E+00  0.84273870E-02
  0.81999998E+00  0.47999999E+00  0.85847824E-02
  0.81999998E+00  0.49999999E+00  0.87372514E-02
  0.81999998E+00  0.51999999E+00  0.88853068E-02
  0.81999998E+00  0.53999999E+00  0.90295071E-02
  0.81999998E+00  0.55999999E+00  0.91704661E-02
  0.81999998E+00  0.57999999E+00  0.93088645E-02
  0.81999998E+00  0.59999999E+00  0.94454631E-02
  0.81999998E+00  0.61999999E+00  0.95811184E-02
  0.81999998E+00  0.63999999E+00  0.97168020E-02
  0.81999998E+00  0.65999999E+00  0.98536247E-02
  0.81999998E+00  0.67999998E+00  0.99928680E-02
  0.81999998E+00  0.69999998E+00  0.10136029E-01
  0.81999998E+00  0.71999998E+00  0.10284882E-01
  0.81999998E+00  0.73999998E+00  0.10441577E-01
  0.81999998E+00  0.75999998E+00  0.10608797E-01
  0.81999998E+00  0.77999998E+00  0.10790023E-01
  0.81999998E+00  0.79999998E+00  0.10989729E-01
  0.81999998E+00  0.81999998E+00  0.11224853E-01
  0.81999998E+00  0.83999998E+00  0.11518053E-01
  0.81999998E+00  0.85999998E+00  0.11817555E-01
  0.81999998E+00  0.87999998E+00  0.12123367E-01
  0.81999998E+00  0.89999998E+00  0.12435465E-01
  0.81999998E+00  0.91999998E+00  0.12753788E-01
  0.81999998E+00  0.93999998E+00  0.13078240E-01
  0.81999998E+00  0.95999998E+00  0.13408689E-01
  0.81999998E+00  0.97999998E+00  0.13744962E-01
  0.81999998E+00  0.99999998E+00  0.14086848E-01
  0.81999998E+00  0.10200000E+01  0.14434095E-01
  0.81999998E+00  0.10400000E+01  0.14786407E-01
  0.81999998E+00  0.10600000E+01  0.15143447E-01
  0.81999998E+00  0.10800000E+01  0.15504829E-01
  0.81999998E+00  0.11000000E+01  0.15870125E-01
  0.81999998E+00  0.11200000E+01  0.16238856E-01
  0.81999998E+00  0.11400000E+01  0.16610494E-01
  0.81999998E+00  0.11600000E+01  0.16984464E-01
  0.81999998E+00  0.11800000E+01  0.17360134E-01
  0.81999998E+00  0.12000000E+01  0.17736825E-01
  0.81999998E+00  0.12200000E+01  0.18113800E-01
  0.81999998E+00  0.12400000E+01  0.18490270E-01
  0.81999998E+00  0.12600000E+01  0.18865389E-01
  0.81999998E+00  0.12800000E+01  0.19238259E-01
  0.81999998E+00  0.13000000E+01  0.19607920E-01
  0.81999998E+00  0.13200000E+01  0.19973362E-01
  0.81999998E+00  0.13400000E+01  0.20333516E-01
  0.81999998E+00  0.13600000E+01  0.20687257E-01
  0.81999998E+00  0.13800000E+01  0.21033409E-01
  0.81999998E+00  0.14000000E+01  0.21370742E-01
  0.81999998E+00  0.14200000E+01  0.21697975E-01
  0.81999998E+00  0.14400000E+01  0.22013781E-01
  0.81999998E+00  0.14600000E+01  0.22316788E-01
  0.81999998E+00  0.14800000E+01  0.22605585E-01
  0.81999998E+00  0.15000000E+01  0.22878725E-01
  0.81999998E+00  0.15200000E+01  0.23134736E-01
  0.81999998E+00  0.15400000E+01  0.23372124E-01
  0.81999998E+00  0.15600000E+01  0.23589384E-01
  0.81999998E+00  0.15800000E+01  0.23785013E-01
  0.81999998E+00  0.16000000E+01  0.23957522E-01
  0.81999998E+00  0.16200000E+01  0.24105447E-01
  0.81999998E+00  0.16400000E+01  0.24227377E-01
  0.81999998E+00  0.16600000E+01  0.24321967E-01
  0.81999998E+00  0.16800000E+01  0.24387968E-01
  0.81999998E+00  0.17000000E+01  0.24424256E-01
  0.81999998E+00  0.17200000E+01  0.24429869E-01
  0.81999998E+00  0.17400000E+01  0.24404054E-01
  0.81999998E+00  0.17600000E+01  0.24346312E-01
  0.81999998E+00  0.17800000E+01  0.24256471E-01
  0.81999998E+00  0.18000000E+01  0.24134760E-01
  0.81999998E+00  0.18200000E+01  0.23981910E-01
  0.81999998E+00  0.18400000E+01  0.23799281E-01
  0.81999998E+00  0.18600000E+01  0.23589023E-01
  0.81999998E+00  0.18800000E+01  0.23354299E-01
  0.81999998E+00  0.19000000E+01  0.23099584E-01
  0.81999998E+00  0.19200000E+01  0.22831113E-01
  0.81999998E+00  0.19400000E+01  0.22557560E-01
  0.81999998E+00  0.19600000E+01  0.22291198E-01
  0.81999998E+00  0.19800000E+01  0.22050138E-01
  0.81999998E+00  0.20000000E+01  0.21863741E-01
  0.83999998E+00  0.00000000E+00  0.25699073E-02
  0.83999998E+00  0.20000000E-01  0.29740122E-02
  0.83999998E+00  0.39999999E-01  0.33604600E-02
  0.83999998E+00  0.59999999E-01  0.37300963E-02
  0.83999998E+00  0.79999998E-01  0.40837207E-02
  0.83999998E+00  0.99999998E-01  0.44220886E-02
  0.83999998E+00  0.12000000E+00  0.47459114E-02
  0.83999998E+00  0.14000000E+00  0.50558581E-02
  0.83999998E+00  0.16000000E+00  0.53525570E-02
  0.83999998E+00  0.18000000E+00  0.56365968E-02
  0.83999998E+00  0.20000000E+00  0.59085290E-02
  0.83999998E+00  0.22000000E+00  0.61688702E-02
  0.83999998E+00  0.23999999E+00  0.64181044E-02
  0.83999998E+00  0.25999999E+00  0.66566862E-02
  0.83999998E+00  0.27999999E+00  0.68850436E-02
  0.83999998E+00  0.29999999E+00  0.71035821E-02
  0.83999998E+00  0.31999999E+00  0.73126887E-02
  0.83999998E+00  0.33999999E+00  0.75127358E-02
  0.83999998E+00  0.35999999E+00  0.77040869E-02
  0.83999998E+00  0.37999999E+00  0.78871015E-02
  0.83999998E+00  0.39999999E+00  0.80621414E-02
  0.83999998E+00  0.41999999E+00  0.82295769E-02
  0.83999998E+00  0.43999999E+00  0.83897945E-02
  0.83999998E+00  0.45999999E+00  0.85432048E-02
  0.83999998E+00  0.47999999E+00  0.86902511E-02
  0.83999998E+00  0.49999999E+00  0.88314198E-02
  0.83999998E+00  0.51999999E+00  0.89672513E-02
  0.83999998E+00  0.53999999E+00  0.90983529E-02
  0.83999998E+00  0.55999999E+00  0.92254135E-02
  0.83999998E+00  0.57999999E+00  0.93492211E-02
  0.83999998E+00  0.59999999E+00  0.94706834E-02
  0.83999998E+00  0.61999999E+00  0.95908542E-02
  0.83999998E+00  0.63999999E+00  0.97109662E-02
  0.83999998E+00  0.65999999E+00  0.98324755E-02
  0.83999998E+00  0.67999998E+00  0.99571230E-02
  0.83999998E+00  0.69999998E+00  0.10087026E-01
  0.83999998E+00  0.71999998E+00  0.10224822E-01
  0.83999998E+00  0.73999998E+00  0.10373924E-01
  0.83999998E+00  0.75999998E+00  0.10539016E-01
  0.83999998E+00  0.77999998E+00  0.10727178E-01
  0.83999998E+00  0.79999998E+00  0.10962083E-01
  0.83999998E+00  0.81999998E+00  0.11248305E-01
  0.83999998E+00  0.83999998E+00  0.11540795E-01
  0.83999998E+00  0.85999998E+00  0.11839594E-01
  0.83999998E+00  0.87999998E+00  0.12144709E-01
  0.83999998E+00  0.89999998E+00  0.12456112E-01
  0.83999998E+00  0.91999998E+00  0.12773739E-01
  0.83999998E+00  0.93999998E+00  0.13097492E-01
  0.83999998E+00  0.95999998E+00  0.13427231E-01
  0.83999998E+00  0.97999998E+00  0.13762780E-01
  0.83999998E+00  0.99999998E+00  0.14103920E-01
  0.83999998E+00  0.10200000E+01  0.14450391E-01
  0.83999998E+00  0.10400000E+01  0.14801889E-01
  0.83999998E+00  0.10600000E+01  0.15158066E-01
  0.83999998E+00  0.10800000E+01  0.15518527E-01
  0.83999998E+00  0.11000000E+01  0.15882830E-01
  0.83999998E+00  0.11200000E+01  0.16250481E-01
  0.83999998E+00  0.11400000E+01  0.16620940E-01
  0.83999998E+00  0.11600000E+01  0.16993612E-01
  0.83999998E+00  0.11800000E+01  0.17367850E-01
  0.83999998E+00  0.12000000E+01  0.17742954E-01
  0.83999998E+00  0.12200000E+01  0.18118167E-01
  0.83999998E+00  0.12400000E+01  0.18492679E-01
  0.83999998E+00  0.12600000E+01  0.18865620E-01
  0.83999998E+00  0.12800000E+01  0.19236066E-01
  0.83999998E+00  0.13000000E+01  0.19603035E-01
  0.83999998E+00  0.13200000E+01  0.19965487E-01
  0.83999998E+00  0.13400000E+01  0.20322327E-01
  0.83999998E+00  0.13600000E+01  0.20672405E-01
  0.83999998E+00  0.13800000E+01  0.21014514E-01
  0.83999998E+00  0.14000000E+01  0.21347397E-01
  0.83999998E+00  0.14200000E+01  0.21669748E-01
  0.83999998E+00  0.14400000E+01  0.21980211E-01
  0.83999998E+00  0.14600000E+01  0.22277393E-01
  0.83999998E+00  0.14800000E+01  0.22559858E-01
  0.83999998E+00  0.15000000E+01  0.22826144E-01
  0.83999998E+00  0.15200000E+01  0.23074762E-01
  0.83999998E+00  0.15400000E+01  0.23304211E-01
  0.83999998E+00  0.15600000E+01  0.23512984E-01
  0.83999998E+00  0.15800000E+01  0.23699585E-01
  0.83999998E+00  0.16000000E+01  0.23862542E-01
  0.83999998E+00  0.16200000E+01  0.24000422E-01
  0.83999998E+00  0.16400000E+01  0.24111861E-01
  0.83999998E+00  0.16600000E+01  0.24195577E-01
  0.83999998E+00  0.16800000E+01  0.24250411E-01
  0.83999998E+00  0.17000000E+01  0.24275356E-01
  0.83999998E+00  0.17200000E+01  0.24269603E-01
  0.83999998E+00  0.17400000E+01  0.24232591E-01
  0.83999998E+00  0.17600000E+01  0.24164069E-01
  0.83999998E+00  0.17800000E+01  0.24064178E-01
  0.83999998E+00  0.18000000E+01  0.23933542E-01
  0.83999998E+00  0.18200000E+01  0.23773397E-01
  0.83999998E+00  0.18400000E+01  0.23585744E-01
  0.83999998E+00  0.18600000E+01  0.23373570E-01
  0.83999998E+00  0.18800000E+01  0.23141135E-01
  0.83999998E+00  0.19000000E+01  0.22894409E-01
  0.83999998E+00  0.19200000E+01  0.22641728E-01
  0.83999998E+00  0.19400000E+01  0.22394911E-01
  0.83999998E+00  0.19600000E+01  0.22171412E-01
  0.83999998E+00  0.19800000E+01  0.21999457E-01
  0.83999998E+00  0.20000000E+01  0.21938097E-01
  0.85999998E+00  0.00000000E+00  0.27375392E-02
  0.85999998E+00  0.20000000E-01  0.31440252E-02
  0.85999998E+00  0.39999999E-01  0.35327308E-02
  0.85999998E+00  0.59999999E-01  0.39044653E-02
  0.85999998E+00  0.79999998E-01  0.42599895E-02
  0.85999998E+00  0.99999998E-01  0.46000164E-02
  0.85999998E+00  0.12000000E+00  0.49252126E-02
  0.85999998E+00  0.14000000E+00  0.52361995E-02
  0.85999998E+00  0.16000000E+00  0.55335553E-02
  0.85999998E+00  0.18000000E+00  0.58178166E-02
  0.85999998E+00  0.20000000E+00  0.60894813E-02
  0.85999998E+00  0.22000000E+00  0.63490105E-02
  0.85999998E+00  0.23999999E+00  0.65968322E-02
  0.85999998E+00  0.25999999E+00  0.68333442E-02
  0.85999998E+00  0.27999999E+00  0.70589185E-02
  0.85999998E+00  0.29999999E+00  0.72739053E-02
  0.85999998E+00  0.31999999E+00  0.74786376E-02
  0.85999998E+00  0.33999999E+00  0.76734375E-02
  0.85999998E+00  0.35999999E+00  0.78586212E-02
  0.85999998E+00  0.37999999E+00  0.80345065E-02
  0.85999998E+00  0.39999999E+00  0.82014199E-02
  0.85999998E+00  0.41999999E+00  0.83597051E-02
  0.85999998E+00  0.43999999E+00  0.85097323E-02
  0.85999998E+00  0.45999999E+00  0.86519086E-02
  0.85999998E+00  0.47999999E+00  0.87866898E-02
  0.85999998E+00  0.49999999E+00  0.89145942E-02
  0.85999998E+00  0.51999999E+00  0.90362175E-02
  0.85999998E+00  0.53999999E+00  0.91522516E-02
  0.85999998E+00  0.55999999E+00  0.92635055E-02
  0.85999998E+00  0.57999999E+00  0.93709318E-02
  0.85999998E+00  0.59999999E+00  0.94756592E-02
  0.85999998E+00  0.61999999E+00  0.95790344E-02
  0.85999998E+00  0.63999999E+00  0.96826784E-02
  0.85999998E+00  0.65999999E+00  0.97885654E-02
  0.85999998E+00  0.67999998E+00  0.98991410E-02
  0.85999998E+00  0.69999998E+00  0.10017512E-01
  0.85999998E+00  0.71999998E+00  0.10147787E-01
  0.85999998E+00  0.73999998E+00  0.10295788E-01
  0.85999998E+00  0.75999998E+00  0.10470985E-01
  0.85999998E+00  0.77999998E+00  0.10703376E-01
  0.85999998E+00  0.79999998E+00  0.10982596E-01
  0.85999998E+00  0.81999998E+00  0.11268018E-01
  0.85999998E+00  0.83999998E+00  0.11559712E-01
  0.85999998E+00  0.85999998E+00  0.11857718E-01
  0.85999998E+00  0.87999998E+00  0.12162039E-01
  0.85999998E+00  0.89999998E+00  0.12472646E-01
  0.85999998E+00  0.91999998E+00  0.12789471E-01
  0.85999998E+00  0.93999998E+00  0.13112412E-01
  0.85999998E+00  0.95999998E+00  0.13441324E-01
  0.85999998E+00  0.97999998E+00  0.13776024E-01
  0.85999998E+00  0.99999998E+00  0.14116288E-01
  0.85999998E+00  0.10200000E+01  0.14461848E-01
  0.85999998E+00  0.10400000E+01  0.14812390E-01
  0.85999998E+00  0.10600000E+01  0.15167557E-01
  0.85999998E+00  0.10800000E+01  0.15526941E-01
  0.85999998E+00  0.11000000E+01  0.15890088E-01
  0.85999998E+00  0.11200000E+01  0.16256492E-01
  0.85999998E+00  0.11400000E+01  0.16625595E-01
  0.85999998E+00  0.11600000E+01  0.16996789E-01
  0.85999998E+00  0.11800000E+01  0.17369407E-01
  0.85999998E+00  0.12000000E+01  0.17742730E-01
  0.85999998E+00  0.12200000E+01  0.18115983E-01
  0.85999998E+00  0.12400000E+01  0.18488331E-01
  0.85999998E+00  0.12600000E+01  0.18858884E-01
  0.85999998E+00  0.12800000E+01  0.19226694E-01
  0.85999998E+00  0.13000000E+01  0.19590754E-01
  0.85999998E+00  0.13200000E+01  0.19949998E-01
  0.85999998E+00  0.13400000E+01  0.20303307E-01
  0.85999998E+00  0.13600000E+01  0.20649502E-01
  0.85999998E+00  0.13800000E+01  0.20987354E-01
  0.85999998E+00  0.14000000E+01  0.21315578E-01
  0.85999998E+00  0.14200000E+01  0.21632844E-01
  0.85999998E+00  0.14400000E+01  0.21937775E-01
  0.85999998E+00  0.14600000E+01  0.22228954E-01
  0.85999998E+00  0.14800000E+01  0.22504931E-01
  0.85999998E+00  0.15000000E+01  0.22764229E-01
  0.85999998E+00  0.15200000E+01  0.23005352E-01
  0.85999998E+00  0.15400000E+01  0.23226796E-01
  0.85999998E+00  0.15600000E+01  0.23427062E-01
  0.85999998E+00  0.15800000E+01  0.23604670E-01
  0.85999998E+00  0.16000000E+01  0.23758176E-01
  0.85999998E+00  0.16200000E+01  0.23886194E-01
  0.85999998E+00  0.16400000E+01  0.23987418E-01
  0.85999998E+00  0.16600000E+01  0.24060654E-01
  0.85999998E+00  0.16800000E+01  0.24104853E-01
  0.85999998E+00  0.17000000E+01  0.24119153E-01
  0.85999998E+00  0.17200000E+01  0.24102931E-01
  0.85999998E+00  0.17400000E+01  0.24055860E-01
  0.85999998E+00  0.17600000E+01  0.23977990E-01
  0.85999998E+00  0.17800000E+01  0.23869839E-01
  0.85999998E+00  0.18000000E+01  0.23732512E-01
  0.85999998E+00  0.18200000E+01  0.23567859E-01
  0.85999998E+00  0.18400000E+01  0.23378678E-01
  0.85999998E+00  0.18600000E+01  0.23169007E-01
  0.85999998E+00  0.18800000E+01  0.22944530E-01
  0.85999998E+00  0.19000000E+01  0.22713219E-01
  0.85999998E+00  0.19200000E+01  0.22486404E-01
  0.85999998E+00  0.19400000E+01  0.22280812E-01
  0.85999998E+00  0.19600000E+01  0.22123409E-01
  0.85999998E+00  0.19800000E+01  0.22069353E-01
  0.85999998E+00  0.20000000E+01  0.22247780E-01
  0.87999998E+00  0.00000000E+00  0.29130521E-02
  0.87999998E+00  0.20000000E-01  0.33222382E-02
  0.87999998E+00  0.39999999E-01  0.37134474E-02
  0.87999998E+00  0.59999999E-01  0.40874483E-02
  0.87999998E+00  0.79999998E-01  0.44449575E-02
  0.87999998E+00  0.99999998E-01  0.47866409E-02
  0.87999998E+00  0.12000000E+00  0.51131151E-02
  0.87999998E+00  0.14000000E+00  0.54249489E-02
  0.87999998E+00  0.16000000E+00  0.57226656E-02
  0.87999998E+00  0.18000000E+00  0.60067451E-02
  0.87999998E+00  0.20000000E+00  0.62776267E-02
  0.87999998E+00  0.22000000E+00  0.65357122E-02
  0.87999998E+00  0.23999999E+00  0.67813698E-02
  0.87999998E+00  0.25999999E+00  0.70149378E-02
  0.87999998E+00  0.27999999E+00  0.72367295E-02
  0.87999998E+00  0.29999999E+00  0.74470381E-02
  0.87999998E+00  0.31999999E+00  0.76461432E-02
  0.87999998E+00  0.33999999E+00  0.78343169E-02
  0.87999998E+00  0.35999999E+00  0.80118314E-02
  0.87999998E+00  0.37999999E+00  0.81789674E-02
  0.87999998E+00  0.39999999E+00  0.83360237E-02
  0.87999998E+00  0.41999999E+00  0.84833273E-02
  0.87999998E+00  0.43999999E+00  0.86212460E-02
  0.87999998E+00  0.45999999E+00  0.87502016E-02
  0.87999998E+00  0.47999999E+00  0.88706859E-02
  0.87999998E+00  0.49999999E+00  0.89832788E-02
  0.87999998E+00  0.51999999E+00  0.90886699E-02
  0.87999998E+00  0.53999999E+00  0.91876838E-02
  0.87999998E+00  0.55999999E+00  0.92813116E-02
  0.87999998E+00  0.57999999E+00  0.93707501E-02
  0.87999998E+00  0.59999999E+00  0.94574520E-02
  0.87999998E+00  0.61999999E+00  0.95431947E-02
  0.87999998E+00  0.63999999E+00  0.96301752E-02
  0.87999998E+00  0.65999999E+00  0.97211546E-02
  0.87999998E+00  0.67999998E+00  0.98196900E-02
  0.87999998E+00  0.69999998E+00  0.99305571E-02
  0.87999998E+00  0.71999998E+00  0.10060655E-01
  0.87999998E+00  0.73999998E+00  0.10221645E-01
  0.87999998E+00  0.75999998E+00  0.10449480E-01
  0.87999998E+00  0.77999998E+00  0.10721720E-01
  0.87999998E+00  0.79999998E+00  0.11000060E-01
  0.87999998E+00  0.81999998E+00  0.11284601E-01
  0.87999998E+00  0.83999998E+00  0.11575414E-01
  0.87999998E+00  0.85999998E+00  0.11872536E-01
  0.87999998E+00  0.87999998E+00  0.12175969E-01
  0.87999998E+00  0.89999998E+00  0.12485679E-01
  0.87999998E+00  0.91999998E+00  0.12801598E-01
  0.87999998E+00  0.93999998E+00  0.13123615E-01
  0.87999998E+00  0.95999998E+00  0.13451583E-01
  0.87999998E+00  0.97999998E+00  0.13785313E-01
  0.87999998E+00  0.99999998E+00  0.14124573E-01
  0.87999998E+00  0.10200000E+01  0.14469087E-01
  0.87999998E+00  0.10400000E+01  0.14818533E-01
  0.87999998E+00  0.10600000E+01  0.15172542E-01
  0.87999998E+00  0.10800000E+01  0.15530697E-01
  0.87999998E+00  0.11000000E+01  0.15892530E-01
  0.87999998E+00  0.11200000E+01  0.16257522E-01
  0.87999998E+00  0.11400000E+01  0.16625101E-01
  0.87999998E+00  0.11600000E+01  0.16994641E-01
  0.87999998E+00  0.11800000E+01  0.17365458E-01
  0.87999998E+00  0.12000000E+01  0.17736816E-01
  0.87999998E+00  0.12200000E+01  0.18107918E-01
  0.87999998E+00  0.12400000E+01  0.18477910E-01
  0.87999998E+00  0.12600000E+01  0.18845879E-01
  0.87999998E+00  0.12800000E+01  0.19210854E-01
  0.87999998E+00  0.13000000E+01  0.19571806E-01
  0.87999998E+00  0.13200000E+01  0.19927645E-01
  0.87999998E+00  0.13400000E+01  0.20277226E-01
  0.87999998E+00  0.13600000E+01  0.20619348E-01
  0.87999998E+00  0.13800000E+01  0.20952756E-01
  0.87999998E+00  0.14000000E+01  0.21276145E-01
  0.87999998E+00  0.14200000E+01  0.21588161E-01
  0.87999998E+00  0.14400000E+01  0.21887409E-01
  0.87999998E+00  0.14600000E+01  0.22172456E-01
  0.87999998E+00  0.14800000E+01  0.22441840E-01
  0.87999998E+00  0.15000000E+01  0.22694075E-01
  0.87999998E+00  0.15200000E+01  0.22927664E-01
  0.87999998E+00  0.15400000E+01  0.23141110E-01
  0.87999998E+00  0.15600000E+01  0.23332929E-01
  0.87999998E+00  0.15800000E+01  0.23501668E-01
  0.87999998E+00  0.16000000E+01  0.23645926E-01
  0.87999998E+00  0.16200000E+01  0.23764375E-01
  0.87999998E+00  0.16400000E+01  0.23855789E-01
  0.87999998E+00  0.16600000E+01  0.23919080E-01
  0.87999998E+00  0.16800000E+01  0.23953338E-01
  0.87999998E+00  0.17000000E+01  0.23957875E-01
  0.87999998E+00  0.17200000E+01  0.23932292E-01
  0.87999998E+00  0.17400000E+01  0.23876547E-01
  0.87999998E+00  0.17600000E+01  0.23791048E-01
  0.87999998E+00  0.17800000E+01  0.23676770E-01
  0.87999998E+00  0.18000000E+01  0.23535403E-01
  0.87999998E+00  0.18200000E+01  0.23369553E-01
  0.87999998E+00  0.18400000E+01  0.23183016E-01
  0.87999998E+00  0.18600000E+01  0.22981179E-01
  0.87999998E+00  0.18800000E+01  0.22771623E-01
  0.87999998E+00  0.19000000E+01  0.22565146E-01
  0.87999998E+00  0.19200000E+01  0.22377689E-01
  0.87999998E+00  0.19400000E+01  0.22234819E-01
  0.87999998E+00  0.19600000E+01  0.22187268E-01
  0.87999998E+00  0.19800000E+01  0.22367659E-01
  0.87999998E+00  0.20000000E+01  0.22568699E-01
  0.89999998E+00  0.00000000E+00  0.30964214E-02
  0.89999998E+00  0.20000000E-01  0.35085411E-02
  0.89999998E+00  0.39999999E-01  0.39024063E-02
  0.89999998E+00  0.59999999E-01  0.42787401E-02
  0.89999998E+00  0.79999998E-01  0.46382097E-02
  0.89999998E+00  0.99999998E-01  0.49814290E-02
  0.89999998E+00  0.12000000E+00  0.53089594E-02
  0.89999998E+00  0.14000000E+00  0.56213122E-02
  0.89999998E+00  0.16000000E+00  0.59189508E-02
  0.89999998E+00  0.18000000E+00  0.62022938E-02
  0.89999998E+00  0.20000000E+00  0.64717179E-02
  0.89999998E+00  0.22000000E+00  0.67275620E-02
  0.89999998E+00  0.23999999E+00  0.69701313E-02
  0.89999998E+00  0.25999999E+00  0.71997020E-02
  0.89999998E+00  0.27999999E+00  0.74165277E-02
  0.89999998E+00  0.29999999E+00  0.76208447E-02
  0.89999998E+00  0.31999999E+00  0.78128801E-02
  0.89999998E+00  0.33999999E+00  0.79928595E-02
  0.89999998E+00  0.35999999E+00  0.81610161E-02
  0.89999998E+00  0.37999999E+00  0.83176017E-02
  0.89999998E+00  0.39999999E+00  0.84628981E-02
  0.89999998E+00  0.41999999E+00  0.85972306E-02
  0.89999998E+00  0.43999999E+00  0.87209839E-02
  0.89999998E+00  0.45999999E+00  0.88346197E-02
  0.89999998E+00  0.47999999E+00  0.89386977E-02
  0.89999998E+00  0.49999999E+00  0.90339005E-02
  0.89999998E+00  0.51999999E+00  0.91210629E-02
  0.89999998E+00  0.53999999E+00  0.92012086E-02
  0.89999998E+00  0.55999999E+00  0.92755960E-02
  0.89999998E+00  0.57999999E+00  0.93457768E-02
  0.89999998E+00  0.59999999E+00  0.94136761E-02
  0.89999998E+00  0.61999999E+00  0.94817040E-02
  0.89999998E+00  0.63999999E+00  0.95529247E-02
  0.89999998E+00  0.65999999E+00  0.96313290E-02
  0.89999998E+00  0.67999998E+00  0.97223330E-02
  0.89999998E+00  0.69999998E+00  0.98338569E-02
  0.89999998E+00  0.71999998E+00  0.99795780E-02
  0.89999998E+00  0.73999998E+00  0.10201072E-01
  0.89999998E+00  0.75999998E+00  0.10466396E-01
  0.89999998E+00  0.77999998E+00  0.10737683E-01
  0.89999998E+00  0.79999998E+00  0.11015067E-01
  0.89999998E+00  0.81999998E+00  0.11298648E-01
  0.89999998E+00  0.83999998E+00  0.11588495E-01
  0.89999998E+00  0.85999998E+00  0.11884644E-01
  0.89999998E+00  0.87999998E+00  0.12187093E-01
  0.89999998E+00  0.89999998E+00  0.12495808E-01
  0.89999998E+00  0.91999998E+00  0.12810714E-01
  0.89999998E+00  0.93999998E+00  0.13131697E-01
  0.89999998E+00  0.95999998E+00  0.13458606E-01
  0.89999998E+00  0.97999998E+00  0.13791244E-01
  0.89999998E+00  0.99999998E+00  0.14129373E-01
  0.89999998E+00  0.10200000E+01  0.14472708E-01
  0.89999998E+00  0.10400000E+01  0.14820919E-01
  0.89999998E+00  0.10600000E+01  0.15173627E-01
  0.89999998E+00  0.10800000E+01  0.15530404E-01
  0.89999998E+00  0.11000000E+01  0.15890768E-01
  0.89999998E+00  0.11200000E+01  0.16254189E-01
  0.89999998E+00  0.11400000E+01  0.16620079E-01
  0.89999998E+00  0.11600000E+01  0.16987796E-01
  0.89999998E+00  0.11800000E+01  0.17356640E-01
  0.89999998E+00  0.12000000E+01  0.17725857E-01
  0.89999998E+00  0.12200000E+01  0.18094630E-01
  0.89999998E+00  0.12400000E+01  0.18462086E-01
  0.89999998E+00  0.12600000E+01  0.18827291E-01
  0.89999998E+00  0.12800000E+01  0.19189252E-01
  0.89999998E+00  0.13000000E+01  0.19546917E-01
  0.89999998E+00  0.13200000E+01  0.19899175E-01
  0.89999998E+00  0.13400000E+01  0.20244859E-01
  0.89999998E+00  0.13600000E+01  0.20582745E-01
  0.89999998E+00  0.13800000E+01  0.20911557E-01
  0.89999998E+00  0.14000000E+01  0.21229971E-01
  0.89999998E+00  0.14200000E+01  0.21536614E-01
  0.89999998E+00  0.14400000E+01  0.21830077E-01
  0.89999998E+00  0.14600000E+01  0.22108915E-01
  0.89999998E+00  0.14800000E+01  0.22371658E-01
  0.89999998E+00  0.15000000E+01  0.22616819E-01
  0.89999998E+00  0.15200000E+01  0.22842907E-01
  0.89999998E+00  0.15400000E+01  0.23048440E-01
  0.89999998E+00  0.15600000E+01  0.23231959E-01
  0.89999998E+00  0.15800000E+01  0.23392053E-01
  0.89999998E+00  0.16000000E+01  0.23527372E-01
  0.89999998E+00  0.16200000E+01  0.23636667E-01
  0.89999998E+00  0.16400000E+01  0.23718811E-01
  0.89999998E+00  0.16600000E+01  0.23772846E-01
  0.89999998E+00  0.16800000E+01  0.23798026E-01
  0.89999998E+00  0.17000000E+01  0.23793878E-01
  0.89999998E+00  0.17200000E+01  0.23760267E-01
  0.89999998E+00  0.17400000E+01  0.23697494E-01
  0.89999998E+00  0.17600000E+01  0.23606396E-01
  0.89999998E+00  0.17800000E+01  0.23488500E-01
  0.89999998E+00  0.18000000E+01  0.23346211E-01
  0.89999998E+00  0.18200000E+01  0.23183075E-01
  0.89999998E+00  0.18400000E+01  0.23004160E-01
  0.89999998E+00  0.18600000E+01  0.22816632E-01
  0.89999998E+00  0.18800000E+01  0.22630720E-01
  0.89999998E+00  0.19000000E+01  0.22461508E-01
  0.89999998E+00  0.19200000E+01  0.22333032E-01
  0.89999998E+00  0.19400000E+01  0.22291035E-01
  0.89999998E+00  0.19600000E+01  0.22472704E-01
  0.89999998E+00  0.19800000E+01  0.22679743E-01
  0.89999998E+00  0.20000000E+01  0.22876568E-01
  0.91999998E+00  0.00000000E+00  0.32875418E-02
  0.91999998E+00  0.20000000E-01  0.37027308E-02
  0.91999998E+00  0.39999999E-01  0.40992992E-02
  0.91999998E+00  0.59999999E-01  0.44779188E-02
  0.91999998E+00  0.79999998E-01  0.48392027E-02
  0.91999998E+00  0.99999998E-01  0.51837073E-02
  0.91999998E+00  0.12000000E+00  0.55119338E-02
  0.91999998E+00  0.14000000E+00  0.58243309E-02
  0.91999998E+00  0.16000000E+00  0.61212979E-02
  0.91999998E+00  0.18000000E+00  0.64031876E-02
  0.91999998E+00  0.20000000E+00  0.66703105E-02
  0.91999998E+00  0.22000000E+00  0.69229392E-02
  0.91999998E+00  0.23999999E+00  0.71613137E-02
  0.91999998E+00  0.25999999E+00  0.73856474E-02
  0.91999998E+00  0.27999999E+00  0.75961336E-02
  0.91999998E+00  0.29999999E+00  0.77929536E-02
  0.91999998E+00  0.31999999E+00  0.79762854E-02
  0.91999998E+00  0.33999999E+00  0.81463137E-02
  0.91999998E+00  0.35999999E+00  0.83032416E-02
  0.91999998E+00  0.37999999E+00  0.84473032E-02
  0.91999998E+00  0.39999999E+00  0.85787794E-02
  0.91999998E+00  0.41999999E+00  0.86980144E-02
  0.91999998E+00  0.43999999E+00  0.88054366E-02
  0.91999998E+00  0.45999999E+00  0.89015815E-02
  0.91999998E+00  0.47999999E+00  0.89871203E-02
  0.91999998E+00  0.49999999E+00  0.90628932E-02
  0.91999998E+00  0.51999999E+00  0.91299509E-02
  0.91999998E+00  0.53999999E+00  0.91896071E-02
  0.91999998E+00  0.55999999E+00  0.92435056E-02
  0.91999998E+00  0.57999999E+00  0.92937113E-02
  0.91999998E+00  0.59999999E+00  0.93428385E-02
  0.91999998E+00  0.61999999E+00  0.93942431E-02
  0.91999998E+00  0.63999999E+00  0.94523343E-02
  0.91999998E+00  0.65999999E+00  0.95231440E-02
  0.91999998E+00  0.67999998E+00  0.96155655E-02
  0.91999998E+00  0.69999998E+00  0.97451337E-02
  0.91999998E+00  0.71999998E+00  0.99587538E-02
  0.91999998E+00  0.73999998E+00  0.10217266E-01
  0.91999998E+00  0.75999998E+00  0.10481573E-01
  0.91999998E+00  0.77999998E+00  0.10751837E-01
  0.91999998E+00  0.79999998E+00  0.11028190E-01
  0.91999998E+00  0.81999998E+00  0.11310731E-01
  0.91999998E+00  0.83999998E+00  0.11599528E-01
  0.91999998E+00  0.85999998E+00  0.11894613E-01
  0.91999998E+00  0.87999998E+00  0.12195985E-01
  0.91999998E+00  0.89999998E+00  0.12503604E-01
  0.91999998E+00  0.91999998E+00  0.12817392E-01
  0.91999998E+00  0.93999998E+00  0.13137232E-01
  0.91999998E+00  0.95999998E+00  0.13462965E-01
  0.91999998E+00  0.97999998E+00  0.13794390E-01
  0.91999998E+00  0.99999998E+00  0.14131261E-01
  0.91999998E+00  0.10200000E+01  0.14473286E-01
  0.91999998E+00  0.10400000E+01  0.14820126E-01
  0.91999998E+00  0.10600000E+01  0.15171391E-01
  0.91999998E+00  0.10800000E+01  0.15526643E-01
  0.91999998E+00  0.11000000E+01  0.15885390E-01
  0.91999998E+00  0.11200000E+01  0.16247085E-01
  0.91999998E+00  0.11400000E+01  0.16611128E-01
  0.91999998E+00  0.11600000E+01  0.16976862E-01
  0.91999998E+00  0.11800000E+01  0.17343572E-01
  0.91999998E+00  0.12000000E+01  0.17710483E-01
  0.91999998E+00  0.12200000E+01  0.18076763E-01
  0.91999998E+00  0.12400000E+01  0.18441519E-01
  0.91999998E+00  0.12600000E+01  0.18803797E-01
  0.91999998E+00  0.12800000E+01  0.19162585E-01
  0.91999998E+00  0.13000000E+01  0.19516809E-01
  0.91999998E+00  0.13200000E+01  0.19865338E-01
  0.91999998E+00  0.13400000E+01  0.20206985E-01
  0.91999998E+00  0.13600000E+01  0.20540507E-01
  0.91999998E+00  0.13800000E+01  0.20864609E-01
  0.91999998E+00  0.14000000E+01  0.21177950E-01
  0.91999998E+00  0.14200000E+01  0.21479145E-01
  0.91999998E+00  0.14400000E+01  0.21766772E-01
  0.91999998E+00  0.14600000E+01  0.22039379E-01
  0.91999998E+00  0.14800000E+01  0.22295497E-01
  0.91999998E+00  0.15000000E+01  0.22533644E-01
  0.91999998E+00  0.15200000E+01  0.22752342E-01
  0.91999998E+00  0.15400000E+01  0.22950133E-01
  0.91999998E+00  0.15600000E+01  0.23125596E-01
  0.91999998E+00  0.15800000E+01  0.23277369E-01
  0.91999998E+00  0.16000000E+01  0.23404177E-01
  0.91999998E+00  0.16200000E+01  0.23504860E-01
  0.91999998E+00  0.16400000E+01  0.23578416E-01
  0.91999998E+00  0.16600000E+01  0.23624042E-01
  0.91999998E+00  0.16800000E+01  0.23641189E-01
  0.91999998E+00  0.17000000E+01  0.23629636E-01
  0.91999998E+00  0.17200000E+01  0.23589568E-01
  0.91999998E+00  0.17400000E+01  0.23521688E-01
  0.91999998E+00  0.17600000E+01  0.23427352E-01
  0.91999998E+00  0.17800000E+01  0.23308757E-01
  0.91999998E+00  0.18000000E+01  0.23169185E-01
  0.91999998E+00  0.18200000E+01  0.23013371E-01
  0.91999998E+00  0.18400000E+01  0.22848041E-01
  0.91999998E+00  0.18600000E+01  0.22682813E-01
  0.91999998E+00  0.18800000E+01  0.22531849E-01
  0.91999998E+00  0.19000000E+01  0.22417512E-01
  0.91999998E+00  0.19200000E+01  0.22379974E-01
  0.91999998E+00  0.19400000E+01  0.22562147E-01
  0.91999998E+00  0.19600000E+01  0.22775306E-01
  0.91999998E+00  0.19800000E+01  0.22978124E-01
  0.91999998E+00  0.20000000E+01  0.23170114E-01
  0.93999998E+00  0.00000000E+00  0.34862164E-02
  0.93999998E+00  0.20000000E-01  0.39045016E-02
  0.93999998E+00  0.39999999E-01  0.43037029E-02
  0.93999998E+00  0.59999999E-01  0.46844361E-02
  0.93999998E+00  0.79999998E-01  0.50472545E-02
  0.93999998E+00  0.99999998E-01  0.53926518E-02
  0.93999998E+00  0.12000000E+00  0.57210643E-02
  0.93999998E+00  0.14000000E+00  0.60328733E-02
  0.93999998E+00  0.16000000E+00  0.63284095E-02
  0.93999998E+00  0.18000000E+00  0.66079562E-02
  0.93999998E+00  0.20000000E+00  0.68717545E-02
  0.93999998E+00  0.22000000E+00  0.71200087E-02
  0.93999998E+00  0.23999999E+00  0.73528925E-02
  0.93999998E+00  0.25999999E+00  0.75705562E-02
  0.93999998E+00  0.27999999E+00  0.77731350E-02
  0.93999998E+00  0.29999999E+00  0.79607589E-02
  0.93999998E+00  0.31999999E+00  0.81335630E-02
  0.93999998E+00  0.33999999E+00  0.82917001E-02
  0.93999998E+00  0.35999999E+00  0.84353554E-02
  0.93999998E+00  0.37999999E+00  0.85647627E-02
  0.93999998E+00  0.39999999E+00  0.86802234E-02
  0.93999998E+00  0.41999999E+00  0.87821293E-02
  0.93999998E+00  0.43999999E+00  0.88709882E-02
  0.93999998E+00  0.45999999E+00  0.89474559E-02
  0.93999998E+00  0.47999999E+00  0.90123731E-02
  0.93999998E+00  0.49999999E+00  0.90668127E-02
  0.93999998E+00  0.51999999E+00  0.91121377E-02
  0.93999998E+00  0.53999999E+00  0.91500775E-02
  0.93999998E+00  0.55999999E+00  0.91828298E-02
  0.93999998E+00  0.57999999E+00  0.92132043E-02
  0.93999998E+00  0.59999999E+00  0.92448382E-02
  0.93999998E+00  0.61999999E+00  0.92825453E-02
  0.93999998E+00  0.63999999E+00  0.93329520E-02
  0.93999998E+00  0.65999999E+00  0.94058810E-02
  0.93999998E+00  0.67999998E+00  0.95185878E-02
  0.93999998E+00  0.69999998E+00  0.97230495E-02
  0.93999998E+00  0.71999998E+00  0.99748989E-02
  0.93999998E+00  0.73999998E+00  0.10232340E-01
  0.93999998E+00  0.75999998E+00  0.10495564E-01
  0.93999998E+00  0.77999998E+00  0.10764734E-01
  0.93999998E+00  0.79999998E+00  0.11039980E-01
  0.93999998E+00  0.81999998E+00  0.11321400E-01
  0.93999998E+00  0.83999998E+00  0.11609061E-01
  0.93999998E+00  0.85999998E+00  0.11902993E-01
  0.93999998E+00  0.87999998E+00  0.12203191E-01
  0.93999998E+00  0.89999998E+00  0.12509613E-01
  0.93999998E+00  0.91999998E+00  0.12822177E-01
  0.93999998E+00  0.93999998E+00  0.13140762E-01
  0.93999998E+00  0.95999998E+00  0.13465204E-01
  0.93999998E+00  0.97999998E+00  0.13795295E-01
  0.93999998E+00  0.99999998E+00  0.14130782E-01
  0.93999998E+00  0.10200000E+01  0.14471368E-01
  0.93999998E+00  0.10400000E+01  0.14816702E-01
  0.93999998E+00  0.10600000E+01  0.15166387E-01
  0.93999998E+00  0.10800000E+01  0.15519973E-01
  0.93999998E+00  0.11000000E+01  0.15876957E-01
  0.93999998E+00  0.11200000E+01  0.16236780E-01
  0.93999998E+00  0.11400000E+01  0.16598828E-01
  0.93999998E+00  0.11600000E+01  0.16962429E-01
  0.93999998E+00  0.11800000E+01  0.17326853E-01
  0.93999998E+00  0.12000000E+01  0.17691309E-01
  0.93999998E+00  0.12200000E+01  0.18054948E-01
  0.93999998E+00  0.12400000E+01  0.18416858E-01
  0.93999998E+00  0.12600000E+01  0.18776068E-01
  0.93999998E+00  0.12800000E+01  0.19131547E-01
  0.93999998E+00  0.13000000E+01  0.19482203E-01
  0.93999998E+00  0.13200000E+01  0.19826886E-01
  0.93999998E+00  0.13400000E+01  0.20164391E-01
  0.93999998E+00  0.13600000E+01  0.20493458E-01
  0.93999998E+00  0.13800000E+01  0.20812779E-01
  0.93999998E+00  0.14000000E+01  0.21120997E-01
  0.93999998E+00  0.14200000E+01  0.21416719E-01
  0.93999998E+00  0.14400000E+01  0.21698517E-01
  0.93999998E+00  0.14600000E+01  0.21964938E-01
  0.93999998E+00  0.14800000E+01  0.22214517E-01
  0.93999998E+00  0.15000000E+01  0.22445785E-01
  0.93999998E+00  0.15200000E+01  0.22657287E-01
  0.93999998E+00  0.15400000E+01  0.22847598E-01
  0.93999998E+00  0.15600000E+01  0.23015347E-01
  0.93999998E+00  0.15800000E+01  0.23159237E-01
  0.93999998E+00  0.16000000E+01  0.23278079E-01
  0.93999998E+00  0.16200000E+01  0.23370828E-01
  0.93999998E+00  0.16400000E+01  0.23436624E-01
  0.93999998E+00  0.16600000E+01  0.23474851E-01
  0.93999998E+00  0.16800000E+01  0.23485193E-01
  0.93999998E+00  0.17000000E+01  0.23467726E-01
  0.93999998E+00  0.17200000E+01  0.23423011E-01
  0.93999998E+00  0.17400000E+01  0.23352233E-01
  0.93999998E+00  0.17600000E+01  0.23257368E-01
  0.93999998E+00  0.17800000E+01  0.23141430E-01
  0.93999998E+00  0.18000000E+01  0.23008799E-01
  0.93999998E+00  0.18200000E+01  0.22865737E-01
  0.93999998E+00  0.18400000E+01  0.22721212E-01
  0.93999998E+00  0.18600000E+01  0.22588396E-01
  0.93999998E+00  0.18800000E+01  0.22487836E-01
  0.93999998E+00  0.19000000E+01  0.22453531E-01
  0.93999998E+00  0.19200000E+01  0.22635356E-01
  0.93999998E+00  0.19400000E+01  0.22854719E-01
  0.93999998E+00  0.19600000E+01  0.23063649E-01
  0.93999998E+00  0.19800000E+01  0.23261634E-01
  0.93999998E+00  0.20000000E+01  0.23448179E-01
  0.95999998E+00  0.00000000E+00  0.36921466E-02
  0.95999998E+00  0.20000000E-01  0.41134339E-02
  0.95999998E+00  0.39999999E-01  0.45150691E-02
  0.95999998E+00  0.59999999E-01  0.48976063E-02
  0.95999998E+00  0.79999998E-01  0.52615340E-02
  0.95999998E+00  0.99999998E-01  0.56072782E-02
  0.95999998E+00  0.12000000E+00  0.59352051E-02
  0.95999998E+00  0.14000000E+00  0.62456245E-02
  0.95999998E+00  0.16000000E+00  0.65387944E-02
  0.95999998E+00  0.18000000E+00  0.68149258E-02
  0.95999998E+00  0.20000000E+00  0.70741880E-02
  0.95999998E+00  0.22000000E+00  0.73167158E-02
  0.95999998E+00  0.23999999E+00  0.75426170E-02
  0.95999998E+00  0.25999999E+00  0.77519809E-02
  0.95999998E+00  0.27999999E+00  0.79448887E-02
  0.95999998E+00  0.29999999E+00  0.81214255E-02
  0.95999998E+00  0.31999999E+00  0.82816930E-02
  0.95999998E+00  0.33999999E+00  0.84258257E-02
  0.95999998E+00  0.35999999E+00  0.85540086E-02
  0.95999998E+00  0.37999999E+00  0.86664980E-02
  0.95999998E+00  0.39999999E+00  0.87636462E-02
  0.95999998E+00  0.41999999E+00  0.88459304E-02
  0.95999998E+00  0.43999999E+00  0.89139867E-02
  0.95999998E+00  0.45999999E+00  0.89686528E-02
  0.95999998E+00  0.47999999E+00  0.90110183E-02
  0.95999998E+00  0.49999999E+00  0.90424906E-02
  0.95999998E+00  0.51999999E+00  0.90648785E-02
  0.95999998E+00  0.53999999E+00  0.90805056E-02
  0.95999998E+00  0.55999999E+00  0.90923693E-02
  0.95999998E+00  0.57999999E+00  0.91043786E-02
  0.95999998E+00  0.59999999E+00  0.91217395E-02
  0.95999998E+00  0.61999999E+00  0.91516538E-02
  0.95999998E+00  0.63999999E+00  0.92048364E-02
  0.95999998E+00  0.65999999E+00  0.93001450E-02
  0.95999998E+00  0.67999998E+00  0.94944079E-02
  0.95999998E+00  0.69999998E+00  0.97397828E-02
  0.95999998E+00  0.71999998E+00  0.99905138E-02
  0.95999998E+00  0.73999998E+00  0.10246821E-01
  0.95999998E+00  0.75999998E+00  0.10508895E-01
  0.95999998E+00  0.77999998E+00  0.10776898E-01
  0.95999998E+00  0.79999998E+00  0.11050960E-01
  0.95999998E+00  0.81999998E+00  0.11331177E-01
  0.95999998E+00  0.83999998E+00  0.11617614E-01
  0.95999998E+00  0.85999998E+00  0.11910301E-01
  0.95999998E+00  0.87999998E+00  0.12209228E-01
  0.95999998E+00  0.89999998E+00  0.12514351E-01
  0.95999998E+00  0.91999998E+00  0.12825584E-01
  0.95999998E+00  0.93999998E+00  0.13142803E-01
  0.95999998E+00  0.95999998E+00  0.13465837E-01
  0.95999998E+00  0.97999998E+00  0.13794473E-01
  0.95999998E+00  0.99999998E+00  0.14128454E-01
  0.95999998E+00  0.10200000E+01  0.14467471E-01
  0.95999998E+00  0.10400000E+01  0.14811168E-01
  0.95999998E+00  0.10600000E+01  0.15159139E-01
  0.95999998E+00  0.10800000E+01  0.15510923E-01
  0.95999998E+00  0.11000000E+01  0.15866006E-01
  0.95999998E+00  0.11200000E+01  0.16223818E-01
  0.95999998E+00  0.11400000E+01  0.16583732E-01
  0.95999998E+00  0.11600000E+01  0.16945062E-01
  0.95999998E+00  0.11800000E+01  0.17307063E-01
  0.95999998E+00  0.12000000E+01  0.17668931E-01
  0.95999998E+00  0.12200000E+01  0.18029799E-01
  0.95999998E+00  0.12400000E+01  0.18388740E-01
  0.95999998E+00  0.12600000E+01  0.18744766E-01
  0.95999998E+00  0.12800000E+01  0.19096829E-01
  0.95999998E+00  0.13000000E+01  0.19443821E-01
  0.95999998E+00  0.13200000E+01  0.19784575E-01
  0.95999998E+00  0.13400000E+01  0.20117873E-01
  0.95999998E+00  0.13600000E+01  0.20442439E-01
  0.95999998E+00  0.13800000E+01  0.20756954E-01
  0.95999998E+00  0.14000000E+01  0.21060053E-01
  0.95999998E+00  0.14200000E+01  0.21350337E-01
  0.95999998E+00  0.14400000E+01  0.21626375E-01
  0.95999998E+00  0.14600000E+01  0.21886722E-01
  0.95999998E+00  0.14800000E+01  0.22129923E-01
  0.95999998E+00  0.15000000E+01  0.22354530E-01
  0.95999998E+00  0.15200000E+01  0.22559119E-01
  0.95999998E+00  0.15400000E+01  0.22742311E-01
  0.95999998E+00  0.15600000E+01  0.22902792E-01
  0.95999998E+00  0.15800000E+01  0.23039348E-01
  0.95999998E+00  0.16000000E+01  0.23150894E-01
  0.95999998E+00  0.16200000E+01  0.23236517E-01
  0.95999998E+00  0.16400000E+01  0.23295530E-01
  0.95999998E+00  0.16600000E+01  0.23327530E-01
  0.95999998E+00  0.16800000E+01  0.23332478E-01
  0.95999998E+00  0.17000000E+01  0.23310793E-01
  0.95999998E+00  0.17200000E+01  0.23263482E-01
  0.95999998E+00  0.17400000E+01  0.23192299E-01
  0.95999998E+00  0.17600000E+01  0.23099971E-01
  0.95999998E+00  0.17800000E+01  0.22990512E-01
  0.95999998E+00  0.18000000E+01  0.22869694E-01
  0.95999998E+00  0.18200000E+01  0.22745796E-01
  0.95999998E+00  0.18400000E+01  0.22630932E-01
  0.95999998E+00  0.18600000E+01  0.22543688E-01
  0.95999998E+00  0.18800000E+01  0.22511271E-01
  0.95999998E+00  0.19000000E+01  0.22691823E-01
  0.95999998E+00  0.19200000E+01  0.22917441E-01
  0.95999998E+00  0.19400000E+01  0.23132568E-01
  0.95999998E+00  0.19600000E+01  0.23336668E-01
  0.95999998E+00  0.19800000E+01  0.23529222E-01
  0.95999998E+00  0.20000000E+01  0.23709730E-01
  0.97999998E+00  0.00000000E+00  0.39049216E-02
  0.97999998E+00  0.20000000E-01  0.43289842E-02
  0.97999998E+00  0.39999999E-01  0.47327134E-02
  0.97999998E+00  0.59999999E-01  0.51165962E-02
  0.97999998E+00  0.79999998E-01  0.54810512E-02
  0.97999998E+00  0.99999998E-01  0.58264314E-02
  0.97999998E+00  0.12000000E+00  0.61530287E-02
  0.97999998E+00  0.14000000E+00  0.64610775E-02
  0.97999998E+00  0.16000000E+00  0.67507599E-02
  0.97999998E+00  0.18000000E+00  0.70222120E-02
  0.97999998E+00  0.20000000E+00  0.72755308E-02
  0.97999998E+00  0.22000000E+00  0.75107820E-02
  0.97999998E+00  0.23999999E+00  0.77280092E-02
  0.97999998E+00  0.25999999E+00  0.79272455E-02
  0.97999998E+00  0.27999999E+00  0.81085250E-02
  0.97999998E+00  0.29999999E+00  0.82718979E-02
  0.97999998E+00  0.31999999E+00  0.84174467E-02
  0.97999998E+00  0.33999999E+00  0.85453062E-02
  0.97999998E+00  0.35999999E+00  0.86556856E-02
  0.97999998E+00  0.37999999E+00  0.87488954E-02
  0.97999998E+00  0.39999999E+00  0.88253789E-02
  0.97999998E+00  0.41999999E+00  0.88857498E-02
  0.97999998E+00  0.43999999E+00  0.89308380E-02
  0.97999998E+00  0.45999999E+00  0.89617462E-02
  0.97999998E+00  0.47999999E+00  0.89799208E-02
  0.97999998E+00  0.49999999E+00  0.89872446E-02
  0.97999998E+00  0.51999999E+00  0.89861608E-02
  0.97999998E+00  0.53999999E+00  0.89798471E-02
  0.97999998E+00  0.55999999E+00  0.89724762E-02
  0.97999998E+00  0.57999999E+00  0.89696348E-02
  0.97999998E+00  0.59999999E+00  0.89790839E-02
  0.97999998E+00  0.61999999E+00  0.90123990E-02
  0.97999998E+00  0.63999999E+00  0.90899398E-02
  0.97999998E+00  0.65999999E+00  0.92732009E-02
  0.97999998E+00  0.67999998E+00  0.95123299E-02
  0.97999998E+00  0.69999998E+00  0.97565471E-02
  0.97999998E+00  0.71999998E+00  0.10006100E-01
  0.97999998E+00  0.73999998E+00  0.10261209E-01
  0.97999998E+00  0.75999998E+00  0.10522064E-01
  0.97999998E+00  0.77999998E+00  0.10788826E-01
  0.97999998E+00  0.79999998E+00  0.11061624E-01
  0.97999998E+00  0.81999998E+00  0.11340553E-01
  0.97999998E+00  0.83999998E+00  0.11625678E-01
  0.97999998E+00  0.85999998E+00  0.11917023E-01
  0.97999998E+00  0.87999998E+00  0.12214580E-01
  0.97999998E+00  0.89999998E+00  0.12518301E-01
  0.97999998E+00  0.91999998E+00  0.12828095E-01
  0.97999998E+00  0.93999998E+00  0.13143834E-01
  0.97999998E+00  0.95999998E+00  0.13465344E-01
  0.97999998E+00  0.97999998E+00  0.13792407E-01
  0.97999998E+00  0.99999998E+00  0.14124757E-01
  0.97999998E+00  0.10200000E+01  0.14462080E-01
  0.97999998E+00  0.10400000E+01  0.14804014E-01
  0.97999998E+00  0.10600000E+01  0.15150141E-01
  0.97999998E+00  0.10800000E+01  0.15499993E-01
  0.97999998E+00  0.11000000E+01  0.15853046E-01
  0.97999998E+00  0.11200000E+01  0.16208718E-01
  0.97999998E+00  0.11400000E+01  0.16566371E-01
  0.97999998E+00  0.11600000E+01  0.16925306E-01
  0.97999998E+00  0.11800000E+01  0.17284766E-01
  0.97999998E+00  0.12000000E+01  0.17643931E-01
  0.97999998E+00  0.12200000E+01  0.18001922E-01
  0.97999998E+00  0.12400000E+01  0.18357796E-01
  0.97999998E+00  0.12600000E+01  0.18710550E-01
  0.97999998E+00  0.12800000E+01  0.19059122E-01
  0.97999998E+00  0.13000000E+01  0.19402390E-01
  0.97999998E+00  0.13200000E+01  0.19739174E-01
  0.97999998E+00  0.13400000E+01  0.20068242E-01
  0.97999998E+00  0.13600000E+01  0.20388310E-01
  0.97999998E+00  0.13800000E+01  0.20698049E-01
  0.97999998E+00  0.14000000E+01  0.20996090E-01
  0.97999998E+00  0.14200000E+01  0.21281032E-01
  0.97999998E+00  0.14400000E+01  0.21551451E-01
  0.97999998E+00  0.14600000E+01  0.21805911E-01
  0.97999998E+00  0.14800000E+01  0.22042975E-01
  0.97999998E+00  0.15000000E+01  0.22261224E-01
  0.97999998E+00  0.15200000E+01  0.22459276E-01
  0.97999998E+00  0.15400000E+01  0.22635805E-01
  0.97999998E+00  0.15600000E+01  0.22789572E-01
  0.97999998E+00  0.15800000E+01  0.22919458E-01
  0.97999998E+00  0.16000000E+01  0.23024498E-01
  0.97999998E+00  0.16200000E+01  0.23103936E-01
  0.97999998E+00  0.16400000E+01  0.23157283E-01
  0.97999998E+00  0.16600000E+01  0.23184383E-01
  0.97999998E+00  0.16800000E+01  0.23185514E-01
  0.97999998E+00  0.17000000E+01  0.23161500E-01
  0.97999998E+00  0.17200000E+01  0.23113864E-01
  0.97999998E+00  0.17400000E+01  0.23045040E-01
  0.97999998E+00  0.17600000E+01  0.22958657E-01
  0.97999998E+00  0.17800000E+01  0.22859972E-01
  0.97999998E+00  0.18000000E+01  0.22756536E-01
  0.97999998E+00  0.18200000E+01  0.22659338E-01
  0.97999998E+00  0.18400000E+01  0.22584857E-01
  0.97999998E+00  0.18600000E+01  0.22552876E-01
  0.97999998E+00  0.18800000E+01  0.22731163E-01
  0.97999998E+00  0.19000000E+01  0.22963053E-01
  0.97999998E+00  0.19200000E+01  0.23184428E-01
  0.97999998E+00  0.19400000E+01  0.23394729E-01
  0.97999998E+00  0.19600000E+01  0.23593413E-01
  0.97999998E+00  0.19800000E+01  0.23779955E-01
  0.97999998E+00  0.20000000E+01  0.23953851E-01
  0.99999998E+00  0.00000000E+00  0.41240071E-02
  0.99999998E+00  0.20000000E-01  0.45504739E-02
  0.99999998E+00  0.39999999E-01  0.49558049E-02
  0.99999998E+00  0.59999999E-01  0.53404146E-02
  0.99999998E+00  0.79999998E-01  0.57046463E-02
  0.99999998E+00  0.99999998E-01  0.60487761E-02
  0.99999998E+00  0.12000000E+00  0.63730171E-02
  0.99999998E+00  0.14000000E+00  0.66775250E-02
  0.99999998E+00  0.16000000E+00  0.69624040E-02
  0.99999998E+00  0.18000000E+00  0.72277146E-02
  0.99999998E+00  0.20000000E+00  0.74734814E-02
  0.99999998E+00  0.22000000E+00  0.76997035E-02
  0.99999998E+00  0.23999999E+00  0.79063655E-02
  0.99999998E+00  0.25999999E+00  0.80934511E-02
  0.99999998E+00  0.27999999E+00  0.82609581E-02
  0.99999998E+00  0.29999999E+00  0.84089166E-02
  0.99999998E+00  0.31999999E+00  0.85374098E-02
  0.99999998E+00  0.33999999E+00  0.86465981E-02
  0.99999998E+00  0.35999999E+00  0.87367482E-02
  0.99999998E+00  0.37999999E+00  0.88082671E-02
  0.99999998E+00  0.39999999E+00  0.88617427E-02
  0.99999998E+00  0.41999999E+00  0.88979942E-02
  0.99999998E+00  0.43999999E+00  0.89181327E-02
  0.99999998E+00  0.45999999E+00  0.89236394E-02
  0.99999998E+00  0.47999999E+00  0.89164658E-02
  0.99999998E+00  0.49999999E+00  0.88991691E-02
  0.99999998E+00  0.51999999E+00  0.88751008E-02
  0.99999998E+00  0.53999999E+00  0.88486893E-02
  0.99999998E+00  0.55999999E+00  0.88258929E-02
  0.99999998E+00  0.57999999E+00  0.88150174E-02
  0.99999998E+00  0.59999999E+00  0.88284724E-02
  0.99999998E+00  0.61999999E+00  0.88880381E-02
  0.99999998E+00  0.63999999E+00  0.90597239E-02
  0.99999998E+00  0.65999999E+00  0.92928746E-02
  0.99999998E+00  0.67999998E+00  0.95308140E-02
  0.99999998E+00  0.69999998E+00  0.97738167E-02
  0.99999998E+00  0.71999998E+00  0.10022130E-01
  0.99999998E+00  0.73999998E+00  0.10275973E-01
  0.99999998E+00  0.75999998E+00  0.10535537E-01
  0.99999998E+00  0.77999998E+00  0.10800980E-01
  0.99999998E+00  0.79999998E+00  0.11072431E-01
  0.99999998E+00  0.81999998E+00  0.11349986E-01
  0.99999998E+00  0.83999998E+00  0.11633704E-01
  0.99999998E+00  0.85999998E+00  0.11923612E-01
  0.99999998E+00  0.87999998E+00  0.12219698E-01
  0.99999998E+00  0.89999998E+00  0.12521909E-01
  0.99999998E+00  0.91999998E+00  0.12830155E-01
  0.99999998E+00  0.93999998E+00  0.13144302E-01
  0.99999998E+00  0.95999998E+00  0.13464172E-01
  0.99999998E+00  0.97999998E+00  0.13789542E-01
  0.99999998E+00  0.99999998E+00  0.14120141E-01
  0.99999998E+00  0.10200000E+01  0.14455649E-01
  0.99999998E+00  0.10400000E+01  0.14795696E-01
  0.99999998E+00  0.10600000E+01  0.15139858E-01
  0.99999998E+00  0.10800000E+01  0.15487657E-01
  0.99999998E+00  0.11000000E+01  0.15838560E-01
  0.99999998E+00  0.11200000E+01  0.16191977E-01
  0.99999998E+00  0.11400000E+01  0.16547256E-01
  0.99999998E+00  0.11600000E+01  0.16903691E-01
  0.99999998E+00  0.11800000E+01  0.17260509E-01
  0.99999998E+00  0.12000000E+01  0.17616881E-01
  0.99999998E+00  0.12200000E+01  0.17971913E-01
  0.99999998E+00  0.12400000E+01  0.18324652E-01
  0.99999998E+00  0.12600000E+01  0.18674080E-01
  0.99999998E+00  0.12800000E+01  0.19019124E-01
  0.99999998E+00  0.13000000E+01  0.19358649E-01
  0.99999998E+00  0.13200000E+01  0.19691465E-01
  0.99999998E+00  0.13400000E+01  0.20016331E-01
  0.99999998E+00  0.13600000E+01  0.20331956E-01
  0.99999998E+00  0.13800000E+01  0.20637007E-01
  0.99999998E+00  0.14000000E+01  0.20930115E-01
  0.99999998E+00  0.14200000E+01  0.21209881E-01
  0.99999998E+00  0.14400000E+01  0.21474893E-01
  0.99999998E+00  0.14600000E+01  0.21723730E-01
  0.99999998E+00  0.14800000E+01  0.21954982E-01
  0.99999998E+00  0.15000000E+01  0.22167267E-01
  0.99999998E+00  0.15200000E+01  0.22359250E-01
  0.99999998E+00  0.15400000E+01  0.22529674E-01
  0.99999998E+00  0.15600000E+01  0.22677384E-01
  0.99999998E+00  0.15800000E+01  0.22801370E-01
  0.99999998E+00  0.16000000E+01  0.22900809E-01
  0.99999998E+00  0.16200000E+01  0.22975123E-01
  0.99999998E+00  0.16400000E+01  0.23024044E-01
  0.99999998E+00  0.16600000E+01  0.23047704E-01
  0.99999998E+00  0.16800000E+01  0.23046740E-01
  0.99999998E+00  0.17000000E+01  0.23022441E-01
  0.99999998E+00  0.17200000E+01  0.22976933E-01
  0.99999998E+00  0.17400000E+01  0.22913448E-01
  0.99999998E+00  0.17600000E+01  0.22836703E-01
  0.99999998E+00  0.17800000E+01  0.22753484E-01
  0.99999998E+00  0.18000000E+01  0.22673582E-01
  0.99999998E+00  0.18200000E+01  0.22611229E-01
  0.99999998E+00  0.18400000E+01  0.22578136E-01
  0.99999998E+00  0.18600000E+01  0.22753107E-01
  0.99999998E+00  0.18800000E+01  0.22991254E-01
  0.99999998E+00  0.19000000E+01  0.23218893E-01
  0.99999998E+00  0.19200000E+01  0.23435446E-01
  0.99999998E+00  0.19400000E+01  0.23640347E-01
  0.99999998E+00  0.19600000E+01  0.23833046E-01
  0.99999998E+00  0.19800000E+01  0.24013016E-01
  0.99999998E+00  0.20000000E+01  0.24179751E-01
  0.10200000E+01  0.00000000E+00  0.43487344E-02
  0.10200000E+01  0.20000000E-01  0.47770784E-02
  0.10200000E+01  0.39999999E-01  0.51833551E-02
  0.10200000E+01  0.59999999E-01  0.55679013E-02
  0.10200000E+01  0.79999998E-01  0.59309805E-02
  0.10200000E+01  0.99999998E-01  0.62727872E-02
  0.10200000E+01  0.12000000E+00  0.65934528E-02
  0.10200000E+01  0.14000000E+00  0.68930521E-02
  0.10200000E+01  0.16000000E+00  0.71716104E-02
  0.10200000E+01  0.18000000E+00  0.74291130E-02
  0.10200000E+01  0.20000000E+00  0.76655149E-02
  0.10200000E+01  0.22000000E+00  0.78807534E-02
  0.10200000E+01  0.23999999E+00  0.80747618E-02
  0.10200000E+01  0.25999999E+00  0.82474856E-02
  0.10200000E+01  0.27999999E+00  0.83989020E-02
  0.10200000E+01  0.29999999E+00  0.85290417E-02
  0.10200000E+01  0.31999999E+00  0.86380150E-02
  0.10200000E+01  0.33999999E+00  0.87260430E-02
  0.10200000E+01  0.35999999E+00  0.87934941E-02
  0.10200000E+01  0.37999999E+00  0.88409281E-02
  0.10200000E+01  0.39999999E+00  0.88691498E-02
  0.10200000E+01  0.41999999E+00  0.88792755E-02
  0.10200000E+01  0.43999999E+00  0.88728170E-02
  0.10200000E+01  0.45999999E+00  0.88517898E-02
  0.10200000E+01  0.47999999E+00  0.88188595E-02
  0.10200000E+01  0.49999999E+00  0.87775461E-02
  0.10200000E+01  0.51999999E+00  0.87325266E-02
  0.10200000E+01  0.53999999E+00  0.86901224E-02
  0.10200000E+01  0.55999999E+00  0.86591725E-02
  0.10200000E+01  0.57999999E+00  0.86528994E-02
  0.10200000E+01  0.59999999E+00  0.86944390E-02
  0.10200000E+01  0.61999999E+00  0.88541959E-02
  0.10200000E+01  0.63999999E+00  0.90816743E-02
  0.10200000E+01  0.65999999E+00  0.93136110E-02
  0.10200000E+01  0.67999998E+00  0.95503063E-02
  0.10200000E+01  0.69999998E+00  0.97920344E-02
  0.10200000E+01  0.71999998E+00  0.10039042E-01
  0.10200000E+01  0.73999998E+00  0.10291549E-01
  0.10200000E+01  0.75999998E+00  0.10549744E-01
  0.10200000E+01  0.77999998E+00  0.10813787E-01
  0.10200000E+01  0.79999998E+00  0.11083806E-01
  0.10200000E+01  0.81999998E+00  0.11359894E-01
  0.10200000E+01  0.83999998E+00  0.11642111E-01
  0.10200000E+01  0.85999998E+00  0.11930482E-01
  0.10200000E+01  0.87999998E+00  0.12224991E-01
  0.10200000E+01  0.89999998E+00  0.12525586E-01
  0.10200000E+01  0.91999998E+00  0.12832173E-01
  0.10200000E+01  0.93999998E+00  0.13144614E-01
  0.10200000E+01  0.95999998E+00  0.13462729E-01
  0.10200000E+01  0.97999998E+00  0.13786289E-01
  0.10200000E+01  0.99999998E+00  0.14115020E-01
  0.10200000E+01  0.10200000E+01  0.14448596E-01
  0.10200000E+01  0.10400000E+01  0.14786641E-01
  0.10200000E+01  0.10600000E+01  0.15128723E-01
  0.10200000E+01  0.10800000E+01  0.15474359E-01
  0.10200000E+01  0.11000000E+01  0.15823006E-01
  0.10200000E+01  0.11200000E+01  0.16174066E-01
  0.10200000E+01  0.11400000E+01  0.16526879E-01
  0.10200000E+01  0.11600000E+01  0.16880726E-01
  0.10200000E+01  0.11800000E+01  0.17234828E-01
  0.10200000E+01  0.12000000E+01  0.17588342E-01
  0.10200000E+01  0.12200000E+01  0.17940366E-01
  0.10200000E+01  0.12400000E+01  0.18289934E-01
  0.10200000E+01  0.12600000E+01  0.18636020E-01
  0.10200000E+01  0.12800000E+01  0.18977539E-01
  0.10200000E+01  0.13000000E+01  0.19313348E-01
  0.10200000E+01  0.13200000E+01  0.19642250E-01
  0.10200000E+01  0.13400000E+01  0.19962997E-01
  0.10200000E+01  0.13600000E+01  0.20274295E-01
  0.10200000E+01  0.13800000E+01  0.20574810E-01
  0.10200000E+01  0.14000000E+01  0.20863176E-01
  0.10200000E+01  0.14200000E+01  0.21138006E-01
  0.10200000E+01  0.14400000E+01  0.21397900E-01
  0.10200000E+01  0.14600000E+01  0.21641460E-01
  0.10200000E+01  0.14800000E+01  0.21867310E-01
  0.10200000E+01  0.15000000E+01  0.22074110E-01
  0.10200000E+01  0.15200000E+01  0.22260587E-01
  0.10200000E+01  0.15400000E+01  0.22425555E-01
  0.10200000E+01  0.15600000E+01  0.22567960E-01
  0.10200000E+01  0.15800000E+01  0.22686916E-01
  0.10200000E+01  0.16000000E+01  0.22781756E-01
  0.10200000E+01  0.16200000E+01  0.22852101E-01
  0.10200000E+01  0.16400000E+01  0.22897934E-01
  0.10200000E+01  0.16600000E+01  0.22919705E-01
  0.10200000E+01  0.16800000E+01  0.22918458E-01
  0.10200000E+01  0.17000000E+01  0.22896006E-01
  0.10200000E+01  0.17200000E+01  0.22855167E-01
  0.10200000E+01  0.17400000E+01  0.22800093E-01
  0.10200000E+01  0.17600000E+01  0.22736766E-01
  0.10200000E+01  0.17800000E+01  0.22673718E-01
  0.10200000E+01  0.18000000E+01  0.22622779E-01
  0.10200000E+01  0.18200000E+01  0.22586946E-01
  0.10200000E+01  0.18400000E+01  0.22757499E-01
  0.10200000E+01  0.18600000E+01  0.23001853E-01
  0.10200000E+01  0.18800000E+01  0.23235742E-01
  0.10200000E+01  0.19000000E+01  0.23458565E-01
  0.10200000E+01  0.19200000E+01  0.23669734E-01
  0.10200000E+01  0.19400000E+01  0.23868678E-01
  0.10200000E+01  0.19600000E+01  0.24054845E-01
  0.10200000E+01  0.19800000E+01  0.24227706E-01
  0.10200000E+01  0.20000000E+01  0.24386758E-01
  0.10400000E+01  0.00000000E+00  0.45782891E-02
  0.10400000E+01  0.20000000E-01  0.50078162E-02
  0.10400000E+01  0.39999999E-01  0.54142077E-02
  0.10400000E+01  0.59999999E-01  0.57977177E-02
  0.10400000E+01  0.79999998E-01  0.61585256E-02
  0.10400000E+01  0.99999998E-01  0.64967413E-02
  0.10400000E+01  0.12000000E+00  0.68124121E-02
  0.10400000E+01  0.14000000E+00  0.71055306E-02
  0.10400000E+01  0.16000000E+00  0.73760442E-02
  0.10400000E+01  0.18000000E+00  0.76238655E-02
  0.10400000E+01  0.20000000E+00  0.78488853E-02
  0.10400000E+01  0.22000000E+00  0.80509871E-02
  0.10400000E+01  0.23999999E+00  0.82300645E-02
  0.10400000E+01  0.25999999E+00  0.83860415E-02
  0.10400000E+01  0.27999999E+00  0.85188957E-02
  0.10400000E+01  0.29999999E+00  0.86286866E-02
  0.10400000E+01  0.31999999E+00  0.87155881E-02
  0.10400000E+01  0.33999999E+00  0.87799283E-02
  0.10400000E+01  0.35999999E+00  0.88222364E-02
  0.10400000E+01  0.37999999E+00  0.88433001E-02
  0.10400000E+01  0.39999999E+00  0.88442377E-02
  0.10400000E+01  0.41999999E+00  0.88265875E-02
  0.10400000E+01  0.43999999E+00  0.87924252E-02
  0.10400000E+01  0.45999999E+00  0.87445201E-02
  0.10400000E+01  0.47999999E+00  0.86865549E-02
  0.10400000E+01  0.49999999E+00  0.86234496E-02
  0.10400000E+01  0.51999999E+00  0.85618816E-02
  0.10400000E+01  0.53999999E+00  0.85112135E-02
  0.10400000E+01  0.55999999E+00  0.84854643E-02
  0.10400000E+01  0.57999999E+00  0.85090765E-02
  0.10400000E+01  0.59999999E+00  0.86567610E-02
  0.10400000E+01  0.61999999E+00  0.88789100E-02
  0.10400000E+01  0.63999999E+00  0.91051570E-02
  0.10400000E+01  0.65999999E+00  0.93358267E-02
  0.10400000E+01  0.67999998E+00  0.95712191E-02
  0.10400000E+01  0.69999998E+00  0.98116081E-02
  0.10400000E+01  0.71999998E+00  0.10057241E-01
  0.10400000E+01  0.73999998E+00  0.10308335E-01
  0.10400000E+01  0.75999998E+00  0.10565082E-01
  0.10400000E+01  0.77999998E+00  0.10827639E-01
  0.10400000E+01  0.79999998E+00  0.11096134E-01
  0.10400000E+01  0.81999998E+00  0.11370660E-01
  0.10400000E+01  0.83999998E+00  0.11651276E-01
  0.10400000E+01  0.85999998E+00  0.11938006E-01
  0.10400000E+01  0.87999998E+00  0.12230833E-01
  0.10400000E+01  0.89999998E+00  0.12529702E-01
  0.10400000E+01  0.91999998E+00  0.12834518E-01
  0.10400000E+01  0.93999998E+00  0.13145141E-01
  0.10400000E+01  0.95999998E+00  0.13461387E-01
  0.10400000E+01  0.97999998E+00  0.13783025E-01
  0.10400000E+01  0.99999998E+00  0.14109776E-01
  0.10400000E+01  0.10200000E+01  0.14441309E-01
  0.10400000E+01  0.10400000E+01  0.14777244E-01
  0.10400000E+01  0.10600000E+01  0.15117144E-01
  0.10400000E+01  0.10800000E+01  0.15460518E-01
  0.10400000E+01  0.11000000E+01  0.15806818E-01
  0.10400000E+01  0.11200000E+01  0.16155438E-01
  0.10400000E+01  0.11400000E+01  0.16505712E-01
  0.10400000E+01  0.11600000E+01  0.16856911E-01
  0.10400000E+01  0.11800000E+01  0.17208249E-01
  0.10400000E+01  0.12000000E+01  0.17558873E-01
  0.10400000E+01  0.12200000E+01  0.17907874E-01
  0.10400000E+01  0.12400000E+01  0.18254276E-01
  0.10400000E+01  0.12600000E+01  0.18597046E-01
  0.10400000E+01  0.12800000E+01  0.18935091E-01
  0.10400000E+01  0.13000000E+01  0.19267263E-01
  0.10400000E+01  0.13200000E+01  0.19592359E-01
  0.10400000E+01  0.13400000E+01  0.19909129E-01
  0.10400000E+01  0.13600000E+01  0.20216278E-01
  0.10400000E+01  0.13800000E+01  0.20512477E-01
  0.10400000E+01  0.14000000E+01  0.20796367E-01
  0.10400000E+01  0.14200000E+01  0.21066574E-01
  0.10400000E+01  0.14400000E+01  0.21321717E-01
  0.10400000E+01  0.14600000E+01  0.21560429E-01
  0.10400000E+01  0.14800000E+01  0.21781370E-01
  0.10400000E+01  0.15000000E+01  0.21983251E-01
  0.10400000E+01  0.15200000E+01  0.22164865E-01
  0.10400000E+01  0.15400000E+01  0.22325113E-01
  0.10400000E+01  0.15600000E+01  0.22463046E-01
  0.10400000E+01  0.15800000E+01  0.22577915E-01
  0.10400000E+01  0.16000000E+01  0.22669226E-01
  0.10400000E+01  0.16200000E+01  0.22736815E-01
  0.10400000E+01  0.16400000E+01  0.22780938E-01
  0.10400000E+01  0.16600000E+01  0.22802393E-01
  0.10400000E+01  0.16800000E+01  0.22802668E-01
  0.10400000E+01  0.17000000E+01  0.22784151E-01
  0.10400000E+01  0.17200000E+01  0.22750410E-01
  0.10400000E+01  0.17400000E+01  0.22706583E-01
  0.10400000E+01  0.17600000E+01  0.22659875E-01
  0.10400000E+01  0.17800000E+01  0.22619571E-01
  0.10400000E+01  0.18000000E+01  0.22579299E-01
  0.10400000E+01  0.18200000E+01  0.22744286E-01
  0.10400000E+01  0.18400000E+01  0.22994768E-01
  0.10400000E+01  0.18600000E+01  0.23234859E-01
  0.10400000E+01  0.18800000E+01  0.23463937E-01
  0.10400000E+01  0.19000000E+01  0.23681394E-01
  0.10400000E+01  0.19200000E+01  0.23886636E-01
  0.10400000E+01  0.19400000E+01  0.24079089E-01
  0.10400000E+01  0.19600000E+01  0.24258201E-01
  0.10400000E+01  0.19800000E+01  0.24423445E-01
  0.10400000E+01  0.20000000E+01  0.24574324E-01
  0.10600000E+01  0.00000000E+00  0.48117002E-02
  0.10600000E+01  0.20000000E-01  0.52415382E-02
  0.10600000E+01  0.39999999E-01  0.56470280E-02
  0.10600000E+01  0.59999999E-01  0.60283368E-02
  0.10600000E+01  0.79999998E-01  0.63855565E-02
  0.10600000E+01  0.99999998E-01  0.67187097E-02
  0.10600000E+01  0.12000000E+00  0.70277588E-02
  0.10600000E+01  0.14000000E+00  0.73126152E-02
  0.10600000E+01  0.16000000E+00  0.75731508E-02
  0.10600000E+01  0.18000000E+00  0.78092113E-02
  0.10600000E+01  0.20000000E+00  0.80206315E-02
  0.10600000E+01  0.22000000E+00  0.82072535E-02
  0.10600000E+01  0.23999999E+00  0.83689483E-02
  0.10600000E+01  0.25999999E+00  0.85056403E-02
  0.10600000E+01  0.27999999E+00  0.86173374E-02
  0.10600000E+01  0.29999999E+00  0.87041656E-02
  0.10600000E+01  0.31999999E+00  0.87664107E-02
  0.10600000E+01  0.33999999E+00  0.88045695E-02
  0.10600000E+01  0.35999999E+00  0.88194104E-02
  0.10600000E+01  0.37999999E+00  0.88120505E-02
  0.10600000E+01  0.39999999E+00  0.87840516E-02
  0.10600000E+01  0.41999999E+00  0.87375454E-02
  0.10600000E+01  0.43999999E+00  0.86754009E-02
  0.10600000E+01  0.45999999E+00  0.86014587E-02
  0.10600000E+01  0.47999999E+00  0.85208767E-02
  0.10600000E+01  0.49999999E+00  0.84406821E-02
  0.10600000E+01  0.51999999E+00  0.83707539E-02
  0.10600000E+01  0.53999999E+00  0.83258953E-02
  0.10600000E+01  0.55999999E+00  0.83318218E-02
  0.10600000E+01  0.57999999E+00  0.84674889E-02
  0.10600000E+01  0.59999999E+00  0.86846877E-02
  0.10600000E+01  0.61999999E+00  0.89055948E-02
  0.10600000E+01  0.63999999E+00  0.91305585E-02
  0.10600000E+01  0.65999999E+00  0.93599034E-02
  0.10600000E+01  0.67999998E+00  0.95939290E-02
  0.10600000E+01  0.69999998E+00  0.98329092E-02
  0.10600000E+01  0.71999998E+00  0.10077091E-01
  0.10600000E+01  0.73999998E+00  0.10326693E-01
  0.10600000E+01  0.75999998E+00  0.10581904E-01
  0.10600000E+01  0.77999998E+00  0.10842884E-01
  0.10600000E+01  0.79999998E+00  0.11109760E-01
  0.10600000E+01  0.81999998E+00  0.11382625E-01
  0.10600000E+01  0.83999998E+00  0.11661537E-01
  0.10600000E+01  0.85999998E+00  0.11946519E-01
  0.10600000E+01  0.87999998E+00  0.12237555E-01
  0.10600000E+01  0.89999998E+00  0.12534589E-01
  0.10600000E+01  0.91999998E+00  0.12837523E-01
  0.10600000E+01  0.93999998E+00  0.13146216E-01
  0.10600000E+01  0.95999998E+00  0.13460483E-01
  0.10600000E+01  0.97999998E+00  0.13780089E-01
  0.10600000E+01  0.99999998E+00  0.14104753E-01
  0.10600000E+01  0.10200000E+01  0.14434142E-01
  0.10600000E+01  0.10400000E+01  0.14767871E-01
  0.10600000E+01  0.10600000E+01  0.15105499E-01
  0.10600000E+01  0.10800000E+01  0.15446530E-01
  0.10600000E+01  0.11000000E+01  0.15790412E-01
  0.10600000E+01  0.11200000E+01  0.16136532E-01
  0.10600000E+01  0.11400000E+01  0.16484218E-01
  0.10600000E+01  0.11600000E+01  0.16832738E-01
  0.10600000E+01  0.11800000E+01  0.17181295E-01
  0.10600000E+01  0.12000000E+01  0.17529034E-01
  0.10600000E+01  0.12200000E+01  0.17875035E-01
  0.10600000E+01  0.12400000E+01  0.18218320E-01
  0.10600000E+01  0.12600000E+01  0.18557849E-01
  0.10600000E+01  0.12800000E+01  0.18892525E-01
  0.10600000E+01  0.13000000E+01  0.19221194E-01
  0.10600000E+01  0.13200000E+01  0.19542653E-01
  0.10600000E+01  0.13400000E+01  0.19855652E-01
  0.10600000E+01  0.13600000E+01  0.20158900E-01
  0.10600000E+01  0.13800000E+01  0.20451074E-01
  0.10600000E+01  0.14000000E+01  0.20730827E-01
  0.10600000E+01  0.14200000E+01  0.20996801E-01
  0.10600000E+01  0.14400000E+01  0.21247641E-01
  0.10600000E+01  0.14600000E+01  0.21482009E-01
  0.10600000E+01  0.14800000E+01  0.21698611E-01
  0.10600000E+01  0.15000000E+01  0.21896215E-01
  0.10600000E+01  0.15200000E+01  0.22073682E-01
  0.10600000E+01  0.15400000E+01  0.22230006E-01
  0.10600000E+01  0.15600000E+01  0.22364353E-01
  0.10600000E+01  0.15800000E+01  0.22476117E-01
  0.10600000E+01  0.16000000E+01  0.22564985E-01
  0.10600000E+01  0.16200000E+01  0.22631020E-01
  0.10600000E+01  0.16400000E+01  0.22674764E-01
  0.10600000E+01  0.16600000E+01  0.22697374E-01
  0.10600000E+01  0.16800000E+01  0.22700793E-01
  0.10600000E+01  0.17000000E+01  0.22687981E-01
  0.10600000E+01  0.17200000E+01  0.22663199E-01
  0.10600000E+01  0.17400000E+01  0.22632256E-01
  0.10600000E+01  0.17600000E+01  0.22601747E-01
  0.10600000E+01  0.17800000E+01  0.22555279E-01
  0.10600000E+01  0.18000000E+01  0.22713516E-01
  0.10600000E+01  0.18200000E+01  0.22970017E-01
  0.10600000E+01  0.18400000E+01  0.23216230E-01
  0.10600000E+01  0.18600000E+01  0.23451516E-01
  0.10600000E+01  0.18800000E+01  0.23675246E-01
  0.10600000E+01  0.19000000E+01  0.23886806E-01
  0.10600000E+01  0.19200000E+01  0.24085600E-01
  0.10600000E+01  0.19400000E+01  0.24271054E-01
  0.10600000E+01  0.19600000E+01  0.24442618E-01
  0.10600000E+01  0.19800000E+01  0.24599770E-01
  0.10600000E+01  0.20000000E+01  0.24742023E-01
  0.10800000E+01  0.00000000E+00  0.50478290E-02
  0.10800000E+01  0.20000000E-01  0.54769170E-02
  0.10800000E+01  0.39999999E-01  0.58802933E-02
  0.10800000E+01  0.59999999E-01  0.62580346E-02
  0.10800000E+01  0.79999998E-01  0.66101425E-02
  0.10800000E+01  0.99999998E-01  0.69365518E-02
  0.10800000E+01  0.12000000E+00  0.72371406E-02
  0.10800000E+01  0.14000000E+00  0.75117419E-02
  0.10800000E+01  0.16000000E+00  0.77601581E-02
  0.10800000E+01  0.18000000E+00  0.79821764E-02
  0.10800000E+01  0.20000000E+00  0.81775886E-02
  0.10800000E+01  0.22000000E+00  0.83462131E-02
  0.10800000E+01  0.23999999E+00  0.84879213E-02
  0.10800000E+01  0.25999999E+00  0.86026691E-02
  0.10800000E+01  0.27999999E+00  0.86905336E-02
  0.10800000E+01  0.29999999E+00  0.87517578E-02
  0.10800000E+01  0.31999999E+00  0.87868039E-02
  0.10800000E+01  0.33999999E+00  0.87964193E-02
  0.10800000E+01  0.35999999E+00  0.87817172E-02
  0.10800000E+01  0.37999999E+00  0.87442798E-02
  0.10800000E+01  0.39999999E+00  0.86862916E-02
  0.10800000E+01  0.41999999E+00  0.86107175E-02
  0.10800000E+01  0.43999999E+00  0.85215519E-02
  0.10800000E+01  0.45999999E+00  0.84241858E-02
  0.10800000E+01  0.47999999E+00  0.83259917E-02
  0.10800000E+01  0.49999999E+00  0.82373590E-02
  0.10800000E+01  0.51999999E+00  0.81738674E-02
  0.10800000E+01  0.53999999E+00  0.81624852E-02
  0.10800000E+01  0.55999999E+00  0.82863764E-02
  0.10800000E+01  0.57999999E+00  0.84990392E-02
  0.10800000E+01  0.59999999E+00  0.87149923E-02
  0.10800000E+01  0.61999999E+00  0.89346063E-02
  0.10800000E+01  0.63999999E+00  0.91582293E-02
  0.10800000E+01  0.65999999E+00  0.93861854E-02
  0.10800000E+01  0.67999998E+00  0.96187743E-02
  0.10800000E+01  0.69999998E+00  0.98562697E-02
  0.10800000E+01  0.71999998E+00  0.10098919E-01
  0.10800000E+01  0.73999998E+00  0.10346941E-01
  0.10800000E+01  0.75999998E+00  0.10600525E-01
  0.10800000E+01  0.77999998E+00  0.10859832E-01
  0.10800000E+01  0.79999998E+00  0.11124988E-01
  0.10800000E+01  0.81999998E+00  0.11396088E-01
  0.10800000E+01  0.83999998E+00  0.11673189E-01
  0.10800000E+01  0.85999998E+00  0.11956316E-01
  0.10800000E+01  0.87999998E+00  0.12245450E-01
  0.10800000E+01  0.89999998E+00  0.12540538E-01
  0.10800000E+01  0.91999998E+00  0.12841479E-01
  0.10800000E+01  0.93999998E+00  0.13148135E-01
  0.10800000E+01  0.95999998E+00  0.13460316E-01
  0.10800000E+01  0.97999998E+00  0.13777789E-01
  0.10800000E+01  0.99999998E+00  0.14100269E-01
  0.10800000E+01  0.10200000E+01  0.14427423E-01
  0.10800000E+01  0.10400000E+01  0.14758863E-01
  0.10800000E+01  0.10600000E+01  0.15094145E-01
  0.10800000E+01  0.10800000E+01  0.15432772E-01
  0.10800000E+01  0.11000000E+01  0.15774186E-01
  0.10800000E+01  0.11200000E+01  0.16117772E-01
  0.10800000E+01  0.11400000E+01  0.16462854E-01
  0.10800000E+01  0.11600000E+01  0.16808694E-01
  0.10800000E+01  0.11800000E+01  0.17154493E-01
  0.10800000E+01  0.12000000E+01  0.17499391E-01
  0.10800000E+01  0.12200000E+01  0.17842464E-01
  0.10800000E+01  0.12400000E+01  0.18182730E-01
  0.10800000E+01  0.12600000E+01  0.18519146E-01
  0.10800000E+01  0.12800000E+01  0.18850612E-01
  0.10800000E+01  0.13000000E+01  0.19175975E-01
  0.10800000E+01  0.13200000E+01  0.19494032E-01
  0.10800000E+01  0.13400000E+01  0.19803535E-01
  0.10800000E+01  0.13600000E+01  0.20103201E-01
  0.10800000E+01  0.13800000E+01  0.20391714E-01
  0.10800000E+01  0.14000000E+01  0.20667743E-01
  0.10800000E+01  0.14200000E+01  0.20929949E-01
  0.10800000E+01  0.14400000E+01  0.21177004E-01
  0.10800000E+01  0.14600000E+01  0.21407607E-01
  0.10800000E+01  0.14800000E+01  0.21620507E-01
  0.10800000E+01  0.15000000E+01  0.21814530E-01
  0.10800000E+01  0.15200000E+01  0.21988612E-01
  0.10800000E+01  0.15400000E+01  0.22141840E-01
  0.10800000E+01  0.15600000E+01  0.22273494E-01
  0.10800000E+01  0.15800000E+01  0.22383114E-01
  0.10800000E+01  0.16000000E+01  0.22470564E-01
  0.10800000E+01  0.16200000E+01  0.22536128E-01
  0.10800000E+01  0.16400000E+01  0.22580622E-01
  0.10800000E+01  0.16600000E+01  0.22605532E-01
  0.10800000E+01  0.16800000E+01  0.22613189E-01
  0.10800000E+01  0.17000000E+01  0.22606938E-01
  0.10800000E+01  0.17200000E+01  0.22591128E-01
  0.10800000E+01  0.17400000E+01  0.22569523E-01
  0.10800000E+01  0.17600000E+01  0.22515059E-01
  0.10800000E+01  0.17800000E+01  0.22665330E-01
  0.10800000E+01  0.18000000E+01  0.22927710E-01
  0.10800000E+01  0.18200000E+01  0.23179937E-01
  0.10800000E+01  0.18400000E+01  0.23421352E-01
  0.10800000E+01  0.18600000E+01  0.23651309E-01
  0.10800000E+01  0.18800000E+01  0.23869174E-01
  0.10800000E+01  0.19000000E+01  0.24074331E-01
  0.10800000E+01  0.19200000E+01  0.24266184E-01
  0.10800000E+01  0.19400000E+01  0.24444160E-01
  0.10800000E+01  0.19600000E+01  0.24607715E-01
  0.10800000E+01  0.19800000E+01  0.24756336E-01
  0.10800000E+01  0.20000000E+01  0.24889549E-01
  0.11000000E+01  0.00000000E+00  0.52853585E-02
  0.11000000E+01  0.20000000E-01  0.57124375E-02
  0.11000000E+01  0.39999999E-01  0.61122842E-02
  0.11000000E+01  0.59999999E-01  0.64848824E-02
  0.11000000E+01  0.79999998E-01  0.68301426E-02
  0.11000000E+01  0.99999998E-01  0.71479122E-02
  0.11000000E+01  0.12000000E+00  0.74379882E-02
  0.11000000E+01  0.14000000E+00  0.77001312E-02
  0.11000000E+01  0.16000000E+00  0.79340830E-02
  0.11000000E+01  0.18000000E+00  0.81395859E-02
  0.11000000E+01  0.20000000E+00  0.83164068E-02
  0.11000000E+01  0.22000000E+00  0.84643645E-02
  0.11000000E+01  0.23999999E+00  0.85833628E-02
  0.11000000E+01  0.25999999E+00  0.86734299E-02
  0.11000000E+01  0.27999999E+00  0.87347646E-02
  0.11000000E+01  0.29999999E+00  0.87677938E-02
  0.11000000E+01  0.31999999E+00  0.87732416E-02
  0.11000000E+01  0.33999999E+00  0.87522155E-02
  0.11000000E+01  0.35999999E+00  0.87063157E-02
  0.11000000E+01  0.37999999E+00  0.86377761E-02
  0.11000000E+01  0.39999999E+00  0.85496542E-02
  0.11000000E+01  0.41999999E+00  0.84460945E-02
  0.11000000E+01  0.43999999E+00  0.83327177E-02
  0.11000000E+01  0.45999999E+00  0.82172371E-02
  0.11000000E+01  0.47999999E+00  0.81105490E-02
  0.11000000E+01  0.49999999E+00  0.80290050E-02
  0.11000000E+01  0.51999999E+00  0.80008185E-02
  0.11000000E+01  0.53999999E+00  0.81133489E-02
  0.11000000E+01  0.55999999E+00  0.83219237E-02
  0.11000000E+01  0.57999999E+00  0.85333436E-02
  0.11000000E+01  0.59999999E+00  0.87480001E-02
  0.11000000E+01  0.61999999E+00  0.89662636E-02
  0.11000000E+01  0.63999999E+00  0.91884815E-02
  0.11000000E+01  0.65999999E+00  0.94149781E-02
  0.11000000E+01  0.67999998E+00  0.96460532E-02
  0.11000000E+01  0.69999998E+00  0.98819811E-02
  0.11000000E+01  0.71999998E+00  0.10123009E-01
  0.11000000E+01  0.73999998E+00  0.10369358E-01
  0.11000000E+01  0.75999998E+00  0.10621218E-01
  0.11000000E+01  0.77999998E+00  0.10878749E-01
  0.11000000E+01  0.79999998E+00  0.11142080E-01
  0.11000000E+01  0.81999998E+00  0.11411306E-01
  0.11000000E+01  0.83999998E+00  0.11686487E-01
  0.11000000E+01  0.85999998E+00  0.11967647E-01
  0.11000000E+01  0.87999998E+00  0.12254769E-01
  0.11000000E+01  0.89999998E+00  0.12547801E-01
  0.11000000E+01  0.91999998E+00  0.12846643E-01
  0.11000000E+01  0.93999998E+00  0.13151156E-01
  0.11000000E+01  0.95999998E+00  0.13461152E-01
  0.11000000E+01  0.97999998E+00  0.13776398E-01
  0.11000000E+01  0.99999998E+00  0.14096610E-01
  0.11000000E+01  0.10200000E+01  0.14421452E-01
  0.11000000E+01  0.10400000E+01  0.14750537E-01
  0.11000000E+01  0.10600000E+01  0.15083421E-01
  0.11000000E+01  0.10800000E+01  0.15419604E-01
  0.11000000E+01  0.11000000E+01  0.15758529E-01
  0.11000000E+01  0.11200000E+01  0.16099577E-01
  0.11000000E+01  0.11400000E+01  0.16442071E-01
  0.11000000E+01  0.11600000E+01  0.16785272E-01
  0.11000000E+01  0.11800000E+01  0.17128378E-01
  0.11000000E+01  0.12000000E+01  0.17470526E-01
  0.11000000E+01  0.12200000E+01  0.17810793E-01
  0.11000000E+01  0.12400000E+01  0.18148192E-01
  0.11000000E+01  0.12600000E+01  0.18481682E-01
  0.11000000E+01  0.12800000E+01  0.18810162E-01
  0.11000000E+01  0.13000000E+01  0.19132481E-01
  0.11000000E+01  0.13200000E+01  0.19447438E-01
  0.11000000E+01  0.13400000E+01  0.19753792E-01
  0.11000000E+01  0.13600000E+01  0.20050265E-01
  0.11000000E+01  0.13800000E+01  0.20335555E-01
  0.11000000E+01  0.14000000E+01  0.20608345E-01
  0.11000000E+01  0.14200000E+01  0.20867318E-01
  0.11000000E+01  0.14400000E+01  0.21111172E-01
  0.11000000E+01  0.14600000E+01  0.21338641E-01
  0.11000000E+01  0.14800000E+01  0.21548520E-01
  0.11000000E+01  0.15000000E+01  0.21739689E-01
  0.11000000E+01  0.15200000E+01  0.21911157E-01
  0.11000000E+01  0.15400000E+01  0.22062094E-01
  0.11000000E+01  0.15600000E+01  0.22191888E-01
  0.11000000E+01  0.15800000E+01  0.22300207E-01
  0.11000000E+01  0.16000000E+01  0.22387071E-01
  0.11000000E+01  0.16200000E+01  0.22452947E-01
  0.11000000E+01  0.16400000E+01  0.22498851E-01
  0.11000000E+01  0.16600000E+01  0.22526462E-01
  0.11000000E+01  0.16800000E+01  0.22538177E-01
  0.11000000E+01  0.17000000E+01  0.22536821E-01
  0.11000000E+01  0.17200000E+01  0.22523183E-01
  0.11000000E+01  0.17400000E+01  0.22458888E-01
  0.11000000E+01  0.17600000E+01  0.22599956E-01
  0.11000000E+01  0.17800000E+01  0.22868050E-01
  0.11000000E+01  0.18000000E+01  0.23126151E-01
  0.11000000E+01  0.18200000E+01  0.23373587E-01
  0.11000000E+01  0.18400000E+01  0.23609694E-01
  0.11000000E+01  0.18600000E+01  0.23833819E-01
  0.11000000E+01  0.18800000E+01  0.24045327E-01
  0.11000000E+01  0.19000000E+01  0.24243601E-01
  0.11000000E+01  0.19200000E+01  0.24428048E-01
  0.11000000E+01  0.19400000E+01  0.24598100E-01
  0.11000000E+01  0.19600000E+01  0.24753223E-01
  0.11000000E+01  0.19800000E+01  0.24892916E-01
  0.11000000E+01  0.20000000E+01  0.25016718E-01
  0.11200000E+01  0.00000000E+00  0.55227840E-02
  0.11200000E+01  0.20000000E-01  0.59463877E-02
  0.11200000E+01  0.39999999E-01  0.63410769E-02
  0.11200000E+01  0.59999999E-01  0.67067411E-02
  0.11200000E+01  0.79999998E-01  0.70432006E-02
  0.11200000E+01  0.99999998E-01  0.73502188E-02
  0.11200000E+01  0.12000000E+00  0.76275173E-02
  0.11200000E+01  0.14000000E+00  0.78747940E-02
  0.11200000E+01  0.16000000E+00  0.80917437E-02
  0.11200000E+01  0.18000000E+00  0.82780827E-02
  0.11200000E+01  0.20000000E+00  0.84335782E-02
  0.11200000E+01  0.22000000E+00  0.85580823E-02
  0.11200000E+01  0.23999999E+00  0.86515739E-02
  0.11200000E+01  0.25999999E+00  0.87142075E-02
  0.11200000E+01  0.27999999E+00  0.87463735E-02
  0.11200000E+01  0.29999999E+00  0.87487714E-02
  0.11200000E+01  0.31999999E+00  0.87225013E-02
  0.11200000E+01  0.33999999E+00  0.86691787E-02
  0.11200000E+01  0.35999999E+00  0.85910848E-02
  0.11200000E+01  0.37999999E+00  0.84913666E-02
  0.11200000E+01  0.39999999E+00  0.83743157E-02
  0.11200000E+01  0.41999999E+00  0.82457788E-02
  0.11200000E+01  0.43999999E+00  0.81138072E-02
  0.11200000E+01  0.45999999E+00  0.79898014E-02
  0.11200000E+01  0.47999999E+00  0.78908842E-02
  0.11200000E+01  0.49999999E+00  0.78465174E-02
  0.11200000E+01  0.51999999E+00  0.79482622E-02
  0.11200000E+01  0.53999999E+00  0.81532298E-02
  0.11200000E+01  0.55999999E+00  0.83605708E-02
  0.11200000E+01  0.57999999E+00  0.85706968E-02
  0.11200000E+01  0.59999999E+00  0.87839988E-02
  0.11200000E+01  0.61999999E+00  0.90008465E-02
  0.11200000E+01  0.63999999E+00  0.92215873E-02
  0.11200000E+01  0.65999999E+00  0.94465459E-02
  0.11200000E+01  0.67999998E+00  0.96760224E-02
  0.11200000E+01  0.69999998E+00  0.99102922E-02
  0.11200000E+01  0.71999998E+00  0.10149604E-01
  0.11200000E+01  0.73999998E+00  0.10394179E-01
  0.11200000E+01  0.75999998E+00  0.10644209E-01
  0.11200000E+01  0.77999998E+00  0.10899858E-01
  0.11200000E+01  0.79999998E+00  0.11161254E-01
  0.11200000E+01  0.81999998E+00  0.11428495E-01
  0.11200000E+01  0.83999998E+00  0.11701643E-01
  0.11200000E+01  0.85999998E+00  0.11980724E-01
  0.11200000E+01  0.87999998E+00  0.12265724E-01
  0.11200000E+01  0.89999998E+00  0.12556592E-01
  0.11200000E+01  0.91999998E+00  0.12853232E-01
  0.11200000E+01  0.93999998E+00  0.13155504E-01
  0.11200000E+01  0.95999998E+00  0.13463226E-01
  0.11200000E+01  0.97999998E+00  0.13776163E-01
  0.11200000E+01  0.99999998E+00  0.14094035E-01
  0.11200000E+01  0.10200000E+01  0.14416507E-01
  0.11200000E+01  0.10400000E+01  0.14743193E-01
  0.11200000E+01  0.10600000E+01  0.15073650E-01
  0.11200000E+01  0.10800000E+01  0.15407380E-01
  0.11200000E+01  0.11000000E+01  0.15743824E-01
  0.11200000E+01  0.11200000E+01  0.16082367E-01
  0.11200000E+01  0.11400000E+01  0.16422331E-01
  0.11200000E+01  0.11600000E+01  0.16762975E-01
  0.11200000E+01  0.11800000E+01  0.17103500E-01
  0.11200000E+01  0.12000000E+01  0.17443043E-01
  0.11200000E+01  0.12200000E+01  0.17780680E-01
  0.11200000E+01  0.12400000E+01  0.18115427E-01
  0.11200000E+01  0.12600000E+01  0.18446241E-01
  0.11200000E+01  0.12800000E+01  0.18772025E-01
  0.11200000E+01  0.13000000E+01  0.19091631E-01
  0.11200000E+01  0.13200000E+01  0.19403863E-01
  0.11200000E+01  0.13400000E+01  0.19707484E-01
  0.11200000E+01  0.13600000E+01  0.20001226E-01
  0.11200000E+01  0.13800000E+01  0.20283799E-01
  0.11200000E+01  0.14000000E+01  0.20553899E-01
  0.11200000E+01  0.14200000E+01  0.20810230E-01
  0.11200000E+01  0.14400000E+01  0.21051513E-01
  0.11200000E+01  0.14600000E+01  0.21276514E-01
  0.11200000E+01  0.14800000E+01  0.21484065E-01
  0.11200000E+01  0.15000000E+01  0.21673094E-01
  0.11200000E+01  0.15200000E+01  0.21842664E-01
  0.11200000E+01  0.15400000E+01  0.21992014E-01
  0.11200000E+01  0.15600000E+01  0.22120611E-01
  0.11200000E+01  0.15800000E+01  0.22228208E-01
  0.11200000E+01  0.16000000E+01  0.22314916E-01
  0.11200000E+01  0.16200000E+01  0.22381268E-01
  0.11200000E+01  0.16400000E+01  0.22428273E-01
  0.11200000E+01  0.16600000E+01  0.22457342E-01
  0.11200000E+01  0.16800000E+01  0.22469718E-01
  0.11200000E+01  0.17000000E+01  0.22463076E-01
  0.11200000E+01  0.17200000E+01  0.22387093E-01
  0.11200000E+01  0.17400000E+01  0.22517703E-01
  0.11200000E+01  0.17600000E+01  0.22791317E-01
  0.11200000E+01  0.17800000E+01  0.23055128E-01
  0.11200000E+01  0.18000000E+01  0.23308448E-01
  0.11200000E+01  0.18200000E+01  0.23550596E-01
  0.11200000E+01  0.18400000E+01  0.23780905E-01
  0.11200000E+01  0.18600000E+01  0.23998721E-01
  0.11200000E+01  0.18800000E+01  0.24203407E-01
  0.11200000E+01  0.19000000E+01  0.24394349E-01
  0.11200000E+01  0.19200000E+01  0.24570959E-01
  0.11200000E+01  0.19400000E+01  0.24732680E-01
  0.11200000E+01  0.19600000E+01  0.24878987E-01
  0.11200000E+01  0.19800000E+01  0.25009396E-01
  0.11200000E+01  0.20000000E+01  0.25123467E-01
  0.11400000E+01  0.00000000E+00  0.57584034E-02
  0.11400000E+01  0.20000000E-01  0.61768512E-02
  0.11400000E+01  0.39999999E-01  0.65645371E-02
  0.11400000E+01  0.59999999E-01  0.69212574E-02
  0.11400000E+01  0.79999998E-01  0.72467452E-02
  0.11400000E+01  0.99999998E-01  0.75406859E-02
  0.11400000E+01  0.12000000E+00  0.78027360E-02
  0.11400000E+01  0.14000000E+00  0.80325445E-02
  0.11400000E+01  0.16000000E+00  0.82297789E-02
  0.11400000E+01  0.18000000E+00  0.83941555E-02
  0.11400000E+01  0.20000000E+00  0.85254758E-02
  0.11400000E+01  0.22000000E+00  0.86236694E-02
  0.11400000E+01  0.23999999E+00  0.86888464E-02
  0.11400000E+01  0.25999999E+00  0.87213601E-02
  0.11400000E+01  0.27999999E+00  0.87218845E-02
  0.11400000E+01  0.29999999E+00  0.86915105E-02
  0.11400000E+01  0.31999999E+00  0.86318673E-02
  0.11400000E+01  0.33999999E+00  0.85452809E-02
  0.11400000E+01  0.35999999E+00  0.84349853E-02
  0.11400000E+01  0.37999999E+00  0.83054164E-02
  0.11400000E+01  0.39999999E+00  0.81626442E-02
  0.11400000E+01  0.41999999E+00  0.80150558E-02
  0.11400000E+01  0.43999999E+00  0.78745544E-02
  0.11400000E+01  0.45999999E+00  0.77590357E-02
  0.11400000E+01  0.47999999E+00  0.76992233E-02
  0.11400000E+01  0.49999999E+00  0.77909039E-02
  0.11400000E+01  0.51999999E+00  0.79927765E-02
  0.11400000E+01  0.53999999E+00  0.81965259E-02
  0.11400000E+01  0.55999999E+00  0.84025820E-02
  0.11400000E+01  0.57999999E+00  0.86113552E-02
  0.11400000E+01  0.59999999E+00  0.88232361E-02
  0.11400000E+01  0.61999999E+00  0.90385941E-02
  0.11400000E+01  0.63999999E+00  0.92577772E-02
  0.11400000E+01  0.65999999E+00  0.94811104E-02
  0.11400000E+01  0.67999998E+00  0.97088954E-02
  0.11400000E+01  0.69999998E+00  0.99414085E-02
  0.11400000E+01  0.71999998E+00  0.10178900E-01
  0.11400000E+01  0.73999998E+00  0.10421594E-01
  0.11400000E+01  0.75999998E+00  0.10669685E-01
  0.11400000E+01  0.77999998E+00  0.10923337E-01
  0.11400000E+01  0.79999998E+00  0.11182684E-01
  0.11400000E+01  0.81999998E+00  0.11447826E-01
  0.11400000E+01  0.83999998E+00  0.11718827E-01
  0.11400000E+01  0.85999998E+00  0.11995718E-01
  0.11400000E+01  0.87999998E+00  0.12278489E-01
  0.11400000E+01  0.89999998E+00  0.12567090E-01
  0.11400000E+01  0.91999998E+00  0.12861430E-01
  0.11400000E+01  0.93999998E+00  0.13161375E-01
  0.11400000E+01  0.95999998E+00  0.13466743E-01
  0.11400000E+01  0.97999998E+00  0.13777305E-01
  0.11400000E+01  0.99999998E+00  0.14092784E-01
  0.11400000E+01  0.10200000E+01  0.14412849E-01
  0.11400000E+01  0.10400000E+01  0.14737116E-01
  0.11400000E+01  0.10600000E+01  0.15065147E-01
  0.11400000E+01  0.10800000E+01  0.15396445E-01
  0.11400000E+01  0.11000000E+01  0.15730457E-01
  0.11400000E+01  0.11200000E+01  0.16066568E-01
  0.11400000E+01  0.11400000E+01  0.16404103E-01
  0.11400000E+01  0.11600000E+01  0.16742325E-01
  0.11400000E+01  0.11800000E+01  0.17080436E-01
  0.11400000E+01  0.12000000E+01  0.17417575E-01
  0.11400000E+01  0.12200000E+01  0.17752821E-01
  0.11400000E+01  0.12400000E+01  0.18085192E-01
  0.11400000E+01  0.12600000E+01  0.18413649E-01
  0.11400000E+01  0.12800000E+01  0.18737098E-01
  0.11400000E+01  0.13000000E+01  0.19054393E-01
  0.11400000E+01  0.13200000E+01  0.19364343E-01
  0.11400000E+01  0.13400000E+01  0.19665718E-01
  0.11400000E+01  0.13600000E+01  0.19957257E-01
  0.11400000E+01  0.13800000E+01  0.20237678E-01
  0.11400000E+01  0.14000000E+01  0.20505690E-01
  0.11400000E+01  0.14200000E+01  0.20760007E-01
  0.11400000E+01  0.14400000E+01  0.20999371E-01
  0.11400000E+01  0.14600000E+01  0.21222564E-01
  0.11400000E+01  0.14800000E+01  0.21428442E-01
  0.11400000E+01  0.15000000E+01  0.21615960E-01
  0.11400000E+01  0.15200000E+01  0.21784209E-01
  0.11400000E+01  0.15400000E+01  0.21932452E-01
  0.11400000E+01  0.15600000E+01  0.22060174E-01
  0.11400000E+01  0.15800000E+01  0.22167121E-01
  0.11400000E+01  0.16000000E+01  0.22253334E-01
  0.11400000E+01  0.16200000E+01  0.22319129E-01
  0.11400000E+01  0.16400000E+01  0.22364902E-01
  0.11400000E+01  0.16600000E+01  0.22390251E-01
  0.11400000E+01  0.16800000E+01  0.22389605E-01
  0.11400000E+01  0.17000000E+01  0.22300066E-01
  0.11400000E+01  0.17200000E+01  0.22418955E-01
  0.11400000E+01  0.17400000E+01  0.22697872E-01
  0.11400000E+01  0.17600000E+01  0.22967200E-01
  0.11400000E+01  0.17800000E+01  0.23226239E-01
  0.11400000E+01  0.18000000E+01  0.23474293E-01
  0.11400000E+01  0.18200000E+01  0.23710680E-01
  0.11400000E+01  0.18400000E+01  0.23934728E-01
  0.11400000E+01  0.18600000E+01  0.24145783E-01
  0.11400000E+01  0.18800000E+01  0.24343213E-01
  0.11400000E+01  0.19000000E+01  0.24526407E-01
  0.11400000E+01  0.19200000E+01  0.24694788E-01
  0.11400000E+01  0.19400000E+01  0.24847808E-01
  0.11400000E+01  0.19600000E+01  0.24984961E-01
  0.11400000E+01  0.19800000E+01  0.25105780E-01
  0.11400000E+01  0.20000000E+01  0.25209850E-01
  0.11600000E+01  0.00000000E+00  0.59903098E-02
  0.11600000E+01  0.20000000E-01  0.64017009E-02
  0.11600000E+01  0.39999999E-01  0.67803163E-02
  0.11600000E+01  0.59999999E-01  0.71258625E-02
  0.11600000E+01  0.79999998E-01  0.74379916E-02
  0.11600000E+01  0.99999998E-01  0.77163214E-02
  0.11600000E+01  0.12000000E+00  0.79604574E-02
  0.11600000E+01  0.14000000E+00  0.81700201E-02
  0.11600000E+01  0.16000000E+00  0.83446766E-02
  0.11600000E+01  0.18000000E+00  0.84841784E-02
  0.11600000E+01  0.20000000E+00  0.85884069E-02
  0.11600000E+01  0.22000000E+00  0.86574275E-02
  0.11600000E+01  0.23999999E+00  0.86915563E-02
  0.11600000E+01  0.25999999E+00  0.86914410E-02
  0.11600000E+01  0.27999999E+00  0.86581621E-02
  0.11600000E+01  0.29999999E+00  0.85933610E-02
  0.11600000E+01  0.31999999E+00  0.84994067E-02
  0.11600000E+01  0.33999999E+00  0.83796177E-02
  0.11600000E+01  0.35999999E+00  0.82385718E-02
  0.11600000E+01  0.37999999E+00  0.80825602E-02
  0.11600000E+01  0.39999999E+00  0.79203039E-02
  0.11600000E+01  0.41999999E+00  0.77642088E-02
  0.11600000E+01  0.43999999E+00  0.76329473E-02
  0.11600000E+01  0.45999999E+00  0.75585263E-02
  0.11600000E+01  0.47999999E+00  0.76409958E-02
  0.11600000E+01  0.49999999E+00  0.78403158E-02
  0.11600000E+01  0.51999999E+00  0.80409922E-02
  0.11600000E+01  0.53999999E+00  0.82434716E-02
  0.11600000E+01  0.55999999E+00  0.84481825E-02
  0.11600000E+01  0.57999999E+00  0.86555346E-02
  0.11600000E+01  0.59999999E+00  0.88659183E-02
  0.11600000E+01  0.61999999E+00  0.90797034E-02
  0.11600000E+01  0.63999999E+00  0.92972385E-02
  0.11600000E+01  0.65999999E+00  0.95188502E-02
  0.11600000E+01  0.67999998E+00  0.97448414E-02
  0.11600000E+01  0.69999998E+00  0.99754910E-02
  0.11600000E+01  0.71999998E+00  0.10211052E-01
  0.11600000E+01  0.73999998E+00  0.10451751E-01
  0.11600000E+01  0.75999998E+00  0.10697785E-01
  0.11600000E+01  0.77999998E+00  0.10949324E-01
  0.11600000E+01  0.79999998E+00  0.11206504E-01
  0.11600000E+01  0.81999998E+00  0.11469430E-01
  0.11600000E+01  0.83999998E+00  0.11738172E-01
  0.11600000E+01  0.85999998E+00  0.12012763E-01
  0.11600000E+01  0.87999998E+00  0.12293200E-01
  0.11600000E+01  0.89999998E+00  0.12579438E-01
  0.11600000E+01  0.91999998E+00  0.12871393E-01
  0.11600000E+01  0.93999998E+00  0.13168933E-01
  0.11600000E+01  0.95999998E+00  0.13471885E-01
  0.11600000E+01  0.97999998E+00  0.13780024E-01
  0.11600000E+01  0.99999998E+00  0.14093080E-01
  0.11600000E+01  0.10200000E+01  0.14410726E-01
  0.11600000E+01  0.10400000E+01  0.14732585E-01
  0.11600000E+01  0.10600000E+01  0.15058224E-01
  0.11600000E+01  0.10800000E+01  0.15387153E-01
  0.11600000E+01  0.11000000E+01  0.15718821E-01
  0.11600000E+01  0.11200000E+01  0.16052620E-01
  0.11600000E+01  0.11400000E+01  0.16387880E-01
  0.11600000E+01  0.11600000E+01  0.16723868E-01
  0.11600000E+01  0.11800000E+01  0.17059791E-01
  0.11600000E+01  0.12000000E+01  0.17394791E-01
  0.11600000E+01  0.12200000E+01  0.17727951E-01
  0.11600000E+01  0.12400000E+01  0.18058294E-01
  0.11600000E+01  0.12600000E+01  0.18384782E-01
  0.11600000E+01  0.12800000E+01  0.18706326E-01
  0.11600000E+01  0.13000000E+01  0.19021783E-01
  0.11600000E+01  0.13200000E+01  0.19329964E-01
  0.11600000E+01  0.13400000E+01  0.19629644E-01
  0.11600000E+01  0.13600000E+01  0.19919563E-01
  0.11600000E+01  0.13800000E+01  0.20198442E-01
  0.11600000E+01  0.14000000E+01  0.20464994E-01
  0.11600000E+01  0.14200000E+01  0.20717936E-01
  0.11600000E+01  0.14400000E+01  0.20956008E-01
  0.11600000E+01  0.14600000E+01  0.21177994E-01
  0.11600000E+01  0.14800000E+01  0.21382743E-01
  0.11600000E+01  0.15000000E+01  0.21569198E-01
  0.11600000E+01  0.15200000E+01  0.21736422E-01
  0.11600000E+01  0.15400000E+01  0.21883623E-01
  0.11600000E+01  0.15600000E+01  0.22010179E-01
  0.11600000E+01  0.15800000E+01  0.22115626E-01
  0.11600000E+01  0.16000000E+01  0.22199572E-01
  0.11600000E+01  0.16200000E+01  0.22261365E-01
  0.11600000E+01  0.16400000E+01  0.22298899E-01
  0.11600000E+01  0.16600000E+01  0.22303223E-01
  0.11600000E+01  0.16800000E+01  0.22198262E-01
  0.11600000E+01  0.17000000E+01  0.22304164E-01
  0.11600000E+01  0.17200000E+01  0.22588143E-01
  0.11600000E+01  0.17400000E+01  0.22862772E-01
  0.11600000E+01  0.17600000E+01  0.23127338E-01
  0.11600000E+01  0.17800000E+01  0.23381135E-01
  0.11600000E+01  0.18000000E+01  0.23623465E-01
  0.11600000E+01  0.18200000E+01  0.23853641E-01
  0.11600000E+01  0.18400000E+01  0.24070992E-01
  0.11600000E+01  0.18600000E+01  0.24274868E-01
  0.11600000E+01  0.18800000E+01  0.24464640E-01
  0.11600000E+01  0.19000000E+01  0.24639709E-01
  0.11600000E+01  0.19200000E+01  0.24799507E-01
  0.11600000E+01  0.19400000E+01  0.24943504E-01
  0.11600000E+01  0.19600000E+01  0.25071211E-01
  0.11600000E+01  0.19800000E+01  0.25182186E-01
  0.11600000E+01  0.20000000E+01  0.25276040E-01
  0.11800000E+01  0.00000000E+00  0.62163857E-02
  0.11800000E+01  0.20000000E-01  0.66185956E-02
  0.11800000E+01  0.39999999E-01  0.69858512E-02
  0.11800000E+01  0.59999999E-01  0.73177753E-02
  0.11800000E+01  0.79999998E-01  0.76139497E-02
  0.11800000E+01  0.99999998E-01  0.78739392E-02
  0.11800000E+01  0.12000000E+00  0.80973195E-02
  0.11800000E+01  0.14000000E+00  0.82837102E-02
  0.11800000E+01  0.16000000E+00  0.84328141E-02
  0.11800000E+01  0.18000000E+00  0.85444652E-02
  0.11800000E+01  0.20000000E+00  0.86186849E-02
  0.11800000E+01  0.22000000E+00  0.86557520E-02
  0.11800000E+01  0.23999999E+00  0.86562874E-02
  0.11800000E+01  0.25999999E+00  0.86213604E-02
  0.11800000E+01  0.27999999E+00  0.85526234E-02
  0.11800000E+01  0.29999999E+00  0.84524864E-02
  0.11800000E+01  0.31999999E+00  0.83243508E-02
  0.11800000E+01  0.33999999E+00  0.81729343E-02
  0.11800000E+01  0.35999999E+00  0.80047472E-02
  0.11800000E+01  0.37999999E+00  0.78288430E-02
  0.11800000E+01  0.39999999E+00  0.76581310E-02
  0.11800000E+01  0.41999999E+00  0.75120662E-02
  0.11800000E+01  0.43999999E+00  0.74239672E-02
  0.11800000E+01  0.45999999E+00  0.74981954E-02
  0.11800000E+01  0.47999999E+00  0.76955345E-02
  0.11800000E+01  0.49999999E+00  0.78936868E-02
  0.11800000E+01  0.51999999E+00  0.80931142E-02
  0.11800000E+01  0.53999999E+00  0.82942616E-02
  0.11800000E+01  0.55999999E+00  0.84975567E-02
  0.11800000E+01  0.57999999E+00  0.87034091E-02
  0.11800000E+01  0.59999999E+00  0.89122091E-02
  0.11800000E+01  0.61999999E+00  0.91243277E-02
  0.11800000E+01  0.63999999E+00  0.93401148E-02
  0.11800000E+01  0.65999999E+00  0.95598988E-02
  0.11800000E+01  0.67999998E+00  0.97839853E-02
  0.11800000E+01  0.69999998E+00  0.10012656E-01
  0.11800000E+01  0.71999998E+00  0.10246168E-01
  0.11800000E+01  0.73999998E+00  0.10484751E-01
  0.11800000E+01  0.75999998E+00  0.10728607E-01
  0.11800000E+01  0.77999998E+00  0.10977911E-01
  0.11800000E+01  0.79999998E+00  0.11232805E-01
  0.11800000E+01  0.81999998E+00  0.11493399E-01
  0.11800000E+01  0.83999998E+00  0.11759769E-01
  0.11800000E+01  0.85999998E+00  0.12031955E-01
  0.11800000E+01  0.87999998E+00  0.12309962E-01
  0.11800000E+01  0.89999998E+00  0.12593751E-01
  0.11800000E+01  0.91999998E+00  0.12883244E-01
  0.11800000E+01  0.93999998E+00  0.13178321E-01
  0.11800000E+01  0.95999998E+00  0.13478812E-01
  0.11800000E+01  0.97999998E+00  0.13784505E-01
  0.11800000E+01  0.99999998E+00  0.14095133E-01
  0.11800000E+01  0.10200000E+01  0.14410381E-01
  0.11800000E+01  0.10400000E+01  0.14729878E-01
  0.11800000E+01  0.10600000E+01  0.15053200E-01
  0.11800000E+01  0.10800000E+01  0.15379863E-01
  0.11800000E+01  0.11000000E+01  0.15709326E-01
  0.11800000E+01  0.11200000E+01  0.16040987E-01
  0.11800000E+01  0.11400000E+01  0.16374183E-01
  0.11800000E+01  0.11600000E+01  0.16708187E-01
  0.11800000E+01  0.11800000E+01  0.17042212E-01
  0.11800000E+01  0.12000000E+01  0.17375406E-01
  0.11800000E+01  0.12200000E+01  0.17706856E-01
  0.11800000E+01  0.12400000E+01  0.18035588E-01
  0.11800000E+01  0.12600000E+01  0.18360568E-01
  0.11800000E+01  0.12800000E+01  0.18680708E-01
  0.11800000E+01  0.13000000E+01  0.18994866E-01
  0.11800000E+01  0.13200000E+01  0.19301853E-01
  0.11800000E+01  0.13400000E+01  0.19600438E-01
  0.11800000E+01  0.13600000E+01  0.19889359E-01
  0.11800000E+01  0.13800000E+01  0.20167328E-01
  0.11800000E+01  0.14000000E+01  0.20433044E-01
  0.11800000E+01  0.14200000E+01  0.20685209E-01
  0.11800000E+01  0.14400000E+01  0.20922536E-01
  0.11800000E+01  0.14600000E+01  0.21143772E-01
  0.11800000E+01  0.14800000E+01  0.21347713E-01
  0.11800000E+01  0.15000000E+01  0.21533217E-01
  0.11800000E+01  0.15200000E+01  0.21699220E-01
  0.11800000E+01  0.15400000E+01  0.21844722E-01
  0.11800000E+01  0.15600000E+01  0.21968746E-01
  0.11800000E+01  0.15800000E+01  0.22070171E-01
  0.11800000E+01  0.16000000E+01  0.22147270E-01
  0.11800000E+01  0.16200000E+01  0.22196176E-01
  0.11800000E+01  0.16400000E+01  0.22204433E-01
  0.11800000E+01  0.16600000E+01  0.22082191E-01
  0.11800000E+01  0.16800000E+01  0.22173845E-01
  0.11800000E+01  0.17000000E+01  0.22462623E-01
  0.11800000E+01  0.17200000E+01  0.22742313E-01
  0.11800000E+01  0.17400000E+01  0.23012191E-01
  0.11800000E+01  0.17600000E+01  0.23271542E-01
  0.11800000E+01  0.17800000E+01  0.23519652E-01
  0.11800000E+01  0.18000000E+01  0.23755822E-01
  0.11800000E+01  0.18200000E+01  0.23979366E-01
  0.11800000E+01  0.18400000E+01  0.24189616E-01
  0.11800000E+01  0.18600000E+01  0.24385927E-01
  0.11800000E+01  0.18800000E+01  0.24567680E-01
  0.11800000E+01  0.19000000E+01  0.24734285E-01
  0.11800000E+01  0.19200000E+01  0.24885193E-01
  0.11800000E+01  0.19400000E+01  0.25019890E-01
  0.11800000E+01  0.19600000E+01  0.25137912E-01
  0.11800000E+01  0.19800000E+01  0.25238844E-01
  0.11800000E+01  0.20000000E+01  0.25322328E-01
  0.12000000E+01  0.00000000E+00  0.64342985E-02
  0.12000000E+01  0.20000000E-01  0.68249787E-02
  0.12000000E+01  0.39999999E-01  0.71783658E-02
  0.12000000E+01  0.59999999E-01  0.74940095E-02
  0.12000000E+01  0.79999998E-01  0.77714367E-02
  0.12000000E+01  0.99999998E-01  0.80101806E-02
  0.12000000E+01  0.12000000E+00  0.82098155E-02
  0.12000000E+01  0.14000000E+00  0.83699974E-02
  0.12000000E+01  0.16000000E+00  0.84905137E-02
  0.12000000E+01  0.18000000E+00  0.85713429E-02
  0.12000000E+01  0.20000000E+00  0.86127265E-02
  0.12000000E+01  0.22000000E+00  0.86152587E-02
  0.12000000E+01  0.23999999E+00  0.85799969E-02
  0.12000000E+01  0.25999999E+00  0.85086035E-02
  0.12000000E+01  0.27999999E+00  0.84035282E-02
  0.12000000E+01  0.29999999E+00  0.82682537E-02
  0.12000000E+01  0.31999999E+00  0.81076355E-02
  0.12000000E+01  0.33999999E+00  0.79284014E-02
  0.12000000E+01  0.35999999E+00  0.77399368E-02
  0.12000000E+01  0.37999999E+00  0.75556551E-02
  0.12000000E+01  0.39999999E+00  0.73958015E-02
  0.12000000E+01  0.41999999E+00  0.72950395E-02
  0.12000000E+01  0.43999999E+00  0.73620987E-02
  0.12000000E+01  0.45999999E+00  0.75580561E-02
  0.12000000E+01  0.47999999E+00  0.77542622E-02
  0.12000000E+01  0.49999999E+00  0.79511925E-02
  0.12000000E+01  0.51999999E+00  0.81493069E-02
  0.12000000E+01  0.53999999E+00  0.83490493E-02
  0.12000000E+01  0.55999999E+00  0.85508470E-02
  0.12000000E+01  0.57999999E+00  0.87551096E-02
  0.12000000E+01  0.59999999E+00  0.89622285E-02
  0.12000000E+01  0.61999999E+00  0.91725761E-02
  0.12000000E+01  0.63999999E+00  0.93865045E-02
  0.12000000E+01  0.65999999E+00  0.96043450E-02
  0.12000000E+01  0.67999998E+00  0.98264065E-02
  0.12000000E+01  0.69999998E+00  0.10052975E-01
  0.12000000E+01  0.71999998E+00  0.10284312E-01
  0.12000000E+01  0.73999998E+00  0.10520652E-01
  0.12000000E+01  0.75999998E+00  0.10762206E-01
  0.12000000E+01  0.77999998E+00  0.11009151E-01
  0.12000000E+01  0.79999998E+00  0.11261638E-01
  0.12000000E+01  0.81999998E+00  0.11519784E-01
  0.12000000E+01  0.83999998E+00  0.11783675E-01
  0.12000000E+01  0.85999998E+00  0.12053359E-01
  0.12000000E+01  0.87999998E+00  0.12328848E-01
  0.12000000E+01  0.89999998E+00  0.12610114E-01
  0.12000000E+01  0.91999998E+00  0.12897089E-01
  0.12000000E+01  0.93999998E+00  0.13189661E-01
  0.12000000E+01  0.95999998E+00  0.13487674E-01
  0.12000000E+01  0.97999998E+00  0.13790922E-01
  0.12000000E+01  0.99999998E+00  0.14099152E-01
  0.12000000E+01  0.10200000E+01  0.14412058E-01
  0.12000000E+01  0.10400000E+01  0.14729281E-01
  0.12000000E+01  0.10600000E+01  0.15050405E-01
  0.12000000E+01  0.10800000E+01  0.15374959E-01
  0.12000000E+01  0.11000000E+01  0.15702409E-01
  0.12000000E+01  0.11200000E+01  0.16032164E-01
  0.12000000E+01  0.11400000E+01  0.16363569E-01
  0.12000000E+01  0.11600000E+01  0.16695906E-01
  0.12000000E+01  0.11800000E+01  0.17028393E-01
  0.12000000E+01  0.12000000E+01  0.17360185E-01
  0.12000000E+01  0.12200000E+01  0.17690372E-01
  0.12000000E+01  0.12400000E+01  0.18017984E-01
  0.12000000E+01  0.12600000E+01  0.18341988E-01
  0.12000000E+01  0.12800000E+01  0.18661291E-01
  0.12000000E+01  0.13000000E+01  0.18974748E-01
  0.12000000E+01  0.13200000E+01  0.19281161E-01
  0.12000000E+01  0.13400000E+01  0.19579287E-01
  0.12000000E+01  0.13600000E+01  0.19867843E-01
  0.12000000E+01  0.13800000E+01  0.20145515E-01
  0.12000000E+01  0.14000000E+01  0.20410967E-01
  0.12000000E+01  0.14200000E+01  0.20662847E-01
  0.12000000E+01  0.14400000E+01  0.20899802E-01
  0.12000000E+01  0.14600000E+01  0.21120482E-01
  0.12000000E+01  0.14800000E+01  0.21323543E-01
  0.12000000E+01  0.15000000E+01  0.21507641E-01
  0.12000000E+01  0.15200000E+01  0.21671398E-01
  0.12000000E+01  0.15400000E+01  0.21813312E-01
  0.12000000E+01  0.15600000E+01  0.21931519E-01
  0.12000000E+01  0.15800000E+01  0.22023185E-01
  0.12000000E+01  0.16000000E+01  0.22082633E-01
  0.12000000E+01  0.16200000E+01  0.22093774E-01
  0.12000000E+01  0.16400000E+01  0.21952416E-01
  0.12000000E+01  0.16600000E+01  0.22028569E-01
  0.12000000E+01  0.16800000E+01  0.22321863E-01
  0.12000000E+01  0.17000000E+01  0.22606352E-01
  0.12000000E+01  0.17200000E+01  0.22881305E-01
  0.12000000E+01  0.17400000E+01  0.23145994E-01
  0.12000000E+01  0.17600000E+01  0.23399696E-01
  0.12000000E+01  0.17800000E+01  0.23641700E-01
  0.12000000E+01  0.18000000E+01  0.23871305E-01
  0.12000000E+01  0.18200000E+01  0.24087828E-01
  0.12000000E+01  0.18400000E+01  0.24290607E-01
  0.12000000E+01  0.18600000E+01  0.24479006E-01
  0.12000000E+01  0.18800000E+01  0.24652417E-01
  0.12000000E+01  0.19000000E+01  0.24810267E-01
  0.12000000E+01  0.19200000E+01  0.24952023E-01
  0.12000000E+01  0.19400000E+01  0.25077196E-01
  0.12000000E+01  0.19600000E+01  0.25185348E-01
  0.12000000E+01  0.19800000E+01  0.25276096E-01
  0.12000000E+01  0.20000000E+01  0.25349118E-01
  0.12200000E+01  0.00000000E+00  0.66415003E-02
  0.12200000E+01  0.20000000E-01  0.70180814E-02
  0.12200000E+01  0.39999999E-01  0.73548797E-02
  0.12200000E+01  0.59999999E-01  0.76513874E-02
  0.12200000E+01  0.79999998E-01  0.79070984E-02
  0.12200000E+01  0.99999998E-01  0.81215438E-02
  0.12200000E+01  0.12000000E+00  0.82943347E-02
  0.12200000E+01  0.14000000E+00  0.84252139E-02
  0.12200000E+01  0.16000000E+00  0.85141174E-02
  0.12200000E+01  0.18000000E+00  0.85612504E-02
  0.12200000E+01  0.20000000E+00  0.85671803E-02
  0.12200000E+01  0.22000000E+00  0.85329525E-02
  0.12200000E+01  0.23999999E+00  0.84602385E-02
  0.12200000E+01  0.25999999E+00  0.83515267E-02
  0.12200000E+01  0.27999999E+00  0.82103793E-02
  0.12200000E+01  0.29999999E+00  0.80417883E-02
  0.12200000E+01  0.31999999E+00  0.78526977E-02
  0.12200000E+01  0.33999999E+00  0.76528236E-02
  0.12200000E+01  0.35999999E+00  0.74560855E-02
  0.12200000E+01  0.37999999E+00  0.72835265E-02
  0.12200000E+01  0.39999999E+00  0.71711924E-02
  0.12200000E+01  0.41999999E+00  0.72322419E-02
  0.12200000E+01  0.43999999E+00  0.74274432E-02
  0.12200000E+01  0.45999999E+00  0.76223089E-02
  0.12200000E+01  0.47999999E+00  0.78173261E-02
  0.12200000E+01  0.49999999E+00  0.80129681E-02
  0.12200000E+01  0.51999999E+00  0.82096936E-02
  0.12200000E+01  0.53999999E+00  0.84079458E-02
  0.12200000E+01  0.55999999E+00  0.86081521E-02
  0.12200000E+01  0.57999999E+00  0.88107231E-02
  0.12200000E+01  0.59999999E+00  0.90160517E-02
  0.12200000E+01  0.61999999E+00  0.92245125E-02
  0.12200000E+01  0.63999999E+00  0.94364611E-02
  0.12200000E+01  0.65999999E+00  0.96522323E-02
  0.12200000E+01  0.67999998E+00  0.98721398E-02
  0.12200000E+01  0.69999998E+00  0.10096475E-01
  0.12200000E+01  0.71999998E+00  0.10325505E-01
  0.12200000E+01  0.73999998E+00  0.10559472E-01
  0.12200000E+01  0.75999998E+00  0.10798593E-01
  0.12200000E+01  0.77999998E+00  0.11043055E-01
  0.12200000E+01  0.79999998E+00  0.11293017E-01
  0.12200000E+01  0.81999998E+00  0.11548606E-01
  0.12200000E+01  0.83999998E+00  0.11809917E-01
  0.12200000E+01  0.85999998E+00  0.12077009E-01
  0.12200000E+01  0.87999998E+00  0.12349907E-01
  0.12200000E+01  0.89999998E+00  0.12628593E-01
  0.12200000E+01  0.91999998E+00  0.12913012E-01
  0.12200000E+01  0.93999998E+00  0.13203065E-01
  0.12200000E+01  0.95999998E+00  0.13498608E-01
  0.12200000E+01  0.97999998E+00  0.13799449E-01
  0.12200000E+01  0.99999998E+00  0.14105347E-01
  0.12200000E+01  0.10200000E+01  0.14416011E-01
  0.12200000E+01  0.10400000E+01  0.14731093E-01
  0.12200000E+01  0.10600000E+01  0.15050192E-01
  0.12200000E+01  0.10800000E+01  0.15372848E-01
  0.12200000E+01  0.11000000E+01  0.15698540E-01
  0.12200000E+01  0.11200000E+01  0.16026686E-01
  0.12200000E+01  0.11400000E+01  0.16356643E-01
  0.12200000E+01  0.11600000E+01  0.16687700E-01
  0.12200000E+01  0.11800000E+01  0.17019082E-01
  0.12200000E+01  0.12000000E+01  0.17349950E-01
  0.12200000E+01  0.12200000E+01  0.17679396E-01
  0.12200000E+01  0.12400000E+01  0.18006448E-01
  0.12200000E+01  0.12600000E+01  0.18330070E-01
  0.12200000E+01  0.12800000E+01  0.18649161E-01
  0.12200000E+01  0.13000000E+01  0.18962560E-01
  0.12200000E+01  0.13200000E+01  0.19269048E-01
  0.12200000E+01  0.13400000E+01  0.19567352E-01
  0.12200000E+01  0.13600000E+01  0.19856149E-01
  0.12200000E+01  0.13800000E+01  0.20134067E-01
  0.12200000E+01  0.14000000E+01  0.20399696E-01
  0.12200000E+01  0.14200000E+01  0.20651583E-01
  0.12200000E+01  0.14400000E+01  0.20888234E-01
  0.12200000E+01  0.14600000E+01  0.21108103E-01
  0.12200000E+01  0.14800000E+01  0.21309567E-01
  0.12200000E+01  0.15000000E+01  0.21490863E-01
  0.12200000E+01  0.15200000E+01  0.21649956E-01
  0.12200000E+01  0.15400000E+01  0.21784226E-01
  0.12200000E+01  0.15600000E+01  0.21889703E-01
  0.12200000E+01  0.15800000E+01  0.21958847E-01
  0.12200000E+01  0.16000000E+01  0.21971822E-01
  0.12200000E+01  0.16200000E+01  0.21809540E-01
  0.12200000E+01  0.16400000E+01  0.21868957E-01
  0.12200000E+01  0.16600000E+01  0.22166467E-01
  0.12200000E+01  0.16800000E+01  0.22455474E-01
  0.12200000E+01  0.17000000E+01  0.22735241E-01
  0.12200000E+01  0.17200000E+01  0.23005031E-01
  0.12200000E+01  0.17400000E+01  0.23264112E-01
  0.12200000E+01  0.17600000E+01  0.23511763E-01
  0.12200000E+01  0.17800000E+01  0.23747269E-01
  0.12200000E+01  0.18000000E+01  0.23969935E-01
  0.12200000E+01  0.18200000E+01  0.24179083E-01
  0.12200000E+01  0.18400000E+01  0.24374059E-01
  0.12200000E+01  0.18600000E+01  0.24554239E-01
  0.12200000E+01  0.18800000E+01  0.24719030E-01
  0.12200000E+01  0.19000000E+01  0.24867879E-01
  0.12200000E+01  0.19200000E+01  0.25000273E-01
  0.12200000E+01  0.19400000E+01  0.25115753E-01
  0.12200000E+01  0.19600000E+01  0.25213909E-01
  0.12200000E+01  0.19800000E+01  0.25294396E-01
  0.12200000E+01  0.20000000E+01  0.25356930E-01
  0.12400000E+01  0.00000000E+00  0.68352306E-02
  0.12400000E+01  0.20000000E-01  0.71949303E-02
  0.12400000E+01  0.39999999E-01  0.75122211E-02
  0.12400000E+01  0.59999999E-01  0.77865606E-02
  0.12400000E+01  0.79999998E-01  0.80174394E-02
  0.12400000E+01  0.99999998E-01  0.82044261E-02
  0.12400000E+01  0.12000000E+00  0.83472204E-02
  0.12400000E+01  0.14000000E+00  0.84457174E-02
  0.12400000E+01  0.16000000E+00  0.85000867E-02
  0.12400000E+01  0.18000000E+00  0.85108694E-02
  0.12400000E+01  0.20000000E+00  0.84790989E-02
  0.12400000E+01  0.22000000E+00  0.84064549E-02
  0.12400000E+01  0.23999999E+00  0.82954639E-02
  0.12400000E+01  0.25999999E+00  0.81497664E-02
  0.12400000E+01  0.27999999E+00  0.79744894E-02
  0.12400000E+01  0.29999999E+00  0.77767913E-02
  0.12400000E+01  0.31999999E+00  0.75667188E-02
  0.12400000E+01  0.33999999E+00  0.73586987E-02
  0.12400000E+01  0.35999999E+00  0.71745807E-02
  0.12400000E+01  0.37999999E+00  0.70518323E-02
  0.12400000E+01  0.39999999E+00  0.71081038E-02
  0.12400000E+01  0.41999999E+00  0.73031999E-02
  0.12400000E+01  0.43999999E+00  0.74973572E-02
  0.12400000E+01  0.45999999E+00  0.76910732E-02
  0.12400000E+01  0.47999999E+00  0.78848327E-02
  0.12400000E+01  0.49999999E+00  0.80791074E-02
  0.12400000E+01  0.51999999E+00  0.82743550E-02
  0.12400000E+01  0.53999999E+00  0.84710188E-02
  0.12400000E+01  0.55999999E+00  0.86695270E-02
  0.12400000E+01  0.57999999E+00  0.88702917E-02
  0.12400000E+01  0.59999999E+00  0.90737086E-02
  0.12400000E+01  0.61999999E+00  0.92801557E-02
  0.12400000E+01  0.63999999E+00  0.94899925E-02
  0.12400000E+01  0.65999999E+00  0.97035591E-02
  0.12400000E+01  0.67999998E+00  0.99211753E-02
  0.12400000E+01  0.69999998E+00  0.10143139E-01
  0.12400000E+01  0.71999998E+00  0.10369725E-01
  0.12400000E+01  0.73999998E+00  0.10601185E-01
  0.12400000E+01  0.75999998E+00  0.10837743E-01
  0.12400000E+01  0.77999998E+00  0.11079599E-01
  0.12400000E+01  0.79999998E+00  0.11326921E-01
  0.12400000E+01  0.81999998E+00  0.11579849E-01
  0.12400000E+01  0.83999998E+00  0.11838490E-01
  0.12400000E+01  0.85999998E+00  0.12102916E-01
  0.12400000E+01  0.87999998E+00  0.12373166E-01
  0.12400000E+01  0.89999998E+00  0.12649237E-01
  0.12400000E+01  0.91999998E+00  0.12931089E-01
  0.12400000E+01  0.93999998E+00  0.13218637E-01
  0.12400000E+01  0.95999998E+00  0.13511754E-01
  0.12400000E+01  0.97999998E+00  0.13810264E-01
  0.12400000E+01  0.99999998E+00  0.14113942E-01
  0.12400000E+01  0.10200000E+01  0.14422511E-01
  0.12400000E+01  0.10400000E+01  0.14735641E-01
  0.12400000E+01  0.10600000E+01  0.15052946E-01
  0.12400000E+01  0.10800000E+01  0.15373978E-01
  0.12400000E+01  0.11000000E+01  0.15698232E-01
  0.12400000E+01  0.11200000E+01  0.16025138E-01
  0.12400000E+01  0.11400000E+01  0.16354061E-01
  0.12400000E+01  0.11600000E+01  0.16684300E-01
  0.12400000E+01  0.11800000E+01  0.17015087E-01
  0.12400000E+01  0.12000000E+01  0.17345582E-01
  0.12400000E+01  0.12200000E+01  0.17674878E-01
  0.12400000E+01  0.12400000E+01  0.18001997E-01
  0.12400000E+01  0.12600000E+01  0.18325888E-01
  0.12400000E+01  0.12800000E+01  0.18645431E-01
  0.12400000E+01  0.13000000E+01  0.18959436E-01
  0.12400000E+01  0.13200000E+01  0.19266643E-01
  0.12400000E+01  0.13400000E+01  0.19565724E-01
  0.12400000E+01  0.13600000E+01  0.19855279E-01
  0.12400000E+01  0.13800000E+01  0.20133837E-01
  0.12400000E+01  0.14000000E+01  0.20399852E-01
  0.12400000E+01  0.14200000E+01  0.20651688E-01
  0.12400000E+01  0.14400000E+01  0.20887598E-01
  0.12400000E+01  0.14600000E+01  0.21105679E-01
  0.12400000E+01  0.14800000E+01  0.21303779E-01
  0.12400000E+01  0.15000000E+01  0.21479322E-01
  0.12400000E+01  0.15200000E+01  0.21628916E-01
  0.12400000E+01  0.15400000E+01  0.21747434E-01
  0.12400000E+01  0.15600000E+01  0.21825421E-01
  0.12400000E+01  0.15800000E+01  0.21839185E-01
  0.12400000E+01  0.16000000E+01  0.21654209E-01
  0.12400000E+01  0.16200000E+01  0.21695675E-01
  0.12400000E+01  0.16400000E+01  0.21997084E-01
  0.12400000E+01  0.16600000E+01  0.22290310E-01
  0.12400000E+01  0.16800000E+01  0.22574611E-01
  0.12400000E+01  0.17000000E+01  0.22849243E-01
  0.12400000E+01  0.17200000E+01  0.23113468E-01
  0.12400000E+01  0.17400000E+01  0.23366553E-01
  0.12400000E+01  0.17600000E+01  0.23607775E-01
  0.12400000E+01  0.17800000E+01  0.23836425E-01
  0.12400000E+01  0.18000000E+01  0.24051813E-01
  0.12400000E+01  0.18200000E+01  0.24253269E-01
  0.12400000E+01  0.18400000E+01  0.24440151E-01
  0.12400000E+01  0.18600000E+01  0.24611850E-01
  0.12400000E+01  0.18800000E+01  0.24767791E-01
  0.12400000E+01  0.19000000E+01  0.24907443E-01
  0.12400000E+01  0.19200000E+01  0.25030322E-01
  0.12400000E+01  0.19400000E+01  0.25135995E-01
  0.12400000E+01  0.19600000E+01  0.25224092E-01
  0.12400000E+01  0.19800000E+01  0.25294304E-01
  0.12400000E+01  0.20000000E+01  0.25346394E-01
  0.12600000E+01  0.00000000E+00  0.70125237E-02
  0.12600000E+01  0.20000000E-01  0.73523607E-02
  0.12600000E+01  0.39999999E-01  0.76470487E-02
  0.12600000E+01  0.59999999E-01  0.78960410E-02
  0.12600000E+01  0.79999998E-01  0.80988661E-02
  0.12600000E+01  0.99999998E-01  0.82551825E-02
  0.12600000E+01  0.12000000E+00  0.83648463E-02
  0.12600000E+01  0.14000000E+00  0.84279926E-02
  0.12600000E+01  0.16000000E+00  0.84451367E-02
  0.12600000E+01  0.18000000E+00  0.84173000E-02
  0.12600000E+01  0.20000000E+00  0.83461706E-02
  0.12600000E+01  0.22000000E+00  0.82343117E-02
  0.12600000E+01  0.23999999E+00  0.80854414E-02
  0.12600000E+01  0.25999999E+00  0.79048201E-02
  0.12600000E+01  0.27999999E+00  0.76998196E-02
  0.12600000E+01  0.29999999E+00  0.74808162E-02
  0.12600000E+01  0.31999999E+00  0.72627455E-02
  0.12600000E+01  0.33999999E+00  0.70682720E-02
  0.12600000E+01  0.35999999E+00  0.69363255E-02
  0.12600000E+01  0.37999999E+00  0.69891086E-02
  0.12600000E+01  0.39999999E+00  0.71847737E-02
  0.12600000E+01  0.41999999E+00  0.73788799E-02
  0.12600000E+01  0.43999999E+00  0.75719331E-02
  0.12600000E+01  0.45999999E+00  0.77644279E-02
  0.12600000E+01  0.47999999E+00  0.79568471E-02
  0.12600000E+01  0.49999999E+00  0.81496613E-02
  0.12600000E+01  0.51999999E+00  0.83433280E-02
  0.12600000E+01  0.53999999E+00  0.85382914E-02
  0.12600000E+01  0.55999999E+00  0.87349813E-02
  0.12600000E+01  0.57999999E+00  0.89338125E-02
  0.12600000E+01  0.59999999E+00  0.91351841E-02
  0.12600000E+01  0.61999999E+00  0.93394789E-02
  0.12600000E+01  0.63999999E+00  0.95470619E-02
  0.12600000E+01  0.65999999E+00  0.97582798E-02
  0.12600000E+01  0.67999998E+00  0.99734597E-02
  0.12600000E+01  0.69999998E+00  0.10192908E-01
  0.12600000E+01  0.71999998E+00  0.10416910E-01
  0.12600000E+01  0.73999998E+00  0.10645726E-01
  0.12600000E+01  0.75999998E+00  0.10879594E-01
  0.12600000E+01  0.77999998E+00  0.11118724E-01
  0.12600000E+01  0.79999998E+00  0.11363299E-01
  0.12600000E+01  0.81999998E+00  0.11613472E-01
  0.12600000E+01  0.83999998E+00  0.11869366E-01
  0.12600000E+01  0.85999998E+00  0.12131071E-01
  0.12600000E+01  0.87999998E+00  0.12398638E-01
  0.12600000E+01  0.89999998E+00  0.12672085E-01
  0.12600000E+01  0.91999998E+00  0.12951389E-01
  0.12600000E+01  0.93999998E+00  0.13236483E-01
  0.12600000E+01  0.95999998E+00  0.13527259E-01
  0.12600000E+01  0.97999998E+00  0.13823559E-01
  0.12600000E+01  0.99999998E+00  0.14125178E-01
  0.12600000E+01  0.10200000E+01  0.14431857E-01
  0.12600000E+01  0.10400000E+01  0.14743284E-01
  0.12600000E+01  0.10600000E+01  0.15059090E-01
  0.12600000E+01  0.10800000E+01  0.15378843E-01
  0.12600000E+01  0.11000000E+01  0.15702052E-01
  0.12600000E+01  0.11200000E+01  0.16028160E-01
  0.12600000E+01  0.11400000E+01  0.16356541E-01
  0.12600000E+01  0.11600000E+01  0.16686502E-01
  0.12600000E+01  0.11800000E+01  0.17017277E-01
  0.12600000E+01  0.12000000E+01  0.17348023E-01
  0.12600000E+01  0.12200000E+01  0.17677825E-01
  0.12600000E+01  0.12400000E+01  0.18005688E-01
  0.12600000E+01  0.12600000E+01  0.18330537E-01
  0.12600000E+01  0.12800000E+01  0.18651214E-01
  0.12600000E+01  0.13000000E+01  0.18966477E-01
  0.12600000E+01  0.13200000E+01  0.19274996E-01
  0.12600000E+01  0.13400000E+01  0.19575348E-01
  0.12600000E+01  0.13600000E+01  0.19866008E-01
  0.12600000E+01  0.13800000E+01  0.20145336E-01
  0.12600000E+01  0.14000000E+01  0.20411558E-01
  0.12600000E+01  0.14200000E+01  0.20662726E-01
  0.12600000E+01  0.14400000E+01  0.20896657E-01
  0.12600000E+01  0.14600000E+01  0.21110809E-01
  0.12600000E+01  0.14800000E+01  0.21302058E-01
  0.12600000E+01  0.15000000E+01  0.21466226E-01
  0.12600000E+01  0.15200000E+01  0.21597003E-01
  0.12600000E+01  0.15400000E+01  0.21682979E-01
  0.12600000E+01  0.15600000E+01  0.21696492E-01
  0.12600000E+01  0.15800000E+01  0.21487102E-01
  0.12600000E+01  0.16000000E+01  0.21509429E-01
  0.12600000E+01  0.16200000E+01  0.21814406E-01
  0.12600000E+01  0.16400000E+01  0.22111534E-01
  0.12600000E+01  0.16600000E+01  0.22400070E-01
  0.12600000E+01  0.16800000E+01  0.22679267E-01
  0.12600000E+01  0.17000000E+01  0.22948378E-01
  0.12600000E+01  0.17200000E+01  0.23206663E-01
  0.12600000E+01  0.17400000E+01  0.23453391E-01
  0.12600000E+01  0.17600000E+01  0.23687842E-01
  0.12600000E+01  0.17800000E+01  0.23909312E-01
  0.12600000E+01  0.18000000E+01  0.24117120E-01
  0.12600000E+01  0.18200000E+01  0.24310608E-01
  0.12600000E+01  0.18400000E+01  0.24489149E-01
  0.12600000E+01  0.18600000E+01  0.24652151E-01
  0.12600000E+01  0.18800000E+01  0.24799063E-01
  0.12600000E+01  0.19000000E+01  0.24929378E-01
  0.12600000E+01  0.19200000E+01  0.25042642E-01
  0.12600000E+01  0.19400000E+01  0.25138458E-01
  0.12600000E+01  0.19600000E+01  0.25216494E-01
  0.12600000E+01  0.19800000E+01  0.25276487E-01
  0.12600000E+01  0.20000000E+01  0.25318249E-01
  0.12800000E+01  0.00000000E+00  0.71702230E-02
  0.12800000E+01  0.20000000E-01  0.74870388E-02
  0.12800000E+01  0.39999999E-01  0.77558823E-02
  0.12800000E+01  0.59999999E-01  0.79762444E-02
  0.12800000E+01  0.79999998E-01  0.81477451E-02
  0.12800000E+01  0.99999998E-01  0.82702031E-02
  0.12800000E+01  0.12000000E+00  0.83437203E-02
  0.12800000E+01  0.14000000E+00  0.83687871E-02
  0.12800000E+01  0.16000000E+00  0.83464134E-02
  0.12800000E+01  0.18000000E+00  0.82782954E-02
  0.12800000E+01  0.20000000E+00  0.81670328E-02
  0.12800000E+01  0.22000000E+00  0.80164197E-02
  0.12800000E+01  0.23999999E+00  0.78318488E-02
  0.12800000E+01  0.25999999E+00  0.76209039E-02
  0.12800000E+01  0.27999999E+00  0.73942900E-02
  0.12800000E+01  0.29999999E+00  0.71674526E-02
  0.12800000E+01  0.31999999E+00  0.69638787E-02
  0.12800000E+01  0.33999999E+00  0.68240000E-02
  0.12800000E+01  0.35999999E+00  0.68746275E-02
  0.12800000E+01  0.37999999E+00  0.70715581E-02
  0.12800000E+01  0.39999999E+00  0.72662944E-02
  0.12800000E+01  0.41999999E+00  0.74593485E-02
  0.12800000E+01  0.43999999E+00  0.76512230E-02
  0.12800000E+01  0.45999999E+00  0.78424102E-02
  0.12800000E+01  0.47999999E+00  0.80333915E-02
  0.12800000E+01  0.49999999E+00  0.82246372E-02
  0.12800000E+01  0.51999999E+00  0.84166055E-02
  0.12800000E+01  0.53999999E+00  0.86097421E-02
  0.12800000E+01  0.55999999E+00  0.88044796E-02
  0.12800000E+01  0.57999999E+00  0.90012368E-02
  0.12800000E+01  0.59999999E+00  0.92004176E-02
  0.12800000E+01  0.61999999E+00  0.94024107E-02
  0.12800000E+01  0.63999999E+00  0.96075882E-02
  0.12800000E+01  0.65999999E+00  0.98163051E-02
  0.12800000E+01  0.67999998E+00  0.10028898E-01
  0.12800000E+01  0.69999998E+00  0.10245683E-01
  0.12800000E+01  0.71999998E+00  0.10466958E-01
  0.12800000E+01  0.73999998E+00  0.10692996E-01
  0.12800000E+01  0.75999998E+00  0.10924049E-01
  0.12800000E+01  0.77999998E+00  0.11160341E-01
  0.12800000E+01  0.79999998E+00  0.11402072E-01
  0.12800000E+01  0.81999998E+00  0.11649412E-01
  0.12800000E+01  0.83999998E+00  0.11902502E-01
  0.12800000E+01  0.85999998E+00  0.12161450E-01
  0.12800000E+01  0.87999998E+00  0.12426328E-01
  0.12800000E+01  0.89999998E+00  0.12697175E-01
  0.12800000E+01  0.91999998E+00  0.12973986E-01
  0.12800000E+01  0.93999998E+00  0.13256719E-01
  0.12800000E+01  0.95999998E+00  0.13545286E-01
  0.12800000E+01  0.97999998E+00  0.13839551E-01
  0.12800000E+01  0.99999998E+00  0.14139330E-01
  0.12800000E+01  0.10200000E+01  0.14444386E-01
  0.12800000E+01  0.10400000E+01  0.14754426E-01
  0.12800000E+01  0.10600000E+01  0.15069098E-01
  0.12800000E+01  0.10800000E+01  0.15387991E-01
  0.12800000E+01  0.11000000E+01  0.15710626E-01
  0.12800000E+01  0.11200000E+01  0.16036457E-01
  0.12800000E+01  0.11400000E+01  0.16364868E-01
  0.12800000E+01  0.11600000E+01  0.16695167E-01
  0.12800000E+01  0.11800000E+01  0.17026585E-01
  0.12800000E+01  0.12000000E+01  0.17358270E-01
  0.12800000E+01  0.12200000E+01  0.17689285E-01
  0.12800000E+01  0.12400000E+01  0.18018607E-01
  0.12800000E+01  0.12600000E+01  0.18345113E-01
  0.12800000E+01  0.12800000E+01  0.18667586E-01
  0.12800000E+01  0.13000000E+01  0.18984696E-01
  0.12800000E+01  0.13200000E+01  0.19295002E-01
  0.12800000E+01  0.13400000E+01  0.19596926E-01
  0.12800000E+01  0.13600000E+01  0.19888743E-01
  0.12800000E+01  0.13800000E+01  0.20168541E-01
  0.12800000E+01  0.14000000E+01  0.20434174E-01
  0.12800000E+01  0.14200000E+01  0.20683178E-01
  0.12800000E+01  0.14400000E+01  0.20912617E-01
  0.12800000E+01  0.14600000E+01  0.21118815E-01
  0.12800000E+01  0.14800000E+01  0.21296797E-01
  0.12800000E+01  0.15000000E+01  0.21439048E-01
  0.12800000E+01  0.15200000E+01  0.21532157E-01
  0.12800000E+01  0.15400000E+01  0.21544397E-01
  0.12800000E+01  0.15600000E+01  0.21308925E-01
  0.12800000E+01  0.15800000E+01  0.21310959E-01
  0.12800000E+01  0.16000000E+01  0.21619157E-01
  0.12800000E+01  0.16200000E+01  0.21919858E-01
  0.12800000E+01  0.16400000E+01  0.22212315E-01
  0.12800000E+01  0.16600000E+01  0.22495779E-01
  0.12800000E+01  0.16800000E+01  0.22769499E-01
  0.12800000E+01  0.17000000E+01  0.23032728E-01
  0.12800000E+01  0.17200000E+01  0.23284729E-01
  0.12800000E+01  0.17400000E+01  0.23524771E-01
  0.12800000E+01  0.17600000E+01  0.23752142E-01
  0.12800000E+01  0.17800000E+01  0.23966147E-01
  0.12800000E+01  0.18000000E+01  0.24166115E-01
  0.12800000E+01  0.18200000E+01  0.24351403E-01
  0.12800000E+01  0.18400000E+01  0.24521403E-01
  0.12800000E+01  0.18600000E+01  0.24675543E-01
  0.12800000E+01  0.18800000E+01  0.24813298E-01
  0.12800000E+01  0.19000000E+01  0.24934191E-01
  0.12800000E+01  0.19200000E+01  0.25037803E-01
  0.12800000E+01  0.19400000E+01  0.25123775E-01
  0.12800000E+01  0.19600000E+01  0.25191818E-01
  0.12800000E+01  0.19800000E+01  0.25241718E-01
  0.12800000E+01  0.20000000E+01  0.25273341E-01
  0.13000000E+01  0.00000000E+00  0.73050024E-02
  0.13000000E+01  0.20000000E-01  0.75954927E-02
  0.13000000E+01  0.39999999E-01  0.78351470E-02
  0.13000000E+01  0.59999999E-01  0.80235492E-02
  0.13000000E+01  0.79999998E-01  0.81604826E-02
  0.13000000E+01  0.99999998E-01  0.82460177E-02
  0.13000000E+01  0.12000000E+00  0.82806210E-02
  0.13000000E+01  0.14000000E+00  0.82652914E-02
  0.13000000E+01  0.16000000E+00  0.82017331E-02
  0.13000000E+01  0.18000000E+00  0.80925818E-02
  0.13000000E+01  0.20000000E+00  0.79417068E-02
  0.13000000E+01  0.22000000E+00  0.77546317E-02
  0.13000000E+01  0.23999999E+00  0.75391508E-02
  0.13000000E+01  0.25999999E+00  0.73062964E-02
  0.13000000E+01  0.27999999E+00  0.70720246E-02
  0.13000000E+01  0.29999999E+00  0.68606514E-02
  0.13000000E+01  0.31999999E+00  0.67141479E-02
  0.13000000E+01  0.33999999E+00  0.67639818E-02
  0.13000000E+01  0.35999999E+00  0.69628953E-02
  0.13000000E+01  0.37999999E+00  0.71589650E-02
  0.13000000E+01  0.39999999E+00  0.73527077E-02
  0.13000000E+01  0.41999999E+00  0.75446318E-02
  0.13000000E+01  0.43999999E+00  0.77352372E-02
  0.13000000E+01  0.45999999E+00  0.79250145E-02
  0.13000000E+01  0.47999999E+00  0.81144445E-02
  0.13000000E+01  0.49999999E+00  0.83039981E-02
  0.13000000E+01  0.51999999E+00  0.84941350E-02
  0.13000000E+01  0.53999999E+00  0.86853039E-02
  0.13000000E+01  0.55999999E+00  0.88779413E-02
  0.13000000E+01  0.57999999E+00  0.90724711E-02
  0.13000000E+01  0.59999999E+00  0.92693037E-02
  0.13000000E+01  0.61999999E+00  0.94688354E-02
  0.13000000E+01  0.63999999E+00  0.96714472E-02
  0.13000000E+01  0.65999999E+00  0.98775042E-02
  0.13000000E+01  0.67999998E+00  0.10087354E-01
  0.13000000E+01  0.69999998E+00  0.10301328E-01
  0.13000000E+01  0.71999998E+00  0.10519734E-01
  0.13000000E+01  0.73999998E+00  0.10742863E-01
  0.13000000E+01  0.75999998E+00  0.10970983E-01
  0.13000000E+01  0.77999998E+00  0.11204336E-01
  0.13000000E+01  0.79999998E+00  0.11443141E-01
  0.13000000E+01  0.81999998E+00  0.11687588E-01
  0.13000000E+01  0.83999998E+00  0.11937839E-01
  0.13000000E+01  0.85999998E+00  0.12194025E-01
  0.13000000E+01  0.87999998E+00  0.12456241E-01
  0.13000000E+01  0.89999998E+00  0.12724547E-01
  0.13000000E+01  0.91999998E+00  0.12998967E-01
  0.13000000E+01  0.93999998E+00  0.13279481E-01
  0.13000000E+01  0.95999998E+00  0.13566025E-01
  0.13000000E+01  0.97999998E+00  0.13858489E-01
  0.13000000E+01  0.99999998E+00  0.14156712E-01
  0.13000000E+01  0.10200000E+01  0.14460480E-01
  0.13000000E+01  0.10400000E+01  0.14769522E-01
  0.13000000E+01  0.10600000E+01  0.15083506E-01
  0.13000000E+01  0.10800000E+01  0.15402036E-01
  0.13000000E+01  0.11000000E+01  0.15724649E-01
  0.13000000E+01  0.11200000E+01  0.16050806E-01
  0.13000000E+01  0.11400000E+01  0.16379895E-01
  0.13000000E+01  0.11600000E+01  0.16711221E-01
  0.13000000E+01  0.11800000E+01  0.17044001E-01
  0.13000000E+01  0.12000000E+01  0.17377362E-01
  0.13000000E+01  0.12200000E+01  0.17710332E-01
  0.13000000E+01  0.12400000E+01  0.18041832E-01
  0.13000000E+01  0.12600000E+01  0.18370670E-01
  0.13000000E+01  0.12800000E+01  0.18695526E-01
  0.13000000E+01  0.13000000E+01  0.19014940E-01
  0.13000000E+01  0.13200000E+01  0.19327291E-01
  0.13000000E+01  0.13400000E+01  0.19630766E-01
  0.13000000E+01  0.13600000E+01  0.19923323E-01
  0.13000000E+01  0.13800000E+01  0.20202619E-01
  0.13000000E+01  0.14000000E+01  0.20465908E-01
  0.13000000E+01  0.14200000E+01  0.20709861E-01
  0.13000000E+01  0.14400000E+01  0.20930244E-01
  0.13000000E+01  0.14600000E+01  0.21121274E-01
  0.13000000E+01  0.14800000E+01  0.21274212E-01
  0.13000000E+01  0.15000000E+01  0.21373606E-01
  0.13000000E+01  0.15200000E+01  0.21383569E-01
  0.13000000E+01  0.15400000E+01  0.21120409E-01
  0.13000000E+01  0.15600000E+01  0.21101033E-01
  0.13000000E+01  0.15800000E+01  0.21412096E-01
  0.13000000E+01  0.16000000E+01  0.21716026E-01
  0.13000000E+01  0.16200000E+01  0.22012075E-01
  0.13000000E+01  0.16400000E+01  0.22299492E-01
  0.13000000E+01  0.16600000E+01  0.22577525E-01
  0.13000000E+01  0.16800000E+01  0.22845424E-01
  0.13000000E+01  0.17000000E+01  0.23102442E-01
  0.13000000E+01  0.17200000E+01  0.23347845E-01
  0.13000000E+01  0.17400000E+01  0.23580909E-01
  0.13000000E+01  0.17600000E+01  0.23800930E-01
  0.13000000E+01  0.17800000E+01  0.24007224E-01
  0.13000000E+01  0.18000000E+01  0.24199135E-01
  0.13000000E+01  0.18200000E+01  0.24376037E-01
  0.13000000E+01  0.18400000E+01  0.24537344E-01
  0.13000000E+01  0.18600000E+01  0.24682510E-01
  0.13000000E+01  0.18800000E+01  0.24811038E-01
  0.13000000E+01  0.19000000E+01  0.24922485E-01
  0.13000000E+01  0.19200000E+01  0.25016469E-01
  0.13000000E+01  0.19400000E+01  0.25092676E-01
  0.13000000E+01  0.19600000E+01  0.25150862E-01
  0.13000000E+01  0.19800000E+01  0.25190868E-01
  0.13000000E+01  0.20000000E+01  0.25212618E-01
  0.13200000E+01  0.00000000E+00  0.74133977E-02
  0.13200000E+01  0.20000000E-01  0.76741563E-02
  0.13200000E+01  0.39999999E-01  0.78812325E-02
  0.13200000E+01  0.59999999E-01  0.80343766E-02
  0.13200000E+01  0.79999998E-01  0.81336293E-02
  0.13200000E+01  0.99999998E-01  0.81794347E-02
  0.13200000E+01  0.12000000E+00  0.81727812E-02
  0.13200000E+01  0.14000000E+00  0.81153813E-02
  0.13200000E+01  0.16000000E+00  0.80099063E-02
  0.13200000E+01  0.18000000E+00  0.78602996E-02
  0.13200000E+01  0.20000000E+00  0.76722144E-02
  0.13200000E+01  0.22000000E+00  0.74536534E-02
  0.13200000E+01  0.23999999E+00  0.72159750E-02
  0.13200000E+01  0.25999999E+00  0.69756453E-02
  0.13200000E+01  0.27999999E+00  0.67578144E-02
  0.13200000E+01  0.29999999E+00  0.66060269E-02
  0.13200000E+01  0.31999999E+00  0.66564455E-02
  0.13200000E+01  0.33999999E+00  0.68580782E-02
  0.13200000E+01  0.35999999E+00  0.70562057E-02
  0.13200000E+01  0.37999999E+00  0.72513472E-02
  0.13200000E+01  0.39999999E+00  0.74440150E-02
  0.13200000E+01  0.41999999E+00  0.76347144E-02
  0.13200000E+01  0.43999999E+00  0.78239434E-02
  0.13200000E+01  0.45999999E+00  0.80121916E-02
  0.13200000E+01  0.47999999E+00  0.81999404E-02
  0.13200000E+01  0.49999999E+00  0.83876620E-02
  0.13200000E+01  0.51999999E+00  0.85758193E-02
  0.13200000E+01  0.53999999E+00  0.87648648E-02
  0.13200000E+01  0.55999999E+00  0.89552406E-02
  0.13200000E+01  0.57999999E+00  0.91473773E-02
  0.13200000E+01  0.59999999E+00  0.93416935E-02
  0.13200000E+01  0.61999999E+00  0.95385949E-02
  0.13200000E+01  0.63999999E+00  0.97384736E-02
  0.13200000E+01  0.65999999E+00  0.99417071E-02
  0.13200000E+01  0.67999998E+00  0.10148657E-01
  0.13200000E+01  0.69999998E+00  0.10359669E-01
  0.13200000E+01  0.71999998E+00  0.10575069E-01
  0.13200000E+01  0.73999998E+00  0.10795166E-01
  0.13200000E+01  0.75999998E+00  0.11020246E-01
  0.13200000E+01  0.77999998E+00  0.11250574E-01
  0.13200000E+01  0.79999998E+00  0.11486391E-01
  0.13200000E+01  0.81999998E+00  0.11727909E-01
  0.13200000E+01  0.83999998E+00  0.11975316E-01
  0.13200000E+01  0.85999998E+00  0.12228768E-01
  0.13200000E+01  0.87999998E+00  0.12488387E-01
  0.13200000E+01  0.89999998E+00  0.12754261E-01
  0.13200000E+01  0.91999998E+00  0.13026440E-01
  0.13200000E+01  0.93999998E+00  0.13304932E-01
  0.13200000E+01  0.95999998E+00  0.13589701E-01
  0.13200000E+01  0.97999998E+00  0.13880664E-01
  0.13200000E+01  0.99999998E+00  0.14177687E-01
  0.13200000E+01  0.10200000E+01  0.14480579E-01
  0.13200000E+01  0.10400000E+01  0.14789093E-01
  0.13200000E+01  0.10600000E+01  0.15102915E-01
  0.13200000E+01  0.10800000E+01  0.15421665E-01
  0.13200000E+01  0.11000000E+01  0.15744889E-01
  0.13200000E+01  0.11200000E+01  0.16072054E-01
  0.13200000E+01  0.11400000E+01  0.16402544E-01
  0.13200000E+01  0.11600000E+01  0.16735649E-01
  0.13200000E+01  0.11800000E+01  0.17070561E-01
  0.13200000E+01  0.12000000E+01  0.17406367E-01
  0.13200000E+01  0.12200000E+01  0.17742035E-01
  0.13200000E+01  0.12400000E+01  0.18076401E-01
  0.13200000E+01  0.12600000E+01  0.18408160E-01
  0.13200000E+01  0.12800000E+01  0.18735839E-01
  0.13200000E+01  0.13000000E+01  0.19057775E-01
  0.13200000E+01  0.13200000E+01  0.19372078E-01
  0.13200000E+01  0.13400000E+01  0.19676572E-01
  0.13200000E+01  0.13600000E+01  0.19968722E-01
  0.13200000E+01  0.13800000E+01  0.20245504E-01
  0.13200000E+01  0.14000000E+01  0.20503193E-01
  0.13200000E+01  0.14200000E+01  0.20736992E-01
  0.13200000E+01  0.14400000E+01  0.20940303E-01
  0.13200000E+01  0.14600000E+01  0.21103143E-01
  0.13200000E+01  0.14800000E+01  0.21207983E-01
  0.13200000E+01  0.15000000E+01  0.21214689E-01
  0.13200000E+01  0.15200000E+01  0.20922305E-01
  0.13200000E+01  0.15400000E+01  0.20880441E-01
  0.13200000E+01  0.15600000E+01  0.21194004E-01
  0.13200000E+01  0.15800000E+01  0.21500807E-01
  0.13200000E+01  0.16000000E+01  0.21800106E-01
  0.13200000E+01  0.16200000E+01  0.22091150E-01
  0.13200000E+01  0.16400000E+01  0.22373185E-01
  0.13200000E+01  0.16600000E+01  0.22645458E-01
  0.13200000E+01  0.16800000E+01  0.22907220E-01
  0.13200000E+01  0.17000000E+01  0.23157729E-01
  0.13200000E+01  0.17200000E+01  0.23396256E-01
  0.13200000E+01  0.17400000E+01  0.23622087E-01
  0.13200000E+01  0.17600000E+01  0.23834528E-01
  0.13200000E+01  0.17800000E+01  0.24032909E-01
  0.13200000E+01  0.18000000E+01  0.24216592E-01
  0.13200000E+01  0.18200000E+01  0.24384973E-01
  0.13200000E+01  0.18400000E+01  0.24537489E-01
  0.13200000E+01  0.18600000E+01  0.24673624E-01
  0.13200000E+01  0.18800000E+01  0.24792913E-01
  0.13200000E+01  0.19000000E+01  0.24894951E-01
  0.13200000E+01  0.19200000E+01  0.24979398E-01
  0.13200000E+01  0.19400000E+01  0.25045985E-01
  0.13200000E+01  0.19600000E+01  0.25094524E-01
  0.13200000E+01  0.19800000E+01  0.25124909E-01
  0.13200000E+01  0.20000000E+01  0.25137129E-01
  0.13400000E+01  0.00000000E+00  0.74918513E-02
  0.13400000E+01  0.20000000E-01  0.77194297E-02
  0.13400000E+01  0.39999999E-01  0.78905737E-02
  0.13400000E+01  0.59999999E-01  0.80052965E-02
  0.13400000E+01  0.79999998E-01  0.80640211E-02
  0.13400000E+01  0.99999998E-01  0.80677262E-02
  0.13400000E+01  0.12000000E+00  0.80181330E-02
  0.13400000E+01  0.14000000E+00  0.79179478E-02
  0.13400000E+01  0.16000000E+00  0.77711872E-02
  0.13400000E+01  0.18000000E+00  0.75836324E-02
  0.13400000E+01  0.20000000E+00  0.73634926E-02
  0.13400000E+01  0.22000000E+00  0.71224499E-02
  0.13400000E+01  0.23999999E+00  0.68774790E-02
  0.13400000E+01  0.25999999E+00  0.66545676E-02
  0.13400000E+01  0.27999999E+00  0.64988628E-02
  0.13400000E+01  0.29999999E+00  0.65512473E-02
  0.13400000E+01  0.31999999E+00  0.67563532E-02
  0.13400000E+01  0.33999999E+00  0.69572823E-02
  0.13400000E+01  0.35999999E+00  0.71545539E-02
  0.13400000E+01  0.37999999E+00  0.73486821E-02
  0.13400000E+01  0.39999999E+00  0.75401759E-02
  0.13400000E+01  0.41999999E+00  0.77295381E-02
  0.13400000E+01  0.43999999E+00  0.79172656E-02
  0.13400000E+01  0.45999999E+00  0.81038482E-02
  0.13400000E+01  0.47999999E+00  0.82897687E-02
  0.13400000E+01  0.49999999E+00  0.84755023E-02
  0.13400000E+01  0.51999999E+00  0.86615159E-02
  0.13400000E+01  0.53999999E+00  0.88482679E-02
  0.13400000E+01  0.55999999E+00  0.90362074E-02
  0.13400000E+01  0.57999999E+00  0.92257737E-02
  0.13400000E+01  0.59999999E+00  0.94173954E-02
  0.13400000E+01  0.61999999E+00  0.96114900E-02
  0.13400000E+01  0.63999999E+00  0.98084630E-02
  0.13400000E+01  0.65999999E+00  0.10008707E-01
  0.13400000E+01  0.67999998E+00  0.10212599E-01
  0.13400000E+01  0.69999998E+00  0.10420504E-01
  0.13400000E+01  0.71999998E+00  0.10632768E-01
  0.13400000E+01  0.73999998E+00  0.10849720E-01
  0.13400000E+01  0.75999998E+00  0.11071670E-01
  0.13400000E+01  0.77999998E+00  0.11298907E-01
  0.13400000E+01  0.79999998E+00  0.11531697E-01
  0.13400000E+01  0.81999998E+00  0.11770282E-01
  0.13400000E+01  0.83999998E+00  0.12014875E-01
  0.13400000E+01  0.85999998E+00  0.12265662E-01
  0.13400000E+01  0.87999998E+00  0.12522797E-01
  0.13400000E+01  0.89999998E+00  0.12786397E-01
  0.13400000E+01  0.91999998E+00  0.13056543E-01
  0.13400000E+01  0.93999998E+00  0.13333275E-01
  0.13400000E+01  0.95999998E+00  0.13616587E-01
  0.13400000E+01  0.97999998E+00  0.13906425E-01
  0.13400000E+01  0.99999998E+00  0.14202682E-01
  0.13400000E+01  0.10200000E+01  0.14505193E-01
  0.13400000E+01  0.10400000E+01  0.14813732E-01
  0.13400000E+01  0.10600000E+01  0.15128004E-01
  0.13400000E+01  0.10800000E+01  0.15447640E-01
  0.13400000E+01  0.11000000E+01  0.15772191E-01
  0.13400000E+01  0.11200000E+01  0.16101121E-01
  0.13400000E+01  0.11400000E+01  0.16433799E-01
  0.13400000E+01  0.11600000E+01  0.16769485E-01
  0.13400000E+01  0.11800000E+01  0.17107329E-01
  0.13400000E+01  0.12000000E+01  0.17446347E-01
  0.13400000E+01  0.12200000E+01  0.17785413E-01
  0.13400000E+01  0.12400000E+01  0.18123239E-01
  0.13400000E+01  0.12600000E+01  0.18458344E-01
  0.13400000E+01  0.12800000E+01  0.18789029E-01
  0.13400000E+01  0.13000000E+01  0.19113326E-01
  0.13400000E+01  0.13200000E+01  0.19428935E-01
  0.13400000E+01  0.13400000E+01  0.19733131E-01
  0.13400000E+01  0.13600000E+01  0.20022610E-01
  0.13400000E+01  0.13800000E+01  0.20293254E-01
  0.13400000E+01  0.14000000E+01  0.20539700E-01
  0.13400000E+01  0.14200000E+01  0.20754524E-01
  0.13400000E+01  0.14400000E+01  0.20926487E-01
  0.13400000E+01  0.14600000E+01  0.21035949E-01
  0.13400000E+01  0.14800000E+01  0.21038447E-01
  0.13400000E+01  0.15000000E+01  0.20715378E-01
  0.13400000E+01  0.15200000E+01  0.20649996E-01
  0.13400000E+01  0.15400000E+01  0.20965684E-01
  0.13400000E+01  0.15600000E+01  0.21274997E-01
  0.13400000E+01  0.15800000E+01  0.21577192E-01
  0.13400000E+01  0.16000000E+01  0.21871521E-01
  0.13400000E+01  0.16200000E+01  0.22157231E-01
  0.13400000E+01  0.16400000E+01  0.22433568E-01
  0.13400000E+01  0.16600000E+01  0.22699781E-01
  0.13400000E+01  0.16800000E+01  0.22955124E-01
  0.13400000E+01  0.17000000E+01  0.23198862E-01
  0.13400000E+01  0.17200000E+01  0.23430274E-01
  0.13400000E+01  0.17400000E+01  0.23648657E-01
  0.13400000E+01  0.17600000E+01  0.23853330E-01
  0.13400000E+01  0.17800000E+01  0.24043643E-01
  0.13400000E+01  0.18000000E+01  0.24218977E-01
  0.13400000E+01  0.18200000E+01  0.24378752E-01
  0.13400000E+01  0.18400000E+01  0.24522434E-01
  0.13400000E+01  0.18600000E+01  0.24649538E-01
  0.13400000E+01  0.18800000E+01  0.24759638E-01
  0.13400000E+01  0.19000000E+01  0.24852368E-01
  0.13400000E+01  0.19200000E+01  0.24927434E-01
  0.13400000E+01  0.19400000E+01  0.24984620E-01
  0.13400000E+01  0.19600000E+01  0.25023791E-01
  0.13400000E+01  0.19800000E+01  0.25044905E-01
  0.13400000E+01  0.20000000E+01  0.25048016E-01
  0.13600000E+01  0.00000000E+00  0.75367723E-02
  0.13600000E+01  0.20000000E-01  0.77277599E-02
  0.13600000E+01  0.39999999E-01  0.78597579E-02
  0.13600000E+01  0.59999999E-01  0.79331699E-02
  0.13600000E+01  0.79999998E-01  0.79489660E-02
  0.13600000E+01  0.99999998E-01  0.79088763E-02
  0.13600000E+01  0.12000000E+00  0.78156418E-02
  0.13600000E+01  0.14000000E+00  0.76733515E-02
  0.13600000E+01  0.16000000E+00  0.74879123E-02
  0.13600000E+01  0.18000000E+00  0.72677377E-02
  0.13600000E+01  0.20000000E+00  0.70248307E-02
  0.13600000E+01  0.22000000E+00  0.67766722E-02
  0.13600000E+01  0.23999999E+00  0.65500880E-02
  0.13600000E+01  0.25999999E+00  0.63918512E-02
  0.13600000E+01  0.27999999E+00  0.64475737E-02
  0.13600000E+01  0.29999999E+00  0.66569229E-02
  0.13600000E+01  0.31999999E+00  0.68614152E-02
  0.13600000E+01  0.33999999E+00  0.70615679E-02
  0.13600000E+01  0.35999999E+00  0.72578947E-02
  0.13600000E+01  0.37999999E+00  0.74509059E-02
  0.13600000E+01  0.39999999E+00  0.76411076E-02
  0.13600000E+01  0.41999999E+00  0.78290014E-02
  0.13600000E+01  0.43999999E+00  0.80150838E-02
  0.13600000E+01  0.45999999E+00  0.81998462E-02
  0.13600000E+01  0.47999999E+00  0.83837741E-02
  0.13600000E+01  0.49999999E+00  0.85673471E-02
  0.13600000E+01  0.51999999E+00  0.87510379E-02
  0.13600000E+01  0.53999999E+00  0.89353124E-02
  0.13600000E+01  0.55999999E+00  0.91206286E-02
  0.13600000E+01  0.57999999E+00  0.93074366E-02
  0.13600000E+01  0.59999999E+00  0.94961776E-02
  0.13600000E+01  0.61999999E+00  0.96872833E-02
  0.13600000E+01  0.63999999E+00  0.98811749E-02
  0.13600000E+01  0.65999999E+00  0.10078263E-01
  0.13600000E+01  0.67999998E+00  0.10278944E-01
  0.13600000E+01  0.69999998E+00  0.10483604E-01
  0.13600000E+01  0.71999998E+00  0.10692613E-01
  0.13600000E+01  0.73999998E+00  0.10906324E-01
  0.13600000E+01  0.75999998E+00  0.11125074E-01
  0.13600000E+01  0.77999998E+00  0.11349179E-01
  0.13600000E+01  0.79999998E+00  0.11578936E-01
  0.13600000E+01  0.81999998E+00  0.11814617E-01
  0.13600000E+01  0.83999998E+00  0.12056469E-01
  0.13600000E+01  0.85999998E+00  0.12304710E-01
  0.13600000E+01  0.87999998E+00  0.12559527E-01
  0.13600000E+01  0.89999998E+00  0.12821072E-01
  0.13600000E+01  0.91999998E+00  0.13089460E-01
  0.13600000E+01  0.93999998E+00  0.13364765E-01
  0.13600000E+01  0.95999998E+00  0.13647014E-01
  0.13600000E+01  0.97999998E+00  0.13936182E-01
  0.13600000E+01  0.99999998E+00  0.14232193E-01
  0.13600000E+01  0.10200000E+01  0.14534904E-01
  0.13600000E+01  0.10400000E+01  0.14844111E-01
  0.13600000E+01  0.10600000E+01  0.15159532E-01
  0.13600000E+01  0.10800000E+01  0.15480804E-01
  0.13600000E+01  0.11000000E+01  0.15807475E-01
  0.13600000E+01  0.11200000E+01  0.16138993E-01
  0.13600000E+01  0.11400000E+01  0.16474695E-01
  0.13600000E+01  0.11600000E+01  0.16813793E-01
  0.13600000E+01  0.11800000E+01  0.17155360E-01
  0.13600000E+01  0.12000000E+01  0.17498310E-01
  0.13600000E+01  0.12200000E+01  0.17841375E-01
  0.13600000E+01  0.12400000E+01  0.18183074E-01
  0.13600000E+01  0.12600000E+01  0.18521674E-01
  0.13600000E+01  0.12800000E+01  0.18855137E-01
  0.13600000E+01  0.13000000E+01  0.19181041E-01
  0.13600000E+01  0.13200000E+01  0.19496473E-01
  0.13600000E+01  0.13400000E+01  0.19797855E-01
  0.13600000E+01  0.13600000E+01  0.20080674E-01
  0.13600000E+01  0.13800000E+01  0.20338998E-01
  0.13600000E+01  0.14000000E+01  0.20564575E-01
  0.13600000E+01  0.14200000E+01  0.20744891E-01
  0.13600000E+01  0.14400000E+01  0.20858165E-01
  0.13600000E+01  0.14600000E+01  0.20855538E-01
  0.13600000E+01  0.14800000E+01  0.20500402E-01
  0.13600000E+01  0.15000000E+01  0.20410523E-01
  0.13600000E+01  0.15200000E+01  0.20727956E-01
  0.13600000E+01  0.15400000E+01  0.21039406E-01
  0.13600000E+01  0.15600000E+01  0.21344134E-01
  0.13600000E+01  0.15800000E+01  0.21641395E-01
  0.13600000E+01  0.16000000E+01  0.21930441E-01
  0.13600000E+01  0.16200000E+01  0.22210517E-01
  0.13600000E+01  0.16400000E+01  0.22480871E-01
  0.13600000E+01  0.16600000E+01  0.22740756E-01
  0.13600000E+01  0.16800000E+01  0.22989434E-01
  0.13600000E+01  0.17000000E+01  0.23226176E-01
  0.13600000E+01  0.17200000E+01  0.23450273E-01
  0.13600000E+01  0.17400000E+01  0.23661035E-01
  0.13600000E+01  0.17600000E+01  0.23857801E-01
  0.13600000E+01  0.17800000E+01  0.24039938E-01
  0.13600000E+01  0.18000000E+01  0.24206852E-01
  0.13600000E+01  0.18200000E+01  0.24357992E-01
  0.13600000E+01  0.18400000E+01  0.24492854E-01
  0.13600000E+01  0.18600000E+01  0.24610989E-01
  0.13600000E+01  0.18800000E+01  0.24712011E-01
  0.13600000E+01  0.19000000E+01  0.24795600E-01
  0.13600000E+01  0.19200000E+01  0.24861512E-01
  0.13600000E+01  0.19400000E+01  0.24909585E-01
  0.13600000E+01  0.19600000E+01  0.24939743E-01
  0.13600000E+01  0.19800000E+01  0.24952011E-01
  0.13600000E+01  0.20000000E+01  0.24946513E-01
  0.13800000E+01  0.00000000E+00  0.75446180E-02
  0.13800000E+01  0.20000000E-01  0.76957490E-02
  0.13800000E+01  0.39999999E-01  0.77856675E-02
  0.13800000E+01  0.59999999E-01  0.78153365E-02
  0.13800000E+01  0.79999998E-01  0.77864951E-02
  0.13800000E+01  0.99999998E-01  0.77019187E-02
  0.13800000E+01  0.12000000E+00  0.75657673E-02
  0.13800000E+01  0.14000000E+00  0.73840721E-02
  0.13800000E+01  0.16000000E+00  0.71654475E-02
  0.13800000E+01  0.18000000E+00  0.69222139E-02
  0.13800000E+01  0.20000000E+00  0.66723543E-02
  0.13800000E+01  0.22000000E+00  0.64435309E-02
  0.13800000E+01  0.23999999E+00  0.62841594E-02
  0.13800000E+01  0.25999999E+00  0.63445718E-02
  0.13800000E+01  0.27999999E+00  0.65589484E-02
  0.13800000E+01  0.29999999E+00  0.67677818E-02
  0.13800000E+01  0.31999999E+00  0.69715846E-02
  0.13800000E+01  0.33999999E+00  0.71708681E-02
  0.13800000E+01  0.35999999E+00  0.73661417E-02
  0.13800000E+01  0.37999999E+00  0.75579122E-02
  0.13800000E+01  0.39999999E+00  0.77466841E-02
  0.13800000E+01  0.41999999E+00  0.79329586E-02
  0.13800000E+01  0.43999999E+00  0.81172335E-02
  0.13800000E+01  0.45999999E+00  0.83000028E-02
  0.13800000E+01  0.47999999E+00  0.84817566E-02
  0.13800000E+01  0.49999999E+00  0.86629803E-02
  0.13800000E+01  0.51999999E+00  0.88441544E-02
  0.13800000E+01  0.53999999E+00  0.90257542E-02
  0.13800000E+01  0.55999999E+00  0.92082492E-02
  0.13800000E+01  0.57999999E+00  0.93921025E-02
  0.13800000E+01  0.59999999E+00  0.95777704E-02
  0.13800000E+01  0.61999999E+00  0.97657015E-02
  0.13800000E+01  0.63999999E+00  0.99563361E-02
  0.13800000E+01  0.65999999E+00  0.10150105E-01
  0.13800000E+01  0.67999998E+00  0.10347430E-01
  0.13800000E+01  0.69999998E+00  0.10548719E-01
  0.13800000E+01  0.71999998E+00  0.10754369E-01
  0.13800000E+01  0.73999998E+00  0.10964764E-01
  0.13800000E+01  0.75999998E+00  0.11180269E-01
  0.13800000E+01  0.77999998E+00  0.11401235E-01
  0.13800000E+01  0.79999998E+00  0.11627990E-01
  0.13800000E+01  0.81999998E+00  0.11860843E-01
  0.13800000E+01  0.83999998E+00  0.12100075E-01
  0.13800000E+01  0.85999998E+00  0.12345943E-01
  0.13800000E+01  0.87999998E+00  0.12598670E-01
  0.13800000E+01  0.89999998E+00  0.12858448E-01
  0.13800000E+01  0.91999998E+00  0.13125427E-01
  0.13800000E+01  0.93999998E+00  0.13399718E-01
  0.13800000E+01  0.95999998E+00  0.13681381E-01
  0.13800000E+01  0.97999998E+00  0.13970424E-01
  0.13800000E+01  0.99999998E+00  0.14266797E-01
  0.13800000E+01  0.10200000E+01  0.14570383E-01
  0.13800000E+01  0.10400000E+01  0.14880989E-01
  0.13800000E+01  0.10600000E+01  0.15198344E-01
  0.13800000E+01  0.10800000E+01  0.15522080E-01
  0.13800000E+01  0.11000000E+01  0.15851731E-01
  0.13800000E+01  0.11200000E+01  0.16186708E-01
  0.13800000E+01  0.11400000E+01  0.16526296E-01
  0.13800000E+01  0.11600000E+01  0.16869626E-01
  0.13800000E+01  0.11800000E+01  0.17215656E-01
  0.13800000E+01  0.12000000E+01  0.17563145E-01
  0.13800000E+01  0.12200000E+01  0.17910615E-01
  0.13800000E+01  0.12400000E+01  0.18256306E-01
  0.13800000E+01  0.12600000E+01  0.18598112E-01
  0.13800000E+01  0.12800000E+01  0.18933494E-01
  0.13800000E+01  0.13000000E+01  0.19259356E-01
  0.13800000E+01  0.13200000E+01  0.19571850E-01
  0.13800000E+01  0.13400000E+01  0.19866066E-01
  0.13800000E+01  0.13600000E+01  0.20135505E-01
  0.13800000E+01  0.13800000E+01  0.20371080E-01
  0.13800000E+01  0.14000000E+01  0.20558991E-01
  0.13800000E+01  0.14200000E+01  0.20675292E-01
  0.13800000E+01  0.14400000E+01  0.20666656E-01
  0.13800000E+01  0.14600000E+01  0.20278159E-01
  0.13800000E+01  0.14800000E+01  0.20162855E-01
  0.13800000E+01  0.15000000E+01  0.20481650E-01
  0.13800000E+01  0.15200000E+01  0.20794858E-01
  0.13800000E+01  0.15400000E+01  0.21101748E-01
  0.13800000E+01  0.15600000E+01  0.21401581E-01
  0.13800000E+01  0.15800000E+01  0.21693610E-01
  0.13800000E+01  0.16000000E+01  0.21977086E-01
  0.13800000E+01  0.16200000E+01  0.22251258E-01
  0.13800000E+01  0.16400000E+01  0.22515378E-01
  0.13800000E+01  0.16600000E+01  0.22768704E-01
  0.13800000E+01  0.16800000E+01  0.23010506E-01
  0.13800000E+01  0.17000000E+01  0.23240067E-01
  0.13800000E+01  0.17200000E+01  0.23456692E-01
  0.13800000E+01  0.17400000E+01  0.23659708E-01
  0.13800000E+01  0.17600000E+01  0.23848473E-01
  0.13800000E+01  0.17800000E+01  0.24022378E-01
  0.13800000E+01  0.18000000E+01  0.24180856E-01
  0.13800000E+01  0.18200000E+01  0.24323387E-01
  0.13800000E+01  0.18400000E+01  0.24449502E-01
  0.13800000E+01  0.18600000E+01  0.24558792E-01
  0.13800000E+01  0.18800000E+01  0.24650913E-01
  0.13800000E+01  0.19000000E+01  0.24725596E-01
  0.13800000E+01  0.19200000E+01  0.24782649E-01
  0.13800000E+01  0.19400000E+01  0.24821968E-01
  0.13800000E+01  0.19600000E+01  0.24843543E-01
  0.13800000E+01  0.19800000E+01  0.24847466E-01
  0.13800000E+01  0.20000000E+01  0.24833937E-01
  0.14000000E+01  0.00000000E+00  0.75120018E-02
  0.14000000E+01  0.20000000E-01  0.76202972E-02
  0.14000000E+01  0.39999999E-01  0.76656699E-02
  0.14000000E+01  0.59999999E-01  0.76498690E-02
  0.14000000E+01  0.79999998E-01  0.75757035E-02
  0.14000000E+01  0.99999998E-01  0.74474035E-02
  0.14000000E+01  0.12000000E+00  0.72711217E-02
  0.14000000E+01  0.14000000E+00  0.70556706E-02
  0.14000000E+01  0.16000000E+00  0.68136830E-02
  0.14000000E+01  0.18000000E+00  0.65636388E-02
  0.14000000E+01  0.20000000E+00  0.63340316E-02
  0.14000000E+01  0.22000000E+00  0.61749281E-02
  0.14000000E+01  0.23999999E+00  0.62413516E-02
  0.14000000E+01  0.25999999E+00  0.64615523E-02
  0.14000000E+01  0.27999999E+00  0.66755191E-02
  0.14000000E+01  0.29999999E+00  0.68837578E-02
  0.14000000E+01  0.31999999E+00  0.70867745E-02
  0.14000000E+01  0.33999999E+00  0.72850755E-02
  0.14000000E+01  0.35999999E+00  0.74791662E-02
  0.14000000E+01  0.37999999E+00  0.76695517E-02
  0.14000000E+01  0.39999999E+00  0.78567355E-02
  0.14000000E+01  0.41999999E+00  0.80412201E-02
  0.14000000E+01  0.43999999E+00  0.82235058E-02
  0.14000000E+01  0.45999999E+00  0.84040911E-02
  0.14000000E+01  0.47999999E+00  0.85834721E-02
  0.14000000E+01  0.49999999E+00  0.87621422E-02
  0.14000000E+01  0.51999999E+00  0.89405920E-02
  0.14000000E+01  0.53999999E+00  0.91193084E-02
  0.14000000E+01  0.55999999E+00  0.92987748E-02
  0.14000000E+01  0.57999999E+00  0.94794703E-02
  0.14000000E+01  0.59999999E+00  0.96618690E-02
  0.14000000E+01  0.61999999E+00  0.98464398E-02
  0.14000000E+01  0.63999999E+00  0.10033645E-01
  0.14000000E+01  0.65999999E+00  0.10223941E-01
  0.14000000E+01  0.67999998E+00  0.10417773E-01
  0.14000000E+01  0.69999998E+00  0.10615582E-01
  0.14000000E+01  0.71999998E+00  0.10817793E-01
  0.14000000E+01  0.73999998E+00  0.11024823E-01
  0.14000000E+01  0.75999998E+00  0.11237074E-01
  0.14000000E+01  0.77999998E+00  0.11454930E-01
  0.14000000E+01  0.79999998E+00  0.11678759E-01
  0.14000000E+01  0.81999998E+00  0.11908909E-01
  0.14000000E+01  0.83999998E+00  0.12145701E-01
  0.14000000E+01  0.85999998E+00  0.12389434E-01
  0.14000000E+01  0.87999998E+00  0.12640371E-01
  0.14000000E+01  0.89999998E+00  0.12898745E-01
  0.14000000E+01  0.91999998E+00  0.13164746E-01
  0.14000000E+01  0.93999998E+00  0.13438522E-01
  0.14000000E+01  0.95999998E+00  0.13720168E-01
  0.14000000E+01  0.97999998E+00  0.14009723E-01
  0.14000000E+01  0.99999998E+00  0.14307162E-01
  0.14000000E+01  0.10200000E+01  0.14612386E-01
  0.14000000E+01  0.10400000E+01  0.14925213E-01
  0.14000000E+01  0.10600000E+01  0.15245367E-01
  0.14000000E+01  0.10800000E+01  0.15572464E-01
  0.14000000E+01  0.11000000E+01  0.15906002E-01
  0.14000000E+01  0.11200000E+01  0.16245335E-01
  0.14000000E+01  0.11400000E+01  0.16589659E-01
  0.14000000E+01  0.11600000E+01  0.16937982E-01
  0.14000000E+01  0.11800000E+01  0.17289094E-01
  0.14000000E+01  0.12000000E+01  0.17641524E-01
  0.14000000E+01  0.12200000E+01  0.17993490E-01
  0.14000000E+01  0.12400000E+01  0.18342824E-01
  0.14000000E+01  0.12600000E+01  0.18686875E-01
  0.14000000E+01  0.12800000E+01  0.19022368E-01
  0.14000000E+01  0.13000000E+01  0.19345186E-01
  0.14000000E+01  0.13200000E+01  0.19650028E-01
  0.14000000E+01  0.13400000E+01  0.19929827E-01
  0.14000000E+01  0.13600000E+01  0.20174656E-01
  0.14000000E+01  0.13800000E+01  0.20369420E-01
  0.14000000E+01  0.14000000E+01  0.20487983E-01
  0.14000000E+01  0.14200000E+01  0.20472496E-01
  0.14000000E+01  0.14400000E+01  0.20049434E-01
  0.14000000E+01  0.14600000E+01  0.19907836E-01
  0.14000000E+01  0.14800000E+01  0.20227605E-01
  0.14000000E+01  0.15000000E+01  0.20542187E-01
  0.14000000E+01  0.15200000E+01  0.20850862E-01
  0.14000000E+01  0.15400000E+01  0.21152896E-01
  0.14000000E+01  0.15600000E+01  0.21447549E-01
  0.14000000E+01  0.15800000E+01  0.21734076E-01
  0.14000000E+01  0.16000000E+01  0.22011728E-01
  0.14000000E+01  0.16200000E+01  0.22279759E-01
  0.14000000E+01  0.16400000E+01  0.22537427E-01
  0.14000000E+01  0.16600000E+01  0.22783999E-01
  0.14000000E+01  0.16800000E+01  0.23018755E-01
  0.14000000E+01  0.17000000E+01  0.23240994E-01
  0.14000000E+01  0.17200000E+01  0.23450036E-01
  0.14000000E+01  0.17400000E+01  0.23645227E-01
  0.14000000E+01  0.17600000E+01  0.23825948E-01
  0.14000000E+01  0.17800000E+01  0.23991618E-01
  0.14000000E+01  0.18000000E+01  0.24141700E-01
  0.14000000E+01  0.18200000E+01  0.24275706E-01
  0.14000000E+01  0.18400000E+01  0.24393208E-01
  0.14000000E+01  0.18600000E+01  0.24493839E-01
  0.14000000E+01  0.18800000E+01  0.24577302E-01
  0.14000000E+01  0.19000000E+01  0.24643381E-01
  0.14000000E+01  0.19200000E+01  0.24691940E-01
  0.14000000E+01  0.19400000E+01  0.24722938E-01
  0.14000000E+01  0.19600000E+01  0.24736433E-01
  0.14000000E+01  0.19800000E+01  0.24732588E-01
  0.14000000E+01  0.20000000E+01  0.24711683E-01
  0.14200000E+01  0.00000000E+00  0.74358383E-02
  0.14200000E+01  0.20000000E-01  0.74987946E-02
  0.14200000E+01  0.39999999E-01  0.74978730E-02
  0.14200000E+01  0.59999999E-01  0.74359162E-02
  0.14200000E+01  0.79999998E-01  0.73172224E-02
  0.14200000E+01  0.99999998E-01  0.71480635E-02
  0.14200000E+01  0.12000000E+00  0.69374460E-02
  0.14200000E+01  0.14000000E+00  0.66983097E-02
  0.14200000E+01  0.16000000E+00  0.64496243E-02
  0.14200000E+01  0.18000000E+00  0.62207066E-02
  0.14200000E+01  0.20000000E+00  0.60632736E-02
  0.14200000E+01  0.22000000E+00  0.61369893E-02
  0.14200000E+01  0.23999999E+00  0.63638212E-02
  0.14200000E+01  0.25999999E+00  0.65837267E-02
  0.14200000E+01  0.27999999E+00  0.67972018E-02
  0.14200000E+01  0.29999999E+00  0.70047451E-02
  0.14200000E+01  0.31999999E+00  0.72068572E-02
  0.14200000E+01  0.33999999E+00  0.74040400E-02
  0.14200000E+01  0.35999999E+00  0.75967967E-02
  0.14200000E+01  0.37999999E+00  0.77856311E-02
  0.14200000E+01  0.39999999E+00  0.79710478E-02
  0.14200000E+01  0.41999999E+00  0.81535516E-02
  0.14200000E+01  0.43999999E+00  0.83336474E-02
  0.14200000E+01  0.45999999E+00  0.85118398E-02
  0.14200000E+01  0.47999999E+00  0.86886331E-02
  0.14200000E+01  0.49999999E+00  0.88645310E-02
  0.14200000E+01  0.51999999E+00  0.90400364E-02
  0.14200000E+01  0.53999999E+00  0.92156508E-02
  0.14200000E+01  0.55999999E+00  0.93918742E-02
  0.14200000E+01  0.57999999E+00  0.95692047E-02
  0.14200000E+01  0.59999999E+00  0.97481376E-02
  0.14200000E+01  0.61999999E+00  0.99291655E-02
  0.14200000E+01  0.63999999E+00  0.10112777E-01
  0.14200000E+01  0.65999999E+00  0.10299455E-01
  0.14200000E+01  0.67999998E+00  0.10489679E-01
  0.14200000E+01  0.69999998E+00  0.10683920E-01
  0.14200000E+01  0.71999998E+00  0.10882639E-01
  0.14200000E+01  0.73999998E+00  0.11086290E-01
  0.14200000E+01  0.75999998E+00  0.11295314E-01
  0.14200000E+01  0.77999998E+00  0.11510137E-01
  0.14200000E+01  0.79999998E+00  0.11731170E-01
  0.14200000E+01  0.81999998E+00  0.11958802E-01
  0.14200000E+01  0.83999998E+00  0.12193401E-01
  0.14200000E+01  0.85999998E+00  0.12435309E-01
  0.14200000E+01  0.87999998E+00  0.12684835E-01
  0.14200000E+01  0.89999998E+00  0.12942253E-01
  0.14200000E+01  0.91999998E+00  0.13207796E-01
  0.14200000E+01  0.93999998E+00  0.13481649E-01
  0.14200000E+01  0.95999998E+00  0.13763943E-01
  0.14200000E+01  0.97999998E+00  0.14054744E-01
  0.14200000E+01  0.99999998E+00  0.14354048E-01
  0.14200000E+01  0.10200000E+01  0.14661767E-01
  0.14200000E+01  0.10400000E+01  0.14977717E-01
  0.14200000E+01  0.10600000E+01  0.15301604E-01
  0.14200000E+01  0.10800000E+01  0.15633009E-01
  0.14200000E+01  0.11000000E+01  0.15971366E-01
  0.14200000E+01  0.11200000E+01  0.16315936E-01
  0.14200000E+01  0.11400000E+01  0.16665783E-01
  0.14200000E+01  0.11600000E+01  0.17019731E-01
  0.14200000E+01  0.11800000E+01  0.17376323E-01
  0.14200000E+01  0.12000000E+01  0.17733760E-01
  0.14200000E+01  0.12200000E+01  0.18089818E-01
  0.14200000E+01  0.12400000E+01  0.18441738E-01
  0.14200000E+01  0.12600000E+01  0.18786071E-01
  0.14200000E+01  0.12800000E+01  0.19118435E-01
  0.14200000E+01  0.13000000E+01  0.19433141E-01
  0.14200000E+01  0.13200000E+01  0.19722554E-01
  0.14200000E+01  0.13400000E+01  0.19975905E-01
  0.14200000E+01  0.13600000E+01  0.20176797E-01
  0.14200000E+01  0.13800000E+01  0.20296885E-01
  0.14200000E+01  0.14000000E+01  0.20273745E-01
  0.14200000E+01  0.14200000E+01  0.19815011E-01
  0.14200000E+01  0.14400000E+01  0.19646308E-01
  0.14200000E+01  0.14600000E+01  0.19966662E-01
  0.14200000E+01  0.14800000E+01  0.20282233E-01
  0.14200000E+01  0.15000000E+01  0.20592311E-01
  0.14200000E+01  0.15200000E+01  0.20896170E-01
  0.14200000E+01  0.15400000E+01  0.21193078E-01
  0.14200000E+01  0.15600000E+01  0.21482295E-01
  0.14200000E+01  0.15800000E+01  0.21763079E-01
  0.14200000E+01  0.16000000E+01  0.22034684E-01
  0.14200000E+01  0.16200000E+01  0.22296372E-01
  0.14200000E+01  0.16400000E+01  0.22547408E-01
  0.14200000E+01  0.16600000E+01  0.22787072E-01
  0.14200000E+01  0.16800000E+01  0.23014656E-01
  0.14200000E+01  0.17000000E+01  0.23229476E-01
  0.14200000E+01  0.17200000E+01  0.23430869E-01
  0.14200000E+01  0.17400000E+01  0.23618207E-01
  0.14200000E+01  0.17600000E+01  0.23790895E-01
  0.14200000E+01  0.17800000E+01  0.23948381E-01
  0.14200000E+01  0.18000000E+01  0.24090163E-01
  0.14200000E+01  0.18200000E+01  0.24215790E-01
  0.14200000E+01  0.18400000E+01  0.24324875E-01
  0.14200000E+01  0.18600000E+01  0.24417097E-01
  0.14200000E+01  0.18800000E+01  0.24492212E-01
  0.14200000E+01  0.19000000E+01  0.24550057E-01
  0.14200000E+01  0.19200000E+01  0.24590558E-01
  0.14200000E+01  0.19400000E+01  0.24613739E-01
  0.14200000E+01  0.19600000E+01  0.24619729E-01
  0.14200000E+01  0.19800000E+01  0.24608768E-01
  0.14200000E+01  0.20000000E+01  0.24581214E-01
  0.14400000E+01  0.00000000E+00  0.73135344E-02
  0.14400000E+01  0.20000000E-01  0.73293776E-02
  0.14400000E+01  0.39999999E-01  0.72814712E-02
  0.14400000E+01  0.59999999E-01  0.71741801E-02
  0.14400000E+01  0.79999998E-01  0.70138923E-02
  0.14400000E+01  0.99999998E-01  0.68098036E-02
  0.14400000E+01  0.12000000E+00  0.65751545E-02
  0.14400000E+01  0.14000000E+00  0.63293955E-02
  0.14400000E+01  0.16000000E+00  0.61026547E-02
  0.14400000E+01  0.18000000E+00  0.59482895E-02
  0.14400000E+01  0.20000000E+00  0.60305300E-02
  0.14400000E+01  0.22000000E+00  0.62648091E-02
  0.14400000E+01  0.23999999E+00  0.64914692E-02
  0.14400000E+01  0.25999999E+00  0.67109943E-02
  0.14400000E+01  0.27999999E+00  0.69238728E-02
  0.14400000E+01  0.29999999E+00  0.71305970E-02
  0.14400000E+01  0.31999999E+00  0.73316628E-02
  0.14400000E+01  0.33999999E+00  0.75275692E-02
  0.14400000E+01  0.35999999E+00  0.77188179E-02
  0.14400000E+01  0.37999999E+00  0.79059135E-02
  0.14400000E+01  0.39999999E+00  0.80893629E-02
  0.14400000E+01  0.41999999E+00  0.82696751E-02
  0.14400000E+01  0.43999999E+00  0.84473614E-02
  0.14400000E+01  0.45999999E+00  0.86229349E-02
  0.14400000E+01  0.47999999E+00  0.87969104E-02
  0.14400000E+01  0.49999999E+00  0.89698045E-02
  0.14400000E+01  0.51999999E+00  0.91421350E-02
  0.14400000E+01  0.53999999E+00  0.93144211E-02
  0.14400000E+01  0.55999999E+00  0.94871826E-02
  0.14400000E+01  0.57999999E+00  0.96609400E-02
  0.14400000E+01  0.59999999E+00  0.98362137E-02
  0.14400000E+01  0.61999999E+00  0.10013524E-01
  0.14400000E+01  0.63999999E+00  0.10193388E-01
  0.14400000E+01  0.65999999E+00  0.10376324E-01
  0.14400000E+01  0.67999998E+00  0.10562845E-01
  0.14400000E+01  0.69999998E+00  0.10753458E-01
  0.14400000E+01  0.71999998E+00  0.10948667E-01
  0.14400000E+01  0.73999998E+00  0.11148966E-01
  0.14400000E+01  0.75999998E+00  0.11354840E-01
  0.14400000E+01  0.77999998E+00  0.11566762E-01
  0.14400000E+01  0.79999998E+00  0.11785187E-01
  0.14400000E+01  0.81999998E+00  0.12010556E-01
  0.14400000E+01  0.83999998E+00  0.12243283E-01
  0.14400000E+01  0.85999998E+00  0.12483758E-01
  0.14400000E+01  0.87999998E+00  0.12732338E-01
  0.14400000E+01  0.89999998E+00  0.12989341E-01
  0.14400000E+01  0.91999998E+00  0.13255043E-01
  0.14400000E+01  0.93999998E+00  0.13529666E-01
  0.14400000E+01  0.95999998E+00  0.13813373E-01
  0.14400000E+01  0.97999998E+00  0.14106252E-01
  0.14400000E+01  0.99999998E+00  0.14408314E-01
  0.14400000E+01  0.10200000E+01  0.14719468E-01
  0.14400000E+01  0.10400000E+01  0.15039515E-01
  0.14400000E+01  0.10600000E+01  0.15368122E-01
  0.14400000E+01  0.10800000E+01  0.15704803E-01
  0.14400000E+01  0.11000000E+01  0.16048893E-01
  0.14400000E+01  0.11200000E+01  0.16399513E-01
  0.14400000E+01  0.11400000E+01  0.16755530E-01
  0.14400000E+01  0.11600000E+01  0.17115503E-01
  0.14400000E+01  0.11800000E+01  0.17477622E-01
  0.14400000E+01  0.12000000E+01  0.17839612E-01
  0.14400000E+01  0.12200000E+01  0.18198612E-01
  0.14400000E+01  0.12400000E+01  0.18551003E-01
  0.14400000E+01  0.12600000E+01  0.18892145E-01
  0.14400000E+01  0.12800000E+01  0.19215962E-01
  0.14400000E+01  0.13000000E+01  0.19514255E-01
  0.14400000E+01  0.13200000E+01  0.19775412E-01
  0.14400000E+01  0.13400000E+01  0.19981727E-01
  0.14400000E+01  0.13600000E+01  0.20102631E-01
  0.14400000E+01  0.13800000E+01  0.20071086E-01
  0.14400000E+01  0.14000000E+01  0.19575667E-01
  0.14400000E+01  0.14200000E+01  0.19379112E-01
  0.14400000E+01  0.14400000E+01  0.19699663E-01
  0.14400000E+01  0.14600000E+01  0.20015837E-01
  0.14400000E+01  0.14800000E+01  0.20326932E-01
  0.14400000E+01  0.15000000E+01  0.20632235E-01
  0.14400000E+01  0.15200000E+01  0.20931023E-01
  0.14400000E+01  0.15400000E+01  0.21222563E-01
  0.14400000E+01  0.15600000E+01  0.21506119E-01
  0.14400000E+01  0.15800000E+01  0.21780951E-01
  0.14400000E+01  0.16000000E+01  0.22046323E-01
  0.14400000E+01  0.16200000E+01  0.22301503E-01
  0.14400000E+01  0.16400000E+01  0.22545769E-01
  0.14400000E+01  0.16600000E+01  0.22778411E-01
  0.14400000E+01  0.16800000E+01  0.22998741E-01
  0.14400000E+01  0.17000000E+01  0.23206090E-01
  0.14400000E+01  0.17200000E+01  0.23399821E-01
  0.14400000E+01  0.17400000E+01  0.23579328E-01
  0.14400000E+01  0.17600000E+01  0.23744047E-01
  0.14400000E+01  0.17800000E+01  0.23893459E-01
  0.14400000E+01  0.18000000E+01  0.24027095E-01
  0.14400000E+01  0.18200000E+01  0.24144549E-01
  0.14400000E+01  0.18400000E+01  0.24245476E-01
  0.14400000E+01  0.18600000E+01  0.24329606E-01
  0.14400000E+01  0.18800000E+01  0.24396747E-01
  0.14400000E+01  0.19000000E+01  0.24446797E-01
  0.14400000E+01  0.19200000E+01  0.24479745E-01
  0.14400000E+01  0.19400000E+01  0.24495684E-01
  0.14400000E+01  0.19600000E+01  0.24494815E-01
  0.14400000E+01  0.19800000E+01  0.24477458E-01
  0.14400000E+01  0.20000000E+01  0.24444054E-01
  0.14600000E+01  0.00000000E+00  0.71432481E-02
  0.14600000E+01  0.20000000E-01  0.71112776E-02
  0.14600000E+01  0.39999999E-01  0.70172264E-02
  0.14600000E+01  0.59999999E-01  0.68675953E-02
  0.14600000E+01  0.79999998E-01  0.66717643E-02
  0.14600000E+01  0.99999998E-01  0.64432670E-02
  0.14600000E+01  0.12000000E+00  0.62020236E-02
  0.14600000E+01  0.14000000E+00  0.59789583E-02
  0.14600000E+01  0.16000000E+00  0.58290485E-02
  0.14600000E+01  0.18000000E+00  0.59209909E-02
  0.14600000E+01  0.20000000E+00  0.61635394E-02
  0.14600000E+01  0.22000000E+00  0.63977792E-02
  0.14600000E+01  0.23999999E+00  0.66241793E-02
  0.14600000E+01  0.25999999E+00  0.68432151E-02
  0.14600000E+01  0.27999999E+00  0.70553680E-02
  0.14600000E+01  0.29999999E+00  0.72611252E-02
  0.14600000E+01  0.31999999E+00  0.74609792E-02
  0.14600000E+01  0.33999999E+00  0.76554271E-02
  0.14600000E+01  0.35999999E+00  0.78449712E-02
  0.14600000E+01  0.37999999E+00  0.80301181E-02
  0.14600000E+01  0.39999999E+00  0.82113789E-02
  0.14600000E+01  0.41999999E+00  0.83892691E-02
  0.14600000E+01  0.43999999E+00  0.85643084E-02
  0.14600000E+01  0.45999999E+00  0.87370210E-02
  0.14600000E+01  0.47999999E+00  0.89079348E-02
  0.14600000E+01  0.49999999E+00  0.90775822E-02
  0.14600000E+01  0.51999999E+00  0.92464992E-02
  0.14600000E+01  0.53999999E+00  0.94152257E-02
  0.14600000E+01  0.55999999E+00  0.95843054E-02
  0.14600000E+01  0.57999999E+00  0.97542847E-02
  0.14600000E+01  0.59999999E+00  0.99257132E-02
  0.14600000E+01  0.61999999E+00  0.10099142E-01
  0.14600000E+01  0.63999999E+00  0.10275126E-01
  0.14600000E+01  0.65999999E+00  0.10454216E-01
  0.14600000E+01  0.67999998E+00  0.10636968E-01
  0.14600000E+01  0.69999998E+00  0.10823931E-01
  0.14600000E+01  0.71999998E+00  0.11015653E-01
  0.14600000E+01  0.73999998E+00  0.11212676E-01
  0.14600000E+01  0.75999998E+00  0.11415533E-01
  0.14600000E+01  0.77999998E+00  0.11624748E-01
  0.14600000E+01  0.79999998E+00  0.11840828E-01
  0.14600000E+01  0.81999998E+00  0.12064264E-01
  0.14600000E+01  0.83999998E+00  0.12295525E-01
  0.14600000E+01  0.85999998E+00  0.12535049E-01
  0.14600000E+01  0.87999998E+00  0.12783244E-01
  0.14600000E+01  0.89999998E+00  0.13040473E-01
  0.14600000E+01  0.91999998E+00  0.13307053E-01
  0.14600000E+01  0.93999998E+00  0.13583242E-01
  0.14600000E+01  0.95999998E+00  0.13869228E-01
  0.14600000E+01  0.97999998E+00  0.14165115E-01
  0.14600000E+01  0.99999998E+00  0.14470914E-01
  0.14600000E+01  0.10200000E+01  0.14786518E-01
  0.14600000E+01  0.10400000E+01  0.15111687E-01
  0.14600000E+01  0.10600000E+01  0.15446020E-01
  0.14600000E+01  0.10800000E+01  0.15788928E-01
  0.14600000E+01  0.11000000E+01  0.16139593E-01
  0.14600000E+01  0.11200000E+01  0.16496929E-01
  0.14600000E+01  0.11400000E+01  0.16859521E-01
  0.14600000E+01  0.11600000E+01  0.17225548E-01
  0.14600000E+01  0.11800000E+01  0.17592692E-01
  0.14600000E+01  0.12000000E+01  0.17957997E-01
  0.14600000E+01  0.12200000E+01  0.18317678E-01
  0.14600000E+01  0.12400000E+01  0.18666841E-01
  0.14600000E+01  0.12600000E+01  0.18999031E-01
  0.14600000E+01  0.12800000E+01  0.19305484E-01
  0.14600000E+01  0.13000000E+01  0.19573747E-01
  0.14600000E+01  0.13200000E+01  0.19784803E-01
  0.14600000E+01  0.13400000E+01  0.19905845E-01
  0.14600000E+01  0.13600000E+01  0.19865186E-01
  0.14600000E+01  0.13800000E+01  0.19332176E-01
  0.14600000E+01  0.14000000E+01  0.19107087E-01
  0.14600000E+01  0.14200000E+01  0.19427449E-01
  0.14600000E+01  0.14400000E+01  0.19743836E-01
  0.14600000E+01  0.14600000E+01  0.20055563E-01
  0.14600000E+01  0.14800000E+01  0.20361927E-01
  0.14600000E+01  0.15000000E+01  0.20662214E-01
  0.14600000E+01  0.15200000E+01  0.20955703E-01
  0.14600000E+01  0.15400000E+01  0.21241664E-01
  0.14600000E+01  0.15600000E+01  0.21519365E-01
  0.14600000E+01  0.15800000E+01  0.21788074E-01
  0.14600000E+01  0.16000000E+01  0.22047062E-01
  0.14600000E+01  0.16200000E+01  0.22295609E-01
  0.14600000E+01  0.16400000E+01  0.22533006E-01
  0.14600000E+01  0.16600000E+01  0.22758559E-01
  0.14600000E+01  0.16800000E+01  0.22971598E-01
  0.14600000E+01  0.17000000E+01  0.23171476E-01
  0.14600000E+01  0.17200000E+01  0.23357580E-01
  0.14600000E+01  0.17400000E+01  0.23529334E-01
  0.14600000E+01  0.17600000E+01  0.23686204E-01
  0.14600000E+01  0.17800000E+01  0.23827707E-01
  0.14600000E+01  0.18000000E+01  0.23953414E-01
  0.14600000E+01  0.18200000E+01  0.24062961E-01
  0.14600000E+01  0.18400000E+01  0.24156052E-01
  0.14600000E+01  0.18600000E+01  0.24232470E-01
  0.14600000E+01  0.18800000E+01  0.24292080E-01
  0.14600000E+01  0.19000000E+01  0.24334840E-01
  0.14600000E+01  0.19200000E+01  0.24360808E-01
  0.14600000E+01  0.19400000E+01  0.24370146E-01
  0.14600000E+01  0.19600000E+01  0.24363133E-01
  0.14600000E+01  0.19800000E+01  0.24340168E-01
  0.14600000E+01  0.20000000E+01  0.24301778E-01
  0.14800000E+01  0.00000000E+00  0.69242382E-02
  0.14800000E+01  0.20000000E-01  0.68453043E-02
  0.14800000E+01  0.39999999E-01  0.67081523E-02
  0.14800000E+01  0.59999999E-01  0.65223403E-02
  0.14800000E+01  0.79999998E-01  0.63016864E-02
  0.14800000E+01  0.99999998E-01  0.60665676E-02
  0.14800000E+01  0.12000000E+00  0.58486848E-02
  0.14800000E+01  0.14000000E+00  0.57046043E-02
  0.14800000E+01  0.16000000E+00  0.58073644E-02
  0.14800000E+01  0.18000000E+00  0.60590088E-02
  0.14800000E+01  0.20000000E+00  0.63016603E-02
  0.14800000E+01  0.22000000E+00  0.65357696E-02
  0.14800000E+01  0.23999999E+00  0.67617964E-02
  0.14800000E+01  0.25999999E+00  0.69802085E-02
  0.14800000E+01  0.27999999E+00  0.71914816E-02
  0.14800000E+01  0.29999999E+00  0.73960989E-02
  0.14800000E+01  0.31999999E+00  0.75945508E-02
  0.14800000E+01  0.33999999E+00  0.77873344E-02
  0.14800000E+01  0.35999999E+00  0.79749540E-02
  0.14800000E+01  0.37999999E+00  0.81579202E-02
  0.14800000E+01  0.39999999E+00  0.83367507E-02
  0.14800000E+01  0.41999999E+00  0.85119695E-02
  0.14800000E+01  0.43999999E+00  0.86841077E-02
  0.14800000E+01  0.45999999E+00  0.88537029E-02
  0.14800000E+01  0.47999999E+00  0.90212994E-02
  0.14800000E+01  0.49999999E+00  0.91874484E-02
  0.14800000E+01  0.51999999E+00  0.93527080E-02
  0.14800000E+01  0.53999999E+00  0.95176425E-02
  0.14800000E+01  0.55999999E+00  0.96828231E-02
  0.14800000E+01  0.57999999E+00  0.98488268E-02
  0.14800000E+01  0.59999999E+00  0.10016237E-01
  0.14800000E+01  0.61999999E+00  0.10185640E-01
  0.14800000E+01  0.63999999E+00  0.10357631E-01
  0.14800000E+01  0.65999999E+00  0.10532804E-01
  0.14800000E+01  0.67999998E+00  0.10711757E-01
  0.14800000E+01  0.69999998E+00  0.10895090E-01
  0.14800000E+01  0.71999998E+00  0.11083400E-01
  0.14800000E+01  0.73999998E+00  0.11277281E-01
  0.14800000E+01  0.75999998E+00  0.11477319E-01
  0.14800000E+01  0.77999998E+00  0.11684094E-01
  0.14800000E+01  0.79999998E+00  0.11898170E-01
  0.14800000E+01  0.81999998E+00  0.12120092E-01
  0.14800000E+01  0.83999998E+00  0.12350385E-01
  0.14800000E+01  0.85999998E+00  0.12589539E-01
  0.14800000E+01  0.87999998E+00  0.12838013E-01
  0.14800000E+01  0.89999998E+00  0.13096215E-01
  0.14800000E+01  0.91999998E+00  0.13364500E-01
  0.14800000E+01  0.93999998E+00  0.13643155E-01
  0.14800000E+01  0.95999998E+00  0.13932385E-01
  0.14800000E+01  0.97999998E+00  0.14232300E-01
  0.14800000E+01  0.99999998E+00  0.14542891E-01
  0.14800000E+01  0.10200000E+01  0.14864012E-01
  0.14800000E+01  0.10400000E+01  0.15195351E-01
  0.14800000E+01  0.10600000E+01  0.15536398E-01
  0.14800000E+01  0.10800000E+01  0.15886404E-01
  0.14800000E+01  0.11000000E+01  0.16244333E-01
  0.14800000E+01  0.11200000E+01  0.16608797E-01
  0.14800000E+01  0.11400000E+01  0.16977978E-01
  0.14800000E+01  0.11600000E+01  0.17349515E-01
  0.14800000E+01  0.11800000E+01  0.17720364E-01
  0.14800000E+01  0.12000000E+01  0.18086581E-01
  0.14800000E+01  0.12200000E+01  0.18443024E-01
  0.14800000E+01  0.12400000E+01  0.18782861E-01
  0.14800000E+01  0.12600000E+01  0.19096771E-01
  0.14800000E+01  0.12800000E+01  0.19371460E-01
  0.14800000E+01  0.13000000E+01  0.19586597E-01
  0.14800000E+01  0.13200000E+01  0.19707132E-01
  0.14800000E+01  0.13400000E+01  0.19656704E-01
  0.14800000E+01  0.13600000E+01  0.19085298E-01
  0.14800000E+01  0.13800000E+01  0.18831061E-01
  0.14800000E+01  0.14000000E+01  0.19150849E-01
  0.14800000E+01  0.14200000E+01  0.19467066E-01
  0.14800000E+01  0.14400000E+01  0.19779038E-01
  0.14800000E+01  0.14600000E+01  0.20086076E-01
  0.14800000E+01  0.14800000E+01  0.20387480E-01
  0.14800000E+01  0.15000000E+01  0.20682538E-01
  0.14800000E+01  0.15200000E+01  0.20970531E-01
  0.14800000E+01  0.15400000E+01  0.21250734E-01
  0.14800000E+01  0.15600000E+01  0.21522423E-01
  0.14800000E+01  0.15800000E+01  0.21784873E-01
  0.14800000E+01  0.16000000E+01  0.22037367E-01
  0.14800000E+01  0.16200000E+01  0.22279198E-01
  0.14800000E+01  0.16400000E+01  0.22509672E-01
  0.14800000E+01  0.16600000E+01  0.22728114E-01
  0.14800000E+01  0.16800000E+01  0.22933874E-01
  0.14800000E+01  0.17000000E+01  0.23126331E-01
  0.14800000E+01  0.17200000E+01  0.23304898E-01
  0.14800000E+01  0.17400000E+01  0.23469030E-01
  0.14800000E+01  0.17600000E+01  0.23618227E-01
  0.14800000E+01  0.17800000E+01  0.23752045E-01
  0.14800000E+01  0.18000000E+01  0.23870097E-01
  0.14800000E+01  0.18200000E+01  0.23972066E-01
  0.14800000E+01  0.18400000E+01  0.24057707E-01
  0.14800000E+01  0.18600000E+01  0.24126857E-01
  0.14800000E+01  0.18800000E+01  0.24179442E-01
  0.14800000E+01  0.19000000E+01  0.24215483E-01
  0.14800000E+01  0.19200000E+01  0.24235108E-01
  0.14800000E+01  0.19400000E+01  0.24238552E-01
  0.14800000E+01  0.19600000E+01  0.24226172E-01
  0.14800000E+01  0.19800000E+01  0.24198449E-01
  0.14800000E+01  0.20000000E+01  0.24155998E-01
  0.15000000E+01  0.00000000E+00  0.66573503E-02
  0.15000000E+01  0.20000000E-01  0.65345356E-02
  0.15000000E+01  0.39999999E-01  0.63605355E-02
  0.15000000E+01  0.59999999E-01  0.61494422E-02
  0.15000000E+01  0.79999998E-01  0.59220750E-02
  0.15000000E+01  0.99999998E-01  0.57108878E-02
  0.15000000E+01  0.12000000E+00  0.55739938E-02
  0.15000000E+01  0.14000000E+00  0.56886213E-02
  0.15000000E+01  0.16000000E+00  0.59501901E-02
  0.15000000E+01  0.18000000E+00  0.62020900E-02
  0.15000000E+01  0.20000000E+00  0.64447501E-02
  0.15000000E+01  0.22000000E+00  0.66786114E-02
  0.15000000E+01  0.23999999E+00  0.69041251E-02
  0.15000000E+01  0.25999999E+00  0.71217528E-02
  0.15000000E+01  0.27999999E+00  0.73319656E-02
  0.15000000E+01  0.29999999E+00  0.75352444E-02
  0.15000000E+01  0.31999999E+00  0.77320789E-02
  0.15000000E+01  0.33999999E+00  0.79229682E-02
  0.15000000E+01  0.35999999E+00  0.81084204E-02
  0.15000000E+01  0.37999999E+00  0.82889527E-02
  0.15000000E+01  0.39999999E+00  0.84650913E-02
  0.15000000E+01  0.41999999E+00  0.86373719E-02
  0.15000000E+01  0.43999999E+00  0.88063394E-02
  0.15000000E+01  0.45999999E+00  0.89725482E-02
  0.15000000E+01  0.47999999E+00  0.91365624E-02
  0.15000000E+01  0.49999999E+00  0.92989560E-02
  0.15000000E+01  0.51999999E+00  0.94603123E-02
  0.15000000E+01  0.53999999E+00  0.96212249E-02
  0.15000000E+01  0.55999999E+00  0.97822966E-02
  0.15000000E+01  0.57999999E+00  0.99441397E-02
  0.15000000E+01  0.59999999E+00  0.10107375E-01
  0.15000000E+01  0.61999999E+00  0.10272633E-01
  0.15000000E+01  0.63999999E+00  0.10440551E-01
  0.15000000E+01  0.65999999E+00  0.10611771E-01
  0.15000000E+01  0.67999998E+00  0.10786942E-01
  0.15000000E+01  0.69999998E+00  0.10966717E-01
  0.15000000E+01  0.71999998E+00  0.11151749E-01
  0.15000000E+01  0.73999998E+00  0.11342688E-01
  0.15000000E+01  0.75999998E+00  0.11540181E-01
  0.15000000E+01  0.77999998E+00  0.11744866E-01
  0.15000000E+01  0.79999998E+00  0.11957367E-01
  0.15000000E+01  0.81999998E+00  0.12178290E-01
  0.15000000E+01  0.83999998E+00  0.12408214E-01
  0.15000000E+01  0.85999998E+00  0.12647687E-01
  0.15000000E+01  0.87999998E+00  0.12897214E-01
  0.15000000E+01  0.89999998E+00  0.13157245E-01
  0.15000000E+01  0.91999998E+00  0.13428170E-01
  0.15000000E+01  0.93999998E+00  0.13710294E-01
  0.15000000E+01  0.95999998E+00  0.14003829E-01
  0.15000000E+01  0.97999998E+00  0.14308867E-01
  0.15000000E+01  0.99999998E+00  0.14625360E-01
  0.15000000E+01  0.10200000E+01  0.14953087E-01
  0.15000000E+01  0.10400000E+01  0.15291622E-01
  0.15000000E+01  0.10600000E+01  0.15640289E-01
  0.15000000E+01  0.10800000E+01  0.15998107E-01
  0.15000000E+01  0.11000000E+01  0.16363721E-01
  0.15000000E+01  0.11200000E+01  0.16735319E-01
  0.15000000E+01  0.11400000E+01  0.17110507E-01
  0.15000000E+01  0.11600000E+01  0.17486156E-01
  0.15000000E+01  0.11800000E+01  0.17858172E-01
  0.15000000E+01  0.12000000E+01  0.18221168E-01
  0.15000000E+01  0.12200000E+01  0.18567944E-01
  0.15000000E+01  0.12400000E+01  0.18888624E-01
  0.15000000E+01  0.12600000E+01  0.19169079E-01
  0.15000000E+01  0.12800000E+01  0.19387665E-01
  0.15000000E+01  0.13000000E+01  0.19507084E-01
  0.15000000E+01  0.13200000E+01  0.19446281E-01
  0.15000000E+01  0.13400000E+01  0.18835783E-01
  0.15000000E+01  0.13600000E+01  0.18551851E-01
  0.15000000E+01  0.13800000E+01  0.18870688E-01
  0.15000000E+01  0.14000000E+01  0.19186351E-01
  0.15000000E+01  0.14200000E+01  0.19498183E-01
  0.15000000E+01  0.14400000E+01  0.19805510E-01
  0.15000000E+01  0.14600000E+01  0.20107646E-01
  0.15000000E+01  0.14800000E+01  0.20403890E-01
  0.15000000E+01  0.15000000E+01  0.20693536E-01
  0.15000000E+01  0.15200000E+01  0.20975868E-01
  0.15000000E+01  0.15400000E+01  0.21250171E-01
  0.15000000E+01  0.15600000E+01  0.21515726E-01
  0.15000000E+01  0.15800000E+01  0.21771822E-01
  0.15000000E+01  0.16000000E+01  0.22017754E-01
  0.15000000E+01  0.16200000E+01  0.22252829E-01
  0.15000000E+01  0.16400000E+01  0.22476372E-01
  0.15000000E+01  0.16600000E+01  0.22687729E-01
  0.15000000E+01  0.16800000E+01  0.22886273E-01
  0.15000000E+01  0.17000000E+01  0.23071409E-01
  0.15000000E+01  0.17200000E+01  0.23242582E-01
  0.15000000E+01  0.17400000E+01  0.23399278E-01
  0.15000000E+01  0.17600000E+01  0.23541037E-01
  0.15000000E+01  0.17800000E+01  0.23667453E-01
  0.15000000E+01  0.18000000E+01  0.23778186E-01
  0.15000000E+01  0.18200000E+01  0.23872967E-01
  0.15000000E+01  0.18400000E+01  0.23951605E-01
  0.15000000E+01  0.18600000E+01  0.24013994E-01
  0.15000000E+01  0.18800000E+01  0.24060121E-01
  0.15000000E+01  0.19000000E+01  0.24090077E-01
  0.15000000E+01  0.19200000E+01  0.24104056E-01
  0.15000000E+01  0.19400000E+01  0.24102373E-01
  0.15000000E+01  0.19600000E+01  0.24085462E-01
  0.15000000E+01  0.19800000E+01  0.24053888E-01
  0.15000000E+01  0.20000000E+01  0.24008352E-01
  0.15200000E+01  0.00000000E+00  0.63457100E-02
  0.15200000E+01  0.20000000E-01  0.61853451E-02
  0.15200000E+01  0.39999999E-01  0.59855544E-02
  0.15200000E+01  0.59999999E-01  0.57675823E-02
  0.15200000E+01  0.79999998E-01  0.55646081E-02
  0.15200000E+01  0.99999998E-01  0.54362392E-02
  0.15200000E+01  0.12000000E+00  0.55637141E-02
  0.15200000E+01  0.14000000E+00  0.58360355E-02
  0.15200000E+01  0.16000000E+00  0.60980227E-02
  0.15200000E+01  0.18000000E+00  0.63500805E-02
  0.15200000E+01  0.20000000E+00  0.65926274E-02
  0.15200000E+01  0.22000000E+00  0.68260954E-02
  0.15200000E+01  0.23999999E+00  0.70509288E-02
  0.15200000E+01  0.25999999E+00  0.72675840E-02
  0.15200000E+01  0.27999999E+00  0.74765294E-02
  0.15200000E+01  0.29999999E+00  0.76782448E-02
  0.15200000E+01  0.31999999E+00  0.78732215E-02
  0.15200000E+01  0.33999999E+00  0.80619625E-02
  0.15200000E+01  0.35999999E+00  0.82449822E-02
  0.15200000E+01  0.37999999E+00  0.84228064E-02
  0.15200000E+01  0.39999999E+00  0.85959733E-02
  0.15200000E+01  0.41999999E+00  0.87650326E-02
  0.15200000E+01  0.43999999E+00  0.89305467E-02
  0.15200000E+01  0.45999999E+00  0.90930905E-02
  0.15200000E+01  0.47999999E+00  0.92532514E-02
  0.15200000E+01  0.49999999E+00  0.94116300E-02
  0.15200000E+01  0.51999999E+00  0.95688399E-02
  0.15200000E+01  0.53999999E+00  0.97255079E-02
  0.15200000E+01  0.55999999E+00  0.98822736E-02
  0.15200000E+01  0.57999999E+00  0.10039790E-01
  0.15200000E+01  0.59999999E+00  0.10198721E-01
  0.15200000E+01  0.61999999E+00  0.10359744E-01
  0.15200000E+01  0.63999999E+00  0.10523546E-01
  0.15200000E+01  0.65999999E+00  0.10690824E-01
  0.15200000E+01  0.67999998E+00  0.10862282E-01
  0.15200000E+01  0.69999998E+00  0.11038633E-01
  0.15200000E+01  0.71999998E+00  0.11220589E-01
  0.15200000E+01  0.73999998E+00  0.11408864E-01
  0.15200000E+01  0.75999998E+00  0.11604170E-01
  0.15200000E+01  0.77999998E+00  0.11807207E-01
  0.15200000E+01  0.79999998E+00  0.12018663E-01
  0.15200000E+01  0.81999998E+00  0.12239206E-01
  0.15200000E+01  0.83999998E+00  0.12469472E-01
  0.15200000E+01  0.85999998E+00  0.12710064E-01
  0.15200000E+01  0.87999998E+00  0.12961531E-01
  0.15200000E+01  0.89999998E+00  0.13224362E-01
  0.15200000E+01  0.91999998E+00  0.13498967E-01
  0.15200000E+01  0.93999998E+00  0.13785661E-01
  0.15200000E+01  0.95999998E+00  0.14084640E-01
  0.15200000E+01  0.97999998E+00  0.14395955E-01
  0.15200000E+01  0.99999998E+00  0.14719482E-01
  0.15200000E+01  0.10200000E+01  0.15054882E-01
  0.15200000E+01  0.10400000E+01  0.15401555E-01
  0.15200000E+01  0.10600000E+01  0.15758581E-01
  0.15200000E+01  0.10800000E+01  0.16124646E-01
  0.15200000E+01  0.11000000E+01  0.16497947E-01
  0.15200000E+01  0.11200000E+01  0.16876062E-01
  0.15200000E+01  0.11400000E+01  0.17255786E-01
  0.15200000E+01  0.11600000E+01  0.17632880E-01
  0.15200000E+01  0.11800000E+01  0.18001720E-01
  0.15200000E+01  0.12000000E+01  0.18354744E-01
  0.15200000E+01  0.12200000E+01  0.18681528E-01
  0.15200000E+01  0.12400000E+01  0.18967112E-01
  0.15200000E+01  0.12600000E+01  0.19188542E-01
  0.15200000E+01  0.12800000E+01  0.19306270E-01
  0.15200000E+01  0.13000000E+01  0.19234542E-01
  0.15200000E+01  0.13200000E+01  0.18584362E-01
  0.15200000E+01  0.13400000E+01  0.18270262E-01
  0.15200000E+01  0.13600000E+01  0.18587774E-01
  0.15200000E+01  0.13800000E+01  0.18902506E-01
  0.15200000E+01  0.14000000E+01  0.19213816E-01
  0.15200000E+01  0.14200000E+01  0.19521048E-01
  0.15200000E+01  0.14400000E+01  0.19823530E-01
  0.15200000E+01  0.14600000E+01  0.20120577E-01
  0.15200000E+01  0.14800000E+01  0.20411493E-01
  0.15200000E+01  0.15000000E+01  0.20695576E-01
  0.15200000E+01  0.15200000E+01  0.20972120E-01
  0.15200000E+01  0.15400000E+01  0.21240415E-01
  0.15200000E+01  0.15600000E+01  0.21499756E-01
  0.15200000E+01  0.15800000E+01  0.21749442E-01
  0.15200000E+01  0.16000000E+01  0.21988786E-01
  0.15200000E+01  0.16200000E+01  0.22217111E-01
  0.15200000E+01  0.16400000E+01  0.22433762E-01
  0.15200000E+01  0.16600000E+01  0.22638109E-01
  0.15200000E+01  0.16800000E+01  0.22829551E-01
  0.15200000E+01  0.17000000E+01  0.23007522E-01
  0.15200000E+01  0.17200000E+01  0.23171497E-01
  0.15200000E+01  0.17400000E+01  0.23321002E-01
  0.15200000E+01  0.17600000E+01  0.23455613E-01
  0.15200000E+01  0.17800000E+01  0.23574969E-01
  0.15200000E+01  0.18000000E+01  0.23678778E-01
  0.15200000E+01  0.18200000E+01  0.23766820E-01
  0.15200000E+01  0.18400000E+01  0.23838961E-01
  0.15200000E+01  0.18600000E+01  0.23895155E-01
  0.15200000E+01  0.18800000E+01  0.23935453E-01
  0.15200000E+01  0.19000000E+01  0.23960013E-01
  0.15200000E+01  0.19200000E+01  0.23969104E-01
  0.15200000E+01  0.19400000E+01  0.23963113E-01
  0.15200000E+01  0.19600000E+01  0.23942558E-01
  0.15200000E+01  0.19800000E+01  0.23908086E-01
  0.15200000E+01  0.20000000E+01  0.23860484E-01
  0.15400000E+01  0.00000000E+00  0.59957564E-02
  0.15400000E+01  0.20000000E-01  0.58090343E-02
  0.15400000E+01  0.39999999E-01  0.56021162E-02
  0.15400000E+01  0.59999999E-01  0.54088758E-02
  0.15400000E+01  0.79999998E-01  0.52903497E-02
  0.15400000E+01  0.99999998E-01  0.54315812E-02
  0.15400000E+01  0.12000000E+00  0.57154800E-02
  0.15400000E+01  0.14000000E+00  0.59883935E-02
  0.15400000E+01  0.16000000E+00  0.62506983E-02
  0.15400000E+01  0.18000000E+00  0.65027878E-02
  0.15400000E+01  0.20000000E+00  0.67450708E-02
  0.15400000E+01  0.22000000E+00  0.69779717E-02
  0.15400000E+01  0.23999999E+00  0.72019290E-02
  0.15400000E+01  0.25999999E+00  0.74173958E-02
  0.15400000E+01  0.27999999E+00  0.76248392E-02
  0.15400000E+01  0.29999999E+00  0.78247402E-02
  0.15400000E+01  0.31999999E+00  0.80175938E-02
  0.15400000E+01  0.33999999E+00  0.82039090E-02
  0.15400000E+01  0.35999999E+00  0.83842092E-02
  0.15400000E+01  0.37999999E+00  0.85590321E-02
  0.15400000E+01  0.39999999E+00  0.87289304E-02
  0.15400000E+01  0.41999999E+00  0.88944718E-02
  0.15400000E+01  0.43999999E+00  0.90562395E-02
  0.15400000E+01  0.45999999E+00  0.92148327E-02
  0.15400000E+01  0.47999999E+00  0.93708667E-02
  0.15400000E+01  0.49999999E+00  0.95249732E-02
  0.15400000E+01  0.51999999E+00  0.96778006E-02
  0.15400000E+01  0.53999999E+00  0.98300141E-02
  0.15400000E+01  0.55999999E+00  0.99822956E-02
  0.15400000E+01  0.57999999E+00  0.10135343E-01
  0.15400000E+01  0.59999999E+00  0.10289871E-01
  0.15400000E+01  0.61999999E+00  0.10446609E-01
  0.15400000E+01  0.63999999E+00  0.10606301E-01
  0.15400000E+01  0.65999999E+00  0.10769702E-01
  0.15400000E+01  0.67999998E+00  0.10937580E-01
  0.15400000E+01  0.69999998E+00  0.11110710E-01
  0.15400000E+01  0.71999998E+00  0.11289873E-01
  0.15400000E+01  0.73999998E+00  0.11475851E-01
  0.15400000E+01  0.75999998E+00  0.11669421E-01
  0.15400000E+01  0.77999998E+00  0.11871354E-01
  0.15400000E+01  0.79999998E+00  0.12082404E-01
  0.15400000E+01  0.81999998E+00  0.12303299E-01
  0.15400000E+01  0.83999998E+00  0.12534735E-01
  0.15400000E+01  0.85999998E+00  0.12777363E-01
  0.15400000E+01  0.87999998E+00  0.13031774E-01
  0.15400000E+01  0.89999998E+00  0.13298483E-01
  0.15400000E+01  0.91999998E+00  0.13577910E-01
  0.15400000E+01  0.93999998E+00  0.13870356E-01
  0.15400000E+01  0.95999998E+00  0.14175977E-01
  0.15400000E+01  0.97999998E+00  0.14494747E-01
  0.15400000E+01  0.99999998E+00  0.14826418E-01
  0.15400000E+01  0.10200000E+01  0.15170471E-01
  0.15400000E+01  0.10400000E+01  0.15526052E-01
  0.15400000E+01  0.10600000E+01  0.15891891E-01
  0.15400000E+01  0.10800000E+01  0.16266202E-01
  0.15400000E+01  0.11000000E+01  0.16646543E-01
  0.15400000E+01  0.11200000E+01  0.17029636E-01
  0.15400000E+01  0.11400000E+01  0.17411107E-01
  0.15400000E+01  0.11600000E+01  0.17785103E-01
  0.15400000E+01  0.11800000E+01  0.18143703E-01
  0.15400000E+01  0.12000000E+01  0.18475945E-01
  0.15400000E+01  0.12200000E+01  0.18766044E-01
  0.15400000E+01  0.12400000E+01  0.18989741E-01
  0.15400000E+01  0.12600000E+01  0.19105242E-01
  0.15400000E+01  0.12800000E+01  0.19022090E-01
  0.15400000E+01  0.13000000E+01  0.18331752E-01
  0.15400000E+01  0.13200000E+01  0.17987081E-01
  0.15400000E+01  0.13400000E+01  0.18302903E-01
  0.15400000E+01  0.13600000E+01  0.18616331E-01
  0.15400000E+01  0.13800000E+01  0.18926742E-01
  0.15400000E+01  0.14000000E+01  0.19233498E-01
  0.15400000E+01  0.14200000E+01  0.19535942E-01
  0.15400000E+01  0.14400000E+01  0.19833406E-01
  0.15400000E+01  0.14600000E+01  0.20125209E-01
  0.15400000E+01  0.14800000E+01  0.20410661E-01
  0.15400000E+01  0.15000000E+01  0.20689067E-01
  0.15400000E+01  0.15200000E+01  0.20959729E-01
  0.15400000E+01  0.15400000E+01  0.21221949E-01
  0.15400000E+01  0.15600000E+01  0.21475035E-01
  0.15400000E+01  0.15800000E+01  0.21718301E-01
  0.15400000E+01  0.16000000E+01  0.21951076E-01
  0.15400000E+01  0.16200000E+01  0.22172704E-01
  0.15400000E+01  0.16400000E+01  0.22382552E-01
  0.15400000E+01  0.16600000E+01  0.22580015E-01
  0.15400000E+01  0.16800000E+01  0.22764520E-01
  0.15400000E+01  0.17000000E+01  0.22935533E-01
  0.15400000E+01  0.17200000E+01  0.23092564E-01
  0.15400000E+01  0.17400000E+01  0.23235176E-01
  0.15400000E+01  0.17600000E+01  0.23362987E-01
  0.15400000E+01  0.17800000E+01  0.23475683E-01
  0.15400000E+01  0.18000000E+01  0.23573018E-01
  0.15400000E+01  0.18200000E+01  0.23654830E-01
  0.15400000E+01  0.18400000E+01  0.23721038E-01
  0.15400000E+01  0.18600000E+01  0.23771660E-01
  0.15400000E+01  0.18800000E+01  0.23806812E-01
  0.15400000E+01  0.19000000E+01  0.23826720E-01
  0.15400000E+01  0.19200000E+01  0.23831727E-01
  0.15400000E+01  0.19400000E+01  0.23822298E-01
  0.15400000E+01  0.19600000E+01  0.23799029E-01
  0.15400000E+01  0.19800000E+01  0.23762650E-01
  0.15400000E+01  0.20000000E+01  0.23714035E-01
  0.15600000E+01  0.00000000E+00  0.56188847E-02
  0.15600000E+01  0.20000000E-01  0.54246948E-02
  0.15600000E+01  0.39999999E-01  0.52427111E-02
  0.15600000E+01  0.59999999E-01  0.51353245E-02
  0.15600000E+01  0.79999998E-01  0.52911500E-02
  0.15600000E+01  0.99999998E-01  0.55874450E-02
  0.15600000E+01  0.12000000E+00  0.58721210E-02
  0.15600000E+01  0.14000000E+00  0.61455228E-02
  0.15600000E+01  0.16000000E+00  0.64080148E-02
  0.15600000E+01  0.18000000E+00  0.66599797E-02
  0.15600000E+01  0.20000000E+00  0.69018183E-02
  0.15600000E+01  0.22000000E+00  0.71339484E-02
  0.15600000E+01  0.23999999E+00  0.73568048E-02
  0.15600000E+01  0.25999999E+00  0.75708389E-02
  0.15600000E+01  0.27999999E+00  0.77765185E-02
  0.15600000E+01  0.29999999E+00  0.79743280E-02
  0.15600000E+01  0.31999999E+00  0.81647686E-02
  0.15600000E+01  0.33999999E+00  0.83483581E-02
  0.15600000E+01  0.35999999E+00  0.85256318E-02
  0.15600000E+01  0.37999999E+00  0.86971424E-02
  0.15600000E+01  0.39999999E+00  0.88634609E-02
  0.15600000E+01  0.41999999E+00  0.90251764E-02
  0.15600000E+01  0.43999999E+00  0.91828975E-02
  0.15600000E+01  0.45999999E+00  0.93372518E-02
  0.15600000E+01  0.47999999E+00  0.94888871E-02
  0.15600000E+01  0.49999999E+00  0.96384714E-02
  0.15600000E+01  0.51999999E+00  0.97866931E-02
  0.15600000E+01  0.53999999E+00  0.99342614E-02
  0.15600000E+01  0.55999999E+00  0.10081906E-01
  0.15600000E+01  0.57999999E+00  0.10230377E-01
  0.15600000E+01  0.59999999E+00  0.10380443E-01
  0.15600000E+01  0.61999999E+00  0.10532894E-01
  0.15600000E+01  0.63999999E+00  0.10688536E-01
  0.15600000E+01  0.65999999E+00  0.10848191E-01
  0.15600000E+01  0.67999998E+00  0.11012693E-01
  0.15600000E+01  0.69999998E+00  0.11182889E-01
  0.15600000E+01  0.71999998E+00  0.11359631E-01
  0.15600000E+01  0.73999998E+00  0.11543774E-01
  0.15600000E+01  0.75999998E+00  0.11736168E-01
  0.15600000E+01  0.77999998E+00  0.11937653E-01
  0.15600000E+01  0.79999998E+00  0.12149050E-01
  0.15600000E+01  0.81999998E+00  0.12371151E-01
  0.15600000E+01  0.83999998E+00  0.12604705E-01
  0.15600000E+01  0.85999998E+00  0.12850408E-01
  0.15600000E+01  0.87999998E+00  0.13108881E-01
  0.15600000E+01  0.89999998E+00  0.13380650E-01
  0.15600000E+01  0.91999998E+00  0.13666126E-01
  0.15600000E+01  0.93999998E+00  0.13965569E-01
  0.15600000E+01  0.95999998E+00  0.14279055E-01
  0.15600000E+01  0.97999998E+00  0.14606433E-01
  0.15600000E+01  0.99999998E+00  0.14947269E-01
  0.15600000E+01  0.10200000E+01  0.15300778E-01
  0.15600000E+01  0.10400000E+01  0.15665740E-01
  0.15600000E+01  0.10600000E+01  0.16040392E-01
  0.15600000E+01  0.10800000E+01  0.16422279E-01
  0.15600000E+01  0.11000000E+01  0.16808059E-01
  0.15600000E+01  0.11200000E+01  0.17193226E-01
  0.15600000E+01  0.11400000E+01  0.17571707E-01
  0.15600000E+01  0.11600000E+01  0.17935234E-01
  0.15600000E+01  0.11800000E+01  0.18272311E-01
  0.15600000E+01  0.12000000E+01  0.18566334E-01
  0.15600000E+01  0.12200000E+01  0.18791751E-01
  0.15600000E+01  0.12400000E+01  0.18904528E-01
  0.15600000E+01  0.12600000E+01  0.18809513E-01
  0.15600000E+01  0.12800000E+01  0.18078648E-01
  0.15600000E+01  0.13000000E+01  0.17703077E-01
  0.15600000E+01  0.13200000E+01  0.18016851E-01
  0.15600000E+01  0.13400000E+01  0.18328610E-01
  0.15600000E+01  0.13600000E+01  0.18637750E-01
  0.15600000E+01  0.13800000E+01  0.18943652E-01
  0.15600000E+01  0.14000000E+01  0.19245678E-01
  0.15600000E+01  0.14200000E+01  0.19543175E-01
  0.15600000E+01  0.14400000E+01  0.19835480E-01
  0.15600000E+01  0.14600000E+01  0.20121916E-01
  0.15600000E+01  0.14800000E+01  0.20401803E-01
  0.15600000E+01  0.15000000E+01  0.20674454E-01
  0.15600000E+01  0.15200000E+01  0.20939181E-01
  0.15600000E+01  0.15400000E+01  0.21195301E-01
  0.15600000E+01  0.15600000E+01  0.21442134E-01
  0.15600000E+01  0.15800000E+01  0.21679014E-01
  0.15600000E+01  0.16000000E+01  0.21905286E-01
  0.15600000E+01  0.16200000E+01  0.22120318E-01
  0.15600000E+01  0.16400000E+01  0.22323501E-01
  0.15600000E+01  0.16600000E+01  0.22514258E-01
  0.15600000E+01  0.16800000E+01  0.22692044E-01
  0.15600000E+01  0.17000000E+01  0.22856361E-01
  0.15600000E+01  0.17200000E+01  0.23006755E-01
  0.15600000E+01  0.17400000E+01  0.23142828E-01
  0.15600000E+01  0.17600000E+01  0.23264243E-01
  0.15600000E+01  0.17800000E+01  0.23370732E-01
  0.15600000E+01  0.18000000E+01  0.23462103E-01
  0.15600000E+01  0.18200000E+01  0.23538245E-01
  0.15600000E+01  0.18400000E+01  0.23599138E-01
  0.15600000E+01  0.18600000E+01  0.23644862E-01
  0.15600000E+01  0.18800000E+01  0.23675600E-01
  0.15600000E+01  0.19000000E+01  0.23691647E-01
  0.15600000E+01  0.19200000E+01  0.23693419E-01
  0.15600000E+01  0.19400000E+01  0.23681458E-01
  0.15600000E+01  0.19600000E+01  0.23656439E-01
  0.15600000E+01  0.19800000E+01  0.23619173E-01
  0.15600000E+01  0.20000000E+01  0.23570616E-01
  0.15800000E+01  0.00000000E+00  0.52343281E-02
  0.15800000E+01  0.20000000E-01  0.50651263E-02
  0.15800000E+01  0.39999999E-01  0.49701549E-02
  0.15800000E+01  0.59999999E-01  0.51413412E-02
  0.15800000E+01  0.79999998E-01  0.54508422E-02
  0.15800000E+01  0.99999998E-01  0.57481113E-02
  0.15800000E+01  0.12000000E+00  0.60334577E-02
  0.15800000E+01  0.14000000E+00  0.63072130E-02
  0.15800000E+01  0.16000000E+00  0.65697303E-02
  0.15800000E+01  0.18000000E+00  0.68213834E-02
  0.15800000E+01  0.20000000E+00  0.70625660E-02
  0.15800000E+01  0.22000000E+00  0.72936916E-02
  0.15800000E+01  0.23999999E+00  0.75151928E-02
  0.15800000E+01  0.25999999E+00  0.77275213E-02
  0.15800000E+01  0.27999999E+00  0.79311482E-02
  0.15800000E+01  0.29999999E+00  0.81265637E-02
  0.15800000E+01  0.31999999E+00  0.83142778E-02
  0.15800000E+01  0.33999999E+00  0.84948206E-02
  0.15800000E+01  0.35999999E+00  0.86687423E-02
  0.15800000E+01  0.37999999E+00  0.88366144E-02
  0.15800000E+01  0.39999999E+00  0.89990300E-02
  0.15800000E+01  0.41999999E+00  0.91566042E-02
  0.15800000E+01  0.43999999E+00  0.93099750E-02
  0.15800000E+01  0.45999999E+00  0.94598037E-02
  0.15800000E+01  0.47999999E+00  0.96067757E-02
  0.15800000E+01  0.49999999E+00  0.97516006E-02
  0.15800000E+01  0.51999999E+00  0.98950126E-02
  0.15800000E+01  0.53999999E+00  0.10037771E-01
  0.15800000E+01  0.55999999E+00  0.10180659E-01
  0.15800000E+01  0.57999999E+00  0.10324485E-01
  0.15800000E+01  0.59999999E+00  0.10470081E-01
  0.15800000E+01  0.61999999E+00  0.10618301E-01
  0.15800000E+01  0.63999999E+00  0.10770021E-01
  0.15800000E+01  0.65999999E+00  0.10926133E-01
  0.15800000E+01  0.67999998E+00  0.11087548E-01
  0.15800000E+01  0.69999998E+00  0.11255188E-01
  0.15800000E+01  0.71999998E+00  0.11429983E-01
  0.15800000E+01  0.73999998E+00  0.11612862E-01
  0.15800000E+01  0.75999998E+00  0.11804753E-01
  0.15800000E+01  0.77999998E+00  0.12006566E-01
  0.15800000E+01  0.79999998E+00  0.12219191E-01
  0.15800000E+01  0.81999998E+00  0.12443476E-01
  0.15800000E+01  0.83999998E+00  0.12680221E-01
  0.15800000E+01  0.85999998E+00  0.12930154E-01
  0.15800000E+01  0.87999998E+00  0.13193913E-01
  0.15800000E+01  0.89999998E+00  0.13472015E-01
  0.15800000E+01  0.91999998E+00  0.13764831E-01
  0.15800000E+01  0.93999998E+00  0.14072542E-01
  0.15800000E+01  0.95999998E+00  0.14395094E-01
  0.15800000E+01  0.97999998E+00  0.14732144E-01
  0.15800000E+01  0.99999998E+00  0.15082981E-01
  0.15800000E+01  0.10200000E+01  0.15446444E-01
  0.15800000E+01  0.10400000E+01  0.15820794E-01
  0.15800000E+01  0.10600000E+01  0.16203572E-01
  0.15800000E+01  0.10800000E+01  0.16591377E-01
  0.15800000E+01  0.11000000E+01  0.16979582E-01
  0.15800000E+01  0.11200000E+01  0.17361900E-01
  0.15800000E+01  0.11400000E+01  0.17729724E-01
  0.15800000E+01  0.11600000E+01  0.18071034E-01
  0.15800000E+01  0.11800000E+01  0.18368420E-01
  0.15800000E+01  0.12000000E+01  0.18595040E-01
  0.15800000E+01  0.12200000E+01  0.18704635E-01
  0.15800000E+01  0.12400000E+01  0.18597371E-01
  0.15800000E+01  0.12600000E+01  0.17825723E-01
  0.15800000E+01  0.12800000E+01  0.17418997E-01
  0.15800000E+01  0.13000000E+01  0.17730376E-01
  0.15800000E+01  0.13200000E+01  0.18040109E-01
  0.15800000E+01  0.13400000E+01  0.18347614E-01
  0.15800000E+01  0.13600000E+01  0.18652290E-01
  0.15800000E+01  0.13800000E+01  0.18953520E-01
  0.15800000E+01  0.14000000E+01  0.19250670E-01
  0.15800000E+01  0.14200000E+01  0.19543092E-01
  0.15800000E+01  0.14400000E+01  0.19830128E-01
  0.15800000E+01  0.14600000E+01  0.20111111E-01
  0.15800000E+01  0.14800000E+01  0.20385369E-01
  0.15800000E+01  0.15000000E+01  0.20652225E-01
  0.15800000E+01  0.15200000E+01  0.20911006E-01
  0.15800000E+01  0.15400000E+01  0.21161041E-01
  0.15800000E+01  0.15600000E+01  0.21401669E-01
  0.15800000E+01  0.15800000E+01  0.21632241E-01
  0.15800000E+01  0.16000000E+01  0.21852124E-01
  0.15800000E+01  0.16200000E+01  0.22060711E-01
  0.15800000E+01  0.16400000E+01  0.22257418E-01
  0.15800000E+01  0.16600000E+01  0.22441696E-01
  0.15800000E+01  0.16800000E+01  0.22613036E-01
  0.15800000E+01  0.17000000E+01  0.22770971E-01
  0.15800000E+01  0.17200000E+01  0.22915088E-01
  0.15800000E+01  0.17400000E+01  0.23045031E-01
  0.15800000E+01  0.17600000E+01  0.23160507E-01
  0.15800000E+01  0.17800000E+01  0.23261298E-01
  0.15800000E+01  0.18000000E+01  0.23347263E-01
  0.15800000E+01  0.18200000E+01  0.23418348E-01
  0.15800000E+01  0.18400000E+01  0.23474594E-01
  0.15800000E+01  0.18600000E+01  0.23516140E-01
  0.15800000E+01  0.18800000E+01  0.23543239E-01
  0.15800000E+01  0.19000000E+01  0.23556254E-01
  0.15800000E+01  0.19200000E+01  0.23555674E-01
  0.15800000E+01  0.19400000E+01  0.23542116E-01
  0.15800000E+01  0.19600000E+01  0.23516332E-01
  0.15800000E+01  0.19800000E+01  0.23479212E-01
  0.15800000E+01  0.20000000E+01  0.23431790E-01
  0.16000000E+01  0.00000000E+00  0.48751275E-02
  0.16000000E+01  0.20000000E-01  0.47938272E-02
  0.16000000E+01  0.39999999E-01  0.49810731E-02
  0.16000000E+01  0.59999999E-01  0.53045776E-02
  0.16000000E+01  0.79999998E-01  0.56152618E-02
  0.16000000E+01  0.99999998E-01  0.59133952E-02
  0.16000000E+01  0.12000000E+00  0.61992727E-02
  0.16000000E+01  0.14000000E+00  0.64732141E-02
  0.16000000E+01  0.16000000E+00  0.67355626E-02
  0.16000000E+01  0.18000000E+00  0.69866845E-02
  0.16000000E+01  0.20000000E+00  0.72269683E-02
  0.16000000E+01  0.22000000E+00  0.74568250E-02
  0.16000000E+01  0.23999999E+00  0.76766869E-02
  0.16000000E+01  0.25999999E+00  0.78870089E-02
  0.16000000E+01  0.27999999E+00  0.80882675E-02
  0.16000000E+01  0.29999999E+00  0.82809620E-02
  0.16000000E+01  0.31999999E+00  0.84656143E-02
  0.16000000E+01  0.33999999E+00  0.86427698E-02
  0.16000000E+01  0.35999999E+00  0.88129980E-02
  0.16000000E+01  0.37999999E+00  0.89768930E-02
  0.16000000E+01  0.39999999E+00  0.91350744E-02
  0.16000000E+01  0.41999999E+00  0.92881878E-02
  0.16000000E+01  0.43999999E+00  0.94369060E-02
  0.16000000E+01  0.45999999E+00  0.95819293E-02
  0.16000000E+01  0.47999999E+00  0.97239861E-02
  0.16000000E+01  0.49999999E+00  0.98638338E-02
  0.16000000E+01  0.51999999E+00  0.10002259E-01
  0.16000000E+01  0.53999999E+00  0.10140076E-01
  0.16000000E+01  0.55999999E+00  0.10278130E-01
  0.16000000E+01  0.57999999E+00  0.10417295E-01
  0.16000000E+01  0.59999999E+00  0.10558470E-01
  0.16000000E+01  0.61999999E+00  0.10702582E-01
  0.16000000E+01  0.63999999E+00  0.10850583E-01
  0.16000000E+01  0.65999999E+00  0.11003444E-01
  0.16000000E+01  0.67999998E+00  0.11162156E-01
  0.16000000E+01  0.69999998E+00  0.11327722E-01
  0.16000000E+01  0.71999998E+00  0.11501153E-01
  0.16000000E+01  0.73999998E+00  0.11683460E-01
  0.16000000E+01  0.75999998E+00  0.11875645E-01
  0.16000000E+01  0.77999998E+00  0.12078692E-01
  0.16000000E+01  0.79999998E+00  0.12293552E-01
  0.16000000E+01  0.81999998E+00  0.12521128E-01
  0.16000000E+01  0.83999998E+00  0.12762259E-01
  0.16000000E+01  0.85999998E+00  0.13017690E-01
  0.16000000E+01  0.87999998E+00  0.13288052E-01
  0.16000000E+01  0.89999998E+00  0.13573826E-01
  0.16000000E+01  0.91999998E+00  0.13875302E-01
  0.16000000E+01  0.93999998E+00  0.14192528E-01
  0.16000000E+01  0.95999998E+00  0.14525255E-01
  0.16000000E+01  0.97999998E+00  0.14872852E-01
  0.16000000E+01  0.99999998E+00  0.15234217E-01
  0.16000000E+01  0.10200000E+01  0.15607650E-01
  0.16000000E+01  0.10400000E+01  0.15990686E-01
  0.16000000E+01  0.10600000E+01  0.16379879E-01
  0.16000000E+01  0.10800000E+01  0.16770486E-01
  0.16000000E+01  0.11000000E+01  0.17156016E-01
  0.16000000E+01  0.11200000E+01  0.17527532E-01
  0.16000000E+01  0.11400000E+01  0.17872498E-01
  0.16000000E+01  0.11600000E+01  0.18172710E-01
  0.16000000E+01  0.11800000E+01  0.18400050E-01
  0.16000000E+01  0.12000000E+01  0.18506044E-01
  0.16000000E+01  0.12200000E+01  0.18386203E-01
  0.16000000E+01  0.12400000E+01  0.17573629E-01
  0.16000000E+01  0.12600000E+01  0.17135566E-01
  0.16000000E+01  0.12800000E+01  0.17444213E-01
  0.16000000E+01  0.13000000E+01  0.17751573E-01
  0.16000000E+01  0.13200000E+01  0.18057085E-01
  0.16000000E+01  0.13400000E+01  0.18360171E-01
  0.16000000E+01  0.13600000E+01  0.18660233E-01
  0.16000000E+01  0.13800000E+01  0.18956658E-01
  0.16000000E+01  0.14000000E+01  0.19248816E-01
  0.16000000E+01  0.14200000E+01  0.19536068E-01
  0.16000000E+01  0.14400000E+01  0.19817762E-01
  0.16000000E+01  0.14600000E+01  0.20093242E-01
  0.16000000E+01  0.14800000E+01  0.20361845E-01
  0.16000000E+01  0.15000000E+01  0.20622908E-01
  0.16000000E+01  0.15200000E+01  0.20875773E-01
  0.16000000E+01  0.15400000E+01  0.21119784E-01
  0.16000000E+01  0.15600000E+01  0.21354299E-01
  0.16000000E+01  0.15800000E+01  0.21578690E-01
  0.16000000E+01  0.16000000E+01  0.21792347E-01
  0.16000000E+01  0.16200000E+01  0.21994688E-01
  0.16000000E+01  0.16400000E+01  0.22185157E-01
  0.16000000E+01  0.16600000E+01  0.22363238E-01
  0.16000000E+01  0.16800000E+01  0.22528454E-01
  0.16000000E+01  0.17000000E+01  0.22680375E-01
  0.16000000E+01  0.17200000E+01  0.22818629E-01
  0.16000000E+01  0.17400000E+01  0.22942901E-01
  0.16000000E+01  0.17600000E+01  0.23052947E-01
  0.16000000E+01  0.17800000E+01  0.23148597E-01
  0.16000000E+01  0.18000000E+01  0.23229764E-01
  0.16000000E+01  0.18200000E+01  0.23296450E-01
  0.16000000E+01  0.18400000E+01  0.23348756E-01
  0.16000000E+01  0.18600000E+01  0.23386885E-01
  0.16000000E+01  0.18800000E+01  0.23411154E-01
  0.16000000E+01  0.19000000E+01  0.23421996E-01
  0.16000000E+01  0.19200000E+01  0.23419970E-01
  0.16000000E+01  0.19400000E+01  0.23405768E-01
  0.16000000E+01  0.19600000E+01  0.23380212E-01
  0.16000000E+01  0.19800000E+01  0.23344271E-01
  0.16000000E+01  0.20000000E+01  0.23299050E-01
  0.16200000E+01  0.00000000E+00  0.46053253E-02
  0.16200000E+01  0.20000000E-01  0.48092658E-02
  0.16200000E+01  0.39999999E-01  0.51475555E-02
  0.16200000E+01  0.59999999E-01  0.54724650E-02
  0.16200000E+01  0.79999998E-01  0.57842197E-02
  0.16200000E+01  0.99999998E-01  0.60830737E-02
  0.16200000E+01  0.12000000E+00  0.63693094E-02
  0.16200000E+01  0.14000000E+00  0.66432359E-02
  0.16200000E+01  0.16000000E+00  0.69051882E-02
  0.16200000E+01  0.18000000E+00  0.71555267E-02
  0.16200000E+01  0.20000000E+00  0.73946371E-02
  0.16200000E+01  0.22000000E+00  0.76229294E-02
  0.16200000E+01  0.23999999E+00  0.78408389E-02
  0.16200000E+01  0.25999999E+00  0.80488257E-02
  0.16200000E+01  0.27999999E+00  0.82473751E-02
  0.16200000E+01  0.29999999E+00  0.84369984E-02
  0.16200000E+01  0.31999999E+00  0.86182333E-02
  0.16200000E+01  0.33999999E+00  0.87916444E-02
  0.16200000E+01  0.35999999E+00  0.89578244E-02
  0.16200000E+01  0.37999999E+00  0.91173947E-02
  0.16200000E+01  0.39999999E+00  0.92710062E-02
  0.16200000E+01  0.41999999E+00  0.94193406E-02
  0.16200000E+01  0.43999999E+00  0.95631106E-02
  0.16200000E+01  0.45999999E+00  0.97030613E-02
  0.16200000E+01  0.47999999E+00  0.98399708E-02
  0.16200000E+01  0.49999999E+00  0.99746502E-02
  0.16200000E+01  0.51999999E+00  0.10107945E-01
  0.16200000E+01  0.53999999E+00  0.10240733E-01
  0.16200000E+01  0.55999999E+00  0.10373927E-01
  0.16200000E+01  0.57999999E+00  0.10508473E-01
  0.16200000E+01  0.59999999E+00  0.10645346E-01
  0.16200000E+01  0.61999999E+00  0.10785553E-01
  0.16200000E+01  0.63999999E+00  0.10930128E-01
  0.16200000E+01  0.65999999E+00  0.11080126E-01
  0.16200000E+01  0.67999998E+00  0.11236625E-01
  0.16200000E+01  0.69999998E+00  0.11400714E-01
  0.16200000E+01  0.71999998E+00  0.11573488E-01
  0.16200000E+01  0.73999998E+00  0.11756040E-01
  0.16200000E+01  0.75999998E+00  0.11949449E-01
  0.16200000E+01  0.77999998E+00  0.12154768E-01
  0.16200000E+01  0.79999998E+00  0.12373005E-01
  0.16200000E+01  0.81999998E+00  0.12605106E-01
  0.16200000E+01  0.83999998E+00  0.12851931E-01
  0.16200000E+01  0.85999998E+00  0.13114224E-01
  0.16200000E+01  0.87999998E+00  0.13392578E-01
  0.16200000E+01  0.89999998E+00  0.13687394E-01
  0.16200000E+01  0.91999998E+00  0.13998827E-01
  0.16200000E+01  0.93999998E+00  0.14326725E-01
  0.16200000E+01  0.95999998E+00  0.14670542E-01
  0.16200000E+01  0.97999998E+00  0.15029244E-01
  0.16200000E+01  0.99999998E+00  0.15401168E-01
  0.16200000E+01  0.10200000E+01  0.15783859E-01
  0.16200000E+01  0.10400000E+01  0.16173828E-01
  0.16200000E+01  0.10600000E+01  0.16566225E-01
  0.16200000E+01  0.10800000E+01  0.16954365E-01
  0.16200000E+01  0.11000000E+01  0.17328989E-01
  0.16200000E+01  0.11200000E+01  0.17677061E-01
  0.16200000E+01  0.11400000E+01  0.17979590E-01
  0.16200000E+01  0.11600000E+01  0.18207197E-01
  0.16200000E+01  0.11800000E+01  0.18309212E-01
  0.16200000E+01  0.12000000E+01  0.18176525E-01
  0.16200000E+01  0.12200000E+01  0.17322989E-01
  0.16200000E+01  0.12400000E+01  0.16853484E-01
  0.16200000E+01  0.12600000E+01  0.17159075E-01
  0.16200000E+01  0.12800000E+01  0.17463724E-01
  0.16200000E+01  0.13000000E+01  0.17766896E-01
  0.16200000E+01  0.13200000E+01  0.18068035E-01
  0.16200000E+01  0.13400000E+01  0.18366564E-01
  0.16200000E+01  0.13600000E+01  0.18661891E-01
  0.16200000E+01  0.13800000E+01  0.18953408E-01
  0.16200000E+01  0.14000000E+01  0.19240493E-01
  0.16200000E+01  0.14200000E+01  0.19522514E-01
  0.16200000E+01  0.14400000E+01  0.19798830E-01
  0.16200000E+01  0.14600000E+01  0.20068794E-01
  0.16200000E+01  0.14800000E+01  0.20331757E-01
  0.16200000E+01  0.15000000E+01  0.20587072E-01
  0.16200000E+01  0.15200000E+01  0.20834094E-01
  0.16200000E+01  0.15400000E+01  0.21072187E-01
  0.16200000E+01  0.15600000E+01  0.21300728E-01
  0.16200000E+01  0.15800000E+01  0.21519112E-01
  0.16200000E+01  0.16000000E+01  0.21726755E-01
  0.16200000E+01  0.16200000E+01  0.21923100E-01
  0.16200000E+01  0.16400000E+01  0.22107622E-01
  0.16200000E+01  0.16600000E+01  0.22279837E-01
  0.16200000E+01  0.16800000E+01  0.22439302E-01
  0.16200000E+01  0.17000000E+01  0.22585627E-01
  0.16200000E+01  0.17200000E+01  0.22718480E-01
  0.16200000E+01  0.17400000E+01  0.22837590E-01
  0.16200000E+01  0.17600000E+01  0.22942761E-01
  0.16200000E+01  0.17800000E+01  0.23033873E-01
  0.16200000E+01  0.18000000E+01  0.23110891E-01
  0.16200000E+01  0.18200000E+01  0.23173876E-01
  0.16200000E+01  0.18400000E+01  0.23222986E-01
  0.16200000E+01  0.18600000E+01  0.23258487E-01
  0.16200000E+01  0.18800000E+01  0.23280761E-01
  0.16200000E+01  0.19000000E+01  0.23290307E-01
  0.16200000E+01  0.19200000E+01  0.23287754E-01
  0.16200000E+01  0.19400000E+01  0.23273860E-01
  0.16200000E+01  0.19600000E+01  0.23249522E-01
  0.16200000E+01  0.19800000E+01  0.23215773E-01
  0.16200000E+01  0.20000000E+01  0.23173790E-01
  0.16400000E+01  0.00000000E+00  0.46248464E-02
  0.16400000E+01  0.20000000E-01  0.49786833E-02
  0.16400000E+01  0.39999999E-01  0.53186129E-02
  0.16400000E+01  0.59999999E-01  0.56448116E-02
  0.16400000E+01  0.79999998E-01  0.59574887E-02
  0.16400000E+01  0.99999998E-01  0.62568848E-02
  0.16400000E+01  0.12000000E+00  0.65432708E-02
  0.16400000E+01  0.14000000E+00  0.68169468E-02
  0.16400000E+01  0.16000000E+00  0.70782416E-02
  0.16400000E+01  0.18000000E+00  0.73275117E-02
  0.16400000E+01  0.20000000E+00  0.75651417E-02
  0.16400000E+01  0.22000000E+00  0.77915441E-02
  0.16400000E+01  0.23999999E+00  0.80071592E-02
  0.16400000E+01  0.25999999E+00  0.82124555E-02
  0.16400000E+01  0.27999999E+00  0.84079308E-02
  0.16400000E+01  0.29999999E+00  0.85941118E-02
  0.16400000E+01  0.31999999E+00  0.87715559E-02
  0.16400000E+01  0.33999999E+00  0.89408515E-02
  0.16400000E+01  0.35999999E+00  0.91026191E-02
  0.16400000E+01  0.37999999E+00  0.92575123E-02
  0.16400000E+01  0.39999999E+00  0.94062191E-02
  0.16400000E+01  0.41999999E+00  0.95494623E-02
  0.16400000E+01  0.43999999E+00  0.96880013E-02
  0.16400000E+01  0.45999999E+00  0.98226322E-02
  0.16400000E+01  0.47999999E+00  0.99541892E-02
  0.16400000E+01  0.49999999E+00  0.10083545E-01
  0.16400000E+01  0.51999999E+00  0.10211609E-01
  0.16400000E+01  0.53999999E+00  0.10339333E-01
  0.16400000E+01  0.55999999E+00  0.10467703E-01
  0.16400000E+01  0.57999999E+00  0.10597743E-01
  0.16400000E+01  0.59999999E+00  0.10730514E-01
  0.16400000E+01  0.61999999E+00  0.10867109E-01
  0.16400000E+01  0.63999999E+00  0.11008650E-01
  0.16400000E+01  0.65999999E+00  0.11156283E-01
  0.16400000E+01  0.67999998E+00  0.11311177E-01
  0.16400000E+01  0.69999998E+00  0.11474511E-01
  0.16400000E+01  0.71999998E+00  0.11647466E-01
  0.16400000E+01  0.73999998E+00  0.11831218E-01
  0.16400000E+01  0.75999998E+00  0.12026920E-01
  0.16400000E+01  0.77999998E+00  0.12235686E-01
  0.16400000E+01  0.79999998E+00  0.12458572E-01
  0.16400000E+01  0.81999998E+00  0.12696550E-01
  0.16400000E+01  0.83999998E+00  0.12950481E-01
  0.16400000E+01  0.85999998E+00  0.13221072E-01
  0.16400000E+01  0.87999998E+00  0.13508839E-01
  0.16400000E+01  0.89999998E+00  0.13814047E-01
  0.16400000E+01  0.91999998E+00  0.14136643E-01
  0.16400000E+01  0.93999998E+00  0.14476172E-01
  0.16400000E+01  0.95999998E+00  0.14831672E-01
  0.16400000E+01  0.97999998E+00  0.15201527E-01
  0.16400000E+01  0.99999998E+00  0.15583295E-01
  0.16400000E+01  0.10200000E+01  0.15973452E-01
  0.16400000E+01  0.10400000E+01  0.16367053E-01
  0.16400000E+01  0.10600000E+01  0.16757225E-01
  0.16400000E+01  0.10800000E+01  0.17134401E-01
  0.16400000E+01  0.11000000E+01  0.17485052E-01
  0.16400000E+01  0.11200000E+01  0.17789417E-01
  0.16400000E+01  0.11400000E+01  0.18016871E-01
  0.16400000E+01  0.11600000E+01  0.18114572E-01
  0.16400000E+01  0.11800000E+01  0.17968824E-01
  0.16400000E+01  0.12000000E+01  0.17074404E-01
  0.16400000E+01  0.12200000E+01  0.16573425E-01
  0.16400000E+01  0.12400000E+01  0.16875646E-01
  0.16400000E+01  0.12600000E+01  0.17177260E-01
  0.16400000E+01  0.12800000E+01  0.17477755E-01
  0.16400000E+01  0.13000000E+01  0.17776599E-01
  0.16400000E+01  0.13200000E+01  0.18073237E-01
  0.16400000E+01  0.13400000E+01  0.18367101E-01
  0.16400000E+01  0.13600000E+01  0.18657603E-01
  0.16400000E+01  0.13800000E+01  0.18944143E-01
  0.16400000E+01  0.14000000E+01  0.19226108E-01
  0.16400000E+01  0.14200000E+01  0.19502875E-01
  0.16400000E+01  0.14400000E+01  0.19773814E-01
  0.16400000E+01  0.14600000E+01  0.20038292E-01
  0.16400000E+01  0.14800000E+01  0.20295673E-01
  0.16400000E+01  0.15000000E+01  0.20545326E-01
  0.16400000E+01  0.15200000E+01  0.20786624E-01
  0.16400000E+01  0.15400000E+01  0.21018950E-01
  0.16400000E+01  0.15600000E+01  0.21241705E-01
  0.16400000E+01  0.15800000E+01  0.21454306E-01
  0.16400000E+01  0.16000000E+01  0.21656194E-01
  0.16400000E+01  0.16200000E+01  0.21846842E-01
  0.16400000E+01  0.16400000E+01  0.22025756E-01
  0.16400000E+01  0.16600000E+01  0.22192485E-01
  0.16400000E+01  0.16800000E+01  0.22346622E-01
  0.16400000E+01  0.17000000E+01  0.22487817E-01
  0.16400000E+01  0.17200000E+01  0.22615777E-01
  0.16400000E+01  0.17400000E+01  0.22730279E-01
  0.16400000E+01  0.17600000E+01  0.22831172E-01
  0.16400000E+01  0.17800000E+01  0.22918387E-01
  0.16400000E+01  0.18000000E+01  0.22991943E-01
  0.16400000E+01  0.18200000E+01  0.23051954E-01
  0.16400000E+01  0.18400000E+01  0.23098639E-01
  0.16400000E+01  0.18600000E+01  0.23132323E-01
  0.16400000E+01  0.18800000E+01  0.23153449E-01
  0.16400000E+01  0.19000000E+01  0.23162583E-01
  0.16400000E+01  0.19200000E+01  0.23160416E-01
  0.16400000E+01  0.19400000E+01  0.23147773E-01
  0.16400000E+01  0.19600000E+01  0.23125615E-01
  0.16400000E+01  0.19800000E+01  0.23095038E-01
  0.16400000E+01  0.20000000E+01  0.23057278E-01
  0.16600000E+01  0.00000000E+00  0.47968764E-02
  0.16600000E+01  0.20000000E-01  0.51526016E-02
  0.16600000E+01  0.39999999E-01  0.54940521E-02
  0.16600000E+01  0.59999999E-01  0.58213877E-02
  0.16600000E+01  0.79999998E-01  0.61348029E-02
  0.16600000E+01  0.99999998E-01  0.64345262E-02
  0.16600000E+01  0.12000000E+00  0.67208188E-02
  0.16600000E+01  0.14000000E+00  0.69939737E-02
  0.16600000E+01  0.16000000E+00  0.72543152E-02
  0.16600000E+01  0.18000000E+00  0.75021985E-02
  0.16600000E+01  0.20000000E+00  0.77380099E-02
  0.16600000E+01  0.22000000E+00  0.79621668E-02
  0.16600000E+01  0.23999999E+00  0.81751178E-02
  0.16600000E+01  0.25999999E+00  0.83773436E-02
  0.16600000E+01  0.27999999E+00  0.85693576E-02
  0.16600000E+01  0.29999999E+00  0.87517066E-02
  0.16600000E+01  0.31999999E+00  0.89249721E-02
  0.16600000E+01  0.33999999E+00  0.90897708E-02
  0.16600000E+01  0.35999999E+00  0.92467565E-02
  0.16600000E+01  0.37999999E+00  0.93966206E-02
  0.16600000E+01  0.39999999E+00  0.95400937E-02
  0.16600000E+01  0.41999999E+00  0.96779466E-02
  0.16600000E+01  0.43999999E+00  0.98109915E-02
  0.16600000E+01  0.45999999E+00  0.99400828E-02
  0.16600000E+01  0.47999999E+00  0.10066118E-01
  0.16600000E+01  0.49999999E+00  0.10190037E-01
  0.16600000E+01  0.51999999E+00  0.10312826E-01
  0.16600000E+01  0.53999999E+00  0.10435512E-01
  0.16600000E+01  0.55999999E+00  0.10559165E-01
  0.16600000E+01  0.57999999E+00  0.10684898E-01
  0.16600000E+01  0.59999999E+00  0.10813860E-01
  0.16600000E+01  0.61999999E+00  0.10947237E-01
  0.16600000E+01  0.63999999E+00  0.11086248E-01
  0.16600000E+01  0.65999999E+00  0.11232136E-01
  0.16600000E+01  0.67999998E+00  0.11386162E-01
  0.16600000E+01  0.69999998E+00  0.11549598E-01
  0.16600000E+01  0.71999998E+00  0.11723715E-01
  0.16600000E+01  0.73999998E+00  0.11909764E-01
  0.16600000E+01  0.75999998E+00  0.12108967E-01
  0.16600000E+01  0.77999998E+00  0.12322491E-01
  0.16600000E+01  0.79999998E+00  0.12551422E-01
  0.16600000E+01  0.81999998E+00  0.12796736E-01
  0.16600000E+01  0.83999998E+00  0.13059260E-01
  0.16600000E+01  0.85999998E+00  0.13339624E-01
  0.16600000E+01  0.87999998E+00  0.13638207E-01
  0.16600000E+01  0.89999998E+00  0.13955062E-01
  0.16600000E+01  0.91999998E+00  0.14289828E-01
  0.16600000E+01  0.93999998E+00  0.14641618E-01
  0.16600000E+01  0.95999998E+00  0.15008872E-01
  0.16600000E+01  0.97999998E+00  0.15389166E-01
  0.16600000E+01  0.99999998E+00  0.15778952E-01
  0.16600000E+01  0.10200000E+01  0.16173195E-01
  0.16600000E+01  0.10400000E+01  0.16564847E-01
  0.16600000E+01  0.10600000E+01  0.16944043E-01
  0.16600000E+01  0.10800000E+01  0.17296774E-01
  0.16600000E+01  0.11000000E+01  0.17602522E-01
  0.16600000E+01  0.11200000E+01  0.17829437E-01
  0.16600000E+01  0.11400000E+01  0.17922529E-01
  0.16600000E+01  0.11600000E+01  0.17763564E-01
  0.16600000E+01  0.11800000E+01  0.16828444E-01
  0.16600000E+01  0.12000000E+01  0.16296035E-01
  0.16600000E+01  0.12200000E+01  0.16594588E-01
  0.16600000E+01  0.12400000E+01  0.16892854E-01
  0.16600000E+01  0.12600000E+01  0.17190346E-01
  0.16600000E+01  0.12800000E+01  0.17486556E-01
  0.16600000E+01  0.13000000E+01  0.17780956E-01
  0.16600000E+01  0.13200000E+01  0.18072998E-01
  0.16600000E+01  0.13400000E+01  0.18362119E-01
  0.16600000E+01  0.13600000E+01  0.18647740E-01
  0.16600000E+01  0.13800000E+01  0.18929269E-01
  0.16600000E+01  0.14000000E+01  0.19206103E-01
  0.16600000E+01  0.14200000E+01  0.19477631E-01
  0.16600000E+01  0.14400000E+01  0.19743236E-01
  0.16600000E+01  0.14600000E+01  0.20002298E-01
  0.16600000E+01  0.14800000E+01  0.20254197E-01
  0.16600000E+01  0.15000000E+01  0.20498320E-01
  0.16600000E+01  0.15200000E+01  0.20734058E-01
  0.16600000E+01  0.15400000E+01  0.20960818E-01
  0.16600000E+01  0.15600000E+01  0.21178020E-01
  0.16600000E+01  0.15800000E+01  0.21385107E-01
  0.16600000E+01  0.16000000E+01  0.21581550E-01
  0.16600000E+01  0.16200000E+01  0.21766849E-01
  0.16600000E+01  0.16400000E+01  0.21940542E-01
  0.16600000E+01  0.16600000E+01  0.22102212E-01
  0.16600000E+01  0.16800000E+01  0.22251490E-01
  0.16600000E+01  0.17000000E+01  0.22388064E-01
  0.16600000E+01  0.17200000E+01  0.22511684E-01
  0.16600000E+01  0.17400000E+01  0.22622170E-01
  0.16600000E+01  0.17600000E+01  0.22719419E-01
  0.16600000E+01  0.17800000E+01  0.22803411E-01
  0.16600000E+01  0.18000000E+01  0.22874216E-01
  0.16600000E+01  0.18200000E+01  0.22932005E-01
  0.16600000E+01  0.18400000E+01  0.22977049E-01
  0.16600000E+01  0.18600000E+01  0.23009735E-01
  0.16600000E+01  0.18800000E+01  0.23030563E-01
  0.16600000E+01  0.19000000E+01  0.23040159E-01
  0.16600000E+01  0.19200000E+01  0.23039274E-01
  0.16600000E+01  0.19400000E+01  0.23028793E-01
  0.16600000E+01  0.19600000E+01  0.23009734E-01
  0.16600000E+01  0.19800000E+01  0.22983250E-01
  0.16600000E+01  0.20000000E+01  0.22950627E-01
  0.16800000E+01  0.00000000E+00  0.49733357E-02
  0.16800000E+01  0.20000000E-01  0.53308272E-02
  0.16800000E+01  0.39999999E-01  0.56736421E-02
  0.16800000E+01  0.59999999E-01  0.60019245E-02
  0.16800000E+01  0.79999998E-01  0.63158560E-02
  0.16800000E+01  0.99999998E-01  0.66156546E-02
  0.16800000E+01  0.12000000E+00  0.69015736E-02
  0.16800000E+01  0.14000000E+00  0.71739010E-02
  0.16800000E+01  0.16000000E+00  0.74329592E-02
  0.16800000E+01  0.18000000E+00  0.76791046E-02
  0.16800000E+01  0.20000000E+00  0.79127281E-02
  0.16800000E+01  0.22000000E+00  0.81342552E-02
  0.16800000E+01  0.23999999E+00  0.83441465E-02
  0.16800000E+01  0.25999999E+00  0.85428985E-02
  0.16800000E+01  0.27999999E+00  0.87310449E-02
  0.16800000E+01  0.29999999E+00  0.89091568E-02
  0.16800000E+01  0.31999999E+00  0.90778447E-02
  0.16800000E+01  0.33999999E+00  0.92377595E-02
  0.16800000E+01  0.35999999E+00  0.93895935E-02
  0.16800000E+01  0.37999999E+00  0.95340822E-02
  0.16800000E+01  0.39999999E+00  0.96720055E-02
  0.16800000E+01  0.41999999E+00  0.98041888E-02
  0.16800000E+01  0.43999999E+00  0.99315044E-02
  0.16800000E+01  0.45999999E+00  0.10054872E-01
  0.16800000E+01  0.47999999E+00  0.10175261E-01
  0.16800000E+01  0.49999999E+00  0.10293688E-01
  0.16800000E+01  0.51999999E+00  0.10411218E-01
  0.16800000E+01  0.53999999E+00  0.10528968E-01
  0.16800000E+01  0.55999999E+00  0.10648097E-01
  0.16800000E+01  0.57999999E+00  0.10769813E-01
  0.16800000E+01  0.59999999E+00  0.10895363E-01
  0.16800000E+01  0.61999999E+00  0.11026034E-01
  0.16800000E+01  0.63999999E+00  0.11163145E-01
  0.16800000E+01  0.65999999E+00  0.11308038E-01
  0.16800000E+01  0.67999998E+00  0.11462074E-01
  0.16800000E+01  0.69999998E+00  0.11626616E-01
  0.16800000E+01  0.71999998E+00  0.11803019E-01
  0.16800000E+01  0.73999998E+00  0.11992609E-01
  0.16800000E+01  0.75999998E+00  0.12196663E-01
  0.16800000E+01  0.77999998E+00  0.12416384E-01
  0.16800000E+01  0.79999998E+00  0.12652866E-01
  0.16800000E+01  0.81999998E+00  0.12907054E-01
  0.16800000E+01  0.83999998E+00  0.13179699E-01
  0.16800000E+01  0.85999998E+00  0.13471295E-01
  0.16800000E+01  0.87999998E+00  0.13782002E-01
  0.16800000E+01  0.89999998E+00  0.14111561E-01
  0.16800000E+01  0.91999998E+00  0.14459166E-01
  0.16800000E+01  0.93999998E+00  0.14823317E-01
  0.16800000E+01  0.95999998E+00  0.15201616E-01
  0.16800000E+01  0.97999998E+00  0.15590498E-01
  0.16800000E+01  0.99999998E+00  0.15984848E-01
  0.16800000E+01  0.10200000E+01  0.16377454E-01
  0.16800000E+01  0.10400000E+01  0.16758163E-01
  0.16800000E+01  0.10600000E+01  0.17112502E-01
  0.16800000E+01  0.10800000E+01  0.17419210E-01
  0.16800000E+01  0.11000000E+01  0.17645233E-01
  0.16800000E+01  0.11200000E+01  0.17733461E-01
  0.16800000E+01  0.11400000E+01  0.17561178E-01
  0.16800000E+01  0.11600000E+01  0.16585652E-01
  0.16800000E+01  0.11800000E+01  0.16021929E-01
  0.16800000E+01  0.12000000E+01  0.16316530E-01
  0.16800000E+01  0.12200000E+01  0.16611149E-01
  0.16800000E+01  0.12400000E+01  0.16905326E-01
  0.16800000E+01  0.12600000E+01  0.17198577E-01
  0.16800000E+01  0.12800000E+01  0.17490399E-01
  0.16800000E+01  0.13000000E+01  0.17780270E-01
  0.16800000E+01  0.13200000E+01  0.18067650E-01
  0.16800000E+01  0.13400000E+01  0.18351985E-01
  0.16800000E+01  0.13600000E+01  0.18632703E-01
  0.16800000E+01  0.13800000E+01  0.18909224E-01
  0.16800000E+01  0.14000000E+01  0.19180956E-01
  0.16800000E+01  0.14200000E+01  0.19447300E-01
  0.16800000E+01  0.14400000E+01  0.19707654E-01
  0.16800000E+01  0.14600000E+01  0.19961413E-01
  0.16800000E+01  0.14800000E+01  0.20207975E-01
  0.16800000E+01  0.15000000E+01  0.20446745E-01
  0.16800000E+01  0.15200000E+01  0.20677135E-01
  0.16800000E+01  0.15400000E+01  0.20898572E-01
  0.16800000E+01  0.15600000E+01  0.21110503E-01
  0.16800000E+01  0.15800000E+01  0.21312396E-01
  0.16800000E+01  0.16000000E+01  0.21503749E-01
  0.16800000E+01  0.16200000E+01  0.21684092E-01
  0.16800000E+01  0.16400000E+01  0.21852997E-01
  0.16800000E+01  0.16600000E+01  0.22010080E-01
  0.16800000E+01  0.16800000E+01  0.22155009E-01
  0.16800000E+01  0.17000000E+01  0.22287512E-01
  0.16800000E+01  0.17200000E+01  0.22407379E-01
  0.16800000E+01  0.17400000E+01  0.22514475E-01
  0.16800000E+01  0.17600000E+01  0.22608742E-01
  0.16800000E+01  0.17800000E+01  0.22690208E-01
  0.16800000E+01  0.18000000E+01  0.22758994E-01
  0.16800000E+01  0.18200000E+01  0.22815322E-01
  0.16800000E+01  0.18400000E+01  0.22859516E-01
  0.16800000E+01  0.18600000E+01  0.22892017E-01
  0.16800000E+01  0.18800000E+01  0.22913381E-01
  0.16800000E+01  0.19000000E+01  0.22924288E-01
  0.16800000E+01  0.19200000E+01  0.22925544E-01
  0.16800000E+01  0.19400000E+01  0.22918086E-01
  0.16800000E+01  0.19600000E+01  0.22902982E-01
  0.16800000E+01  0.19800000E+01  0.22881431E-01
  0.16800000E+01  0.20000000E+01  0.22854758E-01
  0.17000000E+01  0.00000000E+00  0.51540328E-02
  0.17000000E+01  0.20000000E-01  0.55131295E-02
  0.17000000E+01  0.39999999E-01  0.58571129E-02
  0.17000000E+01  0.59999999E-01  0.61861133E-02
  0.17000000E+01  0.79999998E-01  0.65003008E-02
  0.17000000E+01  0.99999998E-01  0.67998850E-02
  0.17000000E+01  0.12000000E+00  0.70851133E-02
  0.17000000E+01  0.14000000E+00  0.73562714E-02
  0.17000000E+01  0.16000000E+00  0.76136822E-02
  0.17000000E+01  0.18000000E+00  0.78577064E-02
  0.17000000E+01  0.20000000E+00  0.80887428E-02
  0.17000000E+01  0.22000000E+00  0.83072287E-02
  0.17000000E+01  0.23999999E+00  0.85136406E-02
  0.17000000E+01  0.25999999E+00  0.87084954E-02
  0.17000000E+01  0.27999999E+00  0.88923514E-02
  0.17000000E+01  0.29999999E+00  0.90658095E-02
  0.17000000E+01  0.31999999E+00  0.92295147E-02
  0.17000000E+01  0.33999999E+00  0.93841576E-02
  0.17000000E+01  0.35999999E+00  0.95304758E-02
  0.17000000E+01  0.37999999E+00  0.96692554E-02
  0.17000000E+01  0.39999999E+00  0.98013326E-02
  0.17000000E+01  0.41999999E+00  0.99275949E-02
  0.17000000E+01  0.43999999E+00  0.10048982E-01
  0.17000000E+01  0.45999999E+00  0.10166489E-01
  0.17000000E+01  0.47999999E+00  0.10281162E-01
  0.17000000E+01  0.49999999E+00  0.10394104E-01
  0.17000000E+01  0.51999999E+00  0.10506471E-01
  0.17000000E+01  0.53999999E+00  0.10619472E-01
  0.17000000E+01  0.55999999E+00  0.10734367E-01
  0.17000000E+01  0.57999999E+00  0.10852465E-01
  0.17000000E+01  0.59999999E+00  0.10975120E-01
  0.17000000E+01  0.61999999E+00  0.11103723E-01
  0.17000000E+01  0.63999999E+00  0.11239699E-01
  0.17000000E+01  0.65999999E+00  0.11384493E-01
  0.17000000E+01  0.67999998E+00  0.11539564E-01
  0.17000000E+01  0.69999998E+00  0.11706366E-01
  0.17000000E+01  0.71999998E+00  0.11886332E-01
  0.17000000E+01  0.73999998E+00  0.12080851E-01
  0.17000000E+01  0.75999998E+00  0.12291239E-01
  0.17000000E+01  0.77999998E+00  0.12518712E-01
  0.17000000E+01  0.79999998E+00  0.12764335E-01
  0.17000000E+01  0.81999998E+00  0.13028981E-01
  0.17000000E+01  0.83999998E+00  0.13313261E-01
  0.17000000E+01  0.85999998E+00  0.13617451E-01
  0.17000000E+01  0.87999998E+00  0.13941392E-01
  0.17000000E+01  0.89999998E+00  0.14284368E-01
  0.17000000E+01  0.91999998E+00  0.14644944E-01
  0.17000000E+01  0.93999998E+00  0.15020757E-01
  0.17000000E+01  0.95999998E+00  0.15408230E-01
  0.17000000E+01  0.97999998E+00  0.15802181E-01
  0.17000000E+01  0.99999998E+00  0.16195241E-01
  0.17000000E+01  0.10200000E+01  0.16576983E-01
  0.17000000E+01  0.10400000E+01  0.16932484E-01
  0.17000000E+01  0.10600000E+01  0.17239759E-01
  0.17000000E+01  0.10800000E+01  0.17464569E-01
  0.17000000E+01  0.11000000E+01  0.17547719E-01
  0.17000000E+01  0.11200000E+01  0.17362076E-01
  0.17000000E+01  0.11400000E+01  0.16346542E-01
  0.17000000E+01  0.11600000E+01  0.15751695E-01
  0.17000000E+01  0.11800000E+01  0.16042075E-01
  0.17000000E+01  0.12000000E+01  0.16332763E-01
  0.17000000E+01  0.12200000E+01  0.16623324E-01
  0.17000000E+01  0.12400000E+01  0.16913301E-01
  0.17000000E+01  0.12600000E+01  0.17202218E-01
  0.17000000E+01  0.12800000E+01  0.17489579E-01
  0.17000000E+01  0.13000000E+01  0.17774868E-01
  0.17000000E+01  0.13200000E+01  0.18057555E-01
  0.17000000E+01  0.13400000E+01  0.18337093E-01
  0.17000000E+01  0.13600000E+01  0.18612924E-01
  0.17000000E+01  0.13800000E+01  0.18884478E-01
  0.17000000E+01  0.14000000E+01  0.19151176E-01
  0.17000000E+01  0.14200000E+01  0.19412433E-01
  0.17000000E+01  0.14400000E+01  0.19667663E-01
  0.17000000E+01  0.14600000E+01  0.19916277E-01
  0.17000000E+01  0.14800000E+01  0.20157692E-01
  0.17000000E+01  0.15000000E+01  0.20391331E-01
  0.17000000E+01  0.15200000E+01  0.20616630E-01
  0.17000000E+01  0.15400000E+01  0.20833038E-01
  0.17000000E+01  0.15600000E+01  0.21040025E-01
  0.17000000E+01  0.15800000E+01  0.21237087E-01
  0.17000000E+01  0.16000000E+01  0.21423750E-01
  0.17000000E+01  0.16200000E+01  0.21599576E-01
  0.17000000E+01  0.16400000E+01  0.21764167E-01
  0.17000000E+01  0.16600000E+01  0.21917175E-01
  0.17000000E+01  0.16800000E+01  0.22058303E-01
  0.17000000E+01  0.17000000E+01  0.22187318E-01
  0.17000000E+01  0.17200000E+01  0.22304051E-01
  0.17000000E+01  0.17400000E+01  0.22408407E-01
  0.17000000E+01  0.17600000E+01  0.22500374E-01
  0.17000000E+01  0.17800000E+01  0.22580026E-01
  0.17000000E+01  0.18000000E+01  0.22647530E-01
  0.17000000E+01  0.18200000E+01  0.22703156E-01
  0.17000000E+01  0.18400000E+01  0.22747280E-01
  0.17000000E+01  0.18600000E+01  0.22780390E-01
  0.17000000E+01  0.18800000E+01  0.22803092E-01
  0.17000000E+01  0.19000000E+01  0.22816116E-01
  0.17000000E+01  0.19200000E+01  0.22820314E-01
  0.17000000E+01  0.19400000E+01  0.22816669E-01
  0.17000000E+01  0.19600000E+01  0.22806287E-01
  0.17000000E+01  0.19800000E+01  0.22790404E-01
  0.17000000E+01  0.20000000E+01  0.22770372E-01
  0.17200000E+01  0.00000000E+00  0.53387381E-02
  0.17200000E+01  0.20000000E-01  0.56992385E-02
  0.17200000E+01  0.39999999E-01  0.60441545E-02
  0.17200000E+01  0.59999999E-01  0.63736042E-02
  0.17200000E+01  0.79999998E-01  0.66877484E-02
  0.17200000E+01  0.99999998E-01  0.69867902E-02
  0.17200000E+01  0.12000000E+00  0.72709740E-02
  0.17200000E+01  0.14000000E+00  0.75405855E-02
  0.17200000E+01  0.16000000E+00  0.77959514E-02
  0.17200000E+01  0.18000000E+00  0.80374402E-02
  0.17200000E+01  0.20000000E+00  0.82654622E-02
  0.17200000E+01  0.22000000E+00  0.84804705E-02
  0.17200000E+01  0.23999999E+00  0.86829622E-02
  0.17200000E+01  0.25999999E+00  0.88734791E-02
  0.17200000E+01  0.27999999E+00  0.90526097E-02
  0.17200000E+01  0.29999999E+00  0.92209902E-02
  0.17200000E+01  0.31999999E+00  0.93793062E-02
  0.17200000E+01  0.33999999E+00  0.95282946E-02
  0.17200000E+01  0.35999999E+00  0.96687452E-02
  0.17200000E+01  0.37999999E+00  0.98015018E-02
  0.17200000E+01  0.39999999E+00  0.99274649E-02
  0.17200000E+01  0.41999999E+00  0.10047592E-01
  0.17200000E+01  0.43999999E+00  0.10162899E-01
  0.17200000E+01  0.45999999E+00  0.10274463E-01
  0.17200000E+01  0.47999999E+00  0.10383418E-01
  0.17200000E+01  0.49999999E+00  0.10490961E-01
  0.17200000E+01  0.51999999E+00  0.10598345E-01
  0.17200000E+01  0.53999999E+00  0.10706885E-01
  0.17200000E+01  0.55999999E+00  0.10817946E-01
  0.17200000E+01  0.57999999E+00  0.10932948E-01
  0.17200000E+01  0.59999999E+00  0.11053353E-01
  0.17200000E+01  0.61999999E+00  0.11180667E-01
  0.17200000E+01  0.63999999E+00  0.11316421E-01
  0.17200000E+01  0.65999999E+00  0.11462165E-01
  0.17200000E+01  0.67999998E+00  0.11619454E-01
  0.17200000E+01  0.69999998E+00  0.11789826E-01
  0.17200000E+01  0.71999998E+00  0.11974781E-01
  0.17200000E+01  0.73999998E+00  0.12175755E-01
  0.17200000E+01  0.75999998E+00  0.12394080E-01
  0.17200000E+01  0.77999998E+00  0.12630947E-01
  0.17200000E+01  0.79999998E+00  0.12887351E-01
  0.17200000E+01  0.81999998E+00  0.13164025E-01
  0.17200000E+01  0.83999998E+00  0.13461362E-01
  0.17200000E+01  0.85999998E+00  0.13779310E-01
  0.17200000E+01  0.87999998E+00  0.14117246E-01
  0.17200000E+01  0.89999998E+00  0.14473806E-01
  0.17200000E+01  0.91999998E+00  0.14846670E-01
  0.17200000E+01  0.93999998E+00  0.15232260E-01
  0.17200000E+01  0.95999998E+00  0.15625331E-01
  0.17200000E+01  0.97999998E+00  0.16018373E-01
  0.17200000E+01  0.99999998E+00  0.16400696E-01
  0.17200000E+01  0.10200000E+01  0.16756940E-01
  0.17200000E+01  0.10400000E+01  0.17064418E-01
  0.17200000E+01  0.10600000E+01  0.17287729E-01
  0.17200000E+01  0.10800000E+01  0.17365628E-01
  0.17200000E+01  0.11000000E+01  0.17166635E-01
  0.17200000E+01  0.11200000E+01  0.16111595E-01
  0.17200000E+01  0.11400000E+01  0.15485887E-01
  0.17200000E+01  0.11600000E+01  0.15771795E-01
  0.17200000E+01  0.11800000E+01  0.16058282E-01
  0.17200000E+01  0.12000000E+01  0.16344941E-01
  0.17200000E+01  0.12200000E+01  0.16631344E-01
  0.17200000E+01  0.12400000E+01  0.16917040E-01
  0.17200000E+01  0.12600000E+01  0.17201561E-01
  0.17200000E+01  0.12800000E+01  0.17484418E-01
  0.17200000E+01  0.13000000E+01  0.17765105E-01
  0.17200000E+01  0.13200000E+01  0.18043102E-01
  0.17200000E+01  0.13400000E+01  0.18317873E-01
  0.17200000E+01  0.13600000E+01  0.18588870E-01
  0.17200000E+01  0.13800000E+01  0.18855538E-01
  0.17200000E+01  0.14000000E+01  0.19117312E-01
  0.17200000E+01  0.14200000E+01  0.19373622E-01
  0.17200000E+01  0.14400000E+01  0.19623897E-01
  0.17200000E+01  0.14600000E+01  0.19867568E-01
  0.17200000E+01  0.14800000E+01  0.20104071E-01
  0.17200000E+01  0.15000000E+01  0.20332848E-01
  0.17200000E+01  0.15200000E+01  0.20553358E-01
  0.17200000E+01  0.15400000E+01  0.20765073E-01
  0.17200000E+01  0.15600000E+01  0.20967489E-01
  0.17200000E+01  0.15800000E+01  0.21160129E-01
  0.17200000E+01  0.16000000E+01  0.21342546E-01
  0.17200000E+01  0.16200000E+01  0.21514332E-01
  0.17200000E+01  0.16400000E+01  0.21675122E-01
  0.17200000E+01  0.16600000E+01  0.21824601E-01
  0.17200000E+01  0.16800000E+01  0.21962508E-01
  0.17200000E+01  0.17000000E+01  0.22088645E-01
  0.17200000E+01  0.17200000E+01  0.22202882E-01
  0.17200000E+01  0.17400000E+01  0.22305167E-01
  0.17200000E+01  0.17600000E+01  0.22395526E-01
  0.17200000E+01  0.17800000E+01  0.22474076E-01
  0.17200000E+01  0.18000000E+01  0.22541030E-01
  0.17200000E+01  0.18200000E+01  0.22596699E-01
  0.17200000E+01  0.18400000E+01  0.22641505E-01
  0.17200000E+01  0.18600000E+01  0.22675979E-01
  0.17200000E+01  0.18800000E+01  0.22700773E-01
  0.17200000E+01  0.19000000E+01  0.22716655E-01
  0.17200000E+01  0.19200000E+01  0.22724518E-01
  0.17200000E+01  0.19400000E+01  0.22725378E-01
  0.17200000E+01  0.19600000E+01  0.22720374E-01
  0.17200000E+01  0.19800000E+01  0.22710761E-01
  0.17200000E+01  0.20000000E+01  0.22697909E-01
  0.17400000E+01  0.00000000E+00  0.55271834E-02
  0.17400000E+01  0.20000000E-01  0.58888442E-02
  0.17400000E+01  0.39999999E-01  0.62344157E-02
  0.17400000E+01  0.59999999E-01  0.65640056E-02
  0.17400000E+01  0.79999998E-01  0.68777677E-02
  0.17400000E+01  0.99999998E-01  0.71759011E-02
  0.17400000E+01  0.12000000E+00  0.74586499E-02
  0.17400000E+01  0.14000000E+00  0.77263030E-02
  0.17400000E+01  0.16000000E+00  0.79791947E-02
  0.17400000E+01  0.18000000E+00  0.82177045E-02
  0.17400000E+01  0.20000000E+00  0.84422586E-02
  0.17400000E+01  0.22000000E+00  0.86533308E-02
  0.17400000E+01  0.23999999E+00  0.88514432E-02
  0.17400000E+01  0.25999999E+00  0.90371686E-02
  0.17400000E+01  0.27999999E+00  0.92111310E-02
  0.17400000E+01  0.29999999E+00  0.93740083E-02
  0.17400000E+01  0.31999999E+00  0.95265336E-02
  0.17400000E+01  0.33999999E+00  0.96694971E-02
  0.17400000E+01  0.35999999E+00  0.98037480E-02
  0.17400000E+01  0.37999999E+00  0.99301964E-02
  0.17400000E+01  0.39999999E+00  0.10049815E-01
  0.17400000E+01  0.41999999E+00  0.10163639E-01
  0.17400000E+01  0.43999999E+00  0.10272771E-01
  0.17400000E+01  0.45999999E+00  0.10378378E-01
  0.17400000E+01  0.47999999E+00  0.10481691E-01
  0.17400000E+01  0.49999999E+00  0.10584010E-01
  0.17400000E+01  0.51999999E+00  0.10686697E-01
  0.17400000E+01  0.53999999E+00  0.10791175E-01
  0.17400000E+01  0.55999999E+00  0.10898926E-01
  0.17400000E+01  0.57999999E+00  0.11011486E-01
  0.17400000E+01  0.59999999E+00  0.11130433E-01
  0.17400000E+01  0.61999999E+00  0.11257387E-01
  0.17400000E+01  0.63999999E+00  0.11393990E-01
  0.17400000E+01  0.65999999E+00  0.11541894E-01
  0.17400000E+01  0.67999998E+00  0.11702743E-01
  0.17400000E+01  0.69999998E+00  0.11878150E-01
  0.17400000E+01  0.71999998E+00  0.12069665E-01
  0.17400000E+01  0.73999998E+00  0.12278745E-01
  0.17400000E+01  0.75999998E+00  0.12506703E-01
  0.17400000E+01  0.77999998E+00  0.12754660E-01
  0.17400000E+01  0.79999998E+00  0.13023474E-01
  0.17400000E+01  0.81999998E+00  0.13313658E-01
  0.17400000E+01  0.83999998E+00  0.13625272E-01
  0.17400000E+01  0.85999998E+00  0.13957789E-01
  0.17400000E+01  0.87999998E+00  0.14309927E-01
  0.17400000E+01  0.89999998E+00  0.14679410E-01
  0.17400000E+01  0.91999998E+00  0.15062670E-01
  0.17400000E+01  0.93999998E+00  0.15454410E-01
  0.17400000E+01  0.95999998E+00  0.15846989E-01
  0.17400000E+01  0.97999998E+00  0.16229467E-01
  0.17400000E+01  0.99999998E+00  0.16586066E-01
  0.17400000E+01  0.10200000E+01  0.16893412E-01
  0.17400000E+01  0.10400000E+01  0.17114970E-01
  0.17400000E+01  0.10600000E+01  0.17187485E-01
  0.17400000E+01  0.10800000E+01  0.16975207E-01
  0.17400000E+01  0.11000000E+01  0.15881265E-01
  0.17400000E+01  0.11200000E+01  0.15225029E-01
  0.17400000E+01  0.11400000E+01  0.15506228E-01
  0.17400000E+01  0.11600000E+01  0.15788261E-01
  0.17400000E+01  0.11800000E+01  0.16070748E-01
  0.17400000E+01  0.12000000E+01  0.16353290E-01
  0.17400000E+01  0.12200000E+01  0.16635463E-01
  0.17400000E+01  0.12400000E+01  0.16916828E-01
  0.17400000E+01  0.12600000E+01  0.17196921E-01
  0.17400000E+01  0.12800000E+01  0.17475266E-01
  0.17400000E+01  0.13000000E+01  0.17751366E-01
  0.17400000E+01  0.13200000E+01  0.18024713E-01
  0.17400000E+01  0.13400000E+01  0.18294782E-01
  0.17400000E+01  0.13600000E+01  0.18561041E-01
  0.17400000E+01  0.13800000E+01  0.18822945E-01
  0.17400000E+01  0.14000000E+01  0.19079946E-01
  0.17400000E+01  0.14200000E+01  0.19331492E-01
  0.17400000E+01  0.14400000E+01  0.19577028E-01
  0.17400000E+01  0.14600000E+01  0.19816003E-01
  0.17400000E+01  0.14800000E+01  0.20047872E-01
  0.17400000E+01  0.15000000E+01  0.20272101E-01
  0.17400000E+01  0.15200000E+01  0.20488169E-01
  0.17400000E+01  0.15400000E+01  0.20695573E-01
  0.17400000E+01  0.15600000E+01  0.20893833E-01
  0.17400000E+01  0.15800000E+01  0.21082498E-01
  0.17400000E+01  0.16000000E+01  0.21261151E-01
  0.17400000E+01  0.16200000E+01  0.21429412E-01
  0.17400000E+01  0.16400000E+01  0.21586946E-01
  0.17400000E+01  0.16600000E+01  0.21733471E-01
  0.17400000E+01  0.16800000E+01  0.21868759E-01
  0.17400000E+01  0.17000000E+01  0.21992647E-01
  0.17400000E+01  0.17200000E+01  0.22105043E-01
  0.17400000E+01  0.17400000E+01  0.22205927E-01
  0.17400000E+01  0.17600000E+01  0.22295368E-01
  0.17400000E+01  0.17800000E+01  0.22373518E-01
  0.17400000E+01  0.18000000E+01  0.22440630E-01
  0.17400000E+01  0.18200000E+01  0.22497055E-01
  0.17400000E+01  0.18400000E+01  0.22543252E-01
  0.17400000E+01  0.18600000E+01  0.22579791E-01
  0.17400000E+01  0.18800000E+01  0.22607356E-01
  0.17400000E+01  0.19000000E+01  0.22626752E-01
  0.17400000E+01  0.19200000E+01  0.22638899E-01
  0.17400000E+01  0.19400000E+01  0.22644839E-01
  0.17400000E+01  0.19600000E+01  0.22645727E-01
  0.17400000E+01  0.19800000E+01  0.22642828E-01
  0.17400000E+01  0.20000000E+01  0.22637510E-01
  0.17600000E+01  0.00000000E+00  0.57190598E-02
  0.17600000E+01  0.20000000E-01  0.60815956E-02
  0.17600000E+01  0.39999999E-01  0.64275036E-02
  0.17600000E+01  0.59999999E-01  0.67568839E-02
  0.17600000E+01  0.79999998E-01  0.70698855E-02
  0.17600000E+01  0.99999998E-01  0.73667066E-02
  0.17600000E+01  0.12000000E+00  0.76475942E-02
  0.17600000E+01  0.14000000E+00  0.79128440E-02
  0.17600000E+01  0.16000000E+00  0.81628013E-02
  0.17600000E+01  0.18000000E+00  0.83978614E-02
  0.17600000E+01  0.20000000E+00  0.86184711E-02
  0.17600000E+01  0.22000000E+00  0.88251296E-02
  0.17600000E+01  0.23999999E+00  0.90183901E-02
  0.17600000E+01  0.25999999E+00  0.91988617E-02
  0.17600000E+01  0.27999999E+00  0.93672110E-02
  0.17600000E+01  0.29999999E+00  0.95241641E-02
  0.17600000E+01  0.31999999E+00  0.96705089E-02
  0.17600000E+01  0.33999999E+00  0.98070967E-02
  0.17600000E+01  0.35999999E+00  0.99348446E-02
  0.17600000E+01  0.37999999E+00  0.10054737E-01
  0.17600000E+01  0.39999999E+00  0.10167828E-01
  0.17600000E+01  0.41999999E+00  0.10275240E-01
  0.17600000E+01  0.43999999E+00  0.10378171E-01
  0.17600000E+01  0.45999999E+00  0.10477887E-01
  0.17600000E+01  0.47999999E+00  0.10575728E-01
  0.17600000E+01  0.49999999E+00  0.10673103E-01
  0.17600000E+01  0.51999999E+00  0.10771490E-01
  0.17600000E+01  0.53999999E+00  0.10872434E-01
  0.17600000E+01  0.55999999E+00  0.10977536E-01
  0.17600000E+01  0.57999999E+00  0.11088455E-01
  0.17600000E+01  0.59999999E+00  0.11206892E-01
  0.17600000E+01  0.61999999E+00  0.11334578E-01
  0.17600000E+01  0.63999999E+00  0.11473266E-01
  0.17600000E+01  0.65999999E+00  0.11624704E-01
  0.17600000E+01  0.67999998E+00  0.11790617E-01
  0.17600000E+01  0.69999998E+00  0.11972672E-01
  0.17600000E+01  0.71999998E+00  0.12172447E-01
  0.17600000E+01  0.73999998E+00  0.12391383E-01
  0.17600000E+01  0.75999998E+00  0.12630728E-01
  0.17600000E+01  0.77999998E+00  0.12891465E-01
  0.17600000E+01  0.79999998E+00  0.13174232E-01
  0.17600000E+01  0.81999998E+00  0.13479205E-01
  0.17600000E+01  0.83999998E+00  0.13805961E-01
  0.17600000E+01  0.85999998E+00  0.14153299E-01
  0.17600000E+01  0.87999998E+00  0.14519001E-01
  0.17600000E+01  0.89999998E+00  0.14899514E-01
  0.17600000E+01  0.91999998E+00  0.15289502E-01
  0.17600000E+01  0.93999998E+00  0.15681200E-01
  0.17600000E+01  0.95999998E+00  0.16063436E-01
  0.17600000E+01  0.97999998E+00  0.16420028E-01
  0.17600000E+01  0.99999998E+00  0.16726936E-01
  0.17600000E+01  0.10200000E+01  0.16946520E-01
  0.17600000E+01  0.10400000E+01  0.17013558E-01
  0.17600000E+01  0.10600000E+01  0.16788114E-01
  0.17600000E+01  0.10800000E+01  0.15655970E-01
  0.17600000E+01  0.11000000E+01  0.14969609E-01
  0.17600000E+01  0.11200000E+01  0.15245882E-01
  0.17600000E+01  0.11400000E+01  0.15523224E-01
  0.17600000E+01  0.11600000E+01  0.15801285E-01
  0.17600000E+01  0.11800000E+01  0.16079694E-01
  0.17600000E+01  0.12000000E+01  0.16358056E-01
  0.17600000E+01  0.12200000E+01  0.16635959E-01
  0.17600000E+01  0.12400000E+01  0.16912971E-01
  0.17600000E+01  0.12600000E+01  0.17188641E-01
  0.17600000E+01  0.12800000E+01  0.17462500E-01
  0.17600000E+01  0.13000000E+01  0.17734066E-01
  0.17600000E+01  0.13200000E+01  0.18002841E-01
  0.17600000E+01  0.13400000E+01  0.18268316E-01
  0.17600000E+01  0.13600000E+01  0.18529970E-01
  0.17600000E+01  0.13800000E+01  0.18787276E-01
  0.17600000E+01  0.14000000E+01  0.19039700E-01
  0.17600000E+01  0.14200000E+01  0.19286708E-01
  0.17600000E+01  0.14400000E+01  0.19527762E-01
  0.17600000E+01  0.14600000E+01  0.19762333E-01
  0.17600000E+01  0.14800000E+01  0.19989893E-01
  0.17600000E+01  0.15000000E+01  0.20209931E-01
  0.17600000E+01  0.15200000E+01  0.20421946E-01
  0.17600000E+01  0.15400000E+01  0.20625461E-01
  0.17600000E+01  0.15600000E+01  0.20820019E-01
  0.17600000E+01  0.15800000E+01  0.21005196E-01
  0.17600000E+01  0.16000000E+01  0.21180600E-01
  0.17600000E+01  0.16200000E+01  0.21345880E-01
  0.17600000E+01  0.16400000E+01  0.21500730E-01
  0.17600000E+01  0.16600000E+01  0.21644897E-01
  0.17600000E+01  0.16800000E+01  0.21778184E-01
  0.17600000E+01  0.17000000E+01  0.21900462E-01
  0.17600000E+01  0.17200000E+01  0.22011668E-01
  0.17600000E+01  0.17400000E+01  0.22111818E-01
  0.17600000E+01  0.17600000E+01  0.22201012E-01
  0.17600000E+01  0.17800000E+01  0.22279439E-01
  0.17600000E+01  0.18000000E+01  0.22347381E-01
  0.17600000E+01  0.18200000E+01  0.22405224E-01
  0.17600000E+01  0.18400000E+01  0.22453457E-01
  0.17600000E+01  0.18600000E+01  0.22492681E-01
  0.17600000E+01  0.18800000E+01  0.22523606E-01
  0.17600000E+01  0.19000000E+01  0.22547060E-01
  0.17600000E+01  0.19200000E+01  0.22563983E-01
  0.17600000E+01  0.19400000E+01  0.22575427E-01
  0.17600000E+01  0.19600000E+01  0.22582554E-01
  0.17600000E+01  0.19800000E+01  0.22586625E-01
  0.17600000E+01  0.20000000E+01  0.22588988E-01
  0.17800000E+01  0.00000000E+00  0.59140176E-02
  0.17800000E+01  0.20000000E-01  0.62770994E-02
  0.17800000E+01  0.39999999E-01  0.66229831E-02
  0.17800000E+01  0.59999999E-01  0.69517630E-02
  0.17800000E+01  0.79999998E-01  0.72635868E-02
  0.17800000E+01  0.99999998E-01  0.75586548E-02
  0.17800000E+01  0.12000000E+00  0.78372204E-02
  0.17800000E+01  0.14000000E+00  0.80995902E-02
  0.17800000E+01  0.16000000E+00  0.83461249E-02
  0.17800000E+01  0.18000000E+00  0.85772405E-02
  0.17800000E+01  0.20000000E+00  0.87934093E-02
  0.17800000E+01  0.22000000E+00  0.89951619E-02
  0.17800000E+01  0.23999999E+00  0.91830885E-02
  0.17800000E+01  0.25999999E+00  0.93578413E-02
  0.17800000E+01  0.27999999E+00  0.95201363E-02
  0.17800000E+01  0.29999999E+00  0.96707557E-02
  0.17800000E+01  0.31999999E+00  0.98105500E-02
  0.17800000E+01  0.33999999E+00  0.99404402E-02
  0.17800000E+01  0.35999999E+00  0.10061420E-01
  0.17800000E+01  0.37999999E+00  0.10174557E-01
  0.17800000E+01  0.39999999E+00  0.10280996E-01
  0.17800000E+01  0.41999999E+00  0.10381958E-01
  0.17800000E+01  0.43999999E+00  0.10478743E-01
  0.17800000E+01  0.45999999E+00  0.10572729E-01
  0.17800000E+01  0.47999999E+00  0.10665370E-01
  0.17800000E+01  0.49999999E+00  0.10758198E-01
  0.17800000E+01  0.51999999E+00  0.10852815E-01
  0.17800000E+01  0.53999999E+00  0.10950892E-01
  0.17800000E+01  0.55999999E+00  0.11054159E-01
  0.17800000E+01  0.57999999E+00  0.11164400E-01
  0.17800000E+01  0.59999999E+00  0.11283437E-01
  0.17800000E+01  0.61999999E+00  0.11413119E-01
  0.17800000E+01  0.63999999E+00  0.11555299E-01
  0.17800000E+01  0.65999999E+00  0.11711812E-01
  0.17800000E+01  0.67999998E+00  0.11884445E-01
  0.17800000E+01  0.69999998E+00  0.12074898E-01
  0.17800000E+01  0.71999998E+00  0.12284737E-01
  0.17800000E+01  0.73999998E+00  0.12515341E-01
  0.17800000E+01  0.75999998E+00  0.12767823E-01
  0.17800000E+01  0.77999998E+00  0.13042947E-01
  0.17800000E+01  0.79999998E+00  0.13341007E-01
  0.17800000E+01  0.81999998E+00  0.13661691E-01
  0.17800000E+01  0.83999998E+00  0.14003887E-01
  0.17800000E+01  0.85999998E+00  0.14365440E-01
  0.17800000E+01  0.87999998E+00  0.14742821E-01
  0.17800000E+01  0.89999998E+00  0.15130662E-01
  0.17800000E+01  0.91999998E+00  0.15521092E-01
  0.17800000E+01  0.93999998E+00  0.15902716E-01
  0.17800000E+01  0.95999998E+00  0.16258966E-01
  0.17800000E+01  0.97999998E+00  0.16565162E-01
  0.17800000E+01  0.99999998E+00  0.16782584E-01
  0.17800000E+01  0.10200000E+01  0.16844090E-01
  0.17800000E+01  0.10400000E+01  0.16605649E-01
  0.17800000E+01  0.10600000E+01  0.15436099E-01
  0.17800000E+01  0.10800000E+01  0.14720084E-01
  0.17800000E+01  0.11000000E+01  0.14991232E-01
  0.17800000E+01  0.11200000E+01  0.15263664E-01
  0.17800000E+01  0.11400000E+01  0.15537061E-01
  0.17800000E+01  0.11600000E+01  0.15811079E-01
  0.17800000E+01  0.11800000E+01  0.16085357E-01
  0.17800000E+01  0.12000000E+01  0.16359509E-01
  0.17800000E+01  0.12200000E+01  0.16633132E-01
  0.17800000E+01  0.12400000E+01  0.16905806E-01
  0.17800000E+01  0.12600000E+01  0.17177090E-01
  0.17800000E+01  0.12800000E+01  0.17446528E-01
  0.17800000E+01  0.13000000E+01  0.17713650E-01
  0.17800000E+01  0.13200000E+01  0.17977973E-01
  0.17800000E+01  0.13400000E+01  0.18239000E-01
  0.17800000E+01  0.13600000E+01  0.18496227E-01
  0.17800000E+01  0.13800000E+01  0.18749142E-01
  0.17800000E+01  0.14000000E+01  0.18997229E-01
  0.17800000E+01  0.14200000E+01  0.19239969E-01
  0.17800000E+01  0.14400000E+01  0.19476846E-01
  0.17800000E+01  0.14600000E+01  0.19707346E-01
  0.17800000E+01  0.14800000E+01  0.19930964E-01
  0.17800000E+01  0.15000000E+01  0.20147209E-01
  0.17800000E+01  0.15200000E+01  0.20355602E-01
  0.17800000E+01  0.15400000E+01  0.20555688E-01
  0.17800000E+01  0.15600000E+01  0.20747034E-01
  0.17800000E+01  0.15800000E+01  0.20929240E-01
  0.17800000E+01  0.16000000E+01  0.21101938E-01
  0.17800000E+01  0.16200000E+01  0.21264804E-01
  0.17800000E+01  0.16400000E+01  0.21417559E-01
  0.17800000E+01  0.16600000E+01  0.21559976E-01
  0.17800000E+01  0.16800000E+01  0.21691887E-01
  0.17800000E+01  0.17000000E+01  0.21813188E-01
  0.17800000E+01  0.17200000E+01  0.21923846E-01
  0.17800000E+01  0.17400000E+01  0.22023906E-01
  0.17800000E+01  0.17600000E+01  0.22113495E-01
  0.17800000E+01  0.17800000E+01  0.22192828E-01
  0.17800000E+01  0.18000000E+01  0.22262217E-01
  0.17800000E+01  0.18200000E+01  0.22322069E-01
  0.17800000E+01  0.18400000E+01  0.22372900E-01
  0.17800000E+01  0.18600000E+01  0.22415328E-01
  0.17800000E+01  0.18800000E+01  0.22450082E-01
  0.17800000E+01  0.19000000E+01  0.22478003E-01
  0.17800000E+01  0.19200000E+01  0.22500036E-01
  0.17800000E+01  0.19400000E+01  0.22517236E-01
  0.17800000E+01  0.19600000E+01  0.22530754E-01
  0.17800000E+01  0.19800000E+01  0.22541831E-01
  0.17800000E+01  0.20000000E+01  0.22551781E-01
  0.18000000E+01  0.00000000E+00  0.61116648E-02
  0.18000000E+01  0.20000000E-01  0.64749204E-02
  0.18000000E+01  0.39999999E-01  0.68203764E-02
  0.18000000E+01  0.59999999E-01  0.71481250E-02
  0.18000000E+01  0.79999998E-01  0.74583153E-02
  0.18000000E+01  0.99999998E-01  0.77511536E-02
  0.18000000E+01  0.12000000E+00  0.80269037E-02
  0.18000000E+01  0.14000000E+00  0.82858876E-02
  0.18000000E+01  0.16000000E+00  0.85284863E-02
  0.18000000E+01  0.18000000E+00  0.87551416E-02
  0.18000000E+01  0.20000000E+00  0.89663575E-02
  0.18000000E+01  0.22000000E+00  0.91627020E-02
  0.18000000E+01  0.23999999E+00  0.93448092E-02
  0.18000000E+01  0.25999999E+00  0.95133817E-02
  0.18000000E+01  0.27999999E+00  0.96691926E-02
  0.18000000E+01  0.29999999E+00  0.98130885E-02
  0.18000000E+01  0.31999999E+00  0.99459909E-02
  0.18000000E+01  0.33999999E+00  0.10068900E-01
  0.18000000E+01  0.35999999E+00  0.10182894E-01
  0.18000000E+01  0.37999999E+00  0.10289137E-01
  0.18000000E+01  0.39999999E+00  0.10388871E-01
  0.18000000E+01  0.41999999E+00  0.10483426E-01
  0.18000000E+01  0.43999999E+00  0.10574217E-01
  0.18000000E+01  0.45999999E+00  0.10662741E-01
  0.18000000E+01  0.47999999E+00  0.10750578E-01
  0.18000000E+01  0.49999999E+00  0.10839389E-01
  0.18000000E+01  0.51999999E+00  0.10930909E-01
  0.18000000E+01  0.53999999E+00  0.11026941E-01
  0.18000000E+01  0.55999999E+00  0.11129349E-01
  0.18000000E+01  0.57999999E+00  0.11240044E-01
  0.18000000E+01  0.59999999E+00  0.11360971E-01
  0.18000000E+01  0.61999999E+00  0.11494086E-01
  0.18000000E+01  0.63999999E+00  0.11641336E-01
  0.18000000E+01  0.65999999E+00  0.11804625E-01
  0.18000000E+01  0.67999998E+00  0.11985776E-01
  0.18000000E+01  0.69999998E+00  0.12186484E-01
  0.18000000E+01  0.71999998E+00  0.12408259E-01
  0.18000000E+01  0.73999998E+00  0.12652345E-01
  0.18000000E+01  0.75999998E+00  0.12919635E-01
  0.18000000E+01  0.77999998E+00  0.13210548E-01
  0.18000000E+01  0.79999998E+00  0.13524885E-01
  0.18000000E+01  0.81999998E+00  0.13861629E-01
  0.18000000E+01  0.83999998E+00  0.14218697E-01
  0.18000000E+01  0.85999998E+00  0.14592590E-01
  0.18000000E+01  0.87999998E+00  0.14977921E-01
  0.18000000E+01  0.89999998E+00  0.15366722E-01
  0.18000000E+01  0.91999998E+00  0.15747392E-01
  0.18000000E+01  0.93999998E+00  0.16102997E-01
  0.18000000E+01  0.95999998E+00  0.16408232E-01
  0.18000000E+01  0.97999998E+00  0.16623337E-01
  0.18000000E+01  0.99999998E+00  0.16679294E-01
  0.18000000E+01  0.10200000E+01  0.16428076E-01
  0.18000000E+01  0.10400000E+01  0.15222007E-01
  0.18000000E+01  0.10600000E+01  0.14476876E-01
  0.18000000E+01  0.10800000E+01  0.14742717E-01
  0.18000000E+01  0.11000000E+01  0.15010039E-01
  0.18000000E+01  0.11200000E+01  0.15278551E-01
  0.18000000E+01  0.11400000E+01  0.15547940E-01
  0.18000000E+01  0.11600000E+01  0.15817874E-01
  0.18000000E+01  0.11800000E+01  0.16087999E-01
  0.18000000E+01  0.12000000E+01  0.16357942E-01
  0.18000000E+01  0.12200000E+01  0.16627311E-01
  0.18000000E+01  0.12400000E+01  0.16895695E-01
  0.18000000E+01  0.12600000E+01  0.17162669E-01
  0.18000000E+01  0.12800000E+01  0.17427789E-01
  0.18000000E+01  0.13000000E+01  0.17690598E-01
  0.18000000E+01  0.13200000E+01  0.17950628E-01
  0.18000000E+01  0.13400000E+01  0.18207397E-01
  0.18000000E+01  0.13600000E+01  0.18460417E-01
  0.18000000E+01  0.13800000E+01  0.18709193E-01
  0.18000000E+01  0.14000000E+01  0.18953224E-01
  0.18000000E+01  0.14200000E+01  0.19192012E-01
  0.18000000E+01  0.14400000E+01  0.19425055E-01
  0.18000000E+01  0.14600000E+01  0.19651862E-01
  0.18000000E+01  0.14800000E+01  0.19871946E-01
  0.18000000E+01  0.15000000E+01  0.20084835E-01
  0.18000000E+01  0.15200000E+01  0.20290072E-01
  0.18000000E+01  0.15400000E+01  0.20487222E-01
  0.18000000E+01  0.15600000E+01  0.20675876E-01
  0.18000000E+01  0.15800000E+01  0.20855654E-01
  0.18000000E+01  0.16000000E+01  0.21026211E-01
  0.18000000E+01  0.16200000E+01  0.21187247E-01
  0.18000000E+01  0.16400000E+01  0.21338505E-01
  0.18000000E+01  0.16600000E+01  0.21479781E-01
  0.18000000E+01  0.16800000E+01  0.21610931E-01
  0.18000000E+01  0.17000000E+01  0.21731874E-01
  0.18000000E+01  0.17200000E+01  0.21842600E-01
  0.18000000E+01  0.17400000E+01  0.21943176E-01
  0.18000000E+01  0.17600000E+01  0.22033751E-01
  0.18000000E+01  0.17800000E+01  0.22114560E-01
  0.18000000E+01  0.18000000E+01  0.22185932E-01
  0.18000000E+01  0.18200000E+01  0.22248294E-01
  0.18000000E+01  0.18400000E+01  0.22302173E-01
  0.18000000E+01  0.18600000E+01  0.22348199E-01
  0.18000000E+01  0.18800000E+01  0.22387108E-01
  0.18000000E+01  0.19000000E+01  0.22419740E-01
  0.18000000E+01  0.19200000E+01  0.22447038E-01
  0.18000000E+01  0.19400000E+01  0.22470040E-01
  0.18000000E+01  0.19600000E+01  0.22489877E-01
  0.18000000E+01  0.19800000E+01  0.22507752E-01
  0.18000000E+01  0.20000000E+01  0.22524930E-01
  0.18200000E+01  0.00000000E+00  0.63115668E-02
  0.18200000E+01  0.20000000E-01  0.66745805E-02
  0.18200000E+01  0.39999999E-01  0.70191642E-02
  0.18200000E+01  0.59999999E-01  0.73454108E-02
  0.18200000E+01  0.79999998E-01  0.76534749E-02
  0.18200000E+01  0.99999998E-01  0.79435730E-02
  0.18200000E+01  0.12000000E+00  0.82159836E-02
  0.18200000E+01  0.14000000E+00  0.84710491E-02
  0.18200000E+01  0.16000000E+00  0.87091765E-02
  0.18200000E+01  0.18000000E+00  0.89308394E-02
  0.18200000E+01  0.20000000E+00  0.91365796E-02
  0.18200000E+01  0.22000000E+00  0.93270096E-02
  0.18200000E+01  0.23999999E+00  0.95028150E-02
  0.18200000E+01  0.25999999E+00  0.96647565E-02
  0.18200000E+01  0.27999999E+00  0.98136731E-02
  0.18200000E+01  0.29999999E+00  0.99504841E-02
  0.18200000E+01  0.31999999E+00  0.10076192E-01
  0.18200000E+01  0.33999999E+00  0.10191885E-01
  0.18200000E+01  0.35999999E+00  0.10298739E-01
  0.18200000E+01  0.37999999E+00  0.10398019E-01
  0.18200000E+01  0.39999999E+00  0.10491080E-01
  0.18200000E+01  0.41999999E+00  0.10579370E-01
  0.18200000E+01  0.43999999E+00  0.10664428E-01
  0.18200000E+01  0.45999999E+00  0.10747880E-01
  0.18200000E+01  0.47999999E+00  0.10831443E-01
  0.18200000E+01  0.49999999E+00  0.10916914E-01
  0.18200000E+01  0.51999999E+00  0.11006168E-01
  0.18200000E+01  0.53999999E+00  0.11101146E-01
  0.18200000E+01  0.55999999E+00  0.11203847E-01
  0.18200000E+01  0.57999999E+00  0.11316310E-01
  0.18200000E+01  0.59999999E+00  0.11440595E-01
  0.18200000E+01  0.61999999E+00  0.11578758E-01
  0.18200000E+01  0.63999999E+00  0.11732822E-01
  0.18200000E+01  0.65999999E+00  0.11904733E-01
  0.18200000E+01  0.67999998E+00  0.12096316E-01
  0.18200000E+01  0.69999998E+00  0.12309210E-01
  0.18200000E+01  0.71999998E+00  0.12544797E-01
  0.18200000E+01  0.73999998E+00  0.12804101E-01
  0.18200000E+01  0.75999998E+00  0.13087669E-01
  0.18200000E+01  0.77999998E+00  0.13395418E-01
  0.18200000E+01  0.79999998E+00  0.13726435E-01
  0.18200000E+01  0.81999998E+00  0.14078713E-01
  0.18200000E+01  0.83999998E+00  0.14448794E-01
  0.18200000E+01  0.85999998E+00  0.14831282E-01
  0.18200000E+01  0.87999998E+00  0.15218123E-01
  0.18200000E+01  0.89999998E+00  0.15597527E-01
  0.18200000E+01  0.91999998E+00  0.15952207E-01
  0.18200000E+01  0.93999998E+00  0.16256266E-01
  0.18200000E+01  0.95999998E+00  0.16468929E-01
  0.18200000E+01  0.97999998E+00  0.16519356E-01
  0.18200000E+01  0.99999998E+00  0.16255630E-01
  0.18200000E+01  0.10200000E+01  0.15014018E-01
  0.18200000E+01  0.10400000E+01  0.14240372E-01
  0.18200000E+01  0.10600000E+01  0.14500746E-01
  0.18200000E+01  0.10800000E+01  0.14762775E-01
  0.18200000E+01  0.11000000E+01  0.15026199E-01
  0.18200000E+01  0.11200000E+01  0.15290736E-01
  0.18200000E+01  0.11400000E+01  0.15556084E-01
  0.18200000E+01  0.11600000E+01  0.15821921E-01
  0.18200000E+01  0.11800000E+01  0.16087905E-01
  0.18200000E+01  0.12000000E+01  0.16353674E-01
  0.18200000E+01  0.12200000E+01  0.16618848E-01
  0.18200000E+01  0.12400000E+01  0.16883031E-01
  0.18200000E+01  0.12600000E+01  0.17145809E-01
  0.18200000E+01  0.12800000E+01  0.17406753E-01
  0.18200000E+01  0.13000000E+01  0.17665421E-01
  0.18200000E+01  0.13200000E+01  0.17921360E-01
  0.18200000E+01  0.13400000E+01  0.18174104E-01
  0.18200000E+01  0.13600000E+01  0.18423180E-01
  0.18200000E+01  0.13800000E+01  0.18668111E-01
  0.18200000E+01  0.14000000E+01  0.18908413E-01
  0.18200000E+01  0.14200000E+01  0.19143603E-01
  0.18200000E+01  0.14400000E+01  0.19373201E-01
  0.18200000E+01  0.14600000E+01  0.19596731E-01
  0.18200000E+01  0.14800000E+01  0.19813725E-01
  0.18200000E+01  0.15000000E+01  0.20023731E-01
  0.18200000E+01  0.15200000E+01  0.20226310E-01
  0.18200000E+01  0.15400000E+01  0.20421047E-01
  0.18200000E+01  0.15600000E+01  0.20607551E-01
  0.18200000E+01  0.15800000E+01  0.20785463E-01
  0.18200000E+01  0.16000000E+01  0.20954457E-01
  0.18200000E+01  0.16200000E+01  0.21114250E-01
  0.18200000E+01  0.16400000E+01  0.21264606E-01
  0.18200000E+01  0.16600000E+01  0.21405339E-01
  0.18200000E+01  0.16800000E+01  0.21536324E-01
  0.18200000E+01  0.17000000E+01  0.21657497E-01
  0.18200000E+01  0.17200000E+01  0.21768864E-01
  0.18200000E+01  0.17400000E+01  0.21870507E-01
  0.18200000E+01  0.17600000E+01  0.21962589E-01
  0.18200000E+01  0.17800000E+01  0.22045358E-01
  0.18200000E+01  0.18000000E+01  0.22119153E-01
  0.18200000E+01  0.18200000E+01  0.22184407E-01
  0.18200000E+01  0.18400000E+01  0.22241652E-01
  0.18200000E+01  0.18600000E+01  0.22291517E-01
  0.18200000E+01  0.18800000E+01  0.22334735E-01
  0.18200000E+01  0.19000000E+01  0.22372133E-01
  0.18200000E+01  0.19200000E+01  0.22404637E-01
  0.18200000E+01  0.19400000E+01  0.22433259E-01
  0.18200000E+01  0.19600000E+01  0.22459090E-01
  0.18200000E+01  0.19800000E+01  0.22483286E-01
  0.18200000E+01  0.20000000E+01  0.22507045E-01
  0.18400000E+01  0.00000000E+00  0.65132465E-02
  0.18400000E+01  0.20000000E-01  0.68755597E-02
  0.18400000E+01  0.39999999E-01  0.72187852E-02
  0.18400000E+01  0.59999999E-01  0.75430210E-02
  0.18400000E+01  0.79999998E-01  0.78484311E-02
  0.18400000E+01  0.99999998E-01  0.81352467E-02
  0.18400000E+01  0.12000000E+00  0.84037664E-02
  0.18400000E+01  0.14000000E+00  0.86543585E-02
  0.18400000E+01  0.16000000E+00  0.88874619E-02
  0.18400000E+01  0.18000000E+00  0.91035885E-02
  0.18400000E+01  0.20000000E+00  0.93033254E-02
  0.18400000E+01  0.22000000E+00  0.94873371E-02
  0.18400000E+01  0.23999999E+00  0.96563686E-02
  0.18400000E+01  0.25999999E+00  0.98112478E-02
  0.18400000E+01  0.27999999E+00  0.99528882E-02
  0.18400000E+01  0.29999999E+00  0.10082292E-01
  0.18400000E+01  0.31999999E+00  0.10200552E-01
  0.18400000E+01  0.33999999E+00  0.10308857E-01
  0.18400000E+01  0.35999999E+00  0.10408487E-01
  0.18400000E+01  0.37999999E+00  0.10500822E-01
  0.18400000E+01  0.39999999E+00  0.10587342E-01
  0.18400000E+01  0.41999999E+00  0.10669620E-01
  0.18400000E+01  0.43999999E+00  0.10749331E-01
  0.18400000E+01  0.45999999E+00  0.10828241E-01
  0.18400000E+01  0.47999999E+00  0.10908210E-01
  0.18400000E+01  0.49999999E+00  0.10991180E-01
  0.18400000E+01  0.51999999E+00  0.11079171E-01
  0.18400000E+01  0.53999999E+00  0.11174266E-01
  0.18400000E+01  0.55999999E+00  0.11278597E-01
  0.18400000E+01  0.57999999E+00  0.11394326E-01
  0.18400000E+01  0.59999999E+00  0.11523621E-01
  0.18400000E+01  0.61999999E+00  0.11668619E-01
  0.18400000E+01  0.63999999E+00  0.11831392E-01
  0.18400000E+01  0.65999999E+00  0.12013893E-01
  0.18400000E+01  0.67999998E+00  0.12217898E-01
  0.18400000E+01  0.69999998E+00  0.12444922E-01
  0.18400000E+01  0.71999998E+00  0.12696124E-01
  0.18400000E+01  0.73999998E+00  0.12972184E-01
  0.18400000E+01  0.75999998E+00  0.13273141E-01
  0.18400000E+01  0.77999998E+00  0.13598189E-01
  0.18400000E+01  0.79999998E+00  0.13945405E-01
  0.18400000E+01  0.81999998E+00  0.14311383E-01
  0.18400000E+01  0.83999998E+00  0.14690723E-01
  0.18400000E+01  0.85999998E+00  0.15075302E-01
  0.18400000E+01  0.87999998E+00  0.15453154E-01
  0.18400000E+01  0.89999998E+00  0.15806662E-01
  0.18400000E+01  0.91999998E+00  0.16109356E-01
  0.18400000E+01  0.93999998E+00  0.16319483E-01
  0.18400000E+01  0.95999998E+00  0.16364436E-01
  0.18400000E+01  0.97999998E+00  0.16088517E-01
  0.18400000E+01  0.99999998E+00  0.14812423E-01
  0.18400000E+01  0.10200000E+01  0.14010925E-01
  0.18400000E+01  0.10400000E+01  0.14265690E-01
  0.18400000E+01  0.10600000E+01  0.14522263E-01
  0.18400000E+01  0.10800000E+01  0.14780414E-01
  0.18400000E+01  0.11000000E+01  0.15039894E-01
  0.18400000E+01  0.11200000E+01  0.15300432E-01
  0.18400000E+01  0.11400000E+01  0.15561737E-01
  0.18400000E+01  0.11600000E+01  0.15823498E-01
  0.18400000E+01  0.11800000E+01  0.16085386E-01
  0.18400000E+01  0.12000000E+01  0.16347052E-01
  0.18400000E+01  0.12200000E+01  0.16608129E-01
  0.18400000E+01  0.12400000E+01  0.16868236E-01
  0.18400000E+01  0.12600000E+01  0.17126972E-01
  0.18400000E+01  0.12800000E+01  0.17383924E-01
  0.18400000E+01  0.13000000E+01  0.17638666E-01
  0.18400000E+01  0.13200000E+01  0.17890758E-01
  0.18400000E+01  0.13400000E+01  0.18139751E-01
  0.18400000E+01  0.13600000E+01  0.18385191E-01
  0.18400000E+01  0.13800000E+01  0.18626613E-01
  0.18400000E+01  0.14000000E+01  0.18863553E-01
  0.18400000E+01  0.14200000E+01  0.19095543E-01
  0.18400000E+01  0.14400000E+01  0.19322121E-01
  0.18400000E+01  0.14600000E+01  0.19542827E-01
  0.18400000E+01  0.14800000E+01  0.19757211E-01
  0.18400000E+01  0.15000000E+01  0.19964837E-01
  0.18400000E+01  0.15200000E+01  0.20165283E-01
  0.18400000E+01  0.15400000E+01  0.20358150E-01
  0.18400000E+01  0.15600000E+01  0.20543063E-01
  0.18400000E+01  0.15800000E+01  0.20719679E-01
  0.18400000E+01  0.16000000E+01  0.20887688E-01
  0.18400000E+01  0.16200000E+01  0.21046821E-01
  0.18400000E+01  0.16400000E+01  0.21196856E-01
  0.18400000E+01  0.16600000E+01  0.21337620E-01
  0.18400000E+01  0.16800000E+01  0.21468999E-01
  0.18400000E+01  0.17000000E+01  0.21590940E-01
  0.18400000E+01  0.17200000E+01  0.21703458E-01
  0.18400000E+01  0.17400000E+01  0.21806644E-01
  0.18400000E+01  0.17600000E+01  0.21900665E-01
  0.18400000E+01  0.17800000E+01  0.21985772E-01
  0.18400000E+01  0.18000000E+01  0.22062304E-01
  0.18400000E+01  0.18200000E+01  0.22130692E-01
  0.18400000E+01  0.18400000E+01  0.22191460E-01
  0.18400000E+01  0.18600000E+01  0.22245228E-01
  0.18400000E+01  0.18800000E+01  0.22292708E-01
  0.18400000E+01  0.19000000E+01  0.22334708E-01
  0.18400000E+01  0.19200000E+01  0.22372121E-01
  0.18400000E+01  0.19400000E+01  0.22405922E-01
  0.18400000E+01  0.19600000E+01  0.22437152E-01
  0.18400000E+01  0.19800000E+01  0.22466901E-01
  0.18400000E+01  0.20000000E+01  0.22496291E-01
  0.18600000E+01  0.00000000E+00  0.67161842E-02
  0.18600000E+01  0.20000000E-01  0.70772959E-02
  0.18600000E+01  0.39999999E-01  0.74186381E-02
  0.18600000E+01  0.59999999E-01  0.77403178E-02
  0.18600000E+01  0.79999998E-01  0.80425133E-02
  0.18600000E+01  0.99999998E-01  0.83254755E-02
  0.18600000E+01  0.12000000E+00  0.85895291E-02
  0.18600000E+01  0.14000000E+00  0.88350742E-02
  0.18600000E+01  0.16000000E+00  0.90625885E-02
  0.18600000E+01  0.18000000E+00  0.92726296E-02
  0.18600000E+01  0.20000000E+00  0.94658373E-02
  0.18600000E+01  0.22000000E+00  0.96429368E-02
  0.18600000E+01  0.23999999E+00  0.98047414E-02
  0.18600000E+01  0.25999999E+00  0.99521553E-02
  0.18600000E+01  0.27999999E+00  0.10086177E-01
  0.18600000E+01  0.29999999E+00  0.10207901E-01
  0.18600000E+01  0.31999999E+00  0.10318523E-01
  0.18600000E+01  0.33999999E+00  0.10419339E-01
  0.18600000E+01  0.35999999E+00  0.10511750E-01
  0.18600000E+01  0.37999999E+00  0.10597261E-01
  0.18600000E+01  0.39999999E+00  0.10677482E-01
  0.18600000E+01  0.41999999E+00  0.10754130E-01
  0.18600000E+01  0.43999999E+00  0.10829021E-01
  0.18600000E+01  0.45999999E+00  0.10904072E-01
  0.18600000E+01  0.47999999E+00  0.10981294E-01
  0.18600000E+01  0.49999999E+00  0.11062779E-01
  0.18600000E+01  0.51999999E+00  0.11150694E-01
  0.18600000E+01  0.53999999E+00  0.11247266E-01
  0.18600000E+01  0.55999999E+00  0.11354755E-01
  0.18600000E+01  0.57999999E+00  0.11475438E-01
  0.18600000E+01  0.59999999E+00  0.11611571E-01
  0.18600000E+01  0.61999999E+00  0.11765348E-01
  0.18600000E+01  0.63999999E+00  0.11938853E-01
  0.18600000E+01  0.65999999E+00  0.12133996E-01
  0.18600000E+01  0.67999998E+00  0.12352431E-01
  0.18600000E+01  0.69999998E+00  0.12595454E-01
  0.18600000E+01  0.71999998E+00  0.12863881E-01
  0.18600000E+01  0.73999998E+00  0.13157877E-01
  0.18600000E+01  0.75999998E+00  0.13476749E-01
  0.18600000E+01  0.77999998E+00  0.13818665E-01
  0.18600000E+01  0.79999998E+00  0.14180277E-01
  0.18600000E+01  0.81999998E+00  0.14556197E-01
  0.18600000E+01  0.83999998E+00  0.14938242E-01
  0.18600000E+01  0.85999998E+00  0.15314285E-01
  0.18600000E+01  0.87999998E+00  0.15666399E-01
  0.18600000E+01  0.89999998E+00  0.15967568E-01
  0.18600000E+01  0.91999998E+00  0.16175097E-01
  0.18600000E+01  0.93999998E+00  0.16214667E-01
  0.18600000E+01  0.95999998E+00  0.15926916E-01
  0.18600000E+01  0.97999998E+00  0.14617477E-01
  0.18600000E+01  0.99999998E+00  0.13788853E-01
  0.18600000E+01  0.10200000E+01  0.14037887E-01
  0.18600000E+01  0.10400000E+01  0.14288860E-01
  0.18600000E+01  0.10600000E+01  0.14541574E-01
  0.18600000E+01  0.10800000E+01  0.14795811E-01
  0.18600000E+01  0.11000000E+01  0.15051331E-01
  0.18600000E+01  0.11200000E+01  0.15307875E-01
  0.18600000E+01  0.11400000E+01  0.15565167E-01
  0.18600000E+01  0.11600000E+01  0.15822907E-01
  0.18600000E+01  0.11800000E+01  0.16080780E-01
  0.18600000E+01  0.12000000E+01  0.16338451E-01
  0.18600000E+01  0.12200000E+01  0.16595568E-01
  0.18600000E+01  0.12400000E+01  0.16851764E-01
  0.18600000E+01  0.12600000E+01  0.17106655E-01
  0.18600000E+01  0.12800000E+01  0.17359841E-01
  0.18600000E+01  0.13000000E+01  0.17610912E-01
  0.18600000E+01  0.13200000E+01  0.17859445E-01
  0.18600000E+01  0.13400000E+01  0.18105007E-01
  0.18600000E+01  0.13600000E+01  0.18347157E-01
  0.18600000E+01  0.13800000E+01  0.18585449E-01
  0.18600000E+01  0.14000000E+01  0.18819434E-01
  0.18600000E+01  0.14200000E+01  0.19048660E-01
  0.18600000E+01  0.14400000E+01  0.19272679E-01
  0.18600000E+01  0.14600000E+01  0.19491046E-01
  0.18600000E+01  0.14800000E+01  0.19703328E-01
  0.18600000E+01  0.15000000E+01  0.19909101E-01
  0.18600000E+01  0.15200000E+01  0.20107957E-01
  0.18600000E+01  0.15400000E+01  0.20299511E-01
  0.18600000E+01  0.15600000E+01  0.20483400E-01
  0.18600000E+01  0.15800000E+01  0.20659290E-01
  0.18600000E+01  0.16000000E+01  0.20826884E-01
  0.18600000E+01  0.16200000E+01  0.20985920E-01
  0.18600000E+01  0.16400000E+01  0.21136184E-01
  0.18600000E+01  0.16600000E+01  0.21277511E-01
  0.18600000E+01  0.16800000E+01  0.21409790E-01
  0.18600000E+01  0.17000000E+01  0.21532971E-01
  0.18600000E+01  0.17200000E+01  0.21647070E-01
  0.18600000E+01  0.17400000E+01  0.21752177E-01
  0.18600000E+01  0.17600000E+01  0.21848453E-01
  0.18600000E+01  0.17800000E+01  0.21936144E-01
  0.18600000E+01  0.18000000E+01  0.22015579E-01
  0.18600000E+01  0.18200000E+01  0.22087174E-01
  0.18600000E+01  0.18400000E+01  0.22151435E-01
  0.18600000E+01  0.18600000E+01  0.22208958E-01
  0.18600000E+01  0.18800000E+01  0.22260430E-01
  0.18600000E+01  0.19000000E+01  0.22306622E-01
  0.18600000E+01  0.19200000E+01  0.22348386E-01
  0.18600000E+01  0.19400000E+01  0.22386647E-01
  0.18600000E+01  0.19600000E+01  0.22422384E-01
  0.18600000E+01  0.19800000E+01  0.22456618E-01
  0.18600000E+01  0.20000000E+01  0.22490379E-01
  0.18800000E+01  0.00000000E+00  0.69198184E-02
  0.18800000E+01  0.20000000E-01  0.72791869E-02
  0.18800000E+01  0.39999999E-01  0.76180829E-02
  0.18800000E+01  0.59999999E-01  0.79366272E-02
  0.18800000E+01  0.79999998E-01  0.82350177E-02
  0.18800000E+01  0.99999998E-01  0.85135310E-02
  0.18800000E+01  0.12000000E+00  0.87725237E-02
  0.18800000E+01  0.14000000E+00  0.90124350E-02
  0.18800000E+01  0.16000000E+00  0.92337887E-02
  0.18800000E+01  0.18000000E+00  0.94371961E-02
  0.18800000E+01  0.20000000E+00  0.96233584E-02
  0.18800000E+01  0.22000000E+00  0.97930705E-02
  0.18800000E+01  0.23999999E+00  0.99472235E-02
  0.18800000E+01  0.25999999E+00  0.10086808E-01
  0.18800000E+01  0.27999999E+00  0.10212919E-01
  0.18800000E+01  0.29999999E+00  0.10326754E-01
  0.18800000E+01  0.31999999E+00  0.10429621E-01
  0.18800000E+01  0.33999999E+00  0.10522938E-01
  0.18800000E+01  0.35999999E+00  0.10608236E-01
  0.18800000E+01  0.37999999E+00  0.10687157E-01
  0.18800000E+01  0.39999999E+00  0.10761455E-01
  0.18800000E+01  0.41999999E+00  0.10832996E-01
  0.18800000E+01  0.43999999E+00  0.10903752E-01
  0.18800000E+01  0.45999999E+00  0.10975797E-01
  0.18800000E+01  0.47999999E+00  0.11051297E-01
  0.18800000E+01  0.49999999E+00  0.11132501E-01
  0.18800000E+01  0.51999999E+00  0.11221725E-01
  0.18800000E+01  0.53999999E+00  0.11321330E-01
  0.18800000E+01  0.55999999E+00  0.11433700E-01
  0.18800000E+01  0.57999999E+00  0.11561207E-01
  0.18800000E+01  0.59999999E+00  0.11706171E-01
  0.18800000E+01  0.61999999E+00  0.11870804E-01
  0.18800000E+01  0.63999999E+00  0.12057154E-01
  0.18800000E+01  0.65999999E+00  0.12267013E-01
  0.18800000E+01  0.67999998E+00  0.12501818E-01
  0.18800000E+01  0.69999998E+00  0.12762523E-01
  0.18800000E+01  0.71999998E+00  0.13049424E-01
  0.18800000E+01  0.73999998E+00  0.13361947E-01
  0.18800000E+01  0.75999998E+00  0.13698358E-01
  0.18800000E+01  0.77999998E+00  0.14055376E-01
  0.18800000E+01  0.79999998E+00  0.14427634E-01
  0.18800000E+01  0.81999998E+00  0.14806901E-01
  0.18800000E+01  0.83999998E+00  0.15180907E-01
  0.18800000E+01  0.85999998E+00  0.15531434E-01
  0.18800000E+01  0.87999998E+00  0.15830946E-01
  0.18800000E+01  0.89999998E+00  0.16035843E-01
  0.18800000E+01  0.91999998E+00  0.16070155E-01
  0.18800000E+01  0.93999998E+00  0.15770974E-01
  0.18800000E+01  0.95999998E+00  0.14429407E-01
  0.18800000E+01  0.97999998E+00  0.13574436E-01
  0.18800000E+01  0.99999998E+00  0.13817639E-01
  0.18800000E+01  0.10200000E+01  0.14062889E-01
  0.18800000E+01  0.10400000E+01  0.14310021E-01
  0.18800000E+01  0.10600000E+01  0.14558846E-01
  0.18800000E+01  0.10800000E+01  0.14809159E-01
  0.18800000E+01  0.11000000E+01  0.15060733E-01
  0.18800000E+01  0.11200000E+01  0.15313323E-01
  0.18800000E+01  0.11400000E+01  0.15566665E-01
  0.18800000E+01  0.11600000E+01  0.15820476E-01
  0.18800000E+01  0.11800000E+01  0.16074453E-01
  0.18800000E+01  0.12000000E+01  0.16328277E-01
  0.18800000E+01  0.12200000E+01  0.16581612E-01
  0.18800000E+01  0.12400000E+01  0.16834105E-01
  0.18800000E+01  0.12600000E+01  0.17085387E-01
  0.18800000E+01  0.12800000E+01  0.17335075E-01
  0.18800000E+01  0.13000000E+01  0.17582775E-01
  0.18800000E+01  0.13200000E+01  0.17828079E-01
  0.18800000E+01  0.13400000E+01  0.18070568E-01
  0.18800000E+01  0.13600000E+01  0.18309819E-01
  0.18800000E+01  0.13800000E+01  0.18545399E-01
  0.18800000E+01  0.14000000E+01  0.18776873E-01
  0.18800000E+01  0.14200000E+01  0.19003804E-01
  0.18800000E+01  0.14400000E+01  0.19225756E-01
  0.18800000E+01  0.14600000E+01  0.19442299E-01
  0.18800000E+01  0.14800000E+01  0.19653009E-01
  0.18800000E+01  0.15000000E+01  0.19857473E-01
  0.18800000E+01  0.15200000E+01  0.20055295E-01
  0.18800000E+01  0.15400000E+01  0.20246097E-01
  0.18800000E+01  0.15600000E+01  0.20429522E-01
  0.18800000E+01  0.15800000E+01  0.20605244E-01
  0.18800000E+01  0.16000000E+01  0.20772968E-01
  0.18800000E+01  0.16200000E+01  0.20932437E-01
  0.18800000E+01  0.16400000E+01  0.21083436E-01
  0.18800000E+01  0.16600000E+01  0.21225798E-01
  0.18800000E+01  0.16800000E+01  0.21359409E-01
  0.18800000E+01  0.17000000E+01  0.21484214E-01
  0.18800000E+01  0.17200000E+01  0.21600219E-01
  0.18800000E+01  0.17400000E+01  0.21707503E-01
  0.18800000E+01  0.17600000E+01  0.21806213E-01
  0.18800000E+01  0.17800000E+01  0.21896577E-01
  0.18800000E+01  0.18000000E+01  0.21978902E-01
  0.18800000E+01  0.18200000E+01  0.22053580E-01
  0.18800000E+01  0.18400000E+01  0.22121087E-01
  0.18800000E+01  0.18600000E+01  0.22181987E-01
  0.18800000E+01  0.18800000E+01  0.22236926E-01
  0.18800000E+01  0.19000000E+01  0.22286632E-01
  0.18800000E+01  0.19200000E+01  0.22331905E-01
  0.18800000E+01  0.19400000E+01  0.22373611E-01
  0.18800000E+01  0.19600000E+01  0.22412664E-01
  0.18800000E+01  0.19800000E+01  0.22450008E-01
  0.18800000E+01  0.20000000E+01  0.22486585E-01
  0.19000000E+01  0.00000000E+00  0.71235466E-02
  0.19000000E+01  0.20000000E-01  0.74805913E-02
  0.19000000E+01  0.39999999E-01  0.78164431E-02
  0.19000000E+01  0.59999999E-01  0.81312418E-02
  0.19000000E+01  0.79999998E-01  0.84252110E-02
  0.19000000E+01  0.99999998E-01  0.86986591E-02
  0.19000000E+01  0.12000000E+00  0.89519821E-02
  0.19000000E+01  0.14000000E+00  0.91856656E-02
  0.19000000E+01  0.16000000E+00  0.94002879E-02
  0.19000000E+01  0.18000000E+00  0.95965223E-02
  0.19000000E+01  0.20000000E+00  0.97751412E-02
  0.19000000E+01  0.22000000E+00  0.99370189E-02
  0.19000000E+01  0.23999999E+00  0.10083135E-01
  0.19000000E+01  0.25999999E+00  0.10214578E-01
  0.19000000E+01  0.27999999E+00  0.10332548E-01
  0.19000000E+01  0.29999999E+00  0.10438359E-01
  0.19000000E+01  0.31999999E+00  0.10533446E-01
  0.19000000E+01  0.33999999E+00  0.10619357E-01
  0.19000000E+01  0.35999999E+00  0.10697766E-01
  0.19000000E+01  0.37999999E+00  0.10770464E-01
  0.19000000E+01  0.39999999E+00  0.10839360E-01
  0.19000000E+01  0.41999999E+00  0.10906479E-01
  0.19000000E+01  0.43999999E+00  0.10973957E-01
  0.19000000E+01  0.45999999E+00  0.11044032E-01
  0.19000000E+01  0.47999999E+00  0.11119031E-01
  0.19000000E+01  0.49999999E+00  0.11201359E-01
  0.19000000E+01  0.51999999E+00  0.11293475E-01
  0.19000000E+01  0.53999999E+00  0.11397871E-01
  0.19000000E+01  0.55999999E+00  0.11517033E-01
  0.19000000E+01  0.57999999E+00  0.11653405E-01
  0.19000000E+01  0.59999999E+00  0.11809332E-01
  0.19000000E+01  0.61999999E+00  0.11986996E-01
  0.19000000E+01  0.63999999E+00  0.12188330E-01
  0.19000000E+01  0.65999999E+00  0.12414916E-01
  0.19000000E+01  0.67999998E+00  0.12667848E-01
  0.19000000E+01  0.69999998E+00  0.12947557E-01
  0.19000000E+01  0.71999998E+00  0.13253593E-01
  0.19000000E+01  0.73999998E+00  0.13584328E-01
  0.19000000E+01  0.75999998E+00  0.13936555E-01
  0.19000000E+01  0.77999998E+00  0.14304938E-01
  0.19000000E+01  0.79999998E+00  0.14681213E-01
  0.19000000E+01  0.81999998E+00  0.15052982E-01
  0.19000000E+01  0.83999998E+00  0.15401756E-01
  0.19000000E+01  0.85999998E+00  0.15699508E-01
  0.19000000E+01  0.87999998E+00  0.15901768E-01
  0.19000000E+01  0.89999998E+00  0.15930979E-01
  0.19000000E+01  0.91999998E+00  0.15620813E-01
  0.19000000E+01  0.93999998E+00  0.14248403E-01
  0.19000000E+01  0.95999998E+00  0.13367922E-01
  0.19000000E+01  0.97999998E+00  0.13605214E-01
  0.19000000E+01  0.99999998E+00  0.13844639E-01
  0.19000000E+01  0.10200000E+01  0.14086062E-01
  0.19000000E+01  0.10400000E+01  0.14329328E-01
  0.19000000E+01  0.10600000E+01  0.14574263E-01
  0.19000000E+01  0.10800000E+01  0.14820674E-01
  0.19000000E+01  0.11000000E+01  0.15068350E-01
  0.19000000E+01  0.11200000E+01  0.15317060E-01
  0.19000000E+01  0.11400000E+01  0.15566553E-01
  0.19000000E+01  0.11600000E+01  0.15816563E-01
  0.19000000E+01  0.11800000E+01  0.16066803E-01
  0.19000000E+01  0.12000000E+01  0.16316968E-01
  0.19000000E+01  0.12200000E+01  0.16566739E-01
  0.19000000E+01  0.12400000E+01  0.16815778E-01
  0.19000000E+01  0.12600000E+01  0.17063732E-01
  0.19000000E+01  0.12800000E+01  0.17310234E-01
  0.19000000E+01  0.13000000E+01  0.17554904E-01
  0.19000000E+01  0.13200000E+01  0.17797349E-01
  0.19000000E+01  0.13400000E+01  0.18037167E-01
  0.19000000E+01  0.13600000E+01  0.18273946E-01
  0.19000000E+01  0.13800000E+01  0.18507268E-01
  0.19000000E+01  0.14000000E+01  0.18736709E-01
  0.19000000E+01  0.14200000E+01  0.18961845E-01
  0.19000000E+01  0.14400000E+01  0.19182249E-01
  0.19000000E+01  0.14600000E+01  0.19397501E-01
  0.19000000E+01  0.14800000E+01  0.19607185E-01
  0.19000000E+01  0.15000000E+01  0.19810895E-01
  0.19000000E+01  0.15200000E+01  0.20008239E-01
  0.19000000E+01  0.15400000E+01  0.20198842E-01
  0.19000000E+01  0.15600000E+01  0.20382349E-01
  0.19000000E+01  0.15800000E+01  0.20558433E-01
  0.19000000E+01  0.16000000E+01  0.20726796E-01
  0.19000000E+01  0.16200000E+01  0.20887176E-01
  0.19000000E+01  0.16400000E+01  0.21039350E-01
  0.19000000E+01  0.16600000E+01  0.21183141E-01
  0.19000000E+01  0.16800000E+01  0.21318422E-01
  0.19000000E+01  0.17000000E+01  0.21445122E-01
  0.19000000E+01  0.17200000E+01  0.21563230E-01
  0.19000000E+01  0.17400000E+01  0.21672800E-01
  0.19000000E+01  0.17600000E+01  0.21773956E-01
  0.19000000E+01  0.17800000E+01  0.21866895E-01
  0.19000000E+01  0.18000000E+01  0.21951894E-01
  0.19000000E+01  0.18200000E+01  0.22029308E-01
  0.19000000E+01  0.18400000E+01  0.22099574E-01
  0.19000000E+01  0.18600000E+01  0.22163211E-01
  0.19000000E+01  0.18800000E+01  0.22220817E-01
  0.19000000E+01  0.19000000E+01  0.22273068E-01
  0.19000000E+01  0.19200000E+01  0.22320709E-01
  0.19000000E+01  0.19400000E+01  0.22364545E-01
  0.19000000E+01  0.19600000E+01  0.22405424E-01
  0.19000000E+01  0.19800000E+01  0.22444220E-01
  0.19000000E+01  0.20000000E+01  0.22481797E-01
  0.19200000E+01  0.00000000E+00  0.73267273E-02
  0.19200000E+01  0.20000000E-01  0.76808311E-02
  0.19200000E+01  0.39999999E-01  0.80130085E-02
  0.19200000E+01  0.59999999E-01  0.83234244E-02
  0.19200000E+01  0.79999998E-01  0.86123343E-02
  0.19200000E+01  0.99999998E-01  0.88800861E-02
  0.19200000E+01  0.12000000E+00  0.91271225E-02
  0.19200000E+01  0.14000000E+00  0.93539841E-02
  0.19200000E+01  0.16000000E+00  0.95613123E-02
  0.19200000E+01  0.18000000E+00  0.97498526E-02
  0.19200000E+01  0.20000000E+00  0.99204583E-02
  0.19200000E+01  0.22000000E+00  0.10074094E-01
  0.19200000E+01  0.23999999E+00  0.10211838E-01
  0.19200000E+01  0.25999999E+00  0.10334889E-01
  0.19200000E+01  0.27999999E+00  0.10444566E-01
  0.19200000E+01  0.29999999E+00  0.10542312E-01
  0.19200000E+01  0.31999999E+00  0.10629695E-01
  0.19200000E+01  0.33999999E+00  0.10708414E-01
  0.19200000E+01  0.35999999E+00  0.10780293E-01
  0.19200000E+01  0.37999999E+00  0.10847283E-01
  0.19200000E+01  0.39999999E+00  0.10911461E-01
  0.19200000E+01  0.41999999E+00  0.10975020E-01
  0.19200000E+01  0.43999999E+00  0.11040266E-01
  0.19200000E+01  0.45999999E+00  0.11109605E-01
  0.19200000E+01  0.47999999E+00  0.11185527E-01
  0.19200000E+01  0.49999999E+00  0.11270591E-01
  0.19200000E+01  0.51999999E+00  0.11367391E-01
  0.19200000E+01  0.53999999E+00  0.11478529E-01
  0.19200000E+01  0.55999999E+00  0.11606572E-01
  0.19200000E+01  0.57999999E+00  0.11753996E-01
  0.19200000E+01  0.59999999E+00  0.11923121E-01
  0.19200000E+01  0.61999999E+00  0.12116022E-01
  0.19200000E+01  0.63999999E+00  0.12334426E-01
  0.19200000E+01  0.65999999E+00  0.12579569E-01
  0.19200000E+01  0.67999998E+00  0.12852025E-01
  0.19200000E+01  0.69999998E+00  0.13151472E-01
  0.19200000E+01  0.71999998E+00  0.13476393E-01
  0.19200000E+01  0.73999998E+00  0.13823664E-01
  0.19200000E+01  0.75999998E+00  0.14187991E-01
  0.19200000E+01  0.77999998E+00  0.14561091E-01
  0.19200000E+01  0.79999998E+00  0.14930451E-01
  0.19200000E+01  0.81999998E+00  0.15277334E-01
  0.19200000E+01  0.83999998E+00  0.15573248E-01
  0.19200000E+01  0.85999998E+00  0.15772896E-01
  0.19200000E+01  0.87999998E+00  0.15797193E-01
  0.19200000E+01  0.89999998E+00  0.15476525E-01
  0.19200000E+01  0.91999998E+00  0.14074625E-01
  0.19200000E+01  0.93999998E+00  0.13169522E-01
  0.19200000E+01  0.95999998E+00  0.13400845E-01
  0.19200000E+01  0.97999998E+00  0.13634363E-01
  0.19200000E+01  0.99999998E+00  0.13869972E-01
  0.19200000E+01  0.10200000E+01  0.14107550E-01
  0.19200000E+01  0.10400000E+01  0.14346956E-01
  0.19200000E+01  0.10600000E+01  0.14588030E-01
  0.19200000E+01  0.10800000E+01  0.14830596E-01
  0.19200000E+01  0.11000000E+01  0.15074456E-01
  0.19200000E+01  0.11200000E+01  0.15319396E-01
  0.19200000E+01  0.11400000E+01  0.15565180E-01
  0.19200000E+01  0.11600000E+01  0.15811558E-01
  0.19200000E+01  0.11800000E+01  0.16058259E-01
  0.19200000E+01  0.12000000E+01  0.16304996E-01
  0.19200000E+01  0.12200000E+01  0.16551463E-01
  0.19200000E+01  0.12400000E+01  0.16797340E-01
  0.19200000E+01  0.12600000E+01  0.17042288E-01
  0.19200000E+01  0.12800000E+01  0.17285957E-01
  0.19200000E+01  0.13000000E+01  0.17527980E-01
  0.19200000E+01  0.13200000E+01  0.17767979E-01
  0.19200000E+01  0.13400000E+01  0.18005564E-01
  0.19200000E+01  0.13600000E+01  0.18240335E-01
  0.19200000E+01  0.13800000E+01  0.18471885E-01
  0.19200000E+01  0.14000000E+01  0.18699800E-01
  0.19200000E+01  0.14200000E+01  0.18923665E-01
  0.19200000E+01  0.14400000E+01  0.19143060E-01
  0.19200000E+01  0.14600000E+01  0.19357568E-01
  0.19200000E+01  0.14800000E+01  0.19566779E-01
  0.19200000E+01  0.15000000E+01  0.19770287E-01
  0.19200000E+01  0.15200000E+01  0.19967699E-01
  0.19200000E+01  0.15400000E+01  0.20158636E-01
  0.19200000E+01  0.15600000E+01  0.20342739E-01
  0.19200000E+01  0.15800000E+01  0.20519673E-01
  0.19200000E+01  0.16000000E+01  0.20689127E-01
  0.19200000E+01  0.16200000E+01  0.20850826E-01
  0.19200000E+01  0.16400000E+01  0.21004531E-01
  0.19200000E+01  0.16600000E+01  0.21150045E-01
  0.19200000E+01  0.16800000E+01  0.21287216E-01
  0.19200000E+01  0.17000000E+01  0.21415948E-01
  0.19200000E+01  0.17200000E+01  0.21536199E-01
  0.19200000E+01  0.17400000E+01  0.21647991E-01
  0.19200000E+01  0.17600000E+01  0.21751410E-01
  0.19200000E+01  0.17800000E+01  0.21846616E-01
  0.19200000E+01  0.18000000E+01  0.21933840E-01
  0.19200000E+01  0.18200000E+01  0.22013391E-01
  0.19200000E+01  0.18400000E+01  0.22085659E-01
  0.19200000E+01  0.18600000E+01  0.22151109E-01
  0.19200000E+01  0.18800000E+01  0.22210288E-01
  0.19200000E+01  0.19000000E+01  0.22263816E-01
  0.19200000E+01  0.19200000E+01  0.22312383E-01
  0.19200000E+01  0.19400000E+01  0.22356739E-01
  0.19200000E+01  0.19600000E+01  0.22397679E-01
  0.19200000E+01  0.19800000E+01  0.22436026E-01
  0.19200000E+01  0.20000000E+01  0.22472600E-01
  0.19400000E+01  0.00000000E+00  0.75286818E-02
  0.19400000E+01  0.20000000E-01  0.78791945E-02
  0.19400000E+01  0.39999999E-01  0.82070390E-02
  0.19400000E+01  0.59999999E-01  0.85124123E-02
  0.19400000E+01  0.79999998E-01  0.87956091E-02
  0.19400000E+01  0.99999998E-01  0.90570244E-02
  0.19400000E+01  0.12000000E+00  0.92971564E-02
  0.19400000E+01  0.14000000E+00  0.95166098E-02
  0.19400000E+01  0.16000000E+00  0.97160988E-02
  0.19400000E+01  0.18000000E+00  0.98964516E-02
  0.19400000E+01  0.20000000E+00  0.10058613E-01
  0.19400000E+01  0.22000000E+00  0.10203650E-01
  0.19400000E+01  0.23999999E+00  0.10332752E-01
  0.19400000E+01  0.25999999E+00  0.10447240E-01
  0.19400000E+01  0.27999999E+00  0.10548563E-01
  0.19400000E+01  0.29999999E+00  0.10638305E-01
  0.19400000E+01  0.31999999E+00  0.10718186E-01
  0.19400000E+01  0.33999999E+00  0.10790061E-01
  0.19400000E+01  0.35999999E+00  0.10855920E-01
  0.19400000E+01  0.37999999E+00  0.10917885E-01
  0.19400000E+01  0.39999999E+00  0.10978208E-01
  0.19400000E+01  0.41999999E+00  0.11039261E-01
  0.19400000E+01  0.43999999E+00  0.11103523E-01
  0.19400000E+01  0.45999999E+00  0.11173571E-01
  0.19400000E+01  0.47999999E+00  0.11252055E-01
  0.19400000E+01  0.49999999E+00  0.11341677E-01
  0.19400000E+01  0.51999999E+00  0.11445152E-01
  0.19400000E+01  0.53999999E+00  0.11565169E-01
  0.19400000E+01  0.55999999E+00  0.11704335E-01
  0.19400000E+01  0.57999999E+00  0.11865107E-01
  0.19400000E+01  0.59999999E+00  0.12049704E-01
  0.19400000E+01  0.61999999E+00  0.12260001E-01
  0.19400000E+01  0.63999999E+00  0.12497380E-01
  0.19400000E+01  0.65999999E+00  0.12762557E-01
  0.19400000E+01  0.67999998E+00  0.13055347E-01
  0.19400000E+01  0.69999998E+00  0.13374349E-01
  0.19400000E+01  0.71999998E+00  0.13716532E-01
  0.19400000E+01  0.73999998E+00  0.14076654E-01
  0.19400000E+01  0.75999998E+00  0.14446422E-01
  0.19400000E+01  0.77999998E+00  0.14813230E-01
  0.19400000E+01  0.79999998E+00  0.15158112E-01
  0.19400000E+01  0.81999998E+00  0.15452137E-01
  0.19400000E+01  0.83999998E+00  0.15649224E-01
  0.19400000E+01  0.85999998E+00  0.15668826E-01
  0.19400000E+01  0.87999998E+00  0.15338176E-01
  0.19400000E+01  0.89999998E+00  0.13908200E-01
  0.19400000E+01  0.91999998E+00  0.12979412E-01
  0.19400000E+01  0.93999998E+00  0.13204730E-01
  0.19400000E+01  0.95999998E+00  0.13432280E-01
  0.19400000E+01  0.97999998E+00  0.13661990E-01
  0.19400000E+01  0.99999998E+00  0.13893772E-01
  0.19400000E+01  0.10200000E+01  0.14127517E-01
  0.19400000E+01  0.10400000E+01  0.14363101E-01
  0.19400000E+01  0.10600000E+01  0.14600379E-01
  0.19400000E+01  0.10800000E+01  0.14839190E-01
  0.19400000E+01  0.11000000E+01  0.15079354E-01
  0.19400000E+01  0.11200000E+01  0.15320672E-01
  0.19400000E+01  0.11400000E+01  0.15562926E-01
  0.19400000E+01  0.11600000E+01  0.15805882E-01
  0.19400000E+01  0.11800000E+01  0.16049285E-01
  0.19400000E+01  0.12000000E+01  0.16292865E-01
  0.19400000E+01  0.12200000E+01  0.16536332E-01
  0.19400000E+01  0.12400000E+01  0.16779380E-01
  0.19400000E+01  0.12600000E+01  0.17021689E-01
  0.19400000E+01  0.12800000E+01  0.17262918E-01
  0.19400000E+01  0.13000000E+01  0.17502717E-01
  0.19400000E+01  0.13200000E+01  0.17740718E-01
  0.19400000E+01  0.13400000E+01  0.17976542E-01
  0.19400000E+01  0.13600000E+01  0.18209801E-01
  0.19400000E+01  0.13800000E+01  0.18440094E-01
  0.19400000E+01  0.14000000E+01  0.18667015E-01
  0.19400000E+01  0.14200000E+01  0.18890151E-01
  0.19400000E+01  0.14400000E+01  0.19109086E-01
  0.19400000E+01  0.14600000E+01  0.19323403E-01
  0.19400000E+01  0.14800000E+01  0.19532689E-01
  0.19400000E+01  0.15000000E+01  0.19736534E-01
  0.19400000E+01  0.15200000E+01  0.19934536E-01
  0.19400000E+01  0.15400000E+01  0.20126307E-01
  0.19400000E+01  0.15600000E+01  0.20311474E-01
  0.19400000E+01  0.15800000E+01  0.20489684E-01
  0.19400000E+01  0.16000000E+01  0.20660607E-01
  0.19400000E+01  0.16200000E+01  0.20823944E-01
  0.19400000E+01  0.16400000E+01  0.20979428E-01
  0.19400000E+01  0.16600000E+01  0.21126831E-01
  0.19400000E+01  0.16800000E+01  0.21265969E-01
  0.19400000E+01  0.17000000E+01  0.21396706E-01
  0.19400000E+01  0.17200000E+01  0.21518959E-01
  0.19400000E+01  0.17400000E+01  0.21632706E-01
  0.19400000E+01  0.17600000E+01  0.21737986E-01
  0.19400000E+01  0.17800000E+01  0.21834906E-01
  0.19400000E+01  0.18000000E+01  0.21923647E-01
  0.19400000E+01  0.18200000E+01  0.22004462E-01
  0.19400000E+01  0.18400000E+01  0.22077685E-01
  0.19400000E+01  0.18600000E+01  0.22143727E-01
  0.19400000E+01  0.18800000E+01  0.22203080E-01
  0.19400000E+01  0.19000000E+01  0.22256315E-01
  0.19400000E+01  0.19200000E+01  0.22304076E-01
  0.19400000E+01  0.19400000E+01  0.22347077E-01
  0.19400000E+01  0.19600000E+01  0.22386090E-01
  0.19400000E+01  0.19800000E+01  0.22421931E-01
  0.19400000E+01  0.20000000E+01  0.22455438E-01
  0.19600000E+01  0.00000000E+00  0.77286974E-02
  0.19600000E+01  0.20000000E-01  0.80749392E-02
  0.19600000E+01  0.39999999E-01  0.83977688E-02
  0.19600000E+01  0.59999999E-01  0.86974226E-02
  0.19600000E+01  0.79999998E-01  0.89742425E-02
  0.19600000E+01  0.99999998E-01  0.92286795E-02
  0.19600000E+01  0.12000000E+00  0.94612965E-02
  0.19600000E+01  0.14000000E+00  0.96727722E-02
  0.19600000E+01  0.16000000E+00  0.98639046E-02
  0.19600000E+01  0.18000000E+00  0.10035615E-01
  0.19600000E+01  0.20000000E+00  0.10188953E-01
  0.19600000E+01  0.22000000E+00  0.10325099E-01
  0.19600000E+01  0.23999999E+00  0.10445367E-01
  0.19600000E+01  0.25999999E+00  0.10551212E-01
  0.19600000E+01  0.27999999E+00  0.10644228E-01
  0.19600000E+01  0.29999999E+00  0.10726154E-01
  0.19600000E+01  0.31999999E+00  0.10798870E-01
  0.19600000E+01  0.33999999E+00  0.10864404E-01
  0.19600000E+01  0.35999999E+00  0.10924923E-01
  0.19600000E+01  0.37999999E+00  0.10982730E-01
  0.19600000E+01  0.39999999E+00  0.11040259E-01
  0.19600000E+01  0.41999999E+00  0.11100065E-01
  0.19600000E+01  0.43999999E+00  0.11164806E-01
  0.19600000E+01  0.45999999E+00  0.11237226E-01
  0.19600000E+01  0.47999999E+00  0.11320127E-01
  0.19600000E+01  0.49999999E+00  0.11416339E-01
  0.19600000E+01  0.51999999E+00  0.11528671E-01
  0.19600000E+01  0.53999999E+00  0.11659862E-01
  0.19600000E+01  0.55999999E+00  0.11812507E-01
  0.19600000E+01  0.57999999E+00  0.11988970E-01
  0.19600000E+01  0.59999999E+00  0.12191272E-01
  0.19600000E+01  0.61999999E+00  0.12420947E-01
  0.19600000E+01  0.63999999E+00  0.12678859E-01
  0.19600000E+01  0.65999999E+00  0.12964959E-01
  0.19600000E+01  0.67999998E+00  0.13277972E-01
  0.19600000E+01  0.69999998E+00  0.13614967E-01
  0.19600000E+01  0.71999998E+00  0.13970764E-01
  0.19600000E+01  0.73999998E+00  0.14337076E-01
  0.19600000E+01  0.75999998E+00  0.14701216E-01
  0.19600000E+01  0.77999998E+00  0.15044011E-01
  0.19600000E+01  0.79999998E+00  0.15336125E-01
  0.19600000E+01  0.81999998E+00  0.15530728E-01
  0.19600000E+01  0.83999998E+00  0.15545881E-01
  0.19600000E+01  0.85999998E+00  0.15205803E-01
  0.19600000E+01  0.87999998E+00  0.13749221E-01
  0.19600000E+01  0.89999998E+00  0.12797733E-01
  0.19600000E+01  0.91999998E+00  0.13017030E-01
  0.19600000E+01  0.93999998E+00  0.13238573E-01
  0.19600000E+01  0.95999998E+00  0.13462322E-01
  0.19600000E+01  0.97999998E+00  0.13688220E-01
  0.19600000E+01  0.99999998E+00  0.13916194E-01
  0.19600000E+01  0.10200000E+01  0.14146151E-01
  0.19600000E+01  0.10400000E+01  0.14377983E-01
  0.19600000E+01  0.10600000E+01  0.14611564E-01
  0.19600000E+01  0.10800000E+01  0.14846749E-01
  0.19600000E+01  0.11000000E+01  0.15083374E-01
  0.19600000E+01  0.11200000E+01  0.15321259E-01
  0.19600000E+01  0.11400000E+01  0.15560203E-01
  0.19600000E+01  0.11600000E+01  0.15799988E-01
  0.19600000E+01  0.11800000E+01  0.16040376E-01
  0.19600000E+01  0.12000000E+01  0.16281114E-01
  0.19600000E+01  0.12200000E+01  0.16521926E-01
  0.19600000E+01  0.12400000E+01  0.16762524E-01
  0.19600000E+01  0.12600000E+01  0.17002597E-01
  0.19600000E+01  0.12800000E+01  0.17241821E-01
  0.19600000E+01  0.13000000E+01  0.17479855E-01
  0.19600000E+01  0.13200000E+01  0.17716342E-01
  0.19600000E+01  0.13400000E+01  0.17950911E-01
  0.19600000E+01  0.13600000E+01  0.18183180E-01
  0.19600000E+01  0.13800000E+01  0.18412753E-01
  0.19600000E+01  0.14000000E+01  0.18639226E-01
  0.19600000E+01  0.14200000E+01  0.18862185E-01
  0.19600000E+01  0.14400000E+01  0.19081211E-01
  0.19600000E+01  0.14600000E+01  0.19295883E-01
  0.19600000E+01  0.14800000E+01  0.19505777E-01
  0.19600000E+01  0.15000000E+01  0.19710471E-01
  0.19600000E+01  0.15200000E+01  0.19909548E-01
  0.19600000E+01  0.15400000E+01  0.20102601E-01
  0.19600000E+01  0.15600000E+01  0.20289234E-01
  0.19600000E+01  0.15800000E+01  0.20469066E-01
  0.19600000E+01  0.16000000E+01  0.20641739E-01
  0.19600000E+01  0.16200000E+01  0.20806917E-01
  0.19600000E+01  0.16400000E+01  0.20964297E-01
  0.19600000E+01  0.16600000E+01  0.21113607E-01
  0.19600000E+01  0.16800000E+01  0.21254617E-01
  0.19600000E+01  0.17000000E+01  0.21387142E-01
  0.19600000E+01  0.17200000E+01  0.21511047E-01
  0.19600000E+01  0.17400000E+01  0.21626252E-01
  0.19600000E+01  0.17600000E+01  0.21732738E-01
  0.19600000E+01  0.17800000E+01  0.21830554E-01
  0.19600000E+01  0.18000000E+01  0.21919818E-01
  0.19600000E+01  0.18200000E+01  0.22000726E-01
  0.19600000E+01  0.18400000E+01  0.22073553E-01
  0.19600000E+01  0.18600000E+01  0.22138656E-01
  0.19600000E+01  0.18800000E+01  0.22196483E-01
  0.19600000E+01  0.19000000E+01  0.22247568E-01
  0.19600000E+01  0.19200000E+01  0.22292536E-01
  0.19600000E+01  0.19400000E+01  0.22332103E-01
  0.19600000E+01  0.19600000E+01  0.22367073E-01
  0.19600000E+01  0.19800000E+01  0.22398339E-01
  0.19600000E+01  0.20000000E+01  0.22426877E-01
  0.19800000E+01  0.00000000E+00  0.79260305E-02
  0.19800000E+01  0.20000000E-01  0.82672969E-02
  0.19800000E+01  0.39999999E-01  0.85844117E-02
  0.19800000E+01  0.59999999E-01  0.88776583E-02
  0.19800000E+01  0.79999998E-01  0.91474351E-02
  0.19800000E+01  0.99999998E-01  0.93942584E-02
  0.19800000E+01  0.12000000E+00  0.96187662E-02
  0.19800000E+01  0.14000000E+00  0.98217220E-02
  0.19800000E+01  0.16000000E+00  0.10004019E-01
  0.19800000E+01  0.18000000E+00  0.10166685E-01
  0.19800000E+01  0.20000000E+00  0.10310884E-01
  0.19800000E+01  0.22000000E+00  0.10437925E-01
  0.19800000E+01  0.23999999E+00  0.10549261E-01
  0.19800000E+01  0.25999999E+00  0.10646493E-01
  0.19800000E+01  0.27999999E+00  0.10731374E-01
  0.19800000E+01  0.29999999E+00  0.10805809E-01
  0.19800000E+01  0.31999999E+00  0.10871858E-01
  0.19800000E+01  0.33999999E+00  0.10931727E-01
  0.19800000E+01  0.35999999E+00  0.10987771E-01
  0.19800000E+01  0.37999999E+00  0.11042485E-01
  0.19800000E+01  0.39999999E+00  0.11098493E-01
  0.19800000E+01  0.41999999E+00  0.11158533E-01
  0.19800000E+01  0.43999999E+00  0.11225440E-01
  0.19800000E+01  0.45999999E+00  0.11302117E-01
  0.19800000E+01  0.47999999E+00  0.11391505E-01
  0.19800000E+01  0.49999999E+00  0.11496535E-01
  0.19800000E+01  0.51999999E+00  0.11620074E-01
  0.19800000E+01  0.53999999E+00  0.11764857E-01
  0.19800000E+01  0.55999999E+00  0.11933392E-01
  0.19800000E+01  0.57999999E+00  0.12127851E-01
  0.19800000E+01  0.59999999E+00  0.12349920E-01
  0.19800000E+01  0.61999999E+00  0.12600613E-01
  0.19800000E+01  0.63999999E+00  0.12880026E-01
  0.19800000E+01  0.65999999E+00  0.13187014E-01
  0.19800000E+01  0.67999998E+00  0.13518754E-01
  0.19800000E+01  0.69999998E+00  0.13870138E-01
  0.19800000E+01  0.71999998E+00  0.14232896E-01
  0.19800000E+01  0.73999998E+00  0.14594281E-01
  0.19800000E+01  0.75999998E+00  0.14934933E-01
  0.19800000E+01  0.77999998E+00  0.15225136E-01
  0.19800000E+01  0.79999998E+00  0.15417360E-01
  0.19800000E+01  0.81999998E+00  0.15428337E-01
  0.19800000E+01  0.83999998E+00  0.15079418E-01
  0.19800000E+01  0.85999998E+00  0.13597752E-01
  0.19800000E+01  0.87999998E+00  0.12624590E-01
  0.19800000E+01  0.89999998E+00  0.12837875E-01
  0.19800000E+01  0.91999998E+00  0.13053394E-01
  0.19800000E+01  0.93999998E+00  0.13271139E-01
  0.19800000E+01  0.95999998E+00  0.13491087E-01
  0.19800000E+01  0.97999998E+00  0.13713198E-01
  0.19800000E+01  0.99999998E+00  0.13937413E-01
  0.19800000E+01  0.10200000E+01  0.14163661E-01
  0.19800000E+01  0.10400000E+01  0.14391849E-01
  0.19800000E+01  0.10600000E+01  0.14621869E-01
  0.19800000E+01  0.10800000E+01  0.14853595E-01
  0.19800000E+01  0.11000000E+01  0.15086880E-01
  0.19800000E+01  0.11200000E+01  0.15321561E-01
  0.19800000E+01  0.11400000E+01  0.15557457E-01
  0.19800000E+01  0.11600000E+01  0.15794365E-01
  0.19800000E+01  0.11800000E+01  0.16032065E-01
  0.19800000E+01  0.12000000E+01  0.16270317E-01
  0.19800000E+01  0.12200000E+01  0.16508863E-01
  0.19800000E+01  0.12400000E+01  0.16747426E-01
  0.19800000E+01  0.12600000E+01  0.16985709E-01
  0.19800000E+01  0.12800000E+01  0.17223398E-01
  0.19800000E+01  0.13000000E+01  0.17460161E-01
  0.19800000E+01  0.13200000E+01  0.17695647E-01
  0.19800000E+01  0.13400000E+01  0.17929493E-01
  0.19800000E+01  0.13600000E+01  0.18161315E-01
  0.19800000E+01  0.13800000E+01  0.18390720E-01
  0.19800000E+01  0.14000000E+01  0.18617299E-01
  0.19800000E+01  0.14200000E+01  0.18840634E-01
  0.19800000E+01  0.14400000E+01  0.19060295E-01
  0.19800000E+01  0.14600000E+01  0.19275848E-01
  0.19800000E+01  0.14800000E+01  0.19486852E-01
  0.19800000E+01  0.15000000E+01  0.19692866E-01
  0.19800000E+01  0.15200000E+01  0.19893447E-01
  0.19800000E+01  0.15400000E+01  0.20088160E-01
  0.19800000E+01  0.15600000E+01  0.20276574E-01
  0.19800000E+01  0.15800000E+01  0.20458274E-01
  0.19800000E+01  0.16000000E+01  0.20632857E-01
  0.19800000E+01  0.16200000E+01  0.20799942E-01
  0.19800000E+01  0.16400000E+01  0.20959175E-01
  0.19800000E+01  0.16600000E+01  0.21110231E-01
  0.19800000E+01  0.16800000E+01  0.21252821E-01
  0.19800000E+01  0.17000000E+01  0.21386698E-01
  0.19800000E+01  0.17200000E+01  0.21511662E-01
  0.19800000E+01  0.17400000E+01  0.21627568E-01
  0.19800000E+01  0.17600000E+01  0.21734331E-01
  0.19800000E+01  0.17800000E+01  0.21831931E-01
  0.19800000E+01  0.18000000E+01  0.21920423E-01
  0.19800000E+01  0.18200000E+01  0.21999941E-01
  0.19800000E+01  0.18400000E+01  0.22070709E-01
  0.19800000E+01  0.18600000E+01  0.22133041E-01
  0.19800000E+01  0.18800000E+01  0.22187358E-01
  0.19800000E+01  0.19000000E+01  0.22234191E-01
  0.19800000E+01  0.19200000E+01  0.22274191E-01
  0.19800000E+01  0.19400000E+01  0.22308145E-01
  0.19800000E+01  0.19600000E+01  0.22336993E-01
  0.19800000E+01  0.19800000E+01  0.22361848E-01
  0.19800000E+01  0.20000000E+01  0.22384043E-01
  0.20000000E+01  0.00000000E+00  0.81199114E-02
  0.20000000E+01  0.20000000E-01  0.84554789E-02
  0.20000000E+01  0.39999999E-01  0.87661668E-02
  0.20000000E+01  0.59999999E-01  0.90523152E-02
  0.20000000E+01  0.79999998E-01  0.93143884E-02
  0.20000000E+01  0.99999998E-01  0.95529786E-02
  0.20000000E+01  0.12000000E+00  0.97688097E-02
  0.20000000E+01  0.14000000E+00  0.99627421E-02
  0.20000000E+01  0.16000000E+00  0.10135777E-01
  0.20000000E+01  0.18000000E+00  0.10289059E-01
  0.20000000E+01  0.20000000E+00  0.10423885E-01
  0.20000000E+01  0.22000000E+00  0.10541703E-01
  0.20000000E+01  0.23999999E+00  0.10644117E-01
  0.20000000E+01  0.25999999E+00  0.10732892E-01
  0.20000000E+01  0.27999999E+00  0.10809952E-01
  0.20000000E+01  0.29999999E+00  0.10877384E-01
  0.20000000E+01  0.31999999E+00  0.10937434E-01
  0.20000000E+01  0.33999999E+00  0.10992504E-01
  0.20000000E+01  0.35999999E+00  0.11045145E-01
  0.20000000E+01  0.37999999E+00  0.11098049E-01
  0.20000000E+01  0.39999999E+00  0.11154031E-01
  0.20000000E+01  0.41999999E+00  0.11216015E-01
  0.20000000E+01  0.43999999E+00  0.11287004E-01
  0.20000000E+01  0.45999999E+00  0.11370046E-01
  0.20000000E+01  0.47999999E+00  0.11468193E-01
  0.20000000E+01  0.49999999E+00  0.11584443E-01
  0.20000000E+01  0.51999999E+00  0.11721667E-01
  0.20000000E+01  0.53999999E+00  0.11882521E-01
  0.20000000E+01  0.55999999E+00  0.12069327E-01
  0.20000000E+01  0.57999999E+00  0.12283925E-01
  0.20000000E+01  0.59999999E+00  0.12527484E-01
  0.20000000E+01  0.61999999E+00  0.12800248E-01
  0.20000000E+01  0.63999999E+00  0.13101208E-01
  0.20000000E+01  0.65999999E+00  0.13427658E-01
  0.20000000E+01  0.67999998E+00  0.13774571E-01
  0.20000000E+01  0.69999998E+00  0.14133710E-01
  0.20000000E+01  0.71999998E+00  0.14492279E-01
  0.20000000E+01  0.73999998E+00  0.14830756E-01
  0.20000000E+01  0.75999998E+00  0.15119076E-01
  0.20000000E+01  0.77999998E+00  0.15309048E-01
  0.20000000E+01  0.79999998E+00  0.15316149E-01
  0.20000000E+01  0.81999998E+00  0.14959004E-01
  0.20000000E+01  0.83999998E+00  0.13453823E-01
  0.20000000E+01  0.85999998E+00  0.12460055E-01
  0.20000000E+01  0.87999998E+00  0.12667356E-01
  0.20000000E+01  0.89999998E+00  0.12876855E-01
  0.20000000E+01  0.91999998E+00  0.13088577E-01
  0.20000000E+01  0.93999998E+00  0.13302531E-01
  0.20000000E+01  0.95999998E+00  0.13518708E-01
  0.20000000E+01  0.97999998E+00  0.13737088E-01
  0.20000000E+01  0.99999998E+00  0.13957632E-01
  0.20000000E+01  0.10200000E+01  0.14180284E-01
  0.20000000E+01  0.10400000E+01  0.14404973E-01
  0.20000000E+01  0.10600000E+01  0.14631608E-01
  0.20000000E+01  0.10800000E+01  0.14860081E-01
  0.20000000E+01  0.11000000E+01  0.15090266E-01
  0.20000000E+01  0.11200000E+01  0.15322017E-01
  0.20000000E+01  0.11400000E+01  0.15555168E-01
  0.20000000E+01  0.11600000E+01  0.15789536E-01
  0.20000000E+01  0.11800000E+01  0.16024916E-01
  0.20000000E+01  0.12000000E+01  0.16261083E-01
  0.20000000E+01  0.12200000E+01  0.16497791E-01
  0.20000000E+01  0.12400000E+01  0.16734776E-01
  0.20000000E+01  0.12600000E+01  0.16971750E-01
  0.20000000E+01  0.12800000E+01  0.17208408E-01
  0.20000000E+01  0.13000000E+01  0.17444422E-01
  0.20000000E+01  0.13200000E+01  0.17679448E-01
  0.20000000E+01  0.13400000E+01  0.17913119E-01
  0.20000000E+01  0.13600000E+01  0.18145053E-01
  0.20000000E+01  0.13800000E+01  0.18374847E-01
  0.20000000E+01  0.14000000E+01  0.18602086E-01
  0.20000000E+01  0.14200000E+01  0.18826336E-01
  0.20000000E+01  0.14400000E+01  0.19047154E-01
  0.20000000E+01  0.14600000E+01  0.19264081E-01
  0.20000000E+01  0.14800000E+01  0.19476653E-01
  0.20000000E+01  0.15000000E+01  0.19684396E-01
  0.20000000E+01  0.15200000E+01  0.19886836E-01
  0.20000000E+01  0.15400000E+01  0.20083495E-01
  0.20000000E+01  0.15600000E+01  0.20273901E-01
  0.20000000E+01  0.15800000E+01  0.20457585E-01
  0.20000000E+01  0.16000000E+01  0.20634093E-01
  0.20000000E+01  0.16200000E+01  0.20802986E-01
  0.20000000E+01  0.16400000E+01  0.20963844E-01
  0.20000000E+01  0.16600000E+01  0.21116277E-01
  0.20000000E+01  0.16800000E+01  0.21259925E-01
  0.20000000E+01  0.17000000E+01  0.21394469E-01
  0.20000000E+01  0.17200000E+01  0.21519634E-01
  0.20000000E+01  0.17400000E+01  0.21635199E-01
  0.20000000E+01  0.17600000E+01  0.21741007E-01
  0.20000000E+01  0.17800000E+01  0.21836969E-01
  0.20000000E+01  0.18000000E+01  0.21923075E-01
  0.20000000E+01  0.18200000E+01  0.21999406E-01
  0.20000000E+01  0.18400000E+01  0.22066147E-01
  0.20000000E+01  0.18600000E+01  0.22123595E-01
  0.20000000E+01  0.18800000E+01  0.22172182E-01
  0.20000000E+01  0.19000000E+01  0.22212489E-01
  0.20000000E+01  0.19200000E+01  0.22245278E-01
  0.20000000E+01  0.19400000E+01  0.22271525E-01
  0.20000000E+01  0.19600000E+01  0.22292475E-01
  0.20000000E+01  0.19800000E+01  0.22309727E-01
  0.20000000E+01  0.20000000E+01  0.22325388E-01
