-0.3300000E+01 -0.61286E+01
-0.3298940E+01 -0.61265E+01
-0.3297880E+01 -0.61244E+01
-0.3296819E+01 -0.61223E+01
-0.3295759E+01 -0.61201E+01
-0.3294699E+01 -0.61180E+01
-0.3293639E+01 -0.61159E+01
-0.3292578E+01 -0.61138E+01
-0.3291518E+01 -0.61117E+01
-0.3290458E+01 -0.61095E+01
-0.3289398E+01 -0.61074E+01
-0.3288338E+01 -0.61053E+01
-0.3287277E+01 -0.61032E+01
-0.3286217E+01 -0.61011E+01
-0.3285157E+01 -0.60989E+01
-0.3284097E+01 -0.60968E+01
-0.3283037E+01 -0.60947E+01
-0.3281976E+01 -0.60926E+01
-0.3280916E+01 -0.60905E+01
-0.3279856E+01 -0.60883E+01
-0.3278796E+01 -0.60862E+01
-0.3277735E+01 -0.60841E+01
-0.3276675E+01 -0.60820E+01
-0.3275615E+01 -0.60799E+01
-0.3274555E+01 -0.60777E+01
-0.3273495E+01 -0.60756E+01
-0.3272434E+01 -0.60735E+01
-0.3271374E+01 -0.60714E+01
-0.3270314E+01 -0.60692E+01
-0.3269254E+01 -0.60671E+01
-0.3268194E+01 -0.60650E+01
-0.3267133E+01 -0.60629E+01
-0.3266073E+01 -0.60608E+01
-0.3265013E+01 -0.60586E+01
-0.3263953E+01 -0.60565E+01
-0.3262893E+01 -0.60544E+01
-0.3261832E+01 -0.60523E+01
-0.3260772E+01 -0.60502E+01
-0.3259712E+01 -0.60480E+01
-0.3258652E+01 -0.60459E+01
-0.3257591E+01 -0.60438E+01
-0.3256531E+01 -0.60417E+01
-0.3255471E+01 -0.60396E+01
-0.3254411E+01 -0.60374E+01
-0.3253351E+01 -0.60353E+01
-0.3252290E+01 -0.60332E+01
-0.3251230E+01 -0.60311E+01
-0.3250170E+01 -0.60290E+01
-0.3249110E+01 -0.60268E+01
-0.3248050E+01 -0.60247E+01
-0.3246989E+01 -0.60226E+01
-0.3245929E+01 -0.60205E+01
-0.3244869E+01 -0.60184E+01
-0.3243809E+01 -0.60162E+01
-0.3242749E+01 -0.60141E+01
-0.3241688E+01 -0.60120E+01
-0.3240628E+01 -0.60099E+01
-0.3239568E+01 -0.60078E+01
-0.3238508E+01 -0.60056E+01
-0.3237447E+01 -0.60035E+01
-0.3236387E+01 -0.60014E+01
-0.3235327E+01 -0.59993E+01
-0.3234267E+01 -0.59972E+01
-0.3233207E+01 -0.59950E+01
-0.3232146E+01 -0.59929E+01
-0.3231086E+01 -0.59908E+01
-0.3230026E+01 -0.59887E+01
-0.3228966E+01 -0.59866E+01
-0.3227906E+01 -0.59844E+01
-0.3226845E+01 -0.59823E+01
-0.3225785E+01 -0.59802E+01
-0.3224725E+01 -0.59781E+01
-0.3223665E+01 -0.59760E+01
-0.3222604E+01 -0.59738E+01
-0.3221544E+01 -0.59717E+01
-0.3220484E+01 -0.59696E+01
-0.3219424E+01 -0.59675E+01
-0.3218364E+01 -0.59654E+01
-0.3217303E+01 -0.59632E+01
-0.3216243E+01 -0.59611E+01
-0.3215183E+01 -0.59590E+01
-0.3214123E+01 -0.59569E+01
-0.3213063E+01 -0.59548E+01
-0.3212002E+01 -0.59526E+01
-0.3210942E+01 -0.59505E+01
-0.3209882E+01 -0.59484E+01
-0.3208822E+01 -0.59463E+01
-0.3207762E+01 -0.59442E+01
-0.3206701E+01 -0.59420E+01
-0.3205641E+01 -0.59399E+01
-0.3204581E+01 -0.59378E+01
-0.3203521E+01 -0.59357E+01
-0.3202460E+01 -0.59336E+01
-0.3201400E+01 -0.59314E+01
-0.3200340E+01 -0.59293E+01
-0.3199280E+01 -0.59272E+01
-0.3198220E+01 -0.59251E+01
-0.3197159E+01 -0.59230E+01
-0.3196099E+01 -0.59208E+01
-0.3195039E+01 -0.59187E+01
-0.3193979E+01 -0.59166E+01
-0.3192919E+01 -0.59145E+01
-0.3191858E+01 -0.59124E+01
-0.3190798E+01 -0.59102E+01
-0.3189738E+01 -0.59081E+01
-0.3188678E+01 -0.59060E+01
-0.3187617E+01 -0.59039E+01
-0.3186557E+01 -0.59018E+01
-0.3185497E+01 -0.58996E+01
-0.3184437E+01 -0.58975E+01
-0.3183377E+01 -0.58954E+01
-0.3182316E+01 -0.58933E+01
-0.3181256E+01 -0.58912E+01
-0.3180196E+01 -0.58890E+01
-0.3179136E+01 -0.58869E+01
-0.3178076E+01 -0.58848E+01
-0.3177015E+01 -0.58827E+01
-0.3175955E+01 -0.58806E+01
-0.3174895E+01 -0.58784E+01
-0.3173835E+01 -0.58763E+01
-0.3172775E+01 -0.58742E+01
-0.3171714E+01 -0.58721E+01
-0.3170654E+01 -0.58700E+01
-0.3169594E+01 -0.58678E+01
-0.3168534E+01 -0.58657E+01
-0.3167473E+01 -0.58636E+01
-0.3166413E+01 -0.58615E+01
-0.3165353E+01 -0.58594E+01
-0.3164293E+01 -0.58572E+01
-0.3163233E+01 -0.58551E+01
-0.3162172E+01 -0.58530E+01
-0.3161112E+01 -0.58509E+01
-0.3160052E+01 -0.58488E+01
-0.3158992E+01 -0.58466E+01
-0.3157932E+01 -0.58445E+01
-0.3156871E+01 -0.58424E+01
-0.3155811E+01 -0.58403E+01
-0.3154751E+01 -0.58382E+01
-0.3153691E+01 -0.58360E+01
-0.3152630E+01 -0.58339E+01
-0.3151570E+01 -0.58318E+01
-0.3150510E+01 -0.58297E+01
-0.3149450E+01 -0.58276E+01
-0.3148390E+01 -0.58254E+01
-0.3147329E+01 -0.58233E+01
-0.3146269E+01 -0.58212E+01
-0.3145209E+01 -0.58191E+01
-0.3144149E+01 -0.58170E+01
-0.3143089E+01 -0.58148E+01
-0.3142028E+01 -0.58127E+01
-0.3140968E+01 -0.58106E+01
-0.3139908E+01 -0.58085E+01
-0.3138848E+01 -0.58064E+01
-0.3137788E+01 -0.58042E+01
-0.3136727E+01 -0.58021E+01
-0.3135667E+01 -0.58000E+01
-0.3134607E+01 -0.57979E+01
-0.3133547E+01 -0.57958E+01
-0.3132486E+01 -0.57936E+01
-0.3131426E+01 -0.57915E+01
-0.3130366E+01 -0.57894E+01
-0.3129306E+01 -0.57873E+01
-0.3128246E+01 -0.57852E+01
-0.3127185E+01 -0.57830E+01
-0.3126125E+01 -0.57809E+01
-0.3125065E+01 -0.57788E+01
-0.3124005E+01 -0.57767E+01
-0.3122945E+01 -0.57746E+01
-0.3121884E+01 -0.57724E+01
-0.3120824E+01 -0.57703E+01
-0.3119764E+01 -0.57682E+01
-0.3118704E+01 -0.57661E+01
-0.3117643E+01 -0.57640E+01
-0.3116583E+01 -0.57618E+01
-0.3115523E+01 -0.57597E+01
-0.3114463E+01 -0.57576E+01
-0.3113403E+01 -0.57555E+01
-0.3112342E+01 -0.57534E+01
-0.3111282E+01 -0.57512E+01
-0.3110222E+01 -0.57491E+01
-0.3109162E+01 -0.57470E+01
-0.3108102E+01 -0.57449E+01
-0.3107041E+01 -0.57428E+01
-0.3105981E+01 -0.57406E+01
-0.3104921E+01 -0.57385E+01
-0.3103861E+01 -0.57364E+01
-0.3102801E+01 -0.57343E+01
-0.3101740E+01 -0.57322E+01
-0.3100680E+01 -0.57300E+01
-0.3099620E+01 -0.57279E+01
-0.3098560E+01 -0.57258E+01
-0.3097499E+01 -0.57237E+01
-0.3096439E+01 -0.57216E+01
-0.3095379E+01 -0.57194E+01
-0.3094319E+01 -0.57173E+01
-0.3093259E+01 -0.57152E+01
-0.3092198E+01 -0.57131E+01
-0.3091138E+01 -0.57110E+01
-0.3090078E+01 -0.57088E+01
-0.3089018E+01 -0.57067E+01
-0.3087958E+01 -0.57046E+01
-0.3086897E+01 -0.57025E+01
-0.3085837E+01 -0.57004E+01
-0.3084777E+01 -0.56982E+01
-0.3083717E+01 -0.56961E+01
-0.3082656E+01 -0.56940E+01
-0.3081596E+01 -0.56919E+01
-0.3080536E+01 -0.56898E+01
-0.3079476E+01 -0.56876E+01
-0.3078416E+01 -0.56855E+01
-0.3077355E+01 -0.56834E+01
-0.3076295E+01 -0.56813E+01
-0.3075235E+01 -0.56792E+01
-0.3074175E+01 -0.56771E+01
-0.3073115E+01 -0.56749E+01
-0.3072054E+01 -0.56728E+01
-0.3070994E+01 -0.56707E+01
-0.3069934E+01 -0.56686E+01
-0.3068874E+01 -0.56665E+01
-0.3067814E+01 -0.56643E+01
-0.3066753E+01 -0.56622E+01
-0.3065693E+01 -0.56601E+01
-0.3064633E+01 -0.56580E+01
-0.3063573E+01 -0.56559E+01
-0.3062512E+01 -0.56537E+01
-0.3061452E+01 -0.56516E+01
-0.3060392E+01 -0.56495E+01
-0.3059332E+01 -0.56474E+01
-0.3058272E+01 -0.56453E+01
-0.3057211E+01 -0.56431E+01
-0.3056151E+01 -0.56410E+01
-0.3055091E+01 -0.56389E+01
-0.3054031E+01 -0.56368E+01
-0.3052971E+01 -0.56347E+01
-0.3051910E+01 -0.56325E+01
-0.3050850E+01 -0.56304E+01
-0.3049790E+01 -0.56283E+01
-0.3048730E+01 -0.56262E+01
-0.3047669E+01 -0.56241E+01
-0.3046609E+01 -0.56219E+01
-0.3045549E+01 -0.56198E+01
-0.3044489E+01 -0.56177E+01
-0.3043429E+01 -0.56156E+01
-0.3042368E+01 -0.56135E+01
-0.3041308E+01 -0.56113E+01
-0.3040248E+01 -0.56092E+01
-0.3039188E+01 -0.56071E+01
-0.3038128E+01 -0.56050E+01
-0.3037067E+01 -0.56029E+01
-0.3036007E+01 -0.56007E+01
-0.3034947E+01 -0.55986E+01
-0.3033887E+01 -0.55965E+01
-0.3032827E+01 -0.55944E+01
-0.3031766E+01 -0.55923E+01
-0.3030706E+01 -0.55901E+01
-0.3029646E+01 -0.55880E+01
-0.3028586E+01 -0.55859E+01
-0.3027525E+01 -0.55838E+01
-0.3026465E+01 -0.55817E+01
-0.3025405E+01 -0.55795E+01
-0.3024345E+01 -0.55774E+01
-0.3023285E+01 -0.55753E+01
-0.3022224E+01 -0.55732E+01
-0.3021164E+01 -0.55711E+01
-0.3020104E+01 -0.55689E+01
-0.3019044E+01 -0.55668E+01
-0.3017984E+01 -0.55647E+01
-0.3016923E+01 -0.55626E+01
-0.3015863E+01 -0.55605E+01
-0.3014803E+01 -0.55583E+01
-0.3013743E+01 -0.55562E+01
-0.3012682E+01 -0.55541E+01
-0.3011622E+01 -0.55520E+01
-0.3010562E+01 -0.55499E+01
-0.3009502E+01 -0.55477E+01
-0.3008442E+01 -0.55456E+01
-0.3007381E+01 -0.55435E+01
-0.3006321E+01 -0.55414E+01
-0.3005261E+01 -0.55393E+01
-0.3004201E+01 -0.55371E+01
-0.3003141E+01 -0.55350E+01
-0.3002080E+01 -0.55329E+01
-0.3001020E+01 -0.55308E+01
-0.2999960E+01 -0.55287E+01
-0.2998900E+01 -0.55265E+01
-0.2997840E+01 -0.55244E+01
-0.2996779E+01 -0.55223E+01
-0.2995719E+01 -0.55202E+01
-0.2994659E+01 -0.55181E+01
-0.2993599E+01 -0.55159E+01
-0.2992538E+01 -0.55138E+01
-0.2991478E+01 -0.55117E+01
-0.2990418E+01 -0.55096E+01
-0.2989358E+01 -0.55075E+01
-0.2988298E+01 -0.55053E+01
-0.2987237E+01 -0.55032E+01
-0.2986177E+01 -0.55011E+01
-0.2985117E+01 -0.54990E+01
-0.2984057E+01 -0.54969E+01
-0.2982997E+01 -0.54947E+01
-0.2981936E+01 -0.54926E+01
-0.2980876E+01 -0.54905E+01
-0.2979816E+01 -0.54884E+01
-0.2978756E+01 -0.54863E+01
-0.2977695E+01 -0.54841E+01
-0.2976635E+01 -0.54820E+01
-0.2975575E+01 -0.54799E+01
-0.2974515E+01 -0.54778E+01
-0.2973455E+01 -0.54757E+01
-0.2972394E+01 -0.54735E+01
-0.2971334E+01 -0.54714E+01
-0.2970274E+01 -0.54693E+01
-0.2969214E+01 -0.54672E+01
-0.2968154E+01 -0.54651E+01
-0.2967093E+01 -0.54629E+01
-0.2966033E+01 -0.54608E+01
-0.2964973E+01 -0.54587E+01
-0.2963913E+01 -0.54566E+01
-0.2962853E+01 -0.54545E+01
-0.2961792E+01 -0.54523E+01
-0.2960732E+01 -0.54502E+01
-0.2959672E+01 -0.54481E+01
-0.2958612E+01 -0.54460E+01
-0.2957551E+01 -0.54439E+01
-0.2956491E+01 -0.54417E+01
-0.2955431E+01 -0.54396E+01
-0.2954371E+01 -0.54375E+01
-0.2953311E+01 -0.54354E+01
-0.2952250E+01 -0.54333E+01
-0.2951190E+01 -0.54312E+01
-0.2950130E+01 -0.54290E+01
-0.2949070E+01 -0.54269E+01
-0.2948010E+01 -0.54248E+01
-0.2946949E+01 -0.54227E+01
-0.2945889E+01 -0.54206E+01
-0.2944829E+01 -0.54184E+01
-0.2943769E+01 -0.54163E+01
-0.2942708E+01 -0.54142E+01
-0.2941648E+01 -0.54121E+01
-0.2940588E+01 -0.54100E+01
-0.2939528E+01 -0.54078E+01
-0.2938468E+01 -0.54057E+01
-0.2937407E+01 -0.54036E+01
-0.2936347E+01 -0.54015E+01
-0.2935287E+01 -0.53994E+01
-0.2934227E+01 -0.53972E+01
-0.2933167E+01 -0.53951E+01
-0.2932106E+01 -0.53930E+01
-0.2931046E+01 -0.53909E+01
-0.2929986E+01 -0.53888E+01
-0.2928926E+01 -0.53866E+01
-0.2927866E+01 -0.53845E+01
-0.2926805E+01 -0.53824E+01
-0.2925745E+01 -0.53803E+01
-0.2924685E+01 -0.53782E+01
-0.2923625E+01 -0.53760E+01
-0.2922564E+01 -0.53739E+01
-0.2921504E+01 -0.53718E+01
-0.2920444E+01 -0.53697E+01
-0.2919384E+01 -0.53676E+01
-0.2918324E+01 -0.53654E+01
-0.2917263E+01 -0.53633E+01
-0.2916203E+01 -0.53612E+01
-0.2915143E+01 -0.53591E+01
-0.2914083E+01 -0.53570E+01
-0.2913023E+01 -0.53548E+01
-0.2911962E+01 -0.53527E+01
-0.2910902E+01 -0.53506E+01
-0.2909842E+01 -0.53485E+01
-0.2908782E+01 -0.53464E+01
-0.2907722E+01 -0.53442E+01
-0.2906661E+01 -0.53421E+01
-0.2905601E+01 -0.53400E+01
-0.2904541E+01 -0.53379E+01
-0.2903481E+01 -0.53358E+01
-0.2902420E+01 -0.53336E+01
-0.2901360E+01 -0.53315E+01
-0.2900300E+01 -0.53294E+01
-0.2899240E+01 -0.53273E+01
-0.2898180E+01 -0.53252E+01
-0.2897119E+01 -0.53230E+01
-0.2896059E+01 -0.53209E+01
-0.2894999E+01 -0.53188E+01
-0.2893939E+01 -0.53167E+01
-0.2892879E+01 -0.53146E+01
-0.2891818E+01 -0.53124E+01
-0.2890758E+01 -0.53103E+01
-0.2889698E+01 -0.53082E+01
-0.2888638E+01 -0.53061E+01
-0.2887577E+01 -0.53040E+01
-0.2886517E+01 -0.53019E+01
-0.2885457E+01 -0.52997E+01
-0.2884397E+01 -0.52976E+01
-0.2883337E+01 -0.52955E+01
-0.2882276E+01 -0.52934E+01
-0.2881216E+01 -0.52913E+01
-0.2880156E+01 -0.52891E+01
-0.2879096E+01 -0.52870E+01
-0.2878036E+01 -0.52849E+01
-0.2876975E+01 -0.52828E+01
-0.2875915E+01 -0.52807E+01
-0.2874855E+01 -0.52785E+01
-0.2873795E+01 -0.52764E+01
-0.2872735E+01 -0.52743E+01
-0.2871674E+01 -0.52722E+01
-0.2870614E+01 -0.52701E+01
-0.2869554E+01 -0.52679E+01
-0.2868494E+01 -0.52658E+01
-0.2867433E+01 -0.52637E+01
-0.2866373E+01 -0.52616E+01
-0.2865313E+01 -0.52595E+01
-0.2864253E+01 -0.52573E+01
-0.2863193E+01 -0.52552E+01
-0.2862132E+01 -0.52531E+01
-0.2861072E+01 -0.52510E+01
-0.2860012E+01 -0.52489E+01
-0.2858952E+01 -0.52467E+01
-0.2857892E+01 -0.52446E+01
-0.2856831E+01 -0.52425E+01
-0.2855771E+01 -0.52404E+01
-0.2854711E+01 -0.52383E+01
-0.2853651E+01 -0.52361E+01
-0.2852590E+01 -0.52340E+01
-0.2851530E+01 -0.52319E+01
-0.2850470E+01 -0.52298E+01
-0.2849410E+01 -0.52277E+01
-0.2848350E+01 -0.52255E+01
-0.2847289E+01 -0.52234E+01
-0.2846229E+01 -0.52213E+01
-0.2845169E+01 -0.52192E+01
-0.2844109E+01 -0.52171E+01
-0.2843049E+01 -0.52149E+01
-0.2841988E+01 -0.52128E+01
-0.2840928E+01 -0.52107E+01
-0.2839868E+01 -0.52086E+01
-0.2838808E+01 -0.52065E+01
-0.2837748E+01 -0.52044E+01
-0.2836687E+01 -0.52022E+01
-0.2835627E+01 -0.52001E+01
-0.2834567E+01 -0.51980E+01
-0.2833507E+01 -0.51959E+01
-0.2832446E+01 -0.51938E+01
-0.2831386E+01 -0.51916E+01
-0.2830326E+01 -0.51895E+01
-0.2829266E+01 -0.51874E+01
-0.2828206E+01 -0.51853E+01
-0.2827145E+01 -0.51832E+01
-0.2826085E+01 -0.51810E+01
-0.2825025E+01 -0.51789E+01
-0.2823965E+01 -0.51768E+01
-0.2822905E+01 -0.51747E+01
-0.2821844E+01 -0.51726E+01
-0.2820784E+01 -0.51704E+01
-0.2819724E+01 -0.51683E+01
-0.2818664E+01 -0.51662E+01
-0.2817603E+01 -0.51641E+01
-0.2816543E+01 -0.51620E+01
-0.2815483E+01 -0.51598E+01
-0.2814423E+01 -0.51577E+01
-0.2813363E+01 -0.51556E+01
-0.2812302E+01 -0.51535E+01
-0.2811242E+01 -0.51514E+01
-0.2810182E+01 -0.51492E+01
-0.2809122E+01 -0.51471E+01
-0.2808062E+01 -0.51450E+01
-0.2807001E+01 -0.51429E+01
-0.2805941E+01 -0.51408E+01
-0.2804881E+01 -0.51386E+01
-0.2803821E+01 -0.51365E+01
-0.2802761E+01 -0.51344E+01
-0.2801700E+01 -0.51323E+01
-0.2800640E+01 -0.51302E+01
-0.2799580E+01 -0.51280E+01
-0.2798520E+01 -0.51259E+01
-0.2797459E+01 -0.51238E+01
-0.2796399E+01 -0.51217E+01
-0.2795339E+01 -0.51196E+01
-0.2794279E+01 -0.51175E+01
-0.2793219E+01 -0.51153E+01
-0.2792158E+01 -0.51132E+01
-0.2791098E+01 -0.51111E+01
-0.2790038E+01 -0.51090E+01
-0.2788978E+01 -0.51069E+01
-0.2787918E+01 -0.51047E+01
-0.2786857E+01 -0.51026E+01
-0.2785797E+01 -0.51005E+01
-0.2784737E+01 -0.50984E+01
-0.2783677E+01 -0.50963E+01
-0.2782616E+01 -0.50941E+01
-0.2781556E+01 -0.50920E+01
-0.2780496E+01 -0.50899E+01
-0.2779436E+01 -0.50878E+01
-0.2778376E+01 -0.50857E+01
-0.2777315E+01 -0.50835E+01
-0.2776255E+01 -0.50814E+01
-0.2775195E+01 -0.50793E+01
-0.2774135E+01 -0.50772E+01
-0.2773075E+01 -0.50751E+01
-0.2772014E+01 -0.50729E+01
-0.2770954E+01 -0.50708E+01
-0.2769894E+01 -0.50687E+01
-0.2768834E+01 -0.50666E+01
-0.2767774E+01 -0.50645E+01
-0.2766713E+01 -0.50623E+01
-0.2765653E+01 -0.50602E+01
-0.2764593E+01 -0.50581E+01
-0.2763533E+01 -0.50560E+01
-0.2762472E+01 -0.50539E+01
-0.2761412E+01 -0.50517E+01
-0.2760352E+01 -0.50496E+01
-0.2759292E+01 -0.50475E+01
-0.2758232E+01 -0.50454E+01
-0.2757171E+01 -0.50433E+01
-0.2756111E+01 -0.50412E+01
-0.2755051E+01 -0.50390E+01
-0.2753991E+01 -0.50369E+01
-0.2752931E+01 -0.50348E+01
-0.2751870E+01 -0.50327E+01
-0.2750810E+01 -0.50306E+01
-0.2749750E+01 -0.50284E+01
-0.2748690E+01 -0.50263E+01
-0.2747629E+01 -0.50242E+01
-0.2746569E+01 -0.50221E+01
-0.2745509E+01 -0.50200E+01
-0.2744449E+01 -0.50178E+01
-0.2743389E+01 -0.50157E+01
-0.2742328E+01 -0.50136E+01
-0.2741268E+01 -0.50115E+01
-0.2740208E+01 -0.50094E+01
-0.2739148E+01 -0.50072E+01
-0.2738088E+01 -0.50051E+01
-0.2737027E+01 -0.50030E+01
-0.2735967E+01 -0.50009E+01
-0.2734907E+01 -0.49988E+01
-0.2733847E+01 -0.49966E+01
-0.2732787E+01 -0.49945E+01
-0.2731726E+01 -0.49924E+01
-0.2730666E+01 -0.49903E+01
-0.2729606E+01 -0.49882E+01
-0.2728546E+01 -0.49861E+01
-0.2727485E+01 -0.49839E+01
-0.2726425E+01 -0.49818E+01
-0.2725365E+01 -0.49797E+01
-0.2724305E+01 -0.49776E+01
-0.2723245E+01 -0.49755E+01
-0.2722184E+01 -0.49733E+01
-0.2721124E+01 -0.49712E+01
-0.2720064E+01 -0.49691E+01
-0.2719004E+01 -0.49670E+01
-0.2717944E+01 -0.49649E+01
-0.2716883E+01 -0.49627E+01
-0.2715823E+01 -0.49606E+01
-0.2714763E+01 -0.49585E+01
-0.2713703E+01 -0.49564E+01
-0.2712642E+01 -0.49543E+01
-0.2711582E+01 -0.49521E+01
-0.2710522E+01 -0.49500E+01
-0.2709462E+01 -0.49479E+01
-0.2708402E+01 -0.49458E+01
-0.2707341E+01 -0.49437E+01
-0.2706281E+01 -0.49415E+01
-0.2705221E+01 -0.49394E+01
-0.2704161E+01 -0.49373E+01
-0.2703101E+01 -0.49352E+01
-0.2702040E+01 -0.49331E+01
-0.2700980E+01 -0.49310E+01
-0.2699920E+01 -0.49288E+01
-0.2698860E+01 -0.49267E+01
-0.2697800E+01 -0.49246E+01
-0.2696739E+01 -0.49225E+01
-0.2695679E+01 -0.49204E+01
-0.2694619E+01 -0.49182E+01
-0.2693559E+01 -0.49161E+01
-0.2692498E+01 -0.49140E+01
-0.2691438E+01 -0.49119E+01
-0.2690378E+01 -0.49098E+01
-0.2689318E+01 -0.49076E+01
-0.2688258E+01 -0.49055E+01
-0.2687197E+01 -0.49034E+01
-0.2686137E+01 -0.49013E+01
-0.2685077E+01 -0.48992E+01
-0.2684017E+01 -0.48970E+01
-0.2682957E+01 -0.48949E+01
-0.2681896E+01 -0.48928E+01
-0.2680836E+01 -0.48907E+01
-0.2679776E+01 -0.48886E+01
-0.2678716E+01 -0.48864E+01
-0.2677655E+01 -0.48843E+01
-0.2676595E+01 -0.48822E+01
-0.2675535E+01 -0.48801E+01
-0.2674475E+01 -0.48780E+01
-0.2673415E+01 -0.48759E+01
-0.2672354E+01 -0.48737E+01
-0.2671294E+01 -0.48716E+01
-0.2670234E+01 -0.48695E+01
-0.2669174E+01 -0.48674E+01
-0.2668114E+01 -0.48653E+01
-0.2667053E+01 -0.48631E+01
-0.2665993E+01 -0.48610E+01
-0.2664933E+01 -0.48589E+01
-0.2663873E+01 -0.48568E+01
-0.2662813E+01 -0.48547E+01
-0.2661752E+01 -0.48525E+01
-0.2660692E+01 -0.48504E+01
-0.2659632E+01 -0.48483E+01
-0.2658572E+01 -0.48462E+01
-0.2657511E+01 -0.48441E+01
-0.2656451E+01 -0.48419E+01
-0.2655391E+01 -0.48398E+01
-0.2654331E+01 -0.48377E+01
-0.2653271E+01 -0.48356E+01
-0.2652210E+01 -0.48335E+01
-0.2651150E+01 -0.48314E+01
-0.2650090E+01 -0.48292E+01
-0.2649030E+01 -0.48271E+01
-0.2647970E+01 -0.48250E+01
-0.2646909E+01 -0.48229E+01
-0.2645849E+01 -0.48208E+01
-0.2644789E+01 -0.48186E+01
-0.2643729E+01 -0.48165E+01
-0.2642668E+01 -0.48144E+01
-0.2641608E+01 -0.48123E+01
-0.2640548E+01 -0.48102E+01
-0.2639488E+01 -0.48080E+01
-0.2638428E+01 -0.48059E+01
-0.2637367E+01 -0.48038E+01
-0.2636307E+01 -0.48017E+01
-0.2635247E+01 -0.47996E+01
-0.2634187E+01 -0.47974E+01
-0.2633127E+01 -0.47953E+01
-0.2632066E+01 -0.47932E+01
-0.2631006E+01 -0.47911E+01
-0.2629946E+01 -0.47890E+01
-0.2628886E+01 -0.47869E+01
-0.2627826E+01 -0.47847E+01
-0.2626765E+01 -0.47826E+01
-0.2625705E+01 -0.47805E+01
-0.2624645E+01 -0.47784E+01
-0.2623585E+01 -0.47763E+01
-0.2622524E+01 -0.47741E+01
-0.2621464E+01 -0.47720E+01
-0.2620404E+01 -0.47699E+01
-0.2619344E+01 -0.47678E+01
-0.2618284E+01 -0.47657E+01
-0.2617223E+01 -0.47635E+01
-0.2616163E+01 -0.47614E+01
-0.2615103E+01 -0.47593E+01
-0.2614043E+01 -0.47572E+01
-0.2612983E+01 -0.47551E+01
-0.2611922E+01 -0.47529E+01
-0.2610862E+01 -0.47508E+01
-0.2609802E+01 -0.47487E+01
-0.2608742E+01 -0.47466E+01
-0.2607681E+01 -0.47445E+01
-0.2606621E+01 -0.47424E+01
-0.2605561E+01 -0.47402E+01
-0.2604501E+01 -0.47381E+01
-0.2603441E+01 -0.47360E+01
-0.2602380E+01 -0.47339E+01
-0.2601320E+01 -0.47318E+01
-0.2600260E+01 -0.47296E+01
-0.2599200E+01 -0.47275E+01
-0.2598140E+01 -0.47254E+01
-0.2597079E+01 -0.47233E+01
-0.2596019E+01 -0.47212E+01
-0.2594959E+01 -0.47190E+01
-0.2593899E+01 -0.47169E+01
-0.2592839E+01 -0.47148E+01
-0.2591778E+01 -0.47127E+01
-0.2590718E+01 -0.47106E+01
-0.2589658E+01 -0.47085E+01
-0.2588598E+01 -0.47063E+01
-0.2587537E+01 -0.47042E+01
-0.2586477E+01 -0.47021E+01
-0.2585417E+01 -0.47000E+01
-0.2584357E+01 -0.46979E+01
-0.2583297E+01 -0.46957E+01
-0.2582236E+01 -0.46936E+01
-0.2581176E+01 -0.46915E+01
-0.2580116E+01 -0.46894E+01
-0.2579056E+01 -0.46873E+01
-0.2577996E+01 -0.46851E+01
-0.2576935E+01 -0.46830E+01
-0.2575875E+01 -0.46809E+01
-0.2574815E+01 -0.46788E+01
-0.2573755E+01 -0.46767E+01
-0.2572694E+01 -0.46745E+01
-0.2571634E+01 -0.46724E+01
-0.2570574E+01 -0.46703E+01
-0.2569514E+01 -0.46682E+01
-0.2568454E+01 -0.46661E+01
-0.2567393E+01 -0.46640E+01
-0.2566333E+01 -0.46618E+01
-0.2565273E+01 -0.46597E+01
-0.2564213E+01 -0.46576E+01
-0.2563153E+01 -0.46555E+01
-0.2562092E+01 -0.46534E+01
-0.2561032E+01 -0.46512E+01
-0.2559972E+01 -0.46491E+01
-0.2558912E+01 -0.46470E+01
-0.2557852E+01 -0.46449E+01
-0.2556791E+01 -0.46428E+01
-0.2555731E+01 -0.46406E+01
-0.2554671E+01 -0.46385E+01
-0.2553611E+01 -0.46364E+01
-0.2552550E+01 -0.46343E+01
-0.2551490E+01 -0.46322E+01
-0.2550430E+01 -0.46301E+01
-0.2549370E+01 -0.46279E+01
-0.2548310E+01 -0.46258E+01
-0.2547249E+01 -0.46237E+01
-0.2546189E+01 -0.46216E+01
-0.2545129E+01 -0.46195E+01
-0.2544069E+01 -0.46173E+01
-0.2543009E+01 -0.46152E+01
-0.2541948E+01 -0.46131E+01
-0.2540888E+01 -0.46110E+01
-0.2539828E+01 -0.46089E+01
-0.2538768E+01 -0.46067E+01
-0.2537708E+01 -0.46046E+01
-0.2536647E+01 -0.46025E+01
-0.2535587E+01 -0.46004E+01
-0.2534527E+01 -0.45983E+01
-0.2533467E+01 -0.45962E+01
-0.2532406E+01 -0.45940E+01
-0.2531346E+01 -0.45919E+01
-0.2530286E+01 -0.45898E+01
-0.2529226E+01 -0.45877E+01
-0.2528166E+01 -0.45856E+01
-0.2527105E+01 -0.45834E+01
-0.2526045E+01 -0.45813E+01
-0.2524985E+01 -0.45792E+01
-0.2523925E+01 -0.45771E+01
-0.2522865E+01 -0.45750E+01
-0.2521804E+01 -0.45729E+01
-0.2520744E+01 -0.45707E+01
-0.2519684E+01 -0.45686E+01
-0.2518624E+01 -0.45665E+01
-0.2517563E+01 -0.45644E+01
-0.2516503E+01 -0.45623E+01
-0.2515443E+01 -0.45601E+01
-0.2514383E+01 -0.45580E+01
-0.2513323E+01 -0.45559E+01
-0.2512262E+01 -0.45538E+01
-0.2511202E+01 -0.45517E+01
-0.2510142E+01 -0.45495E+01
-0.2509082E+01 -0.45474E+01
-0.2508022E+01 -0.45453E+01
-0.2506961E+01 -0.45432E+01
-0.2505901E+01 -0.45411E+01
-0.2504841E+01 -0.45390E+01
-0.2503781E+01 -0.45368E+01
-0.2502721E+01 -0.45347E+01
-0.2501660E+01 -0.45326E+01
-0.2500600E+01 -0.45305E+01
-0.2499540E+01 -0.45284E+01
-0.2498480E+01 -0.45262E+01
-0.2497419E+01 -0.45241E+01
-0.2496359E+01 -0.45220E+01
-0.2495299E+01 -0.45199E+01
-0.2494239E+01 -0.45178E+01
-0.2493179E+01 -0.45156E+01
-0.2492118E+01 -0.45135E+01
-0.2491058E+01 -0.45114E+01
-0.2489998E+01 -0.45093E+01
-0.2488938E+01 -0.45072E+01
-0.2487878E+01 -0.45051E+01
-0.2486817E+01 -0.45029E+01
-0.2485757E+01 -0.45008E+01
-0.2484697E+01 -0.44987E+01
-0.2483637E+01 -0.44966E+01
-0.2482576E+01 -0.44945E+01
-0.2481516E+01 -0.44923E+01
-0.2480456E+01 -0.44902E+01
-0.2479396E+01 -0.44881E+01
-0.2478336E+01 -0.44860E+01
-0.2477275E+01 -0.44839E+01
-0.2476215E+01 -0.44818E+01
-0.2475155E+01 -0.44796E+01
-0.2474095E+01 -0.44775E+01
-0.2473035E+01 -0.44754E+01
-0.2471974E+01 -0.44733E+01
-0.2470914E+01 -0.44712E+01
-0.2469854E+01 -0.44690E+01
-0.2468794E+01 -0.44669E+01
-0.2467734E+01 -0.44648E+01
-0.2466673E+01 -0.44627E+01
-0.2465613E+01 -0.44606E+01
-0.2464553E+01 -0.44585E+01
-0.2463493E+01 -0.44563E+01
-0.2462432E+01 -0.44542E+01
-0.2461372E+01 -0.44521E+01
-0.2460312E+01 -0.44500E+01
-0.2459252E+01 -0.44479E+01
-0.2458192E+01 -0.44457E+01
-0.2457131E+01 -0.44436E+01
-0.2456071E+01 -0.44415E+01
-0.2455011E+01 -0.44394E+01
-0.2453951E+01 -0.44373E+01
-0.2452891E+01 -0.44351E+01
-0.2451830E+01 -0.44330E+01
-0.2450770E+01 -0.44309E+01
-0.2449710E+01 -0.44288E+01
-0.2448650E+01 -0.44267E+01
-0.2447589E+01 -0.44246E+01
-0.2446529E+01 -0.44224E+01
-0.2445469E+01 -0.44203E+01
-0.2444409E+01 -0.44182E+01
-0.2443349E+01 -0.44161E+01
-0.2442288E+01 -0.44140E+01
-0.2441228E+01 -0.44118E+01
-0.2440168E+01 -0.44097E+01
-0.2439108E+01 -0.44076E+01
-0.2438048E+01 -0.44055E+01
-0.2436987E+01 -0.44034E+01
-0.2435927E+01 -0.44013E+01
-0.2434867E+01 -0.43991E+01
-0.2433807E+01 -0.43970E+01
-0.2432747E+01 -0.43949E+01
-0.2431686E+01 -0.43928E+01
-0.2430626E+01 -0.43907E+01
-0.2429566E+01 -0.43885E+01
-0.2428506E+01 -0.43864E+01
-0.2427445E+01 -0.43843E+01
-0.2426385E+01 -0.43822E+01
-0.2425325E+01 -0.43801E+01
-0.2424265E+01 -0.43780E+01
-0.2423205E+01 -0.43758E+01
-0.2422144E+01 -0.43737E+01
-0.2421084E+01 -0.43716E+01
-0.2420024E+01 -0.43695E+01
-0.2418964E+01 -0.43674E+01
-0.2417904E+01 -0.43652E+01
-0.2416843E+01 -0.43631E+01
-0.2415783E+01 -0.43610E+01
-0.2414723E+01 -0.43589E+01
-0.2413663E+01 -0.43568E+01
-0.2412602E+01 -0.43547E+01
-0.2411542E+01 -0.43525E+01
-0.2410482E+01 -0.43504E+01
-0.2409422E+01 -0.43483E+01
-0.2408362E+01 -0.43462E+01
-0.2407301E+01 -0.43441E+01
-0.2406241E+01 -0.43419E+01
-0.2405181E+01 -0.43398E+01
-0.2404121E+01 -0.43377E+01
-0.2403061E+01 -0.43356E+01
-0.2402000E+01 -0.43335E+01
-0.2400940E+01 -0.43314E+01
-0.2399880E+01 -0.43292E+01
-0.2398820E+01 -0.43271E+01
-0.2397760E+01 -0.43250E+01
-0.2396699E+01 -0.43229E+01
-0.2395639E+01 -0.43208E+01
-0.2394579E+01 -0.43186E+01
-0.2393519E+01 -0.43165E+01
-0.2392458E+01 -0.43144E+01
-0.2391398E+01 -0.43123E+01
-0.2390338E+01 -0.43102E+01
-0.2389278E+01 -0.43081E+01
-0.2388218E+01 -0.43059E+01
-0.2387157E+01 -0.43038E+01
-0.2386097E+01 -0.43017E+01
-0.2385037E+01 -0.42996E+01
-0.2383977E+01 -0.42975E+01
-0.2382917E+01 -0.42953E+01
-0.2381856E+01 -0.42932E+01
-0.2380796E+01 -0.42911E+01
-0.2379736E+01 -0.42890E+01
-0.2378676E+01 -0.42869E+01
-0.2377615E+01 -0.42848E+01
-0.2376555E+01 -0.42826E+01
-0.2375495E+01 -0.42805E+01
-0.2374435E+01 -0.42784E+01
-0.2373375E+01 -0.42763E+01
-0.2372314E+01 -0.42742E+01
-0.2371254E+01 -0.42721E+01
-0.2370194E+01 -0.42699E+01
-0.2369134E+01 -0.42678E+01
-0.2368074E+01 -0.42657E+01
-0.2367013E+01 -0.42636E+01
-0.2365953E+01 -0.42615E+01
-0.2364893E+01 -0.42593E+01
-0.2363833E+01 -0.42572E+01
-0.2362773E+01 -0.42551E+01
-0.2361712E+01 -0.42530E+01
-0.2360652E+01 -0.42509E+01
-0.2359592E+01 -0.42488E+01
-0.2358532E+01 -0.42466E+01
-0.2357471E+01 -0.42445E+01
-0.2356411E+01 -0.42424E+01
-0.2355351E+01 -0.42403E+01
-0.2354291E+01 -0.42382E+01
-0.2353231E+01 -0.42360E+01
-0.2352170E+01 -0.42339E+01
-0.2351110E+01 -0.42318E+01
-0.2350050E+01 -0.42297E+01
-0.2348990E+01 -0.42276E+01
-0.2347930E+01 -0.42255E+01
-0.2346869E+01 -0.42233E+01
-0.2345809E+01 -0.42212E+01
-0.2344749E+01 -0.42191E+01
-0.2343689E+01 -0.42170E+01
-0.2342628E+01 -0.42149E+01
-0.2341568E+01 -0.42128E+01
-0.2340508E+01 -0.42106E+01
-0.2339448E+01 -0.42085E+01
-0.2338388E+01 -0.42064E+01
-0.2337327E+01 -0.42043E+01
-0.2336267E+01 -0.42022E+01
-0.2335207E+01 -0.42000E+01
-0.2334147E+01 -0.41979E+01
-0.2333087E+01 -0.41958E+01
-0.2332026E+01 -0.41937E+01
-0.2330966E+01 -0.41916E+01
-0.2329906E+01 -0.41895E+01
-0.2328846E+01 -0.41873E+01
-0.2327786E+01 -0.41852E+01
-0.2326725E+01 -0.41831E+01
-0.2325665E+01 -0.41810E+01
-0.2324605E+01 -0.41789E+01
-0.2323545E+01 -0.41768E+01
-0.2322484E+01 -0.41746E+01
-0.2321424E+01 -0.41725E+01
-0.2320364E+01 -0.41704E+01
-0.2319304E+01 -0.41683E+01
-0.2318244E+01 -0.41662E+01
-0.2317183E+01 -0.41640E+01
-0.2316123E+01 -0.41619E+01
-0.2315063E+01 -0.41598E+01
-0.2314003E+01 -0.41577E+01
-0.2312943E+01 -0.41556E+01
-0.2311882E+01 -0.41535E+01
-0.2310822E+01 -0.41513E+01
-0.2309762E+01 -0.41492E+01
-0.2308702E+01 -0.41471E+01
-0.2307641E+01 -0.41450E+01
-0.2306581E+01 -0.41429E+01
-0.2305521E+01 -0.41408E+01
-0.2304461E+01 -0.41386E+01
-0.2303401E+01 -0.41365E+01
-0.2302340E+01 -0.41344E+01
-0.2301280E+01 -0.41323E+01
-0.2300220E+01 -0.41302E+01
-0.2299160E+01 -0.41280E+01
-0.2298100E+01 -0.41259E+01
-0.2297039E+01 -0.41238E+01
-0.2295979E+01 -0.41217E+01
-0.2294919E+01 -0.41196E+01
-0.2293859E+01 -0.41175E+01
-0.2292799E+01 -0.41153E+01
-0.2291738E+01 -0.41132E+01
-0.2290678E+01 -0.41111E+01
-0.2289618E+01 -0.41090E+01
-0.2288558E+01 -0.41069E+01
-0.2287497E+01 -0.41048E+01
-0.2286437E+01 -0.41026E+01
-0.2285377E+01 -0.41005E+01
-0.2284317E+01 -0.40984E+01
-0.2283257E+01 -0.40963E+01
-0.2282196E+01 -0.40942E+01
-0.2281136E+01 -0.40920E+01
-0.2280076E+01 -0.40899E+01
-0.2279016E+01 -0.40878E+01
-0.2277956E+01 -0.40857E+01
-0.2276895E+01 -0.40836E+01
-0.2275835E+01 -0.40815E+01
-0.2274775E+01 -0.40793E+01
-0.2273715E+01 -0.40772E+01
-0.2272654E+01 -0.40751E+01
-0.2271594E+01 -0.40730E+01
-0.2270534E+01 -0.40709E+01
-0.2269474E+01 -0.40688E+01
-0.2268414E+01 -0.40666E+01
-0.2267353E+01 -0.40645E+01
-0.2266293E+01 -0.40624E+01
-0.2265233E+01 -0.40603E+01
-0.2264173E+01 -0.40582E+01
-0.2263113E+01 -0.40561E+01
-0.2262052E+01 -0.40539E+01
-0.2260992E+01 -0.40518E+01
-0.2259932E+01 -0.40497E+01
-0.2258872E+01 -0.40476E+01
-0.2257812E+01 -0.40455E+01
-0.2256751E+01 -0.40434E+01
-0.2255691E+01 -0.40412E+01
-0.2254631E+01 -0.40391E+01
-0.2253571E+01 -0.40370E+01
-0.2252510E+01 -0.40349E+01
-0.2251450E+01 -0.40328E+01
-0.2250390E+01 -0.40306E+01
-0.2249330E+01 -0.40285E+01
-0.2248270E+01 -0.40264E+01
-0.2247209E+01 -0.40243E+01
-0.2246149E+01 -0.40222E+01
-0.2245089E+01 -0.40201E+01
-0.2244029E+01 -0.40179E+01
-0.2242969E+01 -0.40158E+01
-0.2241908E+01 -0.40137E+01
-0.2240848E+01 -0.40116E+01
-0.2239788E+01 -0.40095E+01
-0.2238728E+01 -0.40074E+01
-0.2237667E+01 -0.40052E+01
-0.2236607E+01 -0.40031E+01
-0.2235547E+01 -0.40010E+01
-0.2234487E+01 -0.39989E+01
-0.2233427E+01 -0.39968E+01
-0.2232366E+01 -0.39947E+01
-0.2231306E+01 -0.39925E+01
-0.2230246E+01 -0.39904E+01
-0.2229186E+01 -0.39883E+01
-0.2228126E+01 -0.39862E+01
-0.2227065E+01 -0.39841E+01
-0.2226005E+01 -0.39820E+01
-0.2224945E+01 -0.39798E+01
-0.2223885E+01 -0.39777E+01
-0.2222825E+01 -0.39756E+01
-0.2221764E+01 -0.39735E+01
-0.2220704E+01 -0.39714E+01
-0.2219644E+01 -0.39693E+01
-0.2218584E+01 -0.39671E+01
-0.2217523E+01 -0.39650E+01
-0.2216463E+01 -0.39629E+01
-0.2215403E+01 -0.39608E+01
-0.2214343E+01 -0.39587E+01
-0.2213283E+01 -0.39565E+01
-0.2212222E+01 -0.39544E+01
-0.2211162E+01 -0.39523E+01
-0.2210102E+01 -0.39502E+01
-0.2209042E+01 -0.39481E+01
-0.2207982E+01 -0.39460E+01
-0.2206921E+01 -0.39438E+01
-0.2205861E+01 -0.39417E+01
-0.2204801E+01 -0.39396E+01
-0.2203741E+01 -0.39375E+01
-0.2202680E+01 -0.39354E+01
-0.2201620E+01 -0.39333E+01
-0.2200560E+01 -0.39311E+01
-0.2199500E+01 -0.39290E+01
-0.2198440E+01 -0.39269E+01
-0.2197379E+01 -0.39248E+01
-0.2196319E+01 -0.39227E+01
-0.2195259E+01 -0.39206E+01
-0.2194199E+01 -0.39184E+01
-0.2193139E+01 -0.39163E+01
-0.2192078E+01 -0.39142E+01
-0.2191018E+01 -0.39121E+01
-0.2189958E+01 -0.39100E+01
-0.2188898E+01 -0.39079E+01
-0.2187838E+01 -0.39057E+01
-0.2186777E+01 -0.39036E+01
-0.2185717E+01 -0.39015E+01
-0.2184657E+01 -0.38994E+01
-0.2183597E+01 -0.38973E+01
-0.2182536E+01 -0.38952E+01
-0.2181476E+01 -0.38930E+01
-0.2180416E+01 -0.38909E+01
-0.2179356E+01 -0.38888E+01
-0.2178296E+01 -0.38867E+01
-0.2177235E+01 -0.38846E+01
-0.2176175E+01 -0.38825E+01
-0.2175115E+01 -0.38803E+01
-0.2174055E+01 -0.38782E+01
-0.2172995E+01 -0.38761E+01
-0.2171934E+01 -0.38740E+01
-0.2170874E+01 -0.38719E+01
-0.2169814E+01 -0.38698E+01
-0.2168754E+01 -0.38676E+01
-0.2167694E+01 -0.38655E+01
-0.2166633E+01 -0.38634E+01
-0.2165573E+01 -0.38613E+01
-0.2164513E+01 -0.38592E+01
-0.2163453E+01 -0.38571E+01
-0.2162392E+01 -0.38549E+01
-0.2161332E+01 -0.38528E+01
-0.2160272E+01 -0.38507E+01
-0.2159212E+01 -0.38486E+01
-0.2158152E+01 -0.38465E+01
-0.2157091E+01 -0.38444E+01
-0.2156031E+01 -0.38422E+01
-0.2154971E+01 -0.38401E+01
-0.2153911E+01 -0.38380E+01
-0.2152851E+01 -0.38359E+01
-0.2151790E+01 -0.38338E+01
-0.2150730E+01 -0.38317E+01
-0.2149670E+01 -0.38295E+01
-0.2148610E+01 -0.38274E+01
-0.2147549E+01 -0.38253E+01
-0.2146489E+01 -0.38232E+01
-0.2145429E+01 -0.38211E+01
-0.2144369E+01 -0.38190E+01
-0.2143309E+01 -0.38168E+01
-0.2142248E+01 -0.38147E+01
-0.2141188E+01 -0.38126E+01
-0.2140128E+01 -0.38105E+01
-0.2139068E+01 -0.38084E+01
-0.2138008E+01 -0.38063E+01
-0.2136947E+01 -0.38041E+01
-0.2135887E+01 -0.38020E+01
-0.2134827E+01 -0.37999E+01
-0.2133767E+01 -0.37978E+01
-0.2132707E+01 -0.37957E+01
-0.2131646E+01 -0.37936E+01
-0.2130586E+01 -0.37915E+01
-0.2129526E+01 -0.37893E+01
-0.2128466E+01 -0.37872E+01
-0.2127405E+01 -0.37851E+01
-0.2126345E+01 -0.37830E+01
-0.2125285E+01 -0.37809E+01
-0.2124225E+01 -0.37788E+01
-0.2123165E+01 -0.37766E+01
-0.2122104E+01 -0.37745E+01
-0.2121044E+01 -0.37724E+01
-0.2119984E+01 -0.37703E+01
-0.2118924E+01 -0.37682E+01
-0.2117864E+01 -0.37661E+01
-0.2116803E+01 -0.37639E+01
-0.2115743E+01 -0.37618E+01
-0.2114683E+01 -0.37597E+01
-0.2113623E+01 -0.37576E+01
-0.2112562E+01 -0.37555E+01
-0.2111502E+01 -0.37534E+01
-0.2110442E+01 -0.37512E+01
-0.2109382E+01 -0.37491E+01
-0.2108322E+01 -0.37470E+01
-0.2107261E+01 -0.37449E+01
-0.2106201E+01 -0.37428E+01
-0.2105141E+01 -0.37407E+01
-0.2104081E+01 -0.37385E+01
-0.2103021E+01 -0.37364E+01
-0.2101960E+01 -0.37343E+01
-0.2100900E+01 -0.37322E+01
-0.2099840E+01 -0.37301E+01
-0.2098780E+01 -0.37280E+01
-0.2097720E+01 -0.37258E+01
-0.2096659E+01 -0.37237E+01
-0.2095599E+01 -0.37216E+01
-0.2094539E+01 -0.37195E+01
-0.2093479E+01 -0.37174E+01
-0.2092418E+01 -0.37153E+01
-0.2091358E+01 -0.37132E+01
-0.2090298E+01 -0.37110E+01
-0.2089238E+01 -0.37089E+01
-0.2088178E+01 -0.37068E+01
-0.2087117E+01 -0.37047E+01
-0.2086057E+01 -0.37026E+01
-0.2084997E+01 -0.37005E+01
-0.2083937E+01 -0.36983E+01
-0.2082877E+01 -0.36962E+01
-0.2081816E+01 -0.36941E+01
-0.2080756E+01 -0.36920E+01
-0.2079696E+01 -0.36899E+01
-0.2078636E+01 -0.36878E+01
-0.2077575E+01 -0.36856E+01
-0.2076515E+01 -0.36835E+01
-0.2075455E+01 -0.36814E+01
-0.2074395E+01 -0.36793E+01
-0.2073335E+01 -0.36772E+01
-0.2072274E+01 -0.36751E+01
-0.2071214E+01 -0.36729E+01
-0.2070154E+01 -0.36708E+01
-0.2069094E+01 -0.36687E+01
-0.2068034E+01 -0.36666E+01
-0.2066973E+01 -0.36645E+01
-0.2065913E+01 -0.36624E+01
-0.2064853E+01 -0.36603E+01
-0.2063793E+01 -0.36581E+01
-0.2062733E+01 -0.36560E+01
-0.2061672E+01 -0.36539E+01
-0.2060612E+01 -0.36518E+01
-0.2059552E+01 -0.36497E+01
-0.2058492E+01 -0.36476E+01
-0.2057431E+01 -0.36454E+01
-0.2056371E+01 -0.36433E+01
-0.2055311E+01 -0.36412E+01
-0.2054251E+01 -0.36391E+01
-0.2053191E+01 -0.36370E+01
-0.2052130E+01 -0.36349E+01
-0.2051070E+01 -0.36328E+01
-0.2050010E+01 -0.36306E+01
-0.2048950E+01 -0.36285E+01
-0.2047890E+01 -0.36264E+01
-0.2046829E+01 -0.36243E+01
-0.2045769E+01 -0.36222E+01
-0.2044709E+01 -0.36201E+01
-0.2043649E+01 -0.36179E+01
-0.2042588E+01 -0.36158E+01
-0.2041528E+01 -0.36137E+01
-0.2040468E+01 -0.36116E+01
-0.2039408E+01 -0.36095E+01
-0.2038348E+01 -0.36074E+01
-0.2037287E+01 -0.36052E+01
-0.2036227E+01 -0.36031E+01
-0.2035167E+01 -0.36010E+01
-0.2034107E+01 -0.35989E+01
-0.2033047E+01 -0.35968E+01
-0.2031986E+01 -0.35947E+01
-0.2030926E+01 -0.35926E+01
-0.2029866E+01 -0.35904E+01
-0.2028806E+01 -0.35883E+01
-0.2027746E+01 -0.35862E+01
-0.2026685E+01 -0.35841E+01
-0.2025625E+01 -0.35820E+01
-0.2024565E+01 -0.35799E+01
-0.2023505E+01 -0.35777E+01
-0.2022444E+01 -0.35756E+01
-0.2021384E+01 -0.35735E+01
-0.2020324E+01 -0.35714E+01
-0.2019264E+01 -0.35693E+01
-0.2018204E+01 -0.35672E+01
-0.2017143E+01 -0.35651E+01
-0.2016083E+01 -0.35629E+01
-0.2015023E+01 -0.35608E+01
-0.2013963E+01 -0.35587E+01
-0.2012903E+01 -0.35566E+01
-0.2011842E+01 -0.35545E+01
-0.2010782E+01 -0.35524E+01
-0.2009722E+01 -0.35502E+01
-0.2008662E+01 -0.35481E+01
-0.2007601E+01 -0.35460E+01
-0.2006541E+01 -0.35439E+01
-0.2005481E+01 -0.35418E+01
-0.2004421E+01 -0.35397E+01
-0.2003361E+01 -0.35376E+01
-0.2002300E+01 -0.35354E+01
-0.2001240E+01 -0.35333E+01
-0.2000180E+01 -0.35312E+01
-0.1999120E+01 -0.35291E+01
-0.1998060E+01 -0.35270E+01
-0.1996999E+01 -0.35249E+01
-0.1995939E+01 -0.35228E+01
-0.1994879E+01 -0.35206E+01
-0.1993819E+01 -0.35185E+01
-0.1992759E+01 -0.35164E+01
-0.1991698E+01 -0.35143E+01
-0.1990638E+01 -0.35122E+01
-0.1989578E+01 -0.35101E+01
-0.1988518E+01 -0.35079E+01
-0.1987457E+01 -0.35058E+01
-0.1986397E+01 -0.35037E+01
-0.1985337E+01 -0.35016E+01
-0.1984277E+01 -0.34995E+01
-0.1983217E+01 -0.34974E+01
-0.1982156E+01 -0.34953E+01
-0.1981096E+01 -0.34931E+01
-0.1980036E+01 -0.34910E+01
-0.1978976E+01 -0.34889E+01
-0.1977916E+01 -0.34868E+01
-0.1976855E+01 -0.34847E+01
-0.1975795E+01 -0.34826E+01
-0.1974735E+01 -0.34805E+01
-0.1973675E+01 -0.34783E+01
-0.1972614E+01 -0.34762E+01
-0.1971554E+01 -0.34741E+01
-0.1970494E+01 -0.34720E+01
-0.1969434E+01 -0.34699E+01
-0.1968374E+01 -0.34678E+01
-0.1967313E+01 -0.34656E+01
-0.1966253E+01 -0.34635E+01
-0.1965193E+01 -0.34614E+01
-0.1964133E+01 -0.34593E+01
-0.1963073E+01 -0.34572E+01
-0.1962012E+01 -0.34551E+01
-0.1960952E+01 -0.34530E+01
-0.1959892E+01 -0.34508E+01
-0.1958832E+01 -0.34487E+01
-0.1957772E+01 -0.34466E+01
-0.1956711E+01 -0.34445E+01
-0.1955651E+01 -0.34424E+01
-0.1954591E+01 -0.34403E+01
-0.1953531E+01 -0.34382E+01
-0.1952470E+01 -0.34360E+01
-0.1951410E+01 -0.34339E+01
-0.1950350E+01 -0.34318E+01
-0.1949290E+01 -0.34297E+01
-0.1948230E+01 -0.34276E+01
-0.1947169E+01 -0.34255E+01
-0.1946109E+01 -0.34234E+01
-0.1945049E+01 -0.34212E+01
-0.1943989E+01 -0.34191E+01
-0.1942929E+01 -0.34170E+01
-0.1941868E+01 -0.34149E+01
-0.1940808E+01 -0.34128E+01
-0.1939748E+01 -0.34107E+01
-0.1938688E+01 -0.34085E+01
-0.1937627E+01 -0.34064E+01
-0.1936567E+01 -0.34043E+01
-0.1935507E+01 -0.34022E+01
-0.1934447E+01 -0.34001E+01
-0.1933387E+01 -0.33980E+01
-0.1932326E+01 -0.33959E+01
-0.1931266E+01 -0.33937E+01
-0.1930206E+01 -0.33916E+01
-0.1929146E+01 -0.33895E+01
-0.1928086E+01 -0.33874E+01
-0.1927025E+01 -0.33853E+01
-0.1925965E+01 -0.33832E+01
-0.1924905E+01 -0.33811E+01
-0.1923845E+01 -0.33789E+01
-0.1922785E+01 -0.33768E+01
-0.1921724E+01 -0.33747E+01
-0.1920664E+01 -0.33726E+01
-0.1919604E+01 -0.33705E+01
-0.1918544E+01 -0.33684E+01
-0.1917483E+01 -0.33663E+01
-0.1916423E+01 -0.33641E+01
-0.1915363E+01 -0.33620E+01
-0.1914303E+01 -0.33599E+01
-0.1913243E+01 -0.33578E+01
-0.1912182E+01 -0.33557E+01
-0.1911122E+01 -0.33536E+01
-0.1910062E+01 -0.33515E+01
-0.1909002E+01 -0.33493E+01
-0.1907942E+01 -0.33472E+01
-0.1906881E+01 -0.33451E+01
-0.1905821E+01 -0.33430E+01
-0.1904761E+01 -0.33409E+01
-0.1903701E+01 -0.33388E+01
-0.1902640E+01 -0.33367E+01
-0.1901580E+01 -0.33345E+01
-0.1900520E+01 -0.33324E+01
-0.1899460E+01 -0.33303E+01
-0.1898400E+01 -0.33282E+01
-0.1897339E+01 -0.33261E+01
-0.1896279E+01 -0.33240E+01
-0.1895219E+01 -0.33219E+01
-0.1894159E+01 -0.33197E+01
-0.1893099E+01 -0.33176E+01
-0.1892038E+01 -0.33155E+01
-0.1890978E+01 -0.33134E+01
-0.1889918E+01 -0.33113E+01
-0.1888858E+01 -0.33092E+01
-0.1887798E+01 -0.33071E+01
-0.1886737E+01 -0.33050E+01
-0.1885677E+01 -0.33028E+01
-0.1884617E+01 -0.33007E+01
-0.1883557E+01 -0.32986E+01
-0.1882496E+01 -0.32965E+01
-0.1881436E+01 -0.32944E+01
-0.1880376E+01 -0.32923E+01
-0.1879316E+01 -0.32902E+01
-0.1878256E+01 -0.32880E+01
-0.1877195E+01 -0.32859E+01
-0.1876135E+01 -0.32838E+01
-0.1875075E+01 -0.32817E+01
-0.1874015E+01 -0.32796E+01
-0.1872955E+01 -0.32775E+01
-0.1871894E+01 -0.32754E+01
-0.1870834E+01 -0.32732E+01
-0.1869774E+01 -0.32711E+01
-0.1868714E+01 -0.32690E+01
-0.1867653E+01 -0.32669E+01
-0.1866593E+01 -0.32648E+01
-0.1865533E+01 -0.32627E+01
-0.1864473E+01 -0.32606E+01
-0.1863413E+01 -0.32584E+01
-0.1862352E+01 -0.32563E+01
-0.1861292E+01 -0.32542E+01
-0.1860232E+01 -0.32521E+01
-0.1859172E+01 -0.32500E+01
-0.1858112E+01 -0.32479E+01
-0.1857051E+01 -0.32458E+01
-0.1855991E+01 -0.32437E+01
-0.1854931E+01 -0.32415E+01
-0.1853871E+01 -0.32394E+01
-0.1852811E+01 -0.32373E+01
-0.1851750E+01 -0.32352E+01
-0.1850690E+01 -0.32331E+01
-0.1849630E+01 -0.32310E+01
-0.1848570E+01 -0.32289E+01
-0.1847509E+01 -0.32267E+01
-0.1846449E+01 -0.32246E+01
-0.1845389E+01 -0.32225E+01
-0.1844329E+01 -0.32204E+01
-0.1843269E+01 -0.32183E+01
-0.1842208E+01 -0.32162E+01
-0.1841148E+01 -0.32141E+01
-0.1840088E+01 -0.32119E+01
-0.1839028E+01 -0.32098E+01
-0.1837968E+01 -0.32077E+01
-0.1836907E+01 -0.32056E+01
-0.1835847E+01 -0.32035E+01
-0.1834787E+01 -0.32014E+01
-0.1833727E+01 -0.31993E+01
-0.1832666E+01 -0.31972E+01
-0.1831606E+01 -0.31950E+01
-0.1830546E+01 -0.31929E+01
-0.1829486E+01 -0.31908E+01
-0.1828426E+01 -0.31887E+01
-0.1827365E+01 -0.31866E+01
-0.1826305E+01 -0.31845E+01
-0.1825245E+01 -0.31824E+01
-0.1824185E+01 -0.31802E+01
-0.1823125E+01 -0.31781E+01
-0.1822064E+01 -0.31760E+01
-0.1821004E+01 -0.31739E+01
-0.1819944E+01 -0.31718E+01
-0.1818884E+01 -0.31697E+01
-0.1817824E+01 -0.31676E+01
-0.1816763E+01 -0.31655E+01
-0.1815703E+01 -0.31633E+01
-0.1814643E+01 -0.31612E+01
-0.1813583E+01 -0.31591E+01
-0.1812522E+01 -0.31570E+01
-0.1811462E+01 -0.31549E+01
-0.1810402E+01 -0.31528E+01
-0.1809342E+01 -0.31507E+01
-0.1808282E+01 -0.31485E+01
-0.1807221E+01 -0.31464E+01
-0.1806161E+01 -0.31443E+01
-0.1805101E+01 -0.31422E+01
-0.1804041E+01 -0.31401E+01
-0.1802981E+01 -0.31380E+01
-0.1801920E+01 -0.31359E+01
-0.1800860E+01 -0.31338E+01
-0.1799800E+01 -0.31316E+01
-0.1798740E+01 -0.31295E+01
-0.1797680E+01 -0.31274E+01
-0.1796619E+01 -0.31253E+01
-0.1795559E+01 -0.31232E+01
-0.1794499E+01 -0.31211E+01
-0.1793439E+01 -0.31190E+01
-0.1792378E+01 -0.31169E+01
-0.1791318E+01 -0.31147E+01
-0.1790258E+01 -0.31126E+01
-0.1789198E+01 -0.31105E+01
-0.1788138E+01 -0.31084E+01
-0.1787077E+01 -0.31063E+01
-0.1786017E+01 -0.31042E+01
-0.1784957E+01 -0.31021E+01
-0.1783897E+01 -0.30999E+01
-0.1782837E+01 -0.30978E+01
-0.1781776E+01 -0.30957E+01
-0.1780716E+01 -0.30936E+01
-0.1779656E+01 -0.30915E+01
-0.1778596E+01 -0.30894E+01
-0.1777535E+01 -0.30873E+01
-0.1776475E+01 -0.30852E+01
-0.1775415E+01 -0.30830E+01
-0.1774355E+01 -0.30809E+01
-0.1773295E+01 -0.30788E+01
-0.1772234E+01 -0.30767E+01
-0.1771174E+01 -0.30746E+01
-0.1770114E+01 -0.30725E+01
-0.1769054E+01 -0.30704E+01
-0.1767994E+01 -0.30683E+01
-0.1766933E+01 -0.30661E+01
-0.1765873E+01 -0.30640E+01
-0.1764813E+01 -0.30619E+01
-0.1763753E+01 -0.30598E+01
-0.1762693E+01 -0.30577E+01
-0.1761632E+01 -0.30556E+01
-0.1760572E+01 -0.30535E+01
-0.1759512E+01 -0.30514E+01
-0.1758452E+01 -0.30492E+01
-0.1757391E+01 -0.30471E+01
-0.1756331E+01 -0.30450E+01
-0.1755271E+01 -0.30429E+01
-0.1754211E+01 -0.30408E+01
-0.1753151E+01 -0.30387E+01
-0.1752090E+01 -0.30366E+01
-0.1751030E+01 -0.30345E+01
-0.1749970E+01 -0.30323E+01
-0.1748910E+01 -0.30302E+01
-0.1747850E+01 -0.30281E+01
-0.1746789E+01 -0.30260E+01
-0.1745729E+01 -0.30239E+01
-0.1744669E+01 -0.30218E+01
-0.1743609E+01 -0.30197E+01
-0.1742548E+01 -0.30176E+01
-0.1741488E+01 -0.30154E+01
-0.1740428E+01 -0.30133E+01
-0.1739368E+01 -0.30112E+01
-0.1738308E+01 -0.30091E+01
-0.1737247E+01 -0.30070E+01
-0.1736187E+01 -0.30049E+01
-0.1735127E+01 -0.30028E+01
-0.1734067E+01 -0.30007E+01
-0.1733007E+01 -0.29985E+01
-0.1731946E+01 -0.29964E+01
-0.1730886E+01 -0.29943E+01
-0.1729826E+01 -0.29922E+01
-0.1728766E+01 -0.29901E+01
-0.1727706E+01 -0.29880E+01
-0.1726645E+01 -0.29859E+01
-0.1725585E+01 -0.29838E+01
-0.1724525E+01 -0.29816E+01
-0.1723465E+01 -0.29795E+01
-0.1722404E+01 -0.29774E+01
-0.1721344E+01 -0.29753E+01
-0.1720284E+01 -0.29732E+01
-0.1719224E+01 -0.29711E+01
-0.1718164E+01 -0.29690E+01
-0.1717103E+01 -0.29669E+01
-0.1716043E+01 -0.29648E+01
-0.1714983E+01 -0.29626E+01
-0.1713923E+01 -0.29605E+01
-0.1712863E+01 -0.29584E+01
-0.1711802E+01 -0.29563E+01
-0.1710742E+01 -0.29542E+01
-0.1709682E+01 -0.29521E+01
-0.1708622E+01 -0.29500E+01
-0.1707561E+01 -0.29479E+01
-0.1706501E+01 -0.29457E+01
-0.1705441E+01 -0.29436E+01
-0.1704381E+01 -0.29415E+01
-0.1703321E+01 -0.29394E+01
-0.1702260E+01 -0.29373E+01
-0.1701200E+01 -0.29352E+01
-0.1700140E+01 -0.29331E+01
-0.1699080E+01 -0.29310E+01
-0.1698020E+01 -0.29288E+01
-0.1696959E+01 -0.29267E+01
-0.1695899E+01 -0.29246E+01
-0.1694839E+01 -0.29225E+01
-0.1693779E+01 -0.29204E+01
-0.1692719E+01 -0.29183E+01
-0.1691658E+01 -0.29162E+01
-0.1690598E+01 -0.29141E+01
-0.1689538E+01 -0.29120E+01
-0.1688478E+01 -0.29098E+01
-0.1687417E+01 -0.29077E+01
-0.1686357E+01 -0.29056E+01
-0.1685297E+01 -0.29035E+01
-0.1684237E+01 -0.29014E+01
-0.1683177E+01 -0.28993E+01
-0.1682116E+01 -0.28972E+01
-0.1681056E+01 -0.28951E+01
-0.1679996E+01 -0.28929E+01
-0.1678936E+01 -0.28908E+01
-0.1677876E+01 -0.28887E+01
-0.1676815E+01 -0.28866E+01
-0.1675755E+01 -0.28845E+01
-0.1674695E+01 -0.28824E+01
-0.1673635E+01 -0.28803E+01
-0.1672574E+01 -0.28782E+01
-0.1671514E+01 -0.28761E+01
-0.1670454E+01 -0.28739E+01
-0.1669394E+01 -0.28718E+01
-0.1668334E+01 -0.28697E+01
-0.1667273E+01 -0.28676E+01
-0.1666213E+01 -0.28655E+01
-0.1665153E+01 -0.28634E+01
-0.1664093E+01 -0.28613E+01
-0.1663033E+01 -0.28592E+01
-0.1661972E+01 -0.28571E+01
-0.1660912E+01 -0.28549E+01
-0.1659852E+01 -0.28528E+01
-0.1658792E+01 -0.28507E+01
-0.1657732E+01 -0.28486E+01
-0.1656671E+01 -0.28465E+01
-0.1655611E+01 -0.28444E+01
-0.1654551E+01 -0.28423E+01
-0.1653491E+01 -0.28402E+01
-0.1652430E+01 -0.28380E+01
-0.1651370E+01 -0.28359E+01
-0.1650310E+01 -0.28338E+01
-0.1649250E+01 -0.28317E+01
-0.1648190E+01 -0.28296E+01
-0.1647129E+01 -0.28275E+01
-0.1646069E+01 -0.28254E+01
-0.1645009E+01 -0.28233E+01
-0.1643949E+01 -0.28212E+01
-0.1642889E+01 -0.28190E+01
-0.1641828E+01 -0.28169E+01
-0.1640768E+01 -0.28148E+01
-0.1639708E+01 -0.28127E+01
-0.1638648E+01 -0.28106E+01
-0.1637587E+01 -0.28085E+01
-0.1636527E+01 -0.28064E+01
-0.1635467E+01 -0.28043E+01
-0.1634407E+01 -0.28022E+01
-0.1633347E+01 -0.28000E+01
-0.1632286E+01 -0.27979E+01
-0.1631226E+01 -0.27958E+01
-0.1630166E+01 -0.27937E+01
-0.1629106E+01 -0.27916E+01
-0.1628046E+01 -0.27895E+01
-0.1626985E+01 -0.27874E+01
-0.1625925E+01 -0.27853E+01
-0.1624865E+01 -0.27832E+01
-0.1623805E+01 -0.27810E+01
-0.1622745E+01 -0.27789E+01
-0.1621684E+01 -0.27768E+01
-0.1620624E+01 -0.27747E+01
-0.1619564E+01 -0.27726E+01
-0.1618504E+01 -0.27705E+01
-0.1617443E+01 -0.27684E+01
-0.1616383E+01 -0.27663E+01
-0.1615323E+01 -0.27642E+01
-0.1614263E+01 -0.27620E+01
-0.1613203E+01 -0.27599E+01
-0.1612142E+01 -0.27578E+01
-0.1611082E+01 -0.27557E+01
-0.1610022E+01 -0.27536E+01
-0.1608962E+01 -0.27515E+01
-0.1607902E+01 -0.27494E+01
-0.1606841E+01 -0.27473E+01
-0.1605781E+01 -0.27452E+01
-0.1604721E+01 -0.27430E+01
-0.1603661E+01 -0.27409E+01
-0.1602600E+01 -0.27388E+01
-0.1601540E+01 -0.27367E+01
-0.1600480E+01 -0.27346E+01
-0.1599420E+01 -0.27325E+01
-0.1598360E+01 -0.27304E+01
-0.1597299E+01 -0.27283E+01
-0.1596239E+01 -0.27262E+01
-0.1595179E+01 -0.27240E+01
-0.1594119E+01 -0.27219E+01
-0.1593059E+01 -0.27198E+01
-0.1591998E+01 -0.27177E+01
-0.1590938E+01 -0.27156E+01
-0.1589878E+01 -0.27135E+01
-0.1588818E+01 -0.27114E+01
-0.1587758E+01 -0.27093E+01
-0.1586697E+01 -0.27072E+01
-0.1585637E+01 -0.27050E+01
-0.1584577E+01 -0.27029E+01
-0.1583517E+01 -0.27008E+01
-0.1582456E+01 -0.26987E+01
-0.1581396E+01 -0.26966E+01
-0.1580336E+01 -0.26945E+01
-0.1579276E+01 -0.26924E+01
-0.1578216E+01 -0.26903E+01
-0.1577155E+01 -0.26882E+01
-0.1576095E+01 -0.26860E+01
-0.1575035E+01 -0.26839E+01
-0.1573975E+01 -0.26818E+01
-0.1572915E+01 -0.26797E+01
-0.1571854E+01 -0.26776E+01
-0.1570794E+01 -0.26755E+01
-0.1569734E+01 -0.26734E+01
-0.1568674E+01 -0.26713E+01
-0.1567613E+01 -0.26692E+01
-0.1566553E+01 -0.26671E+01
-0.1565493E+01 -0.26649E+01
-0.1564433E+01 -0.26628E+01
-0.1563373E+01 -0.26607E+01
-0.1562312E+01 -0.26586E+01
-0.1561252E+01 -0.26565E+01
-0.1560192E+01 -0.26544E+01
-0.1559132E+01 -0.26523E+01
-0.1558072E+01 -0.26502E+01
-0.1557011E+01 -0.26481E+01
-0.1555951E+01 -0.26459E+01
-0.1554891E+01 -0.26438E+01
-0.1553831E+01 -0.26417E+01
-0.1552771E+01 -0.26396E+01
-0.1551710E+01 -0.26375E+01
-0.1550650E+01 -0.26354E+01
-0.1549590E+01 -0.26333E+01
-0.1548530E+01 -0.26312E+01
-0.1547469E+01 -0.26291E+01
-0.1546409E+01 -0.26269E+01
-0.1545349E+01 -0.26248E+01
-0.1544289E+01 -0.26227E+01
-0.1543229E+01 -0.26206E+01
-0.1542168E+01 -0.26185E+01
-0.1541108E+01 -0.26164E+01
-0.1540048E+01 -0.26143E+01
-0.1538988E+01 -0.26122E+01
-0.1537928E+01 -0.26101E+01
-0.1536867E+01 -0.26080E+01
-0.1535807E+01 -0.26058E+01
-0.1534747E+01 -0.26037E+01
-0.1533687E+01 -0.26016E+01
-0.1532626E+01 -0.25995E+01
-0.1531566E+01 -0.25974E+01
-0.1530506E+01 -0.25953E+01
-0.1529446E+01 -0.25932E+01
-0.1528386E+01 -0.25911E+01
-0.1527325E+01 -0.25890E+01
-0.1526265E+01 -0.25868E+01
-0.1525205E+01 -0.25847E+01
-0.1524145E+01 -0.25826E+01
-0.1523085E+01 -0.25805E+01
-0.1522024E+01 -0.25784E+01
-0.1520964E+01 -0.25763E+01
-0.1519904E+01 -0.25742E+01
-0.1518844E+01 -0.25721E+01
-0.1517784E+01 -0.25700E+01
-0.1516723E+01 -0.25679E+01
-0.1515663E+01 -0.25657E+01
-0.1514603E+01 -0.25636E+01
-0.1513543E+01 -0.25615E+01
-0.1512482E+01 -0.25594E+01
-0.1511422E+01 -0.25573E+01
-0.1510362E+01 -0.25552E+01
-0.1509302E+01 -0.25531E+01
-0.1508242E+01 -0.25510E+01
-0.1507181E+01 -0.25489E+01
-0.1506121E+01 -0.25467E+01
-0.1505061E+01 -0.25446E+01
-0.1504001E+01 -0.25425E+01
-0.1502941E+01 -0.25404E+01
-0.1501880E+01 -0.25383E+01
-0.1500820E+01 -0.25362E+01
-0.1499760E+01 -0.25341E+01
-0.1498700E+01 -0.25320E+01
-0.1497639E+01 -0.25299E+01
-0.1496579E+01 -0.25278E+01
-0.1495519E+01 -0.25256E+01
-0.1494459E+01 -0.25235E+01
-0.1493399E+01 -0.25214E+01
-0.1492338E+01 -0.25193E+01
-0.1491278E+01 -0.25172E+01
-0.1490218E+01 -0.25151E+01
-0.1489158E+01 -0.25130E+01
-0.1488098E+01 -0.25109E+01
-0.1487037E+01 -0.25088E+01
-0.1485977E+01 -0.25066E+01
-0.1484917E+01 -0.25045E+01
-0.1483857E+01 -0.25024E+01
-0.1482797E+01 -0.25003E+01
-0.1481736E+01 -0.24982E+01
-0.1480676E+01 -0.24961E+01
-0.1479616E+01 -0.24940E+01
-0.1478556E+01 -0.24919E+01
-0.1477495E+01 -0.24898E+01
-0.1476435E+01 -0.24877E+01
-0.1475375E+01 -0.24855E+01
-0.1474315E+01 -0.24834E+01
-0.1473255E+01 -0.24813E+01
-0.1472194E+01 -0.24792E+01
-0.1471134E+01 -0.24771E+01
-0.1470074E+01 -0.24750E+01
-0.1469014E+01 -0.24729E+01
-0.1467954E+01 -0.24708E+01
-0.1466893E+01 -0.24687E+01
-0.1465833E+01 -0.24665E+01
-0.1464773E+01 -0.24644E+01
-0.1463713E+01 -0.24623E+01
-0.1462652E+01 -0.24602E+01
-0.1461592E+01 -0.24581E+01
-0.1460532E+01 -0.24560E+01
-0.1459472E+01 -0.24539E+01
-0.1458412E+01 -0.24518E+01
-0.1457351E+01 -0.24497E+01
-0.1456291E+01 -0.24476E+01
-0.1455231E+01 -0.24454E+01
-0.1454171E+01 -0.24433E+01
-0.1453111E+01 -0.24412E+01
-0.1452050E+01 -0.24391E+01
-0.1450990E+01 -0.24370E+01
-0.1449930E+01 -0.24349E+01
-0.1448870E+01 -0.24328E+01
-0.1447810E+01 -0.24307E+01
-0.1446749E+01 -0.24286E+01
-0.1445689E+01 -0.24264E+01
-0.1444629E+01 -0.24243E+01
-0.1443569E+01 -0.24222E+01
-0.1442508E+01 -0.24201E+01
-0.1441448E+01 -0.24180E+01
-0.1440388E+01 -0.24159E+01
-0.1439328E+01 -0.24138E+01
-0.1438268E+01 -0.24117E+01
-0.1437207E+01 -0.24096E+01
-0.1436147E+01 -0.24074E+01
-0.1435087E+01 -0.24053E+01
-0.1434027E+01 -0.24032E+01
-0.1432967E+01 -0.24011E+01
-0.1431906E+01 -0.23990E+01
-0.1430846E+01 -0.23969E+01
-0.1429786E+01 -0.23948E+01
-0.1428726E+01 -0.23927E+01
-0.1427666E+01 -0.23906E+01
-0.1426605E+01 -0.23885E+01
-0.1425545E+01 -0.23863E+01
-0.1424485E+01 -0.23842E+01
-0.1423425E+01 -0.23821E+01
-0.1422364E+01 -0.23800E+01
-0.1421304E+01 -0.23779E+01
-0.1420244E+01 -0.23758E+01
-0.1419184E+01 -0.23737E+01
-0.1418124E+01 -0.23716E+01
-0.1417063E+01 -0.23695E+01
-0.1416003E+01 -0.23673E+01
-0.1414943E+01 -0.23652E+01
-0.1413883E+01 -0.23631E+01
-0.1412823E+01 -0.23610E+01
-0.1411762E+01 -0.23589E+01
-0.1410702E+01 -0.23568E+01
-0.1409642E+01 -0.23547E+01
-0.1408582E+01 -0.23526E+01
-0.1407521E+01 -0.23505E+01
-0.1406461E+01 -0.23483E+01
-0.1405401E+01 -0.23462E+01
-0.1404341E+01 -0.23441E+01
-0.1403281E+01 -0.23420E+01
-0.1402220E+01 -0.23399E+01
-0.1401160E+01 -0.23378E+01
-0.1400100E+01 -0.23357E+01
-0.1399040E+01 -0.23336E+01
-0.1397980E+01 -0.23315E+01
-0.1396919E+01 -0.23293E+01
-0.1395859E+01 -0.23272E+01
-0.1394799E+01 -0.23251E+01
-0.1393739E+01 -0.23230E+01
-0.1392679E+01 -0.23209E+01
-0.1391618E+01 -0.23188E+01
-0.1390558E+01 -0.23167E+01
-0.1389498E+01 -0.23146E+01
-0.1388438E+01 -0.23125E+01
-0.1387377E+01 -0.23103E+01
-0.1386317E+01 -0.23082E+01
-0.1385257E+01 -0.23061E+01
-0.1384197E+01 -0.23040E+01
-0.1383137E+01 -0.23019E+01
-0.1382076E+01 -0.22998E+01
-0.1381016E+01 -0.22977E+01
-0.1379956E+01 -0.22956E+01
-0.1378896E+01 -0.22935E+01
-0.1377836E+01 -0.22913E+01
-0.1376775E+01 -0.22892E+01
-0.1375715E+01 -0.22871E+01
-0.1374655E+01 -0.22850E+01
-0.1373595E+01 -0.22829E+01
-0.1372534E+01 -0.22808E+01
-0.1371474E+01 -0.22787E+01
-0.1370414E+01 -0.22766E+01
-0.1369354E+01 -0.22745E+01
-0.1368294E+01 -0.22723E+01
-0.1367233E+01 -0.22702E+01
-0.1366173E+01 -0.22681E+01
-0.1365113E+01 -0.22660E+01
-0.1364053E+01 -0.22639E+01
-0.1362993E+01 -0.22618E+01
-0.1361932E+01 -0.22597E+01
-0.1360872E+01 -0.22576E+01
-0.1359812E+01 -0.22555E+01
-0.1358752E+01 -0.22533E+01
-0.1357692E+01 -0.22512E+01
-0.1356631E+01 -0.22491E+01
-0.1355571E+01 -0.22470E+01
-0.1354511E+01 -0.22449E+01
-0.1353451E+01 -0.22428E+01
-0.1352390E+01 -0.22407E+01
-0.1351330E+01 -0.22386E+01
-0.1350270E+01 -0.22364E+01
-0.1349210E+01 -0.22343E+01
-0.1348150E+01 -0.22322E+01
-0.1347089E+01 -0.22301E+01
-0.1346029E+01 -0.22280E+01
-0.1344969E+01 -0.22259E+01
-0.1343909E+01 -0.22238E+01
-0.1342849E+01 -0.22217E+01
-0.1341788E+01 -0.22196E+01
-0.1340728E+01 -0.22174E+01
-0.1339668E+01 -0.22153E+01
-0.1338608E+01 -0.22132E+01
-0.1337547E+01 -0.22111E+01
-0.1336487E+01 -0.22090E+01
-0.1335427E+01 -0.22069E+01
-0.1334367E+01 -0.22048E+01
-0.1333307E+01 -0.22027E+01
-0.1332246E+01 -0.22005E+01
-0.1331186E+01 -0.21984E+01
-0.1330126E+01 -0.21963E+01
-0.1329066E+01 -0.21942E+01
-0.1328006E+01 -0.21921E+01
-0.1326945E+01 -0.21900E+01
-0.1325885E+01 -0.21879E+01
-0.1324825E+01 -0.21858E+01
-0.1323765E+01 -0.21836E+01
-0.1322705E+01 -0.21815E+01
-0.1321644E+01 -0.21794E+01
-0.1320584E+01 -0.21773E+01
-0.1319524E+01 -0.21752E+01
-0.1318464E+01 -0.21731E+01
-0.1317403E+01 -0.21710E+01
-0.1316343E+01 -0.21689E+01
-0.1315283E+01 -0.21667E+01
-0.1314223E+01 -0.21646E+01
-0.1313163E+01 -0.21625E+01
-0.1312102E+01 -0.21604E+01
-0.1311042E+01 -0.21583E+01
-0.1309982E+01 -0.21562E+01
-0.1308922E+01 -0.21541E+01
-0.1307862E+01 -0.21520E+01
-0.1306801E+01 -0.21498E+01
-0.1305741E+01 -0.21477E+01
-0.1304681E+01 -0.21456E+01
-0.1303621E+01 -0.21435E+01
-0.1302560E+01 -0.21414E+01
-0.1301500E+01 -0.21393E+01
-0.1300440E+01 -0.21372E+01
-0.1299380E+01 -0.21350E+01
-0.1298320E+01 -0.21329E+01
-0.1297259E+01 -0.21308E+01
-0.1296199E+01 -0.21287E+01
-0.1295139E+01 -0.21266E+01
-0.1294079E+01 -0.21245E+01
-0.1293019E+01 -0.21224E+01
-0.1291958E+01 -0.21203E+01
-0.1290898E+01 -0.21181E+01
-0.1289838E+01 -0.21160E+01
-0.1288778E+01 -0.21139E+01
-0.1287718E+01 -0.21118E+01
-0.1286657E+01 -0.21097E+01
-0.1285597E+01 -0.21076E+01
-0.1284537E+01 -0.21055E+01
-0.1283477E+01 -0.21033E+01
-0.1282416E+01 -0.21012E+01
-0.1281356E+01 -0.20991E+01
-0.1280296E+01 -0.20970E+01
-0.1279236E+01 -0.20949E+01
-0.1278176E+01 -0.20928E+01
-0.1277115E+01 -0.20907E+01
-0.1276055E+01 -0.20886E+01
-0.1274995E+01 -0.20864E+01
-0.1273935E+01 -0.20843E+01
-0.1272875E+01 -0.20822E+01
-0.1271814E+01 -0.20801E+01
-0.1270754E+01 -0.20780E+01
-0.1269694E+01 -0.20759E+01
-0.1268634E+01 -0.20738E+01
-0.1267573E+01 -0.20716E+01
-0.1266513E+01 -0.20695E+01
-0.1265453E+01 -0.20674E+01
-0.1264393E+01 -0.20653E+01
-0.1263333E+01 -0.20632E+01
-0.1262272E+01 -0.20611E+01
-0.1261212E+01 -0.20589E+01
-0.1260152E+01 -0.20568E+01
-0.1259092E+01 -0.20547E+01
-0.1258032E+01 -0.20526E+01
-0.1256971E+01 -0.20505E+01
-0.1255911E+01 -0.20484E+01
-0.1254851E+01 -0.20463E+01
-0.1253791E+01 -0.20441E+01
-0.1252731E+01 -0.20420E+01
-0.1251670E+01 -0.20399E+01
-0.1250610E+01 -0.20378E+01
-0.1249550E+01 -0.20357E+01
-0.1248490E+01 -0.20336E+01
-0.1247429E+01 -0.20315E+01
-0.1246369E+01 -0.20293E+01
-0.1245309E+01 -0.20272E+01
-0.1244249E+01 -0.20251E+01
-0.1243189E+01 -0.20230E+01
-0.1242128E+01 -0.20209E+01
-0.1241068E+01 -0.20188E+01
-0.1240008E+01 -0.20166E+01
-0.1238948E+01 -0.20145E+01
-0.1237888E+01 -0.20124E+01
-0.1236827E+01 -0.20103E+01
-0.1235767E+01 -0.20082E+01
-0.1234707E+01 -0.20061E+01
-0.1233647E+01 -0.20039E+01
-0.1232586E+01 -0.20018E+01
-0.1231526E+01 -0.19997E+01
-0.1230466E+01 -0.19976E+01
-0.1229406E+01 -0.19955E+01
-0.1228346E+01 -0.19934E+01
-0.1227285E+01 -0.19913E+01
-0.1226225E+01 -0.19891E+01
-0.1225165E+01 -0.19870E+01
-0.1224105E+01 -0.19849E+01
-0.1223045E+01 -0.19828E+01
-0.1221984E+01 -0.19807E+01
-0.1220924E+01 -0.19786E+01
-0.1219864E+01 -0.19764E+01
-0.1218804E+01 -0.19743E+01
-0.1217744E+01 -0.19722E+01
-0.1216683E+01 -0.19701E+01
-0.1215623E+01 -0.19680E+01
-0.1214563E+01 -0.19659E+01
-0.1213503E+01 -0.19637E+01
-0.1212442E+01 -0.19616E+01
-0.1211382E+01 -0.19595E+01
-0.1210322E+01 -0.19574E+01
-0.1209262E+01 -0.19553E+01
-0.1208202E+01 -0.19531E+01
-0.1207141E+01 -0.19510E+01
-0.1206081E+01 -0.19489E+01
-0.1205021E+01 -0.19468E+01
-0.1203961E+01 -0.19447E+01
-0.1202901E+01 -0.19426E+01
-0.1201840E+01 -0.19404E+01
-0.1200780E+01 -0.19383E+01
-0.1199720E+01 -0.19362E+01
-0.1198660E+01 -0.19341E+01
-0.1197599E+01 -0.19320E+01
-0.1196539E+01 -0.19298E+01
-0.1195479E+01 -0.19277E+01
-0.1194419E+01 -0.19256E+01
-0.1193359E+01 -0.19235E+01
-0.1192298E+01 -0.19214E+01
-0.1191238E+01 -0.19193E+01
-0.1190178E+01 -0.19171E+01
-0.1189118E+01 -0.19150E+01
-0.1188058E+01 -0.19129E+01
-0.1186997E+01 -0.19108E+01
-0.1185937E+01 -0.19087E+01
-0.1184877E+01 -0.19065E+01
-0.1183817E+01 -0.19044E+01
-0.1182757E+01 -0.19023E+01
-0.1181696E+01 -0.19002E+01
-0.1180636E+01 -0.18981E+01
-0.1179576E+01 -0.18959E+01
-0.1178516E+01 -0.18938E+01
-0.1177455E+01 -0.18917E+01
-0.1176395E+01 -0.18896E+01
-0.1175335E+01 -0.18875E+01
-0.1174275E+01 -0.18853E+01
-0.1173215E+01 -0.18832E+01
-0.1172154E+01 -0.18811E+01
-0.1171094E+01 -0.18790E+01
-0.1170034E+01 -0.18769E+01
-0.1168974E+01 -0.18747E+01
-0.1167914E+01 -0.18726E+01
-0.1166853E+01 -0.18705E+01
-0.1165793E+01 -0.18684E+01
-0.1164733E+01 -0.18663E+01
-0.1163673E+01 -0.18641E+01
-0.1162612E+01 -0.18620E+01
-0.1161552E+01 -0.18599E+01
-0.1160492E+01 -0.18578E+01
-0.1159432E+01 -0.18557E+01
-0.1158372E+01 -0.18535E+01
-0.1157311E+01 -0.18514E+01
-0.1156251E+01 -0.18493E+01
-0.1155191E+01 -0.18472E+01
-0.1154131E+01 -0.18450E+01
-0.1153071E+01 -0.18429E+01
-0.1152010E+01 -0.18408E+01
-0.1150950E+01 -0.18387E+01
-0.1149890E+01 -0.18366E+01
-0.1148830E+01 -0.18344E+01
-0.1147770E+01 -0.18323E+01
-0.1146709E+01 -0.18302E+01
-0.1145649E+01 -0.18281E+01
-0.1144589E+01 -0.18259E+01
-0.1143529E+01 -0.18238E+01
-0.1142468E+01 -0.18217E+01
-0.1141408E+01 -0.18196E+01
-0.1140348E+01 -0.18175E+01
-0.1139288E+01 -0.18153E+01
-0.1138228E+01 -0.18132E+01
-0.1137167E+01 -0.18111E+01
-0.1136107E+01 -0.18090E+01
-0.1135047E+01 -0.18068E+01
-0.1133987E+01 -0.18047E+01
-0.1132927E+01 -0.18026E+01
-0.1131866E+01 -0.18005E+01
-0.1130806E+01 -0.17983E+01
-0.1129746E+01 -0.17962E+01
-0.1128686E+01 -0.17941E+01
-0.1127625E+01 -0.17920E+01
-0.1126565E+01 -0.17899E+01
-0.1125505E+01 -0.17877E+01
-0.1124445E+01 -0.17856E+01
-0.1123385E+01 -0.17835E+01
-0.1122324E+01 -0.17814E+01
-0.1121264E+01 -0.17792E+01
-0.1120204E+01 -0.17771E+01
-0.1119144E+01 -0.17750E+01
-0.1118084E+01 -0.17729E+01
-0.1117023E+01 -0.17707E+01
-0.1115963E+01 -0.17686E+01
-0.1114903E+01 -0.17665E+01
-0.1113843E+01 -0.17643E+01
-0.1112783E+01 -0.17622E+01
-0.1111722E+01 -0.17601E+01
-0.1110662E+01 -0.17580E+01
-0.1109602E+01 -0.17558E+01
-0.1108542E+01 -0.17537E+01
-0.1107481E+01 -0.17516E+01
-0.1106421E+01 -0.17495E+01
-0.1105361E+01 -0.17473E+01
-0.1104301E+01 -0.17452E+01
-0.1103241E+01 -0.17431E+01
-0.1102180E+01 -0.17410E+01
-0.1101120E+01 -0.17388E+01
-0.1100060E+01 -0.17367E+01
-0.1099000E+01 -0.17346E+01
-0.1097940E+01 -0.17325E+01
-0.1096879E+01 -0.17303E+01
-0.1095819E+01 -0.17282E+01
-0.1094759E+01 -0.17261E+01
-0.1093699E+01 -0.17239E+01
-0.1092638E+01 -0.17218E+01
-0.1091578E+01 -0.17197E+01
-0.1090518E+01 -0.17176E+01
-0.1089458E+01 -0.17154E+01
-0.1088398E+01 -0.17133E+01
-0.1087337E+01 -0.17112E+01
-0.1086277E+01 -0.17090E+01
-0.1085217E+01 -0.17069E+01
-0.1084157E+01 -0.17048E+01
-0.1083097E+01 -0.17027E+01
-0.1082036E+01 -0.17005E+01
-0.1080976E+01 -0.16984E+01
-0.1079916E+01 -0.16963E+01
-0.1078856E+01 -0.16941E+01
-0.1077796E+01 -0.16920E+01
-0.1076735E+01 -0.16899E+01
-0.1075675E+01 -0.16877E+01
-0.1074615E+01 -0.16856E+01
-0.1073555E+01 -0.16835E+01
-0.1072494E+01 -0.16814E+01
-0.1071434E+01 -0.16792E+01
-0.1070374E+01 -0.16771E+01
-0.1069314E+01 -0.16750E+01
-0.1068254E+01 -0.16728E+01
-0.1067193E+01 -0.16707E+01
-0.1066133E+01 -0.16686E+01
-0.1065073E+01 -0.16664E+01
-0.1064013E+01 -0.16643E+01
-0.1062953E+01 -0.16622E+01
-0.1061892E+01 -0.16600E+01
-0.1060832E+01 -0.16579E+01
-0.1059772E+01 -0.16558E+01
-0.1058712E+01 -0.16536E+01
-0.1057652E+01 -0.16515E+01
-0.1056591E+01 -0.16494E+01
-0.1055531E+01 -0.16472E+01
-0.1054471E+01 -0.16451E+01
-0.1053411E+01 -0.16430E+01
-0.1052350E+01 -0.16408E+01
-0.1051290E+01 -0.16387E+01
-0.1050230E+01 -0.16366E+01
-0.1049170E+01 -0.16344E+01
-0.1048110E+01 -0.16323E+01
-0.1047049E+01 -0.16302E+01
-0.1045989E+01 -0.16280E+01
-0.1044929E+01 -0.16259E+01
-0.1043869E+01 -0.16238E+01
-0.1042809E+01 -0.16216E+01
-0.1041748E+01 -0.16195E+01
-0.1040688E+01 -0.16174E+01
-0.1039628E+01 -0.16152E+01
-0.1038568E+01 -0.16131E+01
-0.1037507E+01 -0.16110E+01
-0.1036447E+01 -0.16088E+01
-0.1035387E+01 -0.16067E+01
-0.1034327E+01 -0.16045E+01
-0.1033267E+01 -0.16024E+01
-0.1032206E+01 -0.16003E+01
-0.1031146E+01 -0.15981E+01
-0.1030086E+01 -0.15960E+01
-0.1029026E+01 -0.15939E+01
-0.1027966E+01 -0.15917E+01
-0.1026905E+01 -0.15896E+01
-0.1025845E+01 -0.15874E+01
-0.1024785E+01 -0.15853E+01
-0.1023725E+01 -0.15832E+01
-0.1022665E+01 -0.15810E+01
-0.1021604E+01 -0.15789E+01
-0.1020544E+01 -0.15768E+01
-0.1019484E+01 -0.15746E+01
-0.1018424E+01 -0.15725E+01
-0.1017363E+01 -0.15703E+01
-0.1016303E+01 -0.15682E+01
-0.1015243E+01 -0.15661E+01
-0.1014183E+01 -0.15639E+01
-0.1013123E+01 -0.15618E+01
-0.1012062E+01 -0.15596E+01
-0.1011002E+01 -0.15575E+01
-0.1009942E+01 -0.15554E+01
-0.1008882E+01 -0.15532E+01
-0.1007822E+01 -0.15511E+01
-0.1006761E+01 -0.15489E+01
-0.1005701E+01 -0.15468E+01
-0.1004641E+01 -0.15447E+01
-0.1003581E+01 -0.15425E+01
-0.1002520E+01 -0.15404E+01
-0.1001460E+01 -0.15382E+01
-0.1000400E+01 -0.15361E+01
-0.9993398E+00 -0.15339E+01
-0.9982796E+00 -0.15318E+01
-0.9972194E+00 -0.15297E+01
-0.9961592E+00 -0.15275E+01
-0.9950990E+00 -0.15254E+01
-0.9940388E+00 -0.15232E+01
-0.9929786E+00 -0.15211E+01
-0.9919184E+00 -0.15189E+01
-0.9908581E+00 -0.15168E+01
-0.9897979E+00 -0.15147E+01
-0.9887377E+00 -0.15125E+01
-0.9876775E+00 -0.15104E+01
-0.9866173E+00 -0.15082E+01
-0.9855571E+00 -0.15061E+01
-0.9844969E+00 -0.15039E+01
-0.9834367E+00 -0.15018E+01
-0.9823764E+00 -0.14996E+01
-0.9813162E+00 -0.14975E+01
-0.9802560E+00 -0.14954E+01
-0.9791958E+00 -0.14932E+01
-0.9781356E+00 -0.14911E+01
-0.9770754E+00 -0.14889E+01
-0.9760152E+00 -0.14868E+01
-0.9749550E+00 -0.14846E+01
-0.9738948E+00 -0.14825E+01
-0.9728345E+00 -0.14803E+01
-0.9717743E+00 -0.14782E+01
-0.9707141E+00 -0.14760E+01
-0.9696539E+00 -0.14739E+01
-0.9685937E+00 -0.14717E+01
-0.9675335E+00 -0.14696E+01
-0.9664733E+00 -0.14674E+01
-0.9654131E+00 -0.14653E+01
-0.9643528E+00 -0.14631E+01
-0.9632926E+00 -0.14610E+01
-0.9622324E+00 -0.14588E+01
-0.9611722E+00 -0.14567E+01
-0.9601120E+00 -0.14546E+01
-0.9590518E+00 -0.14524E+01
-0.9579916E+00 -0.14503E+01
-0.9569314E+00 -0.14481E+01
-0.9558711E+00 -0.14459E+01
-0.9548109E+00 -0.14438E+01
-0.9537507E+00 -0.14416E+01
-0.9526905E+00 -0.14395E+01
-0.9516303E+00 -0.14373E+01
-0.9505701E+00 -0.14352E+01
-0.9495099E+00 -0.14330E+01
-0.9484497E+00 -0.14309E+01
-0.9473895E+00 -0.14287E+01
-0.9463292E+00 -0.14266E+01
-0.9452690E+00 -0.14244E+01
-0.9442088E+00 -0.14223E+01
-0.9431486E+00 -0.14201E+01
-0.9420884E+00 -0.14180E+01
-0.9410282E+00 -0.14158E+01
-0.9399680E+00 -0.14137E+01
-0.9389078E+00 -0.14115E+01
-0.9378475E+00 -0.14094E+01
-0.9367873E+00 -0.14072E+01
-0.9357271E+00 -0.14050E+01
-0.9346669E+00 -0.14029E+01
-0.9336067E+00 -0.14007E+01
-0.9325465E+00 -0.13986E+01
-0.9314863E+00 -0.13964E+01
-0.9304261E+00 -0.13943E+01
-0.9293658E+00 -0.13921E+01
-0.9283056E+00 -0.13900E+01
-0.9272454E+00 -0.13878E+01
-0.9261852E+00 -0.13856E+01
-0.9251250E+00 -0.13835E+01
-0.9240648E+00 -0.13813E+01
-0.9230046E+00 -0.13792E+01
-0.9219444E+00 -0.13770E+01
-0.9208842E+00 -0.13749E+01
-0.9198239E+00 -0.13727E+01
-0.9187637E+00 -0.13705E+01
-0.9177035E+00 -0.13684E+01
-0.9166433E+00 -0.13662E+01
-0.9155831E+00 -0.13641E+01
-0.9145229E+00 -0.13619E+01
-0.9134627E+00 -0.13597E+01
-0.9124025E+00 -0.13576E+01
-0.9113422E+00 -0.13554E+01
-0.9102820E+00 -0.13533E+01
-0.9092218E+00 -0.13511E+01
-0.9081616E+00 -0.13489E+01
-0.9071014E+00 -0.13468E+01
-0.9060412E+00 -0.13446E+01
-0.9049810E+00 -0.13425E+01
-0.9039208E+00 -0.13403E+01
-0.9028605E+00 -0.13381E+01
-0.9018003E+00 -0.13360E+01
-0.9007401E+00 -0.13338E+01
-0.8996799E+00 -0.13316E+01
-0.8986197E+00 -0.13295E+01
-0.8975595E+00 -0.13273E+01
-0.8964993E+00 -0.13252E+01
-0.8954391E+00 -0.13230E+01
-0.8943788E+00 -0.13208E+01
-0.8933186E+00 -0.13187E+01
-0.8922584E+00 -0.13165E+01
-0.8911982E+00 -0.13143E+01
-0.8901380E+00 -0.13122E+01
-0.8890778E+00 -0.13100E+01
-0.8880176E+00 -0.13078E+01
-0.8869574E+00 -0.13057E+01
-0.8858972E+00 -0.13035E+01
-0.8848369E+00 -0.13013E+01
-0.8837767E+00 -0.12992E+01
-0.8827165E+00 -0.12970E+01
-0.8816563E+00 -0.12948E+01
-0.8805961E+00 -0.12927E+01
-0.8795359E+00 -0.12905E+01
-0.8784757E+00 -0.12883E+01
-0.8774155E+00 -0.12862E+01
-0.8763552E+00 -0.12840E+01
-0.8752950E+00 -0.12818E+01
-0.8742348E+00 -0.12797E+01
-0.8731746E+00 -0.12775E+01
-0.8721144E+00 -0.12753E+01
-0.8710542E+00 -0.12732E+01
-0.8699940E+00 -0.12710E+01
-0.8689338E+00 -0.12688E+01
-0.8678735E+00 -0.12667E+01
-0.8668133E+00 -0.12645E+01
-0.8657531E+00 -0.12623E+01
-0.8646929E+00 -0.12601E+01
-0.8636327E+00 -0.12580E+01
-0.8625725E+00 -0.12558E+01
-0.8615123E+00 -0.12536E+01
-0.8604521E+00 -0.12515E+01
-0.8593919E+00 -0.12493E+01
-0.8583316E+00 -0.12471E+01
-0.8572714E+00 -0.12449E+01
-0.8562112E+00 -0.12428E+01
-0.8551510E+00 -0.12406E+01
-0.8540908E+00 -0.12384E+01
-0.8530306E+00 -0.12363E+01
-0.8519704E+00 -0.12341E+01
-0.8509102E+00 -0.12319E+01
-0.8498499E+00 -0.12297E+01
-0.8487897E+00 -0.12276E+01
-0.8477295E+00 -0.12254E+01
-0.8466693E+00 -0.12232E+01
-0.8456091E+00 -0.12210E+01
-0.8445489E+00 -0.12189E+01
-0.8434887E+00 -0.12167E+01
-0.8424285E+00 -0.12145E+01
-0.8413682E+00 -0.12123E+01
-0.8403080E+00 -0.12102E+01
-0.8392478E+00 -0.12080E+01
-0.8381876E+00 -0.12058E+01
-0.8371274E+00 -0.12036E+01
-0.8360672E+00 -0.12014E+01
-0.8350070E+00 -0.11993E+01
-0.8339468E+00 -0.11971E+01
-0.8328866E+00 -0.11949E+01
-0.8318263E+00 -0.11927E+01
-0.8307661E+00 -0.11906E+01
-0.8297059E+00 -0.11884E+01
-0.8286457E+00 -0.11862E+01
-0.8275855E+00 -0.11840E+01
-0.8265253E+00 -0.11818E+01
-0.8254651E+00 -0.11797E+01
-0.8244049E+00 -0.11775E+01
-0.8233446E+00 -0.11753E+01
-0.8222844E+00 -0.11731E+01
-0.8212242E+00 -0.11709E+01
-0.8201640E+00 -0.11688E+01
-0.8191038E+00 -0.11666E+01
-0.8180436E+00 -0.11644E+01
-0.8169834E+00 -0.11622E+01
-0.8159232E+00 -0.11600E+01
-0.8148629E+00 -0.11579E+01
-0.8138027E+00 -0.11557E+01
-0.8127425E+00 -0.11535E+01
-0.8116823E+00 -0.11513E+01
-0.8106221E+00 -0.11491E+01
-0.8095619E+00 -0.11469E+01
-0.8085017E+00 -0.11448E+01
-0.8074415E+00 -0.11426E+01
-0.8063813E+00 -0.11404E+01
-0.8053210E+00 -0.11382E+01
-0.8042608E+00 -0.11360E+01
-0.8032006E+00 -0.11338E+01
-0.8021404E+00 -0.11317E+01
-0.8010802E+00 -0.11295E+01
-0.8000200E+00 -0.11273E+01
-0.7989598E+00 -0.11251E+01
-0.7978996E+00 -0.11229E+01
-0.7968393E+00 -0.11207E+01
-0.7957791E+00 -0.11186E+01
-0.7947189E+00 -0.11164E+01
-0.7936587E+00 -0.11142E+01
-0.7925985E+00 -0.11120E+01
-0.7915383E+00 -0.11098E+01
-0.7904781E+00 -0.11076E+01
-0.7894179E+00 -0.11054E+01
-0.7883576E+00 -0.11033E+01
-0.7872974E+00 -0.11011E+01
-0.7862372E+00 -0.10989E+01
-0.7851770E+00 -0.10967E+01
-0.7841168E+00 -0.10945E+01
-0.7830566E+00 -0.10923E+01
-0.7819964E+00 -0.10901E+01
-0.7809362E+00 -0.10879E+01
-0.7798760E+00 -0.10858E+01
-0.7788157E+00 -0.10836E+01
-0.7777555E+00 -0.10814E+01
-0.7766953E+00 -0.10792E+01
-0.7756351E+00 -0.10770E+01
-0.7745749E+00 -0.10748E+01
-0.7735147E+00 -0.10726E+01
-0.7724545E+00 -0.10704E+01
-0.7713943E+00 -0.10683E+01
-0.7703340E+00 -0.10661E+01
-0.7692738E+00 -0.10639E+01
-0.7682136E+00 -0.10617E+01
-0.7671534E+00 -0.10595E+01
-0.7660932E+00 -0.10573E+01
-0.7650330E+00 -0.10551E+01
-0.7639728E+00 -0.10529E+01
-0.7629126E+00 -0.10507E+01
-0.7618523E+00 -0.10486E+01
-0.7607921E+00 -0.10464E+01
-0.7597319E+00 -0.10442E+01
-0.7586717E+00 -0.10420E+01
-0.7576115E+00 -0.10398E+01
-0.7565513E+00 -0.10376E+01
-0.7554911E+00 -0.10354E+01
-0.7544309E+00 -0.10332E+01
-0.7533706E+00 -0.10310E+01
-0.7523104E+00 -0.10288E+01
-0.7512502E+00 -0.10266E+01
-0.7501900E+00 -0.10245E+01
-0.7491298E+00 -0.10223E+01
-0.7480696E+00 -0.10201E+01
-0.7470094E+00 -0.10179E+01
-0.7459492E+00 -0.10157E+01
-0.7448890E+00 -0.10135E+01
-0.7438287E+00 -0.10113E+01
-0.7427685E+00 -0.10091E+01
-0.7417083E+00 -0.10069E+01
-0.7406481E+00 -0.10047E+01
-0.7395879E+00 -0.10026E+01
-0.7385277E+00 -0.10004E+01
-0.7374675E+00 -0.99817E+00
-0.7364073E+00 -0.99598E+00
-0.7353470E+00 -0.99379E+00
-0.7342868E+00 -0.99160E+00
-0.7332266E+00 -0.98941E+00
-0.7321664E+00 -0.98721E+00
-0.7311062E+00 -0.98502E+00
-0.7300460E+00 -0.98283E+00
-0.7289858E+00 -0.98064E+00
-0.7279256E+00 -0.97845E+00
-0.7268653E+00 -0.97626E+00
-0.7258051E+00 -0.97407E+00
-0.7247449E+00 -0.97188E+00
-0.7236847E+00 -0.96969E+00
-0.7226245E+00 -0.96750E+00
-0.7215643E+00 -0.96531E+00
-0.7205041E+00 -0.96312E+00
-0.7194439E+00 -0.96093E+00
-0.7183837E+00 -0.95874E+00
-0.7173234E+00 -0.95655E+00
-0.7162632E+00 -0.95436E+00
-0.7152030E+00 -0.95217E+00
-0.7141428E+00 -0.94998E+00
-0.7130826E+00 -0.94779E+00
-0.7120224E+00 -0.94560E+00
-0.7109622E+00 -0.94341E+00
-0.7099020E+00 -0.94122E+00
-0.7088417E+00 -0.93903E+00
-0.7077815E+00 -0.93685E+00
-0.7067213E+00 -0.93466E+00
-0.7056611E+00 -0.93247E+00
-0.7046009E+00 -0.93028E+00
-0.7035407E+00 -0.92809E+00
-0.7024805E+00 -0.92591E+00
-0.7014203E+00 -0.92372E+00
-0.7003600E+00 -0.92153E+00
-0.6992998E+00 -0.91934E+00
-0.6982396E+00 -0.91716E+00
-0.6971794E+00 -0.91497E+00
-0.6961192E+00 -0.91278E+00
-0.6950590E+00 -0.91060E+00
-0.6939988E+00 -0.90841E+00
-0.6929386E+00 -0.90623E+00
-0.6918784E+00 -0.90404E+00
-0.6908181E+00 -0.90186E+00
-0.6897579E+00 -0.89967E+00
-0.6886977E+00 -0.89749E+00
-0.6876375E+00 -0.89531E+00
-0.6865773E+00 -0.89312E+00
-0.6855171E+00 -0.89094E+00
-0.6844569E+00 -0.88876E+00
-0.6833967E+00 -0.88657E+00
-0.6823364E+00 -0.88439E+00
-0.6812762E+00 -0.88221E+00
-0.6802160E+00 -0.88003E+00
-0.6791558E+00 -0.87785E+00
-0.6780956E+00 -0.87567E+00
-0.6770354E+00 -0.87349E+00
-0.6759752E+00 -0.87131E+00
-0.6749150E+00 -0.86913E+00
-0.6738547E+00 -0.86695E+00
-0.6727945E+00 -0.86477E+00
-0.6717343E+00 -0.86260E+00
-0.6706741E+00 -0.86042E+00
-0.6696139E+00 -0.85824E+00
-0.6685537E+00 -0.85607E+00
-0.6674935E+00 -0.85389E+00
-0.6664333E+00 -0.85172E+00
-0.6653731E+00 -0.84954E+00
-0.6643128E+00 -0.84737E+00
-0.6632526E+00 -0.84520E+00
-0.6621924E+00 -0.84303E+00
-0.6611322E+00 -0.84085E+00
-0.6600720E+00 -0.83868E+00
-0.6590118E+00 -0.83651E+00
-0.6579516E+00 -0.83434E+00
-0.6568914E+00 -0.83217E+00
-0.6558311E+00 -0.83001E+00
-0.6547709E+00 -0.82784E+00
-0.6537107E+00 -0.82567E+00
-0.6526505E+00 -0.82351E+00
-0.6515903E+00 -0.82134E+00
-0.6505301E+00 -0.81918E+00
-0.6494699E+00 -0.81701E+00
-0.6484097E+00 -0.81485E+00
-0.6473494E+00 -0.81269E+00
-0.6462892E+00 -0.81053E+00
-0.6452290E+00 -0.80837E+00
-0.6441688E+00 -0.80621E+00
-0.6431086E+00 -0.80405E+00
-0.6420484E+00 -0.80189E+00
-0.6409882E+00 -0.79974E+00
-0.6399280E+00 -0.79758E+00
-0.6388677E+00 -0.79543E+00
-0.6378075E+00 -0.79328E+00
-0.6367473E+00 -0.79112E+00
-0.6356871E+00 -0.78897E+00
-0.6346269E+00 -0.78682E+00
-0.6335667E+00 -0.78467E+00
-0.6325065E+00 -0.78252E+00
-0.6314463E+00 -0.78038E+00
-0.6303861E+00 -0.77823E+00
-0.6293258E+00 -0.77609E+00
-0.6282656E+00 -0.77395E+00
-0.6272054E+00 -0.77180E+00
-0.6261452E+00 -0.76966E+00
-0.6250850E+00 -0.76752E+00
-0.6240248E+00 -0.76539E+00
-0.6229646E+00 -0.76325E+00
-0.6219044E+00 -0.76111E+00
-0.6208441E+00 -0.75898E+00
-0.6197839E+00 -0.75685E+00
-0.6187237E+00 -0.75472E+00
-0.6176635E+00 -0.75259E+00
-0.6166033E+00 -0.75046E+00
-0.6155431E+00 -0.74833E+00
-0.6144829E+00 -0.74621E+00
-0.6134227E+00 -0.74408E+00
-0.6123624E+00 -0.74196E+00
-0.6113022E+00 -0.73984E+00
-0.6102420E+00 -0.73772E+00
-0.6091818E+00 -0.73560E+00
-0.6081216E+00 -0.73349E+00
-0.6070614E+00 -0.73138E+00
-0.6060012E+00 -0.72926E+00
-0.6049410E+00 -0.72715E+00
-0.6038808E+00 -0.72505E+00
-0.6028205E+00 -0.72294E+00
-0.6017603E+00 -0.72084E+00
-0.6007001E+00 -0.71873E+00
-0.5996399E+00 -0.71663E+00
-0.5985797E+00 -0.71453E+00
-0.5975195E+00 -0.71244E+00
-0.5964593E+00 -0.71034E+00
-0.5953991E+00 -0.70825E+00
-0.5943388E+00 -0.70616E+00
-0.5932786E+00 -0.70407E+00
-0.5922184E+00 -0.70199E+00
-0.5911582E+00 -0.69991E+00
-0.5900980E+00 -0.69782E+00
-0.5890378E+00 -0.69575E+00
-0.5879776E+00 -0.69367E+00
-0.5869174E+00 -0.69160E+00
-0.5858571E+00 -0.68953E+00
-0.5847969E+00 -0.68746E+00
-0.5837367E+00 -0.68539E+00
-0.5826765E+00 -0.68333E+00
-0.5816163E+00 -0.68127E+00
-0.5805561E+00 -0.67921E+00
-0.5794959E+00 -0.67715E+00
-0.5784357E+00 -0.67510E+00
-0.5773755E+00 -0.67305E+00
-0.5763152E+00 -0.67100E+00
-0.5752550E+00 -0.66896E+00
-0.5741948E+00 -0.66692E+00
-0.5731346E+00 -0.66488E+00
-0.5720744E+00 -0.66285E+00
-0.5710142E+00 -0.66081E+00
-0.5699540E+00 -0.65879E+00
-0.5688938E+00 -0.65676E+00
-0.5678335E+00 -0.65474E+00
-0.5667733E+00 -0.65272E+00
-0.5657131E+00 -0.65070E+00
-0.5646529E+00 -0.64869E+00
-0.5635927E+00 -0.64669E+00
-0.5625325E+00 -0.64468E+00
-0.5614723E+00 -0.64268E+00
-0.5604121E+00 -0.64068E+00
-0.5593518E+00 -0.63869E+00
-0.5582916E+00 -0.63670E+00
-0.5572314E+00 -0.63472E+00
-0.5561712E+00 -0.63273E+00
-0.5551110E+00 -0.63076E+00
-0.5540508E+00 -0.62878E+00
-0.5529906E+00 -0.62681E+00
-0.5519304E+00 -0.62485E+00
-0.5508702E+00 -0.62289E+00
-0.5498099E+00 -0.62093E+00
-0.5487497E+00 -0.61898E+00
-0.5476895E+00 -0.61704E+00
-0.5466293E+00 -0.61509E+00
-0.5455691E+00 -0.61316E+00
-0.5445089E+00 -0.61122E+00
-0.5434487E+00 -0.60930E+00
-0.5423885E+00 -0.60737E+00
-0.5413282E+00 -0.60546E+00
-0.5402680E+00 -0.60354E+00
-0.5392078E+00 -0.60164E+00
-0.5381476E+00 -0.59974E+00
-0.5370874E+00 -0.59784E+00
-0.5360272E+00 -0.59595E+00
-0.5349670E+00 -0.59407E+00
-0.5339068E+00 -0.59219E+00
-0.5328465E+00 -0.59031E+00
-0.5317863E+00 -0.58845E+00
-0.5307261E+00 -0.58659E+00
-0.5296659E+00 -0.58473E+00
-0.5286057E+00 -0.58288E+00
-0.5275455E+00 -0.58104E+00
-0.5264853E+00 -0.57921E+00
-0.5254251E+00 -0.57738E+00
-0.5243649E+00 -0.57556E+00
-0.5233046E+00 -0.57374E+00
-0.5222444E+00 -0.57193E+00
-0.5211842E+00 -0.57013E+00
-0.5201240E+00 -0.56834E+00
-0.5190638E+00 -0.56655E+00
-0.5180036E+00 -0.56477E+00
-0.5169434E+00 -0.56300E+00
-0.5158832E+00 -0.56124E+00
-0.5148229E+00 -0.55949E+00
-0.5137627E+00 -0.55774E+00
-0.5127025E+00 -0.55600E+00
-0.5116423E+00 -0.55427E+00
-0.5105821E+00 -0.55255E+00
-0.5095219E+00 -0.55084E+00
-0.5084617E+00 -0.54914E+00
-0.5074015E+00 -0.54744E+00
-0.5063412E+00 -0.54576E+00
-0.5052810E+00 -0.54408E+00
-0.5042208E+00 -0.54242E+00
-0.5031606E+00 -0.54076E+00
-0.5021004E+00 -0.53912E+00
-0.5010402E+00 -0.53748E+00
-0.4999800E+00 -0.53586E+00
-0.4989198E+00 -0.53424E+00
-0.4978595E+00 -0.53264E+00
-0.4967993E+00 -0.53105E+00
-0.4957391E+00 -0.52947E+00
-0.4946789E+00 -0.52790E+00
-0.4936187E+00 -0.52634E+00
-0.4925585E+00 -0.52480E+00
-0.4914983E+00 -0.52327E+00
-0.4904381E+00 -0.52175E+00
-0.4893779E+00 -0.52024E+00
-0.4883176E+00 -0.51875E+00
-0.4872574E+00 -0.51727E+00
-0.4861972E+00 -0.51580E+00
-0.4851370E+00 -0.51435E+00
-0.4840768E+00 -0.51292E+00
-0.4830166E+00 -0.51149E+00
-0.4819564E+00 -0.51009E+00
-0.4808962E+00 -0.50869E+00
-0.4798359E+00 -0.50732E+00
-0.4787757E+00 -0.50596E+00
-0.4777155E+00 -0.50461E+00
-0.4766553E+00 -0.50329E+00
-0.4755951E+00 -0.50198E+00
-0.4745349E+00 -0.50068E+00
-0.4734747E+00 -0.49941E+00
-0.4724145E+00 -0.49815E+00
-0.4713542E+00 -0.49692E+00
-0.4702940E+00 -0.49570E+00
-0.4692338E+00 -0.49450E+00
-0.4681736E+00 -0.49332E+00
-0.4671134E+00 -0.49217E+00
-0.4660532E+00 -0.49103E+00
-0.4649930E+00 -0.48992E+00
-0.4639328E+00 -0.48883E+00
-0.4628726E+00 -0.48776E+00
-0.4618123E+00 -0.48672E+00
-0.4607521E+00 -0.48570E+00
-0.4596919E+00 -0.48470E+00
-0.4586317E+00 -0.48373E+00
-0.4575715E+00 -0.48279E+00
-0.4565113E+00 -0.48187E+00
-0.4554511E+00 -0.48098E+00
-0.4543909E+00 -0.48012E+00
-0.4533306E+00 -0.47929E+00
-0.4522704E+00 -0.47849E+00
-0.4512102E+00 -0.47772E+00
-0.4501500E+00 -0.47698E+00
-0.4490898E+00 -0.47627E+00
-0.4480296E+00 -0.47560E+00
-0.4469694E+00 -0.47496E+00
-0.4459092E+00 -0.47436E+00
-0.4448489E+00 -0.47380E+00
-0.4437887E+00 -0.47327E+00
-0.4427285E+00 -0.47278E+00
-0.4416683E+00 -0.47234E+00
-0.4406081E+00 -0.47193E+00
-0.4395479E+00 -0.47157E+00
-0.4384877E+00 -0.47125E+00
-0.4374275E+00 -0.47098E+00
-0.4363673E+00 -0.47076E+00
-0.4353070E+00 -0.47058E+00
-0.4342468E+00 -0.47046E+00
-0.4331866E+00 -0.47039E+00
-0.4321264E+00 -0.47038E+00
-0.4310662E+00 -0.47042E+00
-0.4300060E+00 -0.47052E+00
-0.4289458E+00 -0.47068E+00
-0.4278856E+00 -0.47091E+00
-0.4268253E+00 -0.47120E+00
-0.4257651E+00 -0.47156E+00
-0.4247049E+00 -0.47200E+00
-0.4236447E+00 -0.47250E+00
-0.4225845E+00 -0.47309E+00
-0.4215243E+00 -0.47376E+00
-0.4204641E+00 -0.47451E+00
-0.4194039E+00 -0.47536E+00
-0.4183436E+00 -0.47629E+00
-0.4172834E+00 -0.47733E+00
-0.4162232E+00 -0.47846E+00
-0.4151630E+00 -0.47971E+00
-0.4141028E+00 -0.48107E+00
-0.4130426E+00 -0.48254E+00
-0.4119824E+00 -0.48415E+00
-0.4109222E+00 -0.48588E+00
-0.4098620E+00 -0.48776E+00
-0.4088017E+00 -0.48979E+00
-0.4077415E+00 -0.49197E+00
-0.4066813E+00 -0.49432E+00
-0.4056211E+00 -0.49685E+00
-0.4045609E+00 -0.49957E+00
-0.4035007E+00 -0.50249E+00
-0.4024405E+00 -0.50563E+00
-0.4013803E+00 -0.50901E+00
-0.4003200E+00 -0.51264E+00
-0.3992598E+00 -0.51654E+00
-0.3981996E+00 -0.52073E+00
-0.3971394E+00 -0.52525E+00
-0.3960792E+00 -0.53012E+00
-0.3950190E+00 -0.53537E+00
-0.3939588E+00 -0.54104E+00
-0.3928986E+00 -0.54718E+00
-0.3918383E+00 -0.55385E+00
-0.3907781E+00 -0.56110E+00
-0.3897179E+00 -0.56900E+00
-0.3886577E+00 -0.57765E+00
-0.3875975E+00 -0.58717E+00
-0.3865373E+00 -0.59768E+00
-0.3854771E+00 -0.60936E+00
-0.3844169E+00 -0.62245E+00
-0.3833566E+00 -0.63723E+00
-0.3822964E+00 -0.65414E+00
-0.3812362E+00 -0.67376E+00
-0.3801760E+00 -0.69702E+00
-0.3791158E+00 -0.72538E+00
-0.3780556E+00 -0.76159E+00
-0.3769954E+00 -0.81163E+00
-0.3759352E+00 -0.89505E+00
-0.3748750E+00 -0.11026E+01
-0.3738147E+00 -0.11002E+01
-0.3727545E+00 -0.10978E+01
-0.3716943E+00 -0.10954E+01
-0.3706341E+00 -0.10930E+01
-0.3695739E+00 -0.10906E+01
-0.3685137E+00 -0.10881E+01
-0.3674535E+00 -0.10857E+01
-0.3663933E+00 -0.10833E+01
-0.3653330E+00 -0.10809E+01
-0.3642728E+00 -0.10785E+01
-0.3632126E+00 -0.10761E+01
-0.3621524E+00 -0.10737E+01
-0.3610922E+00 -0.10713E+01
-0.3600320E+00 -0.10689E+01
-0.3589718E+00 -0.10665E+01
-0.3579116E+00 -0.10641E+01
-0.3568513E+00 -0.10617E+01
-0.3557911E+00 -0.10593E+01
-0.3547309E+00 -0.10569E+01
-0.3536707E+00 -0.10545E+01
-0.3526105E+00 -0.10521E+01
-0.3515503E+00 -0.10497E+01
-0.3504901E+00 -0.10473E+01
-0.3494299E+00 -0.10449E+01
-0.3483697E+00 -0.10425E+01
-0.3473094E+00 -0.10401E+01
-0.3462492E+00 -0.10377E+01
-0.3451890E+00 -0.10353E+01
-0.3441288E+00 -0.10330E+01
-0.3430686E+00 -0.10306E+01
-0.3420084E+00 -0.10282E+01
-0.3409482E+00 -0.10258E+01
-0.3398880E+00 -0.10234E+01
-0.3388277E+00 -0.10210E+01
-0.3377675E+00 -0.10186E+01
-0.3367073E+00 -0.10162E+01
-0.3356471E+00 -0.10138E+01
-0.3345869E+00 -0.10114E+01
-0.3335267E+00 -0.10090E+01
-0.3324665E+00 -0.10066E+01
-0.3314063E+00 -0.10042E+01
-0.3303460E+00 -0.10018E+01
-0.3292858E+00 -0.99943E+00
-0.3282256E+00 -0.99704E+00
-0.3271654E+00 -0.99465E+00
-0.3261052E+00 -0.99225E+00
-0.3250450E+00 -0.98986E+00
-0.3239848E+00 -0.98747E+00
-0.3229246E+00 -0.98508E+00
-0.3218644E+00 -0.98268E+00
-0.3208041E+00 -0.98029E+00
-0.3197439E+00 -0.97790E+00
-0.3186837E+00 -0.97551E+00
-0.3176235E+00 -0.97311E+00
-0.3165633E+00 -0.97072E+00
-0.3155031E+00 -0.96833E+00
-0.3144429E+00 -0.96594E+00
-0.3133827E+00 -0.96354E+00
-0.3123224E+00 -0.96115E+00
-0.3112622E+00 -0.95876E+00
-0.3102020E+00 -0.95636E+00
-0.3091418E+00 -0.95397E+00
-0.3080816E+00 -0.95157E+00
-0.3070214E+00 -0.94918E+00
-0.3059612E+00 -0.94679E+00
-0.3049010E+00 -0.94439E+00
-0.3038407E+00 -0.94200E+00
-0.3027805E+00 -0.93960E+00
-0.3017203E+00 -0.93721E+00
-0.3006601E+00 -0.93481E+00
-0.2995999E+00 -0.93242E+00
-0.2985397E+00 -0.93002E+00
-0.2974795E+00 -0.92762E+00
-0.2964193E+00 -0.92523E+00
-0.2953591E+00 -0.92283E+00
-0.2942988E+00 -0.92043E+00
-0.2932386E+00 -0.91803E+00
-0.2921784E+00 -0.91564E+00
-0.2911182E+00 -0.91324E+00
-0.2900580E+00 -0.91084E+00
-0.2889978E+00 -0.90844E+00
-0.2879376E+00 -0.90604E+00
-0.2868774E+00 -0.90364E+00
-0.2858171E+00 -0.90123E+00
-0.2847569E+00 -0.89883E+00
-0.2836967E+00 -0.89643E+00
-0.2826365E+00 -0.89403E+00
-0.2815763E+00 -0.89162E+00
-0.2805161E+00 -0.88922E+00
-0.2794559E+00 -0.88681E+00
-0.2783957E+00 -0.88441E+00
-0.2773354E+00 -0.88200E+00
-0.2762752E+00 -0.87959E+00
-0.2752150E+00 -0.87719E+00
-0.2741548E+00 -0.87478E+00
-0.2730946E+00 -0.87237E+00
-0.2720344E+00 -0.86996E+00
-0.2709742E+00 -0.86755E+00
-0.2699140E+00 -0.86514E+00
-0.2688538E+00 -0.86272E+00
-0.2677935E+00 -0.86031E+00
-0.2667333E+00 -0.85790E+00
-0.2656731E+00 -0.85548E+00
-0.2646129E+00 -0.85306E+00
-0.2635527E+00 -0.85065E+00
-0.2624925E+00 -0.84823E+00
-0.2614323E+00 -0.84581E+00
-0.2603721E+00 -0.84339E+00
-0.2593118E+00 -0.84097E+00
-0.2582516E+00 -0.83855E+00
-0.2571914E+00 -0.83612E+00
-0.2561312E+00 -0.83370E+00
-0.2550710E+00 -0.83127E+00
-0.2540108E+00 -0.82885E+00
-0.2529506E+00 -0.82642E+00
-0.2518904E+00 -0.82399E+00
-0.2508301E+00 -0.82156E+00
-0.2497699E+00 -0.81913E+00
-0.2487097E+00 -0.81670E+00
-0.2476495E+00 -0.81426E+00
-0.2465893E+00 -0.81183E+00
-0.2455291E+00 -0.80939E+00
-0.2444689E+00 -0.80696E+00
-0.2434087E+00 -0.80452E+00
-0.2423484E+00 -0.80208E+00
-0.2412882E+00 -0.79964E+00
-0.2402280E+00 -0.79719E+00
-0.2391678E+00 -0.79475E+00
-0.2381076E+00 -0.79230E+00
-0.2370474E+00 -0.78986E+00
-0.2359872E+00 -0.78741E+00
-0.2349270E+00 -0.78496E+00
-0.2338668E+00 -0.78251E+00
-0.2328065E+00 -0.78005E+00
-0.2317463E+00 -0.77760E+00
-0.2306861E+00 -0.77514E+00
-0.2296259E+00 -0.77268E+00
-0.2285657E+00 -0.77023E+00
-0.2275055E+00 -0.76776E+00
-0.2264453E+00 -0.76530E+00
-0.2253851E+00 -0.76284E+00
-0.2243248E+00 -0.76037E+00
-0.2232646E+00 -0.75790E+00
-0.2222044E+00 -0.75543E+00
-0.2211442E+00 -0.75296E+00
-0.2200840E+00 -0.75049E+00
-0.2190238E+00 -0.74801E+00
-0.2179636E+00 -0.74554E+00
-0.2169034E+00 -0.74306E+00
-0.2158431E+00 -0.74058E+00
-0.2147829E+00 -0.73810E+00
-0.2137227E+00 -0.73561E+00
-0.2126625E+00 -0.73313E+00
-0.2116023E+00 -0.73064E+00
-0.2105421E+00 -0.72815E+00
-0.2094819E+00 -0.72565E+00
-0.2084217E+00 -0.72316E+00
-0.2073615E+00 -0.72066E+00
-0.2063012E+00 -0.71817E+00
-0.2052410E+00 -0.71567E+00
-0.2041808E+00 -0.71316E+00
-0.2031206E+00 -0.71066E+00
-0.2020604E+00 -0.70815E+00
-0.2010002E+00 -0.70564E+00
-0.1999400E+00 -0.70313E+00
-0.1988798E+00 -0.70062E+00
-0.1978195E+00 -0.69810E+00
-0.1967593E+00 -0.69559E+00
-0.1956991E+00 -0.69307E+00
-0.1946389E+00 -0.69054E+00
-0.1935787E+00 -0.68802E+00
-0.1925185E+00 -0.68549E+00
-0.1914583E+00 -0.68296E+00
-0.1903981E+00 -0.68043E+00
-0.1893378E+00 -0.67790E+00
-0.1882776E+00 -0.67536E+00
-0.1872174E+00 -0.67282E+00
-0.1861572E+00 -0.67028E+00
-0.1850970E+00 -0.66774E+00
-0.1840368E+00 -0.66519E+00
-0.1829766E+00 -0.66264E+00
-0.1819164E+00 -0.66009E+00
-0.1808562E+00 -0.65754E+00
-0.1797959E+00 -0.65498E+00
-0.1787357E+00 -0.65242E+00
-0.1776755E+00 -0.64986E+00
-0.1766153E+00 -0.64730E+00
-0.1755551E+00 -0.64473E+00
-0.1744949E+00 -0.64216E+00
-0.1734347E+00 -0.63959E+00
-0.1723745E+00 -0.63702E+00
-0.1713142E+00 -0.63444E+00
-0.1702540E+00 -0.63186E+00
-0.1691938E+00 -0.62928E+00
-0.1681336E+00 -0.62669E+00
-0.1670734E+00 -0.62411E+00
-0.1660132E+00 -0.62152E+00
-0.1649530E+00 -0.61892E+00
-0.1638928E+00 -0.61633E+00
-0.1628325E+00 -0.61373E+00
-0.1617723E+00 -0.61113E+00
-0.1607121E+00 -0.60852E+00
-0.1596519E+00 -0.60591E+00
-0.1585917E+00 -0.60330E+00
-0.1575315E+00 -0.60069E+00
-0.1564713E+00 -0.59808E+00
-0.1554111E+00 -0.59546E+00
-0.1543509E+00 -0.59284E+00
-0.1532906E+00 -0.59021E+00
-0.1522304E+00 -0.58758E+00
-0.1511702E+00 -0.58495E+00
-0.1501100E+00 -0.58232E+00
-0.1490498E+00 -0.57969E+00
-0.1479896E+00 -0.57705E+00
-0.1469294E+00 -0.57440E+00
-0.1458692E+00 -0.57176E+00
-0.1448089E+00 -0.56911E+00
-0.1437487E+00 -0.56646E+00
-0.1426885E+00 -0.56381E+00
-0.1416283E+00 -0.56115E+00
-0.1405681E+00 -0.55849E+00
-0.1395079E+00 -0.55583E+00
-0.1384477E+00 -0.55316E+00
-0.1373875E+00 -0.55049E+00
-0.1363272E+00 -0.54782E+00
-0.1352670E+00 -0.54515E+00
-0.1342068E+00 -0.54247E+00
-0.1331466E+00 -0.53979E+00
-0.1320864E+00 -0.53710E+00
-0.1310262E+00 -0.53442E+00
-0.1299660E+00 -0.53173E+00
-0.1289058E+00 -0.52903E+00
-0.1278455E+00 -0.52634E+00
-0.1267853E+00 -0.52364E+00
-0.1257251E+00 -0.52093E+00
-0.1246649E+00 -0.51823E+00
-0.1236047E+00 -0.51552E+00
-0.1225445E+00 -0.51281E+00
-0.1214843E+00 -0.51010E+00
-0.1204241E+00 -0.50738E+00
-0.1193639E+00 -0.50466E+00
-0.1183036E+00 -0.50193E+00
-0.1172434E+00 -0.49921E+00
-0.1161832E+00 -0.49648E+00
-0.1151230E+00 -0.49374E+00
-0.1140628E+00 -0.49101E+00
-0.1130026E+00 -0.48827E+00
-0.1119424E+00 -0.48553E+00
-0.1108822E+00 -0.48278E+00
-0.1098219E+00 -0.48004E+00
-0.1087617E+00 -0.47729E+00
-0.1077015E+00 -0.47453E+00
-0.1066413E+00 -0.47178E+00
-0.1055811E+00 -0.46902E+00
-0.1045209E+00 -0.46625E+00
-0.1034607E+00 -0.46349E+00
-0.1024005E+00 -0.46072E+00
-0.1013402E+00 -0.45795E+00
-0.1002800E+00 -0.45518E+00
-0.9921983E-01 -0.45240E+00
-0.9815961E-01 -0.44962E+00
-0.9709940E-01 -0.44684E+00
-0.9603919E-01 -0.44405E+00
-0.9497898E-01 -0.44126E+00
-0.9391876E-01 -0.43847E+00
-0.9285855E-01 -0.43568E+00
-0.9179834E-01 -0.43288E+00
-0.9073813E-01 -0.43008E+00
-0.8967792E-01 -0.42728E+00
-0.8861770E-01 -0.42448E+00
-0.8755749E-01 -0.42167E+00
-0.8649728E-01 -0.41886E+00
-0.8543707E-01 -0.41605E+00
-0.8437686E-01 -0.41323E+00
-0.8331664E-01 -0.41041E+00
-0.8225643E-01 -0.40759E+00
-0.8119622E-01 -0.40477E+00
-0.8013601E-01 -0.40194E+00
-0.7907580E-01 -0.39912E+00
-0.7801558E-01 -0.39629E+00
-0.7695537E-01 -0.39345E+00
-0.7589516E-01 -0.39062E+00
-0.7483495E-01 -0.38778E+00
-0.7377474E-01 -0.38494E+00
-0.7271452E-01 -0.38210E+00
-0.7165431E-01 -0.37926E+00
-0.7059410E-01 -0.37641E+00
-0.6953389E-01 -0.37356E+00
-0.6847368E-01 -0.37071E+00
-0.6741346E-01 -0.36786E+00
-0.6635325E-01 -0.36500E+00
-0.6529304E-01 -0.36215E+00
-0.6423283E-01 -0.35929E+00
-0.6317262E-01 -0.35643E+00
-0.6211240E-01 -0.35357E+00
-0.6105219E-01 -0.35070E+00
-0.5999198E-01 -0.34784E+00
-0.5893177E-01 -0.34497E+00
-0.5787156E-01 -0.34210E+00
-0.5681134E-01 -0.33923E+00
-0.5575113E-01 -0.33636E+00
-0.5469092E-01 -0.33348E+00
-0.5363071E-01 -0.33061E+00
-0.5257050E-01 -0.32773E+00
-0.5151028E-01 -0.32485E+00
-0.5045007E-01 -0.32197E+00
-0.4938986E-01 -0.31909E+00
-0.4832965E-01 -0.31621E+00
-0.4726944E-01 -0.31332E+00
-0.4620922E-01 -0.31044E+00
-0.4514901E-01 -0.30755E+00
-0.4408880E-01 -0.30467E+00
-0.4302859E-01 -0.30178E+00
-0.4196838E-01 -0.29889E+00
-0.4090816E-01 -0.29600E+00
-0.3984795E-01 -0.29311E+00
-0.3878774E-01 -0.29022E+00
-0.3772753E-01 -0.28733E+00
-0.3666732E-01 -0.28444E+00
-0.3560710E-01 -0.28155E+00
-0.3454689E-01 -0.27866E+00
-0.3348668E-01 -0.27576E+00
-0.3242647E-01 -0.27287E+00
-0.3136625E-01 -0.26998E+00
-0.3030604E-01 -0.26708E+00
-0.2924583E-01 -0.26419E+00
-0.2818562E-01 -0.26130E+00
-0.2712541E-01 -0.25841E+00
-0.2606519E-01 -0.25551E+00
-0.2500498E-01 -0.25262E+00
-0.2394477E-01 -0.24973E+00
-0.2288456E-01 -0.24684E+00
-0.2182435E-01 -0.24395E+00
-0.2076413E-01 -0.24106E+00
-0.1970392E-01 -0.23817E+00
-0.1864371E-01 -0.23528E+00
-0.1758350E-01 -0.23240E+00
-0.1652329E-01 -0.22951E+00
-0.1546307E-01 -0.22662E+00
-0.1440286E-01 -0.22374E+00
-0.1334265E-01 -0.22086E+00
-0.1228244E-01 -0.21798E+00
-0.1122223E-01 -0.21510E+00
-0.1016201E-01 -0.21222E+00
-0.9101802E-02 -0.20935E+00
-0.8041590E-02 -0.20647E+00
-0.6981378E-02 -0.20360E+00
-0.5921166E-02 -0.20073E+00
-0.4860954E-02 -0.19786E+00
-0.3800742E-02 -0.19500E+00
-0.2740530E-02 -0.19214E+00
-0.1680318E-02 -0.18928E+00
-0.6201060E-03 -0.18642E+00
 0.4401060E-03 -0.18357E+00
 0.1500318E-02 -0.18071E+00
 0.2560530E-02 -0.17787E+00
 0.3620742E-02 -0.17502E+00
 0.4680954E-02 -0.17218E+00
 0.5741166E-02 -0.16934E+00
 0.6801378E-02 -0.16651E+00
 0.7861590E-02 -0.16368E+00
 0.8921802E-02 -0.16085E+00
 0.9982014E-02 -0.15803E+00
 0.1104223E-01 -0.15521E+00
 0.1210244E-01 -0.15239E+00
 0.1316265E-01 -0.14958E+00
 0.1422286E-01 -0.14678E+00
 0.1528307E-01 -0.14398E+00
 0.1634329E-01 -0.14118E+00
 0.1740350E-01 -0.13839E+00
 0.1846371E-01 -0.13561E+00
 0.1952392E-01 -0.13283E+00
 0.2058413E-01 -0.13005E+00
 0.2164435E-01 -0.12729E+00
 0.2270456E-01 -0.12452E+00
 0.2376477E-01 -0.12177E+00
 0.2482498E-01 -0.11902E+00
 0.2588519E-01 -0.11627E+00
 0.2694541E-01 -0.11354E+00
 0.2800562E-01 -0.11081E+00
 0.2906583E-01 -0.10808E+00
 0.3012604E-01 -0.10537E+00
 0.3118625E-01 -0.10266E+00
 0.3224647E-01 -0.99956E-01
 0.3330668E-01 -0.97262E-01
 0.3436689E-01 -0.94576E-01
 0.3542710E-01 -0.91899E-01
 0.3648732E-01 -0.89230E-01
 0.3754753E-01 -0.86569E-01
 0.3860774E-01 -0.83918E-01
 0.3966795E-01 -0.81275E-01
 0.4072816E-01 -0.78641E-01
 0.4178838E-01 -0.76017E-01
 0.4284859E-01 -0.73402E-01
 0.4390880E-01 -0.70798E-01
 0.4496901E-01 -0.68203E-01
 0.4602922E-01 -0.65619E-01
 0.4708944E-01 -0.63046E-01
 0.4814965E-01 -0.60483E-01
 0.4920986E-01 -0.57931E-01
 0.5027007E-01 -0.55391E-01
 0.5133028E-01 -0.52862E-01
 0.5239050E-01 -0.50345E-01
 0.5345071E-01 -0.47841E-01
 0.5451092E-01 -0.45348E-01
 0.5557113E-01 -0.42869E-01
 0.5663134E-01 -0.40402E-01
 0.5769156E-01 -0.37948E-01
 0.5875177E-01 -0.35508E-01
 0.5981198E-01 -0.33082E-01
 0.6087219E-01 -0.30670E-01
 0.6193240E-01 -0.28272E-01
 0.6299262E-01 -0.25889E-01
 0.6405283E-01 -0.23521E-01
 0.6511304E-01 -0.21169E-01
 0.6617325E-01 -0.18832E-01
 0.6723346E-01 -0.16511E-01
 0.6829368E-01 -0.14206E-01
 0.6935389E-01 -0.11918E-01
 0.7041410E-01 -0.96473E-02
 0.7147431E-01 -0.73937E-02
 0.7253452E-01 -0.51579E-02
 0.7359474E-01 -0.29401E-02
 0.7465495E-01 -0.74087E-03
 0.7571516E-01  0.14395E-02
 0.7677537E-01  0.36007E-02
 0.7783558E-01  0.57422E-02
 0.7889580E-01  0.78637E-02
 0.7995601E-01  0.99648E-02
 0.8101622E-01  0.12045E-01
 0.8207643E-01  0.14104E-01
 0.8313664E-01  0.16141E-01
 0.8419686E-01  0.18156E-01
 0.8525707E-01  0.20149E-01
 0.8631728E-01  0.22118E-01
 0.8737749E-01  0.24064E-01
 0.8843770E-01  0.25986E-01
 0.8949792E-01  0.27883E-01
 0.9055813E-01  0.29755E-01
 0.9161834E-01  0.31602E-01
 0.9267855E-01  0.33423E-01
 0.9373876E-01  0.35217E-01
 0.9479898E-01  0.36984E-01
 0.9585919E-01  0.38724E-01
 0.9691940E-01  0.40436E-01
 0.9797961E-01  0.42118E-01
 0.9903983E-01  0.43772E-01
 0.1001000E+00  0.45395E-01
 0.1011602E+00  0.46988E-01
 0.1022205E+00  0.48550E-01
 0.1032807E+00  0.50080E-01
 0.1043409E+00  0.51578E-01
 0.1054011E+00  0.53042E-01
 0.1064613E+00  0.54473E-01
 0.1075215E+00  0.55870E-01
 0.1085817E+00  0.57231E-01
 0.1096419E+00  0.58556E-01
 0.1107022E+00  0.59845E-01
 0.1117624E+00  0.61097E-01
 0.1128226E+00  0.62310E-01
 0.1138828E+00  0.63485E-01
 0.1149430E+00  0.64619E-01
 0.1160032E+00  0.65714E-01
 0.1170634E+00  0.66767E-01
 0.1181236E+00  0.67778E-01
 0.1191839E+00  0.68745E-01
 0.1202441E+00  0.69669E-01
 0.1213043E+00  0.70548E-01
 0.1223645E+00  0.71381E-01
 0.1234247E+00  0.72167E-01
 0.1244849E+00  0.72906E-01
 0.1255451E+00  0.73595E-01
 0.1266053E+00  0.74235E-01
 0.1276655E+00  0.74824E-01
 0.1287258E+00  0.75361E-01
 0.1297860E+00  0.75845E-01
 0.1308462E+00  0.76275E-01
 0.1319064E+00  0.76650E-01
 0.1329666E+00  0.76968E-01
 0.1340268E+00  0.77228E-01
 0.1350870E+00  0.77429E-01
 0.1361472E+00  0.77570E-01
 0.1372075E+00  0.77649E-01
 0.1382677E+00  0.77666E-01
 0.1393279E+00  0.77618E-01
 0.1403881E+00  0.77504E-01
 0.1414483E+00  0.77324E-01
 0.1425085E+00  0.77075E-01
 0.1435687E+00  0.76755E-01
 0.1446289E+00  0.76364E-01
 0.1456892E+00  0.75900E-01
 0.1467494E+00  0.75361E-01
 0.1478096E+00  0.74745E-01
 0.1488698E+00  0.74051E-01
 0.1499300E+00  0.73277E-01
 0.1509902E+00  0.72421E-01
 0.1520504E+00  0.71482E-01
 0.1531106E+00  0.70458E-01
 0.1541709E+00  0.69346E-01
 0.1552311E+00  0.68145E-01
 0.1562913E+00  0.66853E-01
 0.1573515E+00  0.65467E-01
 0.1584117E+00  0.63986E-01
 0.1594719E+00  0.62408E-01
 0.1605321E+00  0.60731E-01
 0.1615923E+00  0.58951E-01
 0.1626525E+00  0.57068E-01
 0.1637128E+00  0.55079E-01
 0.1647730E+00  0.52981E-01
 0.1658332E+00  0.50773E-01
 0.1668934E+00  0.48452E-01
 0.1679536E+00  0.46016E-01
 0.1690138E+00  0.43462E-01
 0.1700740E+00  0.40788E-01
 0.1711342E+00  0.37992E-01
 0.1721945E+00  0.35071E-01
 0.1732547E+00  0.32024E-01
 0.1743149E+00  0.28848E-01
 0.1753751E+00  0.25540E-01
 0.1764353E+00  0.22100E-01
 0.1774955E+00  0.18524E-01
 0.1785557E+00  0.14812E-01
 0.1796159E+00  0.10960E-01
 0.1806762E+00  0.69686E-02
 0.1817364E+00  0.28357E-02
 0.1827966E+00 -0.14396E-02
 0.1838568E+00 -0.58579E-02
 0.1849170E+00 -0.10419E-01
 0.1859772E+00 -0.15124E-01
 0.1870374E+00 -0.19970E-01
 0.1880976E+00 -0.24958E-01
 0.1891578E+00 -0.30083E-01
 0.1902181E+00 -0.35344E-01
 0.1912783E+00 -0.40736E-01
 0.1923385E+00 -0.46253E-01
 0.1933987E+00 -0.51888E-01
 0.1944589E+00 -0.57633E-01
 0.1955191E+00 -0.63477E-01
 0.1965793E+00 -0.69407E-01
 0.1976395E+00 -0.75405E-01
 0.1986998E+00 -0.81454E-01
 0.1997600E+00 -0.87529E-01
 0.2008202E+00 -0.93603E-01
 0.2018804E+00 -0.99641E-01
 0.2029406E+00 -0.10560E+00
 0.2040008E+00 -0.11144E+00
 0.2050610E+00 -0.11709E+00
 0.2061212E+00 -0.12249E+00
 0.2071815E+00 -0.12753E+00
 0.2082417E+00 -0.13212E+00
 0.2093019E+00 -0.13610E+00
 0.2103621E+00 -0.13927E+00
 0.2114223E+00 -0.14133E+00
 0.2124825E+00 -0.14167E+00
 0.2135427E+00 -0.13889E+00
 0.2146029E+00 -0.13570E+00
 0.2156631E+00 -0.13251E+00
 0.2167234E+00 -0.12931E+00
 0.2177836E+00 -0.12612E+00
 0.2188438E+00 -0.12292E+00
 0.2199040E+00 -0.11973E+00
 0.2209642E+00 -0.11653E+00
 0.2220244E+00 -0.11333E+00
 0.2230846E+00 -0.11013E+00
 0.2241448E+00 -0.10694E+00
 0.2252051E+00 -0.10374E+00
 0.2262653E+00 -0.10054E+00
 0.2273255E+00 -0.97341E-01
 0.2283857E+00 -0.94144E-01
 0.2294459E+00 -0.90947E-01
 0.2305061E+00 -0.87751E-01
 0.2315663E+00 -0.84557E-01
 0.2326265E+00 -0.81364E-01
 0.2336868E+00 -0.78172E-01
 0.2347470E+00 -0.74982E-01
 0.2358072E+00 -0.71794E-01
 0.2368674E+00 -0.68609E-01
 0.2379276E+00 -0.65426E-01
 0.2389878E+00 -0.62246E-01
 0.2400480E+00 -0.59068E-01
 0.2411082E+00 -0.55894E-01
 0.2421684E+00 -0.52723E-01
 0.2432287E+00 -0.49556E-01
 0.2442889E+00 -0.46393E-01
 0.2453491E+00 -0.43233E-01
 0.2464093E+00 -0.40079E-01
 0.2474695E+00 -0.36928E-01
 0.2485297E+00 -0.33783E-01
 0.2495899E+00 -0.30643E-01
 0.2506501E+00 -0.27508E-01
 0.2517104E+00 -0.24379E-01
 0.2527706E+00 -0.21256E-01
 0.2538308E+00 -0.18139E-01
 0.2548910E+00 -0.15029E-01
 0.2559512E+00 -0.11925E-01
 0.2570114E+00 -0.88289E-02
 0.2580716E+00 -0.57397E-02
 0.2591318E+00 -0.26581E-02
 0.2601921E+00  0.41558E-03
 0.2612523E+00  0.34811E-02
 0.2623125E+00  0.65381E-02
 0.2633727E+00  0.95863E-02
 0.2644329E+00  0.12625E-01
 0.2654931E+00  0.15655E-01
 0.2665533E+00  0.18675E-01
 0.2676135E+00  0.21685E-01
 0.2686738E+00  0.24685E-01
 0.2697340E+00  0.27674E-01
 0.2707942E+00  0.30652E-01
 0.2718544E+00  0.33619E-01
 0.2729146E+00  0.36574E-01
 0.2739748E+00  0.39517E-01
 0.2750350E+00  0.42448E-01
 0.2760952E+00  0.45366E-01
 0.2771554E+00  0.48271E-01
 0.2782157E+00  0.51163E-01
 0.2792759E+00  0.54041E-01
 0.2803361E+00  0.56906E-01
 0.2813963E+00  0.59756E-01
 0.2824565E+00  0.62591E-01
 0.2835167E+00  0.65411E-01
 0.2845769E+00  0.68216E-01
 0.2856371E+00  0.71005E-01
 0.2866974E+00  0.73777E-01
 0.2877576E+00  0.76533E-01
 0.2888178E+00  0.79273E-01
 0.2898780E+00  0.81995E-01
 0.2909382E+00  0.84699E-01
 0.2919984E+00  0.87385E-01
 0.2930586E+00  0.90053E-01
 0.2941188E+00  0.92702E-01
 0.2951791E+00  0.95332E-01
 0.2962393E+00  0.97942E-01
 0.2972995E+00  0.10053E+00
 0.2983597E+00  0.10310E+00
 0.2994199E+00  0.10565E+00
 0.3004801E+00  0.10818E+00
 0.3015403E+00  0.11068E+00
 0.3026005E+00  0.11317E+00
 0.3036607E+00  0.11563E+00
 0.3047210E+00  0.11807E+00
 0.3057812E+00  0.12048E+00
 0.3068414E+00  0.12287E+00
 0.3079016E+00  0.12524E+00
 0.3089618E+00  0.12758E+00
 0.3100220E+00  0.12990E+00
 0.3110822E+00  0.13219E+00
 0.3121424E+00  0.13446E+00
 0.3132027E+00  0.13670E+00
 0.3142629E+00  0.13891E+00
 0.3153231E+00  0.14110E+00
 0.3163833E+00  0.14326E+00
 0.3174435E+00  0.14539E+00
 0.3185037E+00  0.14749E+00
 0.3195639E+00  0.14957E+00
 0.3206241E+00  0.15161E+00
 0.3216844E+00  0.15362E+00
 0.3227446E+00  0.15561E+00
 0.3238048E+00  0.15756E+00
 0.3248650E+00  0.15948E+00
 0.3259252E+00  0.16137E+00
 0.3269854E+00  0.16323E+00
 0.3280456E+00  0.16506E+00
 0.3291058E+00  0.16685E+00
 0.3301660E+00  0.16861E+00
 0.3312263E+00  0.17034E+00
 0.3322865E+00  0.17204E+00
 0.3333467E+00  0.17369E+00
 0.3344069E+00  0.17532E+00
 0.3354671E+00  0.17691E+00
 0.3365273E+00  0.17846E+00
 0.3375875E+00  0.17998E+00
 0.3386477E+00  0.18146E+00
 0.3397080E+00  0.18290E+00
 0.3407682E+00  0.18431E+00
 0.3418284E+00  0.18568E+00
 0.3428886E+00  0.18702E+00
 0.3439488E+00  0.18831E+00
 0.3450090E+00  0.18957E+00
 0.3460692E+00  0.19079E+00
 0.3471294E+00  0.19197E+00
 0.3481897E+00  0.19311E+00
 0.3492499E+00  0.19421E+00
 0.3503101E+00  0.19527E+00
 0.3513703E+00  0.19630E+00
 0.3524305E+00  0.19728E+00
 0.3534907E+00  0.19822E+00
 0.3545509E+00  0.19913E+00
 0.3556111E+00  0.19999E+00
 0.3566713E+00  0.20082E+00
 0.3577316E+00  0.20160E+00
 0.3587918E+00  0.20235E+00
 0.3598520E+00  0.20305E+00
 0.3609122E+00  0.20372E+00
 0.3619724E+00  0.20435E+00
 0.3630326E+00  0.20493E+00
 0.3640928E+00  0.20548E+00
 0.3651530E+00  0.20600E+00
 0.3662133E+00  0.20647E+00
 0.3672735E+00  0.20691E+00
 0.3683337E+00  0.20730E+00
 0.3693939E+00  0.20767E+00
 0.3704541E+00  0.20800E+00
 0.3715143E+00  0.20829E+00
 0.3725745E+00  0.20855E+00
 0.3736347E+00  0.20878E+00
 0.3746950E+00  0.20897E+00
 0.3757552E+00  0.20914E+00
 0.3768154E+00  0.20927E+00
 0.3778756E+00  0.20938E+00
 0.3789358E+00  0.20946E+00
 0.3799960E+00  0.20952E+00
 0.3810562E+00  0.20955E+00
 0.3821164E+00  0.20956E+00
 0.3831766E+00  0.20955E+00
 0.3842369E+00  0.20953E+00
 0.3852971E+00  0.20949E+00
 0.3863573E+00  0.20944E+00
 0.3874175E+00  0.20938E+00
 0.3884777E+00  0.20931E+00
 0.3895379E+00  0.20923E+00
 0.3905981E+00  0.20916E+00
 0.3916583E+00  0.20909E+00
 0.3927186E+00  0.20902E+00
 0.3937788E+00  0.20896E+00
 0.3948390E+00  0.20892E+00
 0.3958992E+00  0.20889E+00
 0.3969594E+00  0.20889E+00
 0.3980196E+00  0.20891E+00
 0.3990798E+00  0.20895E+00
 0.4001400E+00  0.20904E+00
 0.4012003E+00  0.20916E+00
 0.4022605E+00  0.20933E+00
 0.4033207E+00  0.20954E+00
 0.4043809E+00  0.20981E+00
 0.4054411E+00  0.21014E+00
 0.4065013E+00  0.21053E+00
 0.4075615E+00  0.21100E+00
 0.4086217E+00  0.21154E+00
 0.4096820E+00  0.21216E+00
 0.4107422E+00  0.21287E+00
 0.4118024E+00  0.21368E+00
 0.4128626E+00  0.21458E+00
 0.4139228E+00  0.21558E+00
 0.4149830E+00  0.21669E+00
 0.4160432E+00  0.21792E+00
 0.4171034E+00  0.21926E+00
 0.4181636E+00  0.22073E+00
 0.4192239E+00  0.22232E+00
 0.4202841E+00  0.22404E+00
 0.4213443E+00  0.22589E+00
 0.4224045E+00  0.22787E+00
 0.4234647E+00  0.22999E+00
 0.4245249E+00  0.23224E+00
 0.4255851E+00  0.23463E+00
 0.4266453E+00  0.23715E+00
 0.4277056E+00  0.23979E+00
 0.4287658E+00  0.24255E+00
 0.4298260E+00  0.24543E+00
 0.4308862E+00  0.24841E+00
 0.4319464E+00  0.25149E+00
 0.4330066E+00  0.25465E+00
 0.4340668E+00  0.25787E+00
 0.4351270E+00  0.26113E+00
 0.4361873E+00  0.26441E+00
 0.4372475E+00  0.26768E+00
 0.4383077E+00  0.27090E+00
 0.4393679E+00  0.27403E+00
 0.4404281E+00  0.27702E+00
 0.4414883E+00  0.27981E+00
 0.4425485E+00  0.28232E+00
 0.4436087E+00  0.28447E+00
 0.4446689E+00  0.28612E+00
 0.4457292E+00  0.28714E+00
 0.4467894E+00  0.28731E+00
 0.4478496E+00  0.28637E+00
 0.4489098E+00  0.28392E+00
 0.4499700E+00  0.27933E+00
 0.4510302E+00  0.27154E+00
 0.4520904E+00  0.25830E+00
 0.4531506E+00  0.23270E+00
 0.4542109E+00  0.17996E+00
 0.4552711E+00  0.18236E+00
 0.4563313E+00  0.18472E+00
 0.4573915E+00  0.18706E+00
 0.4584517E+00  0.18937E+00
 0.4595119E+00  0.19165E+00
 0.4605721E+00  0.19390E+00
 0.4616323E+00  0.19612E+00
 0.4626926E+00  0.19831E+00
 0.4637528E+00  0.20047E+00
 0.4648130E+00  0.20260E+00
 0.4658732E+00  0.20470E+00
 0.4669334E+00  0.20676E+00
 0.4679936E+00  0.20880E+00
 0.4690538E+00  0.21080E+00
 0.4701140E+00  0.21278E+00
 0.4711742E+00  0.21472E+00
 0.4722345E+00  0.21663E+00
 0.4732947E+00  0.21851E+00
 0.4743549E+00  0.22035E+00
 0.4754151E+00  0.22216E+00
 0.4764753E+00  0.22395E+00
 0.4775355E+00  0.22569E+00
 0.4785957E+00  0.22741E+00
 0.4796559E+00  0.22910E+00
 0.4807162E+00  0.23075E+00
 0.4817764E+00  0.23237E+00
 0.4828366E+00  0.23396E+00
 0.4838968E+00  0.23551E+00
 0.4849570E+00  0.23704E+00
 0.4860172E+00  0.23853E+00
 0.4870774E+00  0.24000E+00
 0.4881376E+00  0.24143E+00
 0.4891979E+00  0.24283E+00
 0.4902581E+00  0.24421E+00
 0.4913183E+00  0.24555E+00
 0.4923785E+00  0.24687E+00
 0.4934387E+00  0.24815E+00
 0.4944989E+00  0.24941E+00
 0.4955591E+00  0.25065E+00
 0.4966193E+00  0.25185E+00
 0.4976795E+00  0.25304E+00
 0.4987398E+00  0.25419E+00
 0.4998000E+00  0.25533E+00
 0.5008602E+00  0.25644E+00
 0.5019204E+00  0.25753E+00
 0.5029806E+00  0.25861E+00
 0.5040408E+00  0.25966E+00
 0.5051010E+00  0.26069E+00
 0.5061612E+00  0.26172E+00
 0.5072215E+00  0.26272E+00
 0.5082817E+00  0.26371E+00
 0.5093419E+00  0.26470E+00
 0.5104021E+00  0.26567E+00
 0.5114623E+00  0.26663E+00
 0.5125225E+00  0.26759E+00
 0.5135827E+00  0.26855E+00
 0.5146429E+00  0.26950E+00
 0.5157032E+00  0.27046E+00
 0.5167634E+00  0.27142E+00
 0.5178236E+00  0.27238E+00
 0.5188838E+00  0.27335E+00
 0.5199440E+00  0.27433E+00
 0.5210042E+00  0.27532E+00
 0.5220644E+00  0.27633E+00
 0.5231246E+00  0.27736E+00
 0.5241849E+00  0.27841E+00
 0.5252451E+00  0.27948E+00
 0.5263053E+00  0.28058E+00
 0.5273655E+00  0.28170E+00
 0.5284257E+00  0.28286E+00
 0.5294859E+00  0.28405E+00
 0.5305461E+00  0.28529E+00
 0.5316063E+00  0.28656E+00
 0.5326665E+00  0.28788E+00
 0.5337268E+00  0.28924E+00
 0.5347870E+00  0.29065E+00
 0.5358472E+00  0.29212E+00
 0.5369074E+00  0.29364E+00
 0.5379676E+00  0.29522E+00
 0.5390278E+00  0.29686E+00
 0.5400880E+00  0.29857E+00
 0.5411482E+00  0.30034E+00
 0.5422085E+00  0.30217E+00
 0.5432687E+00  0.30408E+00
 0.5443289E+00  0.30605E+00
 0.5453891E+00  0.30810E+00
 0.5464493E+00  0.31022E+00
 0.5475095E+00  0.31242E+00
 0.5485697E+00  0.31469E+00
 0.5496299E+00  0.31703E+00
 0.5506902E+00  0.31945E+00
 0.5517504E+00  0.32194E+00
 0.5528106E+00  0.32451E+00
 0.5538708E+00  0.32714E+00
 0.5549310E+00  0.32985E+00
 0.5559912E+00  0.33262E+00
 0.5570514E+00  0.33545E+00
 0.5581116E+00  0.33834E+00
 0.5591718E+00  0.34128E+00
 0.5602321E+00  0.34427E+00
 0.5612923E+00  0.34731E+00
 0.5623525E+00  0.35038E+00
 0.5634127E+00  0.35348E+00
 0.5644729E+00  0.35660E+00
 0.5655331E+00  0.35973E+00
 0.5665933E+00  0.36287E+00
 0.5676535E+00  0.36599E+00
 0.5687138E+00  0.36910E+00
 0.5697740E+00  0.37217E+00
 0.5708342E+00  0.37520E+00
 0.5718944E+00  0.37817E+00
 0.5729546E+00  0.38106E+00
 0.5740148E+00  0.38385E+00
 0.5750750E+00  0.38654E+00
 0.5761352E+00  0.38910E+00
 0.5771955E+00  0.39151E+00
 0.5782557E+00  0.39375E+00
 0.5793159E+00  0.39580E+00
 0.5803761E+00  0.39764E+00
 0.5814363E+00  0.39923E+00
 0.5824965E+00  0.40055E+00
 0.5835567E+00  0.40158E+00
 0.5846169E+00  0.40228E+00
 0.5856771E+00  0.40263E+00
 0.5867374E+00  0.40259E+00
 0.5877976E+00  0.40212E+00
 0.5888578E+00  0.40120E+00
 0.5899180E+00  0.39977E+00
 0.5909782E+00  0.39782E+00
 0.5920384E+00  0.39529E+00
 0.5930986E+00  0.39215E+00
 0.5941588E+00  0.38835E+00
 0.5952191E+00  0.38387E+00
 0.5962793E+00  0.37866E+00
 0.5973395E+00  0.37270E+00
 0.5983997E+00  0.36597E+00
 0.5994599E+00  0.35846E+00
 0.6005201E+00  0.35019E+00
 0.6015803E+00  0.34121E+00
 0.6026405E+00  0.33163E+00
 0.6037008E+00  0.32162E+00
 0.6047610E+00  0.31152E+00
 0.6058212E+00  0.30185E+00
 0.6068814E+00  0.29364E+00
 0.6079416E+00  0.28970E+00
 0.6090018E+00  0.29103E+00
 0.6100620E+00  0.29237E+00
 0.6111222E+00  0.29371E+00
 0.6121824E+00  0.29505E+00
 0.6132427E+00  0.29641E+00
 0.6143029E+00  0.29777E+00
 0.6153631E+00  0.29915E+00
 0.6164233E+00  0.30054E+00
 0.6174835E+00  0.30195E+00
 0.6185437E+00  0.30337E+00
 0.6196039E+00  0.30482E+00
 0.6206641E+00  0.30630E+00
 0.6217244E+00  0.30780E+00
 0.6227846E+00  0.30933E+00
 0.6238448E+00  0.31089E+00
 0.6249050E+00  0.31248E+00
 0.6259652E+00  0.31411E+00
 0.6270254E+00  0.31578E+00
 0.6280856E+00  0.31749E+00
 0.6291458E+00  0.31924E+00
 0.6302061E+00  0.32104E+00
 0.6312663E+00  0.32288E+00
 0.6323265E+00  0.32477E+00
 0.6333867E+00  0.32672E+00
 0.6344469E+00  0.32871E+00
 0.6355071E+00  0.33076E+00
 0.6365673E+00  0.33286E+00
 0.6376275E+00  0.33502E+00
 0.6386877E+00  0.33723E+00
 0.6397480E+00  0.33950E+00
 0.6408082E+00  0.34183E+00
 0.6418684E+00  0.34422E+00
 0.6429286E+00  0.34666E+00
 0.6439888E+00  0.34915E+00
 0.6450490E+00  0.35171E+00
 0.6461092E+00  0.35432E+00
 0.6471694E+00  0.35698E+00
 0.6482297E+00  0.35969E+00
 0.6492899E+00  0.36245E+00
 0.6503501E+00  0.36525E+00
 0.6514103E+00  0.36810E+00
 0.6524705E+00  0.37099E+00
 0.6535307E+00  0.37391E+00
 0.6545909E+00  0.37686E+00
 0.6556511E+00  0.37984E+00
 0.6567114E+00  0.38284E+00
 0.6577716E+00  0.38586E+00
 0.6588318E+00  0.38888E+00
 0.6598920E+00  0.39191E+00
 0.6609522E+00  0.39493E+00
 0.6620124E+00  0.39795E+00
 0.6630726E+00  0.40094E+00
 0.6641328E+00  0.40390E+00
 0.6651931E+00  0.40683E+00
 0.6662533E+00  0.40971E+00
 0.6673135E+00  0.41254E+00
 0.6683737E+00  0.41530E+00
 0.6694339E+00  0.41799E+00
 0.6704941E+00  0.42060E+00
 0.6715543E+00  0.42311E+00
 0.6726145E+00  0.42551E+00
 0.6736747E+00  0.42779E+00
 0.6747350E+00  0.42995E+00
 0.6757952E+00  0.43197E+00
 0.6768554E+00  0.43384E+00
 0.6779156E+00  0.43554E+00
 0.6789758E+00  0.43707E+00
 0.6800360E+00  0.43842E+00
 0.6810962E+00  0.43957E+00
 0.6821564E+00  0.44052E+00
 0.6832167E+00  0.44125E+00
 0.6842769E+00  0.44176E+00
 0.6853371E+00  0.44203E+00
 0.6863973E+00  0.44207E+00
 0.6874575E+00  0.44187E+00
 0.6885177E+00  0.44141E+00
 0.6895779E+00  0.44071E+00
 0.6906381E+00  0.43976E+00
 0.6916984E+00  0.43856E+00
 0.6927586E+00  0.43712E+00
 0.6938188E+00  0.43545E+00
 0.6948790E+00  0.43356E+00
 0.6959392E+00  0.43147E+00
 0.6969994E+00  0.42921E+00
 0.6980596E+00  0.42679E+00
 0.6991198E+00  0.42427E+00
 0.7001800E+00  0.42167E+00
 0.7012403E+00  0.41906E+00
 0.7023005E+00  0.41648E+00
 0.7033607E+00  0.41401E+00
 0.7044209E+00  0.41170E+00
 0.7054811E+00  0.40964E+00
 0.7065413E+00  0.40792E+00
 0.7076015E+00  0.40661E+00
 0.7086617E+00  0.40579E+00
 0.7097220E+00  0.40555E+00
 0.7107822E+00  0.40593E+00
 0.7118424E+00  0.40699E+00
 0.7129026E+00  0.40870E+00
 0.7139628E+00  0.41103E+00
 0.7150230E+00  0.41382E+00
 0.7160832E+00  0.41681E+00
 0.7171434E+00  0.41954E+00
 0.7182037E+00  0.42117E+00
 0.7192639E+00  0.42012E+00
 0.7203241E+00  0.41260E+00
 0.7213843E+00  0.36797E+00
 0.7224445E+00  0.37065E+00
 0.7235047E+00  0.37337E+00
 0.7245649E+00  0.37613E+00
 0.7256251E+00  0.37893E+00
 0.7266853E+00  0.38176E+00
 0.7277456E+00  0.38461E+00
 0.7288058E+00  0.38750E+00
 0.7298660E+00  0.39040E+00
 0.7309262E+00  0.39332E+00
 0.7319864E+00  0.39625E+00
 0.7330466E+00  0.39919E+00
 0.7341068E+00  0.40213E+00
 0.7351670E+00  0.40507E+00
 0.7362273E+00  0.40800E+00
 0.7372875E+00  0.41090E+00
 0.7383477E+00  0.41379E+00
 0.7394079E+00  0.41665E+00
 0.7404681E+00  0.41947E+00
 0.7415283E+00  0.42224E+00
 0.7425885E+00  0.42497E+00
 0.7436487E+00  0.42763E+00
 0.7447090E+00  0.43023E+00
 0.7457692E+00  0.43276E+00
 0.7468294E+00  0.43521E+00
 0.7478896E+00  0.43757E+00
 0.7489498E+00  0.43983E+00
 0.7500100E+00  0.44199E+00
 0.7510702E+00  0.44404E+00
 0.7521304E+00  0.44598E+00
 0.7531906E+00  0.44779E+00
 0.7542509E+00  0.44948E+00
 0.7553111E+00  0.45103E+00
 0.7563713E+00  0.45244E+00
 0.7574315E+00  0.45372E+00
 0.7584917E+00  0.45484E+00
 0.7595519E+00  0.45582E+00
 0.7606121E+00  0.45666E+00
 0.7616723E+00  0.45734E+00
 0.7627326E+00  0.45788E+00
 0.7637928E+00  0.45827E+00
 0.7648530E+00  0.45852E+00
 0.7659132E+00  0.45864E+00
 0.7669734E+00  0.45863E+00
 0.7680336E+00  0.45851E+00
 0.7690938E+00  0.45829E+00
 0.7701540E+00  0.45797E+00
 0.7712143E+00  0.45758E+00
 0.7722745E+00  0.45714E+00
 0.7733347E+00  0.45667E+00
 0.7743949E+00  0.45619E+00
 0.7754551E+00  0.45573E+00
 0.7765153E+00  0.45532E+00
 0.7775755E+00  0.45498E+00
 0.7786357E+00  0.45476E+00
 0.7796960E+00  0.45469E+00
 0.7807562E+00  0.45479E+00
 0.7818164E+00  0.45511E+00
 0.7828766E+00  0.45568E+00
 0.7839368E+00  0.45652E+00
 0.7849970E+00  0.45766E+00
 0.7860572E+00  0.45913E+00
 0.7871174E+00  0.46093E+00
 0.7881776E+00  0.46309E+00
 0.7892379E+00  0.46558E+00
 0.7902981E+00  0.46840E+00
 0.7913583E+00  0.47153E+00
 0.7924185E+00  0.47491E+00
 0.7934787E+00  0.47848E+00
 0.7945389E+00  0.48217E+00
 0.7955991E+00  0.48589E+00
 0.7966593E+00  0.48951E+00
 0.7977196E+00  0.49290E+00
 0.7987798E+00  0.49589E+00
 0.7998400E+00  0.49831E+00
 0.8009002E+00  0.49996E+00
 0.8019604E+00  0.50060E+00
 0.8030206E+00  0.50001E+00
 0.8040808E+00  0.49794E+00
 0.8051410E+00  0.49414E+00
 0.8062013E+00  0.48840E+00
 0.8072615E+00  0.48062E+00
 0.8083217E+00  0.47087E+00
 0.8093819E+00  0.45968E+00
 0.8104421E+00  0.44871E+00
 0.8115023E+00  0.44432E+00
 0.8125625E+00  0.44644E+00
 0.8136227E+00  0.44847E+00
 0.8146829E+00  0.45040E+00
 0.8157432E+00  0.45224E+00
 0.8168034E+00  0.45397E+00
 0.8178636E+00  0.45560E+00
 0.8189238E+00  0.45712E+00
 0.8199840E+00  0.45854E+00
 0.8210442E+00  0.45985E+00
 0.8221044E+00  0.46106E+00
 0.8231646E+00  0.46216E+00
 0.8242249E+00  0.46317E+00
 0.8252851E+00  0.46408E+00
 0.8263453E+00  0.46490E+00
 0.8274055E+00  0.46564E+00
 0.8284657E+00  0.46630E+00
 0.8295259E+00  0.46691E+00
 0.8305861E+00  0.46746E+00
 0.8316463E+00  0.46797E+00
 0.8327066E+00  0.46846E+00
 0.8337668E+00  0.46894E+00
 0.8348270E+00  0.46942E+00
 0.8358872E+00  0.46994E+00
 0.8369474E+00  0.47050E+00
 0.8380076E+00  0.47112E+00
 0.8390678E+00  0.47184E+00
 0.8401280E+00  0.47266E+00
 0.8411882E+00  0.47360E+00
 0.8422485E+00  0.47470E+00
 0.8433087E+00  0.47596E+00
 0.8443689E+00  0.47741E+00
 0.8454291E+00  0.47906E+00
 0.8464893E+00  0.48093E+00
 0.8475495E+00  0.48301E+00
 0.8486097E+00  0.48533E+00
 0.8496699E+00  0.48787E+00
 0.8507302E+00  0.49063E+00
 0.8517904E+00  0.49361E+00
 0.8528506E+00  0.49678E+00
 0.8539108E+00  0.50012E+00
 0.8549710E+00  0.50360E+00
 0.8560312E+00  0.50718E+00
 0.8570914E+00  0.51081E+00
 0.8581516E+00  0.51445E+00
 0.8592119E+00  0.51803E+00
 0.8602721E+00  0.52150E+00
 0.8613323E+00  0.52477E+00
 0.8623925E+00  0.52778E+00
 0.8634527E+00  0.53045E+00
 0.8645129E+00  0.53271E+00
 0.8655731E+00  0.53447E+00
 0.8666333E+00  0.53567E+00
 0.8676935E+00  0.53624E+00
 0.8687538E+00  0.53612E+00
 0.8698140E+00  0.53528E+00
 0.8708742E+00  0.53370E+00
 0.8719344E+00  0.53140E+00
 0.8729946E+00  0.52842E+00
 0.8740548E+00  0.52487E+00
 0.8751150E+00  0.52090E+00
 0.8761752E+00  0.51674E+00
 0.8772355E+00  0.51268E+00
 0.8782957E+00  0.50907E+00
 0.8793559E+00  0.50630E+00
 0.8804161E+00  0.50474E+00
 0.8814763E+00  0.50461E+00
 0.8825365E+00  0.50578E+00
 0.8835967E+00  0.50721E+00
 0.8846569E+00  0.50545E+00
 0.8857172E+00  0.47290E+00
 0.8867774E+00  0.47388E+00
 0.8878376E+00  0.47490E+00
 0.8888978E+00  0.47596E+00
 0.8899580E+00  0.47709E+00
 0.8910182E+00  0.47830E+00
 0.8920784E+00  0.47961E+00
 0.8931386E+00  0.48102E+00
 0.8941988E+00  0.48256E+00
 0.8952591E+00  0.48424E+00
 0.8963193E+00  0.48606E+00
 0.8973795E+00  0.48803E+00
 0.8984397E+00  0.49017E+00
 0.8994999E+00  0.49248E+00
 0.9005601E+00  0.49495E+00
 0.9016203E+00  0.49759E+00
 0.9026805E+00  0.50038E+00
 0.9037408E+00  0.50333E+00
 0.9048010E+00  0.50641E+00
 0.9058612E+00  0.50961E+00
 0.9069214E+00  0.51290E+00
 0.9079816E+00  0.51625E+00
 0.9090418E+00  0.51964E+00
 0.9101020E+00  0.52304E+00
 0.9111622E+00  0.52639E+00
 0.9122225E+00  0.52967E+00
 0.9132827E+00  0.53282E+00
 0.9143429E+00  0.53581E+00
 0.9154031E+00  0.53858E+00
 0.9164633E+00  0.54109E+00
 0.9175235E+00  0.54330E+00
 0.9185837E+00  0.54517E+00
 0.9196439E+00  0.54666E+00
 0.9207042E+00  0.54773E+00
 0.9217644E+00  0.54837E+00
 0.9228246E+00  0.54856E+00
 0.9238848E+00  0.54830E+00
 0.9249450E+00  0.54760E+00
 0.9260052E+00  0.54649E+00
 0.9270654E+00  0.54502E+00
 0.9281256E+00  0.54327E+00
 0.9291858E+00  0.54132E+00
 0.9302461E+00  0.53928E+00
 0.9313063E+00  0.53729E+00
 0.9323665E+00  0.53550E+00
 0.9334267E+00  0.53407E+00
 0.9344869E+00  0.53315E+00
 0.9355471E+00  0.53288E+00
 0.9366073E+00  0.53336E+00
 0.9376675E+00  0.53463E+00
 0.9387278E+00  0.53664E+00
 0.9397880E+00  0.53922E+00
 0.9408482E+00  0.54208E+00
 0.9419084E+00  0.54475E+00
 0.9429686E+00  0.54661E+00
 0.9440288E+00  0.54686E+00
 0.9450890E+00  0.54459E+00
 0.9461492E+00  0.53888E+00
 0.9472095E+00  0.52910E+00
 0.9482697E+00  0.51600E+00
 0.9493299E+00  0.50709E+00
 0.9503901E+00  0.51008E+00
 0.9514503E+00  0.51315E+00
 0.9525105E+00  0.51627E+00
 0.9535707E+00  0.51942E+00
 0.9546309E+00  0.52258E+00
 0.9556911E+00  0.52573E+00
 0.9567514E+00  0.52882E+00
 0.9578116E+00  0.53184E+00
 0.9588718E+00  0.53474E+00
 0.9599320E+00  0.53750E+00
 0.9609922E+00  0.54008E+00
 0.9620524E+00  0.54246E+00
 0.9631126E+00  0.54460E+00
 0.9641728E+00  0.54648E+00
 0.9652331E+00  0.54808E+00
 0.9662933E+00  0.54939E+00
 0.9673535E+00  0.55038E+00
 0.9684137E+00  0.55106E+00
 0.9694739E+00  0.55144E+00
 0.9705341E+00  0.55154E+00
 0.9715943E+00  0.55136E+00
 0.9726545E+00  0.55097E+00
 0.9737148E+00  0.55039E+00
 0.9747750E+00  0.54971E+00
 0.9758352E+00  0.54898E+00
 0.9768954E+00  0.54830E+00
 0.9779556E+00  0.54776E+00
 0.9790158E+00  0.54745E+00
 0.9800760E+00  0.54746E+00
 0.9811362E+00  0.54790E+00
 0.9821964E+00  0.54883E+00
 0.9832567E+00  0.55030E+00
 0.9843169E+00  0.55236E+00
 0.9853771E+00  0.55497E+00
 0.9864373E+00  0.55810E+00
 0.9874975E+00  0.56163E+00
 0.9885577E+00  0.56540E+00
 0.9896179E+00  0.56923E+00
 0.9906781E+00  0.57287E+00
 0.9917384E+00  0.57604E+00
 0.9927986E+00  0.57846E+00
 0.9938588E+00  0.57987E+00
 0.9949190E+00  0.58005E+00
 0.9959792E+00  0.57888E+00
 0.9970394E+00  0.57641E+00
 0.9980996E+00  0.57291E+00
 0.9991598E+00  0.56898E+00
 0.1000220E+01  0.56553E+00
 0.1001280E+01  0.56372E+00
 0.1002340E+01  0.56443E+00
 0.1003401E+01  0.56673E+00
 0.1004461E+01  0.55922E+00
 0.1005521E+01  0.54602E+00
 0.1006581E+01  0.54744E+00
 0.1007642E+01  0.54863E+00
 0.1008702E+01  0.54959E+00
 0.1009762E+01  0.55034E+00
 0.1010822E+01  0.55089E+00
 0.1011882E+01  0.55128E+00
 0.1012943E+01  0.55153E+00
 0.1014003E+01  0.55168E+00
 0.1015063E+01  0.55179E+00
 0.1016123E+01  0.55192E+00
 0.1017183E+01  0.55212E+00
 0.1018244E+01  0.55245E+00
 0.1019304E+01  0.55300E+00
 0.1020364E+01  0.55381E+00
 0.1021424E+01  0.55496E+00
 0.1022485E+01  0.55648E+00
 0.1023545E+01  0.55843E+00
 0.1024605E+01  0.56080E+00
 0.1025665E+01  0.56361E+00
 0.1026725E+01  0.56681E+00
 0.1027786E+01  0.57036E+00
 0.1028846E+01  0.57417E+00
 0.1029906E+01  0.57812E+00
 0.1030966E+01  0.58209E+00
 0.1032026E+01  0.58592E+00
 0.1033087E+01  0.58944E+00
 0.1034147E+01  0.59250E+00
 0.1035207E+01  0.59494E+00
 0.1036267E+01  0.59661E+00
 0.1037327E+01  0.59744E+00
 0.1038388E+01  0.59737E+00
 0.1039448E+01  0.59644E+00
 0.1040508E+01  0.59477E+00
 0.1041568E+01  0.59258E+00
 0.1042629E+01  0.59019E+00
 0.1043689E+01  0.58800E+00
 0.1044749E+01  0.58644E+00
 0.1045809E+01  0.58586E+00
 0.1046869E+01  0.58641E+00
 0.1047930E+01  0.58786E+00
 0.1048990E+01  0.58941E+00
 0.1050050E+01  0.58954E+00
 0.1051110E+01  0.58598E+00
 0.1052170E+01  0.57622E+00
 0.1053231E+01  0.55985E+00
 0.1054291E+01  0.55345E+00
 0.1055351E+01  0.55453E+00
 0.1056411E+01  0.55584E+00
 0.1057472E+01  0.55743E+00
 0.1058532E+01  0.55933E+00
 0.1059592E+01  0.56155E+00
 0.1060652E+01  0.56411E+00
 0.1061712E+01  0.56699E+00
 0.1062773E+01  0.57017E+00
 0.1063833E+01  0.57360E+00
 0.1064893E+01  0.57723E+00
 0.1065953E+01  0.58097E+00
 0.1067013E+01  0.58472E+00
 0.1068074E+01  0.58838E+00
 0.1069134E+01  0.59184E+00
 0.1070194E+01  0.59498E+00
 0.1071254E+01  0.59769E+00
 0.1072314E+01  0.59987E+00
 0.1073375E+01  0.60144E+00
 0.1074435E+01  0.60235E+00
 0.1075495E+01  0.60259E+00
 0.1076555E+01  0.60219E+00
 0.1077616E+01  0.60123E+00
 0.1078676E+01  0.59985E+00
 0.1079736E+01  0.59825E+00
 0.1080796E+01  0.59666E+00
 0.1081856E+01  0.59535E+00
 0.1082917E+01  0.59458E+00
 0.1083977E+01  0.59456E+00
 0.1085037E+01  0.59542E+00
 0.1086097E+01  0.59713E+00
 0.1087157E+01  0.59948E+00
 0.1088218E+01  0.60206E+00
 0.1089278E+01  0.60429E+00
 0.1090338E+01  0.60545E+00
 0.1091398E+01  0.60491E+00
 0.1092458E+01  0.60231E+00
 0.1093519E+01  0.59795E+00
 0.1094579E+01  0.59318E+00
 0.1095639E+01  0.59057E+00
 0.1096699E+01  0.59246E+00
 0.1097760E+01  0.58994E+00
 0.1098820E+01  0.58113E+00
 0.1099880E+01  0.58457E+00
 0.1100940E+01  0.58791E+00
 0.1102000E+01  0.59105E+00
 0.1103061E+01  0.59392E+00
 0.1104121E+01  0.59643E+00
 0.1105181E+01  0.59851E+00
 0.1106241E+01  0.60012E+00
 0.1107301E+01  0.60121E+00
 0.1108362E+01  0.60180E+00
 0.1109422E+01  0.60190E+00
 0.1110482E+01  0.60158E+00
 0.1111542E+01  0.60094E+00
 0.1112603E+01  0.60011E+00
 0.1113663E+01  0.59928E+00
 0.1114723E+01  0.59861E+00
 0.1115783E+01  0.59832E+00
 0.1116843E+01  0.59858E+00
 0.1117904E+01  0.59953E+00
 0.1118964E+01  0.60127E+00
 0.1120024E+01  0.60377E+00
 0.1121084E+01  0.60694E+00
 0.1122144E+01  0.61054E+00
 0.1123205E+01  0.61426E+00
 0.1124265E+01  0.61772E+00
 0.1125325E+01  0.62052E+00
 0.1126385E+01  0.62232E+00
 0.1127445E+01  0.62293E+00
 0.1128506E+01  0.62238E+00
 0.1129566E+01  0.62100E+00
 0.1130626E+01  0.61947E+00
 0.1131686E+01  0.61869E+00
 0.1132747E+01  0.61947E+00
 0.1133807E+01  0.62190E+00
 0.1134867E+01  0.62454E+00
 0.1135927E+01  0.62370E+00
 0.1136987E+01  0.61390E+00
 0.1138048E+01  0.59843E+00
 0.1139108E+01  0.59896E+00
 0.1140168E+01  0.59917E+00
 0.1141228E+01  0.59913E+00
 0.1142288E+01  0.59896E+00
 0.1143349E+01  0.59879E+00
 0.1144409E+01  0.59874E+00
 0.1145469E+01  0.59898E+00
 0.1146529E+01  0.59965E+00
 0.1147590E+01  0.60086E+00
 0.1148650E+01  0.60271E+00
 0.1149710E+01  0.60522E+00
 0.1150770E+01  0.60837E+00
 0.1151830E+01  0.61204E+00
 0.1152891E+01  0.61606E+00
 0.1153951E+01  0.62020E+00
 0.1155011E+01  0.62417E+00
 0.1156071E+01  0.62769E+00
 0.1157131E+01  0.63049E+00
 0.1158192E+01  0.63236E+00
 0.1159252E+01  0.63323E+00
 0.1160312E+01  0.63313E+00
 0.1161372E+01  0.63230E+00
 0.1162432E+01  0.63110E+00
 0.1163493E+01  0.63005E+00
 0.1164553E+01  0.62963E+00
 0.1165613E+01  0.63016E+00
 0.1166673E+01  0.63157E+00
 0.1167734E+01  0.63325E+00
 0.1168794E+01  0.63401E+00
 0.1169854E+01  0.63236E+00
 0.1170914E+01  0.62730E+00
 0.1171974E+01  0.61962E+00
 0.1173035E+01  0.61349E+00
 0.1174095E+01  0.61354E+00
 0.1175155E+01  0.60072E+00
 0.1176215E+01  0.60285E+00
 0.1177275E+01  0.60553E+00
 0.1178336E+01  0.60872E+00
 0.1179396E+01  0.61234E+00
 0.1180456E+01  0.61626E+00
 0.1181516E+01  0.62030E+00
 0.1182577E+01  0.62426E+00
 0.1183637E+01  0.62790E+00
 0.1184697E+01  0.63101E+00
 0.1185757E+01  0.63340E+00
 0.1186817E+01  0.63496E+00
 0.1187878E+01  0.63563E+00
 0.1188938E+01  0.63548E+00
 0.1189998E+01  0.63469E+00
 0.1191058E+01  0.63355E+00
 0.1192118E+01  0.63242E+00
 0.1193179E+01  0.63169E+00
 0.1194239E+01  0.63170E+00
 0.1195299E+01  0.63261E+00
 0.1196359E+01  0.63435E+00
 0.1197419E+01  0.63655E+00
 0.1198480E+01  0.63858E+00
 0.1199540E+01  0.63972E+00
 0.1200600E+01  0.63940E+00
 0.1201660E+01  0.63757E+00
 0.1202721E+01  0.63503E+00
 0.1203781E+01  0.63348E+00
 0.1204841E+01  0.63476E+00
 0.1205901E+01  0.63877E+00
 0.1206961E+01  0.64045E+00
 0.1208022E+01  0.62978E+00
 0.1209082E+01  0.62534E+00
 0.1210142E+01  0.62835E+00
 0.1211202E+01  0.63078E+00
 0.1212262E+01  0.63252E+00
 0.1213323E+01  0.63352E+00
 0.1214383E+01  0.63381E+00
 0.1215443E+01  0.63350E+00
 0.1216503E+01  0.63277E+00
 0.1217564E+01  0.63191E+00
 0.1218624E+01  0.63122E+00
 0.1219684E+01  0.63103E+00
 0.1220744E+01  0.63162E+00
 0.1221804E+01  0.63313E+00
 0.1222865E+01  0.63555E+00
 0.1223925E+01  0.63867E+00
 0.1224985E+01  0.64210E+00
 0.1226045E+01  0.64534E+00
 0.1227105E+01  0.64789E+00
 0.1228166E+01  0.64942E+00
 0.1229226E+01  0.64990E+00
 0.1230286E+01  0.64973E+00
 0.1231346E+01  0.64967E+00
 0.1232406E+01  0.65065E+00
 0.1233467E+01  0.65312E+00
 0.1234527E+01  0.65646E+00
 0.1235587E+01  0.65854E+00
 0.1236647E+01  0.65645E+00
 0.1237708E+01  0.64915E+00
 0.1238768E+01  0.64217E+00
 0.1239828E+01  0.63412E+00
 0.1240888E+01  0.62971E+00
 0.1241948E+01  0.62935E+00
 0.1243009E+01  0.62929E+00
 0.1244069E+01  0.62981E+00
 0.1245129E+01  0.63109E+00
 0.1246189E+01  0.63325E+00
 0.1247249E+01  0.63628E+00
 0.1248310E+01  0.63998E+00
 0.1249370E+01  0.64406E+00
 0.1250430E+01  0.64811E+00
 0.1251490E+01  0.65170E+00
 0.1252551E+01  0.65445E+00
 0.1253611E+01  0.65617E+00
 0.1254671E+01  0.65688E+00
 0.1255731E+01  0.65686E+00
 0.1256791E+01  0.65665E+00
 0.1257852E+01  0.65683E+00
 0.1258912E+01  0.65781E+00
 0.1259972E+01  0.65952E+00
 0.1261032E+01  0.66122E+00
 0.1262092E+01  0.66167E+00
 0.1263153E+01  0.65964E+00
 0.1264213E+01  0.65505E+00
 0.1265273E+01  0.64992E+00
 0.1266333E+01  0.64796E+00
 0.1267393E+01  0.64983E+00
 0.1268454E+01  0.64455E+00
 0.1269514E+01  0.63482E+00
 0.1270574E+01  0.63855E+00
 0.1271634E+01  0.64268E+00
 0.1272695E+01  0.64689E+00
 0.1273755E+01  0.65080E+00
 0.1274815E+01  0.65406E+00
 0.1275875E+01  0.65640E+00
 0.1276935E+01  0.65770E+00
 0.1277996E+01  0.65802E+00
 0.1279056E+01  0.65762E+00
 0.1280116E+01  0.65694E+00
 0.1281176E+01  0.65650E+00
 0.1282236E+01  0.65674E+00
 0.1283297E+01  0.65782E+00
 0.1284357E+01  0.65955E+00
 0.1285417E+01  0.66134E+00
 0.1286477E+01  0.66243E+00
 0.1287538E+01  0.66225E+00
 0.1288598E+01  0.66090E+00
 0.1289658E+01  0.65950E+00
 0.1290718E+01  0.65982E+00
 0.1291778E+01  0.66305E+00
 0.1292839E+01  0.66773E+00
 0.1293899E+01  0.66917E+00
 0.1294959E+01  0.66413E+00
 0.1296019E+01  0.66158E+00
 0.1297079E+01  0.65429E+00
 0.1298140E+01  0.65551E+00
 0.1299200E+01  0.65582E+00
 0.1300260E+01  0.65542E+00
 0.1301320E+01  0.65468E+00
 0.1302380E+01  0.65406E+00
 0.1303441E+01  0.65402E+00
 0.1304501E+01  0.65490E+00
 0.1305561E+01  0.65679E+00
 0.1306621E+01  0.65949E+00
 0.1307682E+01  0.66250E+00
 0.1308742E+01  0.66523E+00
 0.1309802E+01  0.66717E+00
 0.1310862E+01  0.66823E+00
 0.1311922E+01  0.66882E+00
 0.1312983E+01  0.66982E+00
 0.1314043E+01  0.67209E+00
 0.1315103E+01  0.67568E+00
 0.1316163E+01  0.67921E+00
 0.1317223E+01  0.68018E+00
 0.1318284E+01  0.67686E+00
 0.1319344E+01  0.67114E+00
 0.1320404E+01  0.66862E+00
 0.1321464E+01  0.66633E+00
 0.1322525E+01  0.65097E+00
 0.1323585E+01  0.65131E+00
 0.1324645E+01  0.65261E+00
 0.1325705E+01  0.65498E+00
 0.1326765E+01  0.65829E+00
 0.1327826E+01  0.66216E+00
 0.1328886E+01  0.66603E+00
 0.1329946E+01  0.66937E+00
 0.1331006E+01  0.67177E+00
 0.1332066E+01  0.67319E+00
 0.1333127E+01  0.67396E+00
 0.1334187E+01  0.67468E+00
 0.1335247E+01  0.67594E+00
 0.1336307E+01  0.67789E+00
 0.1337367E+01  0.67991E+00
 0.1338428E+01  0.68075E+00
 0.1339488E+01  0.67922E+00
 0.1340548E+01  0.67542E+00
 0.1341608E+01  0.67163E+00
 0.1342669E+01  0.67108E+00
 0.1343729E+01  0.67363E+00
 0.1344789E+01  0.67266E+00
 0.1345849E+01  0.66653E+00
 0.1346909E+01  0.66159E+00
 0.1347970E+01  0.66578E+00
 0.1349030E+01  0.66943E+00
 0.1350090E+01  0.67210E+00
 0.1351150E+01  0.67364E+00
 0.1352210E+01  0.67418E+00
 0.1353271E+01  0.67415E+00
 0.1354331E+01  0.67416E+00
 0.1355391E+01  0.67472E+00
 0.1356451E+01  0.67597E+00
 0.1357512E+01  0.67754E+00
 0.1358572E+01  0.67868E+00
 0.1359632E+01  0.67870E+00
 0.1360692E+01  0.67763E+00
 0.1361752E+01  0.67667E+00
 0.1362813E+01  0.67768E+00
 0.1363873E+01  0.68160E+00
 0.1364933E+01  0.68653E+00
 0.1365993E+01  0.68826E+00
 0.1367053E+01  0.68546E+00
 0.1368114E+01  0.68455E+00
 0.1369174E+01  0.68233E+00
 0.1370234E+01  0.67186E+00
 0.1371294E+01  0.67148E+00
 0.1372354E+01  0.67099E+00
 0.1373415E+01  0.67100E+00
 0.1374475E+01  0.67193E+00
 0.1375535E+01  0.67380E+00
 0.1376595E+01  0.67626E+00
 0.1377656E+01  0.67864E+00
 0.1378716E+01  0.68042E+00
 0.1379776E+01  0.68155E+00
 0.1380836E+01  0.68265E+00
 0.1381896E+01  0.68475E+00
 0.1382957E+01  0.68839E+00
 0.1384017E+01  0.69267E+00
 0.1385077E+01  0.69525E+00
 0.1386137E+01  0.69398E+00
 0.1387197E+01  0.68977E+00
 0.1388258E+01  0.68711E+00
 0.1389318E+01  0.68711E+00
 0.1390378E+01  0.68069E+00
 0.1391438E+01  0.67501E+00
 0.1392499E+01  0.67029E+00
 0.1393559E+01  0.67339E+00
 0.1394619E+01  0.67699E+00
 0.1395679E+01  0.68042E+00
 0.1396739E+01  0.68315E+00
 0.1397800E+01  0.68503E+00
 0.1398860E+01  0.68646E+00
 0.1399920E+01  0.68808E+00
 0.1400980E+01  0.69034E+00
 0.1402040E+01  0.69288E+00
 0.1403101E+01  0.69446E+00
 0.1404161E+01  0.69370E+00
 0.1405221E+01  0.69057E+00
 0.1406281E+01  0.68736E+00
 0.1407341E+01  0.68728E+00
 0.1408402E+01  0.69015E+00
 0.1409462E+01  0.69072E+00
 0.1410522E+01  0.68788E+00
 0.1411582E+01  0.69061E+00
 0.1412643E+01  0.68158E+00
 0.1413703E+01  0.68426E+00
 0.1414763E+01  0.68581E+00
 0.1415823E+01  0.68656E+00
 0.1416883E+01  0.68715E+00
 0.1417944E+01  0.68811E+00
 0.1419004E+01  0.68953E+00
 0.1420064E+01  0.69086E+00
 0.1421124E+01  0.69126E+00
 0.1422184E+01  0.69042E+00
 0.1423245E+01  0.68930E+00
 0.1424305E+01  0.68993E+00
 0.1425365E+01  0.69363E+00
 0.1426425E+01  0.69882E+00
 0.1427486E+01  0.70147E+00
 0.1428546E+01  0.70018E+00
 0.1429606E+01  0.69978E+00
 0.1430666E+01  0.70055E+00
 0.1431726E+01  0.69113E+00
 0.1432787E+01  0.68388E+00
 0.1433847E+01  0.68417E+00
 0.1434907E+01  0.68530E+00
 0.1435967E+01  0.68712E+00
 0.1437027E+01  0.68906E+00
 0.1438088E+01  0.69053E+00
 0.1439148E+01  0.69157E+00
 0.1440208E+01  0.69301E+00
 0.1441268E+01  0.69595E+00
 0.1442328E+01  0.70047E+00
 0.1443389E+01  0.70477E+00
 0.1444449E+01  0.70609E+00
 0.1445509E+01  0.70365E+00
 0.1446569E+01  0.70073E+00
 0.1447630E+01  0.70071E+00
 0.1448690E+01  0.69943E+00
 0.1449750E+01  0.69358E+00
 0.1450810E+01  0.69360E+00
 0.1451870E+01  0.68638E+00
 0.1452931E+01  0.68951E+00
 0.1453991E+01  0.69216E+00
 0.1455051E+01  0.69424E+00
 0.1456111E+01  0.69627E+00
 0.1457171E+01  0.69887E+00
 0.1458232E+01  0.70198E+00
 0.1459292E+01  0.70442E+00
 0.1460352E+01  0.70454E+00
 0.1461412E+01  0.70201E+00
 0.1462472E+01  0.69913E+00
 0.1463533E+01  0.69926E+00
 0.1464593E+01  0.70225E+00
 0.1465653E+01  0.70334E+00
 0.1466713E+01  0.70216E+00
 0.1467774E+01  0.70531E+00
 0.1468834E+01  0.70121E+00
 0.1469894E+01  0.69482E+00
 0.1470954E+01  0.69616E+00
 0.1472014E+01  0.69748E+00
 0.1473075E+01  0.69909E+00
 0.1474135E+01  0.70059E+00
 0.1475195E+01  0.70109E+00
 0.1476255E+01  0.70016E+00
 0.1477315E+01  0.69893E+00
 0.1478376E+01  0.69972E+00
 0.1479436E+01  0.70378E+00
 0.1480496E+01  0.70886E+00
 0.1481556E+01  0.71094E+00
 0.1482617E+01  0.71016E+00
 0.1483677E+01  0.71123E+00
 0.1484737E+01  0.71107E+00
 0.1485797E+01  0.70452E+00
 0.1486857E+01  0.69814E+00
 0.1487918E+01  0.69582E+00
 0.1488978E+01  0.69731E+00
 0.1490038E+01  0.69848E+00
 0.1491098E+01  0.69925E+00
 0.1492158E+01  0.70052E+00
 0.1493219E+01  0.70359E+00
 0.1494279E+01  0.70848E+00
 0.1495339E+01  0.71295E+00
 0.1496399E+01  0.71406E+00
 0.1497459E+01  0.71187E+00
 0.1498520E+01  0.71039E+00
 0.1499580E+01  0.71122E+00
 0.1500640E+01  0.70928E+00
 0.1501700E+01  0.70641E+00
 0.1502761E+01  0.70771E+00
 0.1503821E+01  0.69763E+00
 0.1504881E+01  0.69993E+00
 0.1505941E+01  0.70218E+00
 0.1507001E+01  0.70507E+00
 0.1508062E+01  0.70872E+00
 0.1509122E+01  0.71189E+00
 0.1510182E+01  0.71264E+00
 0.1511242E+01  0.71049E+00
 0.1512302E+01  0.70806E+00
 0.1513363E+01  0.70878E+00
 0.1514423E+01  0.71176E+00
 0.1515483E+01  0.71250E+00
 0.1516543E+01  0.71253E+00
 0.1517604E+01  0.71600E+00
 0.1518664E+01  0.71272E+00
 0.1519724E+01  0.71011E+00
 0.1520784E+01  0.70555E+00
 0.1521844E+01  0.70763E+00
 0.1522905E+01  0.70893E+00
 0.1523965E+01  0.70854E+00
 0.1525025E+01  0.70701E+00
 0.1526085E+01  0.70679E+00
 0.1527145E+01  0.70998E+00
 0.1528206E+01  0.71505E+00
 0.1529266E+01  0.71781E+00
 0.1530326E+01  0.71775E+00
 0.1531386E+01  0.71918E+00
 0.1532446E+01  0.72001E+00
 0.1533507E+01  0.71562E+00
 0.1534567E+01  0.71565E+00
 0.1535627E+01  0.70474E+00
 0.1536687E+01  0.70545E+00
 0.1537748E+01  0.70578E+00
 0.1538808E+01  0.70703E+00
 0.1539868E+01  0.71064E+00
 0.1540928E+01  0.71594E+00
 0.1541988E+01  0.71977E+00
 0.1543049E+01  0.71976E+00
 0.1544109E+01  0.71814E+00
 0.1545169E+01  0.71871E+00
 0.1546229E+01  0.71913E+00
 0.1547289E+01  0.71643E+00
 0.1548350E+01  0.71767E+00
 0.1549410E+01  0.71512E+00
 0.1550470E+01  0.71086E+00
 0.1551530E+01  0.70899E+00
 0.1552591E+01  0.71288E+00
 0.1553651E+01  0.71696E+00
 0.1554711E+01  0.71889E+00
 0.1555771E+01  0.71755E+00
 0.1556831E+01  0.71534E+00
 0.1557892E+01  0.71602E+00
 0.1558952E+01  0.71881E+00
 0.1560012E+01  0.71948E+00
 0.1561072E+01  0.72006E+00
 0.1562132E+01  0.72345E+00
 0.1563193E+01  0.72138E+00
 0.1564253E+01  0.72226E+00
 0.1565313E+01  0.71372E+00
 0.1566373E+01  0.71531E+00
 0.1567433E+01  0.71480E+00
 0.1568494E+01  0.71315E+00
 0.1569554E+01  0.71341E+00
 0.1570614E+01  0.71724E+00
 0.1571674E+01  0.72171E+00
 0.1572735E+01  0.72320E+00
 0.1573795E+01  0.72394E+00
 0.1574855E+01  0.72656E+00
 0.1575915E+01  0.72552E+00
 0.1576975E+01  0.72412E+00
 0.1578036E+01  0.72254E+00
 0.1579096E+01  0.71621E+00
 0.1580156E+01  0.71137E+00
 0.1581216E+01  0.71323E+00
 0.1582276E+01  0.71789E+00
 0.1583337E+01  0.72298E+00
 0.1584397E+01  0.72487E+00
 0.1585457E+01  0.72400E+00
 0.1586517E+01  0.72453E+00
 0.1587578E+01  0.72584E+00
 0.1588638E+01  0.72401E+00
 0.1589698E+01  0.72428E+00
 0.1590758E+01  0.72421E+00
 0.1591818E+01  0.72243E+00
 0.1592879E+01  0.71807E+00
 0.1593939E+01  0.72001E+00
 0.1594999E+01  0.72334E+00
 0.1596059E+01  0.72319E+00
 0.1597119E+01  0.72129E+00
 0.1598180E+01  0.72174E+00
 0.1599240E+01  0.72428E+00
 0.1600300E+01  0.72484E+00
 0.1601360E+01  0.72558E+00
 0.1602420E+01  0.72899E+00
 0.1603481E+01  0.72817E+00
 0.1604541E+01  0.73055E+00
 0.1605601E+01  0.72703E+00
 0.1606661E+01  0.72031E+00
 0.1607722E+01  0.71865E+00
 0.1608782E+01  0.71847E+00
 0.1609842E+01  0.72190E+00
 0.1610902E+01  0.72593E+00
 0.1611962E+01  0.72727E+00
 0.1613023E+01  0.72884E+00
 0.1614083E+01  0.73190E+00
 0.1615143E+01  0.73100E+00
 0.1616203E+01  0.73123E+00
 0.1617263E+01  0.72844E+00
 0.1618324E+01  0.72497E+00
 0.1619384E+01  0.71716E+00
 0.1620444E+01  0.72154E+00
 0.1621504E+01  0.72657E+00
 0.1622565E+01  0.72848E+00
 0.1623625E+01  0.72832E+00
 0.1624685E+01  0.72993E+00
 0.1625745E+01  0.73091E+00
 0.1626805E+01  0.72909E+00
 0.1627866E+01  0.73026E+00
 0.1628926E+01  0.72873E+00
 0.1629986E+01  0.73030E+00
 0.1631046E+01  0.72949E+00
 0.1632106E+01  0.72691E+00
 0.1633167E+01  0.72719E+00
 0.1634227E+01  0.72588E+00
 0.1635287E+01  0.72699E+00
 0.1636347E+01  0.72907E+00
 0.1637407E+01  0.72892E+00
 0.1638468E+01  0.73069E+00
 0.1639528E+01  0.73371E+00
 0.1640588E+01  0.73402E+00
 0.1641648E+01  0.73703E+00
 0.1642709E+01  0.73372E+00
 0.1643769E+01  0.72320E+00
 0.1644829E+01  0.72292E+00
 0.1645889E+01  0.72610E+00
 0.1646949E+01  0.72945E+00
 0.1648010E+01  0.73056E+00
 0.1649070E+01  0.73321E+00
 0.1650130E+01  0.73631E+00
 0.1651190E+01  0.73559E+00
 0.1652250E+01  0.73653E+00
 0.1653311E+01  0.73199E+00
 0.1654371E+01  0.73027E+00
 0.1655431E+01  0.72412E+00
 0.1656491E+01  0.72907E+00
 0.1657552E+01  0.73126E+00
 0.1658612E+01  0.73186E+00
 0.1659672E+01  0.73423E+00
 0.1660732E+01  0.73494E+00
 0.1661792E+01  0.73333E+00
 0.1662853E+01  0.73449E+00
 0.1663913E+01  0.73313E+00
 0.1664973E+01  0.73698E+00
 0.1666033E+01  0.73727E+00
 0.1667093E+01  0.73049E+00
 0.1668154E+01  0.72976E+00
 0.1669214E+01  0.73083E+00
 0.1670274E+01  0.73268E+00
 0.1671334E+01  0.73225E+00
 0.1672394E+01  0.73405E+00
 0.1673455E+01  0.73730E+00
 0.1674515E+01  0.73884E+00
 0.1675575E+01  0.74166E+00
 0.1676635E+01  0.73811E+00
 0.1677696E+01  0.73207E+00
 0.1678756E+01  0.72826E+00
 0.1679816E+01  0.73150E+00
 0.1680876E+01  0.73278E+00
 0.1681936E+01  0.73526E+00
 0.1682997E+01  0.73931E+00
 0.1684057E+01  0.73954E+00
 0.1685117E+01  0.74026E+00
 0.1686177E+01  0.73667E+00
 0.1687237E+01  0.73660E+00
 0.1688298E+01  0.73648E+00
 0.1689358E+01  0.73254E+00
 0.1690418E+01  0.73385E+00
 0.1691478E+01  0.73609E+00
 0.1692539E+01  0.73853E+00
 0.1693599E+01  0.73717E+00
 0.1694659E+01  0.73731E+00
 0.1695719E+01  0.73723E+00
 0.1696779E+01  0.74005E+00
 0.1697840E+01  0.74164E+00
 0.1698900E+01  0.73961E+00
 0.1699960E+01  0.73292E+00
 0.1701020E+01  0.73478E+00
 0.1702080E+01  0.73564E+00
 0.1703141E+01  0.73500E+00
 0.1704201E+01  0.73819E+00
 0.1705261E+01  0.74079E+00
 0.1706321E+01  0.74422E+00
 0.1707381E+01  0.74321E+00
 0.1708442E+01  0.74103E+00
 0.1709502E+01  0.73743E+00
 0.1710562E+01  0.73373E+00
 0.1711622E+01  0.73474E+00
 0.1712683E+01  0.73759E+00
 0.1713743E+01  0.74199E+00
 0.1714803E+01  0.74252E+00
 0.1715863E+01  0.74311E+00
 0.1716923E+01  0.73964E+00
 0.1717984E+01  0.74134E+00
 0.1719044E+01  0.74221E+00
 0.1720104E+01  0.73514E+00
 0.1721164E+01  0.73728E+00
 0.1722224E+01  0.74079E+00
 0.1723285E+01  0.74047E+00
 0.1724345E+01  0.73968E+00
 0.1725405E+01  0.74029E+00
 0.1726465E+01  0.74235E+00
 0.1727526E+01  0.74562E+00
 0.1728586E+01  0.74550E+00
 0.1729646E+01  0.74086E+00
 0.1730706E+01  0.73808E+00
 0.1731766E+01  0.73764E+00
 0.1732827E+01  0.73791E+00
 0.1733887E+01  0.74179E+00
 0.1734947E+01  0.74442E+00
 0.1736007E+01  0.74762E+00
 0.1737067E+01  0.74454E+00
 0.1738128E+01  0.74315E+00
 0.1739188E+01  0.74074E+00
 0.1740248E+01  0.73630E+00
 0.1741308E+01  0.73910E+00
 0.1742368E+01  0.74391E+00
 0.1743429E+01  0.74485E+00
 0.1744489E+01  0.74535E+00
 0.1745549E+01  0.74260E+00
 0.1746609E+01  0.74520E+00
 0.1747670E+01  0.74579E+00
 0.1748730E+01  0.74334E+00
 0.1749790E+01  0.74120E+00
 0.1750850E+01  0.74335E+00
 0.1751910E+01  0.74184E+00
 0.1752971E+01  0.74255E+00
 0.1754031E+01  0.74338E+00
 0.1755091E+01  0.74816E+00
 0.1756151E+01  0.74772E+00
 0.1757211E+01  0.74636E+00
 0.1758272E+01  0.74341E+00
 0.1759332E+01  0.73948E+00
 0.1760392E+01  0.74016E+00
 0.1761452E+01  0.74403E+00
 0.1762513E+01  0.74711E+00
 0.1763573E+01  0.74903E+00
 0.1764633E+01  0.74744E+00
 0.1765693E+01  0.74671E+00
 0.1766753E+01  0.74411E+00
 0.1767814E+01  0.73883E+00
 0.1768874E+01  0.74403E+00
 0.1769934E+01  0.74644E+00
 0.1770994E+01  0.74726E+00
 0.1772054E+01  0.74552E+00
 0.1773115E+01  0.74759E+00
 0.1774175E+01  0.74744E+00
 0.1775235E+01  0.74669E+00
 0.1776295E+01  0.74426E+00
 0.1777355E+01  0.74490E+00
 0.1778416E+01  0.74373E+00
 0.1779476E+01  0.74456E+00
 0.1780536E+01  0.74662E+00
 0.1781596E+01  0.74977E+00
 0.1782657E+01  0.75053E+00
 0.1783717E+01  0.75073E+00
 0.1784777E+01  0.74676E+00
 0.1785837E+01  0.74092E+00
 0.1786897E+01  0.74444E+00
 0.1787958E+01  0.74748E+00
 0.1789018E+01  0.75063E+00
 0.1790078E+01  0.74935E+00
 0.1791138E+01  0.75032E+00
 0.1792198E+01  0.74885E+00
 0.1793259E+01  0.74467E+00
 0.1794319E+01  0.74579E+00
 0.1795379E+01  0.74781E+00
 0.1796439E+01  0.74879E+00
 0.1797500E+01  0.74750E+00
 0.1798560E+01  0.75007E+00
 0.1799620E+01  0.74971E+00
 0.1800680E+01  0.75080E+00
 0.1801740E+01  0.75040E+00
 0.1802801E+01  0.74544E+00
 0.1803861E+01  0.74599E+00
 0.1804921E+01  0.74698E+00
 0.1805981E+01  0.75086E+00
 0.1807041E+01  0.75126E+00
 0.1808102E+01  0.75312E+00
 0.1809162E+01  0.75095E+00
 0.1810222E+01  0.74243E+00
 0.1811282E+01  0.74584E+00
 0.1812342E+01  0.74883E+00
 0.1813403E+01  0.75158E+00
 0.1814463E+01  0.75172E+00
 0.1815523E+01  0.75198E+00
 0.1816583E+01  0.75004E+00
 0.1817644E+01  0.74952E+00
 0.1818704E+01  0.74801E+00
 0.1819764E+01  0.74949E+00
 0.1820824E+01  0.74961E+00
 0.1821884E+01  0.75084E+00
 0.1822945E+01  0.75032E+00
 0.1824005E+01  0.75259E+00
 0.1825065E+01  0.75507E+00
 0.1826125E+01  0.74795E+00
 0.1827185E+01  0.74733E+00
 0.1828246E+01  0.74818E+00
 0.1829306E+01  0.75153E+00
 0.1830366E+01  0.75262E+00
 0.1831426E+01  0.75534E+00
 0.1832486E+01  0.75309E+00
 0.1833547E+01  0.74942E+00
 0.1834607E+01  0.74757E+00
 0.1835667E+01  0.75076E+00
 0.1836727E+01  0.75230E+00
 0.1837788E+01  0.75465E+00
 0.1838848E+01  0.75243E+00
 0.1839908E+01  0.75154E+00
 0.1840968E+01  0.75400E+00
 0.1842028E+01  0.74965E+00
 0.1843089E+01  0.75114E+00
 0.1844149E+01  0.75147E+00
 0.1845209E+01  0.75168E+00
 0.1846269E+01  0.75399E+00
 0.1847329E+01  0.75742E+00
 0.1848390E+01  0.75462E+00
 0.1849450E+01  0.74863E+00
 0.1850510E+01  0.74941E+00
 0.1851570E+01  0.75211E+00
 0.1852631E+01  0.75458E+00
 0.1853691E+01  0.75664E+00
 0.1854751E+01  0.75385E+00
 0.1855811E+01  0.75278E+00
 0.1856871E+01  0.74910E+00
 0.1857932E+01  0.75255E+00
 0.1858992E+01  0.75417E+00
 0.1860052E+01  0.75500E+00
 0.1861112E+01  0.75369E+00
 0.1862172E+01  0.75626E+00
 0.1863233E+01  0.75459E+00
 0.1864293E+01  0.75191E+00
 0.1865353E+01  0.75228E+00
 0.1866413E+01  0.75280E+00
 0.1867473E+01  0.75442E+00
 0.1868534E+01  0.75795E+00
 0.1869594E+01  0.75679E+00
 0.1870654E+01  0.75294E+00
 0.1871714E+01  0.75041E+00
 0.1872775E+01  0.75254E+00
 0.1873835E+01  0.75662E+00
 0.1874895E+01  0.75726E+00
 0.1875955E+01  0.75510E+00
 0.1877015E+01  0.75536E+00
 0.1878076E+01  0.75072E+00
 0.1879136E+01  0.75374E+00
 0.1880196E+01  0.75668E+00
 0.1881256E+01  0.75416E+00
 0.1882316E+01  0.75546E+00
 0.1883377E+01  0.75709E+00
 0.1884437E+01  0.75680E+00
 0.1885497E+01  0.75306E+00
 0.1886557E+01  0.75374E+00
 0.1887618E+01  0.75405E+00
 0.1888678E+01  0.75809E+00
 0.1889738E+01  0.75793E+00
 0.1890798E+01  0.75743E+00
 0.1891858E+01  0.75104E+00
 0.1892919E+01  0.75290E+00
 0.1893979E+01  0.75784E+00
 0.1895039E+01  0.75769E+00
 0.1896099E+01  0.75682E+00
 0.1897159E+01  0.75685E+00
 0.1898220E+01  0.75460E+00
 0.1899280E+01  0.75519E+00
 0.1900340E+01  0.75678E+00
 0.1901400E+01  0.75576E+00
 0.1902460E+01  0.75815E+00
 0.1903521E+01  0.75909E+00
 0.1904581E+01  0.75762E+00
 0.1905641E+01  0.75433E+00
 0.1906701E+01  0.75334E+00
 0.1907762E+01  0.75818E+00
 0.1908822E+01  0.75962E+00
 0.1909882E+01  0.75995E+00
 0.1910942E+01  0.75659E+00
 0.1912002E+01  0.75296E+00
 0.1913063E+01  0.75785E+00
 0.1914123E+01  0.75805E+00
 0.1915183E+01  0.75811E+00
 0.1916243E+01  0.75765E+00
 0.1917303E+01  0.75806E+00
 0.1918364E+01  0.75629E+00
 0.1919424E+01  0.75633E+00
 0.1920484E+01  0.75729E+00
 0.1921544E+01  0.75913E+00
 0.1922605E+01  0.76084E+00
 0.1923665E+01  0.75939E+00
 0.1924725E+01  0.75430E+00
 0.1925785E+01  0.75619E+00
 0.1926845E+01  0.75887E+00
 0.1927906E+01  0.76021E+00
 0.1928966E+01  0.75978E+00
 0.1930026E+01  0.75633E+00
 0.1931086E+01  0.75607E+00
 0.1932146E+01  0.75852E+00
 0.1933207E+01  0.75932E+00
 0.1934267E+01  0.75915E+00
 0.1935327E+01  0.75919E+00
 0.1936387E+01  0.75824E+00
 0.1937447E+01  0.75679E+00
 0.1938508E+01  0.75795E+00
 0.1939568E+01  0.75921E+00
 0.1940628E+01  0.76194E+00
 0.1941688E+01  0.76082E+00
 0.1942749E+01  0.75428E+00
 0.1943809E+01  0.75763E+00
 0.1944869E+01  0.75943E+00
 0.1945929E+01  0.76175E+00
 0.1946989E+01  0.76046E+00
 0.1948050E+01  0.75805E+00
 0.1949110E+01  0.75840E+00
 0.1950170E+01  0.75888E+00
 0.1951230E+01  0.75986E+00
 0.1952290E+01  0.75924E+00
 0.1953351E+01  0.76182E+00
 0.1954411E+01  0.75770E+00
 0.1955471E+01  0.75732E+00
 0.1956531E+01  0.75838E+00
 0.1957592E+01  0.76071E+00
 0.1958652E+01  0.76291E+00
 0.1959712E+01  0.75929E+00
 0.1960772E+01  0.75705E+00
 0.1961832E+01  0.75885E+00
 0.1962893E+01  0.76194E+00
 0.1963953E+01  0.76084E+00
 0.1965013E+01  0.76005E+00
 0.1966073E+01  0.75829E+00
 0.1967133E+01  0.75952E+00
 0.1968194E+01  0.76015E+00
 0.1969254E+01  0.76021E+00
 0.1970314E+01  0.76306E+00
 0.1971374E+01  0.75959E+00
 0.1972434E+01  0.75874E+00
 0.1973495E+01  0.75901E+00
 0.1974555E+01  0.76298E+00
 0.1975615E+01  0.76331E+00
 0.1976675E+01  0.75992E+00
 0.1977736E+01  0.75799E+00
 0.1978796E+01  0.76127E+00
 0.1979856E+01  0.76256E+00
 0.1980916E+01  0.76102E+00
 0.1981976E+01  0.76237E+00
 0.1983037E+01  0.75844E+00
 0.1984097E+01  0.76065E+00
 0.1985157E+01  0.75974E+00
 0.1986217E+01  0.76250E+00
 0.1987277E+01  0.76332E+00
 0.1988338E+01  0.75871E+00
 0.1989398E+01  0.75848E+00
 0.1990458E+01  0.76257E+00
 0.1991518E+01  0.76389E+00
 0.1992579E+01  0.76123E+00
 0.1993639E+01  0.75757E+00
 0.1994699E+01  0.76167E+00
 0.1995759E+01  0.76237E+00
 0.1996819E+01  0.76150E+00
 0.1997880E+01  0.76352E+00
 0.1998940E+01  0.75954E+00
 0.2000000E+01  0.76016E+00
