-0.3300000E+01 -0.23667E+02
-0.3298667E+01 -0.23658E+02
-0.3297333E+01 -0.23648E+02
-0.3296000E+01 -0.23639E+02
-0.3294667E+01 -0.23630E+02
-0.3293333E+01 -0.23620E+02
-0.3292000E+01 -0.23611E+02
-0.3290666E+01 -0.23602E+02
-0.3289333E+01 -0.23592E+02
-0.3288000E+01 -0.23583E+02
-0.3286666E+01 -0.23574E+02
-0.3285333E+01 -0.23564E+02
-0.3284000E+01 -0.23555E+02
-0.3282666E+01 -0.23546E+02
-0.3281333E+01 -0.23536E+02
-0.3280000E+01 -0.23527E+02
-0.3278666E+01 -0.23518E+02
-0.3277333E+01 -0.23508E+02
-0.3275999E+01 -0.23499E+02
-0.3274666E+01 -0.23490E+02
-0.3273333E+01 -0.23480E+02
-0.3271999E+01 -0.23471E+02
-0.3270666E+01 -0.23462E+02
-0.3269333E+01 -0.23452E+02
-0.3267999E+01 -0.23443E+02
-0.3266666E+01 -0.23434E+02
-0.3265333E+01 -0.23424E+02
-0.3263999E+01 -0.23415E+02
-0.3262666E+01 -0.23406E+02
-0.3261332E+01 -0.23396E+02
-0.3259999E+01 -0.23387E+02
-0.3258666E+01 -0.23378E+02
-0.3257332E+01 -0.23368E+02
-0.3255999E+01 -0.23359E+02
-0.3254666E+01 -0.23350E+02
-0.3253332E+01 -0.23340E+02
-0.3251999E+01 -0.23331E+02
-0.3250666E+01 -0.23322E+02
-0.3249332E+01 -0.23312E+02
-0.3247999E+01 -0.23303E+02
-0.3246666E+01 -0.23294E+02
-0.3245332E+01 -0.23284E+02
-0.3243999E+01 -0.23275E+02
-0.3242665E+01 -0.23266E+02
-0.3241332E+01 -0.23256E+02
-0.3239999E+01 -0.23247E+02
-0.3238665E+01 -0.23238E+02
-0.3237332E+01 -0.23228E+02
-0.3235999E+01 -0.23219E+02
-0.3234665E+01 -0.23210E+02
-0.3233332E+01 -0.23200E+02
-0.3231999E+01 -0.23191E+02
-0.3230665E+01 -0.23182E+02
-0.3229332E+01 -0.23172E+02
-0.3227998E+01 -0.23163E+02
-0.3226665E+01 -0.23154E+02
-0.3225332E+01 -0.23144E+02
-0.3223998E+01 -0.23135E+02
-0.3222665E+01 -0.23126E+02
-0.3221332E+01 -0.23116E+02
-0.3219998E+01 -0.23107E+02
-0.3218665E+01 -0.23098E+02
-0.3217332E+01 -0.23088E+02
-0.3215998E+01 -0.23079E+02
-0.3214665E+01 -0.23070E+02
-0.3213331E+01 -0.23060E+02
-0.3211998E+01 -0.23051E+02
-0.3210665E+01 -0.23042E+02
-0.3209331E+01 -0.23032E+02
-0.3207998E+01 -0.23023E+02
-0.3206665E+01 -0.23014E+02
-0.3205331E+01 -0.23004E+02
-0.3203998E+01 -0.22995E+02
-0.3202665E+01 -0.22986E+02
-0.3201331E+01 -0.22976E+02
-0.3199998E+01 -0.22967E+02
-0.3198665E+01 -0.22958E+02
-0.3197331E+01 -0.22948E+02
-0.3195998E+01 -0.22939E+02
-0.3194664E+01 -0.22930E+02
-0.3193331E+01 -0.22920E+02
-0.3191998E+01 -0.22911E+02
-0.3190664E+01 -0.22902E+02
-0.3189331E+01 -0.22892E+02
-0.3187998E+01 -0.22883E+02
-0.3186664E+01 -0.22874E+02
-0.3185331E+01 -0.22864E+02
-0.3183998E+01 -0.22855E+02
-0.3182664E+01 -0.22846E+02
-0.3181331E+01 -0.22836E+02
-0.3179997E+01 -0.22827E+02
-0.3178664E+01 -0.22818E+02
-0.3177331E+01 -0.22808E+02
-0.3175997E+01 -0.22799E+02
-0.3174664E+01 -0.22790E+02
-0.3173331E+01 -0.22780E+02
-0.3171997E+01 -0.22771E+02
-0.3170664E+01 -0.22762E+02
-0.3169331E+01 -0.22752E+02
-0.3167997E+01 -0.22743E+02
-0.3166664E+01 -0.22734E+02
-0.3165330E+01 -0.22724E+02
-0.3163997E+01 -0.22715E+02
-0.3162664E+01 -0.22706E+02
-0.3161330E+01 -0.22696E+02
-0.3159997E+01 -0.22687E+02
-0.3158664E+01 -0.22678E+02
-0.3157330E+01 -0.22668E+02
-0.3155997E+01 -0.22659E+02
-0.3154664E+01 -0.22650E+02
-0.3153330E+01 -0.22640E+02
-0.3151997E+01 -0.22631E+02
-0.3150664E+01 -0.22622E+02
-0.3149330E+01 -0.22612E+02
-0.3147997E+01 -0.22603E+02
-0.3146663E+01 -0.22594E+02
-0.3145330E+01 -0.22584E+02
-0.3143997E+01 -0.22575E+02
-0.3142663E+01 -0.22566E+02
-0.3141330E+01 -0.22556E+02
-0.3139997E+01 -0.22547E+02
-0.3138663E+01 -0.22538E+02
-0.3137330E+01 -0.22528E+02
-0.3135997E+01 -0.22519E+02
-0.3134663E+01 -0.22510E+02
-0.3133330E+01 -0.22500E+02
-0.3131996E+01 -0.22491E+02
-0.3130663E+01 -0.22482E+02
-0.3129330E+01 -0.22472E+02
-0.3127996E+01 -0.22463E+02
-0.3126663E+01 -0.22454E+02
-0.3125330E+01 -0.22444E+02
-0.3123996E+01 -0.22435E+02
-0.3122663E+01 -0.22426E+02
-0.3121330E+01 -0.22416E+02
-0.3119996E+01 -0.22407E+02
-0.3118663E+01 -0.22398E+02
-0.3117329E+01 -0.22388E+02
-0.3115996E+01 -0.22379E+02
-0.3114663E+01 -0.22370E+02
-0.3113329E+01 -0.22360E+02
-0.3111996E+01 -0.22351E+02
-0.3110663E+01 -0.22342E+02
-0.3109329E+01 -0.22332E+02
-0.3107996E+01 -0.22323E+02
-0.3106663E+01 -0.22314E+02
-0.3105329E+01 -0.22304E+02
-0.3103996E+01 -0.22295E+02
-0.3102663E+01 -0.22286E+02
-0.3101329E+01 -0.22276E+02
-0.3099996E+01 -0.22267E+02
-0.3098662E+01 -0.22258E+02
-0.3097329E+01 -0.22248E+02
-0.3095996E+01 -0.22239E+02
-0.3094662E+01 -0.22230E+02
-0.3093329E+01 -0.22220E+02
-0.3091996E+01 -0.22211E+02
-0.3090662E+01 -0.22202E+02
-0.3089329E+01 -0.22192E+02
-0.3087996E+01 -0.22183E+02
-0.3086662E+01 -0.22174E+02
-0.3085329E+01 -0.22164E+02
-0.3083995E+01 -0.22155E+02
-0.3082662E+01 -0.22146E+02
-0.3081329E+01 -0.22136E+02
-0.3079995E+01 -0.22127E+02
-0.3078662E+01 -0.22118E+02
-0.3077329E+01 -0.22108E+02
-0.3075995E+01 -0.22099E+02
-0.3074662E+01 -0.22090E+02
-0.3073329E+01 -0.22080E+02
-0.3071995E+01 -0.22071E+02
-0.3070662E+01 -0.22062E+02
-0.3069328E+01 -0.22052E+02
-0.3067995E+01 -0.22043E+02
-0.3066662E+01 -0.22034E+02
-0.3065328E+01 -0.22024E+02
-0.3063995E+01 -0.22015E+02
-0.3062662E+01 -0.22006E+02
-0.3061328E+01 -0.21996E+02
-0.3059995E+01 -0.21987E+02
-0.3058662E+01 -0.21978E+02
-0.3057328E+01 -0.21968E+02
-0.3055995E+01 -0.21959E+02
-0.3054662E+01 -0.21950E+02
-0.3053328E+01 -0.21940E+02
-0.3051995E+01 -0.21931E+02
-0.3050661E+01 -0.21922E+02
-0.3049328E+01 -0.21912E+02
-0.3047995E+01 -0.21903E+02
-0.3046661E+01 -0.21894E+02
-0.3045328E+01 -0.21884E+02
-0.3043995E+01 -0.21875E+02
-0.3042661E+01 -0.21866E+02
-0.3041328E+01 -0.21856E+02
-0.3039995E+01 -0.21847E+02
-0.3038661E+01 -0.21838E+02
-0.3037328E+01 -0.21828E+02
-0.3035994E+01 -0.21819E+02
-0.3034661E+01 -0.21810E+02
-0.3033328E+01 -0.21800E+02
-0.3031994E+01 -0.21791E+02
-0.3030661E+01 -0.21782E+02
-0.3029328E+01 -0.21772E+02
-0.3027994E+01 -0.21763E+02
-0.3026661E+01 -0.21754E+02
-0.3025328E+01 -0.21744E+02
-0.3023994E+01 -0.21735E+02
-0.3022661E+01 -0.21726E+02
-0.3021327E+01 -0.21716E+02
-0.3019994E+01 -0.21707E+02
-0.3018661E+01 -0.21698E+02
-0.3017327E+01 -0.21688E+02
-0.3015994E+01 -0.21679E+02
-0.3014661E+01 -0.21670E+02
-0.3013327E+01 -0.21660E+02
-0.3011994E+01 -0.21651E+02
-0.3010661E+01 -0.21642E+02
-0.3009327E+01 -0.21632E+02
-0.3007994E+01 -0.21623E+02
-0.3006661E+01 -0.21614E+02
-0.3005327E+01 -0.21604E+02
-0.3003994E+01 -0.21595E+02
-0.3002660E+01 -0.21586E+02
-0.3001327E+01 -0.21576E+02
-0.2999994E+01 -0.21567E+02
-0.2998660E+01 -0.21558E+02
-0.2997327E+01 -0.21548E+02
-0.2995994E+01 -0.21539E+02
-0.2994660E+01 -0.21530E+02
-0.2993327E+01 -0.21520E+02
-0.2991994E+01 -0.21511E+02
-0.2990660E+01 -0.21502E+02
-0.2989327E+01 -0.21492E+02
-0.2987993E+01 -0.21483E+02
-0.2986660E+01 -0.21474E+02
-0.2985327E+01 -0.21464E+02
-0.2983993E+01 -0.21455E+02
-0.2982660E+01 -0.21446E+02
-0.2981327E+01 -0.21436E+02
-0.2979993E+01 -0.21427E+02
-0.2978660E+01 -0.21418E+02
-0.2977327E+01 -0.21408E+02
-0.2975993E+01 -0.21399E+02
-0.2974660E+01 -0.21390E+02
-0.2973326E+01 -0.21380E+02
-0.2971993E+01 -0.21371E+02
-0.2970660E+01 -0.21362E+02
-0.2969326E+01 -0.21352E+02
-0.2967993E+01 -0.21343E+02
-0.2966660E+01 -0.21334E+02
-0.2965326E+01 -0.21324E+02
-0.2963993E+01 -0.21315E+02
-0.2962660E+01 -0.21306E+02
-0.2961326E+01 -0.21296E+02
-0.2959993E+01 -0.21287E+02
-0.2958660E+01 -0.21278E+02
-0.2957326E+01 -0.21268E+02
-0.2955993E+01 -0.21259E+02
-0.2954659E+01 -0.21250E+02
-0.2953326E+01 -0.21240E+02
-0.2951993E+01 -0.21231E+02
-0.2950659E+01 -0.21222E+02
-0.2949326E+01 -0.21213E+02
-0.2947993E+01 -0.21203E+02
-0.2946659E+01 -0.21194E+02
-0.2945326E+01 -0.21185E+02
-0.2943993E+01 -0.21175E+02
-0.2942659E+01 -0.21166E+02
-0.2941326E+01 -0.21157E+02
-0.2939992E+01 -0.21147E+02
-0.2938659E+01 -0.21138E+02
-0.2937326E+01 -0.21129E+02
-0.2935992E+01 -0.21119E+02
-0.2934659E+01 -0.21110E+02
-0.2933326E+01 -0.21101E+02
-0.2931992E+01 -0.21091E+02
-0.2930659E+01 -0.21082E+02
-0.2929326E+01 -0.21073E+02
-0.2927992E+01 -0.21063E+02
-0.2926659E+01 -0.21054E+02
-0.2925325E+01 -0.21045E+02
-0.2923992E+01 -0.21035E+02
-0.2922659E+01 -0.21026E+02
-0.2921325E+01 -0.21017E+02
-0.2919992E+01 -0.21007E+02
-0.2918659E+01 -0.20998E+02
-0.2917325E+01 -0.20989E+02
-0.2915992E+01 -0.20979E+02
-0.2914659E+01 -0.20970E+02
-0.2913325E+01 -0.20961E+02
-0.2911992E+01 -0.20951E+02
-0.2910659E+01 -0.20942E+02
-0.2909325E+01 -0.20933E+02
-0.2907992E+01 -0.20923E+02
-0.2906658E+01 -0.20914E+02
-0.2905325E+01 -0.20905E+02
-0.2903992E+01 -0.20895E+02
-0.2902658E+01 -0.20886E+02
-0.2901325E+01 -0.20877E+02
-0.2899992E+01 -0.20867E+02
-0.2898658E+01 -0.20858E+02
-0.2897325E+01 -0.20849E+02
-0.2895992E+01 -0.20839E+02
-0.2894658E+01 -0.20830E+02
-0.2893325E+01 -0.20821E+02
-0.2891991E+01 -0.20811E+02
-0.2890658E+01 -0.20802E+02
-0.2889325E+01 -0.20793E+02
-0.2887991E+01 -0.20783E+02
-0.2886658E+01 -0.20774E+02
-0.2885325E+01 -0.20765E+02
-0.2883991E+01 -0.20755E+02
-0.2882658E+01 -0.20746E+02
-0.2881325E+01 -0.20737E+02
-0.2879991E+01 -0.20727E+02
-0.2878658E+01 -0.20718E+02
-0.2877324E+01 -0.20709E+02
-0.2875991E+01 -0.20699E+02
-0.2874658E+01 -0.20690E+02
-0.2873324E+01 -0.20681E+02
-0.2871991E+01 -0.20671E+02
-0.2870658E+01 -0.20662E+02
-0.2869324E+01 -0.20653E+02
-0.2867991E+01 -0.20643E+02
-0.2866658E+01 -0.20634E+02
-0.2865324E+01 -0.20625E+02
-0.2863991E+01 -0.20615E+02
-0.2862658E+01 -0.20606E+02
-0.2861324E+01 -0.20597E+02
-0.2859991E+01 -0.20587E+02
-0.2858657E+01 -0.20578E+02
-0.2857324E+01 -0.20569E+02
-0.2855991E+01 -0.20559E+02
-0.2854657E+01 -0.20550E+02
-0.2853324E+01 -0.20541E+02
-0.2851991E+01 -0.20531E+02
-0.2850657E+01 -0.20522E+02
-0.2849324E+01 -0.20513E+02
-0.2847991E+01 -0.20503E+02
-0.2846657E+01 -0.20494E+02
-0.2845324E+01 -0.20485E+02
-0.2843990E+01 -0.20475E+02
-0.2842657E+01 -0.20466E+02
-0.2841324E+01 -0.20457E+02
-0.2839990E+01 -0.20447E+02
-0.2838657E+01 -0.20438E+02
-0.2837324E+01 -0.20429E+02
-0.2835990E+01 -0.20419E+02
-0.2834657E+01 -0.20410E+02
-0.2833324E+01 -0.20401E+02
-0.2831990E+01 -0.20391E+02
-0.2830657E+01 -0.20382E+02
-0.2829323E+01 -0.20373E+02
-0.2827990E+01 -0.20363E+02
-0.2826657E+01 -0.20354E+02
-0.2825323E+01 -0.20345E+02
-0.2823990E+01 -0.20335E+02
-0.2822657E+01 -0.20326E+02
-0.2821323E+01 -0.20317E+02
-0.2819990E+01 -0.20307E+02
-0.2818657E+01 -0.20298E+02
-0.2817323E+01 -0.20289E+02
-0.2815990E+01 -0.20279E+02
-0.2814657E+01 -0.20270E+02
-0.2813323E+01 -0.20261E+02
-0.2811990E+01 -0.20251E+02
-0.2810656E+01 -0.20242E+02
-0.2809323E+01 -0.20233E+02
-0.2807990E+01 -0.20223E+02
-0.2806656E+01 -0.20214E+02
-0.2805323E+01 -0.20205E+02
-0.2803990E+01 -0.20195E+02
-0.2802656E+01 -0.20186E+02
-0.2801323E+01 -0.20177E+02
-0.2799990E+01 -0.20167E+02
-0.2798656E+01 -0.20158E+02
-0.2797323E+01 -0.20149E+02
-0.2795989E+01 -0.20139E+02
-0.2794656E+01 -0.20130E+02
-0.2793323E+01 -0.20121E+02
-0.2791989E+01 -0.20111E+02
-0.2790656E+01 -0.20102E+02
-0.2789323E+01 -0.20093E+02
-0.2787989E+01 -0.20083E+02
-0.2786656E+01 -0.20074E+02
-0.2785323E+01 -0.20065E+02
-0.2783989E+01 -0.20055E+02
-0.2782656E+01 -0.20046E+02
-0.2781322E+01 -0.20037E+02
-0.2779989E+01 -0.20027E+02
-0.2778656E+01 -0.20018E+02
-0.2777322E+01 -0.20009E+02
-0.2775989E+01 -0.19999E+02
-0.2774656E+01 -0.19990E+02
-0.2773322E+01 -0.19981E+02
-0.2771989E+01 -0.19971E+02
-0.2770656E+01 -0.19962E+02
-0.2769322E+01 -0.19953E+02
-0.2767989E+01 -0.19943E+02
-0.2766656E+01 -0.19934E+02
-0.2765322E+01 -0.19925E+02
-0.2763989E+01 -0.19915E+02
-0.2762655E+01 -0.19906E+02
-0.2761322E+01 -0.19897E+02
-0.2759989E+01 -0.19887E+02
-0.2758655E+01 -0.19878E+02
-0.2757322E+01 -0.19869E+02
-0.2755989E+01 -0.19859E+02
-0.2754655E+01 -0.19850E+02
-0.2753322E+01 -0.19841E+02
-0.2751989E+01 -0.19831E+02
-0.2750655E+01 -0.19822E+02
-0.2749322E+01 -0.19813E+02
-0.2747988E+01 -0.19803E+02
-0.2746655E+01 -0.19794E+02
-0.2745322E+01 -0.19785E+02
-0.2743988E+01 -0.19775E+02
-0.2742655E+01 -0.19766E+02
-0.2741322E+01 -0.19757E+02
-0.2739988E+01 -0.19747E+02
-0.2738655E+01 -0.19738E+02
-0.2737322E+01 -0.19729E+02
-0.2735988E+01 -0.19719E+02
-0.2734655E+01 -0.19710E+02
-0.2733321E+01 -0.19701E+02
-0.2731988E+01 -0.19691E+02
-0.2730655E+01 -0.19682E+02
-0.2729321E+01 -0.19673E+02
-0.2727988E+01 -0.19663E+02
-0.2726655E+01 -0.19654E+02
-0.2725321E+01 -0.19645E+02
-0.2723988E+01 -0.19635E+02
-0.2722655E+01 -0.19626E+02
-0.2721321E+01 -0.19617E+02
-0.2719988E+01 -0.19607E+02
-0.2718655E+01 -0.19598E+02
-0.2717321E+01 -0.19589E+02
-0.2715988E+01 -0.19579E+02
-0.2714654E+01 -0.19570E+02
-0.2713321E+01 -0.19561E+02
-0.2711988E+01 -0.19551E+02
-0.2710654E+01 -0.19542E+02
-0.2709321E+01 -0.19533E+02
-0.2707988E+01 -0.19523E+02
-0.2706654E+01 -0.19514E+02
-0.2705321E+01 -0.19505E+02
-0.2703988E+01 -0.19495E+02
-0.2702654E+01 -0.19486E+02
-0.2701321E+01 -0.19477E+02
-0.2699987E+01 -0.19467E+02
-0.2698654E+01 -0.19458E+02
-0.2697321E+01 -0.19449E+02
-0.2695987E+01 -0.19439E+02
-0.2694654E+01 -0.19430E+02
-0.2693321E+01 -0.19421E+02
-0.2691987E+01 -0.19411E+02
-0.2690654E+01 -0.19402E+02
-0.2689321E+01 -0.19393E+02
-0.2687987E+01 -0.19383E+02
-0.2686654E+01 -0.19374E+02
-0.2685320E+01 -0.19365E+02
-0.2683987E+01 -0.19355E+02
-0.2682654E+01 -0.19346E+02
-0.2681320E+01 -0.19337E+02
-0.2679987E+01 -0.19327E+02
-0.2678654E+01 -0.19318E+02
-0.2677320E+01 -0.19309E+02
-0.2675987E+01 -0.19300E+02
-0.2674654E+01 -0.19290E+02
-0.2673320E+01 -0.19281E+02
-0.2671987E+01 -0.19272E+02
-0.2670654E+01 -0.19262E+02
-0.2669320E+01 -0.19253E+02
-0.2667987E+01 -0.19244E+02
-0.2666653E+01 -0.19234E+02
-0.2665320E+01 -0.19225E+02
-0.2663987E+01 -0.19216E+02
-0.2662653E+01 -0.19206E+02
-0.2661320E+01 -0.19197E+02
-0.2659987E+01 -0.19188E+02
-0.2658653E+01 -0.19178E+02
-0.2657320E+01 -0.19169E+02
-0.2655987E+01 -0.19160E+02
-0.2654653E+01 -0.19150E+02
-0.2653320E+01 -0.19141E+02
-0.2651986E+01 -0.19132E+02
-0.2650653E+01 -0.19122E+02
-0.2649320E+01 -0.19113E+02
-0.2647986E+01 -0.19104E+02
-0.2646653E+01 -0.19094E+02
-0.2645320E+01 -0.19085E+02
-0.2643986E+01 -0.19076E+02
-0.2642653E+01 -0.19066E+02
-0.2641320E+01 -0.19057E+02
-0.2639986E+01 -0.19048E+02
-0.2638653E+01 -0.19038E+02
-0.2637319E+01 -0.19029E+02
-0.2635986E+01 -0.19020E+02
-0.2634653E+01 -0.19010E+02
-0.2633319E+01 -0.19001E+02
-0.2631986E+01 -0.18992E+02
-0.2630653E+01 -0.18982E+02
-0.2629319E+01 -0.18973E+02
-0.2627986E+01 -0.18964E+02
-0.2626653E+01 -0.18954E+02
-0.2625319E+01 -0.18945E+02
-0.2623986E+01 -0.18936E+02
-0.2622653E+01 -0.18926E+02
-0.2621319E+01 -0.18917E+02
-0.2619986E+01 -0.18908E+02
-0.2618652E+01 -0.18898E+02
-0.2617319E+01 -0.18889E+02
-0.2615986E+01 -0.18880E+02
-0.2614652E+01 -0.18870E+02
-0.2613319E+01 -0.18861E+02
-0.2611986E+01 -0.18852E+02
-0.2610652E+01 -0.18842E+02
-0.2609319E+01 -0.18833E+02
-0.2607986E+01 -0.18824E+02
-0.2606652E+01 -0.18814E+02
-0.2605319E+01 -0.18805E+02
-0.2603985E+01 -0.18796E+02
-0.2602652E+01 -0.18786E+02
-0.2601319E+01 -0.18777E+02
-0.2599985E+01 -0.18768E+02
-0.2598652E+01 -0.18758E+02
-0.2597319E+01 -0.18749E+02
-0.2595985E+01 -0.18740E+02
-0.2594652E+01 -0.18730E+02
-0.2593319E+01 -0.18721E+02
-0.2591985E+01 -0.18712E+02
-0.2590652E+01 -0.18702E+02
-0.2589318E+01 -0.18693E+02
-0.2587985E+01 -0.18684E+02
-0.2586652E+01 -0.18674E+02
-0.2585318E+01 -0.18665E+02
-0.2583985E+01 -0.18656E+02
-0.2582652E+01 -0.18646E+02
-0.2581318E+01 -0.18637E+02
-0.2579985E+01 -0.18628E+02
-0.2578652E+01 -0.18618E+02
-0.2577318E+01 -0.18609E+02
-0.2575985E+01 -0.18600E+02
-0.2574652E+01 -0.18590E+02
-0.2573318E+01 -0.18581E+02
-0.2571985E+01 -0.18572E+02
-0.2570651E+01 -0.18562E+02
-0.2569318E+01 -0.18553E+02
-0.2567985E+01 -0.18544E+02
-0.2566651E+01 -0.18534E+02
-0.2565318E+01 -0.18525E+02
-0.2563985E+01 -0.18516E+02
-0.2562651E+01 -0.18506E+02
-0.2561318E+01 -0.18497E+02
-0.2559985E+01 -0.18488E+02
-0.2558651E+01 -0.18478E+02
-0.2557318E+01 -0.18469E+02
-0.2555984E+01 -0.18460E+02
-0.2554651E+01 -0.18450E+02
-0.2553318E+01 -0.18441E+02
-0.2551984E+01 -0.18432E+02
-0.2550651E+01 -0.18422E+02
-0.2549318E+01 -0.18413E+02
-0.2547984E+01 -0.18404E+02
-0.2546651E+01 -0.18394E+02
-0.2545318E+01 -0.18385E+02
-0.2543984E+01 -0.18376E+02
-0.2542651E+01 -0.18366E+02
-0.2541317E+01 -0.18357E+02
-0.2539984E+01 -0.18348E+02
-0.2538651E+01 -0.18338E+02
-0.2537317E+01 -0.18329E+02
-0.2535984E+01 -0.18320E+02
-0.2534651E+01 -0.18310E+02
-0.2533317E+01 -0.18301E+02
-0.2531984E+01 -0.18292E+02
-0.2530651E+01 -0.18282E+02
-0.2529317E+01 -0.18273E+02
-0.2527984E+01 -0.18264E+02
-0.2526651E+01 -0.18254E+02
-0.2525317E+01 -0.18245E+02
-0.2523984E+01 -0.18236E+02
-0.2522650E+01 -0.18226E+02
-0.2521317E+01 -0.18217E+02
-0.2519984E+01 -0.18208E+02
-0.2518650E+01 -0.18198E+02
-0.2517317E+01 -0.18189E+02
-0.2515984E+01 -0.18180E+02
-0.2514650E+01 -0.18170E+02
-0.2513317E+01 -0.18161E+02
-0.2511984E+01 -0.18152E+02
-0.2510650E+01 -0.18142E+02
-0.2509317E+01 -0.18133E+02
-0.2507983E+01 -0.18124E+02
-0.2506650E+01 -0.18114E+02
-0.2505317E+01 -0.18105E+02
-0.2503983E+01 -0.18096E+02
-0.2502650E+01 -0.18086E+02
-0.2501317E+01 -0.18077E+02
-0.2499983E+01 -0.18068E+02
-0.2498650E+01 -0.18058E+02
-0.2497317E+01 -0.18049E+02
-0.2495983E+01 -0.18040E+02
-0.2494650E+01 -0.18030E+02
-0.2493316E+01 -0.18021E+02
-0.2491983E+01 -0.18012E+02
-0.2490650E+01 -0.18002E+02
-0.2489316E+01 -0.17993E+02
-0.2487983E+01 -0.17984E+02
-0.2486650E+01 -0.17974E+02
-0.2485316E+01 -0.17965E+02
-0.2483983E+01 -0.17956E+02
-0.2482650E+01 -0.17947E+02
-0.2481316E+01 -0.17937E+02
-0.2479983E+01 -0.17928E+02
-0.2478650E+01 -0.17919E+02
-0.2477316E+01 -0.17909E+02
-0.2475983E+01 -0.17900E+02
-0.2474649E+01 -0.17891E+02
-0.2473316E+01 -0.17881E+02
-0.2471983E+01 -0.17872E+02
-0.2470649E+01 -0.17863E+02
-0.2469316E+01 -0.17853E+02
-0.2467983E+01 -0.17844E+02
-0.2466649E+01 -0.17835E+02
-0.2465316E+01 -0.17825E+02
-0.2463983E+01 -0.17816E+02
-0.2462649E+01 -0.17807E+02
-0.2461316E+01 -0.17797E+02
-0.2459982E+01 -0.17788E+02
-0.2458649E+01 -0.17779E+02
-0.2457316E+01 -0.17769E+02
-0.2455982E+01 -0.17760E+02
-0.2454649E+01 -0.17751E+02
-0.2453316E+01 -0.17741E+02
-0.2451982E+01 -0.17732E+02
-0.2450649E+01 -0.17723E+02
-0.2449316E+01 -0.17713E+02
-0.2447982E+01 -0.17704E+02
-0.2446649E+01 -0.17695E+02
-0.2445315E+01 -0.17685E+02
-0.2443982E+01 -0.17676E+02
-0.2442649E+01 -0.17667E+02
-0.2441315E+01 -0.17657E+02
-0.2439982E+01 -0.17648E+02
-0.2438649E+01 -0.17639E+02
-0.2437315E+01 -0.17629E+02
-0.2435982E+01 -0.17620E+02
-0.2434649E+01 -0.17611E+02
-0.2433315E+01 -0.17601E+02
-0.2431982E+01 -0.17592E+02
-0.2430649E+01 -0.17583E+02
-0.2429315E+01 -0.17573E+02
-0.2427982E+01 -0.17564E+02
-0.2426648E+01 -0.17555E+02
-0.2425315E+01 -0.17545E+02
-0.2423982E+01 -0.17536E+02
-0.2422648E+01 -0.17527E+02
-0.2421315E+01 -0.17517E+02
-0.2419982E+01 -0.17508E+02
-0.2418648E+01 -0.17499E+02
-0.2417315E+01 -0.17489E+02
-0.2415982E+01 -0.17480E+02
-0.2414648E+01 -0.17471E+02
-0.2413315E+01 -0.17461E+02
-0.2411981E+01 -0.17452E+02
-0.2410648E+01 -0.17443E+02
-0.2409315E+01 -0.17433E+02
-0.2407981E+01 -0.17424E+02
-0.2406648E+01 -0.17415E+02
-0.2405315E+01 -0.17405E+02
-0.2403981E+01 -0.17396E+02
-0.2402648E+01 -0.17387E+02
-0.2401315E+01 -0.17377E+02
-0.2399981E+01 -0.17368E+02
-0.2398648E+01 -0.17359E+02
-0.2397314E+01 -0.17349E+02
-0.2395981E+01 -0.17340E+02
-0.2394648E+01 -0.17331E+02
-0.2393314E+01 -0.17321E+02
-0.2391981E+01 -0.17312E+02
-0.2390648E+01 -0.17303E+02
-0.2389314E+01 -0.17293E+02
-0.2387981E+01 -0.17284E+02
-0.2386648E+01 -0.17275E+02
-0.2385314E+01 -0.17265E+02
-0.2383981E+01 -0.17256E+02
-0.2382648E+01 -0.17247E+02
-0.2381314E+01 -0.17237E+02
-0.2379981E+01 -0.17228E+02
-0.2378647E+01 -0.17219E+02
-0.2377314E+01 -0.17209E+02
-0.2375981E+01 -0.17200E+02
-0.2374647E+01 -0.17191E+02
-0.2373314E+01 -0.17181E+02
-0.2371981E+01 -0.17172E+02
-0.2370647E+01 -0.17163E+02
-0.2369314E+01 -0.17153E+02
-0.2367981E+01 -0.17144E+02
-0.2366647E+01 -0.17135E+02
-0.2365314E+01 -0.17125E+02
-0.2363980E+01 -0.17116E+02
-0.2362647E+01 -0.17107E+02
-0.2361314E+01 -0.17097E+02
-0.2359980E+01 -0.17088E+02
-0.2358647E+01 -0.17079E+02
-0.2357314E+01 -0.17069E+02
-0.2355980E+01 -0.17060E+02
-0.2354647E+01 -0.17051E+02
-0.2353314E+01 -0.17041E+02
-0.2351980E+01 -0.17032E+02
-0.2350647E+01 -0.17023E+02
-0.2349313E+01 -0.17013E+02
-0.2347980E+01 -0.17004E+02
-0.2346647E+01 -0.16995E+02
-0.2345313E+01 -0.16985E+02
-0.2343980E+01 -0.16976E+02
-0.2342647E+01 -0.16967E+02
-0.2341313E+01 -0.16957E+02
-0.2339980E+01 -0.16948E+02
-0.2338647E+01 -0.16939E+02
-0.2337313E+01 -0.16929E+02
-0.2335980E+01 -0.16920E+02
-0.2334647E+01 -0.16911E+02
-0.2333313E+01 -0.16901E+02
-0.2331980E+01 -0.16892E+02
-0.2330646E+01 -0.16883E+02
-0.2329313E+01 -0.16873E+02
-0.2327980E+01 -0.16864E+02
-0.2326646E+01 -0.16855E+02
-0.2325313E+01 -0.16845E+02
-0.2323980E+01 -0.16836E+02
-0.2322646E+01 -0.16827E+02
-0.2321313E+01 -0.16817E+02
-0.2319980E+01 -0.16808E+02
-0.2318646E+01 -0.16799E+02
-0.2317313E+01 -0.16789E+02
-0.2315979E+01 -0.16780E+02
-0.2314646E+01 -0.16771E+02
-0.2313313E+01 -0.16762E+02
-0.2311979E+01 -0.16752E+02
-0.2310646E+01 -0.16743E+02
-0.2309313E+01 -0.16734E+02
-0.2307979E+01 -0.16724E+02
-0.2306646E+01 -0.16715E+02
-0.2305313E+01 -0.16706E+02
-0.2303979E+01 -0.16696E+02
-0.2302646E+01 -0.16687E+02
-0.2301312E+01 -0.16678E+02
-0.2299979E+01 -0.16668E+02
-0.2298646E+01 -0.16659E+02
-0.2297312E+01 -0.16650E+02
-0.2295979E+01 -0.16640E+02
-0.2294646E+01 -0.16631E+02
-0.2293312E+01 -0.16622E+02
-0.2291979E+01 -0.16612E+02
-0.2290646E+01 -0.16603E+02
-0.2289312E+01 -0.16594E+02
-0.2287979E+01 -0.16584E+02
-0.2286646E+01 -0.16575E+02
-0.2285312E+01 -0.16566E+02
-0.2283979E+01 -0.16556E+02
-0.2282645E+01 -0.16547E+02
-0.2281312E+01 -0.16538E+02
-0.2279979E+01 -0.16528E+02
-0.2278645E+01 -0.16519E+02
-0.2277312E+01 -0.16510E+02
-0.2275979E+01 -0.16500E+02
-0.2274645E+01 -0.16491E+02
-0.2273312E+01 -0.16482E+02
-0.2271979E+01 -0.16472E+02
-0.2270645E+01 -0.16463E+02
-0.2269312E+01 -0.16454E+02
-0.2267978E+01 -0.16444E+02
-0.2266645E+01 -0.16435E+02
-0.2265312E+01 -0.16426E+02
-0.2263978E+01 -0.16416E+02
-0.2262645E+01 -0.16407E+02
-0.2261312E+01 -0.16398E+02
-0.2259978E+01 -0.16388E+02
-0.2258645E+01 -0.16379E+02
-0.2257312E+01 -0.16370E+02
-0.2255978E+01 -0.16360E+02
-0.2254645E+01 -0.16351E+02
-0.2253311E+01 -0.16342E+02
-0.2251978E+01 -0.16332E+02
-0.2250645E+01 -0.16323E+02
-0.2249311E+01 -0.16314E+02
-0.2247978E+01 -0.16304E+02
-0.2246645E+01 -0.16295E+02
-0.2245311E+01 -0.16286E+02
-0.2243978E+01 -0.16276E+02
-0.2242645E+01 -0.16267E+02
-0.2241311E+01 -0.16258E+02
-0.2239978E+01 -0.16248E+02
-0.2238645E+01 -0.16239E+02
-0.2237311E+01 -0.16230E+02
-0.2235978E+01 -0.16220E+02
-0.2234644E+01 -0.16211E+02
-0.2233311E+01 -0.16202E+02
-0.2231978E+01 -0.16192E+02
-0.2230644E+01 -0.16183E+02
-0.2229311E+01 -0.16174E+02
-0.2227978E+01 -0.16164E+02
-0.2226644E+01 -0.16155E+02
-0.2225311E+01 -0.16146E+02
-0.2223978E+01 -0.16136E+02
-0.2222644E+01 -0.16127E+02
-0.2221311E+01 -0.16118E+02
-0.2219977E+01 -0.16108E+02
-0.2218644E+01 -0.16099E+02
-0.2217311E+01 -0.16090E+02
-0.2215977E+01 -0.16080E+02
-0.2214644E+01 -0.16071E+02
-0.2213311E+01 -0.16062E+02
-0.2211977E+01 -0.16052E+02
-0.2210644E+01 -0.16043E+02
-0.2209311E+01 -0.16034E+02
-0.2207977E+01 -0.16024E+02
-0.2206644E+01 -0.16015E+02
-0.2205310E+01 -0.16006E+02
-0.2203977E+01 -0.15996E+02
-0.2202644E+01 -0.15987E+02
-0.2201310E+01 -0.15978E+02
-0.2199977E+01 -0.15968E+02
-0.2198644E+01 -0.15959E+02
-0.2197310E+01 -0.15950E+02
-0.2195977E+01 -0.15940E+02
-0.2194644E+01 -0.15931E+02
-0.2193310E+01 -0.15922E+02
-0.2191977E+01 -0.15912E+02
-0.2190644E+01 -0.15903E+02
-0.2189310E+01 -0.15894E+02
-0.2187977E+01 -0.15884E+02
-0.2186643E+01 -0.15875E+02
-0.2185310E+01 -0.15866E+02
-0.2183977E+01 -0.15856E+02
-0.2182643E+01 -0.15847E+02
-0.2181310E+01 -0.15838E+02
-0.2179977E+01 -0.15828E+02
-0.2178643E+01 -0.15819E+02
-0.2177310E+01 -0.15810E+02
-0.2175977E+01 -0.15800E+02
-0.2174643E+01 -0.15791E+02
-0.2173310E+01 -0.15782E+02
-0.2171976E+01 -0.15772E+02
-0.2170643E+01 -0.15763E+02
-0.2169310E+01 -0.15754E+02
-0.2167976E+01 -0.15744E+02
-0.2166643E+01 -0.15735E+02
-0.2165310E+01 -0.15726E+02
-0.2163976E+01 -0.15716E+02
-0.2162643E+01 -0.15707E+02
-0.2161310E+01 -0.15698E+02
-0.2159976E+01 -0.15688E+02
-0.2158643E+01 -0.15679E+02
-0.2157309E+01 -0.15670E+02
-0.2155976E+01 -0.15660E+02
-0.2154643E+01 -0.15651E+02
-0.2153309E+01 -0.15642E+02
-0.2151976E+01 -0.15632E+02
-0.2150643E+01 -0.15623E+02
-0.2149309E+01 -0.15614E+02
-0.2147976E+01 -0.15604E+02
-0.2146643E+01 -0.15595E+02
-0.2145309E+01 -0.15586E+02
-0.2143976E+01 -0.15576E+02
-0.2142643E+01 -0.15567E+02
-0.2141309E+01 -0.15558E+02
-0.2139976E+01 -0.15548E+02
-0.2138642E+01 -0.15539E+02
-0.2137309E+01 -0.15530E+02
-0.2135976E+01 -0.15520E+02
-0.2134642E+01 -0.15511E+02
-0.2133309E+01 -0.15502E+02
-0.2131976E+01 -0.15492E+02
-0.2130642E+01 -0.15483E+02
-0.2129309E+01 -0.15474E+02
-0.2127976E+01 -0.15464E+02
-0.2126642E+01 -0.15455E+02
-0.2125309E+01 -0.15446E+02
-0.2123975E+01 -0.15436E+02
-0.2122642E+01 -0.15427E+02
-0.2121309E+01 -0.15418E+02
-0.2119975E+01 -0.15408E+02
-0.2118642E+01 -0.15399E+02
-0.2117309E+01 -0.15390E+02
-0.2115975E+01 -0.15380E+02
-0.2114642E+01 -0.15371E+02
-0.2113309E+01 -0.15362E+02
-0.2111975E+01 -0.15352E+02
-0.2110642E+01 -0.15343E+02
-0.2109308E+01 -0.15334E+02
-0.2107975E+01 -0.15324E+02
-0.2106642E+01 -0.15315E+02
-0.2105308E+01 -0.15306E+02
-0.2103975E+01 -0.15296E+02
-0.2102642E+01 -0.15287E+02
-0.2101308E+01 -0.15278E+02
-0.2099975E+01 -0.15268E+02
-0.2098642E+01 -0.15259E+02
-0.2097308E+01 -0.15250E+02
-0.2095975E+01 -0.15240E+02
-0.2094642E+01 -0.15231E+02
-0.2093308E+01 -0.15222E+02
-0.2091975E+01 -0.15212E+02
-0.2090641E+01 -0.15203E+02
-0.2089308E+01 -0.15194E+02
-0.2087975E+01 -0.15184E+02
-0.2086641E+01 -0.15175E+02
-0.2085308E+01 -0.15166E+02
-0.2083975E+01 -0.15156E+02
-0.2082641E+01 -0.15147E+02
-0.2081308E+01 -0.15138E+02
-0.2079975E+01 -0.15128E+02
-0.2078641E+01 -0.15119E+02
-0.2077308E+01 -0.15110E+02
-0.2075974E+01 -0.15100E+02
-0.2074641E+01 -0.15091E+02
-0.2073308E+01 -0.15082E+02
-0.2071974E+01 -0.15072E+02
-0.2070641E+01 -0.15063E+02
-0.2069308E+01 -0.15054E+02
-0.2067974E+01 -0.15044E+02
-0.2066641E+01 -0.15035E+02
-0.2065308E+01 -0.15026E+02
-0.2063974E+01 -0.15016E+02
-0.2062641E+01 -0.15007E+02
-0.2061307E+01 -0.14998E+02
-0.2059974E+01 -0.14988E+02
-0.2058641E+01 -0.14979E+02
-0.2057307E+01 -0.14970E+02
-0.2055974E+01 -0.14960E+02
-0.2054641E+01 -0.14951E+02
-0.2053307E+01 -0.14942E+02
-0.2051974E+01 -0.14932E+02
-0.2050641E+01 -0.14923E+02
-0.2049307E+01 -0.14914E+02
-0.2047974E+01 -0.14904E+02
-0.2046641E+01 -0.14895E+02
-0.2045307E+01 -0.14886E+02
-0.2043974E+01 -0.14876E+02
-0.2042640E+01 -0.14867E+02
-0.2041307E+01 -0.14858E+02
-0.2039974E+01 -0.14848E+02
-0.2038640E+01 -0.14839E+02
-0.2037307E+01 -0.14830E+02
-0.2035974E+01 -0.14820E+02
-0.2034640E+01 -0.14811E+02
-0.2033307E+01 -0.14802E+02
-0.2031974E+01 -0.14792E+02
-0.2030640E+01 -0.14783E+02
-0.2029307E+01 -0.14774E+02
-0.2027973E+01 -0.14764E+02
-0.2026640E+01 -0.14755E+02
-0.2025307E+01 -0.14746E+02
-0.2023973E+01 -0.14736E+02
-0.2022640E+01 -0.14727E+02
-0.2021307E+01 -0.14718E+02
-0.2019973E+01 -0.14708E+02
-0.2018640E+01 -0.14699E+02
-0.2017307E+01 -0.14690E+02
-0.2015973E+01 -0.14680E+02
-0.2014640E+01 -0.14671E+02
-0.2013306E+01 -0.14662E+02
-0.2011973E+01 -0.14652E+02
-0.2010640E+01 -0.14643E+02
-0.2009306E+01 -0.14634E+02
-0.2007973E+01 -0.14624E+02
-0.2006640E+01 -0.14615E+02
-0.2005306E+01 -0.14606E+02
-0.2003973E+01 -0.14596E+02
-0.2002640E+01 -0.14587E+02
-0.2001306E+01 -0.14578E+02
-0.1999973E+01 -0.14568E+02
-0.1998640E+01 -0.14559E+02
-0.1997306E+01 -0.14550E+02
-0.1995973E+01 -0.14540E+02
-0.1994639E+01 -0.14531E+02
-0.1993306E+01 -0.14522E+02
-0.1991973E+01 -0.14512E+02
-0.1990639E+01 -0.14503E+02
-0.1989306E+01 -0.14494E+02
-0.1987973E+01 -0.14484E+02
-0.1986639E+01 -0.14475E+02
-0.1985306E+01 -0.14466E+02
-0.1983973E+01 -0.14456E+02
-0.1982639E+01 -0.14447E+02
-0.1981306E+01 -0.14438E+02
-0.1979972E+01 -0.14428E+02
-0.1978639E+01 -0.14419E+02
-0.1977306E+01 -0.14410E+02
-0.1975972E+01 -0.14400E+02
-0.1974639E+01 -0.14391E+02
-0.1973306E+01 -0.14382E+02
-0.1971972E+01 -0.14372E+02
-0.1970639E+01 -0.14363E+02
-0.1969306E+01 -0.14354E+02
-0.1967972E+01 -0.14344E+02
-0.1966639E+01 -0.14335E+02
-0.1965305E+01 -0.14326E+02
-0.1963972E+01 -0.14316E+02
-0.1962639E+01 -0.14307E+02
-0.1961305E+01 -0.14298E+02
-0.1959972E+01 -0.14288E+02
-0.1958639E+01 -0.14279E+02
-0.1957305E+01 -0.14270E+02
-0.1955972E+01 -0.14260E+02
-0.1954639E+01 -0.14251E+02
-0.1953305E+01 -0.14242E+02
-0.1951972E+01 -0.14232E+02
-0.1950639E+01 -0.14223E+02
-0.1949305E+01 -0.14214E+02
-0.1947972E+01 -0.14204E+02
-0.1946638E+01 -0.14195E+02
-0.1945305E+01 -0.14186E+02
-0.1943972E+01 -0.14176E+02
-0.1942638E+01 -0.14167E+02
-0.1941305E+01 -0.14158E+02
-0.1939972E+01 -0.14148E+02
-0.1938638E+01 -0.14139E+02
-0.1937305E+01 -0.14130E+02
-0.1935972E+01 -0.14120E+02
-0.1934638E+01 -0.14111E+02
-0.1933305E+01 -0.14102E+02
-0.1931971E+01 -0.14092E+02
-0.1930638E+01 -0.14083E+02
-0.1929305E+01 -0.14073E+02
-0.1927971E+01 -0.14064E+02
-0.1926638E+01 -0.14055E+02
-0.1925305E+01 -0.14045E+02
-0.1923971E+01 -0.14036E+02
-0.1922638E+01 -0.14027E+02
-0.1921305E+01 -0.14017E+02
-0.1919971E+01 -0.14008E+02
-0.1918638E+01 -0.13999E+02
-0.1917304E+01 -0.13989E+02
-0.1915971E+01 -0.13980E+02
-0.1914638E+01 -0.13971E+02
-0.1913304E+01 -0.13961E+02
-0.1911971E+01 -0.13952E+02
-0.1910638E+01 -0.13943E+02
-0.1909304E+01 -0.13933E+02
-0.1907971E+01 -0.13924E+02
-0.1906638E+01 -0.13915E+02
-0.1905304E+01 -0.13905E+02
-0.1903971E+01 -0.13896E+02
-0.1902638E+01 -0.13887E+02
-0.1901304E+01 -0.13877E+02
-0.1899971E+01 -0.13868E+02
-0.1898637E+01 -0.13859E+02
-0.1897304E+01 -0.13849E+02
-0.1895971E+01 -0.13840E+02
-0.1894637E+01 -0.13831E+02
-0.1893304E+01 -0.13821E+02
-0.1891971E+01 -0.13812E+02
-0.1890637E+01 -0.13803E+02
-0.1889304E+01 -0.13793E+02
-0.1887971E+01 -0.13784E+02
-0.1886637E+01 -0.13775E+02
-0.1885304E+01 -0.13765E+02
-0.1883970E+01 -0.13756E+02
-0.1882637E+01 -0.13747E+02
-0.1881304E+01 -0.13737E+02
-0.1879970E+01 -0.13728E+02
-0.1878637E+01 -0.13719E+02
-0.1877304E+01 -0.13709E+02
-0.1875970E+01 -0.13700E+02
-0.1874637E+01 -0.13691E+02
-0.1873304E+01 -0.13681E+02
-0.1871970E+01 -0.13672E+02
-0.1870637E+01 -0.13663E+02
-0.1869303E+01 -0.13653E+02
-0.1867970E+01 -0.13644E+02
-0.1866637E+01 -0.13634E+02
-0.1865303E+01 -0.13625E+02
-0.1863970E+01 -0.13616E+02
-0.1862637E+01 -0.13606E+02
-0.1861303E+01 -0.13597E+02
-0.1859970E+01 -0.13588E+02
-0.1858637E+01 -0.13578E+02
-0.1857303E+01 -0.13569E+02
-0.1855970E+01 -0.13560E+02
-0.1854637E+01 -0.13550E+02
-0.1853303E+01 -0.13541E+02
-0.1851970E+01 -0.13532E+02
-0.1850636E+01 -0.13522E+02
-0.1849303E+01 -0.13513E+02
-0.1847970E+01 -0.13504E+02
-0.1846636E+01 -0.13494E+02
-0.1845303E+01 -0.13485E+02
-0.1843970E+01 -0.13476E+02
-0.1842636E+01 -0.13466E+02
-0.1841303E+01 -0.13457E+02
-0.1839970E+01 -0.13448E+02
-0.1838636E+01 -0.13438E+02
-0.1837303E+01 -0.13429E+02
-0.1835969E+01 -0.13420E+02
-0.1834636E+01 -0.13410E+02
-0.1833303E+01 -0.13401E+02
-0.1831969E+01 -0.13392E+02
-0.1830636E+01 -0.13382E+02
-0.1829303E+01 -0.13373E+02
-0.1827969E+01 -0.13364E+02
-0.1826636E+01 -0.13354E+02
-0.1825303E+01 -0.13345E+02
-0.1823969E+01 -0.13335E+02
-0.1822636E+01 -0.13326E+02
-0.1821302E+01 -0.13317E+02
-0.1819969E+01 -0.13307E+02
-0.1818636E+01 -0.13298E+02
-0.1817302E+01 -0.13289E+02
-0.1815969E+01 -0.13279E+02
-0.1814636E+01 -0.13270E+02
-0.1813302E+01 -0.13261E+02
-0.1811969E+01 -0.13251E+02
-0.1810636E+01 -0.13242E+02
-0.1809302E+01 -0.13233E+02
-0.1807969E+01 -0.13223E+02
-0.1806636E+01 -0.13214E+02
-0.1805302E+01 -0.13205E+02
-0.1803969E+01 -0.13195E+02
-0.1802635E+01 -0.13186E+02
-0.1801302E+01 -0.13177E+02
-0.1799969E+01 -0.13167E+02
-0.1798635E+01 -0.13158E+02
-0.1797302E+01 -0.13149E+02
-0.1795969E+01 -0.13139E+02
-0.1794635E+01 -0.13130E+02
-0.1793302E+01 -0.13121E+02
-0.1791969E+01 -0.13111E+02
-0.1790635E+01 -0.13102E+02
-0.1789302E+01 -0.13092E+02
-0.1787968E+01 -0.13083E+02
-0.1786635E+01 -0.13074E+02
-0.1785302E+01 -0.13064E+02
-0.1783968E+01 -0.13055E+02
-0.1782635E+01 -0.13046E+02
-0.1781302E+01 -0.13036E+02
-0.1779968E+01 -0.13027E+02
-0.1778635E+01 -0.13018E+02
-0.1777302E+01 -0.13008E+02
-0.1775968E+01 -0.12999E+02
-0.1774635E+01 -0.12990E+02
-0.1773301E+01 -0.12980E+02
-0.1771968E+01 -0.12971E+02
-0.1770635E+01 -0.12962E+02
-0.1769301E+01 -0.12952E+02
-0.1767968E+01 -0.12943E+02
-0.1766635E+01 -0.12934E+02
-0.1765301E+01 -0.12924E+02
-0.1763968E+01 -0.12915E+02
-0.1762635E+01 -0.12906E+02
-0.1761301E+01 -0.12896E+02
-0.1759968E+01 -0.12887E+02
-0.1758635E+01 -0.12877E+02
-0.1757301E+01 -0.12868E+02
-0.1755968E+01 -0.12859E+02
-0.1754634E+01 -0.12849E+02
-0.1753301E+01 -0.12840E+02
-0.1751968E+01 -0.12831E+02
-0.1750634E+01 -0.12821E+02
-0.1749301E+01 -0.12812E+02
-0.1747968E+01 -0.12803E+02
-0.1746634E+01 -0.12793E+02
-0.1745301E+01 -0.12784E+02
-0.1743968E+01 -0.12775E+02
-0.1742634E+01 -0.12765E+02
-0.1741301E+01 -0.12756E+02
-0.1739967E+01 -0.12747E+02
-0.1738634E+01 -0.12737E+02
-0.1737301E+01 -0.12728E+02
-0.1735967E+01 -0.12718E+02
-0.1734634E+01 -0.12709E+02
-0.1733301E+01 -0.12700E+02
-0.1731967E+01 -0.12690E+02
-0.1730634E+01 -0.12681E+02
-0.1729301E+01 -0.12672E+02
-0.1727967E+01 -0.12662E+02
-0.1726634E+01 -0.12653E+02
-0.1725300E+01 -0.12644E+02
-0.1723967E+01 -0.12634E+02
-0.1722634E+01 -0.12625E+02
-0.1721300E+01 -0.12616E+02
-0.1719967E+01 -0.12606E+02
-0.1718634E+01 -0.12597E+02
-0.1717300E+01 -0.12588E+02
-0.1715967E+01 -0.12578E+02
-0.1714634E+01 -0.12569E+02
-0.1713300E+01 -0.12560E+02
-0.1711967E+01 -0.12550E+02
-0.1710634E+01 -0.12541E+02
-0.1709300E+01 -0.12531E+02
-0.1707967E+01 -0.12522E+02
-0.1706633E+01 -0.12513E+02
-0.1705300E+01 -0.12503E+02
-0.1703967E+01 -0.12494E+02
-0.1702633E+01 -0.12485E+02
-0.1701300E+01 -0.12475E+02
-0.1699967E+01 -0.12466E+02
-0.1698633E+01 -0.12457E+02
-0.1697300E+01 -0.12447E+02
-0.1695967E+01 -0.12438E+02
-0.1694633E+01 -0.12429E+02
-0.1693300E+01 -0.12419E+02
-0.1691966E+01 -0.12410E+02
-0.1690633E+01 -0.12400E+02
-0.1689300E+01 -0.12391E+02
-0.1687966E+01 -0.12382E+02
-0.1686633E+01 -0.12372E+02
-0.1685300E+01 -0.12363E+02
-0.1683966E+01 -0.12354E+02
-0.1682633E+01 -0.12344E+02
-0.1681300E+01 -0.12335E+02
-0.1679966E+01 -0.12326E+02
-0.1678633E+01 -0.12316E+02
-0.1677299E+01 -0.12307E+02
-0.1675966E+01 -0.12298E+02
-0.1674633E+01 -0.12288E+02
-0.1673299E+01 -0.12279E+02
-0.1671966E+01 -0.12269E+02
-0.1670633E+01 -0.12260E+02
-0.1669299E+01 -0.12251E+02
-0.1667966E+01 -0.12241E+02
-0.1666633E+01 -0.12232E+02
-0.1665299E+01 -0.12223E+02
-0.1663966E+01 -0.12213E+02
-0.1662633E+01 -0.12204E+02
-0.1661299E+01 -0.12195E+02
-0.1659966E+01 -0.12185E+02
-0.1658632E+01 -0.12176E+02
-0.1657299E+01 -0.12167E+02
-0.1655966E+01 -0.12157E+02
-0.1654632E+01 -0.12148E+02
-0.1653299E+01 -0.12138E+02
-0.1651966E+01 -0.12129E+02
-0.1650632E+01 -0.12120E+02
-0.1649299E+01 -0.12110E+02
-0.1647966E+01 -0.12101E+02
-0.1646632E+01 -0.12092E+02
-0.1645299E+01 -0.12082E+02
-0.1643965E+01 -0.12073E+02
-0.1642632E+01 -0.12064E+02
-0.1641299E+01 -0.12054E+02
-0.1639965E+01 -0.12045E+02
-0.1638632E+01 -0.12036E+02
-0.1637299E+01 -0.12026E+02
-0.1635965E+01 -0.12017E+02
-0.1634632E+01 -0.12007E+02
-0.1633299E+01 -0.11998E+02
-0.1631965E+01 -0.11989E+02
-0.1630632E+01 -0.11979E+02
-0.1629298E+01 -0.11970E+02
-0.1627965E+01 -0.11961E+02
-0.1626632E+01 -0.11951E+02
-0.1625298E+01 -0.11942E+02
-0.1623965E+01 -0.11933E+02
-0.1622632E+01 -0.11923E+02
-0.1621298E+01 -0.11914E+02
-0.1619965E+01 -0.11904E+02
-0.1618632E+01 -0.11895E+02
-0.1617298E+01 -0.11886E+02
-0.1615965E+01 -0.11876E+02
-0.1614632E+01 -0.11867E+02
-0.1613298E+01 -0.11858E+02
-0.1611965E+01 -0.11848E+02
-0.1610631E+01 -0.11839E+02
-0.1609298E+01 -0.11830E+02
-0.1607965E+01 -0.11820E+02
-0.1606631E+01 -0.11811E+02
-0.1605298E+01 -0.11802E+02
-0.1603965E+01 -0.11792E+02
-0.1602631E+01 -0.11783E+02
-0.1601298E+01 -0.11773E+02
-0.1599965E+01 -0.11764E+02
-0.1598631E+01 -0.11755E+02
-0.1597298E+01 -0.11745E+02
-0.1595964E+01 -0.11736E+02
-0.1594631E+01 -0.11727E+02
-0.1593298E+01 -0.11717E+02
-0.1591964E+01 -0.11708E+02
-0.1590631E+01 -0.11699E+02
-0.1589298E+01 -0.11689E+02
-0.1587964E+01 -0.11680E+02
-0.1586631E+01 -0.11670E+02
-0.1585298E+01 -0.11661E+02
-0.1583964E+01 -0.11652E+02
-0.1582631E+01 -0.11642E+02
-0.1581297E+01 -0.11633E+02
-0.1579964E+01 -0.11624E+02
-0.1578631E+01 -0.11614E+02
-0.1577297E+01 -0.11605E+02
-0.1575964E+01 -0.11596E+02
-0.1574631E+01 -0.11586E+02
-0.1573297E+01 -0.11577E+02
-0.1571964E+01 -0.11567E+02
-0.1570631E+01 -0.11558E+02
-0.1569297E+01 -0.11549E+02
-0.1567964E+01 -0.11539E+02
-0.1566631E+01 -0.11530E+02
-0.1565297E+01 -0.11521E+02
-0.1563964E+01 -0.11511E+02
-0.1562630E+01 -0.11502E+02
-0.1561297E+01 -0.11493E+02
-0.1559964E+01 -0.11483E+02
-0.1558630E+01 -0.11474E+02
-0.1557297E+01 -0.11465E+02
-0.1555964E+01 -0.11455E+02
-0.1554630E+01 -0.11446E+02
-0.1553297E+01 -0.11436E+02
-0.1551964E+01 -0.11427E+02
-0.1550630E+01 -0.11418E+02
-0.1549297E+01 -0.11408E+02
-0.1547963E+01 -0.11399E+02
-0.1546630E+01 -0.11390E+02
-0.1545297E+01 -0.11380E+02
-0.1543963E+01 -0.11371E+02
-0.1542630E+01 -0.11362E+02
-0.1541297E+01 -0.11352E+02
-0.1539963E+01 -0.11343E+02
-0.1538630E+01 -0.11333E+02
-0.1537297E+01 -0.11324E+02
-0.1535963E+01 -0.11315E+02
-0.1534630E+01 -0.11305E+02
-0.1533296E+01 -0.11296E+02
-0.1531963E+01 -0.11287E+02
-0.1530630E+01 -0.11277E+02
-0.1529296E+01 -0.11268E+02
-0.1527963E+01 -0.11259E+02
-0.1526630E+01 -0.11249E+02
-0.1525296E+01 -0.11240E+02
-0.1523963E+01 -0.11230E+02
-0.1522630E+01 -0.11221E+02
-0.1521296E+01 -0.11212E+02
-0.1519963E+01 -0.11202E+02
-0.1518630E+01 -0.11193E+02
-0.1517296E+01 -0.11184E+02
-0.1515963E+01 -0.11174E+02
-0.1514629E+01 -0.11165E+02
-0.1513296E+01 -0.11156E+02
-0.1511963E+01 -0.11146E+02
-0.1510629E+01 -0.11137E+02
-0.1509296E+01 -0.11128E+02
-0.1507963E+01 -0.11118E+02
-0.1506629E+01 -0.11109E+02
-0.1505296E+01 -0.11099E+02
-0.1503963E+01 -0.11090E+02
-0.1502629E+01 -0.11081E+02
-0.1501296E+01 -0.11071E+02
-0.1499962E+01 -0.11062E+02
-0.1498629E+01 -0.11053E+02
-0.1497296E+01 -0.11043E+02
-0.1495962E+01 -0.11034E+02
-0.1494629E+01 -0.11025E+02
-0.1493296E+01 -0.11015E+02
-0.1491962E+01 -0.11006E+02
-0.1490629E+01 -0.10997E+02
-0.1489296E+01 -0.10987E+02
-0.1487962E+01 -0.10978E+02
-0.1486629E+01 -0.10968E+02
-0.1485295E+01 -0.10959E+02
-0.1483962E+01 -0.10950E+02
-0.1482629E+01 -0.10940E+02
-0.1481295E+01 -0.10931E+02
-0.1479962E+01 -0.10922E+02
-0.1478629E+01 -0.10912E+02
-0.1477295E+01 -0.10903E+02
-0.1475962E+01 -0.10894E+02
-0.1474629E+01 -0.10884E+02
-0.1473295E+01 -0.10875E+02
-0.1471962E+01 -0.10866E+02
-0.1470629E+01 -0.10856E+02
-0.1469295E+01 -0.10847E+02
-0.1467962E+01 -0.10838E+02
-0.1466628E+01 -0.10828E+02
-0.1465295E+01 -0.10819E+02
-0.1463962E+01 -0.10809E+02
-0.1462628E+01 -0.10800E+02
-0.1461295E+01 -0.10791E+02
-0.1459962E+01 -0.10781E+02
-0.1458628E+01 -0.10772E+02
-0.1457295E+01 -0.10763E+02
-0.1455962E+01 -0.10753E+02
-0.1454628E+01 -0.10744E+02
-0.1453295E+01 -0.10735E+02
-0.1451961E+01 -0.10725E+02
-0.1450628E+01 -0.10716E+02
-0.1449295E+01 -0.10707E+02
-0.1447961E+01 -0.10697E+02
-0.1446628E+01 -0.10688E+02
-0.1445295E+01 -0.10679E+02
-0.1443961E+01 -0.10669E+02
-0.1442628E+01 -0.10660E+02
-0.1441295E+01 -0.10651E+02
-0.1439961E+01 -0.10641E+02
-0.1438628E+01 -0.10632E+02
-0.1437294E+01 -0.10623E+02
-0.1435961E+01 -0.10613E+02
-0.1434628E+01 -0.10604E+02
-0.1433294E+01 -0.10595E+02
-0.1431961E+01 -0.10585E+02
-0.1430628E+01 -0.10576E+02
-0.1429294E+01 -0.10567E+02
-0.1427961E+01 -0.10557E+02
-0.1426628E+01 -0.10548E+02
-0.1425294E+01 -0.10539E+02
-0.1423961E+01 -0.10529E+02
-0.1422628E+01 -0.10520E+02
-0.1421294E+01 -0.10511E+02
-0.1419961E+01 -0.10501E+02
-0.1418627E+01 -0.10492E+02
-0.1417294E+01 -0.10483E+02
-0.1415961E+01 -0.10473E+02
-0.1414627E+01 -0.10464E+02
-0.1413294E+01 -0.10455E+02
-0.1411961E+01 -0.10445E+02
-0.1410627E+01 -0.10436E+02
-0.1409294E+01 -0.10427E+02
-0.1407961E+01 -0.10417E+02
-0.1406627E+01 -0.10408E+02
-0.1405294E+01 -0.10399E+02
-0.1403960E+01 -0.10389E+02
-0.1402627E+01 -0.10380E+02
-0.1401294E+01 -0.10371E+02
-0.1399960E+01 -0.10361E+02
-0.1398627E+01 -0.10352E+02
-0.1397294E+01 -0.10343E+02
-0.1395960E+01 -0.10333E+02
-0.1394627E+01 -0.10324E+02
-0.1393294E+01 -0.10315E+02
-0.1391960E+01 -0.10306E+02
-0.1390627E+01 -0.10296E+02
-0.1389293E+01 -0.10287E+02
-0.1387960E+01 -0.10278E+02
-0.1386627E+01 -0.10268E+02
-0.1385293E+01 -0.10259E+02
-0.1383960E+01 -0.10250E+02
-0.1382627E+01 -0.10240E+02
-0.1381293E+01 -0.10231E+02
-0.1379960E+01 -0.10222E+02
-0.1378627E+01 -0.10212E+02
-0.1377293E+01 -0.10203E+02
-0.1375960E+01 -0.10194E+02
-0.1374627E+01 -0.10185E+02
-0.1373293E+01 -0.10175E+02
-0.1371960E+01 -0.10166E+02
-0.1370626E+01 -0.10157E+02
-0.1369293E+01 -0.10147E+02
-0.1367960E+01 -0.10138E+02
-0.1366626E+01 -0.10129E+02
-0.1365293E+01 -0.10120E+02
-0.1363960E+01 -0.10110E+02
-0.1362626E+01 -0.10101E+02
-0.1361293E+01 -0.10092E+02
-0.1359960E+01 -0.10082E+02
-0.1358626E+01 -0.10073E+02
-0.1357293E+01 -0.10064E+02
-0.1355959E+01 -0.10055E+02
-0.1354626E+01 -0.10045E+02
-0.1353293E+01 -0.10036E+02
-0.1351959E+01 -0.10027E+02
-0.1350626E+01 -0.10018E+02
-0.1349293E+01 -0.10008E+02
-0.1347959E+01 -0.99990E+01
-0.1346626E+01 -0.99898E+01
-0.1345293E+01 -0.99805E+01
-0.1343959E+01 -0.99712E+01
-0.1342626E+01 -0.99620E+01
-0.1341292E+01 -0.99527E+01
-0.1339959E+01 -0.99435E+01
-0.1338626E+01 -0.99342E+01
-0.1337292E+01 -0.99250E+01
-0.1335959E+01 -0.99157E+01
-0.1334626E+01 -0.99065E+01
-0.1333292E+01 -0.98973E+01
-0.1331959E+01 -0.98880E+01
-0.1330626E+01 -0.98788E+01
-0.1329292E+01 -0.98695E+01
-0.1327959E+01 -0.98603E+01
-0.1326626E+01 -0.98511E+01
-0.1325292E+01 -0.98418E+01
-0.1323959E+01 -0.98326E+01
-0.1322625E+01 -0.98234E+01
-0.1321292E+01 -0.98142E+01
-0.1319959E+01 -0.98050E+01
-0.1318625E+01 -0.97957E+01
-0.1317292E+01 -0.97865E+01
-0.1315959E+01 -0.97773E+01
-0.1314625E+01 -0.97681E+01
-0.1313292E+01 -0.97589E+01
-0.1311959E+01 -0.97497E+01
-0.1310625E+01 -0.97405E+01
-0.1309292E+01 -0.97313E+01
-0.1307958E+01 -0.97221E+01
-0.1306625E+01 -0.97129E+01
-0.1305292E+01 -0.97037E+01
-0.1303958E+01 -0.96945E+01
-0.1302625E+01 -0.96853E+01
-0.1301292E+01 -0.96762E+01
-0.1299958E+01 -0.96670E+01
-0.1298625E+01 -0.96578E+01
-0.1297292E+01 -0.96486E+01
-0.1295958E+01 -0.96395E+01
-0.1294625E+01 -0.96303E+01
-0.1293291E+01 -0.96211E+01
-0.1291958E+01 -0.96120E+01
-0.1290625E+01 -0.96028E+01
-0.1289291E+01 -0.95937E+01
-0.1287958E+01 -0.95845E+01
-0.1286625E+01 -0.95754E+01
-0.1285291E+01 -0.95662E+01
-0.1283958E+01 -0.95571E+01
-0.1282625E+01 -0.95480E+01
-0.1281291E+01 -0.95388E+01
-0.1279958E+01 -0.95297E+01
-0.1278625E+01 -0.95206E+01
-0.1277291E+01 -0.95115E+01
-0.1275958E+01 -0.95024E+01
-0.1274624E+01 -0.94932E+01
-0.1273291E+01 -0.94841E+01
-0.1271958E+01 -0.94750E+01
-0.1270624E+01 -0.94659E+01
-0.1269291E+01 -0.94568E+01
-0.1267958E+01 -0.94478E+01
-0.1266624E+01 -0.94387E+01
-0.1265291E+01 -0.94296E+01
-0.1263958E+01 -0.94205E+01
-0.1262624E+01 -0.94114E+01
-0.1261291E+01 -0.94024E+01
-0.1259957E+01 -0.93933E+01
-0.1258624E+01 -0.93842E+01
-0.1257291E+01 -0.93752E+01
-0.1255957E+01 -0.93661E+01
-0.1254624E+01 -0.93571E+01
-0.1253291E+01 -0.93481E+01
-0.1251957E+01 -0.93390E+01
-0.1250624E+01 -0.93300E+01
-0.1249291E+01 -0.93210E+01
-0.1247957E+01 -0.93119E+01
-0.1246624E+01 -0.93029E+01
-0.1245290E+01 -0.92939E+01
-0.1243957E+01 -0.92849E+01
-0.1242624E+01 -0.92759E+01
-0.1241290E+01 -0.92669E+01
-0.1239957E+01 -0.92579E+01
-0.1238624E+01 -0.92490E+01
-0.1237290E+01 -0.92400E+01
-0.1235957E+01 -0.92310E+01
-0.1234624E+01 -0.92221E+01
-0.1233290E+01 -0.92131E+01
-0.1231957E+01 -0.92041E+01
-0.1230624E+01 -0.91952E+01
-0.1229290E+01 -0.91863E+01
-0.1227957E+01 -0.91773E+01
-0.1226623E+01 -0.91684E+01
-0.1225290E+01 -0.91595E+01
-0.1223957E+01 -0.91506E+01
-0.1222623E+01 -0.91417E+01
-0.1221290E+01 -0.91328E+01
-0.1219957E+01 -0.91239E+01
-0.1218623E+01 -0.91150E+01
-0.1217290E+01 -0.91061E+01
-0.1215957E+01 -0.90973E+01
-0.1214623E+01 -0.90884E+01
-0.1213290E+01 -0.90795E+01
-0.1211956E+01 -0.90707E+01
-0.1210623E+01 -0.90619E+01
-0.1209290E+01 -0.90530E+01
-0.1207956E+01 -0.90442E+01
-0.1206623E+01 -0.90354E+01
-0.1205290E+01 -0.90266E+01
-0.1203956E+01 -0.90178E+01
-0.1202623E+01 -0.90090E+01
-0.1201290E+01 -0.90002E+01
-0.1199956E+01 -0.89914E+01
-0.1198623E+01 -0.89827E+01
-0.1197289E+01 -0.89739E+01
-0.1195956E+01 -0.89652E+01
-0.1194623E+01 -0.89564E+01
-0.1193289E+01 -0.89477E+01
-0.1191956E+01 -0.89390E+01
-0.1190623E+01 -0.89303E+01
-0.1189289E+01 -0.89216E+01
-0.1187956E+01 -0.89129E+01
-0.1186623E+01 -0.89042E+01
-0.1185289E+01 -0.88955E+01
-0.1183956E+01 -0.88869E+01
-0.1182623E+01 -0.88782E+01
-0.1181289E+01 -0.88696E+01
-0.1179956E+01 -0.88610E+01
-0.1178622E+01 -0.88524E+01
-0.1177289E+01 -0.88437E+01
-0.1175956E+01 -0.88352E+01
-0.1174622E+01 -0.88266E+01
-0.1173289E+01 -0.88180E+01
-0.1171956E+01 -0.88094E+01
-0.1170622E+01 -0.88009E+01
-0.1169289E+01 -0.87924E+01
-0.1167956E+01 -0.87838E+01
-0.1166622E+01 -0.87753E+01
-0.1165289E+01 -0.87668E+01
-0.1163955E+01 -0.87583E+01
-0.1162622E+01 -0.87499E+01
-0.1161289E+01 -0.87414E+01
-0.1159955E+01 -0.87330E+01
-0.1158622E+01 -0.87245E+01
-0.1157289E+01 -0.87161E+01
-0.1155955E+01 -0.87077E+01
-0.1154622E+01 -0.86993E+01
-0.1153289E+01 -0.86909E+01
-0.1151955E+01 -0.86826E+01
-0.1150622E+01 -0.86742E+01
-0.1149288E+01 -0.86659E+01
-0.1147955E+01 -0.86576E+01
-0.1146622E+01 -0.86493E+01
-0.1145288E+01 -0.86410E+01
-0.1143955E+01 -0.86327E+01
-0.1142622E+01 -0.86245E+01
-0.1141288E+01 -0.86162E+01
-0.1139955E+01 -0.86080E+01
-0.1138622E+01 -0.85998E+01
-0.1137288E+01 -0.85916E+01
-0.1135955E+01 -0.85835E+01
-0.1134622E+01 -0.85753E+01
-0.1133288E+01 -0.85672E+01
-0.1131955E+01 -0.85591E+01
-0.1130621E+01 -0.85510E+01
-0.1129288E+01 -0.85429E+01
-0.1127955E+01 -0.85348E+01
-0.1126621E+01 -0.85268E+01
-0.1125288E+01 -0.85188E+01
-0.1123955E+01 -0.85108E+01
-0.1122621E+01 -0.85028E+01
-0.1121288E+01 -0.84949E+01
-0.1119955E+01 -0.84869E+01
-0.1118621E+01 -0.84790E+01
-0.1117288E+01 -0.84711E+01
-0.1115954E+01 -0.84633E+01
-0.1114621E+01 -0.84554E+01
-0.1113288E+01 -0.84476E+01
-0.1111954E+01 -0.84398E+01
-0.1110621E+01 -0.84320E+01
-0.1109288E+01 -0.84243E+01
-0.1107954E+01 -0.84165E+01
-0.1106621E+01 -0.84088E+01
-0.1105288E+01 -0.84012E+01
-0.1103954E+01 -0.83935E+01
-0.1102621E+01 -0.83859E+01
-0.1101287E+01 -0.83783E+01
-0.1099954E+01 -0.83707E+01
-0.1098621E+01 -0.83632E+01
-0.1097287E+01 -0.83557E+01
-0.1095954E+01 -0.83482E+01
-0.1094621E+01 -0.83407E+01
-0.1093287E+01 -0.83333E+01
-0.1091954E+01 -0.83259E+01
-0.1090621E+01 -0.83185E+01
-0.1089287E+01 -0.83112E+01
-0.1087954E+01 -0.83039E+01
-0.1086621E+01 -0.82966E+01
-0.1085287E+01 -0.82894E+01
-0.1083954E+01 -0.82822E+01
-0.1082620E+01 -0.82750E+01
-0.1081287E+01 -0.82679E+01
-0.1079954E+01 -0.82608E+01
-0.1078620E+01 -0.82537E+01
-0.1077287E+01 -0.82467E+01
-0.1075954E+01 -0.82397E+01
-0.1074620E+01 -0.82328E+01
-0.1073287E+01 -0.82259E+01
-0.1071954E+01 -0.82190E+01
-0.1070620E+01 -0.82122E+01
-0.1069287E+01 -0.82054E+01
-0.1067953E+01 -0.81986E+01
-0.1066620E+01 -0.81919E+01
-0.1065287E+01 -0.81853E+01
-0.1063953E+01 -0.81787E+01
-0.1062620E+01 -0.81721E+01
-0.1061287E+01 -0.81656E+01
-0.1059953E+01 -0.81591E+01
-0.1058620E+01 -0.81527E+01
-0.1057287E+01 -0.81463E+01
-0.1055953E+01 -0.81400E+01
-0.1054620E+01 -0.81337E+01
-0.1053286E+01 -0.81275E+01
-0.1051953E+01 -0.81213E+01
-0.1050620E+01 -0.81152E+01
-0.1049286E+01 -0.81091E+01
-0.1047953E+01 -0.81031E+01
-0.1046620E+01 -0.80972E+01
-0.1045286E+01 -0.80913E+01
-0.1043953E+01 -0.80855E+01
-0.1042620E+01 -0.80797E+01
-0.1041286E+01 -0.80740E+01
-0.1039953E+01 -0.80684E+01
-0.1038620E+01 -0.80628E+01
-0.1037286E+01 -0.80573E+01
-0.1035953E+01 -0.80519E+01
-0.1034619E+01 -0.80465E+01
-0.1033286E+01 -0.80413E+01
-0.1031953E+01 -0.80360E+01
-0.1030619E+01 -0.80309E+01
-0.1029286E+01 -0.80259E+01
-0.1027953E+01 -0.80209E+01
-0.1026619E+01 -0.80160E+01
-0.1025286E+01 -0.80112E+01
-0.1023953E+01 -0.80065E+01
-0.1022619E+01 -0.80018E+01
-0.1021286E+01 -0.79973E+01
-0.1019952E+01 -0.79928E+01
-0.1018619E+01 -0.79885E+01
-0.1017286E+01 -0.79842E+01
-0.1015952E+01 -0.79800E+01
-0.1014619E+01 -0.79760E+01
-0.1013286E+01 -0.79720E+01
-0.1011952E+01 -0.79682E+01
-0.1010619E+01 -0.79645E+01
-0.1009286E+01 -0.79608E+01
-0.1007952E+01 -0.79573E+01
-0.1006619E+01 -0.79540E+01
-0.1005285E+01 -0.79507E+01
-0.1003952E+01 -0.79476E+01
-0.1002619E+01 -0.79446E+01
-0.1001285E+01 -0.79417E+01
-0.9999520E+00 -0.79390E+01
-0.9986187E+00 -0.79364E+01
-0.9972853E+00 -0.79340E+01
-0.9959520E+00 -0.79317E+01
-0.9946186E+00 -0.79296E+01
-0.9932852E+00 -0.79276E+01
-0.9919519E+00 -0.79258E+01
-0.9906185E+00 -0.79242E+01
-0.9892851E+00 -0.79227E+01
-0.9879518E+00 -0.79215E+01
-0.9866184E+00 -0.79204E+01
-0.9852851E+00 -0.79195E+01
-0.9839517E+00 -0.79188E+01
-0.9826183E+00 -0.79183E+01
-0.9812850E+00 -0.79181E+01
-0.9799516E+00 -0.79180E+01
-0.9786183E+00 -0.79182E+01
-0.9772849E+00 -0.79187E+01
-0.9759515E+00 -0.79193E+01
-0.9746182E+00 -0.79203E+01
-0.9732848E+00 -0.79215E+01
-0.9719515E+00 -0.79229E+01
-0.9706181E+00 -0.79247E+01
-0.9692847E+00 -0.79267E+01
-0.9679514E+00 -0.79291E+01
-0.9666180E+00 -0.79317E+01
-0.9652846E+00 -0.79347E+01
-0.9639513E+00 -0.79381E+01
-0.9626179E+00 -0.79417E+01
-0.9612846E+00 -0.79458E+01
-0.9599512E+00 -0.79502E+01
-0.9586178E+00 -0.79550E+01
-0.9572845E+00 -0.79602E+01
-0.9559511E+00 -0.79658E+01
-0.9546178E+00 -0.79719E+01
-0.9532844E+00 -0.79784E+01
-0.9519510E+00 -0.79853E+01
-0.9506177E+00 -0.79927E+01
-0.9492843E+00 -0.80006E+01
-0.9479510E+00 -0.80090E+01
-0.9466176E+00 -0.80178E+01
-0.9452842E+00 -0.80272E+01
-0.9439509E+00 -0.80370E+01
-0.9426175E+00 -0.80473E+01
-0.9412841E+00 -0.80580E+01
-0.9399508E+00 -0.80691E+01
-0.9386174E+00 -0.80806E+01
-0.9372841E+00 -0.80924E+01
-0.9359507E+00 -0.81043E+01
-0.9346173E+00 -0.81163E+01
-0.9332840E+00 -0.81282E+01
-0.9319506E+00 -0.81396E+01
-0.9306173E+00 -0.81503E+01
-0.9292839E+00 -0.81598E+01
-0.9279505E+00 -0.81673E+01
-0.9266172E+00 -0.81718E+01
-0.9252838E+00 -0.81709E+01
-0.9239505E+00 -0.81617E+01
-0.9226171E+00 -0.81524E+01
-0.9212837E+00 -0.81431E+01
-0.9199504E+00 -0.81339E+01
-0.9186170E+00 -0.81246E+01
-0.9172836E+00 -0.81153E+01
-0.9159503E+00 -0.81060E+01
-0.9146169E+00 -0.80967E+01
-0.9132836E+00 -0.80875E+01
-0.9119502E+00 -0.80782E+01
-0.9106168E+00 -0.80689E+01
-0.9092835E+00 -0.80597E+01
-0.9079501E+00 -0.80504E+01
-0.9066168E+00 -0.80412E+01
-0.9052834E+00 -0.80319E+01
-0.9039500E+00 -0.80227E+01
-0.9026167E+00 -0.80134E+01
-0.9012833E+00 -0.80042E+01
-0.8999500E+00 -0.79949E+01
-0.8986166E+00 -0.79857E+01
-0.8972832E+00 -0.79765E+01
-0.8959499E+00 -0.79672E+01
-0.8946165E+00 -0.79580E+01
-0.8932831E+00 -0.79488E+01
-0.8919498E+00 -0.79395E+01
-0.8906164E+00 -0.79303E+01
-0.8892831E+00 -0.79211E+01
-0.8879497E+00 -0.79119E+01
-0.8866163E+00 -0.79027E+01
-0.8852830E+00 -0.78934E+01
-0.8839496E+00 -0.78842E+01
-0.8826163E+00 -0.78750E+01
-0.8812829E+00 -0.78658E+01
-0.8799495E+00 -0.78566E+01
-0.8786162E+00 -0.78474E+01
-0.8772828E+00 -0.78382E+01
-0.8759495E+00 -0.78290E+01
-0.8746161E+00 -0.78198E+01
-0.8732827E+00 -0.78106E+01
-0.8719494E+00 -0.78014E+01
-0.8706160E+00 -0.77922E+01
-0.8692826E+00 -0.77830E+01
-0.8679493E+00 -0.77738E+01
-0.8666159E+00 -0.77646E+01
-0.8652826E+00 -0.77554E+01
-0.8639492E+00 -0.77463E+01
-0.8626158E+00 -0.77371E+01
-0.8612825E+00 -0.77279E+01
-0.8599491E+00 -0.77187E+01
-0.8586158E+00 -0.77095E+01
-0.8572824E+00 -0.77003E+01
-0.8559490E+00 -0.76912E+01
-0.8546157E+00 -0.76820E+01
-0.8532823E+00 -0.76728E+01
-0.8519490E+00 -0.76636E+01
-0.8506156E+00 -0.76544E+01
-0.8492822E+00 -0.76453E+01
-0.8479489E+00 -0.76361E+01
-0.8466155E+00 -0.76269E+01
-0.8452821E+00 -0.76177E+01
-0.8439488E+00 -0.76085E+01
-0.8426154E+00 -0.75994E+01
-0.8412821E+00 -0.75902E+01
-0.8399487E+00 -0.75810E+01
-0.8386153E+00 -0.75718E+01
-0.8372820E+00 -0.75627E+01
-0.8359486E+00 -0.75535E+01
-0.8346153E+00 -0.75443E+01
-0.8332819E+00 -0.75351E+01
-0.8319485E+00 -0.75259E+01
-0.8306152E+00 -0.75168E+01
-0.8292818E+00 -0.75076E+01
-0.8279485E+00 -0.74984E+01
-0.8266151E+00 -0.74892E+01
-0.8252817E+00 -0.74800E+01
-0.8239484E+00 -0.74708E+01
-0.8226150E+00 -0.74617E+01
-0.8212816E+00 -0.74525E+01
-0.8199483E+00 -0.74433E+01
-0.8186149E+00 -0.74341E+01
-0.8172816E+00 -0.74249E+01
-0.8159482E+00 -0.74157E+01
-0.8146148E+00 -0.74065E+01
-0.8132815E+00 -0.73973E+01
-0.8119481E+00 -0.73881E+01
-0.8106148E+00 -0.73789E+01
-0.8092814E+00 -0.73697E+01
-0.8079480E+00 -0.73605E+01
-0.8066147E+00 -0.73512E+01
-0.8052813E+00 -0.73420E+01
-0.8039480E+00 -0.73328E+01
-0.8026146E+00 -0.73236E+01
-0.8012812E+00 -0.73144E+01
-0.7999479E+00 -0.73051E+01
-0.7986145E+00 -0.72959E+01
-0.7972811E+00 -0.72867E+01
-0.7959478E+00 -0.72774E+01
-0.7946144E+00 -0.72682E+01
-0.7932811E+00 -0.72589E+01
-0.7919477E+00 -0.72497E+01
-0.7906143E+00 -0.72404E+01
-0.7892810E+00 -0.72312E+01
-0.7879476E+00 -0.72219E+01
-0.7866143E+00 -0.72126E+01
-0.7852809E+00 -0.72034E+01
-0.7839475E+00 -0.71941E+01
-0.7826142E+00 -0.71848E+01
-0.7812808E+00 -0.71755E+01
-0.7799475E+00 -0.71662E+01
-0.7786141E+00 -0.71569E+01
-0.7772807E+00 -0.71476E+01
-0.7759474E+00 -0.71383E+01
-0.7746140E+00 -0.71290E+01
-0.7732806E+00 -0.71197E+01
-0.7719473E+00 -0.71103E+01
-0.7706139E+00 -0.71010E+01
-0.7692806E+00 -0.70917E+01
-0.7679472E+00 -0.70823E+01
-0.7666138E+00 -0.70730E+01
-0.7652805E+00 -0.70636E+01
-0.7639471E+00 -0.70542E+01
-0.7626138E+00 -0.70449E+01
-0.7612804E+00 -0.70355E+01
-0.7599470E+00 -0.70261E+01
-0.7586137E+00 -0.70167E+01
-0.7572803E+00 -0.70073E+01
-0.7559470E+00 -0.69979E+01
-0.7546136E+00 -0.69885E+01
-0.7532802E+00 -0.69790E+01
-0.7519469E+00 -0.69696E+01
-0.7506135E+00 -0.69601E+01
-0.7492801E+00 -0.69507E+01
-0.7479468E+00 -0.69412E+01
-0.7466134E+00 -0.69318E+01
-0.7452801E+00 -0.69223E+01
-0.7439467E+00 -0.69128E+01
-0.7426133E+00 -0.69033E+01
-0.7412800E+00 -0.68938E+01
-0.7399466E+00 -0.68843E+01
-0.7386133E+00 -0.68748E+01
-0.7372799E+00 -0.68652E+01
-0.7359465E+00 -0.68557E+01
-0.7346132E+00 -0.68461E+01
-0.7332798E+00 -0.68366E+01
-0.7319465E+00 -0.68270E+01
-0.7306131E+00 -0.68174E+01
-0.7292797E+00 -0.68078E+01
-0.7279464E+00 -0.67982E+01
-0.7266130E+00 -0.67886E+01
-0.7252796E+00 -0.67790E+01
-0.7239463E+00 -0.67694E+01
-0.7226129E+00 -0.67597E+01
-0.7212796E+00 -0.67501E+01
-0.7199462E+00 -0.67404E+01
-0.7186128E+00 -0.67307E+01
-0.7172795E+00 -0.67210E+01
-0.7159461E+00 -0.67113E+01
-0.7146128E+00 -0.67016E+01
-0.7132794E+00 -0.66919E+01
-0.7119460E+00 -0.66822E+01
-0.7106127E+00 -0.66724E+01
-0.7092793E+00 -0.66627E+01
-0.7079460E+00 -0.66529E+01
-0.7066126E+00 -0.66431E+01
-0.7052792E+00 -0.66334E+01
-0.7039459E+00 -0.66236E+01
-0.7026125E+00 -0.66137E+01
-0.7012791E+00 -0.66039E+01
-0.6999458E+00 -0.65941E+01
-0.6986124E+00 -0.65842E+01
-0.6972791E+00 -0.65744E+01
-0.6959457E+00 -0.65645E+01
-0.6946123E+00 -0.65546E+01
-0.6932790E+00 -0.65447E+01
-0.6919456E+00 -0.65348E+01
-0.6906123E+00 -0.65249E+01
-0.6892789E+00 -0.65150E+01
-0.6879455E+00 -0.65051E+01
-0.6866122E+00 -0.64951E+01
-0.6852788E+00 -0.64852E+01
-0.6839455E+00 -0.64752E+01
-0.6826121E+00 -0.64652E+01
-0.6812787E+00 -0.64552E+01
-0.6799454E+00 -0.64452E+01
-0.6786120E+00 -0.64352E+01
-0.6772786E+00 -0.64252E+01
-0.6759453E+00 -0.64151E+01
-0.6746119E+00 -0.64051E+01
-0.6732786E+00 -0.63950E+01
-0.6719452E+00 -0.63849E+01
-0.6706118E+00 -0.63748E+01
-0.6692785E+00 -0.63648E+01
-0.6679451E+00 -0.63547E+01
-0.6666118E+00 -0.63445E+01
-0.6652784E+00 -0.63344E+01
-0.6639450E+00 -0.63243E+01
-0.6626117E+00 -0.63141E+01
-0.6612783E+00 -0.63040E+01
-0.6599450E+00 -0.62938E+01
-0.6586116E+00 -0.62836E+01
-0.6572782E+00 -0.62735E+01
-0.6559449E+00 -0.62633E+01
-0.6546115E+00 -0.62531E+01
-0.6532781E+00 -0.62429E+01
-0.6519448E+00 -0.62327E+01
-0.6506114E+00 -0.62224E+01
-0.6492781E+00 -0.62122E+01
-0.6479447E+00 -0.62020E+01
-0.6466113E+00 -0.61917E+01
-0.6452780E+00 -0.61815E+01
-0.6439446E+00 -0.61712E+01
-0.6426113E+00 -0.61609E+01
-0.6412779E+00 -0.61506E+01
-0.6399445E+00 -0.61404E+01
-0.6386112E+00 -0.61301E+01
-0.6372778E+00 -0.61198E+01
-0.6359445E+00 -0.61095E+01
-0.6346111E+00 -0.60992E+01
-0.6332777E+00 -0.60889E+01
-0.6319444E+00 -0.60786E+01
-0.6306110E+00 -0.60683E+01
-0.6292776E+00 -0.60579E+01
-0.6279443E+00 -0.60476E+01
-0.6266109E+00 -0.60373E+01
-0.6252776E+00 -0.60270E+01
-0.6239442E+00 -0.60167E+01
-0.6226108E+00 -0.60063E+01
-0.6212775E+00 -0.59960E+01
-0.6199441E+00 -0.59857E+01
-0.6186108E+00 -0.59753E+01
-0.6172774E+00 -0.59650E+01
-0.6159440E+00 -0.59547E+01
-0.6146107E+00 -0.59444E+01
-0.6132773E+00 -0.59340E+01
-0.6119440E+00 -0.59237E+01
-0.6106106E+00 -0.59134E+01
-0.6092772E+00 -0.59031E+01
-0.6079439E+00 -0.58928E+01
-0.6066105E+00 -0.58825E+01
-0.6052771E+00 -0.58721E+01
-0.6039438E+00 -0.58618E+01
-0.6026104E+00 -0.58516E+01
-0.6012771E+00 -0.58413E+01
-0.5999437E+00 -0.58310E+01
-0.5986103E+00 -0.58207E+01
-0.5972770E+00 -0.58105E+01
-0.5959436E+00 -0.58002E+01
-0.5946103E+00 -0.57900E+01
-0.5932769E+00 -0.57797E+01
-0.5919435E+00 -0.57695E+01
-0.5906102E+00 -0.57593E+01
-0.5892768E+00 -0.57491E+01
-0.5879435E+00 -0.57389E+01
-0.5866101E+00 -0.57287E+01
-0.5852767E+00 -0.57186E+01
-0.5839434E+00 -0.57084E+01
-0.5826100E+00 -0.56983E+01
-0.5812766E+00 -0.56882E+01
-0.5799433E+00 -0.56781E+01
-0.5786099E+00 -0.56680E+01
-0.5772766E+00 -0.56579E+01
-0.5759432E+00 -0.56479E+01
-0.5746098E+00 -0.56379E+01
-0.5732765E+00 -0.56278E+01
-0.5719431E+00 -0.56179E+01
-0.5706098E+00 -0.56079E+01
-0.5692764E+00 -0.55980E+01
-0.5679430E+00 -0.55881E+01
-0.5666097E+00 -0.55782E+01
-0.5652763E+00 -0.55683E+01
-0.5639430E+00 -0.55585E+01
-0.5626096E+00 -0.55487E+01
-0.5612762E+00 -0.55389E+01
-0.5599429E+00 -0.55291E+01
-0.5586095E+00 -0.55194E+01
-0.5572761E+00 -0.55097E+01
-0.5559428E+00 -0.55001E+01
-0.5546094E+00 -0.54905E+01
-0.5532761E+00 -0.54809E+01
-0.5519427E+00 -0.54713E+01
-0.5506093E+00 -0.54618E+01
-0.5492760E+00 -0.54523E+01
-0.5479426E+00 -0.54429E+01
-0.5466093E+00 -0.54335E+01
-0.5452759E+00 -0.54241E+01
-0.5439425E+00 -0.54148E+01
-0.5426092E+00 -0.54055E+01
-0.5412758E+00 -0.53963E+01
-0.5399425E+00 -0.53871E+01
-0.5386091E+00 -0.53779E+01
-0.5372757E+00 -0.53688E+01
-0.5359424E+00 -0.53598E+01
-0.5346090E+00 -0.53508E+01
-0.5332756E+00 -0.53418E+01
-0.5319423E+00 -0.53329E+01
-0.5306089E+00 -0.53241E+01
-0.5292756E+00 -0.53153E+01
-0.5279422E+00 -0.53065E+01
-0.5266088E+00 -0.52978E+01
-0.5252755E+00 -0.52892E+01
-0.5239421E+00 -0.52806E+01
-0.5226088E+00 -0.52721E+01
-0.5212754E+00 -0.52637E+01
-0.5199420E+00 -0.52553E+01
-0.5186087E+00 -0.52470E+01
-0.5172753E+00 -0.52387E+01
-0.5159420E+00 -0.52305E+01
-0.5146086E+00 -0.52224E+01
-0.5132752E+00 -0.52144E+01
-0.5119419E+00 -0.52064E+01
-0.5106085E+00 -0.51985E+01
-0.5092751E+00 -0.51907E+01
-0.5079418E+00 -0.51829E+01
-0.5066084E+00 -0.51752E+01
-0.5052751E+00 -0.51676E+01
-0.5039417E+00 -0.51601E+01
-0.5026083E+00 -0.51527E+01
-0.5012750E+00 -0.51453E+01
-0.4999416E+00 -0.51381E+01
-0.4986083E+00 -0.51309E+01
-0.4972749E+00 -0.51238E+01
-0.4959415E+00 -0.51168E+01
-0.4946082E+00 -0.51099E+01
-0.4932748E+00 -0.51031E+01
-0.4919415E+00 -0.50963E+01
-0.4906081E+00 -0.50897E+01
-0.4892747E+00 -0.50832E+01
-0.4879414E+00 -0.50767E+01
-0.4866080E+00 -0.50704E+01
-0.4852746E+00 -0.50642E+01
-0.4839413E+00 -0.50580E+01
-0.4826079E+00 -0.50520E+01
-0.4812746E+00 -0.50461E+01
-0.4799412E+00 -0.50402E+01
-0.4786078E+00 -0.50345E+01
-0.4772745E+00 -0.50289E+01
-0.4759411E+00 -0.50234E+01
-0.4746078E+00 -0.50180E+01
-0.4732744E+00 -0.50127E+01
-0.4719410E+00 -0.50076E+01
-0.4706077E+00 -0.50025E+01
-0.4692743E+00 -0.49976E+01
-0.4679410E+00 -0.49927E+01
-0.4666076E+00 -0.49880E+01
-0.4652742E+00 -0.49834E+01
-0.4639409E+00 -0.49789E+01
-0.4626075E+00 -0.49745E+01
-0.4612741E+00 -0.49702E+01
-0.4599408E+00 -0.49661E+01
-0.4586074E+00 -0.49620E+01
-0.4572741E+00 -0.49581E+01
-0.4559407E+00 -0.49542E+01
-0.4546073E+00 -0.49504E+01
-0.4532740E+00 -0.49468E+01
-0.4519406E+00 -0.49432E+01
-0.4506073E+00 -0.49398E+01
-0.4492739E+00 -0.49364E+01
-0.4479405E+00 -0.49331E+01
-0.4466072E+00 -0.49298E+01
-0.4452738E+00 -0.49267E+01
-0.4439405E+00 -0.49236E+01
-0.4426071E+00 -0.49205E+01
-0.4412737E+00 -0.49175E+01
-0.4399404E+00 -0.49145E+01
-0.4386070E+00 -0.49115E+01
-0.4372736E+00 -0.49086E+01
-0.4359403E+00 -0.49056E+01
-0.4346069E+00 -0.49027E+01
-0.4332736E+00 -0.48997E+01
-0.4319402E+00 -0.48966E+01
-0.4306068E+00 -0.48935E+01
-0.4292735E+00 -0.48903E+01
-0.4279401E+00 -0.48870E+01
-0.4266068E+00 -0.48836E+01
-0.4252734E+00 -0.48801E+01
-0.4239400E+00 -0.48763E+01
-0.4226067E+00 -0.48724E+01
-0.4212733E+00 -0.48683E+01
-0.4199400E+00 -0.48640E+01
-0.4186066E+00 -0.48594E+01
-0.4172732E+00 -0.48545E+01
-0.4159399E+00 -0.48493E+01
-0.4146065E+00 -0.48438E+01
-0.4132731E+00 -0.48380E+01
-0.4119398E+00 -0.48318E+01
-0.4106064E+00 -0.48253E+01
-0.4092731E+00 -0.48184E+01
-0.4079397E+00 -0.48111E+01
-0.4066063E+00 -0.48033E+01
-0.4052730E+00 -0.47952E+01
-0.4039396E+00 -0.47868E+01
-0.4026063E+00 -0.47779E+01
-0.4012729E+00 -0.47687E+01
-0.3999395E+00 -0.47591E+01
-0.3986062E+00 -0.47493E+01
-0.3972728E+00 -0.47392E+01
-0.3959395E+00 -0.47290E+01
-0.3946061E+00 -0.47187E+01
-0.3932727E+00 -0.47083E+01
-0.3919394E+00 -0.46981E+01
-0.3906060E+00 -0.46881E+01
-0.3892726E+00 -0.46785E+01
-0.3879393E+00 -0.46695E+01
-0.3866059E+00 -0.46615E+01
-0.3852726E+00 -0.46547E+01
-0.3839392E+00 -0.46497E+01
-0.3826058E+00 -0.46471E+01
-0.3812725E+00 -0.46480E+01
-0.3799391E+00 -0.46541E+01
-0.3786058E+00 -0.46685E+01
-0.3772724E+00 -0.46981E+01
-0.3759390E+00 -0.47673E+01
-0.3746057E+00 -0.49356E+01
-0.3732723E+00 -0.49250E+01
-0.3719390E+00 -0.49145E+01
-0.3706056E+00 -0.49039E+01
-0.3692722E+00 -0.48933E+01
-0.3679389E+00 -0.48827E+01
-0.3666055E+00 -0.48721E+01
-0.3652721E+00 -0.48614E+01
-0.3639388E+00 -0.48508E+01
-0.3626054E+00 -0.48401E+01
-0.3612721E+00 -0.48294E+01
-0.3599387E+00 -0.48187E+01
-0.3586053E+00 -0.48080E+01
-0.3572720E+00 -0.47973E+01
-0.3559386E+00 -0.47866E+01
-0.3546053E+00 -0.47759E+01
-0.3532719E+00 -0.47651E+01
-0.3519385E+00 -0.47544E+01
-0.3506052E+00 -0.47437E+01
-0.3492718E+00 -0.47329E+01
-0.3479385E+00 -0.47222E+01
-0.3466051E+00 -0.47114E+01
-0.3452717E+00 -0.47007E+01
-0.3439384E+00 -0.46899E+01
-0.3426050E+00 -0.46792E+01
-0.3412716E+00 -0.46685E+01
-0.3399383E+00 -0.46578E+01
-0.3386049E+00 -0.46471E+01
-0.3372716E+00 -0.46364E+01
-0.3359382E+00 -0.46257E+01
-0.3346048E+00 -0.46150E+01
-0.3332715E+00 -0.46044E+01
-0.3319381E+00 -0.45938E+01
-0.3306048E+00 -0.45831E+01
-0.3292714E+00 -0.45726E+01
-0.3279380E+00 -0.45620E+01
-0.3266047E+00 -0.45515E+01
-0.3252713E+00 -0.45409E+01
-0.3239380E+00 -0.45305E+01
-0.3226046E+00 -0.45200E+01
-0.3212712E+00 -0.45096E+01
-0.3199379E+00 -0.44992E+01
-0.3186045E+00 -0.44889E+01
-0.3172711E+00 -0.44786E+01
-0.3159378E+00 -0.44683E+01
-0.3146044E+00 -0.44581E+01
-0.3132711E+00 -0.44479E+01
-0.3119377E+00 -0.44378E+01
-0.3106043E+00 -0.44277E+01
-0.3092710E+00 -0.44176E+01
-0.3079376E+00 -0.44077E+01
-0.3066043E+00 -0.43977E+01
-0.3052709E+00 -0.43879E+01
-0.3039375E+00 -0.43781E+01
-0.3026042E+00 -0.43683E+01
-0.3012708E+00 -0.43586E+01
-0.2999375E+00 -0.43490E+01
-0.2986041E+00 -0.43394E+01
-0.2972707E+00 -0.43299E+01
-0.2959374E+00 -0.43205E+01
-0.2946040E+00 -0.43112E+01
-0.2932706E+00 -0.43019E+01
-0.2919373E+00 -0.42927E+01
-0.2906039E+00 -0.42836E+01
-0.2892706E+00 -0.42745E+01
-0.2879372E+00 -0.42656E+01
-0.2866038E+00 -0.42567E+01
-0.2852705E+00 -0.42479E+01
-0.2839371E+00 -0.42392E+01
-0.2826038E+00 -0.42306E+01
-0.2812704E+00 -0.42221E+01
-0.2799370E+00 -0.42137E+01
-0.2786037E+00 -0.42054E+01
-0.2772703E+00 -0.41971E+01
-0.2759370E+00 -0.41890E+01
-0.2746036E+00 -0.41810E+01
-0.2732702E+00 -0.41730E+01
-0.2719369E+00 -0.41652E+01
-0.2706035E+00 -0.41575E+01
-0.2692701E+00 -0.41498E+01
-0.2679368E+00 -0.41423E+01
-0.2666034E+00 -0.41349E+01
-0.2652701E+00 -0.41276E+01
-0.2639367E+00 -0.41204E+01
-0.2626033E+00 -0.41134E+01
-0.2612700E+00 -0.41064E+01
-0.2599366E+00 -0.40995E+01
-0.2586033E+00 -0.40928E+01
-0.2572699E+00 -0.40861E+01
-0.2559365E+00 -0.40796E+01
-0.2546032E+00 -0.40732E+01
-0.2532698E+00 -0.40669E+01
-0.2519365E+00 -0.40607E+01
-0.2506031E+00 -0.40546E+01
-0.2492697E+00 -0.40486E+01
-0.2479364E+00 -0.40427E+01
-0.2466030E+00 -0.40369E+01
-0.2452696E+00 -0.40312E+01
-0.2439363E+00 -0.40256E+01
-0.2426029E+00 -0.40201E+01
-0.2412696E+00 -0.40146E+01
-0.2399362E+00 -0.40093E+01
-0.2386028E+00 -0.40040E+01
-0.2372695E+00 -0.39988E+01
-0.2359361E+00 -0.39937E+01
-0.2346028E+00 -0.39886E+01
-0.2332694E+00 -0.39836E+01
-0.2319360E+00 -0.39786E+01
-0.2306027E+00 -0.39736E+01
-0.2292693E+00 -0.39687E+01
-0.2279360E+00 -0.39638E+01
-0.2266026E+00 -0.39588E+01
-0.2252692E+00 -0.39539E+01
-0.2239359E+00 -0.39489E+01
-0.2226025E+00 -0.39439E+01
-0.2212691E+00 -0.39389E+01
-0.2199358E+00 -0.39338E+01
-0.2186024E+00 -0.39286E+01
-0.2172691E+00 -0.39233E+01
-0.2159357E+00 -0.39179E+01
-0.2146023E+00 -0.39124E+01
-0.2132690E+00 -0.39067E+01
-0.2119356E+00 -0.39008E+01
-0.2106023E+00 -0.38948E+01
-0.2092689E+00 -0.38886E+01
-0.2079355E+00 -0.38822E+01
-0.2066022E+00 -0.38755E+01
-0.2052688E+00 -0.38686E+01
-0.2039355E+00 -0.38615E+01
-0.2026021E+00 -0.38541E+01
-0.2012687E+00 -0.38464E+01
-0.1999354E+00 -0.38384E+01
-0.1986020E+00 -0.38301E+01
-0.1972686E+00 -0.38216E+01
-0.1959353E+00 -0.38127E+01
-0.1946019E+00 -0.38036E+01
-0.1932686E+00 -0.37941E+01
-0.1919352E+00 -0.37844E+01
-0.1906018E+00 -0.37744E+01
-0.1892685E+00 -0.37642E+01
-0.1879351E+00 -0.37537E+01
-0.1866018E+00 -0.37430E+01
-0.1852684E+00 -0.37321E+01
-0.1839350E+00 -0.37210E+01
-0.1826017E+00 -0.37099E+01
-0.1812683E+00 -0.36986E+01
-0.1799350E+00 -0.36873E+01
-0.1786016E+00 -0.36760E+01
-0.1772682E+00 -0.36647E+01
-0.1759349E+00 -0.36536E+01
-0.1746015E+00 -0.36426E+01
-0.1732681E+00 -0.36318E+01
-0.1719348E+00 -0.36214E+01
-0.1706014E+00 -0.36113E+01
-0.1692681E+00 -0.36016E+01
-0.1679347E+00 -0.35925E+01
-0.1666013E+00 -0.35840E+01
-0.1652680E+00 -0.35763E+01
-0.1639346E+00 -0.35693E+01
-0.1626013E+00 -0.35633E+01
-0.1612679E+00 -0.35584E+01
-0.1599345E+00 -0.35547E+01
-0.1586012E+00 -0.35523E+01
-0.1572678E+00 -0.35514E+01
-0.1559345E+00 -0.35522E+01
-0.1546011E+00 -0.35549E+01
-0.1532677E+00 -0.35596E+01
-0.1519344E+00 -0.35667E+01
-0.1506010E+00 -0.35763E+01
-0.1492676E+00 -0.35887E+01
-0.1479343E+00 -0.36040E+01
-0.1466009E+00 -0.36224E+01
-0.1452676E+00 -0.36437E+01
-0.1439342E+00 -0.36674E+01
-0.1426008E+00 -0.36920E+01
-0.1412675E+00 -0.37139E+01
-0.1399341E+00 -0.37208E+01
-0.1386008E+00 -0.37118E+01
-0.1372674E+00 -0.37028E+01
-0.1359340E+00 -0.36939E+01
-0.1346007E+00 -0.36852E+01
-0.1332673E+00 -0.36766E+01
-0.1319340E+00 -0.36680E+01
-0.1306006E+00 -0.36596E+01
-0.1292672E+00 -0.36513E+01
-0.1279339E+00 -0.36431E+01
-0.1266005E+00 -0.36350E+01
-0.1252671E+00 -0.36270E+01
-0.1239338E+00 -0.36192E+01
-0.1226004E+00 -0.36114E+01
-0.1212671E+00 -0.36038E+01
-0.1199337E+00 -0.35963E+01
-0.1186003E+00 -0.35889E+01
-0.1172670E+00 -0.35816E+01
-0.1159336E+00 -0.35744E+01
-0.1146003E+00 -0.35673E+01
-0.1132669E+00 -0.35604E+01
-0.1119335E+00 -0.35535E+01
-0.1106002E+00 -0.35468E+01
-0.1092668E+00 -0.35401E+01
-0.1079335E+00 -0.35336E+01
-0.1066001E+00 -0.35271E+01
-0.1052667E+00 -0.35207E+01
-0.1039334E+00 -0.35144E+01
-0.1026000E+00 -0.35082E+01
-0.1012666E+00 -0.35020E+01
-0.9993329E-01 -0.34959E+01
-0.9859993E-01 -0.34899E+01
-0.9726656E-01 -0.34839E+01
-0.9593320E-01 -0.34779E+01
-0.9459984E-01 -0.34720E+01
-0.9326648E-01 -0.34661E+01
-0.9193312E-01 -0.34601E+01
-0.9059976E-01 -0.34542E+01
-0.8926640E-01 -0.34482E+01
-0.8793304E-01 -0.34422E+01
-0.8659968E-01 -0.34362E+01
-0.8526631E-01 -0.34301E+01
-0.8393295E-01 -0.34239E+01
-0.8259959E-01 -0.34176E+01
-0.8126623E-01 -0.34112E+01
-0.7993287E-01 -0.34047E+01
-0.7859951E-01 -0.33980E+01
-0.7726615E-01 -0.33912E+01
-0.7593279E-01 -0.33842E+01
-0.7459943E-01 -0.33771E+01
-0.7326606E-01 -0.33697E+01
-0.7193270E-01 -0.33621E+01
-0.7059934E-01 -0.33543E+01
-0.6926598E-01 -0.33463E+01
-0.6793262E-01 -0.33380E+01
-0.6659926E-01 -0.33294E+01
-0.6526590E-01 -0.33207E+01
-0.6393254E-01 -0.33116E+01
-0.6259918E-01 -0.33023E+01
-0.6126581E-01 -0.32928E+01
-0.5993245E-01 -0.32830E+01
-0.5859909E-01 -0.32729E+01
-0.5726573E-01 -0.32626E+01
-0.5593237E-01 -0.32521E+01
-0.5459901E-01 -0.32414E+01
-0.5326565E-01 -0.32305E+01
-0.5193229E-01 -0.32194E+01
-0.5059893E-01 -0.32082E+01
-0.4926556E-01 -0.31969E+01
-0.4793220E-01 -0.31855E+01
-0.4659884E-01 -0.31741E+01
-0.4526548E-01 -0.31626E+01
-0.4393212E-01 -0.31512E+01
-0.4259876E-01 -0.31398E+01
-0.4126540E-01 -0.31286E+01
-0.3993204E-01 -0.31174E+01
-0.3859868E-01 -0.31065E+01
-0.3726531E-01 -0.30958E+01
-0.3593195E-01 -0.30854E+01
-0.3459859E-01 -0.30753E+01
-0.3326523E-01 -0.30656E+01
-0.3193187E-01 -0.30564E+01
-0.3059851E-01 -0.30476E+01
-0.2926515E-01 -0.30394E+01
-0.2793179E-01 -0.30317E+01
-0.2659843E-01 -0.30247E+01
-0.2526506E-01 -0.30184E+01
-0.2393170E-01 -0.30128E+01
-0.2259834E-01 -0.30079E+01
-0.2126498E-01 -0.30039E+01
-0.1993162E-01 -0.30007E+01
-0.1859826E-01 -0.29984E+01
-0.1726490E-01 -0.29970E+01
-0.1593154E-01 -0.29965E+01
-0.1459818E-01 -0.29969E+01
-0.1326481E-01 -0.29981E+01
-0.1193145E-01 -0.30002E+01
-0.1059809E-01 -0.30029E+01
-0.9264731E-02 -0.30063E+01
-0.7931370E-02 -0.30101E+01
-0.6598009E-02 -0.30142E+01
-0.5264647E-02 -0.30182E+01
-0.3931286E-02 -0.30218E+01
-0.2597925E-02 -0.30246E+01
-0.1264564E-02 -0.30263E+01
 0.6879700E-04 -0.30265E+01
 0.1402158E-02 -0.30247E+01
 0.2735519E-02 -0.30208E+01
 0.4068880E-02 -0.30148E+01
 0.5402241E-02 -0.30071E+01
 0.6735603E-02 -0.29989E+01
 0.8068964E-02 -0.29928E+01
 0.9402325E-02 -0.29941E+01
 0.1073569E-01 -0.30202E+01
 0.1206905E-01 -0.31200E+01
 0.1340241E-01 -0.31134E+01
 0.1473577E-01 -0.31068E+01
 0.1606913E-01 -0.31000E+01
 0.1740249E-01 -0.30932E+01
 0.1873585E-01 -0.30862E+01
 0.2006921E-01 -0.30791E+01
 0.2140257E-01 -0.30719E+01
 0.2273594E-01 -0.30645E+01
 0.2406930E-01 -0.30569E+01
 0.2540266E-01 -0.30492E+01
 0.2673602E-01 -0.30412E+01
 0.2806938E-01 -0.30331E+01
 0.2940274E-01 -0.30247E+01
 0.3073610E-01 -0.30161E+01
 0.3206946E-01 -0.30073E+01
 0.3340282E-01 -0.29982E+01
 0.3473619E-01 -0.29889E+01
 0.3606955E-01 -0.29794E+01
 0.3740291E-01 -0.29697E+01
 0.3873627E-01 -0.29597E+01
 0.4006963E-01 -0.29495E+01
 0.4140299E-01 -0.29391E+01
 0.4273635E-01 -0.29285E+01
 0.4406971E-01 -0.29177E+01
 0.4540307E-01 -0.29068E+01
 0.4673644E-01 -0.28958E+01
 0.4806980E-01 -0.28846E+01
 0.4940316E-01 -0.28734E+01
 0.5073652E-01 -0.28621E+01
 0.5206988E-01 -0.28508E+01
 0.5340324E-01 -0.28396E+01
 0.5473660E-01 -0.28284E+01
 0.5606996E-01 -0.28172E+01
 0.5740332E-01 -0.28062E+01
 0.5873669E-01 -0.27954E+01
 0.6007005E-01 -0.27847E+01
 0.6140341E-01 -0.27743E+01
 0.6273677E-01 -0.27642E+01
 0.6407013E-01 -0.27544E+01
 0.6540349E-01 -0.27450E+01
 0.6673685E-01 -0.27360E+01
 0.6807021E-01 -0.27274E+01
 0.6940357E-01 -0.27192E+01
 0.7073694E-01 -0.27116E+01
 0.7207030E-01 -0.27045E+01
 0.7340366E-01 -0.26979E+01
 0.7473702E-01 -0.26920E+01
 0.7607038E-01 -0.26866E+01
 0.7740374E-01 -0.26819E+01
 0.7873710E-01 -0.26777E+01
 0.8007046E-01 -0.26742E+01
 0.8140382E-01 -0.26713E+01
 0.8273719E-01 -0.26689E+01
 0.8407055E-01 -0.26671E+01
 0.8540391E-01 -0.26658E+01
 0.8673727E-01 -0.26649E+01
 0.8807063E-01 -0.26644E+01
 0.8940399E-01 -0.26640E+01
 0.9073735E-01 -0.26638E+01
 0.9207071E-01 -0.26635E+01
 0.9340407E-01 -0.26630E+01
 0.9473744E-01 -0.26622E+01
 0.9607080E-01 -0.26608E+01
 0.9740416E-01 -0.26586E+01
 0.9873752E-01 -0.26554E+01
 0.1000709E+00 -0.26512E+01
 0.1014042E+00 -0.26458E+01
 0.1027376E+00 -0.26392E+01
 0.1040710E+00 -0.26313E+01
 0.1054043E+00 -0.26223E+01
 0.1067377E+00 -0.26125E+01
 0.1080710E+00 -0.26021E+01
 0.1094044E+00 -0.25916E+01
 0.1107378E+00 -0.25816E+01
 0.1120711E+00 -0.25728E+01
 0.1134045E+00 -0.25661E+01
 0.1147379E+00 -0.25624E+01
 0.1160712E+00 -0.25630E+01
 0.1174046E+00 -0.25690E+01
 0.1187379E+00 -0.25819E+01
 0.1200713E+00 -0.26030E+01
 0.1214047E+00 -0.26323E+01
 0.1227380E+00 -0.26659E+01
 0.1240714E+00 -0.26780E+01
 0.1254047E+00 -0.26670E+01
 0.1267381E+00 -0.26561E+01
 0.1280715E+00 -0.26450E+01
 0.1294048E+00 -0.26340E+01
 0.1307382E+00 -0.26230E+01
 0.1320715E+00 -0.26120E+01
 0.1334049E+00 -0.26012E+01
 0.1347383E+00 -0.25904E+01
 0.1360716E+00 -0.25799E+01
 0.1374050E+00 -0.25695E+01
 0.1387384E+00 -0.25593E+01
 0.1400717E+00 -0.25495E+01
 0.1414051E+00 -0.25399E+01
 0.1427384E+00 -0.25306E+01
 0.1440718E+00 -0.25217E+01
 0.1454052E+00 -0.25132E+01
 0.1467385E+00 -0.25052E+01
 0.1480719E+00 -0.24975E+01
 0.1494052E+00 -0.24904E+01
 0.1507386E+00 -0.24836E+01
 0.1520720E+00 -0.24774E+01
 0.1534053E+00 -0.24717E+01
 0.1547387E+00 -0.24664E+01
 0.1560720E+00 -0.24616E+01
 0.1574054E+00 -0.24573E+01
 0.1587388E+00 -0.24534E+01
 0.1600721E+00 -0.24499E+01
 0.1614055E+00 -0.24467E+01
 0.1627389E+00 -0.24438E+01
 0.1640722E+00 -0.24410E+01
 0.1654056E+00 -0.24384E+01
 0.1667389E+00 -0.24358E+01
 0.1680723E+00 -0.24331E+01
 0.1694057E+00 -0.24301E+01
 0.1707390E+00 -0.24268E+01
 0.1720724E+00 -0.24230E+01
 0.1734057E+00 -0.24186E+01
 0.1747391E+00 -0.24135E+01
 0.1760725E+00 -0.24075E+01
 0.1774058E+00 -0.24007E+01
 0.1787392E+00 -0.23928E+01
 0.1800725E+00 -0.23840E+01
 0.1814059E+00 -0.23743E+01
 0.1827393E+00 -0.23638E+01
 0.1840726E+00 -0.23525E+01
 0.1854060E+00 -0.23407E+01
 0.1867394E+00 -0.23287E+01
 0.1880727E+00 -0.23166E+01
 0.1894061E+00 -0.23048E+01
 0.1907394E+00 -0.22937E+01
 0.1920728E+00 -0.22835E+01
 0.1934062E+00 -0.22747E+01
 0.1947395E+00 -0.22675E+01
 0.1960729E+00 -0.22622E+01
 0.1974062E+00 -0.22592E+01
 0.1987396E+00 -0.22585E+01
 0.2000730E+00 -0.22602E+01
 0.2014063E+00 -0.22640E+01
 0.2027397E+00 -0.22694E+01
 0.2040730E+00 -0.22755E+01
 0.2054064E+00 -0.22809E+01
 0.2067398E+00 -0.22837E+01
 0.2080731E+00 -0.22823E+01
 0.2094065E+00 -0.22759E+01
 0.2107399E+00 -0.22673E+01
 0.2120732E+00 -0.22716E+01
 0.2134066E+00 -0.23324E+01
 0.2147399E+00 -0.23257E+01
 0.2160733E+00 -0.23193E+01
 0.2174067E+00 -0.23133E+01
 0.2187400E+00 -0.23077E+01
 0.2200734E+00 -0.23025E+01
 0.2214067E+00 -0.22975E+01
 0.2227401E+00 -0.22929E+01
 0.2240735E+00 -0.22885E+01
 0.2254068E+00 -0.22843E+01
 0.2267402E+00 -0.22802E+01
 0.2280735E+00 -0.22761E+01
 0.2294069E+00 -0.22719E+01
 0.2307403E+00 -0.22676E+01
 0.2320736E+00 -0.22630E+01
 0.2334070E+00 -0.22581E+01
 0.2347404E+00 -0.22527E+01
 0.2360737E+00 -0.22468E+01
 0.2374071E+00 -0.22402E+01
 0.2387404E+00 -0.22329E+01
 0.2400738E+00 -0.22249E+01
 0.2414072E+00 -0.22161E+01
 0.2427405E+00 -0.22065E+01
 0.2440739E+00 -0.21962E+01
 0.2454072E+00 -0.21852E+01
 0.2467406E+00 -0.21736E+01
 0.2480740E+00 -0.21617E+01
 0.2494073E+00 -0.21494E+01
 0.2507407E+00 -0.21371E+01
 0.2520740E+00 -0.21249E+01
 0.2534074E+00 -0.21131E+01
 0.2547408E+00 -0.21018E+01
 0.2560741E+00 -0.20914E+01
 0.2574075E+00 -0.20820E+01
 0.2587409E+00 -0.20738E+01
 0.2600742E+00 -0.20670E+01
 0.2614076E+00 -0.20617E+01
 0.2627409E+00 -0.20579E+01
 0.2640743E+00 -0.20558E+01
 0.2654077E+00 -0.20551E+01
 0.2667410E+00 -0.20557E+01
 0.2680744E+00 -0.20573E+01
 0.2694077E+00 -0.20593E+01
 0.2707411E+00 -0.20611E+01
 0.2720745E+00 -0.20621E+01
 0.2734078E+00 -0.20616E+01
 0.2747412E+00 -0.20590E+01
 0.2760745E+00 -0.20541E+01
 0.2774079E+00 -0.20473E+01
 0.2787413E+00 -0.20396E+01
 0.2800746E+00 -0.20333E+01
 0.2814080E+00 -0.20313E+01
 0.2827414E+00 -0.20378E+01
 0.2840747E+00 -0.20579E+01
 0.2854081E+00 -0.20948E+01
 0.2867414E+00 -0.21301E+01
 0.2880748E+00 -0.21238E+01
 0.2894082E+00 -0.21169E+01
 0.2907415E+00 -0.21095E+01
 0.2920749E+00 -0.21015E+01
 0.2934082E+00 -0.20929E+01
 0.2947416E+00 -0.20836E+01
 0.2960750E+00 -0.20737E+01
 0.2974083E+00 -0.20631E+01
 0.2987417E+00 -0.20521E+01
 0.3000750E+00 -0.20407E+01
 0.3014084E+00 -0.20289E+01
 0.3027418E+00 -0.20170E+01
 0.3040751E+00 -0.20050E+01
 0.3054085E+00 -0.19932E+01
 0.3067419E+00 -0.19818E+01
 0.3080752E+00 -0.19708E+01
 0.3094086E+00 -0.19605E+01
 0.3107419E+00 -0.19511E+01
 0.3120753E+00 -0.19427E+01
 0.3134087E+00 -0.19353E+01
 0.3147420E+00 -0.19292E+01
 0.3160754E+00 -0.19243E+01
 0.3174087E+00 -0.19206E+01
 0.3187421E+00 -0.19181E+01
 0.3200755E+00 -0.19167E+01
 0.3214088E+00 -0.19161E+01
 0.3227422E+00 -0.19161E+01
 0.3240755E+00 -0.19163E+01
 0.3254089E+00 -0.19162E+01
 0.3267423E+00 -0.19154E+01
 0.3280756E+00 -0.19134E+01
 0.3294090E+00 -0.19099E+01
 0.3307424E+00 -0.19045E+01
 0.3320757E+00 -0.18973E+01
 0.3334091E+00 -0.18886E+01
 0.3347424E+00 -0.18790E+01
 0.3360758E+00 -0.18694E+01
 0.3374092E+00 -0.18608E+01
 0.3387425E+00 -0.18545E+01
 0.3400759E+00 -0.18518E+01
 0.3414092E+00 -0.18533E+01
 0.3427426E+00 -0.18591E+01
 0.3440760E+00 -0.18678E+01
 0.3454093E+00 -0.18758E+01
 0.3467427E+00 -0.18775E+01
 0.3480760E+00 -0.18691E+01
 0.3494094E+00 -0.18682E+01
 0.3507428E+00 -0.19017E+01
 0.3520761E+00 -0.18905E+01
 0.3534095E+00 -0.18797E+01
 0.3547429E+00 -0.18694E+01
 0.3560762E+00 -0.18597E+01
 0.3574096E+00 -0.18508E+01
 0.3587429E+00 -0.18428E+01
 0.3600763E+00 -0.18357E+01
 0.3614097E+00 -0.18296E+01
 0.3627430E+00 -0.18246E+01
 0.3640764E+00 -0.18205E+01
 0.3654097E+00 -0.18173E+01
 0.3667431E+00 -0.18149E+01
 0.3680765E+00 -0.18131E+01
 0.3694098E+00 -0.18116E+01
 0.3707432E+00 -0.18100E+01
 0.3720765E+00 -0.18081E+01
 0.3734099E+00 -0.18055E+01
 0.3747433E+00 -0.18018E+01
 0.3760766E+00 -0.17967E+01
 0.3774100E+00 -0.17900E+01
 0.3787434E+00 -0.17817E+01
 0.3800767E+00 -0.17719E+01
 0.3814101E+00 -0.17608E+01
 0.3827434E+00 -0.17490E+01
 0.3840768E+00 -0.17370E+01
 0.3854102E+00 -0.17257E+01
 0.3867435E+00 -0.17157E+01
 0.3880769E+00 -0.17077E+01
 0.3894102E+00 -0.17021E+01
 0.3907436E+00 -0.16992E+01
 0.3920770E+00 -0.16985E+01
 0.3934103E+00 -0.16995E+01
 0.3947437E+00 -0.17005E+01
 0.3960770E+00 -0.17000E+01
 0.3974104E+00 -0.16962E+01
 0.3987438E+00 -0.16886E+01
 0.4000771E+00 -0.16795E+01
 0.4014105E+00 -0.16746E+01
 0.4027439E+00 -0.16840E+01
 0.4040772E+00 -0.17186E+01
 0.4054106E+00 -0.17411E+01
 0.4067439E+00 -0.17374E+01
 0.4080773E+00 -0.17341E+01
 0.4094107E+00 -0.17312E+01
 0.4107440E+00 -0.17283E+01
 0.4120774E+00 -0.17252E+01
 0.4134107E+00 -0.17216E+01
 0.4147441E+00 -0.17172E+01
 0.4160775E+00 -0.17116E+01
 0.4174108E+00 -0.17048E+01
 0.4187442E+00 -0.16966E+01
 0.4200775E+00 -0.16870E+01
 0.4214109E+00 -0.16761E+01
 0.4227443E+00 -0.16642E+01
 0.4240776E+00 -0.16517E+01
 0.4254110E+00 -0.16391E+01
 0.4267444E+00 -0.16268E+01
 0.4280777E+00 -0.16155E+01
 0.4294111E+00 -0.16057E+01
 0.4307444E+00 -0.15977E+01
 0.4320778E+00 -0.15919E+01
 0.4334112E+00 -0.15882E+01
 0.4347445E+00 -0.15864E+01
 0.4360779E+00 -0.15860E+01
 0.4374112E+00 -0.15862E+01
 0.4387446E+00 -0.15859E+01
 0.4400780E+00 -0.15842E+01
 0.4414113E+00 -0.15802E+01
 0.4427447E+00 -0.15741E+01
 0.4440780E+00 -0.15670E+01
 0.4454114E+00 -0.15611E+01
 0.4467448E+00 -0.15594E+01
 0.4480781E+00 -0.15647E+01
 0.4494115E+00 -0.15776E+01
 0.4507449E+00 -0.15937E+01
 0.4520782E+00 -0.16003E+01
 0.4534116E+00 -0.15978E+01
 0.4547449E+00 -0.16270E+01
 0.4560783E+00 -0.16175E+01
 0.4574117E+00 -0.16069E+01
 0.4587450E+00 -0.15954E+01
 0.4600784E+00 -0.15832E+01
 0.4614117E+00 -0.15708E+01
 0.4627451E+00 -0.15584E+01
 0.4640785E+00 -0.15467E+01
 0.4654118E+00 -0.15361E+01
 0.4667452E+00 -0.15268E+01
 0.4680785E+00 -0.15192E+01
 0.4694119E+00 -0.15136E+01
 0.4707453E+00 -0.15098E+01
 0.4720786E+00 -0.15077E+01
 0.4734120E+00 -0.15069E+01
 0.4747454E+00 -0.15067E+01
 0.4760787E+00 -0.15064E+01
 0.4774121E+00 -0.15050E+01
 0.4787454E+00 -0.15020E+01
 0.4800788E+00 -0.14968E+01
 0.4814122E+00 -0.14896E+01
 0.4827455E+00 -0.14811E+01
 0.4840789E+00 -0.14726E+01
 0.4854122E+00 -0.14656E+01
 0.4867456E+00 -0.14616E+01
 0.4880790E+00 -0.14612E+01
 0.4894123E+00 -0.14638E+01
 0.4907457E+00 -0.14666E+01
 0.4920790E+00 -0.14652E+01
 0.4934124E+00 -0.14566E+01
 0.4947458E+00 -0.14443E+01
 0.4960791E+00 -0.14441E+01
 0.4974125E+00 -0.14775E+01
 0.4987459E+00 -0.14766E+01
 0.5000792E+00 -0.14678E+01
 0.5014126E+00 -0.14606E+01
 0.5027459E+00 -0.14549E+01
 0.5040793E+00 -0.14509E+01
 0.5054127E+00 -0.14483E+01
 0.5067460E+00 -0.14468E+01
 0.5080794E+00 -0.14458E+01
 0.5094127E+00 -0.14446E+01
 0.5107461E+00 -0.14426E+01
 0.5120795E+00 -0.14391E+01
 0.5134128E+00 -0.14334E+01
 0.5147462E+00 -0.14256E+01
 0.5160795E+00 -0.14158E+01
 0.5174129E+00 -0.14048E+01
 0.5187463E+00 -0.13936E+01
 0.5200796E+00 -0.13833E+01
 0.5214130E+00 -0.13750E+01
 0.5227464E+00 -0.13693E+01
 0.5240797E+00 -0.13660E+01
 0.5254131E+00 -0.13642E+01
 0.5267464E+00 -0.13621E+01
 0.5280798E+00 -0.13576E+01
 0.5294132E+00 -0.13497E+01
 0.5307465E+00 -0.13400E+01
 0.5320799E+00 -0.13332E+01
 0.5334132E+00 -0.13358E+01
 0.5347466E+00 -0.13508E+01
 0.5360800E+00 -0.13671E+01
 0.5374133E+00 -0.13719E+01
 0.5387467E+00 -0.13954E+01
 0.5400800E+00 -0.13930E+01
 0.5414134E+00 -0.13895E+01
 0.5427468E+00 -0.13844E+01
 0.5440801E+00 -0.13774E+01
 0.5454135E+00 -0.13683E+01
 0.5467469E+00 -0.13573E+01
 0.5480802E+00 -0.13451E+01
 0.5494136E+00 -0.13325E+01
 0.5507469E+00 -0.13205E+01
 0.5520803E+00 -0.13100E+01
 0.5534137E+00 -0.13018E+01
 0.5547470E+00 -0.12961E+01
 0.5560804E+00 -0.12927E+01
 0.5574137E+00 -0.12908E+01
 0.5587471E+00 -0.12891E+01
 0.5600805E+00 -0.12862E+01
 0.5614138E+00 -0.12813E+01
 0.5627472E+00 -0.12747E+01
 0.5640805E+00 -0.12683E+01
 0.5654139E+00 -0.12650E+01
 0.5667473E+00 -0.12676E+01
 0.5680806E+00 -0.12759E+01
 0.5694140E+00 -0.12848E+01
 0.5707474E+00 -0.12850E+01
 0.5720807E+00 -0.12768E+01
 0.5734141E+00 -0.12898E+01
 0.5747474E+00 -0.13087E+01
 0.5760808E+00 -0.12963E+01
 0.5774142E+00 -0.12836E+01
 0.5787475E+00 -0.12714E+01
 0.5800809E+00 -0.12605E+01
 0.5814142E+00 -0.12517E+01
 0.5827476E+00 -0.12454E+01
 0.5840810E+00 -0.12414E+01
 0.5854143E+00 -0.12394E+01
 0.5867477E+00 -0.12385E+01
 0.5880810E+00 -0.12374E+01
 0.5894144E+00 -0.12350E+01
 0.5907478E+00 -0.12304E+01
 0.5920811E+00 -0.12238E+01
 0.5934145E+00 -0.12162E+01
 0.5947479E+00 -0.12095E+01
 0.5960812E+00 -0.12053E+01
 0.5974146E+00 -0.12044E+01
 0.5987479E+00 -0.12051E+01
 0.6000813E+00 -0.12036E+01
 0.6014147E+00 -0.11961E+01
 0.6027480E+00 -0.11831E+01
 0.6040814E+00 -0.11735E+01
 0.6054147E+00 -0.11787E+01
 0.6067481E+00 -0.11908E+01
 0.6080815E+00 -0.12085E+01
 0.6094148E+00 -0.12036E+01
 0.6107482E+00 -0.12007E+01
 0.6120815E+00 -0.11993E+01
 0.6134149E+00 -0.11984E+01
 0.6147483E+00 -0.11969E+01
 0.6160816E+00 -0.11936E+01
 0.6174150E+00 -0.11879E+01
 0.6187484E+00 -0.11797E+01
 0.6200817E+00 -0.11698E+01
 0.6214151E+00 -0.11596E+01
 0.6227484E+00 -0.11506E+01
 0.6240818E+00 -0.11439E+01
 0.6254152E+00 -0.11395E+01
 0.6267485E+00 -0.11359E+01
 0.6280819E+00 -0.11308E+01
 0.6294152E+00 -0.11225E+01
 0.6307486E+00 -0.11121E+01
 0.6320820E+00 -0.11040E+01
 0.6334153E+00 -0.11042E+01
 0.6347487E+00 -0.11140E+01
 0.6360820E+00 -0.11238E+01
 0.6374154E+00 -0.11227E+01
 0.6387488E+00 -0.11469E+01
 0.6400821E+00 -0.11594E+01
 0.6414155E+00 -0.11532E+01
 0.6427489E+00 -0.11444E+01
 0.6440822E+00 -0.11334E+01
 0.6454156E+00 -0.11213E+01
 0.6467489E+00 -0.11095E+01
 0.6480823E+00 -0.10995E+01
 0.6494157E+00 -0.10920E+01
 0.6507490E+00 -0.10870E+01
 0.6520824E+00 -0.10834E+01
 0.6534157E+00 -0.10798E+01
 0.6547491E+00 -0.10746E+01
 0.6560825E+00 -0.10678E+01
 0.6574158E+00 -0.10614E+01
 0.6587492E+00 -0.10587E+01
 0.6600825E+00 -0.10618E+01
 0.6614159E+00 -0.10686E+01
 0.6627493E+00 -0.10718E+01
 0.6640826E+00 -0.10652E+01
 0.6654160E+00 -0.10575E+01
 0.6667494E+00 -0.10666E+01
 0.6680827E+00 -0.10675E+01
 0.6694161E+00 -0.10741E+01
 0.6707494E+00 -0.10634E+01
 0.6720828E+00 -0.10552E+01
 0.6734162E+00 -0.10499E+01
 0.6747495E+00 -0.10469E+01
 0.6760829E+00 -0.10450E+01
 0.6774162E+00 -0.10426E+01
 0.6787496E+00 -0.10384E+01
 0.6800830E+00 -0.10324E+01
 0.6814163E+00 -0.10259E+01
 0.6827497E+00 -0.10210E+01
 0.6840830E+00 -0.10190E+01
 0.6854164E+00 -0.10188E+01
 0.6867498E+00 -0.10162E+01
 0.6880831E+00 -0.10074E+01
 0.6894165E+00 -0.99364E+00
 0.6907499E+00 -0.98432E+00
 0.6920832E+00 -0.98718E+00
 0.6934166E+00 -0.99164E+00
 0.6947499E+00 -0.98981E+00
 0.6960833E+00 -0.10184E+01
 0.6974167E+00 -0.10172E+01
 0.6987500E+00 -0.10156E+01
 0.7000526E+00 -0.10123E+01
 0.7013551E+00 -0.10065E+01
 0.7026577E+00 -0.99852E+00
 0.7039602E+00 -0.98970E+00
 0.7052628E+00 -0.98176E+00
 0.7065653E+00 -0.97569E+00
 0.7078679E+00 -0.97097E+00
 0.7091704E+00 -0.96554E+00
 0.7104730E+00 -0.95722E+00
 0.7117755E+00 -0.94628E+00
 0.7130781E+00 -0.93689E+00
 0.7143806E+00 -0.93485E+00
 0.7156832E+00 -0.94141E+00
 0.7169858E+00 -0.94809E+00
 0.7182883E+00 -0.94626E+00
 0.7195909E+00 -0.95187E+00
 0.7208934E+00 -0.96794E+00
 0.7221960E+00 -0.97683E+00
 0.7234985E+00 -0.96642E+00
 0.7248011E+00 -0.95528E+00
 0.7261036E+00 -0.94518E+00
 0.7274062E+00 -0.93725E+00
 0.7287087E+00 -0.93148E+00
 0.7300113E+00 -0.92659E+00
 0.7313138E+00 -0.92089E+00
 0.7326164E+00 -0.91376E+00
 0.7339189E+00 -0.90685E+00
 0.7352215E+00 -0.90349E+00
 0.7365240E+00 -0.90585E+00
 0.7378266E+00 -0.91124E+00
 0.7391291E+00 -0.91195E+00
 0.7404317E+00 -0.90373E+00
 0.7417343E+00 -0.89609E+00
 0.7430368E+00 -0.89946E+00
 0.7443394E+00 -0.89508E+00
 0.7456419E+00 -0.91402E+00
 0.7469445E+00 -0.90632E+00
 0.7482470E+00 -0.90140E+00
 0.7495496E+00 -0.89817E+00
 0.7508521E+00 -0.89490E+00
 0.7521547E+00 -0.89031E+00
 0.7534572E+00 -0.88461E+00
 0.7547598E+00 -0.87952E+00
 0.7560623E+00 -0.87692E+00
 0.7573649E+00 -0.87651E+00
 0.7586674E+00 -0.87458E+00
 0.7599700E+00 -0.86651E+00
 0.7612725E+00 -0.85298E+00
 0.7625751E+00 -0.84252E+00
 0.7638776E+00 -0.84231E+00
 0.7651802E+00 -0.84431E+00
 0.7664828E+00 -0.84028E+00
 0.7677853E+00 -0.85770E+00
 0.7690879E+00 -0.87508E+00
 0.7703904E+00 -0.87156E+00
 0.7716930E+00 -0.86570E+00
 0.7729955E+00 -0.85833E+00
 0.7742981E+00 -0.85119E+00
 0.7756006E+00 -0.84548E+00
 0.7769032E+00 -0.84042E+00
 0.7782057E+00 -0.83345E+00
 0.7795083E+00 -0.82287E+00
 0.7808108E+00 -0.81113E+00
 0.7821134E+00 -0.80455E+00
 0.7834159E+00 -0.80703E+00
 0.7847185E+00 -0.81274E+00
 0.7860210E+00 -0.81153E+00
 0.7873236E+00 -0.81058E+00
 0.7886261E+00 -0.82082E+00
 0.7899287E+00 -0.81851E+00
 0.7912312E+00 -0.83071E+00
 0.7925338E+00 -0.82124E+00
 0.7938364E+00 -0.81360E+00
 0.7951389E+00 -0.80727E+00
 0.7964415E+00 -0.80055E+00
 0.7977440E+00 -0.79247E+00
 0.7990466E+00 -0.78475E+00
 0.8003491E+00 -0.78120E+00
 0.8016517E+00 -0.78374E+00
 0.8029542E+00 -0.78793E+00
 0.8042568E+00 -0.78524E+00
 0.8055593E+00 -0.77543E+00
 0.8068619E+00 -0.77060E+00
 0.8081644E+00 -0.77081E+00
 0.8094670E+00 -0.76193E+00
 0.8107695E+00 -0.77512E+00
 0.8120721E+00 -0.78295E+00
 0.8133746E+00 -0.77855E+00
 0.8146772E+00 -0.77343E+00
 0.8159797E+00 -0.76780E+00
 0.8172823E+00 -0.76364E+00
 0.8185849E+00 -0.76248E+00
 0.8198874E+00 -0.76230E+00
 0.8211900E+00 -0.75757E+00
 0.8224925E+00 -0.74555E+00
 0.8237951E+00 -0.73279E+00
 0.8250976E+00 -0.72867E+00
 0.8264002E+00 -0.72950E+00
 0.8277027E+00 -0.72496E+00
 0.8290053E+00 -0.73113E+00
 0.8303078E+00 -0.73774E+00
 0.8316104E+00 -0.75524E+00
 0.8329129E+00 -0.74908E+00
 0.8342155E+00 -0.74332E+00
 0.8355180E+00 -0.73861E+00
 0.8368206E+00 -0.73299E+00
 0.8381231E+00 -0.72348E+00
 0.8394257E+00 -0.71079E+00
 0.8407282E+00 -0.70131E+00
 0.8420308E+00 -0.70081E+00
 0.8433334E+00 -0.70495E+00
 0.8446359E+00 -0.70327E+00
 0.8459385E+00 -0.70071E+00
 0.8472410E+00 -0.70636E+00
 0.8485436E+00 -0.70046E+00
 0.8498461E+00 -0.71129E+00
 0.8511487E+00 -0.71442E+00
 0.8524512E+00 -0.70726E+00
 0.8537538E+00 -0.69886E+00
 0.8550563E+00 -0.68941E+00
 0.8563589E+00 -0.68264E+00
 0.8576614E+00 -0.68242E+00
 0.8589640E+00 -0.68633E+00
 0.8602665E+00 -0.68523E+00
 0.8615691E+00 -0.67617E+00
 0.8628716E+00 -0.67002E+00
 0.8641742E+00 -0.66869E+00
 0.8654767E+00 -0.65998E+00
 0.8667793E+00 -0.66581E+00
 0.8680818E+00 -0.67516E+00
 0.8693844E+00 -0.67743E+00
 0.8706870E+00 -0.67153E+00
 0.8719895E+00 -0.66826E+00
 0.8732921E+00 -0.66835E+00
 0.8745946E+00 -0.66742E+00
 0.8758972E+00 -0.65922E+00
 0.8771997E+00 -0.64574E+00
 0.8785023E+00 -0.63755E+00
 0.8798048E+00 -0.63671E+00
 0.8811074E+00 -0.63231E+00
 0.8824099E+00 -0.63160E+00
 0.8837125E+00 -0.63844E+00
 0.8850150E+00 -0.64284E+00
 0.8863176E+00 -0.65530E+00
 0.8876201E+00 -0.65147E+00
 0.8889227E+00 -0.64651E+00
 0.8902252E+00 -0.63682E+00
 0.8915278E+00 -0.62356E+00
 0.8928303E+00 -0.61457E+00
 0.8941329E+00 -0.61470E+00
 0.8954355E+00 -0.61627E+00
 0.8967380E+00 -0.61186E+00
 0.8980406E+00 -0.61179E+00
 0.8993431E+00 -0.61259E+00
 0.9006457E+00 -0.60787E+00
 0.9019482E+00 -0.61300E+00
 0.9032508E+00 -0.62247E+00
 0.9045533E+00 -0.61230E+00
 0.9058559E+00 -0.60253E+00
 0.9071584E+00 -0.59865E+00
 0.9084610E+00 -0.60131E+00
 0.9097635E+00 -0.60180E+00
 0.9110661E+00 -0.59404E+00
 0.9123686E+00 -0.58726E+00
 0.9136712E+00 -0.58523E+00
 0.9149737E+00 -0.57671E+00
 0.9162763E+00 -0.57815E+00
 0.9175788E+00 -0.57605E+00
 0.9188814E+00 -0.59232E+00
 0.9201839E+00 -0.58837E+00
 0.9214865E+00 -0.58868E+00
 0.9227891E+00 -0.58808E+00
 0.9240916E+00 -0.57957E+00
 0.9253942E+00 -0.56675E+00
 0.9266967E+00 -0.56051E+00
 0.9279993E+00 -0.55820E+00
 0.9293018E+00 -0.55170E+00
 0.9306044E+00 -0.55369E+00
 0.9319069E+00 -0.55310E+00
 0.9332095E+00 -0.56109E+00
 0.9345120E+00 -0.57597E+00
 0.9358146E+00 -0.57085E+00
 0.9371171E+00 -0.55962E+00
 0.9384197E+00 -0.54656E+00
 0.9397222E+00 -0.54094E+00
 0.9410248E+00 -0.54181E+00
 0.9423273E+00 -0.53844E+00
 0.9436299E+00 -0.53490E+00
 0.9449324E+00 -0.53687E+00
 0.9462350E+00 -0.53078E+00
 0.9475376E+00 -0.53548E+00
 0.9488401E+00 -0.53846E+00
 0.9501427E+00 -0.53741E+00
 0.9514452E+00 -0.52916E+00
 0.9527478E+00 -0.52892E+00
 0.9540503E+00 -0.53058E+00
 0.9553529E+00 -0.52477E+00
 0.9566554E+00 -0.51760E+00
 0.9579580E+00 -0.51541E+00
 0.9592605E+00 -0.50725E+00
 0.9605631E+00 -0.50494E+00
 0.9618656E+00 -0.50085E+00
 0.9631682E+00 -0.50689E+00
 0.9644707E+00 -0.51969E+00
 0.9657733E+00 -0.52056E+00
 0.9670758E+00 -0.51470E+00
 0.9683784E+00 -0.50264E+00
 0.9696809E+00 -0.49562E+00
 0.9709835E+00 -0.49212E+00
 0.9722861E+00 -0.48446E+00
 0.9735886E+00 -0.48481E+00
 0.9748912E+00 -0.48281E+00
 0.9761937E+00 -0.48980E+00
 0.9774963E+00 -0.49962E+00
 0.9787988E+00 -0.49968E+00
 0.9801014E+00 -0.48625E+00
 0.9814039E+00 -0.47884E+00
 0.9827065E+00 -0.47807E+00
 0.9840090E+00 -0.47349E+00
 0.9853116E+00 -0.47013E+00
 0.9866141E+00 -0.47133E+00
 0.9879167E+00 -0.46590E+00
 0.9892192E+00 -0.46784E+00
 0.9905218E+00 -0.46423E+00
 0.9918243E+00 -0.47009E+00
 0.9931269E+00 -0.46739E+00
 0.9944294E+00 -0.46849E+00
 0.9957320E+00 -0.46316E+00
 0.9970345E+00 -0.45695E+00
 0.9983371E+00 -0.45478E+00
 0.9996397E+00 -0.44591E+00
 0.1000942E+01 -0.44274E+00
 0.1002245E+01 -0.43587E+00
 0.1003547E+01 -0.44201E+00
 0.1004850E+01 -0.46095E+00
 0.1006152E+01 -0.45766E+00
 0.1007455E+01 -0.44693E+00
 0.1008758E+01 -0.43957E+00
 0.1010060E+01 -0.43510E+00
 0.1011363E+01 -0.42628E+00
 0.1012665E+01 -0.42538E+00
 0.1013968E+01 -0.42294E+00
 0.1015270E+01 -0.42978E+00
 0.1016573E+01 -0.43189E+00
 0.1017875E+01 -0.43634E+00
 0.1019178E+01 -0.42603E+00
 0.1020480E+01 -0.42324E+00
 0.1021783E+01 -0.41829E+00
 0.1023086E+01 -0.41375E+00
 0.1024388E+01 -0.41513E+00
 0.1025691E+01 -0.41024E+00
 0.1026993E+01 -0.40980E+00
 0.1028296E+01 -0.40146E+00
 0.1029598E+01 -0.40615E+00
 0.1030901E+01 -0.41433E+00
 0.1032203E+01 -0.41159E+00
 0.1033506E+01 -0.40496E+00
 0.1034809E+01 -0.40316E+00
 0.1036111E+01 -0.39588E+00
 0.1037414E+01 -0.38899E+00
 0.1038716E+01 -0.38251E+00
 0.1040019E+01 -0.38579E+00
 0.1041321E+01 -0.39498E+00
 0.1042624E+01 -0.40283E+00
 0.1043926E+01 -0.39321E+00
 0.1045229E+01 -0.38845E+00
 0.1046532E+01 -0.38025E+00
 0.1047834E+01 -0.37329E+00
 0.1049137E+01 -0.37276E+00
 0.1050439E+01 -0.37348E+00
 0.1051742E+01 -0.37467E+00
 0.1053044E+01 -0.37242E+00
 0.1054347E+01 -0.37810E+00
 0.1055649E+01 -0.37432E+00
 0.1056952E+01 -0.36730E+00
 0.1058255E+01 -0.36458E+00
 0.1059557E+01 -0.36485E+00
 0.1060860E+01 -0.36075E+00
 0.1062162E+01 -0.35469E+00
 0.1063465E+01 -0.35015E+00
 0.1064767E+01 -0.35654E+00
 0.1066070E+01 -0.36429E+00
 0.1067372E+01 -0.35804E+00
 0.1068675E+01 -0.35673E+00
 0.1069977E+01 -0.34978E+00
 0.1071280E+01 -0.34172E+00
 0.1072583E+01 -0.33442E+00
 0.1073885E+01 -0.33803E+00
 0.1075188E+01 -0.34250E+00
 0.1076490E+01 -0.35252E+00
 0.1077793E+01 -0.34630E+00
 0.1079095E+01 -0.34019E+00
 0.1080398E+01 -0.32953E+00
 0.1081700E+01 -0.32771E+00
 0.1083003E+01 -0.32606E+00
 0.1084306E+01 -0.32949E+00
 0.1085608E+01 -0.32468E+00
 0.1086911E+01 -0.32601E+00
 0.1088213E+01 -0.33022E+00
 0.1089516E+01 -0.32186E+00
 0.1090818E+01 -0.32131E+00
 0.1092121E+01 -0.31961E+00
 0.1093423E+01 -0.31614E+00
 0.1094726E+01 -0.30524E+00
 0.1096029E+01 -0.30486E+00
 0.1097331E+01 -0.30946E+00
 0.1098634E+01 -0.31643E+00
 0.1099936E+01 -0.31513E+00
 0.1101239E+01 -0.30982E+00
 0.1102541E+01 -0.30038E+00
 0.1103844E+01 -0.29293E+00
 0.1105146E+01 -0.29504E+00
 0.1106449E+01 -0.29553E+00
 0.1107752E+01 -0.29864E+00
 0.1109054E+01 -0.30543E+00
 0.1110357E+01 -0.29562E+00
 0.1111659E+01 -0.28758E+00
 0.1112962E+01 -0.28586E+00
 0.1114264E+01 -0.28778E+00
 0.1115567E+01 -0.28176E+00
 0.1116869E+01 -0.27876E+00
 0.1118172E+01 -0.28503E+00
 0.1119474E+01 -0.28299E+00
 0.1120777E+01 -0.28190E+00
 0.1122080E+01 -0.28033E+00
 0.1123382E+01 -0.27620E+00
 0.1124685E+01 -0.26531E+00
 0.1125987E+01 -0.26513E+00
 0.1127290E+01 -0.26612E+00
 0.1128592E+01 -0.27694E+00
 0.1129895E+01 -0.27662E+00
 0.1131197E+01 -0.26678E+00
 0.1132500E+01 -0.25927E+00
 0.1133803E+01 -0.25431E+00
 0.1135105E+01 -0.25556E+00
 0.1136408E+01 -0.25518E+00
 0.1137710E+01 -0.26144E+00
 0.1139013E+01 -0.26010E+00
 0.1140315E+01 -0.25144E+00
 0.1141618E+01 -0.24922E+00
 0.1142920E+01 -0.25048E+00
 0.1144223E+01 -0.24330E+00
 0.1145526E+01 -0.24122E+00
 0.1146828E+01 -0.24077E+00
 0.1148131E+01 -0.24566E+00
 0.1149433E+01 -0.24673E+00
 0.1150736E+01 -0.24242E+00
 0.1152038E+01 -0.23495E+00
 0.1153341E+01 -0.23058E+00
 0.1154643E+01 -0.22752E+00
 0.1155946E+01 -0.23028E+00
 0.1157249E+01 -0.24279E+00
 0.1158551E+01 -0.23358E+00
 0.1159854E+01 -0.22568E+00
 0.1161156E+01 -0.22059E+00
 0.1162459E+01 -0.21949E+00
 0.1163761E+01 -0.21950E+00
 0.1165064E+01 -0.22189E+00
 0.1166366E+01 -0.22312E+00
 0.1167669E+01 -0.21799E+00
 0.1168971E+01 -0.21553E+00
 0.1170274E+01 -0.21401E+00
 0.1171577E+01 -0.21023E+00
 0.1172879E+01 -0.20696E+00
 0.1174182E+01 -0.20437E+00
 0.1175484E+01 -0.21442E+00
 0.1176787E+01 -0.21073E+00
 0.1178089E+01 -0.20460E+00
 0.1179392E+01 -0.19869E+00
 0.1180694E+01 -0.19313E+00
 0.1181997E+01 -0.19363E+00
 0.1183300E+01 -0.20666E+00
 0.1184602E+01 -0.20091E+00
 0.1185905E+01 -0.19311E+00
 0.1187207E+01 -0.19031E+00
 0.1188510E+01 -0.18568E+00
 0.1189812E+01 -0.18741E+00
 0.1191115E+01 -0.18659E+00
 0.1192417E+01 -0.18945E+00
 0.1193720E+01 -0.18582E+00
 0.1195023E+01 -0.18500E+00
 0.1196325E+01 -0.17939E+00
 0.1197628E+01 -0.17567E+00
 0.1198930E+01 -0.16919E+00
 0.1200233E+01 -0.18294E+00
 0.1201535E+01 -0.18109E+00
 0.1202838E+01 -0.17531E+00
 0.1204140E+01 -0.16983E+00
 0.1205443E+01 -0.16221E+00
 0.1206746E+01 -0.16406E+00
 0.1208048E+01 -0.17029E+00
 0.1209351E+01 -0.17054E+00
 0.1210653E+01 -0.16263E+00
 0.1211956E+01 -0.15996E+00
 0.1213258E+01 -0.15858E+00
 0.1214561E+01 -0.15894E+00
 0.1215863E+01 -0.15310E+00
 0.1217166E+01 -0.15970E+00
 0.1218468E+01 -0.15690E+00
 0.1219771E+01 -0.15218E+00
 0.1221074E+01 -0.14997E+00
 0.1222376E+01 -0.14159E+00
 0.1223679E+01 -0.14481E+00
 0.1224981E+01 -0.15364E+00
 0.1226284E+01 -0.14829E+00
 0.1227586E+01 -0.14293E+00
 0.1228889E+01 -0.13435E+00
 0.1230191E+01 -0.13754E+00
 0.1231494E+01 -0.13897E+00
 0.1232797E+01 -0.14261E+00
 0.1234099E+01 -0.13557E+00
 0.1235402E+01 -0.13014E+00
 0.1236704E+01 -0.13267E+00
 0.1238007E+01 -0.12650E+00
 0.1239309E+01 -0.12715E+00
 0.1240612E+01 -0.13119E+00
 0.1241914E+01 -0.12819E+00
 0.1243217E+01 -0.12698E+00
 0.1244520E+01 -0.11725E+00
 0.1245822E+01 -0.11767E+00
 0.1247125E+01 -0.12281E+00
 0.1248427E+01 -0.12413E+00
 0.1249730E+01 -0.11820E+00
 0.1251032E+01 -0.10922E+00
 0.1252335E+01 -0.11192E+00
 0.1253637E+01 -0.11130E+00
 0.1254940E+01 -0.11703E+00
 0.1256243E+01 -0.11036E+00
 0.1257545E+01 -0.10620E+00
 0.1258848E+01 -0.10586E+00
 0.1260150E+01 -0.99268E-01
 0.1261453E+01 -0.10016E+00
 0.1262755E+01 -0.10625E+00
 0.1264058E+01 -0.10389E+00
 0.1265360E+01 -0.95608E-01
 0.1266663E+01 -0.90899E-01
 0.1267965E+01 -0.92800E-01
 0.1269268E+01 -0.10277E+00
 0.1270571E+01 -0.96513E-01
 0.1271873E+01 -0.86227E-01
 0.1273176E+01 -0.87489E-01
 0.1274478E+01 -0.85576E-01
 0.1275781E+01 -0.86558E-01
 0.1277083E+01 -0.87203E-01
 0.1278386E+01 -0.84637E-01
 0.1279688E+01 -0.81673E-01
 0.1280991E+01 -0.76839E-01
 0.1282294E+01 -0.74739E-01
 0.1283596E+01 -0.82897E-01
 0.1284899E+01 -0.81658E-01
 0.1286201E+01 -0.71417E-01
 0.1287504E+01 -0.69975E-01
 0.1288806E+01 -0.69443E-01
 0.1290109E+01 -0.78034E-01
 0.1291411E+01 -0.68491E-01
 0.1292714E+01 -0.66619E-01
 0.1294017E+01 -0.64180E-01
 0.1295319E+01 -0.62687E-01
 0.1296622E+01 -0.67591E-01
 0.1297924E+01 -0.62971E-01
 0.1299227E+01 -0.60917E-01
 0.1300529E+01 -0.55575E-01
 0.1301832E+01 -0.52613E-01
 0.1303134E+01 -0.62253E-01
 0.1304437E+01 -0.60475E-01
 0.1305739E+01 -0.51308E-01
 0.1307042E+01 -0.48202E-01
 0.1308345E+01 -0.48097E-01
 0.1309647E+01 -0.56851E-01
 0.1310950E+01 -0.46078E-01
 0.1312252E+01 -0.44945E-01
 0.1313555E+01 -0.42501E-01
 0.1314857E+01 -0.40973E-01
 0.1316160E+01 -0.44483E-01
 0.1317462E+01 -0.44912E-01
 0.1318765E+01 -0.39084E-01
 0.1320068E+01 -0.33739E-01
 0.1321370E+01 -0.32440E-01
 0.1322673E+01 -0.42788E-01
 0.1323975E+01 -0.33277E-01
 0.1325278E+01 -0.28673E-01
 0.1326580E+01 -0.28308E-01
 0.1327883E+01 -0.29591E-01
 0.1329185E+01 -0.28547E-01
 0.1330488E+01 -0.26090E-01
 0.1331791E+01 -0.23776E-01
 0.1333093E+01 -0.20646E-01
 0.1334396E+01 -0.20079E-01
 0.1335698E+01 -0.25265E-01
 0.1337001E+01 -0.20547E-01
 0.1338303E+01 -0.12869E-01
 0.1339606E+01 -0.13783E-01
 0.1340908E+01 -0.22779E-01
 0.1342211E+01 -0.15536E-01
 0.1343514E+01 -0.91165E-02
 0.1344816E+01 -0.95872E-02
 0.1346119E+01 -0.84132E-02
 0.1347421E+01 -0.11108E-01
 0.1348724E+01 -0.68329E-02
 0.1350026E+01 -0.58019E-02
 0.1351329E+01  0.92400E-03
 0.1352631E+01 -0.90515E-02
 0.1353934E+01 -0.43817E-02
 0.1355236E+01  0.15116E-02
 0.1356539E+01  0.58119E-02
 0.1357842E+01  0.17958E-02
 0.1359144E+01  0.22387E-03
 0.1360447E+01  0.77536E-02
 0.1361749E+01  0.71500E-02
 0.1363052E+01  0.95481E-02
 0.1364354E+01  0.51864E-02
 0.1365657E+01  0.96584E-02
 0.1366959E+01  0.11889E-01
 0.1368262E+01  0.18631E-01
 0.1369565E+01  0.13059E-01
 0.1370867E+01  0.11438E-01
 0.1372170E+01  0.20381E-01
 0.1373472E+01  0.22320E-01
 0.1374775E+01  0.20185E-01
 0.1376077E+01  0.18423E-01
 0.1377380E+01  0.24702E-01
 0.1378682E+01  0.24906E-01
 0.1379985E+01  0.28979E-01
 0.1381288E+01  0.25475E-01
 0.1382590E+01  0.25770E-01
 0.1383893E+01  0.31935E-01
 0.1385195E+01  0.33831E-01
 0.1386498E+01  0.26571E-01
 0.1387800E+01  0.32946E-01
 0.1389103E+01  0.37361E-01
 0.1390405E+01  0.36995E-01
 0.1391708E+01  0.31124E-01
 0.1393011E+01  0.39096E-01
 0.1394313E+01  0.40492E-01
 0.1395616E+01  0.44094E-01
 0.1396918E+01  0.40224E-01
 0.1398221E+01  0.40627E-01
 0.1399523E+01  0.46891E-01
 0.1400826E+01  0.49938E-01
 0.1402128E+01  0.40253E-01
 0.1403431E+01  0.48478E-01
 0.1404733E+01  0.52769E-01
 0.1406036E+01  0.53006E-01
 0.1407339E+01  0.49047E-01
 0.1408641E+01  0.53620E-01
 0.1409944E+01  0.55338E-01
 0.1411246E+01  0.59326E-01
 0.1412549E+01  0.53602E-01
 0.1413851E+01  0.56881E-01
 0.1415154E+01  0.63952E-01
 0.1416456E+01  0.65608E-01
 0.1417759E+01  0.58171E-01
 0.1419062E+01  0.65298E-01
 0.1420364E+01  0.66932E-01
 0.1421667E+01  0.67128E-01
 0.1422969E+01  0.65933E-01
 0.1424272E+01  0.68823E-01
 0.1425574E+01  0.71923E-01
 0.1426877E+01  0.75564E-01
 0.1428179E+01  0.69200E-01
 0.1429482E+01  0.75575E-01
 0.1430785E+01  0.79133E-01
 0.1432087E+01  0.74852E-01
 0.1433390E+01  0.77946E-01
 0.1434692E+01  0.80216E-01
 0.1435995E+01  0.80932E-01
 0.1437297E+01  0.78552E-01
 0.1438600E+01  0.82045E-01
 0.1439902E+01  0.85406E-01
 0.1441205E+01  0.87973E-01
 0.1442508E+01  0.82670E-01
 0.1443810E+01  0.89860E-01
 0.1445113E+01  0.91440E-01
 0.1446415E+01  0.90490E-01
 0.1447718E+01  0.91219E-01
 0.1449020E+01  0.93717E-01
 0.1450323E+01  0.98235E-01
 0.1451625E+01  0.92556E-01
 0.1452928E+01  0.94783E-01
 0.1454230E+01  0.10221E+00
 0.1455533E+01  0.99791E-01
 0.1456836E+01  0.97754E-01
 0.1458138E+01  0.10480E+00
 0.1459441E+01  0.10409E+00
 0.1460743E+01  0.10113E+00
 0.1462046E+01  0.10481E+00
 0.1463348E+01  0.10793E+00
 0.1464651E+01  0.10968E+00
 0.1465953E+01  0.10576E+00
 0.1467256E+01  0.11275E+00
 0.1468559E+01  0.11343E+00
 0.1469861E+01  0.10809E+00
 0.1471164E+01  0.11533E+00
 0.1472466E+01  0.11528E+00
 0.1473769E+01  0.11638E+00
 0.1475071E+01  0.11612E+00
 0.1476374E+01  0.11999E+00
 0.1477676E+01  0.12243E+00
 0.1478979E+01  0.11662E+00
 0.1480282E+01  0.12485E+00
 0.1481584E+01  0.12599E+00
 0.1482887E+01  0.11957E+00
 0.1484189E+01  0.12704E+00
 0.1485492E+01  0.12840E+00
 0.1486794E+01  0.12871E+00
 0.1488097E+01  0.12694E+00
 0.1489399E+01  0.13187E+00
 0.1490702E+01  0.13333E+00
 0.1492005E+01  0.12912E+00
 0.1493307E+01  0.13494E+00
 0.1494610E+01  0.13557E+00
 0.1495912E+01  0.13451E+00
 0.1497215E+01  0.13641E+00
 0.1498517E+01  0.13936E+00
 0.1499820E+01  0.13730E+00
 0.1501122E+01  0.13976E+00
 0.1502425E+01  0.14548E+00
 0.1503727E+01  0.14016E+00
 0.1505030E+01  0.14492E+00
 0.1506333E+01  0.14788E+00
 0.1507635E+01  0.14580E+00
 0.1508938E+01  0.14684E+00
 0.1510240E+01  0.14862E+00
 0.1511543E+01  0.15254E+00
 0.1512845E+01  0.14817E+00
 0.1514148E+01  0.15414E+00
 0.1515450E+01  0.15370E+00
 0.1516753E+01  0.15321E+00
 0.1518056E+01  0.15749E+00
 0.1519358E+01  0.15703E+00
 0.1520661E+01  0.15641E+00
 0.1521963E+01  0.15818E+00
 0.1523266E+01  0.16326E+00
 0.1524568E+01  0.15815E+00
 0.1525871E+01  0.16477E+00
 0.1527173E+01  0.16367E+00
 0.1528476E+01  0.16303E+00
 0.1529779E+01  0.16630E+00
 0.1531081E+01  0.16870E+00
 0.1532384E+01  0.16620E+00
 0.1533686E+01  0.16922E+00
 0.1534989E+01  0.17164E+00
 0.1536291E+01  0.16871E+00
 0.1537594E+01  0.17493E+00
 0.1538896E+01  0.17387E+00
 0.1540199E+01  0.17415E+00
 0.1541502E+01  0.17579E+00
 0.1542804E+01  0.17810E+00
 0.1544107E+01  0.17555E+00
 0.1545409E+01  0.18093E+00
 0.1546712E+01  0.17955E+00
 0.1548014E+01  0.18195E+00
 0.1549317E+01  0.18315E+00
 0.1550619E+01  0.18031E+00
 0.1551922E+01  0.18336E+00
 0.1553224E+01  0.18740E+00
 0.1554527E+01  0.18423E+00
 0.1555830E+01  0.18819E+00
 0.1557132E+01  0.19036E+00
 0.1558435E+01  0.18643E+00
 0.1559737E+01  0.19197E+00
 0.1561040E+01  0.19233E+00
 0.1562342E+01  0.19180E+00
 0.1563645E+01  0.19480E+00
 0.1564947E+01  0.19642E+00
 0.1566250E+01  0.19569E+00
 0.1567553E+01  0.19971E+00
 0.1568855E+01  0.19401E+00
 0.1570158E+01  0.20021E+00
 0.1571460E+01  0.20067E+00
 0.1572763E+01  0.19942E+00
 0.1574065E+01  0.20294E+00
 0.1575368E+01  0.20558E+00
 0.1576670E+01  0.20345E+00
 0.1577973E+01  0.20846E+00
 0.1579276E+01  0.20346E+00
 0.1580578E+01  0.20854E+00
 0.1581881E+01  0.21015E+00
 0.1583183E+01  0.20776E+00
 0.1584486E+01  0.21217E+00
 0.1585788E+01  0.21252E+00
 0.1587091E+01  0.21277E+00
 0.1588393E+01  0.21528E+00
 0.1589696E+01  0.21307E+00
 0.1590999E+01  0.21605E+00
 0.1592301E+01  0.22023E+00
 0.1593604E+01  0.21611E+00
 0.1594906E+01  0.22268E+00
 0.1596209E+01  0.21840E+00
 0.1597511E+01  0.22301E+00
 0.1598814E+01  0.22337E+00
 0.1600116E+01  0.22339E+00
 0.1601419E+01  0.22495E+00
 0.1602721E+01  0.22530E+00
 0.1604024E+01  0.22637E+00
 0.1605327E+01  0.22908E+00
 0.1606629E+01  0.22764E+00
 0.1607932E+01  0.22952E+00
 0.1609234E+01  0.23027E+00
 0.1610537E+01  0.23064E+00
 0.1611839E+01  0.23506E+00
 0.1613142E+01  0.23138E+00
 0.1614444E+01  0.23638E+00
 0.1615747E+01  0.23278E+00
 0.1617050E+01  0.23726E+00
 0.1618352E+01  0.23879E+00
 0.1619655E+01  0.23709E+00
 0.1620957E+01  0.24160E+00
 0.1622260E+01  0.23697E+00
 0.1623562E+01  0.24284E+00
 0.1624865E+01  0.24199E+00
 0.1626167E+01  0.24369E+00
 0.1627470E+01  0.24619E+00
 0.1628773E+01  0.24364E+00
 0.1630075E+01  0.24849E+00
 0.1631378E+01  0.24567E+00
 0.1632680E+01  0.24929E+00
 0.1633983E+01  0.24981E+00
 0.1635285E+01  0.25004E+00
 0.1636588E+01  0.25346E+00
 0.1637890E+01  0.24982E+00
 0.1639193E+01  0.25585E+00
 0.1640496E+01  0.25257E+00
 0.1641798E+01  0.25732E+00
 0.1643101E+01  0.25873E+00
 0.1644403E+01  0.25705E+00
 0.1645706E+01  0.26196E+00
 0.1647008E+01  0.25790E+00
 0.1648311E+01  0.26277E+00
 0.1649613E+01  0.25962E+00
 0.1650916E+01  0.26282E+00
 0.1652218E+01  0.26487E+00
 0.1653521E+01  0.26303E+00
 0.1654824E+01  0.26685E+00
 0.1656126E+01  0.26547E+00
 0.1657429E+01  0.26833E+00
 0.1658731E+01  0.26805E+00
 0.1660034E+01  0.27025E+00
 0.1661336E+01  0.26885E+00
 0.1662639E+01  0.27348E+00
 0.1663941E+01  0.27026E+00
 0.1665244E+01  0.27458E+00
 0.1666547E+01  0.27500E+00
 0.1667849E+01  0.27424E+00
 0.1669152E+01  0.27841E+00
 0.1670454E+01  0.27612E+00
 0.1671757E+01  0.27959E+00
 0.1673059E+01  0.27955E+00
 0.1674362E+01  0.28020E+00
 0.1675664E+01  0.28015E+00
 0.1676967E+01  0.28280E+00
 0.1678270E+01  0.27956E+00
 0.1679572E+01  0.28539E+00
 0.1680875E+01  0.28258E+00
 0.1682177E+01  0.28613E+00
 0.1683480E+01  0.28534E+00
 0.1684782E+01  0.28753E+00
 0.1686085E+01  0.28666E+00
 0.1687387E+01  0.29039E+00
 0.1688690E+01  0.28987E+00
 0.1689992E+01  0.29168E+00
 0.1691295E+01  0.29442E+00
 0.1692598E+01  0.29265E+00
 0.1693900E+01  0.29385E+00
 0.1695203E+01  0.29556E+00
 0.1696505E+01  0.29622E+00
 0.1697808E+01  0.29676E+00
 0.1699110E+01  0.29980E+00
 0.1700413E+01  0.29779E+00
 0.1701715E+01  0.29945E+00
 0.1703018E+01  0.30142E+00
 0.1704321E+01  0.30278E+00
 0.1705623E+01  0.30139E+00
 0.1706926E+01  0.30414E+00
 0.1708228E+01  0.30425E+00
 0.1709531E+01  0.30583E+00
 0.1710833E+01  0.30639E+00
 0.1712136E+01  0.30732E+00
 0.1713438E+01  0.30719E+00
 0.1714741E+01  0.30946E+00
 0.1716044E+01  0.31063E+00
 0.1717346E+01  0.30963E+00
 0.1718649E+01  0.31111E+00
 0.1719951E+01  0.31275E+00
 0.1721254E+01  0.31408E+00
 0.1722556E+01  0.31032E+00
 0.1723859E+01  0.31581E+00
 0.1725161E+01  0.31499E+00
 0.1726464E+01  0.31781E+00
 0.1727767E+01  0.31542E+00
 0.1729069E+01  0.32033E+00
 0.1730372E+01  0.31885E+00
 0.1731674E+01  0.32002E+00
 0.1732977E+01  0.32028E+00
 0.1734279E+01  0.32432E+00
 0.1735582E+01  0.32255E+00
 0.1736884E+01  0.32351E+00
 0.1738187E+01  0.32517E+00
 0.1739489E+01  0.32599E+00
 0.1740792E+01  0.32646E+00
 0.1742095E+01  0.32463E+00
 0.1743397E+01  0.32987E+00
 0.1744700E+01  0.32804E+00
 0.1746002E+01  0.33128E+00
 0.1747305E+01  0.32936E+00
 0.1748607E+01  0.33266E+00
 0.1749910E+01  0.33315E+00
 0.1751212E+01  0.33364E+00
 0.1752515E+01  0.33335E+00
 0.1753818E+01  0.33314E+00
 0.1755120E+01  0.33739E+00
 0.1756423E+01  0.33562E+00
 0.1757725E+01  0.33819E+00
 0.1759028E+01  0.33791E+00
 0.1760330E+01  0.34100E+00
 0.1761633E+01  0.34177E+00
 0.1762935E+01  0.33820E+00
 0.1764238E+01  0.34254E+00
 0.1765541E+01  0.34177E+00
 0.1766843E+01  0.34545E+00
 0.1768146E+01  0.34508E+00
 0.1769448E+01  0.34509E+00
 0.1770751E+01  0.34690E+00
 0.1772053E+01  0.34539E+00
 0.1773356E+01  0.34962E+00
 0.1774658E+01  0.34879E+00
 0.1775961E+01  0.34983E+00
 0.1777264E+01  0.35066E+00
 0.1778566E+01  0.34903E+00
 0.1779869E+01  0.35379E+00
 0.1781171E+01  0.35221E+00
 0.1782474E+01  0.35427E+00
 0.1783776E+01  0.35361E+00
 0.1785079E+01  0.35318E+00
 0.1786381E+01  0.35794E+00
 0.1787684E+01  0.35687E+00
 0.1788986E+01  0.35926E+00
 0.1790289E+01  0.35877E+00
 0.1791592E+01  0.35757E+00
 0.1792894E+01  0.36112E+00
 0.1794197E+01  0.36171E+00
 0.1795499E+01  0.36275E+00
 0.1796802E+01  0.36396E+00
 0.1798104E+01  0.36158E+00
 0.1799407E+01  0.36496E+00
 0.1800709E+01  0.36520E+00
 0.1802012E+01  0.36491E+00
 0.1803315E+01  0.36845E+00
 0.1804617E+01  0.36793E+00
 0.1805920E+01  0.36869E+00
 0.1807222E+01  0.36996E+00
 0.1808525E+01  0.36892E+00
 0.1809827E+01  0.37117E+00
 0.1811130E+01  0.37233E+00
 0.1812432E+01  0.37117E+00
 0.1813735E+01  0.37539E+00
 0.1815038E+01  0.37458E+00
 0.1816340E+01  0.37375E+00
 0.1817643E+01  0.37620E+00
 0.1818945E+01  0.37631E+00
 0.1820248E+01  0.37531E+00
 0.1821550E+01  0.37838E+00
 0.1822853E+01  0.37900E+00
 0.1824155E+01  0.37921E+00
 0.1825458E+01  0.38239E+00
 0.1826761E+01  0.38150E+00
 0.1828063E+01  0.38132E+00
 0.1829366E+01  0.38441E+00
 0.1830668E+01  0.38276E+00
 0.1831971E+01  0.38279E+00
 0.1833273E+01  0.38590E+00
 0.1834576E+01  0.38491E+00
 0.1835878E+01  0.38439E+00
 0.1837181E+01  0.38862E+00
 0.1838483E+01  0.38842E+00
 0.1839786E+01  0.38814E+00
 0.1841089E+01  0.39150E+00
 0.1842391E+01  0.39136E+00
 0.1843694E+01  0.39122E+00
 0.1844996E+01  0.39385E+00
 0.1846299E+01  0.39367E+00
 0.1847601E+01  0.39378E+00
 0.1848904E+01  0.39519E+00
 0.1850206E+01  0.39583E+00
 0.1851509E+01  0.39561E+00
 0.1852812E+01  0.39484E+00
 0.1854114E+01  0.39789E+00
 0.1855417E+01  0.39788E+00
 0.1856719E+01  0.39804E+00
 0.1858022E+01  0.39987E+00
 0.1859324E+01  0.40074E+00
 0.1860627E+01  0.40067E+00
 0.1861929E+01  0.40034E+00
 0.1863232E+01  0.40369E+00
 0.1864535E+01  0.40325E+00
 0.1865837E+01  0.40302E+00
 0.1867140E+01  0.40562E+00
 0.1868442E+01  0.40658E+00
 0.1869745E+01  0.40623E+00
 0.1871047E+01  0.40557E+00
 0.1872350E+01  0.40896E+00
 0.1873652E+01  0.40956E+00
 0.1874955E+01  0.40932E+00
 0.1876258E+01  0.40825E+00
 0.1877560E+01  0.41162E+00
 0.1878863E+01  0.41211E+00
 0.1880165E+01  0.41229E+00
 0.1881468E+01  0.41177E+00
 0.1882770E+01  0.41383E+00
 0.1884073E+01  0.41514E+00
 0.1885375E+01  0.41510E+00
 0.1886678E+01  0.41504E+00
 0.1887980E+01  0.41797E+00
 0.1889283E+01  0.41851E+00
 0.1890586E+01  0.41897E+00
 0.1891888E+01  0.41851E+00
 0.1893191E+01  0.42000E+00
 0.1894493E+01  0.42204E+00
 0.1895796E+01  0.42263E+00
 0.1897098E+01  0.42262E+00
 0.1898401E+01  0.42231E+00
 0.1899703E+01  0.42472E+00
 0.1901006E+01  0.42488E+00
 0.1902309E+01  0.42491E+00
 0.1903611E+01  0.42482E+00
 0.1904914E+01  0.42431E+00
 0.1906216E+01  0.42730E+00
 0.1907519E+01  0.42825E+00
 0.1908821E+01  0.42908E+00
 0.1910124E+01  0.42948E+00
 0.1911426E+01  0.42928E+00
 0.1912729E+01  0.43208E+00
 0.1914032E+01  0.43247E+00
 0.1915334E+01  0.43299E+00
 0.1916637E+01  0.43249E+00
 0.1917939E+01  0.43209E+00
 0.1919242E+01  0.43441E+00
 0.1920544E+01  0.43614E+00
 0.1921847E+01  0.43722E+00
 0.1923149E+01  0.43762E+00
 0.1924452E+01  0.43731E+00
 0.1925755E+01  0.43666E+00
 0.1927057E+01  0.43857E+00
 0.1928360E+01  0.43989E+00
 0.1929662E+01  0.44045E+00
 0.1930965E+01  0.44135E+00
 0.1932267E+01  0.44173E+00
 0.1933570E+01  0.44136E+00
 0.1934872E+01  0.44210E+00
 0.1936175E+01  0.44358E+00
 0.1937477E+01  0.44455E+00
 0.1938780E+01  0.44579E+00
 0.1940083E+01  0.44650E+00
 0.1941385E+01  0.44628E+00
 0.1942688E+01  0.44588E+00
 0.1943990E+01  0.44611E+00
 0.1945293E+01  0.44902E+00
 0.1946595E+01  0.45043E+00
 0.1947898E+01  0.45063E+00
 0.1949200E+01  0.45051E+00
 0.1950503E+01  0.45083E+00
 0.1951806E+01  0.45165E+00
 0.1953108E+01  0.45259E+00
 0.1954411E+01  0.45239E+00
 0.1955713E+01  0.45336E+00
 0.1957016E+01  0.45465E+00
 0.1958318E+01  0.45593E+00
 0.1959621E+01  0.45681E+00
 0.1960923E+01  0.45694E+00
 0.1962226E+01  0.45725E+00
 0.1963529E+01  0.45814E+00
 0.1964831E+01  0.45878E+00
 0.1966134E+01  0.45851E+00
 0.1967436E+01  0.45855E+00
 0.1968739E+01  0.45936E+00
 0.1970041E+01  0.46120E+00
 0.1971344E+01  0.46209E+00
 0.1972646E+01  0.46308E+00
 0.1973949E+01  0.46434E+00
 0.1975252E+01  0.46460E+00
 0.1976554E+01  0.46443E+00
 0.1977857E+01  0.46573E+00
 0.1979159E+01  0.46693E+00
 0.1980462E+01  0.46657E+00
 0.1981764E+01  0.46671E+00
 0.1983067E+01  0.46807E+00
 0.1984369E+01  0.46835E+00
 0.1985672E+01  0.46832E+00
 0.1986974E+01  0.46961E+00
 0.1988277E+01  0.47002E+00
 0.1989580E+01  0.46973E+00
 0.1990882E+01  0.47093E+00
 0.1992185E+01  0.47158E+00
 0.1993487E+01  0.47149E+00
 0.1994790E+01  0.47256E+00
 0.1996092E+01  0.47308E+00
 0.1997395E+01  0.47338E+00
 0.1998697E+01  0.47473E+00
 0.2000000E+01  0.47561E+00
