#variables=E2,E1,W12
#zone i= 101 j= 101
  0.00000000E+00  0.00000000E+00  0.00000000E+00
  0.00000000E+00  0.20000000E-01  0.74015663E-05
  0.00000000E+00  0.39999999E-01  0.29422898E-04
  0.00000000E+00  0.59999999E-01  0.66018714E-04
  0.00000000E+00  0.79999998E-01  0.11740365E-03
  0.00000000E+00  0.99999998E-01  0.18398476E-03
  0.00000000E+00  0.12000000E+00  0.26628130E-03
  0.00000000E+00  0.14000000E+00  0.36482939E-03
  0.00000000E+00  0.16000000E+00  0.48006812E-03
  0.00000000E+00  0.18000000E+00  0.61220184E-03
  0.00000000E+00  0.20000000E+00  0.76103080E-03
  0.00000000E+00  0.22000000E+00  0.92573795E-03
  0.00000000E+00  0.23999999E+00  0.11046125E-02
  0.00000000E+00  0.25999999E+00  0.12946784E-02
  0.00000000E+00  0.27999999E+00  0.14911712E-02
  0.00000000E+00  0.29999999E+00  0.16867606E-02
  0.00000000E+00  0.31999999E+00  0.18703090E-02
  0.00000000E+00  0.33999999E+00  0.20246930E-02
  0.00000000E+00  0.35999999E+00  0.21224573E-02
  0.00000000E+00  0.37999999E+00  0.21152670E-02
  0.00000000E+00  0.39999999E+00  0.18978401E-02
  0.00000000E+00  0.41999999E+00  0.94090102E-03
  0.00000000E+00  0.43999999E+00  0.54831695E-03
  0.00000000E+00  0.45999999E+00  0.60627597E-03
  0.00000000E+00  0.47999999E+00  0.66740458E-03
  0.00000000E+00  0.49999999E+00  0.73184109E-03
  0.00000000E+00  0.51999999E+00  0.79975111E-03
  0.00000000E+00  0.53999999E+00  0.87132709E-03
  0.00000000E+00  0.55999999E+00  0.94678713E-03
  0.00000000E+00  0.57999999E+00  0.10263733E-02
  0.00000000E+00  0.59999999E+00  0.11103496E-02
  0.00000000E+00  0.61999999E+00  0.11989986E-02
  0.00000000E+00  0.63999999E+00  0.12926189E-02
  0.00000000E+00  0.65999999E+00  0.13915207E-02
  0.00000000E+00  0.67999998E+00  0.14960216E-02
  0.00000000E+00  0.69999998E+00  0.16064419E-02
  0.00000000E+00  0.71999998E+00  0.17230990E-02
  0.00000000E+00  0.73999998E+00  0.18463018E-02
  0.00000000E+00  0.75999998E+00  0.19763442E-02
  0.00000000E+00  0.77999998E+00  0.21134985E-02
  0.00000000E+00  0.79999998E+00  0.22580082E-02
  0.00000000E+00  0.81999998E+00  0.24100802E-02
  0.00000000E+00  0.83999998E+00  0.25698768E-02
  0.00000000E+00  0.85999998E+00  0.27375073E-02
  0.00000000E+00  0.87999998E+00  0.29130187E-02
  0.00000000E+00  0.89999998E+00  0.30963866E-02
  0.00000000E+00  0.91999998E+00  0.32875056E-02
  0.00000000E+00  0.93999998E+00  0.34861789E-02
  0.00000000E+00  0.95999998E+00  0.36921079E-02
  0.00000000E+00  0.97999998E+00  0.39048818E-02
  0.00000000E+00  0.99999998E+00  0.41239663E-02
  0.00000000E+00  0.10200000E+01  0.43486927E-02
  0.00000000E+00  0.10400000E+01  0.45782466E-02
  0.00000000E+00  0.10600000E+01  0.48116572E-02
  0.00000000E+00  0.10800000E+01  0.50477855E-02
  0.00000000E+00  0.11000000E+01  0.52853149E-02
  0.00000000E+00  0.11200000E+01  0.55227404E-02
  0.00000000E+00  0.11400000E+01  0.57583599E-02
  0.00000000E+00  0.11600000E+01  0.59902668E-02
  0.00000000E+00  0.11800000E+01  0.62163433E-02
  0.00000000E+00  0.12000000E+01  0.64342569E-02
  0.00000000E+00  0.12200000E+01  0.66414599E-02
  0.00000000E+00  0.12400000E+01  0.68351914E-02
  0.00000000E+00  0.12600000E+01  0.70124860E-02
  0.00000000E+00  0.12800000E+01  0.71701870E-02
  0.00000000E+00  0.13000000E+01  0.73049680E-02
  0.00000000E+00  0.13200000E+01  0.74133652E-02
  0.00000000E+00  0.13400000E+01  0.74918206E-02
  0.00000000E+00  0.13600000E+01  0.75367435E-02
  0.00000000E+00  0.13800000E+01  0.75445908E-02
  0.00000000E+00  0.14000000E+01  0.75119761E-02
  0.00000000E+00  0.14200000E+01  0.74358137E-02
  0.00000000E+00  0.14400000E+01  0.73135106E-02
  0.00000000E+00  0.14600000E+01  0.71432244E-02
  0.00000000E+00  0.14800000E+01  0.69242140E-02
  0.00000000E+00  0.15000000E+01  0.66573249E-02
  0.00000000E+00  0.15200000E+01  0.63456824E-02
  0.00000000E+00  0.15400000E+01  0.59957258E-02
  0.00000000E+00  0.15600000E+01  0.56188500E-02
  0.00000000E+00  0.15800000E+01  0.52342885E-02
  0.00000000E+00  0.16000000E+01  0.48750825E-02
  0.00000000E+00  0.16200000E+01  0.46052751E-02
  0.00000000E+00  0.16400000E+01  0.46247938E-02
  0.00000000E+00  0.16600000E+01  0.47968231E-02
  0.00000000E+00  0.16800000E+01  0.49732820E-02
  0.00000000E+00  0.17000000E+01  0.51539787E-02
  0.00000000E+00  0.17200000E+01  0.53386838E-02
  0.00000000E+00  0.17400000E+01  0.55271290E-02
  0.00000000E+00  0.17600000E+01  0.57190056E-02
  0.00000000E+00  0.17800000E+01  0.59139637E-02
  0.00000000E+00  0.18000000E+01  0.61116114E-02
  0.00000000E+00  0.18200000E+01  0.63115141E-02
  0.00000000E+00  0.18400000E+01  0.65131947E-02
  0.00000000E+00  0.18600000E+01  0.67161336E-02
  0.00000000E+00  0.18800000E+01  0.69197691E-02
  0.00000000E+00  0.19000000E+01  0.71234989E-02
  0.00000000E+00  0.19200000E+01  0.73266814E-02
  0.00000000E+00  0.19400000E+01  0.75286380E-02
  0.00000000E+00  0.19600000E+01  0.77286558E-02
  0.00000000E+00  0.19800000E+01  0.79259914E-02
  0.00000000E+00  0.20000000E+01  0.81198749E-02
  0.20000000E-01  0.00000000E+00  0.21431186E-08
  0.20000000E-01  0.20000000E-01  0.81425257E-05
  0.20000000E-01  0.39999999E-01  0.29611954E-04
  0.20000000E-01  0.59999999E-01  0.64375324E-04
  0.20000000E-01  0.79999998E-01  0.11255040E-03
  0.20000000E-01  0.99999998E-01  0.17435486E-03
  0.20000000E-01  0.12000000E+00  0.25004242E-03
  0.20000000E-01  0.14000000E+00  0.33982526E-03
  0.20000000E-01  0.16000000E+00  0.44377898E-03
  0.20000000E-01  0.18000000E+00  0.56172416E-03
  0.20000000E-01  0.20000000E+00  0.69307570E-03
  0.20000000E-01  0.22000000E+00  0.83664613E-03
  0.20000000E-01  0.23999999E+00  0.99037981E-03
  0.20000000E-01  0.25999999E+00  0.11509782E-02
  0.20000000E-01  0.27999999E+00  0.13133427E-02
  0.20000000E-01  0.29999999E+00  0.14696852E-02
  0.20000000E-01  0.31999999E+00  0.16079730E-02
  0.20000000E-01  0.33999999E+00  0.17088302E-02
  0.20000000E-01  0.35999999E+00  0.17380375E-02
  0.20000000E-01  0.37999999E+00  0.16209324E-02
  0.20000000E-01  0.39999999E+00  0.98236420E-03
  0.20000000E-01  0.41999999E+00  0.74406199E-03
  0.20000000E-01  0.43999999E+00  0.82732401E-03
  0.20000000E-01  0.45999999E+00  0.91554718E-03
  0.20000000E-01  0.47999999E+00  0.10087454E-02
  0.20000000E-01  0.49999999E+00  0.11069070E-02
  0.20000000E-01  0.51999999E+00  0.12099892E-02
  0.20000000E-01  0.53999999E+00  0.13179122E-02
  0.20000000E-01  0.55999999E+00  0.14305531E-02
  0.20000000E-01  0.57999999E+00  0.15477388E-02
  0.20000000E-01  0.59999999E+00  0.16692393E-02
  0.20000000E-01  0.61999999E+00  0.17947600E-02
  0.20000000E-01  0.63999999E+00  0.19239347E-02
  0.20000000E-01  0.65999999E+00  0.20563176E-02
  0.20000000E-01  0.67999998E+00  0.21913760E-02
  0.20000000E-01  0.69999998E+00  0.23284830E-02
  0.20000000E-01  0.71999998E+00  0.24669109E-02
  0.20000000E-01  0.73999998E+00  0.26058246E-02
  0.20000000E-01  0.75999998E+00  0.27442761E-02
  0.20000000E-01  0.77999998E+00  0.28812000E-02
  0.20000000E-01  0.79999998E+00  0.30154093E-02
  0.20000000E-01  0.81999998E+00  0.31455920E-02
  0.20000000E-01  0.83999998E+00  0.32703070E-02
  0.20000000E-01  0.85999998E+00  0.33879754E-02
  0.20000000E-01  0.87999998E+00  0.34968621E-02
  0.20000000E-01  0.89999998E+00  0.35950286E-02
  0.20000000E-01  0.91999998E+00  0.36802137E-02
  0.20000000E-01  0.93999998E+00  0.37495138E-02
  0.20000000E-01  0.95999998E+00  0.37984259E-02
  0.20000000E-01  0.97999998E+00  0.38171901E-02
  0.20000000E-01  0.99999998E+00  0.37639703E-02
  0.20000000E-01  0.10200000E+01  0.37252705E-02
  0.20000000E-01  0.10400000E+01  0.39122426E-02
  0.20000000E-01  0.10600000E+01  0.41026988E-02
  0.20000000E-01  0.10800000E+01  0.42959532E-02
  0.20000000E-01  0.11000000E+01  0.44912072E-02
  0.20000000E-01  0.11200000E+01  0.46875431E-02
  0.20000000E-01  0.11400000E+01  0.48839182E-02
  0.20000000E-01  0.11600000E+01  0.50791591E-02
  0.20000000E-01  0.11800000E+01  0.52719584E-02
  0.20000000E-01  0.12000000E+01  0.54608720E-02
  0.20000000E-01  0.12200000E+01  0.56443181E-02
  0.20000000E-01  0.12400000E+01  0.58205799E-02
  0.20000000E-01  0.12600000E+01  0.59878101E-02
  0.20000000E-01  0.12800000E+01  0.61440403E-02
  0.20000000E-01  0.13000000E+01  0.62871956E-02
  0.20000000E-01  0.13200000E+01  0.64151148E-02
  0.20000000E-01  0.13400000E+01  0.65255801E-02
  0.20000000E-01  0.13600000E+01  0.66163565E-02
  0.20000000E-01  0.13800000E+01  0.66852451E-02
  0.20000000E-01  0.14000000E+01  0.67301546E-02
  0.20000000E-01  0.14200000E+01  0.67491959E-02
  0.20000000E-01  0.14400000E+01  0.67408085E-02
  0.20000000E-01  0.14600000E+01  0.67039305E-02
  0.20000000E-01  0.14800000E+01  0.66382308E-02
  0.20000000E-01  0.15000000E+01  0.65444325E-02
  0.20000000E-01  0.15200000E+01  0.64247773E-02
  0.20000000E-01  0.15400000E+01  0.62837236E-02
  0.20000000E-01  0.15600000E+01  0.61290570E-02
  0.20000000E-01  0.15800000E+01  0.59737761E-02
  0.20000000E-01  0.16000000E+01  0.58387661E-02
  0.20000000E-01  0.16200000E+01  0.58043725E-02
  0.20000000E-01  0.16400000E+01  0.59673189E-02
  0.20000000E-01  0.16600000E+01  0.61285510E-02
  0.20000000E-01  0.16800000E+01  0.62875950E-02
  0.20000000E-01  0.17000000E+01  0.64439857E-02
  0.20000000E-01  0.17200000E+01  0.65972743E-02
  0.20000000E-01  0.17400000E+01  0.67470367E-02
  0.20000000E-01  0.17600000E+01  0.68928832E-02
  0.20000000E-01  0.17800000E+01  0.70344683E-02
  0.20000000E-01  0.18000000E+01  0.71715015E-02
  0.20000000E-01  0.18200000E+01  0.73037583E-02
  0.20000000E-01  0.18400000E+01  0.74310912E-02
  0.20000000E-01  0.18600000E+01  0.75534406E-02
  0.20000000E-01  0.18800000E+01  0.76708454E-02
  0.20000000E-01  0.19000000E+01  0.77834511E-02
  0.20000000E-01  0.19200000E+01  0.78915163E-02
  0.20000000E-01  0.19400000E+01  0.79954147E-02
  0.20000000E-01  0.19600000E+01  0.80956320E-02
  0.20000000E-01  0.19800000E+01  0.81927529E-02
  0.20000000E-01  0.20000000E+01  0.82874372E-02
  0.39999999E-01  0.00000000E+00  0.31947223E-07
  0.39999999E-01  0.20000000E-01  0.11697871E-04
  0.39999999E-01  0.39999999E-01  0.35790093E-04
  0.39999999E-01  0.59999999E-01  0.72142926E-04
  0.39999999E-01  0.79999998E-01  0.12064732E-03
  0.39999999E-01  0.99999998E-01  0.18121347E-03
  0.39999999E-01  0.12000000E+00  0.25372424E-03
  0.39999999E-01  0.14000000E+00  0.33797631E-03
  0.39999999E-01  0.16000000E+00  0.43360522E-03
  0.39999999E-01  0.18000000E+00  0.53998781E-03
  0.39999999E-01  0.20000000E+00  0.65611271E-03
  0.39999999E-01  0.22000000E+00  0.78040284E-03
  0.39999999E-01  0.23999999E+00  0.91046273E-03
  0.39999999E-01  0.25999999E+00  0.10426999E-02
  0.39999999E-01  0.27999999E+00  0.11717178E-02
  0.39999999E-01  0.29999999E+00  0.12892498E-02
  0.39999999E-01  0.31999999E+00  0.13820297E-02
  0.39999999E-01  0.33999999E+00  0.14266206E-02
  0.39999999E-01  0.35999999E+00  0.13717118E-02
  0.39999999E-01  0.37999999E+00  0.95755451E-03
  0.39999999E-01  0.39999999E+00  0.82837435E-03
  0.39999999E-01  0.41999999E+00  0.92606395E-03
  0.39999999E-01  0.43999999E+00  0.10300509E-02
  0.39999999E-01  0.45999999E+00  0.11402978E-02
  0.39999999E-01  0.47999999E+00  0.12567049E-02
  0.39999999E-01  0.49999999E+00  0.13791016E-02
  0.39999999E-01  0.51999999E+00  0.15072366E-02
  0.39999999E-01  0.53999999E+00  0.16407677E-02
  0.39999999E-01  0.55999999E+00  0.17792519E-02
  0.39999999E-01  0.57999999E+00  0.19221352E-02
  0.39999999E-01  0.59999999E+00  0.20687418E-02
  0.39999999E-01  0.61999999E+00  0.22182649E-02
  0.39999999E-01  0.63999999E+00  0.23697562E-02
  0.39999999E-01  0.65999999E+00  0.25221174E-02
  0.39999999E-01  0.67999998E+00  0.26740923E-02
  0.39999999E-01  0.69999998E+00  0.28242600E-02
  0.39999999E-01  0.71999998E+00  0.29710300E-02
  0.39999999E-01  0.73999998E+00  0.31126399E-02
  0.39999999E-01  0.75999998E+00  0.32471554E-02
  0.39999999E-01  0.77999998E+00  0.33724733E-02
  0.39999999E-01  0.79999998E+00  0.34863278E-02
  0.39999999E-01  0.81999998E+00  0.35862982E-02
  0.39999999E-01  0.83999998E+00  0.36698159E-02
  0.39999999E-01  0.85999998E+00  0.37341616E-02
  0.39999999E-01  0.87999998E+00  0.37764302E-02
  0.39999999E-01  0.89999998E+00  0.37934048E-02
  0.39999999E-01  0.91999998E+00  0.37811633E-02
  0.39999999E-01  0.93999998E+00  0.37338021E-02
  0.39999999E-01  0.95999998E+00  0.36383369E-02
  0.39999999E-01  0.97999998E+00  0.34361938E-02
  0.39999999E-01  0.99999998E+00  0.32613656E-02
  0.39999999E-01  0.10200000E+01  0.34171154E-02
  0.39999999E-01  0.10400000E+01  0.35763046E-02
  0.39999999E-01  0.10600000E+01  0.37386710E-02
  0.39999999E-01  0.10800000E+01  0.39039008E-02
  0.39999999E-01  0.11000000E+01  0.40716248E-02
  0.39999999E-01  0.11200000E+01  0.42414145E-02
  0.39999999E-01  0.11400000E+01  0.44127782E-02
  0.39999999E-01  0.11600000E+01  0.45851577E-02
  0.39999999E-01  0.11800000E+01  0.47579253E-02
  0.39999999E-01  0.12000000E+01  0.49303808E-02
  0.39999999E-01  0.12200000E+01  0.51017492E-02
  0.39999999E-01  0.12400000E+01  0.52711792E-02
  0.39999999E-01  0.12600000E+01  0.54377422E-02
  0.39999999E-01  0.12800000E+01  0.56004315E-02
  0.39999999E-01  0.13000000E+01  0.57581634E-02
  0.39999999E-01  0.13200000E+01  0.59097781E-02
  0.39999999E-01  0.13400000E+01  0.60540423E-02
  0.39999999E-01  0.13600000E+01  0.61896516E-02
  0.39999999E-01  0.13800000E+01  0.63152336E-02
  0.39999999E-01  0.14000000E+01  0.64293498E-02
  0.39999999E-01  0.14200000E+01  0.65304942E-02
  0.39999999E-01  0.14400000E+01  0.66170837E-02
  0.39999999E-01  0.14600000E+01  0.66874320E-02
  0.39999999E-01  0.14800000E+01  0.67396831E-02
  0.39999999E-01  0.15000000E+01  0.67716552E-02
  0.39999999E-01  0.15200000E+01  0.67804553E-02
  0.39999999E-01  0.15400000E+01  0.67614264E-02
  0.39999999E-01  0.15600000E+01  0.67045975E-02
  0.39999999E-01  0.15800000E+01  0.65752850E-02
  0.39999999E-01  0.16000000E+01  0.63137487E-02
  0.39999999E-01  0.16200000E+01  0.64676102E-02
  0.39999999E-01  0.16400000E+01  0.66161862E-02
  0.39999999E-01  0.16600000E+01  0.67588527E-02
  0.39999999E-01  0.16800000E+01  0.68950247E-02
  0.39999999E-01  0.17000000E+01  0.70241701E-02
  0.39999999E-01  0.17200000E+01  0.71458243E-02
  0.39999999E-01  0.17400000E+01  0.72596069E-02
  0.39999999E-01  0.17600000E+01  0.73652385E-02
  0.39999999E-01  0.17800000E+01  0.74625591E-02
  0.39999999E-01  0.18000000E+01  0.75515465E-02
  0.39999999E-01  0.18200000E+01  0.76323356E-02
  0.39999999E-01  0.18400000E+01  0.77052366E-02
  0.39999999E-01  0.18600000E+01  0.77707523E-02
  0.39999999E-01  0.18800000E+01  0.78295933E-02
  0.39999999E-01  0.19000000E+01  0.78826893E-02
  0.39999999E-01  0.19200000E+01  0.79311938E-02
  0.39999999E-01  0.19400000E+01  0.79764814E-02
  0.39999999E-01  0.19600000E+01  0.80201311E-02
  0.39999999E-01  0.19800000E+01  0.80638918E-02
  0.39999999E-01  0.20000000E+01  0.81096200E-02
  0.59999999E-01  0.00000000E+00  0.14977765E-06
  0.59999999E-01  0.20000000E-01  0.17613564E-04
  0.59999999E-01  0.39999999E-01  0.46818935E-04
  0.59999999E-01  0.59999999E-01  0.87340459E-04
  0.59999999E-01  0.79999998E-01  0.13872533E-03
  0.59999999E-01  0.99999998E-01  0.20047270E-03
  0.59999999E-01  0.12000000E+00  0.27200561E-03
  0.59999999E-01  0.14000000E+00  0.35263268E-03
  0.59999999E-01  0.16000000E+00  0.44149556E-03
  0.59999999E-01  0.18000000E+00  0.53749589E-03
  0.59999999E-01  0.20000000E+00  0.63919154E-03
  0.59999999E-01  0.22000000E+00  0.74464454E-03
  0.59999999E-01  0.23999999E+00  0.85118777E-03
  0.59999999E-01  0.25999999E+00  0.95504363E-03
  0.59999999E-01  0.27999999E+00  0.10506430E-02
  0.59999999E-01  0.29999999E+00  0.11292441E-02
  0.59999999E-01  0.31999999E+00  0.11755320E-02
  0.59999999E-01  0.33999999E+00  0.11558186E-02
  0.59999999E-01  0.35999999E+00  0.89578755E-03
  0.59999999E-01  0.37999999E+00  0.84166222E-03
  0.59999999E-01  0.39999999E+00  0.94582297E-03
  0.59999999E-01  0.41999999E+00  0.10571818E-02
  0.59999999E-01  0.43999999E+00  0.11756973E-02
  0.59999999E-01  0.45999999E+00  0.13012437E-02
  0.59999999E-01  0.47999999E+00  0.14335983E-02
  0.59999999E-01  0.49999999E+00  0.15724300E-02
  0.59999999E-01  0.51999999E+00  0.17172860E-02
  0.59999999E-01  0.53999999E+00  0.18675793E-02
  0.59999999E-01  0.55999999E+00  0.20225763E-02
  0.59999999E-01  0.57999999E+00  0.21813840E-02
  0.59999999E-01  0.59999999E+00  0.23429388E-02
  0.59999999E-01  0.61999999E+00  0.25059948E-02
  0.59999999E-01  0.63999999E+00  0.26691150E-02
  0.59999999E-01  0.65999999E+00  0.28306624E-02
  0.59999999E-01  0.67999998E+00  0.29887950E-02
  0.59999999E-01  0.69999998E+00  0.31414626E-02
  0.59999999E-01  0.71999998E+00  0.32864083E-02
  0.59999999E-01  0.73999998E+00  0.34211737E-02
  0.59999999E-01  0.75999998E+00  0.35431105E-02
  0.59999999E-01  0.77999998E+00  0.36493974E-02
  0.59999999E-01  0.79999998E+00  0.37370645E-02
  0.59999999E-01  0.81999998E+00  0.38030207E-02
  0.59999999E-01  0.83999998E+00  0.38440797E-02
  0.59999999E-01  0.85999998E+00  0.38569641E-02
  0.59999999E-01  0.87999998E+00  0.38382309E-02
  0.59999999E-01  0.89999998E+00  0.37839443E-02
  0.59999999E-01  0.91999998E+00  0.36884699E-02
  0.59999999E-01  0.93999998E+00  0.35393323E-02
  0.59999999E-01  0.95999998E+00  0.32768114E-02
  0.59999999E-01  0.97999998E+00  0.30547875E-02
  0.59999999E-01  0.99999998E+00  0.31909027E-02
  0.59999999E-01  0.10200000E+01  0.33298993E-02
  0.59999999E-01  0.10400000E+01  0.34717779E-02
  0.59999999E-01  0.10600000E+01  0.36165364E-02
  0.59999999E-01  0.10800000E+01  0.37641688E-02
  0.59999999E-01  0.11000000E+01  0.39146640E-02
  0.59999999E-01  0.11200000E+01  0.40680037E-02
  0.59999999E-01  0.11400000E+01  0.42241606E-02
  0.59999999E-01  0.11600000E+01  0.43830954E-02
  0.59999999E-01  0.11800000E+01  0.45447530E-02
  0.59999999E-01  0.12000000E+01  0.47090580E-02
  0.59999999E-01  0.12200000E+01  0.48759073E-02
  0.59999999E-01  0.12400000E+01  0.50451620E-02
  0.59999999E-01  0.12600000E+01  0.52166352E-02
  0.59999999E-01  0.12800000E+01  0.53900756E-02
  0.59999999E-01  0.13000000E+01  0.55651460E-02
  0.59999999E-01  0.13200000E+01  0.57413929E-02
  0.59999999E-01  0.13400000E+01  0.59182053E-02
  0.59999999E-01  0.13600000E+01  0.60947567E-02
  0.59999999E-01  0.13800000E+01  0.62699236E-02
  0.59999999E-01  0.14000000E+01  0.64421667E-02
  0.59999999E-01  0.14200000E+01  0.66093555E-02
  0.59999999E-01  0.14400000E+01  0.67684967E-02
  0.59999999E-01  0.14600000E+01  0.69152939E-02
  0.59999999E-01  0.14800000E+01  0.70433818E-02
  0.59999999E-01  0.15000000E+01  0.71428521E-02
  0.59999999E-01  0.15200000E+01  0.71969625E-02
  0.59999999E-01  0.15400000E+01  0.71727611E-02
  0.59999999E-01  0.15600000E+01  0.69769193E-02
  0.59999999E-01  0.15800000E+01  0.64076962E-02
  0.59999999E-01  0.16000000E+01  0.65532088E-02
  0.59999999E-01  0.16200000E+01  0.66917434E-02
  0.59999999E-01  0.16400000E+01  0.68226228E-02
  0.59999999E-01  0.16600000E+01  0.69452262E-02
  0.59999999E-01  0.16800000E+01  0.70590061E-02
  0.59999999E-01  0.17000000E+01  0.71635067E-02
  0.59999999E-01  0.17200000E+01  0.72583837E-02
  0.59999999E-01  0.17400000E+01  0.73434252E-02
  0.59999999E-01  0.17600000E+01  0.74185741E-02
  0.59999999E-01  0.17800000E+01  0.74839510E-02
  0.59999999E-01  0.18000000E+01  0.75398773E-02
  0.59999999E-01  0.18200000E+01  0.75868985E-02
  0.59999999E-01  0.18400000E+01  0.76258056E-02
  0.59999999E-01  0.18600000E+01  0.76576546E-02
  0.59999999E-01  0.18800000E+01  0.76837818E-02
  0.59999999E-01  0.19000000E+01  0.77058127E-02
  0.59999999E-01  0.19200000E+01  0.77256617E-02
  0.59999999E-01  0.19400000E+01  0.77455180E-02
  0.59999999E-01  0.19600000E+01  0.77678116E-02
  0.59999999E-01  0.19800000E+01  0.77951508E-02
  0.59999999E-01  0.20000000E+01  0.78302183E-02
  0.79999998E-01  0.00000000E+00  0.43568885E-06
  0.79999998E-01  0.20000000E-01  0.25467404E-04
  0.79999998E-01  0.39999999E-01  0.61619277E-04
  0.79999998E-01  0.59999999E-01  0.10809005E-03
  0.79999998E-01  0.79999998E-01  0.16398091E-03
  0.79999998E-01  0.99999998E-01  0.22829311E-03
  0.79999998E-01  0.12000000E+00  0.29992041E-03
  0.79999998E-01  0.14000000E+00  0.37763432E-03
  0.79999998E-01  0.16000000E+00  0.46005843E-03
  0.79999998E-01  0.18000000E+00  0.54562600E-03
  0.79999998E-01  0.20000000E+00  0.63251094E-03
  0.79999998E-01  0.22000000E+00  0.71851276E-03
  0.79999998E-01  0.23999999E+00  0.80085588E-03
  0.79999998E-01  0.25999999E+00  0.87581123E-03
  0.79999998E-01  0.27999999E+00  0.93789173E-03
  0.79999998E-01  0.29999999E+00  0.97778854E-03
  0.79999998E-01  0.31999999E+00  0.97494096E-03
  0.79999998E-01  0.33999999E+00  0.81746677E-03
  0.79999998E-01  0.35999999E+00  0.81317726E-03
  0.79999998E-01  0.37999999E+00  0.91823910E-03
  0.79999998E-01  0.39999999E+00  0.10310006E-02
  0.79999998E-01  0.41999999E+00  0.11514437E-02
  0.79999998E-01  0.43999999E+00  0.12794546E-02
  0.79999998E-01  0.45999999E+00  0.14148097E-02
  0.79999998E-01  0.47999999E+00  0.15571610E-02
  0.79999998E-01  0.49999999E+00  0.17060224E-02
  0.79999998E-01  0.51999999E+00  0.18607546E-02
  0.79999998E-01  0.53999999E+00  0.20205518E-02
  0.79999998E-01  0.55999999E+00  0.21844272E-02
  0.79999998E-01  0.57999999E+00  0.23512007E-02
  0.79999998E-01  0.59999999E+00  0.25194869E-02
  0.79999998E-01  0.61999999E+00  0.26876853E-02
  0.79999998E-01  0.63999999E+00  0.28539729E-02
  0.79999998E-01  0.65999999E+00  0.30162990E-02
  0.79999998E-01  0.67999998E+00  0.31723855E-02
  0.79999998E-01  0.69999998E+00  0.33197305E-02
  0.79999998E-01  0.71999998E+00  0.34556202E-02
  0.79999998E-01  0.73999998E+00  0.35771470E-02
  0.79999998E-01  0.75999998E+00  0.36812383E-02
  0.79999998E-01  0.77999998E+00  0.37646951E-02
  0.79999998E-01  0.79999998E+00  0.38242432E-02
  0.79999998E-01  0.81999998E+00  0.38565903E-02
  0.79999998E-01  0.83999998E+00  0.38584796E-02
  0.79999998E-01  0.85999998E+00  0.38266938E-02
  0.79999998E-01  0.87999998E+00  0.37578669E-02
  0.79999998E-01  0.89999998E+00  0.36475625E-02
  0.79999998E-01  0.91999998E+00  0.34858979E-02
  0.79999998E-01  0.93999998E+00  0.32211189E-02
  0.79999998E-01  0.95999998E+00  0.30085890E-02
  0.79999998E-01  0.97999998E+00  0.31337254E-02
  0.79999998E-01  0.99999998E+00  0.32609013E-02
  0.79999998E-01  0.10200000E+01  0.33902571E-02
  0.79999998E-01  0.10400000E+01  0.35219689E-02
  0.79999998E-01  0.10600000E+01  0.36562501E-02
  0.79999998E-01  0.10800000E+01  0.37933530E-02
  0.79999998E-01  0.11000000E+01  0.39335694E-02
  0.79999998E-01  0.11200000E+01  0.40772300E-02
  0.79999998E-01  0.11400000E+01  0.42247035E-02
  0.79999998E-01  0.11600000E+01  0.43763925E-02
  0.79999998E-01  0.11800000E+01  0.45327275E-02
  0.79999998E-01  0.12000000E+01  0.46941575E-02
  0.79999998E-01  0.12200000E+01  0.48611356E-02
  0.79999998E-01  0.12400000E+01  0.50340986E-02
  0.79999998E-01  0.12600000E+01  0.52134377E-02
  0.79999998E-01  0.12800000E+01  0.53994583E-02
  0.79999998E-01  0.13000000E+01  0.55923233E-02
  0.79999998E-01  0.13200000E+01  0.57919752E-02
  0.79999998E-01  0.13400000E+01  0.59980265E-02
  0.79999998E-01  0.13600000E+01  0.62096062E-02
  0.79999998E-01  0.13800000E+01  0.64251392E-02
  0.79999998E-01  0.14000000E+01  0.66420242E-02
  0.79999998E-01  0.14200000E+01  0.68561437E-02
  0.79999998E-01  0.14400000E+01  0.70610863E-02
  0.79999998E-01  0.14600000E+01  0.72468228E-02
  0.79999998E-01  0.14800000E+01  0.73972235E-02
  0.79999998E-01  0.15000000E+01  0.74846610E-02
  0.79999998E-01  0.15200000E+01  0.74550542E-02
  0.79999998E-01  0.15400000E+01  0.71594411E-02
  0.79999998E-01  0.15600000E+01  0.62641587E-02
  0.79999998E-01  0.15800000E+01  0.64023596E-02
  0.79999998E-01  0.16000000E+01  0.65332233E-02
  0.79999998E-01  0.16200000E+01  0.66560909E-02
  0.79999998E-01  0.16400000E+01  0.67703671E-02
  0.79999998E-01  0.16600000E+01  0.68755371E-02
  0.79999998E-01  0.16800000E+01  0.69711866E-02
  0.79999998E-01  0.17000000E+01  0.70570218E-02
  0.79999998E-01  0.17200000E+01  0.71328918E-02
  0.79999998E-01  0.17400000E+01  0.71988117E-02
  0.79999998E-01  0.17600000E+01  0.72549865E-02
  0.79999998E-01  0.17800000E+01  0.73018355E-02
  0.79999998E-01  0.18000000E+01  0.73400168E-02
  0.79999998E-01  0.18200000E+01  0.73704501E-02
  0.79999998E-01  0.18400000E+01  0.73943380E-02
  0.79999998E-01  0.18600000E+01  0.74131833E-02
  0.79999998E-01  0.18800000E+01  0.74288003E-02
  0.79999998E-01  0.19000000E+01  0.74433178E-02
  0.79999998E-01  0.19200000E+01  0.74591693E-02
  0.79999998E-01  0.19400000E+01  0.74790648E-02
  0.79999998E-01  0.19600000E+01  0.75059374E-02
  0.79999998E-01  0.19800000E+01  0.75428506E-02
  0.79999998E-01  0.20000000E+01  0.75928511E-02
  0.99999998E-01  0.00000000E+00  0.97299139E-06
  0.99999998E-01  0.20000000E-01  0.34846069E-04
  0.99999998E-01  0.39999999E-01  0.79142799E-04
  0.99999998E-01  0.59999999E-01  0.13258487E-03
  0.99999998E-01  0.79999998E-01  0.19374221E-03
  0.99999998E-01  0.99999998E-01  0.26105105E-03
  0.99999998E-01  0.12000000E+00  0.33283049E-03
  0.99999998E-01  0.14000000E+00  0.40729618E-03
  0.99999998E-01  0.16000000E+00  0.48256891E-03
  0.99999998E-01  0.18000000E+00  0.55667377E-03
  0.99999998E-01  0.20000000E+00  0.62752142E-03
  0.99999998E-01  0.22000000E+00  0.69285193E-03
  0.99999998E-01  0.23999999E+00  0.75009391E-03
  0.99999998E-01  0.25999999E+00  0.79600294E-03
  0.99999998E-01  0.27999999E+00  0.82560022E-03
  0.99999998E-01  0.29999999E+00  0.82794271E-03
  0.99999998E-01  0.31999999E+00  0.73609768E-03
  0.99999998E-01  0.33999999E+00  0.76341219E-03
  0.99999998E-01  0.35999999E+00  0.86572731E-03
  0.99999998E-01  0.37999999E+00  0.97589253E-03
  0.99999998E-01  0.39999999E+00  0.10939247E-02
  0.99999998E-01  0.41999999E+00  0.12197422E-02
  0.99999998E-01  0.43999999E+00  0.13531495E-02
  0.99999998E-01  0.45999999E+00  0.14938225E-02
  0.99999998E-01  0.47999999E+00  0.16412928E-02
  0.99999998E-01  0.49999999E+00  0.17949327E-02
  0.99999998E-01  0.51999999E+00  0.19539399E-02
  0.99999998E-01  0.53999999E+00  0.21173237E-02
  0.99999998E-01  0.55999999E+00  0.22838914E-02
  0.99999998E-01  0.57999999E+00  0.24522362E-02
  0.99999998E-01  0.59999999E+00  0.26207278E-02
  0.99999998E-01  0.61999999E+00  0.27875053E-02
  0.99999998E-01  0.63999999E+00  0.29504734E-02
  0.99999998E-01  0.65999999E+00  0.31073043E-02
  0.99999998E-01  0.67999998E+00  0.32554446E-02
  0.99999998E-01  0.69999998E+00  0.33921314E-02
  0.99999998E-01  0.71999998E+00  0.35144165E-02
  0.99999998E-01  0.73999998E+00  0.36192046E-02
  0.99999998E-01  0.75999998E+00  0.37033052E-02
  0.99999998E-01  0.77999998E+00  0.37635026E-02
  0.99999998E-01  0.79999998E+00  0.37966436E-02
  0.99999998E-01  0.81999998E+00  0.37997388E-02
  0.99999998E-01  0.83999998E+00  0.37700505E-02
  0.99999998E-01  0.85999998E+00  0.37050666E-02
  0.99999998E-01  0.87999998E+00  0.36019541E-02
  0.99999998E-01  0.89999998E+00  0.34543369E-02
  0.99999998E-01  0.91999998E+00  0.32228957E-02
  0.99999998E-01  0.93999998E+00  0.30528870E-02
  0.99999998E-01  0.95999998E+00  0.31733389E-02
  0.99999998E-01  0.97999998E+00  0.32948763E-02
  0.99999998E-01  0.99999998E+00  0.34176883E-02
  0.99999998E-01  0.10200000E+01  0.35420282E-02
  0.99999998E-01  0.10400000E+01  0.36682191E-02
  0.99999998E-01  0.10600000E+01  0.37966580E-02
  0.99999998E-01  0.10800000E+01  0.39278191E-02
  0.99999998E-01  0.11000000E+01  0.40622564E-02
  0.99999998E-01  0.11200000E+01  0.42006037E-02
  0.99999998E-01  0.11400000E+01  0.43435723E-02
  0.99999998E-01  0.11600000E+01  0.44919450E-02
  0.99999998E-01  0.11800000E+01  0.46465655E-02
  0.99999998E-01  0.12000000E+01  0.48083210E-02
  0.99999998E-01  0.12200000E+01  0.49781156E-02
  0.99999998E-01  0.12400000E+01  0.51568324E-02
  0.99999998E-01  0.12600000E+01  0.53452791E-02
  0.99999998E-01  0.12800000E+01  0.55441105E-02
  0.99999998E-01  0.13000000E+01  0.57537218E-02
  0.99999998E-01  0.13200000E+01  0.59740975E-02
  0.99999998E-01  0.13400000E+01  0.62045985E-02
  0.99999998E-01  0.13600000E+01  0.64436573E-02
  0.99999998E-01  0.13800000E+01  0.66883322E-02
  0.99999998E-01  0.14000000E+01  0.69336320E-02
  0.99999998E-01  0.14200000E+01  0.71714497E-02
  0.99999998E-01  0.14400000E+01  0.73887568E-02
  0.99999998E-01  0.14600000E+01  0.75642429E-02
  0.99999998E-01  0.14800000E+01  0.76610695E-02
  0.99999998E-01  0.15000000E+01  0.76069680E-02
  0.99999998E-01  0.15200000E+01  0.72040592E-02
  0.99999998E-01  0.15400000E+01  0.60039912E-02
  0.99999998E-01  0.15600000E+01  0.61359517E-02
  0.99999998E-01  0.15800000E+01  0.62611237E-02
  0.99999998E-01  0.16000000E+01  0.63789193E-02
  0.99999998E-01  0.16200000E+01  0.64888127E-02
  0.99999998E-01  0.16400000E+01  0.65903571E-02
  0.99999998E-01  0.16600000E+01  0.66832020E-02
  0.99999998E-01  0.16800000E+01  0.67671129E-02
  0.99999998E-01  0.17000000E+01  0.68419914E-02
  0.99999998E-01  0.17200000E+01  0.69078970E-02
  0.99999998E-01  0.17400000E+01  0.69650692E-02
  0.99999998E-01  0.17600000E+01  0.70139502E-02
  0.99999998E-01  0.17800000E+01  0.70552075E-02
  0.99999998E-01  0.18000000E+01  0.70897554E-02
  0.99999998E-01  0.18200000E+01  0.71187753E-02
  0.99999998E-01  0.18400000E+01  0.71437319E-02
  0.99999998E-01  0.18600000E+01  0.71663856E-02
  0.99999998E-01  0.18800000E+01  0.71887971E-02
  0.99999998E-01  0.19000000E+01  0.72133213E-02
  0.99999998E-01  0.19200000E+01  0.72425868E-02
  0.99999998E-01  0.19400000E+01  0.72794543E-02
  0.99999998E-01  0.19600000E+01  0.73269433E-02
  0.99999998E-01  0.19800000E+01  0.73881160E-02
  0.99999998E-01  0.20000000E+01  0.74658927E-02
  0.12000000E+00  0.00000000E+00  0.18344859E-05
  0.12000000E+00  0.20000000E-01  0.45328286E-04
  0.12000000E+00  0.39999999E-01  0.98353730E-04
  0.12000000E+00  0.59999999E-01  0.15907137E-03
  0.12000000E+00  0.79999998E-01  0.22545457E-03
  0.12000000E+00  0.99999998E-01  0.29533176E-03
  0.12000000E+00  0.12000000E+00  0.36643251E-03
  0.12000000E+00  0.14000000E+00  0.43643789E-03
  0.12000000E+00  0.16000000E+00  0.50303562E-03
  0.12000000E+00  0.18000000E+00  0.56397915E-03
  0.12000000E+00  0.20000000E+00  0.61714724E-03
  0.12000000E+00  0.22000000E+00  0.66058904E-03
  0.12000000E+00  0.23999999E+00  0.69250131E-03
  0.12000000E+00  0.25999999E+00  0.71091352E-03
  0.12000000E+00  0.27999999E+00  0.71177354E-03
  0.12000000E+00  0.29999999E+00  0.65994009E-03
  0.12000000E+00  0.31999999E+00  0.70607606E-03
  0.12000000E+00  0.33999999E+00  0.80351613E-03
  0.12000000E+00  0.35999999E+00  0.90866172E-03
  0.12000000E+00  0.37999999E+00  0.10215636E-02
  0.12000000E+00  0.39999999E+00  0.11421778E-02
  0.12000000E+00  0.41999999E+00  0.12703506E-02
  0.12000000E+00  0.43999999E+00  0.14058029E-02
  0.12000000E+00  0.45999999E+00  0.15481144E-02
  0.12000000E+00  0.47999999E+00  0.16967090E-02
  0.12000000E+00  0.49999999E+00  0.18508388E-02
  0.12000000E+00  0.51999999E+00  0.20095708E-02
  0.12000000E+00  0.53999999E+00  0.21717726E-02
  0.12000000E+00  0.55999999E+00  0.23361019E-02
  0.12000000E+00  0.57999999E+00  0.25009964E-02
  0.12000000E+00  0.59999999E+00  0.26646675E-02
  0.12000000E+00  0.61999999E+00  0.28250984E-02
  0.12000000E+00  0.63999999E+00  0.29800465E-02
  0.12000000E+00  0.65999999E+00  0.31270536E-02
  0.12000000E+00  0.67999998E+00  0.32634638E-02
  0.12000000E+00  0.69999998E+00  0.33864535E-02
  0.12000000E+00  0.71999998E+00  0.34930749E-02
  0.12000000E+00  0.73999998E+00  0.35803184E-02
  0.12000000E+00  0.75999998E+00  0.36451964E-02
  0.12000000E+00  0.77999998E+00  0.36848551E-02
  0.12000000E+00  0.79999998E+00  0.36967149E-02
  0.12000000E+00  0.81999998E+00  0.36786330E-02
  0.12000000E+00  0.83999998E+00  0.36290312E-02
  0.12000000E+00  0.85999998E+00  0.35467286E-02
  0.12000000E+00  0.87999998E+00  0.34289679E-02
  0.12000000E+00  0.89999998E+00  0.32501058E-02
  0.12000000E+00  0.91999998E+00  0.31386595E-02
  0.12000000E+00  0.93999998E+00  0.32588271E-02
  0.12000000E+00  0.95999998E+00  0.33791401E-02
  0.12000000E+00  0.97999998E+00  0.34997696E-02
  0.12000000E+00  0.99999998E+00  0.36209727E-02
  0.12000000E+00  0.10200000E+01  0.37431001E-02
  0.12000000E+00  0.10400000E+01  0.38666038E-02
  0.12000000E+00  0.10600000E+01  0.39920431E-02
  0.12000000E+00  0.10800000E+01  0.41200900E-02
  0.12000000E+00  0.11000000E+01  0.42515317E-02
  0.12000000E+00  0.11200000E+01  0.43872703E-02
  0.12000000E+00  0.11400000E+01  0.45283184E-02
  0.12000000E+00  0.11600000E+01  0.46757881E-02
  0.12000000E+00  0.11800000E+01  0.48308730E-02
  0.12000000E+00  0.12000000E+01  0.49948184E-02
  0.12000000E+00  0.12200000E+01  0.51688771E-02
  0.12000000E+00  0.12400000E+01  0.53542456E-02
  0.12000000E+00  0.12600000E+01  0.55519722E-02
  0.12000000E+00  0.12800000E+01  0.57628281E-02
  0.12000000E+00  0.13000000E+01  0.59871245E-02
  0.12000000E+00  0.13200000E+01  0.62244541E-02
  0.12000000E+00  0.13400000E+01  0.64733187E-02
  0.12000000E+00  0.13600000E+01  0.67305853E-02
  0.12000000E+00  0.13800000E+01  0.69906619E-02
  0.12000000E+00  0.14000000E+01  0.72441951E-02
  0.12000000E+00  0.14200000E+01  0.74758726E-02
  0.12000000E+00  0.14400000E+01  0.76603409E-02
  0.12000000E+00  0.14600000E+01  0.77534348E-02
  0.12000000E+00  0.14800000E+01  0.76681772E-02
  0.12000000E+00  0.15000000E+01  0.71664724E-02
  0.12000000E+00  0.15200000E+01  0.57061870E-02
  0.12000000E+00  0.15400000E+01  0.58328647E-02
  0.12000000E+00  0.15600000E+01  0.59538813E-02
  0.12000000E+00  0.15800000E+01  0.60687580E-02
  0.12000000E+00  0.16000000E+01  0.61770715E-02
  0.12000000E+00  0.16200000E+01  0.62784678E-02
  0.12000000E+00  0.16400000E+01  0.63726774E-02
  0.12000000E+00  0.16600000E+01  0.64595309E-02
  0.12000000E+00  0.16800000E+01  0.65389760E-02
  0.12000000E+00  0.17000000E+01  0.66110953E-02
  0.12000000E+00  0.17200000E+01  0.66761241E-02
  0.12000000E+00  0.17400000E+01  0.67344695E-02
  0.12000000E+00  0.17600000E+01  0.67867281E-02
  0.12000000E+00  0.17800000E+01  0.68337037E-02
  0.12000000E+00  0.18000000E+01  0.68764236E-02
  0.12000000E+00  0.18200000E+01  0.69161519E-02
  0.12000000E+00  0.18400000E+01  0.69543994E-02
  0.12000000E+00  0.18600000E+01  0.69929282E-02
  0.12000000E+00  0.18800000E+01  0.70337480E-02
  0.12000000E+00  0.19000000E+01  0.70791020E-02
  0.12000000E+00  0.19200000E+01  0.71314372E-02
  0.12000000E+00  0.19400000E+01  0.71933529E-02
  0.12000000E+00  0.19600000E+01  0.72675188E-02
  0.12000000E+00  0.19800000E+01  0.73565470E-02
  0.12000000E+00  0.20000000E+01  0.74627942E-02
  0.14000000E+00  0.00000000E+00  0.30729734E-05
  0.14000000E+00  0.20000000E-01  0.56475777E-04
  0.14000000E+00  0.39999999E-01  0.11822222E-03
  0.14000000E+00  0.59999999E-01  0.18584773E-03
  0.14000000E+00  0.79999998E-01  0.25668809E-03
  0.14000000E+00  0.99999998E-01  0.32795164E-03
  0.14000000E+00  0.12000000E+00  0.39680364E-03
  0.14000000E+00  0.14000000E+00  0.46046649E-03
  0.14000000E+00  0.16000000E+00  0.51634175E-03
  0.14000000E+00  0.18000000E+00  0.56216142E-03
  0.14000000E+00  0.20000000E+00  0.59617834E-03
  0.14000000E+00  0.22000000E+00  0.61740109E-03
  0.14000000E+00  0.23999999E+00  0.62583014E-03
  0.14000000E+00  0.25999999E+00  0.62219604E-03
  0.14000000E+00  0.27999999E+00  0.59335425E-03
  0.14000000E+00  0.29999999E+00  0.64971273E-03
  0.14000000E+00  0.31999999E+00  0.74132124E-03
  0.14000000E+00  0.33999999E+00  0.84025595E-03
  0.14000000E+00  0.35999999E+00  0.94659149E-03
  0.14000000E+00  0.37999999E+00  0.10603167E-02
  0.14000000E+00  0.39999999E+00  0.11813196E-02
  0.14000000E+00  0.41999999E+00  0.13093730E-02
  0.14000000E+00  0.43999999E+00  0.14441185E-02
  0.14000000E+00  0.45999999E+00  0.15850526E-02
  0.14000000E+00  0.47999999E+00  0.17315117E-02
  0.14000000E+00  0.49999999E+00  0.18826588E-02
  0.14000000E+00  0.51999999E+00  0.20374704E-02
  0.14000000E+00  0.53999999E+00  0.21947262E-02
  0.14000000E+00  0.55999999E+00  0.23530003E-02
  0.14000000E+00  0.57999999E+00  0.25106555E-02
  0.14000000E+00  0.59999999E+00  0.26658422E-02
  0.14000000E+00  0.61999999E+00  0.28165024E-02
  0.14000000E+00  0.63999999E+00  0.29603807E-02
  0.14000000E+00  0.65999999E+00  0.30950445E-02
  0.14000000E+00  0.67999998E+00  0.32179162E-02
  0.14000000E+00  0.69999998E+00  0.33263202E-02
  0.14000000E+00  0.71999998E+00  0.34175504E-02
  0.14000000E+00  0.73999998E+00  0.34889629E-02
  0.14000000E+00  0.75999998E+00  0.35381019E-02
  0.14000000E+00  0.77999998E+00  0.35628686E-02
  0.14000000E+00  0.79999998E+00  0.35617375E-02
  0.14000000E+00  0.81999998E+00  0.35340101E-02
  0.14000000E+00  0.83999998E+00  0.34799762E-02
  0.14000000E+00  0.85999998E+00  0.34000874E-02
  0.14000000E+00  0.87999998E+00  0.32814695E-02
  0.14000000E+00  0.89999998E+00  0.32327900E-02
  0.14000000E+00  0.91999998E+00  0.33555661E-02
  0.14000000E+00  0.93999998E+00  0.34776471E-02
  0.14000000E+00  0.95999998E+00  0.35991420E-02
  0.14000000E+00  0.97999998E+00  0.37202597E-02
  0.14000000E+00  0.99999998E+00  0.38413198E-02
  0.14000000E+00  0.10200000E+01  0.39627631E-02
  0.14000000E+00  0.10400000E+01  0.40851609E-02
  0.14000000E+00  0.10600000E+01  0.42092233E-02
  0.14000000E+00  0.10800000E+01  0.43358042E-02
  0.14000000E+00  0.11000000E+01  0.44659041E-02
  0.14000000E+00  0.11200000E+01  0.46006675E-02
  0.14000000E+00  0.11400000E+01  0.47413736E-02
  0.14000000E+00  0.11600000E+01  0.48894185E-02
  0.14000000E+00  0.11800000E+01  0.50462846E-02
  0.14000000E+00  0.12000000E+01  0.52134936E-02
  0.14000000E+00  0.12200000E+01  0.53925368E-02
  0.14000000E+00  0.12400000E+01  0.55847739E-02
  0.14000000E+00  0.12600000E+01  0.57912884E-02
  0.14000000E+00  0.12800000E+01  0.60126833E-02
  0.14000000E+00  0.13000000E+01  0.62487880E-02
  0.14000000E+00  0.13200000E+01  0.64982369E-02
  0.14000000E+00  0.13400000E+01  0.67578511E-02
  0.14000000E+00  0.13600000E+01  0.70217007E-02
  0.14000000E+00  0.13800000E+01  0.72796234E-02
  0.14000000E+00  0.14000000E+01  0.75147246E-02
  0.14000000E+00  0.14200000E+01  0.76987404E-02
  0.14000000E+00  0.14400000E+01  0.77820918E-02
  0.14000000E+00  0.14600000E+01  0.76667233E-02
  0.14000000E+00  0.14800000E+01  0.70837956E-02
  0.14000000E+00  0.15000000E+01  0.54195333E-02
  0.14000000E+00  0.15200000E+01  0.55417051E-02
  0.14000000E+00  0.15400000E+01  0.56596706E-02
  0.14000000E+00  0.15600000E+01  0.57730869E-02
  0.14000000E+00  0.15800000E+01  0.58816567E-02
  0.14000000E+00  0.16000000E+01  0.59851380E-02
  0.14000000E+00  0.16200000E+01  0.60833550E-02
  0.14000000E+00  0.16400000E+01  0.61762091E-02
  0.14000000E+00  0.16600000E+01  0.62636911E-02
  0.14000000E+00  0.16800000E+01  0.63458928E-02
  0.14000000E+00  0.17000000E+01  0.64230196E-02
  0.14000000E+00  0.17200000E+01  0.64954027E-02
  0.14000000E+00  0.17400000E+01  0.65635109E-02
  0.14000000E+00  0.17600000E+01  0.66279615E-02
  0.14000000E+00  0.17800000E+01  0.66895306E-02
  0.14000000E+00  0.18000000E+01  0.67491609E-02
  0.14000000E+00  0.18200000E+01  0.68079670E-02
  0.14000000E+00  0.18400000E+01  0.68672372E-02
  0.14000000E+00  0.18600000E+01  0.69284302E-02
  0.14000000E+00  0.18800000E+01  0.69931650E-02
  0.14000000E+00  0.19000000E+01  0.70632022E-02
  0.14000000E+00  0.19200000E+01  0.71404122E-02
  0.14000000E+00  0.19400000E+01  0.72267274E-02
  0.14000000E+00  0.19600000E+01  0.73240697E-02
  0.14000000E+00  0.19800000E+01  0.74342436E-02
  0.14000000E+00  0.20000000E+01  0.75587732E-02
  0.16000000E+00  0.00000000E+00  0.47176589E-05
  0.16000000E+00  0.20000000E-01  0.67833647E-04
  0.16000000E+00  0.39999999E-01  0.13773125E-03
  0.16000000E+00  0.59999999E-01  0.21128087E-03
  0.16000000E+00  0.79999998E-01  0.28516989E-03
  0.16000000E+00  0.99999998E-01  0.35601395E-03
  0.16000000E+00  0.12000000E+00  0.42049319E-03
  0.16000000E+00  0.14000000E+00  0.47552409E-03
  0.16000000E+00  0.16000000E+00  0.51848312E-03
  0.16000000E+00  0.18000000E+00  0.54750952E-03
  0.16000000E+00  0.20000000E+00  0.56193473E-03
  0.16000000E+00  0.22000000E+00  0.56292075E-03
  0.16000000E+00  0.23999999E+00  0.55435790E-03
  0.16000000E+00  0.25999999E+00  0.53788923E-03
  0.16000000E+00  0.27999999E+00  0.59901822E-03
  0.16000000E+00  0.29999999E+00  0.68471250E-03
  0.16000000E+00  0.31999999E+00  0.77718064E-03
  0.16000000E+00  0.33999999E+00  0.87650489E-03
  0.16000000E+00  0.35999999E+00  0.98269377E-03
  0.16000000E+00  0.37999999E+00  0.10956683E-02
  0.16000000E+00  0.39999999E+00  0.12152481E-02
  0.16000000E+00  0.41999999E+00  0.13411375E-02
  0.16000000E+00  0.43999999E+00  0.14729120E-02
  0.16000000E+00  0.45999999E+00  0.16100049E-02
  0.16000000E+00  0.47999999E+00  0.17516951E-02
  0.16000000E+00  0.49999999E+00  0.18970954E-02
  0.16000000E+00  0.51999999E+00  0.20451432E-02
  0.16000000E+00  0.53999999E+00  0.21945926E-02
  0.16000000E+00  0.55999999E+00  0.23440104E-02
  0.16000000E+00  0.57999999E+00  0.24917753E-02
  0.16000000E+00  0.59999999E+00  0.26360827E-02
  0.16000000E+00  0.61999999E+00  0.27749569E-02
  0.16000000E+00  0.63999999E+00  0.29062714E-02
  0.16000000E+00  0.65999999E+00  0.30277814E-02
  0.16000000E+00  0.67999998E+00  0.31371718E-02
  0.16000000E+00  0.69999998E+00  0.32321248E-02
  0.16000000E+00  0.71999998E+00  0.33104152E-02
  0.16000000E+00  0.73999998E+00  0.33700414E-02
  0.16000000E+00  0.75999998E+00  0.34094065E-02
  0.16000000E+00  0.77999998E+00  0.34275670E-02
  0.16000000E+00  0.79999998E+00  0.34245685E-02
  0.16000000E+00  0.81999998E+00  0.34018536E-02
  0.16000000E+00  0.83999998E+00  0.33623606E-02
  0.16000000E+00  0.85999998E+00  0.33037429E-02
  0.16000000E+00  0.87999998E+00  0.33141299E-02
  0.16000000E+00  0.89999998E+00  0.34412183E-02
  0.16000000E+00  0.91999998E+00  0.35669267E-02
  0.16000000E+00  0.93999998E+00  0.36912743E-02
  0.16000000E+00  0.95999998E+00  0.38143880E-02
  0.16000000E+00  0.97999998E+00  0.39365166E-02
  0.16000000E+00  0.99999998E+00  0.40580432E-02
  0.16000000E+00  0.10200000E+01  0.41794983E-02
  0.16000000E+00  0.10400000E+01  0.43015702E-02
  0.16000000E+00  0.10600000E+01  0.44251141E-02
  0.16000000E+00  0.10800000E+01  0.45511569E-02
  0.16000000E+00  0.11000000E+01  0.46808978E-02
  0.16000000E+00  0.11200000E+01  0.48157013E-02
  0.16000000E+00  0.11400000E+01  0.49570813E-02
  0.16000000E+00  0.11600000E+01  0.51066709E-02
  0.16000000E+00  0.11800000E+01  0.52661757E-02
  0.16000000E+00  0.12000000E+01  0.54373010E-02
  0.16000000E+00  0.12200000E+01  0.56216459E-02
  0.16000000E+00  0.12400000E+01  0.58205502E-02
  0.16000000E+00  0.12600000E+01  0.60348753E-02
  0.16000000E+00  0.12800000E+01  0.62646893E-02
  0.16000000E+00  0.13000000E+01  0.65088122E-02
  0.16000000E+00  0.13200000E+01  0.67641463E-02
  0.16000000E+00  0.13400000E+01  0.70246592E-02
  0.16000000E+00  0.13600000E+01  0.72797767E-02
  0.16000000E+00  0.13800000E+01  0.75116689E-02
  0.16000000E+00  0.14000000E+01  0.76902222E-02
  0.16000000E+00  0.14200000E+01  0.77622648E-02
  0.16000000E+00  0.14400000E+01  0.76221838E-02
  0.16000000E+00  0.14600000E+01  0.69798163E-02
  0.16000000E+00  0.14800000E+01  0.51714586E-02
  0.16000000E+00  0.15000000E+01  0.52897067E-02
  0.16000000E+00  0.15200000E+01  0.54053413E-02
  0.16000000E+00  0.15400000E+01  0.55181740E-02
  0.16000000E+00  0.15600000E+01  0.56280497E-02
  0.16000000E+00  0.15800000E+01  0.57348522E-02
  0.16000000E+00  0.16000000E+01  0.58385099E-02
  0.16000000E+00  0.16200000E+01  0.59390015E-02
  0.16000000E+00  0.16400000E+01  0.60363612E-02
  0.16000000E+00  0.16600000E+01  0.61306840E-02
  0.16000000E+00  0.16800000E+01  0.62221311E-02
  0.16000000E+00  0.17000000E+01  0.63109338E-02
  0.16000000E+00  0.17200000E+01  0.63973977E-02
  0.16000000E+00  0.17400000E+01  0.64819053E-02
  0.16000000E+00  0.17600000E+01  0.65649179E-02
  0.16000000E+00  0.17800000E+01  0.66469759E-02
  0.16000000E+00  0.18000000E+01  0.67286975E-02
  0.16000000E+00  0.18200000E+01  0.68107756E-02
  0.16000000E+00  0.18400000E+01  0.68939718E-02
  0.16000000E+00  0.18600000E+01  0.69791091E-02
  0.16000000E+00  0.18800000E+01  0.70670601E-02
  0.16000000E+00  0.19000000E+01  0.71587335E-02
  0.16000000E+00  0.19200000E+01  0.72550565E-02
  0.16000000E+00  0.19400000E+01  0.73569536E-02
  0.16000000E+00  0.19600000E+01  0.74653229E-02
  0.16000000E+00  0.19800000E+01  0.75810083E-02
  0.16000000E+00  0.20000000E+01  0.77047712E-02
  0.18000000E+00  0.00000000E+00  0.67779325E-05
  0.18000000E+00  0.20000000E-01  0.78941716E-04
  0.18000000E+00  0.39999999E-01  0.15589870E-03
  0.18000000E+00  0.59999999E-01  0.23384398E-03
  0.18000000E+00  0.79999998E-01  0.30884449E-03
  0.18000000E+00  0.99999998E-01  0.37700323E-03
  0.18000000E+00  0.12000000E+00  0.43466980E-03
  0.18000000E+00  0.14000000E+00  0.47872005E-03
  0.18000000E+00  0.16000000E+00  0.50694460E-03
  0.18000000E+00  0.18000000E+00  0.51862312E-03
  0.18000000E+00  0.20000000E+00  0.51545142E-03
  0.18000000E+00  0.22000000E+00  0.50323468E-03
  0.18000000E+00  0.23999999E+00  0.49315448E-03
  0.18000000E+00  0.25999999E+00  0.55590492E-03
  0.18000000E+00  0.27999999E+00  0.63622256E-03
  0.18000000E+00  0.29999999E+00  0.72264966E-03
  0.18000000E+00  0.31999999E+00  0.81525583E-03
  0.18000000E+00  0.33999999E+00  0.91405096E-03
  0.18000000E+00  0.35999999E+00  0.10189730E-02
  0.18000000E+00  0.37999999E+00  0.11298757E-02
  0.18000000E+00  0.39999999E+00  0.12465166E-02
  0.18000000E+00  0.41999999E+00  0.13685449E-02
  0.18000000E+00  0.43999999E+00  0.14954906E-02
  0.18000000E+00  0.45999999E+00  0.16267532E-02
  0.18000000E+00  0.47999999E+00  0.17615927E-02
  0.18000000E+00  0.49999999E+00  0.18991210E-02
  0.18000000E+00  0.51999999E+00  0.20382964E-02
  0.18000000E+00  0.53999999E+00  0.21779201E-02
  0.18000000E+00  0.55999999E+00  0.23166368E-02
  0.18000000E+00  0.57999999E+00  0.24529401E-02
  0.18000000E+00  0.59999999E+00  0.25851846E-02
  0.18000000E+00  0.61999999E+00  0.27116054E-02
  0.18000000E+00  0.63999999E+00  0.28303499E-02
  0.18000000E+00  0.65999999E+00  0.29395224E-02
  0.18000000E+00  0.67999998E+00  0.30372493E-02
  0.18000000E+00  0.69999998E+00  0.31217698E-02
  0.18000000E+00  0.71999998E+00  0.31915618E-02
  0.18000000E+00  0.73999998E+00  0.32455212E-02
  0.18000000E+00  0.75999998E+00  0.32832162E-02
  0.18000000E+00  0.77999998E+00  0.33052594E-02
  0.18000000E+00  0.79999998E+00  0.33138598E-02
  0.18000000E+00  0.81999998E+00  0.33135615E-02
  0.18000000E+00  0.83999998E+00  0.33095720E-02
  0.18000000E+00  0.85999998E+00  0.33703852E-02
  0.18000000E+00  0.87999998E+00  0.35025661E-02
  0.18000000E+00  0.89999998E+00  0.36328681E-02
  0.18000000E+00  0.91999998E+00  0.37612066E-02
  0.18000000E+00  0.93999998E+00  0.38876079E-02
  0.18000000E+00  0.95999998E+00  0.40122253E-02
  0.18000000E+00  0.97999998E+00  0.41353542E-02
  0.18000000E+00  0.99999998E+00  0.42574477E-02
  0.18000000E+00  0.10200000E+01  0.43791302E-02
  0.18000000E+00  0.10400000E+01  0.45012092E-02
  0.18000000E+00  0.10600000E+01  0.46246837E-02
  0.18000000E+00  0.10800000E+01  0.47507471E-02
  0.18000000E+00  0.11000000E+01  0.48807840E-02
  0.18000000E+00  0.11200000E+01  0.50163563E-02
  0.18000000E+00  0.11400000E+01  0.51591760E-02
  0.18000000E+00  0.11600000E+01  0.53110593E-02
  0.18000000E+00  0.11800000E+01  0.54738547E-02
  0.18000000E+00  0.12000000E+01  0.56493360E-02
  0.18000000E+00  0.12200000E+01  0.58390453E-02
  0.18000000E+00  0.12400000E+01  0.60440671E-02
  0.18000000E+00  0.12600000E+01  0.62647021E-02
  0.18000000E+00  0.12800000E+01  0.64999926E-02
  0.18000000E+00  0.13000000E+01  0.67470229E-02
  0.18000000E+00  0.13200000E+01  0.69998551E-02
  0.18000000E+00  0.13400000E+01  0.72478439E-02
  0.18000000E+00  0.13600000E+01  0.74727931E-02
  0.18000000E+00  0.13800000E+01  0.76436876E-02
  0.18000000E+00  0.14000000E+01  0.77054159E-02
  0.18000000E+00  0.14200000E+01  0.75480551E-02
  0.18000000E+00  0.14400000E+01  0.68689474E-02
  0.18000000E+00  0.14600000E+01  0.49746816E-02
  0.18000000E+00  0.14800000E+01  0.50894112E-02
  0.18000000E+00  0.15000000E+01  0.52031196E-02
  0.18000000E+00  0.15200000E+01  0.53157833E-02
  0.18000000E+00  0.15400000E+01  0.54274003E-02
  0.18000000E+00  0.15600000E+01  0.55379899E-02
  0.18000000E+00  0.15800000E+01  0.56475937E-02
  0.18000000E+00  0.16000000E+01  0.57562737E-02
  0.18000000E+00  0.16200000E+01  0.58641117E-02
  0.18000000E+00  0.16400000E+01  0.59712067E-02
  0.18000000E+00  0.16600000E+01  0.60776713E-02
  0.18000000E+00  0.16800000E+01  0.61836278E-02
  0.18000000E+00  0.17000000E+01  0.62892021E-02
  0.18000000E+00  0.17200000E+01  0.63945177E-02
  0.18000000E+00  0.17400000E+01  0.64996873E-02
  0.18000000E+00  0.17600000E+01  0.66048041E-02
  0.18000000E+00  0.17800000E+01  0.67099318E-02
  0.18000000E+00  0.18000000E+01  0.68150949E-02
  0.18000000E+00  0.18200000E+01  0.69202683E-02
  0.18000000E+00  0.18400000E+01  0.70253690E-02
  0.18000000E+00  0.18600000E+01  0.71302500E-02
  0.18000000E+00  0.18800000E+01  0.72347009E-02
  0.18000000E+00  0.19000000E+01  0.73384560E-02
  0.18000000E+00  0.19200000E+01  0.74412191E-02
  0.18000000E+00  0.19400000E+01  0.75427125E-02
  0.18000000E+00  0.19600000E+01  0.76427675E-02
  0.18000000E+00  0.19800000E+01  0.77414858E-02
  0.18000000E+00  0.20000000E+01  0.78395336E-02
  0.20000000E+00  0.00000000E+00  0.92556729E-05
  0.20000000E+00  0.20000000E-01  0.89357925E-04
  0.20000000E+00  0.39999999E-01  0.17181596E-03
  0.20000000E+00  0.59999999E-01  0.25217673E-03
  0.20000000E+00  0.79999998E-01  0.32596550E-03
  0.20000000E+00  0.99999998E-01  0.38892549E-03
  0.20000000E+00  0.12000000E+00  0.43733951E-03
  0.20000000E+00  0.14000000E+00  0.46848223E-03
  0.20000000E+00  0.16000000E+00  0.48129972E-03
  0.20000000E+00  0.18000000E+00  0.47753828E-03
  0.20000000E+00  0.20000000E+00  0.46396469E-03
  0.20000000E+00  0.22000000E+00  0.45751017E-03
  0.20000000E+00  0.23999999E+00  0.52035323E-03
  0.20000000E+00  0.25999999E+00  0.59623860E-03
  0.20000000E+00  0.27999999E+00  0.67751515E-03
  0.20000000E+00  0.29999999E+00  0.76421758E-03
  0.20000000E+00  0.31999999E+00  0.85633560E-03
  0.20000000E+00  0.33999999E+00  0.95380370E-03
  0.20000000E+00  0.35999999E+00  0.10564911E-02
  0.20000000E+00  0.37999999E+00  0.11641919E-02
  0.20000000E+00  0.39999999E+00  0.12766154E-02
  0.20000000E+00  0.41999999E+00  0.13933774E-02
  0.20000000E+00  0.43999999E+00  0.15139916E-02
  0.20000000E+00  0.45999999E+00  0.16378622E-02
  0.20000000E+00  0.47999999E+00  0.17642783E-02
  0.20000000E+00  0.49999999E+00  0.18924095E-02
  0.20000000E+00  0.51999999E+00  0.20213048E-02
  0.20000000E+00  0.53999999E+00  0.21498933E-02
  0.20000000E+00  0.55999999E+00  0.22769912E-02
  0.20000000E+00  0.57999999E+00  0.24013125E-02
  0.20000000E+00  0.59999999E+00  0.25214877E-02
  0.20000000E+00  0.61999999E+00  0.26360923E-02
  0.20000000E+00  0.63999999E+00  0.27436870E-02
  0.20000000E+00  0.65999999E+00  0.28428755E-02
  0.20000000E+00  0.67999998E+00  0.29323845E-02
  0.20000000E+00  0.69999998E+00  0.30111772E-02
  0.20000000E+00  0.71999998E+00  0.30786143E-02
  0.20000000E+00  0.73999998E+00  0.31346890E-02
  0.20000000E+00  0.75999998E+00  0.31803881E-02
  0.20000000E+00  0.77999998E+00  0.32182829E-02
  0.20000000E+00  0.79999998E+00  0.32535939E-02
  0.20000000E+00  0.81999998E+00  0.32958130E-02
  0.20000000E+00  0.83999998E+00  0.33956734E-02
  0.20000000E+00  0.85999998E+00  0.35330235E-02
  0.20000000E+00  0.87999998E+00  0.36681925E-02
  0.20000000E+00  0.89999998E+00  0.38009896E-02
  0.20000000E+00  0.91999998E+00  0.39313333E-02
  0.20000000E+00  0.93999998E+00  0.40592694E-02
  0.20000000E+00  0.95999998E+00  0.41849885E-02
  0.20000000E+00  0.97999998E+00  0.43088438E-02
  0.20000000E+00  0.99999998E+00  0.44313674E-02
  0.20000000E+00  0.10200000E+01  0.45532852E-02
  0.20000000E+00  0.10400000E+01  0.46755274E-02
  0.20000000E+00  0.10600000E+01  0.47992361E-02
  0.20000000E+00  0.10800000E+01  0.49257639E-02
  0.20000000E+00  0.11000000E+01  0.50566643E-02
  0.20000000E+00  0.11200000E+01  0.51936675E-02
  0.20000000E+00  0.11400000E+01  0.53386374E-02
  0.20000000E+00  0.11600000E+01  0.54935025E-02
  0.20000000E+00  0.11800000E+01  0.56601507E-02
  0.20000000E+00  0.12000000E+01  0.58402735E-02
  0.20000000E+00  0.12200000E+01  0.60351392E-02
  0.20000000E+00  0.12400000E+01  0.62452637E-02
  0.20000000E+00  0.12600000E+01  0.64699301E-02
  0.20000000E+00  0.12800000E+01  0.67064761E-02
  0.20000000E+00  0.13000000E+01  0.69492112E-02
  0.20000000E+00  0.13200000E+01  0.71876981E-02
  0.20000000E+00  0.13400000E+01  0.74038519E-02
  0.20000000E+00  0.13600000E+01  0.75665703E-02
  0.20000000E+00  0.13800000E+01  0.76202472E-02
  0.20000000E+00  0.14000000E+01  0.74535257E-02
  0.20000000E+00  0.14200000E+01  0.67591685E-02
  0.20000000E+00  0.14400000E+01  0.48321488E-02
  0.20000000E+00  0.14600000E+01  0.49436235E-02
  0.20000000E+00  0.14800000E+01  0.50555697E-02
  0.20000000E+00  0.15000000E+01  0.51681337E-02
  0.20000000E+00  0.15200000E+01  0.52814718E-02
  0.20000000E+00  0.15400000E+01  0.53957457E-02
  0.20000000E+00  0.15600000E+01  0.55111162E-02
  0.20000000E+00  0.15800000E+01  0.56277360E-02
  0.20000000E+00  0.16000000E+01  0.57457407E-02
  0.20000000E+00  0.16200000E+01  0.58652388E-02
  0.20000000E+00  0.16400000E+01  0.59862989E-02
  0.20000000E+00  0.16600000E+01  0.61089364E-02
  0.20000000E+00  0.16800000E+01  0.62330976E-02
  0.20000000E+00  0.17000000E+01  0.63586427E-02
  0.20000000E+00  0.17200000E+01  0.64853274E-02
  0.20000000E+00  0.17400000E+01  0.66127833E-02
  0.20000000E+00  0.17600000E+01  0.67404983E-02
  0.20000000E+00  0.17800000E+01  0.68677983E-02
  0.20000000E+00  0.18000000E+01  0.69938308E-02
  0.20000000E+00  0.18200000E+01  0.71175536E-02
  0.20000000E+00  0.18400000E+01  0.72377319E-02
  0.20000000E+00  0.18600000E+01  0.73529485E-02
  0.20000000E+00  0.18800000E+01  0.74616350E-02
  0.20000000E+00  0.19000000E+01  0.75621349E-02
  0.20000000E+00  0.19200000E+01  0.76528153E-02
  0.20000000E+00  0.19400000E+01  0.77322578E-02
  0.20000000E+00  0.19600000E+01  0.77995748E-02
  0.20000000E+00  0.19800000E+01  0.78549445E-02
  0.20000000E+00  0.20000000E+01  0.79005530E-02
  0.22000000E+00  0.00000000E+00  0.12166535E-04
  0.22000000E+00  0.20000000E-01  0.98694139E-04
  0.22000000E+00  0.39999999E-01  0.18470357E-03
  0.22000000E+00  0.59999999E-01  0.26516919E-03
  0.22000000E+00  0.79999998E-01  0.33522263E-03
  0.22000000E+00  0.99999998E-01  0.39050430E-03
  0.22000000E+00  0.12000000E+00  0.42766096E-03
  0.22000000E+00  0.14000000E+00  0.44509823E-03
  0.22000000E+00  0.16000000E+00  0.44424360E-03
  0.22000000E+00  0.18000000E+00  0.43209472E-03
  0.22000000E+00  0.20000000E+00  0.42860621E-03
  0.22000000E+00  0.22000000E+00  0.49108570E-03
  0.22000000E+00  0.23999999E+00  0.56371208E-03
  0.22000000E+00  0.25999999E+00  0.64101168E-03
  0.22000000E+00  0.27999999E+00  0.72296145E-03
  0.22000000E+00  0.29999999E+00  0.80950790E-03
  0.22000000E+00  0.31999999E+00  0.90055921E-03
  0.22000000E+00  0.33999999E+00  0.99597771E-03
  0.22000000E+00  0.35999999E+00  0.10955727E-02
  0.22000000E+00  0.37999999E+00  0.11990936E-02
  0.22000000E+00  0.39999999E+00  0.13062241E-02
  0.22000000E+00  0.41999999E+00  0.14165760E-02
  0.22000000E+00  0.43999999E+00  0.15296855E-02
  0.22000000E+00  0.45999999E+00  0.16450093E-02
  0.22000000E+00  0.47999999E+00  0.17619231E-02
  0.22000000E+00  0.49999999E+00  0.18797217E-02
  0.22000000E+00  0.51999999E+00  0.19976223E-02
  0.22000000E+00  0.53999999E+00  0.21147709E-02
  0.22000000E+00  0.55999999E+00  0.22302528E-02
  0.22000000E+00  0.57999999E+00  0.23431094E-02
  0.22000000E+00  0.59999999E+00  0.24523621E-02
  0.22000000E+00  0.61999999E+00  0.25570464E-02
  0.22000000E+00  0.63999999E+00  0.26562585E-02
  0.22000000E+00  0.65999999E+00  0.27492209E-02
  0.22000000E+00  0.67999998E+00  0.28353734E-02
  0.22000000E+00  0.69999998E+00  0.29145034E-02
  0.22000000E+00  0.71999998E+00  0.29869391E-02
  0.22000000E+00  0.73999998E+00  0.30538527E-02
  0.22000000E+00  0.75999998E+00  0.31177874E-02
  0.22000000E+00  0.77999998E+00  0.31837398E-02
  0.22000000E+00  0.79999998E+00  0.32622291E-02
  0.22000000E+00  0.81999998E+00  0.33886206E-02
  0.22000000E+00  0.83999998E+00  0.35306961E-02
  0.22000000E+00  0.85999998E+00  0.36704814E-02
  0.22000000E+00  0.87999998E+00  0.38076851E-02
  0.22000000E+00  0.89999998E+00  0.39421202E-02
  0.22000000E+00  0.91999998E+00  0.40737229E-02
  0.22000000E+00  0.93999998E+00  0.42025729E-02
  0.22000000E+00  0.95999998E+00  0.43289120E-02
  0.22000000E+00  0.97999998E+00  0.44531638E-02
  0.22000000E+00  0.99999998E+00  0.45759496E-02
  0.22000000E+00  0.10200000E+01  0.46981035E-02
  0.22000000E+00  0.10400000E+01  0.48206816E-02
  0.22000000E+00  0.10600000E+01  0.49449648E-02
  0.22000000E+00  0.10800000E+01  0.50724526E-02
  0.22000000E+00  0.11000000E+01  0.52048426E-02
  0.22000000E+00  0.11200000E+01  0.53439918E-02
  0.22000000E+00  0.11400000E+01  0.54918519E-02
  0.22000000E+00  0.11600000E+01  0.56503681E-02
  0.22000000E+00  0.11800000E+01  0.58213283E-02
  0.22000000E+00  0.12000000E+01  0.60061404E-02
  0.22000000E+00  0.12200000E+01  0.62055079E-02
  0.22000000E+00  0.12400000E+01  0.64189531E-02
  0.22000000E+00  0.12600000E+01  0.66441101E-02
  0.22000000E+00  0.12800000E+01  0.68756446E-02
  0.22000000E+00  0.13000000E+01  0.71035414E-02
  0.22000000E+00  0.13200000E+01  0.73102115E-02
  0.22000000E+00  0.13400000E+01  0.74651385E-02
  0.22000000E+00  0.13600000E+01  0.75134394E-02
  0.22000000E+00  0.13800000E+01  0.73447835E-02
  0.22000000E+00  0.14000000E+01  0.66541862E-02
  0.22000000E+00  0.14200000E+01  0.47406497E-02
  0.22000000E+00  0.14400000E+01  0.48490336E-02
  0.22000000E+00  0.14600000E+01  0.49592151E-02
  0.22000000E+00  0.14800000E+01  0.50715101E-02
  0.22000000E+00  0.15000000E+01  0.51862345E-02
  0.22000000E+00  0.15200000E+01  0.53036949E-02
  0.22000000E+00  0.15400000E+01  0.54241762E-02
  0.22000000E+00  0.15600000E+01  0.55479279E-02
  0.22000000E+00  0.15800000E+01  0.56751475E-02
  0.22000000E+00  0.16000000E+01  0.58059620E-02
  0.22000000E+00  0.16200000E+01  0.59404067E-02
  0.22000000E+00  0.16400000E+01  0.60784017E-02
  0.22000000E+00  0.16600000E+01  0.62197256E-02
  0.22000000E+00  0.16800000E+01  0.63639878E-02
  0.22000000E+00  0.17000000E+01  0.65105988E-02
  0.22000000E+00  0.17200000E+01  0.66587394E-02
  0.22000000E+00  0.17400000E+01  0.68073306E-02
  0.22000000E+00  0.17600000E+01  0.69550056E-02
  0.22000000E+00  0.17800000E+01  0.71000856E-02
  0.22000000E+00  0.18000000E+01  0.72405647E-02
  0.22000000E+00  0.18200000E+01  0.73741065E-02
  0.22000000E+00  0.18400000E+01  0.74980629E-02
  0.22000000E+00  0.18600000E+01  0.76095224E-02
  0.22000000E+00  0.18800000E+01  0.77054058E-02
  0.22000000E+00  0.19000000E+01  0.77826327E-02
  0.22000000E+00  0.19200000E+01  0.78383948E-02
  0.22000000E+00  0.19400000E+01  0.78705978E-02
  0.22000000E+00  0.19600000E+01  0.78785705E-02
  0.22000000E+00  0.19800000E+01  0.78641884E-02
  0.22000000E+00  0.20000000E+01  0.78331794E-02
  0.23999999E+00  0.00000000E+00  0.15569448E-04
  0.23999999E+00  0.20000000E-01  0.10666323E-03
  0.23999999E+00  0.39999999E-01  0.19398273E-03
  0.23999999E+00  0.59999999E-01  0.27206998E-03
  0.23999999E+00  0.79999998E-01  0.33590842E-03
  0.23999999E+00  0.99999998E-01  0.38144969E-03
  0.23999999E+00  0.12000000E+00  0.40641232E-03
  0.23999999E+00  0.14000000E+00  0.41162496E-03
  0.23999999E+00  0.16000000E+00  0.40375278E-03
  0.23999999E+00  0.18000000E+00  0.40379609E-03
  0.23999999E+00  0.20000000E+00  0.46609330E-03
  0.23999999E+00  0.22000000E+00  0.53671695E-03
  0.23999999E+00  0.23999999E+00  0.61134522E-03
  0.23999999E+00  0.25999999E+00  0.68987524E-03
  0.23999999E+00  0.27999999E+00  0.77218722E-03
  0.23999999E+00  0.29999999E+00  0.85813927E-03
  0.23999999E+00  0.31999999E+00  0.94756265E-03
  0.23999999E+00  0.33999999E+00  0.10402576E-02
  0.23999999E+00  0.35999999E+00  0.11359897E-02
  0.23999999E+00  0.37999999E+00  0.12344872E-02
  0.23999999E+00  0.39999999E+00  0.13354384E-02
  0.23999999E+00  0.41999999E+00  0.14384907E-02
  0.23999999E+00  0.43999999E+00  0.15432502E-02
  0.23999999E+00  0.45999999E+00  0.16492828E-02
  0.23999999E+00  0.47999999E+00  0.17561169E-02
  0.23999999E+00  0.49999999E+00  0.18632481E-02
  0.23999999E+00  0.51999999E+00  0.19701462E-02
  0.23999999E+00  0.53999999E+00  0.20762654E-02
  0.23999999E+00  0.55999999E+00  0.21810585E-02
  0.23999999E+00  0.57999999E+00  0.22839959E-02
  0.23999999E+00  0.59999999E+00  0.23845913E-02
  0.23999999E+00  0.61999999E+00  0.24824354E-02
  0.23999999E+00  0.63999999E+00  0.25772422E-02
  0.23999999E+00  0.65999999E+00  0.26689113E-02
  0.23999999E+00  0.67999998E+00  0.27576154E-02
  0.23999999E+00  0.69999998E+00  0.28439306E-02
  0.23999999E+00  0.71999998E+00  0.29290418E-02
  0.23999999E+00  0.73999998E+00  0.30151114E-02
  0.23999999E+00  0.75999998E+00  0.31060907E-02
  0.23999999E+00  0.77999998E+00  0.32104896E-02
  0.23999999E+00  0.79999998E+00  0.33508938E-02
  0.23999999E+00  0.81999998E+00  0.34968829E-02
  0.23999999E+00  0.83999998E+00  0.36406506E-02
  0.23999999E+00  0.85999998E+00  0.37818173E-02
  0.23999999E+00  0.87999998E+00  0.39200995E-02
  0.23999999E+00  0.89999998E+00  0.40553305E-02
  0.23999999E+00  0.91999998E+00  0.41874806E-02
  0.23999999E+00  0.93999998E+00  0.43166787E-02
  0.23999999E+00  0.95999998E+00  0.44432321E-02
  0.23999999E+00  0.97999998E+00  0.45676461E-02
  0.23999999E+00  0.99999998E+00  0.46906403E-02
  0.23999999E+00  0.10200000E+01  0.48131613E-02
  0.23999999E+00  0.10400000E+01  0.49363883E-02
  0.23999999E+00  0.10600000E+01  0.50617306E-02
  0.23999999E+00  0.10800000E+01  0.51908116E-02
  0.23999999E+00  0.11000000E+01  0.53254343E-02
  0.23999999E+00  0.11200000E+01  0.54675223E-02
  0.23999999E+00  0.11400000E+01  0.56190249E-02
  0.23999999E+00  0.11600000E+01  0.57817733E-02
  0.23999999E+00  0.11800000E+01  0.59572669E-02
  0.23999999E+00  0.12000000E+01  0.61463586E-02
  0.23999999E+00  0.12200000E+01  0.63487922E-02
  0.23999999E+00  0.12400000E+01  0.65625121E-02
  0.23999999E+00  0.12600000E+01  0.67826082E-02
  0.23999999E+00  0.12800000E+01  0.69996403E-02
  0.23999999E+00  0.13000000E+01  0.71968080E-02
  0.23999999E+00  0.13200000E+01  0.73447149E-02
  0.23999999E+00  0.13400000E+01  0.73901920E-02
  0.23999999E+00  0.13600000E+01  0.72259662E-02
  0.23999999E+00  0.13800000E+01  0.65549982E-02
  0.23999999E+00  0.14000000E+01  0.46934172E-02
  0.23999999E+00  0.14200000E+01  0.47988170E-02
  0.23999999E+00  0.14400000E+01  0.49071327E-02
  0.23999999E+00  0.14600000E+01  0.50188445E-02
  0.23999999E+00  0.14800000E+01  0.51344253E-02
  0.23999999E+00  0.15000000E+01  0.52543264E-02
  0.23999999E+00  0.15200000E+01  0.53789590E-02
  0.23999999E+00  0.15400000E+01  0.55086744E-02
  0.23999999E+00  0.15600000E+01  0.56437402E-02
  0.23999999E+00  0.15800000E+01  0.57843134E-02
  0.23999999E+00  0.16000000E+01  0.59304104E-02
  0.23999999E+00  0.16200000E+01  0.60818738E-02
  0.23999999E+00  0.16400000E+01  0.62383358E-02
  0.23999999E+00  0.16600000E+01  0.63991796E-02
  0.23999999E+00  0.16800000E+01  0.65634979E-02
  0.23999999E+00  0.17000000E+01  0.67300515E-02
  0.23999999E+00  0.17200000E+01  0.68972273E-02
  0.23999999E+00  0.17400000E+01  0.70630002E-02
  0.23999999E+00  0.17600000E+01  0.72249012E-02
  0.23999999E+00  0.17800000E+01  0.73799952E-02
  0.23999999E+00  0.18000000E+01  0.75248778E-02
  0.23999999E+00  0.18200000E+01  0.76556978E-02
  0.23999999E+00  0.18400000E+01  0.77682206E-02
  0.23999999E+00  0.18600000E+01  0.78579512E-02
  0.23999999E+00  0.18800000E+01  0.79203460E-02
  0.23999999E+00  0.19000000E+01  0.79511567E-02
  0.23999999E+00  0.19200000E+01  0.79469731E-02
  0.23999999E+00  0.19400000E+01  0.79060570E-02
  0.23999999E+00  0.19600000E+01  0.78295199E-02
  0.23999999E+00  0.19800000E+01  0.77217419E-02
  0.23999999E+00  0.20000000E+01  0.75520707E-02
  0.25999999E+00  0.00000000E+00  0.19601389E-04
  0.25999999E+00  0.20000000E-01  0.11313365E-03
  0.25999999E+00  0.39999999E-01  0.19935882E-03
  0.25999999E+00  0.59999999E-01  0.27261613E-03
  0.25999999E+00  0.79999998E-01  0.32813056E-03
  0.25999999E+00  0.99999998E-01  0.36283464E-03
  0.25999999E+00  0.12000000E+00  0.37674744E-03
  0.25999999E+00  0.14000000E+00  0.37576158E-03
  0.25999999E+00  0.16000000E+00  0.38044727E-03
  0.25999999E+00  0.18000000E+00  0.44303921E-03
  0.25999999E+00  0.20000000E+00  0.51288167E-03
  0.25999999E+00  0.22000000E+00  0.58615281E-03
  0.25999999E+00  0.23999999E+00  0.66264950E-03
  0.25999999E+00  0.25999999E+00  0.74216368E-03
  0.25999999E+00  0.27999999E+00  0.82447998E-03
  0.25999999E+00  0.29999999E+00  0.90937400E-03
  0.25999999E+00  0.31999999E+00  0.99661144E-03
  0.25999999E+00  0.33999999E+00  0.10859479E-02
  0.25999999E+00  0.35999999E+00  0.11771298E-02
  0.25999999E+00  0.37999999E+00  0.12698955E-02
  0.25999999E+00  0.39999999E+00  0.13639778E-02
  0.25999999E+00  0.41999999E+00  0.14591075E-02
  0.25999999E+00  0.43999999E+00  0.15550174E-02
  0.25999999E+00  0.45999999E+00  0.16514478E-02
  0.25999999E+00  0.47999999E+00  0.17481534E-02
  0.25999999E+00  0.49999999E+00  0.18449110E-02
  0.25999999E+00  0.51999999E+00  0.19415298E-02
  0.25999999E+00  0.53999999E+00  0.20378624E-02
  0.25999999E+00  0.55999999E+00  0.21338190E-02
  0.25999999E+00  0.57999999E+00  0.22293832E-02
  0.25999999E+00  0.59999999E+00  0.23246316E-02
  0.25999999E+00  0.61999999E+00  0.24197567E-02
  0.25999999E+00  0.63999999E+00  0.25150953E-02
  0.25999999E+00  0.65999999E+00  0.26111642E-02
  0.25999999E+00  0.67999998E+00  0.27087095E-02
  0.25999999E+00  0.69999998E+00  0.28087791E-02
  0.25999999E+00  0.71999998E+00  0.29128524E-02
  0.25999999E+00  0.73999998E+00  0.30231245E-02
  0.25999999E+00  0.75999998E+00  0.31434125E-02
  0.25999999E+00  0.77999998E+00  0.32860828E-02
  0.25999999E+00  0.79999998E+00  0.34349312E-02
  0.25999999E+00  0.81999998E+00  0.35817827E-02
  0.25999999E+00  0.83999998E+00  0.37261857E-02
  0.25999999E+00  0.85999998E+00  0.38677755E-02
  0.25999999E+00  0.87999998E+00  0.40062938E-02
  0.25999999E+00  0.89999998E+00  0.41416111E-02
  0.25999999E+00  0.91999998E+00  0.42737479E-02
  0.25999999E+00  0.93999998E+00  0.44028968E-02
  0.25999999E+00  0.95999998E+00  0.45294428E-02
  0.25999999E+00  0.97999998E+00  0.46539819E-02
  0.25999999E+00  0.99999998E+00  0.47773361E-02
  0.25999999E+00  0.10200000E+01  0.49005619E-02
  0.25999999E+00  0.10400000E+01  0.50249511E-02
  0.25999999E+00  0.10600000E+01  0.51520185E-02
  0.25999999E+00  0.10800000E+01  0.52834735E-02
  0.25999999E+00  0.11000000E+01  0.54211660E-02
  0.25999999E+00  0.11200000E+01  0.55669994E-02
  0.25999999E+00  0.11400000E+01  0.57227962E-02
  0.25999999E+00  0.11600000E+01  0.58900955E-02
  0.25999999E+00  0.11800000E+01  0.60698540E-02
  0.25999999E+00  0.12000000E+01  0.62620037E-02
  0.25999999E+00  0.12200000E+01  0.64647894E-02
  0.25999999E+00  0.12400000E+01  0.66737552E-02
  0.25999999E+00  0.12600000E+01  0.68801330E-02
  0.25999999E+00  0.12800000E+01  0.70681192E-02
  0.25999999E+00  0.13000000E+01  0.72098404E-02
  0.25999999E+00  0.13200000E+01  0.72546143E-02
  0.25999999E+00  0.13400000E+01  0.70998442E-02
  0.25999999E+00  0.13600000E+01  0.64610031E-02
  0.25999999E+00  0.13800000E+01  0.46819556E-02
  0.25999999E+00  0.14000000E+01  0.47844586E-02
  0.25999999E+00  0.14200000E+01  0.48907665E-02
  0.25999999E+00  0.14400000E+01  0.50015147E-02
  0.25999999E+00  0.14600000E+01  0.51173269E-02
  0.25999999E+00  0.14800000E+01  0.52387952E-02
  0.25999999E+00  0.15000000E+01  0.53664570E-02
  0.25999999E+00  0.15200000E+01  0.55007690E-02
  0.25999999E+00  0.15400000E+01  0.56420761E-02
  0.25999999E+00  0.15600000E+01  0.57905770E-02
  0.25999999E+00  0.15800000E+01  0.59462860E-02
  0.25999999E+00  0.16000000E+01  0.61089898E-02
  0.25999999E+00  0.16200000E+01  0.62782018E-02
  0.25999999E+00  0.16400000E+01  0.64531115E-02
  0.25999999E+00  0.16600000E+01  0.66325333E-02
  0.25999999E+00  0.16800000E+01  0.68148523E-02
  0.25999999E+00  0.17000000E+01  0.69979725E-02
  0.25999999E+00  0.17200000E+01  0.71792678E-02
  0.25999999E+00  0.17400000E+01  0.73555404E-02
  0.25999999E+00  0.17600000E+01  0.75229934E-02
  0.25999999E+00  0.17800000E+01  0.76772240E-02
  0.25999999E+00  0.18000000E+01  0.78132494E-02
  0.25999999E+00  0.18200000E+01  0.79255817E-02
  0.25999999E+00  0.18400000E+01  0.80083736E-02
  0.25999999E+00  0.18600000E+01  0.80556691E-02
  0.25999999E+00  0.18800000E+01  0.80618081E-02
  0.25999999E+00  0.19000000E+01  0.80220510E-02
  0.25999999E+00  0.19200000E+01  0.79335058E-02
  0.25999999E+00  0.19400000E+01  0.77962842E-02
  0.25999999E+00  0.19600000E+01  0.76127864E-02
  0.25999999E+00  0.19800000E+01  0.73249331E-02
  0.25999999E+00  0.20000000E+01  0.74424488E-02
  0.27999999E+00  0.00000000E+00  0.24510680E-04
  0.27999999E+00  0.20000000E-01  0.11818299E-03
  0.27999999E+00  0.39999999E-01  0.20090746E-03
  0.27999999E+00  0.59999999E-01  0.26717865E-03
  0.27999999E+00  0.79999998E-01  0.31308147E-03
  0.27999999E+00  0.99999998E-01  0.33766734E-03
  0.27999999E+00  0.12000000E+00  0.34570460E-03
  0.27999999E+00  0.14000000E+00  0.35616696E-03
  0.27999999E+00  0.16000000E+00  0.41956176E-03
  0.27999999E+00  0.18000000E+00  0.48971709E-03
  0.27999999E+00  0.20000000E+00  0.56285494E-03
  0.27999999E+00  0.22000000E+00  0.63865384E-03
  0.27999999E+00  0.23999999E+00  0.71679742E-03
  0.27999999E+00  0.25999999E+00  0.79697482E-03
  0.27999999E+00  0.27999999E+00  0.87888221E-03
  0.27999999E+00  0.29999999E+00  0.96222528E-03
  0.27999999E+00  0.31999999E+00  0.10467229E-02
  0.27999999E+00  0.33999999E+00  0.11321114E-02
  0.27999999E+00  0.35999999E+00  0.12181506E-02
  0.27999999E+00  0.37999999E+00  0.13046295E-02
  0.27999999E+00  0.39999999E+00  0.13913741E-02
  0.27999999E+00  0.41999999E+00  0.14782551E-02
  0.27999999E+00  0.43999999E+00  0.15651966E-02
  0.27999999E+00  0.45999999E+00  0.16521854E-02
  0.27999999E+00  0.47999999E+00  0.17392804E-02
  0.27999999E+00  0.49999999E+00  0.18266222E-02
  0.27999999E+00  0.51999999E+00  0.19144423E-02
  0.27999999E+00  0.53999999E+00  0.20030713E-02
  0.27999999E+00  0.55999999E+00  0.20929452E-02
  0.27999999E+00  0.57999999E+00  0.21846090E-02
  0.27999999E+00  0.59999999E+00  0.22787143E-02
  0.27999999E+00  0.61999999E+00  0.23760095E-02
  0.27999999E+00  0.63999999E+00  0.24773166E-02
  0.27999999E+00  0.65999999E+00  0.25834850E-02
  0.27999999E+00  0.67999998E+00  0.26953039E-02
  0.27999999E+00  0.69999998E+00  0.28133232E-02
  0.27999999E+00  0.71999998E+00  0.29373988E-02
  0.27999999E+00  0.73999998E+00  0.30643999E-02
  0.27999999E+00  0.75999998E+00  0.31988596E-02
  0.27999999E+00  0.77999998E+00  0.33493746E-02
  0.27999999E+00  0.79999998E+00  0.34982449E-02
  0.27999999E+00  0.81999998E+00  0.36449671E-02
  0.27999999E+00  0.83999998E+00  0.37891132E-02
  0.27999999E+00  0.85999998E+00  0.39303502E-02
  0.27999999E+00  0.87999998E+00  0.40684623E-02
  0.27999999E+00  0.89999998E+00  0.42033729E-02
  0.27999999E+00  0.91999998E+00  0.43351668E-02
  0.27999999E+00  0.93999998E+00  0.44641117E-02
  0.27999999E+00  0.95999998E+00  0.45906784E-02
  0.27999999E+00  0.97999998E+00  0.47155568E-02
  0.27999999E+00  0.99999998E+00  0.48396671E-02
  0.27999999E+00  0.10200000E+01  0.49641638E-02
  0.27999999E+00  0.10400000E+01  0.50904270E-02
  0.27999999E+00  0.10600000E+01  0.52200386E-02
  0.27999999E+00  0.10800000E+01  0.53547349E-02
  0.27999999E+00  0.11000000E+01  0.54963277E-02
  0.27999999E+00  0.11200000E+01  0.56465801E-02
  0.27999999E+00  0.11400000E+01  0.58070179E-02
  0.27999999E+00  0.11600000E+01  0.59786501E-02
  0.27999999E+00  0.11800000E+01  0.61615509E-02
  0.27999999E+00  0.12000000E+01  0.63542356E-02
  0.27999999E+00  0.12200000E+01  0.65527006E-02
  0.27999999E+00  0.12400000E+01  0.67488968E-02
  0.27999999E+00  0.12600000E+01  0.69281504E-02
  0.27999999E+00  0.12800000E+01  0.70643945E-02
  0.27999999E+00  0.13000000E+01  0.71100074E-02
  0.27999999E+00  0.13200000E+01  0.69683009E-02
  0.27999999E+00  0.13400000E+01  0.63707707E-02
  0.27999999E+00  0.13600000E+01  0.46972877E-02
  0.27999999E+00  0.13800000E+01  0.47969933E-02
  0.27999999E+00  0.14000000E+01  0.49011573E-02
  0.27999999E+00  0.14200000E+01  0.50105583E-02
  0.27999999E+00  0.14400000E+01  0.51259606E-02
  0.27999999E+00  0.14600000E+01  0.52480908E-02
  0.27999999E+00  0.14800000E+01  0.53776096E-02
  0.27999999E+00  0.15000000E+01  0.55150798E-02
  0.27999999E+00  0.15200000E+01  0.56609295E-02
  0.27999999E+00  0.15400000E+01  0.58154106E-02
  0.27999999E+00  0.15600000E+01  0.59785519E-02
  0.27999999E+00  0.15800000E+01  0.61501079E-02
  0.27999999E+00  0.16000000E+01  0.63295031E-02
  0.27999999E+00  0.16200000E+01  0.65157720E-02
  0.27999999E+00  0.16400000E+01  0.67074962E-02
  0.27999999E+00  0.16600000E+01  0.69027406E-02
  0.27999999E+00  0.16800000E+01  0.70989896E-02
  0.27999999E+00  0.17000000E+01  0.72930885E-02
  0.27999999E+00  0.17200000E+01  0.74811931E-02
  0.27999999E+00  0.17400000E+01  0.76587346E-02
  0.27999999E+00  0.17600000E+01  0.78204103E-02
  0.27999999E+00  0.17800000E+01  0.79602105E-02
  0.27999999E+00  0.18000000E+01  0.80715026E-02
  0.27999999E+00  0.18200000E+01  0.81471964E-02
  0.27999999E+00  0.18400000E+01  0.81800283E-02
  0.27999999E+00  0.18600000E+01  0.81630177E-02
  0.27999999E+00  0.18800000E+01  0.80901631E-02
  0.27999999E+00  0.19000000E+01  0.79574417E-02
  0.27999999E+00  0.19200000E+01  0.77639155E-02
  0.27999999E+00  0.19400000E+01  0.75098365E-02
  0.27999999E+00  0.19600000E+01  0.71095995E-02
  0.27999999E+00  0.19800000E+01  0.72225782E-02
  0.27999999E+00  0.20000000E+01  0.73376960E-02
  0.29999999E+00  0.00000000E+00  0.30675184E-04
  0.29999999E+00  0.20000000E-01  0.12213280E-03
  0.29999999E+00  0.39999999E-01  0.19914247E-03
  0.29999999E+00  0.59999999E-01  0.25690812E-03
  0.29999999E+00  0.79999998E-01  0.29339461E-03
  0.29999999E+00  0.99999998E-01  0.31195467E-03
  0.29999999E+00  0.12000000E+00  0.32895906E-03
  0.29999999E+00  0.14000000E+00  0.39349461E-03
  0.29999999E+00  0.16000000E+00  0.46485865E-03
  0.29999999E+00  0.18000000E+00  0.53891950E-03
  0.29999999E+00  0.20000000E+00  0.61522223E-03
  0.29999999E+00  0.22000000E+00  0.69332465E-03
  0.29999999E+00  0.23999999E+00  0.77280061E-03
  0.29999999E+00  0.25999999E+00  0.85324472E-03
  0.29999999E+00  0.27999999E+00  0.93427840E-03
  0.29999999E+00  0.29999999E+00  0.10155573E-02
  0.29999999E+00  0.31999999E+00  0.10967798E-02
  0.29999999E+00  0.33999999E+00  0.11776970E-02
  0.29999999E+00  0.35999999E+00  0.12581231E-02
  0.29999999E+00  0.37999999E+00  0.13379471E-02
  0.29999999E+00  0.39999999E+00  0.14171449E-02
  0.29999999E+00  0.41999999E+00  0.14957915E-02
  0.29999999E+00  0.43999999E+00  0.15740735E-02
  0.29999999E+00  0.45999999E+00  0.16523000E-02
  0.29999999E+00  0.47999999E+00  0.17309126E-02
  0.29999999E+00  0.49999999E+00  0.18104929E-02
  0.29999999E+00  0.51999999E+00  0.18917649E-02
  0.29999999E+00  0.53999999E+00  0.19755916E-02
  0.29999999E+00  0.55999999E+00  0.20629621E-02
  0.29999999E+00  0.57999999E+00  0.21549627E-02
  0.29999999E+00  0.59999999E+00  0.22527264E-02
  0.29999999E+00  0.61999999E+00  0.23573445E-02
  0.29999999E+00  0.63999999E+00  0.24697161E-02
  0.29999999E+00  0.65999999E+00  0.25902774E-02
  0.29999999E+00  0.67999998E+00  0.27184620E-02
  0.29999999E+00  0.69999998E+00  0.28513363E-02
  0.29999999E+00  0.71999998E+00  0.29770283E-02
  0.29999999E+00  0.73999998E+00  0.30943604E-02
  0.29999999E+00  0.75999998E+00  0.32452952E-02
  0.29999999E+00  0.77999998E+00  0.33950350E-02
  0.29999999E+00  0.79999998E+00  0.35430463E-02
  0.29999999E+00  0.81999998E+00  0.36888584E-02
  0.29999999E+00  0.83999998E+00  0.38320829E-02
  0.29999999E+00  0.85999998E+00  0.39724357E-02
  0.29999999E+00  0.87999998E+00  0.41097579E-02
  0.29999999E+00  0.89999998E+00  0.42440389E-02
  0.29999999E+00  0.91999998E+00  0.43754378E-02
  0.29999999E+00  0.93999998E+00  0.45043039E-02
  0.29999999E+00  0.95999998E+00  0.46311942E-02
  0.29999999E+00  0.97999998E+00  0.47568864E-02
  0.29999999E+00  0.99999998E+00  0.48823844E-02
  0.29999999E+00  0.10200000E+01  0.50089140E-02
  0.29999999E+00  0.10400000E+01  0.51379026E-02
  0.29999999E+00  0.10600000E+01  0.52709388E-02
  0.29999999E+00  0.10800000E+01  0.54097011E-02
  0.29999999E+00  0.11000000E+01  0.55558453E-02
  0.29999999E+00  0.11200000E+01  0.57108312E-02
  0.29999999E+00  0.11400000E+01  0.58756640E-02
  0.29999999E+00  0.11600000E+01  0.60505066E-02
  0.29999999E+00  0.11800000E+01  0.62340978E-02
  0.29999999E+00  0.12000000E+01  0.64228575E-02
  0.29999999E+00  0.12200000E+01  0.66094614E-02
  0.29999999E+00  0.12400000E+01  0.67804321E-02
  0.29999999E+00  0.12600000E+01  0.69116882E-02
  0.29999999E+00  0.12800000E+01  0.69590639E-02
  0.29999999E+00  0.13000000E+01  0.68326645E-02
  0.29999999E+00  0.13200000E+01  0.62825580E-02
  0.29999999E+00  0.13400000E+01  0.47307693E-02
  0.29999999E+00  0.13600000E+01  0.48278122E-02
  0.29999999E+00  0.13800000E+01  0.49297378E-02
  0.29999999E+00  0.14000000E+01  0.50374523E-02
  0.29999999E+00  0.14200000E+01  0.51518482E-02
  0.29999999E+00  0.14400000E+01  0.52737768E-02
  0.29999999E+00  0.14600000E+01  0.54040160E-02
  0.29999999E+00  0.14800000E+01  0.55432336E-02
  0.29999999E+00  0.15000000E+01  0.56919444E-02
  0.29999999E+00  0.15200000E+01  0.58504625E-02
  0.29999999E+00  0.15400000E+01  0.60188473E-02
  0.29999999E+00  0.15600000E+01  0.61968444E-02
  0.29999999E+00  0.15800000E+01  0.63838207E-02
  0.29999999E+00  0.16000000E+01  0.65786956E-02
  0.29999999E+00  0.16200000E+01  0.67798684E-02
  0.29999999E+00  0.16400000E+01  0.69851437E-02
  0.29999999E+00  0.16600000E+01  0.71916581E-02
  0.29999999E+00  0.16800000E+01  0.73958113E-02
  0.29999999E+00  0.17000000E+01  0.75932074E-02
  0.29999999E+00  0.17200000E+01  0.77786131E-02
  0.29999999E+00  0.17400000E+01  0.79459439E-02
  0.29999999E+00  0.17600000E+01  0.80882923E-02
  0.29999999E+00  0.17800000E+01  0.81980187E-02
  0.29999999E+00  0.18000000E+01  0.82669338E-02
  0.29999999E+00  0.18200000E+01  0.82866122E-02
  0.29999999E+00  0.18400000E+01  0.82488941E-02
  0.29999999E+00  0.18600000E+01  0.81466458E-02
  0.29999999E+00  0.18800000E+01  0.79748237E-02
  0.29999999E+00  0.19000000E+01  0.77315361E-02
  0.29999999E+00  0.19200000E+01  0.74150830E-02
  0.29999999E+00  0.19400000E+01  0.69149744E-02
  0.29999999E+00  0.19600000E+01  0.70258838E-02
  0.29999999E+00  0.19800000E+01  0.71385879E-02
  0.29999999E+00  0.20000000E+01  0.72535632E-02
  0.31999999E+00  0.00000000E+00  0.38578545E-04
  0.31999999E+00  0.20000000E-01  0.12552814E-03
  0.31999999E+00  0.39999999E-01  0.19501957E-03
  0.31999999E+00  0.59999999E-01  0.24384006E-03
  0.31999999E+00  0.79999998E-01  0.27367351E-03
  0.31999999E+00  0.99999998E-01  0.29732560E-03
  0.31999999E+00  0.12000000E+00  0.36301971E-03
  0.31999999E+00  0.14000000E+00  0.43623848E-03
  0.31999999E+00  0.16000000E+00  0.51205316E-03
  0.31999999E+00  0.18000000E+00  0.58986336E-03
  0.31999999E+00  0.20000000E+00  0.66908664E-03
  0.31999999E+00  0.22000000E+00  0.74916447E-03
  0.31999999E+00  0.23999999E+00  0.82957022E-03
  0.31999999E+00  0.25999999E+00  0.90981874E-03
  0.31999999E+00  0.27999999E+00  0.98947757E-03
  0.31999999E+00  0.29999999E+00  0.10681798E-02
  0.31999999E+00  0.31999999E+00  0.11456382E-02
  0.31999999E+00  0.33999999E+00  0.12216603E-02
  0.31999999E+00  0.35999999E+00  0.12961649E-02
  0.31999999E+00  0.37999999E+00  0.13691982E-02
  0.31999999E+00  0.39999999E+00  0.14409502E-02
  0.31999999E+00  0.41999999E+00  0.15117708E-02
  0.31999999E+00  0.43999999E+00  0.15821830E-02
  0.31999999E+00  0.45999999E+00  0.16528937E-02
  0.31999999E+00  0.47999999E+00  0.17247994E-02
  0.31999999E+00  0.49999999E+00  0.17989844E-02
  0.31999999E+00  0.51999999E+00  0.18767073E-02
  0.31999999E+00  0.53999999E+00  0.19593715E-02
  0.31999999E+00  0.55999999E+00  0.20484698E-02
  0.31999999E+00  0.57999999E+00  0.21454913E-02
  0.31999999E+00  0.59999999E+00  0.22517654E-02
  0.31999999E+00  0.61999999E+00  0.23681994E-02
  0.31999999E+00  0.63999999E+00  0.24948100E-02
  0.31999999E+00  0.65999999E+00  0.26297851E-02
  0.31999999E+00  0.67999998E+00  0.27670821E-02
  0.31999999E+00  0.69999998E+00  0.28847589E-02
  0.31999999E+00  0.71999998E+00  0.29777415E-02
  0.31999999E+00  0.73999998E+00  0.31278626E-02
  0.31999999E+00  0.75999998E+00  0.32773054E-02
  0.31999999E+00  0.77999998E+00  0.34255279E-02
  0.31999999E+00  0.79999998E+00  0.35720386E-02
  0.31999999E+00  0.81999998E+00  0.37164150E-02
  0.31999999E+00  0.83999998E+00  0.38583243E-02
  0.31999999E+00  0.85999998E+00  0.39975440E-02
  0.31999999E+00  0.87999998E+00  0.41339841E-02
  0.31999999E+00  0.89999998E+00  0.42677077E-02
  0.31999999E+00  0.91999998E+00  0.43989520E-02
  0.31999999E+00  0.93999998E+00  0.45281457E-02
  0.31999999E+00  0.95999998E+00  0.46559229E-02
  0.31999999E+00  0.97999998E+00  0.47831307E-02
  0.31999999E+00  0.99999998E+00  0.49108267E-02
  0.31999999E+00  0.10200000E+01  0.50402635E-02
  0.31999999E+00  0.10400000E+01  0.51728531E-02
  0.31999999E+00  0.10600000E+01  0.53101047E-02
  0.31999999E+00  0.10800000E+01  0.54535221E-02
  0.31999999E+00  0.11000000E+01  0.56044481E-02
  0.31999999E+00  0.11200000E+01  0.57638267E-02
  0.31999999E+00  0.11400000E+01  0.59318495E-02
  0.31999999E+00  0.11600000E+01  0.61074204E-02
  0.31999999E+00  0.11800000E+01  0.62873331E-02
  0.31999999E+00  0.12000000E+01  0.64649589E-02
  0.31999999E+00  0.12200000E+01  0.66280288E-02
  0.31999999E+00  0.12400000E+01  0.67545358E-02
  0.31999999E+00  0.12600000E+01  0.68040101E-02
  0.31999999E+00  0.12800000E+01  0.66939309E-02
  0.31999999E+00  0.13000000E+01  0.61946400E-02
  0.31999999E+00  0.13200000E+01  0.47745865E-02
  0.31999999E+00  0.13400000E+01  0.48691529E-02
  0.31999999E+00  0.13600000E+01  0.49688114E-02
  0.31999999E+00  0.13800000E+01  0.50745786E-02
  0.31999999E+00  0.14000000E+01  0.51874596E-02
  0.31999999E+00  0.14200000E+01  0.53084181E-02
  0.31999999E+00  0.14400000E+01  0.54383408E-02
  0.31999999E+00  0.14600000E+01  0.55779959E-02
  0.31999999E+00  0.14800000E+01  0.57279857E-02
  0.31999999E+00  0.15000000E+01  0.58886933E-02
  0.31999999E+00  0.15200000E+01  0.60602225E-02
  0.31999999E+00  0.15400000E+01  0.62423311E-02
  0.31999999E+00  0.15600000E+01  0.64343590E-02
  0.31999999E+00  0.15800000E+01  0.66351506E-02
  0.31999999E+00  0.16000000E+01  0.68429733E-02
  0.31999999E+00  0.16200000E+01  0.70554342E-02
  0.31999999E+00  0.16400000E+01  0.72693971E-02
  0.31999999E+00  0.16600000E+01  0.74809050E-02
  0.31999999E+00  0.16800000E+01  0.76851129E-02
  0.31999999E+00  0.17000000E+01  0.78762398E-02
  0.31999999E+00  0.17200000E+01  0.80475509E-02
  0.31999999E+00  0.17400000E+01  0.81913861E-02
  0.31999999E+00  0.17600000E+01  0.82992566E-02
  0.31999999E+00  0.17800000E+01  0.83620417E-02
  0.31999999E+00  0.18000000E+01  0.83703290E-02
  0.31999999E+00  0.18200000E+01  0.83149570E-02
  0.31999999E+00  0.18400000E+01  0.81878347E-02
  0.31999999E+00  0.18600000E+01  0.79830717E-02
  0.31999999E+00  0.18800000E+01  0.76980232E-02
  0.31999999E+00  0.19000000E+01  0.73294949E-02
  0.31999999E+00  0.19200000E+01  0.67467110E-02
  0.31999999E+00  0.19400000E+01  0.68577934E-02
  0.31999999E+00  0.19600000E+01  0.69704371E-02
  0.31999999E+00  0.19800000E+01  0.70850315E-02
  0.31999999E+00  0.20000000E+01  0.72019714E-02
  0.33999999E+00  0.00000000E+00  0.48689793E-04
  0.33999999E+00  0.20000000E-01  0.12897987E-03
  0.33999999E+00  0.39999999E-01  0.18975242E-03
  0.33999999E+00  0.59999999E-01  0.23078927E-03
  0.33999999E+00  0.79999998E-01  0.26032380E-03
  0.33999999E+00  0.99999998E-01  0.32676587E-03
  0.33999999E+00  0.12000000E+00  0.40220083E-03
  0.33999999E+00  0.14000000E+00  0.48033354E-03
  0.33999999E+00  0.16000000E+00  0.56040969E-03
  0.33999999E+00  0.18000000E+00  0.64169538E-03
  0.33999999E+00  0.20000000E+00  0.72348582E-03
  0.33999999E+00  0.22000000E+00  0.80511635E-03
  0.33999999E+00  0.23999999E+00  0.88597552E-03
  0.33999999E+00  0.25999999E+00  0.96552016E-03
  0.33999999E+00  0.27999999E+00  0.10432924E-02
  0.33999999E+00  0.29999999E+00  0.11189384E-02
  0.33999999E+00  0.31999999E+00  0.11922279E-02
  0.33999999E+00  0.33999999E+00  0.12630759E-02
  0.33999999E+00  0.35999999E+00  0.13315632E-02
  0.33999999E+00  0.37999999E+00  0.13979575E-02
  0.33999999E+00  0.39999999E+00  0.14627330E-02
  0.33999999E+00  0.41999999E+00  0.15265869E-02
  0.33999999E+00  0.43999999E+00  0.15904519E-02
  0.33999999E+00  0.45999999E+00  0.16555001E-02
  0.33999999E+00  0.47999999E+00  0.17231378E-02
  0.33999999E+00  0.49999999E+00  0.17949828E-02
  0.33999999E+00  0.51999999E+00  0.18728189E-02
  0.33999999E+00  0.53999999E+00  0.19585142E-02
  0.33999999E+00  0.55999999E+00  0.20538850E-02
  0.33999999E+00  0.57999999E+00  0.21604711E-02
  0.33999999E+00  0.59999999E+00  0.22791581E-02
  0.33999999E+00  0.61999999E+00  0.24095028E-02
  0.33999999E+00  0.63999999E+00  0.25483710E-02
  0.33999999E+00  0.65999999E+00  0.26864163E-02
  0.33999999E+00  0.67999998E+00  0.27907432E-02
  0.33999999E+00  0.69999998E+00  0.28538715E-02
  0.33999999E+00  0.71999998E+00  0.30020130E-02
  0.33999999E+00  0.73999998E+00  0.31500291E-02
  0.33999999E+00  0.75999998E+00  0.32973909E-02
  0.33999999E+00  0.77999998E+00  0.34436081E-02
  0.33999999E+00  0.79999998E+00  0.35882461E-02
  0.33999999E+00  0.81999998E+00  0.37309448E-02
  0.33999999E+00  0.83999998E+00  0.38714386E-02
  0.33999999E+00  0.85999998E+00  0.40095762E-02
  0.33999999E+00  0.87999998E+00  0.41453413E-02
  0.33999999E+00  0.89999998E+00  0.42788719E-02
  0.33999999E+00  0.91999998E+00  0.44104776E-02
  0.33999999E+00  0.93999998E+00  0.45406534E-02
  0.33999999E+00  0.95999998E+00  0.46700883E-02
  0.33999999E+00  0.97999998E+00  0.47996643E-02
  0.33999999E+00  0.99999998E+00  0.49304443E-02
  0.33999999E+00  0.10200000E+01  0.50636414E-02
  0.33999999E+00  0.10400000E+01  0.52005639E-02
  0.33999999E+00  0.10600000E+01  0.53425243E-02
  0.33999999E+00  0.10800000E+01  0.54906994E-02
  0.33999999E+00  0.11000000E+01  0.56459162E-02
  0.33999999E+00  0.11200000E+01  0.58083316E-02
  0.33999999E+00  0.11400000E+01  0.59769482E-02
  0.33999999E+00  0.11600000E+01  0.61488682E-02
  0.33999999E+00  0.11800000E+01  0.63181022E-02
  0.33999999E+00  0.12000000E+01  0.64735566E-02
  0.33999999E+00  0.12200000E+01  0.65953127E-02
  0.33999999E+00  0.12400000E+01  0.66467058E-02
  0.33999999E+00  0.12600000E+01  0.65529080E-02
  0.33999999E+00  0.12800000E+01  0.61055070E-02
  0.33999999E+00  0.13000000E+01  0.48220251E-02
  0.33999999E+00  0.13200000E+01  0.49143607E-02
  0.33999999E+00  0.13400000E+01  0.50118043E-02
  0.33999999E+00  0.13600000E+01  0.51154631E-02
  0.33999999E+00  0.13800000E+01  0.52264377E-02
  0.33999999E+00  0.14000000E+01  0.53457894E-02
  0.33999999E+00  0.14200000E+01  0.54745021E-02
  0.33999999E+00  0.14400000E+01  0.56134371E-02
  0.33999999E+00  0.14600000E+01  0.57632823E-02
  0.33999999E+00  0.14800000E+01  0.59244934E-02
  0.33999999E+00  0.15000000E+01  0.60972290E-02
  0.33999999E+00  0.15200000E+01  0.62812780E-02
  0.33999999E+00  0.15400000E+01  0.64759807E-02
  0.33999999E+00  0.15600000E+01  0.66801445E-02
  0.33999999E+00  0.15800000E+01  0.68919542E-02
  0.33999999E+00  0.16000000E+01  0.71088811E-02
  0.33999999E+00  0.16200000E+01  0.73275917E-02
  0.33999999E+00  0.16400000E+01  0.75438621E-02
  0.33999999E+00  0.16600000E+01  0.77525040E-02
  0.33999999E+00  0.16800000E+01  0.79473105E-02
  0.33999999E+00  0.17000000E+01  0.81210347E-02
  0.33999999E+00  0.17200000E+01  0.82654179E-02
  0.33999999E+00  0.17400000E+01  0.83712918E-02
  0.33999999E+00  0.17600000E+01  0.84287872E-02
  0.33999999E+00  0.17800000E+01  0.84276978E-02
  0.33999999E+00  0.18000000E+01  0.83580612E-02
  0.33999999E+00  0.18200000E+01  0.82110344E-02
  0.33999999E+00  0.18400000E+01  0.79800942E-02
  0.33999999E+00  0.18600000E+01  0.76621119E-02
  0.33999999E+00  0.18800000E+01  0.72530205E-02
  0.33999999E+00  0.19000000E+01  0.66075843E-02
  0.33999999E+00  0.19200000E+01  0.67207792E-02
  0.33999999E+00  0.19400000E+01  0.68354180E-02
  0.33999999E+00  0.19600000E+01  0.69517834E-02
  0.33999999E+00  0.19800000E+01  0.70701609E-02
  0.33999999E+00  0.20000000E+01  0.71908349E-02
  0.35999999E+00  0.00000000E+00  0.61123399E-04
  0.35999999E+00  0.20000000E-01  0.13264933E-03
  0.35999999E+00  0.39999999E-01  0.18395791E-03
  0.35999999E+00  0.59999999E-01  0.21758810E-03
  0.35999999E+00  0.79999998E-01  0.28386384E-03
  0.35999999E+00  0.99999998E-01  0.36157163E-03
  0.35999999E+00  0.12000000E+00  0.44229367E-03
  0.35999999E+00  0.14000000E+00  0.52511669E-03
  0.35999999E+00  0.16000000E+00  0.60914765E-03
  0.35999999E+00  0.18000000E+00  0.69352501E-03
  0.35999999E+00  0.20000000E+00  0.77743258E-03
  0.35999999E+00  0.22000000E+00  0.86011595E-03
  0.35999999E+00  0.23999999E+00  0.94090140E-03
  0.35999999E+00  0.25999999E+00  0.10192170E-02
  0.35999999E+00  0.27999999E+00  0.10946158E-02
  0.35999999E+00  0.29999999E+00  0.11668005E-02
  0.35999999E+00  0.31999999E+00  0.12356493E-02
  0.35999999E+00  0.33999999E+00  0.13012424E-02
  0.35999999E+00  0.35999999E+00  0.13638871E-02
  0.35999999E+00  0.37999999E+00  0.14241423E-02
  0.35999999E+00  0.39999999E+00  0.14828380E-02
  0.35999999E+00  0.41999999E+00  0.15410898E-02
  0.35999999E+00  0.43999999E+00  0.16003034E-02
  0.35999999E+00  0.45999999E+00  0.16621651E-02
  0.35999999E+00  0.47999999E+00  0.17286119E-02
  0.35999999E+00  0.49999999E+00  0.18017707E-02
  0.35999999E+00  0.51999999E+00  0.18838509E-02
  0.35999999E+00  0.53999999E+00  0.19769668E-02
  0.35999999E+00  0.55999999E+00  0.20828446E-02
  0.35999999E+00  0.57999999E+00  0.22023289E-02
  0.35999999E+00  0.59999999E+00  0.23344982E-02
  0.35999999E+00  0.61999999E+00  0.24748693E-02
  0.35999999E+00  0.63999999E+00  0.26107099E-02
  0.35999999E+00  0.65999999E+00  0.26977015E-02
  0.35999999E+00  0.67999998E+00  0.27271308E-02
  0.35999999E+00  0.69999998E+00  0.28722347E-02
  0.35999999E+00  0.71999998E+00  0.30177739E-02
  0.35999999E+00  0.73999998E+00  0.31632530E-02
  0.35999999E+00  0.75999998E+00  0.33082040E-02
  0.35999999E+00  0.77999998E+00  0.34522020E-02
  0.35999999E+00  0.79999998E+00  0.35948817E-02
  0.35999999E+00  0.81999998E+00  0.37359553E-02
  0.35999999E+00  0.83999998E+00  0.38752309E-02
  0.35999999E+00  0.85999998E+00  0.40126312E-02
  0.35999999E+00  0.87999998E+00  0.41482111E-02
  0.35999999E+00  0.89999998E+00  0.42821740E-02
  0.35999999E+00  0.91999998E+00  0.44148846E-02
  0.35999999E+00  0.93999998E+00  0.45468774E-02
  0.35999999E+00  0.95999998E+00  0.46788569E-02
  0.35999999E+00  0.97999998E+00  0.48116871E-02
  0.35999999E+00  0.99999998E+00  0.49463653E-02
  0.35999999E+00  0.10200000E+01  0.50839736E-02
  0.35999999E+00  0.10400000E+01  0.52255987E-02
  0.35999999E+00  0.10600000E+01  0.53722068E-02
  0.35999999E+00  0.10800000E+01  0.55244540E-02
  0.35999999E+00  0.11000000E+01  0.56823994E-02
  0.35999999E+00  0.11200000E+01  0.58450734E-02
  0.35999999E+00  0.11400000E+01  0.60098102E-02
  0.35999999E+00  0.11600000E+01  0.61711839E-02
  0.35999999E+00  0.11800000E+01  0.63192075E-02
  0.35999999E+00  0.12000000E+01  0.64360039E-02
  0.35999999E+00  0.12200000E+01  0.64887142E-02
  0.35999999E+00  0.12400000E+01  0.64103039E-02
  0.35999999E+00  0.12600000E+01  0.60139676E-02
  0.35999999E+00  0.12800000E+01  0.48675796E-02
  0.35999999E+00  0.13000000E+01  0.49579915E-02
  0.35999999E+00  0.13200000E+01  0.50533590E-02
  0.35999999E+00  0.13400000E+01  0.51548593E-02
  0.35999999E+00  0.13600000E+01  0.52636690E-02
  0.35999999E+00  0.13800000E+01  0.53809304E-02
  0.35999999E+00  0.14000000E+01  0.55077106E-02
  0.35999999E+00  0.14200000E+01  0.56449541E-02
  0.35999999E+00  0.14400000E+01  0.57934287E-02
  0.35999999E+00  0.14600000E+01  0.59536634E-02
  0.35999999E+00  0.14800000E+01  0.61258785E-02
  0.35999999E+00  0.15000000E+01  0.63099088E-02
  0.35999999E+00  0.15200000E+01  0.65051192E-02
  0.35999999E+00  0.15400000E+01  0.67103140E-02
  0.35999999E+00  0.15600000E+01  0.69236416E-02
  0.35999999E+00  0.15800000E+01  0.71424958E-02
  0.35999999E+00  0.16000000E+01  0.73634189E-02
  0.35999999E+00  0.16200000E+01  0.75820084E-02
  0.35999999E+00  0.16400000E+01  0.77928373E-02
  0.35999999E+00  0.16600000E+01  0.79893946E-02
  0.35999999E+00  0.16800000E+01  0.81640611E-02
  0.35999999E+00  0.17000000E+01  0.83081368E-02
  0.35999999E+00  0.17200000E+01  0.84119481E-02
  0.35999999E+00  0.17400000E+01  0.84650674E-02
  0.35999999E+00  0.17600000E+01  0.84566975E-02
  0.35999999E+00  0.17800000E+01  0.83762878E-02
  0.35999999E+00  0.18000000E+01  0.82144643E-02
  0.35999999E+00  0.18200000E+01  0.79643076E-02
  0.35999999E+00  0.18400000E+01  0.76225077E-02
  0.35999999E+00  0.18600000E+01  0.71848257E-02
  0.35999999E+00  0.18800000E+01  0.64979780E-02
  0.35999999E+00  0.19000000E+01  0.66148757E-02
  0.35999999E+00  0.19200000E+01  0.67332161E-02
  0.35999999E+00  0.19400000E+01  0.68531606E-02
  0.35999999E+00  0.19600000E+01  0.69748675E-02
  0.35999999E+00  0.19800000E+01  0.70984906E-02
  0.35999999E+00  0.20000000E+01  0.72241790E-02
  0.37999999E+00  0.00000000E+00  0.74745618E-04
  0.37999999E+00  0.20000000E-01  0.13451318E-03
  0.37999999E+00  0.39999999E-01  0.16932478E-03
  0.37999999E+00  0.59999999E-01  0.23396682E-03
  0.37999999E+00  0.79999998E-01  0.31369170E-03
  0.37999999E+00  0.99999998E-01  0.39696800E-03
  0.37999999E+00  0.12000000E+00  0.48272194E-03
  0.37999999E+00  0.14000000E+00  0.56989723E-03
  0.37999999E+00  0.16000000E+00  0.65746861E-03
  0.37999999E+00  0.18000000E+00  0.74445836E-03
  0.37999999E+00  0.20000000E+00  0.82995590E-03
  0.37999999E+00  0.22000000E+00  0.91314032E-03
  0.37999999E+00  0.23999999E+00  0.99330545E-03
  0.37999999E+00  0.25999999E+00  0.10698876E-02
  0.37999999E+00  0.27999999E+00  0.11424948E-02
  0.37999999E+00  0.29999999E+00  0.12109380E-02
  0.37999999E+00  0.31999999E+00  0.12752623E-02
  0.37999999E+00  0.33999999E+00  0.13357777E-02
  0.37999999E+00  0.35999999E+00  0.13930874E-02
  0.37999999E+00  0.37999999E+00  0.14481121E-02
  0.37999999E+00  0.39999999E+00  0.15021067E-02
  0.37999999E+00  0.41999999E+00  0.15566657E-02
  0.37999999E+00  0.43999999E+00  0.16137115E-02
  0.37999999E+00  0.45999999E+00  0.16754572E-02
  0.37999999E+00  0.47999999E+00  0.17443326E-02
  0.37999999E+00  0.49999999E+00  0.18228527E-02
  0.37999999E+00  0.51999999E+00  0.19134004E-02
  0.37999999E+00  0.53999999E+00  0.20178669E-02
  0.37999999E+00  0.55999999E+00  0.21370450E-02
  0.37999999E+00  0.57999999E+00  0.22695371E-02
  0.37999999E+00  0.59999999E+00  0.24095261E-02
  0.37999999E+00  0.61999999E+00  0.25409129E-02
  0.37999999E+00  0.63999999E+00  0.26078572E-02
  0.37999999E+00  0.65999999E+00  0.26012909E-02
  0.37999999E+00  0.67999998E+00  0.27424377E-02
  0.37999999E+00  0.69999998E+00  0.28845621E-02
  0.37999999E+00  0.71999998E+00  0.30272210E-02
  0.37999999E+00  0.73999998E+00  0.31699886E-02
  0.37999999E+00  0.75999998E+00  0.33124705E-02
  0.37999999E+00  0.77999998E+00  0.34543175E-02
  0.37999999E+00  0.79999998E+00  0.35952415E-02
  0.37999999E+00  0.81999998E+00  0.37350312E-02
  0.37999999E+00  0.83999998E+00  0.38735680E-02
  0.37999999E+00  0.85999998E+00  0.40108424E-02
  0.37999999E+00  0.87999998E+00  0.41469670E-02
  0.37999999E+00  0.89999998E+00  0.42821889E-02
  0.37999999E+00  0.91999998E+00  0.44168961E-02
  0.37999999E+00  0.93999998E+00  0.45516180E-02
  0.37999999E+00  0.95999998E+00  0.46870161E-02
  0.37999999E+00  0.97999998E+00  0.48238609E-02
  0.37999999E+00  0.99999998E+00  0.49629888E-02
  0.37999999E+00  0.10200000E+01  0.51052315E-02
  0.37999999E+00  0.10400000E+01  0.52513060E-02
  0.37999999E+00  0.10600000E+01  0.54016468E-02
  0.37999999E+00  0.10800000E+01  0.55561542E-02
  0.37999999E+00  0.11000000E+01  0.57138140E-02
  0.37999999E+00  0.11200000E+01  0.58721104E-02
  0.37999999E+00  0.11400000E+01  0.60260904E-02
  0.37999999E+00  0.11600000E+01  0.61667788E-02
  0.37999999E+00  0.11800000E+01  0.62782461E-02
  0.37999999E+00  0.12000000E+01  0.63313517E-02
  0.37999999E+00  0.12200000E+01  0.62667779E-02
  0.37999999E+00  0.12400000E+01  0.59191866E-02
  0.37999999E+00  0.12600000E+01  0.49069531E-02
  0.37999999E+00  0.12800000E+01  0.49958064E-02
  0.37999999E+00  0.13000000E+01  0.50893225E-02
  0.37999999E+00  0.13200000E+01  0.51887268E-02
  0.37999999E+00  0.13400000E+01  0.52952519E-02
  0.37999999E+00  0.13600000E+01  0.54101023E-02
  0.37999999E+00  0.13800000E+01  0.55344122E-02
  0.37999999E+00  0.14000000E+01  0.56691969E-02
  0.37999999E+00  0.14200000E+01  0.58152957E-02
  0.37999999E+00  0.14400000E+01  0.59733074E-02
  0.37999999E+00  0.14600000E+01  0.61435175E-02
  0.37999999E+00  0.14800000E+01  0.63258173E-02
  0.37999999E+00  0.15000000E+01  0.65196156E-02
  0.37999999E+00  0.15200000E+01  0.67237434E-02
  0.37999999E+00  0.15400000E+01  0.69363534E-02
  0.37999999E+00  0.15600000E+01  0.71548163E-02
  0.37999999E+00  0.15800000E+01  0.73756178E-02
  0.37999999E+00  0.16000000E+01  0.75942609E-02
  0.37999999E+00  0.16200000E+01  0.78051804E-02
  0.37999999E+00  0.16400000E+01  0.80016796E-02
  0.37999999E+00  0.16600000E+01  0.81759036E-02
  0.37999999E+00  0.16800000E+01  0.83188670E-02
  0.37999999E+00  0.17000000E+01  0.84205644E-02
  0.37999999E+00  0.17200000E+01  0.84701998E-02
  0.37999999E+00  0.17400000E+01  0.84565901E-02
  0.37999999E+00  0.17600000E+01  0.83688126E-02
  0.37999999E+00  0.17800000E+01  0.81971876E-02
  0.37999999E+00  0.18000000E+01  0.79346412E-02
  0.37999999E+00  0.18200000E+01  0.75779915E-02
  0.37999999E+00  0.18400000E+01  0.71235361E-02
  0.37999999E+00  0.18600000E+01  0.64164077E-02
  0.37999999E+00  0.18800000E+01  0.65382276E-02
  0.37999999E+00  0.19000000E+01  0.66616014E-02
  0.37999999E+00  0.19200000E+01  0.67865606E-02
  0.37999999E+00  0.19400000E+01  0.69131235E-02
  0.37999999E+00  0.19600000E+01  0.70412968E-02
  0.37999999E+00  0.19800000E+01  0.71710789E-02
  0.37999999E+00  0.20000000E+01  0.73024653E-02
  0.39999999E+00  0.00000000E+00  0.84409060E-04
  0.39999999E+00  0.20000000E-01  0.11628551E-03
  0.39999999E+00  0.39999999E-01  0.17724373E-03
  0.39999999E+00  0.59999999E-01  0.25842100E-03
  0.39999999E+00  0.79999998E-01  0.34390792E-03
  0.39999999E+00  0.99999998E-01  0.43247210E-03
  0.39999999E+00  0.12000000E+00  0.52289345E-03
  0.39999999E+00  0.14000000E+00  0.61397961E-03
  0.39999999E+00  0.16000000E+00  0.70458497E-03
  0.39999999E+00  0.18000000E+00  0.79363317E-03
  0.39999999E+00  0.20000000E+00  0.88014292E-03
  0.39999999E+00  0.22000000E+00  0.96325707E-03
  0.39999999E+00  0.23999999E+00  0.10422745E-02
  0.39999999E+00  0.25999999E+00  0.11166841E-02
  0.39999999E+00  0.27999999E+00  0.11862013E-02
  0.39999999E+00  0.29999999E+00  0.12508039E-02
  0.39999999E+00  0.31999999E+00  0.13107683E-02
  0.39999999E+00  0.33999999E+00  0.13667034E-02
  0.39999999E+00  0.35999999E+00  0.14195785E-02
  0.39999999E+00  0.37999999E+00  0.14707436E-02
  0.39999999E+00  0.39999999E+00  0.15219364E-02
  0.39999999E+00  0.41999999E+00  0.15752694E-02
  0.39999999E+00  0.43999999E+00  0.16331872E-02
  0.39999999E+00  0.45999999E+00  0.16983802E-02
  0.39999999E+00  0.47999999E+00  0.17736318E-02
  0.39999999E+00  0.49999999E+00  0.18615635E-02
  0.39999999E+00  0.51999999E+00  0.19642125E-02
  0.39999999E+00  0.53999999E+00  0.20823159E-02
  0.39999999E+00  0.55999999E+00  0.22140190E-02
  0.39999999E+00  0.57999999E+00  0.23522218E-02
  0.39999999E+00  0.59999999E+00  0.24775648E-02
  0.39999999E+00  0.61999999E+00  0.25229129E-02
  0.39999999E+00  0.63999999E+00  0.24794564E-02
  0.39999999E+00  0.65999999E+00  0.26158856E-02
  0.39999999E+00  0.67999998E+00  0.27537937E-02
  0.39999999E+00  0.69999998E+00  0.28928060E-02
  0.39999999E+00  0.71999998E+00  0.30325571E-02
  0.39999999E+00  0.73999998E+00  0.31727025E-02
  0.39999999E+00  0.75999998E+00  0.33129297E-02
  0.39999999E+00  0.77999998E+00  0.34529711E-02
  0.39999999E+00  0.79999998E+00  0.35926173E-02
  0.39999999E+00  0.81999998E+00  0.37317295E-02
  0.39999999E+00  0.83999998E+00  0.38702532E-02
  0.39999999E+00  0.85999998E+00  0.40082286E-02
  0.39999999E+00  0.87999998E+00  0.41457999E-02
  0.39999999E+00  0.89999998E+00  0.42832204E-02
  0.39999999E+00  0.91999998E+00  0.44208514E-02
  0.39999999E+00  0.93999998E+00  0.45591534E-02
  0.39999999E+00  0.95999998E+00  0.46986642E-02
  0.39999999E+00  0.97999998E+00  0.48399610E-02
  0.39999999E+00  0.99999998E+00  0.49835977E-02
  0.39999999E+00  0.10200000E+01  0.51300084E-02
  0.39999999E+00  0.10400000E+01  0.52793613E-02
  0.39999999E+00  0.10600000E+01  0.54313405E-02
  0.39999999E+00  0.10800000E+01  0.55848161E-02
  0.39999999E+00  0.11000000E+01  0.57373381E-02
  0.39999999E+00  0.11200000E+01  0.58843272E-02
  0.39999999E+00  0.11400000E+01  0.60177066E-02
  0.39999999E+00  0.11600000E+01  0.61233640E-02
  0.39999999E+00  0.11800000E+01  0.61757230E-02
  0.39999999E+00  0.12000000E+01  0.61229644E-02
  0.39999999E+00  0.12200000E+01  0.58206809E-02
  0.39999999E+00  0.12400000E+01  0.49369868E-02
  0.39999999E+00  0.12600000E+01  0.50246966E-02
  0.39999999E+00  0.12800000E+01  0.51166649E-02
  0.39999999E+00  0.13000000E+01  0.52141437E-02
  0.39999999E+00  0.13200000E+01  0.53184003E-02
  0.39999999E+00  0.13400000E+01  0.54306815E-02
  0.39999999E+00  0.13600000E+01  0.55521711E-02
  0.39999999E+00  0.13800000E+01  0.56839398E-02
  0.39999999E+00  0.14000000E+01  0.58268875E-02
  0.39999999E+00  0.14200000E+01  0.59816761E-02
  0.39999999E+00  0.14400000E+01  0.61486555E-02
  0.39999999E+00  0.14600000E+01  0.63277798E-02
  0.39999999E+00  0.14800000E+01  0.65185164E-02
  0.39999999E+00  0.15000000E+01  0.67197470E-02
  0.39999999E+00  0.15200000E+01  0.69296638E-02
  0.39999999E+00  0.15400000E+01  0.71456621E-02
  0.39999999E+00  0.15600000E+01  0.73642332E-02
  0.39999999E+00  0.15800000E+01  0.75808625E-02
  0.39999999E+00  0.16000000E+01  0.77899408E-02
  0.39999999E+00  0.16200000E+01  0.79846978E-02
  0.39999999E+00  0.16400000E+01  0.81571736E-02
  0.39999999E+00  0.16600000E+01  0.82982469E-02
  0.39999999E+00  0.16800000E+01  0.83977487E-02
  0.39999999E+00  0.17000000E+01  0.84447003E-02
  0.39999999E+00  0.17200000E+01  0.84277326E-02
  0.39999999E+00  0.17400000E+01  0.83357626E-02
  0.39999999E+00  0.17600000E+01  0.81590255E-02
  0.39999999E+00  0.17800000E+01  0.78905274E-02
  0.39999999E+00  0.18000000E+01  0.75275072E-02
  0.39999999E+00  0.18200000E+01  0.70674601E-02
  0.39999999E+00  0.18400000E+01  0.63600298E-02
  0.39999999E+00  0.18600000E+01  0.64876198E-02
  0.39999999E+00  0.18800000E+01  0.66169796E-02
  0.39999999E+00  0.19000000E+01  0.67480075E-02
  0.39999999E+00  0.19200000E+01  0.68805754E-02
  0.39999999E+00  0.19400000E+01  0.70145327E-02
  0.39999999E+00  0.19600000E+01  0.71497128E-02
  0.39999999E+00  0.19800000E+01  0.72859430E-02
  0.39999999E+00  0.20000000E+01  0.74230565E-02
  0.41999999E+00  0.00000000E+00  0.59724810E-04
  0.41999999E+00  0.20000000E-01  0.11435136E-03
  0.41999999E+00  0.39999999E-01  0.19612030E-03
  0.41999999E+00  0.59999999E-01  0.28317329E-03
  0.41999999E+00  0.79999998E-01  0.37412453E-03
  0.41999999E+00  0.99999998E-01  0.46759302E-03
  0.41999999E+00  0.12000000E+00  0.56221959E-03
  0.41999999E+00  0.14000000E+00  0.65668805E-03
  0.41999999E+00  0.16000000E+00  0.74975029E-03
  0.41999999E+00  0.18000000E+00  0.84025526E-03
  0.41999999E+00  0.20000000E+00  0.92718159E-03
  0.41999999E+00  0.22000000E+00  0.10096736E-02
  0.41999999E+00  0.23999999E+00  0.10870799E-02
  0.41999999E+00  0.25999999E+00  0.11589947E-02
  0.41999999E+00  0.27999999E+00  0.12252990E-02
  0.41999999E+00  0.29999999E+00  0.12862023E-02
  0.41999999E+00  0.31999999E+00  0.13422812E-02
  0.41999999E+00  0.33999999E+00  0.13945128E-02
  0.41999999E+00  0.35999999E+00  0.14442985E-02
  0.41999999E+00  0.37999999E+00  0.14934737E-02
  0.41999999E+00  0.39999999E+00  0.15442942E-02
  0.41999999E+00  0.41999999E+00  0.15993900E-02
  0.41999999E+00  0.43999999E+00  0.16616685E-02
  0.41999999E+00  0.45999999E+00  0.17341431E-02
  0.41999999E+00  0.47999999E+00  0.18196434E-02
  0.41999999E+00  0.49999999E+00  0.19203349E-02
  0.41999999E+00  0.51999999E+00  0.20369014E-02
  0.41999999E+00  0.53999999E+00  0.21670620E-02
  0.41999999E+00  0.55999999E+00  0.23025162E-02
  0.41999999E+00  0.57999999E+00  0.24208232E-02
  0.41999999E+00  0.59999999E+00  0.24440569E-02
  0.41999999E+00  0.61999999E+00  0.23640517E-02
  0.41999999E+00  0.63999999E+00  0.24951745E-02
  0.41999999E+00  0.65999999E+00  0.26282171E-02
  0.41999999E+00  0.67999998E+00  0.27628870E-02
  0.41999999E+00  0.69999998E+00  0.28988951E-02
  0.41999999E+00  0.71999998E+00  0.30359641E-02
  0.41999999E+00  0.73999998E+00  0.31738369E-02
  0.41999999E+00  0.75999998E+00  0.33122868E-02
  0.41999999E+00  0.77999998E+00  0.34511266E-02
  0.41999999E+00  0.79999998E+00  0.35902186E-02
  0.41999999E+00  0.81999998E+00  0.37294835E-02
  0.41999999E+00  0.83999998E+00  0.38689085E-02
  0.41999999E+00  0.85999998E+00  0.40085524E-02
  0.41999999E+00  0.87999998E+00  0.41485484E-02
  0.41999999E+00  0.89999998E+00  0.42891005E-02
  0.41999999E+00  0.91999998E+00  0.44304736E-02
  0.41999999E+00  0.93999998E+00  0.45729730E-02
  0.41999999E+00  0.95999998E+00  0.47169084E-02
  0.41999999E+00  0.97999998E+00  0.48625391E-02
  0.41999999E+00  0.99999998E+00  0.50099895E-02
  0.41999999E+00  0.10200000E+01  0.51591226E-02
  0.41999999E+00  0.10400000E+01  0.53093539E-02
  0.41999999E+00  0.10600000E+01  0.54593712E-02
  0.41999999E+00  0.10800000E+01  0.56067059E-02
  0.41999999E+00  0.11000000E+01  0.57470500E-02
  0.41999999E+00  0.11200000E+01  0.58730998E-02
  0.41999999E+00  0.11400000E+01  0.59724051E-02
  0.41999999E+00  0.11600000E+01  0.60227479E-02
  0.41999999E+00  0.11800000E+01  0.59794817E-02
  0.41999999E+00  0.12000000E+01  0.57182886E-02
  0.41999999E+00  0.12200000E+01  0.49555463E-02
  0.41999999E+00  0.12400000E+01  0.50425669E-02
  0.41999999E+00  0.12600000E+01  0.51333594E-02
  0.41999999E+00  0.12800000E+01  0.52291807E-02
  0.41999999E+00  0.13000000E+01  0.53313112E-02
  0.41999999E+00  0.13200000E+01  0.54410197E-02
  0.41999999E+00  0.13400000E+01  0.55595204E-02
  0.41999999E+00  0.13600000E+01  0.56879225E-02
  0.41999999E+00  0.13800000E+01  0.58271725E-02
  0.41999999E+00  0.14000000E+01  0.59779859E-02
  0.41999999E+00  0.14200000E+01  0.61407724E-02
  0.41999999E+00  0.14400000E+01  0.63155508E-02
  0.41999999E+00  0.14600000E+01  0.65018562E-02
  0.41999999E+00  0.14800000E+01  0.66986395E-02
  0.41999999E+00  0.15000000E+01  0.69041614E-02
  0.41999999E+00  0.15200000E+01  0.71158828E-02
  0.41999999E+00  0.15400000E+01  0.73303546E-02
  0.41999999E+00  0.15600000E+01  0.75431144E-02
  0.41999999E+00  0.15800000E+01  0.77485946E-02
  0.41999999E+00  0.16000000E+01  0.79400547E-02
  0.41999999E+00  0.16200000E+01  0.81095519E-02
  0.41999999E+00  0.16400000E+01  0.82479695E-02
  0.41999999E+00  0.16600000E+01  0.83451343E-02
  0.41999999E+00  0.16800000E+01  0.83900611E-02
  0.41999999E+00  0.17000000E+01  0.83713859E-02
  0.41999999E+00  0.17200000E+01  0.82780669E-02
  0.41999999E+00  0.17400000E+01  0.81004629E-02
  0.41999999E+00  0.17600000E+01  0.78318764E-02
  0.41999999E+00  0.17800000E+01  0.74702283E-02
  0.41999999E+00  0.18000000E+01  0.70147826E-02
  0.41999999E+00  0.18200000E+01  0.63251063E-02
  0.41999999E+00  0.18400000E+01  0.64589571E-02
  0.41999999E+00  0.18600000E+01  0.65948880E-02
  0.41999999E+00  0.18800000E+01  0.67326658E-02
  0.41999999E+00  0.19000000E+01  0.68720147E-02
  0.41999999E+00  0.19200000E+01  0.70126227E-02
  0.41999999E+00  0.19400000E+01  0.71541507E-02
  0.41999999E+00  0.19600000E+01  0.72962464E-02
  0.41999999E+00  0.19800000E+01  0.74385612E-02
  0.41999999E+00  0.20000000E+01  0.75807721E-02
  0.43999999E+00  0.00000000E+00  0.46390092E-04
  0.43999999E+00  0.20000000E-01  0.12761533E-03
  0.43999999E+00  0.39999999E-01  0.21530516E-03
  0.43999999E+00  0.59999999E-01  0.30792884E-03
  0.43999999E+00  0.79999998E-01  0.40395071E-03
  0.43999999E+00  0.99999998E-01  0.50184860E-03
  0.43999999E+00  0.12000000E+00  0.60013673E-03
  0.43999999E+00  0.14000000E+00  0.69739307E-03
  0.43999999E+00  0.16000000E+00  0.79229114E-03
  0.43999999E+00  0.18000000E+00  0.88363596E-03
  0.43999999E+00  0.20000000E+00  0.97040384E-03
  0.43999999E+00  0.22000000E+00  0.10517855E-02
  0.43999999E+00  0.23999999E+00  0.11272318E-02
  0.43999999E+00  0.25999999E+00  0.11965005E-02
  0.43999999E+00  0.27999999E+00  0.12597030E-02
  0.43999999E+00  0.29999999E+00  0.13173487E-02
  0.43999999E+00  0.31999999E+00  0.13703831E-02
  0.43999999E+00  0.33999999E+00  0.14202168E-02
  0.43999999E+00  0.35999999E+00  0.14687373E-02
  0.43999999E+00  0.37999999E+00  0.15182974E-02
  0.43999999E+00  0.39999999E+00  0.15716658E-02
  0.43999999E+00  0.41999999E+00  0.16319227E-02
  0.43999999E+00  0.43999999E+00  0.17022715E-02
  0.43999999E+00  0.45999999E+00  0.17857193E-02
  0.43999999E+00  0.47999999E+00  0.18845434E-02
  0.43999999E+00  0.49999999E+00  0.19993795E-02
  0.43999999E+00  0.51999999E+00  0.21275633E-02
  0.43999999E+00  0.53999999E+00  0.22596984E-02
  0.43999999E+00  0.55999999E+00  0.23705029E-02
  0.43999999E+00  0.57999999E+00  0.23719924E-02
  0.43999999E+00  0.59999999E+00  0.22568413E-02
  0.43999999E+00  0.61999999E+00  0.23822460E-02
  0.43999999E+00  0.63999999E+00  0.25099358E-02
  0.43999999E+00  0.65999999E+00  0.26397113E-02
  0.43999999E+00  0.67999998E+00  0.27713725E-02
  0.43999999E+00  0.69999998E+00  0.29047244E-02
  0.43999999E+00  0.71999998E+00  0.30395827E-02
  0.43999999E+00  0.73999998E+00  0.31757796E-02
  0.43999999E+00  0.75999998E+00  0.33131699E-02
  0.43999999E+00  0.77999998E+00  0.34516372E-02
  0.43999999E+00  0.79999998E+00  0.35910982E-02
  0.43999999E+00  0.81999998E+00  0.37315070E-02
  0.43999999E+00  0.83999998E+00  0.38728562E-02
  0.43999999E+00  0.85999998E+00  0.40151757E-02
  0.43999999E+00  0.87999998E+00  0.41585261E-02
  0.43999999E+00  0.89999998E+00  0.43029868E-02
  0.43999999E+00  0.91999998E+00  0.44486343E-02
  0.43999999E+00  0.93999998E+00  0.45955090E-02
  0.43999999E+00  0.95999998E+00  0.47435650E-02
  0.43999999E+00  0.97999998E+00  0.48925962E-02
  0.43999999E+00  0.99999998E+00  0.50421285E-02
  0.43999999E+00  0.10200000E+01  0.51912631E-02
  0.43999999E+00  0.10400000E+01  0.53384435E-02
  0.43999999E+00  0.10600000E+01  0.54811025E-02
  0.43999999E+00  0.10800000E+01  0.56151008E-02
  0.43999999E+00  0.11000000E+01  0.57337765E-02
  0.43999999E+00  0.11200000E+01  0.58261702E-02
  0.43999999E+00  0.11400000E+01  0.58731809E-02
  0.43999999E+00  0.11600000E+01  0.58369301E-02
  0.43999999E+00  0.11800000E+01  0.56121230E-02
  0.43999999E+00  0.12000000E+01  0.49613864E-02
  0.43999999E+00  0.12200000E+01  0.50481986E-02
  0.43999999E+00  0.12400000E+01  0.51382417E-02
  0.43999999E+00  0.12600000E+01  0.52327567E-02
  0.43999999E+00  0.12800000E+01  0.53330160E-02
  0.43999999E+00  0.13000000E+01  0.54402893E-02
  0.43999999E+00  0.13200000E+01  0.55558011E-02
  0.43999999E+00  0.13400000E+01  0.56806812E-02
  0.43999999E+00  0.13600000E+01  0.58159061E-02
  0.43999999E+00  0.13800000E+01  0.59622330E-02
  0.43999999E+00  0.14000000E+01  0.61201229E-02
  0.43999999E+00  0.14200000E+01  0.62896568E-02
  0.43999999E+00  0.14400000E+01  0.64704419E-02
  0.43999999E+00  0.14600000E+01  0.66615109E-02
  0.43999999E+00  0.14800000E+01  0.68612154E-02
  0.43999999E+00  0.15000000E+01  0.70671150E-02
  0.43999999E+00  0.15200000E+01  0.72758668E-02
  0.43999999E+00  0.15400000E+01  0.74831210E-02
  0.43999999E+00  0.15600000E+01  0.76834280E-02
  0.43999999E+00  0.15800000E+01  0.78701706E-02
  0.43999999E+00  0.16000000E+01  0.80355341E-02
  0.43999999E+00  0.16200000E+01  0.81705362E-02
  0.43999999E+00  0.16400000E+01  0.82651469E-02
  0.43999999E+00  0.16600000E+01  0.83085388E-02
  0.43999999E+00  0.16800000E+01  0.82895308E-02
  0.43999999E+00  0.17000000E+01  0.81973096E-02
  0.43999999E+00  0.17200000E+01  0.80225485E-02
  0.43999999E+00  0.17400000E+01  0.77590393E-02
  0.43999999E+00  0.17600000E+01  0.74056016E-02
  0.43999999E+00  0.17800000E+01  0.69637227E-02
  0.43999999E+00  0.18000000E+01  0.63074072E-02
  0.43999999E+00  0.18200000E+01  0.64476786E-02
  0.43999999E+00  0.18400000E+01  0.65904223E-02
  0.43999999E+00  0.18600000E+01  0.67352792E-02
  0.43999999E+00  0.18800000E+01  0.68818297E-02
  0.43999999E+00  0.19000000E+01  0.70296018E-02
  0.43999999E+00  0.19200000E+01  0.71780828E-02
  0.43999999E+00  0.19400000E+01  0.73267357E-02
  0.43999999E+00  0.19600000E+01  0.74750215E-02
  0.43999999E+00  0.19800000E+01  0.76224262E-02
  0.43999999E+00  0.20000000E+01  0.77684944E-02
  0.45999999E+00  0.00000000E+00  0.54147423E-04
  0.45999999E+00  0.20000000E-01  0.14128414E-03
  0.45999999E+00  0.39999999E-01  0.23459309E-03
  0.45999999E+00  0.59999999E-01  0.33239354E-03
  0.45999999E+00  0.79999998E-01  0.43300757E-03
  0.45999999E+00  0.99999998E-01  0.53478440E-03
  0.45999999E+00  0.12000000E+00  0.63612966E-03
  0.45999999E+00  0.14000000E+00  0.73553965E-03
  0.45999999E+00  0.16000000E+00  0.83164022E-03
  0.45999999E+00  0.18000000E+00  0.92323017E-03
  0.45999999E+00  0.20000000E+00  0.10093284E-02
  0.45999999E+00  0.22000000E+00  0.10892240E-02
  0.45999999E+00  0.23999999E+00  0.11625284E-02
  0.45999999E+00  0.25999999E+00  0.12292273E-02
  0.45999999E+00  0.27999999E+00  0.12897303E-02
  0.45999999E+00  0.29999999E+00  0.13449147E-02
  0.45999999E+00  0.31999999E+00  0.13961592E-02
  0.45999999E+00  0.33999999E+00  0.14453599E-02
  0.45999999E+00  0.35999999E+00  0.14949205E-02
  0.45999999E+00  0.37999999E+00  0.15477021E-02
  0.45999999E+00  0.39999999E+00  0.16069125E-02
  0.45999999E+00  0.41999999E+00  0.16759053E-02
  0.45999999E+00  0.43999999E+00  0.17578333E-02
  0.45999999E+00  0.45999999E+00  0.18550693E-02
  0.45999999E+00  0.47999999E+00  0.19682096E-02
  0.45999999E+00  0.49999999E+00  0.20942554E-02
  0.45999999E+00  0.51999999E+00  0.22228383E-02
  0.45999999E+00  0.53999999E+00  0.23261219E-02
  0.45999999E+00  0.55999999E+00  0.23069806E-02
  0.45999999E+00  0.57999999E+00  0.21589721E-02
  0.45999999E+00  0.59999999E+00  0.22784243E-02
  0.45999999E+00  0.61999999E+00  0.24004393E-02
  0.45999999E+00  0.63999999E+00  0.25249190E-02
  0.45999999E+00  0.65999999E+00  0.26517630E-02
  0.45999999E+00  0.67999998E+00  0.27808711E-02
  0.45999999E+00  0.69999998E+00  0.29121459E-02
  0.45999999E+00  0.71999998E+00  0.30454952E-02
  0.45999999E+00  0.73999998E+00  0.31808342E-02
  0.45999999E+00  0.75999998E+00  0.33180866E-02
  0.45999999E+00  0.77999998E+00  0.34571855E-02
  0.45999999E+00  0.79999998E+00  0.35980723E-02
  0.45999999E+00  0.81999998E+00  0.37406932E-02
  0.45999999E+00  0.83999998E+00  0.38849934E-02
  0.45999999E+00  0.85999998E+00  0.40309068E-02
  0.45999999E+00  0.87999998E+00  0.41783401E-02
  0.45999999E+00  0.89999998E+00  0.43271503E-02
  0.45999999E+00  0.91999998E+00  0.44771109E-02
  0.45999999E+00  0.93999998E+00  0.46278663E-02
  0.45999999E+00  0.95999998E+00  0.47788661E-02
  0.45999999E+00  0.97999998E+00  0.49292740E-02
  0.45999999E+00  0.99999998E+00  0.50778382E-02
  0.45999999E+00  0.10200000E+01  0.52227034E-02
  0.45999999E+00  0.10400000E+01  0.53611290E-02
  0.45999999E+00  0.10600000E+01  0.54890449E-02
  0.45999999E+00  0.10800000E+01  0.56002990E-02
  0.45999999E+00  0.11000000E+01  0.56852427E-02
  0.45999999E+00  0.11200000E+01  0.57276279E-02
  0.45999999E+00  0.11400000E+01  0.56958847E-02
  0.45999999E+00  0.11600000E+01  0.55025211E-02
  0.45999999E+00  0.11800000E+01  0.49540080E-02
  0.45999999E+00  0.12000000E+01  0.50411049E-02
  0.45999999E+00  0.12200000E+01  0.51308640E-02
  0.45999999E+00  0.12400000E+01  0.52244905E-02
  0.45999999E+00  0.12600000E+01  0.53232282E-02
  0.45999999E+00  0.12800000E+01  0.54283271E-02
  0.45999999E+00  0.13000000E+01  0.55410015E-02
  0.45999999E+00  0.13200000E+01  0.56623820E-02
  0.45999999E+00  0.13400000E+01  0.57934584E-02
  0.45999999E+00  0.13600000E+01  0.59350137E-02
  0.45999999E+00  0.13800000E+01  0.60875494E-02
  0.45999999E+00  0.14000000E+01  0.62512021E-02
  0.45999999E+00  0.14200000E+01  0.64256506E-02
  0.45999999E+00  0.14400000E+01  0.66100164E-02
  0.45999999E+00  0.14600000E+01  0.68027573E-02
  0.45999999E+00  0.14800000E+01  0.70015579E-02
  0.45999999E+00  0.15000000E+01  0.72032194E-02
  0.45999999E+00  0.15200000E+01  0.74035556E-02
  0.45999999E+00  0.15400000E+01  0.75973010E-02
  0.45999999E+00  0.15600000E+01  0.77780440E-02
  0.45999999E+00  0.15800000E+01  0.79381974E-02
  0.45999999E+00  0.16000000E+01  0.80690303E-02
  0.45999999E+00  0.16200000E+01  0.81607898E-02
  0.45999999E+00  0.16400000E+01  0.82029561E-02
  0.45999999E+00  0.16600000E+01  0.81846933E-02
  0.45999999E+00  0.16800000E+01  0.80955866E-02
  0.45999999E+00  0.17000000E+01  0.79267938E-02
  0.45999999E+00  0.17200000E+01  0.76727598E-02
  0.45999999E+00  0.17400000E+01  0.73333693E-02
  0.45999999E+00  0.17600000E+01  0.69126536E-02
  0.45999999E+00  0.17800000E+01  0.63025441E-02
  0.45999999E+00  0.18000000E+01  0.64490998E-02
  0.45999999E+00  0.18200000E+01  0.65985872E-02
  0.45999999E+00  0.18400000E+01  0.67505306E-02
  0.45999999E+00  0.18600000E+01  0.69043752E-02
  0.45999999E+00  0.18800000E+01  0.70594952E-02
  0.45999999E+00  0.19000000E+01  0.72152082E-02
  0.45999999E+00  0.19200000E+01  0.73707946E-02
  0.45999999E+00  0.19400000E+01  0.75255228E-02
  0.45999999E+00  0.19600000E+01  0.76786822E-02
  0.45999999E+00  0.19800000E+01  0.78296223E-02
  0.45999999E+00  0.20000000E+01  0.79778002E-02
  0.47999999E+00  0.00000000E+00  0.62477527E-04
  0.47999999E+00  0.20000000E-01  0.15523802E-03
  0.47999999E+00  0.39999999E-01  0.25378221E-03
  0.47999999E+00  0.59999999E-01  0.35628707E-03
  0.47999999E+00  0.79999998E-01  0.46094496E-03
  0.47999999E+00  0.99999998E-01  0.56599445E-03
  0.47999999E+00  0.12000000E+00  0.66975663E-03
  0.47999999E+00  0.14000000E+00  0.77067661E-03
  0.47999999E+00  0.16000000E+00  0.86737005E-03
  0.47999999E+00  0.18000000E+00  0.95867406E-03
  0.47999999E+00  0.20000000E+00  0.10437016E-02
  0.47999999E+00  0.22000000E+00  0.11218985E-02
  0.47999999E+00  0.23999999E+00  0.11931002E-02
  0.47999999E+00  0.25999999E+00  0.12575874E-02
  0.47999999E+00  0.27999999E+00  0.13161354E-02
  0.47999999E+00  0.29999999E+00  0.13700527E-02
  0.47999999E+00  0.31999999E+00  0.14212019E-02
  0.47999999E+00  0.33999999E+00  0.14719928E-02
  0.47999999E+00  0.35999999E+00  0.15253329E-02
  0.47999999E+00  0.37999999E+00  0.15845133E-02
  0.47999999E+00  0.39999999E+00  0.16529966E-02
  0.47999999E+00  0.41999999E+00  0.17340500E-02
  0.47999999E+00  0.43999999E+00  0.18301251E-02
  0.47999999E+00  0.45999999E+00  0.19417882E-02
  0.47999999E+00  0.47999999E+00  0.20657602E-02
  0.47999999E+00  0.49999999E+00  0.21908377E-02
  0.47999999E+00  0.51999999E+00  0.22869514E-02
  0.47999999E+00  0.53999999E+00  0.22488931E-02
  0.47999999E+00  0.55999999E+00  0.20710322E-02
  0.47999999E+00  0.57999999E+00  0.21844689E-02
  0.47999999E+00  0.59999999E+00  0.23006512E-02
  0.47999999E+00  0.61999999E+00  0.24195871E-02
  0.47999999E+00  0.63999999E+00  0.25412829E-02
  0.47999999E+00  0.65999999E+00  0.26657432E-02
  0.47999999E+00  0.67999998E+00  0.27929695E-02
  0.47999999E+00  0.69999998E+00  0.29229594E-02
  0.47999999E+00  0.71999998E+00  0.30557042E-02
  0.47999999E+00  0.73999998E+00  0.31911862E-02
  0.47999999E+00  0.75999998E+00  0.33293737E-02
  0.47999999E+00  0.77999998E+00  0.34702153E-02
  0.47999999E+00  0.79999998E+00  0.36136313E-02
  0.47999999E+00  0.81999998E+00  0.37595020E-02
  0.47999999E+00  0.83999998E+00  0.39076529E-02
  0.47999999E+00  0.85999998E+00  0.40578344E-02
  0.47999999E+00  0.87999998E+00  0.42096961E-02
  0.47999999E+00  0.89999998E+00  0.43627526E-02
  0.47999999E+00  0.91999998E+00  0.45163393E-02
  0.47999999E+00  0.93999998E+00  0.46695545E-02
  0.47999999E+00  0.95999998E+00  0.48211817E-02
  0.47999999E+00  0.97999998E+00  0.49695853E-02
  0.47999999E+00  0.99999998E+00  0.51125641E-02
  0.47999999E+00  0.10200000E+01  0.52471365E-02
  0.47999999E+00  0.10400000E+01  0.53692084E-02
  0.47999999E+00  0.10600000E+01  0.54730084E-02
  0.47999999E+00  0.10800000E+01  0.55500161E-02
  0.47999999E+00  0.11000000E+01  0.55865601E-02
  0.47999999E+00  0.11200000E+01  0.55568865E-02
  0.47999999E+00  0.11400000E+01  0.53899898E-02
  0.47999999E+00  0.11600000E+01  0.49335168E-02
  0.47999999E+00  0.11800000E+01  0.50213897E-02
  0.47999999E+00  0.12000000E+01  0.51113529E-02
  0.47999999E+00  0.12200000E+01  0.52045572E-02
  0.47999999E+00  0.12400000E+01  0.53021985E-02
  0.47999999E+00  0.12600000E+01  0.54054866E-02
  0.47999999E+00  0.12800000E+01  0.55156054E-02
  0.47999999E+00  0.13000000E+01  0.56336665E-02
  0.47999999E+00  0.13200000E+01  0.57606538E-02
  0.47999999E+00  0.13400000E+01  0.58973597E-02
  0.47999999E+00  0.13600000E+01  0.60443120E-02
  0.47999999E+00  0.13800000E+01  0.62016926E-02
  0.47999999E+00  0.14000000E+01  0.63692474E-02
  0.47999999E+00  0.14200000E+01  0.65461878E-02
  0.47999999E+00  0.14400000E+01  0.67310874E-02
  0.47999999E+00  0.14600000E+01  0.69217741E-02
  0.47999999E+00  0.14800000E+01  0.71152226E-02
  0.47999999E+00  0.15000000E+01  0.73074521E-02
  0.47999999E+00  0.15200000E+01  0.74934370E-02
  0.47999999E+00  0.15400000E+01  0.76670416E-02
  0.47999999E+00  0.15600000E+01  0.78209931E-02
  0.47999999E+00  0.15800000E+01  0.79469150E-02
  0.47999999E+00  0.16000000E+01  0.80354511E-02
  0.47999999E+00  0.16200000E+01  0.80765231E-02
  0.47999999E+00  0.16400000E+01  0.80597853E-02
  0.47999999E+00  0.16600000E+01  0.79753721E-02
  0.47999999E+00  0.16800000E+01  0.78150734E-02
  0.47999999E+00  0.17000000E+01  0.75741191E-02
  0.47999999E+00  0.17200000E+01  0.72535720E-02
  0.47999999E+00  0.17400000E+01  0.68601883E-02
  0.47999999E+00  0.17600000E+01  0.63062342E-02
  0.47999999E+00  0.17800000E+01  0.64586818E-02
  0.47999999E+00  0.18000000E+01  0.66145716E-02
  0.47999999E+00  0.18200000E+01  0.67733243E-02
  0.47999999E+00  0.18400000E+01  0.69342612E-02
  0.47999999E+00  0.18600000E+01  0.70966135E-02
  0.47999999E+00  0.18800000E+01  0.72595386E-02
  0.47999999E+00  0.19000000E+01  0.74221409E-02
  0.47999999E+00  0.19200000E+01  0.75835009E-02
  0.47999999E+00  0.19400000E+01  0.77427123E-02
  0.47999999E+00  0.19600000E+01  0.78989267E-02
  0.47999999E+00  0.19800000E+01  0.80514076E-02
  0.47999999E+00  0.20000000E+01  0.81995935E-02
  0.49999999E+00  0.00000000E+00  0.71342140E-04
  0.49999999E+00  0.20000000E-01  0.16936275E-03
  0.49999999E+00  0.39999999E-01  0.27268561E-03
  0.49999999E+00  0.59999999E-01  0.37935785E-03
  0.49999999E+00  0.79999998E-01  0.48745994E-03
  0.49999999E+00  0.99999998E-01  0.59514356E-03
  0.49999999E+00  0.12000000E+00  0.70067541E-03
  0.49999999E+00  0.14000000E+00  0.80248643E-03
  0.49999999E+00  0.16000000E+00  0.89922609E-03
  0.49999999E+00  0.18000000E+00  0.98982077E-03
  0.49999999E+00  0.20000000E+00  0.10735351E-02
  0.49999999E+00  0.22000000E+00  0.11500341E-02
  0.49999999E+00  0.23999999E+00  0.12194440E-02
  0.49999999E+00  0.25999999E+00  0.12824071E-02
  0.49999999E+00  0.27999999E+00  0.13401263E-02
  0.49999999E+00  0.29999999E+00  0.13943910E-02
  0.49999999E+00  0.31999999E+00  0.14475743E-02
  0.49999999E+00  0.33999999E+00  0.15025854E-02
  0.49999999E+00  0.35999999E+00  0.15627542E-02
  0.49999999E+00  0.37999999E+00  0.16316118E-02
  0.49999999E+00  0.39999999E+00  0.17125073E-02
  0.49999999E+00  0.41999999E+00  0.18079542E-02
  0.49999999E+00  0.43999999E+00  0.19184988E-02
  0.49999999E+00  0.45999999E+00  0.20406386E-02
  0.49999999E+00  0.47999999E+00  0.21624797E-02
  0.49999999E+00  0.49999999E+00  0.22520671E-02
  0.49999999E+00  0.51999999E+00  0.21972704E-02
  0.49999999E+00  0.53999999E+00  0.19931174E-02
  0.49999999E+00  0.55999999E+00  0.21006382E-02
  0.49999999E+00  0.57999999E+00  0.22109880E-02
  0.49999999E+00  0.59999999E+00  0.23242830E-02
  0.49999999E+00  0.61999999E+00  0.24406409E-02
  0.49999999E+00  0.63999999E+00  0.25601775E-02
  0.49999999E+00  0.65999999E+00  0.26830028E-02
  0.49999999E+00  0.67999998E+00  0.28092156E-02
  0.49999999E+00  0.69999998E+00  0.29388975E-02
  0.49999999E+00  0.71999998E+00  0.30721049E-02
  0.49999999E+00  0.73999998E+00  0.32088596E-02
  0.49999999E+00  0.75999998E+00  0.33491365E-02
  0.49999999E+00  0.77999998E+00  0.34928499E-02
  0.49999999E+00  0.79999998E+00  0.36398358E-02
  0.49999999E+00  0.81999998E+00  0.37898311E-02
  0.49999999E+00  0.83999998E+00  0.39424482E-02
  0.49999999E+00  0.85999998E+00  0.40971453E-02
  0.49999999E+00  0.87999998E+00  0.42531898E-02
  0.49999999E+00  0.89999998E+00  0.44096146E-02
  0.49999999E+00  0.91999998E+00  0.45651655E-02
  0.49999999E+00  0.93999998E+00  0.47182352E-02
  0.49999999E+00  0.95999998E+00  0.48667814E-02
  0.49999999E+00  0.97999998E+00  0.50082179E-02
  0.49999999E+00  0.99999998E+00  0.51392636E-02
  0.49999999E+00  0.10200000E+01  0.52557144E-02
  0.49999999E+00  0.10400000E+01  0.53520568E-02
  0.49999999E+00  0.10600000E+01  0.54207190E-02
  0.49999999E+00  0.10800000E+01  0.54503265E-02
  0.49999999E+00  0.11000000E+01  0.54204331E-02
  0.49999999E+00  0.11200000E+01  0.52751554E-02
  0.49999999E+00  0.11400000E+01  0.49004904E-02
  0.49999999E+00  0.11600000E+01  0.49896152E-02
  0.49999999E+00  0.11800000E+01  0.50802772E-02
  0.49999999E+00  0.12000000E+01  0.51735557E-02
  0.49999999E+00  0.12200000E+01  0.52705809E-02
  0.49999999E+00  0.12400000E+01  0.53725030E-02
  0.49999999E+00  0.12600000E+01  0.54804559E-02
  0.49999999E+00  0.12800000E+01  0.55955120E-02
  0.49999999E+00  0.13000000E+01  0.57186298E-02
  0.49999999E+00  0.13200000E+01  0.58505927E-02
  0.49999999E+00  0.13400000E+01  0.59919388E-02
  0.49999999E+00  0.13600000E+01  0.61428824E-02
  0.49999999E+00  0.13800000E+01  0.63032270E-02
  0.49999999E+00  0.14000000E+01  0.64722710E-02
  0.49999999E+00  0.14200000E+01  0.66487067E-02
  0.49999999E+00  0.14400000E+01  0.68305171E-02
  0.49999999E+00  0.14600000E+01  0.70148714E-02
  0.49999999E+00  0.14800000E+01  0.71980266E-02
  0.49999999E+00  0.15000000E+01  0.73752419E-02
  0.49999999E+00  0.15200000E+01  0.75407166E-02
  0.49999999E+00  0.15400000E+01  0.76875659E-02
  0.49999999E+00  0.15600000E+01  0.78078571E-02
  0.49999999E+00  0.15800000E+01  0.78927346E-02
  0.49999999E+00  0.16000000E+01  0.79326786E-02
  0.49999999E+00  0.16200000E+01  0.79179614E-02
  0.49999999E+00  0.16400000E+01  0.78393965E-02
  0.49999999E+00  0.16600000E+01  0.76895293E-02
  0.49999999E+00  0.16800000E+01  0.74644756E-02
  0.49999999E+00  0.17000000E+01  0.71665358E-02
  0.49999999E+00  0.17200000E+01  0.68052327E-02
  0.49999999E+00  0.17400000E+01  0.63144984E-02
  0.49999999E+00  0.17600000E+01  0.64722323E-02
  0.49999999E+00  0.17800000E+01  0.66339535E-02
  0.49999999E+00  0.18000000E+01  0.67989937E-02
  0.49999999E+00  0.18200000E+01  0.69665652E-02
  0.49999999E+00  0.18400000E+01  0.71357709E-02
  0.49999999E+00  0.18600000E+01  0.73056206E-02
  0.49999999E+00  0.18800000E+01  0.74750548E-02
  0.49999999E+00  0.19000000E+01  0.76429761E-02
  0.49999999E+00  0.19200000E+01  0.78082895E-02
  0.49999999E+00  0.19400000E+01  0.79699524E-02
  0.49999999E+00  0.19600000E+01  0.81270344E-02
  0.49999999E+00  0.19800000E+01  0.82787876E-02
  0.49999999E+00  0.20000000E+01  0.84247253E-02
  0.51999999E+00  0.00000000E+00  0.80710635E-04
  0.51999999E+00  0.20000000E-01  0.18355990E-03
  0.51999999E+00  0.39999999E-01  0.29114457E-03
  0.51999999E+00  0.59999999E-01  0.40139951E-03
  0.51999999E+00  0.79999998E-01  0.51231665E-03
  0.51999999E+00  0.99999998E-01  0.62199047E-03
  0.51999999E+00  0.12000000E+00  0.72866965E-03
  0.51999999E+00  0.14000000E+00  0.83081424E-03
  0.51999999E+00  0.16000000E+00  0.92715770E-03
  0.51999999E+00  0.18000000E+00  0.10167723E-02
  0.51999999E+00  0.20000000E+00  0.10991361E-02
  0.51999999E+00  0.22000000E+00  0.11741990E-02
  0.51999999E+00  0.23999999E+00  0.12424433E-02
  0.51999999E+00  0.25999999E+00  0.13049340E-02
  0.51999999E+00  0.27999999E+00  0.13633504E-02
  0.51999999E+00  0.29999999E+00  0.14199880E-02
  0.51999999E+00  0.31999999E+00  0.14777148E-02
  0.51999999E+00  0.33999999E+00  0.15398560E-02
  0.51999999E+00  0.35999999E+00  0.16099711E-02
  0.51999999E+00  0.37999999E+00  0.16914580E-02
  0.51999999E+00  0.39999999E+00  0.17868747E-02
  0.51999999E+00  0.41999999E+00  0.18967567E-02
  0.51999999E+00  0.43999999E+00  0.20174355E-02
  0.51999999E+00  0.45999999E+00  0.21364757E-02
  0.51999999E+00  0.47999999E+00  0.22203990E-02
  0.51999999E+00  0.49999999E+00  0.21513811E-02
  0.51999999E+00  0.51999999E+00  0.19249030E-02
  0.51999999E+00  0.53999999E+00  0.20267572E-02
  0.51999999E+00  0.55999999E+00  0.21314237E-02
  0.51999999E+00  0.57999999E+00  0.22391262E-02
  0.51999999E+00  0.59999999E+00  0.23500952E-02
  0.51999999E+00  0.61999999E+00  0.24645619E-02
  0.51999999E+00  0.63999999E+00  0.25827508E-02
  0.51999999E+00  0.65999999E+00  0.27048712E-02
  0.51999999E+00  0.67999998E+00  0.28311064E-02
  0.51999999E+00  0.69999998E+00  0.29616009E-02
  0.51999999E+00  0.71999998E+00  0.30964457E-02
  0.51999999E+00  0.73999998E+00  0.32356603E-02
  0.51999999E+00  0.75999998E+00  0.33791724E-02
  0.51999999E+00  0.77999998E+00  0.35267941E-02
  0.51999999E+00  0.79999998E+00  0.36781944E-02
  0.51999999E+00  0.81999998E+00  0.38328680E-02
  0.51999999E+00  0.83999998E+00  0.39901001E-02
  0.51999999E+00  0.85999998E+00  0.41489264E-02
  0.51999999E+00  0.87999998E+00  0.43080887E-02
  0.51999999E+00  0.89999998E+00  0.44659849E-02
  0.51999999E+00  0.91999998E+00  0.46206133E-02
  0.51999999E+00  0.93999998E+00  0.47695096E-02
  0.51999999E+00  0.95999998E+00  0.49096727E-02
  0.51999999E+00  0.97999998E+00  0.50374721E-02
  0.51999999E+00  0.99999998E+00  0.51485172E-02
  0.51999999E+00  0.10200000E+01  0.52374381E-02
  0.51999999E+00  0.10400000E+01  0.52974391E-02
  0.51999999E+00  0.10600000E+01  0.53191662E-02
  0.51999999E+00  0.10800000E+01  0.52869704E-02
  0.51999999E+00  0.11000000E+01  0.51587180E-02
  0.51999999E+00  0.11200000E+01  0.48558584E-02
  0.51999999E+00  0.11400000E+01  0.49466830E-02
  0.51999999E+00  0.11600000E+01  0.50385293E-02
  0.51999999E+00  0.11800000E+01  0.51323909E-02
  0.51999999E+00  0.12000000E+01  0.52293151E-02
  0.51999999E+00  0.12200000E+01  0.53303754E-02
  0.51999999E+00  0.12400000E+01  0.54366362E-02
  0.51999999E+00  0.12600000E+01  0.55491113E-02
  0.51999999E+00  0.12800000E+01  0.56687141E-02
  0.51999999E+00  0.13000000E+01  0.57961999E-02
  0.51999999E+00  0.13200000E+01  0.59320991E-02
  0.51999999E+00  0.13400000E+01  0.60766429E-02
  0.51999999E+00  0.13600000E+01  0.62296804E-02
  0.51999999E+00  0.13800000E+01  0.63905886E-02
  0.51999999E+00  0.14000000E+01  0.65581768E-02
  0.51999999E+00  0.14200000E+01  0.67305876E-02
  0.51999999E+00  0.14400000E+01  0.69051982E-02
  0.51999999E+00  0.14600000E+01  0.70785269E-02
  0.51999999E+00  0.14800000E+01  0.72461525E-02
  0.51999999E+00  0.15000000E+01  0.74026563E-02
  0.51999999E+00  0.15200000E+01  0.75416028E-02
  0.51999999E+00  0.15400000E+01  0.76555777E-02
  0.51999999E+00  0.15600000E+01  0.77363149E-02
  0.51999999E+00  0.15800000E+01  0.77749539E-02
  0.51999999E+00  0.16000000E+01  0.77624930E-02
  0.51999999E+00  0.16200000E+01  0.76905355E-02
  0.51999999E+00  0.16400000E+01  0.75524817E-02
  0.51999999E+00  0.16600000E+01  0.73454033E-02
  0.51999999E+00  0.16800000E+01  0.70728461E-02
  0.51999999E+00  0.17000000E+01  0.67470112E-02
  0.51999999E+00  0.17200000E+01  0.63238002E-02
  0.51999999E+00  0.17400000E+01  0.64860455E-02
  0.51999999E+00  0.17600000E+01  0.66528406E-02
  0.51999999E+00  0.17800000E+01  0.68234449E-02
  0.51999999E+00  0.18000000E+01  0.69969786E-02
  0.51999999E+00  0.18200000E+01  0.71724330E-02
  0.51999999E+00  0.18400000E+01  0.73486876E-02
  0.51999999E+00  0.18600000E+01  0.75245346E-02
  0.51999999E+00  0.18800000E+01  0.76987129E-02
  0.51999999E+00  0.19000000E+01  0.78699514E-02
  0.51999999E+00  0.19200000E+01  0.80370229E-02
  0.51999999E+00  0.19400000E+01  0.81988091E-02
  0.51999999E+00  0.19600000E+01  0.83543773E-02
  0.51999999E+00  0.19800000E+01  0.85030667E-02
  0.51999999E+00  0.20000000E+01  0.86445841E-02
  0.53999999E+00  0.00000000E+00  0.90568900E-04
  0.53999999E+00  0.20000000E-01  0.19775842E-03
  0.53999999E+00  0.39999999E-01  0.30904308E-03
  0.53999999E+00  0.59999999E-01  0.42226834E-03
  0.53999999E+00  0.79999998E-01  0.53536662E-03
  0.53999999E+00  0.99999998E-01  0.64641080E-03
  0.53999999E+00  0.12000000E+00  0.75367393E-03
  0.53999999E+00  0.14000000E+00  0.85569433E-03
  0.53999999E+00  0.16000000E+00  0.95134488E-03
  0.53999999E+00  0.18000000E+00  0.10399045E-02
  0.53999999E+00  0.20000000E+00  0.11211289E-02
  0.53999999E+00  0.22000000E+00  0.11953171E-02
  0.53999999E+00  0.23999999E+00  0.12633676E-02
  0.53999999E+00  0.25999999E+00  0.13268156E-02
  0.53999999E+00  0.27999999E+00  0.13878413E-02
  0.53999999E+00  0.29999999E+00  0.14492299E-02
  0.53999999E+00  0.31999999E+00  0.15142604E-02
  0.53999999E+00  0.33999999E+00  0.15864803E-02
  0.53999999E+00  0.35999999E+00  0.16693040E-02
  0.53999999E+00  0.37999999E+00  0.17653151E-02
  0.53999999E+00  0.39999999E+00  0.18750465E-02
  0.53999999E+00  0.41999999E+00  0.19947198E-02
  0.53999999E+00  0.43999999E+00  0.21115089E-02
  0.53999999E+00  0.45999999E+00  0.21907801E-02
  0.53999999E+00  0.47999999E+00  0.21102812E-02
  0.53999999E+00  0.49999999E+00  0.18657168E-02
  0.53999999E+00  0.51999999E+00  0.19622879E-02
  0.53999999E+00  0.53999999E+00  0.20615570E-02
  0.53999999E+00  0.55999999E+00  0.21638520E-02
  0.53999999E+00  0.57999999E+00  0.22695146E-02
  0.53999999E+00  0.59999999E+00  0.23788924E-02
  0.53999999E+00  0.61999999E+00  0.24923284E-02
  0.53999999E+00  0.63999999E+00  0.26101482E-02
  0.53999999E+00  0.65999999E+00  0.27326458E-02
  0.53999999E+00  0.67999998E+00  0.28600654E-02
  0.53999999E+00  0.69999998E+00  0.29925811E-02
  0.53999999E+00  0.71999998E+00  0.31302736E-02
  0.53999999E+00  0.73999998E+00  0.32731023E-02
  0.53999999E+00  0.75999998E+00  0.34208755E-02
  0.53999999E+00  0.77999998E+00  0.35732154E-02
  0.53999999E+00  0.79999998E+00  0.37295202E-02
  0.53999999E+00  0.81999998E+00  0.38889228E-02
  0.53999999E+00  0.83999998E+00  0.40502461E-02
  0.53999999E+00  0.85999998E+00  0.42119559E-02
  0.53999999E+00  0.87999998E+00  0.43721125E-02
  0.53999999E+00  0.89999998E+00  0.45283227E-02
  0.53999999E+00  0.91999998E+00  0.46776927E-02
  0.53999999E+00  0.93999998E+00  0.48167852E-02
  0.53999999E+00  0.95999998E+00  0.49415801E-02
  0.53999999E+00  0.97999998E+00  0.50474339E-02
  0.53999999E+00  0.99999998E+00  0.51290164E-02
  0.53999999E+00  0.10200000E+01  0.51801451E-02
  0.53999999E+00  0.10400000E+01  0.51932195E-02
  0.53999999E+00  0.10600000E+01  0.51568866E-02
  0.53999999E+00  0.10800000E+01  0.50414119E-02
  0.53999999E+00  0.11000000E+01  0.48007958E-02
  0.53999999E+00  0.11200000E+01  0.48937290E-02
  0.53999999E+00  0.11400000E+01  0.49872222E-02
  0.53999999E+00  0.11600000E+01  0.50821707E-02
  0.53999999E+00  0.11800000E+01  0.51795250E-02
  0.53999999E+00  0.12000000E+01  0.52802651E-02
  0.53999999E+00  0.12200000E+01  0.53853684E-02
  0.53999999E+00  0.12400000E+01  0.54957715E-02
  0.53999999E+00  0.12600000E+01  0.56123232E-02
  0.53999999E+00  0.12800000E+01  0.57357311E-02
  0.53999999E+00  0.13000000E+01  0.58664990E-02
  0.53999999E+00  0.13200000E+01  0.60048576E-02
  0.53999999E+00  0.13400000E+01  0.61506863E-02
  0.53999999E+00  0.13600000E+01  0.63034293E-02
  0.53999999E+00  0.13800000E+01  0.64620057E-02
  0.53999999E+00  0.14000000E+01  0.66247168E-02
  0.53999999E+00  0.14200000E+01  0.67891540E-02
  0.53999999E+00  0.14400000E+01  0.69521116E-02
  0.53999999E+00  0.14600000E+01  0.71095128E-02
  0.53999999E+00  0.14800000E+01  0.72563576E-02
  0.53999999E+00  0.15000000E+01  0.73867078E-02
  0.53999999E+00  0.15200000E+01  0.74937290E-02
  0.53999999E+00  0.15400000E+01  0.75698176E-02
  0.53999999E+00  0.15600000E+01  0.76068565E-02
  0.53999999E+00  0.15800000E+01  0.75966608E-02
  0.53999999E+00  0.16000000E+01  0.75317137E-02
  0.53999999E+00  0.16200000E+01  0.74063473E-02
  0.53999999E+00  0.16400000E+01  0.72186296E-02
  0.53999999E+00  0.16600000E+01  0.69733133E-02
  0.53999999E+00  0.16800000E+01  0.66850701E-02
  0.53999999E+00  0.17000000E+01  0.63311330E-02
  0.53999999E+00  0.17200000E+01  0.64969885E-02
  0.53999999E+00  0.17400000E+01  0.66679571E-02
  0.53999999E+00  0.17600000E+01  0.68432431E-02
  0.53999999E+00  0.17800000E+01  0.70218931E-02
  0.53999999E+00  0.18000000E+01  0.72028061E-02
  0.53999999E+00  0.18200000E+01  0.73847502E-02
  0.53999999E+00  0.18400000E+01  0.75663887E-02
  0.53999999E+00  0.18600000E+01  0.77463151E-02
  0.53999999E+00  0.18800000E+01  0.79230988E-02
  0.53999999E+00  0.19000000E+01  0.80953425E-02
  0.53999999E+00  0.19200000E+01  0.82617518E-02
  0.53999999E+00  0.19400000E+01  0.84212168E-02
  0.53999999E+00  0.19600000E+01  0.85729055E-02
  0.53999999E+00  0.19800000E+01  0.87163671E-02
  0.53999999E+00  0.20000000E+01  0.88516420E-02
  0.55999999E+00  0.00000000E+00  0.10092932E-03
  0.55999999E+00  0.20000000E-01  0.21192727E-03
  0.55999999E+00  0.39999999E-01  0.32632302E-03
  0.55999999E+00  0.59999999E-01  0.44190094E-03
  0.55999999E+00  0.79999998E-01  0.55656858E-03
  0.55999999E+00  0.99999998E-01  0.66841851E-03
  0.55999999E+00  0.12000000E+00  0.77579607E-03
  0.55999999E+00  0.14000000E+00  0.87737197E-03
  0.55999999E+00  0.16000000E+00  0.97221786E-03
  0.55999999E+00  0.18000000E+00  0.10598820E-02
  0.55999999E+00  0.20000000E+00  0.11404608E-02
  0.55999999E+00  0.22000000E+00  0.12146611E-02
  0.55999999E+00  0.23999999E+00  0.12838441E-02
  0.55999999E+00  0.25999999E+00  0.13500392E-02
  0.55999999E+00  0.27999999E+00  0.14159107E-02
  0.55999999E+00  0.29999999E+00  0.14846504E-02
  0.55999999E+00  0.31999999E+00  0.15597554E-02
  0.55999999E+00  0.33999999E+00  0.16446233E-02
  0.55999999E+00  0.35999999E+00  0.17418443E-02
  0.55999999E+00  0.37999999E+00  0.18519548E-02
  0.55999999E+00  0.39999999E+00  0.19711208E-02
  0.55999999E+00  0.41999999E+00  0.20862730E-02
  0.55999999E+00  0.43999999E+00  0.21619914E-02
  0.55999999E+00  0.45999999E+00  0.20728713E-02
  0.55999999E+00  0.47999999E+00  0.18146095E-02
  0.55999999E+00  0.49999999E+00  0.19063980E-02
  0.55999999E+00  0.51999999E+00  0.20006781E-02
  0.55999999E+00  0.53999999E+00  0.20978754E-02
  0.55999999E+00  0.55999999E+00  0.21984393E-02
  0.55999999E+00  0.57999999E+00  0.23028319E-02
  0.55999999E+00  0.59999999E+00  0.24115152E-02
  0.55999999E+00  0.61999999E+00  0.25249351E-02
  0.55999999E+00  0.63999999E+00  0.26435020E-02
  0.55999999E+00  0.65999999E+00  0.27675689E-02
  0.55999999E+00  0.67999998E+00  0.28974051E-02
  0.55999999E+00  0.69999998E+00  0.30331666E-02
  0.55999999E+00  0.71999998E+00  0.31748620E-02
  0.55999999E+00  0.73999998E+00  0.33223146E-02
  0.55999999E+00  0.75999998E+00  0.34751208E-02
  0.55999999E+00  0.77999998E+00  0.36326045E-02
  0.55999999E+00  0.79999998E+00  0.37937682E-02
  0.55999999E+00  0.81999998E+00  0.39572434E-02
  0.55999999E+00  0.83999998E+00  0.41212390E-02
  0.55999999E+00  0.85999998E+00  0.42834930E-02
  0.55999999E+00  0.87999998E+00  0.44412291E-02
  0.55999999E+00  0.89999998E+00  0.45911243E-02
  0.55999999E+00  0.91999998E+00  0.47292922E-02
  0.55999999E+00  0.93999998E+00  0.48512924E-02
  0.55999999E+00  0.95999998E+00  0.49521730E-02
  0.55999999E+00  0.97999998E+00  0.50265509E-02
  0.55999999E+00  0.99999998E+00  0.50687066E-02
  0.55999999E+00  0.10200000E+01  0.50725392E-02
  0.55999999E+00  0.10400000E+01  0.50305076E-02
  0.55999999E+00  0.10600000E+01  0.49239721E-02
  0.55999999E+00  0.10800000E+01  0.47366328E-02
  0.55999999E+00  0.11000000E+01  0.48320345E-02
  0.55999999E+00  0.11200000E+01  0.49276016E-02
  0.55999999E+00  0.11400000E+01  0.50241210E-02
  0.55999999E+00  0.11600000E+01  0.51224338E-02
  0.55999999E+00  0.11800000E+01  0.52234124E-02
  0.55999999E+00  0.12000000E+01  0.53279315E-02
  0.55999999E+00  0.12200000E+01  0.54368323E-02
  0.55999999E+00  0.12400000E+01  0.55508806E-02
  0.55999999E+00  0.12600000E+01  0.56707167E-02
  0.55999999E+00  0.12800000E+01  0.57967987E-02
  0.55999999E+00  0.13000000E+01  0.59293378E-02
  0.55999999E+00  0.13200000E+01  0.60682265E-02
  0.55999999E+00  0.13400000E+01  0.62129614E-02
  0.55999999E+00  0.13600000E+01  0.63625603E-02
  0.55999999E+00  0.13800000E+01  0.65154766E-02
  0.55999999E+00  0.14000000E+01  0.66695157E-02
  0.55999999E+00  0.14200000E+01  0.68217550E-02
  0.55999999E+00  0.14400000E+01  0.69684779E-02
  0.55999999E+00  0.14600000E+01  0.71051288E-02
  0.55999999E+00  0.14800000E+01  0.72263034E-02
  0.55999999E+00  0.15000000E+01  0.73257948E-02
  0.55999999E+00  0.15200000E+01  0.73967209E-02
  0.55999999E+00  0.15400000E+01  0.74317757E-02
  0.55999999E+00  0.15600000E+01  0.74236646E-02
  0.55999999E+00  0.15800000E+01  0.73658215E-02
  0.55999999E+00  0.16000000E+01  0.72535660E-02
  0.55999999E+00  0.16200000E+01  0.70859760E-02
  0.55999999E+00  0.16400000E+01  0.68689315E-02
  0.55999999E+00  0.16600000E+01  0.66192633E-02
  0.55999999E+00  0.16800000E+01  0.63340635E-02
  0.55999999E+00  0.17000000E+01  0.65025433E-02
  0.55999999E+00  0.17200000E+01  0.66766838E-02
  0.55999999E+00  0.17400000E+01  0.68556520E-02
  0.55999999E+00  0.17600000E+01  0.70384403E-02
  0.55999999E+00  0.17800000E+01  0.72238755E-02
  0.55999999E+00  0.18000000E+01  0.74106357E-02
  0.55999999E+00  0.18200000E+01  0.75972768E-02
  0.55999999E+00  0.18400000E+01  0.77822679E-02
  0.55999999E+00  0.18600000E+01  0.79640396E-02
  0.55999999E+00  0.18800000E+01  0.81410433E-02
  0.55999999E+00  0.19000000E+01  0.83118246E-02
  0.55999999E+00  0.19200000E+01  0.84751094E-02
  0.55999999E+00  0.19400000E+01  0.86299030E-02
  0.55999999E+00  0.19600000E+01  0.87756003E-02
  0.55999999E+00  0.19800000E+01  0.89121031E-02
  0.55999999E+00  0.20000000E+01  0.90399397E-02
  0.57999999E+00  0.00000000E+00  0.11184140E-03
  0.57999999E+00  0.20000000E-01  0.22608824E-03
  0.57999999E+00  0.39999999E-01  0.34299912E-03
  0.57999999E+00  0.59999999E-01  0.46033087E-03
  0.57999999E+00  0.79999998E-01  0.57600624E-03
  0.57999999E+00  0.99999998E-01  0.68818394E-03
  0.57999999E+00  0.12000000E+00  0.79533415E-03
  0.57999999E+00  0.14000000E+00  0.89631767E-03
  0.57999999E+00  0.16000000E+00  0.99046596E-03
  0.57999999E+00  0.18000000E+00  0.10776580E-02
  0.57999999E+00  0.20000000E+00  0.11583883E-02
  0.57999999E+00  0.22000000E+00  0.12338170E-02
  0.57999999E+00  0.23999999E+00  0.13057913E-02
  0.57999999E+00  0.25999999E+00  0.13768185E-02
  0.57999999E+00  0.27999999E+00  0.14499651E-02
  0.57999999E+00  0.29999999E+00  0.15286401E-02
  0.57999999E+00  0.31999999E+00  0.16161917E-02
  0.57999999E+00  0.33999999E+00  0.17151961E-02
  0.57999999E+00  0.35999999E+00  0.18261980E-02
  0.57999999E+00  0.37999999E+00  0.19453583E-02
  0.57999999E+00  0.39999999E+00  0.20595079E-02
  0.57999999E+00  0.41999999E+00  0.21328029E-02
  0.57999999E+00  0.43999999E+00  0.20379498E-02
  0.57999999E+00  0.45999999E+00  0.17704229E-02
  0.57999999E+00  0.47999999E+00  0.18580275E-02
  0.57999999E+00  0.49999999E+00  0.19478329E-02
  0.57999999E+00  0.51999999E+00  0.20403542E-02
  0.57999999E+00  0.53999999E+00  0.21361415E-02
  0.57999999E+00  0.55999999E+00  0.22357675E-02
  0.57999999E+00  0.57999999E+00  0.23398111E-02
  0.57999999E+00  0.59999999E+00  0.24488390E-02
  0.57999999E+00  0.61999999E+00  0.25633818E-02
  0.57999999E+00  0.63999999E+00  0.26839076E-02
  0.57999999E+00  0.65999999E+00  0.28107903E-02
  0.57999999E+00  0.67999998E+00  0.29442737E-02
  0.57999999E+00  0.69999998E+00  0.30844305E-02
  0.57999999E+00  0.71999998E+00  0.32311175E-02
  0.57999999E+00  0.73999998E+00  0.33839255E-02
  0.57999999E+00  0.75999998E+00  0.35421259E-02
  0.57999999E+00  0.77999998E+00  0.37046145E-02
  0.57999999E+00  0.79999998E+00  0.38698542E-02
  0.57999999E+00  0.81999998E+00  0.40358194E-02
  0.57999999E+00  0.83999998E+00  0.41999448E-02
  0.57999999E+00  0.85999998E+00  0.43590861E-02
  0.57999999E+00  0.87999998E+00  0.45094971E-02
  0.57999999E+00  0.89999998E+00  0.46468381E-02
  0.57999999E+00  0.91999998E+00  0.47662275E-02
  0.57999999E+00  0.93999998E+00  0.48623600E-02
  0.57999999E+00  0.95999998E+00  0.49297196E-02
  0.57999999E+00  0.97999998E+00  0.49629128E-02
  0.57999999E+00  0.99999998E+00  0.49571009E-02
  0.57999999E+00  0.10200000E+01  0.49080949E-02
  0.57999999E+00  0.10400000E+01  0.48071081E-02
  0.57999999E+00  0.10600000E+01  0.46647782E-02
  0.57999999E+00  0.10800000E+01  0.47629520E-02
  0.57999999E+00  0.11000000E+01  0.48609739E-02
  0.57999999E+00  0.11200000E+01  0.49595145E-02
  0.57999999E+00  0.11400000E+01  0.50592957E-02
  0.57999999E+00  0.11600000E+01  0.51610701E-02
  0.57999999E+00  0.11800000E+01  0.52655952E-02
  0.57999999E+00  0.12000000E+01  0.53736011E-02
  0.57999999E+00  0.12200000E+01  0.54857528E-02
  0.57999999E+00  0.12400000E+01  0.56026048E-02
  0.57999999E+00  0.12600000E+01  0.57245497E-02
  0.57999999E+00  0.12800000E+01  0.58517598E-02
  0.57999999E+00  0.13000000E+01  0.59841220E-02
  0.57999999E+00  0.13200000E+01  0.61211681E-02
  0.57999999E+00  0.13400000E+01  0.62619997E-02
  0.57999999E+00  0.13600000E+01  0.64052117E-02
  0.57999999E+00  0.13800000E+01  0.65488171E-02
  0.57999999E+00  0.14000000E+01  0.66901766E-02
  0.57999999E+00  0.14200000E+01  0.68259413E-02
  0.57999999E+00  0.14400000E+01  0.69520156E-02
  0.57999999E+00  0.14600000E+01  0.70635549E-02
  0.57999999E+00  0.14800000E+01  0.71550148E-02
  0.57999999E+00  0.15000000E+01  0.72202796E-02
  0.57999999E+00  0.15200000E+01  0.72529071E-02
  0.57999999E+00  0.15400000E+01  0.72465497E-02
  0.57999999E+00  0.15600000E+01  0.71956454E-02
  0.57999999E+00  0.15800000E+01  0.70965369E-02
  0.57999999E+00  0.16000000E+01  0.69493023E-02
  0.57999999E+00  0.16200000E+01  0.67608339E-02
  0.57999999E+00  0.16400000E+01  0.65497242E-02
  0.57999999E+00  0.16600000E+01  0.63307411E-02
  0.57999999E+00  0.16800000E+01  0.65008129E-02
  0.57999999E+00  0.17000000E+01  0.66770618E-02
  0.57999999E+00  0.17200000E+01  0.68586354E-02
  0.57999999E+00  0.17400000E+01  0.70444910E-02
  0.57999999E+00  0.17600000E+01  0.72334044E-02
  0.57999999E+00  0.17800000E+01  0.74239862E-02
  0.57999999E+00  0.18000000E+01  0.76147076E-02
  0.57999999E+00  0.18200000E+01  0.78039372E-02
  0.57999999E+00  0.18400000E+01  0.79899896E-02
  0.57999999E+00  0.18600000E+01  0.81711872E-02
  0.57999999E+00  0.18800000E+01  0.83459358E-02
  0.57999999E+00  0.19000000E+01  0.85128144E-02
  0.57999999E+00  0.19200000E+01  0.86706793E-02
  0.57999999E+00  0.19400000E+01  0.88187794E-02
  0.57999999E+00  0.19600000E+01  0.89568806E-02
  0.57999999E+00  0.19800000E+01  0.90853928E-02
  0.57999999E+00  0.20000000E+01  0.92054898E-02
  0.59999999E+00  0.00000000E+00  0.12340223E-03
  0.59999999E+00  0.20000000E-01  0.24032817E-03
  0.59999999E+00  0.39999999E-01  0.35917242E-03
  0.59999999E+00  0.59999999E-01  0.47770285E-03
  0.59999999E+00  0.79999998E-01  0.59390223E-03
  0.59999999E+00  0.99999998E-01  0.70604620E-03
  0.59999999E+00  0.12000000E+00  0.81278555E-03
  0.59999999E+00  0.14000000E+00  0.91323029E-03
  0.59999999E+00  0.16000000E+00  0.10070313E-02
  0.59999999E+00  0.18000000E+00  0.10944541E-02
  0.59999999E+00  0.20000000E+00  0.11764354E-02
  0.59999999E+00  0.22000000E+00  0.12546119E-02
  0.59999999E+00  0.23999999E+00  0.13313009E-02
  0.59999999E+00  0.25999999E+00  0.14094083E-02
  0.59999999E+00  0.27999999E+00  0.14922184E-02
  0.59999999E+00  0.29999999E+00  0.15829979E-02
  0.59999999E+00  0.31999999E+00  0.16842885E-02
  0.59999999E+00  0.33999999E+00  0.17966446E-02
  0.59999999E+00  0.35999999E+00  0.19162695E-02
  0.59999999E+00  0.37999999E+00  0.20300306E-02
  0.59999999E+00  0.39999999E+00  0.21020115E-02
  0.59999999E+00  0.41999999E+00  0.20042623E-02
  0.59999999E+00  0.43999999E+00  0.17318529E-02
  0.59999999E+00  0.45999999E+00  0.18159509E-02
  0.59999999E+00  0.47999999E+00  0.19018844E-02
  0.59999999E+00  0.49999999E+00  0.19902476E-02
  0.59999999E+00  0.51999999E+00  0.20816826E-02
  0.59999999E+00  0.53999999E+00  0.21768657E-02
  0.59999999E+00  0.55999999E+00  0.22764885E-02
  0.59999999E+00  0.57999999E+00  0.23812362E-02
  0.59999999E+00  0.59999999E+00  0.24917605E-02
  0.59999999E+00  0.61999999E+00  0.26086485E-02
  0.59999999E+00  0.63999999E+00  0.27323853E-02
  0.59999999E+00  0.65999999E+00  0.28633127E-02
  0.59999999E+00  0.67999998E+00  0.30015811E-02
  0.59999999E+00  0.69999998E+00  0.31470971E-02
  0.59999999E+00  0.71999998E+00  0.32994651E-02
  0.59999999E+00  0.73999998E+00  0.34579259E-02
  0.59999999E+00  0.75999998E+00  0.36212921E-02
  0.59999999E+00  0.77999998E+00  0.37878830E-02
  0.59999999E+00  0.79999998E+00  0.39554629E-02
  0.59999999E+00  0.81999998E+00  0.41211864E-02
  0.59999999E+00  0.83999998E+00  0.42815599E-02
  0.59999999E+00  0.85999998E+00  0.44324278E-02
  0.59999999E+00  0.87999998E+00  0.45689998E-02
  0.59999999E+00  0.89999998E+00  0.46859413E-02
  0.59999999E+00  0.91999998E+00  0.47775600E-02
  0.59999999E+00  0.93999998E+00  0.48381390E-02
  0.59999999E+00  0.95999998E+00  0.48624888E-02
  0.59999999E+00  0.97999998E+00  0.48468139E-02
  0.59999999E+00  0.99999998E+00  0.47898454E-02
  0.59999999E+00  0.10200000E+01  0.46914828E-02
  0.59999999E+00  0.10400000E+01  0.45866580E-02
  0.59999999E+00  0.10600000E+01  0.46878457E-02
  0.59999999E+00  0.10800000E+01  0.47886486E-02
  0.59999999E+00  0.11000000E+01  0.48896157E-02
  0.59999999E+00  0.11200000E+01  0.49913422E-02
  0.59999999E+00  0.11400000E+01  0.50944511E-02
  0.59999999E+00  0.11600000E+01  0.51995704E-02
  0.59999999E+00  0.11800000E+01  0.53073052E-02
  0.59999999E+00  0.12000000E+01  0.54182032E-02
  0.59999999E+00  0.12200000E+01  0.55327154E-02
  0.59999999E+00  0.12400000E+01  0.56511500E-02
  0.59999999E+00  0.12600000E+01  0.57736206E-02
  0.59999999E+00  0.12800000E+01  0.58999891E-02
  0.59999999E+00  0.13000000E+01  0.60298030E-02
  0.59999999E+00  0.13200000E+01  0.61622307E-02
  0.59999999E+00  0.13400000E+01  0.62959936E-02
  0.59999999E+00  0.13600000E+01  0.64293014E-02
  0.59999999E+00  0.13800000E+01  0.65597919E-02
  0.59999999E+00  0.14000000E+01  0.66844837E-02
  0.59999999E+00  0.14200000E+01  0.67997483E-02
  0.59999999E+00  0.14400000E+01  0.69013158E-02
  0.59999999E+00  0.14600000E+01  0.69843282E-02
  0.59999999E+00  0.14800000E+01  0.70434677E-02
  0.59999999E+00  0.15000000E+01  0.70731944E-02
  0.59999999E+00  0.15200000E+01  0.70681492E-02
  0.59999999E+00  0.15400000E+01  0.70238111E-02
  0.59999999E+00  0.15600000E+01  0.69375636E-02
  0.59999999E+00  0.15800000E+01  0.68104555E-02
  0.59999999E+00  0.16000000E+01  0.66502476E-02
  0.59999999E+00  0.16200000E+01  0.64768286E-02
  0.59999999E+00  0.16400000E+01  0.63198783E-02
  0.59999999E+00  0.16600000E+01  0.64904986E-02
  0.59999999E+00  0.16800000E+01  0.66677670E-02
  0.59999999E+00  0.17000000E+01  0.68508285E-02
  0.59999999E+00  0.17200000E+01  0.70386248E-02
  0.59999999E+00  0.17400000E+01  0.72299016E-02
  0.59999999E+00  0.17600000E+01  0.74232246E-02
  0.59999999E+00  0.17800000E+01  0.76170046E-02
  0.59999999E+00  0.18000000E+01  0.78095344E-02
  0.59999999E+00  0.18200000E+01  0.79990379E-02
  0.59999999E+00  0.18400000E+01  0.81837329E-02
  0.59999999E+00  0.18600000E+01  0.83619089E-02
  0.59999999E+00  0.18800000E+01  0.85320191E-02
  0.59999999E+00  0.19000000E+01  0.86927883E-02
  0.59999999E+00  0.19200000E+01  0.88433327E-02
  0.59999999E+00  0.19400000E+01  0.89832896E-02
  0.59999999E+00  0.19600000E+01  0.91129510E-02
  0.59999999E+00  0.19800000E+01  0.92333906E-02
  0.59999999E+00  0.20000000E+01  0.93465688E-02
  0.61999999E+00  0.00000000E+00  0.13576589E-03
  0.61999999E+00  0.20000000E-01  0.25480927E-03
  0.61999999E+00  0.39999999E-01  0.37504082E-03
  0.61999999E+00  0.59999999E-01  0.49428247E-03
  0.61999999E+00  0.79999998E-01  0.61062575E-03
  0.61999999E+00  0.99999998E-01  0.72251688E-03
  0.61999999E+00  0.12000000E+00  0.82884425E-03
  0.61999999E+00  0.14000000E+00  0.92902463E-03
  0.61999999E+00  0.16000000E+00  0.10230822E-02
  0.61999999E+00  0.18000000E+00  0.11117120E-02
  0.61999999E+00  0.20000000E+00  0.11963158E-02
  0.61999999E+00  0.22000000E+00  0.12789920E-02
  0.61999999E+00  0.23999999E+00  0.13624521E-02
  0.61999999E+00  0.25999999E+00  0.14498219E-02
  0.61999999E+00  0.27999999E+00  0.15442553E-02
  0.61999999E+00  0.29999999E+00  0.16482378E-02
  0.61999999E+00  0.31999999E+00  0.17623338E-02
  0.61999999E+00  0.33999999E+00  0.18828308E-02
  0.61999999E+00  0.35999999E+00  0.19967617E-02
  0.61999999E+00  0.37999999E+00  0.20684736E-02
  0.61999999E+00  0.39999999E+00  0.19705460E-02
  0.61999999E+00  0.41999999E+00  0.16975072E-02
  0.61999999E+00  0.43999999E+00  0.17788339E-02
  0.61999999E+00  0.45999999E+00  0.18615685E-02
  0.61999999E+00  0.47999999E+00  0.19463715E-02
  0.61999999E+00  0.49999999E+00  0.20339667E-02
  0.61999999E+00  0.51999999E+00  0.21251245E-02
  0.61999999E+00  0.53999999E+00  0.22206423E-02
  0.61999999E+00  0.55999999E+00  0.23213195E-02
  0.61999999E+00  0.57999999E+00  0.24279269E-02
  0.61999999E+00  0.59999999E+00  0.25411715E-02
  0.61999999E+00  0.61999999E+00  0.26616544E-02
  0.61999999E+00  0.63999999E+00  0.27898230E-02
  0.61999999E+00  0.65999999E+00  0.29259165E-02
  0.61999999E+00  0.67999998E+00  0.30699056E-02
  0.61999999E+00  0.69999998E+00  0.32214266E-02
  0.61999999E+00  0.71999998E+00  0.33797109E-02
  0.61999999E+00  0.73999998E+00  0.35435113E-02
  0.61999999E+00  0.75999998E+00  0.37110291E-02
  0.61999999E+00  0.77999998E+00  0.38798449E-02
  0.61999999E+00  0.79999998E+00  0.40468591E-02
  0.61999999E+00  0.81999998E+00  0.42082526E-02
  0.61999999E+00  0.83999998E+00  0.43594789E-02
  0.61999999E+00  0.85999998E+00  0.44953073E-02
  0.61999999E+00  0.87999998E+00  0.46099475E-02
  0.61999999E+00  0.89999998E+00  0.46972967E-02
  0.61999999E+00  0.91999998E+00  0.47513817E-02
  0.61999999E+00  0.93999998E+00  0.47671104E-02
  0.61999999E+00  0.95999998E+00  0.47415307E-02
  0.61999999E+00  0.97999998E+00  0.46758928E-02
  0.61999999E+00  0.99999998E+00  0.45776978E-02
  0.61999999E+00  0.10200000E+01  0.45036659E-02
  0.61999999E+00  0.10400000E+01  0.46080437E-02
  0.61999999E+00  0.10600000E+01  0.47118928E-02
  0.61999999E+00  0.10800000E+01  0.48156378E-02
  0.61999999E+00  0.11000000E+01  0.49197418E-02
  0.61999999E+00  0.11200000E+01  0.50246906E-02
  0.61999999E+00  0.11400000E+01  0.51309734E-02
  0.61999999E+00  0.11600000E+01  0.52390574E-02
  0.61999999E+00  0.11800000E+01  0.53493592E-02
  0.61999999E+00  0.12000000E+01  0.54622096E-02
  0.61999999E+00  0.12200000E+01  0.55778144E-02
  0.61999999E+00  0.12400000E+01  0.56962094E-02
  0.61999999E+00  0.12600000E+01  0.58172108E-02
  0.61999999E+00  0.12800000E+01  0.59403625E-02
  0.61999999E+00  0.13000000E+01  0.60648795E-02
  0.61999999E+00  0.13200000E+01  0.61895924E-02
  0.61999999E+00  0.13400000E+01  0.63128920E-02
  0.61999999E+00  0.13600000E+01  0.64326818E-02
  0.61999999E+00  0.13800000E+01  0.65463411E-02
  0.61999999E+00  0.14000000E+01  0.66507079E-02
  0.61999999E+00  0.14200000E+01  0.67420923E-02
  0.61999999E+00  0.14400000E+01  0.68163357E-02
  0.61999999E+00  0.14600000E+01  0.68689383E-02
  0.61999999E+00  0.14800000E+01  0.68952877E-02
  0.61999999E+00  0.15000000E+01  0.68910405E-02
  0.61999999E+00  0.15200000E+01  0.68527389E-02
  0.61999999E+00  0.15400000E+01  0.67788094E-02
  0.61999999E+00  0.15600000E+01  0.66712250E-02
  0.61999999E+00  0.15800000E+01  0.65384496E-02
  0.61999999E+00  0.16000000E+01  0.64011519E-02
  0.61999999E+00  0.16200000E+01  0.63007121E-02
  0.61999999E+00  0.16400000E+01  0.64708570E-02
  0.61999999E+00  0.16600000E+01  0.66480630E-02
  0.61999999E+00  0.16800000E+01  0.68314882E-02
  0.61999999E+00  0.17000000E+01  0.70200769E-02
  0.61999999E+00  0.17200000E+01  0.72125655E-02
  0.61999999E+00  0.17400000E+01  0.74074972E-02
  0.61999999E+00  0.17600000E+01  0.76032468E-02
  0.61999999E+00  0.17800000E+01  0.77980570E-02
  0.61999999E+00  0.18000000E+01  0.79900871E-02
  0.61999999E+00  0.18200000E+01  0.81774770E-02
  0.61999999E+00  0.18400000E+01  0.83584251E-02
  0.61999999E+00  0.18600000E+01  0.85312831E-02
  0.61999999E+00  0.18800000E+01  0.86946651E-02
  0.61999999E+00  0.19000000E+01  0.88475716E-02
  0.61999999E+00  0.19200000E+01  0.89895232E-02
  0.61999999E+00  0.19400000E+01  0.91206989E-02
  0.61999999E+00  0.19600000E+01  0.92420697E-02
  0.61999999E+00  0.19800000E+01  0.93555103E-02
  0.61999999E+00  0.20000000E+01  0.94638662E-02
  0.63999999E+00  0.00000000E+00  0.14915044E-03
  0.63999999E+00  0.20000000E-01  0.26977585E-03
  0.63999999E+00  0.39999999E-01  0.39090456E-03
  0.63999999E+00  0.59999999E-01  0.51045908E-03
  0.63999999E+00  0.79999998E-01  0.62669104E-03
  0.63999999E+00  0.99999998E-01  0.73827172E-03
  0.63999999E+00  0.12000000E+00  0.84438236E-03
  0.63999999E+00  0.14000000E+00  0.94479828E-03
  0.63999999E+00  0.16000000E+00  0.10399588E-02
  0.63999999E+00  0.18000000E+00  0.11310108E-02
  0.63999999E+00  0.20000000E+00  0.12198076E-02
  0.63999999E+00  0.22000000E+00  0.13088368E-02
  0.63999999E+00  0.23999999E+00  0.14010334E-02
  0.63999999E+00  0.25999999E+00  0.14994086E-02
  0.63999999E+00  0.27999999E+00  0.16063698E-02
  0.63999999E+00  0.29999999E+00  0.17224893E-02
  0.63999999E+00  0.31999999E+00  0.18441759E-02
  0.63999999E+00  0.33999999E+00  0.19587480E-02
  0.63999999E+00  0.35999999E+00  0.20311340E-02
  0.63999999E+00  0.37999999E+00  0.19355693E-02
  0.63999999E+00  0.39999999E+00  0.16659571E-02
  0.63999999E+00  0.41999999E+00  0.17452859E-02
  0.63999999E+00  0.43999999E+00  0.18255456E-02
  0.63999999E+00  0.45999999E+00  0.19074496E-02
  0.63999999E+00  0.47999999E+00  0.19917901E-02
  0.63999999E+00  0.49999999E+00  0.20794211E-02
  0.63999999E+00  0.51999999E+00  0.21712365E-02
  0.63999999E+00  0.53999999E+00  0.22681427E-02
  0.63999999E+00  0.55999999E+00  0.23710255E-02
  0.63999999E+00  0.57999999E+00  0.24807105E-02
  0.63999999E+00  0.59999999E+00  0.25979162E-02
  0.63999999E+00  0.61999999E+00  0.27232008E-02
  0.63999999E+00  0.63999999E+00  0.28569013E-02
  0.63999999E+00  0.65999999E+00  0.29990653E-02
  0.63999999E+00  0.67999998E+00  0.31493773E-02
  0.63999999E+00  0.69999998E+00  0.33070787E-02
  0.63999999E+00  0.71999998E+00  0.34708862E-02
  0.63999999E+00  0.73999998E+00  0.36389088E-02
  0.63999999E+00  0.75999998E+00  0.38085711E-02
  0.63999999E+00  0.77999998E+00  0.39765476E-02
  0.63999999E+00  0.79999998E+00  0.41387210E-02
  0.63999999E+00  0.81999998E+00  0.42901771E-02
  0.63999999E+00  0.83999998E+00  0.44252623E-02
  0.63999999E+00  0.85999998E+00  0.45377353E-02
  0.63999999E+00  0.87999998E+00  0.46210694E-02
  0.63999999E+00  0.89999998E+00  0.46689923E-02
  0.63999999E+00  0.91999998E+00  0.46764174E-02
  0.63999999E+00  0.93999998E+00  0.46410566E-02
  0.63999999E+00  0.95999998E+00  0.45663106E-02
  0.63999999E+00  0.97999998E+00  0.44662832E-02
  0.63999999E+00  0.99999998E+00  0.44171265E-02
  0.63999999E+00  0.10200000E+01  0.45248034E-02
  0.63999999E+00  0.10400000E+01  0.46318986E-02
  0.63999999E+00  0.10600000E+01  0.47387115E-02
  0.63999999E+00  0.10800000E+01  0.48455706E-02
  0.63999999E+00  0.11000000E+01  0.49528197E-02
  0.63999999E+00  0.11200000E+01  0.50608009E-02
  0.63999999E+00  0.11400000E+01  0.51698343E-02
  0.63999999E+00  0.11600000E+01  0.52801925E-02
  0.63999999E+00  0.11800000E+01  0.53920718E-02
  0.63999999E+00  0.12000000E+01  0.55055587E-02
  0.63999999E+00  0.12200000E+01  0.56205923E-02
  0.63999999E+00  0.12400000E+01  0.57369239E-02
  0.63999999E+00  0.12600000E+01  0.58540723E-02
  0.63999999E+00  0.12800000E+01  0.59712791E-02
  0.63999999E+00  0.13000000E+01  0.60874633E-02
  0.63999999E+00  0.13200000E+01  0.62011786E-02
  0.63999999E+00  0.13400000E+01  0.63105780E-02
  0.63999999E+00  0.13600000E+01  0.64133890E-02
  0.63999999E+00  0.13800000E+01  0.65069081E-02
  0.63999999E+00  0.14000000E+01  0.65880229E-02
  0.63999999E+00  0.14200000E+01  0.66532775E-02
  0.63999999E+00  0.14400000E+01  0.66989990E-02
  0.63999999E+00  0.14600000E+01  0.67215160E-02
  0.63999999E+00  0.14800000E+01  0.67175152E-02
  0.63999999E+00  0.15000000E+01  0.66846107E-02
  0.63999999E+00  0.15200000E+01  0.66222612E-02
  0.63999999E+00  0.15400000E+01  0.65333037E-02
  0.63999999E+00  0.15600000E+01  0.64267247E-02
  0.63999999E+00  0.15800000E+01  0.63234240E-02
  0.63999999E+00  0.16000000E+01  0.62729502E-02
  0.63999999E+00  0.16200000E+01  0.64416425E-02
  0.63999999E+00  0.16400000E+01  0.66177394E-02
  0.63999999E+00  0.16600000E+01  0.68004271E-02
  0.63999999E+00  0.16800000E+01  0.69886692E-02
  0.63999999E+00  0.17000000E+01  0.71812123E-02
  0.63999999E+00  0.17200000E+01  0.73765992E-02
  0.63999999E+00  0.17400000E+01  0.75731927E-02
  0.63999999E+00  0.17600000E+01  0.77692108E-02
  0.63999999E+00  0.17800000E+01  0.79627754E-02
  0.63999999E+00  0.18000000E+01  0.81519756E-02
  0.63999999E+00  0.18200000E+01  0.83349461E-02
  0.63999999E+00  0.18400000E+01  0.85099626E-02
  0.63999999E+00  0.18600000E+01  0.86755526E-02
  0.63999999E+00  0.18800000E+01  0.88306210E-02
  0.63999999E+00  0.19000000E+01  0.89745868E-02
  0.63999999E+00  0.19200000E+01  0.91075253E-02
  0.63999999E+00  0.19400000E+01  0.92303062E-02
  0.63999999E+00  0.19600000E+01  0.93447112E-02
  0.63999999E+00  0.19800000E+01  0.94535077E-02
  0.63999999E+00  0.20000000E+01  0.95604413E-02
  0.65999999E+00  0.00000000E+00  0.16384079E-03
  0.65999999E+00  0.20000000E-01  0.28555543E-03
  0.65999999E+00  0.39999999E-01  0.40716423E-03
  0.65999999E+00  0.59999999E-01  0.52673896E-03
  0.65999999E+00  0.79999998E-01  0.64274314E-03
  0.65999999E+00  0.99999998E-01  0.75412584E-03
  0.65999999E+00  0.12000000E+00  0.86041066E-03
  0.65999999E+00  0.14000000E+00  0.96177181E-03
  0.65999999E+00  0.16000000E+00  0.10590854E-02
  0.65999999E+00  0.18000000E+00  0.11539381E-02
  0.65999999E+00  0.20000000E+00  0.12485670E-02
  0.65999999E+00  0.22000000E+00  0.13456868E-02
  0.65999999E+00  0.23999999E+00  0.14481374E-02
  0.65999999E+00  0.25999999E+00  0.15582266E-02
  0.65999999E+00  0.27999999E+00  0.16765299E-02
  0.65999999E+00  0.29999999E+00  0.17996104E-02
  0.65999999E+00  0.31999999E+00  0.19151817E-02
  0.65999999E+00  0.33999999E+00  0.19890504E-02
  0.65999999E+00  0.35999999E+00  0.18981661E-02
  0.65999999E+00  0.37999999E+00  0.16357837E-02
  0.65999999E+00  0.39999999E+00  0.17139056E-02
  0.65999999E+00  0.41999999E+00  0.17924467E-02
  0.65999999E+00  0.43999999E+00  0.18721579E-02
  0.65999999E+00  0.45999999E+00  0.19538861E-02
  0.65999999E+00  0.47999999E+00  0.20385557E-02
  0.65999999E+00  0.49999999E+00  0.21271460E-02
  0.65999999E+00  0.51999999E+00  0.22206614E-02
  0.65999999E+00  0.53999999E+00  0.23200957E-02
  0.65999999E+00  0.55999999E+00  0.24263892E-02
  0.65999999E+00  0.57999999E+00  0.25403773E-02
  0.65999999E+00  0.59999999E+00  0.26627315E-02
  0.65999999E+00  0.61999999E+00  0.27938930E-02
  0.65999999E+00  0.63999999E+00  0.29339968E-02
  0.65999999E+00  0.65999999E+00  0.30827897E-02
  0.65999999E+00  0.67999998E+00  0.32395422E-02
  0.65999999E+00  0.69999998E+00  0.34029567E-02
  0.65999999E+00  0.71999998E+00  0.35710758E-02
  0.65999999E+00  0.73999998E+00  0.37411964E-02
  0.65999999E+00  0.75999998E+00  0.39097973E-02
  0.65999999E+00  0.77999998E+00  0.40724928E-02
  0.65999999E+00  0.79999998E+00  0.42240294E-02
  0.65999999E+00  0.81999998E+00  0.43583526E-02
  0.65999999E+00  0.83999998E+00  0.44687831E-02
  0.65999999E+00  0.85999998E+00  0.45483663E-02
  0.65999999E+00  0.87999998E+00  0.45904994E-02
  0.65999999E+00  0.89999998E+00  0.45900246E-02
  0.65999999E+00  0.91999998E+00  0.45451583E-02
  0.65999999E+00  0.93999998E+00  0.44611156E-02
  0.65999999E+00  0.95999998E+00  0.43576914E-02
  0.65999999E+00  0.97999998E+00  0.43282673E-02
  0.65999999E+00  0.99999998E+00  0.44392854E-02
  0.65999999E+00  0.10200000E+01  0.45497589E-02
  0.65999999E+00  0.10400000E+01  0.46598640E-02
  0.65999999E+00  0.10600000E+01  0.47697942E-02
  0.65999999E+00  0.10800000E+01  0.48797482E-02
  0.65999999E+00  0.11000000E+01  0.49899166E-02
  0.65999999E+00  0.11200000E+01  0.51004642E-02
  0.65999999E+00  0.11400000E+01  0.52115098E-02
  0.65999999E+00  0.11600000E+01  0.53231022E-02
  0.65999999E+00  0.11800000E+01  0.54351935E-02
  0.65999999E+00  0.12000000E+01  0.55476090E-02
  0.65999999E+00  0.12200000E+01  0.56600154E-02
  0.65999999E+00  0.12400000E+01  0.57718863E-02
  0.65999999E+00  0.12600000E+01  0.58824680E-02
  0.65999999E+00  0.12800000E+01  0.59907461E-02
  0.65999999E+00  0.13000000E+01  0.60954162E-02
  0.65999999E+00  0.13200000E+01  0.61948610E-02
  0.65999999E+00  0.13400000E+01  0.62871389E-02
  0.65999999E+00  0.13600000E+01  0.63699907E-02
  0.65999999E+00  0.13800000E+01  0.64408719E-02
  0.65999999E+00  0.14000000E+01  0.64970238E-02
  0.65999999E+00  0.14200000E+01  0.65355994E-02
  0.65999999E+00  0.14400000E+01  0.65538713E-02
  0.65999999E+00  0.14600000E+01  0.65495594E-02
  0.65999999E+00  0.14800000E+01  0.65213467E-02
  0.65999999E+00  0.15000000E+01  0.64697019E-02
  0.65999999E+00  0.15200000E+01  0.63982558E-02
  0.65999999E+00  0.15400000E+01  0.63163275E-02
  0.65999999E+00  0.15600000E+01  0.62444831E-02
  0.65999999E+00  0.15800000E+01  0.62367083E-02
  0.65999999E+00  0.16000000E+01  0.64030397E-02
  0.65999999E+00  0.16200000E+01  0.65770411E-02
  0.65999999E+00  0.16400000E+01  0.67579387E-02
  0.65999999E+00  0.16600000E+01  0.69447315E-02
  0.65999999E+00  0.16800000E+01  0.71361942E-02
  0.65999999E+00  0.17000000E+01  0.73308901E-02
  0.65999999E+00  0.17200000E+01  0.75271929E-02
  0.65999999E+00  0.17400000E+01  0.77233213E-02
  0.65999999E+00  0.17600000E+01  0.79173864E-02
  0.65999999E+00  0.17800000E+01  0.81074542E-02
  0.65999999E+00  0.18000000E+01  0.82916238E-02
  0.65999999E+00  0.18200000E+01  0.84681221E-02
  0.65999999E+00  0.18400000E+01  0.86354154E-02
  0.65999999E+00  0.18600000E+01  0.87923356E-02
  0.65999999E+00  0.18800000E+01  0.89382184E-02
  0.65999999E+00  0.19000000E+01  0.90730480E-02
  0.65999999E+00  0.19200000E+01  0.91975980E-02
  0.65999999E+00  0.19400000E+01  0.93135533E-02
  0.65999999E+00  0.19600000E+01  0.94235904E-02
  0.65999999E+00  0.19800000E+01  0.95313765E-02
  0.65999999E+00  0.20000000E+01  0.96414322E-02
  0.67999998E+00  0.00000000E+00  0.18018538E-03
  0.67999998E+00  0.20000000E-01  0.30255191E-03
  0.67999998E+00  0.39999999E-01  0.42430851E-03
  0.67999998E+00  0.59999999E-01  0.54372513E-03
  0.67999998E+00  0.79999998E-01  0.65952703E-03
  0.67999998E+00  0.99999998E-01  0.77098809E-03
  0.67999998E+00  0.12000000E+00  0.87801282E-03
  0.67999998E+00  0.14000000E+00  0.98119537E-03
  0.67999998E+00  0.16000000E+00  0.10818384E-02
  0.67999998E+00  0.18000000E+00  0.11819051E-02
  0.67999998E+00  0.20000000E+00  0.12838640E-02
  0.67999998E+00  0.22000000E+00  0.13903568E-02
  0.67999998E+00  0.23999999E+00  0.15035702E-02
  0.67999998E+00  0.25999999E+00  0.16240771E-02
  0.67999998E+00  0.27999999E+00  0.17486224E-02
  0.67999998E+00  0.29999999E+00  0.18654148E-02
  0.67999998E+00  0.31999999E+00  0.19414138E-02
  0.67999998E+00  0.33999999E+00  0.18572657E-02
  0.67999998E+00  0.35999999E+00  0.16056177E-02
  0.67999998E+00  0.37999999E+00  0.16833218E-02
  0.67999998E+00  0.39999999E+00  0.17609138E-02
  0.67999998E+00  0.41999999E+00  0.18391663E-02
  0.67999998E+00  0.43999999E+00  0.19189651E-02
  0.67999998E+00  0.45999999E+00  0.20012909E-02
  0.67999998E+00  0.47999999E+00  0.20871952E-02
  0.67999998E+00  0.49999999E+00  0.21777695E-02
  0.67999998E+00  0.51999999E+00  0.22741068E-02
  0.67999998E+00  0.53999999E+00  0.23772554E-02
  0.67999998E+00  0.55999999E+00  0.24881644E-02
  0.67999998E+00  0.57999999E+00  0.26076193E-02
  0.67999998E+00  0.59999999E+00  0.27361689E-02
  0.67999998E+00  0.61999999E+00  0.28740438E-02
  0.67999998E+00  0.63999999E+00  0.30210657E-02
  0.67999998E+00  0.65999999E+00  0.31765506E-02
  0.67999998E+00  0.67999998E+00  0.33392079E-02
  0.67999998E+00  0.69999998E+00  0.35070388E-02
  0.67999998E+00  0.71999998E+00  0.36772411E-02
  0.67999998E+00  0.73999998E+00  0.38461290E-02
  0.67999998E+00  0.75999998E+00  0.40090809E-02
  0.67999998E+00  0.77999998E+00  0.41605353E-02
  0.67999998E+00  0.79999998E+00  0.42940646E-02
  0.67999998E+00  0.81999998E+00  0.44025708E-02
  0.67999998E+00  0.83999998E+00  0.44786760E-02
  0.67999998E+00  0.85999998E+00  0.45154271E-02
  0.67999998E+00  0.87999998E+00  0.45075320E-02
  0.67999998E+00  0.89999998E+00  0.44535720E-02
  0.67999998E+00  0.91999998E+00  0.43602730E-02
  0.67999998E+00  0.93999998E+00  0.42522947E-02
  0.67999998E+00  0.95999998E+00  0.42382005E-02
  0.67999998E+00  0.97999998E+00  0.43525365E-02
  0.67999998E+00  0.99999998E+00  0.44664526E-02
  0.67999998E+00  0.10200000E+01  0.45800057E-02
  0.67999998E+00  0.10400000E+01  0.46932558E-02
  0.67999998E+00  0.10600000E+01  0.48062567E-02
  0.67999998E+00  0.10800000E+01  0.49190445E-02
  0.67999998E+00  0.11000000E+01  0.50316237E-02
  0.67999998E+00  0.11200000E+01  0.51439512E-02
  0.67999998E+00  0.11400000E+01  0.52559178E-02
  0.67999998E+00  0.11600000E+01  0.53673279E-02
  0.67999998E+00  0.11800000E+01  0.54778774E-02
  0.67999998E+00  0.12000000E+01  0.55871302E-02
  0.67999998E+00  0.12200000E+01  0.56944944E-02
  0.67999998E+00  0.12400000E+01  0.57991993E-02
  0.67999998E+00  0.12600000E+01  0.59002747E-02
  0.67999998E+00  0.12800000E+01  0.59965348E-02
  0.67999998E+00  0.13000000E+01  0.60865694E-02
  0.67999998E+00  0.13200000E+01  0.61687467E-02
  0.67999998E+00  0.13400000E+01  0.62412325E-02
  0.67999998E+00  0.13600000E+01  0.63020339E-02
  0.67999998E+00  0.13800000E+01  0.63490766E-02
  0.67999998E+00  0.14000000E+01  0.63803303E-02
  0.67999998E+00  0.14200000E+01  0.63940044E-02
  0.67999998E+00  0.14400000E+01  0.63888453E-02
  0.67999998E+00  0.14600000E+01  0.63645919E-02
  0.67999998E+00  0.14800000E+01  0.63226914E-02
  0.67999998E+00  0.15000000E+01  0.62674910E-02
  0.67999998E+00  0.15200000E+01  0.62084492E-02
  0.67999998E+00  0.15400000E+01  0.61652316E-02
  0.67999998E+00  0.15600000E+01  0.61924430E-02
  0.67999998E+00  0.15800000E+01  0.63555927E-02
  0.67999998E+00  0.16000000E+01  0.65265919E-02
  0.67999998E+00  0.16200000E+01  0.67047179E-02
  0.67999998E+00  0.16400000E+01  0.68890182E-02
  0.67999998E+00  0.16600000E+01  0.70783125E-02
  0.67999998E+00  0.16800000E+01  0.72712035E-02
  0.67999998E+00  0.17000000E+01  0.74660978E-02
  0.67999998E+00  0.17200000E+01  0.76612389E-02
  0.67999998E+00  0.17400000E+01  0.78547532E-02
  0.67999998E+00  0.17600000E+01  0.80447110E-02
  0.67999998E+00  0.17800000E+01  0.82292037E-02
  0.67999998E+00  0.18000000E+01  0.84064377E-02
  0.67999998E+00  0.18200000E+01  0.85748446E-02
  0.67999998E+00  0.18400000E+01  0.87332077E-02
  0.67999998E+00  0.18600000E+01  0.88807998E-02
  0.67999998E+00  0.18800000E+01  0.90175292E-02
  0.67999998E+00  0.19000000E+01  0.91440817E-02
  0.67999998E+00  0.19200000E+01  0.92620460E-02
  0.67999998E+00  0.19400000E+01  0.93739974E-02
  0.67999998E+00  0.19600000E+01  0.94835048E-02
  0.67999998E+00  0.19800000E+01  0.95950023E-02
  0.67999998E+00  0.20000000E+01  0.97134381E-02
  0.69999998E+00  0.00000000E+00  0.19858419E-03
  0.69999998E+00  0.20000000E-01  0.32122760E-03
  0.69999998E+00  0.39999999E-01  0.44288797E-03
  0.69999998E+00  0.59999999E-01  0.56208019E-03
  0.69999998E+00  0.79999998E-01  0.67783551E-03
  0.69999998E+00  0.99999998E-01  0.78978915E-03
  0.69999998E+00  0.12000000E+00  0.89824694E-03
  0.69999998E+00  0.14000000E+00  0.10042143E-02
  0.69999998E+00  0.16000000E+00  0.11093622E-02
  0.69999998E+00  0.18000000E+00  0.12158892E-02
  0.69999998E+00  0.20000000E+00  0.13262145E-02
  0.69999998E+00  0.22000000E+00  0.14423834E-02
  0.69999998E+00  0.23999999E+00  0.15649588E-02
  0.69999998E+00  0.25999999E+00  0.16908905E-02
  0.69999998E+00  0.27999999E+00  0.18089713E-02
  0.69999998E+00  0.29999999E+00  0.18875655E-02
  0.69999998E+00  0.31999999E+00  0.18119173E-02
  0.69999998E+00  0.33999999E+00  0.15741734E-02
  0.69999998E+00  0.35999999E+00  0.16522281E-02
  0.69999998E+00  0.37999999E+00  0.17296355E-02
  0.69999998E+00  0.39999999E+00  0.18071732E-02
  0.69999998E+00  0.41999999E+00  0.18857496E-02
  0.69999998E+00  0.43999999E+00  0.19663861E-02
  0.69999998E+00  0.45999999E+00  0.20501920E-02
  0.69999998E+00  0.47999999E+00  0.21383327E-02
  0.69999998E+00  0.49999999E+00  0.22319895E-02
  0.69999998E+00  0.51999999E+00  0.23323106E-02
  0.69999998E+00  0.53999999E+00  0.24403530E-02
  0.69999998E+00  0.55999999E+00  0.25570135E-02
  0.69999998E+00  0.57999999E+00  0.26829506E-02
  0.69999998E+00  0.59999999E+00  0.28184960E-02
  0.69999998E+00  0.61999999E+00  0.29635563E-02
  0.69999998E+00  0.63999999E+00  0.31175079E-02
  0.69999998E+00  0.65999999E+00  0.32790865E-02
  0.69999998E+00  0.67999998E+00  0.34462761E-02
  0.69999998E+00  0.69999998E+00  0.36162039E-02
  0.69999998E+00  0.71999998E+00  0.37850510E-02
  0.69999998E+00  0.73999998E+00  0.39479939E-02
  0.69999998E+00  0.75999998E+00  0.40991974E-02
  0.69999998E+00  0.77999998E+00  0.42318928E-02
  0.69999998E+00  0.79999998E+00  0.43385886E-02
  0.69999998E+00  0.81999998E+00  0.44114966E-02
  0.69999998E+00  0.83999998E+00  0.44433030E-02
  0.69999998E+00  0.85999998E+00  0.44285325E-02
  0.69999998E+00  0.87999998E+00  0.43660106E-02
  0.69999998E+00  0.89999998E+00  0.42637018E-02
  0.69999998E+00  0.91999998E+00  0.41503856E-02
  0.69999998E+00  0.93999998E+00  0.41479113E-02
  0.69999998E+00  0.95999998E+00  0.42654798E-02
  0.69999998E+00  0.97999998E+00  0.43828362E-02
  0.69999998E+00  0.99999998E+00  0.44999236E-02
  0.69999998E+00  0.10200000E+01  0.46166728E-02
  0.69999998E+00  0.10400000E+01  0.47329945E-02
  0.69999998E+00  0.10600000E+01  0.48487700E-02
  0.69999998E+00  0.10800000E+01  0.49638405E-02
  0.69999998E+00  0.11000000E+01  0.50779957E-02
  0.69999998E+00  0.11200000E+01  0.51909601E-02
  0.69999998E+00  0.11400000E+01  0.53023794E-02
  0.69999998E+00  0.11600000E+01  0.54118059E-02
  0.69999998E+00  0.11800000E+01  0.55186841E-02
  0.69999998E+00  0.12000000E+01  0.56223376E-02
  0.69999998E+00  0.12200000E+01  0.57219573E-02
  0.69999998E+00  0.12400000E+01  0.58165941E-02
  0.69999998E+00  0.12600000E+01  0.59051567E-02
  0.69999998E+00  0.12800000E+01  0.59864174E-02
  0.69999998E+00  0.13000000E+01  0.60590294E-02
  0.69999998E+00  0.13200000E+01  0.61215604E-02
  0.69999998E+00  0.13400000E+01  0.61725475E-02
  0.69999998E+00  0.13600000E+01  0.62105811E-02
  0.69999998E+00  0.13800000E+01  0.62344312E-02
  0.69999998E+00  0.14000000E+01  0.62432287E-02
  0.69999998E+00  0.14200000E+01  0.62367306E-02
  0.69999998E+00  0.14400000E+01  0.62157102E-02
  0.69999998E+00  0.14600000E+01  0.61825547E-02
  0.69999998E+00  0.14800000E+01  0.61422456E-02
  0.69999998E+00  0.15000000E+01  0.61041890E-02
  0.69999998E+00  0.15200000E+01  0.60865954E-02
  0.69999998E+00  0.15400000E+01  0.61408829E-02
  0.69999998E+00  0.15600000E+01  0.63001316E-02
  0.69999998E+00  0.15800000E+01  0.64673181E-02
  0.69999998E+00  0.16000000E+01  0.66417796E-02
  0.69999998E+00  0.16200000E+01  0.68226237E-02
  0.69999998E+00  0.16400000E+01  0.70087293E-02
  0.69999998E+00  0.16600000E+01  0.71987559E-02
  0.69999998E+00  0.16800000E+01  0.73911634E-02
  0.69999998E+00  0.17000000E+01  0.75842426E-02
  0.69999998E+00  0.17200000E+01  0.77761600E-02
  0.69999998E+00  0.17400000E+01  0.79650171E-02
  0.69999998E+00  0.17600000E+01  0.81489253E-02
  0.69999998E+00  0.17800000E+01  0.83260981E-02
  0.69999998E+00  0.18000000E+01  0.84949600E-02
  0.69999998E+00  0.18200000E+01  0.86542708E-02
  0.69999998E+00  0.18400000E+01  0.88032629E-02
  0.69999998E+00  0.18600000E+01  0.89417857E-02
  0.69999998E+00  0.18800000E+01  0.90704485E-02
  0.69999998E+00  0.19000000E+01  0.91907465E-02
  0.69999998E+00  0.19200000E+01  0.93051479E-02
  0.69999998E+00  0.19400000E+01  0.94171060E-02
  0.69999998E+00  0.19600000E+01  0.95309407E-02
  0.69999998E+00  0.19800000E+01  0.96515027E-02
  0.69999998E+00  0.20000000E+01  0.97834744E-02
  0.71999998E+00  0.00000000E+00  0.21946520E-03
  0.71999998E+00  0.20000000E-01  0.34207100E-03
  0.71999998E+00  0.39999999E-01  0.46347151E-03
  0.71999998E+00  0.59999999E-01  0.58246774E-03
  0.71999998E+00  0.79999998E-01  0.69843124E-03
  0.71999998E+00  0.99999998E-01  0.81137813E-03
  0.71999998E+00  0.12000000E+00  0.92200846E-03
  0.71999998E+00  0.14000000E+00  0.10316861E-02
  0.71999998E+00  0.16000000E+00  0.11423206E-02
  0.71999998E+00  0.18000000E+00  0.12560867E-02
  0.71999998E+00  0.20000000E+00  0.13748688E-02
  0.71999998E+00  0.22000000E+00  0.14992116E-02
  0.71999998E+00  0.23999999E+00  0.16262886E-02
  0.71999998E+00  0.25999999E+00  0.17455558E-02
  0.71999998E+00  0.27999999E+00  0.18270098E-02
  0.71999998E+00  0.29999999E+00  0.17613106E-02
  0.71999998E+00  0.31999999E+00  0.15402778E-02
  0.71999998E+00  0.33999999E+00  0.16194127E-02
  0.71999998E+00  0.35999999E+00  0.16973773E-02
  0.71999998E+00  0.37999999E+00  0.17749368E-02
  0.71999998E+00  0.39999999E+00  0.18530054E-02
  0.71999998E+00  0.41999999E+00  0.19326285E-02
  0.71999998E+00  0.43999999E+00  0.20149574E-02
  0.71999998E+00  0.45999999E+00  0.21012172E-02
  0.71999998E+00  0.47999999E+00  0.21926646E-02
  0.71999998E+00  0.49999999E+00  0.22905372E-02
  0.71999998E+00  0.51999999E+00  0.23959920E-02
  0.71999998E+00  0.53999999E+00  0.25100327E-02
  0.71999998E+00  0.55999999E+00  0.26334265E-02
  0.71999998E+00  0.57999999E+00  0.27666093E-02
  0.71999998E+00  0.59999999E+00  0.29095805E-02
  0.71999998E+00  0.61999999E+00  0.30617894E-02
  0.71999998E+00  0.63999999E+00  0.32220159E-02
  0.71999998E+00  0.65999999E+00  0.33882494E-02
  0.71999998E+00  0.67999998E+00  0.35575738E-02
  0.71999998E+00  0.69999998E+00  0.37260693E-02
  0.71999998E+00  0.71999998E+00  0.38887453E-02
  0.71999998E+00  0.73999998E+00  0.40395295E-02
  0.71999998E+00  0.75999998E+00  0.41713473E-02
  0.71999998E+00  0.77999998E+00  0.42763447E-02
  0.71999998E+00  0.79999998E+00  0.43463423E-02
  0.71999998E+00  0.81999998E+00  0.43736656E-02
  0.71999998E+00  0.83999998E+00  0.43526194E-02
  0.71999998E+00  0.85999998E+00  0.42821705E-02
  0.71999998E+00  0.87999998E+00  0.41712794E-02
  0.71999998E+00  0.89999998E+00  0.40521786E-02
  0.71999998E+00  0.91999998E+00  0.40582519E-02
  0.71999998E+00  0.93999998E+00  0.41789105E-02
  0.71999998E+00  0.95999998E+00  0.42996412E-02
  0.71999998E+00  0.97999998E+00  0.44202811E-02
  0.71999998E+00  0.99999998E+00  0.45406378E-02
  0.71999998E+00  0.10200000E+01  0.46604828E-02
  0.71999998E+00  0.10400000E+01  0.47795446E-02
  0.71999998E+00  0.10600000E+01  0.48975011E-02
  0.71999998E+00  0.10800000E+01  0.50139713E-02
  0.71999998E+00  0.11000000E+01  0.51285077E-02
  0.71999998E+00  0.11200000E+01  0.52405883E-02
  0.71999998E+00  0.11400000E+01  0.53496100E-02
  0.71999998E+00  0.11600000E+01  0.54548832E-02
  0.71999998E+00  0.11800000E+01  0.55556289E-02
  0.71999998E+00  0.12000000E+01  0.56509793E-02
  0.71999998E+00  0.12200000E+01  0.57399836E-02
  0.71999998E+00  0.12400000E+01  0.58216202E-02
  0.71999998E+00  0.12600000E+01  0.58948177E-02
  0.71999998E+00  0.12800000E+01  0.59584879E-02
  0.71999998E+00  0.13000000E+01  0.60115735E-02
  0.71999998E+00  0.13200000E+01  0.60531151E-02
  0.71999998E+00  0.13400000E+01  0.60823438E-02
  0.71999998E+00  0.13600000E+01  0.60988058E-02
  0.71999998E+00  0.13800000E+01  0.61025315E-02
  0.71999998E+00  0.14000000E+01  0.60942652E-02
  0.71999998E+00  0.14200000E+01  0.60757860E-02
  0.71999998E+00  0.14400000E+01  0.60503765E-02
  0.71999998E+00  0.14600000E+01  0.60235691E-02
  0.71999998E+00  0.14800000E+01  0.60045310E-02
  0.71999998E+00  0.15000000E+01  0.60094868E-02
  0.71999998E+00  0.15200000E+01  0.60829620E-02
  0.71999998E+00  0.15400000E+01  0.62377021E-02
  0.71999998E+00  0.15600000E+01  0.64003738E-02
  0.71999998E+00  0.15800000E+01  0.65703806E-02
  0.71999998E+00  0.16000000E+01  0.67468997E-02
  0.71999998E+00  0.16200000E+01  0.69288815E-02
  0.71999998E+00  0.16400000E+01  0.71150578E-02
  0.71999998E+00  0.16600000E+01  0.73039593E-02
  0.71999998E+00  0.16800000E+01  0.74939453E-02
  0.71999998E+00  0.17000000E+01  0.76832460E-02
  0.71999998E+00  0.17200000E+01  0.78700190E-02
  0.71999998E+00  0.17400000E+01  0.80524226E-02
  0.71999998E+00  0.17600000E+01  0.82287053E-02
  0.71999998E+00  0.17800000E+01  0.83973113E-02
  0.71999998E+00  0.18000000E+01  0.85570031E-02
  0.71999998E+00  0.18200000E+01  0.87069954E-02
  0.71999998E+00  0.18400000E+01  0.88470979E-02
  0.71999998E+00  0.18600000E+01  0.89778565E-02
  0.71999998E+00  0.18800000E+01  0.91006785E-02
  0.71999998E+00  0.19000000E+01  0.92179216E-02
  0.71999998E+00  0.19200000E+01  0.93329095E-02
  0.71999998E+00  0.19400000E+01  0.94498227E-02
  0.71999998E+00  0.19600000E+01  0.95733785E-02
  0.71999998E+00  0.19800000E+01  0.97081598E-02
  0.71999998E+00  0.20000000E+01  0.98573525E-02
  0.73999998E+00  0.00000000E+00  0.24324585E-03
  0.73999998E+00  0.20000000E-01  0.36554671E-03
  0.73999998E+00  0.39999999E-01  0.48658120E-03
  0.73999998E+00  0.59999999E-01  0.60546827E-03
  0.73999998E+00  0.79999998E-01  0.72193831E-03
  0.73999998E+00  0.99999998E-01  0.83638274E-03
  0.73999998E+00  0.12000000E+00  0.94984855E-03
  0.73999998E+00  0.14000000E+00  0.10639406E-02
  0.73999998E+00  0.16000000E+00  0.11805705E-02
  0.73999998E+00  0.18000000E+00  0.13014442E-02
  0.73999998E+00  0.20000000E+00  0.14270794E-02
  0.73999998E+00  0.22000000E+00  0.15548882E-02
  0.73999998E+00  0.23999999E+00  0.16750588E-02
  0.73999998E+00  0.25999999E+00  0.17594239E-02
  0.73999998E+00  0.27999999E+00  0.17047915E-02
  0.73999998E+00  0.29999999E+00  0.15028937E-02
  0.73999998E+00  0.31999999E+00  0.15837830E-02
  0.73999998E+00  0.33999999E+00  0.16630070E-02
  0.73999998E+00  0.35999999E+00  0.17413011E-02
  0.73999998E+00  0.37999999E+00  0.18195678E-02
  0.73999998E+00  0.39999999E+00  0.18988592E-02
  0.73999998E+00  0.41999999E+00  0.19803522E-02
  0.73999998E+00  0.43999999E+00  0.20653156E-02
  0.73999998E+00  0.45999999E+00  0.21550673E-02
  0.73999998E+00  0.47999999E+00  0.22509220E-02
  0.73999998E+00  0.49999999E+00  0.23541268E-02
  0.73999998E+00  0.51999999E+00  0.24657855E-02
  0.73999998E+00  0.53999999E+00  0.25867707E-02
  0.73999998E+00  0.55999999E+00  0.27176233E-02
  0.73999998E+00  0.57999999E+00  0.28584407E-02
  0.73999998E+00  0.59999999E+00  0.30087558E-02
  0.73999998E+00  0.61999999E+00  0.31674081E-02
  0.73999998E+00  0.63999999E+00  0.33324135E-02
  0.73999998E+00  0.65999999E+00  0.35008392E-02
  0.73999998E+00  0.67999998E+00  0.36686955E-02
  0.73999998E+00  0.69999998E+00  0.38308604E-02
  0.73999998E+00  0.71999998E+00  0.39810626E-02
  0.73999998E+00  0.73999998E+00  0.41119596E-02
  0.73999998E+00  0.75999998E+00  0.42153698E-02
  0.73999998E+00  0.77999998E+00  0.42827489E-02
  0.73999998E+00  0.79999998E+00  0.43060694E-02
  0.73999998E+00  0.81999998E+00  0.42793915E-02
  0.73999998E+00  0.83999998E+00  0.42017369E-02
  0.73999998E+00  0.85999998E+00  0.40828479E-02
  0.73999998E+00  0.87999998E+00  0.39578149E-02
  0.73999998E+00  0.89999998E+00  0.39699414E-02
  0.73999998E+00  0.91999998E+00  0.40934957E-02
  0.73999998E+00  0.93999998E+00  0.42174753E-02
  0.73999998E+00  0.95999998E+00  0.43416204E-02
  0.73999998E+00  0.97999998E+00  0.44656229E-02
  0.73999998E+00  0.99999998E+00  0.45891214E-02
  0.73999998E+00  0.10200000E+01  0.47116958E-02
  0.73999998E+00  0.10400000E+01  0.48328622E-02
  0.73999998E+00  0.10600000E+01  0.49520687E-02
  0.73999998E+00  0.10800000E+01  0.50686921E-02
  0.73999998E+00  0.11000000E+01  0.51820364E-02
  0.73999998E+00  0.11200000E+01  0.52913333E-02
  0.73999998E+00  0.11400000E+01  0.53957462E-02
  0.73999998E+00  0.11600000E+01  0.54943775E-02
  0.73999998E+00  0.11800000E+01  0.55862816E-02
  0.73999998E+00  0.12000000E+01  0.56704837E-02
  0.73999998E+00  0.12200000E+01  0.57460073E-02
  0.73999998E+00  0.12400000E+01  0.58119106E-02
  0.73999998E+00  0.12600000E+01  0.58673354E-02
  0.73999998E+00  0.12800000E+01  0.59115701E-02
  0.73999998E+00  0.13000000E+01  0.59441295E-02
  0.73999998E+00  0.13200000E+01  0.59648555E-02
  0.73999998E+00  0.13400000E+01  0.59740423E-02
  0.73999998E+00  0.13600000E+01  0.59725909E-02
  0.73999998E+00  0.13800000E+01  0.59622037E-02
  0.73999998E+00  0.14000000E+01  0.59456308E-02
  0.73999998E+00  0.14200000E+01  0.59270018E-02
  0.73999998E+00  0.14400000E+01  0.59123166E-02
  0.73999998E+00  0.14600000E+01  0.59103267E-02
  0.73999998E+00  0.14800000E+01  0.59347727E-02
  0.73999998E+00  0.15000000E+01  0.60197568E-02
  0.73999998E+00  0.15200000E+01  0.61694987E-02
  0.73999998E+00  0.15400000E+01  0.63270702E-02
  0.73999998E+00  0.15600000E+01  0.64919454E-02
  0.73999998E+00  0.15800000E+01  0.66633781E-02
  0.73999998E+00  0.16000000E+01  0.68404002E-02
  0.73999998E+00  0.16200000E+01  0.70218285E-02
  0.73999998E+00  0.16400000E+01  0.72062809E-02
  0.73999998E+00  0.16600000E+01  0.73922040E-02
  0.73999998E+00  0.16800000E+01  0.75779125E-02
  0.73999998E+00  0.17000000E+01  0.77616443E-02
  0.73999998E+00  0.17200000E+01  0.79416302E-02
  0.73999998E+00  0.17400000E+01  0.81161795E-02
  0.73999998E+00  0.17600000E+01  0.82837835E-02
  0.73999998E+00  0.17800000E+01  0.84432328E-02
  0.73999998E+00  0.18000000E+01  0.85937483E-02
  0.73999998E+00  0.18200000E+01  0.87351200E-02
  0.73999998E+00  0.18400000E+01  0.88678448E-02
  0.73999998E+00  0.18600000E+01  0.89932503E-02
  0.73999998E+00  0.18800000E+01  0.91135822E-02
  0.73999998E+00  0.19000000E+01  0.92320238E-02
  0.73999998E+00  0.19200000E+01  0.93525937E-02
  0.73999998E+00  0.19400000E+01  0.94798419E-02
  0.73999998E+00  0.19600000E+01  0.96182085E-02
  0.73999998E+00  0.19800000E+01  0.97708130E-02
  0.73999998E+00  0.20000000E+01  0.99372453E-02
  0.75999998E+00  0.00000000E+00  0.27027635E-03
  0.75999998E+00  0.20000000E-01  0.39202355E-03
  0.75999998E+00  0.39999999E-01  0.51260195E-03
  0.75999998E+00  0.59999999E-01  0.63146569E-03
  0.75999998E+00  0.79999998E-01  0.74869977E-03
  0.75999998E+00  0.99999998E-01  0.86502933E-03
  0.75999998E+00  0.12000000E+00  0.98174348E-03
  0.75999998E+00  0.14000000E+00  0.11004755E-02
  0.75999998E+00  0.16000000E+00  0.12227373E-02
  0.75999998E+00  0.18000000E+00  0.13490109E-02
  0.75999998E+00  0.20000000E+00  0.14769584E-02
  0.75999998E+00  0.22000000E+00  0.15975602E-02
  0.75999998E+00  0.23999999E+00  0.16846648E-02
  0.75999998E+00  0.25999999E+00  0.16418749E-02
  0.75999998E+00  0.27999999E+00  0.14611382E-02
  0.75999998E+00  0.29999999E+00  0.15443857E-02
  0.75999998E+00  0.31999999E+00  0.16255157E-02
  0.75999998E+00  0.33999999E+00  0.17052173E-02
  0.75999998E+00  0.35999999E+00  0.17843637E-02
  0.75999998E+00  0.37999999E+00  0.18639960E-02
  0.75999998E+00  0.39999999E+00  0.19452991E-02
  0.75999998E+00  0.41999999E+00  0.20295689E-02
  0.75999998E+00  0.43999999E+00  0.21181689E-02
  0.75999998E+00  0.45999999E+00  0.22124770E-02
  0.75999998E+00  0.47999999E+00  0.23138186E-02
  0.75999998E+00  0.49999999E+00  0.24233890E-02
  0.75999998E+00  0.51999999E+00  0.25421602E-02
  0.75999998E+00  0.53999999E+00  0.26707767E-02
  0.75999998E+00  0.55999999E+00  0.28094372E-02
  0.75999998E+00  0.57999999E+00  0.29577656E-02
  0.75999998E+00  0.59999999E+00  0.31146748E-02
  0.75999998E+00  0.61999999E+00  0.32782262E-02
  0.75999998E+00  0.63999999E+00  0.34454955E-02
  0.75999998E+00  0.65999999E+00  0.36124534E-02
  0.75999998E+00  0.67999998E+00  0.37738819E-02
  0.75999998E+00  0.69999998E+00  0.39233492E-02
  0.75999998E+00  0.71999998E+00  0.40532861E-02
  0.75999998E+00  0.73999998E+00  0.41552214E-02
  0.75999998E+00  0.75999998E+00  0.42202773E-02
  0.75999998E+00  0.77999998E+00  0.42400889E-02
  0.75999998E+00  0.79999998E+00  0.42084574E-02
  0.75999998E+00  0.81999998E+00  0.41243892E-02
  0.75999998E+00  0.83999998E+00  0.39982191E-02
  0.75999998E+00  0.85999998E+00  0.38673669E-02
  0.75999998E+00  0.87999998E+00  0.38835679E-02
  0.75999998E+00  0.89999998E+00  0.40097784E-02
  0.75999998E+00  0.91999998E+00  0.41368277E-02
  0.75999998E+00  0.93999998E+00  0.42643690E-02
  0.75999998E+00  0.95999998E+00  0.43919881E-02
  0.75999998E+00  0.97999998E+00  0.45191987E-02
  0.75999998E+00  0.99999998E+00  0.46454381E-02
  0.75999998E+00  0.10200000E+01  0.47700648E-02
  0.75999998E+00  0.10400000E+01  0.48923576E-02
  0.75999998E+00  0.10600000E+01  0.50115165E-02
  0.75999998E+00  0.10800000E+01  0.51266674E-02
  0.75999998E+00  0.11000000E+01  0.52368698E-02
  0.75999998E+00  0.11200000E+01  0.53411293E-02
  0.75999998E+00  0.11400000E+01  0.54384156E-02
  0.75999998E+00  0.11600000E+01  0.55276876E-02
  0.75999998E+00  0.11800000E+01  0.56079258E-02
  0.75999998E+00  0.12000000E+01  0.56781743E-02
  0.75999998E+00  0.12200000E+01  0.57375942E-02
  0.75999998E+00  0.12400000E+01  0.57855279E-02
  0.75999998E+00  0.12600000E+01  0.58215783E-02
  0.75999998E+00  0.12800000E+01  0.58457023E-02
  0.75999998E+00  0.13000000E+01  0.58583195E-02
  0.75999998E+00  0.13200000E+01  0.58604386E-02
  0.75999998E+00  0.13400000E+01  0.58537981E-02
  0.75999998E+00  0.13600000E+01  0.58410231E-02
  0.75999998E+00  0.13800000E+01  0.58257959E-02
  0.75999998E+00  0.14000000E+01  0.58130418E-02
  0.75999998E+00  0.14200000E+01  0.58091466E-02
  0.75999998E+00  0.14400000E+01  0.58222818E-02
  0.75999998E+00  0.14600000E+01  0.58632478E-02
  0.75999998E+00  0.14800000E+01  0.59524278E-02
  0.75999998E+00  0.15000000E+01  0.60968034E-02
  0.75999998E+00  0.15200000E+01  0.62488110E-02
  0.75999998E+00  0.15400000E+01  0.64079977E-02
  0.75999998E+00  0.15600000E+01  0.65736987E-02
  0.75999998E+00  0.15800000E+01  0.67450348E-02
  0.75999998E+00  0.16000000E+01  0.69209188E-02
  0.75999998E+00  0.16200000E+01  0.71000690E-02
  0.75999998E+00  0.16400000E+01  0.72810355E-02
  0.75999998E+00  0.16600000E+01  0.74622374E-02
  0.75999998E+00  0.16800000E+01  0.76420143E-02
  0.75999998E+00  0.17000000E+01  0.78186929E-02
  0.75999998E+00  0.17200000E+01  0.79906691E-02
  0.75999998E+00  0.17400000E+01  0.81565063E-02
  0.75999998E+00  0.17600000E+01  0.83150490E-02
  0.75999998E+00  0.17800000E+01  0.84655477E-02
  0.75999998E+00  0.18000000E+01  0.86077935E-02
  0.75999998E+00  0.18200000E+01  0.87422502E-02
  0.75999998E+00  0.18400000E+01  0.88701748E-02
  0.75999998E+00  0.18600000E+01  0.89937026E-02
  0.75999998E+00  0.18800000E+01  0.91158676E-02
  0.75999998E+00  0.19000000E+01  0.92405065E-02
  0.75999998E+00  0.19200000E+01  0.93719707E-02
  0.75999998E+00  0.19400000E+01  0.95145147E-02
  0.75999998E+00  0.19600000E+01  0.96711427E-02
  0.75999998E+00  0.19800000E+01  0.98415009E-02
  0.75999998E+00  0.20000000E+01  0.10017972E-01
  0.77999998E+00  0.00000000E+00  0.30076107E-03
  0.77999998E+00  0.20000000E-01  0.42167801E-03
  0.77999998E+00  0.39999999E-01  0.54166290E-03
  0.77999998E+00  0.59999999E-01  0.66050210E-03
  0.77999998E+00  0.79999998E-01  0.77859934E-03
  0.77999998E+00  0.99999998E-01  0.89692164E-03
  0.77999998E+00  0.12000000E+00  0.10168126E-02
  0.77999998E+00  0.14000000E+00  0.11395774E-02
  0.77999998E+00  0.16000000E+00  0.12656542E-02
  0.77999998E+00  0.18000000E+00  0.13929638E-02
  0.77999998E+00  0.20000000E+00  0.15133294E-02
  0.77999998E+00  0.22000000E+00  0.16027730E-02
  0.77999998E+00  0.23999999E+00  0.15722531E-02
  0.77999998E+00  0.25999999E+00  0.14142975E-02
  0.77999998E+00  0.27999999E+00  0.15004220E-02
  0.77999998E+00  0.29999999E+00  0.15840351E-02
  0.77999998E+00  0.31999999E+00  0.16657625E-02
  0.77999998E+00  0.33999999E+00  0.17464308E-02
  0.77999998E+00  0.35999999E+00  0.18270522E-02
  0.77999998E+00  0.37999999E+00  0.19088020E-02
  0.77999998E+00  0.39999999E+00  0.19929855E-02
  0.77999998E+00  0.41999999E+00  0.20809955E-02
  0.77999998E+00  0.43999999E+00  0.21742574E-02
  0.77999998E+00  0.45999999E+00  0.22741620E-02
  0.77999998E+00  0.47999999E+00  0.23819847E-02
  0.77999998E+00  0.49999999E+00  0.24987898E-02
  0.77999998E+00  0.51999999E+00  0.26253213E-02
  0.77999998E+00  0.53999999E+00  0.27618796E-02
  0.77999998E+00  0.55999999E+00  0.29081855E-02
  0.77999998E+00  0.57999999E+00  0.30632361E-02
  0.77999998E+00  0.59999999E+00  0.32251558E-02
  0.77999998E+00  0.61999999E+00  0.33910513E-02
  0.77999998E+00  0.63999999E+00  0.35568836E-02
  0.77999998E+00  0.65999999E+00  0.37173730E-02
  0.77999998E+00  0.67999998E+00  0.38659670E-02
  0.77999998E+00  0.69999998E+00  0.39949110E-02
  0.77999998E+00  0.71999998E+00  0.40954858E-02
  0.77999998E+00  0.73999998E+00  0.41585158E-02
  0.77999998E+00  0.75999998E+00  0.41753211E-02
  0.77999998E+00  0.77999998E+00  0.41394394E-02
  0.77999998E+00  0.79999998E+00  0.40498046E-02
  0.77999998E+00  0.81999998E+00  0.39171796E-02
  0.77999998E+00  0.83999998E+00  0.37808444E-02
  0.77999998E+00  0.85999998E+00  0.37995947E-02
  0.77999998E+00  0.87999998E+00  0.39281839E-02
  0.77999998E+00  0.89999998E+00  0.40580757E-02
  0.77999998E+00  0.91999998E+00  0.41888480E-02
  0.77999998E+00  0.93999998E+00  0.43199910E-02
  0.77999998E+00  0.95999998E+00  0.44509029E-02
  0.77999998E+00  0.97999998E+00  0.45808864E-02
  0.77999998E+00  0.99999998E+00  0.47091488E-02
  0.77999998E+00  0.10200000E+01  0.48348032E-02
  0.77999998E+00  0.10400000E+01  0.49568743E-02
  0.77999998E+00  0.10600000E+01  0.50743084E-02
  0.77999998E+00  0.10800000E+01  0.51859877E-02
  0.77999998E+00  0.11000000E+01  0.52907518E-02
  0.77999998E+00  0.11200000E+01  0.53874258E-02
  0.77999998E+00  0.11400000E+01  0.54748574E-02
  0.77999998E+00  0.11600000E+01  0.55519626E-02
  0.77999998E+00  0.11800000E+01  0.56177836E-02
  0.77999998E+00  0.12000000E+01  0.56715573E-02
  0.77999998E+00  0.12200000E+01  0.57127974E-02
  0.77999998E+00  0.12400000E+01  0.57413890E-02
  0.77999998E+00  0.12600000E+01  0.57576964E-02
  0.77999998E+00  0.12800000E+01  0.57626816E-02
  0.77999998E+00  0.13000000E+01  0.57580305E-02
  0.77999998E+00  0.13200000E+01  0.57462815E-02
  0.77999998E+00  0.13400000E+01  0.57309436E-02
  0.77999998E+00  0.13600000E+01  0.57165879E-02
  0.77999998E+00  0.13800000E+01  0.57088832E-02
  0.77999998E+00  0.14000000E+01  0.57145228E-02
  0.77999998E+00  0.14200000E+01  0.57409494E-02
  0.77999998E+00  0.14400000E+01  0.57956127E-02
  0.77999998E+00  0.14600000E+01  0.58821686E-02
  0.77999998E+00  0.14800000E+01  0.60209310E-02
  0.77999998E+00  0.15000000E+01  0.61670348E-02
  0.77999998E+00  0.15200000E+01  0.63200999E-02
  0.77999998E+00  0.15400000E+01  0.64795454E-02
  0.77999998E+00  0.15600000E+01  0.66445868E-02
  0.77999998E+00  0.15800000E+01  0.68142402E-02
  0.77999998E+00  0.16000000E+01  0.69873359E-02
  0.77999998E+00  0.16200000E+01  0.71625415E-02
  0.77999998E+00  0.16400000E+01  0.73383970E-02
  0.77999998E+00  0.16600000E+01  0.75133633E-02
  0.77999998E+00  0.16800000E+01  0.76858848E-02
  0.77999998E+00  0.17000000E+01  0.78544673E-02
  0.77999998E+00  0.17200000E+01  0.80177710E-02
  0.77999998E+00  0.17400000E+01  0.81747181E-02
  0.77999998E+00  0.17600000E+01  0.83246126E-02
  0.77999998E+00  0.17800000E+01  0.84672667E-02
  0.77999998E+00  0.18000000E+01  0.86031283E-02
  0.77999998E+00  0.18200000E+01  0.87333943E-02
  0.77999998E+00  0.18400000E+01  0.88600929E-02
  0.77999998E+00  0.18600000E+01  0.89861020E-02
  0.77999998E+00  0.18800000E+01  0.91150595E-02
  0.77999998E+00  0.19000000E+01  0.92510883E-02
  0.77999998E+00  0.19200000E+01  0.93982169E-02
  0.77999998E+00  0.19400000E+01  0.95592841E-02
  0.77999998E+00  0.19600000E+01  0.97339400E-02
  0.77999998E+00  0.19800000E+01  0.99149459E-02
  0.77999998E+00  0.20000000E+01  0.10080866E-01
  0.79999998E+00  0.00000000E+00  0.33465554E-03
  0.79999998E+00  0.20000000E-01  0.45437039E-03
  0.79999998E+00  0.39999999E-01  0.57348955E-03
  0.79999998E+00  0.59999999E-01  0.69210141E-03
  0.79999998E+00  0.79999998E-01  0.81084982E-03
  0.79999998E+00  0.99999998E-01  0.93078190E-03
  0.79999998E+00  0.12000000E+00  0.10529861E-02
  0.79999998E+00  0.14000000E+00  0.11778499E-02
  0.79999998E+00  0.16000000E+00  0.13035598E-02
  0.79999998E+00  0.18000000E+00  0.14228244E-02
  0.79999998E+00  0.20000000E+00  0.15139736E-02
  0.79999998E+00  0.22000000E+00  0.14958011E-02
  0.79999998E+00  0.23999999E+00  0.13618363E-02
  0.79999998E+00  0.25999999E+00  0.14512600E-02
  0.79999998E+00  0.27999999E+00  0.15378502E-02
  0.79999998E+00  0.29999999E+00  0.16221531E-02
  0.79999998E+00  0.31999999E+00  0.17049319E-02
  0.79999998E+00  0.33999999E+00  0.17871524E-02
  0.79999998E+00  0.35999999E+00  0.18699620E-02
  0.79999998E+00  0.37999999E+00  0.19546577E-02
  0.79999998E+00  0.39999999E+00  0.20426438E-02
  0.79999998E+00  0.41999999E+00  0.21353772E-02
  0.79999998E+00  0.43999999E+00  0.22342993E-02
  0.79999998E+00  0.45999999E+00  0.23407529E-02
  0.79999998E+00  0.47999999E+00  0.24558850E-02
  0.79999998E+00  0.49999999E+00  0.25805332E-02
  0.79999998E+00  0.51999999E+00  0.27150977E-02
  0.79999998E+00  0.53999999E+00  0.28593995E-02
  0.79999998E+00  0.55999999E+00  0.30125286E-02
  0.79999998E+00  0.57999999E+00  0.31726868E-02
  0.79999998E+00  0.59999999E+00  0.33370337E-02
  0.79999998E+00  0.61999999E+00  0.35015475E-02
  0.79999998E+00  0.63999999E+00  0.36609211E-02
  0.79999998E+00  0.65999999E+00  0.38085201E-02
  0.79999998E+00  0.67999998E+00  0.39364473E-02
  0.79999998E+00  0.69999998E+00  0.40357790E-02
  0.79999998E+00  0.71999998E+00  0.40970813E-02
  0.79999998E+00  0.73999998E+00  0.41113874E-02
  0.79999998E+00  0.75999998E+00  0.40719753E-02
  0.79999998E+00  0.77999998E+00  0.39776620E-02
  0.79999998E+00  0.79999998E+00  0.38394957E-02
  0.79999998E+00  0.81999998E+00  0.36982006E-02
  0.79999998E+00  0.83999998E+00  0.37183674E-02
  0.79999998E+00  0.85999998E+00  0.38490275E-02
  0.79999998E+00  0.87999998E+00  0.39814940E-02
  0.79999998E+00  0.89999998E+00  0.41152819E-02
  0.79999998E+00  0.91999998E+00  0.42497975E-02
  0.79999998E+00  0.93999998E+00  0.43843342E-02
  0.79999998E+00  0.95999998E+00  0.45180702E-02
  0.79999998E+00  0.97999998E+00  0.46500690E-02
  0.79999998E+00  0.99999998E+00  0.47792844E-02
  0.79999998E+00  0.10200000E+01  0.49045696E-02
  0.79999998E+00  0.10400000E+01  0.50246915E-02
  0.79999998E+00  0.10600000E+01  0.51383531E-02
  0.79999998E+00  0.10800000E+01  0.52442220E-02
  0.79999998E+00  0.11000000E+01  0.53409691E-02
  0.79999998E+00  0.11200000E+01  0.54273170E-02
  0.79999998E+00  0.11400000E+01  0.55021000E-02
  0.79999998E+00  0.11600000E+01  0.55643362E-02
  0.79999998E+00  0.11800000E+01  0.56133129E-02
  0.79999998E+00  0.12000000E+01  0.56486856E-02
  0.79999998E+00  0.12200000E+01  0.56705888E-02
  0.79999998E+00  0.12400000E+01  0.56797587E-02
  0.79999998E+00  0.12600000E+01  0.56776615E-02
  0.79999998E+00  0.12800000E+01  0.56666212E-02
  0.79999998E+00  0.13000000E+01  0.56499346E-02
  0.79999998E+00  0.13200000E+01  0.56319520E-02
  0.79999998E+00  0.13400000E+01  0.56180882E-02
  0.79999998E+00  0.13600000E+01  0.56147019E-02
  0.79999998E+00  0.13800000E+01  0.56287209E-02
  0.79999998E+00  0.14000000E+01  0.56667258E-02
  0.79999998E+00  0.14200000E+01  0.57324584E-02
  0.79999998E+00  0.14400000E+01  0.58101605E-02
  0.79999998E+00  0.14600000E+01  0.59431820E-02
  0.79999998E+00  0.14800000E+01  0.60831647E-02
  0.79999998E+00  0.15000000E+01  0.62297998E-02
  0.79999998E+00  0.15200000E+01  0.63825905E-02
  0.79999998E+00  0.15400000E+01  0.65408497E-02
  0.79999998E+00  0.15600000E+01  0.67037031E-02
  0.79999998E+00  0.15800000E+01  0.68701010E-02
  0.79999998E+00  0.16000000E+01  0.70388401E-02
  0.79999998E+00  0.16200000E+01  0.72085956E-02
  0.79999998E+00  0.16400000E+01  0.73779668E-02
  0.79999998E+00  0.16600000E+01  0.75455353E-02
  0.79999998E+00  0.16800000E+01  0.77099379E-02
  0.79999998E+00  0.17000000E+01  0.78699544E-02
  0.79999998E+00  0.17200000E+01  0.80246082E-02
  0.79999998E+00  0.17400000E+01  0.81732785E-02
  0.79999998E+00  0.17600000E+01  0.83158199E-02
  0.79999998E+00  0.17800000E+01  0.84526807E-02
  0.79999998E+00  0.18000000E+01  0.85850100E-02
  0.79999998E+00  0.18200000E+01  0.87147330E-02
  0.79999998E+00  0.18400000E+01  0.88445678E-02
  0.79999998E+00  0.18600000E+01  0.89779377E-02
  0.79999998E+00  0.18800000E+01  0.91187107E-02
  0.79999998E+00  0.19000000E+01  0.92706499E-02
  0.79999998E+00  0.19200000E+01  0.94363788E-02
  0.79999998E+00  0.19400000E+01  0.96154964E-02
  0.79999998E+00  0.19600000E+01  0.98010926E-02
  0.79999998E+00  0.19800000E+01  0.99728756E-02
  0.79999998E+00  0.20000000E+01  0.10081583E-01
  0.81999998E+00  0.00000000E+00  0.37153742E-03
  0.81999998E+00  0.20000000E-01  0.48949423E-03
  0.81999998E+00  0.39999999E-01  0.60722915E-03
  0.81999998E+00  0.59999999E-01  0.72506738E-03
  0.81999998E+00  0.79999998E-01  0.84375753E-03
  0.81999998E+00  0.99999998E-01  0.96416543E-03
  0.81999998E+00  0.12000000E+00  0.10866227E-02
  0.81999998E+00  0.14000000E+00  0.12095867E-02
  0.81999998E+00  0.16000000E+00  0.13266871E-02
  0.81999998E+00  0.18000000E+00  0.14186757E-02
  0.81999998E+00  0.20000000E+00  0.14125788E-02
  0.81999998E+00  0.22000000E+00  0.13034047E-02
  0.81999998E+00  0.23999999E+00  0.13964424E-02
  0.81999998E+00  0.25999999E+00  0.14864088E-02
  0.81999998E+00  0.27999999E+00  0.15737562E-02
  0.81999998E+00  0.29999999E+00  0.16591675E-02
  0.81999998E+00  0.31999999E+00  0.17435452E-02
  0.81999998E+00  0.33999999E+00  0.18279907E-02
  0.81999998E+00  0.35999999E+00  0.19137746E-02
  0.81999998E+00  0.37999999E+00  0.20022948E-02
  0.81999998E+00  0.39999999E+00  0.20950225E-02
  0.81999998E+00  0.41999999E+00  0.21934335E-02
  0.81999998E+00  0.43999999E+00  0.22989244E-02
  0.81999998E+00  0.45999999E+00  0.24127133E-02
  0.81999998E+00  0.47999999E+00  0.25357234E-02
  0.81999998E+00  0.49999999E+00  0.26684506E-02
  0.81999998E+00  0.51999999E+00  0.28108167E-02
  0.81999998E+00  0.53999999E+00  0.29620112E-02
  0.81999998E+00  0.55999999E+00  0.31203259E-02
  0.81999998E+00  0.57999999E+00  0.32829917E-02
  0.81999998E+00  0.59999999E+00  0.34460302E-02
  0.81999998E+00  0.61999999E+00  0.36041391E-02
  0.81999998E+00  0.63999999E+00  0.37506407E-02
  0.81999998E+00  0.65999999E+00  0.38775379E-02
  0.81999998E+00  0.67999998E+00  0.39757477E-02
  0.81999998E+00  0.69999998E+00  0.40356201E-02
  0.81999998E+00  0.71999998E+00  0.40479344E-02
  0.81999998E+00  0.73999998E+00  0.40057200E-02
  0.81999998E+00  0.75999998E+00  0.39076448E-02
  0.81999998E+00  0.77999998E+00  0.37649175E-02
  0.81999998E+00  0.79999998E+00  0.36193388E-02
  0.81999998E+00  0.81999998E+00  0.36401231E-02
  0.81999998E+00  0.83999998E+00  0.37725238E-02
  0.81999998E+00  0.85999998E+00  0.39072643E-02
  0.81999998E+00  0.87999998E+00  0.40438091E-02
  0.81999998E+00  0.89999998E+00  0.41814933E-02
  0.81999998E+00  0.91999998E+00  0.43195178E-02
  0.81999998E+00  0.93999998E+00  0.44569469E-02
  0.81999998E+00  0.95999998E+00  0.45927107E-02
  0.81999998E+00  0.97999998E+00  0.47256112E-02
  0.81999998E+00  0.99999998E+00  0.48543357E-02
  0.81999998E+00  0.10200000E+01  0.49774753E-02
  0.81999998E+00  0.10400000E+01  0.50935534E-02
  0.81999998E+00  0.10600000E+01  0.52010623E-02
  0.81999998E+00  0.10800000E+01  0.52985115E-02
  0.81999998E+00  0.11000000E+01  0.53844874E-02
  0.81999998E+00  0.11200000E+01  0.54577266E-02
  0.81999998E+00  0.11400000E+01  0.55172032E-02
  0.81999998E+00  0.11600000E+01  0.55622306E-02
  0.81999998E+00  0.11800000E+01  0.55925770E-02
  0.81999998E+00  0.12000000E+01  0.56085940E-02
  0.81999998E+00  0.12200000E+01  0.56113533E-02
  0.81999998E+00  0.12400000E+01  0.56027859E-02
  0.81999998E+00  0.12600000E+01  0.55858121E-02
  0.81999998E+00  0.12800000E+01  0.55644439E-02
  0.81999998E+00  0.13000000E+01  0.55438276E-02
  0.81999998E+00  0.13200000E+01  0.55301741E-02
  0.81999998E+00  0.13400000E+01  0.55304793E-02
  0.81999998E+00  0.13600000E+01  0.55518374E-02
  0.81999998E+00  0.13800000E+01  0.55998523E-02
  0.81999998E+00  0.14000000E+01  0.56742548E-02
  0.81999998E+00  0.14200000E+01  0.57375357E-02
  0.81999998E+00  0.14400000E+01  0.58648023E-02
  0.81999998E+00  0.14600000E+01  0.59985661E-02
  0.81999998E+00  0.14800000E+01  0.61385853E-02
  0.81999998E+00  0.15000000E+01  0.62844462E-02
  0.81999998E+00  0.15200000E+01  0.64355596E-02
  0.81999998E+00  0.15400000E+01  0.65911637E-02
  0.81999998E+00  0.15600000E+01  0.67503352E-02
  0.81999998E+00  0.15800000E+01  0.69120085E-02
  0.81999998E+00  0.16000000E+01  0.70750059E-02
  0.81999998E+00  0.16200000E+01  0.72380793E-02
  0.81999998E+00  0.16400000E+01  0.73999646E-02
  0.81999998E+00  0.16600000E+01  0.75594490E-02
  0.81999998E+00  0.16800000E+01  0.77154524E-02
  0.81999998E+00  0.17000000E+01  0.78671209E-02
  0.81999998E+00  0.17200000E+01  0.80139305E-02
  0.81999998E+00  0.17400000E+01  0.81557978E-02
  0.81999998E+00  0.17600000E+01  0.82931889E-02
  0.81999998E+00  0.17800000E+01  0.84272171E-02
  0.81999998E+00  0.18000000E+01  0.85597108E-02
  0.81999998E+00  0.18200000E+01  0.86932254E-02
  0.81999998E+00  0.18400000E+01  0.88309575E-02
  0.81999998E+00  0.18600000E+01  0.89764953E-02
  0.81999998E+00  0.18800000E+01  0.91332991E-02
  0.81999998E+00  0.19000000E+01  0.93037281E-02
  0.81999998E+00  0.19200000E+01  0.94872725E-02
  0.81999998E+00  0.19400000E+01  0.96772936E-02
  0.81999998E+00  0.19600000E+01  0.98546046E-02
  0.81999998E+00  0.19800000E+01  0.99729258E-02
  0.81999998E+00  0.20000000E+01  0.99147103E-02
  0.83999998E+00  0.00000000E+00  0.41045313E-03
  0.83999998E+00  0.20000000E-01  0.52580351E-03
  0.83999998E+00  0.39999999E-01  0.64125857E-03
  0.83999998E+00  0.59999999E-01  0.75727177E-03
  0.83999998E+00  0.79999998E-01  0.87448457E-03
  0.83999998E+00  0.99999998E-01  0.99317012E-03
  0.83999998E+00  0.12000000E+00  0.11120614E-02
  0.83999998E+00  0.14000000E+00  0.12257382E-02
  0.83999998E+00  0.16000000E+00  0.13174684E-02
  0.83999998E+00  0.18000000E+00  0.13228309E-02
  0.83999998E+00  0.20000000E+00  0.12388411E-02
  0.83999998E+00  0.22000000E+00  0.13356913E-02
  0.83999998E+00  0.23999999E+00  0.14293287E-02
  0.83999998E+00  0.25999999E+00  0.15200972E-02
  0.83999998E+00  0.27999999E+00  0.16085846E-02
  0.83999998E+00  0.29999999E+00  0.16956130E-02
  0.83999998E+00  0.31999999E+00  0.17822206E-02
  0.83999998E+00  0.33999999E+00  0.18696334E-02
  0.83999998E+00  0.35999999E+00  0.19592248E-02
  0.83999998E+00  0.37999999E+00  0.20524624E-02
  0.83999998E+00  0.39999999E+00  0.21508394E-02
  0.83999998E+00  0.41999999E+00  0.22557912E-02
  0.83999998E+00  0.43999999E+00  0.23685940E-02
  0.83999998E+00  0.45999999E+00  0.24902464E-02
  0.83999998E+00  0.47999999E+00  0.26213340E-02
  0.83999998E+00  0.49999999E+00  0.27618783E-02
  0.83999998E+00  0.51999999E+00  0.29111716E-02
  0.83999998E+00  0.53999999E+00  0.30676058E-02
  0.83999998E+00  0.55999999E+00  0.32284999E-02
  0.83999998E+00  0.57999999E+00  0.33899425E-02
  0.83999998E+00  0.59999999E+00  0.35466668E-02
  0.83999998E+00  0.61999999E+00  0.36919890E-02
  0.83999998E+00  0.63999999E+00  0.38178552E-02
  0.83999998E+00  0.65999999E+00  0.39150682E-02
  0.83999998E+00  0.67999998E+00  0.39738070E-02
  0.83999998E+00  0.69999998E+00  0.39846339E-02
  0.83999998E+00  0.71999998E+00  0.39403470E-02
  0.83999998E+00  0.73999998E+00  0.38394425E-02
  0.83999998E+00  0.75999998E+00  0.36931828E-02
  0.83999998E+00  0.77999998E+00  0.35441181E-02
  0.83999998E+00  0.79999998E+00  0.35649999E-02
  0.83999998E+00  0.81999998E+00  0.36987968E-02
  0.83999998E+00  0.83999998E+00  0.38354850E-02
  0.83999998E+00  0.85999998E+00  0.39744922E-02
  0.83999998E+00  0.87999998E+00  0.41150955E-02
  0.83999998E+00  0.89999998E+00  0.42564159E-02
  0.83999998E+00  0.91999998E+00  0.43974164E-02
  0.83999998E+00  0.93999998E+00  0.45369045E-02
  0.83999998E+00  0.95999998E+00  0.46735408E-02
  0.83999998E+00  0.97999998E+00  0.48058538E-02
  0.83999998E+00  0.99999998E+00  0.49322644E-02
  0.83999998E+00  0.10200000E+01  0.50511188E-02
  0.83999998E+00  0.10400000E+01  0.51607330E-02
  0.83999998E+00  0.10600000E+01  0.52594502E-02
  0.83999998E+00  0.10800000E+01  0.53457117E-02
  0.83999998E+00  0.11000000E+01  0.54181431E-02
  0.83999998E+00  0.11200000E+01  0.54756564E-02
  0.83999998E+00  0.11400000E+01  0.55175680E-02
  0.83999998E+00  0.11600000E+01  0.55437317E-02
  0.83999998E+00  0.11800000E+01  0.55546835E-02
  0.83999998E+00  0.12000000E+01  0.55517944E-02
  0.83999998E+00  0.12200000E+01  0.55374201E-02
  0.83999998E+00  0.12400000E+01  0.55150343E-02
  0.83999998E+00  0.12600000E+01  0.54893184E-02
  0.83999998E+00  0.12800000E+01  0.54661680E-02
  0.83999998E+00  0.13000000E+01  0.54525414E-02
  0.83999998E+00  0.13200000E+01  0.54560198E-02
  0.83999998E+00  0.13400000E+01  0.54838021E-02
  0.83999998E+00  0.13600000E+01  0.55404192E-02
  0.83999998E+00  0.13800000E+01  0.56213442E-02
  0.83999998E+00  0.14000000E+01  0.56653458E-02
  0.83999998E+00  0.14200000E+01  0.57869510E-02
  0.83999998E+00  0.14400000E+01  0.59145117E-02
  0.83999998E+00  0.14600000E+01  0.60478482E-02
  0.83999998E+00  0.14800000E+01  0.61866261E-02
  0.83999998E+00  0.15000000E+01  0.63303526E-02
  0.83999998E+00  0.15200000E+01  0.64783797E-02
  0.83999998E+00  0.15400000E+01  0.66299137E-02
  0.83999998E+00  0.15600000E+01  0.67840331E-02
  0.83999998E+00  0.15800000E+01  0.69397163E-02
  0.83999998E+00  0.16000000E+01  0.70958799E-02
  0.83999998E+00  0.16200000E+01  0.72514281E-02
  0.83999998E+00  0.16400000E+01  0.74053155E-02
  0.83999998E+00  0.16600000E+01  0.75566208E-02
  0.83999998E+00  0.16800000E+01  0.77046323E-02
  0.83999998E+00  0.17000000E+01  0.78489430E-02
  0.83999998E+00  0.17200000E+01  0.79895503E-02
  0.83999998E+00  0.17400000E+01  0.81269548E-02
  0.83999998E+00  0.17600000E+01  0.82622469E-02
  0.83999998E+00  0.17800000E+01  0.83971652E-02
  0.83999998E+00  0.18000000E+01  0.85341019E-02
  0.83999998E+00  0.18200000E+01  0.86760156E-02
  0.83999998E+00  0.18400000E+01  0.88261929E-02
  0.83999998E+00  0.18600000E+01  0.89877565E-02
  0.83999998E+00  0.18800000E+01  0.91627532E-02
  0.83999998E+00  0.19000000E+01  0.93505056E-02
  0.83999998E+00  0.19200000E+01  0.95445823E-02
  0.83999998E+00  0.19400000E+01  0.97268458E-02
  0.83999998E+00  0.19600000E+01  0.98539824E-02
  0.83999998E+00  0.19800000E+01  0.98165953E-02
  0.83999998E+00  0.20000000E+01  0.91348531E-02
  0.85999998E+00  0.00000000E+00  0.44974687E-03
  0.85999998E+00  0.20000000E-01  0.56123047E-03
  0.85999998E+00  0.39999999E-01  0.67299627E-03
  0.85999998E+00  0.59999999E-01  0.78546451E-03
  0.85999998E+00  0.79999998E-01  0.89885039E-03
  0.85999998E+00  0.99999998E-01  0.10121676E-02
  0.85999998E+00  0.12000000E+00  0.11209695E-02
  0.85999998E+00  0.14000000E+00  0.12111159E-02
  0.85999998E+00  0.16000000E+00  0.12269840E-02
  0.85999998E+00  0.18000000E+00  0.11681722E-02
  0.85999998E+00  0.20000000E+00  0.12689106E-02
  0.85999998E+00  0.22000000E+00  0.13664004E-02
  0.85999998E+00  0.23999999E+00  0.14608650E-02
  0.85999998E+00  0.25999999E+00  0.15527827E-02
  0.85999998E+00  0.27999999E+00  0.16428796E-02
  0.85999998E+00  0.29999999E+00  0.17321136E-02
  0.85999998E+00  0.31999999E+00  0.18216484E-02
  0.85999998E+00  0.33999999E+00  0.19128148E-02
  0.85999998E+00  0.35999999E+00  0.20070583E-02
  0.85999998E+00  0.37999999E+00  0.21058727E-02
  0.85999998E+00  0.39999999E+00  0.22107153E-02
  0.85999998E+00  0.41999999E+00  0.23229062E-02
  0.85999998E+00  0.43999999E+00  0.24435079E-02
  0.85999998E+00  0.45999999E+00  0.25731878E-02
  0.85999998E+00  0.47999999E+00  0.27120629E-02
  0.85999998E+00  0.49999999E+00  0.28595303E-02
  0.85999998E+00  0.51999999E+00  0.30140891E-02
  0.85999998E+00  0.53999999E+00  0.31731609E-02
  0.85999998E+00  0.55999999E+00  0.33329225E-02
  0.85999998E+00  0.57999999E+00  0.34881716E-02
  0.85999998E+00  0.59999999E+00  0.36322538E-02
  0.85999998E+00  0.61999999E+00  0.37571003E-02
  0.85999998E+00  0.63999999E+00  0.38534460E-02
  0.85999998E+00  0.65999999E+00  0.39113450E-02
  0.85999998E+00  0.67999998E+00  0.39211824E-02
  0.85999998E+00  0.69999998E+00  0.38755482E-02
  0.85999998E+00  0.71999998E+00  0.37727530E-02
  0.85999998E+00  0.73999998E+00  0.36240208E-02
  0.85999998E+00  0.75999998E+00  0.34723600E-02
  0.85999998E+00  0.77999998E+00  0.34930476E-02
  0.85999998E+00  0.79999998E+00  0.36278894E-02
  0.85999998E+00  0.81999998E+00  0.37661820E-02
  0.85999998E+00  0.83999998E+00  0.39073291E-02
  0.85999998E+00  0.85999998E+00  0.40505632E-02
  0.85999998E+00  0.87999998E+00  0.41949396E-02
  0.85999998E+00  0.89999998E+00  0.43393329E-02
  0.85999998E+00  0.91999998E+00  0.44824408E-02
  0.85999998E+00  0.93999998E+00  0.46227931E-02
  0.85999998E+00  0.95999998E+00  0.47587698E-02
  0.85999998E+00  0.97999998E+00  0.48886286E-02
  0.85999998E+00  0.99999998E+00  0.50105431E-02
  0.85999998E+00  0.10200000E+01  0.51226544E-02
  0.85999998E+00  0.10400000E+01  0.52231371E-02
  0.85999998E+00  0.10600000E+01  0.53102809E-02
  0.85999998E+00  0.10800000E+01  0.53825895E-02
  0.85999998E+00  0.11000000E+01  0.54388968E-02
  0.85999998E+00  0.11200000E+01  0.54785013E-02
  0.85999998E+00  0.11400000E+01  0.55013158E-02
  0.85999998E+00  0.11600000E+01  0.55080299E-02
  0.85999998E+00  0.11800000E+01  0.55002778E-02
  0.85999998E+00  0.12000000E+01  0.54807996E-02
  0.85999998E+00  0.12200000E+01  0.54535783E-02
  0.85999998E+00  0.12400000E+01  0.54239185E-02
  0.85999998E+00  0.12600000E+01  0.53984164E-02
  0.85999998E+00  0.12800000E+01  0.53847285E-02
  0.85999998E+00  0.13000000E+01  0.53909713E-02
  0.85999998E+00  0.13200000E+01  0.54243926E-02
  0.85999998E+00  0.13400000E+01  0.54883734E-02
  0.85999998E+00  0.13600000E+01  0.55739390E-02
  0.85999998E+00  0.13800000E+01  0.55945390E-02
  0.85999998E+00  0.14000000E+01  0.57106749E-02
  0.85999998E+00  0.14200000E+01  0.58321549E-02
  0.85999998E+00  0.14400000E+01  0.59588546E-02
  0.85999998E+00  0.14600000E+01  0.60905135E-02
  0.85999998E+00  0.14800000E+01  0.62267321E-02
  0.85999998E+00  0.15000000E+01  0.63669748E-02
  0.85999998E+00  0.15200000E+01  0.65105786E-02
  0.85999998E+00  0.15400000E+01  0.66567700E-02
  0.85999998E+00  0.15600000E+01  0.68046897E-02
  0.85999998E+00  0.15800000E+01  0.69534281E-02
  0.85999998E+00  0.16000000E+01  0.71020701E-02
  0.85999998E+00  0.16200000E+01  0.72497515E-02
  0.85999998E+00  0.16400000E+01  0.73957260E-02
  0.85999998E+00  0.16600000E+01  0.75394421E-02
  0.85999998E+00  0.16800000E+01  0.76806279E-02
  0.85999998E+00  0.17000000E+01  0.78193798E-02
  0.85999998E+00  0.17200000E+01  0.79562490E-02
  0.85999998E+00  0.17400000E+01  0.80923159E-02
  0.85999998E+00  0.17600000E+01  0.82292368E-02
  0.85999998E+00  0.17800000E+01  0.83692414E-02
  0.85999998E+00  0.18000000E+01  0.85150423E-02
  0.85999998E+00  0.18200000E+01  0.86696044E-02
  0.85999998E+00  0.18400000E+01  0.88356803E-02
  0.85999998E+00  0.18600000E+01  0.90149584E-02
  0.85999998E+00  0.18800000E+01  0.92065341E-02
  0.85999998E+00  0.19000000E+01  0.94041146E-02
  0.85999998E+00  0.19200000E+01  0.95905423E-02
  0.85999998E+00  0.19400000E+01  0.97254165E-02
  0.85999998E+00  0.19600000E+01  0.97074934E-02
  0.85999998E+00  0.19800000E+01  0.90945149E-02
  0.85999998E+00  0.20000000E+01  0.86230315E-02
  0.87999998E+00  0.00000000E+00  0.48688833E-03
  0.87999998E+00  0.20000000E-01  0.59272126E-03
  0.87999998E+00  0.39999999E-01  0.69876051E-03
  0.87999998E+00  0.59999999E-01  0.80516776E-03
  0.87999998E+00  0.79999998E-01  0.91124330E-03
  0.87999998E+00  0.99999998E-01  0.10135339E-02
  0.87999998E+00  0.12000000E+00  0.11005495E-02
  0.87999998E+00  0.14000000E+00  0.11256408E-02
  0.87999998E+00  0.16000000E+00  0.10916105E-02
  0.87999998E+00  0.18000000E+00  0.11961847E-02
  0.87999998E+00  0.20000000E+00  0.12975889E-02
  0.87999998E+00  0.22000000E+00  0.13959149E-02
  0.87999998E+00  0.23999999E+00  0.14915185E-02
  0.87999998E+00  0.25999999E+00  0.15850153E-02
  0.87999998E+00  0.27999999E+00  0.16772671E-02
  0.87999998E+00  0.29999999E+00  0.17693578E-02
  0.87999998E+00  0.31999999E+00  0.18625577E-02
  0.87999998E+00  0.33999999E+00  0.19582724E-02
  0.87999998E+00  0.35999999E+00  0.20579777E-02
  0.87999998E+00  0.37999999E+00  0.21631362E-02
  0.87999998E+00  0.39999999E+00  0.22750965E-02
  0.87999998E+00  0.41999999E+00  0.23949718E-02
  0.87999998E+00  0.43999999E+00  0.25235015E-02
  0.87999998E+00  0.45999999E+00  0.26608922E-02
  0.87999998E+00  0.47999999E+00  0.28066451E-02
  0.87999998E+00  0.49999999E+00  0.29593718E-02
  0.87999998E+00  0.51999999E+00  0.31166077E-02
  0.87999998E+00  0.53999999E+00  0.32746372E-02
  0.87999998E+00  0.55999999E+00  0.34283486E-02
  0.87999998E+00  0.57999999E+00  0.35711515E-02
  0.87999998E+00  0.59999999E+00  0.36950028E-02
  0.87999998E+00  0.61999999E+00  0.37906148E-02
  0.87999998E+00  0.63999999E+00  0.38479640E-02
  0.87999998E+00  0.65999999E+00  0.38573006E-02
  0.87999998E+00  0.67999998E+00  0.38110344E-02
  0.87999998E+00  0.69999998E+00  0.37072836E-02
  0.87999998E+00  0.71999998E+00  0.35571548E-02
  0.87999998E+00  0.73999998E+00  0.34038543E-02
  0.87999998E+00  0.75999998E+00  0.34242370E-02
  0.87999998E+00  0.77999998E+00  0.35597740E-02
  0.87999998E+00  0.79999998E+00  0.36993182E-02
  0.87999998E+00  0.81999998E+00  0.38422624E-02
  0.87999998E+00  0.83999998E+00  0.39878087E-02
  0.87999998E+00  0.85999998E+00  0.41349602E-02
  0.87999998E+00  0.87999998E+00  0.42825176E-02
  0.87999998E+00  0.89999998E+00  0.44290819E-02
  0.87999998E+00  0.91999998E+00  0.45730651E-02
  0.87999998E+00  0.93999998E+00  0.47127096E-02
  0.87999998E+00  0.95999998E+00  0.48461190E-02
  0.87999998E+00  0.97999998E+00  0.49713013E-02
  0.87999998E+00  0.99999998E+00  0.50862264E-02
  0.87999998E+00  0.10200000E+01  0.51889004E-02
  0.87999998E+00  0.10400000E+01  0.52774573E-02
  0.87999998E+00  0.10600000E+01  0.53502701E-02
  0.87999998E+00  0.10800000E+01  0.54060812E-02
  0.87999998E+00  0.11000000E+01  0.54441521E-02
  0.87999998E+00  0.11200000E+01  0.54644306E-02
  0.87999998E+00  0.11400000E+01  0.54677295E-02
  0.87999998E+00  0.11600000E+01  0.54559110E-02
  0.87999998E+00  0.11800000E+01  0.54320599E-02
  0.87999998E+00  0.12000000E+01  0.54006241E-02
  0.87999998E+00  0.12200000E+01  0.53674840E-02
  0.87999998E+00  0.12400000E+01  0.53398877E-02
  0.87999998E+00  0.12600000E+01  0.53261404E-02
  0.87999998E+00  0.12800000E+01  0.53348452E-02
  0.87999998E+00  0.13000000E+01  0.53732505E-02
  0.87999998E+00  0.13200000E+01  0.54435286E-02
  0.87999998E+00  0.13400000E+01  0.55321236E-02
  0.87999998E+00  0.13600000E+01  0.55259423E-02
  0.87999998E+00  0.13800000E+01  0.56368899E-02
  0.87999998E+00  0.14000000E+01  0.57525094E-02
  0.87999998E+00  0.14200000E+01  0.58727233E-02
  0.87999998E+00  0.14400000E+01  0.59973383E-02
  0.87999998E+00  0.14600000E+01  0.61260431E-02
  0.87999998E+00  0.14800000E+01  0.62584111E-02
  0.87999998E+00  0.15000000E+01  0.63939090E-02
  0.87999998E+00  0.15200000E+01  0.65319125E-02
  0.87999998E+00  0.15400000E+01  0.66717287E-02
  0.87999998E+00  0.15600000E+01  0.68126282E-02
  0.87999998E+00  0.15800000E+01  0.69538857E-02
  0.87999998E+00  0.16000000E+01  0.70948300E-02
  0.87999998E+00  0.16200000E+01  0.72349037E-02
  0.87999998E+00  0.16400000E+01  0.73737310E-02
  0.87999998E+00  0.16600000E+01  0.75111918E-02
  0.87999998E+00  0.16800000E+01  0.76474979E-02
  0.87999998E+00  0.17000000E+01  0.77832665E-02
  0.87999998E+00  0.17200000E+01  0.79195806E-02
  0.87999998E+00  0.17400000E+01  0.80580232E-02
  0.87999998E+00  0.17600000E+01  0.82006630E-02
  0.87999998E+00  0.17800000E+01  0.83499601E-02
  0.87999998E+00  0.18000000E+01  0.85085407E-02
  0.87999998E+00  0.18200000E+01  0.86787574E-02
  0.87999998E+00  0.18400000E+01  0.88618958E-02
  0.87999998E+00  0.18600000E+01  0.90567657E-02
  0.87999998E+00  0.18800000E+01  0.92571405E-02
  0.87999998E+00  0.19000000E+01  0.94467610E-02
  0.87999998E+00  0.19200000E+01  0.95880572E-02
  0.87999998E+00  0.19400000E+01  0.95878608E-02
  0.87999998E+00  0.19600000E+01  0.90412170E-02
  0.87999998E+00  0.19800000E+01  0.86252274E-02
  0.87999998E+00  0.20000000E+01  0.87553747E-02
  0.89999998E+00  0.00000000E+00  0.51833207E-03
  0.89999998E+00  0.20000000E-01  0.61614236E-03
  0.89999998E+00  0.39999999E-01  0.71375595E-03
  0.89999998E+00  0.59999999E-01  0.81076778E-03
  0.89999998E+00  0.79999998E-01  0.90473405E-03
  0.89999998E+00  0.99999998E-01  0.98685875E-03
  0.89999998E+00  0.12000000E+00  0.10195735E-02
  0.89999998E+00  0.14000000E+00  0.10095486E-02
  0.89999998E+00  0.16000000E+00  0.11177755E-02
  0.89999998E+00  0.18000000E+00  0.12230318E-02
  0.89999998E+00  0.20000000E+00  0.13252684E-02
  0.89999998E+00  0.22000000E+00  0.14247073E-02
  0.89999998E+00  0.23999999E+00  0.15218404E-02
  0.89999998E+00  0.25999999E+00  0.16174181E-02
  0.89999998E+00  0.27999999E+00  0.17124288E-02
  0.89999998E+00  0.29999999E+00  0.18080644E-02
  0.89999998E+00  0.31999999E+00  0.19056727E-02
  0.89999998E+00  0.33999999E+00  0.20066937E-02
  0.89999998E+00  0.35999999E+00  0.21125776E-02
  0.89999998E+00  0.37999999E+00  0.22246850E-02
  0.89999998E+00  0.39999999E+00  0.23441658E-02
  0.89999998E+00  0.41999999E+00  0.24718196E-02
  0.89999998E+00  0.43999999E+00  0.26079354E-02
  0.89999998E+00  0.45999999E+00  0.27521152E-02
  0.89999998E+00  0.47999999E+00  0.29030857E-02
  0.89999998E+00  0.49999999E+00  0.30585057E-02
  0.89999998E+00  0.51999999E+00  0.32147833E-02
  0.89999998E+00  0.53999999E+00  0.33669217E-02
  0.89999998E+00  0.55999999E+00  0.35084263E-02
  0.89999998E+00  0.57999999E+00  0.36313191E-02
  0.89999998E+00  0.59999999E+00  0.37263348E-02
  0.89999998E+00  0.61999999E+00  0.37834193E-02
  0.89999998E+00  0.63999999E+00  0.37927325E-02
  0.89999998E+00  0.65999999E+00  0.37465345E-02
  0.89999998E+00  0.67999998E+00  0.36427514E-02
  0.89999998E+00  0.69999998E+00  0.34923051E-02
  0.89999998E+00  0.71999998E+00  0.33383637E-02
  0.89999998E+00  0.73999998E+00  0.33584707E-02
  0.89999998E+00  0.75999998E+00  0.34943615E-02
  0.89999998E+00  0.77999998E+00  0.36348027E-02
  0.89999998E+00  0.79999998E+00  0.37791892E-02
  0.89999998E+00  0.81999998E+00  0.39267062E-02
  0.89999998E+00  0.83999998E+00  0.40763190E-02
  0.89999998E+00  0.85999998E+00  0.42267685E-02
  0.89999998E+00  0.87999998E+00  0.43765738E-02
  0.89999998E+00  0.89999998E+00  0.45240425E-02
  0.89999998E+00  0.91999998E+00  0.46672921E-02
  0.89999998E+00  0.93999998E+00  0.48042832E-02
  0.89999998E+00  0.95999998E+00  0.49328666E-02
  0.89999998E+00  0.97999998E+00  0.50508468E-02
  0.89999998E+00  0.99999998E+00  0.51560640E-02
  0.89999998E+00  0.10200000E+01  0.52464949E-02
  0.89999998E+00  0.10400000E+01  0.53203758E-02
  0.89999998E+00  0.10600000E+01  0.53763460E-02
  0.89999998E+00  0.10800000E+01  0.54136137E-02
  0.89999998E+00  0.11000000E+01  0.54321387E-02
  0.89999998E+00  0.11200000E+01  0.54328292E-02
  0.89999998E+00  0.11400000E+01  0.54177413E-02
  0.89999998E+00  0.11600000E+01  0.53902648E-02
  0.89999998E+00  0.11800000E+01  0.53552686E-02
  0.89999998E+00  0.12000000E+01  0.53191618E-02
  0.89999998E+00  0.12200000E+01  0.52897945E-02
  0.89999998E+00  0.12400000E+01  0.52760720E-02
  0.89999998E+00  0.12600000E+01  0.52870374E-02
  0.89999998E+00  0.12800000E+01  0.53298982E-02
  0.89999998E+00  0.13000000E+01  0.54055774E-02
  0.89999998E+00  0.13200000E+01  0.54958588E-02
  0.89999998E+00  0.13400000E+01  0.54602499E-02
  0.89999998E+00  0.13600000E+01  0.55663690E-02
  0.89999998E+00  0.13800000E+01  0.56764359E-02
  0.89999998E+00  0.14000000E+01  0.57904111E-02
  0.89999998E+00  0.14200000E+01  0.59081606E-02
  0.89999998E+00  0.14400000E+01  0.60294542E-02
  0.89999998E+00  0.14600000E+01  0.61539694E-02
  0.89999998E+00  0.14800000E+01  0.62812995E-02
  0.89999998E+00  0.15000000E+01  0.64109682E-02
  0.89999998E+00  0.15200000E+01  0.65424506E-02
  0.89999998E+00  0.15400000E+01  0.66752014E-02
  0.89999998E+00  0.15600000E+01  0.68086916E-02
  0.89999998E+00  0.15800000E+01  0.69424521E-02
  0.89999998E+00  0.16000000E+01  0.70761260E-02
  0.89999998E+00  0.16200000E+01  0.72095264E-02
  0.89999998E+00  0.16400000E+01  0.73426996E-02
  0.89999998E+00  0.16600000E+01  0.74759878E-02
  0.89999998E+00  0.16800000E+01  0.76100889E-02
  0.89999998E+00  0.17000000E+01  0.77461009E-02
  0.89999998E+00  0.17200000E+01  0.78855419E-02
  0.89999998E+00  0.17400000E+01  0.80303230E-02
  0.89999998E+00  0.17600000E+01  0.81826472E-02
  0.89999998E+00  0.17800000E+01  0.83447873E-02
  0.89999998E+00  0.18000000E+01  0.85186688E-02
  0.89999998E+00  0.18200000E+01  0.87051332E-02
  0.89999998E+00  0.18400000E+01  0.89026468E-02
  0.89999998E+00  0.18600000E+01  0.91049751E-02
  0.89999998E+00  0.18800000E+01  0.92966666E-02
  0.89999998E+00  0.19000000E+01  0.94428741E-02
  0.89999998E+00  0.19200000E+01  0.94583580E-02
  0.89999998E+00  0.19400000E+01  0.89748695E-02
  0.89999998E+00  0.19600000E+01  0.86127208E-02
  0.89999998E+00  0.19800000E+01  0.87478585E-02
  0.89999998E+00  0.20000000E+01  0.88754481E-02
  0.91999998E+00  0.00000000E+00  0.53947193E-03
  0.91999998E+00  0.20000000E-01  0.62635925E-03
  0.91999998E+00  0.39999999E-01  0.71234513E-03
  0.91999998E+00  0.59999999E-01  0.79600941E-03
  0.91999998E+00  0.79999998E-01  0.87127978E-03
  0.91999998E+00  0.99999998E-01  0.90971382E-03
  0.91999998E+00  0.12000000E+00  0.92255256E-03
  0.91999998E+00  0.14000000E+00  0.10341175E-02
  0.91999998E+00  0.16000000E+00  0.11430363E-02
  0.91999998E+00  0.18000000E+00  0.12491119E-02
  0.91999998E+00  0.20000000E+00  0.13524230E-02
  0.91999998E+00  0.22000000E+00  0.14533259E-02
  0.91999998E+00  0.23999999E+00  0.15524463E-02
  0.91999998E+00  0.25999999E+00  0.16506612E-02
  0.91999998E+00  0.27999999E+00  0.17490681E-02
  0.91999998E+00  0.29999999E+00  0.18489392E-02
  0.91999998E+00  0.31999999E+00  0.19516606E-02
  0.91999998E+00  0.33999999E+00  0.20586526E-02
  0.91999998E+00  0.35999999E+00  0.21712708E-02
  0.91999998E+00  0.37999999E+00  0.22906865E-02
  0.91999998E+00  0.39999999E+00  0.24177467E-02
  0.91999998E+00  0.41999999E+00  0.25528134E-02
  0.91999998E+00  0.43999999E+00  0.26955843E-02
  0.91999998E+00  0.45999999E+00  0.28449018E-02
  0.91999998E+00  0.47999999E+00  0.29985545E-02
  0.91999998E+00  0.49999999E+00  0.31530882E-02
  0.91999998E+00  0.51999999E+00  0.33036429E-02
  0.91999998E+00  0.53999999E+00  0.34438494E-02
  0.91999998E+00  0.55999999E+00  0.35658320E-02
  0.91999998E+00  0.57999999E+00  0.36603917E-02
  0.91999998E+00  0.59999999E+00  0.37174907E-02
  0.91999998E+00  0.61999999E+00  0.37272438E-02
  0.91999998E+00  0.63999999E+00  0.36817953E-02
  0.91999998E+00  0.65999999E+00  0.35788847E-02
  0.91999998E+00  0.67999998E+00  0.34291908E-02
  0.91999998E+00  0.69999998E+00  0.32756296E-02
  0.91999998E+00  0.71999998E+00  0.32955920E-02
  0.91999998E+00  0.73999998E+00  0.34315107E-02
  0.91999998E+00  0.75999998E+00  0.35725001E-02
  0.91999998E+00  0.77999998E+00  0.37179696E-02
  0.91999998E+00  0.79999998E+00  0.38671008E-02
  0.91999998E+00  0.81999998E+00  0.40188356E-02
  0.91999998E+00  0.83999998E+00  0.41718700E-02
  0.91999998E+00  0.85999998E+00  0.43246558E-02
  0.91999998E+00  0.87999998E+00  0.44754109E-02
  0.91999998E+00  0.89999998E+00  0.46221416E-02
  0.91999998E+00  0.91999998E+00  0.47626777E-02
  0.91999998E+00  0.93999998E+00  0.48947236E-02
  0.91999998E+00  0.95999998E+00  0.50159263E-02
  0.91999998E+00  0.97999998E+00  0.51239644E-02
  0.91999998E+00  0.99999998E+00  0.52166584E-02
  0.91999998E+00  0.10200000E+01  0.52921039E-02
  0.91999998E+00  0.10400000E+01  0.53488286E-02
  0.91999998E+00  0.10600000E+01  0.53859728E-02
  0.91999998E+00  0.10800000E+01  0.54034882E-02
  0.91999998E+00  0.11000000E+01  0.54023518E-02
  0.91999998E+00  0.11200000E+01  0.53847810E-02
  0.91999998E+00  0.11400000E+01  0.53544322E-02
  0.91999998E+00  0.11600000E+01  0.53165522E-02
  0.91999998E+00  0.11800000E+01  0.52780309E-02
  0.91999998E+00  0.12000000E+01  0.52472719E-02
  0.91999998E+00  0.12200000E+01  0.52337318E-02
  0.91999998E+00  0.12400000E+01  0.52468498E-02
  0.91999998E+00  0.12600000E+01  0.52937570E-02
  0.91999998E+00  0.12800000E+01  0.53741047E-02
  0.91999998E+00  0.13000000E+01  0.54649893E-02
  0.91999998E+00  0.13200000E+01  0.53980177E-02
  0.91999998E+00  0.13400000E+01  0.54997351E-02
  0.91999998E+00  0.13600000E+01  0.56046342E-02
  0.91999998E+00  0.13800000E+01  0.57127040E-02
  0.91999998E+00  0.14000000E+01  0.58238604E-02
  0.91999998E+00  0.14200000E+01  0.59379463E-02
  0.91999998E+00  0.14400000E+01  0.60547364E-02
  0.91999998E+00  0.14600000E+01  0.61739456E-02
  0.91999998E+00  0.14800000E+01  0.62952425E-02
  0.91999998E+00  0.15000000E+01  0.64182691E-02
  0.91999998E+00  0.15200000E+01  0.65426659E-02
  0.91999998E+00  0.15400000E+01  0.66681041E-02
  0.91999998E+00  0.15600000E+01  0.67943234E-02
  0.91999998E+00  0.15800000E+01  0.69211762E-02
  0.91999998E+00  0.16000000E+01  0.70486755E-02
  0.91999998E+00  0.16200000E+01  0.71770465E-02
  0.91999998E+00  0.16400000E+01  0.73067757E-02
  0.91999998E+00  0.16600000E+01  0.74386544E-02
  0.91999998E+00  0.16800000E+01  0.75738080E-02
  0.91999998E+00  0.17000000E+01  0.77136984E-02
  0.91999998E+00  0.17200000E+01  0.78600835E-02
  0.91999998E+00  0.17400000E+01  0.80149062E-02
  0.91999998E+00  0.17600000E+01  0.81800736E-02
  0.91999998E+00  0.17800000E+01  0.83570602E-02
  0.91999998E+00  0.18000000E+01  0.85462247E-02
  0.91999998E+00  0.18200000E+01  0.87456343E-02
  0.91999998E+00  0.18400000E+01  0.89489715E-02
  0.91999998E+00  0.18600000E+01  0.91414951E-02
  0.91999998E+00  0.18800000E+01  0.92909516E-02
  0.91999998E+00  0.19000000E+01  0.93198235E-02
  0.91999998E+00  0.19200000E+01  0.88956917E-02
  0.91999998E+00  0.19400000E+01  0.85852381E-02
  0.91999998E+00  0.19600000E+01  0.87251355E-02
  0.91999998E+00  0.19800000E+01  0.88576352E-02
  0.91999998E+00  0.20000000E+01  0.89827176E-02
  0.93999998E+00  0.00000000E+00  0.54481114E-03
  0.93999998E+00  0.20000000E-01  0.61768631E-03
  0.93999998E+00  0.39999999E-01  0.68892034E-03
  0.93999998E+00  0.59999999E-01  0.75518244E-03
  0.93999998E+00  0.79999998E-01  0.79714187E-03
  0.93999998E+00  0.99999998E-01  0.83135200E-03
  0.93999998E+00  0.12000000E+00  0.94580974E-03
  0.93999998E+00  0.14000000E+00  0.10580737E-02
  0.93999998E+00  0.16000000E+00  0.11677933E-02
  0.93999998E+00  0.18000000E+00  0.12748964E-02
  0.93999998E+00  0.20000000E+00  0.13795938E-02
  0.93999998E+00  0.22000000E+00  0.14823742E-02
  0.93999998E+00  0.23999999E+00  0.15839896E-02
  0.93999998E+00  0.25999999E+00  0.16854270E-02
  0.93999998E+00  0.27999999E+00  0.17878666E-02
  0.93999998E+00  0.29999999E+00  0.18926229E-02
  0.93999998E+00  0.31999999E+00  0.20010684E-02
  0.93999998E+00  0.33999999E+00  0.21145365E-02
  0.93999998E+00  0.35999999E+00  0.22342040E-02
  0.93999998E+00  0.37999999E+00  0.23609513E-02
  0.93999998E+00  0.39999999E+00  0.24952023E-02
  0.93999998E+00  0.41999999E+00  0.26367439E-02
  0.93999998E+00  0.43999999E+00  0.27845320E-02
  0.93999998E+00  0.45999999E+00  0.29364896E-02
  0.93999998E+00  0.47999999E+00  0.30893114E-02
  0.93999998E+00  0.49999999E+00  0.32382933E-02
  0.93999998E+00  0.51999999E+00  0.33772189E-02
  0.93999998E+00  0.53999999E+00  0.34983499E-02
  0.93999998E+00  0.55999999E+00  0.35925955E-02
  0.93999998E+00  0.57999999E+00  0.36499809E-02
  0.93999998E+00  0.59999999E+00  0.36606213E-02
  0.93999998E+00  0.61999999E+00  0.36165812E-02
  0.93999998E+00  0.63999999E+00  0.35154229E-02
  0.93999998E+00  0.65999999E+00  0.33675324E-02
  0.93999998E+00  0.67999998E+00  0.32153764E-02
  0.93999998E+00  0.69999998E+00  0.32353946E-02
  0.93999998E+00  0.71999998E+00  0.33710367E-02
  0.93999998E+00  0.73999998E+00  0.35122380E-02
  0.93999998E+00  0.75999998E+00  0.36584342E-02
  0.93999998E+00  0.77999998E+00  0.38088161E-02
  0.93999998E+00  0.79999998E+00  0.39623163E-02
  0.93999998E+00  0.81999998E+00  0.41176006E-02
  0.93999998E+00  0.83999998E+00  0.42730686E-02
  0.93999998E+00  0.85999998E+00  0.44268639E-02
  0.93999998E+00  0.87999998E+00  0.45768963E-02
  0.93999998E+00  0.89999998E+00  0.47208786E-02
  0.93999998E+00  0.91999998E+00  0.48563804E-02
  0.93999998E+00  0.93999998E+00  0.49809012E-02
  0.93999998E+00  0.95999998E+00  0.50919648E-02
  0.93999998E+00  0.97999998E+00  0.51872383E-02
  0.93999998E+00  0.99999998E+00  0.52646753E-02
  0.93999998E+00  0.10200000E+01  0.53226859E-02
  0.93999998E+00  0.10400000E+01  0.53603300E-02
  0.93999998E+00  0.10600000E+01  0.53775337E-02
  0.93999998E+00  0.10800000E+01  0.53753180E-02
  0.93999998E+00  0.11000000E+01  0.53560309E-02
  0.93999998E+00  0.11200000E+01  0.53235583E-02
  0.93999998E+00  0.11400000E+01  0.52834822E-02
  0.93999998E+00  0.11600000E+01  0.52431271E-02
  0.93999998E+00  0.11800000E+01  0.52114009E-02
  0.93999998E+00  0.12000000E+01  0.51982641E-02
  0.93999998E+00  0.12200000E+01  0.52135102E-02
  0.93999998E+00  0.12400000E+01  0.52641654E-02
  0.93999998E+00  0.12600000E+01  0.53486025E-02
  0.93999998E+00  0.12800000E+01  0.54392538E-02
  0.93999998E+00  0.13000000E+01  0.53396613E-02
  0.93999998E+00  0.13200000E+01  0.54374592E-02
  0.93999998E+00  0.13400000E+01  0.55376412E-02
  0.93999998E+00  0.13600000E+01  0.56402143E-02
  0.93999998E+00  0.13800000E+01  0.57451340E-02
  0.93999998E+00  0.14000000E+01  0.58523075E-02
  0.93999998E+00  0.14200000E+01  0.59615983E-02
  0.93999998E+00  0.14400000E+01  0.60728359E-02
  0.93999998E+00  0.14600000E+01  0.61858289E-02
  0.93999998E+00  0.14800000E+01  0.63003832E-02
  0.93999998E+00  0.15000000E+01  0.64163241E-02
  0.93999998E+00  0.15200000E+01  0.65335247E-02
  0.93999998E+00  0.15400000E+01  0.66519375E-02
  0.93999998E+00  0.15600000E+01  0.67716304E-02
  0.93999998E+00  0.15800000E+01  0.68928255E-02
  0.93999998E+00  0.16000000E+01  0.70159371E-02
  0.93999998E+00  0.16200000E+01  0.71416075E-02
  0.93999998E+00  0.16400000E+01  0.72707340E-02
  0.93999998E+00  0.16600000E+01  0.74044802E-02
  0.93999998E+00  0.16800000E+01  0.75442612E-02
  0.93999998E+00  0.17000000E+01  0.76916864E-02
  0.93999998E+00  0.17200000E+01  0.78484375E-02
  0.93999998E+00  0.17400000E+01  0.80160463E-02
  0.93999998E+00  0.17600000E+01  0.81955150E-02
  0.93999998E+00  0.17800000E+01  0.83866842E-02
  0.93999998E+00  0.18000000E+01  0.85871692E-02
  0.93999998E+00  0.18200000E+01  0.87904950E-02
  0.93999998E+00  0.18400000E+01  0.89825279E-02
  0.93999998E+00  0.18600000E+01  0.91334625E-02
  0.93999998E+00  0.18800000E+01  0.91732471E-02
  0.93999998E+00  0.19000000E+01  0.88041803E-02
  0.93999998E+00  0.19200000E+01  0.85428676E-02
  0.93999998E+00  0.19400000E+01  0.86872065E-02
  0.93999998E+00  0.19600000E+01  0.88243970E-02
  0.93999998E+00  0.19800000E+01  0.89543400E-02
  0.93999998E+00  0.20000000E+01  0.90772356E-02
  0.95999998E+00  0.00000000E+00  0.52858869E-03
  0.95999998E+00  0.20000000E-01  0.58513092E-03
  0.95999998E+00  0.39999999E-01  0.64005523E-03
  0.95999998E+00  0.59999999E-01  0.68307331E-03
  0.95999998E+00  0.79999998E-01  0.73682899E-03
  0.95999998E+00  0.99999998E-01  0.85360722E-03
  0.95999998E+00  0.12000000E+00  0.96877198E-03
  0.95999998E+00  0.14000000E+00  0.10818163E-02
  0.95999998E+00  0.16000000E+00  0.11925114E-02
  0.95999998E+00  0.18000000E+00  0.13009146E-02
  0.95999998E+00  0.20000000E+00  0.14073673E-02
  0.95999998E+00  0.22000000E+00  0.15124838E-02
  0.95999998E+00  0.23999999E+00  0.16171265E-02
  0.95999998E+00  0.25999999E+00  0.17223674E-02
  0.95999998E+00  0.27999999E+00  0.18294328E-02
  0.95999998E+00  0.29999999E+00  0.19396298E-02
  0.95999998E+00  0.31999999E+00  0.20542524E-02
  0.95999998E+00  0.33999999E+00  0.21744659E-02
  0.95999998E+00  0.35999999E+00  0.23011699E-02
  0.95999998E+00  0.37999999E+00  0.24348375E-02
  0.95999998E+00  0.39999999E+00  0.25753364E-02
  0.95999998E+00  0.41999999E+00  0.27217323E-02
  0.95999998E+00  0.43999999E+00  0.28720846E-02
  0.95999998E+00  0.45999999E+00  0.30232456E-02
  0.95999998E+00  0.47999999E+00  0.31706835E-02
  0.95999998E+00  0.49999999E+00  0.33083595E-02
  0.95999998E+00  0.51999999E+00  0.34287057E-02
  0.95999998E+00  0.53999999E+00  0.35227797E-02
  0.95999998E+00  0.55999999E+00  0.35807146E-02
  0.95999998E+00  0.57999999E+00  0.35926716E-02
  0.95999998E+00  0.59999999E+00  0.35506729E-02
  0.95999998E+00  0.61999999E+00  0.34521168E-02
  0.95999998E+00  0.63999999E+00  0.33070528E-02
  0.95999998E+00  0.65999999E+00  0.31573155E-02
  0.95999998E+00  0.67999998E+00  0.31776304E-02
  0.95999998E+00  0.69999998E+00  0.33127183E-02
  0.95999998E+00  0.71999998E+00  0.34538144E-02
  0.95999998E+00  0.73999998E+00  0.36003909E-02
  0.95999998E+00  0.75999998E+00  0.37516606E-02
  0.95999998E+00  0.77999998E+00  0.39065598E-02
  0.95999998E+00  0.79999998E+00  0.40637391E-02
  0.95999998E+00  0.81999998E+00  0.42215612E-02
  0.95999998E+00  0.83999998E+00  0.43781110E-02
  0.95999998E+00  0.85999998E+00  0.45312170E-02
  0.95999998E+00  0.87999998E+00  0.46784899E-02
  0.95999998E+00  0.89999998E+00  0.48173780E-02
  0.95999998E+00  0.91999998E+00  0.49452443E-02
  0.95999998E+00  0.93999998E+00  0.50594667E-02
  0.95999998E+00  0.95999998E+00  0.51575640E-02
  0.95999998E+00  0.97999998E+00  0.52373490E-02
  0.95999998E+00  0.99999998E+00  0.52971098E-02
  0.95999998E+00  0.10200000E+01  0.53358169E-02
  0.95999998E+00  0.10400000E+01  0.53533546E-02
  0.95999998E+00  0.10600000E+01  0.53507661E-02
  0.95999998E+00  0.10800000E+01  0.53305006E-02
  0.95999998E+00  0.11000000E+01  0.52966384E-02
  0.95999998E+00  0.11200000E+01  0.52550553E-02
  0.95999998E+00  0.11400000E+01  0.52134643E-02
  0.95999998E+00  0.11600000E+01  0.51812298E-02
  0.95999998E+00  0.11800000E+01  0.51687697E-02
  0.95999998E+00  0.12000000E+01  0.51861926E-02
  0.95999998E+00  0.12200000E+01  0.52403967E-02
  0.95999998E+00  0.12400000E+01  0.53284855E-02
  0.95999998E+00  0.12600000E+01  0.54182960E-02
  0.95999998E+00  0.12800000E+01  0.52854588E-02
  0.95999998E+00  0.13000000E+01  0.53798630E-02
  0.95999998E+00  0.13200000E+01  0.54758327E-02
  0.95999998E+00  0.13400000E+01  0.55733816E-02
  0.95999998E+00  0.13600000E+01  0.56724948E-02
  0.95999998E+00  0.13800000E+01  0.57731330E-02
  0.95999998E+00  0.14000000E+01  0.58752393E-02
  0.95999998E+00  0.14200000E+01  0.59787496E-02
  0.95999998E+00  0.14400000E+01  0.60836057E-02
  0.95999998E+00  0.14600000E+01  0.61897720E-02
  0.95999998E+00  0.14800000E+01  0.62972559E-02
  0.95999998E+00  0.15000000E+01  0.64061315E-02
  0.95999998E+00  0.15200000E+01  0.65165657E-02
  0.95999998E+00  0.15400000E+01  0.66288463E-02
  0.95999998E+00  0.15600000E+01  0.67434102E-02
  0.95999998E+00  0.15800000E+01  0.68608697E-02
  0.95999998E+00  0.16000000E+01  0.69820327E-02
  0.95999998E+00  0.16200000E+01  0.71079132E-02
  0.95999998E+00  0.16400000E+01  0.72397237E-02
  0.95999998E+00  0.16600000E+01  0.73788410E-02
  0.95999998E+00  0.16800000E+01  0.75267320E-02
  0.95999998E+00  0.17000000E+01  0.76848176E-02
  0.95999998E+00  0.17200000E+01  0.78542468E-02
  0.95999998E+00  0.17400000E+01  0.80355317E-02
  0.95999998E+00  0.17600000E+01  0.82279629E-02
  0.95999998E+00  0.17800000E+01  0.84286538E-02
  0.95999998E+00  0.18000000E+01  0.86308990E-02
  0.95999998E+00  0.18200000E+01  0.88210672E-02
  0.95999998E+00  0.18400000E+01  0.89716420E-02
  0.95999998E+00  0.18600000E+01  0.90197407E-02
  0.95999998E+00  0.18800000E+01  0.87010751E-02
  0.95999998E+00  0.19000000E+01  0.84860217E-02
  0.95999998E+00  0.19200000E+01  0.86344056E-02
  0.95999998E+00  0.19400000E+01  0.87759844E-02
  0.95999998E+00  0.19600000E+01  0.89105861E-02
  0.95999998E+00  0.19800000E+01  0.90383255E-02
  0.95999998E+00  0.20000000E+01  0.91596333E-02
  0.97999998E+00  0.00000000E+00  0.48638928E-03
  0.97999998E+00  0.20000000E-01  0.52748846E-03
  0.97999998E+00  0.39999999E-01  0.56884445E-03
  0.97999998E+00  0.59999999E-01  0.64000523E-03
  0.97999998E+00  0.79999998E-01  0.75840990E-03
  0.97999998E+00  0.99999998E-01  0.87590755E-03
  0.97999998E+00  0.12000000E+00  0.99183393E-03
  0.97999998E+00  0.14000000E+00  0.11058004E-02
  0.97999998E+00  0.16000000E+00  0.12177045E-02
  0.97999998E+00  0.18000000E+00  0.13277321E-02
  0.97999998E+00  0.20000000E+00  0.14363488E-02
  0.97999998E+00  0.22000000E+00  0.15442796E-02
  0.97999998E+00  0.23999999E+00  0.16524737E-02
  0.97999998E+00  0.25999999E+00  0.17620531E-02
  0.97999998E+00  0.27999999E+00  0.18742425E-02
  0.97999998E+00  0.29999999E+00  0.19902794E-02
  0.97999998E+00  0.31999999E+00  0.21113011E-02
  0.97999998E+00  0.33999999E+00  0.22382102E-02
  0.97999998E+00  0.35999999E+00  0.23715167E-02
  0.97999998E+00  0.37999999E+00  0.25111584E-02
  0.97999998E+00  0.39999999E+00  0.26563054E-02
  0.97999998E+00  0.41999999E+00  0.28051531E-02
  0.97999998E+00  0.43999999E+00  0.29547179E-02
  0.97999998E+00  0.45999999E+00  0.31006544E-02
  0.97999998E+00  0.47999999E+00  0.32371231E-02
  0.97999998E+00  0.49999999E+00  0.33567571E-02
  0.97999998E+00  0.51999999E+00  0.34508002E-02
  0.97999998E+00  0.53999999E+00  0.35095374E-02
  0.97999998E+00  0.55999999E+00  0.35232207E-02
  0.97999998E+00  0.57999999E+00  0.34838679E-02
  0.97999998E+00  0.59999999E+00  0.33887289E-02
  0.97999998E+00  0.61999999E+00  0.32474797E-02
  0.97999998E+00  0.63999999E+00  0.31011492E-02
  0.97999998E+00  0.65999999E+00  0.31220179E-02
  0.97999998E+00  0.67999998E+00  0.32563058E-02
  0.97999998E+00  0.69999998E+00  0.33970039E-02
  0.97999998E+00  0.71999998E+00  0.35436310E-02
  0.97999998E+00  0.73999998E+00  0.36954327E-02
  0.97999998E+00  0.75999998E+00  0.38513627E-02
  0.97999998E+00  0.77999998E+00  0.40100700E-02
  0.97999998E+00  0.79999998E+00  0.41698960E-02
  0.97999998E+00  0.81999998E+00  0.43288823E-02
  0.97999998E+00  0.83999998E+00  0.44847925E-02
  0.97999998E+00  0.85999998E+00  0.46351503E-02
  0.97999998E+00  0.87999998E+00  0.47772973E-02
  0.97999998E+00  0.89999998E+00  0.49084729E-02
  0.97999998E+00  0.91999998E+00  0.50259193E-02
  0.97999998E+00  0.93999998E+00  0.51270144E-02
  0.97999998E+00  0.95999998E+00  0.52094334E-02
  0.97999998E+00  0.97999998E+00  0.52713405E-02
  0.97999998E+00  0.99999998E+00  0.53116100E-02
  0.97999998E+00  0.10200000E+01  0.53300709E-02
  0.97999998E+00  0.10400000E+01  0.53277685E-02
  0.97999998E+00  0.10600000E+01  0.53072267E-02
  0.97999998E+00  0.10800000E+01  0.52726860E-02
  0.97999998E+00  0.11000000E+01  0.52302763E-02
  0.97999998E+00  0.11200000E+01  0.51880545E-02
  0.97999998E+00  0.11400000E+01  0.51557945E-02
  0.97999998E+00  0.11600000E+01  0.51443259E-02
  0.97999998E+00  0.11800000E+01  0.51640356E-02
  0.97999998E+00  0.12000000E+01  0.52216767E-02
  0.97999998E+00  0.12200000E+01  0.53131063E-02
  0.97999998E+00  0.12400000E+01  0.54016773E-02
  0.97999998E+00  0.12600000E+01  0.52355568E-02
  0.97999998E+00  0.12800000E+01  0.53271250E-02
  0.97999998E+00  0.13000000E+01  0.54194293E-02
  0.97999998E+00  0.13200000E+01  0.55124793E-02
  0.97999998E+00  0.13400000E+01  0.56062782E-02
  0.97999998E+00  0.13600000E+01  0.57008296E-02
  0.97999998E+00  0.13800000E+01  0.57961458E-02
  0.97999998E+00  0.14000000E+01  0.58922595E-02
  0.97999998E+00  0.14200000E+01  0.59892371E-02
  0.97999998E+00  0.14400000E+01  0.60871951E-02
  0.97999998E+00  0.14600000E+01  0.61863176E-02
  0.97999998E+00  0.14800000E+01  0.62868768E-02
  0.97999998E+00  0.15000000E+01  0.63892533E-02
  0.97999998E+00  0.15200000E+01  0.64939565E-02
  0.97999998E+00  0.15400000E+01  0.66016425E-02
  0.97999998E+00  0.15600000E+01  0.67131276E-02
  0.97999998E+00  0.15800000E+01  0.68293936E-02
  0.97999998E+00  0.16000000E+01  0.69515803E-02
  0.97999998E+00  0.16200000E+01  0.70809585E-02
  0.97999998E+00  0.16400000E+01  0.72188761E-02
  0.97999998E+00  0.16600000E+01  0.73666632E-02
  0.97999998E+00  0.16800000E+01  0.75254820E-02
  0.97999998E+00  0.17000000E+01  0.76960935E-02
  0.97999998E+00  0.17200000E+01  0.78785050E-02
  0.97999998E+00  0.17400000E+01  0.80714287E-02
  0.97999998E+00  0.17600000E+01  0.82714303E-02
  0.97999998E+00  0.17800000E+01  0.84715031E-02
  0.97999998E+00  0.18000000E+01  0.86584124E-02
  0.97999998E+00  0.18200000E+01  0.88067623E-02
  0.97999998E+00  0.18400000E+01  0.88605095E-02
  0.97999998E+00  0.18600000E+01  0.85873226E-02
  0.97999998E+00  0.18800000E+01  0.84153963E-02
  0.97999998E+00  0.19000000E+01  0.85673611E-02
  0.97999998E+00  0.19200000E+01  0.87129513E-02
  0.97999998E+00  0.19400000E+01  0.88519298E-02
  0.97999998E+00  0.19600000E+01  0.89843324E-02
  0.97999998E+00  0.19800000E+01  0.91104968E-02
  0.97999998E+00  0.20000000E+01  0.92310819E-02
  0.99999998E+00  0.00000000E+00  0.41915538E-03
  0.99999998E+00  0.20000000E-01  0.45589600E-03
  0.99999998E+00  0.39999999E-01  0.54202772E-03
  0.99999998E+00  0.59999999E-01  0.66125053E-03
  0.99999998E+00  0.79999998E-01  0.78039465E-03
  0.99999998E+00  0.99999998E-01  0.89864016E-03
  0.99999998E+00  0.12000000E+00  0.10154373E-02
  0.99999998E+00  0.14000000E+00  0.11305202E-02
  0.99999998E+00  0.16000000E+00  0.12439125E-02
  0.99999998E+00  0.18000000E+00  0.13559225E-02
  0.99999998E+00  0.20000000E+00  0.14671264E-02
  0.99999998E+00  0.22000000E+00  0.15783374E-02
  0.99999998E+00  0.23999999E+00  0.16905582E-02
  0.99999998E+00  0.25999999E+00  0.18049152E-02
  0.99999998E+00  0.27999999E+00  0.19225722E-02
  0.99999998E+00  0.29999999E+00  0.20446221E-02
  0.99999998E+00  0.31999999E+00  0.21719550E-02
  0.99999998E+00  0.33999999E+00  0.23051029E-02
  0.99999998E+00  0.35999999E+00  0.24440632E-02
  0.99999998E+00  0.37999999E+00  0.25881027E-02
  0.99999998E+00  0.39999999E+00  0.27355507E-02
  0.99999998E+00  0.41999999E+00  0.28835919E-02
  0.99999998E+00  0.43999999E+00  0.30280782E-02
  0.99999998E+00  0.45999999E+00  0.31633891E-02
  0.99999998E+00  0.47999999E+00  0.32823862E-02
  0.99999998E+00  0.49999999E+00  0.33765355E-02
  0.99999998E+00  0.51999999E+00  0.34363155E-02
  0.99999998E+00  0.53999999E+00  0.34521128E-02
  0.99999998E+00  0.55999999E+00  0.34159792E-02
  0.99999998E+00  0.57999999E+00  0.33250342E-02
  0.99999998E+00  0.59999999E+00  0.31885461E-02
  0.99999998E+00  0.61999999E+00  0.30465744E-02
  0.99999998E+00  0.63999999E+00  0.30682489E-02
  0.99999998E+00  0.65999999E+00  0.32015268E-02
  0.99999998E+00  0.67999998E+00  0.33415638E-02
  0.99999998E+00  0.69999998E+00  0.34879338E-02
  0.99999998E+00  0.71999998E+00  0.36399261E-02
  0.99999998E+00  0.73999998E+00  0.37965234E-02
  0.99999998E+00  0.75999998E+00  0.39563872E-02
  0.99999998E+00  0.77999998E+00  0.41178523E-02
  0.99999998E+00  0.79999998E+00  0.42789329E-02
  0.99999998E+00  0.81999998E+00  0.44373436E-02
  0.99999998E+00  0.83999998E+00  0.45905374E-02
  0.99999998E+00  0.85999998E+00  0.47357645E-02
  0.99999998E+00  0.87999998E+00  0.48701548E-02
  0.99999998E+00  0.89999998E+00  0.49908267E-02
  0.99999998E+00  0.91999998E+00  0.50950261E-02
  0.99999998E+00  0.93999998E+00  0.51802957E-02
  0.99999998E+00  0.95999998E+00  0.52446769E-02
  0.99999998E+00  0.97999998E+00  0.52869426E-02
  0.99999998E+00  0.99999998E+00  0.53068559E-02
  0.99999998E+00  0.10200000E+01  0.53054463E-02
  0.99999998E+00  0.10400000E+01  0.52852875E-02
  0.99999998E+00  0.10600000E+01  0.52507489E-02
  0.99999998E+00  0.10800000E+01  0.52081758E-02
  0.99999998E+00  0.11000000E+01  0.51659257E-02
  0.99999998E+00  0.11200000E+01  0.51341360E-02
  0.99999998E+00  0.11400000E+01  0.51240042E-02
  0.99999998E+00  0.11600000E+01  0.51461605E-02
  0.99999998E+00  0.11800000E+01  0.52072005E-02
  0.99999998E+00  0.12000000E+01  0.53017711E-02
  0.99999998E+00  0.12200000E+01  0.53888903E-02
  0.99999998E+00  0.12400000E+01  0.51899784E-02
  0.99999998E+00  0.12600000E+01  0.52792889E-02
  0.99999998E+00  0.12800000E+01  0.53685054E-02
  0.99999998E+00  0.13000000E+01  0.54576225E-02
  0.99999998E+00  0.13200000E+01  0.55466505E-02
  0.99999998E+00  0.13400000E+01  0.56356241E-02
  0.99999998E+00  0.13600000E+01  0.57246139E-02
  0.99999998E+00  0.13800000E+01  0.58137387E-02
  0.99999998E+00  0.14000000E+01  0.59031799E-02
  0.99999998E+00  0.14200000E+01  0.59931973E-02
  0.99999998E+00  0.14400000E+01  0.60841453E-02
  0.99999998E+00  0.14600000E+01  0.61764890E-02
  0.99999998E+00  0.14800000E+01  0.62708201E-02
  0.99999998E+00  0.15000000E+01  0.63678688E-02
  0.99999998E+00  0.15200000E+01  0.64685123E-02
  0.99999998E+00  0.15400000E+01  0.65737753E-02
  0.99999998E+00  0.15600000E+01  0.66848196E-02
  0.99999998E+00  0.15800000E+01  0.68029187E-02
  0.99999998E+00  0.16000000E+01  0.69294106E-02
  0.99999998E+00  0.16200000E+01  0.70656222E-02
  0.99999998E+00  0.16400000E+01  0.72127540E-02
  0.99999998E+00  0.16600000E+01  0.73717122E-02
  0.99999998E+00  0.16800000E+01  0.75428676E-02
  0.99999998E+00  0.17000000E+01  0.77257104E-02
  0.99999998E+00  0.17200000E+01  0.79183504E-02
  0.99999998E+00  0.17400000E+01  0.81167633E-02
  0.99999998E+00  0.17600000E+01  0.83135739E-02
  0.99999998E+00  0.17800000E+01  0.84958388E-02
  0.99999998E+00  0.18000000E+01  0.86401081E-02
  0.99999998E+00  0.18200000E+01  0.86968237E-02
  0.99999998E+00  0.18400000E+01  0.84640390E-02
  0.99999998E+00  0.18600000E+01  0.83319285E-02
  0.99999998E+00  0.18800000E+01  0.84869531E-02
  0.99999998E+00  0.19000000E+01  0.86361126E-02
  0.99999998E+00  0.19200000E+01  0.87791144E-02
  0.99999998E+00  0.19400000E+01  0.89159226E-02
  0.99999998E+00  0.19600000E+01  0.90467872E-02
  0.99999998E+00  0.19800000E+01  0.91722637E-02
  0.99999998E+00  0.20000000E+01  0.92932203E-02
  0.10200000E+01  0.00000000E+00  0.34575518E-03
  0.10200000E+01  0.20000000E-01  0.44415319E-03
  0.10200000E+01  0.39999999E-01  0.56328103E-03
  0.10200000E+01  0.59999999E-01  0.68327394E-03
  0.10200000E+01  0.79999998E-01  0.80316019E-03
  0.10200000E+01  0.99999998E-01  0.92223012E-03
  0.10200000E+01  0.12000000E+00  0.10400530E-02
  0.10200000E+01  0.14000000E+00  0.11564861E-02
  0.10200000E+01  0.16000000E+00  0.12716734E-02
  0.10200000E+01  0.18000000E+00  0.13860330E-02
  0.10200000E+01  0.20000000E+00  0.15002303E-02
  0.10200000E+01  0.22000000E+00  0.16151353E-02
  0.10200000E+01  0.23999999E+00  0.17317609E-02
  0.10200000E+01  0.25999999E+00  0.18511814E-02
  0.10200000E+01  0.27999999E+00  0.19744287E-02
  0.10200000E+01  0.29999999E+00  0.21023642E-02
  0.10200000E+01  0.31999999E+00  0.22355279E-02
  0.10200000E+01  0.33999999E+00  0.23739640E-02
  0.10200000E+01  0.35999999E+00  0.25170276E-02
  0.10200000E+01  0.37999999E+00  0.26631777E-02
  0.10200000E+01  0.39999999E+00  0.28097691E-02
  0.10200000E+01  0.41999999E+00  0.29528599E-02
  0.10200000E+01  0.43999999E+00  0.30870652E-02
  0.10200000E+01  0.45999999E+00  0.32055003E-02
  0.10200000E+01  0.47999999E+00  0.32998864E-02
  0.10200000E+01  0.49999999E+00  0.33609352E-02
  0.10200000E+01  0.51999999E+00  0.33792106E-02
  0.10200000E+01  0.53999999E+00  0.33468363E-02
  0.10200000E+01  0.55999999E+00  0.32608201E-02
  0.10200000E+01  0.57999999E+00  0.31299927E-02
  0.10200000E+01  0.59999999E+00  0.29932856E-02
  0.10200000E+01  0.61999999E+00  0.30159957E-02
  0.10200000E+01  0.63999999E+00  0.31480921E-02
  0.10200000E+01  0.65999999E+00  0.32872385E-02
  0.10200000E+01  0.67999998E+00  0.34330713E-02
  0.10200000E+01  0.69999998E+00  0.35849326E-02
  0.10200000E+01  0.71999998E+00  0.37418456E-02
  0.10200000E+01  0.73999998E+00  0.39024971E-02
  0.10200000E+01  0.75999998E+00  0.40652295E-02
  0.10200000E+01  0.77999998E+00  0.42280453E-02
  0.10200000E+01  0.79999998E+00  0.43886263E-02
  0.10200000E+01  0.81999998E+00  0.45443712E-02
  0.10200000E+01  0.83999998E+00  0.46924548E-02
  0.10200000E+01  0.85999998E+00  0.48299125E-02
  0.10200000E+01  0.87999998E+00  0.49537524E-02
  0.10200000E+01  0.89999998E+00  0.50610987E-02
  0.10200000E+01  0.91999998E+00  0.51493689E-02
  0.10200000E+01  0.93999998E+00  0.52164843E-02
  0.10200000E+01  0.95999998E+00  0.52611140E-02
  0.10200000E+01  0.97999998E+00  0.52829464E-02
  0.10200000E+01  0.99999998E+00  0.52829801E-02
  0.10200000E+01  0.10200000E+01  0.52638162E-02
  0.10200000E+01  0.10400000E+01  0.52299227E-02
  0.10200000E+01  0.10600000E+01  0.51878242E-02
  0.10200000E+01  0.10800000E+01  0.51461369E-02
  0.10200000E+01  0.11000000E+01  0.51153166E-02
  0.10200000E+01  0.11200000E+01  0.51068862E-02
  0.10200000E+01  0.11400000E+01  0.51316866E-02
  0.10200000E+01  0.11600000E+01  0.51961483E-02
  0.10200000E+01  0.11800000E+01  0.52937545E-02
  0.10200000E+01  0.12000000E+01  0.53793728E-02
  0.10200000E+01  0.12200000E+01  0.51486346E-02
  0.10200000E+01  0.12400000E+01  0.52362750E-02
  0.10200000E+01  0.12600000E+01  0.53230007E-02
  0.10200000E+01  0.12800000E+01  0.54087806E-02
  0.10200000E+01  0.13000000E+01  0.54936203E-02
  0.10200000E+01  0.13200000E+01  0.55775747E-02
  0.10200000E+01  0.13400000E+01  0.56607604E-02
  0.10200000E+01  0.13600000E+01  0.57433710E-02
  0.10200000E+01  0.13800000E+01  0.58256924E-02
  0.10200000E+01  0.14000000E+01  0.59081178E-02
  0.10200000E+01  0.14200000E+01  0.59911630E-02
  0.10200000E+01  0.14400000E+01  0.60754796E-02
  0.10200000E+01  0.14600000E+01  0.61618652E-02
  0.10200000E+01  0.14800000E+01  0.62512687E-02
  0.10200000E+01  0.15000000E+01  0.63447880E-02
  0.10200000E+01  0.15200000E+01  0.64436583E-02
  0.10200000E+01  0.15400000E+01  0.65492260E-02
  0.10200000E+01  0.15600000E+01  0.66629045E-02
  0.10200000E+01  0.15800000E+01  0.67861067E-02
  0.10200000E+01  0.16000000E+01  0.69201464E-02
  0.10200000E+01  0.16200000E+01  0.70661016E-02
  0.10200000E+01  0.16400000E+01  0.72246270E-02
  0.10200000E+01  0.16600000E+01  0.73957021E-02
  0.10200000E+01  0.16800000E+01  0.75782920E-02
  0.10200000E+01  0.17000000E+01  0.77698833E-02
  0.10200000E+01  0.17200000E+01  0.79658240E-02
  0.10200000E+01  0.17400000E+01  0.81583075E-02
  0.10200000E+01  0.17600000E+01  0.83345780E-02
  0.10200000E+01  0.17800000E+01  0.84729539E-02
  0.10200000E+01  0.18000000E+01  0.85299913E-02
  0.10200000E+01  0.18200000E+01  0.83324736E-02
  0.10200000E+01  0.18400000E+01  0.82367545E-02
  0.10200000E+01  0.18600000E+01  0.83942716E-02
  0.10200000E+01  0.18800000E+01  0.85465035E-02
  0.10200000E+01  0.19000000E+01  0.86931120E-02
  0.10200000E+01  0.19200000E+01  0.88339983E-02
  0.10200000E+01  0.19400000E+01  0.89693318E-02
  0.10200000E+01  0.19600000E+01  0.90995688E-02
  0.10200000E+01  0.19800000E+01  0.92254607E-02
  0.10200000E+01  0.20000000E+01  0.93480455E-02
  0.10400000E+01  0.00000000E+00  0.34773131E-03
  0.10400000E+01  0.20000000E-01  0.46575775E-03
  0.10400000E+01  0.39999999E-01  0.58569957E-03
  0.10400000E+01  0.59999999E-01  0.70643965E-03
  0.10400000E+01  0.79999998E-01  0.82711206E-03
  0.10400000E+01  0.99999998E-01  0.94712210E-03
  0.10400000E+01  0.12000000E+00  0.10661585E-02
  0.10400000E+01  0.14000000E+00  0.11841964E-02
  0.10400000E+01  0.16000000E+00  0.13014885E-02
  0.10400000E+01  0.18000000E+00  0.14185427E-02
  0.10400000E+01  0.20000000E+00  0.15360841E-02
  0.10400000E+01  0.22000000E+00  0.16549983E-02
  0.10400000E+01  0.23999999E+00  0.17762551E-02
  0.10400000E+01  0.25999999E+00  0.19008094E-02
  0.10400000E+01  0.27999999E+00  0.20294783E-02
  0.10400000E+01  0.29999999E+00  0.21627947E-02
  0.10400000E+01  0.31999999E+00  0.23008369E-02
  0.10400000E+01  0.33999999E+00  0.24430381E-02
  0.10400000E+01  0.35999999E+00  0.25879814E-02
  0.10400000E+01  0.37999999E+00  0.27331914E-02
  0.10400000E+01  0.39999999E+00  0.28749391E-02
  0.10400000E+01  0.41999999E+00  0.30080890E-02
  0.10400000E+01  0.43999999E+00  0.31260325E-02
  0.10400000E+01  0.45999999E+00  0.32207767E-02
  0.10400000E+01  0.47999999E+00  0.32833036E-02
  0.10400000E+01  0.49999999E+00  0.33043953E-02
  0.10400000E+01  0.51999999E+00  0.32762845E-02
  0.10400000E+01  0.53999999E+00  0.31958871E-02
  0.10400000E+01  0.55999999E+00  0.30715688E-02
  0.10400000E+01  0.57999999E+00  0.29409782E-02
  0.10400000E+01  0.59999999E+00  0.29649168E-02
  0.10400000E+01  0.61999999E+00  0.30957011E-02
  0.10400000E+01  0.63999999E+00  0.32337643E-02
  0.10400000E+01  0.65999999E+00  0.33788113E-02
  0.10400000E+01  0.67999998E+00  0.35302454E-02
  0.10400000E+01  0.69999998E+00  0.36871402E-02
  0.10400000E+01  0.71999998E+00  0.38482197E-02
  0.10400000E+01  0.73999998E+00  0.40118480E-02
  0.10400000E+01  0.75999998E+00  0.41760306E-02
  0.10400000E+01  0.77999998E+00  0.43384326E-02
  0.10400000E+01  0.79999998E+00  0.44964149E-02
  0.10400000E+01  0.81999998E+00  0.46470936E-02
  0.10400000E+01  0.83999998E+00  0.47874254E-02
  0.10400000E+01  0.85999998E+00  0.49143220E-02
  0.10400000E+01  0.87999998E+00  0.50247985E-02
  0.10400000E+01  0.89999998E+00  0.51161559E-02
  0.10400000E+01  0.91999998E+00  0.51862001E-02
  0.10400000E+01  0.93999998E+00  0.52334959E-02
  0.10400000E+01  0.95999998E+00  0.52576509E-02
  0.10400000E+01  0.97999998E+00  0.52596197E-02
  0.10400000E+01  0.99999998E+00  0.52420105E-02
  0.10400000E+01  0.10200000E+01  0.52093625E-02
  0.10400000E+01  0.10400000E+01  0.51683446E-02
  0.10400000E+01  0.10600000E+01  0.51277911E-02
  0.10400000E+01  0.10800000E+01  0.50984336E-02
  0.10400000E+01  0.11000000E+01  0.50920785E-02
  0.10400000E+01  0.11200000E+01  0.51197469E-02
  0.10400000E+01  0.11400000E+01  0.51876999E-02
  0.10400000E+01  0.11600000E+01  0.52883144E-02
  0.10400000E+01  0.11800000E+01  0.53725210E-02
  0.10400000E+01  0.12000000E+01  0.51113359E-02
  0.10400000E+01  0.12200000E+01  0.51978933E-02
  0.10400000E+01  0.12400000E+01  0.52827337E-02
  0.10400000E+01  0.12600000E+01  0.53657901E-02
  0.10400000E+01  0.12800000E+01  0.54470528E-02
  0.10400000E+01  0.13000000E+01  0.55265845E-02
  0.10400000E+01  0.13200000E+01  0.56045363E-02
  0.10400000E+01  0.13400000E+01  0.56811646E-02
  0.10400000E+01  0.13600000E+01  0.57568476E-02
  0.10400000E+01  0.13800000E+01  0.58321013E-02
  0.10400000E+01  0.14000000E+01  0.59075931E-02
  0.10400000E+01  0.14200000E+01  0.59841524E-02
  0.10400000E+01  0.14400000E+01  0.60627764E-02
  0.10400000E+01  0.14600000E+01  0.61446278E-02
  0.10400000E+01  0.14800000E+01  0.62310232E-02
  0.10400000E+01  0.15000000E+01  0.63234084E-02
  0.10400000E+01  0.15200000E+01  0.64233172E-02
  0.10400000E+01  0.15400000E+01  0.65323077E-02
  0.10400000E+01  0.15600000E+01  0.66518743E-02
  0.10400000E+01  0.15800000E+01  0.67833252E-02
  0.10400000E+01  0.16000000E+01  0.69276231E-02
  0.10400000E+01  0.16200000E+01  0.70851765E-02
  0.10400000E+01  0.16400000E+01  0.72555755E-02
  0.10400000E+01  0.16600000E+01  0.74372541E-02
  0.10400000E+01  0.16800000E+01  0.76270594E-02
  0.10400000E+01  0.17000000E+01  0.78196786E-02
  0.10400000E+01  0.17200000E+01  0.80068148E-02
  0.10400000E+01  0.17400000E+01  0.81758002E-02
  0.10400000E+01  0.17600000E+01  0.83065433E-02
  0.10400000E+01  0.17800000E+01  0.83613318E-02
  0.10400000E+01  0.18000000E+01  0.81939728E-02
  0.10400000E+01  0.18200000E+01  0.81311673E-02
  0.10400000E+01  0.18400000E+01  0.82905747E-02
  0.10400000E+01  0.18600000E+01  0.84453371E-02
  0.10400000E+01  0.18800000E+01  0.85950820E-02
  0.10400000E+01  0.19000000E+01  0.87396575E-02
  0.10400000E+01  0.19200000E+01  0.88791601E-02
  0.10400000E+01  0.19400000E+01  0.90139532E-02
  0.10400000E+01  0.19600000E+01  0.91446751E-02
  0.10400000E+01  0.19800000E+01  0.92722312E-02
  0.10400000E+01  0.20000000E+01  0.93977668E-02
  0.10600000E+01  0.00000000E+00  0.37002560E-03
  0.10600000E+01  0.20000000E-01  0.48892533E-03
  0.10600000E+01  0.39999999E-01  0.60963252E-03
  0.10600000E+01  0.59999999E-01  0.73113105E-03
  0.10600000E+01  0.79999998E-01  0.85266547E-03
  0.10600000E+01  0.99999998E-01  0.97375661E-03
  0.10600000E+01  0.12000000E+00  0.10942082E-02
  0.10600000E+01  0.14000000E+00  0.12141023E-02
  0.10600000E+01  0.16000000E+00  0.13337816E-02
  0.10600000E+01  0.18000000E+00  0.14538160E-02
  0.10600000E+01  0.20000000E+00  0.15749518E-02
  0.10600000E+01  0.22000000E+00  0.16980400E-02
  0.10600000E+01  0.23999999E+00  0.18239436E-02
  0.10600000E+01  0.25999999E+00  0.19534201E-02
  0.10600000E+01  0.27999999E+00  0.20869804E-02
  0.10600000E+01  0.29999999E+00  0.22247233E-02
  0.10600000E+01  0.31999999E+00  0.23661493E-02
  0.10600000E+01  0.33999999E+00  0.25099587E-02
  0.10600000E+01  0.35999999E+00  0.26538436E-02
  0.10600000E+01  0.37999999E+00  0.27942920E-02
  0.10600000E+01  0.39999999E+00  0.29264296E-02
  0.10600000E+01  0.41999999E+00  0.30439434E-02
  0.10600000E+01  0.43999999E+00  0.31391539E-02
  0.10600000E+01  0.45999999E+00  0.32033488E-02
  0.10600000E+01  0.47999999E+00  0.32275669E-02
  0.10600000E+01  0.49999999E+00  0.32041861E-02
  0.10600000E+01  0.51999999E+00  0.31300501E-02
  0.10600000E+01  0.53999999E+00  0.30130337E-02
  0.10600000E+01  0.55999999E+00  0.28893512E-02
  0.10600000E+01  0.57999999E+00  0.29146626E-02
  0.10600000E+01  0.59999999E+00  0.30440462E-02
  0.10600000E+01  0.61999999E+00  0.31808729E-02
  0.10600000E+01  0.63999999E+00  0.33249209E-02
  0.10600000E+01  0.65999999E+00  0.34756611E-02
  0.10600000E+01  0.67999998E+00  0.36322269E-02
  0.10600000E+01  0.69999998E+00  0.37933905E-02
  0.10600000E+01  0.71999998E+00  0.39575501E-02
  0.10600000E+01  0.73999998E+00  0.41227288E-02
  0.10600000E+01  0.75999998E+00  0.42865908E-02
  0.10600000E+01  0.77999998E+00  0.44464755E-02
  0.10600000E+01  0.79999998E+00  0.45994573E-02
  0.10600000E+01  0.81999998E+00  0.47424301E-02
  0.10600000E+01  0.83999998E+00  0.48722249E-02
  0.10600000E+01  0.85999998E+00  0.49857607E-02
  0.10600000E+01  0.87999998E+00  0.50802324E-02
  0.10600000E+01  0.89999998E+00  0.51533371E-02
  0.10600000E+01  0.91999998E+00  0.52035370E-02
  0.10600000E+01  0.93999998E+00  0.52303548E-02
  0.10600000E+01  0.95999998E+00  0.52346904E-02
  0.10600000E+01  0.97999998E+00  0.52191408E-02
  0.10600000E+01  0.99999998E+00  0.51882911E-02
  0.10600000E+01  0.10200000E+01  0.51489218E-02
  0.10600000E+01  0.10400000E+01  0.51100468E-02
  0.10600000E+01  0.10600000E+01  0.50826312E-02
  0.10600000E+01  0.10800000E+01  0.50787248E-02
  0.10600000E+01  0.11000000E+01  0.51095001E-02
  0.10600000E+01  0.11200000E+01  0.51810484E-02
  0.10600000E+01  0.11400000E+01  0.52847052E-02
  0.10600000E+01  0.11600000E+01  0.53677038E-02
  0.10600000E+01  0.11800000E+01  0.50778061E-02
  0.10600000E+01  0.12000000E+01  0.51638568E-02
  0.10600000E+01  0.12200000E+01  0.52474158E-02
  0.10600000E+01  0.12400000E+01  0.53283703E-02
  0.10600000E+01  0.12600000E+01  0.54066845E-02
  0.10600000E+01  0.12800000E+01  0.54824174E-02
  0.10600000E+01  0.13000000E+01  0.55557426E-02
  0.10600000E+01  0.13200000E+01  0.56269666E-02
  0.10600000E+01  0.13400000E+01  0.56965480E-02
  0.10600000E+01  0.13600000E+01  0.57651133E-02
  0.10600000E+01  0.13800000E+01  0.58334705E-02
  0.10600000E+01  0.14000000E+01  0.59026172E-02
  0.10600000E+01  0.14200000E+01  0.59737416E-02
  0.10600000E+01  0.14400000E+01  0.60482139E-02
  0.10600000E+01  0.14600000E+01  0.61275654E-02
  0.10600000E+01  0.14800000E+01  0.62134512E-02
  0.10600000E+01  0.15000000E+01  0.63075928E-02
  0.10600000E+01  0.15200000E+01  0.64116971E-02
  0.10600000E+01  0.15400000E+01  0.65273447E-02
  0.10600000E+01  0.15600000E+01  0.66558458E-02
  0.10600000E+01  0.15800000E+01  0.67980548E-02
  0.10600000E+01  0.16000000E+01  0.69541408E-02
  0.10600000E+01  0.16200000E+01  0.71233073E-02
  0.10600000E+01  0.16400000E+01  0.73034552E-02
  0.10600000E+01  0.16600000E+01  0.74907793E-02
  0.10600000E+01  0.16800000E+01  0.76792774E-02
  0.10600000E+01  0.17000000E+01  0.78601094E-02
  0.10600000E+01  0.17200000E+01  0.80205996E-02
  0.10600000E+01  0.17400000E+01  0.81420700E-02
  0.10600000E+01  0.17600000E+01  0.81921526E-02
  0.10600000E+01  0.17800000E+01  0.80499458E-02
  0.10600000E+01  0.18000000E+01  0.80165768E-02
  0.10600000E+01  0.18200000E+01  0.81772482E-02
  0.10600000E+01  0.18400000E+01  0.83339648E-02
  0.10600000E+01  0.18600000E+01  0.84863314E-02
  0.10600000E+01  0.18800000E+01  0.86341539E-02
  0.10600000E+01  0.19000000E+01  0.87774650E-02
  0.10600000E+01  0.19200000E+01  0.89165426E-02
  0.10600000E+01  0.19400000E+01  0.90519167E-02
  0.10600000E+01  0.19600000E+01  0.91843629E-02
  0.10600000E+01  0.19800000E+01  0.93148761E-02
  0.10600000E+01  0.20000000E+01  0.94446225E-02
  0.10800000E+01  0.00000000E+00  0.39428968E-03
  0.10800000E+01  0.20000000E-01  0.51398806E-03
  0.10800000E+01  0.39999999E-01  0.63543868E-03
  0.10800000E+01  0.59999999E-01  0.75773104E-03
  0.10800000E+01  0.79999998E-01  0.88022094E-03
  0.10800000E+01  0.99999998E-01  0.10025408E-02
  0.10800000E+01  0.12000000E+00  0.11245990E-02
  0.10800000E+01  0.14000000E+00  0.12465675E-02
  0.10800000E+01  0.16000000E+00  0.13688528E-02
  0.10800000E+01  0.18000000E+00  0.14920510E-02
  0.10800000E+01  0.20000000E+00  0.16168820E-02
  0.10800000E+01  0.22000000E+00  0.17441030E-02
  0.10800000E+01  0.23999999E+00  0.18743971E-02
  0.10800000E+01  0.25999999E+00  0.20082385E-02
  0.10800000E+01  0.27999999E+00  0.21457329E-02
  0.10800000E+01  0.29999999E+00  0.22864368E-02
  0.10800000E+01  0.31999999E+00  0.24291590E-02
  0.10800000E+01  0.33999999E+00  0.25717557E-02
  0.10800000E+01  0.35999999E+00  0.27109338E-02
  0.10800000E+01  0.37999999E+00  0.28420894E-02
  0.10800000E+01  0.39999999E+00  0.29592220E-02
  0.10800000E+01  0.41999999E+00  0.30549909E-02
  0.10800000E+01  0.43999999E+00  0.31210212E-02
  0.10800000E+01  0.45999999E+00  0.31486453E-02
  0.10800000E+01  0.47999999E+00  0.31304209E-02
  0.10800000E+01  0.49999999E+00  0.30631389E-02
  0.10800000E+01  0.51999999E+00  0.29541591E-02
  0.10800000E+01  0.53999999E+00  0.28381101E-02
  0.10800000E+01  0.55999999E+00  0.28648806E-02
  0.10800000E+01  0.57999999E+00  0.29928174E-02
  0.10800000E+01  0.59999999E+00  0.31282950E-02
  0.10800000E+01  0.61999999E+00  0.32711684E-02
  0.10800000E+01  0.63999999E+00  0.34209816E-02
  0.10800000E+01  0.65999999E+00  0.35769354E-02
  0.10800000E+01  0.67999998E+00  0.37378599E-02
  0.10800000E+01  0.69999998E+00  0.39021994E-02
  0.10800000E+01  0.71999998E+00  0.40680082E-02
  0.10800000E+01  0.73999998E+00  0.42329645E-02
  0.10800000E+01  0.75999998E+00  0.43944027E-02
  0.10800000E+01  0.77999998E+00  0.45493718E-02
  0.10800000E+01  0.79999998E+00  0.46947200E-02
  0.10800000E+01  0.81999998E+00  0.48272134E-02
  0.10800000E+01  0.83999998E+00  0.49436890E-02
  0.10800000E+01  0.85999998E+00  0.50412475E-02
  0.10800000E+01  0.87999998E+00  0.51174852E-02
  0.10800000E+01  0.89999998E+00  0.51707655E-02
  0.10800000E+01  0.91999998E+00  0.52005239E-02
  0.10800000E+01  0.93999998E+00  0.52075972E-02
  0.10800000E+01  0.95999998E+00  0.51945557E-02
  0.10800000E+01  0.97999998E+00  0.51660065E-02
  0.10800000E+01  0.99999998E+00  0.51288112E-02
  0.10800000E+01  0.10200000E+01  0.50921263E-02
  0.10800000E+01  0.10400000E+01  0.50671097E-02
  0.10800000E+01  0.10600000E+01  0.50660165E-02
  0.10800000E+01  0.10800000E+01  0.51001426E-02
  0.10800000E+01  0.11000000E+01  0.51754119E-02
  0.10800000E+01  0.11200000E+01  0.52821904E-02
  0.10800000E+01  0.11400000E+01  0.53642756E-02
  0.10800000E+01  0.11600000E+01  0.50476957E-02
  0.10800000E+01  0.11800000E+01  0.51337970E-02
  0.10800000E+01  0.12000000E+01  0.52166673E-02
  0.10800000E+01  0.12200000E+01  0.52961391E-02
  0.10800000E+01  0.12400000E+01  0.53721402E-02
  0.10800000E+01  0.12600000E+01  0.54447150E-02
  0.10800000E+01  0.12800000E+01  0.55140470E-02
  0.10800000E+01  0.13000000E+01  0.55804809E-02
  0.10800000E+01  0.13200000E+01  0.56445423E-02
  0.10800000E+01  0.13400000E+01  0.57069560E-02
  0.10800000E+01  0.13600000E+01  0.57686585E-02
  0.10800000E+01  0.13800000E+01  0.58308042E-02
  0.10800000E+01  0.14000000E+01  0.58947627E-02
  0.10800000E+01  0.14200000E+01  0.59621041E-02
  0.10800000E+01  0.14400000E+01  0.60345683E-02
  0.10800000E+01  0.14600000E+01  0.61140163E-02
  0.10800000E+01  0.14800000E+01  0.62023570E-02
  0.10800000E+01  0.15000000E+01  0.63014473E-02
  0.10800000E+01  0.15200000E+01  0.64129592E-02
  0.10800000E+01  0.15400000E+01  0.65382105E-02
  0.10800000E+01  0.15600000E+01  0.66779552E-02
  0.10800000E+01  0.15800000E+01  0.68321301E-02
  0.10800000E+01  0.16000000E+01  0.69995575E-02
  0.10800000E+01  0.16200000E+01  0.71776051E-02
  0.10800000E+01  0.16400000E+01  0.73618071E-02
  0.10800000E+01  0.16600000E+01  0.75454485E-02
  0.10800000E+01  0.16800000E+01  0.77190976E-02
  0.10800000E+01  0.17000000E+01  0.78699811E-02
  0.10800000E+01  0.17200000E+01  0.79806616E-02
  0.10800000E+01  0.17400000E+01  0.80237270E-02
  0.10800000E+01  0.17600000E+01  0.79018332E-02
  0.10800000E+01  0.17800000E+01  0.78944711E-02
  0.10800000E+01  0.18000000E+01  0.80557668E-02
  0.10800000E+01  0.18200000E+01  0.82138372E-02
  0.10800000E+01  0.18400000E+01  0.83682765E-02
  0.10800000E+01  0.18600000E+01  0.85188595E-02
  0.10800000E+01  0.18800000E+01  0.86655656E-02
  0.10800000E+01  0.19000000E+01  0.88085952E-02
  0.10800000E+01  0.19200000E+01  0.89483771E-02
  0.10800000E+01  0.19400000E+01  0.90855607E-02
  0.10800000E+01  0.19600000E+01  0.92209921E-02
  0.10800000E+01  0.19800000E+01  0.93556680E-02
  0.10800000E+01  0.20000000E+01  0.94906646E-02
  0.11000000E+01  0.00000000E+00  0.42083679E-03
  0.11000000E+01  0.20000000E-01  0.54127790E-03
  0.11000000E+01  0.39999999E-01  0.66346600E-03
  0.11000000E+01  0.59999999E-01  0.78659718E-03
  0.11000000E+01  0.79999998E-01  0.91013489E-03
  0.11000000E+01  0.99999998E-01  0.10338137E-02
  0.11000000E+01  0.12000000E+00  0.11576310E-02
  0.11000000E+01  0.14000000E+00  0.12818239E-02
  0.11000000E+01  0.16000000E+00  0.14068296E-02
  0.11000000E+01  0.18000000E+00  0.15332263E-02
  0.11000000E+01  0.20000000E+00  0.16616523E-02
  0.11000000E+01  0.22000000E+00  0.17927028E-02
  0.11000000E+01  0.23999999E+00  0.19268011E-02
  0.11000000E+01  0.25999999E+00  0.20640464E-02
  0.11000000E+01  0.27999999E+00  0.22040390E-02
  0.11000000E+01  0.29999999E+00  0.23456871E-02
  0.11000000E+01  0.31999999E+00  0.24870057E-02
  0.11000000E+01  0.33999999E+00  0.26249212E-02
  0.11000000E+01  0.35999999E+00  0.27551067E-02
  0.11000000E+01  0.37999999E+00  0.28718887E-02
  0.11000000E+01  0.39999999E+00  0.29682873E-02
  0.11000000E+01  0.41999999E+00  0.30362948E-02
  0.11000000E+01  0.43999999E+00  0.30675715E-02
  0.11000000E+01  0.45999999E+00  0.30548876E-02
  0.11000000E+01  0.47999999E+00  0.29950001E-02
  0.11000000E+01  0.49999999E+00  0.28947299E-02
  0.11000000E+01  0.51999999E+00  0.27869699E-02
  0.11000000E+01  0.53999999E+00  0.28152202E-02
  0.11000000E+01  0.55999999E+00  0.29417056E-02
  0.11000000E+01  0.57999999E+00  0.30757631E-02
  0.11000000E+01  0.59999999E+00  0.32173257E-02
  0.11000000E+01  0.61999999E+00  0.33660152E-02
  0.11000000E+01  0.63999999E+00  0.35211055E-02
  0.11000000E+01  0.65999999E+00  0.36814935E-02
  0.11000000E+01  0.67999998E+00  0.38456802E-02
  0.11000000E+01  0.69999998E+00  0.40117639E-02
  0.11000000E+01  0.71999998E+00  0.41774509E-02
  0.11000000E+01  0.73999998E+00  0.43400865E-02
  0.11000000E+01  0.75999998E+00  0.44967107E-02
  0.11000000E+01  0.77999998E+00  0.46441430E-02
  0.11000000E+01  0.79999998E+00  0.47791007E-02
  0.11000000E+01  0.81999998E+00  0.48983542E-02
  0.11000000E+01  0.83999998E+00  0.49989225E-02
  0.11000000E+01  0.85999998E+00  0.50783110E-02
  0.11000000E+01  0.87999998E+00  0.51347892E-02
  0.11000000E+01  0.89999998E+00  0.51677059E-02
  0.11000000E+01  0.91999998E+00  0.51778278E-02
  0.11000000E+01  0.93999998E+00  0.51676851E-02
  0.11000000E+01  0.95999998E+00  0.51418857E-02
  0.11000000E+01  0.97999998E+00  0.51073436E-02
  0.11000000E+01  0.99999998E+00  0.50733223E-02
  0.11000000E+01  0.10200000E+01  0.50511343E-02
  0.11000000E+01  0.10400000E+01  0.50532016E-02
  0.11000000E+01  0.10600000E+01  0.50909179E-02
  0.11000000E+01  0.10800000E+01  0.51700441E-02
  0.11000000E+01  0.11000000E+01  0.52800538E-02
  0.11000000E+01  0.11200000E+01  0.53615884E-02
  0.11000000E+01  0.11400000E+01  0.50205962E-02
  0.11000000E+01  0.11600000E+01  0.51072782E-02
  0.11000000E+01  0.11800000E+01  0.51900326E-02
  0.11000000E+01  0.12000000E+01  0.52686293E-02
  0.11000000E+01  0.12200000E+01  0.53429499E-02
  0.11000000E+01  0.12400000E+01  0.54130135E-02
  0.11000000E+01  0.12600000E+01  0.54790021E-02
  0.11000000E+01  0.12800000E+01  0.55412853E-02
  0.11000000E+01  0.13000000E+01  0.56004435E-02
  0.11000000E+01  0.13200000E+01  0.56572863E-02
  0.11000000E+01  0.13400000E+01  0.57128658E-02
  0.11000000E+01  0.13600000E+01  0.57684811E-02
  0.11000000E+01  0.13800000E+01  0.58256725E-02
  0.11000000E+01  0.14000000E+01  0.58862002E-02
  0.11000000E+01  0.14200000E+01  0.59520058E-02
  0.11000000E+01  0.14400000E+01  0.60251509E-02
  0.11000000E+01  0.14600000E+01  0.61077296E-02
  0.11000000E+01  0.14800000E+01  0.62017495E-02
  0.11000000E+01  0.15000000E+01  0.63089770E-02
  0.11000000E+01  0.15200000E+01  0.64307435E-02
  0.11000000E+01  0.15400000E+01  0.65677098E-02
  0.11000000E+01  0.15600000E+01  0.67195885E-02
  0.11000000E+01  0.15800000E+01  0.68848275E-02
  0.11000000E+01  0.16000000E+01  0.70602645E-02
  0.11000000E+01  0.16200000E+01  0.72407681E-02
  0.11000000E+01  0.16400000E+01  0.74188922E-02
  0.11000000E+01  0.16600000E+01  0.75845714E-02
  0.11000000E+01  0.16800000E+01  0.77248501E-02
  0.11000000E+01  0.17000000E+01  0.78233646E-02
  0.11000000E+01  0.17200000E+01  0.78572746E-02
  0.11000000E+01  0.17400000E+01  0.77510770E-02
  0.11000000E+01  0.17600000E+01  0.77663814E-02
  0.11000000E+01  0.17800000E+01  0.79276585E-02
  0.11000000E+01  0.18000000E+01  0.80864682E-02
  0.11000000E+01  0.18200000E+01  0.82424064E-02
  0.11000000E+01  0.18400000E+01  0.83952286E-02
  0.11000000E+01  0.18600000E+01  0.85448713E-02
  0.11000000E+01  0.18800000E+01  0.86914677E-02
  0.11000000E+01  0.19000000E+01  0.88353523E-02
  0.11000000E+01  0.19200000E+01  0.89770544E-02
  0.11000000E+01  0.19400000E+01  0.91172738E-02
  0.11000000E+01  0.19600000E+01  0.92568381E-02
  0.11000000E+01  0.19800000E+01  0.93966350E-02
  0.11000000E+01  0.20000000E+01  0.95375171E-02
  0.11200000E+01  0.00000000E+00  0.44996991E-03
  0.11200000E+01  0.20000000E-01  0.57110541E-03
  0.11200000E+01  0.39999999E-01  0.69402629E-03
  0.11200000E+01  0.59999999E-01  0.81803199E-03
  0.11200000E+01  0.79999998E-01  0.94268507E-03
  0.11200000E+01  0.99999998E-01  0.10678075E-02
  0.11200000E+01  0.12000000E+00  0.11934631E-02
  0.11200000E+01  0.14000000E+00  0.13199236E-02
  0.11200000E+01  0.16000000E+00  0.14476161E-02
  0.11200000E+01  0.18000000E+00  0.15770493E-02
  0.11200000E+01  0.20000000E+00  0.17087178E-02
  0.11200000E+01  0.22000000E+00  0.18429807E-02
  0.11200000E+01  0.23999999E+00  0.19799174E-02
  0.11200000E+01  0.25999999E+00  0.21191598E-02
  0.11200000E+01  0.27999999E+00  0.22597058E-02
  0.11200000E+01  0.29999999E+00  0.23997230E-02
  0.11200000E+01  0.31999999E+00  0.25363555E-02
  0.11200000E+01  0.33999999E+00  0.26655583E-02
  0.11200000E+01  0.35999999E+00  0.27819969E-02
  0.11200000E+01  0.37999999E+00  0.28790718E-02
  0.11200000E+01  0.39999999E+00  0.29491693E-02
  0.11200000E+01  0.41999999E+00  0.29843092E-02
  0.11200000E+01  0.43999999E+00  0.29775052E-02
  0.11200000E+01  0.45999999E+00  0.29254984E-02
  0.11200000E+01  0.47999999E+00  0.28345469E-02
  0.11200000E+01  0.49999999E+00  0.27356574E-02
  0.11200000E+01  0.51999999E+00  0.27653370E-02
  0.11200000E+01  0.53999999E+00  0.28904069E-02
  0.11200000E+01  0.55999999E+00  0.30230141E-02
  0.11200000E+01  0.57999999E+00  0.31631704E-02
  0.11200000E+01  0.59999999E+00  0.33105774E-02
  0.11200000E+01  0.61999999E+00  0.34645874E-02
  0.11200000E+01  0.63999999E+00  0.36241714E-02
  0.11200000E+01  0.65999999E+00  0.37878963E-02
  0.11200000E+01  0.67999998E+00  0.39539159E-02
  0.11200000E+01  0.69999998E+00  0.41199784E-02
  0.11200000E+01  0.71999998E+00  0.42834548E-02
  0.11200000E+01  0.73999998E+00  0.44413924E-02
  0.11200000E+01  0.75999998E+00  0.45905987E-02
  0.11200000E+01  0.77999998E+00  0.47277587E-02
  0.11200000E+01  0.79999998E+00  0.48495918E-02
  0.11200000E+01  0.81999998E+00  0.49530492E-02
  0.11200000E+01  0.83999998E+00  0.50355561E-02
  0.11200000E+01  0.85999998E+00  0.50952953E-02
  0.11200000E+01  0.87999998E+00  0.51315299E-02
  0.11200000E+01  0.89999998E+00  0.51449529E-02
  0.11200000E+01  0.91999998E+00  0.51380424E-02
  0.11200000E+01  0.93999998E+00  0.51153880E-02
  0.11200000E+01  0.95999998E+00  0.50839291E-02
  0.11200000E+01  0.97999998E+00  0.50530034E-02
  0.11200000E+01  0.99999998E+00  0.50340398E-02
  0.11200000E+01  0.10200000E+01  0.50395915E-02
  0.11200000E+01  0.10400000E+01  0.50811246E-02
  0.11200000E+01  0.10600000E+01  0.51642431E-02
  0.11200000E+01  0.10800000E+01  0.52776101E-02
  0.11200000E+01  0.11000000E+01  0.53590032E-02
  0.11200000E+01  0.11200000E+01  0.49960538E-02
  0.11200000E+01  0.11400000E+01  0.50838126E-02
  0.11200000E+01  0.11600000E+01  0.51669964E-02
  0.11200000E+01  0.11800000E+01  0.52453052E-02
  0.11200000E+01  0.12000000E+01  0.53185661E-02
  0.11200000E+01  0.12200000E+01  0.53867624E-02
  0.11200000E+01  0.12400000E+01  0.54500631E-02
  0.11200000E+01  0.12600000E+01  0.55088509E-02
  0.11200000E+01  0.12800000E+01  0.55637476E-02
  0.11200000E+01  0.13000000E+01  0.56156341E-02
  0.11200000E+01  0.13200000E+01  0.56656650E-02
  0.11200000E+01  0.13400000E+01  0.57152711E-02
  0.11200000E+01  0.13600000E+01  0.57661513E-02
  0.11200000E+01  0.13800000E+01  0.58202453E-02
  0.11200000E+01  0.14000000E+01  0.58796874E-02
  0.11200000E+01  0.14200000E+01  0.59467339E-02
  0.11200000E+01  0.14400000E+01  0.60236600E-02
  0.11200000E+01  0.14600000E+01  0.61126233E-02
  0.11200000E+01  0.14800000E+01  0.62154866E-02
  0.11200000E+01  0.15000000E+01  0.63336001E-02
  0.11200000E+01  0.15200000E+01  0.64675387E-02
  0.11200000E+01  0.15400000E+01  0.66167994E-02
  0.11200000E+01  0.15600000E+01  0.67794643E-02
  0.11200000E+01  0.15800000E+01  0.69518466E-02
  0.11200000E+01  0.16000000E+01  0.71281486E-02
  0.11200000E+01  0.16200000E+01  0.73001791E-02
  0.11200000E+01  0.16400000E+01  0.74572027E-02
  0.11200000E+01  0.16600000E+01  0.75860044E-02
  0.11200000E+01  0.16800000E+01  0.76711334E-02
  0.11200000E+01  0.17000000E+01  0.76939447E-02
  0.11200000E+01  0.17200000E+01  0.75990945E-02
  0.11200000E+01  0.17400000E+01  0.76338489E-02
  0.11200000E+01  0.17600000E+01  0.77944710E-02
  0.11200000E+01  0.17800000E+01  0.79534013E-02
  0.11200000E+01  0.18000000E+01  0.81102495E-02
  0.11200000E+01  0.18200000E+01  0.82647636E-02
  0.11200000E+01  0.18400000E+01  0.84168491E-02
  0.11200000E+01  0.18600000E+01  0.85665816E-02
  0.11200000E+01  0.18800000E+01  0.87142105E-02
  0.11200000E+01  0.19000000E+01  0.88601515E-02
  0.11200000E+01  0.19200000E+01  0.90049630E-02
  0.11200000E+01  0.19400000E+01  0.91493051E-02
  0.11200000E+01  0.19600000E+01  0.92938755E-02
  0.11200000E+01  0.19800000E+01  0.94393215E-02
  0.11200000E+01  0.20000000E+01  0.95861214E-02
  0.11400000E+01  0.00000000E+00  0.48195991E-03
  0.11400000E+01  0.20000000E-01  0.60373397E-03
  0.11400000E+01  0.39999999E-01  0.72736519E-03
  0.11400000E+01  0.59999999E-01  0.85224854E-03
  0.11400000E+01  0.79999998E-01  0.97803210E-03
  0.11400000E+01  0.99999998E-01  0.11046048E-02
  0.11400000E+01  0.12000000E+00  0.12320683E-02
  0.11400000E+01  0.14000000E+00  0.13606918E-02
  0.11400000E+01  0.16000000E+00  0.14908451E-02
  0.11400000E+01  0.18000000E+00  0.16229108E-02
  0.11400000E+01  0.20000000E+00  0.17571718E-02
  0.11400000E+01  0.22000000E+00  0.18936748E-02
  0.11400000E+01  0.23999999E+00  0.20320715E-02
  0.11400000E+01  0.25999999E+00  0.21714391E-02
  0.11400000E+01  0.27999999E+00  0.23100906E-02
  0.11400000E+01  0.29999999E+00  0.24453851E-02
  0.11400000E+01  0.31999999E+00  0.25735624E-02
  0.11400000E+01  0.33999999E+00  0.26896362E-02
  0.11400000E+01  0.35999999E+00  0.27874047E-02
  0.11400000E+01  0.37999999E+00  0.28596721E-02
  0.11400000E+01  0.39999999E+00  0.28988468E-02
  0.11400000E+01  0.41999999E+00  0.28982152E-02
  0.11400000E+01  0.43999999E+00  0.28545186E-02
  0.11400000E+01  0.45999999E+00  0.27734288E-02
  0.11400000E+01  0.47999999E+00  0.26839147E-02
  0.11400000E+01  0.49999999E+00  0.27148973E-02
  0.11400000E+01  0.51999999E+00  0.28386256E-02
  0.11400000E+01  0.53999999E+00  0.29697923E-02
  0.11400000E+01  0.55999999E+00  0.31084868E-02
  0.11400000E+01  0.57999999E+00  0.32544919E-02
  0.11400000E+01  0.59999999E+00  0.34072418E-02
  0.11400000E+01  0.61999999E+00  0.35657870E-02
  0.11400000E+01  0.63999999E+00  0.37287687E-02
  0.11400000E+01  0.65999999E+00  0.38944067E-02
  0.11400000E+01  0.67999998E+00  0.40605035E-02
  0.11400000E+01  0.69999998E+00  0.42244698E-02
  0.11400000E+01  0.71999998E+00  0.43833762E-02
  0.11400000E+01  0.73999998E+00  0.45340341E-02
  0.11400000E+01  0.75999998E+00  0.46731133E-02
  0.11400000E+01  0.77999998E+00  0.47972979E-02
  0.11400000E+01  0.79999998E+00  0.49034860E-02
  0.11400000E+01  0.81999998E+00  0.49890342E-02
  0.11400000E+01  0.83999998E+00  0.50520470E-02
  0.11400000E+01  0.85999998E+00  0.50917054E-02
  0.11400000E+01  0.87999998E+00  0.51086255E-02
  0.11400000E+01  0.89999998E+00  0.51052240E-02
  0.11400000E+01  0.91999998E+00  0.50860555E-02
  0.11400000E+01  0.93999998E+00  0.50580596E-02
  0.11400000E+01  0.95999998E+00  0.50306165E-02
  0.11400000E+01  0.97999998E+00  0.50152355E-02
  0.11400000E+01  0.99999998E+00  0.50245661E-02
  0.11400000E+01  0.10200000E+01  0.50701226E-02
  0.11400000E+01  0.10400000E+01  0.51573593E-02
  0.11400000E+01  0.10600000E+01  0.52742128E-02
  0.11400000E+01  0.10800000E+01  0.53559007E-02
  0.11400000E+01  0.11000000E+01  0.49735830E-02
  0.11400000E+01  0.11200000E+01  0.50628746E-02
  0.11400000E+01  0.11400000E+01  0.51469989E-02
  0.11400000E+01  0.11600000E+01  0.52255793E-02
  0.11400000E+01  0.11800000E+01  0.52983806E-02
  0.11400000E+01  0.12000000E+01  0.53653412E-02
  0.11400000E+01  0.12200000E+01  0.54266065E-02
  0.11400000E+01  0.12400000E+01  0.54825600E-02
  0.11400000E+01  0.12600000E+01  0.55338520E-02
  0.11400000E+01  0.12800000E+01  0.55814216E-02
  0.11400000E+01  0.13000000E+01  0.56265116E-02
  0.11400000E+01  0.13200000E+01  0.56706714E-02
  0.11400000E+01  0.13400000E+01  0.57157453E-02
  0.11400000E+01  0.13600000E+01  0.57638410E-02
  0.11400000E+01  0.13800000E+01  0.58172757E-02
  0.11400000E+01  0.14000000E+01  0.58784920E-02
  0.11400000E+01  0.14200000E+01  0.59499418E-02
  0.11400000E+01  0.14400000E+01  0.60339301E-02
  0.11400000E+01  0.14600000E+01  0.61324176E-02
  0.11400000E+01  0.14800000E+01  0.62467773E-02
  0.11400000E+01  0.15000000E+01  0.63775057E-02
  0.11400000E+01  0.15200000E+01  0.65238932E-02
  0.11400000E+01  0.15400000E+01  0.66836661E-02
  0.11400000E+01  0.15600000E+01  0.68526212E-02
  0.11400000E+01  0.15800000E+01  0.70242971E-02
  0.11400000E+01  0.16000000E+01  0.71897488E-02
  0.11400000E+01  0.16200000E+01  0.73375407E-02
  0.11400000E+01  0.16400000E+01  0.74541280E-02
  0.11400000E+01  0.16600000E+01  0.75248202E-02
  0.11400000E+01  0.16800000E+01  0.75348014E-02
  0.11400000E+01  0.17000000E+01  0.74472543E-02
  0.11400000E+01  0.17200000E+01  0.74983955E-02
  0.11400000E+01  0.17400000E+01  0.76577422E-02
  0.11400000E+01  0.17600000E+01  0.78161794E-02
  0.11400000E+01  0.17800000E+01  0.79733428E-02
  0.11400000E+01  0.18000000E+01  0.81289853E-02
  0.11400000E+01  0.18200000E+01  0.82829925E-02
  0.11400000E+01  0.18400000E+01  0.84353935E-02
  0.11400000E+01  0.18600000E+01  0.85863624E-02
  0.11400000E+01  0.18800000E+01  0.87362091E-02
  0.11400000E+01  0.19000000E+01  0.88853565E-02
  0.11400000E+01  0.19200000E+01  0.90343003E-02
  0.11400000E+01  0.19400000E+01  0.91835492E-02
  0.11400000E+01  0.19600000E+01  0.93335423E-02
  0.11400000E+01  0.19800000E+01  0.94845396E-02
  0.11400000E+01  0.20000000E+01  0.96364860E-02
  0.11600000E+01  0.00000000E+00  0.51701917E-03
  0.11600000E+01  0.20000000E-01  0.63934949E-03
  0.11600000E+01  0.39999999E-01  0.76362792E-03
  0.11600000E+01  0.59999999E-01  0.88933253E-03
  0.11600000E+01  0.79999998E-01  0.10161782E-02
  0.11600000E+01  0.99999998E-01  0.11440948E-02
  0.11600000E+01  0.12000000E+00  0.12731884E-02
  0.11600000E+01  0.14000000E+00  0.14036825E-02
  0.11600000E+01  0.16000000E+00  0.15358384E-02
  0.11600000E+01  0.18000000E+00  0.16698515E-02
  0.11600000E+01  0.20000000E+00  0.18057243E-02
  0.11600000E+01  0.22000000E+00  0.19431165E-02
  0.11600000E+01  0.23999999E+00  0.20811744E-02
  0.11600000E+01  0.25999999E+00  0.22183485E-02
  0.11600000E+01  0.27999999E+00  0.23522089E-02
  0.11600000E+01  0.29999999E+00  0.24792811E-02
  0.11600000E+01  0.31999999E+00  0.25949349E-02
  0.11600000E+01  0.33999999E+00  0.26933801E-02
  0.11600000E+01  0.35999999E+00  0.27678606E-02
  0.11600000E+01  0.37999999E+00  0.28111999E-02
  0.11600000E+01  0.39999999E+00  0.28169833E-02
  0.11600000E+01  0.41999999E+00  0.27819679E-02
  0.11600000E+01  0.43999999E+00  0.27112145E-02
  0.11600000E+01  0.45999999E+00  0.26315015E-02
  0.11600000E+01  0.47999999E+00  0.26635820E-02
  0.11600000E+01  0.49999999E+00  0.27860775E-02
  0.11600000E+01  0.51999999E+00  0.29158512E-02
  0.11600000E+01  0.53999999E+00  0.30530679E-02
  0.11600000E+01  0.55999999E+00  0.31975912E-02
  0.11600000E+01  0.57999999E+00  0.33489391E-02
  0.11600000E+01  0.59999999E+00  0.35062461E-02
  0.11600000E+01  0.61999999E+00  0.36682345E-02
  0.11600000E+01  0.63999999E+00  0.38331990E-02
  0.11600000E+01  0.65999999E+00  0.39990078E-02
  0.11600000E+01  0.67999998E+00  0.41631248E-02
  0.11600000E+01  0.69999998E+00  0.43226582E-02
  0.11600000E+01  0.71999998E+00  0.44744398E-02
  0.11600000E+01  0.73999998E+00  0.46151404E-02
  0.11600000E+01  0.75999998E+00  0.47414251E-02
  0.11600000E+01  0.77999998E+00  0.48501537E-02
  0.11600000E+01  0.79999998E+00  0.49386271E-02
  0.11600000E+01  0.81999998E+00  0.50048806E-02
  0.11600000E+01  0.83999998E+00  0.50480182E-02
  0.11600000E+01  0.85999998E+00  0.50685783E-02
  0.11600000E+01  0.87999998E+00  0.50689085E-02
  0.11600000E+01  0.89999998E+00  0.50535127E-02
  0.11600000E+01  0.91999998E+00  0.50293085E-02
  0.11600000E+01  0.93999998E+00  0.50056883E-02
  0.11600000E+01  0.95999998E+00  0.49942077E-02
  0.11600000E+01  0.97999998E+00  0.50075778E-02
  0.11600000E+01  0.99999998E+00  0.50573380E-02
  0.11600000E+01  0.10200000E+01  0.51488009E-02
  0.11600000E+01  0.10400000E+01  0.52692623E-02
  0.11600000E+01  0.10600000E+01  0.53516898E-02
  0.11600000E+01  0.10800000E+01  0.49526787E-02
  0.11600000E+01  0.11000000E+01  0.50439147E-02
  0.11600000E+01  0.11200000E+01  0.51294500E-02
  0.11600000E+01  0.11400000E+01  0.52088271E-02
  0.11600000E+01  0.11600000E+01  0.52817413E-02
  0.11600000E+01  0.11800000E+01  0.53480777E-02
  0.11600000E+01  0.12000000E+01  0.54079478E-02
  0.11600000E+01  0.12200000E+01  0.54617249E-02
  0.11600000E+01  0.12400000E+01  0.55100751E-02
  0.11600000E+01  0.12600000E+01  0.55539820E-02
  0.11600000E+01  0.12800000E+01  0.55947632E-02
  0.11600000E+01  0.13000000E+01  0.56340723E-02
  0.11600000E+01  0.13200000E+01  0.56738855E-02
  0.11600000E+01  0.13400000E+01  0.57164663E-02
  0.11600000E+01  0.13600000E+01  0.57643032E-02
  0.11600000E+01  0.13800000E+01  0.58200168E-02
  0.11600000E+01  0.14000000E+01  0.58862286E-02
  0.11600000E+01  0.14200000E+01  0.59653882E-02
  0.11600000E+01  0.14400000E+01  0.60595544E-02
  0.11600000E+01  0.14600000E+01  0.61701263E-02
  0.11600000E+01  0.14800000E+01  0.62975291E-02
  0.11600000E+01  0.15000000E+01  0.64408565E-02
  0.11600000E+01  0.15200000E+01  0.65974899E-02
  0.11600000E+01  0.15400000E+01  0.67627203E-02
  0.11600000E+01  0.15600000E+01  0.69294286E-02
  0.11600000E+01  0.15800000E+01  0.70879123E-02
  0.11600000E+01  0.16000000E+01  0.72260111E-02
  0.11600000E+01  0.16200000E+01  0.73297875E-02
  0.11600000E+01  0.16400000E+01  0.73851676E-02
  0.11600000E+01  0.16600000E+01  0.73808119E-02
  0.11600000E+01  0.16800000E+01  0.72968562E-02
  0.11600000E+01  0.17000000E+01  0.73614981E-02
  0.11600000E+01  0.17200000E+01  0.75189729E-02
  0.11600000E+01  0.17400000E+01  0.76763172E-02
  0.11600000E+01  0.17600000E+01  0.78332043E-02
  0.11600000E+01  0.17800000E+01  0.79894037E-02
  0.11600000E+01  0.18000000E+01  0.81447934E-02
  0.11600000E+01  0.18200000E+01  0.82993672E-02
  0.11600000E+01  0.18400000E+01  0.84532338E-02
  0.11600000E+01  0.18600000E+01  0.86066066E-02
  0.11600000E+01  0.18800000E+01  0.87597795E-02
  0.11600000E+01  0.19000000E+01  0.89130891E-02
  0.11600000E+01  0.19200000E+01  0.90668572E-02
  0.11600000E+01  0.19400000E+01  0.92213138E-02
  0.11600000E+01  0.19600000E+01  0.93764969E-02
  0.11600000E+01  0.19800000E+01  0.95321285E-02
  0.11600000E+01  0.20000000E+01  0.96874652E-02
  0.11800000E+01  0.00000000E+00  0.55527105E-03
  0.11800000E+01  0.20000000E-01  0.67802626E-03
  0.11800000E+01  0.39999999E-01  0.80282193E-03
  0.11800000E+01  0.59999999E-01  0.92920229E-03
  0.11800000E+01  0.79999998E-01  0.10569256E-02
  0.11800000E+01  0.99999998E-01  0.11859324E-02
  0.11800000E+01  0.12000000E+00  0.13162945E-02
  0.11800000E+01  0.14000000E+00  0.14481442E-02
  0.11800000E+01  0.16000000E+00  0.15815800E-02
  0.11800000E+01  0.18000000E+00  0.17165496E-02
  0.11800000E+01  0.20000000E+00  0.18527095E-02
  0.11800000E+01  0.22000000E+00  0.19892652E-02
  0.11800000E+01  0.23999999E+00  0.21247963E-02
  0.11800000E+01  0.25999999E+00  0.22570789E-02
  0.11800000E+01  0.27999999E+00  0.23829241E-02
  0.11800000E+01  0.29999999E+00  0.24980629E-02
  0.11800000E+01  0.31999999E+00  0.25971293E-02
  0.11800000E+01  0.33999999E+00  0.26738254E-02
  0.11800000E+01  0.35999999E+00  0.27214136E-02
  0.11800000E+01  0.37999999E+00  0.27338025E-02
  0.11800000E+01  0.39999999E+00  0.27077781E-02
  0.11800000E+01  0.41999999E+00  0.26477656E-02
  0.11800000E+01  0.43999999E+00  0.25781983E-02
  0.11800000E+01  0.45999999E+00  0.26110903E-02
  0.11800000E+01  0.47999999E+00  0.27324929E-02
  0.11800000E+01  0.49999999E+00  0.28609564E-02
  0.11800000E+01  0.51999999E+00  0.29967169E-02
  0.11800000E+01  0.53999999E+00  0.31397173E-02
  0.11800000E+01  0.55999999E+00  0.32895598E-02
  0.11800000E+01  0.57999999E+00  0.34454660E-02
  0.11800000E+01  0.59999999E+00  0.36062445E-02
  0.11800000E+01  0.61999999E+00  0.37702728E-02
  0.11800000E+01  0.63999999E+00  0.39354947E-02
  0.11800000E+01  0.65999999E+00  0.40994393E-02
  0.11800000E+01  0.67999998E+00  0.42592669E-02
  0.11800000E+01  0.69999998E+00  0.44118448E-02
  0.11800000E+01  0.71999998E+00  0.45538607E-02
  0.11800000E+01  0.73999998E+00  0.46819770E-02
  0.11800000E+01  0.75999998E+00  0.47930303E-02
  0.11800000E+01  0.77999998E+00  0.48842795E-02
  0.11800000E+01  0.79999998E+00  0.49537007E-02
  0.11800000E+01  0.81999998E+00  0.50003272E-02
  0.11800000E+01  0.83999998E+00  0.50246204E-02
  0.11800000E+01  0.85999998E+00  0.50288528E-02
  0.11800000E+01  0.87999998E+00  0.50174647E-02
  0.11800000E+01  0.89999998E+00  0.49973301E-02
  0.11800000E+01  0.91999998E+00  0.49778258E-02
  0.11800000E+01  0.93999998E+00  0.49705201E-02
  0.11800000E+01  0.95999998E+00  0.49881531E-02
  0.11800000E+01  0.97999998E+00  0.50422664E-02
  0.11800000E+01  0.99999998E+00  0.51380387E-02
  0.11800000E+01  0.10200000E+01  0.52622116E-02
  0.11800000E+01  0.10400000E+01  0.53458162E-02
  0.11800000E+01  0.10600000E+01  0.49328288E-02
  0.11800000E+01  0.10800000E+01  0.50263719E-02
  0.11800000E+01  0.11000000E+01  0.51137441E-02
  0.11800000E+01  0.11200000E+01  0.51944025E-02
  0.11800000E+01  0.11400000E+01  0.52679676E-02
  0.11800000E+01  0.11600000E+01  0.53342635E-02
  0.11800000E+01  0.11800000E+01  0.53933588E-02
  0.11800000E+01  0.12000000E+01  0.54456056E-02
  0.11800000E+01  0.12200000E+01  0.54916738E-02
  0.11800000E+01  0.12400000E+01  0.55325786E-02
  0.11800000E+01  0.12600000E+01  0.55696980E-02
  0.11800000E+01  0.12800000E+01  0.56047759E-02
  0.11800000E+01  0.13000000E+01  0.56399066E-02
  0.11800000E+01  0.13200000E+01  0.56774955E-02
  0.11800000E+01  0.13400000E+01  0.57201911E-02
  0.11800000E+01  0.13600000E+01  0.57707815E-02
  0.11800000E+01  0.13800000E+01  0.58320507E-02
  0.11800000E+01  0.14000000E+01  0.59065885E-02
  0.11800000E+01  0.14200000E+01  0.59965504E-02
  0.11800000E+01  0.14400000E+01  0.61033655E-02
  0.11800000E+01  0.14600000E+01  0.62273936E-02
  0.11800000E+01  0.14800000E+01  0.63675422E-02
  0.11800000E+01  0.15000000E+01  0.65208600E-02
  0.11800000E+01  0.15200000E+01  0.66821448E-02
  0.11800000E+01  0.15400000E+01  0.68436294E-02
  0.11800000E+01  0.15600000E+01  0.69948542E-02
  0.11800000E+01  0.15800000E+01  0.71229165E-02
  0.11800000E+01  0.16000000E+01  0.72134302E-02
  0.11800000E+01  0.16200000E+01  0.72528043E-02
  0.11800000E+01  0.16400000E+01  0.72328373E-02
  0.11800000E+01  0.16600000E+01  0.71491139E-02
  0.11800000E+01  0.16800000E+01  0.72245658E-02
  0.11800000E+01  0.17000000E+01  0.73796040E-02
  0.11800000E+01  0.17200000E+01  0.75352773E-02
  0.11800000E+01  0.17400000E+01  0.76913083E-02
  0.11800000E+01  0.17600000E+01  0.78474945E-02
  0.11800000E+01  0.17800000E+01  0.80037180E-02
  0.11800000E+01  0.18000000E+01  0.81599487E-02
  0.11800000E+01  0.18200000E+01  0.83162410E-02
  0.11800000E+01  0.18400000E+01  0.84727211E-02
  0.11800000E+01  0.18600000E+01  0.86295625E-02
  0.11800000E+01  0.18800000E+01  0.87869484E-02
  0.11800000E+01  0.19000000E+01  0.89450171E-02
  0.11800000E+01  0.19200000E+01  0.91037908E-02
  0.11800000E+01  0.19400000E+01  0.92630835E-02
  0.11800000E+01  0.19600000E+01  0.94223887E-02
  0.11800000E+01  0.19800000E+01  0.95807478E-02
  0.11800000E+01  0.20000000E+01  0.97365990E-02
  0.12000000E+01  0.00000000E+00  0.59671591E-03
  0.12000000E+01  0.20000000E-01  0.71969025E-03
  0.12000000E+01  0.39999999E-01  0.84477817E-03
  0.12000000E+01  0.59999999E-01  0.97156919E-03
  0.12000000E+01  0.79999998E-01  0.10998380E-02
  0.12000000E+01  0.99999998E-01  0.12295017E-02
  0.12000000E+01  0.12000000E+00  0.13605580E-02
  0.12000000E+01  0.14000000E+00  0.14930007E-02
  0.12000000E+01  0.16000000E+00  0.16267130E-02
  0.12000000E+01  0.18000000E+00  0.17613389E-02
  0.12000000E+01  0.20000000E+00  0.18961329E-02
  0.12000000E+01  0.22000000E+00  0.20297955E-02
  0.12000000E+01  0.23999999E+00  0.21603033E-02
  0.12000000E+01  0.25999999E+00  0.22847512E-02
  0.12000000E+01  0.27999999E+00  0.23992354E-02
  0.12000000E+01  0.29999999E+00  0.24988237E-02
  0.12000000E+01  0.31999999E+00  0.25776928E-02
  0.12000000E+01  0.33999999E+00  0.26295654E-02
  0.12000000E+01  0.35999999E+00  0.26486953E-02
  0.12000000E+01  0.37999999E+00  0.26319086E-02
  0.12000000E+01  0.39999999E+00  0.25829691E-02
  0.12000000E+01  0.41999999E+00  0.25238096E-02
  0.12000000E+01  0.43999999E+00  0.25571440E-02
  0.12000000E+01  0.45999999E+00  0.26776202E-02
  0.12000000E+01  0.47999999E+00  0.28048874E-02
  0.12000000E+01  0.49999999E+00  0.29392484E-02
  0.12000000E+01  0.51999999E+00  0.30807220E-02
  0.12000000E+01  0.53999999E+00  0.32289940E-02
  0.12000000E+01  0.55999999E+00  0.33833742E-02
  0.12000000E+01  0.57999999E+00  0.35427616E-02
  0.12000000E+01  0.59999999E+00  0.37056227E-02
  0.12000000E+01  0.61999999E+00  0.38699857E-02
  0.12000000E+01  0.63999999E+00  0.40334561E-02
  0.12000000E+01  0.65999999E+00  0.41932589E-02
  0.12000000E+01  0.67999998E+00  0.43463115E-02
  0.12000000E+01  0.69999998E+00  0.44893343E-02
  0.12000000E+01  0.71999998E+00  0.46190027E-02
  0.12000000E+01  0.73999998E+00  0.47321456E-02
  0.12000000E+01  0.75999998E+00  0.48259934E-02
  0.12000000E+01  0.77999998E+00  0.48984748E-02
  0.12000000E+01  0.79999998E+00  0.49485591E-02
  0.12000000E+01  0.81999998E+00  0.49766328E-02
  0.12000000E+01  0.83999998E+00  0.49848894E-02
  0.12000000E+01  0.85999998E+00  0.49776936E-02
  0.12000000E+01  0.87999998E+00  0.49618570E-02
  0.12000000E+01  0.89999998E+00  0.49467139E-02
  0.12000000E+01  0.91999998E+00  0.49438139E-02
  0.12000000E+01  0.93999998E+00  0.49658936E-02
  0.12000000E+01  0.95999998E+00  0.50244743E-02
  0.12000000E+01  0.97999998E+00  0.51246090E-02
  0.12000000E+01  0.99999998E+00  0.52525706E-02
  0.12000000E+01  0.10200000E+01  0.53377683E-02
  0.12000000E+01  0.10400000E+01  0.49135243E-02
  0.12000000E+01  0.10600000E+01  0.50096858E-02
  0.12000000E+01  0.10800000E+01  0.50992717E-02
  0.12000000E+01  0.11000000E+01  0.51816513E-02
  0.12000000E+01  0.11200000E+01  0.52563652E-02
  0.12000000E+01  0.11400000E+01  0.53231701E-02
  0.12000000E+01  0.11600000E+01  0.53820838E-02
  0.12000000E+01  0.11800000E+01  0.54334269E-02
  0.12000000E+01  0.12000000E+01  0.54778618E-02
  0.12000000E+01  0.12200000E+01  0.55164223E-02
  0.12000000E+01  0.12400000E+01  0.55505335E-02
  0.12000000E+01  0.12600000E+01  0.55820150E-02
  0.12000000E+01  0.12800000E+01  0.56130649E-02
  0.12000000E+01  0.13000000E+01  0.56462169E-02
  0.12000000E+01  0.13200000E+01  0.56842667E-02
  0.12000000E+01  0.13400000E+01  0.57301591E-02
  0.12000000E+01  0.13600000E+01  0.57868320E-02
  0.12000000E+01  0.13800000E+01  0.58570101E-02
  0.12000000E+01  0.14000000E+01  0.59429440E-02
  0.12000000E+01  0.14200000E+01  0.60460945E-02
  0.12000000E+01  0.14400000E+01  0.61667632E-02
  0.12000000E+01  0.14600000E+01  0.63036813E-02
  0.12000000E+01  0.14800000E+01  0.64535782E-02
  0.12000000E+01  0.15000000E+01  0.66107733E-02
  0.12000000E+01  0.15200000E+01  0.67668639E-02
  0.12000000E+01  0.15400000E+01  0.69106383E-02
  0.12000000E+01  0.15600000E+01  0.70284393E-02
  0.12000000E+01  0.15800000E+01  0.71053843E-02
  0.12000000E+01  0.16000000E+01  0.71282413E-02
  0.12000000E+01  0.16200000E+01  0.70916252E-02
  0.12000000E+01  0.16400000E+01  0.70051404E-02
  0.12000000E+01  0.16600000E+01  0.70889210E-02
  0.12000000E+01  0.16800000E+01  0.72409962E-02
  0.12000000E+01  0.17000000E+01  0.73944500E-02
  0.12000000E+01  0.17200000E+01  0.75490644E-02
  0.12000000E+01  0.17400000E+01  0.77046765E-02
  0.12000000E+01  0.17600000E+01  0.78611838E-02
  0.12000000E+01  0.17800000E+01  0.80185441E-02
  0.12000000E+01  0.18000000E+01  0.81767685E-02
  0.12000000E+01  0.18200000E+01  0.83359063E-02
  0.12000000E+01  0.18400000E+01  0.84960196E-02
  0.12000000E+01  0.18600000E+01  0.86571450E-02
  0.12000000E+01  0.18800000E+01  0.88192429E-02
  0.12000000E+01  0.19000000E+01  0.89821297E-02
  0.12000000E+01  0.19200000E+01  0.91453948E-02
  0.12000000E+01  0.19400000E+01  0.93083003E-02
  0.12000000E+01  0.19600000E+01  0.94696655E-02
  0.12000000E+01  0.19800000E+01  0.96277376E-02
  0.12000000E+01  0.20000000E+01  0.97800552E-02
  0.12200000E+01  0.00000000E+00  0.64119500E-03
  0.12200000E+01  0.20000000E-01  0.76408161E-03
  0.12200000E+01  0.39999999E-01  0.88911357E-03
  0.12200000E+01  0.59999999E-01  0.10159020E-02
  0.12200000E+01  0.79999998E-01  0.11442087E-02
  0.12200000E+01  0.99999998E-01  0.12738930E-02
  0.12200000E+01  0.12000000E+00  0.14048383E-02
  0.12200000E+01  0.14000000E+00  0.15368558E-02
  0.12200000E+01  0.16000000E+00  0.16695677E-02
  0.12200000E+01  0.18000000E+00  0.18022687E-02
  0.12200000E+01  0.20000000E+00  0.19337720E-02
  0.12200000E+01  0.22000000E+00  0.20622488E-02
  0.12200000E+01  0.23999999E+00  0.21850753E-02
  0.12200000E+01  0.25999999E+00  0.22987149E-02
  0.12200000E+01  0.27999999E+00  0.23986774E-02
  0.12200000E+01  0.29999999E+00  0.24796280E-02
  0.12200000E+01  0.31999999E+00  0.25357684E-02
  0.12200000E+01  0.33999999E+00  0.25617165E-02
  0.12200000E+01  0.35999999E+00  0.25543488E-02
  0.12200000E+01  0.37999999E+00  0.25167407E-02
  0.12200000E+01  0.39999999E+00  0.24681666E-02
  0.12200000E+01  0.41999999E+00  0.25014907E-02
  0.12200000E+01  0.43999999E+00  0.26212285E-02
  0.12200000E+01  0.45999999E+00  0.27474408E-02
  0.12200000E+01  0.47999999E+00  0.28804905E-02
  0.12200000E+01  0.49999999E+00  0.30204684E-02
  0.12200000E+01  0.51999999E+00  0.31671415E-02
  0.12200000E+01  0.53999999E+00  0.33199077E-02
  0.12200000E+01  0.55999999E+00  0.34777590E-02
  0.12200000E+01  0.57999999E+00  0.36392556E-02
  0.12200000E+01  0.59999999E+00  0.38025175E-02
  0.12200000E+01  0.61999999E+00  0.39652364E-02
  0.12200000E+01  0.63999999E+00  0.41247137E-02
  0.12200000E+01  0.65999999E+00  0.42779306E-02
  0.12200000E+01  0.67999998E+00  0.44216550E-02
  0.12200000E+01  0.69999998E+00  0.45525908E-02
  0.12200000E+01  0.71999998E+00  0.46675746E-02
  0.12200000E+01  0.73999998E+00  0.47638225E-02
  0.12200000E+01  0.75999998E+00  0.48392271E-02
  0.12200000E+01  0.77999998E+00  0.48927023E-02
  0.12200000E+01  0.79999998E+00  0.49245630E-02
  0.12200000E+01  0.81999998E+00  0.49369207E-02
  0.12200000E+01  0.83999998E+00  0.49340550E-02
  0.12200000E+01  0.85999998E+00  0.49226970E-02
  0.12200000E+01  0.87999998E+00  0.49121139E-02
  0.12200000E+01  0.89999998E+00  0.49138059E-02
  0.12200000E+01  0.91999998E+00  0.49404752E-02
  0.12200000E+01  0.93999998E+00  0.50036003E-02
  0.12200000E+01  0.95999998E+00  0.51081156E-02
  0.12200000E+01  0.97999998E+00  0.52399100E-02
  0.12200000E+01  0.99999998E+00  0.53270830E-02
  0.12200000E+01  0.10200000E+01  0.48942690E-02
  0.12200000E+01  0.10400000E+01  0.49933070E-02
  0.12200000E+01  0.10600000E+01  0.50854320E-02
  0.12200000E+01  0.10800000E+01  0.51699236E-02
  0.12200000E+01  0.11000000E+01  0.52462394E-02
  0.12200000E+01  0.11200000E+01  0.53140634E-02
  0.12200000E+01  0.11400000E+01  0.53733549E-02
  0.12200000E+01  0.11600000E+01  0.54243944E-02
  0.12200000E+01  0.11800000E+01  0.54678258E-02
  0.12200000E+01  0.12000000E+01  0.55046894E-02
  0.12200000E+01  0.12200000E+01  0.55364439E-02
  0.12200000E+01  0.12400000E+01  0.55649706E-02
  0.12200000E+01  0.12600000E+01  0.55925569E-02
  0.12200000E+01  0.12800000E+01  0.56218509E-02
  0.12200000E+01  0.13000000E+01  0.56557817E-02
  0.12200000E+01  0.13200000E+01  0.56974396E-02
  0.12200000E+01  0.13400000E+01  0.57499070E-02
  0.12200000E+01  0.13600000E+01  0.58160370E-02
  0.12200000E+01  0.13800000E+01  0.58981729E-02
  0.12200000E+01  0.14000000E+01  0.59978089E-02
  0.12200000E+01  0.14200000E+01  0.61151944E-02
  0.12200000E+01  0.14400000E+01  0.62488948E-02
  0.12200000E+01  0.14600000E+01  0.63953348E-02
  0.12200000E+01  0.14800000E+01  0.65483715E-02
  0.12200000E+01  0.15000000E+01  0.66989823E-02
  0.12200000E+01  0.15200000E+01  0.68352130E-02
  0.12200000E+01  0.15400000E+01  0.69426454E-02
  0.12200000E+01  0.15600000E+01  0.70058605E-02
  0.12200000E+01  0.15800000E+01  0.70118715E-02
  0.12200000E+01  0.16000000E+01  0.69578055E-02
  0.12200000E+01  0.16200000E+01  0.68659373E-02
  0.12200000E+01  0.16400000E+01  0.69557838E-02
  0.12200000E+01  0.16600000E+01  0.71044140E-02
  0.12200000E+01  0.16800000E+01  0.72551355E-02
  0.12200000E+01  0.17000000E+01  0.74077995E-02
  0.12200000E+01  0.17200000E+01  0.75622934E-02
  0.12200000E+01  0.17400000E+01  0.77185414E-02
  0.12200000E+01  0.17600000E+01  0.78765006E-02
  0.12200000E+01  0.17800000E+01  0.80361501E-02
  0.12200000E+01  0.18000000E+01  0.81974731E-02
  0.12200000E+01  0.18200000E+01  0.83604295E-02
  0.12200000E+01  0.18400000E+01  0.85249182E-02
  0.12200000E+01  0.18600000E+01  0.86907272E-02
  0.12200000E+01  0.18800000E+01  0.88574711E-02
  0.12200000E+01  0.19000000E+01  0.90245158E-02
  0.12200000E+01  0.19200000E+01  0.91908902E-02
  0.12200000E+01  0.19400000E+01  0.93551865E-02
  0.12200000E+01  0.19600000E+01  0.95154532E-02
  0.12200000E+01  0.19800000E+01  0.96690853E-02
  0.12200000E+01  0.20000000E+01  0.98127216E-02
  0.12400000E+01  0.00000000E+00  0.68835427E-03
  0.12400000E+01  0.20000000E-01  0.81071927E-03
  0.12400000E+01  0.39999999E-01  0.93519842E-03
  0.12400000E+01  0.59999999E-01  0.10613998E-02
  0.12400000E+01  0.79999998E-01  0.11890433E-02
  0.12400000E+01  0.99999998E-01  0.13178978E-02
  0.12400000E+01  0.12000000E+00  0.14476970E-02
  0.12400000E+01  0.14000000E+00  0.15780335E-02
  0.12400000E+01  0.16000000E+00  0.17082342E-02
  0.12400000E+01  0.18000000E+00  0.18372175E-02
  0.12400000E+01  0.20000000E+00  0.19633428E-02
  0.12400000E+01  0.22000000E+00  0.20842647E-02
  0.12400000E+01  0.23999999E+00  0.21968147E-02
  0.12400000E+01  0.25999999E+00  0.22969507E-02
  0.12400000E+01  0.27999999E+00  0.23798380E-02
  0.12400000E+01  0.29999999E+00  0.24401735E-02
  0.12400000E+01  0.31999999E+00  0.24729566E-02
  0.12400000E+01  0.33999999E+00  0.24751214E-02
  0.12400000E+01  0.35999999E+00  0.24490271E-02
  0.12400000E+01  0.37999999E+00  0.24111310E-02
  0.12400000E+01  0.39999999E+00  0.24439077E-02
  0.12400000E+01  0.41999999E+00  0.25631110E-02
  0.12400000E+01  0.43999999E+00  0.26884318E-02
  0.12400000E+01  0.45999999E+00  0.28202865E-02
  0.12400000E+01  0.47999999E+00  0.29588316E-02
  0.12400000E+01  0.49999999E+00  0.31039120E-02
  0.12400000E+01  0.51999999E+00  0.32550127E-02
  0.12400000E+01  0.53999999E+00  0.34112189E-02
  0.12400000E+01  0.55999999E+00  0.35711885E-02
  0.12400000E+01  0.57999999E+00  0.37331390E-02
  0.12400000E+01  0.59999999E+00  0.38948564E-02
  0.12400000E+01  0.61999999E+00  0.40537296E-02
  0.12400000E+01  0.63999999E+00  0.42068159E-02
  0.12400000E+01  0.65999999E+00  0.43509449E-02
  0.12400000E+01  0.67999998E+00  0.44828639E-02
  0.12400000E+01  0.69999998E+00  0.45994321E-02
  0.12400000E+01  0.71999998E+00  0.46978655E-02
  0.12400000E+01  0.73999998E+00  0.47760329E-02
  0.12400000E+01  0.75999998E+00  0.48328015E-02
  0.12400000E+01  0.77999998E+00  0.48684193E-02
  0.12400000E+01  0.79999998E+00  0.48849142E-02
  0.12400000E+01  0.81999998E+00  0.48864723E-02
  0.12400000E+01  0.83999998E+00  0.48797284E-02
  0.12400000E+01  0.85999998E+00  0.48738590E-02
  0.12400000E+01  0.87999998E+00  0.48802860E-02
  0.12400000E+01  0.89999998E+00  0.49116463E-02
  0.12400000E+01  0.91999998E+00  0.49793537E-02
  0.12400000E+01  0.93999998E+00  0.50882304E-02
  0.12400000E+01  0.95999998E+00  0.52238630E-02
  0.12400000E+01  0.97999998E+00  0.53133496E-02
  0.12400000E+01  0.99999998E+00  0.48745883E-02
  0.12400000E+01  0.10200000E+01  0.49767065E-02
  0.12400000E+01  0.10400000E+01  0.50716424E-02
  0.12400000E+01  0.10600000E+01  0.51585854E-02
  0.12400000E+01  0.10800000E+01  0.52369077E-02
  0.12400000E+01  0.11000000E+01  0.53062164E-02
  0.12400000E+01  0.11200000E+01  0.53664062E-02
  0.12400000E+01  0.11400000E+01  0.54177093E-02
  0.12400000E+01  0.11600000E+01  0.54607413E-02
  0.12400000E+01  0.11800000E+01  0.54965374E-02
  0.12400000E+01  0.12000000E+01  0.55265769E-02
  0.12400000E+01  0.12200000E+01  0.55527892E-02
  0.12400000E+01  0.12400000E+01  0.55775365E-02
  0.12400000E+01  0.12600000E+01  0.56035667E-02
  0.12400000E+01  0.12800000E+01  0.56339293E-02
  0.12400000E+01  0.13000000E+01  0.56718471E-02
  0.12400000E+01  0.13200000E+01  0.57205373E-02
  0.12400000E+01  0.13400000E+01  0.57829742E-02
  0.12400000E+01  0.13600000E+01  0.58615907E-02
  0.12400000E+01  0.13800000E+01  0.59579151E-02
  0.12400000E+01  0.14000000E+01  0.60721504E-02
  0.12400000E+01  0.14200000E+01  0.62027071E-02
  0.12400000E+01  0.14400000E+01  0.63457199E-02
  0.12400000E+01  0.14600000E+01  0.64946021E-02
  0.12400000E+01  0.14800000E+01  0.66397294E-02
  0.12400000E+01  0.15000000E+01  0.67684189E-02
  0.12400000E+01  0.15200000E+01  0.68654902E-02
  0.12400000E+01  0.15400000E+01  0.69149556E-02
  0.12400000E+01  0.15600000E+01  0.69039702E-02
  0.12400000E+01  0.15800000E+01  0.68318879E-02
  0.12400000E+01  0.16000000E+01  0.67323861E-02
  0.12400000E+01  0.16200000E+01  0.68262597E-02
  0.12400000E+01  0.16400000E+01  0.69710119E-02
  0.12400000E+01  0.16600000E+01  0.71185298E-02
  0.12400000E+01  0.16800000E+01  0.72687427E-02
  0.12400000E+01  0.17000000E+01  0.74215984E-02
  0.12400000E+01  0.17200000E+01  0.75770584E-02
  0.12400000E+01  0.17400000E+01  0.77350902E-02
  0.12400000E+01  0.17600000E+01  0.78956523E-02
  0.12400000E+01  0.17800000E+01  0.80586727E-02
  0.12400000E+01  0.18000000E+01  0.82240196E-02
  0.12400000E+01  0.18200000E+01  0.83914628E-02
  0.12400000E+01  0.18400000E+01  0.85606252E-02
  0.12400000E+01  0.18600000E+01  0.87309248E-02
  0.12400000E+01  0.18800000E+01  0.89015067E-02
  0.12400000E+01  0.19000000E+01  0.90711657E-02
  0.12400000E+01  0.19200000E+01  0.92382637E-02
  0.12400000E+01  0.19400000E+01  0.94006440E-02
  0.12400000E+01  0.19600000E+01  0.95555487E-02
  0.12400000E+01  0.19800000E+01  0.96995498E-02
  0.12400000E+01  0.20000000E+01  0.98285054E-02
  0.12600000E+01  0.00000000E+00  0.73761100E-03
  0.12600000E+01  0.20000000E-01  0.85887134E-03
  0.12600000E+01  0.39999999E-01  0.98213353E-03
  0.12600000E+01  0.59999999E-01  0.11069794E-02
  0.12600000E+01  0.79999998E-01  0.12330616E-02
  0.12600000E+01  0.99999998E-01  0.13600319E-02
  0.12600000E+01  0.12000000E+00  0.14874482E-02
  0.12600000E+01  0.14000000E+00  0.16146623E-02
  0.12600000E+01  0.16000000E+00  0.17406908E-02
  0.12600000E+01  0.18000000E+00  0.18640757E-02
  0.12600000E+01  0.20000000E+00  0.19827459E-02
  0.12600000E+01  0.22000000E+00  0.20939013E-02
  0.12600000E+01  0.23999999E+00  0.21939524E-02
  0.12600000E+01  0.25999999E+00  0.22785743E-02
  0.12600000E+01  0.27999999E+00  0.23429730E-02
  0.12600000E+01  0.29999999E+00  0.23825442E-02
  0.12600000E+01  0.31999999E+00  0.23942851E-02
  0.12600000E+01  0.33999999E+00  0.23798096E-02
  0.12600000E+01  0.35999999E+00  0.23525977E-02
  0.12600000E+01  0.37999999E+00  0.23842058E-02
  0.12600000E+01  0.39999999E+00  0.25030879E-02
  0.12600000E+01  0.41999999E+00  0.26276978E-02
  0.12600000E+01  0.43999999E+00  0.27584965E-02
  0.12600000E+01  0.45999999E+00  0.28957001E-02
  0.12600000E+01  0.47999999E+00  0.30392261E-02
  0.12600000E+01  0.49999999E+00  0.31886437E-02
  0.12600000E+01  0.51999999E+00  0.33431314E-02
  0.12600000E+01  0.53999999E+00  0.35014462E-02
  0.12600000E+01  0.55999999E+00  0.36619079E-02
  0.12600000E+01  0.57999999E+00  0.38224039E-02
  0.12600000E+01  0.59999999E+00  0.39804194E-02
  0.12600000E+01  0.61999999E+00  0.41330998E-02
  0.12600000E+01  0.63999999E+00  0.42773490E-02
  0.12600000E+01  0.65999999E+00  0.44099721E-02
  0.12600000E+01  0.67999998E+00  0.45278658E-02
  0.12600000E+01  0.69999998E+00  0.46282595E-02
  0.12600000E+01  0.71999998E+00  0.47090112E-02
  0.12600000E+01  0.73999998E+00  0.47689507E-02
  0.12600000E+01  0.75999998E+00  0.48082642E-02
  0.12600000E+01  0.77999998E+00  0.48288961E-02
  0.12600000E+01  0.79999998E+00  0.48349318E-02
  0.12600000E+01  0.81999998E+00  0.48328954E-02
  0.12600000E+01  0.83999998E+00  0.48318508E-02
  0.12600000E+01  0.85999998E+00  0.48431133E-02
  0.12600000E+01  0.87999998E+00  0.48792252E-02
  0.12600000E+01  0.89999998E+00  0.49515133E-02
  0.12600000E+01  0.91999998E+00  0.50646924E-02
  0.12600000E+01  0.93999998E+00  0.52041263E-02
  0.12600000E+01  0.95999998E+00  0.52962128E-02
  0.12600000E+01  0.97999998E+00  0.48540354E-02
  0.12600000E+01  0.99999998E+00  0.49593835E-02
  0.12600000E+01  0.10200000E+01  0.50573477E-02
  0.12600000E+01  0.10400000E+01  0.51470280E-02
  0.12600000E+01  0.10600000E+01  0.52277100E-02
  0.12600000E+01  0.10800000E+01  0.52989210E-02
  0.12600000E+01  0.11000000E+01  0.53604859E-02
  0.12600000E+01  0.11200000E+01  0.54125817E-02
  0.12600000E+01  0.11400000E+01  0.54557864E-02
  0.12600000E+01  0.11600000E+01  0.54911197E-02
  0.12600000E+01  0.11800000E+01  0.55200692E-02
  0.12600000E+01  0.12000000E+01  0.55445987E-02
  0.12600000E+01  0.12200000E+01  0.55671311E-02
  0.12600000E+01  0.12400000E+01  0.55904998E-02
  0.12600000E+01  0.12600000E+01  0.56178605E-02
  0.12600000E+01  0.12800000E+01  0.56525562E-02
  0.12600000E+01  0.13000000E+01  0.56979280E-02
  0.12600000E+01  0.13200000E+01  0.57570638E-02
  0.12600000E+01  0.13400000E+01  0.58324816E-02
  0.12600000E+01  0.13600000E+01  0.59257446E-02
  0.12600000E+01  0.13800000E+01  0.60370147E-02
  0.12600000E+01  0.14000000E+01  0.61645580E-02
  0.12600000E+01  0.14200000E+01  0.63042356E-02
  0.12600000E+01  0.14400000E+01  0.64490360E-02
  0.12600000E+01  0.14600000E+01  0.65887546E-02
  0.12600000E+01  0.14800000E+01  0.67099965E-02
  0.12600000E+01  0.15000000E+01  0.67968246E-02
  0.12600000E+01  0.15200000E+01  0.68326568E-02
  0.12600000E+01  0.15400000E+01  0.68046980E-02
  0.12600000E+01  0.15600000E+01  0.67142611E-02
  0.12600000E+01  0.15800000E+01  0.66052429E-02
  0.12600000E+01  0.16000000E+01  0.67013302E-02
  0.12600000E+01  0.16200000E+01  0.68418246E-02
  0.12600000E+01  0.16400000E+01  0.69857140E-02
  0.12600000E+01  0.16600000E+01  0.71330140E-02
  0.12600000E+01  0.16800000E+01  0.72837415E-02
  0.12600000E+01  0.17000000E+01  0.74379059E-02
  0.12600000E+01  0.17200000E+01  0.75954958E-02
  0.12600000E+01  0.17400000E+01  0.77564602E-02
  0.12600000E+01  0.17600000E+01  0.79206830E-02
  0.12600000E+01  0.17800000E+01  0.80879513E-02
  0.12600000E+01  0.18000000E+01  0.82579153E-02
  0.12600000E+01  0.18200000E+01  0.84300413E-02
  0.12600000E+01  0.18400000E+01  0.86035567E-02
  0.12600000E+01  0.18600000E+01  0.87773894E-02
  0.12600000E+01  0.18800000E+01  0.89501015E-02
  0.12600000E+01  0.19000000E+01  0.91198226E-02
  0.12600000E+01  0.19200000E+01  0.92841853E-02
  0.12600000E+01  0.19400000E+01  0.94402708E-02
  0.12600000E+01  0.19600000E+01  0.95845732E-02
  0.12600000E+01  0.19800000E+01  0.97129957E-02
  0.12600000E+01  0.20000000E+01  0.98208961E-02
  0.12800000E+01  0.00000000E+00  0.78812748E-03
  0.12800000E+01  0.20000000E-01  0.90753670E-03
  0.12800000E+01  0.39999999E-01  0.10287436E-02
  0.12800000E+01  0.59999999E-01  0.11512855E-02
  0.12800000E+01  0.79999998E-01  0.12747303E-02
  0.12800000E+01  0.99999998E-01  0.13985967E-02
  0.12800000E+01  0.12000000E+00  0.15222565E-02
  0.12800000E+01  0.14000000E+00  0.16448183E-02
  0.12800000E+01  0.16000000E+00  0.17650012E-02
  0.12800000E+01  0.18000000E+00  0.18810048E-02
  0.12800000E+01  0.20000000E+00  0.19903963E-02
  0.12800000E+01  0.22000000E+00  0.20900424E-02
  0.12800000E+01  0.23999999E+00  0.21761358E-02
  0.12800000E+01  0.25999999E+00  0.22444033E-02
  0.12800000E+01  0.27999999E+00  0.22906491E-02
  0.12800000E+01  0.29999999E+00  0.23119375E-02
  0.12800000E+01  0.31999999E+00  0.23091066E-02
  0.12800000E+01  0.33999999E+00  0.22924980E-02
  0.12800000E+01  0.35999999E+00  0.23222324E-02
  0.12800000E+01  0.37999999E+00  0.24410102E-02
  0.12800000E+01  0.39999999E+00  0.25651006E-02
  0.12800000E+01  0.41999999E+00  0.26950002E-02
  0.12800000E+01  0.43999999E+00  0.28309770E-02
  0.12800000E+01  0.45999999E+00  0.29730152E-02
  0.12800000E+01  0.47999999E+00  0.31207642E-02
  0.12800000E+01  0.49999999E+00  0.32734936E-02
  0.12800000E+01  0.51999999E+00  0.34300603E-02
  0.12800000E+01  0.53999999E+00  0.35888893E-02
  0.12800000E+01  0.55999999E+00  0.37479748E-02
  0.12800000E+01  0.57999999E+00  0.39049068E-02
  0.12800000E+01  0.59999999E+00  0.40569281E-02
  0.12800000E+01  0.61999999E+00  0.42010297E-02
  0.12800000E+01  0.63999999E+00  0.43340879E-02
  0.12800000E+01  0.65999999E+00  0.44530502E-02
  0.12800000E+01  0.67999998E+00  0.45551742E-02
  0.12800000E+01  0.69999998E+00  0.46383186E-02
  0.12800000E+01  0.71999998E+00  0.47012864E-02
  0.12800000E+01  0.73999998E+00  0.47442080E-02
  0.12800000E+01  0.75999998E+00  0.47689447E-02
  0.12800000E+01  0.77999998E+00  0.47794760E-02
  0.12800000E+01  0.79999998E+00  0.47822019E-02
  0.12800000E+01  0.81999998E+00  0.47860532E-02
  0.12800000E+01  0.83999998E+00  0.48022120E-02
  0.12800000E+01  0.85999998E+00  0.48430967E-02
  0.12800000E+01  0.87999998E+00  0.49199245E-02
  0.12800000E+01  0.89999998E+00  0.50373068E-02
  0.12800000E+01  0.91999998E+00  0.51804599E-02
  0.12800000E+01  0.93999998E+00  0.52753742E-02
  0.12800000E+01  0.95999998E+00  0.48321978E-02
  0.12800000E+01  0.97999998E+00  0.49408721E-02
  0.12800000E+01  0.99999998E+00  0.50420276E-02
  0.12800000E+01  0.10200000E+01  0.51346767E-02
  0.12800000E+01  0.10400000E+01  0.52180187E-02
  0.12800000E+01  0.10600000E+01  0.52914987E-02
  0.12800000E+01  0.10800000E+01  0.53548682E-02
  0.12800000E+01  0.11000000E+01  0.54082428E-02
  0.12800000E+01  0.11200000E+01  0.54521555E-02
  0.12800000E+01  0.11400000E+01  0.54875999E-02
  0.12800000E+01  0.11600000E+01  0.55160607E-02
  0.12800000E+01  0.11800000E+01  0.55395231E-02
  0.12800000E+01  0.12000000E+01  0.55604570E-02
  0.12800000E+01  0.12200000E+01  0.55817667E-02
  0.12800000E+01  0.12400000E+01  0.56067003E-02
  0.12800000E+01  0.12600000E+01  0.56387081E-02
  0.12800000E+01  0.12800000E+01  0.56812436E-02
  0.12800000E+01  0.13000000E+01  0.57375000E-02
  0.12800000E+01  0.13200000E+01  0.58100758E-02
  0.12800000E+01  0.13400000E+01  0.59005688E-02
  0.12800000E+01  0.13600000E+01  0.60091049E-02
  0.12800000E+01  0.13800000E+01  0.61338169E-02
  0.12800000E+01  0.14000000E+01  0.62703080E-02
  0.12800000E+01  0.14200000E+01  0.64111635E-02
  0.12800000E+01  0.14400000E+01  0.65456213E-02
  0.12800000E+01  0.14600000E+01  0.66595958E-02
  0.12800000E+01  0.14800000E+01  0.67364028E-02
  0.12800000E+01  0.15000000E+01  0.67588482E-02
  0.12800000E+01  0.15200000E+01  0.67141042E-02
  0.12800000E+01  0.15400000E+01  0.66051947E-02
  0.12800000E+01  0.15600000E+01  0.64851349E-02
  0.12800000E+01  0.15800000E+01  0.65818465E-02
  0.12800000E+01  0.16000000E+01  0.67177596E-02
  0.12800000E+01  0.16200000E+01  0.68576461E-02
  0.12800000E+01  0.16400000E+01  0.70016147E-02
  0.12800000E+01  0.16600000E+01  0.71497601E-02
  0.12800000E+01  0.16800000E+01  0.73021487E-02
  0.12800000E+01  0.17000000E+01  0.74588008E-02
  0.12800000E+01  0.17200000E+01  0.76196665E-02
  0.12800000E+01  0.17400000E+01  0.77845969E-02
  0.12800000E+01  0.17600000E+01  0.79533086E-02
  0.12800000E+01  0.17800000E+01  0.81253427E-02
  0.12800000E+01  0.18000000E+01  0.83000174E-02
  0.12800000E+01  0.18200000E+01  0.84763770E-02
  0.12800000E+01  0.18400000E+01  0.86531372E-02
  0.12800000E+01  0.18600000E+01  0.88286299E-02
  0.12800000E+01  0.18800000E+01  0.90007516E-02
  0.12800000E+01  0.19000000E+01  0.91669206E-02
  0.12800000E+01  0.19200000E+01  0.93240498E-02
  0.12800000E+01  0.19400000E+01  0.94685451E-02
  0.12800000E+01  0.19600000E+01  0.95963420E-02
  0.12800000E+01  0.19800000E+01  0.97029958E-02
  0.12800000E+01  0.20000000E+01  0.97838483E-02
  0.13000000E+01  0.00000000E+00  0.83879675E-03
  0.13000000E+01  0.20000000E-01  0.95544398E-03
  0.13000000E+01  0.39999999E-01  0.10735943E-02
  0.13000000E+01  0.59999999E-01  0.11927320E-02
  0.13000000E+01  0.79999998E-01  0.13123347E-02
  0.13000000E+01  0.99999998E-01  0.14317899E-02
  0.13000000E+01  0.12000000E+00  0.15502939E-02
  0.13000000E+01  0.14000000E+00  0.16667376E-02
  0.13000000E+01  0.16000000E+00  0.17795880E-02
  0.13000000E+01  0.18000000E+00  0.18867786E-02
  0.13000000E+01  0.20000000E+00  0.19856340E-02
  0.13000000E+01  0.22000000E+00  0.20728710E-02
  0.13000000E+01  0.23999999E+00  0.21447471E-02
  0.13000000E+01  0.25999999E+00  0.21974850E-02
  0.13000000E+01  0.27999999E+00  0.22282182E-02
  0.13000000E+01  0.29999999E+00  0.22369771E-02
  0.13000000E+01  0.31999999E+00  0.22308034E-02
  0.13000000E+01  0.33999999E+00  0.22578753E-02
  0.13000000E+01  0.35999999E+00  0.23767621E-02
  0.13000000E+01  0.37999999E+00  0.25005291E-02
  0.13000000E+01  0.39999999E+00  0.26296989E-02
  0.13000000E+01  0.41999999E+00  0.27645824E-02
  0.13000000E+01  0.43999999E+00  0.29052237E-02
  0.13000000E+01  0.45999999E+00  0.30513467E-02
  0.13000000E+01  0.47999999E+00  0.32023094E-02
  0.13000000E+01  0.49999999E+00  0.33570677E-02
  0.13000000E+01  0.51999999E+00  0.35141531E-02
  0.13000000E+01  0.53999999E+00  0.36716710E-02
  0.13000000E+01  0.55999999E+00  0.38273222E-02
  0.13000000E+01  0.57999999E+00  0.39784566E-02
  0.13000000E+01  0.59999999E+00  0.41221626E-02
  0.13000000E+01  0.61999999E+00  0.42554001E-02
  0.13000000E+01  0.63999999E+00  0.43751813E-02
  0.13000000E+01  0.65999999E+00  0.44788047E-02
  0.13000000E+01  0.67999998E+00  0.45641427E-02
  0.13000000E+01  0.69999998E+00  0.46299814E-02
  0.13000000E+01  0.71999998E+00  0.46764018E-02
  0.13000000E+01  0.73999998E+00  0.47051844E-02
  0.13000000E+01  0.75999998E+00  0.47201976E-02
  0.13000000E+01  0.77999998E+00  0.47277061E-02
  0.13000000E+01  0.79999998E+00  0.47364879E-02
  0.13000000E+01  0.81999998E+00  0.47575663E-02
  0.13000000E+01  0.83999998E+00  0.48032071E-02
  0.13000000E+01  0.85999998E+00  0.48844958E-02
  0.13000000E+01  0.87999998E+00  0.50059420E-02
  0.13000000E+01  0.89999998E+00  0.51526857E-02
  0.13000000E+01  0.91999998E+00  0.52505931E-02
  0.13000000E+01  0.93999998E+00  0.48087019E-02
  0.13000000E+01  0.95999998E+00  0.49207468E-02
  0.13000000E+01  0.97999998E+00  0.50252030E-02
  0.13000000E+01  0.99999998E+00  0.51209980E-02
  0.13000000E+01  0.10200000E+01  0.52072457E-02
  0.13000000E+01  0.10400000E+01  0.52833088E-02
  0.13000000E+01  0.10600000E+01  0.53488623E-02
  0.13000000E+01  0.10800000E+01  0.54039557E-02
  0.13000000E+01  0.11000000E+01  0.54490696E-02
  0.13000000E+01  0.11200000E+01  0.54851633E-02
  0.13000000E+01  0.11400000E+01  0.55137073E-02
  0.13000000E+01  0.11600000E+01  0.55366962E-02
  0.13000000E+01  0.11800000E+01  0.55566332E-02
  0.13000000E+01  0.12000000E+01  0.55764799E-02
  0.13000000E+01  0.12200000E+01  0.55995624E-02
  0.13000000E+01  0.12400000E+01  0.56294249E-02
  0.13000000E+01  0.12600000E+01  0.56696224E-02
  0.13000000E+01  0.12800000E+01  0.57234442E-02
  0.13000000E+01  0.13000000E+01  0.57935639E-02
  0.13000000E+01  0.13200000E+01  0.58816133E-02
  0.13000000E+01  0.13400000E+01  0.59876871E-02
  0.13000000E+01  0.13600000E+01  0.61097952E-02
  0.13000000E+01  0.13800000E+01  0.62433001E-02
  0.13000000E+01  0.14000000E+01  0.63804057E-02
  0.13000000E+01  0.14200000E+01  0.65098180E-02
  0.13000000E+01  0.14400000E+01  0.66167851E-02
  0.13000000E+01  0.14600000E+01  0.66838906E-02
  0.13000000E+01  0.14800000E+01  0.66933170E-02
  0.13000000E+01  0.15000000E+01  0.66321326E-02
  0.13000000E+01  0.15200000E+01  0.65048418E-02
  0.13000000E+01  0.15400000E+01  0.63725600E-02
  0.13000000E+01  0.15600000E+01  0.64685264E-02
  0.13000000E+01  0.15800000E+01  0.65995928E-02
  0.13000000E+01  0.16000000E+01  0.67351552E-02
  0.13000000E+01  0.16200000E+01  0.68754216E-02
  0.13000000E+01  0.16400000E+01  0.70205716E-02
  0.13000000E+01  0.16600000E+01  0.71707373E-02
  0.13000000E+01  0.16800000E+01  0.73259802E-02
  0.13000000E+01  0.17000000E+01  0.74862623E-02
  0.13000000E+01  0.17200000E+01  0.76514126E-02
  0.13000000E+01  0.17400000E+01  0.78210884E-02
  0.13000000E+01  0.17600000E+01  0.79947318E-02
  0.13000000E+01  0.17800000E+01  0.81715229E-02
  0.13000000E+01  0.18000000E+01  0.83503309E-02
  0.13000000E+01  0.18200000E+01  0.85296654E-02
  0.13000000E+01  0.18400000E+01  0.87076315E-02
  0.13000000E+01  0.18600000E+01  0.88818937E-02
  0.13000000E+01  0.18800000E+01  0.90496533E-02
  0.13000000E+01  0.19000000E+01  0.92076491E-02
  0.13000000E+01  0.19200000E+01  0.93521892E-02
  0.13000000E+01  0.19400000E+01  0.94792284E-02
  0.13000000E+01  0.19600000E+01  0.95845046E-02
  0.13000000E+01  0.19800000E+01  0.96637530E-02
  0.13000000E+01  0.20000000E+01  0.97130218E-02
  0.13200000E+01  0.00000000E+00  0.88824759E-03
  0.13200000E+01  0.20000000E-01  0.10010764E-02
  0.13200000E+01  0.39999999E-01  0.11150433E-02
  0.13200000E+01  0.59999999E-01  0.12295852E-02
  0.13200000E+01  0.79999998E-01  0.13441031E-02
  0.13200000E+01  0.99999998E-01  0.14578773E-02
  0.13200000E+01  0.12000000E+00  0.15699672E-02
  0.13200000E+01  0.14000000E+00  0.16791036E-02
  0.13200000E+01  0.16000000E+00  0.17835849E-02
  0.13200000E+01  0.18000000E+00  0.18811952E-02
  0.13200000E+01  0.20000000E+00  0.19691801E-02
  0.13200000E+01  0.22000000E+00  0.20443358E-02
  0.13200000E+01  0.23999999E+00  0.21033120E-02
  0.13200000E+01  0.25999999E+00  0.21433109E-02
  0.13200000E+01  0.27999999E+00  0.21635232E-02
  0.13200000E+01  0.29999999E+00  0.21675278E-02
  0.13200000E+01  0.31999999E+00  0.21910660E-02
  0.13200000E+01  0.33999999E+00  0.23102650E-02
  0.13200000E+01  0.35999999E+00  0.24339030E-02
  0.13200000E+01  0.37999999E+00  0.25625181E-02
  0.13200000E+01  0.39999999E+00  0.26964551E-02
  0.13200000E+01  0.41999999E+00  0.28358095E-02
  0.13200000E+01  0.43999999E+00  0.29803739E-02
  0.13200000E+01  0.45999999E+00  0.31295899E-02
  0.13200000E+01  0.47999999E+00  0.32825101E-02
  0.13200000E+01  0.49999999E+00  0.34377730E-02
  0.13200000E+01  0.51999999E+00  0.35935974E-02
  0.13200000E+01  0.53999999E+00  0.37478006E-02
  0.13200000E+01  0.55999999E+00  0.38978466E-02
  0.13200000E+01  0.57999999E+00  0.40409313E-02
  0.13200000E+01  0.59999999E+00  0.41741094E-02
  0.13200000E+01  0.61999999E+00  0.42944703E-02
  0.13200000E+01  0.63999999E+00  0.43993663E-02
  0.13200000E+01  0.65999999E+00  0.44866957E-02
  0.13200000E+01  0.67999998E+00  0.45552376E-02
  0.13200000E+01  0.69999998E+00  0.46050313E-02
  0.13200000E+01  0.71999998E+00  0.46377785E-02
  0.13200000E+01  0.73999998E+00  0.46572331E-02
  0.13200000E+01  0.75999998E+00  0.46695137E-02
  0.13200000E+01  0.77999998E+00  0.46832276E-02
  0.13200000E+01  0.79999998E+00  0.47092145E-02
  0.13200000E+01  0.81999998E+00  0.47595601E-02
  0.13200000E+01  0.83999998E+00  0.48451945E-02
  0.13200000E+01  0.85999998E+00  0.49705263E-02
  0.13200000E+01  0.87999998E+00  0.51206858E-02
  0.13200000E+01  0.89999998E+00  0.52216857E-02
  0.13200000E+01  0.91999998E+00  0.47832158E-02
  0.13200000E+01  0.93999998E+00  0.48986263E-02
  0.13200000E+01  0.95999998E+00  0.50064405E-02
  0.13200000E+01  0.97999998E+00  0.51055048E-02
  0.13200000E+01  0.99999998E+00  0.51948499E-02
  0.13200000E+01  0.10200000E+01  0.52737563E-02
  0.13200000E+01  0.10400000E+01  0.53418211E-02
  0.13200000E+01  0.10600000E+01  0.53990239E-02
  0.13200000E+01  0.10800000E+01  0.54457873E-02
  0.13200000E+01  0.11000000E+01  0.54830279E-02
  0.13200000E+01  0.11200000E+01  0.55121926E-02
  0.13200000E+01  0.11400000E+01  0.55352735E-02
  0.13200000E+01  0.11600000E+01  0.55547945E-02
  0.13200000E+01  0.11800000E+01  0.55737605E-02
  0.13200000E+01  0.12000000E+01  0.55955621E-02
  0.13200000E+01  0.12200000E+01  0.56238242E-02
  0.13200000E+01  0.12400000E+01  0.56621910E-02
  0.13200000E+01  0.12600000E+01  0.57140389E-02
  0.13200000E+01  0.12800000E+01  0.57821108E-02
  0.13200000E+01  0.13000000E+01  0.58680713E-02
  0.13200000E+01  0.13200000E+01  0.59719882E-02
  0.13200000E+01  0.13400000E+01  0.60917593E-02
  0.13200000E+01  0.13600000E+01  0.62225234E-02
  0.13200000E+01  0.13800000E+01  0.63561262E-02
  0.13200000E+01  0.14000000E+01  0.64807692E-02
  0.13200000E+01  0.14200000E+01  0.65810615E-02
  0.13200000E+01  0.14400000E+01  0.66388740E-02
  0.13200000E+01  0.14600000E+01  0.66357619E-02
  0.13200000E+01  0.14800000E+01  0.65586274E-02
  0.13200000E+01  0.15000000E+01  0.64132439E-02
  0.13200000E+01  0.15200000E+01  0.62678879E-02
  0.13200000E+01  0.15400000E+01  0.63619523E-02
  0.13200000E+01  0.15600000E+01  0.64879663E-02
  0.13200000E+01  0.15800000E+01  0.66189392E-02
  0.13200000E+01  0.16000000E+01  0.67551832E-02
  0.13200000E+01  0.16200000E+01  0.68969690E-02
  0.13200000E+01  0.16400000E+01  0.70445025E-02
  0.13200000E+01  0.16600000E+01  0.71978952E-02
  0.13200000E+01  0.16800000E+01  0.73571309E-02
  0.13200000E+01  0.17000000E+01  0.75220274E-02
  0.13200000E+01  0.17200000E+01  0.76921933E-02
  0.13200000E+01  0.17400000E+01  0.78669827E-02
  0.13200000E+01  0.17600000E+01  0.80454475E-02
  0.13200000E+01  0.17800000E+01  0.82262907E-02
  0.13200000E+01  0.18000000E+01  0.84078230E-02
  0.13200000E+01  0.18200000E+01  0.85879277E-02
  0.13200000E+01  0.18400000E+01  0.87640390E-02
  0.13200000E+01  0.18600000E+01  0.89331401E-02
  0.13200000E+01  0.18800000E+01  0.90917907E-02
  0.13200000E+01  0.19000000E+01  0.92361928E-02
  0.13200000E+01  0.19200000E+01  0.93623086E-02
  0.13200000E+01  0.19400000E+01  0.94660423E-02
  0.13200000E+01  0.19600000E+01  0.95435042E-02
  0.13200000E+01  0.19800000E+01  0.95913730E-02
  0.13200000E+01  0.20000000E+01  0.96073746E-02
  0.13400000E+01  0.00000000E+00  0.93487668E-03
  0.13400000E+01  0.20000000E-01  0.10427315E-02
  0.13400000E+01  0.39999999E-01  0.11513346E-02
  0.13400000E+01  0.59999999E-01  0.12601009E-02
  0.13400000E+01  0.79999998E-01  0.13683928E-02
  0.13400000E+01  0.99999998E-01  0.14754352E-02
  0.13400000E+01  0.12000000E+00  0.15802206E-02
  0.13400000E+01  0.14000000E+00  0.16814105E-02
  0.13400000E+01  0.16000000E+00  0.17772496E-02
  0.13400000E+01  0.18000000E+00  0.18655161E-02
  0.13400000E+01  0.20000000E+00  0.19435514E-02
  0.13400000E+01  0.22000000E+00  0.20084385E-02
  0.13400000E+01  0.23999999E+00  0.20574466E-02
  0.13400000E+01  0.25999999E+00  0.20888928E-02
  0.13400000E+01  0.27999999E+00  0.21027310E-02
  0.13400000E+01  0.29999999E+00  0.21217831E-02
  0.13400000E+01  0.31999999E+00  0.22414802E-02
  0.13400000E+01  0.33999999E+00  0.23651751E-02
  0.13400000E+01  0.35999999E+00  0.24934104E-02
  0.13400000E+01  0.37999999E+00  0.26265549E-02
  0.13400000E+01  0.39999999E+00  0.27647468E-02
  0.13400000E+01  0.41999999E+00  0.29078397E-02
  0.13400000E+01  0.43999999E+00  0.30553536E-02
  0.13400000E+01  0.45999999E+00  0.32064340E-02
  0.13400000E+01  0.47999999E+00  0.33598253E-02
  0.13400000E+01  0.49999999E+00  0.35138611E-02
  0.13400000E+01  0.51999999E+00  0.36664787E-02
  0.13400000E+01  0.53999999E+00  0.38152626E-02
  0.13400000E+01  0.55999999E+00  0.39575243E-02
  0.13400000E+01  0.57999999E+00  0.40904237E-02
  0.13400000E+01  0.59999999E+00  0.42111391E-02
  0.13400000E+01  0.61999999E+00  0.43170887E-02
  0.13400000E+01  0.63999999E+00  0.44062082E-02
  0.13400000E+01  0.65999999E+00  0.44772804E-02
  0.13400000E+01  0.67999998E+00  0.45303098E-02
  0.13400000E+01  0.69999998E+00  0.45669226E-02
  0.13400000E+01  0.71999998E+00  0.45907555E-02
  0.13400000E+01  0.73999998E+00  0.46077715E-02
  0.13400000E+01  0.75999998E+00  0.46263902E-02
  0.13400000E+01  0.77999998E+00  0.46572438E-02
  0.13400000E+01  0.79999998E+00  0.47122106E-02
  0.13400000E+01  0.81999998E+00  0.48020425E-02
  0.13400000E+01  0.83999998E+00  0.49310445E-02
  0.13400000E+01  0.85999998E+00  0.50843991E-02
  0.13400000E+01  0.87999998E+00  0.51885246E-02
  0.13400000E+01  0.89999998E+00  0.47554519E-02
  0.13400000E+01  0.91999998E+00  0.48741767E-02
  0.13400000E+01  0.93999998E+00  0.49853562E-02
  0.13400000E+01  0.95999998E+00  0.50877608E-02
  0.13400000E+01  0.97999998E+00  0.51803414E-02
  0.13400000E+01  0.99999998E+00  0.52622975E-02
  0.13400000E+01  0.10200000E+01  0.53331478E-02
  0.13400000E+01  0.10400000E+01  0.53927995E-02
  0.13400000E+01  0.10600000E+01  0.54416124E-02
  0.13400000E+01  0.10800000E+01  0.54804536E-02
  0.13400000E+01  0.11000000E+01  0.55107375E-02
  0.13400000E+01  0.11200000E+01  0.55344431E-02
  0.13400000E+01  0.11400000E+01  0.55541024E-02
  0.13400000E+01  0.11600000E+01  0.55727508E-02
  0.13400000E+01  0.11800000E+01  0.55938295E-02
  0.13400000E+01  0.12000000E+01  0.56210309E-02
  0.13400000E+01  0.12200000E+01  0.56580767E-02
  0.13400000E+01  0.12400000E+01  0.57084206E-02
  0.13400000E+01  0.12600000E+01  0.57748687E-02
  0.13400000E+01  0.12800000E+01  0.58591166E-02
  0.13400000E+01  0.13000000E+01  0.59612094E-02
  0.13400000E+01  0.13200000E+01  0.60789431E-02
  0.13400000E+01  0.13400000E+01  0.62072502E-02
  0.13400000E+01  0.13600000E+01  0.63376424E-02
  0.13400000E+01  0.13800000E+01  0.64578458E-02
  0.13400000E+01  0.14000000E+01  0.65518607E-02
  0.13400000E+01  0.14200000E+01  0.66008691E-02
  0.13400000E+01  0.14400000E+01  0.65858013E-02
  0.13400000E+01  0.14600000E+01  0.64933410E-02
  0.13400000E+01  0.14800000E+01  0.63303367E-02
  0.13400000E+01  0.15000000E+01  0.61713634E-02
  0.13400000E+01  0.15200000E+01  0.62625732E-02
  0.13400000E+01  0.15400000E+01  0.63833887E-02
  0.13400000E+01  0.15600000E+01  0.65095637E-02
  0.13400000E+01  0.15800000E+01  0.66415179E-02
  0.13400000E+01  0.16000000E+01  0.67796188E-02
  0.13400000E+01  0.16200000E+01  0.69241524E-02
  0.13400000E+01  0.16400000E+01  0.70752889E-02
  0.13400000E+01  0.16600000E+01  0.72330433E-02
  0.13400000E+01  0.16800000E+01  0.73972320E-02
  0.13400000E+01  0.17000000E+01  0.75674259E-02
  0.13400000E+01  0.17200000E+01  0.77429020E-02
  0.13400000E+01  0.17400000E+01  0.79225945E-02
  0.13400000E+01  0.17600000E+01  0.81050496E-02
  0.13400000E+01  0.17800000E+01  0.82883871E-02
  0.13400000E+01  0.18000000E+01  0.84702743E-02
  0.13400000E+01  0.18200000E+01  0.86479185E-02
  0.13400000E+01  0.18400000E+01  0.88180847E-02
  0.13400000E+01  0.18600000E+01  0.89771500E-02
  0.13400000E+01  0.18800000E+01  0.91212026E-02
  0.13400000E+01  0.19000000E+01  0.92462003E-02
  0.13400000E+01  0.19200000E+01  0.93481985E-02
  0.13400000E+01  0.19400000E+01  0.94236635E-02
  0.13400000E+01  0.19600000E+01  0.94698817E-02
  0.13400000E+01  0.19800000E+01  0.94854748E-02
  0.13400000E+01  0.20000000E+01  0.94710235E-02
  0.13600000E+01  0.00000000E+00  0.97691802E-03
  0.13600000E+01  0.20000000E-01  0.10786276E-02
  0.13600000E+01  0.39999999E-01  0.11807487E-02
  0.13600000E+01  0.59999999E-01  0.12827257E-02
  0.13600000E+01  0.79999998E-01  0.13839480E-02
  0.13600000E+01  0.99999998E-01  0.14836677E-02
  0.13600000E+01  0.12000000E+00  0.15809088E-02
  0.13600000E+01  0.14000000E+00  0.16743770E-02
  0.13600000E+01  0.16000000E+00  0.17623862E-02
  0.13600000E+01  0.18000000E+00  0.18428279E-02
  0.13600000E+01  0.20000000E+00  0.19132230E-02
  0.13600000E+01  0.22000000E+00  0.19709046E-02
  0.13600000E+01  0.23999999E+00  0.20132818E-02
  0.13600000E+01  0.25999999E+00  0.20365215E-02
  0.13600000E+01  0.27999999E+00  0.20500557E-02
  0.13600000E+01  0.29999999E+00  0.21704124E-02
  0.13600000E+01  0.31999999E+00  0.22943346E-02
  0.13600000E+01  0.33999999E+00  0.24223583E-02
  0.13600000E+01  0.35999999E+00  0.25548654E-02
  0.13600000E+01  0.37999999E+00  0.26920275E-02
  0.13600000E+01  0.39999999E+00  0.28337510E-02
  0.13600000E+01  0.41999999E+00  0.29796274E-02
  0.13600000E+01  0.43999999E+00  0.31288909E-02
  0.13600000E+01  0.45999999E+00  0.32803889E-02
  0.13600000E+01  0.47999999E+00  0.34325698E-02
  0.13600000E+01  0.49999999E+00  0.35834932E-02
  0.13600000E+01  0.51999999E+00  0.37308689E-02
  0.13600000E+01  0.53999999E+00  0.38721311E-02
  0.13600000E+01  0.55999999E+00  0.40045541E-02
  0.13600000E+01  0.57999999E+00  0.41254152E-02
  0.13600000E+01  0.59999999E+00  0.42322103E-02
  0.13600000E+01  0.61999999E+00  0.43229237E-02
  0.13600000E+01  0.63999999E+00  0.43963519E-02
  0.13600000E+01  0.65999999E+00  0.44524721E-02
  0.13600000E+01  0.67999998E+00  0.44928383E-02
  0.13600000E+01  0.69999998E+00  0.45209685E-02
  0.13600000E+01  0.71999998E+00  0.45426611E-02
  0.13600000E+01  0.73999998E+00  0.45661322E-02
  0.13600000E+01  0.75999998E+00  0.46017840E-02
  0.13600000E+01  0.77999998E+00  0.46612601E-02
  0.13600000E+01  0.79999998E+00  0.47551103E-02
  0.13600000E+01  0.81999998E+00  0.48875329E-02
  0.13600000E+01  0.83999998E+00  0.50438185E-02
  0.13600000E+01  0.85999998E+00  0.51510356E-02
  0.13600000E+01  0.87999998E+00  0.47251684E-02
  0.13600000E+01  0.89999998E+00  0.48471127E-02
  0.13600000E+01  0.91999998E+00  0.49616179E-02
  0.13600000E+01  0.93999998E+00  0.50673839E-02
  0.13600000E+01  0.95999998E+00  0.51632856E-02
  0.13600000E+01  0.97999998E+00  0.52484444E-02
  0.13600000E+01  0.99999998E+00  0.53223011E-02
  0.13600000E+01  0.10200000E+01  0.53846889E-02
  0.13600000E+01  0.10400000E+01  0.54359013E-02
  0.13600000E+01  0.10600000E+01  0.54767502E-02
  0.13600000E+01  0.10800000E+01  0.55086093E-02
  0.13600000E+01  0.11000000E+01  0.55334347E-02
  0.13600000E+01  0.11200000E+01  0.55537553E-02
  0.13600000E+01  0.11400000E+01  0.55726242E-02
  0.13600000E+01  0.11600000E+01  0.55935199E-02
  0.13600000E+01  0.11800000E+01  0.56201893E-02
  0.13600000E+01  0.12000000E+01  0.56564196E-02
  0.13600000E+01  0.12200000E+01  0.57057319E-02
  0.13600000E+01  0.12400000E+01  0.57709891E-02
  0.13600000E+01  0.12600000E+01  0.58539159E-02
  0.13600000E+01  0.12800000E+01  0.59545378E-02
  0.13600000E+01  0.13000000E+01  0.60705597E-02
  0.13600000E+01  0.13200000E+01  0.61967253E-02
  0.13600000E+01  0.13400000E+01  0.63242371E-02
  0.13600000E+01  0.13600000E+01  0.64403763E-02
  0.13600000E+01  0.13800000E+01  0.65285675E-02
  0.13600000E+01  0.14000000E+01  0.65693317E-02
  0.13600000E+01  0.14200000E+01  0.65429822E-02
  0.13600000E+01  0.14400000E+01  0.64359417E-02
  0.13600000E+01  0.14600000E+01  0.62559564E-02
  0.13600000E+01  0.14800000E+01  0.60831110E-02
  0.13600000E+01  0.15000000E+01  0.61707070E-02
  0.13600000E+01  0.15200000E+01  0.62862377E-02
  0.13600000E+01  0.15400000E+01  0.64074636E-02
  0.13600000E+01  0.15600000E+01  0.65349150E-02
  0.13600000E+01  0.15800000E+01  0.66690603E-02
  0.13600000E+01  0.16000000E+01  0.68102717E-02
  0.13600000E+01  0.16200000E+01  0.69587852E-02
  0.13600000E+01  0.16400000E+01  0.71146555E-02
  0.13600000E+01  0.16600000E+01  0.72777077E-02
  0.13600000E+01  0.16800000E+01  0.74474855E-02
  0.13600000E+01  0.17000000E+01  0.76231995E-02
  0.13600000E+01  0.17200000E+01  0.78036768E-02
  0.13600000E+01  0.17400000E+01  0.79873170E-02
  0.13600000E+01  0.17600000E+01  0.81720577E-02
  0.13600000E+01  0.17800000E+01  0.83553572E-02
  0.13600000E+01  0.18000000E+01  0.85341999E-02
  0.13600000E+01  0.18200000E+01  0.87051339E-02
  0.13600000E+01  0.18400000E+01  0.88643511E-02
  0.13600000E+01  0.18600000E+01  0.90078196E-02
  0.13600000E+01  0.18800000E+01  0.91314818E-02
  0.13600000E+01  0.19000000E+01  0.92315290E-02
  0.13600000E+01  0.19200000E+01  0.93047639E-02
  0.13600000E+01  0.19400000E+01  0.93490578E-02
  0.13600000E+01  0.19600000E+01  0.93639009E-02
  0.13600000E+01  0.19800000E+01  0.93510337E-02
  0.13600000E+01  0.20000000E+01  0.93151203E-02
  0.13800000E+01  0.00000000E+00  0.10125604E-02
  0.13800000E+01  0.20000000E-01  0.11070665E-02
  0.13800000E+01  0.39999999E-01  0.12018183E-02
  0.13800000E+01  0.59999999E-01  0.12963695E-02
  0.13800000E+01  0.79999998E-01  0.13902315E-02
  0.13800000E+01  0.99999998E-01  0.14827901E-02
  0.13800000E+01  0.12000000E+00  0.15732126E-02
  0.13800000E+01  0.14000000E+00  0.16603512E-02
  0.13800000E+01  0.16000000E+00  0.17426512E-02
  0.13800000E+01  0.18000000E+00  0.18180751E-02
  0.13800000E+01  0.20000000E+00  0.18840149E-02
  0.13800000E+01  0.22000000E+00  0.19369365E-02
  0.13800000E+01  0.23999999E+00  0.19690584E-02
  0.13800000E+01  0.25999999E+00  0.19759656E-02
  0.13800000E+01  0.27999999E+00  0.20971130E-02
  0.13800000E+01  0.29999999E+00  0.22214108E-02
  0.13800000E+01  0.31999999E+00  0.23493772E-02
  0.13800000E+01  0.33999999E+00  0.24813968E-02
  0.13800000E+01  0.35999999E+00  0.26176641E-02
  0.13800000E+01  0.37999999E+00  0.27581296E-02
  0.13800000E+01  0.39999999E+00  0.29024487E-02
  0.13800000E+01  0.41999999E+00  0.30499383E-02
  0.13800000E+01  0.43999999E+00  0.31995454E-02
  0.13800000E+01  0.45999999E+00  0.33498317E-02
  0.13800000E+01  0.47999999E+00  0.34989798E-02
  0.13800000E+01  0.49999999E+00  0.36448284E-02
  0.13800000E+01  0.51999999E+00  0.37849401E-02
  0.13800000E+01  0.53999999E+00  0.39167113E-02
  0.13800000E+01  0.55999999E+00  0.40375281E-02
  0.13800000E+01  0.57999999E+00  0.41449744E-02
  0.13800000E+01  0.59999999E+00  0.42370937E-02
  0.13800000E+01  0.61999999E+00  0.43127059E-02
  0.13800000E+01  0.63999999E+00  0.43717686E-02
  0.13800000E+01  0.65999999E+00  0.44157672E-02
  0.13800000E+01  0.67999998E+00  0.44480997E-02
  0.13800000E+01  0.69999998E+00  0.44743923E-02
  0.13800000E+01  0.71999998E+00  0.45026427E-02
  0.13800000E+01  0.73999998E+00  0.45430009E-02
  0.13800000E+01  0.75999998E+00  0.46068497E-02
  0.13800000E+01  0.77999998E+00  0.47045126E-02
  0.13800000E+01  0.79999998E+00  0.48400747E-02
  0.13800000E+01  0.81999998E+00  0.49989861E-02
  0.13800000E+01  0.83999998E+00  0.51091957E-02
  0.13800000E+01  0.85999998E+00  0.46921686E-02
  0.13800000E+01  0.87999998E+00  0.48171987E-02
  0.13800000E+01  0.89999998E+00  0.49349464E-02
  0.13800000E+01  0.91999998E+00  0.50440474E-02
  0.13800000E+01  0.93999998E+00  0.51433059E-02
  0.13800000E+01  0.95999998E+00  0.52317682E-02
  0.13800000E+01  0.97999998E+00  0.53087993E-02
  0.13800000E+01  0.99999998E+00  0.53741578E-02
  0.13800000E+01  0.10200000E+01  0.54280685E-02
  0.13800000E+01  0.10400000E+01  0.54712832E-02
  0.13800000E+01  0.10600000E+01  0.55051282E-02
  0.13800000E+01  0.10800000E+01  0.55315278E-02
  0.13800000E+01  0.11000000E+01  0.55529971E-02
  0.13800000E+01  0.11200000E+01  0.55725947E-02
  0.13800000E+01  0.11400000E+01  0.55938239E-02
  0.13800000E+01  0.11600000E+01  0.56204732E-02
  0.13800000E+01  0.11800000E+01  0.56563833E-02
  0.13800000E+01  0.12000000E+01  0.57051329E-02
  0.13800000E+01  0.12200000E+01  0.57696346E-02
  0.13800000E+01  0.12400000E+01  0.58516397E-02
  0.13800000E+01  0.12600000E+01  0.59511579E-02
  0.13800000E+01  0.12800000E+01  0.60658128E-02
  0.13800000E+01  0.13000000E+01  0.61901771E-02
  0.13800000E+01  0.13200000E+01  0.63151692E-02
  0.13800000E+01  0.13400000E+01  0.64276575E-02
  0.13800000E+01  0.13600000E+01  0.65105261E-02
  0.13800000E+01  0.13800000E+01  0.65436668E-02
  0.13800000E+01  0.14000000E+01  0.65067897E-02
  0.13800000E+01  0.14200000E+01  0.63860224E-02
  0.13800000E+01  0.14400000E+01  0.61898484E-02
  0.13800000E+01  0.14600000E+01  0.60031412E-02
  0.13800000E+01  0.14800000E+01  0.60865460E-02
  0.13800000E+01  0.15000000E+01  0.61967634E-02
  0.13800000E+01  0.15200000E+01  0.63129463E-02
  0.13800000E+01  0.15400000E+01  0.64357369E-02
  0.13800000E+01  0.15600000E+01  0.65657077E-02
  0.13800000E+01  0.15800000E+01  0.67033220E-02
  0.13800000E+01  0.16000000E+01  0.68488880E-02
  0.13800000E+01  0.16200000E+01  0.70025081E-02
  0.13800000E+01  0.16400000E+01  0.71640252E-02
  0.13800000E+01  0.16600000E+01  0.73329660E-02
  0.13800000E+01  0.16800000E+01  0.75084853E-02
  0.13800000E+01  0.17000000E+01  0.76893141E-02
  0.13800000E+01  0.17200000E+01  0.78737156E-02
  0.13800000E+01  0.17400000E+01  0.80594547E-02
  0.13800000E+01  0.17600000E+01  0.82437882E-02
  0.13800000E+01  0.17800000E+01  0.84234831E-02
  0.13800000E+01  0.18000000E+01  0.85948729E-02
  0.13800000E+01  0.18200000E+01  0.87539630E-02
  0.13800000E+01  0.18400000E+01  0.88965957E-02
  0.13800000E+01  0.18600000E+01  0.90186880E-02
  0.13800000E+01  0.18800000E+01  0.91165522E-02
  0.13800000E+01  0.19000000E+01  0.91873078E-02
  0.13800000E+01  0.19200000E+01  0.92293863E-02
  0.13800000E+01  0.19400000E+01  0.92431185E-02
  0.13800000E+01  0.19600000E+01  0.92313727E-02
  0.13800000E+01  0.19800000E+01  0.92001727E-02
  0.13800000E+01  0.20000000E+01  0.91591527E-02
  0.14000000E+01  0.00000000E+00  0.10401238E-02
  0.14000000E+01  0.20000000E-01  0.11266649E-02
  0.14000000E+01  0.39999999E-01  0.12136176E-02
  0.14000000E+01  0.59999999E-01  0.13007529E-02
  0.14000000E+01  0.79999998E-01  0.13878189E-02
  0.14000000E+01  0.99999998E-01  0.14744456E-02
  0.14000000E+01  0.12000000E+00  0.15600251E-02
  0.14000000E+01  0.14000000E+00  0.16435600E-02
  0.14000000E+01  0.16000000E+00  0.17234560E-02
  0.14000000E+01  0.18000000E+00  0.17971586E-02
  0.14000000E+01  0.20000000E+00  0.18601543E-02
  0.14000000E+01  0.22000000E+00  0.19005539E-02
  0.14000000E+01  0.23999999E+00  0.18996511E-02
  0.14000000E+01  0.25999999E+00  0.20216826E-02
  0.14000000E+01  0.27999999E+00  0.21464753E-02
  0.14000000E+01  0.29999999E+00  0.22745187E-02
  0.14000000E+01  0.31999999E+00  0.24061885E-02
  0.14000000E+01  0.33999999E+00  0.25416923E-02
  0.14000000E+01  0.35999999E+00  0.26810146E-02
  0.14000000E+01  0.37999999E+00  0.28238665E-02
  0.14000000E+01  0.39999999E+00  0.29696411E-02
  0.14000000E+01  0.41999999E+00  0.31173799E-02
  0.14000000E+01  0.43999999E+00  0.32657551E-02
  0.14000000E+01  0.45999999E+00  0.34130723E-02
  0.14000000E+01  0.47999999E+00  0.35573008E-02
  0.14000000E+01  0.49999999E+00  0.36961361E-02
  0.14000000E+01  0.51999999E+00  0.38271034E-02
  0.14000000E+01  0.53999999E+00  0.39477058E-02
  0.14000000E+01  0.55999999E+00  0.40556246E-02
  0.14000000E+01  0.57999999E+00  0.41489728E-02
  0.14000000E+01  0.59999999E+00  0.42266027E-02
  0.14000000E+01  0.61999999E+00  0.42884596E-02
  0.14000000E+01  0.63999999E+00  0.43359647E-02
  0.14000000E+01  0.65999999E+00  0.43723948E-02
  0.14000000E+01  0.67999998E+00  0.44031973E-02
  0.14000000E+01  0.69999998E+00  0.44361371E-02
  0.14000000E+01  0.71999998E+00  0.44810911E-02
  0.14000000E+01  0.73999998E+00  0.45491550E-02
  0.14000000E+01  0.75999998E+00  0.46504016E-02
  0.14000000E+01  0.77999998E+00  0.47887948E-02
  0.14000000E+01  0.79999998E+00  0.49499891E-02
  0.14000000E+01  0.81999998E+00  0.50630296E-02
  0.14000000E+01  0.83999998E+00  0.46563010E-02
  0.14000000E+01  0.85999998E+00  0.47842482E-02
  0.14000000E+01  0.87999998E+00  0.49051154E-02
  0.14000000E+01  0.89999998E+00  0.50174809E-02
  0.14000000E+01  0.91999998E+00  0.51200842E-02
  0.14000000E+01  0.93999998E+00  0.52119010E-02
  0.14000000E+01  0.95999998E+00  0.52922227E-02
  0.14000000E+01  0.97999998E+00  0.53607344E-02
  0.14000000E+01  0.99999998E+00  0.54175904E-02
  0.14000000E+01  0.10200000E+01  0.54634791E-02
  0.14000000E+01  0.10400000E+01  0.54996734E-02
  0.14000000E+01  0.10600000E+01  0.55280579E-02
  0.14000000E+01  0.10800000E+01  0.55511241E-02
  0.14000000E+01  0.11000000E+01  0.55719247E-02
  0.14000000E+01  0.11200000E+01  0.55939757E-02
  0.14000000E+01  0.11400000E+01  0.56210946E-02
  0.14000000E+01  0.11600000E+01  0.56571640E-02
  0.14000000E+01  0.11800000E+01  0.57058100E-02
  0.14000000E+01  0.12000000E+01  0.57699881E-02
  0.14000000E+01  0.12200000E+01  0.58514733E-02
  0.14000000E+01  0.12400000E+01  0.59502624E-02
  0.14000000E+01  0.12600000E+01  0.60639075E-02
  0.14000000E+01  0.12800000E+01  0.61868280E-02
  0.14000000E+01  0.13000000E+01  0.63096842E-02
  0.14000000E+01  0.13200000E+01  0.64189646E-02
  0.14000000E+01  0.13400000E+01  0.64970502E-02
  0.14000000E+01  0.13600000E+01  0.65232387E-02
  0.14000000E+01  0.13800000E+01  0.64766564E-02
  0.14000000E+01  0.14000000E+01  0.63431098E-02
  0.14000000E+01  0.14200000E+01  0.61316750E-02
  0.14000000E+01  0.14400000E+01  0.59313577E-02
  0.14000000E+01  0.14600000E+01  0.60101625E-02
  0.14000000E+01  0.14800000E+01  0.61150945E-02
  0.14000000E+01  0.15000000E+01  0.62261967E-02
  0.14000000E+01  0.15200000E+01  0.63442233E-02
  0.14000000E+01  0.15400000E+01  0.64698533E-02
  0.14000000E+01  0.15600000E+01  0.66036448E-02
  0.14000000E+01  0.15800000E+01  0.67459837E-02
  0.14000000E+01  0.16000000E+01  0.68970274E-02
  0.14000000E+01  0.16200000E+01  0.70566450E-02
  0.14000000E+01  0.16400000E+01  0.72243557E-02
  0.14000000E+01  0.16600000E+01  0.73992693E-02
  0.14000000E+01  0.16800000E+01  0.75800314E-02
  0.14000000E+01  0.17000000E+01  0.77647793E-02
  0.14000000E+01  0.17200000E+01  0.79511153E-02
  0.14000000E+01  0.17400000E+01  0.81361030E-02
  0.14000000E+01  0.17600000E+01  0.83162983E-02
  0.14000000E+01  0.17800000E+01  0.84878235E-02
  0.14000000E+01  0.18000000E+01  0.86464971E-02
  0.14000000E+01  0.18200000E+01  0.87880312E-02
  0.14000000E+01  0.18400000E+01  0.89083080E-02
  0.14000000E+01  0.18600000E+01  0.90037464E-02
  0.14000000E+01  0.18800000E+01  0.90717629E-02
  0.14000000E+01  0.19000000E+01  0.91113245E-02
  0.14000000E+01  0.19200000E+01  0.91235728E-02
  0.14000000E+01  0.19400000E+01  0.91124697E-02
  0.14000000E+01  0.19600000E+01  0.90853611E-02
  0.14000000E+01  0.19800000E+01  0.90532478E-02
  0.14000000E+01  0.20000000E+01  0.90303244E-02
  0.14200000E+01  0.00000000E+00  0.10583056E-02
  0.14200000E+01  0.20000000E-01  0.11366586E-02
  0.14200000E+01  0.39999999E-01  0.12161232E-02
  0.14200000E+01  0.59999999E-01  0.12968113E-02
  0.14200000E+01  0.79999998E-01  0.13788166E-02
  0.14200000E+01  0.99999998E-01  0.14620733E-02
  0.14200000E+01  0.12000000E+00  0.15461437E-02
  0.14200000E+01  0.14000000E+00  0.16298782E-02
  0.14200000E+01  0.16000000E+00  0.17107683E-02
  0.14200000E+01  0.18000000E+00  0.17832856E-02
  0.14200000E+01  0.20000000E+00  0.18312748E-02
  0.14200000E+01  0.22000000E+00  0.18213087E-02
  0.14200000E+01  0.23999999E+00  0.19442742E-02
  0.14200000E+01  0.25999999E+00  0.20696459E-02
  0.14200000E+01  0.27999999E+00  0.21978733E-02
  0.14200000E+01  0.29999999E+00  0.23293128E-02
  0.14200000E+01  0.31999999E+00  0.24641738E-02
  0.14200000E+01  0.33999999E+00  0.26024651E-02
  0.14200000E+01  0.35999999E+00  0.27439445E-02
  0.14200000E+01  0.37999999E+00  0.28880734E-02
  0.14200000E+01  0.39999999E+00  0.30339822E-02
  0.14200000E+01  0.41999999E+00  0.31804497E-02
  0.14200000E+01  0.43999999E+00  0.33259028E-02
  0.14200000E+01  0.45999999E+00  0.34684422E-02
  0.14200000E+01  0.47999999E+00  0.36058994E-02
  0.14200000E+01  0.49999999E+00  0.37359335E-02
  0.14200000E+01  0.51999999E+00  0.38561719E-02
  0.14200000E+01  0.53999999E+00  0.39644019E-02
  0.14200000E+01  0.55999999E+00  0.40588149E-02
  0.14200000E+01  0.57999999E+00  0.41383044E-02
  0.14200000E+01  0.59999999E+00  0.42028107E-02
  0.14200000E+01  0.61999999E+00  0.42536947E-02
  0.14200000E+01  0.63999999E+00  0.42941120E-02
  0.14200000E+01  0.65999999E+00  0.43293244E-02
  0.14200000E+01  0.67999998E+00  0.43668511E-02
  0.14200000E+01  0.69999998E+00  0.44162752E-02
  0.14200000E+01  0.71999998E+00  0.44883799E-02
  0.14200000E+01  0.73999998E+00  0.45929622E-02
  0.14200000E+01  0.75999998E+00  0.47338544E-02
  0.14200000E+01  0.77999998E+00  0.48969550E-02
  0.14200000E+01  0.79999998E+00  0.50126052E-02
  0.14200000E+01  0.81999998E+00  0.46174576E-02
  0.14200000E+01  0.83999998E+00  0.47481229E-02
  0.14200000E+01  0.85999998E+00  0.48719508E-02
  0.14200000E+01  0.87999998E+00  0.49874701E-02
  0.14200000E+01  0.89999998E+00  0.50933619E-02
  0.14200000E+01  0.91999998E+00  0.51885365E-02
  0.14200000E+01  0.93999998E+00  0.52722152E-02
  0.14200000E+01  0.95999998E+00  0.53440114E-02
  0.14200000E+01  0.97999998E+00  0.54040084E-02
  0.14200000E+01  0.99999998E+00  0.54528288E-02
  0.14200000E+01  0.10200000E+01  0.54916872E-02
  0.14200000E+01  0.10400000E+01  0.55224215E-02
  0.14200000E+01  0.10600000E+01  0.55474908E-02
  0.14200000E+01  0.10800000E+01  0.55699314E-02
  0.14200000E+01  0.11000000E+01  0.55932603E-02
  0.14200000E+01  0.11200000E+01  0.56213119E-02
  0.14200000E+01  0.11400000E+01  0.56579992E-02
  0.14200000E+01  0.11600000E+01  0.57069858E-02
  0.14200000E+01  0.11800000E+01  0.57712626E-02
  0.14200000E+01  0.12000000E+01  0.58526257E-02
  0.14200000E+01  0.12200000E+01  0.59510613E-02
  0.14200000E+01  0.12400000E+01  0.60640596E-02
  0.14200000E+01  0.12600000E+01  0.61859044E-02
  0.14200000E+01  0.12800000E+01  0.63070240E-02
  0.14200000E+01  0.13000000E+01  0.64135610E-02
  0.14200000E+01  0.13200000E+01  0.64874328E-02
  0.14200000E+01  0.13400000E+01  0.65073809E-02
  0.14200000E+01  0.13600000E+01  0.64519719E-02
  0.14200000E+01  0.13800000E+01  0.63066738E-02
  0.14200000E+01  0.14000000E+01  0.60810247E-02
  0.14200000E+01  0.14200000E+01  0.58675659E-02
  0.14200000E+01  0.14400000E+01  0.59415168E-02
  0.14200000E+01  0.14600000E+01  0.60412450E-02
  0.14200000E+01  0.14800000E+01  0.61472828E-02
  0.14200000E+01  0.15000000E+01  0.62604964E-02
  0.14200000E+01  0.15200000E+01  0.63816719E-02
  0.14200000E+01  0.15400000E+01  0.65114651E-02
  0.14200000E+01  0.15600000E+01  0.66503442E-02
  0.14200000E+01  0.15800000E+01  0.67985277E-02
  0.14200000E+01  0.16000000E+01  0.69559188E-02
  0.14200000E+01  0.16200000E+01  0.71220385E-02
  0.14200000E+01  0.16400000E+01  0.72959615E-02
  0.14200000E+01  0.16600000E+01  0.74762587E-02
  0.14200000E+01  0.16800000E+01  0.76609527E-02
  0.14200000E+01  0.17000000E+01  0.78474931E-02
  0.14200000E+01  0.17200000E+01  0.80327595E-02
  0.14200000E+01  0.17400000E+01  0.82131038E-02
  0.14200000E+01  0.17600000E+01  0.83844413E-02
  0.14200000E+01  0.17800000E+01  0.85424047E-02
  0.14200000E+01  0.18000000E+01  0.86825720E-02
  0.14200000E+01  0.18200000E+01  0.88007824E-02
  0.14200000E+01  0.18400000E+01  0.88935473E-02
  0.14200000E+01  0.18600000E+01  0.89585606E-02
  0.14200000E+01  0.18800000E+01  0.89952993E-02
  0.14200000E+01  0.19000000E+01  0.90056852E-02
  0.14200000E+01  0.19200000E+01  0.89947382E-02
  0.14200000E+01  0.19400000E+01  0.89710861E-02
  0.14200000E+01  0.19600000E+01  0.89470524E-02
  0.14200000E+01  0.19800000E+01  0.89377301E-02
  0.14200000E+01  0.20000000E+01  0.89574934E-02
  0.14400000E+01  0.00000000E+00  0.10665009E-02
  0.14400000E+01  0.20000000E-01  0.11372787E-02
  0.14400000E+01  0.39999999E-01  0.12106298E-02
  0.14400000E+01  0.59999999E-01  0.12871142E-02
  0.14400000E+01  0.79999998E-01  0.13672100E-02
  0.14400000E+01  0.99999998E-01  0.14510417E-02
  0.14400000E+01  0.12000000E+00  0.15379043E-02
  0.14400000E+01  0.14000000E+00  0.16253279E-02
  0.14400000E+01  0.16000000E+00  0.17067330E-02
  0.14400000E+01  0.18000000E+00  0.17615435E-02
  0.14400000E+01  0.20000000E+00  0.17411957E-02
  0.14400000E+01  0.22000000E+00  0.18650957E-02
  0.14400000E+01  0.23999999E+00  0.19910888E-02
  0.14400000E+01  0.25999999E+00  0.21195742E-02
  0.14400000E+01  0.27999999E+00  0.22508775E-02
  0.14400000E+01  0.29999999E+00  0.23851995E-02
  0.14400000E+01  0.31999999E+00  0.25225630E-02
  0.14400000E+01  0.33999999E+00  0.26627628E-02
  0.14400000E+01  0.35999999E+00  0.28053205E-02
  0.14400000E+01  0.37999999E+00  0.29494485E-02
  0.14400000E+01  0.39999999E+00  0.30940273E-02
  0.14400000E+01  0.41999999E+00  0.32376024E-02
  0.14400000E+01  0.43999999E+00  0.33784050E-02
  0.14400000E+01  0.45999999E+00  0.35144047E-02
  0.14400000E+01  0.47999999E+00  0.36433984E-02
  0.14400000E+01  0.49999999E+00  0.37631437E-02
  0.14400000E+01  0.51999999E+00  0.38715414E-02
  0.14400000E+01  0.53999999E+00  0.39668696E-02
  0.14400000E+01  0.55999999E+00  0.40480713E-02
  0.14400000E+01  0.57999999E+00  0.41150881E-02
  0.14400000E+01  0.59999999E+00  0.41692253E-02
  0.14400000E+01  0.61999999E+00  0.42135166E-02
  0.14400000E+01  0.63999999E+00  0.42530330E-02
  0.14400000E+01  0.65999999E+00  0.42950350E-02
  0.14400000E+01  0.67999998E+00  0.43487924E-02
  0.14400000E+01  0.69999998E+00  0.44247508E-02
  0.14400000E+01  0.71999998E+00  0.45324057E-02
  0.14400000E+01  0.73999998E+00  0.46754456E-02
  0.14400000E+01  0.75999998E+00  0.48400464E-02
  0.14400000E+01  0.77999998E+00  0.49580301E-02
  0.14400000E+01  0.79999998E+00  0.45755716E-02
  0.14400000E+01  0.81999998E+00  0.47087303E-02
  0.14400000E+01  0.83999998E+00  0.48353291E-02
  0.14400000E+01  0.85999998E+00  0.49538553E-02
  0.14400000E+01  0.87999998E+00  0.50629385E-02
  0.14400000E+01  0.89999998E+00  0.51614297E-02
  0.14400000E+01  0.91999998E+00  0.52484845E-02
  0.14400000E+01  0.93999998E+00  0.53236470E-02
  0.14400000E+01  0.95999998E+00  0.53869306E-02
  0.14400000E+01  0.97999998E+00  0.54388899E-02
  0.14400000E+01  0.99999998E+00  0.54806780E-02
  0.14400000E+01  0.10200000E+01  0.55140800E-02
  0.14400000E+01  0.10400000E+01  0.55415145E-02
  0.14400000E+01  0.10600000E+01  0.55659919E-02
  0.14400000E+01  0.10800000E+01  0.55910190E-02
  0.14400000E+01  0.11000000E+01  0.56204359E-02
  0.14400000E+01  0.11200000E+01  0.56581744E-02
  0.14400000E+01  0.11400000E+01  0.57079256E-02
  0.14400000E+01  0.11600000E+01  0.57727090E-02
  0.14400000E+01  0.11800000E+01  0.58543380E-02
  0.14400000E+01  0.12000000E+01  0.59527907E-02
  0.14400000E+01  0.12200000E+01  0.60655049E-02
  0.14400000E+01  0.12400000E+01  0.61866459E-02
  0.14400000E+01  0.12600000E+01  0.63064366E-02
  0.14400000E+01  0.12800000E+01  0.64107084E-02
  0.14400000E+01  0.13000000E+01  0.64809557E-02
  0.14400000E+01  0.13200000E+01  0.64954053E-02
  0.14400000E+01  0.13400000E+01  0.64320927E-02
  0.14400000E+01  0.13600000E+01  0.62761369E-02
  0.14400000E+01  0.13800000E+01  0.60374215E-02
  0.14400000E+01  0.14000000E+01  0.58114821E-02
  0.14400000E+01  0.14200000E+01  0.58804652E-02
  0.14400000E+01  0.14400000E+01  0.59751218E-02
  0.14400000E+01  0.14600000E+01  0.60761640E-02
  0.14400000E+01  0.14800000E+01  0.61845679E-02
  0.14400000E+01  0.15000000E+01  0.63012271E-02
  0.14400000E+01  0.15200000E+01  0.64268967E-02
  0.14400000E+01  0.15400000E+01  0.65621310E-02
  0.14400000E+01  0.15600000E+01  0.67072150E-02
  0.14400000E+01  0.15800000E+01  0.68620928E-02
  0.14400000E+01  0.16000000E+01  0.70262959E-02
  0.14400000E+01  0.16200000E+01  0.71988735E-02
  0.14400000E+01  0.16400000E+01  0.73783325E-02
  0.14400000E+01  0.16600000E+01  0.75625916E-02
  0.14400000E+01  0.16800000E+01  0.77489582E-02
  0.14400000E+01  0.17000000E+01  0.79341376E-02
  0.14400000E+01  0.17200000E+01  0.81142855E-02
  0.14400000E+01  0.17400000E+01  0.82851154E-02
  0.14400000E+01  0.17600000E+01  0.84420758E-02
  0.14400000E+01  0.17800000E+01  0.85806085E-02
  0.14400000E+01  0.18000000E+01  0.86965017E-02
  0.14400000E+01  0.18200000E+01  0.87863461E-02
  0.14400000E+01  0.18400000E+01  0.88480934E-02
  0.14400000E+01  0.18600000E+01  0.88817051E-02
  0.14400000E+01  0.18800000E+01  0.88898512E-02
  0.14400000E+01  0.19000000E+01  0.88785727E-02
  0.14400000E+01  0.19200000E+01  0.88577383E-02
  0.14400000E+01  0.19400000E+01  0.88409484E-02
  0.14400000E+01  0.19600000E+01  0.88441433E-02
  0.14400000E+01  0.19800000E+01  0.88809076E-02
  0.14400000E+01  0.20000000E+01  0.89448956E-02
  0.14600000E+01  0.00000000E+00  0.10651940E-02
  0.14600000E+01  0.20000000E-01  0.11301785E-02
  0.14600000E+01  0.39999999E-01  0.12001704E-02
  0.14600000E+01  0.59999999E-01  0.12761945E-02
  0.14600000E+01  0.79999998E-01  0.13589393E-02
  0.14600000E+01  0.99999998E-01  0.14481446E-02
  0.14600000E+01  0.12000000E+00  0.15413711E-02
  0.14600000E+01  0.14000000E+00  0.16309521E-02
  0.14600000E+01  0.16000000E+00  0.16917387E-02
  0.14600000E+01  0.18000000E+00  0.16596314E-02
  0.14600000E+01  0.20000000E+00  0.17844122E-02
  0.14600000E+01  0.22000000E+00  0.19110220E-02
  0.14600000E+01  0.23999999E+00  0.20397994E-02
  0.14600000E+01  0.25999999E+00  0.21710293E-02
  0.14600000E+01  0.27999999E+00  0.23048927E-02
  0.14600000E+01  0.29999999E+00  0.24414162E-02
  0.14600000E+01  0.31999999E+00  0.25804217E-02
  0.14600000E+01  0.33999999E+00  0.27214821E-02
  0.14600000E+01  0.35999999E+00  0.28638840E-02
  0.14600000E+01  0.37999999E+00  0.30066040E-02
  0.14600000E+01  0.39999999E+00  0.31483021E-02
  0.14600000E+01  0.41999999E+00  0.32873386E-02
  0.14600000E+01  0.43999999E+00  0.34218213E-02
  0.14600000E+01  0.45999999E+00  0.35496879E-02
  0.14600000E+01  0.47999999E+00  0.36688310E-02
  0.14600000E+01  0.49999999E+00  0.37772710E-02
  0.14600000E+01  0.51999999E+00  0.38733802E-02
  0.14600000E+01  0.53999999E+00  0.39561584E-02
  0.14600000E+01  0.55999999E+00  0.40255551E-02
  0.14600000E+01  0.57999999E+00  0.40828237E-02
  0.14600000E+01  0.59999999E+00  0.41308766E-02
  0.14600000E+01  0.61999999E+00  0.41745882E-02
  0.14600000E+01  0.63999999E+00  0.42209485E-02
  0.14600000E+01  0.65999999E+00  0.42788952E-02
  0.14600000E+01  0.67999998E+00  0.43585111E-02
  0.14600000E+01  0.69999998E+00  0.44689647E-02
  0.14600000E+01  0.71999998E+00  0.46137857E-02
  0.14600000E+01  0.73999998E+00  0.47794560E-02
  0.14600000E+01  0.75999998E+00  0.48994465E-02
  0.14600000E+01  0.77999998E+00  0.45306148E-02
  0.14600000E+01  0.79999998E+00  0.46660215E-02
  0.14600000E+01  0.81999998E+00  0.47951750E-02
  0.14600000E+01  0.83999998E+00  0.49165292E-02
  0.14600000E+01  0.85999998E+00  0.50286701E-02
  0.14600000E+01  0.87999998E+00  0.51303958E-02
  0.14600000E+01  0.89999998E+00  0.52208013E-02
  0.14600000E+01  0.91999998E+00  0.52993650E-02
  0.14600000E+01  0.93999998E+00  0.53660316E-02
  0.14600000E+01  0.95999998E+00  0.54212879E-02
  0.14600000E+01  0.97999998E+00  0.54662222E-02
  0.14600000E+01  0.99999998E+00  0.55025620E-02
  0.14600000E+01  0.10200000E+01  0.55326784E-02
  0.14600000E+01  0.10400000E+01  0.55595471E-02
  0.14600000E+01  0.10600000E+01  0.55866545E-02
  0.14600000E+01  0.10800000E+01  0.56178351E-02
  0.14600000E+01  0.11000000E+01  0.56570288E-02
  0.14600000E+01  0.11200000E+01  0.57079445E-02
  0.14600000E+01  0.11400000E+01  0.57736226E-02
  0.14600000E+01  0.11600000E+01  0.58558908E-02
  0.14600000E+01  0.11800000E+01  0.59547210E-02
  0.14600000E+01  0.12000000E+01  0.60675071E-02
  0.14600000E+01  0.12200000E+01  0.61883137E-02
  0.14600000E+01  0.12400000E+01  0.63071844E-02
  0.14600000E+01  0.12600000E+01  0.64096748E-02
  0.14600000E+01  0.12800000E+01  0.64768987E-02
  0.14600000E+01  0.13000000E+01  0.64866117E-02
  0.14600000E+01  0.13200000E+01  0.64163512E-02
  0.14600000E+01  0.13400000E+01  0.62508837E-02
  0.14600000E+01  0.13600000E+01  0.60003347E-02
  0.14600000E+01  0.13800000E+01  0.57627425E-02
  0.14600000E+01  0.14000000E+01  0.58267699E-02
  0.14600000E+01  0.14200000E+01  0.59165340E-02
  0.14600000E+01  0.14400000E+01  0.60126982E-02
  0.14600000E+01  0.14600000E+01  0.61163462E-02
  0.14600000E+01  0.14800000E+01  0.62284779E-02
  0.14600000E+01  0.15000000E+01  0.63499487E-02
  0.14600000E+01  0.15200000E+01  0.64814014E-02
  0.14600000E+01  0.15400000E+01  0.66231920E-02
  0.14600000E+01  0.15600000E+01  0.67753119E-02
  0.14600000E+01  0.15800000E+01  0.69373108E-02
  0.14600000E+01  0.16000000E+01  0.71082217E-02
  0.14600000E+01  0.16200000E+01  0.72864979E-02
  0.14600000E+01  0.16400000E+01  0.74699648E-02
  0.14600000E+01  0.16600000E+01  0.76557984E-02
  0.14600000E+01  0.16800000E+01  0.78405399E-02
  0.14600000E+01  0.17000000E+01  0.80201569E-02
  0.14600000E+01  0.17200000E+01  0.81901677E-02
  0.14600000E+01  0.17400000E+01  0.83458389E-02
  0.14600000E+01  0.17600000E+01  0.84824744E-02
  0.14600000E+01  0.17800000E+01  0.85958050E-02
  0.14600000E+01  0.18000000E+01  0.86824878E-02
  0.14600000E+01  0.18200000E+01  0.87407133E-02
  0.14600000E+01  0.18400000E+01  0.87709014E-02
  0.14600000E+01  0.18600000E+01  0.87764379E-02
  0.14600000E+01  0.18800000E+01  0.87643468E-02
  0.14600000E+01  0.19000000E+01  0.87456945E-02
  0.14600000E+01  0.19200000E+01  0.87353133E-02
  0.14600000E+01  0.19400000E+01  0.87499416E-02
  0.14600000E+01  0.19600000E+01  0.88023095E-02
  0.14600000E+01  0.19800000E+01  0.88790012E-02
  0.14600000E+01  0.20000000E+01  0.89178619E-02
  0.14800000E+01  0.00000000E+00  0.10563958E-02
  0.14800000E+01  0.20000000E-01  0.11188547E-02
  0.14800000E+01  0.39999999E-01  0.11898260E-02
  0.14800000E+01  0.59999999E-01  0.12705645E-02
  0.14800000E+01  0.79999998E-01  0.13612548E-02
  0.14800000E+01  0.99999998E-01  0.14594791E-02
  0.14800000E+01  0.12000000E+00  0.15564490E-02
  0.14800000E+01  0.14000000E+00  0.16222952E-02
  0.14800000E+01  0.16000000E+00  0.15769993E-02
  0.14800000E+01  0.18000000E+00  0.17025480E-02
  0.14800000E+01  0.20000000E+00  0.18297171E-02
  0.14800000E+01  0.22000000E+00  0.19587754E-02
  0.14800000E+01  0.23999999E+00  0.20899568E-02
  0.14800000E+01  0.25999999E+00  0.22234125E-02
  0.14800000E+01  0.27999999E+00  0.23591618E-02
  0.14800000E+01  0.29999999E+00  0.24970442E-02
  0.14800000E+01  0.31999999E+00  0.26366743E-02
  0.14800000E+01  0.33999999E+00  0.27774050E-02
  0.14800000E+01  0.35999999E+00  0.29183020E-02
  0.14800000E+01  0.37999999E+00  0.30581349E-02
  0.14800000E+01  0.39999999E+00  0.31953904E-02
  0.14800000E+01  0.41999999E+00  0.33283137E-02
  0.14800000E+01  0.43999999E+00  0.34549849E-02
  0.14800000E+01  0.45999999E+00  0.35734350E-02
  0.14800000E+01  0.47999999E+00  0.36818095E-02
  0.14800000E+01  0.49999999E+00  0.37785810E-02
  0.14800000E+01  0.51999999E+00  0.38628130E-02
  0.14800000E+01  0.53999999E+00  0.39344688E-02
  0.14800000E+01  0.55999999E+00  0.39947536E-02
  0.14800000E+01  0.57999999E+00  0.40464584E-02
  0.14800000E+01  0.59999999E+00  0.40942566E-02
  0.14800000E+01  0.61999999E+00  0.41448562E-02
  0.14800000E+01  0.63999999E+00  0.42068441E-02
  0.14800000E+01  0.65999999E+00  0.42899162E-02
  0.14800000E+01  0.67999998E+00  0.44028874E-02
  0.14800000E+01  0.69999998E+00  0.45491125E-02
  0.14800000E+01  0.71999998E+00  0.47154013E-02
  0.14800000E+01  0.73999998E+00  0.48370267E-02
  0.14800000E+01  0.75999998E+00  0.44825948E-02
  0.14800000E+01  0.77999998E+00  0.46199881E-02
  0.14800000E+01  0.79999998E+00  0.47514583E-02
  0.14800000E+01  0.81999998E+00  0.48754344E-02
  0.14800000E+01  0.83999998E+00  0.49904669E-02
  0.14800000E+01  0.85999998E+00  0.50953078E-02
  0.14800000E+01  0.87999998E+00  0.51889975E-02
  0.14800000E+01  0.89999998E+00  0.52709529E-02
  0.14800000E+01  0.91999998E+00  0.53410527E-02
  0.14800000E+01  0.93999998E+00  0.53997158E-02
  0.14800000E+01  0.95999998E+00  0.54479645E-02
  0.14800000E+01  0.97999998E+00  0.54874647E-02
  0.14800000E+01  0.99999998E+00  0.55205337E-02
  0.14800000E+01  0.10200000E+01  0.55501046E-02
  0.14800000E+01  0.10400000E+01  0.55796337E-02
  0.14800000E+01  0.10600000E+01  0.56129398E-02
  0.14800000E+01  0.10800000E+01  0.56539602E-02
  0.14800000E+01  0.11000000E+01  0.57064121E-02
  0.14800000E+01  0.11200000E+01  0.57733495E-02
  0.14800000E+01  0.11400000E+01  0.58566107E-02
  0.14800000E+01  0.11600000E+01  0.59561629E-02
  0.14800000E+01  0.11800000E+01  0.60693651E-02
  0.14800000E+01  0.12000000E+01  0.61901979E-02
  0.14800000E+01  0.12200000E+01  0.63085519E-02
  0.14800000E+01  0.12400000E+01  0.64097432E-02
  0.14800000E+01  0.12600000E+01  0.64745480E-02
  0.14800000E+01  0.12800000E+01  0.64802965E-02
  0.14800000E+01  0.13000000E+01  0.64040650E-02
  0.14800000E+01  0.13200000E+01  0.62302702E-02
  0.14800000E+01  0.13400000E+01  0.59691882E-02
  0.14800000E+01  0.13600000E+01  0.57209136E-02
  0.14800000E+01  0.13800000E+01  0.57801080E-02
  0.14800000E+01  0.14000000E+01  0.58652017E-02
  0.14800000E+01  0.14200000E+01  0.59566515E-02
  0.14800000E+01  0.14400000E+01  0.60556450E-02
  0.14800000E+01  0.14600000E+01  0.61632868E-02
  0.14800000E+01  0.14800000E+01  0.62805323E-02
  0.14800000E+01  0.15000000E+01  0.64081145E-02
  0.14800000E+01  0.15200000E+01  0.65464638E-02
  0.14800000E+01  0.15400000E+01  0.66956246E-02
  0.14800000E+01  0.15600000E+01  0.68551716E-02
  0.14800000E+01  0.15800000E+01  0.70241308E-02
  0.14800000E+01  0.16000000E+01  0.72009112E-02
  0.14800000E+01  0.16200000E+01  0.73832560E-02
  0.14800000E+01  0.16400000E+01  0.75682207E-02
  0.14800000E+01  0.16600000E+01  0.77521924E-02
  0.14800000E+01  0.16800000E+01  0.79309602E-02
  0.14800000E+01  0.17000000E+01  0.80998532E-02
  0.14800000E+01  0.17200000E+01  0.82539602E-02
  0.14800000E+01  0.17400000E+01  0.83884466E-02
  0.14800000E+01  0.17600000E+01  0.84989796E-02
  0.14800000E+01  0.17800000E+01  0.85822709E-02
  0.14800000E+01  0.18000000E+01  0.86367306E-02
  0.14800000E+01  0.18200000E+01  0.86632115E-02
  0.14800000E+01  0.18400000E+01  0.86657820E-02
  0.14800000E+01  0.18600000E+01  0.86524098E-02
  0.14800000E+01  0.18800000E+01  0.86353153E-02
  0.14800000E+01  0.19000000E+01  0.86305165E-02
  0.14800000E+01  0.19200000E+01  0.86555038E-02
  0.14800000E+01  0.19400000E+01  0.87221008E-02
  0.14800000E+01  0.19600000E+01  0.88096572E-02
  0.14800000E+01  0.19800000E+01  0.88396546E-02
  0.14800000E+01  0.20000000E+01  0.89463518E-02
  0.15000000E+01  0.00000000E+00  0.10440671E-02
  0.15000000E+01  0.20000000E-01  0.11089379E-02
  0.15000000E+01  0.39999999E-01  0.11866828E-02
  0.15000000E+01  0.59999999E-01  0.12779307E-02
  0.15000000E+01  0.79999998E-01  0.13802778E-02
  0.15000000E+01  0.99999998E-01  0.14837792E-02
  0.15000000E+01  0.12000000E+00  0.15537029E-02
  0.15000000E+01  0.14000000E+00  0.14937470E-02
  0.15000000E+01  0.16000000E+00  0.16198880E-02
  0.15000000E+01  0.18000000E+00  0.17475018E-02
  0.15000000E+01  0.20000000E+00  0.18767792E-02
  0.15000000E+01  0.22000000E+00  0.20078936E-02
  0.15000000E+01  0.23999999E+00  0.21409563E-02
  0.15000000E+01  0.25999999E+00  0.22759696E-02
  0.15000000E+01  0.27999999E+00  0.24127797E-02
  0.15000000E+01  0.29999999E+00  0.25510337E-02
  0.15000000E+01  0.31999999E+00  0.26901421E-02
  0.15000000E+01  0.33999999E+00  0.28292523E-02
  0.15000000E+01  0.35999999E+00  0.29672377E-02
  0.15000000E+01  0.37999999E+00  0.31027075E-02
  0.15000000E+01  0.39999999E+00  0.32340427E-02
  0.15000000E+01  0.41999999E+00  0.33594657E-02
  0.15000000E+01  0.43999999E+00  0.34771487E-02
  0.15000000E+01  0.45999999E+00  0.35853662E-02
  0.15000000E+01  0.47999999E+00  0.36826967E-02
  0.15000000E+01  0.49999999E+00  0.37682730E-02
  0.15000000E+01  0.51999999E+00  0.38420777E-02
  0.15000000E+01  0.53999999E+00  0.39052711E-02
  0.15000000E+01  0.55999999E+00  0.39605235E-02
  0.15000000E+01  0.57999999E+00  0.40123022E-02
  0.15000000E+01  0.59999999E+00  0.40670225E-02
  0.15000000E+01  0.61999999E+00  0.41329030E-02
  0.15000000E+01  0.63999999E+00  0.42192281E-02
  0.15000000E+01  0.65999999E+00  0.43344328E-02
  0.15000000E+01  0.67999998E+00  0.44816785E-02
  0.15000000E+01  0.69999998E+00  0.46481196E-02
  0.15000000E+01  0.71999998E+00  0.47709684E-02
  0.15000000E+01  0.73999998E+00  0.44315509E-02
  0.15000000E+01  0.75999998E+00  0.45706586E-02
  0.15000000E+01  0.77999998E+00  0.47041906E-02
  0.15000000E+01  0.79999998E+00  0.48305601E-02
  0.15000000E+01  0.81999998E+00  0.49482899E-02
  0.15000000E+01  0.83999998E+00  0.50560938E-02
  0.15000000E+01  0.85999998E+00  0.51529640E-02
  0.15000000E+01  0.87999998E+00  0.52382606E-02
  0.15000000E+01  0.89999998E+00  0.53117997E-02
  0.15000000E+01  0.91999998E+00  0.53739338E-02
  0.15000000E+01  0.93999998E+00  0.54256181E-02
  0.15000000E+01  0.95999998E+00  0.54684541E-02
  0.15000000E+01  0.97999998E+00  0.55047003E-02
  0.15000000E+01  0.99999998E+00  0.55372398E-02
  0.15000000E+01  0.10200000E+01  0.55694903E-02
  0.15000000E+01  0.10400000E+01  0.56052449E-02
  0.15000000E+01  0.10600000E+01  0.56484283E-02
  0.15000000E+01  0.10800000E+01  0.57027569E-02
  0.15000000E+01  0.11000000E+01  0.57712907E-02
  0.15000000E+01  0.11200000E+01  0.58558749E-02
  0.15000000E+01  0.11400000E+01  0.59564736E-02
  0.15000000E+01  0.11600000E+01  0.60704190E-02
  0.15000000E+01  0.11800000E+01  0.61916242E-02
  0.15000000E+01  0.12000000E+01  0.63098535E-02
  0.15000000E+01  0.12200000E+01  0.64102189E-02
  0.15000000E+01  0.12400000E+01  0.64732039E-02
  0.15000000E+01  0.12600000E+01  0.64757610E-02
  0.15000000E+01  0.12800000E+01  0.63945455E-02
  0.15000000E+01  0.13000000E+01  0.62136332E-02
  0.15000000E+01  0.13200000E+01  0.59433703E-02
  0.15000000E+01  0.13400000E+01  0.56855023E-02
  0.15000000E+01  0.13600000E+01  0.57400827E-02
  0.15000000E+01  0.13800000E+01  0.58207666E-02
  0.15000000E+01  0.14000000E+01  0.59077073E-02
  0.15000000E+01  0.14200000E+01  0.60021925E-02
  0.15000000E+01  0.14400000E+01  0.61054281E-02
  0.15000000E+01  0.14600000E+01  0.62184688E-02
  0.15000000E+01  0.14800000E+01  0.63421384E-02
  0.15000000E+01  0.15000000E+01  0.64769445E-02
  0.15000000E+01  0.15200000E+01  0.66229887E-02
  0.15000000E+01  0.15400000E+01  0.67798777E-02
  0.15000000E+01  0.15600000E+01  0.69466380E-02
  0.15000000E+01  0.15800000E+01  0.71216444E-02
  0.15000000E+01  0.16000000E+01  0.73025678E-02
  0.15000000E+01  0.16200000E+01  0.74863543E-02
  0.15000000E+01  0.16400000E+01  0.76692475E-02
  0.15000000E+01  0.16600000E+01  0.78468674E-02
  0.15000000E+01  0.16800000E+01  0.80143615E-02
  0.15000000E+01  0.17000000E+01  0.81666452E-02
  0.15000000E+01  0.17200000E+01  0.82987452E-02
  0.15000000E+01  0.17400000E+01  0.84062605E-02
  0.15000000E+01  0.17600000E+01  0.84859458E-02
  0.15000000E+01  0.17800000E+01  0.85364128E-02
  0.15000000E+01  0.18000000E+01  0.85589208E-02
  0.15000000E+01  0.18200000E+01  0.85581876E-02
  0.15000000E+01  0.18400000E+01  0.85430846E-02
  0.15000000E+01  0.18600000E+01  0.85269416E-02
  0.15000000E+01  0.18800000E+01  0.85269156E-02
  0.15000000E+01  0.19000000E+01  0.85612058E-02
  0.15000000E+01  0.19200000E+01  0.86406888E-02
  0.15000000E+01  0.19400000E+01  0.87373704E-02
  0.15000000E+01  0.19600000E+01  0.87569776E-02
  0.15000000E+01  0.19800000E+01  0.88688074E-02
  0.15000000E+01  0.20000000E+01  0.89779564E-02
  0.15200000E+01  0.00000000E+00  0.10343902E-02
  0.15200000E+01  0.20000000E-01  0.11080902E-02
  0.15200000E+01  0.39999999E-01  0.11989038E-02
  0.15200000E+01  0.59999999E-01  0.13044329E-02
  0.15200000E+01  0.79999998E-01  0.14135436E-02
  0.15200000E+01  0.99999998E-01  0.14865052E-02
  0.15200000E+01  0.12000000E+00  0.14103870E-02
  0.15200000E+01  0.14000000E+00  0.15368788E-02
  0.15200000E+01  0.16000000E+00  0.16647618E-02
  0.15200000E+01  0.18000000E+00  0.17941410E-02
  0.15200000E+01  0.20000000E+00  0.19251210E-02
  0.15200000E+01  0.22000000E+00  0.20577639E-02
  0.15200000E+01  0.23999999E+00  0.21920448E-02
  0.15200000E+01  0.25999999E+00  0.23278071E-02
  0.15200000E+01  0.27999999E+00  0.24647203E-02
  0.15200000E+01  0.29999999E+00  0.26022434E-02
  0.15200000E+01  0.31999999E+00  0.27395977E-02
  0.15200000E+01  0.33999999E+00  0.28757541E-02
  0.15200000E+01  0.35999999E+00  0.30094391E-02
  0.15200000E+01  0.37999999E+00  0.31391668E-02
  0.15200000E+01  0.39999999E+00  0.32633014E-02
  0.15200000E+01  0.41999999E+00  0.33801571E-02
  0.15200000E+01  0.43999999E+00  0.34881408E-02
  0.15200000E+01  0.45999999E+00  0.35859412E-02
  0.15200000E+01  0.47999999E+00  0.36727652E-02
  0.15200000E+01  0.49999999E+00  0.37486197E-02
  0.15200000E+01  0.51999999E+00  0.38146233E-02
  0.15200000E+01  0.53999999E+00  0.38733255E-02
  0.15200000E+01  0.55999999E+00  0.39289833E-02
  0.15200000E+01  0.57999999E+00  0.39877089E-02
  0.15200000E+01  0.59999999E+00  0.40573352E-02
  0.15200000E+01  0.61999999E+00  0.41467115E-02
  0.15200000E+01  0.63999999E+00  0.42638660E-02
  0.15200000E+01  0.65999999E+00  0.44117464E-02
  0.15200000E+01  0.67999998E+00  0.45778632E-02
  0.15200000E+01  0.69999998E+00  0.47014900E-02
  0.15200000E+01  0.71999998E+00  0.43775511E-02
  0.15200000E+01  0.73999998E+00  0.45180945E-02
  0.15200000E+01  0.75999998E+00  0.46534214E-02
  0.15200000E+01  0.77999998E+00  0.47819379E-02
  0.15200000E+01  0.79999998E+00  0.49021476E-02
  0.15200000E+01  0.81999998E+00  0.50127338E-02
  0.15200000E+01  0.83999998E+00  0.51126472E-02
  0.15200000E+01  0.85999998E+00  0.52011971E-02
  0.15200000E+01  0.87999998E+00  0.52781408E-02
  0.15200000E+01  0.89999998E+00  0.53437667E-02
  0.15200000E+01  0.91999998E+00  0.53989629E-02
  0.15200000E+01  0.93999998E+00  0.54452644E-02
  0.15200000E+01  0.95999998E+00  0.54848668E-02
  0.15200000E+01  0.97999998E+00  0.55205968E-02
  0.15200000E+01  0.99999998E+00  0.55558257E-02
  0.15200000E+01  0.10200000E+01  0.55943117E-02
  0.15200000E+01  0.10400000E+01  0.56399575E-02
  0.15200000E+01  0.10600000E+01  0.56964692E-02
  0.15200000E+01  0.10800000E+01  0.57669061E-02
  0.15200000E+01  0.11000000E+01  0.58531163E-02
  0.15200000E+01  0.11200000E+01  0.59550616E-02
  0.15200000E+01  0.11400000E+01  0.60700555E-02
  0.15200000E+01  0.11600000E+01  0.61919601E-02
  0.15200000E+01  0.11800000E+01  0.63104389E-02
  0.15200000E+01  0.12000000E+01  0.64104366E-02
  0.15200000E+01  0.12200000E+01  0.64721885E-02
  0.15200000E+01  0.12400000E+01  0.64723191E-02
  0.15200000E+01  0.12600000E+01  0.63871063E-02
  0.15200000E+01  0.12800000E+01  0.62002988E-02
  0.15200000E+01  0.13000000E+01  0.59222428E-02
  0.15200000E+01  0.13200000E+01  0.56559660E-02
  0.15200000E+01  0.13400000E+01  0.57062327E-02
  0.15200000E+01  0.13600000E+01  0.57828014E-02
  0.15200000E+01  0.13800000E+01  0.58654764E-02
  0.15200000E+01  0.14000000E+01  0.59556401E-02
  0.15200000E+01  0.14200000E+01  0.60545968E-02
  0.15200000E+01  0.14400000E+01  0.61634981E-02
  0.15200000E+01  0.14600000E+01  0.62832584E-02
  0.15200000E+01  0.14800000E+01  0.64144643E-02
  0.15200000E+01  0.15000000E+01  0.65572786E-02
  0.15200000E+01  0.15200000E+01  0.67113452E-02
  0.15200000E+01  0.15400000E+01  0.68756990E-02
  0.15200000E+01  0.15600000E+01  0.70486892E-02
  0.15200000E+01  0.15800000E+01  0.72279250E-02
  0.15200000E+01  0.16000000E+01  0.74102536E-02
  0.15200000E+01  0.16200000E+01  0.75917861E-02
  0.15200000E+01  0.16400000E+01  0.77679828E-02
  0.15200000E+01  0.16600000E+01  0.79338181E-02
  0.15200000E+01  0.16800000E+01  0.80840388E-02
  0.15200000E+01  0.17000000E+01  0.82135343E-02
  0.15200000E+01  0.17200000E+01  0.83178307E-02
  0.15200000E+01  0.17400000E+01  0.83937155E-02
  0.15200000E+01  0.17600000E+01  0.84399839E-02
  0.15200000E+01  0.17800000E+01  0.84582759E-02
  0.15200000E+01  0.18000000E+01  0.84539253E-02
  0.15200000E+01  0.18200000E+01  0.84366662E-02
  0.15200000E+01  0.18400000E+01  0.84208920E-02
  0.15200000E+01  0.18600000E+01  0.84248528E-02
  0.15200000E+01  0.18800000E+01  0.84674157E-02
  0.15200000E+01  0.19000000E+01  0.85584818E-02
  0.15200000E+01  0.19200000E+01  0.86626552E-02
  0.15200000E+01  0.19400000E+01  0.86705339E-02
  0.15200000E+01  0.19600000E+01  0.87874506E-02
  0.15200000E+01  0.19800000E+01  0.89016072E-02
  0.15200000E+01  0.20000000E+01  0.90127502E-02
  0.15400000E+01  0.00000000E+00  0.10356066E-02
  0.15400000E+01  0.20000000E-01  0.11249343E-02
  0.15400000E+01  0.39999999E-01  0.12326449E-02
  0.15400000E+01  0.59999999E-01  0.13463850E-02
  0.15400000E+01  0.79999998E-01  0.14212965E-02
  0.15400000E+01  0.99999998E-01  0.13274959E-02
  0.15400000E+01  0.12000000E+00  0.14540293E-02
  0.15400000E+01  0.14000000E+00  0.15819414E-02
  0.15400000E+01  0.16000000E+00  0.17112458E-02
  0.15400000E+01  0.18000000E+00  0.18419705E-02
  0.15400000E+01  0.20000000E+00  0.19741197E-02
  0.15400000E+01  0.22000000E+00  0.21076320E-02
  0.15400000E+01  0.23999999E+00  0.22423381E-02
  0.15400000E+01  0.25999999E+00  0.23779206E-02
  0.15400000E+01  0.27999999E+00  0.25138777E-02
  0.15400000E+01  0.29999999E+00  0.26494962E-02
  0.15400000E+01  0.31999999E+00  0.27838371E-02
  0.15400000E+01  0.33999999E+00  0.29157389E-02
  0.15400000E+01  0.35999999E+00  0.30438450E-02
  0.15400000E+01  0.37999999E+00  0.31666595E-02
  0.15400000E+01  0.39999999E+00  0.32826389E-02
  0.15400000E+01  0.41999999E+00  0.33903243E-02
  0.15400000E+01  0.43999999E+00  0.34885179E-02
  0.15400000E+01  0.45999999E+00  0.35765055E-02
  0.15400000E+01  0.47999999E+00  0.36543216E-02
  0.15400000E+01  0.49999999E+00  0.37230461E-02
  0.15400000E+01  0.51999999E+00  0.37851080E-02
  0.15400000E+01  0.53999999E+00  0.38445495E-02
  0.15400000E+01  0.55999999E+00  0.39071701E-02
  0.15400000E+01  0.57999999E+00  0.39803997E-02
  0.15400000E+01  0.59999999E+00  0.40726296E-02
  0.15400000E+01  0.61999999E+00  0.41914540E-02
  0.15400000E+01  0.63999999E+00  0.43395846E-02
  0.15400000E+01  0.65999999E+00  0.45048947E-02
  0.15400000E+01  0.67999998E+00  0.46288257E-02
  0.15400000E+01  0.69999998E+00  0.43206877E-02
  0.15400000E+01  0.71999998E+00  0.44623865E-02
  0.15400000E+01  0.73999998E+00  0.45992341E-02
  0.15400000E+01  0.75999998E+00  0.47296379E-02
  0.15400000E+01  0.77999998E+00  0.48520913E-02
  0.15400000E+01  0.79999998E+00  0.49652550E-02
  0.15400000E+01  0.81999998E+00  0.50680455E-02
  0.15400000E+01  0.83999998E+00  0.51597273E-02
  0.15400000E+01  0.85999998E+00  0.52400036E-02
  0.15400000E+01  0.87999998E+00  0.53091015E-02
  0.15400000E+01  0.89999998E+00  0.53678433E-02
  0.15400000E+01  0.91999998E+00  0.54176960E-02
  0.15400000E+01  0.93999998E+00  0.54607891E-02
  0.15400000E+01  0.95999998E+00  0.54998877E-02
  0.15400000E+01  0.97999998E+00  0.55383093E-02
  0.15400000E+01  0.99999998E+00  0.55797688E-02
  0.15400000E+01  0.10200000E+01  0.56281376E-02
  0.15400000E+01  0.10400000E+01  0.56871032E-02
  0.15400000E+01  0.10600000E+01  0.57597169E-02
  0.15400000E+01  0.10800000E+01  0.58478256E-02
  0.15400000E+01  0.11000000E+01  0.59513902E-02
  0.15400000E+01  0.11200000E+01  0.60677123E-02
  0.15400000E+01  0.11400000E+01  0.61906191E-02
  0.15400000E+01  0.11600000E+01  0.63096992E-02
  0.15400000E+01  0.11800000E+01  0.64097657E-02
  0.15400000E+01  0.12000000E+01  0.64708519E-02
  0.15400000E+01  0.12200000E+01  0.64693047E-02
  0.15400000E+01  0.12400000E+01  0.63810706E-02
  0.15400000E+01  0.12600000E+01  0.61895909E-02
  0.15400000E+01  0.12800000E+01  0.59051505E-02
  0.15400000E+01  0.13000000E+01  0.56317227E-02
  0.15400000E+01  0.13200000E+01  0.56780435E-02
  0.15400000E+01  0.13400000E+01  0.57508206E-02
  0.15400000E+01  0.13600000E+01  0.58295066E-02
  0.15400000E+01  0.13800000E+01  0.59155729E-02
  0.15400000E+01  0.14000000E+01  0.60104179E-02
  0.15400000E+01  0.14200000E+01  0.61152870E-02
  0.15400000E+01  0.14400000E+01  0.62311848E-02
  0.15400000E+01  0.14600000E+01  0.63587773E-02
  0.15400000E+01  0.14800000E+01  0.64982916E-02
  0.15400000E+01  0.15000000E+01  0.66494135E-02
  0.15400000E+01  0.15200000E+01  0.68111931E-02
  0.15400000E+01  0.15400000E+01  0.69819628E-02
  0.15400000E+01  0.15600000E+01  0.71592795E-02
  0.15400000E+01  0.15800000E+01  0.73399026E-02
  0.15400000E+01  0.16000000E+01  0.75198209E-02
  0.15400000E+01  0.16200000E+01  0.76943458E-02
  0.15400000E+01  0.16400000E+01  0.78582868E-02
  0.15400000E+01  0.16600000E+01  0.80062280E-02
  0.15400000E+01  0.16800000E+01  0.81329230E-02
  0.15400000E+01  0.17000000E+01  0.82338221E-02
  0.15400000E+01  0.17200000E+01  0.83057352E-02
  0.15400000E+01  0.17400000E+01  0.83476240E-02
  0.15400000E+01  0.17600000E+01  0.83614838E-02
  0.15400000E+01  0.17800000E+01  0.83532302E-02
  0.15400000E+01  0.18000000E+01  0.83334188E-02
  0.15400000E+01  0.18200000E+01  0.83174605E-02
  0.15400000E+01  0.18400000E+01  0.83246520E-02
  0.15400000E+01  0.18600000E+01  0.83744901E-02
  0.15400000E+01  0.18800000E+01  0.84758831E-02
  0.15400000E+01  0.19000000E+01  0.85860263E-02
  0.15400000E+01  0.19200000E+01  0.85810270E-02
  0.15400000E+01  0.19400000E+01  0.87029384E-02
  0.15400000E+01  0.19600000E+01  0.88220761E-02
  0.15400000E+01  0.19800000E+01  0.89380359E-02
  0.15400000E+01  0.20000000E+01  0.90503366E-02
  0.15600000E+01  0.00000000E+00  0.10568032E-02
  0.15600000E+01  0.20000000E-01  0.11656423E-02
  0.15600000E+01  0.39999999E-01  0.12829822E-02
  0.15600000E+01  0.59999999E-01  0.13587181E-02
  0.15600000E+01  0.79999998E-01  0.12457134E-02
  0.15600000E+01  0.99999998E-01  0.13719102E-02
  0.15600000E+01  0.12000000E+00  0.14995453E-02
  0.15600000E+01  0.14000000E+00  0.16285354E-02
  0.15600000E+01  0.16000000E+00  0.17588260E-02
  0.15600000E+01  0.18000000E+00  0.18903556E-02
  0.15600000E+01  0.20000000E+00  0.20230176E-02
  0.15600000E+01  0.22000000E+00  0.21566210E-02
  0.15600000E+01  0.23999999E+00  0.22908518E-02
  0.15600000E+01  0.25999999E+00  0.24252382E-02
  0.15600000E+01  0.27999999E+00  0.25591240E-02
  0.15600000E+01  0.29999999E+00  0.26916525E-02
  0.15600000E+01  0.31999999E+00  0.28217683E-02
  0.15600000E+01  0.33999999E+00  0.29482390E-02
  0.15600000E+01  0.35999999E+00  0.30697061E-02
  0.15600000E+01  0.37999999E+00  0.31847677E-02
  0.15600000E+01  0.39999999E+00  0.32920999E-02
  0.15600000E+01  0.41999999E+00  0.33906208E-02
  0.15600000E+01  0.43999999E+00  0.34796981E-02
  0.15600000E+01  0.45999999E+00  0.35593978E-02
  0.15600000E+01  0.47999999E+00  0.36307634E-02
  0.15600000E+01  0.49999999E+00  0.36961029E-02
  0.15600000E+01  0.51999999E+00  0.37592400E-02
  0.15600000E+01  0.53999999E+00  0.38256514E-02
  0.15600000E+01  0.55999999E+00  0.39023484E-02
  0.15600000E+01  0.57999999E+00  0.39972408E-02
  0.15600000E+01  0.59999999E+00  0.41174616E-02
  0.15600000E+01  0.61999999E+00  0.42654631E-02
  0.15600000E+01  0.63999999E+00  0.44294824E-02
  0.15600000E+01  0.65999999E+00  0.45532214E-02
  0.15600000E+01  0.67999998E+00  0.42610737E-02
  0.15600000E+01  0.69999998E+00  0.44036500E-02
  0.15600000E+01  0.71999998E+00  0.45417411E-02
  0.15600000E+01  0.73999998E+00  0.46737645E-02
  0.15600000E+01  0.75999998E+00  0.47982115E-02
  0.15600000E+01  0.77999998E+00  0.49137283E-02
  0.15600000E+01  0.79999998E+00  0.50192050E-02
  0.15600000E+01  0.81999998E+00  0.51138678E-02
  0.15600000E+01  0.83999998E+00  0.51973711E-02
  0.15600000E+01  0.85999998E+00  0.52698843E-02
  0.15600000E+01  0.87999998E+00  0.53321654E-02
  0.15600000E+01  0.89999998E+00  0.53856135E-02
  0.15600000E+01  0.91999998E+00  0.54322892E-02
  0.15600000E+01  0.93999998E+00  0.54748914E-02
  0.15600000E+01  0.95999998E+00  0.55166775E-02
  0.15600000E+01  0.97999998E+00  0.55613114E-02
  0.15600000E+01  0.99999998E+00  0.56126247E-02
  0.15600000E+01  0.10200000E+01  0.56742778E-02
  0.15600000E+01  0.10400000E+01  0.57493073E-02
  0.15600000E+01  0.10600000E+01  0.58395547E-02
  0.15600000E+01  0.10800000E+01  0.59449803E-02
  0.15600000E+01  0.11000000E+01  0.60628815E-02
  0.15600000E+01  0.11200000E+01  0.61870653E-02
  0.15600000E+01  0.11400000E+01  0.63070712E-02
  0.15600000E+01  0.11600000E+01  0.64076165E-02
  0.15600000E+01  0.11800000E+01  0.64685781E-02
  0.15600000E+01  0.12000000E+01  0.64660777E-02
  0.15600000E+01  0.12200000E+01  0.63757788E-02
  0.15600000E+01  0.12400000E+01  0.61808391E-02
  0.15600000E+01  0.12600000E+01  0.58914296E-02
  0.15600000E+01  0.12800000E+01  0.56121606E-02
  0.15600000E+01  0.13000000E+01  0.56549572E-02
  0.15600000E+01  0.13200000E+01  0.57242905E-02
  0.15600000E+01  0.13400000E+01  0.57992929E-02
  0.15600000E+01  0.13600000E+01  0.58815189E-02
  0.15600000E+01  0.13800000E+01  0.59724555E-02
  0.15600000E+01  0.14000000E+01  0.60734390E-02
  0.15600000E+01  0.14200000E+01  0.61855617E-02
  0.15600000E+01  0.14400000E+01  0.63095696E-02
  0.15600000E+01  0.14600000E+01  0.64457555E-02
  0.15600000E+01  0.14800000E+01  0.65938520E-02
  0.15600000E+01  0.15000000E+01  0.67529300E-02
  0.15600000E+01  0.15200000E+01  0.69213130E-02
  0.15600000E+01  0.15400000E+01  0.70965154E-02
  0.15600000E+01  0.15600000E+01  0.72752186E-02
  0.15600000E+01  0.15800000E+01  0.74533007E-02
  0.15600000E+01  0.16000000E+01  0.76259341E-02
  0.15600000E+01  0.16200000E+01  0.77877723E-02
  0.15600000E+01  0.16400000E+01  0.79332431E-02
  0.15600000E+01  0.16600000E+01  0.80569673E-02
  0.15600000E+01  0.16800000E+01  0.81543161E-02
  0.15600000E+01  0.17000000E+01  0.82221133E-02
  0.15600000E+01  0.17200000E+01  0.82594701E-02
  0.15600000E+01  0.17400000E+01  0.82687116E-02
  0.15600000E+01  0.17600000E+01  0.82563015E-02
  0.15600000E+01  0.17800000E+01  0.82335753E-02
  0.15600000E+01  0.18000000E+01  0.82169146E-02
  0.15600000E+01  0.18200000E+01  0.82266158E-02
  0.15600000E+01  0.18400000E+01  0.82827702E-02
  0.15600000E+01  0.18600000E+01  0.83932865E-02
  0.15600000E+01  0.18800000E+01  0.85079922E-02
  0.15600000E+01  0.19000000E+01  0.84891520E-02
  0.15600000E+01  0.19200000E+01  0.86159223E-02
  0.15600000E+01  0.19400000E+01  0.87399684E-02
  0.15600000E+01  0.19600000E+01  0.88607377E-02
  0.15600000E+01  0.19800000E+01  0.89775954E-02
  0.15600000E+01  0.20000000E+01  0.90898205E-02
  0.15800000E+01  0.00000000E+00  0.11041737E-02
  0.15800000E+01  0.20000000E-01  0.12240441E-02
  0.15800000E+01  0.39999999E-01  0.12994542E-02
  0.15800000E+01  0.59999999E-01  0.11657408E-02
  0.15800000E+01  0.79999998E-01  0.12911538E-02
  0.15800000E+01  0.99999998E-01  0.14181375E-02
  0.15800000E+01  0.12000000E+00  0.15465089E-02
  0.15800000E+01  0.14000000E+00  0.16761253E-02
  0.15800000E+01  0.16000000E+00  0.18068532E-02
  0.15800000E+01  0.18000000E+00  0.19385330E-02
  0.15800000E+01  0.20000000E+00  0.20709434E-02
  0.15800000E+01  0.22000000E+00  0.22037646E-02
  0.15800000E+01  0.23999999E+00  0.23365460E-02
  0.15800000E+01  0.25999999E+00  0.24686792E-02
  0.15800000E+01  0.27999999E+00  0.25993826E-02
  0.15800000E+01  0.29999999E+00  0.27276992E-02
  0.15800000E+01  0.31999999E+00  0.28525163E-02
  0.15800000E+01  0.33999999E+00  0.29726089E-02
  0.15800000E+01  0.35999999E+00  0.30867146E-02
  0.15800000E+01  0.37999999E+00  0.31936447E-02
  0.15800000E+01  0.39999999E+00  0.32924348E-02
  0.15800000E+01  0.41999999E+00  0.33825370E-02
  0.15800000E+01  0.43999999E+00  0.34640513E-02
  0.15800000E+01  0.45999999E+00  0.35379866E-02
  0.15800000E+01  0.47999999E+00  0.36065297E-02
  0.15800000E+01  0.49999999E+00  0.36732817E-02
  0.15800000E+01  0.51999999E+00  0.37433874E-02
  0.15800000E+01  0.53999999E+00  0.38234234E-02
  0.15800000E+01  0.55999999E+00  0.39207956E-02
  0.15800000E+01  0.57999999E+00  0.40421484E-02
  0.15800000E+01  0.59999999E+00  0.41896495E-02
  0.15800000E+01  0.61999999E+00  0.43518967E-02
  0.15800000E+01  0.63999999E+00  0.44749303E-02
  0.15800000E+01  0.65999999E+00  0.41988390E-02
  0.15800000E+01  0.67999998E+00  0.43420215E-02
  0.15800000E+01  0.69999998E+00  0.44810805E-02
  0.15800000E+01  0.71999998E+00  0.46144515E-02
  0.15800000E+01  0.73999998E+00  0.47406323E-02
  0.15800000E+01  0.75999998E+00  0.48582631E-02
  0.15800000E+01  0.77999998E+00  0.49662150E-02
  0.15800000E+01  0.79999998E+00  0.50636828E-02
  0.15800000E+01  0.81999998E+00  0.51502778E-02
  0.15800000E+01  0.83999998E+00  0.52261160E-02
  0.15800000E+01  0.85999998E+00  0.52918937E-02
  0.15800000E+01  0.87999998E+00  0.53489421E-02
  0.15800000E+01  0.89999998E+00  0.53992515E-02
  0.15800000E+01  0.91999998E+00  0.54454511E-02
  0.15800000E+01  0.93999998E+00  0.54907324E-02
  0.15800000E+01  0.95999998E+00  0.55387009E-02
  0.15800000E+01  0.97999998E+00  0.55931409E-02
  0.15800000E+01  0.99999998E+00  0.56576773E-02
  0.15800000E+01  0.10200000E+01  0.57353253E-02
  0.15800000E+01  0.10400000E+01  0.58279172E-02
  0.15800000E+01  0.10600000E+01  0.59354129E-02
  0.15800000E+01  0.10800000E+01  0.60551119E-02
  0.15800000E+01  0.11000000E+01  0.61808165E-02
  0.15800000E+01  0.11200000E+01  0.63020412E-02
  0.15800000E+01  0.11400000E+01  0.64034436E-02
  0.15800000E+01  0.11600000E+01  0.64647901E-02
  0.15800000E+01  0.11800000E+01  0.64620302E-02
  0.15800000E+01  0.12000000E+01  0.63705950E-02
  0.15800000E+01  0.12200000E+01  0.61733859E-02
  0.15800000E+01  0.12400000E+01  0.58804161E-02
  0.15800000E+01  0.12600000E+01  0.55966481E-02
  0.15800000E+01  0.12800000E+01  0.56363830E-02
  0.15800000E+01  0.13000000E+01  0.57026392E-02
  0.15800000E+01  0.13200000E+01  0.57742876E-02
  0.15800000E+01  0.13400000E+01  0.58529588E-02
  0.15800000E+01  0.13600000E+01  0.59402229E-02
  0.15800000E+01  0.13800000E+01  0.60375027E-02
  0.15800000E+01  0.14000000E+01  0.61459757E-02
  0.15800000E+01  0.14200000E+01  0.62664670E-02
  0.15800000E+01  0.14400000E+01  0.63993369E-02
  0.15800000E+01  0.14600000E+01  0.65443673E-02
  0.15800000E+01  0.14800000E+01  0.67006560E-02
  0.15800000E+01  0.15000000E+01  0.68665247E-02
  0.15800000E+01  0.15200000E+01  0.70394539E-02
  0.15800000E+01  0.15400000E+01  0.72160579E-02
  0.15800000E+01  0.15600000E+01  0.73921142E-02
  0.15800000E+01  0.15800000E+01  0.75626670E-02
  0.15800000E+01  0.16000000E+01  0.77222231E-02
  0.15800000E+01  0.16200000E+01  0.78650611E-02
  0.15800000E+01  0.16400000E+01  0.79856717E-02
  0.15800000E+01  0.16600000E+01  0.80793457E-02
  0.15800000E+01  0.16800000E+01  0.81429121E-02
  0.15800000E+01  0.17000000E+01  0.81756155E-02
  0.15800000E+01  0.17200000E+01  0.81800861E-02
  0.15800000E+01  0.17400000E+01  0.81633016E-02
  0.15800000E+01  0.17600000E+01  0.81373355E-02
  0.15800000E+01  0.17800000E+01  0.81194925E-02
  0.15800000E+01  0.18000000E+01  0.81310229E-02
  0.15800000E+01  0.18200000E+01  0.81925785E-02
  0.15800000E+01  0.18400000E+01  0.83110718E-02
  0.15800000E+01  0.18600000E+01  0.84290493E-02
  0.15800000E+01  0.18800000E+01  0.83955882E-02
  0.15800000E+01  0.19000000E+01  0.85270409E-02
  0.15800000E+01  0.19200000E+01  0.86558794E-02
  0.15800000E+01  0.19400000E+01  0.87814053E-02
  0.15800000E+01  0.19600000E+01  0.89028320E-02
  0.15800000E+01  0.19800000E+01  0.90192855E-02
  0.15800000E+01  0.20000000E+01  0.91298124E-02
  0.16000000E+01  0.00000000E+00  0.11703016E-02
  0.16000000E+01  0.20000000E-01  0.12442257E-02
  0.16000000E+01  0.39999999E-01  0.10883377E-02
  0.16000000E+01  0.59999999E-01  0.12124521E-02
  0.16000000E+01  0.79999998E-01  0.13383422E-02
  0.16000000E+01  0.99999998E-01  0.14657235E-02
  0.16000000E+01  0.12000000E+00  0.15943618E-02
  0.16000000E+01  0.14000000E+00  0.17240459E-02
  0.16000000E+01  0.16000000E+00  0.18545570E-02
  0.16000000E+01  0.18000000E+00  0.19856353E-02
  0.16000000E+01  0.20000000E+00  0.21169469E-02
  0.16000000E+01  0.22000000E+00  0.22480534E-02
  0.16000000E+01  0.23999999E+00  0.23783859E-02
  0.16000000E+01  0.25999999E+00  0.25072292E-02
  0.16000000E+01  0.27999999E+00  0.26337182E-02
  0.16000000E+01  0.29999999E+00  0.27568535E-02
  0.16000000E+01  0.31999999E+00  0.28755393E-02
  0.16000000E+01  0.33999999E+00  0.29886505E-02
  0.16000000E+01  0.35999999E+00  0.30951323E-02
  0.16000000E+01  0.37999999E+00  0.31941384E-02
  0.16000000E+01  0.39999999E+00  0.32852069E-02
  0.16000000E+01  0.41999999E+00  0.33684738E-02
  0.16000000E+01  0.43999999E+00  0.34449149E-02
  0.16000000E+01  0.45999999E+00  0.35165951E-02
  0.16000000E+01  0.47999999E+00  0.35868888E-02
  0.16000000E+01  0.49999999E+00  0.36606001E-02
  0.16000000E+01  0.51999999E+00  0.37438554E-02
  0.16000000E+01  0.53999999E+00  0.38435346E-02
  0.16000000E+01  0.55999999E+00  0.39657660E-02
  0.16000000E+01  0.57999999E+00  0.41124063E-02
  0.16000000E+01  0.59999999E+00  0.42724062E-02
  0.16000000E+01  0.61999999E+00  0.43942089E-02
  0.16000000E+01  0.63999999E+00  0.41341268E-02
  0.16000000E+01  0.65999999E+00  0.42776542E-02
  0.16000000E+01  0.67999998E+00  0.44174106E-02
  0.16000000E+01  0.69999998E+00  0.45518577E-02
  0.16000000E+01  0.71999998E+00  0.46795076E-02
  0.16000000E+01  0.73999998E+00  0.47990026E-02
  0.16000000E+01  0.75999998E+00  0.49092030E-02
  0.16000000E+01  0.77999998E+00  0.50092790E-02
  0.16000000E+01  0.79999998E+00  0.50988050E-02
  0.16000000E+01  0.81999998E+00  0.51778484E-02
  0.16000000E+01  0.83999998E+00  0.52470465E-02
  0.16000000E+01  0.85999998E+00  0.53076643E-02
  0.16000000E+01  0.87999998E+00  0.53616207E-02
  0.16000000E+01  0.89999998E+00  0.54114719E-02
  0.16000000E+01  0.91999998E+00  0.54603390E-02
  0.16000000E+01  0.93999998E+00  0.55117629E-02
  0.16000000E+01  0.95999998E+00  0.55694723E-02
  0.16000000E+01  0.97999998E+00  0.56370500E-02
  0.16000000E+01  0.99999998E+00  0.57174826E-02
  0.16000000E+01  0.10200000E+01  0.58125892E-02
  0.16000000E+01  0.10400000E+01  0.59223295E-02
  0.16000000E+01  0.10600000E+01  0.60440113E-02
  0.16000000E+01  0.10800000E+01  0.61714463E-02
  0.16000000E+01  0.11000000E+01  0.62941483E-02
  0.16000000E+01  0.11200000E+01  0.63967504E-02
  0.16000000E+01  0.11400000E+01  0.64589545E-02
  0.16000000E+01  0.11600000E+01  0.64565913E-02
  0.16000000E+01  0.11800000E+01  0.63649122E-02
  0.16000000E+01  0.12000000E+01  0.61665937E-02
  0.16000000E+01  0.12200000E+01  0.58714533E-02
  0.16000000E+01  0.12400000E+01  0.55845424E-02
  0.16000000E+01  0.12600000E+01  0.56217065E-02
  0.16000000E+01  0.12800000E+01  0.56852667E-02
  0.16000000E+01  0.13000000E+01  0.57539098E-02
  0.16000000E+01  0.13200000E+01  0.58293356E-02
  0.16000000E+01  0.13400000E+01  0.59131912E-02
  0.16000000E+01  0.13600000E+01  0.60069811E-02
  0.16000000E+01  0.13800000E+01  0.61119645E-02
  0.16000000E+01  0.14000000E+01  0.62290443E-02
  0.16000000E+01  0.14200000E+01  0.63586483E-02
  0.16000000E+01  0.14400000E+01  0.65006110E-02
  0.16000000E+01  0.14600000E+01  0.66540612E-02
  0.16000000E+01  0.14800000E+01  0.68173258E-02
  0.16000000E+01  0.15000000E+01  0.69878600E-02
  0.16000000E+01  0.15200000E+01  0.71622204E-02
  0.16000000E+01  0.15400000E+01  0.73360949E-02
  0.16000000E+01  0.15600000E+01  0.75044100E-02
  0.16000000E+01  0.15800000E+01  0.76615355E-02
  0.16000000E+01  0.16000000E+01  0.78016078E-02
  0.16000000E+01  0.16200000E+01  0.79189920E-02
  0.16000000E+01  0.16400000E+01  0.80088969E-02
  0.16000000E+01  0.16600000E+01  0.80681493E-02
  0.16000000E+01  0.16800000E+01  0.80961114E-02
  0.16000000E+01  0.17000000E+01  0.80956942E-02
  0.16000000E+01  0.17200000E+01  0.80743558E-02
  0.16000000E+01  0.17400000E+01  0.80448652E-02
  0.16000000E+01  0.17600000E+01  0.80254028E-02
  0.16000000E+01  0.17800000E+01  0.80381259E-02
  0.16000000E+01  0.18000000E+01  0.81042155E-02
  0.16000000E+01  0.18200000E+01  0.82296006E-02
  0.16000000E+01  0.18400000E+01  0.83496764E-02
  0.16000000E+01  0.18600000E+01  0.83009919E-02
  0.16000000E+01  0.18800000E+01  0.84369140E-02
  0.16000000E+01  0.19000000E+01  0.85703879E-02
  0.16000000E+01  0.19200000E+01  0.87005744E-02
  0.16000000E+01  0.19400000E+01  0.88265371E-02
  0.16000000E+01  0.19600000E+01  0.89472501E-02
  0.16000000E+01  0.19800000E+01  0.90616122E-02
  0.16000000E+01  0.20000000E+01  0.91684700E-02
  0.16200000E+01  0.00000000E+00  0.11937837E-02
  0.16200000E+01  0.20000000E-01  0.10143189E-02
  0.16200000E+01  0.39999999E-01  0.11365542E-02
  0.16200000E+01  0.59999999E-01  0.12608412E-02
  0.16200000E+01  0.79999998E-01  0.13867939E-02
  0.16200000E+01  0.99999998E-01  0.15140845E-02
  0.16200000E+01  0.12000000E+00  0.16424206E-02
  0.16200000E+01  0.14000000E+00  0.17715179E-02
  0.16200000E+01  0.16000000E+00  0.19010718E-02
  0.16200000E+01  0.18000000E+00  0.20307265E-02
  0.16200000E+01  0.20000000E+00  0.21600475E-02
  0.16200000E+01  0.22000000E+00  0.22884969E-02
  0.16200000E+01  0.23999999E+00  0.24154177E-02
  0.16200000E+01  0.25999999E+00  0.25400295E-02
  0.16200000E+01  0.27999999E+00  0.26614397E-02
  0.16200000E+01  0.29999999E+00  0.27786768E-02
  0.16200000E+01  0.31999999E+00  0.28907494E-02
  0.16200000E+01  0.33999999E+00  0.29967352E-02
  0.16200000E+01  0.35999999E+00  0.30959054E-02
  0.16200000E+01  0.37999999E+00  0.31878850E-02
  0.16200000E+01  0.39999999E+00  0.32728475E-02
  0.16200000E+01  0.41999999E+00  0.33517360E-02
  0.16200000E+01  0.43999999E+00  0.34264930E-02
  0.16200000E+01  0.45999999E+00  0.35002624E-02
  0.16200000E+01  0.47999999E+00  0.35774983E-02
  0.16200000E+01  0.49999999E+00  0.36638623E-02
  0.16200000E+01  0.51999999E+00  0.37656866E-02
  0.16200000E+01  0.53999999E+00  0.38885557E-02
  0.16200000E+01  0.55999999E+00  0.40339880E-02
  0.16200000E+01  0.57999999E+00  0.41912749E-02
  0.16200000E+01  0.59999999E+00  0.43113142E-02
  0.16200000E+01  0.61999999E+00  0.40670897E-02
  0.16200000E+01  0.63999999E+00  0.42107141E-02
  0.16200000E+01  0.65999999E+00  0.43509066E-02
  0.16200000E+01  0.67999998E+00  0.44861623E-02
  0.16200000E+01  0.69999998E+00  0.46150157E-02
  0.16200000E+01  0.71999998E+00  0.47361193E-02
  0.16200000E+01  0.73999998E+00  0.48483298E-02
  0.16200000E+01  0.75999998E+00  0.49508008E-02
  0.16200000E+01  0.77999998E+00  0.50430759E-02
  0.16200000E+01  0.79999998E+00  0.51251789E-02
  0.16200000E+01  0.81999998E+00  0.51976920E-02
  0.16200000E+01  0.83999998E+00  0.52618155E-02
  0.16200000E+01  0.85999998E+00  0.53193968E-02
  0.16200000E+01  0.87999998E+00  0.53729172E-02
  0.16200000E+01  0.89999998E+00  0.54254228E-02
  0.16200000E+01  0.91999998E+00  0.54803842E-02
  0.16200000E+01  0.93999998E+00  0.55414680E-02
  0.16200000E+01  0.95999998E+00  0.56122071E-02
  0.16200000E+01  0.97999998E+00  0.56955537E-02
  0.16200000E+01  0.99999998E+00  0.57933093E-02
  0.16200000E+01  0.10200000E+01  0.59054330E-02
  0.16200000E+01  0.10400000E+01  0.60292469E-02
  0.16200000E+01  0.10600000E+01  0.61585856E-02
  0.16200000E+01  0.10800000E+01  0.62829860E-02
  0.16200000E+01  0.11000000E+01  0.63870913E-02
  0.16200000E+01  0.11200000E+01  0.64505846E-02
  0.16200000E+01  0.11400000E+01  0.64492318E-02
  0.16200000E+01  0.11600000E+01  0.63581584E-02
  0.16200000E+01  0.11800000E+01  0.61598507E-02
  0.16200000E+01  0.12000000E+01  0.58638991E-02
  0.16200000E+01  0.12200000E+01  0.55751983E-02
  0.16200000E+01  0.12400000E+01  0.56102995E-02
  0.16200000E+01  0.12600000E+01  0.56715539E-02
  0.16200000E+01  0.12800000E+01  0.57375550E-02
  0.16200000E+01  0.13000000E+01  0.58100643E-02
  0.16200000E+01  0.13200000E+01  0.58907993E-02
  0.16200000E+01  0.13400000E+01  0.59813406E-02
  0.16200000E+01  0.13600000E+01  0.60830257E-02
  0.16200000E+01  0.13800000E+01  0.61968326E-02
  0.16200000E+01  0.14000000E+01  0.63232567E-02
  0.16200000E+01  0.14200000E+01  0.64621866E-02
  0.16200000E+01  0.14400000E+01  0.66127864E-02
  0.16200000E+01  0.14600000E+01  0.67733940E-02
  0.16200000E+01  0.14800000E+01  0.69414474E-02
  0.16200000E+01  0.15000000E+01  0.71134552E-02
  0.16200000E+01  0.15200000E+01  0.72850258E-02
  0.16200000E+01  0.15400000E+01  0.74509788E-02
  0.16200000E+01  0.15600000E+01  0.76055566E-02
  0.16200000E+01  0.15800000E+01  0.77427617E-02
  0.16200000E+01  0.16000000E+01  0.78568376E-02
  0.16200000E+01  0.16200000E+01  0.79429109E-02
  0.16200000E+01  0.16400000E+01  0.79977992E-02
  0.16200000E+01  0.16600000E+01  0.80209675E-02
  0.16200000E+01  0.16800000E+01  0.80155837E-02
  0.16200000E+01  0.17000000E+01  0.79895524E-02
  0.16200000E+01  0.17200000E+01  0.79562959E-02
  0.16200000E+01  0.17400000E+01  0.79348222E-02
  0.16200000E+01  0.17600000E+01  0.79481492E-02
  0.16200000E+01  0.17800000E+01  0.80179575E-02
  0.16200000E+01  0.18000000E+01  0.81492131E-02
  0.16200000E+01  0.18200000E+01  0.82703296E-02
  0.16200000E+01  0.18400000E+01  0.82059905E-02
  0.16200000E+01  0.18600000E+01  0.83461358E-02
  0.16200000E+01  0.18800000E+01  0.84840515E-02
  0.16200000E+01  0.19000000E+01  0.86187619E-02
  0.16200000E+01  0.19200000E+01  0.87491848E-02
  0.16200000E+01  0.19400000E+01  0.88741443E-02
  0.16200000E+01  0.19600000E+01  0.89923916E-02
  0.16200000E+01  0.19800000E+01  0.91026358E-02
  0.16200000E+01  0.20000000E+01  0.92035853E-02
  0.16400000E+01  0.00000000E+00  0.94454970E-03
  0.16400000E+01  0.20000000E-01  0.10642638E-02
  0.16400000E+01  0.39999999E-01  0.11863729E-02
  0.16400000E+01  0.59999999E-01  0.13103917E-02
  0.16400000E+01  0.79999998E-01  0.14358988E-02
  0.16400000E+01  0.99999998E-01  0.15625177E-02
  0.16400000E+01  0.12000000E+00  0.16898951E-02
  0.16400000E+01  0.14000000E+00  0.18176755E-02
  0.16400000E+01  0.16000000E+00  0.19454743E-02
  0.16400000E+01  0.18000000E+00  0.20728533E-02
  0.16400000E+01  0.20000000E+00  0.21992977E-02
  0.16400000E+01  0.22000000E+00  0.23242008E-02
  0.16400000E+01  0.23999999E+00  0.24468590E-02
  0.16400000E+01  0.25999999E+00  0.25664802E-02
  0.16400000E+01  0.27999999E+00  0.26822117E-02
  0.16400000E+01  0.29999999E+00  0.27931916E-02
  0.16400000E+01  0.31999999E+00  0.28986276E-02
  0.16400000E+01  0.33999999E+00  0.29979075E-02
  0.16400000E+01  0.35999999E+00  0.30907433E-02
  0.16400000E+01  0.37999999E+00  0.31773463E-02
  0.16400000E+01  0.39999999E+00  0.32586276E-02
  0.16400000E+01  0.41999999E+00  0.33364061E-02
  0.16400000E+01  0.43999999E+00  0.34135908E-02
  0.16400000E+01  0.45999999E+00  0.34942776E-02
  0.16400000E+01  0.47999999E+00  0.35836489E-02
  0.16400000E+01  0.49999999E+00  0.36874673E-02
  0.16400000E+01  0.51999999E+00  0.38107469E-02
  0.16400000E+01  0.53999999E+00  0.39546387E-02
  0.16400000E+01  0.55999999E+00  0.41087591E-02
  0.16400000E+01  0.57999999E+00  0.42264997E-02
  0.16400000E+01  0.59999999E+00  0.39978869E-02
  0.16400000E+01  0.61999999E+00  0.41413764E-02
  0.16400000E+01  0.63999999E+00  0.42817559E-02
  0.16400000E+01  0.65999999E+00  0.44175606E-02
  0.16400000E+01  0.67999998E+00  0.45473551E-02
  0.16400000E+01  0.69999998E+00  0.46698094E-02
  0.16400000E+01  0.71999998E+00  0.47837849E-02
  0.16400000E+01  0.73999998E+00  0.48884254E-02
  0.16400000E+01  0.75999998E+00  0.49832506E-02
  0.16400000E+01  0.77999998E+00  0.50682460E-02
  0.16400000E+01  0.79999998E+00  0.51439429E-02
  0.16400000E+01  0.81999998E+00  0.52114793E-02
  0.16400000E+01  0.83999998E+00  0.52726316E-02
  0.16400000E+01  0.85999998E+00  0.53298044E-02
  0.16400000E+01  0.87999998E+00  0.53859658E-02
  0.16400000E+01  0.89999998E+00  0.54445104E-02
  0.16400000E+01  0.91999998E+00  0.55090368E-02
  0.16400000E+01  0.93999998E+00  0.55830209E-02
  0.16400000E+01  0.95999998E+00  0.56693742E-02
  0.16400000E+01  0.97999998E+00  0.57698768E-02
  0.16400000E+01  0.99999998E+00  0.58844868E-02
  0.16400000E+01  0.10200000E+01  0.60105456E-02
  0.16400000E+01  0.10400000E+01  0.61419238E-02
  0.16400000E+01  0.10600000E+01  0.62682043E-02
  0.16400000E+01  0.10800000E+01  0.63740742E-02
  0.16400000E+01  0.11000000E+01  0.64392436E-02
  0.16400000E+01  0.11200000E+01  0.64394674E-02
  0.16400000E+01  0.11400000E+01  0.63498005E-02
  0.16400000E+01  0.11600000E+01  0.61525761E-02
  0.16400000E+01  0.11800000E+01  0.58571324E-02
  0.16400000E+01  0.12000000E+01  0.55679760E-02
  0.16400000E+01  0.12200000E+01  0.56015285E-02
  0.16400000E+01  0.12400000E+01  0.56608718E-02
  0.16400000E+01  0.12600000E+01  0.57246039E-02
  0.16400000E+01  0.12800000E+01  0.57945403E-02
  0.16400000E+01  0.13000000E+01  0.58724621E-02
  0.16400000E+01  0.13200000E+01  0.59600201E-02
  0.16400000E+01  0.13400000E+01  0.60586254E-02
  0.16400000E+01  0.13600000E+01  0.61693285E-02
  0.16400000E+01  0.13800000E+01  0.62926912E-02
  0.16400000E+01  0.14000000E+01  0.64286576E-02
  0.16400000E+01  0.14200000E+01  0.65764302E-02
  0.16400000E+01  0.14400000E+01  0.67343634E-02
  0.16400000E+01  0.14600000E+01  0.68998857E-02
  0.16400000E+01  0.14800000E+01  0.70694662E-02
  0.16400000E+01  0.15000000E+01  0.72386446E-02
  0.16400000E+01  0.15200000E+01  0.74021438E-02
  0.16400000E+01  0.15400000E+01  0.75540892E-02
  0.16400000E+01  0.15600000E+01  0.76883572E-02
  0.16400000E+01  0.15800000E+01  0.77990748E-02
  0.16400000E+01  0.16000000E+01  0.78812868E-02
  0.16400000E+01  0.16200000E+01  0.79317951E-02
  0.16400000E+01  0.16400000E+01  0.79501537E-02
  0.16400000E+01  0.16600000E+01  0.79397635E-02
  0.16400000E+01  0.16800000E+01  0.79089425E-02
  0.16400000E+01  0.17000000E+01  0.78717240E-02
  0.16400000E+01  0.17200000E+01  0.78478950E-02
  0.16400000E+01  0.17400000E+01  0.78612876E-02
  0.16400000E+01  0.17600000E+01  0.79340536E-02
  0.16400000E+01  0.17800000E+01  0.80702247E-02
  0.16400000E+01  0.18000000E+01  0.81914390E-02
  0.16400000E+01  0.18200000E+01  0.81111772E-02
  0.16400000E+01  0.18400000E+01  0.82552708E-02
  0.16400000E+01  0.18600000E+01  0.83974012E-02
  0.16400000E+01  0.18800000E+01  0.85364620E-02
  0.16400000E+01  0.19000000E+01  0.86712294E-02
  0.16400000E+01  0.19200000E+01  0.88003802E-02
  0.16400000E+01  0.19400000E+01  0.89225194E-02
  0.16400000E+01  0.19600000E+01  0.90362182E-02
  0.16400000E+01  0.19800000E+01  0.91400636E-02
  0.16400000E+01  0.20000000E+01  0.92327214E-02
  0.16600000E+01  0.00000000E+00  0.99643443E-03
  0.16600000E+01  0.20000000E-01  0.11157290E-02
  0.16600000E+01  0.39999999E-01  0.12372439E-02
  0.16600000E+01  0.59999999E-01  0.13604652E-02
  0.16600000E+01  0.79999998E-01  0.14849325E-02
  0.16600000E+01  0.99999998E-01  0.16102203E-02
  0.16600000E+01  0.12000000E+00  0.17359178E-02
  0.16600000E+01  0.14000000E+00  0.18616063E-02
  0.16600000E+01  0.16000000E+00  0.19868366E-02
  0.16600000E+01  0.18000000E+00  0.21111096E-02
  0.16600000E+01  0.20000000E+00  0.22338615E-02
  0.16600000E+01  0.22000000E+00  0.23544578E-02
  0.16600000E+01  0.23999999E+00  0.24722001E-02
  0.16600000E+01  0.25999999E+00  0.25863488E-02
  0.16600000E+01  0.27999999E+00  0.26961670E-02
  0.16600000E+01  0.29999999E+00  0.28009891E-02
  0.16600000E+01  0.31999999E+00  0.29003178E-02
  0.16600000E+01  0.33999999E+00  0.29939512E-02
  0.16600000E+01  0.35999999E+00  0.30821387E-02
  0.16600000E+01  0.37999999E+00  0.31657593E-02
  0.16600000E+01  0.39999999E+00  0.32465064E-02
  0.16600000E+01  0.41999999E+00  0.33270505E-02
  0.16600000E+01  0.43999999E+00  0.34111208E-02
  0.16600000E+01  0.45999999E+00  0.35034062E-02
  0.16600000E+01  0.47999999E+00  0.36090792E-02
  0.16600000E+01  0.49999999E+00  0.37325561E-02
  0.16600000E+01  0.51999999E+00  0.38745910E-02
  0.16600000E+01  0.53999999E+00  0.40251058E-02
  0.16600000E+01  0.55999999E+00  0.41400135E-02
  0.16600000E+01  0.57999999E+00  0.39266810E-02
  0.16600000E+01  0.59999999E+00  0.40698223E-02
  0.16600000E+01  0.61999999E+00  0.42101545E-02
  0.16600000E+01  0.63999999E+00  0.43462598E-02
  0.16600000E+01  0.65999999E+00  0.44767394E-02
  0.16600000E+01  0.67999998E+00  0.46002887E-02
  0.16600000E+01  0.69999998E+00  0.47157809E-02
  0.16600000E+01  0.71999998E+00  0.48223576E-02
  0.16600000E+01  0.73999998E+00  0.49195208E-02
  0.16600000E+01  0.75999998E+00  0.50072241E-02
  0.16600000E+01  0.77999998E+00  0.50859520E-02
  0.16600000E+01  0.79999998E+00  0.51567831E-02
  0.16600000E+01  0.81999998E+00  0.52214237E-02
  0.16600000E+01  0.83999998E+00  0.52822013E-02
  0.16600000E+01  0.85999998E+00  0.53420025E-02
  0.16600000E+01  0.87999998E+00  0.54041420E-02
  0.16600000E+01  0.89999998E+00  0.54721439E-02
  0.16600000E+01  0.91999998E+00  0.55494213E-02
  0.16600000E+01  0.93999998E+00  0.56388389E-02
  0.16600000E+01  0.95999998E+00  0.57421508E-02
  0.16600000E+01  0.97999998E+00  0.58593138E-02
  0.16600000E+01  0.99999998E+00  0.59876932E-02
  0.16600000E+01  0.10200000E+01  0.61212084E-02
  0.16600000E+01  0.10400000E+01  0.62495097E-02
  0.16600000E+01  0.10600000E+01  0.63573619E-02
  0.16600000E+01  0.10800000E+01  0.64245464E-02
  0.16600000E+01  0.11000000E+01  0.64268618E-02
  0.16600000E+01  0.11200000E+01  0.63393482E-02
  0.16600000E+01  0.11400000E+01  0.61442253E-02
  0.16600000E+01  0.11600000E+01  0.58505588E-02
  0.16600000E+01  0.11800000E+01  0.55622486E-02
  0.16600000E+01  0.12000000E+01  0.55947631E-02
  0.16600000E+01  0.12200000E+01  0.56525898E-02
  0.16600000E+01  0.12400000E+01  0.57144309E-02
  0.16600000E+01  0.12600000E+01  0.57821483E-02
  0.16600000E+01  0.12800000E+01  0.58575793E-02
  0.16600000E+01  0.13000000E+01  0.59424388E-02
  0.16600000E+01  0.13200000E+01  0.60382063E-02
  0.16600000E+01  0.13400000E+01  0.61460014E-02
  0.16600000E+01  0.13600000E+01  0.62664509E-02
  0.16600000E+01  0.13800000E+01  0.63995545E-02
  0.16600000E+01  0.14000000E+01  0.65445561E-02
  0.16600000E+01  0.14200000E+01  0.66998312E-02
  0.16600000E+01  0.14400000E+01  0.68628056E-02
  0.16600000E+01  0.14600000E+01  0.70299180E-02
  0.16600000E+01  0.14800000E+01  0.71966489E-02
  0.16600000E+01  0.15000000E+01  0.73576352E-02
  0.16600000E+01  0.15200000E+01  0.75068953E-02
  0.16600000E+01  0.15400000E+01  0.76381881E-02
  0.16600000E+01  0.15600000E+01  0.77455296E-02
  0.16600000E+01  0.15800000E+01  0.78238837E-02
  0.16600000E+01  0.16000000E+01  0.78700313E-02
  0.16600000E+01  0.16200000E+01  0.78836014E-02
  0.16600000E+01  0.16400000E+01  0.78682053E-02
  0.16600000E+01  0.16600000E+01  0.78325413E-02
  0.16600000E+01  0.16800000E+01  0.77912111E-02
  0.16600000E+01  0.17000000E+01  0.77647325E-02
  0.16600000E+01  0.17200000E+01  0.77777048E-02
  0.16600000E+01  0.17400000E+01  0.78527244E-02
  0.16600000E+01  0.17600000E+01  0.79929235E-02
  0.16600000E+01  0.17800000E+01  0.81134039E-02
  0.16600000E+01  0.18000000E+01  0.80171065E-02
  0.16600000E+01  0.18200000E+01  0.81648490E-02
  0.16600000E+01  0.18400000E+01  0.83109378E-02
  0.16600000E+01  0.18600000E+01  0.84541419E-02
  0.16600000E+01  0.18800000E+01  0.85931010E-02
  0.16600000E+01  0.19000000E+01  0.87263486E-02
  0.16600000E+01  0.19200000E+01  0.88523454E-02
  0.16600000E+01  0.19400000E+01  0.89695249E-02
  0.16600000E+01  0.19600000E+01  0.90763516E-02
  0.16600000E+01  0.19800000E+01  0.91713925E-02
  0.16600000E+01  0.20000000E+01  0.92534021E-02
  0.16800000E+01  0.00000000E+00  0.10497509E-02
  0.16800000E+01  0.20000000E-01  0.11681295E-02
  0.16800000E+01  0.39999999E-01  0.12884984E-02
  0.16800000E+01  0.59999999E-01  0.14103139E-02
  0.16800000E+01  0.79999998E-01  0.15330777E-02
  0.16800000E+01  0.99999998E-01  0.16563209E-02
  0.16800000E+01  0.12000000E+00  0.17795857E-02
  0.16800000E+01  0.14000000E+00  0.19024064E-02
  0.16800000E+01  0.16000000E+00  0.20242929E-02
  0.16800000E+01  0.18000000E+00  0.21447166E-02
  0.16800000E+01  0.20000000E+00  0.22631056E-02
  0.16800000E+01  0.22000000E+00  0.23788480E-02
  0.16800000E+01  0.23999999E+00  0.24913114E-02
  0.16800000E+01  0.25999999E+00  0.25998788E-02
  0.16800000E+01  0.27999999E+00  0.27040077E-02
  0.16800000E+01  0.29999999E+00  0.28033132E-02
  0.16800000E+01  0.31999999E+00  0.28976785E-02
  0.16800000E+01  0.33999999E+00  0.29873902E-02
  0.16800000E+01  0.35999999E+00  0.30732944E-02
  0.16800000E+01  0.37999999E+00  0.31569577E-02
  0.16800000E+01  0.39999999E+00  0.32408076E-02
  0.16800000E+01  0.41999999E+00  0.33281987E-02
  0.16800000E+01  0.43999999E+00  0.34233125E-02
  0.16800000E+01  0.45999999E+00  0.35307112E-02
  0.16800000E+01  0.47999999E+00  0.36541861E-02
  0.16800000E+01  0.49999999E+00  0.37940645E-02
  0.16800000E+01  0.51999999E+00  0.39405509E-02
  0.16800000E+01  0.53999999E+00  0.40520959E-02
  0.16800000E+01  0.55999999E+00  0.38536357E-02
  0.16800000E+01  0.57999999E+00  0.39962356E-02
  0.16800000E+01  0.59999999E+00  0.41363038E-02
  0.16800000E+01  0.61999999E+00  0.42724749E-02
  0.16800000E+01  0.63999999E+00  0.44033937E-02
  0.16800000E+01  0.65999999E+00  0.45277876E-02
  0.16800000E+01  0.67999998E+00  0.46445491E-02
  0.16800000E+01  0.69999998E+00  0.47528244E-02
  0.16800000E+01  0.71999998E+00  0.48521051E-02
  0.16800000E+01  0.73999998E+00  0.49423182E-02
  0.16800000E+01  0.75999998E+00  0.50239065E-02
  0.16800000E+01  0.77999998E+00  0.50978925E-02
  0.16800000E+01  0.79999998E+00  0.51659140E-02
  0.16800000E+01  0.81999998E+00  0.52302206E-02
  0.16800000E+01  0.83999998E+00  0.52936158E-02
  0.16800000E+01  0.85999998E+00  0.53593300E-02
  0.16800000E+01  0.87999998E+00  0.54308079E-02
  0.16800000E+01  0.89999998E+00  0.55113933E-02
  0.16800000E+01  0.91999998E+00  0.56038984E-02
  0.16800000E+01  0.93999998E+00  0.57100474E-02
  0.16800000E+01  0.95999998E+00  0.58297946E-02
  0.16800000E+01  0.97999998E+00  0.59605338E-02
  0.16800000E+01  0.99999998E+00  0.60962443E-02
  0.16800000E+01  0.10200000E+01  0.62266657E-02
  0.16800000E+01  0.10400000E+01  0.63366724E-02
  0.16800000E+01  0.10600000E+01  0.64061615E-02
  0.16800000E+01  0.10800000E+01  0.64110290E-02
  0.16800000E+01  0.11000000E+01  0.63263569E-02
  0.16800000E+01  0.11200000E+01  0.61342936E-02
  0.16800000E+01  0.11400000E+01  0.58436160E-02
  0.16800000E+01  0.11600000E+01  0.55574084E-02
  0.16800000E+01  0.11800000E+01  0.55893834E-02
  0.16800000E+01  0.12000000E+01  0.56460834E-02
  0.16800000E+01  0.12200000E+01  0.57064124E-02
  0.16800000E+01  0.12400000E+01  0.57722704E-02
  0.16800000E+01  0.12600000E+01  0.58455437E-02
  0.16800000E+01  0.12800000E+01  0.59280046E-02
  0.16800000E+01  0.13000000E+01  0.60211958E-02
  0.16800000E+01  0.13200000E+01  0.61263018E-02
  0.16800000E+01  0.13400000E+01  0.62440123E-02
  0.16800000E+01  0.13600000E+01  0.63743826E-02
  0.16800000E+01  0.13800000E+01  0.65166994E-02
  0.16800000E+01  0.14000000E+01  0.66693642E-02
  0.16800000E+01  0.14200000E+01  0.68298060E-02
  0.16800000E+01  0.14400000E+01  0.69944415E-02
  0.16800000E+01  0.14600000E+01  0.71587015E-02
  0.16800000E+01  0.14800000E+01  0.73171475E-02
  0.16800000E+01  0.15000000E+01  0.74637009E-02
  0.16800000E+01  0.15200000E+01  0.75920119E-02
  0.16800000E+01  0.15400000E+01  0.76959918E-02
  0.16800000E+01  0.15600000E+01  0.77705246E-02
  0.16800000E+01  0.15800000E+01  0.78123653E-02
  0.16800000E+01  0.16000000E+01  0.78212057E-02
  0.16800000E+01  0.16200000E+01  0.78008447E-02
  0.16800000E+01  0.16400000E+01  0.77603284E-02
  0.16800000E+01  0.16600000E+01  0.77147845E-02
  0.16800000E+01  0.16800000E+01  0.76854126E-02
  0.16800000E+01  0.17000000E+01  0.76975329E-02
  0.16800000E+01  0.17200000E+01  0.77741602E-02
  0.16800000E+01  0.17400000E+01  0.79175677E-02
  0.16800000E+01  0.17600000E+01  0.80365910E-02
  0.16800000E+01  0.17800000E+01  0.79242904E-02
  0.16800000E+01  0.18000000E+01  0.80753624E-02
  0.16800000E+01  0.18200000E+01  0.82251281E-02
  0.16800000E+01  0.18400000E+01  0.83722389E-02
  0.16800000E+01  0.18600000E+01  0.85152037E-02
  0.16800000E+01  0.18800000E+01  0.86524171E-02
  0.16800000E+01  0.19000000E+01  0.87821984E-02
  0.16800000E+01  0.19200000E+01  0.89028448E-02
  0.16800000E+01  0.19400000E+01  0.90126976E-02
  0.16800000E+01  0.19600000E+01  0.91102229E-02
  0.16800000E+01  0.19800000E+01  0.91941052E-02
  0.16800000E+01  0.20000000E+01  0.92633533E-02
  0.17000000E+01  0.00000000E+00  0.11038771E-02
  0.17000000E+01  0.20000000E-01  0.12207645E-02
  0.17000000E+01  0.39999999E-01  0.13393637E-02
  0.17000000E+01  0.59999999E-01  0.14591042E-02
  0.17000000E+01  0.79999998E-01  0.15794578E-02
  0.17000000E+01  0.99999998E-01  0.16999243E-02
  0.17000000E+01  0.12000000E+00  0.18200171E-02
  0.17000000E+01  0.14000000E+00  0.19392488E-02
  0.17000000E+01  0.16000000E+00  0.20571201E-02
  0.17000000E+01  0.18000000E+00  0.21731143E-02
  0.17000000E+01  0.20000000E+00  0.22866997E-02
  0.17000000E+01  0.22000000E+00  0.23973448E-02
  0.17000000E+01  0.23999999E+00  0.25045473E-02
  0.17000000E+01  0.25999999E+00  0.26078838E-02
  0.17000000E+01  0.27999999E+00  0.27070788E-02
  0.17000000E+01  0.29999999E+00  0.28020985E-02
  0.17000000E+01  0.31999999E+00  0.28932659E-02
  0.17000000E+01  0.33999999E+00  0.29813929E-02
  0.17000000E+01  0.35999999E+00  0.30679175E-02
  0.17000000E+01  0.37999999E+00  0.31550197E-02
  0.17000000E+01  0.39999999E+00  0.32456716E-02
  0.17000000E+01  0.41999999E+00  0.33435341E-02
  0.17000000E+01  0.43999999E+00  0.34525392E-02
  0.17000000E+01  0.45999999E+00  0.35758264E-02
  0.17000000E+01  0.47999999E+00  0.37132657E-02
  0.17000000E+01  0.49999999E+00  0.38553180E-02
  0.17000000E+01  0.51999999E+00  0.39629776E-02
  0.17000000E+01  0.53999999E+00  0.37789134E-02
  0.17000000E+01  0.55999999E+00  0.39208000E-02
  0.17000000E+01  0.57999999E+00  0.40604067E-02
  0.17000000E+01  0.59999999E+00  0.41964254E-02
  0.17000000E+01  0.61999999E+00  0.43275500E-02
  0.17000000E+01  0.63999999E+00  0.44525469E-02
  0.17000000E+01  0.65999999E+00  0.45703345E-02
  0.17000000E+01  0.67999998E+00  0.46800708E-02
  0.17000000E+01  0.69999998E+00  0.47812434E-02
  0.17000000E+01  0.71999998E+00  0.48737589E-02
  0.17000000E+01  0.73999998E+00  0.49580233E-02
  0.17000000E+01  0.75999998E+00  0.50350064E-02
  0.17000000E+01  0.77999998E+00  0.51062799E-02
  0.17000000E+01  0.79999998E+00  0.51740156E-02
  0.17000000E+01  0.81999998E+00  0.52409322E-02
  0.17000000E+01  0.83999998E+00  0.53101723E-02
  0.17000000E+01  0.85999998E+00  0.53850961E-02
  0.17000000E+01  0.87999998E+00  0.54689727E-02
  0.17000000E+01  0.89999998E+00  0.55645564E-02
  0.17000000E+01  0.91999998E+00  0.56735371E-02
  0.17000000E+01  0.93999998E+00  0.57958653E-02
  0.17000000E+01  0.95999998E+00  0.59289672E-02
  0.17000000E+01  0.97999998E+00  0.60668931E-02
  0.17000000E+01  0.99999998E+00  0.61994919E-02
  0.17000000E+01  0.10200000E+01  0.63117791E-02
  0.17000000E+01  0.10400000E+01  0.63838111E-02
  0.17000000E+01  0.10600000E+01  0.63916345E-02
  0.17000000E+01  0.10800000E+01  0.63104304E-02
  0.17000000E+01  0.11000000E+01  0.61223193E-02
  0.17000000E+01  0.11200000E+01  0.58357779E-02
  0.17000000E+01  0.11400000E+01  0.55528733E-02
  0.17000000E+01  0.11600000E+01  0.55847869E-02
  0.17000000E+01  0.11800000E+01  0.56407416E-02
  0.17000000E+01  0.12000000E+01  0.56999336E-02
  0.17000000E+01  0.12200000E+01  0.57642934E-02
  0.17000000E+01  0.12400000E+01  0.58357485E-02
  0.17000000E+01  0.12600000E+01  0.59161219E-02
  0.17000000E+01  0.12800000E+01  0.60070136E-02
  0.17000000E+01  0.13000000E+01  0.61096687E-02
  0.17000000E+01  0.13200000E+01  0.62248370E-02
  0.17000000E+01  0.13400000E+01  0.63526285E-02
  0.17000000E+01  0.13600000E+01  0.64923744E-02
  0.17000000E+01  0.13800000E+01  0.66425055E-02
  0.17000000E+01  0.14000000E+01  0.68004599E-02
  0.17000000E+01  0.14200000E+01  0.69626398E-02
  0.17000000E+01  0.14400000E+01  0.71244361E-02
  0.17000000E+01  0.14600000E+01  0.72803448E-02
  0.17000000E+01  0.14800000E+01  0.74242005E-02
  0.17000000E+01  0.15000000E+01  0.75495540E-02
  0.17000000E+01  0.15200000E+01  0.76502178E-02
  0.17000000E+01  0.15400000E+01  0.77209983E-02
  0.17000000E+01  0.15600000E+01  0.77586209E-02
  0.17000000E+01  0.15800000E+01  0.77628273E-02
  0.17000000E+01  0.16000000E+01  0.77375828E-02
  0.17000000E+01  0.16200000E+01  0.76922489E-02
  0.17000000E+01  0.16400000E+01  0.76424371E-02
  0.17000000E+01  0.16600000E+01  0.76099801E-02
  0.17000000E+01  0.16800000E+01  0.76208716E-02
  0.17000000E+01  0.17000000E+01  0.76985198E-02
  0.17000000E+01  0.17200000E+01  0.78443845E-02
  0.17000000E+01  0.17400000E+01  0.79613310E-02
  0.17000000E+01  0.17600000E+01  0.78331959E-02
  0.17000000E+01  0.17800000E+01  0.79872623E-02
  0.17000000E+01  0.18000000E+01  0.81404025E-02
  0.17000000E+01  0.18200000E+01  0.82911576E-02
  0.17000000E+01  0.18400000E+01  0.84379123E-02
  0.17000000E+01  0.18600000E+01  0.85789272E-02
  0.17000000E+01  0.18800000E+01  0.87123843E-02
  0.17000000E+01  0.19000000E+01  0.88364462E-02
  0.17000000E+01  0.19200000E+01  0.89493314E-02
  0.17000000E+01  0.19400000E+01  0.90494032E-02
  0.17000000E+01  0.19600000E+01  0.91352733E-02
  0.17000000E+01  0.19800000E+01  0.92059159E-02
  0.17000000E+01  0.20000000E+01  0.92607900E-02
  0.17200000E+01  0.00000000E+00  0.11580784E-02
  0.17200000E+01  0.20000000E-01  0.12728345E-02
  0.17200000E+01  0.39999999E-01  0.13889883E-02
  0.17200000E+01  0.59999999E-01  0.15059527E-02
  0.17200000E+01  0.79999998E-01  0.16231836E-02
  0.17200000E+01  0.99999998E-01  0.17401699E-02
  0.17200000E+01  0.12000000E+00  0.18564224E-02
  0.17200000E+01  0.14000000E+00  0.19714652E-02
  0.17200000E+01  0.16000000E+00  0.20848308E-02
  0.17200000E+01  0.18000000E+00  0.21960611E-02
  0.17200000E+01  0.20000000E+00  0.23047195E-02
  0.17200000E+01  0.22000000E+00  0.24104133E-02
  0.17200000E+01  0.23999999E+00  0.25128334E-02
  0.17200000E+01  0.25999999E+00  0.26118105E-02
  0.17200000E+01  0.27999999E+00  0.27073915E-02
  0.17200000E+01  0.29999999E+00  0.27999341E-02
  0.17200000E+01  0.31999999E+00  0.28902146E-02
  0.17200000E+01  0.33999999E+00  0.29795396E-02
  0.17200000E+01  0.35999999E+00  0.30698380E-02
  0.17200000E+01  0.37999999E+00  0.31636912E-02
  0.17200000E+01  0.39999999E+00  0.32642268E-02
  0.17200000E+01  0.41999999E+00  0.33747270E-02
  0.17200000E+01  0.43999999E+00  0.34976536E-02
  0.17200000E+01  0.45999999E+00  0.36323875E-02
  0.17200000E+01  0.47999999E+00  0.37696179E-02
  0.17200000E+01  0.49999999E+00  0.38728789E-02
  0.17200000E+01  0.51999999E+00  0.37026736E-02
  0.17200000E+01  0.53999999E+00  0.38436975E-02
  0.17200000E+01  0.55999999E+00  0.39826656E-02
  0.17200000E+01  0.57999999E+00  0.41183316E-02
  0.17200000E+01  0.59999999E+00  0.42494439E-02
  0.17200000E+01  0.61999999E+00  0.43748136E-02
  0.17200000E+01  0.63999999E+00  0.44933917E-02
  0.17200000E+01  0.65999999E+00  0.46043545E-02
  0.17200000E+01  0.67999998E+00  0.47071923E-02
  0.17200000E+01  0.69999998E+00  0.48017971E-02
  0.17200000E+01  0.71999998E+00  0.48885433E-02
  0.17200000E+01  0.73999998E+00  0.49683521E-02
  0.17200000E+01  0.75999998E+00  0.50427310E-02
  0.17200000E+01  0.77999998E+00  0.51137751E-02
  0.17200000E+01  0.79999998E+00  0.51841167E-02
  0.17200000E+01  0.81999998E+00  0.52568081E-02
  0.17200000E+01  0.83999998E+00  0.53351204E-02
  0.17200000E+01  0.85999998E+00  0.54222427E-02
  0.17200000E+01  0.87999998E+00  0.55208657E-02
  0.17200000E+01  0.89999998E+00  0.56326411E-02
  0.17200000E+01  0.91999998E+00  0.57575144E-02
  0.17200000E+01  0.93999998E+00  0.58929469E-02
  0.17200000E+01  0.95999998E+00  0.60330706E-02
  0.17200000E+01  0.97999998E+00  0.61678626E-02
  0.17200000E+01  0.99999998E+00  0.62825104E-02
  0.17200000E+01  0.10200000E+01  0.63572714E-02
  0.17200000E+01  0.10400000E+01  0.63683963E-02
  0.17200000E+01  0.10600000E+01  0.62912222E-02
  0.17200000E+01  0.10800000E+01  0.61078871E-02
  0.17200000E+01  0.11000000E+01  0.58265584E-02
  0.17200000E+01  0.11200000E+01  0.55480916E-02
  0.17200000E+01  0.11400000E+01  0.55803945E-02
  0.17200000E+01  0.11600000E+01  0.56359731E-02
  0.17200000E+01  0.11800000E+01  0.56943958E-02
  0.17200000E+01  0.12000000E+01  0.57576158E-02
  0.17200000E+01  0.12200000E+01  0.58275945E-02
  0.17200000E+01  0.12400000E+01  0.59061985E-02
  0.17200000E+01  0.12600000E+01  0.59950788E-02
  0.17200000E+01  0.12800000E+01  0.60955366E-02
  0.17200000E+01  0.13000000E+01  0.62083784E-02
  0.17200000E+01  0.13200000E+01  0.63337675E-02
  0.17200000E+01  0.13400000E+01  0.64710806E-02
  0.17200000E+01  0.13600000E+01  0.66187806E-02
  0.17200000E+01  0.13800000E+01  0.67743200E-02
  0.17200000E+01  0.14000000E+01  0.69340940E-02
  0.17200000E+01  0.14200000E+01  0.70934623E-02
  0.17200000E+01  0.14400000E+01  0.72468655E-02
  0.17200000E+01  0.14600000E+01  0.73880616E-02
  0.17200000E+01  0.14800000E+01  0.75105112E-02
  0.17200000E+01  0.15000000E+01  0.76079348E-02
  0.17200000E+01  0.15200000E+01  0.76750639E-02
  0.17200000E+01  0.15400000E+01  0.77085905E-02
  0.17200000E+01  0.15600000E+01  0.77082952E-02
  0.17200000E+01  0.15800000E+01  0.76782883E-02
  0.17200000E+01  0.16000000E+01  0.76282152E-02
  0.17200000E+01  0.16200000E+01  0.75741291E-02
  0.17200000E+01  0.16400000E+01  0.75384467E-02
  0.17200000E+01  0.16600000E+01  0.75477880E-02
  0.17200000E+01  0.16800000E+01  0.76259299E-02
  0.17200000E+01  0.17000000E+01  0.77735682E-02
  0.17200000E+01  0.17200000E+01  0.78879173E-02
  0.17200000E+01  0.17400000E+01  0.77442421E-02
  0.17200000E+01  0.17600000E+01  0.79009566E-02
  0.17200000E+01  0.17800000E+01  0.80571523E-02
  0.17200000E+01  0.18000000E+01  0.82112679E-02
  0.17200000E+01  0.18200000E+01  0.83615708E-02
  0.17200000E+01  0.18400000E+01  0.85061936E-02
  0.17200000E+01  0.18600000E+01  0.86431848E-02
  0.17200000E+01  0.18800000E+01  0.87705758E-02
  0.17200000E+01  0.19000000E+01  0.88864631E-02
  0.17200000E+01  0.19200000E+01  0.89891067E-02
  0.17200000E+01  0.19400000E+01  0.90770422E-02
  0.17200000E+01  0.19600000E+01  0.91492053E-02
  0.17200000E+01  0.19800000E+01  0.92050610E-02
  0.17200000E+01  0.20000000E+01  0.92447333E-02
  0.17400000E+01  0.00000000E+00  0.12115268E-02
  0.17400000E+01  0.20000000E-01  0.13234683E-02
  0.17400000E+01  0.39999999E-01  0.14364801E-02
  0.17400000E+01  0.59999999E-01  0.15499745E-02
  0.17400000E+01  0.79999998E-01  0.16634138E-02
  0.17400000E+01  0.99999998E-01  0.17763038E-02
  0.17400000E+01  0.12000000E+00  0.18881871E-02
  0.17400000E+01  0.14000000E+00  0.19986396E-02
  0.17400000E+01  0.16000000E+00  0.21072716E-02
  0.17400000E+01  0.18000000E+00  0.22137350E-02
  0.17400000E+01  0.20000000E+00  0.23177415E-02
  0.17400000E+01  0.22000000E+00  0.24190918E-02
  0.17400000E+01  0.23999999E+00  0.25177191E-02
  0.17400000E+01  0.25999999E+00  0.26137483E-02
  0.17400000E+01  0.27999999E+00  0.27075694E-02
  0.17400000E+01  0.29999999E+00  0.27999214E-02
  0.17400000E+01  0.31999999E+00  0.28919774E-02
  0.17400000E+01  0.33999999E+00  0.29854100E-02
  0.17400000E+01  0.35999999E+00  0.30824029E-02
  0.17400000E+01  0.37999999E+00  0.31855377E-02
  0.17400000E+01  0.39999999E+00  0.32974282E-02
  0.17400000E+01  0.41999999E+00  0.34198322E-02
  0.17400000E+01  0.43999999E+00  0.35516102E-02
  0.17400000E+01  0.45999999E+00  0.36836487E-02
  0.17400000E+01  0.47999999E+00  0.37820088E-02
  0.17400000E+01  0.49999999E+00  0.36250715E-02
  0.17400000E+01  0.51999999E+00  0.37651056E-02
  0.17400000E+01  0.53999999E+00  0.39032796E-02
  0.17400000E+01  0.55999999E+00  0.40384122E-02
  0.17400000E+01  0.57999999E+00  0.41693111E-02
  0.17400000E+01  0.59999999E+00  0.42948374E-02
  0.17400000E+01  0.61999999E+00  0.44139807E-02
  0.17400000E+01  0.63999999E+00  0.45259421E-02
  0.17400000E+01  0.65999999E+00  0.46302205E-02
  0.17400000E+01  0.67999998E+00  0.47266995E-02
  0.17400000E+01  0.69999998E+00  0.48157270E-02
  0.17400000E+01  0.71999998E+00  0.48981796E-02
  0.17400000E+01  0.73999998E+00  0.49755036E-02
  0.17400000E+01  0.75999998E+00  0.50497181E-02
  0.17400000E+01  0.77999998E+00  0.51233684E-02
  0.17400000E+01  0.79999998E+00  0.51994138E-02
  0.17400000E+01  0.81999998E+00  0.52810327E-02
  0.17400000E+01  0.83999998E+00  0.53713288E-02
  0.17400000E+01  0.85999998E+00  0.54729244E-02
  0.17400000E+01  0.87999998E+00  0.55874284E-02
  0.17400000E+01  0.89999998E+00  0.57147795E-02
  0.17400000E+01  0.91999998E+00  0.58524775E-02
  0.17400000E+01  0.93999998E+00  0.59947447E-02
  0.17400000E+01  0.95999998E+00  0.61317054E-02
  0.17400000E+01  0.97999998E+00  0.62487479E-02
  0.17400000E+01  0.99999998E+00  0.63263723E-02
  0.17400000E+01  0.10200000E+01  0.63410851E-02
  0.17400000E+01  0.10400000E+01  0.62684369E-02
  0.17400000E+01  0.10600000E+01  0.60906289E-02
  0.17400000E+01  0.10800000E+01  0.58155146E-02
  0.17400000E+01  0.11000000E+01  0.55425467E-02
  0.17400000E+01  0.11200000E+01  0.55756561E-02
  0.17400000E+01  0.11400000E+01  0.56312120E-02
  0.17400000E+01  0.11600000E+01  0.56892219E-02
  0.17400000E+01  0.11800000E+01  0.57516542E-02
  0.17400000E+01  0.12000000E+01  0.58204966E-02
  0.17400000E+01  0.12200000E+01  0.58976521E-02
  0.17400000E+01  0.12400000E+01  0.59848167E-02
  0.17400000E+01  0.12600000E+01  0.60833422E-02
  0.17400000E+01  0.12800000E+01  0.61940883E-02
  0.17400000E+01  0.13000000E+01  0.63172700E-02
  0.17400000E+01  0.13200000E+01  0.64523094E-02
  0.17400000E+01  0.13400000E+01  0.65977039E-02
  0.17400000E+01  0.13600000E+01  0.67509255E-02
  0.17400000E+01  0.13800000E+01  0.69083688E-02
  0.17400000E+01  0.14000000E+01  0.70653711E-02
  0.17400000E+01  0.14200000E+01  0.72163274E-02
  0.17400000E+01  0.14400000E+01  0.73549294E-02
  0.17400000E+01  0.14600000E+01  0.74745565E-02
  0.17400000E+01  0.14800000E+01  0.75688445E-02
  0.17400000E+01  0.15000000E+01  0.76324532E-02
  0.17400000E+01  0.15200000E+01  0.76620384E-02
  0.17400000E+01  0.15400000E+01  0.76574089E-02
  0.17400000E+01  0.15600000E+01  0.76227996E-02
  0.17400000E+01  0.15800000E+01  0.75681084E-02
  0.17400000E+01  0.16000000E+01  0.75097886E-02
  0.17400000E+01  0.16200000E+01  0.74707917E-02
  0.17400000E+01  0.16400000E+01  0.74783168E-02
  0.17400000E+01  0.16600000E+01  0.75564845E-02
  0.17400000E+01  0.16800000E+01  0.77052797E-02
  0.17400000E+01  0.17000000E+01  0.78166045E-02
  0.17400000E+01  0.17200000E+01  0.76577992E-02
  0.17400000E+01  0.17400000E+01  0.78168084E-02
  0.17400000E+01  0.17600000E+01  0.79757283E-02
  0.17400000E+01  0.17800000E+01  0.81329034E-02
  0.17400000E+01  0.18000000E+01  0.82864909E-02
  0.17400000E+01  0.18200000E+01  0.84345018E-02
  0.17400000E+01  0.18400000E+01  0.85748564E-02
  0.17400000E+01  0.18600000E+01  0.87054582E-02
  0.17400000E+01  0.18800000E+01  0.88242836E-02
  0.17400000E+01  0.19000000E+01  0.89294889E-02
  0.17400000E+01  0.19200000E+01  0.90195321E-02
  0.17400000E+01  0.19400000E+01  0.90933061E-02
  0.17400000E+01  0.19600000E+01  0.91502766E-02
  0.17400000E+01  0.19800000E+01  0.91906185E-02
  0.17400000E+01  0.20000000E+01  0.92153377E-02
  0.17600000E+01  0.00000000E+00  0.12633296E-02
  0.17600000E+01  0.20000000E-01  0.13717633E-02
  0.17600000E+01  0.39999999E-01  0.14809569E-02
  0.17600000E+01  0.59999999E-01  0.15903461E-02
  0.17600000E+01  0.79999998E-01  0.16994292E-02
  0.17600000E+01  0.99999998E-01  0.18077640E-02
  0.17600000E+01  0.12000000E+00  0.19149655E-02
  0.17600000E+01  0.14000000E+00  0.20207064E-02
  0.17600000E+01  0.16000000E+00  0.21247224E-02
  0.17600000E+01  0.18000000E+00  0.22268241E-02
  0.17600000E+01  0.20000000E+00  0.23269173E-02
  0.17600000E+01  0.22000000E+00  0.24250338E-02
  0.17600000E+01  0.23999999E+00  0.25213734E-02
  0.17600000E+01  0.25999999E+00  0.26163563E-02
  0.17600000E+01  0.27999999E+00  0.27106817E-02
  0.17600000E+01  0.29999999E+00  0.28053862E-02
  0.17600000E+01  0.31999999E+00  0.29018824E-02
  0.17600000E+01  0.33999999E+00  0.30019483E-02
  0.17600000E+01  0.35999999E+00  0.31076078E-02
  0.17600000E+01  0.37999999E+00  0.32207875E-02
  0.17600000E+01  0.39999999E+00  0.33425163E-02
  0.17600000E+01  0.41999999E+00  0.34711023E-02
  0.17600000E+01  0.43999999E+00  0.35975963E-02
  0.17600000E+01  0.45999999E+00  0.36905651E-02
  0.17600000E+01  0.47999999E+00  0.35462575E-02
  0.17600000E+01  0.49999999E+00  0.36851969E-02
  0.17600000E+01  0.51999999E+00  0.38224427E-02
  0.17600000E+01  0.53999999E+00  0.39568818E-02
  0.17600000E+01  0.55999999E+00  0.40873847E-02
  0.17600000E+01  0.57999999E+00  0.42128672E-02
  0.17600000E+01  0.59999999E+00  0.43323632E-02
  0.17600000E+01  0.61999999E+00  0.44451042E-02
  0.17600000E+01  0.63999999E+00  0.45506040E-02
  0.17600000E+01  0.65999999E+00  0.46487435E-02
  0.17600000E+01  0.67999998E+00  0.47398490E-02
  0.17600000E+01  0.69999998E+00  0.48247571E-02
  0.17600000E+01  0.71999998E+00  0.49048555E-02
  0.17600000E+01  0.73999998E+00  0.49820887E-02
  0.17600000E+01  0.75999998E+00  0.50589148E-02
  0.17600000E+01  0.77999998E+00  0.51381980E-02
  0.17600000E+01  0.79999998E+00  0.52230200E-02
  0.17600000E+01  0.81999998E+00  0.53163949E-02
  0.17600000E+01  0.83999998E+00  0.54208711E-02
  0.17600000E+01  0.85999998E+00  0.55380109E-02
  0.17600000E+01  0.87999998E+00  0.56677441E-02
  0.17600000E+01  0.89999998E+00  0.58076109E-02
  0.17600000E+01  0.91999998E+00  0.59519330E-02
  0.17600000E+01  0.93999998E+00  0.60909987E-02
  0.17600000E+01  0.95999998E+00  0.62104253E-02
  0.17600000E+01  0.97999998E+00  0.62909958E-02
  0.17600000E+01  0.99999998E+00  0.63095239E-02
  0.17600000E+01  0.10200000E+01  0.62418300E-02
  0.17600000E+01  0.10400000E+01  0.60702261E-02
  0.17600000E+01  0.10600000E+01  0.58022488E-02
  0.17600000E+01  0.10800000E+01  0.55357607E-02
  0.17600000E+01  0.11000000E+01  0.55700554E-02
  0.17600000E+01  0.11200000E+01  0.56259230E-02
  0.17600000E+01  0.11400000E+01  0.56838622E-02
  0.17600000E+01  0.11600000E+01  0.57458488E-02
  0.17600000E+01  0.11800000E+01  0.58138895E-02
  0.17600000E+01  0.12000000E+01  0.58899166E-02
  0.17600000E+01  0.12200000E+01  0.59756646E-02
  0.17600000E+01  0.12400000E+01  0.60725307E-02
  0.17600000E+01  0.12600000E+01  0.61814235E-02
  0.17600000E+01  0.12800000E+01  0.63026074E-02
  0.17600000E+01  0.13000000E+01  0.64355497E-02
  0.17600000E+01  0.13200000E+01  0.65787844E-02
  0.17600000E+01  0.13400000E+01  0.67298069E-02
  0.17600000E+01  0.13600000E+01  0.68850179E-02
  0.17600000E+01  0.13800000E+01  0.70397401E-02
  0.17600000E+01  0.14000000E+01  0.71883327E-02
  0.17600000E+01  0.14200000E+01  0.73244311E-02
  0.17600000E+01  0.14400000E+01  0.74413432E-02
  0.17600000E+01  0.14600000E+01  0.75326274E-02
  0.17600000E+01  0.14800000E+01  0.75928752E-02
  0.17600000E+01  0.15000000E+01  0.76187042E-02
  0.17600000E+01  0.15200000E+01  0.76099414E-02
  0.17600000E+01  0.15400000E+01  0.75709269E-02
  0.17600000E+01  0.15600000E+01  0.75117802E-02
  0.17600000E+01  0.15800000E+01  0.74493132E-02
  0.17600000E+01  0.16000000E+01  0.74069633E-02
  0.17600000E+01  0.16200000E+01  0.74124606E-02
  0.17600000E+01  0.16400000E+01  0.74902452E-02
  0.17600000E+01  0.16600000E+01  0.76396455E-02
  0.17600000E+01  0.16800000E+01  0.77476075E-02
  0.17600000E+01  0.17000000E+01  0.75741873E-02
  0.17600000E+01  0.17200000E+01  0.77351350E-02
  0.17600000E+01  0.17400000E+01  0.78964398E-02
  0.17600000E+01  0.17600000E+01  0.80563600E-02
  0.17600000E+01  0.17800000E+01  0.82129507E-02
  0.17600000E+01  0.18000000E+01  0.83641079E-02
  0.17600000E+01  0.18200000E+01  0.85076294E-02
  0.17600000E+01  0.18400000E+01  0.86412950E-02
  0.17600000E+01  0.18600000E+01  0.87629633E-02
  0.17600000E+01  0.18800000E+01  0.88706878E-02
  0.17600000E+01  0.19000000E+01  0.89628475E-02
  0.17600000E+01  0.19200000E+01  0.90382890E-02
  0.17600000E+01  0.19400000E+01  0.90964738E-02
  0.17600000E+01  0.19600000E+01  0.91376211E-02
  0.17600000E+01  0.19800000E+01  0.91628335E-02
  0.17600000E+01  0.20000000E+01  0.91741902E-02
  0.17800000E+01  0.00000000E+00  0.13125719E-02
  0.17800000E+01  0.20000000E-01  0.14168384E-02
  0.17800000E+01  0.39999999E-01  0.15216114E-02
  0.17800000E+01  0.59999999E-01  0.16263815E-02
  0.17800000E+01  0.79999998E-01  0.17307191E-02
  0.17800000E+01  0.99999998E-01  0.18342747E-02
  0.17800000E+01  0.12000000E+00  0.19367794E-02
  0.17800000E+01  0.14000000E+00  0.20380474E-02
  0.17800000E+01  0.16000000E+00  0.21379835E-02
  0.17800000E+01  0.18000000E+00  0.22365940E-02
  0.17800000E+01  0.20000000E+00  0.23340053E-02
  0.17800000E+01  0.22000000E+00  0.24304890E-02
  0.17800000E+01  0.23999999E+00  0.25264924E-02
  0.17800000E+01  0.25999999E+00  0.26226728E-02
  0.17800000E+01  0.27999999E+00  0.27199274E-02
  0.17800000E+01  0.29999999E+00  0.28194040E-02
  0.17800000E+01  0.31999999E+00  0.29224682E-02
  0.17800000E+01  0.33999999E+00  0.30305739E-02
  0.17800000E+01  0.35999999E+00  0.31449434E-02
  0.17800000E+01  0.37999999E+00  0.32658514E-02
  0.17800000E+01  0.39999999E+00  0.33910220E-02
  0.17800000E+01  0.41999999E+00  0.35116352E-02
  0.17800000E+01  0.43999999E+00  0.35987345E-02
  0.17800000E+01  0.45999999E+00  0.34663764E-02
  0.17800000E+01  0.47999999E+00  0.36041375E-02
  0.17800000E+01  0.49999999E+00  0.37403427E-02
  0.17800000E+01  0.51999999E+00  0.38739489E-02
  0.17800000E+01  0.53999999E+00  0.40038925E-02
  0.17800000E+01  0.55999999E+00  0.41291483E-02
  0.17800000E+01  0.57999999E+00  0.42487992E-02
  0.17800000E+01  0.59999999E+00  0.43621125E-02
  0.17800000E+01  0.61999999E+00  0.44686227E-02
  0.17800000E+01  0.63999999E+00  0.45682132E-02
  0.17800000E+01  0.65999999E+00  0.46611942E-02
  0.17800000E+01  0.67999998E+00  0.47483661E-02
  0.17800000E+01  0.69999998E+00  0.48310613E-02
  0.17800000E+01  0.71999998E+00  0.49111515E-02
  0.17800000E+01  0.73999998E+00  0.49910073E-02
  0.17800000E+01  0.75999998E+00  0.50733961E-02
  0.17800000E+01  0.77999998E+00  0.51612998E-02
  0.17800000E+01  0.79999998E+00  0.52576382E-02
  0.17800000E+01  0.81999998E+00  0.53648813E-02
  0.17800000E+01  0.83999998E+00  0.54845399E-02
  0.17800000E+01  0.85999998E+00  0.56165332E-02
  0.17800000E+01  0.87999998E+00  0.57584432E-02
  0.17800000E+01  0.89999998E+00  0.59046987E-02
  0.17800000E+01  0.91999998E+00  0.60457686E-02
  0.17800000E+01  0.93999998E+00  0.61675257E-02
  0.17800000E+01  0.95999998E+00  0.62510749E-02
  0.17800000E+01  0.97999998E+00  0.62735867E-02
  0.17800000E+01  0.99999998E+00  0.62112084E-02
  0.17800000E+01  0.10200000E+01  0.60464097E-02
  0.17800000E+01  0.10400000E+01  0.57864104E-02
  0.17800000E+01  0.10600000E+01  0.55272974E-02
  0.17800000E+01  0.10800000E+01  0.55631134E-02
  0.17800000E+01  0.11000000E+01  0.56196057E-02
  0.17800000E+01  0.11200000E+01  0.56777987E-02
  0.17800000E+01  0.11400000E+01  0.57396683E-02
  0.17800000E+01  0.11600000E+01  0.58072330E-02
  0.17800000E+01  0.11800000E+01  0.58824474E-02
  0.17800000E+01  0.12000000E+01  0.59670779E-02
  0.17800000E+01  0.12200000E+01  0.60625612E-02
  0.17800000E+01  0.12400000E+01  0.61698510E-02
  0.17800000E+01  0.12600000E+01  0.62892580E-02
  0.17800000E+01  0.12800000E+01  0.64202941E-02
  0.17800000E+01  0.13000000E+01  0.65615314E-02
  0.17800000E+01  0.13200000E+01  0.67104922E-02
  0.17800000E+01  0.13400000E+01  0.68635892E-02
  0.17800000E+01  0.13600000E+01  0.70161386E-02
  0.17800000E+01  0.13800000E+01  0.71624727E-02
  0.17800000E+01  0.14000000E+01  0.72961810E-02
  0.17800000E+01  0.14200000E+01  0.74105091E-02
  0.17800000E+01  0.14400000E+01  0.74989458E-02
  0.17800000E+01  0.14600000E+01  0.75560187E-02
  0.17800000E+01  0.14800000E+01  0.75783054E-02
  0.17800000E+01  0.15000000E+01  0.75656421E-02
  0.17800000E+01  0.15200000E+01  0.75224547E-02
  0.17800000E+01  0.15400000E+01  0.74590547E-02
  0.17800000E+01  0.15600000E+01  0.73925716E-02
  0.17800000E+01  0.15800000E+01  0.73468793E-02
  0.17800000E+01  0.16000000E+01  0.73501909E-02
  0.17800000E+01  0.16200000E+01  0.74272412E-02
  0.17800000E+01  0.16400000E+01  0.75767584E-02
  0.17800000E+01  0.16600000E+01  0.76811014E-02
  0.17800000E+01  0.16800000E+01  0.74936759E-02
  0.17800000E+01  0.17000000E+01  0.76562073E-02
  0.17800000E+01  0.17200000E+01  0.78195535E-02
  0.17800000E+01  0.17400000E+01  0.79818955E-02
  0.17800000E+01  0.17600000E+01  0.81411940E-02
  0.17800000E+01  0.17800000E+01  0.82952375E-02
  0.17800000E+01  0.18000000E+01  0.84417075E-02
  0.17800000E+01  0.18200000E+01  0.85782645E-02
  0.17800000E+01  0.18400000E+01  0.87026527E-02
  0.17800000E+01  0.18600000E+01  0.88128241E-02
  0.17800000E+01  0.18800000E+01  0.89070776E-02
  0.17800000E+01  0.19000000E+01  0.89842115E-02
  0.17800000E+01  0.19200000E+01  0.90436781E-02
  0.17800000E+01  0.19400000E+01  0.90857345E-02
  0.17800000E+01  0.19600000E+01  0.91115730E-02
  0.17800000E+01  0.19800000E+01  0.91234136E-02
  0.17800000E+01  0.20000000E+01  0.91245379E-02
  0.18000000E+01  0.00000000E+00  0.13583720E-02
  0.18000000E+01  0.20000000E-01  0.14579010E-02
  0.18000000E+01  0.39999999E-01  0.15577896E-02
  0.18000000E+01  0.59999999E-01  0.16576202E-02
  0.18000000E+01  0.79999998E-01  0.17570765E-02
  0.18000000E+01  0.99999998E-01  0.18559442E-02
  0.18000000E+01  0.12000000E+00  0.19541122E-02
  0.18000000E+01  0.14000000E+00  0.20515749E-02
  0.18000000E+01  0.16000000E+00  0.21484348E-02
  0.18000000E+01  0.18000000E+00  0.22449091E-02
  0.18000000E+01  0.20000000E+00  0.23413375E-02
  0.18000000E+01  0.22000000E+00  0.24381919E-02
  0.18000000E+01  0.23999999E+00  0.25360849E-02
  0.18000000E+01  0.25999999E+00  0.26357710E-02
  0.18000000E+01  0.27999999E+00  0.27381292E-02
  0.18000000E+01  0.29999999E+00  0.28441052E-02
  0.18000000E+01  0.31999999E+00  0.29545721E-02
  0.18000000E+01  0.33999999E+00  0.30700305E-02
  0.18000000E+01  0.35999999E+00  0.31899766E-02
  0.18000000E+01  0.37999999E+00  0.33115190E-02
  0.18000000E+01  0.39999999E+00  0.34259298E-02
  0.18000000E+01  0.41999999E+00  0.35066937E-02
  0.18000000E+01  0.43999999E+00  0.33855678E-02
  0.18000000E+01  0.45999999E+00  0.35220871E-02
  0.18000000E+01  0.47999999E+00  0.36571600E-02
  0.18000000E+01  0.49999999E+00  0.37898145E-02
  0.18000000E+01  0.51999999E+00  0.39190554E-02
  0.18000000E+01  0.53999999E+00  0.40439200E-02
  0.18000000E+01  0.55999999E+00  0.41635442E-02
  0.18000000E+01  0.57999999E+00  0.42772361E-02
  0.18000000E+01  0.59999999E+00  0.43845559E-02
  0.18000000E+01  0.61999999E+00  0.44853952E-02
  0.18000000E+01  0.63999999E+00  0.45800526E-02
  0.18000000E+01  0.65999999E+00  0.46692967E-02
  0.18000000E+01  0.67999998E+00  0.47544078E-02
  0.18000000E+01  0.69999998E+00  0.48371864E-02
  0.18000000E+01  0.71999998E+00  0.49199161E-02
  0.18000000E+01  0.73999998E+00  0.50052659E-02
  0.18000000E+01  0.75999998E+00  0.50961151E-02
  0.18000000E+01  0.77999998E+00  0.51952848E-02
  0.18000000E+01  0.79999998E+00  0.53051617E-02
  0.18000000E+01  0.81999998E+00  0.54272014E-02
  0.18000000E+01  0.83999998E+00  0.55613091E-02
  0.18000000E+01  0.85999998E+00  0.57051106E-02
  0.18000000E+01  0.87999998E+00  0.58531482E-02
  0.18000000E+01  0.89999998E+00  0.59960864E-02
  0.18000000E+01  0.91999998E+00  0.61200794E-02
  0.18000000E+01  0.93999998E+00  0.62065908E-02
  0.18000000E+01  0.95999998E+00  0.62331976E-02
  0.18000000E+01  0.97999998E+00  0.61764289E-02
  0.18000000E+01  0.99999998E+00  0.60189604E-02
  0.18000000E+01  0.10200000E+01  0.57676966E-02
  0.18000000E+01  0.10400000E+01  0.55167647E-02
  0.18000000E+01  0.10600000E+01  0.55543915E-02
  0.18000000E+01  0.10800000E+01  0.56117981E-02
  0.18000000E+01  0.11000000E+01  0.56705490E-02
  0.18000000E+01  0.11200000E+01  0.57326143E-02
  0.18000000E+01  0.11400000E+01  0.58000168E-02
  0.18000000E+01  0.11600000E+01  0.58747263E-02
  0.18000000E+01  0.11800000E+01  0.59585346E-02
  0.18000000E+01  0.12000000E+01  0.60529124E-02
  0.18000000E+01  0.12200000E+01  0.61588535E-02
  0.18000000E+01  0.12400000E+01  0.62767123E-02
  0.18000000E+01  0.12600000E+01  0.64060440E-02
  0.18000000E+01  0.12800000E+01  0.65454596E-02
  0.18000000E+01  0.13000000E+01  0.66925116E-02
  0.18000000E+01  0.13200000E+01  0.68436300E-02
  0.18000000E+01  0.13400000E+01  0.69941321E-02
  0.18000000E+01  0.13600000E+01  0.71383326E-02
  0.18000000E+01  0.13800000E+01  0.72697843E-02
  0.18000000E+01  0.14000000E+01  0.73816807E-02
  0.18000000E+01  0.14200000E+01  0.74674488E-02
  0.18000000E+01  0.14400000E+01  0.75215566E-02
  0.18000000E+01  0.14600000E+01  0.75405413E-02
  0.18000000E+01  0.14800000E+01  0.75242394E-02
  0.18000000E+01  0.15000000E+01  0.74771447E-02
  0.18000000E+01  0.15200000E+01  0.74097313E-02
  0.18000000E+01  0.15400000E+01  0.73394056E-02
  0.18000000E+01  0.15600000E+01  0.72904288E-02
  0.18000000E+01  0.15800000E+01  0.72914490E-02
  0.18000000E+01  0.16000000E+01  0.73674699E-02
  0.18000000E+01  0.16200000E+01  0.75166770E-02
  0.18000000E+01  0.16400000E+01  0.76172211E-02
  0.18000000E+01  0.16600000E+01  0.74164845E-02
  0.18000000E+01  0.16800000E+01  0.75802495E-02
  0.18000000E+01  0.17000000E+01  0.77452936E-02
  0.18000000E+01  0.17200000E+01  0.79097288E-02
  0.18000000E+01  0.17400000E+01  0.80714300E-02
  0.18000000E+01  0.17600000E+01  0.82280855E-02
  0.18000000E+01  0.17800000E+01  0.83772670E-02
  0.18000000E+01  0.18000000E+01  0.85165214E-02
  0.18000000E+01  0.18200000E+01  0.86434819E-02
  0.18000000E+01  0.18400000E+01  0.87560008E-02
  0.18000000E+01  0.18600000E+01  0.88522973E-02
  0.18000000E+01  0.18800000E+01  0.89311186E-02
  0.18000000E+01  0.19000000E+01  0.89919043E-02
  0.18000000E+01  0.19200000E+01  0.90349437E-02
  0.18000000E+01  0.19400000E+01  0.90615108E-02
  0.18000000E+01  0.19600000E+01  0.90739585E-02
  0.18000000E+01  0.19800000E+01  0.90757469E-02
  0.18000000E+01  0.20000000E+01  0.90713774E-02
  0.18200000E+01  0.00000000E+00  0.13999505E-02
  0.18200000E+01  0.20000000E-01  0.14943277E-02
  0.18200000E+01  0.39999999E-01  0.15890801E-02
  0.18200000E+01  0.59999999E-01  0.16839233E-02
  0.18200000E+01  0.79999998E-01  0.17786957E-02
  0.18200000E+01  0.99999998E-01  0.18733575E-02
  0.18200000E+01  0.12000000E+00  0.19679887E-02
  0.18200000E+01  0.14000000E+00  0.20627843E-02
  0.18200000E+01  0.16000000E+00  0.21580483E-02
  0.18200000E+01  0.18000000E+00  0.22541854E-02
  0.18200000E+01  0.20000000E+00  0.23516890E-02
  0.18200000E+01  0.22000000E+00  0.24511240E-02
  0.18200000E+01  0.23999999E+00  0.25530995E-02
  0.18200000E+01  0.25999999E+00  0.26582210E-02
  0.18200000E+01  0.27999999E+00  0.27670076E-02
  0.18200000E+01  0.29999999E+00  0.28797406E-02
  0.18200000E+01  0.31999999E+00  0.29961826E-02
  0.18200000E+01  0.33999999E+00  0.31150274E-02
  0.18200000E+01  0.35999999E+00  0.32327364E-02
  0.18200000E+01  0.37999999E+00  0.33406364E-02
  0.18200000E+01  0.39999999E+00  0.34146103E-02
  0.18200000E+01  0.41999999E+00  0.33039666E-02
  0.18200000E+01  0.43999999E+00  0.34391986E-02
  0.18200000E+01  0.45999999E+00  0.35730669E-02
  0.18200000E+01  0.47999999E+00  0.37046712E-02
  0.18200000E+01  0.49999999E+00  0.38330860E-02
  0.18200000E+01  0.51999999E+00  0.39574136E-02
  0.18200000E+01  0.53999999E+00  0.40768467E-02
  0.18200000E+01  0.55999999E+00  0.41907386E-02
  0.18200000E+01  0.57999999E+00  0.42986799E-02
  0.18200000E+01  0.59999999E+00  0.44005750E-02
  0.18200000E+01  0.61999999E+00  0.44967159E-02
  0.18200000E+01  0.63999999E+00  0.45878437E-02
  0.18200000E+01  0.65999999E+00  0.46751893E-02
  0.18200000E+01  0.67999998E+00  0.47604843E-02
  0.18200000E+01  0.69999998E+00  0.48459256E-02
  0.18200000E+01  0.71999998E+00  0.49340827E-02
  0.18200000E+01  0.73999998E+00  0.50277294E-02
  0.18200000E+01  0.75999998E+00  0.51295845E-02
  0.18200000E+01  0.77999998E+00  0.52419466E-02
  0.18200000E+01  0.79999998E+00  0.53662113E-02
  0.18200000E+01  0.81999998E+00  0.55022678E-02
  0.18200000E+01  0.83999998E+00  0.56477853E-02
  0.18200000E+01  0.85999998E+00  0.57974265E-02
  0.18200000E+01  0.87999998E+00  0.59420649E-02
  0.18200000E+01  0.89999998E+00  0.60681603E-02
  0.18200000E+01  0.91999998E+00  0.61575713E-02
  0.18200000E+01  0.93999998E+00  0.61883285E-02
  0.18200000E+01  0.95999998E+00  0.61373976E-02
  0.18200000E+01  0.97999998E+00  0.59877082E-02
  0.18200000E+01  0.99999998E+00  0.57458532E-02
  0.18200000E+01  0.10200000E+01  0.55038161E-02
  0.18200000E+01  0.10400000E+01  0.55434947E-02
  0.18200000E+01  0.10600000E+01  0.56020791E-02
  0.18200000E+01  0.10800000E+01  0.56616702E-02
  0.18200000E+01  0.11000000E+01  0.57242249E-02
  0.18200000E+01  0.11200000E+01  0.57917637E-02
  0.18200000E+01  0.11400000E+01  0.58662652E-02
  0.18200000E+01  0.11600000E+01  0.59495399E-02
  0.18200000E+01  0.11800000E+01  0.60430866E-02
  0.18200000E+01  0.12000000E+01  0.61479344E-02
  0.18200000E+01  0.12200000E+01  0.62644781E-02
  0.18200000E+01  0.12400000E+01  0.63923145E-02
  0.18200000E+01  0.12600000E+01  0.65300941E-02
  0.18200000E+01  0.12800000E+01  0.66754024E-02
  0.18200000E+01  0.13000000E+01  0.68246918E-02
  0.18200000E+01  0.13200000E+01  0.69732876E-02
  0.18200000E+01  0.13400000E+01  0.71154956E-02
  0.18200000E+01  0.13600000E+01  0.72448419E-02
  0.18200000E+01  0.13800000E+01  0.73544773E-02
  0.18200000E+01  0.14000000E+01  0.74377754E-02
  0.18200000E+01  0.14200000E+01  0.74891495E-02
  0.18200000E+01  0.14400000E+01  0.75050960E-02
  0.18200000E+01  0.14600000E+01  0.74854441E-02
  0.18200000E+01  0.14800000E+01  0.74347385E-02
  0.18200000E+01  0.15000000E+01  0.73635867E-02
  0.18200000E+01  0.15200000E+01  0.72896319E-02
  0.18200000E+01  0.15400000E+01  0.72374742E-02
  0.18200000E+01  0.15600000E+01  0.72361473E-02
  0.18200000E+01  0.15800000E+01  0.73108983E-02
  0.18200000E+01  0.16000000E+01  0.74594267E-02
  0.18200000E+01  0.16200000E+01  0.75560623E-02
  0.18200000E+01  0.16400000E+01  0.73427828E-02
  0.18200000E+01  0.16600000E+01  0.75074398E-02
  0.18200000E+01  0.16800000E+01  0.76738417E-02
  0.18200000E+01  0.17000000E+01  0.78400404E-02
  0.18200000E+01  0.17200000E+01  0.80038331E-02
  0.18200000E+01  0.17400000E+01  0.81628158E-02
  0.18200000E+01  0.17600000E+01  0.83144575E-02
  0.18200000E+01  0.17800000E+01  0.84561969E-02
  0.18200000E+01  0.18000000E+01  0.85855608E-02
  0.18200000E+01  0.18200000E+01  0.87003040E-02
  0.18200000E+01  0.18400000E+01  0.87985667E-02
  0.18200000E+01  0.18600000E+01  0.88790436E-02
  0.18200000E+01  0.18800000E+01  0.89411579E-02
  0.18200000E+01  0.19000000E+01  0.89852254E-02
  0.18200000E+01  0.19200000E+01  0.90125953E-02
  0.18200000E+01  0.19400000E+01  0.90257451E-02
  0.18200000E+01  0.19600000E+01  0.90283045E-02
  0.18200000E+01  0.19800000E+01  0.90249783E-02
  0.18200000E+01  0.20000000E+01  0.90213321E-02
  0.18400000E+01  0.00000000E+00  0.14367130E-02
  0.18400000E+01  0.20000000E-01  0.15257548E-02
  0.18400000E+01  0.39999999E-01  0.16154108E-02
  0.18400000E+01  0.59999999E-01  0.17055706E-02
  0.18400000E+01  0.79999998E-01  0.17962635E-02
  0.18400000E+01  0.99999998E-01  0.18876521E-02
  0.18400000E+01  0.12000000E+00  0.19800206E-02
  0.18400000E+01  0.14000000E+00  0.20737563E-02
  0.18400000E+01  0.16000000E+00  0.21693255E-02
  0.18400000E+01  0.18000000E+00  0.22672403E-02
  0.18400000E+01  0.20000000E+00  0.23680153E-02
  0.18400000E+01  0.22000000E+00  0.24721106E-02
  0.18400000E+01  0.23999999E+00  0.25798541E-02
  0.18400000E+01  0.25999999E+00  0.26913317E-02
  0.18400000E+01  0.27999999E+00  0.28062226E-02
  0.18400000E+01  0.29999999E+00  0.29235351E-02
  0.18400000E+01  0.31999999E+00  0.30411380E-02
  0.18400000E+01  0.33999999E+00  0.31548140E-02
  0.18400000E+01  0.35999999E+00  0.32559053E-02
  0.18400000E+01  0.37999999E+00  0.33226450E-02
  0.18400000E+01  0.39999999E+00  0.32217037E-02
  0.18400000E+01  0.41999999E+00  0.33556189E-02
  0.18400000E+01  0.43999999E+00  0.34882283E-02
  0.18400000E+01  0.45999999E+00  0.36187027E-02
  0.18400000E+01  0.47999999E+00  0.37461872E-02
  0.18400000E+01  0.49999999E+00  0.38698510E-02
  0.18400000E+01  0.51999999E+00  0.39889465E-02
  0.18400000E+01  0.53999999E+00  0.41028760E-02
  0.18400000E+01  0.55999999E+00  0.42112644E-02
  0.18400000E+01  0.57999999E+00  0.43140339E-02
  0.18400000E+01  0.59999999E+00  0.44114741E-02
  0.18400000E+01  0.61999999E+00  0.45043023E-02
  0.18400000E+01  0.63999999E+00  0.45937036E-02
  0.18400000E+01  0.65999999E+00  0.46813424E-02
  0.18400000E+01  0.67999998E+00  0.47693297E-02
  0.18400000E+01  0.69999998E+00  0.48601345E-02
  0.18400000E+01  0.71999998E+00  0.49564226E-02
  0.18400000E+01  0.73999998E+00  0.50608066E-02
  0.18400000E+01  0.75999998E+00  0.51754925E-02
  0.18400000E+01  0.77999998E+00  0.53018116E-02
  0.18400000E+01  0.79999998E+00  0.54396336E-02
  0.18400000E+01  0.81999998E+00  0.55866716E-02
  0.18400000E+01  0.83999998E+00  0.57377133E-02
  0.18400000E+01  0.85999998E+00  0.58838546E-02
  0.18400000E+01  0.87999998E+00  0.60118833E-02
  0.18400000E+01  0.89999998E+00  0.61040872E-02
  0.18400000E+01  0.91999998E+00  0.61389965E-02
  0.18400000E+01  0.93999998E+00  0.60940675E-02
  0.18400000E+01  0.95999998E+00  0.59525314E-02
  0.18400000E+01  0.97999998E+00  0.57206740E-02
  0.18400000E+01  0.99999998E+00  0.54881517E-02
  0.18400000E+01  0.10200000E+01  0.55300724E-02
  0.18400000E+01  0.10400000E+01  0.55900715E-02
  0.18400000E+01  0.10600000E+01  0.56507604E-02
  0.18400000E+01  0.10800000E+01  0.57140773E-02
  0.18400000E+01  0.11000000E+01  0.57820339E-02
  0.18400000E+01  0.11200000E+01  0.58566106E-02
  0.18400000E+01  0.11400000E+01  0.59396303E-02
  0.18400000E+01  0.11600000E+01  0.60326141E-02
  0.18400000E+01  0.11800000E+01  0.61366216E-02
  0.18400000E+01  0.12000000E+01  0.62520841E-02
  0.18400000E+01  0.12200000E+01  0.63786386E-02
  0.18400000E+01  0.12400000E+01  0.65149748E-02
  0.18400000E+01  0.12600000E+01  0.66587137E-02
  0.18400000E+01  0.12800000E+01  0.68063346E-02
  0.18400000E+01  0.13000000E+01  0.69531775E-02
  0.18400000E+01  0.13200000E+01  0.70935478E-02
  0.18400000E+01  0.13400000E+01  0.72209545E-02
  0.18400000E+01  0.13600000E+01  0.73285152E-02
  0.18400000E+01  0.13800000E+01  0.74095586E-02
  0.18400000E+01  0.14000000E+01  0.74584489E-02
  0.18400000E+01  0.14200000E+01  0.74716420E-02
  0.18400000E+01  0.14400000E+01  0.74489528E-02
  0.18400000E+01  0.14600000E+01  0.73949600E-02
  0.18400000E+01  0.14800000E+01  0.73203772E-02
  0.18400000E+01  0.15000000E+01  0.72430447E-02
  0.18400000E+01  0.15200000E+01  0.71878525E-02
  0.18400000E+01  0.15400000E+01  0.71841710E-02
  0.18400000E+01  0.15600000E+01  0.72574636E-02
  0.18400000E+01  0.15800000E+01  0.74050007E-02
  0.18400000E+01  0.16000000E+01  0.74976823E-02
  0.18400000E+01  0.16200000E+01  0.72726922E-02
  0.18400000E+01  0.16400000E+01  0.74379112E-02
  0.18400000E+01  0.16600000E+01  0.76053379E-02
  0.18400000E+01  0.16800000E+01  0.77729726E-02
  0.18400000E+01  0.17000000E+01  0.79385433E-02
  0.18400000E+01  0.17200000E+01  0.80995616E-02
  0.18400000E+01  0.17400000E+01  0.82534012E-02
  0.18400000E+01  0.17600000E+01  0.83973987E-02
  0.18400000E+01  0.17800000E+01  0.85289791E-02
  0.18400000E+01  0.18000000E+01  0.86458030E-02
  0.18400000E+01  0.18200000E+01  0.87459323E-02
  0.18400000E+01  0.18400000E+01  0.88280086E-02
  0.18400000E+01  0.18600000E+01  0.88914353E-02
  0.18400000E+01  0.18800000E+01  0.89365500E-02
  0.18400000E+01  0.19000000E+01  0.89647702E-02
  0.18400000E+01  0.19200000E+01  0.89786900E-02
  0.18400000E+01  0.19400000E+01  0.89821005E-02
  0.18400000E+01  0.19600000E+01  0.89799014E-02
  0.18400000E+01  0.19800000E+01  0.89778664E-02
  0.18400000E+01  0.20000000E+01  0.89822241E-02
  0.18600000E+01  0.00000000E+00  0.14683427E-02
  0.18600000E+01  0.20000000E-01  0.15521768E-02
  0.18600000E+01  0.39999999E-01  0.16371468E-02
  0.18600000E+01  0.59999999E-01  0.17233502E-02
  0.18600000E+01  0.79999998E-01  0.18110301E-02
  0.18600000E+01  0.99999998E-01  0.19005569E-02
  0.18600000E+01  0.12000000E+00  0.19923984E-02
  0.18600000E+01  0.14000000E+00  0.20870796E-02
  0.18600000E+01  0.16000000E+00  0.21851283E-02
  0.18600000E+01  0.18000000E+00  0.22870059E-02
  0.18600000E+01  0.20000000E+00  0.23930207E-02
  0.18600000E+01  0.22000000E+00  0.25032186E-02
  0.18600000E+01  0.23999999E+00  0.26172459E-02
  0.18600000E+01  0.25999999E+00  0.27341698E-02
  0.18600000E+01  0.27999999E+00  0.28522290E-02
  0.18600000E+01  0.29999999E+00  0.29684447E-02
  0.18600000E+01  0.31999999E+00  0.30778903E-02
  0.18600000E+01  0.33999999E+00  0.31718831E-02
  0.18600000E+01  0.35999999E+00  0.32309530E-02
  0.18600000E+01  0.37999999E+00  0.31389078E-02
  0.18600000E+01  0.39999999E+00  0.32714901E-02
  0.18600000E+01  0.41999999E+00  0.34028019E-02
  0.18600000E+01  0.43999999E+00  0.35320838E-02
  0.18600000E+01  0.45999999E+00  0.36585521E-02
  0.18600000E+01  0.47999999E+00  0.37814438E-02
  0.18600000E+01  0.49999999E+00  0.39000732E-02
  0.18600000E+01  0.51999999E+00  0.40138944E-02
  0.18600000E+01  0.53999999E+00  0.41225709E-02
  0.18600000E+01  0.55999999E+00  0.42260462E-02
  0.18600000E+01  0.57999999E+00  0.43246119E-02
  0.18600000E+01  0.59999999E+00  0.44189650E-02
  0.18600000E+01  0.61999999E+00  0.45102482E-02
  0.18600000E+01  0.63999999E+00  0.46000605E-02
  0.18600000E+01  0.65999999E+00  0.46904277E-02
  0.18600000E+01  0.67999998E+00  0.47837177E-02
  0.18600000E+01  0.69999998E+00  0.48824859E-02
  0.18600000E+01  0.71999998E+00  0.49892350E-02
  0.18600000E+01  0.73999998E+00  0.51060740E-02
  0.18600000E+01  0.75999998E+00  0.52342651E-02
  0.18600000E+01  0.77999998E+00  0.53736554E-02
  0.18600000E+01  0.79999998E+00  0.55220011E-02
  0.18600000E+01  0.81999998E+00  0.56742195E-02
  0.18600000E+01  0.83999998E+00  0.58216400E-02
  0.18600000E+01  0.85999998E+00  0.59514000E-02
  0.18600000E+01  0.87999998E+00  0.60462491E-02
  0.18600000E+01  0.89999998E+00  0.60852618E-02
  0.18600000E+01  0.91999998E+00  0.60464369E-02
  0.18600000E+01  0.93999998E+00  0.59133549E-02
  0.18600000E+01  0.95999998E+00  0.56920005E-02
  0.18600000E+01  0.97999998E+00  0.54695186E-02
  0.18600000E+01  0.99999998E+00  0.55138202E-02
  0.18600000E+01  0.10200000E+01  0.55754426E-02
  0.18600000E+01  0.10400000E+01  0.56374615E-02
  0.18600000E+01  0.10600000E+01  0.57017905E-02
  0.18600000E+01  0.10800000E+01  0.57704266E-02
  0.18600000E+01  0.11000000E+01  0.58453455E-02
  0.18600000E+01  0.11200000E+01  0.59283764E-02
  0.18600000E+01  0.11400000E+01  0.60210566E-02
  0.18600000E+01  0.11600000E+01  0.61244714E-02
  0.18600000E+01  0.11800000E+01  0.62390848E-02
  0.18600000E+01  0.12000000E+01  0.63645715E-02
  0.18600000E+01  0.12200000E+01  0.64996607E-02
  0.18600000E+01  0.12400000E+01  0.66420104E-02
  0.18600000E+01  0.12600000E+01  0.67881311E-02
  0.18600000E+01  0.12800000E+01  0.69333838E-02
  0.18600000E+01  0.13000000E+01  0.70720816E-02
  0.18600000E+01  0.13200000E+01  0.71977260E-02
  0.18600000E+01  0.13400000E+01  0.73034112E-02
  0.18600000E+01  0.13600000E+01  0.73824292E-02
  0.18600000E+01  0.13800000E+01  0.74291011E-02
  0.18600000E+01  0.14000000E+01  0.74398433E-02
  0.18600000E+01  0.14200000E+01  0.74144503E-02
  0.18600000E+01  0.14400000E+01  0.73575190E-02
  0.18600000E+01  0.14600000E+01  0.72798421E-02
  0.18600000E+01  0.14800000E+01  0.71994178E-02
  0.18600000E+01  0.15000000E+01  0.71413778E-02
  0.18600000E+01  0.15200000E+01  0.71353796E-02
  0.18600000E+01  0.15400000E+01  0.72070752E-02
  0.18600000E+01  0.15600000E+01  0.73533611E-02
  0.18600000E+01  0.15800000E+01  0.74421009E-02
  0.18600000E+01  0.16000000E+01  0.72062869E-02
  0.18600000E+01  0.16200000E+01  0.73717525E-02
  0.18600000E+01  0.16400000E+01  0.75398813E-02
  0.18600000E+01  0.16600000E+01  0.77086302E-02
  0.18600000E+01  0.16800000E+01  0.78756665E-02
  0.18600000E+01  0.17000000E+01  0.80384259E-02
  0.18600000E+01  0.17200000E+01  0.81941937E-02
  0.18600000E+01  0.17400000E+01  0.83402113E-02
  0.18600000E+01  0.17600000E+01  0.84738070E-02
  0.18600000E+01  0.17800000E+01  0.85925505E-02
  0.18600000E+01  0.18000000E+01  0.86944272E-02
  0.18600000E+01  0.18200000E+01  0.87780250E-02
  0.18600000E+01  0.18400000E+01  0.88427250E-02
  0.18600000E+01  0.18600000E+01  0.88888820E-02
  0.18600000E+01  0.18800000E+01  0.89179753E-02
  0.18600000E+01  0.19000000E+01  0.89327081E-02
  0.18600000E+01  0.19200000E+01  0.89370243E-02
  0.18600000E+01  0.19400000E+01  0.89360102E-02
  0.18600000E+01  0.19600000E+01  0.89356408E-02
  0.18600000E+01  0.19800000E+01  0.89423299E-02
  0.18600000E+01  0.20000000E+01  0.89622443E-02
  0.18800000E+01  0.00000000E+00  0.14948992E-02
  0.18800000E+01  0.20000000E-01  0.15740430E-02
  0.18800000E+01  0.39999999E-01  0.16551777E-02
  0.18800000E+01  0.59999999E-01  0.17386261E-02
  0.18800000E+01  0.79999998E-01  0.18248428E-02
  0.18800000E+01  0.99999998E-01  0.19143739E-02
  0.18800000E+01  0.12000000E+00  0.20078003E-02
  0.18800000E+01  0.14000000E+00  0.21056631E-02
  0.18800000E+01  0.16000000E+00  0.22083677E-02
  0.18800000E+01  0.18000000E+00  0.23160675E-02
  0.18800000E+01  0.20000000E+00  0.24285225E-02
  0.18800000E+01  0.22000000E+00  0.25449333E-02
  0.18800000E+01  0.23999999E+00  0.26637453E-02
  0.18800000E+01  0.25999999E+00  0.27824133E-02
  0.18800000E+01  0.27999999E+00  0.28970890E-02
  0.18800000E+01  0.29999999E+00  0.30021058E-02
  0.18800000E+01  0.31999999E+00  0.30887157E-02
  0.18800000E+01  0.33999999E+00  0.31396868E-02
  0.18800000E+01  0.35999999E+00  0.30557070E-02
  0.18800000E+01  0.37999999E+00  0.31869502E-02
  0.18800000E+01  0.39999999E+00  0.33169387E-02
  0.18800000E+01  0.41999999E+00  0.34449812E-02
  0.18800000E+01  0.43999999E+00  0.35703640E-02
  0.18800000E+01  0.45999999E+00  0.36923927E-02
  0.18800000E+01  0.47999999E+00  0.38104449E-02
  0.18800000E+01  0.49999999E+00  0.39240290E-02
  0.18800000E+01  0.51999999E+00  0.40328502E-02
  0.18800000E+01  0.53999999E+00  0.41368769E-02
  0.18800000E+01  0.55999999E+00  0.42364061E-02
  0.18800000E+01  0.57999999E+00  0.43321186E-02
  0.18800000E+01  0.59999999E+00  0.44251169E-02
  0.18800000E+01  0.61999999E+00  0.45169372E-02
  0.18800000E+01  0.63999999E+00  0.46095206E-02
  0.18800000E+01  0.65999999E+00  0.47051332E-02
  0.18800000E+01  0.67999998E+00  0.48062179E-02
  0.18800000E+01  0.69999998E+00  0.49151641E-02
  0.18800000E+01  0.71999998E+00  0.50339790E-02
  0.18800000E+01  0.73999998E+00  0.51638515E-02
  0.18800000E+01  0.75999998E+00  0.53046019E-02
  0.18800000E+01  0.77999998E+00  0.54540288E-02
  0.18800000E+01  0.79999998E+00  0.56071822E-02
  0.18800000E+01  0.81999998E+00  0.57556357E-02
  0.18800000E+01  0.83999998E+00  0.58868956E-02
  0.18800000E+01  0.85999998E+00  0.59842047E-02
  0.18800000E+01  0.87999998E+00  0.60272242E-02
  0.18800000E+01  0.89999998E+00  0.59945464E-02
  0.18800000E+01  0.91999998E+00  0.58701484E-02
  0.18800000E+01  0.93999998E+00  0.56597201E-02
  0.18800000E+01  0.95999998E+00  0.54477105E-02
  0.18800000E+01  0.97999998E+00  0.54944799E-02
  0.18800000E+01  0.99999998E+00  0.55579057E-02
  0.18800000E+01  0.10200000E+01  0.56214600E-02
  0.18800000E+01  0.10400000E+01  0.56870269E-02
  0.18800000E+01  0.10600000E+01  0.57565827E-02
  0.18800000E+01  0.10800000E+01  0.58320926E-02
  0.18800000E+01  0.11000000E+01  0.59153859E-02
  0.18800000E+01  0.11200000E+01  0.60080103E-02
  0.18800000E+01  0.11400000E+01  0.61110716E-02
  0.18800000E+01  0.11600000E+01  0.62250630E-02
  0.18800000E+01  0.11800000E+01  0.63496942E-02
  0.18800000E+01  0.12000000E+01  0.64837332E-02
  0.18800000E+01  0.12200000E+01  0.66248768E-02
  0.18800000E+01  0.12400000E+01  0.67696703E-02
  0.18800000E+01  0.12600000E+01  0.69135019E-02
  0.18800000E+01  0.12800000E+01  0.70507002E-02
  0.18800000E+01  0.13000000E+01  0.71747682E-02
  0.18800000E+01  0.13200000E+01  0.72787863E-02
  0.18800000E+01  0.13400000E+01  0.73560192E-02
  0.18800000E+01  0.13600000E+01  0.74007507E-02
  0.18800000E+01  0.13800000E+01  0.74093592E-02
  0.18800000E+01  0.14000000E+01  0.73816135E-02
  0.18800000E+01  0.14200000E+01  0.73221139E-02
  0.18800000E+01  0.14400000E+01  0.72417057E-02
  0.18800000E+01  0.14600000E+01  0.71585073E-02
  0.18800000E+01  0.14800000E+01  0.70978435E-02
  0.18800000E+01  0.15000000E+01  0.70896092E-02
  0.18800000E+01  0.15200000E+01  0.71596160E-02
  0.18800000E+01  0.15400000E+01  0.73044404E-02
  0.18800000E+01  0.15600000E+01  0.73893025E-02
  0.18800000E+01  0.15800000E+01  0.71435963E-02
  0.18800000E+01  0.16000000E+01  0.73090102E-02
  0.18800000E+01  0.16200000E+01  0.74775313E-02
  0.18800000E+01  0.16400000E+01  0.76470814E-02
  0.18800000E+01  0.16600000E+01  0.78152756E-02
  0.18800000E+01  0.16800000E+01  0.79794816E-02
  0.18800000E+01  0.17000000E+01  0.81369044E-02
  0.18800000E+01  0.17200000E+01  0.82846965E-02
  0.18800000E+01  0.17400000E+01  0.84200951E-02
  0.18800000E+01  0.17600000E+01  0.85405831E-02
  0.18800000E+01  0.17800000E+01  0.86440713E-02
  0.18800000E+01  0.18000000E+01  0.87290939E-02
  0.18800000E+01  0.18200000E+01  0.87950080E-02
  0.18800000E+01  0.18400000E+01  0.88421809E-02
  0.18800000E+01  0.18600000E+01  0.88721480E-02
  0.18800000E+01  0.18800000E+01  0.88877137E-02
  0.18800000E+01  0.19000000E+01  0.88929666E-02
  0.18800000E+01  0.19200000E+01  0.88931714E-02
  0.18800000E+01  0.19400000E+01  0.88944971E-02
  0.18800000E+01  0.19600000E+01  0.89035379E-02
  0.18800000E+01  0.19800000E+01  0.89265862E-02
  0.18800000E+01  0.20000000E+01  0.89686251E-02
  0.19000000E+01  0.00000000E+00  0.15169165E-02
  0.19000000E+01  0.20000000E-01  0.15923447E-02
  0.19000000E+01  0.39999999E-01  0.16709813E-02
  0.19000000E+01  0.59999999E-01  0.17533644E-02
  0.19000000E+01  0.79999998E-01  0.18401165E-02
  0.19000000E+01  0.99999998E-01  0.19318726E-02
  0.19000000E+01  0.12000000E+00  0.20291844E-02
  0.19000000E+01  0.14000000E+00  0.21323993E-02
  0.19000000E+01  0.16000000E+00  0.22415127E-02
  0.19000000E+01  0.18000000E+00  0.23559947E-02
  0.19000000E+01  0.20000000E+00  0.24745946E-02
  0.19000000E+01  0.22000000E+00  0.25951271E-02
  0.19000000E+01  0.23999999E+00  0.27142485E-02
  0.19000000E+01  0.25999999E+00  0.28272203E-02
  0.19000000E+01  0.27999999E+00  0.29276061E-02
  0.19000000E+01  0.29999999E+00  0.30065509E-02
  0.19000000E+01  0.31999999E+00  0.30489988E-02
  0.19000000E+01  0.33999999E+00  0.29722305E-02
  0.19000000E+01  0.35999999E+00  0.31021353E-02
  0.19000000E+01  0.37999999E+00  0.32307850E-02
  0.19000000E+01  0.39999999E+00  0.33575540E-02
  0.19000000E+01  0.41999999E+00  0.34817969E-02
  0.19000000E+01  0.43999999E+00  0.36028878E-02
  0.19000000E+01  0.45999999E+00  0.37202684E-02
  0.19000000E+01  0.47999999E+00  0.38335033E-02
  0.19000000E+01  0.49999999E+00  0.39423415E-02
  0.19000000E+01  0.51999999E+00  0.40467797E-02
  0.19000000E+01  0.53999999E+00  0.41471238E-02
  0.19000000E+01  0.55999999E+00  0.42440410E-02
  0.19000000E+01  0.57999999E+00  0.43385971E-02
  0.19000000E+01  0.59999999E+00  0.44322666E-02
  0.19000000E+01  0.61999999E+00  0.45269071E-02
  0.19000000E+01  0.63999999E+00  0.46246823E-02
  0.19000000E+01  0.65999999E+00  0.47279205E-02
  0.19000000E+01  0.67999998E+00  0.48388943E-02
  0.19000000E+01  0.69999998E+00  0.49595049E-02
  0.19000000E+01  0.71999998E+00  0.50908626E-02
  0.19000000E+01  0.73999998E+00  0.52327576E-02
  0.19000000E+01  0.75999998E+00  0.53830285E-02
  0.19000000E+01  0.77999998E+00  0.55368610E-02
  0.19000000E+01  0.79999998E+00  0.56860819E-02
  0.19000000E+01  0.81999998E+00  0.58185846E-02
  0.19000000E+01  0.83999998E+00  0.59181342E-02
  0.19000000E+01  0.85999998E+00  0.59650197E-02
  0.19000000E+01  0.87999998E+00  0.59384765E-02
  0.19000000E+01  0.89999998E+00  0.58229239E-02
  0.19000000E+01  0.91999998E+00  0.56237651E-02
  0.19000000E+01  0.93999998E+00  0.54225671E-02
  0.19000000E+01  0.95999998E+00  0.54718398E-02
  0.19000000E+01  0.97999998E+00  0.55372200E-02
  0.19000000E+01  0.99999998E+00  0.56024877E-02
  0.19000000E+01  0.10200000E+01  0.56694929E-02
  0.19000000E+01  0.10400000E+01  0.57401858E-02
  0.19000000E+01  0.10600000E+01  0.58165155E-02
  0.19000000E+01  0.10800000E+01  0.59003053E-02
  0.19000000E+01  0.11000000E+01  0.59931078E-02
  0.19000000E+01  0.11200000E+01  0.60960444E-02
  0.19000000E+01  0.11400000E+01  0.62096330E-02
  0.19000000E+01  0.11600000E+01  0.63336161E-02
  0.19000000E+01  0.11800000E+01  0.64667996E-02
  0.19000000E+01  0.12000000E+01  0.66069202E-02
  0.19000000E+01  0.12200000E+01  0.67505614E-02
  0.19000000E+01  0.12400000E+01  0.68931441E-02
  0.19000000E+01  0.12600000E+01  0.70290203E-02
  0.19000000E+01  0.12800000E+01  0.71517034E-02
  0.19000000E+01  0.13000000E+01  0.72542698E-02
  0.19000000E+01  0.13200000E+01  0.73299654E-02
  0.19000000E+01  0.13400000E+01  0.73730436E-02
  0.19000000E+01  0.13600000E+01  0.73798470E-02
  0.19000000E+01  0.13800000E+01  0.73501139E-02
  0.19000000E+01  0.14000000E+01  0.72884343E-02
  0.19000000E+01  0.14200000E+01  0.72056807E-02
  0.19000000E+01  0.14400000E+01  0.71200541E-02
  0.19000000E+01  0.14600000E+01  0.70570245E-02
  0.19000000E+01  0.14800000E+01  0.70466744E-02
  0.19000000E+01  0.15000000E+01  0.71149449E-02
  0.19000000E+01  0.15200000E+01  0.72581436E-02
  0.19000000E+01  0.15400000E+01  0.73392375E-02
  0.19000000E+01  0.15600000E+01  0.70846069E-02
  0.19000000E+01  0.15800000E+01  0.72496901E-02
  0.19000000E+01  0.16000000E+01  0.74183093E-02
  0.19000000E+01  0.16200000E+01  0.75883594E-02
  0.19000000E+01  0.16400000E+01  0.77574113E-02
  0.19000000E+01  0.16600000E+01  0.79227730E-02
  0.19000000E+01  0.16800000E+01  0.80815768E-02
  0.19000000E+01  0.17000000E+01  0.82308935E-02
  0.19000000E+01  0.17200000E+01  0.83678749E-02
  0.19000000E+01  0.17400000E+01  0.84899215E-02
  0.19000000E+01  0.17600000E+01  0.85948719E-02
  0.19000000E+01  0.17800000E+01  0.86812072E-02
  0.19000000E+01  0.18000000E+01  0.87482584E-02
  0.19000000E+01  0.18200000E+01  0.87964020E-02
  0.19000000E+01  0.18400000E+01  0.88272235E-02
  0.19000000E+01  0.18600000E+01  0.88436214E-02
  0.19000000E+01  0.18800000E+01  0.88498205E-02
  0.19000000E+01  0.19000000E+01  0.88512556E-02
  0.19000000E+01  0.19200000E+01  0.88542827E-02
  0.19000000E+01  0.19400000E+01  0.88656717E-02
  0.19000000E+01  0.19600000E+01  0.88918394E-02
  0.19000000E+01  0.19800000E+01  0.89377888E-02
  0.19000000E+01  0.20000000E+01  0.90057505E-02
  0.19200000E+01  0.00000000E+00  0.15354870E-02
  0.19200000E+01  0.20000000E-01  0.16086744E-02
  0.19200000E+01  0.39999999E-01  0.16866444E-02
  0.19200000E+01  0.59999999E-01  0.17700952E-02
  0.19200000E+01  0.79999998E-01  0.18597145E-02
  0.19200000E+01  0.99999998E-01  0.19560631E-02
  0.19200000E+01  0.12000000E+00  0.20594280E-02
  0.19200000E+01  0.14000000E+00  0.21696439E-02
  0.19200000E+01  0.16000000E+00  0.22858876E-02
  0.19200000E+01  0.18000000E+00  0.24064513E-02
  0.19200000E+01  0.20000000E+00  0.25285104E-02
  0.19200000E+01  0.22000000E+00  0.26479096E-02
  0.19200000E+01  0.23999999E+00  0.27589997E-02
  0.19200000E+01  0.25999999E+00  0.28545449E-02
  0.19200000E+01  0.27999999E+00  0.29255417E-02
  0.19200000E+01  0.29999999E+00  0.29590439E-02
  0.19200000E+01  0.31999999E+00  0.28886115E-02
  0.19200000E+01  0.33999999E+00  0.30171817E-02
  0.19200000E+01  0.35999999E+00  0.31444839E-02
  0.19200000E+01  0.37999999E+00  0.32699550E-02
  0.19200000E+01  0.39999999E+00  0.33930161E-02
  0.19200000E+01  0.41999999E+00  0.35131088E-02
  0.19200000E+01  0.43999999E+00  0.36297387E-02
  0.19200000E+01  0.45999999E+00  0.37425279E-02
  0.19200000E+01  0.47999999E+00  0.38512713E-02
  0.19200000E+01  0.49999999E+00  0.39559963E-02
  0.19200000E+01  0.51999999E+00  0.40570202E-02
  0.19200000E+01  0.53999999E+00  0.41550000E-02
  0.19200000E+01  0.55999999E+00  0.42509666E-02
  0.19200000E+01  0.57999999E+00  0.43463354E-02
  0.19200000E+01  0.59999999E+00  0.44428807E-02
  0.19200000E+01  0.61999999E+00  0.45426634E-02
  0.19200000E+01  0.63999999E+00  0.46478952E-02
  0.19200000E+01  0.65999999E+00  0.47607285E-02
  0.19200000E+01  0.67999998E+00  0.48829539E-02
  0.19200000E+01  0.69999998E+00  0.50155987E-02
  0.19200000E+01  0.71999998E+00  0.51584181E-02
  0.19200000E+01  0.73999998E+00  0.53092889E-02
  0.19200000E+01  0.75999998E+00  0.54635337E-02
  0.19200000E+01  0.77999998E+00  0.56132406E-02
  0.19200000E+01  0.79999998E+00  0.57467069E-02
  0.19200000E+01  0.81999998E+00  0.58482474E-02
  0.19200000E+01  0.83999998E+00  0.58988176E-02
  0.19200000E+01  0.85999998E+00  0.58783440E-02
  0.19200000E+01  0.87999998E+00  0.57717334E-02
  0.19200000E+01  0.89999998E+00  0.55841101E-02
  0.19200000E+01  0.91999998E+00  0.53939727E-02
  0.19200000E+01  0.93999998E+00  0.54457337E-02
  0.19200000E+01  0.95999998E+00  0.55131905E-02
  0.19200000E+01  0.97999998E+00  0.55803221E-02
  0.19200000E+01  0.99999998E+00  0.56489398E-02
  0.19200000E+01  0.10200000E+01  0.57209634E-02
  0.19200000E+01  0.10400000E+01  0.57983201E-02
  0.19200000E+01  0.10600000E+01  0.58828217E-02
  0.19200000E+01  0.10800000E+01  0.59760204E-02
  0.19200000E+01  0.11000000E+01  0.60790479E-02
  0.19200000E+01  0.11200000E+01  0.61924430E-02
  0.19200000E+01  0.11400000E+01  0.63159781E-02
  0.19200000E+01  0.11600000E+01  0.64484958E-02
  0.19200000E+01  0.11800000E+01  0.65877736E-02
  0.19200000E+01  0.12000000E+01  0.67304364E-02
  0.19200000E+01  0.12200000E+01  0.68719430E-02
  0.19200000E+01  0.12400000E+01  0.70066760E-02
  0.19200000E+01  0.12600000E+01  0.71281682E-02
  0.19200000E+01  0.12800000E+01  0.72295016E-02
  0.19200000E+01  0.13000000E+01  0.73039124E-02
  0.19200000E+01  0.13200000E+01  0.73456306E-02
  0.19200000E+01  0.13400000E+01  0.73509656E-02
  0.19200000E+01  0.13600000E+01  0.73196215E-02
  0.19200000E+01  0.13800000E+01  0.72561646E-02
  0.19200000E+01  0.14000000E+01  0.71714707E-02
  0.19200000E+01  0.14200000E+01  0.70837865E-02
  0.19200000E+01  0.14400000E+01  0.70186799E-02
  0.19200000E+01  0.14600000E+01  0.70063707E-02
  0.19200000E+01  0.14800000E+01  0.70728981E-02
  0.19200000E+01  0.15000000E+01  0.72143497E-02
  0.19200000E+01  0.15200000E+01  0.72918247E-02
  0.19200000E+01  0.15400000E+01  0.70292650E-02
  0.19200000E+01  0.15600000E+01  0.71937596E-02
  0.19200000E+01  0.15800000E+01  0.73622006E-02
  0.19200000E+01  0.16000000E+01  0.75324635E-02
  0.19200000E+01  0.16200000E+01  0.77020832E-02
  0.19200000E+01  0.16400000E+01  0.78683163E-02
  0.19200000E+01  0.16600000E+01  0.80282298E-02
  0.19200000E+01  0.16800000E+01  0.81788202E-02
  0.19200000E+01  0.17000000E+01  0.83171598E-02
  0.19200000E+01  0.17200000E+01  0.84405712E-02
  0.19200000E+01  0.17400000E+01  0.85468240E-02
  0.19200000E+01  0.17600000E+01  0.86343470E-02
  0.19200000E+01  0.17800000E+01  0.87024439E-02
  0.19200000E+01  0.18000000E+01  0.87514969E-02
  0.19200000E+01  0.18200000E+01  0.87831360E-02
  0.19200000E+01  0.18400000E+01  0.88003468E-02
  0.19200000E+01  0.18600000E+01  0.88074822E-02
  0.19200000E+01  0.18800000E+01  0.88101389E-02
  0.19200000E+01  0.19000000E+01  0.88148523E-02
  0.19200000E+01  0.19200000E+01  0.88285633E-02
  0.19200000E+01  0.19400000E+01  0.88578124E-02
  0.19200000E+01  0.19600000E+01  0.89076271E-02
  0.19200000E+01  0.19800000E+01  0.89800999E-02
  0.19200000E+01  0.20000000E+01  0.90727061E-02
  0.19400000E+01  0.00000000E+00  0.15523191E-02
  0.19400000E+01  0.20000000E-01  0.16252405E-02
  0.19400000E+01  0.39999999E-01  0.17048135E-02
  0.19400000E+01  0.59999999E-01  0.17917778E-02
  0.19400000E+01  0.79999998E-01  0.18867020E-02
  0.19400000E+01  0.99999998E-01  0.19898109E-02
  0.19400000E+01  0.12000000E+00  0.21007765E-02
  0.19400000E+01  0.14000000E+00  0.22184787E-02
  0.19400000E+01  0.16000000E+00  0.23407476E-02
  0.19400000E+01  0.18000000E+00  0.24641111E-02
  0.19400000E+01  0.20000000E+00  0.25835892E-02
  0.19400000E+01  0.22000000E+00  0.26926026E-02
  0.19400000E+01  0.23999999E+00  0.27830874E-02
  0.19400000E+01  0.25999999E+00  0.28458493E-02
  0.19400000E+01  0.27999999E+00  0.28699827E-02
  0.19400000E+01  0.29999999E+00  0.28049895E-02
  0.19400000E+01  0.31999999E+00  0.29322280E-02
  0.19400000E+01  0.33999999E+00  0.30581774E-02
  0.19400000E+01  0.35999999E+00  0.31823330E-02
  0.19400000E+01  0.37999999E+00  0.33041802E-02
  0.19400000E+01  0.39999999E+00  0.34232260E-02
  0.19400000E+01  0.41999999E+00  0.35390399E-02
  0.19400000E+01  0.43999999E+00  0.36513016E-02
  0.19400000E+01  0.45999999E+00  0.37598531E-02
  0.19400000E+01  0.47999999E+00  0.38647547E-02
  0.19400000E+01  0.49999999E+00  0.39663375E-02
  0.19400000E+01  0.51999999E+00  0.40652506E-02
  0.19400000E+01  0.53999999E+00  0.41624924E-02
  0.19400000E+01  0.55999999E+00  0.42594205E-02
  0.19400000E+01  0.57999999E+00  0.43577270E-02
  0.19400000E+01  0.59999999E+00  0.44593689E-02
  0.19400000E+01  0.61999999E+00  0.45664398E-02
  0.19400000E+01  0.63999999E+00  0.46809682E-02
  0.19400000E+01  0.65999999E+00  0.48046301E-02
  0.19400000E+01  0.67999998E+00  0.49383643E-02
  0.19400000E+01  0.69999998E+00  0.50818865E-02
  0.19400000E+01  0.71999998E+00  0.52331089E-02
  0.19400000E+01  0.73999998E+00  0.53874919E-02
  0.19400000E+01  0.75999998E+00  0.55373915E-02
  0.19400000E+01  0.77999998E+00  0.56715239E-02
  0.19400000E+01  0.79999998E+00  0.57747790E-02
  0.19400000E+01  0.81999998E+00  0.58288163E-02
  0.19400000E+01  0.83999998E+00  0.58142989E-02
  0.19400000E+01  0.85999998E+00  0.57166655E-02
  0.19400000E+01  0.87999998E+00  0.55407697E-02
  0.19400000E+01  0.89999998E+00  0.53618546E-02
  0.19400000E+01  0.91999998E+00  0.54160398E-02
  0.19400000E+01  0.93999998E+00  0.54856672E-02
  0.19400000E+01  0.95999998E+00  0.55547853E-02
  0.19400000E+01  0.97999998E+00  0.56251637E-02
  0.19400000E+01  0.99999998E+00  0.56986868E-02
  0.19400000E+01  0.10200000E+01  0.57772552E-02
  0.19400000E+01  0.10400000E+01  0.58626638E-02
  0.19400000E+01  0.10600000E+01  0.59564591E-02
  0.19400000E+01  0.10800000E+01  0.60597782E-02
  0.19400000E+01  0.11000000E+01  0.61731769E-02
  0.19400000E+01  0.11200000E+01  0.62964542E-02
  0.19400000E+01  0.11400000E+01  0.64284883E-02
  0.19400000E+01  0.11600000E+01  0.65670982E-02
  0.19400000E+01  0.11800000E+01  0.67089527E-02
  0.19400000E+01  0.12000000E+01  0.68495537E-02
  0.19400000E+01  0.12200000E+01  0.69833213E-02
  0.19400000E+01  0.12400000E+01  0.71038164E-02
  0.19400000E+01  0.12600000E+01  0.72041361E-02
  0.19400000E+01  0.12800000E+01  0.72775162E-02
  0.19400000E+01  0.13000000E+01  0.73181703E-02
  0.19400000E+01  0.13200000E+01  0.73223784E-02
  0.19400000E+01  0.13400000E+01  0.72898068E-02
  0.19400000E+01  0.13600000E+01  0.72249866E-02
  0.19400000E+01  0.13800000E+01  0.71387732E-02
  0.19400000E+01  0.14000000E+01  0.70494232E-02
  0.19400000E+01  0.14200000E+01  0.69825556E-02
  0.19400000E+01  0.14400000E+01  0.69684769E-02
  0.19400000E+01  0.14600000E+01  0.70332921E-02
  0.19400000E+01  0.14800000E+01  0.71729141E-02
  0.19400000E+01  0.15000000E+01  0.72469533E-02
  0.19400000E+01  0.15200000E+01  0.69774789E-02
  0.19400000E+01  0.15400000E+01  0.71411499E-02
  0.19400000E+01  0.15600000E+01  0.73091561E-02
  0.19400000E+01  0.15800000E+01  0.74793611E-02
  0.19400000E+01  0.16000000E+01  0.76492718E-02
  0.19400000E+01  0.16200000E+01  0.78161008E-02
  0.19400000E+01  0.16400000E+01  0.79768583E-02
  0.19400000E+01  0.16600000E+01  0.81284733E-02
  0.19400000E+01  0.16800000E+01  0.82679449E-02
  0.19400000E+01  0.17000000E+01  0.83925229E-02
  0.19400000E+01  0.17200000E+01  0.84999110E-02
  0.19400000E+01  0.17400000E+01  0.85884868E-02
  0.19400000E+01  0.17600000E+01  0.86575261E-02
  0.19400000E+01  0.17800000E+01  0.87074136E-02
  0.19400000E+01  0.18000000E+01  0.87398187E-02
  0.19400000E+01  0.18200000E+01  0.87578071E-02
  0.19400000E+01  0.18400000E+01  0.87658519E-02
  0.19400000E+01  0.18600000E+01  0.87697032E-02
  0.19400000E+01  0.18800000E+01  0.87760686E-02
  0.19400000E+01  0.19000000E+01  0.87920549E-02
  0.19400000E+01  0.19200000E+01  0.88243252E-02
  0.19400000E+01  0.19400000E+01  0.88779367E-02
  0.19400000E+01  0.19600000E+01  0.89548560E-02
  0.19400000E+01  0.19800000E+01  0.90522076E-02
  0.19400000E+01  0.20000000E+01  0.91604203E-02
  0.19600000E+01  0.00000000E+00  0.15697441E-02
  0.19600000E+01  0.20000000E-01  0.16448085E-02
  0.19600000E+01  0.39999999E-01  0.17285471E-02
  0.19600000E+01  0.59999999E-01  0.18215358E-02
  0.19600000E+01  0.79999998E-01  0.19239360E-02
  0.19600000E+01  0.99999998E-01  0.20352550E-02
  0.19600000E+01  0.12000000E+00  0.21540729E-02
  0.19600000E+01  0.14000000E+00  0.22777528E-02
  0.19600000E+01  0.16000000E+00  0.24021674E-02
  0.19600000E+01  0.18000000E+00  0.25215000E-02
  0.19600000E+01  0.20000000E+00  0.26282220E-02
  0.19600000E+01  0.22000000E+00  0.27134132E-02
  0.19600000E+01  0.23999999E+00  0.27676466E-02
  0.19600000E+01  0.25999999E+00  0.27819847E-02
  0.19600000E+01  0.27999999E+00  0.27215133E-02
  0.19600000E+01  0.29999999E+00  0.28474180E-02
  0.19600000E+01  0.31999999E+00  0.29720083E-02
  0.19600000E+01  0.33999999E+00  0.30948345E-02
  0.19600000E+01  0.35999999E+00  0.32154421E-02
  0.19600000E+01  0.37999999E+00  0.33334019E-02
  0.19600000E+01  0.39999999E+00  0.34483459E-02
  0.19600000E+01  0.41999999E+00  0.35600110E-02
  0.19600000E+01  0.43999999E+00  0.36682876E-02
  0.19600000E+01  0.45999999E+00  0.37732696E-02
  0.19600000E+01  0.47999999E+00  0.38753043E-02
  0.19600000E+01  0.49999999E+00  0.39750346E-02
  0.19600000E+01  0.51999999E+00  0.40734286E-02
  0.19600000E+01  0.53999999E+00  0.41717872E-02
  0.19600000E+01  0.55999999E+00  0.42717209E-02
  0.19600000E+01  0.57999999E+00  0.43750826E-02
  0.19600000E+01  0.59999999E+00  0.44838453E-02
  0.19600000E+01  0.61999999E+00  0.45999107E-02
  0.19600000E+01  0.63999999E+00  0.47248353E-02
  0.19600000E+01  0.65999999E+00  0.48594645E-02
  0.19600000E+01  0.67999998E+00  0.50034695E-02
  0.19600000E+01  0.69999998E+00  0.51547944E-02
  0.19600000E+01  0.71999998E+00  0.53090375E-02
  0.19600000E+01  0.73999998E+00  0.54588279E-02
  0.19600000E+01  0.75999998E+00  0.55933142E-02
  0.19600000E+01  0.77999998E+00  0.56979854E-02
  0.19600000E+01  0.79999998E+00  0.57552396E-02
  0.19600000E+01  0.81999998E+00  0.57465208E-02
  0.19600000E+01  0.83999998E+00  0.56578426E-02
  0.19600000E+01  0.85999998E+00  0.54937961E-02
  0.19600000E+01  0.87999998E+00  0.53261810E-02
  0.19600000E+01  0.89999998E+00  0.53826793E-02
  0.19600000E+01  0.91999998E+00  0.54545435E-02
  0.19600000E+01  0.93999998E+00  0.55257438E-02
  0.19600000E+01  0.95999998E+00  0.55980045E-02
  0.19600000E+01  0.97999998E+00  0.56731710E-02
  0.19600000E+01  0.99999998E+00  0.57531124E-02
  0.19600000E+01  0.10200000E+01  0.58396020E-02
  0.19600000E+01  0.10400000E+01  0.59341754E-02
  0.19600000E+01  0.10600000E+01  0.60379705E-02
  0.19600000E+01  0.10800000E+01  0.61515555E-02
  0.19600000E+01  0.11000000E+01  0.62747535E-02
  0.19600000E+01  0.11200000E+01  0.64064767E-02
  0.19600000E+01  0.11400000E+01  0.65445857E-02
  0.19600000E+01  0.11600000E+01  0.66857959E-02
  0.19600000E+01  0.11800000E+01  0.68256569E-02
  0.19600000E+01  0.12000000E+01  0.69586329E-02
  0.19600000E+01  0.12200000E+01  0.70783216E-02
  0.19600000E+01  0.12400000E+01  0.71778444E-02
  0.19600000E+01  0.12600000E+01  0.72504462E-02
  0.19600000E+01  0.12800000E+01  0.72903321E-02
  0.19600000E+01  0.13000000E+01  0.72937561E-02
  0.19600000E+01  0.13200000E+01  0.72603447E-02
  0.19600000E+01  0.13400000E+01  0.71945825E-02
  0.19600000E+01  0.13600000E+01  0.71072824E-02
  0.19600000E+01  0.13800000E+01  0.70166757E-02
  0.19600000E+01  0.14000000E+01  0.69483866E-02
  0.19600000E+01  0.14200000E+01  0.69327577E-02
  0.19600000E+01  0.14400000E+01  0.69959255E-02
  0.19600000E+01  0.14600000E+01  0.71336710E-02
  0.19600000E+01  0.14800000E+01  0.72044859E-02
  0.19600000E+01  0.15000000E+01  0.69291229E-02
  0.19600000E+01  0.15200000E+01  0.70917589E-02
  0.19600000E+01  0.15400000E+01  0.72590949E-02
  0.19600000E+01  0.15600000E+01  0.74289897E-02
  0.19600000E+01  0.15800000E+01  0.75989294E-02
  0.19600000E+01  0.16000000E+01  0.77660907E-02
  0.19600000E+01  0.16200000E+01  0.79274346E-02
  0.19600000E+01  0.16400000E+01  0.80798296E-02
  0.19600000E+01  0.16600000E+01  0.82202086E-02
  0.19600000E+01  0.16800000E+01  0.83457531E-02
  0.19600000E+01  0.17000000E+01  0.84541048E-02
  0.19600000E+01  0.17200000E+01  0.85435917E-02
  0.19600000E+01  0.17400000E+01  0.86134610E-02
  0.19600000E+01  0.17600000E+01  0.86640972E-02
  0.19600000E+01  0.17800000E+01  0.86972044E-02
  0.19600000E+01  0.18000000E+01  0.87159216E-02
  0.19600000E+01  0.18200000E+01  0.87248341E-02
  0.19600000E+01  0.18400000E+01  0.87298372E-02
  0.19600000E+01  0.18600000E+01  0.87378031E-02
  0.19600000E+01  0.18800000E+01  0.87559994E-02
  0.19600000E+01  0.19000000E+01  0.87912105E-02
  0.19600000E+01  0.19200000E+01  0.88485283E-02
  0.19600000E+01  0.19400000E+01  0.89298067E-02
  0.19600000E+01  0.19600000E+01  0.90318412E-02
  0.19600000E+01  0.19800000E+01  0.91444482E-02
  0.19600000E+01  0.20000000E+01  0.92488442E-02
  0.19800000E+01  0.00000000E+00  0.15906491E-02
  0.19800000E+01  0.20000000E-01  0.16705390E-02
  0.19800000E+01  0.39999999E-01  0.17610308E-02
  0.19800000E+01  0.59999999E-01  0.18622219E-02
  0.19800000E+01  0.79999998E-01  0.19734535E-02
  0.19800000E+01  0.99999998E-01  0.20930031E-02
  0.19800000E+01  0.12000000E+00  0.22177627E-02
  0.19800000E+01  0.14000000E+00  0.23429424E-02
  0.19800000E+01  0.16000000E+00  0.24618771E-02
  0.19800000E+01  0.18000000E+00  0.25660709E-02
  0.19800000E+01  0.20000000E+00  0.26457194E-02
  0.19800000E+01  0.22000000E+00  0.26911208E-02
  0.19800000E+01  0.23999999E+00  0.26952312E-02
  0.19800000E+01  0.25999999E+00  0.26383438E-02
  0.19800000E+01  0.27999999E+00  0.27629031E-02
  0.19800000E+01  0.29999999E+00  0.28861238E-02
  0.19800000E+01  0.31999999E+00  0.30076058E-02
  0.19800000E+01  0.33999999E+00  0.31269517E-02
  0.19800000E+01  0.35999999E+00  0.32437927E-02
  0.19800000E+01  0.37999999E+00  0.33578218E-02
  0.19800000E+01  0.39999999E+00  0.34688324E-02
  0.19800000E+01  0.41999999E+00  0.35767629E-02
  0.19800000E+01  0.43999999E+00  0.36817423E-02
  0.19800000E+01  0.45999999E+00  0.37841349E-02
  0.19800000E+01  0.47999999E+00  0.38845795E-02
  0.19800000E+01  0.49999999E+00  0.39840151E-02
  0.19800000E+01  0.51999999E+00  0.40836874E-02
  0.19800000E+01  0.53999999E+00  0.41851255E-02
  0.19800000E+01  0.55999999E+00  0.42900773E-02
  0.19800000E+01  0.57999999E+00  0.44003936E-02
  0.19800000E+01  0.59999999E+00  0.45178457E-02
  0.19800000E+01  0.61999999E+00  0.46438662E-02
  0.19800000E+01  0.63999999E+00  0.47792017E-02
  0.19800000E+01  0.65999999E+00  0.49234737E-02
  0.19800000E+01  0.67999998E+00  0.50746542E-02
  0.19800000E+01  0.69999998E+00  0.52284783E-02
  0.19800000E+01  0.71999998E+00  0.53778527E-02
  0.19800000E+01  0.73999998E+00  0.55123702E-02
  0.19800000E+01  0.75999998E+00  0.56181405E-02
  0.19800000E+01  0.77999998E+00  0.56783332E-02
  0.19800000E+01  0.79999998E+00  0.56752157E-02
  0.19800000E+01  0.81999998E+00  0.55954174E-02
  0.19800000E+01  0.83999998E+00  0.54432758E-02
  0.19800000E+01  0.85999998E+00  0.52869584E-02
  0.19800000E+01  0.87999998E+00  0.53456140E-02
  0.19800000E+01  0.89999998E+00  0.54197550E-02
  0.19800000E+01  0.91999998E+00  0.54931065E-02
  0.19800000E+01  0.93999998E+00  0.55673453E-02
  0.19800000E+01  0.95999998E+00  0.56442739E-02
  0.19800000E+01  0.97999998E+00  0.57257262E-02
  0.19800000E+01  0.99999998E+00  0.58134489E-02
  0.19800000E+01  0.10200000E+01  0.59089619E-02
  0.19800000E+01  0.10400000E+01  0.60133993E-02
  0.19800000E+01  0.10600000E+01  0.61273377E-02
  0.19800000E+01  0.10800000E+01  0.62506214E-02
  0.19800000E+01  0.11000000E+01  0.63821946E-02
  0.19800000E+01  0.11200000E+01  0.65199598E-02
  0.19800000E+01  0.11400000E+01  0.66606813E-02
  0.19800000E+01  0.11600000E+01  0.67999604E-02
  0.19800000E+01  0.11800000E+01  0.69323123E-02
  0.19800000E+01  0.12000000E+01  0.70513794E-02
  0.19800000E+01  0.12200000E+01  0.71503171E-02
  0.19800000E+01  0.12400000E+01  0.72223888E-02
  0.19800000E+01  0.12600000E+01  0.72617987E-02
  0.19800000E+01  0.12800000E+01  0.72647796E-02
  0.19800000E+01  0.13000000E+01  0.72309167E-02
  0.19800000E+01  0.13200000E+01  0.71646377E-02
  0.19800000E+01  0.13400000E+01  0.70766918E-02
  0.19800000E+01  0.13600000E+01  0.69852515E-02
  0.19800000E+01  0.13800000E+01  0.69159002E-02
  0.19800000E+01  0.14000000E+01  0.68989660E-02
  0.19800000E+01  0.14200000E+01  0.69605822E-02
  0.19800000E+01  0.14400000E+01  0.70964357E-02
  0.19800000E+01  0.14600000E+01  0.71642606E-02
  0.19800000E+01  0.14800000E+01  0.68840391E-02
  0.19800000E+01  0.15000000E+01  0.70454536E-02
  0.19800000E+01  0.15200000E+01  0.72119066E-02
  0.19800000E+01  0.15400000E+01  0.73812586E-02
  0.19800000E+01  0.15600000E+01  0.75509822E-02
  0.19800000E+01  0.15800000E+01  0.77182260E-02
  0.19800000E+01  0.16000000E+01  0.78799090E-02
  0.19800000E+01  0.16200000E+01  0.80328470E-02
  0.19800000E+01  0.16400000E+01  0.81739124E-02
  0.19800000E+01  0.16600000E+01  0.83002245E-02
  0.19800000E+01  0.16800000E+01  0.84093662E-02
  0.19800000E+01  0.17000000E+01  0.84996183E-02
  0.19800000E+01  0.17200000E+01  0.85701989E-02
  0.19800000E+01  0.17400000E+01  0.86214900E-02
  0.19800000E+01  0.17600000E+01  0.86552257E-02
  0.19800000E+01  0.17800000E+01  0.86746119E-02
  0.19800000E+01  0.18000000E+01  0.86843382E-02
  0.19800000E+01  0.18200000E+01  0.86904367E-02
  0.19800000E+01  0.18400000E+01  0.86999367E-02
  0.19800000E+01  0.18600000E+01  0.87202609E-02
  0.19800000E+01  0.18800000E+01  0.87583141E-02
  0.19800000E+01  0.19000000E+01  0.88192276E-02
  0.19800000E+01  0.19200000E+01  0.89047557E-02
  0.19800000E+01  0.19400000E+01  0.90113880E-02
  0.19800000E+01  0.19600000E+01  0.91283622E-02
  0.19800000E+01  0.19800000E+01  0.92359960E-02
  0.19800000E+01  0.20000000E+01  0.93052152E-02
  0.20000000E+01  0.00000000E+00  0.16183000E-02
  0.20000000E+01  0.20000000E-01  0.17056835E-02
  0.20000000E+01  0.39999999E-01  0.18051174E-02
  0.20000000E+01  0.59999999E-01  0.19157757E-02
  0.20000000E+01  0.79999998E-01  0.20356313E-02
  0.20000000E+01  0.99999998E-01  0.21611010E-02
  0.20000000E+01  0.12000000E+00  0.22867257E-02
  0.20000000E+01  0.14000000E+00  0.24049807E-02
  0.20000000E+01  0.16000000E+00  0.25063851E-02
  0.20000000E+01  0.18000000E+00  0.25802235E-02
  0.20000000E+01  0.20000000E+00  0.26164771E-02
  0.20000000E+01  0.22000000E+00  0.26099189E-02
  0.20000000E+01  0.23999999E+00  0.25556570E-02
  0.20000000E+01  0.25999999E+00  0.26788460E-02
  0.20000000E+01  0.27999999E+00  0.28006775E-02
  0.20000000E+01  0.29999999E+00  0.29207964E-02
  0.20000000E+01  0.31999999E+00  0.30388578E-02
  0.20000000E+01  0.33999999E+00  0.31545505E-02
  0.20000000E+01  0.35999999E+00  0.32676257E-02
  0.20000000E+01  0.37999999E+00  0.33779322E-02
  0.20000000E+01  0.39999999E+00  0.34854560E-02
  0.20000000E+01  0.41999999E+00  0.35903610E-02
  0.20000000E+01  0.43999999E+00  0.36930300E-02
  0.20000000E+01  0.45999999E+00  0.37940983E-02
  0.20000000E+01  0.47999999E+00  0.38944774E-02
  0.20000000E+01  0.49999999E+00  0.39953587E-02
  0.20000000E+01  0.51999999E+00  0.40981898E-02
  0.20000000E+01  0.53999999E+00  0.42046131E-02
  0.20000000E+01  0.55999999E+00  0.43163550E-02
  0.20000000E+01  0.57999999E+00  0.44350532E-02
  0.20000000E+01  0.59999999E+00  0.45620116E-02
  0.20000000E+01  0.61999999E+00  0.46978726E-02
  0.20000000E+01  0.63999999E+00  0.48422026E-02
  0.20000000E+01  0.65999999E+00  0.49929965E-02
  0.20000000E+01  0.67999998E+00  0.51461248E-02
  0.20000000E+01  0.69999998E+00  0.52947747E-02
  0.20000000E+01  0.71999998E+00  0.54289936E-02
  0.20000000E+01  0.73999998E+00  0.55355316E-02
  0.20000000E+01  0.75999998E+00  0.55983609E-02
  0.20000000E+01  0.77999998E+00  0.56006116E-02
  0.20000000E+01  0.79999998E+00  0.55295695E-02
  0.20000000E+01  0.81999998E+00  0.53893264E-02
  0.20000000E+01  0.83999998E+00  0.52442294E-02
  0.20000000E+01  0.85999998E+00  0.53048446E-02
  0.20000000E+01  0.87999998E+00  0.53812772E-02
  0.20000000E+01  0.89999998E+00  0.54568236E-02
  0.20000000E+01  0.91999998E+00  0.55331107E-02
  0.20000000E+01  0.93999998E+00  0.56118956E-02
  0.20000000E+01  0.95999998E+00  0.56949727E-02
  0.20000000E+01  0.97999998E+00  0.57840582E-02
  0.20000000E+01  0.99999998E+00  0.58806516E-02
  0.20000000E+01  0.10200000E+01  0.59858787E-02
  0.20000000E+01  0.10400000E+01  0.61003208E-02
  0.20000000E+01  0.10600000E+01  0.62238399E-02
  0.20000000E+01  0.10800000E+01  0.63554107E-02
  0.20000000E+01  0.11000000E+01  0.64929776E-02
  0.20000000E+01  0.11200000E+01  0.66333553E-02
  0.20000000E+01  0.11400000E+01  0.67722013E-02
  0.20000000E+01  0.11600000E+01  0.69040876E-02
  0.20000000E+01  0.11800000E+01  0.70227098E-02
  0.20000000E+01  0.12000000E+01  0.71212665E-02
  0.20000000E+01  0.12200000E+01  0.71930488E-02
  0.20000000E+01  0.12400000E+01  0.72322688E-02
  0.20000000E+01  0.12600000E+01  0.72351426E-02
  0.20000000E+01  0.12800000E+01  0.72012134E-02
  0.20000000E+01  0.13000000E+01  0.71348432E-02
  0.20000000E+01  0.13200000E+01  0.70466972E-02
  0.20000000E+01  0.13400000E+01  0.69548562E-02
  0.20000000E+01  0.13600000E+01  0.68848180E-02
  0.20000000E+01  0.13800000E+01  0.68668460E-02
  0.20000000E+01  0.14000000E+01  0.69270330E-02
  0.20000000E+01  0.14200000E+01  0.70610072E-02
  0.20000000E+01  0.14400000E+01  0.71260941E-02
  0.20000000E+01  0.14600000E+01  0.68420416E-02
  0.20000000E+01  0.14800000E+01  0.70020732E-02
  0.20000000E+01  0.15000000E+01  0.71674537E-02
  0.20000000E+01  0.15200000E+01  0.73360514E-02
  0.20000000E+01  0.15400000E+01  0.75053324E-02
  0.20000000E+01  0.15600000E+01  0.76724244E-02
  0.20000000E+01  0.15800000E+01  0.78342119E-02
  0.20000000E+01  0.16000000E+01  0.79874650E-02
  0.20000000E+01  0.16200000E+01  0.81290026E-02
  0.20000000E+01  0.16400000E+01  0.82558868E-02
  0.20000000E+01  0.16600000E+01  0.83656459E-02
  0.20000000E+01  0.16800000E+01  0.84565155E-02
  0.20000000E+01  0.17000000E+01  0.85276850E-02
  0.20000000E+01  0.17200000E+01  0.85795316E-02
  0.20000000E+01  0.17400000E+01  0.86138151E-02
  0.20000000E+01  0.17600000E+01  0.86338019E-02
  0.20000000E+01  0.17800000E+01  0.86442782E-02
  0.20000000E+01  0.18000000E+01  0.86514046E-02
  0.20000000E+01  0.18200000E+01  0.86623594E-02
  0.20000000E+01  0.18400000E+01  0.86847153E-02
  0.20000000E+01  0.18600000E+01  0.87254957E-02
  0.20000000E+01  0.18800000E+01  0.87898759E-02
  0.20000000E+01  0.19000000E+01  0.88795239E-02
  0.20000000E+01  0.19200000E+01  0.89906472E-02
  0.20000000E+01  0.19400000E+01  0.91119393E-02
  0.20000000E+01  0.19600000E+01  0.92228644E-02
  0.20000000E+01  0.19800000E+01  0.92931949E-02
  0.20000000E+01  0.20000000E+01  0.92857551E-02
