 variables=E2,E1,W12 
i= zone 101
0.00000000E+00 0.00000000E+00 0.00000000E+00
0.20000000E-01 0.00000000E+00 0.74015663E-05
0.39999999E-01 0.00000000E+00 0.29422898E-04
0.59999999E-01 0.00000000E+00 0.66018714E-04
0.79999998E-01 0.00000000E+00 0.11740365E-03
0.99999998E-01 0.00000000E+00 0.18398476E-03
0.12000000E+00 0.00000000E+00 0.26628130E-03
0.14000000E+00 0.00000000E+00 0.36482939E-03
0.16000000E+00 0.00000000E+00 0.48006812E-03
0.18000000E+00 0.00000000E+00 0.61220184E-03
0.20000000E+00 0.00000000E+00 0.76103080E-03
0.22000000E+00 0.00000000E+00 0.92573795E-03
0.23999999E+00 0.00000000E+00 0.11046125E-02
0.25999999E+00 0.00000000E+00 0.12946784E-02
0.27999999E+00 0.00000000E+00 0.14911712E-02
0.29999999E+00 0.00000000E+00 0.16867606E-02
0.31999999E+00 0.00000000E+00 0.18703090E-02
0.33999999E+00 0.00000000E+00 0.20246930E-02
0.35999999E+00 0.00000000E+00 0.21224573E-02
0.37999999E+00 0.00000000E+00 0.21152670E-02
0.39999999E+00 0.00000000E+00 0.18978401E-02
0.41999999E+00 0.00000000E+00 0.94090102E-03
0.43999999E+00 0.00000000E+00 0.54831695E-03
0.45999999E+00 0.00000000E+00 0.60627597E-03
0.47999999E+00 0.00000000E+00 0.66740458E-03
0.49999999E+00 0.00000000E+00 0.73184109E-03
0.51999999E+00 0.00000000E+00 0.79975111E-03
0.53999999E+00 0.00000000E+00 0.87132709E-03
0.55999999E+00 0.00000000E+00 0.94678713E-03
0.57999999E+00 0.00000000E+00 0.10263733E-02
0.59999999E+00 0.00000000E+00 0.11103496E-02
0.61999999E+00 0.00000000E+00 0.11989986E-02
0.63999999E+00 0.00000000E+00 0.12926189E-02
0.65999999E+00 0.00000000E+00 0.13915207E-02
0.67999998E+00 0.00000000E+00 0.14960216E-02
0.69999998E+00 0.00000000E+00 0.16064419E-02
0.71999998E+00 0.00000000E+00 0.17230990E-02
0.73999998E+00 0.00000000E+00 0.18463018E-02
0.75999998E+00 0.00000000E+00 0.19763442E-02
0.77999998E+00 0.00000000E+00 0.21134985E-02
0.79999998E+00 0.00000000E+00 0.22580082E-02
0.81999998E+00 0.00000000E+00 0.24100802E-02
0.83999998E+00 0.00000000E+00 0.25698768E-02
0.85999998E+00 0.00000000E+00 0.27375073E-02
0.87999998E+00 0.00000000E+00 0.29130187E-02
0.89999998E+00 0.00000000E+00 0.30963866E-02
0.91999998E+00 0.00000000E+00 0.32875056E-02
0.93999998E+00 0.00000000E+00 0.34861789E-02
0.95999998E+00 0.00000000E+00 0.36921079E-02
0.97999998E+00 0.00000000E+00 0.39048818E-02
0.99999998E+00 0.00000000E+00 0.41239663E-02
0.10200000E+01 0.00000000E+00 0.43486927E-02
0.10400000E+01 0.00000000E+00 0.45782466E-02
0.10600000E+01 0.00000000E+00 0.48116572E-02
0.10800000E+01 0.00000000E+00 0.50477855E-02
0.11000000E+01 0.00000000E+00 0.52853149E-02
0.11200000E+01 0.00000000E+00 0.55227404E-02
0.11400000E+01 0.00000000E+00 0.57583599E-02
0.11600000E+01 0.00000000E+00 0.59902668E-02
0.11800000E+01 0.00000000E+00 0.62163433E-02
0.12000000E+01 0.00000000E+00 0.64342569E-02
0.12200000E+01 0.00000000E+00 0.66414599E-02
0.12400000E+01 0.00000000E+00 0.68351914E-02
0.12600000E+01 0.00000000E+00 0.70124860E-02
0.12800000E+01 0.00000000E+00 0.71701870E-02
0.13000000E+01 0.00000000E+00 0.73049680E-02
0.13200000E+01 0.00000000E+00 0.74133652E-02
0.13400000E+01 0.00000000E+00 0.74918206E-02
0.13600000E+01 0.00000000E+00 0.75367435E-02
0.13800000E+01 0.00000000E+00 0.75445908E-02
0.14000000E+01 0.00000000E+00 0.75119761E-02
0.14200000E+01 0.00000000E+00 0.74358137E-02
0.14400000E+01 0.00000000E+00 0.73135106E-02
0.14600000E+01 0.00000000E+00 0.71432244E-02
0.14800000E+01 0.00000000E+00 0.69242140E-02
0.15000000E+01 0.00000000E+00 0.66573249E-02
0.15200000E+01 0.00000000E+00 0.63456824E-02
0.15400000E+01 0.00000000E+00 0.59957258E-02
0.15600000E+01 0.00000000E+00 0.56188500E-02
0.15800000E+01 0.00000000E+00 0.52342885E-02
0.16000000E+01 0.00000000E+00 0.48750825E-02
0.16200000E+01 0.00000000E+00 0.46052751E-02
0.16400000E+01 0.00000000E+00 0.46247938E-02
0.16600000E+01 0.00000000E+00 0.47968231E-02
0.16800000E+01 0.00000000E+00 0.49732820E-02
0.17000000E+01 0.00000000E+00 0.51539787E-02
0.17200000E+01 0.00000000E+00 0.53386838E-02
0.17400000E+01 0.00000000E+00 0.55271290E-02
0.17600000E+01 0.00000000E+00 0.57190056E-02
0.17800000E+01 0.00000000E+00 0.59139637E-02
0.18000000E+01 0.00000000E+00 0.61116114E-02
0.18200000E+01 0.00000000E+00 0.63115141E-02
0.18400000E+01 0.00000000E+00 0.65131947E-02
0.18600000E+01 0.00000000E+00 0.67161336E-02
0.18800000E+01 0.00000000E+00 0.69197691E-02
0.19000000E+01 0.00000000E+00 0.71234989E-02
0.19200000E+01 0.00000000E+00 0.73266814E-02
0.19400000E+01 0.00000000E+00 0.75286380E-02
0.19600000E+01 0.00000000E+00 0.77286558E-02
0.19800000E+01 0.00000000E+00 0.79259914E-02
0.20000000E+01 0.00000000E+00 0.81198749E-02
0.00000000E+00 0.20000000E-01 0.21431186E-08
0.20000000E-01 0.20000000E-01 0.78258429E-05
0.39999999E-01 0.20000000E-01 0.28763132E-04
0.59999999E-01 0.20000000E-01 0.62824429E-04
0.79999998E-01 0.20000000E-01 0.11017859E-03
0.99999998E-01 0.20000000E-01 0.17109854E-03
0.12000000E+00 0.20000000E-01 0.24589596E-03
0.14000000E+00 0.20000000E-01 0.33484228E-03
0.16000000E+00 0.20000000E-01 0.43807218E-03
0.18000000E+00 0.20000000E-01 0.55546381E-03
0.20000000E+00 0.20000000E-01 0.68648697E-03
0.22000000E+00 0.20000000E-01 0.83000542E-03
0.23999999E+00 0.20000000E-01 0.98401040E-03
0.25999999E+00 0.20000000E-01 0.11452460E-02
0.27999999E+00 0.20000000E-01 0.13086525E-02
0.29999999E+00 0.20000000E-01 0.14664802E-02
0.31999999E+00 0.20000000E-01 0.16067401E-02
0.33999999E+00 0.20000000E-01 0.17101209E-02
0.35999999E+00 0.20000000E-01 0.17425304E-02
0.37999999E+00 0.20000000E-01 0.16296537E-02
0.39999999E+00 0.20000000E-01 0.99871077E-03
0.41999999E+00 0.20000000E-01 0.76385264E-03
0.43999999E+00 0.20000000E-01 0.84802655E-03
0.45999999E+00 0.20000000E-01 0.93702398E-03
0.47999999E+00 0.20000000E-01 0.10308518E-02
0.49999999E+00 0.20000000E-01 0.11294958E-02
0.51999999E+00 0.20000000E-01 0.12329158E-02
0.53999999E+00 0.20000000E-01 0.13410401E-02
0.55999999E+00 0.20000000E-01 0.14537596E-02
0.57999999E+00 0.20000000E-01 0.15709214E-02
0.59999999E+00 0.20000000E-01 0.16923220E-02
0.61999999E+00 0.20000000E-01 0.18176997E-02
0.63999999E+00 0.20000000E-01 0.19467274E-02
0.65999999E+00 0.20000000E-01 0.20790043E-02
0.67999998E+00 0.20000000E-01 0.22140478E-02
0.69999998E+00 0.20000000E-01 0.23512852E-02
0.71999998E+00 0.20000000E-01 0.24900447E-02
0.73999998E+00 0.20000000E-01 0.26295474E-02
0.75999998E+00 0.20000000E-01 0.27688975E-02
0.77999998E+00 0.20000000E-01 0.29070733E-02
0.79999998E+00 0.20000000E-01 0.30429166E-02
0.81999998E+00 0.20000000E-01 0.31751196E-02
0.83999998E+00 0.20000000E-01 0.33022082E-02
0.85999998E+00 0.20000000E-01 0.34225140E-02
0.87999998E+00 0.20000000E-01 0.35341273E-02
0.89999998E+00 0.20000000E-01 0.36348042E-02
0.91999998E+00 0.20000000E-01 0.37217697E-02
0.93999998E+00 0.20000000E-01 0.37912487E-02
0.95999998E+00 0.20000000E-01 0.38371727E-02
0.97999998E+00 0.20000000E-01 0.38465088E-02
0.99999998E+00 0.20000000E-01 0.37664287E-02
0.10200000E+01 0.20000000E-01 0.36900944E-02
0.10400000E+01 0.20000000E-01 0.38771069E-02
0.10600000E+01 0.20000000E-01 0.40674284E-02
0.10800000E+01 0.20000000E-01 0.42603169E-02
0.11000000E+01 0.20000000E-01 0.44549143E-02
0.11200000E+01 0.20000000E-01 0.46502412E-02
0.11400000E+01 0.20000000E-01 0.48451913E-02
0.11600000E+01 0.20000000E-01 0.50385274E-02
0.11800000E+01 0.20000000E-01 0.52288788E-02
0.12000000E+01 0.20000000E-01 0.54147407E-02
0.12200000E+01 0.20000000E-01 0.55944752E-02
0.12400000E+01 0.20000000E-01 0.57663157E-02
0.12600000E+01 0.20000000E-01 0.59283750E-02
0.12800000E+01 0.20000000E-01 0.60786580E-02
0.13000000E+01 0.20000000E-01 0.62150798E-02
0.13200000E+01 0.20000000E-01 0.63354920E-02
0.13400000E+01 0.20000000E-01 0.64377177E-02
0.13600000E+01 0.20000000E-01 0.65195989E-02
0.13800000E+01 0.20000000E-01 0.65790599E-02
0.14000000E+01 0.20000000E-01 0.66141905E-02
0.14200000E+01 0.20000000E-01 0.66233576E-02
0.14400000E+01 0.20000000E-01 0.66053533E-02
0.14600000E+01 0.20000000E-01 0.65595970E-02
0.14800000E+01 0.20000000E-01 0.64864131E-02
0.15000000E+01 0.20000000E-01 0.63874284E-02
0.15200000E+01 0.20000000E-01 0.62661613E-02
0.15400000E+01 0.20000000E-01 0.61289592E-02
0.15600000E+01 0.20000000E-01 0.59866411E-02
0.15800000E+01 0.20000000E-01 0.58579014E-02
0.16000000E+01 0.20000000E-01 0.57791248E-02
0.16200000E+01 0.20000000E-01 0.58644736E-02
0.16400000E+01 0.20000000E-01 0.60348950E-02
0.16600000E+01 0.20000000E-01 0.62045218E-02
0.16800000E+01 0.20000000E-01 0.63728878E-02
0.17000000E+01 0.20000000E-01 0.65395202E-02
0.17200000E+01 0.20000000E-01 0.67039449E-02
0.17400000E+01 0.20000000E-01 0.68656924E-02
0.17600000E+01 0.20000000E-01 0.70243041E-02
0.17800000E+01 0.20000000E-01 0.71793395E-02
0.18000000E+01 0.20000000E-01 0.73303832E-02
0.18200000E+01 0.20000000E-01 0.74770528E-02
0.18400000E+01 0.20000000E-01 0.76190062E-02
0.18600000E+01 0.20000000E-01 0.77559495E-02
0.18800000E+01 0.20000000E-01 0.78876426E-02
0.19000000E+01 0.20000000E-01 0.80139054E-02
0.19200000E+01 0.20000000E-01 0.81346199E-02
0.19400000E+01 0.20000000E-01 0.82497296E-02
0.19600000E+01 0.20000000E-01 0.83592336E-02
0.19800000E+01 0.20000000E-01 0.84631723E-02
0.20000000E+01 0.20000000E-01 0.85616020E-02
0.00000000E+00 0.39999999E-01 0.31947223E-07
0.20000000E-01 0.39999999E-01 0.10622294E-04
0.39999999E-01 0.39999999E-01 0.32846234E-04
0.59999999E-01 0.39999999E-01 0.66720435E-04
0.79999998E-01 0.39999999E-01 0.11233807E-03
0.99999998E-01 0.39999999E-01 0.16982599E-03
0.12000000E+00 0.39999999E-01 0.23929257E-03
0.14000000E+00 0.39999999E-01 0.32076335E-03
0.16000000E+00 0.39999999E-01 0.41410061E-03
0.18000000E+00 0.39999999E-01 0.51890078E-03
0.20000000E+00 0.39999999E-01 0.63436036E-03
0.22000000E+00 0.39999999E-01 0.75909482E-03
0.23999999E+00 0.39999999E-01 0.89088387E-03
0.25999999E+00 0.39999999E-01 0.10262935E-02
0.27999999E+00 0.39999999E-01 0.11600747E-02
0.29999999E+00 0.39999999E-01 0.12841137E-02
0.31999999E+00 0.39999999E-01 0.13853456E-02
0.33999999E+00 0.39999999E-01 0.14407056E-02
0.35999999E+00 0.39999999E-01 0.13999034E-02
0.37999999E+00 0.39999999E-01 0.10104234E-02
0.39999999E+00 0.39999999E-01 0.89255747E-03
0.41999999E+00 0.39999999E-01 0.99363972E-03
0.43999999E+00 0.39999999E-01 0.11005661E-02
0.45999999E+00 0.39999999E-01 0.12132651E-02
0.47999999E+00 0.39999999E-01 0.13316186E-02
0.49999999E+00 0.39999999E-01 0.14554539E-02
0.51999999E+00 0.39999999E-01 0.15845365E-02
0.53999999E+00 0.39999999E-01 0.17185615E-02
0.55999999E+00 0.39999999E-01 0.18571447E-02
0.57999999E+00 0.39999999E-01 0.19998134E-02
0.59999999E+00 0.39999999E-01 0.21459966E-02
0.61999999E+00 0.39999999E-01 0.22950145E-02
0.63999999E+00 0.39999999E-01 0.24460685E-02
0.65999999E+00 0.39999999E-01 0.25982293E-02
0.67999998E+00 0.39999999E-01 0.27504261E-02
0.69999998E+00 0.39999999E-01 0.29014343E-02
0.71999998E+00 0.39999999E-01 0.30498628E-02
0.73999998E+00 0.39999999E-01 0.31941398E-02
0.75999998E+00 0.39999999E-01 0.33324978E-02
0.77999998E+00 0.39999999E-01 0.34629536E-02
0.79999998E+00 0.39999999E-01 0.35832841E-02
0.81999998E+00 0.39999999E-01 0.36909894E-02
0.83999998E+00 0.39999999E-01 0.37832348E-02
0.85999998E+00 0.39999999E-01 0.38567505E-02
0.87999998E+00 0.39999999E-01 0.39076411E-02
0.89999998E+00 0.39999999E-01 0.39309938E-02
0.91999998E+00 0.39999999E-01 0.39199786E-02
0.93999998E+00 0.39999999E-01 0.38634298E-02
0.95999998E+00 0.39999999E-01 0.37373192E-02
0.97999998E+00 0.39999999E-01 0.34459821E-02
0.99999998E+00 0.39999999E-01 0.31452393E-02
0.10200000E+01 0.39999999E-01 0.33016151E-02
0.10400000E+01 0.39999999E-01 0.34609864E-02
0.10600000E+01 0.39999999E-01 0.36229068E-02
0.10800000E+01 0.39999999E-01 0.37868649E-02
0.11000000E+01 0.39999999E-01 0.39522819E-02
0.11200000E+01 0.39999999E-01 0.41185109E-02
0.11400000E+01 0.39999999E-01 0.42848359E-02
0.11600000E+01 0.39999999E-01 0.44504724E-02
0.11800000E+01 0.39999999E-01 0.46145693E-02
0.12000000E+01 0.39999999E-01 0.47762122E-02
0.12200000E+01 0.39999999E-01 0.49344285E-02
0.12400000E+01 0.39999999E-01 0.50881947E-02
0.12600000E+01 0.39999999E-01 0.52364464E-02
0.12800000E+01 0.39999999E-01 0.53780919E-02
0.13000000E+01 0.39999999E-01 0.55120289E-02
0.13200000E+01 0.39999999E-01 0.56371672E-02
0.13400000E+01 0.39999999E-01 0.57524566E-02
0.13600000E+01 0.39999999E-01 0.58569225E-02
0.13800000E+01 0.39999999E-01 0.59497121E-02
0.14000000E+01 0.39999999E-01 0.60301525E-02
0.14200000E+01 0.39999999E-01 0.60978262E-02
0.14400000E+01 0.39999999E-01 0.61526712E-02
0.14600000E+01 0.39999999E-01 0.61951150E-02
0.14800000E+01 0.39999999E-01 0.62262631E-02
0.15000000E+01 0.39999999E-01 0.62481744E-02
0.15200000E+01 0.39999999E-01 0.62642971E-02
0.15400000E+01 0.39999999E-01 0.62802325E-02
0.15600000E+01 0.39999999E-01 0.63053315E-02
0.15800000E+01 0.39999999E-01 0.63573597E-02
0.16000000E+01 0.39999999E-01 0.64917800E-02
0.16200000E+01 0.39999999E-01 0.66679180E-02
0.16400000E+01 0.39999999E-01 0.68417003E-02
0.16600000E+01 0.39999999E-01 0.70125512E-02
0.16800000E+01 0.39999999E-01 0.71798882E-02
0.17000000E+01 0.39999999E-01 0.73431276E-02
0.17200000E+01 0.39999999E-01 0.75016907E-02
0.17400000E+01 0.39999999E-01 0.76550103E-02
0.17600000E+01 0.39999999E-01 0.78025376E-02
0.17800000E+01 0.39999999E-01 0.79437496E-02
0.18000000E+01 0.39999999E-01 0.80781563E-02
0.18200000E+01 0.39999999E-01 0.82053077E-02
0.18400000E+01 0.39999999E-01 0.83248001E-02
0.18600000E+01 0.39999999E-01 0.84362812E-02
0.18800000E+01 0.39999999E-01 0.85394528E-02
0.19000000E+01 0.39999999E-01 0.86340706E-02
0.19200000E+01 0.39999999E-01 0.87199389E-02
0.19400000E+01 0.39999999E-01 0.87968981E-02
0.19600000E+01 0.39999999E-01 0.88648018E-02
0.19800000E+01 0.39999999E-01 0.89234783E-02
0.20000000E+01 0.39999999E-01 0.89726689E-02
0.00000000E+00 0.59999999E-01 0.14977765E-06
0.20000000E-01 0.59999999E-01 0.15557335E-04
0.39999999E-01 0.59999999E-01 0.41075286E-04
0.59999999E-01 0.59999999E-01 0.76688831E-04
0.79999998E-01 0.59999999E-01 0.12239525E-03
0.99999998E-01 0.59999999E-01 0.17817140E-03
0.12000000E+00 0.59999999E-01 0.24393354E-03
0.14000000E+00 0.59999999E-01 0.31948704E-03
0.16000000E+00 0.59999999E-01 0.40446206E-03
0.18000000E+00 0.59999999E-01 0.49822941E-03
0.20000000E+00 0.59999999E-01 0.59978695E-03
0.22000000E+00 0.59999999E-01 0.70759977E-03
0.23999999E+00 0.59999999E-01 0.81936310E-03
0.25999999E+00 0.59999999E-01 0.93162499E-03
0.27999999E+00 0.59999999E-01 0.10391259E-02
0.29999999E+00 0.59999999E-01 0.11334808E-02
0.31999999E+00 0.59999999E-01 0.11999724E-02
0.33999999E+00 0.59999999E-01 0.12065398E-02
0.35999999E+00 0.59999999E-01 0.99099707E-03
0.37999999E+00 0.59999999E-01 0.95758472E-03
0.39999999E+00 0.59999999E-01 0.10687435E-02
0.41999999E+00 0.59999999E-01 0.11862781E-02
0.43999999E+00 0.59999999E-01 0.13100640E-02
0.45999999E+00 0.59999999E-01 0.14399196E-02
0.47999999E+00 0.59999999E-01 0.15755985E-02
0.49999999E+00 0.59999999E-01 0.17167808E-02
0.51999999E+00 0.59999999E-01 0.18630645E-02
0.53999999E+00 0.59999999E-01 0.20139552E-02
0.55999999E+00 0.59999999E-01 0.21688567E-02
0.57999999E+00 0.59999999E-01 0.23270596E-02
0.59999999E+00 0.59999999E-01 0.24877303E-02
0.61999999E+00 0.59999999E-01 0.26498989E-02
0.63999999E+00 0.59999999E-01 0.28124461E-02
0.65999999E+00 0.59999999E-01 0.29740896E-02
0.67999998E+00 0.59999999E-01 0.31333688E-02
0.69999998E+00 0.59999999E-01 0.32886280E-02
0.71999998E+00 0.59999999E-01 0.34379965E-02
0.73999998E+00 0.59999999E-01 0.35793649E-02
0.75999998E+00 0.59999999E-01 0.37103551E-02
0.77999998E+00 0.59999999E-01 0.38282781E-02
0.79999998E+00 0.59999999E-01 0.39300740E-02
0.81999998E+00 0.59999999E-01 0.40122162E-02
0.83999998E+00 0.59999999E-01 0.40705501E-02
0.85999998E+00 0.59999999E-01 0.41000005E-02
0.87999998E+00 0.59999999E-01 0.40939884E-02
0.89999998E+00 0.59999999E-01 0.40431383E-02
0.91999998E+00 0.59999999E-01 0.39318981E-02
0.93999998E+00 0.59999999E-01 0.37268941E-02
0.95999998E+00 0.59999999E-01 0.32982134E-02
0.97999998E+00 0.59999999E-01 0.28398246E-02
0.99999998E+00 0.59999999E-01 0.29779291E-02
0.10200000E+01 0.59999999E-01 0.31183564E-02
0.10400000E+01 0.59999999E-01 0.32607717E-02
0.10600000E+01 0.59999999E-01 0.34048065E-02
0.10800000E+01 0.59999999E-01 0.35500609E-02
0.11000000E+01 0.59999999E-01 0.36961052E-02
0.11200000E+01 0.59999999E-01 0.38424840E-02
0.11400000E+01 0.59999999E-01 0.39887197E-02
0.11600000E+01 0.59999999E-01 0.41343183E-02
0.11800000E+01 0.59999999E-01 0.42787759E-02
0.12000000E+01 0.59999999E-01 0.44215865E-02
0.12200000E+01 0.59999999E-01 0.45622516E-02
0.12400000E+01 0.59999999E-01 0.47002911E-02
0.12600000E+01 0.59999999E-01 0.48352563E-02
0.12800000E+01 0.59999999E-01 0.49667446E-02
0.13000000E+01 0.59999999E-01 0.50944163E-02
0.13200000E+01 0.59999999E-01 0.52180138E-02
0.13400000E+01 0.59999999E-01 0.53373835E-02
0.13600000E+01 0.59999999E-01 0.54524999E-02
0.13800000E+01 0.59999999E-01 0.55634938E-02
0.14000000E+01 0.59999999E-01 0.56706835E-02
0.14200000E+01 0.59999999E-01 0.57746117E-02
0.14400000E+01 0.59999999E-01 0.58760892E-02
0.14600000E+01 0.59999999E-01 0.59762491E-02
0.14800000E+01 0.59999999E-01 0.60766204E-02
0.15000000E+01 0.59999999E-01 0.61792386E-02
0.15200000E+01 0.59999999E-01 0.62868420E-02
0.15400000E+01 0.59999999E-01 0.64033076E-02
0.15600000E+01 0.59999999E-01 0.65350481E-02
0.15800000E+01 0.59999999E-01 0.67009718E-02
0.16000000E+01 0.59999999E-01 0.68833340E-02
0.16200000E+01 0.59999999E-01 0.70639012E-02
0.16400000E+01 0.59999999E-01 0.72421235E-02
0.16600000E+01 0.59999999E-01 0.74174304E-02
0.16800000E+01 0.59999999E-01 0.75892330E-02
0.17000000E+01 0.59999999E-01 0.77569263E-02
0.17200000E+01 0.59999999E-01 0.79198915E-02
0.17400000E+01 0.59999999E-01 0.80774985E-02
0.17600000E+01 0.59999999E-01 0.82291075E-02
0.17800000E+01 0.59999999E-01 0.83740714E-02
0.18000000E+01 0.59999999E-01 0.85117364E-02
0.18200000E+01 0.59999999E-01 0.86414423E-02
0.18400000E+01 0.59999999E-01 0.87625211E-02
0.18600000E+01 0.59999999E-01 0.88742934E-02
0.18800000E+01 0.59999999E-01 0.89760610E-02
0.19000000E+01 0.59999999E-01 0.90670961E-02
0.19200000E+01 0.59999999E-01 0.91466226E-02
0.19400000E+01 0.59999999E-01 0.92137886E-02
0.19600000E+01 0.59999999E-01 0.92676248E-02
0.19800000E+01 0.59999999E-01 0.93069820E-02
0.20000000E+01 0.59999999E-01 0.93304356E-02
0.00000000E+00 0.79999998E-01 0.43568885E-06
0.20000000E-01 0.79999998E-01 0.22356554E-04
0.39999999E-01 0.79999998E-01 0.52764845E-04
0.59999999E-01 0.79999998E-01 0.91589094E-04
0.79999998E-01 0.79999998E-01 0.13872133E-03
0.99999998E-01 0.79999998E-01 0.19399417E-03
0.12000000E+00 0.79999998E-01 0.25715250E-03
0.14000000E+00 0.79999998E-01 0.32781774E-03
0.16000000E+00 0.79999998E-01 0.40544158E-03
0.18000000E+00 0.79999998E-01 0.48924391E-03
0.20000000E+00 0.79999998E-01 0.57812596E-03
0.22000000E+00 0.79999998E-01 0.67054146E-03
0.23999999E+00 0.79999998E-01 0.76429036E-03
0.25999999E+00 0.79999998E-01 0.85615405E-03
0.27999999E+00 0.79999998E-01 0.94115507E-03
0.29999999E+00 0.79999998E-01 0.10107207E-02
0.31999999E+00 0.79999998E-01 0.10462396E-02
0.33999999E+00 0.79999998E-01 0.95142000E-03
0.35999999E+00 0.79999998E-01 0.97676010E-03
0.37999999E+00 0.79999998E-01 0.10930642E-02
0.39999999E+00 0.79999998E-01 0.12159184E-02
0.41999999E+00 0.79999998E-01 0.13451522E-02
0.43999999E+00 0.79999998E-01 0.14805387E-02
0.45999999E+00 0.79999998E-01 0.16217871E-02
0.47999999E+00 0.79999998E-01 0.17685353E-02
0.49999999E+00 0.79999998E-01 0.19203415E-02
0.51999999E+00 0.79999998E-01 0.20766750E-02
0.53999999E+00 0.79999998E-01 0.22369071E-02
0.55999999E+00 0.79999998E-01 0.24003008E-02
0.57999999E+00 0.79999998E-01 0.25659995E-02
0.59999999E+00 0.79999998E-01 0.27330151E-02
0.61999999E+00 0.79999998E-01 0.29002145E-02
0.63999999E+00 0.79999998E-01 0.30663044E-02
0.65999999E+00 0.79999998E-01 0.32298142E-02
0.67999998E+00 0.79999998E-01 0.33890752E-02
0.69999998E+00 0.79999998E-01 0.35421955E-02
0.71999998E+00 0.79999998E-01 0.36870282E-02
0.73999998E+00 0.79999998E-01 0.38211291E-02
0.75999998E+00 0.79999998E-01 0.39416968E-02
0.77999998E+00 0.79999998E-01 0.40454864E-02
0.79999998E+00 0.79999998E-01 0.41286743E-02
0.81999998E+00 0.79999998E-01 0.41866344E-02
0.83999998E+00 0.79999998E-01 0.42135443E-02
0.85999998E+00 0.79999998E-01 0.42016247E-02
0.87999998E+00 0.79999998E-01 0.41394981E-02
0.89999998E+00 0.79999998E-01 0.40080103E-02
0.91999998E+00 0.79999998E-01 0.37661367E-02
0.93999998E+00 0.79999998E-01 0.32575074E-02
0.95999998E+00 0.79999998E-01 0.26953985E-02
0.97999998E+00 0.79999998E-01 0.28245195E-02
0.99999998E+00 0.79999998E-01 0.29552707E-02
0.10200000E+01 0.79999998E-01 0.30873169E-02
0.10400000E+01 0.79999998E-01 0.32203053E-02
0.10600000E+01 0.79999998E-01 0.33538703E-02
0.10800000E+01 0.79999998E-01 0.34876388E-02
0.11000000E+01 0.79999998E-01 0.36212366E-02
0.11200000E+01 0.79999998E-01 0.37542958E-02
0.11400000E+01 0.79999998E-01 0.38864633E-02
0.11600000E+01 0.79999998E-01 0.40174114E-02
0.11800000E+01 0.79999998E-01 0.41468483E-02
0.12000000E+01 0.79999998E-01 0.42745305E-02
0.12200000E+01 0.79999998E-01 0.44002769E-02
0.12400000E+01 0.79999998E-01 0.45239830E-02
0.12600000E+01 0.79999998E-01 0.46456370E-02
0.12800000E+01 0.79999998E-01 0.47653357E-02
0.13000000E+01 0.79999998E-01 0.48833019E-02
0.13200000E+01 0.79999998E-01 0.49999001E-02
0.13400000E+01 0.79999998E-01 0.51156528E-02
0.13600000E+01 0.79999998E-01 0.52312535E-02
0.13800000E+01 0.79999998E-01 0.53475771E-02
0.14000000E+01 0.79999998E-01 0.54656841E-02
0.14200000E+01 0.79999998E-01 0.55868164E-02
0.14400000E+01 0.79999998E-01 0.57123809E-02
0.14600000E+01 0.79999998E-01 0.58439130E-02
0.14800000E+01 0.79999998E-01 0.59830115E-02
0.15000000E+01 0.79999998E-01 0.61312276E-02
0.15200000E+01 0.79999998E-01 0.62898784E-02
0.15400000E+01 0.79999998E-01 0.64597201E-02
0.15600000E+01 0.79999998E-01 0.66408156E-02
0.15800000E+01 0.79999998E-01 0.68264591E-02
0.16000000E+01 0.79999998E-01 0.70119050E-02
0.16200000E+01 0.79999998E-01 0.71967259E-02
0.16400000E+01 0.79999998E-01 0.73804577E-02
0.16600000E+01 0.79999998E-01 0.75625956E-02
0.16800000E+01 0.79999998E-01 0.77425913E-02
0.17000000E+01 0.79999998E-01 0.79198485E-02
0.17200000E+01 0.79999998E-01 0.80937181E-02
0.17400000E+01 0.79999998E-01 0.82634927E-02
0.17600000E+01 0.79999998E-01 0.84284002E-02
0.17800000E+01 0.79999998E-01 0.85875957E-02
0.18000000E+01 0.79999998E-01 0.87401530E-02
0.18200000E+01 0.79999998E-01 0.88850534E-02
0.18400000E+01 0.79999998E-01 0.90211729E-02
0.18600000E+01 0.79999998E-01 0.91472665E-02
0.18800000E+01 0.79999998E-01 0.92619492E-02
0.19000000E+01 0.79999998E-01 0.93636716E-02
0.19200000E+01 0.79999998E-01 0.94506894E-02
0.19400000E+01 0.79999998E-01 0.95210228E-02
0.19600000E+01 0.79999998E-01 0.95724016E-02
0.19800000E+01 0.79999998E-01 0.96021862E-02
0.20000000E+01 0.79999998E-01 0.96072510E-02
0.00000000E+00 0.99999998E-01 0.97299139E-06
0.20000000E-01 0.99999998E-01 0.30701316E-04
0.39999999E-01 0.99999998E-01 0.67153276E-04
0.59999999E-01 0.99999998E-01 0.11018867E-03
0.79999998E-01 0.99999998E-01 0.15959689E-03
0.99999998E-01 0.99999998E-01 0.21508362E-03
0.12000000E+00 0.99999998E-01 0.27625532E-03
0.14000000E+00 0.99999998E-01 0.34260019E-03
0.16000000E+00 0.99999998E-01 0.41346390E-03
0.18000000E+00 0.99999998E-01 0.48801659E-03
0.20000000E+00 0.99999998E-01 0.56520408E-03
0.22000000E+00 0.99999998E-01 0.64366796E-03
0.23999999E+00 0.99999998E-01 0.72159740E-03
0.25999999E+00 0.99999998E-01 0.79640841E-03
0.27999999E+00 0.99999998E-01 0.86388994E-03
0.29999999E+00 0.99999998E-01 0.91499621E-03
0.31999999E+00 0.99999998E-01 0.89966548E-03
0.33999999E+00 0.99999998E-01 0.96373695E-03
0.35999999E+00 0.99999998E-01 0.10816951E-02
0.37999999E+00 0.99999998E-01 0.12061330E-02
0.39999999E+00 0.99999998E-01 0.13368321E-02
0.41999999E+00 0.99999998E-01 0.14735239E-02
0.43999999E+00 0.99999998E-01 0.16158844E-02
0.45999999E+00 0.99999998E-01 0.17635284E-02
0.47999999E+00 0.99999998E-01 0.19160030E-02
0.49999999E+00 0.99999998E-01 0.20727812E-02
0.51999999E+00 0.99999998E-01 0.22332535E-02
0.53999999E+00 0.99999998E-01 0.23967202E-02
0.55999999E+00 0.99999998E-01 0.25623817E-02
0.57999999E+00 0.99999998E-01 0.27293273E-02
0.59999999E+00 0.99999998E-01 0.28965233E-02
0.61999999E+00 0.99999998E-01 0.30627973E-02
0.63999999E+00 0.99999998E-01 0.32268202E-02
0.65999999E+00 0.99999998E-01 0.33870832E-02
0.67999998E+00 0.99999998E-01 0.35418681E-02
0.69999998E+00 0.99999998E-01 0.36892081E-02
0.71999998E+00 0.99999998E-01 0.38268341E-02
0.73999998E+00 0.99999998E-01 0.39520982E-02
0.75999998E+00 0.99999998E-01 0.40618610E-02
0.77999998E+00 0.99999998E-01 0.41523177E-02
0.79999998E+00 0.99999998E-01 0.42187159E-02
0.81999998E+00 0.99999998E-01 0.42548663E-02
0.83999998E+00 0.99999998E-01 0.42522231E-02
0.85999998E+00 0.99999998E-01 0.41979463E-02
0.87999998E+00 0.99999998E-01 0.40700792E-02
0.89999998E+00 0.99999998E-01 0.38216099E-02
0.91999998E+00 0.99999998E-01 0.32766795E-02
0.93999998E+00 0.99999998E-01 0.26537201E-02
0.95999998E+00 0.99999998E-01 0.27804737E-02
0.97999998E+00 0.99999998E-01 0.29083354E-02
0.99999998E+00 0.99999998E-01 0.30369110E-02
0.10200000E+01 0.99999998E-01 0.31657934E-02
0.10400000E+01 0.99999998E-01 0.32945676E-02
0.10600000E+01 0.99999998E-01 0.34228188E-02
0.10800000E+01 0.99999998E-01 0.35501405E-02
0.11000000E+01 0.99999998E-01 0.36761443E-02
0.11200000E+01 0.99999998E-01 0.38004709E-02
0.11400000E+01 0.99999998E-01 0.39228025E-02
0.11600000E+01 0.99999998E-01 0.40428767E-02
0.11800000E+01 0.99999998E-01 0.41605012E-02
0.12000000E+01 0.99999998E-01 0.42755705E-02
0.12200000E+01 0.99999998E-01 0.43880825E-02
0.12400000E+01 0.99999998E-01 0.44981569E-02
0.12600000E+01 0.99999998E-01 0.46060535E-02
0.12800000E+01 0.99999998E-01 0.47121902E-02
0.13000000E+01 0.99999998E-01 0.48171599E-02
0.13200000E+01 0.99999998E-01 0.49217453E-02
0.13400000E+01 0.99999998E-01 0.50269304E-02
0.13600000E+01 0.99999998E-01 0.51339050E-02
0.13800000E+01 0.99999998E-01 0.52440610E-02
0.14000000E+01 0.99999998E-01 0.53589743E-02
0.14200000E+01 0.99999998E-01 0.54803668E-02
0.14400000E+01 0.99999998E-01 0.56100358E-02
0.14600000E+01 0.99999998E-01 0.57497343E-02
0.14800000E+01 0.99999998E-01 0.59009647E-02
0.15000000E+01 0.99999998E-01 0.60646047E-02
0.15200000E+01 0.99999998E-01 0.62400867E-02
0.15400000E+01 0.99999998E-01 0.64224054E-02
0.15600000E+01 0.99999998E-01 0.66071345E-02
0.15800000E+01 0.99999998E-01 0.67935723E-02
0.16000000E+01 0.99999998E-01 0.69814723E-02
0.16200000E+01 0.99999998E-01 0.71705371E-02
0.16400000E+01 0.99999998E-01 0.73604097E-02
0.16600000E+01 0.99999998E-01 0.75506637E-02
0.16800000E+01 0.99999998E-01 0.77407920E-02
0.17000000E+01 0.99999998E-01 0.79301946E-02
0.17200000E+01 0.99999998E-01 0.81181642E-02
0.17400000E+01 0.99999998E-01 0.83038705E-02
0.17600000E+01 0.99999998E-01 0.84863431E-02
0.17800000E+01 0.99999998E-01 0.86644519E-02
0.18000000E+01 0.99999998E-01 0.88368862E-02
0.18200000E+01 0.99999998E-01 0.90021315E-02
0.18400000E+01 0.99999998E-01 0.91584441E-02
0.18600000E+01 0.99999998E-01 0.93038238E-02
0.18800000E+01 0.99999998E-01 0.94359834E-02
0.19000000E+01 0.99999998E-01 0.95523156E-02
0.19200000E+01 0.99999998E-01 0.96498554E-02
0.19400000E+01 0.99999998E-01 0.97252354E-02
0.19600000E+01 0.99999998E-01 0.97746307E-02
0.19800000E+01 0.99999998E-01 0.97936824E-02
0.20000000E+01 0.99999998E-01 0.97773801E-02
0.00000000E+00 0.12000000E+00 0.18344859E-05
0.20000000E-01 0.12000000E+00 0.40231055E-04
0.39999999E-01 0.12000000E+00 0.83423247E-04
0.59999999E-01 0.12000000E+00 0.13120380E-03
0.79999998E-01 0.12000000E+00 0.18327516E-03
0.99999998E-01 0.12000000E+00 0.23924693E-03
0.12000000E+00 0.12000000E+00 0.29863512E-03
0.14000000E+00 0.12000000E+00 0.36086389E-03
0.16000000E+00 0.12000000E+00 0.42527006E-03
0.18000000E+00 0.12000000E+00 0.49111060E-03
0.20000000E+00 0.12000000E+00 0.55757152E-03
0.22000000E+00 0.12000000E+00 0.62377079E-03
0.23999999E+00 0.12000000E+00 0.68872754E-03
0.25999999E+00 0.12000000E+00 0.75117787E-03
0.27999999E+00 0.12000000E+00 0.80853870E-03
0.29999999E+00 0.12000000E+00 0.84142870E-03
0.31999999E+00 0.12000000E+00 0.92890572E-03
0.33999999E+00 0.12000000E+00 0.10461022E-02
0.35999999E+00 0.12000000E+00 0.11695571E-02
0.37999999E+00 0.12000000E+00 0.12989970E-02
0.39999999E+00 0.12000000E+00 0.14341082E-02
0.41999999E+00 0.12000000E+00 0.15745333E-02
0.43999999E+00 0.12000000E+00 0.17198686E-02
0.45999999E+00 0.12000000E+00 0.18696604E-02
0.47999999E+00 0.12000000E+00 0.20234012E-02
0.49999999E+00 0.12000000E+00 0.21805248E-02
0.51999999E+00 0.12000000E+00 0.23404011E-02
0.53999999E+00 0.12000000E+00 0.25023292E-02
0.55999999E+00 0.12000000E+00 0.26655288E-02
0.57999999E+00 0.12000000E+00 0.28291302E-02
0.59999999E+00 0.12000000E+00 0.29921601E-02
0.61999999E+00 0.12000000E+00 0.31535239E-02
0.63999999E+00 0.12000000E+00 0.33119813E-02
0.65999999E+00 0.12000000E+00 0.34661145E-02
0.67999998E+00 0.12000000E+00 0.36142823E-02
0.69999998E+00 0.12000000E+00 0.37545569E-02
0.71999998E+00 0.12000000E+00 0.38846324E-02
0.73999998E+00 0.12000000E+00 0.40016884E-02
0.75999998E+00 0.12000000E+00 0.41021811E-02
0.77999998E+00 0.12000000E+00 0.41815070E-02
0.79999998E+00 0.12000000E+00 0.42334303E-02
0.81999998E+00 0.12000000E+00 0.42490256E-02
0.83999998E+00 0.12000000E+00 0.42144975E-02
0.85999998E+00 0.12000000E+00 0.41058616E-02
0.87999998E+00 0.12000000E+00 0.38716972E-02
0.89999998E+00 0.12000000E+00 0.33227980E-02
0.91999998E+00 0.12000000E+00 0.26724487E-02
0.93999998E+00 0.12000000E+00 0.28012178E-02
0.95999998E+00 0.12000000E+00 0.29308296E-02
0.97999998E+00 0.12000000E+00 0.30608116E-02
0.99999998E+00 0.12000000E+00 0.31906726E-02
0.10200000E+01 0.12000000E+00 0.33199098E-02
0.10400000E+01 0.12000000E+00 0.34480163E-02
0.10600000E+01 0.12000000E+00 0.35744908E-02
0.10800000E+01 0.12000000E+00 0.36988477E-02
0.11000000E+01 0.12000000E+00 0.38206295E-02
0.11200000E+01 0.12000000E+00 0.39394205E-02
0.11400000E+01 0.12000000E+00 0.40548615E-02
0.11600000E+01 0.12000000E+00 0.41666668E-02
0.11800000E+01 0.12000000E+00 0.42746415E-02
0.12000000E+01 0.12000000E+00 0.43787015E-02
0.12200000E+01 0.12000000E+00 0.44788930E-02
0.12400000E+01 0.12000000E+00 0.45754141E-02
0.12600000E+01 0.12000000E+00 0.46686353E-02
0.12800000E+01 0.12000000E+00 0.47591204E-02
0.13000000E+01 0.12000000E+00 0.48476461E-02
0.13200000E+01 0.12000000E+00 0.49352175E-02
0.13400000E+01 0.12000000E+00 0.50230810E-02
0.13600000E+01 0.12000000E+00 0.51127282E-02
0.13800000E+01 0.12000000E+00 0.52058908E-02
0.14000000E+01 0.12000000E+00 0.53045184E-02
0.14200000E+01 0.12000000E+00 0.54107336E-02
0.14400000E+01 0.12000000E+00 0.55267524E-02
0.14600000E+01 0.12000000E+00 0.56547496E-02
0.14800000E+01 0.12000000E+00 0.57966355E-02
0.15000000E+01 0.12000000E+00 0.59536858E-02
0.15200000E+01 0.12000000E+00 0.61261761E-02
0.15400000E+01 0.12000000E+00 0.63058881E-02
0.15600000E+01 0.12000000E+00 0.64890704E-02
0.15800000E+01 0.12000000E+00 0.66756798E-02
0.16000000E+01 0.12000000E+00 0.68656136E-02
0.16200000E+01 0.12000000E+00 0.70586966E-02
0.16400000E+01 0.12000000E+00 0.72546646E-02
0.16600000E+01 0.12000000E+00 0.74531476E-02
0.16800000E+01 0.12000000E+00 0.76536495E-02
0.17000000E+01 0.12000000E+00 0.78555263E-02
0.17200000E+01 0.12000000E+00 0.80579617E-02
0.17400000E+01 0.12000000E+00 0.82599407E-02
0.17600000E+01 0.12000000E+00 0.84602204E-02
0.17800000E+01 0.12000000E+00 0.86572994E-02
0.18000000E+01 0.12000000E+00 0.88493845E-02
0.18200000E+01 0.12000000E+00 0.90343564E-02
0.18400000E+01 0.12000000E+00 0.92097343E-02
0.18600000E+01 0.12000000E+00 0.93726400E-02
0.18800000E+01 0.12000000E+00 0.95197617E-02
0.19000000E+01 0.12000000E+00 0.96473207E-02
0.19200000E+01 0.12000000E+00 0.97510372E-02
0.19400000E+01 0.12000000E+00 0.98260999E-02
0.19600000E+01 0.12000000E+00 0.98671308E-02
0.19800000E+01 0.12000000E+00 0.98681404E-02
0.20000000E+01 0.12000000E+00 0.98224416E-02
0.00000000E+00 0.14000000E+00 0.30729734E-05
0.20000000E-01 0.14000000E+00 0.50552405E-04
0.39999999E-01 0.14000000E+00 0.10073115E-03
0.59999999E-01 0.14000000E+00 0.15335083E-03
0.79999998E-01 0.14000000E+00 0.20805702E-03
0.99999998E-01 0.14000000E+00 0.26440925E-03
0.12000000E+00 0.14000000E+00 0.32189883E-03
0.14000000E+00 0.14000000E+00 0.37997728E-03
0.16000000E+00 0.14000000E+00 0.43810032E-03
0.18000000E+00 0.14000000E+00 0.49579433E-03
0.20000000E+00 0.14000000E+00 0.55275720E-03
0.22000000E+00 0.14000000E+00 0.60901291E-03
0.23999999E+00 0.14000000E+00 0.66514878E-03
0.25999999E+00 0.14000000E+00 0.72261837E-03
0.27999999E+00 0.14000000E+00 0.78068856E-03
0.29999999E+00 0.14000000E+00 0.88010473E-03
0.31999999E+00 0.14000000E+00 0.99491762E-03
0.33999999E+00 0.14000000E+00 0.11156894E-02
0.35999999E+00 0.14000000E+00 0.12420851E-02
0.37999999E+00 0.14000000E+00 0.13737390E-02
0.39999999E+00 0.14000000E+00 0.15102550E-02
0.41999999E+00 0.14000000E+00 0.16512070E-02
0.43999999E+00 0.14000000E+00 0.17961389E-02
0.45999999E+00 0.14000000E+00 0.19445641E-02
0.47999999E+00 0.14000000E+00 0.20959649E-02
0.49999999E+00 0.14000000E+00 0.22497902E-02
0.51999999E+00 0.14000000E+00 0.24054528E-02
0.53999999E+00 0.14000000E+00 0.25623244E-02
0.55999999E+00 0.14000000E+00 0.27197280E-02
0.57999999E+00 0.14000000E+00 0.28769269E-02
0.59999999E+00 0.14000000E+00 0.30331081E-02
0.61999999E+00 0.14000000E+00 0.31873589E-02
0.63999999E+00 0.14000000E+00 0.33386332E-02
0.65999999E+00 0.14000000E+00 0.34857016E-02
0.67999998E+00 0.14000000E+00 0.36270811E-02
0.69999998E+00 0.14000000E+00 0.37609304E-02
0.71999998E+00 0.14000000E+00 0.38848940E-02
0.73999998E+00 0.14000000E+00 0.39958630E-02
0.75999998E+00 0.14000000E+00 0.40895922E-02
0.77999998E+00 0.14000000E+00 0.41600570E-02
0.79999998E+00 0.14000000E+00 0.41982837E-02
0.81999998E+00 0.14000000E+00 0.41899786E-02
0.83999998E+00 0.14000000E+00 0.41098512E-02
0.85999998E+00 0.14000000E+00 0.39035269E-02
0.87999998E+00 0.14000000E+00 0.33737891E-02
0.89999998E+00 0.14000000E+00 0.27215973E-02
0.91999998E+00 0.14000000E+00 0.28549653E-02
0.93999998E+00 0.14000000E+00 0.29891854E-02
0.95999998E+00 0.14000000E+00 0.31237118E-02
0.97999998E+00 0.14000000E+00 0.32579694E-02
0.99999998E+00 0.14000000E+00 0.33913598E-02
0.10200000E+01 0.14000000E+00 0.35232692E-02
0.10400000E+01 0.14000000E+00 0.36530762E-02
0.10600000E+01 0.14000000E+00 0.37801628E-02
0.10800000E+01 0.14000000E+00 0.39039256E-02
0.11000000E+01 0.14000000E+00 0.40237891E-02
0.11200000E+01 0.14000000E+00 0.41392207E-02
0.11400000E+01 0.14000000E+00 0.42497471E-02
0.11600000E+01 0.14000000E+00 0.43549727E-02
0.11800000E+01 0.14000000E+00 0.44545995E-02
0.12000000E+01 0.14000000E+00 0.45484489E-02
0.12200000E+01 0.14000000E+00 0.46364841E-02
0.12400000E+01 0.14000000E+00 0.47188352E-02
0.12600000E+01 0.14000000E+00 0.47958245E-02
0.12800000E+01 0.14000000E+00 0.48679924E-02
0.13000000E+01 0.14000000E+00 0.49361243E-02
0.13200000E+01 0.14000000E+00 0.50012769E-02
0.13400000E+01 0.14000000E+00 0.50648036E-02
0.13600000E+01 0.14000000E+00 0.51283791E-02
0.13800000E+01 0.14000000E+00 0.51940227E-02
0.14000000E+01 0.14000000E+00 0.52641227E-02
0.14200000E+01 0.14000000E+00 0.53414676E-02
0.14400000E+01 0.14000000E+00 0.54293089E-02
0.14600000E+01 0.14000000E+00 0.55315422E-02
0.14800000E+01 0.14000000E+00 0.56534740E-02
0.15000000E+01 0.14000000E+00 0.58080680E-02
0.15200000E+01 0.14000000E+00 0.59794938E-02
0.15400000E+01 0.14000000E+00 0.61557560E-02
0.15600000E+01 0.14000000E+00 0.63370079E-02
0.15800000E+01 0.14000000E+00 0.65233413E-02
0.16000000E+01 0.14000000E+00 0.67147687E-02
0.16200000E+01 0.14000000E+00 0.69112029E-02
0.16400000E+01 0.14000000E+00 0.71124342E-02
0.16600000E+01 0.14000000E+00 0.73181047E-02
0.16800000E+01 0.14000000E+00 0.75276801E-02
0.17000000E+01 0.14000000E+00 0.77404179E-02
0.17200000E+01 0.14000000E+00 0.79553332E-02
0.17400000E+01 0.14000000E+00 0.81711622E-02
0.17600000E+01 0.14000000E+00 0.83863228E-02
0.17800000E+01 0.14000000E+00 0.85988734E-02
0.18000000E+01 0.14000000E+00 0.88064711E-02
0.18200000E+01 0.14000000E+00 0.90063295E-02
0.18400000E+01 0.14000000E+00 0.91951778E-02
0.18600000E+01 0.14000000E+00 0.93692244E-02
0.18800000E+01 0.14000000E+00 0.95241249E-02
0.19000000E+01 0.14000000E+00 0.96549607E-02
0.19200000E+01 0.14000000E+00 0.97562283E-02
0.19400000E+01 0.14000000E+00 0.98218450E-02
0.19600000E+01 0.14000000E+00 0.98451682E-02
0.19800000E+01 0.14000000E+00 0.98190197E-02
0.20000000E+01 0.14000000E+00 0.97356746E-02
0.00000000E+00 0.16000000E+00 0.47176589E-05
0.20000000E-01 0.16000000E+00 0.61256266E-04
0.39999999E-01 0.16000000E+00 0.11824596E-03
0.59999999E-01 0.16000000E+00 0.17540803E-03
0.79999998E-01 0.16000000E+00 0.23237637E-03
0.99999998E-01 0.16000000E+00 0.28872314E-03
0.12000000E+00 0.16000000E+00 0.34400012E-03
0.14000000E+00 0.16000000E+00 0.39780280E-03
0.16000000E+00 0.16000000E+00 0.44986942E-03
0.18000000E+00 0.16000000E+00 0.50023693E-03
0.20000000E+00 0.16000000E+00 0.54949848E-03
0.22000000E+00 0.16000000E+00 0.59926934E-03
0.23999999E+00 0.16000000E+00 0.65319356E-03
0.25999999E+00 0.16000000E+00 0.72013160E-03
0.27999999E+00 0.16000000E+00 0.82317168E-03
0.29999999E+00 0.16000000E+00 0.93455857E-03
0.31999999E+00 0.16000000E+00 0.10515810E-02
0.33999999E+00 0.16000000E+00 0.11738370E-02
0.35999999E+00 0.16000000E+00 0.13009029E-02
0.37999999E+00 0.16000000E+00 0.14323367E-02
0.39999999E+00 0.16000000E+00 0.15676825E-02
0.41999999E+00 0.16000000E+00 0.17064742E-02
0.43999999E+00 0.16000000E+00 0.18482390E-02
0.45999999E+00 0.16000000E+00 0.19925009E-02
0.47999999E+00 0.16000000E+00 0.21387830E-02
0.49999999E+00 0.16000000E+00 0.22866086E-02
0.51999999E+00 0.16000000E+00 0.24355009E-02
0.53999999E+00 0.16000000E+00 0.25849786E-02
0.55999999E+00 0.16000000E+00 0.27345493E-02
0.57999999E+00 0.16000000E+00 0.28836949E-02
0.59999999E+00 0.16000000E+00 0.30318506E-02
0.61999999E+00 0.16000000E+00 0.31783703E-02
0.63999999E+00 0.16000000E+00 0.33224760E-02
0.65999999E+00 0.16000000E+00 0.34631813E-02
0.67999998E+00 0.16000000E+00 0.35991773E-02
0.69999998E+00 0.16000000E+00 0.37286616E-02
0.71999998E+00 0.16000000E+00 0.38490735E-02
0.73999998E+00 0.16000000E+00 0.39566746E-02
0.75999998E+00 0.16000000E+00 0.40458486E-02
0.77999998E+00 0.16000000E+00 0.41078445E-02
0.79999998E+00 0.16000000E+00 0.41282684E-02
0.81999998E+00 0.16000000E+00 0.40811732E-02
0.83999998E+00 0.16000000E+00 0.39105394E-02
0.85999998E+00 0.16000000E+00 0.34157066E-02
0.87999998E+00 0.16000000E+00 0.27806432E-02
0.89999998E+00 0.16000000E+00 0.29197995E-02
0.91999998E+00 0.16000000E+00 0.30600664E-02
0.93999998E+00 0.16000000E+00 0.32008460E-02
0.95999998E+00 0.16000000E+00 0.33414971E-02
0.97999998E+00 0.16000000E+00 0.34813398E-02
0.99999998E+00 0.16000000E+00 0.36196615E-02
0.10200000E+01 0.16000000E+00 0.37557236E-02
0.10400000E+01 0.16000000E+00 0.38887696E-02
0.10600000E+01 0.16000000E+00 0.40180357E-02
0.10800000E+01 0.16000000E+00 0.41427614E-02
0.11000000E+01 0.16000000E+00 0.42622029E-02
0.11200000E+01 0.16000000E+00 0.43756483E-02
0.11400000E+01 0.16000000E+00 0.44824340E-02
0.11600000E+01 0.16000000E+00 0.45819644E-02
0.11800000E+01 0.16000000E+00 0.46737329E-02
0.12000000E+01 0.16000000E+00 0.47573460E-02
0.12200000E+01 0.16000000E+00 0.48325505E-02
0.12400000E+01 0.16000000E+00 0.48992633E-02
0.12600000E+01 0.16000000E+00 0.49576055E-02
0.12800000E+01 0.16000000E+00 0.50079419E-02
0.13000000E+01 0.16000000E+00 0.50509254E-02
0.13200000E+01 0.16000000E+00 0.50875518E-02
0.13400000E+01 0.16000000E+00 0.51192258E-02
0.13600000E+01 0.16000000E+00 0.51478496E-02
0.13800000E+01 0.16000000E+00 0.51759458E-02
0.14000000E+01 0.16000000E+00 0.52068520E-02
0.14200000E+01 0.16000000E+00 0.52450682E-02
0.14400000E+01 0.16000000E+00 0.52970174E-02
0.14600000E+01 0.16000000E+00 0.53734182E-02
0.14800000E+01 0.16000000E+00 0.55048444E-02
0.15000000E+01 0.16000000E+00 0.56658733E-02
0.15200000E+01 0.16000000E+00 0.58326033E-02
0.15400000E+01 0.16000000E+00 0.60053564E-02
0.15600000E+01 0.16000000E+00 0.61843957E-02
0.15800000E+01 0.16000000E+00 0.63699046E-02
0.16000000E+01 0.16000000E+00 0.65619637E-02
0.16200000E+01 0.16000000E+00 0.67605240E-02
0.16400000E+01 0.16000000E+00 0.69653771E-02
0.16600000E+01 0.16000000E+00 0.71761223E-02
0.16800000E+01 0.16000000E+00 0.73921304E-02
0.17000000E+01 0.16000000E+00 0.76125038E-02
0.17200000E+01 0.16000000E+00 0.78360339E-02
0.17400000E+01 0.16000000E+00 0.80611567E-02
0.17600000E+01 0.16000000E+00 0.82859056E-02
0.17800000E+01 0.16000000E+00 0.85078644E-02
0.18000000E+01 0.16000000E+00 0.87241206E-02
0.18200000E+01 0.16000000E+00 0.89312223E-02
0.18400000E+01 0.16000000E+00 0.91251404E-02
0.18600000E+01 0.16000000E+00 0.93012416E-02
0.18800000E+01 0.16000000E+00 0.94542752E-02
0.19000000E+01 0.16000000E+00 0.95783819E-02
0.19200000E+01 0.16000000E+00 0.96671314E-02
0.19400000E+01 0.16000000E+00 0.97135972E-02
0.19600000E+01 0.16000000E+00 0.97104724E-02
0.19800000E+01 0.16000000E+00 0.96502168E-02
0.20000000E+01 0.16000000E+00 0.95251618E-02
0.00000000E+00 0.18000000E+00 0.67779325E-05
0.20000000E-01 0.18000000E+00 0.71943606E-04
0.39999999E-01 0.18000000E+00 0.13519760E-03
0.59999999E-01 0.18000000E+00 0.19628651E-03
0.79999998E-01 0.18000000E+00 0.25489313E-03
0.99999998E-01 0.18000000E+00 0.31068156E-03
0.12000000E+00 0.18000000E+00 0.36336866E-03
0.14000000E+00 0.18000000E+00 0.41283566E-03
0.16000000E+00 0.18000000E+00 0.45930576E-03
0.18000000E+00 0.18000000E+00 0.50364120E-03
0.20000000E+00 0.18000000E+00 0.54789215E-03
0.22000000E+00 0.18000000E+00 0.59653789E-03
0.23999999E+00 0.18000000E+00 0.66146851E-03
0.25999999E+00 0.18000000E+00 0.76236911E-03
0.27999999E+00 0.18000000E+00 0.86970854E-03
0.29999999E+00 0.18000000E+00 0.98237307E-03
0.31999999E+00 0.18000000E+00 0.10998920E-02
0.33999999E+00 0.18000000E+00 0.12217794E-02
0.35999999E+00 0.18000000E+00 0.13475417E-02
0.37999999E+00 0.18000000E+00 0.14766854E-02
0.39999999E+00 0.18000000E+00 0.16087244E-02
0.41999999E+00 0.18000000E+00 0.17431886E-02
0.43999999E+00 0.18000000E+00 0.18796311E-02
0.45999999E+00 0.18000000E+00 0.20176354E-02
0.47999999E+00 0.18000000E+00 0.21568212E-02
0.49999999E+00 0.18000000E+00 0.22968480E-02
0.51999999E+00 0.18000000E+00 0.24374166E-02
0.53999999E+00 0.18000000E+00 0.25782652E-02
0.55999999E+00 0.18000000E+00 0.27191596E-02
0.57999999E+00 0.18000000E+00 0.28598744E-02
0.59999999E+00 0.18000000E+00 0.30001603E-02
0.61999999E+00 0.18000000E+00 0.31396931E-02
0.63999999E+00 0.18000000E+00 0.32779945E-02
0.65999999E+00 0.18000000E+00 0.34143115E-02
0.67999998E+00 0.18000000E+00 0.35474341E-02
0.69999998E+00 0.18000000E+00 0.36754121E-02
0.71999998E+00 0.18000000E+00 0.37951078E-02
0.73999998E+00 0.18000000E+00 0.39014534E-02
0.75999998E+00 0.18000000E+00 0.39861331E-02
0.77999998E+00 0.18000000E+00 0.40349853E-02
0.79999998E+00 0.18000000E+00 0.40219742E-02
0.81999998E+00 0.18000000E+00 0.38905860E-02
0.83999998E+00 0.18000000E+00 0.34405593E-02
0.85999998E+00 0.18000000E+00 0.28361976E-02
0.87999998E+00 0.18000000E+00 0.29812995E-02
0.89999998E+00 0.18000000E+00 0.31279703E-02
0.91999998E+00 0.18000000E+00 0.32755891E-02
0.93999998E+00 0.18000000E+00 0.34234769E-02
0.95999998E+00 0.18000000E+00 0.35708987E-02
0.97999998E+00 0.18000000E+00 0.37170668E-02
0.99999998E+00 0.18000000E+00 0.38611452E-02
0.10200000E+01 0.18000000E+00 0.40022545E-02
0.10400000E+01 0.18000000E+00 0.41394793E-02
0.10600000E+01 0.18000000E+00 0.42718756E-02
0.10800000E+01 0.18000000E+00 0.43984814E-02
0.11000000E+01 0.18000000E+00 0.45183278E-02
0.11200000E+01 0.18000000E+00 0.46304535E-02
0.11400000E+01 0.18000000E+00 0.47339211E-02
0.11600000E+01 0.18000000E+00 0.48278368E-02
0.11800000E+01 0.18000000E+00 0.49113738E-02
0.12000000E+01 0.18000000E+00 0.49838005E-02
0.12200000E+01 0.18000000E+00 0.50445139E-02
0.12400000E+01 0.18000000E+00 0.50930818E-02
0.12600000E+01 0.18000000E+00 0.51292943E-02
0.12800000E+01 0.18000000E+00 0.51532298E-02
0.13000000E+01 0.18000000E+00 0.51653410E-02
0.13200000E+01 0.18000000E+00 0.51665715E-02
0.13400000E+01 0.18000000E+00 0.51585192E-02
0.13600000E+01 0.18000000E+00 0.51436790E-02
0.13800000E+01 0.18000000E+00 0.51258311E-02
0.14000000E+01 0.18000000E+00 0.51107298E-02
0.14200000E+01 0.18000000E+00 0.51075546E-02
0.14400000E+01 0.18000000E+00 0.51331631E-02
0.14600000E+01 0.18000000E+00 0.52386001E-02
0.14800000E+01 0.18000000E+00 0.53883313E-02
0.15000000E+01 0.18000000E+00 0.55441201E-02
0.15200000E+01 0.18000000E+00 0.57064151E-02
0.15400000E+01 0.18000000E+00 0.58756120E-02
0.15600000E+01 0.18000000E+00 0.60520311E-02
0.15800000E+01 0.18000000E+00 0.62358928E-02
0.16000000E+01 0.18000000E+00 0.64272890E-02
0.16200000E+01 0.18000000E+00 0.66261510E-02
0.16400000E+01 0.18000000E+00 0.68322142E-02
0.16600000E+01 0.18000000E+00 0.70449793E-02
0.16800000E+01 0.18000000E+00 0.72636694E-02
0.17000000E+01 0.18000000E+00 0.74871853E-02
0.17200000E+01 0.18000000E+00 0.77140572E-02
0.17400000E+01 0.18000000E+00 0.79423954E-02
0.17600000E+01 0.18000000E+00 0.81698411E-02
0.17800000E+01 0.18000000E+00 0.83935180E-02
0.18000000E+01 0.18000000E+00 0.86099887E-02
0.18200000E+01 0.18000000E+00 0.88152189E-02
0.18400000E+01 0.18000000E+00 0.90045543E-02
0.18600000E+01 0.18000000E+00 0.91727160E-02
0.18800000E+01 0.18000000E+00 0.93138246E-02
0.19000000E+01 0.18000000E+00 0.94214631E-02
0.19200000E+01 0.18000000E+00 0.94887931E-02
0.19400000E+01 0.18000000E+00 0.95087407E-02
0.19600000E+01 0.18000000E+00 0.94742647E-02
0.19800000E+01 0.18000000E+00 0.93786890E-02
0.20000000E+01 0.18000000E+00 0.92159339E-02
0.00000000E+00 0.20000000E+00 0.92556729E-05
0.20000000E-01 0.20000000E+00 0.82260216E-04
0.39999999E-01 0.20000000E+00 0.15093356E-03
0.59999999E-01 0.20000000E+00 0.21510730E-03
0.79999998E-01 0.20000000E+00 0.27458746E-03
0.99999998E-01 0.20000000E+00 0.32922314E-03
0.12000000E+00 0.20000000E+00 0.37901543E-03
0.14000000E+00 0.20000000E+00 0.42429130E-03
0.16000000E+00 0.20000000E+00 0.46599289E-03
0.18000000E+00 0.20000000E+00 0.50620360E-03
0.20000000E+00 0.20000000E+00 0.54929233E-03
0.22000000E+00 0.20000000E+00 0.60566786E-03
0.23999999E+00 0.20000000E+00 0.70071123E-03
0.25999999E+00 0.20000000E+00 0.80368828E-03
0.27999999E+00 0.20000000E+00 0.91171504E-03
0.29999999E+00 0.20000000E+00 0.10242538E-02
0.31999999E+00 0.20000000E+00 0.11407561E-02
0.33999999E+00 0.20000000E+00 0.12606732E-02
0.35999999E+00 0.20000000E+00 0.13834674E-02
0.37999999E+00 0.20000000E+00 0.15086242E-02
0.39999999E+00 0.20000000E+00 0.16356638E-02
0.41999999E+00 0.20000000E+00 0.17641538E-02
0.43999999E+00 0.20000000E+00 0.18937202E-02
0.45999999E+00 0.20000000E+00 0.20240586E-02
0.47999999E+00 0.20000000E+00 0.21549424E-02
0.49999999E+00 0.20000000E+00 0.22862289E-02
0.51999999E+00 0.20000000E+00 0.24178604E-02
0.53999999E+00 0.20000000E+00 0.25498589E-02
0.55999999E+00 0.20000000E+00 0.26823101E-02
0.57999999E+00 0.20000000E+00 0.28153347E-02
0.59999999E+00 0.20000000E+00 0.29490378E-02
0.61999999E+00 0.20000000E+00 0.30834295E-02
0.63999999E+00 0.20000000E+00 0.32183014E-02
0.65999999E+00 0.20000000E+00 0.33530363E-02
0.67999998E+00 0.20000000E+00 0.34863139E-02
0.69999998E+00 0.20000000E+00 0.36156439E-02
0.71999998E+00 0.20000000E+00 0.37365964E-02
0.73999998E+00 0.20000000E+00 0.38414462E-02
0.75999998E+00 0.20000000E+00 0.39165331E-02
0.77999998E+00 0.20000000E+00 0.39362132E-02
0.79999998E+00 0.20000000E+00 0.38444669E-02
0.81999998E+00 0.20000000E+00 0.34446054E-02
0.83999998E+00 0.20000000E+00 0.28801463E-02
0.85999998E+00 0.20000000E+00 0.30306305E-02
0.87999998E+00 0.20000000E+00 0.31832821E-02
0.89999998E+00 0.20000000E+00 0.33374889E-02
0.91999998E+00 0.20000000E+00 0.34925663E-02
0.93999998E+00 0.20000000E+00 0.36477567E-02
0.95999998E+00 0.20000000E+00 0.38022295E-02
0.97999998E+00 0.20000000E+00 0.39550815E-02
0.99999998E+00 0.20000000E+00 0.41053385E-02
0.10200000E+01 0.20000000E+00 0.42519583E-02
0.10400000E+01 0.20000000E+00 0.43938339E-02
0.10600000E+01 0.20000000E+00 0.45297993E-02
0.10800000E+01 0.20000000E+00 0.46586363E-02
0.11000000E+01 0.20000000E+00 0.47790846E-02
0.11200000E+01 0.20000000E+00 0.48898535E-02
0.11400000E+01 0.20000000E+00 0.49896389E-02
0.11600000E+01 0.20000000E+00 0.50771436E-02
0.11800000E+01 0.20000000E+00 0.51511057E-02
0.12000000E+01 0.20000000E+00 0.52103338E-02
0.12200000E+01 0.20000000E+00 0.52537557E-02
0.12400000E+01 0.20000000E+00 0.52804815E-02
0.12600000E+01 0.20000000E+00 0.52898909E-02
0.12800000E+01 0.20000000E+00 0.52817520E-02
0.13000000E+01 0.20000000E+00 0.52563902E-02
0.13200000E+01 0.20000000E+00 0.52149328E-02
0.13400000E+01 0.20000000E+00 0.51596804E-02
0.13600000E+01 0.20000000E+00 0.50947056E-02
0.13800000E+01 0.20000000E+00 0.50269119E-02
0.14000000E+01 0.20000000E+00 0.49682289E-02
0.14200000E+01 0.20000000E+00 0.49418647E-02
0.14400000E+01 0.20000000E+00 0.50205174E-02
0.14600000E+01 0.20000000E+00 0.51591438E-02
0.14800000E+01 0.20000000E+00 0.53037325E-02
0.15000000E+01 0.20000000E+00 0.54548089E-02
0.15200000E+01 0.20000000E+00 0.56128529E-02
0.15400000E+01 0.20000000E+00 0.57782765E-02
0.15600000E+01 0.20000000E+00 0.59513992E-02
0.15800000E+01 0.20000000E+00 0.61324188E-02
0.16000000E+01 0.20000000E+00 0.63213793E-02
0.16200000E+01 0.20000000E+00 0.65181356E-02
0.16400000E+01 0.20000000E+00 0.67223136E-02
0.16600000E+01 0.20000000E+00 0.69332683E-02
0.16800000E+01 0.20000000E+00 0.71500381E-02
0.17000000E+01 0.20000000E+00 0.73712973E-02
0.17200000E+01 0.20000000E+00 0.75953072E-02
0.17400000E+01 0.20000000E+00 0.78198675E-02
0.17600000E+01 0.20000000E+00 0.80422703E-02
0.17800000E+01 0.20000000E+00 0.82592582E-02
0.18000000E+01 0.20000000E+00 0.84669927E-02
0.18200000E+01 0.20000000E+00 0.86610363E-02
0.18400000E+01 0.20000000E+00 0.88363567E-02
0.18600000E+01 0.20000000E+00 0.89873621E-02
0.18800000E+01 0.20000000E+00 0.91079826E-02
0.19000000E+01 0.20000000E+00 0.91918146E-02
0.19200000E+01 0.20000000E+00 0.92323533E-02
0.19400000E+01 0.20000000E+00 0.92233423E-02
0.19600000E+01 0.20000000E+00 0.91592635E-02
0.19800000E+01 0.20000000E+00 0.90359206E-02
0.20000000E+01 0.20000000E+00 0.88505944E-02
0.00000000E+00 0.22000000E+00 0.12166535E-04
0.20000000E-01 0.22000000E+00 0.91939462E-04
0.39999999E-01 0.22000000E+00 0.16498087E-03
0.59999999E-01 0.22000000E+00 0.23127806E-03
0.79999998E-01 0.22000000E+00 0.29084306E-03
0.99999998E-01 0.22000000E+00 0.34380740E-03
0.12000000E+00 0.22000000E+00 0.39057372E-03
0.14000000E+00 0.22000000E+00 0.43206374E-03
0.16000000E+00 0.22000000E+00 0.47014851E-03
0.18000000E+00 0.22000000E+00 0.50847687E-03
0.20000000E+00 0.22000000E+00 0.55312722E-03
0.22000000E+00 0.22000000E+00 0.64021436E-03
0.23999999E+00 0.22000000E+00 0.73874105E-03
0.25999999E+00 0.22000000E+00 0.84208687E-03
0.27999999E+00 0.22000000E+00 0.94965298E-03
0.29999999E+00 0.22000000E+00 0.10608311E-02
0.31999999E+00 0.22000000E+00 0.11750172E-02
0.33999999E+00 0.22000000E+00 0.12916266E-02
0.35999999E+00 0.22000000E+00 0.14101090E-02
0.37999999E+00 0.22000000E+00 0.15299648E-02
0.39999999E+00 0.22000000E+00 0.16507615E-02
0.41999999E+00 0.22000000E+00 0.17721495E-02
0.43999999E+00 0.22000000E+00 0.18938775E-02
0.45999999E+00 0.22000000E+00 0.20158064E-02
0.47999999E+00 0.22000000E+00 0.21379193E-02
0.49999999E+00 0.22000000E+00 0.22603282E-02
0.51999999E+00 0.22000000E+00 0.23832728E-02
0.53999999E+00 0.22000000E+00 0.25071096E-02
0.55999999E+00 0.22000000E+00 0.26322859E-02
0.57999999E+00 0.22000000E+00 0.27592929E-02
0.59999999E+00 0.22000000E+00 0.28885870E-02
0.61999999E+00 0.22000000E+00 0.30204663E-02
0.63999999E+00 0.22000000E+00 0.31548769E-02
0.65999999E+00 0.22000000E+00 0.32911129E-02
0.67999998E+00 0.22000000E+00 0.34273389E-02
0.69999998E+00 0.22000000E+00 0.35598075E-02
0.71999998E+00 0.22000000E+00 0.36814891E-02
0.73999998E+00 0.22000000E+00 0.37794302E-02
0.75999998E+00 0.22000000E+00 0.38287750E-02
0.77999998E+00 0.22000000E+00 0.37748256E-02
0.79999998E+00 0.22000000E+00 0.34270299E-02
0.81999998E+00 0.22000000E+00 0.29081841E-02
0.83999998E+00 0.22000000E+00 0.30630261E-02
0.85999998E+00 0.22000000E+00 0.32207133E-02
0.87999998E+00 0.22000000E+00 0.33806725E-02
0.89999998E+00 0.22000000E+00 0.35422461E-02
0.91999998E+00 0.22000000E+00 0.37046876E-02
0.93999998E+00 0.22000000E+00 0.38671579E-02
0.95999998E+00 0.22000000E+00 0.40287219E-02
0.97999998E+00 0.22000000E+00 0.41883458E-02
0.99999998E+00 0.22000000E+00 0.43448941E-02
0.10200000E+01 0.22000000E+00 0.44971292E-02
0.10400000E+01 0.22000000E+00 0.46437101E-02
0.10600000E+01 0.22000000E+00 0.47831951E-02
0.10800000E+01 0.22000000E+00 0.49140446E-02
0.11000000E+01 0.22000000E+00 0.50346286E-02
0.11200000E+01 0.22000000E+00 0.51432381E-02
0.11400000E+01 0.22000000E+00 0.52381017E-02
0.11600000E+01 0.22000000E+00 0.53174118E-02
0.11800000E+01 0.22000000E+00 0.53793607E-02
0.12000000E+01 0.22000000E+00 0.54221930E-02
0.12200000E+01 0.22000000E+00 0.54442800E-02
0.12400000E+01 0.22000000E+00 0.54442256E-02
0.12600000E+01 0.22000000E+00 0.54210178E-02
0.12800000E+01 0.22000000E+00 0.53742484E-02
0.13000000E+01 0.22000000E+00 0.53044401E-02
0.13200000E+01 0.22000000E+00 0.52135475E-02
0.13400000E+01 0.22000000E+00 0.51057696E-02
0.13600000E+01 0.22000000E+00 0.49889854E-02
0.13800000E+01 0.22000000E+00 0.48776996E-02
0.14000000E+01 0.22000000E+00 0.48012849E-02
0.14200000E+01 0.22000000E+00 0.48539407E-02
0.14400000E+01 0.22000000E+00 0.49825425E-02
0.14600000E+01 0.22000000E+00 0.51166510E-02
0.14800000E+01 0.22000000E+00 0.52568162E-02
0.15000000E+01 0.22000000E+00 0.54035505E-02
0.15200000E+01 0.22000000E+00 0.55573069E-02
0.15400000E+01 0.22000000E+00 0.57184556E-02
0.15600000E+01 0.22000000E+00 0.58872557E-02
0.15800000E+01 0.22000000E+00 0.60638250E-02
0.16000000E+01 0.22000000E+00 0.62481061E-02
0.16200000E+01 0.22000000E+00 0.64398287E-02
0.16400000E+01 0.22000000E+00 0.66384699E-02
0.16600000E+01 0.22000000E+00 0.68432111E-02
0.16800000E+01 0.22000000E+00 0.70528942E-02
0.17000000E+01 0.22000000E+00 0.72659758E-02
0.17200000E+01 0.22000000E+00 0.74804833E-02
0.17400000E+01 0.22000000E+00 0.76939732E-02
0.17600000E+01 0.22000000E+00 0.79034951E-02
0.17800000E+01 0.22000000E+00 0.81055665E-02
0.18000000E+01 0.22000000E+00 0.82961616E-02
0.18200000E+01 0.22000000E+00 0.84707238E-02
0.18400000E+01 0.22000000E+00 0.86242108E-02
0.18600000E+01 0.22000000E+00 0.87511876E-02
0.18800000E+01 0.22000000E+00 0.88459867E-02
0.19000000E+01 0.22000000E+00 0.89029647E-02
0.19200000E+01 0.22000000E+00 0.89168940E-02
0.19400000E+01 0.22000000E+00 0.88835415E-02
0.19600000E+01 0.22000000E+00 0.88004721E-02
0.19800000E+01 0.22000000E+00 0.86678853E-02
0.20000000E+01 0.22000000E+00 0.84867734E-02
0.00000000E+00 0.23999999E+00 0.15569448E-04
0.20000000E-01 0.23999999E+00 0.10085000E-03
0.39999999E-01 0.23999999E+00 0.17710659E-03
0.59999999E-01 0.23999999E+00 0.24455654E-03
0.79999998E-01 0.23999999E+00 0.30349567E-03
0.99999998E-01 0.23999999E+00 0.35441486E-03
0.12000000E+00 0.23999999E+00 0.39818413E-03
0.14000000E+00 0.23999999E+00 0.43634108E-03
0.16000000E+00 0.23999999E+00 0.47147439E-03
0.18000000E+00 0.23999999E+00 0.50379767E-03
0.20000000E+00 0.23999999E+00 0.58208944E-03
0.22000000E+00 0.23999999E+00 0.67625151E-03
0.23999999E+00 0.23999999E+00 0.77504704E-03
0.25999999E+00 0.23999999E+00 0.87782515E-03
0.27999999E+00 0.23999999E+00 0.98392428E-03
0.29999999E+00 0.23999999E+00 0.10926888E-02
0.31999999E+00 0.23999999E+00 0.12034868E-02
0.33999999E+00 0.23999999E+00 0.13157290E-02
0.35999999E+00 0.23999999E+00 0.14288881E-02
0.37999999E+00 0.23999999E+00 0.15425194E-02
0.39999999E+00 0.23999999E+00 0.16562809E-02
0.41999999E+00 0.23999999E+00 0.17699529E-02
0.43999999E+00 0.23999999E+00 0.18834563E-02
0.45999999E+00 0.23999999E+00 0.19968679E-02
0.47999999E+00 0.23999999E+00 0.21104313E-02
0.49999999E+00 0.23999999E+00 0.22245611E-02
0.51999999E+00 0.23999999E+00 0.23398359E-02
0.53999999E+00 0.23999999E+00 0.24569775E-02
0.55999999E+00 0.23999999E+00 0.25768072E-02
0.57999999E+00 0.23999999E+00 0.27001703E-02
0.59999999E+00 0.23999999E+00 0.28278144E-02
0.61999999E+00 0.23999999E+00 0.29601970E-02
0.63999999E+00 0.23999999E+00 0.30971838E-02
0.65999999E+00 0.23999999E+00 0.32375706E-02
0.67999998E+00 0.23999999E+00 0.33782994E-02
0.69999998E+00 0.23999999E+00 0.35130953E-02
0.71999998E+00 0.23999999E+00 0.36298602E-02
0.73999998E+00 0.23999999E+00 0.37048391E-02
0.75999998E+00 0.23999999E+00 0.36853316E-02
0.77999998E+00 0.23999999E+00 0.33889372E-02
0.79999998E+00 0.23999999E+00 0.29186759E-02
0.81999998E+00 0.23999999E+00 0.30765974E-02
0.83999998E+00 0.23999999E+00 0.32380655E-02
0.85999998E+00 0.23999999E+00 0.34025731E-02
0.87999998E+00 0.23999999E+00 0.35695182E-02
0.89999998E+00 0.23999999E+00 0.37381970E-02
0.91999998E+00 0.23999999E+00 0.39077956E-02
0.93999998E+00 0.23999999E+00 0.40773828E-02
0.95999998E+00 0.23999999E+00 0.42459014E-02
0.97999998E+00 0.23999999E+00 0.44121613E-02
0.99999998E+00 0.23999999E+00 0.45748321E-02
0.10200000E+01 0.23999999E+00 0.47324364E-02
0.10400000E+01 0.23999999E+00 0.48833452E-02
0.10600000E+01 0.23999999E+00 0.50257750E-02
0.10800000E+01 0.23999999E+00 0.51577881E-02
0.11000000E+01 0.23999999E+00 0.52772981E-02
0.11200000E+01 0.23999999E+00 0.53820816E-02
0.11400000E+01 0.23999999E+00 0.54698001E-02
0.11600000E+01 0.23999999E+00 0.55380352E-02
0.11800000E+01 0.23999999E+00 0.55843440E-02
0.12000000E+01 0.23999999E+00 0.56063411E-02
0.12200000E+01 0.23999999E+00 0.56018223E-02
0.12400000E+01 0.23999999E+00 0.55689444E-02
0.12600000E+01 0.23999999E+00 0.55064949E-02
0.12800000E+01 0.23999999E+00 0.54142959E-02
0.13000000E+01 0.23999999E+00 0.52938307E-02
0.13200000E+01 0.23999999E+00 0.51492637E-02
0.13400000E+01 0.23999999E+00 0.49892389E-02
0.13600000E+01 0.23999999E+00 0.48305470E-02
0.13800000E+01 0.23999999E+00 0.47082443E-02
0.14000000E+01 0.23999999E+00 0.47368463E-02
0.14200000E+01 0.23999999E+00 0.48571476E-02
0.14400000E+01 0.23999999E+00 0.49822454E-02
0.14600000E+01 0.23999999E+00 0.51126653E-02
0.14800000E+01 0.23999999E+00 0.52489014E-02
0.15000000E+01 0.23999999E+00 0.53913964E-02
0.15200000E+01 0.23999999E+00 0.55405201E-02
0.15400000E+01 0.23999999E+00 0.56965440E-02
0.15600000E+01 0.23999999E+00 0.58596137E-02
0.15800000E+01 0.23999999E+00 0.60297182E-02
0.16000000E+01 0.23999999E+00 0.62066565E-02
0.16200000E+01 0.23999999E+00 0.63900022E-02
0.16400000E+01 0.23999999E+00 0.65790661E-02
0.16600000E+01 0.23999999E+00 0.67728572E-02
0.16800000E+01 0.23999999E+00 0.69700449E-02
0.17000000E+01 0.23999999E+00 0.71689210E-02
0.17200000E+01 0.23999999E+00 0.73673670E-02
0.17400000E+01 0.23999999E+00 0.75628260E-02
0.17600000E+01 0.23999999E+00 0.77522864E-02
0.17800000E+01 0.23999999E+00 0.79322797E-02
0.18000000E+01 0.23999999E+00 0.80989017E-02
0.18200000E+01 0.23999999E+00 0.82478654E-02
0.18400000E+01 0.23999999E+00 0.83746007E-02
0.18600000E+01 0.23999999E+00 0.84744196E-02
0.18800000E+01 0.23999999E+00 0.85427767E-02
0.19000000E+01 0.23999999E+00 0.85756679E-02
0.19200000E+01 0.23999999E+00 0.85702321E-02
0.19400000E+01 0.23999999E+00 0.85256496E-02
0.19600000E+01 0.23999999E+00 0.84443757E-02
0.19800000E+01 0.23999999E+00 0.83324887E-02
0.20000000E+01 0.23999999E+00 0.81577611E-02
0.00000000E+00 0.25999999E+00 0.19601389E-04
0.20000000E-01 0.25999999E+00 0.10904175E-03
0.39999999E-01 0.25999999E+00 0.18736376E-03
0.59999999E-01 0.25999999E+00 0.25507580E-03
0.79999998E-01 0.25999999E+00 0.31279807E-03
0.99999998E-01 0.25999999E+00 0.36136949E-03
0.12000000E+00 0.25999999E+00 0.40196921E-03
0.14000000E+00 0.25999999E+00 0.43599631E-03
0.16000000E+00 0.25999999E+00 0.45727409E-03
0.18000000E+00 0.25999999E+00 0.52689068E-03
0.20000000E+00 0.25999999E+00 0.61691422E-03
0.22000000E+00 0.25999999E+00 0.71142304E-03
0.23999999E+00 0.25999999E+00 0.80972631E-03
0.25999999E+00 0.25999999E+00 0.91111892E-03
0.27999999E+00 0.25999999E+00 0.10149004E-02
0.29999999E+00 0.25999999E+00 0.11203954E-02
0.31999999E+00 0.25999999E+00 0.12269753E-02
0.33999999E+00 0.25999999E+00 0.13340813E-02
0.35999999E+00 0.25999999E+00 0.14412478E-02
0.37999999E+00 0.25999999E+00 0.15481264E-02
0.39999999E+00 0.25999999E+00 0.16545096E-02
0.41999999E+00 0.25999999E+00 0.17603534E-02
0.43999999E+00 0.25999999E+00 0.18657967E-02
0.45999999E+00 0.25999999E+00 0.19711770E-02
0.47999999E+00 0.25999999E+00 0.20770391E-02
0.49999999E+00 0.25999999E+00 0.21841332E-02
0.51999999E+00 0.25999999E+00 0.22933979E-02
0.53999999E+00 0.25999999E+00 0.24059220E-02
0.55999999E+00 0.25999999E+00 0.25228728E-02
0.57999999E+00 0.25999999E+00 0.26453785E-02
0.59999999E+00 0.25999999E+00 0.27743394E-02
0.61999999E+00 0.25999999E+00 0.29101313E-02
0.63999999E+00 0.25999999E+00 0.30521322E-02
0.65999999E+00 0.25999999E+00 0.31979500E-02
0.67999998E+00 0.25999999E+00 0.33420847E-02
0.69999998E+00 0.25999999E+00 0.34733902E-02
0.71999998E+00 0.25999999E+00 0.35694491E-02
0.73999998E+00 0.25999999E+00 0.35800915E-02
0.75999998E+00 0.25999999E+00 0.33325973E-02
0.77999998E+00 0.25999999E+00 0.29117830E-02
0.79999998E+00 0.25999999E+00 0.30714127E-02
0.81999998E+00 0.25999999E+00 0.32352675E-02
0.83999998E+00 0.25999999E+00 0.34029269E-02
0.85999998E+00 0.25999999E+00 0.35738691E-02
0.87999998E+00 0.25999999E+00 0.37474597E-02
0.89999998E+00 0.25999999E+00 0.39229403E-02
0.91999998E+00 0.25999999E+00 0.40994159E-02
0.93999998E+00 0.25999999E+00 0.42758421E-02
0.95999998E+00 0.25999999E+00 0.44510118E-02
0.97999998E+00 0.25999999E+00 0.46235418E-02
0.99999998E+00 0.25999999E+00 0.47918601E-02
0.10200000E+01 0.25999999E+00 0.49541938E-02
0.10400000E+01 0.25999999E+00 0.51085593E-02
0.10600000E+01 0.25999999E+00 0.52527551E-02
0.10800000E+01 0.25999999E+00 0.53843607E-02
0.11000000E+01 0.25999999E+00 0.55007415E-02
0.11200000E+01 0.25999999E+00 0.55990662E-02
0.11400000E+01 0.25999999E+00 0.56763396E-02
0.11600000E+01 0.25999999E+00 0.57294576E-02
0.11800000E+01 0.25999999E+00 0.57552969E-02
0.12000000E+01 0.25999999E+00 0.57508510E-02
0.12200000E+01 0.25999999E+00 0.57134374E-02
0.12400000E+01 0.25999999E+00 0.56410100E-02
0.12600000E+01 0.25999999E+00 0.55326346E-02
0.12800000E+01 0.25999999E+00 0.53892317E-02
0.13000000E+01 0.25999999E+00 0.52147873E-02
0.13200000E+01 0.25999999E+00 0.50184879E-02
0.13400000E+01 0.25999999E+00 0.48190501E-02
0.13600000E+01 0.25999999E+00 0.46565239E-02
0.13800000E+01 0.25999999E+00 0.46637864E-02
0.14000000E+01 0.25999999E+00 0.47779098E-02
0.14200000E+01 0.25999999E+00 0.48959720E-02
0.14400000E+01 0.25999999E+00 0.50184305E-02
0.14600000E+01 0.25999999E+00 0.51457149E-02
0.14800000E+01 0.25999999E+00 0.52782096E-02
0.15000000E+01 0.25999999E+00 0.54162352E-02
0.15200000E+01 0.25999999E+00 0.55600262E-02
0.15400000E+01 0.25999999E+00 0.57097077E-02
0.15600000E+01 0.25999999E+00 0.58652689E-02
0.15800000E+01 0.25999999E+00 0.60265362E-02
0.16000000E+01 0.25999999E+00 0.61931432E-02
0.16200000E+01 0.25999999E+00 0.63645008E-02
0.16400000E+01 0.25999999E+00 0.65397672E-02
0.16600000E+01 0.25999999E+00 0.67178175E-02
0.16800000E+01 0.25999999E+00 0.68972177E-02
0.17000000E+01 0.25999999E+00 0.70762007E-02
0.17200000E+01 0.25999999E+00 0.72526512E-02
0.17400000E+01 0.25999999E+00 0.74240990E-02
0.17600000E+01 0.25999999E+00 0.75877289E-02
0.17800000E+01 0.25999999E+00 0.77404105E-02
0.18000000E+01 0.25999999E+00 0.78787586E-02
0.18200000E+01 0.25999999E+00 0.79992351E-02
0.18400000E+01 0.25999999E+00 0.80983110E-02
0.18600000E+01 0.25999999E+00 0.81727137E-02
0.18800000E+01 0.25999999E+00 0.82198014E-02
0.19000000E+01 0.25999999E+00 0.82381325E-02
0.19200000E+01 0.25999999E+00 0.82283443E-02
0.19400000E+01 0.25999999E+00 0.81945215E-02
0.19600000E+01 0.25999999E+00 0.81458636E-02
0.19800000E+01 0.25999999E+00 0.80788766E-02
0.20000000E+01 0.25999999E+00 0.82447010E-02
0.00000000E+00 0.27999999E+00 0.24510680E-04
0.20000000E-01 0.27999999E+00 0.11677667E-03
0.39999999E-01 0.27999999E+00 0.19609676E-03
0.59999999E-01 0.27999999E+00 0.26327983E-03
0.79999998E-01 0.27999999E+00 0.31919090E-03
0.99999998E-01 0.27999999E+00 0.36469707E-03
0.12000000E+00 0.27999999E+00 0.40003698E-03
0.14000000E+00 0.27999999E+00 0.41286101E-03
0.16000000E+00 0.27999999E+00 0.47463201E-03
0.18000000E+00 0.27999999E+00 0.56086410E-03
0.20000000E+00 0.27999999E+00 0.65145816E-03
0.22000000E+00 0.27999999E+00 0.74569768E-03
0.23999999E+00 0.27999999E+00 0.84284625E-03
0.25999999E+00 0.27999999E+00 0.94216844E-03
0.27999999E+00 0.27999999E+00 0.10429523E-02
0.29999999E+00 0.27999999E+00 0.11445337E-02
0.31999999E+00 0.27999999E+00 0.12463214E-02
0.33999999E+00 0.27999999E+00 0.13478240E-02
0.35999999E+00 0.27999999E+00 0.14486769E-02
0.37999999E+00 0.27999999E+00 0.15486691E-02
0.39999999E+00 0.27999999E+00 0.16477699E-02
0.41999999E+00 0.27999999E+00 0.17461520E-02
0.43999999E+00 0.27999999E+00 0.18442113E-02
0.45999999E+00 0.27999999E+00 0.19425797E-02
0.47999999E+00 0.27999999E+00 0.20421285E-02
0.49999999E+00 0.27999999E+00 0.21439553E-02
0.51999999E+00 0.27999999E+00 0.22493510E-02
0.53999999E+00 0.27999999E+00 0.23597335E-02
0.55999999E+00 0.27999999E+00 0.24765354E-02
0.57999999E+00 0.27999999E+00 0.26010223E-02
0.59999999E+00 0.27999999E+00 0.27340040E-02
0.61999999E+00 0.27999999E+00 0.28753740E-02
0.63999999E+00 0.27999999E+00 0.30233585E-02
0.65999999E+00 0.27999999E+00 0.31732201E-02
0.67999998E+00 0.27999999E+00 0.33148164E-02
0.69999998E+00 0.27999999E+00 0.34272350E-02
0.71999998E+00 0.27999999E+00 0.34632402E-02
0.73999998E+00 0.27999999E+00 0.32608948E-02
0.75999998E+00 0.27999999E+00 0.28888069E-02
0.77999998E+00 0.27999999E+00 0.30487993E-02
0.79999998E+00 0.27999999E+00 0.32136353E-02
0.81999998E+00 0.27999999E+00 0.33829961E-02
0.83999998E+00 0.27999999E+00 0.35564580E-02
0.85999998E+00 0.27999999E+00 0.37334775E-02
0.87999998E+00 0.27999999E+00 0.39133764E-02
0.89999998E+00 0.27999999E+00 0.40953240E-02
0.91999998E+00 0.27999999E+00 0.42783200E-02
0.93999998E+00 0.27999999E+00 0.44611755E-02
0.95999998E+00 0.27999999E+00 0.46424932E-02
0.97999998E+00 0.27999999E+00 0.48206484E-02
0.99999998E+00 0.27999999E+00 0.49937695E-02
0.10200000E+01 0.27999999E+00 0.51597206E-02
0.10400000E+01 0.27999999E+00 0.53160877E-02
0.10600000E+01 0.27999999E+00 0.54601686E-02
0.10800000E+01 0.27999999E+00 0.55889723E-02
0.11000000E+01 0.27999999E+00 0.56992298E-02
0.11200000E+01 0.27999999E+00 0.57874228E-02
0.11400000E+01 0.27999999E+00 0.58498385E-02
0.11600000E+01 0.27999999E+00 0.58826625E-02
0.11800000E+01 0.27999999E+00 0.58821261E-02
0.12000000E+01 0.27999999E+00 0.58447350E-02
0.12200000E+01 0.27999999E+00 0.57676194E-02
0.12400000E+01 0.27999999E+00 0.56490724E-02
0.12600000E+01 0.27999999E+00 0.54893948E-02
0.12800000E+01 0.27999999E+00 0.52922768E-02
0.13000000E+01 0.27999999E+00 0.50672307E-02
0.13200000E+01 0.27999999E+00 0.48345008E-02
0.13400000E+01 0.27999999E+00 0.46383052E-02
0.13600000E+01 0.27999999E+00 0.46273821E-02
0.13800000E+01 0.27999999E+00 0.47376256E-02
0.14000000E+01 0.27999999E+00 0.48509004E-02
0.14200000E+01 0.27999999E+00 0.49675600E-02
0.14400000E+01 0.27999999E+00 0.50879306E-02
0.14600000E+01 0.27999999E+00 0.52122967E-02
0.14800000E+01 0.27999999E+00 0.53408856E-02
0.15000000E+01 0.27999999E+00 0.54738491E-02
0.15200000E+01 0.27999999E+00 0.56112451E-02
0.15400000E+01 0.27999999E+00 0.57530169E-02
0.15600000E+01 0.27999999E+00 0.58989726E-02
0.15800000E+01 0.27999999E+00 0.60487633E-02
0.16000000E+01 0.27999999E+00 0.62018620E-02
0.16200000E+01 0.27999999E+00 0.63575428E-02
0.16400000E+01 0.27999999E+00 0.65148632E-02
0.16600000E+01 0.27999999E+00 0.66726484E-02
0.16800000E+01 0.27999999E+00 0.68294818E-02
0.17000000E+01 0.27999999E+00 0.69837023E-02
0.17200000E+01 0.27999999E+00 0.71334119E-02
0.17400000E+01 0.27999999E+00 0.72764973E-02
0.17600000E+01 0.27999999E+00 0.74106707E-02
0.17800000E+01 0.27999999E+00 0.75335363E-02
0.18000000E+01 0.27999999E+00 0.76426926E-02
0.18200000E+01 0.27999999E+00 0.77358834E-02
0.18400000E+01 0.27999999E+00 0.78112197E-02
0.18600000E+01 0.27999999E+00 0.78675046E-02
0.18800000E+01 0.27999999E+00 0.79047225E-02
0.19000000E+01 0.27999999E+00 0.79248031E-02
0.19200000E+01 0.27999999E+00 0.79328949E-02
0.19400000E+01 0.27999999E+00 0.79395620E-02
0.19600000E+01 0.27999999E+00 0.79587511E-02
0.19800000E+01 0.27999999E+00 0.81340974E-02
0.20000000E+01 0.27999999E+00 0.83071880E-02
0.00000000E+00 0.29999999E+00 0.30675184E-04
0.20000000E-01 0.29999999E+00 0.12451781E-03
0.39999999E-01 0.29999999E+00 0.20385318E-03
0.59999999E-01 0.29999999E+00 0.26965331E-03
0.79999998E-01 0.29999999E+00 0.32256953E-03
0.99999998E-01 0.29999999E+00 0.36182248E-03
0.12000000E+00 0.29999999E+00 0.36962129E-03
0.14000000E+00 0.29999999E+00 0.42487973E-03
0.16000000E+00 0.29999999E+00 0.50777901E-03
0.18000000E+00 0.29999999E+00 0.59492558E-03
0.20000000E+00 0.29999999E+00 0.68559311E-03
0.22000000E+00 0.29999999E+00 0.77902820E-03
0.23999999E+00 0.29999999E+00 0.87447266E-03
0.25999999E+00 0.29999999E+00 0.97118782E-03
0.27999999E+00 0.29999999E+00 0.10684804E-02
0.29999999E+00 0.29999999E+00 0.11657302E-02
0.31999999E+00 0.29999999E+00 0.12624188E-02
0.33999999E+00 0.29999999E+00 0.13581592E-02
0.35999999E+00 0.29999999E+00 0.14527261E-02
0.37999999E+00 0.29999999E+00 0.15460841E-02
0.39999999E+00 0.29999999E+00 0.16384156E-02
0.41999999E+00 0.29999999E+00 0.17301432E-02
0.43999999E+00 0.29999999E+00 0.18219471E-02
0.45999999E+00 0.29999999E+00 0.19147715E-02
0.47999999E+00 0.29999999E+00 0.20098173E-02
0.49999999E+00 0.29999999E+00 0.21085132E-02
0.51999999E+00 0.29999999E+00 0.22124555E-02
0.53999999E+00 0.29999999E+00 0.23233029E-02
0.55999999E+00 0.29999999E+00 0.24426031E-02
0.57999999E+00 0.29999999E+00 0.25715158E-02
0.59999999E+00 0.29999999E+00 0.27103713E-02
0.61999999E+00 0.29999999E+00 0.28579479E-02
0.63999999E+00 0.29999999E+00 0.30102333E-02
0.65999999E+00 0.29999999E+00 0.31581018E-02
0.67999998E+00 0.29999999E+00 0.32822523E-02
0.69999998E+00 0.29999999E+00 0.33386712E-02
0.71999998E+00 0.29999999E+00 0.31769391E-02
0.73999998E+00 0.29999999E+00 0.28517058E-02
0.75999998E+00 0.29999999E+00 0.30108234E-02
0.77999998E+00 0.29999999E+00 0.31753170E-02
0.79999998E+00 0.29999999E+00 0.33449783E-02
0.81999998E+00 0.29999999E+00 0.35194935E-02
0.83999998E+00 0.29999999E+00 0.36984252E-02
0.85999998E+00 0.29999999E+00 0.38811933E-02
0.87999998E+00 0.29999999E+00 0.40670541E-02
0.89999998E+00 0.29999999E+00 0.42550776E-02
0.91999998E+00 0.29999999E+00 0.44441230E-02
0.93999998E+00 0.29999999E+00 0.46328140E-02
0.95999998E+00 0.29999999E+00 0.48195119E-02
0.97999998E+00 0.29999999E+00 0.50022904E-02
0.99999998E+00 0.29999999E+00 0.51789105E-02
0.10200000E+01 0.29999999E+00 0.53467983E-02
0.10400000E+01 0.29999999E+00 0.55030284E-02
0.10600000E+01 0.29999999E+00 0.56443157E-02
0.10800000E+01 0.29999999E+00 0.57670192E-02
0.11000000E+01 0.29999999E+00 0.58671668E-02
0.11200000E+01 0.29999999E+00 0.59405073E-02
0.11400000E+01 0.29999999E+00 0.59826050E-02
0.11600000E+01 0.29999999E+00 0.59889955E-02
0.11800000E+01 0.29999999E+00 0.59554309E-02
0.12000000E+01 0.29999999E+00 0.58782614E-02
0.12200000E+01 0.29999999E+00 0.57550259E-02
0.12400000E+01 0.29999999E+00 0.55853844E-02
0.12600000E+01 0.29999999E+00 0.53726434E-02
0.12800000E+01 0.29999999E+00 0.51264410E-02
0.13000000E+01 0.29999999E+00 0.48681411E-02
0.13200000E+01 0.29999999E+00 0.46452255E-02
0.13400000E+01 0.29999999E+00 0.46194387E-02
0.13600000E+01 0.29999999E+00 0.47280864E-02
0.13800000E+01 0.29999999E+00 0.48388911E-02
0.14000000E+01 0.29999999E+00 0.49520755E-02
0.14200000E+01 0.29999999E+00 0.50678320E-02
0.14400000E+01 0.29999999E+00 0.51863119E-02
0.14600000E+01 0.29999999E+00 0.53076124E-02
0.14800000E+01 0.29999999E+00 0.54317632E-02
0.15000000E+01 0.29999999E+00 0.55587133E-02
0.15200000E+01 0.29999999E+00 0.56883168E-02
0.15400000E+01 0.29999999E+00 0.58203192E-02
0.15600000E+01 0.29999999E+00 0.59543447E-02
0.15800000E+01 0.29999999E+00 0.60898849E-02
0.16000000E+01 0.29999999E+00 0.62262894E-02
0.16200000E+01 0.29999999E+00 0.63627604E-02
0.16400000E+01 0.29999999E+00 0.64983512E-02
0.16600000E+01 0.29999999E+00 0.66319711E-02
0.16800000E+01 0.29999999E+00 0.67623979E-02
0.17000000E+01 0.29999999E+00 0.68883006E-02
0.17200000E+01 0.29999999E+00 0.70082756E-02
0.17400000E+01 0.29999999E+00 0.71208978E-02
0.17600000E+01 0.29999999E+00 0.72247946E-02
0.17800000E+01 0.29999999E+00 0.73187457E-02
0.18000000E+01 0.29999999E+00 0.74018192E-02
0.18200000E+01 0.29999999E+00 0.74735579E-02
0.18400000E+01 0.29999999E+00 0.75342365E-02
0.18600000E+01 0.29999999E+00 0.75852331E-02
0.18800000E+01 0.29999999E+00 0.76296018E-02
0.19000000E+01 0.29999999E+00 0.76730612E-02
0.19200000E+01 0.29999999E+00 0.77260386E-02
0.19400000E+01 0.29999999E+00 0.78098900E-02
0.19600000E+01 0.29999999E+00 0.79910578E-02
0.19800000E+01 0.29999999E+00 0.81709078E-02
0.20000000E+01 0.29999999E+00 0.83487942E-02
0.00000000E+00 0.31999999E+00 0.38578545E-04
0.20000000E-01 0.31999999E+00 0.13282268E-03
0.39999999E-01 0.31999999E+00 0.21108223E-03
0.59999999E-01 0.31999999E+00 0.27392045E-03
0.79999998E-01 0.31999999E+00 0.31975714E-03
0.99999998E-01 0.31999999E+00 0.32641293E-03
0.12000000E+00 0.31999999E+00 0.37682808E-03
0.14000000E+00 0.31999999E+00 0.45696174E-03
0.16000000E+00 0.31999999E+00 0.54121825E-03
0.18000000E+00 0.31999999E+00 0.62887837E-03
0.20000000E+00 0.31999999E+00 0.71918735E-03
0.22000000E+00 0.31999999E+00 0.81137840E-03
0.23999999E+00 0.31999999E+00 0.90469806E-03
0.25999999E+00 0.31999999E+00 0.99843355E-03
0.27999999E+00 0.31999999E+00 0.10919418E-02
0.29999999E+00 0.31999999E+00 0.11846800E-02
0.31999999E+00 0.31999999E+00 0.12762371E-02
0.33999999E+00 0.31999999E+00 0.13663659E-02
0.35999999E+00 0.31999999E+00 0.14550141E-02
0.37999999E+00 0.31999999E+00 0.15423541E-02
0.39999999E+00 0.31999999E+00 0.16288088E-02
0.41999999E+00 0.31999999E+00 0.17150717E-02
0.43999999E+00 0.31999999E+00 0.18021174E-02
0.45999999E+00 0.31999999E+00 0.18911980E-02
0.47999999E+00 0.31999999E+00 0.19838192E-02
0.49999999E+00 0.31999999E+00 0.20816862E-02
0.51999999E+00 0.31999999E+00 0.21866059E-02
0.53999999E+00 0.31999999E+00 0.23003240E-02
0.55999999E+00 0.31999999E+00 0.24242631E-02
0.57999999E+00 0.31999999E+00 0.25591028E-02
0.59999999E+00 0.31999999E+00 0.27040960E-02
0.61999999E+00 0.31999999E+00 0.28558972E-02
0.63999999E+00 0.31999999E+00 0.30063792E-02
0.65999999E+00 0.31999999E+00 0.31379057E-02
0.67999998E+00 0.31999999E+00 0.32098717E-02
0.69999998E+00 0.31999999E+00 0.30837973E-02
0.71999998E+00 0.31999999E+00 0.28027469E-02
0.73999998E+00 0.31999999E+00 0.29599128E-02
0.75999998E+00 0.31999999E+00 0.31228847E-02
0.77999998E+00 0.31999999E+00 0.32915681E-02
0.79999998E+00 0.31999999E+00 0.34657644E-02
0.81999998E+00 0.31999999E+00 0.36451512E-02
0.83999998E+00 0.31999999E+00 0.38292588E-02
0.85999998E+00 0.31999999E+00 0.40174461E-02
0.87999998E+00 0.31999999E+00 0.42088731E-02
0.89999998E+00 0.31999999E+00 0.44024719E-02
0.91999998E+00 0.31999999E+00 0.45969158E-02
0.93999998E+00 0.31999999E+00 0.47905873E-02
0.95999998E+00 0.31999999E+00 0.49815454E-02
0.97999998E+00 0.31999999E+00 0.51674939E-02
0.99999998E+00 0.31999999E+00 0.53457519E-02
0.10200000E+01 0.31999999E+00 0.55132301E-02
0.10400000E+01 0.31999999E+00 0.56664145E-02
0.10600000E+01 0.31999999E+00 0.58013648E-02
0.10800000E+01 0.31999999E+00 0.59137328E-02
0.11000000E+01 0.31999999E+00 0.59988121E-02
0.11200000E+01 0.31999999E+00 0.60516321E-02
0.11400000E+01 0.31999999E+00 0.60671188E-02
0.11600000E+01 0.31999999E+00 0.60403533E-02
0.11800000E+01 0.31999999E+00 0.59669770E-02
0.12000000E+01 0.31999999E+00 0.58438245E-02
0.12200000E+01 0.31999999E+00 0.56699254E-02
0.12400000E+01 0.31999999E+00 0.54481462E-02
0.12600000E+01 0.31999999E+00 0.51880755E-02
0.12800000E+01 0.31999999E+00 0.49117970E-02
0.13000000E+01 0.31999999E+00 0.46691215E-02
0.13200000E+01 0.31999999E+00 0.46317474E-02
0.13400000E+01 0.31999999E+00 0.47409206E-02
0.13600000E+01 0.31999999E+00 0.48514751E-02
0.13800000E+01 0.31999999E+00 0.49634850E-02
0.14000000E+01 0.31999999E+00 0.50769884E-02
0.14200000E+01 0.31999999E+00 0.51919788E-02
0.14400000E+01 0.31999999E+00 0.53083954E-02
0.14600000E+01 0.31999999E+00 0.54261149E-02
0.14800000E+01 0.31999999E+00 0.55449428E-02
0.15000000E+01 0.31999999E+00 0.56646061E-02
0.15200000E+01 0.31999999E+00 0.57847477E-02
0.15400000E+01 0.31999999E+00 0.59049227E-02
0.15600000E+01 0.31999999E+00 0.60245972E-02
0.15800000E+01 0.31999999E+00 0.61431518E-02
0.16000000E+01 0.31999999E+00 0.62598887E-02
0.16200000E+01 0.31999999E+00 0.63740457E-02
0.16400000E+01 0.31999999E+00 0.64848168E-02
0.16600000E+01 0.31999999E+00 0.65913807E-02
0.16800000E+01 0.31999999E+00 0.66929405E-02
0.17000000E+01 0.31999999E+00 0.67887742E-02
0.17200000E+01 0.31999999E+00 0.68782988E-02
0.17400000E+01 0.31999999E+00 0.69611502E-02
0.17600000E+01 0.31999999E+00 0.70372802E-02
0.17800000E+01 0.31999999E+00 0.71070757E-02
0.18000000E+01 0.31999999E+00 0.71715011E-02
0.18200000E+01 0.31999999E+00 0.72322766E-02
0.18400000E+01 0.31999999E+00 0.72921050E-02
0.18600000E+01 0.31999999E+00 0.73549960E-02
0.18800000E+01 0.31999999E+00 0.74268202E-02
0.19000000E+01 0.31999999E+00 0.75166402E-02
0.19200000E+01 0.31999999E+00 0.76446700E-02
0.19400000E+01 0.31999999E+00 0.78278661E-02
0.19600000E+01 0.31999999E+00 0.80105224E-02
0.19800000E+01 0.31999999E+00 0.81920372E-02
0.20000000E+01 0.31999999E+00 0.83717951E-02
0.00000000E+00 0.33999999E+00 0.48689793E-04
0.20000000E-01 0.33999999E+00 0.14201884E-03
0.39999999E-01 0.33999999E+00 0.21728638E-03
0.59999999E-01 0.33999999E+00 0.27237063E-03
0.79999998E-01 0.33999999E+00 0.28191783E-03
0.99999998E-01 0.33999999E+00 0.32936226E-03
0.12000000E+00 0.33999999E+00 0.40740708E-03
0.14000000E+00 0.33999999E+00 0.48942113E-03
0.16000000E+00 0.33999999E+00 0.57470959E-03
0.18000000E+00 0.33999999E+00 0.66253298E-03
0.20000000E+00 0.33999999E+00 0.75213130E-03
0.22000000E+00 0.33999999E+00 0.84275014E-03
0.23999999E+00 0.33999999E+00 0.93366888E-03
0.25999999E+00 0.33999999E+00 0.10242307E-02
0.27999999E+00 0.33999999E+00 0.11138742E-02
0.29999999E+00 0.33999999E+00 0.12021661E-02
0.31999999E+00 0.33999999E+00 0.12888346E-02
0.33999999E+00 0.33999999E+00 0.13738021E-02
0.35999999E+00 0.33999999E+00 0.14572170E-02
0.37999999E+00 0.33999999E+00 0.15394812E-02
0.39999999E+00 0.33999999E+00 0.16212726E-02
0.41999999E+00 0.33999999E+00 0.17035587E-02
0.43999999E+00 0.33999999E+00 0.17875965E-02
0.45999999E+00 0.33999999E+00 0.18749132E-02
0.47999999E+00 0.33999999E+00 0.19672577E-02
0.49999999E+00 0.33999999E+00 0.20665113E-02
0.51999999E+00 0.33999999E+00 0.21745357E-02
0.53999999E+00 0.33999999E+00 0.22929282E-02
0.55999999E+00 0.33999999E+00 0.24226285E-02
0.57999999E+00 0.33999999E+00 0.25632778E-02
0.59999999E+00 0.33999999E+00 0.27121252E-02
0.61999999E+00 0.33999999E+00 0.28619979E-02
0.63999999E+00 0.33999999E+00 0.29969343E-02
0.65999999E+00 0.33999999E+00 0.30798363E-02
0.67999998E+00 0.33999999E+00 0.29843239E-02
0.69999998E+00 0.33999999E+00 0.27442661E-02
0.71999998E+00 0.33999999E+00 0.28985922E-02
0.73999998E+00 0.33999999E+00 0.30590446E-02
0.75999998E+00 0.33999999E+00 0.32256402E-02
0.77999998E+00 0.33999999E+00 0.33982966E-02
0.79999998E+00 0.33999999E+00 0.35768085E-02
0.81999998E+00 0.33999999E+00 0.37608230E-02
0.83999998E+00 0.33999999E+00 0.39498107E-02
0.85999998E+00 0.33999999E+00 0.41430350E-02
0.87999998E+00 0.33999999E+00 0.43395188E-02
0.89999998E+00 0.33999999E+00 0.45380083E-02
0.91999998E+00 0.33999999E+00 0.47369355E-02
0.93999998E+00 0.33999999E+00 0.49343797E-02
0.95999998E+00 0.33999999E+00 0.51280294E-02
0.97999998E+00 0.33999999E+00 0.53151460E-02
0.99999998E+00 0.33999999E+00 0.54925331E-02
0.10200000E+01 0.33999999E+00 0.56565137E-02
0.10400000E+01 0.33999999E+00 0.58029221E-02
0.10600000E+01 0.33999999E+00 0.59271167E-02
0.10800000E+01 0.33999999E+00 0.60240260E-02
0.11000000E+01 0.33999999E+00 0.60882409E-02
0.11200000E+01 0.33999999E+00 0.61141788E-02
0.11400000E+01 0.33999999E+00 0.60963498E-02
0.11600000E+01 0.33999999E+00 0.60297797E-02
0.11800000E+01 0.33999999E+00 0.59106737E-02
0.12000000E+01 0.33999999E+00 0.57374700E-02
0.12200000E+01 0.33999999E+00 0.55125682E-02
0.12400000E+01 0.33999999E+00 0.52453616E-02
0.12600000E+01 0.33999999E+00 0.49582759E-02
0.12800000E+01 0.33999999E+00 0.47025226E-02
0.13000000E+01 0.33999999E+00 0.46566341E-02
0.13200000E+01 0.33999999E+00 0.47681834E-02
0.13400000E+01 0.33999999E+00 0.48804832E-02
0.13600000E+01 0.33999999E+00 0.49934511E-02
0.13800000E+01 0.33999999E+00 0.51069594E-02
0.14000000E+01 0.33999999E+00 0.52208287E-02
0.14200000E+01 0.33999999E+00 0.53348221E-02
0.14400000E+01 0.33999999E+00 0.54486408E-02
0.14600000E+01 0.33999999E+00 0.55619210E-02
0.14800000E+01 0.33999999E+00 0.56742331E-02
0.15000000E+01 0.33999999E+00 0.57850836E-02
0.15200000E+01 0.33999999E+00 0.58939208E-02
0.15400000E+01 0.33999999E+00 0.60001445E-02
0.15600000E+01 0.33999999E+00 0.61031215E-02
0.15800000E+01 0.33999999E+00 0.62022069E-02
0.16000000E+01 0.33999999E+00 0.62967727E-02
0.16200000E+01 0.33999999E+00 0.63862449E-02
0.16400000E+01 0.33999999E+00 0.64701496E-02
0.16600000E+01 0.33999999E+00 0.65481688E-02
0.16800000E+01 0.33999999E+00 0.66202069E-02
0.17000000E+01 0.33999999E+00 0.66864676E-02
0.17200000E+01 0.33999999E+00 0.67475402E-02
0.17400000E+01 0.33999999E+00 0.68044941E-02
0.17600000E+01 0.33999999E+00 0.68589777E-02
0.17800000E+01 0.33999999E+00 0.69133163E-02
0.18000000E+01 0.33999999E+00 0.69706014E-02
0.18200000E+01 0.33999999E+00 0.70347583E-02
0.18400000E+01 0.33999999E+00 0.71105826E-02
0.18600000E+01 0.33999999E+00 0.72037538E-02
0.18800000E+01 0.33999999E+00 0.73210154E-02
0.19000000E+01 0.33999999E+00 0.74744551E-02
0.19200000E+01 0.33999999E+00 0.76560837E-02
0.19400000E+01 0.33999999E+00 0.78377229E-02
0.19600000E+01 0.33999999E+00 0.80188440E-02
0.19800000E+01 0.33999999E+00 0.81989077E-02
0.20000000E+01 0.33999999E+00 0.83773799E-02
0.00000000E+00 0.35999999E+00 0.61123399E-04
0.20000000E-01 0.35999999E+00 0.15132604E-03
0.39999999E-01 0.35999999E+00 0.21826694E-03
0.59999999E-01 0.35999999E+00 0.23466483E-03
0.79999998E-01 0.35999999E+00 0.28111233E-03
0.99999998E-01 0.35999999E+00 0.35785818E-03
0.12000000E+00 0.35999999E+00 0.43837052E-03
0.14000000E+00 0.35999999E+00 0.52199656E-03
0.16000000E+00 0.35999999E+00 0.60802918E-03
0.18000000E+00 0.35999999E+00 0.69573143E-03
0.20000000E+00 0.35999999E+00 0.78436304E-03
0.22000000E+00 0.35999999E+00 0.87320904E-03
0.23999999E+00 0.35999999E+00 0.96161014E-03
0.25999999E+00 0.35999999E+00 0.10489949E-02
0.27999999E+00 0.35999999E+00 0.11349130E-02
0.29999999E+00 0.35999999E+00 0.12190693E-02
0.31999999E+00 0.35999999E+00 0.13013573E-02
0.33999999E+00 0.35999999E+00 0.13818918E-02
0.35999999E+00 0.35999999E+00 0.14610380E-02
0.37999999E+00 0.35999999E+00 0.15394352E-02
0.39999999E+00 0.35999999E+00 0.16180127E-02
0.41999999E+00 0.35999999E+00 0.16979927E-02
0.43999999E+00 0.35999999E+00 0.17808743E-02
0.45999999E+00 0.35999999E+00 0.18683915E-02
0.47999999E+00 0.35999999E+00 0.19624311E-02
0.49999999E+00 0.35999999E+00 0.20648935E-02
0.51999999E+00 0.35999999E+00 0.21774658E-02
0.53999999E+00 0.35999999E+00 0.23012581E-02
0.55999999E+00 0.35999999E+00 0.24362103E-02
0.57999999E+00 0.35999999E+00 0.25800840E-02
0.59999999E+00 0.35999999E+00 0.27265979E-02
0.61999999E+00 0.35999999E+00 0.28614373E-02
0.63999999E+00 0.35999999E+00 0.29510363E-02
0.65999999E+00 0.35999999E+00 0.28810595E-02
0.67999998E+00 0.35999999E+00 0.26785086E-02
0.69999998E+00 0.35999999E+00 0.28293049E-02
0.71999998E+00 0.35999999E+00 0.29864381E-02
0.73999998E+00 0.35999999E+00 0.31500304E-02
0.75999998E+00 0.35999999E+00 0.33201107E-02
0.77999998E+00 0.35999999E+00 0.34965888E-02
0.79999998E+00 0.35999999E+00 0.36792286E-02
0.81999998E+00 0.35999999E+00 0.38676159E-02
0.83999998E+00 0.35999999E+00 0.40611249E-02
0.85999998E+00 0.35999999E+00 0.42588804E-02
0.87999998E+00 0.35999999E+00 0.44597180E-02
0.89999998E+00 0.35999999E+00 0.46621415E-02
0.91999998E+00 0.35999999E+00 0.48642791E-02
0.93999998E+00 0.35999999E+00 0.50638399E-02
0.95999998E+00 0.35999999E+00 0.52580718E-02
0.97999998E+00 0.35999999E+00 0.54437243E-02
0.99999998E+00 0.35999999E+00 0.56170198E-02
0.10200000E+01 0.35999999E+00 0.57736398E-02
0.10400000E+01 0.35999999E+00 0.59087322E-02
0.10600000E+01 0.35999999E+00 0.60169532E-02
0.10800000E+01 0.35999999E+00 0.60925576E-02
0.11000000E+01 0.35999999E+00 0.61295630E-02
0.11200000E+01 0.35999999E+00 0.61220206E-02
0.11400000E+01 0.35999999E+00 0.60644494E-02
0.11600000E+01 0.35999999E+00 0.59525197E-02
0.11800000E+01 0.35999999E+00 0.57841412E-02
0.12000000E+01 0.35999999E+00 0.55612473E-02
0.12200000E+01 0.35999999E+00 0.52929198E-02
0.12400000E+01 0.35999999E+00 0.50015813E-02
0.12600000E+01 0.35999999E+00 0.47389498E-02
0.12800000E+01 0.35999999E+00 0.46873067E-02
0.13000000E+01 0.35999999E+00 0.48027419E-02
0.13200000E+01 0.35999999E+00 0.49184710E-02
0.13400000E+01 0.35999999E+00 0.50342552E-02
0.13600000E+01 0.35999999E+00 0.51497982E-02
0.13800000E+01 0.35999999E+00 0.52647422E-02
0.14000000E+01 0.35999999E+00 0.53786650E-02
0.14200000E+01 0.35999999E+00 0.54910799E-02
0.14400000E+01 0.35999999E+00 0.56014369E-02
0.14600000E+01 0.35999999E+00 0.57091289E-02
0.14800000E+01 0.35999999E+00 0.58135003E-02
0.15000000E+01 0.35999999E+00 0.59138625E-02
0.15200000E+01 0.35999999E+00 0.60095132E-02
0.15400000E+01 0.35999999E+00 0.60997645E-02
0.15600000E+01 0.35999999E+00 0.61839776E-02
0.15800000E+01 0.35999999E+00 0.62616064E-02
0.16000000E+01 0.35999999E+00 0.63322510E-02
0.16200000E+01 0.35999999E+00 0.63957203E-02
0.16400000E+01 0.35999999E+00 0.64521055E-02
0.16600000E+01 0.35999999E+00 0.65018614E-02
0.16800000E+01 0.35999999E+00 0.65458966E-02
0.17000000E+01 0.35999999E+00 0.65856666E-02
0.17200000E+01 0.35999999E+00 0.66232650E-02
0.17400000E+01 0.35999999E+00 0.66615031E-02
0.17600000E+01 0.35999999E+00 0.67039615E-02
0.17800000E+01 0.35999999E+00 0.67549877E-02
0.18000000E+01 0.35999999E+00 0.68195979E-02
0.18200000E+01 0.35999999E+00 0.69032047E-02
0.18400000E+01 0.35999999E+00 0.70110229E-02
0.18600000E+01 0.35999999E+00 0.71467831E-02
0.18800000E+01 0.35999999E+00 0.73090204E-02
0.19000000E+01 0.35999999E+00 0.74859004E-02
0.19200000E+01 0.35999999E+00 0.76630709E-02
0.19400000E+01 0.35999999E+00 0.78400948E-02
0.19600000E+01 0.35999999E+00 0.80165349E-02
0.19800000E+01 0.35999999E+00 0.81919679E-02
0.20000000E+01 0.35999999E+00 0.83660013E-02
0.00000000E+00 0.37999999E+00 0.74745618E-04
0.20000000E-01 0.37999999E+00 0.15607616E-03
0.39999999E-01 0.37999999E+00 0.18304870E-03
0.59999999E-01 0.37999999E+00 0.23049982E-03
0.79999998E-01 0.37999999E+00 0.30685462E-03
0.99999998E-01 0.37999999E+00 0.38670405E-03
0.12000000E+00 0.37999999E+00 0.46945500E-03
0.14000000E+00 0.37999999E+00 0.55445009E-03
0.16000000E+00 0.37999999E+00 0.64099220E-03
0.18000000E+00 0.37999999E+00 0.72837121E-03
0.20000000E+00 0.37999999E+00 0.81589250E-03
0.22000000E+00 0.37999999E+00 0.90290745E-03
0.23999999E+00 0.37999999E+00 0.98884546E-03
0.25999999E+00 0.37999999E+00 0.10732473E-02
0.27999999E+00 0.37999999E+00 0.11557989E-02
0.29999999E+00 0.37999999E+00 0.12363654E-02
0.31999999E+00 0.37999999E+00 0.13150235E-02
0.33999999E+00 0.37999999E+00 0.13920910E-02
0.35999999E+00 0.37999999E+00 0.14681517E-02
0.37999999E+00 0.37999999E+00 0.15440718E-02
0.39999999E+00 0.37999999E+00 0.16210055E-02
0.41999999E+00 0.37999999E+00 0.17003817E-02
0.43999999E+00 0.37999999E+00 0.17838676E-02
0.45999999E+00 0.37999999E+00 0.18732938E-02
0.47999999E+00 0.37999999E+00 0.19705282E-02
0.49999999E+00 0.37999999E+00 0.20772677E-02
0.51999999E+00 0.37999999E+00 0.21947061E-02
0.53999999E+00 0.37999999E+00 0.23229920E-02
0.55999999E+00 0.37999999E+00 0.24603117E-02
0.57999999E+00 0.37999999E+00 0.26011982E-02
0.59999999E+00 0.37999999E+00 0.27329272E-02
0.61999999E+00 0.37999999E+00 0.28254284E-02
0.63999999E+00 0.37999999E+00 0.27761831E-02
0.65999999E+00 0.37999999E+00 0.26075308E-02
0.67999998E+00 0.37999999E+00 0.27543010E-02
0.69999998E+00 0.37999999E+00 0.29075147E-02
0.71999998E+00 0.37999999E+00 0.30673903E-02
0.73999998E+00 0.37999999E+00 0.32340591E-02
0.75999998E+00 0.37999999E+00 0.34075397E-02
0.77999998E+00 0.37999999E+00 0.35877080E-02
0.79999998E+00 0.37999999E+00 0.37742633E-02
0.81999998E+00 0.37999999E+00 0.39666916E-02
0.83999998E+00 0.37999999E+00 0.41642254E-02
0.85999998E+00 0.37999999E+00 0.43657994E-02
0.87999998E+00 0.37999999E+00 0.45700049E-02
0.89999998E+00 0.37999999E+00 0.47750410E-02
0.91999998E+00 0.37999999E+00 0.49786670E-02
0.93999998E+00 0.37999999E+00 0.51781547E-02
0.95999998E+00 0.37999999E+00 0.53702467E-02
0.97999998E+00 0.37999999E+00 0.55511224E-02
0.99999998E+00 0.37999999E+00 0.57163788E-02
0.10200000E+01 0.37999999E+00 0.58610336E-02
0.10400000E+01 0.37999999E+00 0.59795626E-02
0.10600000E+01 0.37999999E+00 0.60659874E-02
0.10800000E+01 0.37999999E+00 0.61140383E-02
0.11000000E+01 0.37999999E+00 0.61174265E-02
0.11200000E+01 0.37999999E+00 0.60702830E-02
0.11400000E+01 0.37999999E+00 0.59678520E-02
0.11600000E+01 0.37999999E+00 0.58075958E-02
0.11800000E+01 0.37999999E+00 0.55910061E-02
0.12000000E+01 0.37999999E+00 0.53267674E-02
0.12200000E+01 0.37999999E+00 0.50369913E-02
0.12400000E+01 0.37999999E+00 0.47730636E-02
0.12600000E+01 0.37999999E+00 0.47180460E-02
0.12800000E+01 0.37999999E+00 0.48385002E-02
0.13000000E+01 0.37999999E+00 0.49589793E-02
0.13200000E+01 0.37999999E+00 0.50790949E-02
0.13400000E+01 0.37999999E+00 0.51983874E-02
0.13600000E+01 0.37999999E+00 0.53163233E-02
0.13800000E+01 0.37999999E+00 0.54322953E-02
0.14000000E+01 0.37999999E+00 0.55456248E-02
0.14200000E+01 0.37999999E+00 0.56555686E-02
0.14400000E+01 0.37999999E+00 0.57613301E-02
0.14600000E+01 0.37999999E+00 0.58620754E-02
0.14800000E+01 0.37999999E+00 0.59569563E-02
0.15000000E+01 0.37999999E+00 0.60451405E-02
0.15200000E+01 0.37999999E+00 0.61258502E-02
0.15400000E+01 0.37999999E+00 0.61984100E-02
0.15600000E+01 0.37999999E+00 0.62623052E-02
0.15800000E+01 0.37999999E+00 0.63172503E-02
0.16000000E+01 0.37999999E+00 0.63632682E-02
0.16200000E+01 0.37999999E+00 0.64007797E-02
0.16400000E+01 0.37999999E+00 0.64307005E-02
0.16600000E+01 0.37999999E+00 0.64545434E-02
0.16800000E+01 0.37999999E+00 0.64745182E-02
0.17000000E+01 0.37999999E+00 0.64936202E-02
0.17200000E+01 0.37999999E+00 0.65156909E-02
0.17400000E+01 0.37999999E+00 0.65454241E-02
0.17600000E+01 0.37999999E+00 0.65882744E-02
0.17800000E+01 0.37999999E+00 0.66501926E-02
0.18000000E+01 0.37999999E+00 0.67370410E-02
0.18200000E+01 0.37999999E+00 0.68533590E-02
0.18400000E+01 0.37999999E+00 0.69994091E-02
0.18600000E+01 0.37999999E+00 0.71562295E-02
0.18800000E+01 0.37999999E+00 0.73257425E-02
0.19000000E+01 0.37999999E+00 0.74955339E-02
0.19200000E+01 0.37999999E+00 0.76652692E-02
0.19400000E+01 0.37999999E+00 0.78346289E-02
0.19600000E+01 0.37999999E+00 0.80033221E-02
0.19800000E+01 0.37999999E+00 0.81711030E-02
0.20000000E+01 0.37999999E+00 0.83377877E-02
0.00000000E+00 0.39999999E+00 0.84409060E-04
0.20000000E-01 0.39999999E+00 0.12534554E-03
0.39999999E-01 0.39999999E+00 0.17577848E-03
0.59999999E-01 0.39999999E+00 0.25277423E-03
0.79999998E-01 0.39999999E+00 0.33290350E-03
0.99999998E-01 0.39999999E+00 0.41565069E-03
0.12000000E+00 0.39999999E+00 0.50042562E-03
0.14000000E+00 0.39999999E+00 0.58658826E-03
0.16000000E+00 0.39999999E+00 0.67347515E-03
0.18000000E+00 0.39999999E+00 0.76042779E-03
0.20000000E+00 0.39999999E+00 0.84682264E-03
0.22000000E+00 0.39999999E+00 0.93210272E-03
0.23999999E+00 0.39999999E+00 0.10158103E-02
0.25999999E+00 0.39999999E+00 0.10976201E-02
0.27999999E+00 0.39999999E+00 0.11773729E-02
0.29999999E+00 0.39999999E+00 0.12551068E-02
0.31999999E+00 0.39999999E+00 0.13310869E-02
0.33999999E+00 0.39999999E+00 0.14058297E-02
0.35999999E+00 0.39999999E+00 0.14801201E-02
0.37999999E+00 0.39999999E+00 0.15550178E-02
0.39999999E+00 0.39999999E+00 0.16318469E-02
0.41999999E+00 0.39999999E+00 0.17121631E-02
0.43999999E+00 0.39999999E+00 0.17976873E-02
0.45999999E+00 0.39999999E+00 0.18901904E-02
0.47999999E+00 0.39999999E+00 0.19913060E-02
0.49999999E+00 0.39999999E+00 0.21022295E-02
0.51999999E+00 0.39999999E+00 0.22232310E-02
0.53999999E+00 0.39999999E+00 0.23528314E-02
0.55999999E+00 0.39999999E+00 0.24862909E-02
0.57999999E+00 0.39999999E+00 0.26123967E-02
0.59999999E+00 0.39999999E+00 0.27044883E-02
0.61999999E+00 0.39999999E+00 0.26714990E-02
0.63999999E+00 0.39999999E+00 0.25331462E-02
0.65999999E+00 0.39999999E+00 0.26755732E-02
0.67999998E+00 0.39999999E+00 0.28244571E-02
0.69999998E+00 0.39999999E+00 0.29800997E-02
0.71999998E+00 0.39999999E+00 0.31427242E-02
0.73999998E+00 0.39999999E+00 0.33124474E-02
0.75999998E+00 0.39999999E+00 0.34892488E-02
0.77999998E+00 0.39999999E+00 0.36729346E-02
0.79999998E+00 0.39999999E+00 0.38630994E-02
0.81999998E+00 0.39999999E+00 0.40590827E-02
0.83999998E+00 0.39999999E+00 0.42599229E-02
0.85999998E+00 0.39999999E+00 0.44643077E-02
0.87999998E+00 0.39999999E+00 0.46705227E-02
0.89999998E+00 0.39999999E+00 0.48763996E-02
0.91999998E+00 0.39999999E+00 0.50792654E-02
0.93999998E+00 0.39999999E+00 0.52758959E-02
0.95999998E+00 0.39999999E+00 0.54624783E-02
0.97999998E+00 0.39999999E+00 0.56345877E-02
0.99999998E+00 0.39999999E+00 0.57871864E-02
0.10200000E+01 0.39999999E+00 0.59146576E-02
0.10400000E+01 0.39999999E+00 0.60108903E-02
0.10600000E+01 0.39999999E+00 0.60694395E-02
0.10800000E+01 0.39999999E+00 0.60837970E-02
0.11000000E+01 0.39999999E+00 0.60478295E-02
0.11200000E+01 0.39999999E+00 0.59564729E-02
0.11400000E+01 0.39999999E+00 0.58068369E-02
0.11600000E+01 0.39999999E+00 0.56000160E-02
0.11800000E+01 0.39999999E+00 0.53442389E-02
0.12000000E+01 0.39999999E+00 0.50610396E-02
0.12200000E+01 0.39999999E+00 0.48007030E-02
0.12400000E+01 0.39999999E+00 0.47442782E-02
0.12600000E+01 0.39999999E+00 0.48705010E-02
0.12800000E+01 0.39999999E+00 0.49966659E-02
0.13000000E+01 0.39999999E+00 0.51222488E-02
0.13200000E+01 0.39999999E+00 0.52466384E-02
0.13400000E+01 0.39999999E+00 0.53691359E-02
0.13600000E+01 0.39999999E+00 0.54889560E-02
0.13800000E+01 0.39999999E+00 0.56052337E-02
0.14000000E+01 0.39999999E+00 0.57170340E-02
0.14200000E+01 0.39999999E+00 0.58233680E-02
0.14400000E+01 0.39999999E+00 0.59232159E-02
0.14600000E+01 0.39999999E+00 0.60155569E-02
0.14800000E+01 0.39999999E+00 0.60994085E-02
0.15000000E+01 0.39999999E+00 0.61738757E-02
0.15200000E+01 0.39999999E+00 0.62382102E-02
0.15400000E+01 0.39999999E+00 0.62918825E-02
0.15600000E+01 0.39999999E+00 0.63346642E-02
0.15800000E+01 0.39999999E+00 0.63667226E-02
0.16000000E+01 0.39999999E+00 0.63887252E-02
0.16200000E+01 0.39999999E+00 0.64019512E-02
0.16400000E+01 0.39999999E+00 0.64084046E-02
0.16600000E+01 0.39999999E+00 0.64109210E-02
0.16800000E+01 0.39999999E+00 0.64132536E-02
0.17000000E+01 0.39999999E+00 0.64201157E-02
0.17200000E+01 0.39999999E+00 0.64371450E-02
0.17400000E+01 0.39999999E+00 0.64707270E-02
0.17600000E+01 0.39999999E+00 0.65275718E-02
0.17800000E+01 0.39999999E+00 0.66138260E-02
0.18000000E+01 0.39999999E+00 0.67331990E-02
0.18200000E+01 0.39999999E+00 0.68822419E-02
0.18400000E+01 0.39999999E+00 0.70219141E-02
0.18600000E+01 0.39999999E+00 0.71820867E-02
0.18800000E+01 0.39999999E+00 0.73422345E-02
0.19000000E+01 0.39999999E+00 0.75021271E-02
0.19200000E+01 0.39999999E+00 0.76615688E-02
0.19400000E+01 0.39999999E+00 0.78204133E-02
0.19600000E+01 0.39999999E+00 0.79785782E-02
0.19800000E+01 0.39999999E+00 0.81360610E-02
0.20000000E+01 0.39999999E+00 0.82929559E-02
0.00000000E+00 0.41999999E+00 0.59724810E-04
0.20000000E-01 0.41999999E+00 0.11506932E-03
0.39999999E-01 0.41999999E+00 0.19386927E-03
0.59999999E-01 0.41999999E+00 0.27533194E-03
0.79999998E-01 0.41999999E+00 0.35903729E-03
0.99999998E-01 0.41999999E+00 0.44448023E-03
0.12000000E+00 0.41999999E+00 0.53109526E-03
0.14000000E+00 0.41999999E+00 0.61828272E-03
0.16000000E+00 0.41999999E+00 0.70543667E-03
0.18000000E+00 0.41999999E+00 0.79197416E-03
0.20000000E+00 0.41999999E+00 0.87736603E-03
0.22000000E+00 0.41999999E+00 0.96116850E-03
0.23999999E+00 0.41999999E+00 0.10430553E-02
0.25999999E+00 0.41999999E+00 0.11228498E-02
0.27999999E+00 0.41999999E+00 0.12005551E-02
0.29999999E+00 0.41999999E+00 0.12763827E-02
0.31999999E+00 0.41999999E+00 0.13507755E-02
0.33999999E+00 0.41999999E+00 0.14244244E-02
0.35999999E+00 0.41999999E+00 0.14982750E-02
0.37999999E+00 0.41999999E+00 0.15735188E-02
0.39999999E+00 0.41999999E+00 0.16515637E-02
0.41999999E+00 0.41999999E+00 0.17339747E-02
0.43999999E+00 0.41999999E+00 0.18223700E-02
0.45999999E+00 0.41999999E+00 0.19182537E-02
0.47999999E+00 0.41999999E+00 0.20227479E-02
0.49999999E+00 0.41999999E+00 0.21361603E-02
0.51999999E+00 0.41999999E+00 0.22572575E-02
0.53999999E+00 0.41999999E+00 0.23819345E-02
0.55999999E+00 0.41999999E+00 0.25003936E-02
0.57999999E+00 0.41999999E+00 0.25892593E-02
0.59999999E+00 0.41999999E+00 0.25684490E-02
0.61999999E+00 0.41999999E+00 0.24569032E-02
0.63999999E+00 0.41999999E+00 0.25948296E-02
0.65999999E+00 0.41999999E+00 0.27391453E-02
0.67999998E+00 0.41999999E+00 0.28902225E-02
0.69999998E+00 0.41999999E+00 0.30483628E-02
0.71999998E+00 0.41999999E+00 0.32137689E-02
0.73999998E+00 0.41999999E+00 0.33865121E-02
0.75999998E+00 0.41999999E+00 0.35664958E-02
0.77999998E+00 0.41999999E+00 0.37534150E-02
0.79999998E+00 0.41999999E+00 0.39467118E-02
0.81999998E+00 0.41999999E+00 0.41455266E-02
0.83999998E+00 0.41999999E+00 0.43486473E-02
0.85999998E+00 0.41999999E+00 0.45544549E-02
0.87999998E+00 0.41999999E+00 0.47608694E-02
0.89999998E+00 0.41999999E+00 0.49652967E-02
0.91999998E+00 0.41999999E+00 0.51645789E-02
0.93999998E+00 0.41999999E+00 0.53549545E-02
0.95999998E+00 0.41999999E+00 0.55320317E-02
0.97999998E+00 0.41999999E+00 0.56907855E-02
0.99999998E+00 0.41999999E+00 0.58255881E-02
0.10200000E+01 0.41999999E+00 0.59302909E-02
0.10400000E+01 0.41999999E+00 0.59983815E-02
0.10600000E+01 0.41999999E+00 0.60232508E-02
0.10800000E+01 0.41999999E+00 0.59986260E-02
0.11000000E+01 0.41999999E+00 0.59192558E-02
0.11200000E+01 0.41999999E+00 0.57820019E-02
0.11400000E+01 0.41999999E+00 0.55876208E-02
0.11600000E+01 0.41999999E+00 0.53438529E-02
0.11800000E+01 0.41999999E+00 0.50714297E-02
0.12000000E+01 0.41999999E+00 0.48188443E-02
0.12200000E+01 0.41999999E+00 0.47625622E-02
0.12400000E+01 0.41999999E+00 0.48949343E-02
0.12600000E+01 0.41999999E+00 0.50273408E-02
0.12800000E+01 0.41999999E+00 0.51591394E-02
0.13000000E+01 0.41999999E+00 0.52895847E-02
0.13200000E+01 0.41999999E+00 0.54178282E-02
0.13400000E+01 0.41999999E+00 0.55429217E-02
0.13600000E+01 0.41999999E+00 0.56638256E-02
0.13800000E+01 0.41999999E+00 0.57794227E-02
0.14000000E+01 0.41999999E+00 0.58885379E-02
0.14200000E+01 0.41999999E+00 0.59899664E-02
0.14400000E+01 0.41999999E+00 0.60825107E-02
0.14600000E+01 0.41999999E+00 0.61650270E-02
0.14800000E+01 0.41999999E+00 0.62364837E-02
0.15000000E+01 0.41999999E+00 0.62960316E-02
0.15200000E+01 0.41999999E+00 0.63430864E-02
0.15400000E+01 0.41999999E+00 0.63774249E-02
0.15600000E+01 0.41999999E+00 0.63992923E-02
0.15800000E+01 0.41999999E+00 0.64095207E-02
0.16000000E+01 0.41999999E+00 0.64096524E-02
0.16200000E+01 0.41999999E+00 0.64020642E-02
0.16400000E+01 0.41999999E+00 0.63900791E-02
0.16600000E+01 0.41999999E+00 0.63780502E-02
0.16800000E+01 0.41999999E+00 0.63713877E-02
0.17000000E+01 0.41999999E+00 0.63764833E-02
0.17200000E+01 0.41999999E+00 0.64004584E-02
0.17400000E+01 0.41999999E+00 0.64505930E-02
0.17600000E+01 0.41999999E+00 0.65331566E-02
0.17800000E+01 0.41999999E+00 0.66509219E-02
0.18000000E+01 0.41999999E+00 0.67966671E-02
0.18200000E+01 0.41999999E+00 0.69099064E-02
0.18400000E+01 0.41999999E+00 0.70594381E-02
0.18600000E+01 0.41999999E+00 0.72083687E-02
0.18800000E+01 0.41999999E+00 0.73565658E-02
0.19000000E+01 0.41999999E+00 0.75039558E-02
0.19200000E+01 0.41999999E+00 0.76505386E-02
0.19400000E+01 0.41999999E+00 0.77964018E-02
0.19600000E+01 0.41999999E+00 0.79417360E-02
0.19800000E+01 0.41999999E+00 0.80868488E-02
0.20000000E+01 0.41999999E+00 0.82321774E-02
0.00000000E+00 0.43999999E+00 0.46390092E-04
0.20000000E-01 0.43999999E+00 0.12829745E-03
0.39999999E-01 0.43999999E+00 0.21226567E-03
0.59999999E-01 0.43999999E+00 0.29798909E-03
0.79999998E-01 0.43999999E+00 0.38506606E-03
0.99999998E-01 0.43999999E+00 0.47302362E-03
0.12000000E+00 0.43999999E+00 0.56134351E-03
0.14000000E+00 0.43999999E+00 0.64948941E-03
0.16000000E+00 0.43999999E+00 0.73693544E-03
0.18000000E+00 0.43999999E+00 0.82319566E-03
0.20000000E+00 0.43999999E+00 0.90785433E-03
0.22000000E+00 0.43999999E+00 0.99059643E-03
0.23999999E+00 0.43999999E+00 0.10712377E-02
0.25999999E+00 0.43999999E+00 0.11497532E-02
0.27999999E+00 0.43999999E+00 0.12263036E-02
0.29999999E+00 0.43999999E+00 0.13012567E-02
0.31999999E+00 0.43999999E+00 0.13752026E-02
0.33999999E+00 0.43999999E+00 0.14489593E-02
0.35999999E+00 0.43999999E+00 0.15235648E-02
0.37999999E+00 0.43999999E+00 0.16002507E-02
0.39999999E+00 0.43999999E+00 0.16803875E-02
0.41999999E+00 0.43999999E+00 0.17653934E-02
0.43999999E+00 0.43999999E+00 0.18565854E-02
0.45999999E+00 0.43999999E+00 0.19549442E-02
0.47999999E+00 0.43999999E+00 0.20607377E-02
0.49999999E+00 0.43999999E+00 0.21728916E-02
0.51999999E+00 0.43999999E+00 0.22878408E-02
0.53999999E+00 0.43999999E+00 0.23970950E-02
0.55999999E+00 0.43999999E+00 0.24804085E-02
0.57999999E+00 0.43999999E+00 0.24681398E-02
0.59999999E+00 0.43999999E+00 0.23800851E-02
0.61999999E+00 0.43999999E+00 0.25134887E-02
0.63999999E+00 0.43999999E+00 0.26531479E-02
0.65999999E+00 0.43999999E+00 0.27994911E-02
0.67999998E+00 0.43999999E+00 0.29528841E-02
0.69999998E+00 0.43999999E+00 0.31136011E-02
0.71999998E+00 0.43999999E+00 0.32817917E-02
0.73999998E+00 0.43999999E+00 0.34574438E-02
0.75999998E+00 0.43999999E+00 0.36403418E-02
0.77999998E+00 0.43999999E+00 0.38300214E-02
0.79999998E+00 0.43999999E+00 0.40257197E-02
0.81999998E+00 0.43999999E+00 0.42263228E-02
0.83999998E+00 0.43999999E+00 0.44303107E-02
0.85999998E+00 0.43999999E+00 0.46357013E-02
0.87999998E+00 0.43999999E+00 0.48399960E-02
0.89999998E+00 0.43999999E+00 0.50401290E-02
0.91999998E+00 0.43999999E+00 0.52324257E-02
0.93999998E+00 0.43999999E+00 0.54125749E-02
0.95999998E+00 0.43999999E+00 0.55756238E-02
0.97999998E+00 0.43999999E+00 0.57160071E-02
0.99999998E+00 0.43999999E+00 0.58276263E-02
0.10200000E+01 0.43999999E+00 0.59040030E-02
0.10400000E+01 0.43999999E+00 0.59385406E-02
0.10600000E+01 0.43999999E+00 0.59249476E-02
0.10800000E+01 0.43999999E+00 0.58579077E-02
0.11000000E+01 0.43999999E+00 0.57341429E-02
0.11200000E+01 0.43999999E+00 0.55541429E-02
0.11400000E+01 0.43999999E+00 0.53251490E-02
0.11600000E+01 0.43999999E+00 0.50669058E-02
0.11800000E+01 0.43999999E+00 0.48255082E-02
0.12000000E+01 0.43999999E+00 0.47705167E-02
0.12200000E+01 0.43999999E+00 0.49090823E-02
0.12400000E+01 0.43999999E+00 0.50479296E-02
0.12600000E+01 0.43999999E+00 0.51863190E-02
0.12800000E+01 0.43999999E+00 0.53233920E-02
0.13000000E+01 0.43999999E+00 0.54581714E-02
0.13200000E+01 0.43999999E+00 0.55895659E-02
0.13400000E+01 0.43999999E+00 0.57163800E-02
0.13600000E+01 0.43999999E+00 0.58373304E-02
0.13800000E+01 0.43999999E+00 0.59510690E-02
0.14000000E+01 0.43999999E+00 0.60562157E-02
0.14200000E+01 0.43999999E+00 0.61513999E-02
0.14400000E+01 0.43999999E+00 0.62353144E-02
0.14600000E+01 0.43999999E+00 0.63067809E-02
0.14800000E+01 0.43999999E+00 0.63648288E-02
0.15000000E+01 0.43999999E+00 0.64087880E-02
0.15200000E+01 0.43999999E+00 0.64383953E-02
0.15400000E+01 0.43999999E+00 0.64539135E-02
0.15600000E+01 0.43999999E+00 0.64562605E-02
0.15800000E+01 0.43999999E+00 0.64471443E-02
0.16000000E+01 0.43999999E+00 0.64291946E-02
0.16200000E+01 0.43999999E+00 0.64060801E-02
0.16400000E+01 0.43999999E+00 0.63825893E-02
0.16600000E+01 0.43999999E+00 0.63646435E-02
0.16800000E+01 0.43999999E+00 0.63591878E-02
0.17000000E+01 0.43999999E+00 0.63738707E-02
0.17200000E+01 0.43999999E+00 0.64163458E-02
0.17400000E+01 0.43999999E+00 0.64928478E-02
0.17600000E+01 0.43999999E+00 0.66051465E-02
0.17800000E+01 0.43999999E+00 0.67423398E-02
0.18000000E+01 0.43999999E+00 0.68221834E-02
0.18200000E+01 0.43999999E+00 0.69604288E-02
0.18400000E+01 0.43999999E+00 0.70972560E-02
0.18600000E+01 0.43999999E+00 0.72326187E-02
0.18800000E+01 0.43999999E+00 0.73665561E-02
0.19000000E+01 0.43999999E+00 0.74992072E-02
0.19200000E+01 0.43999999E+00 0.76308271E-02
0.19400000E+01 0.43999999E+00 0.77618001E-02
0.19600000E+01 0.43999999E+00 0.78926526E-02
0.19800000E+01 0.43999999E+00 0.80240623E-02
0.20000000E+01 0.43999999E+00 0.81568627E-02
0.00000000E+00 0.45999999E+00 0.54147423E-04
0.20000000E-01 0.45999999E+00 0.14192133E-03
0.39999999E-01 0.45999999E+00 0.23082900E-03
0.59999999E-01 0.45999999E+00 0.32059157E-03
0.79999998E-01 0.45999999E+00 0.41084739E-03
0.99999998E-01 0.45999999E+00 0.50117789E-03
0.12000000E+00 0.45999999E+00 0.59113424E-03
0.14000000E+00 0.45999999E+00 0.68026483E-03
0.16000000E+00 0.45999999E+00 0.76814347E-03
0.18000000E+00 0.45999999E+00 0.85439795E-03
0.20000000E+00 0.45999999E+00 0.93873845E-03
0.22000000E+00 0.45999999E+00 0.10209853E-02
0.23999999E+00 0.45999999E+00 0.11010953E-02
0.25999999E+00 0.45999999E+00 0.11791848E-02
0.27999999E+00 0.45999999E+00 0.12555491E-02
0.29999999E+00 0.45999999E+00 0.13306754E-02
0.31999999E+00 0.45999999E+00 0.14052464E-02
0.33999999E+00 0.45999999E+00 0.14801329E-02
0.35999999E+00 0.45999999E+00 0.15563678E-02
0.37999999E+00 0.45999999E+00 0.16350977E-02
0.39999999E+00 0.45999999E+00 0.17175011E-02
0.41999999E+00 0.45999999E+00 0.18046583E-02
0.43999999E+00 0.45999999E+00 0.18973490E-02
0.45999999E+00 0.45999999E+00 0.19957305E-02
0.47999999E+00 0.45999999E+00 0.20988056E-02
0.49999999E+00 0.45999999E+00 0.22034543E-02
0.51999999E+00 0.45999999E+00 0.23023779E-02
0.53999999E+00 0.45999999E+00 0.23782844E-02
0.55999999E+00 0.45999999E+00 0.23713779E-02
0.57999999E+00 0.45999999E+00 0.23037226E-02
0.59999999E+00 0.45999999E+00 0.24326925E-02
0.61999999E+00 0.45999999E+00 0.25677328E-02
0.63999999E+00 0.45999999E+00 0.27093143E-02
0.65999999E+00 0.45999999E+00 0.28578522E-02
0.67999998E+00 0.45999999E+00 0.30136774E-02
0.69999998E+00 0.45999999E+00 0.31770029E-02
0.71999998E+00 0.45999999E+00 0.33478866E-02
0.73999998E+00 0.45999999E+00 0.35261889E-02
0.75999998E+00 0.45999999E+00 0.37115276E-02
0.77999998E+00 0.45999999E+00 0.39032270E-02
0.79999998E+00 0.45999999E+00 0.41002657E-02
0.81999998E+00 0.45999999E+00 0.43012208E-02
0.83999998E+00 0.45999999E+00 0.45042120E-02
0.85999998E+00 0.45999999E+00 0.47068467E-02
0.87999998E+00 0.45999999E+00 0.49061697E-02
0.89999998E+00 0.45999999E+00 0.50986214E-02
0.91999998E+00 0.45999999E+00 0.52800099E-02
0.93999998E+00 0.45999999E+00 0.54455059E-02
0.95999998E+00 0.45999999E+00 0.55896709E-02
0.97999998E+00 0.45999999E+00 0.57065350E-02
0.99999998E+00 0.45999999E+00 0.57897466E-02
0.10200000E+01 0.45999999E+00 0.58328270E-02
0.10400000E+01 0.45999999E+00 0.58295816E-02
0.10600000E+01 0.45999999E+00 0.57747469E-02
0.10800000E+01 0.45999999E+00 0.56650143E-02
0.11000000E+01 0.45999999E+00 0.55006856E-02
0.11200000E+01 0.45999999E+00 0.52885107E-02
0.11400000E+01 0.45999999E+00 0.50471017E-02
0.11600000E+01 0.45999999E+00 0.48196338E-02
0.11800000E+01 0.45999999E+00 0.47667088E-02
0.12000000E+01 0.45999999E+00 0.49112195E-02
0.12200000E+01 0.45999999E+00 0.50563880E-02
0.12400000E+01 0.45999999E+00 0.52014006E-02
0.12600000E+01 0.45999999E+00 0.53453094E-02
0.12800000E+01 0.45999999E+00 0.54870325E-02
0.13000000E+01 0.45999999E+00 0.56253594E-02
0.13200000E+01 0.45999999E+00 0.57589620E-02
0.13400000E+01 0.45999999E+00 0.58864129E-02
0.13600000E+01 0.45999999E+00 0.60062106E-02
0.13800000E+01 0.45999999E+00 0.61168155E-02
0.14000000E+01 0.45999999E+00 0.62166965E-02
0.14200000E+01 0.45999999E+00 0.63043883E-02
0.14400000E+01 0.45999999E+00 0.63785643E-02
0.14600000E+01 0.45999999E+00 0.64381212E-02
0.14800000E+01 0.45999999E+00 0.64822804E-02
0.15000000E+01 0.45999999E+00 0.65107022E-02
0.15200000E+01 0.45999999E+00 0.65236141E-02
0.15400000E+01 0.45999999E+00 0.65219489E-02
0.15600000E+01 0.45999999E+00 0.65074869E-02
0.15800000E+01 0.45999999E+00 0.64829955E-02
0.16000000E+01 0.45999999E+00 0.64523484E-02
0.16200000E+01 0.45999999E+00 0.64206042E-02
0.16400000E+01 0.45999999E+00 0.63940070E-02
0.16600000E+01 0.45999999E+00 0.63798484E-02
0.16800000E+01 0.45999999E+00 0.63860908E-02
0.17000000E+01 0.45999999E+00 0.64205601E-02
0.17200000E+01 0.45999999E+00 0.64893063E-02
0.17400000E+01 0.45999999E+00 0.65930633E-02
0.17600000E+01 0.45999999E+00 0.67174649E-02
0.17800000E+01 0.45999999E+00 0.67590845E-02
0.18000000E+01 0.45999999E+00 0.68860012E-02
0.18200000E+01 0.45999999E+00 0.70104849E-02
0.18400000E+01 0.45999999E+00 0.71325588E-02
0.18600000E+01 0.45999999E+00 0.72523589E-02
0.18800000E+01 0.45999999E+00 0.73701506E-02
0.19000000E+01 0.45999999E+00 0.74863446E-02
0.19200000E+01 0.45999999E+00 0.76015105E-02
0.19400000E+01 0.45999999E+00 0.77163883E-02
0.19600000E+01 0.45999999E+00 0.78318947E-02
0.19800000E+01 0.45999999E+00 0.79491233E-02
0.20000000E+01 0.45999999E+00 0.80693373E-02
0.00000000E+00 0.47999999E+00 0.62477527E-04
0.20000000E-01 0.47999999E+00 0.15585179E-03
0.39999999E-01 0.47999999E+00 0.24944568E-03
0.59999999E-01 0.47999999E+00 0.34302892E-03
0.79999998E-01 0.47999999E+00 0.43630193E-03
0.99999998E-01 0.47999999E+00 0.52892213E-03
0.12000000E+00 0.47999999E+00 0.62053040E-03
0.14000000E+00 0.47999999E+00 0.71077790E-03
0.16000000E+00 0.47999999E+00 0.79935263E-03
0.18000000E+00 0.47999999E+00 0.88600567E-03
0.20000000E+00 0.47999999E+00 0.97057619E-03
0.22000000E+00 0.47999999E+00 0.10530146E-02
0.23999999E+00 0.47999999E+00 0.11334029E-02
0.25999999E+00 0.47999999E+00 0.12119702E-02
0.27999999E+00 0.47999999E+00 0.12891031E-02
0.29999999E+00 0.47999999E+00 0.13653470E-02
0.31999999E+00 0.47999999E+00 0.14413969E-02
0.33999999E+00 0.47999999E+00 0.15180723E-02
0.35999999E+00 0.47999999E+00 0.15962731E-02
0.37999999E+00 0.47999999E+00 0.16769069E-02
0.39999999E+00 0.47999999E+00 0.17607763E-02
0.41999999E+00 0.47999999E+00 0.18484079E-02
0.43999999E+00 0.47999999E+00 0.19397855E-02
0.45999999E+00 0.47999999E+00 0.20339123E-02
0.47999999E+00 0.47999999E+00 0.21280207E-02
0.49999999E+00 0.47999999E+00 0.22158844E-02
0.51999999E+00 0.47999999E+00 0.22829730E-02
0.53999999E+00 0.47999999E+00 0.22787090E-02
0.55999999E+00 0.47999999E+00 0.22286152E-02
0.57999999E+00 0.47999999E+00 0.23533275E-02
0.59999999E+00 0.47999999E+00 0.24838881E-02
0.61999999E+00 0.47999999E+00 0.26207967E-02
0.63999999E+00 0.47999999E+00 0.27645038E-02
0.65999999E+00 0.47999999E+00 0.29153819E-02
0.67999998E+00 0.47999999E+00 0.30736920E-02
0.69999998E+00 0.47999999E+00 0.32395466E-02
0.71999998E+00 0.47999999E+00 0.34128675E-02
0.73999998E+00 0.47999999E+00 0.35933405E-02
0.75999998E+00 0.47999999E+00 0.37803654E-02
0.77999998E+00 0.47999999E+00 0.39730038E-02
0.79999998E+00 0.47999999E+00 0.41699241E-02
0.81999998E+00 0.47999999E+00 0.43693466E-02
0.83999998E+00 0.47999999E+00 0.45689896E-02
0.85999998E+00 0.47999999E+00 0.47660205E-02
0.87999998E+00 0.47999999E+00 0.49570149E-02
0.89999998E+00 0.47999999E+00 0.51379309E-02
0.91999998E+00 0.47999999E+00 0.53041048E-02
0.93999998E+00 0.47999999E+00 0.54502800E-02
0.95999998E+00 0.47999999E+00 0.55706839E-02
0.97999998E+00 0.47999999E+00 0.56591741E-02
0.99999998E+00 0.47999999E+00 0.57094860E-02
0.10200000E+01 0.47999999E+00 0.57156280E-02
0.10400000E+01 0.47999999E+00 0.56725018E-02
0.10600000E+01 0.47999999E+00 0.55768747E-02
0.10800000E+01 0.47999999E+00 0.54289430E-02
0.11000000E+01 0.47999999E+00 0.52349881E-02
0.11200000E+01 0.47999999E+00 0.50123795E-02
0.11400000E+01 0.47999999E+00 0.48009358E-02
0.11600000E+01 0.47999999E+00 0.47505219E-02
0.11800000E+01 0.47999999E+00 0.49004868E-02
0.12000000E+01 0.47999999E+00 0.50515853E-02
0.12200000E+01 0.47999999E+00 0.52029533E-02
0.12400000E+01 0.47999999E+00 0.53535784E-02
0.12600000E+01 0.47999999E+00 0.55023000E-02
0.12800000E+01 0.47999999E+00 0.56478151E-02
0.13000000E+01 0.47999999E+00 0.57886898E-02
0.13200000E+01 0.47999999E+00 0.59233783E-02
0.13400000E+01 0.47999999E+00 0.60502505E-02
0.13600000E+01 0.47999999E+00 0.61676299E-02
0.13800000E+01 0.47999999E+00 0.62738423E-02
0.14000000E+01 0.47999999E+00 0.63672783E-02
0.14200000E+01 0.47999999E+00 0.64464685E-02
0.14400000E+01 0.47999999E+00 0.65101747E-02
0.14600000E+01 0.47999999E+00 0.65574958E-02
0.14800000E+01 0.47999999E+00 0.65879881E-02
0.15000000E+01 0.47999999E+00 0.66018002E-02
0.15200000E+01 0.47999999E+00 0.65998166E-02
0.15400000E+01 0.47999999E+00 0.65838062E-02
0.15600000E+01 0.47999999E+00 0.65565648E-02
0.15800000E+01 0.47999999E+00 0.65220367E-02
0.16000000E+01 0.47999999E+00 0.64853895E-02
0.16200000E+01 0.47999999E+00 0.64530038E-02
0.16400000E+01 0.47999999E+00 0.64323125E-02
0.16600000E+01 0.47999999E+00 0.64313783E-02
0.16800000E+01 0.47999999E+00 0.64580004E-02
0.17000000E+01 0.47999999E+00 0.65179010E-02
0.17200000E+01 0.47999999E+00 0.66107731E-02
0.17400000E+01 0.47999999E+00 0.67190991E-02
0.17600000E+01 0.47999999E+00 0.67195743E-02
0.17800000E+01 0.47999999E+00 0.68356463E-02
0.18000000E+01 0.47999999E+00 0.69481223E-02
0.18200000E+01 0.47999999E+00 0.70570755E-02
0.18400000E+01 0.47999999E+00 0.71627191E-02
0.18600000E+01 0.47999999E+00 0.72654257E-02
0.18800000E+01 0.47999999E+00 0.73657435E-02
0.19000000E+01 0.47999999E+00 0.74644112E-02
0.19200000E+01 0.47999999E+00 0.75623678E-02
0.19400000E+01 0.47999999E+00 0.76607569E-02
0.19600000E+01 0.47999999E+00 0.77609243E-02
0.19800000E+01 0.47999999E+00 0.78644037E-02
0.20000000E+01 0.47999999E+00 0.79728912E-02
0.00000000E+00 0.49999999E+00 0.71342140E-04
0.20000000E-01 0.49999999E+00 0.17001745E-03
0.39999999E-01 0.49999999E+00 0.26803941E-03
0.59999999E-01 0.49999999E+00 0.36524832E-03
0.79999998E-01 0.49999999E+00 0.46142789E-03
0.99999998E-01 0.49999999E+00 0.55633093E-03
0.12000000E+00 0.49999999E+00 0.64970464E-03
0.14000000E+00 0.49999999E+00 0.74131536E-03
0.16000000E+00 0.49999999E+00 0.83097219E-03
0.18000000E+00 0.49999999E+00 0.91854907E-03
0.20000000E+00 0.49999999E+00 0.10040046E-02
0.22000000E+00 0.49999999E+00 0.10873985E-02
0.23999999E+00 0.49999999E+00 0.11689038E-02
0.25999999E+00 0.49999999E+00 0.12488129E-02
0.27999999E+00 0.49999999E+00 0.13275359E-02
0.29999999E+00 0.49999999E+00 0.14055893E-02
0.31999999E+00 0.49999999E+00 0.14835709E-02
0.33999999E+00 0.49999999E+00 0.15621180E-02
0.35999999E+00 0.49999999E+00 0.16418434E-02
0.37999999E+00 0.49999999E+00 0.17232389E-02
0.39999999E+00 0.49999999E+00 0.18065348E-02
0.41999999E+00 0.49999999E+00 0.18914850E-02
0.43999999E+00 0.49999999E+00 0.19770235E-02
0.45999999E+00 0.49999999E+00 0.20606461E-02
0.47999999E+00 0.49999999E+00 0.21370779E-02
0.49999999E+00 0.49999999E+00 0.21943487E-02
0.51999999E+00 0.49999999E+00 0.21904567E-02
0.53999999E+00 0.49999999E+00 0.21553558E-02
0.55999999E+00 0.49999999E+00 0.22760517E-02
0.57999999E+00 0.49999999E+00 0.24023503E-02
0.59999999E+00 0.49999999E+00 0.25347676E-02
0.61999999E+00 0.49999999E+00 0.26737762E-02
0.63999999E+00 0.49999999E+00 0.28197756E-02
0.65999999E+00 0.49999999E+00 0.29730598E-02
0.67999998E+00 0.49999999E+00 0.31337804E-02
0.69999998E+00 0.49999999E+00 0.33019049E-02
0.71999998E+00 0.49999999E+00 0.34771722E-02
0.73999998E+00 0.49999999E+00 0.36590436E-02
0.75999998E+00 0.49999999E+00 0.38466519E-02
0.77999998E+00 0.49999999E+00 0.40387479E-02
0.79999998E+00 0.49999999E+00 0.42336470E-02
0.81999998E+00 0.49999999E+00 0.44291781E-02
0.83999998E+00 0.49999999E+00 0.46226371E-02
0.85999998E+00 0.49999999E+00 0.48107486E-02
0.87999998E+00 0.49999999E+00 0.49896434E-02
0.89999998E+00 0.49999999E+00 0.51548567E-02
0.91999998E+00 0.49999999E+00 0.53013590E-02
0.93999998E+00 0.49999999E+00 0.54236331E-02
0.95999998E+00 0.49999999E+00 0.55158179E-02
0.97999998E+00 0.49999999E+00 0.55719477E-02
0.99999998E+00 0.49999999E+00 0.55863306E-02
0.10200000E+01 0.49999999E+00 0.55541365E-02
0.10400000E+01 0.49999999E+00 0.54723099E-02
0.10600000E+01 0.49999999E+00 0.53410252E-02
0.10800000E+01 0.49999999E+00 0.51661293E-02
0.11000000E+01 0.49999999E+00 0.49636717E-02
0.11200000E+01 0.49999999E+00 0.47697581E-02
0.11400000E+01 0.49999999E+00 0.47220132E-02
0.11600000E+01 0.49999999E+00 0.48767526E-02
0.11800000E+01 0.49999999E+00 0.50331705E-02
0.12000000E+01 0.49999999E+00 0.51903756E-02
0.12200000E+01 0.49999999E+00 0.53473159E-02
0.12400000E+01 0.49999999E+00 0.55027792E-02
0.12600000E+01 0.49999999E+00 0.56553979E-02
0.12800000E+01 0.49999999E+00 0.58036609E-02
0.13000000E+01 0.49999999E+00 0.59459332E-02
0.13200000E+01 0.49999999E+00 0.60804843E-02
0.13400000E+01 0.49999999E+00 0.62055271E-02
0.13600000E+01 0.49999999E+00 0.63192685E-02
0.13800000E+01 0.49999999E+00 0.64199738E-02
0.14000000E+01 0.49999999E+00 0.65060447E-02
0.14200000E+01 0.49999999E+00 0.65761128E-02
0.14400000E+01 0.49999999E+00 0.66291492E-02
0.14600000E+01 0.49999999E+00 0.66645883E-02
0.14800000E+01 0.49999999E+00 0.66824653E-02
0.15000000E+01 0.49999999E+00 0.66835640E-02
0.15200000E+01 0.49999999E+00 0.66695668E-02
0.15400000E+01 0.49999999E+00 0.66431994E-02
0.15600000E+01 0.49999999E+00 0.66083509E-02
0.15800000E+01 0.49999999E+00 0.65701451E-02
0.16000000E+01 0.49999999E+00 0.65349206E-02
0.16200000E+01 0.49999999E+00 0.65100522E-02
0.16400000E+01 0.49999999E+00 0.65034949E-02
0.16600000E+01 0.49999999E+00 0.65228278E-02
0.16800000E+01 0.49999999E+00 0.65733115E-02
0.17000000E+01 0.49999999E+00 0.66536146E-02
0.17200000E+01 0.49999999E+00 0.67434537E-02
0.17400000E+01 0.49999999E+00 0.67015233E-02
0.17600000E+01 0.49999999E+00 0.68076691E-02
0.17800000E+01 0.49999999E+00 0.69089612E-02
0.18000000E+01 0.49999999E+00 0.70055008E-02
0.18200000E+01 0.49999999E+00 0.70975566E-02
0.18400000E+01 0.49999999E+00 0.71855852E-02
0.18600000E+01 0.49999999E+00 0.72702499E-02
0.18800000E+01 0.49999999E+00 0.73524353E-02
0.19000000E+01 0.49999999E+00 0.74332574E-02
0.19200000E+01 0.49999999E+00 0.75140667E-02
0.19400000E+01 0.49999999E+00 0.75964419E-02
0.19600000E+01 0.49999999E+00 0.76821723E-02
0.19800000E+01 0.49999999E+00 0.77732250E-02
0.20000000E+01 0.49999999E+00 0.78716944E-02
0.00000000E+00 0.51999999E+00 0.80710635E-04
0.20000000E-01 0.51999999E+00 0.18437516E-03
0.39999999E-01 0.51999999E+00 0.28658359E-03
0.59999999E-01 0.51999999E+00 0.38726778E-03
0.79999998E-01 0.51999999E+00 0.48631342E-03
0.99999998E-01 0.51999999E+00 0.58358405E-03
0.12000000E+00 0.51999999E+00 0.67894379E-03
0.14000000E+00 0.51999999E+00 0.77227849E-03
0.16000000E+00 0.51999999E+00 0.86351463E-03
0.18000000E+00 0.51999999E+00 0.95263547E-03
0.20000000E+00 0.51999999E+00 0.10396935E-02
0.22000000E+00 0.51999999E+00 0.11248180E-02
0.23999999E+00 0.51999999E+00 0.12082173E-02
0.25999999E+00 0.51999999E+00 0.12901729E-02
0.27999999E+00 0.51999999E+00 0.13710249E-02
0.29999999E+00 0.51999999E+00 0.14511461E-02
0.31999999E+00 0.51999999E+00 0.15309023E-02
0.33999999E+00 0.51999999E+00 0.16105944E-02
0.35999999E+00 0.51999999E+00 0.16903782E-02
0.37999999E+00 0.51999999E+00 0.17701515E-02
0.39999999E+00 0.51999999E+00 0.18493906E-02
0.41999999E+00 0.51999999E+00 0.19268968E-02
0.43999999E+00 0.51999999E+00 0.20003448E-02
0.45999999E+00 0.51999999E+00 0.20652911E-02
0.47999999E+00 0.51999999E+00 0.21121198E-02
0.49999999E+00 0.51999999E+00 0.21067583E-02
0.51999999E+00 0.51999999E+00 0.20843565E-02
0.53999999E+00 0.51999999E+00 0.22013234E-02
0.55999999E+00 0.51999999E+00 0.23236348E-02
0.57999999E+00 0.51999999E+00 0.24518132E-02
0.59999999E+00 0.51999999E+00 0.25863403E-02
0.61999999E+00 0.51999999E+00 0.27276298E-02
0.63999999E+00 0.51999999E+00 0.28759942E-02
0.65999999E+00 0.51999999E+00 0.30316089E-02
0.67999998E+00 0.51999999E+00 0.31944717E-02
0.69999998E+00 0.51999999E+00 0.33643592E-02
0.71999998E+00 0.51999999E+00 0.35407793E-02
0.73999998E+00 0.51999999E+00 0.37229221E-02
0.75999998E+00 0.51999999E+00 0.39096093E-02
0.77999998E+00 0.51999999E+00 0.40992430E-02
0.79999998E+00 0.51999999E+00 0.42897584E-02
0.81999998E+00 0.51999999E+00 0.44785802E-02
0.83999998E+00 0.51999999E+00 0.46625898E-02
0.85999998E+00 0.51999999E+00 0.48381060E-02
0.87999998E+00 0.51999999E+00 0.50008878E-02
0.89999998E+00 0.51999999E+00 0.51461684E-02
0.91999998E+00 0.51999999E+00 0.52687341E-02
0.93999998E+00 0.51999999E+00 0.53630655E-02
0.95999998E+00 0.51999999E+00 0.54235692E-02
0.97999998E+00 0.51999999E+00 0.54449380E-02
0.99999998E+00 0.51999999E+00 0.54227029E-02
0.10200000E+01 0.51999999E+00 0.53540800E-02
0.10400000E+01 0.51999999E+00 0.52393027E-02
0.10600000E+01 0.51999999E+00 0.50838264E-02
0.10800000E+01 0.51999999E+00 0.49023312E-02
0.11000000E+01 0.51999999E+00 0.47269303E-02
0.11200000E+01 0.51999999E+00 0.46817730E-02
0.11400000E+01 0.51999999E+00 0.48404719E-02
0.11600000E+01 0.51999999E+00 0.50014327E-02
0.11800000E+01 0.51999999E+00 0.51637588E-02
0.12000000E+01 0.51999999E+00 0.53263834E-02
0.12200000E+01 0.51999999E+00 0.54880686E-02
0.12400000E+01 0.51999999E+00 0.56474106E-02
0.12600000E+01 0.51999999E+00 0.58028509E-02
0.12800000E+01 0.51999999E+00 0.59526957E-02
0.13000000E+01 0.51999999E+00 0.60951447E-02
0.13200000E+01 0.51999999E+00 0.62283300E-02
0.13400000E+01 0.51999999E+00 0.63503674E-02
0.13600000E+01 0.51999999E+00 0.64594212E-02
0.13800000E+01 0.51999999E+00 0.65537833E-02
0.14000000E+01 0.51999999E+00 0.66319675E-02
0.14200000E+01 0.51999999E+00 0.66928197E-02
0.14400000E+01 0.51999999E+00 0.67356426E-02
0.14600000E+01 0.51999999E+00 0.67603341E-02
0.14800000E+01 0.51999999E+00 0.67675344E-02
0.15000000E+01 0.51999999E+00 0.67587764E-02
0.15200000E+01 0.51999999E+00 0.67366279E-02
0.15400000E+01 0.51999999E+00 0.67048091E-02
0.15600000E+01 0.51999999E+00 0.66682586E-02
0.15800000E+01 0.51999999E+00 0.66331057E-02
0.16000000E+01 0.51999999E+00 0.66064782E-02
0.16200000E+01 0.51999999E+00 0.65960251E-02
0.16400000E+01 0.51999999E+00 0.66089217E-02
0.16600000E+01 0.51999999E+00 0.66498434E-02
0.16800000E+01 0.51999999E+00 0.67164687E-02
0.17000000E+01 0.51999999E+00 0.67861830E-02
0.17200000E+01 0.51999999E+00 0.67019901E-02
0.17400000E+01 0.51999999E+00 0.67994635E-02
0.17600000E+01 0.51999999E+00 0.68907838E-02
0.17800000E+01 0.51999999E+00 0.69760588E-02
0.18000000E+01 0.51999999E+00 0.70555891E-02
0.18200000E+01 0.51999999E+00 0.71298909E-02
0.18400000E+01 0.51999999E+00 0.71997159E-02
0.18600000E+01 0.51999999E+00 0.72660676E-02
0.18800000E+01 0.51999999E+00 0.73302115E-02
0.19000000E+01 0.51999999E+00 0.73936769E-02
0.19200000E+01 0.51999999E+00 0.74582495E-02
0.19400000E+01 0.51999999E+00 0.75259488E-02
0.19600000E+01 0.51999999E+00 0.75989909E-02
0.19800000E+01 0.51999999E+00 0.76797304E-02
0.20000000E+01 0.51999999E+00 0.77705790E-02
0.00000000E+00 0.53999999E+00 0.90568900E-04
0.20000000E-01 0.53999999E+00 0.19892110E-03
0.39999999E-01 0.53999999E+00 0.30511345E-03
0.59999999E-01 0.53999999E+00 0.40918758E-03
0.79999998E-01 0.53999999E+00 0.51114543E-03
0.99999998E-01 0.53999999E+00 0.61097024E-03
0.12000000E+00 0.53999999E+00 0.70864503E-03
0.14000000E+00 0.53999999E+00 0.80416843E-03
0.16000000E+00 0.53999999E+00 0.89756685E-03
0.18000000E+00 0.53999999E+00 0.98890263E-03
0.20000000E+00 0.53999999E+00 0.10782770E-02
0.22000000E+00 0.53999999E+00 0.11658273E-02
0.23999999E+00 0.53999999E+00 0.12517165E-02
0.25999999E+00 0.53999999E+00 0.13361151E-02
0.27999999E+00 0.53999999E+00 0.14191732E-02
0.29999999E+00 0.53999999E+00 0.15009810E-02
0.31999999E+00 0.53999999E+00 0.15815176E-02
0.33999999E+00 0.53999999E+00 0.16605843E-02
0.35999999E+00 0.53999999E+00 0.17377178E-02
0.37999999E+00 0.53999999E+00 0.18120762E-02
0.39999999E+00 0.53999999E+00 0.18822713E-02
0.41999999E+00 0.53999999E+00 0.19460777E-02
0.43999999E+00 0.53999999E+00 0.19997663E-02
0.45999999E+00 0.53999999E+00 0.20358673E-02
0.47999999E+00 0.53999999E+00 0.20275981E-02
0.49999999E+00 0.53999999E+00 0.20158735E-02
0.51999999E+00 0.53999999E+00 0.21294280E-02
0.53999999E+00 0.53999999E+00 0.22480669E-02
0.55999999E+00 0.53999999E+00 0.23723090E-02
0.57999999E+00 0.53999999E+00 0.25026356E-02
0.59999999E+00 0.53999999E+00 0.26394620E-02
0.61999999E+00 0.53999999E+00 0.27831063E-02
0.63999999E+00 0.53999999E+00 0.29337535E-02
0.65999999E+00 0.53999999E+00 0.30914168E-02
0.67999998E+00 0.53999999E+00 0.32558949E-02
0.69999998E+00 0.53999999E+00 0.34267272E-02
0.71999998E+00 0.53999999E+00 0.36031468E-02
0.73999998E+00 0.53999999E+00 0.37840327E-02
0.75999998E+00 0.53999999E+00 0.39678629E-02
0.77999998E+00 0.53999999E+00 0.41526707E-02
0.79999998E+00 0.53999999E+00 0.43360066E-02
0.81999998E+00 0.53999999E+00 0.45149105E-02
0.83999998E+00 0.53999999E+00 0.46858980E-02
0.85999998E+00 0.53999999E+00 0.48449691E-02
0.87999998E+00 0.53999999E+00 0.49876466E-02
0.89999998E+00 0.53999999E+00 0.51090574E-02
0.91999998E+00 0.53999999E+00 0.52040734E-02
0.93999998E+00 0.53999999E+00 0.52675352E-02
0.95999998E+00 0.53999999E+00 0.52945930E-02
0.97999998E+00 0.53999999E+00 0.52812208E-02
0.99999998E+00 0.53999999E+00 0.52249910E-02
0.10200000E+01 0.53999999E+00 0.51262732E-02
0.10400000E+01 0.53999999E+00 0.49901796E-02
0.10600000E+01 0.53999999E+00 0.48299964E-02
0.10800000E+01 0.53999999E+00 0.46736353E-02
0.11000000E+01 0.53999999E+00 0.46307911E-02
0.11200000E+01 0.53999999E+00 0.47925495E-02
0.11400000E+01 0.53999999E+00 0.49571628E-02
0.11600000E+01 0.53999999E+00 0.51237495E-02
0.11800000E+01 0.53999999E+00 0.52912504E-02
0.12000000E+01 0.53999999E+00 0.54584275E-02
0.12200000E+01 0.53999999E+00 0.56238680E-02
0.12400000E+01 0.53999999E+00 0.57859953E-02
0.12600000E+01 0.53999999E+00 0.59430878E-02
0.12800000E+01 0.53999999E+00 0.60933071E-02
0.13000000E+01 0.53999999E+00 0.62347360E-02
0.13200000E+01 0.53999999E+00 0.63654299E-02
0.13400000E+01 0.53999999E+00 0.64834802E-02
0.13600000E+01 0.53999999E+00 0.65870931E-02
0.13800000E+01 0.53999999E+00 0.66746824E-02
0.14000000E+01 0.53999999E+00 0.67449784E-02
0.14200000E+01 0.53999999E+00 0.67971511E-02
0.14400000E+01 0.53999999E+00 0.68309458E-02
0.14600000E+01 0.53999999E+00 0.68468276E-02
0.14800000E+01 0.53999999E+00 0.68461276E-02
0.15000000E+01 0.53999999E+00 0.68311809E-02
0.15200000E+01 0.53999999E+00 0.68054382E-02
0.15400000E+01 0.53999999E+00 0.67735258E-02
0.15600000E+01 0.53999999E+00 0.67412101E-02
0.15800000E+01 0.53999999E+00 0.67151972E-02
0.16000000E+01 0.53999999E+00 0.67026455E-02
0.16200000E+01 0.53999999E+00 0.67101548E-02
0.16400000E+01 0.53999999E+00 0.67417043E-02
0.16600000E+01 0.53999999E+00 0.67940286E-02
0.16800000E+01 0.53999999E+00 0.68426478E-02
0.17000000E+01 0.53999999E+00 0.67174891E-02
0.17200000E+01 0.53999999E+00 0.68077788E-02
0.17400000E+01 0.53999999E+00 0.68906254E-02
0.17600000E+01 0.53999999E+00 0.69661231E-02
0.17800000E+01 0.53999999E+00 0.70345811E-02
0.18000000E+01 0.53999999E+00 0.70965495E-02
0.18200000E+01 0.53999999E+00 0.71528408E-02
0.18400000E+01 0.53999999E+00 0.72045475E-02
0.18600000E+01 0.53999999E+00 0.72530528E-02
0.18800000E+01 0.53999999E+00 0.73000328E-02
0.19000000E+01 0.53999999E+00 0.73474463E-02
0.19200000E+01 0.53999999E+00 0.73975111E-02
0.19400000E+01 0.53999999E+00 0.74526617E-02
0.19600000E+01 0.53999999E+00 0.75154853E-02
0.19800000E+01 0.53999999E+00 0.75886331E-02
0.20000000E+01 0.53999999E+00 0.76747014E-02
0.00000000E+00 0.55999999E+00 0.10092932E-03
0.20000000E-01 0.55999999E+00 0.21370198E-03
0.39999999E-01 0.55999999E+00 0.32373678E-03
0.59999999E-01 0.55999999E+00 0.43119861E-03
0.79999998E-01 0.55999999E+00 0.53621321E-03
0.99999998E-01 0.55999999E+00 0.63888334E-03
0.12000000E+00 0.55999999E+00 0.73930137E-03
0.14000000E+00 0.55999999E+00 0.83755754E-03
0.16000000E+00 0.55999999E+00 0.93374357E-03
0.18000000E+00 0.55999999E+00 0.10279506E-02
0.20000000E+00 0.55999999E+00 0.11202611E-02
0.22000000E+00 0.55999999E+00 0.12107333E-02
0.23999999E+00 0.55999999E+00 0.12993787E-02
0.25999999E+00 0.55999999E+00 0.13861310E-02
0.27999999E+00 0.55999999E+00 0.14708071E-02
0.29999999E+00 0.55999999E+00 0.15530597E-02
0.31999999E+00 0.55999999E+00 0.16323231E-02
0.33999999E+00 0.55999999E+00 0.17077516E-02
0.35999999E+00 0.55999999E+00 0.17781512E-02
0.37999999E+00 0.55999999E+00 0.18418944E-02
0.39999999E+00 0.55999999E+00 0.18967823E-02
0.41999999E+00 0.55999999E+00 0.19396863E-02
0.43999999E+00 0.55999999E+00 0.19650765E-02
0.45999999E+00 0.55999999E+00 0.19528354E-02
0.47999999E+00 0.55999999E+00 0.19500290E-02
0.49999999E+00 0.55999999E+00 0.20605047E-02
0.51999999E+00 0.55999999E+00 0.21758097E-02
0.53999999E+00 0.55999999E+00 0.22964522E-02
0.55999999E+00 0.55999999E+00 0.24229040E-02
0.57999999E+00 0.55999999E+00 0.25555721E-02
0.59999999E+00 0.55999999E+00 0.26947682E-02
0.61999999E+00 0.55999999E+00 0.28406744E-02
0.63999999E+00 0.55999999E+00 0.29933050E-02
0.65999999E+00 0.55999999E+00 0.31524666E-02
0.67999998E+00 0.55999999E+00 0.33177150E-02
0.69999998E+00 0.55999999E+00 0.34883113E-02
0.71999998E+00 0.55999999E+00 0.36631777E-02
0.73999998E+00 0.55999999E+00 0.38408554E-02
0.75999998E+00 0.55999999E+00 0.40194655E-02
0.77999998E+00 0.55999999E+00 0.41966773E-02
0.79999998E+00 0.55999999E+00 0.43696865E-02
0.81999998E+00 0.55999999E+00 0.45352086E-02
0.83999998E+00 0.55999999E+00 0.46894946E-02
0.85999998E+00 0.55999999E+00 0.48283751E-02
0.87999998E+00 0.55999999E+00 0.49473458E-02
0.89999998E+00 0.55999999E+00 0.50417084E-02
0.91999998E+00 0.55999999E+00 0.51067868E-02
0.93999998E+00 0.55999999E+00 0.51382495E-02
0.95999998E+00 0.55999999E+00 0.51325831E-02
0.97999998E+00 0.55999999E+00 0.50877912E-02
0.99999998E+00 0.55999999E+00 0.50044507E-02
0.10200000E+01 0.55999999E+00 0.48873817E-02
0.10400000E+01 0.55999999E+00 0.47484731E-02
0.10600000E+01 0.55999999E+00 0.46112900E-02
0.10800000E+01 0.55999999E+00 0.45703353E-02
0.11000000E+01 0.55999999E+00 0.47342139E-02
0.11200000E+01 0.55999999E+00 0.49015243E-02
0.11400000E+01 0.55999999E+00 0.50714176E-02
0.11600000E+01 0.55999999E+00 0.52428626E-02
0.11800000E+01 0.55999999E+00 0.54146443E-02
0.12000000E+01 0.55999999E+00 0.55853668E-02
0.12200000E+01 0.55999999E+00 0.57534637E-02
0.12400000E+01 0.55999999E+00 0.59172157E-02
0.12600000E+01 0.55999999E+00 0.60747779E-02
0.12800000E+01 0.55999999E+00 0.62242164E-02
0.13000000E+01 0.55999999E+00 0.63635581E-02
0.13200000E+01 0.55999999E+00 0.64908522E-02
0.13400000E+01 0.55999999E+00 0.66042465E-02
0.13600000E+01 0.55999999E+00 0.67020775E-02
0.13800000E+01 0.55999999E+00 0.67829757E-02
0.14000000E+01 0.55999999E+00 0.68459842E-02
0.14200000E+01 0.55999999E+00 0.68906897E-02
0.14400000E+01 0.55999999E+00 0.69173600E-02
0.14600000E+01 0.55999999E+00 0.69270845E-02
0.14800000E+01 0.55999999E+00 0.69219034E-02
0.15000000E+01 0.55999999E+00 0.69049121E-02
0.15200000E+01 0.55999999E+00 0.68803124E-02
0.15400000E+01 0.55999999E+00 0.68533708E-02
0.15600000E+01 0.55999999E+00 0.68302138E-02
0.15800000E+01 0.55999999E+00 0.68173408E-02
0.16000000E+01 0.55999999E+00 0.68206195E-02
0.16200000E+01 0.55999999E+00 0.68432338E-02
0.16400000E+01 0.55999999E+00 0.68810313E-02
0.16600000E+01 0.55999999E+00 0.69081460E-02
0.16800000E+01 0.55999999E+00 0.67442337E-02
0.17000000E+01 0.55999999E+00 0.68289675E-02
0.17200000E+01 0.55999999E+00 0.69050245E-02
0.17400000E+01 0.55999999E+00 0.69724667E-02
0.17600000E+01 0.55999999E+00 0.70315906E-02
0.17800000E+01 0.55999999E+00 0.70829551E-02
0.18000000E+01 0.55999999E+00 0.71274056E-02
0.18200000E+01 0.55999999E+00 0.71660925E-02
0.18400000E+01 0.55999999E+00 0.72004834E-02
0.18600000E+01 0.55999999E+00 0.72323647E-02
0.18800000E+01 0.55999999E+00 0.72638316E-02
0.19000000E+01 0.55999999E+00 0.72972617E-02
0.19200000E+01 0.55999999E+00 0.73352703E-02
0.19400000E+01 0.55999999E+00 0.73806419E-02
0.19600000E+01 0.55999999E+00 0.74362356E-02
0.19800000E+01 0.55999999E+00 0.75048594E-02
0.20000000E+01 0.55999999E+00 0.75891100E-02
0.00000000E+00 0.57999999E+00 0.11184140E-03
0.20000000E-01 0.57999999E+00 0.22882549E-03
0.39999999E-01 0.57999999E+00 0.34264229E-03
0.59999999E-01 0.57999999E+00 0.45358622E-03
0.79999998E-01 0.57999999E+00 0.56190482E-03
0.99999998E-01 0.57999999E+00 0.66780818E-03
0.12000000E+00 0.57999999E+00 0.77147340E-03
0.14000000E+00 0.57999999E+00 0.87304349E-03
0.16000000E+00 0.57999999E+00 0.97262010E-03
0.18000000E+00 0.57999999E+00 0.10702498E-02
0.20000000E+00 0.57999999E+00 0.11659030E-02
0.22000000E+00 0.57999999E+00 0.12594465E-02
0.23999999E+00 0.57999999E+00 0.13506086E-02
0.25999999E+00 0.57999999E+00 0.14389389E-02
0.27999999E+00 0.57999999E+00 0.15237645E-02
0.29999999E+00 0.57999999E+00 0.16041467E-02
0.31999999E+00 0.57999999E+00 0.16788420E-02
0.33999999E+00 0.57999999E+00 0.17462769E-02
0.35999999E+00 0.57999999E+00 0.18045412E-02
0.37999999E+00 0.57999999E+00 0.18513944E-02
0.39999999E+00 0.57999999E+00 0.18841995E-02
0.41999999E+00 0.57999999E+00 0.18991634E-02
0.43999999E+00 0.57999999E+00 0.18822280E-02
0.45999999E+00 0.57999999E+00 0.18868314E-02
0.47999999E+00 0.57999999E+00 0.19945688E-02
0.49999999E+00 0.57999999E+00 0.21068910E-02
0.51999999E+00 0.57999999E+00 0.22242905E-02
0.53999999E+00 0.57999999E+00 0.23472224E-02
0.55999999E+00 0.57999999E+00 0.24760769E-02
0.57999999E+00 0.57999999E+00 0.26111499E-02
0.59999999E+00 0.57999999E+00 0.27526089E-02
0.61999999E+00 0.57999999E+00 0.29004573E-02
0.63999999E+00 0.57999999E+00 0.30544957E-02
0.65999999E+00 0.57999999E+00 0.32142821E-02
0.67999998E+00 0.57999999E+00 0.33790911E-02
0.69999998E+00 0.57999999E+00 0.35478740E-02
0.71999998E+00 0.57999999E+00 0.37192213E-02
0.73999998E+00 0.57999999E+00 0.38913298E-02
0.75999998E+00 0.57999999E+00 0.40619778E-02
0.77999998E+00 0.57999999E+00 0.42285104E-02
0.79999998E+00 0.57999999E+00 0.43878414E-02
0.81999998E+00 0.57999999E+00 0.45364763E-02
0.83999998E+00 0.57999999E+00 0.46705644E-02
0.85999998E+00 0.57999999E+00 0.47859892E-02
0.87999998E+00 0.57999999E+00 0.48785101E-02
0.89999998E+00 0.57999999E+00 0.49439730E-02
0.91999998E+00 0.57999999E+00 0.49786126E-02
0.93999998E+00 0.57999999E+00 0.49794858E-02
0.95999998E+00 0.57999999E+00 0.49450911E-02
0.97999998E+00 0.57999999E+00 0.48762769E-02
0.99999998E+00 0.57999999E+00 0.47776229E-02
0.10200000E+01 0.57999999E+00 0.46596344E-02
0.10400000E+01 0.57999999E+00 0.45414428E-02
0.10600000E+01 0.57999999E+00 0.45018440E-02
0.10800000E+01 0.57999999E+00 0.46669048E-02
0.11000000E+01 0.57999999E+00 0.48359354E-02
0.11200000E+01 0.57999999E+00 0.50081343E-02
0.11400000E+01 0.57999999E+00 0.51825161E-02
0.11600000E+01 0.57999999E+00 0.53579093E-02
0.11800000E+01 0.57999999E+00 0.55329585E-02
0.12000000E+01 0.57999999E+00 0.57061338E-02
0.12200000E+01 0.57999999E+00 0.58757469E-02
0.12400000E+01 0.57999999E+00 0.60399767E-02
0.12600000E+01 0.57999999E+00 0.61969050E-02
0.12800000E+01 0.57999999E+00 0.63445623E-02
0.13000000E+01 0.57999999E+00 0.64809878E-02
0.13200000E+01 0.57999999E+00 0.66043005E-02
0.13400000E+01 0.57999999E+00 0.67127859E-02
0.13600000E+01 0.57999999E+00 0.68049949E-02
0.13800000E+01 0.57999999E+00 0.68798562E-02
0.14000000E+01 0.57999999E+00 0.69367988E-02
0.14200000E+01 0.57999999E+00 0.69758817E-02
0.14400000E+01 0.57999999E+00 0.69979229E-02
0.14600000E+01 0.57999999E+00 0.70046192E-02
0.14800000E+01 0.57999999E+00 0.69986390E-02
0.15000000E+01 0.57999999E+00 0.69836645E-02
0.15200000E+01 0.57999999E+00 0.69643428E-02
0.15400000E+01 0.57999999E+00 0.69460811E-02
0.15600000E+01 0.57999999E+00 0.69345696E-02
0.15800000E+01 0.57999999E+00 0.69348049E-02
0.16000000E+01 0.57999999E+00 0.69490897E-02
0.16200000E+01 0.57999999E+00 0.69724485E-02
0.16400000E+01 0.57999999E+00 0.69781076E-02
0.16600000E+01 0.57999999E+00 0.67783491E-02
0.16800000E+01 0.57999999E+00 0.68592061E-02
0.17000000E+01 0.57999999E+00 0.69302501E-02
0.17200000E+01 0.57999999E+00 0.69914949E-02
0.17400000E+01 0.57999999E+00 0.70432052E-02
0.17600000E+01 0.57999999E+00 0.70859258E-02
0.17800000E+01 0.57999999E+00 0.71205079E-02
0.18000000E+01 0.57999999E+00 0.71481294E-02
0.18200000E+01 0.57999999E+00 0.71703079E-02
0.18400000E+01 0.57999999E+00 0.71889029E-02
0.18600000E+01 0.57999999E+00 0.72061058E-02
0.18800000E+01 0.57999999E+00 0.72244125E-02
0.19000000E+01 0.57999999E+00 0.72465765E-02
0.19200000E+01 0.57999999E+00 0.72755381E-02
0.19400000E+01 0.57999999E+00 0.73143257E-02
0.19600000E+01 0.57999999E+00 0.73659252E-02
0.19800000E+01 0.57999999E+00 0.74331144E-02
0.20000000E+01 0.57999999E+00 0.75182588E-02
0.00000000E+00 0.59999999E+00 0.12340223E-03
0.20000000E-01 0.59999999E+00 0.24446897E-03
0.39999999E-01 0.59999999E+00 0.36210386E-03
0.59999999E-01 0.59999999E+00 0.47672730E-03
0.79999998E-01 0.59999999E+00 0.58869396E-03
0.99999998E-01 0.59999999E+00 0.69829350E-03
0.12000000E+00 0.59999999E+00 0.80574478E-03
0.14000000E+00 0.59999999E+00 0.91118330E-03
0.16000000E+00 0.59999999E+00 0.10146416E-02
0.18000000E+00 0.59999999E+00 0.11160224E-02
0.20000000E+00 0.59999999E+00 0.12150653E-02
0.22000000E+00 0.59999999E+00 0.13113077E-02
0.23999999E+00 0.59999999E+00 0.14040427E-02
0.25999999E+00 0.59999999E+00 0.14922777E-02
0.27999999E+00 0.59999999E+00 0.15746994E-02
0.29999999E+00 0.59999999E+00 0.16496572E-02
0.31999999E+00 0.59999999E+00 0.17151764E-02
0.33999999E+00 0.59999999E+00 0.17690266E-02
0.35999999E+00 0.59999999E+00 0.18088638E-02
0.37999999E+00 0.59999999E+00 0.18324377E-02
0.39999999E+00 0.59999999E+00 0.18374940E-02
0.41999999E+00 0.59999999E+00 0.18154516E-02
0.43999999E+00 0.59999999E+00 0.18261918E-02
0.45999999E+00 0.59999999E+00 0.19315315E-02
0.47999999E+00 0.59999999E+00 0.20412258E-02
0.49999999E+00 0.59999999E+00 0.21557478E-02
0.51999999E+00 0.59999999E+00 0.22755308E-02
0.53999999E+00 0.59999999E+00 0.24009420E-02
0.55999999E+00 0.59999999E+00 0.25322531E-02
0.57999999E+00 0.59999999E+00 0.26696080E-02
0.59999999E+00 0.59999999E+00 0.28129881E-02
0.61999999E+00 0.59999999E+00 0.29621762E-02
0.63999999E+00 0.59999999E+00 0.31167194E-02
0.65999999E+00 0.59999999E+00 0.32758921E-02
0.67999998E+00 0.59999999E+00 0.34386601E-02
0.69999998E+00 0.59999999E+00 0.36036497E-02
0.71999998E+00 0.59999999E+00 0.37691202E-02
0.73999998E+00 0.59999999E+00 0.39329471E-02
0.75999998E+00 0.59999999E+00 0.40926157E-02
0.77999998E+00 0.59999999E+00 0.42452319E-02
0.79999998E+00 0.59999999E+00 0.43875545E-02
0.81999998E+00 0.59999999E+00 0.45160553E-02
0.83999998E+00 0.59999999E+00 0.46270164E-02
0.85999998E+00 0.59999999E+00 0.47166737E-02
0.87999998E+00 0.59999999E+00 0.47814220E-02
0.89999998E+00 0.59999999E+00 0.48180992E-02
0.91999998E+00 0.59999999E+00 0.48243777E-02
0.93999998E+00 0.59999999E+00 0.47993038E-02
0.95999998E+00 0.59999999E+00 0.47440530E-02
0.97999998E+00 0.59999999E+00 0.46630149E-02
0.99999998E+00 0.59999999E+00 0.45653395E-02
0.10200000E+01 0.59999999E+00 0.44656874E-02
0.10400000E+01 0.59999999E+00 0.44268357E-02
0.10600000E+01 0.59999999E+00 0.45921756E-02
0.10800000E+01 0.59999999E+00 0.47619656E-02
0.11000000E+01 0.59999999E+00 0.49354635E-02
0.11200000E+01 0.59999999E+00 0.51117444E-02
0.11400000E+01 0.59999999E+00 0.52896979E-02
0.11600000E+01 0.59999999E+00 0.54680300E-02
0.11800000E+01 0.59999999E+00 0.56452705E-02
0.12000000E+01 0.59999999E+00 0.58197888E-02
0.12200000E+01 0.59999999E+00 0.59898168E-02
0.12400000E+01 0.59999999E+00 0.61534819E-02
0.12600000E+01 0.59999999E+00 0.63088508E-02
0.12800000E+01 0.59999999E+00 0.64539840E-02
0.13000000E+01 0.59999999E+00 0.65870033E-02
0.13200000E+01 0.59999999E+00 0.67061712E-02
0.13400000E+01 0.59999999E+00 0.68099831E-02
0.13600000E+01 0.59999999E+00 0.68972705E-02
0.13800000E+01 0.59999999E+00 0.69673133E-02
0.14000000E+01 0.59999999E+00 0.70199575E-02
0.14200000E+01 0.59999999E+00 0.70557316E-02
0.14400000E+01 0.59999999E+00 0.70759524E-02
0.14600000E+01 0.59999999E+00 0.70828048E-02
0.14800000E+01 0.59999999E+00 0.70793724E-02
0.15000000E+01 0.59999999E+00 0.70695823E-02
0.15200000E+01 0.59999999E+00 0.70580024E-02
0.15400000E+01 0.59999999E+00 0.70493833E-02
0.15600000E+01 0.59999999E+00 0.70477292E-02
0.15800000E+01 0.59999999E+00 0.70543900E-02
0.16000000E+01 0.59999999E+00 0.70636352E-02
0.16200000E+01 0.59999999E+00 0.70482513E-02
0.16400000E+01 0.59999999E+00 0.68160520E-02
0.16600000E+01 0.59999999E+00 0.68946855E-02
0.16800000E+01 0.59999999E+00 0.69625014E-02
0.17000000E+01 0.59999999E+00 0.70194532E-02
0.17200000E+01 0.59999999E+00 0.70657572E-02
0.17400000E+01 0.59999999E+00 0.71019239E-02
0.17600000E+01 0.59999999E+00 0.71287856E-02
0.17800000E+01 0.59999999E+00 0.71475188E-02
0.18000000E+01 0.59999999E+00 0.71596574E-02
0.18200000E+01 0.59999999E+00 0.71670972E-02
0.18400000E+01 0.59999999E+00 0.71720846E-02
0.18600000E+01 0.59999999E+00 0.71771901E-02
0.18800000E+01 0.59999999E+00 0.71852604E-02
0.19000000E+01 0.59999999E+00 0.71993458E-02
0.19200000E+01 0.59999999E+00 0.72225998E-02
0.19400000E+01 0.59999999E+00 0.72581461E-02
0.19600000E+01 0.59999999E+00 0.73089102E-02
0.19800000E+01 0.59999999E+00 0.73774124E-02
0.20000000E+01 0.59999999E+00 0.74655225E-02
0.00000000E+00 0.61999999E+00 0.13576589E-03
0.20000000E-01 0.61999999E+00 0.26088471E-03
0.39999999E-01 0.61999999E+00 0.38247916E-03
0.59999999E-01 0.61999999E+00 0.50107879E-03
0.79999998E-01 0.61999999E+00 0.61711469E-03
0.99999998E-01 0.61999999E+00 0.73090922E-03
0.12000000E+00 0.61999999E+00 0.84265805E-03
0.14000000E+00 0.61999999E+00 0.95240456E-03
0.16000000E+00 0.61999999E+00 0.10600069E-02
0.18000000E+00 0.61999999E+00 0.11650984E-02
0.20000000E+00 0.61999999E+00 0.12670439E-02
0.22000000E+00 0.61999999E+00 0.13648946E-02
0.23999999E+00 0.61999999E+00 0.14573477E-02
0.25999999E+00 0.61999999E+00 0.15427197E-02
0.27999999E+00 0.61999999E+00 0.16189475E-02
0.29999999E+00 0.61999999E+00 0.16836398E-02
0.31999999E+00 0.61999999E+00 0.17342134E-02
0.33999999E+00 0.61999999E+00 0.17681641E-02
0.35999999E+00 0.61999999E+00 0.17835289E-02
0.37999999E+00 0.61999999E+00 0.17793999E-02
0.39999999E+00 0.61999999E+00 0.17521154E-02
0.41999999E+00 0.61999999E+00 0.17679384E-02
0.43999999E+00 0.61999999E+00 0.18712167E-02
0.45999999E+00 0.61999999E+00 0.19786356E-02
0.47999999E+00 0.61999999E+00 0.20906466E-02
0.49999999E+00 0.61999999E+00 0.22076581E-02
0.51999999E+00 0.61999999E+00 0.23300096E-02
0.53999999E+00 0.61999999E+00 0.24579427E-02
0.55999999E+00 0.61999999E+00 0.25915698E-02
0.57999999E+00 0.61999999E+00 0.27308418E-02
0.59999999E+00 0.61999999E+00 0.28755131E-02
0.61999999E+00 0.61999999E+00 0.30251084E-02
0.63999999E+00 0.61999999E+00 0.31788890E-02
0.65999999E+00 0.61999999E+00 0.33358225E-02
0.67999998E+00 0.61999999E+00 0.34945567E-02
0.69999998E+00 0.61999999E+00 0.36533999E-02
0.71999998E+00 0.61999999E+00 0.38103119E-02
0.73999998E+00 0.61999999E+00 0.39629067E-02
0.75999998E+00 0.61999999E+00 0.41084732E-02
0.77999998E+00 0.61999999E+00 0.42440173E-02
0.79999998E+00 0.61999999E+00 0.43663318E-02
0.81999998E+00 0.61999999E+00 0.44721006E-02
0.83999998E+00 0.61999999E+00 0.45580462E-02
0.85999998E+00 0.61999999E+00 0.46211296E-02
0.87999998E+00 0.61999999E+00 0.46588171E-02
0.89999998E+00 0.61999999E+00 0.46694305E-02
0.91999998E+00 0.61999999E+00 0.46526049E-02
0.93999998E+00 0.61999999E+00 0.46098904E-02
0.95999998E+00 0.61999999E+00 0.45455343E-02
0.97999998E+00 0.61999999E+00 0.44673694E-02
0.99999998E+00 0.61999999E+00 0.43855931E-02
0.10200000E+01 0.61999999E+00 0.43468340E-02
0.10400000E+01 0.61999999E+00 0.45116119E-02
0.10600000E+01 0.61999999E+00 0.46812481E-02
0.10800000E+01 0.61999999E+00 0.48550679E-02
0.11000000E+01 0.61999999E+00 0.50322187E-02
0.11200000E+01 0.61999999E+00 0.52116658E-02
0.11400000E+01 0.61999999E+00 0.53921939E-02
0.11600000E+01 0.61999999E+00 0.55724136E-02
0.11800000E+01 0.61999999E+00 0.57507753E-02
0.12000000E+01 0.61999999E+00 0.59255899E-02
0.12200000E+01 0.61999999E+00 0.60950596E-02
0.12400000E+01 0.61999999E+00 0.62573170E-02
0.12600000E+01 0.61999999E+00 0.64104758E-02
0.12800000E+01 0.61999999E+00 0.65526911E-02
0.13000000E+01 0.61999999E+00 0.66822323E-02
0.13200000E+01 0.61999999E+00 0.67975657E-02
0.13400000E+01 0.61999999E+00 0.68974467E-02
0.13600000E+01 0.61999999E+00 0.69810198E-02
0.13800000E+01 0.61999999E+00 0.70479221E-02
0.14000000E+01 0.61999999E+00 0.70983833E-02
0.14200000E+01 0.61999999E+00 0.71333162E-02
0.14400000E+01 0.61999999E+00 0.71543795E-02
0.14600000E+01 0.61999999E+00 0.71639962E-02
0.14800000E+01 0.61999999E+00 0.71652908E-02
0.15000000E+01 0.61999999E+00 0.71618920E-02
0.15200000E+01 0.61999999E+00 0.71575015E-02
0.15400000E+01 0.61999999E+00 0.71550286E-02
0.15600000E+01 0.61999999E+00 0.71548133E-02
0.15800000E+01 0.61999999E+00 0.71504407E-02
0.16000000E+01 0.61999999E+00 0.71147040E-02
0.16200000E+01 0.61999999E+00 0.68537934E-02
0.16400000E+01 0.61999999E+00 0.69317666E-02
0.16600000E+01 0.61999999E+00 0.69980761E-02
0.16800000E+01 0.61999999E+00 0.70526064E-02
0.17000000E+01 0.61999999E+00 0.70955128E-02
0.17200000E+01 0.61999999E+00 0.71272542E-02
0.17400000E+01 0.61999999E+00 0.71486226E-02
0.17600000E+01 0.61999999E+00 0.71607662E-02
0.17800000E+01 0.61999999E+00 0.71652045E-02
0.18000000E+01 0.61999999E+00 0.71638332E-02
0.18200000E+01 0.61999999E+00 0.71589139E-02
0.18400000E+01 0.61999999E+00 0.71530478E-02
0.18600000E+01 0.61999999E+00 0.71491280E-02
0.18800000E+01 0.61999999E+00 0.71502671E-02
0.19000000E+01 0.61999999E+00 0.71596963E-02
0.19200000E+01 0.61999999E+00 0.71806323E-02
0.19400000E+01 0.61999999E+00 0.72161091E-02
0.19600000E+01 0.61999999E+00 0.72687711E-02
0.19800000E+01 0.61999999E+00 0.73406297E-02
0.20000000E+01 0.61999999E+00 0.74327832E-02
0.00000000E+00 0.63999999E+00 0.14915044E-03
0.20000000E-01 0.63999999E+00 0.27840046E-03
0.39999999E-01 0.63999999E+00 0.40420009E-03
0.59999999E-01 0.63999999E+00 0.52715459E-03
0.79999998E-01 0.63999999E+00 0.64772098E-03
0.99999998E-01 0.63999999E+00 0.76618479E-03
0.12000000E+00 0.63999999E+00 0.88262842E-03
0.14000000E+00 0.63999999E+00 0.99689177E-03
0.16000000E+00 0.63999999E+00 0.11085264E-02
0.18000000E+00 0.63999999E+00 0.12167463E-02
0.20000000E+00 0.63999999E+00 0.13203790E-02
0.22000000E+00 0.63999999E+00 0.14178255E-02
0.23999999E+00 0.63999999E+00 0.15070397E-02
0.25999999E+00 0.63999999E+00 0.15855463E-02
0.27999999E+00 0.63999999E+00 0.16505261E-02
0.29999999E+00 0.63999999E+00 0.16990159E-02
0.31999999E+00 0.63999999E+00 0.17282994E-02
0.33999999E+00 0.63999999E+00 0.17366061E-02
0.35999999E+00 0.63999999E+00 0.17241888E-02
0.37999999E+00 0.63999999E+00 0.16917739E-02
0.39999999E+00 0.63999999E+00 0.17118275E-02
0.41999999E+00 0.63999999E+00 0.18133747E-02
0.43999999E+00 0.63999999E+00 0.19188647E-02
0.45999999E+00 0.63999999E+00 0.20287269E-02
0.47999999E+00 0.63999999E+00 0.21433434E-02
0.49999999E+00 0.63999999E+00 0.22630231E-02
0.51999999E+00 0.63999999E+00 0.23879732E-02
0.53999999E+00 0.63999999E+00 0.25182694E-02
0.55999999E+00 0.63999999E+00 0.26538244E-02
0.57999999E+00 0.63999999E+00 0.27943562E-02
0.59999999E+00 0.63999999E+00 0.29393571E-02
0.61999999E+00 0.63999999E+00 0.30880643E-02
0.63999999E+00 0.63999999E+00 0.32394345E-02
0.65999999E+00 0.63999999E+00 0.33921240E-02
0.67999998E+00 0.63999999E+00 0.35444768E-02
0.69999998E+00 0.63999999E+00 0.36945233E-02
0.71999998E+00 0.63999999E+00 0.38399934E-02
0.73999998E+00 0.63999999E+00 0.39783473E-02
0.75999998E+00 0.63999999E+00 0.41068282E-02
0.77999998E+00 0.63999999E+00 0.42225432E-02
0.79999998E+00 0.63999999E+00 0.43225755E-02
0.81999998E+00 0.63999999E+00 0.44041360E-02
0.83999998E+00 0.63999999E+00 0.44647601E-02
0.85999998E+00 0.63999999E+00 0.45025577E-02
0.87999998E+00 0.63999999E+00 0.45165220E-02
0.89999998E+00 0.63999999E+00 0.45069081E-02
0.91999998E+00 0.63999999E+00 0.44756781E-02
0.93999998E+00 0.63999999E+00 0.44269812E-02
0.95999998E+00 0.63999999E+00 0.43673796E-02
0.97999998E+00 0.63999999E+00 0.43026517E-02
0.99999998E+00 0.63999999E+00 0.42633091E-02
0.10200000E+01 0.63999999E+00 0.44267664E-02
0.10400000E+01 0.63999999E+00 0.45954070E-02
0.10600000E+01 0.63999999E+00 0.47686300E-02
0.10800000E+01 0.63999999E+00 0.49456629E-02
0.11000000E+01 0.63999999E+00 0.51255582E-02
0.11200000E+01 0.63999999E+00 0.53071934E-02
0.11400000E+01 0.63999999E+00 0.54892772E-02
0.11600000E+01 0.63999999E+00 0.56703611E-02
0.11800000E+01 0.63999999E+00 0.58488590E-02
0.12000000E+01 0.63999999E+00 0.60230732E-02
0.12200000E+01 0.63999999E+00 0.61912308E-02
0.12400000E+01 0.63999999E+00 0.63515278E-02
0.12600000E+01 0.63999999E+00 0.65021832E-02
0.12800000E+01 0.63999999E+00 0.66415030E-02
0.13000000E+01 0.63999999E+00 0.67679518E-02
0.13200000E+01 0.63999999E+00 0.68802332E-02
0.13400000E+01 0.63999999E+00 0.69773746E-02
0.13600000E+01 0.63999999E+00 0.70588140E-02
0.13800000E+01 0.63999999E+00 0.71244825E-02
0.14000000E+01 0.63999999E+00 0.71748748E-02
0.14200000E+01 0.63999999E+00 0.72110948E-02
0.14400000E+01 0.63999999E+00 0.72348583E-02
0.14600000E+01 0.63999999E+00 0.72484235E-02
0.14800000E+01 0.63999999E+00 0.72544000E-02
0.15000000E+01 0.63999999E+00 0.72553516E-02
0.15200000E+01 0.63999999E+00 0.72530102E-02
0.15400000E+01 0.63999999E+00 0.72466624E-02
0.15600000E+01 0.63999999E+00 0.72292816E-02
0.15800000E+01 0.63999999E+00 0.71740858E-02
0.16000000E+01 0.63999999E+00 0.68883686E-02
0.16200000E+01 0.63999999E+00 0.69671030E-02
0.16400000E+01 0.63999999E+00 0.70335056E-02
0.16600000E+01 0.63999999E+00 0.70873868E-02
0.16800000E+01 0.63999999E+00 0.71288319E-02
0.17000000E+01 0.63999999E+00 0.71582350E-02
0.17200000E+01 0.63999999E+00 0.71763295E-02
0.17400000E+01 0.63999999E+00 0.71842123E-02
0.17600000E+01 0.63999999E+00 0.71833604E-02
0.17800000E+01 0.63999999E+00 0.71756357E-02
0.18000000E+01 0.63999999E+00 0.71632769E-02
0.18200000E+01 0.63999999E+00 0.71488732E-02
0.18400000E+01 0.63999999E+00 0.71353183E-02
0.18600000E+01 0.63999999E+00 0.71257384E-02
0.18800000E+01 0.63999999E+00 0.71233934E-02
0.19000000E+01 0.63999999E+00 0.71315458E-02
0.19200000E+01 0.63999999E+00 0.71532942E-02
0.19400000E+01 0.63999999E+00 0.71913716E-02
0.19600000E+01 0.63999999E+00 0.72479063E-02
0.19800000E+01 0.63999999E+00 0.73241489E-02
0.20000000E+01 0.63999999E+00 0.74201734E-02
0.00000000E+00 0.65999999E+00 0.16384079E-03
0.20000000E-01 0.65999999E+00 0.29741261E-03
0.39999999E-01 0.65999999E+00 0.42775280E-03
0.59999999E-01 0.65999999E+00 0.55548839E-03
0.79999998E-01 0.65999999E+00 0.68102838E-03
0.99999998E-01 0.65999999E+00 0.80452610E-03
0.12000000E+00 0.65999999E+00 0.92583322E-03
0.14000000E+00 0.65999999E+00 0.10444474E-02
0.16000000E+00 0.65999999E+00 0.11594569E-02
0.18000000E+00 0.65999999E+00 0.12694876E-02
0.20000000E+00 0.65999999E+00 0.13726621E-02
0.22000000E+00 0.65999999E+00 0.14665836E-02
0.23999999E+00 0.65999999E+00 0.15483685E-02
0.25999999E+00 0.65999999E+00 0.16147628E-02
0.27999999E+00 0.65999999E+00 0.16624009E-02
0.29999999E+00 0.65999999E+00 0.16883066E-02
0.31999999E+00 0.65999999E+00 0.16908127E-02
0.33999999E+00 0.65999999E+00 0.16711528E-02
0.35999999E+00 0.65999999E+00 0.16339366E-02
0.37999999E+00 0.65999999E+00 0.16575538E-02
0.39999999E+00 0.65999999E+00 0.17576937E-02
0.41999999E+00 0.65999999E+00 0.18615936E-02
0.43999999E+00 0.65999999E+00 0.19696619E-02
0.45999999E+00 0.65999999E+00 0.20822541E-02
0.47999999E+00 0.65999999E+00 0.21996474E-02
0.49999999E+00 0.65999999E+00 0.23220124E-02
0.51999999E+00 0.65999999E+00 0.24493842E-02
0.53999999E+00 0.65999999E+00 0.25816324E-02
0.55999999E+00 0.65999999E+00 0.27184317E-02
0.57999999E+00 0.65999999E+00 0.28592339E-02
0.59999999E+00 0.65999999E+00 0.30032424E-02
0.61999999E+00 0.65999999E+00 0.31493924E-02
0.63999999E+00 0.65999999E+00 0.32963367E-02
0.65999999E+00 0.65999999E+00 0.34424416E-02
0.67999998E+00 0.65999999E+00 0.35857948E-02
0.69999998E+00 0.65999999E+00 0.37242281E-02
0.71999998E+00 0.65999999E+00 0.38553595E-02
0.73999998E+00 0.65999999E+00 0.39766574E-02
0.75999998E+00 0.65999999E+00 0.40855322E-02
0.77999998E+00 0.65999999E+00 0.41794582E-02
0.79999998E+00 0.65999999E+00 0.42561302E-02
0.81999998E+00 0.65999999E+00 0.43136580E-02
0.83999998E+00 0.65999999E+00 0.43508000E-02
0.85999998E+00 0.65999999E+00 0.43672339E-02
0.87999998E+00 0.65999999E+00 0.43638541E-02
0.89999998E+00 0.65999999E+00 0.43430639E-02
0.91999998E+00 0.65999999E+00 0.43089535E-02
0.93999998E+00 0.65999999E+00 0.42668666E-02
0.95999998E+00 0.65999999E+00 0.42182376E-02
0.97999998E+00 0.65999999E+00 0.41776329E-02
0.99999998E+00 0.65999999E+00 0.43391076E-02
0.10200000E+01 0.65999999E+00 0.45060013E-02
0.10400000E+01 0.65999999E+00 0.46777890E-02
0.10600000E+01 0.65999999E+00 0.48537840E-02
0.10800000E+01 0.65999999E+00 0.50331336E-02
0.11000000E+01 0.65999999E+00 0.52148193E-02
0.11200000E+01 0.65999999E+00 0.53976615E-02
0.11400000E+01 0.65999999E+00 0.55803302E-02
0.11600000E+01 0.65999999E+00 0.57613615E-02
0.11800000E+01 0.65999999E+00 0.59391812E-02
0.12000000E+01 0.65999999E+00 0.61121358E-02
0.12200000E+01 0.65999999E+00 0.62785312E-02
0.12400000E+01 0.65999999E+00 0.64366788E-02
0.12600000E+01 0.65999999E+00 0.65849501E-02
0.12800000E+01 0.65999999E+00 0.67218362E-02
0.13000000E+01 0.65999999E+00 0.68460145E-02
0.13200000E+01 0.65999999E+00 0.69564169E-02
0.13400000E+01 0.65999999E+00 0.70522978E-02
0.13600000E+01 0.65999999E+00 0.71332964E-02
0.13800000E+01 0.65999999E+00 0.71994858E-02
0.14000000E+01 0.65999999E+00 0.72513983E-02
0.14200000E+01 0.65999999E+00 0.72900116E-02
0.14400000E+01 0.65999999E+00 0.73166708E-02
0.14600000E+01 0.65999999E+00 0.73329066E-02
0.14800000E+01 0.65999999E+00 0.73400764E-02
0.15000000E+01 0.65999999E+00 0.73386716E-02
0.15200000E+01 0.65999999E+00 0.73268958E-02
0.15400000E+01 0.65999999E+00 0.72971835E-02
0.15600000E+01 0.65999999E+00 0.72235625E-02
0.15800000E+01 0.65999999E+00 0.69169941E-02
0.16000000E+01 0.65999999E+00 0.69977314E-02
0.16200000E+01 0.65999999E+00 0.70656585E-02
0.16400000E+01 0.65999999E+00 0.71205107E-02
0.16600000E+01 0.65999999E+00 0.71622980E-02
0.16800000E+01 0.65999999E+00 0.71913404E-02
0.17000000E+01 0.65999999E+00 0.72082984E-02
0.17200000E+01 0.65999999E+00 0.72141985E-02
0.17400000E+01 0.65999999E+00 0.72104502E-02
0.17600000E+01 0.65999999E+00 0.71988521E-02
0.17800000E+01 0.65999999E+00 0.71815844E-02
0.18000000E+01 0.65999999E+00 0.71611847E-02
0.18200000E+01 0.65999999E+00 0.71405024E-02
0.18400000E+01 0.65999999E+00 0.71226303E-02
0.18600000E+01 0.65999999E+00 0.71108081E-02
0.18800000E+01 0.65999999E+00 0.71082950E-02
0.19000000E+01 0.65999999E+00 0.71182090E-02
0.19200000E+01 0.65999999E+00 0.71433317E-02
0.19400000E+01 0.65999999E+00 0.71858781E-02
0.19600000E+01 0.65999999E+00 0.72472351E-02
0.19800000E+01 0.65999999E+00 0.73276759E-02
0.20000000E+01 0.65999999E+00 0.74260652E-02
0.00000000E+00 0.67999998E+00 0.18018538E-03
0.20000000E-01 0.67999998E+00 0.31836994E-03
0.39999999E-01 0.67999998E+00 0.45364427E-03
0.59999999E-01 0.67999998E+00 0.58657906E-03
0.79999998E-01 0.67999998E+00 0.71743469E-03
0.99999998E-01 0.67999998E+00 0.84610865E-03
0.12000000E+00 0.67999998E+00 0.97207638E-03
0.14000000E+00 0.67999998E+00 0.10943295E-02
0.16000000E+00 0.67999998E+00 0.12113180E-02
0.18000000E+00 0.67999998E+00 0.13209071E-02
0.20000000E+00 0.67999998E+00 0.14203650E-02
0.22000000E+00 0.67999998E+00 0.15064081E-02
0.23999999E+00 0.67999998E+00 0.15753444E-02
0.25999999E+00 0.67999998E+00 0.16233871E-02
0.27999999E+00 0.67999998E+00 0.16472573E-02
0.29999999E+00 0.67999998E+00 0.16453053E-02
0.31999999E+00 0.67999998E+00 0.16195729E-02
0.33999999E+00 0.67999998E+00 0.15780749E-02
0.35999999E+00 0.67999998E+00 0.16047579E-02
0.37999999E+00 0.67999998E+00 0.17038087E-02
0.39999999E+00 0.67999998E+00 0.18064497E-02
0.41999999E+00 0.67999998E+00 0.19130701E-02
0.43999999E+00 0.67999998E+00 0.20240004E-02
0.45999999E+00 0.67999998E+00 0.21394863E-02
0.47999999E+00 0.67999998E+00 0.22596609E-02
0.49999999E+00 0.67999998E+00 0.23845167E-02
0.51999999E+00 0.67999998E+00 0.25138771E-02
0.53999999E+00 0.67999998E+00 0.26473686E-02
0.55999999E+00 0.67999998E+00 0.27843961E-02
0.57999999E+00 0.67999998E+00 0.29241218E-02
0.59999999E+00 0.67999998E+00 0.30654495E-02
0.61999999E+00 0.67999998E+00 0.32070179E-02
0.63999999E+00 0.67999998E+00 0.33472037E-02
0.65999999E+00 0.67999998E+00 0.34841382E-02
0.67999998E+00 0.67999998E+00 0.36157413E-02
0.69999998E+00 0.67999998E+00 0.37397741E-02
0.71999998E+00 0.67999998E+00 0.38539157E-02
0.73999998E+00 0.67999998E+00 0.39558659E-02
0.75999998E+00 0.67999998E+00 0.40434774E-02
0.77999998E+00 0.67999998E+00 0.41149186E-02
0.79999998E+00 0.67999998E+00 0.41688662E-02
0.81999998E+00 0.67999998E+00 0.42047245E-02
0.83999998E+00 0.67999998E+00 0.42228580E-02
0.85999998E+00 0.67999998E+00 0.42248106E-02
0.87999998E+00 0.67999998E+00 0.42134472E-02
0.89999998E+00 0.67999998E+00 0.41928325E-02
0.91999998E+00 0.67999998E+00 0.41671469E-02
0.93999998E+00 0.67999998E+00 0.41335813E-02
0.95999998E+00 0.67999998E+00 0.40910476E-02
0.97999998E+00 0.67999998E+00 0.42499833E-02
0.99999998E+00 0.67999998E+00 0.44144807E-02
0.10200000E+01 0.67999998E+00 0.45840911E-02
0.10400000E+01 0.67999998E+00 0.47582159E-02
0.10600000E+01 0.67999998E+00 0.49361020E-02
0.10800000E+01 0.67999998E+00 0.51168423E-02
0.11000000E+01 0.67999998E+00 0.52993795E-02
0.11200000E+01 0.67999998E+00 0.54825150E-02
0.11400000E+01 0.67999998E+00 0.56649241E-02
0.11600000E+01 0.67999998E+00 0.58451750E-02
0.11800000E+01 0.67999998E+00 0.60217560E-02
0.12000000E+01 0.67999998E+00 0.61931071E-02
0.12200000E+01 0.67999998E+00 0.63576589E-02
0.12400000E+01 0.67999998E+00 0.65138752E-02
0.12600000E+01 0.67999998E+00 0.66603017E-02
0.12800000E+01 0.67999998E+00 0.67956158E-02
0.13000000E+01 0.67999998E+00 0.69186776E-02
0.13200000E+01 0.67999998E+00 0.70285775E-02
0.13400000E+01 0.67999998E+00 0.71246757E-02
0.13600000E+01 0.67999998E+00 0.72066288E-02
0.13800000E+01 0.67999998E+00 0.72743920E-02
0.14000000E+01 0.67999998E+00 0.73281876E-02
0.14200000E+01 0.67999998E+00 0.73684179E-02
0.14400000E+01 0.67999998E+00 0.73954933E-02
0.14600000E+01 0.67999998E+00 0.74095167E-02
0.14800000E+01 0.67999998E+00 0.74096943E-02
0.15000000E+01 0.67999998E+00 0.73931310E-02
0.15200000E+01 0.67999998E+00 0.73517943E-02
0.15400000E+01 0.67999998E+00 0.72608703E-02
0.15600000E+01 0.67999998E+00 0.69373550E-02
0.15800000E+01 0.67999998E+00 0.70211314E-02
0.16000000E+01 0.67999998E+00 0.70918139E-02
0.16200000E+01 0.67999998E+00 0.71490651E-02
0.16400000E+01 0.67999998E+00 0.71928183E-02
0.16600000E+01 0.67999998E+00 0.72233138E-02
0.16800000E+01 0.67999998E+00 0.72411292E-02
0.17000000E+01 0.67999998E+00 0.72472053E-02
0.17200000E+01 0.67999998E+00 0.72428638E-02
0.17400000E+01 0.67999998E+00 0.72298140E-02
0.17600000E+01 0.67999998E+00 0.72101465E-02
0.17800000E+01 0.67999998E+00 0.71863101E-02
0.18000000E+01 0.67999998E+00 0.71610693E-02
0.18200000E+01 0.67999998E+00 0.71374380E-02
0.18400000E+01 0.67999998E+00 0.71185882E-02
0.18600000E+01 0.67999998E+00 0.71077277E-02
0.18800000E+01 0.67999998E+00 0.71079475E-02
0.19000000E+01 0.67999998E+00 0.71220359E-02
0.19200000E+01 0.67999998E+00 0.71522607E-02
0.19400000E+01 0.67999998E+00 0.72001228E-02
0.19600000E+01 0.67999998E+00 0.72660886E-02
0.19800000E+01 0.67999998E+00 0.73493155E-02
0.20000000E+01 0.67999998E+00 0.74473943E-02
0.00000000E+00 0.69999998E+00 0.19858419E-03
0.20000000E-01 0.69999998E+00 0.34174463E-03
0.39999999E-01 0.69999998E+00 0.48235237E-03
0.59999999E-01 0.69999998E+00 0.62081596E-03
0.79999998E-01 0.69999998E+00 0.75711740E-03
0.99999998E-01 0.69999998E+00 0.89074598E-03
0.12000000E+00 0.69999998E+00 0.10206297E-02
0.14000000E+00 0.69999998E+00 0.11450722E-02
0.16000000E+00 0.69999998E+00 0.12617066E-02
0.18000000E+00 0.69999998E+00 0.13674854E-02
0.20000000E+00 0.69999998E+00 0.14587362E-02
0.22000000E+00 0.69999998E+00 0.15313302E-02
0.23999999E+00 0.69999998E+00 0.15810441E-02
0.25999999E+00 0.69999998E+00 0.16042569E-02
0.27999999E+00 0.69999998E+00 0.15992555E-02
0.29999999E+00 0.69999998E+00 0.15687238E-02
0.31999999E+00 0.69999998E+00 0.15236283E-02
0.33999999E+00 0.69999998E+00 0.15530336E-02
0.35999999E+00 0.69999998E+00 0.16513097E-02
0.37999999E+00 0.69999998E+00 0.17530163E-02
0.39999999E+00 0.69999998E+00 0.18585263E-02
0.41999999E+00 0.69999998E+00 0.19681476E-02
0.43999999E+00 0.69999998E+00 0.20820958E-02
0.45999999E+00 0.69999998E+00 0.22004675E-02
0.47999999E+00 0.69999998E+00 0.23232122E-02
0.49999999E+00 0.69999998E+00 0.24501051E-02
0.51999999E+00 0.69999998E+00 0.25807219E-02
0.53999999E+00 0.69999998E+00 0.27144161E-02
0.55999999E+00 0.69999998E+00 0.28503023E-02
0.57999999E+00 0.69999998E+00 0.29872456E-02
0.59999999E+00 0.69999998E+00 0.31238610E-02
0.61999999E+00 0.69999998E+00 0.32585244E-02
0.63999999E+00 0.69999998E+00 0.33893985E-02
0.65999999E+00 0.69999998E+00 0.35144771E-02
0.67999998E+00 0.69999998E+00 0.36316493E-02
0.69999998E+00 0.69999998E+00 0.37387890E-02
0.71999998E+00 0.69999998E+00 0.38338690E-02
0.73999998E+00 0.69999998E+00 0.39151043E-02
0.75999998E+00 0.69999998E+00 0.39811214E-02
0.77999998E+00 0.69999998E+00 0.40311508E-02
0.79999998E+00 0.69999998E+00 0.40652319E-02
0.81999998E+00 0.69999998E+00 0.40844103E-02
0.83999998E+00 0.69999998E+00 0.40908808E-02
0.85999998E+00 0.69999998E+00 0.40879811E-02
0.87999998E+00 0.69999998E+00 0.40797786E-02
0.89999998E+00 0.69999998E+00 0.40693470E-02
0.91999998E+00 0.69999998E+00 0.40497533E-02
0.93999998E+00 0.69999998E+00 0.40046463E-02
0.95999998E+00 0.69999998E+00 0.41605953E-02
0.97999998E+00 0.69999998E+00 0.43221560E-02
0.99999998E+00 0.69999998E+00 0.44889540E-02
0.10200000E+01 0.69999998E+00 0.46604781E-02
0.10400000E+01 0.69999998E+00 0.48360769E-02
0.10600000E+01 0.69999998E+00 0.50149587E-02
0.10800000E+01 0.69999998E+00 0.51961955E-02
0.11000000E+01 0.69999998E+00 0.53787305E-02
0.11200000E+01 0.69999998E+00 0.55613903E-02
0.11400000E+01 0.69999998E+00 0.57429017E-02
0.11600000E+01 0.69999998E+00 0.59219132E-02
0.11800000E+01 0.69999998E+00 0.60970204E-02
0.12000000E+01 0.69999998E+00 0.62667962E-02
0.12200000E+01 0.69999998E+00 0.64298228E-02
0.12400000E+01 0.69999998E+00 0.65847259E-02
0.12600000E+01 0.69999998E+00 0.67302096E-02
0.12800000E+01 0.69999998E+00 0.68650871E-02
0.13000000E+01 0.69999998E+00 0.69883071E-02
0.13200000E+01 0.69999998E+00 0.70989694E-02
0.13400000E+01 0.69999998E+00 0.71963258E-02
0.13600000E+01 0.69999998E+00 0.72797592E-02
0.13800000E+01 0.69999998E+00 0.73487316E-02
0.14000000E+01 0.69999998E+00 0.74026883E-02
0.14200000E+01 0.69999998E+00 0.74408960E-02
0.14400000E+01 0.69999998E+00 0.74621733E-02
0.14600000E+01 0.69999998E+00 0.74644155E-02
0.14800000E+01 0.69999998E+00 0.74436255E-02
0.15000000E+01 0.69999998E+00 0.73913747E-02
0.15200000E+01 0.69999998E+00 0.72843162E-02
0.15400000E+01 0.69999998E+00 0.69476272E-02
0.15600000E+01 0.69999998E+00 0.70352592E-02
0.15800000E+01 0.69999998E+00 0.71097071E-02
0.16000000E+01 0.69999998E+00 0.71705658E-02
0.16200000E+01 0.69999998E+00 0.72176947E-02
0.16400000E+01 0.69999998E+00 0.72512521E-02
0.16600000E+01 0.69999998E+00 0.72717268E-02
0.16800000E+01 0.69999998E+00 0.72799632E-02
0.17000000E+01 0.69999998E+00 0.72771792E-02
0.17200000E+01 0.69999998E+00 0.72649732E-02
0.17400000E+01 0.69999998E+00 0.72453191E-02
0.17600000E+01 0.69999998E+00 0.72205447E-02
0.17800000E+01 0.69999998E+00 0.71932919E-02
0.18000000E+01 0.69999998E+00 0.71664546E-02
0.18200000E+01 0.69999998E+00 0.71430918E-02
0.18400000E+01 0.69999998E+00 0.71263138E-02
0.18600000E+01 0.69999998E+00 0.71191388E-02
0.18800000E+01 0.69999998E+00 0.71243192E-02
0.19000000E+01 0.69999998E+00 0.71441394E-02
0.19200000E+01 0.69999998E+00 0.71801881E-02
0.19400000E+01 0.69999998E+00 0.72331119E-02
0.19600000E+01 0.69999998E+00 0.73023658E-02
0.19800000E+01 0.69999998E+00 0.73859807E-02
0.20000000E+01 0.69999998E+00 0.74803845E-02
0.00000000E+00 0.71999998E+00 0.21946520E-03
0.20000000E-01 0.71999998E+00 0.36798779E-03
0.39999999E-01 0.71999998E+00 0.51425630E-03
0.59999999E-01 0.71999998E+00 0.65838126E-03
0.79999998E-01 0.71999998E+00 0.79990676E-03
0.99999998E-01 0.71999998E+00 0.93773494E-03
0.12000000E+00 0.71999998E+00 0.10700568E-02
0.14000000E+00 0.71999998E+00 0.11943024E-02
0.16000000E+00 0.71999998E+00 0.13071317E-02
0.18000000E+00 0.71999998E+00 0.14044989E-02
0.20000000E+00 0.71999998E+00 0.14818422E-02
0.22000000E+00 0.71999998E+00 0.15344904E-02
0.23999999E+00 0.71999998E+00 0.15584443E-02
0.25999999E+00 0.71999998E+00 0.15518507E-02
0.27999999E+00 0.71999998E+00 0.15178755E-02
0.29999999E+00 0.71999998E+00 0.14700093E-02
0.31999999E+00 0.71999998E+00 0.15019339E-02
0.33999999E+00 0.71999998E+00 0.15997484E-02
0.35999999E+00 0.71999998E+00 0.17008401E-02
0.37999999E+00 0.71999998E+00 0.18055697E-02
0.39999999E+00 0.71999998E+00 0.19142254E-02
0.41999999E+00 0.71999998E+00 0.20269958E-02
0.43999999E+00 0.71999998E+00 0.21439427E-02
0.45999999E+00 0.71999998E+00 0.22649736E-02
0.47999999E+00 0.71999998E+00 0.23898157E-02
0.49999999E+00 0.71999998E+00 0.25179921E-02
0.51999999E+00 0.71999998E+00 0.26488025E-02
0.53999999E+00 0.71999998E+00 0.27813095E-02
0.55999999E+00 0.71999998E+00 0.29143333E-02
0.57999999E+00 0.71999998E+00 0.30464574E-02
0.59999999E+00 0.71999998E+00 0.31760473E-02
0.61999999E+00 0.71999998E+00 0.33012853E-02
0.63999999E+00 0.71999998E+00 0.34202257E-02
0.65999999E+00 0.71999998E+00 0.35308707E-02
0.67999998E+00 0.71999998E+00 0.36312716E-02
0.69999998E+00 0.71999998E+00 0.37196566E-02
0.71999998E+00 0.71999998E+00 0.37945841E-02
0.73999998E+00 0.71999998E+00 0.38551193E-02
0.75999998E+00 0.71999998E+00 0.39010276E-02
0.77999998E+00 0.71999998E+00 0.39329672E-02
0.79999998E+00 0.71999998E+00 0.39526511E-02
0.81999998E+00 0.71999998E+00 0.39629180E-02
0.83999998E+00 0.71999998E+00 0.39675821E-02
0.85999998E+00 0.71999998E+00 0.39707356E-02
0.87999998E+00 0.71999998E+00 0.39744017E-02
0.89999998E+00 0.71999998E+00 0.39676578E-02
0.91999998E+00 0.71999998E+00 0.39193619E-02
0.93999998E+00 0.71999998E+00 0.40719848E-02
0.95999998E+00 0.71999998E+00 0.42301798E-02
0.97999998E+00 0.71999998E+00 0.43936421E-02
0.99999998E+00 0.71999998E+00 0.45619454E-02
0.10200000E+01 0.71999998E+00 0.47345390E-02
0.10400000E+01 0.71999998E+00 0.49107484E-02
0.10600000E+01 0.71999998E+00 0.50897784E-02
0.10800000E+01 0.71999998E+00 0.52707202E-02
0.11000000E+01 0.71999998E+00 0.54525611E-02
0.11200000E+01 0.71999998E+00 0.56341985E-02
0.11400000E+01 0.71999998E+00 0.58144562E-02
0.11600000E+01 0.71999998E+00 0.59921033E-02
0.11800000E+01 0.71999998E+00 0.61658754E-02
0.12000000E+01 0.71999998E+00 0.63344955E-02
0.12200000E+01 0.71999998E+00 0.64966942E-02
0.12400000E+01 0.71999998E+00 0.66512272E-02
0.12600000E+01 0.71999998E+00 0.67968864E-02
0.12800000E+01 0.71999998E+00 0.69325032E-02
0.13000000E+01 0.71999998E+00 0.70569385E-02
0.13200000E+01 0.71999998E+00 0.71690581E-02
0.13400000E+01 0.71999998E+00 0.72676853E-02
0.13600000E+01 0.71999998E+00 0.73515290E-02
0.13800000E+01 0.71999998E+00 0.74190767E-02
0.14000000E+01 0.71999998E+00 0.74684442E-02
0.14200000E+01 0.71999998E+00 0.74971548E-02
0.14400000E+01 0.71999998E+00 0.75017830E-02
0.14600000E+01 0.71999998E+00 0.74772399E-02
0.14800000E+01 0.71999998E+00 0.74147688E-02
0.15000000E+01 0.71999998E+00 0.72927593E-02
0.15200000E+01 0.71999998E+00 0.69464774E-02
0.15400000E+01 0.71999998E+00 0.70385579E-02
0.15600000E+01 0.71999998E+00 0.71175505E-02
0.15800000E+01 0.71999998E+00 0.71829907E-02
0.16000000E+01 0.71999998E+00 0.72346689E-02
0.16200000E+01 0.71999998E+00 0.72726637E-02
0.16400000E+01 0.71999998E+00 0.72973728E-02
0.16600000E+01 0.71999998E+00 0.73095374E-02
0.16800000E+01 0.71999998E+00 0.73102600E-02
0.17000000E+01 0.71999998E+00 0.73010113E-02
0.17200000E+01 0.71999998E+00 0.72836264E-02
0.17400000E+01 0.71999998E+00 0.72602845E-02
0.17600000E+01 0.71999998E+00 0.72334720E-02
0.17800000E+01 0.71999998E+00 0.72059251E-02
0.18000000E+01 0.71999998E+00 0.71805493E-02
0.18200000E+01 0.71999998E+00 0.71603138E-02
0.18400000E+01 0.71999998E+00 0.71481201E-02
0.18600000E+01 0.71999998E+00 0.71466428E-02
0.18800000E+01 0.71999998E+00 0.71581459E-02
0.19000000E+01 0.71999998E+00 0.71842762E-02
0.19200000E+01 0.71999998E+00 0.72258433E-02
0.19400000E+01 0.71999998E+00 0.72825968E-02
0.19600000E+01 0.71999998E+00 0.73530222E-02
0.19800000E+01 0.71999998E+00 0.74341867E-02
0.20000000E+01 0.71999998E+00 0.75216856E-02
0.00000000E+00 0.73999998E+00 0.24324585E-03
0.20000000E-01 0.73999998E+00 0.39746584E-03
0.39999999E-01 0.73999998E+00 0.54954474E-03
0.59999999E-01 0.73999998E+00 0.69912816E-03
0.79999998E-01 0.73999998E+00 0.84513526E-03
0.99999998E-01 0.73999998E+00 0.98568297E-03
0.12000000E+00 0.73999998E+00 0.11180319E-02
0.14000000E+00 0.73999998E+00 0.12385765E-02
0.16000000E+00 0.73999998E+00 0.13429162E-02
0.18000000E+00 0.73999998E+00 0.14260641E-02
0.20000000E+00 0.73999998E+00 0.14828926E-02
0.22000000E+00 0.73999998E+00 0.15089916E-02
0.23999999E+00 0.73999998E+00 0.15022946E-02
0.25999999E+00 0.73999998E+00 0.14662966E-02
0.27999999E+00 0.73999998E+00 0.14166078E-02
0.29999999E+00 0.73999998E+00 0.14509772E-02
0.31999999E+00 0.73999998E+00 0.15486438E-02
0.33999999E+00 0.73999998E+00 0.16494375E-02
0.35999999E+00 0.73999998E+00 0.17537108E-02
0.37999999E+00 0.73999998E+00 0.18617363E-02
0.39999999E+00 0.73999998E+00 0.19736790E-02
0.41999999E+00 0.73999998E+00 0.20895689E-02
0.43999999E+00 0.73999998E+00 0.22092738E-02
0.45999999E+00 0.73999998E+00 0.23324742E-02
0.47999999E+00 0.73999998E+00 0.24586410E-02
0.49999999E+00 0.73999998E+00 0.25870184E-02
0.51999999E+00 0.73999998E+00 0.27166145E-02
0.53999999E+00 0.73999998E+00 0.28462004E-02
0.55999999E+00 0.73999998E+00 0.29743215E-02
0.57999999E+00 0.73999998E+00 0.30993246E-02
0.59999999E+00 0.73999998E+00 0.32194015E-02
0.61999999E+00 0.73999998E+00 0.33326540E-02
0.63999999E+00 0.73999998E+00 0.34371823E-02
0.65999999E+00 0.73999998E+00 0.35311986E-02
0.67999998E+00 0.73999998E+00 0.36131668E-02
0.69999998E+00 0.73999998E+00 0.36819678E-02
0.71999998E+00 0.73999998E+00 0.37370835E-02
0.73999998E+00 0.73999998E+00 0.37787913E-02
0.75999998E+00 0.73999998E+00 0.38083456E-02
0.77999998E+00 0.73999998E+00 0.38281073E-02
0.79999998E+00 0.73999998E+00 0.38415447E-02
0.81999998E+00 0.73999998E+00 0.38529445E-02
0.83999998E+00 0.73999998E+00 0.38664399E-02
0.85999998E+00 0.73999998E+00 0.38830585E-02
0.87999998E+00 0.73999998E+00 0.38880325E-02
0.89999998E+00 0.73999998E+00 0.38359652E-02
0.91999998E+00 0.73999998E+00 0.39850267E-02
0.93999998E+00 0.73999998E+00 0.41395361E-02
0.95999998E+00 0.73999998E+00 0.42992523E-02
0.97999998E+00 0.73999998E+00 0.44638290E-02
0.99999998E+00 0.73999998E+00 0.46328131E-02
0.10200000E+01 0.73999998E+00 0.48056458E-02
0.10400000E+01 0.73999998E+00 0.49816655E-02
0.10600000E+01 0.73999998E+00 0.51601146E-02
0.10800000E+01 0.73999998E+00 0.53401470E-02
0.11000000E+01 0.73999998E+00 0.55208392E-02
0.11200000E+01 0.73999998E+00 0.57012015E-02
0.11400000E+01 0.73999998E+00 0.58801910E-02
0.11600000E+01 0.73999998E+00 0.60567228E-02
0.11800000E+01 0.73999998E+00 0.62296806E-02
0.12000000E+01 0.73999998E+00 0.63979218E-02
0.12200000E+01 0.73999998E+00 0.65602777E-02
0.12400000E+01 0.73999998E+00 0.67155437E-02
0.12600000E+01 0.73999998E+00 0.68624591E-02
0.12800000E+01 0.73999998E+00 0.69996711E-02
0.13000000E+01 0.73999998E+00 0.71256822E-02
0.13200000E+01 0.73999998E+00 0.72387769E-02
0.13400000E+01 0.73999998E+00 0.73369270E-02
0.13600000E+01 0.73999998E+00 0.74176749E-02
0.13800000E+01 0.73999998E+00 0.74779930E-02
0.14000000E+01 0.73999998E+00 0.75141141E-02
0.14200000E+01 0.73999998E+00 0.75212992E-02
0.14400000E+01 0.73999998E+00 0.74933876E-02
0.14600000E+01 0.73999998E+00 0.74213615E-02
0.14800000E+01 0.73999998E+00 0.72855753E-02
0.15000000E+01 0.73999998E+00 0.69330454E-02
0.15200000E+01 0.73999998E+00 0.70299486E-02
0.15400000E+01 0.73999998E+00 0.71140347E-02
0.15600000E+01 0.73999998E+00 0.71847905E-02
0.15800000E+01 0.73999998E+00 0.72419452E-02
0.16000000E+01 0.73999998E+00 0.72855029E-02
0.16200000E+01 0.73999998E+00 0.73157713E-02
0.16400000E+01 0.73999998E+00 0.73333861E-02
0.16600000E+01 0.73999998E+00 0.73393268E-02
0.16800000E+01 0.73999998E+00 0.73349247E-02
0.17000000E+01 0.73999998E+00 0.73218584E-02
0.17200000E+01 0.73999998E+00 0.73021359E-02
0.17400000E+01 0.73999998E+00 0.72780606E-02
0.17600000E+01 0.73999998E+00 0.72521785E-02
0.17800000E+01 0.73999998E+00 0.72272047E-02
0.18000000E+01 0.73999998E+00 0.72059282E-02
0.18200000E+01 0.73999998E+00 0.71910929E-02
0.18400000E+01 0.73999998E+00 0.71852556E-02
0.18600000E+01 0.73999998E+00 0.71906227E-02
0.18800000E+01 0.73999998E+00 0.72088686E-02
0.19000000E+01 0.73999998E+00 0.72409440E-02
0.19200000E+01 0.73999998E+00 0.72868839E-02
0.19400000E+01 0.73999998E+00 0.73456339E-02
0.19600000E+01 0.73999998E+00 0.74149216E-02
0.19800000E+01 0.73999998E+00 0.74912140E-02
0.20000000E+01 0.73999998E+00 0.75698256E-02
0.00000000E+00 0.75999998E+00 0.27027635E-03
0.20000000E-01 0.75999998E+00 0.43037499E-03
0.39999999E-01 0.75999998E+00 0.58809952E-03
0.59999999E-01 0.75999998E+00 0.74243504E-03
0.79999998E-01 0.75999998E+00 0.89146851E-03
0.99999998E-01 0.75999998E+00 0.10323293E-02
0.12000000E+00 0.75999998E+00 0.11611782E-02
0.14000000E+00 0.75999998E+00 0.12732824E-02
0.16000000E+00 0.75999998E+00 0.13632410E-02
0.18000000E+00 0.75999998E+00 0.14254650E-02
0.20000000E+00 0.75999998E+00 0.14551040E-02
0.22000000E+00 0.75999998E+00 0.14498088E-02
0.23999999E+00 0.75999998E+00 0.14132563E-02
0.25999999E+00 0.75999998E+00 0.13627958E-02
0.27999999E+00 0.75999998E+00 0.13996530E-02
0.29999999E+00 0.75999998E+00 0.14974883E-02
0.31999999E+00 0.75999998E+00 0.15983002E-02
0.33999999E+00 0.75999998E+00 0.17024375E-02
0.35999999E+00 0.75999998E+00 0.18101615E-02
0.37999999E+00 0.75999998E+00 0.19216179E-02
0.39999999E+00 0.75999998E+00 0.20368087E-02
0.41999999E+00 0.75999998E+00 0.21555653E-02
0.43999999E+00 0.75999998E+00 0.22775237E-02
0.45999999E+00 0.75999998E+00 0.24021041E-02
0.47999999E+00 0.75999998E+00 0.25284958E-02
0.49999999E+00 0.75999998E+00 0.26556509E-02
0.51999999E+00 0.75999998E+00 0.27822884E-02
0.53999999E+00 0.75999998E+00 0.29069112E-02
0.55999999E+00 0.75999998E+00 0.30278404E-02
0.57999999E+00 0.75999998E+00 0.31432678E-02
0.59999999E+00 0.75999998E+00 0.32513314E-02
0.61999999E+00 0.75999998E+00 0.33502150E-02
0.63999999E+00 0.75999998E+00 0.34382746E-02
0.65999999E+00 0.75999998E+00 0.35141902E-02
0.67999998E+00 0.75999998E+00 0.35771427E-02
0.69999998E+00 0.75999998E+00 0.36270062E-02
0.71999998E+00 0.75999998E+00 0.36645440E-02
0.73999998E+00 0.75999998E+00 0.36915800E-02
0.75999998E+00 0.75999998E+00 0.37110977E-02
0.77999998E+00 0.75999998E+00 0.37271742E-02
0.79999998E+00 0.75999998E+00 0.37445586E-02
0.81999998E+00 0.75999998E+00 0.37674351E-02
0.83999998E+00 0.75999998E+00 0.37958880E-02
0.85999998E+00 0.75999998E+00 0.38114548E-02
0.87999998E+00 0.75999998E+00 0.37550683E-02
0.89999998E+00 0.75999998E+00 0.39004305E-02
0.91999998E+00 0.75999998E+00 0.40510387E-02
0.93999998E+00 0.75999998E+00 0.42067083E-02
0.95999998E+00 0.75999998E+00 0.43671666E-02
0.97999998E+00 0.75999998E+00 0.45320527E-02
0.99999998E+00 0.75999998E+00 0.47009197E-02
0.10200000E+01 0.75999998E+00 0.48732381E-02
0.10400000E+01 0.75999998E+00 0.50484014E-02
0.10600000E+01 0.75999998E+00 0.52257327E-02
0.10800000E+01 0.75999998E+00 0.54044926E-02
0.11000000E+01 0.75999998E+00 0.55838859E-02
0.11200000E+01 0.75999998E+00 0.57630680E-02
0.11400000E+01 0.75999998E+00 0.59411477E-02
0.11600000E+01 0.75999998E+00 0.61171856E-02
0.11800000E+01 0.75999998E+00 0.62901852E-02
0.12000000E+01 0.75999998E+00 0.64590749E-02
0.12200000E+01 0.75999998E+00 0.66226780E-02
0.12400000E+01 0.75999998E+00 0.67796671E-02
0.12600000E+01 0.75999998E+00 0.69285022E-02
0.12800000E+01 0.75999998E+00 0.70673494E-02
0.13000000E+01 0.75999998E+00 0.71939806E-02
0.13200000E+01 0.75999998E+00 0.73056559E-02
0.13400000E+01 0.75999998E+00 0.73989955E-02
0.13600000E+01 0.75999998E+00 0.74698495E-02
0.13800000E+01 0.75999998E+00 0.75131800E-02
0.14000000E+01 0.75999998E+00 0.75229558E-02
0.14200000E+01 0.75999998E+00 0.74919758E-02
0.14400000E+01 0.75999998E+00 0.74110250E-02
0.14600000E+01 0.75999998E+00 0.72626109E-02
0.14800000E+01 0.75999998E+00 0.69069122E-02
0.15000000E+01 0.75999998E+00 0.70088055E-02
0.15200000E+01 0.75999998E+00 0.70983118E-02
0.15400000E+01 0.75999998E+00 0.71748813E-02
0.15600000E+01 0.75999998E+00 0.72381924E-02
0.15800000E+01 0.75999998E+00 0.72881821E-02
0.16000000E+01 0.75999998E+00 0.73250732E-02
0.16200000E+01 0.75999998E+00 0.73493964E-02
0.16400000E+01 0.75999998E+00 0.73620055E-02
0.16600000E+01 0.75999998E+00 0.73640844E-02
0.16800000E+01 0.75999998E+00 0.73571431E-02
0.17000000E+01 0.75999998E+00 0.73430010E-02
0.17200000E+01 0.75999998E+00 0.73237558E-02
0.17400000E+01 0.75999998E+00 0.73017359E-02
0.17600000E+01 0.75999998E+00 0.72794351E-02
0.17800000E+01 0.75999998E+00 0.72594269E-02
0.18000000E+01 0.75999998E+00 0.72442610E-02
0.18200000E+01 0.75999998E+00 0.72363389E-02
0.18400000E+01 0.75999998E+00 0.72377740E-02
0.18600000E+01 0.75999998E+00 0.72502370E-02
0.18800000E+01 0.75999998E+00 0.72747952E-02
0.19000000E+01 0.75999998E+00 0.73117545E-02
0.19200000E+01 0.75999998E+00 0.73605180E-02
0.19400000E+01 0.75999998E+00 0.74194839E-02
0.19600000E+01 0.75999998E+00 0.74860113E-02
0.19800000E+01 0.75999998E+00 0.75565013E-02
0.20000000E+01 0.75999998E+00 0.76266630E-02
0.00000000E+00 0.77999998E+00 0.30076107E-03
0.20000000E-01 0.77999998E+00 0.46663123E-03
0.39999999E-01 0.77999998E+00 0.62935513E-03
0.59999999E-01 0.77999998E+00 0.78704011E-03
0.79999998E-01 0.77999998E+00 0.93672849E-03
0.99999998E-01 0.77999998E+00 0.10743835E-02
0.12000000E+00 0.77999998E+00 0.11949677E-02
0.14000000E+00 0.77999998E+00 0.12926810E-02
0.16000000E+00 0.77999998E+00 0.13614713E-02
0.18000000E+00 0.77999998E+00 0.13960216E-02
0.20000000E+00 0.77999998E+00 0.13936342E-02
0.22000000E+00 0.77999998E+00 0.13580274E-02
0.23999999E+00 0.77999998E+00 0.13079322E-02
0.25999999E+00 0.77999998E+00 0.13474283E-02
0.27999999E+00 0.77999998E+00 0.14457534E-02
0.29999999E+00 0.77999998E+00 0.15469008E-02
0.31999999E+00 0.77999998E+00 0.16512203E-02
0.33999999E+00 0.77999998E+00 0.17589667E-02
0.35999999E+00 0.77999998E+00 0.18702709E-02
0.37999999E+00 0.77999998E+00 0.19851114E-02
0.39999999E+00 0.77999998E+00 0.21032871E-02
0.41999999E+00 0.77999998E+00 0.22243931E-02
0.43999999E+00 0.77999998E+00 0.23478013E-02
0.45999999E+00 0.77999998E+00 0.24726474E-02
0.47999999E+00 0.77999998E+00 0.25978281E-02
0.49999999E+00 0.77999998E+00 0.27220084E-02
0.51999999E+00 0.77999998E+00 0.28436457E-02
0.53999999E+00 0.77999998E+00 0.29610298E-02
0.55999999E+00 0.77999998E+00 0.30723447E-02
0.57999999E+00 0.77999998E+00 0.31757540E-02
0.59999999E+00 0.77999998E+00 0.32695116E-02
0.61999999E+00 0.77999998E+00 0.33521007E-02
0.63999999E+00 0.77999998E+00 0.34223977E-02
0.65999999E+00 0.77999998E+00 0.34798603E-02
0.67999998E+00 0.77999998E+00 0.35247288E-02
0.69999998E+00 0.77999998E+00 0.35582236E-02
0.71999998E+00 0.77999998E+00 0.35827079E-02
0.73999998E+00 0.77999998E+00 0.36017581E-02
0.75999998E+00 0.77999998E+00 0.36200340E-02
0.77999998E+00 0.77999998E+00 0.36427309E-02
0.79999998E+00 0.77999998E+00 0.36740886E-02
0.81999998E+00 0.77999998E+00 0.37132969E-02
0.83999998E+00 0.77999998E+00 0.37383518E-02
0.85999998E+00 0.77999998E+00 0.36771332E-02
0.87999998E+00 0.77999998E+00 0.38187464E-02
0.89999998E+00 0.77999998E+00 0.39653349E-02
0.91999998E+00 0.77999998E+00 0.41167617E-02
0.93999998E+00 0.77999998E+00 0.42728198E-02
0.95999998E+00 0.77999998E+00 0.44332340E-02
0.97999998E+00 0.77999998E+00 0.45976635E-02
0.99999998E+00 0.77999998E+00 0.47657064E-02
0.10200000E+01 0.77999998E+00 0.49369050E-02
0.10400000E+01 0.77999998E+00 0.51107512E-02
0.10600000E+01 0.77999998E+00 0.52866914E-02
0.10800000E+01 0.77999998E+00 0.54641294E-02
0.11000000E+01 0.77999998E+00 0.56424263E-02
0.11200000E+01 0.77999998E+00 0.58208944E-02
0.11400000E+01 0.77999998E+00 0.59987847E-02
0.11600000E+01 0.77999998E+00 0.61752628E-02
0.11800000E+01 0.77999998E+00 0.63493742E-02
0.12000000E+01 0.77999998E+00 0.65199917E-02
0.12200000E+01 0.77999998E+00 0.66857468E-02
0.12400000E+01 0.77999998E+00 0.68449396E-02
0.12600000E+01 0.77999998E+00 0.69954295E-02
0.12800000E+01 0.77999998E+00 0.71345066E-02
0.13000000E+01 0.77999998E+00 0.72587518E-02
0.13200000E+01 0.77999998E+00 0.73638954E-02
0.13400000E+01 0.77999998E+00 0.74446981E-02
0.13600000E+01 0.77999998E+00 0.74948845E-02
0.13800000E+01 0.77999998E+00 0.75071657E-02
0.14000000E+01 0.77999998E+00 0.74733406E-02
0.14200000E+01 0.77999998E+00 0.73840580E-02
0.14400000E+01 0.77999998E+00 0.72241291E-02
0.14600000E+01 0.77999998E+00 0.68680579E-02
0.14800000E+01 0.77999998E+00 0.69749199E-02
0.15000000E+01 0.77999998E+00 0.70699654E-02
0.15200000E+01 0.77999998E+00 0.71526221E-02
0.15400000E+01 0.77999998E+00 0.72225294E-02
0.15600000E+01 0.77999998E+00 0.72795673E-02
0.15800000E+01 0.77999998E+00 0.73238807E-02
0.16000000E+01 0.77999998E+00 0.73558998E-02
0.16200000E+01 0.77999998E+00 0.73763535E-02
0.16400000E+01 0.77999998E+00 0.73862748E-02
0.16600000E+01 0.77999998E+00 0.73869973E-02
0.16800000E+01 0.77999998E+00 0.73801394E-02
0.17000000E+01 0.77999998E+00 0.73675761E-02
0.17200000E+01 0.77999998E+00 0.73513968E-02
0.17400000E+01 0.77999998E+00 0.73338474E-02
0.17600000E+01 0.77999998E+00 0.73172566E-02
0.17800000E+01 0.77999998E+00 0.73039472E-02
0.18000000E+01 0.77999998E+00 0.72961322E-02
0.18200000E+01 0.77999998E+00 0.72957983E-02
0.18400000E+01 0.77999998E+00 0.73045820E-02
0.18600000E+01 0.77999998E+00 0.73236413E-02
0.18800000E+01 0.77999998E+00 0.73535342E-02
0.19000000E+01 0.77999998E+00 0.73941116E-02
0.19200000E+01 0.77999998E+00 0.74444424E-02
0.19400000E+01 0.77999998E+00 0.75027863E-02
0.19600000E+01 0.77999998E+00 0.75666401E-02
0.19800000E+01 0.77999998E+00 0.76328853E-02
0.20000000E+01 0.77999998E+00 0.76980683E-02
0.00000000E+00 0.79999998E+00 0.33465554E-03
0.20000000E-01 0.79999998E+00 0.50573538E-03
0.39999999E-01 0.79999998E+00 0.67213705E-03
0.59999999E-01 0.79999998E+00 0.83086634E-03
0.79999998E-01 0.79999998E+00 0.97773128E-03
0.99999998E-01 0.79999998E+00 0.11074218E-02
0.12000000E+00 0.79999998E+00 0.12137581E-02
0.14000000E+00 0.79999998E+00 0.12902267E-02
0.16000000E+00 0.79999998E+00 0.13310214E-02
0.18000000E+00 0.79999998E+00 0.13330343E-02
0.20000000E+00 0.79999998E+00 0.12998905E-02
0.22000000E+00 0.79999998E+00 0.12513682E-02
0.23999999E+00 0.79999998E+00 0.12937536E-02
0.25999999E+00 0.79999998E+00 0.13928949E-02
0.27999999E+00 0.79999998E+00 0.14946977E-02
0.29999999E+00 0.79999998E+00 0.15995173E-02
0.31999999E+00 0.79999998E+00 0.17076068E-02
0.33999999E+00 0.79999998E+00 0.18190872E-02
0.35999999E+00 0.79999998E+00 0.19339184E-02
0.37999999E+00 0.79999998E+00 0.20518713E-02
0.39999999E+00 0.79999998E+00 0.21725043E-02
0.41999999E+00 0.79999998E+00 0.22951442E-02
0.43999999E+00 0.79999998E+00 0.24188761E-02
0.45999999E+00 0.79999998E+00 0.25425420E-02
0.47999999E+00 0.79999998E+00 0.26647534E-02
0.49999999E+00 0.79999998E+00 0.27839196E-02
0.51999999E+00 0.79999998E+00 0.28982953E-02
0.53999999E+00 0.79999998E+00 0.30060502E-02
0.55999999E+00 0.79999998E+00 0.31053639E-02
0.57999999E+00 0.79999998E+00 0.31945484E-02
0.59999999E+00 0.79999998E+00 0.32721977E-02
0.61999999E+00 0.79999998E+00 0.33373652E-02
0.63999999E+00 0.79999998E+00 0.33897624E-02
0.65999999E+00 0.79999998E+00 0.34299682E-02
0.67999998E+00 0.79999998E+00 0.34596300E-02
0.69999998E+00 0.79999998E+00 0.34816176E-02
0.71999998E+00 0.79999998E+00 0.35000666E-02
0.73999998E+00 0.79999998E+00 0.35201894E-02
0.75999998E+00 0.79999998E+00 0.35476056E-02
0.77999998E+00 0.79999998E+00 0.35866105E-02
0.79999998E+00 0.79999998E+00 0.36355438E-02
0.81999998E+00 0.79999998E+00 0.36690132E-02
0.83999998E+00 0.79999998E+00 0.36024834E-02
0.85999998E+00 0.79999998E+00 0.37403764E-02
0.87999998E+00 0.79999998E+00 0.38829141E-02
0.89999998E+00 0.79999998E+00 0.40299981E-02
0.91999998E+00 0.79999998E+00 0.41814784E-02
0.93999998E+00 0.79999998E+00 0.43371570E-02
0.95999998E+00 0.79999998E+00 0.44967919E-02
0.97999998E+00 0.79999998E+00 0.46601026E-02
0.99999998E+00 0.79999998E+00 0.48267754E-02
0.10200000E+01 0.79999998E+00 0.49964678E-02
0.10400000E+01 0.79999998E+00 0.51688110E-02
0.10600000E+01 0.79999998E+00 0.53434092E-02
0.10800000E+01 0.79999998E+00 0.55198327E-02
0.11000000E+01 0.79999998E+00 0.56976046E-02
0.11200000E+01 0.79999998E+00 0.58761756E-02
0.11400000E+01 0.79999998E+00 0.60548873E-02
0.11600000E+01 0.79999998E+00 0.62329183E-02
0.11800000E+01 0.79999998E+00 0.64092120E-02
0.12000000E+01 0.79999998E+00 0.65823823E-02
0.12200000E+01 0.79999998E+00 0.67505974E-02
0.12400000E+01 0.79999998E+00 0.69114411E-02
0.12600000E+01 0.79999998E+00 0.70617568E-02
0.12800000E+01 0.79999998E+00 0.71974834E-02
0.13000000E+01 0.79999998E+00 0.73135023E-02
0.13200000E+01 0.79999998E+00 0.74035277E-02
0.13400000E+01 0.79999998E+00 0.74600912E-02
0.13600000E+01 0.79999998E+00 0.74746925E-02
0.13800000E+01 0.79999998E+00 0.74381793E-02
0.14000000E+01 0.79999998E+00 0.73411224E-02
0.14200000E+01 0.79999998E+00 0.71707502E-02
0.14400000E+01 0.79999998E+00 0.68168127E-02
0.14600000E+01 0.79999998E+00 0.69284545E-02
0.14800000E+01 0.79999998E+00 0.70289709E-02
0.15000000E+01 0.79999998E+00 0.71177809E-02
0.15200000E+01 0.79999998E+00 0.71944985E-02
0.15400000E+01 0.79999998E+00 0.72589581E-02
0.15600000E+01 0.79999998E+00 0.73112366E-02
0.15800000E+01 0.79999998E+00 0.73516705E-02
0.16000000E+01 0.79999998E+00 0.73808677E-02
0.16200000E+01 0.79999998E+00 0.73997114E-02
0.16400000E+01 0.79999998E+00 0.74093551E-02
0.16600000E+01 0.79999998E+00 0.74112089E-02
0.16800000E+01 0.79999998E+00 0.74069133E-02
0.17000000E+01 0.79999998E+00 0.73983021E-02
0.17200000E+01 0.79999998E+00 0.73873531E-02
0.17400000E+01 0.79999998E+00 0.73761259E-02
0.17600000E+01 0.79999998E+00 0.73666893E-02
0.17800000E+01 0.79999998E+00 0.73610379E-02
0.18000000E+01 0.79999998E+00 0.73610019E-02
0.18200000E+01 0.79999998E+00 0.73681541E-02
0.18400000E+01 0.79999998E+00 0.73837169E-02
0.18600000E+01 0.79999998E+00 0.74084783E-02
0.18800000E+01 0.79999998E+00 0.74427217E-02
0.19000000E+01 0.79999998E+00 0.74861778E-02
0.19200000E+01 0.79999998E+00 0.75380038E-02
0.19400000E+01 0.79999998E+00 0.75967888E-02
0.19600000E+01 0.79999998E+00 0.76605694E-02
0.19800000E+01 0.79999998E+00 0.77267858E-02
0.20000000E+01 0.79999998E+00 0.77919343E-02
0.00000000E+00 0.81999998E+00 0.37153742E-03
0.20000000E-01 0.81999998E+00 0.54661545E-03
0.39999999E-01 0.81999998E+00 0.71448834E-03
0.59999999E-01 0.81999998E+00 0.87085786E-03
0.79999998E-01 0.81999998E+00 0.10101793E-02
0.99999998E-01 0.81999998E+00 0.11259171E-02
0.12000000E+00 0.81999998E+00 0.12111029E-02
0.14000000E+00 0.81999998E+00 0.12594222E-02
0.16000000E+00 0.81999998E+00 0.12672992E-02
0.18000000E+00 0.81999998E+00 0.12381384E-02
0.20000000E+00 0.81999998E+00 0.11924532E-02
0.22000000E+00 0.81999998E+00 0.12380702E-02
0.23999999E+00 0.81999998E+00 0.13383597E-02
0.25999999E+00 0.81999998E+00 0.14411410E-02
0.27999999E+00 0.81999998E+00 0.15467792E-02
0.29999999E+00 0.81999998E+00 0.16555306E-02
0.31999999E+00 0.81999998E+00 0.17675115E-02
0.33999999E+00 0.81999998E+00 0.18826679E-02
0.35999999E+00 0.81999998E+00 0.20007478E-02
0.37999999E+00 0.81999998E+00 0.21212774E-02
0.39999999E+00 0.81999998E+00 0.22435430E-02
0.41999999E+00 0.81999998E+00 0.23665818E-02
0.43999999E+00 0.81999998E+00 0.24891838E-02
0.45999999E+00 0.81999998E+00 0.26099078E-02
0.47999999E+00 0.81999998E+00 0.27271143E-02
0.49999999E+00 0.81999998E+00 0.28390200E-02
0.51999999E+00 0.81999998E+00 0.29437749E-02
0.53999999E+00 0.81999998E+00 0.30395668E-02
0.55999999E+00 0.81999998E+00 0.31247539E-02
0.57999999E+00 0.81999998E+00 0.31980266E-02
0.59999999E+00 0.81999998E+00 0.32585960E-02
0.61999999E+00 0.81999998E+00 0.33064040E-02
0.63999999E+00 0.81999998E+00 0.33423412E-02
0.65999999E+00 0.81999998E+00 0.33684501E-02
0.67999998E+00 0.81999998E+00 0.33880726E-02
0.69999998E+00 0.81999998E+00 0.34058677E-02
0.71999998E+00 0.81999998E+00 0.34275658E-02
0.73999998E+00 0.81999998E+00 0.34591856E-02
0.75999998E+00 0.81999998E+00 0.35050722E-02
0.77999998E+00 0.81999998E+00 0.35627557E-02
0.79999998E+00 0.81999998E+00 0.36036053E-02
0.81999998E+00 0.81999998E+00 0.35313175E-02
0.83999998E+00 0.81999998E+00 0.36655866E-02
0.85999998E+00 0.81999998E+00 0.38041199E-02
0.87999998E+00 0.81999998E+00 0.39468480E-02
0.89999998E+00 0.81999998E+00 0.40936684E-02
0.91999998E+00 0.81999998E+00 0.42444510E-02
0.93999998E+00 0.81999998E+00 0.43990441E-02
0.95999998E+00 0.81999998E+00 0.45572806E-02
0.97999998E+00 0.81999998E+00 0.47189840E-02
0.99999998E+00 0.81999998E+00 0.48839719E-02
0.10200000E+01 0.81999998E+00 0.50520569E-02
0.10400000E+01 0.81999998E+00 0.52230415E-02
0.10600000E+01 0.81999998E+00 0.53967066E-02
0.10800000E+01 0.81999998E+00 0.55727889E-02
0.11000000E+01 0.81999998E+00 0.57509462E-02
0.11200000E+01 0.81999998E+00 0.59307057E-02
0.11400000E+01 0.81999998E+00 0.61113935E-02
0.11600000E+01 0.81999998E+00 0.62920413E-02
0.11800000E+01 0.81999998E+00 0.64712682E-02
0.12000000E+01 0.81999998E+00 0.66471377E-02
0.12200000E+01 0.81999998E+00 0.68169902E-02
0.12400000E+01 0.81999998E+00 0.69772594E-02
0.12600000E+01 0.81999998E+00 0.71232847E-02
0.12800000E+01 0.81999998E+00 0.72491457E-02
0.13000000E+01 0.81999998E+00 0.73475615E-02
0.13200000E+01 0.81999998E+00 0.74099253E-02
0.13400000E+01 0.81999998E+00 0.74265819E-02
0.13600000E+01 0.81999998E+00 0.73874836E-02
0.13800000E+01 0.81999998E+00 0.72831782E-02
0.14000000E+01 0.81999998E+00 0.71033904E-02
0.14200000E+01 0.81999998E+00 0.67538036E-02
0.14400000E+01 0.81999998E+00 0.68698937E-02
0.14600000E+01 0.81999998E+00 0.69756481E-02
0.14800000E+01 0.81999998E+00 0.70704919E-02
0.15000000E+01 0.81999998E+00 0.71540275E-02
0.15200000E+01 0.81999998E+00 0.72260566E-02
0.15400000E+01 0.81999998E+00 0.72865994E-02
0.15600000E+01 0.81999998E+00 0.73359083E-02
0.15800000E+01 0.81999998E+00 0.73744770E-02
0.16000000E+01 0.81999998E+00 0.74030426E-02
0.16200000E+01 0.81999998E+00 0.74225798E-02
0.16400000E+01 0.81999998E+00 0.74342870E-02
0.16600000E+01 0.81999998E+00 0.74395636E-02
0.16800000E+01 0.81999998E+00 0.74399770E-02
0.17000000E+01 0.81999998E+00 0.74372219E-02
0.17200000E+01 0.81999998E+00 0.74330702E-02
0.17400000E+01 0.81999998E+00 0.74293144E-02
0.17600000E+01 0.81999998E+00 0.74277060E-02
0.17800000E+01 0.81999998E+00 0.74298924E-02
0.18000000E+01 0.81999998E+00 0.74373554E-02
0.18200000E+01 0.81999998E+00 0.74513557E-02
0.18400000E+01 0.81999998E+00 0.74728874E-02
0.18600000E+01 0.81999998E+00 0.75026458E-02
0.18800000E+01 0.81999998E+00 0.75410070E-02
0.19000000E+01 0.81999998E+00 0.75880120E-02
0.19200000E+01 0.81999998E+00 0.76433276E-02
0.19400000E+01 0.81999998E+00 0.77061177E-02
0.19600000E+01 0.81999998E+00 0.77746509E-02
0.19800000E+01 0.81999998E+00 0.78451238E-02
0.20000000E+01 0.81999998E+00 0.79075298E-02
0.00000000E+00 0.83999998E+00 0.41045313E-03
0.20000000E-01 0.83999998E+00 0.58745458E-03
0.39999999E-01 0.83999998E+00 0.75350383E-03
0.59999999E-01 0.83999998E+00 0.90286613E-03
0.79999998E-01 0.83999998E+00 0.10286804E-02
0.99999998E-01 0.83999998E+00 0.11235343E-02
0.12000000E+00 0.83999998E+00 0.11805905E-02
0.14000000E+00 0.83999998E+00 0.11957520E-02
0.16000000E+00 0.83999998E+00 0.11720822E-02
0.18000000E+00 0.83999998E+00 0.11305417E-02
0.20000000E+00 0.83999998E+00 0.11798173E-02
0.22000000E+00 0.83999998E+00 0.12815917E-02
0.23999999E+00 0.83999998E+00 0.13856774E-02
0.25999999E+00 0.83999998E+00 0.14924539E-02
0.27999999E+00 0.83999998E+00 0.16021852E-02
0.29999999E+00 0.83999998E+00 0.17149875E-02
0.31999999E+00 0.83999998E+00 0.18307983E-02
0.33999999E+00 0.83999998E+00 0.19493479E-02
0.35999999E+00 0.83999998E+00 0.20701352E-02
0.37999999E+00 0.83999998E+00 0.21924104E-02
0.39999999E+00 0.83999998E+00 0.23151671E-02
0.41999999E+00 0.83999998E+00 0.24371462E-02
0.43999999E+00 0.83999998E+00 0.25568555E-02
0.45999999E+00 0.83999998E+00 0.26726071E-02
0.47999999E+00 0.83999998E+00 0.27825780E-02
0.49999999E+00 0.83999998E+00 0.28848944E-02
0.51999999E+00 0.83999998E+00 0.29777452E-02
0.53999999E+00 0.83999998E+00 0.30595247E-02
0.55999999E+00 0.83999998E+00 0.31290056E-02
0.57999999E+00 0.83999998E+00 0.31855387E-02
0.59999999E+00 0.83999998E+00 0.32292737E-02
0.61999999E+00 0.83999998E+00 0.32613854E-02
0.63999999E+00 0.83999998E+00 0.32842796E-02
0.65999999E+00 0.83999998E+00 0.33017345E-02
0.67999998E+00 0.83999998E+00 0.33188944E-02
0.69999998E+00 0.83999998E+00 0.33419712E-02
0.71999998E+00 0.83999998E+00 0.33773531E-02
0.73999998E+00 0.83999998E+00 0.34294255E-02
0.75999998E+00 0.83999998E+00 0.34949446E-02
0.77999998E+00 0.83999998E+00 0.35421865E-02
0.79999998E+00 0.83999998E+00 0.34637247E-02
0.81999998E+00 0.83999998E+00 0.35945228E-02
0.83999998E+00 0.83999998E+00 0.37291645E-02
0.85999998E+00 0.83999998E+00 0.38675998E-02
0.87999998E+00 0.83999998E+00 0.40097640E-02
0.89999998E+00 0.83999998E+00 0.41555851E-02
0.91999998E+00 0.83999998E+00 0.43049917E-02
0.93999998E+00 0.83999998E+00 0.44579212E-02
0.95999998E+00 0.83999998E+00 0.46143256E-02
0.97999998E+00 0.83999998E+00 0.47741756E-02
0.99999998E+00 0.83999998E+00 0.49374587E-02
0.10200000E+01 0.83999998E+00 0.51041721E-02
0.10400000E+01 0.83999998E+00 0.52743048E-02
0.10600000E+01 0.83999998E+00 0.54478080E-02
0.10800000E+01 0.83999998E+00 0.56245498E-02
0.11000000E+01 0.83999998E+00 0.58042505E-02
0.11200000E+01 0.83999998E+00 0.59863945E-02
0.11400000E+01 0.83999998E+00 0.61701176E-02
0.11600000E+01 0.83999998E+00 0.63540647E-02
0.11800000E+01 0.83999998E+00 0.65362209E-02
0.12000000E+01 0.83999998E+00 0.67137155E-02
0.12200000E+01 0.83999998E+00 0.68826115E-02
0.12400000E+01 0.83999998E+00 0.70376943E-02
0.12600000E+01 0.83999998E+00 0.71722938E-02
0.12800000E+01 0.83999998E+00 0.72781924E-02
0.13000000E+01 0.83999998E+00 0.73457082E-02
0.13200000E+01 0.83999998E+00 0.73640960E-02
0.13400000E+01 0.83999998E+00 0.73224743E-02
0.13600000E+01 0.83999998E+00 0.72114201E-02
0.13800000E+01 0.83999998E+00 0.70232009E-02
0.14000000E+01 0.83999998E+00 0.66798994E-02
0.14200000E+01 0.83999998E+00 0.67999896E-02
0.14400000E+01 0.83999998E+00 0.69106103E-02
0.14600000E+01 0.83999998E+00 0.70112072E-02
0.14800000E+01 0.83999998E+00 0.71013854E-02
0.15000000E+01 0.83999998E+00 0.71809276E-02
0.15200000E+01 0.83999998E+00 0.72498097E-02
0.15400000E+01 0.83999998E+00 0.73082112E-02
0.15600000E+01 0.83999998E+00 0.73565209E-02
0.15800000E+01 0.83999998E+00 0.73953369E-02
0.16000000E+01 0.83999998E+00 0.74254590E-02
0.16200000E+01 0.83999998E+00 0.74478758E-02
0.16400000E+01 0.83999998E+00 0.74637428E-02
0.16600000E+01 0.83999998E+00 0.74743557E-02
0.16800000E+01 0.83999998E+00 0.74811164E-02
0.17000000E+01 0.83999998E+00 0.74854960E-02
0.17200000E+01 0.83999998E+00 0.74889938E-02
0.17400000E+01 0.83999998E+00 0.74930987E-02
0.17600000E+01 0.83999998E+00 0.74992525E-02
0.17800000E+01 0.83999998E+00 0.75088221E-02
0.18000000E+01 0.83999998E+00 0.75230811E-02
0.18200000E+01 0.83999998E+00 0.75432047E-02
0.18400000E+01 0.83999998E+00 0.75702758E-02
0.18600000E+01 0.83999998E+00 0.76052927E-02
0.18800000E+01 0.83999998E+00 0.76491573E-02
0.19000000E+01 0.83999998E+00 0.77025882E-02
0.19200000E+01 0.83999998E+00 0.77658403E-02
0.19400000E+01 0.83999998E+00 0.78379438E-02
0.19600000E+01 0.83999998E+00 0.79146515E-02
0.19800000E+01 0.83999998E+00 0.79818504E-02
0.20000000E+01 0.83999998E+00 0.79691870E-02
0.00000000E+00 0.85999998E+00 0.44974687E-03
0.20000000E-01 0.85999998E+00 0.62552233E-03
0.39999999E-01 0.85999998E+00 0.78520888E-03
0.59999999E-01 0.85999998E+00 0.92165663E-03
0.79999998E-01 0.85999998E+00 0.10270263E-02
0.99999998E-01 0.85999998E+00 0.10939481E-02
0.12000000E+00 0.85999998E+00 0.11177558E-02
0.14000000E+00 0.85999998E+00 0.11010590E-02
0.16000000E+00 0.85999998E+00 0.10650010E-02
0.18000000E+00 0.85999998E+00 0.11184400E-02
0.20000000E+00 0.85999998E+00 0.12220388E-02
0.22000000E+00 0.85999998E+00 0.13277569E-02
0.23999999E+00 0.85999998E+00 0.14359920E-02
0.25999999E+00 0.85999998E+00 0.15470200E-02
0.27999999E+00 0.85999998E+00 0.16609621E-02
0.29999999E+00 0.85999998E+00 0.17777523E-02
0.31999999E+00 0.85999998E+00 0.18971082E-02
0.33999999E+00 0.85999998E+00 0.20185064E-02
0.35999999E+00 0.85999998E+00 0.21411661E-02
0.37999999E+00 0.85999998E+00 0.22640416E-02
0.39999999E+00 0.85999998E+00 0.23858284E-02
0.41999999E+00 0.85999998E+00 0.25049856E-02
0.43999999E+00 0.85999998E+00 0.26197783E-02
0.45999999E+00 0.85999998E+00 0.27283428E-02
0.47999999E+00 0.85999998E+00 0.28287785E-02
0.49999999E+00 0.85999998E+00 0.29192698E-02
0.51999999E+00 0.85999998E+00 0.29982379E-02
0.53999999E+00 0.85999998E+00 0.30645249E-02
0.55999999E+00 0.85999998E+00 0.31176041E-02
0.57999999E+00 0.85999998E+00 0.31578113E-02
0.59999999E+00 0.85999998E+00 0.31865782E-02
0.61999999E+00 0.85999998E+00 0.32066426E-02
0.63999999E+00 0.85999998E+00 0.32221825E-02
0.65999999E+00 0.85999998E+00 0.32387887E-02
0.67999998E+00 0.85999998E+00 0.32631156E-02
0.69999998E+00 0.85999998E+00 0.33018888E-02
0.71999998E+00 0.85999998E+00 0.33595208E-02
0.73999998E+00 0.85999998E+00 0.34320247E-02
0.75999998E+00 0.85999998E+00 0.34847222E-02
0.77999998E+00 0.85999998E+00 0.33996994E-02
0.79999998E+00 0.85999998E+00 0.35272251E-02
0.81999998E+00 0.85999998E+00 0.36581436E-02
0.83999998E+00 0.85999998E+00 0.37924149E-02
0.85999998E+00 0.85999998E+00 0.39300020E-02
0.87999998E+00 0.85999998E+00 0.40708807E-02
0.89999998E+00 0.85999998E+00 0.42150499E-02
0.91999998E+00 0.85999998E+00 0.43625411E-02
0.93999998E+00 0.85999998E+00 0.45134255E-02
0.95999998E+00 0.85999998E+00 0.46678172E-02
0.97999998E+00 0.85999998E+00 0.48258714E-02
0.99999998E+00 0.85999998E+00 0.49877730E-02
0.10200000E+01 0.85999998E+00 0.51537148E-02
0.10400000E+01 0.85999998E+00 0.53238605E-02
0.10600000E+01 0.85999998E+00 0.54982891E-02
0.10800000E+01 0.85999998E+00 0.56769178E-02
0.11000000E+01 0.85999998E+00 0.58593981E-02
0.11200000E+01 0.85999998E+00 0.60449827E-02
0.11400000E+01 0.85999998E+00 0.62323611E-02
0.11600000E+01 0.85999998E+00 0.64194645E-02
0.11800000E+01 0.85999998E+00 0.66032434E-02
0.12000000E+01 0.85999998E+00 0.67794294E-02
0.12200000E+01 0.85999998E+00 0.69423019E-02
0.12400000E+01 0.85999998E+00 0.70844971E-02
0.12600000E+01 0.85999998E+00 0.71969246E-02
0.12800000E+01 0.85999998E+00 0.72688973E-02
0.13000000E+01 0.85999998E+00 0.72886519E-02
0.13200000E+01 0.85999998E+00 0.72445403E-02
0.13400000E+01 0.85999998E+00 0.71272170E-02
0.13600000E+01 0.85999998E+00 0.69315097E-02
0.13800000E+01 0.85999998E+00 0.65961570E-02
0.14000000E+01 0.85999998E+00 0.67197084E-02
0.14200000E+01 0.85999998E+00 0.68347115E-02
0.14400000E+01 0.85999998E+00 0.69406462E-02
0.14600000E+01 0.85999998E+00 0.70371344E-02
0.14800000E+01 0.85999998E+00 0.71239536E-02
0.15000000E+01 0.85999998E+00 0.72010488E-02
0.15200000E+01 0.85999998E+00 0.72685390E-02
0.15400000E+01 0.85999998E+00 0.73267193E-02
0.15600000E+01 0.85999998E+00 0.73760581E-02
0.15800000E+01 0.85999998E+00 0.74171881E-02
0.16000000E+01 0.85999998E+00 0.74508923E-02
0.16200000E+01 0.85999998E+00 0.74780851E-02
0.16400000E+01 0.85999998E+00 0.74997890E-02
0.16600000E+01 0.85999998E+00 0.75171091E-02
0.16800000E+01 0.85999998E+00 0.75312075E-02
0.17000000E+01 0.85999998E+00 0.75432795E-02
0.17200000E+01 0.85999998E+00 0.75545359E-02
0.17400000E+01 0.85999998E+00 0.75661953E-02
0.17600000E+01 0.85999998E+00 0.75794884E-02
0.17800000E+01 0.85999998E+00 0.75956784E-02
0.18000000E+01 0.85999998E+00 0.76160961E-02
0.18200000E+01 0.85999998E+00 0.76421846E-02
0.18400000E+01 0.85999998E+00 0.76755360E-02
0.18600000E+01 0.85999998E+00 0.77178821E-02
0.18800000E+01 0.85999998E+00 0.77709577E-02
0.19000000E+01 0.85999998E+00 0.78360633E-02
0.19200000E+01 0.85999998E+00 0.79129234E-02
0.19400000E+01 0.85999998E+00 0.79967248E-02
0.19600000E+01 0.85999998E+00 0.80689631E-02
0.19800000E+01 0.85999998E+00 0.80357607E-02
0.20000000E+01 0.85999998E+00 0.80126957E-02
0.00000000E+00 0.87999998E+00 0.48688833E-03
0.20000000E-01 0.87999998E+00 0.65704450E-03
0.39999999E-01 0.87999998E+00 0.80455095E-03
0.59999999E-01 0.87999998E+00 0.92116526E-03
0.79999998E-01 0.87999998E+00 0.99898176E-03
0.99999998E-01 0.87999998E+00 0.10327229E-02
0.12000000E+00 0.87999998E+00 0.10244401E-02
0.14000000E+00 0.87999998E+00 0.99521945E-03
0.16000000E+00 0.87999998E+00 0.10533973E-02
0.18000000E+00 0.87999998E+00 0.11591601E-02
0.20000000E+00 0.87999998E+00 0.12668384E-02
0.22000000E+00 0.87999998E+00 0.13768516E-02
0.23999999E+00 0.87999998E+00 0.14894919E-02
0.25999999E+00 0.87999998E+00 0.16048896E-02
0.27999999E+00 0.87999998E+00 0.17229800E-02
0.29999999E+00 0.87999998E+00 0.18434731E-02
0.31999999E+00 0.87999998E+00 0.19658286E-02
0.33999999E+00 0.87999998E+00 0.20892393E-02
0.35999999E+00 0.87999998E+00 0.22126249E-02
0.37999999E+00 0.87999998E+00 0.23346394E-02
0.39999999E+00 0.87999998E+00 0.24536967E-02
0.41999999E+00 0.87999998E+00 0.25680161E-02
0.43999999E+00 0.87999998E+00 0.26756935E-02
0.45999999E+00 0.87999998E+00 0.27747995E-02
0.47999999E+00 0.87999998E+00 0.28635088E-02
0.49999999E+00 0.87999998E+00 0.29402619E-02
0.51999999E+00 0.87999998E+00 0.30039584E-02
0.53999999E+00 0.87999998E+00 0.30541782E-02
0.55999999E+00 0.87999998E+00 0.30914219E-02
0.57999999E+00 0.87999998E+00 0.31173527E-02
0.59999999E+00 0.87999998E+00 0.31350087E-02
0.61999999E+00 0.87999998E+00 0.31489317E-02
0.63999999E+00 0.87999998E+00 0.31651195E-02
0.65999999E+00 0.87999998E+00 0.31906291E-02
0.67999998E+00 0.87999998E+00 0.32324894E-02
0.69999998E+00 0.87999998E+00 0.32951233E-02
0.71999998E+00 0.87999998E+00 0.33738269E-02
0.73999998E+00 0.87999998E+00 0.34310991E-02
0.75999998E+00 0.87999998E+00 0.33391566E-02
0.77999998E+00 0.87999998E+00 0.34636439E-02
0.79999998E+00 0.87999998E+00 0.35910526E-02
0.81999998E+00 0.87999998E+00 0.37213433E-02
0.83999998E+00 0.87999998E+00 0.38544969E-02
0.85999998E+00 0.87999998E+00 0.39905269E-02
0.87999998E+00 0.87999998E+00 0.41294916E-02
0.89999998E+00 0.87999998E+00 0.42715059E-02
0.91999998E+00 0.87999998E+00 0.44167493E-02
0.93999998E+00 0.87999998E+00 0.45654697E-02
0.95999998E+00 0.87999998E+00 0.47179800E-02
0.97999998E+00 0.87999998E+00 0.48746447E-02
0.99999998E+00 0.87999998E+00 0.50358536E-02
0.10200000E+01 0.87999998E+00 0.52019779E-02
0.10400000E+01 0.87999998E+00 0.53733061E-02
0.10600000E+01 0.87999998E+00 0.55499538E-02
0.10800000E+01 0.87999998E+00 0.57317447E-02
0.11000000E+01 0.87999998E+00 0.59180591E-02
0.11200000E+01 0.87999998E+00 0.61076474E-02
0.11400000E+01 0.87999998E+00 0.62984103E-02
0.11600000E+01 0.87999998E+00 0.64871501E-02
0.11800000E+01 0.87999998E+00 0.66693068E-02
0.12000000E+01 0.87999998E+00 0.68387026E-02
0.12200000E+01 0.87999998E+00 0.69873392E-02
0.12400000E+01 0.87999998E+00 0.71053213E-02
0.12600000E+01 0.87999998E+00 0.71810317E-02
0.12800000E+01 0.87999998E+00 0.72017669E-02
0.13000000E+01 0.87999998E+00 0.71551826E-02
0.13200000E+01 0.87999998E+00 0.70320562E-02
0.13400000E+01 0.87999998E+00 0.68297656E-02
0.13600000E+01 0.87999998E+00 0.65037687E-02
0.13800000E+01 0.87999998E+00 0.66301780E-02
0.14000000E+01 0.87999998E+00 0.67489935E-02
0.14200000E+01 0.87999998E+00 0.68597431E-02
0.14400000E+01 0.87999998E+00 0.69620784E-02
0.14600000E+01 0.87999998E+00 0.70557857E-02
0.14800000E+01 0.87999998E+00 0.71407927E-02
0.15000000E+01 0.87999998E+00 0.72171709E-02
0.15200000E+01 0.87999998E+00 0.72851343E-02
0.15400000E+01 0.87999998E+00 0.73450329E-02
0.15600000E+01 0.87999998E+00 0.73973422E-02
0.15800000E+01 0.87999998E+00 0.74426481E-02
0.16000000E+01 0.87999998E+00 0.74816293E-02
0.16200000E+01 0.87999998E+00 0.75150386E-02
0.16400000E+01 0.87999998E+00 0.75436848E-02
0.16600000E+01 0.87999998E+00 0.75684181E-02
0.16800000E+01 0.87999998E+00 0.75901233E-02
0.17000000E+01 0.87999998E+00 0.76097238E-02
0.17200000E+01 0.87999998E+00 0.76282009E-02
0.17400000E+01 0.87999998E+00 0.76466321E-02
0.17600000E+01 0.87999998E+00 0.76662485E-02
0.17800000E+01 0.87999998E+00 0.76885116E-02
0.18000000E+01 0.87999998E+00 0.77151956E-02
0.18200000E+01 0.87999998E+00 0.77484531E-02
0.18400000E+01 0.87999998E+00 0.77908075E-02
0.18600000E+01 0.87999998E+00 0.78449662E-02
0.18800000E+01 0.87999998E+00 0.79132223E-02
0.19000000E+01 0.87999998E+00 0.79959260E-02
0.19200000E+01 0.87999998E+00 0.80875961E-02
0.19400000E+01 0.87999998E+00 0.81651361E-02
0.19600000E+01 0.87999998E+00 0.81102373E-02
0.19800000E+01 0.87999998E+00 0.80577002E-02
0.20000000E+01 0.87999998E+00 0.81458712E-02
0.00000000E+00 0.89999998E+00 0.51833207E-03
0.20000000E-01 0.89999998E+00 0.67717732E-03
0.39999999E-01 0.89999998E+00 0.80563097E-03
0.59999999E-01 0.89999998E+00 0.89525509E-03
0.79999998E-01 0.89999998E+00 0.94012583E-03
0.99999998E-01 0.89999998E+00 0.94164140E-03
0.12000000E+00 0.89999998E+00 0.92061610E-03
0.14000000E+00 0.89999998E+00 0.98417037E-03
0.16000000E+00 0.89999998E+00 0.10924333E-02
0.18000000E+00 0.89999998E+00 0.12023967E-02
0.20000000E+00 0.89999998E+00 0.13145048E-02
0.22000000E+00 0.89999998E+00 0.14290696E-02
0.23999999E+00 0.89999998E+00 0.15462351E-02
0.25999999E+00 0.89999998E+00 0.16659423E-02
0.27999999E+00 0.89999998E+00 0.17878982E-02
0.29999999E+00 0.89999998E+00 0.19115507E-02
0.31999999E+00 0.89999998E+00 0.20360711E-02
0.33999999E+00 0.89999998E+00 0.21603491E-02
0.35999999E+00 0.89999998E+00 0.22830015E-02
0.37999999E+00 0.89999998E+00 0.24024000E-02
0.39999999E+00 0.89999998E+00 0.25167207E-02
0.41999999E+00 0.89999998E+00 0.26240196E-02
0.43999999E+00 0.89999998E+00 0.27223370E-02
0.45999999E+00 0.89999998E+00 0.28098343E-02
0.47999999E+00 0.89999998E+00 0.28849642E-02
0.49999999E+00 0.89999998E+00 0.29466732E-02
0.51999999E+00 0.89999998E+00 0.29946328E-02
0.53999999E+00 0.89999998E+00 0.30294890E-02
0.55999999E+00 0.89999998E+00 0.30531113E-02
0.57999999E+00 0.89999998E+00 0.30688077E-02
0.59999999E+00 0.89999998E+00 0.30814485E-02
0.61999999E+00 0.89999998E+00 0.30973989E-02
0.63999999E+00 0.89999998E+00 0.31240784E-02
0.65999999E+00 0.89999998E+00 0.31687834E-02
0.67999998E+00 0.89999998E+00 0.32359284E-02
0.69999998E+00 0.89999998E+00 0.33201140E-02
0.71999998E+00 0.89999998E+00 0.33811388E-02
0.73999998E+00 0.89999998E+00 0.32819457E-02
0.75999998E+00 0.89999998E+00 0.34036548E-02
0.77999998E+00 0.89999998E+00 0.35278018E-02
0.79999998E+00 0.89999998E+00 0.36543395E-02
0.81999998E+00 0.89999998E+00 0.37832572E-02
0.83999998E+00 0.89999998E+00 0.39145956E-02
0.85999998E+00 0.89999998E+00 0.40484621E-02
0.87999998E+00 0.89999998E+00 0.41850437E-02
0.89999998E+00 0.89999998E+00 0.43246169E-02
0.91999998E+00 0.89999998E+00 0.44675521E-02
0.93999998E+00 0.89999998E+00 0.46143092E-02
0.95999998E+00 0.89999998E+00 0.47654227E-02
0.97999998E+00 0.89999998E+00 0.49214705E-02
0.99999998E+00 0.89999998E+00 0.50830250E-02
0.10200000E+01 0.89999998E+00 0.52505795E-02
0.10400000E+01 0.89999998E+00 0.54244469E-02
0.10600000E+01 0.89999998E+00 0.56046264E-02
0.10800000E+01 0.89999998E+00 0.57906337E-02
0.11000000E+01 0.89999998E+00 0.59812941E-02
0.11200000E+01 0.89999998E+00 0.61744988E-02
0.11400000E+01 0.89999998E+00 0.63669317E-02
0.11600000E+01 0.89999998E+00 0.65537802E-02
0.11800000E+01 0.89999998E+00 0.67284589E-02
0.12000000E+01 0.89999998E+00 0.68823952E-02
0.12200000E+01 0.89999998E+00 0.70049599E-02
0.12400000E+01 0.89999998E+00 0.70836850E-02
0.12600000E+01 0.89999998E+00 0.71050086E-02
0.12800000E+01 0.89999998E+00 0.70559637E-02
0.13000000E+01 0.89999998E+00 0.69274926E-02
0.13200000E+01 0.89999998E+00 0.67194887E-02
0.13400000E+01 0.89999998E+00 0.64040144E-02
0.13600000E+01 0.89999998E+00 0.65326378E-02
0.13800000E+01 0.89999998E+00 0.66546359E-02
0.14000000E+01 0.89999998E+00 0.67695960E-02
0.14200000E+01 0.89999998E+00 0.68772128E-02
0.14400000E+01 0.89999998E+00 0.69772940E-02
0.14600000E+01 0.89999998E+00 0.70697635E-02
0.14800000E+01 0.89999998E+00 0.71546590E-02
0.15000000E+01 0.89999998E+00 0.72321266E-02
0.15200000E+01 0.89999998E+00 0.73024111E-02
0.15400000E+01 0.89999998E+00 0.73658421E-02
0.15600000E+01 0.89999998E+00 0.74228194E-02
0.15800000E+01 0.89999998E+00 0.74737952E-02
0.16000000E+01 0.89999998E+00 0.75192598E-02
0.16200000E+01 0.89999998E+00 0.75597301E-02
0.16400000E+01 0.89999998E+00 0.75957465E-02
0.16600000E+01 0.89999998E+00 0.76278822E-02
0.16800000E+01 0.89999998E+00 0.76567677E-02
0.17000000E+01 0.89999998E+00 0.76831383E-02
0.17200000E+01 0.89999998E+00 0.77079041E-02
0.17400000E+01 0.89999998E+00 0.77322458E-02
0.17600000E+01 0.89999998E+00 0.77577311E-02
0.17800000E+01 0.89999998E+00 0.77864353E-02
0.18000000E+01 0.89999998E+00 0.78210343E-02
0.18200000E+01 0.89999998E+00 0.78647998E-02
0.18400000E+01 0.89999998E+00 0.79213599E-02
0.18600000E+01 0.89999998E+00 0.79939408E-02
0.18800000E+01 0.89999998E+00 0.80834492E-02
0.19000000E+01 0.89999998E+00 0.81836530E-02
0.19200000E+01 0.89999998E+00 0.82667395E-02
0.19400000E+01 0.89999998E+00 0.81894578E-02
0.19600000E+01 0.89999998E+00 0.81077462E-02
0.19800000E+01 0.89999998E+00 0.81932960E-02
0.20000000E+01 0.89999998E+00 0.82744998E-02
0.00000000E+00 0.91999998E+00 0.53947193E-03
0.20000000E-01 0.91999998E+00 0.68021000E-03
0.39999999E-01 0.91999998E+00 0.78242152E-03
0.59999999E-01 0.91999998E+00 0.83950951E-03
0.79999998E-01 0.91999998E+00 0.85213432E-03
0.99999998E-01 0.91999998E+00 0.84065056E-03
0.12000000E+00 0.91999998E+00 0.91027207E-03
0.14000000E+00 0.91999998E+00 0.10213629E-02
0.16000000E+00 0.91999998E+00 0.11339291E-02
0.18000000E+00 0.91999998E+00 0.12484428E-02
0.20000000E+00 0.91999998E+00 0.13652391E-02
0.22000000E+00 0.91999998E+00 0.14844794E-02
0.23999999E+00 0.91999998E+00 0.16061145E-02
0.25999999E+00 0.91999998E+00 0.17298532E-02
0.27999999E+00 0.91999998E+00 0.18551358E-02
0.29999999E+00 0.91999998E+00 0.19811170E-02
0.31999999E+00 0.91999998E+00 0.21066611E-02
0.33999999E+00 0.91999998E+00 0.22303517E-02
0.35999999E+00 0.91999998E+00 0.23505219E-02
0.37999999E+00 0.91999998E+00 0.24653071E-02
0.39999999E+00 0.91999998E+00 0.25727243E-02
0.41999999E+00 0.91999998E+00 0.26707830E-02
0.43999999E+00 0.91999998E+00 0.27576280E-02
0.45999999E+00 0.91999998E+00 0.28317181E-02
0.47999999E+00 0.91999998E+00 0.28920373E-02
0.49999999E+00 0.91999998E+00 0.29383350E-02
0.51999999E+00 0.91999998E+00 0.29713841E-02
0.53999999E+00 0.91999998E+00 0.29932368E-02
0.55999999E+00 0.91999998E+00 0.30074417E-02
0.57999999E+00 0.91999998E+00 0.30191632E-02
0.59999999E+00 0.91999998E+00 0.30350956E-02
0.61999999E+00 0.91999998E+00 0.30629803E-02
0.63999999E+00 0.91999998E+00 0.31103453E-02
0.65999999E+00 0.91999998E+00 0.31815751E-02
0.67999998E+00 0.91999998E+00 0.32705924E-02
0.69999998E+00 0.91999998E+00 0.33346098E-02
0.71999998E+00 0.91999998E+00 0.32278634E-02
0.73999998E+00 0.91999998E+00 0.33470723E-02
0.75999998E+00 0.91999998E+00 0.34682315E-02
0.77999998E+00 0.91999998E+00 0.35912781E-02
0.79999998E+00 0.91999998E+00 0.37162009E-02
0.81999998E+00 0.91999998E+00 0.38430582E-02
0.83999998E+00 0.91999998E+00 0.39719955E-02
0.85999998E+00 0.91999998E+00 0.41032608E-02
0.87999998E+00 0.91999998E+00 0.42372161E-02
0.89999998E+00 0.91999998E+00 0.43743424E-02
0.91999998E+00 0.91999998E+00 0.45152353E-02
0.93999998E+00 0.91999998E+00 0.46605876E-02
0.95999998E+00 0.91999998E+00 0.48111557E-02
0.97999998E+00 0.91999998E+00 0.49677044E-02
0.99999998E+00 0.91999998E+00 0.51309256E-02
0.10200000E+01 0.91999998E+00 0.53013263E-02
0.10400000E+01 0.91999998E+00 0.54790816E-02
0.10600000E+01 0.91999998E+00 0.56638481E-02
0.10800000E+01 0.91999998E+00 0.58545378E-02
0.11000000E+01 0.91999998E+00 0.60490515E-02
0.11200000E+01 0.91999998E+00 0.62439822E-02
0.11400000E+01 0.91999998E+00 0.64343028E-02
0.11600000E+01 0.91999998E+00 0.66130697E-02
0.11800000E+01 0.91999998E+00 0.67711971E-02
0.12000000E+01 0.91999998E+00 0.68973945E-02
0.12200000E+01 0.91999998E+00 0.69784248E-02
0.12400000E+01 0.91999998E+00 0.69999528E-02
0.12600000E+01 0.91999998E+00 0.69484638E-02
0.12800000E+01 0.91999998E+00 0.68151036E-02
0.13000000E+01 0.91999998E+00 0.66022252E-02
0.13200000E+01 0.91999998E+00 0.62982172E-02
0.13400000E+01 0.91999998E+00 0.64283929E-02
0.13600000E+01 0.91999998E+00 0.65529078E-02
0.13800000E+01 0.91999998E+00 0.66714189E-02
0.14000000E+01 0.91999998E+00 0.67836751E-02
0.14200000E+01 0.91999998E+00 0.68895183E-02
0.14400000E+01 0.91999998E+00 0.69888812E-02
0.14600000E+01 0.91999998E+00 0.70817814E-02
0.14800000E+01 0.91999998E+00 0.71683107E-02
0.15000000E+01 0.91999998E+00 0.72486221E-02
0.15200000E+01 0.91999998E+00 0.73229135E-02
0.15400000E+01 0.91999998E+00 0.73914108E-02
0.15600000E+01 0.91999998E+00 0.74543518E-02
0.15800000E+01 0.91999998E+00 0.75119746E-02
0.16000000E+01 0.91999998E+00 0.75645129E-02
0.16200000E+01 0.91999998E+00 0.76122035E-02
0.16400000E+01 0.91999998E+00 0.76553106E-02
0.16600000E+01 0.91999998E+00 0.76941721E-02
0.16800000E+01 0.91999998E+00 0.77292719E-02
0.17000000E+01 0.91999998E+00 0.77613432E-02
0.17200000E+01 0.91999998E+00 0.77915003E-02
0.17400000E+01 0.91999998E+00 0.78213940E-02
0.17600000E+01 0.91999998E+00 0.78533701E-02
0.17800000E+01 0.91999998E+00 0.78905885E-02
0.18000000E+01 0.91999998E+00 0.79370206E-02
0.18200000E+01 0.91999998E+00 0.79971575E-02
0.18400000E+01 0.91999998E+00 0.80750930E-02
0.18600000E+01 0.91999998E+00 0.81722208E-02
0.18800000E+01 0.91999998E+00 0.82814915E-02
0.19000000E+01 0.91999998E+00 0.83703242E-02
0.19200000E+01 0.91999998E+00 0.82703785E-02
0.19400000E+01 0.91999998E+00 0.81602072E-02
0.19600000E+01 0.91999998E+00 0.82445391E-02
0.19800000E+01 0.91999998E+00 0.83234309E-02
0.20000000E+01 0.91999998E+00 0.83966915E-02
0.00000000E+00 0.93999998E+00 0.54481114E-03
0.20000000E-01 0.93999998E+00 0.66023944E-03
0.39999999E-01 0.93999998E+00 0.73050555E-03
0.59999999E-01 0.93999998E+00 0.75545898E-03
0.79999998E-01 0.93999998E+00 0.75483396E-03
0.99999998E-01 0.93999998E+00 0.83125529E-03
0.12000000E+00 0.93999998E+00 0.94548791E-03
0.14000000E+00 0.93999998E+00 0.10609628E-02
0.16000000E+00 0.93999998E+00 0.11781825E-02
0.18000000E+00 0.93999998E+00 0.12975086E-02
0.20000000E+00 0.93999998E+00 0.14191229E-02
0.22000000E+00 0.93999998E+00 0.15429901E-02
0.23999999E+00 0.93999998E+00 0.16688244E-02
0.25999999E+00 0.93999998E+00 0.17960632E-02
0.27999999E+00 0.93999998E+00 0.19238487E-02
0.29999999E+00 0.93999998E+00 0.20510241E-02
0.31999999E+00 0.93999998E+00 0.21761437E-02
0.33999999E+00 0.93999998E+00 0.22975058E-02
0.35999999E+00 0.93999998E+00 0.24132071E-02
0.37999999E+00 0.93999998E+00 0.25212273E-02
0.39999999E+00 0.93999998E+00 0.26195446E-02
0.41999999E+00 0.93999998E+00 0.27062847E-02
0.43999999E+00 0.93999998E+00 0.27799074E-02
0.45999999E+00 0.93999998E+00 0.28394255E-02
0.47999999E+00 0.93999998E+00 0.28846537E-02
0.49999999E+00 0.93999998E+00 0.29164749E-02
0.51999999E+00 0.93999998E+00 0.29371014E-02
0.53999999E+00 0.93999998E+00 0.29502953E-02
0.55999999E+00 0.93999998E+00 0.29614818E-02
0.57999999E+00 0.93999998E+00 0.29776465E-02
0.59999999E+00 0.93999998E+00 0.30068138E-02
0.61999999E+00 0.93999998E+00 0.30567067E-02
0.63999999E+00 0.93999998E+00 0.31316573E-02
0.65999999E+00 0.93999998E+00 0.32249240E-02
0.67999998E+00 0.93999998E+00 0.32912382E-02
0.69999998E+00 0.93999998E+00 0.31766653E-02
0.71999998E+00 0.93999998E+00 0.32936625E-02
0.73999998E+00 0.93999998E+00 0.34121254E-02
0.75999998E+00 0.93999998E+00 0.35319683E-02
0.77999998E+00 0.93999998E+00 0.36531713E-02
0.79999998E+00 0.93999998E+00 0.37758007E-02
0.81999998E+00 0.93999998E+00 0.39000302E-02
0.83999998E+00 0.93999998E+00 0.40261576E-02
0.85999998E+00 0.93999998E+00 0.41546188E-02
0.87999998E+00 0.93999998E+00 0.42859931E-02
0.89999998E+00 0.93999998E+00 0.44209993E-02
0.91999998E+00 0.93999998E+00 0.45604771E-02
0.93999998E+00 0.93999998E+00 0.47053500E-02
0.95999998E+00 0.93999998E+00 0.48565650E-02
0.97999998E+00 0.93999998E+00 0.50150045E-02
0.99999998E+00 0.93999998E+00 0.51813645E-02
0.10200000E+01 0.93999998E+00 0.53559942E-02
0.10400000E+01 0.93999998E+00 0.55386946E-02
0.10600000E+01 0.93999998E+00 0.57284734E-02
0.10800000E+01 0.93999998E+00 0.59232580E-02
0.11000000E+01 0.93999998E+00 0.61195768E-02
0.11200000E+01 0.93999998E+00 0.63122242E-02
0.11400000E+01 0.93999998E+00 0.64939468E-02
0.11600000E+01 0.93999998E+00 0.66552065E-02
0.11800000E+01 0.93999998E+00 0.67841249E-02
0.12000000E+01 0.93999998E+00 0.68667791E-02
0.12200000E+01 0.93999998E+00 0.68881474E-02
0.12400000E+01 0.93999998E+00 0.68342433E-02
0.12600000E+01 0.93999998E+00 0.66964513E-02
0.12800000E+01 0.93999998E+00 0.64795082E-02
0.13000000E+01 0.93999998E+00 0.61877047E-02
0.13200000E+01 0.93999998E+00 0.63187735E-02
0.13400000E+01 0.93999998E+00 0.64451252E-02
0.13600000E+01 0.93999998E+00 0.65664959E-02
0.13800000E+01 0.93999998E+00 0.66826987E-02
0.14000000E+01 0.93999998E+00 0.67936206E-02
0.14200000E+01 0.93999998E+00 0.68992156E-02
0.14400000E+01 0.93999998E+00 0.69994939E-02
0.14600000E+01 0.93999998E+00 0.70945069E-02
0.14800000E+01 0.93999998E+00 0.71843301E-02
0.15000000E+01 0.93999998E+00 0.72690438E-02
0.15200000E+01 0.93999998E+00 0.73487147E-02
0.15400000E+01 0.93999998E+00 0.74233801E-02
0.15600000E+01 0.93999998E+00 0.74930391E-02
0.15800000E+01 0.93999998E+00 0.75576538E-02
0.16000000E+01 0.93999998E+00 0.76171675E-02
0.16200000E+01 0.93999998E+00 0.76715430E-02
0.16400000E+01 0.93999998E+00 0.77208287E-02
0.16600000E+01 0.93999998E+00 0.77652570E-02
0.16800000E+01 0.93999998E+00 0.78053777E-02
0.17000000E+01 0.93999998E+00 0.78422257E-02
0.17200000E+01 0.93999998E+00 0.78775142E-02
0.17400000E+01 0.93999998E+00 0.79138286E-02
0.17600000E+01 0.93999998E+00 0.79547720E-02
0.17800000E+01 0.93999998E+00 0.80049628E-02
0.18000000E+01 0.93999998E+00 0.80696924E-02
0.18200000E+01 0.93999998E+00 0.81538520E-02
0.18400000E+01 0.93999998E+00 0.82592525E-02
0.18600000E+01 0.93999998E+00 0.83779767E-02
0.18800000E+01 0.93999998E+00 0.84726869E-02
0.19000000E+01 0.93999998E+00 0.83501394E-02
0.19200000E+01 0.93999998E+00 0.82125676E-02
0.19400000E+01 0.93999998E+00 0.82970368E-02
0.19600000E+01 0.93999998E+00 0.83750360E-02
0.19800000E+01 0.93999998E+00 0.84462451E-02
0.20000000E+01 0.93999998E+00 0.85103237E-02
0.00000000E+00 0.95999998E+00 0.52858869E-03
0.20000000E-01 0.95999998E+00 0.61284776E-03
0.39999999E-01 0.95999998E+00 0.65123800E-03
0.59999999E-01 0.95999998E+00 0.66274062E-03
0.79999998E-01 0.95999998E+00 0.74672239E-03
0.99999998E-01 0.95999998E+00 0.86439021E-03
0.12000000E+00 0.95999998E+00 0.98306187E-03
0.14000000E+00 0.95999998E+00 0.11032730E-02
0.16000000E+00 0.95999998E+00 0.12254141E-02
0.18000000E+00 0.95999998E+00 0.13496906E-02
0.20000000E+00 0.95999998E+00 0.14760841E-02
0.22000000E+00 0.95999998E+00 0.16043183E-02
0.23999999E+00 0.95999998E+00 0.17338309E-02
0.25999999E+00 0.95999998E+00 0.18637560E-02
0.27999999E+00 0.95999998E+00 0.19929191E-02
0.29999999E+00 0.95999998E+00 0.21198494E-02
0.31999999E+00 0.95999998E+00 0.22428129E-02
0.33999999E+00 0.95999998E+00 0.23598706E-02
0.35999999E+00 0.95999998E+00 0.24689662E-02
0.37999999E+00 0.95999998E+00 0.25680462E-02
0.39999999E+00 0.95999998E+00 0.26552155E-02
0.41999999E+00 0.95999998E+00 0.27289299E-02
0.43999999E+00 0.95999998E+00 0.27882235E-02
0.45999999E+00 0.95999998E+00 0.28329651E-02
0.47999999E+00 0.95999998E+00 0.28641314E-02
0.49999999E+00 0.95999998E+00 0.28840747E-02
0.51999999E+00 0.95999998E+00 0.28967440E-02
0.53999999E+00 0.95999998E+00 0.29077942E-02
0.55999999E+00 0.95999998E+00 0.29244667E-02
0.57999999E+00 0.95999998E+00 0.29550302E-02
0.59999999E+00 0.95999998E+00 0.30073673E-02
0.61999999E+00 0.95999998E+00 0.30857343E-02
0.63999999E+00 0.95999998E+00 0.31827354E-02
0.65999999E+00 0.95999998E+00 0.32507169E-02
0.67999998E+00 0.95999998E+00 0.31280763E-02
0.69999998E+00 0.95999998E+00 0.32431543E-02
0.71999998E+00 0.95999998E+00 0.33592230E-02
0.73999998E+00 0.95999998E+00 0.34761671E-02
0.75999998E+00 0.95999998E+00 0.35939504E-02
0.77999998E+00 0.95999998E+00 0.37126391E-02
0.79999998E+00 0.95999998E+00 0.38324247E-02
0.81999998E+00 0.95999998E+00 0.39536444E-02
0.83999998E+00 0.95999998E+00 0.40767961E-02
0.85999998E+00 0.95999998E+00 0.42025456E-02
0.87999998E+00 0.95999998E+00 0.43317224E-02
0.89999998E+00 0.95999998E+00 0.44653002E-02
0.91999998E+00 0.95999998E+00 0.46043574E-02
0.93999998E+00 0.95999998E+00 0.47500123E-02
0.95999998E+00 0.95999998E+00 0.49033284E-02
0.97999998E+00 0.95999998E+00 0.50651832E-02
0.99999998E+00 0.95999998E+00 0.52360970E-02
0.10200000E+01 0.95999998E+00 0.54160161E-02
0.10400000E+01 0.95999998E+00 0.56040511E-02
0.10600000E+01 0.95999998E+00 0.57981706E-02
0.10800000E+01 0.95999998E+00 0.59948620E-02
0.11000000E+01 0.95999998E+00 0.61887762E-02
0.11200000E+01 0.95999998E+00 0.63723966E-02
0.11400000E+01 0.95999998E+00 0.65357930E-02
0.11600000E+01 0.95999998E+00 0.66665723E-02
0.11800000E+01 0.95999998E+00 0.67502093E-02
0.12000000E+01 0.95999998E+00 0.67710830E-02
0.12200000E+01 0.95999998E+00 0.67148116E-02
0.12400000E+01 0.95999998E+00 0.65730495E-02
0.12600000E+01 0.95999998E+00 0.63528252E-02
0.12800000E+01 0.95999998E+00 0.60737760E-02
0.13000000E+01 0.95999998E+00 0.62050982E-02
0.13200000E+01 0.95999998E+00 0.63326125E-02
0.13400000E+01 0.95999998E+00 0.64561412E-02
0.13600000E+01 0.95999998E+00 0.65755701E-02
0.13800000E+01 0.95999998E+00 0.66908414E-02
0.14000000E+01 0.95999998E+00 0.68019413E-02
0.14200000E+01 0.95999998E+00 0.69088849E-02
0.14400000E+01 0.95999998E+00 0.70116964E-02
0.14600000E+01 0.95999998E+00 0.71103881E-02
0.14800000E+01 0.95999998E+00 0.72049378E-02
0.15000000E+01 0.95999998E+00 0.72952684E-02
0.15200000E+01 0.95999998E+00 0.73812323E-02
0.15400000E+01 0.95999998E+00 0.74626049E-02
0.15600000E+01 0.95999998E+00 0.75390918E-02
0.15800000E+01 0.95999998E+00 0.76103553E-02
0.16000000E+01 0.95999998E+00 0.76760679E-02
0.16200000E+01 0.95999998E+00 0.77359964E-02
0.16400000E+01 0.95999998E+00 0.77901245E-02
0.16600000E+01 0.95999998E+00 0.78388164E-02
0.16800000E+01 0.95999998E+00 0.78830174E-02
0.17000000E+01 0.95999998E+00 0.79244840E-02
0.17200000E+01 0.95999998E+00 0.79660116E-02
0.17400000E+01 0.95999998E+00 0.80116042E-02
0.17600000E+01 0.95999998E+00 0.80664723E-02
0.17800000E+01 0.95999998E+00 0.81366407E-02
0.18000000E+01 0.95999998E+00 0.82277235E-02
0.18200000E+01 0.95999998E+00 0.83418795E-02
0.18400000E+01 0.95999998E+00 0.84702870E-02
0.18600000E+01 0.95999998E+00 0.85709209E-02
0.18800000E+01 0.95999998E+00 0.84261186E-02
0.19000000E+01 0.95999998E+00 0.82624828E-02
0.19200000E+01 0.95999998E+00 0.83483616E-02
0.19400000E+01 0.95999998E+00 0.84268251E-02
0.19600000E+01 0.95999998E+00 0.84974133E-02
0.19800000E+01 0.95999998E+00 0.85596548E-02
0.20000000E+01 0.95999998E+00 0.86130807E-02
0.00000000E+00 0.97999998E+00 0.48638928E-03
0.20000000E-01 0.97999998E+00 0.53919185E-03
0.39999999E-01 0.97999998E+00 0.56402036E-03
0.59999999E-01 0.97999998E+00 0.65633445E-03
0.79999998E-01 0.97999998E+00 0.77770326E-03
0.99999998E-01 0.97999998E+00 0.89983555E-03
0.12000000E+00 0.97999998E+00 0.10233023E-02
0.14000000E+00 0.97999998E+00 0.11485255E-02
0.16000000E+00 0.97999998E+00 0.12757369E-02
0.18000000E+00 0.97999998E+00 0.14049379E-02
0.20000000E+00 0.97999998E+00 0.15358646E-02
0.22000000E+00 0.97999998E+00 0.16679585E-02
0.23999999E+00 0.97999998E+00 0.18003488E-02
0.25999999E+00 0.97999998E+00 0.19318468E-02
0.27999999E+00 0.97999998E+00 0.20609596E-02
0.29999999E+00 0.97999998E+00 0.21859238E-02
0.31999999E+00 0.97999998E+00 0.23047670E-02
0.33999999E+00 0.97999998E+00 0.24153979E-02
0.35999999E+00 0.97999998E+00 0.25157313E-02
0.37999999E+00 0.97999998E+00 0.26038494E-02
0.39999999E+00 0.97999998E+00 0.26782002E-02
0.41999999E+00 0.97999998E+00 0.27378319E-02
0.43999999E+00 0.97999998E+00 0.27826569E-02
0.45999999E+00 0.97999998E+00 0.28137317E-02
0.47999999E+00 0.97999998E+00 0.28335290E-02
0.49999999E+00 0.97999998E+00 0.28461608E-02
0.51999999E+00 0.97999998E+00 0.28574825E-02
0.53999999E+00 0.97999998E+00 0.28749570E-02
0.55999999E+00 0.97999998E+00 0.29070614E-02
0.57999999E+00 0.97999998E+00 0.29618028E-02
0.59999999E+00 0.97999998E+00 0.30433385E-02
0.61999999E+00 0.97999998E+00 0.31436257E-02
0.63999999E+00 0.97999998E+00 0.32127132E-02
0.65999999E+00 0.97999998E+00 0.30817986E-02
0.67999998E+00 0.97999998E+00 0.31952495E-02
0.69999998E+00 0.97999998E+00 0.33092304E-02
0.71999998E+00 0.97999998E+00 0.34235912E-02
0.73999998E+00 0.97999998E+00 0.35382727E-02
0.75999998E+00 0.97999998E+00 0.36533327E-02
0.77999998E+00 0.97999998E+00 0.37689717E-02
0.79999998E+00 0.97999998E+00 0.38855559E-02
0.81999998E+00 0.97999998E+00 0.40036342E-02
0.83999998E+00 0.97999998E+00 0.41239465E-02
0.85999998E+00 0.97999998E+00 0.42474206E-02
0.87999998E+00 0.97999998E+00 0.43751512E-02
0.89999998E+00 0.97999998E+00 0.45083589E-02
0.91999998E+00 0.97999998E+00 0.46483213E-02
0.93999998E+00 0.97999998E+00 0.47962723E-02
0.95999998E+00 0.97999998E+00 0.49532628E-02
0.97999998E+00 0.97999998E+00 0.51199785E-02
0.99999998E+00 0.97999998E+00 0.52965105E-02
0.10200000E+01 0.97999998E+00 0.54820773E-02
0.10400000E+01 0.97999998E+00 0.56747013E-02
0.10600000E+01 0.97999998E+00 0.58708504E-02
0.10800000E+01 0.97999998E+00 0.60650645E-02
0.11000000E+01 0.97999998E+00 0.62496088E-02
0.11200000E+01 0.97999998E+00 0.64142198E-02
0.11400000E+01 0.97999998E+00 0.65460613E-02
0.11600000E+01 0.97999998E+00 0.66300891E-02
0.11800000E+01 0.97999998E+00 0.66501701E-02
0.12000000E+01 0.97999998E+00 0.65916022E-02
0.12200000E+01 0.97999998E+00 0.64463381E-02
0.12400000E+01 0.97999998E+00 0.62235906E-02
0.12600000E+01 0.97999998E+00 0.59576735E-02
0.12800000E+01 0.97999998E+00 0.60886439E-02
0.13000000E+01 0.97999998E+00 0.62166691E-02
0.13200000E+01 0.97999998E+00 0.63416630E-02
0.13400000E+01 0.97999998E+00 0.64635913E-02
0.13600000E+01 0.97999998E+00 0.65824594E-02
0.13800000E+01 0.97999998E+00 0.66982958E-02
0.14000000E+01 0.97999998E+00 0.68111315E-02
0.14200000E+01 0.97999998E+00 0.69209764E-02
0.14400000E+01 0.97999998E+00 0.70277933E-02
0.14600000E+01 0.97999998E+00 0.71314727E-02
0.14800000E+01 0.97999998E+00 0.72318098E-02
0.15000000E+01 0.97999998E+00 0.73284890E-02
0.15200000E+01 0.97999998E+00 0.74210791E-02
0.15400000E+01 0.97999998E+00 0.75090455E-02
0.15600000E+01 0.97999998E+00 0.75917860E-02
0.15800000E+01 0.97999998E+00 0.76686964E-02
0.16000000E+01 0.97999998E+00 0.77392730E-02
0.16200000E+01 0.97999998E+00 0.78032580E-02
0.16400000E+01 0.97999998E+00 0.78608301E-02
0.16600000E+01 0.97999998E+00 0.79128387E-02
0.16800000E+01 0.97999998E+00 0.79610664E-02
0.17000000E+01 0.97999998E+00 0.80084899E-02
0.17200000E+01 0.97999998E+00 0.80594717E-02
0.17400000E+01 0.97999998E+00 0.81197577E-02
0.17600000E+01 0.97999998E+00 0.81960360E-02
0.17800000E+01 0.97999998E+00 0.82945666E-02
0.18000000E+01 0.97999998E+00 0.84177867E-02
0.18200000E+01 0.97999998E+00 0.85559464E-02
0.18400000E+01 0.97999998E+00 0.86624526E-02
0.18600000E+01 0.97999998E+00 0.84959750E-02
0.18800000E+01 0.97999998E+00 0.83078262E-02
0.19000000E+01 0.97999998E+00 0.83962761E-02
0.19200000E+01 0.97999998E+00 0.84764663E-02
0.19400000E+01 0.97999998E+00 0.85477887E-02
0.19600000E+01 0.97999998E+00 0.86096316E-02
0.19800000E+01 0.97999998E+00 0.86613991E-02
0.20000000E+01 0.97999998E+00 0.87025396E-02
0.00000000E+00 0.99999998E+00 0.41915538E-03
0.20000000E-01 0.99999998E+00 0.45841161E-03
0.39999999E-01 0.99999998E+00 0.55982071E-03
0.59999999E-01 0.99999998E+00 0.68512063E-03
0.79999998E-01 0.99999998E+00 0.81094551E-03
0.99999998E-01 0.99999998E+00 0.93790413E-03
0.12000000E+00 0.99999998E+00 0.10664524E-02
0.14000000E+00 0.99999998E+00 0.11968506E-02
0.16000000E+00 0.99999998E+00 0.13291227E-02
0.18000000E+00 0.99999998E+00 0.14630196E-02
0.20000000E+00 0.99999998E+00 0.15979896E-02
0.22000000E+00 0.99999998E+00 0.17331593E-02
0.23999999E+00 0.99999998E+00 0.18673289E-02
0.25999999E+00 0.99999998E+00 0.19989857E-02
0.27999999E+00 0.99999998E+00 0.21263394E-02
0.29999999E+00 0.99999998E+00 0.22473857E-02
0.31999999E+00 0.99999998E+00 0.23599993E-02
0.33999999E+00 0.99999998E+00 0.24620634E-02
0.35999999E+00 0.99999998E+00 0.25516353E-02
0.37999999E+00 0.99999998E+00 0.26271514E-02
0.39999999E+00 0.99999998E+00 0.26876680E-02
0.41999999E+00 0.99999998E+00 0.27331316E-02
0.43999999E+00 0.99999998E+00 0.27646651E-02
0.45999999E+00 0.99999998E+00 0.27848443E-02
0.47999999E+00 0.99999998E+00 0.27979219E-02
0.49999999E+00 0.99999998E+00 0.28099264E-02
0.51999999E+00 0.99999998E+00 0.28285110E-02
0.53999999E+00 0.99999998E+00 0.28623266E-02
0.55999999E+00 0.99999998E+00 0.29194721E-02
0.57999999E+00 0.99999998E+00 0.30039825E-02
0.59999999E+00 0.99999998E+00 0.31071732E-02
0.61999999E+00 0.99999998E+00 0.31768753E-02
0.63999999E+00 0.99999998E+00 0.30375190E-02
0.65999999E+00 0.99999998E+00 0.31496305E-02
0.67999998E+00 0.99999998E+00 0.32618297E-02
0.69999998E+00 0.99999998E+00 0.33739276E-02
0.71999998E+00 0.99999998E+00 0.34858359E-02
0.73999998E+00 0.99999998E+00 0.35975968E-02
0.75999998E+00 0.99999998E+00 0.37094116E-02
0.77999998E+00 0.99999998E+00 0.38216658E-02
0.79999998E+00 0.99999998E+00 0.39349485E-02
0.81999998E+00 0.99999998E+00 0.40500620E-02
0.83999998E+00 0.99999998E+00 0.41680197E-02
0.85999998E+00 0.99999998E+00 0.42900247E-02
0.87999998E+00 0.99999998E+00 0.44174266E-02
0.89999998E+00 0.99999998E+00 0.45516498E-02
0.91999998E+00 0.99999998E+00 0.46940868E-02
0.93999998E+00 0.99999998E+00 0.48459526E-02
0.95999998E+00 0.99999998E+00 0.50080918E-02
0.97999998E+00 0.99999998E+00 0.51807375E-02
0.99999998E+00 0.99999998E+00 0.53632195E-02
0.10200000E+01 0.99999998E+00 0.55536243E-02
0.10400000E+01 0.99999998E+00 0.57484195E-02
0.10600000E+01 0.99999998E+00 0.59420645E-02
0.10800000E+01 0.99999998E+00 0.61266490E-02
0.11000000E+01 0.99999998E+00 0.62916326E-02
0.11200000E+01 0.99999998E+00 0.64238066E-02
0.11400000E+01 0.99999998E+00 0.65076892E-02
0.11600000E+01 0.99999998E+00 0.65267211E-02
0.11800000E+01 0.99999998E+00 0.64659536E-02
0.12000000E+01 0.99999998E+00 0.63176623E-02
0.12200000E+01 0.99999998E+00 0.60931251E-02
0.12400000E+01 0.99999998E+00 0.58405609E-02
0.12600000E+01 0.99999998E+00 0.59706207E-02
0.12800000E+01 0.99999998E+00 0.60985415E-02
0.13000000E+01 0.99999998E+00 0.62243331E-02
0.13200000E+01 0.99999998E+00 0.63480461E-02
0.13400000E+01 0.99999998E+00 0.64697560E-02
0.13600000E+01 0.99999998E+00 0.65895417E-02
0.13800000E+01 0.99999998E+00 0.67074604E-02
0.14000000E+01 0.99999998E+00 0.68235192E-02
0.14200000E+01 0.99999998E+00 0.69376450E-02
0.14400000E+01 0.99999998E+00 0.70496555E-02
0.14600000E+01 0.99999998E+00 0.71592349E-02
0.14800000E+01 0.99999998E+00 0.72659167E-02
0.15000000E+01 0.99999998E+00 0.73690814E-02
0.15200000E+01 0.99999998E+00 0.74679730E-02
0.15400000E+01 0.99999998E+00 0.75617426E-02
0.15600000E+01 0.99999998E+00 0.76495261E-02
0.15800000E+01 0.99999998E+00 0.77305632E-02
0.16000000E+01 0.99999998E+00 0.78043643E-02
0.16200000E+01 0.99999998E+00 0.78709272E-02
0.16400000E+01 0.99999998E+00 0.79310006E-02
0.16600000E+01 0.99999998E+00 0.79863792E-02
0.16800000E+01 0.99999998E+00 0.80401934E-02
0.17000000E+01 0.99999998E+00 0.80971223E-02
0.17200000E+01 0.99999998E+00 0.81633892E-02
0.17400000E+01 0.99999998E+00 0.82462737E-02
0.17600000E+01 0.99999998E+00 0.83526023E-02
0.17800000E+01 0.99999998E+00 0.84850224E-02
0.18000000E+01 0.99999998E+00 0.86328424E-02
0.18200000E+01 0.99999998E+00 0.87450656E-02
0.18400000E+01 0.99999998E+00 0.85576773E-02
0.18600000E+01 0.99999998E+00 0.83467253E-02
0.18800000E+01 0.99999998E+00 0.84387747E-02
0.19000000E+01 0.99999998E+00 0.85218334E-02
0.19200000E+01 0.99999998E+00 0.85951404E-02
0.19400000E+01 0.99999998E+00 0.86579361E-02
0.19600000E+01 0.99999998E+00 0.87094895E-02
0.19800000E+01 0.99999998E+00 0.87491330E-02
0.20000000E+01 0.99999998E+00 0.87763078E-02
0.00000000E+00 0.10200000E+01 0.34575518E-03
0.20000000E-01 0.10200000E+01 0.45698815E-03
0.39999999E-01 0.10200000E+01 0.58640493E-03
0.59999999E-01 0.10200000E+01 0.71611424E-03
0.79999998E-01 0.10200000E+01 0.84676536E-03
0.99999998E-01 0.10200000E+01 0.97885043E-03
0.12000000E+00 0.10200000E+01 0.11126608E-02
0.14000000E+00 0.10200000E+01 0.12482448E-02
0.16000000E+00 0.10200000E+01 0.13853705E-02
0.18000000E+00 0.10200000E+01 0.15234948E-02
0.20000000E+00 0.10200000E+01 0.16617442E-02
0.22000000E+00 0.10200000E+01 0.17989098E-02
0.23999999E+00 0.10200000E+01 0.19334607E-02
0.25999999E+00 0.10200000E+01 0.20635815E-02
0.27999999E+00 0.10200000E+01 0.21872370E-02
0.29999999E+00 0.10200000E+01 0.23022685E-02
0.31999999E+00 0.10200000E+01 0.24065266E-02
0.33999999E+00 0.10200000E+01 0.24980423E-02
0.35999999E+00 0.10200000E+01 0.25752367E-02
0.37999999E+00 0.10200000E+01 0.26371682E-02
0.39999999E+00 0.10200000E+01 0.26838087E-02
0.41999999E+00 0.10200000E+01 0.27163356E-02
0.43999999E+00 0.10200000E+01 0.27374118E-02
0.45999999E+00 0.10200000E+01 0.27514105E-02
0.47999999E+00 0.10200000E+01 0.27645085E-02
0.49999999E+00 0.10200000E+01 0.27845201E-02
0.51999999E+00 0.10200000E+01 0.28202383E-02
0.53999999E+00 0.10200000E+01 0.28798231E-02
0.55999999E+00 0.10200000E+01 0.29671647E-02
0.57999999E+00 0.10200000E+01 0.30729409E-02
0.59999999E+00 0.10200000E+01 0.31428374E-02
0.61999999E+00 0.10200000E+01 0.29949151E-02
0.63999999E+00 0.10200000E+01 0.31059672E-02
0.65999999E+00 0.10200000E+01 0.32166871E-02
0.67999998E+00 0.10200000E+01 0.33268425E-02
0.69999998E+00 0.10200000E+01 0.34363112E-02
0.71999998E+00 0.10200000E+01 0.35451138E-02
0.73999998E+00 0.10200000E+01 0.36534446E-02
0.75999998E+00 0.10200000E+01 0.37616994E-02
0.77999998E+00 0.10200000E+01 0.38704973E-02
0.79999998E+00 0.10200000E+01 0.39806920E-02
0.81999998E+00 0.10200000E+01 0.40933703E-02
0.83999998E+00 0.10200000E+01 0.42098305E-02
0.85999998E+00 0.10200000E+01 0.43315384E-02
0.87999998E+00 0.10200000E+01 0.44600521E-02
0.89999998E+00 0.10200000E+01 0.45969111E-02
0.91999998E+00 0.10200000E+01 0.47434835E-02
0.93999998E+00 0.10200000E+01 0.49007652E-02
0.95999998E+00 0.10200000E+01 0.50691277E-02
0.97999998E+00 0.10200000E+01 0.52480130E-02
0.99999998E+00 0.10200000E+01 0.54355803E-02
0.10200000E+01 0.10200000E+01 0.56283142E-02
0.10400000E+01 0.10200000E+01 0.58206211E-02
0.10600000E+01 0.10200000E+01 0.60044559E-02
0.10800000E+01 0.10200000E+01 0.61690551E-02
0.11000000E+01 0.10200000E+01 0.63009055E-02
0.11200000E+01 0.10200000E+01 0.63841672E-02
0.11400000E+01 0.10200000E+01 0.64019384E-02
0.11600000E+01 0.10200000E+01 0.63390956E-02
0.11800000E+01 0.10200000E+01 0.61882581E-02
0.12000000E+01 0.10200000E+01 0.59626395E-02
0.12200000E+01 0.10200000E+01 0.57235064E-02
0.12400000E+01 0.10200000E+01 0.58521520E-02
0.12600000E+01 0.10200000E+01 0.59794012E-02
0.12800000E+01 0.10200000E+01 0.61053616E-02
0.13000000E+01 0.10200000E+01 0.62301724E-02
0.13200000E+01 0.10200000E+01 0.63539842E-02
0.13400000E+01 0.10200000E+01 0.64769335E-02
0.13600000E+01 0.10200000E+01 0.65991122E-02
0.13800000E+01 0.10200000E+01 0.67205349E-02
0.14000000E+01 0.10200000E+01 0.68411052E-02
0.14200000E+01 0.10200000E+01 0.69605825E-02
0.14400000E+01 0.10200000E+01 0.70785558E-02
0.14600000E+01 0.10200000E+01 0.71944257E-02
0.14800000E+01 0.10200000E+01 0.73074033E-02
0.15000000E+01 0.10200000E+01 0.74165307E-02
0.15200000E+01 0.10200000E+01 0.75207323E-02
0.15400000E+01 0.10200000E+01 0.76189027E-02
0.15600000E+01 0.10200000E+01 0.77100417E-02
0.15800000E+01 0.10200000E+01 0.77934405E-02
0.16000000E+01 0.10200000E+01 0.78689225E-02
0.16200000E+01 0.10200000E+01 0.79371348E-02
0.16400000E+01 0.10200000E+01 0.79998718E-02
0.16600000E+01 0.10200000E+01 0.80603921E-02
0.16800000E+01 0.10200000E+01 0.81236502E-02
0.17000000E+01 0.10200000E+01 0.81962887E-02
0.17200000E+01 0.10200000E+01 0.82861054E-02
0.17400000E+01 0.10200000E+01 0.84004128E-02
0.17600000E+01 0.10200000E+01 0.85420014E-02
0.17800000E+01 0.10200000E+01 0.86992341E-02
0.18000000E+01 0.10200000E+01 0.88169127E-02
0.18200000E+01 0.10200000E+01 0.86095218E-02
0.18400000E+01 0.10200000E+01 0.83775858E-02
0.18600000E+01 0.10200000E+01 0.84741138E-02
0.18800000E+01 0.10200000E+01 0.85610428E-02
0.19000000E+01 0.10200000E+01 0.86374561E-02
0.19200000E+01 0.10200000E+01 0.87024422E-02
0.19400000E+01 0.10200000E+01 0.87551286E-02
0.19600000E+01 0.10200000E+01 0.87947239E-02
0.19800000E+01 0.10200000E+01 0.88205714E-02
0.20000000E+01 0.10200000E+01 0.88322115E-02
0.00000000E+00 0.10400000E+01 0.34773131E-03
0.20000000E-01 0.10400000E+01 0.48139702E-03
0.39999999E-01 0.10400000E+01 0.61513343E-03
0.59999999E-01 0.10400000E+01 0.74963348E-03
0.79999998E-01 0.10400000E+01 0.88542819E-03
0.99999998E-01 0.10400000E+01 0.10228420E-02
0.12000000E+00 0.10400000E+01 0.11619499E-02
0.14000000E+00 0.10400000E+01 0.13025385E-02
0.16000000E+00 0.10400000E+01 0.14440751E-02
0.18000000E+00 0.10400000E+01 0.15856874E-02
0.20000000E+00 0.10400000E+01 0.17261584E-02
0.22000000E+00 0.10400000E+01 0.18639405E-02
0.23999999E+00 0.10400000E+01 0.19971939E-02
0.25999999E+00 0.10400000E+01 0.21238527E-02
0.27999999E+00 0.10400000E+01 0.22417245E-02
0.29999999E+00 0.10400000E+01 0.23486266E-02
0.31999999E+00 0.10400000E+01 0.24425612E-02
0.33999999E+00 0.10400000E+01 0.25219304E-02
0.35999999E+00 0.10400000E+01 0.25857890E-02
0.37999999E+00 0.10400000E+01 0.26341267E-02
0.39999999E+00 0.10400000E+01 0.26681641E-02
0.41999999E+00 0.10400000E+01 0.26906370E-02
0.43999999E+00 0.10400000E+01 0.27060206E-02
0.45999999E+00 0.10400000E+01 0.27206178E-02
0.47999999E+00 0.10400000E+01 0.27423777E-02
0.49999999E+00 0.10400000E+01 0.27802066E-02
0.51999999E+00 0.10400000E+01 0.28422969E-02
0.53999999E+00 0.10400000E+01 0.29323739E-02
0.55999999E+00 0.10400000E+01 0.30404803E-02
0.57999999E+00 0.10400000E+01 0.31102235E-02
0.59999999E+00 0.10400000E+01 0.29536592E-02
0.61999999E+00 0.10400000E+01 0.30639229E-02
0.63999999E+00 0.10400000E+01 0.31734587E-02
0.65999999E+00 0.10400000E+01 0.32819885E-02
0.67999998E+00 0.10400000E+01 0.33893521E-02
0.69999998E+00 0.10400000E+01 0.34955428E-02
0.71999998E+00 0.10400000E+01 0.36007410E-02
0.73999998E+00 0.10400000E+01 0.37053450E-02
0.75999998E+00 0.10400000E+01 0.38099942E-02
0.77999998E+00 0.10400000E+01 0.39155832E-02
0.79999998E+00 0.10400000E+01 0.40232602E-02
0.81999998E+00 0.10400000E+01 0.41344068E-02
0.83999998E+00 0.10400000E+01 0.42505915E-02
0.85999998E+00 0.10400000E+01 0.43734933E-02
0.87999998E+00 0.10400000E+01 0.45047861E-02
0.89999998E+00 0.10400000E+01 0.46459803E-02
0.91999998E+00 0.10400000E+01 0.47982144E-02
0.93999998E+00 0.10400000E+01 0.49619928E-02
0.95999998E+00 0.10400000E+01 0.51368702E-02
0.97999998E+00 0.10400000E+01 0.53210842E-02
0.99999998E+00 0.10400000E+01 0.55111518E-02
0.10200000E+01 0.10400000E+01 0.57014519E-02
0.10400000E+01 0.10400000E+01 0.58838419E-02
0.10600000E+01 0.10400000E+01 0.60473867E-02
0.10800000E+01 0.10400000E+01 0.61783336E-02
0.11000000E+01 0.10400000E+01 0.62605612E-02
0.11200000E+01 0.10400000E+01 0.62769066E-02
0.11400000E+01 0.10400000E+01 0.62121399E-02
0.11600000E+01 0.10400000E+01 0.60592421E-02
0.11800000E+01 0.10400000E+01 0.58332240E-02
0.12000000E+01 0.10400000E+01 0.56074705E-02
0.12200000E+01 0.10400000E+01 0.57342602E-02
0.12400000E+01 0.10400000E+01 0.58603270E-02
0.12600000E+01 0.10400000E+01 0.59858767E-02
0.12800000E+01 0.10400000E+01 0.61111391E-02
0.13000000E+01 0.10400000E+01 0.62363438E-02
0.13200000E+01 0.10400000E+01 0.63616896E-02
0.13400000E+01 0.10400000E+01 0.64873104E-02
0.13600000E+01 0.10400000E+01 0.66132380E-02
0.13800000E+01 0.10400000E+01 0.67393635E-02
0.14000000E+01 0.10400000E+01 0.68654020E-02
0.14200000E+01 0.10400000E+01 0.69908625E-02
0.14400000E+01 0.10400000E+01 0.71150305E-02
0.14600000E+01 0.10400000E+01 0.72369670E-02
0.14800000E+01 0.10400000E+01 0.73555328E-02
0.15000000E+01 0.10400000E+01 0.74694460E-02
0.15200000E+01 0.10400000E+01 0.75773808E-02
0.15400000E+01 0.10400000E+01 0.76781153E-02
0.15600000E+01 0.10400000E+01 0.77707368E-02
0.15800000E+01 0.10400000E+01 0.78549037E-02
0.16000000E+01 0.10400000E+01 0.79311624E-02
0.16200000E+01 0.10400000E+01 0.80012972E-02
0.16400000E+01 0.10400000E+01 0.80686716E-02
0.16600000E+01 0.10400000E+01 0.81384749E-02
0.16800000E+01 0.10400000E+01 0.82177116E-02
0.17000000E+01 0.10400000E+01 0.83146243E-02
0.17200000E+01 0.10400000E+01 0.84369308E-02
0.17400000E+01 0.10400000E+01 0.85874983E-02
0.17600000E+01 0.10400000E+01 0.87537495E-02
0.17800000E+01 0.10400000E+01 0.88765176E-02
0.18000000E+01 0.10400000E+01 0.86501400E-02
0.18200000E+01 0.10400000E+01 0.83991054E-02
0.18400000E+01 0.10400000E+01 0.85008315E-02
0.18600000E+01 0.10400000E+01 0.85924784E-02
0.18800000E+01 0.10400000E+01 0.86729735E-02
0.19000000E+01 0.10400000E+01 0.87412522E-02
0.19200000E+01 0.10400000E+01 0.87962968E-02
0.19400000E+01 0.10400000E+01 0.88371869E-02
0.19600000E+01 0.10400000E+01 0.88631598E-02
0.19800000E+01 0.10400000E+01 0.88736822E-02
0.20000000E+01 0.10400000E+01 0.88685309E-02
0.00000000E+00 0.10600000E+01 0.37002560E-03
0.20000000E-01 0.10600000E+01 0.50787283E-03
0.39999999E-01 0.10600000E+01 0.64632469E-03
0.59999999E-01 0.10600000E+01 0.78595412E-03
0.79999998E-01 0.10600000E+01 0.92712108E-03
0.99999998E-01 0.10600000E+01 0.10699288E-02
0.12000000E+00 0.10600000E+01 0.12141840E-02
0.14000000E+00 0.10600000E+01 0.13593652E-02
0.16000000E+00 0.10600000E+01 0.15046022E-02
0.18000000E+00 0.10600000E+01 0.16486705E-02
0.20000000E+00 0.10600000E+01 0.17900057E-02
0.22000000E+00 0.10600000E+01 0.19267435E-02
0.23999999E+00 0.10600000E+01 0.20567868E-02
0.25999999E+00 0.10600000E+01 0.21779087E-02
0.27999999E+00 0.10600000E+01 0.22878909E-02
0.29999999E+00 0.10600000E+01 0.23847044E-02
0.31999999E+00 0.10600000E+01 0.24667283E-02
0.33999999E+00 0.10600000E+01 0.25330085E-02
0.35999999E+00 0.10600000E+01 0.25835444E-02
0.37999999E+00 0.10600000E+01 0.26195904E-02
0.39999999E+00 0.10600000E+01 0.26439420E-02
0.41999999E+00 0.10600000E+01 0.26611602E-02
0.43999999E+00 0.10600000E+01 0.26776538E-02
0.45999999E+00 0.10600000E+01 0.27014835E-02
0.47999999E+00 0.10600000E+01 0.27416430E-02
0.49999999E+00 0.10600000E+01 0.28063323E-02
0.51999999E+00 0.10600000E+01 0.28990929E-02
0.53999999E+00 0.10600000E+01 0.30093353E-02
0.55999999E+00 0.10600000E+01 0.30786508E-02
0.57999999E+00 0.10600000E+01 0.29134222E-02
0.59999999E+00 0.10600000E+01 0.30231580E-02
0.61999999E+00 0.10600000E+01 0.31317965E-02
0.63999999E+00 0.10600000E+01 0.32390114E-02
0.65999999E+00 0.10600000E+01 0.33446012E-02
0.67999998E+00 0.10600000E+01 0.34485273E-02
0.69999998E+00 0.10600000E+01 0.35509505E-02
0.71999998E+00 0.10600000E+01 0.36522639E-02
0.73999998E+00 0.10600000E+01 0.37531189E-02
0.75999998E+00 0.10600000E+01 0.38544407E-02
0.77999998E+00 0.10600000E+01 0.39574282E-02
0.79999998E+00 0.10600000E+01 0.40635337E-02
0.81999998E+00 0.10600000E+01 0.41744162E-02
0.83999998E+00 0.10600000E+01 0.42918624E-02
0.85999998E+00 0.10600000E+01 0.44176683E-02
0.87999998E+00 0.10600000E+01 0.45534751E-02
0.89999998E+00 0.10600000E+01 0.47005544E-02
0.91999998E+00 0.10600000E+01 0.48595378E-02
0.93999998E+00 0.10600000E+01 0.50300903E-02
0.95999998E+00 0.10600000E+01 0.52105337E-02
0.97999998E+00 0.10600000E+01 0.53974295E-02
0.99999998E+00 0.10600000E+01 0.55851521E-02
0.10200000E+01 0.10600000E+01 0.57654965E-02
0.10400000E+01 0.10600000E+01 0.59274041E-02
0.10600000E+01 0.10600000E+01 0.60569445E-02
0.10800000E+01 0.10600000E+01 0.61377882E-02
0.11000000E+01 0.10600000E+01 0.61525886E-02
0.11200000E+01 0.10600000E+01 0.60860756E-02
0.11400000E+01 0.10600000E+01 0.59316057E-02
0.11600000E+01 0.10600000E+01 0.57058420E-02
0.11800000E+01 0.10600000E+01 0.54932985E-02
0.12000000E+01 0.10600000E+01 0.56178563E-02
0.12200000E+01 0.10600000E+01 0.57422922E-02
0.12400000E+01 0.10600000E+01 0.58669093E-02
0.12600000E+01 0.10600000E+01 0.59920283E-02
0.12800000E+01 0.10600000E+01 0.61179594E-02
0.13000000E+01 0.10600000E+01 0.62449680E-02
0.13200000E+01 0.10600000E+01 0.63732355E-02
0.13400000E+01 0.10600000E+01 0.65028185E-02
0.13600000E+01 0.10600000E+01 0.66336060E-02
0.13800000E+01 0.10600000E+01 0.67652808E-02
0.14000000E+01 0.10600000E+01 0.68972875E-02
0.14200000E+01 0.10600000E+01 0.70288132E-02
0.14400000E+01 0.10600000E+01 0.71587879E-02
0.14600000E+01 0.10600000E+01 0.72859120E-02
0.14800000E+01 0.10600000E+01 0.74087192E-02
0.15000000E+01 0.10600000E+01 0.75256844E-02
0.15200000E+01 0.10600000E+01 0.76353847E-02
0.15400000E+01 0.10600000E+01 0.77367199E-02
0.15600000E+01 0.10600000E+01 0.78291952E-02
0.15800000E+01 0.10600000E+01 0.79132597E-02
0.16000000E+01 0.10600000E+01 0.79906802E-02
0.16200000E+01 0.10600000E+01 0.80649031E-02
0.16400000E+01 0.10600000E+01 0.81413145E-02
0.16600000E+01 0.10600000E+01 0.82272240E-02
0.16800000E+01 0.10600000E+01 0.83312458E-02
0.17000000E+01 0.10600000E+01 0.84614223E-02
0.17200000E+01 0.10600000E+01 0.86206336E-02
0.17400000E+01 0.10600000E+01 0.87953739E-02
0.17600000E+01 0.10600000E+01 0.89227672E-02
0.17800000E+01 0.10600000E+01 0.86784959E-02
0.18000000E+01 0.10600000E+01 0.84102779E-02
0.18200000E+01 0.10600000E+01 0.85177572E-02
0.18400000E+01 0.10600000E+01 0.86148069E-02
0.18600000E+01 0.10600000E+01 0.87002017E-02
0.18800000E+01 0.10600000E+01 0.87727243E-02
0.19000000E+01 0.10600000E+01 0.88312113E-02
0.19200000E+01 0.10600000E+01 0.88746100E-02
0.19400000E+01 0.10600000E+01 0.89020468E-02
0.19600000E+01 0.10600000E+01 0.89129070E-02
0.19800000E+01 0.10600000E+01 0.89069232E-02
0.20000000E+01 0.10600000E+01 0.88842721E-02
0.00000000E+00 0.10800000E+01 0.39428968E-03
0.20000000E-01 0.10800000E+01 0.53673246E-03
0.39999999E-01 0.10800000E+01 0.68026424E-03
0.59999999E-01 0.10800000E+01 0.82528320E-03
0.79999998E-01 0.10800000E+01 0.97192261E-03
0.99999998E-01 0.10800000E+01 0.11200106E-02
0.12000000E+00 0.10800000E+01 0.12690375E-02
0.14000000E+00 0.10800000E+01 0.14181350E-02
0.16000000E+00 0.10800000E+01 0.15660707E-02
0.18000000E+00 0.10800000E+01 0.17112630E-02
0.20000000E+00 0.10800000E+01 0.18518215E-02
0.22000000E+00 0.10800000E+01 0.19856168E-02
0.23999999E+00 0.10800000E+01 0.21103847E-02
0.25999999E+00 0.10800000E+01 0.22238695E-02
0.27999999E+00 0.10800000E+01 0.23240069E-02
0.29999999E+00 0.10800000E+01 0.24091490E-02
0.31999999E+00 0.10800000E+01 0.24783268E-02
0.33999999E+00 0.10800000E+01 0.25315426E-02
0.35999999E+00 0.10800000E+01 0.25700749E-02
0.37999999E+00 0.10800000E+01 0.25967675E-02
0.39999999E+00 0.10800000E+01 0.26162528E-02
0.41999999E+00 0.10800000E+01 0.26350283E-02
0.43999999E+00 0.10800000E+01 0.26612457E-02
0.45999999E+00 0.10800000E+01 0.27039639E-02
0.47999999E+00 0.10800000E+01 0.27713684E-02
0.49999999E+00 0.10800000E+01 0.28668013E-02
0.51999999E+00 0.10800000E+01 0.29790444E-02
0.53999999E+00 0.10800000E+01 0.30477317E-02
0.55999999E+00 0.10800000E+01 0.28738762E-02
0.57999999E+00 0.10800000E+01 0.29833339E-02
0.59999999E+00 0.10800000E+01 0.30913517E-02
0.61999999E+00 0.10800000E+01 0.31975541E-02
0.63999999E+00 0.10800000E+01 0.33016958E-02
0.65999999E+00 0.10800000E+01 0.34037023E-02
0.67999998E+00 0.10800000E+01 0.35037097E-02
0.69999998E+00 0.10800000E+01 0.36020993E-02
0.71999998E+00 0.10800000E+01 0.36995267E-02
0.73999998E+00 0.10800000E+01 0.37969386E-02
0.75999998E+00 0.10800000E+01 0.38955740E-02
0.77999998E+00 0.10800000E+01 0.39969446E-02
0.79999998E+00 0.10800000E+01 0.41027876E-02
0.81999998E+00 0.10800000E+01 0.42149850E-02
0.83999998E+00 0.10800000E+01 0.43354421E-02
0.85999998E+00 0.10800000E+01 0.44659196E-02
0.87999998E+00 0.10800000E+01 0.46078123E-02
0.89999998E+00 0.10800000E+01 0.47618717E-02
0.91999998E+00 0.10800000E+01 0.49278711E-02
0.93999998E+00 0.10800000E+01 0.51042189E-02
0.95999998E+00 0.10800000E+01 0.52875324E-02
0.97999998E+00 0.10800000E+01 0.54722020E-02
0.99999998E+00 0.10800000E+01 0.56499919E-02
0.10200000E+01 0.10800000E+01 0.58097653E-02
0.10400000E+01 0.10800000E+01 0.59374722E-02
0.10600000E+01 0.10800000E+01 0.60166443E-02
0.10800000E+01 0.10800000E+01 0.60298257E-02
0.11000000E+01 0.10800000E+01 0.59617677E-02
0.11200000E+01 0.10800000E+01 0.58062130E-02
0.11400000E+01 0.10800000E+01 0.55813275E-02
0.11600000E+01 0.10800000E+01 0.53817167E-02
0.11800000E+01 0.10800000E+01 0.55037343E-02
0.12000000E+01 0.10800000E+01 0.56261570E-02
0.12200000E+01 0.10800000E+01 0.57493825E-02
0.12400000E+01 0.10800000E+01 0.58738215E-02
0.12600000E+01 0.10800000E+01 0.59998656E-02
0.12800000E+01 0.10800000E+01 0.61278483E-02
0.13000000E+01 0.10800000E+01 0.62580032E-02
0.13200000E+01 0.10800000E+01 0.63904178E-02
0.13400000E+01 0.10800000E+01 0.65249880E-02
0.13600000E+01 0.10800000E+01 0.66613756E-02
0.13800000E+01 0.10800000E+01 0.67989744E-02
0.14000000E+01 0.10800000E+01 0.69368896E-02
0.14200000E+01 0.10800000E+01 0.70739392E-02
0.14400000E+01 0.10800000E+01 0.72086837E-02
0.14600000E+01 0.10800000E+01 0.73394944E-02
0.14800000E+01 0.10800000E+01 0.74646694E-02
0.15000000E+01 0.10800000E+01 0.75826058E-02
0.15200000E+01 0.10800000E+01 0.76920346E-02
0.15400000E+01 0.10800000E+01 0.77923209E-02
0.15600000E+01 0.10800000E+01 0.78838224E-02
0.15800000E+01 0.10800000E+01 0.79682827E-02
0.16000000E+01 0.10800000E+01 0.80492119E-02
0.16200000E+01 0.10800000E+01 0.81321558E-02
0.16400000E+01 0.10800000E+01 0.82246740E-02
0.16600000E+01 0.10800000E+01 0.83356807E-02
0.16800000E+01 0.10800000E+01 0.84734634E-02
0.17000000E+01 0.10800000E+01 0.86408527E-02
0.17200000E+01 0.10800000E+01 0.88234322E-02
0.17400000E+01 0.10800000E+01 0.89548964E-02
0.17600000E+01 0.10800000E+01 0.86938764E-02
0.17800000E+01 0.10800000E+01 0.84103895E-02
0.18000000E+01 0.10800000E+01 0.85240123E-02
0.18200000E+01 0.10800000E+01 0.86269841E-02
0.18400000E+01 0.10800000E+01 0.87179316E-02
0.18600000E+01 0.10800000E+01 0.87954886E-02
0.18800000E+01 0.10800000E+01 0.88583476E-02
0.19000000E+01 0.10800000E+01 0.89053230E-02
0.19200000E+01 0.10800000E+01 0.89354275E-02
0.19400000E+01 0.10800000E+01 0.89479592E-02
0.19600000E+01 0.10800000E+01 0.89425984E-02
0.19800000E+01 0.10800000E+01 0.89195112E-02
0.20000000E+01 0.10800000E+01 0.88794544E-02
0.00000000E+00 0.11000000E+01 0.42083679E-03
0.20000000E-01 0.11000000E+01 0.56827048E-03
0.39999999E-01 0.11000000E+01 0.71717962E-03
0.59999999E-01 0.11000000E+01 0.86772966E-03
0.79999998E-01 0.11000000E+01 0.10197710E-02
0.99999998E-01 0.11000000E+01 0.11728062E-02
0.12000000E+00 0.11000000E+01 0.13259681E-02
0.14000000E+00 0.11000000E+01 0.14780153E-02
0.16000000E+00 0.11000000E+01 0.16273471E-02
0.18000000E+00 0.11000000E+01 0.17720449E-02
0.20000000E+00 0.11000000E+01 0.19099438E-02
0.22000000E+00 0.11000000E+01 0.20387398E-02
0.23999999E+00 0.11000000E+01 0.21561353E-02
0.25999999E+00 0.11000000E+01 0.22600268E-02
0.27999999E+00 0.11000000E+01 0.23487341E-02
0.29999999E+00 0.11000000E+01 0.24212674E-02
0.31999999E+00 0.11000000E+01 0.24776245E-02
0.33999999E+00 0.11000000E+01 0.25190998E-02
0.35999999E+00 0.11000000E+01 0.25485748E-02
0.37999999E+00 0.11000000E+01 0.25707408E-02
0.39999999E+00 0.11000000E+01 0.25921687E-02
0.41999999E+00 0.11000000E+01 0.26210844E-02
0.43999999E+00 0.11000000E+01 0.26665932E-02
0.45999999E+00 0.11000000E+01 0.27368479E-02
0.47999999E+00 0.11000000E+01 0.28349787E-02
0.49999999E+00 0.11000000E+01 0.29491435E-02
0.51999999E+00 0.11000000E+01 0.30170762E-02
0.53999999E+00 0.11000000E+01 0.28346961E-02
0.55999999E+00 0.11000000E+01 0.29441147E-02
0.57999999E+00 0.11000000E+01 0.30517784E-02
0.59999999E+00 0.11000000E+01 0.31572614E-02
0.61999999E+00 0.11000000E+01 0.32602728E-02
0.63999999E+00 0.11000000E+01 0.33606996E-02
0.65999999E+00 0.11000000E+01 0.34586483E-02
0.67999998E+00 0.11000000E+01 0.35544832E-02
0.69999998E+00 0.11000000E+01 0.36488568E-02
0.71999998E+00 0.11000000E+01 0.37427288E-02
0.73999998E+00 0.11000000E+01 0.38373688E-02
0.75999998E+00 0.11000000E+01 0.39343371E-02
0.77999998E+00 0.11000000E+01 0.40354374E-02
0.79999998E+00 0.11000000E+01 0.41426349E-02
0.81999998E+00 0.11000000E+01 0.42579321E-02
0.83999998E+00 0.11000000E+01 0.43831974E-02
0.85999998E+00 0.11000000E+01 0.45199389E-02
0.87999998E+00 0.11000000E+01 0.46690203E-02
0.89999998E+00 0.11000000E+01 0.48303195E-02
0.91999998E+00 0.11000000E+01 0.50023332E-02
0.93999998E+00 0.11000000E+01 0.51817438E-02
0.95999998E+00 0.11000000E+01 0.53629751E-02
0.97999998E+00 0.11000000E+01 0.55377904E-02
0.99999998E+00 0.11000000E+01 0.56950156E-02
0.10200000E+01 0.11000000E+01 0.58205355E-02
0.10400000E+01 0.11000000E+01 0.58978086E-02
0.10600000E+01 0.11000000E+01 0.59093393E-02
0.10800000E+01 0.11000000E+01 0.58399582E-02
0.11000000E+01 0.11000000E+01 0.56838020E-02
0.11200000E+01 0.11000000E+01 0.54603855E-02
0.11400000E+01 0.11000000E+01 0.52733327E-02
0.11600000E+01 0.11000000E+01 0.53925692E-02
0.11800000E+01 0.11000000E+01 0.55126635E-02
0.12000000E+01 0.11000000E+01 0.56341048E-02
0.12200000E+01 0.11000000E+01 0.57573912E-02
0.12400000E+01 0.11000000E+01 0.58829943E-02
0.12600000E+01 0.11000000E+01 0.60113171E-02
0.12800000E+01 0.11000000E+01 0.61426476E-02
0.13000000E+01 0.11000000E+01 0.62771094E-02
0.13200000E+01 0.11000000E+01 0.64146124E-02
0.13400000E+01 0.11000000E+01 0.65548075E-02
0.13600000E+01 0.11000000E+01 0.66970504E-02
0.13800000E+01 0.11000000E+01 0.68403800E-02
0.14000000E+01 0.11000000E+01 0.69835204E-02
0.14200000E+01 0.11000000E+01 0.71249122E-02
0.14400000E+01 0.11000000E+01 0.72627866E-02
0.14600000E+01 0.11000000E+01 0.73952875E-02
0.14800000E+01 0.11000000E+01 0.75206538E-02
0.15000000E+01 0.11000000E+01 0.76374674E-02
0.15200000E+01 0.11000000E+01 0.77449683E-02
0.15400000E+01 0.11000000E+01 0.78434298E-02
0.15600000E+01 0.11000000E+01 0.79345692E-02
0.15800000E+01 0.11000000E+01 0.80219426E-02
0.16000000E+01 0.11000000E+01 0.81112214E-02
0.16200000E+01 0.11000000E+01 0.82101616E-02
0.16400000E+01 0.11000000E+01 0.83279073E-02
0.16600000E+01 0.11000000E+01 0.84729131E-02
0.16800000E+01 0.11000000E+01 0.86479002E-02
0.17000000E+01 0.11000000E+01 0.88375649E-02
0.17200000E+01 0.11000000E+01 0.89724670E-02
0.17400000E+01 0.11000000E+01 0.86958742E-02
0.17600000E+01 0.11000000E+01 0.83990072E-02
0.17800000E+01 0.11000000E+01 0.85190033E-02
0.18000000E+01 0.11000000E+01 0.86282520E-02
0.18200000E+01 0.11000000E+01 0.87252393E-02
0.18400000E+01 0.11000000E+01 0.88084556E-02
0.18600000E+01 0.11000000E+01 0.88764533E-02
0.18800000E+01 0.11000000E+01 0.89279160E-02
0.19000000E+01 0.11000000E+01 0.89617420E-02
0.19200000E+01 0.11000000E+01 0.89771390E-02
0.19400000E+01 0.11000000E+01 0.89737282E-02
0.19600000E+01 0.11000000E+01 0.89516554E-02
0.19800000E+01 0.11000000E+01 0.89117017E-02
0.20000000E+01 0.11000000E+01 0.88553873E-02
0.00000000E+00 0.11200000E+01 0.44996991E-03
0.20000000E-01 0.11200000E+01 0.60273566E-03
0.39999999E-01 0.11200000E+01 0.75721196E-03
0.59999999E-01 0.11200000E+01 0.91327273E-03
0.79999998E-01 0.11200000E+01 0.10704323E-02
0.99999998E-01 0.11200000E+01 0.12278241E-02
0.12000000E+00 0.11200000E+01 0.13841953E-02
0.14000000E+00 0.11200000E+01 0.15379234E-02
0.16000000E+00 0.11200000E+01 0.16870580E-02
0.18000000E+00 0.11200000E+01 0.18293949E-02
0.20000000E+00 0.11200000E+01 0.19625854E-02
0.22000000E+00 0.11200000E+01 0.20842851E-02
0.23999999E+00 0.11200000E+01 0.21923459E-02
0.25999999E+00 0.11200000E+01 0.22850490E-02
0.27999999E+00 0.11200000E+01 0.23613777E-02
0.29999999E+00 0.11200000E+01 0.24213178E-02
0.31999999E+00 0.11200000E+01 0.24661711E-02
0.33999999E+00 0.11200000E+01 0.24988475E-02
0.35999999E+00 0.11200000E+01 0.25240863E-02
0.37999999E+00 0.11200000E+01 0.25485198E-02
0.39999999E+00 0.11200000E+01 0.25804337E-02
0.41999999E+00 0.11200000E+01 0.26289649E-02
0.43999999E+00 0.11200000E+01 0.27022193E-02
0.45999999E+00 0.11200000E+01 0.28031062E-02
0.47999999E+00 0.11200000E+01 0.29191673E-02
0.49999999E+00 0.11200000E+01 0.29862926E-02
0.51999999E+00 0.11200000E+01 0.27955614E-02
0.53999999E+00 0.11200000E+01 0.29051697E-02
0.55999999E+00 0.11200000E+01 0.30127352E-02
0.57999999E+00 0.11200000E+01 0.31177820E-02
0.59999999E+00 0.11200000E+01 0.32199723E-02
0.61999999E+00 0.11200000E+01 0.33191520E-02
0.63999999E+00 0.11200000E+01 0.34153947E-02
0.65999999E+00 0.11200000E+01 0.35090426E-02
0.67999998E+00 0.11200000E+01 0.36007389E-02
0.69999998E+00 0.11200000E+01 0.36914488E-02
0.71999998E+00 0.11200000E+01 0.37824635E-02
0.73999998E+00 0.11200000E+01 0.38753821E-02
0.75999998E+00 0.11200000E+01 0.39720638E-02
0.77999998E+00 0.11200000E+01 0.40745450E-02
0.79999998E+00 0.11200000E+01 0.41849141E-02
0.81999998E+00 0.11200000E+01 0.43051355E-02
0.83999998E+00 0.11200000E+01 0.44368203E-02
0.85999998E+00 0.11200000E+01 0.45809368E-02
0.87999998E+00 0.11200000E+01 0.47374628E-02
0.89999998E+00 0.11200000E+01 0.49049839E-02
0.91999998E+00 0.11200000E+01 0.50802544E-02
0.93999998E+00 0.11200000E+01 0.52577478E-02
0.95999998E+00 0.11200000E+01 0.54292521E-02
0.97999998E+00 0.11200000E+01 0.55835943E-02
0.99999998E+00 0.11200000E+01 0.57066443E-02
0.10200000E+01 0.11200000E+01 0.57818481E-02
0.10400000E+01 0.11200000E+01 0.57917356E-02
0.10600000E+01 0.11200000E+01 0.57212710E-02
0.10800000E+01 0.11200000E+01 0.55649884E-02
0.11000000E+01 0.11200000E+01 0.53435960E-02
0.11200000E+01 0.11200000E+01 0.51686373E-02
0.11400000E+01 0.11200000E+01 0.52849174E-02
0.11600000E+01 0.11200000E+01 0.54024355E-02
0.11800000E+01 0.11200000E+01 0.55217673E-02
0.12000000E+01 0.11200000E+01 0.56434950E-02
0.12200000E+01 0.11200000E+01 0.57681680E-02
0.12400000E+01 0.11200000E+01 0.58962580E-02
0.12600000E+01 0.11200000E+01 0.60281086E-02
0.12800000E+01 0.11200000E+01 0.61638831E-02
0.13000000E+01 0.11200000E+01 0.63035112E-02
0.13200000E+01 0.11200000E+01 0.64466417E-02
0.13400000E+01 0.11200000E+01 0.65926035E-02
0.13600000E+01 0.11200000E+01 0.67403837E-02
0.13800000E+01 0.11200000E+01 0.68886293E-02
0.14000000E+01 0.11200000E+01 0.70356813E-02
0.14200000E+01 0.11200000E+01 0.71796517E-02
0.14400000E+01 0.11200000E+01 0.73185531E-02
0.14600000E+01 0.11200000E+01 0.74504887E-02
0.14800000E+01 0.11200000E+01 0.75739115E-02
0.15000000E+01 0.11200000E+01 0.76879523E-02
0.15200000E+01 0.11200000E+01 0.77928091E-02
0.15400000E+01 0.11200000E+01 0.78901712E-02
0.15600000E+01 0.11200000E+01 0.79836253E-02
0.15800000E+01 0.11200000E+01 0.80789361E-02
0.16000000E+01 0.11200000E+01 0.81840053E-02
0.16200000E+01 0.11200000E+01 0.83081387E-02
0.16400000E+01 0.11200000E+01 0.84598824E-02
0.16600000E+01 0.11200000E+01 0.86417908E-02
0.16800000E+01 0.11200000E+01 0.88377000E-02
0.17000000E+01 0.11200000E+01 0.89753409E-02
0.17200000E+01 0.11200000E+01 0.86843655E-02
0.17400000E+01 0.11200000E+01 0.83759620E-02
0.17600000E+01 0.11200000E+01 0.85024083E-02
0.17800000E+01 0.11200000E+01 0.86181297E-02
0.18000000E+01 0.11200000E+01 0.87214803E-02
0.18200000E+01 0.11200000E+01 0.88108152E-02
0.18400000E+01 0.11200000E+01 0.88845524E-02
0.18600000E+01 0.11200000E+01 0.89412489E-02
0.18800000E+01 0.11200000E+01 0.89796904E-02
0.19000000E+01 0.11200000E+01 0.89989929E-02
0.19200000E+01 0.11200000E+01 0.89987143E-02
0.19400000E+01 0.11200000E+01 0.89789719E-02
0.19600000E+01 0.11200000E+01 0.89405591E-02
0.19800000E+01 0.11200000E+01 0.88850529E-02
0.20000000E+01 0.11200000E+01 0.88149021E-02
0.00000000E+00 0.11400000E+01 0.48195991E-03
0.20000000E-01 0.11400000E+01 0.64030347E-03
0.39999999E-01 0.11400000E+01 0.80038464E-03
0.59999999E-01 0.11400000E+01 0.96172957E-03
0.79999998E-01 0.11400000E+01 0.11234703E-02
0.99999998E-01 0.11400000E+01 0.12843401E-02
0.12000000E+00 0.11400000E+01 0.14426904E-02
0.14000000E+00 0.11400000E+01 0.15965347E-02
0.16000000E+00 0.11400000E+01 0.17436238E-02
0.18000000E+00 0.11400000E+01 0.18815581E-02
0.20000000E+00 0.11400000E+01 0.20079402E-02
0.22000000E+00 0.11400000E+01 0.21205703E-02
0.23999999E+00 0.11400000E+01 0.22176841E-02
0.25999999E+00 0.11400000E+01 0.22982301E-02
0.27999999E+00 0.11400000E+01 0.23621748E-02
0.29999999E+00 0.11400000E+01 0.24108191E-02
0.31999999E+00 0.11400000E+01 0.24470929E-02
0.33999999E+00 0.11400000E+01 0.24757742E-02
0.35999999E+00 0.11400000E+01 0.25035463E-02
0.37999999E+00 0.11400000E+01 0.25387444E-02
0.39999999E+00 0.11400000E+01 0.25905256E-02
0.41999999E+00 0.11400000E+01 0.26669392E-02
0.43999999E+00 0.11400000E+01 0.27706693E-02
0.45999999E+00 0.11400000E+01 0.28886513E-02
0.47999999E+00 0.11400000E+01 0.29549895E-02
0.49999999E+00 0.11400000E+01 0.27561564E-02
0.51999999E+00 0.11400000E+01 0.28661740E-02
0.53999999E+00 0.11400000E+01 0.29738874E-02
0.55999999E+00 0.11400000E+01 0.30787711E-02
0.57999999E+00 0.11400000E+01 0.31804399E-02
0.59999999E+00 0.11400000E+01 0.32786966E-02
0.61999999E+00 0.11400000E+01 0.33735794E-02
0.63999999E+00 0.11400000E+01 0.34654040E-02
0.65999999E+00 0.11400000E+01 0.35547988E-02
0.67999998E+00 0.11400000E+01 0.36427279E-02
0.69999998E+00 0.11400000E+01 0.37304961E-02
0.71999998E+00 0.11400000E+01 0.38197319E-02
0.73999998E+00 0.11400000E+01 0.39123396E-02
0.75999998E+00 0.11400000E+01 0.40104164E-02
0.77999998E+00 0.11400000E+01 0.41161247E-02
0.79999998E+00 0.11400000E+01 0.42315142E-02
0.81999998E+00 0.11400000E+01 0.43582888E-02
0.83999998E+00 0.11400000E+01 0.44975131E-02
0.85999998E+00 0.11400000E+01 0.46492596E-02
0.87999998E+00 0.11400000E+01 0.48122024E-02
0.89999998E+00 0.11400000E+01 0.49831730E-02
0.91999998E+00 0.11400000E+01 0.51567084E-02
0.93999998E+00 0.11400000E+01 0.53246444E-02
0.95999998E+00 0.11400000E+01 0.54758434E-02
0.97999998E+00 0.11400000E+01 0.55962069E-02
0.99999998E+00 0.11400000E+01 0.56692245E-02
0.10200000E+01 0.11400000E+01 0.56775123E-02
0.10400000E+01 0.11400000E+01 0.56062168E-02
0.10600000E+01 0.11400000E+01 0.54502709E-02
0.10800000E+01 0.11400000E+01 0.52314193E-02
0.11000000E+01 0.11400000E+01 0.50680103E-02
0.11200000E+01 0.11400000E+01 0.51812211E-02
0.11400000E+01 0.11400000E+01 0.52959801E-02
0.11600000E+01 0.11400000E+01 0.54129442E-02
0.11800000E+01 0.11400000E+01 0.55327747E-02
0.12000000E+01 0.11400000E+01 0.56560957E-02
0.12200000E+01 0.11400000E+01 0.57834453E-02
0.12400000E+01 0.11400000E+01 0.59152233E-02
0.12600000E+01 0.11400000E+01 0.60516341E-02
0.12800000E+01 0.11400000E+01 0.61926323E-02
0.13000000E+01 0.11400000E+01 0.63378712E-02
0.13200000E+01 0.11400000E+01 0.64866635E-02
0.13400000E+01 0.11400000E+01 0.66379573E-02
0.13600000E+01 0.11400000E+01 0.67903387E-02
0.13800000E+01 0.11400000E+01 0.69420677E-02
0.14000000E+01 0.11400000E+01 0.70911583E-02
0.14200000E+01 0.11400000E+01 0.72355137E-02
0.14400000E+01 0.11400000E+01 0.73731241E-02
0.14600000E+01 0.11400000E+01 0.75023341E-02
0.14800000E+01 0.11400000E+01 0.76221824E-02
0.15000000E+01 0.11400000E+01 0.77328014E-02
0.15200000E+01 0.11400000E+01 0.78358530E-02
0.15400000E+01 0.11400000E+01 0.79349410E-02
0.15600000E+01 0.11400000E+01 0.80358935E-02
0.15800000E+01 0.11400000E+01 0.81467093E-02
0.16000000E+01 0.11400000E+01 0.82767908E-02
0.16200000E+01 0.11400000E+01 0.84347026E-02
0.16400000E+01 0.11400000E+01 0.86227776E-02
0.16600000E+01 0.11400000E+01 0.88240221E-02
0.16800000E+01 0.11400000E+01 0.89636508E-02
0.17000000E+01 0.11400000E+01 0.86594841E-02
0.17200000E+01 0.11400000E+01 0.83413274E-02
0.17400000E+01 0.11400000E+01 0.84741587E-02
0.17600000E+01 0.11400000E+01 0.85963981E-02
0.17800000E+01 0.11400000E+01 0.87062785E-02
0.18000000E+01 0.11400000E+01 0.88020291E-02
0.18200000E+01 0.11400000E+01 0.88819416E-02
0.18400000E+01 0.11400000E+01 0.89444528E-02
0.18600000E+01 0.11400000E+01 0.89882392E-02
0.18800000E+01 0.11400000E+01 0.90123261E-02
0.19000000E+01 0.11400000E+01 0.90162057E-02
0.19200000E+01 0.11400000E+01 0.89999605E-02
0.19400000E+01 0.11400000E+01 0.89643858E-02
0.19600000E+01 0.11400000E+01 0.89111008E-02
0.19800000E+01 0.11400000E+01 0.88426377E-02
0.20000000E+01 0.11400000E+01 0.87624932E-02
0.00000000E+00 0.11600000E+01 0.51701917E-03
0.20000000E-01 0.11600000E+01 0.68104512E-03
0.39999999E-01 0.11600000E+01 0.84657044E-03
0.59999999E-01 0.11600000E+01 0.10127239E-02
0.79999998E-01 0.11600000E+01 0.11782214E-02
0.99999998E-01 0.11600000E+01 0.13413834E-02
0.12000000E+00 0.11600000E+01 0.15001811E-02
0.14000000E+00 0.11600000E+01 0.16523132E-02
0.16000000E+00 0.11600000E+01 0.17953217E-02
0.18000000E+00 0.11600000E+01 0.19267479E-02
0.20000000E+00 0.11600000E+01 0.20443318E-02
0.22000000E+00 0.11600000E+01 0.21462551E-02
0.23999999E+00 0.11600000E+01 0.22314231E-02
0.25999999E+00 0.11600000E+01 0.22997743E-02
0.27999999E+00 0.11600000E+01 0.23526009E-02
0.29999999E+00 0.11600000E+01 0.23928443E-02
0.31999999E+00 0.11600000E+01 0.24253135E-02
0.33999999E+00 0.11600000E+01 0.24567353E-02
0.35999999E+00 0.11600000E+01 0.24954862E-02
0.37999999E+00 0.11600000E+01 0.25507371E-02
0.39999999E+00 0.11600000E+01 0.26304753E-02
0.41999999E+00 0.11600000E+01 0.27371595E-02
0.43999999E+00 0.11600000E+01 0.28571336E-02
0.45999999E+00 0.11600000E+01 0.29227765E-02
0.47999999E+00 0.11600000E+01 0.27161718E-02
0.49999999E+00 0.11600000E+01 0.28268095E-02
0.51999999E+00 0.11600000E+01 0.29349076E-02
0.53999999E+00 0.11600000E+01 0.30398916E-02
0.55999999E+00 0.11600000E+01 0.31413285E-02
0.57999999E+00 0.11600000E+01 0.32389774E-02
0.59999999E+00 0.11600000E+01 0.33328383E-02
0.61999999E+00 0.11600000E+01 0.34231973E-02
0.63999999E+00 0.11600000E+01 0.35106632E-02
0.65999999E+00 0.11600000E+01 0.35961928E-02
0.67999998E+00 0.11600000E+01 0.36810976E-02
0.69999998E+00 0.11600000E+01 0.37670267E-02
0.71999998E+00 0.11600000E+01 0.38559206E-02
0.73999998E+00 0.11600000E+01 0.39499266E-02
0.75999998E+00 0.11600000E+01 0.40512706E-02
0.77999998E+00 0.11600000E+01 0.41620769E-02
0.79999998E+00 0.11600000E+01 0.42841324E-02
0.81999998E+00 0.11600000E+01 0.44185895E-02
0.83999998E+00 0.11600000E+01 0.45656099E-02
0.85999998E+00 0.11600000E+01 0.47239545E-02
0.87999998E+00 0.11600000E+01 0.48905363E-02
0.89999998E+00 0.11600000E+01 0.50599669E-02
0.91999998E+00 0.11600000E+01 0.52241505E-02
0.93999998E+00 0.11600000E+01 0.53720160E-02
0.95999998E+00 0.11600000E+01 0.54895381E-02
0.97999998E+00 0.11600000E+01 0.55603019E-02
0.99999998E+00 0.11600000E+01 0.55670648E-02
0.10200000E+01 0.11600000E+01 0.54952006E-02
0.10400000E+01 0.11600000E+01 0.53400386E-02
0.10600000E+01 0.11600000E+01 0.51242033E-02
0.10800000E+01 0.11600000E+01 0.49717268E-02
0.11000000E+01 0.11600000E+01 0.50818136E-02
0.11200000E+01 0.11600000E+01 0.51936925E-02
0.11400000E+01 0.11600000E+01 0.53080953E-02
0.11600000E+01 0.11600000E+01 0.54257570E-02
0.11800000E+01 0.11600000E+01 0.55473719E-02
0.12000000E+01 0.11600000E+01 0.56735418E-02
0.12200000E+01 0.11600000E+01 0.58047209E-02
0.12400000E+01 0.11600000E+01 0.59411560E-02
0.12600000E+01 0.11600000E+01 0.60828291E-02
0.12800000E+01 0.11600000E+01 0.62294046E-02
0.13000000E+01 0.11600000E+01 0.63801870E-02
0.13200000E+01 0.11600000E+01 0.65340976E-02
0.13400000E+01 0.11600000E+01 0.66896761E-02
0.13600000E+01 0.11600000E+01 0.68451192E-02
0.13800000E+01 0.11600000E+01 0.69983631E-02
0.14000000E+01 0.11600000E+01 0.71472234E-02
0.14200000E+01 0.11600000E+01 0.72895988E-02
0.14400000E+01 0.11600000E+01 0.74237470E-02
0.14600000E+01 0.11600000E+01 0.75486314E-02
0.14800000E+01 0.11600000E+01 0.76643304E-02
0.15000000E+01 0.11600000E+01 0.77724795E-02
0.15200000E+01 0.11600000E+01 0.78766890E-02
0.15400000E+01 0.11600000E+01 0.79828224E-02
0.15600000E+01 0.11600000E+01 0.80989302E-02
0.15800000E+01 0.11600000E+01 0.82344490E-02
0.16000000E+01 0.11600000E+01 0.83978922E-02
0.16200000E+01 0.11600000E+01 0.85913192E-02
0.16400000E+01 0.11600000E+01 0.87969398E-02
0.16600000E+01 0.11600000E+01 0.89377675E-02
0.16800000E+01 0.11600000E+01 0.86215921E-02
0.17000000E+01 0.11600000E+01 0.82953940E-02
0.17200000E+01 0.11600000E+01 0.84344159E-02
0.17400000E+01 0.11600000E+01 0.85630798E-02
0.17600000E+01 0.11600000E+01 0.86795091E-02
0.17800000E+01 0.11600000E+01 0.87818179E-02
0.18000000E+01 0.11600000E+01 0.88681817E-02
0.18200000E+01 0.11600000E+01 0.89369246E-02
0.18400000E+01 0.11600000E+01 0.89866200E-02
0.18600000E+01 0.11600000E+01 0.90162053E-02
0.18800000E+01 0.11600000E+01 0.90251064E-02
0.19000000E+01 0.11600000E+01 0.90133668E-02
0.19200000E+01 0.11600000E+01 0.89817747E-02
0.19400000E+01 0.11600000E+01 0.89319780E-02
0.19600000E+01 0.11600000E+01 0.88665743E-02
0.19800000E+01 0.11600000E+01 0.87891606E-02
0.20000000E+01 0.11600000E+01 0.87043217E-02
0.00000000E+00 0.11800000E+01 0.55527105E-03
0.20000000E-01 0.11800000E+01 0.72489419E-03
0.39999999E-01 0.11800000E+01 0.89545871E-03
0.59999999E-01 0.11800000E+01 0.10656587E-02
0.79999998E-01 0.11800000E+01 0.12337781E-02
0.99999998E-01 0.11800000E+01 0.13977379E-02
0.12000000E+00 0.11800000E+01 0.15551766E-02
0.14000000E+00 0.11800000E+01 0.17035681E-02
0.16000000E+00 0.11800000E+01 0.18403822E-02
0.18000000E+00 0.11800000E+01 0.19632886E-02
0.20000000E+00 0.11800000E+01 0.20704046E-02
0.22000000E+00 0.11800000E+01 0.21605822E-02
0.23999999E+00 0.11800000E+01 0.22337228E-02
0.25999999E+00 0.11800000E+01 0.22911010E-02
0.27999999E+00 0.11800000E+01 0.23356623E-02
0.29999999E+00 0.11800000E+01 0.23722399E-02
0.31999999E+00 0.11800000E+01 0.24075981E-02
0.33999999E+00 0.11800000E+01 0.24501508E-02
0.35999999E+00 0.11800000E+01 0.25090790E-02
0.37999999E+00 0.11800000E+01 0.25923084E-02
0.39999999E+00 0.11800000E+01 0.27020770E-02
0.41999999E+00 0.11800000E+01 0.28241566E-02
0.43999999E+00 0.11800000E+01 0.28892656E-02
0.45999999E+00 0.11800000E+01 0.26753044E-02
0.47999999E+00 0.11800000E+01 0.27867658E-02
0.49999999E+00 0.11800000E+01 0.28954768E-02
0.51999999E+00 0.11800000E+01 0.30008151E-02
0.53999999E+00 0.11800000E+01 0.31023003E-02
0.55999999E+00 0.11800000E+01 0.31996469E-02
0.57999999E+00 0.11800000E+01 0.32928152E-02
0.59999999E+00 0.11800000E+01 0.33820585E-02
0.61999999E+00 0.11800000E+01 0.34679625E-02
0.63999999E+00 0.11800000E+01 0.35514714E-02
0.65999999E+00 0.11800000E+01 0.36338965E-02
0.67999998E+00 0.11800000E+01 0.37169005E-02
0.69999998E+00 0.11800000E+01 0.38024512E-02
0.71999998E+00 0.11800000E+01 0.38927366E-02
0.73999998E+00 0.11800000E+01 0.39900359E-02
0.75999998E+00 0.11800000E+01 0.40965382E-02
0.77999998E+00 0.11800000E+01 0.42141034E-02
0.79999998E+00 0.11800000E+01 0.43439638E-02
0.81999998E+00 0.11800000E+01 0.44863641E-02
0.83999998E+00 0.11800000E+01 0.46401498E-02
0.85999998E+00 0.11800000E+01 0.48023179E-02
0.87999998E+00 0.11800000E+01 0.49675642E-02
0.89999998E+00 0.11800000E+01 0.51278789E-02
0.91999998E+00 0.11800000E+01 0.52722850E-02
0.93999998E+00 0.11800000E+01 0.53868680E-02
0.95999998E+00 0.11800000E+01 0.54553549E-02
0.97999998E+00 0.11800000E+01 0.54606951E-02
0.99999998E+00 0.11800000E+01 0.53885297E-02
0.10200000E+01 0.11800000E+01 0.52345789E-02
0.10400000E+01 0.11800000E+01 0.50221922E-02
0.10600000E+01 0.11800000E+01 0.48799655E-02
0.10800000E+01 0.11800000E+01 0.49869265E-02
0.11000000E+01 0.11800000E+01 0.50958619E-02
0.11200000E+01 0.11800000E+01 0.52075713E-02
0.11400000E+01 0.11800000E+01 0.53228573E-02
0.11600000E+01 0.11800000E+01 0.54424791E-02
0.11800000E+01 0.11800000E+01 0.55670983E-02
0.12000000E+01 0.11800000E+01 0.56972210E-02
0.12200000E+01 0.11800000E+01 0.58331361E-02
0.12400000E+01 0.11800000E+01 0.59748549E-02
0.12600000E+01 0.11800000E+01 0.61220570E-02
0.12800000E+01 0.11800000E+01 0.62740465E-02
0.13000000E+01 0.11800000E+01 0.64297276E-02
0.13200000E+01 0.11800000E+01 0.65876078E-02
0.13400000E+01 0.11800000E+01 0.67458364E-02
0.13600000E+01 0.11800000E+01 0.69022908E-02
0.13800000E+01 0.11800000E+01 0.70547198E-02
0.14000000E+01 0.11800000E+01 0.72009525E-02
0.14200000E+01 0.11800000E+01 0.73391798E-02
0.14400000E+01 0.11800000E+01 0.74683078E-02
0.14600000E+01 0.11800000E+01 0.75883724E-02
0.14800000E+01 0.11800000E+01 0.77009862E-02
0.15000000E+01 0.11800000E+01 0.78097559E-02
0.15200000E+01 0.11800000E+01 0.79205556E-02
0.15400000E+01 0.11800000E+01 0.80414450E-02
0.15600000E+01 0.11800000E+01 0.81818359E-02
0.15800000E+01 0.11800000E+01 0.83501240E-02
0.16000000E+01 0.11800000E+01 0.85480466E-02
0.16200000E+01 0.11800000E+01 0.87570520E-02
0.16400000E+01 0.11800000E+01 0.88982672E-02
0.16600000E+01 0.11800000E+01 0.85712492E-02
0.16800000E+01 0.11800000E+01 0.82386423E-02
0.17000000E+01 0.11800000E+01 0.83835462E-02
0.17200000E+01 0.11800000E+01 0.85184156E-02
0.17400000E+01 0.11800000E+01 0.86412773E-02
0.17600000E+01 0.11800000E+01 0.87501426E-02
0.17800000E+01 0.11800000E+01 0.88430819E-02
0.18000000E+01 0.11800000E+01 0.89183159E-02
0.18200000E+01 0.11800000E+01 0.89743224E-02
0.18400000E+01 0.11800000E+01 0.90099559E-02
0.18600000E+01 0.11800000E+01 0.90245770E-02
0.18800000E+01 0.11800000E+01 0.90181878E-02
0.19000000E+01 0.11800000E+01 0.89915623E-02
0.19200000E+01 0.11800000E+01 0.89463652E-02
0.19400000E+01 0.11800000E+01 0.88852424E-02
0.19600000E+01 0.11800000E+01 0.88118692E-02
0.19800000E+01 0.11800000E+01 0.87309336E-02
0.20000000E+01 0.11800000E+01 0.86480328E-02
0.00000000E+00 0.12000000E+01 0.59671591E-03
0.20000000E-01 0.12000000E+01 0.77161220E-03
0.39999999E-01 0.12000000E+01 0.94652528E-03
0.59999999E-01 0.12000000E+01 0.11196955E-02
0.79999998E-01 0.12000000E+01 0.12889852E-02
0.99999998E-01 0.12000000E+01 0.14519619E-02
0.12000000E+00 0.12000000E+01 0.16060202E-02
0.14000000E+00 0.12000000E+01 0.17485462E-02
0.16000000E+00 0.12000000E+01 0.18771269E-02
0.18000000E+00 0.12000000E+01 0.19898030E-02
0.20000000E+00 0.12000000E+01 0.20853614E-02
0.22000000E+00 0.12000000E+01 0.21636557E-02
0.23999999E+00 0.12000000E+01 0.22259337E-02
0.25999999E+00 0.12000000E+01 0.22751372E-02
0.27999999E+00 0.12000000E+01 0.23161176E-02
0.29999999E+00 0.12000000E+01 0.23556733E-02
0.31999999E+00 0.12000000E+01 0.24022537E-02
0.33999999E+00 0.12000000E+01 0.24650516E-02
0.35999999E+00 0.12000000E+01 0.25519351E-02
0.37999999E+00 0.12000000E+01 0.26649329E-02
0.39999999E+00 0.12000000E+01 0.27892687E-02
0.41999999E+00 0.12000000E+01 0.28540721E-02
0.43999999E+00 0.12000000E+01 0.26332579E-02
0.45999999E+00 0.12000000E+01 0.27457400E-02
0.47999999E+00 0.12000000E+01 0.28552846E-02
0.49999999E+00 0.12000000E+01 0.29612225E-02
0.51999999E+00 0.12000000E+01 0.30630269E-02
0.53999999E+00 0.12000000E+01 0.31603671E-02
0.55999999E+00 0.12000000E+01 0.32531627E-02
0.57999999E+00 0.12000000E+01 0.33416320E-02
0.59999999E+00 0.12000000E+01 0.34263340E-02
0.61999999E+00 0.12000000E+01 0.35081958E-02
0.63999999E+00 0.12000000E+01 0.35885233E-02
0.65999999E+00 0.12000000E+01 0.36689856E-02
0.67999998E+00 0.12000000E+01 0.37515700E-02
0.69999998E+00 0.12000000E+01 0.38384967E-02
0.71999998E+00 0.12000000E+01 0.39320890E-02
0.73999998E+00 0.12000000E+01 0.40345908E-02
0.75999998E+00 0.12000000E+01 0.41479265E-02
0.77999998E+00 0.12000000E+01 0.42733995E-02
0.79999998E+00 0.12000000E+01 0.44113319E-02
0.81999998E+00 0.12000000E+01 0.45606503E-02
0.83999998E+00 0.12000000E+01 0.47184378E-02
0.85999998E+00 0.12000000E+01 0.48794812E-02
0.87999998E+00 0.12000000E+01 0.50358723E-02
0.89999998E+00 0.12000000E+01 0.51767518E-02
0.91999998E+00 0.12000000E+01 0.52883498E-02
0.93999998E+00 0.12000000E+01 0.53545772E-02
0.95999998E+00 0.12000000E+01 0.53586200E-02
0.97999998E+00 0.12000000E+01 0.52864221E-02
0.99999998E+00 0.12000000E+01 0.51340868E-02
0.10200000E+01 0.12000000E+01 0.49255353E-02
0.10400000E+01 0.12000000E+01 0.47928177E-02
0.10600000E+01 0.12000000E+01 0.48966987E-02
0.10800000E+01 0.12000000E+01 0.50026796E-02
0.11000000E+01 0.12000000E+01 0.51116206E-02
0.11200000E+01 0.12000000E+01 0.52243853E-02
0.11400000E+01 0.12000000E+01 0.53417917E-02
0.11600000E+01 0.12000000E+01 0.54645566E-02
0.11800000E+01 0.12000000E+01 0.55932347E-02
0.12000000E+01 0.12000000E+01 0.57281551E-02
0.12200000E+01 0.12000000E+01 0.58693595E-02
0.12400000E+01 0.12000000E+01 0.60165454E-02
0.12600000E+01 0.12000000E+01 0.61690226E-02
0.12800000E+01 0.12000000E+01 0.63256874E-02
0.13000000E+01 0.12000000E+01 0.64850267E-02
0.13200000E+01 0.12000000E+01 0.66451576E-02
0.13400000E+01 0.12000000E+01 0.68039167E-02
0.13600000E+01 0.12000000E+01 0.69590054E-02
0.13800000E+01 0.12000000E+01 0.71082041E-02
0.14000000E+01 0.12000000E+01 0.72496571E-02
0.14200000E+01 0.12000000E+01 0.73822306E-02
0.14400000E+01 0.12000000E+01 0.75059308E-02
0.14600000E+01 0.12000000E+01 0.76223510E-02
0.14800000E+01 0.12000000E+01 0.77350868E-02
0.15000000E+01 0.12000000E+01 0.78500004E-02
0.15200000E+01 0.12000000E+01 0.79751211E-02
0.15400000E+01 0.12000000E+01 0.81197804E-02
0.15600000E+01 0.12000000E+01 0.82921936E-02
0.15800000E+01 0.12000000E+01 0.84937308E-02
0.16000000E+01 0.12000000E+01 0.87051150E-02
0.16200000E+01 0.12000000E+01 0.88458976E-02
0.16400000E+01 0.12000000E+01 0.85091813E-02
0.16600000E+01 0.12000000E+01 0.81717143E-02
0.16800000E+01 0.12000000E+01 0.83220930E-02
0.17000000E+01 0.12000000E+01 0.84628385E-02
0.17200000E+01 0.12000000E+01 0.85918947E-02
0.17400000E+01 0.12000000E+01 0.87071829E-02
0.17600000E+01 0.12000000E+01 0.88066806E-02
0.17800000E+01 0.12000000E+01 0.88885164E-02
0.18000000E+01 0.12000000E+01 0.89510811E-02
0.18200000E+01 0.12000000E+01 0.89931523E-02
0.18400000E+01 0.12000000E+01 0.90140290E-02
0.18600000E+01 0.12000000E+01 0.90136706E-02
0.18800000E+01 0.12000000E+01 0.89928318E-02
0.19000000E+01 0.12000000E+01 0.89531836E-02
0.19200000E+01 0.12000000E+01 0.88974049E-02
0.19400000E+01 0.12000000E+01 0.88292284E-02
0.19600000E+01 0.12000000E+01 0.87534194E-02
0.19800000E+01 0.12000000E+01 0.86756639E-02
0.20000000E+01 0.12000000E+01 0.86023385E-02
0.00000000E+00 0.12200000E+01 0.64119500E-03
0.20000000E-01 0.12200000E+01 0.82075557E-03
0.39999999E-01 0.12200000E+01 0.99900812E-03
0.59999999E-01 0.12200000E+01 0.11737462E-02
0.79999998E-01 0.12200000E+01 0.13424543E-02
0.99999998E-01 0.12200000E+01 0.15024342E-02
0.12000000E+00 0.12200000E+01 0.16509739E-02
0.14000000E+00 0.12200000E+01 0.17855627E-02
0.16000000E+00 0.12200000E+01 0.19041502E-02
0.18000000E+00 0.12200000E+01 0.20054446E-02
0.20000000E+00 0.12200000E+01 0.20892394E-02
0.22000000E+00 0.12200000E+01 0.21567447E-02
0.23999999E+00 0.12200000E+01 0.22108908E-02
0.25999999E+00 0.12200000E+01 0.22565421E-02
0.27999999E+00 0.12200000E+01 0.23005290E-02
0.29999999E+00 0.12200000E+01 0.23513379E-02
0.31999999E+00 0.12200000E+01 0.24181784E-02
0.33999999E+00 0.12200000E+01 0.25088710E-02
0.35999999E+00 0.12200000E+01 0.26252518E-02
0.37999999E+00 0.12200000E+01 0.27520272E-02
0.39999999E+00 0.12200000E+01 0.28168166E-02
0.41999999E+00 0.12200000E+01 0.25897433E-02
0.43999999E+00 0.12200000E+01 0.27034378E-02
0.45999999E+00 0.12200000E+01 0.28140295E-02
0.47999999E+00 0.12200000E+01 0.29208046E-02
0.49999999E+00 0.12200000E+01 0.30231901E-02
0.51999999E+00 0.12200000E+01 0.31208107E-02
0.53999999E+00 0.12200000E+01 0.32135440E-02
0.55999999E+00 0.12200000E+01 0.33015718E-02
0.57999999E+00 0.12200000E+01 0.33854235E-02
0.59999999E+00 0.12200000E+01 0.34660055E-02
0.61999999E+00 0.12200000E+01 0.35446130E-02
0.63999999E+00 0.12200000E+01 0.36229159E-02
0.65999999E+00 0.12200000E+01 0.37029139E-02
0.67999998E+00 0.12200000E+01 0.37868514E-02
0.69999998E+00 0.12200000E+01 0.38770873E-02
0.71999998E+00 0.12200000E+01 0.39759119E-02
0.73999998E+00 0.12200000E+01 0.40853047E-02
0.75999998E+00 0.12200000E+01 0.42066330E-02
0.77999998E+00 0.12200000E+01 0.43402894E-02
0.79999998E+00 0.12200000E+01 0.44852787E-02
0.81999998E+00 0.12200000E+01 0.46387697E-02
0.83999998E+00 0.12200000E+01 0.47956467E-02
0.85999998E+00 0.12200000E+01 0.49481153E-02
0.87999998E+00 0.12200000E+01 0.50854547E-02
0.89999998E+00 0.12200000E+01 0.51940689E-02
0.91999998E+00 0.12200000E+01 0.52580894E-02
0.93999998E+00 0.12200000E+01 0.52609793E-02
0.95999998E+00 0.12200000E+01 0.51890153E-02
0.97999998E+00 0.12200000E+01 0.50386737E-02
0.99999998E+00 0.12200000E+01 0.48342970E-02
0.10200000E+01 0.12200000E+01 0.47102972E-02
0.10400000E+01 0.12200000E+01 0.48111854E-02
0.10600000E+01 0.12200000E+01 0.49142477E-02
0.10800000E+01 0.12200000E+01 0.50203975E-02
0.11000000E+01 0.12200000E+01 0.51305522E-02
0.11200000E+01 0.12200000E+01 0.52455824E-02
0.11400000E+01 0.12200000E+01 0.53662544E-02
0.11600000E+01 0.12200000E+01 0.54931673E-02
0.11800000E+01 0.12200000E+01 0.56266884E-02
0.12000000E+01 0.12200000E+01 0.57668886E-02
0.12200000E+01 0.12200000E+01 0.59134860E-02
0.12400000E+01 0.12200000E+01 0.60657999E-02
0.12600000E+01 0.12200000E+01 0.62227268E-02
0.12800000E+01 0.12200000E+01 0.63827433E-02
0.13000000E+01 0.12200000E+01 0.65439482E-02
0.13200000E+01 0.12200000E+01 0.67041533E-02
0.13400000E+01 0.12200000E+01 0.68610316E-02
0.13600000E+01 0.12200000E+01 0.70123341E-02
0.13800000E+01 0.12200000E+01 0.71561784E-02
0.14000000E+01 0.12200000E+01 0.72914082E-02
0.14200000E+01 0.12200000E+01 0.74180123E-02
0.14400000E+01 0.12200000E+01 0.75375700E-02
0.14600000E+01 0.12200000E+01 0.76536597E-02
0.14800000E+01 0.12200000E+01 0.77721116E-02
0.15000000E+01 0.12200000E+01 0.79008877E-02
0.15200000E+01 0.12200000E+01 0.80491882E-02
0.15400000E+01 0.12200000E+01 0.82249893E-02
0.15600000E+01 0.12200000E+01 0.84292515E-02
0.15800000E+01 0.12200000E+01 0.86420098E-02
0.16000000E+01 0.12200000E+01 0.87815448E-02
0.16200000E+01 0.12200000E+01 0.84362484E-02
0.16400000E+01 0.12200000E+01 0.80953838E-02
0.16600000E+01 0.12200000E+01 0.82507483E-02
0.16800000E+01 0.12200000E+01 0.83969463E-02
0.17000000E+01 0.12200000E+01 0.85318525E-02
0.17200000E+01 0.12200000E+01 0.86533124E-02
0.17400000E+01 0.12200000E+01 0.87592235E-02
0.17600000E+01 0.12200000E+01 0.88476341E-02
0.17800000E+01 0.12200000E+01 0.89168582E-02
0.18000000E+01 0.12200000E+01 0.89656043E-02
0.18200000E+01 0.12200000E+01 0.89931142E-02
0.18400000E+01 0.12200000E+01 0.89993054E-02
0.18600000E+01 0.12200000E+01 0.89849099E-02
0.18800000E+01 0.12200000E+01 0.89515963E-02
0.19000000E+01 0.12200000E+01 0.89020622E-02
0.19200000E+01 0.12200000E+01 0.88400783E-02
0.19400000E+01 0.12200000E+01 0.87704632E-02
0.19600000E+01 0.12200000E+01 0.86989629E-02
0.19800000E+01 0.12200000E+01 0.86320107E-02
0.20000000E+01 0.12200000E+01 0.85763361E-02
0.00000000E+00 0.12400000E+01 0.68835427E-03
0.20000000E-01 0.12400000E+01 0.87164706E-03
0.39999999E-01 0.12400000E+01 0.10518934E-02
0.59999999E-01 0.12400000E+01 0.12264811E-02
0.79999998E-01 0.12400000E+01 0.13926030E-02
0.99999998E-01 0.12400000E+01 0.15474325E-02
0.12000000E+00 0.12400000E+01 0.16883435E-02
0.14000000E+00 0.12400000E+01 0.18131773E-02
0.16000000E+00 0.12400000E+01 0.19205473E-02
0.18000000E+00 0.12400000E+01 0.20101721E-02
0.20000000E+00 0.12400000E+01 0.20832127E-02
0.22000000E+00 0.12400000E+01 0.21425787E-02
0.23999999E+00 0.12400000E+01 0.21931426E-02
0.25999999E+00 0.12400000E+01 0.22417661E-02
0.27999999E+00 0.12400000E+01 0.22969766E-02
0.29999999E+00 0.12400000E+01 0.23680098E-02
0.31999999E+00 0.12400000E+01 0.24626537E-02
0.33999999E+00 0.12400000E+01 0.25825747E-02
0.35999999E+00 0.12400000E+01 0.27119998E-02
0.37999999E+00 0.12400000E+01 0.27771262E-02
0.39999999E+00 0.12400000E+01 0.25444794E-02
0.41999999E+00 0.12400000E+01 0.26595729E-02
0.43999999E+00 0.12400000E+01 0.27714196E-02
0.45999999E+00 0.12400000E+01 0.28792621E-02
0.47999999E+00 0.12400000E+01 0.29824826E-02
0.49999999E+00 0.12400000E+01 0.30806611E-02
0.51999999E+00 0.12400000E+01 0.31736331E-02
0.53999999E+00 0.12400000E+01 0.32615424E-02
0.55999999E+00 0.12400000E+01 0.33448866E-02
0.57999999E+00 0.12400000E+01 0.34245482E-02
0.59999999E+00 0.12400000E+01 0.35018075E-02
0.61999999E+00 0.12400000E+01 0.35783299E-02
0.63999999E+00 0.12400000E+01 0.36561212E-02
0.65999999E+00 0.12400000E+01 0.37374432E-02
0.67999998E+00 0.12400000E+01 0.38246827E-02
0.69999998E+00 0.12400000E+01 0.39201678E-02
0.71999998E+00 0.12400000E+01 0.40259256E-02
0.73999998E+00 0.12400000E+01 0.41433792E-02
0.75999998E+00 0.12400000E+01 0.42729859E-02
0.77999998E+00 0.12400000E+01 0.44138244E-02
0.79999998E+00 0.12400000E+01 0.45631489E-02
0.81999998E+00 0.12400000E+01 0.47159451E-02
0.83999998E+00 0.12400000E+01 0.48645426E-02
0.85999998E+00 0.12400000E+01 0.49983766E-02
0.87999998E+00 0.12400000E+01 0.51040503E-02
0.89999998E+00 0.12400000E+01 0.51659481E-02
0.91999998E+00 0.12400000E+01 0.51678444E-02
0.93999998E+00 0.12400000E+01 0.50963752E-02
0.95999998E+00 0.12400000E+01 0.49483765E-02
0.97999998E+00 0.12400000E+01 0.47484662E-02
0.99999998E+00 0.12400000E+01 0.46323495E-02
0.10200000E+01 0.12400000E+01 0.47303676E-02
0.10400000E+01 0.12400000E+01 0.48305883E-02
0.10600000E+01 0.12400000E+01 0.49339708E-02
0.10800000E+01 0.12400000E+01 0.50414790E-02
0.11000000E+01 0.12400000E+01 0.51540292E-02
0.11200000E+01 0.12400000E+01 0.52724313E-02
0.11400000E+01 0.12400000E+01 0.53973242E-02
0.11600000E+01 0.12400000E+01 0.55291095E-02
0.11800000E+01 0.12400000E+01 0.56678866E-02
0.12000000E+01 0.12400000E+01 0.58133943E-02
0.12200000E+01 0.12400000E+01 0.59649654E-02
0.12400000E+01 0.12400000E+01 0.61215021E-02
0.12600000E+01 0.12400000E+01 0.62814802E-02
0.12800000E+01 0.12400000E+01 0.64429924E-02
0.13000000E+01 0.12400000E+01 0.66038405E-02
0.13200000E+01 0.12400000E+01 0.67616865E-02
0.13400000E+01 0.12400000E+01 0.69142707E-02
0.13600000E+01 0.12400000E+01 0.70597025E-02
0.13800000E+01 0.12400000E+01 0.71968201E-02
0.14000000E+01 0.12400000E+01 0.73256077E-02
0.14200000E+01 0.12400000E+01 0.74476363E-02
0.14400000E+01 0.12400000E+01 0.75664627E-02
0.14600000E+01 0.12400000E+01 0.76878669E-02
0.14800000E+01 0.12400000E+01 0.78197110E-02
0.15000000E+01 0.12400000E+01 0.79710158E-02
0.15200000E+01 0.12400000E+01 0.81494638E-02
0.15400000E+01 0.12400000E+01 0.83555675E-02
0.15600000E+01 0.12400000E+01 0.85687116E-02
0.15800000E+01 0.12400000E+01 0.87062016E-02
0.16000000E+01 0.12400000E+01 0.83534151E-02
0.16200000E+01 0.12400000E+01 0.80105283E-02
0.16400000E+01 0.12400000E+01 0.81703243E-02
0.16600000E+01 0.12400000E+01 0.83214732E-02
0.16800000E+01 0.12400000E+01 0.84617949E-02
0.17000000E+01 0.12400000E+01 0.85890729E-02
0.17200000E+01 0.12400000E+01 0.87011384E-02
0.17400000E+01 0.12400000E+01 0.87959722E-02
0.17600000E+01 0.12400000E+01 0.88718227E-02
0.17800000E+01 0.12400000E+01 0.89273382E-02
0.18000000E+01 0.12400000E+01 0.89617090E-02
0.18200000E+01 0.12400000E+01 0.89748135E-02
0.18400000E+01 0.12400000E+01 0.89673582E-02
0.18600000E+01 0.12400000E+01 0.89410026E-02
0.18800000E+01 0.12400000E+01 0.88984505E-02
0.19000000E+01 0.12400000E+01 0.88434930E-02
0.19200000E+01 0.12400000E+01 0.87809784E-02
0.19400000E+01 0.12400000E+01 0.87166859E-02
0.19600000E+01 0.12400000E+01 0.86570754E-02
0.19800000E+01 0.12400000E+01 0.86088846E-02
0.20000000E+01 0.12400000E+01 0.85785497E-02
0.00000000E+00 0.12600000E+01 0.73761100E-03
0.20000000E-01 0.12600000E+01 0.92335583E-03
0.39999999E-01 0.12600000E+01 0.11039171E-02
0.59999999E-01 0.12600000E+01 0.12763610E-02
0.79999998E-01 0.12600000E+01 0.14377261E-02
0.99999998E-01 0.12600000E+01 0.15852511E-02
0.12000000E+00 0.12600000E+01 0.17166487E-02
0.14000000E+00 0.12600000E+01 0.18304183E-02
0.16000000E+00 0.12600000E+01 0.19261867E-02
0.18000000E+00 0.12600000E+01 0.20050516E-02
0.20000000E+00 0.12600000E+01 0.20698924E-02
0.22000000E+00 0.12600000E+01 0.21255843E-02
0.23999999E+00 0.12600000E+01 0.21790205E-02
0.25999999E+00 0.12600000E+01 0.22387761E-02
0.27999999E+00 0.12600000E+01 0.23141259E-02
0.29999999E+00 0.12600000E+01 0.24128459E-02
0.31999999E+00 0.12600000E+01 0.25364622E-02
0.33999999E+00 0.12600000E+01 0.26687681E-02
0.35999999E+00 0.12600000E+01 0.27346365E-02
0.37999999E+00 0.12600000E+01 0.24971933E-02
0.39999999E+00 0.12600000E+01 0.26138684E-02
0.41999999E+00 0.12600000E+01 0.27271724E-02
0.43999999E+00 0.12600000E+01 0.28363059E-02
0.45999999E+00 0.12600000E+01 0.29406075E-02
0.47999999E+00 0.12600000E+01 0.30396130E-02
0.49999999E+00 0.12600000E+01 0.31331154E-02
0.51999999E+00 0.12600000E+01 0.32212198E-02
0.53999999E+00 0.12600000E+01 0.33043899E-02
0.55999999E+00 0.12600000E+01 0.33834817E-02
0.57999999E+00 0.12600000E+01 0.34597571E-02
0.59999999E+00 0.12600000E+01 0.35348726E-02
0.61999999E+00 0.12600000E+01 0.36108346E-02
0.63999999E+00 0.12600000E+01 0.36899159E-02
0.65999999E+00 0.12600000E+01 0.37745244E-02
0.67999998E+00 0.12600000E+01 0.38670186E-02
0.69999998E+00 0.12600000E+01 0.39694656E-02
0.71999998E+00 0.12600000E+01 0.40833373E-02
0.73999998E+00 0.12600000E+01 0.42091496E-02
0.75999998E+00 0.12600000E+01 0.43460505E-02
0.77999998E+00 0.12600000E+01 0.44913784E-02
0.79999998E+00 0.12600000E+01 0.46402231E-02
0.81999998E+00 0.12600000E+01 0.47850459E-02
0.83999998E+00 0.12600000E+01 0.49154525E-02
0.85999998E+00 0.12600000E+01 0.50182665E-02
0.87999998E+00 0.12600000E+01 0.50781524E-02
0.89999998E+00 0.12600000E+01 0.50792262E-02
0.91999998E+00 0.12600000E+01 0.50085040E-02
0.93999998E+00 0.12600000E+01 0.48631666E-02
0.95999998E+00 0.12600000E+01 0.46679659E-02
0.97999998E+00 0.12600000E+01 0.45588621E-02
0.99999998E+00 0.12600000E+01 0.46541620E-02
0.10200000E+01 0.12600000E+01 0.47516533E-02
0.10400000E+01 0.12600000E+01 0.48523334E-02
0.10600000E+01 0.12600000E+01 0.49572052E-02
0.10800000E+01 0.12600000E+01 0.50672239E-02
0.11000000E+01 0.12600000E+01 0.51832365E-02
0.11200000E+01 0.12600000E+01 0.53059164E-02
0.11400000E+01 0.12600000E+01 0.54356958E-02
0.11600000E+01 0.12600000E+01 0.55726999E-02
0.11800000E+01 0.12600000E+01 0.57166880E-02
0.12000000E+01 0.12600000E+01 0.58670087E-02
0.12200000E+01 0.12600000E+01 0.60225748E-02
0.12400000E+01 0.12600000E+01 0.61818690E-02
0.12600000E+01 0.12600000E+01 0.63429885E-02
0.12800000E+01 0.12600000E+01 0.65037387E-02
0.13000000E+01 0.12600000E+01 0.66617862E-02
0.13200000E+01 0.12600000E+01 0.68148783E-02
0.13400000E+01 0.12600000E+01 0.69611338E-02
0.13600000E+01 0.12600000E+01 0.70994017E-02
0.13800000E+01 0.12600000E+01 0.72296745E-02
0.14000000E+01 0.12600000E+01 0.73535211E-02
0.14200000E+01 0.12600000E+01 0.74744734E-02
0.14400000E+01 0.12600000E+01 0.75982459E-02
0.14600000E+01 0.12600000E+01 0.77325706E-02
0.14800000E+01 0.12600000E+01 0.78862453E-02
0.15000000E+01 0.12600000E+01 0.80666087E-02
0.15200000E+01 0.12600000E+01 0.82736900E-02
0.15400000E+01 0.12600000E+01 0.84862611E-02
0.15600000E+01 0.12600000E+01 0.86209378E-02
0.15800000E+01 0.12600000E+01 0.82617205E-02
0.16000000E+01 0.12600000E+01 0.79181009E-02
0.16200000E+01 0.12600000E+01 0.80817251E-02
0.16400000E+01 0.12600000E+01 0.82372621E-02
0.16600000E+01 0.12600000E+01 0.83824907E-02
0.16800000E+01 0.12600000E+01 0.85151467E-02
0.17000000E+01 0.12600000E+01 0.86330092E-02
0.17200000E+01 0.12600000E+01 0.87340047E-02
0.17400000E+01 0.12600000E+01 0.88163277E-02
0.17600000E+01 0.12600000E+01 0.88785763E-02
0.17800000E+01 0.12600000E+01 0.89198965E-02
0.18000000E+01 0.12600000E+01 0.89401306E-02
0.18200000E+01 0.12600000E+01 0.89399598E-02
0.18400000E+01 0.12600000E+01 0.89210283E-02
0.18600000E+01 0.12600000E+01 0.88860356E-02
0.18800000E+01 0.12600000E+01 0.88387767E-02
0.19000000E+01 0.12600000E+01 0.87841083E-02
0.19200000E+01 0.12600000E+01 0.87278168E-02
0.19400000E+01 0.12600000E+01 0.86763599E-02
0.19600000E+01 0.12600000E+01 0.86364547E-02
0.19800000E+01 0.12600000E+01 0.86144865E-02
0.20000000E+01 0.12600000E+01 0.86157224E-02
0.00000000E+00 0.12800000E+01 0.78812748E-03
0.20000000E-01 0.12800000E+01 0.97469149E-03
0.39999999E-01 0.12800000E+01 0.11535884E-02
0.59999999E-01 0.12800000E+01 0.13216996E-02
0.79999998E-01 0.12800000E+01 0.14761048E-02
0.99999998E-01 0.12800000E+01 0.16143644E-02
0.12000000E+00 0.12800000E+01 0.17348418E-02
0.14000000E+00 0.12800000E+01 0.18370519E-02
0.16000000E+00 0.12800000E+01 0.19220129E-02
0.18000000E+00 0.12800000E+01 0.19925618E-02
0.20000000E+00 0.12800000E+01 0.20535712E-02
0.22000000E+00 0.12800000E+01 0.21119667E-02
0.23999999E+00 0.12800000E+01 0.21763795E-02
0.25999999E+00 0.12800000E+01 0.22561404E-02
0.27999999E+00 0.12800000E+01 0.23590391E-02
0.29999999E+00 0.12800000E+01 0.24864979E-02
0.31999999E+00 0.12800000E+01 0.26219299E-02
0.33999999E+00 0.12800000E+01 0.26889940E-02
0.35999999E+00 0.12800000E+01 0.24476213E-02
0.37999999E+00 0.12800000E+01 0.25660567E-02
0.39999999E+00 0.12800000E+01 0.26810152E-02
0.41999999E+00 0.12800000E+01 0.27916574E-02
0.43999999E+00 0.12800000E+01 0.28972790E-02
0.45999999E+00 0.12800000E+01 0.29973723E-02
0.47999999E+00 0.12800000E+01 0.30916879E-02
0.49999999E+00 0.12800000E+01 0.31802912E-02
0.51999999E+00 0.12800000E+01 0.32636111E-02
0.53999999E+00 0.12800000E+01 0.33424744E-02
0.55999999E+00 0.12800000E+01 0.34181220E-02
0.57999999E+00 0.12800000E+01 0.34921971E-02
0.59999999E+00 0.12800000E+01 0.35667026E-02
0.61999999E+00 0.12800000E+01 0.36439166E-02
0.63999999E+00 0.12800000E+01 0.37262619E-02
0.65999999E+00 0.12800000E+01 0.38161210E-02
0.67999998E+00 0.12800000E+01 0.39155939E-02
0.69999998E+00 0.12800000E+01 0.40261948E-02
0.71999998E+00 0.12800000E+01 0.41484919E-02
0.73999998E+00 0.12800000E+01 0.42816984E-02
0.75999998E+00 0.12800000E+01 0.44232346E-02
0.77999998E+00 0.12800000E+01 0.45682954E-02
0.79999998E+00 0.12800000E+01 0.47094800E-02
0.81999998E+00 0.12800000E+01 0.48365757E-02
0.83999998E+00 0.12800000E+01 0.49366438E-02
0.85999998E+00 0.12800000E+01 0.49946520E-02
0.87999998E+00 0.12800000E+01 0.49950825E-02
0.89999998E+00 0.12800000E+01 0.49253486E-02
0.91999998E+00 0.12800000E+01 0.47829585E-02
0.93999998E+00 0.12800000E+01 0.45926622E-02
0.95999998E+00 0.12800000E+01 0.44896733E-02
0.97999998E+00 0.12800000E+01 0.45824307E-02
0.99999998E+00 0.12800000E+01 0.46773340E-02
0.10200000E+01 0.12800000E+01 0.47754116E-02
0.10400000E+01 0.12800000E+01 0.48776983E-02
0.10600000E+01 0.12800000E+01 0.49851809E-02
0.10800000E+01 0.12800000E+01 0.50987372E-02
0.11000000E+01 0.12800000E+01 0.52190692E-02
0.11200000E+01 0.12800000E+01 0.53466350E-02
0.11400000E+01 0.12800000E+01 0.54815827E-02
0.11600000E+01 0.12800000E+01 0.56236912E-02
0.11800000E+01 0.12800000E+01 0.57723256E-02
0.12000000E+01 0.12800000E+01 0.59264130E-02
0.12200000E+01 0.12800000E+01 0.60844497E-02
0.12400000E+01 0.12800000E+01 0.62445463E-02
0.12600000E+01 0.12800000E+01 0.64045240E-02
0.12800000E+01 0.12800000E+01 0.65620685E-02
0.13000000E+01 0.12800000E+01 0.67149498E-02
0.13200000E+01 0.12800000E+01 0.68613129E-02
0.13400000E+01 0.12800000E+01 0.70000332E-02
0.13600000E+01 0.12800000E+01 0.71311241E-02
0.13800000E+01 0.12800000E+01 0.72561588E-02
0.14000000E+01 0.12800000E+01 0.73786428E-02
0.14200000E+01 0.12800000E+01 0.75042117E-02
0.14400000E+01 0.12800000E+01 0.76404403E-02
0.14600000E+01 0.12800000E+01 0.77958640E-02
0.14800000E+01 0.12800000E+01 0.79774317E-02
0.15000000E+01 0.12800000E+01 0.81846574E-02
0.15200000E+01 0.12800000E+01 0.83957379E-02
0.15400000E+01 0.12800000E+01 0.85268724E-02
0.15600000E+01 0.12800000E+01 0.81622519E-02
0.15800000E+01 0.12800000E+01 0.78191046E-02
0.16000000E+01 0.12800000E+01 0.79859205E-02
0.16200000E+01 0.12800000E+01 0.81452372E-02
0.16400000E+01 0.12800000E+01 0.82948063E-02
0.16600000E+01 0.12800000E+01 0.84323301E-02
0.16800000E+01 0.12800000E+01 0.85555495E-02
0.17000000E+01 0.12800000E+01 0.86623502E-02
0.17200000E+01 0.12800000E+01 0.87508854E-02
0.17400000E+01 0.12800000E+01 0.88197134E-02
0.17600000E+01 0.12800000E+01 0.88679440E-02
0.17800000E+01 0.12800000E+01 0.88953883E-02
0.18000000E+01 0.12800000E+01 0.89027023E-02
0.18200000E+01 0.12800000E+01 0.88915114E-02
0.18400000E+01 0.12800000E+01 0.88645013E-02
0.18600000E+01 0.12800000E+01 0.88254561E-02
0.18800000E+01 0.12800000E+01 0.87792210E-02
0.19000000E+01 0.12800000E+01 0.87315653E-02
0.19200000E+01 0.12800000E+01 0.86889173E-02
0.19400000E+01 0.12800000E+01 0.86579455E-02
0.19600000E+01 0.12800000E+01 0.86449597E-02
0.19800000E+01 0.12800000E+01 0.86551177E-02
0.20000000E+01 0.12800000E+01 0.86914352E-02
0.00000000E+00 0.13000000E+01 0.83879675E-03
0.20000000E-01 0.13000000E+01 0.10242189E-02
0.39999999E-01 0.13000000E+01 0.11992437E-02
0.59999999E-01 0.13000000E+01 0.13607649E-02
0.79999998E-01 0.13000000E+01 0.15061634E-02
0.99999998E-01 0.13000000E+01 0.16336403E-02
0.12000000E+00 0.13000000E+01 0.17425752E-02
0.14000000E+00 0.13000000E+01 0.18338873E-02
0.16000000E+00 0.13000000E+01 0.19103577E-02
0.18000000E+00 0.13000000E+01 0.19768490E-02
0.20000000E+00 0.13000000E+01 0.20403205E-02
0.22000000E+00 0.13000000E+01 0.21094698E-02
0.23999999E+00 0.13000000E+01 0.21937038E-02
0.25999999E+00 0.13000000E+01 0.23008572E-02
0.27999999E+00 0.13000000E+01 0.24322919E-02
0.29999999E+00 0.13000000E+01 0.25711027E-02
0.31999999E+00 0.13000000E+01 0.26398578E-02
0.33999999E+00 0.13000000E+01 0.23955096E-02
0.35999999E+00 0.13000000E+01 0.25158800E-02
0.37999999E+00 0.13000000E+01 0.26326857E-02
0.39999999E+00 0.13000000E+01 0.27450485E-02
0.41999999E+00 0.13000000E+01 0.28522222E-02
0.43999999E+00 0.13000000E+01 0.29536565E-02
0.45999999E+00 0.13000000E+01 0.30490594E-02
0.47999999E+00 0.13000000E+01 0.31384561E-02
0.49999999E+00 0.13000000E+01 0.32222395E-02
0.51999999E+00 0.13000000E+01 0.33012060E-02
0.53999999E+00 0.13000000E+01 0.33765723E-02
0.55999999E+00 0.13000000E+01 0.34499657E-02
0.57999999E+00 0.13000000E+01 0.35233811E-02
0.59999999E+00 0.13000000E+01 0.35990977E-02
0.61999999E+00 0.13000000E+01 0.36795475E-02
0.63999999E+00 0.13000000E+01 0.37671313E-02
0.65999999E+00 0.13000000E+01 0.38639757E-02
0.67999998E+00 0.13000000E+01 0.39716310E-02
0.69999998E+00 0.13000000E+01 0.40907120E-02
0.71999998E+00 0.13000000E+01 0.42204925E-02
0.73999998E+00 0.13000000E+01 0.43584719E-02
0.75999998E+00 0.13000000E+01 0.44999503E-02
0.77999998E+00 0.13000000E+01 0.46376684E-02
0.79999998E+00 0.13000000E+01 0.47616036E-02
0.81999998E+00 0.13000000E+01 0.48590689E-02
0.83999998E+00 0.13000000E+01 0.49153533E-02
0.85999998E+00 0.13000000E+01 0.49153252E-02
0.87999998E+00 0.13000000E+01 0.48468077E-02
0.89999998E+00 0.13000000E+01 0.47076178E-02
0.91999998E+00 0.13000000E+01 0.45223732E-02
0.93999998E+00 0.13000000E+01 0.44245814E-02
0.95999998E+00 0.13000000E+01 0.45149899E-02
0.97999998E+00 0.13000000E+01 0.46074704E-02
0.99999998E+00 0.13000000E+01 0.47030750E-02
0.10200000E+01 0.13000000E+01 0.48028633E-02
0.10400000E+01 0.13000000E+01 0.49078467E-02
0.10600000E+01 0.13000000E+01 0.50189272E-02
0.10800000E+01 0.13000000E+01 0.51368294E-02
0.11000000E+01 0.13000000E+01 0.52620325E-02
0.11200000E+01 0.13000000E+01 0.53947037E-02
0.11400000E+01 0.13000000E+01 0.55346396E-02
0.11600000E+01 0.13000000E+01 0.56812218E-02
0.11800000E+01 0.13000000E+01 0.58333946E-02
0.12000000E+01 0.13000000E+01 0.59896723E-02
0.12200000E+01 0.13000000E+01 0.61481875E-02
0.12400000E+01 0.13000000E+01 0.63067873E-02
0.12600000E+01 0.13000000E+01 0.64631891E-02
0.12800000E+01 0.13000000E+01 0.66152009E-02
0.13000000E+01 0.13000000E+01 0.67610090E-02
0.13200000E+01 0.13000000E+01 0.68995302E-02
0.13400000E+01 0.13000000E+01 0.70308103E-02
0.13600000E+01 0.13000000E+01 0.71564347E-02
0.13800000E+01 0.13000000E+01 0.72798812E-02
0.14000000E+01 0.13000000E+01 0.74066951E-02
0.14200000E+01 0.13000000E+01 0.75442708E-02
0.14400000E+01 0.13000000E+01 0.77008453E-02
0.14600000E+01 0.13000000E+01 0.78829361E-02
0.14800000E+01 0.13000000E+01 0.80895141E-02
0.15000000E+01 0.13000000E+01 0.82982375E-02
0.15200000E+01 0.13000000E+01 0.84251483E-02
0.15400000E+01 0.13000000E+01 0.80561193E-02
0.15600000E+01 0.13000000E+01 0.77145675E-02
0.15800000E+01 0.13000000E+01 0.78839203E-02
0.16000000E+01 0.13000000E+01 0.80463784E-02
0.16200000E+01 0.13000000E+01 0.81996797E-02
0.16400000E+01 0.13000000E+01 0.83415066E-02
0.16600000E+01 0.13000000E+01 0.84695760E-02
0.16800000E+01 0.13000000E+01 0.85817462E-02
0.17000000E+01 0.13000000E+01 0.86761419E-02
0.17200000E+01 0.13000000E+01 0.87512926E-02
0.17400000E+01 0.13000000E+01 0.88062807E-02
0.17600000E+01 0.13000000E+01 0.88408919E-02
0.17800000E+01 0.13000000E+01 0.88557586E-02
0.18000000E+01 0.13000000E+01 0.88524847E-02
0.18200000E+01 0.13000000E+01 0.88337343E-02
0.18400000E+01 0.13000000E+01 0.88032675E-02
0.18600000E+01 0.13000000E+01 0.87658999E-02
0.18800000E+01 0.13000000E+01 0.87273606E-02
0.19000000E+01 0.13000000E+01 0.86940229E-02
0.19200000E+01 0.13000000E+01 0.86724801E-02
0.19400000E+01 0.13000000E+01 0.86689430E-02
0.19600000E+01 0.13000000E+01 0.86884437E-02
0.19800000E+01 0.13000000E+01 0.87338463E-02
0.20000000E+01 0.13000000E+01 0.88046956E-02
0.00000000E+00 0.13200000E+01 0.88824759E-03
0.20000000E-01 0.13200000E+01 0.10703016E-02
0.39999999E-01 0.13200000E+01 0.12391379E-02
0.59999999E-01 0.13200000E+01 0.13919269E-02
0.79999998E-01 0.13200000E+01 0.15266768E-02
0.99999998E-01 0.13200000E+01 0.16426046E-02
0.12000000E+00 0.13200000E+01 0.17405075E-02
0.14000000E+00 0.13200000E+01 0.18230937E-02
0.16000000E+00 0.13200000E+01 0.18952072E-02
0.18000000E+00 0.13200000E+01 0.19638418E-02
0.20000000E+00 0.13200000E+01 0.20377730E-02
0.22000000E+00 0.13200000E+01 0.21265074E-02
0.23999999E+00 0.13200000E+01 0.22379603E-02
0.25999999E+00 0.13200000E+01 0.23734841E-02
0.27999999E+00 0.13200000E+01 0.25159270E-02
0.29999999E+00 0.13200000E+01 0.25869030E-02
0.31999999E+00 0.13200000E+01 0.23406153E-02
0.33999999E+00 0.13200000E+01 0.24630915E-02
0.35999999E+00 0.13200000E+01 0.25819324E-02
0.37999999E+00 0.13200000E+01 0.26962220E-02
0.39999999E+00 0.13200000E+01 0.28051737E-02
0.41999999E+00 0.13200000E+01 0.29081944E-02
0.43999999E+00 0.13200000E+01 0.30049501E-02
0.45999999E+00 0.13200000E+01 0.30954255E-02
0.47999999E+00 0.13200000E+01 0.31799765E-02
0.49999999E+00 0.13200000E+01 0.32593675E-02
0.51999999E+00 0.13200000E+01 0.33347892E-02
0.53999999E+00 0.13200000E+01 0.34078504E-02
0.55999999E+00 0.13200000E+01 0.34805347E-02
0.57999999E+00 0.13200000E+01 0.35551181E-02
0.59999999E+00 0.13200000E+01 0.36340377E-02
0.61999999E+00 0.13200000E+01 0.37197071E-02
0.63999999E+00 0.13200000E+01 0.38142742E-02
0.65999999E+00 0.13200000E+01 0.39193197E-02
0.67999998E+00 0.13200000E+01 0.40354998E-02
0.69999998E+00 0.13200000E+01 0.41621439E-02
0.71999998E+00 0.13200000E+01 0.42968272E-02
0.73999998E+00 0.13200000E+01 0.44349539E-02
0.75999998E+00 0.13200000E+01 0.45694082E-02
0.77999998E+00 0.13200000E+01 0.46903634E-02
0.79999998E+00 0.13200000E+01 0.47853942E-02
0.81999998E+00 0.13200000E+01 0.48401253E-02
0.83999998E+00 0.13200000E+01 0.48398263E-02
0.85999998E+00 0.13200000E+01 0.47727388E-02
0.87999998E+00 0.13200000E+01 0.46369681E-02
0.89999998E+00 0.13200000E+01 0.44568767E-02
0.91999998E+00 0.13200000E+01 0.43633525E-02
0.93999998E+00 0.13200000E+01 0.44516190E-02
0.95999998E+00 0.13200000E+01 0.45418602E-02
0.97999998E+00 0.13200000E+01 0.46351453E-02
0.99999998E+00 0.13200000E+01 0.47325517E-02
0.10200000E+01 0.13200000E+01 0.48351089E-02
0.10400000E+01 0.13200000E+01 0.49437362E-02
0.10600000E+01 0.13200000E+01 0.50591749E-02
0.10800000E+01 0.13200000E+01 0.51819199E-02
0.11000000E+01 0.13200000E+01 0.53121535E-02
0.11200000E+01 0.13200000E+01 0.54496874E-02
0.11400000E+01 0.13200000E+01 0.55939191E-02
0.11600000E+01 0.13200000E+01 0.57438112E-02
0.11800000E+01 0.13200000E+01 0.58979003E-02
0.12000000E+01 0.13200000E+01 0.60543469E-02
0.12200000E+01 0.13200000E+01 0.62110336E-02
0.12400000E+01 0.13200000E+01 0.63657210E-02
0.12600000E+01 0.13200000E+01 0.65162677E-02
0.12800000E+01 0.13200000E+01 0.66609159E-02
0.13000000E+01 0.13200000E+01 0.67986374E-02
0.13200000E+01 0.13200000E+01 0.69295226E-02
0.13400000E+01 0.13200000E+01 0.70551756E-02
0.13600000E+01 0.13200000E+01 0.71790470E-02
0.13800000E+01 0.13200000E+01 0.73065828E-02
0.14000000E+01 0.13200000E+01 0.74449758E-02
0.14200000E+01 0.13200000E+01 0.76021332E-02
0.14400000E+01 0.13200000E+01 0.77841040E-02
0.14600000E+01 0.13200000E+01 0.79892912E-02
0.14800000E+01 0.13200000E+01 0.81948499E-02
0.15000000E+01 0.13200000E+01 0.83169101E-02
0.15200000E+01 0.13200000E+01 0.79444335E-02
0.15400000E+01 0.13200000E+01 0.76055218E-02
0.15600000E+01 0.13200000E+01 0.77767517E-02
0.15800000E+01 0.13200000E+01 0.79416973E-02
0.16000000E+01 0.13200000E+01 0.80980953E-02
0.16200000E+01 0.13200000E+01 0.82436217E-02
0.16400000E+01 0.13200000E+01 0.83759828E-02
0.16600000E+01 0.13200000E+01 0.84930231E-02
0.16800000E+01 0.13200000E+01 0.85928516E-02
0.17000000E+01 0.13200000E+01 0.86739803E-02
0.17200000E+01 0.13200000E+01 0.87354735E-02
0.17400000E+01 0.13200000E+01 0.87770977E-02
0.17600000E+01 0.13200000E+01 0.87994649E-02
0.17800000E+01 0.13200000E+01 0.88041557E-02
0.18000000E+01 0.13200000E+01 0.87938063E-02
0.18200000E+01 0.13200000E+01 0.87721414E-02
0.18400000E+01 0.13200000E+01 0.87439300E-02
0.18600000E+01 0.13200000E+01 0.87148402E-02
0.18800000E+01 0.13200000E+01 0.86911658E-02
0.19000000E+01 0.13200000E+01 0.86794002E-02
0.19200000E+01 0.13200000E+01 0.86856324E-02
0.19400000E+01 0.13200000E+01 0.87147533E-02
0.19600000E+01 0.13200000E+01 0.87694726E-02
0.19800000E+01 0.13200000E+01 0.88491775E-02
0.20000000E+01 0.13200000E+01 0.89487138E-02
0.00000000E+00 0.13400000E+01 0.93487668E-03
0.20000000E-01 0.13400000E+01 0.11111828E-02
0.39999999E-01 0.13400000E+01 0.12715834E-02
0.59999999E-01 0.13400000E+01 0.14138592E-02
0.79999998E-01 0.13400000E+01 0.15370323E-02
0.99999998E-01 0.13400000E+01 0.16417505E-02
0.12000000E+00 0.13400000E+01 0.17306291E-02
0.14000000E+00 0.13400000E+01 0.18084823E-02
0.16000000E+00 0.13400000E+01 0.18823379E-02
0.18000000E+00 0.13400000E+01 0.19610618E-02
0.20000000E+00 0.13400000E+01 0.20542862E-02
0.22000000E+00 0.13400000E+01 0.21700485E-02
0.23999999E+00 0.13400000E+01 0.23097487E-02
0.25999999E+00 0.13400000E+01 0.24560699E-02
0.27999999E+00 0.13400000E+01 0.25298227E-02
0.29999999E+00 0.13400000E+01 0.22827074E-02
0.31999999E+00 0.13400000E+01 0.24074559E-02
0.33999999E+00 0.13400000E+01 0.25285150E-02
0.35999999E+00 0.13400000E+01 0.26449325E-02
0.37999999E+00 0.13400000E+01 0.27558813E-02
0.39999999E+00 0.13400000E+01 0.28607268E-02
0.41999999E+00 0.13400000E+01 0.29590925E-02
0.43999999E+00 0.13400000E+01 0.30509226E-02
0.45999999E+00 0.13400000E+01 0.31365352E-02
0.47999999E+00 0.13400000E+01 0.32166616E-02
0.49999999E+00 0.13400000E+01 0.32924652E-02
0.51999999E+00 0.13400000E+01 0.33655335E-02
0.53999999E+00 0.13400000E+01 0.34378367E-02
0.55999999E+00 0.13400000E+01 0.35116443E-02
0.57999999E+00 0.13400000E+01 0.35893943E-02
0.59999999E+00 0.13400000E+01 0.36735091E-02
0.61999999E+00 0.13400000E+01 0.37661530E-02
0.63999999E+00 0.13400000E+01 0.38689320E-02
0.65999999E+00 0.13400000E+01 0.39825384E-02
0.67999998E+00 0.13400000E+01 0.41063529E-02
0.69999998E+00 0.13400000E+01 0.42380226E-02
0.71999998E+00 0.13400000E+01 0.43730537E-02
0.73999998E+00 0.13400000E+01 0.45044740E-02
0.75999998E+00 0.13400000E+01 0.46226560E-02
0.77999998E+00 0.13400000E+01 0.47154428E-02
0.79999998E+00 0.13400000E+01 0.47688049E-02
0.81999998E+00 0.13400000E+01 0.47684238E-02
0.83999998E+00 0.13400000E+01 0.47029641E-02
0.85999998E+00 0.13400000E+01 0.45707982E-02
0.87999998E+00 0.13400000E+01 0.43959172E-02
0.89999998E+00 0.13400000E+01 0.43057284E-02
0.91999998E+00 0.13400000E+01 0.43920682E-02
0.93999998E+00 0.13400000E+01 0.44802670E-02
0.95999998E+00 0.13400000E+01 0.45714049E-02
0.97999998E+00 0.13400000E+01 0.46665706E-02
0.99999998E+00 0.13400000E+01 0.47668051E-02
0.10200000E+01 0.13400000E+01 0.48730385E-02
0.10400000E+01 0.13400000E+01 0.49860228E-02
0.10600000E+01 0.13400000E+01 0.51062632E-02
0.10800000E+01 0.13400000E+01 0.52339527E-02
0.11000000E+01 0.13400000E+01 0.53689147E-02
0.11200000E+01 0.13400000E+01 0.55105615E-02
0.11400000E+01 0.13400000E+01 0.56578742E-02
0.11600000E+01 0.13400000E+01 0.58094146E-02
0.11800000E+01 0.13400000E+01 0.59633764E-02
0.12000000E+01 0.13400000E+01 0.61176850E-02
0.12200000E+01 0.13400000E+01 0.62701542E-02
0.12400000E+01 0.13400000E+01 0.64187054E-02
0.12600000E+01 0.13400000E+01 0.65616493E-02
0.12800000E+01 0.13400000E+01 0.66980255E-02
0.13000000E+01 0.13400000E+01 0.68279798E-02
0.13200000E+01 0.13400000E+01 0.69531427E-02
0.13400000E+01 0.13400000E+01 0.70769387E-02
0.13600000E+01 0.13400000E+01 0.72047067E-02
0.13800000E+01 0.13400000E+01 0.73434206E-02
0.14000000E+01 0.13400000E+01 0.75006296E-02
0.14200000E+01 0.13400000E+01 0.76818816E-02
0.14400000E+01 0.13400000E+01 0.78849901E-02
0.14600000E+01 0.13400000E+01 0.80866422E-02
0.14800000E+01 0.13400000E+01 0.82032848E-02
0.15000000E+01 0.13400000E+01 0.78282868E-02
0.15200000E+01 0.13400000E+01 0.74929839E-02
0.15400000E+01 0.13400000E+01 0.76654385E-02
0.15600000E+01 0.13400000E+01 0.78322153E-02
0.15800000E+01 0.13400000E+01 0.79910614E-02
0.16000000E+01 0.13400000E+01 0.81396592E-02
0.16200000E+01 0.13400000E+01 0.82757173E-02
0.16400000E+01 0.13400000E+01 0.83970799E-02
0.16600000E+01 0.13400000E+01 0.85018525E-02
0.16800000E+01 0.13400000E+01 0.85885415E-02
0.17000000E+01 0.13400000E+01 0.86562024E-02
0.17200000E+01 0.13400000E+01 0.87045896E-02
0.17400000E+01 0.13400000E+01 0.87342984E-02
0.17600000E+01 0.13400000E+01 0.87468856E-02
0.17800000E+01 0.13400000E+01 0.87449545E-02
0.18000000E+01 0.13400000E+01 0.87321841E-02
0.18200000E+01 0.13400000E+01 0.87132821E-02
0.18400000E+01 0.13400000E+01 0.86938359E-02
0.18600000E+01 0.13400000E+01 0.86800375E-02
0.18800000E+01 0.13400000E+01 0.86782566E-02
0.19000000E+01 0.13400000E+01 0.86944390E-02
0.19200000E+01 0.13400000E+01 0.87333199E-02
0.19400000E+01 0.13400000E+01 0.87974515E-02
0.19600000E+01 0.13400000E+01 0.88860796E-02
0.19800000E+01 0.13400000E+01 0.89939439E-02
0.20000000E+01 0.13400000E+01 0.91101632E-02
0.00000000E+00 0.13600000E+01 0.97691802E-03
0.20000000E-01 0.13600000E+01 0.11451141E-02
0.39999999E-01 0.13600000E+01 0.12951439E-02
0.59999999E-01 0.13600000E+01 0.14257972E-02
0.79999998E-01 0.13600000E+01 0.15375405E-02
0.99999998E-01 0.13600000E+01 0.16328715E-02
0.12000000E+00 0.13600000E+01 0.17165600E-02
0.14000000E+00 0.13600000E+01 0.17956663E-02
0.16000000E+00 0.13600000E+01 0.18791587E-02
0.18000000E+00 0.13600000E+01 0.19768234E-02
0.20000000E+00 0.13600000E+01 0.20968655E-02
0.22000000E+00 0.13600000E+01 0.22407977E-02
0.23999999E+00 0.13600000E+01 0.23912282E-02
0.25999999E+00 0.13600000E+01 0.24683311E-02
0.27999999E+00 0.13600000E+01 0.22215678E-02
0.29999999E+00 0.13600000E+01 0.23487500E-02
0.31999999E+00 0.13600000E+01 0.24722054E-02
0.33999999E+00 0.13600000E+01 0.25909459E-02
0.35999999E+00 0.13600000E+01 0.27041049E-02
0.37999999E+00 0.13600000E+01 0.28110061E-02
0.39999999E+00 0.13600000E+01 0.29112308E-02
0.41999999E+00 0.13600000E+01 0.30046824E-02
0.43999999E+00 0.13600000E+01 0.30916407E-02
0.45999999E+00 0.13600000E+01 0.31728029E-02
0.47999999E+00 0.13600000E+01 0.32493037E-02
0.49999999E+00 0.13600000E+01 0.33227082E-02
0.51999999E+00 0.13600000E+01 0.33949704E-02
0.53999999E+00 0.13600000E+01 0.34683509E-02
0.55999999E+00 0.13600000E+01 0.35452858E-02
0.57999999E+00 0.13600000E+01 0.36282024E-02
0.59999999E+00 0.13600000E+01 0.37192773E-02
0.61999999E+00 0.13600000E+01 0.38201374E-02
0.63999999E+00 0.13600000E+01 0.39315066E-02
0.65999999E+00 0.13600000E+01 0.40528121E-02
0.67999998E+00 0.13600000E+01 0.41817689E-02
0.69999998E+00 0.13600000E+01 0.43139822E-02
0.71999998E+00 0.13600000E+01 0.44426217E-02
0.73999998E+00 0.13600000E+01 0.45582601E-02
0.75999998E+00 0.13600000E+01 0.46490126E-02
0.77999998E+00 0.13600000E+01 0.47012012E-02
0.79999998E+00 0.13600000E+01 0.47009263E-02
0.81999998E+00 0.13600000E+01 0.46372761E-02
0.83999998E+00 0.13600000E+01 0.45088679E-02
0.85999998E+00 0.13600000E+01 0.43392128E-02
0.87999998E+00 0.13600000E+01 0.42514328E-02
0.89999998E+00 0.13600000E+01 0.43360658E-02
0.91999998E+00 0.13600000E+01 0.44224281E-02
0.93999998E+00 0.13600000E+01 0.45116052E-02
0.95999998E+00 0.13600000E+01 0.46046909E-02
0.97999998E+00 0.13600000E+01 0.47027315E-02
0.99999998E+00 0.13600000E+01 0.48066618E-02
0.10200000E+01 0.13600000E+01 0.49172384E-02
0.10400000E+01 0.13600000E+01 0.50349715E-02
0.10600000E+01 0.13600000E+01 0.51600598E-02
0.10800000E+01 0.13600000E+01 0.52923353E-02
0.11000000E+01 0.13600000E+01 0.54312225E-02
0.11200000E+01 0.13600000E+01 0.55757212E-02
0.11400000E+01 0.13600000E+01 0.57244198E-02
0.11600000E+01 0.13600000E+01 0.58755491E-02
0.11800000E+01 0.13600000E+01 0.60270836E-02
0.12000000E+01 0.13600000E+01 0.61768991E-02
0.12200000E+01 0.13600000E+01 0.63229898E-02
0.12400000E+01 0.13600000E+01 0.64637466E-02
0.12600000E+01 0.13600000E+01 0.65982887E-02
0.12800000E+01 0.13600000E+01 0.67268277E-02
0.13000000E+01 0.13600000E+01 0.68510276E-02
0.13200000E+01 0.13600000E+01 0.69742887E-02
0.13400000E+01 0.13600000E+01 0.71018374E-02
0.13600000E+01 0.13600000E+01 0.72404134E-02
0.13800000E+01 0.13600000E+01 0.73971841E-02
0.14000000E+01 0.13600000E+01 0.75771676E-02
0.14200000E+01 0.13600000E+01 0.77775697E-02
0.14400000E+01 0.13600000E+01 0.79746432E-02
0.14600000E+01 0.13600000E+01 0.80853646E-02
0.14800000E+01 0.13600000E+01 0.77087357E-02
0.15000000E+01 0.13600000E+01 0.73779376E-02
0.15200000E+01 0.13600000E+01 0.75509830E-02
0.15400000E+01 0.13600000E+01 0.77189440E-02
0.15600000E+01 0.13600000E+01 0.78795892E-02
0.15800000E+01 0.13600000E+01 0.80306190E-02
0.16000000E+01 0.13600000E+01 0.81697573E-02
0.16200000E+01 0.13600000E+01 0.82948603E-02
0.16400000E+01 0.13600000E+01 0.84040424E-02
0.16600000E+01 0.13600000E+01 0.84958157E-02
0.16800000E+01 0.13600000E+01 0.85692366E-02
0.17000000E+01 0.13600000E+01 0.86240552E-02
0.17200000E+01 0.13600000E+01 0.86608539E-02
0.17400000E+01 0.13600000E+01 0.86811666E-02
0.17600000E+01 0.13600000E+01 0.86875596E-02
0.17800000E+01 0.13600000E+01 0.86836578E-02
0.18000000E+01 0.13600000E+01 0.86740938E-02
0.18200000E+01 0.13600000E+01 0.86643568E-02
0.18400000E+01 0.13600000E+01 0.86605163E-02
0.18600000E+01 0.13600000E+01 0.86687958E-02
0.18800000E+01 0.13600000E+01 0.86949782E-02
0.19000000E+01 0.13600000E+01 0.87436285E-02
0.19200000E+01 0.13600000E+01 0.88171393E-02
0.19400000E+01 0.13600000E+01 0.89146298E-02
0.19600000E+01 0.13600000E+01 0.90307732E-02
0.19800000E+01 0.13600000E+01 0.91547027E-02
0.20000000E+01 0.13600000E+01 0.92692721E-02
0.00000000E+00 0.13800000E+01 0.10125604E-02
0.20000000E-01 0.13800000E+01 0.11705416E-02
0.39999999E-01 0.13800000E+01 0.13088899E-02
0.59999999E-01 0.13800000E+01 0.14278521E-02
0.79999998E-01 0.13800000E+01 0.15297792E-02
0.99999998E-01 0.13800000E+01 0.16193784E-02
0.12000000E+00 0.13800000E+01 0.17037373E-02
0.14000000E+00 0.13800000E+01 0.17919387E-02
0.16000000E+00 0.13800000E+01 0.18939529E-02
0.18000000E+00 0.13800000E+01 0.20182025E-02
0.20000000E+00 0.13800000E+01 0.21663843E-02
0.22000000E+00 0.13800000E+01 0.23211328E-02
0.23999999E+00 0.13800000E+01 0.24021665E-02
0.25999999E+00 0.13800000E+01 0.21569926E-02
0.27999999E+00 0.13800000E+01 0.22867641E-02
0.29999999E+00 0.13800000E+01 0.24127880E-02
0.31999999E+00 0.13800000E+01 0.25340408E-02
0.33999999E+00 0.13800000E+01 0.26496165E-02
0.35999999E+00 0.13800000E+01 0.27587971E-02
0.37999999E+00 0.13800000E+01 0.28611218E-02
0.39999999E+00 0.13800000E+01 0.29564525E-02
0.41999999E+00 0.13800000E+01 0.30450305E-02
0.43999999E+00 0.13800000E+01 0.31275180E-02
0.45999999E+00 0.13800000E+01 0.32050202E-02
0.47999999E+00 0.13800000E+01 0.32790782E-02
0.49999999E+00 0.13800000E+01 0.33516287E-02
0.51999999E+00 0.13800000E+01 0.34249212E-02
0.53999999E+00 0.13800000E+01 0.35013875E-02
0.55999999E+00 0.13800000E+01 0.35834568E-02
0.57999999E+00 0.13800000E+01 0.36733150E-02
0.59999999E+00 0.13800000E+01 0.37726056E-02
0.61999999E+00 0.13800000E+01 0.38820803E-02
0.63999999E+00 0.13800000E+01 0.40012080E-02
0.65999999E+00 0.13800000E+01 0.41277675E-02
0.67999998E+00 0.13800000E+01 0.42574588E-02
0.69999998E+00 0.13800000E+01 0.43835910E-02
0.71999998E+00 0.13800000E+01 0.44969355E-02
0.73999998E+00 0.13800000E+01 0.45858799E-02
0.75999998E+00 0.13800000E+01 0.46371001E-02
0.77999998E+00 0.13800000E+01 0.46371177E-02
0.79999998E+00 0.13800000E+01 0.45754424E-02
0.81999998E+00 0.13800000E+01 0.44509127E-02
0.83999998E+00 0.13800000E+01 0.42864605E-02
0.85999998E+00 0.13800000E+01 0.42001773E-02
0.87999998E+00 0.13800000E+01 0.42833245E-02
0.89999998E+00 0.13800000E+01 0.43680615E-02
0.91999998E+00 0.13800000E+01 0.44554739E-02
0.93999998E+00 0.13800000E+01 0.45466553E-02
0.95999998E+00 0.13800000E+01 0.46426512E-02
0.97999998E+00 0.13800000E+01 0.47443955E-02
0.99999998E+00 0.13800000E+01 0.48526437E-02
0.10200000E+01 0.13800000E+01 0.49679051E-02
0.10400000E+01 0.13800000E+01 0.50903800E-02
0.10600000E+01 0.13800000E+01 0.52199045E-02
0.10800000E+01 0.13800000E+01 0.53559131E-02
0.11000000E+01 0.13800000E+01 0.54974229E-02
0.11200000E+01 0.13800000E+01 0.56430498E-02
0.11400000E+01 0.13800000E+01 0.57910648E-02
0.11600000E+01 0.13800000E+01 0.59394964E-02
0.11800000E+01 0.13800000E+01 0.60862891E-02
0.12000000E+01 0.13800000E+01 0.62295193E-02
0.12200000E+01 0.13800000E+01 0.63676682E-02
0.12400000E+01 0.13800000E+01 0.64999451E-02
0.12600000E+01 0.13800000E+01 0.66266373E-02
0.12800000E+01 0.13800000E+01 0.67494494E-02
0.13000000E+01 0.13800000E+01 0.68717601E-02
0.13200000E+01 0.13800000E+01 0.69986789E-02
0.13400000E+01 0.13800000E+01 0.71366992E-02
0.13600000E+01 0.13800000E+01 0.72925863E-02
0.13800000E+01 0.13800000E+01 0.74708039E-02
0.14000000E+01 0.13800000E+01 0.76679355E-02
0.14200000E+01 0.13800000E+01 0.78598312E-02
0.14400000E+01 0.13800000E+01 0.79641941E-02
0.14600000E+01 0.13800000E+01 0.75867875E-02
0.14800000E+01 0.13800000E+01 0.72613206E-02
0.15000000E+01 0.13800000E+01 0.74343503E-02
0.15200000E+01 0.13800000E+01 0.76028682E-02
0.15400000E+01 0.13800000E+01 0.77646743E-02
0.15600000E+01 0.13800000E+01 0.79174982E-02
0.15800000E+01 0.13800000E+01 0.80590904E-02
0.16000000E+01 0.13800000E+01 0.81873313E-02
0.16200000E+01 0.13800000E+01 0.83003563E-02
0.16400000E+01 0.13800000E+01 0.83966939E-02
0.16600000E+01 0.13800000E+01 0.84754117E-02
0.16800000E+01 0.13800000E+01 0.85362625E-02
0.17000000E+01 0.13800000E+01 0.85798212E-02
0.17200000E+01 0.13800000E+01 0.86075997E-02
0.17400000E+01 0.13800000E+01 0.86221246E-02
0.17600000E+01 0.13800000E+01 0.86269593E-02
0.17800000E+01 0.13800000E+01 0.86266498E-02
0.18000000E+01 0.13800000E+01 0.86265709E-02
0.18200000E+01 0.13800000E+01 0.86326500E-02
0.18400000E+01 0.13800000E+01 0.86509445E-02
0.18600000E+01 0.13800000E+01 0.86870551E-02
0.18800000E+01 0.13800000E+01 0.87453636E-02
0.19000000E+01 0.13800000E+01 0.88281003E-02
0.19200000E+01 0.13800000E+01 0.89342721E-02
0.19400000E+01 0.13800000E+01 0.90585230E-02
0.19600000E+01 0.13800000E+01 0.91900672E-02
0.19800000E+01 0.13800000E+01 0.93119456E-02
0.20000000E+01 0.13800000E+01 0.94010413E-02
0.00000000E+00 0.14000000E+01 0.10401238E-02
0.20000000E-01 0.14000000E+01 0.11863564E-02
0.39999999E-01 0.14000000E+01 0.13127140E-02
0.59999999E-01 0.14000000E+01 0.14213647E-02
0.79999998E-01 0.14000000E+01 0.15169298E-02
0.99999998E-01 0.14000000E+01 0.16065167E-02
0.12000000E+00 0.14000000E+01 0.16993327E-02
0.14000000E+00 0.14000000E+01 0.18055632E-02
0.16000000E+00 0.14000000E+01 0.19339017E-02
0.18000000E+00 0.14000000E+01 0.20863075E-02
0.20000000E+00 0.14000000E+01 0.22455517E-02
0.22000000E+00 0.14000000E+01 0.23310942E-02
0.23999999E+00 0.14000000E+01 0.20887930E-02
0.25999999E+00 0.14000000E+01 0.22213025E-02
0.27999999E+00 0.14000000E+01 0.23500608E-02
0.29999999E+00 0.14000000E+01 0.24740087E-02
0.31999999E+00 0.14000000E+01 0.25922009E-02
0.33999999E+00 0.14000000E+01 0.27038773E-02
0.35999999E+00 0.14000000E+01 0.28085345E-02
0.37999999E+00 0.14000000E+01 0.29059928E-02
0.39999999E+00 0.14000000E+01 0.29964542E-02
0.41999999E+00 0.14000000E+01 0.30805455E-02
0.43999999E+00 0.14000000E+01 0.31593415E-02
0.45999999E+00 0.14000000E+01 0.32343586E-02
0.47999999E+00 0.14000000E+01 0.33075149E-02
0.49999999E+00 0.14000000E+01 0.33810476E-02
0.51999999E+00 0.14000000E+01 0.34573823E-02
0.53999999E+00 0.14000000E+01 0.35389483E-02
0.55999999E+00 0.14000000E+01 0.36279376E-02
0.57999999E+00 0.14000000E+01 0.37260077E-02
0.59999999E+00 0.14000000E+01 0.38339338E-02
0.61999999E+00 0.14000000E+01 0.39512227E-02
0.63999999E+00 0.14000000E+01 0.40757123E-02
0.65999999E+00 0.14000000E+01 0.42031928E-02
0.67999998E+00 0.14000000E+01 0.43271085E-02
0.69999998E+00 0.14000000E+01 0.44384257E-02
0.71999998E+00 0.14000000E+01 0.45258024E-02
0.73999998E+00 0.14000000E+01 0.45762671E-02
0.75999998E+00 0.14000000E+01 0.45767611E-02
0.77999998E+00 0.14000000E+01 0.45172096E-02
0.79999998E+00 0.14000000E+01 0.43966493E-02
0.81999998E+00 0.14000000E+01 0.42373416E-02
0.83999998E+00 0.14000000E+01 0.41516665E-02
0.85999998E+00 0.14000000E+01 0.42335470E-02
0.87999998E+00 0.14000000E+01 0.43168717E-02
0.89999998E+00 0.14000000E+01 0.44027214E-02
0.91999998E+00 0.14000000E+01 0.44921849E-02
0.93999998E+00 0.14000000E+01 0.45863014E-02
0.95999998E+00 0.14000000E+01 0.46859984E-02
0.97999998E+00 0.14000000E+01 0.47920247E-02
0.99999998E+00 0.14000000E+01 0.49048839E-02
0.10200000E+01 0.14000000E+01 0.50247723E-02
0.10400000E+01 0.14000000E+01 0.51515269E-02
0.10600000E+01 0.14000000E+01 0.52845886E-02
0.10800000E+01 0.14000000E+01 0.54229902E-02
0.11000000E+01 0.14000000E+01 0.55653754E-02
0.11200000E+01 0.14000000E+01 0.57100565E-02
0.11400000E+01 0.14000000E+01 0.58551202E-02
0.11600000E+01 0.14000000E+01 0.59985858E-02
0.11800000E+01 0.14000000E+01 0.61386188E-02
0.12000000E+01 0.14000000E+01 0.62738002E-02
0.12200000E+01 0.14000000E+01 0.64034386E-02
0.12400000E+01 0.14000000E+01 0.65279060E-02
0.12600000E+01 0.14000000E+01 0.66489545E-02
0.12800000E+01 0.14000000E+01 0.67699443E-02
0.13000000E+01 0.14000000E+01 0.68958655E-02
0.13200000E+01 0.14000000E+01 0.70329554E-02
0.13400000E+01 0.14000000E+01 0.71875603E-02
0.13600000E+01 0.14000000E+01 0.73635692E-02
0.13800000E+01 0.14000000E+01 0.75569313E-02
0.14000000E+01 0.14000000E+01 0.77431247E-02
0.14200000E+01 0.14000000E+01 0.78407581E-02
0.14400000E+01 0.14000000E+01 0.74633888E-02
0.14600000E+01 0.14000000E+01 0.71440125E-02
0.14800000E+01 0.14000000E+01 0.73164555E-02
0.15000000E+01 0.14000000E+01 0.74849316E-02
0.15200000E+01 0.14000000E+01 0.76472812E-02
0.15400000E+01 0.14000000E+01 0.78012732E-02
0.15600000E+01 0.14000000E+01 0.79446956E-02
0.15800000E+01 0.14000000E+01 0.80754641E-02
0.16000000E+01 0.14000000E+01 0.81917462E-02
0.16200000E+01 0.14000000E+01 0.82920980E-02
0.16400000E+01 0.14000000E+01 0.83756074E-02
0.16600000E+01 0.14000000E+01 0.84420380E-02
0.16800000E+01 0.14000000E+01 0.84919621E-02
0.17000000E+01 0.14000000E+01 0.85268719E-02
0.17200000E+01 0.14000000E+01 0.85492523E-02
0.17400000E+01 0.14000000E+01 0.85625992E-02
0.17600000E+01 0.14000000E+01 0.85713613E-02
0.17800000E+01 0.14000000E+01 0.85807847E-02
0.18000000E+01 0.14000000E+01 0.85966373E-02
0.18200000E+01 0.14000000E+01 0.86247915E-02
0.18400000E+01 0.14000000E+01 0.86706484E-02
0.18600000E+01 0.14000000E+01 0.87383939E-02
0.18800000E+01 0.14000000E+01 0.88300934E-02
0.19000000E+01 0.14000000E+01 0.89446550E-02
0.19200000E+01 0.14000000E+01 0.90767285E-02
0.19400000E+01 0.14000000E+01 0.92156715E-02
0.19600000E+01 0.14000000E+01 0.93448043E-02
0.19800000E+01 0.14000000E+01 0.94413258E-02
0.20000000E+01 0.14000000E+01 0.94774667E-02
0.00000000E+00 0.14200000E+01 0.10583056E-02
0.20000000E-01 0.14200000E+01 0.11922133E-02
0.39999999E-01 0.14200000E+01 0.13076975E-02
0.59999999E-01 0.14200000E+01 0.14092643E-02
0.79999998E-01 0.14200000E+01 0.15040285E-02
0.99999998E-01 0.14200000E+01 0.16013299E-02
0.12000000E+00 0.14200000E+01 0.17116000E-02
0.14000000E+00 0.14200000E+01 0.18438595E-02
0.16000000E+00 0.14200000E+01 0.20004149E-02
0.18000000E+00 0.14200000E+01 0.21642940E-02
0.20000000E+00 0.14200000E+01 0.22549095E-02
0.22000000E+00 0.14200000E+01 0.20167966E-02
0.23999999E+00 0.14200000E+01 0.21521848E-02
0.25999999E+00 0.14200000E+01 0.22838361E-02
0.27999999E+00 0.14200000E+01 0.24106550E-02
0.29999999E+00 0.14200000E+01 0.25316562E-02
0.31999999E+00 0.14200000E+01 0.26460371E-02
0.33999999E+00 0.14200000E+01 0.27532511E-02
0.35999999E+00 0.14200000E+01 0.28530761E-02
0.37999999E+00 0.14200000E+01 0.29456742E-02
0.39999999E+00 0.14200000E+01 0.30316366E-02
0.41999999E+00 0.14200000E+01 0.31120068E-02
0.43999999E+00 0.14200000E+01 0.31882759E-02
0.45999999E+00 0.14200000E+01 0.32623430E-02
0.47999999E+00 0.14200000E+01 0.33364320E-02
0.49999999E+00 0.14200000E+01 0.34129614E-02
0.51999999E+00 0.14200000E+01 0.34943590E-02
0.53999999E+00 0.14200000E+01 0.35828212E-02
0.55999999E+00 0.14200000E+01 0.36800168E-02
0.57999999E+00 0.14200000E+01 0.37867413E-02
0.59999999E+00 0.14200000E+01 0.39025354E-02
0.61999999E+00 0.14200000E+01 0.40252914E-02
0.63999999E+00 0.14200000E+01 0.41508847E-02
0.65999999E+00 0.14200000E+01 0.42728891E-02
0.67999998E+00 0.14200000E+01 0.43824606E-02
0.69999998E+00 0.14200000E+01 0.44685223E-02
0.71999998E+00 0.14200000E+01 0.45184507E-02
0.73999998E+00 0.14200000E+01 0.45196017E-02
0.75999998E+00 0.14200000E+01 0.44623074E-02
0.77999998E+00 0.14200000E+01 0.43457789E-02
0.79999998E+00 0.14200000E+01 0.41915253E-02
0.81999998E+00 0.14200000E+01 0.41056018E-02
0.83999998E+00 0.14200000E+01 0.41864307E-02
0.85999998E+00 0.14200000E+01 0.42685549E-02
0.87999998E+00 0.14200000E+01 0.43530469E-02
0.89999998E+00 0.14200000E+01 0.44409857E-02
0.91999998E+00 0.14200000E+01 0.45334000E-02
0.93999998E+00 0.14200000E+01 0.46312056E-02
0.95999998E+00 0.14200000E+01 0.47351394E-02
0.97999998E+00 0.14200000E+01 0.48456943E-02
0.99999998E+00 0.14200000E+01 0.49630583E-02
0.10200000E+01 0.14200000E+01 0.50870643E-02
0.10400000E+01 0.14200000E+01 0.52171568E-02
0.10600000E+01 0.14200000E+01 0.53523821E-02
0.10800000E+01 0.14200000E+01 0.54914103E-02
0.11000000E+01 0.14200000E+01 0.56325967E-02
0.11200000E+01 0.14200000E+01 0.57740884E-02
0.11400000E+01 0.14200000E+01 0.59139838E-02
0.11600000E+01 0.14200000E+01 0.60505444E-02
0.11800000E+01 0.14200000E+01 0.61824579E-02
0.12000000E+01 0.14200000E+01 0.63091412E-02
0.12200000E+01 0.14200000E+01 0.64310589E-02
0.12400000E+01 0.14200000E+01 0.65500172E-02
0.12600000E+01 0.14200000E+01 0.66693613E-02
0.12800000E+01 0.14200000E+01 0.67939609E-02
0.13000000E+01 0.14200000E+01 0.69297897E-02
0.13200000E+01 0.14200000E+01 0.70827616E-02
0.13400000E+01 0.14200000E+01 0.72561742E-02
0.13600000E+01 0.14200000E+01 0.74453335E-02
0.13800000E+01 0.14200000E+01 0.76253745E-02
0.14000000E+01 0.14200000E+01 0.77159741E-02
0.14200000E+01 0.14200000E+01 0.73394170E-02
0.14400000E+01 0.14200000E+01 0.70268262E-02
0.14600000E+01 0.14200000E+01 0.71981531E-02
0.14800000E+01 0.14200000E+01 0.73660247E-02
0.15000000E+01 0.14200000E+01 0.75283298E-02
0.15200000E+01 0.14200000E+01 0.76828853E-02
0.15400000E+01 0.14200000E+01 0.78275267E-02
0.15600000E+01 0.14200000E+01 0.79602157E-02
0.15800000E+01 0.14200000E+01 0.80791624E-02
0.16000000E+01 0.14200000E+01 0.81829604E-02
0.16200000E+01 0.14200000E+01 0.82707274E-02
0.16400000E+01 0.14200000E+01 0.83422455E-02
0.16600000E+01 0.14200000E+01 0.83980898E-02
0.16800000E+01 0.14200000E+01 0.84397352E-02
0.17000000E+01 0.14200000E+01 0.84696240E-02
0.17200000E+01 0.14200000E+01 0.84911795E-02
0.17400000E+01 0.14200000E+01 0.85087443E-02
0.17600000E+01 0.14200000E+01 0.85274229E-02
0.17800000E+01 0.14200000E+01 0.85528078E-02
0.18000000E+01 0.14200000E+01 0.85905691E-02
0.18200000E+01 0.14200000E+01 0.86458920E-02
0.18400000E+01 0.14200000E+01 0.87227550E-02
0.18600000E+01 0.14200000E+01 0.88230561E-02
0.18800000E+01 0.14200000E+01 0.89456162E-02
0.19000000E+01 0.14200000E+01 0.90851244E-02
0.19200000E+01 0.14200000E+01 0.92311404E-02
0.19400000E+01 0.14200000E+01 0.93673506E-02
0.19600000E+01 0.14200000E+01 0.94713792E-02
0.19800000E+01 0.14200000E+01 0.95155515E-02
0.20000000E+01 0.14200000E+01 0.94685359E-02
0.00000000E+00 0.14400000E+01 0.10665009E-02
0.20000000E-01 0.14400000E+01 0.11889083E-02
0.39999999E-01 0.14400000E+01 0.12964926E-02
0.59999999E-01 0.14400000E+01 0.13963578E-02
0.79999998E-01 0.14400000E+01 0.14979806E-02
0.99999998E-01 0.14400000E+01 0.16120690E-02
0.12000000E+00 0.14400000E+01 0.17480299E-02
0.14000000E+00 0.14400000E+01 0.19086065E-02
0.16000000E+00 0.14400000E+01 0.20772129E-02
0.18000000E+00 0.14400000E+01 0.21734404E-02
0.20000000E+00 0.14400000E+01 0.19408485E-02
0.22000000E+00 0.14400000E+01 0.20792466E-02
0.23999999E+00 0.14400000E+01 0.22139410E-02
0.25999999E+00 0.14400000E+01 0.23437991E-02
0.27999999E+00 0.14400000E+01 0.24677943E-02
0.29999999E+00 0.14400000E+01 0.25850805E-02
0.31999999E+00 0.14400000E+01 0.26950669E-02
0.33999999E+00 0.14400000E+01 0.27974882E-02
0.35999999E+00 0.14400000E+01 0.28924661E-02
0.37999999E+00 0.14400000E+01 0.29805551E-02
0.39999999E+00 0.14400000E+01 0.30627673E-02
0.41999999E+00 0.14400000E+01 0.31405684E-02
0.43999999E+00 0.14400000E+01 0.32158379E-02
0.45999999E+00 0.14400000E+01 0.32907864E-02
0.47999999E+00 0.14400000E+01 0.33678246E-02
0.49999999E+00 0.14400000E+01 0.34493782E-02
0.51999999E+00 0.14400000E+01 0.35376469E-02
0.53999999E+00 0.14400000E+01 0.36343088E-02
0.55999999E+00 0.14400000E+01 0.37401773E-02
0.57999999E+00 0.14400000E+01 0.38548231E-02
0.59999999E+00 0.14400000E+01 0.39761883E-02
0.61999999E+00 0.14400000E+01 0.41002279E-02
0.63999999E+00 0.14400000E+01 0.42206383E-02
0.65999999E+00 0.14400000E+01 0.43287582E-02
0.67999998E+00 0.14400000E+01 0.44137681E-02
0.69999998E+00 0.14400000E+01 0.44633846E-02
0.71999998E+00 0.14400000E+01 0.44653700E-02
0.73999998E+00 0.14400000E+01 0.44104512E-02
0.75999998E+00 0.14400000E+01 0.42979906E-02
0.77999998E+00 0.14400000E+01 0.41486729E-02
0.79999998E+00 0.14400000E+01 0.40616855E-02
0.81999998E+00 0.14400000E+01 0.41416718E-02
0.83999998E+00 0.14400000E+01 0.42228040E-02
0.85999998E+00 0.14400000E+01 0.43061430E-02
0.87999998E+00 0.14400000E+01 0.43927544E-02
0.89999998E+00 0.14400000E+01 0.44836518E-02
0.91999998E+00 0.14400000E+01 0.45797349E-02
0.93999998E+00 0.14400000E+01 0.46817243E-02
0.95999998E+00 0.14400000E+01 0.47900971E-02
0.97999998E+00 0.14400000E+01 0.49050282E-02
0.99999998E+00 0.14400000E+01 0.50263427E-02
0.10200000E+01 0.14400000E+01 0.51534849E-02
0.10400000E+01 0.14400000E+01 0.52855118E-02
0.10600000E+01 0.14400000E+01 0.54211189E-02
0.10800000E+01 0.14400000E+01 0.55587039E-02
0.11000000E+01 0.14400000E+01 0.56964764E-02
0.11200000E+01 0.14400000E+01 0.58326170E-02
0.11400000E+01 0.14400000E+01 0.59654880E-02
0.11600000E+01 0.14400000E+01 0.60938907E-02
0.11800000E+01 0.14400000E+01 0.62173570E-02
0.12000000E+01 0.14400000E+01 0.63364519E-02
0.12200000E+01 0.14400000E+01 0.64530418E-02
0.12400000E+01 0.14400000E+01 0.65704610E-02
0.12600000E+01 0.14400000E+01 0.66934585E-02
0.12800000E+01 0.14400000E+01 0.68277397E-02
0.13000000E+01 0.14400000E+01 0.69787753E-02
0.13200000E+01 0.14400000E+01 0.71492591E-02
0.13400000E+01 0.14400000E+01 0.73338473E-02
0.13600000E+01 0.14400000E+01 0.75073593E-02
0.13800000E+01 0.14400000E+01 0.75906858E-02
0.14000000E+01 0.14400000E+01 0.72156737E-02
0.14200000E+01 0.14400000E+01 0.69105014E-02
0.14400000E+01 0.14400000E+01 0.70802291E-02
0.14600000E+01 0.14400000E+01 0.72469753E-02
0.14800000E+01 0.14400000E+01 0.74086839E-02
0.15000000E+01 0.14400000E+01 0.75632280E-02
0.15200000E+01 0.14400000E+01 0.77084993E-02
0.15400000E+01 0.14400000E+01 0.78425148E-02
0.15600000E+01 0.14400000E+01 0.79635372E-02
0.15800000E+01 0.14400000E+01 0.80702073E-02
0.16000000E+01 0.14400000E+01 0.81616813E-02
0.16200000E+01 0.14400000E+01 0.82377672E-02
0.16400000E+01 0.14400000E+01 0.82990487E-02
0.16600000E+01 0.14400000E+01 0.83469861E-02
0.16800000E+01 0.14400000E+01 0.83839788E-02
0.17000000E+01 0.14400000E+01 0.84133739E-02
0.17200000E+01 0.14400000E+01 0.84393997E-02
0.17400000E+01 0.14400000E+01 0.84670079E-02
0.17600000E+01 0.14400000E+01 0.85016016E-02
0.17800000E+01 0.14400000E+01 0.85486329E-02
0.18000000E+01 0.14400000E+01 0.86130559E-02
0.18200000E+01 0.14400000E+01 0.86986310E-02
0.18400000E+01 0.14400000E+01 0.88070861E-02
0.18600000E+01 0.14400000E+01 0.89371664E-02
0.18800000E+01 0.14400000E+01 0.90836299E-02
0.19000000E+01 0.14400000E+01 0.92362935E-02
0.19200000E+01 0.14400000E+01 0.93792919E-02
0.19400000E+01 0.14400000E+01 0.94907791E-02
0.19600000E+01 0.14400000E+01 0.95432795E-02
0.19800000E+01 0.14400000E+01 0.95039975E-02
0.20000000E+01 0.14400000E+01 0.93200873E-02
0.00000000E+00 0.14600000E+01 0.10651940E-02
0.20000000E-01 0.14600000E+01 0.11787890E-02
0.39999999E-01 0.14600000E+01 0.12836526E-02
0.59999999E-01 0.14600000E+01 0.13893984E-02
0.79999998E-01 0.14600000E+01 0.15070388E-02
0.99999998E-01 0.14600000E+01 0.16464267E-02
0.12000000E+00 0.14600000E+01 0.18108376E-02
0.14000000E+00 0.14600000E+01 0.19842092E-02
0.16000000E+00 0.14600000E+01 0.20865507E-02
0.18000000E+00 0.14600000E+01 0.18608123E-02
0.20000000E+00 0.14600000E+01 0.20023403E-02
0.22000000E+00 0.14600000E+01 0.21402186E-02
0.23999999E+00 0.14600000E+01 0.22732756E-02
0.25999999E+00 0.14600000E+01 0.24004417E-02
0.27999999E+00 0.14600000E+01 0.25208258E-02
0.29999999E+00 0.14600000E+01 0.26337914E-02
0.31999999E+00 0.14600000E+01 0.27390291E-02
0.33999999E+00 0.14600000E+01 0.28366188E-02
0.35999999E+00 0.14600000E+01 0.29270782E-02
0.37999999E+00 0.14600000E+01 0.30113875E-02
0.39999999E+00 0.14600000E+01 0.30909867E-02
0.41999999E+00 0.14600000E+01 0.31677360E-02
0.43999999E+00 0.14600000E+01 0.32438328E-02
0.45999999E+00 0.14600000E+01 0.33216805E-02
0.47999999E+00 0.14600000E+01 0.34037026E-02
0.49999999E+00 0.14600000E+01 0.34921015E-02
0.51999999E+00 0.14600000E+01 0.35885636E-02
0.53999999E+00 0.14600000E+01 0.36939178E-02
0.55999999E+00 0.14600000E+01 0.38077621E-02
0.57999999E+00 0.14600000E+01 0.39280833E-02
0.59999999E+00 0.14600000E+01 0.40509099E-02
0.61999999E+00 0.14600000E+01 0.41700536E-02
0.63999999E+00 0.14600000E+01 0.42770266E-02
0.65999999E+00 0.14600000E+01 0.43612569E-02
0.67999998E+00 0.14600000E+01 0.44107904E-02
0.69999998E+00 0.14600000E+01 0.44137839E-02
0.71999998E+00 0.14600000E+01 0.43613451E-02
0.73999998E+00 0.14600000E+01 0.42529647E-02
0.75999998E+00 0.14600000E+01 0.41084406E-02
0.77999998E+00 0.14600000E+01 0.40196229E-02
0.79999998E+00 0.14600000E+01 0.40989682E-02
0.81999998E+00 0.14600000E+01 0.41793119E-02
0.83999998E+00 0.14600000E+01 0.42617003E-02
0.85999998E+00 0.14600000E+01 0.43471823E-02
0.87999998E+00 0.14600000E+01 0.44367533E-02
0.89999998E+00 0.14600000E+01 0.45312926E-02
0.91999998E+00 0.14600000E+01 0.46315001E-02
0.93999998E+00 0.14600000E+01 0.47378328E-02
0.95999998E+00 0.14600000E+01 0.48504483E-02
0.97999998E+00 0.14600000E+01 0.49691594E-02
0.99999998E+00 0.14600000E+01 0.50934066E-02
0.10200000E+01 0.14600000E+01 0.52222549E-02
0.10400000E+01 0.14600000E+01 0.53544227E-02
0.10600000E+01 0.14600000E+01 0.54883498E-02
0.10800000E+01 0.14600000E+01 0.56223084E-02
0.11000000E+01 0.14600000E+01 0.57545641E-02
0.11200000E+01 0.14600000E+01 0.58835836E-02
0.11400000E+01 0.14600000E+01 0.60082867E-02
0.11600000E+01 0.14600000E+01 0.61283270E-02
0.11800000E+01 0.14600000E+01 0.62443758E-02
0.12000000E+01 0.14600000E+01 0.63583662E-02
0.12200000E+01 0.14600000E+01 0.64736254E-02
0.12400000E+01 0.14600000E+01 0.65947831E-02
0.12600000E+01 0.14600000E+01 0.67272733E-02
0.12800000E+01 0.14600000E+01 0.68761164E-02
0.13000000E+01 0.14600000E+01 0.70433925E-02
0.13200000E+01 0.14600000E+01 0.72231049E-02
0.13400000E+01 0.14600000E+01 0.73897826E-02
0.13600000E+01 0.14600000E+01 0.74656591E-02
0.13800000E+01 0.14600000E+01 0.70928813E-02
0.14000000E+01 0.14600000E+01 0.67956998E-02
0.14200000E+01 0.14600000E+01 0.69633952E-02
0.14400000E+01 0.14600000E+01 0.71285415E-02
0.14600000E+01 0.14600000E+01 0.72891434E-02
0.14800000E+01 0.14600000E+01 0.74431371E-02
0.15000000E+01 0.14600000E+01 0.75884786E-02
0.15200000E+01 0.14600000E+01 0.77232485E-02
0.15400000E+01 0.14600000E+01 0.78457710E-02
0.15600000E+01 0.14600000E+01 0.79547430E-02
0.15800000E+01 0.14600000E+01 0.80493677E-02
0.16000000E+01 0.14600000E+01 0.81294862E-02
0.16200000E+01 0.14600000E+01 0.81956961E-02
0.16400000E+01 0.14600000E+01 0.82494465E-02
0.16600000E+01 0.14600000E+01 0.82930943E-02
0.16800000E+01 0.14600000E+01 0.83299070E-02
0.17000000E+01 0.14600000E+01 0.83639925E-02
0.17200000E+01 0.14600000E+01 0.84001397E-02
0.17400000E+01 0.14600000E+01 0.84435495E-02
0.17600000E+01 0.14600000E+01 0.84994417E-02
0.17800000E+01 0.14600000E+01 0.85725263E-02
0.18000000E+01 0.14600000E+01 0.86663351E-02
0.18200000E+01 0.14600000E+01 0.87824234E-02
0.18400000E+01 0.14600000E+01 0.89194703E-02
0.18600000E+01 0.14600000E+01 0.90723305E-02
0.18800000E+01 0.14600000E+01 0.92311289E-02
0.19000000E+01 0.14600000E+01 0.93805249E-02
0.19200000E+01 0.14600000E+01 0.94993018E-02
0.19400000E+01 0.14600000E+01 0.95602877E-02
0.19600000E+01 0.14600000E+01 0.95292739E-02
0.19800000E+01 0.14600000E+01 0.93439520E-02
0.20000000E+01 0.14600000E+01 0.90949623E-02
0.00000000E+00 0.14800000E+01 0.10563958E-02
0.20000000E-01 0.14800000E+01 0.11661277E-02
0.39999999E-01 0.14800000E+01 0.12757626E-02
0.59999999E-01 0.14800000E+01 0.13966425E-02
0.79999998E-01 0.14800000E+01 0.15391268E-02
0.99999998E-01 0.14800000E+01 0.17071216E-02
0.12000000E+00 0.14800000E+01 0.18852344E-02
0.14000000E+00 0.14800000E+01 0.19941425E-02
0.16000000E+00 0.14800000E+01 0.17765709E-02
0.18000000E+00 0.14800000E+01 0.19213363E-02
0.20000000E+00 0.14800000E+01 0.20625286E-02
0.22000000E+00 0.14800000E+01 0.21989346E-02
0.23999999E+00 0.14800000E+01 0.23294398E-02
0.25999999E+00 0.14800000E+01 0.24531058E-02
0.27999999E+00 0.14800000E+01 0.25692485E-02
0.29999999E+00 0.14800000E+01 0.26775126E-02
0.31999999E+00 0.14800000E+01 0.27779355E-02
0.33999999E+00 0.14800000E+01 0.28709969E-02
0.35999999E+00 0.14800000E+01 0.29576450E-02
0.37999999E+00 0.14800000E+01 0.30392942E-02
0.39999999E+00 0.14800000E+01 0.31177858E-02
0.41999999E+00 0.14800000E+01 0.31953048E-02
0.43999999E+00 0.14800000E+01 0.32742480E-02
0.45999999E+00 0.14800000E+01 0.33570373E-02
0.47999999E+00 0.14800000E+01 0.34458783E-02
0.49999999E+00 0.14800000E+01 0.35424653E-02
0.51999999E+00 0.14800000E+01 0.36476413E-02
0.53999999E+00 0.14800000E+01 0.37610284E-02
0.55999999E+00 0.14800000E+01 0.38806541E-02
0.57999999E+00 0.14800000E+01 0.40026137E-02
0.59999999E+00 0.14800000E+01 0.41208257E-02
0.61999999E+00 0.14800000E+01 0.42269654E-02
0.63999999E+00 0.14800000E+01 0.43106960E-02
0.65999999E+00 0.14800000E+01 0.43603792E-02
0.67999998E+00 0.14800000E+01 0.43645512E-02
0.69999998E+00 0.14800000E+01 0.43146844E-02
0.71999998E+00 0.14800000E+01 0.42103747E-02
0.73999998E+00 0.14800000E+01 0.40704821E-02
0.75999998E+00 0.14800000E+01 0.39791248E-02
0.77999998E+00 0.14800000E+01 0.40580226E-02
0.79999998E+00 0.14800000E+01 0.41377746E-02
0.81999998E+00 0.14800000E+01 0.42194106E-02
0.83999998E+00 0.14800000E+01 0.43039604E-02
0.85999998E+00 0.14800000E+01 0.43923975E-02
0.87999998E+00 0.14800000E+01 0.44855781E-02
0.89999998E+00 0.14800000E+01 0.45841772E-02
0.91999998E+00 0.14800000E+01 0.46886279E-02
0.93999998E+00 0.14800000E+01 0.47990663E-02
0.95999998E+00 0.14800000E+01 0.49152889E-02
0.97999998E+00 0.14800000E+01 0.50367285E-02
0.99999998E+00 0.14800000E+01 0.51624547E-02
0.10200000E+01 0.14800000E+01 0.52912069E-02
0.10400000E+01 0.14800000E+01 0.54214649E-02
0.10600000E+01 0.14800000E+01 0.55515638E-02
0.10800000E+01 0.14800000E+01 0.56798550E-02
0.11000000E+01 0.14800000E+01 0.58049125E-02
0.11200000E+01 0.14800000E+01 0.59257786E-02
0.11400000E+01 0.14800000E+01 0.60422334E-02
0.11600000E+01 0.14800000E+01 0.61550606E-02
0.11800000E+01 0.14800000E+01 0.62662653E-02
0.12000000E+01 0.14800000E+01 0.63791722E-02
0.12200000E+01 0.14800000E+01 0.64982937E-02
0.12400000E+01 0.14800000E+01 0.66287912E-02
0.12600000E+01 0.14800000E+01 0.67752306E-02
0.12800000E+01 0.14800000E+01 0.69390721E-02
0.13000000E+01 0.14800000E+01 0.71136650E-02
0.13200000E+01 0.14800000E+01 0.72732714E-02
0.13400000E+01 0.14800000E+01 0.73415802E-02
0.13600000E+01 0.14800000E+01 0.69716803E-02
0.13800000E+01 0.14800000E+01 0.66830036E-02
0.14000000E+01 0.14800000E+01 0.68482854E-02
0.14200000E+01 0.14800000E+01 0.70114066E-02
0.14400000E+01 0.14800000E+01 0.71704376E-02
0.14600000E+01 0.14800000E+01 0.73233833E-02
0.14800000E+01 0.14800000E+01 0.74682707E-02
0.15000000E+01 0.14800000E+01 0.76032517E-02
0.15200000E+01 0.14800000E+01 0.77267202E-02
0.15400000E+01 0.14800000E+01 0.78374371E-02
0.15600000E+01 0.14800000E+01 0.79346603E-02
0.15800000E+01 0.14800000E+01 0.80182710E-02
0.16000000E+01 0.14800000E+01 0.80888861E-02
0.16200000E+01 0.14800000E+01 0.81479468E-02
0.16400000E+01 0.14800000E+01 0.81977683E-02
0.16600000E+01 0.14800000E+01 0.82415364E-02
0.16800000E+01 0.14800000E+01 0.82832332E-02
0.17000000E+01 0.14800000E+01 0.83274761E-02
0.17200000E+01 0.14800000E+01 0.83792528E-02
0.17400000E+01 0.14800000E+01 0.84435384E-02
0.17600000E+01 0.14800000E+01 0.85247860E-02
0.17800000E+01 0.14800000E+01 0.86262897E-02
0.18000000E+01 0.14800000E+01 0.87494298E-02
0.18200000E+01 0.14800000E+01 0.88928276E-02
0.18400000E+01 0.14800000E+01 0.90514598E-02
0.18600000E+01 0.14800000E+01 0.92158049E-02
0.18800000E+01 0.14800000E+01 0.93711186E-02
0.19000000E+01 0.14800000E+01 0.94969070E-02
0.19200000E+01 0.14800000E+01 0.95664051E-02
0.19400000E+01 0.14800000E+01 0.95440576E-02
0.19600000E+01 0.14800000E+01 0.93579640E-02
0.19800000E+01 0.14800000E+01 0.90841076E-02
0.20000000E+01 0.14800000E+01 0.91736567E-02
0.00000000E+00 0.15000000E+01 0.10440671E-02
0.20000000E-01 0.15000000E+01 0.11573205E-02
0.39999999E-01 0.15000000E+01 0.12810805E-02
0.59999999E-01 0.15000000E+01 0.14262717E-02
0.79999998E-01 0.15000000E+01 0.15975327E-02
0.99999998E-01 0.15000000E+01 0.17802932E-02
0.12000000E+00 0.15000000E+01 0.18961590E-02
0.14000000E+00 0.15000000E+01 0.16880280E-02
0.16000000E+00 0.15000000E+01 0.18361234E-02
0.18000000E+00 0.15000000E+01 0.19807477E-02
0.20000000E+00 0.15000000E+01 0.21206428E-02
0.22000000E+00 0.15000000E+01 0.22546460E-02
0.23999999E+00 0.15000000E+01 0.23817687E-02
0.25999999E+00 0.15000000E+01 0.25012770E-02
0.27999999E+00 0.15000000E+01 0.26127677E-02
0.29999999E+00 0.15000000E+01 0.27162340E-02
0.31999999E+00 0.15000000E+01 0.28121167E-02
0.33999999E+00 0.15000000E+01 0.29013316E-02
0.35999999E+00 0.15000000E+01 0.29852678E-02
0.37999999E+00 0.15000000E+01 0.30657484E-02
0.39999999E+00 0.15000000E+01 0.31449473E-02
0.41999999E+00 0.15000000E+01 0.32252559E-02
0.43999999E+00 0.15000000E+01 0.33090962E-02
0.45999999E+00 0.15000000E+01 0.33986778E-02
0.47999999E+00 0.15000000E+01 0.34957033E-02
0.49999999E+00 0.15000000E+01 0.36010292E-02
0.51999999E+00 0.15000000E+01 0.37142992E-02
0.53999999E+00 0.15000000E+01 0.38335773E-02
0.55999999E+00 0.15000000E+01 0.39550188E-02
0.57999999E+00 0.15000000E+01 0.40726400E-02
0.59999999E+00 0.15000000E+01 0.41782673E-02
0.61999999E+00 0.15000000E+01 0.42617848E-02
0.63999999E+00 0.15000000E+01 0.43118534E-02
0.65999999E+00 0.15000000E+01 0.43173715E-02
0.67999998E+00 0.15000000E+01 0.42701570E-02
0.69999998E+00 0.15000000E+01 0.41698898E-02
0.71999998E+00 0.15000000E+01 0.40344504E-02
0.73999998E+00 0.15000000E+01 0.39399094E-02
0.75999998E+00 0.15000000E+01 0.40185440E-02
0.77999998E+00 0.15000000E+01 0.40978937E-02
0.79999998E+00 0.15000000E+01 0.41789699E-02
0.81999998E+00 0.15000000E+01 0.42627813E-02
0.83999998E+00 0.15000000E+01 0.43502776E-02
0.85999998E+00 0.15000000E+01 0.44422882E-02
0.87999998E+00 0.15000000E+01 0.45394605E-02
0.89999998E+00 0.15000000E+01 0.46421998E-02
0.91999998E+00 0.15000000E+01 0.47506170E-02
0.93999998E+00 0.15000000E+01 0.48644885E-02
0.95999998E+00 0.15000000E+01 0.49832356E-02
0.97999998E+00 0.15000000E+01 0.51059292E-02
0.99999998E+00 0.15000000E+01 0.52313264E-02
0.10200000E+01 0.15000000E+01 0.53579455E-02
0.10400000E+01 0.15000000E+01 0.54841831E-02
0.10600000E+01 0.15000000E+01 0.56084769E-02
0.10800000E+01 0.15000000E+01 0.57295094E-02
0.11000000E+01 0.15000000E+01 0.58464487E-02
0.11200000E+01 0.15000000E+01 0.59592053E-02
0.11400000E+01 0.15000000E+01 0.60686802E-02
0.11600000E+01 0.15000000E+01 0.61769556E-02
0.11800000E+01 0.15000000E+01 0.62873582E-02
0.12000000E+01 0.15000000E+01 0.64042863E-02
0.12200000E+01 0.15000000E+01 0.65326296E-02
0.12400000E+01 0.15000000E+01 0.66764971E-02
0.12600000E+01 0.15000000E+01 0.68367265E-02
0.12800000E+01 0.15000000E+01 0.70060137E-02
0.13000000E+01 0.15000000E+01 0.71583764E-02
0.13200000E+01 0.15000000E+01 0.72190553E-02
0.13400000E+01 0.15000000E+01 0.68526297E-02
0.13600000E+01 0.15000000E+01 0.65729143E-02
0.13800000E+01 0.15000000E+01 0.67354541E-02
0.14000000E+01 0.15000000E+01 0.68961765E-02
0.14200000E+01 0.15000000E+01 0.70532210E-02
0.14400000E+01 0.15000000E+01 0.72046662E-02
0.14600000E+01 0.15000000E+01 0.73486157E-02
0.14800000E+01 0.15000000E+01 0.74832995E-02
0.15000000E+01 0.15000000E+01 0.76071879E-02
0.15200000E+01 0.15000000E+01 0.77191134E-02
0.15400000E+01 0.15000000E+01 0.78183958E-02
0.15600000E+01 0.15000000E+01 0.79049626E-02
0.15800000E+01 0.15000000E+01 0.79794552E-02
0.16000000E+01 0.15000000E+01 0.80433105E-02
0.16200000E+01 0.15000000E+01 0.80988031E-02
0.16400000E+01 0.15000000E+01 0.81490356E-02
0.16600000E+01 0.15000000E+01 0.81978600E-02
0.16800000E+01 0.15000000E+01 0.82497151E-02
0.17000000E+01 0.15000000E+01 0.83093655E-02
0.17200000E+01 0.15000000E+01 0.83815303E-02
0.17400000E+01 0.15000000E+01 0.84703949E-02
0.17600000E+01 0.15000000E+01 0.85790072E-02
0.17800000E+01 0.15000000E+01 0.87085697E-02
0.18000000E+01 0.15000000E+01 0.88576535E-02
0.18200000E+01 0.15000000E+01 0.90213792E-02
0.18400000E+01 0.15000000E+01 0.91906211E-02
0.18600000E+01 0.15000000E+01 0.93512956E-02
0.18800000E+01 0.15000000E+01 0.94837199E-02
0.19000000E+01 0.15000000E+01 0.95616366E-02
0.19200000E+01 0.15000000E+01 0.95482239E-02
0.19400000E+01 0.15000000E+01 0.93619416E-02
0.19600000E+01 0.15000000E+01 0.90634455E-02
0.19800000E+01 0.15000000E+01 0.91588708E-02
0.20000000E+01 0.15000000E+01 0.92484585E-02
0.00000000E+00 0.15200000E+01 0.10343902E-02
0.20000000E-01 0.15200000E+01 0.11606218E-02
0.39999999E-01 0.15200000E+01 0.13080698E-02
0.59999999E-01 0.15200000E+01 0.14822081E-02
0.79999998E-01 0.15200000E+01 0.16694464E-02
0.99999998E-01 0.15200000E+01 0.17925868E-02
0.12000000E+00 0.15200000E+01 0.15951087E-02
0.14000000E+00 0.15200000E+01 0.17466102E-02
0.16000000E+00 0.15200000E+01 0.18947707E-02
0.18000000E+00 0.15200000E+01 0.20382835E-02
0.20000000E+00 0.15200000E+01 0.21759335E-02
0.22000000E+00 0.15200000E+01 0.23066785E-02
0.23999999E+00 0.15200000E+01 0.24297317E-02
0.25999999E+00 0.15200000E+01 0.25446389E-02
0.27999999E+00 0.15200000E+01 0.26513477E-02
0.29999999E+00 0.15200000E+01 0.27502584E-02
0.31999999E+00 0.15200000E+01 0.28422542E-02
0.33999999E+00 0.15200000E+01 0.29286991E-02
0.35999999E+00 0.15200000E+01 0.30113990E-02
0.37999999E+00 0.15200000E+01 0.30925181E-02
0.39999999E+00 0.15200000E+01 0.31744449E-02
0.41999999E+00 0.15200000E+01 0.32596031E-02
0.43999999E+00 0.15200000E+01 0.33502086E-02
0.45999999E+00 0.15200000E+01 0.34479732E-02
0.47999999E+00 0.15200000E+01 0.35537669E-02
0.49999999E+00 0.15200000E+01 0.36672535E-02
0.51999999E+00 0.15200000E+01 0.37865292E-02
0.53999999E+00 0.15200000E+01 0.39078026E-02
0.55999999E+00 0.15200000E+01 0.40251779E-02
0.57999999E+00 0.15200000E+01 0.41306192E-02
0.59999999E+00 0.15200000E+01 0.42142156E-02
0.61999999E+00 0.15200000E+01 0.42649084E-02
0.63999999E+00 0.15200000E+01 0.42719376E-02
0.65999999E+00 0.15200000E+01 0.42274459E-02
0.67999998E+00 0.15200000E+01 0.41311765E-02
0.69999998E+00 0.15200000E+01 0.40000001E-02
0.71999998E+00 0.15200000E+01 0.39017027E-02
0.73999998E+00 0.15200000E+01 0.39802497E-02
0.75999998E+00 0.15200000E+01 0.40593783E-02
0.77999998E+00 0.15200000E+01 0.41400808E-02
0.79999998E+00 0.15200000E+01 0.42233433E-02
0.81999998E+00 0.15200000E+01 0.43100895E-02
0.83999998E+00 0.15200000E+01 0.44011204E-02
0.85999998E+00 0.15200000E+01 0.44970527E-02
0.87999998E+00 0.15200000E+01 0.45982608E-02
0.89999998E+00 0.15200000E+01 0.47048268E-02
0.91999998E+00 0.15200000E+01 0.48165035E-02
0.93999998E+00 0.15200000E+01 0.49326970E-02
0.95999998E+00 0.15200000E+01 0.50524758E-02
0.97999998E+00 0.15200000E+01 0.51746117E-02
0.99999998E+00 0.15200000E+01 0.52976588E-02
0.10200000E+01 0.15200000E+01 0.54200738E-02
0.10400000E+01 0.15200000E+01 0.55403795E-02
0.10600000E+01 0.15200000E+01 0.56573681E-02
0.10800000E+01 0.15200000E+01 0.57703347E-02
0.11000000E+01 0.15200000E+01 0.58793238E-02
0.11200000E+01 0.15200000E+01 0.59853576E-02
0.11400000E+01 0.15200000E+01 0.60906001E-02
0.11600000E+01 0.15200000E+01 0.61983845E-02
0.11800000E+01 0.15200000E+01 0.63129990E-02
0.12000000E+01 0.15200000E+01 0.64390637E-02
0.12200000E+01 0.15200000E+01 0.65802316E-02
0.12400000E+01 0.15200000E+01 0.67367174E-02
0.12600000E+01 0.15200000E+01 0.69005672E-02
0.12800000E+01 0.15200000E+01 0.70455740E-02
0.13000000E+01 0.15200000E+01 0.70986116E-02
0.13200000E+01 0.15200000E+01 0.67362073E-02
0.13400000E+01 0.15200000E+01 0.64658540E-02
0.13600000E+01 0.15200000E+01 0.66253763E-02
0.13800000E+01 0.15200000E+01 0.67833781E-02
0.14000000E+01 0.15200000E+01 0.69380710E-02
0.14200000E+01 0.15200000E+01 0.70876109E-02
0.14400000E+01 0.15200000E+01 0.72301828E-02
0.14600000E+01 0.15200000E+01 0.73641004E-02
0.14800000E+01 0.15200000E+01 0.74879165E-02
0.15000000E+01 0.15200000E+01 0.76005416E-02
0.15200000E+01 0.15200000E+01 0.77013638E-02
0.15400000E+01 0.15200000E+01 0.77903629E-02
0.15600000E+01 0.15200000E+01 0.78682098E-02
0.15800000E+01 0.15200000E+01 0.79363404E-02
0.16000000E+01 0.15200000E+01 0.79969904E-02
0.16200000E+01 0.15200000E+01 0.80531785E-02
0.16400000E+01 0.15200000E+01 0.81086228E-02
0.16600000E+01 0.15200000E+01 0.81675776E-02
0.16800000E+01 0.15200000E+01 0.82345760E-02
0.17000000E+01 0.15200000E+01 0.83140714E-02
0.17200000E+01 0.15200000E+01 0.84099718E-02
0.17400000E+01 0.15200000E+01 0.85250710E-02
0.17600000E+01 0.15200000E+01 0.86603909E-02
0.17800000E+01 0.15200000E+01 0.88144590E-02
0.18000000E+01 0.15200000E+01 0.89825590E-02
0.18200000E+01 0.15200000E+01 0.91559981E-02
0.18400000E+01 0.15200000E+01 0.93214127E-02
0.18600000E+01 0.15200000E+01 0.94600124E-02
0.18800000E+01 0.15200000E+01 0.95461451E-02
0.19000000E+01 0.15200000E+01 0.95418151E-02
0.19200000E+01 0.15200000E+01 0.93558704E-02
0.19400000E+01 0.15200000E+01 0.90330891E-02
0.19600000E+01 0.15200000E+01 0.91343553E-02
0.19800000E+01 0.15200000E+01 0.92299322E-02
0.20000000E+01 0.15200000E+01 0.93205241E-02
0.00000000E+00 0.15400000E+01 0.10356066E-02
0.20000000E-01 0.15400000E+01 0.11847979E-02
0.39999999E-01 0.15400000E+01 0.13613496E-02
0.59999999E-01 0.15400000E+01 0.15528129E-02
0.79999998E-01 0.15400000E+01 0.16834587E-02
0.99999998E-01 0.15400000E+01 0.14977611E-02
0.12000000E+00 0.15400000E+01 0.16527250E-02
0.14000000E+00 0.15400000E+01 0.18045109E-02
0.16000000E+00 0.15400000E+01 0.19517576E-02
0.18000000E+00 0.15400000E+01 0.20931926E-02
0.20000000E+00 0.15400000E+01 0.22277159E-02
0.22000000E+00 0.15400000E+01 0.23544832E-02
0.23999999E+00 0.15400000E+01 0.24729870E-02
0.25999999E+00 0.15400000E+01 0.25831259E-02
0.27999999E+00 0.15400000E+01 0.26852589E-02
0.29999999E+00 0.15400000E+01 0.27802353E-02
0.31999999E+00 0.15400000E+01 0.28693946E-02
0.33999999E+00 0.15400000E+01 0.29545268E-02
0.35999999E+00 0.15400000E+01 0.30377886E-02
0.37999999E+00 0.15400000E+01 0.31215677E-02
0.39999999E+00 0.15400000E+01 0.32082927E-02
0.41999999E+00 0.15400000E+01 0.33001883E-02
0.43999999E+00 0.15400000E+01 0.33989777E-02
0.45999999E+00 0.15400000E+01 0.35055451E-02
0.47999999E+00 0.15400000E+01 0.36195732E-02
0.49999999E+00 0.15400000E+01 0.37391867E-02
0.51999999E+00 0.15400000E+01 0.38606411E-02
0.53999999E+00 0.15400000E+01 0.39781175E-02
0.55999999E+00 0.15400000E+01 0.40837039E-02
0.57999999E+00 0.15400000E+01 0.41676759E-02
0.59999999E+00 0.15400000E+01 0.42192342E-02
0.61999999E+00 0.15400000E+01 0.42279374E-02
0.63999999E+00 0.15400000E+01 0.41862307E-02
0.65999999E+00 0.15400000E+01 0.40939003E-02
0.67999998E+00 0.15400000E+01 0.39667883E-02
0.69999998E+00 0.15400000E+01 0.38642399E-02
0.71999998E+00 0.15400000E+01 0.39428658E-02
0.73999998E+00 0.15400000E+01 0.40219461E-02
0.75999998E+00 0.15400000E+01 0.41024536E-02
0.77999998E+00 0.15400000E+01 0.41853510E-02
0.79999998E+00 0.15400000E+01 0.42715350E-02
0.81999998E+00 0.15400000E+01 0.43617760E-02
0.83999998E+00 0.15400000E+01 0.44566578E-02
0.85999998E+00 0.15400000E+01 0.45565216E-02
0.87999998E+00 0.15400000E+01 0.46614176E-02
0.89999998E+00 0.15400000E+01 0.47710712E-02
0.91999998E+00 0.15400000E+01 0.48848700E-02
0.93999998E+00 0.15400000E+01 0.50018765E-02
0.95999998E+00 0.15400000E+01 0.51208739E-02
0.97999998E+00 0.15400000E+01 0.52404489E-02
0.99999998E+00 0.15400000E+01 0.53591157E-02
0.10200000E+01 0.15400000E+01 0.54754813E-02
0.10400000E+01 0.15400000E+01 0.55884467E-02
0.10600000E+01 0.15400000E+01 0.56974354E-02
0.10800000E+01 0.15400000E+01 0.58026276E-02
0.11000000E+01 0.15400000E+01 0.59051701E-02
0.11200000E+01 0.15400000E+01 0.60073128E-02
0.11400000E+01 0.15400000E+01 0.61124005E-02
0.11600000E+01 0.15400000E+01 0.62246153E-02
0.11800000E+01 0.15400000E+01 0.63483119E-02
0.12000000E+01 0.15400000E+01 0.64866900E-02
0.12200000E+01 0.15400000E+01 0.66393436E-02
0.12400000E+01 0.15400000E+01 0.67976743E-02
0.12600000E+01 0.15400000E+01 0.69352686E-02
0.12800000E+01 0.15400000E+01 0.69806996E-02
0.13000000E+01 0.15400000E+01 0.66228130E-02
0.13200000E+01 0.15400000E+01 0.63621676E-02
0.13400000E+01 0.15400000E+01 0.65184487E-02
0.13600000E+01 0.15400000E+01 0.66734601E-02
0.13800000E+01 0.15400000E+01 0.68254874E-02
0.14000000E+01 0.15400000E+01 0.69727664E-02
0.14200000E+01 0.15400000E+01 0.71135675E-02
0.14400000E+01 0.15400000E+01 0.72462924E-02
0.14600000E+01 0.15400000E+01 0.73695819E-02
0.14800000E+01 0.15400000E+01 0.74824301E-02
0.15000000E+01 0.15400000E+01 0.75842989E-02
0.15200000E+01 0.15400000E+01 0.76752259E-02
0.15400000E+01 0.15400000E+01 0.77559162E-02
0.15600000E+01 0.15400000E+01 0.78278080E-02
0.15800000E+01 0.15400000E+01 0.78930998E-02
0.16000000E+01 0.15400000E+01 0.79547260E-02
0.16200000E+01 0.15400000E+01 0.80162686E-02
0.16400000E+01 0.15400000E+01 0.80817922E-02
0.16600000E+01 0.15400000E+01 0.81555916E-02
0.16800000E+01 0.15400000E+01 0.82418458E-02
0.17000000E+01 0.15400000E+01 0.83441765E-02
0.17200000E+01 0.15400000E+01 0.84651170E-02
0.17400000E+01 0.15400000E+01 0.86055060E-02
0.17600000E+01 0.15400000E+01 0.87638319E-02
0.17800000E+01 0.15400000E+01 0.89355584E-02
0.18000000E+01 0.15400000E+01 0.91124587E-02
0.18200000E+01 0.15400000E+01 0.92819415E-02
0.18400000E+01 0.15400000E+01 0.94261839E-02
0.18600000E+01 0.15400000E+01 0.95202334E-02
0.18800000E+01 0.15400000E+01 0.95250228E-02
0.19000000E+01 0.15400000E+01 0.93398869E-02
0.19200000E+01 0.15400000E+01 0.89932929E-02
0.19400000E+01 0.15400000E+01 0.91002708E-02
0.19600000E+01 0.15400000E+01 0.92017833E-02
0.19800000E+01 0.15400000E+01 0.92984781E-02
0.20000000E+01 0.15400000E+01 0.93911757E-02
0.00000000E+00 0.15600000E+01 0.10568032E-02
0.20000000E-01 0.15600000E+01 0.12352259E-02
0.39999999E-01 0.15600000E+01 0.14305722E-02
0.59999999E-01 0.15600000E+01 0.15688556E-02
0.79999998E-01 0.15600000E+01 0.13959568E-02
0.99999998E-01 0.15600000E+01 0.15544179E-02
0.12000000E+00 0.15600000E+01 0.17099008E-02
0.14000000E+00 0.15600000E+01 0.18609837E-02
0.16000000E+00 0.15600000E+01 0.20063308E-02
0.18000000E+00 0.15600000E+01 0.21447780E-02
0.20000000E+00 0.15600000E+01 0.22754195E-02
0.22000000E+00 0.15600000E+01 0.23976896E-02
0.23999999E+00 0.15600000E+01 0.25114353E-02
0.25999999E+00 0.15600000E+01 0.26169719E-02
0.27999999E+00 0.15600000E+01 0.27151143E-02
0.29999999E+00 0.15600000E+01 0.28071776E-02
0.31999999E+00 0.15600000E+01 0.28949373E-02
0.33999999E+00 0.15600000E+01 0.29805449E-02
0.35999999E+00 0.15600000E+01 0.30663906E-02
0.37999999E+00 0.15600000E+01 0.31549117E-02
0.39999999E+00 0.15600000E+01 0.32483448E-02
0.41999999E+00 0.15600000E+01 0.33484278E-02
0.43999999E+00 0.15600000E+01 0.34560604E-02
0.45999999E+00 0.15600000E+01 0.35709442E-02
0.47999999E+00 0.15600000E+01 0.36912290E-02
0.49999999E+00 0.15600000E+01 0.38132103E-02
0.51999999E+00 0.15600000E+01 0.39311355E-02
0.53999999E+00 0.15600000E+01 0.40372010E-02
0.55999999E+00 0.15600000E+01 0.41218493E-02
0.57999999E+00 0.15600000E+01 0.41745168E-02
0.59999999E+00 0.15600000E+01 0.41850555E-02
0.61999999E+00 0.15600000E+01 0.41461887E-02
0.63999999E+00 0.15600000E+01 0.40577273E-02
0.65999999E+00 0.15600000E+01 0.39344761E-02
0.67999998E+00 0.15600000E+01 0.38272658E-02
0.69999998E+00 0.15600000E+01 0.39061282E-02
0.71999998E+00 0.15600000E+01 0.39853246E-02
0.73999998E+00 0.15600000E+01 0.40658082E-02
0.75999998E+00 0.15600000E+01 0.41485181E-02
0.77999998E+00 0.15600000E+01 0.42343231E-02
0.79999998E+00 0.15600000E+01 0.43239619E-02
0.81999998E+00 0.15600000E+01 0.44179840E-02
0.83999998E+00 0.15600000E+01 0.45166948E-02
0.85999998E+00 0.15600000E+01 0.46201099E-02
0.87999998E+00 0.15600000E+01 0.47279247E-02
0.89999998E+00 0.15600000E+01 0.48395046E-02
0.91999998E+00 0.15600000E+01 0.49539024E-02
0.93999998E+00 0.15600000E+01 0.50699091E-02
0.95999998E+00 0.15600000E+01 0.51861405E-02
0.97999998E+00 0.15600000E+01 0.53011659E-02
0.99999998E+00 0.15600000E+01 0.54136738E-02
0.10200000E+01 0.15600000E+01 0.55226731E-02
0.10400000E+01 0.15600000E+01 0.56277152E-02
0.10600000E+01 0.15600000E+01 0.57291175E-02
0.10800000E+01 0.15600000E+01 0.58281540E-02
0.11000000E+01 0.15600000E+01 0.59271642E-02
0.11200000E+01 0.15600000E+01 0.60295089E-02
0.11400000E+01 0.15600000E+01 0.61392696E-02
0.11600000E+01 0.15600000E+01 0.62605404E-02
0.11800000E+01 0.15600000E+01 0.63960727E-02
0.12000000E+01 0.15600000E+01 0.65448445E-02
0.12200000E+01 0.15600000E+01 0.66976202E-02
0.12400000E+01 0.15600000E+01 0.68277961E-02
0.12600000E+01 0.15600000E+01 0.68656965E-02
0.12800000E+01 0.15600000E+01 0.65127719E-02
0.13000000E+01 0.15600000E+01 0.62621267E-02
0.13200000E+01 0.15600000E+01 0.64149928E-02
0.13400000E+01 0.15600000E+01 0.65667949E-02
0.13600000E+01 0.15600000E+01 0.67158931E-02
0.13800000E+01 0.15600000E+01 0.68606055E-02
0.14000000E+01 0.15600000E+01 0.69992902E-02
0.14200000E+01 0.15600000E+01 0.71304409E-02
0.14400000E+01 0.15600000E+01 0.72527906E-02
0.14600000E+01 0.15600000E+01 0.73654217E-02
0.14800000E+01 0.15600000E+01 0.74678750E-02
0.15000000E+01 0.15600000E+01 0.75602505E-02
0.15200000E+01 0.15600000E+01 0.76432919E-02
0.15400000E+01 0.15600000E+01 0.77184431E-02
0.15600000E+01 0.15600000E+01 0.77878671E-02
0.15800000E+01 0.15600000E+01 0.78544145E-02
0.16000000E+01 0.15600000E+01 0.79215291E-02
0.16200000E+01 0.15600000E+01 0.79930819E-02
0.16400000E+01 0.15600000E+01 0.80731236E-02
0.16600000E+01 0.15600000E+01 0.81655517E-02
0.16800000E+01 0.15600000E+01 0.82736943E-02
0.17000000E+01 0.15600000E+01 0.83998176E-02
0.17200000E+01 0.15600000E+01 0.85445745E-02
0.17400000E+01 0.15600000E+01 0.87064183E-02
0.17600000E+01 0.15600000E+01 0.88810070E-02
0.17800000E+01 0.15600000E+01 0.90606079E-02
0.18000000E+01 0.15600000E+01 0.92334488E-02
0.18200000E+01 0.15600000E+01 0.93827419E-02
0.18400000E+01 0.15600000E+01 0.94843246E-02
0.18600000E+01 0.15600000E+01 0.94981693E-02
0.18800000E+01 0.15600000E+01 0.93142614E-02
0.19000000E+01 0.15600000E+01 0.89444356E-02
0.19200000E+01 0.15600000E+01 0.90569117E-02
0.19400000E+01 0.15600000E+01 0.91642153E-02
0.19600000E+01 0.15600000E+01 0.92669398E-02
0.19800000E+01 0.15600000E+01 0.93658384E-02
0.20000000E+01 0.15600000E+01 0.94617705E-02
0.00000000E+00 0.15800000E+01 0.11041737E-02
0.20000000E-01 0.15800000E+01 0.13029662E-02
0.39999999E-01 0.15800000E+01 0.14489091E-02
0.59999999E-01 0.15800000E+01 0.12896935E-02
0.79999998E-01 0.15800000E+01 0.14516607E-02
0.99999998E-01 0.15800000E+01 0.16108929E-02
0.12000000E+00 0.15800000E+01 0.17658992E-02
0.14000000E+00 0.15800000E+01 0.19152730E-02
0.16000000E+00 0.15800000E+01 0.20577798E-02
0.18000000E+00 0.15800000E+01 0.21924455E-02
0.20000000E+00 0.15800000E+01 0.23186418E-02
0.22000000E+00 0.15800000E+01 0.24361600E-02
0.23999999E+00 0.15800000E+01 0.25452690E-02
0.25999999E+00 0.15800000E+01 0.26467483E-02
0.27999999E+00 0.15800000E+01 0.27418885E-02
0.29999999E+00 0.15800000E+01 0.28324525E-02
0.31999999E+00 0.15800000E+01 0.29205891E-02
0.33999999E+00 0.15800000E+01 0.30086949E-02
0.35999999E+00 0.15800000E+01 0.30992199E-02
0.37999999E+00 0.15800000E+01 0.31944176E-02
0.39999999E+00 0.15800000E+01 0.32960439E-02
0.41999999E+00 0.15800000E+01 0.34050171E-02
0.43999999E+00 0.15800000E+01 0.35210577E-02
0.45999999E+00 0.15800000E+01 0.36423382E-02
0.47999999E+00 0.15800000E+01 0.37651874E-02
0.49999999E+00 0.15800000E+01 0.38839081E-02
0.51999999E+00 0.15800000E+01 0.39907886E-02
0.53999999E+00 0.15800000E+01 0.40764168E-02
0.55999999E+00 0.15800000E+01 0.41304396E-02
0.57999999E+00 0.15800000E+01 0.41429746E-02
0.59999999E+00 0.15800000E+01 0.41069970E-02
0.61999999E+00 0.15800000E+01 0.40223252E-02
0.63999999E+00 0.15800000E+01 0.39027298E-02
0.65999999E+00 0.15800000E+01 0.37905346E-02
0.67999998E+00 0.15800000E+01 0.38697828E-02
0.69999998E+00 0.15800000E+01 0.39492514E-02
0.71999998E+00 0.15800000E+01 0.40298743E-02
0.73999998E+00 0.15800000E+01 0.41125674E-02
0.75999998E+00 0.15800000E+01 0.41981713E-02
0.77999998E+00 0.15800000E+01 0.42873925E-02
0.79999998E+00 0.15800000E+01 0.43807450E-02
0.81999998E+00 0.15800000E+01 0.44784966E-02
0.83999998E+00 0.15800000E+01 0.45806262E-02
0.85999998E+00 0.15800000E+01 0.46867962E-02
0.87999998E+00 0.15800000E+01 0.47963465E-02
0.89999998E+00 0.15800000E+01 0.49083170E-02
0.91999998E+00 0.15800000E+01 0.50215024E-02
0.93999998E+00 0.15800000E+01 0.51345444E-02
0.95999998E+00 0.15800000E+01 0.52460634E-02
0.97999998E+00 0.15800000E+01 0.53548268E-02
0.99999998E+00 0.15800000E+01 0.54599492E-02
0.10200000E+01 0.15800000E+01 0.55611094E-02
0.10400000E+01 0.15800000E+01 0.56587620E-02
0.10600000E+01 0.15800000E+01 0.57543100E-02
0.10800000E+01 0.15800000E+01 0.58501858E-02
0.11000000E+01 0.15800000E+01 0.59497707E-02
0.11200000E+01 0.15800000E+01 0.60570512E-02
0.11400000E+01 0.15800000E+01 0.61758674E-02
0.11600000E+01 0.15800000E+01 0.63085289E-02
0.11800000E+01 0.15800000E+01 0.64534050E-02
0.12000000E+01 0.15800000E+01 0.66006311E-02
0.12200000E+01 0.15800000E+01 0.67234280E-02
0.12400000E+01 0.15800000E+01 0.67539100E-02
0.12600000E+01 0.15800000E+01 0.64063387E-02
0.12800000E+01 0.15800000E+01 0.61659333E-02
0.13000000E+01 0.15800000E+01 0.63152585E-02
0.13200000E+01 0.15800000E+01 0.64636811E-02
0.13400000E+01 0.15800000E+01 0.66096364E-02
0.13600000E+01 0.15800000E+01 0.67515255E-02
0.13800000E+01 0.15800000E+01 0.68877966E-02
0.14000000E+01 0.15800000E+01 0.70170375E-02
0.14200000E+01 0.15800000E+01 0.71380772E-02
0.14400000E+01 0.15800000E+01 0.72500904E-02
0.14600000E+01 0.15800000E+01 0.73527008E-02
0.14800000E+01 0.15800000E+01 0.74460753E-02
0.15000000E+01 0.15800000E+01 0.75309997E-02
0.15200000E+01 0.15800000E+01 0.76089269E-02
0.15400000E+01 0.15800000E+01 0.76819867E-02
0.15600000E+01 0.15800000E+01 0.77529460E-02
0.15800000E+01 0.15800000E+01 0.78251096E-02
0.16000000E+01 0.15800000E+01 0.79021520E-02
0.16200000E+01 0.15800000E+01 0.79878748E-02
0.16400000E+01 0.15800000E+01 0.80858884E-02
0.16600000E+01 0.15800000E+01 0.81992207E-02
0.16800000E+01 0.15800000E+01 0.83298653E-02
0.17000000E+01 0.15800000E+01 0.84782867E-02
0.17200000E+01 0.15800000E+01 0.86429061E-02
0.17400000E+01 0.15800000E+01 0.88195870E-02
0.17600000E+01 0.15800000E+01 0.90011149E-02
0.17800000E+01 0.15800000E+01 0.91765773E-02
0.18000000E+01 0.15800000E+01 0.93302825E-02
0.18200000E+01 0.15800000E+01 0.94389436E-02
0.18400000E+01 0.15800000E+01 0.94616900E-02
0.18600000E+01 0.15800000E+01 0.92793803E-02
0.18800000E+01 0.15800000E+01 0.88870033E-02
0.19000000E+01 0.15800000E+01 0.90046901E-02
0.19200000E+01 0.15800000E+01 0.91175589E-02
0.19400000E+01 0.15800000E+01 0.92261522E-02
0.19600000E+01 0.15800000E+01 0.93311576E-02
0.19800000E+01 0.15800000E+01 0.94333536E-02
0.20000000E+01 0.15800000E+01 0.95335371E-02
0.00000000E+00 0.16000000E+01 0.11703016E-02
0.20000000E-01 0.16000000E+01 0.13238046E-02
0.39999999E-01 0.16000000E+01 0.11789958E-02
0.59999999E-01 0.16000000E+01 0.13444491E-02
0.79999998E-01 0.16000000E+01 0.15074605E-02
0.99999998E-01 0.16000000E+01 0.16664605E-02
0.12000000E+00 0.16000000E+01 0.18199628E-02
0.14000000E+00 0.16000000E+01 0.19666539E-02
0.16000000E+00 0.16000000E+01 0.21054844E-02
0.18000000E+00 0.16000000E+01 0.22357570E-02
0.20000000E+00 0.16000000E+01 0.23572027E-02
0.22000000E+00 0.16000000E+01 0.24700408E-02
0.23999999E+00 0.16000000E+01 0.25750134E-02
0.25999999E+00 0.16000000E+01 0.26733869E-02
0.27999999E+00 0.16000000E+01 0.27669129E-02
0.29999999E+00 0.16000000E+01 0.28577408E-02
0.31999999E+00 0.16000000E+01 0.29482780E-02
0.33999999E+00 0.16000000E+01 0.30409922E-02
0.35999999E+00 0.16000000E+01 0.31381591E-02
0.37999999E+00 0.16000000E+01 0.32415576E-02
0.39999999E+00 0.16000000E+01 0.33521282E-02
0.41999999E+00 0.16000000E+01 0.34696115E-02
0.43999999E+00 0.16000000E+01 0.35922010E-02
0.45999999E+00 0.16000000E+01 0.37162525E-02
0.47999999E+00 0.16000000E+01 0.38361125E-02
0.49999999E+00 0.16000000E+01 0.39441444E-02
0.51999999E+00 0.16000000E+01 0.40310587E-02
0.53999999E+00 0.16000000E+01 0.40866853E-02
0.55999999E+00 0.16000000E+01 0.41013771E-02
0.57999999E+00 0.16000000E+01 0.40683338E-02
0.59999999E+00 0.16000000E+01 0.39873653E-02
0.61999999E+00 0.16000000E+01 0.38712214E-02
0.63999999E+00 0.16000000E+01 0.37538105E-02
0.65999999E+00 0.16000000E+01 0.38335860E-02
0.67999998E+00 0.16000000E+01 0.39134746E-02
0.69999998E+00 0.16000000E+01 0.39943924E-02
0.71999998E+00 0.16000000E+01 0.40772323E-02
0.73999998E+00 0.16000000E+01 0.41628072E-02
0.75999998E+00 0.16000000E+01 0.42517912E-02
0.77999998E+00 0.16000000E+01 0.43446620E-02
0.79999998E+00 0.16000000E+01 0.44416489E-02
0.81999998E+00 0.16000000E+01 0.45426922E-02
0.83999998E+00 0.16000000E+01 0.46474187E-02
0.85999998E+00 0.16000000E+01 0.47551400E-02
0.87999998E+00 0.16000000E+01 0.48648794E-02
0.89999998E+00 0.16000000E+01 0.49754316E-02
0.91999998E+00 0.16000000E+01 0.50854600E-02
0.93999998E+00 0.16000000E+01 0.51936325E-02
0.95999998E+00 0.16000000E+01 0.52987920E-02
0.97999998E+00 0.16000000E+01 0.54001559E-02
0.99999998E+00 0.16000000E+01 0.54975284E-02
0.10200000E+01 0.16000000E+01 0.55915012E-02
0.10400000E+01 0.16000000E+01 0.56836073E-02
0.10600000E+01 0.16000000E+01 0.57763746E-02
0.10800000E+01 0.16000000E+01 0.58732095E-02
0.11000000E+01 0.16000000E+01 0.59780095E-02
0.11200000E+01 0.16000000E+01 0.60943680E-02
0.11400000E+01 0.16000000E+01 0.62241613E-02
0.11600000E+01 0.16000000E+01 0.63651592E-02
0.11800000E+01 0.16000000E+01 0.65068780E-02
0.12000000E+01 0.16000000E+01 0.66223760E-02
0.12200000E+01 0.16000000E+01 0.66455828E-02
0.12400000E+01 0.16000000E+01 0.63037027E-02
0.12600000E+01 0.16000000E+01 0.60737251E-02
0.12800000E+01 0.16000000E+01 0.62194281E-02
0.13000000E+01 0.16000000E+01 0.63643479E-02
0.13200000E+01 0.16000000E+01 0.65069942E-02
0.13400000E+01 0.16000000E+01 0.66458515E-02
0.13600000E+01 0.16000000E+01 0.67794590E-02
0.13800000E+01 0.16000000E+01 0.69065011E-02
0.14000000E+01 0.16000000E+01 0.70259047E-02
0.14200000E+01 0.16000000E+01 0.71369401E-02
0.14400000E+01 0.16000000E+01 0.72393177E-02
0.14600000E+01 0.16000000E+01 0.73332747E-02
0.14800000E+01 0.16000000E+01 0.74196426E-02
0.15000000E+01 0.16000000E+01 0.74998861E-02
0.15200000E+01 0.16000000E+01 0.75761039E-02
0.15400000E+01 0.16000000E+01 0.76509803E-02
0.15600000E+01 0.16000000E+01 0.77276803E-02
0.15800000E+01 0.16000000E+01 0.78096799E-02
0.16000000E+01 0.16000000E+01 0.79005284E-02
0.16200000E+01 0.16000000E+01 0.80035438E-02
0.16400000E+01 0.16000000E+01 0.81214486E-02
0.16600000E+01 0.16000000E+01 0.82559590E-02
0.16800000E+01 0.16000000E+01 0.84073487E-02
0.17000000E+01 0.16000000E+01 0.85740083E-02
0.17200000E+01 0.16000000E+01 0.87520162E-02
0.17400000E+01 0.16000000E+01 0.89346955E-02
0.17600000E+01 0.16000000E+01 0.91120280E-02
0.17800000E+01 0.16000000E+01 0.92694725E-02
0.18000000E+01 0.16000000E+01 0.93846977E-02
0.18200000E+01 0.16000000E+01 0.94161138E-02
0.18400000E+01 0.16000000E+01 0.92357283E-02
0.18600000E+01 0.16000000E+01 0.88215714E-02
0.18800000E+01 0.16000000E+01 0.89441179E-02
0.19000000E+01 0.16000000E+01 0.90622551E-02
0.19200000E+01 0.16000000E+01 0.91764782E-02
0.19400000E+01 0.16000000E+01 0.92874119E-02
0.19600000E+01 0.16000000E+01 0.93957553E-02
0.19800000E+01 0.16000000E+01 0.95022097E-02
0.20000000E+01 0.16000000E+01 0.96073892E-02
0.00000000E+00 0.16200000E+01 0.11937837E-02
0.20000000E-01 0.16200000E+01 0.10639186E-02
0.39999999E-01 0.16200000E+01 0.12328038E-02
0.59999999E-01 0.16200000E+01 0.13995987E-02
0.79999998E-01 0.16200000E+01 0.15626438E-02
0.99999998E-01 0.16200000E+01 0.17203621E-02
0.12000000E+00 0.16200000E+01 0.18713511E-02
0.14000000E+00 0.16200000E+01 0.20144776E-02
0.16000000E+00 0.16200000E+01 0.21489674E-02
0.18000000E+00 0.16200000E+01 0.22744855E-02
0.20000000E+00 0.16200000E+01 0.23911973E-02
0.22000000E+00 0.16200000E+01 0.24998056E-02
0.23999999E+00 0.16200000E+01 0.26015520E-02
0.25999999E+00 0.16200000E+01 0.26981785E-02
0.27999999E+00 0.16200000E+01 0.27918386E-02
0.29999999E+00 0.16200000E+01 0.28849551E-02
0.31999999E+00 0.16200000E+01 0.29800196E-02
0.33999999E+00 0.16200000E+01 0.30793361E-02
0.35999999E+00 0.16200000E+01 0.31847129E-02
0.37999999E+00 0.16200000E+01 0.32971169E-02
0.39999999E+00 0.16200000E+01 0.34163117E-02
0.41999999E+00 0.16200000E+01 0.35405101E-02
0.43999999E+00 0.16200000E+01 0.36660894E-02
0.45999999E+00 0.16200000E+01 0.37874283E-02
0.47999999E+00 0.16200000E+01 0.38969475E-02
0.49999999E+00 0.16200000E+01 0.39854560E-02
0.51999999E+00 0.16200000E+01 0.40429368E-02
0.53999999E+00 0.16200000E+01 0.40599465E-02
0.55999999E+00 0.16200000E+01 0.40298797E-02
0.57999999E+00 0.16200000E+01 0.39525231E-02
0.59999999E+00 0.16200000E+01 0.38396304E-02
0.61999999E+00 0.16200000E+01 0.37168672E-02
0.63999999E+00 0.16200000E+01 0.37973041E-02
0.65999999E+00 0.16200000E+01 0.38777532E-02
0.67999998E+00 0.16200000E+01 0.39591136E-02
0.69999998E+00 0.16200000E+01 0.40422566E-02
0.71999998E+00 0.16200000E+01 0.41279683E-02
0.73999998E+00 0.16200000E+01 0.42168906E-02
0.75999998E+00 0.16200000E+01 0.43094648E-02
0.77999998E+00 0.16200000E+01 0.44058810E-02
0.79999998E+00 0.16200000E+01 0.45060393E-02
0.81999998E+00 0.16200000E+01 0.46095289E-02
0.83999998E+00 0.16200000E+01 0.47156305E-02
0.85999998E+00 0.16200000E+01 0.48233470E-02
0.87999998E+00 0.16200000E+01 0.49314696E-02
0.89999998E+00 0.16200000E+01 0.50386793E-02
0.91999998E+00 0.16200000E+01 0.51436869E-02
0.93999998E+00 0.16200000E+01 0.52454069E-02
0.95999998E+00 0.16200000E+01 0.53431562E-02
0.97999998E+00 0.16200000E+01 0.54368619E-02
0.99999998E+00 0.16200000E+01 0.55272515E-02
0.10200000E+01 0.16200000E+01 0.56159880E-02
0.10400000E+01 0.16200000E+01 0.57056977E-02
0.10600000E+01 0.16200000E+01 0.57998159E-02
0.10800000E+01 0.16200000E+01 0.59021579E-02
0.11000000E+01 0.16200000E+01 0.60160786E-02
0.11200000E+01 0.16200000E+01 0.61430309E-02
0.11400000E+01 0.16200000E+01 0.62801958E-02
0.11600000E+01 0.16200000E+01 0.64164821E-02
0.11800000E+01 0.16200000E+01 0.65247965E-02
0.12000000E+01 0.16200000E+01 0.65408979E-02
0.12200000E+01 0.16200000E+01 0.62049927E-02
0.12400000E+01 0.16200000E+01 0.59855810E-02
0.12600000E+01 0.16200000E+01 0.61276220E-02
0.12800000E+01 0.16200000E+01 0.62689593E-02
0.13000000E+01 0.16200000E+01 0.64081758E-02
0.13200000E+01 0.16200000E+01 0.65438390E-02
0.13400000E+01 0.16200000E+01 0.66745795E-02
0.13600000E+01 0.16200000E+01 0.67991792E-02
0.13800000E+01 0.16200000E+01 0.69166650E-02
0.14000000E+01 0.16200000E+01 0.70264051E-02
0.14200000E+01 0.16200000E+01 0.71281991E-02
0.14400000E+01 0.16200000E+01 0.72223577E-02
0.14600000E+01 0.16200000E+01 0.73097612E-02
0.14800000E+01 0.16200000E+01 0.73918889E-02
0.15000000E+01 0.16200000E+01 0.74708104E-02
0.15200000E+01 0.16200000E+01 0.75491286E-02
0.15400000E+01 0.16200000E+01 0.76298689E-02
0.15600000E+01 0.16200000E+01 0.77163075E-02
0.15800000E+01 0.16200000E+01 0.78117385E-02
0.16000000E+01 0.16200000E+01 0.79191841E-02
0.16200000E+01 0.16200000E+01 0.80410570E-02
0.16400000E+01 0.16200000E+01 0.81787921E-02
0.16600000E+01 0.16200000E+01 0.83324691E-02
0.16800000E+01 0.16200000E+01 0.85004495E-02
0.17000000E+01 0.16200000E+01 0.86790327E-02
0.17200000E+01 0.16200000E+01 0.88620958E-02
0.17400000E+01 0.16200000E+01 0.90405431E-02
0.17600000E+01 0.16200000E+01 0.92010311E-02
0.17800000E+01 0.16200000E+01 0.93222591E-02
0.18000000E+01 0.16200000E+01 0.93620459E-02
0.18200000E+01 0.16200000E+01 0.91838703E-02
0.18400000E+01 0.16200000E+01 0.87487876E-02
0.18600000E+01 0.16200000E+01 0.88757902E-02
0.18800000E+01 0.16200000E+01 0.89988382E-02
0.19000000E+01 0.16200000E+01 0.91183843E-02
0.19200000E+01 0.16200000E+01 0.92349933E-02
0.19400000E+01 0.16200000E+01 0.93492872E-02
0.19600000E+01 0.16200000E+01 0.94618726E-02
0.19800000E+01 0.16200000E+01 0.95732535E-02
0.20000000E+01 0.16200000E+01 0.96837320E-02
0.00000000E+00 0.16400000E+01 0.94454970E-03
0.20000000E-01 0.16400000E+01 0.11167728E-02
0.39999999E-01 0.16400000E+01 0.12873260E-02
0.59999999E-01 0.16400000E+01 0.14544462E-02
0.79999998E-01 0.16400000E+01 0.16164524E-02
0.99999998E-01 0.16400000E+01 0.17718414E-02
0.12000000E+00 0.16400000E+01 0.19193852E-02
0.14000000E+00 0.16400000E+01 0.20582244E-02
0.16000000E+00 0.16400000E+01 0.21879502E-02
0.18000000E+00 0.16400000E+01 0.23086694E-02
0.20000000E+00 0.16400000E+01 0.24210419E-02
0.22000000E+00 0.16400000E+01 0.25262843E-02
0.23999999E+00 0.16400000E+01 0.26261304E-02
0.25999999E+00 0.16400000E+01 0.27227414E-02
0.27999999E+00 0.16400000E+01 0.28185609E-02
0.29999999E+00 0.16400000E+01 0.29161112E-02
0.31999999E+00 0.16400000E+01 0.30177320E-02
0.33999999E+00 0.16400000E+01 0.31252679E-02
0.35999999E+00 0.16400000E+01 0.32397187E-02
0.37999999E+00 0.16400000E+01 0.33608739E-02
0.39999999E+00 0.16400000E+01 0.34869658E-02
0.41999999E+00 0.16400000E+01 0.36143877E-02
0.43999999E+00 0.16400000E+01 0.37375392E-02
0.45999999E+00 0.16400000E+01 0.38488798E-02
0.47999999E+00 0.16400000E+01 0.39392916E-02
0.49999999E+00 0.16400000E+01 0.39988796E-02
0.51999999E+00 0.16400000E+01 0.40183692E-02
0.53999999E+00 0.16400000E+01 0.39913197E-02
0.55999999E+00 0.16400000E+01 0.39174801E-02
0.57999999E+00 0.16400000E+01 0.38076439E-02
0.59999999E+00 0.16400000E+01 0.36794879E-02
0.61999999E+00 0.16400000E+01 0.37607137E-02
0.63999999E+00 0.16400000E+01 0.38418564E-02
0.65999999E+00 0.16400000E+01 0.39237999E-02
0.67999998E+00 0.16400000E+01 0.40073952E-02
0.69999998E+00 0.16400000E+01 0.40934028E-02
0.71999998E+00 0.16400000E+01 0.41824334E-02
0.73999998E+00 0.16400000E+01 0.42748923E-02
0.75999998E+00 0.16400000E+01 0.43709299E-02
0.77999998E+00 0.16400000E+01 0.44704052E-02
0.79999998E+00 0.16400000E+01 0.45728682E-02
0.81999998E+00 0.16400000E+01 0.46775657E-02
0.83999998E+00 0.16400000E+01 0.47834776E-02
0.85999998E+00 0.16400000E+01 0.48893873E-02
0.87999998E+00 0.16400000E+01 0.49939890E-02
0.89999998E+00 0.16400000E+01 0.50960321E-02
0.91999998E+00 0.16400000E+01 0.51944981E-02
0.93999998E+00 0.16400000E+01 0.52887993E-02
0.95999998E+00 0.16400000E+01 0.53789824E-02
0.97999998E+00 0.16400000E+01 0.54659086E-02
0.99999998E+00 0.16400000E+01 0.55513713E-02
0.10200000E+01 0.16400000E+01 0.56380961E-02
0.10400000E+01 0.16400000E+01 0.57295521E-02
0.10600000E+01 0.16400000E+01 0.58294786E-02
0.10800000E+01 0.16400000E+01 0.59410012E-02
0.11000000E+01 0.16400000E+01 0.60651609E-02
0.11200000E+01 0.16400000E+01 0.61985623E-02
0.11400000E+01 0.16400000E+01 0.63295189E-02
0.11600000E+01 0.16400000E+01 0.64307959E-02
0.11800000E+01 0.16400000E+01 0.64399833E-02
0.12000000E+01 0.16400000E+01 0.61102831E-02
0.12200000E+01 0.16400000E+01 0.59015264E-02
0.12400000E+01 0.16400000E+01 0.60399037E-02
0.12600000E+01 0.16400000E+01 0.61776193E-02
0.12800000E+01 0.16400000E+01 0.63133277E-02
0.13000000E+01 0.16400000E+01 0.64456785E-02
0.13200000E+01 0.16400000E+01 0.65733932E-02
0.13400000E+01 0.16400000E+01 0.66953514E-02
0.13600000E+01 0.16400000E+01 0.68106814E-02
0.13800000E+01 0.16400000E+01 0.69188505E-02
0.14000000E+01 0.16400000E+01 0.70197501E-02
0.14200000E+01 0.16400000E+01 0.71137667E-02
0.14400000E+01 0.16400000E+01 0.72018320E-02
0.14600000E+01 0.16400000E+01 0.72854424E-02
0.14800000E+01 0.16400000E+01 0.73666404E-02
0.15000000E+01 0.16400000E+01 0.74479492E-02
0.15200000E+01 0.16400000E+01 0.75322551E-02
0.15400000E+01 0.16400000E+01 0.76226337E-02
0.15600000E+01 0.16400000E+01 0.77221225E-02
0.15800000E+01 0.16400000E+01 0.78334453E-02
0.16000000E+01 0.16400000E+01 0.79587014E-02
0.16200000E+01 0.16400000E+01 0.80990406E-02
0.16400000E+01 0.16400000E+01 0.82543470E-02
0.16600000E+01 0.16400000E+01 0.84229522E-02
0.16800000E+01 0.16400000E+01 0.86013815E-02
0.17000000E+01 0.16400000E+01 0.87840773E-02
0.17200000E+01 0.16400000E+01 0.89628899E-02
0.17400000E+01 0.16400000E+01 0.91257135E-02
0.17600000E+01 0.16400000E+01 0.92523477E-02
0.17800000E+01 0.16400000E+01 0.93001500E-02
0.18000000E+01 0.16400000E+01 0.91244345E-02
0.18200000E+01 0.16400000E+01 0.86693548E-02
0.18400000E+01 0.16400000E+01 0.88003678E-02
0.18600000E+01 0.16400000E+01 0.89279192E-02
0.18800000E+01 0.16400000E+01 0.90524238E-02
0.19000000E+01 0.16400000E+01 0.91743907E-02
0.19200000E+01 0.16400000E+01 0.92943674E-02
0.19400000E+01 0.16400000E+01 0.94128677E-02
0.19600000E+01 0.16400000E+01 0.95302864E-02
0.19800000E+01 0.16400000E+01 0.96468032E-02
0.20000000E+01 0.16400000E+01 0.97622810E-02
0.00000000E+00 0.16600000E+01 0.99643443E-03
0.20000000E-01 0.16600000E+01 0.11706862E-02
0.39999999E-01 0.16600000E+01 0.13418865E-02
0.59999999E-01 0.16600000E+01 0.15082350E-02
0.79999998E-01 0.16600000E+01 0.16681136E-02
0.99999998E-01 0.16600000E+01 0.18201871E-02
0.12000000E+00 0.16600000E+01 0.19634993E-02
0.14000000E+00 0.16600000E+01 0.20975595E-02
0.16000000E+00 0.16600000E+01 0.22224091E-02
0.18000000E+00 0.16600000E+01 0.23386616E-02
0.20000000E+00 0.16600000E+01 0.24475070E-02
0.22000000E+00 0.16600000E+01 0.25506723E-02
0.23999999E+00 0.16600000E+01 0.26503302E-02
0.25999999E+00 0.16600000E+01 0.27489512E-02
0.27999999E+00 0.16600000E+01 0.28490958E-02
0.29999999E+00 0.16600000E+01 0.29531478E-02
0.31999999E+00 0.16600000E+01 0.30629969E-02
0.33999999E+00 0.16600000E+01 0.31796825E-02
0.35999999E+00 0.16600000E+01 0.33030252E-02
0.37999999E+00 0.16600000E+01 0.34312774E-02
0.39999999E+00 0.16600000E+01 0.35608441E-02
0.41999999E+00 0.16600000E+01 0.36861343E-02
0.43999999E+00 0.16600000E+01 0.37996275E-02
0.45999999E+00 0.16600000E+01 0.38922526E-02
0.47999999E+00 0.16600000E+01 0.39542029E-02
0.49999999E+00 0.16600000E+01 0.39763363E-02
0.51999999E+00 0.16600000E+01 0.39523441E-02
0.53999999E+00 0.16600000E+01 0.38819252E-02
0.55999999E+00 0.16600000E+01 0.37749579E-02
0.57999999E+00 0.16600000E+01 0.36414654E-02
0.59999999E+00 0.16600000E+01 0.37236014E-02
0.61999999E+00 0.16600000E+01 0.38055639E-02
0.63999999E+00 0.16600000E+01 0.38882238E-02
0.65999999E+00 0.16600000E+01 0.39724136E-02
0.67999998E+00 0.16600000E+01 0.40588696E-02
0.69999998E+00 0.16600000E+01 0.41481728E-02
0.71999998E+00 0.16600000E+01 0.42406931E-02
0.73999998E+00 0.16600000E+01 0.43365414E-02
0.75999998E+00 0.16600000E+01 0.44355352E-02
0.77999998E+00 0.16600000E+01 0.45371837E-02
0.79999998E+00 0.16600000E+01 0.46406977E-02
0.81999998E+00 0.16600000E+01 0.47450309E-02
0.83999998E+00 0.16600000E+01 0.48489550E-02
0.85999998E+00 0.16600000E+01 0.49511729E-02
0.87999998E+00 0.16600000E+01 0.50504679E-02
0.89999998E+00 0.16600000E+01 0.51458835E-02
0.91999998E+00 0.16600000E+01 0.52369227E-02
0.93999998E+00 0.16600000E+01 0.53237480E-02
0.95999998E+00 0.16600000E+01 0.54073517E-02
0.97999998E+00 0.16600000E+01 0.54896564E-02
0.99999998E+00 0.16600000E+01 0.55734886E-02
0.10200000E+01 0.16600000E+01 0.56623550E-02
0.10400000E+01 0.16600000E+01 0.57599259E-02
0.10600000E+01 0.16600000E+01 0.58691075E-02
0.10800000E+01 0.16600000E+01 0.59905411E-02
0.11000000E+01 0.16600000E+01 0.61202693E-02
0.11200000E+01 0.16600000E+01 0.62460234E-02
0.11400000E+01 0.16600000E+01 0.63404350E-02
0.11600000E+01 0.16600000E+01 0.63429172E-02
0.11800000E+01 0.16600000E+01 0.60195994E-02
0.12000000E+01 0.16600000E+01 0.58215397E-02
0.12200000E+01 0.16600000E+01 0.59562858E-02
0.12400000E+01 0.16600000E+01 0.60903775E-02
0.12600000E+01 0.16600000E+01 0.62225390E-02
0.12800000E+01 0.16600000E+01 0.63515000E-02
0.13000000E+01 0.16600000E+01 0.64760722E-02
0.13200000E+01 0.16600000E+01 0.65952327E-02
0.13400000E+01 0.16600000E+01 0.67082111E-02
0.13600000E+01 0.16600000E+01 0.68145753E-02
0.13800000E+01 0.16600000E+01 0.69143097E-02
0.14000000E+01 0.16600000E+01 0.70078786E-02
0.14200000E+01 0.16600000E+01 0.70962674E-02
0.14400000E+01 0.16600000E+01 0.71809916E-02
0.14600000E+01 0.16600000E+01 0.72640690E-02
0.14800000E+01 0.16600000E+01 0.73479446E-02
0.15000000E+01 0.16600000E+01 0.74353664E-02
0.15200000E+01 0.16600000E+01 0.75292100E-02
0.15400000E+01 0.16600000E+01 0.76322554E-02
0.15600000E+01 0.16600000E+01 0.77469258E-02
0.15800000E+01 0.16600000E+01 0.78750051E-02
0.16000000E+01 0.16600000E+01 0.80173553E-02
0.16200000E+01 0.16600000E+01 0.81736619E-02
0.16400000E+01 0.16600000E+01 0.83422260E-02
0.16600000E+01 0.16600000E+01 0.85198013E-02
0.16800000E+01 0.16600000E+01 0.87014036E-02
0.17000000E+01 0.16600000E+01 0.88798465E-02
0.17200000E+01 0.16600000E+01 0.90442961E-02
0.17400000E+01 0.16600000E+01 0.91757154E-02
0.17600000E+01 0.16600000E+01 0.92311321E-02
0.17800000E+01 0.16600000E+01 0.90580959E-02
0.18000000E+01 0.16600000E+01 0.85840148E-02
0.18200000E+01 0.16600000E+01 0.87185607E-02
0.18400000E+01 0.16600000E+01 0.88501685E-02
0.18600000E+01 0.16600000E+01 0.89792201E-02
0.18800000E+01 0.16600000E+01 0.91061734E-02
0.19000000E+01 0.16600000E+01 0.92315045E-02
0.19200000E+01 0.16600000E+01 0.93556371E-02
0.19400000E+01 0.16600000E+01 0.94788584E-02
0.19600000E+01 0.16600000E+01 0.96012267E-02
0.19800000E+01 0.16600000E+01 0.97224754E-02
0.20000000E+01 0.16600000E+01 0.98419212E-02
0.00000000E+00 0.16800000E+01 0.10497509E-02
0.20000000E-01 0.16800000E+01 0.12250073E-02
0.39999999E-01 0.16800000E+01 0.13957326E-02
0.59999999E-01 0.16800000E+01 0.15601770E-02
0.79999998E-01 0.16800000E+01 0.17168825E-02
0.99999998E-01 0.16800000E+01 0.18647838E-02
0.12000000E+00 0.16800000E+01 0.20032973E-02
0.14000000E+00 0.16800000E+01 0.21323910E-02
0.16000000E+00 0.16800000E+01 0.22526270E-02
0.18000000E+00 0.16800000E+01 0.23651669E-02
0.20000000E+00 0.16800000E+01 0.24717317E-02
0.22000000E+00 0.16800000E+01 0.25745098E-02
0.23999999E+00 0.16800000E+01 0.26760048E-02
0.25999999E+00 0.16800000E+01 0.27788239E-02
0.27999999E+00 0.16800000E+01 0.28854049E-02
0.29999999E+00 0.16800000E+01 0.29976918E-02
0.31999999E+00 0.16800000E+01 0.31167729E-02
0.33999999E+00 0.16800000E+01 0.32425059E-02
0.35999999E+00 0.16800000E+01 0.33731654E-02
0.37999999E+00 0.16800000E+01 0.35051641E-02
0.39999999E+00 0.16800000E+01 0.36329099E-02
0.41999999E+00 0.16800000E+01 0.37488831E-02
0.43999999E+00 0.16800000E+01 0.38440313E-02
0.45999999E+00 0.16800000E+01 0.39086014E-02
0.47999999E+00 0.16800000E+01 0.39335449E-02
0.49999999E+00 0.16800000E+01 0.39126508E-02
0.51999999E+00 0.16800000E+01 0.38455557E-02
0.53999999E+00 0.16800000E+01 0.37412786E-02
0.55999999E+00 0.16800000E+01 0.36026014E-02
0.57999999E+00 0.16800000E+01 0.36857633E-02
0.59999999E+00 0.16800000E+01 0.37686658E-02
0.61999999E+00 0.16800000E+01 0.38521686E-02
0.63999999E+00 0.16800000E+01 0.39370879E-02
0.65999999E+00 0.16800000E+01 0.40241382E-02
0.67999998E+00 0.16800000E+01 0.41138721E-02
0.69999998E+00 0.16800000E+01 0.42066255E-02
0.71999998E+00 0.16800000E+01 0.43024704E-02
0.73999998E+00 0.16800000E+01 0.44011825E-02
0.75999998E+00 0.16800000E+01 0.45022293E-02
0.77999998E+00 0.16800000E+01 0.46047835E-02
0.79999998E+00 0.16800000E+01 0.47077696E-02
0.81999998E+00 0.16800000E+01 0.48099440E-02
0.83999998E+00 0.16800000E+01 0.49100137E-02
0.85999998E+00 0.16800000E+01 0.50067907E-02
0.87999998E+00 0.16800000E+01 0.50993750E-02
0.89999998E+00 0.16800000E+01 0.51873553E-02
0.91999998E+00 0.16800000E+01 0.52710056E-02
0.93999998E+00 0.16800000E+01 0.53514458E-02
0.95999998E+00 0.16800000E+01 0.54307260E-02
0.97999998E+00 0.16800000E+01 0.55117749E-02
0.99999998E+00 0.16800000E+01 0.55981403E-02
0.10200000E+01 0.16800000E+01 0.56934304E-02
0.10400000E+01 0.16800000E+01 0.58003428E-02
0.10600000E+01 0.16800000E+01 0.59191324E-02
0.10800000E+01 0.16800000E+01 0.60452950E-02
0.11000000E+01 0.16800000E+01 0.61659941E-02
0.11200000E+01 0.16800000E+01 0.62537341E-02
0.11400000E+01 0.16800000E+01 0.62497334E-02
0.11600000E+01 0.16800000E+01 0.59329236E-02
0.11800000E+01 0.16800000E+01 0.57455575E-02
0.12000000E+01 0.16800000E+01 0.58767353E-02
0.12200000E+01 0.16800000E+01 0.60072347E-02
0.12400000E+01 0.16800000E+01 0.61358463E-02
0.12600000E+01 0.16800000E+01 0.62613783E-02
0.12800000E+01 0.16800000E+01 0.63827310E-02
0.13000000E+01 0.16800000E+01 0.64989779E-02
0.13200000E+01 0.16800000E+01 0.66094498E-02
0.13400000E+01 0.16800000E+01 0.67138153E-02
0.13600000E+01 0.16800000E+01 0.68121530E-02
0.13800000E+01 0.16800000E+01 0.69050065E-02
0.14000000E+01 0.16800000E+01 0.69934164E-02
0.14200000E+01 0.16800000E+01 0.70789196E-02
0.14400000E+01 0.16800000E+01 0.71635111E-02
0.14600000E+01 0.16800000E+01 0.72495594E-02
0.14800000E+01 0.16800000E+01 0.73396759E-02
0.15000000E+01 0.16800000E+01 0.74365369E-02
0.15200000E+01 0.16800000E+01 0.75426647E-02
0.15400000E+01 0.16800000E+01 0.76601814E-02
0.15600000E+01 0.16800000E+01 0.77905535E-02
0.15800000E+01 0.16800000E+01 0.79343531E-02
0.16000000E+01 0.16800000E+01 0.80910650E-02
0.16200000E+01 0.16800000E+01 0.82589581E-02
0.16400000E+01 0.16800000E+01 0.84350147E-02
0.16600000E+01 0.16800000E+01 0.86148287E-02
0.16800000E+01 0.16800000E+01 0.87921896E-02
0.17000000E+01 0.16800000E+01 0.89575622E-02
0.17200000E+01 0.16800000E+01 0.90931308E-02
0.17400000E+01 0.16800000E+01 0.91557255E-02
0.17600000E+01 0.16800000E+01 0.89855614E-02
0.17800000E+01 0.16800000E+01 0.84935331E-02
0.18000000E+01 0.16800000E+01 0.86311127E-02
0.18200000E+01 0.16800000E+01 0.87663005E-02
0.18400000E+01 0.16800000E+01 0.88994509E-02
0.18600000E+01 0.16800000E+01 0.90309747E-02
0.18800000E+01 0.16800000E+01 0.91612812E-02
0.19000000E+01 0.16800000E+01 0.92907069E-02
0.19200000E+01 0.16800000E+01 0.94194335E-02
0.19400000E+01 0.16800000E+01 0.95473997E-02
0.19600000E+01 0.16800000E+01 0.96742109E-02
0.19800000E+01 0.16800000E+01 0.97990553E-02
0.20000000E+01 0.16800000E+01 0.99206359E-02
0.00000000E+00 0.17000000E+01 0.11038771E-02
0.20000000E-01 0.17000000E+01 0.12789905E-02
0.39999999E-01 0.17000000E+01 0.14480615E-02
0.59999999E-01 0.17000000E+01 0.16094917E-02
0.79999998E-01 0.17000000E+01 0.17620908E-02
0.99999998E-01 0.17000000E+01 0.19051694E-02
0.12000000E+00 0.17000000E+01 0.20386127E-02
0.14000000E+00 0.17000000E+01 0.21629248E-02
0.16000000E+00 0.17000000E+01 0.22792359E-02
0.18000000E+00 0.17000000E+01 0.23892619E-02
0.20000000E+00 0.17000000E+01 0.24952104E-02
0.22000000E+00 0.17000000E+01 0.25996253E-02
0.23999999E+00 0.17000000E+01 0.27051697E-02
0.25999999E+00 0.17000000E+01 0.28143461E-02
0.27999999E+00 0.17000000E+01 0.29291645E-02
0.29999999E+00 0.17000000E+01 0.30507721E-02
0.31999999E+00 0.17000000E+01 0.31790713E-02
0.33999999E+00 0.17000000E+01 0.33123627E-02
0.35999999E+00 0.17000000E+01 0.34470640E-02
0.37999999E+00 0.17000000E+01 0.35775714E-02
0.39999999E+00 0.17000000E+01 0.36963467E-02
0.41999999E+00 0.17000000E+01 0.37943273E-02
0.43999999E+00 0.17000000E+01 0.38617771E-02
0.45999999E+00 0.17000000E+01 0.38897002E-02
0.47999999E+00 0.17000000E+01 0.38719466E-02
0.49999999E+00 0.17000000E+01 0.38080795E-02
0.51999999E+00 0.17000000E+01 0.37063229E-02
0.53999999E+00 0.17000000E+01 0.35627068E-02
0.55999999E+00 0.17000000E+01 0.36470053E-02
0.57999999E+00 0.17000000E+01 0.37309619E-02
0.59999999E+00 0.17000000E+01 0.38154275E-02
0.61999999E+00 0.17000000E+01 0.39012049E-02
0.63999999E+00 0.17000000E+01 0.39889884E-02
0.65999999E+00 0.17000000E+01 0.40793049E-02
0.67999998E+00 0.17000000E+01 0.41724577E-02
0.69999998E+00 0.17000000E+01 0.42684809E-02
0.71999998E+00 0.17000000E+01 0.43671087E-02
0.73999998E+00 0.17000000E+01 0.44677658E-02
0.75999998E+00 0.17000000E+01 0.45695858E-02
0.77999998E+00 0.17000000E+01 0.46714608E-02
0.79999998E+00 0.17000000E+01 0.47721280E-02
0.81999998E+00 0.17000000E+01 0.48702942E-02
0.83999998E+00 0.17000000E+01 0.49647945E-02
0.85999998E+00 0.17000000E+01 0.50547800E-02
0.87999998E+00 0.17000000E+01 0.51399195E-02
0.89999998E+00 0.17000000E+01 0.52205929E-02
0.91999998E+00 0.17000000E+01 0.52980442E-02
0.93999998E+00 0.17000000E+01 0.53744491E-02
0.95999998E+00 0.17000000E+01 0.54528385E-02
0.97999998E+00 0.17000000E+01 0.55368049E-02
0.99999998E+00 0.17000000E+01 0.56299019E-02
0.10200000E+01 0.17000000E+01 0.57346290E-02
0.10400000E+01 0.17000000E+01 0.58508696E-02
0.10600000E+01 0.17000000E+01 0.59735888E-02
0.10800000E+01 0.17000000E+01 0.60893972E-02
0.11000000E+01 0.17000000E+01 0.61706774E-02
0.11200000E+01 0.17000000E+01 0.61604261E-02
0.11400000E+01 0.17000000E+01 0.58501998E-02
0.11600000E+01 0.17000000E+01 0.56734804E-02
0.11800000E+01 0.17000000E+01 0.58011800E-02
0.12000000E+01 0.17000000E+01 0.59281481E-02
0.12200000E+01 0.17000000E+01 0.60532396E-02
0.12400000E+01 0.17000000E+01 0.61753382E-02
0.12600000E+01 0.17000000E+01 0.62934308E-02
0.12800000E+01 0.17000000E+01 0.64066860E-02
0.13000000E+01 0.17000000E+01 0.65145350E-02
0.13200000E+01 0.17000000E+01 0.66167470E-02
0.13400000E+01 0.17000000E+01 0.67134948E-02
0.13600000E+01 0.17000000E+01 0.68054023E-02
0.13800000E+01 0.17000000E+01 0.68935669E-02
0.14000000E+01 0.17000000E+01 0.69795488E-02
0.14200000E+01 0.17000000E+01 0.70653220E-02
0.14400000E+01 0.17000000E+01 0.71531805E-02
0.14600000E+01 0.17000000E+01 0.72456010E-02
0.14800000E+01 0.17000000E+01 0.73450616E-02
0.15000000E+01 0.17000000E+01 0.74538279E-02
0.15200000E+01 0.17000000E+01 0.75737208E-02
0.15400000E+01 0.17000000E+01 0.77058886E-02
0.15600000E+01 0.17000000E+01 0.78506120E-02
0.15800000E+01 0.17000000E+01 0.80071725E-02
0.16000000E+01 0.17000000E+01 0.81738048E-02
0.16200000E+01 0.17000000E+01 0.83477186E-02
0.16400000E+01 0.17000000E+01 0.85250868E-02
0.16600000E+01 0.17000000E+01 0.87006825E-02
0.16800000E+01 0.17000000E+01 0.88662902E-02
0.17000000E+01 0.17000000E+01 0.90053672E-02
0.17200000E+01 0.17000000E+01 0.90746768E-02
0.17400000E+01 0.17000000E+01 0.89075549E-02
0.17600000E+01 0.17000000E+01 0.83986848E-02
0.17800000E+01 0.17000000E+01 0.85387866E-02
0.18000000E+01 0.17000000E+01 0.86770582E-02
0.18200000E+01 0.17000000E+01 0.88138319E-02
0.18400000E+01 0.17000000E+01 0.89494766E-02
0.18600000E+01 0.17000000E+01 0.90843387E-02
0.18800000E+01 0.17000000E+01 0.92186712E-02
0.19000000E+01 0.17000000E+01 0.93525537E-02
0.19200000E+01 0.17000000E+01 0.94858073E-02
0.19400000E+01 0.17000000E+01 0.96179109E-02
0.19600000E+01 0.17000000E+01 0.97479262E-02
0.19800000E+01 0.17000000E+01 0.98744400E-02
0.20000000E+01 0.17000000E+01 0.99955354E-02
0.00000000E+00 0.17200000E+01 0.11580784E-02
0.20000000E-01 0.17200000E+01 0.13318193E-02
0.39999999E-01 0.17200000E+01 0.14980560E-02
0.59999999E-01 0.17200000E+01 0.16554544E-02
0.79999998E-01 0.17200000E+01 0.18032042E-02
0.99999998E-01 0.17200000E+01 0.19410956E-02
0.12000000E+00 0.17200000E+01 0.20695668E-02
0.14000000E+00 0.17200000E+01 0.21897123E-02
0.16000000E+00 0.17200000E+01 0.23032429E-02
0.18000000E+00 0.17200000E+01 0.24123892E-02
0.20000000E+00 0.17200000E+01 0.25197429E-02
0.22000000E+00 0.17200000E+01 0.26280328E-02
0.23999999E+00 0.17200000E+01 0.27398385E-02
0.25999999E+00 0.17200000E+01 0.28572486E-02
0.27999999E+00 0.17200000E+01 0.29814815E-02
0.29999999E+00 0.17200000E+01 0.31124938E-02
0.31999999E+00 0.17200000E+01 0.32486169E-02
0.33999999E+00 0.17200000E+01 0.33862723E-02
0.35999999E+00 0.17200000E+01 0.35198347E-02
0.37999999E+00 0.17200000E+01 0.36417278E-02
0.39999999E+00 0.17200000E+01 0.37428494E-02
0.41999999E+00 0.17200000E+01 0.38134413E-02
0.43999999E+00 0.17200000E+01 0.38445169E-02
0.45999999E+00 0.17200000E+01 0.38299493E-02
0.47999999E+00 0.17200000E+01 0.37692160E-02
0.49999999E+00 0.17200000E+01 0.36698199E-02
0.51999999E+00 0.17200000E+01 0.35216017E-02
0.53999999E+00 0.17200000E+01 0.36071426E-02
0.55999999E+00 0.17200000E+01 0.36922618E-02
0.57999999E+00 0.17200000E+01 0.37778042E-02
0.59999999E+00 0.17200000E+01 0.38645612E-02
0.61999999E+00 0.17200000E+01 0.39532104E-02
0.63999999E+00 0.17200000E+01 0.40442549E-02
0.65999999E+00 0.17200000E+01 0.41379676E-02
0.67999998E+00 0.17200000E+01 0.42343460E-02
0.69999998E+00 0.17200000E+01 0.43330833E-02
0.71999998E+00 0.17200000E+01 0.44335617E-02
0.73999998E+00 0.17200000E+01 0.45348733E-02
0.75999998E+00 0.17200000E+01 0.46358758E-02
0.77999998E+00 0.17200000E+01 0.47352837E-02
0.79999998E+00 0.17200000E+01 0.48317984E-02
0.81999998E+00 0.17200000E+01 0.49242728E-02
0.83999998E+00 0.17200000E+01 0.50119032E-02
0.85999998E+00 0.17200000E+01 0.50944322E-02
0.87999998E+00 0.17200000E+01 0.51723403E-02
0.89999998E+00 0.17200000E+01 0.52469911E-02
0.91999998E+00 0.17200000E+01 0.53206829E-02
0.93999998E+00 0.17200000E+01 0.53965491E-02
0.95999998E+00 0.17200000E+01 0.54782303E-02
0.97999998E+00 0.17200000E+01 0.55692324E-02
0.99999998E+00 0.17200000E+01 0.56718685E-02
0.10200000E+01 0.17200000E+01 0.57856654E-02
0.10400000E+01 0.17200000E+01 0.59050751E-02
0.10600000E+01 0.17200000E+01 0.60161710E-02
0.10800000E+01 0.17200000E+01 0.60912174E-02
0.11000000E+01 0.17200000E+01 0.60749548E-02
0.11200000E+01 0.17200000E+01 0.57713395E-02
0.11400000E+01 0.17200000E+01 0.56051787E-02
0.11600000E+01 0.17200000E+01 0.57295132E-02
0.11800000E+01 0.17200000E+01 0.58530377E-02
0.12000000E+01 0.17200000E+01 0.59746677E-02
0.12200000E+01 0.17200000E+01 0.60933601E-02
0.12400000E+01 0.17200000E+01 0.62081856E-02
0.12600000E+01 0.17200000E+01 0.63184061E-02
0.12800000E+01 0.17200000E+01 0.64235518E-02
0.13000000E+01 0.17200000E+01 0.65234917E-02
0.13200000E+01 0.17200000E+01 0.66184929E-02
0.13400000E+01 0.17200000E+01 0.67092601E-02
0.13600000E+01 0.17200000E+01 0.67969484E-02
0.13800000E+01 0.17200000E+01 0.68831431E-02
0.14000000E+01 0.17200000E+01 0.69697988E-02
0.14200000E+01 0.17200000E+01 0.70591375E-02
0.14400000E+01 0.17200000E+01 0.71535030E-02
0.14600000E+01 0.17200000E+01 0.72551772E-02
0.14800000E+01 0.17200000E+01 0.73661705E-02
0.15000000E+01 0.17200000E+01 0.74880034E-02
0.15200000E+01 0.17200000E+01 0.76215058E-02
0.15400000E+01 0.17200000E+01 0.77666658E-02
0.15600000E+01 0.17200000E+01 0.79225599E-02
0.15800000E+01 0.17200000E+01 0.80873856E-02
0.16000000E+01 0.17200000E+01 0.82585766E-02
0.16200000E+01 0.17200000E+01 0.84328836E-02
0.16400000E+01 0.17200000E+01 0.86060658E-02
0.16600000E+01 0.17200000E+01 0.87712427E-02
0.16800000E+01 0.17200000E+01 0.89131898E-02
0.17000000E+01 0.17200000E+01 0.89887337E-02
0.17200000E+01 0.17200000E+01 0.88248055E-02
0.17400000E+01 0.17200000E+01 0.83002424E-02
0.17600000E+01 0.17200000E+01 0.84423508E-02
0.17800000E+01 0.17200000E+01 0.85831993E-02
0.18000000E+01 0.17200000E+01 0.87231033E-02
0.18200000E+01 0.17200000E+01 0.88623946E-02
0.18400000E+01 0.17200000E+01 0.90013614E-02
0.18600000E+01 0.17200000E+01 0.91401774E-02
0.18800000E+01 0.17200000E+01 0.92788233E-02
0.19000000E+01 0.17200000E+01 0.94170057E-02
0.19200000E+01 0.17200000E+01 0.95540797E-02
0.19400000E+01 0.17200000E+01 0.96889822E-02
0.19600000E+01 0.17200000E+01 0.98201858E-02
0.19800000E+01 0.17200000E+01 0.99456839E-02
0.20000000E+01 0.17200000E+01 0.10063016E-01
0.00000000E+00 0.17400000E+01 0.12115268E-02
0.20000000E-01 0.17400000E+01 0.13826393E-02
0.39999999E-01 0.17400000E+01 0.15449315E-02
0.59999999E-01 0.17400000E+01 0.16974535E-02
0.79999998E-01 0.17400000E+01 0.18398860E-02
0.99999998E-01 0.17400000E+01 0.19725910E-02
0.12000000E+00 0.17400000E+01 0.20966219E-02
0.14000000E+00 0.17400000E+01 0.22136833E-02
0.16000000E+00 0.17400000E+01 0.23260324E-02
0.18000000E+00 0.17400000E+01 0.24363161E-02
0.20000000E+00 0.17400000E+01 0.25473404E-02
0.22000000E+00 0.17400000E+01 0.26617750E-02
0.23999999E+00 0.17400000E+01 0.27818018E-02
0.25999999E+00 0.17400000E+01 0.29087242E-02
0.27999999E+00 0.17400000E+01 0.30425646E-02
0.29999999E+00 0.17400000E+01 0.31816921E-02
0.31999999E+00 0.17400000E+01 0.33225318E-02
0.33999999E+00 0.17400000E+01 0.34594282E-02
0.35999999E+00 0.17400000E+01 0.35847472E-02
0.37999999E+00 0.17400000E+01 0.36893167E-02
0.39999999E+00 0.17400000E+01 0.37633160E-02
0.41999999E+00 0.17400000E+01 0.37977215E-02
0.43999999E+00 0.17400000E+01 0.37863889E-02
0.45999999E+00 0.17400000E+01 0.37286980E-02
0.47999999E+00 0.17400000E+01 0.36315119E-02
0.49999999E+00 0.17400000E+01 0.34791152E-02
0.51999999E+00 0.17400000E+01 0.35659998E-02
0.53999999E+00 0.17400000E+01 0.36523849E-02
0.55999999E+00 0.17400000E+01 0.37391117E-02
0.57999999E+00 0.17400000E+01 0.38269636E-02
0.59999999E+00 0.17400000E+01 0.39166042E-02
0.61999999E+00 0.17400000E+01 0.40085155E-02
0.63999999E+00 0.17400000E+01 0.41029423E-02
0.65999999E+00 0.17400000E+01 0.41998476E-02
0.67999998E+00 0.17400000E+01 0.42988846E-02
0.69999998E+00 0.17400000E+01 0.43993924E-02
0.71999998E+00 0.17400000E+01 0.45004211E-02
0.73999998E+00 0.17400000E+01 0.46007912E-02
0.75999998E+00 0.17400000E+01 0.46991911E-02
0.77999998E+00 0.17400000E+01 0.47943120E-02
0.79999998E+00 0.17400000E+01 0.48850192E-02
0.81999998E+00 0.17400000E+01 0.49705474E-02
0.83999998E+00 0.17400000E+01 0.50507069E-02
0.85999998E+00 0.17400000E+01 0.51260727E-02
0.87999998E+00 0.17400000E+01 0.51981227E-02
0.89999998E+00 0.17400000E+01 0.52692751E-02
0.91999998E+00 0.17400000E+01 0.53427651E-02
0.93999998E+00 0.17400000E+01 0.54222844E-02
0.95999998E+00 0.17400000E+01 0.55112986E-02
0.97999998E+00 0.17400000E+01 0.56119462E-02
0.99999998E+00 0.17400000E+01 0.57234131E-02
0.10200000E+01 0.17400000E+01 0.58396568E-02
0.10400000E+01 0.17400000E+01 0.59462291E-02
0.10600000E+01 0.17400000E+01 0.60152791E-02
0.10800000E+01 0.17400000E+01 0.59932485E-02
0.11000000E+01 0.17400000E+01 0.56962264E-02
0.11200000E+01 0.17400000E+01 0.55404976E-02
0.11400000E+01 0.17400000E+01 0.56615999E-02
0.11600000E+01 0.17400000E+01 0.57817911E-02
0.11800000E+01 0.17400000E+01 0.59000440E-02
0.12000000E+01 0.17400000E+01 0.60153852E-02
0.12200000E+01 0.17400000E+01 0.61269668E-02
0.12400000E+01 0.17400000E+01 0.62341417E-02
0.12600000E+01 0.17400000E+01 0.63365370E-02
0.12800000E+01 0.17400000E+01 0.64341204E-02
0.13000000E+01 0.17400000E+01 0.65272528E-02
0.13200000E+01 0.17400000E+01 0.66167199E-02
0.13400000E+01 0.17400000E+01 0.67037354E-02
0.13600000E+01 0.17400000E+01 0.67899104E-02
0.13800000E+01 0.17400000E+01 0.68771827E-02
0.14000000E+01 0.17400000E+01 0.69677043E-02
0.14200000E+01 0.17400000E+01 0.70636884E-02
0.14400000E+01 0.17400000E+01 0.71672231E-02
0.14600000E+01 0.17400000E+01 0.72800656E-02
0.14800000E+01 0.17400000E+01 0.74034376E-02
0.15000000E+01 0.17400000E+01 0.75378512E-02
0.15200000E+01 0.17400000E+01 0.76830015E-02
0.15400000E+01 0.17400000E+01 0.78377580E-02
0.15600000E+01 0.17400000E+01 0.80002775E-02
0.15800000E+01 0.17400000E+01 0.81682133E-02
0.16000000E+01 0.17400000E+01 0.83388892E-02
0.16200000E+01 0.17400000E+01 0.85090492E-02
0.16400000E+01 0.17400000E+01 0.86731571E-02
0.16600000E+01 0.17400000E+01 0.88173464E-02
0.16800000E+01 0.17400000E+01 0.88986336E-02
0.17000000E+01 0.17400000E+01 0.87380352E-02
0.17200000E+01 0.17400000E+01 0.81989635E-02
0.17400000E+01 0.17400000E+01 0.83425672E-02
0.17600000E+01 0.17400000E+01 0.84854832E-02
0.17800000E+01 0.17400000E+01 0.86280154E-02
0.18000000E+01 0.17400000E+01 0.87704635E-02
0.18200000E+01 0.17400000E+01 0.89130625E-02
0.18400000E+01 0.17400000E+01 0.90559107E-02
0.18600000E+01 0.17400000E+01 0.91988941E-02
0.18800000E+01 0.17400000E+01 0.93416084E-02
0.19000000E+01 0.17400000E+01 0.94832877E-02
0.19200000E+01 0.17400000E+01 0.96227467E-02
0.19400000E+01 0.17400000E+01 0.97583462E-02
0.19600000E+01 0.17400000E+01 0.98879918E-02
0.19800000E+01 0.17400000E+01 0.10009175E-01
0.20000000E+01 0.17400000E+01 0.10119066E-01
0.00000000E+00 0.17600000E+01 0.12633296E-02
0.20000000E-01 0.17600000E+01 0.14306023E-02
0.39999999E-01 0.17600000E+01 0.15879930E-02
0.59999999E-01 0.17600000E+01 0.17350552E-02
0.79999998E-01 0.17600000E+01 0.18720622E-02
0.99999998E-01 0.17600000E+01 0.20000188E-02
0.12000000E+00 0.17600000E+01 0.21206212E-02
0.14000000E+00 0.17600000E+01 0.22361564E-02
0.16000000E+00 0.17600000E+01 0.23493341E-02
0.18000000E+00 0.17600000E+01 0.24630492E-02
0.20000000E+00 0.17600000E+01 0.25800766E-02
0.22000000E+00 0.17600000E+01 0.27027077E-02
0.23999999E+00 0.17600000E+01 0.28323467E-02
0.25999999E+00 0.17600000E+01 0.29690959E-02
0.27999999E+00 0.17600000E+01 0.31113705E-02
0.29999999E+00 0.17600000E+01 0.32556012E-02
0.31999999E+00 0.17600000E+01 0.33960941E-02
0.33999999E+00 0.17600000E+01 0.35251386E-02
0.35999999E+00 0.17600000E+01 0.36334609E-02
0.37999999E+00 0.17600000E+01 0.37111355E-02
0.39999999E+00 0.17600000E+01 0.37490537E-02
0.41999999E+00 0.17600000E+01 0.37410097E-02
0.43999999E+00 0.17600000E+01 0.36862733E-02
0.45999999E+00 0.17600000E+01 0.35911559E-02
0.47999999E+00 0.17600000E+01 0.34350855E-02
0.49999999E+00 0.17600000E+01 0.35234109E-02
0.51999999E+00 0.17600000E+01 0.36111599E-02
0.53999999E+00 0.17600000E+01 0.36991730E-02
0.55999999E+00 0.17600000E+01 0.37882286E-02
0.57999999E+00 0.17600000E+01 0.38789794E-02
0.59999999E+00 0.17600000E+01 0.39718895E-02
0.61999999E+00 0.17600000E+01 0.40671785E-02
0.63999999E+00 0.17600000E+01 0.41647768E-02
0.65999999E+00 0.17600000E+01 0.42642988E-02
0.67999998E+00 0.17600000E+01 0.43650411E-02
0.69999998E+00 0.17600000E+01 0.44660107E-02
0.71999998E+00 0.17600000E+01 0.45659890E-02
0.73999998E+00 0.17600000E+01 0.46636343E-02
0.75999998E+00 0.17600000E+01 0.47576235E-02
0.77999998E+00 0.17600000E+01 0.48468279E-02
0.79999998E+00 0.17600000E+01 0.49305147E-02
0.81999998E+00 0.17600000E+01 0.50085545E-02
0.83999998E+00 0.17600000E+01 0.50816104E-02
0.85999998E+00 0.17600000E+01 0.51512692E-02
0.87999998E+00 0.17600000E+01 0.52200654E-02
0.89999998E+00 0.17600000E+01 0.52913350E-02
0.91999998E+00 0.17600000E+01 0.53688237E-02
0.93999998E+00 0.17600000E+01 0.54559642E-02
0.95999998E+00 0.17600000E+01 0.55547322E-02
0.97999998E+00 0.17600000E+01 0.56639894E-02
0.99999998E+00 0.17600000E+01 0.57772176E-02
0.10200000E+01 0.17600000E+01 0.58794640E-02
0.10400000E+01 0.17600000E+01 0.59427634E-02
0.10600000E+01 0.17600000E+01 0.59152102E-02
0.10800000E+01 0.17600000E+01 0.56247211E-02
0.11000000E+01 0.17600000E+01 0.54792616E-02
0.11200000E+01 0.17600000E+01 0.55972811E-02
0.11400000E+01 0.17600000E+01 0.57142687E-02
0.11600000E+01 0.17600000E+01 0.58292510E-02
0.11800000E+01 0.17600000E+01 0.59413211E-02
0.12000000E+01 0.17600000E+01 0.60497092E-02
0.12200000E+01 0.17600000E+01 0.61538563E-02
0.12400000E+01 0.17600000E+01 0.62534845E-02
0.12600000E+01 0.17600000E+01 0.63486587E-02
0.12800000E+01 0.17600000E+01 0.64398326E-02
0.13000000E+01 0.17600000E+01 0.65278722E-02
0.13200000E+01 0.17600000E+01 0.66140508E-02
0.13400000E+01 0.17600000E+01 0.67000066E-02
0.13600000E+01 0.17600000E+01 0.67876621E-02
0.13800000E+01 0.17600000E+01 0.68791014E-02
0.14000000E+01 0.17600000E+01 0.69764101E-02
0.14200000E+01 0.17600000E+01 0.70814854E-02
0.14400000E+01 0.17600000E+01 0.71958339E-02
0.14600000E+01 0.17600000E+01 0.73203804E-02
0.14800000E+01 0.17600000E+01 0.74553209E-02
0.15000000E+01 0.17600000E+01 0.76000572E-02
0.15200000E+01 0.17600000E+01 0.77532501E-02
0.15400000E+01 0.17600000E+01 0.79130119E-02
0.15600000E+01 0.17600000E+01 0.80772097E-02
0.15800000E+01 0.17600000E+01 0.82437330E-02
0.16000000E+01 0.17600000E+01 0.84103052E-02
0.16200000E+01 0.17600000E+01 0.85727386E-02
0.16400000E+01 0.17600000E+01 0.87185584E-02
0.16600000E+01 0.17600000E+01 0.88050946E-02
0.16800000E+01 0.17600000E+01 0.86479496E-02
0.17000000E+01 0.17600000E+01 0.80955817E-02
0.17200000E+01 0.17600000E+01 0.82401803E-02
0.17400000E+01 0.17600000E+01 0.83846596E-02
0.17600000E+01 0.17600000E+01 0.85293169E-02
0.17800000E+01 0.17600000E+01 0.86744251E-02
0.18000000E+01 0.17600000E+01 0.88201703E-02
0.18200000E+01 0.17600000E+01 0.89665806E-02
0.18400000E+01 0.17600000E+01 0.91134512E-02
0.18600000E+01 0.17600000E+01 0.92602710E-02
0.18800000E+01 0.17600000E+01 0.94061563E-02
0.19000000E+01 0.17600000E+01 0.95498029E-02
0.19200000E+01 0.17600000E+01 0.96894625E-02
0.19400000E+01 0.17600000E+01 0.98229555E-02
0.19600000E+01 0.17600000E+01 0.99477277E-02
0.19800000E+01 0.17600000E+01 0.10060960E-01
0.20000000E+01 0.17600000E+01 0.10159731E-01
0.00000000E+00 0.17800000E+01 0.13125719E-02
0.20000000E-01 0.17800000E+01 0.14749235E-02
0.39999999E-01 0.17800000E+01 0.16267010E-02
0.59999999E-01 0.17800000E+01 0.17680734E-02
0.79999998E-01 0.17800000E+01 0.18999869E-02
0.99999998E-01 0.17800000E+01 0.20241259E-02
0.12000000E+00 0.17800000E+01 0.21428094E-02
0.14000000E+00 0.17800000E+01 0.22588177E-02
0.16000000E+00 0.17800000E+01 0.23751473E-02
0.18000000E+00 0.17800000E+01 0.24946943E-02
0.20000000E+00 0.17800000E+01 0.26198778E-02
0.22000000E+00 0.17800000E+01 0.27522213E-02
0.23999999E+00 0.17800000E+01 0.28919226E-02
0.25999999E+00 0.17800000E+01 0.30374546E-02
0.27999999E+00 0.17800000E+01 0.31852568E-02
0.29999999E+00 0.17800000E+01 0.33295908E-02
0.31999999E+00 0.17800000E+01 0.34626502E-02
0.33999999E+00 0.17800000E+01 0.35750277E-02
0.35999999E+00 0.17800000E+01 0.36566488E-02
0.37999999E+00 0.17800000E+01 0.36982682E-02
0.39999999E+00 0.17800000E+01 0.36935723E-02
0.41999999E+00 0.17800000E+01 0.36417062E-02
0.43999999E+00 0.17800000E+01 0.35485246E-02
0.45999999E+00 0.17800000E+01 0.33893603E-02
0.47999999E+00 0.17800000E+01 0.34792194E-02
0.49999999E+00 0.17800000E+01 0.35684252E-02
0.51999999E+00 0.17800000E+01 0.36578206E-02
0.53999999E+00 0.17800000E+01 0.37481822E-02
0.55999999E+00 0.17800000E+01 0.38401552E-02
0.57999999E+00 0.17800000E+01 0.39341892E-02
0.59999999E+00 0.17800000E+01 0.40304817E-02
0.61999999E+00 0.17800000E+01 0.41289328E-02
0.63999999E+00 0.17800000E+01 0.42291199E-02
0.65999999E+00 0.17800000E+01 0.43302979E-02
0.67999998E+00 0.17800000E+01 0.44314298E-02
0.69999998E+00 0.17800000E+01 0.45312560E-02
0.71999998E+00 0.17800000E+01 0.46284015E-02
0.73999998E+00 0.17800000E+01 0.47215238E-02
0.75999998E+00 0.17800000E+01 0.48094948E-02
0.77999998E+00 0.17800000E+01 0.48916068E-02
0.79999998E+00 0.17800000E+01 0.49677839E-02
0.81999998E+00 0.17800000E+01 0.50387704E-02
0.83999998E+00 0.17800000E+01 0.51062558E-02
0.85999998E+00 0.17800000E+01 0.51728869E-02
0.87999998E+00 0.17800000E+01 0.52420992E-02
0.89999998E+00 0.17800000E+01 0.53176952E-02
0.91999998E+00 0.17800000E+01 0.54030817E-02
0.93999998E+00 0.17800000E+01 0.55000839E-02
0.95999998E+00 0.17800000E+01 0.56072566E-02
0.97999998E+00 0.17800000E+01 0.57176254E-02
0.99999998E+00 0.17800000E+01 0.58157495E-02
0.10200000E+01 0.17800000E+01 0.58735504E-02
0.10400000E+01 0.17800000E+01 0.58407207E-02
0.10600000E+01 0.17800000E+01 0.55566651E-02
0.10800000E+01 0.17800000E+01 0.54212790E-02
0.11000000E+01 0.17800000E+01 0.55363787E-02
0.11200000E+01 0.17800000E+01 0.56503088E-02
0.11400000E+01 0.17800000E+01 0.57621463E-02
0.11600000E+01 0.17800000E+01 0.58710467E-02
0.11800000E+01 0.17800000E+01 0.59763154E-02
0.12000000E+01 0.17800000E+01 0.60774786E-02
0.12200000E+01 0.17800000E+01 0.61743507E-02
0.12400000E+01 0.17800000E+01 0.62670917E-02
0.12600000E+01 0.17800000E+01 0.63562469E-02
0.12800000E+01 0.17800000E+01 0.64427625E-02
0.13000000E+01 0.17800000E+01 0.65279711E-02
0.13200000E+01 0.17800000E+01 0.66135391E-02
0.13400000E+01 0.17800000E+01 0.67013755E-02
0.13600000E+01 0.17800000E+01 0.67934991E-02
0.13800000E+01 0.17800000E+01 0.68918707E-02
0.14000000E+01 0.17800000E+01 0.69981996E-02
0.14200000E+01 0.17800000E+01 0.71137452E-02
0.14400000E+01 0.17800000E+01 0.72391384E-02
0.14600000E+01 0.17800000E+01 0.73742607E-02
0.14800000E+01 0.17800000E+01 0.75182213E-02
0.15000000E+01 0.17800000E+01 0.76694705E-02
0.15200000E+01 0.17800000E+01 0.78260720E-02
0.15400000E+01 0.17800000E+01 0.79860995E-02
0.15600000E+01 0.17800000E+01 0.81479988E-02
0.15800000E+01 0.17800000E+01 0.83104637E-02
0.16000000E+01 0.17800000E+01 0.84706537E-02
0.16200000E+01 0.17800000E+01 0.86175138E-02
0.16400000E+01 0.17800000E+01 0.87088075E-02
0.16600000E+01 0.17800000E+01 0.85552293E-02
0.16800000E+01 0.17800000E+01 0.79907982E-02
0.17000000E+01 0.17800000E+01 0.81359083E-02
0.17200000E+01 0.17800000E+01 0.82814585E-02
0.17400000E+01 0.17800000E+01 0.84277440E-02
0.17600000E+01 0.17800000E+01 0.85750159E-02
0.17800000E+01 0.17800000E+01 0.87234164E-02
0.18000000E+01 0.17800000E+01 0.88729079E-02
0.18200000E+01 0.17800000E+01 0.90231997E-02
0.18400000E+01 0.17800000E+01 0.91736774E-02
0.18600000E+01 0.17800000E+01 0.93233441E-02
0.18800000E+01 0.17800000E+01 0.94707799E-02
0.19000000E+01 0.17800000E+01 0.96141305E-02
0.19200000E+01 0.17800000E+01 0.97511336E-02
0.19400000E+01 0.17800000E+01 0.98791920E-02
0.19600000E+01 0.17800000E+01 0.99954989E-02
0.19800000E+01 0.17800000E+01 0.10097218E-01
0.20000000E+01 0.17800000E+01 0.10181714E-01
0.00000000E+00 0.18000000E+01 0.13583720E-02
0.20000000E-01 0.18000000E+01 0.15149484E-02
0.39999999E-01 0.18000000E+01 0.16607462E-02
0.59999999E-01 0.18000000E+01 0.17966408E-02
0.79999998E-01 0.18000000E+01 0.19242991E-02
0.99999998E-01 0.18000000E+01 0.20460731E-02
0.12000000E+00 0.18000000E+01 0.21648218E-02
0.14000000E+00 0.18000000E+01 0.22836562E-02
0.16000000E+00 0.18000000E+01 0.24056113E-02
0.18000000E+00 0.18000000E+01 0.25332539E-02
0.20000000E+00 0.18000000E+01 0.26682478E-02
0.22000000E+00 0.18000000E+01 0.28109046E-02
0.23999999E+00 0.18000000E+01 0.29597688E-02
0.25999999E+00 0.18000000E+01 0.31112946E-02
0.27999999E+00 0.18000000E+01 0.32596938E-02
0.29999999E+00 0.18000000E+01 0.33970461E-02
0.31999999E+00 0.18000000E+01 0.35137781E-02
0.33999999E+00 0.18000000E+01 0.35996202E-02
0.35999999E+00 0.18000000E+01 0.36451363E-02
0.37999999E+00 0.18000000E+01 0.36438546E-02
0.39999999E+00 0.18000000E+01 0.35947795E-02
0.41999999E+00 0.18000000E+01 0.35034078E-02
0.43999999E+00 0.18000000E+01 0.33417969E-02
0.45999999E+00 0.18000000E+01 0.34332783E-02
0.47999999E+00 0.18000000E+01 0.35240287E-02
0.49999999E+00 0.18000000E+01 0.36148965E-02
0.51999999E+00 0.18000000E+01 0.37066598E-02
0.53999999E+00 0.18000000E+01 0.37999600E-02
0.55999999E+00 0.18000000E+01 0.38952359E-02
0.57999999E+00 0.18000000E+01 0.39926660E-02
0.59999999E+00 0.18000000E+01 0.40921232E-02
0.61999999E+00 0.18000000E+01 0.41931500E-02
0.63999999E+00 0.18000000E+01 0.42949600E-02
0.65999999E+00 0.18000000E+01 0.43964724E-02
0.67999998E+00 0.18000000E+01 0.44963846E-02
0.69999998E+00 0.18000000E+01 0.45932851E-02
0.71999998E+00 0.18000000E+01 0.46858072E-02
0.73999998E+00 0.18000000E+01 0.47728172E-02
0.75999998E+00 0.18000000E+01 0.48536258E-02
0.77999998E+00 0.18000000E+01 0.49282032E-02
0.79999998E+00 0.18000000E+01 0.49973670E-02
0.81999998E+00 0.18000000E+01 0.50629037E-02
0.83999998E+00 0.18000000E+01 0.51275671E-02
0.85999998E+00 0.18000000E+01 0.51948913E-02
0.87999998E+00 0.18000000E+01 0.52687375E-02
0.89999998E+00 0.18000000E+01 0.53524939E-02
0.91999998E+00 0.18000000E+01 0.54478480E-02
0.93999998E+00 0.18000000E+01 0.55530647E-02
0.95999998E+00 0.18000000E+01 0.56607340E-02
0.97999998E+00 0.18000000E+01 0.57549441E-02
0.99999998E+00 0.18000000E+01 0.58075029E-02
0.10200000E+01 0.18000000E+01 0.57696415E-02
0.10400000E+01 0.18000000E+01 0.54918847E-02
0.10600000E+01 0.18000000E+01 0.53663461E-02
0.10800000E+01 0.18000000E+01 0.54786997E-02
0.11000000E+01 0.18000000E+01 0.55897320E-02
0.11200000E+01 0.18000000E+01 0.56985661E-02
0.11400000E+01 0.18000000E+01 0.58044171E-02
0.11600000E+01 0.18000000E+01 0.59066614E-02
0.11800000E+01 0.18000000E+01 0.60049072E-02
0.12000000E+01 0.18000000E+01 0.60990587E-02
0.12200000E+01 0.18000000E+01 0.61893688E-02
0.12400000E+01 0.18000000E+01 0.62764725E-02
0.12600000E+01 0.18000000E+01 0.63613956E-02
0.12800000E+01 0.18000000E+01 0.64455297E-02
0.13000000E+01 0.18000000E+01 0.65305707E-02
0.13200000E+01 0.18000000E+01 0.66184156E-02
0.13400000E+01 0.18000000E+01 0.67110205E-02
0.13600000E+01 0.18000000E+01 0.68102244E-02
0.13800000E+01 0.18000000E+01 0.69175525E-02
0.14000000E+01 0.18000000E+01 0.70340205E-02
0.14200000E+01 0.18000000E+01 0.71599687E-02
0.14400000E+01 0.18000000E+01 0.72949669E-02
0.14600000E+01 0.18000000E+01 0.74378323E-02
0.14800000E+01 0.18000000E+01 0.75868037E-02
0.15000000E+01 0.18000000E+01 0.77398915E-02
0.15200000E+01 0.18000000E+01 0.78953674E-02
0.15400000E+01 0.18000000E+01 0.80522223E-02
0.15600000E+01 0.18000000E+01 0.82101078E-02
0.15800000E+01 0.18000000E+01 0.83675251E-02
0.16000000E+01 0.18000000E+01 0.85148616E-02
0.16200000E+01 0.18000000E+01 0.86104289E-02
0.16400000E+01 0.18000000E+01 0.84605227E-02
0.16600000E+01 0.18000000E+01 0.78852742E-02
0.16800000E+01 0.18000000E+01 0.80304350E-02
0.17000000E+01 0.18000000E+01 0.81765812E-02
0.17200000E+01 0.18000000E+01 0.83240108E-02
0.17400000E+01 0.18000000E+01 0.84729574E-02
0.17600000E+01 0.18000000E+01 0.86235244E-02
0.17800000E+01 0.18000000E+01 0.87756134E-02
0.18000000E+01 0.18000000E+01 0.89288520E-02
0.18200000E+01 0.18000000E+01 0.90825276E-02
0.18400000E+01 0.18000000E+01 0.92355338E-02
0.18600000E+01 0.18000000E+01 0.93863391E-02
0.18800000E+01 0.18000000E+01 0.95329864E-02
0.19000000E+01 0.18000000E+01 0.96731338E-02
0.19200000E+01 0.18000000E+01 0.98041433E-02
0.19400000E+01 0.18000000E+01 0.99232226E-02
0.19600000E+01 0.18000000E+01 0.10027621E-01
0.19800000E+01 0.18000000E+01 0.10114872E-01
0.20000000E+01 0.18000000E+01 0.10183064E-01
0.00000000E+00 0.18200000E+01 0.13999505E-02
0.20000000E-01 0.18200000E+01 0.15502320E-02
0.39999999E-01 0.18200000E+01 0.16901267E-02
0.59999999E-01 0.18200000E+01 0.18212756E-02
0.79999998E-01 0.18200000E+01 0.19460641E-02
0.99999998E-01 0.18200000E+01 0.20674366E-02
0.12000000E+00 0.18200000E+01 0.21886326E-02
0.14000000E+00 0.18200000E+01 0.23128447E-02
0.16000000E+00 0.18200000E+01 0.24428100E-02
0.18000000E+00 0.18200000E+01 0.25803555E-02
0.20000000E+00 0.18200000E+01 0.27259284E-02
0.22000000E+00 0.18200000E+01 0.28781613E-02
0.23999999E+00 0.18200000E+01 0.30335314E-02
0.25999999E+00 0.18200000E+01 0.31861975E-02
0.27999999E+00 0.18200000E+01 0.33281080E-02
0.29999999E+00 0.18200000E+01 0.34494903E-02
0.31999999E+00 0.18200000E+01 0.35398318E-02
0.33999999E+00 0.18200000E+01 0.35894475E-02
0.35999999E+00 0.18200000E+01 0.35916540E-02
0.37999999E+00 0.18200000E+01 0.35452955E-02
0.39999999E+00 0.18200000E+01 0.34556139E-02
0.41999999E+00 0.18200000E+01 0.32922628E-02
0.43999999E+00 0.18200000E+01 0.33854507E-02
0.45999999E+00 0.18200000E+01 0.34778283E-02
0.47999999E+00 0.18200000E+01 0.35702524E-02
0.49999999E+00 0.18200000E+01 0.36635063E-02
0.51999999E+00 0.18200000E+01 0.37582315E-02
0.53999999E+00 0.18200000E+01 0.38548598E-02
0.55999999E+00 0.18200000E+01 0.39535543E-02
0.57999999E+00 0.18200000E+01 0.40541639E-02
0.59999999E+00 0.18200000E+01 0.41561984E-02
0.61999999E+00 0.18200000E+01 0.42588316E-02
0.63999999E+00 0.18200000E+01 0.43609386E-02
0.65999999E+00 0.18200000E+01 0.44611722E-02
0.67999998E+00 0.18200000E+01 0.45580815E-02
0.69999998E+00 0.18200000E+01 0.46502707E-02
0.71999998E+00 0.18200000E+01 0.47365944E-02
0.73999998E+00 0.18200000E+01 0.48163747E-02
0.75999998E+00 0.18200000E+01 0.48896196E-02
0.77999998E+00 0.18200000E+01 0.49572129E-02
0.79999998E+00 0.18200000E+01 0.50210305E-02
0.81999998E+00 0.18200000E+01 0.50839292E-02
0.83999998E+00 0.18200000E+01 0.51495391E-02
0.85999998E+00 0.18200000E+01 0.52217822E-02
0.87999998E+00 0.18200000E+01 0.53040357E-02
0.89999998E+00 0.18200000E+01 0.53978616E-02
0.91999998E+00 0.18200000E+01 0.55012532E-02
0.93999998E+00 0.18200000E+01 0.56063852E-02
0.95999998E+00 0.18200000E+01 0.56968928E-02
0.97999998E+00 0.18200000E+01 0.57444687E-02
0.99999998E+00 0.18200000E+01 0.57018188E-02
0.10200000E+01 0.18200000E+01 0.54301946E-02
0.10400000E+01 0.18200000E+01 0.53142505E-02
0.10600000E+01 0.18200000E+01 0.54240399E-02
0.10800000E+01 0.18200000E+01 0.55323447E-02
0.11000000E+01 0.18200000E+01 0.56383305E-02
0.11200000E+01 0.18200000E+01 0.57412678E-02
0.11400000E+01 0.18200000E+01 0.58406006E-02
0.11600000E+01 0.18200000E+01 0.59360157E-02
0.11800000E+01 0.18200000E+01 0.60275040E-02
0.12000000E+01 0.18200000E+01 0.61154086E-02
0.12200000E+01 0.18200000E+01 0.62004527E-02
0.12400000E+01 0.18200000E+01 0.62837404E-02
0.12600000E+01 0.18200000E+01 0.63667224E-02
0.12800000E+01 0.18200000E+01 0.64511246E-02
0.13000000E+01 0.18200000E+01 0.65388337E-02
0.13200000E+01 0.18200000E+01 0.66317457E-02
0.13400000E+01 0.18200000E+01 0.67315812E-02
0.13600000E+01 0.18200000E+01 0.68396854E-02
0.13800000E+01 0.18200000E+01 0.69568341E-02
0.14000000E+01 0.18200000E+01 0.70830813E-02
0.14200000E+01 0.18200000E+01 0.72176878E-02
0.14400000E+01 0.18200000E+01 0.73591805E-02
0.14600000E+01 0.18200000E+01 0.75055852E-02
0.14800000E+01 0.18200000E+01 0.76548540E-02
0.15000000E+01 0.18200000E+01 0.78054481E-02
0.15200000E+01 0.18200000E+01 0.79568895E-02
0.15400000E+01 0.18200000E+01 0.81097722E-02
0.15600000E+01 0.18200000E+01 0.82639292E-02
0.15800000E+01 0.18200000E+01 0.84112073E-02
0.16000000E+01 0.18200000E+01 0.85105763E-02
0.16200000E+01 0.18200000E+01 0.83644406E-02
0.16400000E+01 0.18200000E+01 0.77796260E-02
0.16600000E+01 0.18200000E+01 0.79244035E-02
0.16800000E+01 0.18200000E+01 0.80706934E-02
0.17000000E+01 0.18200000E+01 0.82188009E-02
0.17200000E+01 0.18200000E+01 0.83689468E-02
0.17400000E+01 0.18200000E+01 0.85212003E-02
0.17600000E+01 0.18200000E+01 0.86754067E-02
0.17800000E+01 0.18200000E+01 0.88311172E-02
0.18000000E+01 0.18200000E+01 0.89875254E-02
0.18200000E+01 0.18200000E+01 0.91434199E-02
0.18400000E+01 0.18200000E+01 0.92971614E-02
0.18600000E+01 0.18200000E+01 0.94466938E-02
0.18800000E+01 0.18200000E+01 0.95895988E-02
0.19000000E+01 0.18200000E+01 0.97231998E-02
0.19200000E+01 0.18200000E+01 0.98447208E-02
0.19400000E+01 0.18200000E+01 0.99514977E-02
0.19600000E+01 0.18200000E+01 0.10041232E-01
0.19800000E+01 0.18200000E+01 0.10112269E-01
0.20000000E+01 0.18200000E+01 0.10163859E-01
0.00000000E+00 0.18400000E+01 0.14367130E-02
0.20000000E-01 0.18400000E+01 0.15806232E-02
0.39999999E-01 0.18400000E+01 0.17152251E-02
0.59999999E-01 0.18400000E+01 0.18429349E-02
0.79999998E-01 0.18400000E+01 0.19667892E-02
0.99999998E-01 0.18400000E+01 0.20901700E-02
0.12000000E+00 0.18400000E+01 0.22164476E-02
0.14000000E+00 0.18400000E+01 0.23485541E-02
0.16000000E+00 0.18400000E+01 0.24885053E-02
0.18000000E+00 0.18400000E+01 0.26369092E-02
0.20000000E+00 0.18400000E+01 0.27925057E-02
0.22000000E+00 0.18400000E+01 0.29518067E-02
0.23999999E+00 0.18400000E+01 0.31089167E-02
0.25999999E+00 0.18400000E+01 0.32556366E-02
0.27999999E+00 0.18400000E+01 0.33819607E-02
0.29999999E+00 0.18400000E+01 0.34770837E-02
0.31999999E+00 0.18400000E+01 0.35310110E-02
0.33999999E+00 0.18400000E+01 0.35367887E-02
0.35999999E+00 0.18400000E+01 0.34930780E-02
0.37999999E+00 0.18400000E+01 0.34049709E-02
0.39999999E+00 0.18400000E+01 0.32406357E-02
0.41999999E+00 0.18400000E+01 0.33356097E-02
0.43999999E+00 0.18400000E+01 0.34296917E-02
0.45999999E+00 0.18400000E+01 0.35237498E-02
0.47999999E+00 0.18400000E+01 0.36185764E-02
0.49999999E+00 0.18400000E+01 0.37148167E-02
0.51999999E+00 0.18400000E+01 0.38128999E-02
0.53999999E+00 0.18400000E+01 0.39129779E-02
0.55999999E+00 0.18400000E+01 0.40148786E-02
0.57999999E+00 0.18400000E+01 0.41180819E-02
0.59999999E+00 0.18400000E+01 0.42217234E-02
0.61999999E+00 0.18400000E+01 0.43246343E-02
0.63999999E+00 0.18400000E+01 0.44254215E-02
0.65999999E+00 0.18400000E+01 0.45225913E-02
0.67999998E+00 0.18400000E+01 0.46147146E-02
0.69999998E+00 0.18400000E+01 0.47006279E-02
0.71999998E+00 0.18400000E+01 0.47796570E-02
0.73999998E+00 0.18400000E+01 0.48518402E-02
0.75999998E+00 0.18400000E+01 0.49181190E-02
0.77999998E+00 0.18400000E+01 0.49804518E-02
0.79999998E+00 0.18400000E+01 0.50417925E-02
0.81999998E+00 0.18400000E+01 0.51058652E-02
0.83999998E+00 0.18400000E+01 0.51766551E-02
0.85999998E+00 0.18400000E+01 0.52575346E-02
0.87999998E+00 0.18400000E+01 0.53499538E-02
0.89999998E+00 0.18400000E+01 0.54516523E-02
0.91999998E+00 0.18400000E+01 0.55544108E-02
0.93999998E+00 0.18400000E+01 0.56414289E-02
0.95999998E+00 0.18400000E+01 0.56842830E-02
0.97999998E+00 0.18400000E+01 0.56370854E-02
0.99999998E+00 0.18400000E+01 0.53714002E-02
0.10200000E+01 0.18400000E+01 0.52647741E-02
0.10400000E+01 0.18400000E+01 0.53721874E-02
0.10600000E+01 0.18400000E+01 0.54779434E-02
0.10800000E+01 0.18400000E+01 0.55812467E-02
0.11000000E+01 0.18400000E+01 0.56814190E-02
0.11200000E+01 0.18400000E+01 0.57779685E-02
0.11400000E+01 0.18400000E+01 0.58706568E-02
0.11600000E+01 0.18400000E+01 0.59595582E-02
0.11800000E+01 0.18400000E+01 0.60451034E-02
0.12000000E+01 0.18400000E+01 0.61281019E-02
0.12200000E+01 0.18400000E+01 0.62097346E-02
0.12400000E+01 0.18400000E+01 0.62915112E-02
0.12600000E+01 0.18400000E+01 0.63751879E-02
0.12800000E+01 0.18400000E+01 0.64626432E-02
0.13000000E+01 0.18400000E+01 0.65557154E-02
0.13200000E+01 0.18400000E+01 0.66560104E-02
0.13400000E+01 0.18400000E+01 0.67646973E-02
0.13600000E+01 0.18400000E+01 0.68823171E-02
0.13800000E+01 0.18400000E+01 0.70086415E-02
0.14000000E+01 0.18400000E+01 0.71426260E-02
0.14200000E+01 0.18400000E+01 0.72825089E-02
0.14400000E+01 0.18400000E+01 0.74261019E-02
0.14600000E+01 0.18400000E+01 0.75712941E-02
0.14800000E+01 0.18400000E+01 0.77167259E-02
0.15000000E+01 0.18400000E+01 0.78624355E-02
0.15200000E+01 0.18400000E+01 0.80099408E-02
0.15400000E+01 0.18400000E+01 0.81603927E-02
0.15600000E+01 0.18400000E+01 0.83071098E-02
0.15800000E+01 0.18400000E+01 0.84098241E-02
0.16000000E+01 0.18400000E+01 0.82675516E-02
0.16200000E+01 0.18400000E+01 0.76744209E-02
0.16400000E+01 0.18400000E+01 0.78184109E-02
0.16600000E+01 0.18400000E+01 0.79644190E-02
0.16800000E+01 0.18400000E+01 0.81127611E-02
0.17000000E+01 0.18400000E+01 0.82636495E-02
0.17200000E+01 0.18400000E+01 0.84171238E-02
0.17400000E+01 0.18400000E+01 0.85729779E-02
0.17600000E+01 0.18400000E+01 0.87306912E-02
0.17800000E+01 0.18400000E+01 0.88893683E-02
0.18000000E+01 0.18400000E+01 0.90476973E-02
0.18200000E+01 0.18400000E+01 0.92039355E-02
0.18400000E+01 0.18400000E+01 0.93559318E-02
0.18600000E+01 0.18400000E+01 0.95011941E-02
0.18800000E+01 0.18400000E+01 0.96370101E-02
0.19000000E+01 0.18400000E+01 0.97606214E-02
0.19200000E+01 0.18400000E+01 0.98694506E-02
0.19400000E+01 0.18400000E+01 0.99613674E-02
0.19600000E+01 0.18400000E+01 0.10034970E-01
0.19800000E+01 0.18400000E+01 0.10089845E-01
0.20000000E+01 0.18400000E+01 0.10126745E-01
0.00000000E+00 0.18600000E+01 0.14683427E-02
0.20000000E-01 0.18600000E+01 0.16063525E-02
0.39999999E-01 0.18600000E+01 0.17368753E-02
0.59999999E-01 0.18600000E+01 0.18630452E-02
0.79999998E-01 0.18600000E+01 0.19884004E-02
0.99999998E-01 0.18600000E+01 0.21165110E-02
0.12000000E+00 0.18600000E+01 0.22505300E-02
0.14000000E+00 0.18600000E+01 0.23926916E-02
0.16000000E+00 0.18600000E+01 0.25437923E-02
0.18000000E+00 0.18600000E+01 0.27027030E-02
0.20000000E+00 0.18600000E+01 0.28659842E-02
0.22000000E+00 0.18600000E+01 0.30276879E-02
0.23999999E+00 0.18600000E+01 0.31794522E-02
0.25999999E+00 0.18600000E+01 0.33110051E-02
0.27999999E+00 0.18600000E+01 0.34111964E-02
0.29999999E+00 0.18600000E+01 0.34696569E-02
0.31999999E+00 0.18600000E+01 0.34790989E-02
0.33999999E+00 0.18600000E+01 0.34379733E-02
0.35999999E+00 0.18600000E+01 0.33513277E-02
0.37999999E+00 0.18600000E+01 0.31868046E-02
0.39999999E+00 0.18600000E+01 0.32836395E-02
0.41999999E+00 0.18600000E+01 0.33794973E-02
0.43999999E+00 0.18600000E+01 0.34752605E-02
0.45999999E+00 0.18600000E+01 0.35717343E-02
0.47999999E+00 0.18600000E+01 0.36695721E-02
0.49999999E+00 0.18600000E+01 0.37692045E-02
0.51999999E+00 0.18600000E+01 0.38707763E-02
0.53999999E+00 0.18600000E+01 0.39740988E-02
0.55999999E+00 0.18600000E+01 0.40786245E-02
0.57999999E+00 0.18600000E+01 0.41834527E-02
0.59999999E+00 0.18600000E+01 0.42873712E-02
0.61999999E+00 0.18600000E+01 0.43889399E-02
0.63999999E+00 0.18600000E+01 0.44866194E-02
0.65999999E+00 0.18600000E+01 0.45789423E-02
0.67999998E+00 0.18600000E+01 0.46647211E-02
0.69999998E+00 0.18600000E+01 0.47432778E-02
0.71999998E+00 0.18600000E+01 0.48146723E-02
0.73999998E+00 0.18600000E+01 0.48798954E-02
0.75999998E+00 0.18600000E+01 0.49409805E-02
0.77999998E+00 0.18600000E+01 0.50009731E-02
0.79999998E+00 0.18600000E+01 0.50636885E-02
0.81999998E+00 0.18600000E+01 0.51331765E-02
0.83999998E+00 0.18600000E+01 0.52128124E-02
0.85999998E+00 0.18600000E+01 0.53039469E-02
0.87999998E+00 0.18600000E+01 0.54040844E-02
0.89999998E+00 0.18600000E+01 0.55046336E-02
0.91999998E+00 0.18600000E+01 0.55883765E-02
0.93999998E+00 0.18600000E+01 0.56267703E-02
0.95999998E+00 0.18600000E+01 0.55752636E-02
0.97999998E+00 0.18600000E+01 0.53153008E-02
0.99999998E+00 0.18600000E+01 0.52176959E-02
0.10200000E+01 0.18600000E+01 0.53229253E-02
0.10400000E+01 0.18600000E+01 0.54263176E-02
0.10600000E+01 0.18600000E+01 0.55271126E-02
0.10800000E+01 0.18600000E+01 0.56246794E-02
0.11000000E+01 0.18600000E+01 0.57185863E-02
0.11200000E+01 0.18600000E+01 0.58086663E-02
0.11400000E+01 0.18600000E+01 0.58950736E-02
0.11600000E+01 0.18600000E+01 0.59783238E-02
0.11800000E+01 0.18600000E+01 0.60593102E-02
0.12000000E+01 0.18600000E+01 0.61392891E-02
0.12200000E+01 0.18600000E+01 0.62198288E-02
0.12400000E+01 0.18600000E+01 0.63027166E-02
0.12600000E+01 0.18600000E+01 0.63898241E-02
0.12800000E+01 0.18600000E+01 0.64829349E-02
0.13000000E+01 0.18600000E+01 0.65835439E-02
0.13200000E+01 0.18600000E+01 0.66926486E-02
0.13400000E+01 0.18600000E+01 0.68105602E-02
0.13600000E+01 0.18600000E+01 0.69367729E-02
0.13800000E+01 0.18600000E+01 0.70699408E-02
0.14000000E+01 0.18600000E+01 0.72080159E-02
0.14200000E+01 0.18600000E+01 0.73485948E-02
0.14400000E+01 0.18600000E+01 0.74894985E-02
0.14600000E+01 0.18600000E+01 0.76295359E-02
0.14800000E+01 0.18600000E+01 0.77692448E-02
0.15000000E+01 0.18600000E+01 0.79110466E-02
0.15200000E+01 0.18600000E+01 0.80573922E-02
0.15400000E+01 0.18600000E+01 0.82030793E-02
0.15600000E+01 0.18600000E+01 0.83087010E-02
0.15800000E+01 0.18600000E+01 0.81703792E-02
0.16000000E+01 0.18600000E+01 0.75701735E-02
0.16200000E+01 0.18600000E+01 0.77130051E-02
0.16400000E+01 0.18600000E+01 0.78583356E-02
0.16600000E+01 0.18600000E+01 0.80064956E-02
0.16800000E+01 0.18600000E+01 0.81576929E-02
0.17000000E+01 0.18600000E+01 0.83119417E-02
0.17200000E+01 0.18600000E+01 0.84689892E-02
0.17400000E+01 0.18600000E+01 0.86282477E-02
0.17600000E+01 0.18600000E+01 0.87887377E-02
0.17800000E+01 0.18600000E+01 0.89490515E-02
0.18000000E+01 0.18600000E+01 0.91073475E-02
0.18200000E+01 0.18600000E+01 0.92613832E-02
0.18400000E+01 0.18600000E+01 0.94085964E-02
0.18600000E+01 0.18600000E+01 0.95462409E-02
0.18800000E+01 0.18600000E+01 0.96715773E-02
0.19000000E+01 0.18600000E+01 0.97821152E-02
0.19200000E+01 0.18600000E+01 0.98758907E-02
0.19400000E+01 0.18600000E+01 0.99517534E-02
0.19600000E+01 0.18600000E+01 0.10009620E-01
0.19800000E+01 0.18600000E+01 0.10050630E-01
0.20000000E+01 0.18600000E+01 0.10077134E-01
0.00000000E+00 0.18800000E+01 0.14948992E-02
0.20000000E-01 0.18800000E+01 0.16281134E-02
0.39999999E-01 0.18800000E+01 0.17564094E-02
0.59999999E-01 0.18800000E+01 0.18834960E-02
0.79999998E-01 0.18800000E+01 0.20131650E-02
0.99999998E-01 0.18800000E+01 0.21488194E-02
0.12000000E+00 0.18800000E+01 0.22929440E-02
0.14000000E+00 0.18800000E+01 0.24465553E-02
0.16000000E+00 0.18800000E+01 0.26086825E-02
0.18000000E+00 0.18800000E+01 0.27759529E-02
0.20000000E+00 0.18800000E+01 0.29423702E-02
0.22000000E+00 0.18800000E+01 0.30993966E-02
0.23999999E+00 0.18800000E+01 0.32364597E-02
0.25999999E+00 0.18800000E+01 0.33420108E-02
0.27999999E+00 0.18800000E+01 0.34052372E-02
0.29999999E+00 0.18800000E+01 0.34184484E-02
0.31999999E+00 0.18800000E+01 0.33798519E-02
0.33999999E+00 0.18800000E+01 0.32945557E-02
0.35999999E+00 0.18800000E+01 0.31306699E-02
0.37999999E+00 0.18800000E+01 0.32294352E-02
0.39999999E+00 0.18800000E+01 0.33271340E-02
0.41999999E+00 0.18800000E+01 0.34246665E-02
0.43999999E+00 0.18800000E+01 0.35228543E-02
0.45999999E+00 0.18800000E+01 0.36223634E-02
0.47999999E+00 0.18800000E+01 0.37236306E-02
0.49999999E+00 0.18800000E+01 0.38267980E-02
0.51999999E+00 0.18800000E+01 0.39316640E-02
0.53999999E+00 0.18800000E+01 0.40376575E-02
0.55999999E+00 0.18800000E+01 0.41438435E-02
0.57999999E+00 0.18800000E+01 0.42489670E-02
0.59999999E+00 0.18800000E+01 0.43515399E-02
0.61999999E+00 0.18800000E+01 0.44499746E-02
0.63999999E+00 0.18800000E+01 0.45427606E-02
0.65999999E+00 0.18800000E+01 0.46286801E-02
0.67999998E+00 0.18800000E+01 0.47070433E-02
0.69999998E+00 0.18800000E+01 0.47779234E-02
0.71999998E+00 0.18800000E+01 0.48423517E-02
0.73999998E+00 0.18800000E+01 0.49024285E-02
0.75999998E+00 0.18800000E+01 0.49612847E-02
0.77999998E+00 0.18800000E+01 0.50228242E-02
0.79999998E+00 0.18800000E+01 0.50911627E-02
0.81999998E+00 0.18800000E+01 0.51696854E-02
0.83999998E+00 0.18800000E+01 0.52596569E-02
0.85999998E+00 0.18800000E+01 0.53583653E-02
0.87999998E+00 0.18800000E+01 0.54568691E-02
0.89999998E+00 0.18800000E+01 0.55375510E-02
0.91999998E+00 0.18800000E+01 0.55717467E-02
0.93999998E+00 0.18800000E+01 0.55161672E-02
0.95999998E+00 0.18800000E+01 0.52616917E-02
0.97999998E+00 0.18800000E+01 0.51727939E-02
0.99999998E+00 0.18800000E+01 0.52760341E-02
0.10200000E+01 0.18800000E+01 0.53772524E-02
0.10400000E+01 0.18800000E+01 0.54757197E-02
0.10600000E+01 0.18800000E+01 0.55708491E-02
0.10800000E+01 0.18800000E+01 0.56622647E-02
0.11000000E+01 0.18800000E+01 0.57498672E-02
0.11200000E+01 0.18800000E+01 0.58338873E-02
0.11400000E+01 0.18800000E+01 0.59149223E-02
0.11600000E+01 0.18800000E+01 0.59939471E-02
0.11800000E+01 0.18800000E+01 0.60722920E-02
0.12000000E+01 0.18800000E+01 0.61515832E-02
0.12200000E+01 0.18800000E+01 0.62336394E-02
0.12400000E+01 0.18800000E+01 0.63203273E-02
0.12600000E+01 0.18800000E+01 0.64133784E-02
0.12800000E+01 0.18800000E+01 0.65141807E-02
0.13000000E+01 0.18800000E+01 0.66235649E-02
0.13200000E+01 0.18800000E+01 0.67416175E-02
0.13400000E+01 0.18800000E+01 0.68675606E-02
0.13600000E+01 0.18800000E+01 0.69997512E-02
0.13800000E+01 0.18800000E+01 0.71358574E-02
0.14000000E+01 0.18800000E+01 0.72732604E-02
0.14200000E+01 0.18800000E+01 0.74097076E-02
0.14400000E+01 0.18800000E+01 0.75441651E-02
0.14600000E+01 0.18800000E+01 0.76776527E-02
0.14800000E+01 0.18800000E+01 0.78134721E-02
0.15000000E+01 0.18800000E+01 0.79553536E-02
0.15200000E+01 0.18800000E+01 0.80995769E-02
0.15400000E+01 0.18800000E+01 0.82076881E-02
0.15600000E+01 0.18800000E+01 0.80733996E-02
0.15800000E+01 0.18800000E+01 0.74673448E-02
0.16000000E+01 0.18800000E+01 0.76086816E-02
0.16200000E+01 0.18800000E+01 0.77529713E-02
0.16400000E+01 0.18800000E+01 0.79005622E-02
0.16600000E+01 0.18800000E+01 0.80516614E-02
0.16800000E+01 0.18800000E+01 0.82062617E-02
0.17000000E+01 0.18800000E+01 0.83640683E-02
0.17200000E+01 0.18800000E+01 0.85244311E-02
0.17400000E+01 0.18800000E+01 0.86862912E-02
0.17600000E+01 0.18800000E+01 0.88481500E-02
0.17800000E+01 0.18800000E+01 0.90080713E-02
0.18000000E+01 0.18800000E+01 0.91637251E-02
0.18200000E+01 0.18800000E+01 0.93124825E-02
0.18400000E+01 0.18800000E+01 0.94515657E-02
0.18600000E+01 0.18800000E+01 0.95782555E-02
0.18800000E+01 0.18800000E+01 0.96901477E-02
0.19000000E+01 0.18800000E+01 0.97854428E-02
0.19200000E+01 0.18800000E+01 0.98632381E-02
0.19400000E+01 0.18800000E+01 0.99237753E-02
0.19600000E+01 0.18800000E+01 0.99685773E-02
0.19800000E+01 0.18800000E+01 0.10000390E-01
0.20000000E+01 0.18800000E+01 0.10022830E-01
0.00000000E+00 0.19000000E+01 0.15169165E-02
0.20000000E-01 0.19000000E+01 0.16471277E-02
0.39999999E-01 0.19000000E+01 0.17756701E-02
0.59999999E-01 0.19000000E+01 0.19065806E-02
0.79999998E-01 0.19000000E+01 0.20435432E-02
0.99999998E-01 0.19000000E+01 0.21893286E-02
0.12000000E+00 0.19000000E+01 0.23452092E-02
0.14000000E+00 0.19000000E+01 0.25104039E-02
0.16000000E+00 0.19000000E+01 0.26816287E-02
0.18000000E+00 0.19000000E+01 0.28528469E-02
0.20000000E+00 0.19000000E+01 0.30153334E-02
0.22000000E+00 0.19000000E+01 0.31581820E-02
0.23999999E+00 0.19000000E+01 0.32693897E-02
0.25999999E+00 0.19000000E+01 0.33376268E-02
0.27999999E+00 0.19000000E+01 0.33547252E-02
0.29999999E+00 0.19000000E+01 0.33186093E-02
0.31999999E+00 0.19000000E+01 0.32345492E-02
0.33999999E+00 0.19000000E+01 0.30721440E-02
0.35999999E+00 0.19000000E+01 0.31729037E-02
0.37999999E+00 0.19000000E+01 0.32725024E-02
0.39999999E+00 0.19000000E+01 0.33718609E-02
0.41999999E+00 0.19000000E+01 0.34718213E-02
0.43999999E+00 0.19000000E+01 0.35730666E-02
0.45999999E+00 0.19000000E+01 0.36760446E-02
0.47999999E+00 0.19000000E+01 0.37808997E-02
0.49999999E+00 0.19000000E+01 0.38874217E-02
0.51999999E+00 0.19000000E+01 0.39950194E-02
0.53999999E+00 0.19000000E+01 0.41027261E-02
0.55999999E+00 0.19000000E+01 0.42092449E-02
0.57999999E+00 0.19000000E+01 0.43130391E-02
0.59999999E+00 0.19000000E+01 0.44124699E-02
0.61999999E+00 0.19000000E+01 0.45059795E-02
0.63999999E+00 0.19000000E+01 0.45923131E-02
0.65999999E+00 0.19000000E+01 0.46707614E-02
0.67999998E+00 0.19000000E+01 0.47414017E-02
0.69999998E+00 0.19000000E+01 0.48052971E-02
0.71999998E+00 0.19000000E+01 0.48646061E-02
0.73999998E+00 0.19000000E+01 0.49225390E-02
0.75999998E+00 0.19000000E+01 0.49830845E-02
0.77999998E+00 0.19000000E+01 0.50504260E-02
0.79999998E+00 0.19000000E+01 0.51279656E-02
0.81999998E+00 0.19000000E+01 0.52168948E-02
0.83999998E+00 0.19000000E+01 0.53143048E-02
0.85999998E+00 0.19000000E+01 0.54109263E-02
0.87999998E+00 0.19000000E+01 0.54887613E-02
0.89999998E+00 0.19000000E+01 0.55190207E-02
0.91999998E+00 0.19000000E+01 0.54596030E-02
0.93999998E+00 0.19000000E+01 0.52103654E-02
0.95999998E+00 0.19000000E+01 0.51298474E-02
0.97999998E+00 0.19000000E+01 0.52312943E-02
0.99999998E+00 0.19000000E+01 0.53305309E-02
0.10200000E+01 0.19000000E+01 0.54268561E-02
0.10400000E+01 0.19000000E+01 0.55197225E-02
0.10600000E+01 0.19000000E+01 0.56088065E-02
0.10800000E+01 0.19000000E+01 0.56940724E-02
0.11000000E+01 0.19000000E+01 0.57758240E-02
0.11200000E+01 0.19000000E+01 0.58547372E-02
0.11400000E+01 0.19000000E+01 0.59318658E-02
0.11600000E+01 0.19000000E+01 0.60086127E-02
0.11800000E+01 0.19000000E+01 0.60866610E-02
0.12000000E+01 0.19000000E+01 0.61678617E-02
0.12200000E+01 0.19000000E+01 0.62540782E-02
0.12400000E+01 0.19000000E+01 0.63469928E-02
0.12600000E+01 0.19000000E+01 0.64478905E-02
0.12800000E+01 0.19000000E+01 0.65574405E-02
0.13000000E+01 0.19000000E+01 0.66755100E-02
0.13200000E+01 0.19000000E+01 0.68010545E-02
0.13400000E+01 0.19000000E+01 0.69321391E-02
0.13600000E+01 0.19000000E+01 0.70661506E-02
0.13800000E+01 0.19000000E+01 0.72002541E-02
0.14000000E+01 0.19000000E+01 0.73321183E-02
0.14200000E+01 0.19000000E+01 0.74608547E-02
0.14400000E+01 0.19000000E+01 0.75879463E-02
0.14600000E+01 0.19000000E+01 0.77175503E-02
0.14800000E+01 0.19000000E+01 0.78546527E-02
0.15000000E+01 0.19000000E+01 0.79970137E-02
0.15200000E+01 0.19000000E+01 0.81072184E-02
0.15400000E+01 0.19000000E+01 0.79770408E-02
0.15600000E+01 0.19000000E+01 0.73663412E-02
0.15800000E+01 0.19000000E+01 0.75058827E-02
0.16000000E+01 0.19000000E+01 0.76488024E-02
0.16200000E+01 0.19000000E+01 0.77954692E-02
0.16400000E+01 0.19000000E+01 0.79460927E-02
0.16600000E+01 0.19000000E+01 0.81006484E-02
0.16800000E+01 0.19000000E+01 0.82588037E-02
0.17000000E+01 0.19000000E+01 0.84198507E-02
0.17200000E+01 0.19000000E+01 0.85826559E-02
0.17400000E+01 0.19000000E+01 0.87456344E-02
0.17600000E+01 0.19000000E+01 0.89067601E-02
0.17800000E+01 0.19000000E+01 0.90636197E-02
0.18000000E+01 0.19000000E+01 0.92135204E-02
0.18200000E+01 0.19000000E+01 0.93536553E-02
0.18400000E+01 0.19000000E+01 0.94813258E-02
0.18600000E+01 0.19000000E+01 0.95942133E-02
0.18800000E+01 0.19000000E+01 0.96906803E-02
0.19000000E+01 0.19000000E+01 0.97700672E-02
0.19200000E+01 0.19000000E+01 0.98329349E-02
0.19400000E+01 0.19000000E+01 0.98811815E-02
0.19600000E+01 0.19000000E+01 0.99179438E-02
0.19800000E+01 0.19000000E+01 0.99471776E-02
0.20000000E+01 0.19000000E+01 0.99728067E-02
0.00000000E+00 0.19200000E+01 0.15354870E-02
0.20000000E-01 0.19200000E+01 0.16651781E-02
0.39999999E-01 0.19200000E+01 0.17969708E-02
0.59999999E-01 0.19200000E+01 0.19348631E-02
0.79999998E-01 0.19200000E+01 0.20819501E-02
0.99999998E-01 0.19200000E+01 0.22398001E-02
0.12000000E+00 0.19200000E+01 0.24078579E-02
0.14000000E+00 0.19200000E+01 0.25829551E-02
0.16000000E+00 0.19200000E+01 0.27590259E-02
0.18000000E+00 0.19200000E+01 0.29271489E-02
0.20000000E+00 0.19200000E+01 0.30760514E-02
0.22000000E+00 0.19200000E+01 0.31932178E-02
0.23999999E+00 0.19200000E+01 0.32667242E-02
0.25999999E+00 0.19200000E+01 0.32878428E-02
0.27999999E+00 0.19200000E+01 0.32541671E-02
0.29999999E+00 0.19200000E+01 0.31712271E-02
0.31999999E+00 0.19200000E+01 0.30111523E-02
0.33999999E+00 0.19200000E+01 0.31139645E-02
0.35999999E+00 0.19200000E+01 0.32155149E-02
0.37999999E+00 0.19200000E+01 0.33167482E-02
0.39999999E+00 0.19200000E+01 0.34185308E-02
0.41999999E+00 0.19200000E+01 0.35215678E-02
0.43999999E+00 0.19200000E+01 0.36263227E-02
0.45999999E+00 0.19200000E+01 0.37329472E-02
0.47999999E+00 0.19200000E+01 0.38412275E-02
0.49999999E+00 0.19200000E+01 0.39505562E-02
0.51999999E+00 0.19200000E+01 0.40599375E-02
0.53999999E+00 0.19200000E+01 0.41680341E-02
0.55999999E+00 0.19200000E+01 0.42732599E-02
0.57999999E+00 0.19200000E+01 0.43739226E-02
0.59999999E+00 0.19200000E+01 0.44684125E-02
0.61999999E+00 0.19200000E+01 0.45554311E-02
0.63999999E+00 0.19200000E+01 0.46342418E-02
0.65999999E+00 0.19200000E+01 0.47049167E-02
0.67999998E+00 0.19200000E+01 0.47685411E-02
0.69999998E+00 0.19200000E+01 0.48273234E-02
0.71999998E+00 0.19200000E+01 0.48845460E-02
0.73999998E+00 0.19200000E+01 0.49442795E-02
0.75999998E+00 0.19200000E+01 0.50107759E-02
0.77999998E+00 0.19200000E+01 0.50874610E-02
0.79999998E+00 0.19200000E+01 0.51754671E-02
0.81999998E+00 0.19200000E+01 0.52717078E-02
0.83999998E+00 0.19200000E+01 0.53666087E-02
0.85999998E+00 0.19200000E+01 0.54418101E-02
0.87999998E+00 0.19200000E+01 0.54683952E-02
0.89999998E+00 0.19200000E+01 0.54053730E-02
0.91999998E+00 0.19200000E+01 0.51611142E-02
0.93999998E+00 0.19200000E+01 0.50886380E-02
0.95999998E+00 0.19200000E+01 0.51884873E-02
0.97999998E+00 0.19200000E+01 0.52859365E-02
0.99999998E+00 0.19200000E+01 0.53803081E-02
0.10200000E+01 0.19200000E+01 0.54710910E-02
0.10400000E+01 0.19200000E+01 0.55580097E-02
0.10600000E+01 0.19200000E+01 0.56410883E-02
0.10800000E+01 0.19200000E+01 0.57206998E-02
0.11000000E+01 0.19200000E+01 0.57975958E-02
0.11200000E+01 0.19200000E+01 0.58729063E-02
0.11400000E+01 0.19200000E+01 0.59481051E-02
0.11600000E+01 0.19200000E+01 0.60249317E-02
0.11800000E+01 0.19200000E+01 0.61052698E-02
0.12000000E+01 0.19200000E+01 0.61909808E-02
0.12200000E+01 0.19200000E+01 0.62837012E-02
0.12400000E+01 0.19200000E+01 0.63846174E-02
0.12600000E+01 0.19200000E+01 0.64942419E-02
0.12800000E+01 0.19200000E+01 0.66122289E-02
0.13000000E+01 0.19200000E+01 0.67372732E-02
0.13200000E+01 0.19200000E+01 0.68671527E-02
0.13400000E+01 0.19200000E+01 0.69989762E-02
0.13600000E+01 0.19200000E+01 0.71296926E-02
0.13800000E+01 0.19200000E+01 0.72568862E-02
0.14000000E+01 0.19200000E+01 0.73798022E-02
0.14200000E+01 0.19200000E+01 0.75003667E-02
0.14400000E+01 0.19200000E+01 0.76235663E-02
0.14600000E+01 0.19200000E+01 0.77556164E-02
0.14800000E+01 0.19200000E+01 0.78957520E-02
0.15000000E+01 0.19200000E+01 0.80076769E-02
0.15200000E+01 0.19200000E+01 0.78816828E-02
0.15400000E+01 0.19200000E+01 0.72675145E-02
0.15600000E+01 0.19200000E+01 0.74049967E-02
0.15800000E+01 0.19200000E+01 0.75462523E-02
0.16000000E+01 0.19200000E+01 0.76916734E-02
0.16200000E+01 0.19200000E+01 0.78414752E-02
0.16400000E+01 0.19200000E+01 0.79956196E-02
0.16600000E+01 0.19200000E+01 0.81537400E-02
0.16800000E+01 0.19200000E+01 0.83150754E-02
0.17000000E+01 0.19200000E+01 0.84784224E-02
0.17200000E+01 0.19200000E+01 0.86421145E-02
0.17400000E+01 0.19200000E+01 0.88040401E-02
0.17600000E+01 0.19200000E+01 0.89617064E-02
0.17800000E+01 0.19200000E+01 0.91123604E-02
0.18000000E+01 0.19200000E+01 0.92531679E-02
0.18200000E+01 0.19200000E+01 0.93814515E-02
0.18400000E+01 0.19200000E+01 0.94949771E-02
0.18600000E+01 0.19200000E+01 0.95922656E-02
0.18800000E+01 0.19200000E+01 0.96728954E-02
0.19000000E+01 0.19200000E+01 0.97377398E-02
0.19200000E+01 0.19200000E+01 0.97890638E-02
0.19400000E+01 0.19200000E+01 0.98303873E-02
0.19600000E+01 0.19200000E+01 0.98660007E-02
0.19800000E+01 0.19200000E+01 0.99000236E-02
0.20000000E+01 0.19200000E+01 0.99349169E-02
0.00000000E+00 0.19400000E+01 0.15523191E-02
0.20000000E-01 0.19400000E+01 0.16845920E-02
0.39999999E-01 0.19400000E+01 0.18229825E-02
0.59999999E-01 0.19400000E+01 0.19709525E-02
0.79999998E-01 0.19400000E+01 0.21304105E-02
0.99999998E-01 0.19400000E+01 0.23010682E-02
0.12000000E+00 0.19400000E+01 0.24799047E-02
0.14000000E+00 0.19400000E+01 0.26608407E-02
0.16000000E+00 0.19400000E+01 0.28347528E-02
0.18000000E+00 0.19400000E+01 0.29899693E-02
0.20000000E+00 0.19400000E+01 0.31134027E-02
0.22000000E+00 0.19400000E+01 0.31924521E-02
0.23999999E+00 0.19400000E+01 0.32177402E-02
0.25999999E+00 0.19400000E+01 0.31864738E-02
0.27999999E+00 0.19400000E+01 0.31045331E-02
0.29999999E+00 0.19400000E+01 0.29476334E-02
0.31999999E+00 0.19400000E+01 0.30525499E-02
0.33999999E+00 0.19400000E+01 0.31560964E-02
0.35999999E+00 0.19400000E+01 0.32592449E-02
0.37999999E+00 0.19400000E+01 0.33628901E-02
0.39999999E+00 0.19400000E+01 0.34677638E-02
0.41999999E+00 0.19400000E+01 0.35743508E-02
0.43999999E+00 0.19400000E+01 0.36828157E-02
0.45999999E+00 0.19400000E+01 0.37929457E-02
0.47999999E+00 0.19400000E+01 0.39041215E-02
0.49999999E+00 0.19400000E+01 0.40153216E-02
0.51999999E+00 0.19400000E+01 0.41251696E-02
0.53999999E+00 0.19400000E+01 0.42320300E-02
0.55999999E+00 0.19400000E+01 0.43341544E-02
0.57999999E+00 0.19400000E+01 0.44298765E-02
0.59999999E+00 0.19400000E+01 0.45178478E-02
0.61999999E+00 0.19400000E+01 0.45972960E-02
0.63999999E+00 0.19400000E+01 0.46682788E-02
0.65999999E+00 0.19400000E+01 0.47318937E-02
0.67999998E+00 0.19400000E+01 0.47903899E-02
0.69999998E+00 0.19400000E+01 0.48471150E-02
0.71999998E+00 0.19400000E+01 0.49062175E-02
0.73999998E+00 0.19400000E+01 0.49720193E-02
0.75999998E+00 0.19400000E+01 0.50479767E-02
0.77999998E+00 0.19400000E+01 0.51351765E-02
0.79999998E+00 0.19400000E+01 0.52303747E-02
0.81999998E+00 0.19400000E+01 0.53237150E-02
0.83999998E+00 0.19400000E+01 0.53964954E-02
0.85999998E+00 0.19400000E+01 0.54196682E-02
0.87999998E+00 0.19400000E+01 0.53532750E-02
0.89999998E+00 0.19400000E+01 0.51137304E-02
0.91999998E+00 0.19400000E+01 0.50489508E-02
0.93999998E+00 0.19400000E+01 0.51473975E-02
0.95999998E+00 0.19400000E+01 0.52432537E-02
0.97999998E+00 0.19400000E+01 0.53358625E-02
0.99999998E+00 0.19400000E+01 0.54247449E-02
0.10200000E+01 0.19400000E+01 0.55096696E-02
0.10400000E+01 0.19400000E+01 0.55907166E-02
0.10600000E+01 0.19400000E+01 0.56683246E-02
0.10800000E+01 0.19400000E+01 0.57433173E-02
0.11000000E+01 0.19400000E+01 0.58168988E-02
0.11200000E+01 0.19400000E+01 0.58906116E-02
0.11400000E+01 0.19400000E+01 0.59662509E-02
0.11600000E+01 0.19400000E+01 0.60457335E-02
0.11800000E+01 0.19400000E+01 0.61309211E-02
0.12000000E+01 0.19400000E+01 0.62234071E-02
0.12200000E+01 0.19400000E+01 0.63242836E-02
0.12400000E+01 0.19400000E+01 0.64339121E-02
0.12600000E+01 0.19400000E+01 0.65517398E-02
0.12800000E+01 0.19400000E+01 0.66762069E-02
0.13000000E+01 0.19400000E+01 0.68048096E-02
0.13200000E+01 0.19400000E+01 0.69343823E-02
0.13400000E+01 0.19400000E+01 0.70616572E-02
0.13600000E+01 0.19400000E+01 0.71841292E-02
0.13800000E+01 0.19400000E+01 0.73011644E-02
0.14000000E+01 0.19400000E+01 0.74151118E-02
0.14200000E+01 0.19400000E+01 0.75317598E-02
0.14400000E+01 0.19400000E+01 0.76585246E-02
0.14600000E+01 0.19400000E+01 0.77961067E-02
0.14800000E+01 0.19400000E+01 0.79094017E-02
0.15000000E+01 0.19400000E+01 0.77876576E-02
0.15200000E+01 0.19400000E+01 0.71711634E-02
0.15400000E+01 0.19400000E+01 0.73063584E-02
0.15600000E+01 0.19400000E+01 0.74456915E-02
0.15800000E+01 0.19400000E+01 0.75895796E-02
0.16000000E+01 0.19400000E+01 0.77382466E-02
0.16200000E+01 0.19400000E+01 0.78916440E-02
0.16400000E+01 0.19400000E+01 0.80493753E-02
0.16600000E+01 0.19400000E+01 0.82106304E-02
0.16800000E+01 0.19400000E+01 0.83741407E-02
0.17000000E+01 0.19400000E+01 0.85381628E-02
0.17200000E+01 0.19400000E+01 0.87005039E-02
0.17400000E+01 0.19400000E+01 0.88585960E-02
0.17600000E+01 0.19400000E+01 0.90096285E-02
0.17800000E+01 0.19400000E+01 0.91507420E-02
0.18000000E+01 0.19400000E+01 0.92792810E-02
0.18200000E+01 0.19400000E+01 0.93930940E-02
0.18400000E+01 0.19400000E+01 0.94908567E-02
0.18600000E+01 0.19400000E+01 0.95723795E-02
0.18800000E+01 0.19400000E+01 0.96388400E-02
0.19000000E+01 0.19400000E+01 0.96928612E-02
0.19200000E+01 0.19400000E+01 0.97383366E-02
0.19400000E+01 0.19400000E+01 0.97798854E-02
0.19600000E+01 0.19400000E+01 0.98218229E-02
0.19800000E+01 0.19400000E+01 0.98665575E-02
0.20000000E+01 0.19400000E+01 0.99124207E-02
0.00000000E+00 0.19600000E+01 0.15697441E-02
0.20000000E-01 0.19600000E+01 0.17081479E-02
0.39999999E-01 0.19600000E+01 0.18565206E-02
0.59999999E-01 0.19600000E+01 0.20171600E-02
0.79999998E-01 0.19600000E+01 0.21900918E-02
0.99999998E-01 0.19600000E+01 0.23724794E-02
0.12000000E+00 0.19600000E+01 0.25582510E-02
0.14000000E+00 0.19600000E+01 0.27380784E-02
0.16000000E+00 0.19600000E+01 0.28998600E-02
0.18000000E+00 0.19600000E+01 0.30298747E-02
0.20000000E+00 0.19600000E+01 0.31147571E-02
0.22000000E+00 0.19600000E+01 0.31443828E-02
0.23999999E+00 0.19600000E+01 0.31155052E-02
0.25999999E+00 0.19600000E+01 0.30344366E-02
0.27999999E+00 0.19600000E+01 0.28815404E-02
0.29999999E+00 0.19600000E+01 0.29886061E-02
0.31999999E+00 0.19600000E+01 0.30941855E-02
0.33999999E+00 0.19600000E+01 0.31992803E-02
0.35999999E+00 0.19600000E+01 0.33048183E-02
0.37999999E+00 0.19600000E+01 0.34115628E-02
0.39999999E+00 0.19600000E+01 0.35200258E-02
0.41999999E+00 0.19600000E+01 0.36303898E-02
0.43999999E+00 0.19600000E+01 0.37424491E-02
0.45999999E+00 0.19600000E+01 0.38555768E-02
0.47999999E+00 0.19600000E+01 0.39687293E-02
0.49999999E+00 0.19600000E+01 0.40804929E-02
0.51999999E+00 0.19600000E+01 0.41891825E-02
0.53999999E+00 0.19600000E+01 0.42929914E-02
0.55999999E+00 0.19600000E+01 0.43901924E-02
0.57999999E+00 0.19600000E+01 0.44793803E-02
0.59999999E+00 0.19600000E+01 0.45597384E-02
0.61999999E+00 0.19600000E+01 0.46313003E-02
0.63999999E+00 0.19600000E+01 0.46951659E-02
0.65999999E+00 0.19600000E+01 0.47536155E-02
0.67999998E+00 0.19600000E+01 0.48100547E-02
0.69999998E+00 0.19600000E+01 0.48687058E-02
0.71999998E+00 0.19600000E+01 0.49339613E-02
0.73999998E+00 0.19600000E+01 0.50093152E-02
0.75999998E+00 0.19600000E+01 0.50958228E-02
0.77999998E+00 0.19600000E+01 0.51901025E-02
0.79999998E+00 0.19600000E+01 0.52820402E-02
0.81999998E+00 0.19600000E+01 0.53526111E-02
0.83999998E+00 0.19600000E+01 0.53726338E-02
0.85999998E+00 0.19600000E+01 0.53031041E-02
0.87999998E+00 0.19600000E+01 0.50680080E-02
0.89999998E+00 0.19600000E+01 0.50105755E-02
0.91999998E+00 0.19600000E+01 0.51078128E-02
0.93999998E+00 0.19600000E+01 0.52022702E-02
0.95999998E+00 0.19600000E+01 0.52933079E-02
0.97999998E+00 0.19600000E+01 0.53804750E-02
0.99999998E+00 0.19600000E+01 0.54635807E-02
0.10200000E+01 0.19600000E+01 0.55427569E-02
0.10400000E+01 0.19600000E+01 0.56185044E-02
0.10600000E+01 0.19600000E+01 0.56917156E-02
0.10800000E+01 0.19600000E+01 0.57636659E-02
0.11000000E+01 0.19600000E+01 0.58359650E-02
0.11200000E+01 0.19600000E+01 0.59104631E-02
0.11400000E+01 0.19600000E+01 0.59891103E-02
0.11600000E+01 0.19600000E+01 0.60737704E-02
0.11800000E+01 0.19600000E+01 0.61659971E-02
0.12000000E+01 0.19600000E+01 0.62667926E-02
0.12200000E+01 0.19600000E+01 0.63763733E-02
0.12400000E+01 0.19600000E+01 0.64939853E-02
0.12600000E+01 0.19600000E+01 0.66178210E-02
0.12800000E+01 0.19600000E+01 0.67451007E-02
0.13000000E+01 0.19600000E+01 0.68723875E-02
0.13200000E+01 0.19600000E+01 0.69961974E-02
0.13400000E+01 0.19600000E+01 0.71139300E-02
0.13600000E+01 0.19600000E+01 0.72250604E-02
0.13800000E+01 0.19600000E+01 0.73323391E-02
0.14000000E+01 0.19600000E+01 0.74423275E-02
0.14200000E+01 0.19600000E+01 0.75636122E-02
0.14400000E+01 0.19600000E+01 0.76983467E-02
0.14600000E+01 0.19600000E+01 0.78126848E-02
0.14800000E+01 0.19600000E+01 0.76952511E-02
0.15000000E+01 0.19600000E+01 0.70775350E-02
0.15200000E+01 0.19600000E+01 0.72102507E-02
0.15400000E+01 0.19600000E+01 0.73474380E-02
0.15600000E+01 0.19600000E+01 0.74895406E-02
0.15800000E+01 0.19600000E+01 0.76367933E-02
0.16000000E+01 0.19600000E+01 0.77891404E-02
0.16200000E+01 0.19600000E+01 0.79461591E-02
0.16400000E+01 0.19600000E+01 0.81069945E-02
0.16600000E+01 0.19600000E+01 0.82703169E-02
0.16800000E+01 0.19600000E+01 0.84343108E-02
0.17000000E+01 0.19600000E+01 0.85967063E-02
0.17200000E+01 0.19600000E+01 0.87548642E-02
0.17400000E+01 0.19600000E+01 0.89059196E-02
0.17600000E+01 0.19600000E+01 0.90469895E-02
0.17800000E+01 0.19600000E+01 0.91754404E-02
0.18000000E+01 0.19600000E+01 0.92892014E-02
0.18200000E+01 0.19600000E+01 0.93870990E-02
0.18400000E+01 0.19600000E+01 0.94691689E-02
0.18600000E+01 0.19600000E+01 0.95368841E-02
0.18800000E+01 0.19600000E+01 0.95932155E-02
0.19000000E+01 0.19600000E+01 0.96424202E-02
0.19200000E+01 0.19600000E+01 0.96894387E-02
0.19400000E+01 0.19600000E+01 0.97387806E-02
0.19600000E+01 0.19600000E+01 0.97928125E-02
0.19800000E+01 0.19600000E+01 0.98494574E-02
0.20000000E+01 0.19600000E+01 0.98995437E-02
0.00000000E+00 0.19800000E+01 0.15906491E-02
0.20000000E-01 0.19800000E+01 0.17388804E-02
0.39999999E-01 0.19800000E+01 0.19002069E-02
0.59999999E-01 0.19800000E+01 0.20750202E-02
0.79999998E-01 0.19800000E+01 0.22607116E-02
0.99999998E-01 0.19800000E+01 0.24512431E-02
0.12000000E+00 0.19800000E+01 0.26370830E-02
0.14000000E+00 0.19800000E+01 0.28056703E-02
0.16000000E+00 0.19800000E+01 0.29425870E-02
0.18000000E+00 0.19800000E+01 0.30336104E-02
0.20000000E+00 0.19800000E+01 0.30677622E-02
0.22000000E+00 0.19800000E+01 0.30412645E-02
0.23999999E+00 0.19800000E+01 0.29609332E-02
0.25999999E+00 0.19800000E+01 0.28128406E-02
0.27999999E+00 0.19800000E+01 0.29220937E-02
0.29999999E+00 0.19800000E+01 0.30297342E-02
0.31999999E+00 0.19800000E+01 0.31367972E-02
0.33999999E+00 0.19800000E+01 0.32442474E-02
0.35999999E+00 0.19800000E+01 0.33528852E-02
0.37999999E+00 0.19800000E+01 0.34632553E-02
0.39999999E+00 0.19800000E+01 0.35755646E-02
0.41999999E+00 0.19800000E+01 0.36896199E-02
0.43999999E+00 0.19800000E+01 0.38047921E-02
0.45999999E+00 0.19800000E+01 0.39200189E-02
0.47999999E+00 0.19800000E+01 0.40338518E-02
0.49999999E+00 0.19800000E+01 0.41445561E-02
0.51999999E+00 0.19800000E+01 0.42502649E-02
0.53999999E+00 0.19800000E+01 0.43491853E-02
0.55999999E+00 0.19800000E+01 0.44398488E-02
0.57999999E+00 0.19800000E+01 0.45213858E-02
0.59999999E+00 0.19800000E+01 0.45937958E-02
0.61999999E+00 0.19800000E+01 0.46581703E-02
0.63999999E+00 0.19800000E+01 0.47168113E-02
0.65999999E+00 0.19800000E+01 0.47731742E-02
0.67999998E+00 0.19800000E+01 0.48315512E-02
0.69999998E+00 0.19800000E+01 0.48964058E-02
0.71999998E+00 0.19800000E+01 0.49712773E-02
0.73999998E+00 0.19800000E+01 0.50572032E-02
0.75999998E+00 0.19800000E+01 0.51506852E-02
0.77999998E+00 0.19800000E+01 0.52413760E-02
0.79999998E+00 0.19800000E+01 0.53099479E-02
0.81999998E+00 0.19800000E+01 0.53270834E-02
0.83999998E+00 0.19800000E+01 0.52546539E-02
0.85999998E+00 0.19800000E+01 0.50237432E-02
0.87999998E+00 0.19800000E+01 0.49733067E-02
0.89999998E+00 0.19800000E+01 0.50695256E-02
0.91999998E+00 0.19800000E+01 0.51627774E-02
0.93999998E+00 0.19800000E+01 0.52524356E-02
0.95999998E+00 0.19800000E+01 0.53380740E-02
0.97999998E+00 0.19800000E+01 0.54195384E-02
0.99999998E+00 0.19800000E+01 0.54970085E-02
0.10200000E+01 0.19800000E+01 0.55710433E-02
0.10400000E+01 0.19800000E+01 0.56426011E-02
0.10600000E+01 0.19800000E+01 0.57130257E-02
0.10800000E+01 0.19800000E+01 0.57839920E-02
0.11000000E+01 0.19800000E+01 0.58574045E-02
0.11200000E+01 0.19800000E+01 0.59352474E-02
0.11400000E+01 0.19800000E+01 0.60193882E-02
0.11600000E+01 0.19800000E+01 0.61113444E-02
0.11800000E+01 0.19800000E+01 0.62120327E-02
0.12000000E+01 0.19800000E+01 0.63215303E-02
0.12200000E+01 0.19800000E+01 0.64388889E-02
0.12400000E+01 0.19800000E+01 0.65620598E-02
0.12600000E+01 0.19800000E+01 0.66879928E-02
0.12800000E+01 0.19800000E+01 0.68129841E-02
0.13000000E+01 0.19800000E+01 0.69333333E-02
0.13200000E+01 0.19800000E+01 0.70463399E-02
0.13400000E+01 0.19800000E+01 0.71515746E-02
0.13600000E+01 0.19800000E+01 0.72521684E-02
0.13800000E+01 0.19800000E+01 0.73554260E-02
0.14000000E+01 0.19800000E+01 0.74710721E-02
0.14200000E+01 0.19800000E+01 0.76026978E-02
0.14400000E+01 0.19800000E+01 0.77177750E-02
0.14600000E+01 0.19800000E+01 0.76047048E-02
0.14800000E+01 0.19800000E+01 0.69868270E-02
0.15000000E+01 0.19800000E+01 0.71169060E-02
0.15200000E+01 0.19800000E+01 0.72517589E-02
0.15400000E+01 0.19800000E+01 0.73918580E-02
0.15600000E+01 0.19800000E+01 0.75374508E-02
0.15800000E+01 0.19800000E+01 0.76884773E-02
0.16000000E+01 0.19800000E+01 0.78444918E-02
0.16200000E+01 0.19800000E+01 0.80045986E-02
0.16400000E+01 0.19800000E+01 0.81674111E-02
0.16600000E+01 0.19800000E+01 0.83310459E-02
0.16800000E+01 0.19800000E+01 0.84931608E-02
0.17000000E+01 0.19800000E+01 0.86510487E-02
0.17200000E+01 0.19800000E+01 0.88017933E-02
0.17400000E+01 0.19800000E+01 0.89424900E-02
0.17600000E+01 0.19800000E+01 0.90705270E-02
0.17800000E+01 0.19800000E+01 0.91839121E-02
0.18000000E+01 0.19800000E+01 0.92816177E-02
0.18200000E+01 0.19800000E+01 0.93638976E-02
0.18400000E+01 0.19800000E+01 0.94325107E-02
0.18600000E+01 0.19800000E+01 0.94907646E-02
0.18800000E+01 0.19800000E+01 0.95432691E-02
0.19000000E+01 0.19800000E+01 0.95952774E-02
0.19200000E+01 0.19800000E+01 0.96514916E-02
0.19400000E+01 0.19800000E+01 0.97142457E-02
0.19600000E+01 0.19800000E+01 0.97810819E-02
0.19800000E+01 0.19800000E+01 0.98419738E-02
0.20000000E+01 0.19800000E+01 0.98769656E-02
0.00000000E+00 0.20000000E+01 0.16183000E-02
0.20000000E-01 0.20000000E+01 0.17797478E-02
0.39999999E-01 0.20000000E+01 0.19559797E-02
0.59999999E-01 0.20000000E+01 0.21446646E-02
0.79999998E-01 0.20000000E+01 0.23398305E-02
0.99999998E-01 0.20000000E+01 0.25317481E-02
0.12000000E+00 0.20000000E+01 0.27073694E-02
0.14000000E+00 0.20000000E+01 0.28515154E-02
0.16000000E+00 0.20000000E+01 0.29490072E-02
0.18000000E+00 0.20000000E+01 0.29878963E-02
0.20000000E+00 0.20000000E+01 0.29637829E-02
0.22000000E+00 0.20000000E+01 0.28840450E-02
0.23999999E+00 0.20000000E+01 0.27415171E-02
0.25999999E+00 0.20000000E+01 0.28529884E-02
0.27999999E+00 0.20000000E+01 0.29627097E-02
0.29999999E+00 0.20000000E+01 0.30717524E-02
0.31999999E+00 0.20000000E+01 0.31811229E-02
0.33999999E+00 0.20000000E+01 0.32916639E-02
0.35999999E+00 0.20000000E+01 0.34039589E-02
0.37999999E+00 0.20000000E+01 0.35182459E-02
0.39999999E+00 0.20000000E+01 0.36343502E-02
0.41999999E+00 0.20000000E+01 0.37516460E-02
0.43999999E+00 0.20000000E+01 0.38690565E-02
0.45999999E+00 0.20000000E+01 0.39851010E-02
0.47999999E+00 0.20000000E+01 0.40979956E-02
0.49999999E+00 0.20000000E+01 0.42058111E-02
0.51999999E+00 0.20000000E+01 0.43066846E-02
0.53999999E+00 0.20000000E+01 0.43990775E-02
0.55999999E+00 0.20000000E+01 0.44820583E-02
0.57999999E+00 0.20000000E+01 0.45555822E-02
0.59999999E+00 0.20000000E+01 0.46207215E-02
0.61999999E+00 0.20000000E+01 0.46797895E-02
0.63999999E+00 0.20000000E+01 0.47362834E-02
0.65999999E+00 0.20000000E+01 0.47945605E-02
0.67999998E+00 0.20000000E+01 0.48591563E-02
0.69999998E+00 0.20000000E+01 0.49336624E-02
0.71999998E+00 0.20000000E+01 0.50191130E-02
0.73999998E+00 0.20000000E+01 0.51119147E-02
0.75999998E+00 0.20000000E+01 0.52015113E-02
0.77999998E+00 0.20000000E+01 0.52682938E-02
0.79999998E+00 0.20000000E+01 0.52828061E-02
0.81999998E+00 0.20000000E+01 0.52077168E-02
0.83999998E+00 0.20000000E+01 0.49807352E-02
0.85999998E+00 0.20000000E+01 0.49369445E-02
0.87999998E+00 0.20000000E+01 0.50323335E-02
0.89999998E+00 0.20000000E+01 0.51245711E-02
0.91999998E+00 0.20000000E+01 0.52130409E-02
0.93999998E+00 0.20000000E+01 0.52973377E-02
0.95999998E+00 0.20000000E+01 0.53773399E-02
0.97999998E+00 0.20000000E+01 0.54532713E-02
0.99999998E+00 0.20000000E+01 0.55257455E-02
0.10200000E+01 0.20000000E+01 0.55957828E-02
0.10400000E+01 0.20000000E+01 0.56647931E-02
0.10600000E+01 0.20000000E+01 0.57345147E-02
0.10800000E+01 0.20000000E+01 0.58069056E-02
0.11000000E+01 0.20000000E+01 0.58839847E-02
0.11200000E+01 0.20000000E+01 0.59676250E-02
0.11400000E+01 0.20000000E+01 0.60593111E-02
0.11600000E+01 0.20000000E+01 0.61598795E-02
0.11800000E+01 0.20000000E+01 0.62692735E-02
0.12000000E+01 0.20000000E+01 0.63863577E-02
0.12200000E+01 0.20000000E+01 0.65088486E-02
0.12400000E+01 0.20000000E+01 0.66334323E-02
0.12600000E+01 0.20000000E+01 0.67561414E-02
0.12800000E+01 0.20000000E+01 0.68730598E-02
0.13000000E+01 0.20000000E+01 0.69813814E-02
0.13200000E+01 0.20000000E+01 0.70807600E-02
0.13400000E+01 0.20000000E+01 0.71746850E-02
0.13600000E+01 0.20000000E+01 0.72711745E-02
0.13800000E+01 0.20000000E+01 0.73810578E-02
0.14000000E+01 0.20000000E+01 0.75093448E-02
0.14200000E+01 0.20000000E+01 0.76248795E-02
0.14400000E+01 0.20000000E+01 0.75162180E-02
0.14600000E+01 0.20000000E+01 0.68991910E-02
0.14800000E+01 0.20000000E+01 0.70265090E-02
0.15000000E+01 0.20000000E+01 0.71588726E-02
0.15200000E+01 0.20000000E+01 0.72967836E-02
0.15400000E+01 0.20000000E+01 0.74405044E-02
0.15600000E+01 0.20000000E+01 0.75899731E-02
0.15800000E+01 0.20000000E+01 0.77447242E-02
0.16000000E+01 0.20000000E+01 0.79038248E-02
0.16200000E+01 0.20000000E+01 0.80658358E-02
0.16400000E+01 0.20000000E+01 0.82288098E-02
0.16600000E+01 0.20000000E+01 0.83903365E-02
0.16800000E+01 0.20000000E+01 0.85476447E-02
0.17000000E+01 0.20000000E+01 0.86977697E-02
0.17200000E+01 0.20000000E+01 0.88377865E-02
0.17400000E+01 0.20000000E+01 0.89651049E-02
0.17600000E+01 0.20000000E+01 0.90778088E-02
0.17800000E+01 0.20000000E+01 0.91750115E-02
0.18000000E+01 0.20000000E+01 0.92571772E-02
0.18200000E+01 0.20000000E+01 0.93263407E-02
0.18400000E+01 0.20000000E+01 0.93861342E-02
0.18600000E+01 0.20000000E+01 0.94415082E-02
0.18800000E+01 0.20000000E+01 0.94980194E-02
0.19000000E+01 0.20000000E+01 0.95605591E-02
0.19200000E+01 0.20000000E+01 0.96314380E-02
0.19400000E+01 0.20000000E+01 0.97078449E-02
0.19600000E+01 0.20000000E+01 0.97789508E-02
0.19800000E+01 0.20000000E+01 0.98234605E-02
0.20000000E+01 0.20000000E+01 0.98096180E-02
