variables=E2,E1,W12
zone i= 101 j= 101
  0.00000000E+00  0.00000000E+00  0.00000000E+00
  0.00000000E+00  0.20000000E-01  0.74015663E-05
  0.00000000E+00  0.39999999E-01  0.29422898E-04
  0.00000000E+00  0.59999999E-01  0.66018714E-04
  0.00000000E+00  0.79999998E-01  0.11740365E-03
  0.00000000E+00  0.99999998E-01  0.18398476E-03
  0.00000000E+00  0.12000000E+00  0.26628130E-03
  0.00000000E+00  0.14000000E+00  0.36482939E-03
  0.00000000E+00  0.16000000E+00  0.48006812E-03
  0.00000000E+00  0.18000000E+00  0.61220184E-03
  0.00000000E+00  0.20000000E+00  0.76103080E-03
  0.00000000E+00  0.22000000E+00  0.92573795E-03
  0.00000000E+00  0.23999999E+00  0.11046125E-02
  0.00000000E+00  0.25999999E+00  0.12946784E-02
  0.00000000E+00  0.27999999E+00  0.14911712E-02
  0.00000000E+00  0.29999999E+00  0.16867606E-02
  0.00000000E+00  0.31999999E+00  0.18703090E-02
  0.00000000E+00  0.33999999E+00  0.20246930E-02
  0.00000000E+00  0.35999999E+00  0.21224573E-02
  0.00000000E+00  0.37999999E+00  0.21152670E-02
  0.00000000E+00  0.39999999E+00  0.18978401E-02
  0.00000000E+00  0.41999999E+00  0.94090102E-03
  0.00000000E+00  0.43999999E+00  0.54831695E-03
  0.00000000E+00  0.45999999E+00  0.60627597E-03
  0.00000000E+00  0.47999999E+00  0.66740458E-03
  0.00000000E+00  0.49999999E+00  0.73184109E-03
  0.00000000E+00  0.51999999E+00  0.79975111E-03
  0.00000000E+00  0.53999999E+00  0.87132709E-03
  0.00000000E+00  0.55999999E+00  0.94678713E-03
  0.00000000E+00  0.57999999E+00  0.10263733E-02
  0.00000000E+00  0.59999999E+00  0.11103496E-02
  0.00000000E+00  0.61999999E+00  0.11989986E-02
  0.00000000E+00  0.63999999E+00  0.12926189E-02
  0.00000000E+00  0.65999999E+00  0.13915207E-02
  0.00000000E+00  0.67999998E+00  0.14960216E-02
  0.00000000E+00  0.69999998E+00  0.16064419E-02
  0.00000000E+00  0.71999998E+00  0.17230990E-02
  0.00000000E+00  0.73999998E+00  0.18463018E-02
  0.00000000E+00  0.75999998E+00  0.19763442E-02
  0.00000000E+00  0.77999998E+00  0.21134985E-02
  0.00000000E+00  0.79999998E+00  0.22580082E-02
  0.00000000E+00  0.81999998E+00  0.24100802E-02
  0.00000000E+00  0.83999998E+00  0.25698768E-02
  0.00000000E+00  0.85999998E+00  0.27375073E-02
  0.00000000E+00  0.87999998E+00  0.29130187E-02
  0.00000000E+00  0.89999998E+00  0.30963866E-02
  0.00000000E+00  0.91999998E+00  0.32875056E-02
  0.00000000E+00  0.93999998E+00  0.34861789E-02
  0.00000000E+00  0.95999998E+00  0.36921079E-02
  0.00000000E+00  0.97999998E+00  0.39048818E-02
  0.00000000E+00  0.99999998E+00  0.41239663E-02
  0.00000000E+00  0.10200000E+01  0.43486927E-02
  0.00000000E+00  0.10400000E+01  0.45782466E-02
  0.00000000E+00  0.10600000E+01  0.48116572E-02
  0.00000000E+00  0.10800000E+01  0.50477855E-02
  0.00000000E+00  0.11000000E+01  0.52853149E-02
  0.00000000E+00  0.11200000E+01  0.55227404E-02
  0.00000000E+00  0.11400000E+01  0.57583599E-02
  0.00000000E+00  0.11600000E+01  0.59902668E-02
  0.00000000E+00  0.11800000E+01  0.62163433E-02
  0.00000000E+00  0.12000000E+01  0.64342569E-02
  0.00000000E+00  0.12200000E+01  0.66414599E-02
  0.00000000E+00  0.12400000E+01  0.68351914E-02
  0.00000000E+00  0.12600000E+01  0.70124860E-02
  0.00000000E+00  0.12800000E+01  0.71701870E-02
  0.00000000E+00  0.13000000E+01  0.73049680E-02
  0.00000000E+00  0.13200000E+01  0.74133652E-02
  0.00000000E+00  0.13400000E+01  0.74918206E-02
  0.00000000E+00  0.13600000E+01  0.75367435E-02
  0.00000000E+00  0.13800000E+01  0.75445908E-02
  0.00000000E+00  0.14000000E+01  0.75119761E-02
  0.00000000E+00  0.14200000E+01  0.74358137E-02
  0.00000000E+00  0.14400000E+01  0.73135106E-02
  0.00000000E+00  0.14600000E+01  0.71432244E-02
  0.00000000E+00  0.14800000E+01  0.69242140E-02
  0.00000000E+00  0.15000000E+01  0.66573249E-02
  0.00000000E+00  0.15200000E+01  0.63456824E-02
  0.00000000E+00  0.15400000E+01  0.59957258E-02
  0.00000000E+00  0.15600000E+01  0.56188500E-02
  0.00000000E+00  0.15800000E+01  0.52342885E-02
  0.00000000E+00  0.16000000E+01  0.48750825E-02
  0.00000000E+00  0.16200000E+01  0.46052751E-02
  0.00000000E+00  0.16400000E+01  0.46247938E-02
  0.00000000E+00  0.16600000E+01  0.47968231E-02
  0.00000000E+00  0.16800000E+01  0.49732820E-02
  0.00000000E+00  0.17000000E+01  0.51539787E-02
  0.00000000E+00  0.17200000E+01  0.53386838E-02
  0.00000000E+00  0.17400000E+01  0.55271290E-02
  0.00000000E+00  0.17600000E+01  0.57190056E-02
  0.00000000E+00  0.17800000E+01  0.59139637E-02
  0.00000000E+00  0.18000000E+01  0.61116114E-02
  0.00000000E+00  0.18200000E+01  0.63115141E-02
  0.00000000E+00  0.18400000E+01  0.65131947E-02
  0.00000000E+00  0.18600000E+01  0.67161336E-02
  0.00000000E+00  0.18800000E+01  0.69197691E-02
  0.00000000E+00  0.19000000E+01  0.71234989E-02
  0.00000000E+00  0.19200000E+01  0.73266814E-02
  0.00000000E+00  0.19400000E+01  0.75286380E-02
  0.00000000E+00  0.19600000E+01  0.77286558E-02
  0.00000000E+00  0.19800000E+01  0.79259914E-02
  0.00000000E+00  0.20000000E+01  0.81198749E-02
  0.20000000E-01  0.00000000E+00  0.21431186E-08
  0.20000000E-01  0.20000000E-01  0.79050065E-05
  0.20000000E-01  0.39999999E-01  0.28975305E-04
  0.20000000E-01  0.59999999E-01  0.63212070E-04
  0.20000000E-01  0.79999998E-01  0.11077138E-03
  0.20000000E-01  0.99999998E-01  0.17191234E-03
  0.20000000E-01  0.12000000E+00  0.24693214E-03
  0.20000000E-01  0.14000000E+00  0.33608740E-03
  0.20000000E-01  0.16000000E+00  0.43949802E-03
  0.20000000E-01  0.18000000E+00  0.55702776E-03
  0.20000000E-01  0.20000000E+00  0.68813272E-03
  0.20000000E-01  0.22000000E+00  0.83166383E-03
  0.20000000E-01  0.23999999E+00  0.98560065E-03
  0.20000000E-01  0.25999999E+00  0.11466766E-02
  0.20000000E-01  0.27999999E+00  0.13098223E-02
  0.20000000E-01  0.29999999E+00  0.14672784E-02
  0.20000000E-01  0.31999999E+00  0.16070451E-02
  0.20000000E-01  0.33999999E+00  0.17097950E-02
  0.20000000E-01  0.35999999E+00  0.17414042E-02
  0.20000000E-01  0.37999999E+00  0.16274710E-02
  0.20000000E-01  0.39999999E+00  0.99462335E-03
  0.20000000E-01  0.41999999E+00  0.75890524E-03
  0.20000000E-01  0.43999999E+00  0.84285173E-03
  0.20000000E-01  0.45999999E+00  0.93165625E-03
  0.20000000E-01  0.47999999E+00  0.10253274E-02
  0.20000000E-01  0.49999999E+00  0.11238517E-02
  0.20000000E-01  0.51999999E+00  0.12271882E-02
  0.20000000E-01  0.53999999E+00  0.13352631E-02
  0.20000000E-01  0.55999999E+00  0.14479641E-02
  0.20000000E-01  0.57999999E+00  0.15651330E-02
  0.20000000E-01  0.59999999E+00  0.16865598E-02
  0.20000000E-01  0.61999999E+00  0.18119745E-02
  0.20000000E-01  0.63999999E+00  0.19410403E-02
  0.20000000E-01  0.65999999E+00  0.20733450E-02
  0.20000000E-01  0.67999998E+00  0.22083934E-02
  0.20000000E-01  0.69999998E+00  0.23455994E-02
  0.20000000E-01  0.71999998E+00  0.24842772E-02
  0.20000000E-01  0.73999998E+00  0.26236336E-02
  0.20000000E-01  0.75999998E+00  0.27627600E-02
  0.20000000E-01  0.77999998E+00  0.29006235E-02
  0.20000000E-01  0.79999998E+00  0.30360587E-02
  0.20000000E-01  0.81999998E+00  0.31677570E-02
  0.20000000E-01  0.83999998E+00  0.32942521E-02
  0.20000000E-01  0.85999998E+00  0.34138981E-02
  0.20000000E-01  0.87999998E+00  0.35248290E-02
  0.20000000E-01  0.89999998E+00  0.36248771E-02
  0.20000000E-01  0.91999998E+00  0.37113956E-02
  0.20000000E-01  0.93999998E+00  0.37808275E-02
  0.20000000E-01  0.95999998E+00  0.38274952E-02
  0.20000000E-01  0.97999998E+00  0.38391837E-02
  0.20000000E-01  0.99999998E+00  0.37658113E-02
  0.20000000E-01  0.10200000E+01  0.36988769E-02
  0.20000000E-01  0.10400000E+01  0.38858768E-02
  0.20000000E-01  0.10600000E+01  0.40762296E-02
  0.20000000E-01  0.10800000E+01  0.42692071E-02
  0.20000000E-01  0.11000000E+01  0.44639664E-02
  0.20000000E-01  0.11200000E+01  0.46595433E-02
  0.20000000E-01  0.11400000E+01  0.48548475E-02
  0.20000000E-01  0.11600000E+01  0.50486579E-02
  0.20000000E-01  0.11800000E+01  0.52396195E-02
  0.20000000E-01  0.12000000E+01  0.54262427E-02
  0.20000000E-01  0.12200000E+01  0.56069036E-02
  0.20000000E-01  0.12400000E+01  0.57798481E-02
  0.20000000E-01  0.12600000E+01  0.59431991E-02
  0.20000000E-01  0.12800000E+01  0.60949681E-02
  0.20000000E-01  0.13000000E+01  0.62330726E-02
  0.20000000E-01  0.13200000E+01  0.63553611E-02
  0.20000000E-01  0.13400000E+01  0.64596464E-02
  0.20000000E-01  0.13600000E+01  0.65437513E-02
  0.20000000E-01  0.13800000E+01  0.66055692E-02
  0.20000000E-01  0.14000000E+01  0.66431446E-02
  0.20000000E-01  0.14200000E+01  0.66547804E-02
  0.20000000E-01  0.14400000E+01  0.66391806E-02
  0.20000000E-01  0.14600000E+01  0.65956442E-02
  0.20000000E-01  0.14800000E+01  0.65243319E-02
  0.20000000E-01  0.15000000E+01  0.64266445E-02
  0.20000000E-01  0.15200000E+01  0.63057816E-02
  0.20000000E-01  0.15400000E+01  0.61676187E-02
  0.20000000E-01  0.15600000E+01  0.60222169E-02
  0.20000000E-01  0.15800000E+01  0.58868485E-02
  0.20000000E-01  0.16000000E+01  0.57940272E-02
  0.20000000E-01  0.16200000E+01  0.58494705E-02
  0.20000000E-01  0.16400000E+01  0.60180248E-02
  0.20000000E-01  0.16600000E+01  0.61855545E-02
  0.20000000E-01  0.16800000E+01  0.63515914E-02
  0.20000000E-01  0.17000000E+01  0.65156646E-02
  0.20000000E-01  0.17200000E+01  0.66773065E-02
  0.20000000E-01  0.17400000E+01  0.68360588E-02
  0.20000000E-01  0.17600000E+01  0.69914805E-02
  0.20000000E-01  0.17800000E+01  0.71431547E-02
  0.20000000E-01  0.18000000E+01  0.72906973E-02
  0.20000000E-01  0.18200000E+01  0.74337655E-02
  0.20000000E-01  0.18400000E+01  0.75720661E-02
  0.20000000E-01  0.18600000E+01  0.77053635E-02
  0.20000000E-01  0.18800000E+01  0.78334879E-02
  0.20000000E-01  0.19000000E+01  0.79563404E-02
  0.20000000E-01  0.19200000E+01  0.80738973E-02
  0.20000000E-01  0.19400000E+01  0.81862098E-02
  0.20000000E-01  0.19600000E+01  0.82933986E-02
  0.20000000E-01  0.19800000E+01  0.83956403E-02
  0.20000000E-01  0.20000000E+01  0.84931421E-02
  0.39999999E-01  0.00000000E+00  0.31947223E-07
  0.39999999E-01  0.20000000E-01  0.10891072E-04
  0.39999999E-01  0.39999999E-01  0.33581667E-04
  0.39999999E-01  0.59999999E-01  0.68074720E-04
  0.39999999E-01  0.79999998E-01  0.11441276E-03
  0.39999999E-01  0.99999998E-01  0.17266842E-03
  0.39999999E-01  0.12000000E+00  0.24289365E-03
  0.39999999E-01  0.14000000E+00  0.32505675E-03
  0.39999999E-01  0.16000000E+00  0.41896334E-03
  0.39999999E-01  0.18000000E+00  0.52415501E-03
  0.39999999E-01  0.20000000E+00  0.63977638E-03
  0.39999999E-01  0.22000000E+00  0.76439495E-03
  0.39999999E-01  0.23999999E+00  0.89574687E-03
  0.39999999E-01  0.25999999E+00  0.10303588E-02
  0.39999999E-01  0.27999999E+00  0.11629452E-02
  0.39999999E-01  0.29999999E+00  0.12853548E-02
  0.39999999E-01  0.31999999E+00  0.13844728E-02
  0.39999999E-01  0.33999999E+00  0.14371427E-02
  0.39999999E-01  0.35999999E+00  0.13928212E-02
  0.39999999E-01  0.37999999E+00  0.99719384E-03
  0.39999999E-01  0.39999999E+00  0.87651330E-03
  0.39999999E-01  0.41999999E+00  0.97675476E-03
  0.39999999E-01  0.43999999E+00  0.10829550E-02
  0.39999999E-01  0.45999999E+00  0.11950512E-02
  0.39999999E-01  0.47999999E+00  0.13129296E-02
  0.39999999E-01  0.49999999E+00  0.14364181E-02
  0.39999999E-01  0.51999999E+00  0.15652780E-02
  0.39999999E-01  0.53999999E+00  0.16991949E-02
  0.39999999E-01  0.55999999E+00  0.18377698E-02
  0.39999999E-01  0.57999999E+00  0.19805095E-02
  0.39999999E-01  0.59999999E+00  0.21268165E-02
  0.39999999E-01  0.61999999E+00  0.22759791E-02
  0.39999999E-01  0.63999999E+00  0.24271609E-02
  0.39999999E-01  0.65999999E+00  0.25793902E-02
  0.39999999E-01  0.67999998E+00  0.27315493E-02
  0.39999999E-01  0.69999998E+00  0.28823641E-02
  0.39999999E-01  0.71999998E+00  0.30303933E-02
  0.39999999E-01  0.73999998E+00  0.31740169E-02
  0.39999999E-01  0.75999998E+00  0.33114252E-02
  0.39999999E-01  0.77999998E+00  0.34406045E-02
  0.39999999E-01  0.79999998E+00  0.35593204E-02
  0.39999999E-01  0.81999998E+00  0.36650921E-02
  0.39999999E-01  0.83999998E+00  0.37551508E-02
  0.39999999E-01  0.85999998E+00  0.38263636E-02
  0.39999999E-01  0.87999998E+00  0.38750817E-02
  0.39999999E-01  0.89999998E+00  0.38968151E-02
  0.39999999E-01  0.91999998E+00  0.38854591E-02
  0.39999999E-01  0.93999998E+00  0.38311605E-02
  0.39999999E-01  0.95999998E+00  0.37126463E-02
  0.39999999E-01  0.97999998E+00  0.34435022E-02
  0.39999999E-01  0.99999998E+00  0.31741148E-02
  0.39999999E-01  0.10200000E+01  0.33302991E-02
  0.39999999E-01  0.10400000E+01  0.34895900E-02
  0.39999999E-01  0.10600000E+01  0.36515875E-02
  0.39999999E-01  0.10800000E+01  0.38158299E-02
  0.39999999E-01  0.11000000E+01  0.39817913E-02
  0.39999999E-01  0.11200000E+01  0.41488796E-02
  0.39999999E-01  0.11400000E+01  0.43164353E-02
  0.39999999E-01  0.11600000E+01  0.44837308E-02
  0.39999999E-01  0.11800000E+01  0.46499712E-02
  0.39999999E-01  0.12000000E+01  0.48142957E-02
  0.39999999E-01  0.12200000E+01  0.49757814E-02
  0.39999999E-01  0.12400000E+01  0.51334479E-02
  0.39999999E-01  0.12600000E+01  0.52862648E-02
  0.39999999E-01  0.12800000E+01  0.54331615E-02
  0.39999999E-01  0.13000000E+01  0.55730405E-02
  0.39999999E-01  0.13200000E+01  0.57047938E-02
  0.39999999E-01  0.13400000E+01  0.58273252E-02
  0.39999999E-01  0.13600000E+01  0.59395774E-02
  0.39999999E-01  0.13800000E+01  0.60405674E-02
  0.39999999E-01  0.14000000E+01  0.61294307E-02
  0.39999999E-01  0.14200000E+01  0.62054774E-02
  0.39999999E-01  0.14400000E+01  0.62682655E-02
  0.39999999E-01  0.14600000E+01  0.63176947E-02
  0.39999999E-01  0.14800000E+01  0.63541313E-02
  0.39999999E-01  0.15000000E+01  0.63785770E-02
  0.39999999E-01  0.15200000E+01  0.63928996E-02
  0.39999999E-01  0.15400000E+01  0.64001455E-02
  0.39999999E-01  0.15600000E+01  0.64048552E-02
  0.39999999E-01  0.15800000E+01  0.64117389E-02
  0.39999999E-01  0.16000000E+01  0.64475900E-02
  0.39999999E-01  0.16200000E+01  0.66181835E-02
  0.39999999E-01  0.16400000E+01  0.67856862E-02
  0.39999999E-01  0.16600000E+01  0.69495105E-02
  0.39999999E-01  0.16800000E+01  0.71090739E-02
  0.39999999E-01  0.17000000E+01  0.72638059E-02
  0.39999999E-01  0.17200000E+01  0.74131573E-02
  0.39999999E-01  0.17400000E+01  0.75566083E-02
  0.39999999E-01  0.17600000E+01  0.76936784E-02
  0.39999999E-01  0.17800000E+01  0.78239364E-02
  0.39999999E-01  0.18000000E+01  0.79470106E-02
  0.39999999E-01  0.18200000E+01  0.80625985E-02
  0.39999999E-01  0.18400000E+01  0.81704762E-02
  0.39999999E-01  0.18600000E+01  0.82705066E-02
  0.39999999E-01  0.18800000E+01  0.83626452E-02
  0.39999999E-01  0.19000000E+01  0.84469425E-02
  0.39999999E-01  0.19200000E+01  0.85235414E-02
  0.39999999E-01  0.19400000E+01  0.85926669E-02
  0.39999999E-01  0.19600000E+01  0.86546045E-02
  0.39999999E-01  0.19800000E+01  0.87096626E-02
  0.39999999E-01  0.20000000E+01  0.87581111E-02
  0.59999999E-01  0.00000000E+00  0.14977765E-06
  0.59999999E-01  0.20000000E-01  0.16070793E-04
  0.59999999E-01  0.39999999E-01  0.42508480E-04
  0.59999999E-01  0.59999999E-01  0.79344945E-04
  0.59999999E-01  0.79999998E-01  0.12646457E-03
  0.59999999E-01  0.99999998E-01  0.18372452E-03
  0.59999999E-01  0.12000000E+00  0.25091757E-03
  0.59999999E-01  0.14000000E+00  0.32772489E-03
  0.59999999E-01  0.16000000E+00  0.41365467E-03
  0.59999999E-01  0.18000000E+00  0.50796082E-03
  0.59999999E-01  0.20000000E+00  0.60953182E-03
  0.59999999E-01  0.22000000E+00  0.71673292E-03
  0.59999999E-01  0.23999999E+00  0.82717005E-03
  0.59999999E-01  0.25999999E+00  0.93731160E-03
  0.59999999E-01  0.27999999E+00  0.10418230E-02
  0.59999999E-01  0.29999999E+00  0.11322332E-02
  0.59999999E-01  0.31999999E+00  0.11936806E-02
  0.59999999E-01  0.33999999E+00  0.11937066E-02
  0.59999999E-01  0.35999999E+00  0.96713465E-03
  0.59999999E-01  0.37999999E+00  0.92860266E-03
  0.59999999E-01  0.39999999E+00  0.10380425E-02
  0.59999999E-01  0.41999999E+00  0.11540701E-02
  0.59999999E-01  0.43999999E+00  0.12765817E-02
  0.59999999E-01  0.45999999E+00  0.14054096E-02
  0.59999999E-01  0.47999999E+00  0.15403134E-02
  0.59999999E-01  0.49999999E+00  0.16809703E-02
  0.59999999E-01  0.51999999E+00  0.18269649E-02
  0.59999999E-01  0.53999999E+00  0.19777794E-02
  0.59999999E-01  0.55999999E+00  0.21327823E-02
  0.59999999E-01  0.57999999E+00  0.22912175E-02
  0.59999999E-01  0.59999999E+00  0.24521927E-02
  0.59999999E-01  0.61999999E+00  0.26146678E-02
  0.59999999E-01  0.63999999E+00  0.27774425E-02
  0.59999999E-01  0.65999999E+00  0.29391442E-02
  0.59999999E-01  0.67999998E+00  0.30982151E-02
  0.59999999E-01  0.69999998E+00  0.32528988E-02
  0.59999999E-01  0.71999998E+00  0.34012256E-02
  0.59999999E-01  0.73999998E+00  0.35409968E-02
  0.59999999E-01  0.75999998E+00  0.36697637E-02
  0.59999999E-01  0.77999998E+00  0.37848019E-02
  0.59999999E-01  0.79999998E+00  0.38830707E-02
  0.59999999E-01  0.81999998E+00  0.39611493E-02
  0.59999999E-01  0.83999998E+00  0.40151215E-02
  0.59999999E-01  0.85999998E+00  0.40403573E-02
  0.59999999E-01  0.87999998E+00  0.40310562E-02
  0.59999999E-01  0.89999998E+00  0.39791950E-02
  0.59999999E-01  0.91999998E+00  0.38716883E-02
  0.59999999E-01  0.93999998E+00  0.36803603E-02
  0.59999999E-01  0.95999998E+00  0.32927478E-02
  0.59999999E-01  0.97999998E+00  0.28929003E-02
  0.59999999E-01  0.99999998E+00  0.30303499E-02
  0.59999999E-01  0.10200000E+01  0.31702616E-02
  0.59999999E-01  0.10400000E+01  0.33123861E-02
  0.59999999E-01  0.10600000E+01  0.34564483E-02
  0.59999999E-01  0.10800000E+01  0.36021484E-02
  0.59999999E-01  0.11000000E+01  0.37491632E-02
  0.59999999E-01  0.11200000E+01  0.38971482E-02
  0.59999999E-01  0.11400000E+01  0.40457398E-02
  0.59999999E-01  0.11600000E+01  0.41945590E-02
  0.59999999E-01  0.11800000E+01  0.43432155E-02
  0.59999999E-01  0.12000000E+01  0.44913116E-02
  0.59999999E-01  0.12200000E+01  0.46384485E-02
  0.59999999E-01  0.12400000E+01  0.47842318E-02
  0.59999999E-01  0.12600000E+01  0.49282781E-02
  0.59999999E-01  0.12800000E+01  0.50702223E-02
  0.59999999E-01  0.13000000E+01  0.52097248E-02
  0.59999999E-01  0.13200000E+01  0.53464781E-02
  0.59999999E-01  0.13400000E+01  0.54802128E-02
  0.59999999E-01  0.13600000E+01  0.56107021E-02
  0.59999999E-01  0.13800000E+01  0.57377621E-02
  0.59999999E-01  0.14000000E+01  0.58612460E-02
  0.59999999E-01  0.14200000E+01  0.59810288E-02
  0.59999999E-01  0.14400000E+01  0.60969726E-02
  0.59999999E-01  0.14600000E+01  0.62088591E-02
  0.59999999E-01  0.14800000E+01  0.63162550E-02
  0.59999999E-01  0.15000000E+01  0.64182317E-02
  0.59999999E-01  0.15200000E+01  0.65126988E-02
  0.59999999E-01  0.15400000E+01  0.65944137E-02
  0.59999999E-01  0.15600000E+01  0.66451036E-02
  0.59999999E-01  0.15800000E+01  0.66290909E-02
  0.59999999E-01  0.16000000E+01  0.68023535E-02
  0.59999999E-01  0.16200000E+01  0.69725124E-02
  0.59999999E-01  0.16400000E+01  0.71389870E-02
  0.59999999E-01  0.16600000E+01  0.73011958E-02
  0.59999999E-01  0.16800000E+01  0.74585625E-02
  0.59999999E-01  0.17000000E+01  0.76105224E-02
  0.59999999E-01  0.17200000E+01  0.77565286E-02
  0.59999999E-01  0.17400000E+01  0.78960595E-02
  0.59999999E-01  0.17600000E+01  0.80286259E-02
  0.59999999E-01  0.17800000E+01  0.81537777E-02
  0.59999999E-01  0.18000000E+01  0.82711106E-02
  0.59999999E-01  0.18200000E+01  0.83802721E-02
  0.59999999E-01  0.18400000E+01  0.84809654E-02
  0.59999999E-01  0.18600000E+01  0.85729512E-02
  0.59999999E-01  0.18800000E+01  0.86560466E-02
  0.59999999E-01  0.19000000E+01  0.87301179E-02
  0.59999999E-01  0.19200000E+01  0.87950665E-02
  0.59999999E-01  0.19400000E+01  0.88508045E-02
  0.59999999E-01  0.19600000E+01  0.88972139E-02
  0.59999999E-01  0.19800000E+01  0.89340829E-02
  0.59999999E-01  0.20000000E+01  0.89610078E-02
  0.79999998E-01  0.00000000E+00  0.43568885E-06
  0.79999998E-01  0.20000000E-01  0.23132341E-04
  0.79999998E-01  0.39999999E-01  0.54969808E-04
  0.79999998E-01  0.59999999E-01  0.95692895E-04
  0.79999998E-01  0.79999998E-01  0.14499489E-03
  0.79999998E-01  0.99999998E-01  0.20249982E-03
  0.79999998E-01  0.12000000E+00  0.26773948E-03
  0.79999998E-01  0.14000000E+00  0.34012298E-03
  0.79999998E-01  0.16000000E+00  0.41889578E-03
  0.79999998E-01  0.18000000E+00  0.50308260E-03
  0.79999998E-01  0.20000000E+00  0.59140521E-03
  0.79999998E-01  0.22000000E+00  0.68215719E-03
  0.79999998E-01  0.23999999E+00  0.77299931E-03
  0.79999998E-01  0.25999999E+00  0.86059178E-03
  0.79999998E-01  0.27999999E+00  0.93983872E-03
  0.79999998E-01  0.29999999E+00  0.10019970E-02
  0.79999998E-01  0.31999999E+00  0.10279938E-02
  0.79999998E-01  0.33999999E+00  0.91775272E-03
  0.79999998E-01  0.35999999E+00  0.93583838E-03
  0.79999998E-01  0.37999999E+00  0.10494105E-02
  0.79999998E-01  0.39999999E+00  0.11698376E-02
  0.79999998E-01  0.41999999E+00  0.12969880E-02
  0.79999998E-01  0.43999999E+00  0.14306634E-02
  0.79999998E-01  0.45999999E+00  0.15705897E-02
  0.79999998E-01  0.47999999E+00  0.17164080E-02
  0.79999998E-01  0.49999999E+00  0.18676642E-02
  0.79999998E-01  0.51999999E+00  0.20237995E-02
  0.79999998E-01  0.53999999E+00  0.21841387E-02
  0.79999998E-01  0.55999999E+00  0.23478801E-02
  0.79999998E-01  0.57999999E+00  0.25140832E-02
  0.79999998E-01  0.59999999E+00  0.26816570E-02
  0.79999998E-01  0.61999999E+00  0.28493473E-02
  0.79999998E-01  0.63999999E+00  0.30157237E-02
  0.79999998E-01  0.65999999E+00  0.31791653E-02
  0.79999998E-01  0.67999998E+00  0.33378449E-02
  0.79999998E-01  0.69999998E+00  0.34897119E-02
  0.79999998E-01  0.71999998E+00  0.36324705E-02
  0.79999998E-01  0.73999998E+00  0.37635530E-02
  0.79999998E-01  0.75999998E+00  0.38800822E-02
  0.79999998E-01  0.77999998E+00  0.39788160E-02
  0.79999998E-01  0.79999998E+00  0.40560584E-02
  0.79999998E-01  0.81999998E+00  0.41075063E-02
  0.79999998E-01  0.83999998E+00  0.41279663E-02
  0.79999998E-01  0.85999998E+00  0.41107839E-02
  0.79999998E-01  0.87999998E+00  0.40465630E-02
  0.79999998E-01  0.89999998E+00  0.39197933E-02
  0.79999998E-01  0.91999998E+00  0.36971618E-02
  0.79999998E-01  0.93999998E+00  0.32481808E-02
  0.79999998E-01  0.95999998E+00  0.27719376E-02
  0.79999998E-01  0.97999998E+00  0.28996201E-02
  0.79999998E-01  0.99999998E+00  0.30290321E-02
  0.79999998E-01  0.10200000E+01  0.31599619E-02
  0.79999998E-01  0.10400000E+01  0.32921942E-02
  0.79999998E-01  0.10600000E+01  0.34255130E-02
  0.79999998E-01  0.10800000E+01  0.35597066E-02
  0.79999998E-01  0.11000000E+01  0.36945720E-02
  0.79999998E-01  0.11200000E+01  0.38299206E-02
  0.79999998E-01  0.11400000E+01  0.39655842E-02
  0.79999998E-01  0.11600000E+01  0.41014212E-02
  0.79999998E-01  0.11800000E+01  0.42373234E-02
  0.79999998E-01  0.12000000E+01  0.43732230E-02
  0.79999998E-01  0.12200000E+01  0.45090989E-02
  0.79999998E-01  0.12400000E+01  0.46449826E-02
  0.79999998E-01  0.12600000E+01  0.47809625E-02
  0.79999998E-01  0.12800000E+01  0.49171863E-02
  0.79999998E-01  0.13000000E+01  0.50538596E-02
  0.79999998E-01  0.13200000E+01  0.51912384E-02
  0.79999998E-01  0.13400000E+01  0.53296144E-02
  0.79999998E-01  0.13600000E+01  0.54692870E-02
  0.79999998E-01  0.13800000E+01  0.56105169E-02
  0.79999998E-01  0.14000000E+01  0.57534499E-02
  0.79999998E-01  0.14200000E+01  0.58979942E-02
  0.79999998E-01  0.14400000E+01  0.60436170E-02
  0.79999998E-01  0.14600000E+01  0.61889930E-02
  0.79999998E-01  0.14800000E+01  0.63313469E-02
  0.79999998E-01  0.15000000E+01  0.64650475E-02
  0.79999998E-01  0.15200000E+01  0.65778000E-02
  0.79999998E-01  0.15400000E+01  0.66336145E-02
  0.79999998E-01  0.15600000E+01  0.65506989E-02
  0.79999998E-01  0.15800000E+01  0.67248043E-02
  0.79999998E-01  0.16000000E+01  0.68968889E-02
  0.79999998E-01  0.16200000E+01  0.70664700E-02
  0.79999998E-01  0.16400000E+01  0.72330541E-02
  0.79999998E-01  0.16600000E+01  0.73961397E-02
  0.79999998E-01  0.16800000E+01  0.75552188E-02
  0.79999998E-01  0.17000000E+01  0.77097797E-02
  0.79999998E-01  0.17200000E+01  0.78593083E-02
  0.79999998E-01  0.17400000E+01  0.80032904E-02
  0.79999998E-01  0.17600000E+01  0.81412119E-02
  0.79999998E-01  0.17800000E+01  0.82725598E-02
  0.79999998E-01  0.18000000E+01  0.83968208E-02
  0.79999998E-01  0.18200000E+01  0.85134786E-02
  0.79999998E-01  0.18400000E+01  0.86220093E-02
  0.79999998E-01  0.18600000E+01  0.87218733E-02
  0.79999998E-01  0.18800000E+01  0.88125026E-02
  0.79999998E-01  0.19000000E+01  0.88932827E-02
  0.79999998E-01  0.19200000E+01  0.89635256E-02
  0.79999998E-01  0.19400000E+01  0.90224301E-02
  0.79999998E-01  0.19600000E+01  0.90690249E-02
  0.79999998E-01  0.19800000E+01  0.91020829E-02
  0.79999998E-01  0.20000000E+01  0.91199919E-02
  0.99999998E-01  0.00000000E+00  0.97299139E-06
  0.99999998E-01  0.20000000E-01  0.31732753E-04
  0.99999998E-01  0.39999999E-01  0.70129506E-04
  0.99999998E-01  0.59999999E-01  0.11573568E-03
  0.99999998E-01  0.79999998E-01  0.16803357E-03
  0.99999998E-01  0.99999998E-01  0.22641016E-03
  0.99999998E-01  0.12000000E+00  0.29014976E-03
  0.99999998E-01  0.14000000E+00  0.35842344E-03
  0.99999998E-01  0.16000000E+00  0.43027326E-03
  0.99999998E-01  0.18000000E+00  0.50458762E-03
  0.99999998E-01  0.20000000E+00  0.58006033E-03
  0.99999998E-01  0.22000000E+00  0.65511733E-03
  0.99999998E-01  0.23999999E+00  0.72777113E-03
  0.99999998E-01  0.25999999E+00  0.79529168E-03
  0.99999998E-01  0.27999999E+00  0.85330510E-03
  0.99999998E-01  0.29999999E+00  0.89234563E-03
  0.99999998E-01  0.31999999E+00  0.85836946E-03
  0.99999998E-01  0.33999999E+00  0.91355716E-03
  0.99999998E-01  0.35999999E+00  0.10277582E-02
  0.99999998E-01  0.37999999E+00  0.11488196E-02
  0.99999998E-01  0.39999999E+00  0.12765835E-02
  0.99999998E-01  0.41999999E+00  0.14108290E-02
  0.99999998E-01  0.43999999E+00  0.15512646E-02
  0.99999998E-01  0.45999999E+00  0.16975199E-02
  0.99999998E-01  0.47999999E+00  0.18491366E-02
  0.99999998E-01  0.49999999E+00  0.20055598E-02
  0.99999998E-01  0.51999999E+00  0.21661283E-02
  0.99999998E-01  0.53999999E+00  0.23300646E-02
  0.99999998E-01  0.55999999E+00  0.24964645E-02
  0.99999998E-01  0.57999999E+00  0.26642859E-02
  0.99999998E-01  0.59999999E+00  0.28323370E-02
  0.99999998E-01  0.61999999E+00  0.29992629E-02
  0.99999998E-01  0.63999999E+00  0.31635314E-02
  0.99999998E-01  0.65999999E+00  0.33234157E-02
  0.99999998E-01  0.67999998E+00  0.34769746E-02
  0.99999998E-01  0.69999998E+00  0.36220266E-02
  0.99999998E-01  0.71999998E+00  0.37561157E-02
  0.99999998E-01  0.73999998E+00  0.38764639E-02
  0.99999998E-01  0.75999998E+00  0.39798991E-02
  0.99999998E-01  0.77999998E+00  0.40627423E-02
  0.99999998E-01  0.79999998E+00  0.41206169E-02
  0.99999998E-01  0.81999998E+00  0.41481058E-02
  0.99999998E-01  0.83999998E+00  0.41380807E-02
  0.99999998E-01  0.85999998E+00  0.40802365E-02
  0.99999998E-01  0.87999998E+00  0.39573213E-02
  0.99999998E-01  0.89999998E+00  0.37323241E-02
  0.99999998E-01  0.91999998E+00  0.32629422E-02
  0.99999998E-01  0.93999998E+00  0.27499415E-02
  0.99999998E-01  0.95999998E+00  0.28741632E-02
  0.99999998E-01  0.97999998E+00  0.29994761E-02
  0.99999998E-01  0.99999998E+00  0.31256425E-02
  0.99999998E-01  0.10200000E+01  0.32524309E-02
  0.99999998E-01  0.10400000E+01  0.33796224E-02
  0.99999998E-01  0.10600000E+01  0.35070160E-02
  0.99999998E-01  0.10800000E+01  0.36344368E-02
  0.99999998E-01  0.11000000E+01  0.37617423E-02
  0.99999998E-01  0.11200000E+01  0.38888316E-02
  0.99999998E-01  0.11400000E+01  0.40156531E-02
  0.99999998E-01  0.11600000E+01  0.41422136E-02
  0.99999998E-01  0.11800000E+01  0.42685860E-02
  0.99999998E-01  0.12000000E+01  0.43949173E-02
  0.99999998E-01  0.12200000E+01  0.45214346E-02
  0.99999998E-01  0.12400000E+01  0.46484488E-02
  0.99999998E-01  0.12600000E+01  0.47763549E-02
  0.99999998E-01  0.12800000E+01  0.49056261E-02
  0.99999998E-01  0.13000000E+01  0.50368006E-02
  0.99999998E-01  0.13200000E+01  0.51704549E-02
  0.99999998E-01  0.13400000E+01  0.53071611E-02
  0.99999998E-01  0.13600000E+01  0.54474155E-02
  0.99999998E-01  0.13800000E+01  0.55915280E-02
  0.99999998E-01  0.14000000E+01  0.57394440E-02
  0.99999998E-01  0.14200000E+01  0.58904579E-02
  0.99999998E-01  0.14400000E+01  0.60427225E-02
  0.99999998E-01  0.14600000E+01  0.61923448E-02
  0.99999998E-01  0.14800000E+01  0.63314755E-02
  0.99999998E-01  0.15000000E+01  0.64432037E-02
  0.99999998E-01  0.15200000E+01  0.64790741E-02
  0.99999998E-01  0.15400000E+01  0.63265713E-02
  0.99999998E-01  0.15600000E+01  0.64988205E-02
  0.99999998E-01  0.15800000E+01  0.66705681E-02
  0.99999998E-01  0.16000000E+01  0.68414854E-02
  0.99999998E-01  0.16200000E+01  0.70112246E-02
  0.99999998E-01  0.16400000E+01  0.71794160E-02
  0.99999998E-01  0.16600000E+01  0.73456656E-02
  0.99999998E-01  0.16800000E+01  0.75095519E-02
  0.99999998E-01  0.17000000E+01  0.76706214E-02
  0.99999998E-01  0.17200000E+01  0.78283834E-02
  0.99999998E-01  0.17400000E+01  0.79823042E-02
  0.99999998E-01  0.17600000E+01  0.81317989E-02
  0.99999998E-01  0.17800000E+01  0.82762227E-02
  0.99999998E-01  0.18000000E+01  0.84148595E-02
  0.99999998E-01  0.18200000E+01  0.85469087E-02
  0.99999998E-01  0.18400000E+01  0.86714693E-02
  0.99999998E-01  0.18600000E+01  0.87875202E-02
  0.99999998E-01  0.18800000E+01  0.88938970E-02
  0.99999998E-01  0.19000000E+01  0.89892617E-02
  0.99999998E-01  0.19200000E+01  0.90720660E-02
  0.99999998E-01  0.19400000E+01  0.91405016E-02
  0.99999998E-01  0.19600000E+01  0.91924336E-02
  0.99999998E-01  0.19800000E+01  0.92253029E-02
  0.99999998E-01  0.20000000E+01  0.92359783E-02
  0.12000000E+00  0.00000000E+00  0.18344859E-05
  0.12000000E+00  0.20000000E-01  0.41495449E-04
  0.12000000E+00  0.39999999E-01  0.87112090E-04
  0.12000000E+00  0.59999999E-01  0.13806379E-03
  0.12000000E+00  0.79999998E-01  0.19361688E-03
  0.12000000E+00  0.99999998E-01  0.25293373E-03
  0.12000000E+00  0.12000000E+00  0.31508422E-03
  0.12000000E+00  0.14000000E+00  0.37906013E-03
  0.12000000E+00  0.16000000E+00  0.44379297E-03
  0.12000000E+00  0.18000000E+00  0.50817515E-03
  0.12000000E+00  0.20000000E+00  0.57108255E-03
  0.12000000E+00  0.22000000E+00  0.63138973E-03
  0.12000000E+00  0.23999999E+00  0.68794428E-03
  0.12000000E+00  0.25999999E+00  0.73935786E-03
  0.12000000E+00  0.27999999E+00  0.78277727E-03
  0.12000000E+00  0.29999999E+00  0.79529579E-03
  0.12000000E+00  0.31999999E+00  0.87295006E-03
  0.12000000E+00  0.33999999E+00  0.98545903E-03
  0.12000000E+00  0.35999999E+00  0.11046575E-02
  0.12000000E+00  0.37999999E+00  0.12303573E-02
  0.12000000E+00  0.39999999E+00  0.13623148E-02
  0.12000000E+00  0.41999999E+00  0.15002250E-02
  0.12000000E+00  0.43999999E+00  0.16437150E-02
  0.12000000E+00  0.45999999E+00  0.17923376E-02
  0.12000000E+00  0.47999999E+00  0.19455642E-02
  0.12000000E+00  0.49999999E+00  0.21027771E-02
  0.12000000E+00  0.51999999E+00  0.22632619E-02
  0.12000000E+00  0.53999999E+00  0.24261991E-02
  0.12000000E+00  0.55999999E+00  0.25906545E-02
  0.12000000E+00  0.57999999E+00  0.27555691E-02
  0.12000000E+00  0.59999999E+00  0.29197470E-02
  0.12000000E+00  0.61999999E+00  0.30818413E-02
  0.12000000E+00  0.63999999E+00  0.32403371E-02
  0.12000000E+00  0.65999999E+00  0.33935294E-02
  0.12000000E+00  0.67999998E+00  0.35394934E-02
  0.12000000E+00  0.69999998E+00  0.36760453E-02
  0.12000000E+00  0.71999998E+00  0.38006836E-02
  0.12000000E+00  0.73999998E+00  0.39105024E-02
  0.12000000E+00  0.75999998E+00  0.40020558E-02
  0.12000000E+00  0.77999998E+00  0.40711317E-02
  0.12000000E+00  0.79999998E+00  0.41123555E-02
  0.12000000E+00  0.81999998E+00  0.41184330E-02
  0.12000000E+00  0.83999998E+00  0.40785352E-02
  0.12000000E+00  0.85999998E+00  0.39742397E-02
  0.12000000E+00  0.87999998E+00  0.37660055E-02
  0.12000000E+00  0.89999998E+00  0.33044716E-02
  0.12000000E+00  0.91999998E+00  0.27828865E-02
  0.12000000E+00  0.93999998E+00  0.29077535E-02
  0.12000000E+00  0.95999998E+00  0.30332598E-02
  0.12000000E+00  0.97999998E+00  0.31591132E-02
  0.12000000E+00  0.99999998E+00  0.32850296E-02
  0.12000000E+00  0.10200000E+01  0.34107406E-02
  0.12000000E+00  0.10400000E+01  0.35360003E-02
  0.12000000E+00  0.10600000E+01  0.36605937E-02
  0.12000000E+00  0.10800000E+01  0.37843453E-02
  0.12000000E+00  0.11000000E+01  0.39071287E-02
  0.12000000E+00  0.11200000E+01  0.40288756E-02
  0.12000000E+00  0.11400000E+01  0.41495860E-02
  0.12000000E+00  0.11600000E+01  0.42693370E-02
  0.12000000E+00  0.11800000E+01  0.43882913E-02
  0.12000000E+00  0.12000000E+01  0.45067039E-02
  0.12000000E+00  0.12200000E+01  0.46249258E-02
  0.12000000E+00  0.12400000E+01  0.47434034E-02
  0.12000000E+00  0.12600000E+01  0.48626718E-02
  0.12000000E+00  0.12800000E+01  0.49833384E-02
  0.12000000E+00  0.13000000E+01  0.51060527E-02
  0.12000000E+00  0.13200000E+01  0.52314562E-02
  0.12000000E+00  0.13400000E+01  0.53601015E-02
  0.12000000E+00  0.13600000E+01  0.54923251E-02
  0.12000000E+00  0.13800000E+01  0.56280460E-02
  0.12000000E+00  0.14000000E+01  0.57664381E-02
  0.12000000E+00  0.14200000E+01  0.59053720E-02
  0.12000000E+00  0.14400000E+01  0.60403805E-02
  0.12000000E+00  0.14600000E+01  0.61624655E-02
  0.12000000E+00  0.14800000E+01  0.62522005E-02
  0.12000000E+00  0.15000000E+01  0.62535903E-02
  0.12000000E+00  0.15200000E+01  0.60372597E-02
  0.12000000E+00  0.15400000E+01  0.62050484E-02
  0.12000000E+00  0.15600000E+01  0.63738615E-02
  0.12000000E+00  0.15800000E+01  0.65435501E-02
  0.12000000E+00  0.16000000E+01  0.67139402E-02
  0.12000000E+00  0.16200000E+01  0.68848265E-02
  0.12000000E+00  0.16400000E+01  0.70559652E-02
  0.12000000E+00  0.16600000E+01  0.72270646E-02
  0.12000000E+00  0.16800000E+01  0.73977753E-02
  0.12000000E+00  0.17000000E+01  0.75676777E-02
  0.12000000E+00  0.17200000E+01  0.77362690E-02
  0.12000000E+00  0.17400000E+01  0.79029471E-02
  0.12000000E+00  0.17600000E+01  0.80669930E-02
  0.12000000E+00  0.17800000E+01  0.82275509E-02
  0.12000000E+00  0.18000000E+01  0.83836064E-02
  0.12000000E+00  0.18200000E+01  0.85339616E-02
  0.12000000E+00  0.18400000E+01  0.86772080E-02
  0.12000000E+00  0.18600000E+01  0.88116969E-02
  0.12000000E+00  0.18800000E+01  0.89355064E-02
  0.12000000E+00  0.19000000E+01  0.90464048E-02
  0.12000000E+00  0.19200000E+01  0.91418089E-02
  0.12000000E+00  0.19400000E+01  0.92187339E-02
  0.12000000E+00  0.19600000E+01  0.92737291E-02
  0.12000000E+00  0.19800000E+01  0.93027851E-02
  0.12000000E+00  0.20000000E+01  0.93011794E-02
  0.14000000E+00  0.00000000E+00  0.30729734E-05
  0.14000000E+00  0.20000000E-01  0.52014839E-04
  0.14000000E+00  0.39999999E-01  0.10502329E-03
  0.14000000E+00  0.59999999E-01  0.16127970E-03
  0.14000000E+00  0.79999998E-01  0.21984653E-03
  0.14000000E+00  0.99999998E-01  0.27969369E-03
  0.14000000E+00  0.12000000E+00  0.33973399E-03
  0.14000000E+00  0.14000000E+00  0.39887060E-03
  0.14000000E+00  0.16000000E+00  0.45606186E-03
  0.14000000E+00  0.18000000E+00  0.51041072E-03
  0.14000000E+00  0.20000000E+00  0.56129078E-03
  0.14000000E+00  0.22000000E+00  0.60852604E-03
  0.14000000E+00  0.23999999E+00  0.65264024E-03
  0.14000000E+00  0.25999999E+00  0.69506045E-03
  0.14000000E+00  0.27999999E+00  0.73259786E-03
  0.14000000E+00  0.29999999E+00  0.82200813E-03
  0.14000000E+00  0.31999999E+00  0.93138141E-03
  0.14000000E+00  0.33999999E+00  0.10471678E-02
  0.14000000E+00  0.35999999E+00  0.11691424E-02
  0.14000000E+00  0.37999999E+00  0.12970343E-02
  0.14000000E+00  0.39999999E+00  0.14305220E-02
  0.14000000E+00  0.41999999E+00  0.15692302E-02
  0.14000000E+00  0.43999999E+00  0.17127255E-02
  0.14000000E+00  0.45999999E+00  0.18605121E-02
  0.14000000E+00  0.47999999E+00  0.20120269E-02
  0.14000000E+00  0.49999999E+00  0.21666348E-02
  0.14000000E+00  0.51999999E+00  0.23236229E-02
  0.14000000E+00  0.53999999E+00  0.24821936E-02
  0.14000000E+00  0.55999999E+00  0.26414568E-02
  0.14000000E+00  0.57999999E+00  0.28004202E-02
  0.14000000E+00  0.59999999E+00  0.29579763E-02
  0.14000000E+00  0.61999999E+00  0.31128858E-02
  0.14000000E+00  0.63999999E+00  0.32637549E-02
  0.14000000E+00  0.65999999E+00  0.34090036E-02
  0.14000000E+00  0.67999998E+00  0.35468204E-02
  0.14000000E+00  0.69999998E+00  0.36750956E-02
  0.14000000E+00  0.71999998E+00  0.37913214E-02
  0.14000000E+00  0.73999998E+00  0.38924340E-02
  0.14000000E+00  0.75999998E+00  0.39745575E-02
  0.14000000E+00  0.77999998E+00  0.40325589E-02
  0.14000000E+00  0.79999998E+00  0.40592180E-02
  0.14000000E+00  0.81999998E+00  0.40434948E-02
  0.14000000E+00  0.83999998E+00  0.39662666E-02
  0.14000000E+00  0.85999998E+00  0.37864034E-02
  0.14000000E+00  0.87999998E+00  0.33510891E-02
  0.14000000E+00  0.89999998E+00  0.28401092E-02
  0.14000000E+00  0.91999998E+00  0.29679714E-02
  0.14000000E+00  0.93999998E+00  0.30962374E-02
  0.14000000E+00  0.95999998E+00  0.32245563E-02
  0.14000000E+00  0.97999998E+00  0.33525824E-02
  0.14000000E+00  0.99999998E+00  0.34799819E-02
  0.14000000E+00  0.10200000E+01  0.36064403E-02
  0.14000000E+00  0.10400000E+01  0.37316707E-02
  0.14000000E+00  0.10600000E+01  0.38554228E-02
  0.14000000E+00  0.10800000E+01  0.39774921E-02
  0.14000000E+00  0.11000000E+01  0.40977294E-02
  0.14000000E+00  0.11200000E+01  0.42160507E-02
  0.14000000E+00  0.11400000E+01  0.43324464E-02
  0.14000000E+00  0.11600000E+01  0.44469894E-02
  0.14000000E+00  0.11800000E+01  0.45598415E-02
  0.14000000E+00  0.12000000E+01  0.46712579E-02
  0.14000000E+00  0.12200000E+01  0.47815859E-02
  0.14000000E+00  0.12400000E+01  0.48912581E-02
  0.14000000E+00  0.12600000E+01  0.50007767E-02
  0.14000000E+00  0.12800000E+01  0.51106828E-02
  0.14000000E+00  0.13000000E+01  0.52215066E-02
  0.14000000E+00  0.13200000E+01  0.53336869E-02
  0.14000000E+00  0.13400000E+01  0.54474441E-02
  0.14000000E+00  0.13600000E+01  0.55625779E-02
  0.14000000E+00  0.13800000E+01  0.56781372E-02
  0.14000000E+00  0.14000000E+01  0.57918528E-02
  0.14000000E+00  0.14200000E+01  0.58990759E-02
  0.14000000E+00  0.14400000E+01  0.59904980E-02
  0.14000000E+00  0.14600000E+01  0.60459292E-02
  0.14000000E+00  0.14800000E+01  0.60062358E-02
  0.14000000E+00  0.15000000E+01  0.57371886E-02
  0.14000000E+00  0.15200000E+01  0.58985347E-02
  0.14000000E+00  0.15400000E+01  0.60621831E-02
  0.14000000E+00  0.15600000E+01  0.62281636E-02
  0.14000000E+00  0.15800000E+01  0.63964801E-02
  0.14000000E+00  0.16000000E+01  0.65671005E-02
  0.14000000E+00  0.16200000E+01  0.67399449E-02
  0.14000000E+00  0.16400000E+01  0.69148727E-02
  0.14000000E+00  0.16600000E+01  0.70916660E-02
  0.14000000E+00  0.16800000E+01  0.72700123E-02
  0.14000000E+00  0.17000000E+01  0.74494840E-02
  0.14000000E+00  0.17200000E+01  0.76295155E-02
  0.14000000E+00  0.17400000E+01  0.78093780E-02
  0.14000000E+00  0.17600000E+01  0.79881512E-02
  0.14000000E+00  0.17800000E+01  0.81646931E-02
  0.14000000E+00  0.18000000E+01  0.83376074E-02
  0.14000000E+00  0.18200000E+01  0.85052086E-02
  0.14000000E+00  0.18400000E+01  0.86654863E-02
  0.14000000E+00  0.18600000E+01  0.88160675E-02
  0.14000000E+00  0.18800000E+01  0.89541804E-02
  0.14000000E+00  0.19000000E+01  0.90766166E-02
  0.14000000E+00  0.19200000E+01  0.91796952E-02
  0.14000000E+00  0.19400000E+01  0.92592245E-02
  0.14000000E+00  0.19600000E+01  0.93104556E-02
  0.14000000E+00  0.19800000E+01  0.93280087E-02
  0.14000000E+00  0.20000000E+01  0.93057191E-02
  0.16000000E+00  0.00000000E+00  0.47176589E-05
  0.16000000E+00  0.20000000E-01  0.62869259E-04
  0.16000000E+00  0.39999999E-01  0.12298110E-03
  0.16000000E+00  0.59999999E-01  0.18404902E-03
  0.16000000E+00  0.79999998E-01  0.24496320E-03
  0.16000000E+00  0.99999998E-01  0.30455682E-03
  0.16000000E+00  0.12000000E+00  0.36167287E-03
  0.16000000E+00  0.14000000E+00  0.41525726E-03
  0.16000000E+00  0.16000000E+00  0.46449180E-03
  0.16000000E+00  0.18000000E+00  0.50899096E-03
  0.16000000E+00  0.20000000E+00  0.54911006E-03
  0.16000000E+00  0.22000000E+00  0.58647190E-03
  0.16000000E+00  0.23999999E+00  0.62500617E-03
  0.16000000E+00  0.25999999E+00  0.67269198E-03
  0.16000000E+00  0.27999999E+00  0.76627259E-03
  0.16000000E+00  0.29999999E+00  0.87170413E-03
  0.16000000E+00  0.31999999E+00  0.98322187E-03
  0.16000000E+00  0.33999999E+00  0.11005588E-02
  0.16000000E+00  0.35999999E+00  0.12234102E-02
  0.16000000E+00  0.37999999E+00  0.13514328E-02
  0.16000000E+00  0.39999999E+00  0.14842435E-02
  0.16000000E+00  0.41999999E+00  0.16214184E-02
  0.16000000E+00  0.43999999E+00  0.17624914E-02
  0.16000000E+00  0.45999999E+00  0.19069527E-02
  0.16000000E+00  0.47999999E+00  0.20542474E-02
  0.16000000E+00  0.49999999E+00  0.22037728E-02
  0.16000000E+00  0.51999999E+00  0.23548750E-02
  0.16000000E+00  0.53999999E+00  0.25068439E-02
  0.16000000E+00  0.55999999E+00  0.26589062E-02
  0.16000000E+00  0.57999999E+00  0.28102150E-02
  0.16000000E+00  0.59999999E+00  0.29598342E-02
  0.16000000E+00  0.61999999E+00  0.31067160E-02
  0.16000000E+00  0.63999999E+00  0.32496682E-02
  0.16000000E+00  0.65999999E+00  0.33873045E-02
  0.16000000E+00  0.67999998E+00  0.35179711E-02
  0.16000000E+00  0.69999998E+00  0.36396349E-02
  0.16000000E+00  0.71999998E+00  0.37497077E-02
  0.16000000E+00  0.73999998E+00  0.38447626E-02
  0.16000000E+00  0.75999998E+00  0.39200479E-02
  0.16000000E+00  0.77999998E+00  0.39685966E-02
  0.16000000E+00  0.79999998E+00  0.39794032E-02
  0.16000000E+00  0.81999998E+00  0.39330265E-02
  0.16000000E+00  0.83999998E+00  0.37875000E-02
  0.16000000E+00  0.85999998E+00  0.33892448E-02
  0.16000000E+00  0.87999998E+00  0.29011404E-02
  0.16000000E+00  0.89999998E+00  0.30329995E-02
  0.16000000E+00  0.91999998E+00  0.31652324E-02
  0.16000000E+00  0.93999998E+00  0.32974424E-02
  0.16000000E+00  0.95999998E+00  0.34292307E-02
  0.16000000E+00  0.97999998E+00  0.35602030E-02
  0.16000000E+00  0.99999998E+00  0.36899760E-02
  0.16000000E+00  0.10200000E+01  0.38181846E-02
  0.16000000E+00  0.10400000E+01  0.39444904E-02
  0.16000000E+00  0.10600000E+01  0.40685891E-02
  0.16000000E+00  0.10800000E+01  0.41902198E-02
  0.16000000E+00  0.11000000E+01  0.43091732E-02
  0.16000000E+00  0.11200000E+01  0.44252995E-02
  0.16000000E+00  0.11400000E+01  0.45385160E-02
  0.16000000E+00  0.11600000E+01  0.46488122E-02
  0.16000000E+00  0.11800000E+01  0.47562535E-02
  0.16000000E+00  0.12000000E+01  0.48609797E-02
  0.16000000E+00  0.12200000E+01  0.49631993E-02
  0.16000000E+00  0.12400000E+01  0.50631737E-02
  0.16000000E+00  0.12600000E+01  0.51611907E-02
  0.16000000E+00  0.12800000E+01  0.52575190E-02
  0.16000000E+00  0.13000000E+01  0.53523357E-02
  0.16000000E+00  0.13200000E+01  0.54456109E-02
  0.16000000E+00  0.13400000E+01  0.55369244E-02
  0.16000000E+00  0.13600000E+01  0.56251621E-02
  0.16000000E+00  0.13800000E+01  0.57079882E-02
  0.16000000E+00  0.14000000E+01  0.57808429E-02
  0.16000000E+00  0.14200000E+01  0.58347428E-02
  0.16000000E+00  0.14400000E+01  0.58501428E-02
  0.16000000E+00  0.14600000E+01  0.57685348E-02
  0.16000000E+00  0.14800000E+01  0.54608323E-02
  0.16000000E+00  0.15000000E+01  0.56146017E-02
  0.16000000E+00  0.15200000E+01  0.57715746E-02
  0.16000000E+00  0.15400000E+01  0.59319394E-02
  0.16000000E+00  0.15600000E+01  0.60958614E-02
  0.16000000E+00  0.15800000E+01  0.62634699E-02
  0.16000000E+00  0.16000000E+01  0.64348442E-02
  0.16000000E+00  0.16200000E+01  0.66099955E-02
  0.16000000E+00  0.16400000E+01  0.67888482E-02
  0.16000000E+00  0.16600000E+01  0.69712161E-02
  0.16000000E+00  0.16800000E+01  0.71567779E-02
  0.16000000E+00  0.17000000E+01  0.73450479E-02
  0.16000000E+00  0.17200000E+01  0.75353447E-02
  0.16000000E+00  0.17400000E+01  0.77267564E-02
  0.16000000E+00  0.17600000E+01  0.79181035E-02
  0.16000000E+00  0.17800000E+01  0.81078993E-02
  0.16000000E+00  0.18000000E+01  0.82943084E-02
  0.16000000E+00  0.18200000E+01  0.84751051E-02
  0.16000000E+00  0.18400000E+01  0.86476319E-02
  0.16000000E+00  0.18600000E+01  0.88087602E-02
  0.16000000E+00  0.18800000E+01  0.89548559E-02
  0.16000000E+00  0.19000000E+01  0.90817509E-02
  0.16000000E+00  0.19200000E+01  0.91847230E-02
  0.16000000E+00  0.19400000E+01  0.92584820E-02
  0.16000000E+00  0.19600000E+01  0.92971543E-02
  0.16000000E+00  0.19800000E+01  0.92942291E-02
  0.16000000E+00  0.20000000E+01  0.92423538E-02
  0.18000000E+00  0.00000000E+00  0.67779325E-05
  0.18000000E+00  0.20000000E-01  0.73643203E-04
  0.18000000E+00  0.39999999E-01  0.14015788E-03
  0.18000000E+00  0.59999999E-01  0.20516386E-03
  0.18000000E+00  0.79999998E-01  0.26743316E-03
  0.18000000E+00  0.99999998E-01  0.32574546E-03
  0.18000000E+00  0.12000000E+00  0.37899743E-03
  0.18000000E+00  0.14000000E+00  0.42636040E-03
  0.18000000E+00  0.16000000E+00  0.46751656E-03
  0.18000000E+00  0.18000000E+00  0.50303580E-03
  0.18000000E+00  0.20000000E+00  0.53504310E-03
  0.18000000E+00  0.22000000E+00  0.56865226E-03
  0.18000000E+00  0.23999999E+00  0.61680134E-03
  0.18000000E+00  0.25999999E+00  0.70942502E-03
  0.18000000E+00  0.27999999E+00  0.81056155E-03
  0.18000000E+00  0.29999999E+00  0.91744767E-03
  0.18000000E+00  0.31999999E+00  0.10297702E-02
  0.18000000E+00  0.33999999E+00  0.11471860E-02
  0.18000000E+00  0.35999999E+00  0.12693236E-02
  0.18000000E+00  0.37999999E+00  0.13957854E-02
  0.18000000E+00  0.39999999E+00  0.15261490E-02
  0.18000000E+00  0.41999999E+00  0.16599699E-02
  0.18000000E+00  0.43999999E+00  0.17967833E-02
  0.18000000E+00  0.45999999E+00  0.19361055E-02
  0.18000000E+00  0.47999999E+00  0.20774360E-02
  0.18000000E+00  0.49999999E+00  0.22202566E-02
  0.18000000E+00  0.51999999E+00  0.23640309E-02
  0.18000000E+00  0.53999999E+00  0.25081998E-02
  0.18000000E+00  0.55999999E+00  0.26521741E-02
  0.18000000E+00  0.57999999E+00  0.27953209E-02
  0.18000000E+00  0.59999999E+00  0.29369429E-02
  0.18000000E+00  0.61999999E+00  0.30762439E-02
  0.18000000E+00  0.63999999E+00  0.32122781E-02
  0.18000000E+00  0.65999999E+00  0.33438703E-02
  0.18000000E+00  0.67999998E+00  0.34694951E-02
  0.18000000E+00  0.69999998E+00  0.35870857E-02
  0.18000000E+00  0.71999998E+00  0.36937274E-02
  0.18000000E+00  0.73999998E+00  0.37851382E-02
  0.18000000E+00  0.75999998E+00  0.38547294E-02
  0.18000000E+00  0.77999998E+00  0.38917160E-02
  0.18000000E+00  0.79999998E+00  0.38766415E-02
  0.18000000E+00  0.81999998E+00  0.37672996E-02
  0.18000000E+00  0.83999998E+00  0.34113287E-02
  0.18000000E+00  0.85999998E+00  0.29531497E-02
  0.18000000E+00  0.87999998E+00  0.30890213E-02
  0.18000000E+00  0.89999998E+00  0.32254081E-02
  0.18000000E+00  0.91999998E+00  0.33618888E-02
  0.18000000E+00  0.93999998E+00  0.34980319E-02
  0.18000000E+00  0.95999998E+00  0.36334007E-02
  0.18000000E+00  0.97999998E+00  0.37675581E-02
  0.18000000E+00  0.99999998E+00  0.39000725E-02
  0.18000000E+00  0.10200000E+01  0.40305238E-02
  0.18000000E+00  0.10400000E+01  0.41585093E-02
  0.18000000E+00  0.10600000E+01  0.42836505E-02
  0.18000000E+00  0.10800000E+01  0.44055989E-02
  0.18000000E+00  0.11000000E+01  0.45240418E-02
  0.18000000E+00  0.11200000E+01  0.46387078E-02
  0.18000000E+00  0.11400000E+01  0.47493694E-02
  0.18000000E+00  0.11600000E+01  0.48558454E-02
  0.18000000E+00  0.11800000E+01  0.49579986E-02
  0.18000000E+00  0.12000000E+01  0.50557293E-02
  0.18000000E+00  0.12200000E+01  0.51489630E-02
  0.18000000E+00  0.12400000E+01  0.52376263E-02
  0.18000000E+00  0.12600000E+01  0.53216106E-02
  0.18000000E+00  0.12800000E+01  0.54007115E-02
  0.18000000E+00  0.13000000E+01  0.54745350E-02
  0.18000000E+00  0.13200000E+01  0.55423455E-02
  0.18000000E+00  0.13400000E+01  0.56028122E-02
  0.18000000E+00  0.13600000E+01  0.56535594E-02
  0.18000000E+00  0.13800000E+01  0.56902901E-02
  0.18000000E+00  0.14000000E+01  0.57048053E-02
  0.18000000E+00  0.14200000E+01  0.56792890E-02
  0.18000000E+00  0.14400000E+01  0.55589354E-02
  0.18000000E+00  0.14600000E+01  0.52277644E-02
  0.18000000E+00  0.14800000E+01  0.53736968E-02
  0.18000000E+00  0.15000000E+01  0.55233188E-02
  0.18000000E+00  0.15200000E+01  0.56769431E-02
  0.18000000E+00  0.15400000E+01  0.58348652E-02
  0.18000000E+00  0.15600000E+01  0.59973491E-02
  0.18000000E+00  0.15800000E+01  0.61646108E-02
  0.18000000E+00  0.16000000E+01  0.63367992E-02
  0.18000000E+00  0.16200000E+01  0.65139731E-02
  0.18000000E+00  0.16400000E+01  0.66960762E-02
  0.18000000E+00  0.16600000E+01  0.68829076E-02
  0.18000000E+00  0.16800000E+01  0.70740896E-02
  0.18000000E+00  0.17000000E+01  0.72690316E-02
  0.18000000E+00  0.17200000E+01  0.74668911E-02
  0.18000000E+00  0.17400000E+01  0.76665316E-02
  0.18000000E+00  0.17600000E+01  0.78664777E-02
  0.18000000E+00  0.17800000E+01  0.80648689E-02
  0.18000000E+00  0.18000000E+01  0.82594131E-02
  0.18000000E+00  0.18200000E+01  0.84473416E-02
  0.18000000E+00  0.18400000E+01  0.86253664E-02
  0.18000000E+00  0.18600000E+01  0.87896461E-02
  0.18000000E+00  0.18800000E+01  0.89357595E-02
  0.18000000E+00  0.19000000E+01  0.90586946E-02
  0.18000000E+00  0.19200000E+01  0.91528517E-02
  0.18000000E+00  0.19400000E+01  0.92120601E-02
  0.18000000E+00  0.19600000E+01  0.92295818E-02
  0.18000000E+00  0.19800000E+01  0.91980150E-02
  0.18000000E+00  0.20000000E+01  0.91087647E-02
  0.20000000E+00  0.00000000E+00  0.92556729E-05
  0.20000000E+00  0.20000000E-01  0.83959318E-04
  0.20000000E+00  0.39999999E-01  0.15583283E-03
  0.20000000E+00  0.59999999E-01  0.22361688E-03
  0.20000000E+00  0.79999998E-01  0.28604441E-03
  0.20000000E+00  0.99999998E-01  0.34195638E-03
  0.20000000E+00  0.12000000E+00  0.39046952E-03
  0.20000000E+00  0.14000000E+00  0.43122772E-03
  0.20000000E+00  0.16000000E+00  0.46480260E-03
  0.20000000E+00  0.18000000E+00  0.49340082E-03
  0.20000000E+00  0.20000000E+00  0.52237705E-03
  0.20000000E+00  0.22000000E+00  0.56530187E-03
  0.20000000E+00  0.23999999E+00  0.65374746E-03
  0.20000000E+00  0.25999999E+00  0.75054962E-03
  0.20000000E+00  0.27999999E+00  0.85278246E-03
  0.20000000E+00  0.29999999E+00  0.96008554E-03
  0.20000000E+00  0.31999999E+00  0.10720744E-02
  0.20000000E+00  0.33999999E+00  0.11883450E-02
  0.20000000E+00  0.35999999E+00  0.13084783E-02
  0.20000000E+00  0.37999999E+00  0.14320455E-02
  0.20000000E+00  0.39999999E+00  0.15586133E-02
  0.20000000E+00  0.41999999E+00  0.16877497E-02
  0.20000000E+00  0.43999999E+00  0.18190291E-02
  0.20000000E+00  0.45999999E+00  0.19520373E-02
  0.20000000E+00  0.47999999E+00  0.20863758E-02
  0.20000000E+00  0.49999999E+00  0.22216635E-02
  0.20000000E+00  0.51999999E+00  0.23575368E-02
  0.20000000E+00  0.53999999E+00  0.24936448E-02
  0.20000000E+00  0.55999999E+00  0.26296390E-02
  0.20000000E+00  0.57999999E+00  0.27651535E-02
  0.20000000E+00  0.59999999E+00  0.28997719E-02
  0.20000000E+00  0.61999999E+00  0.30329747E-02
  0.20000000E+00  0.63999999E+00  0.31640562E-02
  0.20000000E+00  0.65999999E+00  0.32919960E-02
  0.20000000E+00  0.67999998E+00  0.34152567E-02
  0.20000000E+00  0.69999998E+00  0.35314583E-02
  0.20000000E+00  0.71999998E+00  0.36368330E-02
  0.20000000E+00  0.73999998E+00  0.37252487E-02
  0.20000000E+00  0.75999998E+00  0.37862746E-02
  0.20000000E+00  0.77999998E+00  0.38006744E-02
  0.20000000E+00  0.79999998E+00  0.37264709E-02
  0.20000000E+00  0.81999998E+00  0.34139473E-02
  0.20000000E+00  0.83999998E+00  0.29889087E-02
  0.20000000E+00  0.85999998E+00  0.31281325E-02
  0.20000000E+00  0.87999998E+00  0.32681381E-02
  0.20000000E+00  0.89999998E+00  0.34085051E-02
  0.20000000E+00  0.91999998E+00  0.35487951E-02
  0.20000000E+00  0.93999998E+00  0.36885541E-02
  0.20000000E+00  0.95999998E+00  0.38273157E-02
  0.20000000E+00  0.97999998E+00  0.39646041E-02
  0.20000000E+00  0.99999998E+00  0.40999377E-02
  0.20000000E+00  0.10200000E+01  0.42328319E-02
  0.20000000E+00  0.10400000E+01  0.43628026E-02
  0.20000000E+00  0.10600000E+01  0.44893692E-02
  0.20000000E+00  0.10800000E+01  0.46120566E-02
  0.20000000E+00  0.11000000E+01  0.47303969E-02
  0.20000000E+00  0.11200000E+01  0.48439298E-02
  0.20000000E+00  0.11400000E+01  0.49522013E-02
  0.20000000E+00  0.11600000E+01  0.50547604E-02
  0.20000000E+00  0.11800000E+01  0.51511516E-02
  0.20000000E+00  0.12000000E+01  0.52409037E-02
  0.20000000E+00  0.12200000E+01  0.53235117E-02
  0.20000000E+00  0.12400000E+01  0.53984079E-02
  0.20000000E+00  0.12600000E+01  0.54649192E-02
  0.20000000E+00  0.12800000E+01  0.55221981E-02
  0.20000000E+00  0.13000000E+01  0.55691132E-02
  0.20000000E+00  0.13200000E+01  0.56040609E-02
  0.20000000E+00  0.13400000E+01  0.56246218E-02
  0.20000000E+00  0.13600000E+01  0.56268618E-02
  0.20000000E+00  0.13800000E+01  0.56036754E-02
  0.20000000E+00  0.14000000E+01  0.55397636E-02
  0.20000000E+00  0.14200000E+01  0.53864082E-02
  0.20000000E+00  0.14400000E+01  0.50467350E-02
  0.20000000E+00  0.14600000E+01  0.51853481E-02
  0.20000000E+00  0.14800000E+01  0.53277427E-02
  0.20000000E+00  0.15000000E+01  0.54743137E-02
  0.20000000E+00  0.15200000E+01  0.56254458E-02
  0.20000000E+00  0.15400000E+01  0.57814997E-02
  0.20000000E+00  0.15600000E+01  0.59427948E-02
  0.20000000E+00  0.15800000E+01  0.61095886E-02
  0.20000000E+00  0.16000000E+01  0.62820540E-02
  0.20000000E+00  0.16200000E+01  0.64602516E-02
  0.20000000E+00  0.16400000E+01  0.66440995E-02
  0.20000000E+00  0.16600000E+01  0.68333392E-02
  0.20000000E+00  0.16800000E+01  0.70274977E-02
  0.20000000E+00  0.17000000E+01  0.72258459E-02
  0.20000000E+00  0.17200000E+01  0.74273538E-02
  0.20000000E+00  0.17400000E+01  0.76306436E-02
  0.20000000E+00  0.17600000E+01  0.78339402E-02
  0.20000000E+00  0.17800000E+01  0.80350221E-02
  0.20000000E+00  0.18000000E+01  0.82311726E-02
  0.20000000E+00  0.18200000E+01  0.84191355E-02
  0.20000000E+00  0.18400000E+01  0.85950775E-02
  0.20000000E+00  0.18600000E+01  0.87545609E-02
  0.20000000E+00  0.18800000E+01  0.88925315E-02
  0.20000000E+00  0.19000000E+01  0.90033246E-02
  0.20000000E+00  0.19200000E+01  0.90806860E-02
  0.20000000E+00  0.19400000E+01  0.91177906E-02
  0.20000000E+00  0.19600000E+01  0.91071745E-02
  0.20000000E+00  0.19800000E+01  0.90402759E-02
  0.20000000E+00  0.20000000E+01  0.89052360E-02
  0.22000000E+00  0.00000000E+00  0.12166535E-04
  0.22000000E+00  0.20000000E-01  0.93519524E-04
  0.22000000E+00  0.39999999E-01  0.16945294E-03
  0.22000000E+00  0.59999999E-01  0.23868133E-03
  0.22000000E+00  0.79999998E-01  0.30000437E-03
  0.22000000E+00  0.99999998E-01  0.35247330E-03
  0.22000000E+00  0.12000000E+00  0.39563934E-03
  0.22000000E+00  0.14000000E+00  0.42994499E-03
  0.22000000E+00  0.16000000E+00  0.45739964E-03
  0.22000000E+00  0.18000000E+00  0.48295680E-03
  0.22000000E+00  0.20000000E+00  0.51797994E-03
  0.22000000E+00  0.22000000E+00  0.60047796E-03
  0.22000000E+00  0.23999999E+00  0.69311885E-03
  0.22000000E+00  0.25999999E+00  0.79090528E-03
  0.22000000E+00  0.27999999E+00  0.89343143E-03
  0.22000000E+00  0.29999999E+00  0.10002715E-02
  0.22000000E+00  0.31999999E+00  0.11109863E-02
  0.22000000E+00  0.33999999E+00  0.12251311E-02
  0.22000000E+00  0.35999999E+00  0.13422633E-02
  0.22000000E+00  0.37999999E+00  0.14619513E-02
  0.22000000E+00  0.39999999E+00  0.15837832E-02
  0.22000000E+00  0.41999999E+00  0.17073759E-02
  0.22000000E+00  0.43999999E+00  0.18323835E-02
  0.22000000E+00  0.45999999E+00  0.19585051E-02
  0.22000000E+00  0.47999999E+00  0.20854910E-02
  0.22000000E+00  0.49999999E+00  0.22131458E-02
  0.22000000E+00  0.51999999E+00  0.23413272E-02
  0.22000000E+00  0.53999999E+00  0.24699388E-02
  0.22000000E+00  0.55999999E+00  0.25989123E-02
  0.22000000E+00  0.57999999E+00  0.27281760E-02
  0.22000000E+00  0.59999999E+00  0.28576019E-02
  0.22000000E+00  0.61999999E+00  0.29869205E-02
  0.22000000E+00  0.63999999E+00  0.31155874E-02
  0.22000000E+00  0.65999999E+00  0.32425720E-02
  0.22000000E+00  0.67999998E+00  0.33660189E-02
  0.22000000E+00  0.69999998E+00  0.34826829E-02
  0.22000000E+00  0.71999998E+00  0.35869277E-02
  0.22000000E+00  0.73999998E+00  0.36687656E-02
  0.22000000E+00  0.75999998E+00  0.37093579E-02
  0.22000000E+00  0.77999998E+00  0.36673202E-02
  0.22000000E+00  0.79999998E+00  0.33965859E-02
  0.22000000E+00  0.81999998E+00  0.30051820E-02
  0.22000000E+00  0.83999998E+00  0.31466806E-02
  0.22000000E+00  0.85999998E+00  0.32893030E-02
  0.22000000E+00  0.87999998E+00  0.34326558E-02
  0.22000000E+00  0.89999998E+00  0.35763208E-02
  0.22000000E+00  0.91999998E+00  0.37198548E-02
  0.22000000E+00  0.93999998E+00  0.38627903E-02
  0.22000000E+00  0.95999998E+00  0.40046359E-02
  0.22000000E+00  0.97999998E+00  0.41448759E-02
  0.22000000E+00  0.99999998E+00  0.42829702E-02
  0.22000000E+00  0.10200000E+01  0.44183534E-02
  0.22000000E+00  0.10400000E+01  0.45504336E-02
  0.22000000E+00  0.10600000E+01  0.46785902E-02
  0.22000000E+00  0.10800000E+01  0.48021713E-02
  0.22000000E+00  0.11000000E+01  0.49204895E-02
  0.22000000E+00  0.11200000E+01  0.50328174E-02
  0.22000000E+00  0.11400000E+01  0.51383806E-02
  0.22000000E+00  0.11600000E+01  0.52363494E-02
  0.22000000E+00  0.11800000E+01  0.53258285E-02
  0.22000000E+00  0.12000000E+01  0.54058426E-02
  0.22000000E+00  0.12200000E+01  0.54753178E-02
  0.22000000E+00  0.12400000E+01  0.55330558E-02
  0.22000000E+00  0.12600000E+01  0.55776949E-02
  0.22000000E+00  0.12800000E+01  0.56076467E-02
  0.22000000E+00  0.13000000E+01  0.56209851E-02
  0.22000000E+00  0.13200000E+01  0.56152266E-02
  0.22000000E+00  0.13400000E+01  0.55868441E-02
  0.22000000E+00  0.13600000E+01  0.55300099E-02
  0.22000000E+00  0.13800000E+01  0.54324651E-02
  0.22000000E+00  0.14000000E+01  0.52533022E-02
  0.22000000E+00  0.14200000E+01  0.49189208E-02
  0.22000000E+00  0.14400000E+01  0.50513475E-02
  0.22000000E+00  0.14600000E+01  0.51873119E-02
  0.22000000E+00  0.14800000E+01  0.53272443E-02
  0.22000000E+00  0.15000000E+01  0.54715734E-02
  0.22000000E+00  0.15200000E+01  0.56207124E-02
  0.22000000E+00  0.15400000E+01  0.57750424E-02
  0.22000000E+00  0.15600000E+01  0.59348924E-02
  0.22000000E+00  0.15800000E+01  0.61005168E-02
  0.22000000E+00  0.16000000E+01  0.62720685E-02
  0.22000000E+00  0.16200000E+01  0.64495694E-02
  0.22000000E+00  0.16400000E+01  0.66328759E-02
  0.22000000E+00  0.16600000E+01  0.68216418E-02
  0.22000000E+00  0.16800000E+01  0.70152770E-02
  0.22000000E+00  0.17000000E+01  0.72129029E-02
  0.22000000E+00  0.17200000E+01  0.74133048E-02
  0.22000000E+00  0.17400000E+01  0.76148827E-02
  0.22000000E+00  0.17600000E+01  0.78156010E-02
  0.22000000E+00  0.17800000E+01  0.80129385E-02
  0.22000000E+00  0.18000000E+01  0.82038417E-02
  0.22000000E+00  0.18200000E+01  0.83846841E-02
  0.22000000E+00  0.18400000E+01  0.85512330E-02
  0.22000000E+00  0.18600000E+01  0.86986300E-02
  0.22000000E+00  0.18800000E+01  0.88213842E-02
  0.22000000E+00  0.19000000E+01  0.89133755E-02
  0.22000000E+00  0.19200000E+01  0.89678444E-02
  0.22000000E+00  0.19400000E+01  0.89772797E-02
  0.22000000E+00  0.19600000E+01  0.89328848E-02
  0.22000000E+00  0.19800000E+01  0.88222480E-02
  0.22000000E+00  0.20000000E+01  0.86164364E-02
  0.23999999E+00  0.00000000E+00  0.15569448E-04
  0.23999999E+00  0.20000000E-01  0.10215273E-03
  0.23999999E+00  0.39999999E-01  0.18069704E-03
  0.23999999E+00  0.59999999E-01  0.24998786E-03
  0.23999999E+00  0.79999998E-01  0.30902303E-03
  0.23999999E+00  0.99999998E-01  0.35724486E-03
  0.23999999E+00  0.12000000E+00  0.39489868E-03
  0.23999999E+00  0.14000000E+00  0.42362850E-03
  0.23999999E+00  0.16000000E+00  0.44758144E-03
  0.23999999E+00  0.18000000E+00  0.47422098E-03
  0.23999999E+00  0.20000000E+00  0.55008234E-03
  0.23999999E+00  0.22000000E+00  0.63887642E-03
  0.23999999E+00  0.23999999E+00  0.73257107E-03
  0.23999999E+00  0.25999999E+00  0.83071988E-03
  0.23999999E+00  0.27999999E+00  0.93285841E-03
  0.23999999E+00  0.29999999E+00  0.10385131E-02
  0.23999999E+00  0.31999999E+00  0.11472114E-02
  0.23999999E+00  0.33999999E+00  0.12584921E-02
  0.23999999E+00  0.35999999E+00  0.13719173E-02
  0.23999999E+00  0.37999999E+00  0.14870841E-02
  0.23999999E+00  0.39999999E+00  0.16036368E-02
  0.23999999E+00  0.41999999E+00  0.17212789E-02
  0.23999999E+00  0.43999999E+00  0.18397848E-02
  0.23999999E+00  0.45999999E+00  0.19590089E-02
  0.23999999E+00  0.47999999E+00  0.20788926E-02
  0.23999999E+00  0.49999999E+00  0.21994668E-02
  0.23999999E+00  0.51999999E+00  0.23208472E-02
  0.23999999E+00  0.53999999E+00  0.24432197E-02
  0.23999999E+00  0.55999999E+00  0.25668106E-02
  0.23999999E+00  0.57999999E+00  0.26918341E-02
  0.23999999E+00  0.59999999E+00  0.28184068E-02
  0.23999999E+00  0.61999999E+00  0.29464112E-02
  0.23999999E+00  0.63999999E+00  0.30752791E-02
  0.23999999E+00  0.65999999E+00  0.32036438E-02
  0.23999999E+00  0.67999998E+00  0.33287628E-02
  0.23999999E+00  0.69999998E+00  0.34455021E-02
  0.23999999E+00  0.71999998E+00  0.35443684E-02
  0.23999999E+00  0.73999998E+00  0.36070494E-02
  0.23999999E+00  0.75999998E+00  0.35930317E-02
  0.23999999E+00  0.77999998E+00  0.33605866E-02
  0.23999999E+00  0.79999998E+00  0.30014767E-02
  0.23999999E+00  0.81999998E+00  0.31439628E-02
  0.23999999E+00  0.83999998E+00  0.32879434E-02
  0.23999999E+00  0.85999998E+00  0.34330757E-02
  0.23999999E+00  0.87999998E+00  0.35789869E-02
  0.23999999E+00  0.89999998E+00  0.37252720E-02
  0.23999999E+00  0.91999998E+00  0.38714916E-02
  0.23999999E+00  0.93999998E+00  0.40171685E-02
  0.23999999E+00  0.95999998E+00  0.41617839E-02
  0.23999999E+00  0.97999998E+00  0.43047733E-02
  0.23999999E+00  0.99999998E+00  0.44455209E-02
  0.23999999E+00  0.10200000E+01  0.45833535E-02
  0.23999999E+00  0.10400000E+01  0.47175334E-02
  0.23999999E+00  0.10600000E+01  0.48472504E-02
  0.23999999E+00  0.10800000E+01  0.49716126E-02
  0.23999999E+00  0.11000000E+01  0.50896369E-02
  0.23999999E+00  0.11200000E+01  0.52002385E-02
  0.23999999E+00  0.11400000E+01  0.53022200E-02
  0.23999999E+00  0.11600000E+01  0.53942607E-02
  0.23999999E+00  0.11800000E+01  0.54749062E-02
  0.23999999E+00  0.12000000E+01  0.55425591E-02
  0.23999999E+00  0.12200000E+01  0.55954700E-02
  0.23999999E+00  0.12400000E+01  0.56317292E-02
  0.23999999E+00  0.12600000E+01  0.56492535E-02
  0.23999999E+00  0.12800000E+01  0.56457558E-02
  0.23999999E+00  0.13000000E+01  0.56186606E-02
  0.23999999E+00  0.13200000E+01  0.55648521E-02
  0.23999999E+00  0.13400000E+01  0.54798623E-02
  0.23999999E+00  0.13600000E+01  0.53547655E-02
  0.23999999E+00  0.13800000E+01  0.51575751E-02
  0.23999999E+00  0.14000000E+01  0.48404740E-02
  0.23999999E+00  0.14200000E+01  0.49682744E-02
  0.23999999E+00  0.14400000E+01  0.50991093E-02
  0.23999999E+00  0.14600000E+01  0.52333990E-02
  0.23999999E+00  0.14800000E+01  0.53715697E-02
  0.23999999E+00  0.15000000E+01  0.55140407E-02
  0.23999999E+00  0.15200000E+01  0.56612097E-02
  0.23999999E+00  0.15400000E+01  0.58134344E-02
  0.23999999E+00  0.15600000E+01  0.59710118E-02
  0.23999999E+00  0.15800000E+01  0.61341535E-02
  0.23999999E+00  0.16000000E+01  0.63029582E-02
  0.23999999E+00  0.16200000E+01  0.64773803E-02
  0.23999999E+00  0.16400000E+01  0.66571949E-02
  0.23999999E+00  0.16600000E+01  0.68419590E-02
  0.23999999E+00  0.16800000E+01  0.70309699E-02
  0.23999999E+00  0.17000000E+01  0.72232206E-02
  0.23999999E+00  0.17200000E+01  0.74173518E-02
  0.23999999E+00  0.17400000E+01  0.76116042E-02
  0.23999999E+00  0.17600000E+01  0.78037685E-02
  0.23999999E+00  0.17800000E+01  0.79911382E-02
  0.23999999E+00  0.18000000E+01  0.81704644E-02
  0.23999999E+00  0.18200000E+01  0.83379158E-02
  0.23999999E+00  0.18400000E+01  0.84890442E-02
  0.23999999E+00  0.18600000E+01  0.86187545E-02
  0.23999999E+00  0.18800000E+01  0.87212691E-02
  0.23999999E+00  0.19000000E+01  0.87900520E-02
  0.23999999E+00  0.19200000E+01  0.88175861E-02
  0.23999999E+00  0.19400000E+01  0.87946370E-02
  0.23999999E+00  0.19600000E+01  0.87074981E-02
  0.23999999E+00  0.19800000E+01  0.85238793E-02
  0.23999999E+00  0.20000000E+01  0.79889023E-02
  0.25999999E+00  0.00000000E+00  0.19601389E-04
  0.25999999E+00  0.20000000E-01  0.10986315E-03
  0.25999999E+00  0.39999999E-01  0.18953218E-03
  0.25999999E+00  0.59999999E-01  0.25757915E-03
  0.25999999E+00  0.79999998E-01  0.31334758E-03
  0.25999999E+00  0.99999998E-01  0.35686395E-03
  0.25999999E+00  0.12000000E+00  0.38932265E-03
  0.25999999E+00  0.14000000E+00  0.41384028E-03
  0.25999999E+00  0.16000000E+00  0.43314451E-03
  0.25999999E+00  0.18000000E+00  0.50246018E-03
  0.25999999E+00  0.20000000E+00  0.58781578E-03
  0.25999999E+00  0.22000000E+00  0.67786599E-03
  0.25999999E+00  0.23999999E+00  0.77213105E-03
  0.25999999E+00  0.25999999E+00  0.87011338E-03
  0.25999999E+00  0.27999999E+00  0.97130838E-03
  0.25999999E+00  0.29999999E+00  0.10752165E-02
  0.25999999E+00  0.31999999E+00  0.11813561E-02
  0.25999999E+00  0.33999999E+00  0.12892778E-02
  0.25999999E+00  0.35999999E+00  0.13985788E-02
  0.25999999E+00  0.37999999E+00  0.15089181E-02
  0.25999999E+00  0.39999999E+00  0.16200317E-02
  0.25999999E+00  0.41999999E+00  0.17317470E-02
  0.25999999E+00  0.43999999E+00  0.18439958E-02
  0.25999999E+00  0.45999999E+00  0.19568244E-02
  0.25999999E+00  0.47999999E+00  0.20703990E-02
  0.25999999E+00  0.49999999E+00  0.21850045E-02
  0.25999999E+00  0.51999999E+00  0.23010327E-02
  0.25999999E+00  0.53999999E+00  0.24189539E-02
  0.25999999E+00  0.55999999E+00  0.25392669E-02
  0.25999999E+00  0.57999999E+00  0.26624136E-02
  0.25999999E+00  0.59999999E+00  0.27886410E-02
  0.25999999E+00  0.61999999E+00  0.29177826E-02
  0.25999999E+00  0.63999999E+00  0.30489060E-02
  0.25999999E+00  0.65999999E+00  0.31797296E-02
  0.25999999E+00  0.67999998E+00  0.33056028E-02
  0.25999999E+00  0.69999998E+00  0.34175472E-02
  0.25999999E+00  0.71999998E+00  0.34978647E-02
  0.25999999E+00  0.73999998E+00  0.35071231E-02
  0.25999999E+00  0.75999998E+00  0.33083832E-02
  0.25999999E+00  0.77999998E+00  0.29790829E-02
  0.25999999E+00  0.79999998E+00  0.31212204E-02
  0.25999999E+00  0.81999998E+00  0.32652109E-02
  0.25999999E+00  0.83999998E+00  0.34107816E-02
  0.25999999E+00  0.85999998E+00  0.35576272E-02
  0.25999999E+00  0.87999998E+00  0.37054053E-02
  0.25999999E+00  0.89999998E+00  0.38537309E-02
  0.25999999E+00  0.91999998E+00  0.40021699E-02
  0.25999999E+00  0.93999998E+00  0.41502313E-02
  0.25999999E+00  0.95999998E+00  0.42973584E-02
  0.25999999E+00  0.97999998E+00  0.44429187E-02
  0.25999999E+00  0.99999998E+00  0.45861923E-02
  0.25999999E+00  0.10200000E+01  0.47263592E-02
  0.25999999E+00  0.10400000E+01  0.48624853E-02
  0.25999999E+00  0.10600000E+01  0.49935080E-02
  0.25999999E+00  0.10800000E+01  0.51182204E-02
  0.25999999E+00  0.11000000E+01  0.52352566E-02
  0.25999999E+00  0.11200000E+01  0.53430770E-02
  0.25999999E+00  0.11400000E+01  0.54399568E-02
  0.25999999E+00  0.11600000E+01  0.55239780E-02
  0.25999999E+00  0.11800000E+01  0.55930281E-02
  0.25999999E+00  0.12000000E+01  0.56448081E-02
  0.25999999E+00  0.12200000E+01  0.56768531E-02
  0.25999999E+00  0.12400000E+01  0.56865690E-02
  0.25999999E+00  0.12600000E+01  0.56712846E-02
  0.25999999E+00  0.12800000E+01  0.56283045E-02
  0.25999999E+00  0.13000000E+01  0.55548994E-02
  0.25999999E+00  0.13200000E+01  0.54479623E-02
  0.25999999E+00  0.13400000E+01  0.53019973E-02
  0.25999999E+00  0.13600000E+01  0.50945013E-02
  0.25999999E+00  0.13800000E+01  0.48044870E-02
  0.25999999E+00  0.14000000E+01  0.49294591E-02
  0.25999999E+00  0.14200000E+01  0.50567867E-02
  0.25999999E+00  0.14400000E+01  0.51868379E-02
  0.25999999E+00  0.14600000E+01  0.53199921E-02
  0.25999999E+00  0.14800000E+01  0.54566298E-02
  0.25999999E+00  0.15000000E+01  0.55971199E-02
  0.25999999E+00  0.15200000E+01  0.57418043E-02
  0.25999999E+00  0.15400000E+01  0.58909801E-02
  0.25999999E+00  0.15600000E+01  0.60448789E-02
  0.25999999E+00  0.15800000E+01  0.62036423E-02
  0.25999999E+00  0.16000000E+01  0.63672955E-02
  0.25999999E+00  0.16200000E+01  0.65357166E-02
  0.25999999E+00  0.16400000E+01  0.67086033E-02
  0.25999999E+00  0.16600000E+01  0.68854359E-02
  0.25999999E+00  0.16800000E+01  0.70654379E-02
  0.25999999E+00  0.17000000E+01  0.72475334E-02
  0.25999999E+00  0.17200000E+01  0.74303029E-02
  0.25999999E+00  0.17400000E+01  0.76119369E-02
  0.25999999E+00  0.17600000E+01  0.77901884E-02
  0.25999999E+00  0.17800000E+01  0.79623254E-02
  0.25999999E+00  0.18000000E+01  0.81250808E-02
  0.25999999E+00  0.18200000E+01  0.82746008E-02
  0.25999999E+00  0.18400000E+01  0.84063813E-02
  0.25999999E+00  0.18600000E+01  0.85151768E-02
  0.25999999E+00  0.18800000E+01  0.85948295E-02
  0.25999999E+00  0.19000000E+01  0.86378810E-02
  0.25999999E+00  0.19200000E+01  0.86345255E-02
  0.25999999E+00  0.19400000E+01  0.85691864E-02
  0.25999999E+00  0.19600000E+01  0.84044026E-02
  0.25999999E+00  0.19800000E+01  0.78592296E-02
  0.25999999E+00  0.20000000E+01  0.80186634E-02
  0.27999999E+00  0.00000000E+00  0.24510680E-04
  0.27999999E+00  0.20000000E-01  0.11686713E-03
  0.27999999E+00  0.39999999E-01  0.19624081E-03
  0.27999999E+00  0.59999999E-01  0.26190301E-03
  0.27999999E+00  0.79999998E-01  0.31367154E-03
  0.27999999E+00  0.99999998E-01  0.35226795E-03
  0.27999999E+00  0.12000000E+00  0.37968714E-03
  0.27999999E+00  0.14000000E+00  0.39369824E-03
  0.27999999E+00  0.16000000E+00  0.45709906E-03
  0.27999999E+00  0.18000000E+00  0.53948917E-03
  0.27999999E+00  0.20000000E+00  0.62640003E-03
  0.27999999E+00  0.22000000E+00  0.71732764E-03
  0.27999999E+00  0.23999999E+00  0.81174896E-03
  0.27999999E+00  0.25999999E+00  0.90913427E-03
  0.27999999E+00  0.27999999E+00  0.10089608E-02
  0.27999999E+00  0.29999999E+00  0.11107275E-02
  0.27999999E+00  0.31999999E+00  0.12139713E-02
  0.27999999E+00  0.33999999E+00  0.13182839E-02
  0.27999999E+00  0.35999999E+00  0.14233294E-02
  0.27999999E+00  0.37999999E+00  0.15288620E-02
  0.27999999E+00  0.39999999E+00  0.16347430E-02
  0.27999999E+00  0.41999999E+00  0.17409568E-02
  0.27999999E+00  0.43999999E+00  0.18476240E-02
  0.27999999E+00  0.45999999E+00  0.19550096E-02
  0.27999999E+00  0.47999999E+00  0.20635245E-02
  0.27999999E+00  0.49999999E+00  0.21737163E-02
  0.27999999E+00  0.51999999E+00  0.22862438E-02
  0.27999999E+00  0.53999999E+00  0.24018284E-02
  0.27999999E+00  0.55999999E+00  0.25211700E-02
  0.27999999E+00  0.57999999E+00  0.26448104E-02
  0.27999999E+00  0.59999999E+00  0.27729140E-02
  0.27999999E+00  0.61999999E+00  0.29049152E-02
  0.27999999E+00  0.63999999E+00  0.30389358E-02
  0.27999999E+00  0.65999999E+00  0.31707701E-02
  0.27999999E+00  0.67999998E+00  0.32919507E-02
  0.27999999E+00  0.69999998E+00  0.33854488E-02
  0.27999999E+00  0.71999998E+00  0.34130685E-02
  0.27999999E+00  0.73999998E+00  0.32429425E-02
  0.27999999E+00  0.75999998E+00  0.29403524E-02
  0.27999999E+00  0.77999998E+00  0.30808752E-02
  0.27999999E+00  0.79999998E+00  0.32235648E-02
  0.27999999E+00  0.81999998E+00  0.33682327E-02
  0.27999999E+00  0.83999998E+00  0.35146581E-02
  0.27999999E+00  0.85999998E+00  0.36625810E-02
  0.27999999E+00  0.87999998E+00  0.38116936E-02
  0.27999999E+00  0.89999998E+00  0.39616302E-02
  0.27999999E+00  0.91999998E+00  0.41119557E-02
  0.27999999E+00  0.93999998E+00  0.42621521E-02
  0.27999999E+00  0.95999998E+00  0.44116032E-02
  0.27999999E+00  0.97999998E+00  0.45595780E-02
  0.27999999E+00  0.99999998E+00  0.47052118E-02
  0.27999999E+00  0.10200000E+01  0.48474860E-02
  0.27999999E+00  0.10400000E+01  0.49852074E-02
  0.27999999E+00  0.10600000E+01  0.51169865E-02
  0.27999999E+00  0.10800000E+01  0.52412169E-02
  0.27999999E+00  0.11000000E+01  0.53560570E-02
  0.27999999E+00  0.11200000E+01  0.54594160E-02
  0.27999999E+00  0.11400000E+01  0.55489474E-02
  0.27999999E+00  0.11600000E+01  0.56220541E-02
  0.27999999E+00  0.11800000E+01  0.56759117E-02
  0.27999999E+00  0.12000000E+01  0.57075164E-02
  0.27999999E+00  0.12200000E+01  0.57137690E-02
  0.27999999E+00  0.12400000E+01  0.56916065E-02
  0.27999999E+00  0.12600000E+01  0.56381900E-02
  0.27999999E+00  0.12800000E+01  0.55511339E-02
  0.27999999E+00  0.13000000E+01  0.54286301E-02
  0.27999999E+00  0.13200000E+01  0.52685472E-02
  0.27999999E+00  0.13400000E+01  0.50579499E-02
  0.27999999E+00  0.13600000E+01  0.48024712E-02
  0.27999999E+00  0.13800000E+01  0.49264799E-02
  0.27999999E+00  0.14000000E+01  0.50520703E-02
  0.27999999E+00  0.14200000E+01  0.51795210E-02
  0.27999999E+00  0.14400000E+01  0.53091256E-02
  0.27999999E+00  0.14600000E+01  0.54411845E-02
  0.27999999E+00  0.14800000E+01  0.55759954E-02
  0.27999999E+00  0.15000000E+01  0.57138414E-02
  0.27999999E+00  0.15200000E+01  0.58549774E-02
  0.27999999E+00  0.15400000E+01  0.59996133E-02
  0.27999999E+00  0.15600000E+01  0.61478963E-02
  0.27999999E+00  0.15800000E+01  0.62998887E-02
  0.27999999E+00  0.16000000E+01  0.64555448E-02
  0.27999999E+00  0.16200000E+01  0.66146841E-02
  0.27999999E+00  0.16400000E+01  0.67769618E-02
  0.27999999E+00  0.16600000E+01  0.69418370E-02
  0.27999999E+00  0.16800000E+01  0.71085375E-02
  0.27999999E+00  0.17000000E+01  0.72760222E-02
  0.27999999E+00  0.17200000E+01  0.74429401E-02
  0.27999999E+00  0.17400000E+01  0.76075849E-02
  0.27999999E+00  0.17600000E+01  0.77678454E-02
  0.27999999E+00  0.17800000E+01  0.79211466E-02
  0.27999999E+00  0.18000000E+01  0.80643770E-02
  0.27999999E+00  0.18200000E+01  0.81937860E-02
  0.27999999E+00  0.18400000E+01  0.83048251E-02
  0.27999999E+00  0.18600000E+01  0.83918586E-02
  0.27999999E+00  0.18800000E+01  0.84475674E-02
  0.27999999E+00  0.19000000E+01  0.84615094E-02
  0.27999999E+00  0.19200000E+01  0.84158360E-02
  0.27999999E+00  0.19400000E+01  0.82665675E-02
  0.27999999E+00  0.19600000E+01  0.76984418E-02
  0.27999999E+00  0.19800000E+01  0.78656465E-02
  0.27999999E+00  0.20000000E+01  0.80323235E-02
  0.29999999E+00  0.00000000E+00  0.30675184E-04
  0.29999999E+00  0.20000000E-01  0.12359402E-03
  0.29999999E+00  0.39999999E-01  0.20137423E-03
  0.29999999E+00  0.59999999E-01  0.26365494E-03
  0.29999999E+00  0.79999998E-01  0.31070282E-03
  0.29999999E+00  0.99999998E-01  0.34339246E-03
  0.29999999E+00  0.12000000E+00  0.35472164E-03
  0.29999999E+00  0.14000000E+00  0.41318923E-03
  0.29999999E+00  0.16000000E+00  0.49313579E-03
  0.29999999E+00  0.18000000E+00  0.57745041E-03
  0.29999999E+00  0.20000000E+00  0.66561514E-03
  0.29999999E+00  0.22000000E+00  0.75709090E-03
  0.29999999E+00  0.23999999E+00  0.85133079E-03
  0.29999999E+00  0.25999999E+00  0.94779494E-03
  0.29999999E+00  0.27999999E+00  0.10459668E-02
  0.29999999E+00  0.29999999E+00  0.11453707E-02
  0.29999999E+00  0.31999999E+00  0.12455906E-02
  0.29999999E+00  0.33999999E+00  0.13462895E-02
  0.29999999E+00  0.35999999E+00  0.14472289E-02
  0.29999999E+00  0.37999999E+00  0.15482888E-02
  0.29999999E+00  0.39999999E+00  0.16494850E-02
  0.29999999E+00  0.41999999E+00  0.17509850E-02
  0.29999999E+00  0.43999999E+00  0.18531187E-02
  0.29999999E+00  0.45999999E+00  0.19563824E-02
  0.29999999E+00  0.47999999E+00  0.20614315E-02
  0.29999999E+00  0.49999999E+00  0.21690578E-02
  0.29999999E+00  0.51999999E+00  0.22801431E-02
  0.29999999E+00  0.53999999E+00  0.23955768E-02
  0.29999999E+00  0.55999999E+00  0.25161220E-02
  0.29999999E+00  0.57999999E+00  0.26421977E-02
  0.29999999E+00  0.59999999E+00  0.27735303E-02
  0.29999999E+00  0.61999999E+00  0.29085765E-02
  0.29999999E+00  0.63999999E+00  0.30435235E-02
  0.29999999E+00  0.65999999E+00  0.31703919E-02
  0.29999999E+00  0.67999998E+00  0.32728513E-02
  0.29999999E+00  0.69999998E+00  0.33140544E-02
  0.29999999E+00  0.71999998E+00  0.31673691E-02
  0.29999999E+00  0.73999998E+00  0.28881688E-02
  0.29999999E+00  0.75999998E+00  0.30259634E-02
  0.29999999E+00  0.77999998E+00  0.31661700E-02
  0.29999999E+00  0.79999998E+00  0.33086934E-02
  0.29999999E+00  0.81999998E+00  0.34534091E-02
  0.29999999E+00  0.83999998E+00  0.36001539E-02
  0.29999999E+00  0.85999998E+00  0.37487146E-02
  0.29999999E+00  0.87999998E+00  0.38988147E-02
  0.29999999E+00  0.89999998E+00  0.40500987E-02
  0.29999999E+00  0.91999998E+00  0.42021144E-02
  0.29999999E+00  0.93999998E+00  0.43542928E-02
  0.29999999E+00  0.95999998E+00  0.45059254E-02
  0.29999999E+00  0.97999998E+00  0.46561400E-02
  0.29999999E+00  0.99999998E+00  0.48038741E-02
  0.29999999E+00  0.10200000E+01  0.49478470E-02
  0.29999999E+00  0.10400000E+01  0.50865328E-02
  0.29999999E+00  0.10600000E+01  0.52181329E-02
  0.29999999E+00  0.10800000E+01  0.53405535E-02
  0.29999999E+00  0.11000000E+01  0.54513880E-02
  0.29999999E+00  0.11200000E+01  0.55479113E-02
  0.29999999E+00  0.11400000E+01  0.56270896E-02
  0.29999999E+00  0.11600000E+01  0.56856163E-02
  0.29999999E+00  0.11800000E+01  0.57199850E-02
  0.29999999E+00  0.12000000E+01  0.57266163E-02
  0.29999999E+00  0.12200000E+01  0.57020637E-02
  0.29999999E+00  0.12400000E+01  0.56433280E-02
  0.29999999E+00  0.12600000E+01  0.55483137E-02
  0.29999999E+00  0.12800000E+01  0.54164023E-02
  0.29999999E+00  0.13000000E+01  0.52486309E-02
  0.29999999E+00  0.13200000E+01  0.50413121E-02
  0.29999999E+00  0.13400000E+01  0.48254399E-02
  0.29999999E+00  0.13600000E+01  0.49502729E-02
  0.29999999E+00  0.13800000E+01  0.50758909E-02
  0.29999999E+00  0.14000000E+01  0.52024535E-02
  0.29999999E+00  0.14200000E+01  0.53301353E-02
  0.29999999E+00  0.14400000E+01  0.54591213E-02
  0.29999999E+00  0.14600000E+01  0.55896006E-02
  0.29999999E+00  0.14800000E+01  0.57217583E-02
  0.29999999E+00  0.15000000E+01  0.58557668E-02
  0.29999999E+00  0.15200000E+01  0.59917751E-02
  0.29999999E+00  0.15400000E+01  0.61298964E-02
  0.29999999E+00  0.15600000E+01  0.62701939E-02
  0.29999999E+00  0.15800000E+01  0.64126653E-02
  0.29999999E+00  0.16000000E+01  0.65572247E-02
  0.29999999E+00  0.16200000E+01  0.67036826E-02
  0.29999999E+00  0.16400000E+01  0.68517235E-02
  0.29999999E+00  0.16600000E+01  0.70008804E-02
  0.29999999E+00  0.16800000E+01  0.71505064E-02
  0.29999999E+00  0.17000000E+01  0.72997407E-02
  0.29999999E+00  0.17200000E+01  0.74474683E-02
  0.29999999E+00  0.17400000E+01  0.75922691E-02
  0.29999999E+00  0.17600000E+01  0.77323513E-02
  0.29999999E+00  0.17800000E+01  0.78654560E-02
  0.29999999E+00  0.18000000E+01  0.79887131E-02
  0.29999999E+00  0.18200000E+01  0.80984056E-02
  0.29999999E+00  0.18400000E+01  0.81895476E-02
  0.29999999E+00  0.18600000E+01  0.82550498E-02
  0.29999999E+00  0.18800000E+01  0.82838285E-02
  0.29999999E+00  0.19000000E+01  0.82555302E-02
  0.29999999E+00  0.19200000E+01  0.81187756E-02
  0.29999999E+00  0.19400000E+01  0.75184572E-02
  0.29999999E+00  0.19600000E+01  0.76913764E-02
  0.29999999E+00  0.19800000E+01  0.78648316E-02
  0.29999999E+00  0.20000000E+01  0.80379487E-02
  0.31999999E+00  0.00000000E+00  0.38578545E-04
  0.31999999E+00  0.20000000E-01  0.13060191E-03
  0.31999999E+00  0.39999999E-01  0.20553175E-03
  0.31999999E+00  0.59999999E-01  0.26322246E-03
  0.31999999E+00  0.79999998E-01  0.30348832E-03
  0.31999999E+00  0.99999998E-01  0.31498716E-03
  0.31999999E+00  0.12000000E+00  0.36970804E-03
  0.31999999E+00  0.14000000E+00  0.44777586E-03
  0.31999999E+00  0.16000000E+00  0.53006678E-03
  0.31999999E+00  0.18000000E+00  0.61605980E-03
  0.31999999E+00  0.20000000E+00  0.70521016E-03
  0.31999999E+00  0.22000000E+00  0.79696326E-03
  0.31999999E+00  0.23999999E+00  0.89077028E-03
  0.31999999E+00  0.25999999E+00  0.98610538E-03
  0.31999999E+00  0.27999999E+00  0.10824842E-02
  0.31999999E+00  0.29999999E+00  0.11794840E-02
  0.31999999E+00  0.31999999E+00  0.12767640E-02
  0.31999999E+00  0.33999999E+00  0.13740866E-02
  0.31999999E+00  0.35999999E+00  0.14713387E-02
  0.31999999E+00  0.37999999E+00  0.15685508E-02
  0.31999999E+00  0.39999999E+00  0.16659146E-02
  0.31999999E+00  0.41999999E+00  0.17637953E-02
  0.31999999E+00  0.43999999E+00  0.18627376E-02
  0.31999999E+00  0.45999999E+00  0.19634608E-02
  0.31999999E+00  0.47999999E+00  0.20668376E-02
  0.31999999E+00  0.49999999E+00  0.21738501E-02
  0.31999999E+00  0.51999999E+00  0.22855105E-02
  0.31999999E+00  0.53999999E+00  0.24027295E-02
  0.31999999E+00  0.55999999E+00  0.25261037E-02
  0.31999999E+00  0.57999999E+00  0.26555727E-02
  0.31999999E+00  0.59999999E+00  0.27898543E-02
  0.31999999E+00  0.61999999E+00  0.29254668E-02
  0.31999999E+00  0.63999999E+00  0.30548829E-02
  0.31999999E+00  0.65999999E+00  0.31624787E-02
  0.31999999E+00  0.67999998E+00  0.32128348E-02
  0.31999999E+00  0.69999998E+00  0.30846382E-02
  0.31999999E+00  0.71999998E+00  0.28255701E-02
  0.31999999E+00  0.73999998E+00  0.29597273E-02
  0.31999999E+00  0.75999998E+00  0.30964581E-02
  0.31999999E+00  0.77999998E+00  0.32357642E-02
  0.31999999E+00  0.79999998E+00  0.33776237E-02
  0.31999999E+00  0.81999998E+00  0.35219792E-02
  0.31999999E+00  0.83999998E+00  0.36687240E-02
  0.31999999E+00  0.85999998E+00  0.38176857E-02
  0.31999999E+00  0.87999998E+00  0.39686070E-02
  0.31999999E+00  0.89999998E+00  0.41211240E-02
  0.31999999E+00  0.91999998E+00  0.42747407E-02
  0.31999999E+00  0.93999998E+00  0.44288017E-02
  0.31999999E+00  0.95999998E+00  0.45824619E-02
  0.31999999E+00  0.97999998E+00  0.47346535E-02
  0.31999999E+00  0.99999998E+00  0.48840523E-02
  0.31999999E+00  0.10200000E+01  0.50290433E-02
  0.31999999E+00  0.10400000E+01  0.51676878E-02
  0.31999999E+00  0.10600000E+01  0.52976950E-02
  0.31999999E+00  0.10800000E+01  0.54164012E-02
  0.31999999E+00  0.11000000E+01  0.55207629E-02
  0.31999999E+00  0.11200000E+01  0.56073698E-02
  0.31999999E+00  0.11400000E+01  0.56724917E-02
  0.31999999E+00  0.11600000E+01  0.57121717E-02
  0.31999999E+00  0.11800000E+01  0.57223920E-02
  0.31999999E+00  0.12000000E+01  0.56993449E-02
  0.31999999E+00  0.12200000E+01  0.56398629E-02
  0.31999999E+00  0.12400000E+01  0.55420821E-02
  0.31999999E+00  0.12600000E+01  0.54064305E-02
  0.31999999E+00  0.12800000E+01  0.52368158E-02
  0.31999999E+00  0.13000000E+01  0.50381471E-02
  0.31999999E+00  0.13200000E+01  0.48646700E-02
  0.31999999E+00  0.13400000E+01  0.49919251E-02
  0.31999999E+00  0.13600000E+01  0.51192063E-02
  0.31999999E+00  0.13800000E+01  0.52465315E-02
  0.31999999E+00  0.14000000E+01  0.53739313E-02
  0.31999999E+00  0.14200000E+01  0.55014469E-02
  0.31999999E+00  0.14400000E+01  0.56291276E-02
  0.31999999E+00  0.14600000E+01  0.57570271E-02
  0.31999999E+00  0.14800000E+01  0.58852003E-02
  0.31999999E+00  0.15000000E+01  0.60136981E-02
  0.31999999E+00  0.15200000E+01  0.61425630E-02
  0.31999999E+00  0.15400000E+01  0.62718222E-02
  0.31999999E+00  0.15600000E+01  0.64014817E-02
  0.31999999E+00  0.15800000E+01  0.65315179E-02
  0.31999999E+00  0.16000000E+01  0.66618686E-02
  0.31999999E+00  0.16200000E+01  0.67924219E-02
  0.31999999E+00  0.16400000E+01  0.69230025E-02
  0.31999999E+00  0.16600000E+01  0.70533536E-02
  0.31999999E+00  0.16800000E+01  0.71831131E-02
  0.31999999E+00  0.17000000E+01  0.73117798E-02
  0.31999999E+00  0.17200000E+01  0.74386633E-02
  0.31999999E+00  0.17400000E+01  0.75628106E-02
  0.31999999E+00  0.17600000E+01  0.76828889E-02
  0.31999999E+00  0.17800000E+01  0.77969985E-02
  0.31999999E+00  0.18000000E+01  0.79023567E-02
  0.31999999E+00  0.18200000E+01  0.79947336E-02
  0.31999999E+00  0.18400000E+01  0.80673630E-02
  0.31999999E+00  0.18600000E+01  0.81085651E-02
  0.31999999E+00  0.18800000E+01  0.80954019E-02
  0.31999999E+00  0.19000000E+01  0.79686535E-02
  0.31999999E+00  0.19200000E+01  0.73304376E-02
  0.31999999E+00  0.19400000E+01  0.75068309E-02
  0.31999999E+00  0.19600000E+01  0.76847872E-02
  0.31999999E+00  0.19800000E+01  0.78634428E-02
  0.31999999E+00  0.20000000E+01  0.80418237E-02
  0.33999999E+00  0.00000000E+00  0.48689793E-04
  0.33999999E+00  0.20000000E-01  0.13829608E-03
  0.33999999E+00  0.39999999E-01  0.20868822E-03
  0.33999999E+00  0.59999999E-01  0.25871102E-03
  0.33999999E+00  0.79999998E-01  0.27322561E-03
  0.33999999E+00  0.99999998E-01  0.32548187E-03
  0.33999999E+00  0.12000000E+00  0.40227898E-03
  0.33999999E+00  0.14000000E+00  0.48314740E-03
  0.33999999E+00  0.16000000E+00  0.56757386E-03
  0.33999999E+00  0.18000000E+00  0.65501866E-03
  0.33999999E+00  0.20000000E+00  0.74492986E-03
  0.33999999E+00  0.22000000E+00  0.83675918E-03
  0.33999999E+00  0.23999999E+00  0.92997962E-03
  0.33999999E+00  0.25999999E+00  0.10241046E-02
  0.33999999E+00  0.27999999E+00  0.11187082E-02
  0.33999999E+00  0.29999999E+00  0.12134471E-02
  0.33999999E+00  0.31999999E+00  0.13080817E-02
  0.33999999E+00  0.33999999E+00  0.14024987E-02
  0.33999999E+00  0.35999999E+00  0.14967311E-02
  0.33999999E+00  0.37999999E+00  0.15909766E-02
  0.33999999E+00  0.39999999E+00  0.16856116E-02
  0.33999999E+00  0.41999999E+00  0.17811978E-02
  0.33999999E+00  0.43999999E+00  0.18784791E-02
  0.33999999E+00  0.45999999E+00  0.19783623E-02
  0.33999999E+00  0.47999999E+00  0.20818746E-02
  0.33999999E+00  0.49999999E+00  0.21900877E-02
  0.33999999E+00  0.51999999E+00  0.23039901E-02
  0.33999999E+00  0.53999999E+00  0.24242799E-02
  0.33999999E+00  0.55999999E+00  0.25510319E-02
  0.33999999E+00  0.57999999E+00  0.26831490E-02
  0.33999999E+00  0.59999999E+00  0.28174140E-02
  0.33999999E+00  0.61999999E+00  0.29467061E-02
  0.33999999E+00  0.63999999E+00  0.30561013E-02
  0.33999999E+00  0.65999999E+00  0.31116619E-02
  0.33999999E+00  0.67999998E+00  0.29974278E-02
  0.33999999E+00  0.69999998E+00  0.27554913E-02
  0.33999999E+00  0.71999998E+00  0.28853323E-02
  0.33999999E+00  0.73999998E+00  0.30178180E-02
  0.33999999E+00  0.75999998E+00  0.31530460E-02
  0.33999999E+00  0.77999998E+00  0.32910979E-02
  0.33999999E+00  0.79999998E+00  0.34320253E-02
  0.33999999E+00  0.81999998E+00  0.35758344E-02
  0.33999999E+00  0.83999998E+00  0.37224663E-02
  0.33999999E+00  0.85999998E+00  0.38717747E-02
  0.33999999E+00  0.87999998E+00  0.40235001E-02
  0.33999999E+00  0.89999998E+00  0.41772409E-02
  0.33999999E+00  0.91999998E+00  0.43324202E-02
  0.33999999E+00  0.93999998E+00  0.44882501E-02
  0.33999999E+00  0.95999998E+00  0.46436933E-02
  0.33999999E+00  0.97999998E+00  0.47974231E-02
  0.33999999E+00  0.99999998E+00  0.49477820E-02
  0.33999999E+00  0.10200000E+01  0.50927435E-02
  0.33999999E+00  0.10400000E+01  0.52298779E-02
  0.33999999E+00  0.10600000E+01  0.53563270E-02
  0.33999999E+00  0.10800000E+01  0.54687954E-02
  0.33999999E+00  0.11000000E+01  0.55635658E-02
  0.33999999E+00  0.11200000E+01  0.56365531E-02
  0.33999999E+00  0.11400000E+01  0.56834149E-02
  0.33999999E+00  0.11600000E+01  0.56997495E-02
  0.33999999E+00  0.11800000E+01  0.56814237E-02
  0.33999999E+00  0.12000000E+01  0.56251019E-02
  0.33999999E+00  0.12200000E+01  0.55290932E-02
  0.33999999E+00  0.12400000E+01  0.53947064E-02
  0.33999999E+00  0.12600000E+01  0.52283465E-02
  0.33999999E+00  0.12800000E+01  0.50426057E-02
  0.33999999E+00  0.13000000E+01  0.49122089E-02
  0.33999999E+00  0.13200000E+01  0.50432141E-02
  0.33999999E+00  0.13400000E+01  0.51735710E-02
  0.33999999E+00  0.13600000E+01  0.53031413E-02
  0.33999999E+00  0.13800000E+01  0.54317940E-02
  0.33999999E+00  0.14000000E+01  0.55594058E-02
  0.33999999E+00  0.14200000E+01  0.56858624E-02
  0.33999999E+00  0.14400000E+01  0.58110599E-02
  0.33999999E+00  0.14600000E+01  0.59349061E-02
  0.33999999E+00  0.14800000E+01  0.60573229E-02
  0.33999999E+00  0.15000000E+01  0.61782483E-02
  0.33999999E+00  0.15200000E+01  0.62976394E-02
  0.33999999E+00  0.15400000E+01  0.64154754E-02
  0.33999999E+00  0.15600000E+01  0.65317605E-02
  0.33999999E+00  0.15800000E+01  0.66465272E-02
  0.33999999E+00  0.16000000E+01  0.67598374E-02
  0.33999999E+00  0.16200000E+01  0.68717817E-02
  0.33999999E+00  0.16400000E+01  0.69824745E-02
  0.33999999E+00  0.16600000E+01  0.70920407E-02
  0.33999999E+00  0.16800000E+01  0.72005910E-02
  0.33999999E+00  0.17000000E+01  0.73081749E-02
  0.33999999E+00  0.17200000E+01  0.74147014E-02
  0.33999999E+00  0.17400000E+01  0.75198022E-02
  0.33999999E+00  0.17600000E+01  0.76226022E-02
  0.33999999E+00  0.17800000E+01  0.77213221E-02
  0.33999999E+00  0.18000000E+01  0.78125708E-02
  0.33999999E+00  0.18200000E+01  0.78899950E-02
  0.33999999E+00  0.18400000E+01  0.79414040E-02
  0.33999999E+00  0.18600000E+01  0.79413284E-02
  0.33999999E+00  0.18800000E+01  0.78226634E-02
  0.33999999E+00  0.19000000E+01  0.71441791E-02
  0.33999999E+00  0.19200000E+01  0.73218247E-02
  0.33999999E+00  0.19400000E+01  0.75019580E-02
  0.33999999E+00  0.19600000E+01  0.76837571E-02
  0.33999999E+00  0.19800000E+01  0.78662825E-02
  0.33999999E+00  0.20000000E+01  0.80484841E-02
  0.35999999E+00  0.00000000E+00  0.61123399E-04
  0.35999999E+00  0.20000000E-01  0.14614461E-03
  0.35999999E+00  0.39999999E-01  0.20794462E-03
  0.35999999E+00  0.59999999E-01  0.22814094E-03
  0.35999999E+00  0.79999998E-01  0.27923158E-03
  0.35999999E+00  0.99999998E-01  0.35541354E-03
  0.35999999E+00  0.12000000E+00  0.43549351E-03
  0.35999999E+00  0.14000000E+00  0.51897609E-03
  0.35999999E+00  0.16000000E+00  0.60533718E-03
  0.35999999E+00  0.18000000E+00  0.69403806E-03
  0.35999999E+00  0.20000000E+00  0.78454127E-03
  0.35999999E+00  0.22000000E+00  0.87632811E-03
  0.35999999E+00  0.23999999E+00  0.96891783E-03
  0.35999999E+00  0.25999999E+00  0.10618881E-02
  0.35999999E+00  0.27999999E+00  0.11548964E-02
  0.35999999E+00  0.29999999E+00  0.12477023E-02
  0.35999999E+00  0.31999999E+00  0.13401890E-02
  0.35999999E+00  0.33999999E+00  0.14323846E-02
  0.35999999E+00  0.35999999E+00  0.15244803E-02
  0.35999999E+00  0.37999999E+00  0.16168445E-02
  0.35999999E+00  0.39999999E+00  0.17100306E-02
  0.35999999E+00  0.41999999E+00  0.18047741E-02
  0.35999999E+00  0.43999999E+00  0.19019747E-02
  0.35999999E+00  0.45999999E+00  0.20026562E-02
  0.35999999E+00  0.47999999E+00  0.21078923E-02
  0.35999999E+00  0.49999999E+00  0.22186842E-02
  0.35999999E+00  0.51999999E+00  0.23357606E-02
  0.35999999E+00  0.53999999E+00  0.24592563E-02
  0.35999999E+00  0.55999999E+00  0.25881839E-02
  0.35999999E+00  0.57999999E+00  0.27195227E-02
  0.35999999E+00  0.59999999E+00  0.28465077E-02
  0.35999999E+00  0.61999999E+00  0.29548974E-02
  0.35999999E+00  0.63999999E+00  0.30122704E-02
  0.35999999E+00  0.65999999E+00  0.29080248E-02
  0.35999999E+00  0.67999998E+00  0.26805986E-02
  0.35999999E+00  0.69999998E+00  0.28056816E-02
  0.35999999E+00  0.71999998E+00  0.29333901E-02
  0.35999999E+00  0.73999998E+00  0.30639122E-02
  0.35999999E+00  0.75999998E+00  0.31974292E-02
  0.35999999E+00  0.77999998E+00  0.33341003E-02
  0.35999999E+00  0.79999998E+00  0.34740451E-02
  0.35999999E+00  0.81999998E+00  0.36173219E-02
  0.35999999E+00  0.83999998E+00  0.37639024E-02
  0.35999999E+00  0.85999998E+00  0.39136427E-02
  0.35999999E+00  0.87999998E+00  0.40662500E-02
  0.35999999E+00  0.89999998E+00  0.42212456E-02
  0.35999999E+00  0.91999998E+00  0.43779243E-02
  0.35999999E+00  0.93999998E+00  0.45353100E-02
  0.35999999E+00  0.95999998E+00  0.46921101E-02
  0.35999999E+00  0.97999998E+00  0.48466689E-02
  0.35999999E+00  0.99999998E+00  0.49969222E-02
  0.35999999E+00  0.10200000E+01  0.51403584E-02
  0.35999999E+00  0.10400000E+01  0.52739890E-02
  0.35999999E+00  0.10600000E+01  0.53943365E-02
  0.35999999E+00  0.10800000E+01  0.54974504E-02
  0.35999999E+00  0.11000000E+01  0.55789667E-02
  0.35999999E+00  0.11200000E+01  0.56342313E-02
  0.35999999E+00  0.11400000E+01  0.56585234E-02
  0.35999999E+00  0.11600000E+01  0.56474298E-02
  0.35999999E+00  0.11800000E+01  0.55974565E-02
  0.35999999E+00  0.12000000E+01  0.55070285E-02
  0.35999999E+00  0.12200000E+01  0.53781579E-02
  0.35999999E+00  0.12400000E+01  0.52193205E-02
  0.35999999E+00  0.12600000E+01  0.50496809E-02
  0.35999999E+00  0.12800000E+01  0.49611819E-02
  0.35999999E+00  0.13000000E+01  0.50969461E-02
  0.35999999E+00  0.13200000E+01  0.52315050E-02
  0.35999999E+00  0.13400000E+01  0.53645573E-02
  0.35999999E+00  0.13600000E+01  0.54958002E-02
  0.35999999E+00  0.13800000E+01  0.56249332E-02
  0.35999999E+00  0.14000000E+01  0.57516628E-02
  0.35999999E+00  0.14200000E+01  0.58757080E-02
  0.35999999E+00  0.14400000E+01  0.59968078E-02
  0.35999999E+00  0.14600000E+01  0.61147297E-02
  0.35999999E+00  0.14800000E+01  0.62292796E-02
  0.35999999E+00  0.15000000E+01  0.63403139E-02
  0.35999999E+00  0.15200000E+01  0.64477528E-02
  0.35999999E+00  0.15400000E+01  0.65515946E-02
  0.35999999E+00  0.15600000E+01  0.66519315E-02
  0.35999999E+00  0.15800000E+01  0.67489645E-02
  0.35999999E+00  0.16000000E+01  0.68430170E-02
  0.35999999E+00  0.16200000E+01  0.69345430E-02
  0.35999999E+00  0.16400000E+01  0.70241274E-02
  0.35999999E+00  0.16600000E+01  0.71124708E-02
  0.35999999E+00  0.16800000E+01  0.72003479E-02
  0.35999999E+00  0.17000000E+01  0.72885243E-02
  0.35999999E+00  0.17200000E+01  0.73776028E-02
  0.35999999E+00  0.17400000E+01  0.74677528E-02
  0.35999999E+00  0.17600000E+01  0.75582360E-02
  0.35999999E+00  0.17800000E+01  0.76465568E-02
  0.35999999E+00  0.18000000E+01  0.77268566E-02
  0.35999999E+00  0.18200000E+01  0.77865466E-02
  0.35999999E+00  0.18400000E+01  0.77977908E-02
  0.35999999E+00  0.18600000E+01  0.76858954E-02
  0.35999999E+00  0.18800000E+01  0.69677588E-02
  0.35999999E+00  0.19000000E+01  0.71446137E-02
  0.35999999E+00  0.19200000E+01  0.73247274E-02
  0.35999999E+00  0.19400000E+01  0.75073458E-02
  0.35999999E+00  0.19600000E+01  0.76915951E-02
  0.35999999E+00  0.19800000E+01  0.78764869E-02
  0.35999999E+00  0.20000000E+01  0.80609272E-02
  0.37999999E+00  0.00000000E+00  0.74745618E-04
  0.37999999E+00  0.20000000E-01  0.15016827E-03
  0.37999999E+00  0.39999999E-01  0.17841806E-03
  0.37999999E+00  0.59999999E-01  0.22960617E-03
  0.37999999E+00  0.79999998E-01  0.30588232E-03
  0.37999999E+00  0.99999998E-01  0.38584775E-03
  0.37999999E+00  0.12000000E+00  0.46903398E-03
  0.37999999E+00  0.14000000E+00  0.55494228E-03
  0.37999999E+00  0.16000000E+00  0.64305743E-03
  0.37999999E+00  0.18000000E+00  0.73286318E-03
  0.37999999E+00  0.20000000E+00  0.82385931E-03
  0.37999999E+00  0.22000000E+00  0.91558039E-03
  0.37999999E+00  0.23999999E+00  0.10076157E-02
  0.37999999E+00  0.25999999E+00  0.10996302E-02
  0.37999999E+00  0.27999999E+00  0.11913863E-02
  0.37999999E+00  0.29999999E+00  0.12827648E-02
  0.37999999E+00  0.31999999E+00  0.13737855E-02
  0.37999999E+00  0.33999999E+00  0.14646253E-02
  0.37999999E+00  0.35999999E+00  0.15556316E-02
  0.37999999E+00  0.37999999E+00  0.16473299E-02
  0.37999999E+00  0.39999999E+00  0.17404212E-02
  0.37999999E+00  0.41999999E+00  0.18357641E-02
  0.37999999E+00  0.43999999E+00  0.19343367E-02
  0.37999999E+00  0.45999999E+00  0.20371650E-02
  0.37999999E+00  0.47999999E+00  0.21452045E-02
  0.37999999E+00  0.49999999E+00  0.22591494E-02
  0.37999999E+00  0.51999999E+00  0.23791246E-02
  0.37999999E+00  0.53999999E+00  0.25041812E-02
  0.37999999E+00  0.55999999E+00  0.26314281E-02
  0.37999999E+00  0.57999999E+00  0.27544027E-02
  0.37999999E+00  0.59999999E+00  0.28595213E-02
  0.37999999E+00  0.61999999E+00  0.29158996E-02
  0.37999999E+00  0.63999999E+00  0.28182861E-02
  0.37999999E+00  0.65999999E+00  0.26031946E-02
  0.37999999E+00  0.67999998E+00  0.27233060E-02
  0.37999999E+00  0.69999998E+00  0.28459393E-02
  0.37999999E+00  0.71999998E+00  0.29713641E-02
  0.37999999E+00  0.73999998E+00  0.30998537E-02
  0.37999999E+00  0.75999998E+00  0.32316691E-02
  0.37999999E+00  0.77999998E+00  0.33670391E-02
  0.37999999E+00  0.79999998E+00  0.35061376E-02
  0.37999999E+00  0.81999998E+00  0.36490557E-02
  0.37999999E+00  0.83999998E+00  0.37957699E-02
  0.37999999E+00  0.85999998E+00  0.39461054E-02
  0.37999999E+00  0.87999998E+00  0.40996958E-02
  0.37999999E+00  0.89999998E+00  0.42559372E-02
  0.37999999E+00  0.91999998E+00  0.44139401E-02
  0.37999999E+00  0.93999998E+00  0.45724781E-02
  0.37999999E+00  0.95999998E+00  0.47299356E-02
  0.37999999E+00  0.97999998E+00  0.48842579E-02
  0.37999999E+00  0.99999998E+00  0.50329062E-02
  0.37999999E+00  0.10200000E+01  0.51728235E-02
  0.37999999E+00  0.10400000E+01  0.53004203E-02
  0.37999999E+00  0.10600000E+01  0.54115888E-02
  0.37999999E+00  0.10800000E+01  0.55017654E-02
  0.37999999E+00  0.11000000E+01  0.55660635E-02
  0.37999999E+00  0.11200000E+01  0.55995154E-02
  0.37999999E+00  0.11400000E+01  0.55974813E-02
  0.37999999E+00  0.11600000E+01  0.55563260E-02
  0.37999999E+00  0.11800000E+01  0.54745387E-02
  0.37999999E+00  0.12000000E+01  0.53546511E-02
  0.37999999E+00  0.12200000E+01  0.52067519E-02
  0.37999999E+00  0.12400000E+01  0.50553286E-02
  0.37999999E+00  0.12600000E+01  0.50059466E-02
  0.37999999E+00  0.12800000E+01  0.51471374E-02
  0.37999999E+00  0.13000000E+01  0.52867033E-02
  0.37999999E+00  0.13200000E+01  0.54241798E-02
  0.37999999E+00  0.13400000E+01  0.55590900E-02
  0.37999999E+00  0.13600000E+01  0.56909506E-02
  0.37999999E+00  0.13800000E+01  0.58192804E-02
  0.37999999E+00  0.14000000E+01  0.59436103E-02
  0.37999999E+00  0.14200000E+01  0.60634957E-02
  0.37999999E+00  0.14400000E+01  0.61785318E-02
  0.37999999E+00  0.14600000E+01  0.62883710E-02
  0.37999999E+00  0.14800000E+01  0.63927442E-02
  0.37999999E+00  0.15000000E+01  0.64914843E-02
  0.37999999E+00  0.15200000E+01  0.65845525E-02
  0.37999999E+00  0.15400000E+01  0.66720668E-02
  0.37999999E+00  0.15600000E+01  0.67543309E-02
  0.37999999E+00  0.15800000E+01  0.68318622E-02
  0.37999999E+00  0.16000000E+01  0.69054156E-02
  0.37999999E+00  0.16200000E+01  0.69759964E-02
  0.37999999E+00  0.16400000E+01  0.70448573E-02
  0.37999999E+00  0.16600000E+01  0.71134632E-02
  0.37999999E+00  0.16800000E+01  0.71834067E-02
  0.37999999E+00  0.17000000E+01  0.72562395E-02
  0.37999999E+00  0.17200000E+01  0.73331656E-02
  0.37999999E+00  0.17400000E+01  0.74144939E-02
  0.37999999E+00  0.17600000E+01  0.74986563E-02
  0.37999999E+00  0.17800000E+01  0.75803576E-02
  0.37999999E+00  0.18000000E+01  0.76467420E-02
  0.37999999E+00  0.18200000E+01  0.76678585E-02
  0.37999999E+00  0.18400000E+01  0.75620024E-02
  0.37999999E+00  0.18600000E+01  0.68073822E-02
  0.37999999E+00  0.18800000E+01  0.69816965E-02
  0.37999999E+00  0.19000000E+01  0.71598527E-02
  0.37999999E+00  0.19200000E+01  0.73411833E-02
  0.37999999E+00  0.19400000E+01  0.75249047E-02
  0.37999999E+00  0.19600000E+01  0.77101199E-02
  0.37999999E+00  0.19800000E+01  0.78958257E-02
  0.37999999E+00  0.20000000E+01  0.80809234E-02
  0.39999999E+00  0.00000000E+00  0.84409060E-04
  0.39999999E+00  0.20000000E-01  0.12272692E-03
  0.39999999E+00  0.39999999E-01  0.17520831E-03
  0.39999999E+00  0.59999999E-01  0.25234845E-03
  0.39999999E+00  0.79999998E-01  0.33292126E-03
  0.39999999E+00  0.99999998E-01  0.41649267E-03
  0.39999999E+00  0.12000000E+00  0.50259794E-03
  0.39999999E+00  0.14000000E+00  0.59075480E-03
  0.39999999E+00  0.16000000E+00  0.68047825E-03
  0.39999999E+00  0.18000000E+00  0.77129684E-03
  0.39999999E+00  0.20000000E+00  0.86277054E-03
  0.39999999E+00  0.22000000E+00  0.95450974E-03
  0.39999999E+00  0.23999999E+00  0.10461952E-02
  0.39999999E+00  0.25999999E+00  0.11375986E-02
  0.39999999E+00  0.27999999E+00  0.12286023E-02
  0.39999999E+00  0.29999999E+00  0.13192191E-02
  0.39999999E+00  0.31999999E+00  0.14096081E-02
  0.39999999E+00  0.33999999E+00  0.15000881E-02
  0.39999999E+00  0.35999999E+00  0.15911434E-02
  0.39999999E+00  0.37999999E+00  0.16834204E-02
  0.39999999E+00  0.39999999E+00  0.17777105E-02
  0.39999999E+00  0.41999999E+00  0.18749113E-02
  0.39999999E+00  0.43999999E+00  0.19759585E-02
  0.39999999E+00  0.45999999E+00  0.20817123E-02
  0.39999999E+00  0.47999999E+00  0.21927746E-02
  0.39999999E+00  0.49999999E+00  0.23091972E-02
  0.39999999E+00  0.51999999E+00  0.24300037E-02
  0.39999999E+00  0.53999999E+00  0.25523692E-02
  0.39999999E+00  0.55999999E+00  0.26700808E-02
  0.39999999E+00  0.57999999E+00  0.27701834E-02
  0.39999999E+00  0.59999999E+00  0.28233403E-02
  0.39999999E+00  0.61999999E+00  0.27296388E-02
  0.39999999E+00  0.63999999E+00  0.25251751E-02
  0.39999999E+00  0.65999999E+00  0.26403095E-02
  0.39999999E+00  0.67999998E+00  0.27577880E-02
  0.39999999E+00  0.69999998E+00  0.28779505E-02
  0.39999999E+00  0.71999998E+00  0.30011514E-02
  0.39999999E+00  0.73999998E+00  0.31277432E-02
  0.39999999E+00  0.75999998E+00  0.32580561E-02
  0.39999999E+00  0.77999998E+00  0.33923733E-02
  0.39999999E+00  0.79999998E+00  0.35309016E-02
  0.39999999E+00  0.81999998E+00  0.36737374E-02
  0.39999999E+00  0.83999998E+00  0.38208276E-02
  0.39999999E+00  0.85999998E+00  0.39719253E-02
  0.39999999E+00  0.87999998E+00  0.41265415E-02
  0.39999999E+00  0.89999998E+00  0.42838922E-02
  0.39999999E+00  0.91999998E+00  0.44428430E-02
  0.39999999E+00  0.93999998E+00  0.46018521E-02
  0.39999999E+00  0.95999998E+00  0.47589154E-02
  0.39999999E+00  0.97999998E+00  0.49115171E-02
  0.39999999E+00  0.99999998E+00  0.50565911E-02
  0.39999999E+00  0.10200000E+01  0.51905028E-02
  0.39999999E+00  0.10400000E+01  0.53090621E-02
  0.39999999E+00  0.10600000E+01  0.54075861E-02
  0.39999999E+00  0.10800000E+01  0.54810372E-02
  0.39999999E+00  0.11000000E+01  0.55242766E-02
  0.39999999E+00  0.11200000E+01  0.55324981E-02
  0.39999999E+00  0.11400000E+01  0.55019486E-02
  0.39999999E+00  0.11600000E+01  0.54311354E-02
  0.39999999E+00  0.11800000E+01  0.53229284E-02
  0.39999999E+00  0.12000000E+01  0.51885550E-02
  0.39999999E+00  0.12200000E+01  0.50564909E-02
  0.39999999E+00  0.12400000E+01  0.50421332E-02
  0.39999999E+00  0.12600000E+01  0.51890780E-02
  0.39999999E+00  0.12800000E+01  0.53341241E-02
  0.39999999E+00  0.13000000E+01  0.54766495E-02
  0.39999999E+00  0.13200000E+01  0.56160068E-02
  0.39999999E+00  0.13400000E+01  0.57515317E-02
  0.39999999E+00  0.13600000E+01  0.58825545E-02
  0.39999999E+00  0.13800000E+01  0.60084137E-02
  0.39999999E+00  0.14000000E+01  0.61284742E-02
  0.39999999E+00  0.14200000E+01  0.62421479E-02
  0.39999999E+00  0.14400000E+01  0.63489195E-02
  0.39999999E+00  0.14600000E+01  0.64483760E-02
  0.39999999E+00  0.14800000E+01  0.65402402E-02
  0.39999999E+00  0.15000000E+01  0.66244092E-02
  0.39999999E+00  0.15200000E+01  0.67009952E-02
  0.39999999E+00  0.15400000E+01  0.67703688E-02
  0.39999999E+00  0.15600000E+01  0.68332015E-02
  0.39999999E+00  0.15800000E+01  0.68905046E-02
  0.39999999E+00  0.16000000E+01  0.69436568E-02
  0.39999999E+00  0.16200000E+01  0.69944127E-02
  0.39999999E+00  0.16400000E+01  0.70448765E-02
  0.39999999E+00  0.16600000E+01  0.70974180E-02
  0.39999999E+00  0.16800000E+01  0.71544921E-02
  0.39999999E+00  0.17000000E+01  0.72183001E-02
  0.39999999E+00  0.17200000E+01  0.72901774E-02
  0.39999999E+00  0.17400000E+01  0.73694894E-02
  0.39999999E+00  0.17600000E+01  0.74515579E-02
  0.39999999E+00  0.17800000E+01  0.75234004E-02
  0.39999999E+00  0.18000000E+01  0.75532663E-02
  0.39999999E+00  0.18200000E+01  0.74532412E-02
  0.39999999E+00  0.18400000E+01  0.66673797E-02
  0.39999999E+00  0.18600000E+01  0.68377697E-02
  0.39999999E+00  0.18800000E+01  0.70123770E-02
  0.39999999E+00  0.19000000E+01  0.71906337E-02
  0.39999999E+00  0.19200000E+01  0.73718630E-02
  0.39999999E+00  0.19400000E+01  0.75552816E-02
  0.39999999E+00  0.19600000E+01  0.77400044E-02
  0.39999999E+00  0.19800000E+01  0.79250532E-02
  0.39999999E+00  0.20000000E+01  0.81093677E-02
  0.41999999E+00  0.00000000E+00  0.59724810E-04
  0.41999999E+00  0.20000000E-01  0.11461422E-03
  0.41999999E+00  0.39999999E-01  0.19345488E-03
  0.41999999E+00  0.59999999E-01  0.27541295E-03
  0.41999999E+00  0.79999998E-01  0.36009460E-03
  0.41999999E+00  0.99999998E-01  0.44707621E-03
  0.41999999E+00  0.12000000E+00  0.53591671E-03
  0.41999999E+00  0.14000000E+00  0.62617153E-03
  0.41999999E+00  0.16000000E+00  0.71740785E-03
  0.41999999E+00  0.18000000E+00  0.80922125E-03
  0.41999999E+00  0.20000000E+00  0.90125339E-03
  0.41999999E+00  0.22000000E+00  0.99321040E-03
  0.41999999E+00  0.23999999E+00  0.10848816E-02
  0.41999999E+00  0.25999999E+00  0.11761580E-02
  0.41999999E+00  0.27999999E+00  0.12670491E-02
  0.41999999E+00  0.29999999E+00  0.13576980E-02
  0.41999999E+00  0.31999999E+00  0.14483918E-02
  0.41999999E+00  0.33999999E+00  0.15395658E-02
  0.41999999E+00  0.35999999E+00  0.16317991E-02
  0.41999999E+00  0.37999999E+00  0.17257956E-02
  0.41999999E+00  0.39999999E+00  0.18223462E-02
  0.41999999E+00  0.41999999E+00  0.19222623E-02
  0.41999999E+00  0.43999999E+00  0.20262664E-02
  0.41999999E+00  0.45999999E+00  0.21348194E-02
  0.41999999E+00  0.47999999E+00  0.22478444E-02
  0.41999999E+00  0.49999999E+00  0.23642789E-02
  0.41999999E+00  0.51999999E+00  0.24813052E-02
  0.41999999E+00  0.53999999E+00  0.25929099E-02
  0.41999999E+00  0.55999999E+00  0.26867351E-02
  0.41999999E+00  0.57999999E+00  0.27349950E-02
  0.41999999E+00  0.59999999E+00  0.26431064E-02
  0.41999999E+00  0.61999999E+00  0.24480232E-02
  0.41999999E+00  0.63999999E+00  0.25583562E-02
  0.41999999E+00  0.65999999E+00  0.26707952E-02
  0.41999999E+00  0.67999998E+00  0.27857366E-02
  0.41999999E+00  0.69999998E+00  0.29036027E-02
  0.41999999E+00  0.71999998E+00  0.30248250E-02
  0.41999999E+00  0.73999998E+00  0.31498234E-02
  0.41999999E+00  0.75999998E+00  0.32789801E-02
  0.41999999E+00  0.77999998E+00  0.34126099E-02
  0.41999999E+00  0.79999998E+00  0.35509237E-02
  0.41999999E+00  0.81999998E+00  0.36939878E-02
  0.41999999E+00  0.83999998E+00  0.38416774E-02
  0.41999999E+00  0.85999998E+00  0.39936254E-02
  0.41999999E+00  0.87999998E+00  0.41491664E-02
  0.41999999E+00  0.89999998E+00  0.43072773E-02
  0.41999999E+00  0.91999998E+00  0.44665175E-02
  0.41999999E+00  0.93999998E+00  0.46249691E-02
  0.41999999E+00  0.95999998E+00  0.47801837E-02
  0.41999999E+00  0.97999998E+00  0.49291399E-02
  0.41999999E+00  0.99999998E+00  0.50682215E-02
  0.41999999E+00  0.10200000E+01  0.51932278E-02
  0.41999999E+00  0.10400000E+01  0.52994348E-02
  0.41999999E+00  0.10600000E+01  0.53817353E-02
  0.41999999E+00  0.10800000E+01  0.54348975E-02
  0.41999999E+00  0.11000000E+01  0.54540114E-02
  0.41999999E+00  0.11200000E+01  0.54352355E-02
  0.41999999E+00  0.11400000E+01  0.53770559E-02
  0.41999999E+00  0.11600000E+01  0.52825048E-02
  0.41999999E+00  0.11800000E+01  0.51634740E-02
  0.41999999E+00  0.12000000E+01  0.50510528E-02
  0.41999999E+00  0.12200000E+01  0.50666033E-02
  0.41999999E+00  0.12400000E+01  0.52193091E-02
  0.41999999E+00  0.12600000E+01  0.53699860E-02
  0.41999999E+00  0.12800000E+01  0.55178656E-02
  0.41999999E+00  0.13000000E+01  0.56621396E-02
  0.41999999E+00  0.13200000E+01  0.58019703E-02
  0.41999999E+00  0.13400000E+01  0.59365046E-02
  0.41999999E+00  0.13600000E+01  0.60648919E-02
  0.41999999E+00  0.13800000E+01  0.61863062E-02
  0.41999999E+00  0.14000000E+01  0.62999729E-02
  0.41999999E+00  0.14200000E+01  0.64052014E-02
  0.41999999E+00  0.14400000E+01  0.65014229E-02
  0.41999999E+00  0.14600000E+01  0.65882342E-02
  0.41999999E+00  0.14800000E+01  0.66654463E-02
  0.41999999E+00  0.15000000E+01  0.67331384E-02
  0.41999999E+00  0.15200000E+01  0.67917143E-02
  0.41999999E+00  0.15400000E+01  0.68419603E-02
  0.41999999E+00  0.15600000E+01  0.68850980E-02
  0.41999999E+00  0.15800000E+01  0.69228268E-02
  0.41999999E+00  0.16000000E+01  0.69573458E-02
  0.41999999E+00  0.16200000E+01  0.69913354E-02
  0.41999999E+00  0.16400000E+01  0.70278770E-02
  0.41999999E+00  0.16600000E+01  0.70702634E-02
  0.41999999E+00  0.16800000E+01  0.71216335E-02
  0.41999999E+00  0.17000000E+01  0.71843035E-02
  0.41999999E+00  0.17200000E+01  0.72585550E-02
  0.41999999E+00  0.17400000E+01  0.73403639E-02
  0.41999999E+00  0.17600000E+01  0.74167610E-02
  0.41999999E+00  0.17800000E+01  0.74545557E-02
  0.41999999E+00  0.18000000E+01  0.73605890E-02
  0.41999999E+00  0.18200000E+01  0.65503132E-02
  0.41999999E+00  0.18400000E+01  0.67157959E-02
  0.41999999E+00  0.18600000E+01  0.68856594E-02
  0.41999999E+00  0.18800000E+01  0.70594404E-02
  0.41999999E+00  0.19000000E+01  0.72365793E-02
  0.41999999E+00  0.19200000E+01  0.74164209E-02
  0.41999999E+00  0.19400000E+01  0.75982178E-02
  0.41999999E+00  0.19600000E+01  0.77811364E-02
  0.41999999E+00  0.19800000E+01  0.79642648E-02
  0.41999999E+00  0.20000000E+01  0.81466240E-02
  0.43999999E+00  0.00000000E+00  0.46390092E-04
  0.43999999E+00  0.20000000E-01  0.12783947E-03
  0.43999999E+00  0.39999999E-01  0.21202358E-03
  0.43999999E+00  0.59999999E-01  0.29859294E-03
  0.43999999E+00  0.79999998E-01  0.38717042E-03
  0.43999999E+00  0.99999998E-01  0.47736291E-03
  0.43999999E+00  0.12000000E+00  0.56877423E-03
  0.43999999E+00  0.14000000E+00  0.66101922E-03
  0.43999999E+00  0.16000000E+00  0.75373887E-03
  0.43999999E+00  0.18000000E+00  0.84661633E-03
  0.43999999E+00  0.20000000E+00  0.93939335E-03
  0.43999999E+00  0.22000000E+00  0.10318869E-02
  0.43999999E+00  0.23999999E+00  0.11240050E-02
  0.43999999E+00  0.25999999E+00  0.12157615E-02
  0.43999999E+00  0.27999999E+00  0.13072879E-02
  0.43999999E+00  0.29999999E+00  0.13988412E-02
  0.43999999E+00  0.31999999E+00  0.14908056E-02
  0.43999999E+00  0.33999999E+00  0.15836855E-02
  0.43999999E+00  0.35999999E+00  0.16780848E-02
  0.43999999E+00  0.37999999E+00  0.17746686E-02
  0.43999999E+00  0.39999999E+00  0.18740977E-02
  0.43999999E+00  0.41999999E+00  0.19769241E-02
  0.43999999E+00  0.43999999E+00  0.20834267E-02
  0.43999999E+00  0.45999999E+00  0.21933537E-02
  0.43999999E+00  0.47999999E+00  0.23055047E-02
  0.43999999E+00  0.49999999E+00  0.24170175E-02
  0.43999999E+00  0.51999999E+00  0.25220310E-02
  0.43999999E+00  0.53999999E+00  0.26087528E-02
  0.43999999E+00  0.55999999E+00  0.26509458E-02
  0.43999999E+00  0.57999999E+00  0.25593518E-02
  0.43999999E+00  0.59999999E+00  0.23728288E-02
  0.43999999E+00  0.61999999E+00  0.24786856E-02
  0.43999999E+00  0.63999999E+00  0.25863653E-02
  0.43999999E+00  0.65999999E+00  0.26963062E-02
  0.43999999E+00  0.67999998E+00  0.28089836E-02
  0.43999999E+00  0.69999998E+00  0.29248935E-02
  0.43999999E+00  0.71999998E+00  0.30445309E-02
  0.43999999E+00  0.73999998E+00  0.31683642E-02
  0.43999999E+00  0.75999998E+00  0.32968041E-02
  0.43999999E+00  0.77999998E+00  0.34301667E-02
  0.43999999E+00  0.79999998E+00  0.35686312E-02
  0.43999999E+00  0.81999998E+00  0.37121920E-02
  0.43999999E+00  0.83999998E+00  0.38606054E-02
  0.43999999E+00  0.85999998E+00  0.40133313E-02
  0.43999999E+00  0.87999998E+00  0.41694719E-02
  0.43999999E+00  0.89999998E+00  0.43277081E-02
  0.43999999E+00  0.91999998E+00  0.44862375E-02
  0.43999999E+00  0.93999998E+00  0.46427172E-02
  0.43999999E+00  0.95999998E+00  0.47942183E-02
  0.43999999E+00  0.97999998E+00  0.49372006E-02
  0.43999999E+00  0.99999998E+00  0.50675196E-02
  0.43999999E+00  0.10200000E+01  0.51804853E-02
  0.43999999E+00  0.10400000E+01  0.52709996E-02
  0.43999999E+00  0.10600000E+01  0.53338149E-02
  0.43999999E+00  0.10800000E+01  0.53639821E-02
  0.43999999E+00  0.11000000E+01  0.53576045E-02
  0.43999999E+00  0.11200000E+01  0.53131148E-02
  0.43999999E+00  0.11400000E+01  0.52335416E-02
  0.43999999E+00  0.11600000E+01  0.51309781E-02
  0.43999999E+00  0.11800000E+01  0.50377525E-02
  0.43999999E+00  0.12000000E+01  0.50773523E-02
  0.43999999E+00  0.12200000E+01  0.52355387E-02
  0.43999999E+00  0.12400000E+01  0.53917002E-02
  0.43999999E+00  0.12600000E+01  0.55449366E-02
  0.43999999E+00  0.12800000E+01  0.56942926E-02
  0.43999999E+00  0.13000000E+01  0.58387698E-02
  0.43999999E+00  0.13200000E+01  0.59773431E-02
  0.43999999E+00  0.13400000E+01  0.61089814E-02
  0.43999999E+00  0.13600000E+01  0.62326742E-02
  0.43999999E+00  0.13800000E+01  0.63474637E-02
  0.43999999E+00  0.14000000E+01  0.64524835E-02
  0.43999999E+00  0.14200000E+01  0.65470042E-02
  0.43999999E+00  0.14400000E+01  0.66304863E-02
  0.43999999E+00  0.14600000E+01  0.67026390E-02
  0.43999999E+00  0.14800000E+01  0.67634864E-02
  0.43999999E+00  0.15000000E+01  0.68134363E-02
  0.43999999E+00  0.15200000E+01  0.68533522E-02
  0.43999999E+00  0.15400000E+01  0.68846206E-02
  0.43999999E+00  0.15600000E+01  0.69092076E-02
  0.43999999E+00  0.15800000E+01  0.69296934E-02
  0.43999999E+00  0.16000000E+01  0.69492644E-02
  0.43999999E+00  0.16200000E+01  0.69716359E-02
  0.43999999E+00  0.16400000E+01  0.70008583E-02
  0.43999999E+00  0.16600000E+01  0.70409299E-02
  0.43999999E+00  0.16800000E+01  0.70950809E-02
  0.43999999E+00  0.17000000E+01  0.71644707E-02
  0.43999999E+00  0.17200000E+01  0.72457481E-02
  0.43999999E+00  0.17400000E+01  0.73260917E-02
  0.43999999E+00  0.17600000E+01  0.73712550E-02
  0.43999999E+00  0.17800000E+01  0.72839110E-02
  0.43999999E+00  0.18000000E+01  0.64571573E-02
  0.43999999E+00  0.18200000E+01  0.66171537E-02
  0.43999999E+00  0.18400000E+01  0.67814894E-02
  0.43999999E+00  0.18600000E+01  0.69498060E-02
  0.43999999E+00  0.18800000E+01  0.71216639E-02
  0.43999999E+00  0.19000000E+01  0.72965433E-02
  0.43999999E+00  0.19200000E+01  0.74738462E-02
  0.43999999E+00  0.19400000E+01  0.76528995E-02
  0.43999999E+00  0.19600000E+01  0.78329606E-02
  0.43999999E+00  0.19800000E+01  0.80132228E-02
  0.43999999E+00  0.20000000E+01  0.81928232E-02
  0.45999999E+00  0.00000000E+00  0.54147423E-04
  0.45999999E+00  0.20000000E-01  0.14146669E-03
  0.45999999E+00  0.39999999E-01  0.23076102E-03
  0.45999999E+00  0.59999999E-01  0.32170346E-03
  0.45999999E+00  0.79999998E-01  0.41395390E-03
  0.45999999E+00  0.99999998E-01  0.50717107E-03
  0.45999999E+00  0.12000000E+00  0.60102524E-03
  0.45999999E+00  0.14000000E+00  0.69521177E-03
  0.45999999E+00  0.16000000E+00  0.78946512E-03
  0.45999999E+00  0.18000000E+00  0.88357309E-03
  0.45999999E+00  0.20000000E+00  0.97739078E-03
  0.45999999E+00  0.22000000E+00  0.10708537E-02
  0.45999999E+00  0.23999999E+00  0.11639890E-02
  0.45999999E+00  0.25999999E+00  0.12569243E-02
  0.45999999E+00  0.27999999E+00  0.13498922E-02
  0.45999999E+00  0.29999999E+00  0.14432279E-02
  0.45999999E+00  0.31999999E+00  0.15373594E-02
  0.45999999E+00  0.33999999E+00  0.16327845E-02
  0.45999999E+00  0.35999999E+00  0.17300304E-02
  0.45999999E+00  0.37999999E+00  0.18295894E-02
  0.45999999E+00  0.39999999E+00  0.19318178E-02
  0.45999999E+00  0.41999999E+00  0.20367814E-02
  0.45999999E+00  0.43999999E+00  0.21440151E-02
  0.45999999E+00  0.45999999E+00  0.22521378E-02
  0.45999999E+00  0.47999999E+00  0.23581974E-02
  0.45999999E+00  0.49999999E+00  0.24564425E-02
  0.45999999E+00  0.51999999E+00  0.25356159E-02
  0.45999999E+00  0.53999999E+00  0.25710223E-02
  0.45999999E+00  0.55999999E+00  0.24787290E-02
  0.45999999E+00  0.57999999E+00  0.23003249E-02
  0.45999999E+00  0.59999999E+00  0.24021469E-02
  0.45999999E+00  0.61999999E+00  0.25054802E-02
  0.45999999E+00  0.63999999E+00  0.26107899E-02
  0.45999999E+00  0.65999999E+00  0.27185887E-02
  0.45999999E+00  0.67999998E+00  0.28294205E-02
  0.45999999E+00  0.69999998E+00  0.29438400E-02
  0.45999999E+00  0.71999998E+00  0.30623860E-02
  0.45999999E+00  0.73999998E+00  0.31855508E-02
  0.45999999E+00  0.75999998E+00  0.33137427E-02
  0.45999999E+00  0.77999998E+00  0.34472433E-02
  0.45999999E+00  0.79999998E+00  0.35861587E-02
  0.45999999E+00  0.81999998E+00  0.37303652E-02
  0.45999999E+00  0.83999998E+00  0.38794496E-02
  0.45999999E+00  0.85999998E+00  0.40326467E-02
  0.45999999E+00  0.87999998E+00  0.41887734E-02
  0.45999999E+00  0.89999998E+00  0.43461652E-02
  0.45999999E+00  0.91999998E+00  0.45026161E-02
  0.45999999E+00  0.93999998E+00  0.46553308E-02
  0.45999999E+00  0.95999998E+00  0.48008963E-02
  0.45999999E+00  0.97999998E+00  0.49352853E-02
  0.45999999E+00  0.99999998E+00  0.50539108E-02
  0.45999999E+00  0.10200000E+01  0.51517590E-02
  0.45999999E+00  0.10400000E+01  0.52236410E-02
  0.45999999E+00  0.10600000E+01  0.52646332E-02
  0.45999999E+00  0.10800000E+01  0.52708198E-02
  0.45999999E+00  0.11000000E+01  0.52405548E-02
  0.45999999E+00  0.11200000E+01  0.51767101E-02
  0.45999999E+00  0.11400000E+01  0.50911384E-02
  0.45999999E+00  0.11600000E+01  0.50160651E-02
  0.45999999E+00  0.11800000E+01  0.50733763E-02
  0.45999999E+00  0.12000000E+01  0.52365190E-02
  0.45999999E+00  0.12200000E+01  0.53977587E-02
  0.45999999E+00  0.12400000E+01  0.55560812E-02
  0.45999999E+00  0.12600000E+01  0.57104018E-02
  0.45999999E+00  0.12800000E+01  0.58595780E-02
  0.45999999E+00  0.13000000E+01  0.60024284E-02
  0.45999999E+00  0.13200000E+01  0.61377556E-02
  0.45999999E+00  0.13400000E+01  0.62643764E-02
  0.45999999E+00  0.13600000E+01  0.63811590E-02
  0.45999999E+00  0.13800000E+01  0.64870670E-02
  0.45999999E+00  0.14000000E+01  0.65812119E-02
  0.45999999E+00  0.14200000E+01  0.66629143E-02
  0.45999999E+00  0.14400000E+01  0.67317725E-02
  0.45999999E+00  0.14600000E+01  0.67877384E-02
  0.45999999E+00  0.14800000E+01  0.68311998E-02
  0.45999999E+00  0.15000000E+01  0.68630639E-02
  0.45999999E+00  0.15200000E+01  0.68848388E-02
  0.45999999E+00  0.15400000E+01  0.68987036E-02
  0.45999999E+00  0.15600000E+01  0.69075548E-02
  0.45999999E+00  0.15800000E+01  0.69150091E-02
  0.45999999E+00  0.16000000E+01  0.69253311E-02
  0.45999999E+00  0.16200000E+01  0.69432371E-02
  0.45999999E+00  0.16400000E+01  0.69734921E-02
  0.45999999E+00  0.16600000E+01  0.70201563E-02
  0.45999999E+00  0.16800000E+01  0.70852094E-02
  0.45999999E+00  0.17000000E+01  0.71659747E-02
  0.45999999E+00  0.17200000E+01  0.72499017E-02
  0.45999999E+00  0.17400000E+01  0.73020802E-02
  0.45999999E+00  0.17600000E+01  0.72221551E-02
  0.45999999E+00  0.17800000E+01  0.63875259E-02
  0.45999999E+00  0.18000000E+01  0.65418380E-02
  0.45999999E+00  0.18200000E+01  0.67002613E-02
  0.45999999E+00  0.18400000E+01  0.68625361E-02
  0.45999999E+00  0.18600000E+01  0.70283406E-02
  0.45999999E+00  0.18800000E+01  0.71972908E-02
  0.45999999E+00  0.19000000E+01  0.73689419E-02
  0.45999999E+00  0.19200000E+01  0.75427898E-02
  0.45999999E+00  0.19400000E+01  0.77182729E-02
  0.45999999E+00  0.19600000E+01  0.78947738E-02
  0.45999999E+00  0.19800000E+01  0.80716207E-02
  0.45999999E+00  0.20000000E+01  0.82480873E-02
  0.47999999E+00  0.00000000E+00  0.62477527E-04
  0.47999999E+00  0.20000000E-01  0.15539949E-03
  0.47999999E+00  0.39999999E-01  0.24953318E-03
  0.47999999E+00  0.59999999E-01  0.34459485E-03
  0.47999999E+00  0.79999998E-01  0.44030295E-03
  0.47999999E+00  0.99999998E-01  0.53638951E-03
  0.47999999E+00  0.12000000E+00  0.63261202E-03
  0.47999999E+00  0.14000000E+00  0.72876530E-03
  0.47999999E+00  0.16000000E+00  0.82469321E-03
  0.47999999E+00  0.18000000E+00  0.92029976E-03
  0.47999999E+00  0.20000000E+00  0.10155588E-02
  0.47999999E+00  0.22000000E+00  0.11105219E-02
  0.47999999E+00  0.23999999E+00  0.12053227E-02
  0.47999999E+00  0.25999999E+00  0.13001776E-02
  0.47999999E+00  0.27999999E+00  0.13953793E-02
  0.47999999E+00  0.29999999E+00  0.14912829E-02
  0.47999999E+00  0.31999999E+00  0.15882789E-02
  0.47999999E+00  0.33999999E+00  0.16867519E-02
  0.47999999E+00  0.35999999E+00  0.17870147E-02
  0.47999999E+00  0.37999999E+00  0.18892116E-02
  0.47999999E+00  0.39999999E+00  0.19931719E-02
  0.47999999E+00  0.41999999E+00  0.20981880E-02
  0.47999999E+00  0.43999999E+00  0.22026633E-02
  0.47999999E+00  0.45999999E+00  0.23035179E-02
  0.47999999E+00  0.47999999E+00  0.23950731E-02
  0.47999999E+00  0.49999999E+00  0.24665770E-02
  0.47999999E+00  0.51999999E+00  0.24948668E-02
  0.47999999E+00  0.53999999E+00  0.24013379E-02
  0.47999999E+00  0.55999999E+00  0.22309326E-02
  0.47999999E+00  0.57999999E+00  0.23292450E-02
  0.47999999E+00  0.59999999E+00  0.24287446E-02
  0.47999999E+00  0.61999999E+00  0.25299084E-02
  0.47999999E+00  0.63999999E+00  0.26332708E-02
  0.47999999E+00  0.65999999E+00  0.27394073E-02
  0.47999999E+00  0.67999998E+00  0.28489148E-02
  0.47999999E+00  0.69999998E+00  0.29623858E-02
  0.47999999E+00  0.71999998E+00  0.30803776E-02
  0.47999999E+00  0.73999998E+00  0.32033751E-02
  0.47999999E+00  0.75999998E+00  0.33317488E-02
  0.47999999E+00  0.77999998E+00  0.34657051E-02
  0.47999999E+00  0.79999998E+00  0.36052325E-02
  0.47999999E+00  0.81999998E+00  0.37500415E-02
  0.47999999E+00  0.83999998E+00  0.38995012E-02
  0.47999999E+00  0.85999998E+00  0.40525731E-02
  0.47999999E+00  0.87999998E+00  0.42077464E-02
  0.47999999E+00  0.89999998E+00  0.43629765E-02
  0.47999999E+00  0.91999998E+00  0.45156360E-02
  0.47999999E+00  0.93999998E+00  0.46624829E-02
  0.47999999E+00  0.95999998E+00  0.47996610E-02
  0.47999999E+00  0.97999998E+00  0.49227497E-02
  0.47999999E+00  0.99999998E+00  0.50268884E-02
  0.47999999E+00  0.10200000E+01  0.51070181E-02
  0.47999999E+00  0.10400000E+01  0.51583033E-02
  0.47999999E+00  0.10600000E+01  0.51768470E-02
  0.47999999E+00  0.10800000E+01  0.51609060E-02
  0.47999999E+00  0.11000000E+01  0.51130568E-02
  0.47999999E+00  0.11200000E+01  0.50444987E-02
  0.47999999E+00  0.11400000E+01  0.49860729E-02
  0.47999999E+00  0.11600000E+01  0.50545205E-02
  0.47999999E+00  0.11800000E+01  0.52218996E-02
  0.47999999E+00  0.12000000E+01  0.53875955E-02
  0.47999999E+00  0.12200000E+01  0.55504996E-02
  0.47999999E+00  0.12400000E+01  0.57094176E-02
  0.47999999E+00  0.12600000E+01  0.58630827E-02
  0.47999999E+00  0.12800000E+01  0.60101762E-02
  0.47999999E+00  0.13000000E+01  0.61493527E-02
  0.47999999E+00  0.13200000E+01  0.62792730E-02
  0.47999999E+00  0.13400000E+01  0.63986456E-02
  0.47999999E+00  0.13600000E+01  0.65062753E-02
  0.47999999E+00  0.13800000E+01  0.66011220E-02
  0.47999999E+00  0.14000000E+01  0.66823691E-02
  0.47999999E+00  0.14200000E+01  0.67495002E-02
  0.47999999E+00  0.14400000E+01  0.68023850E-02
  0.47999999E+00  0.14600000E+01  0.68413720E-02
  0.47999999E+00  0.14800000E+01  0.68673837E-02
  0.47999999E+00  0.15000000E+01  0.68820103E-02
  0.47999999E+00  0.15200000E+01  0.68875923E-02
  0.47999999E+00  0.15400000E+01  0.68872784E-02
  0.47999999E+00  0.15600000E+01  0.68850383E-02
  0.47999999E+00  0.15800000E+01  0.68855967E-02
  0.47999999E+00  0.16000000E+01  0.68942368E-02
  0.47999999E+00  0.16200000E+01  0.69163872E-02
  0.47999999E+00  0.16400000E+01  0.69568406E-02
  0.47999999E+00  0.16600000E+01  0.70183235E-02
  0.47999999E+00  0.16800000E+01  0.70988177E-02
  0.47999999E+00  0.17000000E+01  0.71861526E-02
  0.47999999E+00  0.17200000E+01  0.72451403E-02
  0.47999999E+00  0.17400000E+01  0.71735594E-02
  0.47999999E+00  0.17600000E+01  0.63399224E-02
  0.47999999E+00  0.17800000E+01  0.64886920E-02
  0.47999999E+00  0.18000000E+01  0.66411832E-02
  0.47999999E+00  0.18200000E+01  0.67972255E-02
  0.47999999E+00  0.18400000E+01  0.69566069E-02
  0.47999999E+00  0.18600000E+01  0.71190740E-02
  0.47999999E+00  0.18800000E+01  0.72843329E-02
  0.47999999E+00  0.19000000E+01  0.74520487E-02
  0.47999999E+00  0.19200000E+01  0.76218450E-02
  0.47999999E+00  0.19400000E+01  0.77933017E-02
  0.47999999E+00  0.19600000E+01  0.79659500E-02
  0.47999999E+00  0.19800000E+01  0.81392655E-02
  0.47999999E+00  0.20000000E+01  0.83126557E-02
  0.49999999E+00  0.00000000E+00  0.71342140E-04
  0.49999999E+00  0.20000000E-01  0.16955614E-03
  0.49999999E+00  0.39999999E-01  0.26823729E-03
  0.49999999E+00  0.59999999E-01  0.36716686E-03
  0.49999999E+00  0.79999998E-01  0.46614338E-03
  0.49999999E+00  0.99999998E-01  0.56499277E-03
  0.49999999E+00  0.12000000E+00  0.66357807E-03
  0.49999999E+00  0.14000000E+00  0.76180850E-03
  0.49999999E+00  0.16000000E+00  0.85964738E-03
  0.49999999E+00  0.18000000E+00  0.95711826E-03
  0.49999999E+00  0.20000000E+00  0.10543086E-02
  0.49999999E+00  0.22000000E+00  0.11513699E-02
  0.49999999E+00  0.23999999E+00  0.12485132E-02
  0.49999999E+00  0.25999999E+00  0.13459983E-02
  0.49999999E+00  0.27999999E+00  0.14441145E-02
  0.49999999E+00  0.29999999E+00  0.15431500E-02
  0.49999999E+00  0.31999999E+00  0.16433471E-02
  0.49999999E+00  0.33999999E+00  0.17448355E-02
  0.49999999E+00  0.35999999E+00  0.18475382E-02
  0.49999999E+00  0.37999999E+00  0.19510331E-02
  0.49999999E+00  0.39999999E+00  0.20543492E-02
  0.49999999E+00  0.41999999E+00  0.21556481E-02
  0.49999999E+00  0.43999999E+00  0.22516912E-02
  0.49999999E+00  0.45999999E+00  0.23368406E-02
  0.49999999E+00  0.47999999E+00  0.24008225E-02
  0.49999999E+00  0.49999999E+00  0.24219933E-02
  0.49999999E+00  0.51999999E+00  0.23270792E-02
  0.49999999E+00  0.53999999E+00  0.21648110E-02
  0.49999999E+00  0.55999999E+00  0.22601913E-02
  0.49999999E+00  0.57999999E+00  0.23564375E-02
  0.49999999E+00  0.59999999E+00  0.24540247E-02
  0.49999999E+00  0.61999999E+00  0.25534934E-02
  0.49999999E+00  0.63999999E+00  0.26554342E-02
  0.49999999E+00  0.65999999E+00  0.27604692E-02
  0.49999999E+00  0.67999998E+00  0.28692264E-02
  0.49999999E+00  0.69999998E+00  0.29823104E-02
  0.49999999E+00  0.71999998E+00  0.31002657E-02
  0.49999999E+00  0.73999998E+00  0.32235351E-02
  0.49999999E+00  0.75999998E+00  0.33524116E-02
  0.49999999E+00  0.77999998E+00  0.34869843E-02
  0.49999999E+00  0.79999998E+00  0.36270795E-02
  0.49999999E+00  0.81999998E+00  0.37721977E-02
  0.49999999E+00  0.83999998E+00  0.39214479E-02
  0.49999999E+00  0.85999998E+00  0.40734827E-02
  0.49999999E+00  0.87999998E+00  0.42264372E-02
  0.49999999E+00  0.89999998E+00  0.43778782E-02
  0.49999999E+00  0.91999998E+00  0.45247717E-02
  0.49999999E+00  0.93999998E+00  0.46634794E-02
  0.49999999E+00  0.95999998E+00  0.47898026E-02
  0.49999999E+00  0.97999998E+00  0.48990973E-02
  0.49999999E+00  0.99999998E+00  0.49864998E-02
  0.49999999E+00  0.10200000E+01  0.50473227E-02
  0.49999999E+00  0.10400000E+01  0.50777261E-02
  0.49999999E+00  0.10600000E+01  0.50758575E-02
  0.49999999E+00  0.10800000E+01  0.50438758E-02
  0.49999999E+00  0.11000000E+01  0.49919479E-02
  0.49999999E+00  0.11200000E+01  0.49483327E-02
  0.49999999E+00  0.11400000E+01  0.50213204E-02
  0.49999999E+00  0.11600000E+01  0.51920715E-02
  0.49999999E+00  0.11800000E+01  0.53614344E-02
  0.49999999E+00  0.12000000E+01  0.55282269E-02
  0.49999999E+00  0.12200000E+01  0.56911659E-02
  0.49999999E+00  0.12400000E+01  0.58488822E-02
  0.49999999E+00  0.12600000E+01  0.59999414E-02
  0.49999999E+00  0.12800000E+01  0.61428714E-02
  0.49999999E+00  0.13000000E+01  0.62761973E-02
  0.49999999E+00  0.13200000E+01  0.63984862E-02
  0.49999999E+00  0.13400000E+01  0.65084004E-02
  0.49999999E+00  0.13600000E+01  0.66047607E-02
  0.49999999E+00  0.13800000E+01  0.66866213E-02
  0.49999999E+00  0.14000000E+01  0.67533534E-02
  0.49999999E+00  0.14200000E+01  0.68047401E-02
  0.49999999E+00  0.14400000E+01  0.68410770E-02
  0.49999999E+00  0.14600000E+01  0.68632790E-02
  0.49999999E+00  0.14800000E+01  0.68729835E-02
  0.49999999E+00  0.15000000E+01  0.68726447E-02
  0.49999999E+00  0.15200000E+01  0.68656018E-02
  0.49999999E+00  0.15400000E+01  0.68561012E-02
  0.49999999E+00  0.15600000E+01  0.68492367E-02
  0.49999999E+00  0.15800000E+01  0.68507557E-02
  0.49999999E+00  0.16000000E+01  0.68666401E-02
  0.49999999E+00  0.16200000E+01  0.69023080E-02
  0.49999999E+00  0.16400000E+01  0.69611459E-02
  0.49999999E+00  0.16600000E+01  0.70417622E-02
  0.49999999E+00  0.16800000E+01  0.71324577E-02
  0.49999999E+00  0.17000000E+01  0.71981360E-02
  0.49999999E+00  0.17200000E+01  0.71358566E-02
  0.49999999E+00  0.17400000E+01  0.63119951E-02
  0.49999999E+00  0.17600000E+01  0.64556492E-02
  0.49999999E+00  0.17800000E+01  0.66025045E-02
  0.49999999E+00  0.18000000E+01  0.67524672E-02
  0.49999999E+00  0.18200000E+01  0.69054234E-02
  0.49999999E+00  0.18400000E+01  0.70612403E-02
  0.49999999E+00  0.18600000E+01  0.72197663E-02
  0.49999999E+00  0.18800000E+01  0.73808300E-02
  0.49999999E+00  0.19000000E+01  0.75442372E-02
  0.49999999E+00  0.19200000E+01  0.77097645E-02
  0.49999999E+00  0.19400000E+01  0.78771500E-02
  0.49999999E+00  0.19600000E+01  0.80460781E-02
  0.49999999E+00  0.19800000E+01  0.82161588E-02
  0.49999999E+00  0.20000000E+01  0.83868991E-02
  0.51999999E+00  0.00000000E+00  0.80710635E-04
  0.51999999E+00  0.20000000E-01  0.18387988E-03
  0.51999999E+00  0.39999999E-01  0.28681447E-03
  0.51999999E+00  0.59999999E-01  0.38938246E-03
  0.51999999E+00  0.79999998E-01  0.49148293E-03
  0.51999999E+00  0.99999998E-01  0.59305362E-03
  0.51999999E+00  0.12000000E+00  0.69407725E-03
  0.51999999E+00  0.14000000E+00  0.79458620E-03
  0.51999999E+00  0.16000000E+00  0.89466471E-03
  0.51999999E+00  0.18000000E+00  0.99444821E-03
  0.51999999E+00  0.20000000E+00  0.10941186E-02
  0.51999999E+00  0.22000000E+00  0.11938943E-02
  0.51999999E+00  0.23999999E+00  0.12940142E-02
  0.51999999E+00  0.25999999E+00  0.13947127E-02
  0.51999999E+00  0.27999999E+00  0.14961845E-02
  0.51999999E+00  0.29999999E+00  0.15985354E-02
  0.51999999E+00  0.31999999E+00  0.17017145E-02
  0.51999999E+00  0.33999999E+00  0.18054209E-02
  0.51999999E+00  0.35999999E+00  0.19089742E-02
  0.51999999E+00  0.37999999E+00  0.20111266E-02
  0.51999999E+00  0.39999999E+00  0.21097793E-02
  0.51999999E+00  0.41999999E+00  0.22015115E-02
  0.51999999E+00  0.43999999E+00  0.22806995E-02
  0.51999999E+00  0.45999999E+00  0.23375223E-02
  0.51999999E+00  0.47999999E+00  0.23518387E-02
  0.51999999E+00  0.49999999E+00  0.22557045E-02
  0.51999999E+00  0.51999999E+00  0.21019070E-02
  0.51999999E+00  0.53999999E+00  0.21949569E-02
  0.51999999E+00  0.55999999E+00  0.22885681E-02
  0.51999999E+00  0.57999999E+00  0.23832010E-02
  0.51999999E+00  0.59999999E+00  0.24793877E-02
  0.51999999E+00  0.61999999E+00  0.25777185E-02
  0.51999999E+00  0.63999999E+00  0.26788232E-02
  0.51999999E+00  0.65999999E+00  0.27833477E-02
  0.51999999E+00  0.67999998E+00  0.28919252E-02
  0.51999999E+00  0.69999998E+00  0.30051417E-02
  0.51999999E+00  0.71999998E+00  0.31234946E-02
  0.51999999E+00  0.73999998E+00  0.32473467E-02
  0.51999999E+00  0.75999998E+00  0.33768737E-02
  0.51999999E+00  0.77999998E+00  0.35120065E-02
  0.51999999E+00  0.79999998E+00  0.36523695E-02
  0.51999999E+00  0.81999998E+00  0.37972173E-02
  0.51999999E+00  0.83999998E+00  0.39453699E-02
  0.51999999E+00  0.85999998E+00  0.40951535E-02
  0.51999999E+00  0.87999998E+00  0.42443497E-02
  0.51999999E+00  0.89999998E+00  0.43901616E-02
  0.51999999E+00  0.91999998E+00  0.45292077E-02
  0.51999999E+00  0.93999998E+00  0.46575596E-02
  0.51999999E+00  0.95999998E+00  0.47708459E-02
  0.51999999E+00  0.97999998E+00  0.48644579E-02
  0.51999999E+00  0.99999998E+00  0.49339124E-02
  0.51999999E+00  0.10200000E+01  0.49754647E-02
  0.51999999E+00  0.10400000E+01  0.49871468E-02
  0.51999999E+00  0.10600000E+01  0.49705946E-02
  0.51999999E+00  0.10800000E+01  0.49346025E-02
  0.51999999E+00  0.11000000E+01  0.49037475E-02
  0.51999999E+00  0.11200000E+01  0.49748454E-02
  0.51999999E+00  0.11400000E+01  0.51480103E-02
  0.51999999E+00  0.11600000E+01  0.53201336E-02
  0.51999999E+00  0.11800000E+01  0.54899800E-02
  0.51999999E+00  0.12000000E+01  0.56561995E-02
  0.51999999E+00  0.12200000E+01  0.58173431E-02
  0.51999999E+00  0.12400000E+01  0.59718840E-02
  0.51999999E+00  0.12600000E+01  0.61182464E-02
  0.51999999E+00  0.12800000E+01  0.62548428E-02
  0.51999999E+00  0.13000000E+01  0.63801206E-02
  0.51999999E+00  0.13200000E+01  0.64926191E-02
  0.51999999E+00  0.13400000E+01  0.65910373E-02
  0.51999999E+00  0.13600000E+01  0.66743127E-02
  0.51999999E+00  0.13800000E+01  0.67417120E-02
  0.51999999E+00  0.14000000E+01  0.67929320E-02
  0.51999999E+00  0.14200000E+01  0.68282083E-02
  0.51999999E+00  0.14400000E+01  0.68484302E-02
  0.51999999E+00  0.14600000E+01  0.68552532E-02
  0.51999999E+00  0.14800000E+01  0.68512023E-02
  0.51999999E+00  0.15000000E+01  0.68397493E-02
  0.51999999E+00  0.15200000E+01  0.68253432E-02
  0.51999999E+00  0.15400000E+01  0.68133578E-02
  0.51999999E+00  0.15600000E+01  0.68099005E-02
  0.51999999E+00  0.15800000E+01  0.68213929E-02
  0.51999999E+00  0.16000000E+01  0.68537642E-02
  0.51999999E+00  0.16200000E+01  0.69109642E-02
  0.51999999E+00  0.16400000E+01  0.69921822E-02
  0.51999999E+00  0.16600000E+01  0.70862618E-02
  0.51999999E+00  0.16800000E+01  0.71585425E-02
  0.51999999E+00  0.17000000E+01  0.71064679E-02
  0.51999999E+00  0.17200000E+01  0.63007843E-02
  0.51999999E+00  0.17400000E+01  0.64399730E-02
  0.51999999E+00  0.17600000E+01  0.65817459E-02
  0.51999999E+00  0.17800000E+01  0.67260709E-02
  0.51999999E+00  0.18000000E+01  0.68729179E-02
  0.51999999E+00  0.18200000E+01  0.70222608E-02
  0.51999999E+00  0.18400000E+01  0.71740777E-02
  0.51999999E+00  0.18600000E+01  0.73283493E-02
  0.51999999E+00  0.18800000E+01  0.74850538E-02
  0.51999999E+00  0.19000000E+01  0.76441576E-02
  0.51999999E+00  0.19200000E+01  0.78056011E-02
  0.51999999E+00  0.19400000E+01  0.79692767E-02
  0.51999999E+00  0.19600000E+01  0.81349998E-02
  0.51999999E+00  0.19800000E+01  0.83024685E-02
  0.51999999E+00  0.20000000E+01  0.84712129E-02
  0.53999999E+00  0.00000000E+00  0.90568900E-04
  0.53999999E+00  0.20000000E-01  0.19835021E-03
  0.53999999E+00  0.39999999E-01  0.30526237E-03
  0.53999999E+00  0.59999999E-01  0.41128073E-03
  0.53999999E+00  0.79999998E-01  0.51642266E-03
  0.53999999E+00  0.99999998E-01  0.62075120E-03
  0.53999999E+00  0.12000000E+00  0.72437642E-03
  0.53999999E+00  0.14000000E+00  0.82745365E-03
  0.53999999E+00  0.16000000E+00  0.93017819E-03
  0.53999999E+00  0.18000000E+00  0.10327753E-02
  0.53999999E+00  0.20000000E+00  0.11354846E-02
  0.53999999E+00  0.22000000E+00  0.12385380E-02
  0.53999999E+00  0.23999999E+00  0.13421285E-02
  0.53999999E+00  0.25999999E+00  0.14463697E-02
  0.53999999E+00  0.27999999E+00  0.15512413E-02
  0.53999999E+00  0.29999999E+00  0.16565192E-02
  0.53999999E+00  0.31999999E+00  0.17616829E-02
  0.53999999E+00  0.33999999E+00  0.18657925E-02
  0.53999999E+00  0.35999999E+00  0.19673182E-02
  0.53999999E+00  0.37999999E+00  0.20638890E-02
  0.53999999E+00  0.39999999E+00  0.21518852E-02
  0.53999999E+00  0.41999999E+00  0.22256761E-02
  0.53999999E+00  0.43999999E+00  0.22758695E-02
  0.53999999E+00  0.45999999E+00  0.22838065E-02
  0.53999999E+00  0.47999999E+00  0.21868618E-02
  0.53999999E+00  0.49999999E+00  0.20420025E-02
  0.53999999E+00  0.51999999E+00  0.21333231E-02
  0.53999999E+00  0.53999999E+00  0.22249292E-02
  0.53999999E+00  0.55999999E+00  0.23172552E-02
  0.53999999E+00  0.57999999E+00  0.24108119E-02
  0.53999999E+00  0.59999999E+00  0.25061742E-02
  0.53999999E+00  0.61999999E+00  0.26039635E-02
  0.53999999E+00  0.63999999E+00  0.27048263E-02
  0.53999999E+00  0.65999999E+00  0.28094063E-02
  0.53999999E+00  0.67999998E+00  0.29183117E-02
  0.53999999E+00  0.69999998E+00  0.30320763E-02
  0.53999999E+00  0.71999998E+00  0.31511147E-02
  0.53999999E+00  0.73999998E+00  0.32756726E-02
  0.53999999E+00  0.75999998E+00  0.34057712E-02
  0.53999999E+00  0.77999998E+00  0.35411486E-02
  0.53999999E+00  0.79999998E+00  0.36811978E-02
  0.53999999E+00  0.81999998E+00  0.38249061E-02
  0.53999999E+00  0.83999998E+00  0.39707963E-02
  0.53999999E+00  0.85999998E+00  0.41168782E-02
  0.53999999E+00  0.87999998E+00  0.42606143E-02
  0.53999999E+00  0.89999998E+00  0.43989115E-02
  0.53999999E+00  0.91999998E+00  0.45281524E-02
  0.53999999E+00  0.93999998E+00  0.46442868E-02
  0.53999999E+00  0.95999998E+00  0.47430141E-02
  0.53999999E+00  0.97999998E+00  0.48201067E-02
  0.53999999E+00  0.99999998E+00  0.48719526E-02
  0.53999999E+00  0.10200000E+01  0.48964674E-02
  0.53999999E+00  0.10400000E+01  0.48946755E-02
  0.53999999E+00  0.10600000E+01  0.48737002E-02
  0.53999999E+00  0.10800000E+01  0.48534495E-02
  0.53999999E+00  0.11000000E+01  0.49165522E-02
  0.53999999E+00  0.11200000E+01  0.50911263E-02
  0.53999999E+00  0.11400000E+01  0.52650342E-02
  0.53999999E+00  0.11600000E+01  0.54370068E-02
  0.53999999E+00  0.11800000E+01  0.56056489E-02
  0.53999999E+00  0.12000000E+01  0.57694542E-02
  0.53999999E+00  0.12200000E+01  0.59268274E-02
  0.53999999E+00  0.12400000E+01  0.60761134E-02
  0.53999999E+00  0.12600000E+01  0.62156366E-02
  0.53999999E+00  0.12800000E+01  0.63437486E-02
  0.53999999E+00  0.13000000E+01  0.64588885E-02
  0.53999999E+00  0.13200000E+01  0.65596532E-02
  0.53999999E+00  0.13400000E+01  0.66448808E-02
  0.53999999E+00  0.13600000E+01  0.67137453E-02
  0.53999999E+00  0.13800000E+01  0.67658628E-02
  0.53999999E+00  0.14000000E+01  0.68014069E-02
  0.53999999E+00  0.14200000E+01  0.68212290E-02
  0.53999999E+00  0.14400000E+01  0.68269790E-02
  0.53999999E+00  0.14600000E+01  0.68212151E-02
  0.53999999E+00  0.14800000E+01  0.68074890E-02
  0.53999999E+00  0.15000000E+01  0.67903830E-02
  0.53999999E+00  0.15200000E+01  0.67754638E-02
  0.53999999E+00  0.15400000E+01  0.67690967E-02
  0.53999999E+00  0.15600000E+01  0.67780287E-02
  0.53999999E+00  0.15800000E+01  0.68085820E-02
  0.53999999E+00  0.16000000E+01  0.68651654E-02
  0.53999999E+00  0.16200000E+01  0.69474908E-02
  0.53999999E+00  0.16400000E+01  0.70449975E-02
  0.53999999E+00  0.16600000E+01  0.71237717E-02
  0.53999999E+00  0.16800000E+01  0.70826772E-02
  0.53999999E+00  0.17000000E+01  0.63029516E-02
  0.53999999E+00  0.17200000E+01  0.64384836E-02
  0.53999999E+00  0.17400000E+01  0.65759209E-02
  0.53999999E+00  0.17600000E+01  0.67152774E-02
  0.53999999E+00  0.17800000E+01  0.68565907E-02
  0.53999999E+00  0.18000000E+01  0.69999251E-02
  0.53999999E+00  0.18200000E+01  0.71453723E-02
  0.53999999E+00  0.18400000E+01  0.72930494E-02
  0.53999999E+00  0.18600000E+01  0.74430923E-02
  0.53999999E+00  0.18800000E+01  0.75956439E-02
  0.53999999E+00  0.19000000E+01  0.77508357E-02
  0.53999999E+00  0.19200000E+01  0.79087599E-02
  0.53999999E+00  0.19400000E+01  0.80694319E-02
  0.53999999E+00  0.19600000E+01  0.82327407E-02
  0.53999999E+00  0.19800000E+01  0.83983847E-02
  0.53999999E+00  0.20000000E+01  0.85657928E-02
  0.55999999E+00  0.00000000E+00  0.10092932E-03
  0.55999999E+00  0.20000000E-01  0.21299438E-03
  0.55999999E+00  0.39999999E-01  0.32364697E-03
  0.55999999E+00  0.59999999E-01  0.43298739E-03
  0.55999999E+00  0.79999998E-01  0.54116434E-03
  0.55999999E+00  0.99999998E-01  0.64837295E-03
  0.55999999E+00  0.12000000E+00  0.75484904E-03
  0.55999999E+00  0.14000000E+00  0.86085904E-03
  0.55999999E+00  0.16000000E+00  0.96668454E-03
  0.55999999E+00  0.18000000E+00  0.10726007E-02
  0.55999999E+00  0.20000000E+00  0.11788476E-02
  0.55999999E+00  0.22000000E+00  0.12855924E-02
  0.55999999E+00  0.23999999E+00  0.13928826E-02
  0.55999999E+00  0.25999999E+00  0.15005860E-02
  0.55999999E+00  0.27999999E+00  0.16083174E-02
  0.55999999E+00  0.29999999E+00  0.17153456E-02
  0.55999999E+00  0.31999999E+00  0.18204771E-02
  0.55999999E+00  0.33999999E+00  0.19219003E-02
  0.55999999E+00  0.35999999E+00  0.20169677E-02
  0.55999999E+00  0.37999999E+00  0.21018500E-02
  0.55999999E+00  0.39999999E+00  0.21708923E-02
  0.55999999E+00  0.41999999E+00  0.22151096E-02
  0.55999999E+00  0.43999999E+00  0.22173000E-02
  0.55999999E+00  0.45999999E+00  0.21201345E-02
  0.55999999E+00  0.47999999E+00  0.19847576E-02
  0.55999999E+00  0.49999999E+00  0.20749294E-02
  0.55999999E+00  0.51999999E+00  0.21651491E-02
  0.55999999E+00  0.53999999E+00  0.22558158E-02
  0.55999999E+00  0.55999999E+00  0.23474078E-02
  0.55999999E+00  0.57999999E+00  0.24404713E-02
  0.55999999E+00  0.59999999E+00  0.25356047E-02
  0.55999999E+00  0.61999999E+00  0.26334382E-02
  0.55999999E+00  0.63999999E+00  0.27346084E-02
  0.55999999E+00  0.65999999E+00  0.28397274E-02
  0.55999999E+00  0.67999998E+00  0.29493460E-02
  0.55999999E+00  0.69999998E+00  0.30639122E-02
  0.55999999E+00  0.71999998E+00  0.31837237E-02
  0.55999999E+00  0.73999998E+00  0.33088759E-02
  0.55999999E+00  0.75999998E+00  0.34392066E-02
  0.55999999E+00  0.77999998E+00  0.35742379E-02
  0.55999999E+00  0.79999998E+00  0.37131183E-02
  0.55999999E+00  0.81999998E+00  0.38545684E-02
  0.55999999E+00  0.83999998E+00  0.39968336E-02
  0.55999999E+00  0.85999998E+00  0.41376514E-02
  0.55999999E+00  0.87999998E+00  0.42742413E-02
  0.55999999E+00  0.89999998E+00  0.44033300E-02
  0.55999999E+00  0.91999998E+00  0.45212294E-02
  0.55999999E+00  0.93999998E+00  0.46239938E-02
  0.55999999E+00  0.95999998E+00  0.47076974E-02
  0.55999999E+00  0.97999998E+00  0.47688968E-02
  0.55999999E+00  0.99999998E+00  0.48053951E-02
  0.55999999E+00  0.10200000E+01  0.48175340E-02
  0.55999999E+00  0.10400000E+01  0.48105099E-02
  0.55999999E+00  0.10600000E+01  0.47986949E-02
  0.55999999E+00  0.10800000E+01  0.48481511E-02
  0.55999999E+00  0.11000000E+01  0.50231275E-02
  0.55999999E+00  0.11200000E+01  0.51978195E-02
  0.55999999E+00  0.11400000E+01  0.53709430E-02
  0.55999999E+00  0.11600000E+01  0.55410778E-02
  0.55999999E+00  0.11800000E+01  0.57066827E-02
  0.55999999E+00  0.12000000E+01  0.58661171E-02
  0.55999999E+00  0.12200000E+01  0.60176716E-02
  0.55999999E+00  0.12400000E+01  0.61596071E-02
  0.55999999E+00  0.12600000E+01  0.62902053E-02
  0.55999999E+00  0.12800000E+01  0.64078289E-02
  0.55999999E+00  0.13000000E+01  0.65109959E-02
  0.55999999E+00  0.13200000E+01  0.65984644E-02
  0.55999999E+00  0.13400000E+01  0.66693316E-02
  0.55999999E+00  0.13600000E+01  0.67231429E-02
  0.55999999E+00  0.13800000E+01  0.67600121E-02
  0.55999999E+00  0.14000000E+01  0.67807463E-02
  0.55999999E+00  0.14200000E+01  0.67869713E-02
  0.55999999E+00  0.14400000E+01  0.67812468E-02
  0.55999999E+00  0.14600000E+01  0.67671573E-02
  0.55999999E+00  0.14800000E+01  0.67493541E-02
  0.55999999E+00  0.15000000E+01  0.67335153E-02
  0.55999999E+00  0.15200000E+01  0.67261647E-02
  0.55999999E+00  0.15400000E+01  0.67342620E-02
  0.55999999E+00  0.15600000E+01  0.67644038E-02
  0.55999999E+00  0.15800000E+01  0.68213489E-02
  0.55999999E+00  0.16000000E+01  0.69052628E-02
  0.55999999E+00  0.16200000E+01  0.70062137E-02
  0.55999999E+00  0.16400000E+01  0.70913087E-02
  0.55999999E+00  0.16600000E+01  0.70617822E-02
  0.55999999E+00  0.16800000E+01  0.63149850E-02
  0.55999999E+00  0.17000000E+01  0.64477636E-02
  0.55999999E+00  0.17200000E+01  0.65817411E-02
  0.55999999E+00  0.17400000E+01  0.67169615E-02
  0.55999999E+00  0.17600000E+01  0.68535133E-02
  0.55999999E+00  0.17800000E+01  0.69915334E-02
  0.55999999E+00  0.18000000E+01  0.71312087E-02
  0.55999999E+00  0.18200000E+01  0.72727739E-02
  0.55999999E+00  0.18400000E+01  0.74165041E-02
  0.55999999E+00  0.18600000E+01  0.75627007E-02
  0.55999999E+00  0.18800000E+01  0.77116692E-02
  0.55999999E+00  0.19000000E+01  0.78636867E-02
  0.55999999E+00  0.19200000E+01  0.80189569E-02
  0.55999999E+00  0.19400000E+01  0.81775514E-02
  0.55999999E+00  0.19600000E+01  0.83393340E-02
  0.55999999E+00  0.19800000E+01  0.85038678E-02
  0.55999999E+00  0.20000000E+01  0.86703025E-02
  0.57999999E+00  0.00000000E+00  0.11184140E-03
  0.57999999E+00  0.20000000E-01  0.22789849E-03
  0.57999999E+00  0.39999999E-01  0.34211253E-03
  0.57999999E+00  0.59999999E-01  0.45472163E-03
  0.57999999E+00  0.79999998E-01  0.56601190E-03
  0.57999999E+00  0.99999998E-01  0.67630784E-03
  0.57999999E+00  0.12000000E+00  0.78595738E-03
  0.57999999E+00  0.14000000E+00  0.89531094E-03
  0.57999999E+00  0.16000000E+00  0.10046935E-02
  0.57999999E+00  0.18000000E+00  0.11143691E-02
  0.57999999E+00  0.20000000E+00  0.12244960E-02
  0.57999999E+00  0.22000000E+00  0.13350727E-02
  0.57999999E+00  0.23999999E+00  0.14458722E-02
  0.57999999E+00  0.25999999E+00  0.15563636E-02
  0.57999999E+00  0.27999999E+00  0.16656195E-02
  0.57999999E+00  0.29999999E+00  0.17722026E-02
  0.57999999E+00  0.31999999E+00  0.18740265E-02
  0.57999999E+00  0.33999999E+00  0.19681681E-02
  0.57999999E+00  0.35999999E+00  0.20505831E-02
  0.57999999E+00  0.37999999E+00  0.21155801E-02
  0.57999999E+00  0.39999999E+00  0.21545605E-02
  0.57999999E+00  0.41999999E+00  0.21517493E-02
  0.57999999E+00  0.43999999E+00  0.20550732E-02
  0.57999999E+00  0.45999999E+00  0.19297488E-02
  0.57999999E+00  0.47999999E+00  0.20193147E-02
  0.57999999E+00  0.49999999E+00  0.21087367E-02
  0.57999999E+00  0.51999999E+00  0.21983714E-02
  0.57999999E+00  0.53999999E+00  0.22886549E-02
  0.57999999E+00  0.55999999E+00  0.23800932E-02
  0.57999999E+00  0.57999999E+00  0.24732484E-02
  0.57999999E+00  0.59999999E+00  0.25687195E-02
  0.57999999E+00  0.61999999E+00  0.26671193E-02
  0.57999999E+00  0.63999999E+00  0.27690457E-02
  0.57999999E+00  0.65999999E+00  0.28750483E-02
  0.57999999E+00  0.67999998E+00  0.29855892E-02
  0.57999999E+00  0.69999998E+00  0.31009994E-02
  0.57999999E+00  0.71999998E+00  0.32214311E-02
  0.57999999E+00  0.73999998E+00  0.33468060E-02
  0.57999999E+00  0.75999998E+00  0.34767623E-02
  0.57999999E+00  0.77999998E+00  0.36106011E-02
  0.57999999E+00  0.79999998E+00  0.37472363E-02
  0.57999999E+00  0.81999998E+00  0.38851514E-02
  0.57999999E+00  0.83999998E+00  0.40223684E-02
  0.57999999E+00  0.85999998E+00  0.41564367E-02
  0.57999999E+00  0.87999998E+00  0.42844528E-02
  0.57999999E+00  0.89999998E+00  0.44031244E-02
  0.57999999E+00  0.91999998E+00  0.45089003E-02
  0.57999999E+00  0.93999998E+00  0.45981978E-02
  0.57999999E+00  0.95999998E+00  0.46677756E-02
  0.57999999E+00  0.97999998E+00  0.47153329E-02
  0.57999999E+00  0.99999998E+00  0.47404742E-02
  0.57999999E+00  0.10200000E+01  0.47462569E-02
  0.57999999E+00  0.10400000E+01  0.47407755E-02
  0.57999999E+00  0.10600000E+01  0.47714892E-02
  0.57999999E+00  0.10800000E+01  0.49458963E-02
  0.57999999E+00  0.11000000E+01  0.51203876E-02
  0.57999999E+00  0.11200000E+01  0.52936809E-02
  0.57999999E+00  0.11400000E+01  0.54643499E-02
  0.57999999E+00  0.11600000E+01  0.56308390E-02
  0.57999999E+00  0.11800000E+01  0.57914852E-02
  0.57999999E+00  0.12000000E+01  0.59445487E-02
  0.57999999E+00  0.12200000E+01  0.60882523E-02
  0.57999999E+00  0.12400000E+01  0.62208329E-02
  0.57999999E+00  0.12600000E+01  0.63406026E-02
  0.57999999E+00  0.12800000E+01  0.64460244E-02
  0.57999999E+00  0.13000000E+01  0.65357987E-02
  0.57999999E+00  0.13200000E+01  0.66089639E-02
  0.57999999E+00  0.13400000E+01  0.66650086E-02
  0.57999999E+00  0.13600000E+01  0.67039934E-02
  0.57999999E+00  0.13800000E+01  0.67266788E-02
  0.57999999E+00  0.14000000E+01  0.67346537E-02
  0.57999999E+00  0.14200000E+01  0.67304535E-02
  0.57999999E+00  0.14400000E+01  0.67176542E-02
  0.57999999E+00  0.14600000E+01  0.67009182E-02
  0.57999999E+00  0.14800000E+01  0.66859587E-02
  0.57999999E+00  0.15000000E+01  0.66793645E-02
  0.57999999E+00  0.15200000E+01  0.66881985E-02
  0.57999999E+00  0.15400000E+01  0.67192147E-02
  0.57999999E+00  0.15600000E+01  0.67774104E-02
  0.57999999E+00  0.15800000E+01  0.68633279E-02
  0.57999999E+00  0.16000000E+01  0.69676779E-02
  0.57999999E+00  0.16200000E+01  0.70588234E-02
  0.57999999E+00  0.16400000E+01  0.70412208E-02
  0.57999999E+00  0.16600000E+01  0.63333747E-02
  0.57999999E+00  0.16800000E+01  0.64643385E-02
  0.57999999E+00  0.17000000E+01  0.65957993E-02
  0.57999999E+00  0.17200000E+01  0.67278161E-02
  0.57999999E+00  0.17400000E+01  0.68605116E-02
  0.57999999E+00  0.17600000E+01  0.69940773E-02
  0.57999999E+00  0.17800000E+01  0.71287755E-02
  0.57999999E+00  0.18000000E+01  0.72649382E-02
  0.57999999E+00  0.18200000E+01  0.74029579E-02
  0.57999999E+00  0.18400000E+01  0.75432729E-02
  0.57999999E+00  0.18600000E+01  0.76863417E-02
  0.57999999E+00  0.18800000E+01  0.78326058E-02
  0.57999999E+00  0.19000000E+01  0.79824395E-02
  0.57999999E+00  0.19200000E+01  0.81360820E-02
  0.57999999E+00  0.19400000E+01  0.82935528E-02
  0.57999999E+00  0.19600000E+01  0.84545456E-02
  0.57999999E+00  0.19800000E+01  0.86183016E-02
  0.57999999E+00  0.20000000E+01  0.87834622E-02
  0.59999999E+00  0.00000000E+00  0.12340223E-03
  0.59999999E+00  0.20000000E-01  0.24321693E-03
  0.59999999E+00  0.39999999E-01  0.36088814E-03
  0.59999999E+00  0.59999999E-01  0.47679741E-03
  0.59999999E+00  0.79999998E-01  0.59136467E-03
  0.59999999E+00  0.99999998E-01  0.70502859E-03
  0.59999999E+00  0.12000000E+00  0.81822007E-03
  0.59999999E+00  0.14000000E+00  0.93132786E-03
  0.59999999E+00  0.16000000E+00  0.10446558E-02
  0.59999999E+00  0.18000000E+00  0.11583709E-02
  0.59999999E+00  0.20000000E+00  0.12724413E-02
  0.59999999E+00  0.22000000E+00  0.13865642E-02
  0.59999999E+00  0.23999999E+00  0.15000822E-02
  0.59999999E+00  0.25999999E+00  0.16118884E-02
  0.59999999E+00  0.27999999E+00  0.17203173E-02
  0.59999999E+00  0.29999999E+00  0.18230187E-02
  0.59999999E+00  0.31999999E+00  0.19168004E-02
  0.59999999E+00  0.33999999E+00  0.19974024E-02
  0.59999999E+00  0.35999999E+00  0.20590879E-02
  0.59999999E+00  0.37999999E+00  0.20936244E-02
  0.59999999E+00  0.39999999E+00  0.20866283E-02
  0.59999999E+00  0.41999999E+00  0.19912207E-02
  0.59999999E+00  0.43999999E+00  0.18765009E-02
  0.59999999E+00  0.45999999E+00  0.19659544E-02
  0.59999999E+00  0.47999999E+00  0.20551231E-02
  0.59999999E+00  0.49999999E+00  0.21443154E-02
  0.59999999E+00  0.51999999E+00  0.22339181E-02
  0.59999999E+00  0.53999999E+00  0.23243877E-02
  0.59999999E+00  0.55999999E+00  0.24162382E-02
  0.59999999E+00  0.57999999E+00  0.25100240E-02
  0.59999999E+00  0.59999999E+00  0.26063189E-02
  0.59999999E+00  0.61999999E+00  0.27056903E-02
  0.59999999E+00  0.63999999E+00  0.28086681E-02
  0.59999999E+00  0.65999999E+00  0.29157102E-02
  0.59999999E+00  0.67999998E+00  0.30271622E-02
  0.59999999E+00  0.69999998E+00  0.31432145E-02
  0.59999999E+00  0.71999998E+00  0.32638556E-02
  0.59999999E+00  0.73999998E+00  0.33888246E-02
  0.59999999E+00  0.75999998E+00  0.35175633E-02
  0.59999999E+00  0.77999998E+00  0.36491712E-02
  0.59999999E+00  0.79999998E+00  0.37823673E-02
  0.59999999E+00  0.81999998E+00  0.39154617E-02
  0.59999999E+00  0.83999998E+00  0.40463450E-02
  0.59999999E+00  0.85999998E+00  0.41725024E-02
  0.59999999E+00  0.87999998E+00  0.42910638E-02
  0.59999999E+00  0.89999998E+00  0.43989055E-02
  0.59999999E+00  0.91999998E+00  0.44928236E-02
  0.59999999E+00  0.93999998E+00  0.45698105E-02
  0.59999999E+00  0.95999998E+00  0.46274738E-02
  0.59999999E+00  0.97999998E+00  0.46646423E-02
  0.59999999E+00  0.99999998E+00  0.46820654E-02
  0.59999999E+00  0.10200000E+01  0.46809458E-02
  0.59999999E+00  0.10400000E+01  0.46884506E-02
  0.59999999E+00  0.10600000E+01  0.48613840E-02
  0.59999999E+00  0.10800000E+01  0.50347402E-02
  0.59999999E+00  0.11000000E+01  0.52072532E-02
  0.59999999E+00  0.11200000E+01  0.53775078E-02
  0.59999999E+00  0.11400000E+01  0.55439530E-02
  0.59999999E+00  0.11600000E+01  0.57049246E-02
  0.59999999E+00  0.11800000E+01  0.58586749E-02
  0.59999999E+00  0.12000000E+01  0.60034133E-02
  0.59999999E+00  0.12200000E+01  0.61373567E-02
  0.59999999E+00  0.12400000E+01  0.62587925E-02
  0.59999999E+00  0.12600000E+01  0.63661532E-02
  0.59999999E+00  0.12800000E+01  0.64581048E-02
  0.59999999E+00  0.13000000E+01  0.65336478E-02
  0.59999999E+00  0.13200000E+01  0.65922298E-02
  0.59999999E+00  0.13400000E+01  0.66338681E-02
  0.59999999E+00  0.13600000E+01  0.66592791E-02
  0.59999999E+00  0.13800000E+01  0.66700066E-02
  0.59999999E+00  0.14000000E+01  0.66685413E-02
  0.59999999E+00  0.14200000E+01  0.66584159E-02
  0.59999999E+00  0.14400000E+01  0.66442524E-02
  0.59999999E+00  0.14600000E+01  0.66317296E-02
  0.59999999E+00  0.14800000E+01  0.66274135E-02
  0.59999999E+00  0.15000000E+01  0.66383669E-02
  0.59999999E+00  0.15200000E+01  0.66713871E-02
  0.59999999E+00  0.15400000E+01  0.67315984E-02
  0.59999999E+00  0.15600000E+01  0.68198364E-02
  0.59999999E+00  0.15800000E+01  0.69274512E-02
  0.59999999E+00  0.16000000E+01  0.70242546E-02
  0.59999999E+00  0.16200000E+01  0.70186697E-02
  0.59999999E+00  0.16400000E+01  0.63547596E-02
  0.59999999E+00  0.16600000E+01  0.64848293E-02
  0.59999999E+00  0.16800000E+01  0.66147271E-02
  0.59999999E+00  0.17000000E+01  0.67445139E-02
  0.59999999E+00  0.17200000E+01  0.68743306E-02
  0.59999999E+00  0.17400000E+01  0.70044053E-02
  0.59999999E+00  0.17600000E+01  0.71350566E-02
  0.59999999E+00  0.17800000E+01  0.72666916E-02
  0.59999999E+00  0.18000000E+01  0.73997977E-02
  0.59999999E+00  0.18200000E+01  0.75349258E-02
  0.59999999E+00  0.18400000E+01  0.76726628E-02
  0.59999999E+00  0.18600000E+01  0.78135907E-02
  0.59999999E+00  0.18800000E+01  0.79582313E-02
  0.59999999E+00  0.19000000E+01  0.81069716E-02
  0.59999999E+00  0.19200000E+01  0.82599705E-02
  0.59999999E+00  0.19400000E+01  0.84170423E-02
  0.59999999E+00  0.19600000E+01  0.85775180E-02
  0.59999999E+00  0.19800000E+01  0.87400831E-02
  0.59999999E+00  0.20000000E+01  0.89025955E-02
  0.61999999E+00  0.00000000E+00  0.13576589E-03
  0.61999999E+00  0.20000000E-01  0.25917905E-03
  0.61999999E+00  0.39999999E-01  0.38028920E-03
  0.61999999E+00  0.59999999E-01  0.49961702E-03
  0.61999999E+00  0.79999998E-01  0.61769989E-03
  0.61999999E+00  0.99999998E-01  0.73505968E-03
  0.61999999E+00  0.12000000E+00  0.85216209E-03
  0.61999999E+00  0.14000000E+00  0.96936651E-03
  0.61999999E+00  0.16000000E+00  0.10868663E-02
  0.61999999E+00  0.18000000E+00  0.12046190E-02
  0.61999999E+00  0.20000000E+00  0.13222663E-02
  0.61999999E+00  0.22000000E+00  0.14390454E-02
  0.61999999E+00  0.23999999E+00  0.15536902E-02
  0.61999999E+00  0.25999999E+00  0.16643257E-02
  0.61999999E+00  0.27999999E+00  0.17683533E-02
  0.61999999E+00  0.29999999E+00  0.18623218E-02
  0.61999999E+00  0.31999999E+00  0.19417599E-02
  0.61999999E+00  0.33999999E+00  0.20008788E-02
  0.61999999E+00  0.35999999E+00  0.20317921E-02
  0.61999999E+00  0.37999999E+00  0.20214663E-02
  0.61999999E+00  0.39999999E+00  0.19281312E-02
  0.61999999E+00  0.41999999E+00  0.18245137E-02
  0.61999999E+00  0.43999999E+00  0.19142907E-02
  0.61999999E+00  0.45999999E+00  0.20036954E-02
  0.61999999E+00  0.47999999E+00  0.20929847E-02
  0.61999999E+00  0.49999999E+00  0.21824908E-02
  0.61999999E+00  0.51999999E+00  0.22726135E-02
  0.61999999E+00  0.53999999E+00  0.23638090E-02
  0.61999999E+00  0.55999999E+00  0.24565758E-02
  0.61999999E+00  0.57999999E+00  0.25514352E-02
  0.61999999E+00  0.59999999E+00  0.26489087E-02
  0.61999999E+00  0.61999999E+00  0.27494901E-02
  0.61999999E+00  0.63999999E+00  0.28536151E-02
  0.61999999E+00  0.65999999E+00  0.29616253E-02
  0.61999999E+00  0.67999998E+00  0.30737306E-02
  0.61999999E+00  0.69999998E+00  0.31899686E-02
  0.61999999E+00  0.71999998E+00  0.33101626E-02
  0.61999999E+00  0.73999998E+00  0.34338806E-02
  0.61999999E+00  0.75999998E+00  0.35603969E-02
  0.61999999E+00  0.77999998E+00  0.36886592E-02
  0.61999999E+00  0.79999998E+00  0.38172649E-02
  0.61999999E+00  0.81999998E+00  0.39444509E-02
  0.61999999E+00  0.83999998E+00  0.40681035E-02
  0.61999999E+00  0.85999998E+00  0.41857949E-02
  0.61999999E+00  0.87999998E+00  0.42948550E-02
  0.61999999E+00  0.89999998E+00  0.43924895E-02
  0.61999999E+00  0.91999998E+00  0.44759532E-02
  0.61999999E+00  0.93999998E+00  0.45427779E-02
  0.61999999E+00  0.95999998E+00  0.45909937E-02
  0.61999999E+00  0.97999998E+00  0.46189153E-02
  0.61999999E+00  0.99999998E+00  0.46203658E-02
  0.61999999E+00  0.10200000E+01  0.46008751E-02
  0.61999999E+00  0.10400000E+01  0.47715230E-02
  0.61999999E+00  0.10600000E+01  0.49428881E-02
  0.61999999E+00  0.10800000E+01  0.51137333E-02
  0.61999999E+00  0.11000000E+01  0.52826686E-02
  0.61999999E+00  0.11200000E+01  0.54481650E-02
  0.61999999E+00  0.11400000E+01  0.56085758E-02
  0.61999999E+00  0.11600000E+01  0.57621671E-02
  0.61999999E+00  0.11800000E+01  0.59071573E-02
  0.61999999E+00  0.12000000E+01  0.60417678E-02
  0.61999999E+00  0.12200000E+01  0.61642856E-02
  0.61999999E+00  0.12400000E+01  0.62731380E-02
  0.61999999E+00  0.12600000E+01  0.63669803E-02
  0.61999999E+00  0.12800000E+01  0.64447965E-02
  0.61999999E+00  0.13000000E+01  0.65060112E-02
  0.61999999E+00  0.13200000E+01  0.65506116E-02
  0.61999999E+00  0.13400000E+01  0.65792752E-02
  0.61999999E+00  0.13600000E+01  0.65934972E-02
  0.61999999E+00  0.13800000E+01  0.65957086E-02
  0.61999999E+00  0.14000000E+01  0.65893696E-02
  0.61999999E+00  0.14200000E+01  0.65790174E-02
  0.61999999E+00  0.14400000E+01  0.65702336E-02
  0.61999999E+00  0.14600000E+01  0.65694815E-02
  0.61999999E+00  0.14800000E+01  0.65837265E-02
  0.61999999E+00  0.15000000E+01  0.66197001E-02
  0.61999999E+00  0.15200000E+01  0.66825444E-02
  0.61999999E+00  0.15400000E+01  0.67733004E-02
  0.61999999E+00  0.15600000E+01  0.68839381E-02
  0.61999999E+00  0.15800000E+01  0.69858699E-02
  0.61999999E+00  0.16000000E+01  0.69921181E-02
  0.61999999E+00  0.16200000E+01  0.63760424E-02
  0.61999999E+00  0.16400000E+01  0.65060754E-02
  0.61999999E+00  0.16600000E+01  0.66353255E-02
  0.61999999E+00  0.16800000E+01  0.67638437E-02
  0.61999999E+00  0.17000000E+01  0.68917751E-02
  0.61999999E+00  0.17200000E+01  0.70193682E-02
  0.61999999E+00  0.17400000E+01  0.71469782E-02
  0.61999999E+00  0.17600000E+01  0.72750662E-02
  0.61999999E+00  0.17800000E+01  0.74041907E-02
  0.61999999E+00  0.18000000E+01  0.75349902E-02
  0.61999999E+00  0.18200000E+01  0.76681532E-02
  0.61999999E+00  0.18400000E+01  0.78043755E-02
  0.61999999E+00  0.18600000E+01  0.79442997E-02
  0.61999999E+00  0.18800000E+01  0.80884363E-02
  0.61999999E+00  0.19000000E+01  0.82370625E-02
  0.61999999E+00  0.19200000E+01  0.83900979E-02
  0.61999999E+00  0.19400000E+01  0.85469551E-02
  0.61999999E+00  0.19600000E+01  0.87063663E-02
  0.61999999E+00  0.19800000E+01  0.88661888E-02
  0.61999999E+00  0.20000000E+01  0.90231954E-02
  0.63999999E+00  0.00000000E+00  0.14915044E-03
  0.63999999E+00  0.20000000E-01  0.27609112E-03
  0.63999999E+00  0.39999999E-01  0.40071157E-03
  0.63999999E+00  0.59999999E-01  0.52365431E-03
  0.63999999E+00  0.79999998E-01  0.64554158E-03
  0.63999999E+00  0.99999998E-01  0.76692816E-03
  0.63999999E+00  0.12000000E+00  0.88824397E-03
  0.63999999E+00  0.14000000E+00  0.10097263E-02
  0.63999999E+00  0.16000000E+00  0.11313417E-02
  0.63999999E+00  0.18000000E+00  0.12526984E-02
  0.63999999E+00  0.20000000E+00  0.13729501E-02
  0.63999999E+00  0.22000000E+00  0.14906944E-02
  0.63999999E+00  0.23999999E+00  0.16038678E-02
  0.63999999E+00  0.25999999E+00  0.17096423E-02
  0.63999999E+00  0.27999999E+00  0.18043220E-02
  0.63999999E+00  0.29999999E+00  0.18832307E-02
  0.63999999E+00  0.31999999E+00  0.19405241E-02
  0.63999999E+00  0.33999999E+00  0.19686420E-02
  0.63999999E+00  0.35999999E+00  0.19558526E-02
  0.63999999E+00  0.37999999E+00  0.18653828E-02
  0.63999999E+00  0.39999999E+00  0.17732825E-02
  0.63999999E+00  0.41999999E+00  0.18637568E-02
  0.63999999E+00  0.43999999E+00  0.19538249E-02
  0.63999999E+00  0.45999999E+00  0.20436914E-02
  0.63999999E+00  0.47999999E+00  0.21336304E-02
  0.63999999E+00  0.49999999E+00  0.22239797E-02
  0.63999999E+00  0.51999999E+00  0.23151308E-02
  0.63999999E+00  0.53999999E+00  0.24075164E-02
  0.63999999E+00  0.55999999E+00  0.25015940E-02
  0.63999999E+00  0.57999999E+00  0.25978255E-02
  0.63999999E+00  0.59999999E+00  0.26966537E-02
  0.63999999E+00  0.61999999E+00  0.27984751E-02
  0.63999999E+00  0.63999999E+00  0.29036098E-02
  0.63999999E+00  0.65999999E+00  0.30122690E-02
  0.63999999E+00  0.67999998E+00  0.31245207E-02
  0.63999999E+00  0.69999998E+00  0.32402549E-02
  0.63999999E+00  0.71999998E+00  0.33591499E-02
  0.63999999E+00  0.73999998E+00  0.34806413E-02
  0.63999999E+00  0.75999998E+00  0.36038957E-02
  0.63999999E+00  0.77999998E+00  0.37277919E-02
  0.63999999E+00  0.79999998E+00  0.38509137E-02
  0.63999999E+00  0.81999998E+00  0.39715553E-02
  0.63999999E+00  0.83999998E+00  0.40877443E-02
  0.63999999E+00  0.85999998E+00  0.41972847E-02
  0.63999999E+00  0.87999998E+00  0.42978171E-02
  0.63999999E+00  0.89999998E+00  0.43868853E-02
  0.63999999E+00  0.91999998E+00  0.44619638E-02
  0.63999999E+00  0.93999998E+00  0.45202755E-02
  0.63999999E+00  0.95999998E+00  0.45576142E-02
  0.63999999E+00  0.97999998E+00  0.45600595E-02
  0.63999999E+00  0.99999998E+00  0.45104938E-02
  0.63999999E+00  0.10200000E+01  0.46781557E-02
  0.63999999E+00  0.10400000E+01  0.48467743E-02
  0.63999999E+00  0.10600000E+01  0.50151515E-02
  0.63999999E+00  0.10800000E+01  0.51819347E-02
  0.63999999E+00  0.11000000E+01  0.53456312E-02
  0.63999999E+00  0.11200000E+01  0.55046290E-02
  0.63999999E+00  0.11400000E+01  0.56572267E-02
  0.63999999E+00  0.11600000E+01  0.58016727E-02
  0.63999999E+00  0.11800000E+01  0.59362155E-02
  0.63999999E+00  0.12000000E+01  0.60591654E-02
  0.63999999E+00  0.12200000E+01  0.61689684E-02
  0.63999999E+00  0.12400000E+01  0.62642927E-02
  0.63999999E+00  0.12600000E+01  0.63441278E-02
  0.63999999E+00  0.12800000E+01  0.64078945E-02
  0.63999999E+00  0.13000000E+01  0.64555644E-02
  0.63999999E+00  0.13200000E+01  0.64877847E-02
  0.63999999E+00  0.13400000E+01  0.65060022E-02
  0.63999999E+00  0.13600000E+01  0.65125777E-02
  0.63999999E+00  0.13800000E+01  0.65108759E-02
  0.63999999E+00  0.14000000E+01  0.65053106E-02
  0.63999999E+00  0.14200000E+01  0.65013119E-02
  0.63999999E+00  0.14400000E+01  0.65051672E-02
  0.63999999E+00  0.14600000E+01  0.65236552E-02
  0.63999999E+00  0.14800000E+01  0.65633391E-02
  0.63999999E+00  0.15000000E+01  0.66292727E-02
  0.63999999E+00  0.15200000E+01  0.67226123E-02
  0.63999999E+00  0.15400000E+01  0.68359135E-02
  0.63999999E+00  0.15600000E+01  0.69423015E-02
  0.63999999E+00  0.15800000E+01  0.69599168E-02
  0.63999999E+00  0.16000000E+01  0.63944758E-02
  0.63999999E+00  0.16200000E+01  0.65252296E-02
  0.63999999E+00  0.16400000E+01  0.66546675E-02
  0.63999999E+00  0.16600000E+01  0.67828210E-02
  0.63999999E+00  0.16800000E+01  0.69098280E-02
  0.63999999E+00  0.17000000E+01  0.70359417E-02
  0.63999999E+00  0.17200000E+01  0.71615367E-02
  0.63999999E+00  0.17400000E+01  0.72871075E-02
  0.63999999E+00  0.17600000E+01  0.74132607E-02
  0.63999999E+00  0.17800000E+01  0.75406964E-02
  0.63999999E+00  0.18000000E+01  0.76701776E-02
  0.63999999E+00  0.18200000E+01  0.78024850E-02
  0.63999999E+00  0.18400000E+01  0.79383536E-02
  0.63999999E+00  0.18600000E+01  0.80783894E-02
  0.63999999E+00  0.18800000E+01  0.82229633E-02
  0.63999999E+00  0.19000000E+01  0.83720797E-02
  0.63999999E+00  0.19200000E+01  0.85252201E-02
  0.63999999E+00  0.19400000E+01  0.86811607E-02
  0.63999999E+00  0.19600000E+01  0.88377683E-02
  0.63999999E+00  0.19800000E+01  0.89917809E-02
  0.63999999E+00  0.20000000E+01  0.91385871E-02
  0.65999999E+00  0.00000000E+00  0.16384079E-03
  0.65999999E+00  0.20000000E-01  0.29433154E-03
  0.65999999E+00  0.39999999E-01  0.42261601E-03
  0.65999999E+00  0.59999999E-01  0.54942476E-03
  0.65999999E+00  0.79999998E-01  0.67541265E-03
  0.65999999E+00  0.99999998E-01  0.80109417E-03
  0.65999999E+00  0.12000000E+00  0.92676757E-03
  0.65999999E+00  0.14000000E+00  0.10524282E-02
  0.65999999E+00  0.16000000E+00  0.11776722E-02
  0.65999999E+00  0.18000000E+00  0.13015938E-02
  0.65999999E+00  0.20000000E+00  0.14226780E-02
  0.65999999E+00  0.22000000E+00  0.15386965E-02
  0.65999999E+00  0.23999999E+00  0.16466128E-02
  0.65999999E+00  0.25999999E+00  0.17425036E-02
  0.65999999E+00  0.27999999E+00  0.18214973E-02
  0.65999999E+00  0.29999999E+00  0.18776924E-02
  0.65999999E+00  0.31999999E+00  0.19038335E-02
  0.65999999E+00  0.33999999E+00  0.18894361E-02
  0.65999999E+00  0.35999999E+00  0.18025851E-02
  0.65999999E+00  0.37999999E+00  0.17223142E-02
  0.65999999E+00  0.39999999E+00  0.18137961E-02
  0.65999999E+00  0.41999999E+00  0.19048900E-02
  0.65999999E+00  0.43999999E+00  0.19957490E-02
  0.65999999E+00  0.45999999E+00  0.20865880E-02
  0.65999999E+00  0.47999999E+00  0.21776796E-02
  0.65999999E+00  0.49999999E+00  0.22693453E-02
  0.65999999E+00  0.51999999E+00  0.23619450E-02
  0.65999999E+00  0.53999999E+00  0.24558625E-02
  0.65999999E+00  0.55999999E+00  0.25514890E-02
  0.65999999E+00  0.57999999E+00  0.26492025E-02
  0.65999999E+00  0.59999999E+00  0.27493452E-02
  0.65999999E+00  0.61999999E+00  0.28521992E-02
  0.65999999E+00  0.63999999E+00  0.29579591E-02
  0.65999999E+00  0.65999999E+00  0.30667052E-02
  0.65999999E+00  0.67999998E+00  0.31783764E-02
  0.65999999E+00  0.69999998E+00  0.32927440E-02
  0.65999999E+00  0.71999998E+00  0.34093894E-02
  0.65999999E+00  0.73999998E+00  0.35276853E-02
  0.65999999E+00  0.75999998E+00  0.36467835E-02
  0.65999999E+00  0.77999998E+00  0.37656099E-02
  0.65999999E+00  0.79999998E+00  0.38828679E-02
  0.65999999E+00  0.81999998E+00  0.39970490E-02
  0.65999999E+00  0.83999998E+00  0.41064455E-02
  0.65999999E+00  0.85999998E+00  0.42091532E-02
  0.65999999E+00  0.87999998E+00  0.43030288E-02
  0.65999999E+00  0.89999998E+00  0.43855111E-02
  0.65999999E+00  0.91999998E+00  0.44530203E-02
  0.65999999E+00  0.93999998E+00  0.44987816E-02
  0.65999999E+00  0.95999998E+00  0.45008864E-02
  0.65999999E+00  0.97999998E+00  0.44188813E-02
  0.65999999E+00  0.99999998E+00  0.45829805E-02
  0.65999999E+00  0.10200000E+01  0.47482138E-02
  0.65999999E+00  0.10400000E+01  0.49134290E-02
  0.65999999E+00  0.10600000E+01  0.50773212E-02
  0.65999999E+00  0.10800000E+01  0.52384459E-02
  0.65999999E+00  0.11000000E+01  0.53952400E-02
  0.65999999E+00  0.11200000E+01  0.55460513E-02
  0.65999999E+00  0.11400000E+01  0.56891768E-02
  0.65999999E+00  0.11600000E+01  0.58229127E-02
  0.65999999E+00  0.11800000E+01  0.59456144E-02
  0.65999999E+00  0.12000000E+01  0.60557692E-02
  0.65999999E+00  0.12200000E+01  0.61520810E-02
  0.65999999E+00  0.12400000E+01  0.62335664E-02
  0.65999999E+00  0.12600000E+01  0.62996621E-02
  0.65999999E+00  0.12800000E+01  0.63503399E-02
  0.65999999E+00  0.13000000E+01  0.63862274E-02
  0.65999999E+00  0.13200000E+01  0.64087261E-02
  0.65999999E+00  0.13400000E+01  0.64201205E-02
  0.65999999E+00  0.13600000E+01  0.64236621E-02
  0.65999999E+00  0.13800000E+01  0.64236093E-02
  0.65999999E+00  0.14000000E+01  0.64251931E-02
  0.65999999E+00  0.14200000E+01  0.64344604E-02
  0.65999999E+00  0.14400000E+01  0.64579218E-02
  0.65999999E+00  0.14600000E+01  0.65018775E-02
  0.65999999E+00  0.14800000E+01  0.65711912E-02
  0.65999999E+00  0.15000000E+01  0.66670440E-02
  0.65999999E+00  0.15200000E+01  0.67825306E-02
  0.65999999E+00  0.15400000E+01  0.68925624E-02
  0.65999999E+00  0.15600000E+01  0.69208050E-02
  0.65999999E+00  0.15800000E+01  0.64077211E-02
  0.65999999E+00  0.16000000E+01  0.65398258E-02
  0.65999999E+00  0.16200000E+01  0.66701747E-02
  0.65999999E+00  0.16400000E+01  0.67987733E-02
  0.65999999E+00  0.16600000E+01  0.69257419E-02
  0.65999999E+00  0.16800000E+01  0.70513266E-02
  0.65999999E+00  0.17000000E+01  0.71759052E-02
  0.65999999E+00  0.17200000E+01  0.72999867E-02
  0.65999999E+00  0.17400000E+01  0.74242036E-02
  0.65999999E+00  0.17600000E+01  0.75492928E-02
  0.65999999E+00  0.17800000E+01  0.76760647E-02
  0.65999999E+00  0.18000000E+01  0.78053554E-02
  0.65999999E+00  0.18200000E+01  0.79379624E-02
  0.65999999E+00  0.18400000E+01  0.80745576E-02
  0.65999999E+00  0.18600000E+01  0.82155777E-02
  0.65999999E+00  0.18800000E+01  0.83610884E-02
  0.65999999E+00  0.19000000E+01  0.85106230E-02
  0.65999999E+00  0.19200000E+01  0.86629938E-02
  0.65999999E+00  0.19400000E+01  0.88160823E-02
  0.65999999E+00  0.19600000E+01  0.89666135E-02
  0.65999999E+00  0.19800000E+01  0.91099293E-02
  0.65999999E+00  0.20000000E+01  0.92397833E-02
  0.67999998E+00  0.00000000E+00  0.18018538E-03
  0.67999998E+00  0.20000000E-01  0.31433683E-03
  0.67999998E+00  0.39999999E-01  0.44649991E-03
  0.67999998E+00  0.59999999E-01  0.57743930E-03
  0.67999998E+00  0.79999998E-01  0.70776700E-03
  0.67999998E+00  0.99999998E-01  0.83785834E-03
  0.67999998E+00  0.12000000E+00  0.96775655E-03
  0.67999998E+00  0.14000000E+00  0.10970679E-02
  0.67999998E+00  0.16000000E+00  0.12248504E-02
  0.67999998E+00  0.18000000E+00  0.13495017E-02
  0.67999998E+00  0.20000000E+00  0.14686538E-02
  0.67999998E+00  0.22000000E+00  0.15790847E-02
  0.67999998E+00  0.23999999E+00  0.16766626E-02
  0.67999998E+00  0.25999999E+00  0.17563326E-02
  0.67999998E+00  0.27999999E+00  0.18121348E-02
  0.67999998E+00  0.29999999E+00  0.18370973E-02
  0.67999998E+00  0.31999999E+00  0.18219213E-02
  0.67999998E+00  0.33999999E+00  0.17393828E-02
  0.67999998E+00  0.35999999E+00  0.16711383E-02
  0.67999998E+00  0.37999999E+00  0.17638762E-02
  0.67999998E+00  0.39999999E+00  0.18562931E-02
  0.67999998E+00  0.41999999E+00  0.19484927E-02
  0.67999998E+00  0.43999999E+00  0.20406320E-02
  0.67999998E+00  0.45999999E+00  0.21329172E-02
  0.67999998E+00  0.47999999E+00  0.22255968E-02
  0.67999998E+00  0.49999999E+00  0.23189524E-02
  0.67999998E+00  0.51999999E+00  0.24132873E-02
  0.67999998E+00  0.53999999E+00  0.25089119E-02
  0.67999998E+00  0.55999999E+00  0.26061281E-02
  0.67999998E+00  0.57999999E+00  0.27052104E-02
  0.67999998E+00  0.59999999E+00  0.28063872E-02
  0.67999998E+00  0.61999999E+00  0.29098204E-02
  0.67999998E+00  0.63999999E+00  0.30155849E-02
  0.67999998E+00  0.65999999E+00  0.31236502E-02
  0.67999998E+00  0.67999998E+00  0.32338633E-02
  0.67999998E+00  0.69999998E+00  0.33459343E-02
  0.67999998E+00  0.71999998E+00  0.34594274E-02
  0.67999998E+00  0.73999998E+00  0.35737550E-02
  0.67999998E+00  0.75999998E+00  0.36881774E-02
  0.67999998E+00  0.77999998E+00  0.38018042E-02
  0.67999998E+00  0.79999998E+00  0.39135931E-02
  0.67999998E+00  0.81999998E+00  0.40223343E-02
  0.67999998E+00  0.83999998E+00  0.41265947E-02
  0.67999998E+00  0.85999998E+00  0.42245651E-02
  0.67999998E+00  0.87999998E+00  0.43136719E-02
  0.67999998E+00  0.89999998E+00  0.43895500E-02
  0.67999998E+00  0.91999998E+00  0.44428445E-02
  0.67999998E+00  0.93999998E+00  0.44435261E-02
  0.67999998E+00  0.95999998E+00  0.43274228E-02
  0.67999998E+00  0.97999998E+00  0.44875129E-02
  0.67999998E+00  0.99999998E+00  0.46488479E-02
  0.67999998E+00  0.10200000E+01  0.48103269E-02
  0.67999998E+00  0.10400000E+01  0.49706994E-02
  0.67999998E+00  0.10600000E+01  0.51285788E-02
  0.67999998E+00  0.10800000E+01  0.52824626E-02
  0.67999998E+00  0.11000000E+01  0.54307616E-02
  0.67999998E+00  0.11200000E+01  0.55718381E-02
  0.67999998E+00  0.11400000E+01  0.57040536E-02
  0.67999998E+00  0.11600000E+01  0.58258285E-02
  0.67999998E+00  0.11800000E+01  0.59357123E-02
  0.67999998E+00  0.12000000E+01  0.60324658E-02
  0.67999998E+00  0.12200000E+01  0.61151536E-02
  0.67999998E+00  0.12400000E+01  0.61832476E-02
  0.67999998E+00  0.12600000E+01  0.62367364E-02
  0.67999998E+00  0.12800000E+01  0.62762398E-02
  0.67999998E+00  0.13000000E+01  0.63031199E-02
  0.67999998E+00  0.13200000E+01  0.63195823E-02
  0.67999998E+00  0.13400000E+01  0.63287520E-02
  0.67999998E+00  0.13600000E+01  0.63347064E-02
  0.67999998E+00  0.13800000E+01  0.63424370E-02
  0.67999998E+00  0.14000000E+01  0.63576937E-02
  0.67999998E+00  0.14200000E+01  0.63866463E-02
  0.67999998E+00  0.14400000E+01  0.64352446E-02
  0.67999998E+00  0.14600000E+01  0.65080675E-02
  0.67999998E+00  0.14800000E+01  0.66062305E-02
  0.67999998E+00  0.15000000E+01  0.67233108E-02
  0.67999998E+00  0.15200000E+01  0.68360433E-02
  0.67999998E+00  0.15400000E+01  0.68739179E-02
  0.67999998E+00  0.15600000E+01  0.64138822E-02
  0.67999998E+00  0.15800000E+01  0.65478218E-02
  0.67999998E+00  0.16000000E+01  0.66796693E-02
  0.67999998E+00  0.16200000E+01  0.68093997E-02
  0.67999998E+00  0.16400000E+01  0.69371090E-02
  0.67999998E+00  0.16600000E+01  0.70630258E-02
  0.67999998E+00  0.16800000E+01  0.71875175E-02
  0.67999998E+00  0.17000000E+01  0.73110910E-02
  0.67999998E+00  0.17200000E+01  0.74343844E-02
  0.67999998E+00  0.17400000E+01  0.75581480E-02
  0.67999998E+00  0.17600000E+01  0.76832127E-02
  0.67999998E+00  0.17800000E+01  0.78104419E-02
  0.67999998E+00  0.18000000E+01  0.79406649E-02
  0.67999998E+00  0.18200000E+01  0.80745890E-02
  0.67999998E+00  0.18400000E+01  0.82126872E-02
  0.67999998E+00  0.18600000E+01  0.83550607E-02
  0.67999998E+00  0.18800000E+01  0.85012738E-02
  0.67999998E+00  0.19000000E+01  0.86501633E-02
  0.67999998E+00  0.19200000E+01  0.87996258E-02
  0.67999998E+00  0.19400000E+01  0.89463896E-02
  0.67999998E+00  0.19600000E+01  0.90857865E-02
  0.67999998E+00  0.19800000E+01  0.92115456E-02
  0.67999998E+00  0.20000000E+01  0.93156489E-02
  0.69999998E+00  0.00000000E+00  0.19858419E-03
  0.69999998E+00  0.20000000E-01  0.33657550E-03
  0.69999998E+00  0.39999999E-01  0.47285318E-03
  0.69999998E+00  0.59999999E-01  0.60813851E-03
  0.69999998E+00  0.79999998E-01  0.74289899E-03
  0.69999998E+00  0.99999998E-01  0.87724417E-03
  0.69999998E+00  0.12000000E+00  0.10108116E-02
  0.69999998E+00  0.14000000E+00  0.11426472E-02
  0.69999998E+00  0.16000000E+00  0.12710868E-02
  0.69999998E+00  0.18000000E+00  0.13936478E-02
  0.69999998E+00  0.20000000E+00  0.15069479E-02
  0.69999998E+00  0.22000000E+00  0.16066669E-02
  0.69999998E+00  0.23999999E+00  0.16875800E-02
  0.69999998E+00  0.25999999E+00  0.17436692E-02
  0.69999998E+00  0.27999999E+00  0.17682230E-02
  0.69999998E+00  0.29999999E+00  0.17530607E-02
  0.69999998E+00  0.31999999E+00  0.16754553E-02
  0.69999998E+00  0.33999999E+00  0.16193139E-02
  0.69999998E+00  0.35999999E+00  0.17134984E-02
  0.69999998E+00  0.37999999E+00  0.18074723E-02
  0.69999998E+00  0.39999999E+00  0.19012944E-02
  0.69999998E+00  0.41999999E+00  0.19950664E-02
  0.69999998E+00  0.43999999E+00  0.20889289E-02
  0.69999998E+00  0.45999999E+00  0.21830563E-02
  0.69999998E+00  0.47999999E+00  0.22776493E-02
  0.69999998E+00  0.49999999E+00  0.23729247E-02
  0.69999998E+00  0.51999999E+00  0.24691055E-02
  0.69999998E+00  0.53999999E+00  0.25664073E-02
  0.69999998E+00  0.55999999E+00  0.26650255E-02
  0.69999998E+00  0.57999999E+00  0.27651212E-02
  0.69999998E+00  0.59999999E+00  0.28668080E-02
  0.69999998E+00  0.61999999E+00  0.29701389E-02
  0.69999998E+00  0.63999999E+00  0.30750966E-02
  0.69999998E+00  0.65999999E+00  0.31815854E-02
  0.69999998E+00  0.67999998E+00  0.32894269E-02
  0.69999998E+00  0.69999998E+00  0.33983602E-02
  0.69999998E+00  0.71999998E+00  0.35080440E-02
  0.69999998E+00  0.73999998E+00  0.36180617E-02
  0.69999998E+00  0.75999998E+00  0.37279220E-02
  0.69999998E+00  0.77999998E+00  0.38370472E-02
  0.69999998E+00  0.79999998E+00  0.39447297E-02
  0.69999998E+00  0.81999998E+00  0.40500192E-02
  0.69999998E+00  0.83999998E+00  0.41514596E-02
  0.69999998E+00  0.85999998E+00  0.42464900E-02
  0.69999998E+00  0.87999998E+00  0.43299884E-02
  0.69999998E+00  0.89999998E+00  0.43900413E-02
  0.69999998E+00  0.91999998E+00  0.43884729E-02
  0.69999998E+00  0.93999998E+00  0.42372936E-02
  0.69999998E+00  0.95999998E+00  0.43930601E-02
  0.69999998E+00  0.97999998E+00  0.45501145E-02
  0.69999998E+00  0.99999998E+00  0.47074097E-02
  0.69999998E+00  0.10200000E+01  0.48637546E-02
  0.69999998E+00  0.10400000E+01  0.50178272E-02
  0.69999998E+00  0.10600000E+01  0.51681950E-02
  0.69999998E+00  0.10800000E+01  0.53133432E-02
  0.69999998E+00  0.11000000E+01  0.54517124E-02
  0.69999998E+00  0.11200000E+01  0.55817454E-02
  0.69999998E+00  0.11400000E+01  0.57019448E-02
  0.69999998E+00  0.11600000E+01  0.58109409E-02
  0.69999998E+00  0.11800000E+01  0.59075708E-02
  0.69999998E+00  0.12000000E+01  0.59909669E-02
  0.69999998E+00  0.12200000E+01  0.60606544E-02
  0.69999998E+00  0.12400000E+01  0.61166554E-02
  0.69999998E+00  0.12600000E+01  0.61595945E-02
  0.69999998E+00  0.12800000E+01  0.61908023E-02
  0.69999998E+00  0.13000000E+01  0.62124055E-02
  0.69999998E+00  0.13200000E+01  0.62273940E-02
  0.69999998E+00  0.13400000E+01  0.62396441E-02
  0.69999998E+00  0.13600000E+01  0.62538739E-02
  0.69999998E+00  0.13800000E+01  0.62754879E-02
  0.69999998E+00  0.14000000E+01  0.63102512E-02
  0.69999998E+00  0.14200000E+01  0.63636847E-02
  0.69999998E+00  0.14400000E+01  0.64399939E-02
  0.69999998E+00  0.14600000E+01  0.65401413E-02
  0.69999998E+00  0.14800000E+01  0.66581210E-02
  0.69999998E+00  0.15000000E+01  0.67724962E-02
  0.69999998E+00  0.15200000E+01  0.68187772E-02
  0.69999998E+00  0.15400000E+01  0.64115176E-02
  0.69999998E+00  0.15600000E+01  0.65476200E-02
  0.69999998E+00  0.15800000E+01  0.66814030E-02
  0.69999998E+00  0.16000000E+01  0.68128096E-02
  0.69999998E+00  0.16200000E+01  0.69419071E-02
  0.69999998E+00  0.16400000E+01  0.70688989E-02
  0.69999998E+00  0.16600000E+01  0.71941314E-02
  0.69999998E+00  0.16800000E+01  0.73180948E-02
  0.69999998E+00  0.17000000E+01  0.74414148E-02
  0.69999998E+00  0.17200000E+01  0.75648337E-02
  0.69999998E+00  0.17400000E+01  0.76891782E-02
  0.69999998E+00  0.17600000E+01  0.78153113E-02
  0.69999998E+00  0.17800000E+01  0.79440647E-02
  0.69999998E+00  0.18000000E+01  0.80761504E-02
  0.69999998E+00  0.18200000E+01  0.82120479E-02
  0.69999998E+00  0.18400000E+01  0.83518657E-02
  0.69999998E+00  0.18600000E+01  0.84951768E-02
  0.69999998E+00  0.18800000E+01  0.86408275E-02
  0.69999998E+00  0.19000000E+01  0.87867256E-02
  0.69999998E+00  0.19200000E+01  0.89296142E-02
  0.69999998E+00  0.19400000E+01  0.90648455E-02
  0.69999998E+00  0.19600000E+01  0.91861787E-02
  0.69999998E+00  0.19800000E+01  0.92856389E-02
  0.69999998E+00  0.20000000E+01  0.93534989E-02
  0.71999998E+00  0.00000000E+00  0.21946520E-03
  0.71999998E+00  0.20000000E-01  0.36150650E-03
  0.71999998E+00  0.39999999E-01  0.50209503E-03
  0.71999998E+00  0.59999999E-01  0.64180447E-03
  0.71999998E+00  0.79999998E-01  0.78082807E-03
  0.71999998E+00  0.99999998E-01  0.91885538E-03
  0.71999998E+00  0.12000000E+00  0.10549437E-02
  0.71999998E+00  0.14000000E+00  0.11873920E-02
  0.71999998E+00  0.16000000E+00  0.13136301E-02
  0.71999998E+00  0.18000000E+00  0.14301397E-02
  0.71999998E+00  0.20000000E+00  0.15324347E-02
  0.71999998E+00  0.22000000E+00  0.16151340E-02
  0.71999998E+00  0.23999999E+00  0.16721625E-02
  0.71999998E+00  0.25999999E+00  0.16970449E-02
  0.71999998E+00  0.27999999E+00  0.16826453E-02
  0.71999998E+00  0.29999999E+00  0.16105140E-02
  0.71999998E+00  0.31999999E+00  0.15664339E-02
  0.71999998E+00  0.33999999E+00  0.16622036E-02
  0.71999998E+00  0.35999999E+00  0.17579099E-02
  0.71999998E+00  0.37999999E+00  0.18535729E-02
  0.71999998E+00  0.39999999E+00  0.19492430E-02
  0.71999998E+00  0.41999999E+00  0.20449984E-02
  0.71999998E+00  0.43999999E+00  0.21409403E-02
  0.71999998E+00  0.45999999E+00  0.22371869E-02
  0.71999998E+00  0.47999999E+00  0.23338661E-02
  0.71999998E+00  0.49999999E+00  0.24311075E-02
  0.71999998E+00  0.51999999E+00  0.25290331E-02
  0.71999998E+00  0.53999999E+00  0.26277494E-02
  0.71999998E+00  0.55999999E+00  0.27273385E-02
  0.71999998E+00  0.57999999E+00  0.28278515E-02
  0.71999998E+00  0.59999999E+00  0.29293042E-02
  0.71999998E+00  0.61999999E+00  0.30316756E-02
  0.71999998E+00  0.63999999E+00  0.31349096E-02
  0.71999998E+00  0.65999999E+00  0.32389213E-02
  0.71999998E+00  0.67999998E+00  0.33436069E-02
  0.71999998E+00  0.69999998E+00  0.34488557E-02
  0.71999998E+00  0.71999998E+00  0.35545599E-02
  0.71999998E+00  0.73999998E+00  0.36606171E-02
  0.71999998E+00  0.75999998E+00  0.37669084E-02
  0.71999998E+00  0.77999998E+00  0.38732289E-02
  0.71999998E+00  0.79999998E+00  0.39791184E-02
  0.71999998E+00  0.81999998E+00  0.40834907E-02
  0.71999998E+00  0.83999998E+00  0.41838243E-02
  0.71999998E+00  0.85999998E+00  0.42742787E-02
  0.71999998E+00  0.87999998E+00  0.43404340E-02
  0.71999998E+00  0.89999998E+00  0.43360388E-02
  0.71999998E+00  0.91999998E+00  0.41494507E-02
  0.71999998E+00  0.93999998E+00  0.43007080E-02
  0.71999998E+00  0.95999998E+00  0.44532292E-02
  0.71999998E+00  0.97999998E+00  0.46060220E-02
  0.71999998E+00  0.99999998E+00  0.47579574E-02
  0.71999998E+00  0.10200000E+01  0.49077823E-02
  0.71999998E+00  0.10400000E+01  0.50541407E-02
  0.71999998E+00  0.10600000E+01  0.51956010E-02
  0.71999998E+00  0.10800000E+01  0.53306930E-02
  0.71999998E+00  0.11000000E+01  0.54579534E-02
  0.71999998E+00  0.11200000E+01  0.55759819E-02
  0.71999998E+00  0.11400000E+01  0.56835057E-02
  0.71999998E+00  0.11600000E+01  0.57794556E-02
  0.71999998E+00  0.11800000E+01  0.58630493E-02
  0.71999998E+00  0.12000000E+01  0.59338829E-02
  0.71999998E+00  0.12200000E+01  0.59920275E-02
  0.71999998E+00  0.12400000E+01  0.60381260E-02
  0.71999998E+00  0.12600000E+01  0.60734858E-02
  0.71999998E+00  0.12800000E+01  0.61001579E-02
  0.71999998E+00  0.13000000E+01  0.61209915E-02
  0.71999998E+00  0.13200000E+01  0.61396469E-02
  0.71999998E+00  0.13400000E+01  0.61605414E-02
  0.71999998E+00  0.13600000E+01  0.61886938E-02
  0.71999998E+00  0.13800000E+01  0.62294085E-02
  0.71999998E+00  0.14000000E+01  0.62877081E-02
  0.71999998E+00  0.14200000E+01  0.63673441E-02
  0.71999998E+00  0.14400000E+01  0.64690415E-02
  0.71999998E+00  0.14600000E+01  0.65871397E-02
  0.71999998E+00  0.14800000E+01  0.67020050E-02
  0.71999998E+00  0.15000000E+01  0.67552686E-02
  0.71999998E+00  0.15200000E+01  0.63996343E-02
  0.71999998E+00  0.15400000E+01  0.65380687E-02
  0.71999998E+00  0.15600000E+01  0.66740668E-02
  0.71999998E+00  0.15800000E+01  0.68075403E-02
  0.71999998E+00  0.16000000E+01  0.69385260E-02
  0.71999998E+00  0.16200000E+01  0.70671971E-02
  0.71999998E+00  0.16400000E+01  0.71938711E-02
  0.71999998E+00  0.16600000E+01  0.73190097E-02
  0.71999998E+00  0.16800000E+01  0.74432109E-02
  0.71999998E+00  0.17000000E+01  0.75671900E-02
  0.71999998E+00  0.17200000E+01  0.76917472E-02
  0.71999998E+00  0.17400000E+01  0.78177190E-02
  0.71999998E+00  0.17600000E+01  0.79459115E-02
  0.71999998E+00  0.17800000E+01  0.80770119E-02
  0.71999998E+00  0.18000000E+01  0.82114761E-02
  0.71999998E+00  0.18200000E+01  0.83493922E-02
  0.71999998E+00  0.18400000E+01  0.84903173E-02
  0.71999998E+00  0.18600000E+01  0.86330899E-02
  0.71999998E+00  0.18800000E+01  0.87756219E-02
  0.71999998E+00  0.19000000E+01  0.89146780E-02
  0.71999998E+00  0.19200000E+01  0.90456562E-02
  0.71999998E+00  0.19400000E+01  0.91623932E-02
  0.71999998E+00  0.19600000E+01  0.92570318E-02
  0.71999998E+00  0.19800000E+01  0.93200088E-02
  0.71999998E+00  0.20000000E+01  0.93402562E-02
  0.73999998E+00  0.00000000E+00  0.24324585E-03
  0.73999998E+00  0.20000000E-01  0.38951900E-03
  0.73999998E+00  0.39999999E-01  0.53448859E-03
  0.73999998E+00  0.59999999E-01  0.67844794E-03
  0.73999998E+00  0.79999998E-01  0.82115833E-03
  0.73999998E+00  0.99999998E-01  0.96171112E-03
  0.73999998E+00  0.12000000E+00  0.10983939E-02
  0.73999998E+00  0.14000000E+00  0.12285745E-02
  0.73999998E+00  0.16000000E+00  0.13486247E-02
  0.73999998E+00  0.18000000E+00  0.14539143E-02
  0.73999998E+00  0.20000000E+00  0.15389211E-02
  0.73999998E+00  0.22000000E+00  0.15975134E-02
  0.73999998E+00  0.23999999E+00  0.16234276E-02
  0.73999998E+00  0.25999999E+00  0.16104935E-02
  0.73999998E+00  0.27999999E+00  0.15442970E-02
  0.73999998E+00  0.29999999E+00  0.15121261E-02
  0.73999998E+00  0.31999999E+00  0.16095745E-02
  0.73999998E+00  0.33999999E+00  0.17071364E-02
  0.73999998E+00  0.35999999E+00  0.18048000E-02
  0.73999998E+00  0.37999999E+00  0.19025707E-02
  0.73999998E+00  0.39999999E+00  0.20004685E-02
  0.73999998E+00  0.41999999E+00  0.20985241E-02
  0.73999998E+00  0.43999999E+00  0.21967742E-02
  0.73999998E+00  0.45999999E+00  0.22952565E-02
  0.73999998E+00  0.47999999E+00  0.23940039E-02
  0.73999998E+00  0.49999999E+00  0.24930396E-02
  0.73999998E+00  0.51999999E+00  0.25923730E-02
  0.73999998E+00  0.53999999E+00  0.26919969E-02
  0.73999998E+00  0.55999999E+00  0.27918884E-02
  0.73999998E+00  0.57999999E+00  0.28920115E-02
  0.73999998E+00  0.59999999E+00  0.29923254E-02
  0.73999998E+00  0.61999999E+00  0.30927965E-02
  0.73999998E+00  0.63999999E+00  0.31934156E-02
  0.73999998E+00  0.65999999E+00  0.32942179E-02
  0.73999998E+00  0.67999998E+00  0.33953052E-02
  0.73999998E+00  0.69999998E+00  0.34968631E-02
  0.73999998E+00  0.71999998E+00  0.35991645E-02
  0.73999998E+00  0.73999998E+00  0.37025403E-02
  0.73999998E+00  0.75999998E+00  0.38072848E-02
  0.73999998E+00  0.77999998E+00  0.39134326E-02
  0.73999998E+00  0.79999998E+00  0.40202812E-02
  0.73999998E+00  0.81999998E+00  0.41253765E-02
  0.73999998E+00  0.83999998E+00  0.42222069E-02
  0.73999998E+00  0.85999998E+00  0.42939250E-02
  0.73999998E+00  0.87999998E+00  0.42863644E-02
  0.73999998E+00  0.89999998E+00  0.40646334E-02
  0.73999998E+00  0.91999998E+00  0.42113175E-02
  0.73999998E+00  0.93999998E+00  0.43591782E-02
  0.73999998E+00  0.95999998E+00  0.45072772E-02
  0.73999998E+00  0.97999998E+00  0.46545475E-02
  0.73999998E+00  0.99999998E+00  0.47998077E-02
  0.73999998E+00  0.10200000E+01  0.49417821E-02
  0.73999998E+00  0.10400000E+01  0.50791285E-02
  0.73999998E+00  0.10600000E+01  0.52104740E-02
  0.73999998E+00  0.10800000E+01  0.53344595E-02
  0.73999998E+00  0.11000000E+01  0.54497934E-02
  0.73999998E+00  0.11200000E+01  0.55553139E-02
  0.73999998E+00  0.11400000E+01  0.56500602E-02
  0.73999998E+00  0.11600000E+01  0.57333508E-02
  0.73999998E+00  0.11800000E+01  0.58048686E-02
  0.73999998E+00  0.12000000E+01  0.58647486E-02
  0.73999998E+00  0.12200000E+01  0.59136645E-02
  0.73999998E+00  0.12400000E+01  0.59529101E-02
  0.73999998E+00  0.12600000E+01  0.59844653E-02
  0.73999998E+00  0.12800000E+01  0.60110366E-02
  0.73999998E+00  0.13000000E+01  0.60360572E-02
  0.73999998E+00  0.13200000E+01  0.60636228E-02
  0.73999998E+00  0.13400000E+01  0.60983325E-02
  0.73999998E+00  0.13600000E+01  0.61449836E-02
  0.73999998E+00  0.13800000E+01  0.62080396E-02
  0.73999998E+00  0.14000000E+01  0.62907252E-02
  0.73999998E+00  0.14200000E+01  0.63934477E-02
  0.73999998E+00  0.14400000E+01  0.65108157E-02
  0.73999998E+00  0.14600000E+01  0.66249477E-02
  0.73999998E+00  0.14800000E+01  0.66836086E-02
  0.73999998E+00  0.15000000E+01  0.63776667E-02
  0.73999998E+00  0.15200000E+01  0.65184478E-02
  0.73999998E+00  0.15400000E+01  0.66567834E-02
  0.73999998E+00  0.15600000E+01  0.67925569E-02
  0.73999998E+00  0.15800000E+01  0.69257751E-02
  0.73999998E+00  0.16000000E+01  0.70565790E-02
  0.73999998E+00  0.16200000E+01  0.71852515E-02
  0.73999998E+00  0.16400000E+01  0.73122170E-02
  0.73999998E+00  0.16600000E+01  0.74380335E-02
  0.73999998E+00  0.16800000E+01  0.75633729E-02
  0.73999998E+00  0.17000000E+01  0.76889889E-02
  0.73999998E+00  0.17200000E+01  0.78156687E-02
  0.73999998E+00  0.17400000E+01  0.79441666E-02
  0.73999998E+00  0.17600000E+01  0.80751167E-02
  0.73999998E+00  0.17800000E+01  0.82089228E-02
  0.73999998E+00  0.18000000E+01  0.83456246E-02
  0.73999998E+00  0.18200000E+01  0.84847386E-02
  0.73999998E+00  0.18400000E+01  0.86250765E-02
  0.73999998E+00  0.18600000E+01  0.87645446E-02
  0.73999998E+00  0.18800000E+01  0.88999318E-02
  0.73999998E+00  0.19000000E+01  0.90267020E-02
  0.73999998E+00  0.19200000E+01  0.91388105E-02
  0.73999998E+00  0.19400000E+01  0.92285843E-02
  0.73999998E+00  0.19600000E+01  0.92867192E-02
  0.73999998E+00  0.19800000E+01  0.93024835E-02
  0.73999998E+00  0.20000000E+01  0.92642712E-02
  0.75999998E+00  0.00000000E+00  0.27027635E-03
  0.75999998E+00  0.20000000E-01  0.42085022E-03
  0.75999998E+00  0.39999999E-01  0.57003099E-03
  0.75999998E+00  0.59999999E-01  0.71767041E-03
  0.75999998E+00  0.79999998E-01  0.86291588E-03
  0.75999998E+00  0.99999998E-01  0.10040679E-02
  0.75999998E+00  0.12000000E+00  0.11384584E-02
  0.75999998E+00  0.14000000E+00  0.12623747E-02
  0.75999998E+00  0.16000000E+00  0.13710648E-02
  0.75999998E+00  0.18000000E+00  0.14588808E-02
  0.75999998E+00  0.20000000E+00  0.15196356E-02
  0.75999998E+00  0.22000000E+00  0.15472509E-02
  0.75999998E+00  0.23999999E+00  0.15364400E-02
  0.75999998E+00  0.25999999E+00  0.14765629E-02
  0.75999998E+00  0.27999999E+00  0.14560524E-02
  0.75999998E+00  0.29999999E+00  0.15552364E-02
  0.75999998E+00  0.31999999E+00  0.16547320E-02
  0.75999998E+00  0.33999999E+00  0.17545040E-02
  0.75999998E+00  0.35999999E+00  0.18545197E-02
  0.75999998E+00  0.37999999E+00  0.19547470E-02
  0.75999998E+00  0.39999999E+00  0.20551505E-02
  0.75999998E+00  0.41999999E+00  0.21556883E-02
  0.75999998E+00  0.43999999E+00  0.22563083E-02
  0.75999998E+00  0.45999999E+00  0.23569456E-02
  0.75999998E+00  0.47999999E+00  0.24575208E-02
  0.75999998E+00  0.49999999E+00  0.25579404E-02
  0.75999998E+00  0.51999999E+00  0.26580999E-02
  0.75999998E+00  0.53999999E+00  0.27578913E-02
  0.75999998E+00  0.55999999E+00  0.28572145E-02
  0.75999998E+00  0.57999999E+00  0.29559941E-02
  0.75999998E+00  0.59999999E+00  0.30542026E-02
  0.75999998E+00  0.61999999E+00  0.31518885E-02
  0.75999998E+00  0.63999999E+00  0.32492076E-02
  0.75999998E+00  0.65999999E+00  0.33464560E-02
  0.75999998E+00  0.67999998E+00  0.34440948E-02
  0.75999998E+00  0.69999998E+00  0.35427569E-02
  0.75999998E+00  0.71999998E+00  0.36432110E-02
  0.75999998E+00  0.73999998E+00  0.37462438E-02
  0.75999998E+00  0.75999998E+00  0.38523857E-02
  0.75999998E+00  0.77999998E+00  0.39613304E-02
  0.75999998E+00  0.79999998E+00  0.40707201E-02
  0.75999998E+00  0.81999998E+00  0.41734264E-02
  0.75999998E+00  0.83999998E+00  0.42502783E-02
  0.75999998E+00  0.85999998E+00  0.42394342E-02
  0.75999998E+00  0.87999998E+00  0.39833710E-02
  0.75999998E+00  0.89999998E+00  0.41255299E-02
  0.75999998E+00  0.91999998E+00  0.42687203E-02
  0.75999998E+00  0.93999998E+00  0.44120546E-02
  0.75999998E+00  0.95999998E+00  0.45545273E-02
  0.75999998E+00  0.97999998E+00  0.46950285E-02
  0.75999998E+00  0.99999998E+00  0.48323649E-02
  0.75999998E+00  0.10200000E+01  0.49652871E-02
  0.75999998E+00  0.10400000E+01  0.50925252E-02
  0.75999998E+00  0.10600000E+01  0.52128318E-02
  0.75999998E+00  0.10800000E+01  0.53250333E-02
  0.75999998E+00  0.11000000E+01  0.54280899E-02
  0.75999998E+00  0.11200000E+01  0.55211613E-02
  0.75999998E+00  0.11400000E+01  0.56036806E-02
  0.75999998E+00  0.11600000E+01  0.56754311E-02
  0.75999998E+00  0.11800000E+01  0.57366249E-02
  0.75999998E+00  0.12000000E+01  0.57879790E-02
  0.75999998E+00  0.12200000E+01  0.58307833E-02
  0.75999998E+00  0.12400000E+01  0.58669520E-02
  0.75999998E+00  0.12600000E+01  0.58990496E-02
  0.75999998E+00  0.12800000E+01  0.59302753E-02
  0.75999998E+00  0.13000000E+01  0.59643873E-02
  0.75999998E+00  0.13200000E+01  0.60055385E-02
  0.75999998E+00  0.13400000E+01  0.60579802E-02
  0.75999998E+00  0.13600000E+01  0.61255651E-02
  0.75999998E+00  0.13800000E+01  0.62109264E-02
  0.75999998E+00  0.14000000E+01  0.63140792E-02
  0.75999998E+00  0.14200000E+01  0.64298226E-02
  0.75999998E+00  0.14400000E+01  0.65419530E-02
  0.75999998E+00  0.14600000E+01  0.66043033E-02
  0.75999998E+00  0.14800000E+01  0.63454437E-02
  0.75999998E+00  0.15000000E+01  0.64884416E-02
  0.75999998E+00  0.15200000E+01  0.66290863E-02
  0.75999998E+00  0.15400000E+01  0.67672382E-02
  0.75999998E+00  0.15600000E+01  0.69028765E-02
  0.75999998E+00  0.15800000E+01  0.70361104E-02
  0.75999998E+00  0.16000000E+01  0.71671854E-02
  0.75999998E+00  0.16200000E+01  0.72964826E-02
  0.75999998E+00  0.16400000E+01  0.74245103E-02
  0.75999998E+00  0.16600000E+01  0.75518840E-02
  0.75999998E+00  0.16800000E+01  0.76792938E-02
  0.75999998E+00  0.17000000E+01  0.78074572E-02
  0.75999998E+00  0.17200000E+01  0.79370532E-02
  0.75999998E+00  0.17400000E+01  0.80686371E-02
  0.75999998E+00  0.17600000E+01  0.82025335E-02
  0.75999998E+00  0.17800000E+01  0.83387068E-02
  0.75999998E+00  0.18000000E+01  0.84766086E-02
  0.75999998E+00  0.18200000E+01  0.86150039E-02
  0.75999998E+00  0.18400000E+01  0.87517813E-02
  0.75999998E+00  0.18600000E+01  0.88837538E-02
  0.75999998E+00  0.18800000E+01  0.90064658E-02
  0.75999998E+00  0.19000000E+01  0.91140264E-02
  0.75999998E+00  0.19200000E+01  0.91990050E-02
  0.75999998E+00  0.19400000E+01  0.92524418E-02
  0.75999998E+00  0.19600000E+01  0.92640552E-02
  0.75999998E+00  0.19800000E+01  0.92227779E-02
  0.75999998E+00  0.20000000E+01  0.91178373E-02
  0.77999998E+00  0.00000000E+00  0.30076107E-03
  0.77999998E+00  0.20000000E-01  0.45547875E-03
  0.77999998E+00  0.39999999E-01  0.60831815E-03
  0.77999998E+00  0.59999999E-01  0.75850366E-03
  0.77999998E+00  0.79999998E-01  0.90437240E-03
  0.77999998E+00  0.99999998E-01  0.10432458E-02
  0.77999998E+00  0.12000000E+00  0.11713517E-02
  0.77999998E+00  0.14000000E+00  0.12838391E-02
  0.77999998E+00  0.16000000E+00  0.13749494E-02
  0.77999998E+00  0.18000000E+00  0.14384414E-02
  0.77999998E+00  0.20000000E+00  0.14683959E-02
  0.77999998E+00  0.22000000E+00  0.14603239E-02
  0.77999998E+00  0.23999999E+00  0.14070841E-02
  0.77999998E+00  0.25999999E+00  0.13979063E-02
  0.77999998E+00  0.27999999E+00  0.14988554E-02
  0.77999998E+00  0.29999999E+00  0.16003261E-02
  0.77999998E+00  0.31999999E+00  0.17022693E-02
  0.77999998E+00  0.33999999E+00  0.18046231E-02
  0.77999998E+00  0.35999999E+00  0.19073103E-02
  0.77999998E+00  0.37999999E+00  0.20102353E-02
  0.77999998E+00  0.39999999E+00  0.21132819E-02
  0.77999998E+00  0.41999999E+00  0.22163108E-02
  0.77999998E+00  0.43999999E+00  0.23191598E-02
  0.77999998E+00  0.45999999E+00  0.24216450E-02
  0.77999998E+00  0.47999999E+00  0.25235661E-02
  0.77999998E+00  0.49999999E+00  0.26247150E-02
  0.77999998E+00  0.51999999E+00  0.27248897E-02
  0.77999998E+00  0.53999999E+00  0.28239146E-02
  0.77999998E+00  0.55999999E+00  0.29216666E-02
  0.77999998E+00  0.57999999E+00  0.30181087E-02
  0.77999998E+00  0.59999999E+00  0.31133295E-02
  0.77999998E+00  0.61999999E+00  0.32075875E-02
  0.77999998E+00  0.63999999E+00  0.33013536E-02
  0.77999998E+00  0.65999999E+00  0.33953459E-02
  0.77999998E+00  0.67999998E+00  0.34905400E-02
  0.77999998E+00  0.69999998E+00  0.35881279E-02
  0.77999998E+00  0.71999998E+00  0.36893793E-02
  0.77999998E+00  0.73999998E+00  0.37953187E-02
  0.77999998E+00  0.75999998E+00  0.39060464E-02
  0.77999998E+00  0.77999998E+00  0.40193300E-02
  0.77999998E+00  0.79999998E+00  0.41274856E-02
  0.77999998E+00  0.81999998E+00  0.42091430E-02
  0.77999998E+00  0.83999998E+00  0.41950957E-02
  0.77999998E+00  0.85999998E+00  0.39059974E-02
  0.77999998E+00  0.87999998E+00  0.40437788E-02
  0.77999998E+00  0.89999998E+00  0.41823952E-02
  0.77999998E+00  0.91999998E+00  0.43210063E-02
  0.77999998E+00  0.93999998E+00  0.44586646E-02
  0.77999998E+00  0.95999998E+00  0.45943305E-02
  0.77999998E+00  0.97999998E+00  0.47268929E-02
  0.77999998E+00  0.99999998E+00  0.48551968E-02
  0.77999998E+00  0.10200000E+01  0.49780782E-02
  0.77999998E+00  0.10400000E+01  0.50944064E-02
  0.77999998E+00  0.10600000E+01  0.52031327E-02
  0.77999998E+00  0.10800000E+01  0.53033470E-02
  0.77999998E+00  0.11000000E+01  0.53943401E-02
  0.77999998E+00  0.11200000E+01  0.54756703E-02
  0.77999998E+00  0.11400000E+01  0.55472328E-02
  0.77999998E+00  0.11600000E+01  0.56093290E-02
  0.77999998E+00  0.11800000E+01  0.56627301E-02
  0.77999998E+00  0.12000000E+01  0.57087314E-02
  0.77999998E+00  0.12200000E+01  0.57491884E-02
  0.77999998E+00  0.12400000E+01  0.57865256E-02
  0.77999998E+00  0.12600000E+01  0.58237048E-02
  0.77999998E+00  0.12800000E+01  0.58641357E-02
  0.77999998E+00  0.13000000E+01  0.59115050E-02
  0.77999998E+00  0.13200000E+01  0.59694865E-02
  0.77999998E+00  0.13400000E+01  0.60412791E-02
  0.77999998E+00  0.13600000E+01  0.61288684E-02
  0.77999998E+00  0.13800000E+01  0.62318088E-02
  0.77999998E+00  0.14000000E+01  0.63450092E-02
  0.77999998E+00  0.14200000E+01  0.64538521E-02
  0.77999998E+00  0.14400000E+01  0.65181022E-02
  0.77999998E+00  0.14600000E+01  0.63031464E-02
  0.77999998E+00  0.14800000E+01  0.64481013E-02
  0.77999998E+00  0.15000000E+01  0.65908879E-02
  0.77999998E+00  0.15200000E+01  0.67313501E-02
  0.77999998E+00  0.15400000E+01  0.68694446E-02
  0.77999998E+00  0.15600000E+01  0.70052509E-02
  0.77999998E+00  0.15800000E+01  0.71389769E-02
  0.77999998E+00  0.16000000E+01  0.72709573E-02
  0.77999998E+00  0.16200000E+01  0.74016439E-02
  0.77999998E+00  0.16400000E+01  0.75315854E-02
  0.77999998E+00  0.16600000E+01  0.76613948E-02
  0.77999998E+00  0.16800000E+01  0.77917025E-02
  0.77999998E+00  0.17000000E+01  0.79230915E-02
  0.77999998E+00  0.17200000E+01  0.80560153E-02
  0.77999998E+00  0.17400000E+01  0.81906945E-02
  0.77999998E+00  0.17600000E+01  0.83269932E-02
  0.77999998E+00  0.17800000E+01  0.84642741E-02
  0.77999998E+00  0.18000000E+01  0.86012360E-02
  0.77999998E+00  0.18200000E+01  0.87357365E-02
  0.77999998E+00  0.18400000E+01  0.88646094E-02
  0.77999998E+00  0.18600000E+01  0.89834902E-02
  0.77999998E+00  0.18800000E+01  0.90866700E-02
  0.77999998E+00  0.19000000E+01  0.91670114E-02
  0.77999998E+00  0.19200000E+01  0.92159748E-02
  0.77999998E+00  0.19400000E+01  0.92238307E-02
  0.77999998E+00  0.19600000E+01  0.91801779E-02
  0.77999998E+00  0.19800000E+01  0.90749560E-02
  0.77999998E+00  0.20000000E+01  0.89002747E-02
  0.79999998E+00  0.00000000E+00  0.33465554E-03
  0.79999998E+00  0.20000000E-01  0.49299233E-03
  0.79999998E+00  0.39999999E-01  0.64838657E-03
  0.79999998E+00  0.59999999E-01  0.79923480E-03
  0.79999998E+00  0.79999998E-01  0.94287246E-03
  0.79999998E+00  0.99999998E-01  0.10754929E-02
  0.79999998E+00  0.12000000E+00  0.11921682E-02
  0.79999998E+00  0.14000000E+00  0.12870447E-02
  0.79999998E+00  0.16000000E+00  0.13538282E-02
  0.79999998E+00  0.18000000E+00  0.13867319E-02
  0.79999998E+00  0.20000000E+00  0.13819781E-02
  0.79999998E+00  0.22000000E+00  0.13356394E-02
  0.79999998E+00  0.23999999E+00  0.13374100E-02
  0.79999998E+00  0.25999999E+00  0.14401348E-02
  0.79999998E+00  0.27999999E+00  0.15435943E-02
  0.79999998E+00  0.29999999E+00  0.16477354E-02
  0.79999998E+00  0.31999999E+00  0.17524763E-02
  0.79999998E+00  0.33999999E+00  0.18577034E-02
  0.79999998E+00  0.35999999E+00  0.19632684E-02
  0.79999998E+00  0.37999999E+00  0.20689862E-02
  0.79999998E+00  0.39999999E+00  0.21746348E-02
  0.79999998E+00  0.41999999E+00  0.22799566E-02
  0.79999998E+00  0.43999999E+00  0.23846634E-02
  0.79999998E+00  0.45999999E+00  0.24884460E-02
  0.79999998E+00  0.47999999E+00  0.25909877E-02
  0.79999998E+00  0.49999999E+00  0.26919859E-02
  0.79999998E+00  0.51999999E+00  0.27911796E-02
  0.79999998E+00  0.53999999E+00  0.28883856E-02
  0.79999998E+00  0.55999999E+00  0.29835432E-02
  0.79999998E+00  0.57999999E+00  0.30767650E-02
  0.79999998E+00  0.59999999E+00  0.31683932E-02
  0.79999998E+00  0.61999999E+00  0.32590549E-02
  0.79999998E+00  0.63999999E+00  0.33497054E-02
  0.79999998E+00  0.65999999E+00  0.34416441E-02
  0.79999998E+00  0.67999998E+00  0.35364700E-02
  0.79999998E+00  0.69999998E+00  0.36359242E-02
  0.79999998E+00  0.71999998E+00  0.37415209E-02
  0.79999998E+00  0.73999998E+00  0.38537757E-02
  0.79999998E+00  0.75999998E+00  0.39706111E-02
  0.79999998E+00  0.77999998E+00  0.40838541E-02
  0.79999998E+00  0.79999998E+00  0.41700778E-02
  0.79999998E+00  0.81999998E+00  0.41530817E-02
  0.79999998E+00  0.83999998E+00  0.38326692E-02
  0.79999998E+00  0.85999998E+00  0.39663064E-02
  0.79999998E+00  0.87999998E+00  0.41005389E-02
  0.79999998E+00  0.89999998E+00  0.42345684E-02
  0.79999998E+00  0.91999998E+00  0.43675019E-02
  0.79999998E+00  0.93999998E+00  0.44983664E-02
  0.79999998E+00  0.95999998E+00  0.46261312E-02
  0.79999998E+00  0.97999998E+00  0.47497353E-02
  0.79999998E+00  0.99999998E+00  0.48681217E-02
  0.79999998E+00  0.10200000E+01  0.49802785E-02
  0.79999998E+00  0.10400000E+01  0.50852863E-02
  0.79999998E+00  0.10600000E+01  0.51823706E-02
  0.79999998E+00  0.10800000E+01  0.52709603E-02
  0.79999998E+00  0.11000000E+01  0.53507474E-02
  0.79999998E+00  0.11200000E+01  0.54217489E-02
  0.79999998E+00  0.11400000E+01  0.54843652E-02
  0.79999998E+00  0.11600000E+01  0.55394315E-02
  0.79999998E+00  0.11800000E+01  0.55882576E-02
  0.79999998E+00  0.12000000E+01  0.56326471E-02
  0.79999998E+00  0.12200000E+01  0.56748883E-02
  0.79999998E+00  0.12400000E+01  0.57177049E-02
  0.79999998E+00  0.12600000E+01  0.57641517E-02
  0.79999998E+00  0.12800000E+01  0.58174341E-02
  0.79999998E+00  0.13000000E+01  0.58806253E-02
  0.79999998E+00  0.13200000E+01  0.59562351E-02
  0.79999998E+00  0.13400000E+01  0.60455539E-02
  0.79999998E+00  0.13600000E+01  0.61476130E-02
  0.79999998E+00  0.13800000E+01  0.62573515E-02
  0.79999998E+00  0.14000000E+01  0.63616303E-02
  0.79999998E+00  0.14200000E+01  0.64259494E-02
  0.79999998E+00  0.14400000E+01  0.62512610E-02
  0.79999998E+00  0.14600000E+01  0.63978008E-02
  0.79999998E+00  0.14800000E+01  0.65424388E-02
  0.79999998E+00  0.15000000E+01  0.66850101E-02
  0.79999998E+00  0.15200000E+01  0.68254552E-02
  0.79999998E+00  0.15400000E+01  0.69638287E-02
  0.79999998E+00  0.15600000E+01  0.71003027E-02
  0.79999998E+00  0.15800000E+01  0.72351645E-02
  0.79999998E+00  0.16000000E+01  0.73688057E-02
  0.79999998E+00  0.16200000E+01  0.75017010E-02
  0.79999998E+00  0.16400000E+01  0.76343757E-02
  0.79999998E+00  0.16600000E+01  0.77673586E-02
  0.79999998E+00  0.16800000E+01  0.79011199E-02
  0.79999998E+00  0.17000000E+01  0.80359908E-02
  0.79999998E+00  0.17200000E+01  0.81720660E-02
  0.79999998E+00  0.17400000E+01  0.83090862E-02
  0.79999998E+00  0.17600000E+01  0.84463033E-02
  0.79999998E+00  0.17800000E+01  0.85823303E-02
  0.79999998E+00  0.18000000E+01  0.87149799E-02
  0.79999998E+00  0.18200000E+01  0.88411013E-02
  0.79999998E+00  0.18400000E+01  0.89564278E-02
  0.79999998E+00  0.18600000E+01  0.90554552E-02
  0.79999998E+00  0.18800000E+01  0.91313817E-02
  0.79999998E+00  0.19000000E+01  0.91761533E-02
  0.79999998E+00  0.19200000E+01  0.91806840E-02
  0.79999998E+00  0.19400000E+01  0.91353530E-02
  0.79999998E+00  0.19600000E+01  0.90309435E-02
  0.79999998E+00  0.19800000E+01  0.88602847E-02
  0.79999998E+00  0.20000000E+01  0.86209944E-02
  0.81999998E+00  0.00000000E+00  0.37153742E-03
  0.81999998E+00  0.20000000E-01  0.53243200E-03
  0.81999998E+00  0.39999999E-01  0.68853983E-03
  0.81999998E+00  0.59999999E-01  0.83723425E-03
  0.81999998E+00  0.79999998E-01  0.97469831E-03
  0.81999998E+00  0.99999998E-01  0.10959492E-02
  0.81999998E+00  0.12000000E+00  0.11950534E-02
  0.81999998E+00  0.14000000E+00  0.12656654E-02
  0.81999998E+00  0.16000000E+00  0.13021051E-02
  0.81999998E+00  0.18000000E+00  0.13012193E-02
  0.81999998E+00  0.20000000E+00  0.12620068E-02
  0.81999998E+00  0.22000000E+00  0.12743098E-02
  0.81999998E+00  0.23999999E+00  0.13788118E-02
  0.81999998E+00  0.25999999E+00  0.14842546E-02
  0.81999998E+00  0.27999999E+00  0.15905924E-02
  0.81999998E+00  0.29999999E+00  0.16977337E-02
  0.81999998E+00  0.31999999E+00  0.18055381E-02
  0.81999998E+00  0.33999999E+00  0.19138128E-02
  0.81999998E+00  0.35999999E+00  0.20223114E-02
  0.81999998E+00  0.37999999E+00  0.21307344E-02
  0.81999998E+00  0.39999999E+00  0.22387327E-02
  0.81999998E+00  0.41999999E+00  0.23459157E-02
  0.81999998E+00  0.43999999E+00  0.24518644E-02
  0.81999998E+00  0.45999999E+00  0.25561511E-02
  0.81999998E+00  0.47999999E+00  0.26583666E-02
  0.81999998E+00  0.49999999E+00  0.27581566E-02
  0.81999998E+00  0.51999999E+00  0.28552673E-02
  0.81999998E+00  0.53999999E+00  0.29496008E-02
  0.81999998E+00  0.55999999E+00  0.30412778E-02
  0.81999998E+00  0.57999999E+00  0.31307070E-02
  0.81999998E+00  0.59999999E+00  0.32186520E-02
  0.81999998E+00  0.61999999E+00  0.33062854E-02
  0.81999998E+00  0.63999999E+00  0.33952106E-02
  0.81999998E+00  0.65999999E+00  0.34874156E-02
  0.81999998E+00  0.67999998E+00  0.35850990E-02
  0.81999998E+00  0.69999998E+00  0.36902587E-02
  0.81999998E+00  0.71999998E+00  0.38038321E-02
  0.81999998E+00  0.73999998E+00  0.39239262E-02
  0.81999998E+00  0.75999998E+00  0.40419495E-02
  0.81999998E+00  0.77999998E+00  0.41325756E-02
  0.81999998E+00  0.79999998E+00  0.41130326E-02
  0.81999998E+00  0.81999998E+00  0.37633864E-02
  0.81999998E+00  0.83999998E+00  0.38931840E-02
  0.81999998E+00  0.85999998E+00  0.40233022E-02
  0.81999998E+00  0.87999998E+00  0.41529794E-02
  0.81999998E+00  0.89999998E+00  0.42813715E-02
  0.81999998E+00  0.91999998E+00  0.44075684E-02
  0.81999998E+00  0.93999998E+00  0.45306160E-02
  0.81999998E+00  0.95999998E+00  0.46495450E-02
  0.81999998E+00  0.97999998E+00  0.47634044E-02
  0.81999998E+00  0.99999998E+00  0.48713017E-02
  0.81999998E+00  0.10200000E+01  0.49724483E-02
  0.81999998E+00  0.10400000E+01  0.50662090E-02
  0.81999998E+00  0.10600000E+01  0.51521551E-02
  0.81999998E+00  0.10800000E+01  0.52301190E-02
  0.81999998E+00  0.11000000E+01  0.53002463E-02
  0.81999998E+00  0.11200000E+01  0.53630447E-02
  0.81999998E+00  0.11400000E+01  0.54194218E-02
  0.81999998E+00  0.11600000E+01  0.54707099E-02
  0.81999998E+00  0.11800000E+01  0.55186676E-02
  0.81999998E+00  0.12000000E+01  0.55654519E-02
  0.81999998E+00  0.12200000E+01  0.56135502E-02
  0.81999998E+00  0.12400000E+01  0.56656589E-02
  0.81999998E+00  0.12600000E+01  0.57244936E-02
  0.81999998E+00  0.12800000E+01  0.57925094E-02
  0.81999998E+00  0.13000000E+01  0.58714998E-02
  0.81999998E+00  0.13200000E+01  0.59620210E-02
  0.81999998E+00  0.13400000E+01  0.60625255E-02
  0.81999998E+00  0.13600000E+01  0.61679048E-02
  0.81999998E+00  0.13800000E+01  0.62663783E-02
  0.81999998E+00  0.14000000E+01  0.63289340E-02
  0.81999998E+00  0.14200000E+01  0.61905271E-02
  0.81999998E+00  0.14400000E+01  0.63381879E-02
  0.81999998E+00  0.14600000E+01  0.64842819E-02
  0.81999998E+00  0.14800000E+01  0.66286446E-02
  0.81999998E+00  0.15000000E+01  0.67712081E-02
  0.81999998E+00  0.15200000E+01  0.69120075E-02
  0.81999998E+00  0.15400000E+01  0.70511835E-02
  0.81999998E+00  0.15600000E+01  0.71889773E-02
  0.81999998E+00  0.15800000E+01  0.73257191E-02
  0.81999998E+00  0.16000000E+01  0.74618054E-02
  0.81999998E+00  0.16200000E+01  0.75976659E-02
  0.81999998E+00  0.16400000E+01  0.77337175E-02
  0.81999998E+00  0.16600000E+01  0.78703028E-02
  0.81999998E+00  0.16800000E+01  0.80076145E-02
  0.81999998E+00  0.17000000E+01  0.81456018E-02
  0.81999998E+00  0.17200000E+01  0.82838618E-02
  0.81999998E+00  0.17400000E+01  0.84215155E-02
  0.81999998E+00  0.17600000E+01  0.85570717E-02
  0.81999998E+00  0.17800000E+01  0.86882842E-02
  0.81999998E+00  0.18000000E+01  0.88120105E-02
  0.81999998E+00  0.18200000E+01  0.89240850E-02
  0.81999998E+00  0.18400000E+01  0.90192254E-02
  0.81999998E+00  0.18600000E+01  0.90909999E-02
  0.81999998E+00  0.18800000E+01  0.91318962E-02
  0.81999998E+00  0.19000000E+01  0.91335502E-02
  0.81999998E+00  0.19200000E+01  0.90872234E-02
  0.81999998E+00  0.19400000E+01  0.89846612E-02
  0.81999998E+00  0.19600000E+01  0.88195340E-02
  0.81999998E+00  0.19800000E+01  0.85897058E-02
  0.81999998E+00  0.20000000E+01  0.82998658E-02
  0.83999998E+00  0.00000000E+00  0.41045313E-03
  0.83999998E+00  0.20000000E-01  0.57211987E-03
  0.83999998E+00  0.39999999E-01  0.72617672E-03
  0.83999998E+00  0.59999999E-01  0.86882007E-03
  0.83999998E+00  0.79999998E-01  0.99503374E-03
  0.83999998E+00  0.99999998E-01  0.10988201E-02
  0.83999998E+00  0.12000000E+00  0.11737846E-02
  0.83999998E+00  0.14000000E+00  0.12143286E-02
  0.83999998E+00  0.16000000E+00  0.12178394E-02
  0.83999998E+00  0.18000000E+00  0.11859573E-02
  0.83999998E+00  0.20000000E+00  0.12083722E-02
  0.83999998E+00  0.22000000E+00  0.13146524E-02
  0.83999998E+00  0.23999999E+00  0.14220634E-02
  0.83999998E+00  0.25999999E+00  0.15305775E-02
  0.83999998E+00  0.27999999E+00  0.16401051E-02
  0.83999998E+00  0.29999999E+00  0.17504891E-02
  0.83999998E+00  0.31999999E+00  0.18615020E-02
  0.83999998E+00  0.33999999E+00  0.19728443E-02
  0.83999998E+00  0.35999999E+00  0.20841458E-02
  0.83999998E+00  0.37999999E+00  0.21949714E-02
  0.83999998E+00  0.39999999E+00  0.23048312E-02
  0.83999998E+00  0.41999999E+00  0.24131975E-02
  0.83999998E+00  0.43999999E+00  0.25195301E-02
  0.83999998E+00  0.45999999E+00  0.26233096E-02
  0.83999998E+00  0.47999999E+00  0.27240817E-02
  0.83999998E+00  0.49999999E+00  0.28215127E-02
  0.83999998E+00  0.51999999E+00  0.29154550E-02
  0.83999998E+00  0.53999999E+00  0.30060232E-02
  0.83999998E+00  0.55999999E+00  0.30936751E-02
  0.83999998E+00  0.57999999E+00  0.31792917E-02
  0.83999998E+00  0.59999999E+00  0.32642427E-02
  0.83999998E+00  0.61999999E+00  0.33504149E-02
  0.83999998E+00  0.63999999E+00  0.34401660E-02
  0.83999998E+00  0.65999999E+00  0.35361366E-02
  0.83999998E+00  0.67999998E+00  0.36408003E-02
  0.83999998E+00  0.69999998E+00  0.37555215E-02
  0.83999998E+00  0.71999998E+00  0.38786206E-02
  0.83999998E+00  0.73999998E+00  0.40011616E-02
  0.83999998E+00  0.75999998E+00  0.40960874E-02
  0.83999998E+00  0.77999998E+00  0.40745197E-02
  0.83999998E+00  0.79999998E+00  0.36980160E-02
  0.83999998E+00  0.81999998E+00  0.38243343E-02
  0.83999998E+00  0.83999998E+00  0.39506727E-02
  0.83999998E+00  0.85999998E+00  0.40763000E-02
  0.83999998E+00  0.87999998E+00  0.42004154E-02
  0.83999998E+00  0.89999998E+00  0.43221658E-02
  0.83999998E+00  0.91999998E+00  0.44406698E-02
  0.83999998E+00  0.93999998E+00  0.45550456E-02
  0.83999998E+00  0.95999998E+00  0.46644455E-02
  0.83999998E+00  0.97999998E+00  0.47680950E-02
  0.83999998E+00  0.99999998E+00  0.48653359E-02
  0.83999998E+00  0.10200000E+01  0.49556732E-02
  0.83999998E+00  0.10400000E+01  0.50388237E-02
  0.83999998E+00  0.10600000E+01  0.51147632E-02
  0.83999998E+00  0.10800000E+01  0.51837716E-02
  0.83999998E+00  0.11000000E+01  0.52464697E-02
  0.83999998E+00  0.11200000E+01  0.53038445E-02
  0.83999998E+00  0.11400000E+01  0.53572576E-02
  0.83999998E+00  0.11600000E+01  0.54084293E-02
  0.83999998E+00  0.11800000E+01  0.54593910E-02
  0.83999998E+00  0.12000000E+01  0.55123971E-02
  0.83999998E+00  0.12200000E+01  0.55697860E-02
  0.83999998E+00  0.12400000E+01  0.56337789E-02
  0.83999998E+00  0.12600000E+01  0.57062018E-02
  0.83999998E+00  0.12800000E+01  0.57881127E-02
  0.83999998E+00  0.13000000E+01  0.58793014E-02
  0.83999998E+00  0.13200000E+01  0.59775940E-02
  0.83999998E+00  0.13400000E+01  0.60777589E-02
  0.83999998E+00  0.13600000E+01  0.61692459E-02
  0.83999998E+00  0.13800000E+01  0.62282414E-02
  0.83999998E+00  0.14000000E+01  0.61218854E-02
  0.83999998E+00  0.14200000E+01  0.62701333E-02
  0.83999998E+00  0.14400000E+01  0.64172039E-02
  0.83999998E+00  0.14600000E+01  0.65629431E-02
  0.83999998E+00  0.14800000E+01  0.67072827E-02
  0.83999998E+00  0.15000000E+01  0.68502463E-02
  0.83999998E+00  0.15200000E+01  0.69919482E-02
  0.83999998E+00  0.15400000E+01  0.71325875E-02
  0.83999998E+00  0.15600000E+01  0.72724337E-02
  0.83999998E+00  0.15800000E+01  0.74118035E-02
  0.83999998E+00  0.16000000E+01  0.75510265E-02
  0.83999998E+00  0.16200000E+01  0.76903997E-02
  0.83999998E+00  0.16400000E+01  0.78301279E-02
  0.83999998E+00  0.16600000E+01  0.79702512E-02
  0.83999998E+00  0.16800000E+01  0.81105576E-02
  0.83999998E+00  0.17000000E+01  0.82504832E-02
  0.83999998E+00  0.17200000E+01  0.83890001E-02
  0.83999998E+00  0.17400000E+01  0.85244960E-02
  0.83999998E+00  0.17600000E+01  0.86546522E-02
  0.83999998E+00  0.17800000E+01  0.87763264E-02
  0.83999998E+00  0.18000000E+01  0.88854545E-02
  0.83999998E+00  0.18200000E+01  0.89769881E-02
  0.83999998E+00  0.18400000E+01  0.90448930E-02
  0.83999998E+00  0.18600000E+01  0.90822441E-02
  0.83999998E+00  0.18800000E+01  0.90814658E-02
  0.83999998E+00  0.19000000E+01  0.90347896E-02
  0.83999998E+00  0.19200000E+01  0.89350289E-02
  0.83999998E+00  0.19400000E+01  0.87768073E-02
  0.83999998E+00  0.19600000E+01  0.85583285E-02
  0.83999998E+00  0.19800000E+01  0.82827160E-02
  0.83999998E+00  0.20000000E+01  0.79271513E-02
  0.85999998E+00  0.00000000E+00  0.44974687E-03
  0.85999998E+00  0.20000000E-01  0.60948721E-03
  0.85999998E+00  0.39999999E-01  0.75765456E-03
  0.85999998E+00  0.59999999E-01  0.88922082E-03
  0.85999998E+00  0.79999998E-01  0.99813989E-03
  0.85999998E+00  0.99999998E-01  0.10779712E-02
  0.85999998E+00  0.12000000E+00  0.11231750E-02
  0.85999998E+00  0.14000000E+00  0.11315985E-02
  0.85999998E+00  0.16000000E+00  0.11072491E-02
  0.85999998E+00  0.18000000E+00  0.11393794E-02
  0.85999998E+00  0.20000000E+00  0.12474471E-02
  0.85999998E+00  0.22000000E+00  0.13568095E-02
  0.85999998E+00  0.23999999E+00  0.14674693E-02
  0.85999998E+00  0.25999999E+00  0.15793499E-02
  0.85999998E+00  0.27999999E+00  0.16922891E-02
  0.85999998E+00  0.29999999E+00  0.18060349E-02
  0.85999998E+00  0.31999999E+00  0.19202441E-02
  0.85999998E+00  0.33999999E+00  0.20344843E-02
  0.85999998E+00  0.35999999E+00  0.21482403E-02
  0.85999998E+00  0.37999999E+00  0.22609278E-02
  0.85999998E+00  0.39999999E+00  0.23719133E-02
  0.85999998E+00  0.41999999E+00  0.24805438E-02
  0.85999998E+00  0.43999999E+00  0.25861874E-02
  0.85999998E+00  0.45999999E+00  0.26882848E-02
  0.85999998E+00  0.47999999E+00  0.27864140E-02
  0.85999998E+00  0.49999999E+00  0.28803674E-02
  0.85999998E+00  0.51999999E+00  0.29702394E-02
  0.85999998E+00  0.53999999E+00  0.30565204E-02
  0.85999998E+00  0.55999999E+00  0.31401902E-02
  0.85999998E+00  0.57999999E+00  0.32227949E-02
  0.85999998E+00  0.59999999E+00  0.33064841E-02
  0.85999998E+00  0.61999999E+00  0.33939649E-02
  0.85999998E+00  0.63999999E+00  0.34883028E-02
  0.85999998E+00  0.65999999E+00  0.35924374E-02
  0.85999998E+00  0.67999998E+00  0.37081641E-02
  0.85999998E+00  0.69999998E+00  0.38340448E-02
  0.85999998E+00  0.71999998E+00  0.39608745E-02
  0.85999998E+00  0.73999998E+00  0.40600440E-02
  0.85999998E+00  0.75999998E+00  0.40370673E-02
  0.85999998E+00  0.77999998E+00  0.36363147E-02
  0.85999998E+00  0.79999998E+00  0.37595549E-02
  0.85999998E+00  0.81999998E+00  0.38824980E-02
  0.85999998E+00  0.83999998E+00  0.40044365E-02
  0.85999998E+00  0.85999998E+00  0.41246065E-02
  0.85999998E+00  0.87999998E+00  0.42422062E-02
  0.85999998E+00  0.89999998E+00  0.43564208E-02
  0.85999998E+00  0.91999998E+00  0.44664515E-02
  0.85999998E+00  0.93999998E+00  0.45715496E-02
  0.85999998E+00  0.95999998E+00  0.46710552E-02
  0.85999998E+00  0.97999998E+00  0.47644385E-02
  0.85999998E+00  0.99999998E+00  0.48513439E-02
  0.85999998E+00  0.10200000E+01  0.49316336E-02
  0.85999998E+00  0.10400000E+01  0.50054291E-02
  0.85999998E+00  0.10600000E+01  0.50731470E-02
  0.85999998E+00  0.10800000E+01  0.51355255E-02
  0.85999998E+00  0.11000000E+01  0.51936361E-02
  0.85999998E+00  0.11200000E+01  0.52488758E-02
  0.85999998E+00  0.11400000E+01  0.53029326E-02
  0.85999998E+00  0.11600000E+01  0.53577183E-02
  0.85999998E+00  0.11800000E+01  0.54152591E-02
  0.85999998E+00  0.12000000E+01  0.54775385E-02
  0.85999998E+00  0.12200000E+01  0.55462827E-02
  0.85999998E+00  0.12400000E+01  0.56226835E-02
  0.85999998E+00  0.12600000E+01  0.57070504E-02
  0.85999998E+00  0.12800000E+01  0.57983835E-02
  0.85999998E+00  0.13000000E+01  0.58938411E-02
  0.85999998E+00  0.13200000E+01  0.59879975E-02
  0.85999998E+00  0.13400000E+01  0.60713990E-02
  0.85999998E+00  0.13600000E+01  0.61251072E-02
  0.85999998E+00  0.13800000E+01  0.60464263E-02
  0.85999998E+00  0.14000000E+01  0.61946790E-02
  0.85999998E+00  0.14200000E+01  0.63421845E-02
  0.85999998E+00  0.14400000E+01  0.64888084E-02
  0.85999998E+00  0.14600000E+01  0.66344923E-02
  0.85999998E+00  0.14800000E+01  0.67792556E-02
  0.85999998E+00  0.15000000E+01  0.69231937E-02
  0.85999998E+00  0.15200000E+01  0.70664684E-02
  0.85999998E+00  0.15400000E+01  0.72092919E-02
  0.85999998E+00  0.15600000E+01  0.73519019E-02
  0.85999998E+00  0.15800000E+01  0.74945259E-02
  0.85999998E+00  0.16000000E+01  0.76373364E-02
  0.85999998E+00  0.16200000E+01  0.77803927E-02
  0.85999998E+00  0.16400000E+01  0.79235721E-02
  0.85999998E+00  0.16600000E+01  0.80664890E-02
  0.85999998E+00  0.16800000E+01  0.82084039E-02
  0.85999998E+00  0.17000000E+01  0.83481243E-02
  0.85999998E+00  0.17200000E+01  0.84839023E-02
  0.85999998E+00  0.17400000E+01  0.86133337E-02
  0.85999998E+00  0.17600000E+01  0.87332676E-02
  0.85999998E+00  0.17800000E+01  0.88397396E-02
  0.85999998E+00  0.18000000E+01  0.89279425E-02
  0.85999998E+00  0.18200000E+01  0.89922603E-02
  0.85999998E+00  0.18400000E+01  0.90263910E-02
  0.85999998E+00  0.18600000E+01  0.90236022E-02
  0.85999998E+00  0.18800000E+01  0.89771688E-02
  0.85999998E+00  0.19000000E+01  0.88810637E-02
  0.85999998E+00  0.19200000E+01  0.87309649E-02
  0.85999998E+00  0.19400000E+01  0.85255104E-02
  0.85999998E+00  0.19600000E+01  0.82663120E-02
  0.85999998E+00  0.19800000E+01  0.79212225E-02
  0.85999998E+00  0.20000000E+01  0.78421724E-02
  0.87999998E+00  0.00000000E+00  0.48688833E-03
  0.87999998E+00  0.20000000E-01  0.64093608E-03
  0.87999998E+00  0.39999999E-01  0.77824996E-03
  0.87999998E+00  0.59999999E-01  0.89275152E-03
  0.87999998E+00  0.79999998E-01  0.97795854E-03
  0.87999998E+00  0.99999998E-01  0.10283702E-02
  0.87999998E+00  0.12000000E+00  0.10422192E-02
  0.87999998E+00  0.14000000E+00  0.10256228E-02
  0.87999998E+00  0.16000000E+00  0.10671250E-02
  0.87999998E+00  0.18000000E+00  0.11770057E-02
  0.87999998E+00  0.20000000E+00  0.12883096E-02
  0.87999998E+00  0.22000000E+00  0.14010821E-02
  0.87999998E+00  0.23999999E+00  0.15152716E-02
  0.87999998E+00  0.25999999E+00  0.16307227E-02
  0.87999998E+00  0.27999999E+00  0.17471701E-02
  0.87999998E+00  0.29999999E+00  0.18642373E-02
  0.87999998E+00  0.31999999E+00  0.19814385E-02
  0.87999998E+00  0.33999999E+00  0.20981867E-02
  0.87999998E+00  0.35999999E+00  0.22138087E-02
  0.87999998E+00  0.37999999E+00  0.23275689E-02
  0.87999998E+00  0.39999999E+00  0.24387035E-02
  0.87999998E+00  0.41999999E+00  0.25464668E-02
  0.87999998E+00  0.43999999E+00  0.26501907E-02
  0.87999998E+00  0.45999999E+00  0.27493584E-02
  0.87999998E+00  0.47999999E+00  0.28436924E-02
  0.87999998E+00  0.49999999E+00  0.29332539E-02
  0.87999998E+00  0.51999999E+00  0.30185506E-02
  0.87999998E+00  0.53999999E+00  0.31006428E-02
  0.87999998E+00  0.55999999E+00  0.31812328E-02
  0.87999998E+00  0.57999999E+00  0.32627111E-02
  0.87999998E+00  0.59999999E+00  0.33481136E-02
  0.87999998E+00  0.61999999E+00  0.34409129E-02
  0.87999998E+00  0.63999999E+00  0.35445031E-02
  0.87999998E+00  0.65999999E+00  0.36611126E-02
  0.87999998E+00  0.67999998E+00  0.37895729E-02
  0.87999998E+00  0.69999998E+00  0.39204866E-02
  0.87999998E+00  0.71999998E+00  0.40238767E-02
  0.87999998E+00  0.73999998E+00  0.40001731E-02
  0.87999998E+00  0.75999998E+00  0.35779523E-02
  0.87999998E+00  0.77999998E+00  0.36985425E-02
  0.87999998E+00  0.79999998E+00  0.38185099E-02
  0.87999998E+00  0.81999998E+00  0.39371647E-02
  0.87999998E+00  0.83999998E+00  0.40537729E-02
  0.87999998E+00  0.85999998E+00  0.41675778E-02
  0.87999998E+00  0.87999998E+00  0.42778249E-02
  0.87999998E+00  0.89999998E+00  0.43837925E-02
  0.87999998E+00  0.91999998E+00  0.44848255E-02
  0.87999998E+00  0.93999998E+00  0.45803739E-02
  0.87999998E+00  0.95999998E+00  0.46700328E-02
  0.87999998E+00  0.97999998E+00  0.47535830E-02
  0.87999998E+00  0.99999998E+00  0.48310306E-02
  0.87999998E+00  0.10200000E+01  0.49026424E-02
  0.87999998E+00  0.10400000E+01  0.49689729E-02
  0.87999998E+00  0.10600000E+01  0.50308797E-02
  0.87999998E+00  0.10800000E+01  0.50895224E-02
  0.87999998E+00  0.11000000E+01  0.51463380E-02
  0.87999998E+00  0.11200000E+01  0.52029879E-02
  0.87999998E+00  0.11400000E+01  0.52612700E-02
  0.87999998E+00  0.11600000E+01  0.53229886E-02
  0.87999998E+00  0.11800000E+01  0.53897772E-02
  0.87999998E+00  0.12000000E+01  0.54628706E-02
  0.87999998E+00  0.12200000E+01  0.55428259E-02
  0.87999998E+00  0.12400000E+01  0.56291980E-02
  0.87999998E+00  0.12600000E+01  0.57201808E-02
  0.87999998E+00  0.12800000E+01  0.58122308E-02
  0.87999998E+00  0.13000000E+01  0.58996621E-02
  0.87999998E+00  0.13200000E+01  0.59739807E-02
  0.87999998E+00  0.13400000E+01  0.60207751E-02
  0.87999998E+00  0.13600000E+01  0.59653395E-02
  0.87999998E+00  0.13800000E+01  0.61129885E-02
  0.87999998E+00  0.14000000E+01  0.62603464E-02
  0.87999998E+00  0.14200000E+01  0.64073085E-02
  0.87999998E+00  0.14400000E+01  0.65538350E-02
  0.87999998E+00  0.14600000E+01  0.66999509E-02
  0.87999998E+00  0.14800000E+01  0.68457399E-02
  0.87999998E+00  0.15000000E+01  0.69913335E-02
  0.87999998E+00  0.15200000E+01  0.71368913E-02
  0.87999998E+00  0.15400000E+01  0.72825746E-02
  0.87999998E+00  0.15600000E+01  0.74285099E-02
  0.87999998E+00  0.15800000E+01  0.75747430E-02
  0.87999998E+00  0.16000000E+01  0.77211835E-02
  0.87999998E+00  0.16200000E+01  0.78675387E-02
  0.87999998E+00  0.16400000E+01  0.80132399E-02
  0.87999998E+00  0.16600000E+01  0.81573605E-02
  0.87999998E+00  0.16800000E+01  0.82985314E-02
  0.87999998E+00  0.17000000E+01  0.84348559E-02
  0.87999998E+00  0.17200000E+01  0.85638325E-02
  0.87999998E+00  0.17400000E+01  0.86822929E-02
  0.87999998E+00  0.17600000E+01  0.87863683E-02
  0.87999998E+00  0.17800000E+01  0.88714968E-02
  0.87999998E+00  0.18000000E+01  0.89324939E-02
  0.87999998E+00  0.18200000E+01  0.89637081E-02
  0.87999998E+00  0.18400000E+01  0.89592921E-02
  0.87999998E+00  0.18600000E+01  0.89136243E-02
  0.87999998E+00  0.18800000E+01  0.88219130E-02
  0.87999998E+00  0.19000000E+01  0.86809802E-02
  0.87999998E+00  0.19200000E+01  0.84899909E-02
  0.87999998E+00  0.19400000E+01  0.82491274E-02
  0.87999998E+00  0.19600000E+01  0.79171146E-02
  0.87999998E+00  0.19800000E+01  0.78340016E-02
  0.87999998E+00  0.20000000E+01  0.79231666E-02
  0.89999998E+00  0.00000000E+00  0.51833207E-03
  0.89999998E+00  0.20000000E-01  0.66179719E-03
  0.89999998E+00  0.39999999E-01  0.78233372E-03
  0.89999998E+00  0.59999999E-01  0.87342396E-03
  0.89999998E+00  0.79999998E-01  0.92958970E-03
  0.89999998E+00  0.99999998E-01  0.94938291E-03
  0.89999998E+00  0.12000000E+00  0.94079765E-03
  0.89999998E+00  0.14000000E+00  0.99140993E-03
  0.89999998E+00  0.16000000E+00  0.11031526E-02
  0.89999998E+00  0.18000000E+00  0.12164026E-02
  0.89999998E+00  0.20000000E+00  0.13312603E-02
  0.89999998E+00  0.22000000E+00  0.14477118E-02
  0.89999998E+00  0.23999999E+00  0.15656205E-02
  0.89999998E+00  0.25999999E+00  0.16847198E-02
  0.89999998E+00  0.27999999E+00  0.18046110E-02
  0.89999998E+00  0.29999999E+00  0.19247651E-02
  0.89999998E+00  0.31999999E+00  0.20445319E-02
  0.89999998E+00  0.33999999E+00  0.21631565E-02
  0.89999998E+00  0.35999999E+00  0.22798062E-02
  0.89999998E+00  0.37999999E+00  0.23936092E-02
  0.89999998E+00  0.39999999E+00  0.25037062E-02
  0.89999998E+00  0.41999999E+00  0.26093180E-02
  0.89999998E+00  0.43999999E+00  0.27098274E-02
  0.89999998E+00  0.45999999E+00  0.28048783E-02
  0.89999998E+00  0.47999999E+00  0.28944871E-02
  0.89999998E+00  0.49999999E+00  0.29791637E-02
  0.89999998E+00  0.51999999E+00  0.30600311E-02
  0.89999998E+00  0.53999999E+00  0.31389279E-02
  0.89999998E+00  0.55999999E+00  0.32184640E-02
  0.89999998E+00  0.57999999E+00  0.33019826E-02
  0.89999998E+00  0.59999999E+00  0.33933443E-02
  0.89999998E+00  0.61999999E+00  0.34963852E-02
  0.89999998E+00  0.63999999E+00  0.36137679E-02
  0.89999998E+00  0.65999999E+00  0.37446195E-02
  0.89999998E+00  0.67999998E+00  0.38794268E-02
  0.89999998E+00  0.69999998E+00  0.39870342E-02
  0.89999998E+00  0.71999998E+00  0.39633280E-02
  0.89999998E+00  0.73999998E+00  0.35225336E-02
  0.89999998E+00  0.75999998E+00  0.36409151E-02
  0.89999998E+00  0.77999998E+00  0.37583481E-02
  0.89999998E+00  0.79999998E+00  0.38741539E-02
  0.89999998E+00  0.81999998E+00  0.39876223E-02
  0.89999998E+00  0.83999998E+00  0.40980345E-02
  0.89999998E+00  0.85999998E+00  0.42046899E-02
  0.89999998E+00  0.87999998E+00  0.43069370E-02
  0.89999998E+00  0.89999998E+00  0.44042084E-02
  0.89999998E+00  0.91999998E+00  0.44960583E-02
  0.89999998E+00  0.93999998E+00  0.45822011E-02
  0.89999998E+00  0.95999998E+00  0.46625502E-02
  0.89999998E+00  0.97999998E+00  0.47372523E-02
  0.89999998E+00  0.99999998E+00  0.48067171E-02
  0.89999998E+00  0.10200000E+01  0.48716361E-02
  0.89999998E+00  0.10400000E+01  0.49329873E-02
  0.89999998E+00  0.10600000E+01  0.49920199E-02
  0.89999998E+00  0.10800000E+01  0.50502143E-02
  0.89999998E+00  0.11000000E+01  0.51092102E-02
  0.89999998E+00  0.11200000E+01  0.51706976E-02
  0.89999998E+00  0.11400000E+01  0.52362654E-02
  0.89999998E+00  0.11600000E+01  0.53072043E-02
  0.89999998E+00  0.11800000E+01  0.53842641E-02
  0.89999998E+00  0.12000000E+01  0.54673714E-02
  0.89999998E+00  0.12200000E+01  0.55553262E-02
  0.89999998E+00  0.12400000E+01  0.56455066E-02
  0.89999998E+00  0.12600000E+01  0.57336406E-02
  0.89999998E+00  0.12800000E+01  0.58137212E-02
  0.89999998E+00  0.13000000E+01  0.58780772E-02
  0.89999998E+00  0.13200000E+01  0.59164583E-02
  0.89999998E+00  0.13400000E+01  0.58798683E-02
  0.89999998E+00  0.13600000E+01  0.60262995E-02
  0.89999998E+00  0.13800000E+01  0.61729077E-02
  0.89999998E+00  0.14000000E+01  0.63196273E-02
  0.89999998E+00  0.14200000E+01  0.64664470E-02
  0.89999998E+00  0.14400000E+01  0.66134059E-02
  0.89999998E+00  0.14600000E+01  0.67605852E-02
  0.89999998E+00  0.14800000E+01  0.69080930E-02
  0.89999998E+00  0.15000000E+01  0.70560430E-02
  0.89999998E+00  0.15200000E+01  0.72045249E-02
  0.89999998E+00  0.15400000E+01  0.73535665E-02
  0.89999998E+00  0.15600000E+01  0.75030882E-02
  0.89999998E+00  0.15800000E+01  0.76528477E-02
  0.89999998E+00  0.16000000E+01  0.78023788E-02
  0.89999998E+00  0.16200000E+01  0.79509232E-02
  0.89999998E+00  0.16400000E+01  0.80973593E-02
  0.89999998E+00  0.16600000E+01  0.82401311E-02
  0.89999998E+00  0.16800000E+01  0.83771826E-02
  0.89999998E+00  0.17000000E+01  0.85059048E-02
  0.89999998E+00  0.17200000E+01  0.86231035E-02
  0.89999998E+00  0.17400000E+01  0.87250000E-02
  0.89999998E+00  0.17600000E+01  0.88072777E-02
  0.89999998E+00  0.17800000E+01  0.88651918E-02
  0.89999998E+00  0.18000000E+01  0.88937590E-02
  0.89999998E+00  0.18200000E+01  0.88880484E-02
  0.89999998E+00  0.18400000E+01  0.88435871E-02
  0.89999998E+00  0.18600000E+01  0.87568802E-02
  0.89999998E+00  0.18800000E+01  0.86259703E-02
  0.89999998E+00  0.19000000E+01  0.84506376E-02
  0.89999998E+00  0.19200000E+01  0.82297394E-02
  0.89999998E+00  0.19400000E+01  0.79131962E-02
  0.89999998E+00  0.19600000E+01  0.78275607E-02
  0.89999998E+00  0.19800000E+01  0.79161410E-02
  0.89999998E+00  0.20000000E+01  0.80095505E-02
  0.91999998E+00  0.00000000E+00  0.53947193E-03
  0.91999998E+00  0.20000000E-01  0.66650274E-03
  0.91999998E+00  0.39999999E-01  0.76398673E-03
  0.91999998E+00  0.59999999E-01  0.82645675E-03
  0.91999998E+00  0.79999998E-01  0.85272776E-03
  0.91999998E+00  0.99999998E-01  0.85246868E-03
  0.91999998E+00  0.12000000E+00  0.91203897E-03
  0.91999998E+00  0.14000000E+00  0.10257227E-02
  0.91999998E+00  0.16000000E+00  0.11409449E-02
  0.91999998E+00  0.18000000E+00  0.12578731E-02
  0.91999998E+00  0.20000000E+00  0.13765438E-02
  0.91999998E+00  0.22000000E+00  0.14968521E-02
  0.91999998E+00  0.23999999E+00  0.16185425E-02
  0.91999998E+00  0.25999999E+00  0.17412059E-02
  0.91999998E+00  0.27999999E+00  0.18642811E-02
  0.91999998E+00  0.29999999E+00  0.19870643E-02
  0.91999998E+00  0.31999999E+00  0.21087268E-02
  0.91999998E+00  0.33999999E+00  0.22283453E-02
  0.91999998E+00  0.35999999E+00  0.23449437E-02
  0.91999998E+00  0.37999999E+00  0.24575510E-02
  0.91999998E+00  0.39999999E+00  0.25652750E-02
  0.91999998E+00  0.41999999E+00  0.26673941E-02
  0.91999998E+00  0.43999999E+00  0.27634659E-02
  0.91999998E+00  0.45999999E+00  0.28534513E-02
  0.91999998E+00  0.47999999E+00  0.29378481E-02
  0.91999998E+00  0.49999999E+00  0.30178251E-02
  0.91999998E+00  0.51999999E+00  0.30953370E-02
  0.91999998E+00  0.53999999E+00  0.31731919E-02
  0.91999998E+00  0.55999999E+00  0.32550184E-02
  0.91999998E+00  0.57999999E+00  0.33450451E-02
  0.91999998E+00  0.59999999E+00  0.34475368E-02
  0.91999998E+00  0.61999999E+00  0.35655895E-02
  0.91999998E+00  0.63999999E+00  0.36986510E-02
  0.91999998E+00  0.65999999E+00  0.38371687E-02
  0.91999998E+00  0.67999998E+00  0.39489975E-02
  0.91999998E+00  0.69999998E+00  0.39260317E-02
  0.91999998E+00  0.71999998E+00  0.34696192E-02
  0.91999998E+00  0.73999998E+00  0.35862345E-02
  0.91999998E+00  0.75999998E+00  0.37015831E-02
  0.91999998E+00  0.77999998E+00  0.38149911E-02
  0.91999998E+00  0.79999998E+00  0.39257659E-02
  0.91999998E+00  0.81999998E+00  0.40332200E-02
  0.91999998E+00  0.83999998E+00  0.41366995E-02
  0.91999998E+00  0.85999998E+00  0.42356162E-02
  0.91999998E+00  0.87999998E+00  0.43294835E-02
  0.91999998E+00  0.89999998E+00  0.44179531E-02
  0.91999998E+00  0.91999998E+00  0.45008530E-02
  0.91999998E+00  0.93999998E+00  0.45782230E-02
  0.91999998E+00  0.95999998E+00  0.46503459E-02
  0.91999998E+00  0.97999998E+00  0.47177709E-02
  0.91999998E+00  0.99999998E+00  0.47813237E-02
  0.91999998E+00  0.10200000E+01  0.48421015E-02
  0.91999998E+00  0.10400000E+01  0.49014438E-02
  0.91999998E+00  0.10600000E+01  0.49608766E-02
  0.91999998E+00  0.10800000E+01  0.50220214E-02
  0.91999998E+00  0.11000000E+01  0.50864663E-02
  0.91999998E+00  0.11200000E+01  0.51555921E-02
  0.91999998E+00  0.11400000E+01  0.52303552E-02
  0.91999998E+00  0.11600000E+01  0.53110293E-02
  0.91999998E+00  0.11800000E+01  0.53969192E-02
  0.91999998E+00  0.12000000E+01  0.54860743E-02
  0.91999998E+00  0.12200000E+01  0.55750543E-02
  0.91999998E+00  0.12400000E+01  0.56588390E-02
  0.91999998E+00  0.12600000E+01  0.57310453E-02
  0.91999998E+00  0.12800000E+01  0.57846898E-02
  0.91999998E+00  0.13000000E+01  0.58133073E-02
  0.91999998E+00  0.13200000E+01  0.57912673E-02
  0.91999998E+00  0.13400000E+01  0.59358802E-02
  0.91999998E+00  0.13600000E+01  0.60811369E-02
  0.91999998E+00  0.13800000E+01  0.62270202E-02
  0.91999998E+00  0.14000000E+01  0.63735560E-02
  0.91999998E+00  0.14200000E+01  0.65208070E-02
  0.91999998E+00  0.14400000E+01  0.66688604E-02
  0.91999998E+00  0.14600000E+01  0.68178096E-02
  0.91999998E+00  0.14800000E+01  0.69677294E-02
  0.91999998E+00  0.15000000E+01  0.71186440E-02
  0.91999998E+00  0.15200000E+01  0.72704878E-02
  0.91999998E+00  0.15400000E+01  0.74230579E-02
  0.91999998E+00  0.15600000E+01  0.75759618E-02
  0.91999998E+00  0.15800000E+01  0.77285583E-02
  0.91999998E+00  0.16000000E+01  0.78798963E-02
  0.91999998E+00  0.16200000E+01  0.80286540E-02
  0.91999998E+00  0.16400000E+01  0.81730815E-02
  0.91999998E+00  0.16600000E+01  0.83109554E-02
  0.91999998E+00  0.16800000E+01  0.84395504E-02
  0.91999998E+00  0.17000000E+01  0.85556380E-02
  0.91999998E+00  0.17200000E+01  0.86555233E-02
  0.91999998E+00  0.17400000E+01  0.87351324E-02
  0.91999998E+00  0.17600000E+01  0.87901623E-02
  0.91999998E+00  0.17800000E+01  0.88163083E-02
  0.91999998E+00  0.18000000E+01  0.88095752E-02
  0.91999998E+00  0.18200000E+01  0.87666710E-02
  0.91999998E+00  0.18400000E+01  0.86854439E-02
  0.91999998E+00  0.18600000E+01  0.85652190E-02
  0.91999998E+00  0.18800000E+01  0.84064751E-02
  0.91999998E+00  0.19000000E+01  0.82068656E-02
  0.91999998E+00  0.19200000E+01  0.79079315E-02
  0.91999998E+00  0.19400000E+01  0.78213129E-02
  0.91999998E+00  0.19600000E+01  0.79100182E-02
  0.91999998E+00  0.19800000E+01  0.80030886E-02
  0.91999998E+00  0.20000000E+01  0.81014251E-02
  0.93999998E+00  0.00000000E+00  0.54481114E-03
  0.93999998E+00  0.20000000E-01  0.64920747E-03
  0.93999998E+00  0.39999999E-01  0.71854168E-03
  0.93999998E+00  0.59999999E-01  0.75184763E-03
  0.93999998E+00  0.79999998E-01  0.76030512E-03
  0.93999998E+00  0.99999998E-01  0.82881695E-03
  0.93999998E+00  0.12000000E+00  0.94455687E-03
  0.93999998E+00  0.14000000E+00  0.10618051E-02
  0.93999998E+00  0.16000000E+00  0.11808084E-02
  0.93999998E+00  0.18000000E+00  0.13016669E-02
  0.93999998E+00  0.20000000E+00  0.14243199E-02
  0.93999998E+00  0.22000000E+00  0.15485364E-02
  0.93999998E+00  0.23999999E+00  0.16739093E-02
  0.93999998E+00  0.25999999E+00  0.17998567E-02
  0.93999998E+00  0.27999999E+00  0.19256315E-02
  0.93999998E+00  0.29999999E+00  0.20503408E-02
  0.93999998E+00  0.31999999E+00  0.21729775E-02
  0.93999998E+00  0.33999999E+00  0.22924663E-02
  0.93999998E+00  0.35999999E+00  0.24077269E-02
  0.93999998E+00  0.37999999E+00  0.25177541E-02
  0.93999998E+00  0.39999999E+00  0.26217184E-02
  0.93999998E+00  0.41999999E+00  0.27190847E-02
  0.93999998E+00  0.43999999E+00  0.28097483E-02
  0.93999998E+00  0.45999999E+00  0.28941819E-02
  0.93999998E+00  0.47999999E+00  0.29735830E-02
  0.93999998E+00  0.49999999E+00  0.30500035E-02
  0.93999998E+00  0.51999999E+00  0.31264278E-02
  0.93999998E+00  0.53999999E+00  0.32067478E-02
  0.93999998E+00  0.55999999E+00  0.32955400E-02
  0.93999998E+00  0.57999999E+00  0.33974831E-02
  0.93999998E+00  0.59999999E+00  0.35161044E-02
  0.93999998E+00  0.61999999E+00  0.36511960E-02
  0.93999998E+00  0.63999999E+00  0.37932401E-02
  0.93999998E+00  0.65999999E+00  0.39092920E-02
  0.93999998E+00  0.67999998E+00  0.38878077E-02
  0.93999998E+00  0.69999998E+00  0.34187441E-02
  0.93999998E+00  0.71999998E+00  0.35340261E-02
  0.93999998E+00  0.73999998E+00  0.36477372E-02
  0.93999998E+00  0.75999998E+00  0.37592031E-02
  0.93999998E+00  0.77999998E+00  0.38677423E-02
  0.93999998E+00  0.79999998E+00  0.39726920E-02
  0.93999998E+00  0.81999998E+00  0.40734380E-02
  0.93999998E+00  0.83999998E+00  0.41694487E-02
  0.93999998E+00  0.85999998E+00  0.42603104E-02
  0.93999998E+00  0.87999998E+00  0.43457655E-02
  0.93999998E+00  0.89999998E+00  0.44257482E-02
  0.93999998E+00  0.91999998E+00  0.45004185E-02
  0.93999998E+00  0.93999998E+00  0.45701894E-02
  0.93999998E+00  0.95999998E+00  0.46357441E-02
  0.93999998E+00  0.97999998E+00  0.46980392E-02
  0.93999998E+00  0.99999998E+00  0.47582881E-02
  0.93999998E+00  0.10200000E+01  0.48179200E-02
  0.93999998E+00  0.10400000E+01  0.48785071E-02
  0.93999998E+00  0.10600000E+01  0.49416562E-02
  0.93999998E+00  0.10800000E+01  0.50088585E-02
  0.93999998E+00  0.11000000E+01  0.50812945E-02
  0.93999998E+00  0.11200000E+01  0.51595960E-02
  0.93999998E+00  0.11400000E+01  0.52435720E-02
  0.93999998E+00  0.11600000E+01  0.53319169E-02
  0.93999998E+00  0.11800000E+01  0.54219396E-02
  0.93999998E+00  0.12000000E+01  0.55093839E-02
  0.93999998E+00  0.12200000E+01  0.55884688E-02
  0.93999998E+00  0.12400000E+01  0.56523871E-02
  0.93999998E+00  0.12600000E+01  0.56947114E-02
  0.93999998E+00  0.12800000E+01  0.57123816E-02
  0.93999998E+00  0.13000000E+01  0.57007653E-02
  0.93999998E+00  0.13200000E+01  0.58429901E-02
  0.93999998E+00  0.13400000E+01  0.59863123E-02
  0.93999998E+00  0.13600000E+01  0.61307710E-02
  0.93999998E+00  0.13800000E+01  0.62764382E-02
  0.93999998E+00  0.14000000E+01  0.64234090E-02
  0.93999998E+00  0.14200000E+01  0.65717854E-02
  0.93999998E+00  0.14400000E+01  0.67216545E-02
  0.93999998E+00  0.14600000E+01  0.68730608E-02
  0.93999998E+00  0.14800000E+01  0.70259702E-02
  0.93999998E+00  0.15000000E+01  0.71802294E-02
  0.93999998E+00  0.15200000E+01  0.73355179E-02
  0.93999998E+00  0.15400000E+01  0.74912956E-02
  0.93999998E+00  0.15600000E+01  0.76467481E-02
  0.93999998E+00  0.15800000E+01  0.78007312E-02
  0.93999998E+00  0.16000000E+01  0.79517200E-02
  0.93999998E+00  0.16200000E+01  0.80977669E-02
  0.93999998E+00  0.16400000E+01  0.82364752E-02
  0.93999998E+00  0.16600000E+01  0.83649961E-02
  0.93999998E+00  0.16800000E+01  0.84800595E-02
  0.93999998E+00  0.17000000E+01  0.85780475E-02
  0.93999998E+00  0.17200000E+01  0.86551228E-02
  0.93999998E+00  0.17400000E+01  0.87074223E-02
  0.93999998E+00  0.17600000E+01  0.87313220E-02
  0.93999998E+00  0.17800000E+01  0.87237722E-02
  0.93999998E+00  0.18000000E+01  0.86826803E-02
  0.93999998E+00  0.18200000E+01  0.86072688E-02
  0.93999998E+00  0.18400000E+01  0.84981938E-02
  0.93999998E+00  0.18600000E+01  0.83567070E-02
  0.93999998E+00  0.18800000E+01  0.81793927E-02
  0.93999998E+00  0.19000000E+01  0.78999184E-02
  0.93999998E+00  0.19200000E+01  0.78138117E-02
  0.93999998E+00  0.19400000E+01  0.79033331E-02
  0.93999998E+00  0.19600000E+01  0.79967377E-02
  0.93999998E+00  0.19800000E+01  0.80948876E-02
  0.93999998E+00  0.20000000E+01  0.81985083E-02
  0.95999998E+00  0.00000000E+00  0.52858869E-03
  0.95999998E+00  0.20000000E-01  0.60536299E-03
  0.95999998E+00  0.39999999E-01  0.64629297E-03
  0.95999998E+00  0.59999999E-01  0.66394946E-03
  0.95999998E+00  0.79999998E-01  0.74154574E-03
  0.95999998E+00  0.99999998E-01  0.85949841E-03
  0.95999998E+00  0.12000000E+00  0.97885967E-03
  0.95999998E+00  0.14000000E+00  0.10999682E-02
  0.95999998E+00  0.16000000E+00  0.12230001E-02
  0.95999998E+00  0.18000000E+00  0.13479529E-02
  0.95999998E+00  0.20000000E+00  0.14746327E-02
  0.95999998E+00  0.22000000E+00  0.16026476E-02
  0.95999998E+00  0.23999999E+00  0.17314074E-02
  0.95999998E+00  0.25999999E+00  0.18601332E-02
  0.95999998E+00  0.27999999E+00  0.19878773E-02
  0.95999998E+00  0.29999999E+00  0.21135570E-02
  0.95999998E+00  0.31999999E+00  0.22360042E-02
  0.95999998E+00  0.33999999E+00  0.23540323E-02
  0.95999998E+00  0.35999999E+00  0.24665243E-02
  0.95999998E+00  0.37999999E+00  0.25725402E-02
  0.95999998E+00  0.39999999E+00  0.26714467E-02
  0.95999998E+00  0.41999999E+00  0.27630645E-02
  0.95999998E+00  0.43999999E+00  0.28478283E-02
  0.95999998E+00  0.45999999E+00  0.29269487E-02
  0.95999998E+00  0.47999999E+00  0.30025552E-02
  0.95999998E+00  0.49999999E+00  0.30777878E-02
  0.95999998E+00  0.51999999E+00  0.31567789E-02
  0.95999998E+00  0.53999999E+00  0.32444322E-02
  0.95999998E+00  0.55999999E+00  0.33458245E-02
  0.95999998E+00  0.57999999E+00  0.34649113E-02
  0.95999998E+00  0.59999999E+00  0.36018504E-02
  0.95999998E+00  0.61999999E+00  0.37472313E-02
  0.95999998E+00  0.63999999E+00  0.38674963E-02
  0.95999998E+00  0.65999999E+00  0.38482139E-02
  0.95999998E+00  0.67999998E+00  0.33694338E-02
  0.95999998E+00  0.69999998E+00  0.34837969E-02
  0.95999998E+00  0.71999998E+00  0.35963048E-02
  0.95999998E+00  0.73999998E+00  0.37062775E-02
  0.95999998E+00  0.75999998E+00  0.38130390E-02
  0.95999998E+00  0.77999998E+00  0.39159449E-02
  0.95999998E+00  0.79999998E+00  0.40144144E-02
  0.95999998E+00  0.81999998E+00  0.41079644E-02
  0.95999998E+00  0.83999998E+00  0.41962476E-02
  0.95999998E+00  0.85999998E+00  0.42790887E-02
  0.95999998E+00  0.87999998E+00  0.43565209E-02
  0.95999998E+00  0.89999998E+00  0.44288170E-02
  0.95999998E+00  0.91999998E+00  0.44965133E-02
  0.95999998E+00  0.93999998E+00  0.45604211E-02
  0.95999998E+00  0.95999998E+00  0.46216224E-02
  0.95999998E+00  0.97999998E+00  0.46814435E-02
  0.95999998E+00  0.99999998E+00  0.47414007E-02
  0.95999998E+00  0.10200000E+01  0.48031126E-02
  0.95999998E+00  0.10400000E+01  0.48681735E-02
  0.95999998E+00  0.10600000E+01  0.49379825E-02
  0.95999998E+00  0.10800000E+01  0.50135275E-02
  0.95999998E+00  0.11000000E+01  0.50951266E-02
  0.95999998E+00  0.11200000E+01  0.51821371E-02
  0.95999998E+00  0.11400000E+01  0.52726579E-02
  0.95999998E+00  0.11600000E+01  0.53632712E-02
  0.95999998E+00  0.11800000E+01  0.54489137E-02
  0.95999998E+00  0.12000000E+01  0.55230366E-02
  0.95999998E+00  0.12200000E+01  0.55783672E-02
  0.95999998E+00  0.12400000E+01  0.56089090E-02
  0.95999998E+00  0.12600000E+01  0.56146283E-02
  0.95999998E+00  0.12800000E+01  0.56095336E-02
  0.95999998E+00  0.13000000E+01  0.57488461E-02
  0.95999998E+00  0.13200000E+01  0.58896855E-02
  0.95999998E+00  0.13400000E+01  0.60321544E-02
  0.95999998E+00  0.13600000E+01  0.61763790E-02
  0.95999998E+00  0.13800000E+01  0.63224947E-02
  0.95999998E+00  0.14000000E+01  0.64706273E-02
  0.95999998E+00  0.14200000E+01  0.66208664E-02
  0.95999998E+00  0.14400000E+01  0.67732341E-02
  0.95999998E+00  0.14600000E+01  0.69276468E-02
  0.95999998E+00  0.14800000E+01  0.70838708E-02
  0.95999998E+00  0.15000000E+01  0.72414743E-02
  0.95999998E+00  0.15200000E+01  0.73997750E-02
  0.95999998E+00  0.15400000E+01  0.75577891E-02
  0.95999998E+00  0.15600000E+01  0.77141813E-02
  0.95999998E+00  0.15800000E+01  0.78672241E-02
  0.95999998E+00  0.16000000E+01  0.80147705E-02
  0.95999998E+00  0.16200000E+01  0.81542466E-02
  0.95999998E+00  0.16400000E+01  0.82826755E-02
  0.95999998E+00  0.16600000E+01  0.83967387E-02
  0.95999998E+00  0.16800000E+01  0.84928875E-02
  0.95999998E+00  0.17000000E+01  0.85675142E-02
  0.95999998E+00  0.17200000E+01  0.86171886E-02
  0.95999998E+00  0.17400000E+01  0.86389630E-02
  0.95999998E+00  0.17600000E+01  0.86307327E-02
  0.95999998E+00  0.17800000E+01  0.85916110E-02
  0.95999998E+00  0.18000000E+01  0.85222111E-02
  0.95999998E+00  0.18200000E+01  0.84245545E-02
  0.95999998E+00  0.18400000E+01  0.83007310E-02
  0.95999998E+00  0.18600000E+01  0.81463981E-02
  0.95999998E+00  0.18800000E+01  0.78879199E-02
  0.95999998E+00  0.19000000E+01  0.78037380E-02
  0.95999998E+00  0.19200000E+01  0.78947266E-02
  0.95999998E+00  0.19400000E+01  0.79891128E-02
  0.95999998E+00  0.19600000E+01  0.80877063E-02
  0.95999998E+00  0.19800000E+01  0.81911916E-02
  0.95999998E+00  0.20000000E+01  0.83000816E-02
  0.97999998E+00  0.00000000E+00  0.48638928E-03
  0.97999998E+00  0.20000000E-01  0.53557242E-03
  0.97999998E+00  0.39999999E-01  0.56301733E-03
  0.97999998E+00  0.59999999E-01  0.65002115E-03
  0.97999998E+00  0.79999998E-01  0.77038902E-03
  0.97999998E+00  0.99999998E-01  0.89198887E-03
  0.97999998E+00  0.12000000E+00  0.10152632E-02
  0.97999998E+00  0.14000000E+00  0.11404773E-02
  0.97999998E+00  0.16000000E+00  0.12676999E-02
  0.97999998E+00  0.18000000E+00  0.13967884E-02
  0.97999998E+00  0.20000000E+00  0.15273792E-02
  0.97999998E+00  0.22000000E+00  0.16588868E-02
  0.97999998E+00  0.23999999E+00  0.17905124E-02
  0.97999998E+00  0.25999999E+00  0.19212642E-02
  0.97999998E+00  0.27999999E+00  0.20499930E-02
  0.97999998E+00  0.29999999E+00  0.21754442E-02
  0.97999998E+00  0.31999999E+00  0.22963302E-02
  0.97999998E+00  0.33999999E+00  0.24114231E-02
  0.97999998E+00  0.35999999E+00  0.25196716E-02
  0.97999998E+00  0.37999999E+00  0.26203392E-02
  0.97999998E+00  0.39999999E+00  0.27131636E-02
  0.97999998E+00  0.41999999E+00  0.27985299E-02
  0.97999998E+00  0.43999999E+00  0.28776460E-02
  0.97999998E+00  0.45999999E+00  0.29527009E-02
  0.97999998E+00  0.47999999E+00  0.30269682E-02
  0.97999998E+00  0.49999999E+00  0.31047991E-02
  0.97999998E+00  0.51999999E+00  0.31914026E-02
  0.97999998E+00  0.53999999E+00  0.32922375E-02
  0.97999998E+00  0.55999999E+00  0.34116827E-02
  0.97999998E+00  0.57999999E+00  0.35502812E-02
  0.97999998E+00  0.59999999E+00  0.36987993E-02
  0.97999998E+00  0.61999999E+00  0.38232486E-02
  0.97999998E+00  0.63999999E+00  0.38068525E-02
  0.97999998E+00  0.65999999E+00  0.33212187E-02
  0.97999998E+00  0.67999998E+00  0.34350513E-02
  0.97999998E+00  0.69999998E+00  0.35467687E-02
  0.97999998E+00  0.71999998E+00  0.36556810E-02
  0.97999998E+00  0.73999998E+00  0.37611127E-02
  0.97999998E+00  0.75999998E+00  0.38624318E-02
  0.97999998E+00  0.77999998E+00  0.39590840E-02
  0.97999998E+00  0.79999998E+00  0.40506284E-02
  0.97999998E+00  0.81999998E+00  0.41367759E-02
  0.97999998E+00  0.83999998E+00  0.42174263E-02
  0.97999998E+00  0.85999998E+00  0.42927036E-02
  0.97999998E+00  0.87999998E+00  0.43629857E-02
  0.97999998E+00  0.89999998E+00  0.44289245E-02
  0.97999998E+00  0.91999998E+00  0.44914525E-02
  0.97999998E+00  0.93999998E+00  0.45517711E-02
  0.97999998E+00  0.95999998E+00  0.46113144E-02
  0.97999998E+00  0.97999998E+00  0.46716829E-02
  0.97999998E+00  0.99999998E+00  0.47345405E-02
  0.97999998E+00  0.10200000E+01  0.48014703E-02
  0.97999998E+00  0.10400000E+01  0.48737839E-02
  0.97999998E+00  0.10600000E+01  0.49522845E-02
  0.97999998E+00  0.10800000E+01  0.50369875E-02
  0.97999998E+00  0.11000000E+01  0.51268137E-02
  0.97999998E+00  0.11200000E+01  0.52192834E-02
  0.97999998E+00  0.11400000E+01  0.53102701E-02
  0.97999998E+00  0.11600000E+01  0.53939164E-02
  0.97999998E+00  0.11800000E+01  0.54629061E-02
  0.97999998E+00  0.12000000E+01  0.55094661E-02
  0.97999998E+00  0.12200000E+01  0.55279119E-02
  0.97999998E+00  0.12400000E+01  0.55208651E-02
  0.97999998E+00  0.12600000E+01  0.55186595E-02
  0.97999998E+00  0.12800000E+01  0.56545934E-02
  0.97999998E+00  0.13000000E+01  0.57924504E-02
  0.97999998E+00  0.13200000E+01  0.59324027E-02
  0.97999998E+00  0.13400000E+01  0.60746374E-02
  0.97999998E+00  0.13600000E+01  0.62193384E-02
  0.97999998E+00  0.13800000E+01  0.63666628E-02
  0.97999998E+00  0.14000000E+01  0.65167115E-02
  0.97999998E+00  0.14200000E+01  0.66694932E-02
  0.97999998E+00  0.14400000E+01  0.68248830E-02
  0.97999998E+00  0.14600000E+01  0.69825754E-02
  0.97999998E+00  0.14800000E+01  0.71420349E-02
  0.97999998E+00  0.15000000E+01  0.73024443E-02
  0.97999998E+00  0.15200000E+01  0.74626557E-02
  0.97999998E+00  0.15400000E+01  0.76211473E-02
  0.97999998E+00  0.15600000E+01  0.77759919E-02
  0.97999998E+00  0.15800000E+01  0.79248435E-02
  0.97999998E+00  0.16000000E+01  0.80649503E-02
  0.97999998E+00  0.16200000E+01  0.81932034E-02
  0.97999998E+00  0.16400000E+01  0.83062305E-02
  0.97999998E+00  0.16600000E+01  0.84005448E-02
  0.97999998E+00  0.16800000E+01  0.84727586E-02
  0.97999998E+00  0.17000000E+01  0.85198641E-02
  0.97999998E+00  0.17200000E+01  0.85395794E-02
  0.97999998E+00  0.17400000E+01  0.85307354E-02
  0.97999998E+00  0.17600000E+01  0.84936457E-02
  0.97999998E+00  0.17800000E+01  0.84303172E-02
  0.97999998E+00  0.18000000E+01  0.83441560E-02
  0.97999998E+00  0.18200000E+01  0.82381460E-02
  0.97999998E+00  0.18400000E+01  0.81071636E-02
  0.97999998E+00  0.18600000E+01  0.78708873E-02
  0.97999998E+00  0.18800000E+01  0.77899296E-02
  0.97999998E+00  0.19000000E+01  0.78829776E-02
  0.97999998E+00  0.19200000E+01  0.79789477E-02
  0.97999998E+00  0.19400000E+01  0.80785839E-02
  0.97999998E+00  0.19600000E+01  0.81825167E-02
  0.97999998E+00  0.19800000E+01  0.82912207E-02
  0.97999998E+00  0.20000000E+01  0.84049723E-02
  0.99999998E+00  0.00000000E+00  0.41915538E-03
  0.99999998E+00  0.20000000E-01  0.45709799E-03
  0.99999998E+00  0.39999999E-01  0.55402997E-03
  0.99999998E+00  0.59999999E-01  0.67706540E-03
  0.99999998E+00  0.79999998E-01  0.80107219E-03
  0.99999998E+00  0.99999998E-01  0.92660837E-03
  0.99999998E+00  0.12000000E+00  0.10540413E-02
  0.99999998E+00  0.14000000E+00  0.11835246E-02
  0.99999998E+00  0.16000000E+00  0.13149805E-02
  0.99999998E+00  0.18000000E+00  0.14480878E-02
  0.99999998E+00  0.20000000E+00  0.15822791E-02
  0.99999998E+00  0.22000000E+00  0.17167483E-02
  0.99999998E+00  0.23999999E+00  0.18504707E-02
  0.99999998E+00  0.25999999E+00  0.19822405E-02
  0.99999998E+00  0.27999999E+00  0.21107245E-02
  0.99999998E+00  0.29999999E+00  0.22345390E-02
  0.99999998E+00  0.31999999E+00  0.23523481E-02
  0.99999998E+00  0.33999999E+00  0.24629884E-02
  0.99999998E+00  0.35999999E+00  0.25656164E-02
  0.99999998E+00  0.37999999E+00  0.26598794E-02
  0.99999998E+00  0.39999999E+00  0.27461013E-02
  0.99999998E+00  0.41999999E+00  0.28254729E-02
  0.99999998E+00  0.43999999E+00  0.29002239E-02
  0.99999998E+00  0.45999999E+00  0.29737409E-02
  0.99999998E+00  0.47999999E+00  0.30505711E-02
  0.99999998E+00  0.49999999E+00  0.31362073E-02
  0.99999998E+00  0.51999999E+00  0.32364730E-02
  0.99999998E+00  0.53999999E+00  0.33561641E-02
  0.99999998E+00  0.55999999E+00  0.34962268E-02
  0.99999998E+00  0.57999999E+00  0.36476696E-02
  0.99999998E+00  0.59999999E+00  0.37762503E-02
  0.99999998E+00  0.61999999E+00  0.37633756E-02
  0.99999998E+00  0.63999999E+00  0.32736458E-02
  0.99999998E+00  0.65999999E+00  0.33873045E-02
  0.99999998E+00  0.67999998E+00  0.34986160E-02
  0.99999998E+00  0.69999998E+00  0.36068769E-02
  0.99999998E+00  0.71999998E+00  0.37114074E-02
  0.99999998E+00  0.73999998E+00  0.38115829E-02
  0.99999998E+00  0.75999998E+00  0.39068696E-02
  0.99999998E+00  0.77999998E+00  0.39968619E-02
  0.99999998E+00  0.79999998E+00  0.40813215E-02
  0.99999998E+00  0.81999998E+00  0.41602156E-02
  0.99999998E+00  0.83999998E+00  0.42337510E-02
  0.99999998E+00  0.85999998E+00  0.43024026E-02
  0.99999998E+00  0.87999998E+00  0.43669297E-02
  0.99999998E+00  0.89999998E+00  0.44283785E-02
  0.99999998E+00  0.91999998E+00  0.44880630E-02
  0.99999998E+00  0.93999998E+00  0.45475195E-02
  0.99999998E+00  0.95999998E+00  0.46084286E-02
  0.99999998E+00  0.97999998E+00  0.46724976E-02
  0.99999998E+00  0.99999998E+00  0.47412992E-02
  0.99999998E+00  0.10200000E+01  0.48160614E-02
  0.99999998E+00  0.10400000E+01  0.48974104E-02
  0.99999998E+00  0.10600000E+01  0.49850710E-02
  0.99999998E+00  0.10800000E+01  0.50775432E-02
  0.99999998E+00  0.11000000E+01  0.51717885E-02
  0.99999998E+00  0.11200000E+01  0.52629923E-02
  0.99999998E+00  0.11400000E+01  0.53445214E-02
  0.99999998E+00  0.11600000E+01  0.54082974E-02
  0.99999998E+00  0.11800000E+01  0.54460194E-02
  0.99999998E+00  0.12000000E+01  0.54522045E-02
  0.99999998E+00  0.12200000E+01  0.54317693E-02
  0.99999998E+00  0.12400000E+01  0.54291256E-02
  0.99999998E+00  0.12600000E+01  0.55612823E-02
  0.99999998E+00  0.12800000E+01  0.56957172E-02
  0.99999998E+00  0.13000000E+01  0.58326772E-02
  0.99999998E+00  0.13200000E+01  0.59724162E-02
  0.99999998E+00  0.13400000E+01  0.61151729E-02
  0.99999998E+00  0.13600000E+01  0.62611437E-02
  0.99999998E+00  0.13800000E+01  0.64104489E-02
  0.99999998E+00  0.14000000E+01  0.65630922E-02
  0.99999998E+00  0.14200000E+01  0.67189163E-02
  0.99999998E+00  0.14400000E+01  0.68775530E-02
  0.99999998E+00  0.14600000E+01  0.70383717E-02
  0.99999998E+00  0.14800000E+01  0.72004285E-02
  0.99999998E+00  0.15000000E+01  0.73624193E-02
  0.99999998E+00  0.15200000E+01  0.75226417E-02
  0.99999998E+00  0.15400000E+01  0.76789737E-02
  0.99999998E+00  0.15600000E+01  0.78288735E-02
  0.99999998E+00  0.15800000E+01  0.79694124E-02
  0.99999998E+00  0.16000000E+01  0.80973477E-02
  0.99999998E+00  0.16200000E+01  0.82092489E-02
  0.99999998E+00  0.16400000E+01  0.83016837E-02
  0.99999998E+00  0.16600000E+01  0.83714735E-02
  0.99999998E+00  0.16800000E+01  0.84160195E-02
  0.99999998E+00  0.17000000E+01  0.84336892E-02
  0.99999998E+00  0.17200000E+01  0.84242315E-02
  0.99999998E+00  0.17400000E+01  0.83891437E-02
  0.99999998E+00  0.17600000E+01  0.83318163E-02
  0.99999998E+00  0.17800000E+01  0.82570456E-02
  0.99999998E+00  0.18000000E+01  0.81687536E-02
  0.99999998E+00  0.18200000E+01  0.80611829E-02
  0.99999998E+00  0.18400000E+01  0.78479753E-02
  0.99999998E+00  0.18600000E+01  0.77714038E-02
  0.99999998E+00  0.18800000E+01  0.78670295E-02
  0.99999998E+00  0.19000000E+01  0.79651233E-02
  0.99999998E+00  0.19200000E+01  0.80663520E-02
  0.99999998E+00  0.19400000E+01  0.81712799E-02
  0.99999998E+00  0.19600000E+01  0.82803309E-02
  0.99999998E+00  0.19800000E+01  0.83937520E-02
  0.99999998E+00  0.20000000E+01  0.85115776E-02
  0.10200000E+01  0.00000000E+00  0.34575518E-03
  0.10200000E+01  0.20000000E-01  0.45334691E-03
  0.10200000E+01  0.39999999E-01  0.57935570E-03
  0.10200000E+01  0.59999999E-01  0.70598456E-03
  0.10200000E+01  0.79999998E-01  0.83391842E-03
  0.10200000E+01  0.99999998E-01  0.96363923E-03
  0.10200000E+01  0.12000000E+00  0.10953992E-02
  0.10200000E+01  0.14000000E+00  0.12291995E-02
  0.10200000E+01  0.16000000E+00  0.13647756E-02
  0.10200000E+01  0.18000000E+00  0.15015920E-02
  0.10200000E+01  0.20000000E+00  0.16388482E-02
  0.10200000E+01  0.22000000E+00  0.17754993E-02
  0.10200000E+01  0.23999999E+00  0.19102927E-02
  0.10200000E+01  0.25999999E+00  0.20418255E-02
  0.10200000E+01  0.27999999E+00  0.21686239E-02
  0.10200000E+01  0.29999999E+00  0.22892476E-02
  0.10200000E+01  0.31999999E+00  0.24024210E-02
  0.10200000E+01  0.33999999E+00  0.25071907E-02
  0.10200000E+01  0.35999999E+00  0.26031065E-02
  0.10200000E+01  0.37999999E+00  0.26904209E-02
  0.10200000E+01  0.39999999E+00  0.27702929E-02
  0.10200000E+01  0.41999999E+00  0.28449751E-02
  0.10200000E+01  0.43999999E+00  0.29179463E-02
  0.10200000E+01  0.45999999E+00  0.29939274E-02
  0.10200000E+01  0.47999999E+00  0.30786727E-02
  0.10200000E+01  0.49999999E+00  0.31783521E-02
  0.10200000E+01  0.51999999E+00  0.32981716E-02
  0.10200000E+01  0.53999999E+00  0.34394952E-02
  0.10200000E+01  0.55999999E+00  0.35936360E-02
  0.10200000E+01  0.57999999E+00  0.37262674E-02
  0.10200000E+01  0.59999999E+00  0.37174896E-02
  0.10200000E+01  0.61999999E+00  0.32262877E-02
  0.10200000E+01  0.63999999E+00  0.33400931E-02
  0.10200000E+01  0.65999999E+00  0.34513499E-02
  0.10200000E+01  0.67999998E+00  0.35593383E-02
  0.10200000E+01  0.69999998E+00  0.36633702E-02
  0.10200000E+01  0.71999998E+00  0.37628238E-02
  0.10200000E+01  0.73999998E+00  0.38571800E-02
  0.10200000E+01  0.75999998E+00  0.39460623E-02
  0.10200000E+01  0.77999998E+00  0.40292764E-02
  0.10200000E+01  0.79999998E+00  0.41068492E-02
  0.10200000E+01  0.81999998E+00  0.41790623E-02
  0.10200000E+01  0.83999998E+00  0.42464791E-02
  0.10200000E+01  0.85999998E+00  0.43099584E-02
  0.10200000E+01  0.87999998E+00  0.43706519E-02
  0.10200000E+01  0.89999998E+00  0.44299789E-02
  0.10200000E+01  0.91999998E+00  0.44895717E-02
  0.10200000E+01  0.93999998E+00  0.45511861E-02
  0.10200000E+01  0.95999998E+00  0.46165703E-02
  0.10200000E+01  0.97999998E+00  0.46872867E-02
  0.10200000E+01  0.99999998E+00  0.47644834E-02
  0.10200000E+01  0.10200000E+01  0.48486171E-02
  0.10200000E+01  0.10400000E+01  0.49391343E-02
  0.10200000E+01  0.10600000E+01  0.50341311E-02
  0.10200000E+01  0.10800000E+01  0.51300314E-02
  0.10200000E+01  0.11000000E+01  0.52213564E-02
  0.10200000E+01  0.11200000E+01  0.53007190E-02
  0.10200000E+01  0.11400000E+01  0.53592895E-02
  0.10200000E+01  0.11600000E+01  0.53882188E-02
  0.10200000E+01  0.11800000E+01  0.53821237E-02
  0.10200000E+01  0.12000000E+01  0.53478711E-02
  0.10200000E+01  0.12200000E+01  0.53417944E-02
  0.10200000E+01  0.12400000E+01  0.54698499E-02
  0.10200000E+01  0.12600000E+01  0.56004918E-02
  0.10200000E+01  0.12800000E+01  0.57340452E-02
  0.10200000E+01  0.13000000E+01  0.58708355E-02
  0.10200000E+01  0.13200000E+01  0.60111623E-02
  0.10200000E+01  0.13400000E+01  0.61552677E-02
  0.10200000E+01  0.13600000E+01  0.63032988E-02
  0.10200000E+01  0.13800000E+01  0.64552628E-02
  0.10200000E+01  0.14000000E+01  0.66109788E-02
  0.10200000E+01  0.14200000E+01  0.67700250E-02
  0.10200000E+01  0.14400000E+01  0.69316855E-02
  0.10200000E+01  0.14600000E+01  0.70948987E-02
  0.10200000E+01  0.14800000E+01  0.72582129E-02
  0.10200000E+01  0.15000000E+01  0.74197537E-02
  0.10200000E+01  0.15200000E+01  0.75772107E-02
  0.10200000E+01  0.15400000E+01  0.77278516E-02
  0.10200000E+01  0.15600000E+01  0.78685733E-02
  0.10200000E+01  0.15800000E+01  0.79959999E-02
  0.10200000E+01  0.16000000E+01  0.81066390E-02
  0.10200000E+01  0.16200000E+01  0.81971056E-02
  0.10200000E+01  0.16400000E+01  0.82644186E-02
  0.10200000E+01  0.16600000E+01  0.83063716E-02
  0.10200000E+01  0.16800000E+01  0.83219605E-02
  0.10200000E+01  0.17000000E+01  0.83118272E-02
  0.10200000E+01  0.17200000E+01  0.82786262E-02
  0.10200000E+01  0.17400000E+01  0.82271087E-02
  0.10200000E+01  0.17600000E+01  0.81634533E-02
  0.10200000E+01  0.17800000E+01  0.80925533E-02
  0.10200000E+01  0.18000000E+01  0.80081612E-02
  0.10200000E+01  0.18200000E+01  0.78185507E-02
  0.10200000E+01  0.18400000E+01  0.77473713E-02
  0.10200000E+01  0.18600000E+01  0.78460076E-02
  0.10200000E+01  0.18800000E+01  0.79466893E-02
  0.10200000E+01  0.19000000E+01  0.80499960E-02
  0.10200000E+01  0.19200000E+01  0.81564148E-02
  0.10200000E+01  0.19400000E+01  0.82663076E-02
  0.10200000E+01  0.19600000E+01  0.83798806E-02
  0.10200000E+01  0.19800000E+01  0.84971545E-02
  0.10200000E+01  0.20000000E+01  0.86179390E-02
  0.10400000E+01  0.00000000E+00  0.34773131E-03
  0.10400000E+01  0.20000000E-01  0.47707585E-03
  0.10400000E+01  0.39999999E-01  0.60659225E-03
  0.10400000E+01  0.59999999E-01  0.73710320E-03
  0.10400000E+01  0.79999998E-01  0.86921765E-03
  0.10400000E+01  0.99999998E-01  0.10032999E-02
  0.10400000E+01  0.12000000E+00  0.11394443E-02
  0.10400000E+01  0.14000000E+00  0.12774573E-02
  0.10400000E+01  0.16000000E+00  0.14168498E-02
  0.10400000E+01  0.18000000E+00  0.15568409E-02
  0.10400000E+01  0.20000000E+00  0.16963778E-02
  0.10400000E+01  0.22000000E+00  0.18341726E-02
  0.10400000E+01  0.23999999E+00  0.19687618E-02
  0.10400000E+01  0.25999999E+00  0.20985883E-02
  0.10400000E+01  0.27999999E+00  0.22221116E-02
  0.10400000E+01  0.29999999E+00  0.23379452E-02
  0.10400000E+01  0.31999999E+00  0.24450230E-02
  0.10400000E+01  0.33999999E+00  0.25427916E-02
  0.10400000E+01  0.35999999E+00  0.26314217E-02
  0.10400000E+01  0.37999999E+00  0.27120266E-02
  0.10400000E+01  0.39999999E+00  0.27868646E-02
  0.10400000E+01  0.41999999E+00  0.28594861E-02
  0.10400000E+01  0.43999999E+00  0.29347628E-02
  0.10400000E+01  0.45999999E+00  0.30186884E-02
  0.10400000E+01  0.47999999E+00  0.31177607E-02
  0.10400000E+01  0.49999999E+00  0.32375866E-02
  0.10400000E+01  0.51999999E+00  0.33799604E-02
  0.10400000E+01  0.53999999E+00  0.35365581E-02
  0.10400000E+01  0.55999999E+00  0.36731295E-02
  0.10400000E+01  0.57999999E+00  0.36689569E-02
  0.10400000E+01  0.59999999E+00  0.31787502E-02
  0.10400000E+01  0.61999999E+00  0.32929841E-02
  0.10400000E+01  0.63999999E+00  0.34045005E-02
  0.10400000E+01  0.65999999E+00  0.35125604E-02
  0.10400000E+01  0.67999998E+00  0.36164645E-02
  0.10400000E+01  0.69999998E+00  0.37155894E-02
  0.10400000E+01  0.71999998E+00  0.38094261E-02
  0.10400000E+01  0.73999998E+00  0.38976212E-02
  0.10400000E+01  0.75999998E+00  0.39800178E-02
  0.10400000E+01  0.77999998E+00  0.40566952E-02
  0.10400000E+01  0.79999998E+00  0.41280021E-02
  0.10400000E+01  0.81999998E+00  0.41945821E-02
  0.10400000E+01  0.83999998E+00  0.42573853E-02
  0.10400000E+01  0.85999998E+00  0.43176606E-02
  0.10400000E+01  0.87999998E+00  0.43769250E-02
  0.10400000E+01  0.89999998E+00  0.44369000E-02
  0.10400000E+01  0.91999998E+00  0.44994116E-02
  0.10400000E+01  0.93999998E+00  0.45662456E-02
  0.10400000E+01  0.95999998E+00  0.46389536E-02
  0.10400000E+01  0.97999998E+00  0.47186072E-02
  0.10400000E+01  0.99999998E+00  0.48055010E-02
  0.10400000E+01  0.10200000E+01  0.48988156E-02
  0.10400000E+01  0.10400000E+01  0.49962610E-02
  0.10400000E+01  0.10600000E+01  0.50937462E-02
  0.10400000E+01  0.10800000E+01  0.51851541E-02
  0.10400000E+01  0.11000000E+01  0.52623696E-02
  0.10400000E+01  0.11200000E+01  0.53158273E-02
  0.10400000E+01  0.11400000E+01  0.53361162E-02
  0.10400000E+01  0.11600000E+01  0.53178612E-02
  0.10400000E+01  0.11800000E+01  0.52695521E-02
  0.10400000E+01  0.12000000E+01  0.52573976E-02
  0.10400000E+01  0.12200000E+01  0.53811073E-02
  0.10400000E+01  0.12400000E+01  0.55076600E-02
  0.10400000E+01  0.12600000E+01  0.56374619E-02
  0.10400000E+01  0.12800000E+01  0.57709132E-02
  0.10400000E+01  0.13000000E+01  0.59083788E-02
  0.10400000E+01  0.13200000E+01  0.60501528E-02
  0.10400000E+01  0.13400000E+01  0.61964153E-02
  0.10400000E+01  0.13600000E+01  0.63471851E-02
  0.10400000E+01  0.13800000E+01  0.65022663E-02
  0.10400000E+01  0.14000000E+01  0.66611929E-02
  0.10400000E+01  0.14200000E+01  0.68231731E-02
  0.10400000E+01  0.14400000E+01  0.69870378E-02
  0.10400000E+01  0.14600000E+01  0.71511978E-02
  0.10400000E+01  0.14800000E+01  0.73136158E-02
  0.10400000E+01  0.15000000E+01  0.74718017E-02
  0.10400000E+01  0.15200000E+01  0.76228394E-02
  0.10400000E+01  0.15400000E+01  0.77634561E-02
  0.10400000E+01  0.15600000E+01  0.78901441E-02
  0.10400000E+01  0.15800000E+01  0.79993474E-02
  0.10400000E+01  0.16000000E+01  0.80877209E-02
  0.10400000E+01  0.16200000E+01  0.81524690E-02
  0.10400000E+01  0.16400000E+01  0.81917589E-02
  0.10400000E+01  0.16600000E+01  0.82051892E-02
  0.10400000E+01  0.16800000E+01  0.81942635E-02
  0.10400000E+01  0.17000000E+01  0.81627578E-02
  0.10400000E+01  0.17200000E+01  0.81167496E-02
  0.10400000E+01  0.17400000E+01  0.80637794E-02
  0.10400000E+01  0.17600000E+01  0.80097323E-02
  0.10400000E+01  0.17800000E+01  0.79480104E-02
  0.10400000E+01  0.18000000E+01  0.77821935E-02
  0.10400000E+01  0.18200000E+01  0.77172442E-02
  0.10400000E+01  0.18400000E+01  0.78192304E-02
  0.10400000E+01  0.18600000E+01  0.79228788E-02
  0.10400000E+01  0.18800000E+01  0.80286731E-02
  0.10400000E+01  0.19000000E+01  0.81370135E-02
  0.10400000E+01  0.19200000E+01  0.82481899E-02
  0.10400000E+01  0.19400000E+01  0.83623570E-02
  0.10400000E+01  0.19600000E+01  0.84795113E-02
  0.10400000E+01  0.19800000E+01  0.85994725E-02
  0.10400000E+01  0.20000000E+01  0.87218686E-02
  0.10600000E+01  0.00000000E+00  0.37002560E-03
  0.10600000E+01  0.20000000E-01  0.50274864E-03
  0.10600000E+01  0.39999999E-01  0.63606329E-03
  0.10600000E+01  0.59999999E-01  0.77071753E-03
  0.10600000E+01  0.79999998E-01  0.90720109E-03
  0.10600000E+01  0.99999998E-01  0.10457158E-02
  0.10600000E+01  0.12000000E+00  0.11861541E-02
  0.10600000E+01  0.14000000E+00  0.13280877E-02
  0.10600000E+01  0.16000000E+00  0.14707698E-02
  0.10600000E+01  0.18000000E+00  0.16131527E-02
  0.10600000E+01  0.20000000E+00  0.17539255E-02
  0.10600000E+01  0.22000000E+00  0.18915738E-02
  0.10600000E+01  0.23999999E+00  0.20244651E-02
  0.10600000E+01  0.25999999E+00  0.21509635E-02
  0.10600000E+01  0.27999999E+00  0.22695734E-02
  0.10600000E+01  0.29999999E+00  0.23791143E-02
  0.10600000E+01  0.31999999E+00  0.24789239E-02
  0.10600000E+01  0.33999999E+00  0.25690819E-02
  0.10600000E+01  0.35999999E+00  0.26506427E-02
  0.10600000E+01  0.37999999E+00  0.27258528E-02
  0.10600000E+01  0.39999999E+00  0.27983140E-02
  0.10600000E+01  0.41999999E+00  0.28730265E-02
  0.10600000E+01  0.43999999E+00  0.29562006E-02
  0.10600000E+01  0.45999999E+00  0.30546424E-02
  0.10600000E+01  0.47999999E+00  0.31743496E-02
  0.10600000E+01  0.49999999E+00  0.33175574E-02
  0.10600000E+01  0.51999999E+00  0.34763572E-02
  0.10600000E+01  0.53999999E+00  0.36167271E-02
  0.10600000E+01  0.55999999E+00  0.36175958E-02
  0.10600000E+01  0.57999999E+00  0.31306764E-02
  0.10600000E+01  0.59999999E+00  0.32455811E-02
  0.10600000E+01  0.61999999E+00  0.33576321E-02
  0.10600000E+01  0.63999999E+00  0.34660697E-02
  0.10600000E+01  0.65999999E+00  0.35701808E-02
  0.10600000E+01  0.67999998E+00  0.36693371E-02
  0.10600000E+01  0.69999998E+00  0.37630351E-02
  0.10600000E+01  0.71999998E+00  0.38509393E-02
  0.10600000E+01  0.73999998E+00  0.39329243E-02
  0.10600000E+01  0.75999998E+00  0.40091149E-02
  0.10600000E+01  0.77999998E+00  0.40799193E-02
  0.10600000E+01  0.79999998E+00  0.41460537E-02
  0.10600000E+01  0.81999998E+00  0.42085507E-02
  0.10600000E+01  0.83999998E+00  0.42687488E-02
  0.10600000E+01  0.85999998E+00  0.43282544E-02
  0.10600000E+01  0.87999998E+00  0.43888716E-02
  0.10600000E+01  0.89999998E+00  0.44524907E-02
  0.10600000E+01  0.91999998E+00  0.45209318E-02
  0.10600000E+01  0.93999998E+00  0.45957351E-02
  0.10600000E+01  0.95999998E+00  0.46778982E-02
  0.10600000E+01  0.97999998E+00  0.47675614E-02
  0.10600000E+01  0.99999998E+00  0.48636514E-02
  0.10600000E+01  0.10200000E+01  0.49635107E-02
  0.10600000E+01  0.10400000E+01  0.50625569E-02
  0.10600000E+01  0.10600000E+01  0.51540633E-02
  0.10600000E+01  0.10800000E+01  0.52292148E-02
  0.10600000E+01  0.11000000E+01  0.52777308E-02
  0.10600000E+01  0.11200000E+01  0.52896315E-02
  0.10600000E+01  0.11400000E+01  0.52594682E-02
  0.10600000E+01  0.11600000E+01  0.51970470E-02
  0.10600000E+01  0.11800000E+01  0.51765305E-02
  0.10600000E+01  0.12000000E+01  0.52957310E-02
  0.10600000E+01  0.12200000E+01  0.54179772E-02
  0.10600000E+01  0.12400000E+01  0.55437572E-02
  0.10600000E+01  0.12600000E+01  0.56735485E-02
  0.10600000E+01  0.12800000E+01  0.58077851E-02
  0.10600000E+01  0.13000000E+01  0.59468172E-02
  0.10600000E+01  0.13200000E+01  0.60908644E-02
  0.10600000E+01  0.13400000E+01  0.62399638E-02
  0.10600000E+01  0.13600000E+01  0.63939127E-02
  0.10600000E+01  0.13800000E+01  0.65522100E-02
  0.10600000E+01  0.14000000E+01  0.67139981E-02
  0.10600000E+01  0.14200000E+01  0.68780109E-02
  0.10600000E+01  0.14400000E+01  0.70425323E-02
  0.10600000E+01  0.14600000E+01  0.72053725E-02
  0.10600000E+01  0.14800000E+01  0.73638714E-02
  0.10600000E+01  0.15000000E+01  0.75149377E-02
  0.10600000E+01  0.15200000E+01  0.76551350E-02
  0.10600000E+01  0.15400000E+01  0.77808269E-02
  0.10600000E+01  0.15600000E+01  0.78883926E-02
  0.10600000E+01  0.15800000E+01  0.79745209E-02
  0.10600000E+01  0.16000000E+01  0.80365885E-02
  0.10600000E+01  0.16200000E+01  0.80731156E-02
  0.10600000E+01  0.16400000E+01  0.80842746E-02
  0.10600000E+01  0.16600000E+01  0.80723931E-02
  0.10600000E+01  0.16800000E+01  0.80423253E-02
  0.10600000E+01  0.17000000E+01  0.80014300E-02
  0.10600000E+01  0.17200000E+01  0.79585767E-02
  0.10600000E+01  0.17400000E+01  0.79206516E-02
  0.10600000E+01  0.17600000E+01  0.78808379E-02
  0.10600000E+01  0.17800000E+01  0.77386931E-02
  0.10600000E+01  0.18000000E+01  0.76806373E-02
  0.10600000E+01  0.18200000E+01  0.77862148E-02
  0.10600000E+01  0.18400000E+01  0.78931164E-02
  0.10600000E+01  0.18600000E+01  0.80017234E-02
  0.10600000E+01  0.18800000E+01  0.81123410E-02
  0.10600000E+01  0.19000000E+01  0.82251782E-02
  0.10600000E+01  0.19200000E+01  0.83403284E-02
  0.10600000E+01  0.19400000E+01  0.84577543E-02
  0.10600000E+01  0.19600000E+01  0.85772756E-02
  0.10600000E+01  0.19800000E+01  0.86985611E-02
  0.10600000E+01  0.20000000E+01  0.88211266E-02
  0.10800000E+01  0.00000000E+00  0.39428968E-03
  0.10800000E+01  0.20000000E-01  0.53068529E-03
  0.10800000E+01  0.39999999E-01  0.66806954E-03
  0.10800000E+01  0.59999999E-01  0.80707074E-03
  0.10800000E+01  0.79999998E-01  0.94801254E-03
  0.10800000E+01  0.99999998E-01  0.10908882E-02
  0.10800000E+01  0.12000000E+00  0.12353455E-02
  0.10800000E+01  0.14000000E+00  0.13806864E-02
  0.10800000E+01  0.16000000E+00  0.15258824E-02
  0.10800000E+01  0.18000000E+00  0.16696120E-02
  0.10800000E+01  0.20000000E+00  0.18103206E-02
  0.10800000E+01  0.22000000E+00  0.19463091E-02
  0.10800000E+01  0.23999999E+00  0.20758516E-02
  0.10800000E+01  0.25999999E+00  0.21973457E-02
  0.10800000E+01  0.27999999E+00  0.23094959E-02
  0.10800000E+01  0.29999999E+00  0.24115261E-02
  0.10800000E+01  0.31999999E+00  0.25034160E-02
  0.10800000E+01  0.33999999E+00  0.25861483E-02
  0.10800000E+01  0.35999999E+00  0.26619410E-02
  0.10800000E+01  0.37999999E+00  0.27344272E-02
  0.10800000E+01  0.39999999E+00  0.28087132E-02
  0.10800000E+01  0.41999999E+00  0.28912029E-02
  0.10800000E+01  0.43999999E+00  0.29889907E-02
  0.10800000E+01  0.45999999E+00  0.31084536E-02
  0.10800000E+01  0.47999999E+00  0.32522750E-02
  0.10800000E+01  0.49999999E+00  0.34130105E-02
  0.10800000E+01  0.51999999E+00  0.35570081E-02
  0.10800000E+01  0.53999999E+00  0.35632788E-02
  0.10800000E+01  0.55999999E+00  0.30817505E-02
  0.10800000E+01  0.57999999E+00  0.31975286E-02
  0.10800000E+01  0.59999999E+00  0.33103493E-02
  0.10800000E+01  0.61999999E+00  0.34194311E-02
  0.10800000E+01  0.63999999E+00  0.35240455E-02
  0.10800000E+01  0.65999999E+00  0.36235562E-02
  0.10800000E+01  0.67999998E+00  0.37174617E-02
  0.10800000E+01  0.69999998E+00  0.38054397E-02
  0.10800000E+01  0.71999998E+00  0.38873909E-02
  0.10800000E+01  0.73999998E+00  0.39634789E-02
  0.10800000E+01  0.75999998E+00  0.40341647E-02
  0.10800000E+01  0.77999998E+00  0.41002292E-02
  0.10800000E+01  0.79999998E+00  0.41627799E-02
  0.10800000E+01  0.81999998E+00  0.42232365E-02
  0.10800000E+01  0.83999998E+00  0.42832875E-02
  0.10800000E+01  0.85999998E+00  0.43448119E-02
  0.10800000E+01  0.87999998E+00  0.44097593E-02
  0.10800000E+01  0.89999998E+00  0.44799797E-02
  0.10800000E+01  0.91999998E+00  0.45570013E-02
  0.10800000E+01  0.93999998E+00  0.46417503E-02
  0.10800000E+01  0.95999998E+00  0.47342193E-02
  0.10800000E+01  0.97999998E+00  0.48330945E-02
  0.10800000E+01  0.99999998E+00  0.49353689E-02
  0.10800000E+01  0.10200000E+01  0.50359938E-02
  0.10800000E+01  0.10400000E+01  0.51276622E-02
  0.10800000E+01  0.10600000E+01  0.52008905E-02
  0.10800000E+01  0.10800000E+01  0.52447075E-02
  0.10800000E+01  0.11000000E+01  0.52485632E-02
  0.10800000E+01  0.11200000E+01  0.52068645E-02
  0.10800000E+01  0.11400000E+01  0.51304497E-02
  0.10800000E+01  0.11600000E+01  0.50996501E-02
  0.10800000E+01  0.11800000E+01  0.52142594E-02
  0.10800000E+01  0.12000000E+01  0.53320617E-02
  0.10800000E+01  0.12200000E+01  0.54536271E-02
  0.10800000E+01  0.12400000E+01  0.55795117E-02
  0.10800000E+01  0.12600000E+01  0.57102205E-02
  0.10800000E+01  0.12800000E+01  0.58461637E-02
  0.10800000E+01  0.13000000E+01  0.59876054E-02
  0.10800000E+01  0.13200000E+01  0.61346072E-02
  0.10800000E+01  0.13400000E+01  0.62869671E-02
  0.10800000E+01  0.13600000E+01  0.64441578E-02
  0.10800000E+01  0.13800000E+01  0.66052657E-02
  0.10800000E+01  0.14000000E+01  0.67689382E-02
  0.10800000E+01  0.14200000E+01  0.69333436E-02
  0.10800000E+01  0.14400000E+01  0.70961510E-02
  0.10800000E+01  0.14600000E+01  0.72545411E-02
  0.10800000E+01  0.14800000E+01  0.74052568E-02
  0.10800000E+01  0.15000000E+01  0.75447058E-02
  0.10800000E+01  0.15200000E+01  0.76691275E-02
  0.10800000E+01  0.15400000E+01  0.77748364E-02
  0.10800000E+01  0.15600000E+01  0.78585492E-02
  0.10800000E+01  0.15800000E+01  0.79178016E-02
  0.10800000E+01  0.16000000E+01  0.79514449E-02
  0.10800000E+01  0.16200000E+01  0.79601933E-02
  0.10800000E+01  0.16400000E+01  0.79471563E-02
  0.10800000E+01  0.16600000E+01  0.79182147E-02
  0.10800000E+01  0.16800000E+01  0.78819548E-02
  0.10800000E+01  0.17000000E+01  0.78485308E-02
  0.10800000E+01  0.17200000E+01  0.78258273E-02
  0.10800000E+01  0.17400000E+01  0.78069318E-02
  0.10800000E+01  0.17600000E+01  0.76880380E-02
  0.10800000E+01  0.17800000E+01  0.76373634E-02
  0.10800000E+01  0.18000000E+01  0.77466738E-02
  0.10800000E+01  0.18200000E+01  0.78570201E-02
  0.10800000E+01  0.18400000E+01  0.79686754E-02
  0.10800000E+01  0.18600000E+01  0.80818437E-02
  0.10800000E+01  0.18800000E+01  0.81966453E-02
  0.10800000E+01  0.19000000E+01  0.83131045E-02
  0.10800000E+01  0.19200000E+01  0.84311409E-02
  0.10800000E+01  0.19400000E+01  0.85505647E-02
  0.10800000E+01  0.19600000E+01  0.86710763E-02
  0.10800000E+01  0.19800000E+01  0.87922702E-02
  0.10800000E+01  0.20000000E+01  0.89136421E-02
  0.11000000E+01  0.00000000E+00  0.42083679E-03
  0.11000000E+01  0.20000000E-01  0.56118891E-03
  0.11000000E+01  0.39999999E-01  0.70286496E-03
  0.11000000E+01  0.59999999E-01  0.84632468E-03
  0.11000000E+01  0.79999998E-01  0.99167717E-03
  0.11000000E+01  0.99999998E-01  0.11386619E-02
  0.11000000E+01  0.12000000E+00  0.12866446E-02
  0.11000000E+01  0.14000000E+00  0.14346307E-02
  0.11000000E+01  0.16000000E+00  0.15813012E-02
  0.11000000E+01  0.18000000E+00  0.17250732E-02
  0.11000000E+01  0.20000000E+00  0.18641895E-02
  0.11000000E+01  0.22000000E+00  0.19968411E-02
  0.11000000E+01  0.23999999E+00  0.21213223E-02
  0.11000000E+01  0.25999999E+00  0.22362219E-02
  0.11000000E+01  0.27999999E+00  0.23406458E-02
  0.11000000E+01  0.29999999E+00  0.24344658E-02
  0.11000000E+01  0.31999999E+00  0.25185803E-02
  0.11000000E+01  0.33999999E+00  0.25951626E-02
  0.11000000E+01  0.35999999E+00  0.26678571E-02
  0.11000000E+01  0.37999999E+00  0.27418539E-02
  0.11000000E+01  0.39999999E+00  0.28237277E-02
  0.11000000E+01  0.41999999E+00  0.29208404E-02
  0.11000000E+01  0.43999999E+00  0.30399353E-02
  0.11000000E+01  0.45999999E+00  0.31841491E-02
  0.11000000E+01  0.47999999E+00  0.33465448E-02
  0.11000000E+01  0.49999999E+00  0.34939713E-02
  0.11000000E+01  0.51999999E+00  0.35059293E-02
  0.11000000E+01  0.53999999E+00  0.30316986E-02
  0.11000000E+01  0.55999999E+00  0.31485142E-02
  0.11000000E+01  0.57999999E+00  0.32623002E-02
  0.11000000E+01  0.59999999E+00  0.33722530E-02
  0.11000000E+01  0.61999999E+00  0.34776272E-02
  0.11000000E+01  0.63999999E+00  0.35777763E-02
  0.11000000E+01  0.65999999E+00  0.36721979E-02
  0.11000000E+01  0.67999998E+00  0.37605787E-02
  0.11000000E+01  0.69999998E+00  0.38428404E-02
  0.11000000E+01  0.71999998E+00  0.39191802E-02
  0.11000000E+01  0.73999998E+00  0.39901050E-02
  0.11000000E+01  0.75999998E+00  0.40564532E-02
  0.11000000E+01  0.77999998E+00  0.41193999E-02
  0.11000000E+01  0.79999998E+00  0.41804379E-02
  0.11000000E+01  0.81999998E+00  0.42413302E-02
  0.11000000E+01  0.83999998E+00  0.43040244E-02
  0.11000000E+01  0.85999998E+00  0.43705227E-02
  0.11000000E+01  0.87999998E+00  0.44427021E-02
  0.11000000E+01  0.89999998E+00  0.45220768E-02
  0.11000000E+01  0.91999998E+00  0.46095044E-02
  0.11000000E+01  0.93999998E+00  0.47048371E-02
  0.11000000E+01  0.95999998E+00  0.48065325E-02
  0.11000000E+01  0.97999998E+00  0.49112533E-02
  0.11000000E+01  0.99999998E+00  0.50135098E-02
  0.11000000E+01  0.10200000E+01  0.51054457E-02
  0.11000000E+01  0.10400000E+01  0.51769422E-02
  0.11000000E+01  0.10600000E+01  0.52163656E-02
  0.11000000E+01  0.10800000E+01  0.52126007E-02
  0.11000000E+01  0.11000000E+01  0.51598495E-02
  0.11000000E+01  0.11200000E+01  0.50697219E-02
  0.11000000E+01  0.11400000E+01  0.50270776E-02
  0.11000000E+01  0.11600000E+01  0.51370927E-02
  0.11000000E+01  0.11800000E+01  0.52503931E-02
  0.11000000E+01  0.12000000E+01  0.53676297E-02
  0.11000000E+01  0.12200000E+01  0.54894369E-02
  0.11000000E+01  0.12400000E+01  0.56163924E-02
  0.11000000E+01  0.12600000E+01  0.57489686E-02
  0.11000000E+01  0.12800000E+01  0.58874780E-02
  0.11000000E+01  0.13000000E+01  0.60320121E-02
  0.11000000E+01  0.13200000E+01  0.61823768E-02
  0.11000000E+01  0.13400000E+01  0.63380262E-02
  0.11000000E+01  0.13600000E+01  0.64980007E-02
  0.11000000E+01  0.13800000E+01  0.66608719E-02
  0.11000000E+01  0.14000000E+01  0.68247036E-02
  0.11000000E+01  0.14200000E+01  0.69870358E-02
  0.11000000E+01  0.14400000E+01  0.71449018E-02
  0.11000000E+01  0.14600000E+01  0.72948891E-02
  0.11000000E+01  0.14800000E+01  0.74332583E-02
  0.11000000E+01  0.15000000E+01  0.75561304E-02
  0.11000000E+01  0.15200000E+01  0.76597557E-02
  0.11000000E+01  0.15400000E+01  0.77408739E-02
  0.11000000E+01  0.15600000E+01  0.77971665E-02
  0.11000000E+01  0.15800000E+01  0.78277927E-02
  0.11000000E+01  0.16000000E+01  0.78339739E-02
  0.11000000E+01  0.16200000E+01  0.78195551E-02
  0.11000000E+01  0.16400000E+01  0.77913866E-02
  0.11000000E+01  0.16600000E+01  0.77592192E-02
  0.11000000E+01  0.16800000E+01  0.77344373E-02
  0.11000000E+01  0.17000000E+01  0.77259103E-02
  0.11000000E+01  0.17200000E+01  0.77267424E-02
  0.11000000E+01  0.17400000E+01  0.76304019E-02
  0.11000000E+01  0.17600000E+01  0.75874236E-02
  0.11000000E+01  0.17800000E+01  0.77005111E-02
  0.11000000E+01  0.18000000E+01  0.78143978E-02
  0.11000000E+01  0.18200000E+01  0.79292454E-02
  0.11000000E+01  0.18400000E+01  0.80451518E-02
  0.11000000E+01  0.18600000E+01  0.81621427E-02
  0.11000000E+01  0.18800000E+01  0.82801661E-02
  0.11000000E+01  0.19000000E+01  0.83990905E-02
  0.11000000E+01  0.19200000E+01  0.85187082E-02
  0.11000000E+01  0.19400000E+01  0.86387419E-02
  0.11000000E+01  0.19600000E+01  0.87588556E-02
  0.11000000E+01  0.19800000E+01  0.88786672E-02
  0.11000000E+01  0.20000000E+01  0.89977613E-02
  0.11200000E+01  0.00000000E+00  0.44996991E-03
  0.11200000E+01  0.20000000E-01  0.59452272E-03
  0.11200000E+01  0.39999999E-01  0.74062897E-03
  0.11200000E+01  0.59999999E-01  0.88852884E-03
  0.11200000E+01  0.79999998E-01  0.10380692E-02
  0.11200000E+01  0.99999998E-01  0.11886952E-02
  0.11200000E+01  0.12000000E+00  0.13394613E-02
  0.11200000E+01  0.14000000E+00  0.14890651E-02
  0.11200000E+01  0.16000000E+00  0.16359073E-02
  0.11200000E+01  0.18000000E+00  0.17781833E-02
  0.11200000E+01  0.20000000E+00  0.19140076E-02
  0.11200000E+01  0.22000000E+00  0.20415755E-02
  0.11200000E+01  0.23999999E+00  0.21593605E-02
  0.11200000E+01  0.25999999E+00  0.22663472E-02
  0.11200000E+01  0.27999999E+00  0.23622918E-02
  0.11200000E+01  0.29999999E+00  0.24479963E-02
  0.11200000E+01  0.31999999E+00  0.25255737E-02
  0.11200000E+01  0.33999999E+00  0.25986602E-02
  0.11200000E+01  0.35999999E+00  0.26725074E-02
  0.11200000E+01  0.37999999E+00  0.27538376E-02
  0.11200000E+01  0.39999999E+00  0.28502590E-02
  0.11200000E+01  0.41999999E+00  0.29688670E-02
  0.11200000E+01  0.43999999E+00  0.31132544E-02
  0.11200000E+01  0.45999999E+00  0.32770291E-02
  0.11200000E+01  0.47999999E+00  0.34276614E-02
  0.11200000E+01  0.49999999E+00  0.34455170E-02
  0.11200000E+01  0.51999999E+00  0.29802883E-02
  0.11200000E+01  0.53999999E+00  0.30982695E-02
  0.11200000E+01  0.55999999E+00  0.32131786E-02
  0.11200000E+01  0.57999999E+00  0.33241902E-02
  0.11200000E+01  0.59999999E+00  0.34305408E-02
  0.11200000E+01  0.61999999E+00  0.35315726E-02
  0.11200000E+01  0.63999999E+00  0.36267793E-02
  0.11200000E+01  0.65999999E+00  0.37158537E-02
  0.11200000E+01  0.67999998E+00  0.37987340E-02
  0.11200000E+01  0.69999998E+00  0.38756457E-02
  0.11200000E+01  0.71999998E+00  0.39471357E-02
  0.11200000E+01  0.73999998E+00  0.40140935E-02
  0.11200000E+01  0.75999998E+00  0.40777542E-02
  0.11200000E+01  0.77999998E+00  0.41396769E-02
  0.11200000E+01  0.79999998E+00  0.42016916E-02
  0.11200000E+01  0.81999998E+00  0.42658075E-02
  0.11200000E+01  0.83999998E+00  0.43340745E-02
  0.11200000E+01  0.85999998E+00  0.44083919E-02
  0.11200000E+01  0.87999998E+00  0.44902594E-02
  0.11200000E+01  0.89999998E+00  0.45804679E-02
  0.11200000E+01  0.91999998E+00  0.46787362E-02
  0.11200000E+01  0.93999998E+00  0.47833060E-02
  0.11200000E+01  0.95999998E+00  0.48905283E-02
  0.11200000E+01  0.97999998E+00  0.49944982E-02
  0.11200000E+01  0.99999998E+00  0.50868420E-02
  0.11200000E+01  0.10200000E+01  0.51568408E-02
  0.11200000E+01  0.10400000E+01  0.51922295E-02
  0.11200000E+01  0.10600000E+01  0.51813387E-02
  0.11200000E+01  0.10800000E+01  0.51181147E-02
  0.11200000E+01  0.11000000E+01  0.50147038E-02
  0.11200000E+01  0.11200000E+01  0.49590034E-02
  0.11200000E+01  0.11400000E+01  0.50644967E-02
  0.11200000E+01  0.11600000E+01  0.51733138E-02
  0.11200000E+01  0.11800000E+01  0.52861844E-02
  0.11200000E+01  0.12000000E+01  0.54038203E-02
  0.11200000E+01  0.12200000E+01  0.55268715E-02
  0.11200000E+01  0.12400000E+01  0.56558745E-02
  0.11200000E+01  0.12600000E+01  0.57911929E-02
  0.11200000E+01  0.12800000E+01  0.59329526E-02
  0.11200000E+01  0.13000000E+01  0.60809731E-02
  0.11200000E+01  0.13200000E+01  0.62346982E-02
  0.11200000E+01  0.13400000E+01  0.63931306E-02
  0.11200000E+01  0.13600000E+01  0.65547768E-02
  0.11200000E+01  0.13800000E+01  0.67176079E-02
  0.11200000E+01  0.14000000E+01  0.68790467E-02
  0.11200000E+01  0.14200000E+01  0.70359910E-02
  0.11200000E+01  0.14400000E+01  0.71848849E-02
  0.11200000E+01  0.14600000E+01  0.73218512E-02
  0.11200000E+01  0.14800000E+01  0.74428990E-02
  0.11200000E+01  0.15000000E+01  0.75442165E-02
  0.11200000E+01  0.15200000E+01  0.76225618E-02
  0.11200000E+01  0.15400000E+01  0.76757491E-02
  0.11200000E+01  0.15600000E+01  0.77032214E-02
  0.11200000E+01  0.15800000E+01  0.77066712E-02
  0.11200000E+01  0.16000000E+01  0.76906287E-02
  0.11200000E+01  0.16200000E+01  0.76628514E-02
  0.11200000E+01  0.16400000E+01  0.76341846E-02
  0.11200000E+01  0.16600000E+01  0.76171789E-02
  0.11200000E+01  0.16800000E+01  0.76216637E-02
  0.11200000E+01  0.17000000E+01  0.76408608E-02
  0.11200000E+01  0.17200000E+01  0.75661261E-02
  0.11200000E+01  0.17400000E+01  0.75309938E-02
  0.11200000E+01  0.17600000E+01  0.76478090E-02
  0.11200000E+01  0.17800000E+01  0.77652390E-02
  0.11200000E+01  0.18000000E+01  0.78833321E-02
  0.11200000E+01  0.18200000E+01  0.80020770E-02
  0.11200000E+01  0.18400000E+01  0.81214004E-02
  0.11200000E+01  0.18600000E+01  0.82411681E-02
  0.11200000E+01  0.18800000E+01  0.83611909E-02
  0.11200000E+01  0.19000000E+01  0.84812353E-02
  0.11200000E+01  0.19200000E+01  0.86010378E-02
  0.11200000E+01  0.19400000E+01  0.87203226E-02
  0.11200000E+01  0.19600000E+01  0.88388202E-02
  0.11200000E+01  0.19800000E+01  0.89562839E-02
  0.11200000E+01  0.20000000E+01  0.90724986E-02
  0.11400000E+01  0.00000000E+00  0.48195991E-03
  0.11400000E+01  0.20000000E-01  0.63088301E-03
  0.11400000E+01  0.39999999E-01  0.78143553E-03
  0.11400000E+01  0.59999999E-01  0.93358755E-03
  0.11400000E+01  0.79999998E-01  0.10868800E-02
  0.11400000E+01  0.99999998E-01  0.12404321E-02
  0.11400000E+01  0.12000000E+00  0.13929724E-02
  0.11400000E+01  0.14000000E+00  0.15428986E-02
  0.11400000E+01  0.16000000E+00  0.16883690E-02
  0.11400000E+01  0.18000000E+00  0.18274304E-02
  0.11400000E+01  0.20000000E+00  0.19581834E-02
  0.11400000E+01  0.22000000E+00  0.20789877E-02
  0.11400000E+01  0.23999999E+00  0.21887039E-02
  0.11400000E+01  0.25999999E+00  0.22869653E-02
  0.11400000E+01  0.27999999E+00  0.23744668E-02
  0.11400000E+01  0.29999999E+00  0.24532452E-02
  0.11400000E+01  0.31999999E+00  0.25269096E-02
  0.11400000E+01  0.33999999E+00  0.26007511E-02
  0.11400000E+01  0.35999999E+00  0.26816163E-02
  0.11400000E+01  0.37999999E+00  0.27773379E-02
  0.11400000E+01  0.39999999E+00  0.28953482E-02
  0.11400000E+01  0.41999999E+00  0.30396958E-02
  0.11400000E+01  0.43999999E+00  0.32045668E-02
  0.11400000E+01  0.45999999E+00  0.33581610E-02
  0.11400000E+01  0.47999999E+00  0.33820536E-02
  0.11400000E+01  0.49999999E+00  0.29273277E-02
  0.11400000E+01  0.51999999E+00  0.30465694E-02
  0.11400000E+01  0.53999999E+00  0.31627241E-02
  0.11400000E+01  0.55999999E+00  0.32749448E-02
  0.11400000E+01  0.57999999E+00  0.33824500E-02
  0.11400000E+01  0.59999999E+00  0.34845692E-02
  0.11400000E+01  0.61999999E+00  0.35807905E-02
  0.11400000E+01  0.63999999E+00  0.36708098E-02
  0.11400000E+01  0.65999999E+00  0.37545780E-02
  0.11400000E+01  0.67999998E+00  0.38323446E-02
  0.11400000E+01  0.69999998E+00  0.39046910E-02
  0.11400000E+01  0.71999998E+00  0.39725518E-02
  0.11400000E+01  0.73999998E+00  0.40372157E-02
  0.11400000E+01  0.75999998E+00  0.41003009E-02
  0.11400000E+01  0.77999998E+00  0.41636979E-02
  0.11400000E+01  0.79999998E+00  0.42294709E-02
  0.11400000E+01  0.81999998E+00  0.42997121E-02
  0.11400000E+01  0.83999998E+00  0.43763397E-02
  0.11400000E+01  0.85999998E+00  0.44608375E-02
  0.11400000E+01  0.87999998E+00  0.45539322E-02
  0.11400000E+01  0.89999998E+00  0.46552157E-02
  0.11400000E+01  0.91999998E+00  0.47627262E-02
  0.11400000E+01  0.93999998E+00  0.48725222E-02
  0.11400000E+01  0.95999998E+00  0.49783094E-02
  0.11400000E+01  0.97999998E+00  0.50712289E-02
  0.11400000E+01  0.99999998E+00  0.51399986E-02
  0.11400000E+01  0.10200000E+01  0.51717556E-02
  0.11400000E+01  0.10400000E+01  0.51542920E-02
  0.11400000E+01  0.10600000E+01  0.50812587E-02
  0.11400000E+01  0.10800000E+01  0.49651273E-02
  0.11400000E+01  0.11000000E+01  0.48954953E-02
  0.11400000E+01  0.11200000E+01  0.49966087E-02
  0.11400000E+01  0.11400000E+01  0.51010336E-02
  0.11400000E+01  0.11600000E+01  0.52095753E-02
  0.11400000E+01  0.11800000E+01  0.53230206E-02
  0.11400000E+01  0.12000000E+01  0.54420911E-02
  0.11400000E+01  0.12200000E+01  0.55673876E-02
  0.11400000E+01  0.12400000E+01  0.56993268E-02
  0.11400000E+01  0.12600000E+01  0.58380725E-02
  0.11400000E+01  0.12800000E+01  0.59834628E-02
  0.11400000E+01  0.13000000E+01  0.61349378E-02
  0.11400000E+01  0.13200000E+01  0.62914717E-02
  0.11400000E+01  0.13400000E+01  0.64515154E-02
  0.11400000E+01  0.13600000E+01  0.66129588E-02
  0.11400000E+01  0.13800000E+01  0.67731196E-02
  0.11400000E+01  0.14000000E+01  0.69287728E-02
  0.11400000E+01  0.14200000E+01  0.70762309E-02
  0.11400000E+01  0.14400000E+01  0.72114895E-02
  0.11400000E+01  0.14600000E+01  0.73304530E-02
  0.11400000E+01  0.14800000E+01  0.74292506E-02
  0.11400000E+01  0.15000000E+01  0.75046544E-02
  0.11400000E+01  0.15200000E+01  0.75545986E-02
  0.11400000E+01  0.15400000E+01  0.75787856E-02
  0.11400000E+01  0.15600000E+01  0.75793414E-02
  0.11400000E+01  0.15800000E+01  0.75614287E-02
  0.11400000E+01  0.16000000E+01  0.75336451E-02
  0.11400000E+01  0.16200000E+01  0.75078541E-02
  0.11400000E+01  0.16400000E+01  0.74977003E-02
  0.11400000E+01  0.16600000E+01  0.75139383E-02
  0.11400000E+01  0.16800000E+01  0.75499959E-02
  0.11400000E+01  0.17000000E+01  0.74956988E-02
  0.11400000E+01  0.17200000E+01  0.74684074E-02
  0.11400000E+01  0.17400000E+01  0.75888140E-02
  0.11400000E+01  0.17600000E+01  0.77097023E-02
  0.11400000E+01  0.17800000E+01  0.78310067E-02
  0.11400000E+01  0.18000000E+01  0.79526051E-02
  0.11400000E+01  0.18200000E+01  0.80743223E-02
  0.11400000E+01  0.18400000E+01  0.81959377E-02
  0.11400000E+01  0.18600000E+01  0.83171989E-02
  0.11400000E+01  0.18800000E+01  0.84378396E-02
  0.11400000E+01  0.19000000E+01  0.85576020E-02
  0.11400000E+01  0.19200000E+01  0.86762619E-02
  0.11400000E+01  0.19400000E+01  0.87936526E-02
  0.11400000E+01  0.19600000E+01  0.89096855E-02
  0.11400000E+01  0.19800000E+01  0.90243602E-02
  0.11400000E+01  0.20000000E+01  0.91377570E-02
  0.11600000E+01  0.00000000E+00  0.51701917E-03
  0.11600000E+01  0.20000000E-01  0.67036838E-03
  0.11600000E+01  0.39999999E-01  0.82521999E-03
  0.11600000E+01  0.59999999E-01  0.98122723E-03
  0.11600000E+01  0.79999998E-01  0.11375901E-02
  0.11600000E+01  0.99999998E-01  0.12930838E-02
  0.11600000E+01  0.12000000E+00  0.14461166E-02
  0.11600000E+01  0.14000000E+00  0.15948217E-02
  0.11600000E+01  0.16000000E+00  0.17371867E-02
  0.11600000E+01  0.18000000E+00  0.18712237E-02
  0.11600000E+01  0.20000000E+00  0.19951806E-02
  0.11600000E+01  0.22000000E+00  0.21077917E-02
  0.11600000E+01  0.23999999E+00  0.22085617E-02
  0.11600000E+01  0.25999999E+00  0.22980674E-02
  0.11600000E+01  0.27999999E+00  0.23782549E-02
  0.11600000E+01  0.29999999E+00  0.24526871E-02
  0.11600000E+01  0.31999999E+00  0.25266731E-02
  0.11600000E+01  0.33999999E+00  0.26071602E-02
  0.11600000E+01  0.35999999E+00  0.27021840E-02
  0.11600000E+01  0.37999999E+00  0.28194969E-02
  0.11600000E+01  0.39999999E+00  0.29636008E-02
  0.11600000E+01  0.41999999E+00  0.31292878E-02
  0.11600000E+01  0.43999999E+00  0.32855842E-02
  0.11600000E+01  0.45999999E+00  0.33155860E-02
  0.11600000E+01  0.47999999E+00  0.28726625E-02
  0.11600000E+01  0.49999999E+00  0.29932302E-02
  0.11600000E+01  0.51999999E+00  0.31107209E-02
  0.11600000E+01  0.53999999E+00  0.32242665E-02
  0.11600000E+01  0.55999999E+00  0.33330680E-02
  0.11600000E+01  0.57999999E+00  0.34364413E-02
  0.11600000E+01  0.59999999E+00  0.35338676E-02
  0.11600000E+01  0.61999999E+00  0.36250434E-02
  0.11600000E+01  0.63999999E+00  0.37099296E-02
  0.11600000E+01  0.65999999E+00  0.37887953E-02
  0.11600000E+01  0.67999998E+00  0.38622520E-02
  0.11600000E+01  0.69999998E+00  0.39312738E-02
  0.11600000E+01  0.71999998E+00  0.39971969E-02
  0.11600000E+01  0.73999998E+00  0.40616926E-02
  0.11600000E+01  0.75999998E+00  0.41267052E-02
  0.11600000E+01  0.77999998E+00  0.41943486E-02
  0.11600000E+01  0.79999998E+00  0.42667517E-02
  0.11600000E+01  0.81999998E+00  0.43458486E-02
  0.11600000E+01  0.83999998E+00  0.44331058E-02
  0.11600000E+01  0.85999998E+00  0.45291884E-02
  0.11600000E+01  0.87999998E+00  0.46335680E-02
  0.11600000E+01  0.89999998E+00  0.47440918E-02
  0.11600000E+01  0.91999998E+00  0.48565442E-02
  0.11600000E+01  0.93999998E+00  0.49642675E-02
  0.11600000E+01  0.95999998E+00  0.50579509E-02
  0.11600000E+01  0.97999998E+00  0.51257859E-02
  0.11600000E+01  0.99999998E+00  0.51543484E-02
  0.11600000E+01  0.10200000E+01  0.51309121E-02
  0.11600000E+01  0.10400000E+01  0.50488022E-02
  0.11600000E+01  0.10600000E+01  0.49206300E-02
  0.11600000E+01  0.10800000E+01  0.48365083E-02
  0.11600000E+01  0.11000000E+01  0.49334470E-02
  0.11600000E+01  0.11200000E+01  0.50336376E-02
  0.11600000E+01  0.11400000E+01  0.51379568E-02
  0.11600000E+01  0.11600000E+01  0.52472636E-02
  0.11600000E+01  0.11800000E+01  0.53623493E-02
  0.11600000E+01  0.12000000E+01  0.54838782E-02
  0.11600000E+01  0.12200000E+01  0.56123211E-02
  0.11600000E+01  0.12400000E+01  0.57478819E-02
  0.11600000E+01  0.12600000E+01  0.58904219E-02
  0.11600000E+01  0.12800000E+01  0.60393834E-02
  0.11600000E+01  0.13000000E+01  0.61937197E-02
  0.11600000E+01  0.13200000E+01  0.63518361E-02
  0.11600000E+01  0.13400000E+01  0.65115517E-02
  0.11600000E+01  0.13600000E+01  0.66700918E-02
  0.11600000E+01  0.13800000E+01  0.68241210E-02
  0.11600000E+01  0.14000000E+01  0.69698324E-02
  0.11600000E+01  0.14200000E+01  0.71031057E-02
  0.11600000E+01  0.14400000E+01  0.72197484E-02
  0.11600000E+01  0.14600000E+01  0.73158341E-02
  0.11600000E+01  0.14800000E+01  0.73881459E-02
  0.11600000E+01  0.15000000E+01  0.74347250E-02
  0.11600000E+01  0.15200000E+01  0.74555094E-02
  0.11600000E+01  0.15400000E+01  0.74530193E-02
  0.11600000E+01  0.15600000E+01  0.74329955E-02
  0.11600000E+01  0.15800000E+01  0.74048053E-02
  0.11600000E+01  0.16000000E+01  0.73812485E-02
  0.11600000E+01  0.16200000E+01  0.73769846E-02
  0.11600000E+01  0.16400000E+01  0.74036485E-02
  0.11600000E+01  0.16600000E+01  0.74549506E-02
  0.11600000E+01  0.16800000E+01  0.74197332E-02
  0.11600000E+01  0.17000000E+01  0.74001358E-02
  0.11600000E+01  0.17200000E+01  0.75239190E-02
  0.11600000E+01  0.17400000E+01  0.76480996E-02
  0.11600000E+01  0.17600000E+01  0.77724993E-02
  0.11600000E+01  0.17800000E+01  0.78968849E-02
  0.11600000E+01  0.18000000E+01  0.80209778E-02
  0.11600000E+01  0.18200000E+01  0.81444684E-02
  0.11600000E+01  0.18400000E+01  0.82670365E-02
  0.11600000E+01  0.18600000E+01  0.83883774E-02
  0.11600000E+01  0.18800000E+01  0.85082319E-02
  0.11600000E+01  0.19000000E+01  0.86264185E-02
  0.11600000E+01  0.19200000E+01  0.87428639E-02
  0.11600000E+01  0.19400000E+01  0.88576271E-02
  0.11600000E+01  0.19600000E+01  0.89709108E-02
  0.11600000E+01  0.19800000E+01  0.90830511E-02
  0.11600000E+01  0.20000000E+01  0.91944749E-02
  0.11800000E+01  0.00000000E+00  0.55527105E-03
  0.11800000E+01  0.20000000E-01  0.71294610E-03
  0.11800000E+01  0.39999999E-01  0.87174522E-03
  0.11800000E+01  0.59999999E-01  0.10309661E-02
  0.11800000E+01  0.79999998E-01  0.11894466E-02
  0.11800000E+01  0.99999998E-01  0.13456201E-02
  0.11800000E+01  0.12000000E+00  0.14976073E-02
  0.11800000E+01  0.14000000E+00  0.16433467E-02
  0.11800000E+01  0.16000000E+00  0.17807685E-02
  0.11800000E+01  0.18000000E+00  0.19080117E-02
  0.11800000E+01  0.20000000E+00  0.20236835E-02
  0.11800000E+01  0.22000000E+00  0.21271543E-02
  0.11800000E+01  0.23999999E+00  0.22188730E-02
  0.11800000E+01  0.25999999E+00  0.23006806E-02
  0.11800000E+01  0.27999999E+00  0.23760758E-02
  0.11800000E+01  0.29999999E+00  0.24503642E-02
  0.11800000E+01  0.31999999E+00  0.25305710E-02
  0.11800000E+01  0.33999999E+00  0.26249116E-02
  0.11800000E+01  0.35999999E+00  0.27414417E-02
  0.11800000E+01  0.37999999E+00  0.28851111E-02
  0.11800000E+01  0.39999999E+00  0.30513407E-02
  0.11800000E+01  0.41999999E+00  0.32100690E-02
  0.11800000E+01  0.43999999E+00  0.32461910E-02
  0.11800000E+01  0.45999999E+00  0.28161726E-02
  0.11800000E+01  0.47999999E+00  0.29381067E-02
  0.11800000E+01  0.49999999E+00  0.30569953E-02
  0.11800000E+01  0.51999999E+00  0.31719508E-02
  0.11800000E+01  0.53999999E+00  0.32821565E-02
  0.11800000E+01  0.55999999E+00  0.33869151E-02
  0.11800000E+01  0.57999999E+00  0.34856993E-02
  0.11800000E+01  0.59999999E+00  0.35782049E-02
  0.11800000E+01  0.61999999E+00  0.36644000E-02
  0.11800000E+01  0.63999999E+00  0.37445699E-02
  0.11800000E+01  0.65999999E+00  0.38193521E-02
  0.11800000E+01  0.67999998E+00  0.38897553E-02
  0.11800000E+01  0.69999998E+00  0.39571580E-02
  0.11800000E+01  0.71999998E+00  0.40232788E-02
  0.11800000E+01  0.73999998E+00  0.40901105E-02
  0.11800000E+01  0.75999998E+00  0.41598105E-02
  0.11800000E+01  0.77999998E+00  0.42345406E-02
  0.11800000E+01  0.79999998E+00  0.43162472E-02
  0.11800000E+01  0.81999998E+00  0.44063792E-02
  0.11800000E+01  0.83999998E+00  0.45055421E-02
  0.11800000E+01  0.85999998E+00  0.46130943E-02
  0.11800000E+01  0.87999998E+00  0.47267036E-02
  0.11800000E+01  0.89999998E+00  0.48418995E-02
  0.11800000E+01  0.91999998E+00  0.49516864E-02
  0.11800000E+01  0.93999998E+00  0.50463343E-02
  0.11800000E+01  0.95999998E+00  0.51135469E-02
  0.11800000E+01  0.97999998E+00  0.51393762E-02
  0.11800000E+01  0.99999998E+00  0.51106022E-02
  0.11800000E+01  0.10200000E+01  0.50202036E-02
  0.11800000E+01  0.10400000E+01  0.48807706E-02
  0.11800000E+01  0.10600000E+01  0.47818965E-02
  0.11800000E+01  0.10800000E+01  0.48749212E-02
  0.11800000E+01  0.11000000E+01  0.49710953E-02
  0.11800000E+01  0.11200000E+01  0.50713622E-02
  0.11800000E+01  0.11400000E+01  0.51766491E-02
  0.11800000E+01  0.11600000E+01  0.52878143E-02
  0.11800000E+01  0.11800000E+01  0.54055842E-02
  0.11800000E+01  0.12000000E+01  0.55304833E-02
  0.11800000E+01  0.12200000E+01  0.56627574E-02
  0.11800000E+01  0.12400000E+01  0.58022941E-02
  0.11800000E+01  0.12600000E+01  0.59485433E-02
  0.11800000E+01  0.12800000E+01  0.61004443E-02
  0.11800000E+01  0.13000000E+01  0.62563655E-02
  0.11800000E+01  0.13200000E+01  0.64140663E-02
  0.11800000E+01  0.13400000E+01  0.65706909E-02
  0.11800000E+01  0.13600000E+01  0.67228065E-02
  0.11800000E+01  0.13800000E+01  0.68664992E-02
  0.11800000E+01  0.14000000E+01  0.69975439E-02
  0.11800000E+01  0.14200000E+01  0.71116600E-02
  0.11800000E+01  0.14400000E+01  0.72048698E-02
  0.11800000E+01  0.14600000E+01  0.72739644E-02
  0.11800000E+01  0.14800000E+01  0.73170802E-02
  0.11800000E+01  0.15000000E+01  0.73343660E-02
  0.11800000E+01  0.15200000E+01  0.73286975E-02
  0.11800000E+01  0.15400000E+01  0.73063371E-02
  0.11800000E+01  0.15600000E+01  0.72773490E-02
  0.11800000E+01  0.15800000E+01  0.72553836E-02
  0.11800000E+01  0.16000000E+01  0.72560292E-02
  0.11800000E+01  0.16200000E+01  0.72917482E-02
  0.11800000E+01  0.16400000E+01  0.73565967E-02
  0.11800000E+01  0.16600000E+01  0.73389432E-02
  0.11800000E+01  0.16800000E+01  0.73267666E-02
  0.11800000E+01  0.17000000E+01  0.74536432E-02
  0.11800000E+01  0.17200000E+01  0.75808780E-02
  0.11800000E+01  0.17400000E+01  0.77081824E-02
  0.11800000E+01  0.17600000E+01  0.78352135E-02
  0.11800000E+01  0.17800000E+01  0.79615894E-02
  0.11800000E+01  0.18000000E+01  0.80869095E-02
  0.11800000E+01  0.18200000E+01  0.82107831E-02
  0.11800000E+01  0.18400000E+01  0.83328624E-02
  0.11800000E+01  0.18600000E+01  0.84528805E-02
  0.11800000E+01  0.18800000E+01  0.85706907E-02
  0.11800000E+01  0.19000000E+01  0.86863033E-02
  0.11800000E+01  0.19200000E+01  0.87999143E-02
  0.11800000E+01  0.19400000E+01  0.89119177E-02
  0.11800000E+01  0.19600000E+01  0.90228926E-02
  0.11800000E+01  0.19800000E+01  0.91335533E-02
  0.11800000E+01  0.20000000E+01  0.92446468E-02
  0.12000000E+01  0.00000000E+00  0.59671591E-03
  0.12000000E+01  0.20000000E-01  0.75841724E-03
  0.12000000E+01  0.39999999E-01  0.92056950E-03
  0.12000000E+01  0.59999999E-01  0.10820898E-02
  0.12000000E+01  0.79999998E-01  0.12414523E-02
  0.12000000E+01  0.99999998E-01  0.13967786E-02
  0.12000000E+01  0.12000000E+00  0.15459691E-02
  0.12000000E+01  0.14000000E+00  0.16868797E-02
  0.12000000E+01  0.16000000E+00  0.18175446E-02
  0.12000000E+01  0.18000000E+00  0.19364438E-02
  0.12000000E+01  0.20000000E+00  0.20428086E-02
  0.12000000E+01  0.22000000E+00  0.21369513E-02
  0.12000000E+01  0.23999999E+00  0.22205942E-02
  0.12000000E+01  0.25999999E+00  0.22971540E-02
  0.12000000E+01  0.27999999E+00  0.23719119E-02
  0.12000000E+01  0.29999999E+00  0.24519481E-02
  0.12000000E+01  0.31999999E+00  0.25456354E-02
  0.12000000E+01  0.33999999E+00  0.26613141E-02
  0.12000000E+01  0.35999999E+00  0.28043752E-02
  0.12000000E+01  0.37999999E+00  0.29708856E-02
  0.12000000E+01  0.39999999E+00  0.31317704E-02
  0.12000000E+01  0.41999999E+00  0.31739688E-02
  0.12000000E+01  0.43999999E+00  0.27577686E-02
  0.12000000E+01  0.45999999E+00  0.28810886E-02
  0.12000000E+01  0.47999999E+00  0.30014129E-02
  0.12000000E+01  0.49999999E+00  0.31178359E-02
  0.12000000E+01  0.51999999E+00  0.32295240E-02
  0.12000000E+01  0.53999999E+00  0.33357662E-02
  0.12000000E+01  0.55999999E+00  0.34360269E-02
  0.12000000E+01  0.57999999E+00  0.35299990E-02
  0.12000000E+01  0.59999999E+00  0.36176560E-02
  0.12000000E+01  0.61999999E+00  0.36992967E-02
  0.12000000E+01  0.63999999E+00  0.37755807E-02
  0.12000000E+01  0.65999999E+00  0.38475475E-02
  0.12000000E+01  0.67999998E+00  0.39166131E-02
  0.12000000E+01  0.69999998E+00  0.39845383E-02
  0.12000000E+01  0.71999998E+00  0.40533590E-02
  0.12000000E+01  0.73999998E+00  0.41252720E-02
  0.12000000E+01  0.75999998E+00  0.42024674E-02
  0.12000000E+01  0.77999998E+00  0.42869015E-02
  0.12000000E+01  0.79999998E+00  0.43800050E-02
  0.12000000E+01  0.81999998E+00  0.44823264E-02
  0.12000000E+01  0.83999998E+00  0.45931177E-02
  0.12000000E+01  0.85999998E+00  0.47098793E-02
  0.12000000E+01  0.87999998E+00  0.48279039E-02
  0.12000000E+01  0.89999998E+00  0.49398840E-02
  0.12000000E+01  0.91999998E+00  0.50357028E-02
  0.12000000E+01  0.93999998E+00  0.51026144E-02
  0.12000000E+01  0.95999998E+00  0.51261867E-02
  0.12000000E+01  0.97999998E+00  0.50927337E-02
  0.12000000E+01  0.99999998E+00  0.49948754E-02
  0.12000000E+01  0.10200000E+01  0.48450437E-02
  0.12000000E+01  0.10400000E+01  0.47314256E-02
  0.12000000E+01  0.10600000E+01  0.48208445E-02
  0.12000000E+01  0.10800000E+01  0.49132723E-02
  0.12000000E+01  0.11000000E+01  0.50097137E-02
  0.12000000E+01  0.11200000E+01  0.51111600E-02
  0.12000000E+01  0.11400000E+01  0.52185326E-02
  0.12000000E+01  0.11600000E+01  0.53326175E-02
  0.12000000E+01  0.11800000E+01  0.54539922E-02
  0.12000000E+01  0.12000000E+01  0.55829450E-02
  0.12000000E+01  0.12200000E+01  0.57193921E-02
  0.12000000E+01  0.12400000E+01  0.58627953E-02
  0.12000000E+01  0.12600000E+01  0.60120861E-02
  0.12000000E+01  0.12800000E+01  0.61656044E-02
  0.12000000E+01  0.13000000E+01  0.63210598E-02
  0.12000000E+01  0.13200000E+01  0.64755269E-02
  0.12000000E+01  0.13400000E+01  0.66254877E-02
  0.12000000E+01  0.13600000E+01  0.67669341E-02
  0.12000000E+01  0.13800000E+01  0.68955474E-02
  0.12000000E+01  0.14000000E+01  0.70069684E-02
  0.12000000E+01  0.14200000E+01  0.70971721E-02
  0.12000000E+01  0.14400000E+01  0.71629560E-02
  0.12000000E+01  0.14600000E+01  0.72025399E-02
  0.12000000E+01  0.14800000E+01  0.72162598E-02
  0.12000000E+01  0.15000000E+01  0.72073070E-02
  0.12000000E+01  0.15200000E+01  0.71824094E-02
  0.12000000E+01  0.15400000E+01  0.71522525E-02
  0.12000000E+01  0.15600000E+01  0.71312487E-02
  0.12000000E+01  0.15800000E+01  0.71358239E-02
  0.12000000E+01  0.16000000E+01  0.71792072E-02
  0.12000000E+01  0.16200000E+01  0.72558508E-02
  0.12000000E+01  0.16400000E+01  0.72541201E-02
  0.12000000E+01  0.16600000E+01  0.72489814E-02
  0.12000000E+01  0.16800000E+01  0.73786104E-02
  0.12000000E+01  0.17000000E+01  0.75085992E-02
  0.12000000E+01  0.17200000E+01  0.76385523E-02
  0.12000000E+01  0.17400000E+01  0.77680197E-02
  0.12000000E+01  0.17600000E+01  0.78965171E-02
  0.12000000E+01  0.17800000E+01  0.80235531E-02
  0.12000000E+01  0.18000000E+01  0.81486646E-02
  0.12000000E+01  0.18200000E+01  0.82714570E-02
  0.12000000E+01  0.18400000E+01  0.83916503E-02
  0.12000000E+01  0.18600000E+01  0.85091254E-02
  0.12000000E+01  0.18800000E+01  0.86239671E-02
  0.12000000E+01  0.19000000E+01  0.87364972E-02
  0.12000000E+01  0.19200000E+01  0.88472888E-02
  0.12000000E+01  0.19400000E+01  0.89571512E-02
  0.12000000E+01  0.19600000E+01  0.90670719E-02
  0.12000000E+01  0.19800000E+01  0.91781013E-02
  0.12000000E+01  0.20000000E+01  0.92911629E-02
  0.12200000E+01  0.00000000E+00  0.64119500E-03
  0.12200000E+01  0.20000000E-01  0.80638251E-03
  0.12200000E+01  0.39999999E-01  0.97101919E-03
  0.12200000E+01  0.59999999E-01  0.11336364E-02
  0.12200000E+01  0.79999998E-01  0.12923709E-02
  0.12200000E+01  0.99999998E-01  0.14450969E-02
  0.12200000E+01  0.12000000E+00  0.15896049E-02
  0.12200000E+01  0.14000000E+00  0.17238296E-02
  0.12200000E+01  0.16000000E+00  0.18461244E-02
  0.12200000E+01  0.18000000E+00  0.19555784E-02
  0.12200000E+01  0.20000000E+00  0.20523588E-02
  0.12200000E+01  0.22000000E+00  0.21380564E-02
  0.12200000E+01  0.23999999E+00  0.22159894E-02
  0.12200000E+01  0.25999999E+00  0.22913941E-02
  0.12200000E+01  0.27999999E+00  0.23713831E-02
  0.12200000E+01  0.29999999E+00  0.24644639E-02
  0.12200000E+01  0.31999999E+00  0.25792424E-02
  0.12200000E+01  0.33999999E+00  0.27215413E-02
  0.12200000E+01  0.35999999E+00  0.28880867E-02
  0.12200000E+01  0.37999999E+00  0.30508531E-02
  0.12200000E+01  0.39999999E+00  0.30990366E-02
  0.12200000E+01  0.41999999E+00  0.26973872E-02
  0.12200000E+01  0.43999999E+00  0.28220962E-02
  0.12200000E+01  0.45999999E+00  0.29438746E-02
  0.12200000E+01  0.47999999E+00  0.30617998E-02
  0.12200000E+01  0.49999999E+00  0.31750223E-02
  0.12200000E+01  0.51999999E+00  0.32828179E-02
  0.12200000E+01  0.53999999E+00  0.33846418E-02
  0.12200000E+01  0.55999999E+00  0.34801835E-02
  0.12200000E+01  0.57999999E+00  0.35694199E-02
  0.12200000E+01  0.59999999E+00  0.36526609E-02
  0.12200000E+01  0.61999999E+00  0.37305856E-02
  0.12200000E+01  0.63999999E+00  0.38042600E-02
  0.12200000E+01  0.65999999E+00  0.38751341E-02
  0.12200000E+01  0.67999998E+00  0.39450063E-02
  0.12200000E+01  0.69999998E+00  0.40159513E-02
  0.12200000E+01  0.71999998E+00  0.40902009E-02
  0.12200000E+01  0.73999998E+00  0.41699702E-02
  0.12200000E+01  0.75999998E+00  0.42572233E-02
  0.12200000E+01  0.77999998E+00  0.43533724E-02
  0.12200000E+01  0.79999998E+00  0.44589122E-02
  0.12200000E+01  0.81999998E+00  0.45729945E-02
  0.12200000E+01  0.83999998E+00  0.46929647E-02
  0.12200000E+01  0.85999998E+00  0.48138966E-02
  0.12200000E+01  0.87999998E+00  0.49281954E-02
  0.12200000E+01  0.89999998E+00  0.50253904E-02
  0.12200000E+01  0.91999998E+00  0.50923246E-02
  0.12200000E+01  0.93999998E+00  0.51141215E-02
  0.12200000E+01  0.95999998E+00  0.50766603E-02
  0.12200000E+01  0.97999998E+00  0.49721985E-02
  0.12200000E+01  0.99999998E+00  0.48128957E-02
  0.12200000E+01  0.10200000E+01  0.46847867E-02
  0.12200000E+01  0.10400000E+01  0.47709467E-02
  0.12200000E+01  0.10600000E+01  0.48599424E-02
  0.12200000E+01  0.10800000E+01  0.49528345E-02
  0.12200000E+01  0.11000000E+01  0.50506729E-02
  0.12200000E+01  0.11200000E+01  0.51544380E-02
  0.12200000E+01  0.11400000E+01  0.52649725E-02
  0.12200000E+01  0.11600000E+01  0.53829049E-02
  0.12200000E+01  0.11800000E+01  0.55085658E-02
  0.12200000E+01  0.12000000E+01  0.56419015E-02
  0.12200000E+01  0.12200000E+01  0.57823892E-02
  0.12200000E+01  0.12400000E+01  0.59289580E-02
  0.12200000E+01  0.12600000E+01  0.60799269E-02
  0.12200000E+01  0.12800000E+01  0.62329647E-02
  0.12200000E+01  0.13000000E+01  0.63850878E-02
  0.12200000E+01  0.13200000E+01  0.65327047E-02
  0.12200000E+01  0.13400000E+01  0.66717255E-02
  0.12200000E+01  0.13600000E+01  0.67977498E-02
  0.12200000E+01  0.13800000E+01  0.69063487E-02
  0.12200000E+01  0.14000000E+01  0.69934554E-02
  0.12200000E+01  0.14200000E+01  0.70558719E-02
  0.12200000E+01  0.14400000E+01  0.70918906E-02
  0.12200000E+01  0.14600000E+01  0.71020113E-02
  0.12200000E+01  0.14800000E+01  0.70897022E-02
  0.12200000E+01  0.15000000E+01  0.70620988E-02
  0.12200000E+01  0.15200000E+01  0.70304330E-02
  0.12200000E+01  0.15400000E+01  0.70097869E-02
  0.12200000E+01  0.15600000E+01  0.70173298E-02
  0.12200000E+01  0.15800000E+01  0.70669889E-02
  0.12200000E+01  0.16000000E+01  0.71536512E-02
  0.12200000E+01  0.16200000E+01  0.71661085E-02
  0.12200000E+01  0.16400000E+01  0.71675327E-02
  0.12200000E+01  0.16600000E+01  0.72995272E-02
  0.12200000E+01  0.16800000E+01  0.74319185E-02
  0.12200000E+01  0.17000000E+01  0.75642088E-02
  0.12200000E+01  0.17200000E+01  0.76958445E-02
  0.12200000E+01  0.17400000E+01  0.78262413E-02
  0.12200000E+01  0.17600000E+01  0.79548183E-02
  0.12200000E+01  0.17800000E+01  0.80810388E-02
  0.12200000E+01  0.18000000E+01  0.82044593E-02
  0.12200000E+01  0.18200000E+01  0.83247823E-02
  0.12200000E+01  0.18400000E+01  0.84419095E-02
  0.12200000E+01  0.18600000E+01  0.85559916E-02
  0.12200000E+01  0.18800000E+01  0.86674654E-02
  0.12200000E+01  0.19000000E+01  0.87770706E-02
  0.12200000E+01  0.19200000E+01  0.88858325E-02
  0.12200000E+01  0.19400000E+01  0.89949976E-02
  0.12200000E+01  0.19600000E+01  0.91059055E-02
  0.12200000E+01  0.19800000E+01  0.92197785E-02
  0.12200000E+01  0.20000000E+01  0.93374122E-02
  0.12400000E+01  0.00000000E+00  0.68835427E-03
  0.12400000E+01  0.20000000E-01  0.85621202E-03
  0.12400000E+01  0.39999999E-01  0.10221704E-02
  0.12400000E+01  0.59999999E-01  0.11843973E-02
  0.12400000E+01  0.79999998E-01  0.13407535E-02
  0.12400000E+01  0.99999998E-01  0.14889742E-02
  0.12400000E+01  0.12000000E+00  0.16269004E-02
  0.12400000E+01  0.14000000E+00  0.17527616E-02
  0.12400000E+01  0.16000000E+00  0.18655019E-02
  0.12400000E+01  0.18000000E+00  0.19651365E-02
  0.12400000E+01  0.20000000E+00  0.20531131E-02
  0.12400000E+01  0.22000000E+00  0.21326352E-02
  0.12400000E+01  0.23999999E+00  0.22088746E-02
  0.12400000E+01  0.25999999E+00  0.22889540E-02
  0.12400000E+01  0.27999999E+00  0.23814936E-02
  0.12400000E+01  0.29999999E+00  0.24953448E-02
  0.12400000E+01  0.31999999E+00  0.26367514E-02
  0.12400000E+01  0.33999999E+00  0.28031063E-02
  0.12400000E+01  0.35999999E+00  0.29674858E-02
  0.12400000E+01  0.37999999E+00  0.30215236E-02
  0.12400000E+01  0.39999999E+00  0.26349871E-02
  0.12400000E+01  0.41999999E+00  0.27610764E-02
  0.12400000E+01  0.43999999E+00  0.28843121E-02
  0.12400000E+01  0.45999999E+00  0.30037558E-02
  0.12400000E+01  0.47999999E+00  0.31185432E-02
  0.12400000E+01  0.49999999E+00  0.32279371E-02
  0.12400000E+01  0.51999999E+00  0.33313833E-02
  0.12400000E+01  0.53999999E+00  0.34285674E-02
  0.12400000E+01  0.55999999E+00  0.35194680E-02
  0.12400000E+01  0.57999999E+00  0.36044045E-02
  0.12400000E+01  0.59999999E+00  0.36840724E-02
  0.12400000E+01  0.61999999E+00  0.37595620E-02
  0.12400000E+01  0.63999999E+00  0.38323530E-02
  0.12400000E+01  0.65999999E+00  0.39042781E-02
  0.12400000E+01  0.67999998E+00  0.39774470E-02
  0.12400000E+01  0.69999998E+00  0.40541229E-02
  0.12400000E+01  0.71999998E+00  0.41365432E-02
  0.12400000E+01  0.73999998E+00  0.42266779E-02
  0.12400000E+01  0.75999998E+00  0.43259215E-02
  0.12400000E+01  0.77999998E+00  0.44347174E-02
  0.12400000E+01  0.79999998E+00  0.45521246E-02
  0.12400000E+01  0.81999998E+00  0.46753447E-02
  0.12400000E+01  0.83999998E+00  0.47992505E-02
  0.12400000E+01  0.85999998E+00  0.49159848E-02
  0.12400000E+01  0.87999998E+00  0.50147544E-02
  0.12400000E+01  0.89999998E+00  0.50820294E-02
  0.12400000E+01  0.91999998E+00  0.51025296E-02
  0.12400000E+01  0.93999998E+00  0.50617331E-02
  0.12400000E+01  0.95999998E+00  0.49515380E-02
  0.12400000E+01  0.97999998E+00  0.47837399E-02
  0.12400000E+01  0.99999998E+00  0.46416101E-02
  0.12400000E+01  0.10200000E+01  0.47248878E-02
  0.12400000E+01  0.10400000E+01  0.48108013E-02
  0.12400000E+01  0.10600000E+01  0.49004612E-02
  0.12400000E+01  0.10800000E+01  0.49949703E-02
  0.12400000E+01  0.11000000E+01  0.50953635E-02
  0.12400000E+01  0.11200000E+01  0.52025364E-02
  0.12400000E+01  0.11400000E+01  0.53171658E-02
  0.12400000E+01  0.11600000E+01  0.54396238E-02
  0.12400000E+01  0.11800000E+01  0.55698875E-02
  0.12400000E+01  0.12000000E+01  0.57074519E-02
  0.12400000E+01  0.12200000E+01  0.58512486E-02
  0.12400000E+01  0.12400000E+01  0.59995820E-02
  0.12400000E+01  0.12600000E+01  0.61500892E-02
  0.12400000E+01  0.12800000E+01  0.62997382E-02
  0.12400000E+01  0.13000000E+01  0.64448762E-02
  0.12400000E+01  0.13200000E+01  0.65813433E-02
  0.12400000E+01  0.13400000E+01  0.67046689E-02
  0.12400000E+01  0.13600000E+01  0.68103639E-02
  0.12400000E+01  0.13800000E+01  0.68943251E-02
  0.12400000E+01  0.14000000E+01  0.69533582E-02
  0.12400000E+01  0.14200000E+01  0.69858179E-02
  0.12400000E+01  0.14400000E+01  0.69923450E-02
  0.12400000E+01  0.14600000E+01  0.69766463E-02
  0.12400000E+01  0.14800000E+01  0.69462083E-02
  0.12400000E+01  0.15000000E+01  0.69127326E-02
  0.12400000E+01  0.15200000E+01  0.68918786E-02
  0.12400000E+01  0.15400000E+01  0.69014605E-02
  0.12400000E+01  0.15600000E+01  0.69560304E-02
  0.12400000E+01  0.15800000E+01  0.70509354E-02
  0.12400000E+01  0.16000000E+01  0.70757832E-02
  0.12400000E+01  0.16200000E+01  0.70832212E-02
  0.12400000E+01  0.16400000E+01  0.72171603E-02
  0.12400000E+01  0.16600000E+01  0.73515628E-02
  0.12400000E+01  0.16800000E+01  0.74858341E-02
  0.12400000E+01  0.17000000E+01  0.76193214E-02
  0.12400000E+01  0.17200000E+01  0.77513440E-02
  0.12400000E+01  0.17400000E+01  0.78812330E-02
  0.12400000E+01  0.17600000E+01  0.80083794E-02
  0.12400000E+01  0.17800000E+01  0.81322891E-02
  0.12400000E+01  0.18000000E+01  0.82526433E-02
  0.12400000E+01  0.18200000E+01  0.83693589E-02
  0.12400000E+01  0.18400000E+01  0.84826443E-02
  0.12400000E+01  0.18600000E+01  0.85930409E-02
  0.12400000E+01  0.18800000E+01  0.87014420E-02
  0.12400000E+01  0.19000000E+01  0.88090745E-02
  0.12400000E+01  0.19200000E+01  0.89174288E-02
  0.12400000E+01  0.19400000E+01  0.90281183E-02
  0.12400000E+01  0.19600000E+01  0.91426505E-02
  0.12400000E+01  0.19800000E+01  0.92620911E-02
  0.12400000E+01  0.20000000E+01  0.93866038E-02
  0.12600000E+01  0.00000000E+00  0.73761100E-03
  0.12600000E+01  0.20000000E-01  0.90702308E-03
  0.12600000E+01  0.39999999E-01  0.10728451E-02
  0.12600000E+01  0.59999999E-01  0.12329392E-02
  0.12600000E+01  0.79999998E-01  0.13849961E-02
  0.12600000E+01  0.99999998E-01  0.15267710E-02
  0.12600000E+01  0.12000000E+00  0.16563726E-02
  0.12600000E+01  0.14000000E+00  0.17725989E-02
  0.12600000E+01  0.16000000E+00  0.18753072E-02
  0.12600000E+01  0.18000000E+00  0.19657917E-02
  0.12600000E+01  0.20000000E+00  0.20471260E-02
  0.12600000E+01  0.22000000E+00  0.21243988E-02
  0.12600000E+01  0.23999999E+00  0.22047216E-02
  0.12600000E+01  0.25999999E+00  0.22968047E-02
  0.12600000E+01  0.27999999E+00  0.24097255E-02
  0.12600000E+01  0.29999999E+00  0.25501357E-02
  0.12600000E+01  0.31999999E+00  0.27160993E-02
  0.12600000E+01  0.33999999E+00  0.28818354E-02
  0.12600000E+01  0.35999999E+00  0.29415648E-02
  0.12600000E+01  0.37999999E+00  0.25705440E-02
  0.12600000E+01  0.39999999E+00  0.26979976E-02
  0.12600000E+01  0.41999999E+00  0.28226831E-02
  0.12600000E+01  0.43999999E+00  0.29436479E-02
  0.12600000E+01  0.45999999E+00  0.30600136E-02
  0.12600000E+01  0.47999999E+00  0.31710304E-02
  0.12600000E+01  0.49999999E+00  0.32761348E-02
  0.12600000E+01  0.51999999E+00  0.33750075E-02
  0.12600000E+01  0.53999999E+00  0.34676282E-02
  0.12600000E+01  0.55999999E+00  0.35543238E-02
  0.12600000E+01  0.57999999E+00  0.36358043E-02
  0.12600000E+01  0.59999999E+00  0.37131815E-02
  0.12600000E+01  0.61999999E+00  0.37879623E-02
  0.12600000E+01  0.63999999E+00  0.38620104E-02
  0.12600000E+01  0.65999999E+00  0.39374673E-02
  0.12600000E+01  0.67999998E+00  0.40166248E-02
  0.12600000E+01  0.69999998E+00  0.41017404E-02
  0.12600000E+01  0.71999998E+00  0.41947893E-02
  0.12600000E+01  0.73999998E+00  0.42971485E-02
  0.12600000E+01  0.75999998E+00  0.44092138E-02
  0.12600000E+01  0.77999998E+00  0.45299583E-02
  0.12600000E+01  0.79999998E+00  0.46564515E-02
  0.12600000E+01  0.81999998E+00  0.47833823E-02
  0.12600000E+01  0.83999998E+00  0.49026552E-02
  0.12600000E+01  0.85999998E+00  0.50031855E-02
  0.12600000E+01  0.87999998E+00  0.50711079E-02
  0.12600000E+01  0.89999998E+00  0.50907794E-02
  0.12600000E+01  0.91999998E+00  0.50473126E-02
  0.12600000E+01  0.93999998E+00  0.49322562E-02
  0.12600000E+01  0.95999998E+00  0.47569703E-02
  0.12600000E+01  0.97999998E+00  0.46014787E-02
  0.12600000E+01  0.99999998E+00  0.46822718E-02
  0.12600000E+01  0.10200000E+01  0.47654801E-02
  0.12600000E+01  0.10400000E+01  0.48522573E-02
  0.12600000E+01  0.10600000E+01  0.49437538E-02
  0.12600000E+01  0.10800000E+01  0.50410535E-02
  0.12600000E+01  0.11000000E+01  0.51451006E-02
  0.12600000E+01  0.11200000E+01  0.52566176E-02
  0.12600000E+01  0.11400000E+01  0.53760157E-02
  0.12600000E+01  0.11600000E+01  0.55033033E-02
  0.12600000E+01  0.11800000E+01  0.56379946E-02
  0.12600000E+01  0.12000000E+01  0.57790278E-02
  0.12600000E+01  0.12200000E+01  0.59246985E-02
  0.12600000E+01  0.12400000E+01  0.60726199E-02
  0.12600000E+01  0.12600000E+01  0.62197214E-02
  0.12600000E+01  0.12800000E+01  0.63622998E-02
  0.12600000E+01  0.13000000E+01  0.64961372E-02
  0.12600000E+01  0.13200000E+01  0.66167039E-02
  0.12600000E+01  0.13400000E+01  0.67194603E-02
  0.12600000E+01  0.13600000E+01  0.68002725E-02
  0.12600000E+01  0.13800000E+01  0.68559494E-02
  0.12600000E+01  0.14000000E+01  0.68848987E-02
  0.12600000E+01  0.14200000E+01  0.68878802E-02
  0.12600000E+01  0.14400000E+01  0.68688017E-02
  0.12600000E+01  0.14600000E+01  0.68354450E-02
  0.12600000E+01  0.14800000E+01  0.67999052E-02
  0.12600000E+01  0.15000000E+01  0.67783260E-02
  0.12600000E+01  0.15200000E+01  0.67890661E-02
  0.12600000E+01  0.15400000E+01  0.68472233E-02
  0.12600000E+01  0.15600000E+01  0.69486197E-02
  0.12600000E+01  0.15800000E+01  0.69840273E-02
  0.12600000E+01  0.16000000E+01  0.69968738E-02
  0.12600000E+01  0.16200000E+01  0.71323145E-02
  0.12600000E+01  0.16400000E+01  0.72683090E-02
  0.12600000E+01  0.16600000E+01  0.74041714E-02
  0.12600000E+01  0.16800000E+01  0.75391553E-02
  0.12600000E+01  0.17000000E+01  0.76724880E-02
  0.12600000E+01  0.17200000E+01  0.78034158E-02
  0.12600000E+01  0.17400000E+01  0.79312584E-02
  0.12600000E+01  0.17600000E+01  0.80554708E-02
  0.12600000E+01  0.17800000E+01  0.81757104E-02
  0.12600000E+01  0.18000000E+01  0.82919045E-02
  0.12600000E+01  0.18200000E+01  0.84043112E-02
  0.12600000E+01  0.18400000E+01  0.85135664E-02
  0.12600000E+01  0.18600000E+01  0.86207047E-02
  0.12600000E+01  0.18800000E+01  0.87271398E-02
  0.12600000E+01  0.19000000E+01  0.88345895E-02
  0.12600000E+01  0.19200000E+01  0.89449249E-02
  0.12600000E+01  0.19400000E+01  0.90599242E-02
  0.12600000E+01  0.19600000E+01  0.91809117E-02
  0.12600000E+01  0.19800000E+01  0.93082649E-02
  0.12600000E+01  0.20000000E+01  0.94407852E-02
  0.12800000E+01  0.00000000E+00  0.78812748E-03
  0.12800000E+01  0.20000000E-01  0.95767124E-03
  0.12800000E+01  0.39999999E-01  0.11216276E-02
  0.12800000E+01  0.59999999E-01  0.12776556E-02
  0.12800000E+01  0.79999998E-01  0.14234334E-02
  0.12800000E+01  0.99999998E-01  0.15569536E-02
  0.12800000E+01  0.12000000E+00  0.16768687E-02
  0.12800000E+01  0.14000000E+00  0.17828735E-02
  0.12800000E+01  0.16000000E+00  0.18760991E-02
  0.12800000E+01  0.18000000E+00  0.19594759E-02
  0.12800000E+01  0.20000000E+00  0.20379914E-02
  0.12800000E+01  0.22000000E+00  0.21187257E-02
  0.12800000E+01  0.23999999E+00  0.22104575E-02
  0.12800000E+01  0.25999999E+00  0.23224700E-02
  0.12800000E+01  0.27999999E+00  0.24618084E-02
  0.12800000E+01  0.29999999E+00  0.26272080E-02
  0.12800000E+01  0.31999999E+00  0.27940617E-02
  0.12800000E+01  0.33999999E+00  0.28592964E-02
  0.12800000E+01  0.35999999E+00  0.25040468E-02
  0.12800000E+01  0.37999999E+00  0.26328456E-02
  0.12800000E+01  0.39999999E+00  0.27589672E-02
  0.12800000E+01  0.41999999E+00  0.28814462E-02
  0.12800000E+01  0.43999999E+00  0.29993909E-02
  0.12800000E+01  0.45999999E+00  0.31120395E-02
  0.12800000E+01  0.47999999E+00  0.32188189E-02
  0.12800000E+01  0.49999999E+00  0.33194044E-02
  0.12800000E+01  0.51999999E+00  0.34137759E-02
  0.12800000E+01  0.53999999E+00  0.35022663E-02
  0.12800000E+01  0.55999999E+00  0.35855987E-02
  0.12800000E+01  0.57999999E+00  0.36649040E-02
  0.12800000E+01  0.59999999E+00  0.37417140E-02
  0.12800000E+01  0.61999999E+00  0.38179208E-02
  0.12800000E+01  0.63999999E+00  0.38956955E-02
  0.12800000E+01  0.65999999E+00  0.39773562E-02
  0.12800000E+01  0.67999998E+00  0.40651788E-02
  0.12800000E+01  0.69999998E+00  0.41611432E-02
  0.12800000E+01  0.71999998E+00  0.42666104E-02
  0.12800000E+01  0.73999998E+00  0.43819324E-02
  0.12800000E+01  0.75999998E+00  0.45060031E-02
  0.12800000E+01  0.77999998E+00  0.46357715E-02
  0.12800000E+01  0.79999998E+00  0.47657596E-02
  0.12800000E+01  0.81999998E+00  0.48876566E-02
  0.12800000E+01  0.83999998E+00  0.49901169E-02
  0.12800000E+01  0.85999998E+00  0.50589763E-02
  0.12800000E+01  0.87999998E+00  0.50782697E-02
  0.12800000E+01  0.89999998E+00  0.50327809E-02
  0.12800000E+01  0.91999998E+00  0.49137254E-02
  0.12800000E+01  0.93999998E+00  0.47319756E-02
  0.12800000E+01  0.95999998E+00  0.45639414E-02
  0.12800000E+01  0.97999998E+00  0.46426604E-02
  0.12800000E+01  0.99999998E+00  0.47235585E-02
  0.12800000E+01  0.10200000E+01  0.48078269E-02
  0.12800000E+01  0.10400000E+01  0.48966570E-02
  0.12800000E+01  0.10600000E+01  0.49911766E-02
  0.12800000E+01  0.10800000E+01  0.50923737E-02
  0.12800000E+01  0.11000000E+01  0.52010127E-02
  0.12800000E+01  0.11200000E+01  0.53175421E-02
  0.12800000E+01  0.11400000E+01  0.54420002E-02
  0.12800000E+01  0.11600000E+01  0.55739221E-02
  0.12800000E+01  0.11800000E+01  0.57122552E-02
  0.12800000E+01  0.12000000E+01  0.58552915E-02
  0.12800000E+01  0.12200000E+01  0.60006273E-02
  0.12800000E+01  0.12400000E+01  0.61451628E-02
  0.12800000E+01  0.12600000E+01  0.62851545E-02
  0.12800000E+01  0.12800000E+01  0.64163380E-02
  0.12800000E+01  0.13000000E+01  0.65341355E-02
  0.12800000E+01  0.13200000E+01  0.66339663E-02
  0.12800000E+01  0.13400000E+01  0.67116718E-02
  0.12800000E+01  0.13600000E+01  0.67640643E-02
  0.12800000E+01  0.13800000E+01  0.67895956E-02
  0.12800000E+01  0.14000000E+01  0.67891241E-02
  0.12800000E+01  0.14200000E+01  0.67667220E-02
  0.12800000E+01  0.14400000E+01  0.67304114E-02
  0.12800000E+01  0.14600000E+01  0.66926063E-02
  0.12800000E+01  0.14800000E+01  0.66698412E-02
  0.12800000E+01  0.15000000E+01  0.66809183E-02
  0.12800000E+01  0.15200000E+01  0.67413980E-02
  0.12800000E+01  0.15400000E+01  0.68475810E-02
  0.12800000E+01  0.15600000E+01  0.68917121E-02
  0.12800000E+01  0.15800000E+01  0.69093230E-02
  0.12800000E+01  0.16000000E+01  0.70458122E-02
  0.12800000E+01  0.16200000E+01  0.71829624E-02
  0.12800000E+01  0.16400000E+01  0.73200039E-02
  0.12800000E+01  0.16600000E+01  0.74561021E-02
  0.12800000E+01  0.16800000E+01  0.75903974E-02
  0.12800000E+01  0.17000000E+01  0.77220553E-02
  0.12800000E+01  0.17200000E+01  0.78503265E-02
  0.12800000E+01  0.17400000E+01  0.79746156E-02
  0.12800000E+01  0.17600000E+01  0.80945546E-02
  0.12800000E+01  0.17800000E+01  0.82100765E-02
  0.12800000E+01  0.18000000E+01  0.83214827E-02
  0.12800000E+01  0.18200000E+01  0.84294937E-02
  0.12800000E+01  0.18400000E+01  0.85352725E-02
  0.12800000E+01  0.18600000E+01  0.86404051E-02
  0.12800000E+01  0.18800000E+01  0.87468203E-02
  0.12800000E+01  0.19000000E+01  0.88566296E-02
  0.12800000E+01  0.19200000E+01  0.89718660E-02
  0.12800000E+01  0.19400000E+01  0.90940998E-02
  0.12800000E+01  0.19600000E+01  0.92239167E-02
  0.12800000E+01  0.19800000E+01  0.93602502E-02
  0.12800000E+01  0.20000000E+01  0.94995818E-02
  0.13000000E+01  0.00000000E+00  0.83879675E-03
  0.13000000E+01  0.20000000E-01  0.10067613E-02
  0.13000000E+01  0.39999999E-01  0.11669100E-02
  0.13000000E+01  0.59999999E-01  0.13168545E-02
  0.13000000E+01  0.79999998E-01  0.14544777E-02
  0.13000000E+01  0.99999998E-01  0.15782883E-02
  0.13000000E+01  0.12000000E+00  0.16878156E-02
  0.13000000E+01  0.14000000E+00  0.17840201E-02
  0.13000000E+01  0.16000000E+00  0.18696762E-02
  0.13000000E+01  0.18000000E+00  0.19496542E-02
  0.13000000E+01  0.20000000E+00  0.20309833E-02
  0.13000000E+01  0.22000000E+00  0.21224896E-02
  0.13000000E+01  0.23999999E+00  0.22336420E-02
  0.13000000E+01  0.25999999E+00  0.23718644E-02
  0.13000000E+01  0.27999999E+00  0.25365589E-02
  0.13000000E+01  0.29999999E+00  0.27043140E-02
  0.13000000E+01  0.31999999E+00  0.27748516E-02
  0.13000000E+01  0.33999999E+00  0.24354936E-02
  0.13000000E+01  0.35999999E+00  0.25656186E-02
  0.13000000E+01  0.37999999E+00  0.26931604E-02
  0.13000000E+01  0.39999999E+00  0.28171419E-02
  0.13000000E+01  0.41999999E+00  0.29366583E-02
  0.13000000E+01  0.43999999E+00  0.30509361E-02
  0.13000000E+01  0.45999999E+00  0.31593928E-02
  0.13000000E+01  0.47999999E+00  0.32616977E-02
  0.13000000E+01  0.49999999E+00  0.33578298E-02
  0.13000000E+01  0.51999999E+00  0.34481272E-02
  0.13000000E+01  0.53999999E+00  0.35333242E-02
  0.13000000E+01  0.55999999E+00  0.36145695E-02
  0.13000000E+01  0.57999999E+00  0.36934175E-02
  0.13000000E+01  0.59999999E+00  0.37717871E-02
  0.13000000E+01  0.61999999E+00  0.38518767E-02
  0.13000000E+01  0.63999999E+00  0.39360293E-02
  0.13000000E+01  0.65999999E+00  0.40265385E-02
  0.13000000E+01  0.67999998E+00  0.41253890E-02
  0.13000000E+01  0.69999998E+00  0.42339274E-02
  0.13000000E+01  0.71999998E+00  0.43524661E-02
  0.13000000E+01  0.73999998E+00  0.44798271E-02
  0.13000000E+01  0.75999998E+00  0.46128502E-02
  0.13000000E+01  0.77999998E+00  0.47459066E-02
  0.13000000E+01  0.79999998E+00  0.48704929E-02
  0.13000000E+01  0.81999998E+00  0.49750319E-02
  0.13000000E+01  0.83999998E+00  0.50450963E-02
  0.13000000E+01  0.85999998E+00  0.50644385E-02
  0.13000000E+01  0.87999998E+00  0.50175519E-02
  0.13000000E+01  0.89999998E+00  0.48953395E-02
  0.13000000E+01  0.91999998E+00  0.47081513E-02
  0.13000000E+01  0.93999998E+00  0.45285260E-02
  0.13000000E+01  0.95999998E+00  0.46055856E-02
  0.13000000E+01  0.97999998E+00  0.46845789E-02
  0.13000000E+01  0.99999998E+00  0.47667279E-02
  0.13000000E+01  0.10200000E+01  0.48532595E-02
  0.13000000E+01  0.10400000E+01  0.49453391E-02
  0.13000000E+01  0.10600000E+01  0.50439941E-02
  0.13000000E+01  0.10800000E+01  0.51500264E-02
  0.13000000E+01  0.11000000E+01  0.52639191E-02
  0.13000000E+01  0.11200000E+01  0.53857393E-02
  0.13000000E+01  0.11400000E+01  0.55150430E-02
  0.13000000E+01  0.11600000E+01  0.56507893E-02
  0.13000000E+01  0.11800000E+01  0.57912708E-02
  0.13000000E+01  0.12000000E+01  0.59340736E-02
  0.13000000E+01  0.12200000E+01  0.60760765E-02
  0.13000000E+01  0.12400000E+01  0.62135059E-02
  0.13000000E+01  0.12600000E+01  0.63420613E-02
  0.13000000E+01  0.12800000E+01  0.64571279E-02
  0.13000000E+01  0.13000000E+01  0.65540933E-02
  0.13000000E+01  0.13200000E+01  0.66287802E-02
  0.13000000E+01  0.13400000E+01  0.66780047E-02
  0.13000000E+01  0.13600000E+01  0.67002552E-02
  0.13000000E+01  0.13800000E+01  0.66964684E-02
  0.13000000E+01  0.14000000E+01  0.66708467E-02
  0.13000000E+01  0.14200000E+01  0.66315990E-02
  0.13000000E+01  0.14400000E+01  0.65913845E-02
  0.13000000E+01  0.14600000E+01  0.65670369E-02
  0.13000000E+01  0.14800000E+01  0.65776998E-02
  0.13000000E+01  0.15000000E+01  0.66393100E-02
  0.13000000E+01  0.15200000E+01  0.67486406E-02
  0.13000000E+01  0.15400000E+01  0.67996789E-02
  0.13000000E+01  0.15600000E+01  0.68213880E-02
  0.13000000E+01  0.15800000E+01  0.69584727E-02
  0.13000000E+01  0.16000000E+01  0.70963373E-02
  0.13000000E+01  0.16200000E+01  0.72341343E-02
  0.13000000E+01  0.16400000E+01  0.73709478E-02
  0.13000000E+01  0.16600000E+01  0.75058369E-02
  0.13000000E+01  0.16800000E+01  0.76378907E-02
  0.13000000E+01  0.17000000E+01  0.77662942E-02
  0.13000000E+01  0.17200000E+01  0.78904030E-02
  0.13000000E+01  0.17400000E+01  0.80098223E-02
  0.13000000E+01  0.17600000E+01  0.81244879E-02
  0.13000000E+01  0.17800000E+01  0.82347376E-02
  0.13000000E+01  0.18000000E+01  0.83413675E-02
  0.13000000E+01  0.18200000E+01  0.84456572E-02
  0.13000000E+01  0.18400000E+01  0.85493496E-02
  0.13000000E+01  0.18600000E+01  0.86545677E-02
  0.13000000E+01  0.18800000E+01  0.87636460E-02
  0.13000000E+01  0.19000000E+01  0.88788550E-02
  0.13000000E+01  0.19200000E+01  0.90019976E-02
  0.13000000E+01  0.19400000E+01  0.91338603E-02
  0.13000000E+01  0.19600000E+01  0.92735118E-02
  0.13000000E+01  0.19800000E+01  0.94174643E-02
  0.13000000E+01  0.20000000E+01  0.95587494E-02
  0.13200000E+01  0.00000000E+00  0.88824759E-03
  0.13200000E+01  0.20000000E-01  0.10526862E-02
  0.13200000E+01  0.39999999E-01  0.12069744E-02
  0.13200000E+01  0.59999999E-01  0.13488933E-02
  0.13200000E+01  0.79999998E-01  0.14768114E-02
  0.13200000E+01  0.99999998E-01  0.15900911E-02
  0.13200000E+01  0.12000000E+00  0.16895164E-02
  0.13200000E+01  0.14000000E+00  0.17776949E-02
  0.13200000E+01  0.16000000E+00  0.18593651E-02
  0.13200000E+01  0.18000000E+00  0.19414868E-02
  0.13200000E+01  0.20000000E+00  0.20329140E-02
  0.13200000E+01  0.22000000E+00  0.21432817E-02
  0.13200000E+01  0.23999999E+00  0.22803763E-02
  0.13200000E+01  0.25999999E+00  0.24442595E-02
  0.13200000E+01  0.27999999E+00  0.26127271E-02
  0.13200000E+01  0.29999999E+00  0.26883570E-02
  0.13200000E+01  0.31999999E+00  0.23648872E-02
  0.13200000E+01  0.33999999E+00  0.24963235E-02
  0.13200000E+01  0.35999999E+00  0.26252713E-02
  0.13200000E+01  0.37999999E+00  0.27507420E-02
  0.13200000E+01  0.39999999E+00  0.28718191E-02
  0.13200000E+01  0.41999999E+00  0.29877169E-02
  0.13200000E+01  0.43999999E+00  0.30978431E-02
  0.13200000E+01  0.45999999E+00  0.32018608E-02
  0.13200000E+01  0.47999999E+00  0.32997472E-02
  0.13200000E+01  0.49999999E+00  0.33918443E-02
  0.13200000E+01  0.51999999E+00  0.34788965E-02
  0.13200000E+01  0.53999999E+00  0.35620684E-02
  0.13200000E+01  0.55999999E+00  0.36429362E-02
  0.13200000E+01  0.57999999E+00  0.37234435E-02
  0.13200000E+01  0.59999999E+00  0.38058150E-02
  0.13200000E+01  0.61999999E+00  0.38924178E-02
  0.13200000E+01  0.63999999E+00  0.39855626E-02
  0.13200000E+01  0.65999999E+00  0.40872398E-02
  0.13200000E+01  0.67999998E+00  0.41987841E-02
  0.13200000E+01  0.69999998E+00  0.43204723E-02
  0.13200000E+01  0.71999998E+00  0.44510621E-02
  0.13200000E+01  0.73999998E+00  0.45872951E-02
  0.13200000E+01  0.75999998E+00  0.47234080E-02
  0.13200000E+01  0.77999998E+00  0.48507265E-02
  0.13200000E+01  0.79999998E+00  0.49574696E-02
  0.13200000E+01  0.81999998E+00  0.50289813E-02
  0.13200000E+01  0.83999998E+00  0.50487708E-02
  0.13200000E+01  0.85999998E+00  0.50010796E-02
  0.13200000E+01  0.87999998E+00  0.48765233E-02
  0.13200000E+01  0.89999998E+00  0.46849104E-02
  0.13200000E+01  0.91999998E+00  0.44947509E-02
  0.13200000E+01  0.93999998E+00  0.45705625E-02
  0.13200000E+01  0.95999998E+00  0.46480586E-02
  0.13200000E+01  0.97999998E+00  0.47284857E-02
  0.13200000E+01  0.99999998E+00  0.48130996E-02
  0.13200000E+01  0.10200000E+01  0.49030985E-02
  0.13200000E+01  0.10400000E+01  0.49995433E-02
  0.13200000E+01  0.10600000E+01  0.51032696E-02
  0.13200000E+01  0.10800000E+01  0.52147914E-02
  0.13200000E+01  0.11000000E+01  0.53342030E-02
  0.13200000E+01  0.11200000E+01  0.54610813E-02
  0.13200000E+01  0.11400000E+01  0.55943983E-02
  0.13200000E+01  0.11600000E+01  0.57324511E-02
  0.13200000E+01  0.11800000E+01  0.58728209E-02
  0.13200000E+01  0.12000000E+01  0.60123730E-02
  0.13200000E+01  0.12200000E+01  0.61473127E-02
  0.13200000E+01  0.12400000E+01  0.62733136E-02
  0.13200000E+01  0.12600000E+01  0.63857343E-02
  0.13200000E+01  0.12800000E+01  0.64799397E-02
  0.13200000E+01  0.13000000E+01  0.65517402E-02
  0.13200000E+01  0.13200000E+01  0.65979569E-02
  0.13200000E+01  0.13400000E+01  0.66171072E-02
  0.13200000E+01  0.13600000E+01  0.66101885E-02
  0.13200000E+01  0.13800000E+01  0.65814995E-02
  0.13200000E+01  0.14000000E+01  0.65393845E-02
  0.13200000E+01  0.14200000E+01  0.64966770E-02
  0.13200000E+01  0.14400000E+01  0.64704190E-02
  0.13200000E+01  0.14600000E+01  0.64799946E-02
  0.13200000E+01  0.14800000E+01  0.65416285E-02
  0.13200000E+01  0.15000000E+01  0.66525506E-02
  0.13200000E+01  0.15200000E+01  0.67087227E-02
  0.13200000E+01  0.15400000E+01  0.67338569E-02
  0.13200000E+01  0.15600000E+01  0.68710954E-02
  0.13200000E+01  0.15800000E+01  0.70092376E-02
  0.13200000E+01  0.16000000E+01  0.71473658E-02
  0.13200000E+01  0.16200000E+01  0.72844893E-02
  0.13200000E+01  0.16400000E+01  0.74195922E-02
  0.13200000E+01  0.16600000E+01  0.75516923E-02
  0.13200000E+01  0.16800000E+01  0.76799127E-02
  0.13200000E+01  0.17000000E+01  0.78035615E-02
  0.13200000E+01  0.17200000E+01  0.79222176E-02
  0.13200000E+01  0.17400000E+01  0.80358162E-02
  0.13200000E+01  0.17600000E+01  0.81447264E-02
  0.13200000E+01  0.17800000E+01  0.82498108E-02
  0.13200000E+01  0.18000000E+01  0.83524535E-02
  0.13200000E+01  0.18200000E+01  0.84545402E-02
  0.13200000E+01  0.18400000E+01  0.85583709E-02
  0.13200000E+01  0.18600000E+01  0.86664847E-02
  0.13200000E+01  0.18800000E+01  0.87813721E-02
  0.13200000E+01  0.19000000E+01  0.89050537E-02
  0.13200000E+01  0.19200000E+01  0.90385082E-02
  0.13200000E+01  0.19400000E+01  0.91809413E-02
  0.13200000E+01  0.19600000E+01  0.93289131E-02
  0.13200000E+01  0.19800000E+01  0.94753766E-02
  0.13200000E+01  0.20000000E+01  0.96087515E-02
  0.13400000E+01  0.00000000E+00  0.93487668E-03
  0.13400000E+01  0.20000000E-01  0.10937031E-02
  0.13400000E+01  0.39999999E-01  0.12401221E-02
  0.13400000E+01  0.59999999E-01  0.13723667E-02
  0.13400000E+01  0.79999998E-01  0.14896338E-02
  0.13400000E+01  0.99999998E-01  0.15925263E-02
  0.13400000E+01  0.12000000E+00  0.16834764E-02
  0.13400000E+01  0.14000000E+00  0.17670774E-02
  0.13400000E+01  0.16000000E+00  0.18502038E-02
  0.13400000E+01  0.18000000E+00  0.19417188E-02
  0.13400000E+01  0.20000000E+00  0.20514046E-02
  0.13400000E+01  0.22000000E+00  0.21873933E-02
  0.13400000E+01  0.23999999E+00  0.23503960E-02
  0.13400000E+01  0.25999999E+00  0.25194193E-02
  0.13400000E+01  0.27999999E+00  0.25999296E-02
  0.13400000E+01  0.29999999E+00  0.22922326E-02
  0.13400000E+01  0.31999999E+00  0.24249719E-02
  0.13400000E+01  0.33999999E+00  0.25553159E-02
  0.13400000E+01  0.35999999E+00  0.26822657E-02
  0.13400000E+01  0.37999999E+00  0.28048923E-02
  0.13400000E+01  0.39999999E+00  0.29223982E-02
  0.13400000E+01  0.41999999E+00  0.30341807E-02
  0.13400000E+01  0.43999999E+00  0.31398960E-02
  0.13400000E+01  0.45999999E+00  0.32395183E-02
  0.13400000E+01  0.47999999E+00  0.33333928E-02
  0.13400000E+01  0.49999999E+00  0.34222727E-02
  0.13400000E+01  0.51999999E+00  0.35073374E-02
  0.13400000E+01  0.53999999E+00  0.35901831E-02
  0.13400000E+01  0.55999999E+00  0.36727777E-02
  0.13400000E+01  0.57999999E+00  0.37573712E-02
  0.13400000E+01  0.59999999E+00  0.38463541E-02
  0.13400000E+01  0.61999999E+00  0.39420551E-02
  0.13400000E+01  0.63999999E+00  0.40464712E-02
  0.13400000E+01  0.65999999E+00  0.41609281E-02
  0.13400000E+01  0.67999998E+00  0.42856721E-02
  0.13400000E+01  0.69999998E+00  0.44194039E-02
  0.13400000E+01  0.71999998E+00  0.45587780E-02
  0.13400000E+01  0.73999998E+00  0.46979120E-02
  0.13400000E+01  0.75999998E+00  0.48279814E-02
  0.13400000E+01  0.77999998E+00  0.49370284E-02
  0.13400000E+01  0.79999998E+00  0.50102017E-02
  0.13400000E+01  0.81999998E+00  0.50308046E-02
  0.13400000E+01  0.83999998E+00  0.49828654E-02
  0.13400000E+01  0.85999998E+00  0.48567409E-02
  0.13400000E+01  0.87999998E+00  0.46616937E-02
  0.13400000E+01  0.89999998E+00  0.44621356E-02
  0.13400000E+01  0.91999998E+00  0.45371008E-02
  0.13400000E+01  0.93999998E+00  0.46135022E-02
  0.13400000E+01  0.95999998E+00  0.46926048E-02
  0.13400000E+01  0.97999998E+00  0.47756880E-02
  0.13400000E+01  0.99999998E+00  0.48639763E-02
  0.13400000E+01  0.10200000E+01  0.49585594E-02
  0.13400000E+01  0.10400000E+01  0.50603017E-02
  0.13400000E+01  0.10600000E+01  0.51697451E-02
  0.13400000E+01  0.10800000E+01  0.52870085E-02
  0.13400000E+01  0.11000000E+01  0.54116887E-02
  0.13400000E+01  0.11200000E+01  0.55427720E-02
  0.13400000E+01  0.11400000E+01  0.56785629E-02
  0.13400000E+01  0.11600000E+01  0.58166424E-02
  0.13400000E+01  0.11800000E+01  0.59538691E-02
  0.13400000E+01  0.12000000E+01  0.60864357E-02
  0.13400000E+01  0.12200000E+01  0.62099997E-02
  0.13400000E+01  0.12400000E+01  0.63199028E-02
  0.13400000E+01  0.12600000E+01  0.64114962E-02
  0.13400000E+01  0.12800000E+01  0.64805844E-02
  0.13400000E+01  0.13000000E+01  0.65239947E-02
  0.13400000E+01  0.13200000E+01  0.65402679E-02
  0.13400000E+01  0.13400000E+01  0.65304442E-02
  0.13400000E+01  0.13600000E+01  0.64988876E-02
  0.13400000E+01  0.13800000E+01  0.64540290E-02
  0.13400000E+01  0.14000000E+01  0.64088065E-02
  0.13400000E+01  0.14200000E+01  0.63803827E-02
  0.13400000E+01  0.14400000E+01  0.63882823E-02
  0.13400000E+01  0.14600000E+01  0.64489280E-02
  0.13400000E+01  0.14800000E+01  0.65599822E-02
  0.13400000E+01  0.15000000E+01  0.66195782E-02
  0.13400000E+01  0.15200000E+01  0.66474719E-02
  0.13400000E+01  0.15400000E+01  0.67844424E-02
  0.13400000E+01  0.15600000E+01  0.69224401E-02
  0.13400000E+01  0.15800000E+01  0.70604842E-02
  0.13400000E+01  0.16000000E+01  0.71975164E-02
  0.13400000E+01  0.16200000E+01  0.73324517E-02
  0.13400000E+01  0.16400000E+01  0.74642426E-02
  0.13400000E+01  0.16600000E+01  0.75919543E-02
  0.13400000E+01  0.16800000E+01  0.77148503E-02
  0.13400000E+01  0.17000000E+01  0.78324833E-02
  0.13400000E+01  0.17200000E+01  0.79447859E-02
  0.13400000E+01  0.17400000E+01  0.80521533E-02
  0.13400000E+01  0.17600000E+01  0.81555067E-02
  0.13400000E+01  0.17800000E+01  0.82563233E-02
  0.13400000E+01  0.18000000E+01  0.83566166E-02
  0.13400000E+01  0.18200000E+01  0.84588471E-02
  0.13400000E+01  0.18400000E+01  0.85657399E-02
  0.13400000E+01  0.18600000E+01  0.86799871E-02
  0.13400000E+01  0.18800000E+01  0.88038114E-02
  0.13400000E+01  0.19000000E+01  0.89383736E-02
  0.13400000E+01  0.19200000E+01  0.90830167E-02
  0.13400000E+01  0.19400000E+01  0.92343644E-02
  0.13400000E+01  0.19600000E+01  0.93853279E-02
  0.13400000E+01  0.19800000E+01  0.95241502E-02
  0.13400000E+01  0.20000000E+01  0.96337427E-02
  0.13600000E+01  0.00000000E+00  0.97691802E-03
  0.13600000E+01  0.20000000E-01  0.11280570E-02
  0.13600000E+01  0.39999999E-01  0.12648577E-02
  0.13600000E+01  0.59999999E-01  0.13863536E-02
  0.13600000E+01  0.79999998E-01  0.14929648E-02
  0.13600000E+01  0.99999998E-01  0.15869414E-02
  0.13600000E+01  0.12000000E+00  0.16727206E-02
  0.13600000E+01  0.14000000E+00  0.17570772E-02
  0.13600000E+01  0.16000000E+00  0.18488666E-02
  0.13600000E+01  0.18000000E+00  0.19580004E-02
  0.13600000E+01  0.20000000E+00  0.20929399E-02
  0.13600000E+01  0.22000000E+00  0.22550327E-02
  0.13600000E+01  0.23999999E+00  0.24244904E-02
  0.13600000E+01  0.25999999E+00  0.25096749E-02
  0.13600000E+01  0.27999999E+00  0.22175338E-02
  0.13600000E+01  0.29999999E+00  0.23515767E-02
  0.13600000E+01  0.31999999E+00  0.24833148E-02
  0.13600000E+01  0.33999999E+00  0.26117388E-02
  0.13600000E+01  0.35999999E+00  0.27359074E-02
  0.13600000E+01  0.37999999E+00  0.28550107E-02
  0.13600000E+01  0.39999999E+00  0.29684350E-02
  0.13600000E+01  0.41999999E+00  0.30758282E-02
  0.13600000E+01  0.43999999E+00  0.31771610E-02
  0.13600000E+01  0.45999999E+00  0.32727802E-02
  0.13600000E+01  0.47999999E+00  0.33634465E-02
  0.13600000E+01  0.49999999E+00  0.34503534E-02
  0.13600000E+01  0.51999999E+00  0.35351162E-02
  0.13600000E+01  0.53999999E+00  0.36197259E-02
  0.13600000E+01  0.55999999E+00  0.37064576E-02
  0.13600000E+01  0.57999999E+00  0.37977258E-02
  0.13600000E+01  0.59999999E+00  0.38958775E-02
  0.13600000E+01  0.61999999E+00  0.40029186E-02
  0.13600000E+01  0.63999999E+00  0.41201690E-02
  0.13600000E+01  0.65999999E+00  0.42478497E-02
  0.13600000E+01  0.67999998E+00  0.43846120E-02
  0.13600000E+01  0.69999998E+00  0.45270344E-02
  0.13600000E+01  0.71999998E+00  0.46691302E-02
  0.13600000E+01  0.73999998E+00  0.48019449E-02
  0.13600000E+01  0.75999998E+00  0.49133693E-02
  0.13600000E+01  0.77999998E+00  0.49883879E-02
  0.13600000E+01  0.79999998E+00  0.50101352E-02
  0.13600000E+01  0.81999998E+00  0.49624636E-02
  0.13600000E+01  0.83999998E+00  0.48355031E-02
  0.13600000E+01  0.85999998E+00  0.46379775E-02
  0.13600000E+01  0.87999998E+00  0.44302108E-02
  0.13600000E+01  0.89999998E+00  0.45047149E-02
  0.13600000E+01  0.91999998E+00  0.45804122E-02
  0.13600000E+01  0.93999998E+00  0.46585813E-02
  0.13600000E+01  0.95999998E+00  0.47405188E-02
  0.13600000E+01  0.97999998E+00  0.48274705E-02
  0.13600000E+01  0.99999998E+00  0.49205492E-02
  0.13600000E+01  0.10200000E+01  0.50206439E-02
  0.13600000E+01  0.10400000E+01  0.51283205E-02
  0.13600000E+01  0.10600000E+01  0.52437196E-02
  0.13600000E+01  0.10800000E+01  0.53664571E-02
  0.13600000E+01  0.11000000E+01  0.54955339E-02
  0.13600000E+01  0.11200000E+01  0.56292640E-02
  0.13600000E+01  0.11400000E+01  0.57652329E-02
  0.13600000E+01  0.11600000E+01  0.59002980E-02
  0.13600000E+01  0.11800000E+01  0.60306476E-02
  0.13600000E+01  0.12000000E+01  0.61519318E-02
  0.13600000E+01  0.12200000E+01  0.62594849E-02
  0.13600000E+01  0.12400000E+01  0.63486533E-02
  0.13600000E+01  0.12600000E+01  0.64152417E-02
  0.13600000E+01  0.12800000E+01  0.64560857E-02
  0.13600000E+01  0.13000000E+01  0.64697438E-02
  0.13600000E+01  0.13200000E+01  0.64572837E-02
  0.13600000E+01  0.13400000E+01  0.64231052E-02
  0.13600000E+01  0.13600000E+01  0.63756787E-02
  0.13600000E+01  0.13800000E+01  0.63279812E-02
  0.13600000E+01  0.14000000E+01  0.62972105E-02
  0.13600000E+01  0.14200000E+01  0.63029340E-02
  0.13600000E+01  0.14400000E+01  0.63616820E-02
  0.13600000E+01  0.14600000E+01  0.64715180E-02
  0.13600000E+01  0.14800000E+01  0.65329091E-02
  0.13600000E+01  0.15000000E+01  0.65629167E-02
  0.13600000E+01  0.15200000E+01  0.66992256E-02
  0.13600000E+01  0.15400000E+01  0.68366799E-02
  0.13600000E+01  0.15600000E+01  0.69742425E-02
  0.13600000E+01  0.15800000E+01  0.71107946E-02
  0.13600000E+01  0.16000000E+01  0.72451890E-02
  0.13600000E+01  0.16200000E+01  0.73763185E-02
  0.13600000E+01  0.16400000E+01  0.75031952E-02
  0.13600000E+01  0.16600000E+01  0.76250408E-02
  0.13600000E+01  0.16800000E+01  0.77413830E-02
  0.13600000E+01  0.17000000E+01  0.78521502E-02
  0.13600000E+01  0.17200000E+01  0.79577593E-02
  0.13600000E+01  0.17400000E+01  0.80591823E-02
  0.13600000E+01  0.17600000E+01  0.81579785E-02
  0.13600000E+01  0.17800000E+01  0.82562753E-02
  0.13600000E+01  0.18000000E+01  0.83566765E-02
  0.13600000E+01  0.18200000E+01  0.84620747E-02
  0.13600000E+01  0.18400000E+01  0.85753448E-02
  0.13600000E+01  0.18600000E+01  0.86988952E-02
  0.13600000E+01  0.18800000E+01  0.88340576E-02
  0.13600000E+01  0.19000000E+01  0.89803113E-02
  0.13600000E+01  0.19200000E+01  0.91343570E-02
  0.13600000E+01  0.19400000E+01  0.92890991E-02
  0.13600000E+01  0.19600000E+01  0.94326664E-02
  0.13600000E+01  0.19800000E+01  0.95477311E-02
  0.13600000E+01  0.20000000E+01  0.96116269E-02
  0.13800000E+01  0.00000000E+00  0.10125604E-02
  0.13800000E+01  0.20000000E-01  0.11541607E-02
  0.13800000E+01  0.39999999E-01  0.12801361E-02
  0.13800000E+01  0.59999999E-01  0.13907238E-02
  0.13800000E+01  0.79999998E-01  0.14879879E-02
  0.13800000E+01  0.99999998E-01  0.15762011E-02
  0.13800000E+01  0.12000000E+00  0.16620259E-02
  0.13800000E+01  0.14000000E+00  0.17542954E-02
  0.13800000E+01  0.16000000E+00  0.18630344E-02
  0.13800000E+01  0.18000000E+00  0.19970165E-02
  0.13800000E+01  0.20000000E+00  0.21582108E-02
  0.13800000E+01  0.22000000E+00  0.23280211E-02
  0.13800000E+01  0.23999999E+00  0.24176850E-02
  0.13800000E+01  0.25999999E+00  0.21407911E-02
  0.13800000E+01  0.27999999E+00  0.22761491E-02
  0.13800000E+01  0.29999999E+00  0.24092888E-02
  0.13800000E+01  0.31999999E+00  0.25391906E-02
  0.13800000E+01  0.33999999E+00  0.26649005E-02
  0.13800000E+01  0.35999999E+00  0.27855952E-02
  0.13800000E+01  0.37999999E+00  0.29006490E-02
  0.13800000E+01  0.39999999E+00  0.30097004E-02
  0.13800000E+01  0.41999999E+00  0.31127151E-02
  0.13800000E+01  0.43999999E+00  0.32100400E-02
  0.13800000E+01  0.45999999E+00  0.33024426E-02
  0.13800000E+01  0.47999999E+00  0.33911289E-02
  0.13800000E+01  0.49999999E+00  0.34777327E-02
  0.13800000E+01  0.51999999E+00  0.35642677E-02
  0.13800000E+01  0.53999999E+00  0.36530341E-02
  0.13800000E+01  0.55999999E+00  0.37464709E-02
  0.13800000E+01  0.57999999E+00  0.38469450E-02
  0.13800000E+01  0.59999999E+00  0.39564738E-02
  0.13800000E+01  0.61999999E+00  0.40763750E-02
  0.13800000E+01  0.63999999E+00  0.42068497E-02
  0.13800000E+01  0.65999999E+00  0.43465080E-02
  0.13800000E+01  0.67999998E+00  0.44918629E-02
  0.13800000E+01  0.69999998E+00  0.46368382E-02
  0.13800000E+01  0.71999998E+00  0.47723679E-02
  0.13800000E+01  0.73999998E+00  0.48862161E-02
  0.13800000E+01  0.75999998E+00  0.49632327E-02
  0.13800000E+01  0.77999998E+00  0.49864179E-02
  0.13800000E+01  0.79999998E+00  0.49394856E-02
  0.13800000E+01  0.81999998E+00  0.48123717E-02
  0.13800000E+01  0.83999998E+00  0.46132803E-02
  0.13800000E+01  0.85999998E+00  0.43985267E-02
  0.13800000E+01  0.87999998E+00  0.44729330E-02
  0.13800000E+01  0.89999998E+00  0.45482998E-02
  0.13800000E+01  0.91999998E+00  0.46259131E-02
  0.13800000E+01  0.93999998E+00  0.47070819E-02
  0.13800000E+01  0.95999998E+00  0.47930675E-02
  0.13800000E+01  0.97999998E+00  0.48850012E-02
  0.13800000E+01  0.99999998E+00  0.49837916E-02
  0.13800000E+01  0.10200000E+01  0.50900245E-02
  0.13800000E+01  0.10400000E+01  0.52038600E-02
  0.13800000E+01  0.10600000E+01  0.53249313E-02
  0.13800000E+01  0.10800000E+01  0.54522536E-02
  0.13800000E+01  0.11000000E+01  0.55841523E-02
  0.13800000E+01  0.11200000E+01  0.57182206E-02
  0.13800000E+01  0.11400000E+01  0.58513208E-02
  0.13800000E+01  0.11600000E+01  0.59796433E-02
  0.13800000E+01  0.11800000E+01  0.60988394E-02
  0.13800000E+01  0.12000000E+01  0.62042451E-02
  0.13800000E+01  0.12200000E+01  0.62912099E-02
  0.13800000E+01  0.12400000E+01  0.63555455E-02
  0.13800000E+01  0.12600000E+01  0.63940978E-02
  0.13800000E+01  0.12800000E+01  0.64054386E-02
  0.13800000E+01  0.13000000E+01  0.63906490E-02
  0.13800000E+01  0.13200000E+01  0.63541369E-02
  0.13800000E+01  0.13400000E+01  0.63043686E-02
  0.13800000E+01  0.13600000E+01  0.62542968E-02
  0.13800000E+01  0.13800000E+01  0.62210726E-02
  0.13800000E+01  0.14000000E+01  0.62242111E-02
  0.13800000E+01  0.14200000E+01  0.62802596E-02
  0.13800000E+01  0.14400000E+01  0.63876447E-02
  0.13800000E+01  0.14600000E+01  0.64492984E-02
  0.13800000E+01  0.14800000E+01  0.64808050E-02
  0.13800000E+01  0.15000000E+01  0.66160940E-02
  0.13800000E+01  0.15200000E+01  0.67526365E-02
  0.13800000E+01  0.15400000E+01  0.68893464E-02
  0.13800000E+01  0.15600000E+01  0.70250509E-02
  0.13800000E+01  0.15800000E+01  0.71585476E-02
  0.13800000E+01  0.16000000E+01  0.72886753E-02
  0.13800000E+01  0.16200000E+01  0.74143982E-02
  0.13800000E+01  0.16400000E+01  0.75348998E-02
  0.13800000E+01  0.16600000E+01  0.76496838E-02
  0.13800000E+01  0.16800000E+01  0.77586737E-02
  0.13800000E+01  0.17000000E+01  0.78623041E-02
  0.13800000E+01  0.17200000E+01  0.79615906E-02
  0.13800000E+01  0.17400000E+01  0.80581643E-02
  0.13800000E+01  0.17600000E+01  0.81542526E-02
  0.13800000E+01  0.17800000E+01  0.82525857E-02
  0.13800000E+01  0.18000000E+01  0.83562052E-02
  0.13800000E+01  0.18200000E+01  0.84681500E-02
  0.13800000E+01  0.18400000E+01  0.85909965E-02
  0.13800000E+01  0.18600000E+01  0.87262355E-02
  0.13800000E+01  0.18800000E+01  0.88734798E-02
  0.13800000E+01  0.19000000E+01  0.90295191E-02
  0.13800000E+01  0.19200000E+01  0.91872839E-02
  0.13800000E+01  0.19400000E+01  0.93348483E-02
  0.13800000E+01  0.19600000E+01  0.94547375E-02
  0.13800000E+01  0.19800000E+01  0.95240449E-02
  0.13800000E+01  0.20000000E+01  0.95163478E-02
  0.14000000E+01  0.00000000E+00  0.10401238E-02
  0.14000000E+01  0.20000000E-01  0.11708417E-02
  0.14000000E+01  0.39999999E-01  0.12856724E-02
  0.14000000E+01  0.59999999E-01  0.13864919E-02
  0.14000000E+01  0.79999998E-01  0.14774027E-02
  0.14000000E+01  0.99999998E-01  0.15649459E-02
  0.14000000E+01  0.12000000E+00  0.16579196E-02
  0.14000000E+01  0.14000000E+00  0.17664473E-02
  0.14000000E+01  0.16000000E+00  0.18995994E-02
  0.14000000E+01  0.18000000E+00  0.20599495E-02
  0.14000000E+01  0.20000000E+00  0.22300729E-02
  0.14000000E+01  0.22000000E+00  0.23240383E-02
  0.14000000E+01  0.23999999E+00  0.20619999E-02
  0.14000000E+01  0.25999999E+00  0.21986962E-02
  0.14000000E+01  0.27999999E+00  0.23332565E-02
  0.14000000E+01  0.29999999E+00  0.24646501E-02
  0.14000000E+01  0.31999999E+00  0.25919098E-02
  0.14000000E+01  0.33999999E+00  0.27141978E-02
  0.14000000E+01  0.35999999E+00  0.28308746E-02
  0.14000000E+01  0.37999999E+00  0.29415678E-02
  0.14000000E+01  0.39999999E+00  0.30462366E-02
  0.14000000E+01  0.41999999E+00  0.31452267E-02
  0.14000000E+01  0.43999999E+00  0.32393105E-02
  0.14000000E+01  0.45999999E+00  0.33297056E-02
  0.14000000E+01  0.47999999E+00  0.34180635E-02
  0.14000000E+01  0.49999999E+00  0.35064205E-02
  0.14000000E+01  0.51999999E+00  0.35971023E-02
  0.14000000E+01  0.53999999E+00  0.36925732E-02
  0.14000000E+01  0.55999999E+00  0.37952221E-02
  0.14000000E+01  0.57999999E+00  0.39070805E-02
  0.14000000E+01  0.59999999E+00  0.40294686E-02
  0.14000000E+01  0.61999999E+00  0.41625736E-02
  0.14000000E+01  0.63999999E+00  0.43049721E-02
  0.14000000E+01  0.65999999E+00  0.44531224E-02
  0.14000000E+01  0.67999998E+00  0.46008727E-02
  0.14000000E+01  0.69999998E+00  0.47390639E-02
  0.14000000E+01  0.71999998E+00  0.48553557E-02
  0.14000000E+01  0.73999998E+00  0.49344914E-02
  0.14000000E+01  0.75999998E+00  0.49593698E-02
  0.14000000E+01  0.77999998E+00  0.49136020E-02
  0.14000000E+01  0.79999998E+00  0.47869644E-02
  0.14000000E+01  0.81999998E+00  0.45871684E-02
  0.14000000E+01  0.83999998E+00  0.43666597E-02
  0.14000000E+01  0.85999998E+00  0.44413059E-02
  0.14000000E+01  0.87999998E+00  0.45166928E-02
  0.14000000E+01  0.89999998E+00  0.45941096E-02
  0.14000000E+01  0.91999998E+00  0.46748724E-02
  0.14000000E+01  0.93999998E+00  0.47602530E-02
  0.14000000E+01  0.95999998E+00  0.48513962E-02
  0.14000000E+01  0.97999998E+00  0.49492257E-02
  0.14000000E+01  0.99999998E+00  0.50543434E-02
  0.14000000E+01  0.10200000E+01  0.51669257E-02
  0.14000000E+01  0.10400000E+01  0.52866211E-02
  0.14000000E+01  0.10600000E+01  0.54124590E-02
  0.14000000E+01  0.10800000E+01  0.55427772E-02
  0.14000000E+01  0.11000000E+01  0.56751798E-02
  0.14000000E+01  0.11200000E+01  0.58065383E-02
  0.14000000E+01  0.11400000E+01  0.59330519E-02
  0.14000000E+01  0.11600000E+01  0.60503808E-02
  0.14000000E+01  0.11800000E+01  0.61538709E-02
  0.14000000E+01  0.12000000E+01  0.62388833E-02
  0.14000000E+01  0.12200000E+01  0.63012427E-02
  0.14000000E+01  0.12400000E+01  0.63378081E-02
  0.14000000E+01  0.12600000E+01  0.63471608E-02
  0.14000000E+01  0.12800000E+01  0.63303827E-02
  0.14000000E+01  0.13000000E+01  0.62918646E-02
  0.14000000E+01  0.13200000E+01  0.62400274E-02
  0.14000000E+01  0.13400000E+01  0.61877403E-02
  0.14000000E+01  0.13600000E+01  0.61520296E-02
  0.14000000E+01  0.13800000E+01  0.61522658E-02
  0.14000000E+01  0.14000000E+01  0.62049241E-02
  0.14000000E+01  0.14200000E+01  0.63087502E-02
  0.14000000E+01  0.14400000E+01  0.63692423E-02
  0.14000000E+01  0.14600000E+01  0.64016733E-02
  0.14000000E+01  0.14800000E+01  0.65356248E-02
  0.14000000E+01  0.15000000E+01  0.66709241E-02
  0.14000000E+01  0.15200000E+01  0.68064425E-02
  0.14000000E+01  0.15400000E+01  0.69409604E-02
  0.14000000E+01  0.15600000E+01  0.70732265E-02
  0.14000000E+01  0.15800000E+01  0.72020320E-02
  0.14000000E+01  0.16000000E+01  0.73262979E-02
  0.14000000E+01  0.16200000E+01  0.74451734E-02
  0.14000000E+01  0.16400000E+01  0.75581401E-02
  0.14000000E+01  0.16600000E+01  0.76651160E-02
  0.14000000E+01  0.16800000E+01  0.77665500E-02
  0.14000000E+01  0.17000000E+01  0.78634947E-02
  0.14000000E+01  0.17200000E+01  0.79576427E-02
  0.14000000E+01  0.17400000E+01  0.80513083E-02
  0.14000000E+01  0.17600000E+01  0.81473318E-02
  0.14000000E+01  0.17800000E+01  0.82488851E-02
  0.14000000E+01  0.18000000E+01  0.83591515E-02
  0.14000000E+01  0.18200000E+01  0.84808580E-02
  0.14000000E+01  0.18400000E+01  0.86156417E-02
  0.14000000E+01  0.18600000E+01  0.87632444E-02
  0.14000000E+01  0.18800000E+01  0.89205552E-02
  0.14000000E+01  0.19000000E+01  0.90805607E-02
  0.14000000E+01  0.19200000E+01  0.92313373E-02
  0.14000000E+01  0.19400000E+01  0.93553524E-02
  0.14000000E+01  0.19600000E+01  0.94295821E-02
  0.14000000E+01  0.19800000E+01  0.94274370E-02
  0.14000000E+01  0.20000000E+01  0.93246043E-02
  0.14200000E+01  0.00000000E+00  0.10583056E-02
  0.14200000E+01  0.20000000E-01  0.11776569E-02
  0.14200000E+01  0.39999999E-01  0.12823081E-02
  0.14200000E+01  0.59999999E-01  0.13761886E-02
  0.14200000E+01  0.79999998E-01  0.14657119E-02
  0.14200000E+01  0.99999998E-01  0.15596314E-02
  0.14200000E+01  0.12000000E+00  0.16681572E-02
  0.14200000E+01  0.14000000E+00  0.18006421E-02
  0.14200000E+01  0.16000000E+00  0.19602459E-02
  0.14200000E+01  0.18000000E+00  0.21306878E-02
  0.14200000E+01  0.20000000E+00  0.22287988E-02
  0.14200000E+01  0.22000000E+00  0.19811486E-02
  0.14200000E+01  0.23999999E+00  0.21192191E-02
  0.14200000E+01  0.25999999E+00  0.22552312E-02
  0.14200000E+01  0.27999999E+00  0.23881430E-02
  0.14200000E+01  0.29999999E+00  0.25169724E-02
  0.14200000E+01  0.31999999E+00  0.26408655E-02
  0.14200000E+01  0.33999999E+00  0.27591676E-02
  0.14200000E+01  0.35999999E+00  0.28714934E-02
  0.14200000E+01  0.37999999E+00  0.29777933E-02
  0.14200000E+01  0.39999999E+00  0.30784099E-02
  0.14200000E+01  0.41999999E+00  0.31741191E-02
  0.14200000E+01  0.43999999E+00  0.32661488E-02
  0.14200000E+01  0.45999999E+00  0.33561675E-02
  0.14200000E+01  0.47999999E+00  0.34462339E-02
  0.14200000E+01  0.49999999E+00  0.35386998E-02
  0.14200000E+01  0.51999999E+00  0.36360562E-02
  0.14200000E+01  0.53999999E+00  0.37407164E-02
  0.14200000E+01  0.55999999E+00  0.38547295E-02
  0.14200000E+01  0.57999999E+00  0.39794228E-02
  0.14200000E+01  0.59999999E+00  0.41149757E-02
  0.14200000E+01  0.61999999E+00  0.42599398E-02
  0.14200000E+01  0.63999999E+00  0.44107291E-02
  0.14200000E+01  0.65999999E+00  0.45611299E-02
  0.14200000E+01  0.67999998E+00  0.47019066E-02
  0.14200000E+01  0.69999998E+00  0.48206361E-02
  0.14200000E+01  0.71999998E+00  0.49019813E-02
  0.14200000E+01  0.73999998E+00  0.49287697E-02
  0.14200000E+01  0.75999998E+00  0.48845440E-02
  0.14200000E+01  0.77999998E+00  0.47589560E-02
  0.14200000E+01  0.79999998E+00  0.45592594E-02
  0.14200000E+01  0.81999998E+00  0.43342190E-02
  0.14200000E+01  0.83999998E+00  0.44094126E-02
  0.14200000E+01  0.85999998E+00  0.44851437E-02
  0.14200000E+01  0.87999998E+00  0.45626999E-02
  0.14200000E+01  0.89999998E+00  0.46434000E-02
  0.14200000E+01  0.91999998E+00  0.47285216E-02
  0.14200000E+01  0.93999998E+00  0.48192181E-02
  0.14200000E+01  0.95999998E+00  0.49164239E-02
  0.14200000E+01  0.97999998E+00  0.50207534E-02
  0.14200000E+01  0.99999998E+00  0.51323959E-02
  0.14200000E+01  0.10200000E+01  0.52510134E-02
  0.14200000E+01  0.10400000E+01  0.53756486E-02
  0.14200000E+01  0.10600000E+01  0.55046524E-02
  0.14200000E+01  0.10800000E+01  0.56356420E-02
  0.14200000E+01  0.11000000E+01  0.57655027E-02
  0.14200000E+01  0.11200000E+01  0.58904479E-02
  0.14200000E+01  0.11400000E+01  0.60061540E-02
  0.14200000E+01  0.11600000E+01  0.61079845E-02
  0.14200000E+01  0.11800000E+01  0.61913200E-02
  0.14200000E+01  0.12000000E+01  0.62520043E-02
  0.14200000E+01  0.12200000E+01  0.62869125E-02
  0.14200000E+01  0.12400000E+01  0.62946328E-02
  0.14200000E+01  0.12600000E+01  0.62762366E-02
  0.14200000E+01  0.12800000E+01  0.62360746E-02
  0.14200000E+01  0.13000000E+01  0.61824844E-02
  0.14200000E+01  0.13200000E+01  0.61281959E-02
  0.14200000E+01  0.13400000E+01  0.60900365E-02
  0.14200000E+01  0.13600000E+01  0.60871441E-02
  0.14200000E+01  0.13800000E+01  0.61358338E-02
  0.14200000E+01  0.14000000E+01  0.62351218E-02
  0.14200000E+01  0.14200000E+01  0.62931459E-02
  0.14200000E+01  0.14400000E+01  0.63259740E-02
  0.14200000E+01  0.14600000E+01  0.64583158E-02
  0.14200000E+01  0.14800000E+01  0.65920824E-02
  0.14200000E+01  0.15000000E+01  0.67261091E-02
  0.14200000E+01  0.15200000E+01  0.68591359E-02
  0.14200000E+01  0.15400000E+01  0.69898692E-02
  0.14200000E+01  0.15600000E+01  0.71170584E-02
  0.14200000E+01  0.15800000E+01  0.72395869E-02
  0.14200000E+01  0.16000000E+01  0.73565732E-02
  0.14200000E+01  0.16200000E+01  0.74674790E-02
  0.14200000E+01  0.16400000E+01  0.75722165E-02
  0.14200000E+01  0.16600000E+01  0.76712460E-02
  0.14200000E+01  0.16800000E+01  0.77656511E-02
  0.14200000E+01  0.17000000E+01  0.78571765E-02
  0.14200000E+01  0.17200000E+01  0.79482100E-02
  0.14200000E+01  0.17400000E+01  0.80416862E-02
  0.14200000E+01  0.17600000E+01  0.81408888E-02
  0.14200000E+01  0.17800000E+01  0.82491264E-02
  0.14200000E+01  0.18000000E+01  0.83692584E-02
  0.14200000E+01  0.18200000E+01  0.85030542E-02
  0.14200000E+01  0.18400000E+01  0.86503794E-02
  0.14200000E+01  0.18600000E+01  0.88082305E-02
  0.14200000E+01  0.18800000E+01  0.89696780E-02
  0.14200000E+01  0.19000000E+01  0.91228543E-02
  0.14200000E+01  0.19200000E+01  0.92502545E-02
  0.14200000E+01  0.19400000E+01  0.93288560E-02
  0.14200000E+01  0.19600000E+01  0.93320491E-02
  0.14200000E+01  0.19800000E+01  0.92354744E-02
  0.14200000E+01  0.20000000E+01  0.90321047E-02
  0.14400000E+01  0.00000000E+00  0.10665009E-02
  0.14400000E+01  0.20000000E-01  0.11752707E-02
  0.14400000E+01  0.39999999E-01  0.12724024E-02
  0.14400000E+01  0.59999999E-01  0.13641787E-02
  0.14400000E+01  0.79999998E-01  0.14593026E-02
  0.14400000E+01  0.99999998E-01  0.15680611E-02
  0.14400000E+01  0.12000000E+00  0.17000768E-02
  0.14400000E+01  0.14000000E+00  0.18590767E-02
  0.14400000E+01  0.16000000E+00  0.20298897E-02
  0.14400000E+01  0.18000000E+00  0.21320168E-02
  0.14400000E+01  0.20000000E+00  0.18982182E-02
  0.14400000E+01  0.22000000E+00  0.20377114E-02
  0.14400000E+01  0.23999999E+00  0.21752198E-02
  0.14400000E+01  0.25999999E+00  0.23096890E-02
  0.14400000E+01  0.27999999E+00  0.24401208E-02
  0.14400000E+01  0.29999999E+00  0.25656434E-02
  0.14400000E+01  0.31999999E+00  0.26855843E-02
  0.14400000E+01  0.33999999E+00  0.27995430E-02
  0.14400000E+01  0.35999999E+00  0.29074588E-02
  0.14400000E+01  0.37999999E+00  0.30096689E-02
  0.14400000E+01  0.39999999E+00  0.31069508E-02
  0.14400000E+01  0.41999999E+00  0.32005414E-02
  0.14400000E+01  0.43999999E+00  0.32921252E-02
  0.14400000E+01  0.45999999E+00  0.33837834E-02
  0.14400000E+01  0.47999999E+00  0.34778944E-02
  0.14400000E+01  0.49999999E+00  0.35769777E-02
  0.14400000E+01  0.51999999E+00  0.36834736E-02
  0.14400000E+01  0.53999999E+00  0.37994529E-02
  0.14400000E+01  0.55999999E+00  0.39262548E-02
  0.14400000E+01  0.57999999E+00  0.40640579E-02
  0.14400000E+01  0.59999999E+00  0.42113968E-02
  0.14400000E+01  0.61999999E+00  0.43646521E-02
  0.14400000E+01  0.63999999E+00  0.45175606E-02
  0.14400000E+01  0.65999999E+00  0.46608268E-02
  0.14400000E+01  0.67999998E+00  0.47819644E-02
  0.14400000E+01  0.69999998E+00  0.48655795E-02
  0.14400000E+01  0.71999998E+00  0.48944570E-02
  0.14400000E+01  0.73999998E+00  0.48521035E-02
  0.14400000E+01  0.75999998E+00  0.47280806E-02
  0.14400000E+01  0.77999998E+00  0.45292250E-02
  0.14400000E+01  0.79999998E+00  0.43008507E-02
  0.14400000E+01  0.81999998E+00  0.43768669E-02
  0.14400000E+01  0.83999998E+00  0.44532360E-02
  0.14400000E+01  0.85999998E+00  0.45312404E-02
  0.14400000E+01  0.87999998E+00  0.46121971E-02
  0.14400000E+01  0.89999998E+00  0.46973854E-02
  0.14400000E+01  0.91999998E+00  0.47879629E-02
  0.14400000E+01  0.93999998E+00  0.48848707E-02
  0.14400000E+01  0.95999998E+00  0.49887316E-02
  0.14400000E+01  0.97999998E+00  0.50997449E-02
  0.14400000E+01  0.99999998E+00  0.52175836E-02
  0.14400000E+01  0.10200000E+01  0.53413030E-02
  0.14400000E+01  0.10400000E+01  0.54692673E-02
  0.14400000E+01  0.10600000E+01  0.55991087E-02
  0.14400000E+01  0.10800000E+01  0.57277297E-02
  0.14400000E+01  0.11000000E+01  0.58513634E-02
  0.14400000E+01  0.11200000E+01  0.59657085E-02
  0.14400000E+01  0.11400000E+01  0.60661538E-02
  0.14400000E+01  0.11600000E+01  0.61481065E-02
  0.14400000E+01  0.11800000E+01  0.62074359E-02
  0.14400000E+01  0.12000000E+01  0.62410362E-02
  0.14400000E+01  0.12200000E+01  0.62475011E-02
  0.14400000E+01  0.12400000E+01  0.62278813E-02
  0.14400000E+01  0.12600000E+01  0.61864671E-02
  0.14400000E+01  0.12800000E+01  0.61314779E-02
  0.14400000E+01  0.13000000E+01  0.60754524E-02
  0.14400000E+01  0.13200000E+01  0.60349494E-02
  0.14400000E+01  0.13400000E+01  0.60287904E-02
  0.14400000E+01  0.13600000E+01  0.60730448E-02
  0.14400000E+01  0.13800000E+01  0.61669464E-02
  0.14400000E+01  0.14000000E+01  0.62213211E-02
  0.14400000E+01  0.14200000E+01  0.62540725E-02
  0.14400000E+01  0.14400000E+01  0.63845804E-02
  0.14400000E+01  0.14600000E+01  0.65165706E-02
  0.14400000E+01  0.14800000E+01  0.66488481E-02
  0.14400000E+01  0.15000000E+01  0.67801189E-02
  0.14400000E+01  0.15200000E+01  0.69090531E-02
  0.14400000E+01  0.15400000E+01  0.70343646E-02
  0.14400000E+01  0.15600000E+01  0.71549040E-02
  0.14400000E+01  0.15800000E+01  0.72697632E-02
  0.14400000E+01  0.16000000E+01  0.73783865E-02
  0.14400000E+01  0.16200000E+01  0.74806803E-02
  0.14400000E+01  0.16400000E+01  0.75771136E-02
  0.14400000E+01  0.16600000E+01  0.76687955E-02
  0.14400000E+01  0.16800000E+01  0.77575137E-02
  0.14400000E+01  0.17000000E+01  0.78457172E-02
  0.14400000E+01  0.17200000E+01  0.79364190E-02
  0.14400000E+01  0.17400000E+01  0.80329967E-02
  0.14400000E+01  0.17600000E+01  0.81388646E-02
  0.14400000E+01  0.17800000E+01  0.82569965E-02
  0.14400000E+01  0.18000000E+01  0.83892792E-02
  0.14400000E+01  0.18200000E+01  0.85356957E-02
  0.14400000E+01  0.18400000E+01  0.86933560E-02
  0.14400000E+01  0.18600000E+01  0.88554395E-02
  0.14400000E+01  0.18800000E+01  0.90101852E-02
  0.14400000E+01  0.19000000E+01  0.91401965E-02
  0.14400000E+01  0.19200000E+01  0.92225666E-02
  0.14400000E+01  0.19400000E+01  0.92308066E-02
  0.14400000E+01  0.19600000E+01  0.91406524E-02
  0.14400000E+01  0.19800000E+01  0.89450353E-02
  0.14400000E+01  0.20000000E+01  0.86986312E-02
  0.14600000E+01  0.00000000E+00  0.10651940E-02
  0.14600000E+01  0.20000000E-01  0.11658690E-02
  0.14600000E+01  0.39999999E-01  0.12601830E-02
  0.14600000E+01  0.59999999E-01  0.13567860E-02
  0.14600000E+01  0.79999998E-01  0.14660366E-02
  0.14600000E+01  0.99999998E-01  0.15978159E-02
  0.14600000E+01  0.12000000E+00  0.17563993E-02
  0.14600000E+01  0.14000000E+00  0.19276855E-02
  0.14600000E+01  0.16000000E+00  0.20337289E-02
  0.14600000E+01  0.18000000E+00  0.18131813E-02
  0.14600000E+01  0.20000000E+00  0.19541584E-02
  0.14600000E+01  0.22000000E+00  0.20932205E-02
  0.14600000E+01  0.23999999E+00  0.22293000E-02
  0.14600000E+01  0.25999999E+00  0.23613808E-02
  0.14600000E+01  0.27999999E+00  0.24885708E-02
  0.14600000E+01  0.29999999E+00  0.26101773E-02
  0.14600000E+01  0.31999999E+00  0.27257814E-02
  0.14600000E+01  0.33999999E+00  0.28353086E-02
  0.14600000E+01  0.35999999E+00  0.29390881E-02
  0.14600000E+01  0.37999999E+00  0.30378968E-02
  0.14600000E+01  0.39999999E+00  0.31329787E-02
  0.14600000E+01  0.41999999E+00  0.32260335E-02
  0.14600000E+01  0.43999999E+00  0.33191645E-02
  0.14600000E+01  0.45999999E+00  0.34147778E-02
  0.14600000E+01  0.47999999E+00  0.35154233E-02
  0.14600000E+01  0.49999999E+00  0.36235712E-02
  0.14600000E+01  0.51999999E+00  0.37413182E-02
  0.14600000E+01  0.53999999E+00  0.38700210E-02
  0.14600000E+01  0.55999999E+00  0.40098644E-02
  0.14600000E+01  0.57999999E+00  0.41593745E-02
  0.14600000E+01  0.59999999E+00  0.43149085E-02
  0.14600000E+01  0.61999999E+00  0.44701665E-02
  0.14600000E+01  0.63999999E+00  0.46158083E-02
  0.14600000E+01  0.65999999E+00  0.47393024E-02
  0.14600000E+01  0.67999998E+00  0.48252203E-02
  0.14600000E+01  0.69999998E+00  0.48563299E-02
  0.14600000E+01  0.71999998E+00  0.48161315E-02
  0.14600000E+01  0.73999998E+00  0.46941305E-02
  0.14600000E+01  0.75999998E+00  0.44967919E-02
  0.14600000E+01  0.77999998E+00  0.42662411E-02
  0.14600000E+01  0.79999998E+00  0.43433207E-02
  0.14600000E+01  0.81999998E+00  0.44205890E-02
  0.14600000E+01  0.83999998E+00  0.44993199E-02
  0.14600000E+01  0.85999998E+00  0.45808252E-02
  0.14600000E+01  0.87999998E+00  0.46663817E-02
  0.14600000E+01  0.89999998E+00  0.47571472E-02
  0.14600000E+01  0.91999998E+00  0.48540658E-02
  0.14600000E+01  0.93999998E+00  0.49577651E-02
  0.14600000E+01  0.95999998E+00  0.50684511E-02
  0.14600000E+01  0.97999998E+00  0.51858059E-02
  0.14600000E+01  0.99999998E+00  0.53088956E-02
  0.14600000E+01  0.10200000E+01  0.54360981E-02
  0.14600000E+01  0.10400000E+01  0.55650621E-02
  0.14600000E+01  0.10600000E+01  0.56927100E-02
  0.14600000E+01  0.10800000E+01  0.58152993E-02
  0.14600000E+01  0.11000000E+01  0.59285570E-02
  0.14600000E+01  0.11200000E+01  0.60279040E-02
  0.14600000E+01  0.11400000E+01  0.61087810E-02
  0.14600000E+01  0.11600000E+01  0.61670890E-02
  0.14600000E+01  0.11800000E+01  0.61997450E-02
  0.14600000E+01  0.12000000E+01  0.62053467E-02
  0.14600000E+01  0.12200000E+01  0.61849166E-02
  0.14600000E+01  0.12400000E+01  0.61426658E-02
  0.14600000E+01  0.12600000E+01  0.60866640E-02
  0.14600000E+01  0.12800000E+01  0.60292110E-02
  0.14600000E+01  0.13000000E+01  0.59865326E-02
  0.14600000E+01  0.13200000E+01  0.59770536E-02
  0.14600000E+01  0.13400000E+01  0.60165155E-02
  0.14600000E+01  0.13600000E+01  0.61043135E-02
  0.14600000E+01  0.13800000E+01  0.61539865E-02
  0.14600000E+01  0.14000000E+01  0.61862448E-02
  0.14600000E+01  0.14200000E+01  0.63147449E-02
  0.14600000E+01  0.14400000E+01  0.64447632E-02
  0.14600000E+01  0.14600000E+01  0.65750801E-02
  0.14600000E+01  0.14800000E+01  0.67043732E-02
  0.14600000E+01  0.15000000E+01  0.68312826E-02
  0.14600000E+01  0.15200000E+01  0.69544920E-02
  0.14600000E+01  0.15400000E+01  0.70728245E-02
  0.14600000E+01  0.15600000E+01  0.71853496E-02
  0.14600000E+01  0.15800000E+01  0.72914963E-02
  0.14600000E+01  0.16000000E+01  0.73911658E-02
  0.14600000E+01  0.16200000E+01  0.74848337E-02
  0.14600000E+01  0.16400000E+01  0.75736290E-02
  0.14600000E+01  0.16600000E+01  0.76593741E-02
  0.14600000E+01  0.16800000E+01  0.77445671E-02
  0.14600000E+01  0.17000000E+01  0.78322845E-02
  0.14600000E+01  0.17200000E+01  0.79259796E-02
  0.14600000E+01  0.17400000E+01  0.80291537E-02
  0.14600000E+01  0.17600000E+01  0.81448758E-02
  0.14600000E+01  0.17800000E+01  0.82751355E-02
  0.14600000E+01  0.18000000E+01  0.84200251E-02
  0.14600000E+01  0.18200000E+01  0.85767725E-02
  0.14600000E+01  0.18400000E+01  0.87386885E-02
  0.14600000E+01  0.18600000E+01  0.88941650E-02
  0.14600000E+01  0.18800000E+01  0.90259904E-02
  0.14600000E+01  0.19000000E+01  0.91114826E-02
  0.14600000E+01  0.19200000E+01  0.91244085E-02
  0.14600000E+01  0.19400000E+01  0.90407363E-02
  0.14600000E+01  0.19600000E+01  0.88534182E-02
  0.14600000E+01  0.19800000E+01  0.86163479E-02
  0.14600000E+01  0.20000000E+01  0.86399632E-02
  0.14800000E+01  0.00000000E+00  0.10563958E-02
  0.14800000E+01  0.20000000E-01  0.11535445E-02
  0.14800000E+01  0.39999999E-01  0.12519176E-02
  0.14800000E+01  0.59999999E-01  0.13619432E-02
  0.14800000E+01  0.79999998E-01  0.14937537E-02
  0.14800000E+01  0.99999998E-01  0.16521536E-02
  0.14800000E+01  0.12000000E+00  0.18240657E-02
  0.14800000E+01  0.14000000E+00  0.19339594E-02
  0.14800000E+01  0.16000000E+00  0.17260024E-02
  0.14800000E+01  0.18000000E+00  0.18685361E-02
  0.14800000E+01  0.20000000E+00  0.20092221E-02
  0.14800000E+01  0.22000000E+00  0.21469784E-02
  0.14800000E+01  0.23999999E+00  0.22807692E-02
  0.14800000E+01  0.25999999E+00  0.24096792E-02
  0.14800000E+01  0.27999999E+00  0.25329924E-02
  0.14800000E+01  0.29999999E+00  0.26502686E-02
  0.14800000E+01  0.31999999E+00  0.27614158E-02
  0.14800000E+01  0.33999999E+00  0.28667523E-02
  0.14800000E+01  0.35999999E+00  0.29670515E-02
  0.14800000E+01  0.37999999E+00  0.30635627E-02
  0.14800000E+01  0.39999999E+00  0.31579995E-02
  0.14800000E+01  0.41999999E+00  0.32524872E-02
  0.14800000E+01  0.43999999E+00  0.33494601E-02
  0.14800000E+01  0.45999999E+00  0.34515007E-02
  0.14800000E+01  0.47999999E+00  0.35611126E-02
  0.14800000E+01  0.49999999E+00  0.36804226E-02
  0.14800000E+01  0.51999999E+00  0.38108110E-02
  0.14800000E+01  0.53999999E+00  0.39524757E-02
  0.14800000E+01  0.55999999E+00  0.41039434E-02
  0.14800000E+01  0.57999999E+00  0.42615580E-02
  0.14800000E+01  0.59999999E+00  0.44189950E-02
  0.14800000E+01  0.61999999E+00  0.45668834E-02
  0.14800000E+01  0.63999999E+00  0.46926633E-02
  0.14800000E+01  0.65999999E+00  0.47808912E-02
  0.14800000E+01  0.67999998E+00  0.48143418E-02
  0.14800000E+01  0.69999998E+00  0.47765359E-02
  0.14800000E+01  0.71999998E+00  0.46569556E-02
  0.14800000E+01  0.73999998E+00  0.44617420E-02
  0.14800000E+01  0.75999998E+00  0.42301192E-02
  0.14800000E+01  0.77999998E+00  0.43084675E-02
  0.14800000E+01  0.79999998E+00  0.43868619E-02
  0.14800000E+01  0.81999998E+00  0.44665651E-02
  0.14800000E+01  0.83999998E+00  0.45488805E-02
  0.14800000E+01  0.85999998E+00  0.46350790E-02
  0.14800000E+01  0.87999998E+00  0.47263153E-02
  0.14800000E+01  0.89999998E+00  0.48235325E-02
  0.14800000E+01  0.91999998E+00  0.49273596E-02
  0.14800000E+01  0.93999998E+00  0.50380068E-02
  0.14800000E+01  0.95999998E+00  0.51551626E-02
  0.14800000E+01  0.97999998E+00  0.52779028E-02
  0.14800000E+01  0.99999998E+00  0.54046184E-02
  0.14800000E+01  0.10200000E+01  0.55329758E-02
  0.14800000E+01  0.10400000E+01  0.56599201E-02
  0.14800000E+01  0.10600000E+01  0.57817368E-02
  0.14800000E+01  0.10800000E+01  0.58941868E-02
  0.14800000E+01  0.11000000E+01  0.59927290E-02
  0.14800000E+01  0.11200000E+01  0.60728448E-02
  0.14800000E+01  0.11400000E+01  0.61304725E-02
  0.14800000E+01  0.11600000E+01  0.61625558E-02
  0.14800000E+01  0.11800000E+01  0.61676965E-02
  0.14800000E+01  0.12000000E+01  0.61468820E-02
  0.14800000E+01  0.12200000E+01  0.61042282E-02
  0.14800000E+01  0.12400000E+01  0.60476270E-02
  0.14800000E+01  0.12600000E+01  0.59890958E-02
  0.14800000E+01  0.12800000E+01  0.59444670E-02
  0.14800000E+01  0.13000000E+01  0.59316948E-02
  0.14800000E+01  0.13200000E+01  0.59661127E-02
  0.14800000E+01  0.13400000E+01  0.60472193E-02
  0.14800000E+01  0.13600000E+01  0.60912696E-02
  0.14800000E+01  0.13800000E+01  0.61226781E-02
  0.14800000E+01  0.14000000E+01  0.62490474E-02
  0.14800000E+01  0.14200000E+01  0.63769479E-02
  0.14800000E+01  0.14400000E+01  0.65051407E-02
  0.14800000E+01  0.14600000E+01  0.66322804E-02
  0.14800000E+01  0.14800000E+01  0.67569826E-02
  0.14800000E+01  0.15000000E+01  0.68779065E-02
  0.14800000E+01  0.15200000E+01  0.69938526E-02
  0.14800000E+01  0.15400000E+01  0.71038718E-02
  0.14800000E+01  0.15600000E+01  0.72073803E-02
  0.14800000E+01  0.15800000E+01  0.73042747E-02
  0.14800000E+01  0.16000000E+01  0.73950352E-02
  0.14800000E+01  0.16200000E+01  0.74808062E-02
  0.14800000E+01  0.16400000E+01  0.75634365E-02
  0.14800000E+01  0.16600000E+01  0.76454620E-02
  0.14800000E+01  0.16800000E+01  0.77300076E-02
  0.14800000E+01  0.17000000E+01  0.78205853E-02
  0.14800000E+01  0.17200000E+01  0.79207642E-02
  0.14800000E+01  0.17400000E+01  0.80336901E-02
  0.14800000E+01  0.17600000E+01  0.81614395E-02
  0.14800000E+01  0.17800000E+01  0.83042052E-02
  0.14800000E+01  0.18000000E+01  0.84593355E-02
  0.14800000E+01  0.18200000E+01  0.86202921E-02
  0.14800000E+01  0.18400000E+01  0.87756628E-02
  0.14800000E+01  0.18600000E+01  0.89084925E-02
  0.14800000E+01  0.18800000E+01  0.89964262E-02
  0.14800000E+01  0.19000000E+01  0.90136161E-02
  0.14800000E+01  0.19200000E+01  0.89363937E-02
  0.14800000E+01  0.19400000E+01  0.87577918E-02
  0.14800000E+01  0.19600000E+01  0.85306422E-02
  0.14800000E+01  0.19800000E+01  0.85582849E-02
  0.14800000E+01  0.20000000E+01  0.86951427E-02
  0.15000000E+01  0.00000000E+00  0.10440671E-02
  0.15000000E+01  0.20000000E-01  0.11445173E-02
  0.15000000E+01  0.39999999E-01  0.12556242E-02
  0.15000000E+01  0.59999999E-01  0.13877674E-02
  0.15000000E+01  0.79999998E-01  0.15462627E-02
  0.15000000E+01  0.99999998E-01  0.17190065E-02
  0.15000000E+01  0.12000000E+00  0.18327207E-02
  0.15000000E+01  0.14000000E+00  0.16366374E-02
  0.15000000E+01  0.16000000E+00  0.17808113E-02
  0.15000000E+01  0.18000000E+00  0.19232035E-02
  0.15000000E+01  0.20000000E+00  0.20627164E-02
  0.15000000E+01  0.22000000E+00  0.21982922E-02
  0.15000000E+01  0.23999999E+00  0.23289900E-02
  0.15000000E+01  0.25999999E+00  0.24540667E-02
  0.15000000E+01  0.27999999E+00  0.25730569E-02
  0.15000000E+01  0.29999999E+00  0.26858477E-02
  0.15000000E+01  0.31999999E+00  0.27927427E-02
  0.15000000E+01  0.33999999E+00  0.28945087E-02
  0.15000000E+01  0.35999999E+00  0.29923978E-02
  0.15000000E+01  0.37999999E+00  0.30881360E-02
  0.15000000E+01  0.39999999E+00  0.31838701E-02
  0.15000000E+01  0.41999999E+00  0.32820638E-02
  0.15000000E+01  0.43999999E+00  0.33853340E-02
  0.15000000E+01  0.45999999E+00  0.34962209E-02
  0.15000000E+01  0.47999999E+00  0.36168866E-02
  0.15000000E+01  0.49999999E+00  0.37487411E-02
  0.15000000E+01  0.51999999E+00  0.38920030E-02
  0.15000000E+01  0.53999999E+00  0.40452082E-02
  0.15000000E+01  0.55999999E+00  0.42046974E-02
  0.15000000E+01  0.57999999E+00  0.43641334E-02
  0.15000000E+01  0.59999999E+00  0.45141272E-02
  0.15000000E+01  0.61999999E+00  0.46421061E-02
  0.15000000E+01  0.63999999E+00  0.47326290E-02
  0.15000000E+01  0.65999999E+00  0.47684977E-02
  0.15000000E+01  0.67999998E+00  0.47332786E-02
  0.15000000E+01  0.69999998E+00  0.46164609E-02
  0.15000000E+01  0.71999998E+00  0.44239115E-02
  0.15000000E+01  0.73999998E+00  0.41922577E-02
  0.15000000E+01  0.75999998E+00  0.42720442E-02
  0.15000000E+01  0.77999998E+00  0.43517562E-02
  0.15000000E+01  0.79999998E+00  0.44326435E-02
  0.15000000E+01  0.81999998E+00  0.45159981E-02
  0.15000000E+01  0.83999998E+00  0.46030823E-02
  0.15000000E+01  0.85999998E+00  0.46950444E-02
  0.15000000E+01  0.87999998E+00  0.47928233E-02
  0.15000000E+01  0.89999998E+00  0.48970467E-02
  0.15000000E+01  0.91999998E+00  0.50079256E-02
  0.15000000E+01  0.93999998E+00  0.51251530E-02
  0.15000000E+01  0.95999998E+00  0.52478127E-02
  0.15000000E+01  0.97999998E+00  0.53743087E-02
  0.15000000E+01  0.99999998E+00  0.55023255E-02
  0.15000000E+01  0.10200000E+01  0.56288329E-02
  0.15000000E+01  0.10400000E+01  0.57501480E-02
  0.15000000E+01  0.10600000E+01  0.58620702E-02
  0.15000000E+01  0.10800000E+01  0.59601028E-02
  0.15000000E+01  0.11000000E+01  0.60397734E-02
  0.15000000E+01  0.11200000E+01  0.60970640E-02
  0.15000000E+01  0.11400000E+01  0.61289489E-02
  0.15000000E+01  0.11600000E+01  0.61340347E-02
  0.15000000E+01  0.11800000E+01  0.61132682E-02
  0.15000000E+01  0.12000000E+01  0.60706572E-02
  0.15000000E+01  0.12200000E+01  0.60138901E-02
  0.15000000E+01  0.12400000E+01  0.59546631E-02
  0.15000000E+01  0.12600000E+01  0.59083601E-02
  0.15000000E+01  0.12800000E+01  0.58923956E-02
  0.15000000E+01  0.13000000E+01  0.59216188E-02
  0.15000000E+01  0.13200000E+01  0.59955718E-02
  0.15000000E+01  0.13400000E+01  0.60332101E-02
  0.15000000E+01  0.13600000E+01  0.60634730E-02
  0.15000000E+01  0.13800000E+01  0.61876385E-02
  0.15000000E+01  0.14000000E+01  0.63133253E-02
  0.15000000E+01  0.14200000E+01  0.64392792E-02
  0.15000000E+01  0.14400000E+01  0.65641373E-02
  0.15000000E+01  0.14600000E+01  0.66864957E-02
  0.15000000E+01  0.14800000E+01  0.68049941E-02
  0.15000000E+01  0.15000000E+01  0.69184154E-02
  0.15000000E+01  0.15200000E+01  0.70257953E-02
  0.15000000E+01  0.15400000E+01  0.71265403E-02
  0.15000000E+01  0.15600000E+01  0.72205428E-02
  0.15000000E+01  0.15800000E+01  0.73082859E-02
  0.15000000E+01  0.16000000E+01  0.73909250E-02
  0.15000000E+01  0.16200000E+01  0.74703276E-02
  0.15000000E+01  0.16400000E+01  0.75490567E-02
  0.15000000E+01  0.16600000E+01  0.76302713E-02
  0.15000000E+01  0.16800000E+01  0.77175251E-02
  0.15000000E+01  0.17000000E+01  0.78144364E-02
  0.15000000E+01  0.17200000E+01  0.79242092E-02
  0.15000000E+01  0.17400000E+01  0.80489909E-02
  0.15000000E+01  0.17600000E+01  0.81890647E-02
  0.15000000E+01  0.17800000E+01  0.83419001E-02
  0.15000000E+01  0.18000000E+01  0.85011264E-02
  0.15000000E+01  0.18200000E+01  0.86555663E-02
  0.15000000E+01  0.18400000E+01  0.87885873E-02
  0.15000000E+01  0.18600000E+01  0.88782585E-02
  0.15000000E+01  0.18800000E+01  0.88992390E-02
  0.15000000E+01  0.19000000E+01  0.88283486E-02
  0.15000000E+01  0.19200000E+01  0.86587581E-02
  0.15000000E+01  0.19400000E+01  0.84419656E-02
  0.15000000E+01  0.19600000E+01  0.84731357E-02
  0.15000000E+01  0.19800000E+01  0.86104981E-02
  0.15000000E+01  0.20000000E+01  0.87475859E-02
  0.15200000E+01  0.00000000E+00  0.10343902E-02
  0.15200000E+01  0.20000000E-01  0.11469077E-02
  0.15200000E+01  0.39999999E-01  0.12797186E-02
  0.15200000E+01  0.59999999E-01  0.14386345E-02
  0.15200000E+01  0.79999998E-01  0.16124696E-02
  0.15200000E+01  0.99999998E-01  0.17300147E-02
  0.15200000E+01  0.12000000E+00  0.15450345E-02
  0.15200000E+01  0.14000000E+00  0.16909417E-02
  0.15200000E+01  0.16000000E+00  0.18351333E-02
  0.15200000E+01  0.18000000E+00  0.19764950E-02
  0.15200000E+01  0.20000000E+00  0.21139448E-02
  0.15200000E+01  0.22000000E+00  0.22465131E-02
  0.15200000E+01  0.23999999E+00  0.23734259E-02
  0.15200000E+01  0.25999999E+00  0.24941885E-02
  0.15200000E+01  0.27999999E+00  0.26086626E-02
  0.15200000E+01  0.29999999E+00  0.27171331E-02
  0.15200000E+01  0.31999999E+00  0.28203568E-02
  0.15200000E+01  0.33999999E+00  0.29195856E-02
  0.15200000E+01  0.35999999E+00  0.30165560E-02
  0.15200000E+01  0.37999999E+00  0.31134357E-02
  0.15200000E+01  0.39999999E+00  0.32127183E-02
  0.15200000E+01  0.41999999E+00  0.33170572E-02
  0.15200000E+01  0.43999999E+00  0.34290332E-02
  0.15200000E+01  0.45999999E+00  0.35508482E-02
  0.15200000E+01  0.47999999E+00  0.36839488E-02
  0.15200000E+01  0.49999999E+00  0.38285817E-02
  0.15200000E+01  0.51999999E+00  0.39833010E-02
  0.15200000E+01  0.53999999E+00  0.41444547E-02
  0.15200000E+01  0.55999999E+00  0.43057033E-02
  0.15200000E+01  0.57999999E+00  0.44576528E-02
  0.15200000E+01  0.59999999E+00  0.45877308E-02
  0.15200000E+01  0.61999999E+00  0.46805143E-02
  0.15200000E+01  0.63999999E+00  0.47188500E-02
  0.15200000E+01  0.65999999E+00  0.46863715E-02
  0.15200000E+01  0.67999998E+00  0.45726033E-02
  0.15200000E+01  0.69999998E+00  0.43831886E-02
  0.15200000E+01  0.71999998E+00  0.41524729E-02
  0.15200000E+01  0.73999998E+00  0.42338316E-02
  0.15200000E+01  0.75999998E+00  0.43150177E-02
  0.15200000E+01  0.77999998E+00  0.43972659E-02
  0.15200000E+01  0.79999998E+00  0.44818551E-02
  0.15200000E+01  0.81999998E+00  0.45700368E-02
  0.15200000E+01  0.83999998E+00  0.46629498E-02
  0.15200000E+01  0.85999998E+00  0.47615263E-02
  0.15200000E+01  0.87999998E+00  0.48663896E-02
  0.15200000E+01  0.89999998E+00  0.49777493E-02
  0.15200000E+01  0.91999998E+00  0.50953005E-02
  0.15200000E+01  0.93999998E+00  0.52181336E-02
  0.15200000E+01  0.95999998E+00  0.53446647E-02
  0.15200000E+01  0.97999998E+00  0.54725971E-02
  0.15200000E+01  0.99999998E+00  0.55989267E-02
  0.15200000E+01  0.10200000E+01  0.57200054E-02
  0.15200000E+01  0.10400000E+01  0.58316755E-02
  0.15200000E+01  0.10600000E+01  0.59294893E-02
  0.15200000E+01  0.10800000E+01  0.60090274E-02
  0.15200000E+01  0.11000000E+01  0.60663205E-02
  0.15200000E+01  0.11200000E+01  0.60983784E-02
  0.15200000E+01  0.11400000E+01  0.61038134E-02
  0.15200000E+01  0.11600000E+01  0.60835285E-02
  0.15200000E+01  0.11800000E+01  0.60414115E-02
  0.15200000E+01  0.12000000E+01  0.59849261E-02
  0.15200000E+01  0.12200000E+01  0.59254123E-02
  0.15200000E+01  0.12400000E+01  0.58777560E-02
  0.15200000E+01  0.12600000E+01  0.58587674E-02
  0.15200000E+01  0.12800000E+01  0.58827403E-02
  0.15200000E+01  0.13000000E+01  0.59491983E-02
  0.15200000E+01  0.13200000E+01  0.59797645E-02
  0.15200000E+01  0.13400000E+01  0.60086466E-02
  0.15200000E+01  0.13600000E+01  0.61305843E-02
  0.15200000E+01  0.13800000E+01  0.62540103E-02
  0.15200000E+01  0.14000000E+01  0.63776595E-02
  0.15200000E+01  0.14200000E+01  0.65001555E-02
  0.15200000E+01  0.14400000E+01  0.66200799E-02
  0.15200000E+01  0.14600000E+01  0.67360579E-02
  0.15200000E+01  0.14800000E+01  0.68468588E-02
  0.15200000E+01  0.15000000E+01  0.69515074E-02
  0.15200000E+01  0.15200000E+01  0.70494025E-02
  0.15200000E+01  0.15400000E+01  0.71404332E-02
  0.15200000E+01  0.15600000E+01  0.72250843E-02
  0.15200000E+01  0.15800000E+01  0.73045177E-02
  0.15200000E+01  0.16000000E+01  0.73806130E-02
  0.15200000E+01  0.16200000E+01  0.74559491E-02
  0.15200000E+01  0.16400000E+01  0.75337061E-02
  0.15200000E+01  0.16600000E+01  0.76174629E-02
  0.15200000E+01  0.16800000E+01  0.77108685E-02
  0.15200000E+01  0.17000000E+01  0.78171668E-02
  0.15200000E+01  0.17200000E+01  0.79385595E-02
  0.15200000E+01  0.17400000E+01  0.80754095E-02
  0.15200000E+01  0.17600000E+01  0.82253063E-02
  0.15200000E+01  0.17800000E+01  0.83820612E-02
  0.15200000E+01  0.18000000E+01  0.85347662E-02
  0.15200000E+01  0.18200000E+01  0.86671729E-02
  0.15200000E+01  0.18400000E+01  0.87578641E-02
  0.15200000E+01  0.18600000E+01  0.87821204E-02
  0.15200000E+01  0.18800000E+01  0.87173680E-02
  0.15200000E+01  0.19000000E+01  0.85569697E-02
  0.15200000E+01  0.19200000E+01  0.83508295E-02
  0.15200000E+01  0.19400000E+01  0.83849380E-02
  0.15200000E+01  0.19600000E+01  0.85226817E-02
  0.15200000E+01  0.19800000E+01  0.86602801E-02
  0.15200000E+01  0.20000000E+01  0.87981200E-02
  0.15400000E+01  0.00000000E+00  0.10356066E-02
  0.15400000E+01  0.20000000E-01  0.11694537E-02
  0.15400000E+01  0.39999999E-01  0.13291616E-02
  0.15400000E+01  0.59999999E-01  0.15044037E-02
  0.15400000E+01  0.79999998E-01  0.16258326E-02
  0.15400000E+01  0.99999998E-01  0.14511340E-02
  0.15400000E+01  0.12000000E+00  0.15988762E-02
  0.15400000E+01  0.14000000E+00  0.17449700E-02
  0.15400000E+01  0.16000000E+00  0.18882841E-02
  0.15400000E+01  0.18000000E+00  0.20277100E-02
  0.15400000E+01  0.20000000E+00  0.21622458E-02
  0.15400000E+01  0.22000000E+00  0.22910831E-02
  0.15400000E+01  0.23999999E+00  0.24136931E-02
  0.15400000E+01  0.25999999E+00  0.25299074E-02
  0.15400000E+01  0.27999999E+00  0.26399876E-02
  0.15400000E+01  0.29999999E+00  0.27446762E-02
  0.15400000E+01  0.31999999E+00  0.28452218E-02
  0.15400000E+01  0.33999999E+00  0.29433690E-02
  0.15400000E+01  0.35999999E+00  0.30413055E-02
  0.15400000E+01  0.37999999E+00  0.31415551E-02
  0.15400000E+01  0.39999999E+00  0.32468101E-02
  0.15400000E+01  0.41999999E+00  0.33596949E-02
  0.15400000E+01  0.43999999E+00  0.34824573E-02
  0.15400000E+01  0.45999999E+00  0.36165864E-02
  0.15400000E+01  0.47999999E+00  0.37623655E-02
  0.15400000E+01  0.49999999E+00  0.39183759E-02
  0.15400000E+01  0.51999999E+00  0.40809826E-02
  0.15400000E+01  0.53999999E+00  0.42438549E-02
  0.15400000E+01  0.55999999E+00  0.43976048E-02
  0.15400000E+01  0.57999999E+00  0.45296725E-02
  0.15400000E+01  0.59999999E+00  0.46246664E-02
  0.15400000E+01  0.61999999E+00  0.46654932E-02
  0.15400000E+01  0.63999999E+00  0.46358720E-02
  0.15400000E+01  0.65999999E+00  0.45253884E-02
  0.15400000E+01  0.67999998E+00  0.43395113E-02
  0.15400000E+01  0.69999998E+00  0.41106243E-02
  0.15400000E+01  0.71999998E+00  0.41936547E-02
  0.15400000E+01  0.73999998E+00  0.42764362E-02
  0.15400000E+01  0.75999998E+00  0.43601875E-02
  0.15400000E+01  0.77999998E+00  0.44461728E-02
  0.15400000E+01  0.79999998E+00  0.45356303E-02
  0.15400000E+01  0.81999998E+00  0.46296879E-02
  0.15400000E+01  0.83999998E+00  0.47292685E-02
  0.15400000E+01  0.85999998E+00  0.48349883E-02
  0.15400000E+01  0.87999998E+00  0.49470534E-02
  0.15400000E+01  0.89999998E+00  0.50651589E-02
  0.15400000E+01  0.91999998E+00  0.51884003E-02
  0.15400000E+01  0.93999998E+00  0.53152050E-02
  0.15400000E+01  0.95999998E+00  0.54432952E-02
  0.15400000E+01  0.97999998E+00  0.55696944E-02
  0.15400000E+01  0.99999998E+00  0.56907916E-02
  0.15400000E+01  0.10200000E+01  0.58024756E-02
  0.15400000E+01  0.10400000E+01  0.59003531E-02
  0.15400000E+01  0.10600000E+01  0.59800626E-02
  0.15400000E+01  0.10800000E+01  0.60376894E-02
  0.15400000E+01  0.11000000E+01  0.60702832E-02
  0.15400000E+01  0.11200000E+01  0.60764641E-02
  0.15400000E+01  0.11400000E+01  0.60570891E-02
  0.15400000E+01  0.11600000E+01  0.60159171E-02
  0.15400000E+01  0.11800000E+01  0.59601687E-02
  0.15400000E+01  0.12000000E+01  0.59007971E-02
  0.15400000E+01  0.12200000E+01  0.58521455E-02
  0.15400000E+01  0.12400000E+01  0.58303617E-02
  0.15400000E+01  0.12600000E+01  0.58491161E-02
  0.15400000E+01  0.12800000E+01  0.59078527E-02
  0.15400000E+01  0.13000000E+01  0.59308128E-02
  0.15400000E+01  0.13200000E+01  0.59581376E-02
  0.15400000E+01  0.13400000E+01  0.60778701E-02
  0.15400000E+01  0.13600000E+01  0.61990356E-02
  0.15400000E+01  0.13800000E+01  0.63203615E-02
  0.15400000E+01  0.14000000E+01  0.64404620E-02
  0.15400000E+01  0.14200000E+01  0.65579087E-02
  0.15400000E+01  0.14400000E+01  0.66713167E-02
  0.15400000E+01  0.14600000E+01  0.67794459E-02
  0.15400000E+01  0.14800000E+01  0.68813136E-02
  0.15400000E+01  0.15000000E+01  0.69763133E-02
  0.15400000E+01  0.15200000E+01  0.70643316E-02
  0.15400000E+01  0.15400000E+01  0.71458538E-02
  0.15400000E+01  0.15600000E+01  0.72220447E-02
  0.15400000E+01  0.15800000E+01  0.72947888E-02
  0.15400000E+01  0.16000000E+01  0.73666717E-02
  0.15400000E+01  0.16200000E+01  0.74408810E-02
  0.15400000E+01  0.16400000E+01  0.75210050E-02
  0.15400000E+01  0.16600000E+01  0.76107058E-02
  0.15400000E+01  0.16800000E+01  0.77132486E-02
  0.15400000E+01  0.17000000E+01  0.78308731E-02
  0.15400000E+01  0.17200000E+01  0.79640099E-02
  0.15400000E+01  0.17400000E+01  0.81103662E-02
  0.15400000E+01  0.17600000E+01  0.82639462E-02
  0.15400000E+01  0.17800000E+01  0.84141426E-02
  0.15400000E+01  0.18000000E+01  0.85451462E-02
  0.15400000E+01  0.18200000E+01  0.86361364E-02
  0.15400000E+01  0.18400000E+01  0.86631227E-02
  0.15400000E+01  0.18600000E+01  0.86042477E-02
  0.15400000E+01  0.18800000E+01  0.84531181E-02
  0.15400000E+01  0.19000000E+01  0.82577934E-02
  0.15400000E+01  0.19200000E+01  0.82941740E-02
  0.15400000E+01  0.19400000E+01  0.84321364E-02
  0.15400000E+01  0.19600000E+01  0.85700984E-02
  0.15400000E+01  0.19800000E+01  0.87084756E-02
  0.15400000E+01  0.20000000E+01  0.88478135E-02
  0.15600000E+01  0.00000000E+00  0.10568032E-02
  0.15600000E+01  0.20000000E-01  0.12177212E-02
  0.15600000E+01  0.39999999E-01  0.13947434E-02
  0.15600000E+01  0.59999999E-01  0.15201553E-02
  0.15600000E+01  0.79999998E-01  0.13548687E-02
  0.15600000E+01  0.99999998E-01  0.15045547E-02
  0.15600000E+01  0.12000000E+00  0.16526624E-02
  0.15600000E+01  0.14000000E+00  0.17980425E-02
  0.15600000E+01  0.16000000E+00  0.19395583E-02
  0.15600000E+01  0.18000000E+00  0.20761726E-02
  0.15600000E+01  0.20000000E+00  0.22070381E-02
  0.15600000E+01  0.22000000E+00  0.23315870E-02
  0.15600000E+01  0.23999999E+00  0.24496158E-02
  0.15600000E+01  0.25999999E+00  0.25613576E-02
  0.15600000E+01  0.27999999E+00  0.26675360E-02
  0.15600000E+01  0.29999999E+00  0.27693923E-02
  0.15600000E+01  0.31999999E+00  0.28686769E-02
  0.15600000E+01  0.33999999E+00  0.29675957E-02
  0.15600000E+01  0.35999999E+00  0.30687032E-02
  0.15600000E+01  0.37999999E+00  0.31747322E-02
  0.15600000E+01  0.39999999E+00  0.32883550E-02
  0.15600000E+01  0.41999999E+00  0.34118700E-02
  0.15600000E+01  0.43999999E+00  0.35468160E-02
  0.15600000E+01  0.45999999E+00  0.36935212E-02
  0.15600000E+01  0.47999999E+00  0.38506030E-02
  0.15600000E+01  0.49999999E+00  0.40144534E-02
  0.15600000E+01  0.51999999E+00  0.41787608E-02
  0.15600000E+01  0.53999999E+00  0.43341538E-02
  0.15600000E+01  0.55999999E+00  0.44680960E-02
  0.15600000E+01  0.57999999E+00  0.45652379E-02
  0.15600000E+01  0.59999999E+00  0.46085588E-02
  0.15600000E+01  0.61999999E+00  0.45818783E-02
  0.15600000E+01  0.63999999E+00  0.44748656E-02
  0.15600000E+01  0.65999999E+00  0.42928633E-02
  0.15600000E+01  0.67999998E+00  0.40666125E-02
  0.15600000E+01  0.69999998E+00  0.41513815E-02
  0.15600000E+01  0.71999998E+00  0.42358461E-02
  0.15600000E+01  0.73999998E+00  0.43212084E-02
  0.15600000E+01  0.75999998E+00  0.44087169E-02
  0.15600000E+01  0.77999998E+00  0.44995955E-02
  0.15600000E+01  0.79999998E+00  0.45949590E-02
  0.15600000E+01  0.81999998E+00  0.46957191E-02
  0.15600000E+01  0.83999998E+00  0.48024833E-02
  0.15600000E+01  0.85999998E+00  0.49154516E-02
  0.15600000E+01  0.87999998E+00  0.50343175E-02
  0.15600000E+01  0.89999998E+00  0.51581802E-02
  0.15600000E+01  0.91999998E+00  0.52854774E-02
  0.15600000E+01  0.93999998E+00  0.54139501E-02
  0.15600000E+01  0.95999998E+00  0.55406505E-02
  0.15600000E+01  0.97999998E+00  0.56620067E-02
  0.15600000E+01  0.99999998E+00  0.57739572E-02
  0.15600000E+01  0.10200000E+01  0.58721676E-02
  0.15600000E+01  0.10400000E+01  0.59523393E-02
  0.15600000E+01  0.10600000E+01  0.60106177E-02
  0.15600000E+01  0.10800000E+01  0.60440969E-02
  0.15600000E+01  0.11000000E+01  0.60514080E-02
  0.15600000E+01  0.11200000E+01  0.60333608E-02
  0.15600000E+01  0.11400000E+01  0.59935785E-02
  0.15600000E+01  0.11600000E+01  0.59390234E-02
  0.15600000E+01  0.11800000E+01  0.58802359E-02
  0.15600000E+01  0.12000000E+01  0.58309774E-02
  0.15600000E+01  0.12200000E+01  0.58066801E-02
  0.15600000E+01  0.12400000E+01  0.58203282E-02
  0.15600000E+01  0.12600000E+01  0.58712243E-02
  0.15600000E+01  0.12800000E+01  0.58861654E-02
  0.15600000E+01  0.13000000E+01  0.59118127E-02
  0.15600000E+01  0.13200000E+01  0.60294059E-02
  0.15600000E+01  0.13400000E+01  0.61483557E-02
  0.15600000E+01  0.13600000E+01  0.62673850E-02
  0.15600000E+01  0.13800000E+01  0.63851024E-02
  0.15600000E+01  0.14000000E+01  0.65000732E-02
  0.15600000E+01  0.14200000E+01  0.66109064E-02
  0.15600000E+01  0.14400000E+01  0.67163565E-02
  0.15600000E+01  0.14600000E+01  0.68154364E-02
  0.15600000E+01  0.14800000E+01  0.69075369E-02
  0.15600000E+01  0.15000000E+01  0.69925428E-02
  0.15600000E+01  0.15200000E+01  0.70709388E-02
  0.15600000E+01  0.15400000E+01  0.71438889E-02
  0.15600000E+01  0.15600000E+01  0.72132766E-02
  0.15600000E+01  0.15800000E+01  0.72816844E-02
  0.15600000E+01  0.16000000E+01  0.73522953E-02
  0.15600000E+01  0.16200000E+01  0.74286916E-02
  0.15600000E+01  0.16400000E+01  0.75145312E-02
  0.15600000E+01  0.16600000E+01  0.76130826E-02
  0.15600000E+01  0.16800000E+01  0.77266066E-02
  0.15600000E+01  0.17000000E+01  0.78555894E-02
  0.15600000E+01  0.17200000E+01  0.79978512E-02
  0.15600000E+01  0.17400000E+01  0.81475984E-02
  0.15600000E+01  0.17600000E+01  0.82945506E-02
  0.15600000E+01  0.17800000E+01  0.84233882E-02
  0.15600000E+01  0.18000000E+01  0.85139634E-02
  0.15600000E+01  0.18200000E+01  0.85431127E-02
  0.15600000E+01  0.18400000E+01  0.84897987E-02
  0.15600000E+01  0.18600000E+01  0.83479198E-02
  0.15600000E+01  0.18800000E+01  0.81634532E-02
  0.15600000E+01  0.19000000E+01  0.82013753E-02
  0.15600000E+01  0.19200000E+01  0.83393594E-02
  0.15600000E+01  0.19400000E+01  0.84775023E-02
  0.15600000E+01  0.19600000E+01  0.86162441E-02
  0.15600000E+01  0.19800000E+01  0.87561574E-02
  0.15600000E+01  0.20000000E+01  0.88979064E-02
  0.15800000E+01  0.00000000E+00  0.11041737E-02
  0.15800000E+01  0.20000000E-01  0.12834086E-02
  0.15800000E+01  0.39999999E-01  0.14129527E-02
  0.15800000E+01  0.59999999E-01  0.12561642E-02
  0.15800000E+01  0.79999998E-01  0.14079094E-02
  0.15800000E+01  0.99999998E-01  0.15581496E-02
  0.15800000E+01  0.12000000E+00  0.17057181E-02
  0.15800000E+01  0.14000000E+00  0.18494484E-02
  0.15800000E+01  0.16000000E+00  0.19882648E-02
  0.15800000E+01  0.18000000E+00  0.21212765E-02
  0.15800000E+01  0.20000000E+00  0.22478719E-02
  0.15800000E+01  0.22000000E+00  0.23678068E-02
  0.15800000E+01  0.23999999E+00  0.24812802E-02
  0.15800000E+01  0.25999999E+00  0.25889917E-02
  0.15800000E+01  0.27999999E+00  0.26921710E-02
  0.15800000E+01  0.29999999E+00  0.27925707E-02
  0.15800000E+01  0.31999999E+00  0.28924137E-02
  0.15800000E+01  0.33999999E+00  0.29942848E-02
  0.15800000E+01  0.35999999E+00  0.31009593E-02
  0.15800000E+01  0.37999999E+00  0.32151607E-02
  0.15800000E+01  0.39999999E+00  0.33392437E-02
  0.15800000E+01  0.41999999E+00  0.34748039E-02
  0.15800000E+01  0.43999999E+00  0.36222223E-02
  0.15800000E+01  0.45999999E+00  0.37801622E-02
  0.15800000E+01  0.47999999E+00  0.39450524E-02
  0.15800000E+01  0.49999999E+00  0.41106104E-02
  0.15800000E+01  0.51999999E+00  0.42674907E-02
  0.15800000E+01  0.53999999E+00  0.44031895E-02
  0.15800000E+01  0.55999999E+00  0.45024089E-02
  0.15800000E+01  0.57999999E+00  0.45482097E-02
  0.15800000E+01  0.59999999E+00  0.45245239E-02
  0.15800000E+01  0.61999999E+00  0.44211235E-02
  0.15800000E+01  0.63999999E+00  0.42432705E-02
  0.15800000E+01  0.65999999E+00  0.40203774E-02
  0.15800000E+01  0.67999998E+00  0.41069211E-02
  0.15800000E+01  0.69999998E+00  0.41931245E-02
  0.15800000E+01  0.71999998E+00  0.42801727E-02
  0.15800000E+01  0.73999998E+00  0.43692983E-02
  0.15800000E+01  0.75999998E+00  0.44617098E-02
  0.15800000E+01  0.77999998E+00  0.45585080E-02
  0.15800000E+01  0.79999998E+00  0.46605917E-02
  0.15800000E+01  0.81999998E+00  0.47685579E-02
  0.15800000E+01  0.83999998E+00  0.48825991E-02
  0.15800000E+01  0.85999998E+00  0.50024053E-02
  0.15800000E+01  0.87999998E+00  0.51270779E-02
  0.15800000E+01  0.89999998E+00  0.52550642E-02
  0.15800000E+01  0.91999998E+00  0.53841237E-02
  0.15800000E+01  0.93999998E+00  0.55113379E-02
  0.15800000E+01  0.95999998E+00  0.56331758E-02
  0.15800000E+01  0.97999998E+00  0.57456284E-02
  0.15800000E+01  0.99999998E+00  0.58444236E-02
  0.15800000E+01  0.10200000E+01  0.59253311E-02
  0.15800000E+01  0.10400000E+01  0.59845615E-02
  0.15800000E+01  0.10600000E+01  0.60192579E-02
  0.15800000E+01  0.10800000E+01  0.60280658E-02
  0.15800000E+01  0.11000000E+01  0.60117483E-02
  0.15800000E+01  0.11200000E+01  0.59737884E-02
  0.15800000E+01  0.11400000E+01  0.59208781E-02
  0.15800000E+01  0.11600000E+01  0.58631230E-02
  0.15800000E+01  0.11800000E+01  0.58136686E-02
  0.15800000E+01  0.12000000E+01  0.57871846E-02
  0.15800000E+01  0.12200000E+01  0.57959106E-02
  0.15800000E+01  0.12400000E+01  0.58389469E-02
  0.15800000E+01  0.12600000E+01  0.58455704E-02
  0.15800000E+01  0.12800000E+01  0.58694729E-02
  0.15800000E+01  0.13000000E+01  0.59850324E-02
  0.15800000E+01  0.13200000E+01  0.61018526E-02
  0.15800000E+01  0.13400000E+01  0.62186545E-02
  0.15800000E+01  0.13600000E+01  0.63340444E-02
  0.15800000E+01  0.13800000E+01  0.64465846E-02
  0.15800000E+01  0.14000000E+01  0.65548817E-02
  0.15800000E+01  0.14200000E+01  0.66576883E-02
  0.15800000E+01  0.14400000E+01  0.67540162E-02
  0.15800000E+01  0.14600000E+01  0.68432551E-02
  0.15800000E+01  0.14800000E+01  0.69252894E-02
  0.15800000E+01  0.15000000E+01  0.70006018E-02
  0.15800000E+01  0.15200000E+01  0.70703528E-02
  0.15800000E+01  0.15400000E+01  0.71364185E-02
  0.15800000E+01  0.15600000E+01  0.72013698E-02
  0.15800000E+01  0.15800000E+01  0.72683732E-02
  0.15800000E+01  0.16000000E+01  0.73409903E-02
  0.15800000E+01  0.16200000E+01  0.74228582E-02
  0.15800000E+01  0.16400000E+01  0.75172306E-02
  0.15800000E+01  0.16600000E+01  0.76263730E-02
  0.15800000E+01  0.16800000E+01  0.77508141E-02
  0.15800000E+01  0.17000000E+01  0.78884816E-02
  0.15800000E+01  0.17200000E+01  0.80337898E-02
  0.15800000E+01  0.17400000E+01  0.81768085E-02
  0.15800000E+01  0.17600000E+01  0.83027519E-02
  0.15800000E+01  0.17800000E+01  0.83922139E-02
  0.15800000E+01  0.18000000E+01  0.84229486E-02
  0.15800000E+01  0.18200000E+01  0.83748339E-02
  0.15800000E+01  0.18400000E+01  0.82421039E-02
  0.15800000E+01  0.18600000E+01  0.80684296E-02
  0.15800000E+01  0.18800000E+01  0.81071107E-02
  0.15800000E+01  0.19000000E+01  0.82448911E-02
  0.15800000E+01  0.19200000E+01  0.83830015E-02
  0.15800000E+01  0.19400000E+01  0.85219031E-02
  0.15800000E+01  0.19600000E+01  0.86621910E-02
  0.15800000E+01  0.19800000E+01  0.88045517E-02
  0.15800000E+01  0.20000000E+01  0.89496994E-02
  0.16000000E+01  0.00000000E+00  0.11703016E-02
  0.16000000E+01  0.20000000E-01  0.13041817E-02
  0.16000000E+01  0.39999999E-01  0.11549383E-02
  0.16000000E+01  0.59999999E-01  0.13088638E-02
  0.16000000E+01  0.79999998E-01  0.14613618E-02
  0.16000000E+01  0.99999998E-01  0.16112488E-02
  0.16000000E+01  0.12000000E+00  0.17573275E-02
  0.16000000E+01  0.14000000E+00  0.18984806E-02
  0.16000000E+01  0.16000000E+00  0.20337700E-02
  0.16000000E+01  0.18000000E+00  0.21625348E-02
  0.16000000E+01  0.20000000E+00  0.22844841E-02
  0.16000000E+01  0.22000000E+00  0.23997771E-02
  0.16000000E+01  0.23999999E+00  0.25090836E-02
  0.16000000E+01  0.25999999E+00  0.26136169E-02
  0.16000000E+01  0.27999999E+00  0.27151282E-02
  0.16000000E+01  0.29999999E+00  0.28158549E-02
  0.16000000E+01  0.31999999E+00  0.29184120E-02
  0.16000000E+01  0.33999999E+00  0.30256188E-02
  0.16000000E+01  0.35999999E+00  0.31402535E-02
  0.16000000E+01  0.37999999E+00  0.32647325E-02
  0.16000000E+01  0.39999999E+00  0.34007155E-02
  0.16000000E+01  0.41999999E+00  0.35486448E-02
  0.16000000E+01  0.43999999E+00  0.37072390E-02
  0.16000000E+01  0.45999999E+00  0.38729734E-02
  0.16000000E+01  0.47999999E+00  0.40396040E-02
  0.16000000E+01  0.49999999E+00  0.41978205E-02
  0.16000000E+01  0.51999999E+00  0.43351596E-02
  0.16000000E+01  0.53999999E+00  0.44363813E-02
  0.16000000E+01  0.55999999E+00  0.44846348E-02
  0.16000000E+01  0.57999999E+00  0.44639728E-02
  0.16000000E+01  0.59999999E+00  0.43642852E-02
  0.16000000E+01  0.61999999E+00  0.41907964E-02
  0.16000000E+01  0.63999999E+00  0.39718951E-02
  0.16000000E+01  0.65999999E+00  0.40602216E-02
  0.16000000E+01  0.67999998E+00  0.41481893E-02
  0.16000000E+01  0.69999998E+00  0.42369672E-02
  0.16000000E+01  0.71999998E+00  0.43277717E-02
  0.16000000E+01  0.73999998E+00  0.44217958E-02
  0.16000000E+01  0.75999998E+00  0.45201251E-02
  0.16000000E+01  0.77999998E+00  0.46236450E-02
  0.16000000E+01  0.79999998E+00  0.47329403E-02
  0.16000000E+01  0.81999998E+00  0.48481947E-02
  0.16000000E+01  0.83999998E+00  0.49690934E-02
  0.16000000E+01  0.85999998E+00  0.50947386E-02
  0.16000000E+01  0.87999998E+00  0.52235864E-02
  0.16000000E+01  0.89999998E+00  0.53534142E-02
  0.16000000E+01  0.91999998E+00  0.54813333E-02
  0.16000000E+01  0.93999998E+00  0.56038547E-02
  0.16000000E+01  0.95999998E+00  0.57170246E-02
  0.16000000E+01  0.97999998E+00  0.58166367E-02
  0.16000000E+01  0.99999998E+00  0.58985328E-02
  0.16000000E+01  0.10200000E+01  0.59589939E-02
  0.16000000E+01  0.10400000E+01  0.59952173E-02
  0.16000000E+01  0.10600000E+01  0.60058668E-02
  0.16000000E+01  0.10800000E+01  0.59916603E-02
  0.16000000E+01  0.11000000E+01  0.59559383E-02
  0.16000000E+01  0.11200000E+01  0.59051133E-02
  0.16000000E+01  0.11400000E+01  0.58488387E-02
  0.16000000E+01  0.11600000E+01  0.57996152E-02
  0.16000000E+01  0.11800000E+01  0.57713082E-02
  0.16000000E+01  0.12000000E+01  0.57753598E-02
  0.16000000E+01  0.12200000E+01  0.58106080E-02
  0.16000000E+01  0.12400000E+01  0.58087230E-02
  0.16000000E+01  0.12600000E+01  0.58308616E-02
  0.16000000E+01  0.12800000E+01  0.59445282E-02
  0.16000000E+01  0.13000000E+01  0.60593423E-02
  0.16000000E+01  0.13200000E+01  0.61740252E-02
  0.16000000E+01  0.13400000E+01  0.62871831E-02
  0.16000000E+01  0.13600000E+01  0.63973790E-02
  0.16000000E+01  0.13800000E+01  0.65032200E-02
  0.16000000E+01  0.14000000E+01  0.66034600E-02
  0.16000000E+01  0.14200000E+01  0.66971124E-02
  0.16000000E+01  0.14400000E+01  0.67835683E-02
  0.16000000E+01  0.14600000E+01  0.68627118E-02
  0.16000000E+01  0.14800000E+01  0.69350235E-02
  0.16000000E+01  0.15000000E+01  0.70016568E-02
  0.16000000E+01  0.15200000E+01  0.70644753E-02
  0.16000000E+01  0.15400000E+01  0.71260300E-02
  0.16000000E+01  0.15600000E+01  0.71894595E-02
  0.16000000E+01  0.15800000E+01  0.72582911E-02
  0.16000000E+01  0.16000000E+01  0.73361243E-02
  0.16000000E+01  0.16200000E+01  0.74261814E-02
  0.16000000E+01  0.16400000E+01  0.75307158E-02
  0.16000000E+01  0.16600000E+01  0.76502848E-02
  0.16000000E+01  0.16800000E+01  0.77829167E-02
  0.16000000E+01  0.17000000E+01  0.79232373E-02
  0.16000000E+01  0.17200000E+01  0.80616859E-02
  0.16000000E+01  0.17400000E+01  0.81840494E-02
  0.16000000E+01  0.17600000E+01  0.82717250E-02
  0.16000000E+01  0.17800000E+01  0.83034666E-02
  0.16000000E+01  0.18000000E+01  0.82601545E-02
  0.16000000E+01  0.18200000E+01  0.81363995E-02
  0.16000000E+01  0.18400000E+01  0.79733554E-02
  0.16000000E+01  0.18600000E+01  0.80119746E-02
  0.16000000E+01  0.18800000E+01  0.81493037E-02
  0.16000000E+01  0.19000000E+01  0.82871436E-02
  0.16000000E+01  0.19200000E+01  0.84259735E-02
  0.16000000E+01  0.19400000E+01  0.85664069E-02
  0.16000000E+01  0.19600000E+01  0.87091475E-02
  0.16000000E+01  0.19800000E+01  0.88549245E-02
  0.16000000E+01  0.20000000E+01  0.90044051E-02
  0.16200000E+01  0.00000000E+00  0.11937837E-02
  0.16200000E+01  0.20000000E-01  0.10511003E-02
  0.16200000E+01  0.39999999E-01  0.12073334E-02
  0.16200000E+01  0.59999999E-01  0.13622202E-02
  0.16200000E+01  0.79999998E-01  0.15145625E-02
  0.16200000E+01  0.99999998E-01  0.16631314E-02
  0.16200000E+01  0.12000000E+00  0.18067660E-02
  0.16200000E+01  0.14000000E+00  0.19444765E-02
  0.16200000E+01  0.16000000E+00  0.20755477E-02
  0.16200000E+01  0.18000000E+00  0.21996358E-02
  0.16200000E+01  0.20000000E+00  0.23168538E-02
  0.16200000E+01  0.22000000E+00  0.24278358E-02
  0.16200000E+01  0.23999999E+00  0.25337733E-02
  0.16200000E+01  0.25999999E+00  0.26364117E-02
  0.16200000E+01  0.27999999E+00  0.27380006E-02
  0.16200000E+01  0.29999999E+00  0.28411842E-02
  0.16200000E+01  0.31999999E+00  0.29488270E-02
  0.16200000E+01  0.33999999E+00  0.30637656E-02
  0.16200000E+01  0.35999999E+00  0.31884834E-02
  0.16200000E+01  0.37999999E+00  0.33247113E-02
  0.16200000E+01  0.39999999E+00  0.34729621E-02
  0.16200000E+01  0.41999999E+00  0.36320186E-02
  0.16200000E+01  0.43999999E+00  0.37984127E-02
  0.16200000E+01  0.45999999E+00  0.39659480E-02
  0.16200000E+01  0.47999999E+00  0.41253576E-02
  0.16200000E+01  0.49999999E+00  0.42642250E-02
  0.16200000E+01  0.51999999E+00  0.43673732E-02
  0.16200000E+01  0.53999999E+00  0.44180433E-02
  0.16200000E+01  0.55999999E+00  0.44004133E-02
  0.16200000E+01  0.57999999E+00  0.43045029E-02
  0.16200000E+01  0.59999999E+00  0.41355374E-02
  0.16200000E+01  0.61999999E+00  0.39211747E-02
  0.16200000E+01  0.63999999E+00  0.40112666E-02
  0.16200000E+01  0.65999999E+00  0.41009970E-02
  0.16200000E+01  0.67999998E+00  0.41915192E-02
  0.16200000E+01  0.69999998E+00  0.42840342E-02
  0.16200000E+01  0.71999998E+00  0.43797194E-02
  0.16200000E+01  0.73999998E+00  0.44796452E-02
  0.16200000E+01  0.75999998E+00  0.45846826E-02
  0.16200000E+01  0.77999998E+00  0.46954037E-02
  0.16200000E+01  0.79999998E+00  0.48119822E-02
  0.16200000E+01  0.81999998E+00  0.49340972E-02
  0.16200000E+01  0.83999998E+00  0.50608508E-02
  0.16200000E+01  0.85999998E+00  0.51907066E-02
  0.16200000E+01  0.87999998E+00  0.53214598E-02
  0.16200000E+01  0.89999998E+00  0.54502513E-02
  0.16200000E+01  0.91999998E+00  0.55736354E-02
  0.16200000E+01  0.93999998E+00  0.56877150E-02
  0.16200000E+01  0.95999998E+00  0.57883527E-02
  0.16200000E+01  0.97999998E+00  0.58714666E-02
  0.16200000E+01  0.99999998E+00  0.59334125E-02
  0.16200000E+01  0.10200000E+01  0.59714473E-02
  0.16200000E+01  0.10400000E+01  0.59842572E-02
  0.16200000E+01  0.10600000E+01  0.59725181E-02
  0.16200000E+01  0.10800000E+01  0.59394271E-02
  0.16200000E+01  0.11000000E+01  0.58911117E-02
  0.16200000E+01  0.11200000E+01  0.58367592E-02
  0.16200000E+01  0.11400000E+01  0.57882017E-02
  0.16200000E+01  0.11600000E+01  0.57584648E-02
  0.16200000E+01  0.11800000E+01  0.57581446E-02
  0.16200000E+01  0.12000000E+01  0.57857583E-02
  0.16200000E+01  0.12200000E+01  0.57752732E-02
  0.16200000E+01  0.12400000E+01  0.57956723E-02
  0.16200000E+01  0.12600000E+01  0.59076177E-02
  0.16200000E+01  0.12800000E+01  0.60205822E-02
  0.16200000E+01  0.13000000E+01  0.61332892E-02
  0.16200000E+01  0.13200000E+01  0.62443474E-02
  0.16200000E+01  0.13400000E+01  0.63523226E-02
  0.16200000E+01  0.13600000E+01  0.64558257E-02
  0.16200000E+01  0.13800000E+01  0.65536148E-02
  0.16200000E+01  0.14000000E+01  0.66447073E-02
  0.16200000E+01  0.14200000E+01  0.67284974E-02
  0.16200000E+01  0.14400000E+01  0.68048701E-02
  0.16200000E+01  0.14600000E+01  0.68743026E-02
  0.16200000E+01  0.14800000E+01  0.69379390E-02
  0.16200000E+01  0.15000000E+01  0.69976252E-02
  0.16200000E+01  0.15200000E+01  0.70558845E-02
  0.16200000E+01  0.15400000E+01  0.71158171E-02
  0.16200000E+01  0.15600000E+01  0.71809024E-02
  0.16200000E+01  0.15800000E+01  0.72546875E-02
  0.16200000E+01  0.16000000E+01  0.73403459E-02
  0.16200000E+01  0.16200000E+01  0.74401023E-02
  0.16200000E+01  0.16400000E+01  0.75545291E-02
  0.16200000E+01  0.16600000E+01  0.76817467E-02
  0.16200000E+01  0.16800000E+01  0.78165940E-02
  0.16200000E+01  0.17000000E+01  0.79498946E-02
  0.16200000E+01  0.17200000E+01  0.80680417E-02
  0.16200000E+01  0.17400000E+01  0.81532908E-02
  0.16200000E+01  0.17600000E+01  0.81854692E-02
  0.16200000E+01  0.17800000E+01  0.81465386E-02
  0.16200000E+01  0.18000000E+01  0.80315237E-02
  0.16200000E+01  0.18200000E+01  0.78788644E-02
  0.16200000E+01  0.18400000E+01  0.79165751E-02
  0.16200000E+01  0.18600000E+01  0.80531895E-02
  0.16200000E+01  0.18800000E+01  0.81905023E-02
  0.16200000E+01  0.19000000E+01  0.83290083E-02
  0.16200000E+01  0.19200000E+01  0.84693356E-02
  0.16200000E+01  0.19400000E+01  0.86122005E-02
  0.16200000E+01  0.19600000E+01  0.87583416E-02
  0.16200000E+01  0.19800000E+01  0.89084309E-02
  0.16200000E+01  0.20000000E+01  0.90629654E-02
  0.16400000E+01  0.00000000E+00  0.94454970E-03
  0.16400000E+01  0.20000000E-01  0.11032249E-02
  0.16400000E+01  0.39999999E-01  0.12606375E-02
  0.16400000E+01  0.59999999E-01  0.14155777E-02
  0.16400000E+01  0.79999998E-01  0.15667858E-02
  0.16400000E+01  0.99999998E-01  0.17130552E-02
  0.16400000E+01  0.12000000E+00  0.18533411E-02
  0.16400000E+01  0.14000000E+00  0.19868683E-02
  0.16400000E+01  0.16000000E+00  0.21132344E-02
  0.16400000E+01  0.18000000E+00  0.22324994E-02
  0.16400000E+01  0.20000000E+00  0.23452554E-02
  0.16400000E+01  0.22000000E+00  0.24526660E-02
  0.16400000E+01  0.23999999E+00  0.25564666E-02
  0.16400000E+01  0.25999999E+00  0.26589154E-02
  0.16400000E+01  0.27999999E+00  0.27626849E-02
  0.16400000E+01  0.29999999E+00  0.28706859E-02
  0.16400000E+01  0.31999999E+00  0.29858163E-02
  0.16400000E+01  0.33999999E+00  0.31106323E-02
  0.16400000E+01  0.35999999E+00  0.32469432E-02
  0.16400000E+01  0.37999999E+00  0.33953407E-02
  0.16400000E+01  0.39999999E+00  0.35546820E-02
  0.16400000E+01  0.41999999E+00  0.37215648E-02
  0.16400000E+01  0.43999999E+00  0.38898498E-02
  0.16400000E+01  0.45999999E+00  0.40503203E-02
  0.16400000E+01  0.47999999E+00  0.41906120E-02
  0.16400000E+01  0.49999999E+00  0.42956137E-02
  0.16400000E+01  0.51999999E+00  0.43486593E-02
  0.16400000E+01  0.53999999E+00  0.43340532E-02
  0.16400000E+01  0.55999999E+00  0.42419524E-02
  0.16400000E+01  0.57999999E+00  0.40776180E-02
  0.16400000E+01  0.59999999E+00  0.38682546E-02
  0.16400000E+01  0.61999999E+00  0.39600724E-02
  0.16400000E+01  0.63999999E+00  0.40515393E-02
  0.16400000E+01  0.65999999E+00  0.41437940E-02
  0.16400000E+01  0.67999998E+00  0.42380230E-02
  0.16400000E+01  0.69999998E+00  0.43353885E-02
  0.16400000E+01  0.71999998E+00  0.44369462E-02
  0.16400000E+01  0.73999998E+00  0.45435525E-02
  0.16400000E+01  0.75999998E+00  0.46557665E-02
  0.16400000E+01  0.77999998E+00  0.47737507E-02
  0.16400000E+01  0.79999998E+00  0.48971774E-02
  0.16400000E+01  0.81999998E+00  0.50251475E-02
  0.16400000E+01  0.83999998E+00  0.51561314E-02
  0.16400000E+01  0.85999998E+00  0.52879415E-02
  0.16400000E+01  0.87999998E+00  0.54177481E-02
  0.16400000E+01  0.89999998E+00  0.55421493E-02
  0.16400000E+01  0.91999998E+00  0.56573063E-02
  0.16400000E+01  0.93999998E+00  0.57591532E-02
  0.16400000E+01  0.95999998E+00  0.58436880E-02
  0.16400000E+01  0.97999998E+00  0.59073457E-02
  0.16400000E+01  0.99999998E+00  0.59474476E-02
  0.16400000E+01  0.10200000E+01  0.59627078E-02
  0.16400000E+01  0.10400000E+01  0.59537635E-02
  0.16400000E+01  0.10600000E+01  0.59236701E-02
  0.16400000E+01  0.10800000E+01  0.58782671E-02
  0.16400000E+01  0.11000000E+01  0.58262659E-02
  0.16400000E+01  0.11200000E+01  0.57788113E-02
  0.16400000E+01  0.11400000E+01  0.57480589E-02
  0.16400000E+01  0.11600000E+01  0.57437158E-02
  0.16400000E+01  0.11800000E+01  0.57639214E-02
  0.16400000E+01  0.12000000E+01  0.57448351E-02
  0.16400000E+01  0.12200000E+01  0.57635574E-02
  0.16400000E+01  0.12400000E+01  0.58739788E-02
  0.16400000E+01  0.12600000E+01  0.59852786E-02
  0.16400000E+01  0.12800000E+01  0.60961834E-02
  0.16400000E+01  0.13000000E+01  0.62053063E-02
  0.16400000E+01  0.13200000E+01  0.63112183E-02
  0.16400000E+01  0.13400000E+01  0.64125367E-02
  0.16400000E+01  0.13600000E+01  0.65080260E-02
  0.16400000E+01  0.13800000E+01  0.65967102E-02
  0.16400000E+01  0.14000000E+01  0.66779883E-02
  0.16400000E+01  0.14200000E+01  0.67517468E-02
  0.16400000E+01  0.14400000E+01  0.68184590E-02
  0.16400000E+01  0.14600000E+01  0.68792572E-02
  0.16400000E+01  0.14800000E+01  0.69359648E-02
  0.16400000E+01  0.15000000E+01  0.69910703E-02
  0.16400000E+01  0.15200000E+01  0.70476257E-02
  0.16400000E+01  0.15400000E+01  0.71090501E-02
  0.16400000E+01  0.15600000E+01  0.71788228E-02
  0.16400000E+01  0.15800000E+01  0.72600528E-02
  0.16400000E+01  0.16000000E+01  0.73549197E-02
  0.16400000E+01  0.16200000E+01  0.74639966E-02
  0.16400000E+01  0.16400000E+01  0.75854868E-02
  0.16400000E+01  0.16600000E+01  0.77144412E-02
  0.16400000E+01  0.16800000E+01  0.78420794E-02
  0.16400000E+01  0.17000000E+01  0.79554295E-02
  0.16400000E+01  0.17200000E+01  0.80376522E-02
  0.16400000E+01  0.17400000E+01  0.80697143E-02
  0.16400000E+01  0.17600000E+01  0.80347295E-02
  0.16400000E+01  0.17800000E+01  0.79281699E-02
  0.16400000E+01  0.18000000E+01  0.77855798E-02
  0.16400000E+01  0.18200000E+01  0.78215221E-02
  0.16400000E+01  0.18400000E+01  0.79571495E-02
  0.16400000E+01  0.18600000E+01  0.80936664E-02
  0.16400000E+01  0.18800000E+01  0.82315815E-02
  0.16400000E+01  0.19000000E+01  0.83715344E-02
  0.16400000E+01  0.19200000E+01  0.85142500E-02
  0.16400000E+01  0.19400000E+01  0.86604707E-02
  0.16400000E+01  0.19600000E+01  0.88108680E-02
  0.16400000E+01  0.19800000E+01  0.89659328E-02
  0.16400000E+01  0.20000000E+01  0.91258477E-02
  0.16600000E+01  0.00000000E+00  0.99643443E-03
  0.16600000E+01  0.20000000E-01  0.11565168E-02
  0.16600000E+01  0.39999999E-01  0.13142038E-02
  0.16600000E+01  0.59999999E-01  0.14682063E-02
  0.16600000E+01  0.79999998E-01  0.16172716E-02
  0.16600000E+01  0.99999998E-01  0.17602962E-02
  0.16600000E+01  0.12000000E+00  0.18964406E-02
  0.16600000E+01  0.14000000E+00  0.20252373E-02
  0.16600000E+01  0.16000000E+00  0.21466870E-02
  0.16600000E+01  0.18000000E+00  0.22613326E-02
  0.16600000E+01  0.20000000E+00  0.23703037E-02
  0.16600000E+01  0.22000000E+00  0.24753206E-02
  0.16600000E+01  0.23999999E+00  0.25786465E-02
  0.16600000E+01  0.25999999E+00  0.26829808E-02
  0.16600000E+01  0.27999999E+00  0.27912811E-02
  0.16600000E+01  0.29999999E+00  0.29065100E-02
  0.16600000E+01  0.31999999E+00  0.30313013E-02
  0.16600000E+01  0.33999999E+00  0.31675505E-02
  0.16600000E+01  0.35999999E+00  0.33159370E-02
  0.16600000E+01  0.37999999E+00  0.34754019E-02
  0.16600000E+01  0.39999999E+00  0.36426186E-02
  0.16600000E+01  0.41999999E+00  0.38115130E-02
  0.16600000E+01  0.43999999E+00  0.39729261E-02
  0.16600000E+01  0.45999999E+00  0.41145493E-02
  0.16600000E+01  0.47999999E+00  0.42213378E-02
  0.16600000E+01  0.49999999E+00  0.42767167E-02
  0.16600000E+01  0.51999999E+00  0.42651144E-02
  0.16600000E+01  0.53999999E+00  0.41768281E-02
  0.16600000E+01  0.55999999E+00  0.40171854E-02
  0.16600000E+01  0.57999999E+00  0.38131988E-02
  0.16600000E+01  0.59999999E+00  0.39066841E-02
  0.16600000E+01  0.61999999E+00  0.39998396E-02
  0.16600000E+01  0.63999999E+00  0.40937914E-02
  0.16600000E+01  0.65999999E+00  0.41897122E-02
  0.16600000E+01  0.67999998E+00  0.42887505E-02
  0.16600000E+01  0.69999998E+00  0.43919476E-02
  0.16600000E+01  0.71999998E+00  0.45001457E-02
  0.16600000E+01  0.73999998E+00  0.46138905E-02
  0.16600000E+01  0.75999998E+00  0.47333335E-02
  0.16600000E+01  0.77999998E+00  0.48581393E-02
  0.16600000E+01  0.79999998E+00  0.49874068E-02
  0.16600000E+01  0.81999998E+00  0.51196123E-02
  0.16600000E+01  0.83999998E+00  0.52525846E-02
  0.16600000E+01  0.85999998E+00  0.53835233E-02
  0.16600000E+01  0.87999998E+00  0.55090705E-02
  0.16600000E+01  0.89999998E+00  0.56254468E-02
  0.16600000E+01  0.91999998E+00  0.57286598E-02
  0.16600000E+01  0.93999998E+00  0.58147906E-02
  0.16600000E+01  0.95999998E+00  0.58803576E-02
  0.16600000E+01  0.97999998E+00  0.59227516E-02
  0.16600000E+01  0.99999998E+00  0.59407197E-02
  0.16600000E+01  0.10200000E+01  0.59348657E-02
  0.16600000E+01  0.10400000E+01  0.59081062E-02
  0.16600000E+01  0.10600000E+01  0.58659923E-02
  0.16600000E+01  0.10800000E+01  0.58167538E-02
  0.16600000E+01  0.11000000E+01  0.57708344E-02
  0.16600000E+01  0.11200000E+01  0.57394949E-02
  0.16600000E+01  0.11400000E+01  0.57315153E-02
  0.16600000E+01  0.11600000E+01  0.57446026E-02
  0.16600000E+01  0.11800000E+01  0.57169957E-02
  0.16600000E+01  0.12000000E+01  0.57341366E-02
  0.16600000E+01  0.12200000E+01  0.58432520E-02
  0.16600000E+01  0.12400000E+01  0.59530951E-02
  0.16600000E+01  0.12600000E+01  0.60623972E-02
  0.16600000E+01  0.12800000E+01  0.61697769E-02
  0.16600000E+01  0.13000000E+01  0.62738127E-02
  0.16600000E+01  0.13200000E+01  0.63731302E-02
  0.16600000E+01  0.13400000E+01  0.64665029E-02
  0.16600000E+01  0.13600000E+01  0.65529631E-02
  0.16600000E+01  0.13800000E+01  0.66319163E-02
  0.16600000E+01  0.14000000E+01  0.67032513E-02
  0.16600000E+01  0.14200000E+01  0.67674368E-02
  0.16600000E+01  0.14400000E+01  0.68255910E-02
  0.16600000E+01  0.14600000E+01  0.68795109E-02
  0.16600000E+01  0.14800000E+01  0.69316433E-02
  0.16600000E+01  0.15000000E+01  0.69849828E-02
  0.16600000E+01  0.15200000E+01  0.70428764E-02
  0.16600000E+01  0.15400000E+01  0.71087218E-02
  0.16600000E+01  0.15600000E+01  0.71855475E-02
  0.16600000E+01  0.15800000E+01  0.72754720E-02
  0.16600000E+01  0.16000000E+01  0.73790550E-02
  0.16600000E+01  0.16200000E+01  0.74945720E-02
  0.16600000E+01  0.16400000E+01  0.76172829E-02
  0.16600000E+01  0.16600000E+01  0.77388119E-02
  0.16600000E+01  0.16800000E+01  0.78468446E-02
  0.16600000E+01  0.17000000E+01  0.79254882E-02
  0.16600000E+01  0.17200000E+01  0.79569057E-02
  0.16600000E+01  0.17400000E+01  0.79254260E-02
  0.16600000E+01  0.17600000E+01  0.78269979E-02
  0.16600000E+01  0.17800000E+01  0.76941034E-02
  0.16600000E+01  0.18000000E+01  0.77274169E-02
  0.16600000E+01  0.18200000E+01  0.78617818E-02
  0.16600000E+01  0.18400000E+01  0.79972285E-02
  0.16600000E+01  0.18600000E+01  0.81342774E-02
  0.16600000E+01  0.18800000E+01  0.82735771E-02
  0.16600000E+01  0.19000000E+01  0.84158571E-02
  0.16600000E+01  0.19200000E+01  0.85618595E-02
  0.16600000E+01  0.19400000E+01  0.87122499E-02
  0.16600000E+01  0.19600000E+01  0.88675074E-02
  0.16600000E+01  0.19800000E+01  0.90277982E-02
  0.16600000E+01  0.20000000E+01  0.91928374E-02
  0.16800000E+01  0.00000000E+00  0.10497509E-02
  0.16800000E+01  0.20000000E-01  0.12103403E-02
  0.16800000E+01  0.39999999E-01  0.13672992E-02
  0.16800000E+01  0.59999999E-01  0.15193282E-02
  0.16800000E+01  0.79999998E-01  0.16652633E-02
  0.16800000E+01  0.99999998E-01  0.18041960E-02
  0.16800000E+01  0.12000000E+00  0.19355882E-02
  0.16800000E+01  0.14000000E+00  0.20593741E-02
  0.16800000E+01  0.16000000E+00  0.21760408E-02
  0.16800000E+01  0.18000000E+00  0.22866774E-02
  0.16800000E+01  0.20000000E+00  0.23929832E-02
  0.16800000E+01  0.22000000E+00  0.24972229E-02
  0.16800000E+01  0.23999999E+00  0.26021204E-02
  0.16800000E+01  0.25999999E+00  0.27106808E-02
  0.16800000E+01  0.27999999E+00  0.28259338E-02
  0.16800000E+01  0.29999999E+00  0.29505967E-02
  0.16800000E+01  0.31999999E+00  0.30866580E-02
  0.16800000E+01  0.33999999E+00  0.32348939E-02
  0.16800000E+01  0.35999999E+00  0.33943393E-02
  0.16800000E+01  0.37999999E+00  0.35617528E-02
  0.16800000E+01  0.39999999E+00  0.37311342E-02
  0.16800000E+01  0.41999999E+00  0.38933876E-02
  0.16800000E+01  0.43999999E+00  0.40362634E-02
  0.16800000E+01  0.45999999E+00  0.41447819E-02
  0.16800000E+01  0.47999999E+00  0.42024543E-02
  0.16800000E+01  0.49999999E+00  0.41938274E-02
  0.16800000E+01  0.51999999E+00  0.41093380E-02
  0.16800000E+01  0.53999999E+00  0.39544052E-02
  0.16800000E+01  0.55999999E+00  0.37560925E-02
  0.16800000E+01  0.57999999E+00  0.38511715E-02
  0.16800000E+01  0.59999999E+00  0.39459497E-02
  0.16800000E+01  0.61999999E+00  0.40415422E-02
  0.16800000E+01  0.63999999E+00  0.41391100E-02
  0.16800000E+01  0.65999999E+00  0.42397889E-02
  0.16800000E+01  0.67999998E+00  0.43446070E-02
  0.16800000E+01  0.69999998E+00  0.44543931E-02
  0.16800000E+01  0.71999998E+00  0.45696800E-02
  0.16800000E+01  0.73999998E+00  0.46906076E-02
  0.16800000E+01  0.75999998E+00  0.48168328E-02
  0.16800000E+01  0.77999998E+00  0.49474517E-02
  0.16800000E+01  0.79999998E+00  0.50809457E-02
  0.16800000E+01  0.81999998E+00  0.52151595E-02
  0.16800000E+01  0.83999998E+00  0.53473213E-02
  0.16800000E+01  0.85999998E+00  0.54741173E-02
  0.16800000E+01  0.87999998E+00  0.55918282E-02
  0.16800000E+01  0.89999998E+00  0.56965367E-02
  0.16800000E+01  0.91999998E+00  0.57844094E-02
  0.16800000E+01  0.93999998E+00  0.58520525E-02
  0.16800000E+01  0.95999998E+00  0.58969309E-02
  0.16800000E+01  0.97999998E+00  0.59178305E-02
  0.16800000E+01  0.99999998E+00  0.59153275E-02
  0.16800000E+01  0.10200000E+01  0.58922044E-02
  0.16800000E+01  0.10400000E+01  0.58537263E-02
  0.16800000E+01  0.10600000E+01  0.58076394E-02
  0.16800000E+01  0.10800000E+01  0.57636768E-02
  0.16800000E+01  0.11000000E+01  0.57321852E-02
  0.16800000E+01  0.11200000E+01  0.57209850E-02
  0.16800000E+01  0.11400000E+01  0.57272980E-02
  0.16800000E+01  0.11600000E+01  0.56913234E-02
  0.16800000E+01  0.11800000E+01  0.57070051E-02
  0.16800000E+01  0.12000000E+01  0.58150478E-02
  0.16800000E+01  0.12200000E+01  0.59236608E-02
  0.16800000E+01  0.12400000E+01  0.60315802E-02
  0.16800000E+01  0.12600000E+01  0.61374320E-02
  0.16800000E+01  0.12800000E+01  0.62398036E-02
  0.16800000E+01  0.13000000E+01  0.63373305E-02
  0.16800000E+01  0.13200000E+01  0.64287974E-02
  0.16800000E+01  0.13400000E+01  0.65132468E-02
  0.16800000E+01  0.13600000E+01  0.65900919E-02
  0.16800000E+01  0.13800000E+01  0.66592247E-02
  0.16800000E+01  0.14000000E+01  0.67211087E-02
  0.16800000E+01  0.14200000E+01  0.67768463E-02
  0.16800000E+01  0.14400000E+01  0.68282039E-02
  0.16800000E+01  0.14600000E+01  0.68775807E-02
  0.16800000E+01  0.14800000E+01  0.69279054E-02
  0.16800000E+01  0.15000000E+01  0.69824417E-02
  0.16800000E+01  0.15200000E+01  0.70444925E-02
  0.16800000E+01  0.15400000E+01  0.71169908E-02
  0.16800000E+01  0.15600000E+01  0.72019786E-02
  0.16800000E+01  0.15800000E+01  0.72999872E-02
  0.16800000E+01  0.16000000E+01  0.74093537E-02
  0.16800000E+01  0.16200000E+01  0.75255417E-02
  0.16800000E+01  0.16400000E+01  0.76405848E-02
  0.16800000E+01  0.16600000E+01  0.77428446E-02
  0.16800000E+01  0.16800000E+01  0.78174084E-02
  0.16800000E+01  0.17000000E+01  0.78476850E-02
  0.16800000E+01  0.17200000E+01  0.78192731E-02
  0.16800000E+01  0.17400000E+01  0.77286245E-02
  0.16800000E+01  0.17600000E+01  0.76050064E-02
  0.16800000E+01  0.17800000E+01  0.76348409E-02
  0.16800000E+01  0.18000000E+01  0.77676718E-02
  0.16800000E+01  0.18200000E+01  0.79017742E-02
  0.16800000E+01  0.18400000E+01  0.80376793E-02
  0.16800000E+01  0.18600000E+01  0.81760425E-02
  0.16800000E+01  0.18800000E+01  0.83175945E-02
  0.16800000E+01  0.19000000E+01  0.84630730E-02
  0.16800000E+01  0.19200000E+01  0.86131328E-02
  0.16800000E+01  0.19400000E+01  0.87682362E-02
  0.16800000E+01  0.19600000E+01  0.89285281E-02
  0.16800000E+01  0.19800000E+01  0.90936996E-02
  0.16800000E+01  0.20000000E+01  0.92628509E-02
  0.17000000E+01  0.00000000E+00  0.11038771E-02
  0.17000000E+01  0.20000000E-01  0.12639609E-02
  0.17000000E+01  0.39999999E-01  0.14191283E-02
  0.17000000E+01  0.59999999E-01  0.15681532E-02
  0.17000000E+01  0.79999998E-01  0.17100543E-02
  0.17000000E+01  0.99999998E-01  0.18442174E-02
  0.17000000E+01  0.12000000E+00  0.19705039E-02
  0.17000000E+01  0.14000000E+00  0.20893379E-02
  0.17000000E+01  0.16000000E+00  0.22017612E-02
  0.17000000E+01  0.18000000E+00  0.23094463E-02
  0.17000000E+01  0.20000000E+00  0.24146549E-02
  0.17000000E+01  0.22000000E+00  0.25201332E-02
  0.17000000E+01  0.23999999E+00  0.26289337E-02
  0.17000000E+01  0.25999999E+00  0.27441563E-02
  0.17000000E+01  0.27999999E+00  0.28686064E-02
  0.17000000E+01  0.29999999E+00  0.30043732E-02
  0.17000000E+01  0.31999999E+00  0.31523385E-02
  0.17000000E+01  0.33999999E+00  0.33116408E-02
  0.17000000E+01  0.35999999E+00  0.34791336E-02
  0.17000000E+01  0.37999999E+00  0.36488987E-02
  0.17000000E+01  0.39999999E+00  0.38119089E-02
  0.17000000E+01  0.41999999E+00  0.39559747E-02
  0.17000000E+01  0.43999999E+00  0.40661788E-02
  0.17000000E+01  0.45999999E+00  0.41261113E-02
  0.17000000E+01  0.47999999E+00  0.41204274E-02
  0.17000000E+01  0.49999999E+00  0.40396984E-02
  0.17000000E+01  0.51999999E+00  0.38894556E-02
  0.17000000E+01  0.53999999E+00  0.36970385E-02
  0.17000000E+01  0.55999999E+00  0.37936254E-02
  0.17000000E+01  0.57999999E+00  0.38899454E-02
  0.17000000E+01  0.59999999E+00  0.39871047E-02
  0.17000000E+01  0.61999999E+00  0.40862548E-02
  0.17000000E+01  0.63999999E+00  0.41885204E-02
  0.17000000E+01  0.65999999E+00  0.42949180E-02
  0.17000000E+01  0.67999998E+00  0.44062638E-02
  0.17000000E+01  0.69999998E+00  0.45230785E-02
  0.17000000E+01  0.71999998E+00  0.46454910E-02
  0.17000000E+01  0.73999998E+00  0.47731500E-02
  0.17000000E+01  0.75999998E+00  0.49051486E-02
  0.17000000E+01  0.77999998E+00  0.50399726E-02
  0.17000000E+01  0.79999998E+00  0.51754816E-02
  0.17000000E+01  0.81999998E+00  0.53089321E-02
  0.17000000E+01  0.83999998E+00  0.54370537E-02
  0.17000000E+01  0.85999998E+00  0.55561876E-02
  0.17000000E+01  0.87999998E+00  0.56624928E-02
  0.17000000E+01  0.89999998E+00  0.57522239E-02
  0.17000000E+01  0.91999998E+00  0.58220780E-02
  0.17000000E+01  0.93999998E+00  0.58695993E-02
  0.17000000E+01  0.95999998E+00  0.58936184E-02
  0.17000000E+01  0.97999998E+00  0.58946901E-02
  0.17000000E+01  0.99999998E+00  0.58754696E-02
  0.17000000E+01  0.10200000E+01  0.58409408E-02
  0.17000000E+01  0.10400000E+01  0.57983672E-02
  0.17000000E+01  0.10600000E+01  0.57567669E-02
  0.17000000E+01  0.10800000E+01  0.57255586E-02
  0.17000000E+01  0.11000000E+01  0.57115748E-02
  0.17000000E+01  0.11200000E+01  0.57115024E-02
  0.17000000E+01  0.11400000E+01  0.56673764E-02
  0.17000000E+01  0.11600000E+01  0.56817421E-02
  0.17000000E+01  0.11800000E+01  0.57889559E-02
  0.17000000E+01  0.12000000E+01  0.58965783E-02
  0.17000000E+01  0.12200000E+01  0.60033511E-02
  0.17000000E+01  0.12400000E+01  0.61079084E-02
  0.17000000E+01  0.12600000E+01  0.62088476E-02
  0.17000000E+01  0.12800000E+01  0.63048163E-02
  0.17000000E+01  0.13000000E+01  0.63946115E-02
  0.17000000E+01  0.13200000E+01  0.64772878E-02
  0.17000000E+01  0.13400000E+01  0.65522676E-02
  0.17000000E+01  0.13600000E+01  0.66194463E-02
  0.17000000E+01  0.13800000E+01  0.66792823E-02
  0.17000000E+01  0.14000000E+01  0.67328601E-02
  0.17000000E+01  0.14200000E+01  0.67819122E-02
  0.17000000E+01  0.14400000E+01  0.68287849E-02
  0.17000000E+01  0.14600000E+01  0.68763328E-02
  0.17000000E+01  0.14800000E+01  0.69277264E-02
  0.17000000E+01  0.15000000E+01  0.69861611E-02
  0.17000000E+01  0.15200000E+01  0.70544602E-02
  0.17000000E+01  0.15400000E+01  0.71345742E-02
  0.17000000E+01  0.15600000E+01  0.72269913E-02
  0.17000000E+01  0.15800000E+01  0.73300980E-02
  0.17000000E+01  0.16000000E+01  0.74395556E-02
  0.17000000E+01  0.16200000E+01  0.75478083E-02
  0.17000000E+01  0.16400000E+01  0.76439071E-02
  0.17000000E+01  0.16600000E+01  0.77139475E-02
  0.17000000E+01  0.16800000E+01  0.77426249E-02
  0.17000000E+01  0.17000000E+01  0.77168551E-02
  0.17000000E+01  0.17200000E+01  0.76336148E-02
  0.17000000E+01  0.17400000E+01  0.75188204E-02
  0.17000000E+01  0.17600000E+01  0.75443468E-02
  0.17000000E+01  0.17800000E+01  0.76753815E-02
  0.17000000E+01  0.18000000E+01  0.78078721E-02
  0.17000000E+01  0.18200000E+01  0.79423599E-02
  0.17000000E+01  0.18400000E+01  0.80795046E-02
  0.17000000E+01  0.18600000E+01  0.82200358E-02
  0.17000000E+01  0.18800000E+01  0.83646829E-02
  0.17000000E+01  0.19000000E+01  0.85140854E-02
  0.17000000E+01  0.19200000E+01  0.86686844E-02
  0.17000000E+01  0.19400000E+01  0.88285988E-02
  0.17000000E+01  0.19600000E+01  0.89934916E-02
  0.17000000E+01  0.19800000E+01  0.91624373E-02
  0.17000000E+01  0.20000000E+01  0.93338008E-02
  0.17200000E+01  0.00000000E+00  0.11580784E-02
  0.17200000E+01  0.20000000E-01  0.13165663E-02
  0.17200000E+01  0.39999999E-01  0.14688673E-02
  0.17200000E+01  0.59999999E-01  0.16139250E-02
  0.17200000E+01  0.79999998E-01  0.17510440E-02
  0.17200000E+01  0.99999998E-01  0.18800067E-02
  0.17200000E+01  0.12000000E+00  0.20011672E-02
  0.17200000E+01  0.14000000E+00  0.21155132E-02
  0.17200000E+01  0.16000000E+00  0.22246843E-02
  0.17200000E+01  0.18000000E+00  0.23309345E-02
  0.17200000E+01  0.20000000E+00  0.24370299E-02
  0.17200000E+01  0.22000000E+00  0.25460698E-02
  0.17200000E+01  0.23999999E+00  0.26612268E-02
  0.17200000E+01  0.25999999E+00  0.27853994E-02
  0.17200000E+01  0.27999999E+00  0.29207849E-02
  0.17200000E+01  0.29999999E+00  0.30683798E-02
  0.17200000E+01  0.31999999E+00  0.32274361E-02
  0.17200000E+01  0.33999999E+00  0.33949116E-02
  0.17200000E+01  0.35999999E+00  0.35649781E-02
  0.17200000E+01  0.37999999E+00  0.37286820E-02
  0.17200000E+01  0.39999999E+00  0.38738943E-02
  0.17200000E+01  0.41999999E+00  0.39857550E-02
  0.17200000E+01  0.43999999E+00  0.40479231E-02
  0.17200000E+01  0.45999999E+00  0.40451490E-02
  0.17200000E+01  0.47999999E+00  0.39681296E-02
  0.17200000E+01  0.49999999E+00  0.38225235E-02
  0.17200000E+01  0.51999999E+00  0.36361528E-02
  0.17200000E+01  0.53999999E+00  0.37341530E-02
  0.17200000E+01  0.55999999E+00  0.38319224E-02
  0.17200000E+01  0.57999999E+00  0.39305606E-02
  0.17200000E+01  0.59999999E+00  0.40312114E-02
  0.17200000E+01  0.61999999E+00  0.41349911E-02
  0.17200000E+01  0.63999999E+00  0.42429059E-02
  0.17200000E+01  0.65999999E+00  0.43557612E-02
  0.17200000E+01  0.67999998E+00  0.44740665E-02
  0.17200000E+01  0.69999998E+00  0.45979404E-02
  0.17200000E+01  0.71999998E+00  0.47270236E-02
  0.17200000E+01  0.73999998E+00  0.48604059E-02
  0.17200000E+01  0.75999998E+00  0.49965770E-02
  0.17200000E+01  0.77999998E+00  0.51334105E-02
  0.17200000E+01  0.79999998E+00  0.52681901E-02
  0.17200000E+01  0.81999998E+00  0.53976887E-02
  0.17200000E+01  0.83999998E+00  0.55183077E-02
  0.17200000E+01  0.85999998E+00  0.56262831E-02
  0.17200000E+01  0.87999998E+00  0.57179592E-02
  0.17200000E+01  0.89999998E+00  0.57901274E-02
  0.17200000E+01  0.91999998E+00  0.58404156E-02
  0.17200000E+01  0.93999998E+00  0.58677054E-02
  0.17200000E+01  0.95999998E+00  0.58725376E-02
  0.17200000E+01  0.97999998E+00  0.58574475E-02
  0.17200000E+01  0.99999998E+00  0.58271449E-02
  0.17200000E+01  0.10200000E+01  0.57884156E-02
  0.17200000E+01  0.10400000E+01  0.57495623E-02
  0.17200000E+01  0.10600000E+01  0.57190663E-02
  0.17200000E+01  0.10800000E+01  0.57027500E-02
  0.17200000E+01  0.11000000E+01  0.56967175E-02
  0.17200000E+01  0.11200000E+01  0.56447100E-02
  0.17200000E+01  0.11400000E+01  0.56579186E-02
  0.17200000E+01  0.11600000E+01  0.57645528E-02
  0.17200000E+01  0.11800000E+01  0.58714324E-02
  0.17200000E+01  0.12000000E+01  0.59773055E-02
  0.17200000E+01  0.12200000E+01  0.60808148E-02
  0.17200000E+01  0.12400000E+01  0.61805688E-02
  0.17200000E+01  0.12600000E+01  0.62752285E-02
  0.17200000E+01  0.12800000E+01  0.63636049E-02
  0.17200000E+01  0.13000000E+01  0.64447661E-02
  0.17200000E+01  0.13200000E+01  0.65181447E-02
  0.17200000E+01  0.13400000E+01  0.65836402E-02
  0.17200000E+01  0.13600000E+01  0.66417057E-02
  0.17200000E+01  0.13800000E+01  0.66934064E-02
  0.17200000E+01  0.14000000E+01  0.67404379E-02
  0.17200000E+01  0.14200000E+01  0.67850884E-02
  0.17200000E+01  0.14400000E+01  0.68301315E-02
  0.17200000E+01  0.14600000E+01  0.68786350E-02
  0.17200000E+01  0.14800000E+01  0.69336753E-02
  0.17200000E+01  0.15000000E+01  0.69979524E-02
  0.17200000E+01  0.15200000E+01  0.70733104E-02
  0.17200000E+01  0.15400000E+01  0.71601805E-02
  0.17200000E+01  0.15600000E+01  0.72569858E-02
  0.17200000E+01  0.15800000E+01  0.73595767E-02
  0.17200000E+01  0.16000000E+01  0.74608074E-02
  0.17200000E+01  0.16200000E+01  0.75504271E-02
  0.17200000E+01  0.16400000E+01  0.76155605E-02
  0.17200000E+01  0.16600000E+01  0.76422237E-02
  0.17200000E+01  0.16800000E+01  0.76186887E-02
  0.17200000E+01  0.17000000E+01  0.75424761E-02
  0.17200000E+01  0.17200000E+01  0.74360295E-02
  0.17200000E+01  0.17400000E+01  0.74564499E-02
  0.17200000E+01  0.17600000E+01  0.75854411E-02
  0.17200000E+01  0.17800000E+01  0.77160646E-02
  0.17200000E+01  0.18000000E+01  0.78488707E-02
  0.17200000E+01  0.18200000E+01  0.79845224E-02
  0.17200000E+01  0.18400000E+01  0.81237453E-02
  0.17200000E+01  0.18600000E+01  0.82672573E-02
  0.17200000E+01  0.18800000E+01  0.84156789E-02
  0.17200000E+01  0.19000000E+01  0.85694255E-02
  0.17200000E+01  0.19200000E+01  0.87285854E-02
  0.17200000E+01  0.19400000E+01  0.88927901E-02
  0.17200000E+01  0.19600000E+01  0.90610857E-02
  0.17200000E+01  0.19800000E+01  0.92318183E-02
  0.17200000E+01  0.20000000E+01  0.94025494E-02
  0.17400000E+01  0.00000000E+00  0.12115268E-02
  0.17400000E+01  0.20000000E-01  0.13672981E-02
  0.17400000E+01  0.39999999E-01  0.15157082E-02
  0.17400000E+01  0.59999999E-01  0.16559766E-02
  0.17400000E+01  0.79999998E-01  0.17878009E-02
  0.17400000E+01  0.99999998E-01  0.19114588E-02
  0.17400000E+01  0.12000000E+00  0.20278769E-02
  0.17400000E+01  0.14000000E+00  0.21386557E-02
  0.17400000E+01  0.16000000E+00  0.22460366E-02
  0.17400000E+01  0.18000000E+00  0.23528025E-02
  0.17400000E+01  0.20000000E+00  0.24620995E-02
  0.17400000E+01  0.22000000E+00  0.25771746E-02
  0.17400000E+01  0.23999999E+00  0.27010248E-02
  0.17400000E+01  0.25999999E+00  0.28359623E-02
  0.17400000E+01  0.27999999E+00  0.29831077E-02
  0.17400000E+01  0.29999999E+00  0.31418364E-02
  0.17400000E+01  0.31999999E+00  0.33092200E-02
  0.17400000E+01  0.33999999E+00  0.34795280E-02
  0.17400000E+01  0.35999999E+00  0.36438845E-02
  0.17400000E+01  0.37999999E+00  0.37902205E-02
  0.17400000E+01  0.39999999E+00  0.39037265E-02
  0.17400000E+01  0.41999999E+00  0.39681175E-02
  0.17400000E+01  0.43999999E+00  0.39682229E-02
  0.17400000E+01  0.45999999E+00  0.38948513E-02
  0.17400000E+01  0.47999999E+00  0.37537994E-02
  0.17400000E+01  0.49999999E+00  0.35735605E-02
  0.17400000E+01  0.51999999E+00  0.36728743E-02
  0.17400000E+01  0.53999999E+00  0.37719925E-02
  0.17400000E+01  0.55999999E+00  0.38720106E-02
  0.17400000E+01  0.57999999E+00  0.39740673E-02
  0.17400000E+01  0.59999999E+00  0.40792723E-02
  0.17400000E+01  0.61999999E+00  0.41886242E-02
  0.17400000E+01  0.63999999E+00  0.43029195E-02
  0.17400000E+01  0.65999999E+00  0.44226576E-02
  0.17400000E+01  0.67999998E+00  0.45479480E-02
  0.17400000E+01  0.69999998E+00  0.46784238E-02
  0.17400000E+01  0.71999998E+00  0.48131712E-02
  0.17400000E+01  0.73999998E+00  0.49506836E-02
  0.17400000E+01  0.75999998E+00  0.50888477E-02
  0.17400000E+01  0.77999998E+00  0.52249735E-02
  0.17400000E+01  0.79999998E+00  0.53558761E-02
  0.17400000E+01  0.81999998E+00  0.54780168E-02
  0.17400000E+01  0.83999998E+00  0.55877086E-02
  0.17400000E+01  0.85999998E+00  0.56813872E-02
  0.17400000E+01  0.87999998E+00  0.57559408E-02
  0.17400000E+01  0.89999998E+00  0.58090856E-02
  0.17400000E+01  0.91999998E+00  0.58397602E-02
  0.17400000E+01  0.93999998E+00  0.58484994E-02
  0.17400000E+01  0.95999998E+00  0.58377278E-02
  0.17400000E+01  0.97999998E+00  0.58118900E-02
  0.17400000E+01  0.99999998E+00  0.57773022E-02
  0.17400000E+01  0.10200000E+01  0.57415550E-02
  0.17400000E+01  0.10400000E+01  0.57121889E-02
  0.17400000E+01  0.10600000E+01  0.56939977E-02
  0.17400000E+01  0.10800000E+01  0.56824584E-02
  0.17400000E+01  0.11000000E+01  0.56228846E-02
  0.17400000E+01  0.11200000E+01  0.56351048E-02
  0.17400000E+01  0.11400000E+01  0.57414093E-02
  0.17400000E+01  0.11600000E+01  0.58477975E-02
  0.17400000E+01  0.11800000E+01  0.59530237E-02
  0.17400000E+01  0.12000000E+01  0.60557397E-02
  0.17400000E+01  0.12200000E+01  0.61545663E-02
  0.17400000E+01  0.12400000E+01  0.62481785E-02
  0.17400000E+01  0.12600000E+01  0.63354031E-02
  0.17400000E+01  0.12800000E+01  0.64153225E-02
  0.17400000E+01  0.13000000E+01  0.64873807E-02
  0.17400000E+01  0.13200000E+01  0.65514823E-02
  0.17400000E+01  0.13400000E+01  0.66080747E-02
  0.17400000E+01  0.13600000E+01  0.66582027E-02
  0.17400000E+01  0.13800000E+01  0.67035223E-02
  0.17400000E+01  0.14000000E+01  0.67462593E-02
  0.17400000E+01  0.14200000E+01  0.67891000E-02
  0.17400000E+01  0.14400000E+01  0.68350007E-02
  0.17400000E+01  0.14600000E+01  0.68869079E-02
  0.17400000E+01  0.14800000E+01  0.69473859E-02
  0.17400000E+01  0.15000000E+01  0.70181586E-02
  0.17400000E+01  0.15200000E+01  0.70995854E-02
  0.17400000E+01  0.15400000E+01  0.71901132E-02
  0.17400000E+01  0.15600000E+01  0.72857720E-02
  0.17400000E+01  0.15800000E+01  0.73798217E-02
  0.17400000E+01  0.16000000E+01  0.74627146E-02
  0.17400000E+01  0.16200000E+01  0.75226202E-02
  0.17400000E+01  0.16400000E+01  0.75469015E-02
  0.17400000E+01  0.16600000E+01  0.75252188E-02
  0.17400000E+01  0.16800000E+01  0.74556518E-02
  0.17400000E+01  0.17000000E+01  0.73570646E-02
  0.17400000E+01  0.17200000E+01  0.73716204E-02
  0.17400000E+01  0.17400000E+01  0.74983406E-02
  0.17400000E+01  0.17600000E+01  0.76268589E-02
  0.17400000E+01  0.17800000E+01  0.77577341E-02
  0.17400000E+01  0.18000000E+01  0.78916309E-02
  0.17400000E+01  0.18200000E+01  0.80292689E-02
  0.17400000E+01  0.18400000E+01  0.81713516E-02
  0.17400000E+01  0.18600000E+01  0.83184769E-02
  0.17400000E+01  0.18800000E+01  0.84710306E-02
  0.17400000E+01  0.19000000E+01  0.86290666E-02
  0.17400000E+01  0.19200000E+01  0.87921810E-02
  0.17400000E+01  0.19400000E+01  0.89593889E-02
  0.17400000E+01  0.19600000E+01  0.91290168E-02
  0.17400000E+01  0.19800000E+01  0.92986258E-02
  0.17400000E+01  0.20000000E+01  0.94649861E-02
  0.17600000E+01  0.00000000E+00  0.12633296E-02
  0.17600000E+01  0.20000000E-01  0.14152957E-02
  0.17600000E+01  0.39999999E-01  0.15589150E-02
  0.17600000E+01  0.59999999E-01  0.16937953E-02
  0.17600000E+01  0.79999998E-01  0.18201314E-02
  0.17600000E+01  0.99999998E-01  0.19387827E-02
  0.17600000E+01  0.12000000E+00  0.20513040E-02
  0.17600000E+01  0.14000000E+00  0.21599195E-02
  0.17600000E+01  0.16000000E+00  0.22674256E-02
  0.17600000E+01  0.18000000E+00  0.23770146E-02
  0.17600000E+01  0.20000000E+00  0.24920099E-02
  0.17600000E+01  0.22000000E+00  0.26155116E-02
  0.17600000E+01  0.23999999E+00  0.27499544E-02
  0.17600000E+01  0.25999999E+00  0.28965920E-02
  0.17600000E+01  0.27999999E+00  0.30549330E-02
  0.17600000E+01  0.29999999E+00  0.32221728E-02
  0.17600000E+01  0.31999999E+00  0.33926858E-02
  0.17600000E+01  0.33999999E+00  0.35576773E-02
  0.17600000E+01  0.35999999E+00  0.37051367E-02
  0.17600000E+01  0.37999999E+00  0.38202963E-02
  0.17600000E+01  0.39999999E+00  0.38869119E-02
  0.17600000E+01  0.41999999E+00  0.38898719E-02
  0.17600000E+01  0.43999999E+00  0.38200788E-02
  0.17600000E+01  0.45999999E+00  0.36834733E-02
  0.17600000E+01  0.47999999E+00  0.35093923E-02
  0.17600000E+01  0.49999999E+00  0.36099182E-02
  0.17600000E+01  0.51999999E+00  0.37102796E-02
  0.17600000E+01  0.53999999E+00  0.38115708E-02
  0.17600000E+01  0.55999999E+00  0.39149278E-02
  0.17600000E+01  0.57999999E+00  0.40214569E-02
  0.17600000E+01  0.59999999E+00  0.41321511E-02
  0.17600000E+01  0.61999999E+00  0.42478001E-02
  0.17600000E+01  0.63999999E+00  0.43688954E-02
  0.17600000E+01  0.65999999E+00  0.44955383E-02
  0.17600000E+01  0.67999998E+00  0.46273551E-02
  0.17600000E+01  0.69999998E+00  0.47634289E-02
  0.17600000E+01  0.71999998E+00  0.49022558E-02
  0.17600000E+01  0.73999998E+00  0.50417352E-02
  0.17600000E+01  0.75999998E+00  0.51792022E-02
  0.17600000E+01  0.77999998E+00  0.53115129E-02
  0.17600000E+01  0.79999998E+00  0.54351876E-02
  0.17600000E+01  0.81999998E+00  0.55466162E-02
  0.17600000E+01  0.83999998E+00  0.56423263E-02
  0.17600000E+01  0.85999998E+00  0.57193057E-02
  0.17600000E+01  0.87999998E+00  0.57753627E-02
  0.17600000E+01  0.89999998E+00  0.58094994E-02
  0.17600000E+01  0.91999998E+00  0.58222528E-02
  0.17600000E+01  0.93999998E+00  0.58159470E-02
  0.17600000E+01  0.95999998E+00  0.57947728E-02
  0.17600000E+01  0.97999998E+00  0.57645870E-02
  0.17600000E+01  0.99999998E+00  0.57322764E-02
  0.17600000E+01  0.10200000E+01  0.57044410E-02
  0.17600000E+01  0.10400000E+01  0.56848328E-02
  0.17600000E+01  0.10600000E+01  0.56682601E-02
  0.17600000E+01  0.10800000E+01  0.56014717E-02
  0.17600000E+01  0.11000000E+01  0.56128771E-02
  0.17600000E+01  0.11200000E+01  0.57190984E-02
  0.17600000E+01  0.11400000E+01  0.58252454E-02
  0.17600000E+01  0.11600000E+01  0.59300788E-02
  0.17600000E+01  0.11800000E+01  0.60322599E-02
  0.17600000E+01  0.12000000E+01  0.61304222E-02
  0.17600000E+01  0.12200000E+01  0.62232561E-02
  0.17600000E+01  0.12400000E+01  0.63096047E-02
  0.17600000E+01  0.12600000E+01  0.63885664E-02
  0.17600000E+01  0.12800000E+01  0.64595976E-02
  0.17600000E+01  0.13000000E+01  0.65226083E-02
  0.17600000E+01  0.13200000E+01  0.65780403E-02
  0.17600000E+01  0.13400000E+01  0.66269172E-02
  0.17600000E+01  0.13600000E+01  0.66708532E-02
  0.17600000E+01  0.13800000E+01  0.67120079E-02
  0.17600000E+01  0.14000000E+01  0.67529746E-02
  0.17600000E+01  0.14200000E+01  0.67965904E-02
  0.17600000E+01  0.14400000E+01  0.68456621E-02
  0.17600000E+01  0.14600000E+01  0.69026064E-02
  0.17600000E+01  0.14800000E+01  0.69690133E-02
  0.17600000E+01  0.15000000E+01  0.70451568E-02
  0.17600000E+01  0.15200000E+01  0.71294942E-02
  0.17600000E+01  0.15400000E+01  0.72182239E-02
  0.17600000E+01  0.15600000E+01  0.73050055E-02
  0.17600000E+01  0.15800000E+01  0.73809948E-02
  0.17600000E+01  0.16000000E+01  0.74354158E-02
  0.17600000E+01  0.16200000E+01  0.74569979E-02
  0.17600000E+01  0.16400000E+01  0.74368147E-02
  0.17600000E+01  0.16600000E+01  0.73735170E-02
  0.17600000E+01  0.16800000E+01  0.72822972E-02
  0.17600000E+01  0.17000000E+01  0.72902771E-02
  0.17600000E+01  0.17200000E+01  0.74145233E-02
  0.17600000E+01  0.17400000E+01  0.75407201E-02
  0.17600000E+01  0.17600000E+01  0.76694347E-02
  0.17600000E+01  0.17800000E+01  0.78013324E-02
  0.17600000E+01  0.18000000E+01  0.79371250E-02
  0.17600000E+01  0.18200000E+01  0.80774989E-02
  0.17600000E+01  0.18400000E+01  0.82230263E-02
  0.17600000E+01  0.18600000E+01  0.83740598E-02
  0.17600000E+01  0.18800000E+01  0.85306150E-02
  0.17600000E+01  0.19000000E+01  0.86922495E-02
  0.17600000E+01  0.19200000E+01  0.88579448E-02
  0.17600000E+01  0.19400000E+01  0.90260064E-02
  0.17600000E+01  0.19600000E+01  0.91939963E-02
  0.17600000E+01  0.19800000E+01  0.93587166E-02
  0.17600000E+01  0.20000000E+01  0.95162654E-02
  0.17800000E+01  0.00000000E+00  0.13125719E-02
  0.17800000E+01  0.20000000E-01  0.14597515E-02
  0.17800000E+01  0.39999999E-01  0.15978901E-02
  0.17800000E+01  0.59999999E-01  0.17270943E-02
  0.17800000E+01  0.79999998E-01  0.18481497E-02
  0.17800000E+01  0.99999998E-01  0.19625601E-02
  0.17800000E+01  0.12000000E+00  0.20725271E-02
  0.17800000E+01  0.14000000E+00  0.21808576E-02
  0.17800000E+01  0.16000000E+00  0.22907891E-02
  0.17800000E+01  0.18000000E+00  0.24057236E-02
  0.17800000E+01  0.20000000E+00  0.25288690E-02
  0.17800000E+01  0.22000000E+00  0.26627898E-02
  0.17800000E+01  0.23999999E+00  0.28088818E-02
  0.17800000E+01  0.25999999E+00  0.29667971E-02
  0.17800000E+01  0.27999999E+00  0.31338641E-02
  0.17800000E+01  0.29999999E+00  0.33045695E-02
  0.17800000E+01  0.31999999E+00  0.34702031E-02
  0.17800000E+01  0.33999999E+00  0.36188092E-02
  0.17800000E+01  0.35999999E+00  0.37356521E-02
  0.17800000E+01  0.37999999E+00  0.38045103E-02
  0.17800000E+01  0.39999999E+00  0.38103077E-02
  0.17800000E+01  0.41999999E+00  0.37440193E-02
  0.17800000E+01  0.43999999E+00  0.36117309E-02
  0.17800000E+01  0.45999999E+00  0.34437809E-02
  0.17800000E+01  0.47999999E+00  0.35454181E-02
  0.17800000E+01  0.49999999E+00  0.36469155E-02
  0.17800000E+01  0.51999999E+00  0.37493682E-02
  0.17800000E+01  0.53999999E+00  0.38539129E-02
  0.17800000E+01  0.55999999E+00  0.39616549E-02
  0.17800000E+01  0.57999999E+00  0.40735847E-02
  0.17800000E+01  0.59999999E+00  0.41904875E-02
  0.17800000E+01  0.61999999E+00  0.43128491E-02
  0.17800000E+01  0.63999999E+00  0.44407640E-02
  0.17800000E+01  0.65999999E+00  0.45738530E-02
  0.17800000E+01  0.67999998E+00  0.47111961E-02
  0.17800000E+01  0.69999998E+00  0.48512922E-02
  0.17800000E+01  0.71999998E+00  0.49920522E-02
  0.17800000E+01  0.73999998E+00  0.51308353E-02
  0.17800000E+01  0.75999998E+00  0.52645370E-02
  0.17800000E+01  0.77999998E+00  0.53897353E-02
  0.17800000E+01  0.79999998E+00  0.55028966E-02
  0.17800000E+01  0.81999998E+00  0.56006408E-02
  0.17800000E+01  0.83999998E+00  0.56800565E-02
  0.17800000E+01  0.85999998E+00  0.57390485E-02
  0.17800000E+01  0.87999998E+00  0.57766883E-02
  0.17800000E+01  0.89999998E+00  0.57935242E-02
  0.17800000E+01  0.91999998E+00  0.57917905E-02
  0.17800000E+01  0.93999998E+00  0.57754376E-02
  0.17800000E+01  0.95999998E+00  0.57498762E-02
  0.17800000E+01  0.97999998E+00  0.57213006E-02
  0.17800000E+01  0.99999998E+00  0.56953757E-02
  0.17800000E+01  0.10200000E+01  0.56748030E-02
  0.17800000E+01  0.10400000E+01  0.56536832E-02
  0.17800000E+01  0.10600000E+01  0.55800601E-02
  0.17800000E+01  0.10800000E+01  0.55908245E-02
  0.17800000E+01  0.11000000E+01  0.56972011E-02
  0.17800000E+01  0.11200000E+01  0.58033519E-02
  0.17800000E+01  0.11400000E+01  0.59080435E-02
  0.17800000E+01  0.11600000E+01  0.60099471E-02
  0.17800000E+01  0.11800000E+01  0.61077095E-02
  0.17800000E+01  0.12000000E+01  0.62000369E-02
  0.17800000E+01  0.12200000E+01  0.62857901E-02
  0.17800000E+01  0.12400000E+01  0.63640842E-02
  0.17800000E+01  0.12600000E+01  0.64343890E-02
  0.17800000E+01  0.12800000E+01  0.64966208E-02
  0.17800000E+01  0.13000000E+01  0.65512160E-02
  0.17800000E+01  0.13200000E+01  0.65991762E-02
  0.17800000E+01  0.13400000E+01  0.66420721E-02
  0.17800000E+01  0.13600000E+01  0.66819938E-02
  0.17800000E+01  0.13800000E+01  0.67214367E-02
  0.17800000E+01  0.14000000E+01  0.67631118E-02
  0.17800000E+01  0.14200000E+01  0.68096774E-02
  0.17800000E+01  0.14400000E+01  0.68633912E-02
  0.17800000E+01  0.14600000E+01  0.69256972E-02
  0.17800000E+01  0.14800000E+01  0.69967701E-02
  0.17800000E+01  0.15000000E+01  0.70750640E-02
  0.17800000E+01  0.15200000E+01  0.71569337E-02
  0.17800000E+01  0.15400000E+01  0.72364296E-02
  0.17800000E+01  0.15600000E+01  0.73054083E-02
  0.17800000E+01  0.15800000E+01  0.73541524E-02
  0.17800000E+01  0.16000000E+01  0.73727709E-02
  0.17800000E+01  0.16200000E+01  0.73537685E-02
  0.17800000E+01  0.16400000E+01  0.72963758E-02
  0.17800000E+01  0.16600000E+01  0.72120365E-02
  0.17800000E+01  0.16800000E+01  0.72127827E-02
  0.17800000E+01  0.17000000E+01  0.73343797E-02
  0.17800000E+01  0.17200000E+01  0.74580647E-02
  0.17800000E+01  0.17400000E+01  0.75844129E-02
  0.17800000E+01  0.17600000E+01  0.77140894E-02
  0.17800000E+01  0.17800000E+01  0.78477966E-02
  0.17800000E+01  0.18000000E+01  0.79862017E-02
  0.17800000E+01  0.18200000E+01  0.81298483E-02
  0.17800000E+01  0.18400000E+01  0.82790523E-02
  0.17800000E+01  0.18600000E+01  0.84337880E-02
  0.17800000E+01  0.18800000E+01  0.85935708E-02
  0.17800000E+01  0.19000000E+01  0.87573463E-02
  0.17800000E+01  0.19200000E+01  0.89233978E-02
  0.17800000E+01  0.19400000E+01  0.90892886E-02
  0.17800000E+01  0.19600000E+01  0.92518561E-02
  0.17800000E+01  0.19800000E+01  0.94072778E-02
  0.17800000E+01  0.20000000E+01  0.95512296E-02
  0.18000000E+01  0.00000000E+00  0.13583720E-02
  0.18000000E+01  0.20000000E-01  0.14999790E-02
  0.18000000E+01  0.39999999E-01  0.16322489E-02
  0.18000000E+01  0.59999999E-01  0.17558883E-02
  0.18000000E+01  0.79999998E-01  0.18723440E-02
  0.18000000E+01  0.99999998E-01  0.19837904E-02
  0.18000000E+01  0.12000000E+00  0.20930421E-02
  0.18000000E+01  0.14000000E+00  0.22033807E-02
  0.18000000E+01  0.16000000E+00  0.23182890E-02
  0.18000000E+01  0.18000000E+00  0.24410873E-02
  0.18000000E+01  0.20000000E+00  0.25744771E-02
  0.18000000E+01  0.22000000E+00  0.27200057E-02
  0.18000000E+01  0.23999999E+00  0.28774789E-02
  0.18000000E+01  0.25999999E+00  0.30443674E-02
  0.18000000E+01  0.27999999E+00  0.32152771E-02
  0.18000000E+01  0.29999999E+00  0.33815848E-02
  0.18000000E+01  0.31999999E+00  0.35313860E-02
  0.18000000E+01  0.33999999E+00  0.36499646E-02
  0.18000000E+01  0.35999999E+00  0.37211013E-02
  0.18000000E+01  0.37999999E+00  0.37297288E-02
  0.18000000E+01  0.39999999E+00  0.36668689E-02
  0.18000000E+01  0.41999999E+00  0.35387499E-02
  0.18000000E+01  0.43999999E+00  0.33768574E-02
  0.18000000E+01  0.45999999E+00  0.34795092E-02
  0.18000000E+01  0.47999999E+00  0.35820361E-02
  0.18000000E+01  0.49999999E+00  0.36855374E-02
  0.18000000E+01  0.51999999E+00  0.37911528E-02
  0.18000000E+01  0.53999999E+00  0.38999899E-02
  0.18000000E+01  0.55999999E+00  0.40130396E-02
  0.18000000E+01  0.57999999E+00  0.41310854E-02
  0.18000000E+01  0.59999999E+00  0.42546098E-02
  0.18000000E+01  0.61999999E+00  0.43837026E-02
  0.18000000E+01  0.63999999E+00  0.45179799E-02
  0.18000000E+01  0.65999999E+00  0.46565197E-02
  0.18000000E+01  0.67999998E+00  0.47978233E-02
  0.18000000E+01  0.69999998E+00  0.49398122E-02
  0.18000000E+01  0.71999998E+00  0.50798681E-02
  0.18000000E+01  0.73999998E+00  0.52149247E-02
  0.18000000E+01  0.75999998E+00  0.53416160E-02
  0.18000000E+01  0.77999998E+00  0.54564834E-02
  0.18000000E+01  0.79999998E+00  0.55562388E-02
  0.18000000E+01  0.81999998E+00  0.56380735E-02
  0.18000000E+01  0.83999998E+00  0.56999919E-02
  0.18000000E+01  0.85999998E+00  0.57411411E-02
  0.18000000E+01  0.87999998E+00  0.57620892E-02
  0.18000000E+01  0.89999998E+00  0.57649936E-02
  0.18000000E+01  0.91999998E+00  0.57535782E-02
  0.18000000E+01  0.93999998E+00  0.57328239E-02
  0.18000000E+01  0.95999998E+00  0.57082474E-02
  0.18000000E+01  0.97999998E+00  0.56845879E-02
  0.18000000E+01  0.99999998E+00  0.56634922E-02
  0.18000000E+01  0.10200000E+01  0.56383177E-02
  0.18000000E+01  0.10400000E+01  0.55582609E-02
  0.18000000E+01  0.10600000E+01  0.55685536E-02
  0.18000000E+01  0.10800000E+01  0.56753130E-02
  0.18000000E+01  0.11000000E+01  0.57817033E-02
  0.18000000E+01  0.11200000E+01  0.58864972E-02
  0.18000000E+01  0.11400000E+01  0.59883756E-02
  0.18000000E+01  0.11600000E+01  0.60859989E-02
  0.18000000E+01  0.11800000E+01  0.61780902E-02
  0.18000000E+01  0.12000000E+01  0.62635284E-02
  0.18000000E+01  0.12200000E+01  0.63414465E-02
  0.18000000E+01  0.12400000E+01  0.64113286E-02
  0.18000000E+01  0.12600000E+01  0.64730980E-02
  0.18000000E+01  0.12800000E+01  0.65271860E-02
  0.18000000E+01  0.13000000E+01  0.65745718E-02
  0.18000000E+01  0.13200000E+01  0.66167814E-02
  0.18000000E+01  0.13400000E+01  0.66558328E-02
  0.18000000E+01  0.13600000E+01  0.66941192E-02
  0.18000000E+01  0.13800000E+01  0.67342197E-02
  0.18000000E+01  0.14000000E+01  0.67786356E-02
  0.18000000E+01  0.14200000E+01  0.68294561E-02
  0.18000000E+01  0.14400000E+01  0.68879669E-02
  0.18000000E+01  0.14600000E+01  0.69542303E-02
  0.18000000E+01  0.14800000E+01  0.70266835E-02
  0.18000000E+01  0.15000000E+01  0.71018247E-02
  0.18000000E+01  0.15200000E+01  0.71740845E-02
  0.18000000E+01  0.15400000E+01  0.72360134E-02
  0.18000000E+01  0.15600000E+01  0.72789526E-02
  0.18000000E+01  0.15800000E+01  0.72943968E-02
  0.18000000E+01  0.16000000E+01  0.72762937E-02
  0.18000000E+01  0.16200000E+01  0.72244596E-02
  0.18000000E+01  0.16400000E+01  0.71465256E-02
  0.18000000E+01  0.16600000E+01  0.71394395E-02
  0.18000000E+01  0.16800000E+01  0.72582430E-02
  0.18000000E+01  0.17000000E+01  0.73792551E-02
  0.18000000E+01  0.17200000E+01  0.75030587E-02
  0.18000000E+01  0.17400000E+01  0.76303181E-02
  0.18000000E+01  0.17600000E+01  0.77617248E-02
  0.18000000E+01  0.17800000E+01  0.78979248E-02
  0.18000000E+01  0.18000000E+01  0.80394306E-02
  0.18000000E+01  0.18200000E+01  0.81865186E-02
  0.18000000E+01  0.18400000E+01  0.83391185E-02
  0.18000000E+01  0.18600000E+01  0.84967007E-02
  0.18000000E+01  0.18800000E+01  0.86581721E-02
  0.18000000E+01  0.19000000E+01  0.88217925E-02
  0.18000000E+01  0.19200000E+01  0.89851268E-02
  0.18000000E+01  0.19400000E+01  0.91450500E-02
  0.18000000E+01  0.19600000E+01  0.92978243E-02
  0.18000000E+01  0.19800000E+01  0.94392666E-02
  0.18000000E+01  0.20000000E+01  0.95650218E-02
  0.18200000E+01  0.00000000E+00  0.13999505E-02
  0.18200000E+01  0.20000000E-01  0.15354912E-02
  0.18200000E+01  0.39999999E-01  0.16619014E-02
  0.18200000E+01  0.59999999E-01  0.17805666E-02
  0.18200000E+01  0.79999998E-01  0.18936298E-02
  0.18200000E+01  0.99999998E-01  0.20039099E-02
  0.18200000E+01  0.12000000E+00  0.21147326E-02
  0.18200000E+01  0.14000000E+00  0.22296630E-02
  0.18200000E+01  0.16000000E+00  0.23521388E-02
  0.18200000E+01  0.18000000E+00  0.24850060E-02
  0.18200000E+01  0.20000000E+00  0.26299727E-02
  0.18200000E+01  0.22000000E+00  0.27870083E-02
  0.18200000E+01  0.23999999E+00  0.29537354E-02
  0.18200000E+01  0.25999999E+00  0.31248860E-02
  0.18200000E+01  0.27999999E+00  0.32919257E-02
  0.18200000E+01  0.29999999E+00  0.34429959E-02
  0.18200000E+01  0.31999999E+00  0.35633860E-02
  0.18200000E+01  0.33999999E+00  0.36368561E-02
  0.18200000E+01  0.35999999E+00  0.36483178E-02
  0.18200000E+01  0.37999999E+00  0.35888098E-02
  0.18200000E+01  0.39999999E+00  0.34646969E-02
  0.18200000E+01  0.41999999E+00  0.33087481E-02
  0.18200000E+01  0.43999999E+00  0.34123244E-02
  0.18200000E+01  0.45999999E+00  0.35157785E-02
  0.18200000E+01  0.47999999E+00  0.36202164E-02
  0.18200000E+01  0.49999999E+00  0.37267841E-02
  0.18200000E+01  0.51999999E+00  0.38365946E-02
  0.18200000E+01  0.53999999E+00  0.39506424E-02
  0.18200000E+01  0.55999999E+00  0.40697125E-02
  0.18200000E+01  0.57999999E+00  0.41942864E-02
  0.18200000E+01  0.59999999E+00  0.43244518E-02
  0.18200000E+01  0.61999999E+00  0.44598217E-02
  0.18200000E+01  0.63999999E+00  0.45994723E-02
  0.18200000E+01  0.65999999E+00  0.47419076E-02
  0.18200000E+01  0.67999998E+00  0.48850589E-02
  0.18200000E+01  0.69999998E+00  0.50263291E-02
  0.18200000E+01  0.71999998E+00  0.51626879E-02
  0.18200000E+01  0.73999998E+00  0.52908231E-02
  0.18200000E+01  0.75999998E+00  0.54073496E-02
  0.18200000E+01  0.77999998E+00  0.55090709E-02
  0.18200000E+01  0.79999998E+00  0.55932812E-02
  0.18200000E+01  0.81999998E+00  0.56580878E-02
  0.18200000E+01  0.83999998E+00  0.57027191E-02
  0.18200000E+01  0.85999998E+00  0.57277726E-02
  0.18200000E+01  0.87999998E+00  0.57353410E-02
  0.18200000E+01  0.89999998E+00  0.57289381E-02
  0.18200000E+01  0.91999998E+00  0.57131333E-02
  0.18200000E+01  0.93999998E+00  0.56927839E-02
  0.18200000E+01  0.95999998E+00  0.56717167E-02
  0.18200000E+01  0.97999998E+00  0.56505243E-02
  0.18200000E+01  0.99999998E+00  0.56217878E-02
  0.18200000E+01  0.10200000E+01  0.55357122E-02
  0.18200000E+01  0.10400000E+01  0.55456944E-02
  0.18200000E+01  0.10600000E+01  0.56530494E-02
  0.18200000E+01  0.10800000E+01  0.57599024E-02
  0.18200000E+01  0.11000000E+01  0.58650317E-02
  0.18200000E+01  0.11200000E+01  0.59671281E-02
  0.18200000E+01  0.11400000E+01  0.60648661E-02
  0.18200000E+01  0.11600000E+01  0.61569857E-02
  0.18200000E+01  0.11800000E+01  0.62423851E-02
  0.18200000E+01  0.12000000E+01  0.63202158E-02
  0.18200000E+01  0.12200000E+01  0.63899774E-02
  0.18200000E+01  0.12400000E+01  0.64516006E-02
  0.18200000E+01  0.12600000E+01  0.65055124E-02
  0.18200000E+01  0.12800000E+01  0.65526697E-02
  0.18200000E+01  0.13000000E+01  0.65945525E-02
  0.18200000E+01  0.13200000E+01  0.66331050E-02
  0.18200000E+01  0.13400000E+01  0.66706146E-02
  0.18200000E+01  0.13600000E+01  0.67095232E-02
  0.18200000E+01  0.13800000E+01  0.67521684E-02
  0.18200000E+01  0.14000000E+01  0.68004614E-02
  0.18200000E+01  0.14200000E+01  0.68555188E-02
  0.18200000E+01  0.14400000E+01  0.69172777E-02
  0.18200000E+01  0.14600000E+01  0.69841446E-02
  0.18200000E+01  0.14800000E+01  0.70527474E-02
  0.18200000E+01  0.15000000E+01  0.71178842E-02
  0.18200000E+01  0.15200000E+01  0.71727899E-02
  0.18200000E+01  0.15400000E+01  0.72098588E-02
  0.18200000E+01  0.15600000E+01  0.72219720E-02
  0.18200000E+01  0.15800000E+01  0.72045262E-02
  0.18200000E+01  0.16000000E+01  0.71579261E-02
  0.18200000E+01  0.16200000E+01  0.70859406E-02
  0.18200000E+01  0.16400000E+01  0.70704869E-02
  0.18200000E+01  0.16600000E+01  0.71863860E-02
  0.18200000E+01  0.16800000E+01  0.73045959E-02
  0.18200000E+01  0.17000000E+01  0.74257071E-02
  0.18200000E+01  0.17200000E+01  0.75503828E-02
  0.18200000E+01  0.17400000E+01  0.76793022E-02
  0.18200000E+01  0.17600000E+01  0.78130885E-02
  0.18200000E+01  0.17800000E+01  0.79522207E-02
  0.18200000E+01  0.18000000E+01  0.80969331E-02
  0.18200000E+01  0.18200000E+01  0.82471078E-02
  0.18200000E+01  0.18400000E+01  0.84021675E-02
  0.18200000E+01  0.18600000E+01  0.85609780E-02
  0.18200000E+01  0.18800000E+01  0.87217740E-02
  0.18200000E+01  0.19000000E+01  0.88821217E-02
  0.18200000E+01  0.19200000E+01  0.90389356E-02
  0.18200000E+01  0.19400000E+01  0.91885671E-02
  0.18200000E+01  0.19600000E+01  0.93269810E-02
  0.18200000E+01  0.19800000E+01  0.94500345E-02
  0.18200000E+01  0.20000000E+01  0.95538660E-02
  0.18400000E+01  0.00000000E+00  0.14367130E-02
  0.18400000E+01  0.20000000E-01  0.15660876E-02
  0.18400000E+01  0.39999999E-01  0.16871331E-02
  0.18400000E+01  0.59999999E-01  0.18019572E-02
  0.18400000E+01  0.79999998E-01  0.19133816E-02
  0.18400000E+01  0.99999998E-01  0.20247751E-02
  0.18400000E+01  0.12000000E+00  0.21397877E-02
  0.18400000E+01  0.14000000E+00  0.22619793E-02
  0.18400000E+01  0.16000000E+00  0.23943480E-02
  0.18400000E+01  0.18000000E+00  0.25387721E-02
  0.18400000E+01  0.20000000E+00  0.26953950E-02
  0.18400000E+01  0.22000000E+00  0.28620006E-02
  0.18400000E+01  0.23999999E+00  0.30334532E-02
  0.18400000E+01  0.25999999E+00  0.32013086E-02
  0.18400000E+01  0.27999999E+00  0.33537474E-02
  0.18400000E+01  0.29999999E+00  0.34760493E-02
  0.18400000E+01  0.31999999E+00  0.35519279E-02
  0.18400000E+01  0.33999999E+00  0.35662397E-02
  0.18400000E+01  0.35999999E+00  0.35100082E-02
  0.18400000E+01  0.37999999E+00  0.33897245E-02
  0.18400000E+01  0.39999999E+00  0.32395726E-02
  0.18400000E+01  0.41999999E+00  0.33439918E-02
  0.18400000E+01  0.43999999E+00  0.34482772E-02
  0.18400000E+01  0.45999999E+00  0.35535434E-02
  0.18400000E+01  0.47999999E+00  0.36609464E-02
  0.18400000E+01  0.49999999E+00  0.37716075E-02
  0.18400000E+01  0.51999999E+00  0.38865282E-02
  0.18400000E+01  0.53999999E+00  0.40064984E-02
  0.18400000E+01  0.55999999E+00  0.41320018E-02
  0.18400000E+01  0.57999999E+00  0.42631260E-02
  0.18400000E+01  0.59999999E+00  0.43994828E-02
  0.18400000E+01  0.61999999E+00  0.45401480E-02
  0.18400000E+01  0.63999999E+00  0.46836281E-02
  0.18400000E+01  0.65999999E+00  0.48278633E-02
  0.18400000E+01  0.67999998E+00  0.49702762E-02
  0.18400000E+01  0.69999998E+00  0.51078700E-02
  0.18400000E+01  0.71999998E+00  0.52373844E-02
  0.18400000E+01  0.73999998E+00  0.53555056E-02
  0.18400000E+01  0.75999998E+00  0.54591268E-02
  0.18400000E+01  0.77999998E+00  0.55456459E-02
  0.18400000E+01  0.79999998E+00  0.56132753E-02
  0.18400000E+01  0.81999998E+00  0.56613302E-02
  0.18400000E+01  0.83999998E+00  0.56904469E-02
  0.18400000E+01  0.85999998E+00  0.57026667E-02
  0.18400000E+01  0.87999998E+00  0.57013108E-02
  0.18400000E+01  0.89999998E+00  0.56905575E-02
  0.18400000E+01  0.91999998E+00  0.56746257E-02
  0.18400000E+01  0.93999998E+00  0.56564476E-02
  0.18400000E+01  0.95999998E+00  0.56355653E-02
  0.18400000E+01  0.97999998E+00  0.56037543E-02
  0.18400000E+01  0.99999998E+00  0.55120823E-02
  0.18400000E+01  0.10200000E+01  0.55219035E-02
  0.18400000E+01  0.10400000E+01  0.56300499E-02
  0.18400000E+01  0.10600000E+01  0.57375732E-02
  0.18400000E+01  0.10800000E+01  0.58432570E-02
  0.18400000E+01  0.11000000E+01  0.59458023E-02
  0.18400000E+01  0.11200000E+01  0.60438975E-02
  0.18400000E+01  0.11400000E+01  0.61363004E-02
  0.18400000E+01  0.11600000E+01  0.62219287E-02
  0.18400000E+01  0.11800000E+01  0.62999536E-02
  0.18400000E+01  0.12000000E+01  0.63698907E-02
  0.18400000E+01  0.12200000E+01  0.64316797E-02
  0.18400000E+01  0.12400000E+01  0.64857434E-02
  0.18400000E+01  0.12600000E+01  0.65330166E-02
  0.18400000E+01  0.12800000E+01  0.65749333E-02
  0.18400000E+01  0.13000000E+01  0.66133621E-02
  0.18400000E+01  0.13200000E+01  0.66504822E-02
  0.18400000E+01  0.13400000E+01  0.66885938E-02
  0.18400000E+01  0.13600000E+01  0.67298645E-02
  0.18400000E+01  0.13800000E+01  0.67760198E-02
  0.18400000E+01  0.14000000E+01  0.68279965E-02
  0.18400000E+01  0.14200000E+01  0.68855946E-02
  0.18400000E+01  0.14400000E+01  0.69471764E-02
  0.18400000E+01  0.14600000E+01  0.70094846E-02
  0.18400000E+01  0.14800000E+01  0.70676711E-02
  0.18400000E+01  0.15000000E+01  0.71156422E-02
  0.18400000E+01  0.15200000E+01  0.71468362E-02
  0.18400000E+01  0.15400000E+01  0.71555156E-02
  0.18400000E+01  0.15600000E+01  0.71385258E-02
  0.18400000E+01  0.15800000E+01  0.70968606E-02
  0.18400000E+01  0.16000000E+01  0.70303904E-02
  0.18400000E+01  0.16200000E+01  0.70061001E-02
  0.18400000E+01  0.16400000E+01  0.71190185E-02
  0.18400000E+01  0.16600000E+01  0.72343306E-02
  0.18400000E+01  0.16800000E+01  0.73526348E-02
  0.18400000E+01  0.17000000E+01  0.74745920E-02
  0.18400000E+01  0.17200000E+01  0.76008686E-02
  0.18400000E+01  0.17400000E+01  0.77320632E-02
  0.18400000E+01  0.17600000E+01  0.78686194E-02
  0.18400000E+01  0.17800000E+01  0.80107271E-02
  0.18400000E+01  0.18000000E+01  0.81582180E-02
  0.18400000E+01  0.18200000E+01  0.83104644E-02
  0.18400000E+01  0.18400000E+01  0.84662888E-02
  0.18400000E+01  0.18600000E+01  0.86238990E-02
  0.18400000E+01  0.18800000E+01  0.87808621E-02
  0.18400000E+01  0.19000000E+01  0.89341332E-02
  0.18400000E+01  0.19200000E+01  0.90801561E-02
  0.18400000E+01  0.19400000E+01  0.92150496E-02
  0.18400000E+01  0.19600000E+01  0.93348921E-02
  0.18400000E+01  0.19800000E+01  0.94361074E-02
  0.18400000E+01  0.20000000E+01  0.95159453E-02
  0.18600000E+01  0.00000000E+00  0.14683427E-02
  0.18600000E+01  0.20000000E-01  0.15919441E-02
  0.18600000E+01  0.39999999E-01  0.17086790E-02
  0.18600000E+01  0.59999999E-01  0.18213695E-02
  0.18600000E+01  0.79999998E-01  0.19334283E-02
  0.18600000E+01  0.99999998E-01  0.20485926E-02
  0.18600000E+01  0.12000000E+00  0.21705499E-02
  0.18600000E+01  0.14000000E+00  0.23024582E-02
  0.18600000E+01  0.16000000E+00  0.24463757E-02
  0.18600000E+01  0.18000000E+00  0.26026301E-02
  0.18600000E+01  0.20000000E+00  0.27691758E-02
  0.18600000E+01  0.22000000E+00  0.29410157E-02
  0.18600000E+01  0.23999999E+00  0.31097962E-02
  0.18600000E+01  0.25999999E+00  0.32637296E-02
  0.18600000E+01  0.27999999E+00  0.33880681E-02
  0.18600000E+01  0.29999999E+00  0.34664502E-02
  0.18600000E+01  0.31999999E+00  0.34836410E-02
  0.18600000E+01  0.33999999E+00  0.34306120E-02
  0.18600000E+01  0.35999999E+00  0.33139689E-02
  0.18600000E+01  0.37999999E+00  0.31694403E-02
  0.18600000E+01  0.39999999E+00  0.32746322E-02
  0.18600000E+01  0.41999999E+00  0.33796611E-02
  0.18600000E+01  0.43999999E+00  0.34856539E-02
  0.18600000E+01  0.45999999E+00  0.35937787E-02
  0.18600000E+01  0.47999999E+00  0.37051689E-02
  0.18600000E+01  0.49999999E+00  0.38208367E-02
  0.18600000E+01  0.51999999E+00  0.39415800E-02
  0.18600000E+01  0.53999999E+00  0.40678883E-02
  0.18600000E+01  0.55999999E+00  0.41998518E-02
  0.18600000E+01  0.57999999E+00  0.43370832E-02
  0.18600000E+01  0.59999999E+00  0.44786589E-02
  0.18600000E+01  0.61999999E+00  0.46230879E-02
  0.18600000E+01  0.63999999E+00  0.47683191E-02
  0.18600000E+01  0.65999999E+00  0.49117925E-02
  0.18600000E+01  0.67999998E+00  0.50505430E-02
  0.18600000E+01  0.69999998E+00  0.51813590E-02
  0.18600000E+01  0.71999998E+00  0.53009950E-02
  0.18600000E+01  0.73999998E+00  0.54064328E-02
  0.18600000E+01  0.75999998E+00  0.54951728E-02
  0.18600000E+01  0.77999998E+00  0.55655348E-02
  0.18600000E+01  0.79999998E+00  0.56169262E-02
  0.18600000E+01  0.81999998E+00  0.56500309E-02
  0.18600000E+01  0.83999998E+00  0.56668528E-02
  0.18600000E+01  0.85999998E+00  0.56705390E-02
  0.18600000E+01  0.87999998E+00  0.56648988E-02
  0.18600000E+01  0.89999998E+00  0.56535372E-02
  0.18600000E+01  0.91999998E+00  0.56385124E-02
  0.18600000E+01  0.93999998E+00  0.56183246E-02
  0.18600000E+01  0.95999998E+00  0.55839168E-02
  0.18600000E+01  0.97999998E+00  0.54870730E-02
  0.18600000E+01  0.99999998E+00  0.54968683E-02
  0.18600000E+01  0.10200000E+01  0.56059823E-02
  0.18600000E+01  0.10400000E+01  0.57143653E-02
  0.18600000E+01  0.10600000E+01  0.58208061E-02
  0.18600000E+01  0.10800000E+01  0.59240156E-02
  0.18600000E+01  0.11000000E+01  0.60226963E-02
  0.18600000E+01  0.11200000E+01  0.61156241E-02
  0.18600000E+01  0.11400000E+01  0.62017371E-02
  0.18600000E+01  0.11600000E+01  0.62802268E-02
  0.18600000E+01  0.11800000E+01  0.63506260E-02
  0.18600000E+01  0.12000000E+01  0.64128838E-02
  0.18600000E+01  0.12200000E+01  0.64674201E-02
  0.18600000E+01  0.12400000E+01  0.65151482E-02
  0.18600000E+01  0.12600000E+01  0.65574559E-02
  0.18600000E+01  0.12800000E+01  0.65961355E-02
  0.18600000E+01  0.13000000E+01  0.66332558E-02
  0.18600000E+01  0.13200000E+01  0.66709723E-02
  0.18600000E+01  0.13400000E+01  0.67112773E-02
  0.18600000E+01  0.13600000E+01  0.67557029E-02
  0.18600000E+01  0.13800000E+01  0.68049975E-02
  0.18600000E+01  0.14000000E+01  0.68588121E-02
  0.18600000E+01  0.14200000E+01  0.69154512E-02
  0.18600000E+01  0.14400000E+01  0.69717579E-02
  0.18600000E+01  0.14600000E+01  0.70232216E-02
  0.18600000E+01  0.14800000E+01  0.70644053E-02
  0.18600000E+01  0.15000000E+01  0.70897776E-02
  0.18600000E+01  0.15200000E+01  0.70949725E-02
  0.18600000E+01  0.15400000E+01  0.70782788E-02
  0.18600000E+01  0.15600000E+01  0.70412775E-02
  0.18600000E+01  0.15800000E+01  0.69799166E-02
  0.18600000E+01  0.16000000E+01  0.69463892E-02
  0.18600000E+01  0.16200000E+01  0.70562865E-02
  0.18600000E+01  0.16400000E+01  0.71686405E-02
  0.18600000E+01  0.16600000E+01  0.72840573E-02
  0.18600000E+01  0.16800000E+01  0.74031952E-02
  0.18600000E+01  0.17000000E+01  0.75267068E-02
  0.18600000E+01  0.17200000E+01  0.76551650E-02
  0.18600000E+01  0.17400000E+01  0.77889763E-02
  0.18600000E+01  0.17600000E+01  0.79282835E-02
  0.18600000E+01  0.17800000E+01  0.80728661E-02
  0.18600000E+01  0.18000000E+01  0.82220431E-02
  0.18600000E+01  0.18200000E+01  0.83745914E-02
  0.18600000E+01  0.18400000E+01  0.85286903E-02
  0.18600000E+01  0.18600000E+01  0.86819067E-02
  0.18600000E+01  0.18800000E+01  0.88312372E-02
  0.18600000E+01  0.19000000E+01  0.89732201E-02
  0.18600000E+01  0.19200000E+01  0.91041332E-02
  0.18600000E+01  0.19400000E+01  0.92202830E-02
  0.18600000E+01  0.19600000E+01  0.93183891E-02
  0.18600000E+01  0.19800000E+01  0.93960490E-02
  0.18600000E+01  0.20000000E+01  0.94522540E-02
  0.18800000E+01  0.00000000E+00  0.14948992E-02
  0.18800000E+01  0.20000000E-01  0.16136980E-02
  0.18800000E+01  0.39999999E-01  0.17277805E-02
  0.18800000E+01  0.59999999E-01  0.18406040E-02
  0.18800000E+01  0.79999998E-01  0.19559964E-02
  0.18800000E+01  0.99999998E-01  0.20777787E-02
  0.18800000E+01  0.12000000E+00  0.22092766E-02
  0.18800000E+01  0.14000000E+00  0.23527384E-02
  0.18800000E+01  0.16000000E+00  0.25086864E-02
  0.18800000E+01  0.18000000E+00  0.26752549E-02
  0.18800000E+01  0.20000000E+00  0.28475912E-02
  0.18800000E+01  0.22000000E+00  0.30174316E-02
  0.18800000E+01  0.23999999E+00  0.31730118E-02
  0.18800000E+01  0.25999999E+00  0.32995362E-02
  0.18800000E+01  0.27999999E+00  0.33805373E-02
  0.18800000E+01  0.29999999E+00  0.34006487E-02
  0.18800000E+01  0.31999999E+00  0.33507499E-02
  0.18800000E+01  0.33999999E+00  0.32375478E-02
  0.18800000E+01  0.35999999E+00  0.30984495E-02
  0.18800000E+01  0.37999999E+00  0.32043560E-02
  0.18800000E+01  0.39999999E+00  0.33100516E-02
  0.18800000E+01  0.41999999E+00  0.34166772E-02
  0.18800000E+01  0.43999999E+00  0.35254163E-02
  0.18800000E+01  0.45999999E+00  0.36374180E-02
  0.18800000E+01  0.47999999E+00  0.37537085E-02
  0.18800000E+01  0.49999999E+00  0.38750981E-02
  0.18800000E+01  0.51999999E+00  0.40020847E-02
  0.18800000E+01  0.53999999E+00  0.41347647E-02
  0.18800000E+01  0.55999999E+00  0.42727538E-02
  0.18800000E+01  0.57999999E+00  0.44151303E-02
  0.18800000E+01  0.59999999E+00  0.45604066E-02
  0.18800000E+01  0.61999999E+00  0.47065388E-02
  0.18800000E+01  0.63999999E+00  0.48509831E-02
  0.18800000E+01  0.65999999E+00  0.49908031E-02
  0.18800000E+01  0.67999998E+00  0.51228326E-02
  0.18800000E+01  0.69999998E+00  0.52438919E-02
  0.18800000E+01  0.71999998E+00  0.53510478E-02
  0.18800000E+01  0.73999998E+00  0.54419031E-02
  0.18800000E+01  0.75999998E+00  0.55148857E-02
  0.18800000E+01  0.77999998E+00  0.55695001E-02
  0.18800000E+01  0.79999998E+00  0.56064870E-02
  0.18800000E+01  0.81999998E+00  0.56278271E-02
  0.18800000E+01  0.83999998E+00  0.56365124E-02
  0.18800000E+01  0.85999998E+00  0.56360080E-02
  0.18800000E+01  0.87999998E+00  0.56293310E-02
  0.18800000E+01  0.89999998E+00  0.56176903E-02
  0.18800000E+01  0.91999998E+00  0.55985561E-02
  0.18800000E+01  0.93999998E+00  0.55620154E-02
  0.18800000E+01  0.95999998E+00  0.54604215E-02
  0.18800000E+01  0.97999998E+00  0.54703090E-02
  0.18800000E+01  0.99999998E+00  0.55805457E-02
  0.18800000E+01  0.10200000E+01  0.56899577E-02
  0.18800000E+01  0.10400000E+01  0.57973389E-02
  0.18800000E+01  0.10600000E+01  0.59014097E-02
  0.18800000E+01  0.10800000E+01  0.60008871E-02
  0.18800000E+01  0.11000000E+01  0.60945655E-02
  0.18800000E+01  0.11200000E+01  0.61814036E-02
  0.18800000E+01  0.11400000E+01  0.62606143E-02
  0.18800000E+01  0.11600000E+01  0.63317482E-02
  0.18800000E+01  0.11800000E+01  0.63947654E-02
  0.18800000E+01  0.12000000E+01  0.64500838E-02
  0.18800000E+01  0.12200000E+01  0.64985959E-02
  0.18800000E+01  0.12400000E+01  0.65416438E-02
  0.18800000E+01  0.12600000E+01  0.65809433E-02
  0.18800000E+01  0.12800000E+01  0.66184518E-02
  0.18800000E+01  0.13000000E+01  0.66561771E-02
  0.18800000E+01  0.13200000E+01  0.66959322E-02
  0.18800000E+01  0.13400000E+01  0.67390498E-02
  0.18800000E+01  0.13600000E+01  0.67860811E-02
  0.18800000E+01  0.13800000E+01  0.68365174E-02
  0.18800000E+01  0.14000000E+01  0.68885924E-02
  0.18800000E+01  0.14200000E+01  0.69392341E-02
  0.18800000E+01  0.14400000E+01  0.69842527E-02
  0.18800000E+01  0.14600000E+01  0.70188500E-02
  0.18800000E+01  0.14800000E+01  0.70385082E-02
  0.18800000E+01  0.15000000E+01  0.70402181E-02
  0.18800000E+01  0.15200000E+01  0.70237017E-02
  0.18800000E+01  0.15400000E+01  0.69911228E-02
  0.18800000E+01  0.15600000E+01  0.69344960E-02
  0.18800000E+01  0.15800000E+01  0.68914005E-02
  0.18800000E+01  0.16000000E+01  0.69982721E-02
  0.18800000E+01  0.16200000E+01  0.71076433E-02
  0.18800000E+01  0.16400000E+01  0.72201276E-02
  0.18800000E+01  0.16600000E+01  0.73363807E-02
  0.18800000E+01  0.16800000E+01  0.74570404E-02
  0.18800000E+01  0.17000000E+01  0.75826527E-02
  0.18800000E+01  0.17200000E+01  0.77135853E-02
  0.18800000E+01  0.17400000E+01  0.78499324E-02
  0.18800000E+01  0.17600000E+01  0.79914186E-02
  0.18800000E+01  0.17800000E+01  0.81373075E-02
  0.18800000E+01  0.18000000E+01  0.82863282E-02
  0.18800000E+01  0.18200000E+01  0.84366294E-02
  0.18800000E+01  0.18400000E+01  0.85857769E-02
  0.18800000E+01  0.18600000E+01  0.87308084E-02
  0.18800000E+01  0.18800000E+01  0.88683586E-02
  0.18800000E+01  0.19000000E+01  0.89948674E-02
  0.18800000E+01  0.19200000E+01  0.91068756E-02
  0.18800000E+01  0.19400000E+01  0.92014064E-02
  0.18800000E+01  0.19600000E+01  0.92764157E-02
  0.18800000E+01  0.19800000E+01  0.93312750E-02
  0.18800000E+01  0.20000000E+01  0.93672245E-02
  0.19000000E+01  0.00000000E+00  0.15169165E-02
  0.19000000E+01  0.20000000E-01  0.16325184E-02
  0.19000000E+01  0.39999999E-01  0.17462087E-02
  0.19000000E+01  0.59999999E-01  0.18619100E-02
  0.19000000E+01  0.79999998E-01  0.19835830E-02
  0.19000000E+01  0.99999998E-01  0.21147304E-02
  0.19000000E+01  0.12000000E+00  0.22578003E-02
  0.19000000E+01  0.14000000E+00  0.24135204E-02
  0.19000000E+01  0.16000000E+00  0.25802142E-02
  0.19000000E+01  0.18000000E+00  0.27531788E-02
  0.19000000E+01  0.20000000E+00  0.29242395E-02
  0.19000000E+01  0.22000000E+00  0.30816443E-02
  0.19000000E+01  0.23999999E+00  0.32105283E-02
  0.19000000E+01  0.25999999E+00  0.32942840E-02
  0.19000000E+01  0.27999999E+00  0.33173697E-02
  0.19000000E+01  0.29999999E+00  0.32705301E-02
  0.19000000E+01  0.31999999E+00  0.31605591E-02
  0.19000000E+01  0.33999999E+00  0.30266848E-02
  0.19000000E+01  0.35999999E+00  0.31332621E-02
  0.19000000E+01  0.37999999E+00  0.32395596E-02
  0.19000000E+01  0.39999999E+00  0.33467344E-02
  0.19000000E+01  0.41999999E+00  0.34559884E-02
  0.19000000E+01  0.43999999E+00  0.35684896E-02
  0.19000000E+01  0.45999999E+00  0.36852826E-02
  0.19000000E+01  0.47999999E+00  0.38071931E-02
  0.19000000E+01  0.49999999E+00  0.39347321E-02
  0.19000000E+01  0.51999999E+00  0.40680047E-02
  0.19000000E+01  0.53999999E+00  0.42066327E-02
  0.19000000E+01  0.55999999E+00  0.43496978E-02
  0.19000000E+01  0.57999999E+00  0.44957158E-02
  0.19000000E+01  0.59999999E+00  0.46426500E-02
  0.19000000E+01  0.61999999E+00  0.47879705E-02
  0.19000000E+01  0.63999999E+00  0.49287667E-02
  0.19000000E+01  0.65999999E+00  0.50619147E-02
  0.19000000E+01  0.67999998E+00  0.51842961E-02
  0.19000000E+01  0.69999998E+00  0.52930603E-02
  0.19000000E+01  0.71999998E+00  0.53859102E-02
  0.19000000E+01  0.73999998E+00  0.54613827E-02
  0.19000000E+01  0.75999998E+00  0.55190835E-02
  0.19000000E+01  0.77999998E+00  0.55598191E-02
  0.19000000E+01  0.79999998E+00  0.55855609E-02
  0.19000000E+01  0.81999998E+00  0.55991668E-02
  0.19000000E+01  0.83999998E+00  0.56037824E-02
  0.19000000E+01  0.85999998E+00  0.56018667E-02
  0.19000000E+01  0.87999998E+00  0.55938066E-02
  0.19000000E+01  0.89999998E+00  0.55760579E-02
  0.19000000E+01  0.91999998E+00  0.55378311E-02
  0.19000000E+01  0.93999998E+00  0.54319015E-02
  0.19000000E+01  0.95999998E+00  0.54419810E-02
  0.19000000E+01  0.97999998E+00  0.55534730E-02
  0.19000000E+01  0.99999998E+00  0.56640616E-02
  0.19000000E+01  0.10200000E+01  0.57725454E-02
  0.19000000E+01  0.10400000E+01  0.58776545E-02
  0.19000000E+01  0.10600000E+01  0.59781204E-02
  0.19000000E+01  0.10800000E+01  0.60727560E-02
  0.19000000E+01  0.11000000E+01  0.61605416E-02
  0.19000000E+01  0.11200000E+01  0.62407118E-02
  0.19000000E+01  0.11400000E+01  0.63128365E-02
  0.19000000E+01  0.11600000E+01  0.63768877E-02
  0.19000000E+01  0.11800000E+01  0.64332825E-02
  0.19000000E+01  0.12000000E+01  0.64828939E-02
  0.19000000E+01  0.12200000E+01  0.65270192E-02
  0.19000000E+01  0.12400000E+01  0.65672982E-02
  0.19000000E+01  0.12600000E+01  0.66055761E-02
  0.19000000E+01  0.12800000E+01  0.66437114E-02
  0.19000000E+01  0.13000000E+01  0.66833347E-02
  0.19000000E+01  0.13200000E+01  0.67255741E-02
  0.19000000E+01  0.13400000E+01  0.67707757E-02
  0.19000000E+01  0.13600000E+01  0.68182615E-02
  0.19000000E+01  0.13800000E+01  0.68661813E-02
  0.19000000E+01  0.14000000E+01  0.69115325E-02
  0.19000000E+01  0.14200000E+01  0.69504283E-02
  0.19000000E+01  0.14400000E+01  0.69786896E-02
  0.19000000E+01  0.14600000E+01  0.69927918E-02
  0.19000000E+01  0.14800000E+01  0.69910635E-02
  0.19000000E+01  0.15000000E+01  0.69746454E-02
  0.19000000E+01  0.15200000E+01  0.69462781E-02
  0.19000000E+01  0.15400000E+01  0.68940431E-02
  0.19000000E+01  0.15600000E+01  0.68411178E-02
  0.19000000E+01  0.15800000E+01  0.69449946E-02
  0.19000000E+01  0.16000000E+01  0.70513938E-02
  0.19000000E+01  0.16200000E+01  0.71609365E-02
  0.19000000E+01  0.16400000E+01  0.72742749E-02
  0.19000000E+01  0.16600000E+01  0.73920317E-02
  0.19000000E+01  0.16800000E+01  0.75147250E-02
  0.19000000E+01  0.17000000E+01  0.76426822E-02
  0.19000000E+01  0.17200000E+01  0.77759472E-02
  0.19000000E+01  0.17400000E+01  0.79141876E-02
  0.19000000E+01  0.17600000E+01  0.80566096E-02
  0.19000000E+01  0.17800000E+01  0.82018919E-02
  0.19000000E+01  0.18000000E+01  0.83481510E-02
  0.19000000E+01  0.18200000E+01  0.84929500E-02
  0.19000000E+01  0.18400000E+01  0.86333671E-02
  0.19000000E+01  0.18600000E+01  0.87661341E-02
  0.19000000E+01  0.18800000E+01  0.88878552E-02
  0.19000000E+01  0.19000000E+01  0.89953098E-02
  0.19000000E+01  0.19200000E+01  0.90858311E-02
  0.19000000E+01  0.19400000E+01  0.91577420E-02
  0.19000000E+01  0.19600000E+01  0.92108048E-02
  0.19000000E+01  0.19800000E+01  0.92466178E-02
  0.19000000E+01  0.20000000E+01  0.92688563E-02
  0.19200000E+01  0.00000000E+00  0.15354870E-02
  0.19200000E+01  0.20000000E-01  0.16501460E-02
  0.19200000E+01  0.39999999E-01  0.17662383E-02
  0.19200000E+01  0.59999999E-01  0.18878717E-02
  0.19200000E+01  0.79999998E-01  0.20187352E-02
  0.19200000E+01  0.99999998E-01  0.21614877E-02
  0.19200000E+01  0.12000000E+00  0.23170734E-02
  0.19200000E+01  0.14000000E+00  0.24840139E-02
  0.19200000E+01  0.16000000E+00  0.26577608E-02
  0.19200000E+01  0.18000000E+00  0.28302265E-02
  0.19200000E+01  0.20000000E+00  0.29896594E-02
  0.19200000E+01  0.22000000E+00  0.31211008E-02
  0.19200000E+01  0.23999999E+00  0.32077659E-02
  0.19200000E+01  0.25999999E+00  0.32338910E-02
  0.19200000E+01  0.27999999E+00  0.31900400E-02
  0.19200000E+01  0.29999999E+00  0.30830793E-02
  0.19200000E+01  0.31999999E+00  0.29542164E-02
  0.19200000E+01  0.33999999E+00  0.30614361E-02
  0.19200000E+01  0.35999999E+00  0.31682841E-02
  0.19200000E+01  0.37999999E+00  0.32759361E-02
  0.19200000E+01  0.39999999E+00  0.33856152E-02
  0.19200000E+01  0.41999999E+00  0.34985119E-02
  0.19200000E+01  0.43999999E+00  0.36156925E-02
  0.19200000E+01  0.45999999E+00  0.37380029E-02
  0.19200000E+01  0.47999999E+00  0.38659707E-02
  0.19200000E+01  0.49999999E+00  0.39997135E-02
  0.19200000E+01  0.51999999E+00  0.41388617E-02
  0.19200000E+01  0.53999999E+00  0.42825023E-02
  0.19200000E+01  0.55999999E+00  0.44291557E-02
  0.19200000E+01  0.57999999E+00  0.45767911E-02
  0.19200000E+01  0.59999999E+00  0.47228908E-02
  0.19200000E+01  0.61999999E+00  0.48645669E-02
  0.19200000E+01  0.63999999E+00  0.49987336E-02
  0.19200000E+01  0.65999999E+00  0.51223300E-02
  0.19200000E+01  0.67999998E+00  0.52325840E-02
  0.19200000E+01  0.69999998E+00  0.53272960E-02
  0.19200000E+01  0.71999998E+00  0.54051123E-02
  0.19200000E+01  0.73999998E+00  0.54657429E-02
  0.19200000E+01  0.75999998E+00  0.55100687E-02
  0.19200000E+01  0.77999998E+00  0.55400666E-02
  0.19200000E+01  0.79999998E+00  0.55584804E-02
  0.19200000E+01  0.81999998E+00  0.55681642E-02
  0.19200000E+01  0.83999998E+00  0.55710495E-02
  0.19200000E+01  0.85999998E+00  0.55667319E-02
  0.19200000E+01  0.87999998E+00  0.55506719E-02
  0.19200000E+01  0.89999998E+00  0.55111861E-02
  0.19200000E+01  0.91999998E+00  0.54013246E-02
  0.19200000E+01  0.93999998E+00  0.54116758E-02
  0.19200000E+01  0.95999998E+00  0.55245324E-02
  0.19200000E+01  0.97999998E+00  0.56364223E-02
  0.19200000E+01  0.99999998E+00  0.57461487E-02
  0.19200000E+01  0.10200000E+01  0.58524512E-02
  0.19200000E+01  0.10400000E+01  0.59540760E-02
  0.19200000E+01  0.10600000E+01  0.60498545E-02
  0.19200000E+01  0.10800000E+01  0.61387892E-02
  0.19200000E+01  0.11000000E+01  0.62201374E-02
  0.19200000E+01  0.11200000E+01  0.62934893E-02
  0.19200000E+01  0.11400000E+01  0.63588297E-02
  0.19200000E+01  0.11600000E+01  0.64165768E-02
  0.19200000E+01  0.11800000E+01  0.64675855E-02
  0.19200000E+01  0.12000000E+01  0.65131097E-02
  0.19200000E+01  0.12200000E+01  0.65547138E-02
  0.19200000E+01  0.12400000E+01  0.65941314E-02
  0.19200000E+01  0.12600000E+01  0.66330708E-02
  0.19200000E+01  0.12800000E+01  0.66729778E-02
  0.19200000E+01  0.13000000E+01  0.67147715E-02
  0.19200000E+01  0.13200000E+01  0.67585868E-02
  0.19200000E+01  0.13400000E+01  0.68035667E-02
  0.19200000E+01  0.13600000E+01  0.68477648E-02
  0.19200000E+01  0.13800000E+01  0.68882323E-02
  0.19200000E+01  0.14000000E+01  0.69213665E-02
  0.19200000E+01  0.14200000E+01  0.69435862E-02
  0.19200000E+01  0.14400000E+01  0.69523366E-02
  0.19200000E+01  0.14600000E+01  0.69472613E-02
  0.19200000E+01  0.14800000E+01  0.69309008E-02
  0.19200000E+01  0.15000000E+01  0.69065647E-02
  0.19200000E+01  0.15200000E+01  0.68584132E-02
  0.19200000E+01  0.15400000E+01  0.67954653E-02
  0.19200000E+01  0.15600000E+01  0.68964125E-02
  0.19200000E+01  0.15800000E+01  0.69998856E-02
  0.19200000E+01  0.16000000E+01  0.71065127E-02
  0.19200000E+01  0.16200000E+01  0.72169424E-02
  0.19200000E+01  0.16400000E+01  0.73317817E-02
  0.19200000E+01  0.16600000E+01  0.74515198E-02
  0.19200000E+01  0.16800000E+01  0.75764427E-02
  0.19200000E+01  0.17000000E+01  0.77065424E-02
  0.19200000E+01  0.17200000E+01  0.78414278E-02
  0.19200000E+01  0.17400000E+01  0.79802453E-02
  0.19200000E+01  0.17600000E+01  0.81216214E-02
  0.19200000E+01  0.17800000E+01  0.82636379E-02
  0.19200000E+01  0.18000000E+01  0.84038539E-02
  0.19200000E+01  0.18200000E+01  0.85393869E-02
  0.19200000E+01  0.18400000E+01  0.86670654E-02
  0.19200000E+01  0.18600000E+01  0.87836595E-02
  0.19200000E+01  0.18800000E+01  0.88861894E-02
  0.19200000E+01  0.19000000E+01  0.89723032E-02
  0.19200000E+01  0.19200000E+01  0.90406977E-02
  0.19200000E+01  0.19400000E+01  0.90915342E-02
  0.19200000E+01  0.19600000E+01  0.91267800E-02
  0.19200000E+01  0.19800000E+01  0.91503635E-02
  0.19200000E+01  0.20000000E+01  0.91679981E-02
  0.19400000E+01  0.00000000E+00  0.15523191E-02
  0.19400000E+01  0.20000000E-01  0.16688827E-02
  0.19400000E+01  0.39999999E-01  0.17905471E-02
  0.19400000E+01  0.59999999E-01  0.19211977E-02
  0.19400000E+01  0.79999998E-01  0.20637159E-02
  0.19400000E+01  0.99999998E-01  0.22192732E-02
  0.19400000E+01  0.12000000E+00  0.23865988E-02
  0.19400000E+01  0.14000000E+00  0.25613033E-02
  0.19400000E+01  0.16000000E+00  0.27353829E-02
  0.19400000E+01  0.18000000E+00  0.28970724E-02
  0.19400000E+01  0.20000000E+00  0.30312924E-02
  0.19400000E+01  0.22000000E+00  0.31210403E-02
  0.19400000E+01  0.23999999E+00  0.31502798E-02
  0.19400000E+01  0.25999999E+00  0.31093453E-02
  0.19400000E+01  0.27999999E+00  0.30051626E-02
  0.19400000E+01  0.29999999E+00  0.28810992E-02
  0.19400000E+01  0.31999999E+00  0.29889486E-02
  0.19400000E+01  0.33999999E+00  0.30963105E-02
  0.19400000E+01  0.35999999E+00  0.32043807E-02
  0.19400000E+01  0.37999999E+00  0.33144062E-02
  0.19400000E+01  0.39999999E+00  0.34276033E-02
  0.19400000E+01  0.41999999E+00  0.35450644E-02
  0.19400000E+01  0.43999999E+00  0.36676595E-02
  0.19400000E+01  0.45999999E+00  0.37959368E-02
  0.19400000E+01  0.47999999E+00  0.39300307E-02
  0.19400000E+01  0.49999999E+00  0.40695827E-02
  0.19400000E+01  0.51999999E+00  0.42136878E-02
  0.19400000E+01  0.53999999E+00  0.43608711E-02
  0.19400000E+01  0.55999999E+00  0.45091076E-02
  0.19400000E+01  0.57999999E+00  0.46558896E-02
  0.19400000E+01  0.59999999E+00  0.47983489E-02
  0.19400000E+01  0.61999999E+00  0.49334332E-02
  0.19400000E+01  0.63999999E+00  0.50581344E-02
  0.19400000E+01  0.65999999E+00  0.51697542E-02
  0.19400000E+01  0.67999998E+00  0.52661876E-02
  0.19400000E+01  0.69999998E+00  0.53461890E-02
  0.19400000E+01  0.71999998E+00  0.54095762E-02
  0.19400000E+01  0.73999998E+00  0.54573121E-02
  0.19400000E+01  0.75999998E+00  0.54913936E-02
  0.19400000E+01  0.77999998E+00  0.55144720E-02
  0.19400000E+01  0.79999998E+00  0.55291374E-02
  0.19400000E+01  0.81999998E+00  0.55368276E-02
  0.19400000E+01  0.83999998E+00  0.55363800E-02
  0.19400000E+01  0.85999998E+00  0.55222825E-02
  0.19400000E+01  0.87999998E+00  0.54819426E-02
  0.19400000E+01  0.89999998E+00  0.53685395E-02
  0.19400000E+01  0.91999998E+00  0.53792214E-02
  0.19400000E+01  0.93999998E+00  0.54935285E-02
  0.19400000E+01  0.95999998E+00  0.56068211E-02
  0.19400000E+01  0.97999998E+00  0.57179068E-02
  0.19400000E+01  0.99999998E+00  0.58255348E-02
  0.19400000E+01  0.10200000E+01  0.59284657E-02
  0.19400000E+01  0.10400000E+01  0.60255503E-02
  0.19400000E+01  0.10600000E+01  0.61158133E-02
  0.19400000E+01  0.10800000E+01  0.61985355E-02
  0.19400000E+01  0.11000000E+01  0.62733284E-02
  0.19400000E+01  0.11200000E+01  0.63401916E-02
  0.19400000E+01  0.11400000E+01  0.63995455E-02
  0.19400000E+01  0.11600000E+01  0.64522290E-02
  0.19400000E+01  0.11800000E+01  0.64994541E-02
  0.19400000E+01  0.12000000E+01  0.65427115E-02
  0.19400000E+01  0.12200000E+01  0.65836241E-02
  0.19400000E+01  0.12400000E+01  0.66237501E-02
  0.19400000E+01  0.12600000E+01  0.66643488E-02
  0.19400000E+01  0.12800000E+01  0.67061275E-02
  0.19400000E+01  0.13000000E+01  0.67490041E-02
  0.19400000E+01  0.13200000E+01  0.67919340E-02
  0.19400000E+01  0.13400000E+01  0.68328628E-02
  0.19400000E+01  0.13600000E+01  0.68688799E-02
  0.19400000E+01  0.13800000E+01  0.68966473E-02
  0.19400000E+01  0.14000000E+01  0.69131583E-02
  0.19400000E+01  0.14200000E+01  0.69168023E-02
  0.19400000E+01  0.14400000E+01  0.69085115E-02
  0.19400000E+01  0.14600000E+01  0.68922038E-02
  0.19400000E+01  0.14800000E+01  0.68717485E-02
  0.19400000E+01  0.15000000E+01  0.68274071E-02
  0.19400000E+01  0.15200000E+01  0.67543107E-02
  0.19400000E+01  0.15400000E+01  0.68524265E-02
  0.19400000E+01  0.15600000E+01  0.69530528E-02
  0.19400000E+01  0.15800000E+01  0.70568247E-02
  0.19400000E+01  0.16000000E+01  0.71643870E-02
  0.19400000E+01  0.16200000E+01  0.72763302E-02
  0.19400000E+01  0.16400000E+01  0.73931139E-02
  0.19400000E+01  0.16600000E+01  0.75149816E-02
  0.19400000E+01  0.16800000E+01  0.76418722E-02
  0.19400000E+01  0.17000000E+01  0.77733339E-02
  0.19400000E+01  0.17200000E+01  0.79084518E-02
  0.19400000E+01  0.17400000E+01  0.80457979E-02
  0.19400000E+01  0.17600000E+01  0.81834172E-02
  0.19400000E+01  0.17800000E+01  0.83188626E-02
  0.19400000E+01  0.18000000E+01  0.84492894E-02
  0.19400000E+01  0.18200000E+01  0.85716222E-02
  0.19400000E+01  0.18400000E+01  0.86827965E-02
  0.19400000E+01  0.18600000E+01  0.87800751E-02
  0.19400000E+01  0.18800000E+01  0.88614239E-02
  0.19400000E+01  0.19000000E+01  0.89259177E-02
  0.19400000E+01  0.19200000E+01  0.89741245E-02
  0.19400000E+01  0.19400000E+01  0.90083887E-02
  0.19400000E+01  0.19600000E+01  0.90329026E-02
  0.19400000E+01  0.19800000E+01  0.90534160E-02
  0.19400000E+01  0.20000000E+01  0.90763890E-02
  0.19600000E+01  0.00000000E+00  0.15697441E-02
  0.19600000E+01  0.20000000E-01  0.16915075E-02
  0.19600000E+01  0.39999999E-01  0.18220173E-02
  0.19600000E+01  0.59999999E-01  0.19643896E-02
  0.19600000E+01  0.79999998E-01  0.21200356E-02
  0.19600000E+01  0.99999998E-01  0.22879004E-02
  0.19600000E+01  0.12000000E+00  0.24637581E-02
  0.19600000E+01  0.14000000E+00  0.26396837E-02
  0.19600000E+01  0.16000000E+00  0.28038827E-02
  0.19600000E+01  0.18000000E+00  0.29411254E-02
  0.19600000E+01  0.20000000E+00  0.30341470E-02
  0.19600000E+01  0.22000000E+00  0.30665843E-02
  0.19600000E+01  0.23999999E+00  0.30284907E-02
  0.19600000E+01  0.25999999E+00  0.29268406E-02
  0.19600000E+01  0.27999999E+00  0.28073719E-02
  0.19600000E+01  0.29999999E+00  0.29158551E-02
  0.19600000E+01  0.31999999E+00  0.30237096E-02
  0.19600000E+01  0.33999999E+00  0.31321527E-02
  0.19600000E+01  0.35999999E+00  0.32424582E-02
  0.19600000E+01  0.37999999E+00  0.33558714E-02
  0.19600000E+01  0.39999999E+00  0.34735146E-02
  0.19600000E+01  0.41999999E+00  0.35962865E-02
  0.19600000E+01  0.43999999E+00  0.37247604E-02
  0.19600000E+01  0.45999999E+00  0.38590909E-02
  0.19600000E+01  0.47999999E+00  0.39989348E-02
  0.19600000E+01  0.49999999E+00  0.41433967E-02
  0.19600000E+01  0.51999999E+00  0.42910079E-02
  0.19600000E+01  0.53999999E+00  0.44397484E-02
  0.19600000E+01  0.55999999E+00  0.45871188E-02
  0.19600000E+01  0.57999999E+00  0.47302666E-02
  0.19600000E+01  0.59999999E+00  0.48661687E-02
  0.19600000E+01  0.61999999E+00  0.49918642E-02
  0.19600000E+01  0.63999999E+00  0.51047236E-02
  0.19600000E+01  0.65999999E+00  0.52027324E-02
  0.19600000E+01  0.67999998E+00  0.52847515E-02
  0.19600000E+01  0.69999998E+00  0.53507087E-02
  0.19600000E+01  0.71999998E+00  0.54016565E-02
  0.19600000E+01  0.73999998E+00  0.54396256E-02
  0.19600000E+01  0.75999998E+00  0.54671966E-02
  0.19600000E+01  0.77999998E+00  0.54867251E-02
  0.19600000E+01  0.79999998E+00  0.54991898E-02
  0.19600000E+01  0.81999998E+00  0.55027062E-02
  0.19600000E+01  0.83999998E+00  0.54908146E-02
  0.19600000E+01  0.85999998E+00  0.54500026E-02
  0.19600000E+01  0.87999998E+00  0.53334323E-02
  0.19600000E+01  0.89999998E+00  0.53444827E-02
  0.19600000E+01  0.91999998E+00  0.54603025E-02
  0.19600000E+01  0.93999998E+00  0.55750755E-02
  0.19600000E+01  0.95999998E+00  0.56876136E-02
  0.19600000E+01  0.97999998E+00  0.57966754E-02
  0.19600000E+01  0.99999998E+00  0.59010361E-02
  0.19600000E+01  0.10200000E+01  0.59995658E-02
  0.19600000E+01  0.10400000E+01  0.60913121E-02
  0.19600000E+01  0.10600000E+01  0.61755802E-02
  0.19600000E+01  0.10800000E+01  0.62520039E-02
  0.19600000E+01  0.11000000E+01  0.63205991E-02
  0.19600000E+01  0.11200000E+01  0.63817904E-02
  0.19600000E+01  0.11400000E+01  0.64364026E-02
  0.19600000E+01  0.11600000E+01  0.64856081E-02
  0.19600000E+01  0.11800000E+01  0.65308263E-02
  0.19600000E+01  0.12000000E+01  0.65735704E-02
  0.19600000E+01  0.12200000E+01  0.66152497E-02
  0.19600000E+01  0.12400000E+01  0.66569368E-02
  0.19600000E+01  0.12600000E+01  0.66991244E-02
  0.19600000E+01  0.12800000E+01  0.67415091E-02
  0.19600000E+01  0.13000000E+01  0.67828508E-02
  0.19600000E+01  0.13200000E+01  0.68209760E-02
  0.19600000E+01  0.13400000E+01  0.68529965E-02
  0.19600000E+01  0.13600000E+01  0.68758193E-02
  0.19600000E+01  0.13800000E+01  0.68869876E-02
  0.19600000E+01  0.14000000E+01  0.68858069E-02
  0.19600000E+01  0.14200000E+01  0.68744686E-02
  0.19600000E+01  0.14400000E+01  0.68582420E-02
  0.19600000E+01  0.14600000E+01  0.68415459E-02
  0.19600000E+01  0.14800000E+01  0.68007754E-02
  0.19600000E+01  0.15000000E+01  0.67174693E-02
  0.19600000E+01  0.15200000E+01  0.68128826E-02
  0.19600000E+01  0.15400000E+01  0.69107734E-02
  0.19600000E+01  0.15600000E+01  0.70117836E-02
  0.19600000E+01  0.15800000E+01  0.71165536E-02
  0.19600000E+01  0.16000000E+01  0.72256571E-02
  0.19600000E+01  0.16200000E+01  0.73395234E-02
  0.19600000E+01  0.16400000E+01  0.74583530E-02
  0.19600000E+01  0.16600000E+01  0.75820298E-02
  0.19600000E+01  0.16800000E+01  0.77100404E-02
  0.19600000E+01  0.17000000E+01  0.78414064E-02
  0.19600000E+01  0.17200000E+01  0.79746432E-02
  0.19600000E+01  0.17400000E+01  0.81077572E-02
  0.19600000E+01  0.17600000E+01  0.82382925E-02
  0.19600000E+01  0.17800000E+01  0.83634405E-02
  0.19600000E+01  0.18000000E+01  0.84802199E-02
  0.19600000E+01  0.18200000E+01  0.85857309E-02
  0.19600000E+01  0.18400000E+01  0.86774788E-02
  0.19600000E+01  0.18600000E+01  0.87537483E-02
  0.19600000E+01  0.18800000E+01  0.88139958E-02
  0.19600000E+01  0.19000000E+01  0.88591998E-02
  0.19600000E+01  0.19200000E+01  0.88920894E-02
  0.19600000E+01  0.19400000E+01  0.89171300E-02
  0.19600000E+01  0.19600000E+01  0.89401200E-02
  0.19600000E+01  0.19800000E+01  0.89672067E-02
  0.19600000E+01  0.20000000E+01  0.90031009E-02
  0.19800000E+01  0.00000000E+00  0.15906491E-02
  0.19800000E+01  0.20000000E-01  0.17210879E-02
  0.19800000E+01  0.39999999E-01  0.18634058E-02
  0.19800000E+01  0.59999999E-01  0.20192655E-02
  0.19800000E+01  0.79999998E-01  0.21878379E-02
  0.19800000E+01  0.99999998E-01  0.23650631E-02
  0.19800000E+01  0.12000000E+00  0.25430897E-02
  0.19800000E+01  0.14000000E+00  0.27100754E-02
  0.19800000E+01  0.16000000E+00  0.28506069E-02
  0.19800000E+01  0.18000000E+00  0.29471095E-02
  0.19800000E+01  0.20000000E+00  0.29828343E-02
  0.19800000E+01  0.22000000E+00  0.29474999E-02
  0.19800000E+01  0.23999999E+00  0.28481219E-02
  0.19800000E+01  0.25999999E+00  0.27330572E-02
  0.19800000E+01  0.27999999E+00  0.28421951E-02
  0.19800000E+01  0.29999999E+00  0.29505365E-02
  0.19800000E+01  0.31999999E+00  0.30593221E-02
  0.19800000E+01  0.33999999E+00  0.31698541E-02
  0.19800000E+01  0.35999999E+00  0.32834105E-02
  0.19800000E+01  0.37999999E+00  0.34011477E-02
  0.19800000E+01  0.39999999E+00  0.35239971E-02
  0.19800000E+01  0.41999999E+00  0.36525620E-02
  0.19800000E+01  0.43999999E+00  0.37870216E-02
  0.19800000E+01  0.45999999E+00  0.39270511E-02
  0.19800000E+01  0.47999999E+00  0.40717677E-02
  0.19800000E+01  0.49999999E+00  0.42197099E-02
  0.19800000E+01  0.51999999E+00  0.43688626E-02
  0.19800000E+01  0.53999999E+00  0.45167323E-02
  0.19800000E+01  0.55999999E+00  0.46604786E-02
  0.19800000E+01  0.57999999E+00  0.47971026E-02
  0.19800000E+01  0.59999999E+00  0.49236847E-02
  0.19800000E+01  0.61999999E+00  0.50376586E-02
  0.19800000E+01  0.63999999E+00  0.51370949E-02
  0.19800000E+01  0.65999999E+00  0.52209589E-02
  0.19800000E+01  0.67999998E+00  0.52892895E-02
  0.19800000E+01  0.69999998E+00  0.53432359E-02
  0.19800000E+01  0.71999998E+00  0.53848764E-02
  0.19800000E+01  0.73999998E+00  0.54167427E-02
  0.19800000E+01  0.75999998E+00  0.54409860E-02
  0.19800000E+01  0.77999998E+00  0.54581624E-02
  0.19800000E+01  0.79999998E+00  0.54657038E-02
  0.19800000E+01  0.81999998E+00  0.54562318E-02
  0.19800000E+01  0.83999998E+00  0.54153050E-02
  0.19800000E+01  0.85999998E+00  0.52959244E-02
  0.19800000E+01  0.87999998E+00  0.53073607E-02
  0.19800000E+01  0.89999998E+00  0.54247323E-02
  0.19800000E+01  0.91999998E+00  0.55410399E-02
  0.19800000E+01  0.93999998E+00  0.56550997E-02
  0.19800000E+01  0.95999998E+00  0.57656796E-02
  0.19800000E+01  0.97999998E+00  0.58715693E-02
  0.19800000E+01  0.99999998E+00  0.59716584E-02
  0.19800000E+01  0.10200000E+01  0.60650179E-02
  0.19800000E+01  0.10400000E+01  0.61509782E-02
  0.19800000E+01  0.10600000E+01  0.62291967E-02
  0.19800000E+01  0.10800000E+01  0.62997071E-02
  0.19800000E+01  0.11000000E+01  0.63629403E-02
  0.19800000E+01  0.11200000E+01  0.64197093E-02
  0.19800000E+01  0.11400000E+01  0.64711498E-02
  0.19800000E+01  0.11600000E+01  0.65186120E-02
  0.19800000E+01  0.11800000E+01  0.65635022E-02
  0.19800000E+01  0.12000000E+01  0.66070823E-02
  0.19800000E+01  0.12200000E+01  0.66502385E-02
  0.19800000E+01  0.12400000E+01  0.66932478E-02
  0.19800000E+01  0.12600000E+01  0.67355816E-02
  0.19800000E+01  0.12800000E+01  0.67757978E-02
  0.19800000E+01  0.13000000E+01  0.68115927E-02
  0.19800000E+01  0.13200000E+01  0.68400857E-02
  0.19800000E+01  0.13400000E+01  0.68584077E-02
  0.19800000E+01  0.13600000E+01  0.68646267E-02
  0.19800000E+01  0.13800000E+01  0.68589341E-02
  0.19800000E+01  0.14000000E+01  0.68447482E-02
  0.19800000E+01  0.14200000E+01  0.68286612E-02
  0.19800000E+01  0.14400000E+01  0.68156295E-02
  0.19800000E+01  0.14600000E+01  0.67782243E-02
  0.19800000E+01  0.14800000E+01  0.66847090E-02
  0.19800000E+01  0.15000000E+01  0.67775769E-02
  0.19800000E+01  0.15200000E+01  0.68728731E-02
  0.19800000E+01  0.15400000E+01  0.69712458E-02
  0.19800000E+01  0.15600000E+01  0.70733310E-02
  0.19800000E+01  0.15800000E+01  0.71796849E-02
  0.19800000E+01  0.16000000E+01  0.72907062E-02
  0.19800000E+01  0.16200000E+01  0.74065512E-02
  0.19800000E+01  0.16400000E+01  0.75270483E-02
  0.19800000E+01  0.16600000E+01  0.76516207E-02
  0.19800000E+01  0.16800000E+01  0.77792250E-02
  0.19800000E+01  0.17000000E+01  0.79083182E-02
  0.19800000E+01  0.17200000E+01  0.80368654E-02
  0.19800000E+01  0.17400000E+01  0.81624000E-02
  0.19800000E+01  0.17600000E+01  0.82821466E-02
  0.19800000E+01  0.17800000E+01  0.83932159E-02
  0.19800000E+01  0.18000000E+01  0.84928709E-02
  0.19800000E+01  0.18200000E+01  0.85788580E-02
  0.19800000E+01  0.18400000E+01  0.86497806E-02
  0.19800000E+01  0.18600000E+01  0.87054773E-02
  0.19800000E+01  0.18800000E+01  0.87473406E-02
  0.19800000E+01  0.19000000E+01  0.87784888E-02
  0.19800000E+01  0.19200000E+01  0.88036687E-02
  0.19800000E+01  0.19400000E+01  0.88287385E-02
  0.19800000E+01  0.19600000E+01  0.88595484E-02
  0.19800000E+01  0.19800000E+01  0.89000200E-02
  0.19800000E+01  0.20000000E+01  0.89491992E-02
  0.20000000E+01  0.00000000E+00  0.16183000E-02
  0.20000000E+01  0.20000000E-01  0.17606542E-02
  0.20000000E+01  0.39999999E-01  0.19168586E-02
  0.20000000E+01  0.59999999E-01  0.20863190E-02
  0.20000000E+01  0.79999998E-01  0.22651444E-02
  0.20000000E+01  0.99999998E-01  0.24455489E-02
  0.20000000E+01  0.12000000E+00  0.26156220E-02
  0.20000000E+01  0.14000000E+00  0.27597301E-02
  0.20000000E+01  0.16000000E+00  0.28599362E-02
  0.20000000E+01  0.18000000E+00  0.28990425E-02
  0.20000000E+01  0.20000000E+00  0.28663763E-02
  0.20000000E+01  0.22000000E+00  0.27689918E-02
  0.20000000E+01  0.23999999E+00  0.26581616E-02
  0.20000000E+01  0.25999999E+00  0.27679917E-02
  0.20000000E+01  0.27999999E+00  0.28768308E-02
  0.20000000E+01  0.29999999E+00  0.29859431E-02
  0.20000000E+01  0.31999999E+00  0.30966620E-02
  0.20000000E+01  0.33999999E+00  0.32103012E-02
  0.20000000E+01  0.35999999E+00  0.33280550E-02
  0.20000000E+01  0.37999999E+00  0.34508926E-02
  0.20000000E+01  0.39999999E+00  0.35794514E-02
  0.20000000E+01  0.41999999E+00  0.37139401E-02
  0.20000000E+01  0.43999999E+00  0.38540565E-02
  0.20000000E+01  0.45999999E+00  0.39989326E-02
  0.20000000E+01  0.47999999E+00  0.41471161E-02
  0.20000000E+01  0.49999999E+00  0.42965961E-02
  0.20000000E+01  0.51999999E+00  0.44448830E-02
  0.20000000E+01  0.53999999E+00  0.45891449E-02
  0.20000000E+01  0.55999999E+00  0.47264015E-02
  0.20000000E+01  0.57999999E+00  0.48537683E-02
  0.20000000E+01  0.59999999E+00  0.49687351E-02
  0.20000000E+01  0.61999999E+00  0.50694524E-02
  0.20000000E+01  0.63999999E+00  0.51549864E-02
  0.20000000E+01  0.65999999E+00  0.52254876E-02
  0.20000000E+01  0.67999998E+00  0.52822079E-02
  0.20000000E+01  0.69999998E+00  0.53272866E-02
  0.20000000E+01  0.71999998E+00  0.53632285E-02
  0.20000000E+01  0.73999998E+00  0.53920110E-02
  0.20000000E+01  0.75999998E+00  0.54138060E-02
  0.20000000E+01  0.77999998E+00  0.54254021E-02
  0.20000000E+01  0.79999998E+00  0.54185336E-02
  0.20000000E+01  0.81999998E+00  0.53778246E-02
  0.20000000E+01  0.83999998E+00  0.52559719E-02
  0.20000000E+01  0.85999998E+00  0.52677907E-02
  0.20000000E+01  0.87999998E+00  0.53867311E-02
  0.20000000E+01  0.89999998E+00  0.55046048E-02
  0.20000000E+01  0.91999998E+00  0.56202323E-02
  0.20000000E+01  0.93999998E+00  0.57323906E-02
  0.20000000E+01  0.95999998E+00  0.58398840E-02
  0.20000000E+01  0.97999998E+00  0.59416218E-02
  0.20000000E+01  0.99999998E+00  0.60366988E-02
  0.20000000E+01  0.10200000E+01  0.61244712E-02
  0.20000000E+01  0.10400000E+01  0.62046216E-02
  0.20000000E+01  0.10600000E+01  0.62772029E-02
  0.20000000E+01  0.10800000E+01  0.63426547E-02
  0.20000000E+01  0.11000000E+01  0.64017810E-02
  0.20000000E+01  0.11200000E+01  0.64556835E-02
  0.20000000E+01  0.11400000E+01  0.65056464E-02
  0.20000000E+01  0.11600000E+01  0.65529724E-02
  0.20000000E+01  0.11800000E+01  0.65987780E-02
  0.20000000E+01  0.12000000E+01  0.66437644E-02
  0.20000000E+01  0.12200000E+01  0.66879930E-02
  0.20000000E+01  0.12400000E+01  0.67307068E-02
  0.20000000E+01  0.12600000E+01  0.67702560E-02
  0.20000000E+01  0.12800000E+01  0.68041965E-02
  0.20000000E+01  0.13000000E+01  0.68296401E-02
  0.20000000E+01  0.13200000E+01  0.68439213E-02
  0.20000000E+01  0.13400000E+01  0.68456062E-02
  0.20000000E+01  0.13600000E+01  0.68357402E-02
  0.20000000E+01  0.13800000E+01  0.68189340E-02
  0.20000000E+01  0.14000000E+01  0.68030714E-02
  0.20000000E+01  0.14200000E+01  0.67936341E-02
  0.20000000E+01  0.14400000E+01  0.67594208E-02
  0.20000000E+01  0.14600000E+01  0.66557548E-02
  0.20000000E+01  0.14800000E+01  0.67462598E-02
  0.20000000E+01  0.15000000E+01  0.68391293E-02
  0.20000000E+01  0.15200000E+01  0.69350175E-02
  0.20000000E+01  0.15400000E+01  0.70345554E-02
  0.20000000E+01  0.15600000E+01  0.71382817E-02
  0.20000000E+01  0.15800000E+01  0.72465637E-02
  0.20000000E+01  0.16000000E+01  0.73595130E-02
  0.20000000E+01  0.16200000E+01  0.74769017E-02
  0.20000000E+01  0.16400000E+01  0.75980884E-02
  0.20000000E+01  0.16600000E+01  0.77219630E-02
  0.20000000E+01  0.16800000E+01  0.78469224E-02
  0.20000000E+01  0.17000000E+01  0.79708881E-02
  0.20000000E+01  0.17200000E+01  0.80913798E-02
  0.20000000E+01  0.17400000E+01  0.82056529E-02
  0.20000000E+01  0.17600000E+01  0.83109071E-02
  0.20000000E+01  0.17800000E+01  0.84045652E-02
  0.20000000E+01  0.18000000E+01  0.84846122E-02
  0.20000000E+01  0.18200000E+01  0.85499687E-02
  0.20000000E+01  0.18400000E+01  0.86008546E-02
  0.20000000E+01  0.18600000E+01  0.86390774E-02
  0.20000000E+01  0.18800000E+01  0.86681481E-02
  0.20000000E+01  0.19000000E+01  0.86931013E-02
  0.20000000E+01  0.19200000E+01  0.87198656E-02
  0.20000000E+01  0.19400000E+01  0.87540096E-02
  0.20000000E+01  0.19600000E+01  0.87986877E-02
  0.20000000E+01  0.19800000E+01  0.88516178E-02
  0.20000000E+01  0.20000000E+01  0.89008994E-02
